date,campaign_name,adset_name,ad_name,impressions,clicks,spend,conversions
2026-08-14,[제과_블트하] 26.07_블트깡출시_수동_전환_image_전체타겟,(시리즈) 맘카페&혜택강조형_블트칩출시 (KR1) (0723),[26.07]F_I_BT혼_전환_블트칩출시_혜택강조형_KR1_.배너_가격실수안내.현장감.확장__김소희_260723_제과_김수정,1316,26,23129.0,0
2026-08-14,[칩] (마스터ASC)[제과_블트하] 26.07_블트칩출시_ASC_전환_video,[칩] (마스터ASC)[제과_블트하] 26.07_블트칩출시_ASC_전환_video,[26.07]F_V_BT칩_전환_블트칩출시_쩜오건_미쯔BP.KR1_main.릴스_대세감.꿀조합.X_2P_최나영_260724_제과_윤성미,13,0,84.0,0
2026-08-14,(ASC) [제과_블트하] 26.07_블트칩출시_ASC_전환_image,(ASC)[제과_블트하] 26.07_블트칩출시_ASC_전환_image,[26.07]F_I_BT혼_전환_블트칩출시_혜택강조형_KR2_.피드_주변인.동료.확장__김소희_260727_제과_박지현,1,0,20.0,0
2026-08-14,(ASC) [제과_블트하] 26.07_블트칩출시_ASC_전환_image,(ASC)[제과_블트하] 26.07_블트칩출시_ASC_전환_image,[26.07]F_I_BT칩_전환_블트칩출시_혜택강조형_KR2_.릴스_안다르bp.시댁에서맛잘알며느리.__김소희_260729_제과_박서연,6,0,143.0,0
2026-08-14,(ASC) [제과_블트하] 26.07_블트깡출시_ASC_전환_image,(ASC)[제과_블트하] 26.07_블트깡출시_ASC_전환_image,[26.07]F_I_BT혼_전환_블트칩출시_혜택강조형_KR2_.배너_더보내달라연락온1천원대.쌀때쟁이세요.__김소희_260803_제과_김수정,309,0,3895.0,1
2026-08-14,[제과_블트하] 26.07_블트깡출시_수동_전환_video_전체타겟,0807_인덕션BP_블트칩출시 (KR1),[26.08]F_V_BT칩_전환_블트칩출시_신규BP_인덕션BP.KR1_var3.릴스_조합취식.X_1P_김소희_260807_제과_이봄1,5518,233,159173.0,10
2026-08-14,[제과_블트하] 26.07_블트깡출시_수동_전환_video_전체타겟,0811_라이브커머스형_블트깡출시 (KR1),[26.08]F_V_BT깡_전환_블트깡출시_라이브커머스형_라이브커머스형.KR1_var5.릴스_전체.맛비주얼.슬기.X_1P_김소희_260812_제과_피재은,249,4,6455.0,0
2026-08-14,[제과_블트하] 26.07_블트깡출시_수동_전환_image_전체타겟,0813_이국주(~0912)_블트칩출시 (KR2),[26.08]F_I_BT깡_전환_블트칩출시_유명인권위형_이국주.KR2_.릴스_엄마들유행이라던데.__김소희_260814_제과_김수정,11,0,140.0,0
2026-08-15,[제과_블트하] 26.07_블트깡출시_수동_전환_image_전체타겟,(시리즈) 맘카페&혜택강조형_블트칩출시 (KR1) (0723),[26.07]F_I_BT혼_전환_블트칩출시_혜택강조형_KR1_.배너_가격실수안내.현장감.확장__김소희_260723_제과_김수정,16989,428,396367.0,39
2026-08-15,(ASC) [제과_블트하] 26.07_블트칩출시_ASC_전환_image,(ASC)[제과_블트하] 26.07_블트칩출시_ASC_전환_image,[26.07]F_I_BT칩_전환_블트칩출시_혜택강조형_KR2_.릴스_안다르bp.시댁에서맛잘알며느리.__김소희_260729_제과_박서연,3,0,44.0,0
2026-08-15,(ASC) [제과_블트하] 26.07_블트깡출시_ASC_전환_image,(ASC)[제과_블트하] 26.07_블트깡출시_ASC_전환_image,[26.07]F_I_BT혼_전환_블트칩출시_혜택강조형_KR2_.배너_더보내달라연락온1천원대.쌀때쟁이세요.__김소희_260803_제과_김수정,126,1,2210.0,0
2026-08-15,[제과_블트하] 26.07_블트깡출시_수동_전환_video_전체타겟,0807_인덕션BP_블트칩출시 (KR1),[26.08]F_V_BT칩_전환_블트칩출시_신규BP_인덕션BP.KR1_var3.릴스_조합취식.X_1P_김소희_260807_제과_이봄1,21872,1073,767461.0,65
2026-08-15,[제과_블트하] 26.07_블트깡출시_수동_전환_video_전체타겟,0811_라이브커머스형_블트깡출시 (KR1),[26.08]F_V_BT깡_전환_블트깡출시_라이브커머스형_라이브커머스형.KR1_var5.릴스_전체.맛비주얼.슬기.X_1P_김소희_260812_제과_피재은,259,3,7223.0,0
2026-08-15,[제과_블트하] 26.07_블트깡출시_수동_전환_video_전체타겟,0814_고효율재편집_블트깡출시,[26.08]F_V_BT깡_전환_블트깡출시_쩜오건_이국주.KR1_var2.릴스_초코송이BP.(재)_1P_최나영_260814_제과_문형민,28,0,421.0,0
2026-08-15,(마스터ASC)[제과_블트하] 26.08_블트깡출시_ASC_전환_image,(마스터ASC)[제과_블트하] 26.08_블트하출시_ASC_전환_image,[26.08]F_I_BT깡_전환_블트칩출시_혜택강조형_이국주_.배너_이국주도찾기힘들었다는.__김소희_260814_제과_김수정,24,0,199.0,0
2026-08-15,[제과_블트하] 26.07_블트깡출시_수동_전환_image_전체타겟,0813_이국주(~0912)_블트칩출시 (KR2),[26.08]F_I_BT깡_전환_블트칩출시_유명인권위형_이국주.KR2_.릴스_엄마들유행이라던데.__김소희_260814_제과_김수정,244,3,8301.0,1
2026-08-16,[제과_블트하] 26.07_블트깡출시_수동_전환_image_전체타겟,(시리즈) 맘카페&혜택강조형_블트칩출시 (KR1) (0723),[26.07]F_I_BT혼_전환_블트칩출시_혜택강조형_KR1_.배너_가격실수안내.현장감.확장__김소희_260723_제과_김수정,15076,478,402429.0,36
2026-08-16,[칩] (마스터ASC)[제과_블트하] 26.07_블트칩출시_ASC_전환_video,[칩] (마스터ASC)[제과_블트하] 26.07_블트칩출시_ASC_전환_video,[26.07]F_V_BT칩_전환_블트칩출시_쩜오건_미쯔BP.KR1_main.릴스_대세감.꿀조합.X_2P_최나영_260724_제과_윤성미,2,0,59.0,0
2026-08-16,(ASC) [제과_블트하] 26.07_블트깡출시_ASC_전환_image,(ASC)[제과_블트하] 26.07_블트깡출시_ASC_전환_image,[26.07]F_I_BT혼_전환_블트칩출시_혜택강조형_KR2_.배너_더보내달라연락온1천원대.쌀때쟁이세요.__김소희_260803_제과_김수정,426,8,12490.0,2
2026-08-16,[제과_블트하] 26.07_블트깡출시_수동_전환_video_전체타겟,0807_인덕션BP_블트칩출시 (KR1),[26.08]F_V_BT칩_전환_블트칩출시_신규BP_인덕션BP.KR1_var3.릴스_조합취식.X_1P_김소희_260807_제과_이봄1,15148,650,482206.0,26
2026-08-16,[제과_블트하] 26.07_블트깡출시_수동_전환_video_전체타겟,0811_라이브커머스형_블트깡출시 (KR1),[26.08]F_V_BT깡_전환_블트깡출시_라이브커머스형_라이브커머스형.KR1_var5.릴스_전체.맛비주얼.슬기.X_1P_김소희_260812_제과_피재은,5946,103,144927.0,12
2026-08-16,[제과_블트하] 26.07_블트깡출시_수동_전환_video_전체타겟,0814_고효율재편집_블트깡출시,[26.08]F_V_BT깡_전환_블트깡출시_쩜오건_이국주.KR1_var2.릴스_초코송이BP.(재)_1P_최나영_260814_제과_문형민,21,0,709.0,0
2026-08-16,(마스터ASC)[제과_블트하] 26.08_블트깡출시_ASC_전환_image,(마스터ASC)[제과_블트하] 26.08_블트하출시_ASC_전환_image,[26.08]F_I_BT깡_전환_블트칩출시_혜택강조형_이국주_.배너_이국주도찾기힘들었다는.__김소희_260814_제과_김수정,2,0,27.0,0
2026-08-16,[제과_블트하] 26.07_블트깡출시_수동_전환_image_전체타겟,0813_이국주(~0912)_블트칩출시 (KR2),[26.08]F_I_BT깡_전환_블트칩출시_유명인권위형_이국주.KR2_.릴스_엄마들유행이라던데.__김소희_260814_제과_김수정,168,3,5822.0,0
2026-08-17,[제과_블트하] 26.07_블트깡출시_수동_전환_image_전체타겟,(시리즈) 맘카페&혜택강조형_블트칩출시 (KR1) (0723),[26.07]F_I_BT혼_전환_블트칩출시_혜택강조형_KR1_.배너_가격실수안내.현장감.확장__김소희_260723_제과_김수정,12485,367,271327.0,19
2026-08-17,[칩] (마스터ASC)[제과_블트하] 26.07_블트칩출시_ASC_전환_video,[칩] (마스터ASC)[제과_블트하] 26.07_블트칩출시_ASC_전환_video,[26.07]F_V_BT칩_전환_블트칩출시_쩜오건_미쯔BP.KR1_main.릴스_대세감.꿀조합.X_2P_최나영_260724_제과_윤성미,16,2,284.0,0
2026-08-17,(ASC) [제과_블트하] 26.07_블트칩출시_ASC_전환_image,(ASC)[제과_블트하] 26.07_블트칩출시_ASC_전환_image,[26.07]F_I_BT혼_전환_블트칩출시_혜택강조형_KR2_.피드_주변인.동료.확장__김소희_260727_제과_박지현,1,0,9.0,0
2026-08-17,(ASC) [제과_블트하] 26.07_블트깡출시_ASC_전환_image,(ASC)[제과_블트하] 26.07_블트깡출시_ASC_전환_image,[26.07]F_I_BT혼_전환_블트칩출시_혜택강조형_KR2_.배너_더보내달라연락온1천원대.쌀때쟁이세요.__김소희_260803_제과_김수정,371,5,7163.0,0
2026-08-17,[제과_블트하] 26.07_블트깡출시_수동_전환_video_전체타겟,0807_인덕션BP_블트칩출시 (KR1),[26.08]F_V_BT칩_전환_블트칩출시_신규BP_인덕션BP.KR1_var3.릴스_조합취식.X_1P_김소희_260807_제과_이봄1,12548,679,452027.0,39
2026-08-17,[제과_블트하] 26.07_블트깡출시_수동_전환_video_전체타겟,0811_라이브커머스형_블트깡출시 (KR1),[26.08]F_V_BT깡_전환_블트깡출시_라이브커머스형_라이브커머스형.KR1_var5.릴스_전체.맛비주얼.슬기.X_1P_김소희_260812_제과_피재은,2838,49,68261.0,3
2026-08-17,[제과_블트하] 26.07_블트깡출시_수동_전환_video_전체타겟,0814_고효율재편집_블트깡출시,[26.08]F_V_BT깡_전환_블트깡출시_쩜오건_이국주.KR1_var2.릴스_초코송이BP.(재)_1P_최나영_260814_제과_문형민,3,0,104.0,0
2026-08-17,(마스터ASC)[제과_블트하] 26.08_블트깡출시_ASC_전환_image,(마스터ASC)[제과_블트하] 26.08_블트하출시_ASC_전환_image,[26.08]F_I_BT깡_전환_블트칩출시_혜택강조형_이국주_.배너_이국주도찾기힘들었다는.__김소희_260814_제과_김수정,1,0,6.0,0
2026-08-17,[제과_블트하] 26.07_블트깡출시_수동_전환_image_전체타겟,0813_이국주(~0912)_블트칩출시 (KR2),[26.08]F_I_BT깡_전환_블트칩출시_유명인권위형_이국주.KR2_.릴스_엄마들유행이라던데.__김소희_260814_제과_김수정,268,3,8280.0,0
2026-08-14,(ASC) [제과_블트하] 26.07_블트칩출시_ASC_전환_image,(ASC)[제과_블트하] 26.07_블트칩출시_ASC_전환_image,[26.07]F_I_BT칩_전환_블트칩출시_바이럴형_KR1_.피드_남편인정.야구장.확장__김소희_260727_제과_김수정,36,2,632.0,1
2026-08-14,(ASC) [제과_블트하] 26.07_블트깡출시_ASC_전환_image,(ASC)[제과_블트하] 26.07_블트깡출시_ASC_전환_image,[26.07]F_I_BT깡_전환_블트칩출시_혜택강조형_KR2_.배너_집들이때꺼냈다가.__최나영_260730_제과_김수정,57,0,616.0,0
2026-08-14,(ASC) [제과_블트하] 26.07_블트깡출시_ASC_전환_image,(ASC)[제과_블트하] 26.07_블트깡출시_ASC_전환_image,[26.07]F_I_BT칩_전환_블트칩출시_혜택강조형_KR1_.배너_마진포기.__김소희_260731_제과_김수정,6,0,156.0,0
2026-08-14,(마스터ASC)[제과_블트하] 26.07_블트깡출시_ASC_전환_video,(마스터ASC)[제과_블트하] 26.07_블트깡출시_ASC_전환_video,[26.08]F_V_BT깡_전환_블트깡출시_라이브커머스형_라이브커머스형.KR1_var5.릴스_전체.맛비주얼.슬기.X_1P_김소희_260812_제과_피재은,16,0,322.0,0
2026-08-14,[제과_블트하] 26.07_블트깡출시_수동_전환_image_전체타겟,0813_이국주(~0912)_블트칩출시 (KR1),[26.08]F_I_BT깡_전환_블트칩출시_유명인권위형_이국주.KR1_.릴스_알고리즘평정.유행강조.__김소희_260814_제과_김수정,54,1,930.0,0
2026-08-15,(ASC) [제과_블트하] 26.07_블트칩출시_ASC_전환_image,(ASC)[제과_블트하] 26.07_블트칩출시_ASC_전환_image,[26.07]F_I_BT칩_전환_블트칩출시_바이럴형_KR1_.피드_남편인정.야구장.확장__김소희_260727_제과_김수정,10,0,47.0,0
2026-08-15,(ASC) [제과_블트하] 26.07_블트깡출시_ASC_전환_image,(ASC)[제과_블트하] 26.07_블트깡출시_ASC_전환_image,[26.07]F_I_BT칩_전환_블트칩출시_혜택강조형_KR1_.배너_공지문.사과문.__최나영_260730_제과_김수정,127,2,2504.0,0
2026-08-15,(ASC) [제과_블트하] 26.07_블트깡출시_ASC_전환_image,(ASC)[제과_블트하] 26.07_블트깡출시_ASC_전환_image,[26.07]F_I_BT칩_전환_블트칩출시_혜택강조형_KR1_.배너_마진포기.__김소희_260731_제과_김수정,104,1,1318.0,0
2026-08-15,[제과_블트하] 26.07_블트깡출시_수동_전환_image_전체타겟,0813_이국주(~0912)_블트칩출시 (KR1),[26.08]F_I_BT깡_전환_블트칩출시_유명인권위형_이국주.KR1_.릴스_알고리즘평정.유행강조.__김소희_260814_제과_김수정,58,0,1313.0,0
2026-08-15,(마스터ASC)[제과_블트하] 26.07_블트깡출시_ASC_전환_video,(마스터ASC)[제과_블트하] 26.07_블트깡출시_ASC_전환_video,[26.08]F_V_BT혼_전환_블트칩출시_신규BP_젤리백BP.이국주.KR1_main.릴스_본론.여러가지.X_2P_최나영_260814_제과_이봄1,7,0,82.0,0
2026-08-16,(ASC) [제과_블트하] 26.07_블트깡출시_ASC_전환_image,(ASC)[제과_블트하] 26.07_블트깡출시_ASC_전환_image,[26.07]F_I_BT칩_전환_블트칩출시_혜택강조형_KR1_.배너_공지문.사과문.__최나영_260730_제과_김수정,379,3,7537.0,0
2026-08-16,(ASC) [제과_블트하] 26.07_블트깡출시_ASC_전환_image,(ASC)[제과_블트하] 26.07_블트깡출시_ASC_전환_image,[26.07]F_I_BT깡_전환_블트칩출시_혜택강조형_KR2_.배너_집들이때꺼냈다가.__최나영_260730_제과_김수정,1,0,4.0,0
2026-08-16,(ASC) [제과_블트하] 26.07_블트깡출시_ASC_전환_image,(ASC)[제과_블트하] 26.07_블트깡출시_ASC_전환_image,[26.07]F_I_BT칩_전환_블트칩출시_혜택강조형_KR1_.배너_마진포기.__김소희_260731_제과_김수정,84,0,1464.0,0
2026-08-16,(마스터ASC)[제과_블트하] 26.07_블트깡출시_ASC_전환_video,(마스터ASC)[제과_블트하] 26.07_블트깡출시_ASC_전환_video,[26.08]F_V_BT깡_전환_블트깡출시_라이브커머스형_라이브커머스형.KR1_var5.릴스_전체.맛비주얼.슬기.X_1P_김소희_260812_제과_피재은,1,0,13.0,0
2026-08-16,[제과_블트하] 26.07_블트깡출시_수동_전환_image_전체타겟,0813_이국주(~0912)_블트칩출시 (KR1),[26.08]F_I_BT깡_전환_블트칩출시_유명인권위형_이국주.KR1_.릴스_알고리즘평정.유행강조.__김소희_260814_제과_김수정,31,1,1148.0,0
2026-08-16,(마스터ASC)[제과_블트하] 26.07_블트깡출시_ASC_전환_video,(마스터ASC)[제과_블트하] 26.07_블트깡출시_ASC_전환_video,[26.08]F_V_BT혼_전환_블트칩출시_신규BP_젤리백BP.이국주.KR1_main.릴스_본론.여러가지.X_2P_최나영_260814_제과_이봄1,18,0,166.0,0
2026-08-17,(ASC) [제과_블트하] 26.07_블트칩출시_ASC_전환_image,(ASC)[제과_블트하] 26.07_블트칩출시_ASC_전환_image,[26.07]F_I_BT칩_전환_블트칩출시_바이럴형_KR1_.피드_남편인정.야구장.확장__김소희_260727_제과_김수정,1,0,9.0,0
2026-08-17,(ASC) [제과_블트하] 26.07_블트깡출시_ASC_전환_image,(ASC)[제과_블트하] 26.07_블트깡출시_ASC_전환_image,[26.07]F_I_BT칩_전환_블트칩출시_혜택강조형_KR1_.배너_공지문.사과문.__최나영_260730_제과_김수정,783,11,14277.0,1
2026-08-17,(ASC) [제과_블트하] 26.07_블트깡출시_ASC_전환_image,(ASC)[제과_블트하] 26.07_블트깡출시_ASC_전환_image,[26.07]F_I_BT칩_전환_블트칩출시_혜택강조형_KR1_.배너_마진포기.__김소희_260731_제과_김수정,105,0,1512.0,0
2026-08-17,(마스터ASC)[제과_블트하] 26.08_블트깡출시_ASC_전환_image,(마스터ASC)[제과_블트하] 26.08_블트하출시_ASC_전환_image,[26.08]F_I_BT칩_전환_블트칩출시_혜택강조형_KR1_.릴스_시간한정강조.와인바안주퀄리티.__김소희_260807_제과_김수정,1,0,7.0,0
2026-08-17,(마스터ASC)[제과_블트하] 26.07_블트깡출시_ASC_전환_video,(마스터ASC)[제과_블트하] 26.07_블트깡출시_ASC_전환_video,[26.08]F_V_BT깡_전환_블트깡출시_라이브커머스형_라이브커머스형.KR1_var5.릴스_전체.맛비주얼.슬기.X_1P_김소희_260812_제과_피재은,13,0,487.0,0
2026-08-17,[제과_블트하] 26.07_블트깡출시_수동_전환_image_전체타겟,0813_이국주(~0912)_블트칩출시 (KR1),[26.08]F_I_BT깡_전환_블트칩출시_유명인권위형_이국주.KR1_.릴스_알고리즘평정.유행강조.__김소희_260814_제과_김수정,37,0,1026.0,0
2026-08-14,(ASC) [제과_블트하] 26.07_블트칩출시_ASC_전환_image,(ASC)[제과_블트하] 26.07_블트칩출시_ASC_전환_image,[26.07]F_I_BT깡_전환_블트깡출시_바이럴형_KR1_.피드_남편인정.육퇴.확장__김소희_260727_제과_김수정,3,0,26.0,0
2026-08-14,(ASC) [제과_블트하] 26.07_블트칩출시_ASC_전환_image,(ASC)[제과_블트하] 26.07_블트칩출시_ASC_전환_image,[26.07]F_I_BT깡_전환_블트칩출시_혜택강조형_KR1_.릴스_봉지뜯자마자뺏긴.__김소희_260729_제과_김수정,1179,6,14550.0,0
2026-08-14,(ASC) [제과_블트하] 26.07_블트칩출시_ASC_전환_image,(ASC)[제과_블트하] 26.07_블트칩출시_ASC_전환_image,[26.07]F_I_BT칩_전환_블트칩출시_혜택강조형_KR2_.릴스_안다르bp.지금쟁이는게이득.__김소희_260729_제과_박서연,10,0,102.0,0
2026-08-14,(ASC) [제과_블트하] 26.07_블트칩출시_ASC_전환_image,(ASC)[제과_블트하] 26.07_블트칩출시_ASC_전환_image,[26.07]F_I_BT깡_전환_블트칩출시_혜택강조형_KR2_.릴스_모션.탕비실채우는족족.__김소희_260729_제과_박서연,4,1,246.0,0
2026-08-14,[제과_블트하] 26.07_블트깡출시_수동_전환_image_전체타겟,0813_이국주(~0912)_블트칩출시 (KR2),[26.08]F_I_BT깡_전환_블트칩출시_유명인권위형_이국주.KR2_.배너_희소성.주부인플루언서.__김소희_260813_제과_김수정,501,7,9270.0,2
2026-08-15,(ASC) [제과_블트하] 26.07_블트칩출시_ASC_전환_image,(ASC)[제과_블트하] 26.07_블트칩출시_ASC_전환_image,[26.07]F_I_BT깡_전환_블트깡출시_바이럴형_KR1_.피드_남편인정.육퇴.확장__김소희_260727_제과_김수정,10,0,78.0,0
2026-08-15,(ASC) [제과_블트하] 26.07_블트칩출시_ASC_전환_image,(ASC)[제과_블트하] 26.07_블트칩출시_ASC_전환_image,[26.07]F_I_BT칩_전환_블트칩출시_혜택강조형_KR2_.릴스_안다르bp.지금쟁이는게이득.__김소희_260729_제과_박서연,2,0,294.0,0
2026-08-15,(ASC) [제과_블트하] 26.07_블트깡출시_ASC_전환_image,(ASC)[제과_블트하] 26.07_블트깡출시_ASC_전환_image,[26.07]F_I_BT칩_전환_블트칩출시_혜택강조형_KR2_.배너_늘나눠먹던남편.__최나영_260730_제과_김수정,57,1,620.0,0
2026-08-15,[칩] (마스터ASC)[제과_블트하] 26.07_블트칩출시_ASC_전환_video,[칩] (마스터ASC)[제과_블트하] 26.07_블트칩출시_ASC_전환_video,[26.08]F_V_BT혼_전환_블트칩출시_신규BP_풀리오BP.KR1_var3.릴스_맛충동후킹.남편.X_2P_최나영_260801_제과_이봄1,3,0,13.0,0
2026-08-15,(ASC) [제과_블트하] 26.07_블트칩출시_ASC_전환_image,(ASC)[제과_블트하] 26.07_블트칩출시_ASC_전환_image,[26.07]F_I_BT혼_전환_블트칩출시_혜택강조형_KR1_.배너_공지문.입짧은남편돈값제대로.__김소희_260803_제과_김수정,37,1,459.0,0
2026-08-15,[제과_블트하] 26.07_블트깡출시_수동_전환_image_전체타겟,0813_이국주(~0912)_블트칩출시 (KR2),[26.08]F_I_BT깡_전환_블트칩출시_유명인권위형_이국주.KR2_.배너_희소성.주부인플루언서.__김소희_260813_제과_김수정,192,1,4675.0,0
2026-08-15,(마스터ASC)[제과_블트하] 26.08_블트깡출시_ASC_전환_image,(마스터ASC)[제과_블트하] 26.08_블트하출시_ASC_전환_image,[26.08]F_I_BT깡_전환_블트칩출시_유명인권위형_이국주.KR1_.릴스_품절대란이라.유행강조.__김소희_260814_제과_김수정,4,0,23.0,0
2026-08-15,(마스터ASC)[제과_블트하] 26.08_블트깡출시_ASC_전환_image,(마스터ASC)[제과_블트하] 26.08_블트하출시_ASC_전환_image,[26.08]F_I_BT깡_전환_블트칩출시_유명인권위형_이국주.KR2_.릴스_없어서못사먹는다는.유행강조.__김소희_260814_제과_김수정,1,0,49.0,0
2026-08-16,[칩] (마스터ASC)[제과_블트하] 26.07_블트칩출시_ASC_전환_video,[칩] (마스터ASC)[제과_블트하] 26.07_블트칩출시_ASC_전환_video,[26.08]F_V_BT혼_전환_블트칩출시_신규BP_풀리오BP.KR1_var3.릴스_맛충동후킹.남편.X_2P_최나영_260801_제과_이봄1,1,0,24.0,0
2026-08-16,[제과_블트하] 26.07_블트깡출시_수동_전환_image_전체타겟,0813_이국주(~0912)_블트칩출시 (KR2),[26.08]F_I_BT깡_전환_블트칩출시_유명인권위형_이국주.KR2_.배너_희소성.주부인플루언서.__김소희_260813_제과_김수정,46,0,1472.0,0
2026-08-16,(마스터ASC)[제과_블트하] 26.08_블트깡출시_ASC_전환_image,(마스터ASC)[제과_블트하] 26.08_블트하출시_ASC_전환_image,[26.08]F_I_BT깡_전환_블트칩출시_유명인권위형_이국주.KR1_.릴스_품절대란이라.유행강조.__김소희_260814_제과_김수정,6,0,16.0,0
2026-08-17,(마스터ASC)[제과_블트하] 26.07_블트깡출시_ASC_전환_video,(마스터ASC)[제과_블트하] 26.07_블트깡출시_ASC_전환_video,[26.07]F_V_BT깡_전환_블트깡출시_쩜오건_대세감실체.KR1_var1.릴스_유명남돌라방.X_1P_김소희_260715_제과_문형민,1,0,15.0,0
2026-08-17,(ASC) [제과_블트하] 26.07_블트칩출시_ASC_전환_image,(ASC)[제과_블트하] 26.07_블트칩출시_ASC_전환_image,[26.07]F_I_BT칩_전환_블트칩출시_혜택강조형_KR2_.릴스_안다르bp.지금쟁이는게이득.__김소희_260729_제과_박서연,2,0,117.0,0
2026-08-17,(ASC) [제과_블트하] 26.07_블트깡출시_ASC_전환_image,(ASC)[제과_블트하] 26.07_블트깡출시_ASC_전환_image,[26.07]F_I_BT칩_전환_블트칩출시_혜택강조형_KR2_.배너_늘나눠먹던남편.__최나영_260730_제과_김수정,5,0,23.0,0
2026-08-17,[칩] (마스터ASC)[제과_블트하] 26.07_블트칩출시_ASC_전환_video,[칩] (마스터ASC)[제과_블트하] 26.07_블트칩출시_ASC_전환_video,[26.08]F_V_BT혼_전환_블트칩출시_신규BP_풀리오BP.KR1_var3.릴스_맛충동후킹.남편.X_2P_최나영_260801_제과_이봄1,9,0,233.0,0
2026-08-17,(ASC) [제과_블트하] 26.07_블트칩출시_ASC_전환_image,(ASC)[제과_블트하] 26.07_블트칩출시_ASC_전환_image,[26.07]F_I_BT혼_전환_블트칩출시_혜택강조형_KR1_.배너_공지문.입짧은남편돈값제대로.__김소희_260803_제과_김수정,396,9,8461.0,1
2026-08-17,[제과_블트하] 26.07_블트깡출시_수동_전환_image_전체타겟,0813_이국주(~0912)_블트칩출시 (KR2),[26.08]F_I_BT깡_전환_블트칩출시_유명인권위형_이국주.KR2_.배너_희소성.주부인플루언서.__김소희_260813_제과_김수정,181,3,4398.0,1
2026-08-17,(마스터ASC)[제과_블트하] 26.08_블트깡출시_ASC_전환_image,(마스터ASC)[제과_블트하] 26.08_블트하출시_ASC_전환_image,[26.08]F_I_BT깡_전환_블트칩출시_유명인권위형_이국주.KR1_.릴스_품절대란이라.유행강조.__김소희_260814_제과_김수정,1,0,44.0,0
2026-08-14,(ASC) [제과_블트하] 26.07_블트깡출시_ASC_전환_image,(ASC)[제과_블트하] 26.07_블트깡출시_ASC_전환_image,[26.07]F_I_BT깡_전환_블트깡출시_바이럴형_KR1_.릴스_맘카페페르소나.지면테스트.재입고만기다린다는.검증__김소희_260721_제과_김수정,208,0,3431.0,0
2026-08-14,(ASC) [제과_블트하] 26.07_블트칩출시_ASC_전환_image,(ASC)[제과_블트하] 26.07_블트칩출시_ASC_전환_image,[26.07]F_I_BT칩_전환_블트칩출시_혜택강조형_KR2_.릴스_안다르bp.쌀때쟁이세요.__김소희_260729_제과_박서연,141,4,2997.0,0
2026-08-14,(마스터ASC)[제과_블트하] 26.07_블트깡출시_ASC_전환_video,(마스터ASC)[제과_블트하] 26.07_블트깡출시_ASC_전환_video,[26.08]F_V_BT깡_전환_블트깡출시_라이브커머스형_라이브커머스형.KR1_var10.릴스_가격강조.취식.슬기.X_1P_김소희_260812_제과_피재은,1,0,6.0,0
2026-08-14,(마스터ASC)[제과_블트하] 26.08_블트깡출시_ASC_전환_image,(마스터ASC)[제과_블트하] 26.08_블트하출시_ASC_전환_image,[26.08]F_I_BT깡_전환_블트칩출시_유명인권위형_이국주.KR2_.배너_희소성.편의점주.__김소희_260813_제과_김수정,6,0,67.0,0
2026-08-14,(마스터ASC)[제과_블트하] 26.08_블트깡출시_ASC_전환_image,(마스터ASC)[제과_블트하] 26.08_블트하출시_ASC_전환_image,[26.08]F_I_BT깡_전환_블트칩출시_유명인권위형_이국주.KR1_.배너_공지문.트러플하몽계1등.__김소희_260813_제과_김수정,8,0,97.0,0
2026-08-15,(ASC) [제과_블트하] 26.07_블트깡출시_ASC_전환_image,(ASC)[제과_블트하] 26.07_블트깡출시_ASC_전환_image,[26.07]F_I_BT깡_전환_블트깡출시_바이럴형_KR1_.릴스_맘카페페르소나.지면테스트.재입고만기다린다는.검증__김소희_260721_제과_김수정,12,0,115.0,0
2026-08-15,(ASC) [제과_블트하] 26.07_블트칩출시_ASC_전환_image,(ASC)[제과_블트하] 26.07_블트칩출시_ASC_전환_image,[26.07]F_I_BT칩_전환_블트칩출시_혜택강조형_KR2_.릴스_안다르bp.쌀때쟁이세요.__김소희_260729_제과_박서연,88,1,1990.0,0
2026-08-15,(마스터ASC)[제과_블트하] 26.08_블트깡출시_ASC_전환_image,(마스터ASC)[제과_블트하] 26.08_블트하출시_ASC_전환_image,[26.08]F_I_BT깡_전환_블트칩출시_유명인권위형_이국주.KR1_.배너_공지문.트러플하몽계1등.__김소희_260813_제과_김수정,2,0,8.0,0
2026-08-16,(ASC) [제과_블트하] 26.07_블트깡출시_ASC_전환_image,(ASC)[제과_블트하] 26.07_블트깡출시_ASC_전환_image,[26.07]F_I_BT깡_전환_블트깡출시_바이럴형_KR1_.릴스_맘카페페르소나.지면테스트.재입고만기다린다는.검증__김소희_260721_제과_김수정,24,1,660.0,0
2026-08-16,(ASC) [제과_블트하] 26.07_블트칩출시_ASC_전환_image,(ASC)[제과_블트하] 26.07_블트칩출시_ASC_전환_image,[26.07]F_I_BT칩_전환_블트칩출시_혜택강조형_KR2_.릴스_안다르bp.쌀때쟁이세요.__김소희_260729_제과_박서연,47,0,1053.0,0
2026-08-16,(마스터ASC)[제과_블트하] 26.08_블트깡출시_ASC_전환_image,(마스터ASC)[제과_블트하] 26.08_블트하출시_ASC_전환_image,[26.08]F_I_BT깡_전환_블트칩출시_유명인권위형_이국주.KR1_.배너_공지문.트러플하몽계1등.__김소희_260813_제과_김수정,5,0,30.0,0
2026-08-17,(ASC) [제과_블트하] 26.07_블트칩출시_ASC_전환_image,(ASC)[제과_블트하] 26.07_블트칩출시_ASC_전환_image,[26.07]F_I_BT칩_전환_블트칩출시_혜택강조형_KR2_.릴스_안다르bp.쌀때쟁이세요.__김소희_260729_제과_박서연,96,4,2904.0,0
2026-08-14,(ASC) [제과_블트하] 26.07_블트칩출시_ASC_전환_image,(ASC)[제과_블트하] 26.07_블트칩출시_ASC_전환_image,[26.07]F_I_BT칩_전환_블트칩출시_혜택강조형_KR2_.피드_주변인.집들이안주.확장__김소희_260727_제과_박서연,2,0,25.0,0
2026-08-14,(ASC) [제과_블트하] 26.07_블트칩출시_ASC_전환_image,(ASC)[제과_블트하] 26.07_블트칩출시_ASC_전환_image,[26.07]F_I_BT칩_전환_블트칩출시_바이럴형_KR1_.피드_남편인정.친구모임.확장__김소희_260727_제과_김수정,2,0,11.0,0
2026-08-15,(ASC) [제과_블트하] 26.07_블트칩출시_ASC_전환_image,(ASC)[제과_블트하] 26.07_블트칩출시_ASC_전환_image,[26.07]F_I_BT칩_전환_블트칩출시_혜택강조형_KR2_.피드_주변인.집들이안주.확장__김소희_260727_제과_박서연,20,0,302.0,0
2026-08-15,(ASC) [제과_블트하] 26.07_블트칩출시_ASC_전환_image,(ASC)[제과_블트하] 26.07_블트칩출시_ASC_전환_image,[26.07]F_I_BT칩_전환_블트칩출시_혜택강조형_KR2_.릴스_모션.시댁갈때맛잘알.__김소희_260729_제과_박서연,223,3,5878.0,0
2026-08-15,(ASC) [제과_블트하] 26.07_블트깡출시_ASC_전환_image,(ASC)[제과_블트하] 26.07_블트깡출시_ASC_전환_image,[26.07]F_I_BT혼_전환_블트칩출시_혜택강조형_KR2_.배너_공지문.3분할.__김소희_260731_제과_김수정,35,0,347.0,0
2026-08-15,(마스터ASC)[제과_블트하] 26.08_블트깡출시_ASC_전환_image,(마스터ASC)[제과_블트하] 26.08_블트하출시_ASC_전환_image,[26.08]F_I_BT깡_전환_블트칩출시_유명인권위형_이국주.KR1_.릴스_혜택맛비주얼강조.호불호없는.__김소희_260813_제과_김수정,5,0,22.0,0
2026-08-15,(마스터ASC)[제과_블트하] 26.08_블트깡출시_ASC_전환_image,(마스터ASC)[제과_블트하] 26.08_블트하출시_ASC_전환_image,[26.08]F_I_BT깡_전환_블트칩출시_유명인권위형_이국주.KR1_.릴스_희소성.유행강조.__김소희_260814_제과_김수정,11,0,213.0,0
2026-08-16,(ASC) [제과_블트하] 26.07_블트칩출시_ASC_전환_image,(ASC)[제과_블트하] 26.07_블트칩출시_ASC_전환_image,[26.07]F_I_BT깡_전환_블트칩출시_혜택강조형_KR2_.릴스_모션.집들이때가져가면.__김소희_260729_제과_박서연,1,0,21.0,0
2026-08-16,(ASC) [제과_블트하] 26.07_블트칩출시_ASC_전환_image,(ASC)[제과_블트하] 26.07_블트칩출시_ASC_전환_image,[26.07]F_I_BT칩_전환_블트칩출시_혜택강조형_KR2_.릴스_모션.시댁갈때맛잘알.__김소희_260729_제과_박서연,214,7,8732.0,3
2026-08-16,(마스터ASC)[제과_블트하] 26.08_블트깡출시_ASC_전환_image,(마스터ASC)[제과_블트하] 26.08_블트하출시_ASC_전환_image,[26.08]F_I_BT깡_전환_블트칩출시_유명인권위형_이국주.KR1_.릴스_희소성.유행강조.__김소희_260814_제과_김수정,7,0,46.0,0
2026-08-17,(ASC) [제과_블트하] 26.07_블트칩출시_ASC_전환_image,(ASC)[제과_블트하] 26.07_블트칩출시_ASC_전환_image,[26.07]F_I_BT칩_전환_블트칩출시_혜택강조형_KR2_.피드_주변인.집들이안주.확장__김소희_260727_제과_박서연,2,0,4.0,0
2026-08-17,(ASC) [제과_블트하] 26.07_블트칩출시_ASC_전환_image,(ASC)[제과_블트하] 26.07_블트칩출시_ASC_전환_image,[26.07]F_I_BT칩_전환_블트칩출시_혜택강조형_KR2_.릴스_모션.시댁갈때맛잘알.__김소희_260729_제과_박서연,52,1,1685.0,0
2026-08-17,(ASC) [제과_블트하] 26.07_블트깡출시_ASC_전환_image,(ASC)[제과_블트하] 26.07_블트깡출시_ASC_전환_image,[26.07]F_I_BT혼_전환_블트칩출시_혜택강조형_KR2_.배너_공지문.3분할.__김소희_260731_제과_김수정,27,0,330.0,0
2026-08-14,(ASC) [제과_블트하] 26.07_블트칩출시_ASC_전환_image,(ASC)[제과_블트하] 26.07_블트칩출시_ASC_전환_image,[26.07]F_I_BT칩_전환_블트칩출시_혜택강조형_KR1_.릴스_지금쟁여야이득가격비교.__김소희_260729_제과_김수정,3822,40,65598.0,5
2026-08-14,[제과_블트하] 26.07_블트깡출시_수동_전환_video_전체타겟,0811_라이브커머스형_블트깡출시 (KR1),[26.08]F_V_BT깡_전환_블트깡출시_라이브커머스형_라이브커머스형.KR1_var6.릴스_전체.상황극.슬기.X_1P_김소희_260812_제과_피재은,167,5,5424.0,0
2026-08-14,[제과_블트하] 26.07_블트깡출시_수동_전환_image_전체타겟,0813_이국주(~0912)_블트칩출시 (KR2),[26.08]F_I_BT깡_전환_블트칩출시_유명인권위형_이국주.KR2_.릴스_주변구매.엄마들모임.__김소희_260813_제과_김수정,377,3,5800.0,0
2026-08-14,(고효율 재러닝)[제과_블트하] 26.08_블트깡출시_ASC_전환_image/video_8M1W,(고효율 재러닝)[제과_블트하] 26.08_블트깡출시_ASC_전환_image/video_8M1W,[26.08]F_V_BT칩_전환_블트칩출시_네고형_관계성네고형.KR2_main.릴스_맥주취식.시어머니.X_2P_김소희_260801_제과_이미진,232,3,3269.0,0
2026-08-14,[제과_블트하] 26.07_블트깡출시_수동_전환_video_전체타겟,0813_브랜든형BP_블트깡출시 (test),[26.08]F_V_BT칩_전환_블트깡출시_신규BP_브랜든배너형BP_var3.릴스_맥주안주1티어.할인추가.X_2P_최재원_260814_제과_최재원,156,1,2597.0,0
2026-08-15,(ASC) [제과_블트하] 26.07_블트칩출시_ASC_전환_image,(ASC)[제과_블트하] 26.07_블트칩출시_ASC_전환_image,[26.07]F_I_BT칩_전환_블트칩출시_혜택강조형_KR1_.릴스_지금쟁여야이득가격비교.__김소희_260729_제과_김수정,1287,14,15461.0,1
2026-08-15,(ASC) [제과_블트하] 26.07_블트칩출시_ASC_전환_image,(ASC)[제과_블트하] 26.07_블트칩출시_ASC_전환_image,[26.07]F_I_BT깡_전환_블트칩출시_혜택강조형_KR2_.릴스_모션.팀장님링크.__김소희_260729_제과_박서연,22,0,570.0,0
2026-08-15,(ASC) [제과_블트하] 26.07_블트깡출시_ASC_전환_image,(ASC)[제과_블트하] 26.07_블트깡출시_ASC_전환_image,[26.07]F_I_BT칩_전환_블트칩출시_혜택강조형_KR2_.배너_집들이때봉지뜯자마자.__최나영_260730_제과_김수정,37,0,237.0,0
2026-08-15,[제과_블트하] 26.07_블트깡출시_수동_전환_image_전체타겟,0806_돈값.공지문형_블트칩출시 (KR1),[26.08]F_I_BT깡_전환_블트칩출시_혜택강조형_KR1_.피드_원가이하판매중.치킨필요없음.__김소희_260806_제과_김수정,4,0,48.0,0
2026-08-15,[제과_블트하] 26.07_블트깡출시_수동_전환_image_전체타겟,0813_이국주(~0912)_블트칩출시 (KR2),[26.08]F_I_BT깡_전환_블트칩출시_유명인권위형_이국주.KR2_.릴스_주변구매.엄마들모임.__김소희_260813_제과_김수정,159,2,2212.0,0
2026-08-15,(고효율 재러닝)[제과_블트하] 26.08_블트깡출시_ASC_전환_image/video_8M1W,(고효율 재러닝)[제과_블트하] 26.08_블트깡출시_ASC_전환_image/video_8M1W,[26.08]F_V_BT칩_전환_블트칩출시_네고형_관계성네고형.KR2_main.릴스_맥주취식.시어머니.X_2P_김소희_260801_제과_이미진,82,0,1039.0,0
2026-08-15,[제과_블트하] 26.07_블트깡출시_수동_전환_video_전체타겟,0814_고효율재편집_블트깡출시,[26.08]F_V_BT깡_전환_블트깡출시_네고형_지인네고형.KR2_main.릴스_메인.슬기.(재).X_1P_최나영_260814_제과_피재은,212,4,4717.0,0
2026-08-15,[제과_블트하] 26.07_블트깡출시_수동_전환_video_전체타겟,0813_브랜든형BP_블트깡출시 (test),[26.08]F_V_BT칩_전환_블트깡출시_신규BP_브랜든배너형BP_var3.릴스_맥주안주1티어.할인추가.X_2P_최재원_260814_제과_최재원,207,4,4634.0,0
2026-08-15,[칩] (마스터ASC)[제과_블트하] 26.07_블트칩출시_ASC_전환_video,[칩] (마스터ASC)[제과_블트하] 26.07_블트칩출시_ASC_전환_video,[26.08]F_V_BT혼_전환_블트깡출시_신규BP_오프아워BP.이국주.KR1_var3.릴스_이국주트러플하몽.X_2P_김소희_260814_제과_이미진,623,4,11331.0,2
2026-08-16,(ASC) [제과_블트하] 26.07_블트깡출시_ASC_전환_image,(ASC)[제과_블트하] 26.07_블트깡출시_ASC_전환_image,[26.07]F_I_BT칩_전환_블트칩출시_혜택강조형_KR2_.배너_집들이때봉지뜯자마자.__최나영_260730_제과_김수정,73,2,692.0,0
2026-08-16,[제과_블트하] 26.07_블트깡출시_수동_전환_video_전체타겟,0807_인덕션BP_블트칩출시 (KR1),[26.08]F_V_BT칩_전환_블트칩출시_신규BP_인덕션BP.KR1_var1.릴스_주변인정.X_1P_김소희_260807_제과_이봄1,6,0,200.0,0
2026-08-16,[제과_블트하] 26.07_블트깡출시_수동_전환_image_전체타겟,0813_이국주(~0912)_블트칩출시 (KR2),[26.08]F_I_BT깡_전환_블트칩출시_유명인권위형_이국주.KR2_.릴스_주변구매.엄마들모임.__김소희_260813_제과_김수정,14,0,284.0,0
2026-08-16,(마스터ASC)[제과_블트하] 26.08_블트깡출시_ASC_전환_image,(마스터ASC)[제과_블트하] 26.08_블트하출시_ASC_전환_image,[26.08]F_I_BT깡_전환_블트칩출시_유명인권위형_이국주.KR1_.릴스_혜택강조.원재료강조.__김소희_260813_제과_김수정,2,0,42.0,0
2026-08-16,[제과_블트하] 26.07_블트깡출시_수동_전환_video_전체타겟,0814_고효율재편집_블트깡출시,[26.08]F_V_BT깡_전환_블트깡출시_네고형_지인네고형.KR2_main.릴스_메인.슬기.(재).X_1P_최나영_260814_제과_피재은,156,3,5182.0,0
2026-08-16,[제과_블트하] 26.07_블트깡출시_수동_전환_video_전체타겟,0813_브랜든형BP_블트깡출시 (test),[26.08]F_V_BT칩_전환_블트깡출시_신규BP_브랜든배너형BP_var3.릴스_맥주안주1티어.할인추가.X_2P_최재원_260814_제과_최재원,1098,17,26715.0,2
2026-08-16,[칩] (마스터ASC)[제과_블트하] 26.07_블트칩출시_ASC_전환_video,[칩] (마스터ASC)[제과_블트하] 26.07_블트칩출시_ASC_전환_video,[26.08]F_V_BT혼_전환_블트깡출시_신규BP_오프아워BP.이국주.KR1_var3.릴스_이국주트러플하몽.X_2P_김소희_260814_제과_이미진,96,1,2020.0,1
2026-08-17,(ASC) [제과_블트하] 26.07_블트칩출시_ASC_전환_image,(ASC)[제과_블트하] 26.07_블트칩출시_ASC_전환_image,[26.07]F_I_BT깡_전환_블트칩출시_혜택강조형_KR2_.릴스_모션.팀장님링크.__김소희_260729_제과_박서연,47,2,1360.0,1
2026-08-17,(ASC) [제과_블트하] 26.07_블트깡출시_ASC_전환_image,(ASC)[제과_블트하] 26.07_블트깡출시_ASC_전환_image,[26.07]F_I_BT칩_전환_블트칩출시_혜택강조형_KR2_.배너_집들이때봉지뜯자마자.__최나영_260730_제과_김수정,349,5,3929.0,0
2026-08-17,[제과_블트하] 26.07_블트깡출시_수동_전환_image_전체타겟,0813_이국주(~0912)_블트칩출시 (KR2),[26.08]F_I_BT깡_전환_블트칩출시_유명인권위형_이국주.KR2_.릴스_주변구매.엄마들모임.__김소희_260813_제과_김수정,124,2,5580.0,0
2026-08-17,[제과_블트하] 26.07_블트깡출시_수동_전환_video_전체타겟,0814_고효율재편집_블트깡출시,[26.08]F_V_BT깡_전환_블트깡출시_네고형_지인네고형.KR2_main.릴스_메인.슬기.(재).X_1P_최나영_260814_제과_피재은,1421,38,42636.0,2
2026-08-17,[제과_블트하] 26.07_블트깡출시_수동_전환_video_전체타겟,0813_브랜든형BP_블트깡출시 (test),[26.08]F_V_BT칩_전환_블트깡출시_신규BP_브랜든배너형BP_var3.릴스_맥주안주1티어.할인추가.X_2P_최재원_260814_제과_최재원,3947,57,92056.0,5
2026-08-17,[칩] (마스터ASC)[제과_블트하] 26.07_블트칩출시_ASC_전환_video,[칩] (마스터ASC)[제과_블트하] 26.07_블트칩출시_ASC_전환_video,[26.08]F_V_BT혼_전환_블트깡출시_신규BP_오프아워BP.이국주.KR1_var3.릴스_이국주트러플하몽.X_2P_김소희_260814_제과_이미진,204,4,4643.0,0
2026-08-14,(마스터ASC)[제과_블트하] 26.07_블트깡출시_ASC_전환_video,(마스터ASC)[제과_블트하] 26.07_블트깡출시_ASC_전환_video,[26.08]F_V_BT칩_전환_블트칩출시_신규BP_아린이네BP.KR1_var1.릴스_공구형.페인포인트.가격.X_2P_최나영_260811_제과_윤성미,3,0,20.0,0
2026-08-14,[제과_블트하] 26.07_블트깡출시_수동_전환_video_전체타겟,0811_라이브커머스형_블트깡출시 (KR1),[26.08]F_V_BT깡_전환_블트깡출시_라이브커머스형_라이브커머스형.KR1_var9.릴스_가격강조.메인.슬기.X_1P_김소희_260812_제과_피재은,252,2,4397.0,0
2026-08-14,(마스터ASC)[제과_블트하] 26.08_블트깡출시_ASC_전환_image,(마스터ASC)[제과_블트하] 26.08_블트하출시_ASC_전환_image,[26.08]F_I_BT깡_전환_블트칩출시_유명인권위형_이국주.KR2_.릴스_주변구매.가족.__김소희_260813_제과_김수정,46,1,1408.0,0
2026-08-15,(ASC) [제과_블트하] 26.07_블트칩출시_ASC_전환_image,(ASC)[제과_블트하] 26.07_블트칩출시_ASC_전환_image,[26.07]F_I_BT깡_전환_블트깡출시_바이럴형_KR1_.피드_남편인정.맥주한잔.확장__김소희_260727_제과_김수정,3,0,5.0,0
2026-08-15,(ASC) [제과_블트하] 26.07_블트칩출시_ASC_전환_image,(ASC)[제과_블트하] 26.07_블트칩출시_ASC_전환_image,[26.07]F_I_BT혼_전환_블트칩출시_혜택강조형_KR1_.피드_마감임박안내.__김소희_260728_제과_김수정,3,0,34.0,0
2026-08-15,(마스터ASC)[제과_블트하] 26.07_블트깡출시_ASC_전환_video,(마스터ASC)[제과_블트하] 26.07_블트깡출시_ASC_전환_video,[26.08]F_V_BT칩_전환_블트칩출시_신규BP_아린이네BP.KR1_var1.릴스_공구형.페인포인트.가격.X_2P_최나영_260811_제과_윤성미,6,0,13.0,0
2026-08-15,[제과_블트하] 26.07_블트깡출시_수동_전환_video_전체타겟,0811_라이브커머스형_블트깡출시 (KR1),[26.08]F_V_BT깡_전환_블트깡출시_라이브커머스형_라이브커머스형.KR1_var9.릴스_가격강조.메인.슬기.X_1P_김소희_260812_제과_피재은,234,4,4250.0,0
2026-08-15,(마스터ASC)[제과_블트하] 26.08_블트깡출시_ASC_전환_image,(마스터ASC)[제과_블트하] 26.08_블트하출시_ASC_전환_image,[26.08]F_I_BT깡_전환_블트칩출시_유명인권위형_이국주.KR2_.릴스_주변구매.가족.__김소희_260813_제과_김수정,2,0,5.0,0
2026-08-15,[제과_블트하] 26.07_블트깡출시_수동_전환_video_전체타겟,0814_현장네고형_블트칩출시 (이국주) (KR1),[26.08]F_V_BT칩_전환_블트칩출시_네고형_현장네고형.이국주.KR1_var2.릴스_크래커.슬기.X_1P_최나영_260814_제과_피재은,686,20,17330.0,1
2026-08-15,[칩] (마스터ASC)[제과_블트하] 26.07_블트칩출시_ASC_전환_video,[칩] (마스터ASC)[제과_블트하] 26.07_블트칩출시_ASC_전환_video,[26.08]F_V_BT칩_전환_블트칩출시_네고형_현장네고형.이국주.KR1_var3.릴스_물류.슬기.X_1P_최나영_260814_제과_피재은,13253,302,256638.0,22
2026-08-16,(마스터ASC)[제과_블트하] 26.07_블트깡출시_ASC_전환_video,(마스터ASC)[제과_블트하] 26.07_블트깡출시_ASC_전환_video,[26.07]F_V_BT깡_전환_블트깡출시_쩜오건_대세감실체.KR1_var2.릴스_여배우유튜브.X_1P_김소희_260715_제과_문형민,64,0,1235.0,0
2026-08-16,(ASC) [제과_블트하] 26.07_블트칩출시_ASC_전환_image,(ASC)[제과_블트하] 26.07_블트칩출시_ASC_전환_image,[26.07]F_I_BT깡_전환_블트깡출시_바이럴형_KR1_.피드_남편인정.맥주한잔.확장__김소희_260727_제과_김수정,5,0,40.0,0
2026-08-16,(ASC) [제과_블트하] 26.07_블트칩출시_ASC_전환_image,(ASC)[제과_블트하] 26.07_블트칩출시_ASC_전환_image,[26.07]F_I_BT혼_전환_블트칩출시_혜택강조형_KR1_.피드_마감임박안내.__김소희_260728_제과_김수정,1,0,12.0,0
2026-08-16,[제과_블트하] 26.07_블트깡출시_수동_전환_video_전체타겟,0811_라이브커머스형_블트깡출시 (KR1),[26.08]F_V_BT깡_전환_블트깡출시_라이브커머스형_라이브커머스형.KR1_var9.릴스_가격강조.메인.슬기.X_1P_김소희_260812_제과_피재은,1074,11,20696.0,3
2026-08-16,(마스터ASC)[제과_블트하] 26.08_블트깡출시_ASC_전환_image,(마스터ASC)[제과_블트하] 26.08_블트하출시_ASC_전환_image,[26.08]F_I_BT깡_전환_블트칩출시_유명인권위형_이국주.KR2_.릴스_주변구매.가족.__김소희_260813_제과_김수정,28,0,401.0,0
2026-08-16,[칩] (마스터ASC)[제과_블트하] 26.07_블트칩출시_ASC_전환_video,[칩] (마스터ASC)[제과_블트하] 26.07_블트칩출시_ASC_전환_video,[26.08]F_V_BT칩_전환_블트칩출시_네고형_현장네고형.이국주.KR1_var3.릴스_물류.슬기.X_1P_최나영_260814_제과_피재은,43861,1101,681013.0,55
2026-08-17,(마스터ASC)[제과_블트하] 26.07_블트깡출시_ASC_전환_video,(마스터ASC)[제과_블트하] 26.07_블트깡출시_ASC_전환_video,[26.07]F_V_BT깡_전환_블트깡출시_쩜오건_대세감실체.KR1_var2.릴스_여배우유튜브.X_1P_김소희_260715_제과_문형민,26,0,314.0,0
2026-08-17,(마스터ASC)[제과_블트하] 26.07_블트깡출시_ASC_전환_video,(마스터ASC)[제과_블트하] 26.07_블트깡출시_ASC_전환_video,[26.08]F_V_BT칩_전환_블트칩출시_신규BP_아린이네BP.KR1_var1.릴스_공구형.페인포인트.가격.X_2P_최나영_260811_제과_윤성미,5,0,101.0,0
2026-08-17,[제과_블트하] 26.07_블트깡출시_수동_전환_video_전체타겟,0811_라이브커머스형_블트깡출시 (KR1),[26.08]F_V_BT깡_전환_블트깡출시_라이브커머스형_라이브커머스형.KR1_var9.릴스_가격강조.메인.슬기.X_1P_김소희_260812_제과_피재은,319,6,5748.0,1
2026-08-17,(마스터ASC)[제과_블트하] 26.08_블트깡출시_ASC_전환_image,(마스터ASC)[제과_블트하] 26.08_블트하출시_ASC_전환_image,[26.08]F_I_BT깡_전환_블트칩출시_유명인권위형_이국주.KR2_.릴스_주변구매.가족.__김소희_260813_제과_김수정,2,0,60.0,0
2026-08-17,[칩] (마스터ASC)[제과_블트하] 26.07_블트칩출시_ASC_전환_video,[칩] (마스터ASC)[제과_블트하] 26.07_블트칩출시_ASC_전환_video,[26.08]F_V_BT칩_전환_블트칩출시_네고형_현장네고형.이국주.KR1_var3.릴스_물류.슬기.X_1P_최나영_260814_제과_피재은,18186,457,445228.0,34
2026-08-14,(ASC) [제과_블트하] 26.07_블트칩출시_ASC_전환_image,(ASC)[제과_블트하] 26.07_블트칩출시_ASC_전환_image,[26.07]F_I_BT혼_전환_블트칩출시_혜택강조형_KR1_.배너_공지문.아이들간식.__김소희_260803_제과_김수정,11,0,96.0,0
2026-08-14,(마스터ASC)[제과_블트하] 26.08_블트깡출시_ASC_전환_image,(마스터ASC)[제과_블트하] 26.08_블트하출시_ASC_전환_image,[26.08]F_I_BT깡_전환_블트칩출시_유명인권위형_이국주.KR1_.릴스_희소성.유명인보이스.__김소희_260813_제과_김수정,72,1,1274.0,0
2026-08-14,[제과_블트하] 26.07_블트깡출시_수동_전환_image_전체타겟,0813_이국주(~0912)_블트칩출시 (KR2),[26.08]F_I_BT깡_전환_블트칩출시_유명인권위형_이국주.KR2_.릴스_주변구매.가족.__김소희_260813_제과_김수정,137,1,5061.0,0
2026-08-15,(ASC) [제과_블트하] 26.07_블트칩출시_ASC_전환_image,(ASC)[제과_블트하] 26.07_블트칩출시_ASC_전환_image,[26.07]F_I_BT혼_전환_블트칩출시_혜택강조형_KR1_.배너_공지문.아이들간식.__김소희_260803_제과_김수정,20,0,732.0,0
2026-08-15,(마스터ASC)[제과_블트하] 26.08_블트깡출시_ASC_전환_image,(마스터ASC)[제과_블트하] 26.08_블트하출시_ASC_전환_image,[26.08]F_I_BT깡_전환_블트칩출시_유명인권위형_이국주.KR1_.릴스_희소성.유명인보이스.__김소희_260813_제과_김수정,11,1,200.0,1
2026-08-15,[제과_블트하] 26.07_블트깡출시_수동_전환_video_전체타겟,0814_고효율재편집_블트깡출시,[26.08]F_V_BT깡_전환_블트깡출시_원가강조형_미틀리에BP_main.릴스_BP그대로.KR2.(재).X_1P_최나영_260814_제과_강경연,1164,9,16911.0,0
2026-08-15,(마스터ASC)[제과_블트하] 26.08_블트깡출시_ASC_전환_image,(마스터ASC)[제과_블트하] 26.08_블트하출시_ASC_전환_image,[26.08]F_I_BT깡_전환_블트칩출시_유명인권위형_이국주.KR1_.릴스_국민간식.유행강조.__김소희_260814_제과_김수정,3,0,41.0,0
2026-08-15,[제과_블트하] 26.07_블트깡출시_수동_전환_video_전체타겟,0814_고효율재편집_블트깡출시,[26.08]F_V_BT깡_전환_블트깡출시_쩜오건_이국주.KR1_main.릴스_초코송이BP.(재)_1P_최나영_260814_제과_문형민,341,4,4984.0,1
2026-08-15,[제과_블트하] 26.07_블트깡출시_수동_전환_video_전체타겟,0814_오프아워BP_블트칩출시 (이국주) (KR1),[26.08]F_V_BT혼_전환_블트깡출시_신규BP_오프아워BP.이국주.KR1_var1.릴스_타사비교.X_2P_김소희_260814_제과_이미진,821,8,22291.0,2
2026-08-15,[제과_블트하] 26.07_블트깡출시_수동_전환_video_전체타겟,0814_오프아워BP_블트칩출시 (이국주) (KR1),[26.08]F_V_BT혼_전환_블트깡출시_신규BP_오프아워BP.이국주.KR1_var2.릴스_댓글.X_2P_김소희_260814_제과_이미진,728,6,22020.0,2
2026-08-16,(마스터ASC)[제과_블트하] 26.08_블트깡출시_ASC_전환_image,(마스터ASC)[제과_블트하] 26.08_블트하출시_ASC_전환_image,[26.08]F_I_BT깡_전환_블트칩출시_유명인권위형_이국주.KR1_.릴스_희소성.유명인보이스.__김소희_260813_제과_김수정,438,2,10261.0,0
2026-08-16,[제과_블트하] 26.07_블트깡출시_수동_전환_video_전체타겟,0814_고효율재편집_블트깡출시,[26.08]F_V_BT깡_전환_블트깡출시_쩜오건_이국주.KR1_main.릴스_초코송이BP.(재)_1P_최나영_260814_제과_문형민,348,3,5267.0,1
2026-08-16,[제과_블트하] 26.07_블트깡출시_수동_전환_video_전체타겟,0814_오프아워BP_블트칩출시 (이국주) (KR1),[26.08]F_V_BT혼_전환_블트깡출시_신규BP_오프아워BP.이국주.KR1_var1.릴스_타사비교.X_2P_김소희_260814_제과_이미진,10168,175,302521.0,27
2026-08-16,[제과_블트하] 26.07_블트깡출시_수동_전환_video_전체타겟,0814_오프아워BP_블트칩출시 (이국주) (KR1),[26.08]F_V_BT혼_전환_블트깡출시_신규BP_오프아워BP.이국주.KR1_var2.릴스_댓글.X_2P_김소희_260814_제과_이미진,1279,15,39795.0,4
2026-08-17,(ASC) [제과_블트하] 26.07_블트칩출시_ASC_전환_image,(ASC)[제과_블트하] 26.07_블트칩출시_ASC_전환_image,[26.07]F_I_BT혼_전환_블트칩출시_혜택강조형_KR1_.배너_공지문.아이들간식.__김소희_260803_제과_김수정,2,1,213.0,0
2026-08-17,(마스터ASC)[제과_블트하] 26.08_블트깡출시_ASC_전환_image,(마스터ASC)[제과_블트하] 26.08_블트하출시_ASC_전환_image,[26.08]F_I_BT깡_전환_블트칩출시_유명인권위형_이국주.KR1_.릴스_희소성.유명인보이스.__김소희_260813_제과_김수정,352,3,6991.0,1
2026-08-17,(마스터ASC)[제과_블트하] 26.08_블트깡출시_ASC_전환_image,(마스터ASC)[제과_블트하] 26.08_블트하출시_ASC_전환_image,[26.08]F_I_BT깡_전환_블트칩출시_유명인권위형_이국주.KR1_.릴스_국민간식.유행강조.__김소희_260814_제과_김수정,3,0,61.0,0
2026-08-17,[제과_블트하] 26.07_블트깡출시_수동_전환_video_전체타겟,0814_고효율재편집_블트깡출시,[26.08]F_V_BT깡_전환_블트깡출시_쩜오건_이국주.KR1_main.릴스_초코송이BP.(재)_1P_최나영_260814_제과_문형민,325,5,4977.0,0
2026-08-17,[제과_블트하] 26.07_블트깡출시_수동_전환_video_전체타겟,0814_오프아워BP_블트칩출시 (이국주) (KR1),[26.08]F_V_BT혼_전환_블트깡출시_신규BP_오프아워BP.이국주.KR1_var1.릴스_타사비교.X_2P_김소희_260814_제과_이미진,3393,84,119753.0,9
2026-08-17,[제과_블트하] 26.07_블트깡출시_수동_전환_video_전체타겟,0814_오프아워BP_블트칩출시 (이국주) (KR1),[26.08]F_V_BT혼_전환_블트깡출시_신규BP_오프아워BP.이국주.KR1_var2.릴스_댓글.X_2P_김소희_260814_제과_이미진,117,2,3405.0,1
2026-08-14,(ASC) [제과_블트하] 26.07_블트깡출시_ASC_전환_image,(ASC)[제과_블트하] 26.07_블트깡출시_ASC_전환_image,[26.07]F_I_BT깡_전환_블트깡출시_혜택강조형_혜택강조형_.배너_와인좋아하는사람들은다안다는.검증__김소희_260715_제과_박서연,4,0,62.0,0
2026-08-14,[제과_콘스프맛 팝콘] 26.05_콘스프맛팝콘출시_수동_전환_video,문제공감형(운동.페인포인트)_0721,[26.07]F_V_PC콘_전환_콘스프맛팝콘출시_문제공감형_문제공감네고형_var4.릴스_고정관념.X_2P_이유빈_260721_제과_이봄1,1388,15,17331.0,0
2026-08-14,(마스터ASC)[제과_블트하] 26.07_블트깡출시_ASC_전환_video,(마스터ASC)[제과_블트하] 26.07_블트깡출시_ASC_전환_video,[26.08]F_V_BT칩_전환_블트칩출시_신규BP_아린이네BP.KR1_var2.릴스_공구형.페인포인트.고구성.X_2P_최나영_260811_제과_윤성미,34,1,732.0,0
2026-08-14,(마스터ASC)[제과_블트하] 26.07_블트깡출시_ASC_전환_video,(마스터ASC)[제과_블트하] 26.07_블트깡출시_ASC_전환_video,[26.08]F_V_BT깡_전환_블트깡출시_라이브커머스형_라이브커머스형.KR1_var11.릴스_가격강조.최저가.슬기.X_1P_김소희_260812_제과_피재은,104,0,1321.0,0
2026-08-14,[제과_블트하] 26.07_블트깡출시_수동_전환_image_전체타겟,0813_이국주(~0912)_블트칩출시 (KR1),[26.08]F_I_BT깡_전환_블트칩출시_유명인권위형_이국주.KR1_.릴스_혜택강조.원재료강조.__김소희_260813_제과_김수정,6,0,132.0,0
2026-08-14,[제과_콘스프맛 팝콘] 26.05_콘스프맛팝콘출시_수동_전환_video,공구네고형(다이어터 입터짐.페인포인트)_0814,[26.08]F_V_PC혼_전환_상시_네고형_공구네고형_var2.릴스_입터짐페인포인트.X_1P_권미정_260814_제과_강경연,1385,14,14350.0,0
2026-08-15,(ASC) [제과_블트하] 26.07_블트깡출시_ASC_전환_image,(ASC)[제과_블트하] 26.07_블트깡출시_ASC_전환_image,[26.07]F_I_BT깡_전환_블트깡출시_혜택강조형_혜택강조형_.배너_와인좋아하는사람들은다안다는.검증__김소희_260715_제과_박서연,72,1,2219.0,0
2026-08-15,(ASC) [제과_블트하] 26.07_블트칩출시_ASC_전환_image,(ASC)[제과_블트하] 26.07_블트칩출시_ASC_전환_image,[26.07]F_I_BT깡_전환_블트깡출시_바이럴형_KR1_.피드_남편인정.회사.확장__김소희_260727_제과_김수정,30,0,419.0,0
2026-08-15,(ASC) [제과_블트하] 26.07_블트칩출시_ASC_전환_image,(ASC)[제과_블트하] 26.07_블트칩출시_ASC_전환_image,[26.07]F_I_BT깡_전환_블트칩출시_혜택강조형_KR1_.피드_우리가족잘산템.__김소희_260728_제과_김수정,4,0,7.0,0
2026-08-15,(마스터ASC)[제과_블트하] 26.07_블트깡출시_ASC_전환_video,(마스터ASC)[제과_블트하] 26.07_블트깡출시_ASC_전환_video,[26.08]F_V_BT칩_전환_블트칩출시_신규BP_아린이네BP.KR1_var2.릴스_공구형.페인포인트.고구성.X_2P_최나영_260811_제과_윤성미,16,0,180.0,0
2026-08-15,(마스터ASC)[제과_블트하] 26.07_블트깡출시_ASC_전환_video,(마스터ASC)[제과_블트하] 26.07_블트깡출시_ASC_전환_video,[26.08]F_V_BT깡_전환_블트깡출시_라이브커머스형_라이브커머스형.KR1_var11.릴스_가격강조.최저가.슬기.X_1P_김소희_260812_제과_피재은,11,0,50.0,0
2026-08-15,(마스터ASC)[제과_블트하] 26.08_블트깡출시_ASC_전환_image,(마스터ASC)[제과_블트하] 26.08_블트하출시_ASC_전환_image,[26.08]F_I_BT깡_전환_블트칩출시_유명인권위형_이국주.KR1_.릴스_혜택강조.희소성.__김소희_260813_제과_김수정,7,1,396.0,1
2026-08-15,[제과_콘스프맛 팝콘] 26.05_콘스프맛팝콘출시_수동_전환_video,공구네고형(다이어터 입터짐.페인포인트)_0814,[26.08]F_V_PC혼_전환_상시_네고형_공구네고형_var2.릴스_입터짐페인포인트.X_1P_권미정_260814_제과_강경연,7343,68,76665.0,7
2026-08-15,(마스터ASC)[제과_블트하] 26.08_블트깡출시_ASC_전환_image,(마스터ASC)[제과_블트하] 26.08_블트하출시_ASC_전환_image,[26.08]F_I_BT깡_전환_블트칩출시_유명인권위형_이국주.KR1_.릴스_알고리즘평정.유행강조.__김소희_260814_제과_김수정,1,0,18.0,0
2026-08-15,[칩] (마스터ASC)[제과_블트하] 26.07_블트칩출시_ASC_전환_video,[칩] (마스터ASC)[제과_블트하] 26.07_블트칩출시_ASC_전환_video,[26.08]F_V_BT혼_전환_블트깡출시_신규BP_오프아워BP.이국주.KR1_var1.릴스_타사비교.X_2P_김소희_260814_제과_이미진,23,0,205.0,0
2026-08-16,(ASC) [제과_블트하] 26.07_블트깡출시_ASC_전환_image,(ASC)[제과_블트하] 26.07_블트깡출시_ASC_전환_image,[26.07]F_I_BT깡_전환_블트깡출시_혜택강조형_혜택강조형_.배너_와인좋아하는사람들은다안다는.검증__김소희_260715_제과_박서연,63,1,1469.0,0
2026-08-16,(ASC) [제과_블트하] 26.07_블트칩출시_ASC_전환_image,(ASC)[제과_블트하] 26.07_블트칩출시_ASC_전환_image,[26.07]F_I_BT깡_전환_블트깡출시_바이럴형_KR1_.피드_남편인정.회사.확장__김소희_260727_제과_김수정,10,1,159.0,0
2026-08-16,(ASC) [제과_블트하] 26.07_블트칩출시_ASC_전환_image,(ASC)[제과_블트하] 26.07_블트칩출시_ASC_전환_image,[26.07]F_I_BT깡_전환_블트칩출시_혜택강조형_KR1_.피드_우리가족잘산템.__김소희_260728_제과_김수정,2,0,7.0,0
2026-08-16,(마스터ASC)[제과_블트하] 26.07_블트깡출시_ASC_전환_video,(마스터ASC)[제과_블트하] 26.07_블트깡출시_ASC_전환_video,[26.08]F_V_BT칩_전환_블트칩출시_신규BP_인덕션BP.KR1_var2.릴스_돈안아까움.X_1P_김소희_260807_제과_이봄1,1,0,4.0,0
2026-08-16,(마스터ASC)[제과_블트하] 26.07_블트깡출시_ASC_전환_video,(마스터ASC)[제과_블트하] 26.07_블트깡출시_ASC_전환_video,[26.08]F_V_BT칩_전환_블트칩출시_신규BP_아린이네BP.KR1_var2.릴스_공구형.페인포인트.고구성.X_2P_최나영_260811_제과_윤성미,48,0,773.0,0
2026-08-16,(마스터ASC)[제과_블트하] 26.08_블트깡출시_ASC_전환_image,(마스터ASC)[제과_블트하] 26.08_블트하출시_ASC_전환_image,[26.08]F_I_BT깡_전환_블트칩출시_유명인권위형_이국주.KR1_.릴스_혜택강조.희소성.__김소희_260813_제과_김수정,6,0,56.0,0
2026-08-16,[제과_콘스프맛 팝콘] 26.05_콘스프맛팝콘출시_수동_전환_video,공구네고형(다이어터 입터짐.페인포인트)_0814,[26.08]F_V_PC혼_전환_상시_네고형_공구네고형_var2.릴스_입터짐페인포인트.X_1P_권미정_260814_제과_강경연,1139,16,12246.0,5
2026-08-16,(마스터ASC)[제과_블트하] 26.08_블트깡출시_ASC_전환_image,(마스터ASC)[제과_블트하] 26.08_블트하출시_ASC_전환_image,[26.08]F_I_BT깡_전환_블트칩출시_유명인권위형_이국주.KR1_.릴스_알고리즘평정.유행강조.__김소희_260814_제과_김수정,5,0,61.0,0
2026-08-16,[칩] (마스터ASC)[제과_블트하] 26.07_블트칩출시_ASC_전환_video,[칩] (마스터ASC)[제과_블트하] 26.07_블트칩출시_ASC_전환_video,[26.08]F_V_BT혼_전환_블트깡출시_신규BP_오프아워BP.이국주.KR1_var1.릴스_타사비교.X_2P_김소희_260814_제과_이미진,124,1,4235.0,0
2026-08-17,(ASC) [제과_블트하] 26.07_블트깡출시_ASC_전환_image,(ASC)[제과_블트하] 26.07_블트깡출시_ASC_전환_image,[26.07]F_I_BT깡_전환_블트깡출시_혜택강조형_혜택강조형_.배너_와인좋아하는사람들은다안다는.검증__김소희_260715_제과_박서연,34,1,3123.0,0
2026-08-17,(ASC) [제과_블트하] 26.07_블트칩출시_ASC_전환_image,(ASC)[제과_블트하] 26.07_블트칩출시_ASC_전환_image,[26.07]F_I_BT혼_전환_블트칩출시_혜택강조형_KR1_.피드_남편.맥주안주.확장__김소희_260727_제과_박지현,1,0,6.0,0
2026-08-17,(ASC) [제과_블트하] 26.07_블트칩출시_ASC_전환_image,(ASC)[제과_블트하] 26.07_블트칩출시_ASC_전환_image,[26.07]F_I_BT깡_전환_블트칩출시_혜택강조형_KR1_.피드_고급진감칠맛폭발.__김소희_260728_제과_김수정,3,0,21.0,0
2026-08-17,(마스터ASC)[제과_블트하] 26.07_블트깡출시_ASC_전환_video,(마스터ASC)[제과_블트하] 26.07_블트깡출시_ASC_전환_video,[26.08]F_V_BT칩_전환_블트칩출시_신규BP_인덕션BP.KR1_var2.릴스_돈안아까움.X_1P_김소희_260807_제과_이봄1,1,0,13.0,0
2026-08-17,(마스터ASC)[제과_블트하] 26.07_블트깡출시_ASC_전환_video,(마스터ASC)[제과_블트하] 26.07_블트깡출시_ASC_전환_video,[26.08]F_V_BT칩_전환_블트칩출시_신규BP_아린이네BP.KR1_var2.릴스_공구형.페인포인트.고구성.X_2P_최나영_260811_제과_윤성미,41,1,1897.0,0
2026-08-17,(마스터ASC)[제과_블트하] 26.07_블트깡출시_ASC_전환_video,(마스터ASC)[제과_블트하] 26.07_블트깡출시_ASC_전환_video,[26.08]F_V_BT깡_전환_블트깡출시_라이브커머스형_라이브커머스형.KR1_var11.릴스_가격강조.최저가.슬기.X_1P_김소희_260812_제과_피재은,2,0,2.0,0
2026-08-17,(마스터ASC)[제과_블트하] 26.08_블트깡출시_ASC_전환_image,(마스터ASC)[제과_블트하] 26.08_블트하출시_ASC_전환_image,[26.08]F_I_BT깡_전환_블트칩출시_유명인권위형_이국주.KR1_.릴스_혜택강조.희소성.__김소희_260813_제과_김수정,1,0,2.0,0
2026-08-17,[제과_콘스프맛 팝콘] 26.05_콘스프맛팝콘출시_수동_전환_video,공구네고형(다이어터 입터짐.페인포인트)_0814,[26.08]F_V_PC혼_전환_상시_네고형_공구네고형_var2.릴스_입터짐페인포인트.X_1P_권미정_260814_제과_강경연,16537,156,158247.0,11
2026-08-17,[칩] (마스터ASC)[제과_블트하] 26.07_블트칩출시_ASC_전환_video,[칩] (마스터ASC)[제과_블트하] 26.07_블트칩출시_ASC_전환_video,[26.08]F_V_BT혼_전환_블트깡출시_신규BP_오프아워BP.이국주.KR1_var1.릴스_타사비교.X_2P_김소희_260814_제과_이미진,479,18,15944.0,2
2026-08-14,(ASC) [제과_블트하] 26.07_블트칩출시_ASC_전환_image,(ASC)[제과_블트하] 26.07_블트칩출시_ASC_전환_image,[26.07]F_I_BT칩_전환_블트칩출시_혜택강조형_KR2_.피드_아빠엄지척..확장__김소희_260728_제과_박서연,6,0,37.0,0
2026-08-14,(ASC) [제과_블트하] 26.07_블트칩출시_ASC_전환_image,(ASC)[제과_블트하] 26.07_블트칩출시_ASC_전환_image,[26.07]F_I_BT칩_전환_블트칩출시_혜택강조형_KR2_.릴스_모션.사무실맛잘알.__김소희_260729_제과_박서연,6,0,30.0,0
2026-08-14,(마스터ASC)[제과_블트하] 26.08_블트깡출시_ASC_전환_image,(마스터ASC)[제과_블트하] 26.08_블트하출시_ASC_전환_image,[26.08]F_I_BT칩_전환_블트칩출시_혜택강조형_KR1_.배너_살림권위.돈굳었어요.__김소희_260811_제과_김수정,3,0,84.0,0
2026-08-14,[제과_블트하] 26.07_블트깡출시_수동_전환_image_전체타겟,0813_이국주(~0912)_블트칩출시 (KR2),[26.08]F_I_BT깡_전환_블트칩출시_유명인권위형_이국주.KR2_.릴스_내부직원도.__김소희_260814_제과_김수정,49,0,674.0,0
2026-08-15,(ASC) [제과_블트하] 26.07_블트칩출시_ASC_전환_image,(ASC)[제과_블트하] 26.07_블트칩출시_ASC_전환_image,[26.07]F_I_BT칩_전환_블트칩출시_혜택강조형_KR2_.피드_아빠엄지척..확장__김소희_260728_제과_박서연,18,0,210.0,0
2026-08-15,(ASC) [제과_블트하] 26.07_블트칩출시_ASC_전환_image,(ASC)[제과_블트하] 26.07_블트칩출시_ASC_전환_image,[26.07]F_I_BT칩_전환_블트칩출시_혜택강조형_KR2_.릴스_모션.사무실맛잘알.__김소희_260729_제과_박서연,5,0,26.0,0
2026-08-15,[제과_블트하] 26.07_블트깡출시_수동_전환_video_전체타겟,0807_인덕션BP_블트칩출시 (KR1),[26.08]F_V_BT칩_전환_블트칩출시_신규BP_인덕션BP.KR1_var5.릴스_여러상황.X_1P_김소희_260807_제과_이봄1,9,0,127.0,0
2026-08-15,[제과_블트하] 26.07_블트깡출시_수동_전환_video_전체타겟,0811_아란이네BP_블트깡출시 (KR1),[26.08]F_V_BT칩_전환_블트칩출시_신규BP_아린이네BP.KR1_main.릴스_공구형.메인.X_2P_최나영_260811_제과_윤성미,53,0,2131.0,0
2026-08-15,(마스터ASC)[제과_블트하] 26.08_블트깡출시_ASC_전환_image,(마스터ASC)[제과_블트하] 26.08_블트하출시_ASC_전환_image,[26.08]F_I_BT깡_전환_블트칩출시_유명인권위형_이국주.KR1_.릴스_편의점오픈런실패.유행강조.__김소희_260814_제과_김수정,1,0,22.0,0
2026-08-15,[제과_블트하] 26.07_블트깡출시_수동_전환_video_전체타겟,0814_현장네고형_블트칩출시 (이국주) (KR1),[26.08]F_V_BT칩_전환_블트칩출시_네고형_현장네고형.이국주.KR1_var3.릴스_물류.슬기.X_1P_최나영_260814_제과_피재은,15592,348,311175.0,33
2026-08-15,[제과_블트하] 26.07_블트깡출시_수동_전환_video_전체타겟,0814_오프아워BP_블트칩출시 (이국주) (KR1),[26.08]F_V_BT혼_전환_블트깡출시_신규BP_오프아워BP.이국주.KR1_var3.릴스_이국주트러플하몽.X_2P_김소희_260814_제과_이미진,790,10,23017.0,0
2026-08-15,[제과_블트하] 26.07_블트깡출시_수동_전환_video_전체타겟,0814_젤리백BP_블트칩출시 (이국주) (KR2),[26.08]F_V_BT혼_전환_블트칩출시_신규BP_젤리백BP.이국주.KR2_var5.릴스_이국주+취식.X_2P_최나영_260814_제과_이봄1,854,24,32021.0,2
2026-08-15,[제과_블트하] 26.07_블트깡출시_수동_전환_video_전체타겟,0814_젤리백BP_블트칩출시 (이국주) (KR2),[26.08]F_V_BT혼_전환_블트칩출시_신규BP_젤리백BP.이국주.KR2_var2.릴스_이국주+핫함.X_2P_최나영_260814_제과_이봄1,83,3,3227.0,1
2026-08-15,[제과_블트하] 26.07_블트깡출시_수동_전환_image_전체타겟,0813_이국주(~0912)_블트칩출시 (KR2),[26.08]F_I_BT깡_전환_블트칩출시_유명인권위형_이국주.KR2_.릴스_내부직원도.__김소희_260814_제과_김수정,240,2,4953.0,0
2026-08-16,(ASC) [제과_블트하] 26.07_블트칩출시_ASC_전환_image,(ASC)[제과_블트하] 26.07_블트칩출시_ASC_전환_image,[26.07]F_I_BT칩_전환_블트칩출시_혜택강조형_KR2_.피드_아빠엄지척..확장__김소희_260728_제과_박서연,12,0,177.0,0
2026-08-16,(ASC) [제과_블트하] 26.07_블트칩출시_ASC_전환_image,(ASC)[제과_블트하] 26.07_블트칩출시_ASC_전환_image,[26.07]F_I_BT칩_전환_블트칩출시_혜택강조형_KR2_.릴스_모션.사무실맛잘알.__김소희_260729_제과_박서연,1,0,53.0,0
2026-08-16,(마스터ASC)[제과_블트하] 26.08_블트깡출시_ASC_전환_image,(마스터ASC)[제과_블트하] 26.08_블트하출시_ASC_전환_image,[26.08]F_I_BT칩_전환_블트칩출시_혜택강조형_KR1_.배너_살림권위.돈굳었어요.__김소희_260811_제과_김수정,61,1,2053.0,0
2026-08-16,[제과_블트하] 26.07_블트깡출시_수동_전환_video_전체타겟,0811_아란이네BP_블트깡출시 (KR1),[26.08]F_V_BT칩_전환_블트칩출시_신규BP_아린이네BP.KR1_main.릴스_공구형.메인.X_2P_최나영_260811_제과_윤성미,25,0,837.0,0
2026-08-16,(마스터ASC)[제과_블트하] 26.08_블트깡출시_ASC_전환_image,(마스터ASC)[제과_블트하] 26.08_블트하출시_ASC_전환_image,[26.08]F_I_BT깡_전환_블트칩출시_유명인권위형_이국주.KR1_.릴스_편의점오픈런실패.유행강조.__김소희_260814_제과_김수정,2,0,36.0,0
2026-08-16,[제과_블트하] 26.07_블트깡출시_수동_전환_video_전체타겟,0814_현장네고형_블트칩출시 (이국주) (KR1),[26.08]F_V_BT칩_전환_블트칩출시_네고형_현장네고형.이국주.KR1_var3.릴스_물류.슬기.X_1P_최나영_260814_제과_피재은,58042,1130,1047422.0,84
2026-08-16,[제과_블트하] 26.07_블트깡출시_수동_전환_video_전체타겟,0814_젤리백BP_블트칩출시 (이국주) (KR2),[26.08]F_V_BT혼_전환_블트칩출시_신규BP_젤리백BP.이국주.KR2_var5.릴스_이국주+취식.X_2P_최나영_260814_제과_이봄1,624,14,24475.0,2
2026-08-16,[제과_블트하] 26.07_블트깡출시_수동_전환_video_전체타겟,0814_젤리백BP_블트칩출시 (이국주) (KR2),[26.08]F_V_BT혼_전환_블트칩출시_신규BP_젤리백BP.이국주.KR2_var2.릴스_이국주+핫함.X_2P_최나영_260814_제과_이봄1,48,0,2434.0,0
2026-08-16,[제과_블트하] 26.07_블트깡출시_수동_전환_image_전체타겟,0813_이국주(~0912)_블트칩출시 (KR2),[26.08]F_I_BT깡_전환_블트칩출시_유명인권위형_이국주.KR2_.릴스_내부직원도.__김소희_260814_제과_김수정,31,0,887.0,0
2026-08-17,(ASC) [제과_블트하] 26.07_블트칩출시_ASC_전환_image,(ASC)[제과_블트하] 26.07_블트칩출시_ASC_전환_image,[26.07]F_I_BT칩_전환_블트칩출시_혜택강조형_KR2_.피드_아빠엄지척..확장__김소희_260728_제과_박서연,34,0,455.0,0
2026-08-17,[제과_블트하] 26.07_블트깡출시_수동_전환_video_전체타겟,0807_인덕션BP_블트칩출시 (KR1),[26.08]F_V_BT칩_전환_블트칩출시_신규BP_인덕션BP.KR1_var5.릴스_여러상황.X_1P_김소희_260807_제과_이봄1,6,0,28.0,0
2026-08-17,(마스터ASC)[제과_블트하] 26.08_블트깡출시_ASC_전환_image,(마스터ASC)[제과_블트하] 26.08_블트하출시_ASC_전환_image,[26.08]F_I_BT칩_전환_블트칩출시_혜택강조형_KR1_.배너_살림권위.돈굳었어요.__김소희_260811_제과_김수정,40,0,1693.0,0
2026-08-17,[제과_블트하] 26.07_블트깡출시_수동_전환_video_전체타겟,0811_아란이네BP_블트깡출시 (KR1),[26.08]F_V_BT칩_전환_블트칩출시_신규BP_아린이네BP.KR1_main.릴스_공구형.메인.X_2P_최나영_260811_제과_윤성미,4,0,185.0,0
2026-08-17,[제과_블트하] 26.07_블트깡출시_수동_전환_video_전체타겟,0814_현장네고형_블트칩출시 (이국주) (KR1),[26.08]F_V_BT칩_전환_블트칩출시_네고형_현장네고형.이국주.KR1_var3.릴스_물류.슬기.X_1P_최나영_260814_제과_피재은,13508,333,333890.0,28
2026-08-17,[제과_블트하] 26.07_블트깡출시_수동_전환_video_전체타겟,0814_젤리백BP_블트칩출시 (이국주) (KR2),[26.08]F_V_BT혼_전환_블트칩출시_신규BP_젤리백BP.이국주.KR2_var5.릴스_이국주+취식.X_2P_최나영_260814_제과_이봄1,1127,28,55305.0,2
2026-08-17,[제과_블트하] 26.07_블트깡출시_수동_전환_video_전체타겟,0814_젤리백BP_블트칩출시 (이국주) (KR2),[26.08]F_V_BT혼_전환_블트칩출시_신규BP_젤리백BP.이국주.KR2_var2.릴스_이국주+핫함.X_2P_최나영_260814_제과_이봄1,14,0,486.0,0
2026-08-17,[제과_블트하] 26.07_블트깡출시_수동_전환_image_전체타겟,0813_이국주(~0912)_블트칩출시 (KR2),[26.08]F_I_BT깡_전환_블트칩출시_유명인권위형_이국주.KR2_.릴스_내부직원도.__김소희_260814_제과_김수정,7,0,124.0,0
2026-08-14,[제과_콘스프맛 팝콘] 26.05_콘스프맛팝콘출시_수동_전환_video,문제공감형(운동.페인포인트)_0721,[26.07]F_V_PC콘_전환_콘스프맛팝콘출시_문제공감형_문제공감네고형_var2.릴스_혜택.X_2P_이유빈_260721_제과_이봄1,351,3,5444.0,0
2026-08-14,(ASC) [제과_블트하] 26.07_블트깡출시_ASC_전환_image,(ASC)[제과_블트하] 26.07_블트깡출시_ASC_전환_image,[26.08]F_I_BT칩_전환_블트칩출시_혜택강조형_KR1_.피드_리뷰형.깐깐한시어머니.__김소희_260805_제과_박서연,5781,70,88172.0,8
2026-08-14,[제과_블트하] 26.07_블트깡출시_수동_전환_video_전체타겟,0811_라이브커머스형_블트깡출시 (KR1),[26.08]F_V_BT깡_전환_블트깡출시_라이브커머스형_라이브커머스형.KR1_var1.릴스_찐템강조.주변.슬기.X_1P_김소희_260811_제과_피재은,91,2,3256.0,1
2026-08-14,[제과_블트하] 26.07_블트깡출시_수동_전환_video_전체타겟,0813_브랜든형BP_블트깡출시 (test),[26.08]F_V_BT깡_전환_블트깡출시_신규BP_브랜든배너형BP_var2.릴스_고급간식1티어.X_2P_최재원_260813_제과_최재원,1397,14,20603.0,2
2026-08-15,[칩] (마스터ASC)[제과_블트하] 26.07_블트칩출시_ASC_전환_video,[칩] (마스터ASC)[제과_블트하] 26.07_블트칩출시_ASC_전환_video,[26.07]F_V_BT칩_전환_블트칩출시_쩜오건_3040페르소나강조.리셀.KR1_var1.릴스_중국산비교.X_1P_김소희_260724_제과_강경연,237,1,3178.0,0
2026-08-15,(ASC) [제과_블트하] 26.07_블트깡출시_ASC_전환_image,(ASC)[제과_블트하] 26.07_블트깡출시_ASC_전환_image,[26.08]F_I_BT칩_전환_블트칩출시_혜택강조형_KR1_.피드_리뷰형.깐깐한시어머니.__김소희_260805_제과_박서연,1478,23,21266.0,0
2026-08-15,[제과_블트하] 26.07_블트깡출시_수동_전환_video_전체타겟,0811_라이브커머스형_블트깡출시 (KR1),[26.08]F_V_BT깡_전환_블트깡출시_라이브커머스형_라이브커머스형.KR1_var1.릴스_찐템강조.주변.슬기.X_1P_김소희_260811_제과_피재은,31,1,1341.0,0
2026-08-15,[제과_블트하] 26.07_블트깡출시_수동_전환_video_전체타겟,0813_브랜든형BP_블트깡출시 (test),[26.08]F_V_BT깡_전환_블트깡출시_신규BP_브랜든배너형BP_var2.릴스_고급간식1티어.X_2P_최재원_260813_제과_최재원,944,8,16570.0,0
2026-08-15,[제과_블트하] 26.07_블트깡출시_수동_전환_video_전체타겟,0814_현장네고형_블트칩출시 (이국주) (KR1),[26.08]F_V_BT칩_전환_블트칩출시_네고형_현장네고형.이국주.KR1_var1.릴스_대세감.슬기.X_1P_최나영_260814_제과_피재은,551,11,13505.0,0
2026-08-15,(마스터ASC)[제과_블트하] 26.08_블트깡출시_ASC_전환_image,(마스터ASC)[제과_블트하] 26.08_블트하출시_ASC_전환_image,[26.08]F_I_BT깡_전환_블트칩출시_혜택강조형_이국주_.배너_다시는없어요.__김소희_260814_제과_김수정,13,2,419.0,0
2026-08-16,[칩] (마스터ASC)[제과_블트하] 26.07_블트칩출시_ASC_전환_video,[칩] (마스터ASC)[제과_블트하] 26.07_블트칩출시_ASC_전환_video,[26.07]F_V_BT칩_전환_블트칩출시_쩜오건_3040페르소나강조.리셀.KR1_var1.릴스_중국산비교.X_1P_김소희_260724_제과_강경연,61,1,914.0,1
2026-08-16,[제과_블트하] 26.07_블트깡출시_수동_전환_video_전체타겟,0811_라이브커머스형_블트깡출시 (KR1),[26.08]F_V_BT깡_전환_블트깡출시_라이브커머스형_라이브커머스형.KR1_var1.릴스_찐템강조.주변.슬기.X_1P_김소희_260811_제과_피재은,251,8,11667.0,2
2026-08-16,(마스터ASC)[제과_블트하] 26.08_블트깡출시_ASC_전환_image,(마스터ASC)[제과_블트하] 26.08_블트하출시_ASC_전환_image,[26.08]F_I_BT깡_전환_블트칩출시_혜택강조형_이국주_.배너_다시는없어요.__김소희_260814_제과_김수정,39,3,868.0,0
2026-08-17,[칩] (마스터ASC)[제과_블트하] 26.07_블트칩출시_ASC_전환_video,[칩] (마스터ASC)[제과_블트하] 26.07_블트칩출시_ASC_전환_video,[26.07]F_V_BT칩_전환_블트칩출시_쩜오건_3040페르소나강조.리셀.KR1_var1.릴스_중국산비교.X_1P_김소희_260724_제과_강경연,450,11,8070.0,1
2026-08-17,[제과_블트하] 26.07_블트깡출시_수동_전환_video_전체타겟,0811_라이브커머스형_블트깡출시 (KR1),[26.08]F_V_BT깡_전환_블트깡출시_라이브커머스형_라이브커머스형.KR1_var1.릴스_찐템강조.주변.슬기.X_1P_김소희_260811_제과_피재은,38,0,1895.0,0
2026-08-17,(마스터ASC)[제과_블트하] 26.08_블트깡출시_ASC_전환_image,(마스터ASC)[제과_블트하] 26.08_블트하출시_ASC_전환_image,[26.08]F_I_BT깡_전환_블트칩출시_혜택강조형_이국주_.배너_다시는없어요.__김소희_260814_제과_김수정,125,5,3840.0,0
2026-08-14,(ASC) [제과_블트하] 26.07_블트칩출시_ASC_전환_image,(ASC)[제과_블트하] 26.07_블트칩출시_ASC_전환_image,[26.07]F_I_BT혼_전환_블트칩출시_혜택강조형_KR1_.피드_쌀때쟁이세요.__김소희_260728_제과_김수정,7,0,230.0,0
2026-08-14,(ASC) [제과_블트하] 26.07_블트칩출시_ASC_전환_image,(ASC)[제과_블트하] 26.07_블트칩출시_ASC_전환_image,[26.07]F_I_BT칩_전환_블트칩출시_혜택강조형_KR2_.릴스_안다르bp.맛잘알인정받는집들이안주.__김소희_260729_제과_박서연,205,5,2881.0,1
2026-08-14,[제과_블트하] 26.07_블트깡출시_수동_전환_video_전체타겟,0807_인덕션BP_블트칩출시 (KR1),[26.08]F_V_BT칩_전환_블트칩출시_신규BP_인덕션BP.KR1_var2.릴스_돈안아까움.X_1P_김소희_260807_제과_이봄1,1,0,1.0,0
2026-08-14,[제과_블트하] 26.07_블트깡출시_수동_전환_image_전체타겟,0813_이국주(~0912)_블트칩출시 (KR2),[26.08]F_I_BT깡_전환_블트칩출시_유명인권위형_이국주.KR2_.릴스_옆자리에서.유행강조.__김소희_260814_제과_김수정,146,1,2504.0,0
2026-08-15,(ASC) [제과_블트하] 26.07_블트칩출시_ASC_전환_image,(ASC)[제과_블트하] 26.07_블트칩출시_ASC_전환_image,[26.07]F_I_BT칩_전환_블트칩출시_혜택강조형_KR2_.릴스_안다르bp.맛잘알인정받는집들이안주.__김소희_260729_제과_박서연,2603,34,42004.0,3
2026-08-15,[칩] (마스터ASC)[제과_블트하] 26.07_블트칩출시_ASC_전환_video,[칩] (마스터ASC)[제과_블트하] 26.07_블트칩출시_ASC_전환_video,[26.08]F_V_BT혼_전환_블트칩출시_신규BP_풀리오BP.KR1_var1.릴스_내부BP후킹.남편.X_2P_최나영_260801_제과_이봄1,1,0,3.0,0
2026-08-15,[제과_블트하] 26.07_블트깡출시_수동_전환_video_전체타겟,0807_인덕션BP_블트칩출시 (KR1),[26.08]F_V_BT칩_전환_블트칩출시_신규BP_인덕션BP.KR1_var2.릴스_돈안아까움.X_1P_김소희_260807_제과_이봄1,7,0,156.0,0
2026-08-15,[제과_블트하] 26.07_블트깡출시_수동_전환_image_전체타겟,0813_이국주(~0912)_블트칩출시 (KR2),[26.08]F_I_BT깡_전환_블트칩출시_유명인권위형_이국주.KR2_.릴스_옆자리에서.유행강조.__김소희_260814_제과_김수정,152,3,2869.0,0
2026-08-15,(마스터ASC)[제과_블트하] 26.07_블트깡출시_ASC_전환_video,(마스터ASC)[제과_블트하] 26.07_블트깡출시_ASC_전환_video,[26.08]F_V_BT혼_전환_블트칩출시_신규BP_젤리백BP.이국주.KR1_var3.릴스_이국주+어그로.X_2P_최나영_260814_제과_이봄1,20,0,399.0,0
2026-08-15,[제과_블트하] 26.07_블트깡출시_수동_전환_video_전체타겟,0814_젤리백BP_블트칩출시 (이국주) (KR2),[26.08]F_V_BT혼_전환_블트칩출시_신규BP_젤리백BP.이국주.KR2_var1.릴스_본론.이국주만.X_2P_최나영_260814_제과_이봄1,40,0,1132.0,0
2026-08-15,(마스터ASC)[제과_블트하] 26.08_블트깡출시_ASC_전환_image,(마스터ASC)[제과_블트하] 26.08_블트하출시_ASC_전환_image,[26.08]F_I_BT혼_전환_블트칩출시_혜택강조형_이국주_.배너_요즘품절대란이라는.__김소희_260814_제과_김수정,11,1,137.0,0
2026-08-16,(ASC) [제과_블트하] 26.07_블트칩출시_ASC_전환_image,(ASC)[제과_블트하] 26.07_블트칩출시_ASC_전환_image,[26.07]F_I_BT칩_전환_블트칩출시_혜택강조형_KR2_.릴스_안다르bp.맛잘알인정받는집들이안주.__김소희_260729_제과_박서연,5185,56,87216.0,6
2026-08-16,[칩] (마스터ASC)[제과_블트하] 26.07_블트칩출시_ASC_전환_video,[칩] (마스터ASC)[제과_블트하] 26.07_블트칩출시_ASC_전환_video,[26.08]F_V_BT혼_전환_블트칩출시_신규BP_풀리오BP.KR1_var1.릴스_내부BP후킹.남편.X_2P_최나영_260801_제과_이봄1,6,1,1433.0,0
2026-08-16,[제과_블트하] 26.07_블트깡출시_수동_전환_image_전체타겟,0813_이국주(~0912)_블트칩출시 (KR2),[26.08]F_I_BT깡_전환_블트칩출시_유명인권위형_이국주.KR2_.릴스_옆자리에서.유행강조.__김소희_260814_제과_김수정,166,0,5029.0,0
2026-08-16,(마스터ASC)[제과_블트하] 26.07_블트깡출시_ASC_전환_video,(마스터ASC)[제과_블트하] 26.07_블트깡출시_ASC_전환_video,[26.08]F_V_BT혼_전환_블트칩출시_신규BP_젤리백BP.이국주.KR1_var3.릴스_이국주+어그로.X_2P_최나영_260814_제과_이봄1,5,0,80.0,0
2026-08-16,[제과_블트하] 26.07_블트깡출시_수동_전환_video_전체타겟,0814_젤리백BP_블트칩출시 (이국주) (KR2),[26.08]F_V_BT혼_전환_블트칩출시_신규BP_젤리백BP.이국주.KR2_var1.릴스_본론.이국주만.X_2P_최나영_260814_제과_이봄1,6,0,121.0,0
2026-08-16,(마스터ASC)[제과_블트하] 26.08_블트깡출시_ASC_전환_image,(마스터ASC)[제과_블트하] 26.08_블트하출시_ASC_전환_image,[26.08]F_I_BT혼_전환_블트칩출시_혜택강조형_이국주_.배너_요즘품절대란이라는.__김소희_260814_제과_김수정,38,1,819.0,0
2026-08-17,(ASC) [제과_블트하] 26.07_블트칩출시_ASC_전환_image,(ASC)[제과_블트하] 26.07_블트칩출시_ASC_전환_image,[26.07]F_I_BT혼_전환_블트칩출시_혜택강조형_KR1_.피드_쌀때쟁이세요.__김소희_260728_제과_김수정,8,0,396.0,0
2026-08-17,(ASC) [제과_블트하] 26.07_블트칩출시_ASC_전환_image,(ASC)[제과_블트하] 26.07_블트칩출시_ASC_전환_image,[26.07]F_I_BT칩_전환_블트칩출시_혜택강조형_KR2_.릴스_안다르bp.맛잘알인정받는집들이안주.__김소희_260729_제과_박서연,5099,53,79899.0,3
2026-08-17,[칩] (마스터ASC)[제과_블트하] 26.07_블트칩출시_ASC_전환_video,[칩] (마스터ASC)[제과_블트하] 26.07_블트칩출시_ASC_전환_video,[26.08]F_V_BT혼_전환_블트칩출시_신규BP_풀리오BP.KR1_var5.릴스_중독성후킹.남편.X_2P_최나영_260801_제과_이봄1,1,0,8.0,0
2026-08-17,[제과_블트하] 26.07_블트깡출시_수동_전환_video_전체타겟,0807_인덕션BP_블트칩출시 (KR1),[26.08]F_V_BT칩_전환_블트칩출시_신규BP_인덕션BP.KR1_var2.릴스_돈안아까움.X_1P_김소희_260807_제과_이봄1,1,0,8.0,0
2026-08-17,[제과_블트하] 26.07_블트깡출시_수동_전환_image_전체타겟,0813_이국주(~0912)_블트칩출시 (KR2),[26.08]F_I_BT깡_전환_블트칩출시_유명인권위형_이국주.KR2_.릴스_옆자리에서.유행강조.__김소희_260814_제과_김수정,61,0,2122.0,0
2026-08-17,[제과_블트하] 26.07_블트깡출시_수동_전환_video_전체타겟,0814_젤리백BP_블트칩출시 (이국주) (KR2),[26.08]F_V_BT혼_전환_블트칩출시_신규BP_젤리백BP.이국주.KR2_var1.릴스_본론.이국주만.X_2P_최나영_260814_제과_이봄1,1,0,8.0,0
2026-08-17,(마스터ASC)[제과_블트하] 26.08_블트깡출시_ASC_전환_image,(마스터ASC)[제과_블트하] 26.08_블트하출시_ASC_전환_image,[26.08]F_I_BT혼_전환_블트칩출시_혜택강조형_이국주_.배너_요즘품절대란이라는.__김소희_260814_제과_김수정,43,1,804.0,0
2026-08-14,(ASC) [제과_블트하] 26.07_블트칩출시_ASC_전환_image,(ASC)[제과_블트하] 26.07_블트칩출시_ASC_전환_image,[26.07]F_I_BT깡_전환_블트칩출시_혜택강조형_KR1_.릴스_맥주안주필승템.__김소희_260729_제과_김수정,711,0,7828.0,0
2026-08-14,[제과_블트하] 26.07_블트깡출시_수동_전환_video_전체타겟,0811_라이브커머스형_블트깡출시 (KR1),[26.08]F_V_BT깡_전환_블트깡출시_라이브커머스형_라이브커머스형.KR1_var12.릴스_가격강조.편의점.슬기.X_1P_김소희_260812_제과_피재은,15,0,226.0,0
2026-08-14,(마스터ASC)[제과_블트하] 26.07_블트깡출시_ASC_전환_video,(마스터ASC)[제과_블트하] 26.07_블트깡출시_ASC_전환_video,[26.08]F_V_BT깡_전환_블트깡출시_라이브커머스형_라이브커머스형.KR1_var8.릴스_전체.남편안주.슬기.X_1P_김소희_260812_제과_피재은,34,0,599.0,1
2026-08-14,[제과_블트하] 26.07_블트깡출시_수동_전환_image_전체타겟,0813_이국주(~0912)_블트칩출시 (KR1),[26.08]F_I_BT깡_전환_블트칩출시_유명인권위형_이국주.KR1_.릴스_희소성.__김소희_260813_제과_김수정,572,7,11241.0,0
2026-08-15,(ASC) [제과_블트하] 26.07_블트깡출시_ASC_전환_image,(ASC)[제과_블트하] 26.07_블트깡출시_ASC_전환_image,[26.07]F_I_BT칩_전환_블트칩출시_혜택강조형_KR2_.배너_캠핑장에서.__최나영_260730_제과_김수정,26,0,193.0,0
2026-08-15,(ASC) [제과_블트하] 26.07_블트깡출시_ASC_전환_image,(ASC)[제과_블트하] 26.07_블트깡출시_ASC_전환_image,[26.08]F_I_BT칩_전환_블트칩출시_혜택강조형_KR1_.피드_리뷰형.입맛까다로운남편.__김소희_260805_제과_박서연,25,0,670.0,0
2026-08-15,[제과_블트하] 26.07_블트깡출시_수동_전환_video_전체타겟,0811_라이브커머스형_블트깡출시 (KR1),[26.08]F_V_BT깡_전환_블트깡출시_라이브커머스형_라이브커머스형.KR1_var12.릴스_가격강조.편의점.슬기.X_1P_김소희_260812_제과_피재은,11,0,135.0,0
2026-08-15,(마스터ASC)[제과_블트하] 26.07_블트깡출시_ASC_전환_video,(마스터ASC)[제과_블트하] 26.07_블트깡출시_ASC_전환_video,[26.08]F_V_BT깡_전환_블트깡출시_라이브커머스형_라이브커머스형.KR1_var8.릴스_전체.남편안주.슬기.X_1P_김소희_260812_제과_피재은,38,1,301.0,0
2026-08-15,[제과_블트하] 26.07_블트깡출시_수동_전환_image_전체타겟,0813_이국주(~0912)_블트칩출시 (KR1),[26.08]F_I_BT깡_전환_블트칩출시_유명인권위형_이국주.KR1_.릴스_희소성.__김소희_260813_제과_김수정,10,0,281.0,0
2026-08-15,(마스터ASC)[제과_블트하] 26.08_블트깡출시_ASC_전환_image,(마스터ASC)[제과_블트하] 26.08_블트하출시_ASC_전환_image,[26.08]F_I_BT혼_전환_블트칩출시_혜택강조형_이국주_.배너_저희도당황스럽습니다.__김소희_260814_제과_박지현,4,0,204.0,0
2026-08-15,(마스터ASC)[제과_블트하] 26.08_블트깡출시_ASC_전환_image,(마스터ASC)[제과_블트하] 26.08_블트하출시_ASC_전환_image,[26.08]F_I_BT깡_전환_블트칩출시_유명인권위형_이국주.KR2_.릴스_내부직원도.__김소희_260814_제과_김수정,47,4,1392.0,1
2026-08-15,(마스터ASC)[제과_블트하] 26.08_블트깡출시_ASC_전환_image,(마스터ASC)[제과_블트하] 26.08_블트하출시_ASC_전환_image,[26.08]F_I_BT깡_전환_블트칩출시_유명인권위형_이국주.KR2_.릴스_엄마들유행이라던데.__김소희_260814_제과_김수정,3,0,12.0,0
2026-08-16,(ASC) [제과_블트하] 26.07_블트칩출시_ASC_전환_image,(ASC)[제과_블트하] 26.07_블트칩출시_ASC_전환_image,[26.07]F_I_BT깡_전환_블트칩출시_혜택강조형_KR1_.릴스_2분할개당1천원대.__김소희_260729_제과_김수정,15,0,174.0,0
2026-08-16,(ASC) [제과_블트하] 26.07_블트깡출시_ASC_전환_image,(ASC)[제과_블트하] 26.07_블트깡출시_ASC_전환_image,[26.07]F_I_BT칩_전환_블트칩출시_혜택강조형_KR2_.배너_캠핑장에서.__최나영_260730_제과_김수정,28,0,1825.0,0
2026-08-16,(ASC) [제과_블트하] 26.07_블트깡출시_ASC_전환_image,(ASC)[제과_블트하] 26.07_블트깡출시_ASC_전환_image,[26.08]F_I_BT칩_전환_블트칩출시_혜택강조형_KR1_.피드_리뷰형.입맛까다로운남편.__김소희_260805_제과_박서연,1,0,16.0,0
2026-08-16,[칩] (마스터ASC)[제과_블트하] 26.07_블트칩출시_ASC_전환_video,[칩] (마스터ASC)[제과_블트하] 26.07_블트칩출시_ASC_전환_video,[26.08]F_V_BT혼_전환_블트칩출시_신규BP_무아스BP_var3.릴스_가족인정.주부페르소나.KR1.X_2P_최나영_260807_제과_이미진,1,0,3.0,0
2026-08-16,(마스터ASC)[제과_블트하] 26.08_블트깡출시_ASC_전환_image,(마스터ASC)[제과_블트하] 26.08_블트하출시_ASC_전환_image,[26.08]F_I_BT혼_전환_블트칩출시_혜택강조형_이국주_.배너_저희도당황스럽습니다.__김소희_260814_제과_박지현,6,1,223.0,0
2026-08-16,(마스터ASC)[제과_블트하] 26.08_블트깡출시_ASC_전환_image,(마스터ASC)[제과_블트하] 26.08_블트하출시_ASC_전환_image,[26.08]F_I_BT깡_전환_블트칩출시_유명인권위형_이국주.KR2_.릴스_내부직원도.__김소희_260814_제과_김수정,48,0,873.0,0
2026-08-16,(마스터ASC)[제과_블트하] 26.08_블트깡출시_ASC_전환_image,(마스터ASC)[제과_블트하] 26.08_블트하출시_ASC_전환_image,[26.08]F_I_BT깡_전환_블트칩출시_유명인권위형_이국주.KR2_.릴스_엄마들유행이라던데.__김소희_260814_제과_김수정,3,0,26.0,0
2026-08-17,(ASC) [제과_블트하] 26.07_블트깡출시_ASC_전환_image,(ASC)[제과_블트하] 26.07_블트깡출시_ASC_전환_image,[26.07]F_I_BT칩_전환_블트칩출시_혜택강조형_KR2_.배너_캠핑장에서.__최나영_260730_제과_김수정,29,1,197.0,0
2026-08-17,(ASC) [제과_블트하] 26.07_블트깡출시_ASC_전환_image,(ASC)[제과_블트하] 26.07_블트깡출시_ASC_전환_image,[26.08]F_I_BT칩_전환_블트칩출시_혜택강조형_KR1_.피드_리뷰형.입맛까다로운남편.__김소희_260805_제과_박서연,348,6,9998.0,1
2026-08-17,[칩] (마스터ASC)[제과_블트하] 26.07_블트칩출시_ASC_전환_video,[칩] (마스터ASC)[제과_블트하] 26.07_블트칩출시_ASC_전환_video,[26.08]F_V_BT혼_전환_블트칩출시_신규BP_무아스BP_var3.릴스_가족인정.주부페르소나.KR1.X_2P_최나영_260807_제과_이미진,58,2,1301.0,1
2026-08-17,(마스터ASC)[제과_블트하] 26.08_블트깡출시_ASC_전환_image,(마스터ASC)[제과_블트하] 26.08_블트하출시_ASC_전환_image,[26.08]F_I_BT칩_전환_블트칩출시_혜택강조형_KR1_.릴스_심리자극.살림잘하는엄마.__김소희_260807_제과_김수정,27,1,524.0,0
2026-08-17,[제과_블트하] 26.07_블트깡출시_수동_전환_video_전체타겟,0811_라이브커머스형_블트깡출시 (KR1),[26.08]F_V_BT깡_전환_블트깡출시_라이브커머스형_라이브커머스형.KR1_var12.릴스_가격강조.편의점.슬기.X_1P_김소희_260812_제과_피재은,31,0,665.0,0
2026-08-17,(마스터ASC)[제과_블트하] 26.07_블트깡출시_ASC_전환_video,(마스터ASC)[제과_블트하] 26.07_블트깡출시_ASC_전환_video,[26.08]F_V_BT깡_전환_블트깡출시_라이브커머스형_라이브커머스형.KR1_var8.릴스_전체.남편안주.슬기.X_1P_김소희_260812_제과_피재은,11,0,161.0,0
2026-08-17,(마스터ASC)[제과_블트하] 26.08_블트깡출시_ASC_전환_image,(마스터ASC)[제과_블트하] 26.08_블트하출시_ASC_전환_image,[26.08]F_I_BT깡_전환_블트칩출시_유명인권위형_이국주.KR2_.릴스_내부직원도.__김소희_260814_제과_김수정,1,0,1.0,0
2026-08-17,(마스터ASC)[제과_블트하] 26.08_블트깡출시_ASC_전환_image,(마스터ASC)[제과_블트하] 26.08_블트하출시_ASC_전환_image,[26.08]F_I_BT깡_전환_블트칩출시_유명인권위형_이국주.KR2_.릴스_엄마들유행이라던데.__김소희_260814_제과_김수정,53,1,1611.0,0
2026-08-14,[칩] (마스터ASC)[제과_블트하] 26.07_블트칩출시_ASC_전환_video,[칩] (마스터ASC)[제과_블트하] 26.07_블트칩출시_ASC_전환_video,[26.08]F_V_BT혼_전환_블트칩출시_신규BP_풀리오BP.KR1_var2.릴스_외부BP후킹.남편.X_2P_최나영_260801_제과_이봄1,4,0,89.0,0
2026-08-14,[제과_블트하] 26.07_블트깡출시_수동_전환_video_전체타겟,0811_라이브커머스형_블트깡출시 (KR1),[26.08]F_V_BT깡_전환_블트깡출시_라이브커머스형_라이브커머스형.KR1_var3.릴스_찐템강조.댓글.슬기.X_1P_김소희_260811_제과_피재은,3,0,87.0,0
2026-08-14,[제과_블트하] 26.07_블트깡출시_수동_전환_video_전체타겟,0813_브랜든형BP_블트깡출시 (test),[26.08]F_V_BT칩_전환_블트깡출시_신규BP_브랜든배너형BP_var1.릴스_손님간식1티어.X_2P_최재원_260813_제과_최재원,423,3,7623.0,0
2026-08-14,[제과_블트하] 26.07_블트깡출시_수동_전환_image_전체타겟,0813_이국주(~0912)_블트칩출시 (KR1),[26.08]F_I_BT깡_전환_블트칩출시_유명인권위형_이국주.KR1_.릴스_혜택맛비주얼강조.원재료강조.__김소희_260813_제과_김수정,15,0,306.0,0
2026-08-15,[칩] (마스터ASC)[제과_블트하] 26.07_블트칩출시_ASC_전환_video,[칩] (마스터ASC)[제과_블트하] 26.07_블트칩출시_ASC_전환_video,[26.08]F_V_BT혼_전환_블트칩출시_신규BP_풀리오BP.KR1_var2.릴스_외부BP후킹.남편.X_2P_최나영_260801_제과_이봄1,4,0,160.0,0
2026-08-15,(ASC) [제과_블트하] 26.07_블트깡출시_ASC_전환_image,(ASC)[제과_블트하] 26.07_블트깡출시_ASC_전환_image,[26.08]F_I_BT칩_전환_블트칩출시_혜택강조형_KR1_.피드_리뷰형.남편이한번에3봉먹어요.__김소희_260805_제과_박서연,78,0,1403.0,0
2026-08-15,[제과_블트하] 26.07_블트깡출시_수동_전환_image_전체타겟,0806_돈값.공지문형_블트칩출시 (KR1),[26.08]F_I_BT혼_전환_블트칩출시_혜택강조형_KR1_.피드_원가이하할인중.하몽갈아넣은.__김소희_260806_제과_김수정,4,0,60.0,0
2026-08-15,[제과_블트하] 26.07_블트깡출시_수동_전환_video_전체타겟,0814_고효율재편집_블트깡출시,[26.08]F_V_BT깡_전환_블트깡출시_쩜오건_이국주.KR1_var3.릴스_육포깡BP.(재)_1P_최나영_260814_제과_문형민,30,1,397.0,0
2026-08-16,(ASC) [제과_블트하] 26.07_블트깡출시_ASC_전환_image,(ASC)[제과_블트하] 26.07_블트깡출시_ASC_전환_image,[26.08]F_I_BT칩_전환_블트칩출시_혜택강조형_KR1_.피드_리뷰형.남편이한번에3봉먹어요.__김소희_260805_제과_박서연,391,5,10344.0,0
2026-08-16,[칩] (마스터ASC)[제과_블트하] 26.07_블트칩출시_ASC_전환_video,[칩] (마스터ASC)[제과_블트하] 26.07_블트칩출시_ASC_전환_video,[26.08]F_V_BT혼_전환_블트칩출시_신규BP_무아스BP_var1.릴스_가성비.주부페르소나.KR1.X_2P_최나영_260807_제과_이미진,1,0,57.0,0
2026-08-16,[제과_블트하] 26.07_블트깡출시_수동_전환_video_전체타겟,0814_고효율재편집_블트깡출시,[26.08]F_V_BT깡_전환_블트깡출시_쩜오건_이국주.KR1_var3.릴스_육포깡BP.(재)_1P_최나영_260814_제과_문형민,7,0,150.0,0
2026-08-17,[칩] (마스터ASC)[제과_블트하] 26.07_블트칩출시_ASC_전환_video,[칩] (마스터ASC)[제과_블트하] 26.07_블트칩출시_ASC_전환_video,[26.08]F_V_BT혼_전환_블트칩출시_신규BP_풀리오BP.KR1_var2.릴스_외부BP후킹.남편.X_2P_최나영_260801_제과_이봄1,62,2,1752.0,3
2026-08-17,[칩] (마스터ASC)[제과_블트하] 26.07_블트칩출시_ASC_전환_video,[칩] (마스터ASC)[제과_블트하] 26.07_블트칩출시_ASC_전환_video,[26.08]F_V_BT혼_전환_블트칩출시_신규BP_무아스BP_var1.릴스_가성비.주부페르소나.KR1.X_2P_최나영_260807_제과_이미진,9,0,84.0,0
2026-08-17,[제과_블트하] 26.07_블트깡출시_수동_전환_video_전체타겟,0814_고효율재편집_블트깡출시,[26.08]F_V_BT깡_전환_블트깡출시_쩜오건_이국주.KR1_var3.릴스_육포깡BP.(재)_1P_최나영_260814_제과_문형민,3,0,144.0,0
2026-08-14,[제과_콘스프맛 팝콘] 26.05_콘스프맛팝콘출시_ASC_전환_video_네고형_0506,[콘스프맛 팝콘] 26.05_콘스프맛팝콘출시_ASC_전환_video_네고형_0506,[26.05]F_V_PC콘_전환_콘스프맛팝콘출시_네고형_네고형_main.릴스_공통.형민.형민PJ1_3C_박현지_260506_3T_이수민,4915,48,42125.0,1
2026-08-14,(마스터ASC)[제과_블트하] 26.07_블트깡출시_ASC_전환_video,(마스터ASC)[제과_블트하] 26.07_블트깡출시_ASC_전환_video,[26.07]F_V_BT깡_전환_블트깡출시_제조과정형_CS제조과정형.KR2_var1.릴스_중국산.슬기.X_1P_김소희_260715_제과_피재은,29,0,369.0,0
2026-08-14,(마스터ASC)[제과_블트하] 26.07_블트깡출시_ASC_전환_video,(마스터ASC)[제과_블트하] 26.07_블트깡출시_ASC_전환_video,[26.08]F_V_BT칩_전환_블트칩출시_신규BP_아린이네BP.KR1_var4.릴스_공구형.맛비주얼.X_2P_최나영_260811_제과_윤성미,22,0,317.0,0
2026-08-14,(마스터ASC)[제과_블트하] 26.07_블트깡출시_ASC_전환_video,(마스터ASC)[제과_블트하] 26.07_블트깡출시_ASC_전환_video,[26.08]F_V_BT깡_전환_블트깡출시_라이브커머스형_라이브커머스형.KR1_var12.릴스_가격강조.편의점.슬기.X_1P_김소희_260812_제과_피재은,7,1,131.0,1
2026-08-14,(마스터ASC)[제과_블트하] 26.07_블트깡출시_ASC_전환_video,(마스터ASC)[제과_블트하] 26.07_블트깡출시_ASC_전환_video,[26.08]F_V_BT깡_전환_블트깡출시_신규BP_브랜든배너형BP_var2.릴스_고급간식1티어.X_2P_최재원_260813_제과_최재원,24,1,538.0,0
2026-08-15,(마스터ASC)[제과_블트하] 26.07_블트깡출시_ASC_전환_video,(마스터ASC)[제과_블트하] 26.07_블트깡출시_ASC_전환_video,[26.07]F_V_BT깡_전환_블트깡출시_제조과정형_CS제조과정형.KR2_var1.릴스_중국산.슬기.X_1P_김소희_260715_제과_피재은,472,14,7112.0,0
2026-08-15,(ASC) [제과_블트하] 26.07_블트칩출시_ASC_전환_image,(ASC)[제과_블트하] 26.07_블트칩출시_ASC_전환_image,[26.07]F_I_BT칩_전환_블트칩출시_혜택강조형_KR1_.피드_초딩입맛우리남편.__김소희_260728_제과_김수정,3,0,9.0,0
2026-08-15,(마스터ASC)[제과_블트하] 26.07_블트깡출시_ASC_전환_video,(마스터ASC)[제과_블트하] 26.07_블트깡출시_ASC_전환_video,[26.08]F_V_BT칩_전환_블트칩출시_신규BP_인덕션BP.KR1_var4.릴스_일반취식.X_1P_김소희_260807_제과_이봄1,1,0,2.0,0
2026-08-15,(마스터ASC)[제과_블트하] 26.07_블트깡출시_ASC_전환_video,(마스터ASC)[제과_블트하] 26.07_블트깡출시_ASC_전환_video,[26.08]F_V_BT칩_전환_블트칩출시_신규BP_아린이네BP.KR1_var4.릴스_공구형.맛비주얼.X_2P_최나영_260811_제과_윤성미,37,1,768.0,0
2026-08-15,(마스터ASC)[제과_블트하] 26.07_블트깡출시_ASC_전환_video,(마스터ASC)[제과_블트하] 26.07_블트깡출시_ASC_전환_video,[26.08]F_V_BT깡_전환_블트깡출시_신규BP_브랜든배너형BP_var2.릴스_고급간식1티어.X_2P_최재원_260813_제과_최재원,71,2,1482.0,1
2026-08-15,(마스터ASC)[제과_블트하] 26.07_블트깡출시_ASC_전환_video,(마스터ASC)[제과_블트하] 26.07_블트깡출시_ASC_전환_video,[26.08]F_V_BT깡_전환_블트깡출시_신규BP_브랜든배너형BP_var5.릴스_고급간식1티어.할인추가.X_2P_최재원_260814_제과_최재원,44,0,483.0,0
2026-08-15,(마스터ASC)[제과_블트하] 26.07_블트깡출시_ASC_전환_video,(마스터ASC)[제과_블트하] 26.07_블트깡출시_ASC_전환_video,[26.08]F_V_BT혼_전환_블트칩출시_신규BP_젤리백BP.이국주.KR1_var2.릴스_이국주+핫함.X_2P_최나영_260814_제과_이봄1,16,0,135.0,0
2026-08-15,(마스터ASC)[제과_블트하] 26.07_블트깡출시_ASC_전환_video,(마스터ASC)[제과_블트하] 26.07_블트깡출시_ASC_전환_video,[26.08]F_V_BT혼_전환_블트칩출시_신규BP_젤리백BP.이국주.KR1_var5.릴스_이국주+취식.X_2P_최나영_260814_제과_이봄1,8,0,98.0,0
2026-08-16,(마스터ASC)[제과_블트하] 26.07_블트깡출시_ASC_전환_video,(마스터ASC)[제과_블트하] 26.07_블트깡출시_ASC_전환_video,[26.07]F_V_BT깡_전환_블트깡출시_제조과정형_CS제조과정형.KR2_var1.릴스_중국산.슬기.X_1P_김소희_260715_제과_피재은,557,13,9726.0,0
2026-08-16,(마스터ASC)[제과_블트하] 26.07_블트깡출시_ASC_전환_video,(마스터ASC)[제과_블트하] 26.07_블트깡출시_ASC_전환_video,[26.08]F_V_BT깡_전환_블트깡출시_라이브커머스형_라이브커머스형.KR1_var12.릴스_가격강조.편의점.슬기.X_1P_김소희_260812_제과_피재은,4,0,50.0,0
2026-08-16,(마스터ASC)[제과_블트하] 26.07_블트깡출시_ASC_전환_video,(마스터ASC)[제과_블트하] 26.07_블트깡출시_ASC_전환_video,[26.08]F_V_BT깡_전환_블트깡출시_신규BP_브랜든배너형BP_var2.릴스_고급간식1티어.X_2P_최재원_260813_제과_최재원,134,0,2090.0,0
2026-08-16,(마스터ASC)[제과_블트하] 26.07_블트깡출시_ASC_전환_video,(마스터ASC)[제과_블트하] 26.07_블트깡출시_ASC_전환_video,[26.08]F_V_BT깡_전환_블트깡출시_신규BP_브랜든배너형BP_var5.릴스_고급간식1티어.할인추가.X_2P_최재원_260814_제과_최재원,25,0,299.0,0
2026-08-16,(마스터ASC)[제과_블트하] 26.07_블트깡출시_ASC_전환_video,(마스터ASC)[제과_블트하] 26.07_블트깡출시_ASC_전환_video,[26.08]F_V_BT혼_전환_블트칩출시_신규BP_젤리백BP.이국주.KR1_var2.릴스_이국주+핫함.X_2P_최나영_260814_제과_이봄1,8,0,62.0,0
2026-08-16,(마스터ASC)[제과_블트하] 26.07_블트깡출시_ASC_전환_video,(마스터ASC)[제과_블트하] 26.07_블트깡출시_ASC_전환_video,[26.08]F_V_BT혼_전환_블트칩출시_신규BP_젤리백BP.이국주.KR1_var5.릴스_이국주+취식.X_2P_최나영_260814_제과_이봄1,1,0,4.0,0
2026-08-17,(마스터ASC)[제과_블트하] 26.07_블트깡출시_ASC_전환_video,(마스터ASC)[제과_블트하] 26.07_블트깡출시_ASC_전환_video,[26.07]F_V_BT깡_전환_블트깡출시_제조과정형_CS제조과정형.KR2_var1.릴스_중국산.슬기.X_1P_김소희_260715_제과_피재은,1692,45,37147.0,5
2026-08-17,(ASC) [제과_블트하] 26.07_블트칩출시_ASC_전환_image,(ASC)[제과_블트하] 26.07_블트칩출시_ASC_전환_image,[26.07]F_I_BT칩_전환_블트칩출시_혜택강조형_KR1_.피드_초딩입맛우리남편.__김소희_260728_제과_김수정,18,1,281.0,1
2026-08-17,(마스터ASC)[제과_블트하] 26.07_블트깡출시_ASC_전환_video,(마스터ASC)[제과_블트하] 26.07_블트깡출시_ASC_전환_video,[26.08]F_V_BT칩_전환_블트칩출시_신규BP_아린이네BP.KR1_var4.릴스_공구형.맛비주얼.X_2P_최나영_260811_제과_윤성미,30,1,496.0,0
2026-08-17,(마스터ASC)[제과_블트하] 26.07_블트깡출시_ASC_전환_video,(마스터ASC)[제과_블트하] 26.07_블트깡출시_ASC_전환_video,[26.08]F_V_BT깡_전환_블트깡출시_라이브커머스형_라이브커머스형.KR1_var12.릴스_가격강조.편의점.슬기.X_1P_김소희_260812_제과_피재은,1,0,5.0,0
2026-08-17,(마스터ASC)[제과_블트하] 26.07_블트깡출시_ASC_전환_video,(마스터ASC)[제과_블트하] 26.07_블트깡출시_ASC_전환_video,[26.08]F_V_BT깡_전환_블트깡출시_신규BP_브랜든배너형BP_var2.릴스_고급간식1티어.X_2P_최재원_260813_제과_최재원,154,7,2545.0,1
2026-08-14,(ASC) [제과_블트하] 26.07_블트칩출시_ASC_전환_image,(ASC)[제과_블트하] 26.07_블트칩출시_ASC_전환_image,[26.07]F_I_BT칩_전환_블트칩출시_혜택강조형_KR2_.릴스_안다르bp.사무실맛잘알.__김소희_260729_제과_박서연,62,0,840.0,0
2026-08-14,(ASC) [제과_블트하] 26.07_블트깡출시_ASC_전환_image,(ASC)[제과_블트하] 26.07_블트깡출시_ASC_전환_image,[26.07]F_I_BT칩_전환_블트칩출시_혜택강조형_KR1_.배너_모임갈때마다.__최나영_260730_제과_김수정,96,0,985.0,0
2026-08-14,[제과_블트하] 26.07_블트깡출시_수동_전환_video_전체타겟,0807_인덕션BP_블트칩출시 (KR1),[26.08]F_V_BT칩_전환_블트칩출시_신규BP_인덕션BP.KR1_main.릴스_본론.X_1P_김소희_260807_제과_이봄1,283,10,7127.0,0
2026-08-14,(마스터ASC)[제과_블트하] 26.08_블트깡출시_ASC_전환_image,(마스터ASC)[제과_블트하] 26.08_블트하출시_ASC_전환_image,[26.08]F_I_BT깡_전환_블트칩출시_유명인권위형_이국주.KR1_.릴스_희소성.__김소희_260813_제과_김수정,43,0,790.0,0
2026-08-14,[제과_블트하] 26.07_블트깡출시_수동_전환_image_전체타겟,0813_이국주(~0912)_블트칩출시 (KR1),[26.08]F_I_BT깡_전환_블트칩출시_유명인권위형_이국주.KR1_.릴스_원재료강조.유명인보이스.__김소희_260813_제과_김수정,374,6,8986.0,1
2026-08-14,[제과_블트하] 26.07_블트깡출시_수동_전환_video_전체타겟,0813_브랜든형BP_블트깡출시 (test),[26.08]F_V_BT칩_전환_블트깡출시_신규BP_브랜든배너형BP_main.릴스_맥주안주1티어.X_2P_최재원_260813_제과_최재원,573,6,10493.0,1
2026-08-14,[제과_블트하] 26.07_블트깡출시_수동_전환_image_전체타겟,0813_이국주(~0912)_블트칩출시 (KR2),[26.08]F_I_BT혼_전환_블트칩출시_혜택강조형_이국주_.배너_저희도당황스럽습니다.__김소희_260814_제과_박지현,5,1,214.0,0
2026-08-15,(ASC) [제과_블트하] 26.07_블트칩출시_ASC_전환_image,(ASC)[제과_블트하] 26.07_블트칩출시_ASC_전환_image,[26.07]F_I_BT칩_전환_블트칩출시_혜택강조형_KR2_.릴스_안다르bp.사무실맛잘알.__김소희_260729_제과_박서연,8,0,72.0,0
2026-08-15,(ASC) [제과_블트하] 26.07_블트깡출시_ASC_전환_image,(ASC)[제과_블트하] 26.07_블트깡출시_ASC_전환_image,[26.07]F_I_BT칩_전환_블트칩출시_혜택강조형_KR1_.배너_모임갈때마다.__최나영_260730_제과_김수정,330,1,2686.0,0
2026-08-15,(마스터ASC)[제과_블트하] 26.08_블트깡출시_ASC_전환_image,(마스터ASC)[제과_블트하] 26.08_블트하출시_ASC_전환_image,[26.08]F_I_BT깡_전환_블트칩출시_유명인권위형_이국주.KR1_.릴스_희소성.__김소희_260813_제과_김수정,11,0,126.0,0
2026-08-15,[제과_블트하] 26.07_블트깡출시_수동_전환_image_전체타겟,0813_이국주(~0912)_블트칩출시 (KR1),[26.08]F_I_BT깡_전환_블트칩출시_유명인권위형_이국주.KR1_.릴스_원재료강조.유명인보이스.__김소희_260813_제과_김수정,188,1,8498.0,0
2026-08-15,[제과_블트하] 26.07_블트깡출시_수동_전환_video_전체타겟,0813_브랜든형BP_블트깡출시 (test),[26.08]F_V_BT칩_전환_블트깡출시_신규BP_브랜든배너형BP_main.릴스_맥주안주1티어.X_2P_최재원_260813_제과_최재원,705,12,14641.0,0
2026-08-15,[제과_블트하] 26.07_블트깡출시_수동_전환_video_전체타겟,0814_젤리백BP_블트칩출시 (이국주) (KR2),[26.08]F_V_BT혼_전환_블트칩출시_신규BP_젤리백BP.이국주.KR2_var4.릴스_이국주+조합.X_2P_최나영_260814_제과_이봄1,450,9,15483.0,0
2026-08-15,[제과_블트하] 26.07_블트깡출시_수동_전환_image_전체타겟,0813_이국주(~0912)_블트칩출시 (KR2),[26.08]F_I_BT혼_전환_블트칩출시_혜택강조형_이국주_.배너_저희도당황스럽습니다.__김소희_260814_제과_박지현,241,2,8146.0,0
2026-08-16,(ASC) [제과_블트하] 26.07_블트칩출시_ASC_전환_image,(ASC)[제과_블트하] 26.07_블트칩출시_ASC_전환_image,[26.07]F_I_BT칩_전환_블트칩출시_혜택강조형_KR2_.릴스_안다르bp.사무실맛잘알.__김소희_260729_제과_박서연,107,2,1840.0,0
2026-08-16,(ASC) [제과_블트하] 26.07_블트깡출시_ASC_전환_image,(ASC)[제과_블트하] 26.07_블트깡출시_ASC_전환_image,[26.07]F_I_BT칩_전환_블트칩출시_혜택강조형_KR1_.배너_모임갈때마다.__최나영_260730_제과_김수정,42,0,488.0,0
2026-08-16,(마스터ASC)[제과_블트하] 26.08_블트깡출시_ASC_전환_image,(마스터ASC)[제과_블트하] 26.08_블트하출시_ASC_전환_image,[26.08]F_I_BT깡_전환_블트칩출시_유명인권위형_이국주.KR1_.릴스_희소성.__김소희_260813_제과_김수정,69,0,1972.0,0
2026-08-16,[제과_블트하] 26.07_블트깡출시_수동_전환_image_전체타겟,0813_이국주(~0912)_블트칩출시 (KR1),[26.08]F_I_BT깡_전환_블트칩출시_유명인권위형_이국주.KR1_.릴스_원재료강조.유명인보이스.__김소희_260813_제과_김수정,511,12,19793.0,5
2026-08-16,[제과_블트하] 26.07_블트깡출시_수동_전환_image_전체타겟,0813_이국주(~0912)_블트칩출시 (KR2),[26.08]F_I_BT혼_전환_블트칩출시_혜택강조형_이국주_.배너_저희도당황스럽습니다.__김소희_260814_제과_박지현,77,1,2462.0,0
2026-08-17,(ASC) [제과_블트하] 26.07_블트칩출시_ASC_전환_image,(ASC)[제과_블트하] 26.07_블트칩출시_ASC_전환_image,[26.07]F_I_BT칩_전환_블트칩출시_혜택강조형_KR2_.릴스_안다르bp.사무실맛잘알.__김소희_260729_제과_박서연,79,1,1115.0,0
2026-08-17,(ASC) [제과_블트하] 26.07_블트깡출시_ASC_전환_image,(ASC)[제과_블트하] 26.07_블트깡출시_ASC_전환_image,[26.07]F_I_BT칩_전환_블트칩출시_혜택강조형_KR1_.배너_모임갈때마다.__최나영_260730_제과_김수정,7,0,37.0,0
2026-08-17,(마스터ASC)[제과_블트하] 26.08_블트깡출시_ASC_전환_image,(마스터ASC)[제과_블트하] 26.08_블트하출시_ASC_전환_image,[26.08]F_I_BT깡_전환_블트칩출시_유명인권위형_이국주.KR1_.릴스_희소성.__김소희_260813_제과_김수정,12,0,661.0,0
2026-08-17,[제과_블트하] 26.07_블트깡출시_수동_전환_image_전체타겟,0813_이국주(~0912)_블트칩출시 (KR1),[26.08]F_I_BT깡_전환_블트칩출시_유명인권위형_이국주.KR1_.릴스_원재료강조.유명인보이스.__김소희_260813_제과_김수정,3422,54,126604.0,9
2026-08-17,[제과_블트하] 26.07_블트깡출시_수동_전환_image_전체타겟,0813_이국주(~0912)_블트칩출시 (KR2),[26.08]F_I_BT혼_전환_블트칩출시_혜택강조형_이국주_.배너_저희도당황스럽습니다.__김소희_260814_제과_박지현,108,4,3124.0,1
2026-08-14,[제과_블트하] 26.07_블트깡출시_수동_전환_video_전체타겟,0731_관계성네고형_블트칩출시 (KR2),[26.08]F_V_BT칩_전환_블트칩출시_네고형_관계성네고형.KR2_main.릴스_맥주취식.시어머니.X_2P_김소희_260801_제과_이미진,4015,68,62895.0,3
2026-08-14,(마스터ASC)[제과_블트하] 26.07_블트깡출시_ASC_전환_video,(마스터ASC)[제과_블트하] 26.07_블트깡출시_ASC_전환_video,[26.08]F_V_BT깡_전환_블트깡출시_라이브커머스형_라이브커머스형.KR1_var9.릴스_가격강조.메인.슬기.X_1P_김소희_260812_제과_피재은,60,1,942.0,0
2026-08-14,(마스터ASC)[제과_블트하] 26.07_블트깡출시_ASC_전환_video,(마스터ASC)[제과_블트하] 26.07_블트깡출시_ASC_전환_video,[26.08]F_V_BT칩_전환_블트깡출시_신규BP_브랜든배너형BP_var1.릴스_손님간식1티어.X_2P_최재원_260813_제과_최재원,10,1,245.0,0
2026-08-14,[제과_블트하] 26.07_블트깡출시_수동_전환_image_전체타겟,0813_이국주(~0912)_블트칩출시 (KR1),[26.08]F_I_BT깡_전환_블트칩출시_유명인권위형_이국주.KR1_.배너_공지문.제과카테고리.__김소희_260813_제과_김수정,1044,14,14057.0,2
2026-08-14,[제과_콘스프맛 팝콘] 26.05_콘스프맛팝콘출시_수동_전환_video,공구네고형(다이어터 입터짐.페인포인트)_0814,[26.08]F_V_PC혼_전환_상시_네고형_공구네고형_var3.릴스_여름관리템.X_1P_권미정_260814_제과_강경연,73,2,1353.0,0
2026-08-15,[제과_블트하] 26.07_블트깡출시_수동_전환_video_전체타겟,0731_관계성네고형_블트칩출시 (KR2),[26.08]F_V_BT칩_전환_블트칩출시_네고형_관계성네고형.KR2_main.릴스_맥주취식.시어머니.X_2P_김소희_260801_제과_이미진,13451,268,268425.0,25
2026-08-15,(ASC) [제과_블트하] 26.07_블트깡출시_ASC_전환_image,(ASC)[제과_블트하] 26.07_블트깡출시_ASC_전환_image,[26.07]F_I_BT칩_전환_블트칩출시_혜택강조형_KR1_.배너_다시는없어요.__김소희_260731_제과_김수정,4,0,23.0,0
2026-08-15,(마스터ASC)[제과_블트하] 26.07_블트깡출시_ASC_전환_video,(마스터ASC)[제과_블트하] 26.07_블트깡출시_ASC_전환_video,[26.08]F_V_BT깡_전환_블트깡출시_라이브커머스형_라이브커머스형.KR1_var9.릴스_가격강조.메인.슬기.X_1P_김소희_260812_제과_피재은,10,0,118.0,0
2026-08-15,(마스터ASC)[제과_블트하] 26.07_블트깡출시_ASC_전환_video,(마스터ASC)[제과_블트하] 26.07_블트깡출시_ASC_전환_video,[26.08]F_V_BT칩_전환_블트깡출시_신규BP_브랜든배너형BP_var1.릴스_손님간식1티어.X_2P_최재원_260813_제과_최재원,30,0,445.0,0
2026-08-15,[제과_블트하] 26.07_블트깡출시_수동_전환_image_전체타겟,0813_이국주(~0912)_블트칩출시 (KR1),[26.08]F_I_BT깡_전환_블트칩출시_유명인권위형_이국주.KR1_.배너_공지문.제과카테고리.__김소희_260813_제과_김수정,1156,13,19021.0,1
2026-08-15,[제과_콘스프맛 팝콘] 26.05_콘스프맛팝콘출시_수동_전환_video,공구네고형(다이어터 입터짐.페인포인트)_0814,[26.08]F_V_PC혼_전환_상시_네고형_공구네고형_var3.릴스_여름관리템.X_1P_권미정_260814_제과_강경연,131,4,2259.0,0
2026-08-16,[제과_블트하] 26.07_블트깡출시_수동_전환_video_전체타겟,0731_관계성네고형_블트칩출시 (KR2),[26.08]F_V_BT칩_전환_블트칩출시_네고형_관계성네고형.KR2_main.릴스_맥주취식.시어머니.X_2P_김소희_260801_제과_이미진,10041,248,218184.0,16
2026-08-16,(ASC) [제과_블트하] 26.07_블트깡출시_ASC_전환_image,(ASC)[제과_블트하] 26.07_블트깡출시_ASC_전환_image,[26.07]F_I_BT칩_전환_블트칩출시_혜택강조형_KR1_.배너_다시는없어요.__김소희_260731_제과_김수정,29,2,900.0,1
2026-08-16,(마스터ASC)[제과_블트하] 26.07_블트깡출시_ASC_전환_video,(마스터ASC)[제과_블트하] 26.07_블트깡출시_ASC_전환_video,[26.08]F_V_BT깡_전환_블트깡출시_라이브커머스형_라이브커머스형.KR1_var9.릴스_가격강조.메인.슬기.X_1P_김소희_260812_제과_피재은,1,0,10.0,0
2026-08-16,(마스터ASC)[제과_블트하] 26.07_블트깡출시_ASC_전환_video,(마스터ASC)[제과_블트하] 26.07_블트깡출시_ASC_전환_video,[26.08]F_V_BT칩_전환_블트깡출시_신규BP_브랜든배너형BP_var1.릴스_손님간식1티어.X_2P_최재원_260813_제과_최재원,1,0,27.0,0
2026-08-16,[제과_콘스프맛 팝콘] 26.05_콘스프맛팝콘출시_수동_전환_video,공구네고형(다이어터 입터짐.페인포인트)_0814,[26.08]F_V_PC혼_전환_상시_네고형_공구네고형_var3.릴스_여름관리템.X_1P_권미정_260814_제과_강경연,9,1,410.0,0
2026-08-17,[제과_블트하] 26.07_블트깡출시_수동_전환_video_전체타겟,0731_관계성네고형_블트칩출시 (KR2),[26.08]F_V_BT칩_전환_블트칩출시_네고형_관계성네고형.KR2_main.릴스_맥주취식.시어머니.X_2P_김소희_260801_제과_이미진,5826,119,127491.0,8
2026-08-17,(ASC) [제과_블트하] 26.07_블트깡출시_ASC_전환_image,(ASC)[제과_블트하] 26.07_블트깡출시_ASC_전환_image,[26.07]F_I_BT칩_전환_블트칩출시_혜택강조형_KR1_.배너_다시는없어요.__김소희_260731_제과_김수정,22,0,893.0,0
2026-08-17,(마스터ASC)[제과_블트하] 26.07_블트깡출시_ASC_전환_video,(마스터ASC)[제과_블트하] 26.07_블트깡출시_ASC_전환_video,[26.08]F_V_BT깡_전환_블트깡출시_라이브커머스형_라이브커머스형.KR1_var9.릴스_가격강조.메인.슬기.X_1P_김소희_260812_제과_피재은,12,0,148.0,0
2026-08-17,(마스터ASC)[제과_블트하] 26.07_블트깡출시_ASC_전환_video,(마스터ASC)[제과_블트하] 26.07_블트깡출시_ASC_전환_video,[26.08]F_V_BT칩_전환_블트깡출시_신규BP_브랜든배너형BP_var1.릴스_손님간식1티어.X_2P_최재원_260813_제과_최재원,4,0,20.0,0
2026-08-17,[제과_콘스프맛 팝콘] 26.05_콘스프맛팝콘출시_수동_전환_video,공구네고형(다이어터 입터짐.페인포인트)_0814,[26.08]F_V_PC혼_전환_상시_네고형_공구네고형_var3.릴스_여름관리템.X_1P_권미정_260814_제과_강경연,21,0,685.0,0
2026-08-14,(ASC) [제과_블트하] 26.07_블트칩출시_ASC_전환_image,(ASC)[제과_블트하] 26.07_블트칩출시_ASC_전환_image,[26.07]F_I_BT혼_전환_블트칩출시_혜택강조형_KR2_.릴스_냄새맡고옆자리동료.__김소희_260729_제과_김수정,26,0,379.0,0
2026-08-14,[제과_블트하] 26.07_블트깡출시_수동_전환_image_전체타겟,0806_돈값.공지문형_블트칩출시 (KR1),[26.08]F_I_BT혼_전환_블트칩출시_혜택강조형_KR1_.피드_팔수록손해.고급진트러플하몽풍미.__김소희_260806_제과_김수정,96,1,2413.0,0
2026-08-14,(마스터ASC)[제과_블트하] 26.07_블트깡출시_ASC_전환_video,(마스터ASC)[제과_블트하] 26.07_블트깡출시_ASC_전환_video,[26.08]F_V_BT깡_전환_블트깡출시_네고형_지인네고형.김그릇BP_var1.릴스_맛.X_1P_김소희_260807_제과_강경연,1,0,0.0,0
2026-08-15,(ASC) [제과_블트하] 26.07_블트칩출시_ASC_전환_image,(ASC)[제과_블트하] 26.07_블트칩출시_ASC_전환_image,[26.07]F_I_BT칩_전환_블트칩출시_혜택강조형_KR2_.피드_주변인.얼집맘모임.확장__김소희_260727_제과_박서연,3,0,18.0,0
2026-08-15,(ASC) [제과_블트하] 26.07_블트칩출시_ASC_전환_image,(ASC)[제과_블트하] 26.07_블트칩출시_ASC_전환_image,[26.07]F_I_BT혼_전환_블트칩출시_혜택강조형_KR2_.릴스_냄새맡고옆자리동료.__김소희_260729_제과_김수정,4,0,42.0,0
2026-08-15,[제과_블트하] 26.07_블트깡출시_수동_전환_image_전체타겟,0806_돈값.공지문형_블트칩출시 (KR1),[26.08]F_I_BT혼_전환_블트칩출시_혜택강조형_KR1_.피드_팔수록손해.고급진트러플하몽풍미.__김소희_260806_제과_김수정,3,0,49.0,0
2026-08-15,(마스터ASC)[제과_블트하] 26.07_블트깡출시_ASC_전환_video,(마스터ASC)[제과_블트하] 26.07_블트깡출시_ASC_전환_video,[26.08]F_V_BT깡_전환_블트깡출시_네고형_지인네고형.김그릇BP_var1.릴스_맛.X_1P_김소희_260807_제과_강경연,2,0,9.0,0
2026-08-15,(마스터ASC)[제과_블트하] 26.07_블트깡출시_ASC_전환_video,(마스터ASC)[제과_블트하] 26.07_블트깡출시_ASC_전환_video,[26.08]F_V_BT칩_전환_블트깡출시_신규BP_브랜든배너형BP_var3.릴스_맥주안주1티어.할인추가.X_2P_최재원_260814_제과_최재원,9,1,172.0,0
2026-08-15,[제과_블트하] 26.07_블트깡출시_수동_전환_video_전체타겟,0814_현장네고형_블트칩출시 (이국주) (KR1),[26.08]F_V_BT칩_전환_블트칩출시_네고형_현장네고형.이국주.KR1_main.릴스_이국주.슬기.X_1P_최나영_260814_제과_피재은,237,6,5006.0,0
2026-08-15,[칩] (마스터ASC)[제과_블트하] 26.07_블트칩출시_ASC_전환_video,[칩] (마스터ASC)[제과_블트하] 26.07_블트칩출시_ASC_전환_video,[26.08]F_V_BT칩_전환_블트칩출시_네고형_현장네고형.이국주.KR1_var2.릴스_크래커.슬기.X_1P_최나영_260814_제과_피재은,6682,116,127133.0,14
2026-08-15,[칩] (마스터ASC)[제과_블트하] 26.07_블트칩출시_ASC_전환_video,[칩] (마스터ASC)[제과_블트하] 26.07_블트칩출시_ASC_전환_video,[26.08]F_V_BT혼_전환_블트깡출시_신규BP_오프아워BP.이국주.KR1_main.릴스_대세감.X_2P_김소희_260814_제과_이미진,568,10,15184.0,1
2026-08-15,[제과_블트하] 26.07_블트깡출시_수동_전환_video_전체타겟,0814_오프아워BP_블트칩출시 (이국주) (KR1),[26.08]F_V_BT혼_전환_블트깡출시_신규BP_오프아워BP.이국주.KR1_main.릴스_대세감.X_2P_김소희_260814_제과_이미진,1093,21,28152.0,1
2026-08-16,(ASC) [제과_블트하] 26.07_블트칩출시_ASC_전환_image,(ASC)[제과_블트하] 26.07_블트칩출시_ASC_전환_image,[26.07]F_I_BT칩_전환_블트칩출시_혜택강조형_KR2_.피드_주변인.얼집맘모임.확장__김소희_260727_제과_박서연,2,0,16.0,0
2026-08-16,(마스터ASC)[제과_블트하] 26.07_블트깡출시_ASC_전환_video,(마스터ASC)[제과_블트하] 26.07_블트깡출시_ASC_전환_video,[26.08]F_V_BT칩_전환_블트깡출시_신규BP_브랜든배너형BP_var3.릴스_맥주안주1티어.할인추가.X_2P_최재원_260814_제과_최재원,13,0,338.0,0
2026-08-16,[제과_블트하] 26.07_블트깡출시_수동_전환_video_전체타겟,0814_현장네고형_블트칩출시 (이국주) (KR1),[26.08]F_V_BT칩_전환_블트칩출시_네고형_현장네고형.이국주.KR1_main.릴스_이국주.슬기.X_1P_최나영_260814_제과_피재은,353,4,6760.0,0
2026-08-16,[칩] (마스터ASC)[제과_블트하] 26.07_블트칩출시_ASC_전환_video,[칩] (마스터ASC)[제과_블트하] 26.07_블트칩출시_ASC_전환_video,[26.08]F_V_BT칩_전환_블트칩출시_네고형_현장네고형.이국주.KR1_var2.릴스_크래커.슬기.X_1P_최나영_260814_제과_피재은,1783,29,30338.0,2
2026-08-16,[칩] (마스터ASC)[제과_블트하] 26.07_블트칩출시_ASC_전환_video,[칩] (마스터ASC)[제과_블트하] 26.07_블트칩출시_ASC_전환_video,[26.08]F_V_BT혼_전환_블트깡출시_신규BP_오프아워BP.이국주.KR1_main.릴스_대세감.X_2P_김소희_260814_제과_이미진,181,2,5829.0,0
2026-08-17,(마스터ASC)[제과_블트하] 26.07_블트깡출시_ASC_전환_video,(마스터ASC)[제과_블트하] 26.07_블트깡출시_ASC_전환_video,[26.08]F_V_BT깡_전환_블트깡출시_네고형_지인네고형.김그릇BP_var1.릴스_맛.X_1P_김소희_260807_제과_강경연,3,0,5.0,0
2026-08-17,(마스터ASC)[제과_블트하] 26.08_블트깡출시_ASC_전환_image,(마스터ASC)[제과_블트하] 26.08_블트하출시_ASC_전환_image,[26.08]F_I_BT깡_전환_블트칩출시_유명인권위형_이국주.KR1_.릴스_혜택맛비주얼강조.원재료강조.__김소희_260813_제과_김수정,8,0,478.0,0
2026-08-17,(마스터ASC)[제과_블트하] 26.07_블트깡출시_ASC_전환_video,(마스터ASC)[제과_블트하] 26.07_블트깡출시_ASC_전환_video,[26.08]F_V_BT칩_전환_블트깡출시_신규BP_브랜든배너형BP_var3.릴스_맥주안주1티어.할인추가.X_2P_최재원_260814_제과_최재원,1,0,5.0,0
2026-08-17,[제과_블트하] 26.07_블트깡출시_수동_전환_video_전체타겟,0814_현장네고형_블트칩출시 (이국주) (KR1),[26.08]F_V_BT칩_전환_블트칩출시_네고형_현장네고형.이국주.KR1_main.릴스_이국주.슬기.X_1P_최나영_260814_제과_피재은,78,3,2157.0,0
2026-08-17,[칩] (마스터ASC)[제과_블트하] 26.07_블트칩출시_ASC_전환_video,[칩] (마스터ASC)[제과_블트하] 26.07_블트칩출시_ASC_전환_video,[26.08]F_V_BT칩_전환_블트칩출시_네고형_현장네고형.이국주.KR1_var2.릴스_크래커.슬기.X_1P_최나영_260814_제과_피재은,1128,18,24545.0,3
2026-08-17,[칩] (마스터ASC)[제과_블트하] 26.07_블트칩출시_ASC_전환_video,[칩] (마스터ASC)[제과_블트하] 26.07_블트칩출시_ASC_전환_video,[26.08]F_V_BT혼_전환_블트깡출시_신규BP_오프아워BP.이국주.KR1_main.릴스_대세감.X_2P_김소희_260814_제과_이미진,171,1,5388.0,0
2026-08-14,[제과_블트하] 26.07_블트깡출시_수동_전환_video_전체타겟,0725_클룹BP_블트칩출시 (KR1),[26.07]F_V_BT혼_전환_블트칩출시_기타_클룹BP.KR1_var3.릴스_맛SP.슬기.X_1P_최나영_260723_제과_피재은,4513,53,58290.0,2
2026-08-14,[제과_블트하] 26.07_블트깡출시_수동_전환_image_전체타겟,0813_이국주(~0912)_블트칩출시 (KR1),[26.08]F_I_BT깡_전환_블트칩출시_유명인권위형_이국주.KR1_.릴스_제2의두쫀쿠.유행강조.__김소희_260814_제과_김수정,43,0,459.0,0
2026-08-14,[제과_블트하] 26.07_블트깡출시_수동_전환_image_전체타겟,0813_이국주(~0912)_블트칩출시 (KR2),[26.08]F_I_BT혼_전환_블트칩출시_혜택강조형_이국주_.배너_요즘품절대란이라는.__김소희_260814_제과_김수정,109,0,1546.0,1
2026-08-15,[제과_블트하] 26.07_블트깡출시_수동_전환_video_전체타겟,0725_클룹BP_블트칩출시 (KR1),[26.07]F_V_BT혼_전환_블트칩출시_기타_클룹BP.KR1_var3.릴스_맛SP.슬기.X_1P_최나영_260723_제과_피재은,3477,38,42349.0,4
2026-08-15,(ASC) [제과_블트하] 26.07_블트칩출시_ASC_전환_image,(ASC)[제과_블트하] 26.07_블트칩출시_ASC_전환_image,[26.07]F_I_BT깡_전환_블트칩출시_혜택강조형_KR1_.피드_이번주안에.__김소희_260728_제과_김수정,3,0,21.0,0
2026-08-15,(마스터ASC)[제과_블트하] 26.07_블트깡출시_ASC_전환_video,(마스터ASC)[제과_블트하] 26.07_블트깡출시_ASC_전환_video,[26.08]F_V_BT깡_전환_블트깡출시_네고형_지인네고형.김그릇BP_var4.릴스_가성비.X_1P_김소희_260807_제과_강경연,1,0,4.0,0
2026-08-15,[제과_블트하] 26.07_블트깡출시_수동_전환_image_전체타겟,0813_이국주(~0912)_블트칩출시 (KR1),[26.08]F_I_BT깡_전환_블트칩출시_유명인권위형_이국주.KR1_.릴스_제2의두쫀쿠.유행강조.__김소희_260814_제과_김수정,57,0,1326.0,0
2026-08-15,[제과_블트하] 26.07_블트깡출시_수동_전환_image_전체타겟,0813_이국주(~0912)_블트칩출시 (KR2),[26.08]F_I_BT혼_전환_블트칩출시_혜택강조형_이국주_.배너_요즘품절대란이라는.__김소희_260814_제과_김수정,478,4,8938.0,1
2026-08-16,[제과_블트하] 26.07_블트깡출시_수동_전환_video_전체타겟,0725_클룹BP_블트칩출시 (KR1),[26.07]F_V_BT혼_전환_블트칩출시_기타_클룹BP.KR1_var3.릴스_맛SP.슬기.X_1P_최나영_260723_제과_피재은,27480,405,373999.0,31
2026-08-16,[제과_블트하] 26.07_블트깡출시_수동_전환_image_전체타겟,0813_이국주(~0912)_블트칩출시 (KR1),[26.08]F_I_BT깡_전환_블트칩출시_유명인권위형_이국주.KR1_.릴스_제2의두쫀쿠.유행강조.__김소희_260814_제과_김수정,17,0,460.0,0
2026-08-16,[제과_블트하] 26.07_블트깡출시_수동_전환_image_전체타겟,0813_이국주(~0912)_블트칩출시 (KR2),[26.08]F_I_BT혼_전환_블트칩출시_혜택강조형_이국주_.배너_요즘품절대란이라는.__김소희_260814_제과_김수정,157,1,2900.0,1
2026-08-17,[제과_블트하] 26.07_블트깡출시_수동_전환_video_전체타겟,0725_클룹BP_블트칩출시 (KR1),[26.07]F_V_BT혼_전환_블트칩출시_기타_클룹BP.KR1_var3.릴스_맛SP.슬기.X_1P_최나영_260723_제과_피재은,35263,506,474081.0,43
2026-08-17,(ASC) [제과_블트하] 26.07_블트칩출시_ASC_전환_image,(ASC)[제과_블트하] 26.07_블트칩출시_ASC_전환_image,[26.07]F_I_BT깡_전환_블트칩출시_혜택강조형_KR1_.피드_이번주안에.__김소희_260728_제과_김수정,6,0,747.0,0
2026-08-17,[제과_블트하] 26.07_블트깡출시_수동_전환_image_전체타겟,0813_이국주(~0912)_블트칩출시 (KR1),[26.08]F_I_BT깡_전환_블트칩출시_유명인권위형_이국주.KR1_.릴스_제2의두쫀쿠.유행강조.__김소희_260814_제과_김수정,14,0,419.0,0
2026-08-17,[제과_블트하] 26.07_블트깡출시_수동_전환_image_전체타겟,0813_이국주(~0912)_블트칩출시 (KR2),[26.08]F_I_BT혼_전환_블트칩출시_혜택강조형_이국주_.배너_요즘품절대란이라는.__김소희_260814_제과_김수정,402,1,6703.0,0
2026-08-14,(ASC) [제과_블트하] 26.07_블트칩출시_ASC_전환_image,(ASC)[제과_블트하] 26.07_블트칩출시_ASC_전환_image,[26.07]F_I_BT칩_전환_블트칩출시_혜택강조형_KR2_.피드_시어머니가 신신당부..확장__김소희_260728_제과_박서연,7,0,83.0,0
2026-08-14,(ASC) [제과_블트하] 26.07_블트깡출시_ASC_전환_image,(ASC)[제과_블트하] 26.07_블트깡출시_ASC_전환_image,[26.07]F_I_BT칩_전환_블트칩출시_혜택강조형_KR2_.배너_진짜죄송합니다.__최나영_260730_제과_김수정,55,0,898.0,0
2026-08-14,(ASC) [제과_블트하] 26.07_블트깡출시_ASC_전환_image,(ASC)[제과_블트하] 26.07_블트깡출시_ASC_전환_image,[26.07]F_I_BT칩_전환_블트칩출시_혜택강조형_KR2_.배너_뜯자마자옆자리동료.__최나영_260730_제과_김수정,15,0,84.0,0
2026-08-14,(마스터ASC)[제과_블트하] 26.07_블트깡출시_ASC_전환_video,(마스터ASC)[제과_블트하] 26.07_블트깡출시_ASC_전환_video,[26.08]F_V_BT깡_전환_블트깡출시_라이브커머스형_라이브커머스형.KR1_main.릴스_찐템강조.메인.슬기.X_1P_김소희_260811_제과_피재은,2,0,47.0,0
2026-08-14,[제과_블트하] 26.07_블트깡출시_수동_전환_image_전체타겟,0813_이국주(~0912)_블트칩출시 (KR1),[26.08]F_I_BT깡_전환_블트칩출시_유명인권위형_이국주.KR1_.릴스_혜택맛비주얼강조.호불호없는.__김소희_260813_제과_김수정,11,1,400.0,0
2026-08-15,(ASC) [제과_블트하] 26.07_블트깡출시_ASC_전환_image,(ASC)[제과_블트하] 26.07_블트깡출시_ASC_전환_image,[26.07]F_I_BT칩_전환_블트칩출시_혜택강조형_KR2_.배너_진짜죄송합니다.__최나영_260730_제과_김수정,109,0,1417.0,0
2026-08-15,(ASC) [제과_블트하] 26.07_블트깡출시_ASC_전환_image,(ASC)[제과_블트하] 26.07_블트깡출시_ASC_전환_image,[26.07]F_I_BT칩_전환_블트칩출시_혜택강조형_KR2_.배너_뜯자마자옆자리동료.__최나영_260730_제과_김수정,5,0,53.0,0
2026-08-15,(마스터ASC)[제과_블트하] 26.07_블트깡출시_ASC_전환_video,(마스터ASC)[제과_블트하] 26.07_블트깡출시_ASC_전환_video,[26.08]F_V_BT깡_전환_블트깡출시_라이브커머스형_라이브커머스형.KR1_main.릴스_찐템강조.메인.슬기.X_1P_김소희_260811_제과_피재은,1,0,1.0,0
2026-08-15,(마스터ASC)[제과_블트하] 26.08_블트깡출시_ASC_전환_image,(마스터ASC)[제과_블트하] 26.08_블트하출시_ASC_전환_image,[26.08]F_I_BT깡_전환_블트칩출시_유명인권위형_이국주.KR1_.배너_공지문.카테고리어렵게.__김소희_260813_제과_김수정,4,0,47.0,0
2026-08-15,[제과_블트하] 26.07_블트깡출시_수동_전환_video_전체타겟,0814_고효율재편집_블트깡출시,[26.08]F_V_BT깡_전환_블트깡출시_쩜오건_이국주.KR1_var1.릴스_육포깡BP.(재)_1P_최나영_260814_제과_문형민,398,3,4976.0,0
2026-08-15,(마스터ASC)[제과_블트하] 26.07_블트깡출시_ASC_전환_video,(마스터ASC)[제과_블트하] 26.07_블트깡출시_ASC_전환_video,[26.08]F_V_BT혼_전환_블트칩출시_신규BP_젤리백BP.이국주.KR1_var1.릴스_본론.이국주만.X_2P_최나영_260814_제과_이봄1,7,0,43.0,0
2026-08-15,[제과_블트하] 26.07_블트깡출시_수동_전환_video_전체타겟,0814_고효율재편집_블트깡출시,[26.08]F_V_BT깡_전환_블트깡출시_취식강조형_먹방.KR2_main.릴스_맛표현앞으로.(재)_2P_김소희_260814_제과_이미진,829,10,14133.0,2
2026-08-16,(ASC) [제과_블트하] 26.07_블트칩출시_ASC_전환_image,(ASC)[제과_블트하] 26.07_블트칩출시_ASC_전환_image,[26.07]F_I_BT칩_전환_블트칩출시_혜택강조형_KR2_.피드_시어머니가 신신당부..확장__김소희_260728_제과_박서연,1,0,15.0,0
2026-08-16,(ASC) [제과_블트하] 26.07_블트깡출시_ASC_전환_image,(ASC)[제과_블트하] 26.07_블트깡출시_ASC_전환_image,[26.07]F_I_BT칩_전환_블트칩출시_혜택강조형_KR2_.배너_진짜죄송합니다.__최나영_260730_제과_김수정,194,4,4741.0,0
2026-08-16,(마스터ASC)[제과_블트하] 26.07_블트깡출시_ASC_전환_video,(마스터ASC)[제과_블트하] 26.07_블트깡출시_ASC_전환_video,[26.08]F_V_BT깡_전환_블트깡출시_라이브커머스형_라이브커머스형.KR1_main.릴스_찐템강조.메인.슬기.X_1P_김소희_260811_제과_피재은,6,0,56.0,0
2026-08-16,[제과_블트하] 26.07_블트깡출시_수동_전환_video_전체타겟,0814_고효율재편집_블트깡출시,[26.08]F_V_BT깡_전환_블트깡출시_쩜오건_이국주.KR1_var1.릴스_육포깡BP.(재)_1P_최나영_260814_제과_문형민,217,3,4027.0,0
2026-08-16,(마스터ASC)[제과_블트하] 26.07_블트깡출시_ASC_전환_video,(마스터ASC)[제과_블트하] 26.07_블트깡출시_ASC_전환_video,[26.08]F_V_BT혼_전환_블트칩출시_신규BP_젤리백BP.이국주.KR1_var1.릴스_본론.이국주만.X_2P_최나영_260814_제과_이봄1,10,0,59.0,0
2026-08-16,[제과_블트하] 26.07_블트깡출시_수동_전환_video_전체타겟,0814_고효율재편집_블트깡출시,[26.08]F_V_BT깡_전환_블트깡출시_취식강조형_먹방.KR2_main.릴스_맛표현앞으로.(재)_2P_김소희_260814_제과_이미진,246,0,5564.0,0
2026-08-17,(ASC) [제과_블트하] 26.07_블트칩출시_ASC_전환_image,(ASC)[제과_블트하] 26.07_블트칩출시_ASC_전환_image,[26.07]F_I_BT칩_전환_블트칩출시_혜택강조형_KR2_.피드_시어머니가 신신당부..확장__김소희_260728_제과_박서연,1,0,8.0,0
2026-08-17,(ASC) [제과_블트하] 26.07_블트깡출시_ASC_전환_image,(ASC)[제과_블트하] 26.07_블트깡출시_ASC_전환_image,[26.07]F_I_BT칩_전환_블트칩출시_혜택강조형_KR2_.배너_진짜죄송합니다.__최나영_260730_제과_김수정,56,2,1277.0,0
2026-08-17,(ASC) [제과_블트하] 26.07_블트깡출시_ASC_전환_image,(ASC)[제과_블트하] 26.07_블트깡출시_ASC_전환_image,[26.07]F_I_BT칩_전환_블트칩출시_혜택강조형_KR2_.배너_뜯자마자옆자리동료.__최나영_260730_제과_김수정,27,0,298.0,0
2026-08-17,[제과_블트하] 26.07_블트깡출시_수동_전환_video_전체타겟,0814_고효율재편집_블트깡출시,[26.08]F_V_BT깡_전환_블트깡출시_쩜오건_이국주.KR1_var1.릴스_육포깡BP.(재)_1P_최나영_260814_제과_문형민,386,8,7660.0,0
2026-08-17,[제과_블트하] 26.07_블트깡출시_수동_전환_video_전체타겟,0814_고효율재편집_블트깡출시,[26.08]F_V_BT깡_전환_블트깡출시_취식강조형_먹방.KR2_main.릴스_맛표현앞으로.(재)_2P_김소희_260814_제과_이미진,907,12,20103.0,4
2026-08-14,(ASC) [제과_블트하] 26.07_블트칩출시_ASC_전환_image,(ASC)[제과_블트하] 26.07_블트칩출시_ASC_전환_image,[26.07]F_I_BT깡_전환_블트칩출시_혜택강조형_KR2_.피드_주변인.탕비실.확장__김소희_260727_제과_박서연,25,0,265.0,0
2026-08-14,(마스터ASC)[제과_블트하] 26.07_블트깡출시_ASC_전환_video,(마스터ASC)[제과_블트하] 26.07_블트깡출시_ASC_전환_video,[26.08]F_V_BT칩_전환_블트칩출시_신규BP_인덕션BP.KR1_main.릴스_본론.X_1P_김소희_260807_제과_이봄1,6309,190,155298.0,9
2026-08-14,(마스터ASC)[제과_블트하] 26.08_블트깡출시_ASC_전환_image,(마스터ASC)[제과_블트하] 26.08_블트하출시_ASC_전환_image,[26.08]F_I_BT칩_전환_블트칩출시_혜택강조형_KR1_.릴스_살림권위.살림10년싼티나는선물.__김소희_260811_제과_김수정,59,2,1267.0,0
2026-08-14,(고효율 재러닝)[제과_블트하] 26.08_블트깡출시_ASC_전환_image/video_8M1W,(고효율 재러닝)[제과_블트하] 26.08_블트깡출시_ASC_전환_image/video_8M1W,[26.08]F_V_BT칩_전환_블트칩출시_신규BP_인덕션BP.KR1_main.릴스_본론.X_1P_김소희_260807_제과_이봄1,538,11,11631.0,1
2026-08-14,(고효율 재러닝)[제과_블트하] 26.08_블트깡출시_ASC_전환_image/video_8M1W,(고효율 재러닝)[제과_블트하] 26.08_블트깡출시_ASC_전환_image/video_8M1W,[26.08]F_V_BT칩_전환_블트칩출시_신규BP_인덕션BP.KR1_var3.릴스_조합취식.X_1P_김소희_260807_제과_이봄1,1064,43,33675.0,1
2026-08-15,(마스터ASC)[제과_블트하] 26.07_블트깡출시_ASC_전환_video,(마스터ASC)[제과_블트하] 26.07_블트깡출시_ASC_전환_video,[26.08]F_V_BT칩_전환_블트칩출시_신규BP_인덕션BP.KR1_main.릴스_본론.X_1P_김소희_260807_제과_이봄1,51331,1546,1314230.0,120
2026-08-15,(마스터ASC)[제과_블트하] 26.08_블트깡출시_ASC_전환_image,(마스터ASC)[제과_블트하] 26.08_블트하출시_ASC_전환_image,[26.08]F_I_BT칩_전환_블트칩출시_혜택강조형_KR1_.릴스_살림권위.살림10년싼티나는선물.__김소희_260811_제과_김수정,1,0,17.0,0
2026-08-15,(고효율 재러닝)[제과_블트하] 26.08_블트깡출시_ASC_전환_image/video_8M1W,(고효율 재러닝)[제과_블트하] 26.08_블트깡출시_ASC_전환_image/video_8M1W,[26.08]F_V_BT칩_전환_블트칩출시_신규BP_인덕션BP.KR1_main.릴스_본론.X_1P_김소희_260807_제과_이봄1,524,14,13335.0,1
2026-08-15,(마스터ASC)[제과_블트하] 26.07_블트깡출시_ASC_전환_video,(마스터ASC)[제과_블트하] 26.07_블트깡출시_ASC_전환_video,[26.08]F_V_BT혼_전환_블트칩출시_신규BP_젤리백BP.이국주.KR1_var4.릴스_이국주+조합.X_2P_최나영_260814_제과_이봄1,18,1,253.0,0
2026-08-16,(ASC) [제과_블트하] 26.07_블트칩출시_ASC_전환_image,(ASC)[제과_블트하] 26.07_블트칩출시_ASC_전환_image,[26.07]F_I_BT깡_전환_블트칩출시_혜택강조형_KR2_.피드_주변인.탕비실.확장__김소희_260727_제과_박서연,3,0,21.0,0
2026-08-16,(마스터ASC)[제과_블트하] 26.07_블트깡출시_ASC_전환_video,(마스터ASC)[제과_블트하] 26.07_블트깡출시_ASC_전환_video,[26.08]F_V_BT칩_전환_블트칩출시_신규BP_인덕션BP.KR1_main.릴스_본론.X_1P_김소희_260807_제과_이봄1,50453,1618,1169961.0,86
2026-08-16,(마스터ASC)[제과_블트하] 26.08_블트깡출시_ASC_전환_image,(마스터ASC)[제과_블트하] 26.08_블트하출시_ASC_전환_image,[26.08]F_I_BT칩_전환_블트칩출시_혜택강조형_KR1_.릴스_살림권위.살림10년싼티나는선물.__김소희_260811_제과_김수정,57,0,1785.0,0
2026-08-16,(마스터ASC)[제과_블트하] 26.07_블트깡출시_ASC_전환_video,(마스터ASC)[제과_블트하] 26.07_블트깡출시_ASC_전환_video,[26.08]F_V_BT혼_전환_블트칩출시_신규BP_젤리백BP.이국주.KR1_var4.릴스_이국주+조합.X_2P_최나영_260814_제과_이봄1,6,0,109.0,0
2026-08-17,(마스터ASC)[제과_블트하] 26.08_블트깡출시_ASC_전환_image,(마스터ASC)[제과_블트하] 26.08_블트하출시_ASC_전환_image,[26.08]F_I_BT칩_전환_블트칩출시_혜택강조형_KR1_.피드_리뷰형.오마카세급.__김소희_260806_제과_박서연,4,0,41.0,0
2026-08-17,(마스터ASC)[제과_블트하] 26.07_블트깡출시_ASC_전환_video,(마스터ASC)[제과_블트하] 26.07_블트깡출시_ASC_전환_video,[26.08]F_V_BT칩_전환_블트칩출시_신규BP_인덕션BP.KR1_main.릴스_본론.X_1P_김소희_260807_제과_이봄1,98658,3494,2341292.0,182
2026-08-17,(마스터ASC)[제과_블트하] 26.08_블트깡출시_ASC_전환_image,(마스터ASC)[제과_블트하] 26.08_블트하출시_ASC_전환_image,[26.08]F_I_BT칩_전환_블트칩출시_혜택강조형_KR1_.릴스_살림권위.살림10년싼티나는선물.__김소희_260811_제과_김수정,68,0,1687.0,0
2026-08-17,(마스터ASC)[제과_블트하] 26.07_블트깡출시_ASC_전환_video,(마스터ASC)[제과_블트하] 26.07_블트깡출시_ASC_전환_video,[26.08]F_V_BT혼_전환_블트칩출시_신규BP_젤리백BP.이국주.KR1_var4.릴스_이국주+조합.X_2P_최나영_260814_제과_이봄1,1,0,13.0,0
2026-08-14,[칩] (마스터ASC)[제과_블트하] 26.07_블트칩출시_ASC_전환_video,[칩] (마스터ASC)[제과_블트하] 26.07_블트칩출시_ASC_전환_video,[26.07]F_V_BT혼_전환_블트칩출시_기타_클룹BP.KR1_var3.릴스_맛SP.슬기.X_1P_최나영_260723_제과_피재은,7620,97,100657.0,6
2026-08-14,(마스터ASC)[제과_블트하] 26.07_블트깡출시_ASC_전환_video,(마스터ASC)[제과_블트하] 26.07_블트깡출시_ASC_전환_video,[26.08]F_V_BT칩_전환_블트칩출시_신규BP_인덕션BP.KR1_var5.릴스_여러상황.X_1P_김소희_260807_제과_이봄1,7,0,123.0,0
2026-08-14,(마스터ASC)[제과_블트하] 26.08_블트깡출시_ASC_전환_image,(마스터ASC)[제과_블트하] 26.08_블트하출시_ASC_전환_image,[26.08]F_I_BT깡_전환_블트칩출시_유명인권위형_이국주.KR2_.릴스_주변구매.엄마들모임.__김소희_260813_제과_김수정,1,0,2.0,0
2026-08-14,[제과_블트하] 26.07_블트깡출시_수동_전환_image_전체타겟,0813_이국주(~0912)_블트칩출시 (KR1),[26.08]F_I_BT깡_전환_블트칩출시_유명인권위형_이국주.KR1_.릴스_원재료강조.유행강조.__김소희_260814_제과_김수정,274,1,5588.0,1
2026-08-15,[칩] (마스터ASC)[제과_블트하] 26.07_블트칩출시_ASC_전환_video,[칩] (마스터ASC)[제과_블트하] 26.07_블트칩출시_ASC_전환_video,[26.07]F_V_BT혼_전환_블트칩출시_기타_클룹BP.KR1_var3.릴스_맛SP.슬기.X_1P_최나영_260723_제과_피재은,17888,210,236752.0,16
2026-08-15,[칩] (마스터ASC)[제과_블트하] 26.07_블트칩출시_ASC_전환_video,[칩] (마스터ASC)[제과_블트하] 26.07_블트칩출시_ASC_전환_video,[26.08]F_V_BT혼_전환_블트칩출시_신규BP_무아스BP_var4.릴스_할인.주부페르소나.KR1.X_2P_최나영_260807_제과_이미진,9,0,124.0,0
2026-08-15,(마스터ASC)[제과_블트하] 26.08_블트깡출시_ASC_전환_image,(마스터ASC)[제과_블트하] 26.08_블트하출시_ASC_전환_image,[26.08]F_I_BT깡_전환_블트칩출시_유명인권위형_이국주.KR2_.릴스_주변구매.엄마들모임.__김소희_260813_제과_김수정,2,0,5.0,0
2026-08-15,[제과_블트하] 26.07_블트깡출시_수동_전환_video_전체타겟,0814_고효율재편집_블트깡출시,[26.08]F_V_BT혼_전환_블트칩출시_기타_클룹BP.KR1_main.릴스_메인.슬기.(재).X_1P_최나영_260814_제과_피재은,457,7,8815.0,1
2026-08-15,[제과_블트하] 26.07_블트깡출시_수동_전환_image_전체타겟,0813_이국주(~0912)_블트칩출시 (KR1),[26.08]F_I_BT깡_전환_블트칩출시_유명인권위형_이국주.KR1_.릴스_원재료강조.유행강조.__김소희_260814_제과_김수정,44,0,2430.0,0
2026-08-16,(ASC) [제과_블트하] 26.07_블트칩출시_ASC_전환_image,(ASC)[제과_블트하] 26.07_블트칩출시_ASC_전환_image,[26.07]F_I_BT칩_전환_블트칩출시_혜택강조형_KR1_.피드_과자안먹는남편박스째.__김소희_260728_제과_김수정,3,0,8.0,0
2026-08-16,[칩] (마스터ASC)[제과_블트하] 26.07_블트칩출시_ASC_전환_video,[칩] (마스터ASC)[제과_블트하] 26.07_블트칩출시_ASC_전환_video,[26.07]F_V_BT혼_전환_블트칩출시_기타_클룹BP.KR1_var3.릴스_맛SP.슬기.X_1P_최나영_260723_제과_피재은,9155,118,124024.0,10
2026-08-16,[칩] (마스터ASC)[제과_블트하] 26.07_블트칩출시_ASC_전환_video,[칩] (마스터ASC)[제과_블트하] 26.07_블트칩출시_ASC_전환_video,[26.08]F_V_BT혼_전환_블트칩출시_신규BP_무아스BP_var4.릴스_할인.주부페르소나.KR1.X_2P_최나영_260807_제과_이미진,4,0,18.0,0
2026-08-16,[제과_블트하] 26.07_블트깡출시_수동_전환_video_전체타겟,0814_고효율재편집_블트깡출시,[26.08]F_V_BT혼_전환_블트칩출시_기타_클룹BP.KR1_main.릴스_메인.슬기.(재).X_1P_최나영_260814_제과_피재은,270,2,6871.0,0
2026-08-16,[제과_블트하] 26.07_블트깡출시_수동_전환_image_전체타겟,0813_이국주(~0912)_블트칩출시 (KR1),[26.08]F_I_BT깡_전환_블트칩출시_유명인권위형_이국주.KR1_.릴스_원재료강조.유행강조.__김소희_260814_제과_김수정,48,1,2519.0,0
2026-08-17,[칩] (마스터ASC)[제과_블트하] 26.07_블트칩출시_ASC_전환_video,[칩] (마스터ASC)[제과_블트하] 26.07_블트칩출시_ASC_전환_video,[26.07]F_V_BT혼_전환_블트칩출시_기타_클룹BP.KR1_var3.릴스_맛SP.슬기.X_1P_최나영_260723_제과_피재은,3151,34,51426.0,4
2026-08-17,(마스터ASC)[제과_블트하] 26.08_블트깡출시_ASC_전환_image,(마스터ASC)[제과_블트하] 26.08_블트하출시_ASC_전환_image,[26.08]F_I_BT칩_전환_블트칩출시_혜택강조형_KR1_.릴스_안다르미닉스bp.호프집가도이만한안주.__김소희_260806_제과_박지현,2,0,39.0,0
2026-08-17,(마스터ASC)[제과_블트하] 26.07_블트깡출시_ASC_전환_video,(마스터ASC)[제과_블트하] 26.07_블트깡출시_ASC_전환_video,[26.08]F_V_BT칩_전환_블트칩출시_신규BP_인덕션BP.KR1_var5.릴스_여러상황.X_1P_김소희_260807_제과_이봄1,10,0,159.0,0
2026-08-17,[제과_블트하] 26.07_블트깡출시_수동_전환_video_전체타겟,0814_고효율재편집_블트깡출시,[26.08]F_V_BT혼_전환_블트칩출시_기타_클룹BP.KR1_main.릴스_메인.슬기.(재).X_1P_최나영_260814_제과_피재은,16477,254,296861.0,25
2026-08-17,[제과_블트하] 26.07_블트깡출시_수동_전환_image_전체타겟,0813_이국주(~0912)_블트칩출시 (KR1),[26.08]F_I_BT깡_전환_블트칩출시_유명인권위형_이국주.KR1_.릴스_원재료강조.유행강조.__김소희_260814_제과_김수정,46,0,2267.0,0
2026-08-14,(ASC) [제과_블트하] 26.07_블트칩출시_ASC_전환_image,(ASC)[제과_블트하] 26.07_블트칩출시_ASC_전환_image,[26.07]F_I_BT깡_전환_블트칩출시_혜택강조형_KR2_.피드_집들이때가져가면맛잘알인정.확장__김소희_260728_제과_박서연,278,2,2738.0,0
2026-08-14,[제과_블트하] 26.07_블트깡출시_수동_전환_image_전체타겟,0813_이국주(~0912)_블트칩출시 (KR1),[26.08]F_I_BT깡_전환_블트칩출시_유명인권위형_이국주.KR1_.릴스_원재료강조.__김소희_260813_제과_김수정,172,2,4101.0,0
2026-08-14,(마스터ASC)[제과_블트하] 26.08_블트깡출시_ASC_전환_image,(마스터ASC)[제과_블트하] 26.08_블트하출시_ASC_전환_image,[26.08]F_I_BT깡_전환_블트칩출시_유명인권위형_이국주.KR1_.배너_공지문.제과카테고리.__김소희_260813_제과_김수정,5,0,169.0,0
2026-08-14,[제과_블트하] 26.07_블트깡출시_수동_전환_image_전체타겟,0813_이국주(~0912)_블트칩출시 (KR1),[26.08]F_I_BT깡_전환_블트칩출시_유명인권위형_이국주.KR1_.배너_공지문.맛비주얼.__김소희_260813_제과_김수정,17,0,200.0,0
2026-08-14,[제과_콘스프맛 팝콘] 26.05_콘스프맛팝콘출시_수동_전환_video,공구네고형(다이어터 입터짐.페인포인트)_0814,[26.08]F_V_PC혼_전환_상시_네고형_공구네고형_main.릴스_공통.X_1P_권미정_260814_제과_강경연,501,11,6803.0,2
2026-08-14,(고효율 재러닝)[제과_블트하] 26.08_블트깡출시_ASC_전환_image/video_8M1W,(고효율 재러닝)[제과_블트하] 26.08_블트깡출시_ASC_전환_image/video_8M1W,[26.08]F_V_BT혼_전환_블트칩출시_신규BP_풀리오BP.KR1_var4.릴스_무심함후킹.남편.X_2P_최나영_260801_제과_이봄1,9,1,343.0,0
2026-08-14,[제과_블트하] 26.07_블트깡출시_수동_전환_image_전체타겟,0813_이국주(~0912)_블트칩출시 (KR2),[26.08]F_I_BT깡_전환_블트칩출시_혜택강조형_이국주_.배너_이국주도찾기힘들었다는.__김소희_260814_제과_김수정,16,0,236.0,0
2026-08-15,(ASC) [제과_블트하] 26.07_블트칩출시_ASC_전환_image,(ASC)[제과_블트하] 26.07_블트칩출시_ASC_전환_image,[26.07]F_I_BT깡_전환_블트칩출시_혜택강조형_KR1_.피드_4분할.__김소희_260728_제과_김수정,14,0,83.0,0
2026-08-15,(ASC) [제과_블트하] 26.07_블트칩출시_ASC_전환_image,(ASC)[제과_블트하] 26.07_블트칩출시_ASC_전환_image,[26.07]F_I_BT깡_전환_블트칩출시_혜택강조형_KR2_.피드_집들이때가져가면맛잘알인정.확장__김소희_260728_제과_박서연,131,2,1153.0,0
2026-08-15,[제과_블트하] 26.07_블트깡출시_수동_전환_image_전체타겟,0806_돈값.공지문형_블트칩출시 (KR1),[26.07]F_I_BT혼_전환_블트칩출시_혜택강조형_KR1_.배너_공지문.카테고리1등실체.온가족간식템.__김소희_260803_제과_김수정,66,1,928.0,0
2026-08-15,[제과_블트하] 26.07_블트깡출시_수동_전환_image_전체타겟,0813_이국주(~0912)_블트칩출시 (KR1),[26.08]F_I_BT깡_전환_블트칩출시_유명인권위형_이국주.KR1_.릴스_원재료강조.__김소희_260813_제과_김수정,284,4,9821.0,0
2026-08-15,(마스터ASC)[제과_블트하] 26.08_블트깡출시_ASC_전환_image,(마스터ASC)[제과_블트하] 26.08_블트하출시_ASC_전환_image,[26.08]F_I_BT깡_전환_블트칩출시_유명인권위형_이국주.KR1_.배너_공지문.제과카테고리.__김소희_260813_제과_김수정,1,0,4.0,0
2026-08-15,[제과_콘스프맛 팝콘] 26.05_콘스프맛팝콘출시_수동_전환_video,공구네고형(다이어터 입터짐.페인포인트)_0814,[26.08]F_V_PC혼_전환_상시_네고형_공구네고형_main.릴스_공통.X_1P_권미정_260814_제과_강경연,1186,25,16515.0,1
2026-08-15,(고효율 재러닝)[제과_블트하] 26.08_블트깡출시_ASC_전환_image/video_8M1W,(고효율 재러닝)[제과_블트하] 26.08_블트깡출시_ASC_전환_image/video_8M1W,[26.08]F_V_BT혼_전환_블트칩출시_신규BP_풀리오BP.KR1_var4.릴스_무심함후킹.남편.X_2P_최나영_260801_제과_이봄1,3,0,98.0,0
2026-08-15,[칩] (마스터ASC)[제과_블트하] 26.07_블트칩출시_ASC_전환_video,[칩] (마스터ASC)[제과_블트하] 26.07_블트칩출시_ASC_전환_video,[26.08]F_V_BT혼_전환_블트깡출시_신규BP_오프아워BP.이국주.KR1_var2.릴스_댓글.X_2P_김소희_260814_제과_이미진,74,0,1091.0,0
2026-08-15,[제과_블트하] 26.07_블트깡출시_수동_전환_image_전체타겟,0813_이국주(~0912)_블트칩출시 (KR2),[26.08]F_I_BT깡_전환_블트칩출시_혜택강조형_이국주_.배너_이국주도찾기힘들었다는.__김소희_260814_제과_김수정,356,3,7313.0,0
2026-08-16,(ASC) [제과_블트하] 26.07_블트칩출시_ASC_전환_image,(ASC)[제과_블트하] 26.07_블트칩출시_ASC_전환_image,[26.07]F_I_BT깡_전환_블트칩출시_혜택강조형_KR1_.피드_4분할.__김소희_260728_제과_김수정,5,0,11.0,0
2026-08-16,(ASC) [제과_블트하] 26.07_블트칩출시_ASC_전환_image,(ASC)[제과_블트하] 26.07_블트칩출시_ASC_전환_image,[26.07]F_I_BT깡_전환_블트칩출시_혜택강조형_KR2_.피드_집들이때가져가면맛잘알인정.확장__김소희_260728_제과_박서연,131,0,1670.0,0
2026-08-16,[제과_블트하] 26.07_블트깡출시_수동_전환_image_전체타겟,0813_이국주(~0912)_블트칩출시 (KR1),[26.08]F_I_BT깡_전환_블트칩출시_유명인권위형_이국주.KR1_.릴스_원재료강조.__김소희_260813_제과_김수정,653,12,22224.0,1
2026-08-16,(마스터ASC)[제과_블트하] 26.08_블트깡출시_ASC_전환_image,(마스터ASC)[제과_블트하] 26.08_블트하출시_ASC_전환_image,[26.08]F_I_BT깡_전환_블트칩출시_유명인권위형_이국주.KR1_.배너_공지문.제과카테고리.__김소희_260813_제과_김수정,30,0,1101.0,0
2026-08-16,[제과_콘스프맛 팝콘] 26.05_콘스프맛팝콘출시_수동_전환_video,공구네고형(다이어터 입터짐.페인포인트)_0814,[26.08]F_V_PC혼_전환_상시_네고형_공구네고형_main.릴스_공통.X_1P_권미정_260814_제과_강경연,1308,24,16470.0,1
2026-08-16,[칩] (마스터ASC)[제과_블트하] 26.07_블트칩출시_ASC_전환_video,[칩] (마스터ASC)[제과_블트하] 26.07_블트칩출시_ASC_전환_video,[26.08]F_V_BT혼_전환_블트깡출시_신규BP_오프아워BP.이국주.KR1_var2.릴스_댓글.X_2P_김소희_260814_제과_이미진,17,0,181.0,0
2026-08-16,[제과_블트하] 26.07_블트깡출시_수동_전환_image_전체타겟,0813_이국주(~0912)_블트칩출시 (KR2),[26.08]F_I_BT깡_전환_블트칩출시_혜택강조형_이국주_.배너_이국주도찾기힘들었다는.__김소희_260814_제과_김수정,71,0,1483.0,0
2026-08-17,(ASC) [제과_블트하] 26.07_블트칩출시_ASC_전환_image,(ASC)[제과_블트하] 26.07_블트칩출시_ASC_전환_image,[26.07]F_I_BT깡_전환_블트칩출시_혜택강조형_KR2_.피드_집들이때가져가면맛잘알인정.확장__김소희_260728_제과_박서연,86,1,765.0,0
2026-08-17,(마스터ASC)[제과_블트하] 26.08_블트깡출시_ASC_전환_image,(마스터ASC)[제과_블트하] 26.08_블트하출시_ASC_전환_image,[26.08]F_I_BT칩_전환_블트칩출시_혜택강조형_KR1_.피드_리뷰형.깐깐한시어머니.__김소희_260806_제과_박서연,48,0,966.0,0
2026-08-17,[칩] (마스터ASC)[제과_블트하] 26.07_블트칩출시_ASC_전환_video,[칩] (마스터ASC)[제과_블트하] 26.07_블트칩출시_ASC_전환_video,[26.08]F_V_BT혼_전환_블트칩출시_신규BP_무아스BP_var2.릴스_일상고민해결.주부페르소나.KR1.X_2P_최나영_260807_제과_이미진,7,0,36.0,0
2026-08-17,(마스터ASC)[제과_블트하] 26.08_블트깡출시_ASC_전환_image,(마스터ASC)[제과_블트하] 26.08_블트하출시_ASC_전환_image,[26.08]F_I_BT깡_전환_블트칩출시_유명인권위형_이국주.KR1_.배너_공지문.제과카테고리.__김소희_260813_제과_김수정,12,0,110.0,0
2026-08-17,[제과_콘스프맛 팝콘] 26.05_콘스프맛팝콘출시_수동_전환_video,공구네고형(다이어터 입터짐.페인포인트)_0814,[26.08]F_V_PC혼_전환_상시_네고형_공구네고형_main.릴스_공통.X_1P_권미정_260814_제과_강경연,5004,66,57704.0,8
2026-08-17,[칩] (마스터ASC)[제과_블트하] 26.07_블트칩출시_ASC_전환_video,[칩] (마스터ASC)[제과_블트하] 26.07_블트칩출시_ASC_전환_video,[26.08]F_V_BT혼_전환_블트깡출시_신규BP_오프아워BP.이국주.KR1_var2.릴스_댓글.X_2P_김소희_260814_제과_이미진,5,0,29.0,0
2026-08-17,[제과_블트하] 26.07_블트깡출시_수동_전환_image_전체타겟,0813_이국주(~0912)_블트칩출시 (KR2),[26.08]F_I_BT깡_전환_블트칩출시_혜택강조형_이국주_.배너_이국주도찾기힘들었다는.__김소희_260814_제과_김수정,120,3,2195.0,1
2026-08-14,(ASC) [제과_블트하] 26.07_블트칩출시_ASC_전환_image,(ASC)[제과_블트하] 26.07_블트칩출시_ASC_전환_image,[26.07]F_I_BT깡_전환_블트칩출시_혜택강조형_KR2_.피드_주변인.옆자리동료.확장__김소희_260727_제과_박서연,1,0,8.0,0
2026-08-14,(ASC) [제과_블트하] 26.07_블트깡출시_ASC_전환_image,(ASC)[제과_블트하] 26.07_블트깡출시_ASC_전환_image,[26.07]F_I_BT깡_전환_블트칩출시_혜택강조형_KR2_.배너_공지문.가격인상됩니다.__최나영_260730_제과_김수정,64,2,499.0,0
2026-08-14,(ASC) [제과_블트하] 26.07_블트깡출시_ASC_전환_image,(ASC)[제과_블트하] 26.07_블트깡출시_ASC_전환_image,[26.07]F_I_BT칩_전환_블트칩출시_혜택강조형_KR2_.배너_야구장옆자리가.__최나영_260730_제과_김수정,56,0,375.0,0
2026-08-14,(마스터ASC)[제과_블트하] 26.08_블트깡출시_ASC_전환_image,(마스터ASC)[제과_블트하] 26.08_블트하출시_ASC_전환_image,[26.08]F_I_BT칩_전환_블트칩출시_혜택강조형_KR1_.릴스_살림권위.20년차주부안목.스토리.__김소희_260811_제과_김수정,237,10,7459.0,1
2026-08-14,[제과_블트하] 26.07_블트깡출시_수동_전환_image_전체타겟,0813_이국주(~0912)_블트칩출시 (KR1),[26.08]F_I_BT깡_전환_블트칩출시_유명인권위형_이국주.KR1_.릴스_호불호없는.__김소희_260813_제과_김수정,205,2,6548.0,0
2026-08-14,[제과_블트하] 26.07_블트깡출시_수동_전환_image_전체타겟,0813_이국주(~0912)_블트칩출시 (KR1),[26.08]F_I_BT깡_전환_블트칩출시_유명인권위형_이국주.KR1_.배너_공지문.카테고리어렵게.__김소희_260813_제과_김수정,438,2,5900.0,0
2026-08-14,[제과_블트하] 26.07_블트깡출시_수동_전환_image_전체타겟,0813_이국주(~0912)_블트칩출시 (KR2),[26.08]F_I_BT깡_전환_블트칩출시_유명인권위형_이국주.KR2_.릴스_없어서못사먹는다는.유행강조.__김소희_260814_제과_김수정,203,3,4694.0,0
2026-08-15,(마스터ASC)[제과_블트하] 26.08_블트깡출시_ASC_전환_image,(마스터ASC)[제과_블트하] 26.08_블트하출시_ASC_전환_image,[26.08]F_I_BT칩_전환_블트칩출시_혜택강조형_KR1_.릴스_살림권위.20년차주부안목.스토리.__김소희_260811_제과_김수정,589,12,19004.0,1
2026-08-15,[제과_블트하] 26.07_블트깡출시_수동_전환_image_전체타겟,0813_이국주(~0912)_블트칩출시 (KR1),[26.08]F_I_BT깡_전환_블트칩출시_유명인권위형_이국주.KR1_.배너_공지문.카테고리어렵게.__김소희_260813_제과_김수정,1020,18,15213.0,2
2026-08-15,(마스터ASC)[제과_블트하] 26.08_블트깡출시_ASC_전환_image,(마스터ASC)[제과_블트하] 26.08_블트하출시_ASC_전환_image,[26.08]F_I_BT깡_전환_블트칩출시_유명인권위형_이국주.KR1_.릴스_제2의두쫀쿠.유행강조.__김소희_260814_제과_김수정,21,0,295.0,0
2026-08-15,(마스터ASC)[제과_블트하] 26.08_블트깡출시_ASC_전환_image,(마스터ASC)[제과_블트하] 26.08_블트하출시_ASC_전환_image,[26.08]F_I_BT깡_전환_블트칩출시_유명인권위형_이국주.KR1_.릴스_알고리즘지배한.유행강조.__김소희_260814_제과_김수정,3,0,165.0,0
2026-08-15,[제과_블트하] 26.07_블트깡출시_수동_전환_image_전체타겟,0813_이국주(~0912)_블트칩출시 (KR2),[26.08]F_I_BT깡_전환_블트칩출시_유명인권위형_이국주.KR2_.릴스_없어서못사먹는다는.유행강조.__김소희_260814_제과_김수정,38,0,1717.0,3
2026-08-15,[칩] (마스터ASC)[제과_블트하] 26.07_블트칩출시_ASC_전환_video,[칩] (마스터ASC)[제과_블트하] 26.07_블트칩출시_ASC_전환_video,[26.08]F_V_BT칩_전환_블트칩출시_네고형_현장네고형.이국주.KR1_main.릴스_이국주.슬기.X_1P_최나영_260814_제과_피재은,443,4,7075.0,0
2026-08-16,(마스터ASC)[제과_블트하] 26.08_블트깡출시_ASC_전환_image,(마스터ASC)[제과_블트하] 26.08_블트하출시_ASC_전환_image,[26.08]F_I_BT칩_전환_블트칩출시_혜택강조형_KR1_.릴스_살림권위.20년차주부안목.스토리.__김소희_260811_제과_김수정,538,15,18790.0,0
2026-08-16,[제과_블트하] 26.07_블트깡출시_수동_전환_image_전체타겟,0813_이국주(~0912)_블트칩출시 (KR1),[26.08]F_I_BT깡_전환_블트칩출시_유명인권위형_이국주.KR1_.배너_공지문.카테고리어렵게.__김소희_260813_제과_김수정,1245,13,22700.0,1
2026-08-16,(마스터ASC)[제과_블트하] 26.08_블트깡출시_ASC_전환_image,(마스터ASC)[제과_블트하] 26.08_블트하출시_ASC_전환_image,[26.08]F_I_BT깡_전환_블트칩출시_유명인권위형_이국주.KR1_.릴스_제2의두쫀쿠.유행강조.__김소희_260814_제과_김수정,13,0,131.0,1
2026-08-16,[제과_블트하] 26.07_블트깡출시_수동_전환_image_전체타겟,0813_이국주(~0912)_블트칩출시 (KR2),[26.08]F_I_BT깡_전환_블트칩출시_유명인권위형_이국주.KR2_.릴스_없어서못사먹는다는.유행강조.__김소희_260814_제과_김수정,34,0,1609.0,0
2026-08-16,[칩] (마스터ASC)[제과_블트하] 26.07_블트칩출시_ASC_전환_video,[칩] (마스터ASC)[제과_블트하] 26.07_블트칩출시_ASC_전환_video,[26.08]F_V_BT칩_전환_블트칩출시_네고형_현장네고형.이국주.KR1_main.릴스_이국주.슬기.X_1P_최나영_260814_제과_피재은,503,14,8971.0,0
2026-08-17,(마스터ASC)[제과_블트하] 26.08_블트깡출시_ASC_전환_image,(마스터ASC)[제과_블트하] 26.08_블트하출시_ASC_전환_image,[26.08]F_I_BT혼_전환_블트칩출시_혜택강조형_KR1_.피드_마진포기.트러플하몽향제대로.__김소희_260806_제과_김수정,3,0,47.0,0
2026-08-17,[제과_블트하] 26.07_블트깡출시_수동_전환_image_전체타겟,0813_이국주(~0912)_블트칩출시 (KR2),[26.08]F_I_BT깡_전환_블트칩출시_유명인권위형_이국주.KR2_.릴스_없어서못사먹는다는.유행강조.__김소희_260814_제과_김수정,39,1,1100.0,0
2026-08-17,[칩] (마스터ASC)[제과_블트하] 26.07_블트칩출시_ASC_전환_video,[칩] (마스터ASC)[제과_블트하] 26.07_블트칩출시_ASC_전환_video,[26.08]F_V_BT칩_전환_블트칩출시_네고형_현장네고형.이국주.KR1_main.릴스_이국주.슬기.X_1P_최나영_260814_제과_피재은,299,5,4897.0,1
2026-08-14,(ASC) [제과_블트하] 26.07_블트칩출시_ASC_전환_image,(ASC)[제과_블트하] 26.07_블트칩출시_ASC_전환_image,[26.07]F_I_BT혼_전환_블트칩출시_혜택강조형_KR2_.릴스_모션.쌀때쟁이세요.__김소희_260729_제과_박서연,1,0,5.0,0
2026-08-14,(ASC) [제과_블트하] 26.07_블트깡출시_ASC_전환_image,(ASC)[제과_블트하] 26.07_블트깡출시_ASC_전환_image,[26.07]F_I_BT칩_전환_블트칩출시_혜택강조형_KR2_.배너_급구개당1천원대.__김소희_260731_제과_김수정,114,0,1905.0,0
2026-08-14,[제과_블트하] 26.07_블트깡출시_수동_전환_video_전체타겟,0811_라이브커머스형_블트깡출시 (KR1),[26.08]F_V_BT깡_전환_블트깡출시_라이브커머스형_라이브커머스형.KR1_var7.릴스_전체.스페인산.슬기.X_1P_김소희_260812_제과_피재은,23,1,379.0,0
2026-08-14,(마스터ASC)[제과_블트하] 26.08_블트깡출시_ASC_전환_image,(마스터ASC)[제과_블트하] 26.08_블트하출시_ASC_전환_image,[26.08]F_I_BT깡_전환_블트칩출시_유명인권위형_이국주.KR1_.릴스_호불호없는.유명인보이스.__김소희_260813_제과_김수정,3,0,34.0,0
2026-08-14,(마스터ASC)[제과_블트하] 26.08_블트깡출시_ASC_전환_image,(마스터ASC)[제과_블트하] 26.08_블트하출시_ASC_전환_image,[26.08]F_I_BT깡_전환_블트칩출시_유명인권위형_이국주.KR1_.릴스_원재료강조.유명인보이스.__김소희_260813_제과_김수정,14,0,106.0,0
2026-08-14,[제과_블트하] 26.07_블트깡출시_수동_전환_image_전체타겟,0813_이국주(~0912)_블트칩출시 (KR1),[26.08]F_I_BT깡_전환_블트칩출시_유명인권위형_이국주.KR1_.릴스_품절대란이라.유행강조.__김소희_260814_제과_김수정,19,0,206.0,0
2026-08-15,(ASC) [제과_블트하] 26.07_블트깡출시_ASC_전환_image,(ASC)[제과_블트하] 26.07_블트깡출시_ASC_전환_image,[26.07]F_I_BT칩_전환_블트칩출시_혜택강조형_KR2_.배너_급구개당1천원대.__김소희_260731_제과_김수정,4,0,159.0,0
2026-08-15,[제과_블트하] 26.07_블트깡출시_수동_전환_video_전체타겟,0811_라이브커머스형_블트깡출시 (KR1),[26.08]F_V_BT깡_전환_블트깡출시_라이브커머스형_라이브커머스형.KR1_var7.릴스_전체.스페인산.슬기.X_1P_김소희_260812_제과_피재은,44,0,602.0,0
2026-08-15,(마스터ASC)[제과_블트하] 26.08_블트깡출시_ASC_전환_image,(마스터ASC)[제과_블트하] 26.08_블트하출시_ASC_전환_image,[26.08]F_I_BT깡_전환_블트칩출시_유명인권위형_이국주.KR1_.릴스_호불호없는.유명인보이스.__김소희_260813_제과_김수정,23,0,890.0,0
2026-08-15,(고효율 재러닝)[제과_블트하] 26.08_블트깡출시_ASC_전환_image/video_8M1W,(고효율 재러닝)[제과_블트하] 26.08_블트깡출시_ASC_전환_image/video_8M1W,[26.08]F_V_BT칩_전환_블트칩출시_신규BP_인덕션BP.KR1_var3.릴스_조합취식.X_1P_김소희_260807_제과_이봄1,381,18,12615.0,0
2026-08-15,[제과_블트하] 26.07_블트깡출시_수동_전환_image_전체타겟,0813_이국주(~0912)_블트칩출시 (KR1),[26.08]F_I_BT깡_전환_블트칩출시_유명인권위형_이국주.KR1_.릴스_품절대란이라.유행강조.__김소희_260814_제과_김수정,19,0,257.0,0
2026-08-16,(ASC) [제과_블트하] 26.07_블트깡출시_ASC_전환_image,(ASC)[제과_블트하] 26.07_블트깡출시_ASC_전환_image,[26.07]F_I_BT칩_전환_블트칩출시_혜택강조형_KR2_.배너_급구개당1천원대.__김소희_260731_제과_김수정,84,0,1652.0,0
2026-08-16,(마스터ASC)[제과_블트하] 26.07_블트깡출시_ASC_전환_video,(마스터ASC)[제과_블트하] 26.07_블트깡출시_ASC_전환_video,[26.08]F_V_BT깡_전환_블트깡출시_라이브커머스형_라이브커머스형.KR1_var3.릴스_찐템강조.댓글.슬기.X_1P_김소희_260811_제과_피재은,2,0,90.0,0
2026-08-16,(마스터ASC)[제과_블트하] 26.08_블트깡출시_ASC_전환_image,(마스터ASC)[제과_블트하] 26.08_블트하출시_ASC_전환_image,[26.08]F_I_BT깡_전환_블트칩출시_유명인권위형_이국주.KR1_.릴스_호불호없는.유명인보이스.__김소희_260813_제과_김수정,31,0,990.0,0
2026-08-16,(마스터ASC)[제과_블트하] 26.08_블트깡출시_ASC_전환_image,(마스터ASC)[제과_블트하] 26.08_블트하출시_ASC_전환_image,[26.08]F_I_BT깡_전환_블트칩출시_유명인권위형_이국주.KR1_.릴스_원재료강조.유명인보이스.__김소희_260813_제과_김수정,5,0,296.0,0
2026-08-16,[제과_블트하] 26.07_블트깡출시_수동_전환_image_전체타겟,0813_이국주(~0912)_블트칩출시 (KR1),[26.08]F_I_BT깡_전환_블트칩출시_유명인권위형_이국주.KR1_.릴스_품절대란이라.유행강조.__김소희_260814_제과_김수정,5,0,81.0,0
2026-08-17,(ASC) [제과_블트하] 26.07_블트칩출시_ASC_전환_image,(ASC)[제과_블트하] 26.07_블트칩출시_ASC_전환_image,[26.07]F_I_BT혼_전환_블트칩출시_혜택강조형_KR2_.릴스_모션.쌀때쟁이세요.__김소희_260729_제과_박서연,2,0,14.0,0
2026-08-17,(ASC) [제과_블트하] 26.07_블트깡출시_ASC_전환_image,(ASC)[제과_블트하] 26.07_블트깡출시_ASC_전환_image,[26.07]F_I_BT칩_전환_블트칩출시_혜택강조형_KR2_.배너_급구개당1천원대.__김소희_260731_제과_김수정,7,0,97.0,0
2026-08-17,(마스터ASC)[제과_블트하] 26.07_블트깡출시_ASC_전환_video,(마스터ASC)[제과_블트하] 26.07_블트깡출시_ASC_전환_video,[26.08]F_V_BT깡_전환_블트깡출시_라이브커머스형_라이브커머스형.KR1_var3.릴스_찐템강조.댓글.슬기.X_1P_김소희_260811_제과_피재은,1,0,13.0,0
2026-08-17,[제과_블트하] 26.07_블트깡출시_수동_전환_video_전체타겟,0811_라이브커머스형_블트깡출시 (KR1),[26.08]F_V_BT깡_전환_블트깡출시_라이브커머스형_라이브커머스형.KR1_var7.릴스_전체.스페인산.슬기.X_1P_김소희_260812_제과_피재은,77,1,1435.0,0
2026-08-17,(마스터ASC)[제과_블트하] 26.08_블트깡출시_ASC_전환_image,(마스터ASC)[제과_블트하] 26.08_블트하출시_ASC_전환_image,[26.08]F_I_BT깡_전환_블트칩출시_유명인권위형_이국주.KR1_.릴스_호불호없는.유명인보이스.__김소희_260813_제과_김수정,7,2,452.0,0
2026-08-14,[제과_블트하] 26.07_블트깡출시_수동_전환_image_전체타겟,0806_돈값.공지문형_블트칩출시 (KR1),[26.08]F_I_BT혼_전환_블트칩출시_혜택강조형_KR1_.피드_밑지고팔아요.맥주안주.__김소희_260806_제과_김수정,1056,12,19819.0,0
2026-08-14,[제과_블트하] 26.07_블트깡출시_수동_전환_image_전체타겟,0813_이국주(~0912)_블트칩출시 (KR1),[26.08]F_I_BT깡_전환_블트칩출시_유명인권위형_이국주.KR1_.배너_공지문.트러플하몽계1등.__김소희_260813_제과_김수정,681,8,12543.0,0
2026-08-14,[제과_블트하] 26.07_블트깡출시_수동_전환_image_전체타겟,0813_이국주(~0912)_블트칩출시 (KR1),[26.08]F_I_BT깡_전환_블트칩출시_유명인권위형_이국주.KR1_.릴스_혜택강조.희소성.__김소희_260813_제과_김수정,2,0,26.0,0
2026-08-15,(ASC) [제과_블트하] 26.07_블트칩출시_ASC_전환_image,(ASC)[제과_블트하] 26.07_블트칩출시_ASC_전환_image,[26.07]F_I_BT칩_전환_블트칩출시_혜택강조형_KR2_.릴스_모션.옆짐맘들맛잘알.__김소희_260729_제과_박서연,14,0,382.0,0
2026-08-15,(ASC) [제과_블트하] 26.07_블트칩출시_ASC_전환_image,(ASC)[제과_블트하] 26.07_블트칩출시_ASC_전환_image,[26.07]F_I_BT칩_전환_블트칩출시_혜택강조형_KR2_.릴스_안다르bp.냄새맡고옆자리동료.__김소희_260729_제과_박서연,41,0,473.0,0
2026-08-15,(ASC) [제과_블트하] 26.07_블트칩출시_ASC_전환_image,(ASC)[제과_블트하] 26.07_블트칩출시_ASC_전환_image,[26.07]F_I_BT혼_전환_블트칩출시_혜택강조형_KR1_.배너_공지문.카테고리1등실체.남편안주추천템.__김소희_260803_제과_김수정,32,0,381.0,0
2026-08-15,[제과_블트하] 26.07_블트깡출시_수동_전환_video_전체타겟,0814_젤리백BP_블트칩출시 (이국주) (KR2),[26.08]F_V_BT혼_전환_블트칩출시_신규BP_젤리백BP.이국주.KR2_main.릴스_본론.여러가지.X_2P_최나영_260814_제과_이봄1,374,6,13530.0,0
2026-08-16,(ASC) [제과_블트하] 26.07_블트칩출시_ASC_전환_image,(ASC)[제과_블트하] 26.07_블트칩출시_ASC_전환_image,[26.07]F_I_BT칩_전환_블트칩출시_혜택강조형_KR2_.릴스_안다르bp.냄새맡고옆자리동료.__김소희_260729_제과_박서연,15,0,347.0,0
2026-08-16,(ASC) [제과_블트하] 26.07_블트칩출시_ASC_전환_image,(ASC)[제과_블트하] 26.07_블트칩출시_ASC_전환_image,[26.07]F_I_BT혼_전환_블트칩출시_혜택강조형_KR1_.배너_공지문.카테고리1등실체.남편안주추천템.__김소희_260803_제과_김수정,1148,23,26597.0,4
2026-08-17,(ASC) [제과_블트하] 26.07_블트칩출시_ASC_전환_image,(ASC)[제과_블트하] 26.07_블트칩출시_ASC_전환_image,[26.07]F_I_BT칩_전환_블트칩출시_혜택강조형_KR2_.릴스_모션.옆짐맘들맛잘알.__김소희_260729_제과_박서연,45,1,1110.0,0
2026-08-17,(ASC) [제과_블트하] 26.07_블트칩출시_ASC_전환_image,(ASC)[제과_블트하] 26.07_블트칩출시_ASC_전환_image,[26.07]F_I_BT칩_전환_블트칩출시_혜택강조형_KR2_.릴스_안다르bp.냄새맡고옆자리동료.__김소희_260729_제과_박서연,10,0,228.0,0
2026-08-17,(ASC) [제과_블트하] 26.07_블트칩출시_ASC_전환_image,(ASC)[제과_블트하] 26.07_블트칩출시_ASC_전환_image,[26.07]F_I_BT혼_전환_블트칩출시_혜택강조형_KR1_.배너_공지문.카테고리1등실체.남편안주추천템.__김소희_260803_제과_김수정,1279,38,35683.0,3
2026-08-14,(ASC) [제과_블트하] 26.07_블트깡출시_ASC_전환_image,(ASC)[제과_블트하] 26.07_블트깡출시_ASC_전환_image,[26.07]F_I_BT혼_전환_블트칩출시_혜택강조형_KR1_.배너_공지문.이가격다신없습니다.__김소희_260731_제과_김수정,47,1,779.0,1
2026-08-14,[제과_블트하] 26.07_블트깡출시_수동_전환_image_전체타겟,0806_돈값.공지문형_블트칩출시 (KR1),[26.07]F_I_BT혼_전환_블트칩출시_혜택강조형_KR1_.배너_공지문.아이들간식.__김소희_260803_제과_김수정,2012,28,43086.0,4
2026-08-14,(ASC) [제과_블트하] 26.07_블트칩출시_ASC_전환_image,(ASC)[제과_블트하] 26.07_블트칩출시_ASC_전환_image,[26.07]F_I_BT혼_전환_블트칩출시_혜택강조형_KR1_.배너_공지문.시댁에보냈더니.__김소희_260803_제과_김수정,96,2,1722.0,1
2026-08-14,(마스터ASC)[제과_블트하] 26.07_블트깡출시_ASC_전환_video,(마스터ASC)[제과_블트하] 26.07_블트깡출시_ASC_전환_video,[26.08]F_V_BT깡_전환_블트깡출시_라이브커머스형_라이브커머스형.KR1_var7.릴스_전체.스페인산.슬기.X_1P_김소희_260812_제과_피재은,12,1,798.0,1
2026-08-14,[제과_블트하] 26.07_블트깡출시_수동_전환_image_전체타겟,0813_이국주(~0912)_블트칩출시 (KR1),[26.08]F_I_BT깡_전환_블트칩출시_유명인권위형_이국주.KR1_.릴스_희소성.유행강조.__김소희_260814_제과_김수정,25,1,344.0,0
2026-08-15,[제과_블트하] 26.07_블트깡출시_수동_전환_image_전체타겟,0806_돈값.공지문형_블트칩출시 (KR1),[26.07]F_I_BT혼_전환_블트칩출시_혜택강조형_KR1_.배너_공지문.아이들간식.__김소희_260803_제과_김수정,525,6,11307.0,0
2026-08-15,(ASC) [제과_블트하] 26.07_블트칩출시_ASC_전환_image,(ASC)[제과_블트하] 26.07_블트칩출시_ASC_전환_image,[26.07]F_I_BT혼_전환_블트칩출시_혜택강조형_KR1_.배너_공지문.시댁에보냈더니.__김소희_260803_제과_김수정,22,0,279.0,0
2026-08-15,(마스터ASC)[제과_블트하] 26.07_블트깡출시_ASC_전환_video,(마스터ASC)[제과_블트하] 26.07_블트깡출시_ASC_전환_video,[26.08]F_V_BT깡_전환_블트깡출시_라이브커머스형_라이브커머스형.KR1_var1.릴스_찐템강조.주변.슬기.X_1P_김소희_260811_제과_피재은,1,0,17.0,0
2026-08-15,(마스터ASC)[제과_블트하] 26.08_블트깡출시_ASC_전환_image,(마스터ASC)[제과_블트하] 26.08_블트하출시_ASC_전환_image,[26.08]F_I_BT깡_전환_블트칩출시_유명인권위형_이국주.KR2_.릴스_옆자리에서.유행강조.__김소희_260814_제과_김수정,6,0,67.0,0
2026-08-15,[제과_블트하] 26.07_블트깡출시_수동_전환_image_전체타겟,0813_이국주(~0912)_블트칩출시 (KR1),[26.08]F_I_BT깡_전환_블트칩출시_유명인권위형_이국주.KR1_.릴스_희소성.유행강조.__김소희_260814_제과_김수정,93,1,2349.0,0
2026-08-15,(마스터ASC)[제과_블트하] 26.07_블트깡출시_ASC_전환_video,(마스터ASC)[제과_블트하] 26.07_블트깡출시_ASC_전환_video,[26.08]F_V_BT칩_전환_블트깡출시_신규BP_브랜든배너형BP_var4.릴스_손님간식1티어.할인추가.X_2P_최재원_260814_제과_최재원,34,1,379.0,0
2026-08-16,(ASC) [제과_블트하] 26.07_블트칩출시_ASC_전환_image,(ASC)[제과_블트하] 26.07_블트칩출시_ASC_전환_image,[26.07]F_I_BT칩_전환_블트칩출시_혜택강조형_KR2_.피드_옆자리회사동료가뺏어감..확장__김소희_260728_제과_박서연,7,0,59.0,0
2026-08-16,(ASC) [제과_블트하] 26.07_블트깡출시_ASC_전환_image,(ASC)[제과_블트하] 26.07_블트깡출시_ASC_전환_image,[26.07]F_I_BT혼_전환_블트칩출시_혜택강조형_KR1_.배너_공지문.이가격다신없습니다.__김소희_260731_제과_김수정,58,0,1597.0,0
2026-08-16,(ASC) [제과_블트하] 26.07_블트칩출시_ASC_전환_image,(ASC)[제과_블트하] 26.07_블트칩출시_ASC_전환_image,[26.07]F_I_BT혼_전환_블트칩출시_혜택강조형_KR1_.배너_공지문.시댁에보냈더니.__김소희_260803_제과_김수정,670,17,17490.0,1
2026-08-16,(마스터ASC)[제과_블트하] 26.07_블트깡출시_ASC_전환_video,(마스터ASC)[제과_블트하] 26.07_블트깡출시_ASC_전환_video,[26.08]F_V_BT깡_전환_블트깡출시_라이브커머스형_라이브커머스형.KR1_var7.릴스_전체.스페인산.슬기.X_1P_김소희_260812_제과_피재은,3,0,78.0,0
2026-08-16,(마스터ASC)[제과_블트하] 26.08_블트깡출시_ASC_전환_image,(마스터ASC)[제과_블트하] 26.08_블트하출시_ASC_전환_image,[26.08]F_I_BT깡_전환_블트칩출시_유명인권위형_이국주.KR2_.릴스_옆자리에서.유행강조.__김소희_260814_제과_김수정,3,0,34.0,0
2026-08-16,[제과_블트하] 26.07_블트깡출시_수동_전환_image_전체타겟,0813_이국주(~0912)_블트칩출시 (KR1),[26.08]F_I_BT깡_전환_블트칩출시_유명인권위형_이국주.KR1_.릴스_희소성.유행강조.__김소희_260814_제과_김수정,100,0,4368.0,0
2026-08-16,(마스터ASC)[제과_블트하] 26.07_블트깡출시_ASC_전환_video,(마스터ASC)[제과_블트하] 26.07_블트깡출시_ASC_전환_video,[26.08]F_V_BT칩_전환_블트깡출시_신규BP_브랜든배너형BP_var4.릴스_손님간식1티어.할인추가.X_2P_최재원_260814_제과_최재원,13,0,131.0,0
2026-08-17,(ASC) [제과_블트하] 26.07_블트칩출시_ASC_전환_image,(ASC)[제과_블트하] 26.07_블트칩출시_ASC_전환_image,[26.07]F_I_BT칩_전환_블트칩출시_혜택강조형_KR1_.피드_과자안먹는남편내돈내산.__김소희_260728_제과_김수정,2,0,26.0,0
2026-08-17,(ASC) [제과_블트하] 26.07_블트깡출시_ASC_전환_image,(ASC)[제과_블트하] 26.07_블트깡출시_ASC_전환_image,[26.07]F_I_BT혼_전환_블트칩출시_혜택강조형_KR1_.배너_공지문.이가격다신없습니다.__김소희_260731_제과_김수정,24,0,726.0,0
2026-08-17,(ASC) [제과_블트하] 26.07_블트칩출시_ASC_전환_image,(ASC)[제과_블트하] 26.07_블트칩출시_ASC_전환_image,[26.07]F_I_BT혼_전환_블트칩출시_혜택강조형_KR1_.배너_공지문.시댁에보냈더니.__김소희_260803_제과_김수정,625,12,18080.0,0
2026-08-17,(마스터ASC)[제과_블트하] 26.08_블트깡출시_ASC_전환_image,(마스터ASC)[제과_블트하] 26.08_블트하출시_ASC_전환_image,[26.08]F_I_BT혼_전환_블트칩출시_혜택강조형_KR1_.피드_마진포기합니다.하몽풍미감칠맛.__김소희_260806_제과_김수정,2,0,203.0,0
2026-08-17,(마스터ASC)[제과_블트하] 26.07_블트깡출시_ASC_전환_video,(마스터ASC)[제과_블트하] 26.07_블트깡출시_ASC_전환_video,[26.08]F_V_BT깡_전환_블트깡출시_라이브커머스형_라이브커머스형.KR1_var7.릴스_전체.스페인산.슬기.X_1P_김소희_260812_제과_피재은,2,0,5.0,0
2026-08-17,[제과_블트하] 26.07_블트깡출시_수동_전환_image_전체타겟,0813_이국주(~0912)_블트칩출시 (KR1),[26.08]F_I_BT깡_전환_블트칩출시_유명인권위형_이국주.KR1_.릴스_희소성.유행강조.__김소희_260814_제과_김수정,35,0,1804.0,0
2026-08-17,(마스터ASC)[제과_블트하] 26.07_블트깡출시_ASC_전환_video,(마스터ASC)[제과_블트하] 26.07_블트깡출시_ASC_전환_video,[26.08]F_V_BT칩_전환_블트깡출시_신규BP_브랜든배너형BP_var4.릴스_손님간식1티어.할인추가.X_2P_최재원_260814_제과_최재원,2,0,42.0,0
2026-08-14,[제과_콘스프맛 팝콘] 26.05_콘스프맛팝콘출시_수동_전환_video,문제공감형(운동.페인포인트)_0721,[26.07]F_V_PC콘_전환_콘스프맛팝콘출시_문제공감형_문제공감네고형_main.릴스_본론.X_2P_이유빈_260721_제과_이봄1,494,5,10348.0,0
2026-08-14,[제과_콘스프맛 팝콘] 26.05_콘스프맛팝콘출시_수동_전환_video,문제공감형(운동.페인포인트)_0721,[26.07]F_V_PC콘_전환_콘스프맛팝콘출시_문제공감형_문제공감네고형_var3.릴스_운동인들고충.X_2P_이유빈_260721_제과_이봄1,1,0,29.0,0
2026-08-14,(마스터ASC)[제과_블트하] 26.07_블트깡출시_ASC_전환_video,(마스터ASC)[제과_블트하] 26.07_블트깡출시_ASC_전환_video,[26.08]F_V_BT칩_전환_블트칩출시_신규BP_아린이네BP.KR1_var3.릴스_공구형.페인포인트.맛.X_2P_최나영_260811_제과_윤성미,1,0,18.0,0
2026-08-14,(마스터ASC)[제과_블트하] 26.07_블트깡출시_ASC_전환_video,(마스터ASC)[제과_블트하] 26.07_블트깡출시_ASC_전환_video,[26.08]F_V_BT깡_전환_블트깡출시_라이브커머스형_라이브커머스형.KR1_var6.릴스_전체.상황극.슬기.X_1P_김소희_260812_제과_피재은,65,2,2145.0,0
2026-08-14,(마스터ASC)[제과_블트하] 26.08_블트깡출시_ASC_전환_image,(마스터ASC)[제과_블트하] 26.08_블트하출시_ASC_전환_image,[26.08]F_I_BT깡_전환_블트칩출시_유명인권위형_이국주.KR1_.릴스_호불호없는.__김소희_260813_제과_김수정,18,0,436.0,0
2026-08-14,[제과_블트하] 26.07_블트깡출시_수동_전환_image_전체타겟,0813_이국주(~0912)_블트칩출시 (KR1),[26.08]F_I_BT깡_전환_블트칩출시_유명인권위형_이국주.KR1_.릴스_호불호없는.유행강조.__김소희_260814_제과_김수정,406,2,8761.0,0
2026-08-15,(ASC) [제과_블트하] 26.07_블트칩출시_ASC_전환_image,(ASC)[제과_블트하] 26.07_블트칩출시_ASC_전환_image,[26.07]F_I_BT칩_전환_블트칩출시_혜택강조형_KR2_.피드_주변인.친척모임.확장__김소희_260727_제과_박서연,2,0,5.0,0
2026-08-15,(ASC) [제과_블트하] 26.07_블트칩출시_ASC_전환_image,(ASC)[제과_블트하] 26.07_블트칩출시_ASC_전환_image,[26.07]F_I_BT칩_전환_블트칩출시_바이럴형_KR1_.피드_남편인정.캠핑.확장__김소희_260727_제과_김수정,22,0,289.0,0
2026-08-15,(마스터ASC)[제과_블트하] 26.07_블트깡출시_ASC_전환_video,(마스터ASC)[제과_블트하] 26.07_블트깡출시_ASC_전환_video,[26.08]F_V_BT칩_전환_블트칩출시_신규BP_아린이네BP.KR1_var3.릴스_공구형.페인포인트.맛.X_2P_최나영_260811_제과_윤성미,2,0,19.0,0
2026-08-15,(마스터ASC)[제과_블트하] 26.07_블트깡출시_ASC_전환_video,(마스터ASC)[제과_블트하] 26.07_블트깡출시_ASC_전환_video,[26.08]F_V_BT칩_전환_블트칩출시_신규BP_아린이네BP.KR1_main.릴스_공구형.메인.X_2P_최나영_260811_제과_윤성미,13,0,279.0,0
2026-08-15,(마스터ASC)[제과_블트하] 26.07_블트깡출시_ASC_전환_video,(마스터ASC)[제과_블트하] 26.07_블트깡출시_ASC_전환_video,[26.08]F_V_BT깡_전환_블트깡출시_라이브커머스형_라이브커머스형.KR1_var6.릴스_전체.상황극.슬기.X_1P_김소희_260812_제과_피재은,2,0,100.0,0
2026-08-15,(마스터ASC)[제과_블트하] 26.08_블트깡출시_ASC_전환_image,(마스터ASC)[제과_블트하] 26.08_블트하출시_ASC_전환_image,[26.08]F_I_BT깡_전환_블트칩출시_유명인권위형_이국주.KR1_.릴스_호불호없는.__김소희_260813_제과_김수정,3,0,32.0,0
2026-08-15,[제과_블트하] 26.07_블트깡출시_수동_전환_image_전체타겟,0813_이국주(~0912)_블트칩출시 (KR1),[26.08]F_I_BT깡_전환_블트칩출시_유명인권위형_이국주.KR1_.릴스_호불호없는.유행강조.__김소희_260814_제과_김수정,43,0,912.0,0
2026-08-15,[제과_블트하] 26.07_블트깡출시_수동_전환_video_전체타겟,0814_고효율재편집_블트깡출시,[26.08]F_V_BT칩_전환_블트칩출시_네고형_관계성네고형.KR2_main.릴스_맛표현앞으로.시어머니.(재)_2P_김소희_260814_제과_이미진,75,2,1122.0,0
2026-08-16,(마스터ASC)[제과_블트하] 26.07_블트깡출시_ASC_전환_video,(마스터ASC)[제과_블트하] 26.07_블트깡출시_ASC_전환_video,[26.08]F_V_BT칩_전환_블트칩출시_신규BP_아린이네BP.KR1_var3.릴스_공구형.페인포인트.맛.X_2P_최나영_260811_제과_윤성미,43,1,890.0,0
2026-08-16,(마스터ASC)[제과_블트하] 26.07_블트깡출시_ASC_전환_video,(마스터ASC)[제과_블트하] 26.07_블트깡출시_ASC_전환_video,[26.08]F_V_BT칩_전환_블트칩출시_신규BP_아린이네BP.KR1_main.릴스_공구형.메인.X_2P_최나영_260811_제과_윤성미,3,0,65.0,0
2026-08-16,(마스터ASC)[제과_블트하] 26.07_블트깡출시_ASC_전환_video,(마스터ASC)[제과_블트하] 26.07_블트깡출시_ASC_전환_video,[26.08]F_V_BT깡_전환_블트깡출시_라이브커머스형_라이브커머스형.KR1_var6.릴스_전체.상황극.슬기.X_1P_김소희_260812_제과_피재은,12,0,237.0,0
2026-08-16,(마스터ASC)[제과_블트하] 26.08_블트깡출시_ASC_전환_image,(마스터ASC)[제과_블트하] 26.08_블트하출시_ASC_전환_image,[26.08]F_I_BT깡_전환_블트칩출시_유명인권위형_이국주.KR1_.릴스_호불호없는.__김소희_260813_제과_김수정,71,0,1810.0,0
2026-08-16,[제과_블트하] 26.07_블트깡출시_수동_전환_image_전체타겟,0813_이국주(~0912)_블트칩출시 (KR1),[26.08]F_I_BT깡_전환_블트칩출시_유명인권위형_이국주.KR1_.릴스_호불호없는.유행강조.__김소희_260814_제과_김수정,19,4,826.0,0
2026-08-16,[제과_블트하] 26.07_블트깡출시_수동_전환_video_전체타겟,0814_고효율재편집_블트깡출시,[26.08]F_V_BT칩_전환_블트칩출시_네고형_관계성네고형.KR2_main.릴스_맛표현앞으로.시어머니.(재)_2P_김소희_260814_제과_이미진,226,5,5564.0,1
2026-08-17,(마스터ASC)[제과_블트하] 26.08_블트깡출시_ASC_전환_image,(마스터ASC)[제과_블트하] 26.08_블트하출시_ASC_전환_image,[26.08]F_I_BT칩_전환_블트칩출시_혜택강조형_KR1_.릴스_안다르미닉스bp.매일안주해주기귀찮았는데.__김소희_260806_제과_박지현,143,1,4382.0,0
2026-08-17,(마스터ASC)[제과_블트하] 26.07_블트깡출시_ASC_전환_video,(마스터ASC)[제과_블트하] 26.07_블트깡출시_ASC_전환_video,[26.08]F_V_BT칩_전환_블트칩출시_신규BP_아린이네BP.KR1_var3.릴스_공구형.페인포인트.맛.X_2P_최나영_260811_제과_윤성미,7,0,257.0,0
2026-08-17,(마스터ASC)[제과_블트하] 26.08_블트깡출시_ASC_전환_image,(마스터ASC)[제과_블트하] 26.08_블트하출시_ASC_전환_image,[26.08]F_I_BT깡_전환_블트칩출시_유명인권위형_이국주.KR1_.릴스_호불호없는.__김소희_260813_제과_김수정,24,0,486.0,0
2026-08-17,[제과_블트하] 26.07_블트깡출시_수동_전환_image_전체타겟,0813_이국주(~0912)_블트칩출시 (KR1),[26.08]F_I_BT깡_전환_블트칩출시_유명인권위형_이국주.KR1_.릴스_호불호없는.유행강조.__김소희_260814_제과_김수정,44,1,2787.0,0
2026-08-17,[제과_블트하] 26.07_블트깡출시_수동_전환_video_전체타겟,0814_고효율재편집_블트깡출시,[26.08]F_V_BT칩_전환_블트칩출시_네고형_관계성네고형.KR2_main.릴스_맛표현앞으로.시어머니.(재)_2P_김소희_260814_제과_이미진,816,16,22863.0,1
2026-08-14,(ASC) [제과_블트하] 26.07_블트칩출시_ASC_전환_image,(ASC)[제과_블트하] 26.07_블트칩출시_ASC_전환_image,[26.07]F_I_BT칩_전환_블트칩출시_혜택강조형_KR2_.피드_주변인.깐깐한시어머니.확장__김소희_260727_제과_박서연,1,0,5.0,0
2026-08-14,(ASC) [제과_블트하] 26.07_블트깡출시_ASC_전환_image,(ASC)[제과_블트하] 26.07_블트깡출시_ASC_전환_image,[26.07]F_I_BT칩_전환_블트칩출시_혜택강조형_KR2_.배너_탕비실에두면.__최나영_260730_제과_김수정,10,0,190.0,0
2026-08-14,(ASC) [제과_블트하] 26.07_블트칩출시_ASC_전환_image,(ASC)[제과_블트하] 26.07_블트칩출시_ASC_전환_image,[26.07]F_I_BT혼_전환_블트칩출시_혜택강조형_KR1_.배너_공지문.봉지째뺏어갈정도라돈안아깝다.__김소희_260803_제과_김수정,31,0,381.0,0
2026-08-14,(마스터ASC)[제과_블트하] 26.07_블트깡출시_ASC_전환_video,(마스터ASC)[제과_블트하] 26.07_블트깡출시_ASC_전환_video,[26.08]F_V_BT칩_전환_블트칩출시_신규BP_아린이네BP.KR1_var5.릴스_공구형.주변인인정.X_2P_최나영_260811_제과_윤성미,18,0,314.0,0
2026-08-14,[제과_블트하] 26.07_블트깡출시_수동_전환_image_전체타겟,0813_이국주(~0912)_블트칩출시 (KR1),[26.08]F_I_BT깡_전환_블트칩출시_유명인권위형_이국주.KR1_.릴스_혜택맛비주얼강조.희소성.__김소희_260813_제과_김수정,3,0,83.0,0
2026-08-14,(마스터ASC)[제과_블트하] 26.08_블트깡출시_ASC_전환_image,(마스터ASC)[제과_블트하] 26.08_블트하출시_ASC_전환_image,[26.08]F_I_BT깡_전환_블트칩출시_유명인권위형_이국주.KR1_.릴스_혜택강조.호불호없는.__김소희_260813_제과_김수정,1,0,1.0,0
2026-08-14,[제과_블트하] 26.07_블트깡출시_수동_전환_video_전체타겟,0813_브랜든형BP_블트깡출시 (test),[26.08]F_V_BT칩_전환_블트깡출시_신규BP_브랜든배너형BP_var4.릴스_손님간식1티어.할인추가.X_2P_최재원_260814_제과_최재원,278,3,4208.0,0
2026-08-15,(ASC) [제과_블트하] 26.07_블트깡출시_ASC_전환_image,(ASC)[제과_블트하] 26.07_블트깡출시_ASC_전환_image,[26.07]F_I_BT칩_전환_블트칩출시_혜택강조형_KR2_.배너_탕비실에두면.__최나영_260730_제과_김수정,4,0,70.0,0
2026-08-15,(ASC) [제과_블트하] 26.07_블트칩출시_ASC_전환_image,(ASC)[제과_블트하] 26.07_블트칩출시_ASC_전환_image,[26.07]F_I_BT혼_전환_블트칩출시_혜택강조형_KR1_.배너_공지문.봉지째뺏어갈정도라돈안아깝다.__김소희_260803_제과_김수정,141,5,3192.0,1
2026-08-15,(마스터ASC)[제과_블트하] 26.07_블트깡출시_ASC_전환_video,(마스터ASC)[제과_블트하] 26.07_블트깡출시_ASC_전환_video,[26.08]F_V_BT칩_전환_블트칩출시_신규BP_아린이네BP.KR1_var5.릴스_공구형.주변인인정.X_2P_최나영_260811_제과_윤성미,6,0,165.0,0
2026-08-15,(마스터ASC)[제과_블트하] 26.08_블트깡출시_ASC_전환_image,(마스터ASC)[제과_블트하] 26.08_블트하출시_ASC_전환_image,[26.08]F_I_BT깡_전환_블트칩출시_유명인권위형_이국주.KR1_.릴스_혜택강조.호불호없는.__김소희_260813_제과_김수정,1,0,7.0,0
2026-08-15,[제과_블트하] 26.07_블트깡출시_수동_전환_video_전체타겟,0813_브랜든형BP_블트깡출시 (test),[26.08]F_V_BT칩_전환_블트깡출시_신규BP_브랜든배너형BP_var4.릴스_손님간식1티어.할인추가.X_2P_최재원_260814_제과_최재원,341,2,5393.0,0
2026-08-16,(ASC) [제과_블트하] 26.07_블트칩출시_ASC_전환_image,(ASC)[제과_블트하] 26.07_블트칩출시_ASC_전환_image,[26.07]F_I_BT혼_전환_블트칩출시_혜택강조형_KR1_.배너_공지문.봉지째뺏어갈정도라돈안아깝다.__김소희_260803_제과_김수정,652,7,12923.0,2
2026-08-16,(마스터ASC)[제과_블트하] 26.07_블트깡출시_ASC_전환_video,(마스터ASC)[제과_블트하] 26.07_블트깡출시_ASC_전환_video,[26.08]F_V_BT깡_전환_블트깡출시_네고형_지인네고형.김그릇BP_main.릴스_공통.X_1P_김소희_260807_제과_강경연,1,0,8.0,0
2026-08-16,(마스터ASC)[제과_블트하] 26.07_블트깡출시_ASC_전환_video,(마스터ASC)[제과_블트하] 26.07_블트깡출시_ASC_전환_video,[26.08]F_V_BT칩_전환_블트칩출시_신규BP_아린이네BP.KR1_var5.릴스_공구형.주변인인정.X_2P_최나영_260811_제과_윤성미,35,0,1845.0,0
2026-08-16,[제과_블트하] 26.07_블트깡출시_수동_전환_video_전체타겟,0813_브랜든형BP_블트깡출시 (test),[26.08]F_V_BT칩_전환_블트깡출시_신규BP_브랜든배너형BP_var4.릴스_손님간식1티어.할인추가.X_2P_최재원_260814_제과_최재원,209,1,3524.0,0
2026-08-17,(ASC) [제과_블트하] 26.07_블트칩출시_ASC_전환_image,(ASC)[제과_블트하] 26.07_블트칩출시_ASC_전환_image,[26.07]F_I_BT칩_전환_블트칩출시_혜택강조형_KR2_.피드_주변인.깐깐한시어머니.확장__김소희_260727_제과_박서연,2,0,273.0,0
2026-08-17,(ASC) [제과_블트하] 26.07_블트칩출시_ASC_전환_image,(ASC)[제과_블트하] 26.07_블트칩출시_ASC_전환_image,[26.07]F_I_BT혼_전환_블트칩출시_혜택강조형_KR2_.릴스_모션.지금이젤싸요.__김소희_260729_제과_박서연,1,0,4.0,0
2026-08-17,(ASC) [제과_블트하] 26.07_블트칩출시_ASC_전환_image,(ASC)[제과_블트하] 26.07_블트칩출시_ASC_전환_image,[26.07]F_I_BT혼_전환_블트칩출시_혜택강조형_KR1_.배너_공지문.봉지째뺏어갈정도라돈안아깝다.__김소희_260803_제과_김수정,1296,29,27531.0,2
2026-08-17,(마스터ASC)[제과_블트하] 26.08_블트깡출시_ASC_전환_image,(마스터ASC)[제과_블트하] 26.08_블트하출시_ASC_전환_image,[26.08]F_I_BT칩_전환_블트칩출시_혜택강조형_KR1_.릴스_맛도리만쏙쏙골라먹는.__김소희_260807_제과_박서연,4,0,39.0,0
2026-08-17,(마스터ASC)[제과_블트하] 26.07_블트깡출시_ASC_전환_video,(마스터ASC)[제과_블트하] 26.07_블트깡출시_ASC_전환_video,[26.08]F_V_BT칩_전환_블트칩출시_신규BP_아린이네BP.KR1_var5.릴스_공구형.주변인인정.X_2P_최나영_260811_제과_윤성미,23,0,272.0,0
2026-08-17,[제과_블트하] 26.07_블트깡출시_수동_전환_video_전체타겟,0813_브랜든형BP_블트깡출시 (test),[26.08]F_V_BT칩_전환_블트깡출시_신규BP_브랜든배너형BP_var4.릴스_손님간식1티어.할인추가.X_2P_최재원_260814_제과_최재원,510,3,9994.0,0
2026-08-14,(ASC) [제과_블트하] 26.07_블트깡출시_ASC_전환_image,(ASC)[제과_블트하] 26.07_블트깡출시_ASC_전환_image,[26.07]F_I_BT혼_전환_블트칩출시_혜택강조형_KR1_.배너_7일만할인해요.칩깡동시소구.확장__김소희_260723_제과_박서연,210,3,2563.0,0
2026-08-14,(ASC) [제과_블트하] 26.07_블트칩출시_ASC_전환_image,(ASC)[제과_블트하] 26.07_블트칩출시_ASC_전환_image,[26.07]F_I_BT혼_전환_블트칩출시_혜택강조형_KR2_.피드_주변인.친구.확장__김소희_260727_제과_박지현,4,0,43.0,0
2026-08-14,[제과_블트하] 26.07_블트깡출시_수동_전환_video_전체타겟,0811_라이브커머스형_블트깡출시 (KR1),[26.08]F_V_BT깡_전환_블트깡출시_라이브커머스형_라이브커머스형.KR1_var10.릴스_가격강조.취식.슬기.X_1P_김소희_260812_제과_피재은,5,0,209.0,0
2026-08-14,[제과_블트하] 26.07_블트깡출시_수동_전환_image_전체타겟,0813_이국주(~0912)_블트칩출시 (KR1),[26.08]F_I_BT깡_전환_블트칩출시_유명인권위형_이국주.KR1_.릴스_호불호없는.유명인보이스.__김소희_260813_제과_김수정,39,1,811.0,0
2026-08-14,[제과_블트하] 26.07_블트깡출시_수동_전환_image_전체타겟,0813_이국주(~0912)_블트칩출시 (KR2),[26.08]F_I_BT깡_전환_블트칩출시_유명인권위형_이국주.KR2_.배너_희소성.편의점주.__김소희_260813_제과_김수정,326,3,7781.0,0
2026-08-14,[제과_콘스프맛 팝콘] 26.05_콘스프맛팝콘출시_수동_전환_video,공구네고형(다이어터 입터짐.페인포인트)_0814,[26.08]F_V_PC혼_전환_상시_네고형_공구네고형_var1.릴스_맛후킹.페르소나강조.X_1P_권미정_260814_제과_강경연,3042,28,29640.0,2
2026-08-14,[제과_콘스프맛 팝콘] 26.05_콘스프맛팝콘출시_수동_전환_video,공구네고형(다이어터 입터짐.페인포인트)_0814,[26.08]F_V_PC혼_전환_상시_네고형_공구네고형_var4.릴스_BP그대로.X_1P_권미정_260814_제과_강경연,6400,122,72584.0,4
2026-08-14,[제과_블트하] 26.07_블트깡출시_수동_전환_image_전체타겟,0813_이국주(~0912)_블트칩출시 (KR1),[26.08]F_I_BT깡_전환_블트칩출시_유명인권위형_이국주.KR1_.릴스_국민간식.유행강조.__김소희_260814_제과_김수정,222,0,3367.0,0
2026-08-15,(ASC) [제과_블트하] 26.07_블트깡출시_ASC_전환_image,(ASC)[제과_블트하] 26.07_블트깡출시_ASC_전환_image,[26.07]F_I_BT혼_전환_블트칩출시_혜택강조형_KR1_.배너_7일만할인해요.칩깡동시소구.확장__김소희_260723_제과_박서연,27,0,676.0,0
2026-08-15,(ASC) [제과_블트하] 26.07_블트칩출시_ASC_전환_image,(ASC)[제과_블트하] 26.07_블트칩출시_ASC_전환_image,[26.07]F_I_BT혼_전환_블트칩출시_혜택강조형_KR2_.피드_주변인.친구.확장__김소희_260727_제과_박지현,5,0,31.0,0
2026-08-15,(ASC) [제과_블트하] 26.07_블트칩출시_ASC_전환_image,(ASC)[제과_블트하] 26.07_블트칩출시_ASC_전환_image,[26.07]F_I_BT칩_전환_블트칩출시_혜택강조형_KR1_.피드_입맛까다로운남편도.__김소희_260728_제과_김수정,6,0,18.0,0
2026-08-15,(ASC) [제과_블트하] 26.07_블트칩출시_ASC_전환_image,(ASC)[제과_블트하] 26.07_블트칩출시_ASC_전환_image,[26.07]F_I_BT혼_전환_블트칩출시_혜택강조형_KR2_.릴스_모션.트민맘등극템.__김소희_260729_제과_박서연,60,1,811.0,0
2026-08-15,[칩] (마스터ASC)[제과_블트하] 26.07_블트칩출시_ASC_전환_video,[칩] (마스터ASC)[제과_블트하] 26.07_블트칩출시_ASC_전환_video,[26.08]F_V_BT혼_전환_블트칩출시_신규BP_풀리오BP.KR1_var5.릴스_중독성후킹.남편.X_2P_최나영_260801_제과_이봄1,1,0,1.0,0
2026-08-15,[제과_블트하] 26.07_블트깡출시_수동_전환_image_전체타겟,0813_이국주(~0912)_블트칩출시 (KR1),[26.08]F_I_BT깡_전환_블트칩출시_유명인권위형_이국주.KR1_.릴스_호불호없는.유명인보이스.__김소희_260813_제과_김수정,146,3,7337.0,0
2026-08-15,[제과_블트하] 26.07_블트깡출시_수동_전환_image_전체타겟,0813_이국주(~0912)_블트칩출시 (KR2),[26.08]F_I_BT깡_전환_블트칩출시_유명인권위형_이국주.KR2_.배너_희소성.편의점주.__김소희_260813_제과_김수정,101,1,3132.0,0
2026-08-15,[제과_콘스프맛 팝콘] 26.05_콘스프맛팝콘출시_수동_전환_video,공구네고형(다이어터 입터짐.페인포인트)_0814,[26.08]F_V_PC혼_전환_상시_네고형_공구네고형_var1.릴스_맛후킹.페르소나강조.X_1P_권미정_260814_제과_강경연,7893,91,83020.0,8
2026-08-15,[제과_콘스프맛 팝콘] 26.05_콘스프맛팝콘출시_수동_전환_video,공구네고형(다이어터 입터짐.페인포인트)_0814,[26.08]F_V_PC혼_전환_상시_네고형_공구네고형_var4.릴스_BP그대로.X_1P_권미정_260814_제과_강경연,3295,44,37649.0,2
2026-08-15,[제과_블트하] 26.07_블트깡출시_수동_전환_image_전체타겟,0813_이국주(~0912)_블트칩출시 (KR1),[26.08]F_I_BT깡_전환_블트칩출시_유명인권위형_이국주.KR1_.릴스_국민간식.유행강조.__김소희_260814_제과_김수정,20,0,269.0,0
2026-08-15,[제과_블트하] 26.07_블트깡출시_수동_전환_video_전체타겟,0814_젤리백BP_블트칩출시 (이국주) (KR2),[26.08]F_V_BT혼_전환_블트칩출시_신규BP_젤리백BP.이국주.KR2_var3.릴스_이국주+어그로.X_2P_최나영_260814_제과_이봄1,519,9,18317.0,1
2026-08-16,(ASC) [제과_블트하] 26.07_블트깡출시_ASC_전환_image,(ASC)[제과_블트하] 26.07_블트깡출시_ASC_전환_image,[26.07]F_I_BT혼_전환_블트칩출시_혜택강조형_KR1_.배너_7일만할인해요.칩깡동시소구.확장__김소희_260723_제과_박서연,404,8,8050.0,1
2026-08-16,(ASC) [제과_블트하] 26.07_블트칩출시_ASC_전환_image,(ASC)[제과_블트하] 26.07_블트칩출시_ASC_전환_image,[26.07]F_I_BT혼_전환_블트칩출시_혜택강조형_KR2_.릴스_모션.트민맘등극템.__김소희_260729_제과_박서연,33,0,1199.0,0
2026-08-16,[칩] (마스터ASC)[제과_블트하] 26.07_블트칩출시_ASC_전환_video,[칩] (마스터ASC)[제과_블트하] 26.07_블트칩출시_ASC_전환_video,[26.08]F_V_BT혼_전환_블트칩출시_신규BP_풀리오BP.KR1_var5.릴스_중독성후킹.남편.X_2P_최나영_260801_제과_이봄1,3,0,17.0,0
2026-08-16,[제과_블트하] 26.07_블트깡출시_수동_전환_video_전체타겟,0811_라이브커머스형_블트깡출시 (KR1),[26.08]F_V_BT깡_전환_블트깡출시_라이브커머스형_라이브커머스형.KR1_var10.릴스_가격강조.취식.슬기.X_1P_김소희_260812_제과_피재은,4,0,139.0,0
2026-08-16,[제과_블트하] 26.07_블트깡출시_수동_전환_image_전체타겟,0813_이국주(~0912)_블트칩출시 (KR1),[26.08]F_I_BT깡_전환_블트칩출시_유명인권위형_이국주.KR1_.릴스_호불호없는.유명인보이스.__김소희_260813_제과_김수정,301,4,11608.0,0
2026-08-16,[제과_블트하] 26.07_블트깡출시_수동_전환_image_전체타겟,0813_이국주(~0912)_블트칩출시 (KR2),[26.08]F_I_BT깡_전환_블트칩출시_유명인권위형_이국주.KR2_.배너_희소성.편의점주.__김소희_260813_제과_김수정,29,1,625.0,0
2026-08-16,[제과_콘스프맛 팝콘] 26.05_콘스프맛팝콘출시_수동_전환_video,공구네고형(다이어터 입터짐.페인포인트)_0814,[26.08]F_V_PC혼_전환_상시_네고형_공구네고형_var1.릴스_맛후킹.페르소나강조.X_1P_권미정_260814_제과_강경연,1742,15,16060.0,0
2026-08-16,[제과_콘스프맛 팝콘] 26.05_콘스프맛팝콘출시_수동_전환_video,공구네고형(다이어터 입터짐.페인포인트)_0814,[26.08]F_V_PC혼_전환_상시_네고형_공구네고형_var4.릴스_BP그대로.X_1P_권미정_260814_제과_강경연,3810,61,41210.0,1
2026-08-16,[제과_블트하] 26.07_블트깡출시_수동_전환_image_전체타겟,0813_이국주(~0912)_블트칩출시 (KR1),[26.08]F_I_BT깡_전환_블트칩출시_유명인권위형_이국주.KR1_.릴스_국민간식.유행강조.__김소희_260814_제과_김수정,7,0,225.0,0
2026-08-17,(ASC) [제과_블트하] 26.07_블트깡출시_ASC_전환_image,(ASC)[제과_블트하] 26.07_블트깡출시_ASC_전환_image,[26.07]F_I_BT혼_전환_블트칩출시_혜택강조형_KR1_.배너_7일만할인해요.칩깡동시소구.확장__김소희_260723_제과_박서연,380,8,6349.0,0
2026-08-17,(ASC) [제과_블트하] 26.07_블트칩출시_ASC_전환_image,(ASC)[제과_블트하] 26.07_블트칩출시_ASC_전환_image,[26.07]F_I_BT혼_전환_블트칩출시_혜택강조형_KR2_.피드_주변인.친구.확장__김소희_260727_제과_박지현,2,0,30.0,0
2026-08-17,[제과_블트하] 26.07_블트깡출시_수동_전환_image_전체타겟,0813_이국주(~0912)_블트칩출시 (KR1),[26.08]F_I_BT깡_전환_블트칩출시_유명인권위형_이국주.KR1_.릴스_호불호없는.유명인보이스.__김소희_260813_제과_김수정,389,14,16227.0,2
2026-08-17,[제과_블트하] 26.07_블트깡출시_수동_전환_image_전체타겟,0813_이국주(~0912)_블트칩출시 (KR2),[26.08]F_I_BT깡_전환_블트칩출시_유명인권위형_이국주.KR2_.배너_희소성.편의점주.__김소희_260813_제과_김수정,8,0,191.0,0
2026-08-17,[제과_콘스프맛 팝콘] 26.05_콘스프맛팝콘출시_수동_전환_video,공구네고형(다이어터 입터짐.페인포인트)_0814,[26.08]F_V_PC혼_전환_상시_네고형_공구네고형_var1.릴스_맛후킹.페르소나강조.X_1P_권미정_260814_제과_강경연,7379,54,65741.0,6
2026-08-17,[제과_블트하] 26.07_블트깡출시_수동_전환_image_전체타겟,0813_이국주(~0912)_블트칩출시 (KR1),[26.08]F_I_BT깡_전환_블트칩출시_유명인권위형_이국주.KR1_.릴스_국민간식.유행강조.__김소희_260814_제과_김수정,6,0,138.0,0
2026-08-14,(ASC) [제과_블트하] 26.07_블트칩출시_ASC_전환_image,(ASC)[제과_블트하] 26.07_블트칩출시_ASC_전환_image,[26.07]F_I_BT혼_전환_블트칩출시_혜택강조형_KR1_.피드_남편.깐깐.확장__김소희_260727_제과_박지현,1,0,85.0,0
2026-08-14,[제과_블트하] 26.07_블트깡출시_수동_전환_image_전체타겟,주변인인정_블트칩출시 (KR2) (0728),[26.07]F_I_BT칩_전환_블트칩출시_혜택강조형_KR2_.피드_이번주가가장싼데왜나중에사세요?.확장__김소희_260728_제과_박서연,15,0,102.0,0
2026-08-14,(ASC) [제과_블트하] 26.07_블트칩출시_ASC_전환_image,(ASC)[제과_블트하] 26.07_블트칩출시_ASC_전환_image,[26.07]F_I_BT깡_전환_블트칩출시_혜택강조형_KR2_.피드_시댁갈때맛잘알며느리.확장__김소희_260728_제과_박서연,7,0,57.0,0
2026-08-14,(ASC) [제과_블트하] 26.07_블트깡출시_ASC_전환_image,(ASC)[제과_블트하] 26.07_블트깡출시_ASC_전환_image,[26.07]F_I_BT혼_전환_블트칩출시_혜택강조형_KR1_.배너_공지문.가격인상합니다.__김소희_260731_제과_김수정,152,0,4228.0,0
2026-08-14,[제과_블트하] 26.07_블트깡출시_수동_전환_image_전체타겟,0813_이국주(~0912)_블트칩출시 (KR1),[26.08]F_I_BT깡_전환_블트칩출시_유명인권위형_이국주.KR1_.릴스_편의점오픈런실패.유행강조.__김소희_260814_제과_김수정,55,0,528.0,0
2026-08-15,(ASC) [제과_블트하] 26.07_블트칩출시_ASC_전환_image,(ASC)[제과_블트하] 26.07_블트칩출시_ASC_전환_image,[26.07]F_I_BT깡_전환_블트칩출시_혜택강조형_KR2_.피드_시댁갈때맛잘알며느리.확장__김소희_260728_제과_박서연,42,1,897.0,0
2026-08-15,(ASC) [제과_블트하] 26.07_블트깡출시_ASC_전환_image,(ASC)[제과_블트하] 26.07_블트깡출시_ASC_전환_image,[26.07]F_I_BT혼_전환_블트칩출시_혜택강조형_KR1_.배너_공지문.가격인상합니다.__김소희_260731_제과_김수정,643,10,13482.0,1
2026-08-15,[제과_블트하] 26.07_블트깡출시_수동_전환_video_전체타겟,0811_라이브커머스형_블트깡출시 (KR1),[26.08]F_V_BT깡_전환_블트깡출시_라이브커머스형_라이브커머스형.KR1_var2.릴스_찐템강조.남편.슬기.X_1P_김소희_260811_제과_피재은,1,0,8.0,0
2026-08-15,[제과_블트하] 26.07_블트깡출시_수동_전환_video_전체타겟,0811_아란이네BP_블트깡출시 (KR1),[26.08]F_V_BT칩_전환_블트칩출시_신규BP_아린이네BP.KR1_var3.릴스_공구형.페인포인트.맛.X_2P_최나영_260811_제과_윤성미,15,2,463.0,0
2026-08-15,[제과_블트하] 26.07_블트깡출시_수동_전환_image_전체타겟,0813_이국주(~0912)_블트칩출시 (KR1),[26.08]F_I_BT깡_전환_블트칩출시_유명인권위형_이국주.KR1_.릴스_편의점오픈런실패.유행강조.__김소희_260814_제과_김수정,6,0,42.0,0
2026-08-15,[칩] (마스터ASC)[제과_블트하] 26.07_블트칩출시_ASC_전환_video,[칩] (마스터ASC)[제과_블트하] 26.07_블트칩출시_ASC_전환_video,[26.08]F_V_BT칩_전환_블트칩출시_네고형_현장네고형.이국주.KR1_var1.릴스_대세감.슬기.X_1P_최나영_260814_제과_피재은,353,6,7372.0,0
2026-08-16,(ASC) [제과_블트하] 26.07_블트칩출시_ASC_전환_image,(ASC)[제과_블트하] 26.07_블트칩출시_ASC_전환_image,[26.07]F_I_BT깡_전환_블트칩출시_혜택강조형_KR2_.피드_시댁갈때맛잘알며느리.확장__김소희_260728_제과_박서연,55,2,1167.0,0
2026-08-16,(ASC) [제과_블트하] 26.07_블트깡출시_ASC_전환_image,(ASC)[제과_블트하] 26.07_블트깡출시_ASC_전환_image,[26.07]F_I_BT혼_전환_블트칩출시_혜택강조형_KR1_.배너_공지문.가격인상합니다.__김소희_260731_제과_김수정,585,14,14810.0,2
2026-08-16,[제과_블트하] 26.07_블트깡출시_수동_전환_video_전체타겟,0811_라이브커머스형_블트깡출시 (KR1),[26.08]F_V_BT깡_전환_블트깡출시_라이브커머스형_라이브커머스형.KR1_var2.릴스_찐템강조.남편.슬기.X_1P_김소희_260811_제과_피재은,34,0,791.0,0
2026-08-16,[제과_블트하] 26.07_블트깡출시_수동_전환_image_전체타겟,0813_이국주(~0912)_블트칩출시 (KR1),[26.08]F_I_BT깡_전환_블트칩출시_유명인권위형_이국주.KR1_.릴스_편의점오픈런실패.유행강조.__김소희_260814_제과_김수정,7,0,515.0,0
2026-08-16,[칩] (마스터ASC)[제과_블트하] 26.07_블트칩출시_ASC_전환_video,[칩] (마스터ASC)[제과_블트하] 26.07_블트칩출시_ASC_전환_video,[26.08]F_V_BT칩_전환_블트칩출시_네고형_현장네고형.이국주.KR1_var1.릴스_대세감.슬기.X_1P_최나영_260814_제과_피재은,145,5,2927.0,1
2026-08-17,(ASC) [제과_블트하] 26.07_블트칩출시_ASC_전환_image,(ASC)[제과_블트하] 26.07_블트칩출시_ASC_전환_image,[26.07]F_I_BT깡_전환_블트칩출시_혜택강조형_KR2_.피드_시댁갈때맛잘알며느리.확장__김소희_260728_제과_박서연,215,6,4165.0,0
2026-08-17,(ASC) [제과_블트하] 26.07_블트깡출시_ASC_전환_image,(ASC)[제과_블트하] 26.07_블트깡출시_ASC_전환_image,[26.07]F_I_BT혼_전환_블트칩출시_혜택강조형_KR1_.배너_공지문.가격인상합니다.__김소희_260731_제과_김수정,485,4,13899.0,0
2026-08-17,[제과_블트하] 26.07_블트깡출시_수동_전환_video_전체타겟,0811_라이브커머스형_블트깡출시 (KR1),[26.08]F_V_BT깡_전환_블트깡출시_라이브커머스형_라이브커머스형.KR1_var2.릴스_찐템강조.남편.슬기.X_1P_김소희_260811_제과_피재은,1,0,46.0,0
2026-08-17,[제과_블트하] 26.07_블트깡출시_수동_전환_video_전체타겟,0811_아란이네BP_블트깡출시 (KR1),[26.08]F_V_BT칩_전환_블트칩출시_신규BP_아린이네BP.KR1_var3.릴스_공구형.페인포인트.맛.X_2P_최나영_260811_제과_윤성미,9,1,193.0,0
2026-08-17,[칩] (마스터ASC)[제과_블트하] 26.07_블트칩출시_ASC_전환_video,[칩] (마스터ASC)[제과_블트하] 26.07_블트칩출시_ASC_전환_video,[26.08]F_V_BT칩_전환_블트칩출시_네고형_현장네고형.이국주.KR1_var1.릴스_대세감.슬기.X_1P_최나영_260814_제과_피재은,390,8,9204.0,1
2026-08-14,(ASC) [제과_블트하] 26.07_블트칩출시_ASC_전환_image,(ASC)[제과_블트하] 26.07_블트칩출시_ASC_전환_image,[26.07]F_I_BT혼_전환_블트칩출시_혜택강조형_KR1_.피드_더사달라구졸라요떼샷.__김소희_260728_제과_김수정,3,0,40.0,0
2026-08-14,[제과_블트하] 26.07_블트깡출시_수동_전환_image_전체타겟,주변인인정_블트칩출시 (KR2) (0728),[26.07]F_I_BT혼_전환_블트칩출시_혜택강조형_KR2_.피드_팀원들이뺏어먹는다는과자..확장__김소희_260728_제과_박서연,1694,30,30797.0,2
2026-08-14,(마스터ASC)[제과_블트하] 26.08_블트깡출시_ASC_전환_image,(마스터ASC)[제과_블트하] 26.08_블트하출시_ASC_전환_image,[26.08]F_I_BT깡_전환_블트칩출시_유명인권위형_이국주.KR2_.릴스_주변구매.회사.__김소희_260813_제과_김수정,33,0,597.0,0
2026-08-14,[제과_블트하] 26.07_블트깡출시_수동_전환_video_전체타겟,0813_브랜든형BP_블트깡출시 (test),[26.08]F_V_BT깡_전환_블트깡출시_신규BP_브랜든배너형BP_var5.릴스_고급간식1티어.할인추가.X_2P_최재원_260814_제과_최재원,271,1,3188.0,0
2026-08-15,(ASC) [제과_블트하] 26.07_블트칩출시_ASC_전환_image,(ASC)[제과_블트하] 26.07_블트칩출시_ASC_전환_image,[26.07]F_I_BT깡_전환_블트칩출시_혜택강조형_KR1_.피드_3박스더사달래요.__김소희_260728_제과_김수정,4,0,20.0,0
2026-08-15,(마스터ASC)[제과_블트하] 26.08_블트깡출시_ASC_전환_image,(마스터ASC)[제과_블트하] 26.08_블트하출시_ASC_전환_image,[26.08]F_I_BT깡_전환_블트칩출시_유명인권위형_이국주.KR2_.릴스_주변구매.회사.__김소희_260813_제과_김수정,3,0,8.0,0
2026-08-15,[제과_블트하] 26.07_블트깡출시_수동_전환_video_전체타겟,0813_브랜든형BP_블트깡출시 (test),[26.08]F_V_BT깡_전환_블트깡출시_신규BP_브랜든배너형BP_var5.릴스_고급간식1티어.할인추가.X_2P_최재원_260814_제과_최재원,396,4,5373.0,1
2026-08-16,(ASC) [제과_블트하] 26.07_블트칩출시_ASC_전환_image,(ASC)[제과_블트하] 26.07_블트칩출시_ASC_전환_image,[26.07]F_I_BT칩_전환_블트칩출시_혜택강조형_KR2_.피드_이번주가가장싼데왜나중에사세요?.확장__김소희_260728_제과_박서연,226,2,3662.0,0
2026-08-16,(마스터ASC)[제과_블트하] 26.08_블트깡출시_ASC_전환_image,(마스터ASC)[제과_블트하] 26.08_블트하출시_ASC_전환_image,[26.08]F_I_BT혼_전환_블트칩출시_혜택강조형_KR1_.피드_원가이하할인중.하몽갈아넣은.__김소희_260806_제과_김수정,2,0,18.0,0
2026-08-16,(마스터ASC)[제과_블트하] 26.08_블트깡출시_ASC_전환_image,(마스터ASC)[제과_블트하] 26.08_블트하출시_ASC_전환_image,[26.08]F_I_BT깡_전환_블트칩출시_유명인권위형_이국주.KR2_.릴스_주변구매.회사.__김소희_260813_제과_김수정,3,0,10.0,0
2026-08-16,[제과_블트하] 26.07_블트깡출시_수동_전환_video_전체타겟,0813_브랜든형BP_블트깡출시 (test),[26.08]F_V_BT깡_전환_블트깡출시_신규BP_브랜든배너형BP_var5.릴스_고급간식1티어.할인추가.X_2P_최재원_260814_제과_최재원,1231,12,22153.0,4
2026-08-17,(ASC) [제과_블트하] 26.07_블트칩출시_ASC_전환_image,(ASC)[제과_블트하] 26.07_블트칩출시_ASC_전환_image,[26.07]F_I_BT칩_전환_블트칩출시_혜택강조형_KR2_.피드_이번주가가장싼데왜나중에사세요?.확장__김소희_260728_제과_박서연,85,1,956.0,0
2026-08-17,(마스터ASC)[제과_블트하] 26.08_블트깡출시_ASC_전환_image,(마스터ASC)[제과_블트하] 26.08_블트하출시_ASC_전환_image,[26.08]F_I_BT깡_전환_블트칩출시_유명인권위형_이국주.KR2_.릴스_주변구매.회사.__김소희_260813_제과_김수정,4,0,34.0,0
2026-08-17,[제과_블트하] 26.07_블트깡출시_수동_전환_video_전체타겟,0813_브랜든형BP_블트깡출시 (test),[26.08]F_V_BT깡_전환_블트깡출시_신규BP_브랜든배너형BP_var5.릴스_고급간식1티어.할인추가.X_2P_최재원_260814_제과_최재원,1656,4,24705.0,2
2026-08-14,(ASC) [제과_블트하] 26.07_블트칩출시_ASC_전환_image,(ASC)[제과_블트하] 26.07_블트칩출시_ASC_전환_image,[26.07]F_I_BT깡_전환_블트칩출시_혜택강조형_KR2_.피드_주변인.팀장님.확장__김소희_260727_제과_박서연,1,0,1.0,0
2026-08-14,(ASC) [제과_블트하] 26.07_블트깡출시_ASC_전환_image,(ASC)[제과_블트하] 26.07_블트깡출시_ASC_전환_image,[26.07]F_I_BT혼_전환_블트칩출시_혜택강조형_KR2_.배너_다시는없어요.미친감칠맛1천원대.__김소희_260803_제과_김수정,503,9,7838.0,0
2026-08-14,(ASC) [제과_블트하] 26.07_블트깡출시_ASC_전환_image,(ASC)[제과_블트하] 26.07_블트깡출시_ASC_전환_image,[26.08]F_I_BT칩_전환_블트칩출시_혜택강조형_KR1_.피드_리뷰형.중딩아들잘먹어서.__김소희_260805_제과_박서연,69,1,913.0,0
2026-08-14,(마스터ASC)[제과_블트하] 26.07_블트깡출시_ASC_전환_video,(마스터ASC)[제과_블트하] 26.07_블트깡출시_ASC_전환_video,[26.08]F_V_BT깡_전환_블트깡출시_네고형_지인네고형.김그릇BP_var3.릴스_취식상황.X_1P_김소희_260807_제과_강경연,2,0,22.0,0
2026-08-14,[제과_블트하] 26.07_블트깡출시_수동_전환_video_전체타겟,0811_라이브커머스형_블트깡출시 (KR1),[26.08]F_V_BT깡_전환_블트깡출시_라이브커머스형_라이브커머스형.KR1_var8.릴스_전체.남편안주.슬기.X_1P_김소희_260812_제과_피재은,237,2,4737.0,1
2026-08-14,(마스터ASC)[제과_블트하] 26.08_블트깡출시_ASC_전환_image,(마스터ASC)[제과_블트하] 26.08_블트하출시_ASC_전환_image,[26.08]F_I_BT깡_전환_블트칩출시_유명인권위형_이국주.KR1_.릴스_원재료강조.__김소희_260813_제과_김수정,28,0,694.0,0
2026-08-14,(마스터ASC)[제과_블트하] 26.07_블트깡출시_ASC_전환_video,(마스터ASC)[제과_블트하] 26.07_블트깡출시_ASC_전환_video,[26.08]F_V_BT칩_전환_블트깡출시_신규BP_브랜든배너형BP_main.릴스_맥주안주1티어.X_2P_최재원_260813_제과_최재원,18,0,202.0,0
2026-08-14,[제과_블트하] 26.07_블트깡출시_수동_전환_image_전체타겟,0813_이국주(~0912)_블트칩출시 (KR1),[26.08]F_I_BT깡_전환_블트칩출시_유명인권위형_이국주.KR1_.릴스_혜택강조.호불호없는.__김소희_260813_제과_김수정,4,0,49.0,0
2026-08-14,[제과_블트하] 26.07_블트깡출시_수동_전환_image_전체타겟,0813_이국주(~0912)_블트칩출시 (KR2),[26.08]F_I_BT깡_전환_블트칩출시_혜택강조형_이국주_.배너_다시는없어요.__김소희_260814_제과_김수정,82,1,1153.0,0
2026-08-15,(마스터ASC)[제과_블트하] 26.07_블트깡출시_ASC_전환_video,(마스터ASC)[제과_블트하] 26.07_블트깡출시_ASC_전환_video,[26.07]F_V_BT깡_전환_블트깡출시_인물리뷰형_에어프라이기BP.KR1_var4.릴스_맥주.슬기.X_1P_최나영_260716_제과_피재은,1,0,5.0,0
2026-08-15,(ASC) [제과_블트하] 26.07_블트칩출시_ASC_전환_image,(ASC)[제과_블트하] 26.07_블트칩출시_ASC_전환_image,[26.07]F_I_BT칩_전환_블트칩출시_혜택강조형_KR1_.피드_초딩입맛인정최고안주.__김소희_260728_제과_김수정,4,0,43.0,0
2026-08-15,(ASC) [제과_블트하] 26.07_블트깡출시_ASC_전환_image,(ASC)[제과_블트하] 26.07_블트깡출시_ASC_전환_image,[26.08]F_I_BT칩_전환_블트칩출시_혜택강조형_KR1_.피드_리뷰형.중딩아들잘먹어서.__김소희_260805_제과_박서연,35,0,915.0,0
2026-08-15,[제과_블트하] 26.07_블트깡출시_수동_전환_video_전체타겟,0811_라이브커머스형_블트깡출시 (KR1),[26.08]F_V_BT깡_전환_블트깡출시_라이브커머스형_라이브커머스형.KR1_var8.릴스_전체.남편안주.슬기.X_1P_김소희_260812_제과_피재은,825,9,14759.0,0
2026-08-15,(마스터ASC)[제과_블트하] 26.08_블트깡출시_ASC_전환_image,(마스터ASC)[제과_블트하] 26.08_블트하출시_ASC_전환_image,[26.08]F_I_BT깡_전환_블트칩출시_유명인권위형_이국주.KR1_.릴스_원재료강조.__김소희_260813_제과_김수정,1,0,72.0,0
2026-08-15,(마스터ASC)[제과_블트하] 26.07_블트깡출시_ASC_전환_video,(마스터ASC)[제과_블트하] 26.07_블트깡출시_ASC_전환_video,[26.08]F_V_BT칩_전환_블트깡출시_신규BP_브랜든배너형BP_main.릴스_맥주안주1티어.X_2P_최재원_260813_제과_최재원,227,4,3392.0,0
2026-08-15,[제과_블트하] 26.07_블트깡출시_수동_전환_image_전체타겟,0813_이국주(~0912)_블트칩출시 (KR2),[26.08]F_I_BT깡_전환_블트칩출시_혜택강조형_이국주_.배너_다시는없어요.__김소희_260814_제과_김수정,997,13,25315.0,3
2026-08-16,(ASC) [제과_블트하] 26.07_블트깡출시_ASC_전환_image,(ASC)[제과_블트하] 26.07_블트깡출시_ASC_전환_image,[26.08]F_I_BT칩_전환_블트칩출시_혜택강조형_KR1_.피드_리뷰형.중딩아들잘먹어서.__김소희_260805_제과_박서연,140,2,2516.0,0
2026-08-16,(마스터ASC)[제과_블트하] 26.07_블트깡출시_ASC_전환_video,(마스터ASC)[제과_블트하] 26.07_블트깡출시_ASC_전환_video,[26.08]F_V_BT칩_전환_블트칩출시_신규BP_인덕션BP.KR1_var1.릴스_주변인정.X_1P_김소희_260807_제과_이봄1,1,0,7.0,0
2026-08-16,(마스터ASC)[제과_블트하] 26.07_블트깡출시_ASC_전환_video,(마스터ASC)[제과_블트하] 26.07_블트깡출시_ASC_전환_video,[26.08]F_V_BT깡_전환_블트깡출시_라이브커머스형_라이브커머스형.KR1_var4.릴스_전체.메인.슬기.X_1P_김소희_260812_제과_피재은,7,1,341.0,0
2026-08-16,(마스터ASC)[제과_블트하] 26.08_블트깡출시_ASC_전환_image,(마스터ASC)[제과_블트하] 26.08_블트하출시_ASC_전환_image,[26.08]F_I_BT깡_전환_블트칩출시_유명인권위형_이국주.KR1_.릴스_원재료강조.__김소희_260813_제과_김수정,165,3,3944.0,1
2026-08-16,(마스터ASC)[제과_블트하] 26.07_블트깡출시_ASC_전환_video,(마스터ASC)[제과_블트하] 26.07_블트깡출시_ASC_전환_video,[26.08]F_V_BT칩_전환_블트깡출시_신규BP_브랜든배너형BP_main.릴스_맥주안주1티어.X_2P_최재원_260813_제과_최재원,208,3,3303.0,0
2026-08-16,[제과_블트하] 26.07_블트깡출시_수동_전환_image_전체타겟,0813_이국주(~0912)_블트칩출시 (KR2),[26.08]F_I_BT깡_전환_블트칩출시_혜택강조형_이국주_.배너_다시는없어요.__김소희_260814_제과_김수정,742,12,19206.0,2
2026-08-17,(마스터ASC)[제과_블트하] 26.07_블트깡출시_ASC_전환_video,(마스터ASC)[제과_블트하] 26.07_블트깡출시_ASC_전환_video,[26.07]F_V_BT깡_전환_블트깡출시_인물리뷰형_에어프라이기BP.KR1_var4.릴스_맥주.슬기.X_1P_최나영_260716_제과_피재은,1,0,29.0,0
2026-08-17,(ASC) [제과_블트하] 26.07_블트칩출시_ASC_전환_image,(ASC)[제과_블트하] 26.07_블트칩출시_ASC_전환_image,[26.07]F_I_BT칩_전환_블트칩출시_혜택강조형_KR1_.피드_초딩입맛인정최고안주.__김소희_260728_제과_김수정,20,0,281.0,1
2026-08-17,(ASC) [제과_블트하] 26.07_블트깡출시_ASC_전환_image,(ASC)[제과_블트하] 26.07_블트깡출시_ASC_전환_image,[26.08]F_I_BT칩_전환_블트칩출시_혜택강조형_KR1_.피드_리뷰형.중딩아들잘먹어서.__김소희_260805_제과_박서연,139,1,2386.0,0
2026-08-17,(마스터ASC)[제과_블트하] 26.08_블트깡출시_ASC_전환_image,(마스터ASC)[제과_블트하] 26.08_블트하출시_ASC_전환_image,[26.08]F_I_BT깡_전환_블트칩출시_유명인권위형_이국주.KR1_.릴스_원재료강조.__김소희_260813_제과_김수정,209,2,5062.0,0
2026-08-17,(마스터ASC)[제과_블트하] 26.07_블트깡출시_ASC_전환_video,(마스터ASC)[제과_블트하] 26.07_블트깡출시_ASC_전환_video,[26.08]F_V_BT칩_전환_블트깡출시_신규BP_브랜든배너형BP_main.릴스_맥주안주1티어.X_2P_최재원_260813_제과_최재원,210,7,4848.0,1
2026-08-17,[제과_블트하] 26.07_블트깡출시_수동_전환_image_전체타겟,0813_이국주(~0912)_블트칩출시 (KR2),[26.08]F_I_BT깡_전환_블트칩출시_혜택강조형_이국주_.배너_다시는없어요.__김소희_260814_제과_김수정,2014,31,48611.0,4
2026-08-14,(마스터ASC)[제과_블트하] 26.08_블트깡출시_ASC_전환_image,(마스터ASC)[제과_블트하] 26.08_블트하출시_ASC_전환_image,[26.08]F_I_BT깡_전환_블트칩출시_유명인권위형_이국주.KR2_.배너_희소성.주부인플루언서.__김소희_260813_제과_김수정,15,0,216.0,0
2026-08-14,[제과_블트하] 26.07_블트깡출시_수동_전환_image_전체타겟,0813_이국주(~0912)_블트칩출시 (KR1),[26.08]F_I_BT깡_전환_블트칩출시_유명인권위형_이국주.KR1_.릴스_알고리즘지배한.유행강조.__김소희_260814_제과_김수정,64,2,965.0,2
2026-08-15,(ASC) [제과_블트하] 26.07_블트깡출시_ASC_전환_image,(ASC)[제과_블트하] 26.07_블트깡출시_ASC_전환_image,[26.07]F_I_BT깡_전환_블트칩출시_혜택강조형_KR2_.배너_재고소진시가격인상.__김소희_260731_제과_김수정,16,1,244.0,0
2026-08-15,[제과_블트하] 26.07_블트깡출시_수동_전환_video_전체타겟,0811_아란이네BP_블트깡출시 (KR1),[26.08]F_V_BT칩_전환_블트칩출시_신규BP_아린이네BP.KR1_var2.릴스_공구형.페인포인트.고구성.X_2P_최나영_260811_제과_윤성미,1372,24,44083.0,3
2026-08-15,(마스터ASC)[제과_블트하] 26.08_블트깡출시_ASC_전환_image,(마스터ASC)[제과_블트하] 26.08_블트하출시_ASC_전환_image,[26.08]F_I_BT깡_전환_블트칩출시_유명인권위형_이국주.KR2_.배너_희소성.주부인플루언서.__김소희_260813_제과_김수정,1,0,77.0,0
2026-08-15,[제과_블트하] 26.07_블트깡출시_수동_전환_image_전체타겟,0813_이국주(~0912)_블트칩출시 (KR1),[26.08]F_I_BT깡_전환_블트칩출시_유명인권위형_이국주.KR1_.릴스_알고리즘지배한.유행강조.__김소희_260814_제과_김수정,26,1,1107.0,0
2026-08-16,[제과_블트하] 26.07_블트깡출시_수동_전환_video_전체타겟,0811_아란이네BP_블트깡출시 (KR1),[26.08]F_V_BT칩_전환_블트칩출시_신규BP_아린이네BP.KR1_var2.릴스_공구형.페인포인트.고구성.X_2P_최나영_260811_제과_윤성미,5892,96,164051.0,14
2026-08-16,[제과_블트하] 26.07_블트깡출시_수동_전환_image_전체타겟,0813_이국주(~0912)_블트칩출시 (KR1),[26.08]F_I_BT깡_전환_블트칩출시_유명인권위형_이국주.KR1_.릴스_알고리즘지배한.유행강조.__김소희_260814_제과_김수정,67,2,3368.0,2
2026-08-17,(ASC) [제과_블트하] 26.07_블트깡출시_ASC_전환_image,(ASC)[제과_블트하] 26.07_블트깡출시_ASC_전환_image,[26.07]F_I_BT깡_전환_블트칩출시_혜택강조형_KR2_.배너_재고소진시가격인상.__김소희_260731_제과_김수정,5,0,90.0,0
2026-08-17,(마스터ASC)[제과_블트하] 26.08_블트깡출시_ASC_전환_image,(마스터ASC)[제과_블트하] 26.08_블트하출시_ASC_전환_image,[26.08]F_I_BT혼_전환_블트칩출시_혜택강조형_KR1_.피드_팔수록손해.고급진트러플하몽풍미.__김소희_260806_제과_김수정,1,0,94.0,0
2026-08-17,[제과_블트하] 26.07_블트깡출시_수동_전환_video_전체타겟,0811_아란이네BP_블트깡출시 (KR1),[26.08]F_V_BT칩_전환_블트칩출시_신규BP_아린이네BP.KR1_var2.릴스_공구형.페인포인트.고구성.X_2P_최나영_260811_제과_윤성미,3567,64,93971.0,4
2026-08-17,[제과_블트하] 26.07_블트깡출시_수동_전환_image_전체타겟,0813_이국주(~0912)_블트칩출시 (KR1),[26.08]F_I_BT깡_전환_블트칩출시_유명인권위형_이국주.KR1_.릴스_알고리즘지배한.유행강조.__김소희_260814_제과_김수정,12,0,309.0,0
2026-08-14,[제과_블트하] 26.07_블트깡출시_수동_전환_video_전체타겟,0725_클룹BP_블트칩출시 (KR1),[26.07]F_V_BT혼_전환_블트칩출시_기타_클룹BP.KR1_main.릴스_메인.슬기.X_1P_최나영_260723_제과_피재은,27,0,455.0,0
2026-08-14,(ASC) [제과_블트하] 26.07_블트깡출시_ASC_전환_image,(ASC)[제과_블트하] 26.07_블트깡출시_ASC_전환_image,[26.07]F_I_BT깡_전환_블트칩출시_혜택강조형_KR1_.배너_주문폭주안내.__최나영_260730_제과_김수정,106,0,990.0,1
2026-08-14,(고효율 재러닝)[제과_블트하] 26.08_블트깡출시_ASC_전환_image/video_8M1W,(고효율 재러닝)[제과_블트하] 26.08_블트깡출시_ASC_전환_image/video_8M1W,[26.07]F_I_BT혼_전환_블트칩출시_혜택강조형_KR1_.배너_가격실수안내.현장감.확장__김소희_260723_제과_김수정,9,0,143.0,0
2026-08-14,(ASC) [제과_블트하] 26.07_블트깡출시_ASC_전환_image,(ASC)[제과_블트하] 26.07_블트깡출시_ASC_전환_image,[26.08]F_I_BT혼_전환_블트칩출시_혜택강조형_KR1_.피드_공지문.결제오류안내.__김소희_260805_제과_박서연,407,4,8268.0,1
2026-08-14,[제과_블트하] 26.07_블트깡출시_수동_전환_image_전체타겟,0813_이국주(~0912)_블트칩출시 (KR2),[26.08]F_I_BT깡_전환_블트칩출시_유명인권위형_이국주.KR2_.릴스_주변구매.회사.__김소희_260813_제과_김수정,417,2,9635.0,1
2026-08-15,[제과_블트하] 26.07_블트깡출시_수동_전환_image_전체타겟,0813_이국주(~0912)_블트칩출시 (KR2),[26.08]F_I_BT깡_전환_블트칩출시_유명인권위형_이국주.KR2_.릴스_주변구매.회사.__김소희_260813_제과_김수정,32,0,320.0,0
2026-08-16,[제과_블트하] 26.07_블트깡출시_수동_전환_image_전체타겟,0813_이국주(~0912)_블트칩출시 (KR2),[26.08]F_I_BT깡_전환_블트칩출시_유명인권위형_이국주.KR2_.릴스_주변구매.회사.__김소희_260813_제과_김수정,17,0,611.0,0
2026-08-17,[제과_블트하] 26.07_블트깡출시_수동_전환_video_전체타겟,0725_클룹BP_블트칩출시 (KR1),[26.07]F_V_BT혼_전환_블트칩출시_기타_클룹BP.KR1_main.릴스_메인.슬기.X_1P_최나영_260723_제과_피재은,113,3,1929.0,0
2026-08-17,[칩] (마스터ASC)[제과_블트하] 26.07_블트칩출시_ASC_전환_video,[칩] (마스터ASC)[제과_블트하] 26.07_블트칩출시_ASC_전환_video,[26.08]F_V_BT혼_전환_블트칩출시_신규BP_풀리오BP.KR1_var1.릴스_내부BP후킹.남편.X_2P_최나영_260801_제과_이봄1,49,1,2059.0,0
2026-08-17,(마스터ASC)[제과_블트하] 26.08_블트깡출시_ASC_전환_image,(마스터ASC)[제과_블트하] 26.08_블트하출시_ASC_전환_image,[26.08]F_I_BT칩_전환_블트칩출시_혜택강조형_KR1_.릴스_엄마들모임에챙겨갔더니.__김소희_260807_제과_박서연,37,0,1087.0,0
2026-08-17,[제과_블트하] 26.07_블트깡출시_수동_전환_image_전체타겟,0813_이국주(~0912)_블트칩출시 (KR2),[26.08]F_I_BT깡_전환_블트칩출시_유명인권위형_이국주.KR2_.릴스_주변구매.회사.__김소희_260813_제과_김수정,1,0,16.0,0
