date,campaign_name,adset_name,ad_name,impressions,clicks,spend,conversions
2026-08-21,[칩] (마스터ASC)[제과_블트하] 26.07_블트칩출시_ASC_전환_video,[칩] (마스터ASC)[제과_블트하] 26.07_블트칩출시_ASC_전환_video,[26.07]F_V_BT칩_전환_블트칩출시_쩜오건_미쯔BP.KR1_main.릴스_대세감.꿀조합.X_2P_최나영_260724_제과_윤성미,10,3,75.0,0
2026-08-21,(ASC) [제과_블트하] 26.07_블트칩출시_ASC_전환_image,(ASC)[제과_블트하] 26.07_블트칩출시_ASC_전환_image,[26.07]F_I_BT혼_전환_블트칩출시_혜택강조형_KR2_.피드_주변인.동료.확장__김소희_260727_제과_박지현,4,0,41.0,0
2026-08-21,(ASC) [제과_블트하] 26.07_블트칩출시_ASC_전환_image,(ASC)[제과_블트하] 26.07_블트칩출시_ASC_전환_image,[26.07]F_I_BT칩_전환_블트칩출시_바이럴형_KR1_.피드_남편인정.야구장.확장__김소희_260727_제과_김수정,37,2,940.0,0
2026-08-21,(ASC) [제과_블트하] 26.07_블트칩출시_ASC_전환_image,(ASC)[제과_블트하] 26.07_블트칩출시_ASC_전환_image,[26.07]F_I_BT칩_전환_블트칩출시_혜택강조형_KR2_.릴스_안다르bp.시댁에서맛잘알며느리.__김소희_260729_제과_박서연,15,1,143.0,0
2026-08-21,[제과_블트하] 26.07_블트깡출시_수동_전환_video_전체타겟,0807_인덕션BP_블트칩출시 (KR1),[26.08]F_V_BT칩_전환_블트칩출시_신규BP_인덕션BP.KR1_var3.릴스_조합취식.X_1P_김소희_260807_제과_이봄1,19792,828,818340.0,63
2026-08-21,(마스터ASC)[제과_블트하] 26.08_블트깡출시_ASC_전환_image,(마스터ASC)[제과_블트하] 26.08_블트하출시_ASC_전환_image,[26.08]F_I_BT칩_전환_블트칩출시_혜택강조형_KR1_.릴스_시간한정강조.남편생활력미쳤대요.__김소희_260807_제과_김수정,2,0,6.0,0
2026-08-21,[제과_블트하] 26.07_블트깡출시_수동_전환_video_전체타겟,0814_고효율재편집_블트깡출시,[26.08]F_V_BT깡_전환_블트깡출시_쩜오건_이국주.KR1_var2.릴스_초코송이BP.(재)_1P_최나영_260814_제과_문형민,5,1,570.0,0
2026-08-21,(마스터ASC)[제과_블트하] 26.08_블트깡출시_ASC_전환_image,(마스터ASC)[제과_블트하] 26.08_블트하출시_ASC_전환_image,[26.08]F_I_BT깡_전환_블트칩출시_혜택강조형_이국주_.배너_이국주도찾기힘들었다는.__김소희_260814_제과_김수정,9,0,264.0,0
2026-08-22,(ASC) [제과_블트하] 26.07_블트칩출시_ASC_전환_image,(ASC)[제과_블트하] 26.07_블트칩출시_ASC_전환_image,[26.07]F_I_BT혼_전환_블트칩출시_혜택강조형_KR2_.피드_주변인.동료.확장__김소희_260727_제과_박지현,1,0,0.0,0
2026-08-22,(ASC) [제과_블트하] 26.07_블트칩출시_ASC_전환_image,(ASC)[제과_블트하] 26.07_블트칩출시_ASC_전환_image,[26.07]F_I_BT칩_전환_블트칩출시_바이럴형_KR1_.피드_남편인정.야구장.확장__김소희_260727_제과_김수정,73,2,1153.0,0
2026-08-22,(ASC) [제과_블트하] 26.07_블트칩출시_ASC_전환_image,(ASC)[제과_블트하] 26.07_블트칩출시_ASC_전환_image,[26.07]F_I_BT칩_전환_블트칩출시_혜택강조형_KR2_.릴스_안다르bp.시댁에서맛잘알며느리.__김소희_260729_제과_박서연,22,0,323.0,0
2026-08-22,[제과_블트하] 26.07_블트깡출시_수동_전환_video_전체타겟,0807_인덕션BP_블트칩출시 (KR1),[26.08]F_V_BT칩_전환_블트칩출시_신규BP_인덕션BP.KR1_var3.릴스_조합취식.X_1P_김소희_260807_제과_이봄1,6820,315,301630.0,19
2026-08-22,(마스터ASC)[제과_블트하] 26.08_블트깡출시_ASC_전환_image,(마스터ASC)[제과_블트하] 26.08_블트하출시_ASC_전환_image,[26.08]F_I_BT칩_전환_블트칩출시_혜택강조형_KR1_.릴스_시간한정강조.남편생활력미쳤대요.__김소희_260807_제과_김수정,4,0,39.0,0
2026-08-22,[제과_블트하] 26.07_블트깡출시_수동_전환_video_전체타겟,0811_라이브커머스형_블트깡출시 (KR1),[26.08]F_V_BT깡_전환_블트깡출시_라이브커머스형_라이브커머스형.KR1_var5.릴스_전체.맛비주얼.슬기.X_1P_김소희_260812_제과_피재은,244,1,4834.0,0
2026-08-23,(ASC) [제과_블트하] 26.07_블트칩출시_ASC_전환_image,(ASC)[제과_블트하] 26.07_블트칩출시_ASC_전환_image,[26.07]F_I_BT칩_전환_블트칩출시_바이럴형_KR1_.피드_남편인정.야구장.확장__김소희_260727_제과_김수정,4,0,59.0,0
2026-08-23,(ASC) [제과_블트하] 26.07_블트칩출시_ASC_전환_image,(ASC)[제과_블트하] 26.07_블트칩출시_ASC_전환_image,[26.07]F_I_BT칩_전환_블트칩출시_혜택강조형_KR2_.릴스_안다르bp.시댁에서맛잘알며느리.__김소희_260729_제과_박서연,133,0,1851.0,0
2026-08-23,[제과_블트하] 26.07_블트깡출시_수동_전환_video_전체타겟,0807_인덕션BP_블트칩출시 (KR1),[26.08]F_V_BT칩_전환_블트칩출시_신규BP_인덕션BP.KR1_var3.릴스_조합취식.X_1P_김소희_260807_제과_이봄1,9404,393,449130.0,29
2026-08-23,[제과_블트하] 26.07_블트깡출시_수동_전환_video_전체타겟,0811_라이브커머스형_블트깡출시 (KR1),[26.08]F_V_BT깡_전환_블트깡출시_라이브커머스형_라이브커머스형.KR1_var5.릴스_전체.맛비주얼.슬기.X_1P_김소희_260812_제과_피재은,253,7,5670.0,1
2026-08-23,(마스터ASC)[제과_블트하] 26.08_블트깡출시_ASC_전환_image,(마스터ASC)[제과_블트하] 26.08_블트하출시_ASC_전환_image,[26.08]F_I_BT깡_전환_블트칩출시_혜택강조형_이국주_.배너_이국주도찾기힘들었다는.__김소희_260814_제과_김수정,2,0,27.0,0
2026-08-21,(ASC) [제과_블트하] 26.07_블트깡출시_ASC_전환_image,(ASC)[제과_블트하] 26.07_블트깡출시_ASC_전환_image,[26.07]F_I_BT칩_전환_블트칩출시_혜택강조형_KR1_.배너_공지문.사과문.__최나영_260730_제과_김수정,6371,84,131033.0,8
2026-08-21,(ASC) [제과_블트하] 26.07_블트깡출시_ASC_전환_image,(ASC)[제과_블트하] 26.07_블트깡출시_ASC_전환_image,[26.07]F_I_BT깡_전환_블트칩출시_혜택강조형_KR2_.배너_집들이때꺼냈다가.__최나영_260730_제과_김수정,2,0,11.0,0
2026-08-21,(ASC) [제과_블트하] 26.07_블트깡출시_ASC_전환_image,(ASC)[제과_블트하] 26.07_블트깡출시_ASC_전환_image,[26.07]F_I_BT칩_전환_블트칩출시_혜택강조형_KR1_.배너_마진포기.__김소희_260731_제과_김수정,3910,58,74114.0,6
2026-08-21,(마스터ASC)[제과_블트하] 26.07_블트깡출시_ASC_전환_video,(마스터ASC)[제과_블트하] 26.07_블트깡출시_ASC_전환_video,[26.08]F_V_BT깡_전환_블트깡출시_라이브커머스형_라이브커머스형.KR1_var5.릴스_전체.맛비주얼.슬기.X_1P_김소희_260812_제과_피재은,3,0,28.0,0
2026-08-21,[제과_블트하] 26.07_블트깡출시_수동_전환_image_전체타겟,0820_이국주(~0912)_블트칩출시 (KR1),[26.08]F_I_BT깡_전환_블트칩출시_유명인권위형_이국주.KR1_.릴스_알고리즘평정.유행강조.__김소희_260814_제과_김수정,243,4,10272.0,0
2026-08-21,[제과_블트하] 26.07_블트깡출시_수동_전환_image_전체타겟,0818_GFA유효배너_블트칩출시,[26.08]F_I_BT깡_전환_블트칩출시_혜택강조형_GFA베리_.배너_이과자만든분천재인가요?.__최나영_260818_제과_박서연,24,0,1010.0,0
2026-08-21,[제과_블트하] 26.07_블트깡출시_수동_전환_video_전체타겟,0820_검증포맷이식_블트깡출시 (KR1),[26.08]F_V_BT깡_전환_블트깡출시_쩜오건_시즈닝강조.이국주.KR1_var2.릴스_블트깡.반전.슬기.X_1P__260820_제과_문형민,199,1,3725.0,0
2026-08-21,(마스터ASC)[제과_블트하] 26.07_블트깡출시_ASC_전환_video,(마스터ASC)[제과_블트하] 26.07_블트깡출시_ASC_전환_video,[26.08]F_V_BT깡_전환_블트깡출시_쩜오건_시즈닝강조.이국주.KR1_var4.릴스_블트깡.확산맛조합.슬기.X_1P__260820_제과_문형민,36,0,421.0,0
2026-08-21,(마스터ASC)[제과_블트하] 26.07_블트깡출시_ASC_전환_video,(마스터ASC)[제과_블트하] 26.07_블트깡출시_ASC_전환_video,[26.08]F_V_BT칩_전환_블트칩출시_쩜오건_시즈닝강조.이국주.KR1_var7.릴스_블트칩.반전.슬기.X_1P__260820_제과_문형민,12,0,93.0,0
2026-08-21,(마스터ASC)[제과_블트하] 26.07_블트깡출시_ASC_전환_video,(마스터ASC)[제과_블트하] 26.07_블트깡출시_ASC_전환_video,[26.08]F_V_BT칩_전환_블트칩출시_제조과정형_제조과정형.이국주.KR2_var1.릴스_이국주.X_1P__260821_제과_피재은,215,4,5715.0,0
2026-08-22,(ASC) [제과_블트하] 26.07_블트깡출시_ASC_전환_image,(ASC)[제과_블트하] 26.07_블트깡출시_ASC_전환_image,[26.07]F_I_BT칩_전환_블트칩출시_혜택강조형_KR1_.배너_공지문.사과문.__최나영_260730_제과_김수정,672,11,13714.0,0
2026-08-22,(ASC) [제과_블트하] 26.07_블트깡출시_ASC_전환_image,(ASC)[제과_블트하] 26.07_블트깡출시_ASC_전환_image,[26.07]F_I_BT깡_전환_블트칩출시_혜택강조형_KR2_.배너_집들이때꺼냈다가.__최나영_260730_제과_김수정,14,0,115.0,0
2026-08-22,(ASC) [제과_블트하] 26.07_블트깡출시_ASC_전환_image,(ASC)[제과_블트하] 26.07_블트깡출시_ASC_전환_image,[26.07]F_I_BT칩_전환_블트칩출시_혜택강조형_KR1_.배너_마진포기.__김소희_260731_제과_김수정,1116,15,24931.0,1
2026-08-22,(마스터ASC)[제과_블트하] 26.08_블트깡출시_ASC_전환_image,(마스터ASC)[제과_블트하] 26.08_블트하출시_ASC_전환_image,[26.08]F_I_BT칩_전환_블트칩출시_혜택강조형_KR1_.릴스_시간한정강조.와인바안주퀄리티.__김소희_260807_제과_김수정,8,0,56.0,0
2026-08-22,(마스터ASC)[제과_블트하] 26.07_블트깡출시_ASC_전환_video,(마스터ASC)[제과_블트하] 26.07_블트깡출시_ASC_전환_video,[26.08]F_V_BT깡_전환_블트깡출시_라이브커머스형_라이브커머스형.KR1_var5.릴스_전체.맛비주얼.슬기.X_1P_김소희_260812_제과_피재은,1,0,28.0,0
2026-08-22,[제과_블트하] 26.07_블트깡출시_수동_전환_image_전체타겟,0820_이국주(~0912)_블트칩출시 (KR1),[26.08]F_I_BT깡_전환_블트칩출시_유명인권위형_이국주.KR1_.릴스_알고리즘평정.유행강조.__김소희_260814_제과_김수정,295,6,15665.0,0
2026-08-22,(마스터ASC)[제과_블트하] 26.08_블트깡출시_ASC_전환_image,(마스터ASC)[제과_블트하] 26.08_블트하출시_ASC_전환_image,[26.08]F_I_BT깡_전환_블트칩출시_유명인권위형_이국주.KR1_.릴스_품절대란이라.유행강조.__김소희_260814_제과_김수정,2,0,5.0,0
2026-08-22,[제과_블트하] 26.07_블트깡출시_수동_전환_image_전체타겟,0818_GFA유효배너_블트칩출시,[26.08]F_I_BT깡_전환_블트칩출시_혜택강조형_GFA베리_.배너_이과자만든분천재인가요?.__최나영_260818_제과_박서연,6,0,263.0,0
2026-08-22,[제과_블트하] 26.07_블트깡출시_수동_전환_video_전체타겟,0820_검증포맷이식_블트깡출시 (KR1),[26.08]F_V_BT깡_전환_블트깡출시_쩜오건_시즈닝강조.이국주.KR1_var2.릴스_블트깡.반전.슬기.X_1P__260820_제과_문형민,196,4,3891.0,0
2026-08-22,(마스터ASC)[제과_블트하] 26.07_블트깡출시_ASC_전환_video,(마스터ASC)[제과_블트하] 26.07_블트깡출시_ASC_전환_video,[26.08]F_V_BT깡_전환_블트깡출시_쩜오건_시즈닝강조.이국주.KR1_var4.릴스_블트깡.확산맛조합.슬기.X_1P__260820_제과_문형민,6,0,88.0,0
2026-08-22,(마스터ASC)[제과_블트하] 26.07_블트깡출시_ASC_전환_video,(마스터ASC)[제과_블트하] 26.07_블트깡출시_ASC_전환_video,[26.08]F_V_BT칩_전환_블트칩출시_쩜오건_시즈닝강조.이국주.KR1_var7.릴스_블트칩.반전.슬기.X_1P__260820_제과_문형민,2,0,63.0,0
2026-08-22,(마스터ASC)[제과_블트하] 26.07_블트깡출시_ASC_전환_video,(마스터ASC)[제과_블트하] 26.07_블트깡출시_ASC_전환_video,[26.08]F_V_BT칩_전환_블트칩출시_제조과정형_제조과정형.이국주.KR2_var1.릴스_이국주.X_1P__260821_제과_피재은,263,2,4500.0,0
2026-08-22,[제과_블트하] 26.07_블트깡출시_수동_전환_video_전체타겟,0821_도리토스BP_블트칩출시,[26.08]F_V_BT칩_전환_블트칩출시_신규BP_도리토스BP.이국주.KR2_var1.릴스_레시피.X_2P_김소희_260821_제과_이봄1,787,17,22216.0,2
2026-08-23,(마스터ASC)[제과_블트하] 26.08_블트깡출시_ASC_전환_image,(마스터ASC)[제과_블트하] 26.08_블트하출시_ASC_전환_image,[26.08]F_I_BT칩_전환_블트칩출시_혜택강조형_KR1_.릴스_시간한정강조.와인바안주퀄리티.__김소희_260807_제과_김수정,28,2,879.0,0
2026-08-23,[제과_블트하] 26.07_블트깡출시_수동_전환_image_전체타겟,0818_GFA유효배너_블트칩출시,[26.08]F_I_BT깡_전환_블트칩출시_혜택강조형_GFA베리_.배너_이과자만든분천재인가요?.__최나영_260818_제과_박서연,31,0,1097.0,0
2026-08-23,[제과_블트하] 26.07_블트깡출시_수동_전환_video_전체타겟,0820_검증포맷이식_블트깡출시 (KR1),[26.08]F_V_BT깡_전환_블트깡출시_쩜오건_시즈닝강조.이국주.KR1_var2.릴스_블트깡.반전.슬기.X_1P__260820_제과_문형민,3103,32,51275.0,3
2026-08-23,(마스터ASC)[제과_블트하] 26.07_블트깡출시_ASC_전환_video,(마스터ASC)[제과_블트하] 26.07_블트깡출시_ASC_전환_video,[26.08]F_V_BT칩_전환_블트칩출시_제조과정형_제조과정형.이국주.KR2_var1.릴스_이국주.X_1P__260821_제과_피재은,171,1,4877.0,0
2026-08-23,[제과_블트하] 26.07_블트깡출시_수동_전환_video_전체타겟,0821_도리토스BP_블트칩출시,[26.08]F_V_BT칩_전환_블트칩출시_신규BP_도리토스BP.이국주.KR2_var1.릴스_레시피.X_2P_김소희_260821_제과_이봄1,649,7,14207.0,1
2026-08-21,(마스터ASC)[제과_블트하] 26.07_블트깡출시_ASC_전환_video,(마스터ASC)[제과_블트하] 26.07_블트깡출시_ASC_전환_video,[26.07]F_V_BT깡_전환_블트깡출시_쩜오건_대세감실체.KR1_var1.릴스_유명남돌라방.X_1P_김소희_260715_제과_문형민,1,0,36.0,0
2026-08-21,(ASC) [제과_블트하] 26.07_블트칩출시_ASC_전환_image,(ASC)[제과_블트하] 26.07_블트칩출시_ASC_전환_image,[26.07]F_I_BT깡_전환_블트칩출시_혜택강조형_KR2_.릴스_모션.탕비실채우는족족.__김소희_260729_제과_박서연,41,1,1215.0,1
2026-08-21,(ASC) [제과_블트하] 26.07_블트깡출시_ASC_전환_image,(ASC)[제과_블트하] 26.07_블트깡출시_ASC_전환_image,[26.07]F_I_BT칩_전환_블트칩출시_혜택강조형_KR2_.배너_늘나눠먹던남편.__최나영_260730_제과_김수정,26,0,408.0,0
2026-08-21,(마스터ASC)[제과_블트하] 26.08_블트깡출시_ASC_전환_image,(마스터ASC)[제과_블트하] 26.08_블트하출시_ASC_전환_image,[26.08]F_I_BT깡_전환_블트칩출시_유명인권위형_이국주.KR1_.배너_공지문.트러플하몽계1등.__김소희_260813_제과_김수정,14,0,245.0,0
2026-08-21,(마스터ASC)[제과_블트하] 26.07_블트깡출시_ASC_전환_video,(마스터ASC)[제과_블트하] 26.07_블트깡출시_ASC_전환_video,[26.08]F_V_BT깡_전환_블트깡출시_신규BP_흥주부BP.이국주.KR2_main.릴스_1등.X_2P_김소희_260819_제과_윤성미,992,23,27464.0,1
2026-08-21,[칩] (마스터ASC)[제과_블트하] 26.07_블트칩출시_ASC_전환_video,[칩] (마스터ASC)[제과_블트하] 26.07_블트칩출시_ASC_전환_video,[26.08]F_V_BT칩_전환_블트칩출시_네고형_공구네고형.이국주.KR2_var4.릴스_고급안주.X_1P_최나영_260820_제과_피재은,7,0,44.0,0
2026-08-22,(ASC) [제과_블트하] 26.07_블트칩출시_ASC_전환_image,(ASC)[제과_블트하] 26.07_블트칩출시_ASC_전환_image,[26.07]F_I_BT깡_전환_블트깡출시_바이럴형_KR1_.피드_남편인정.육퇴.확장__김소희_260727_제과_김수정,9,1,148.0,0
2026-08-22,(ASC) [제과_블트하] 26.07_블트칩출시_ASC_전환_image,(ASC)[제과_블트하] 26.07_블트칩출시_ASC_전환_image,[26.07]F_I_BT칩_전환_블트칩출시_혜택강조형_KR2_.릴스_안다르bp.지금쟁이는게이득.__김소희_260729_제과_박서연,39,0,1134.0,0
2026-08-22,(ASC) [제과_블트하] 26.07_블트칩출시_ASC_전환_image,(ASC)[제과_블트하] 26.07_블트칩출시_ASC_전환_image,[26.07]F_I_BT깡_전환_블트칩출시_혜택강조형_KR2_.릴스_모션.탕비실채우는족족.__김소희_260729_제과_박서연,59,2,1451.0,0
2026-08-22,(ASC) [제과_블트하] 26.07_블트깡출시_ASC_전환_image,(ASC)[제과_블트하] 26.07_블트깡출시_ASC_전환_image,[26.07]F_I_BT칩_전환_블트칩출시_혜택강조형_KR2_.배너_늘나눠먹던남편.__최나영_260730_제과_김수정,53,1,832.0,0
2026-08-22,(마스터ASC)[제과_블트하] 26.08_블트깡출시_ASC_전환_image,(마스터ASC)[제과_블트하] 26.08_블트하출시_ASC_전환_image,[26.08]F_I_BT깡_전환_블트칩출시_유명인권위형_이국주.KR1_.배너_공지문.트러플하몽계1등.__김소희_260813_제과_김수정,9,0,219.0,0
2026-08-22,(마스터ASC)[제과_블트하] 26.07_블트깡출시_ASC_전환_video,(마스터ASC)[제과_블트하] 26.07_블트깡출시_ASC_전환_video,[26.08]F_V_BT깡_전환_블트깡출시_신규BP_흥주부BP.이국주.KR2_main.릴스_1등.X_2P_김소희_260819_제과_윤성미,423,6,12939.0,1
2026-08-22,[칩] (마스터ASC)[제과_블트하] 26.07_블트칩출시_ASC_전환_video,[칩] (마스터ASC)[제과_블트하] 26.07_블트칩출시_ASC_전환_video,[26.08]F_V_BT칩_전환_블트칩출시_네고형_공구네고형.이국주.KR2_var4.릴스_고급안주.X_1P_최나영_260820_제과_피재은,6,0,51.0,0
2026-08-22,[제과_블트하] 26.07_블트깡출시_수동_전환_video_전체타겟,0821_도리토스BP_블트칩출시,[26.08]F_V_BT칩_전환_블트칩출시_신규BP_도리토스BP.이국주.KR2_var3.릴스_대세감.X_2P_김소희_260821_제과_이봄1,1350,20,52150.0,3
2026-08-23,(ASC) [제과_블트하] 26.07_블트칩출시_ASC_전환_image,(ASC)[제과_블트하] 26.07_블트칩출시_ASC_전환_image,[26.07]F_I_BT깡_전환_블트깡출시_바이럴형_KR1_.피드_남편인정.육퇴.확장__김소희_260727_제과_김수정,20,0,276.0,0
2026-08-23,(ASC) [제과_블트하] 26.07_블트칩출시_ASC_전환_image,(ASC)[제과_블트하] 26.07_블트칩출시_ASC_전환_image,[26.07]F_I_BT칩_전환_블트칩출시_혜택강조형_KR2_.릴스_안다르bp.지금쟁이는게이득.__김소희_260729_제과_박서연,1,0,7.0,0
2026-08-23,(ASC) [제과_블트하] 26.07_블트칩출시_ASC_전환_image,(ASC)[제과_블트하] 26.07_블트칩출시_ASC_전환_image,[26.07]F_I_BT깡_전환_블트칩출시_혜택강조형_KR2_.릴스_모션.탕비실채우는족족.__김소희_260729_제과_박서연,7,0,130.0,0
2026-08-23,(ASC) [제과_블트하] 26.07_블트깡출시_ASC_전환_image,(ASC)[제과_블트하] 26.07_블트깡출시_ASC_전환_image,[26.07]F_I_BT칩_전환_블트칩출시_혜택강조형_KR2_.배너_늘나눠먹던남편.__최나영_260730_제과_김수정,472,6,7168.0,0
2026-08-23,[칩] (마스터ASC)[제과_블트하] 26.07_블트칩출시_ASC_전환_video,[칩] (마스터ASC)[제과_블트하] 26.07_블트칩출시_ASC_전환_video,[26.08]F_V_BT혼_전환_블트칩출시_신규BP_풀리오BP.KR1_var3.릴스_맛충동후킹.남편.X_2P_최나영_260801_제과_이봄1,20,0,312.0,0
2026-08-23,(마스터ASC)[제과_블트하] 26.08_블트깡출시_ASC_전환_image,(마스터ASC)[제과_블트하] 26.08_블트하출시_ASC_전환_image,[26.08]F_I_BT깡_전환_블트칩출시_유명인권위형_이국주.KR1_.배너_공지문.트러플하몽계1등.__김소희_260813_제과_김수정,11,0,200.0,0
2026-08-23,(마스터ASC)[제과_블트하] 26.08_블트깡출시_ASC_전환_image,(마스터ASC)[제과_블트하] 26.08_블트하출시_ASC_전환_image,[26.08]F_I_BT깡_전환_블트칩출시_유명인권위형_이국주.KR2_.릴스_없어서못사먹는다는.유행강조.__김소희_260814_제과_김수정,1,0,28.0,0
2026-08-23,[제과_블트하] 26.07_블트깡출시_수동_전환_video_전체타겟,0821_도리토스BP_블트칩출시,[26.08]F_V_BT칩_전환_블트칩출시_신규BP_도리토스BP.이국주.KR2_var3.릴스_대세감.X_2P_김소희_260821_제과_이봄1,88,3,3311.0,0
2026-08-21,(ASC) [제과_블트하] 26.07_블트칩출시_ASC_전환_image,(ASC)[제과_블트하] 26.07_블트칩출시_ASC_전환_image,[26.07]F_I_BT깡_전환_블트칩출시_혜택강조형_KR2_.릴스_모션.집들이때가져가면.__김소희_260729_제과_박서연,450,3,6685.0,0
2026-08-21,(마스터ASC)[제과_블트하] 26.08_블트깡출시_ASC_전환_image,(마스터ASC)[제과_블트하] 26.08_블트하출시_ASC_전환_image,[26.08]F_I_BT깡_전환_블트칩출시_유명인권위형_이국주.KR1_.릴스_혜택맛비주얼강조.호불호없는.__김소희_260813_제과_김수정,1,0,4.0,0
2026-08-21,[제과_블트하] 26.07_블트깡출시_수동_전환_image_전체타겟,0821_유행긴급성_블트칩출시 (KR1/2),[26.08]F_I_BT칩_전환_블트칩출시_혜택강조형_이국주.KR2_.릴스_긴급성심리자극.내가대표면.__김소희_260821_제과_김수정,2,0,28.0,0
2026-08-22,(ASC) [제과_블트하] 26.07_블트깡출시_ASC_전환_image,(ASC)[제과_블트하] 26.07_블트깡출시_ASC_전환_image,[26.07]F_I_BT깡_전환_블트깡출시_바이럴형_KR1_.릴스_맘카페페르소나.지면테스트.재입고만기다린다는.검증__김소희_260721_제과_김수정,6,0,36.0,0
2026-08-22,(ASC) [제과_블트하] 26.07_블트칩출시_ASC_전환_image,(ASC)[제과_블트하] 26.07_블트칩출시_ASC_전환_image,[26.07]F_I_BT깡_전환_블트칩출시_혜택강조형_KR2_.릴스_모션.집들이때가져가면.__김소희_260729_제과_박서연,80,1,1329.0,0
2026-08-22,(마스터ASC)[제과_블트하] 26.08_블트깡출시_ASC_전환_image,(마스터ASC)[제과_블트하] 26.08_블트하출시_ASC_전환_image,[26.08]F_I_BT깡_전환_블트칩출시_유명인권위형_이국주.KR1_.릴스_혜택맛비주얼강조.호불호없는.__김소희_260813_제과_김수정,1,0,41.0,0
2026-08-22,[제과_블트하] 26.07_블트깡출시_수동_전환_image_전체타겟,0821_유행긴급성_블트칩출시 (KR1/2),[26.08]F_I_BT칩_전환_블트칩출시_혜택강조형_이국주.KR2_.릴스_긴급성심리자극.내가대표면.__김소희_260821_제과_김수정,643,11,13721.0,0
2026-08-23,(ASC) [제과_블트하] 26.07_블트칩출시_ASC_전환_image,(ASC)[제과_블트하] 26.07_블트칩출시_ASC_전환_image,[26.07]F_I_BT깡_전환_블트칩출시_혜택강조형_KR2_.릴스_모션.집들이때가져가면.__김소희_260729_제과_박서연,10,1,101.0,0
2026-08-23,(마스터ASC)[제과_블트하] 26.07_블트깡출시_ASC_전환_video,(마스터ASC)[제과_블트하] 26.07_블트깡출시_ASC_전환_video,[26.08]F_V_BT깡_전환_블트깡출시_라이브커머스형_라이브커머스형.KR1_var10.릴스_가격강조.취식.슬기.X_1P_김소희_260812_제과_피재은,3,0,39.0,0
2026-08-23,(마스터ASC)[제과_블트하] 26.08_블트깡출시_ASC_전환_image,(마스터ASC)[제과_블트하] 26.08_블트하출시_ASC_전환_image,[26.08]F_I_BT깡_전환_블트칩출시_유명인권위형_이국주.KR1_.릴스_혜택맛비주얼강조.호불호없는.__김소희_260813_제과_김수정,7,0,56.0,0
2026-08-21,(ASC) [제과_블트하] 26.07_블트칩출시_ASC_전환_image,(ASC)[제과_블트하] 26.07_블트칩출시_ASC_전환_image,[26.07]F_I_BT칩_전환_블트칩출시_바이럴형_KR1_.피드_남편인정.친구모임.확장__김소희_260727_제과_김수정,1,0,6.0,0
2026-08-21,(ASC) [제과_블트하] 26.07_블트칩출시_ASC_전환_image,(ASC)[제과_블트하] 26.07_블트칩출시_ASC_전환_image,[26.07]F_I_BT깡_전환_블트칩출시_혜택강조형_KR2_.릴스_모션.팀장님링크.__김소희_260729_제과_박서연,9,0,183.0,0
2026-08-21,(ASC) [제과_블트하] 26.07_블트깡출시_ASC_전환_image,(ASC)[제과_블트하] 26.07_블트깡출시_ASC_전환_image,[26.07]F_I_BT혼_전환_블트칩출시_혜택강조형_KR2_.배너_공지문.3분할.__김소희_260731_제과_김수정,95,0,804.0,0
2026-08-21,[제과_블트하] 26.07_블트깡출시_수동_전환_video_전체타겟,0813_브랜든형BP_블트깡출시 (test),[26.08]F_V_BT칩_전환_블트깡출시_신규BP_브랜든배너형BP_var3.릴스_맥주안주1티어.할인추가.X_2P_최재원_260814_제과_최재원,2865,61,88762.0,7
2026-08-21,[칩] (마스터ASC)[제과_블트하] 26.07_블트칩출시_ASC_전환_video,[칩] (마스터ASC)[제과_블트하] 26.07_블트칩출시_ASC_전환_video,[26.08]F_V_BT칩_전환_블트칩출시_단순소구형_술안주유행강조.KR2_main.릴스_메인편.X_2P_김소희_260821_제과_최재원,2,0,6.0,0
2026-08-22,(ASC) [제과_블트하] 26.07_블트칩출시_ASC_전환_image,(ASC)[제과_블트하] 26.07_블트칩출시_ASC_전환_image,[26.07]F_I_BT칩_전환_블트칩출시_혜택강조형_KR2_.피드_주변인.집들이안주.확장__김소희_260727_제과_박서연,12,0,143.0,0
2026-08-22,(ASC) [제과_블트하] 26.07_블트칩출시_ASC_전환_image,(ASC)[제과_블트하] 26.07_블트칩출시_ASC_전환_image,[26.07]F_I_BT깡_전환_블트칩출시_혜택강조형_KR2_.릴스_모션.팀장님링크.__김소희_260729_제과_박서연,2,0,8.0,0
2026-08-22,(ASC) [제과_블트하] 26.07_블트깡출시_ASC_전환_image,(ASC)[제과_블트하] 26.07_블트깡출시_ASC_전환_image,[26.07]F_I_BT혼_전환_블트칩출시_혜택강조형_KR2_.배너_공지문.3분할.__김소희_260731_제과_김수정,177,1,1208.0,0
2026-08-22,(마스터ASC)[제과_블트하] 26.08_블트깡출시_ASC_전환_image,(마스터ASC)[제과_블트하] 26.08_블트하출시_ASC_전환_image,[26.08]F_I_BT깡_전환_블트칩출시_유명인권위형_이국주.KR1_.릴스_희소성.유행강조.__김소희_260814_제과_김수정,2,0,7.0,0
2026-08-22,[제과_블트하] 26.07_블트깡출시_수동_전환_video_전체타겟,0813_브랜든형BP_블트깡출시 (test),[26.08]F_V_BT칩_전환_블트깡출시_신규BP_브랜든배너형BP_var3.릴스_맥주안주1티어.할인추가.X_2P_최재원_260814_제과_최재원,5067,108,171024.0,16
2026-08-22,[칩] (마스터ASC)[제과_블트하] 26.07_블트칩출시_ASC_전환_video,[칩] (마스터ASC)[제과_블트하] 26.07_블트칩출시_ASC_전환_video,[26.08]F_V_BT칩_전환_블트칩출시_단순소구형_술안주유행강조.KR2_main.릴스_메인편.X_2P_김소희_260821_제과_최재원,87,2,1627.0,1
2026-08-23,(ASC) [제과_블트하] 26.07_블트깡출시_ASC_전환_image,(ASC)[제과_블트하] 26.07_블트깡출시_ASC_전환_image,[26.07]F_I_BT혼_전환_블트칩출시_혜택강조형_KR2_.배너_공지문.3분할.__김소희_260731_제과_김수정,524,2,6718.0,0
2026-08-23,(마스터ASC)[제과_블트하] 26.08_블트깡출시_ASC_전환_image,(마스터ASC)[제과_블트하] 26.08_블트하출시_ASC_전환_image,[26.08]F_I_BT깡_전환_블트칩출시_유명인권위형_이국주.KR1_.릴스_희소성.유행강조.__김소희_260814_제과_김수정,19,0,1476.0,0
2026-08-23,[제과_블트하] 26.07_블트깡출시_수동_전환_video_전체타겟,0813_브랜든형BP_블트깡출시 (test),[26.08]F_V_BT칩_전환_블트깡출시_신규BP_브랜든배너형BP_var3.릴스_맥주안주1티어.할인추가.X_2P_최재원_260814_제과_최재원,3909,77,125455.0,8
2026-08-23,[칩] (마스터ASC)[제과_블트하] 26.07_블트칩출시_ASC_전환_video,[칩] (마스터ASC)[제과_블트하] 26.07_블트칩출시_ASC_전환_video,[26.08]F_V_BT혼_전환_블트깡출시_신규BP_오프아워BP.이국주.KR1_var3.릴스_이국주트러플하몽.X_2P_김소희_260814_제과_이미진,1,0,1.0,0
2026-08-23,[칩] (마스터ASC)[제과_블트하] 26.07_블트칩출시_ASC_전환_video,[칩] (마스터ASC)[제과_블트하] 26.07_블트칩출시_ASC_전환_video,[26.08]F_V_BT칩_전환_블트칩출시_단순소구형_술안주유행강조.KR2_main.릴스_메인편.X_2P_김소희_260821_제과_최재원,49,1,1486.0,0
2026-08-21,(ASC) [제과_블트하] 26.07_블트칩출시_ASC_전환_image,(ASC)[제과_블트하] 26.07_블트칩출시_ASC_전환_image,[26.07]F_I_BT깡_전환_블트깡출시_바이럴형_KR1_.피드_남편인정.맥주한잔.확장__김소희_260727_제과_김수정,18,0,231.0,0
2026-08-21,[제과_블트하] 26.07_블트깡출시_수동_전환_image_전체타겟,0813_이국주(~0912)_블트칩출시 (KR2),[26.08]F_I_BT깡_전환_블트칩출시_유명인권위형_이국주.KR2_.릴스_주변구매.엄마들모임.__김소희_260813_제과_김수정,2,0,13.0,0
2026-08-21,[제과_블트하] 26.07_블트깡출시_수동_전환_video_전체타겟,0819_흥주부BP_블트깡출시,[26.08]F_V_BT깡_전환_블트깡출시_신규BP_흥주부BP.이국주.KR2_var1.릴스_이국주.X_2P_김소희_260819_제과_윤성미,551,14,13791.0,0
2026-08-21,[제과_블트하] 26.07_블트깡출시_수동_전환_image_전체타겟,0819_유행실체이국주_블트칩출시  (KR1/2),[26.08]F_I_BT칩_전환_블트칩출시_혜택강조형_이국주.KR1_.배너_사회적집단.카톡.__김소희_260819_제과_김수정,1,0,24.0,0
2026-08-21,(마스터ASC)[제과_블트하] 26.08_블트깡출시_ASC_전환_image,(마스터ASC)[제과_블트하] 26.08_블트하출시_ASC_전환_image,[26.08]F_I_BT깡_전환_블트칩출시_혜택강조형_이국주.KR1_.배너_내부상황.대기열실체.__김소희_260819_제과_김수정,4,0,40.0,0
2026-08-21,(마스터ASC)[제과_블트하] 26.07_블트깡출시_ASC_전환_video,(마스터ASC)[제과_블트하] 26.07_블트깡출시_ASC_전환_video,[26.08]F_V_BT칩_전환_블트칩출시_쩜오건_시즈닝강조.이국주.KR1_var5.릴스_블트칩.메인.슬기.X_1P__260820_제과_문형민,26,1,344.0,0
2026-08-21,[제과_블트하] 26.07_블트깡출시_수동_전환_video_전체타겟,0821_물류대세감_블트칩출시 (이국주) (KR1),[26.08]F_V_BT칩_전환_블트칩출시_혜택희소성_물류대세감.이국주.KR1_var3.릴스_3억.시즈닝강조.슬기.X_1P__260821_제과_문형민,208,3,3620.0,0
2026-08-22,(마스터ASC)[제과_블트하] 26.08_블트깡출시_ASC_전환_image,(마스터ASC)[제과_블트하] 26.08_블트하출시_ASC_전환_image,[26.08]F_I_BT칩_전환_블트칩출시_혜택강조형_KR1_.릴스_원가이하판매중.__김소희_260807_제과_박서연,3,0,295.0,0
2026-08-22,(마스터ASC)[제과_블트하] 26.07_블트깡출시_ASC_전환_video,(마스터ASC)[제과_블트하] 26.07_블트깡출시_ASC_전환_video,[26.08]F_V_BT칩_전환_블트칩출시_신규BP_아린이네BP.KR1_var1.릴스_공구형.페인포인트.가격.X_2P_최나영_260811_제과_윤성미,1,0,5.0,0
2026-08-22,[제과_블트하] 26.07_블트깡출시_수동_전환_image_전체타겟,0813_이국주(~0912)_블트칩출시 (KR2),[26.08]F_I_BT깡_전환_블트칩출시_유명인권위형_이국주.KR2_.릴스_주변구매.엄마들모임.__김소희_260813_제과_김수정,3,0,92.0,0
2026-08-22,[제과_블트하] 26.07_블트깡출시_수동_전환_video_전체타겟,0821_물류대세감_블트칩출시 (이국주) (KR1),[26.08]F_V_BT칩_전환_블트칩출시_혜택희소성_물류대세감.이국주.KR1_var3.릴스_3억.시즈닝강조.슬기.X_1P__260821_제과_문형민,2798,48,44132.0,4
2026-08-22,[제과_블트하] 26.07_블트깡출시_수동_전환_video_전체타겟,0821_도리토스BP_블트칩출시,[26.08]F_V_BT칩_전환_블트칩출시_신규BP_도리토스BP.이국주.KR2_var2.릴스_이국주.X_2P_김소희_260821_제과_이봄1,55,1,2380.0,0
2026-08-23,(ASC) [제과_블트하] 26.07_블트칩출시_ASC_전환_image,(ASC)[제과_블트하] 26.07_블트칩출시_ASC_전환_image,[26.07]F_I_BT깡_전환_블트깡출시_바이럴형_KR1_.피드_남편인정.맥주한잔.확장__김소희_260727_제과_김수정,1,0,15.0,0
2026-08-23,(마스터ASC)[제과_블트하] 26.08_블트깡출시_ASC_전환_image,(마스터ASC)[제과_블트하] 26.08_블트하출시_ASC_전환_image,[26.08]F_I_BT칩_전환_블트칩출시_혜택강조형_KR1_.릴스_원가이하판매중.__김소희_260807_제과_박서연,20,0,339.0,0
2026-08-23,(마스터ASC)[제과_블트하] 26.07_블트깡출시_ASC_전환_video,(마스터ASC)[제과_블트하] 26.07_블트깡출시_ASC_전환_video,[26.08]F_V_BT칩_전환_블트칩출시_신규BP_아린이네BP.KR1_var1.릴스_공구형.페인포인트.가격.X_2P_최나영_260811_제과_윤성미,12,0,213.0,0
2026-08-23,[제과_블트하] 26.07_블트깡출시_수동_전환_video_전체타겟,0811_라이브커머스형_블트깡출시 (KR1),[26.08]F_V_BT깡_전환_블트깡출시_라이브커머스형_라이브커머스형.KR1_var9.릴스_가격강조.메인.슬기.X_1P_김소희_260812_제과_피재은,15,0,399.0,0
2026-08-23,(마스터ASC)[제과_블트하] 26.08_블트깡출시_ASC_전환_image,(마스터ASC)[제과_블트하] 26.08_블트하출시_ASC_전환_image,[26.08]F_I_BT깡_전환_블트칩출시_유명인권위형_이국주.KR1_.릴스_혜택강조.원재료강조.__김소희_260813_제과_김수정,1,0,13.0,0
2026-08-23,(마스터ASC)[제과_블트하] 26.08_블트깡출시_ASC_전환_image,(마스터ASC)[제과_블트하] 26.08_블트하출시_ASC_전환_image,[26.08]F_I_BT깡_전환_블트칩출시_혜택강조형_이국주.KR1_.배너_내부상황.대기열실체.__김소희_260819_제과_김수정,4,0,46.0,0
2026-08-23,(마스터ASC)[제과_블트하] 26.07_블트깡출시_ASC_전환_video,(마스터ASC)[제과_블트하] 26.07_블트깡출시_ASC_전환_video,[26.08]F_V_BT칩_전환_블트칩출시_쩜오건_시즈닝강조.이국주.KR1_var5.릴스_블트칩.메인.슬기.X_1P__260820_제과_문형민,3,0,76.0,0
2026-08-23,[제과_블트하] 26.07_블트깡출시_수동_전환_video_전체타겟,0821_도리토스BP_블트칩출시,[26.08]F_V_BT칩_전환_블트칩출시_신규BP_도리토스BP.이국주.KR2_var2.릴스_이국주.X_2P_김소희_260821_제과_이봄1,10,0,204.0,0
2026-08-21,(마스터ASC)[제과_블트하] 26.07_블트깡출시_ASC_전환_video,(마스터ASC)[제과_블트하] 26.07_블트깡출시_ASC_전환_video,[26.07]F_V_BT깡_전환_블트깡출시_쩜오건_대세감실체.KR1_var2.릴스_여배우유튜브.X_1P_김소희_260715_제과_문형민,5,0,130.0,0
2026-08-21,(ASC) [제과_블트하] 26.07_블트칩출시_ASC_전환_image,(ASC)[제과_블트하] 26.07_블트칩출시_ASC_전환_image,[26.07]F_I_BT혼_전환_블트칩출시_혜택강조형_KR1_.배너_공지문.아이들간식.__김소희_260803_제과_김수정,10,0,304.0,0
2026-08-21,(마스터ASC)[제과_블트하] 26.08_블트깡출시_ASC_전환_image,(마스터ASC)[제과_블트하] 26.08_블트하출시_ASC_전환_image,[26.08]F_I_BT깡_전환_블트칩출시_유명인권위형_이국주.KR2_.릴스_주변구매.가족.__김소희_260813_제과_김수정,1,0,13.0,0
2026-08-21,[칩] (마스터ASC)[제과_블트하] 26.07_블트칩출시_ASC_전환_video,[칩] (마스터ASC)[제과_블트하] 26.07_블트칩출시_ASC_전환_video,[26.08]F_V_BT칩_전환_블트칩출시_네고형_현장네고형.이국주.KR1_var3.릴스_물류.슬기.X_1P_최나영_260814_제과_피재은,12596,271,247209.0,15
2026-08-21,[제과_블트하] 26.07_블트깡출시_수동_전환_video_전체타겟,0814_오프아워BP_블트칩출시 (이국주) (KR1),[26.08]F_V_BT혼_전환_블트깡출시_신규BP_오프아워BP.이국주.KR1_var1.릴스_타사비교.X_2P_김소희_260814_제과_이미진,522,13,17931.0,1
2026-08-21,[제과_블트하] 26.07_블트깡출시_수동_전환_image_전체타겟,0818_GFA유효배너_블트칩출시,[26.08]F_I_BT깡_전환_블트칩출시_혜택강조형_GFA베리_.배너_맨날안주타령하는울남편.__최나영_260818_제과_박서연,3,0,369.0,0
2026-08-21,[제과_블트하] 26.07_블트깡출시_수동_전환_video_전체타겟,0821_직원네고형_블트칩출시 (이국주) (KR1),[26.08]F_V_BT칩_전환_블트칩출시_네고형_직원네고형.이국주.KR1_var1.릴스_ver1.시즈닝강조.슬기.X_1P__260821_제과_문형민,45,1,629.0,0
2026-08-21,[제과_블트하] 26.07_블트깡출시_수동_전환_video_전체타겟,0821_물류대세감_블트칩출시 (이국주) (KR1),[26.08]F_V_BT칩_전환_블트칩출시_혜택희소성_물류대세감.이국주.KR1_var1.릴스_약속.시즈닝강조.슬기.X_1P__260821_제과_문형민,93,2,2127.0,0
2026-08-21,[제과_블트하] 26.07_블트깡출시_수동_전환_image_전체타겟,0821_유행긴급성_블트칩출시 (KR1/2),[26.08]F_I_BT깡_전환_블트칩출시_혜택강조형_이국주.KR1_.배너_긴급성심리자극.긴급공지.__김소희_260821_제과_김수정,3,0,135.0,0
2026-08-22,(ASC) [제과_블트하] 26.07_블트칩출시_ASC_전환_image,(ASC)[제과_블트하] 26.07_블트칩출시_ASC_전환_image,[26.07]F_I_BT혼_전환_블트칩출시_혜택강조형_KR1_.배너_공지문.아이들간식.__김소희_260803_제과_김수정,35,1,1497.0,1
2026-08-22,(마스터ASC)[제과_블트하] 26.08_블트깡출시_ASC_전환_image,(마스터ASC)[제과_블트하] 26.08_블트하출시_ASC_전환_image,[26.08]F_I_BT깡_전환_블트칩출시_유명인권위형_이국주.KR2_.릴스_주변구매.가족.__김소희_260813_제과_김수정,2,0,8.0,0
2026-08-22,(마스터ASC)[제과_블트하] 26.08_블트깡출시_ASC_전환_image,(마스터ASC)[제과_블트하] 26.08_블트하출시_ASC_전환_image,[26.08]F_I_BT깡_전환_블트칩출시_유명인권위형_이국주.KR1_.릴스_국민간식.유행강조.__김소희_260814_제과_김수정,4,0,26.0,0
2026-08-22,[칩] (마스터ASC)[제과_블트하] 26.07_블트칩출시_ASC_전환_video,[칩] (마스터ASC)[제과_블트하] 26.07_블트칩출시_ASC_전환_video,[26.08]F_V_BT칩_전환_블트칩출시_네고형_현장네고형.이국주.KR1_var3.릴스_물류.슬기.X_1P_최나영_260814_제과_피재은,4259,96,77364.0,4
2026-08-22,[제과_블트하] 26.07_블트깡출시_수동_전환_image_전체타겟,0818_GFA유효배너_블트칩출시,[26.08]F_I_BT깡_전환_블트칩출시_혜택강조형_GFA베리_.배너_맨날안주타령하는울남편.__최나영_260818_제과_박서연,4,0,368.0,0
2026-08-22,[제과_블트하] 26.07_블트깡출시_수동_전환_video_전체타겟,0821_직원네고형_블트칩출시 (이국주) (KR1),[26.08]F_V_BT칩_전환_블트칩출시_네고형_직원네고형.이국주.KR1_var1.릴스_ver1.시즈닝강조.슬기.X_1P__260821_제과_문형민,20507,353,382216.0,28
2026-08-22,[제과_블트하] 26.07_블트깡출시_수동_전환_video_전체타겟,0821_물류대세감_블트칩출시 (이국주) (KR1),[26.08]F_V_BT칩_전환_블트칩출시_혜택희소성_물류대세감.이국주.KR1_var1.릴스_약속.시즈닝강조.슬기.X_1P__260821_제과_문형민,337,11,8311.0,2
2026-08-22,[제과_블트하] 26.07_블트깡출시_수동_전환_image_전체타겟,0821_유행긴급성_블트칩출시 (KR1/2),[26.08]F_I_BT깡_전환_블트칩출시_혜택강조형_이국주.KR1_.배너_긴급성심리자극.긴급공지.__김소희_260821_제과_김수정,119,1,2819.0,0
2026-08-22,[제과_블트하] 26.07_블트깡출시_수동_전환_video_전체타겟,0821_도리토스BP_블트칩출시,[26.08]F_V_BT칩_전환_블트칩출시_신규BP_도리토스BP.이국주.KR2_var4.릴스_BP대로.X_2P_김소희_260821_제과_이봄1,158,2,7180.0,0
2026-08-23,(ASC) [제과_블트하] 26.07_블트칩출시_ASC_전환_image,(ASC)[제과_블트하] 26.07_블트칩출시_ASC_전환_image,[26.07]F_I_BT혼_전환_블트칩출시_혜택강조형_KR1_.배너_공지문.아이들간식.__김소희_260803_제과_김수정,80,0,2480.0,0
2026-08-23,[칩] (마스터ASC)[제과_블트하] 26.07_블트칩출시_ASC_전환_video,[칩] (마스터ASC)[제과_블트하] 26.07_블트칩출시_ASC_전환_video,[26.08]F_V_BT칩_전환_블트칩출시_네고형_현장네고형.이국주.KR1_var3.릴스_물류.슬기.X_1P_최나영_260814_제과_피재은,29666,531,642994.0,43
2026-08-23,[제과_블트하] 26.07_블트깡출시_수동_전환_video_전체타겟,0821_직원네고형_블트칩출시 (이국주) (KR1),[26.08]F_V_BT칩_전환_블트칩출시_네고형_직원네고형.이국주.KR1_var1.릴스_ver1.시즈닝강조.슬기.X_1P__260821_제과_문형민,3141,65,55996.0,2
2026-08-23,[제과_블트하] 26.07_블트깡출시_수동_전환_video_전체타겟,0821_물류대세감_블트칩출시 (이국주) (KR1),[26.08]F_V_BT칩_전환_블트칩출시_혜택희소성_물류대세감.이국주.KR1_var1.릴스_약속.시즈닝강조.슬기.X_1P__260821_제과_문형민,6135,116,135758.0,11
2026-08-23,[제과_블트하] 26.07_블트깡출시_수동_전환_image_전체타겟,0821_유행긴급성_블트칩출시 (KR1/2),[26.08]F_I_BT깡_전환_블트칩출시_혜택강조형_이국주.KR1_.배너_긴급성심리자극.긴급공지.__김소희_260821_제과_김수정,113,1,3410.0,0
2026-08-23,[제과_블트하] 26.07_블트깡출시_수동_전환_video_전체타겟,0821_도리토스BP_블트칩출시,[26.08]F_V_BT칩_전환_블트칩출시_신규BP_도리토스BP.이국주.KR2_var4.릴스_BP대로.X_2P_김소희_260821_제과_이봄1,27,0,639.0,0
2026-08-21,(ASC) [제과_블트하] 26.07_블트깡출시_ASC_전환_image,(ASC)[제과_블트하] 26.07_블트깡출시_ASC_전환_image,[26.07]F_I_BT깡_전환_블트깡출시_혜택강조형_혜택강조형_.배너_와인좋아하는사람들은다안다는.검증__김소희_260715_제과_박서연,461,6,14523.0,1
2026-08-21,(ASC) [제과_블트하] 26.07_블트칩출시_ASC_전환_image,(ASC)[제과_블트하] 26.07_블트칩출시_ASC_전환_image,[26.07]F_I_BT혼_전환_블트칩출시_혜택강조형_KR1_.피드_남편.맥주안주.확장__김소희_260727_제과_박지현,13,0,200.0,0
2026-08-21,(마스터ASC)[제과_블트하] 26.07_블트깡출시_ASC_전환_video,(마스터ASC)[제과_블트하] 26.07_블트깡출시_ASC_전환_video,[26.08]F_V_BT칩_전환_블트칩출시_신규BP_인덕션BP.KR1_var2.릴스_돈안아까움.X_1P_김소희_260807_제과_이봄1,2,0,18.0,0
2026-08-21,(마스터ASC)[제과_블트하] 26.08_블트깡출시_ASC_전환_image,(마스터ASC)[제과_블트하] 26.08_블트하출시_ASC_전환_image,[26.08]F_I_BT칩_전환_블트칩출시_혜택강조형_KR1_.릴스_메세지강조.와인바안주퀄리티.__김소희_260807_제과_김수정,3,0,16.0,0
2026-08-21,(마스터ASC)[제과_블트하] 26.08_블트깡출시_ASC_전환_image,(마스터ASC)[제과_블트하] 26.08_블트하출시_ASC_전환_image,[26.08]F_I_BT깡_전환_블트칩출시_유명인권위형_이국주.KR1_.릴스_희소성.유명인보이스.__김소희_260813_제과_김수정,83,2,1549.0,0
2026-08-21,[제과_콘스프맛 팝콘] 26.05_콘스프맛팝콘출시_수동_전환_video,공구네고형(다이어터 입터짐.페인포인트)_0814,[26.08]F_V_PC혼_전환_상시_네고형_공구네고형_var2.릴스_입터짐페인포인트.X_1P_권미정_260814_제과_강경연,6717,59,69672.0,3
2026-08-21,[제과_블트하] 26.07_블트깡출시_수동_전환_video_전체타겟,0814_고효율재편집_블트깡출시,[26.08]F_V_BT깡_전환_블트깡출시_쩜오건_이국주.KR1_main.릴스_초코송이BP.(재)_1P_최나영_260814_제과_문형민,484,8,9562.0,3
2026-08-21,[제과_블트하] 26.07_블트깡출시_수동_전환_image_전체타겟,0818_GFA유효배너_블트칩출시,[26.08]F_I_BT깡_전환_블트칩출시_혜택강조형_GFA베리_.배너_드라마볼때한봉지뚝딱.__최나영_260818_제과_박서연,134,3,3909.0,0
2026-08-21,(마스터ASC)[제과_블트하] 26.07_블트깡출시_ASC_전환_video,(마스터ASC)[제과_블트하] 26.07_블트깡출시_ASC_전환_video,[26.08]F_V_BT깡_전환_블트깡출시_쩜오건_시즈닝강조.이국주.KR1_main.릴스_블트깡.메인.슬기.X_1P__260820_제과_문형민,28,0,361.0,0
2026-08-21,[제과_블트하] 26.07_블트깡출시_수동_전환_video_전체타겟,0821_제조과정형_블트깡출시 (이국주) (KR2),[26.08]F_V_BT칩_전환_블트칩출시_제조과정형_제조과정형.이국주.KR2_var2.릴스_CU.X_1P__260821_제과_피재은,120,3,2157.0,0
2026-08-21,[제과_블트하] 26.07_블트깡출시_수동_전환_video_전체타겟,0821_제조과정형_블트깡출시 (이국주) (KR2),[26.08]F_V_BT칩_전환_블트칩출시_제조과정형_제조과정형.이국주.KR2_var3.릴스_카테고리.X_1P__260821_제과_피재은,630,12,12076.0,1
2026-08-22,(ASC) [제과_블트하] 26.07_블트깡출시_ASC_전환_image,(ASC)[제과_블트하] 26.07_블트깡출시_ASC_전환_image,[26.07]F_I_BT깡_전환_블트깡출시_혜택강조형_혜택강조형_.배너_와인좋아하는사람들은다안다는.검증__김소희_260715_제과_박서연,391,9,12440.0,2
2026-08-22,(ASC) [제과_블트하] 26.07_블트칩출시_ASC_전환_image,(ASC)[제과_블트하] 26.07_블트칩출시_ASC_전환_image,[26.07]F_I_BT깡_전환_블트깡출시_바이럴형_KR1_.피드_남편인정.회사.확장__김소희_260727_제과_김수정,574,7,16318.0,1
2026-08-22,(ASC) [제과_블트하] 26.07_블트칩출시_ASC_전환_image,(ASC)[제과_블트하] 26.07_블트칩출시_ASC_전환_image,[26.07]F_I_BT혼_전환_블트칩출시_혜택강조형_KR1_.피드_남편.맥주안주.확장__김소희_260727_제과_박지현,3,0,25.0,0
2026-08-22,(ASC) [제과_블트하] 26.07_블트칩출시_ASC_전환_image,(ASC)[제과_블트하] 26.07_블트칩출시_ASC_전환_image,[26.07]F_I_BT깡_전환_블트칩출시_혜택강조형_KR1_.피드_고급진감칠맛폭발.__김소희_260728_제과_김수정,1,0,13.0,0
2026-08-22,(마스터ASC)[제과_블트하] 26.08_블트깡출시_ASC_전환_image,(마스터ASC)[제과_블트하] 26.08_블트하출시_ASC_전환_image,[26.08]F_I_BT칩_전환_블트칩출시_혜택강조형_KR1_.릴스_메세지강조.와인바안주퀄리티.__김소희_260807_제과_김수정,7,0,25.0,0
2026-08-22,(마스터ASC)[제과_블트하] 26.08_블트깡출시_ASC_전환_image,(마스터ASC)[제과_블트하] 26.08_블트하출시_ASC_전환_image,[26.08]F_I_BT깡_전환_블트칩출시_유명인권위형_이국주.KR1_.릴스_희소성.유명인보이스.__김소희_260813_제과_김수정,295,1,5528.0,0
2026-08-22,[제과_콘스프맛 팝콘] 26.05_콘스프맛팝콘출시_수동_전환_video,공구네고형(다이어터 입터짐.페인포인트)_0814,[26.08]F_V_PC혼_전환_상시_네고형_공구네고형_var2.릴스_입터짐페인포인트.X_1P_권미정_260814_제과_강경연,4918,42,51730.0,3
2026-08-22,[제과_블트하] 26.07_블트깡출시_수동_전환_video_전체타겟,0814_고효율재편집_블트깡출시,[26.08]F_V_BT깡_전환_블트깡출시_쩜오건_이국주.KR1_main.릴스_초코송이BP.(재)_1P_최나영_260814_제과_문형민,1097,13,18395.0,2
2026-08-22,[제과_블트하] 26.07_블트깡출시_수동_전환_image_전체타겟,0818_GFA유효배너_블트칩출시,[26.08]F_I_BT깡_전환_블트칩출시_혜택강조형_GFA베리_.배너_드라마볼때한봉지뚝딱.__최나영_260818_제과_박서연,339,10,14483.0,1
2026-08-22,(마스터ASC)[제과_블트하] 26.07_블트깡출시_ASC_전환_video,(마스터ASC)[제과_블트하] 26.07_블트깡출시_ASC_전환_video,[26.08]F_V_BT깡_전환_블트깡출시_쩜오건_시즈닝강조.이국주.KR1_main.릴스_블트깡.메인.슬기.X_1P__260820_제과_문형민,5,1,47.0,0
2026-08-22,[제과_블트하] 26.07_블트깡출시_수동_전환_video_전체타겟,0821_제조과정형_블트깡출시 (이국주) (KR2),[26.08]F_V_BT칩_전환_블트칩출시_제조과정형_제조과정형.이국주.KR2_var2.릴스_CU.X_1P__260821_제과_피재은,625,13,15557.0,0
2026-08-22,[제과_블트하] 26.07_블트깡출시_수동_전환_video_전체타겟,0821_제조과정형_블트깡출시 (이국주) (KR2),[26.08]F_V_BT칩_전환_블트칩출시_제조과정형_제조과정형.이국주.KR2_var3.릴스_카테고리.X_1P__260821_제과_피재은,794,9,17014.0,0
2026-08-23,(ASC) [제과_블트하] 26.07_블트깡출시_ASC_전환_image,(ASC)[제과_블트하] 26.07_블트깡출시_ASC_전환_image,[26.07]F_I_BT깡_전환_블트깡출시_혜택강조형_혜택강조형_.배너_와인좋아하는사람들은다안다는.검증__김소희_260715_제과_박서연,803,12,26849.0,1
2026-08-23,(ASC) [제과_블트하] 26.07_블트칩출시_ASC_전환_image,(ASC)[제과_블트하] 26.07_블트칩출시_ASC_전환_image,[26.07]F_I_BT깡_전환_블트깡출시_바이럴형_KR1_.피드_남편인정.회사.확장__김소희_260727_제과_김수정,292,2,6859.0,0
2026-08-23,(ASC) [제과_블트하] 26.07_블트칩출시_ASC_전환_image,(ASC)[제과_블트하] 26.07_블트칩출시_ASC_전환_image,[26.07]F_I_BT혼_전환_블트칩출시_혜택강조형_KR1_.피드_남편.맥주안주.확장__김소희_260727_제과_박지현,30,0,377.0,0
2026-08-23,(마스터ASC)[제과_블트하] 26.08_블트깡출시_ASC_전환_image,(마스터ASC)[제과_블트하] 26.08_블트하출시_ASC_전환_image,[26.08]F_I_BT칩_전환_블트칩출시_혜택강조형_KR1_.릴스_메세지강조.와인바안주퀄리티.__김소희_260807_제과_김수정,2,0,21.0,0
2026-08-23,(마스터ASC)[제과_블트하] 26.08_블트깡출시_ASC_전환_image,(마스터ASC)[제과_블트하] 26.08_블트하출시_ASC_전환_image,[26.08]F_I_BT깡_전환_블트칩출시_유명인권위형_이국주.KR1_.릴스_희소성.유명인보이스.__김소희_260813_제과_김수정,343,6,9461.0,4
2026-08-23,[제과_콘스프맛 팝콘] 26.05_콘스프맛팝콘출시_수동_전환_video,공구네고형(다이어터 입터짐.페인포인트)_0814,[26.08]F_V_PC혼_전환_상시_네고형_공구네고형_var2.릴스_입터짐페인포인트.X_1P_권미정_260814_제과_강경연,25095,190,256340.0,16
2026-08-23,(마스터ASC)[제과_블트하] 26.08_블트깡출시_ASC_전환_image,(마스터ASC)[제과_블트하] 26.08_블트하출시_ASC_전환_image,[26.08]F_I_BT깡_전환_블트칩출시_유명인권위형_이국주.KR1_.릴스_알고리즘평정.유행강조.__김소희_260814_제과_김수정,72,1,1168.0,1
2026-08-23,[제과_블트하] 26.07_블트깡출시_수동_전환_video_전체타겟,0814_고효율재편집_블트깡출시,[26.08]F_V_BT깡_전환_블트깡출시_쩜오건_이국주.KR1_main.릴스_초코송이BP.(재)_1P_최나영_260814_제과_문형민,1466,18,23687.0,2
2026-08-23,[제과_블트하] 26.07_블트깡출시_수동_전환_image_전체타겟,0818_GFA유효배너_블트칩출시,[26.08]F_I_BT깡_전환_블트칩출시_혜택강조형_GFA베리_.배너_드라마볼때한봉지뚝딱.__최나영_260818_제과_박서연,1579,19,57343.0,7
2026-08-21,(마스터ASC)[제과_블트하] 26.08_블트깡출시_ASC_전환_image,(마스터ASC)[제과_블트하] 26.08_블트하출시_ASC_전환_image,[26.08]F_I_BT칩_전환_블트칩출시_혜택강조형_KR1_.배너_살림권위.돈굳었어요.__김소희_260811_제과_김수정,4,0,33.0,0
2026-08-21,(마스터ASC)[제과_블트하] 26.07_블트깡출시_ASC_전환_video,(마스터ASC)[제과_블트하] 26.07_블트깡출시_ASC_전환_video,[26.08]F_V_BT칩_전환_블트칩출시_신규BP_아린이네BP.KR1_var2.릴스_공구형.페인포인트.고구성.X_2P_최나영_260811_제과_윤성미,24,0,377.0,0
2026-08-21,(마스터ASC)[제과_블트하] 26.08_블트깡출시_ASC_전환_image,(마스터ASC)[제과_블트하] 26.08_블트하출시_ASC_전환_image,[26.08]F_I_BT깡_전환_블트칩출시_유명인권위형_이국주.KR1_.릴스_혜택강조.희소성.__김소희_260813_제과_김수정,4,0,22.0,0
2026-08-21,(마스터ASC)[제과_블트하] 26.08_블트깡출시_ASC_전환_image,(마스터ASC)[제과_블트하] 26.08_블트하출시_ASC_전환_image,[26.08]F_I_BT깡_전환_블트칩출시_유명인권위형_이국주.KR1_.릴스_편의점오픈런실패.유행강조.__김소희_260814_제과_김수정,6,0,49.0,0
2026-08-21,[제과_블트하] 26.07_블트깡출시_수동_전환_video_전체타겟,0814_현장네고형_블트칩출시 (이국주) (KR1),[26.08]F_V_BT칩_전환_블트칩출시_네고형_현장네고형.이국주.KR1_var3.릴스_물류.슬기.X_1P_최나영_260814_제과_피재은,58976,1112,1103905.0,67
2026-08-21,[칩] (마스터ASC)[제과_블트하] 26.07_블트칩출시_ASC_전환_video,[칩] (마스터ASC)[제과_블트하] 26.07_블트칩출시_ASC_전환_video,[26.08]F_V_BT혼_전환_블트깡출시_신규BP_오프아워BP.이국주.KR1_var1.릴스_타사비교.X_2P_김소희_260814_제과_이미진,249,8,10144.0,2
2026-08-21,[제과_블트하] 26.07_블트깡출시_수동_전환_image_전체타겟,0813_이국주(~0912)_블트칩출시 (KR2),[26.08]F_I_BT깡_전환_블트칩출시_유명인권위형_이국주.KR2_.릴스_내부직원도.__김소희_260814_제과_김수정,1423,24,59109.0,5
2026-08-21,[제과_블트하] 26.07_블트깡출시_수동_전환_image_전체타겟,0818_GFA유효배너_블트칩출시,[26.08]F_I_BT칩_전환_블트칩출시_혜택강조형_GFA베리_.배너_퇴근후앉은자리3봉순삭.__최나영_260818_제과_박서연,57,0,1702.0,0
2026-08-21,(마스터ASC)[제과_블트하] 26.08_블트깡출시_ASC_전환_image,(마스터ASC)[제과_블트하] 26.08_블트하출시_ASC_전환_image,[26.08]F_I_BT깡_전환_블트칩출시_혜택강조형_GFA베리_.배너_맨날안주타령하는울남편.__최나영_260818_제과_박서연,1,0,49.0,0
2026-08-21,[제과_블트하] 26.07_블트깡출시_수동_전환_image_전체타겟,0819_유행실체이국주_블트칩출시  (KR1/2),[26.08]F_I_BT칩_전환_블트칩출시_혜택강조형_이국주.KR2_.배너_내부상황.대기열실체.__김소희_260819_제과_김수정,515,8,11858.0,1
2026-08-21,[제과_블트하] 26.07_블트깡출시_수동_전환_image_전체타겟,0819_유행실체이국주_블트칩출시  (KR1/2),[26.08]F_I_BT깡_전환_블트칩출시_유명인권위형_이국주.KR1_.배너_내부상황.매번품절대란이라.__김소희_260819_제과_김수정,81,1,3415.0,0
2026-08-21,[제과_블트하] 26.07_블트깡출시_수동_전환_image_전체타겟,0819_유행실체이국주_블트칩출시  (KR1/2),[26.08]F_I_BT칩_전환_블트칩출시_혜택강조형_이국주.KR2_.배너_권위보이스.뉴스.__김소희_260819_제과_김수정,7,0,299.0,0
2026-08-21,[제과_블트하] 26.07_블트깡출시_수동_전환_image_전체타겟,0820_이국주(~0912)_블트칩출시 (KR1),[26.08]F_I_BT혼_전환_블트칩출시_혜택강조형_이국주.KR2_.배너_비싼원재료강조.진짜죄송합니다.__김소희_260820_제과_김수정,648,9,17699.0,0
2026-08-21,(마스터ASC)[제과_블트하] 26.08_블트깡출시_ASC_전환_image,(마스터ASC)[제과_블트하] 26.08_블트하출시_ASC_전환_image,[26.08]F_I_BT칩_전환_블트칩출시_혜택강조형_이국주.KR1_.배너_비싼원재료강조.이태리산트러플썼다던데.__김소희_260820_제과_김수정,96,1,1615.0,0
2026-08-22,(마스터ASC)[제과_블트하] 26.07_블트깡출시_ASC_전환_video,(마스터ASC)[제과_블트하] 26.07_블트깡출시_ASC_전환_video,[26.08]F_V_BT깡_전환_블트깡출시_라이브커머스형_라이브커머스형.KR1_var11.릴스_가격강조.최저가.슬기.X_1P_김소희_260812_제과_피재은,8,0,59.0,0
2026-08-22,(마스터ASC)[제과_블트하] 26.08_블트깡출시_ASC_전환_image,(마스터ASC)[제과_블트하] 26.08_블트하출시_ASC_전환_image,[26.08]F_I_BT깡_전환_블트칩출시_유명인권위형_이국주.KR1_.릴스_혜택강조.희소성.__김소희_260813_제과_김수정,1,0,14.0,0
2026-08-22,[제과_블트하] 26.07_블트깡출시_수동_전환_video_전체타겟,0814_현장네고형_블트칩출시 (이국주) (KR1),[26.08]F_V_BT칩_전환_블트칩출시_네고형_현장네고형.이국주.KR1_var3.릴스_물류.슬기.X_1P_최나영_260814_제과_피재은,38407,893,808343.0,53
2026-08-22,[칩] (마스터ASC)[제과_블트하] 26.07_블트칩출시_ASC_전환_video,[칩] (마스터ASC)[제과_블트하] 26.07_블트칩출시_ASC_전환_video,[26.08]F_V_BT혼_전환_블트깡출시_신규BP_오프아워BP.이국주.KR1_var1.릴스_타사비교.X_2P_김소희_260814_제과_이미진,1305,24,51072.0,4
2026-08-22,[제과_블트하] 26.07_블트깡출시_수동_전환_image_전체타겟,0813_이국주(~0912)_블트칩출시 (KR2),[26.08]F_I_BT깡_전환_블트칩출시_유명인권위형_이국주.KR2_.릴스_내부직원도.__김소희_260814_제과_김수정,523,17,20983.0,1
2026-08-22,(마스터ASC)[제과_블트하] 26.07_블트깡출시_ASC_전환_video,(마스터ASC)[제과_블트하] 26.07_블트깡출시_ASC_전환_video,[26.08]F_V_BT깡_전환_블트깡출시_혜택희소성_유인맨즈BP.이국주.KR1_main.릴스_메인.슬기.X_1P_최나영_260818_제과_피재은,1,0,3.0,0
2026-08-22,(마스터ASC)[제과_블트하] 26.08_블트깡출시_ASC_전환_image,(마스터ASC)[제과_블트하] 26.08_블트하출시_ASC_전환_image,[26.08]F_I_BT깡_전환_블트칩출시_혜택강조형_GFA베리_.배너_넷플보다가한박스순삭해서.__최나영_260818_제과_박서연,2,0,30.0,0
2026-08-22,[제과_블트하] 26.07_블트깡출시_수동_전환_image_전체타겟,0818_GFA유효배너_블트칩출시,[26.08]F_I_BT칩_전환_블트칩출시_혜택강조형_GFA베리_.배너_퇴근후앉은자리3봉순삭.__최나영_260818_제과_박서연,17,1,399.0,0
2026-08-22,(마스터ASC)[제과_블트하] 26.08_블트깡출시_ASC_전환_image,(마스터ASC)[제과_블트하] 26.08_블트하출시_ASC_전환_image,[26.08]F_I_BT깡_전환_블트칩출시_혜택강조형_GFA베리_.배너_맨날안주타령하는울남편.__최나영_260818_제과_박서연,2,0,50.0,0
2026-08-22,[제과_블트하] 26.07_블트깡출시_수동_전환_image_전체타겟,0819_유행실체이국주_블트칩출시  (KR1/2),[26.08]F_I_BT깡_전환_블트칩출시_유명인권위형_이국주.KR1_.배너_내부상황.매번품절대란이라.__김소희_260819_제과_김수정,125,2,7338.0,1
2026-08-22,[제과_블트하] 26.07_블트깡출시_수동_전환_image_전체타겟,0819_유행실체이국주_블트칩출시  (KR1/2),[26.08]F_I_BT칩_전환_블트칩출시_혜택강조형_이국주.KR2_.배너_권위보이스.뉴스.__김소희_260819_제과_김수정,39,2,1561.0,1
2026-08-22,(마스터ASC)[제과_블트하] 26.08_블트깡출시_ASC_전환_image,(마스터ASC)[제과_블트하] 26.08_블트하출시_ASC_전환_image,[26.08]F_I_BT칩_전환_블트칩출시_혜택강조형_이국주.KR1_.배너_비싼원재료강조.이태리산트러플썼다던데.__김소희_260820_제과_김수정,251,5,2823.0,1
2026-08-22,[칩] (마스터ASC)[제과_블트하] 26.07_블트칩출시_ASC_전환_video,[칩] (마스터ASC)[제과_블트하] 26.07_블트칩출시_ASC_전환_video,[26.08]F_V_BT칩_전환_블트칩출시_네고형_직원네고형.이국주.KR1_var1.릴스_ver1.시즈닝강조.슬기.X_1P__260821_제과_문형민,23418,333,337529.0,34
2026-08-22,[칩] (마스터ASC)[제과_블트하] 26.07_블트칩출시_ASC_전환_video,[칩] (마스터ASC)[제과_블트하] 26.07_블트칩출시_ASC_전환_video,[26.08]F_V_BT칩_전환_블트칩출시_혜택희소성_물류대세감.이국주.KR1_var1.릴스_약속.시즈닝강조.슬기.X_1P__260821_제과_문형민,380,7,9900.0,0
2026-08-23,(마스터ASC)[제과_블트하] 26.07_블트깡출시_ASC_전환_video,(마스터ASC)[제과_블트하] 26.07_블트깡출시_ASC_전환_video,[26.08]F_V_BT칩_전환_블트칩출시_신규BP_아린이네BP.KR1_var2.릴스_공구형.페인포인트.고구성.X_2P_최나영_260811_제과_윤성미,141,2,4840.0,0
2026-08-23,(마스터ASC)[제과_블트하] 26.07_블트깡출시_ASC_전환_video,(마스터ASC)[제과_블트하] 26.07_블트깡출시_ASC_전환_video,[26.08]F_V_BT깡_전환_블트깡출시_라이브커머스형_라이브커머스형.KR1_var11.릴스_가격강조.최저가.슬기.X_1P_김소희_260812_제과_피재은,27,0,283.0,1
2026-08-23,(마스터ASC)[제과_블트하] 26.08_블트깡출시_ASC_전환_image,(마스터ASC)[제과_블트하] 26.08_블트하출시_ASC_전환_image,[26.08]F_I_BT깡_전환_블트칩출시_유명인권위형_이국주.KR1_.릴스_혜택강조.희소성.__김소희_260813_제과_김수정,5,0,82.0,0
2026-08-23,[제과_블트하] 26.07_블트깡출시_수동_전환_video_전체타겟,0814_현장네고형_블트칩출시 (이국주) (KR1),[26.08]F_V_BT칩_전환_블트칩출시_네고형_현장네고형.이국주.KR1_var3.릴스_물류.슬기.X_1P_최나영_260814_제과_피재은,5462,105,141077.0,8
2026-08-23,[칩] (마스터ASC)[제과_블트하] 26.07_블트칩출시_ASC_전환_video,[칩] (마스터ASC)[제과_블트하] 26.07_블트칩출시_ASC_전환_video,[26.08]F_V_BT혼_전환_블트깡출시_신규BP_오프아워BP.이국주.KR1_var1.릴스_타사비교.X_2P_김소희_260814_제과_이미진,745,13,30196.0,3
2026-08-23,(마스터ASC)[제과_블트하] 26.07_블트깡출시_ASC_전환_video,(마스터ASC)[제과_블트하] 26.07_블트깡출시_ASC_전환_video,[26.08]F_V_BT깡_전환_블트깡출시_혜택희소성_유인맨즈BP.이국주.KR1_main.릴스_메인.슬기.X_1P_최나영_260818_제과_피재은,19,1,158.0,0
2026-08-23,(마스터ASC)[제과_블트하] 26.08_블트깡출시_ASC_전환_image,(마스터ASC)[제과_블트하] 26.08_블트하출시_ASC_전환_image,[26.08]F_I_BT깡_전환_블트칩출시_혜택강조형_GFA베리_.배너_넷플보다가한박스순삭해서.__최나영_260818_제과_박서연,4,0,30.0,0
2026-08-23,[제과_블트하] 26.07_블트깡출시_수동_전환_image_전체타겟,0818_GFA유효배너_블트칩출시,[26.08]F_I_BT칩_전환_블트칩출시_혜택강조형_GFA베리_.배너_퇴근후앉은자리3봉순삭.__최나영_260818_제과_박서연,111,1,4370.0,0
2026-08-23,[제과_블트하] 26.07_블트깡출시_수동_전환_image_전체타겟,0819_유행실체이국주_블트칩출시  (KR1/2),[26.08]F_I_BT깡_전환_블트칩출시_유명인권위형_이국주.KR1_.배너_내부상황.매번품절대란이라.__김소희_260819_제과_김수정,235,4,11388.0,1
2026-08-23,[제과_블트하] 26.07_블트깡출시_수동_전환_image_전체타겟,0819_유행실체이국주_블트칩출시  (KR1/2),[26.08]F_I_BT칩_전환_블트칩출시_혜택강조형_이국주.KR2_.배너_권위보이스.뉴스.__김소희_260819_제과_김수정,159,4,12247.0,1
2026-08-23,(마스터ASC)[제과_블트하] 26.08_블트깡출시_ASC_전환_image,(마스터ASC)[제과_블트하] 26.08_블트하출시_ASC_전환_image,[26.08]F_I_BT칩_전환_블트칩출시_혜택강조형_이국주.KR1_.배너_비싼원재료강조.이태리산트러플썼다던데.__김소희_260820_제과_김수정,804,3,10051.0,0
2026-08-23,[칩] (마스터ASC)[제과_블트하] 26.07_블트칩출시_ASC_전환_video,[칩] (마스터ASC)[제과_블트하] 26.07_블트칩출시_ASC_전환_video,[26.08]F_V_BT칩_전환_블트칩출시_네고형_직원네고형.이국주.KR1_var1.릴스_ver1.시즈닝강조.슬기.X_1P__260821_제과_문형민,2680,32,41476.0,2
2026-08-23,[칩] (마스터ASC)[제과_블트하] 26.07_블트칩출시_ASC_전환_video,[칩] (마스터ASC)[제과_블트하] 26.07_블트칩출시_ASC_전환_video,[26.08]F_V_BT칩_전환_블트칩출시_혜택희소성_물류대세감.이국주.KR1_var1.릴스_약속.시즈닝강조.슬기.X_1P__260821_제과_문형민,6172,121,116090.0,10
2026-08-21,[칩] (마스터ASC)[제과_블트하] 26.07_블트칩출시_ASC_전환_video,[칩] (마스터ASC)[제과_블트하] 26.07_블트칩출시_ASC_전환_video,[26.07]F_V_BT칩_전환_블트칩출시_쩜오건_3040페르소나강조.리셀.KR1_var1.릴스_중국산비교.X_1P_김소희_260724_제과_강경연,49,0,858.0,0
2026-08-21,(ASC) [제과_블트하] 26.07_블트칩출시_ASC_전환_image,(ASC)[제과_블트하] 26.07_블트칩출시_ASC_전환_image,[26.07]F_I_BT칩_전환_블트칩출시_혜택강조형_KR2_.피드_아빠엄지척..확장__김소희_260728_제과_박서연,795,13,16266.0,1
2026-08-21,(ASC) [제과_블트하] 26.07_블트칩출시_ASC_전환_image,(ASC)[제과_블트하] 26.07_블트칩출시_ASC_전환_image,[26.07]F_I_BT칩_전환_블트칩출시_혜택강조형_KR2_.릴스_모션.사무실맛잘알.__김소희_260729_제과_박서연,24,2,381.0,0
2026-08-21,[제과_블트하] 26.07_블트깡출시_수동_전환_video_전체타겟,0814_젤리백BP_블트칩출시 (이국주) (KR2),[26.08]F_V_BT혼_전환_블트칩출시_신규BP_젤리백BP.이국주.KR2_var5.릴스_이국주+취식.X_2P_최나영_260814_제과_이봄1,1549,46,41656.0,1
2026-08-21,[제과_블트하] 26.07_블트깡출시_수동_전환_video_전체타겟,0814_젤리백BP_블트칩출시 (이국주) (KR2),[26.08]F_V_BT혼_전환_블트칩출시_신규BP_젤리백BP.이국주.KR2_var2.릴스_이국주+핫함.X_2P_최나영_260814_제과_이봄1,1,0,39.0,0
2026-08-21,(마스터ASC)[제과_블트하] 26.07_블트깡출시_ASC_전환_video,(마스터ASC)[제과_블트하] 26.07_블트깡출시_ASC_전환_video,[26.08]F_V_BT깡_전환_블트깡출시_혜택희소성_유인맨즈BP.이국주.KR1_var2.릴스_반값.슬기.X_1P_최나영_260818_제과_피재은,9,0,103.0,0
2026-08-21,[제과_블트하] 26.07_블트깡출시_수동_전환_image_전체타겟,0818_GFA유효배너_블트칩출시,[26.08]F_I_BT깡_전환_블트칩출시_혜택강조형_GFA베리_.배너_저번에사고너무맛있어서.__최나영_260818_제과_박서연,60,1,1289.0,0
2026-08-21,[제과_블트하] 26.07_블트깡출시_수동_전환_video_전체타겟,0820_검증포맷이식_블트깡출시 (KR1),[26.08]F_V_BT칩_전환_블트칩출시_쩜오건_시즈닝강조.이국주.KR1_var7.릴스_블트칩.반전.슬기.X_1P__260820_제과_문형민,218,3,4363.0,1
2026-08-22,[칩] (마스터ASC)[제과_블트하] 26.07_블트칩출시_ASC_전환_video,[칩] (마스터ASC)[제과_블트하] 26.07_블트칩출시_ASC_전환_video,[26.07]F_V_BT칩_전환_블트칩출시_쩜오건_3040페르소나강조.리셀.KR1_var1.릴스_중국산비교.X_1P_김소희_260724_제과_강경연,340,6,5473.0,3
2026-08-22,(ASC) [제과_블트하] 26.07_블트칩출시_ASC_전환_image,(ASC)[제과_블트하] 26.07_블트칩출시_ASC_전환_image,[26.07]F_I_BT칩_전환_블트칩출시_혜택강조형_KR2_.피드_아빠엄지척..확장__김소희_260728_제과_박서연,708,16,14566.0,0
2026-08-22,(ASC) [제과_블트하] 26.07_블트칩출시_ASC_전환_image,(ASC)[제과_블트하] 26.07_블트칩출시_ASC_전환_image,[26.07]F_I_BT칩_전환_블트칩출시_혜택강조형_KR2_.릴스_모션.사무실맛잘알.__김소희_260729_제과_박서연,49,0,713.0,0
2026-08-22,[제과_블트하] 26.07_블트깡출시_수동_전환_video_전체타겟,0807_인덕션BP_블트칩출시 (KR1),[26.08]F_V_BT칩_전환_블트칩출시_신규BP_인덕션BP.KR1_var5.릴스_여러상황.X_1P_김소희_260807_제과_이봄1,21,1,394.0,0
2026-08-22,[제과_블트하] 26.07_블트깡출시_수동_전환_image_전체타겟,0818_GFA유효배너_블트칩출시,[26.08]F_I_BT깡_전환_블트칩출시_혜택강조형_GFA베리_.배너_저번에사고너무맛있어서.__최나영_260818_제과_박서연,41,0,747.0,0
2026-08-22,[제과_블트하] 26.07_블트깡출시_수동_전환_video_전체타겟,0820_검증포맷이식_블트깡출시 (KR1),[26.08]F_V_BT칩_전환_블트칩출시_쩜오건_시즈닝강조.이국주.KR1_var7.릴스_블트칩.반전.슬기.X_1P__260820_제과_문형민,1336,14,23382.0,4
2026-08-22,[제과_블트하] 26.07_블트깡출시_수동_전환_image_전체타겟,0821_유행긴급성_블트칩출시 (KR1/2),[26.08]F_I_BT칩_전환_블트칩출시_혜택강조형_이국주.KR2_.배너_유행실체.대기업도.__김소희_260821_제과_김수정,40,1,1902.0,0
2026-08-23,[칩] (마스터ASC)[제과_블트하] 26.07_블트칩출시_ASC_전환_video,[칩] (마스터ASC)[제과_블트하] 26.07_블트칩출시_ASC_전환_video,[26.07]F_V_BT칩_전환_블트칩출시_쩜오건_3040페르소나강조.리셀.KR1_var1.릴스_중국산비교.X_1P_김소희_260724_제과_강경연,197,5,2449.0,0
2026-08-23,(ASC) [제과_블트하] 26.07_블트칩출시_ASC_전환_image,(ASC)[제과_블트하] 26.07_블트칩출시_ASC_전환_image,[26.07]F_I_BT칩_전환_블트칩출시_혜택강조형_KR2_.피드_아빠엄지척..확장__김소희_260728_제과_박서연,2,0,7.0,0
2026-08-23,(ASC) [제과_블트하] 26.07_블트칩출시_ASC_전환_image,(ASC)[제과_블트하] 26.07_블트칩출시_ASC_전환_image,[26.07]F_I_BT칩_전환_블트칩출시_혜택강조형_KR2_.릴스_모션.사무실맛잘알.__김소희_260729_제과_박서연,2,0,12.0,0
2026-08-23,[제과_블트하] 26.07_블트깡출시_수동_전환_video_전체타겟,0807_인덕션BP_블트칩출시 (KR1),[26.08]F_V_BT칩_전환_블트칩출시_신규BP_인덕션BP.KR1_var5.릴스_여러상황.X_1P_김소희_260807_제과_이봄1,1,0,5.0,0
2026-08-23,(마스터ASC)[제과_블트하] 26.07_블트깡출시_ASC_전환_video,(마스터ASC)[제과_블트하] 26.07_블트깡출시_ASC_전환_video,[26.08]F_V_BT깡_전환_블트깡출시_혜택희소성_유인맨즈BP.이국주.KR1_var2.릴스_반값.슬기.X_1P_최나영_260818_제과_피재은,6,0,60.0,0
2026-08-23,[제과_블트하] 26.07_블트깡출시_수동_전환_image_전체타겟,0818_GFA유효배너_블트칩출시,[26.08]F_I_BT깡_전환_블트칩출시_혜택강조형_GFA베리_.배너_저번에사고너무맛있어서.__최나영_260818_제과_박서연,77,1,2281.0,0
2026-08-23,(마스터ASC)[제과_블트하] 26.08_블트깡출시_ASC_전환_image,(마스터ASC)[제과_블트하] 26.08_블트하출시_ASC_전환_image,[26.08]F_I_BT깡_전환_블트칩출시_혜택강조형_GFA베리_.배너_저번에사고너무맛있어서.__최나영_260818_제과_박서연,1,0,27.0,0
2026-08-23,[제과_블트하] 26.07_블트깡출시_수동_전환_video_전체타겟,0820_검증포맷이식_블트깡출시 (KR1),[26.08]F_V_BT칩_전환_블트칩출시_쩜오건_시즈닝강조.이국주.KR1_var7.릴스_블트칩.반전.슬기.X_1P__260820_제과_문형민,1518,22,30657.0,3
2026-08-23,[제과_블트하] 26.07_블트깡출시_수동_전환_image_전체타겟,0821_유행긴급성_블트칩출시 (KR1/2),[26.08]F_I_BT칩_전환_블트칩출시_혜택강조형_이국주.KR2_.배너_유행실체.대기업도.__김소희_260821_제과_김수정,38,0,1252.0,0
2026-08-21,(마스터ASC)[제과_블트하] 26.08_블트깡출시_ASC_전환_image,(마스터ASC)[제과_블트하] 26.08_블트하출시_ASC_전환_image,[26.08]F_I_BT깡_전환_블트칩출시_혜택강조형_이국주_.배너_다시는없어요.__김소희_260814_제과_김수정,196,1,6066.0,0
2026-08-22,[제과_블트하] 26.07_블트깡출시_수동_전환_video_전체타겟,0811_라이브커머스형_블트깡출시 (KR1),[26.08]F_V_BT깡_전환_블트깡출시_라이브커머스형_라이브커머스형.KR1_var1.릴스_찐템강조.주변.슬기.X_1P_김소희_260811_제과_피재은,7,0,167.0,0
2026-08-22,(마스터ASC)[제과_블트하] 26.08_블트깡출시_ASC_전환_image,(마스터ASC)[제과_블트하] 26.08_블트하출시_ASC_전환_image,[26.08]F_I_BT깡_전환_블트칩출시_혜택강조형_이국주_.배너_다시는없어요.__김소희_260814_제과_김수정,95,1,3575.0,0
2026-08-23,[칩] (마스터ASC)[제과_블트하] 26.07_블트칩출시_ASC_전환_video,[칩] (마스터ASC)[제과_블트하] 26.07_블트칩출시_ASC_전환_video,[26.08]F_V_BT혼_전환_블트칩출시_신규BP_풀리오BP.KR1_var1.릴스_내부BP후킹.남편.X_2P_최나영_260801_제과_이봄1,2,0,2.0,0
2026-08-23,[칩] (마스터ASC)[제과_블트하] 26.07_블트칩출시_ASC_전환_video,[칩] (마스터ASC)[제과_블트하] 26.07_블트칩출시_ASC_전환_video,[26.08]F_V_BT혼_전환_블트칩출시_신규BP_풀리오BP.KR1_var5.릴스_중독성후킹.남편.X_2P_최나영_260801_제과_이봄1,22,0,414.0,0
2026-08-23,[제과_블트하] 26.07_블트깡출시_수동_전환_video_전체타겟,0811_라이브커머스형_블트깡출시 (KR1),[26.08]F_V_BT깡_전환_블트깡출시_라이브커머스형_라이브커머스형.KR1_var1.릴스_찐템강조.주변.슬기.X_1P_김소희_260811_제과_피재은,5,0,102.0,0
2026-08-23,(마스터ASC)[제과_블트하] 26.08_블트깡출시_ASC_전환_image,(마스터ASC)[제과_블트하] 26.08_블트하출시_ASC_전환_image,[26.08]F_I_BT깡_전환_블트칩출시_혜택강조형_이국주_.배너_다시는없어요.__김소희_260814_제과_김수정,166,2,5274.0,0
2026-08-21,(ASC) [제과_블트하] 26.07_블트칩출시_ASC_전환_image,(ASC)[제과_블트하] 26.07_블트칩출시_ASC_전환_image,[26.07]F_I_BT혼_전환_블트칩출시_혜택강조형_KR1_.피드_쌀때쟁이세요.__김소희_260728_제과_김수정,1,0,157.0,0
2026-08-21,(ASC) [제과_블트하] 26.07_블트칩출시_ASC_전환_image,(ASC)[제과_블트하] 26.07_블트칩출시_ASC_전환_image,[26.07]F_I_BT깡_전환_블트칩출시_혜택강조형_KR1_.릴스_2분할개당1천원대.__김소희_260729_제과_김수정,745,7,13130.0,0
2026-08-21,(ASC) [제과_블트하] 26.07_블트깡출시_ASC_전환_image,(ASC)[제과_블트하] 26.07_블트깡출시_ASC_전환_image,[26.07]F_I_BT칩_전환_블트칩출시_혜택강조형_KR2_.배너_캠핑장에서.__최나영_260730_제과_김수정,75,0,702.0,0
2026-08-21,(ASC) [제과_블트하] 26.07_블트깡출시_ASC_전환_image,(ASC)[제과_블트하] 26.07_블트깡출시_ASC_전환_image,[26.08]F_I_BT칩_전환_블트칩출시_혜택강조형_KR1_.피드_리뷰형.입맛까다로운남편.__김소희_260805_제과_박서연,14,0,594.0,0
2026-08-21,(마스터ASC)[제과_블트하] 26.08_블트깡출시_ASC_전환_image,(마스터ASC)[제과_블트하] 26.08_블트하출시_ASC_전환_image,[26.08]F_I_BT깡_전환_블트칩출시_혜택강조형_KR1_.릴스_안다르미닉스bp.까다롭게맥주안주찾던.__김소희_260806_제과_박지현,25,0,507.0,0
2026-08-21,(마스터ASC)[제과_블트하] 26.08_블트깡출시_ASC_전환_image,(마스터ASC)[제과_블트하] 26.08_블트하출시_ASC_전환_image,[26.08]F_I_BT칩_전환_블트칩출시_혜택강조형_KR1_.릴스_다시는없어요.__김소희_260807_제과_박서연,3,0,13.0,0
2026-08-21,[제과_블트하] 26.07_블트깡출시_수동_전환_image_전체타겟,0813_이국주(~0912)_블트칩출시 (KR2),[26.08]F_I_BT깡_전환_블트칩출시_유명인권위형_이국주.KR2_.릴스_옆자리에서.유행강조.__김소희_260814_제과_김수정,1,0,68.0,0
2026-08-21,(마스터ASC)[제과_블트하] 26.07_블트깡출시_ASC_전환_video,(마스터ASC)[제과_블트하] 26.07_블트깡출시_ASC_전환_video,[26.08]F_V_BT혼_전환_블트칩출시_신규BP_젤리백BP.이국주.KR1_var3.릴스_이국주+어그로.X_2P_최나영_260814_제과_이봄1,4,1,98.0,0
2026-08-21,[제과_블트하] 26.07_블트깡출시_수동_전환_video_전체타겟,0814_젤리백BP_블트칩출시 (이국주) (KR2),[26.08]F_V_BT혼_전환_블트칩출시_신규BP_젤리백BP.이국주.KR2_var1.릴스_본론.이국주만.X_2P_최나영_260814_제과_이봄1,2,0,19.0,0
2026-08-21,(마스터ASC)[제과_블트하] 26.08_블트깡출시_ASC_전환_image,(마스터ASC)[제과_블트하] 26.08_블트하출시_ASC_전환_image,[26.08]F_I_BT혼_전환_블트칩출시_혜택강조형_이국주_.배너_요즘품절대란이라는.__김소희_260814_제과_김수정,6,0,116.0,0
2026-08-21,(마스터ASC)[제과_블트하] 26.08_블트깡출시_ASC_전환_image,(마스터ASC)[제과_블트하] 26.08_블트하출시_ASC_전환_image,[26.08]F_I_BT깡_전환_블트칩출시_유명인권위형_이국주.KR2_.릴스_내부직원도.__김소희_260814_제과_김수정,28,1,450.0,0
2026-08-21,[제과_블트하] 26.07_블트깡출시_수동_전환_image_전체타겟,0818_GFA유효배너_블트칩출시,[26.08]F_I_BT칩_전환_블트칩출시_혜택강조형_GFA베리_.배너_계속손가는맛이라넷플간식으로.__최나영_260818_제과_박서연,123,2,3683.0,0
2026-08-21,[제과_블트하] 26.07_블트깡출시_수동_전환_video_전체타겟,0820_검증포맷이식_블트깡출시 (KR1),[26.08]F_V_BT깡_전환_블트깡출시_쩜오건_시즈닝강조.이국주.KR1_var1.릴스_블트깡.시즈닝신상.슬기.X_1P__260820_제과_문형민,215,2,2845.0,0
2026-08-22,(ASC) [제과_블트하] 26.07_블트깡출시_ASC_전환_image,(ASC)[제과_블트하] 26.07_블트깡출시_ASC_전환_image,[26.07]F_I_BT칩_전환_블트칩출시_혜택강조형_KR2_.배너_캠핑장에서.__최나영_260730_제과_김수정,2,0,3.0,0
2026-08-22,(ASC) [제과_블트하] 26.07_블트깡출시_ASC_전환_image,(ASC)[제과_블트하] 26.07_블트깡출시_ASC_전환_image,[26.08]F_I_BT칩_전환_블트칩출시_혜택강조형_KR1_.피드_리뷰형.입맛까다로운남편.__김소희_260805_제과_박서연,1,0,6.0,0
2026-08-22,(마스터ASC)[제과_블트하] 26.08_블트깡출시_ASC_전환_image,(마스터ASC)[제과_블트하] 26.08_블트하출시_ASC_전환_image,[26.08]F_I_BT깡_전환_블트칩출시_혜택강조형_KR1_.릴스_안다르미닉스bp.까다롭게맥주안주찾던.__김소희_260806_제과_박지현,8,0,76.0,0
2026-08-22,[제과_블트하] 26.07_블트깡출시_수동_전환_video_전체타겟,0807_인덕션BP_블트칩출시 (KR1),[26.08]F_V_BT칩_전환_블트칩출시_신규BP_인덕션BP.KR1_var2.릴스_돈안아까움.X_1P_김소희_260807_제과_이봄1,3,0,244.0,0
2026-08-22,(마스터ASC)[제과_블트하] 26.08_블트깡출시_ASC_전환_image,(마스터ASC)[제과_블트하] 26.08_블트하출시_ASC_전환_image,[26.08]F_I_BT칩_전환_블트칩출시_혜택강조형_KR1_.릴스_심리자극.살림잘하는엄마.__김소희_260807_제과_김수정,39,0,841.0,0
2026-08-22,[제과_블트하] 26.07_블트깡출시_수동_전환_video_전체타겟,0811_라이브커머스형_블트깡출시 (KR1),[26.08]F_V_BT깡_전환_블트깡출시_라이브커머스형_라이브커머스형.KR1_var12.릴스_가격강조.편의점.슬기.X_1P_김소희_260812_제과_피재은,6,0,30.0,0
2026-08-22,[제과_블트하] 26.07_블트깡출시_수동_전환_image_전체타겟,0813_이국주(~0912)_블트칩출시 (KR2),[26.08]F_I_BT깡_전환_블트칩출시_유명인권위형_이국주.KR2_.릴스_옆자리에서.유행강조.__김소희_260814_제과_김수정,1,0,50.0,0
2026-08-22,(마스터ASC)[제과_블트하] 26.08_블트깡출시_ASC_전환_image,(마스터ASC)[제과_블트하] 26.08_블트하출시_ASC_전환_image,[26.08]F_I_BT혼_전환_블트칩출시_혜택강조형_이국주_.배너_요즘품절대란이라는.__김소희_260814_제과_김수정,3,0,18.0,0
2026-08-22,(마스터ASC)[제과_블트하] 26.08_블트깡출시_ASC_전환_image,(마스터ASC)[제과_블트하] 26.08_블트하출시_ASC_전환_image,[26.08]F_I_BT깡_전환_블트칩출시_유명인권위형_이국주.KR2_.릴스_내부직원도.__김소희_260814_제과_김수정,4,0,46.0,0
2026-08-22,[제과_블트하] 26.07_블트깡출시_수동_전환_image_전체타겟,0818_GFA유효배너_블트칩출시,[26.08]F_I_BT칩_전환_블트칩출시_혜택강조형_GFA베리_.배너_계속손가는맛이라넷플간식으로.__최나영_260818_제과_박서연,46,0,1805.0,0
2026-08-22,[제과_블트하] 26.07_블트깡출시_수동_전환_video_전체타겟,0820_검증포맷이식_블트깡출시 (KR1),[26.08]F_V_BT깡_전환_블트깡출시_쩜오건_시즈닝강조.이국주.KR1_var1.릴스_블트깡.시즈닝신상.슬기.X_1P__260820_제과_문형민,135,3,2644.0,0
2026-08-22,[칩] (마스터ASC)[제과_블트하] 26.07_블트칩출시_ASC_전환_video,[칩] (마스터ASC)[제과_블트하] 26.07_블트칩출시_ASC_전환_video,[26.08]F_V_BT칩_전환_블트칩출시_네고형_직원네고형.이국주.KR1_var2.릴스_ver2.시즈닝강조.슬기.X_1P__260821_제과_문형민,70526,1177,1397559.0,88
2026-08-23,(ASC) [제과_블트하] 26.07_블트깡출시_ASC_전환_image,(ASC)[제과_블트하] 26.07_블트깡출시_ASC_전환_image,[26.07]F_I_BT칩_전환_블트칩출시_혜택강조형_KR2_.배너_캠핑장에서.__최나영_260730_제과_김수정,464,7,7981.0,0
2026-08-23,(ASC) [제과_블트하] 26.07_블트깡출시_ASC_전환_image,(ASC)[제과_블트하] 26.07_블트깡출시_ASC_전환_image,[26.08]F_I_BT칩_전환_블트칩출시_혜택강조형_KR1_.피드_리뷰형.입맛까다로운남편.__김소희_260805_제과_박서연,11,1,557.0,0
2026-08-23,(마스터ASC)[제과_블트하] 26.08_블트깡출시_ASC_전환_image,(마스터ASC)[제과_블트하] 26.08_블트하출시_ASC_전환_image,[26.08]F_I_BT깡_전환_블트칩출시_혜택강조형_KR1_.릴스_안다르미닉스bp.까다롭게맥주안주찾던.__김소희_260806_제과_박지현,50,2,792.0,0
2026-08-23,(마스터ASC)[제과_블트하] 26.08_블트깡출시_ASC_전환_image,(마스터ASC)[제과_블트하] 26.08_블트하출시_ASC_전환_image,[26.08]F_I_BT칩_전환_블트칩출시_혜택강조형_KR1_.릴스_다시는없어요.__김소희_260807_제과_박서연,8,0,44.0,0
2026-08-23,(마스터ASC)[제과_블트하] 26.08_블트깡출시_ASC_전환_image,(마스터ASC)[제과_블트하] 26.08_블트하출시_ASC_전환_image,[26.08]F_I_BT칩_전환_블트칩출시_혜택강조형_KR1_.릴스_심리자극.살림잘하는엄마.__김소희_260807_제과_김수정,18,0,280.0,0
2026-08-23,(마스터ASC)[제과_블트하] 26.08_블트깡출시_ASC_전환_image,(마스터ASC)[제과_블트하] 26.08_블트하출시_ASC_전환_image,[26.08]F_I_BT깡_전환_블트칩출시_유명인권위형_이국주.KR2_.릴스_내부직원도.__김소희_260814_제과_김수정,28,1,1349.0,0
2026-08-23,[제과_블트하] 26.07_블트깡출시_수동_전환_image_전체타겟,0818_GFA유효배너_블트칩출시,[26.08]F_I_BT칩_전환_블트칩출시_혜택강조형_GFA베리_.배너_계속손가는맛이라넷플간식으로.__최나영_260818_제과_박서연,34,0,662.0,1
2026-08-23,(마스터ASC)[제과_블트하] 26.08_블트깡출시_ASC_전환_image,(마스터ASC)[제과_블트하] 26.08_블트하출시_ASC_전환_image,[26.08]F_I_BT칩_전환_블트칩출시_혜택강조형_이국주.KR1_.배너_사회적집단.카톡.__김소희_260819_제과_김수정,2,0,43.0,0
2026-08-23,[제과_블트하] 26.07_블트깡출시_수동_전환_video_전체타겟,0820_검증포맷이식_블트깡출시 (KR1),[26.08]F_V_BT깡_전환_블트깡출시_쩜오건_시즈닝강조.이국주.KR1_var1.릴스_블트깡.시즈닝신상.슬기.X_1P__260820_제과_문형민,485,4,9934.0,0
2026-08-23,[칩] (마스터ASC)[제과_블트하] 26.07_블트칩출시_ASC_전환_video,[칩] (마스터ASC)[제과_블트하] 26.07_블트칩출시_ASC_전환_video,[26.08]F_V_BT칩_전환_블트칩출시_네고형_직원네고형.이국주.KR1_var2.릴스_ver2.시즈닝강조.슬기.X_1P__260821_제과_문형민,28855,499,594269.0,35
2026-08-21,(마스터ASC)[제과_블트하] 26.08_블트깡출시_ASC_전환_image,(마스터ASC)[제과_블트하] 26.08_블트하출시_ASC_전환_image,[26.08]F_I_BT혼_전환_블트칩출시_혜택강조형_KR1_.피드_밑지고팔아요.맥주안주.__김소희_260806_제과_김수정,4,0,111.0,0
2026-08-21,[칩] (마스터ASC)[제과_블트하] 26.07_블트칩출시_ASC_전환_video,[칩] (마스터ASC)[제과_블트하] 26.07_블트칩출시_ASC_전환_video,[26.08]F_V_BT혼_전환_블트칩출시_신규BP_무아스BP_var3.릴스_가족인정.주부페르소나.KR1.X_2P_최나영_260807_제과_이미진,75,0,711.0,0
2026-08-21,(마스터ASC)[제과_블트하] 26.08_블트깡출시_ASC_전환_image,(마스터ASC)[제과_블트하] 26.08_블트하출시_ASC_전환_image,[26.08]F_I_BT혼_전환_블트칩출시_혜택강조형_이국주_.배너_저희도당황스럽습니다.__김소희_260814_제과_박지현,6,0,222.0,0
2026-08-21,(마스터ASC)[제과_블트하] 26.08_블트깡출시_ASC_전환_image,(마스터ASC)[제과_블트하] 26.08_블트하출시_ASC_전환_image,[26.08]F_I_BT깡_전환_블트칩출시_유명인권위형_이국주.KR2_.릴스_엄마들유행이라던데.__김소희_260814_제과_김수정,1,0,1.0,0
2026-08-21,(마스터ASC)[제과_블트하] 26.07_블트깡출시_ASC_전환_video,(마스터ASC)[제과_블트하] 26.07_블트깡출시_ASC_전환_video,[26.08]F_V_BT깡_전환_블트깡출시_혜택희소성_유인맨즈BP.이국주.KR1_var3.릴스_크래커비교.슬기.X_1P_최나영_260818_제과_피재은,1,0,5.0,0
2026-08-21,(마스터ASC)[제과_블트하] 26.07_블트깡출시_ASC_전환_video,(마스터ASC)[제과_블트하] 26.07_블트깡출시_ASC_전환_video,[26.08]F_V_BT깡_전환_블트깡출시_혜택희소성_유인맨즈BP.이국주.KR1_var4.릴스_1등.슬기.X_1P_최나영_260818_제과_피재은,3,0,67.0,0
2026-08-21,(마스터ASC)[제과_블트하] 26.07_블트깡출시_ASC_전환_video,(마스터ASC)[제과_블트하] 26.07_블트깡출시_ASC_전환_video,[26.08]F_V_BT깡_전환_블트깡출시_혜택희소성_유인맨즈BP.이국주.KR1_var5.릴스_버전2.슬기.X_1P_최나영_260819_제과_피재은,782,10,8580.0,0
2026-08-21,(마스터ASC)[제과_블트하] 26.08_블트깡출시_ASC_전환_image,(마스터ASC)[제과_블트하] 26.08_블트하출시_ASC_전환_image,[26.08]F_I_BT깡_전환_블트칩출시_유명인권위형_이국주.KR1_.배너_구체적수치.10일만에5만개.__김소희_260819_제과_김수정,1,0,10.0,0
2026-08-21,[제과_블트하] 26.07_블트깡출시_수동_전환_video_전체타겟,0820_검증포맷이식_블트깡출시 (KR1),[26.08]F_V_BT깡_전환_블트깡출시_쩜오건_시즈닝강조.이국주.KR1_var3.릴스_블트깡.트러플.슬기.X_1P__260820_제과_문형민,117,2,2247.0,0
2026-08-21,(마스터ASC)[제과_블트하] 26.07_블트깡출시_ASC_전환_video,(마스터ASC)[제과_블트하] 26.07_블트깡출시_ASC_전환_video,[26.08]F_V_BT깡_전환_블트깡출시_쩜오건_시즈닝강조.이국주.KR1_var1.릴스_블트깡.시즈닝신상.슬기.X_1P__260820_제과_문형민,9,0,178.0,0
2026-08-21,(마스터ASC)[제과_블트하] 26.08_블트깡출시_ASC_전환_image,(마스터ASC)[제과_블트하] 26.08_블트하출시_ASC_전환_image,[26.08]F_I_BT칩_전환_블트칩출시_혜택강조형_KR2_.릴스_긴급성심리자극.잦은품절.__김소희_260821_제과_김수정,390,4,9980.0,0
2026-08-22,(마스터ASC)[제과_블트하] 26.08_블트깡출시_ASC_전환_image,(마스터ASC)[제과_블트하] 26.08_블트하출시_ASC_전환_image,[26.08]F_I_BT혼_전환_블트칩출시_혜택강조형_KR1_.피드_밑지고팔아요.맥주안주.__김소희_260806_제과_김수정,10,0,436.0,0
2026-08-22,[칩] (마스터ASC)[제과_블트하] 26.07_블트칩출시_ASC_전환_video,[칩] (마스터ASC)[제과_블트하] 26.07_블트칩출시_ASC_전환_video,[26.08]F_V_BT혼_전환_블트칩출시_신규BP_무아스BP_var3.릴스_가족인정.주부페르소나.KR1.X_2P_최나영_260807_제과_이미진,692,10,9227.0,0
2026-08-22,(마스터ASC)[제과_블트하] 26.07_블트깡출시_ASC_전환_video,(마스터ASC)[제과_블트하] 26.07_블트깡출시_ASC_전환_video,[26.08]F_V_BT깡_전환_블트깡출시_라이브커머스형_라이브커머스형.KR1_var8.릴스_전체.남편안주.슬기.X_1P_김소희_260812_제과_피재은,5,0,76.0,0
2026-08-22,(마스터ASC)[제과_블트하] 26.08_블트깡출시_ASC_전환_image,(마스터ASC)[제과_블트하] 26.08_블트하출시_ASC_전환_image,[26.08]F_I_BT깡_전환_블트칩출시_유명인권위형_이국주.KR2_.릴스_엄마들유행이라던데.__김소희_260814_제과_김수정,5,0,187.0,0
2026-08-22,(마스터ASC)[제과_블트하] 26.07_블트깡출시_ASC_전환_video,(마스터ASC)[제과_블트하] 26.07_블트깡출시_ASC_전환_video,[26.08]F_V_BT깡_전환_블트깡출시_혜택희소성_유인맨즈BP.이국주.KR1_var4.릴스_1등.슬기.X_1P_최나영_260818_제과_피재은,2,0,179.0,0
2026-08-22,(마스터ASC)[제과_블트하] 26.07_블트깡출시_ASC_전환_video,(마스터ASC)[제과_블트하] 26.07_블트깡출시_ASC_전환_video,[26.08]F_V_BT깡_전환_블트깡출시_혜택희소성_유인맨즈BP.이국주.KR1_var5.릴스_버전2.슬기.X_1P_최나영_260819_제과_피재은,3496,37,33382.0,2
2026-08-22,[제과_블트하] 26.07_블트깡출시_수동_전환_video_전체타겟,0820_검증포맷이식_블트깡출시 (KR1),[26.08]F_V_BT깡_전환_블트깡출시_쩜오건_시즈닝강조.이국주.KR1_var3.릴스_블트깡.트러플.슬기.X_1P__260820_제과_문형민,103,0,1962.0,0
2026-08-22,(마스터ASC)[제과_블트하] 26.07_블트깡출시_ASC_전환_video,(마스터ASC)[제과_블트하] 26.07_블트깡출시_ASC_전환_video,[26.08]F_V_BT깡_전환_블트깡출시_쩜오건_시즈닝강조.이국주.KR1_var1.릴스_블트깡.시즈닝신상.슬기.X_1P__260820_제과_문형민,1,0,14.0,0
2026-08-22,[칩] (마스터ASC)[제과_블트하] 26.07_블트칩출시_ASC_전환_video,[칩] (마스터ASC)[제과_블트하] 26.07_블트칩출시_ASC_전환_video,[26.08]F_V_BT칩_전환_블트칩출시_혜택희소성_물류대세감.이국주.KR1_var3.릴스_3억.시즈닝강조.슬기.X_1P__260821_제과_문형민,2680,36,46980.0,1
2026-08-22,(마스터ASC)[제과_블트하] 26.08_블트깡출시_ASC_전환_image,(마스터ASC)[제과_블트하] 26.08_블트하출시_ASC_전환_image,[26.08]F_I_BT칩_전환_블트칩출시_혜택강조형_KR2_.릴스_긴급성심리자극.잦은품절.__김소희_260821_제과_김수정,1220,17,26446.0,2
2026-08-23,(마스터ASC)[제과_블트하] 26.08_블트깡출시_ASC_전환_image,(마스터ASC)[제과_블트하] 26.08_블트하출시_ASC_전환_image,[26.08]F_I_BT혼_전환_블트칩출시_혜택강조형_KR1_.피드_밑지고팔아요.맥주안주.__김소희_260806_제과_김수정,14,2,826.0,0
2026-08-23,[칩] (마스터ASC)[제과_블트하] 26.07_블트칩출시_ASC_전환_video,[칩] (마스터ASC)[제과_블트하] 26.07_블트칩출시_ASC_전환_video,[26.08]F_V_BT혼_전환_블트칩출시_신규BP_무아스BP_var3.릴스_가족인정.주부페르소나.KR1.X_2P_최나영_260807_제과_이미진,387,6,4844.0,0
2026-08-23,(마스터ASC)[제과_블트하] 26.07_블트깡출시_ASC_전환_video,(마스터ASC)[제과_블트하] 26.07_블트깡출시_ASC_전환_video,[26.08]F_V_BT깡_전환_블트깡출시_라이브커머스형_라이브커머스형.KR1_var8.릴스_전체.남편안주.슬기.X_1P_김소희_260812_제과_피재은,25,0,530.0,0
2026-08-23,(마스터ASC)[제과_블트하] 26.07_블트깡출시_ASC_전환_video,(마스터ASC)[제과_블트하] 26.07_블트깡출시_ASC_전환_video,[26.08]F_V_BT깡_전환_블트깡출시_혜택희소성_유인맨즈BP.이국주.KR1_var3.릴스_크래커비교.슬기.X_1P_최나영_260818_제과_피재은,15,0,131.0,0
2026-08-23,(마스터ASC)[제과_블트하] 26.07_블트깡출시_ASC_전환_video,(마스터ASC)[제과_블트하] 26.07_블트깡출시_ASC_전환_video,[26.08]F_V_BT깡_전환_블트깡출시_혜택희소성_유인맨즈BP.이국주.KR1_var5.릴스_버전2.슬기.X_1P_최나영_260819_제과_피재은,2200,30,34791.0,2
2026-08-23,[제과_블트하] 26.07_블트깡출시_수동_전환_video_전체타겟,0820_검증포맷이식_블트깡출시 (KR1),[26.08]F_V_BT깡_전환_블트깡출시_쩜오건_시즈닝강조.이국주.KR1_var3.릴스_블트깡.트러플.슬기.X_1P__260820_제과_문형민,69,1,2020.0,0
2026-08-23,(마스터ASC)[제과_블트하] 26.07_블트깡출시_ASC_전환_video,(마스터ASC)[제과_블트하] 26.07_블트깡출시_ASC_전환_video,[26.08]F_V_BT깡_전환_블트깡출시_쩜오건_시즈닝강조.이국주.KR1_var1.릴스_블트깡.시즈닝신상.슬기.X_1P__260820_제과_문형민,2,0,11.0,0
2026-08-23,(마스터ASC)[제과_블트하] 26.08_블트깡출시_ASC_전환_image,(마스터ASC)[제과_블트하] 26.08_블트하출시_ASC_전환_image,[26.08]F_I_BT칩_전환_블트칩출시_혜택강조형_KR2_.릴스_긴급성심리자극.잦은품절.__김소희_260821_제과_김수정,604,11,14264.0,0
2026-08-21,[칩] (마스터ASC)[제과_블트하] 26.07_블트칩출시_ASC_전환_video,[칩] (마스터ASC)[제과_블트하] 26.07_블트칩출시_ASC_전환_video,[26.08]F_V_BT혼_전환_블트칩출시_신규BP_무아스BP_var1.릴스_가성비.주부페르소나.KR1.X_2P_최나영_260807_제과_이미진,8,0,68.0,0
2026-08-21,[제과_블트하] 26.07_블트깡출시_수동_전환_video_전체타겟,0814_고효율재편집_블트깡출시,[26.08]F_V_BT깡_전환_블트깡출시_쩜오건_이국주.KR1_var3.릴스_육포깡BP.(재)_1P_최나영_260814_제과_문형민,1,0,11.0,0
2026-08-21,(마스터ASC)[제과_블트하] 26.08_블트깡출시_ASC_전환_image,(마스터ASC)[제과_블트하] 26.08_블트하출시_ASC_전환_image,[26.08]F_I_BT칩_전환_블트칩출시_혜택강조형_GFA베리_.배너_새벽에야식으로3봉씩.__최나영_260818_제과_박서연,1,0,3.0,0
2026-08-21,[칩] (마스터ASC)[제과_블트하] 26.07_블트칩출시_ASC_전환_video,[칩] (마스터ASC)[제과_블트하] 26.07_블트칩출시_ASC_전환_video,[26.08]F_V_BT칩_전환_블트칩출시_네고형_공구네고형.이국주.KR2_var3.릴스_주문폭주.X_1P_최나영_260820_제과_피재은,120,2,2277.0,0
2026-08-21,[제과_블트하] 26.07_블트깡출시_수동_전환_image_전체타겟,0820_이국주(~0912)_블트칩출시 (KR1),[26.08]F_I_BT칩_전환_블트칩출시_혜택강조형_이국주.KR2_.배너_비싼원재료강조.먹어본와인안주중에.__김소희_260820_제과_김수정,1397,13,34666.0,4
2026-08-21,[제과_블트하] 26.07_블트깡출시_수동_전환_image_전체타겟,0820_이국주(~0912)_블트칩출시 (KR1),[26.08]F_I_BT혼_전환_블트칩출시_혜택강조형_이국주.KR1_.배너_비싼원재료강조.진짜죄송합니다.__김소희_260820_제과_김수정,18162,285,453915.0,25
2026-08-22,[제과_콘스프맛 팝콘] 26.05_콘스프맛팝콘출시_ASC_전환_video_네고형_0506,[콘스프맛 팝콘] 26.05_콘스프맛팝콘출시_ASC_전환_video_네고형_0506,[26.05]F_V_PC콘_전환_콘스프맛팝콘출시_네고형_네고형_main.릴스_공통.형민.형민PJ1_3C_박현지_260506_3T_이수민,3900,24,30846.0,2
2026-08-22,[칩] (마스터ASC)[제과_블트하] 26.07_블트칩출시_ASC_전환_video,[칩] (마스터ASC)[제과_블트하] 26.07_블트칩출시_ASC_전환_video,[26.08]F_V_BT혼_전환_블트칩출시_신규BP_풀리오BP.KR1_var2.릴스_외부BP후킹.남편.X_2P_최나영_260801_제과_이봄1,37,2,579.0,0
2026-08-22,[칩] (마스터ASC)[제과_블트하] 26.07_블트칩출시_ASC_전환_video,[칩] (마스터ASC)[제과_블트하] 26.07_블트칩출시_ASC_전환_video,[26.08]F_V_BT혼_전환_블트칩출시_신규BP_무아스BP_var1.릴스_가성비.주부페르소나.KR1.X_2P_최나영_260807_제과_이미진,5,0,80.0,0
2026-08-22,(마스터ASC)[제과_블트하] 26.08_블트깡출시_ASC_전환_image,(마스터ASC)[제과_블트하] 26.08_블트하출시_ASC_전환_image,[26.08]F_I_BT깡_전환_블트칩출시_유명인권위형_이국주.KR1_.릴스_혜택맛비주얼강조.희소성.__김소희_260813_제과_김수정,1,0,3.0,0
2026-08-22,[칩] (마스터ASC)[제과_블트하] 26.07_블트칩출시_ASC_전환_video,[칩] (마스터ASC)[제과_블트하] 26.07_블트칩출시_ASC_전환_video,[26.08]F_V_BT칩_전환_블트칩출시_네고형_공구네고형.이국주.KR2_var3.릴스_주문폭주.X_1P_최나영_260820_제과_피재은,81,1,1214.0,0
2026-08-22,[제과_블트하] 26.07_블트깡출시_수동_전환_image_전체타겟,0820_이국주(~0912)_블트칩출시 (KR1),[26.08]F_I_BT칩_전환_블트칩출시_혜택강조형_이국주.KR2_.배너_비싼원재료강조.먹어본와인안주중에.__김소희_260820_제과_김수정,1641,18,30956.0,2
2026-08-22,[제과_블트하] 26.07_블트깡출시_수동_전환_image_전체타겟,0820_이국주(~0912)_블트칩출시 (KR1),[26.08]F_I_BT혼_전환_블트칩출시_혜택강조형_이국주.KR1_.배너_비싼원재료강조.진짜죄송합니다.__김소희_260820_제과_김수정,4791,92,135370.0,5
2026-08-23,[제과_콘스프맛 팝콘] 26.05_콘스프맛팝콘출시_ASC_전환_video_네고형_0506,[콘스프맛 팝콘] 26.05_콘스프맛팝콘출시_ASC_전환_video_네고형_0506,[26.05]F_V_PC콘_전환_콘스프맛팝콘출시_네고형_네고형_main.릴스_공통.형민.형민PJ1_3C_박현지_260506_3T_이수민,3454,23,26978.0,3
2026-08-23,[칩] (마스터ASC)[제과_블트하] 26.07_블트칩출시_ASC_전환_video,[칩] (마스터ASC)[제과_블트하] 26.07_블트칩출시_ASC_전환_video,[26.08]F_V_BT혼_전환_블트칩출시_신규BP_풀리오BP.KR1_var2.릴스_외부BP후킹.남편.X_2P_최나영_260801_제과_이봄1,40,2,965.0,0
2026-08-23,(마스터ASC)[제과_블트하] 26.08_블트깡출시_ASC_전환_image,(마스터ASC)[제과_블트하] 26.08_블트하출시_ASC_전환_image,[26.08]F_I_BT깡_전환_블트칩출시_유명인권위형_이국주.KR1_.릴스_혜택맛비주얼강조.희소성.__김소희_260813_제과_김수정,4,0,69.0,0
2026-08-23,[제과_블트하] 26.07_블트깡출시_수동_전환_video_전체타겟,0814_고효율재편집_블트깡출시,[26.08]F_V_BT깡_전환_블트깡출시_쩜오건_이국주.KR1_var3.릴스_육포깡BP.(재)_1P_최나영_260814_제과_문형민,2,0,10.0,0
2026-08-23,(마스터ASC)[제과_블트하] 26.08_블트깡출시_ASC_전환_image,(마스터ASC)[제과_블트하] 26.08_블트하출시_ASC_전환_image,[26.08]F_I_BT칩_전환_블트칩출시_혜택강조형_GFA베리_.배너_새벽에야식으로3봉씩.__최나영_260818_제과_박서연,2,0,8.0,0
2026-08-23,[칩] (마스터ASC)[제과_블트하] 26.07_블트칩출시_ASC_전환_video,[칩] (마스터ASC)[제과_블트하] 26.07_블트칩출시_ASC_전환_video,[26.08]F_V_BT칩_전환_블트칩출시_네고형_공구네고형.이국주.KR2_var3.릴스_주문폭주.X_1P_최나영_260820_제과_피재은,7,0,27.0,0
2026-08-23,[제과_블트하] 26.07_블트깡출시_수동_전환_image_전체타겟,0820_이국주(~0912)_블트칩출시 (KR1),[26.08]F_I_BT칩_전환_블트칩출시_혜택강조형_이국주.KR2_.배너_비싼원재료강조.먹어본와인안주중에.__김소희_260820_제과_김수정,488,7,13435.0,0
2026-08-23,[제과_블트하] 26.07_블트깡출시_수동_전환_image_전체타겟,0820_이국주(~0912)_블트칩출시 (KR1),[26.08]F_I_BT혼_전환_블트칩출시_혜택강조형_이국주.KR1_.배너_비싼원재료강조.진짜죄송합니다.__김소희_260820_제과_김수정,7660,153,222884.0,14
2026-08-21,(ASC) [제과_블트하] 26.07_블트칩출시_ASC_전환_image,(ASC)[제과_블트하] 26.07_블트칩출시_ASC_전환_image,[26.07]F_I_BT칩_전환_블트칩출시_혜택강조형_KR2_.릴스_안다르bp.사무실맛잘알.__김소희_260729_제과_박서연,982,11,16350.0,1
2026-08-21,(마스터ASC)[제과_블트하] 26.07_블트깡출시_ASC_전환_video,(마스터ASC)[제과_블트하] 26.07_블트깡출시_ASC_전환_video,[26.08]F_V_BT칩_전환_블트칩출시_신규BP_인덕션BP.KR1_var4.릴스_일반취식.X_1P_김소희_260807_제과_이봄1,1,0,62.0,0
2026-08-21,(마스터ASC)[제과_블트하] 26.08_블트깡출시_ASC_전환_image,(마스터ASC)[제과_블트하] 26.08_블트하출시_ASC_전환_image,[26.08]F_I_BT깡_전환_블트칩출시_유명인권위형_이국주.KR1_.릴스_희소성.__김소희_260813_제과_김수정,5,1,107.0,0
2026-08-21,(마스터ASC)[제과_블트하] 26.07_블트깡출시_ASC_전환_video,(마스터ASC)[제과_블트하] 26.07_블트깡출시_ASC_전환_video,[26.08]F_V_BT깡_전환_블트깡출시_신규BP_브랜든배너형BP_var2.릴스_고급간식1티어.X_2P_최재원_260813_제과_최재원,12,0,160.0,0
2026-08-21,(마스터ASC)[제과_블트하] 26.07_블트깡출시_ASC_전환_video,(마스터ASC)[제과_블트하] 26.07_블트깡출시_ASC_전환_video,[26.08]F_V_BT깡_전환_블트깡출시_신규BP_흥주부BP.이국주.KR2_var1.릴스_이국주.X_2P_김소희_260819_제과_윤성미,203,2,5934.0,1
2026-08-22,(ASC) [제과_블트하] 26.07_블트칩출시_ASC_전환_image,(ASC)[제과_블트하] 26.07_블트칩출시_ASC_전환_image,[26.07]F_I_BT칩_전환_블트칩출시_혜택강조형_KR1_.피드_초딩입맛우리남편.__김소희_260728_제과_김수정,7,0,97.0,0
2026-08-22,(마스터ASC)[제과_블트하] 26.07_블트깡출시_ASC_전환_video,(마스터ASC)[제과_블트하] 26.07_블트깡출시_ASC_전환_video,[26.08]F_V_BT칩_전환_블트칩출시_신규BP_아린이네BP.KR1_var4.릴스_공구형.맛비주얼.X_2P_최나영_260811_제과_윤성미,4,0,21.0,0
2026-08-22,(마스터ASC)[제과_블트하] 26.08_블트깡출시_ASC_전환_image,(마스터ASC)[제과_블트하] 26.08_블트하출시_ASC_전환_image,[26.08]F_I_BT깡_전환_블트칩출시_유명인권위형_이국주.KR1_.릴스_희소성.__김소희_260813_제과_김수정,8,0,245.0,0
2026-08-22,(마스터ASC)[제과_블트하] 26.08_블트깡출시_ASC_전환_image,(마스터ASC)[제과_블트하] 26.08_블트하출시_ASC_전환_image,[26.08]F_I_BT깡_전환_블트칩출시_유명인권위형_이국주.KR1_.릴스_호불호없는.유행강조.__김소희_260814_제과_김수정,1,0,2.0,0
2026-08-22,(마스터ASC)[제과_블트하] 26.07_블트깡출시_ASC_전환_video,(마스터ASC)[제과_블트하] 26.07_블트깡출시_ASC_전환_video,[26.08]F_V_BT깡_전환_블트깡출시_신규BP_흥주부BP.이국주.KR2_var1.릴스_이국주.X_2P_김소희_260819_제과_윤성미,41,3,1276.0,0
2026-08-22,[칩] (마스터ASC)[제과_블트하] 26.07_블트칩출시_ASC_전환_video,[칩] (마스터ASC)[제과_블트하] 26.07_블트칩출시_ASC_전환_video,[26.08]F_V_BT칩_전환_블트칩출시_네고형_직원네고형.이국주.KR1_main.릴스_메인.시즈닝강조.슬기.X_1P__260821_제과_문형민,593,13,17884.0,2
2026-08-23,(마스터ASC)[제과_블트하] 26.07_블트깡출시_ASC_전환_video,(마스터ASC)[제과_블트하] 26.07_블트깡출시_ASC_전환_video,[26.08]F_V_BT칩_전환_블트칩출시_신규BP_인덕션BP.KR1_var4.릴스_일반취식.X_1P_김소희_260807_제과_이봄1,2,0,6.0,0
2026-08-23,(마스터ASC)[제과_블트하] 26.08_블트깡출시_ASC_전환_image,(마스터ASC)[제과_블트하] 26.08_블트하출시_ASC_전환_image,[26.08]F_I_BT깡_전환_블트칩출시_유명인권위형_이국주.KR1_.릴스_희소성.__김소희_260813_제과_김수정,466,8,16363.0,1
2026-08-23,(마스터ASC)[제과_블트하] 26.08_블트깡출시_ASC_전환_image,(마스터ASC)[제과_블트하] 26.08_블트하출시_ASC_전환_image,[26.08]F_I_BT칩_전환_블트칩출시_혜택강조형_GFA베리_.배너_계속손가는맛이라넷플간식으로.__최나영_260818_제과_박서연,1,0,10.0,0
2026-08-23,(마스터ASC)[제과_블트하] 26.07_블트깡출시_ASC_전환_video,(마스터ASC)[제과_블트하] 26.07_블트깡출시_ASC_전환_video,[26.08]F_V_BT깡_전환_블트깡출시_신규BP_흥주부BP.이국주.KR2_var1.릴스_이국주.X_2P_김소희_260819_제과_윤성미,38,0,1712.0,0
2026-08-23,[칩] (마스터ASC)[제과_블트하] 26.07_블트칩출시_ASC_전환_video,[칩] (마스터ASC)[제과_블트하] 26.07_블트칩출시_ASC_전환_video,[26.08]F_V_BT칩_전환_블트칩출시_네고형_직원네고형.이국주.KR1_main.릴스_메인.시즈닝강조.슬기.X_1P__260821_제과_문형민,485,19,17929.0,1
2026-08-21,(ASC) [제과_블트하] 26.07_블트깡출시_ASC_전환_image,(ASC)[제과_블트하] 26.07_블트깡출시_ASC_전환_image,[26.07]F_I_BT칩_전환_블트칩출시_혜택강조형_KR1_.배너_모임갈때마다.__최나영_260730_제과_김수정,58,1,866.0,1
2026-08-21,(마스터ASC)[제과_블트하] 26.07_블트깡출시_ASC_전환_video,(마스터ASC)[제과_블트하] 26.07_블트깡출시_ASC_전환_video,[26.08]F_V_BT깡_전환_블트깡출시_라이브커머스형_라이브커머스형.KR1_var9.릴스_가격강조.메인.슬기.X_1P_김소희_260812_제과_피재은,1,0,19.0,0
2026-08-21,[제과_블트하] 26.07_블트깡출시_수동_전환_image_전체타겟,0813_이국주(~0912)_블트칩출시 (KR2),[26.08]F_I_BT혼_전환_블트칩출시_혜택강조형_이국주_.배너_저희도당황스럽습니다.__김소희_260814_제과_박지현,113,2,6030.0,0
2026-08-21,[제과_블트하] 26.07_블트깡출시_수동_전환_video_전체타겟,0820_검증포맷이식_블트깡출시 (KR1),[26.08]F_V_BT깡_전환_블트깡출시_쩜오건_시즈닝강조.이국주.KR1_var4.릴스_블트깡.확산맛조합.슬기.X_1P__260820_제과_문형민,597,7,8728.0,1
2026-08-22,(ASC) [제과_블트하] 26.07_블트깡출시_ASC_전환_image,(ASC)[제과_블트하] 26.07_블트깡출시_ASC_전환_image,[26.07]F_I_BT칩_전환_블트칩출시_혜택강조형_KR1_.배너_모임갈때마다.__최나영_260730_제과_김수정,32,0,279.0,0
2026-08-22,(마스터ASC)[제과_블트하] 26.07_블트깡출시_ASC_전환_video,(마스터ASC)[제과_블트하] 26.07_블트깡출시_ASC_전환_video,[26.08]F_V_BT깡_전환_블트깡출시_라이브커머스형_라이브커머스형.KR1_var9.릴스_가격강조.메인.슬기.X_1P_김소희_260812_제과_피재은,2,0,15.0,0
2026-08-22,[제과_블트하] 26.07_블트깡출시_수동_전환_image_전체타겟,0813_이국주(~0912)_블트칩출시 (KR2),[26.08]F_I_BT혼_전환_블트칩출시_혜택강조형_이국주_.배너_저희도당황스럽습니다.__김소희_260814_제과_박지현,647,19,31572.0,2
2026-08-22,[제과_블트하] 26.07_블트깡출시_수동_전환_video_전체타겟,0820_검증포맷이식_블트깡출시 (KR1),[26.08]F_V_BT깡_전환_블트깡출시_쩜오건_시즈닝강조.이국주.KR1_var4.릴스_블트깡.확산맛조합.슬기.X_1P__260820_제과_문형민,271,0,4032.0,0
2026-08-23,(ASC) [제과_블트하] 26.07_블트깡출시_ASC_전환_image,(ASC)[제과_블트하] 26.07_블트깡출시_ASC_전환_image,[26.07]F_I_BT칩_전환_블트칩출시_혜택강조형_KR1_.배너_모임갈때마다.__최나영_260730_제과_김수정,1077,15,19566.0,0
2026-08-23,(마스터ASC)[제과_블트하] 26.07_블트깡출시_ASC_전환_video,(마스터ASC)[제과_블트하] 26.07_블트깡출시_ASC_전환_video,[26.08]F_V_BT칩_전환_블트깡출시_신규BP_브랜든배너형BP_var1.릴스_손님간식1티어.X_2P_최재원_260813_제과_최재원,26,1,368.0,0
2026-08-23,[제과_블트하] 26.07_블트깡출시_수동_전환_image_전체타겟,0813_이국주(~0912)_블트칩출시 (KR2),[26.08]F_I_BT혼_전환_블트칩출시_혜택강조형_이국주_.배너_저희도당황스럽습니다.__김소희_260814_제과_박지현,832,17,33206.0,3
2026-08-23,[제과_블트하] 26.07_블트깡출시_수동_전환_video_전체타겟,0820_검증포맷이식_블트깡출시 (KR1),[26.08]F_V_BT깡_전환_블트깡출시_쩜오건_시즈닝강조.이국주.KR1_var4.릴스_블트깡.확산맛조합.슬기.X_1P__260820_제과_문형민,498,2,9465.0,0
2026-08-21,[칩] (마스터ASC)[제과_블트하] 26.07_블트칩출시_ASC_전환_video,[칩] (마스터ASC)[제과_블트하] 26.07_블트칩출시_ASC_전환_video,[26.08]F_V_BT혼_전환_블트칩출시_신규BP_풀리오BP.KR1_var2.릴스_외부BP후킹.남편.X_2P_최나영_260801_제과_이봄1,6,1,336.0,0
2026-08-21,(ASC) [제과_블트하] 26.07_블트깡출시_ASC_전환_image,(ASC)[제과_블트하] 26.07_블트깡출시_ASC_전환_image,[26.07]F_I_BT칩_전환_블트칩출시_혜택강조형_KR1_.배너_다시는없어요.__김소희_260731_제과_김수정,202,1,5043.0,0
2026-08-21,(마스터ASC)[제과_블트하] 26.07_블트깡출시_ASC_전환_video,(마스터ASC)[제과_블트하] 26.07_블트깡출시_ASC_전환_video,[26.08]F_V_BT칩_전환_블트깡출시_신규BP_브랜든배너형BP_var3.릴스_맥주안주1티어.할인추가.X_2P_최재원_260814_제과_최재원,2,0,114.0,0
2026-08-21,[제과_블트하] 26.07_블트깡출시_수동_전환_video_전체타겟,0814_현장네고형_블트칩출시 (이국주) (KR1),[26.08]F_V_BT칩_전환_블트칩출시_네고형_현장네고형.이국주.KR1_main.릴스_이국주.슬기.X_1P_최나영_260814_제과_피재은,8,0,149.0,0
2026-08-21,[칩] (마스터ASC)[제과_블트하] 26.07_블트칩출시_ASC_전환_video,[칩] (마스터ASC)[제과_블트하] 26.07_블트칩출시_ASC_전환_video,[26.08]F_V_BT칩_전환_블트칩출시_네고형_현장네고형.이국주.KR1_var2.릴스_크래커.슬기.X_1P_최나영_260814_제과_피재은,65,0,1105.0,0
2026-08-21,(마스터ASC)[제과_블트하] 26.08_블트깡출시_ASC_전환_image,(마스터ASC)[제과_블트하] 26.08_블트하출시_ASC_전환_image,[26.08]F_I_BT칩_전환_블트칩출시_혜택강조형_이국주.KR2_.배너_비싼원재료강조.먹어본와인안주중에.__김소희_260820_제과_김수정,26,0,405.0,0
2026-08-22,(ASC) [제과_블트하] 26.07_블트깡출시_ASC_전환_image,(ASC)[제과_블트하] 26.07_블트깡출시_ASC_전환_image,[26.07]F_I_BT칩_전환_블트칩출시_혜택강조형_KR1_.배너_다시는없어요.__김소희_260731_제과_김수정,246,3,3846.0,0
2026-08-22,[제과_블트하] 26.07_블트깡출시_수동_전환_video_전체타겟,0814_현장네고형_블트칩출시 (이국주) (KR1),[26.08]F_V_BT칩_전환_블트칩출시_네고형_현장네고형.이국주.KR1_main.릴스_이국주.슬기.X_1P_최나영_260814_제과_피재은,1,0,3.0,0
2026-08-22,[칩] (마스터ASC)[제과_블트하] 26.07_블트칩출시_ASC_전환_video,[칩] (마스터ASC)[제과_블트하] 26.07_블트칩출시_ASC_전환_video,[26.08]F_V_BT칩_전환_블트칩출시_네고형_현장네고형.이국주.KR1_var2.릴스_크래커.슬기.X_1P_최나영_260814_제과_피재은,407,4,7189.0,1
2026-08-22,(마스터ASC)[제과_블트하] 26.08_블트깡출시_ASC_전환_image,(마스터ASC)[제과_블트하] 26.08_블트하출시_ASC_전환_image,[26.08]F_I_BT칩_전환_블트칩출시_혜택강조형_이국주.KR2_.배너_비싼원재료강조.먹어본와인안주중에.__김소희_260820_제과_김수정,59,1,1236.0,0
2026-08-23,(ASC) [제과_블트하] 26.07_블트칩출시_ASC_전환_image,(ASC)[제과_블트하] 26.07_블트칩출시_ASC_전환_image,[26.07]F_I_BT칩_전환_블트칩출시_혜택강조형_KR2_.피드_주변인.얼집맘모임.확장__김소희_260727_제과_박서연,1,0,2.0,0
2026-08-23,(ASC) [제과_블트하] 26.07_블트깡출시_ASC_전환_image,(ASC)[제과_블트하] 26.07_블트깡출시_ASC_전환_image,[26.07]F_I_BT칩_전환_블트칩출시_혜택강조형_KR1_.배너_다시는없어요.__김소희_260731_제과_김수정,622,9,17756.0,0
2026-08-23,[칩] (마스터ASC)[제과_블트하] 26.07_블트칩출시_ASC_전환_video,[칩] (마스터ASC)[제과_블트하] 26.07_블트칩출시_ASC_전환_video,[26.08]F_V_BT칩_전환_블트칩출시_네고형_현장네고형.이국주.KR1_var2.릴스_크래커.슬기.X_1P_최나영_260814_제과_피재은,170,2,3358.0,0
2026-08-23,(마스터ASC)[제과_블트하] 26.08_블트깡출시_ASC_전환_image,(마스터ASC)[제과_블트하] 26.08_블트하출시_ASC_전환_image,[26.08]F_I_BT칩_전환_블트칩출시_혜택강조형_이국주.KR2_.배너_비싼원재료강조.먹어본와인안주중에.__김소희_260820_제과_김수정,16,1,282.0,0
2026-08-21,[제과_블트하] 26.07_블트깡출시_수동_전환_video_전체타겟,0725_클룹BP_블트칩출시 (KR1),[26.07]F_V_BT혼_전환_블트칩출시_기타_클룹BP.KR1_var3.릴스_맛SP.슬기.X_1P_최나영_260723_제과_피재은,71661,727,807947.0,64
2026-08-21,[제과_블트하] 26.07_블트깡출시_수동_전환_video_전체타겟,0807_인덕션BP_블트칩출시 (KR1),[26.08]F_V_BT칩_전환_블트칩출시_신규BP_인덕션BP.KR1_var4.릴스_일반취식.X_1P_김소희_260807_제과_이봄1,4,0,62.0,0
2026-08-21,[제과_블트하] 26.07_블트깡출시_수동_전환_video_전체타겟,0819_흥주부BP_블트깡출시,[26.08]F_V_BT깡_전환_블트깡출시_신규BP_흥주부BP.이국주.KR2_main.릴스_1등.X_2P_김소희_260819_제과_윤성미,487,7,16099.0,0
2026-08-21,[제과_블트하] 26.07_블트깡출시_수동_전환_image_전체타겟,0819_유행실체이국주_블트칩출시  (KR1/2),[26.08]F_I_BT깡_전환_블트칩출시_유명인권위형_이국주.KR1_.배너_구체적수치.10일만에5만개.__김소희_260819_제과_김수정,20,1,419.0,0
2026-08-21,(마스터ASC)[제과_블트하] 26.08_블트깡출시_ASC_전환_image,(마스터ASC)[제과_블트하] 26.08_블트하출시_ASC_전환_image,[26.08]F_I_BT칩_전환_블트칩출시_혜택강조형_이국주.KR2_.배너_내부상황.대기열실체.__김소희_260819_제과_김수정,20,1,534.0,1
2026-08-21,(마스터ASC)[제과_블트하] 26.08_블트깡출시_ASC_전환_image,(마스터ASC)[제과_블트하] 26.08_블트하출시_ASC_전환_image,[26.08]F_I_BT혼_전환_블트칩출시_혜택강조형_이국주.KR1_.배너_비싼원재료강조.진짜죄송합니다.__김소희_260820_제과_김수정,73,0,1680.0,0
2026-08-21,[제과_블트하] 26.07_블트깡출시_수동_전환_video_전체타겟,0821_물류대세감_블트칩출시 (이국주) (KR1),[26.08]F_V_BT칩_전환_블트칩출시_혜택희소성_물류대세감.이국주.KR1_main.릴스_메인.시즈닝강조.슬기.X_1P__260821_제과_문형민,1368,49,26847.0,2
2026-08-21,(마스터ASC)[제과_블트하] 26.08_블트깡출시_ASC_전환_image,(마스터ASC)[제과_블트하] 26.08_블트하출시_ASC_전환_image,[26.08]F_I_BT칩_전환_블트칩출시_혜택강조형_이국주.KR2_.릴스_긴급성심리자극.내가대표면.__김소희_260821_제과_김수정,563,6,11002.0,1
2026-08-22,[제과_블트하] 26.07_블트깡출시_수동_전환_video_전체타겟,0725_클룹BP_블트칩출시 (KR1),[26.07]F_V_BT혼_전환_블트칩출시_기타_클룹BP.KR1_var3.릴스_맛SP.슬기.X_1P_최나영_260723_제과_피재은,65840,744,824256.0,61
2026-08-22,(ASC) [제과_블트하] 26.07_블트칩출시_ASC_전환_image,(ASC)[제과_블트하] 26.07_블트칩출시_ASC_전환_image,[26.07]F_I_BT깡_전환_블트칩출시_혜택강조형_KR1_.피드_이번주안에.__김소희_260728_제과_김수정,1,0,3.0,0
2026-08-22,(ASC) [제과_블트하] 26.07_블트칩출시_ASC_전환_image,(ASC)[제과_블트하] 26.07_블트칩출시_ASC_전환_image,[26.07]F_I_BT혼_전환_블트칩출시_혜택강조형_KR2_.릴스_냄새맡고옆자리동료.__김소희_260729_제과_김수정,24,2,230.0,0
2026-08-22,(마스터ASC)[제과_블트하] 26.07_블트깡출시_ASC_전환_video,(마스터ASC)[제과_블트하] 26.07_블트깡출시_ASC_전환_video,[26.08]F_V_BT깡_전환_블트깡출시_네고형_지인네고형.김그릇BP_var1.릴스_맛.X_1P_김소희_260807_제과_강경연,3,0,17.0,0
2026-08-22,[제과_블트하] 26.07_블트깡출시_수동_전환_image_전체타겟,0819_유행실체이국주_블트칩출시  (KR1/2),[26.08]F_I_BT깡_전환_블트칩출시_유명인권위형_이국주.KR1_.배너_구체적수치.10일만에5만개.__김소희_260819_제과_김수정,55,0,2031.0,0
2026-08-22,(마스터ASC)[제과_블트하] 26.08_블트깡출시_ASC_전환_image,(마스터ASC)[제과_블트하] 26.08_블트하출시_ASC_전환_image,[26.08]F_I_BT혼_전환_블트칩출시_혜택강조형_이국주.KR1_.배너_비싼원재료강조.진짜죄송합니다.__김소희_260820_제과_김수정,406,7,12746.0,1
2026-08-22,[제과_블트하] 26.07_블트깡출시_수동_전환_video_전체타겟,0821_물류대세감_블트칩출시 (이국주) (KR1),[26.08]F_V_BT칩_전환_블트칩출시_혜택희소성_물류대세감.이국주.KR1_main.릴스_메인.시즈닝강조.슬기.X_1P__260821_제과_문형민,22576,495,532254.0,28
2026-08-22,(마스터ASC)[제과_블트하] 26.08_블트깡출시_ASC_전환_image,(마스터ASC)[제과_블트하] 26.08_블트하출시_ASC_전환_image,[26.08]F_I_BT칩_전환_블트칩출시_혜택강조형_이국주.KR2_.릴스_긴급성심리자극.내가대표면.__김소희_260821_제과_김수정,1718,16,35499.0,3
2026-08-23,[제과_블트하] 26.07_블트깡출시_수동_전환_video_전체타겟,0725_클룹BP_블트칩출시 (KR1),[26.07]F_V_BT혼_전환_블트칩출시_기타_클룹BP.KR1_var3.릴스_맛SP.슬기.X_1P_최나영_260723_제과_피재은,8119,109,100431.0,5
2026-08-23,[제과_블트하] 26.07_블트깡출시_수동_전환_video_전체타겟,0807_인덕션BP_블트칩출시 (KR1),[26.08]F_V_BT칩_전환_블트칩출시_신규BP_인덕션BP.KR1_var4.릴스_일반취식.X_1P_김소희_260807_제과_이봄1,6,0,65.0,0
2026-08-23,[제과_블트하] 26.07_블트깡출시_수동_전환_image_전체타겟,0819_유행실체이국주_블트칩출시  (KR1/2),[26.08]F_I_BT깡_전환_블트칩출시_유명인권위형_이국주.KR1_.배너_구체적수치.10일만에5만개.__김소희_260819_제과_김수정,89,3,3577.0,1
2026-08-23,(마스터ASC)[제과_블트하] 26.08_블트깡출시_ASC_전환_image,(마스터ASC)[제과_블트하] 26.08_블트하출시_ASC_전환_image,[26.08]F_I_BT칩_전환_블트칩출시_혜택강조형_이국주.KR2_.배너_내부상황.대기열실체.__김소희_260819_제과_김수정,3,0,72.0,0
2026-08-23,(마스터ASC)[제과_블트하] 26.08_블트깡출시_ASC_전환_image,(마스터ASC)[제과_블트하] 26.08_블트하출시_ASC_전환_image,[26.08]F_I_BT혼_전환_블트칩출시_혜택강조형_이국주.KR1_.배너_비싼원재료강조.진짜죄송합니다.__김소희_260820_제과_김수정,547,13,14291.0,0
2026-08-23,[제과_블트하] 26.07_블트깡출시_수동_전환_video_전체타겟,0821_물류대세감_블트칩출시 (이국주) (KR1),[26.08]F_V_BT칩_전환_블트칩출시_혜택희소성_물류대세감.이국주.KR1_main.릴스_메인.시즈닝강조.슬기.X_1P__260821_제과_문형민,31634,703,843984.0,51
2026-08-23,(마스터ASC)[제과_블트하] 26.08_블트깡출시_ASC_전환_image,(마스터ASC)[제과_블트하] 26.08_블트하출시_ASC_전환_image,[26.08]F_I_BT칩_전환_블트칩출시_혜택강조형_이국주.KR2_.릴스_긴급성심리자극.내가대표면.__김소희_260821_제과_김수정,739,11,14837.0,0
2026-08-21,(ASC) [제과_블트하] 26.07_블트깡출시_ASC_전환_image,(ASC)[제과_블트하] 26.07_블트깡출시_ASC_전환_image,[26.07]F_I_BT칩_전환_블트칩출시_혜택강조형_KR2_.배너_진짜죄송합니다.__최나영_260730_제과_김수정,10,0,279.0,0
2026-08-21,(마스터ASC)[제과_블트하] 26.07_블트깡출시_ASC_전환_video,(마스터ASC)[제과_블트하] 26.07_블트깡출시_ASC_전환_video,[26.08]F_V_BT깡_전환_블트깡출시_라이브커머스형_라이브커머스형.KR1_main.릴스_찐템강조.메인.슬기.X_1P_김소희_260811_제과_피재은,2,0,13.0,0
2026-08-21,[제과_블트하] 26.07_블트깡출시_수동_전환_image_전체타겟,0820_이국주(~0912)_블트칩출시 (KR1),[26.08]F_I_BT깡_전환_블트칩출시_유명인권위형_이국주.KR1_.릴스_제2의두쫀쿠.유행강조.__김소희_260814_제과_김수정,50,0,1471.0,0
2026-08-21,(마스터ASC)[제과_블트하] 26.07_블트깡출시_ASC_전환_video,(마스터ASC)[제과_블트하] 26.07_블트깡출시_ASC_전환_video,[26.08]F_V_BT혼_전환_블트칩출시_신규BP_젤리백BP.이국주.KR1_var1.릴스_본론.이국주만.X_2P_최나영_260814_제과_이봄1,1,0,40.0,0
2026-08-21,[제과_블트하] 26.07_블트깡출시_수동_전환_video_전체타겟,0814_고효율재편집_블트깡출시,[26.08]F_V_BT깡_전환_블트깡출시_취식강조형_먹방.KR2_main.릴스_맛표현앞으로.(재)_2P_김소희_260814_제과_이미진,11,0,154.0,0
2026-08-21,[제과_블트하] 26.07_블트깡출시_수동_전환_video_전체타겟,0818_유인맨즈BP_블트깡출시 (이국주) (KR1),[26.08]F_V_BT깡_전환_블트깡출시_혜택희소성_유인맨즈BP.이국주.KR1_var1.릴스_버리기.슬기.X_1P_최나영_260818_제과_피재은,18509,580,603127.0,42
2026-08-21,[제과_블트하] 26.07_블트깡출시_수동_전환_image_전체타겟,0818_GFA유효배너_블트칩출시,[26.08]F_I_BT깡_전환_블트칩출시_혜택강조형_GFA베리_.배너_딱한봉지만먹을자신이없어요.__최나영_260818_제과_박서연,7,0,102.0,0
2026-08-21,(마스터ASC)[제과_블트하] 26.07_블트깡출시_ASC_전환_video,(마스터ASC)[제과_블트하] 26.07_블트깡출시_ASC_전환_video,[26.08]F_V_BT깡_전환_블트깡출시_쩜오건_시즈닝강조.이국주.KR1_var2.릴스_블트깡.반전.슬기.X_1P__260820_제과_문형민,41,0,490.0,0
2026-08-21,(마스터ASC)[제과_블트하] 26.07_블트깡출시_ASC_전환_video,(마스터ASC)[제과_블트하] 26.07_블트깡출시_ASC_전환_video,[26.08]F_V_BT깡_전환_블트깡출시_쩜오건_시즈닝강조.이국주.KR1_var3.릴스_블트깡.트러플.슬기.X_1P__260820_제과_문형민,11,0,136.0,0
2026-08-21,[제과_블트하] 26.07_블트깡출시_수동_전환_video_전체타겟,0820_공구네고형_블트칩출시 (KR2),[26.08]F_V_BT칩_전환_블트칩출시_네고형_공구네고형.이국주.KR2_var2.릴스_BP.X_1P_최나영_260820_제과_피재은,8163,155,198425.0,15
2026-08-21,[제과_블트하] 26.07_블트깡출시_수동_전환_video_전체타겟,0821_물류대세감_블트칩출시 (이국주) (KR1),[26.08]F_V_BT칩_전환_블트칩출시_혜택희소성_물류대세감.이국주.KR1_var2.릴스_죄송.시즈닝강조.슬기.X_1P__260821_제과_문형민,179,2,4868.0,1
2026-08-21,[제과_블트하] 26.07_블트깡출시_수동_전환_video_전체타겟,0821_제조과정형_블트깡출시 (이국주) (KR2),[26.08]F_V_BT칩_전환_블트칩출시_제조과정형_제조과정형.이국주.KR2_var1.릴스_이국주.X_1P__260821_제과_피재은,245,8,4258.0,1
2026-08-21,(마스터ASC)[제과_블트하] 26.08_블트깡출시_ASC_전환_image,(마스터ASC)[제과_블트하] 26.08_블트하출시_ASC_전환_image,[26.08]F_I_BT깡_전환_블트칩출시_혜택강조형_이국주.KR1_.배너_긴급성심리자극.긴급공지.__김소희_260821_제과_김수정,108,2,3050.0,0
2026-08-22,(ASC) [제과_블트하] 26.07_블트칩출시_ASC_전환_image,(ASC)[제과_블트하] 26.07_블트칩출시_ASC_전환_image,[26.07]F_I_BT칩_전환_블트칩출시_혜택강조형_KR2_.피드_시어머니가 신신당부..확장__김소희_260728_제과_박서연,1,0,14.0,0
2026-08-22,[제과_블트하] 26.07_블트깡출시_수동_전환_image_전체타겟,0820_이국주(~0912)_블트칩출시 (KR1),[26.08]F_I_BT깡_전환_블트칩출시_유명인권위형_이국주.KR1_.릴스_제2의두쫀쿠.유행강조.__김소희_260814_제과_김수정,58,2,1781.0,0
2026-08-22,[제과_블트하] 26.07_블트깡출시_수동_전환_video_전체타겟,0814_고효율재편집_블트깡출시,[26.08]F_V_BT깡_전환_블트깡출시_취식강조형_먹방.KR2_main.릴스_맛표현앞으로.(재)_2P_김소희_260814_제과_이미진,34,0,664.0,0
2026-08-22,[제과_블트하] 26.07_블트깡출시_수동_전환_video_전체타겟,0818_유인맨즈BP_블트깡출시 (이국주) (KR1),[26.08]F_V_BT깡_전환_블트깡출시_혜택희소성_유인맨즈BP.이국주.KR1_var1.릴스_버리기.슬기.X_1P_최나영_260818_제과_피재은,46500,1546,1374719.0,101
2026-08-22,[제과_블트하] 26.07_블트깡출시_수동_전환_image_전체타겟,0818_GFA유효배너_블트칩출시,[26.08]F_I_BT깡_전환_블트칩출시_혜택강조형_GFA베리_.배너_딱한봉지만먹을자신이없어요.__최나영_260818_제과_박서연,1,0,45.0,0
2026-08-22,(마스터ASC)[제과_블트하] 26.07_블트깡출시_ASC_전환_video,(마스터ASC)[제과_블트하] 26.07_블트깡출시_ASC_전환_video,[26.08]F_V_BT깡_전환_블트깡출시_쩜오건_시즈닝강조.이국주.KR1_var2.릴스_블트깡.반전.슬기.X_1P__260820_제과_문형민,16,1,106.0,0
2026-08-22,(마스터ASC)[제과_블트하] 26.07_블트깡출시_ASC_전환_video,(마스터ASC)[제과_블트하] 26.07_블트깡출시_ASC_전환_video,[26.08]F_V_BT깡_전환_블트깡출시_쩜오건_시즈닝강조.이국주.KR1_var3.릴스_블트깡.트러플.슬기.X_1P__260820_제과_문형민,1,0,3.0,0
2026-08-22,[제과_블트하] 26.07_블트깡출시_수동_전환_video_전체타겟,0820_공구네고형_블트칩출시 (KR2),[26.08]F_V_BT칩_전환_블트칩출시_네고형_공구네고형.이국주.KR2_var2.릴스_BP.X_1P_최나영_260820_제과_피재은,10894,257,300343.0,19
2026-08-22,[제과_블트하] 26.07_블트깡출시_수동_전환_video_전체타겟,0821_물류대세감_블트칩출시 (이국주) (KR1),[26.08]F_V_BT칩_전환_블트칩출시_혜택희소성_물류대세감.이국주.KR1_var2.릴스_죄송.시즈닝강조.슬기.X_1P__260821_제과_문형민,182,4,4283.0,1
2026-08-22,[제과_블트하] 26.07_블트깡출시_수동_전환_video_전체타겟,0821_제조과정형_블트깡출시 (이국주) (KR2),[26.08]F_V_BT칩_전환_블트칩출시_제조과정형_제조과정형.이국주.KR2_var1.릴스_이국주.X_1P__260821_제과_피재은,487,12,13969.0,0
2026-08-22,(마스터ASC)[제과_블트하] 26.08_블트깡출시_ASC_전환_image,(마스터ASC)[제과_블트하] 26.08_블트하출시_ASC_전환_image,[26.08]F_I_BT깡_전환_블트칩출시_혜택강조형_이국주.KR1_.배너_긴급성심리자극.긴급공지.__김소희_260821_제과_김수정,89,1,2527.0,0
2026-08-23,(ASC) [제과_블트하] 26.07_블트깡출시_ASC_전환_image,(ASC)[제과_블트하] 26.07_블트깡출시_ASC_전환_image,[26.07]F_I_BT칩_전환_블트칩출시_혜택강조형_KR2_.배너_진짜죄송합니다.__최나영_260730_제과_김수정,642,11,17451.0,0
2026-08-23,(마스터ASC)[제과_블트하] 26.07_블트깡출시_ASC_전환_video,(마스터ASC)[제과_블트하] 26.07_블트깡출시_ASC_전환_video,[26.08]F_V_BT깡_전환_블트깡출시_네고형_지인네고형.김그릇BP_var4.릴스_가성비.X_1P_김소희_260807_제과_강경연,10,1,180.0,0
2026-08-23,(마스터ASC)[제과_블트하] 26.07_블트깡출시_ASC_전환_video,(마스터ASC)[제과_블트하] 26.07_블트깡출시_ASC_전환_video,[26.08]F_V_BT깡_전환_블트깡출시_라이브커머스형_라이브커머스형.KR1_main.릴스_찐템강조.메인.슬기.X_1P_김소희_260811_제과_피재은,8,0,42.0,0
2026-08-23,[제과_블트하] 26.07_블트깡출시_수동_전환_image_전체타겟,0820_이국주(~0912)_블트칩출시 (KR1),[26.08]F_I_BT깡_전환_블트칩출시_유명인권위형_이국주.KR1_.릴스_제2의두쫀쿠.유행강조.__김소희_260814_제과_김수정,31,0,1363.0,0
2026-08-23,(마스터ASC)[제과_블트하] 26.07_블트깡출시_ASC_전환_video,(마스터ASC)[제과_블트하] 26.07_블트깡출시_ASC_전환_video,[26.08]F_V_BT혼_전환_블트칩출시_신규BP_젤리백BP.이국주.KR1_var1.릴스_본론.이국주만.X_2P_최나영_260814_제과_이봄1,1,0,32.0,0
2026-08-23,[제과_블트하] 26.07_블트깡출시_수동_전환_video_전체타겟,0814_고효율재편집_블트깡출시,[26.08]F_V_BT깡_전환_블트깡출시_취식강조형_먹방.KR2_main.릴스_맛표현앞으로.(재)_2P_김소희_260814_제과_이미진,28,1,376.0,0
2026-08-23,[제과_블트하] 26.07_블트깡출시_수동_전환_video_전체타겟,0818_유인맨즈BP_블트깡출시 (이국주) (KR1),[26.08]F_V_BT깡_전환_블트깡출시_혜택희소성_유인맨즈BP.이국주.KR1_var1.릴스_버리기.슬기.X_1P_최나영_260818_제과_피재은,23288,795,688254.0,38
2026-08-23,(마스터ASC)[제과_블트하] 26.07_블트깡출시_ASC_전환_video,(마스터ASC)[제과_블트하] 26.07_블트깡출시_ASC_전환_video,[26.08]F_V_BT깡_전환_블트깡출시_쩜오건_시즈닝강조.이국주.KR1_var2.릴스_블트깡.반전.슬기.X_1P__260820_제과_문형민,17,1,215.0,0
2026-08-23,[제과_블트하] 26.07_블트깡출시_수동_전환_video_전체타겟,0820_공구네고형_블트칩출시 (KR2),[26.08]F_V_BT칩_전환_블트칩출시_네고형_공구네고형.이국주.KR2_var2.릴스_BP.X_1P_최나영_260820_제과_피재은,659,8,17923.0,1
2026-08-23,[제과_블트하] 26.07_블트깡출시_수동_전환_video_전체타겟,0821_물류대세감_블트칩출시 (이국주) (KR1),[26.08]F_V_BT칩_전환_블트칩출시_혜택희소성_물류대세감.이국주.KR1_var2.릴스_죄송.시즈닝강조.슬기.X_1P__260821_제과_문형민,542,5,15059.0,1
2026-08-23,(마스터ASC)[제과_블트하] 26.08_블트깡출시_ASC_전환_image,(마스터ASC)[제과_블트하] 26.08_블트하출시_ASC_전환_image,[26.08]F_I_BT깡_전환_블트칩출시_혜택강조형_이국주.KR1_.배너_긴급성심리자극.긴급공지.__김소희_260821_제과_김수정,58,2,2112.0,0
2026-08-21,(ASC) [제과_블트하] 26.07_블트칩출시_ASC_전환_image,(ASC)[제과_블트하] 26.07_블트칩출시_ASC_전환_image,[26.07]F_I_BT깡_전환_블트칩출시_혜택강조형_KR2_.피드_주변인.탕비실.확장__김소희_260727_제과_박서연,16,0,127.0,0
2026-08-21,(ASC) [제과_블트하] 26.07_블트칩출시_ASC_전환_image,(ASC)[제과_블트하] 26.07_블트칩출시_ASC_전환_image,[26.07]F_I_BT칩_전환_블트칩출시_혜택강조형_KR2_.릴스_모션.회사에서맛잘알.__김소희_260729_제과_박서연,1,0,53.0,0
2026-08-21,(ASC) [제과_블트하] 26.07_블트깡출시_ASC_전환_image,(ASC)[제과_블트하] 26.07_블트깡출시_ASC_전환_image,[26.07]F_I_BT칩_전환_블트칩출시_혜택강조형_KR2_.배너_뜯자마자옆자리동료.__최나영_260730_제과_김수정,11,1,81.0,0
2026-08-21,(마스터ASC)[제과_블트하] 26.07_블트깡출시_ASC_전환_video,(마스터ASC)[제과_블트하] 26.07_블트깡출시_ASC_전환_video,[26.08]F_V_BT칩_전환_블트칩출시_신규BP_인덕션BP.KR1_main.릴스_본론.X_1P_김소희_260807_제과_이봄1,90171,2744,2265833.0,153
2026-08-21,(마스터ASC)[제과_블트하] 26.08_블트깡출시_ASC_전환_image,(마스터ASC)[제과_블트하] 26.08_블트하출시_ASC_전환_image,[26.08]F_I_BT칩_전환_블트칩출시_혜택강조형_KR1_.릴스_시간한정강조.야무진며느리라칭찬.__김소희_260807_제과_김수정,28,0,373.0,0
2026-08-21,(마스터ASC)[제과_블트하] 26.08_블트깡출시_ASC_전환_image,(마스터ASC)[제과_블트하] 26.08_블트하출시_ASC_전환_image,[26.08]F_I_BT칩_전환_블트칩출시_혜택강조형_KR1_.릴스_메세지강조.야무진며느리라칭찬.__김소희_260807_제과_김수정,25,0,511.0,1
2026-08-21,(마스터ASC)[제과_블트하] 26.08_블트깡출시_ASC_전환_image,(마스터ASC)[제과_블트하] 26.08_블트하출시_ASC_전환_image,[26.08]F_I_BT칩_전환_블트칩출시_혜택강조형_KR1_.릴스_살림권위.살림10년싼티나는선물.__김소희_260811_제과_김수정,31,0,993.0,0
2026-08-21,(마스터ASC)[제과_블트하] 26.08_블트깡출시_ASC_전환_image,(마스터ASC)[제과_블트하] 26.08_블트하출시_ASC_전환_image,[26.08]F_I_BT깡_전환_블트칩출시_유명인권위형_이국주.KR1_.배너_공지문.카테고리어렵게.__김소희_260813_제과_김수정,9,1,120.0,0
2026-08-21,[제과_블트하] 26.07_블트깡출시_수동_전환_video_전체타겟,0820_검증포맷이식_블트깡출시 (KR1),[26.08]F_V_BT칩_전환_블트칩출시_쩜오건_시즈닝강조.이국주.KR1_var6.릴스_블트칩.시즈닝신상.슬기.X_1P__260820_제과_문형민,1390,19,20661.0,1
2026-08-22,(ASC) [제과_블트하] 26.07_블트칩출시_ASC_전환_image,(ASC)[제과_블트하] 26.07_블트칩출시_ASC_전환_image,[26.07]F_I_BT깡_전환_블트칩출시_혜택강조형_KR2_.피드_주변인.탕비실.확장__김소희_260727_제과_박서연,2,0,45.0,0
2026-08-22,(ASC) [제과_블트하] 26.07_블트칩출시_ASC_전환_image,(ASC)[제과_블트하] 26.07_블트칩출시_ASC_전환_image,[26.07]F_I_BT칩_전환_블트칩출시_혜택강조형_KR2_.릴스_모션.회사에서맛잘알.__김소희_260729_제과_박서연,5,3,385.0,0
2026-08-22,(ASC) [제과_블트하] 26.07_블트깡출시_ASC_전환_image,(ASC)[제과_블트하] 26.07_블트깡출시_ASC_전환_image,[26.07]F_I_BT칩_전환_블트칩출시_혜택강조형_KR2_.배너_뜯자마자옆자리동료.__최나영_260730_제과_김수정,10,0,102.0,0
2026-08-22,(마스터ASC)[제과_블트하] 26.08_블트깡출시_ASC_전환_image,(마스터ASC)[제과_블트하] 26.08_블트하출시_ASC_전환_image,[26.08]F_I_BT칩_전환_블트칩출시_혜택강조형_KR1_.피드_리뷰형.오마카세급.__김소희_260806_제과_박서연,3,0,86.0,0
2026-08-22,(마스터ASC)[제과_블트하] 26.07_블트깡출시_ASC_전환_video,(마스터ASC)[제과_블트하] 26.07_블트깡출시_ASC_전환_video,[26.08]F_V_BT칩_전환_블트칩출시_신규BP_인덕션BP.KR1_main.릴스_본론.X_1P_김소희_260807_제과_이봄1,63991,1982,1731220.0,120
2026-08-22,(마스터ASC)[제과_블트하] 26.08_블트깡출시_ASC_전환_image,(마스터ASC)[제과_블트하] 26.08_블트하출시_ASC_전환_image,[26.08]F_I_BT칩_전환_블트칩출시_혜택강조형_KR1_.릴스_시간한정강조.야무진며느리라칭찬.__김소희_260807_제과_김수정,5,0,255.0,0
2026-08-22,(마스터ASC)[제과_블트하] 26.08_블트깡출시_ASC_전환_image,(마스터ASC)[제과_블트하] 26.08_블트하출시_ASC_전환_image,[26.08]F_I_BT칩_전환_블트칩출시_혜택강조형_KR1_.릴스_메세지강조.야무진며느리라칭찬.__김소희_260807_제과_김수정,2,0,7.0,0
2026-08-22,(마스터ASC)[제과_블트하] 26.08_블트깡출시_ASC_전환_image,(마스터ASC)[제과_블트하] 26.08_블트하출시_ASC_전환_image,[26.08]F_I_BT칩_전환_블트칩출시_혜택강조형_KR1_.릴스_살림권위.살림10년싼티나는선물.__김소희_260811_제과_김수정,34,0,569.0,0
2026-08-22,(마스터ASC)[제과_블트하] 26.08_블트깡출시_ASC_전환_image,(마스터ASC)[제과_블트하] 26.08_블트하출시_ASC_전환_image,[26.08]F_I_BT깡_전환_블트칩출시_유명인권위형_이국주.KR1_.배너_공지문.카테고리어렵게.__김소희_260813_제과_김수정,1,0,45.0,0
2026-08-23,(ASC) [제과_블트하] 26.07_블트칩출시_ASC_전환_image,(ASC)[제과_블트하] 26.07_블트칩출시_ASC_전환_image,[26.07]F_I_BT깡_전환_블트칩출시_혜택강조형_KR2_.피드_주변인.탕비실.확장__김소희_260727_제과_박서연,5,0,51.0,0
2026-08-23,(마스터ASC)[제과_블트하] 26.07_블트깡출시_ASC_전환_video,(마스터ASC)[제과_블트하] 26.07_블트깡출시_ASC_전환_video,[26.08]F_V_BT칩_전환_블트칩출시_신규BP_인덕션BP.KR1_main.릴스_본론.X_1P_김소희_260807_제과_이봄1,82234,2471,2140051.0,149
2026-08-23,(마스터ASC)[제과_블트하] 26.08_블트깡출시_ASC_전환_image,(마스터ASC)[제과_블트하] 26.08_블트하출시_ASC_전환_image,[26.08]F_I_BT칩_전환_블트칩출시_혜택강조형_KR1_.릴스_시간한정강조.야무진며느리라칭찬.__김소희_260807_제과_김수정,69,0,1084.0,0
2026-08-23,(마스터ASC)[제과_블트하] 26.08_블트깡출시_ASC_전환_image,(마스터ASC)[제과_블트하] 26.08_블트하출시_ASC_전환_image,[26.08]F_I_BT칩_전환_블트칩출시_혜택강조형_KR1_.릴스_메세지강조.야무진며느리라칭찬.__김소희_260807_제과_김수정,72,0,1471.0,0
2026-08-23,(마스터ASC)[제과_블트하] 26.08_블트깡출시_ASC_전환_image,(마스터ASC)[제과_블트하] 26.08_블트하출시_ASC_전환_image,[26.08]F_I_BT칩_전환_블트칩출시_혜택강조형_KR1_.릴스_살림권위.살림10년싼티나는선물.__김소희_260811_제과_김수정,103,1,2198.0,0
2026-08-23,(마스터ASC)[제과_블트하] 26.08_블트깡출시_ASC_전환_image,(마스터ASC)[제과_블트하] 26.08_블트하출시_ASC_전환_image,[26.08]F_I_BT깡_전환_블트칩출시_유명인권위형_이국주.KR1_.배너_공지문.카테고리어렵게.__김소희_260813_제과_김수정,48,0,1138.0,0
2026-08-21,(ASC) [제과_블트하] 26.07_블트칩출시_ASC_전환_image,(ASC)[제과_블트하] 26.07_블트칩출시_ASC_전환_image,[26.07]F_I_BT칩_전환_블트칩출시_혜택강조형_KR1_.피드_과자안먹는남편박스째.__김소희_260728_제과_김수정,1,0,15.0,0
2026-08-21,[칩] (마스터ASC)[제과_블트하] 26.07_블트칩출시_ASC_전환_video,[칩] (마스터ASC)[제과_블트하] 26.07_블트칩출시_ASC_전환_video,[26.08]F_V_BT혼_전환_블트칩출시_신규BP_풀리오BP.KR1_var3.릴스_맛충동후킹.남편.X_2P_최나영_260801_제과_이봄1,19,0,331.0,0
2026-08-21,[칩] (마스터ASC)[제과_블트하] 26.07_블트칩출시_ASC_전환_video,[칩] (마스터ASC)[제과_블트하] 26.07_블트칩출시_ASC_전환_video,[26.07]F_V_BT혼_전환_블트칩출시_기타_클룹BP.KR1_var3.릴스_맛SP.슬기.X_1P_최나영_260723_제과_피재은,922,9,16124.0,2
2026-08-21,(마스터ASC)[제과_블트하] 26.08_블트깡출시_ASC_전환_image,(마스터ASC)[제과_블트하] 26.08_블트하출시_ASC_전환_image,[26.08]F_I_BT칩_전환_블트칩출시_혜택강조형_KR1_.릴스_안다르미닉스bp.호프집가도이만한안주.__김소희_260806_제과_박지현,835,15,17116.0,0
2026-08-21,(마스터ASC)[제과_블트하] 26.08_블트깡출시_ASC_전환_image,(마스터ASC)[제과_블트하] 26.08_블트하출시_ASC_전환_image,[26.08]F_I_BT칩_전환_블트칩출시_혜택강조형_KR1_.릴스_메세지강조.똑소리난대요.__김소희_260807_제과_김수정,6,1,69.0,0
2026-08-21,(마스터ASC)[제과_블트하] 26.08_블트깡출시_ASC_전환_image,(마스터ASC)[제과_블트하] 26.08_블트하출시_ASC_전환_image,[26.08]F_I_BT깡_전환_블트칩출시_유명인권위형_이국주.KR2_.릴스_주변구매.엄마들모임.__김소희_260813_제과_김수정,4,0,7.0,0
2026-08-21,[제과_블트하] 26.07_블트깡출시_수동_전환_video_전체타겟,0820_검증포맷이식_블트깡출시 (KR1),[26.08]F_V_BT칩_전환_블트칩출시_쩜오건_시즈닝강조.이국주.KR1_var9.릴스_블트칩.확산맛조합.슬기.X_1P__260820_제과_문형민,158,2,2783.0,0
2026-08-21,[제과_블트하] 26.07_블트깡출시_수동_전환_video_전체타겟,0820_공구네고형_블트칩출시 (KR2),[26.08]F_V_BT칩_전환_블트칩출시_네고형_공구네고형.이국주.KR2_var3.릴스_주문폭주.X_1P_최나영_260820_제과_피재은,894,12,19807.0,1
2026-08-22,[칩] (마스터ASC)[제과_블트하] 26.07_블트칩출시_ASC_전환_video,[칩] (마스터ASC)[제과_블트하] 26.07_블트칩출시_ASC_전환_video,[26.08]F_V_BT혼_전환_블트칩출시_신규BP_풀리오BP.KR1_var3.릴스_맛충동후킹.남편.X_2P_최나영_260801_제과_이봄1,1,0,1.0,0
2026-08-22,[칩] (마스터ASC)[제과_블트하] 26.07_블트칩출시_ASC_전환_video,[칩] (마스터ASC)[제과_블트하] 26.07_블트칩출시_ASC_전환_video,[26.07]F_V_BT혼_전환_블트칩출시_기타_클룹BP.KR1_var3.릴스_맛SP.슬기.X_1P_최나영_260723_제과_피재은,5857,82,90803.0,5
2026-08-22,(마스터ASC)[제과_블트하] 26.07_블트깡출시_ASC_전환_video,(마스터ASC)[제과_블트하] 26.07_블트깡출시_ASC_전환_video,[26.08]F_V_BT칩_전환_블트칩출시_신규BP_인덕션BP.KR1_var5.릴스_여러상황.X_1P_김소희_260807_제과_이봄1,6,0,125.0,0
2026-08-22,(마스터ASC)[제과_블트하] 26.07_블트깡출시_ASC_전환_video,(마스터ASC)[제과_블트하] 26.07_블트깡출시_ASC_전환_video,[26.08]F_V_BT혼_전환_블트칩출시_신규BP_젤리백BP.이국주.KR1_var4.릴스_이국주+조합.X_2P_최나영_260814_제과_이봄1,2,0,16.0,0
2026-08-22,[제과_블트하] 26.07_블트깡출시_수동_전환_video_전체타겟,0820_검증포맷이식_블트깡출시 (KR1),[26.08]F_V_BT칩_전환_블트칩출시_쩜오건_시즈닝강조.이국주.KR1_var9.릴스_블트칩.확산맛조합.슬기.X_1P__260820_제과_문형민,186,4,3538.0,0
2026-08-22,[제과_블트하] 26.07_블트깡출시_수동_전환_image_전체타겟,0821_유행긴급성_블트칩출시 (KR1/2),[26.08]F_I_BT깡_전환_블트칩출시_혜택강조형_이국주.KR2_.배너_바이럴베리.재평가시급한.__김소희_260821_제과_박지현,11,0,846.0,0
2026-08-23,[칩] (마스터ASC)[제과_블트하] 26.07_블트칩출시_ASC_전환_video,[칩] (마스터ASC)[제과_블트하] 26.07_블트칩출시_ASC_전환_video,[26.07]F_V_BT혼_전환_블트칩출시_기타_클룹BP.KR1_var3.릴스_맛SP.슬기.X_1P_최나영_260723_제과_피재은,8447,100,117587.0,8
2026-08-23,(마스터ASC)[제과_블트하] 26.08_블트깡출시_ASC_전환_image,(마스터ASC)[제과_블트하] 26.08_블트하출시_ASC_전환_image,[26.08]F_I_BT칩_전환_블트칩출시_혜택강조형_KR1_.릴스_메세지강조.똑소리난대요.__김소희_260807_제과_김수정,45,0,1211.0,0
2026-08-23,(마스터ASC)[제과_블트하] 26.08_블트깡출시_ASC_전환_image,(마스터ASC)[제과_블트하] 26.08_블트하출시_ASC_전환_image,[26.08]F_I_BT깡_전환_블트칩출시_유명인권위형_이국주.KR2_.릴스_주변구매.엄마들모임.__김소희_260813_제과_김수정,2,0,11.0,0
2026-08-23,(마스터ASC)[제과_블트하] 26.07_블트깡출시_ASC_전환_video,(마스터ASC)[제과_블트하] 26.07_블트깡출시_ASC_전환_video,[26.08]F_V_BT혼_전환_블트칩출시_신규BP_젤리백BP.이국주.KR1_var4.릴스_이국주+조합.X_2P_최나영_260814_제과_이봄1,4,0,255.0,0
2026-08-23,[제과_블트하] 26.07_블트깡출시_수동_전환_video_전체타겟,0820_검증포맷이식_블트깡출시 (KR1),[26.08]F_V_BT칩_전환_블트칩출시_쩜오건_시즈닝강조.이국주.KR1_var9.릴스_블트칩.확산맛조합.슬기.X_1P__260820_제과_문형민,4217,48,85086.0,5
2026-08-23,[제과_블트하] 26.07_블트깡출시_수동_전환_image_전체타겟,0821_유행긴급성_블트칩출시 (KR1/2),[26.08]F_I_BT깡_전환_블트칩출시_혜택강조형_이국주.KR2_.배너_바이럴베리.재평가시급한.__김소희_260821_제과_박지현,16,0,362.0,0
2026-08-21,(마스터ASC)[제과_블트하] 26.08_블트깡출시_ASC_전환_image,(마스터ASC)[제과_블트하] 26.08_블트하출시_ASC_전환_image,[26.08]F_I_BT칩_전환_블트칩출시_혜택강조형_KR1_.피드_리뷰형.깐깐한시어머니.__김소희_260806_제과_박서연,69,0,931.0,0
2026-08-21,[칩] (마스터ASC)[제과_블트하] 26.07_블트칩출시_ASC_전환_video,[칩] (마스터ASC)[제과_블트하] 26.07_블트칩출시_ASC_전환_video,[26.08]F_V_BT혼_전환_블트칩출시_신규BP_무아스BP_var2.릴스_일상고민해결.주부페르소나.KR1.X_2P_최나영_260807_제과_이미진,1,0,6.0,0
2026-08-21,[제과_콘스프맛 팝콘] 26.05_콘스프맛팝콘출시_수동_전환_video,공구네고형(다이어터 입터짐.페인포인트)_0814,[26.08]F_V_PC혼_전환_상시_네고형_공구네고형_main.릴스_공통.X_1P_권미정_260814_제과_강경연,3694,56,38106.0,1
2026-08-21,[제과_블트하] 26.07_블트깡출시_수동_전환_image_전체타겟,0820_이국주(~0912)_블트칩출시 (KR1),[26.08]F_I_BT깡_전환_블트칩출시_유명인권위형_이국주.KR1_.릴스_원재료강조.유행강조.__김소희_260814_제과_김수정,42,1,2545.0,0
2026-08-21,[칩] (마스터ASC)[제과_블트하] 26.07_블트칩출시_ASC_전환_video,[칩] (마스터ASC)[제과_블트하] 26.07_블트칩출시_ASC_전환_video,[26.08]F_V_BT혼_전환_블트깡출시_신규BP_오프아워BP.이국주.KR1_var2.릴스_댓글.X_2P_김소희_260814_제과_이미진,6,0,75.0,0
2026-08-21,[제과_블트하] 26.07_블트깡출시_수동_전환_image_전체타겟,0813_이국주(~0912)_블트칩출시 (KR2),[26.08]F_I_BT깡_전환_블트칩출시_혜택강조형_이국주_.배너_이국주도찾기힘들었다는.__김소희_260814_제과_김수정,77,1,1542.0,0
2026-08-21,[제과_블트하] 26.07_블트깡출시_수동_전환_image_전체타겟,0819_유행실체이국주_블트칩출시  (KR1/2),[26.08]F_I_BT칩_전환_블트칩출시_혜택강조형_이국주.KR2_.배너_사회적집단.카톡.__김소희_260819_제과_김수정,19,0,1338.0,0
2026-08-21,(마스터ASC)[제과_블트하] 26.07_블트깡출시_ASC_전환_video,(마스터ASC)[제과_블트하] 26.07_블트깡출시_ASC_전환_video,[26.08]F_V_BT칩_전환_블트칩출시_제조과정형_제조과정형.이국주.KR2_var3.릴스_카테고리.X_1P__260821_제과_피재은,415,5,7970.0,0
2026-08-22,(마스터ASC)[제과_블트하] 26.08_블트깡출시_ASC_전환_image,(마스터ASC)[제과_블트하] 26.08_블트하출시_ASC_전환_image,[26.08]F_I_BT칩_전환_블트칩출시_혜택강조형_KR1_.피드_리뷰형.깐깐한시어머니.__김소희_260806_제과_박서연,206,3,2071.0,2
2026-08-22,[칩] (마스터ASC)[제과_블트하] 26.07_블트칩출시_ASC_전환_video,[칩] (마스터ASC)[제과_블트하] 26.07_블트칩출시_ASC_전환_video,[26.08]F_V_BT혼_전환_블트칩출시_신규BP_무아스BP_var2.릴스_일상고민해결.주부페르소나.KR1.X_2P_최나영_260807_제과_이미진,39,0,816.0,0
2026-08-22,[제과_콘스프맛 팝콘] 26.05_콘스프맛팝콘출시_수동_전환_video,공구네고형(다이어터 입터짐.페인포인트)_0814,[26.08]F_V_PC혼_전환_상시_네고형_공구네고형_main.릴스_공통.X_1P_권미정_260814_제과_강경연,9051,96,84210.0,10
2026-08-22,[제과_블트하] 26.07_블트깡출시_수동_전환_image_전체타겟,0820_이국주(~0912)_블트칩출시 (KR1),[26.08]F_I_BT깡_전환_블트칩출시_유명인권위형_이국주.KR1_.릴스_원재료강조.유행강조.__김소희_260814_제과_김수정,162,7,6020.0,1
2026-08-22,[제과_블트하] 26.07_블트깡출시_수동_전환_image_전체타겟,0813_이국주(~0912)_블트칩출시 (KR2),[26.08]F_I_BT깡_전환_블트칩출시_혜택강조형_이국주_.배너_이국주도찾기힘들었다는.__김소희_260814_제과_김수정,324,6,9858.0,0
2026-08-22,[제과_블트하] 26.07_블트깡출시_수동_전환_image_전체타겟,0819_유행실체이국주_블트칩출시  (KR1/2),[26.08]F_I_BT칩_전환_블트칩출시_혜택강조형_이국주.KR2_.배너_사회적집단.카톡.__김소희_260819_제과_김수정,13,0,206.0,0
2026-08-22,(마스터ASC)[제과_블트하] 26.07_블트깡출시_ASC_전환_video,(마스터ASC)[제과_블트하] 26.07_블트깡출시_ASC_전환_video,[26.08]F_V_BT칩_전환_블트칩출시_제조과정형_제조과정형.이국주.KR2_var3.릴스_카테고리.X_1P__260821_제과_피재은,2348,36,34754.0,3
2026-08-23,(마스터ASC)[제과_블트하] 26.08_블트깡출시_ASC_전환_image,(마스터ASC)[제과_블트하] 26.08_블트하출시_ASC_전환_image,[26.08]F_I_BT칩_전환_블트칩출시_혜택강조형_KR1_.피드_리뷰형.깐깐한시어머니.__김소희_260806_제과_박서연,465,10,9292.0,0
2026-08-23,[칩] (마스터ASC)[제과_블트하] 26.07_블트칩출시_ASC_전환_video,[칩] (마스터ASC)[제과_블트하] 26.07_블트칩출시_ASC_전환_video,[26.08]F_V_BT혼_전환_블트칩출시_신규BP_무아스BP_var4.릴스_할인.주부페르소나.KR1.X_2P_최나영_260807_제과_이미진,10,0,144.0,0
2026-08-23,[칩] (마스터ASC)[제과_블트하] 26.07_블트칩출시_ASC_전환_video,[칩] (마스터ASC)[제과_블트하] 26.07_블트칩출시_ASC_전환_video,[26.08]F_V_BT혼_전환_블트칩출시_신규BP_무아스BP_var2.릴스_일상고민해결.주부페르소나.KR1.X_2P_최나영_260807_제과_이미진,10,0,588.0,0
2026-08-23,[제과_콘스프맛 팝콘] 26.05_콘스프맛팝콘출시_수동_전환_video,공구네고형(다이어터 입터짐.페인포인트)_0814,[26.08]F_V_PC혼_전환_상시_네고형_공구네고형_main.릴스_공통.X_1P_권미정_260814_제과_강경연,18752,196,165051.0,12
2026-08-23,[제과_블트하] 26.07_블트깡출시_수동_전환_image_전체타겟,0820_이국주(~0912)_블트칩출시 (KR1),[26.08]F_I_BT깡_전환_블트칩출시_유명인권위형_이국주.KR1_.릴스_원재료강조.유행강조.__김소희_260814_제과_김수정,230,6,9469.0,1
2026-08-23,[칩] (마스터ASC)[제과_블트하] 26.07_블트칩출시_ASC_전환_video,[칩] (마스터ASC)[제과_블트하] 26.07_블트칩출시_ASC_전환_video,[26.08]F_V_BT혼_전환_블트깡출시_신규BP_오프아워BP.이국주.KR1_var2.릴스_댓글.X_2P_김소희_260814_제과_이미진,7,0,48.0,0
2026-08-23,[제과_블트하] 26.07_블트깡출시_수동_전환_image_전체타겟,0813_이국주(~0912)_블트칩출시 (KR2),[26.08]F_I_BT깡_전환_블트칩출시_혜택강조형_이국주_.배너_이국주도찾기힘들었다는.__김소희_260814_제과_김수정,388,5,13097.0,1
2026-08-23,[제과_블트하] 26.07_블트깡출시_수동_전환_image_전체타겟,0819_유행실체이국주_블트칩출시  (KR1/2),[26.08]F_I_BT칩_전환_블트칩출시_혜택강조형_이국주.KR2_.배너_사회적집단.카톡.__김소희_260819_제과_김수정,6,0,122.0,0
2026-08-23,(마스터ASC)[제과_블트하] 26.07_블트깡출시_ASC_전환_video,(마스터ASC)[제과_블트하] 26.07_블트깡출시_ASC_전환_video,[26.08]F_V_BT칩_전환_블트칩출시_제조과정형_제조과정형.이국주.KR2_var3.릴스_카테고리.X_1P__260821_제과_피재은,4376,43,63559.0,5
2026-08-21,(ASC) [제과_블트하] 26.07_블트칩출시_ASC_전환_image,(ASC)[제과_블트하] 26.07_블트칩출시_ASC_전환_image,[26.07]F_I_BT깡_전환_블트칩출시_혜택강조형_KR2_.피드_주변인.옆자리동료.확장__김소희_260727_제과_박서연,25,0,421.0,0
2026-08-21,(ASC) [제과_블트하] 26.07_블트칩출시_ASC_전환_image,(ASC)[제과_블트하] 26.07_블트칩출시_ASC_전환_image,[26.07]F_I_BT깡_전환_블트칩출시_혜택강조형_KR2_.피드_집들이때가져가면맛잘알인정.확장__김소희_260728_제과_박서연,1056,4,11390.0,0
2026-08-21,(ASC) [제과_블트하] 26.07_블트깡출시_ASC_전환_image,(ASC)[제과_블트하] 26.07_블트깡출시_ASC_전환_image,[26.07]F_I_BT칩_전환_블트칩출시_혜택강조형_KR2_.배너_야구장옆자리가.__최나영_260730_제과_김수정,7,0,100.0,0
2026-08-21,(마스터ASC)[제과_블트하] 26.08_블트깡출시_ASC_전환_image,(마스터ASC)[제과_블트하] 26.08_블트하출시_ASC_전환_image,[26.08]F_I_BT혼_전환_블트칩출시_혜택강조형_KR1_.피드_마진포기.트러플하몽향제대로.__김소희_260806_제과_김수정,4,0,228.0,0
2026-08-21,(마스터ASC)[제과_블트하] 26.08_블트깡출시_ASC_전환_image,(마스터ASC)[제과_블트하] 26.08_블트하출시_ASC_전환_image,[26.08]F_I_BT깡_전환_블트칩출시_유명인권위형_이국주.KR1_.릴스_원재료강조.유행강조.__김소희_260814_제과_김수정,2,0,14.0,0
2026-08-21,(마스터ASC)[제과_블트하] 26.08_블트깡출시_ASC_전환_image,(마스터ASC)[제과_블트하] 26.08_블트하출시_ASC_전환_image,[26.08]F_I_BT깡_전환_블트칩출시_유명인권위형_이국주.KR1_.릴스_제2의두쫀쿠.유행강조.__김소희_260814_제과_김수정,11,0,105.0,0
2026-08-21,[제과_블트하] 26.07_블트깡출시_수동_전환_image_전체타겟,0813_이국주(~0912)_블트칩출시 (KR2),[26.08]F_I_BT깡_전환_블트칩출시_유명인권위형_이국주.KR2_.릴스_없어서못사먹는다는.유행강조.__김소희_260814_제과_김수정,3,0,98.0,0
2026-08-21,[제과_블트하] 26.07_블트깡출시_수동_전환_video_전체타겟,0820_공구네고형_블트칩출시 (KR2),[26.08]F_V_BT칩_전환_블트칩출시_네고형_공구네고형.이국주.KR2_var4.릴스_고급안주.X_1P_최나영_260820_제과_피재은,75,0,1213.0,0
2026-08-21,[칩] (마스터ASC)[제과_블트하] 26.07_블트칩출시_ASC_전환_video,[칩] (마스터ASC)[제과_블트하] 26.07_블트칩출시_ASC_전환_video,[26.08]F_V_BT칩_전환_블트칩출시_네고형_공구네고형.이국주.KR2_main.릴스_메인.X_1P_최나영_260820_제과_피재은,41,0,1171.0,0
2026-08-22,(ASC) [제과_블트하] 26.07_블트칩출시_ASC_전환_image,(ASC)[제과_블트하] 26.07_블트칩출시_ASC_전환_image,[26.07]F_I_BT깡_전환_블트칩출시_혜택강조형_KR2_.피드_주변인.옆자리동료.확장__김소희_260727_제과_박서연,1,0,7.0,0
2026-08-22,(ASC) [제과_블트하] 26.07_블트칩출시_ASC_전환_image,(ASC)[제과_블트하] 26.07_블트칩출시_ASC_전환_image,[26.07]F_I_BT깡_전환_블트칩출시_혜택강조형_KR2_.피드_집들이때가져가면맛잘알인정.확장__김소희_260728_제과_박서연,328,7,2635.0,1
2026-08-22,(ASC) [제과_블트하] 26.07_블트깡출시_ASC_전환_image,(ASC)[제과_블트하] 26.07_블트깡출시_ASC_전환_image,[26.07]F_I_BT칩_전환_블트칩출시_혜택강조형_KR2_.배너_야구장옆자리가.__최나영_260730_제과_김수정,14,0,49.0,0
2026-08-22,(마스터ASC)[제과_블트하] 26.08_블트깡출시_ASC_전환_image,(마스터ASC)[제과_블트하] 26.08_블트하출시_ASC_전환_image,[26.08]F_I_BT혼_전환_블트칩출시_혜택강조형_KR1_.피드_마진포기.트러플하몽향제대로.__김소희_260806_제과_김수정,16,0,334.0,0
2026-08-22,(마스터ASC)[제과_블트하] 26.08_블트깡출시_ASC_전환_image,(마스터ASC)[제과_블트하] 26.08_블트하출시_ASC_전환_image,[26.08]F_I_BT깡_전환_블트칩출시_유명인권위형_이국주.KR1_.릴스_원재료강조.유행강조.__김소희_260814_제과_김수정,2,0,8.0,0
2026-08-22,[제과_블트하] 26.07_블트깡출시_수동_전환_video_전체타겟,0820_공구네고형_블트칩출시 (KR2),[26.08]F_V_BT칩_전환_블트칩출시_네고형_공구네고형.이국주.KR2_var4.릴스_고급안주.X_1P_최나영_260820_제과_피재은,36,0,831.0,0
2026-08-22,[칩] (마스터ASC)[제과_블트하] 26.07_블트칩출시_ASC_전환_video,[칩] (마스터ASC)[제과_블트하] 26.07_블트칩출시_ASC_전환_video,[26.08]F_V_BT칩_전환_블트칩출시_네고형_공구네고형.이국주.KR2_main.릴스_메인.X_1P_최나영_260820_제과_피재은,11,0,426.0,0
2026-08-22,[제과_블트하] 26.07_블트깡출시_수동_전환_image_전체타겟,0821_유행긴급성_블트칩출시 (KR1/2),[26.08]F_I_BT깡_전환_블트칩출시_혜택강조형_이국주.KR1_.배너_유행실체.2주째편의점품절대란.__김소희_260821_제과_김수정,88,1,2259.0,0
2026-08-23,(ASC) [제과_블트하] 26.07_블트칩출시_ASC_전환_image,(ASC)[제과_블트하] 26.07_블트칩출시_ASC_전환_image,[26.07]F_I_BT깡_전환_블트칩출시_혜택강조형_KR2_.피드_집들이때가져가면맛잘알인정.확장__김소희_260728_제과_박서연,254,6,2895.0,0
2026-08-23,(마스터ASC)[제과_블트하] 26.08_블트깡출시_ASC_전환_image,(마스터ASC)[제과_블트하] 26.08_블트하출시_ASC_전환_image,[26.08]F_I_BT혼_전환_블트칩출시_혜택강조형_KR1_.피드_마진포기.트러플하몽향제대로.__김소희_260806_제과_김수정,2,0,15.0,0
2026-08-23,(마스터ASC)[제과_블트하] 26.08_블트깡출시_ASC_전환_image,(마스터ASC)[제과_블트하] 26.08_블트하출시_ASC_전환_image,[26.08]F_I_BT깡_전환_블트칩출시_유명인권위형_이국주.KR1_.릴스_원재료강조.유행강조.__김소희_260814_제과_김수정,30,0,459.0,0
2026-08-23,(마스터ASC)[제과_블트하] 26.08_블트깡출시_ASC_전환_image,(마스터ASC)[제과_블트하] 26.08_블트하출시_ASC_전환_image,[26.08]F_I_BT깡_전환_블트칩출시_유명인권위형_이국주.KR1_.릴스_제2의두쫀쿠.유행강조.__김소희_260814_제과_김수정,22,1,401.0,0
2026-08-23,(마스터ASC)[제과_블트하] 26.08_블트깡출시_ASC_전환_image,(마스터ASC)[제과_블트하] 26.08_블트하출시_ASC_전환_image,[26.08]F_I_BT깡_전환_블트칩출시_유명인권위형_이국주.KR1_.릴스_알고리즘지배한.유행강조.__김소희_260814_제과_김수정,1,0,5.0,0
2026-08-23,[제과_블트하] 26.07_블트깡출시_수동_전환_image_전체타겟,0813_이국주(~0912)_블트칩출시 (KR2),[26.08]F_I_BT깡_전환_블트칩출시_유명인권위형_이국주.KR2_.릴스_없어서못사먹는다는.유행강조.__김소희_260814_제과_김수정,4,0,122.0,0
2026-08-23,[칩] (마스터ASC)[제과_블트하] 26.07_블트칩출시_ASC_전환_video,[칩] (마스터ASC)[제과_블트하] 26.07_블트칩출시_ASC_전환_video,[26.08]F_V_BT칩_전환_블트칩출시_네고형_현장네고형.이국주.KR1_main.릴스_이국주.슬기.X_1P_최나영_260814_제과_피재은,5,0,36.0,0
2026-08-23,[제과_블트하] 26.07_블트깡출시_수동_전환_video_전체타겟,0820_공구네고형_블트칩출시 (KR2),[26.08]F_V_BT칩_전환_블트칩출시_네고형_공구네고형.이국주.KR2_var4.릴스_고급안주.X_1P_최나영_260820_제과_피재은,1,0,89.0,0
2026-08-23,[제과_블트하] 26.07_블트깡출시_수동_전환_image_전체타겟,0821_유행긴급성_블트칩출시 (KR1/2),[26.08]F_I_BT깡_전환_블트칩출시_혜택강조형_이국주.KR1_.배너_유행실체.2주째편의점품절대란.__김소희_260821_제과_김수정,104,0,2800.0,0
2026-08-21,(ASC) [제과_블트하] 26.07_블트깡출시_ASC_전환_image,(ASC)[제과_블트하] 26.07_블트깡출시_ASC_전환_image,[26.07]F_I_BT칩_전환_블트칩출시_혜택강조형_KR2_.배너_급구개당1천원대.__김소희_260731_제과_김수정,19,0,442.0,0
2026-08-21,(마스터ASC)[제과_블트하] 26.08_블트깡출시_ASC_전환_image,(마스터ASC)[제과_블트하] 26.08_블트하출시_ASC_전환_image,[26.08]F_I_BT깡_전환_블트칩출시_유명인권위형_이국주.KR1_.릴스_호불호없는.유명인보이스.__김소희_260813_제과_김수정,197,2,6428.0,0
2026-08-21,(마스터ASC)[제과_블트하] 26.08_블트깡출시_ASC_전환_image,(마스터ASC)[제과_블트하] 26.08_블트하출시_ASC_전환_image,[26.08]F_I_BT깡_전환_블트칩출시_유명인권위형_이국주.KR1_.릴스_원재료강조.유명인보이스.__김소희_260813_제과_김수정,175,2,4827.0,0
2026-08-21,[제과_블트하] 26.07_블트깡출시_수동_전환_image_전체타겟,0820_이국주(~0912)_블트칩출시 (KR1),[26.08]F_I_BT깡_전환_블트칩출시_유명인권위형_이국주.KR1_.릴스_품절대란이라.유행강조.__김소희_260814_제과_김수정,1,0,39.0,0
2026-08-21,(마스터ASC)[제과_블트하] 26.08_블트깡출시_ASC_전환_image,(마스터ASC)[제과_블트하] 26.08_블트하출시_ASC_전환_image,[26.08]F_I_BT깡_전환_블트칩출시_혜택강조형_GFA베리_.배너_육퇴후야식으로일주일만에.__최나영_260818_제과_박서연,1,0,1.0,0
2026-08-21,[제과_블트하] 26.07_블트깡출시_수동_전환_video_전체타겟,0820_검증포맷이식_블트깡출시 (KR1),[26.08]F_V_BT깡_전환_블트깡출시_쩜오건_시즈닝강조.이국주.KR1_main.릴스_블트깡.메인.슬기.X_1P__260820_제과_문형민,297,4,6034.0,1
2026-08-21,[제과_블트하] 26.07_블트깡출시_수동_전환_video_전체타겟,0820_검증포맷이식_블트깡출시 (KR1),[26.08]F_V_BT칩_전환_블트칩출시_쩜오건_시즈닝강조.이국주.KR1_var5.릴스_블트칩.메인.슬기.X_1P__260820_제과_문형민,227,0,3356.0,0
2026-08-21,[제과_블트하] 26.07_블트깡출시_수동_전환_video_전체타겟,0820_공구네고형_블트칩출시 (KR2),[26.08]F_V_BT칩_전환_블트칩출시_네고형_공구네고형.이국주.KR2_main.릴스_메인.X_1P_최나영_260820_제과_피재은,447,6,10420.0,1
2026-08-21,[제과_블트하] 26.07_블트깡출시_수동_전환_image_전체타겟,0821_유행긴급성_블트칩출시 (KR1/2),[26.08]F_I_BT칩_전환_블트칩출시_혜택강조형_KR2_.릴스_긴급성심리자극.잦은품절.__김소희_260821_제과_김수정,2,1,76.0,0
2026-08-22,(ASC) [제과_블트하] 26.07_블트칩출시_ASC_전환_image,(ASC)[제과_블트하] 26.07_블트칩출시_ASC_전환_image,[26.07]F_I_BT혼_전환_블트칩출시_혜택강조형_KR2_.릴스_모션.쌀때쟁이세요.__김소희_260729_제과_박서연,1,0,6.0,0
2026-08-22,[제과_블트하] 26.07_블트깡출시_수동_전환_video_전체타겟,0811_라이브커머스형_블트깡출시 (KR1),[26.08]F_V_BT깡_전환_블트깡출시_라이브커머스형_라이브커머스형.KR1_var7.릴스_전체.스페인산.슬기.X_1P_김소희_260812_제과_피재은,3,0,32.0,0
2026-08-22,(마스터ASC)[제과_블트하] 26.08_블트깡출시_ASC_전환_image,(마스터ASC)[제과_블트하] 26.08_블트하출시_ASC_전환_image,[26.08]F_I_BT깡_전환_블트칩출시_유명인권위형_이국주.KR1_.릴스_호불호없는.유명인보이스.__김소희_260813_제과_김수정,372,9,18806.0,1
2026-08-22,(마스터ASC)[제과_블트하] 26.08_블트깡출시_ASC_전환_image,(마스터ASC)[제과_블트하] 26.08_블트하출시_ASC_전환_image,[26.08]F_I_BT깡_전환_블트칩출시_유명인권위형_이국주.KR1_.릴스_원재료강조.유명인보이스.__김소희_260813_제과_김수정,310,3,10223.0,1
2026-08-22,[제과_블트하] 26.07_블트깡출시_수동_전환_video_전체타겟,0820_검증포맷이식_블트깡출시 (KR1),[26.08]F_V_BT깡_전환_블트깡출시_쩜오건_시즈닝강조.이국주.KR1_main.릴스_블트깡.메인.슬기.X_1P__260820_제과_문형민,271,4,4954.0,1
2026-08-22,[제과_블트하] 26.07_블트깡출시_수동_전환_video_전체타겟,0820_검증포맷이식_블트깡출시 (KR1),[26.08]F_V_BT칩_전환_블트칩출시_쩜오건_시즈닝강조.이국주.KR1_var5.릴스_블트칩.메인.슬기.X_1P__260820_제과_문형민,67,1,1184.0,0
2026-08-22,[제과_블트하] 26.07_블트깡출시_수동_전환_video_전체타겟,0820_공구네고형_블트칩출시 (KR2),[26.08]F_V_BT칩_전환_블트칩출시_네고형_공구네고형.이국주.KR2_main.릴스_메인.X_1P_최나영_260820_제과_피재은,183,1,4920.0,2
2026-08-22,[제과_블트하] 26.07_블트깡출시_수동_전환_image_전체타겟,0821_유행긴급성_블트칩출시 (KR1/2),[26.08]F_I_BT칩_전환_블트칩출시_혜택강조형_KR2_.릴스_긴급성심리자극.잦은품절.__김소희_260821_제과_김수정,419,7,13492.0,0
2026-08-23,(마스터ASC)[제과_블트하] 26.08_블트깡출시_ASC_전환_image,(마스터ASC)[제과_블트하] 26.08_블트하출시_ASC_전환_image,[26.08]F_I_BT깡_전환_블트칩출시_유명인권위형_이국주.KR1_.릴스_원재료강조.유명인보이스.__김소희_260813_제과_김수정,372,3,13520.0,0
2026-08-23,[제과_블트하] 26.07_블트깡출시_수동_전환_video_전체타겟,0820_검증포맷이식_블트깡출시 (KR1),[26.08]F_V_BT깡_전환_블트깡출시_쩜오건_시즈닝강조.이국주.KR1_main.릴스_블트깡.메인.슬기.X_1P__260820_제과_문형민,1162,17,25579.0,3
2026-08-23,[제과_블트하] 26.07_블트깡출시_수동_전환_video_전체타겟,0820_검증포맷이식_블트깡출시 (KR1),[26.08]F_V_BT칩_전환_블트칩출시_쩜오건_시즈닝강조.이국주.KR1_var5.릴스_블트칩.메인.슬기.X_1P__260820_제과_문형민,792,16,15198.0,0
2026-08-23,[제과_블트하] 26.07_블트깡출시_수동_전환_video_전체타겟,0820_공구네고형_블트칩출시 (KR2),[26.08]F_V_BT칩_전환_블트칩출시_네고형_공구네고형.이국주.KR2_main.릴스_메인.X_1P_최나영_260820_제과_피재은,46,2,1503.0,0
2026-08-21,(ASC) [제과_블트하] 26.07_블트칩출시_ASC_전환_image,(ASC)[제과_블트하] 26.07_블트칩출시_ASC_전환_image,[26.07]F_I_BT칩_전환_블트칩출시_혜택강조형_KR2_.릴스_모션.옆짐맘들맛잘알.__김소희_260729_제과_박서연,171,2,4660.0,0
2026-08-21,(ASC) [제과_블트하] 26.07_블트칩출시_ASC_전환_image,(ASC)[제과_블트하] 26.07_블트칩출시_ASC_전환_image,[26.07]F_I_BT칩_전환_블트칩출시_혜택강조형_KR2_.릴스_안다르bp.냄새맡고옆자리동료.__김소희_260729_제과_박서연,39,0,658.0,0
2026-08-21,(마스터ASC)[제과_블트하] 26.08_블트깡출시_ASC_전환_image,(마스터ASC)[제과_블트하] 26.08_블트하출시_ASC_전환_image,[26.08]F_I_BT칩_전환_블트칩출시_혜택강조형_KR1_.피드_리뷰형.학부모밴드.__김소희_260806_제과_박서연,8,0,50.0,0
2026-08-21,[제과_블트하] 26.07_블트깡출시_수동_전환_image_전체타겟,0819_유행실체이국주_블트칩출시  (KR1/2),[26.08]F_I_BT칩_전환_블트칩출시_혜택강조형_이국주.KR1_.배너_권위보이스.뉴스.__김소희_260819_제과_김수정,132,2,3002.0,0
2026-08-21,[제과_블트하] 26.07_블트깡출시_수동_전환_image_전체타겟,0820_이국주(~0912)_블트칩출시 (KR1),[26.08]F_I_BT칩_전환_블트칩출시_혜택강조형_이국주.KR1_.배너_비싼원재료강조.이태리산트러플썼다던데.__김소희_260820_제과_김수정,917,19,15890.0,0
2026-08-22,(ASC) [제과_블트하] 26.07_블트칩출시_ASC_전환_image,(ASC)[제과_블트하] 26.07_블트칩출시_ASC_전환_image,[26.07]F_I_BT칩_전환_블트칩출시_혜택강조형_KR2_.릴스_모션.옆짐맘들맛잘알.__김소희_260729_제과_박서연,1673,32,45960.0,4
2026-08-22,(ASC) [제과_블트하] 26.07_블트칩출시_ASC_전환_image,(ASC)[제과_블트하] 26.07_블트칩출시_ASC_전환_image,[26.07]F_I_BT혼_전환_블트칩출시_혜택강조형_KR1_.배너_공지문.카테고리1등실체.남편안주추천템.__김소희_260803_제과_김수정,984,26,32683.0,2
2026-08-22,(마스터ASC)[제과_블트하] 26.08_블트깡출시_ASC_전환_image,(마스터ASC)[제과_블트하] 26.08_블트하출시_ASC_전환_image,[26.08]F_I_BT칩_전환_블트칩출시_혜택강조형_KR1_.피드_리뷰형.학부모밴드.__김소희_260806_제과_박서연,21,0,172.0,0
2026-08-22,[제과_블트하] 26.07_블트깡출시_수동_전환_image_전체타겟,0819_유행실체이국주_블트칩출시  (KR1/2),[26.08]F_I_BT칩_전환_블트칩출시_혜택강조형_이국주.KR1_.배너_권위보이스.뉴스.__김소희_260819_제과_김수정,450,9,12385.0,0
2026-08-22,[칩] (마스터ASC)[제과_블트하] 26.07_블트칩출시_ASC_전환_video,[칩] (마스터ASC)[제과_블트하] 26.07_블트칩출시_ASC_전환_video,[26.08]F_V_BT칩_전환_블트칩출시_혜택희소성_물류대세감.이국주.KR1_var2.릴스_죄송.시즈닝강조.슬기.X_1P__260821_제과_문형민,167,2,3786.0,0
2026-08-23,(ASC) [제과_블트하] 26.07_블트칩출시_ASC_전환_image,(ASC)[제과_블트하] 26.07_블트칩출시_ASC_전환_image,[26.07]F_I_BT칩_전환_블트칩출시_혜택강조형_KR2_.릴스_모션.옆짐맘들맛잘알.__김소희_260729_제과_박서연,1137,18,24559.0,3
2026-08-23,(ASC) [제과_블트하] 26.07_블트칩출시_ASC_전환_image,(ASC)[제과_블트하] 26.07_블트칩출시_ASC_전환_image,[26.07]F_I_BT혼_전환_블트칩출시_혜택강조형_KR1_.배너_공지문.카테고리1등실체.남편안주추천템.__김소희_260803_제과_김수정,636,20,21031.0,0
2026-08-23,(마스터ASC)[제과_블트하] 26.08_블트깡출시_ASC_전환_image,(마스터ASC)[제과_블트하] 26.08_블트하출시_ASC_전환_image,[26.08]F_I_BT칩_전환_블트칩출시_혜택강조형_KR1_.피드_리뷰형.학부모밴드.__김소희_260806_제과_박서연,2,0,5.0,0
2026-08-23,[칩] (마스터ASC)[제과_블트하] 26.07_블트칩출시_ASC_전환_video,[칩] (마스터ASC)[제과_블트하] 26.07_블트칩출시_ASC_전환_video,[26.08]F_V_BT칩_전환_블트칩출시_혜택희소성_물류대세감.이국주.KR1_var2.릴스_죄송.시즈닝강조.슬기.X_1P__260821_제과_문형민,220,7,4719.0,0
2026-08-21,(ASC) [제과_블트하] 26.07_블트칩출시_ASC_전환_image,(ASC)[제과_블트하] 26.07_블트칩출시_ASC_전환_image,[26.07]F_I_BT칩_전환_블트칩출시_혜택강조형_KR1_.피드_과자안먹는남편내돈내산.__김소희_260728_제과_김수정,179,3,2572.0,0
2026-08-21,(ASC) [제과_블트하] 26.07_블트칩출시_ASC_전환_image,(ASC)[제과_블트하] 26.07_블트칩출시_ASC_전환_image,[26.07]F_I_BT칩_전환_블트칩출시_혜택강조형_KR2_.피드_옆자리회사동료가뺏어감..확장__김소희_260728_제과_박서연,104,1,1603.0,0
2026-08-21,(ASC) [제과_블트하] 26.07_블트깡출시_ASC_전환_image,(ASC)[제과_블트하] 26.07_블트깡출시_ASC_전환_image,[26.07]F_I_BT혼_전환_블트칩출시_혜택강조형_KR1_.배너_공지문.이가격다신없습니다.__김소희_260731_제과_김수정,21,2,735.0,0
2026-08-21,(마스터ASC)[제과_블트하] 26.08_블트깡출시_ASC_전환_image,(마스터ASC)[제과_블트하] 26.08_블트하출시_ASC_전환_image,[26.08]F_I_BT혼_전환_블트칩출시_혜택강조형_KR1_.피드_마진포기합니다.하몽풍미감칠맛.__김소희_260806_제과_김수정,2,0,29.0,0
2026-08-21,[제과_블트하] 26.07_블트깡출시_수동_전환_image_전체타겟,0818_GFA유효배너_블트칩출시,[26.08]F_I_BT칩_전환_블트칩출시_혜택강조형_GFA베리_.배너_일주일만에다먹어서.__최나영_260818_제과_박서연,1401,26,42538.0,3
2026-08-22,(ASC) [제과_블트하] 26.07_블트칩출시_ASC_전환_image,(ASC)[제과_블트하] 26.07_블트칩출시_ASC_전환_image,[26.07]F_I_BT칩_전환_블트칩출시_혜택강조형_KR1_.피드_과자안먹는남편내돈내산.__김소희_260728_제과_김수정,88,0,910.0,0
2026-08-22,(ASC) [제과_블트하] 26.07_블트칩출시_ASC_전환_image,(ASC)[제과_블트하] 26.07_블트칩출시_ASC_전환_image,[26.07]F_I_BT칩_전환_블트칩출시_혜택강조형_KR2_.피드_옆자리회사동료가뺏어감..확장__김소희_260728_제과_박서연,80,0,835.0,0
2026-08-22,(마스터ASC)[제과_블트하] 26.08_블트깡출시_ASC_전환_image,(마스터ASC)[제과_블트하] 26.08_블트하출시_ASC_전환_image,[26.08]F_I_BT혼_전환_블트칩출시_혜택강조형_KR1_.피드_마진포기합니다.하몽풍미감칠맛.__김소희_260806_제과_김수정,33,0,898.0,0
2026-08-22,(마스터ASC)[제과_블트하] 26.07_블트깡출시_ASC_전환_video,(마스터ASC)[제과_블트하] 26.07_블트깡출시_ASC_전환_video,[26.08]F_V_BT깡_전환_블트깡출시_라이브커머스형_라이브커머스형.KR1_var7.릴스_전체.스페인산.슬기.X_1P_김소희_260812_제과_피재은,2,0,27.0,0
2026-08-22,(마스터ASC)[제과_블트하] 26.07_블트깡출시_ASC_전환_video,(마스터ASC)[제과_블트하] 26.07_블트깡출시_ASC_전환_video,[26.08]F_V_BT칩_전환_블트깡출시_신규BP_브랜든배너형BP_var4.릴스_손님간식1티어.할인추가.X_2P_최재원_260814_제과_최재원,1,0,8.0,0
2026-08-22,[제과_블트하] 26.07_블트깡출시_수동_전환_image_전체타겟,0818_GFA유효배너_블트칩출시,[26.08]F_I_BT칩_전환_블트칩출시_혜택강조형_GFA베리_.배너_일주일만에다먹어서.__최나영_260818_제과_박서연,465,6,15940.0,0
2026-08-23,(ASC) [제과_블트하] 26.07_블트칩출시_ASC_전환_image,(ASC)[제과_블트하] 26.07_블트칩출시_ASC_전환_image,[26.07]F_I_BT칩_전환_블트칩출시_혜택강조형_KR1_.피드_과자안먹는남편내돈내산.__김소희_260728_제과_김수정,2,0,15.0,0
2026-08-23,(ASC) [제과_블트하] 26.07_블트칩출시_ASC_전환_image,(ASC)[제과_블트하] 26.07_블트칩출시_ASC_전환_image,[26.07]F_I_BT칩_전환_블트칩출시_혜택강조형_KR2_.피드_옆자리회사동료가뺏어감..확장__김소희_260728_제과_박서연,37,0,412.0,0
2026-08-23,(ASC) [제과_블트하] 26.07_블트깡출시_ASC_전환_image,(ASC)[제과_블트하] 26.07_블트깡출시_ASC_전환_image,[26.07]F_I_BT혼_전환_블트칩출시_혜택강조형_KR1_.배너_공지문.이가격다신없습니다.__김소희_260731_제과_김수정,26,1,1009.0,0
2026-08-23,(마스터ASC)[제과_블트하] 26.08_블트깡출시_ASC_전환_image,(마스터ASC)[제과_블트하] 26.08_블트하출시_ASC_전환_image,[26.08]F_I_BT혼_전환_블트칩출시_혜택강조형_KR1_.피드_마진포기합니다.하몽풍미감칠맛.__김소희_260806_제과_김수정,11,0,101.0,0
2026-08-23,(마스터ASC)[제과_블트하] 26.08_블트깡출시_ASC_전환_image,(마스터ASC)[제과_블트하] 26.08_블트하출시_ASC_전환_image,[26.08]F_I_BT깡_전환_블트칩출시_유명인권위형_이국주.KR2_.릴스_옆자리에서.유행강조.__김소희_260814_제과_김수정,9,0,109.0,0
2026-08-23,(마스터ASC)[제과_블트하] 26.08_블트깡출시_ASC_전환_image,(마스터ASC)[제과_블트하] 26.08_블트하출시_ASC_전환_image,[26.08]F_I_BT칩_전환_블트칩출시_혜택강조형_GFA베리_.배너_퇴근후앉은자리3봉순삭.__최나영_260818_제과_박서연,1,0,20.0,0
2026-08-21,(ASC) [제과_블트하] 26.07_블트칩출시_ASC_전환_image,(ASC)[제과_블트하] 26.07_블트칩출시_ASC_전환_image,[26.07]F_I_BT칩_전환_블트칩출시_바이럴형_KR1_.피드_남편인정.캠핑.확장__김소희_260727_제과_김수정,22,0,441.0,0
2026-08-21,(마스터ASC)[제과_블트하] 26.08_블트깡출시_ASC_전환_image,(마스터ASC)[제과_블트하] 26.08_블트하출시_ASC_전환_image,[26.08]F_I_BT칩_전환_블트칩출시_혜택강조형_KR1_.릴스_안다르미닉스bp.매일안주해주기귀찮았는데.__김소희_260806_제과_박지현,358,6,8050.0,3
2026-08-21,(마스터ASC)[제과_블트하] 26.07_블트깡출시_ASC_전환_video,(마스터ASC)[제과_블트하] 26.07_블트깡출시_ASC_전환_video,[26.08]F_V_BT칩_전환_블트칩출시_신규BP_아린이네BP.KR1_var3.릴스_공구형.페인포인트.맛.X_2P_최나영_260811_제과_윤성미,7,0,173.0,0
2026-08-21,(마스터ASC)[제과_블트하] 26.07_블트깡출시_ASC_전환_video,(마스터ASC)[제과_블트하] 26.07_블트깡출시_ASC_전환_video,[26.08]F_V_BT칩_전환_블트칩출시_신규BP_아린이네BP.KR1_main.릴스_공구형.메인.X_2P_최나영_260811_제과_윤성미,7,0,86.0,0
2026-08-21,(마스터ASC)[제과_블트하] 26.08_블트깡출시_ASC_전환_image,(마스터ASC)[제과_블트하] 26.08_블트하출시_ASC_전환_image,[26.08]F_I_BT깡_전환_블트칩출시_유명인권위형_이국주.KR1_.릴스_호불호없는.__김소희_260813_제과_김수정,1,0,76.0,0
2026-08-21,[제과_블트하] 26.07_블트깡출시_수동_전환_image_전체타겟,0820_이국주(~0912)_블트칩출시 (KR1),[26.08]F_I_BT깡_전환_블트칩출시_유명인권위형_이국주.KR1_.릴스_호불호없는.유행강조.__김소희_260814_제과_김수정,379,7,15954.0,0
2026-08-21,[제과_블트하] 26.07_블트깡출시_수동_전환_video_전체타겟,0818_유인맨즈BP_블트깡출시 (이국주) (KR1),[26.08]F_V_BT깡_전환_블트깡출시_혜택희소성_유인맨즈BP.이국주.KR1_var5.릴스_버전2.슬기.X_1P_최나영_260819_제과_피재은,1507,18,20012.0,1
2026-08-21,[제과_블트하] 26.07_블트깡출시_수동_전환_image_전체타겟,0819_유행실체이국주_블트칩출시  (KR1/2),[26.08]F_I_BT칩_전환_블트칩출시_혜택강조형_이국주.KR2_.배너_구체적수치.10일만에5만개.__김소희_260819_제과_김수정,128,3,4217.0,0
2026-08-21,[칩] (마스터ASC)[제과_블트하] 26.07_블트칩출시_ASC_전환_video,[칩] (마스터ASC)[제과_블트하] 26.07_블트칩출시_ASC_전환_video,[26.08]F_V_BT칩_전환_블트칩출시_네고형_공구네고형.이국주.KR2_var2.릴스_BP.X_1P_최나영_260820_제과_피재은,979,20,17711.0,2
2026-08-21,[제과_블트하] 26.07_블트깡출시_수동_전환_video_전체타겟,0814_고효율재편집_블트깡출시,[26.08]F_V_BT칩_전환_블트칩출시_단순소구형_술안주유행강조.KR2_main.릴스_메인편.X_2P_김소희_260821_제과_최재원,678,15,11317.0,0
2026-08-21,[제과_블트하] 26.07_블트깡출시_수동_전환_image_전체타겟,0821_유행긴급성_블트칩출시 (KR1/2),[26.08]F_I_BT깡_전환_블트칩출시_혜택강조형_이국주.KR1_.배너_유행실체.역대급오픈런템.__김소희_260821_제과_김수정,4,0,53.0,0
2026-08-22,(ASC) [제과_블트하] 26.07_블트칩출시_ASC_전환_image,(ASC)[제과_블트하] 26.07_블트칩출시_ASC_전환_image,[26.07]F_I_BT칩_전환_블트칩출시_혜택강조형_KR2_.피드_주변인.친척모임.확장__김소희_260727_제과_박서연,1,0,5.0,0
2026-08-22,(ASC) [제과_블트하] 26.07_블트칩출시_ASC_전환_image,(ASC)[제과_블트하] 26.07_블트칩출시_ASC_전환_image,[26.07]F_I_BT칩_전환_블트칩출시_바이럴형_KR1_.피드_남편인정.캠핑.확장__김소희_260727_제과_김수정,8,0,194.0,0
2026-08-22,(마스터ASC)[제과_블트하] 26.08_블트깡출시_ASC_전환_image,(마스터ASC)[제과_블트하] 26.08_블트하출시_ASC_전환_image,[26.08]F_I_BT칩_전환_블트칩출시_혜택강조형_KR1_.릴스_안다르미닉스bp.매일안주해주기귀찮았는데.__김소희_260806_제과_박지현,764,12,20909.0,0
2026-08-22,(마스터ASC)[제과_블트하] 26.07_블트깡출시_ASC_전환_video,(마스터ASC)[제과_블트하] 26.07_블트깡출시_ASC_전환_video,[26.08]F_V_BT깡_전환_블트깡출시_라이브커머스형_라이브커머스형.KR1_var6.릴스_전체.상황극.슬기.X_1P_김소희_260812_제과_피재은,2,0,82.0,0
2026-08-22,(마스터ASC)[제과_블트하] 26.08_블트깡출시_ASC_전환_image,(마스터ASC)[제과_블트하] 26.08_블트하출시_ASC_전환_image,[26.08]F_I_BT깡_전환_블트칩출시_유명인권위형_이국주.KR1_.릴스_호불호없는.__김소희_260813_제과_김수정,6,0,71.0,0
2026-08-22,[제과_블트하] 26.07_블트깡출시_수동_전환_video_전체타겟,0818_유인맨즈BP_블트깡출시 (이국주) (KR1),[26.08]F_V_BT깡_전환_블트깡출시_혜택희소성_유인맨즈BP.이국주.KR1_var5.릴스_버전2.슬기.X_1P_최나영_260819_제과_피재은,16614,263,172452.0,12
2026-08-22,[제과_블트하] 26.07_블트깡출시_수동_전환_image_전체타겟,0819_유행실체이국주_블트칩출시  (KR1/2),[26.08]F_I_BT칩_전환_블트칩출시_혜택강조형_이국주.KR2_.배너_구체적수치.10일만에5만개.__김소희_260819_제과_김수정,298,2,8910.0,0
2026-08-22,[칩] (마스터ASC)[제과_블트하] 26.07_블트칩출시_ASC_전환_video,[칩] (마스터ASC)[제과_블트하] 26.07_블트칩출시_ASC_전환_video,[26.08]F_V_BT칩_전환_블트칩출시_네고형_공구네고형.이국주.KR2_var2.릴스_BP.X_1P_최나영_260820_제과_피재은,3154,41,54103.0,3
2026-08-22,[제과_블트하] 26.07_블트깡출시_수동_전환_video_전체타겟,0814_고효율재편집_블트깡출시,[26.08]F_V_BT칩_전환_블트칩출시_단순소구형_술안주유행강조.KR2_main.릴스_메인편.X_2P_김소희_260821_제과_최재원,559,8,15143.0,0
2026-08-22,[제과_블트하] 26.07_블트깡출시_수동_전환_image_전체타겟,0821_유행긴급성_블트칩출시 (KR1/2),[26.08]F_I_BT깡_전환_블트칩출시_혜택강조형_이국주.KR1_.배너_유행실체.역대급오픈런템.__김소희_260821_제과_김수정,788,12,13946.0,0
2026-08-23,(ASC) [제과_블트하] 26.07_블트칩출시_ASC_전환_image,(ASC)[제과_블트하] 26.07_블트칩출시_ASC_전환_image,[26.07]F_I_BT칩_전환_블트칩출시_혜택강조형_KR2_.피드_주변인.친척모임.확장__김소희_260727_제과_박서연,17,0,389.0,0
2026-08-23,(ASC) [제과_블트하] 26.07_블트칩출시_ASC_전환_image,(ASC)[제과_블트하] 26.07_블트칩출시_ASC_전환_image,[26.07]F_I_BT칩_전환_블트칩출시_바이럴형_KR1_.피드_남편인정.캠핑.확장__김소희_260727_제과_김수정,8,0,207.0,0
2026-08-23,(마스터ASC)[제과_블트하] 26.07_블트깡출시_ASC_전환_video,(마스터ASC)[제과_블트하] 26.07_블트깡출시_ASC_전환_video,[26.08]F_V_BT칩_전환_블트칩출시_신규BP_아린이네BP.KR1_var3.릴스_공구형.페인포인트.맛.X_2P_최나영_260811_제과_윤성미,8,0,268.0,0
2026-08-23,(마스터ASC)[제과_블트하] 26.07_블트깡출시_ASC_전환_video,(마스터ASC)[제과_블트하] 26.07_블트깡출시_ASC_전환_video,[26.08]F_V_BT칩_전환_블트칩출시_신규BP_아린이네BP.KR1_main.릴스_공구형.메인.X_2P_최나영_260811_제과_윤성미,9,0,178.0,0
2026-08-23,(마스터ASC)[제과_블트하] 26.08_블트깡출시_ASC_전환_image,(마스터ASC)[제과_블트하] 26.08_블트하출시_ASC_전환_image,[26.08]F_I_BT깡_전환_블트칩출시_유명인권위형_이국주.KR1_.릴스_호불호없는.__김소희_260813_제과_김수정,2,0,122.0,0
2026-08-23,[제과_블트하] 26.07_블트깡출시_수동_전환_image_전체타겟,0819_유행실체이국주_블트칩출시  (KR1/2),[26.08]F_I_BT칩_전환_블트칩출시_혜택강조형_이국주.KR2_.배너_구체적수치.10일만에5만개.__김소희_260819_제과_김수정,336,4,14238.0,0
2026-08-23,[칩] (마스터ASC)[제과_블트하] 26.07_블트칩출시_ASC_전환_video,[칩] (마스터ASC)[제과_블트하] 26.07_블트칩출시_ASC_전환_video,[26.08]F_V_BT칩_전환_블트칩출시_네고형_공구네고형.이국주.KR2_var2.릴스_BP.X_1P_최나영_260820_제과_피재은,1231,13,16177.0,0
2026-08-21,(ASC) [제과_블트하] 26.07_블트칩출시_ASC_전환_image,(ASC)[제과_블트하] 26.07_블트칩출시_ASC_전환_image,[26.07]F_I_BT칩_전환_블트칩출시_혜택강조형_KR2_.피드_주변인.깐깐한시어머니.확장__김소희_260727_제과_박서연,13,0,177.0,0
2026-08-21,(ASC) [제과_블트하] 26.07_블트칩출시_ASC_전환_image,(ASC)[제과_블트하] 26.07_블트칩출시_ASC_전환_image,[26.07]F_I_BT혼_전환_블트칩출시_혜택강조형_KR2_.릴스_모션.지금이젤싸요.__김소희_260729_제과_박서연,1,0,5.0,0
2026-08-21,(ASC) [제과_블트하] 26.07_블트깡출시_ASC_전환_image,(ASC)[제과_블트하] 26.07_블트깡출시_ASC_전환_image,[26.07]F_I_BT칩_전환_블트칩출시_혜택강조형_KR2_.배너_탕비실에두면.__최나영_260730_제과_김수정,12,0,590.0,0
2026-08-21,(마스터ASC)[제과_블트하] 26.07_블트깡출시_ASC_전환_video,(마스터ASC)[제과_블트하] 26.07_블트깡출시_ASC_전환_video,[26.08]F_V_BT깡_전환_블트깡출시_네고형_지인네고형.김그릇BP_main.릴스_공통.X_1P_김소희_260807_제과_강경연,1,0,264.0,0
2026-08-21,(마스터ASC)[제과_블트하] 26.08_블트깡출시_ASC_전환_image,(마스터ASC)[제과_블트하] 26.08_블트하출시_ASC_전환_image,[26.08]F_I_BT칩_전환_블트칩출시_혜택강조형_KR1_.릴스_시댁에트러플하몽칩가져갔더니.__김소희_260807_제과_박서연,10,0,139.0,0
2026-08-21,(마스터ASC)[제과_블트하] 26.08_블트깡출시_ASC_전환_image,(마스터ASC)[제과_블트하] 26.08_블트하출시_ASC_전환_image,[26.08]F_I_BT칩_전환_블트칩출시_혜택강조형_KR1_.릴스_맛도리만쏙쏙골라먹는.__김소희_260807_제과_박서연,4,0,25.0,0
2026-08-21,(마스터ASC)[제과_블트하] 26.07_블트깡출시_ASC_전환_video,(마스터ASC)[제과_블트하] 26.07_블트깡출시_ASC_전환_video,[26.08]F_V_BT칩_전환_블트칩출시_신규BP_아린이네BP.KR1_var5.릴스_공구형.주변인인정.X_2P_최나영_260811_제과_윤성미,4,0,44.0,0
2026-08-21,[제과_블트하] 26.07_블트깡출시_수동_전환_image_전체타겟,0818_GFA유효배너_블트칩출시,[26.08]F_I_BT깡_전환_블트칩출시_혜택강조형_GFA베리_.배너_지금사세요이젠팔고싶어도.__최나영_260818_제과_박서연,97,1,2499.0,0
2026-08-21,[제과_블트하] 26.07_블트깡출시_수동_전환_image_전체타겟,0819_유행실체이국주_블트칩출시  (KR1/2),[26.08]F_I_BT깡_전환_블트칩출시_혜택강조형_이국주.KR1_.배너_내부상황.대기열실체.__김소희_260819_제과_김수정,42,0,785.0,0
2026-08-21,(마스터ASC)[제과_블트하] 26.07_블트깡출시_ASC_전환_video,(마스터ASC)[제과_블트하] 26.07_블트깡출시_ASC_전환_video,[26.08]F_V_BT칩_전환_블트칩출시_쩜오건_시즈닝강조.이국주.KR1_var9.릴스_블트칩.확산맛조합.슬기.X_1P__260820_제과_문형민,35,0,503.0,0
2026-08-21,[제과_블트하] 26.07_블트깡출시_수동_전환_video_전체타겟,0821_직원네고형_블트칩출시 (이국주) (KR1),[26.08]F_V_BT칩_전환_블트칩출시_네고형_직원네고형.이국주.KR1_main.릴스_메인.시즈닝강조.슬기.X_1P__260821_제과_문형민,2006,43,32968.0,2
2026-08-21,(마스터ASC)[제과_블트하] 26.08_블트깡출시_ASC_전환_image,(마스터ASC)[제과_블트하] 26.08_블트하출시_ASC_전환_image,[26.08]F_I_BT칩_전환_블트칩출시_혜택강조형_KR1_.배너_긴급성심리자극.구매갯수제한예정.__김소희_260821_제과_김수정,5,0,190.0,0
2026-08-22,(ASC) [제과_블트하] 26.07_블트칩출시_ASC_전환_image,(ASC)[제과_블트하] 26.07_블트칩출시_ASC_전환_image,[26.07]F_I_BT칩_전환_블트칩출시_혜택강조형_KR2_.피드_주변인.깐깐한시어머니.확장__김소희_260727_제과_박서연,8,0,260.0,0
2026-08-22,(ASC) [제과_블트하] 26.07_블트칩출시_ASC_전환_image,(ASC)[제과_블트하] 26.07_블트칩출시_ASC_전환_image,[26.07]F_I_BT혼_전환_블트칩출시_혜택강조형_KR2_.릴스_모션.지금이젤싸요.__김소희_260729_제과_박서연,25,1,483.0,0
2026-08-22,(ASC) [제과_블트하] 26.07_블트깡출시_ASC_전환_image,(ASC)[제과_블트하] 26.07_블트깡출시_ASC_전환_image,[26.07]F_I_BT칩_전환_블트칩출시_혜택강조형_KR2_.배너_탕비실에두면.__최나영_260730_제과_김수정,4,1,30.0,0
2026-08-22,(마스터ASC)[제과_블트하] 26.08_블트깡출시_ASC_전환_image,(마스터ASC)[제과_블트하] 26.08_블트하출시_ASC_전환_image,[26.08]F_I_BT칩_전환_블트칩출시_혜택강조형_KR1_.릴스_시댁에트러플하몽칩가져갔더니.__김소희_260807_제과_박서연,283,4,8561.0,0
2026-08-22,(마스터ASC)[제과_블트하] 26.08_블트깡출시_ASC_전환_image,(마스터ASC)[제과_블트하] 26.08_블트하출시_ASC_전환_image,[26.08]F_I_BT칩_전환_블트칩출시_혜택강조형_KR1_.릴스_맛도리만쏙쏙골라먹는.__김소희_260807_제과_박서연,100,1,2182.0,1
2026-08-22,(마스터ASC)[제과_블트하] 26.08_블트깡출시_ASC_전환_image,(마스터ASC)[제과_블트하] 26.08_블트하출시_ASC_전환_image,[26.08]F_I_BT깡_전환_블트칩출시_유명인권위형_이국주.KR1_.릴스_혜택강조.호불호없는.__김소희_260813_제과_김수정,1,0,255.0,0
2026-08-22,[제과_블트하] 26.07_블트깡출시_수동_전환_image_전체타겟,0818_GFA유효배너_블트칩출시,[26.08]F_I_BT깡_전환_블트칩출시_혜택강조형_GFA베리_.배너_지금사세요이젠팔고싶어도.__최나영_260818_제과_박서연,147,1,6171.0,0
2026-08-22,[제과_블트하] 26.07_블트깡출시_수동_전환_image_전체타겟,0819_유행실체이국주_블트칩출시  (KR1/2),[26.08]F_I_BT깡_전환_블트칩출시_혜택강조형_이국주.KR1_.배너_내부상황.대기열실체.__김소희_260819_제과_김수정,14,2,719.0,0
2026-08-22,(마스터ASC)[제과_블트하] 26.07_블트깡출시_ASC_전환_video,(마스터ASC)[제과_블트하] 26.07_블트깡출시_ASC_전환_video,[26.08]F_V_BT칩_전환_블트칩출시_쩜오건_시즈닝강조.이국주.KR1_var9.릴스_블트칩.확산맛조합.슬기.X_1P__260820_제과_문형민,3,0,22.0,0
2026-08-22,[제과_블트하] 26.07_블트깡출시_수동_전환_video_전체타겟,0821_직원네고형_블트칩출시 (이국주) (KR1),[26.08]F_V_BT칩_전환_블트칩출시_네고형_직원네고형.이국주.KR1_main.릴스_메인.시즈닝강조.슬기.X_1P__260821_제과_문형민,8729,183,179691.0,11
2026-08-22,(마스터ASC)[제과_블트하] 26.08_블트깡출시_ASC_전환_image,(마스터ASC)[제과_블트하] 26.08_블트하출시_ASC_전환_image,[26.08]F_I_BT칩_전환_블트칩출시_혜택강조형_KR1_.배너_긴급성심리자극.구매갯수제한예정.__김소희_260821_제과_김수정,3,0,103.0,0
2026-08-23,(마스터ASC)[제과_블트하] 26.08_블트깡출시_ASC_전환_image,(마스터ASC)[제과_블트하] 26.08_블트하출시_ASC_전환_image,[26.08]F_I_BT칩_전환_블트칩출시_혜택강조형_KR1_.릴스_시댁에트러플하몽칩가져갔더니.__김소희_260807_제과_박서연,1055,21,26594.0,4
2026-08-23,(마스터ASC)[제과_블트하] 26.08_블트깡출시_ASC_전환_image,(마스터ASC)[제과_블트하] 26.08_블트하출시_ASC_전환_image,[26.08]F_I_BT칩_전환_블트칩출시_혜택강조형_KR1_.릴스_맛도리만쏙쏙골라먹는.__김소희_260807_제과_박서연,65,1,1331.0,0
2026-08-23,(마스터ASC)[제과_블트하] 26.08_블트깡출시_ASC_전환_image,(마스터ASC)[제과_블트하] 26.08_블트하출시_ASC_전환_image,[26.08]F_I_BT깡_전환_블트칩출시_유명인권위형_이국주.KR1_.릴스_혜택강조.호불호없는.__김소희_260813_제과_김수정,9,0,147.0,0
2026-08-23,[제과_블트하] 26.07_블트깡출시_수동_전환_image_전체타겟,0818_GFA유효배너_블트칩출시,[26.08]F_I_BT깡_전환_블트칩출시_혜택강조형_GFA베리_.배너_지금사세요이젠팔고싶어도.__최나영_260818_제과_박서연,286,4,9002.0,0
2026-08-23,[제과_블트하] 26.07_블트깡출시_수동_전환_image_전체타겟,0819_유행실체이국주_블트칩출시  (KR1/2),[26.08]F_I_BT깡_전환_블트칩출시_혜택강조형_이국주.KR1_.배너_내부상황.대기열실체.__김소희_260819_제과_김수정,8,0,66.0,0
2026-08-23,(마스터ASC)[제과_블트하] 26.08_블트깡출시_ASC_전환_image,(마스터ASC)[제과_블트하] 26.08_블트하출시_ASC_전환_image,[26.08]F_I_BT칩_전환_블트칩출시_혜택강조형_이국주.KR2_.배너_구체적수치.10일만에5만개.__김소희_260819_제과_김수정,1,0,58.0,0
2026-08-23,[제과_블트하] 26.07_블트깡출시_수동_전환_video_전체타겟,0821_직원네고형_블트칩출시 (이국주) (KR1),[26.08]F_V_BT칩_전환_블트칩출시_네고형_직원네고형.이국주.KR1_main.릴스_메인.시즈닝강조.슬기.X_1P__260821_제과_문형민,267,3,7198.0,1
2026-08-23,(마스터ASC)[제과_블트하] 26.08_블트깡출시_ASC_전환_image,(마스터ASC)[제과_블트하] 26.08_블트하출시_ASC_전환_image,[26.08]F_I_BT칩_전환_블트칩출시_혜택강조형_KR1_.배너_긴급성심리자극.구매갯수제한예정.__김소희_260821_제과_김수정,7,0,90.0,0
2026-08-21,(ASC) [제과_블트하] 26.07_블트깡출시_ASC_전환_image,(ASC)[제과_블트하] 26.07_블트깡출시_ASC_전환_image,[26.07]F_I_BT혼_전환_블트칩출시_혜택강조형_KR1_.배너_7일만할인해요.칩깡동시소구.확장__김소희_260723_제과_박서연,631,10,16067.0,1
2026-08-21,(ASC) [제과_블트하] 26.07_블트칩출시_ASC_전환_image,(ASC)[제과_블트하] 26.07_블트칩출시_ASC_전환_image,[26.07]F_I_BT혼_전환_블트칩출시_혜택강조형_KR2_.피드_주변인.친구.확장__김소희_260727_제과_박지현,5,0,56.0,0
2026-08-21,(ASC) [제과_블트하] 26.07_블트칩출시_ASC_전환_image,(ASC)[제과_블트하] 26.07_블트칩출시_ASC_전환_image,[26.07]F_I_BT칩_전환_블트칩출시_혜택강조형_KR1_.피드_입맛까다로운남편도.__김소희_260728_제과_김수정,2,0,16.0,0
2026-08-21,(ASC) [제과_블트하] 26.07_블트칩출시_ASC_전환_image,(ASC)[제과_블트하] 26.07_블트칩출시_ASC_전환_image,[26.07]F_I_BT혼_전환_블트칩출시_혜택강조형_KR2_.릴스_모션.트민맘등극템.__김소희_260729_제과_박서연,125,1,2761.0,0
2026-08-21,[제과_블트하] 26.07_블트깡출시_수동_전환_image_전체타겟,0820_이국주(~0912)_블트칩출시 (KR1),[26.08]F_I_BT깡_전환_블트칩출시_유명인권위형_이국주.KR1_.릴스_호불호없는.유명인보이스.__김소희_260813_제과_김수정,362,9,17653.0,0
2026-08-21,[제과_블트하] 26.07_블트깡출시_수동_전환_image_전체타겟,0813_이국주(~0912)_블트칩출시 (KR2),[26.08]F_I_BT깡_전환_블트칩출시_유명인권위형_이국주.KR2_.배너_희소성.편의점주.__김소희_260813_제과_김수정,1,0,107.0,0
2026-08-21,[제과_콘스프맛 팝콘] 26.05_콘스프맛팝콘출시_수동_전환_video,공구네고형(다이어터 입터짐.페인포인트)_0814,[26.08]F_V_PC혼_전환_상시_네고형_공구네고형_var1.릴스_맛후킹.페르소나강조.X_1P_권미정_260814_제과_강경연,3388,32,29638.0,1
2026-08-21,(마스터ASC)[제과_블트하] 26.07_블트깡출시_ASC_전환_video,(마스터ASC)[제과_블트하] 26.07_블트깡출시_ASC_전환_video,[26.08]F_V_BT칩_전환_블트칩출시_쩜오건_시즈닝강조.이국주.KR1_var8.릴스_블트칩.트러플.슬기.X_1P__260820_제과_문형민,25,0,561.0,0
2026-08-21,[제과_블트하] 26.07_블트깡출시_수동_전환_video_전체타겟,0820_공구네고형_블트칩출시 (KR2),[26.08]F_V_BT칩_전환_블트칩출시_네고형_공구네고형.이국주.KR2_var1.릴스_이국주.X_1P_최나영_260820_제과_피재은,124,0,3466.0,0
2026-08-21,[칩] (마스터ASC)[제과_블트하] 26.07_블트칩출시_ASC_전환_video,[칩] (마스터ASC)[제과_블트하] 26.07_블트칩출시_ASC_전환_video,[26.08]F_V_BT칩_전환_블트칩출시_네고형_공구네고형.이국주.KR2_var1.릴스_이국주.X_1P_최나영_260820_제과_피재은,18,0,189.0,0
2026-08-21,[제과_블트하] 26.07_블트깡출시_수동_전환_video_전체타겟,0821_직원네고형_블트칩출시 (이국주) (KR1),[26.08]F_V_BT칩_전환_블트칩출시_네고형_직원네고형.이국주.KR1_var2.릴스_ver2.시즈닝강조.슬기.X_1P__260821_제과_문형민,89,3,2249.0,0
2026-08-21,[제과_블트하] 26.07_블트깡출시_수동_전환_image_전체타겟,0821_유행긴급성_블트칩출시 (KR1/2),[26.08]F_I_BT칩_전환_블트칩출시_혜택강조형_KR2_.릴스_긴급성심리자극.원물넣겠다고공장까지.__김소희_260821_제과_김수정,2,0,69.0,0
2026-08-22,(ASC) [제과_블트하] 26.07_블트칩출시_ASC_전환_image,(ASC)[제과_블트하] 26.07_블트칩출시_ASC_전환_image,[26.07]F_I_BT혼_전환_블트칩출시_혜택강조형_KR2_.피드_주변인.친구.확장__김소희_260727_제과_박지현,22,1,544.0,0
2026-08-22,(ASC) [제과_블트하] 26.07_블트칩출시_ASC_전환_image,(ASC)[제과_블트하] 26.07_블트칩출시_ASC_전환_image,[26.07]F_I_BT혼_전환_블트칩출시_혜택강조형_KR2_.릴스_모션.트민맘등극템.__김소희_260729_제과_박서연,2,0,71.0,0
2026-08-22,[제과_블트하] 26.07_블트깡출시_수동_전환_video_전체타겟,0811_라이브커머스형_블트깡출시 (KR1),[26.08]F_V_BT깡_전환_블트깡출시_라이브커머스형_라이브커머스형.KR1_var10.릴스_가격강조.취식.슬기.X_1P_김소희_260812_제과_피재은,3,1,373.0,1
2026-08-22,[제과_콘스프맛 팝콘] 26.05_콘스프맛팝콘출시_수동_전환_video,공구네고형(다이어터 입터짐.페인포인트)_0814,[26.08]F_V_PC혼_전환_상시_네고형_공구네고형_var1.릴스_맛후킹.페르소나강조.X_1P_권미정_260814_제과_강경연,3629,27,32576.0,2
2026-08-22,(마스터ASC)[제과_블트하] 26.07_블트깡출시_ASC_전환_video,(마스터ASC)[제과_블트하] 26.07_블트깡출시_ASC_전환_video,[26.08]F_V_BT칩_전환_블트칩출시_쩜오건_시즈닝강조.이국주.KR1_var8.릴스_블트칩.트러플.슬기.X_1P__260820_제과_문형민,5,0,47.0,0
2026-08-22,[제과_블트하] 26.07_블트깡출시_수동_전환_video_전체타겟,0820_공구네고형_블트칩출시 (KR2),[26.08]F_V_BT칩_전환_블트칩출시_네고형_공구네고형.이국주.KR2_var1.릴스_이국주.X_1P_최나영_260820_제과_피재은,25,0,790.0,0
2026-08-22,[칩] (마스터ASC)[제과_블트하] 26.07_블트칩출시_ASC_전환_video,[칩] (마스터ASC)[제과_블트하] 26.07_블트칩출시_ASC_전환_video,[26.08]F_V_BT칩_전환_블트칩출시_네고형_공구네고형.이국주.KR2_var1.릴스_이국주.X_1P_최나영_260820_제과_피재은,5,0,51.0,0
2026-08-22,[제과_블트하] 26.07_블트깡출시_수동_전환_video_전체타겟,0821_직원네고형_블트칩출시 (이국주) (KR1),[26.08]F_V_BT칩_전환_블트칩출시_네고형_직원네고형.이국주.KR1_var2.릴스_ver2.시즈닝강조.슬기.X_1P__260821_제과_문형민,1561,28,36134.0,0
2026-08-22,[칩] (마스터ASC)[제과_블트하] 26.07_블트칩출시_ASC_전환_video,[칩] (마스터ASC)[제과_블트하] 26.07_블트칩출시_ASC_전환_video,[26.08]F_V_BT칩_전환_블트칩출시_혜택희소성_물류대세감.이국주.KR1_main.릴스_메인.시즈닝강조.슬기.X_1P__260821_제과_문형민,5398,130,154244.0,9
2026-08-22,[제과_블트하] 26.07_블트깡출시_수동_전환_image_전체타겟,0821_유행긴급성_블트칩출시 (KR1/2),[26.08]F_I_BT칩_전환_블트칩출시_혜택강조형_KR2_.릴스_긴급성심리자극.원물넣겠다고공장까지.__김소희_260821_제과_김수정,806,15,16459.0,2
2026-08-23,(ASC) [제과_블트하] 26.07_블트칩출시_ASC_전환_image,(ASC)[제과_블트하] 26.07_블트칩출시_ASC_전환_image,[26.07]F_I_BT혼_전환_블트칩출시_혜택강조형_KR2_.피드_주변인.친구.확장__김소희_260727_제과_박지현,2,0,110.0,0
2026-08-23,(ASC) [제과_블트하] 26.07_블트칩출시_ASC_전환_image,(ASC)[제과_블트하] 26.07_블트칩출시_ASC_전환_image,[26.07]F_I_BT칩_전환_블트칩출시_혜택강조형_KR1_.피드_입맛까다로운남편도.__김소희_260728_제과_김수정,1,0,0.0,0
2026-08-23,(ASC) [제과_블트하] 26.07_블트칩출시_ASC_전환_image,(ASC)[제과_블트하] 26.07_블트칩출시_ASC_전환_image,[26.07]F_I_BT혼_전환_블트칩출시_혜택강조형_KR2_.릴스_모션.트민맘등극템.__김소희_260729_제과_박서연,1,0,17.0,0
2026-08-23,[제과_블트하] 26.07_블트깡출시_수동_전환_image_전체타겟,0813_이국주(~0912)_블트칩출시 (KR2),[26.08]F_I_BT깡_전환_블트칩출시_유명인권위형_이국주.KR2_.배너_희소성.편의점주.__김소희_260813_제과_김수정,2,0,6.0,0
2026-08-23,(마스터ASC)[제과_블트하] 26.07_블트깡출시_ASC_전환_video,(마스터ASC)[제과_블트하] 26.07_블트깡출시_ASC_전환_video,[26.08]F_V_BT칩_전환_블트칩출시_쩜오건_시즈닝강조.이국주.KR1_var8.릴스_블트칩.트러플.슬기.X_1P__260820_제과_문형민,1,0,2.0,0
2026-08-23,[제과_블트하] 26.07_블트깡출시_수동_전환_video_전체타겟,0820_공구네고형_블트칩출시 (KR2),[26.08]F_V_BT칩_전환_블트칩출시_네고형_공구네고형.이국주.KR2_var1.릴스_이국주.X_1P_최나영_260820_제과_피재은,3,0,638.0,0
2026-08-23,[칩] (마스터ASC)[제과_블트하] 26.07_블트칩출시_ASC_전환_video,[칩] (마스터ASC)[제과_블트하] 26.07_블트칩출시_ASC_전환_video,[26.08]F_V_BT칩_전환_블트칩출시_혜택희소성_물류대세감.이국주.KR1_main.릴스_메인.시즈닝강조.슬기.X_1P__260821_제과_문형민,10108,292,302482.0,28
2026-08-23,[제과_블트하] 26.07_블트깡출시_수동_전환_image_전체타겟,0821_유행긴급성_블트칩출시 (KR1/2),[26.08]F_I_BT칩_전환_블트칩출시_혜택강조형_KR2_.릴스_긴급성심리자극.원물넣겠다고공장까지.__김소희_260821_제과_김수정,988,13,22627.0,0
2026-08-21,(ASC) [제과_블트하] 26.07_블트칩출시_ASC_전환_image,(ASC)[제과_블트하] 26.07_블트칩출시_ASC_전환_image,[26.07]F_I_BT혼_전환_블트칩출시_혜택강조형_KR1_.피드_남편.깐깐.확장__김소희_260727_제과_박지현,5,1,91.0,0
2026-08-21,(마스터ASC)[제과_블트하] 26.08_블트깡출시_ASC_전환_image,(마스터ASC)[제과_블트하] 26.08_블트하출시_ASC_전환_image,[26.08]F_I_BT칩_전환_블트칩출시_혜택강조형_KR1_.릴스_시간한정강조.똑소리난대요.__김소희_260807_제과_김수정,1,0,17.0,0
2026-08-21,[제과_블트하] 26.07_블트깡출시_수동_전환_image_전체타겟,0820_이국주(~0912)_블트칩출시 (KR1),[26.08]F_I_BT깡_전환_블트칩출시_유명인권위형_이국주.KR1_.릴스_편의점오픈런실패.유행강조.__김소희_260814_제과_김수정,4,0,300.0,0
2026-08-21,[제과_블트하] 26.07_블트깡출시_수동_전환_image_전체타겟,0818_GFA유효배너_블트칩출시,[26.08]F_I_BT깡_전환_블트칩출시_혜택강조형_GFA베리_.배너_넷플보다가한박스순삭해서.__최나영_260818_제과_박서연,19,0,424.0,0
2026-08-21,(마스터ASC)[제과_블트하] 26.07_블트깡출시_ASC_전환_video,(마스터ASC)[제과_블트하] 26.07_블트깡출시_ASC_전환_video,[26.08]F_V_BT칩_전환_블트칩출시_제조과정형_제조과정형.이국주.KR2_main.릴스_메인.X_1P__260821_제과_피재은,852,14,12777.0,0
2026-08-22,(마스터ASC)[제과_블트하] 26.08_블트깡출시_ASC_전환_image,(마스터ASC)[제과_블트하] 26.08_블트하출시_ASC_전환_image,[26.08]F_I_BT칩_전환_블트칩출시_혜택강조형_KR1_.릴스_시간한정강조.똑소리난대요.__김소희_260807_제과_김수정,4,0,30.0,0
2026-08-22,[제과_블트하] 26.07_블트깡출시_수동_전환_image_전체타겟,0818_GFA유효배너_블트칩출시,[26.08]F_I_BT깡_전환_블트칩출시_혜택강조형_GFA베리_.배너_넷플보다가한박스순삭해서.__최나영_260818_제과_박서연,5,0,36.0,0
2026-08-22,(마스터ASC)[제과_블트하] 26.07_블트깡출시_ASC_전환_video,(마스터ASC)[제과_블트하] 26.07_블트깡출시_ASC_전환_video,[26.08]F_V_BT칩_전환_블트칩출시_제조과정형_제조과정형.이국주.KR2_main.릴스_메인.X_1P__260821_제과_피재은,11,0,231.0,0
2026-08-23,[제과_블트하] 26.07_블트깡출시_수동_전환_image_전체타겟,0820_이국주(~0912)_블트칩출시 (KR1),[26.08]F_I_BT깡_전환_블트칩출시_유명인권위형_이국주.KR1_.릴스_편의점오픈런실패.유행강조.__김소희_260814_제과_김수정,15,0,519.0,0
2026-08-23,[제과_블트하] 26.07_블트깡출시_수동_전환_image_전체타겟,0818_GFA유효배너_블트칩출시,[26.08]F_I_BT깡_전환_블트칩출시_혜택강조형_GFA베리_.배너_넷플보다가한박스순삭해서.__최나영_260818_제과_박서연,49,0,1234.0,0
2026-08-21,(ASC) [제과_블트하] 26.07_블트칩출시_ASC_전환_image,(ASC)[제과_블트하] 26.07_블트칩출시_ASC_전환_image,[26.07]F_I_BT혼_전환_블트칩출시_혜택강조형_KR1_.피드_더사달라구졸라요떼샷.__김소희_260728_제과_김수정,2,0,15.0,0
2026-08-21,(마스터ASC)[제과_블트하] 26.08_블트깡출시_ASC_전환_image,(마스터ASC)[제과_블트하] 26.08_블트하출시_ASC_전환_image,[26.08]F_I_BT혼_전환_블트칩출시_혜택강조형_KR1_.피드_원가이하할인중.하몽갈아넣은.__김소희_260806_제과_김수정,27,0,391.0,0
2026-08-21,(마스터ASC)[제과_블트하] 26.08_블트깡출시_ASC_전환_image,(마스터ASC)[제과_블트하] 26.08_블트하출시_ASC_전환_image,[26.08]F_I_BT깡_전환_블트칩출시_유명인권위형_이국주.KR1_.릴스_원재료강조.__김소희_260813_제과_김수정,85,5,3220.0,0
2026-08-21,[제과_블트하] 26.07_블트깡출시_수동_전환_video_전체타겟,0813_브랜든형BP_블트깡출시 (test),[26.08]F_V_BT깡_전환_블트깡출시_신규BP_브랜든배너형BP_var5.릴스_고급간식1티어.할인추가.X_2P_최재원_260814_제과_최재원,1138,11,24605.0,1
2026-08-21,(마스터ASC)[제과_블트하] 26.07_블트깡출시_ASC_전환_video,(마스터ASC)[제과_블트하] 26.07_블트깡출시_ASC_전환_video,[26.08]F_V_BT칩_전환_블트칩출시_쩜오건_시즈닝강조.이국주.KR1_var6.릴스_블트칩.시즈닝신상.슬기.X_1P__260820_제과_문형민,9,0,114.0,0
2026-08-21,(마스터ASC)[제과_블트하] 26.08_블트깡출시_ASC_전환_image,(마스터ASC)[제과_블트하] 26.08_블트하출시_ASC_전환_image,[26.08]F_I_BT혼_전환_블트칩출시_혜택강조형_이국주.KR2_.배너_비싼원재료강조.진짜죄송합니다.__김소희_260820_제과_김수정,33,1,988.0,0
2026-08-22,(ASC) [제과_블트하] 26.07_블트칩출시_ASC_전환_image,(ASC)[제과_블트하] 26.07_블트칩출시_ASC_전환_image,[26.07]F_I_BT혼_전환_블트칩출시_혜택강조형_KR1_.피드_더사달라구졸라요떼샷.__김소희_260728_제과_김수정,5,0,71.0,0
2026-08-22,(ASC) [제과_블트하] 26.07_블트칩출시_ASC_전환_image,(ASC)[제과_블트하] 26.07_블트칩출시_ASC_전환_image,[26.07]F_I_BT깡_전환_블트칩출시_혜택강조형_KR1_.피드_3박스더사달래요.__김소희_260728_제과_김수정,2,0,53.0,0
2026-08-22,(ASC) [제과_블트하] 26.07_블트칩출시_ASC_전환_image,(ASC)[제과_블트하] 26.07_블트칩출시_ASC_전환_image,[26.07]F_I_BT깡_전환_블트칩출시_혜택강조형_KR2_.피드_시댁갈때맛잘알며느리.확장__김소희_260728_제과_박서연,781,14,19544.0,0
2026-08-22,(마스터ASC)[제과_블트하] 26.08_블트깡출시_ASC_전환_image,(마스터ASC)[제과_블트하] 26.08_블트하출시_ASC_전환_image,[26.08]F_I_BT깡_전환_블트칩출시_혜택강조형_KR1_.피드_원가이하판매중.치킨필요없음.__김소희_260806_제과_김수정,2,0,7.0,0
2026-08-22,(마스터ASC)[제과_블트하] 26.08_블트깡출시_ASC_전환_image,(마스터ASC)[제과_블트하] 26.08_블트하출시_ASC_전환_image,[26.08]F_I_BT혼_전환_블트칩출시_혜택강조형_KR1_.피드_원가이하할인중.하몽갈아넣은.__김소희_260806_제과_김수정,2,0,11.0,0
2026-08-22,(마스터ASC)[제과_블트하] 26.08_블트깡출시_ASC_전환_image,(마스터ASC)[제과_블트하] 26.08_블트하출시_ASC_전환_image,[26.08]F_I_BT깡_전환_블트칩출시_유명인권위형_이국주.KR1_.릴스_원재료강조.__김소희_260813_제과_김수정,505,7,16889.0,1
2026-08-22,[제과_블트하] 26.07_블트깡출시_수동_전환_video_전체타겟,0813_브랜든형BP_블트깡출시 (test),[26.08]F_V_BT깡_전환_블트깡출시_신규BP_브랜든배너형BP_var5.릴스_고급간식1티어.할인추가.X_2P_최재원_260814_제과_최재원,1044,6,21895.0,0
2026-08-22,(마스터ASC)[제과_블트하] 26.08_블트깡출시_ASC_전환_image,(마스터ASC)[제과_블트하] 26.08_블트하출시_ASC_전환_image,[26.08]F_I_BT혼_전환_블트칩출시_혜택강조형_이국주.KR2_.배너_비싼원재료강조.진짜죄송합니다.__김소희_260820_제과_김수정,64,0,1290.0,0
2026-08-22,[제과_블트하] 26.07_블트깡출시_수동_전환_image_전체타겟,0821_유행긴급성_블트칩출시 (KR1/2),[26.08]F_I_BT칩_전환_블트칩출시_혜택강조형_KR1_.배너_긴급성심리자극.단독선공개.__김소희_260821_제과_김수정,209,4,5233.0,0
2026-08-23,(ASC) [제과_블트하] 26.07_블트칩출시_ASC_전환_image,(ASC)[제과_블트하] 26.07_블트칩출시_ASC_전환_image,[26.07]F_I_BT깡_전환_블트칩출시_혜택강조형_KR1_.피드_3박스더사달래요.__김소희_260728_제과_김수정,4,0,40.0,0
2026-08-23,(마스터ASC)[제과_블트하] 26.08_블트깡출시_ASC_전환_image,(마스터ASC)[제과_블트하] 26.08_블트하출시_ASC_전환_image,[26.08]F_I_BT깡_전환_블트칩출시_혜택강조형_KR1_.피드_원가이하판매중.치킨필요없음.__김소희_260806_제과_김수정,20,1,623.0,0
2026-08-23,(마스터ASC)[제과_블트하] 26.08_블트깡출시_ASC_전환_image,(마스터ASC)[제과_블트하] 26.08_블트하출시_ASC_전환_image,[26.08]F_I_BT혼_전환_블트칩출시_혜택강조형_KR1_.피드_원가이하할인중.하몽갈아넣은.__김소희_260806_제과_김수정,54,0,1453.0,0
2026-08-23,(마스터ASC)[제과_블트하] 26.08_블트깡출시_ASC_전환_image,(마스터ASC)[제과_블트하] 26.08_블트하출시_ASC_전환_image,[26.08]F_I_BT혼_전환_블트칩출시_혜택강조형_이국주.KR2_.배너_비싼원재료강조.진짜죄송합니다.__김소희_260820_제과_김수정,112,2,2309.0,0
2026-08-23,[제과_블트하] 26.07_블트깡출시_수동_전환_image_전체타겟,0821_유행긴급성_블트칩출시 (KR1/2),[26.08]F_I_BT칩_전환_블트칩출시_혜택강조형_KR1_.배너_긴급성심리자극.단독선공개.__김소희_260821_제과_김수정,1187,20,28509.0,2
2026-08-21,(ASC) [제과_블트하] 26.07_블트칩출시_ASC_전환_image,(ASC)[제과_블트하] 26.07_블트칩출시_ASC_전환_image,[26.07]F_I_BT깡_전환_블트칩출시_혜택강조형_KR2_.피드_주변인.팀장님.확장__김소희_260727_제과_박서연,1,0,1.0,0
2026-08-21,(ASC) [제과_블트하] 26.07_블트칩출시_ASC_전환_image,(ASC)[제과_블트하] 26.07_블트칩출시_ASC_전환_image,[26.07]F_I_BT칩_전환_블트칩출시_혜택강조형_KR2_.릴스_안다르bp.맛잘알트민맘.__김소희_260729_제과_박서연,53,0,788.0,0
2026-08-21,(마스터ASC)[제과_블트하] 26.07_블트깡출시_ASC_전환_video,(마스터ASC)[제과_블트하] 26.07_블트깡출시_ASC_전환_video,[26.08]F_V_BT깡_전환_블트깡출시_라이브커머스형_라이브커머스형.KR1_var4.릴스_전체.메인.슬기.X_1P_김소희_260812_제과_피재은,2,0,57.0,0
2026-08-21,(마스터ASC)[제과_블트하] 26.07_블트깡출시_ASC_전환_video,(마스터ASC)[제과_블트하] 26.07_블트깡출시_ASC_전환_video,[26.08]F_V_BT칩_전환_블트깡출시_신규BP_브랜든배너형BP_main.릴스_맥주안주1티어.X_2P_최재원_260813_제과_최재원,30,1,448.0,0
2026-08-21,[제과_블트하] 26.07_블트깡출시_수동_전환_image_전체타겟,0813_이국주(~0912)_블트칩출시 (KR2),[26.08]F_I_BT깡_전환_블트칩출시_혜택강조형_이국주_.배너_다시는없어요.__김소희_260814_제과_김수정,1247,27,41266.0,2
2026-08-21,[제과_블트하] 26.07_블트깡출시_수동_전환_image_전체타겟,0819_유행실체이국주_블트칩출시  (KR1/2),[26.08]F_I_BT깡_전환_블트칩출시_혜택강조형_이국주.KR2_.배너_내부상황.매번품절대란이라.__김소희_260819_제과_김수정,4,0,21.0,0
2026-08-21,(마스터ASC)[제과_블트하] 26.08_블트깡출시_ASC_전환_image,(마스터ASC)[제과_블트하] 26.08_블트하출시_ASC_전환_image,[26.08]F_I_BT칩_전환_블트칩출시_혜택강조형_KR1_.배너_긴급성심리자극.단독선공개.__김소희_260821_제과_김수정,296,5,8253.0,0
2026-08-22,(마스터ASC)[제과_블트하] 26.07_블트깡출시_ASC_전환_video,(마스터ASC)[제과_블트하] 26.07_블트깡출시_ASC_전환_video,[26.07]F_V_BT깡_전환_블트깡출시_인물리뷰형_에어프라이기BP.KR1_var4.릴스_맥주.슬기.X_1P_최나영_260716_제과_피재은,2,0,10.0,0
2026-08-22,(ASC) [제과_블트하] 26.07_블트칩출시_ASC_전환_image,(ASC)[제과_블트하] 26.07_블트칩출시_ASC_전환_image,[26.07]F_I_BT깡_전환_블트칩출시_혜택강조형_KR2_.피드_주변인.팀장님.확장__김소희_260727_제과_박서연,6,0,258.0,0
2026-08-22,(ASC) [제과_블트하] 26.07_블트칩출시_ASC_전환_image,(ASC)[제과_블트하] 26.07_블트칩출시_ASC_전환_image,[26.07]F_I_BT칩_전환_블트칩출시_혜택강조형_KR1_.피드_초딩입맛인정최고안주.__김소희_260728_제과_김수정,18,1,362.0,0
2026-08-22,(ASC) [제과_블트하] 26.07_블트칩출시_ASC_전환_image,(ASC)[제과_블트하] 26.07_블트칩출시_ASC_전환_image,[26.07]F_I_BT칩_전환_블트칩출시_혜택강조형_KR2_.릴스_안다르bp.맛잘알트민맘.__김소희_260729_제과_박서연,9,0,163.0,0
2026-08-22,(마스터ASC)[제과_블트하] 26.07_블트깡출시_ASC_전환_video,(마스터ASC)[제과_블트하] 26.07_블트깡출시_ASC_전환_video,[26.08]F_V_BT깡_전환_블트깡출시_네고형_지인네고형.김그릇BP_var3.릴스_취식상황.X_1P_김소희_260807_제과_강경연,1,0,3.0,0
2026-08-22,(마스터ASC)[제과_블트하] 26.07_블트깡출시_ASC_전환_video,(마스터ASC)[제과_블트하] 26.07_블트깡출시_ASC_전환_video,[26.08]F_V_BT칩_전환_블트깡출시_신규BP_브랜든배너형BP_main.릴스_맥주안주1티어.X_2P_최재원_260813_제과_최재원,1,0,4.0,0
2026-08-22,[제과_블트하] 26.07_블트깡출시_수동_전환_image_전체타겟,0813_이국주(~0912)_블트칩출시 (KR2),[26.08]F_I_BT깡_전환_블트칩출시_혜택강조형_이국주_.배너_다시는없어요.__김소희_260814_제과_김수정,314,8,16976.0,0
2026-08-22,(마스터ASC)[제과_블트하] 26.08_블트깡출시_ASC_전환_image,(마스터ASC)[제과_블트하] 26.08_블트하출시_ASC_전환_image,[26.08]F_I_BT칩_전환_블트칩출시_혜택강조형_KR1_.배너_긴급성심리자극.단독선공개.__김소희_260821_제과_김수정,715,19,19041.0,0
2026-08-23,(마스터ASC)[제과_블트하] 26.07_블트깡출시_ASC_전환_video,(마스터ASC)[제과_블트하] 26.07_블트깡출시_ASC_전환_video,[26.08]F_V_BT칩_전환_블트칩출시_신규BP_인덕션BP.KR1_var1.릴스_주변인정.X_1P_김소희_260807_제과_이봄1,6,1,280.0,0
2026-08-23,(마스터ASC)[제과_블트하] 26.07_블트깡출시_ASC_전환_video,(마스터ASC)[제과_블트하] 26.07_블트깡출시_ASC_전환_video,[26.08]F_V_BT칩_전환_블트깡출시_신규BP_브랜든배너형BP_main.릴스_맥주안주1티어.X_2P_최재원_260813_제과_최재원,63,1,1032.0,0
2026-08-23,[제과_블트하] 26.07_블트깡출시_수동_전환_image_전체타겟,0819_유행실체이국주_블트칩출시  (KR1/2),[26.08]F_I_BT깡_전환_블트칩출시_혜택강조형_이국주.KR2_.배너_내부상황.매번품절대란이라.__김소희_260819_제과_김수정,4,0,103.0,0
2026-08-21,(ASC) [제과_블트하] 26.07_블트깡출시_ASC_전환_image,(ASC)[제과_블트하] 26.07_블트깡출시_ASC_전환_image,[26.07]F_I_BT깡_전환_블트칩출시_혜택강조형_KR2_.배너_재고소진시가격인상.__김소희_260731_제과_김수정,64,3,1382.0,0
2026-08-21,(마스터ASC)[제과_블트하] 26.08_블트깡출시_ASC_전환_image,(마스터ASC)[제과_블트하] 26.08_블트하출시_ASC_전환_image,[26.08]F_I_BT혼_전환_블트칩출시_혜택강조형_KR1_.피드_팔수록손해.고급진트러플하몽풍미.__김소희_260806_제과_김수정,2,0,10.0,0
2026-08-21,(마스터ASC)[제과_블트하] 26.08_블트깡출시_ASC_전환_image,(마스터ASC)[제과_블트하] 26.08_블트하출시_ASC_전환_image,[26.08]F_I_BT칩_전환_블트칩출시_혜택강조형_KR1_.릴스_살림권위.맛가성비살림고수.__김소희_260811_제과_김수정,17466,230,294889.0,23
2026-08-21,[제과_블트하] 26.07_블트깡출시_수동_전환_image_전체타겟,0820_이국주(~0912)_블트칩출시 (KR1),[26.08]F_I_BT깡_전환_블트칩출시_유명인권위형_이국주.KR1_.릴스_알고리즘지배한.유행강조.__김소희_260814_제과_김수정,141,4,8425.0,1
2026-08-21,[제과_블트하] 26.07_블트깡출시_수동_전환_video_전체타겟,0818_유인맨즈BP_블트깡출시 (이국주) (KR1),[26.08]F_V_BT깡_전환_블트깡출시_혜택희소성_유인맨즈BP.이국주.KR1_var4.릴스_1등.슬기.X_1P_최나영_260818_제과_피재은,4,0,131.0,0
2026-08-21,[제과_블트하] 26.07_블트깡출시_수동_전환_image_전체타겟,0818_GFA유효배너_블트칩출시,[26.08]F_I_BT칩_전환_블트칩출시_혜택강조형_GFA베리_.배너_새벽에야식으로3봉씩.__최나영_260818_제과_박서연,5,0,183.0,0
2026-08-21,[제과_블트하] 26.07_블트깡출시_수동_전환_video_전체타겟,0821_제조과정형_블트깡출시 (이국주) (KR2),[26.08]F_V_BT칩_전환_블트칩출시_제조과정형_제조과정형.이국주.KR2_main.릴스_메인.X_1P__260821_제과_피재은,204,4,4951.0,0
2026-08-22,(ASC) [제과_블트하] 26.07_블트깡출시_ASC_전환_image,(ASC)[제과_블트하] 26.07_블트깡출시_ASC_전환_image,[26.07]F_I_BT깡_전환_블트칩출시_혜택강조형_KR2_.배너_재고소진시가격인상.__김소희_260731_제과_김수정,55,0,636.0,0
2026-08-22,(마스터ASC)[제과_블트하] 26.08_블트깡출시_ASC_전환_image,(마스터ASC)[제과_블트하] 26.08_블트하출시_ASC_전환_image,[26.08]F_I_BT혼_전환_블트칩출시_혜택강조형_KR1_.피드_팔수록손해.고급진트러플하몽풍미.__김소희_260806_제과_김수정,27,0,416.0,0
2026-08-22,(마스터ASC)[제과_블트하] 26.08_블트깡출시_ASC_전환_image,(마스터ASC)[제과_블트하] 26.08_블트하출시_ASC_전환_image,[26.08]F_I_BT칩_전환_블트칩출시_혜택강조형_KR1_.릴스_살림권위.맛가성비살림고수.__김소희_260811_제과_김수정,8289,132,169183.0,14
2026-08-22,[제과_블트하] 26.07_블트깡출시_수동_전환_image_전체타겟,0820_이국주(~0912)_블트칩출시 (KR1),[26.08]F_I_BT깡_전환_블트칩출시_유명인권위형_이국주.KR1_.릴스_알고리즘지배한.유행강조.__김소희_260814_제과_김수정,123,3,6113.0,1
2026-08-22,[제과_블트하] 26.07_블트깡출시_수동_전환_video_전체타겟,0818_유인맨즈BP_블트깡출시 (이국주) (KR1),[26.08]F_V_BT깡_전환_블트깡출시_혜택희소성_유인맨즈BP.이국주.KR1_var4.릴스_1등.슬기.X_1P_최나영_260818_제과_피재은,1,0,21.0,0
2026-08-22,[제과_블트하] 26.07_블트깡출시_수동_전환_video_전체타겟,0821_제조과정형_블트깡출시 (이국주) (KR2),[26.08]F_V_BT칩_전환_블트칩출시_제조과정형_제조과정형.이국주.KR2_main.릴스_메인.X_1P__260821_제과_피재은,5806,74,126088.0,7
2026-08-23,(ASC) [제과_블트하] 26.07_블트깡출시_ASC_전환_image,(ASC)[제과_블트하] 26.07_블트깡출시_ASC_전환_image,[26.07]F_I_BT깡_전환_블트칩출시_혜택강조형_KR2_.배너_재고소진시가격인상.__김소희_260731_제과_김수정,873,14,19622.0,0
2026-08-23,(마스터ASC)[제과_블트하] 26.08_블트깡출시_ASC_전환_image,(마스터ASC)[제과_블트하] 26.08_블트하출시_ASC_전환_image,[26.08]F_I_BT혼_전환_블트칩출시_혜택강조형_KR1_.피드_팔수록손해.고급진트러플하몽풍미.__김소희_260806_제과_김수정,7,0,383.0,0
2026-08-23,(마스터ASC)[제과_블트하] 26.08_블트깡출시_ASC_전환_image,(마스터ASC)[제과_블트하] 26.08_블트하출시_ASC_전환_image,[26.08]F_I_BT칩_전환_블트칩출시_혜택강조형_KR1_.릴스_살림권위.맛가성비살림고수.__김소희_260811_제과_김수정,1278,15,30299.0,1
2026-08-23,[제과_블트하] 26.07_블트깡출시_수동_전환_image_전체타겟,0820_이국주(~0912)_블트칩출시 (KR1),[26.08]F_I_BT깡_전환_블트칩출시_유명인권위형_이국주.KR1_.릴스_알고리즘지배한.유행강조.__김소희_260814_제과_김수정,72,0,5493.0,0
2026-08-23,[제과_블트하] 26.07_블트깡출시_수동_전환_image_전체타겟,0818_GFA유효배너_블트칩출시,[26.08]F_I_BT칩_전환_블트칩출시_혜택강조형_GFA베리_.배너_새벽에야식으로3봉씩.__최나영_260818_제과_박서연,6,1,349.0,0
2026-08-23,[제과_블트하] 26.07_블트깡출시_수동_전환_video_전체타겟,0821_제조과정형_블트깡출시 (이국주) (KR2),[26.08]F_V_BT칩_전환_블트칩출시_제조과정형_제조과정형.이국주.KR2_main.릴스_메인.X_1P__260821_제과_피재은,18628,227,375542.0,27
2026-08-21,[제과_블트하] 26.07_블트깡출시_수동_전환_video_전체타겟,0725_클룹BP_블트칩출시 (KR1),[26.07]F_V_BT혼_전환_블트칩출시_기타_클룹BP.KR1_main.릴스_메인.슬기.X_1P_최나영_260723_제과_피재은,1098,16,18803.0,4
2026-08-21,[칩] (마스터ASC)[제과_블트하] 26.07_블트칩출시_ASC_전환_video,[칩] (마스터ASC)[제과_블트하] 26.07_블트칩출시_ASC_전환_video,[26.08]F_V_BT혼_전환_블트칩출시_신규BP_풀리오BP.KR1_var1.릴스_내부BP후킹.남편.X_2P_최나영_260801_제과_이봄1,2,0,17.0,0
2026-08-21,(마스터ASC)[제과_블트하] 26.08_블트깡출시_ASC_전환_image,(마스터ASC)[제과_블트하] 26.08_블트하출시_ASC_전환_image,[26.08]F_I_BT칩_전환_블트칩출시_혜택강조형_KR1_.릴스_엄마들모임에챙겨갔더니.__김소희_260807_제과_박서연,2,0,19.0,0
2026-08-21,[제과_블트하] 26.07_블트깡출시_수동_전환_image_전체타겟,0813_이국주(~0912)_블트칩출시 (KR2),[26.08]F_I_BT깡_전환_블트칩출시_유명인권위형_이국주.KR2_.릴스_주변구매.회사.__김소희_260813_제과_김수정,57,0,2360.0,0
2026-08-21,[제과_블트하] 26.07_블트깡출시_수동_전환_video_전체타겟,0820_검증포맷이식_블트깡출시 (KR1),[26.08]F_V_BT칩_전환_블트칩출시_쩜오건_시즈닝강조.이국주.KR1_var8.릴스_블트칩.트러플.슬기.X_1P__260820_제과_문형민,322,5,6005.0,0
2026-08-21,(마스터ASC)[제과_블트하] 26.07_블트깡출시_ASC_전환_video,(마스터ASC)[제과_블트하] 26.07_블트깡출시_ASC_전환_video,[26.08]F_V_BT칩_전환_블트칩출시_제조과정형_제조과정형.이국주.KR2_var2.릴스_CU.X_1P__260821_제과_피재은,705,8,12013.0,2
2026-08-21,[제과_블트하] 26.07_블트깡출시_수동_전환_image_전체타겟,0821_유행긴급성_블트칩출시 (KR1/2),[26.08]F_I_BT칩_전환_블트칩출시_혜택강조형_이국주.KR2_.배너_유행실체.58세도.__김소희_260821_제과_김수정,3,0,68.0,0
2026-08-21,(마스터ASC)[제과_블트하] 26.08_블트깡출시_ASC_전환_image,(마스터ASC)[제과_블트하] 26.08_블트하출시_ASC_전환_image,[26.08]F_I_BT칩_전환_블트칩출시_혜택강조형_KR2_.릴스_긴급성심리자극.원물넣겠다고공장까지.__김소희_260821_제과_김수정,292,1,4914.0,0
2026-08-22,[제과_블트하] 26.07_블트깡출시_수동_전환_video_전체타겟,0725_클룹BP_블트칩출시 (KR1),[26.07]F_V_BT혼_전환_블트칩출시_기타_클룹BP.KR1_main.릴스_메인.슬기.X_1P_최나영_260723_제과_피재은,1147,15,20402.0,0
2026-08-22,[칩] (마스터ASC)[제과_블트하] 26.07_블트칩출시_ASC_전환_video,[칩] (마스터ASC)[제과_블트하] 26.07_블트칩출시_ASC_전환_video,[26.08]F_V_BT혼_전환_블트칩출시_신규BP_풀리오BP.KR1_var1.릴스_내부BP후킹.남편.X_2P_최나영_260801_제과_이봄1,1,0,5.0,0
2026-08-22,(마스터ASC)[제과_블트하] 26.08_블트깡출시_ASC_전환_image,(마스터ASC)[제과_블트하] 26.08_블트하출시_ASC_전환_image,[26.08]F_I_BT칩_전환_블트칩출시_혜택강조형_KR1_.릴스_엄마들모임에챙겨갔더니.__김소희_260807_제과_박서연,13,0,151.0,0
2026-08-22,[제과_블트하] 26.07_블트깡출시_수동_전환_image_전체타겟,0813_이국주(~0912)_블트칩출시 (KR2),[26.08]F_I_BT깡_전환_블트칩출시_유명인권위형_이국주.KR2_.릴스_주변구매.회사.__김소희_260813_제과_김수정,49,1,1530.0,0
2026-08-22,[제과_블트하] 26.07_블트깡출시_수동_전환_video_전체타겟,0820_검증포맷이식_블트깡출시 (KR1),[26.08]F_V_BT칩_전환_블트칩출시_쩜오건_시즈닝강조.이국주.KR1_var8.릴스_블트칩.트러플.슬기.X_1P__260820_제과_문형민,324,3,7199.0,1
2026-08-22,(마스터ASC)[제과_블트하] 26.07_블트깡출시_ASC_전환_video,(마스터ASC)[제과_블트하] 26.07_블트깡출시_ASC_전환_video,[26.08]F_V_BT칩_전환_블트칩출시_제조과정형_제조과정형.이국주.KR2_var2.릴스_CU.X_1P__260821_제과_피재은,522,6,7826.0,0
2026-08-22,[제과_블트하] 26.07_블트깡출시_수동_전환_image_전체타겟,0821_유행긴급성_블트칩출시 (KR1/2),[26.08]F_I_BT칩_전환_블트칩출시_혜택강조형_이국주.KR2_.배너_유행실체.58세도.__김소희_260821_제과_김수정,165,5,4585.0,0
2026-08-22,(마스터ASC)[제과_블트하] 26.08_블트깡출시_ASC_전환_image,(마스터ASC)[제과_블트하] 26.08_블트하출시_ASC_전환_image,[26.08]F_I_BT칩_전환_블트칩출시_혜택강조형_KR2_.릴스_긴급성심리자극.원물넣겠다고공장까지.__김소희_260821_제과_김수정,931,15,18847.0,2
2026-08-22,[제과_블트하] 26.07_블트깡출시_수동_전환_image_전체타겟,0821_유행긴급성_블트칩출시 (KR1/2),[26.08]F_I_BT칩_전환_블트칩출시_혜택강조형_KR1_.배너_긴급성심리자극.구매갯수제한예정.__김소희_260821_제과_김수정,8,0,191.0,0
2026-08-22,[제과_블트하] 26.07_블트깡출시_수동_전환_video_전체타겟,0821_도리토스BP_블트칩출시,[26.08]F_V_BT칩_전환_블트칩출시_신규BP_도리토스BP.이국주.KR2_main.릴스_본론.X_2P_김소희_260821_제과_이봄1,168,3,6669.0,0
2026-08-23,[제과_블트하] 26.07_블트깡출시_수동_전환_video_전체타겟,0725_클룹BP_블트칩출시 (KR1),[26.07]F_V_BT혼_전환_블트칩출시_기타_클룹BP.KR1_main.릴스_메인.슬기.X_1P_최나영_260723_제과_피재은,57,0,1254.0,0
2026-08-23,(마스터ASC)[제과_블트하] 26.08_블트깡출시_ASC_전환_image,(마스터ASC)[제과_블트하] 26.08_블트하출시_ASC_전환_image,[26.08]F_I_BT칩_전환_블트칩출시_혜택강조형_KR1_.릴스_엄마들모임에챙겨갔더니.__김소희_260807_제과_박서연,6,0,184.0,0
2026-08-23,[제과_블트하] 26.07_블트깡출시_수동_전환_image_전체타겟,0813_이국주(~0912)_블트칩출시 (KR2),[26.08]F_I_BT깡_전환_블트칩출시_유명인권위형_이국주.KR2_.릴스_주변구매.회사.__김소희_260813_제과_김수정,209,6,12456.0,1
2026-08-23,[제과_블트하] 26.07_블트깡출시_수동_전환_video_전체타겟,0820_검증포맷이식_블트깡출시 (KR1),[26.08]F_V_BT칩_전환_블트칩출시_쩜오건_시즈닝강조.이국주.KR1_var8.릴스_블트칩.트러플.슬기.X_1P__260820_제과_문형민,195,3,3365.0,0
2026-08-23,(마스터ASC)[제과_블트하] 26.07_블트깡출시_ASC_전환_video,(마스터ASC)[제과_블트하] 26.07_블트깡출시_ASC_전환_video,[26.08]F_V_BT칩_전환_블트칩출시_제조과정형_제조과정형.이국주.KR2_var2.릴스_CU.X_1P__260821_제과_피재은,412,7,7251.0,0
2026-08-23,[제과_블트하] 26.07_블트깡출시_수동_전환_image_전체타겟,0821_유행긴급성_블트칩출시 (KR1/2),[26.08]F_I_BT칩_전환_블트칩출시_혜택강조형_이국주.KR2_.배너_유행실체.58세도.__김소희_260821_제과_김수정,1134,17,29260.0,2
2026-08-23,(마스터ASC)[제과_블트하] 26.08_블트깡출시_ASC_전환_image,(마스터ASC)[제과_블트하] 26.08_블트하출시_ASC_전환_image,[26.08]F_I_BT칩_전환_블트칩출시_혜택강조형_KR2_.릴스_긴급성심리자극.원물넣겠다고공장까지.__김소희_260821_제과_김수정,4088,63,76308.0,10
2026-08-23,[제과_블트하] 26.07_블트깡출시_수동_전환_image_전체타겟,0821_유행긴급성_블트칩출시 (KR1/2),[26.08]F_I_BT칩_전환_블트칩출시_혜택강조형_KR1_.배너_긴급성심리자극.구매갯수제한예정.__김소희_260821_제과_김수정,13,0,1454.0,0
2026-08-23,[제과_블트하] 26.07_블트깡출시_수동_전환_video_전체타겟,0821_도리토스BP_블트칩출시,[26.08]F_V_BT칩_전환_블트칩출시_신규BP_도리토스BP.이국주.KR2_main.릴스_본론.X_2P_김소희_260821_제과_이봄1,32,0,813.0,0
