date,campaign_name,adset_name,ad_name,impressions,clicks,spend,conversions
2026-10-01,[제과_저당웨하스미니스] 26.10_바닐라웨하스출시_수동_전환_video_전체타겟,전화네고형_초코 (26.10 재라이브),[25.12]F_V_WF초_전환_웨하스출시_네고형_전화네고_main.릴스_네고부터._2512KR0_문선정_251226_1T_이미진,110,1,1587.0,0
2026-10-01,(마스터ASC)[제과_블트하] 26.07_블트깡출시_ASC_전환_video,(마스터ASC)[제과_블트하] 26.07_블트깡출시_ASC_전환_video,[26.07]F_V_BT깡_전환_블트깡출시_쩜오건_대세감실체.KR1_var1.릴스_유명남돌라방.X_1P_김소희_260715_제과_문형민,1,0,8.0,0
2026-10-01,[제과_블트하] 26.07_블트깡출시_수동_전환_video_전체타겟,0807_인덕션BP_블트칩출시 (KR1),[26.08]F_V_BT칩_전환_블트칩출시_신규BP_인덕션BP.KR1_var3.릴스_조합취식.X_1P_김소희_260807_제과_이봄1,45160,1505,1535683.0,93
2026-10-01,(마스터ASC)[제과_블트하] 26.07_블트깡출시_ASC_전환_video,(마스터ASC)[제과_블트하] 26.07_블트깡출시_ASC_전환_video,[26.08]F_V_BT깡_전환_블트깡출시_라이브커머스형_라이브커머스형.KR1_var5.릴스_전체.맛비주얼.슬기.X_1P_김소희_260812_제과_피재은,27,0,565.0,0
2026-10-01,(마스터ASC)[제과_블트하] 26.07_블트깡출시_ASC_전환_video,(마스터ASC)[제과_블트하] 26.07_블트깡출시_ASC_전환_video,[26.08]F_V_BT깡_전환_블트깡출시_쩜오건_시즈닝강조.이국주.KR1_var4.릴스_블트깡.확산맛조합.슬기.X_1P__260820_제과_문형민,109,0,1136.0,0
2026-10-01,(마스터ASC)[제과_블트하] 26.07_블트깡출시_ASC_전환_video,(마스터ASC)[제과_블트하] 26.07_블트깡출시_ASC_전환_video,[26.08]F_V_BT칩_전환_블트칩출시_쩜오건_시즈닝강조.이국주.KR1_var7.릴스_블트칩.반전.슬기.X_1P__260820_제과_문형민,4,0,10.0,0
2026-10-02,[제과_저당웨하스미니스] 26.10_바닐라웨하스출시_수동_전환_video_전체타겟,전화네고형_초코 (26.10 재라이브),[25.12]F_V_WF초_전환_웨하스출시_네고형_전화네고_main.릴스_네고부터._2512KR0_문선정_251226_1T_이미진,208,1,5482.0,0
2026-10-02,(마스터ASC)[제과_블트하] 26.07_블트깡출시_ASC_전환_video,(마스터ASC)[제과_블트하] 26.07_블트깡출시_ASC_전환_video,[26.07]F_V_BT깡_전환_블트깡출시_쩜오건_대세감실체.KR1_var1.릴스_유명남돌라방.X_1P_김소희_260715_제과_문형민,15,0,171.0,0
2026-10-02,[제과_블트하] 26.07_블트깡출시_수동_전환_video_전체타겟,0807_인덕션BP_블트칩출시 (KR1),[26.08]F_V_BT칩_전환_블트칩출시_신규BP_인덕션BP.KR1_var3.릴스_조합취식.X_1P_김소희_260807_제과_이봄1,13362,375,431284.0,17
2026-10-02,(마스터ASC)[제과_블트하] 26.07_블트깡출시_ASC_전환_video,(마스터ASC)[제과_블트하] 26.07_블트깡출시_ASC_전환_video,[26.08]F_V_BT깡_전환_블트깡출시_라이브커머스형_라이브커머스형.KR1_var5.릴스_전체.맛비주얼.슬기.X_1P_김소희_260812_제과_피재은,56,1,1649.0,0
2026-10-02,(마스터ASC)[제과_블트하] 26.07_블트깡출시_ASC_전환_video,(마스터ASC)[제과_블트하] 26.07_블트깡출시_ASC_전환_video,[26.08]F_V_BT깡_전환_블트깡출시_쩜오건_시즈닝강조.이국주.KR1_var4.릴스_블트깡.확산맛조합.슬기.X_1P__260820_제과_문형민,79,1,855.0,0
2026-10-02,(마스터ASC)[제과_블트하] 26.07_블트깡출시_ASC_전환_video,(마스터ASC)[제과_블트하] 26.07_블트깡출시_ASC_전환_video,[26.08]F_V_BT칩_전환_블트칩출시_쩜오건_시즈닝강조.이국주.KR1_var7.릴스_블트칩.반전.슬기.X_1P__260820_제과_문형민,10,0,95.0,0
2026-10-02,[제과_초코퐁당] 26.09_초코퐁당출시_수동_전환_video_전체타겟,(0904) 먹스타형_초코퐁당출시 (KR1) (봄님),[26.09]F_V_PN초_전환_초코퐁당출시_맛인지형_먹스타그램.KR1_var1.릴스_일본현지인.X_2P_권미정_260904_제과_이봄1,371,1,5795.0,0
2026-10-02,[제과_초코퐁당] 26.09_초코퐁당출시_수동_전환_video_전체타겟,(0904) 먹스타형_초코퐁당출시 (KR1) (봄님),[26.09]F_V_PN초_전환_초코퐁당출시_맛인지형_먹스타그램.KR1_main.릴스_BP대로.X_2P_권미정_260904_제과_이봄1,1643,13,12873.0,0
2026-10-02,[제과_초코퐁당] 26.09_초코퐁당출시_수동_전환_video_전체타겟,(0904) 먹스타형_초코퐁당출시 (KR1) (봄님),[26.09]F_V_PN초_전환_초코퐁당출시_맛인지형_먹스타그램.KR1_var2.릴스_로이스초콜릿덕후.X_2P_권미정_260904_제과_이봄1,1471,20,22220.0,4
2026-10-03,[제과_저당웨하스미니스] 26.10_바닐라웨하스출시_수동_전환_video_전체타겟,전화네고형_초코 (26.10 재라이브),[25.12]F_V_WF초_전환_웨하스출시_네고형_전화네고_main.릴스_네고부터._2512KR0_문선정_251226_1T_이미진,39,2,599.0,0
2026-10-03,(마스터ASC)[제과_블트하] 26.07_블트깡출시_ASC_전환_video,(마스터ASC)[제과_블트하] 26.07_블트깡출시_ASC_전환_video,[26.07]F_V_BT깡_전환_블트깡출시_쩜오건_대세감실체.KR1_var1.릴스_유명남돌라방.X_1P_김소희_260715_제과_문형민,22,0,266.0,0
2026-10-03,[제과_블트하] 26.07_블트깡출시_수동_전환_video_전체타겟,0807_인덕션BP_블트칩출시 (KR1),[26.08]F_V_BT칩_전환_블트칩출시_신규BP_인덕션BP.KR1_var3.릴스_조합취식.X_1P_김소희_260807_제과_이봄1,1265,38,45658.0,0
2026-10-03,(마스터ASC)[제과_블트하] 26.07_블트깡출시_ASC_전환_video,(마스터ASC)[제과_블트하] 26.07_블트깡출시_ASC_전환_video,[26.08]F_V_BT깡_전환_블트깡출시_라이브커머스형_라이브커머스형.KR1_var5.릴스_전체.맛비주얼.슬기.X_1P_김소희_260812_제과_피재은,37,0,920.0,0
2026-10-03,(마스터ASC)[제과_블트하] 26.07_블트깡출시_ASC_전환_video,(마스터ASC)[제과_블트하] 26.07_블트깡출시_ASC_전환_video,[26.08]F_V_BT혼_전환_블트칩출시_신규BP_젤리백BP.이국주.KR1_main.릴스_본론.여러가지.X_2P_최나영_260814_제과_이봄1,7,0,58.0,0
2026-10-03,(마스터ASC)[제과_블트하] 26.07_블트깡출시_ASC_전환_video,(마스터ASC)[제과_블트하] 26.07_블트깡출시_ASC_전환_video,[26.08]F_V_BT깡_전환_블트깡출시_쩜오건_시즈닝강조.이국주.KR1_var4.릴스_블트깡.확산맛조합.슬기.X_1P__260820_제과_문형민,234,0,2858.0,0
2026-10-03,(마스터ASC)[제과_블트하] 26.07_블트깡출시_ASC_전환_video,(마스터ASC)[제과_블트하] 26.07_블트깡출시_ASC_전환_video,[26.08]F_V_BT칩_전환_블트칩출시_쩜오건_시즈닝강조.이국주.KR1_var7.릴스_블트칩.반전.슬기.X_1P__260820_제과_문형민,109,3,1234.0,0
2026-10-03,[제과_초코퐁당] 26.09_초코퐁당출시_수동_전환_video_전체타겟,(0904) 먹스타형_초코퐁당출시 (KR1) (봄님),[26.09]F_V_PN초_전환_초코퐁당출시_맛인지형_먹스타그램.KR1_var1.릴스_일본현지인.X_2P_권미정_260904_제과_이봄1,821,8,13190.0,0
2026-10-03,[제과_초코퐁당] 26.09_초코퐁당출시_수동_전환_video_전체타겟,(0904) 먹스타형_초코퐁당출시 (KR1) (봄님),[26.09]F_V_PN초_전환_초코퐁당출시_맛인지형_먹스타그램.KR1_var2.릴스_로이스초콜릿덕후.X_2P_권미정_260904_제과_이봄1,23836,282,332202.0,24
2026-10-04,(마스터ASC)[제과_블트하] 26.07_블트깡출시_ASC_전환_video,(마스터ASC)[제과_블트하] 26.07_블트깡출시_ASC_전환_video,[26.07]F_V_BT깡_전환_블트깡출시_쩜오건_대세감실체.KR1_var1.릴스_유명남돌라방.X_1P_김소희_260715_제과_문형민,16,0,390.0,0
2026-10-04,[제과_블트하] 26.07_블트깡출시_수동_전환_video_전체타겟,0807_인덕션BP_블트칩출시 (KR1),[26.08]F_V_BT칩_전환_블트칩출시_신규BP_인덕션BP.KR1_var3.릴스_조합취식.X_1P_김소희_260807_제과_이봄1,2940,117,103878.0,5
2026-10-04,(마스터ASC)[제과_블트하] 26.07_블트깡출시_ASC_전환_video,(마스터ASC)[제과_블트하] 26.07_블트깡출시_ASC_전환_video,[26.08]F_V_BT깡_전환_블트깡출시_라이브커머스형_라이브커머스형.KR1_var5.릴스_전체.맛비주얼.슬기.X_1P_김소희_260812_제과_피재은,88,0,2798.0,0
2026-10-04,(마스터ASC)[제과_블트하] 26.07_블트깡출시_ASC_전환_video,(마스터ASC)[제과_블트하] 26.07_블트깡출시_ASC_전환_video,[26.08]F_V_BT혼_전환_블트칩출시_신규BP_젤리백BP.이국주.KR1_main.릴스_본론.여러가지.X_2P_최나영_260814_제과_이봄1,1,0,6.0,0
2026-10-04,(마스터ASC)[제과_블트하] 26.07_블트깡출시_ASC_전환_video,(마스터ASC)[제과_블트하] 26.07_블트깡출시_ASC_전환_video,[26.08]F_V_BT깡_전환_블트깡출시_쩜오건_시즈닝강조.이국주.KR1_var4.릴스_블트깡.확산맛조합.슬기.X_1P__260820_제과_문형민,36,0,383.0,0
2026-10-04,(마스터ASC)[제과_블트하] 26.07_블트깡출시_ASC_전환_video,(마스터ASC)[제과_블트하] 26.07_블트깡출시_ASC_전환_video,[26.08]F_V_BT칩_전환_블트칩출시_쩜오건_시즈닝강조.이국주.KR1_var7.릴스_블트칩.반전.슬기.X_1P__260820_제과_문형민,16,0,160.0,0
2026-10-05,[제과_블트하] 26.07_블트깡출시_수동_전환_video_전체타겟,0807_인덕션BP_블트칩출시 (KR1),[26.08]F_V_BT칩_전환_블트칩출시_신규BP_인덕션BP.KR1_var3.릴스_조합취식.X_1P_김소희_260807_제과_이봄1,41838,1516,1293203.0,83
2026-10-05,(마스터ASC)[제과_블트하] 26.07_블트깡출시_ASC_전환_video,(마스터ASC)[제과_블트하] 26.07_블트깡출시_ASC_전환_video,[26.08]F_V_BT깡_전환_블트깡출시_라이브커머스형_라이브커머스형.KR1_var5.릴스_전체.맛비주얼.슬기.X_1P_김소희_260812_제과_피재은,3,0,49.0,0
2026-10-05,(마스터ASC)[제과_블트하] 26.07_블트깡출시_ASC_전환_video,(마스터ASC)[제과_블트하] 26.07_블트깡출시_ASC_전환_video,[26.08]F_V_BT깡_전환_블트깡출시_쩜오건_시즈닝강조.이국주.KR1_var4.릴스_블트깡.확산맛조합.슬기.X_1P__260820_제과_문형민,12,0,109.0,0
2026-10-01,[제과_초코퐁당] 26.09_초코퐁당출시_수동_전환_video_전체타겟,(0918)소비자상황형(PMS)_초코퐁당출시 (KR1) (봄님),[26.09]F_V_PN초_전환_초코퐁당출시_소비자상황형_님스초코컵BP.KR1_var1.릴스_앞단줄이기.X_2P_권미정_260918_제과_이봄1,15904,328,202576.0,18
2026-10-01,[제과_초코퐁당] 26.09_초코퐁당출시_수동_전환_video_전체타겟,(0918)소비자상황형(PMS)_초코퐁당출시 (KR1) (봄님),[26.09]F_V_PN초_전환_초코퐁당출시_소비자상황형_님스초코컵BP.KR1_main.릴스_PMS.규모감.(재).X_2P_권미정_260922_제과_이봄1,9616,108,82360.0,8
2026-10-01,[제과_초코퐁당] 26.09_초코퐁당출시_수동_전환_video_전체타겟,(0918)소비자상황형(PMS)_초코퐁당출시 (KR1) (봄님),[26.09]F_V_PN초_전환_초코퐁당출시_소비자상황형_님스초코컵BP.KR1_var1.릴스_PMS.생초코연상.(재).X_2P_권미정_260922_제과_이봄1,574,3,4495.0,1
2026-10-02,[제과_초코퐁당] 26.09_초코퐁당출시_수동_전환_video_전체타겟,(0904) 먹스타형_초코퐁당출시 (KR1) (봄님),[26.09]F_V_PN초_전환_초코퐁당출시_맛인지형_먹스타그램.KR1_var5.릴스_일본 덕후+밈.X_2P_권미정_260904_제과_이봄1,549,1,8253.0,0
2026-10-02,[제과_초코퐁당] 26.09_초코퐁당출시_수동_전환_video_전체타겟,(0904) 쩜오건_초코퐁당출시 (KR1) (봄님),[26.09]F_V_PN초_전환_초코퐁당출시_쩜오건_토마토테라BP.KR1_main.릴스_님스저당버전.X_2P_권미정_260904_제과_이봄1,950,8,13449.0,0
2026-10-02,[제과_초코퐁당] 26.09_초코퐁당출시_수동_전환_video_전체타겟,(0911) 인플루언서형_초코퐁당출시 (KR1) (봄님),[26.09]F_V_PN초_전환_초코퐁당출시_인플루언서형_인플루언서형.KR1_main.릴스_본론.(재).X_2P_권미정_260915_제과_이봄1,672,9,11902.0,1
2026-10-02,[제과_초코퐁당] 26.09_초코퐁당출시_수동_전환_video_전체타겟,(0911) 인플루언서형_초코퐁당출시 (KR1) (봄님),[26.09]F_V_PN초_전환_초코퐁당출시_인플루언서형_인플루언서형.KR1_var1.릴스_PMS페인.(재).X_2P_권미정_260915_제과_이봄1,91,1,1425.0,0
2026-10-02,[제과_초코퐁당] 26.09_초코퐁당출시_수동_전환_video_전체타겟,(0911) 인플루언서형_초코퐁당출시 (KR1) (봄님),[26.09]F_V_PN초_전환_초코퐁당출시_인플루언서형_인플루언서형.KR1_var2.릴스_PMS폭주.(재).X_2P_권미정_260915_제과_이봄1,813,10,10524.0,0
2026-10-02,[제과_초코퐁당] 26.09_초코퐁당출시_수동_전환_video_전체타겟,(0911) 인플루언서형_초코퐁당출시 (KR1) (봄님),[26.09]F_V_PN초_전환_초코퐁당출시_인플루언서형_인플루언서형.KR1_var3.릴스_나잇살.(재).X_2P_권미정_260915_제과_이봄1,250,5,4417.0,0
2026-10-02,[제과_초코퐁당] 26.09_초코퐁당출시_수동_전환_video_전체타겟,(0911) 인플루언서형_초코퐁당출시 (KR1) (봄님),[26.09]F_V_PN초_전환_초코퐁당출시_인플루언서형_인플루언서형.KR1_var4.릴스_남자친구의선물.(재).X_2P_권미정_260915_제과_이봄1,4484,84,76011.0,6
2026-10-02,[제과_초코퐁당] 26.09_초코퐁당출시_수동_전환_video_전체타겟,(0911) 인플루언서형_초코퐁당출시 (KR1) (봄님),[26.09]F_V_PN초_전환_초코퐁당출시_인플루언서형_인플루언서형.KR1_var5.릴스_초콜릿맛인지.(재).X_2P_권미정_260915_제과_이봄1,2,0,21.0,0
2026-10-02,[제과_초코퐁당] 26.09_초코퐁당출시_수동_전환_video_전체타겟,(0918)소비자상황형(PMS)_초코퐁당출시 (KR1) (봄님),[26.09]F_V_PN초_전환_초코퐁당출시_소비자상황형_님스초코컵BP.KR1_var1.릴스_앞단줄이기.X_2P_권미정_260918_제과_이봄1,14334,327,209973.0,25
2026-10-02,[제과_초코퐁당] 26.09_초코퐁당출시_수동_전환_video_전체타겟,(0918)소비자상황형(PMS)_초코퐁당출시 (KR1) (봄님),[26.09]F_V_PN초_전환_초코퐁당출시_소비자상황형_님스초코컵BP.KR1_main.릴스_PMS.규모감.(재).X_2P_권미정_260922_제과_이봄1,10298,112,104660.0,17
2026-10-02,[제과_초코퐁당] 26.09_초코퐁당출시_수동_전환_video_전체타겟,(0918)소비자상황형(PMS)_초코퐁당출시 (KR1) (봄님),[26.09]F_V_PN초_전환_초코퐁당출시_소비자상황형_님스초코컵BP.KR1_var1.릴스_PMS.생초코연상.(재).X_2P_권미정_260922_제과_이봄1,425,0,3083.0,0
2026-10-03,[제과_초코퐁당] 26.09_초코퐁당출시_수동_전환_video_전체타겟,(0904) 먹스타형_초코퐁당출시 (KR1) (봄님),[26.09]F_V_PN초_전환_초코퐁당출시_맛인지형_먹스타그램.KR1_var5.릴스_일본 덕후+밈.X_2P_권미정_260904_제과_이봄1,4627,49,76132.0,6
2026-10-03,[제과_초코퐁당] 26.09_초코퐁당출시_수동_전환_video_전체타겟,(0911) 인플루언서형_초코퐁당출시 (KR1) (봄님),[26.09]F_V_PN초_전환_초코퐁당출시_인플루언서형_인플루언서형.KR1_main.릴스_본론.(재).X_2P_권미정_260915_제과_이봄1,1521,21,24168.0,2
2026-10-03,[제과_초코퐁당] 26.09_초코퐁당출시_수동_전환_video_전체타겟,(0911) 인플루언서형_초코퐁당출시 (KR1) (봄님),[26.09]F_V_PN초_전환_초코퐁당출시_인플루언서형_인플루언서형.KR1_var1.릴스_PMS페인.(재).X_2P_권미정_260915_제과_이봄1,1020,17,15090.0,2
2026-10-03,[제과_초코퐁당] 26.09_초코퐁당출시_수동_전환_video_전체타겟,(0911) 인플루언서형_초코퐁당출시 (KR1) (봄님),[26.09]F_V_PN초_전환_초코퐁당출시_인플루언서형_인플루언서형.KR1_var3.릴스_나잇살.(재).X_2P_권미정_260915_제과_이봄1,616,9,10846.0,0
2026-10-03,[제과_초코퐁당] 26.09_초코퐁당출시_수동_전환_video_전체타겟,(0911) 인플루언서형_초코퐁당출시 (KR1) (봄님),[26.09]F_V_PN초_전환_초코퐁당출시_인플루언서형_인플루언서형.KR1_var4.릴스_남자친구의선물.(재).X_2P_권미정_260915_제과_이봄1,19744,351,335053.0,25
2026-10-03,[제과_초코퐁당] 26.09_초코퐁당출시_수동_전환_video_전체타겟,(0911) 인플루언서형_초코퐁당출시 (KR1) (봄님),[26.09]F_V_PN초_전환_초코퐁당출시_인플루언서형_인플루언서형.KR1_var5.릴스_초콜릿맛인지.(재).X_2P_권미정_260915_제과_이봄1,10,0,85.0,0
2026-10-03,[제과_초코퐁당] 26.09_초코퐁당출시_수동_전환_video_전체타겟,(0918)소비자상황형(PMS)_초코퐁당출시 (KR1) (봄님),[26.09]F_V_PN초_전환_초코퐁당출시_소비자상황형_님스초코컵BP.KR1_var1.릴스_앞단줄이기.X_2P_권미정_260918_제과_이봄1,954,20,16244.0,1
2026-10-03,[제과_초코퐁당] 26.09_초코퐁당출시_수동_전환_video_전체타겟,(0918)소비자상황형(PMS)_초코퐁당출시 (KR1) (봄님),[26.09]F_V_PN초_전환_초코퐁당출시_소비자상황형_님스초코컵BP.KR1_main.릴스_PMS.규모감.(재).X_2P_권미정_260922_제과_이봄1,2668,31,29180.0,2
2026-10-03,[제과_초코퐁당] 26.09_초코퐁당출시_수동_전환_video_전체타겟,(0918)소비자상황형(PMS)_초코퐁당출시 (KR1) (봄님),[26.09]F_V_PN초_전환_초코퐁당출시_소비자상황형_님스초코컵BP.KR1_var1.릴스_PMS.생초코연상.(재).X_2P_권미정_260922_제과_이봄1,281,2,1839.0,0
2026-10-04,[제과_초코퐁당] 26.09_초코퐁당출시_수동_전환_video_전체타겟,(0904) 먹스타형_초코퐁당출시 (KR1) (봄님),[26.09]F_V_PN초_전환_초코퐁당출시_맛인지형_먹스타그램.KR1_var5.릴스_일본 덕후+밈.X_2P_권미정_260904_제과_이봄1,1079,8,13656.0,0
2026-10-04,[제과_초코퐁당] 26.09_초코퐁당출시_수동_전환_video_전체타겟,(0911) 인플루언서형_초코퐁당출시 (KR1) (봄님),[26.09]F_V_PN초_전환_초코퐁당출시_인플루언서형_인플루언서형.KR1_main.릴스_본론.(재).X_2P_권미정_260915_제과_이봄1,24274,367,379925.0,30
2026-10-04,[제과_초코퐁당] 26.09_초코퐁당출시_수동_전환_video_전체타겟,(0911) 인플루언서형_초코퐁당출시 (KR1) (봄님),[26.09]F_V_PN초_전환_초코퐁당출시_인플루언서형_인플루언서형.KR1_var1.릴스_PMS페인.(재).X_2P_권미정_260915_제과_이봄1,614,6,9473.0,0
2026-10-04,[제과_초코퐁당] 26.09_초코퐁당출시_수동_전환_video_전체타겟,(0911) 인플루언서형_초코퐁당출시 (KR1) (봄님),[26.09]F_V_PN초_전환_초코퐁당출시_인플루언서형_인플루언서형.KR1_var5.릴스_초콜릿맛인지.(재).X_2P_권미정_260915_제과_이봄1,97,3,2350.0,1
2026-10-04,[제과_초코퐁당] 26.09_초코퐁당출시_수동_전환_video_전체타겟,(0918)소비자상황형(PMS)_초코퐁당출시 (KR1) (봄님),[26.09]F_V_PN초_전환_초코퐁당출시_소비자상황형_님스초코컵BP.KR1_var1.릴스_앞단줄이기.X_2P_권미정_260918_제과_이봄1,8016,172,100816.0,10
2026-10-04,[제과_초코퐁당] 26.09_초코퐁당출시_수동_전환_video_전체타겟,(0918)소비자상황형(PMS)_초코퐁당출시 (KR1) (봄님),[26.09]F_V_PN초_전환_초코퐁당출시_소비자상황형_님스초코컵BP.KR1_var1.릴스_PMS.생초코연상.(재).X_2P_권미정_260922_제과_이봄1,1085,5,8434.0,2
2026-10-05,[제과_초코퐁당] 26.09_초코퐁당출시_수동_전환_video_전체타겟,(0911) 인플루언서형_초코퐁당출시 (KR1) (봄님),[26.09]F_V_PN초_전환_초코퐁당출시_인플루언서형_인플루언서형.KR1_main.릴스_본론.(재).X_2P_권미정_260915_제과_이봄1,5639,77,80869.0,6
2026-10-05,[제과_초코퐁당] 26.09_초코퐁당출시_수동_전환_video_전체타겟,(0911) 인플루언서형_초코퐁당출시 (KR1) (봄님),[26.09]F_V_PN초_전환_초코퐁당출시_인플루언서형_인플루언서형.KR1_var4.릴스_남자친구의선물.(재).X_2P_권미정_260915_제과_이봄1,4094,62,56004.0,5
2026-10-05,[제과_초코퐁당] 26.09_초코퐁당출시_수동_전환_video_전체타겟,(0911) 인플루언서형_초코퐁당출시 (KR1) (봄님),[26.09]F_V_PN초_전환_초코퐁당출시_인플루언서형_인플루언서형.KR1_var5.릴스_초콜릿맛인지.(재).X_2P_권미정_260915_제과_이봄1,789,11,16284.0,1
2026-10-05,[제과_초코퐁당] 26.09_초코퐁당출시_수동_전환_video_전체타겟,(0918)소비자상황형(PMS)_초코퐁당출시 (KR1) (봄님),[26.09]F_V_PN초_전환_초코퐁당출시_소비자상황형_님스초코컵BP.KR1_var1.릴스_앞단줄이기.X_2P_권미정_260918_제과_이봄1,30977,655,381212.0,47
2026-10-05,[제과_초코퐁당] 26.09_초코퐁당출시_수동_전환_video_전체타겟,(0918)소비자상황형(PMS)_초코퐁당출시 (KR1) (봄님),[26.09]F_V_PN초_전환_초코퐁당출시_소비자상황형_님스초코컵BP.KR1_main.릴스_PMS.규모감.(재).X_2P_권미정_260922_제과_이봄1,5266,49,48469.0,5
2026-10-05,[제과_초코퐁당] 26.09_초코퐁당출시_수동_전환_video_전체타겟,(0918)소비자상황형(PMS)_초코퐁당출시 (KR1) (봄님),[26.09]F_V_PN초_전환_초코퐁당출시_소비자상황형_님스초코컵BP.KR1_var1.릴스_PMS.생초코연상.(재).X_2P_권미정_260922_제과_이봄1,1141,2,10497.0,4
2026-10-01,(마스터ASC)[제과_블트하] 26.07_블트깡출시_ASC_전환_video,(마스터ASC)[제과_블트하] 26.07_블트깡출시_ASC_전환_video,[26.08]F_V_BT깡_전환_블트깡출시_라이브커머스형_라이브커머스형.KR1_var10.릴스_가격강조.취식.슬기.X_1P_김소희_260812_제과_피재은,10,0,306.0,0
2026-10-01,[제과_초코퐁당] 26.09_초코퐁당출시_수동_전환_video_전체타겟,(0923) 지인네고형_초코퐁당출시 (KR1) (재은님),[26.09]F_V_PN초_전환_초코퐁당출시_네고형_지인네고형.KR1_main.릴스_메인.X_1P_권미정_260923_제과_피재은,407,8,9303.0,2
2026-10-01,[제과_초코퐁당] 26.09_초코퐁당출시_수동_전환_video_전체타겟,(0923) 지인네고형_초코퐁당출시 (KR1) (재은님),[26.09]F_V_PN초_전환_초코퐁당출시_네고형_지인네고형.KR1_var3.릴스_다이어트.X_1P_권미정_260923_제과_피재은,798,8,8681.0,0
2026-10-01,[제과_초코퐁당] 26.09_초코퐁당출시_수동_전환_video_전체타겟,(0923) 지인네고형_초코퐁당출시 (KR1) (재은님),[26.09]F_V_PN초_전환_초코퐁당출시_네고형_지인네고형.KR1_var4.릴스_로이스.X_1P_권미정_260923_제과_피재은,303,7,3946.0,0
2026-10-01,[제과_초코퐁당] 26.09_초코퐁당출시_수동_전환_video_전체타겟,(0923) 지인네고형_초코퐁당출시 (KR1) (재은님),[26.09]F_V_PN초_전환_초코퐁당출시_네고형_지인네고형.KR1_var1.릴스_살안찌는.X_1P_권미정_260923_제과_피재은,1480,24,22188.0,1
2026-10-01,[제과_초코퐁당] 26.09_초코퐁당출시_수동_전환_video_전체타겟,(0923) 지인네고형_초코퐁당출시 (KR1) (재은님),[26.09]F_V_PN초_전환_초코퐁당출시_네고형_지인네고형.KR1_var2.릴스_생초코.X_1P_권미정_260923_제과_피재은,1811,47,33318.0,4
2026-10-01,[제과_초코퐁당] 26.09_초코퐁당출시_수동_전환_video_전체타겟,(0923) 책상네고형_초코퐁당출시 (KR1) (봄님),[26.09]F_V_PN초_전환_초코퐁당출시_네고형_책상네고형.KR1_main.릴스_기본.X_2P_권미정_260923_제과_이봄1,1870,24,17876.0,0
2026-10-01,[제과_초코퐁당] 26.09_초코퐁당출시_수동_전환_video_전체타겟,(0923) 책상네고형_초코퐁당출시 (KR1) (봄님),[26.09]F_V_PN초_전환_초코퐁당출시_네고형_책상네고형.KR1_var1.릴스_다이어터커뮤.X_2P_권미정_260923_제과_이봄1,244,5,3896.0,1
2026-10-01,[제과_초코퐁당] 26.09_초코퐁당출시_수동_전환_video_전체타겟,(0929) 소비자상황형 쩜오건_초코퐁당 출시 (KR1) (수정님),[26.09]F_I_PN초_전환_초코퐁당출시_제품강조형_KR1_.릴스_공감상황.다이어트입터짐방지.__권미정_260929_제과_김수정,1179,22,16370.0,1
2026-10-01,[제과_초코퐁당] 26.09_초코퐁당출시_수동_전환_video_전체타겟,(0929) 소비자상황형 쩜오건_초코퐁당 출시 (KR1) (수정님),[26.09]F_I_PN초_전환_초코퐁당출시_제품강조형_KR1_.릴스_공감상황.5봉지조져도.__권미정_260929_제과_김수정,3845,54,45846.0,3
2026-10-01,[제과_초코퐁당] 26.09_초코퐁당출시_수동_전환_video_전체타겟,(0929) 소비자상황형 쩜오건_초코퐁당 출시 (KR1) (수정님),[26.09]F_I_PN초_전환_초코퐁당출시_제품강조형_KR1_.릴스_공감상황.초코애들땡깡.__권미정_260930_제과_김수정,10136,95,132772.0,11
2026-10-01,[제과_초코퐁당] 26.09_초코퐁당출시_수동_전환_video_전체타겟,(1001) 고객후기형(클룹BP)_초코퐁당출시 (KR1) (형민님),[26.10]F_V_PN초_전환_초코퐁당출시_인물리뷰형_고객후기형.KR1_var1.릴스_BP.X_1P_권미정_261001_제과_문형민,1072,24,14646.0,2
2026-10-01,[제과_초코퐁당] 26.09_초코퐁당출시_수동_전환_video_전체타겟,(1001) 고객후기형(클룹BP)_초코퐁당출시 (KR1) (형민님),[26.10]F_V_PN초_전환_초코퐁당출시_인물리뷰형_고객후기형.KR1_var3.릴스_TOM.다이어터.X_1P_권미정_261001_제과_문형민,1363,14,15084.0,1
2026-10-01,[제과_초코퐁당] 26.09_초코퐁당출시_수동_전환_video_전체타겟,(1001) 고객후기형(클룹BP)_초코퐁당출시 (KR1) (형민님),[26.10]F_V_PN초_전환_초코퐁당출시_인물리뷰형_고객후기형.KR1_var4.릴스_공통.X_1P_권미정_261001_제과_문형민,825,9,10017.0,1
2026-10-01,[제과_초코퐁당] 26.09_초코퐁당출시_수동_전환_video_전체타겟,(1001) 고객후기형(클룹BP)_초코퐁당출시 (KR1) (형민님),[26.10]F_V_PN초_전환_초코퐁당출시_인물리뷰형_고객후기형.KR1_var2.릴스_다이어터.X_1P_권미정_261001_제과_문형민,563,5,7269.0,1
2026-10-01,[제과_초코퐁당] 26.09_초코퐁당출시_수동_전환_video_전체타겟,(1001) 고객후기형(클룹BP)_초코퐁당출시 (KR1) (형민님),[26.10]F_V_PN초_전환_초코퐁당출시_인물리뷰형_고객후기형.KR1_main.릴스_SP.X_1P_권미정_261001_제과_문형민,614,5,8586.0,2
2026-10-01,[제과_초코퐁당] 26.09_초코퐁당출시_수동_전환_video_전체타겟,(1001) 다이어터 대세감 카피 검증용_초코퐁당 출시 (KR1) (지현님),[26.09]F_I_PN초_전환_초코퐁당출시_제품강조형_KR1_.릴스_초코덕후.대세감.__권미정_261001_제과_박지현,1495,20,17182.0,2
2026-10-01,[제과_초코퐁당] 26.09_초코퐁당출시_수동_전환_video_전체타겟,(1001) 다이어터 대세감 카피 검증용_초코퐁당 출시 (KR1) (지현님),[26.09]F_I_PN초_전환_초코퐁당출시_제품강조형_KR1_.릴스_다이어터.대세감.__권미정_261001_제과_박지현,2250,28,26028.0,1
2026-10-01,[제과_초코퐁당] 26.09_초코퐁당출시_수동_전환_video_전체타겟,(1001) 다이어터 대세감 카피 검증용_초코퐁당 출시 (KR1) (지현님),[26.09]F_I_PN초_전환_초코퐁당출시_제품강조형_KR1_.릴스_다이어터.대세감2.__권미정_261001_제과_박지현,1168,13,13530.0,1
2026-10-02,(마스터ASC)[제과_블트하] 26.07_블트깡출시_ASC_전환_video,(마스터ASC)[제과_블트하] 26.07_블트깡출시_ASC_전환_video,[26.08]F_V_BT깡_전환_블트깡출시_라이브커머스형_라이브커머스형.KR1_var10.릴스_가격강조.취식.슬기.X_1P_김소희_260812_제과_피재은,67,0,1195.0,0
2026-10-02,[제과_초코퐁당] 26.09_초코퐁당출시_수동_전환_video_전체타겟,(0923) 지인네고형_초코퐁당출시 (KR1) (재은님),[26.09]F_V_PN초_전환_초코퐁당출시_네고형_지인네고형.KR1_main.릴스_메인.X_1P_권미정_260923_제과_피재은,345,12,10564.0,0
2026-10-02,[제과_초코퐁당] 26.09_초코퐁당출시_수동_전환_video_전체타겟,(0923) 지인네고형_초코퐁당출시 (KR1) (재은님),[26.09]F_V_PN초_전환_초코퐁당출시_네고형_지인네고형.KR1_var2.릴스_생초코.X_1P_권미정_260923_제과_피재은,605,13,9663.0,1
2026-10-02,[제과_초코퐁당] 26.09_초코퐁당출시_수동_전환_video_전체타겟,(0923) 책상네고형_초코퐁당출시 (KR1) (봄님),[26.09]F_V_PN초_전환_초코퐁당출시_네고형_책상네고형.KR1_main.릴스_기본.X_2P_권미정_260923_제과_이봄1,3889,54,40411.0,2
2026-10-02,[제과_초코퐁당] 26.09_초코퐁당출시_수동_전환_video_전체타겟,(0923) 책상네고형_초코퐁당출시 (KR1) (봄님),[26.09]F_V_PN초_전환_초코퐁당출시_네고형_책상네고형.KR1_var1.릴스_다이어터커뮤.X_2P_권미정_260923_제과_이봄1,781,6,10101.0,0
2026-10-02,[제과_초코퐁당] 26.09_초코퐁당출시_수동_전환_video_전체타겟,(0929) 소비자상황형 쩜오건_초코퐁당 출시 (KR1) (수정님),[26.09]F_I_PN초_전환_초코퐁당출시_제품강조형_KR1_.릴스_공감상황.다이어트입터짐방지.__권미정_260929_제과_김수정,5,1,109.0,0
2026-10-02,[제과_초코퐁당] 26.09_초코퐁당출시_수동_전환_video_전체타겟,(0929) 소비자상황형 쩜오건_초코퐁당 출시 (KR1) (수정님),[26.09]F_I_PN초_전환_초코퐁당출시_제품강조형_KR1_.릴스_공감상황.5봉지조져도.__권미정_260929_제과_김수정,1132,18,13098.0,0
2026-10-02,[제과_초코퐁당] 26.09_초코퐁당출시_수동_전환_video_전체타겟,(0929) 소비자상황형 쩜오건_초코퐁당 출시 (KR1) (수정님),[26.09]F_I_PN초_전환_초코퐁당출시_제품강조형_KR1_.릴스_공감상황.초코애들땡깡.__권미정_260930_제과_김수정,1329,8,18040.0,2
2026-10-02,[제과_초코퐁당] 26.09_초코퐁당출시_수동_전환_video_전체타겟,(1001) 고객후기형(클룹BP)_초코퐁당출시 (KR1) (형민님),[26.10]F_V_PN초_전환_초코퐁당출시_인물리뷰형_고객후기형.KR1_var1.릴스_BP.X_1P_권미정_261001_제과_문형민,857,5,10871.0,0
2026-10-02,[제과_초코퐁당] 26.09_초코퐁당출시_수동_전환_video_전체타겟,(1001) 고객후기형(클룹BP)_초코퐁당출시 (KR1) (형민님),[26.10]F_V_PN초_전환_초코퐁당출시_인물리뷰형_고객후기형.KR1_var3.릴스_TOM.다이어터.X_1P_권미정_261001_제과_문형민,1049,4,9469.0,3
2026-10-02,[제과_초코퐁당] 26.09_초코퐁당출시_수동_전환_video_전체타겟,(1001) 고객후기형(클룹BP)_초코퐁당출시 (KR1) (형민님),[26.10]F_V_PN초_전환_초코퐁당출시_인물리뷰형_고객후기형.KR1_var4.릴스_공통.X_1P_권미정_261001_제과_문형민,510,5,5341.0,2
2026-10-02,[제과_초코퐁당] 26.09_초코퐁당출시_수동_전환_video_전체타겟,(1001) 고객후기형(클룹BP)_초코퐁당출시 (KR1) (형민님),[26.10]F_V_PN초_전환_초코퐁당출시_인물리뷰형_고객후기형.KR1_var2.릴스_다이어터.X_1P_권미정_261001_제과_문형민,196,3,2747.0,0
2026-10-02,[제과_초코퐁당] 26.09_초코퐁당출시_수동_전환_video_전체타겟,(1001) 고객후기형(클룹BP)_초코퐁당출시 (KR1) (형민님),[26.10]F_V_PN초_전환_초코퐁당출시_인물리뷰형_고객후기형.KR1_main.릴스_SP.X_1P_권미정_261001_제과_문형민,377,2,4226.0,0
2026-10-02,[제과_초코퐁당] 26.09_초코퐁당출시_수동_전환_video_전체타겟,(1001) 다이어터 대세감 카피 검증용_초코퐁당 출시 (KR1) (지현님),[26.09]F_I_PN초_전환_초코퐁당출시_제품강조형_KR1_.릴스_초코덕후.대세감.__권미정_261001_제과_박지현,1017,6,10534.0,0
2026-10-02,[제과_초코퐁당] 26.09_초코퐁당출시_수동_전환_video_전체타겟,(1001) 다이어터 대세감 카피 검증용_초코퐁당 출시 (KR1) (지현님),[26.09]F_I_PN초_전환_초코퐁당출시_제품강조형_KR1_.릴스_다이어터.대세감.__권미정_261001_제과_박지현,2377,30,23492.0,1
2026-10-02,[제과_초코퐁당] 26.09_초코퐁당출시_수동_전환_video_전체타겟,(1001) 다이어터 대세감 카피 검증용_초코퐁당 출시 (KR1) (지현님),[26.09]F_I_PN초_전환_초코퐁당출시_제품강조형_KR1_.릴스_다이어터.대세감2.__권미정_261001_제과_박지현,1456,11,12398.0,1
2026-10-02,[제과_초코퐁당] 26.09_초코퐁당출시_수동_전환_video_전체타겟,(1001) 제조과정 실체 활용형_초코퐁당 출시 (KR1) (서연님),[26.10]F_I_PN초_전환_초코퐁당출시_제품강조형_KR1_.릴스_함침_6번담갔다뺐.__권미정_261002_제과_박서연,193,1,2757.0,0
2026-10-02,[제과_초코퐁당] 26.09_초코퐁당출시_수동_전환_video_전체타겟,(1001) 제조과정 실체 활용형_초코퐁당 출시 (KR1) (서연님),[26.10]F_I_PN초_전환_초코퐁당출시_제품강조형_KR1_.릴스_생초코_저당초코계에선처음.__권미정_261002_제과_박서연,69,2,1246.0,0
2026-10-02,[제과_초코퐁당] 26.09_초코퐁당출시_수동_전환_video_전체타겟,(1001) 제조과정 실체 활용형_초코퐁당 출시 (KR1) (서연님),[26.10]F_I_PN초_전환_초코퐁당출시_제품강조형_KR1_.릴스_함침_진공함침.__권미정_261002_제과_박서연,8,0,35.0,0
2026-10-02,[제과_초코퐁당] 26.09_초코퐁당출시_수동_전환_video_전체타겟,(1001) 제조과정 실체 활용형_초코퐁당 출시 (KR1) (서연님),[26.10]F_I_PN초_전환_초코퐁당출시_제품강조형_KR1_.릴스_함침+생초코_일본최고급.__권미정_261002_제과_박서연,344,2,3957.0,0
2026-10-02,[제과_초코퐁당] 26.09_초코퐁당출시_수동_전환_video_전체타겟,(1001) 제조과정 실체 활용형_초코퐁당 출시 (KR1) (서연님),[26.10]F_I_PN초_전환_초코퐁당출시_제품강조형_KR1_.릴스_생초코_남는것도없는데.__권미정_261002_제과_박서연,1259,12,14842.0,1
2026-10-02,[제과_초코퐁당] 26.09_초코퐁당출시_수동_전환_video_전체타겟,(1001) 제조과정 실체 활용형_초코퐁당 출시 (KR1) (서연님),[26.10]F_I_PN초_전환_초코퐁당출시_제품강조형_KR1_.릴스_생초코_고급초콜릿에만.__김소희_261002_제과_박서연,127,1,2354.0,0
2026-10-02,[제과_초코퐁당] 26.09_초코퐁당출시_수동_전환_video_전체타겟,(1001) 제조과정 실체 활용형_초코퐁당 출시 (KR1) (서연님),[26.10]F_I_PN초_전환_초코퐁당출시_제품강조형_KR1_.릴스_함침+생초코_다들비싸다고초코향만.__권미정_261002_제과_박서연,87,1,1461.0,0
2026-10-02,[제과_초코퐁당] 26.09_초코퐁당출시_수동_전환_video_전체타겟,(1001) 제조과정 실체 활용형_초코퐁당 출시 (KR1) (서연님),[26.10]F_I_PN초_전환_초코퐁당출시_제품강조형_KR1_.릴스_함침_24시간.__권미정_261002_제과_박서연,72,0,1277.0,0
2026-10-02,[제과_초코퐁당] 26.09_초코퐁당출시_수동_전환_video_전체타겟,(1001) 제조과정 실체 활용형_초코퐁당 출시 (KR1) (서연님),[26.10]F_I_PN초_전환_초코퐁당출시_제품강조형_KR1_.릴스_함침+생초코_속까지스며드는.__권미정_261002_제과_박서연,132,1,1934.0,0
2026-10-03,(마스터ASC)[제과_블트하] 26.07_블트깡출시_ASC_전환_video,(마스터ASC)[제과_블트하] 26.07_블트깡출시_ASC_전환_video,[26.08]F_V_BT깡_전환_블트깡출시_라이브커머스형_라이브커머스형.KR1_var10.릴스_가격강조.취식.슬기.X_1P_김소희_260812_제과_피재은,34,1,896.0,0
2026-10-03,[제과_초코퐁당] 26.09_초코퐁당출시_수동_전환_video_전체타겟,(0929) 소비자상황형 쩜오건_초코퐁당 출시 (KR1) (수정님),[26.09]F_I_PN초_전환_초코퐁당출시_제품강조형_KR1_.릴스_공감상황.다이어트입터짐방지.__권미정_260929_제과_김수정,29102,393,378012.0,27
2026-10-03,[제과_초코퐁당] 26.09_초코퐁당출시_수동_전환_video_전체타겟,(0929) 소비자상황형 쩜오건_초코퐁당 출시 (KR1) (수정님),[26.09]F_I_PN초_전환_초코퐁당출시_제품강조형_KR1_.릴스_공감상황.탕비실간식.__권미정_260930_제과_김수정,928,8,15697.0,1
2026-10-03,[제과_초코퐁당] 26.09_초코퐁당출시_수동_전환_video_전체타겟,(0929) 소비자상황형 쩜오건_초코퐁당 출시 (KR1) (수정님),[26.09]F_I_PN초_전환_초코퐁당출시_제품강조형_KR1_.릴스_공감상황.초코애들땡깡.__권미정_260930_제과_김수정,13007,164,138883.0,16
2026-10-03,[제과_초코퐁당] 26.09_초코퐁당출시_수동_전환_video_전체타겟,(1001) 고객후기형(클룹BP)_초코퐁당출시 (KR1) (형민님),[26.10]F_V_PN초_전환_초코퐁당출시_인물리뷰형_고객후기형.KR1_var3.릴스_TOM.다이어터.X_1P_권미정_261001_제과_문형민,950,5,9834.0,1
2026-10-03,[제과_초코퐁당] 26.09_초코퐁당출시_수동_전환_video_전체타겟,(1001) 고객후기형(클룹BP)_초코퐁당출시 (KR1) (형민님),[26.10]F_V_PN초_전환_초코퐁당출시_인물리뷰형_고객후기형.KR1_var4.릴스_공통.X_1P_권미정_261001_제과_문형민,229,3,2181.0,0
2026-10-03,[제과_초코퐁당] 26.09_초코퐁당출시_수동_전환_video_전체타겟,(1001) 고객후기형(클룹BP)_초코퐁당출시 (KR1) (형민님),[26.10]F_V_PN초_전환_초코퐁당출시_인물리뷰형_고객후기형.KR1_var2.릴스_다이어터.X_1P_권미정_261001_제과_문형민,56,0,605.0,0
2026-10-03,[제과_초코퐁당] 26.09_초코퐁당출시_수동_전환_video_전체타겟,(1001) 고객후기형(클룹BP)_초코퐁당출시 (KR1) (형민님),[26.10]F_V_PN초_전환_초코퐁당출시_인물리뷰형_고객후기형.KR1_main.릴스_SP.X_1P_권미정_261001_제과_문형민,183,1,1529.0,0
2026-10-04,(마스터ASC)[제과_블트하] 26.07_블트깡출시_ASC_전환_video,(마스터ASC)[제과_블트하] 26.07_블트깡출시_ASC_전환_video,[26.08]F_V_BT깡_전환_블트깡출시_라이브커머스형_라이브커머스형.KR1_var10.릴스_가격강조.취식.슬기.X_1P_김소희_260812_제과_피재은,11,1,250.0,0
2026-10-04,[제과_초코퐁당] 26.09_초코퐁당출시_수동_전환_video_전체타겟,(0929) 소비자상황형 쩜오건_초코퐁당 출시 (KR1) (수정님),[26.09]F_I_PN초_전환_초코퐁당출시_제품강조형_KR1_.릴스_공감상황.다이어트입터짐방지.__권미정_260929_제과_김수정,18850,224,236529.0,18
2026-10-04,[제과_초코퐁당] 26.09_초코퐁당출시_수동_전환_video_전체타겟,(0929) 소비자상황형 쩜오건_초코퐁당 출시 (KR1) (수정님),[26.09]F_I_PN초_전환_초코퐁당출시_제품강조형_KR1_.릴스_공감상황.초코애들땡깡.__권미정_260930_제과_김수정,1299,13,14800.0,1
2026-10-04,[제과_초코퐁당] 26.09_초코퐁당출시_수동_전환_video_전체타겟,(1001) 고객후기형(클룹BP)_초코퐁당출시 (KR1) (형민님),[26.10]F_V_PN초_전환_초코퐁당출시_인물리뷰형_고객후기형.KR1_var3.릴스_TOM.다이어터.X_1P_권미정_261001_제과_문형민,285,1,1750.0,0
2026-10-04,[제과_초코퐁당] 26.09_초코퐁당출시_수동_전환_video_전체타겟,(1001) 고객후기형(클룹BP)_초코퐁당출시 (KR1) (형민님),[26.10]F_V_PN초_전환_초코퐁당출시_인물리뷰형_고객후기형.KR1_var4.릴스_공통.X_1P_권미정_261001_제과_문형민,25,0,175.0,0
2026-10-04,[제과_초코퐁당] 26.09_초코퐁당출시_수동_전환_video_전체타겟,(1001) 고객후기형(클룹BP)_초코퐁당출시 (KR1) (형민님),[26.10]F_V_PN초_전환_초코퐁당출시_인물리뷰형_고객후기형.KR1_var2.릴스_다이어터.X_1P_권미정_261001_제과_문형민,49,1,876.0,0
2026-10-04,[제과_초코퐁당] 26.09_초코퐁당출시_수동_전환_video_전체타겟,(1001) 고객후기형(클룹BP)_초코퐁당출시 (KR1) (형민님),[26.10]F_V_PN초_전환_초코퐁당출시_인물리뷰형_고객후기형.KR1_main.릴스_SP.X_1P_권미정_261001_제과_문형민,37,0,196.0,0
2026-10-05,(마스터ASC)[제과_블트하] 26.07_블트깡출시_ASC_전환_video,(마스터ASC)[제과_블트하] 26.07_블트깡출시_ASC_전환_video,[26.08]F_V_BT깡_전환_블트깡출시_라이브커머스형_라이브커머스형.KR1_var10.릴스_가격강조.취식.슬기.X_1P_김소희_260812_제과_피재은,7,0,164.0,0
2026-10-05,[제과_초코퐁당] 26.09_초코퐁당출시_수동_전환_video_전체타겟,(0929) 소비자상황형 쩜오건_초코퐁당 출시 (KR1) (수정님),[26.09]F_I_PN초_전환_초코퐁당출시_제품강조형_KR1_.릴스_공감상황.다이어트입터짐방지.__권미정_260929_제과_김수정,21095,293,325602.0,28
2026-10-05,[제과_초코퐁당] 26.09_초코퐁당출시_수동_전환_video_전체타겟,(0929) 소비자상황형 쩜오건_초코퐁당 출시 (KR1) (수정님),[26.09]F_I_PN초_전환_초코퐁당출시_제품강조형_KR1_.릴스_공감상황.초코애들땡깡.__권미정_260930_제과_김수정,29471,262,329149.0,20
2026-10-01,(마스터ASC)[제과_블트하] 26.07_블트깡출시_ASC_전환_video,(마스터ASC)[제과_블트하] 26.07_블트깡출시_ASC_전환_video,[26.07]F_V_BT깡_전환_블트깡출시_쩜오건_대세감실체.KR1_var2.릴스_여배우유튜브.X_1P_김소희_260715_제과_문형민,122,2,1167.0,0
2026-10-01,(마스터ASC)[제과_블트하] 26.07_블트깡출시_ASC_전환_video,(마스터ASC)[제과_블트하] 26.07_블트깡출시_ASC_전환_video,[26.08]F_V_BT칩_전환_블트칩출시_신규BP_아린이네BP.KR1_var1.릴스_공구형.페인포인트.가격.X_2P_최나영_260811_제과_윤성미,10,0,224.0,0
2026-10-01,(마스터ASC)[제과_블트하] 26.07_블트깡출시_ASC_전환_video,(마스터ASC)[제과_블트하] 26.07_블트깡출시_ASC_전환_video,[26.08]F_V_BT칩_전환_블트칩출시_쩜오건_시즈닝강조.이국주.KR1_var5.릴스_블트칩.메인.슬기.X_1P__260820_제과_문형민,120,0,904.0,0
2026-10-01,(마스터ASC)[제과_블트하] 26.07_블트깡출시_ASC_전환_video,(마스터ASC)[제과_블트하] 26.07_블트깡출시_ASC_전환_video,[26.09]F_V_BT칩_전환_블트깡출시_신규BP_베이직BP.나폴리맛피아.KR1_var5.릴스_맛피아실체2.X_1P__260901_제과_문형민,89,1,861.0,0
2026-10-01,(마스터ASC)[제과_블트하] 26.07_블트깡출시_ASC_전환_video,(마스터ASC)[제과_블트하] 26.07_블트깡출시_ASC_전환_video,[26.09]F_V_BT칩_전환_블트깡출시_쩜오건_나폴리맛피아.KR2_var1.릴스_이태리.슬기.X_1P__260901_제과_피재은,168,4,3451.0,0
2026-10-02,(마스터ASC)[제과_블트하] 26.07_블트깡출시_ASC_전환_video,(마스터ASC)[제과_블트하] 26.07_블트깡출시_ASC_전환_video,[26.07]F_V_BT깡_전환_블트깡출시_쩜오건_대세감실체.KR1_var2.릴스_여배우유튜브.X_1P_김소희_260715_제과_문형민,22,0,506.0,0
2026-10-02,(마스터ASC)[제과_블트하] 26.07_블트깡출시_ASC_전환_video,(마스터ASC)[제과_블트하] 26.07_블트깡출시_ASC_전환_video,[26.08]F_V_BT칩_전환_블트칩출시_신규BP_아린이네BP.KR1_var1.릴스_공구형.페인포인트.가격.X_2P_최나영_260811_제과_윤성미,20,2,1066.0,0
2026-10-02,(마스터ASC)[제과_블트하] 26.07_블트깡출시_ASC_전환_video,(마스터ASC)[제과_블트하] 26.07_블트깡출시_ASC_전환_video,[26.08]F_V_BT칩_전환_블트칩출시_쩜오건_시즈닝강조.이국주.KR1_var5.릴스_블트칩.메인.슬기.X_1P__260820_제과_문형민,42,0,314.0,0
2026-10-02,(마스터ASC)[제과_블트하] 26.07_블트깡출시_ASC_전환_video,(마스터ASC)[제과_블트하] 26.07_블트깡출시_ASC_전환_video,[26.09]F_V_BT칩_전환_블트깡출시_신규BP_베이직BP.나폴리맛피아.KR1_var5.릴스_맛피아실체2.X_1P__260901_제과_문형민,29,0,477.0,0
2026-10-02,(마스터ASC)[제과_블트하] 26.07_블트깡출시_ASC_전환_video,(마스터ASC)[제과_블트하] 26.07_블트깡출시_ASC_전환_video,[26.09]F_V_BT칩_전환_블트깡출시_쩜오건_나폴리맛피아.KR2_var1.릴스_이태리.슬기.X_1P__260901_제과_피재은,32,0,1038.0,0
2026-10-03,(마스터ASC)[제과_블트하] 26.07_블트깡출시_ASC_전환_video,(마스터ASC)[제과_블트하] 26.07_블트깡출시_ASC_전환_video,[26.07]F_V_BT깡_전환_블트깡출시_쩜오건_대세감실체.KR1_var2.릴스_여배우유튜브.X_1P_김소희_260715_제과_문형민,210,0,2305.0,0
2026-10-03,(마스터ASC)[제과_블트하] 26.07_블트깡출시_ASC_전환_video,(마스터ASC)[제과_블트하] 26.07_블트깡출시_ASC_전환_video,[26.08]F_V_BT칩_전환_블트칩출시_신규BP_아린이네BP.KR1_var1.릴스_공구형.페인포인트.가격.X_2P_최나영_260811_제과_윤성미,186,5,6887.0,1
2026-10-03,(마스터ASC)[제과_블트하] 26.07_블트깡출시_ASC_전환_video,(마스터ASC)[제과_블트하] 26.07_블트깡출시_ASC_전환_video,[26.08]F_V_BT칩_전환_블트칩출시_쩜오건_시즈닝강조.이국주.KR1_var5.릴스_블트칩.메인.슬기.X_1P__260820_제과_문형민,50,2,642.0,1
2026-10-03,(마스터ASC)[제과_블트하] 26.07_블트깡출시_ASC_전환_video,(마스터ASC)[제과_블트하] 26.07_블트깡출시_ASC_전환_video,[26.09]F_V_BT칩_전환_블트깡출시_신규BP_베이직BP.나폴리맛피아.KR1_var5.릴스_맛피아실체2.X_1P__260901_제과_문형민,549,6,9941.0,1
2026-10-03,(마스터ASC)[제과_블트하] 26.07_블트깡출시_ASC_전환_video,(마스터ASC)[제과_블트하] 26.07_블트깡출시_ASC_전환_video,[26.09]F_V_BT칩_전환_블트깡출시_쩜오건_나폴리맛피아.KR2_var1.릴스_이태리.슬기.X_1P__260901_제과_피재은,2360,26,43292.0,3
2026-10-04,(마스터ASC)[제과_블트하] 26.07_블트깡출시_ASC_전환_video,(마스터ASC)[제과_블트하] 26.07_블트깡출시_ASC_전환_video,[26.07]F_V_BT깡_전환_블트깡출시_쩜오건_대세감실체.KR1_var2.릴스_여배우유튜브.X_1P_김소희_260715_제과_문형민,188,2,1761.0,0
2026-10-04,(마스터ASC)[제과_블트하] 26.07_블트깡출시_ASC_전환_video,(마스터ASC)[제과_블트하] 26.07_블트깡출시_ASC_전환_video,[26.08]F_V_BT칩_전환_블트칩출시_신규BP_아린이네BP.KR1_var1.릴스_공구형.페인포인트.가격.X_2P_최나영_260811_제과_윤성미,177,8,6523.0,1
2026-10-04,(마스터ASC)[제과_블트하] 26.07_블트깡출시_ASC_전환_video,(마스터ASC)[제과_블트하] 26.07_블트깡출시_ASC_전환_video,[26.08]F_V_BT칩_전환_블트칩출시_쩜오건_시즈닝강조.이국주.KR1_var5.릴스_블트칩.메인.슬기.X_1P__260820_제과_문형민,37,1,751.0,0
2026-10-04,(마스터ASC)[제과_블트하] 26.07_블트깡출시_ASC_전환_video,(마스터ASC)[제과_블트하] 26.07_블트깡출시_ASC_전환_video,[26.09]F_V_BT칩_전환_블트깡출시_신규BP_베이직BP.나폴리맛피아.KR1_var5.릴스_맛피아실체2.X_1P__260901_제과_문형민,1319,27,14258.0,0
2026-10-04,(마스터ASC)[제과_블트하] 26.07_블트깡출시_ASC_전환_video,(마스터ASC)[제과_블트하] 26.07_블트깡출시_ASC_전환_video,[26.09]F_V_BT칩_전환_블트깡출시_쩜오건_나폴리맛피아.KR2_var1.릴스_이태리.슬기.X_1P__260901_제과_피재은,1403,18,25343.0,1
2026-10-05,(마스터ASC)[제과_블트하] 26.07_블트깡출시_ASC_전환_video,(마스터ASC)[제과_블트하] 26.07_블트깡출시_ASC_전환_video,[26.07]F_V_BT깡_전환_블트깡출시_쩜오건_대세감실체.KR1_var2.릴스_여배우유튜브.X_1P_김소희_260715_제과_문형민,16,0,471.0,0
2026-10-05,(마스터ASC)[제과_블트하] 26.07_블트깡출시_ASC_전환_video,(마스터ASC)[제과_블트하] 26.07_블트깡출시_ASC_전환_video,[26.08]F_V_BT칩_전환_블트칩출시_신규BP_아린이네BP.KR1_var1.릴스_공구형.페인포인트.가격.X_2P_최나영_260811_제과_윤성미,56,3,3694.0,0
2026-10-05,(마스터ASC)[제과_블트하] 26.07_블트깡출시_ASC_전환_video,(마스터ASC)[제과_블트하] 26.07_블트깡출시_ASC_전환_video,[26.09]F_V_BT칩_전환_블트깡출시_신규BP_베이직BP.나폴리맛피아.KR1_var5.릴스_맛피아실체2.X_1P__260901_제과_문형민,139,2,1919.0,0
2026-10-01,(마스터ASC)[제과_블트하] 26.07_블트깡출시_ASC_전환_video,(마스터ASC)[제과_블트하] 26.07_블트깡출시_ASC_전환_video,[26.08]F_V_BT칩_전환_블트칩출시_신규BP_아린이네BP.KR1_var2.릴스_공구형.페인포인트.고구성.X_2P_최나영_260811_제과_윤성미,149,4,4548.0,0
2026-10-01,(마스터ASC)[제과_블트하] 26.07_블트깡출시_ASC_전환_video,(마스터ASC)[제과_블트하] 26.07_블트깡출시_ASC_전환_video,[26.08]F_V_BT깡_전환_블트깡출시_라이브커머스형_라이브커머스형.KR1_var11.릴스_가격강조.최저가.슬기.X_1P_김소희_260812_제과_피재은,50,0,439.0,0
2026-10-01,(마스터ASC)[제과_블트하] 26.07_블트깡출시_ASC_전환_video,(마스터ASC)[제과_블트하] 26.07_블트깡출시_ASC_전환_video,[26.08]F_V_BT깡_전환_블트깡출시_혜택희소성_유인맨즈BP.이국주.KR1_main.릴스_메인.슬기.X_1P_최나영_260818_제과_피재은,2038,19,24686.0,1
2026-10-01,(마스터ASC)[제과_블트하] 26.07_블트깡출시_ASC_전환_video,(마스터ASC)[제과_블트하] 26.07_블트깡출시_ASC_전환_video,[26.08]F_V_BT깡_전환_블트깡출시_쩜오건_시즈닝강조.이국주.KR1_main.릴스_블트깡.메인.슬기.X_1P__260820_제과_문형민,189,1,1605.0,0
2026-10-02,(마스터ASC)[제과_블트하] 26.07_블트깡출시_ASC_전환_video,(마스터ASC)[제과_블트하] 26.07_블트깡출시_ASC_전환_video,[26.08]F_V_BT칩_전환_블트칩출시_신규BP_아린이네BP.KR1_var2.릴스_공구형.페인포인트.고구성.X_2P_최나영_260811_제과_윤성미,74,1,2096.0,0
2026-10-02,(마스터ASC)[제과_블트하] 26.07_블트깡출시_ASC_전환_video,(마스터ASC)[제과_블트하] 26.07_블트깡출시_ASC_전환_video,[26.08]F_V_BT깡_전환_블트깡출시_라이브커머스형_라이브커머스형.KR1_var11.릴스_가격강조.최저가.슬기.X_1P_김소희_260812_제과_피재은,149,3,2001.0,0
2026-10-02,(마스터ASC)[제과_블트하] 26.07_블트깡출시_ASC_전환_video,(마스터ASC)[제과_블트하] 26.07_블트깡출시_ASC_전환_video,[26.08]F_V_BT깡_전환_블트깡출시_혜택희소성_유인맨즈BP.이국주.KR1_main.릴스_메인.슬기.X_1P_최나영_260818_제과_피재은,5860,55,75144.0,5
2026-10-02,(마스터ASC)[제과_블트하] 26.07_블트깡출시_ASC_전환_video,(마스터ASC)[제과_블트하] 26.07_블트깡출시_ASC_전환_video,[26.08]F_V_BT깡_전환_블트깡출시_쩜오건_시즈닝강조.이국주.KR1_main.릴스_블트깡.메인.슬기.X_1P__260820_제과_문형민,78,3,1269.0,0
2026-10-03,(마스터ASC)[제과_블트하] 26.07_블트깡출시_ASC_전환_video,(마스터ASC)[제과_블트하] 26.07_블트깡출시_ASC_전환_video,[26.08]F_V_BT칩_전환_블트칩출시_신규BP_아린이네BP.KR1_var2.릴스_공구형.페인포인트.고구성.X_2P_최나영_260811_제과_윤성미,459,10,17864.0,1
2026-10-03,(마스터ASC)[제과_블트하] 26.07_블트깡출시_ASC_전환_video,(마스터ASC)[제과_블트하] 26.07_블트깡출시_ASC_전환_video,[26.08]F_V_BT깡_전환_블트깡출시_라이브커머스형_라이브커머스형.KR1_var11.릴스_가격강조.최저가.슬기.X_1P_김소희_260812_제과_피재은,457,7,6115.0,0
2026-10-03,(마스터ASC)[제과_블트하] 26.07_블트깡출시_ASC_전환_video,(마스터ASC)[제과_블트하] 26.07_블트깡출시_ASC_전환_video,[26.08]F_V_BT깡_전환_블트깡출시_혜택희소성_유인맨즈BP.이국주.KR1_main.릴스_메인.슬기.X_1P_최나영_260818_제과_피재은,63053,785,833900.0,56
2026-10-03,(마스터ASC)[제과_블트하] 26.07_블트깡출시_ASC_전환_video,(마스터ASC)[제과_블트하] 26.07_블트깡출시_ASC_전환_video,[26.08]F_V_BT깡_전환_블트깡출시_쩜오건_시즈닝강조.이국주.KR1_main.릴스_블트깡.메인.슬기.X_1P__260820_제과_문형민,430,9,7782.0,1
2026-10-04,(마스터ASC)[제과_블트하] 26.07_블트깡출시_ASC_전환_video,(마스터ASC)[제과_블트하] 26.07_블트깡출시_ASC_전환_video,[26.08]F_V_BT칩_전환_블트칩출시_신규BP_아린이네BP.KR1_var2.릴스_공구형.페인포인트.고구성.X_2P_최나영_260811_제과_윤성미,195,4,6467.0,1
2026-10-04,(마스터ASC)[제과_블트하] 26.07_블트깡출시_ASC_전환_video,(마스터ASC)[제과_블트하] 26.07_블트깡출시_ASC_전환_video,[26.08]F_V_BT깡_전환_블트깡출시_라이브커머스형_라이브커머스형.KR1_var11.릴스_가격강조.최저가.슬기.X_1P_김소희_260812_제과_피재은,352,5,4537.0,0
2026-10-04,(마스터ASC)[제과_블트하] 26.07_블트깡출시_ASC_전환_video,(마스터ASC)[제과_블트하] 26.07_블트깡출시_ASC_전환_video,[26.08]F_V_BT깡_전환_블트깡출시_혜택희소성_유인맨즈BP.이국주.KR1_main.릴스_메인.슬기.X_1P_최나영_260818_제과_피재은,65541,845,717686.0,42
2026-10-04,(마스터ASC)[제과_블트하] 26.07_블트깡출시_ASC_전환_video,(마스터ASC)[제과_블트하] 26.07_블트깡출시_ASC_전환_video,[26.08]F_V_BT깡_전환_블트깡출시_쩜오건_시즈닝강조.이국주.KR1_main.릴스_블트깡.메인.슬기.X_1P__260820_제과_문형민,559,10,8622.0,1
2026-10-05,(마스터ASC)[제과_블트하] 26.07_블트깡출시_ASC_전환_video,(마스터ASC)[제과_블트하] 26.07_블트깡출시_ASC_전환_video,[26.08]F_V_BT칩_전환_블트칩출시_신규BP_아린이네BP.KR1_var2.릴스_공구형.페인포인트.고구성.X_2P_최나영_260811_제과_윤성미,7,0,367.0,0
2026-10-05,(마스터ASC)[제과_블트하] 26.07_블트깡출시_ASC_전환_video,(마스터ASC)[제과_블트하] 26.07_블트깡출시_ASC_전환_video,[26.08]F_V_BT깡_전환_블트깡출시_라이브커머스형_라이브커머스형.KR1_var11.릴스_가격강조.최저가.슬기.X_1P_김소희_260812_제과_피재은,62,4,737.0,1
2026-10-05,(마스터ASC)[제과_블트하] 26.07_블트깡출시_ASC_전환_video,(마스터ASC)[제과_블트하] 26.07_블트깡출시_ASC_전환_video,[26.08]F_V_BT깡_전환_블트깡출시_혜택희소성_유인맨즈BP.이국주.KR1_main.릴스_메인.슬기.X_1P_최나영_260818_제과_피재은,8263,98,86976.0,4
2026-10-05,(마스터ASC)[제과_블트하] 26.07_블트깡출시_ASC_전환_video,(마스터ASC)[제과_블트하] 26.07_블트깡출시_ASC_전환_video,[26.08]F_V_BT깡_전환_블트깡출시_쩜오건_시즈닝강조.이국주.KR1_main.릴스_블트깡.메인.슬기.X_1P__260820_제과_문형민,15,1,253.0,0
2026-10-01,(마스터ASC)[제과_블트하] 26.07_블트깡출시_ASC_전환_video,(마스터ASC)[제과_블트하] 26.07_블트깡출시_ASC_전환_video,[26.09]F_V_BT깡_전환_블트깡출시_쩜오건_나폴리맛피아.KR1_var1.릴스_맛피아.슬기.X_1P__260901_제과_문형민,128,4,2855.0,0
2026-10-02,(마스터ASC)[제과_블트하] 26.07_블트깡출시_ASC_전환_video,(마스터ASC)[제과_블트하] 26.07_블트깡출시_ASC_전환_video,[26.09]F_V_BT깡_전환_블트깡출시_쩜오건_나폴리맛피아.KR1_var1.릴스_맛피아.슬기.X_1P__260901_제과_문형민,71,1,1383.0,0
2026-10-03,(마스터ASC)[제과_블트하] 26.07_블트깡출시_ASC_전환_video,(마스터ASC)[제과_블트하] 26.07_블트깡출시_ASC_전환_video,[26.09]F_V_BT깡_전환_블트깡출시_쩜오건_나폴리맛피아.KR1_var1.릴스_맛피아.슬기.X_1P__260901_제과_문형민,144,5,4249.0,1
2026-10-04,(마스터ASC)[제과_블트하] 26.07_블트깡출시_ASC_전환_video,(마스터ASC)[제과_블트하] 26.07_블트깡출시_ASC_전환_video,[26.09]F_V_BT깡_전환_블트깡출시_쩜오건_나폴리맛피아.KR1_var1.릴스_맛피아.슬기.X_1P__260901_제과_문형민,271,6,6939.0,1
2026-10-05,(마스터ASC)[제과_블트하] 26.07_블트깡출시_ASC_전환_video,(마스터ASC)[제과_블트하] 26.07_블트깡출시_ASC_전환_video,[26.09]F_V_BT깡_전환_블트깡출시_쩜오건_나폴리맛피아.KR1_var1.릴스_맛피아.슬기.X_1P__260901_제과_문형민,23,1,772.0,0
2026-10-01,[제과_저당웨하스미니스] 26.10_바닐라웨하스출시_수동_전환_image_전체타겟,혜택강조_초코  (26.10 재라이브),[25.12]F_I_WF초_전환_웨하스출시_혜택강조형_신규고_.배너_혜택O.기존고효율.가격조정안내.4분할_KR4_윤검주_251226_콘텐츠2_최아연,295,6,5671.0,0
2026-10-01,(마스터ASC)[제과_블트하] 26.07_블트깡출시_ASC_전환_video,(마스터ASC)[제과_블트하] 26.07_블트깡출시_ASC_전환_video,[26.08]F_V_BT깡_전환_블트깡출시_혜택희소성_유인맨즈BP.이국주.KR1_var2.릴스_반값.슬기.X_1P_최나영_260818_제과_피재은,1,0,2.0,0
2026-10-01,(마스터ASC)[제과_블트하] 26.07_블트깡출시_ASC_전환_video,(마스터ASC)[제과_블트하] 26.07_블트깡출시_ASC_전환_video,[26.09]F_V_BT깡_전환_블트깡출시_쩜오건_나폴리맛피아.KR1_main.릴스_메인.슬기.X_1P__260901_제과_문형민,5,0,320.0,0
2026-10-01,(마스터ASC)[제과_블트하] 26.07_블트깡출시_ASC_전환_video,(마스터ASC)[제과_블트하] 26.07_블트깡출시_ASC_전환_video,[26.09]F_V_BT칩_전환_블트깡출시_기타_배너.메시지검증_var1.배너_안주.2안.X_2P__260901_제과_최재원,7,1,146.0,0
2026-10-01,(마스터ASC)[제과_블트하] 26.07_블트깡출시_ASC_전환_video,(마스터ASC)[제과_블트하] 26.07_블트깡출시_ASC_전환_video,[26.09]F_V_BT칩_전환_블트깡출시_기타_배너.메시지검증_main.배너_안주.1안.X_2P__260901_제과_최재원,5,0,102.0,0
2026-10-02,[제과_저당웨하스미니스] 26.10_바닐라웨하스출시_수동_전환_image_전체타겟,혜택강조_초코  (26.10 재라이브),[25.12]F_I_WF초_전환_웨하스출시_혜택강조형_신규고_.배너_혜택O.기존고효율.가격조정안내.4분할_KR4_윤검주_251226_콘텐츠2_최아연,743,11,8976.0,2
2026-10-02,(마스터ASC)[제과_블트하] 26.07_블트깡출시_ASC_전환_video,(마스터ASC)[제과_블트하] 26.07_블트깡출시_ASC_전환_video,[26.08]F_V_BT깡_전환_블트깡출시_혜택희소성_유인맨즈BP.이국주.KR1_var2.릴스_반값.슬기.X_1P_최나영_260818_제과_피재은,2,0,27.0,0
2026-10-02,(마스터ASC)[제과_블트하] 26.07_블트깡출시_ASC_전환_video,(마스터ASC)[제과_블트하] 26.07_블트깡출시_ASC_전환_video,[26.09]F_V_BT칩_전환_블트깡출시_기타_배너.메시지검증_var1.배너_안주.2안.X_2P__260901_제과_최재원,6,0,49.0,0
2026-10-02,(마스터ASC)[제과_블트하] 26.07_블트깡출시_ASC_전환_video,(마스터ASC)[제과_블트하] 26.07_블트깡출시_ASC_전환_video,[26.09]F_V_BT칩_전환_블트깡출시_기타_배너.메시지검증_main.배너_안주.1안.X_2P__260901_제과_최재원,8,0,605.0,0
2026-10-03,(마스터ASC)[제과_블트하] 26.07_블트깡출시_ASC_전환_video,(마스터ASC)[제과_블트하] 26.07_블트깡출시_ASC_전환_video,[26.08]F_V_BT깡_전환_블트깡출시_혜택희소성_유인맨즈BP.이국주.KR1_var2.릴스_반값.슬기.X_1P_최나영_260818_제과_피재은,13,0,228.0,0
2026-10-03,(마스터ASC)[제과_블트하] 26.07_블트깡출시_ASC_전환_video,(마스터ASC)[제과_블트하] 26.07_블트깡출시_ASC_전환_video,[26.09]F_V_BT깡_전환_블트깡출시_쩜오건_나폴리맛피아.KR1_main.릴스_메인.슬기.X_1P__260901_제과_문형민,22,1,848.0,1
2026-10-03,(마스터ASC)[제과_블트하] 26.07_블트깡출시_ASC_전환_video,(마스터ASC)[제과_블트하] 26.07_블트깡출시_ASC_전환_video,[26.09]F_V_BT칩_전환_블트깡출시_기타_배너.메시지검증_var1.배너_안주.2안.X_2P__260901_제과_최재원,45,2,1237.0,0
2026-10-03,(마스터ASC)[제과_블트하] 26.07_블트깡출시_ASC_전환_video,(마스터ASC)[제과_블트하] 26.07_블트깡출시_ASC_전환_video,[26.09]F_V_BT칩_전환_블트깡출시_기타_배너.메시지검증_main.배너_안주.1안.X_2P__260901_제과_최재원,28,2,700.0,0
2026-10-04,[제과_저당웨하스미니스] 26.10_바닐라웨하스출시_수동_전환_image_전체타겟,혜택강조_초코  (26.10 재라이브),[25.12]F_I_WF초_전환_웨하스출시_혜택강조형_신규고_.배너_혜택O.기존고효율.가격조정안내.4분할_KR4_윤검주_251226_콘텐츠2_최아연,720,3,8957.0,0
2026-10-04,(마스터ASC)[제과_블트하] 26.07_블트깡출시_ASC_전환_video,(마스터ASC)[제과_블트하] 26.07_블트깡출시_ASC_전환_video,[26.08]F_V_BT깡_전환_블트깡출시_혜택희소성_유인맨즈BP.이국주.KR1_var2.릴스_반값.슬기.X_1P_최나영_260818_제과_피재은,8,0,103.0,0
2026-10-04,(마스터ASC)[제과_블트하] 26.07_블트깡출시_ASC_전환_video,(마스터ASC)[제과_블트하] 26.07_블트깡출시_ASC_전환_video,[26.09]F_V_BT깡_전환_블트깡출시_쩜오건_나폴리맛피아.KR1_main.릴스_메인.슬기.X_1P__260901_제과_문형민,11,0,141.0,0
2026-10-04,(마스터ASC)[제과_블트하] 26.07_블트깡출시_ASC_전환_video,(마스터ASC)[제과_블트하] 26.07_블트깡출시_ASC_전환_video,[26.09]F_V_BT칩_전환_블트깡출시_기타_배너.메시지검증_var1.배너_안주.2안.X_2P__260901_제과_최재원,23,1,427.0,0
2026-10-04,(마스터ASC)[제과_블트하] 26.07_블트깡출시_ASC_전환_video,(마스터ASC)[제과_블트하] 26.07_블트깡출시_ASC_전환_video,[26.09]F_V_BT칩_전환_블트깡출시_기타_배너.메시지검증_main.배너_안주.1안.X_2P__260901_제과_최재원,8,0,823.0,0
2026-10-05,(마스터ASC)[제과_블트하] 26.07_블트깡출시_ASC_전환_video,(마스터ASC)[제과_블트하] 26.07_블트깡출시_ASC_전환_video,[26.09]F_V_BT깡_전환_블트깡출시_쩜오건_나폴리맛피아.KR1_main.릴스_메인.슬기.X_1P__260901_제과_문형민,2,0,23.0,0
2026-10-05,(마스터ASC)[제과_블트하] 26.07_블트깡출시_ASC_전환_video,(마스터ASC)[제과_블트하] 26.07_블트깡출시_ASC_전환_video,[26.09]F_V_BT칩_전환_블트깡출시_기타_배너.메시지검증_var1.배너_안주.2안.X_2P__260901_제과_최재원,1,0,19.0,0
2026-10-01,[제과_블트하] 26.07_블트깡출시_수동_전환_video_전체타겟,0807_인덕션BP_블트칩출시 (KR1),[26.08]F_V_BT칩_전환_블트칩출시_신규BP_인덕션BP.KR1_var2.릴스_돈안아까움.X_1P_김소희_260807_제과_이봄1,1073,13,17568.0,0
2026-10-02,(마스터ASC)[제과_블트하] 26.07_블트깡출시_ASC_전환_video,(마스터ASC)[제과_블트하] 26.07_블트깡출시_ASC_전환_video,[26.08]F_V_BT혼_전환_블트칩출시_신규BP_젤리백BP.이국주.KR1_var3.릴스_이국주+어그로.X_2P_최나영_260814_제과_이봄1,1,0,42.0,0
2026-10-03,(마스터ASC)[제과_블트하] 26.07_블트깡출시_ASC_전환_video,(마스터ASC)[제과_블트하] 26.07_블트깡출시_ASC_전환_video,[26.08]F_V_BT혼_전환_블트칩출시_신규BP_젤리백BP.이국주.KR1_var3.릴스_이국주+어그로.X_2P_최나영_260814_제과_이봄1,32,0,752.0,0
2026-10-04,(마스터ASC)[제과_블트하] 26.07_블트깡출시_ASC_전환_video,(마스터ASC)[제과_블트하] 26.07_블트깡출시_ASC_전환_video,[26.08]F_V_BT혼_전환_블트칩출시_신규BP_젤리백BP.이국주.KR1_var3.릴스_이국주+어그로.X_2P_최나영_260814_제과_이봄1,16,0,159.0,0
2026-10-01,(마스터ASC)[제과_초코퐁당] 26.09_초코퐁당출시_ASC_전환_video_전체타겟,(마스터ASC)[제과_초코퐁당] 26.09_초코퐁당출시_ASC_전환_video_전체타겟,[26.09]F_V_PN초_전환_초코퐁당출시_맛인지형_먹스타그램.KR1_var2.릴스_로이스초콜릿덕후.X_2P_권미정_260904_제과_이봄1,1535,22,19299.0,1
2026-10-02,(마스터ASC)[제과_초코퐁당] 26.09_초코퐁당출시_ASC_전환_video_전체타겟,(마스터ASC)[제과_초코퐁당] 26.09_초코퐁당출시_ASC_전환_video_전체타겟,[26.09]F_V_PN초_전환_초코퐁당출시_맛인지형_먹스타그램.KR1_main.릴스_BP대로.X_2P_권미정_260904_제과_이봄1,1082,11,10276.0,0
2026-10-02,(마스터ASC)[제과_초코퐁당] 26.09_초코퐁당출시_ASC_전환_video_전체타겟,(마스터ASC)[제과_초코퐁당] 26.09_초코퐁당출시_ASC_전환_video_전체타겟,[26.09]F_V_PN초_전환_초코퐁당출시_맛인지형_먹스타그램.KR1_var2.릴스_로이스초콜릿덕후.X_2P_권미정_260904_제과_이봄1,1022,8,10980.0,0
2026-10-01,(마스터ASC)[제과_블트하] 26.07_블트깡출시_ASC_전환_video,(마스터ASC)[제과_블트하] 26.07_블트깡출시_ASC_전환_video,[26.08]F_V_BT깡_전환_블트깡출시_라이브커머스형_라이브커머스형.KR1_var8.릴스_전체.남편안주.슬기.X_1P_김소희_260812_제과_피재은,198,4,3412.0,0
2026-10-01,(마스터ASC)[제과_블트하] 26.07_블트깡출시_ASC_전환_video,(마스터ASC)[제과_블트하] 26.07_블트깡출시_ASC_전환_video,[26.08]F_V_BT깡_전환_블트깡출시_혜택희소성_유인맨즈BP.이국주.KR1_var3.릴스_크래커비교.슬기.X_1P_최나영_260818_제과_피재은,187,1,2464.0,0
2026-10-01,(마스터ASC)[제과_블트하] 26.07_블트깡출시_ASC_전환_video,(마스터ASC)[제과_블트하] 26.07_블트깡출시_ASC_전환_video,[26.08]F_V_BT깡_전환_블트깡출시_혜택희소성_유인맨즈BP.이국주.KR1_var4.릴스_1등.슬기.X_1P_최나영_260818_제과_피재은,14,0,183.0,0
2026-10-01,(마스터ASC)[제과_블트하] 26.07_블트깡출시_ASC_전환_video,(마스터ASC)[제과_블트하] 26.07_블트깡출시_ASC_전환_video,[26.08]F_V_BT깡_전환_블트깡출시_쩜오건_시즈닝강조.이국주.KR1_var1.릴스_블트깡.시즈닝신상.슬기.X_1P__260820_제과_문형민,39,0,444.0,0
2026-10-01,(마스터ASC)[제과_초코퐁당] 26.09_초코퐁당출시_ASC_전환_video_전체타겟,(마스터ASC)[제과_초코퐁당] 26.09_초코퐁당출시_ASC_전환_video_전체타겟,[26.09]F_V_PN초_전환_초코퐁당출시_쩜오건_토마토테라BP.KR1_main.릴스_님스저당버전.X_2P_권미정_260904_제과_이봄1,1216,14,13952.0,1
2026-10-01,(마스터ASC)[제과_초코퐁당] 26.09_초코퐁당출시_ASC_전환_video_전체타겟,(마스터ASC)[제과_초코퐁당] 26.09_초코퐁당출시_ASC_전환_video_전체타겟,[26.09]F_V_PN초_전환_초코퐁당출시_인플루언서형_인플루언서형.KR1_main.릴스_본론.X_2P_권미정_260911_제과_이봄1,1727,23,22299.0,0
2026-10-01,(마스터ASC)[제과_초코퐁당] 26.09_초코퐁당출시_ASC_전환_video_전체타겟,(마스터ASC)[제과_초코퐁당] 26.09_초코퐁당출시_ASC_전환_video_전체타겟,[26.09]F_V_PN초_전환_초코퐁당출시_인플루언서형_인플루언서형.KR1_var3.릴스_PMS페인.X_2P_권미정_260911_제과_이봄1,2757,51,39640.0,3
2026-10-01,(마스터ASC)[제과_초코퐁당] 26.09_초코퐁당출시_ASC_전환_video_전체타겟,(마스터ASC)[제과_초코퐁당] 26.09_초코퐁당출시_ASC_전환_video_전체타겟,[26.09]F_V_PN초_전환_초코퐁당출시_인플루언서형_인플루언서형.KR1_var4.릴스_생초콜릿어그로.X_2P_권미정_260911_제과_이봄1,1236,16,15356.0,1
2026-10-01,(마스터ASC)[제과_초코퐁당] 26.09_초코퐁당출시_ASC_전환_video_전체타겟,(마스터ASC)[제과_초코퐁당] 26.09_초코퐁당출시_ASC_전환_video_전체타겟,[26.09]F_V_PN초_전환_초코퐁당출시_인플루언서형_인플루언서형.KR1_main.릴스_본론.(재).X_2P_권미정_260915_제과_이봄1,1826,17,21057.0,1
2026-10-01,(마스터ASC)[제과_초코퐁당] 26.09_초코퐁당출시_ASC_전환_video_전체타겟,(마스터ASC)[제과_초코퐁당] 26.09_초코퐁당출시_ASC_전환_video_전체타겟,[26.09]F_V_PN초_전환_초코퐁당출시_인플루언서형_인플루언서형.KR1_var1.릴스_PMS페인.(재).X_2P_권미정_260915_제과_이봄1,106,3,1357.0,0
2026-10-01,(마스터ASC)[제과_초코퐁당] 26.09_초코퐁당출시_ASC_전환_video_전체타겟,(마스터ASC)[제과_초코퐁당] 26.09_초코퐁당출시_ASC_전환_video_전체타겟,[26.09]F_V_PN초_전환_초코퐁당출시_인플루언서형_인플루언서형.KR1_var4.릴스_남자친구의선물.(재).X_2P_권미정_260915_제과_이봄1,3312,85,55037.0,4
2026-10-01,(마스터ASC)[제과_초코퐁당] 26.09_초코퐁당출시_ASC_전환_video_전체타겟,(마스터ASC)[제과_초코퐁당] 26.09_초코퐁당출시_ASC_전환_video_전체타겟,[26.09]F_V_PN초_전환_초코퐁당출시_인플루언서형_인플루언서형.KR1_var3.릴스_나잇살.(재).X_2P_권미정_260915_제과_이봄1,399,6,5893.0,1
2026-10-01,(마스터ASC)[제과_초코퐁당] 26.09_초코퐁당출시_ASC_전환_video_전체타겟,(마스터ASC)[제과_초코퐁당] 26.09_초코퐁당출시_ASC_전환_video_전체타겟,[26.09]F_V_PN초_전환_초코퐁당출시_인플루언서형_인플루언서형.KR1_var5.릴스_초콜릿맛인지.(재).X_2P_권미정_260915_제과_이봄1,36,0,700.0,0
2026-10-01,(마스터ASC)[제과_초코퐁당] 26.09_초코퐁당출시_ASC_전환_video_전체타겟,(마스터ASC)[제과_초코퐁당] 26.09_초코퐁당출시_ASC_전환_video_전체타겟,[26.09]F_V_PN초_전환_초코퐁당출시_소비자상황형_호기심까까BP.KR1_main.릴스_스트레스.X_2P_권미정_260918_제과_이봄1,291,5,4692.0,1
2026-10-01,(마스터ASC)[제과_초코퐁당] 26.09_초코퐁당출시_ASC_전환_video_전체타겟,(마스터ASC)[제과_초코퐁당] 26.09_초코퐁당출시_ASC_전환_video_전체타겟,[26.09]F_V_PN초_전환_초코퐁당출시_소비자상황형_호기심까까BP.KR1_var1.릴스_술담배.X_2P_권미정_260918_제과_이봄1,1572,13,11409.0,1
2026-10-01,(마스터ASC)[제과_초코퐁당] 26.09_초코퐁당출시_ASC_전환_video_전체타겟,(마스터ASC)[제과_초코퐁당] 26.09_초코퐁당출시_ASC_전환_video_전체타겟,[26.09]F_V_PN초_전환_초코퐁당출시_소비자상황형_님스초코컵BP.KR1_var1.릴스_앞단줄이기.X_2P_권미정_260918_제과_이봄1,4508,67,75357.0,4
2026-10-01,(마스터ASC)[제과_초코퐁당] 26.09_초코퐁당출시_ASC_전환_video_전체타겟,(마스터ASC)[제과_초코퐁당] 26.09_초코퐁당출시_ASC_전환_video_전체타겟,[26.09]F_V_PN초_전환_초코퐁당출시_소비자상황형_님스초코컵BP.KR1_var3.릴스_본론.앞단줄이기.X_2P_권미정_260918_제과_이봄1,2988,31,33699.0,4
2026-10-01,(마스터ASC)[제과_초코퐁당] 26.09_초코퐁당출시_ASC_전환_video_전체타겟,(마스터ASC)[제과_초코퐁당] 26.09_초코퐁당출시_ASC_전환_video_전체타겟,[26.09]F_V_PN초_전환_초코퐁당출시_소비자상황형_님스초코컵BP.KR1_main.릴스_PMS.규모감.(재).X_2P_권미정_260922_제과_이봄1,1735,14,16390.0,2
2026-10-01,(마스터ASC)[제과_초코퐁당] 26.09_초코퐁당출시_ASC_전환_video_전체타겟,(마스터ASC)[제과_초코퐁당] 26.09_초코퐁당출시_ASC_전환_video_전체타겟,[26.09]F_V_PN초_전환_초코퐁당출시_소비자상황형_님스초코컵BP.KR1_var1.릴스_PMS.생초코연상.(재).X_2P_권미정_260922_제과_이봄1,19,0,239.0,0
2026-10-01,(마스터ASC)[제과_초코퐁당] 26.09_초코퐁당출시_ASC_전환_video_전체타겟,(마스터ASC)[제과_초코퐁당] 26.09_초코퐁당출시_ASC_전환_video_전체타겟,[26.09]F_V_PN초_전환_초코퐁당출시_소비자상황형_호기심까까BP.KR1_var1.릴스_스트레스.반갈.(재).X_2P_권미정_260922_제과_이봄1,2114,27,27204.0,3
2026-10-01,(마스터ASC)[제과_초코퐁당] 26.09_초코퐁당출시_ASC_전환_video_전체타겟,(마스터ASC)[제과_초코퐁당] 26.09_초코퐁당출시_ASC_전환_video_전체타겟,[26.09]F_V_PN초_전환_초코퐁당출시_소비자상황형_호기심까까BP.KR1_main.릴스_스트레스.규모감.(재).X_2P_권미정_260922_제과_이봄1,5055,41,47579.0,7
2026-10-01,(마스터ASC)[제과_초코퐁당] 26.09_초코퐁당출시_ASC_전환_video_전체타겟,(마스터ASC)[제과_초코퐁당] 26.09_초코퐁당출시_ASC_전환_video_전체타겟,[26.09]F_V_PN초_전환_초코퐁당출시_소비자상황형_프로틴방앗간BP.KR1_var1.릴스_사무실.취식.(재).X_2P_권미정_260922_제과_이봄1,338,1,4959.0,0
2026-10-01,(마스터ASC)[제과_초코퐁당] 26.09_초코퐁당출시_ASC_전환_video_전체타겟,(마스터ASC)[제과_초코퐁당] 26.09_초코퐁당출시_ASC_전환_video_전체타겟,[26.09]F_V_PN초_전환_초코퐁당출시_소비자상황형_프로틴방앗간BP.KR1_main.릴스_사무실.인물맛비주얼.(재).X_2P_권미정_260922_제과_이봄1,159,2,2270.0,0
2026-10-02,(마스터ASC)[제과_블트하] 26.07_블트깡출시_ASC_전환_video,(마스터ASC)[제과_블트하] 26.07_블트깡출시_ASC_전환_video,[26.08]F_V_BT깡_전환_블트깡출시_라이브커머스형_라이브커머스형.KR1_var8.릴스_전체.남편안주.슬기.X_1P_김소희_260812_제과_피재은,135,1,2989.0,0
2026-10-02,(마스터ASC)[제과_블트하] 26.07_블트깡출시_ASC_전환_video,(마스터ASC)[제과_블트하] 26.07_블트깡출시_ASC_전환_video,[26.08]F_V_BT깡_전환_블트깡출시_혜택희소성_유인맨즈BP.이국주.KR1_var3.릴스_크래커비교.슬기.X_1P_최나영_260818_제과_피재은,45,0,577.0,0
2026-10-02,(마스터ASC)[제과_블트하] 26.07_블트깡출시_ASC_전환_video,(마스터ASC)[제과_블트하] 26.07_블트깡출시_ASC_전환_video,[26.08]F_V_BT깡_전환_블트깡출시_혜택희소성_유인맨즈BP.이국주.KR1_var4.릴스_1등.슬기.X_1P_최나영_260818_제과_피재은,23,0,125.0,0
2026-10-02,(마스터ASC)[제과_블트하] 26.07_블트깡출시_ASC_전환_video,(마스터ASC)[제과_블트하] 26.07_블트깡출시_ASC_전환_video,[26.08]F_V_BT깡_전환_블트깡출시_쩜오건_시즈닝강조.이국주.KR1_var1.릴스_블트깡.시즈닝신상.슬기.X_1P__260820_제과_문형민,15,0,223.0,0
2026-10-02,(마스터ASC)[제과_초코퐁당] 26.09_초코퐁당출시_ASC_전환_video_전체타겟,(마스터ASC)[제과_초코퐁당] 26.09_초코퐁당출시_ASC_전환_video_전체타겟,[26.09]F_V_PN초_전환_초코퐁당출시_쩜오건_토마토테라BP.KR1_main.릴스_님스저당버전.X_2P_권미정_260904_제과_이봄1,769,10,9166.0,0
2026-10-02,(마스터ASC)[제과_초코퐁당] 26.09_초코퐁당출시_ASC_전환_video_전체타겟,(마스터ASC)[제과_초코퐁당] 26.09_초코퐁당출시_ASC_전환_video_전체타겟,[26.09]F_V_PN초_전환_초코퐁당출시_인플루언서형_인플루언서형.KR1_main.릴스_본론.X_2P_권미정_260911_제과_이봄1,819,4,11176.0,0
2026-10-02,(마스터ASC)[제과_초코퐁당] 26.09_초코퐁당출시_ASC_전환_video_전체타겟,(마스터ASC)[제과_초코퐁당] 26.09_초코퐁당출시_ASC_전환_video_전체타겟,[26.09]F_V_PN초_전환_초코퐁당출시_인플루언서형_인플루언서형.KR1_var3.릴스_PMS페인.X_2P_권미정_260911_제과_이봄1,1213,24,17584.0,1
2026-10-02,(마스터ASC)[제과_초코퐁당] 26.09_초코퐁당출시_ASC_전환_video_전체타겟,(마스터ASC)[제과_초코퐁당] 26.09_초코퐁당출시_ASC_전환_video_전체타겟,[26.09]F_V_PN초_전환_초코퐁당출시_인플루언서형_인플루언서형.KR1_var1.릴스_PMS페인.(재).X_2P_권미정_260915_제과_이봄1,1022,15,10159.0,1
2026-10-02,(마스터ASC)[제과_초코퐁당] 26.09_초코퐁당출시_ASC_전환_video_전체타겟,(마스터ASC)[제과_초코퐁당] 26.09_초코퐁당출시_ASC_전환_video_전체타겟,[26.09]F_V_PN초_전환_초코퐁당출시_인플루언서형_인플루언서형.KR1_var2.릴스_PMS폭주.(재).X_2P_권미정_260915_제과_이봄1,929,15,12198.0,0
2026-10-02,(마스터ASC)[제과_초코퐁당] 26.09_초코퐁당출시_ASC_전환_video_전체타겟,(마스터ASC)[제과_초코퐁당] 26.09_초코퐁당출시_ASC_전환_video_전체타겟,[26.09]F_V_PN초_전환_초코퐁당출시_인플루언서형_인플루언서형.KR1_var4.릴스_남자친구의선물.(재).X_2P_권미정_260915_제과_이봄1,3242,69,55087.0,3
2026-10-02,(마스터ASC)[제과_초코퐁당] 26.09_초코퐁당출시_ASC_전환_video_전체타겟,(마스터ASC)[제과_초코퐁당] 26.09_초코퐁당출시_ASC_전환_video_전체타겟,[26.09]F_V_PN초_전환_초코퐁당출시_인플루언서형_인플루언서형.KR1_var3.릴스_나잇살.(재).X_2P_권미정_260915_제과_이봄1,1004,18,17677.0,1
2026-10-02,(마스터ASC)[제과_초코퐁당] 26.09_초코퐁당출시_ASC_전환_video_전체타겟,(마스터ASC)[제과_초코퐁당] 26.09_초코퐁당출시_ASC_전환_video_전체타겟,[26.09]F_V_PN초_전환_초코퐁당출시_인플루언서형_인플루언서형.KR1_var5.릴스_초콜릿맛인지.(재).X_2P_권미정_260915_제과_이봄1,7,0,71.0,0
2026-10-02,(마스터ASC)[제과_초코퐁당] 26.09_초코퐁당출시_ASC_전환_video_전체타겟,(마스터ASC)[제과_초코퐁당] 26.09_초코퐁당출시_ASC_전환_video_전체타겟,[26.09]F_V_PN초_전환_초코퐁당출시_소비자상황형_프로틴방앗간BP.KR1_var1.릴스_여최회사간식템.X_2P_권미정_260918_제과_이봄1,1385,20,17187.0,3
2026-10-02,(마스터ASC)[제과_초코퐁당] 26.09_초코퐁당출시_ASC_전환_video_전체타겟,(마스터ASC)[제과_초코퐁당] 26.09_초코퐁당출시_ASC_전환_video_전체타겟,[26.09]F_V_PN초_전환_초코퐁당출시_소비자상황형_프로틴방앗간BP.KR1_main.릴스_사무실.X_2P_권미정_260918_제과_이봄1,805,3,10182.0,0
2026-10-02,(마스터ASC)[제과_초코퐁당] 26.09_초코퐁당출시_ASC_전환_video_전체타겟,(마스터ASC)[제과_초코퐁당] 26.09_초코퐁당출시_ASC_전환_video_전체타겟,[26.09]F_V_PN초_전환_초코퐁당출시_소비자상황형_호기심까까BP.KR1_main.릴스_스트레스.X_2P_권미정_260918_제과_이봄1,171,3,3108.0,0
2026-10-02,(마스터ASC)[제과_초코퐁당] 26.09_초코퐁당출시_ASC_전환_video_전체타겟,(마스터ASC)[제과_초코퐁당] 26.09_초코퐁당출시_ASC_전환_video_전체타겟,[26.09]F_V_PN초_전환_초코퐁당출시_소비자상황형_호기심까까BP.KR1_var1.릴스_술담배.X_2P_권미정_260918_제과_이봄1,945,6,6709.0,1
2026-10-02,(마스터ASC)[제과_초코퐁당] 26.09_초코퐁당출시_ASC_전환_video_전체타겟,(마스터ASC)[제과_초코퐁당] 26.09_초코퐁당출시_ASC_전환_video_전체타겟,[26.09]F_V_PN초_전환_초코퐁당출시_소비자상황형_님스초코컵BP.KR1_var1.릴스_앞단줄이기.X_2P_권미정_260918_제과_이봄1,2107,52,48432.0,4
2026-10-02,(마스터ASC)[제과_초코퐁당] 26.09_초코퐁당출시_ASC_전환_video_전체타겟,(마스터ASC)[제과_초코퐁당] 26.09_초코퐁당출시_ASC_전환_video_전체타겟,[26.09]F_V_PN초_전환_초코퐁당출시_소비자상황형_님스초코컵BP.KR1_var3.릴스_본론.앞단줄이기.X_2P_권미정_260918_제과_이봄1,889,11,10986.0,1
2026-10-02,(마스터ASC)[제과_초코퐁당] 26.09_초코퐁당출시_ASC_전환_video_전체타겟,(마스터ASC)[제과_초코퐁당] 26.09_초코퐁당출시_ASC_전환_video_전체타겟,[26.09]F_V_PN초_전환_초코퐁당출시_소비자상황형_님스초코컵BP.KR1_main.릴스_PMS.규모감.(재).X_2P_권미정_260922_제과_이봄1,449,4,6037.0,0
2026-10-02,(마스터ASC)[제과_초코퐁당] 26.09_초코퐁당출시_ASC_전환_video_전체타겟,(마스터ASC)[제과_초코퐁당] 26.09_초코퐁당출시_ASC_전환_video_전체타겟,[26.09]F_V_PN초_전환_초코퐁당출시_소비자상황형_님스초코컵BP.KR1_var1.릴스_PMS.생초코연상.(재).X_2P_권미정_260922_제과_이봄1,6,0,73.0,0
2026-10-02,(마스터ASC)[제과_초코퐁당] 26.09_초코퐁당출시_ASC_전환_video_전체타겟,(마스터ASC)[제과_초코퐁당] 26.09_초코퐁당출시_ASC_전환_video_전체타겟,[26.09]F_V_PN초_전환_초코퐁당출시_소비자상황형_호기심까까BP.KR1_var1.릴스_스트레스.반갈.(재).X_2P_권미정_260922_제과_이봄1,1357,17,16055.0,1
2026-10-02,(마스터ASC)[제과_초코퐁당] 26.09_초코퐁당출시_ASC_전환_video_전체타겟,(마스터ASC)[제과_초코퐁당] 26.09_초코퐁당출시_ASC_전환_video_전체타겟,[26.09]F_V_PN초_전환_초코퐁당출시_소비자상황형_호기심까까BP.KR1_main.릴스_스트레스.규모감.(재).X_2P_권미정_260922_제과_이봄1,4876,36,40786.0,2
2026-10-02,(마스터ASC)[제과_초코퐁당] 26.09_초코퐁당출시_ASC_전환_video_전체타겟,(마스터ASC)[제과_초코퐁당] 26.09_초코퐁당출시_ASC_전환_video_전체타겟,[26.09]F_V_PN초_전환_초코퐁당출시_소비자상황형_프로틴방앗간BP.KR1_var1.릴스_사무실.취식.(재).X_2P_권미정_260922_제과_이봄1,234,5,3790.0,0
2026-10-02,(마스터ASC)[제과_초코퐁당] 26.09_초코퐁당출시_ASC_전환_video_전체타겟,(마스터ASC)[제과_초코퐁당] 26.09_초코퐁당출시_ASC_전환_video_전체타겟,[26.09]F_V_PN초_전환_초코퐁당출시_소비자상황형_프로틴방앗간BP.KR1_main.릴스_사무실.인물맛비주얼.(재).X_2P_권미정_260922_제과_이봄1,721,13,8953.0,0
2026-10-03,(마스터ASC)[제과_블트하] 26.07_블트깡출시_ASC_전환_video,(마스터ASC)[제과_블트하] 26.07_블트깡출시_ASC_전환_video,[26.08]F_V_BT깡_전환_블트깡출시_라이브커머스형_라이브커머스형.KR1_var8.릴스_전체.남편안주.슬기.X_1P_김소희_260812_제과_피재은,521,10,13196.0,0
2026-10-03,(마스터ASC)[제과_블트하] 26.07_블트깡출시_ASC_전환_video,(마스터ASC)[제과_블트하] 26.07_블트깡출시_ASC_전환_video,[26.08]F_V_BT깡_전환_블트깡출시_혜택희소성_유인맨즈BP.이국주.KR1_var3.릴스_크래커비교.슬기.X_1P_최나영_260818_제과_피재은,113,0,2023.0,0
2026-10-03,(마스터ASC)[제과_블트하] 26.07_블트깡출시_ASC_전환_video,(마스터ASC)[제과_블트하] 26.07_블트깡출시_ASC_전환_video,[26.08]F_V_BT깡_전환_블트깡출시_혜택희소성_유인맨즈BP.이국주.KR1_var4.릴스_1등.슬기.X_1P_최나영_260818_제과_피재은,292,7,3323.0,0
2026-10-03,(마스터ASC)[제과_블트하] 26.07_블트깡출시_ASC_전환_video,(마스터ASC)[제과_블트하] 26.07_블트깡출시_ASC_전환_video,[26.08]F_V_BT깡_전환_블트깡출시_쩜오건_시즈닝강조.이국주.KR1_var1.릴스_블트깡.시즈닝신상.슬기.X_1P__260820_제과_문형민,34,0,500.0,0
2026-10-03,(마스터ASC)[제과_초코퐁당] 26.09_초코퐁당출시_ASC_전환_video_전체타겟,(마스터ASC)[제과_초코퐁당] 26.09_초코퐁당출시_ASC_전환_video_전체타겟,[26.09]F_V_PN초_전환_초코퐁당출시_쩜오건_토마토테라BP.KR1_main.릴스_님스저당버전.X_2P_권미정_260904_제과_이봄1,591,14,8473.0,1
2026-10-03,(마스터ASC)[제과_초코퐁당] 26.09_초코퐁당출시_ASC_전환_video_전체타겟,(마스터ASC)[제과_초코퐁당] 26.09_초코퐁당출시_ASC_전환_video_전체타겟,[26.09]F_V_PN초_전환_초코퐁당출시_인플루언서형_인플루언서형.KR1_var1.릴스_PMS페인.(재).X_2P_권미정_260915_제과_이봄1,4701,91,65488.0,7
2026-10-03,(마스터ASC)[제과_초코퐁당] 26.09_초코퐁당출시_ASC_전환_video_전체타겟,(마스터ASC)[제과_초코퐁당] 26.09_초코퐁당출시_ASC_전환_video_전체타겟,[26.09]F_V_PN초_전환_초코퐁당출시_인플루언서형_인플루언서형.KR1_var5.릴스_초콜릿맛인지.(재).X_2P_권미정_260915_제과_이봄1,14,0,305.0,0
2026-10-03,(마스터ASC)[제과_초코퐁당] 26.09_초코퐁당출시_ASC_전환_video_전체타겟,(마스터ASC)[제과_초코퐁당] 26.09_초코퐁당출시_ASC_전환_video_전체타겟,[26.09]F_V_PN초_전환_초코퐁당출시_소비자상황형_프로틴방앗간BP.KR1_var1.릴스_여최회사간식템.X_2P_권미정_260918_제과_이봄1,9363,118,104182.0,13
2026-10-03,(마스터ASC)[제과_초코퐁당] 26.09_초코퐁당출시_ASC_전환_video_전체타겟,(마스터ASC)[제과_초코퐁당] 26.09_초코퐁당출시_ASC_전환_video_전체타겟,[26.09]F_V_PN초_전환_초코퐁당출시_소비자상황형_호기심까까BP.KR1_main.릴스_스트레스.X_2P_권미정_260918_제과_이봄1,177,2,2805.0,0
2026-10-03,(마스터ASC)[제과_초코퐁당] 26.09_초코퐁당출시_ASC_전환_video_전체타겟,(마스터ASC)[제과_초코퐁당] 26.09_초코퐁당출시_ASC_전환_video_전체타겟,[26.09]F_V_PN초_전환_초코퐁당출시_소비자상황형_호기심까까BP.KR1_var1.릴스_술담배.X_2P_권미정_260918_제과_이봄1,573,7,6218.0,1
2026-10-03,(마스터ASC)[제과_초코퐁당] 26.09_초코퐁당출시_ASC_전환_video_전체타겟,(마스터ASC)[제과_초코퐁당] 26.09_초코퐁당출시_ASC_전환_video_전체타겟,[26.09]F_V_PN초_전환_초코퐁당출시_소비자상황형_님스초코컵BP.KR1_var1.릴스_앞단줄이기.X_2P_권미정_260918_제과_이봄1,2833,76,63644.0,7
2026-10-03,(마스터ASC)[제과_초코퐁당] 26.09_초코퐁당출시_ASC_전환_video_전체타겟,(마스터ASC)[제과_초코퐁당] 26.09_초코퐁당출시_ASC_전환_video_전체타겟,[26.09]F_V_PN초_전환_초코퐁당출시_소비자상황형_님스초코컵BP.KR1_var3.릴스_본론.앞단줄이기.X_2P_권미정_260918_제과_이봄1,1088,14,15810.0,1
2026-10-03,(마스터ASC)[제과_초코퐁당] 26.09_초코퐁당출시_ASC_전환_video_전체타겟,(마스터ASC)[제과_초코퐁당] 26.09_초코퐁당출시_ASC_전환_video_전체타겟,[26.09]F_V_PN초_전환_초코퐁당출시_소비자상황형_님스초코컵BP.KR1_main.릴스_PMS.규모감.(재).X_2P_권미정_260922_제과_이봄1,449,3,7227.0,0
2026-10-03,(마스터ASC)[제과_초코퐁당] 26.09_초코퐁당출시_ASC_전환_video_전체타겟,(마스터ASC)[제과_초코퐁당] 26.09_초코퐁당출시_ASC_전환_video_전체타겟,[26.09]F_V_PN초_전환_초코퐁당출시_소비자상황형_님스초코컵BP.KR1_var1.릴스_PMS.생초코연상.(재).X_2P_권미정_260922_제과_이봄1,9,1,272.0,0
2026-10-03,(마스터ASC)[제과_초코퐁당] 26.09_초코퐁당출시_ASC_전환_video_전체타겟,(마스터ASC)[제과_초코퐁당] 26.09_초코퐁당출시_ASC_전환_video_전체타겟,[26.09]F_V_PN초_전환_초코퐁당출시_소비자상황형_프로틴방앗간BP.KR1_var1.릴스_사무실.취식.(재).X_2P_권미정_260922_제과_이봄1,399,3,7162.0,0
2026-10-03,(마스터ASC)[제과_초코퐁당] 26.09_초코퐁당출시_ASC_전환_video_전체타겟,(마스터ASC)[제과_초코퐁당] 26.09_초코퐁당출시_ASC_전환_video_전체타겟,[26.09]F_V_PN초_전환_초코퐁당출시_소비자상황형_프로틴방앗간BP.KR1_main.릴스_사무실.인물맛비주얼.(재).X_2P_권미정_260922_제과_이봄1,1143,17,13395.0,0
2026-10-04,(마스터ASC)[제과_블트하] 26.07_블트깡출시_ASC_전환_video,(마스터ASC)[제과_블트하] 26.07_블트깡출시_ASC_전환_video,[26.08]F_V_BT깡_전환_블트깡출시_라이브커머스형_라이브커머스형.KR1_var8.릴스_전체.남편안주.슬기.X_1P_김소희_260812_제과_피재은,493,7,9804.0,1
2026-10-04,(마스터ASC)[제과_블트하] 26.07_블트깡출시_ASC_전환_video,(마스터ASC)[제과_블트하] 26.07_블트깡출시_ASC_전환_video,[26.08]F_V_BT깡_전환_블트깡출시_혜택희소성_유인맨즈BP.이국주.KR1_var3.릴스_크래커비교.슬기.X_1P_최나영_260818_제과_피재은,151,4,2141.0,0
2026-10-04,(마스터ASC)[제과_블트하] 26.07_블트깡출시_ASC_전환_video,(마스터ASC)[제과_블트하] 26.07_블트깡출시_ASC_전환_video,[26.08]F_V_BT깡_전환_블트깡출시_혜택희소성_유인맨즈BP.이국주.KR1_var4.릴스_1등.슬기.X_1P_최나영_260818_제과_피재은,3877,73,45116.0,6
2026-10-04,(마스터ASC)[제과_블트하] 26.07_블트깡출시_ASC_전환_video,(마스터ASC)[제과_블트하] 26.07_블트깡출시_ASC_전환_video,[26.08]F_V_BT깡_전환_블트깡출시_쩜오건_시즈닝강조.이국주.KR1_var1.릴스_블트깡.시즈닝신상.슬기.X_1P__260820_제과_문형민,14,0,81.0,0
2026-10-04,(마스터ASC)[제과_초코퐁당] 26.09_초코퐁당출시_ASC_전환_video_전체타겟,(마스터ASC)[제과_초코퐁당] 26.09_초코퐁당출시_ASC_전환_video_전체타겟,[26.09]F_V_PN초_전환_초코퐁당출시_쩜오건_토마토테라BP.KR1_main.릴스_님스저당버전.X_2P_권미정_260904_제과_이봄1,459,4,6758.0,0
2026-10-04,(마스터ASC)[제과_초코퐁당] 26.09_초코퐁당출시_ASC_전환_video_전체타겟,(마스터ASC)[제과_초코퐁당] 26.09_초코퐁당출시_ASC_전환_video_전체타겟,[26.09]F_V_PN초_전환_초코퐁당출시_인플루언서형_인플루언서형.KR1_var1.릴스_PMS페인.(재).X_2P_권미정_260915_제과_이봄1,6463,92,98809.0,7
2026-10-04,(마스터ASC)[제과_초코퐁당] 26.09_초코퐁당출시_ASC_전환_video_전체타겟,(마스터ASC)[제과_초코퐁당] 26.09_초코퐁당출시_ASC_전환_video_전체타겟,[26.09]F_V_PN초_전환_초코퐁당출시_인플루언서형_인플루언서형.KR1_var4.릴스_남자친구의선물.(재).X_2P_권미정_260915_제과_이봄1,1606,40,36376.0,2
2026-10-04,(마스터ASC)[제과_초코퐁당] 26.09_초코퐁당출시_ASC_전환_video_전체타겟,(마스터ASC)[제과_초코퐁당] 26.09_초코퐁당출시_ASC_전환_video_전체타겟,[26.09]F_V_PN초_전환_초코퐁당출시_인플루언서형_인플루언서형.KR1_var3.릴스_나잇살.(재).X_2P_권미정_260915_제과_이봄1,693,15,10813.0,0
2026-10-04,(마스터ASC)[제과_초코퐁당] 26.09_초코퐁당출시_ASC_전환_video_전체타겟,(마스터ASC)[제과_초코퐁당] 26.09_초코퐁당출시_ASC_전환_video_전체타겟,[26.09]F_V_PN초_전환_초코퐁당출시_인플루언서형_인플루언서형.KR1_var5.릴스_초콜릿맛인지.(재).X_2P_권미정_260915_제과_이봄1,8,0,83.0,0
2026-10-04,(마스터ASC)[제과_초코퐁당] 26.09_초코퐁당출시_ASC_전환_video_전체타겟,(마스터ASC)[제과_초코퐁당] 26.09_초코퐁당출시_ASC_전환_video_전체타겟,[26.09]F_V_PN초_전환_초코퐁당출시_소비자상황형_프로틴방앗간BP.KR1_var1.릴스_여최회사간식템.X_2P_권미정_260918_제과_이봄1,861,9,8901.0,0
2026-10-04,(마스터ASC)[제과_초코퐁당] 26.09_초코퐁당출시_ASC_전환_video_전체타겟,(마스터ASC)[제과_초코퐁당] 26.09_초코퐁당출시_ASC_전환_video_전체타겟,[26.09]F_V_PN초_전환_초코퐁당출시_소비자상황형_호기심까까BP.KR1_main.릴스_스트레스.X_2P_권미정_260918_제과_이봄1,243,4,4737.0,0
2026-10-04,(마스터ASC)[제과_초코퐁당] 26.09_초코퐁당출시_ASC_전환_video_전체타겟,(마스터ASC)[제과_초코퐁당] 26.09_초코퐁당출시_ASC_전환_video_전체타겟,[26.09]F_V_PN초_전환_초코퐁당출시_소비자상황형_호기심까까BP.KR1_var1.릴스_술담배.X_2P_권미정_260918_제과_이봄1,1406,16,17263.0,3
2026-10-04,(마스터ASC)[제과_초코퐁당] 26.09_초코퐁당출시_ASC_전환_video_전체타겟,(마스터ASC)[제과_초코퐁당] 26.09_초코퐁당출시_ASC_전환_video_전체타겟,[26.09]F_V_PN초_전환_초코퐁당출시_소비자상황형_님스초코컵BP.KR1_var1.릴스_앞단줄이기.X_2P_권미정_260918_제과_이봄1,508,17,9676.0,0
2026-10-04,(마스터ASC)[제과_초코퐁당] 26.09_초코퐁당출시_ASC_전환_video_전체타겟,(마스터ASC)[제과_초코퐁당] 26.09_초코퐁당출시_ASC_전환_video_전체타겟,[26.09]F_V_PN초_전환_초코퐁당출시_소비자상황형_님스초코컵BP.KR1_var3.릴스_본론.앞단줄이기.X_2P_권미정_260918_제과_이봄1,1313,7,17398.0,1
2026-10-04,(마스터ASC)[제과_초코퐁당] 26.09_초코퐁당출시_ASC_전환_video_전체타겟,(마스터ASC)[제과_초코퐁당] 26.09_초코퐁당출시_ASC_전환_video_전체타겟,[26.09]F_V_PN초_전환_초코퐁당출시_소비자상황형_님스초코컵BP.KR1_main.릴스_PMS.규모감.(재).X_2P_권미정_260922_제과_이봄1,492,5,8343.0,0
2026-10-04,(마스터ASC)[제과_초코퐁당] 26.09_초코퐁당출시_ASC_전환_video_전체타겟,(마스터ASC)[제과_초코퐁당] 26.09_초코퐁당출시_ASC_전환_video_전체타겟,[26.09]F_V_PN초_전환_초코퐁당출시_소비자상황형_님스초코컵BP.KR1_var1.릴스_PMS.생초코연상.(재).X_2P_권미정_260922_제과_이봄1,30,1,346.0,0
2026-10-04,(마스터ASC)[제과_초코퐁당] 26.09_초코퐁당출시_ASC_전환_video_전체타겟,(마스터ASC)[제과_초코퐁당] 26.09_초코퐁당출시_ASC_전환_video_전체타겟,[26.09]F_V_PN초_전환_초코퐁당출시_소비자상황형_호기심까까BP.KR1_var1.릴스_스트레스.반갈.(재).X_2P_권미정_260922_제과_이봄1,830,10,13630.0,1
2026-10-04,(마스터ASC)[제과_초코퐁당] 26.09_초코퐁당출시_ASC_전환_video_전체타겟,(마스터ASC)[제과_초코퐁당] 26.09_초코퐁당출시_ASC_전환_video_전체타겟,[26.09]F_V_PN초_전환_초코퐁당출시_소비자상황형_호기심까까BP.KR1_main.릴스_스트레스.규모감.(재).X_2P_권미정_260922_제과_이봄1,6399,39,53377.0,4
2026-10-04,(마스터ASC)[제과_초코퐁당] 26.09_초코퐁당출시_ASC_전환_video_전체타겟,(마스터ASC)[제과_초코퐁당] 26.09_초코퐁당출시_ASC_전환_video_전체타겟,[26.09]F_V_PN초_전환_초코퐁당출시_소비자상황형_프로틴방앗간BP.KR1_var1.릴스_사무실.취식.(재).X_2P_권미정_260922_제과_이봄1,364,6,7267.0,0
2026-10-05,(마스터ASC)[제과_블트하] 26.07_블트깡출시_ASC_전환_video,(마스터ASC)[제과_블트하] 26.07_블트깡출시_ASC_전환_video,[26.08]F_V_BT깡_전환_블트깡출시_라이브커머스형_라이브커머스형.KR1_var8.릴스_전체.남편안주.슬기.X_1P_김소희_260812_제과_피재은,28,0,481.0,0
2026-10-05,(마스터ASC)[제과_블트하] 26.07_블트깡출시_ASC_전환_video,(마스터ASC)[제과_블트하] 26.07_블트깡출시_ASC_전환_video,[26.08]F_V_BT깡_전환_블트깡출시_혜택희소성_유인맨즈BP.이국주.KR1_var3.릴스_크래커비교.슬기.X_1P_최나영_260818_제과_피재은,21,1,601.0,0
2026-10-05,(마스터ASC)[제과_블트하] 26.07_블트깡출시_ASC_전환_video,(마스터ASC)[제과_블트하] 26.07_블트깡출시_ASC_전환_video,[26.08]F_V_BT깡_전환_블트깡출시_혜택희소성_유인맨즈BP.이국주.KR1_var4.릴스_1등.슬기.X_1P_최나영_260818_제과_피재은,134,1,1524.0,0
2026-10-05,(마스터ASC)[제과_블트하] 26.07_블트깡출시_ASC_전환_video,(마스터ASC)[제과_블트하] 26.07_블트깡출시_ASC_전환_video,[26.08]F_V_BT깡_전환_블트깡출시_쩜오건_시즈닝강조.이국주.KR1_var1.릴스_블트깡.시즈닝신상.슬기.X_1P__260820_제과_문형민,1,0,23.0,0
2026-10-05,(마스터ASC)[제과_초코퐁당] 26.09_초코퐁당출시_ASC_전환_video_전체타겟,(마스터ASC)[제과_초코퐁당] 26.09_초코퐁당출시_ASC_전환_video_전체타겟,[26.09]F_V_PN초_전환_초코퐁당출시_인플루언서형_인플루언서형.KR1_var1.릴스_PMS페인.(재).X_2P_권미정_260915_제과_이봄1,4316,61,58597.0,4
2026-10-05,(마스터ASC)[제과_초코퐁당] 26.09_초코퐁당출시_ASC_전환_video_전체타겟,(마스터ASC)[제과_초코퐁당] 26.09_초코퐁당출시_ASC_전환_video_전체타겟,[26.09]F_V_PN초_전환_초코퐁당출시_인플루언서형_인플루언서형.KR1_var4.릴스_남자친구의선물.(재).X_2P_권미정_260915_제과_이봄1,7385,139,111426.0,3
2026-10-05,(마스터ASC)[제과_초코퐁당] 26.09_초코퐁당출시_ASC_전환_video_전체타겟,(마스터ASC)[제과_초코퐁당] 26.09_초코퐁당출시_ASC_전환_video_전체타겟,[26.09]F_V_PN초_전환_초코퐁당출시_인플루언서형_인플루언서형.KR1_var5.릴스_초콜릿맛인지.(재).X_2P_권미정_260915_제과_이봄1,19,2,939.0,0
2026-10-05,(마스터ASC)[제과_초코퐁당] 26.09_초코퐁당출시_ASC_전환_video_전체타겟,(마스터ASC)[제과_초코퐁당] 26.09_초코퐁당출시_ASC_전환_video_전체타겟,[26.09]F_V_PN초_전환_초코퐁당출시_소비자상황형_호기심까까BP.KR1_main.릴스_스트레스.X_2P_권미정_260918_제과_이봄1,192,5,3606.0,0
2026-10-05,(마스터ASC)[제과_초코퐁당] 26.09_초코퐁당출시_ASC_전환_video_전체타겟,(마스터ASC)[제과_초코퐁당] 26.09_초코퐁당출시_ASC_전환_video_전체타겟,[26.09]F_V_PN초_전환_초코퐁당출시_소비자상황형_호기심까까BP.KR1_var1.릴스_술담배.X_2P_권미정_260918_제과_이봄1,788,17,8715.0,0
2026-10-05,(마스터ASC)[제과_초코퐁당] 26.09_초코퐁당출시_ASC_전환_video_전체타겟,(마스터ASC)[제과_초코퐁당] 26.09_초코퐁당출시_ASC_전환_video_전체타겟,[26.09]F_V_PN초_전환_초코퐁당출시_소비자상황형_님스초코컵BP.KR1_var1.릴스_PMS.생초코연상.(재).X_2P_권미정_260922_제과_이봄1,20,0,181.0,0
2026-10-05,(마스터ASC)[제과_초코퐁당] 26.09_초코퐁당출시_ASC_전환_video_전체타겟,(마스터ASC)[제과_초코퐁당] 26.09_초코퐁당출시_ASC_전환_video_전체타겟,[26.09]F_V_PN초_전환_초코퐁당출시_소비자상황형_호기심까까BP.KR1_var1.릴스_스트레스.반갈.(재).X_2P_권미정_260922_제과_이봄1,3024,44,39279.0,6
2026-10-05,(마스터ASC)[제과_초코퐁당] 26.09_초코퐁당출시_ASC_전환_video_전체타겟,(마스터ASC)[제과_초코퐁당] 26.09_초코퐁당출시_ASC_전환_video_전체타겟,[26.09]F_V_PN초_전환_초코퐁당출시_소비자상황형_호기심까까BP.KR1_main.릴스_스트레스.규모감.(재).X_2P_권미정_260922_제과_이봄1,70,0,498.0,0
2026-10-01,(마스터ASC)[제과_초코퐁당] 26.09_초코퐁당출시_ASC_전환_video_전체타겟,(마스터ASC)[제과_초코퐁당] 26.09_초코퐁당출시_ASC_전환_video_전체타겟,[26.09]F_V_PN초_전환_초코퐁당출시_소비자상황형_프로틴방앗간BP.KR1_var2.릴스_사무실(여초).반갈.(재).X_2P_권미정_260922_제과_이봄1,404,7,5417.0,0
2026-10-01,(마스터ASC)[제과_초코퐁당] 26.09_초코퐁당출시_ASC_전환_video_전체타겟,(마스터ASC)[제과_초코퐁당] 26.09_초코퐁당출시_ASC_전환_video_전체타겟,[26.09]F_V_PN초_전환_초코퐁당출시_네고형_지인네고형.KR1_main.릴스_메인.X_1P_권미정_260923_제과_피재은,1402,36,31397.0,6
2026-10-01,(마스터ASC)[제과_초코퐁당] 26.09_초코퐁당출시_ASC_전환_video_전체타겟,(마스터ASC)[제과_초코퐁당] 26.09_초코퐁당출시_ASC_전환_video_전체타겟,[26.09]F_V_PN초_전환_초코퐁당출시_네고형_지인네고형.KR1_var3.릴스_다이어트.X_1P_권미정_260923_제과_피재은,861,11,8851.0,0
2026-10-01,(마스터ASC)[제과_초코퐁당] 26.09_초코퐁당출시_ASC_전환_video_전체타겟,(마스터ASC)[제과_초코퐁당] 26.09_초코퐁당출시_ASC_전환_video_전체타겟,[26.09]F_V_PN초_전환_초코퐁당출시_네고형_지인네고형.KR1_var2.릴스_생초코.X_1P_권미정_260923_제과_피재은,63,1,1090.0,1
2026-10-01,(마스터ASC)[제과_초코퐁당] 26.09_초코퐁당출시_ASC_전환_video_전체타겟,(마스터ASC)[제과_초코퐁당] 26.09_초코퐁당출시_ASC_전환_video_전체타겟,[26.09]F_V_PN초_전환_초코퐁당출시_네고형_지인네고형.KR1_var1.릴스_살안찌는.X_1P_권미정_260923_제과_피재은,1226,13,19684.0,1
2026-10-01,(마스터ASC)[제과_초코퐁당] 26.09_초코퐁당출시_ASC_전환_video_전체타겟,(마스터ASC)[제과_초코퐁당] 26.09_초코퐁당출시_ASC_전환_video_전체타겟,[26.09]F_V_PN초_전환_초코퐁당출시_네고형_책상네고형.KR1_main.릴스_기본.X_2P_권미정_260923_제과_이봄1,102199,1295,924745.0,72
2026-10-01,(마스터ASC)[제과_초코퐁당] 26.09_초코퐁당출시_ASC_전환_video_전체타겟,(마스터ASC)[제과_초코퐁당] 26.09_초코퐁당출시_ASC_전환_video_전체타겟,[26.09]F_V_PN초_전환_초코퐁당출시_네고형_책상네고형.KR1_var1.릴스_다이어터커뮤.X_2P_권미정_260923_제과_이봄1,7298,90,71010.0,8
2026-10-01,(마스터ASC)[제과_초코퐁당] 26.09_초코퐁당출시_ASC_전환_video_전체타겟,(마스터ASC)[제과_초코퐁당] 26.09_초코퐁당출시_ASC_전환_video_전체타겟,[26.09]F_I_PN초_전환_초코퐁당출시_제품강조형_KR1_.릴스_공감상황.5봉지조져도.__권미정_260929_제과_김수정,6777,74,66172.0,3
2026-10-01,(마스터ASC)[제과_초코퐁당] 26.09_초코퐁당출시_ASC_전환_video_전체타겟,(마스터ASC)[제과_초코퐁당] 26.09_초코퐁당출시_ASC_전환_video_전체타겟,[26.09]F_I_PN초_전환_초코퐁당출시_제품강조형_KR1_.릴스_공감상황.다이어트입터짐방지.__권미정_260929_제과_김수정,1685,18,19155.0,1
2026-10-01,(마스터ASC)[제과_초코퐁당] 26.09_초코퐁당출시_ASC_전환_video_전체타겟,(마스터ASC)[제과_초코퐁당] 26.09_초코퐁당출시_ASC_전환_video_전체타겟,[26.09]F_I_PN초_전환_초코퐁당출시_제품강조형_KR1_.릴스_공감상황.탕비실간식.__권미정_260930_제과_김수정,1707,24,19671.0,2
2026-10-01,(마스터ASC)[제과_초코퐁당] 26.09_초코퐁당출시_ASC_전환_video_전체타겟,(마스터ASC)[제과_초코퐁당] 26.09_초코퐁당출시_ASC_전환_video_전체타겟,[26.10]F_V_PN초_전환_초코퐁당출시_인물리뷰형_고객후기형.KR1_var1.릴스_BP.X_1P_권미정_261001_제과_문형민,1157,8,16063.0,1
2026-10-01,(마스터ASC)[제과_초코퐁당] 26.09_초코퐁당출시_ASC_전환_video_전체타겟,(마스터ASC)[제과_초코퐁당] 26.09_초코퐁당출시_ASC_전환_video_전체타겟,[26.10]F_V_PN초_전환_초코퐁당출시_인물리뷰형_고객후기형.KR1_main.릴스_SP.X_1P_권미정_261001_제과_문형민,780,5,10208.0,1
2026-10-01,(마스터ASC)[제과_초코퐁당] 26.09_초코퐁당출시_ASC_전환_video_전체타겟,(마스터ASC)[제과_초코퐁당] 26.09_초코퐁당출시_ASC_전환_video_전체타겟,[26.10]F_V_PN초_전환_초코퐁당출시_인물리뷰형_고객후기형.KR1_var2.릴스_다이어터.X_1P_권미정_261001_제과_문형민,73,1,1209.0,0
2026-10-01,(마스터ASC)[제과_초코퐁당] 26.09_초코퐁당출시_ASC_전환_video_전체타겟,(마스터ASC)[제과_초코퐁당] 26.09_초코퐁당출시_ASC_전환_video_전체타겟,[26.10]F_V_PN초_전환_초코퐁당출시_인물리뷰형_고객후기형.KR1_var3.릴스_TOM.다이어터.X_1P_권미정_261001_제과_문형민,1250,10,14048.0,0
2026-10-01,(마스터ASC)[제과_초코퐁당] 26.09_초코퐁당출시_ASC_전환_video_전체타겟,(마스터ASC)[제과_초코퐁당] 26.09_초코퐁당출시_ASC_전환_video_전체타겟,[26.10]F_V_PN초_전환_초코퐁당출시_인물리뷰형_고객후기형.KR1_var4.릴스_공통.X_1P_권미정_261001_제과_문형민,3,0,134.0,0
2026-10-01,(마스터ASC)[제과_초코퐁당] 26.09_초코퐁당출시_ASC_전환_video_전체타겟,(마스터ASC)[제과_초코퐁당] 26.09_초코퐁당출시_ASC_전환_video_전체타겟,[26.09]F_I_PN초_전환_초코퐁당출시_제품강조형_KR1_.릴스_다이어터.대세감.__권미정_261001_제과_박지현,1179,13,13833.0,1
2026-10-01,(마스터ASC)[제과_초코퐁당] 26.09_초코퐁당출시_ASC_전환_video_전체타겟,(마스터ASC)[제과_초코퐁당] 26.09_초코퐁당출시_ASC_전환_video_전체타겟,[26.09]F_I_PN초_전환_초코퐁당출시_제품강조형_KR1_.릴스_초코덕후.대세감.__권미정_261001_제과_박지현,2991,33,28160.0,0
2026-10-01,(마스터ASC)[제과_초코퐁당] 26.09_초코퐁당출시_ASC_전환_video_전체타겟,(마스터ASC)[제과_초코퐁당] 26.09_초코퐁당출시_ASC_전환_video_전체타겟,[26.09]F_I_PN초_전환_초코퐁당출시_제품강조형_KR1_.릴스_다이어터.대세감2.__권미정_261001_제과_박지현,3095,34,33940.0,3
2026-10-02,(마스터ASC)[제과_초코퐁당] 26.09_초코퐁당출시_ASC_전환_video_전체타겟,(마스터ASC)[제과_초코퐁당] 26.09_초코퐁당출시_ASC_전환_video_전체타겟,[26.09]F_V_PN초_전환_초코퐁당출시_소비자상황형_프로틴방앗간BP.KR1_var2.릴스_사무실(여초).반갈.(재).X_2P_권미정_260922_제과_이봄1,103,3,1383.0,0
2026-10-02,(마스터ASC)[제과_초코퐁당] 26.09_초코퐁당출시_ASC_전환_video_전체타겟,(마스터ASC)[제과_초코퐁당] 26.09_초코퐁당출시_ASC_전환_video_전체타겟,[26.09]F_V_PN초_전환_초코퐁당출시_네고형_지인네고형.KR1_main.릴스_메인.X_1P_권미정_260923_제과_피재은,428,10,11503.0,0
2026-10-02,(마스터ASC)[제과_초코퐁당] 26.09_초코퐁당출시_ASC_전환_video_전체타겟,(마스터ASC)[제과_초코퐁당] 26.09_초코퐁당출시_ASC_전환_video_전체타겟,[26.09]F_V_PN초_전환_초코퐁당출시_네고형_지인네고형.KR1_var2.릴스_생초코.X_1P_권미정_260923_제과_피재은,128,0,1937.0,0
2026-10-02,(마스터ASC)[제과_초코퐁당] 26.09_초코퐁당출시_ASC_전환_video_전체타겟,(마스터ASC)[제과_초코퐁당] 26.09_초코퐁당출시_ASC_전환_video_전체타겟,[26.09]F_V_PN초_전환_초코퐁당출시_네고형_지인네고형.KR1_var1.릴스_살안찌는.X_1P_권미정_260923_제과_피재은,750,16,12432.0,0
2026-10-02,(마스터ASC)[제과_초코퐁당] 26.09_초코퐁당출시_ASC_전환_video_전체타겟,(마스터ASC)[제과_초코퐁당] 26.09_초코퐁당출시_ASC_전환_video_전체타겟,[26.09]F_V_PN초_전환_초코퐁당출시_네고형_지인네고형.KR1_var4.릴스_로이스.X_1P_권미정_260923_제과_피재은,707,8,10896.0,0
2026-10-02,(마스터ASC)[제과_초코퐁당] 26.09_초코퐁당출시_ASC_전환_video_전체타겟,(마스터ASC)[제과_초코퐁당] 26.09_초코퐁당출시_ASC_전환_video_전체타겟,[26.09]F_V_PN초_전환_초코퐁당출시_네고형_책상네고형.KR1_main.릴스_기본.X_2P_권미정_260923_제과_이봄1,55931,671,498097.0,38
2026-10-02,(마스터ASC)[제과_초코퐁당] 26.09_초코퐁당출시_ASC_전환_video_전체타겟,(마스터ASC)[제과_초코퐁당] 26.09_초코퐁당출시_ASC_전환_video_전체타겟,[26.09]F_V_PN초_전환_초코퐁당출시_네고형_책상네고형.KR1_var1.릴스_다이어터커뮤.X_2P_권미정_260923_제과_이봄1,4767,64,55930.0,7
2026-10-02,(마스터ASC)[제과_초코퐁당] 26.09_초코퐁당출시_ASC_전환_video_전체타겟,(마스터ASC)[제과_초코퐁당] 26.09_초코퐁당출시_ASC_전환_video_전체타겟,[26.09]F_I_PN초_전환_초코퐁당출시_제품강조형_KR1_.릴스_공감상황.5봉지조져도.__권미정_260929_제과_김수정,14536,122,141749.0,10
2026-10-02,(마스터ASC)[제과_초코퐁당] 26.09_초코퐁당출시_ASC_전환_video_전체타겟,(마스터ASC)[제과_초코퐁당] 26.09_초코퐁당출시_ASC_전환_video_전체타겟,[26.09]F_I_PN초_전환_초코퐁당출시_제품강조형_KR1_.릴스_공감상황.다이어트입터짐방지.__권미정_260929_제과_김수정,1363,20,16736.0,0
2026-10-02,(마스터ASC)[제과_초코퐁당] 26.09_초코퐁당출시_ASC_전환_video_전체타겟,(마스터ASC)[제과_초코퐁당] 26.09_초코퐁당출시_ASC_전환_video_전체타겟,[26.09]F_I_PN초_전환_초코퐁당출시_제품강조형_KR1_.릴스_공감상황.초코애들땡깡.__권미정_260930_제과_김수정,925,9,10419.0,0
2026-10-02,(마스터ASC)[제과_초코퐁당] 26.09_초코퐁당출시_ASC_전환_video_전체타겟,(마스터ASC)[제과_초코퐁당] 26.09_초코퐁당출시_ASC_전환_video_전체타겟,[26.09]F_I_PN초_전환_초코퐁당출시_제품강조형_KR1_.릴스_공감상황.탕비실간식.__권미정_260930_제과_김수정,838,6,10582.0,0
2026-10-02,(마스터ASC)[제과_초코퐁당] 26.09_초코퐁당출시_ASC_전환_video_전체타겟,(마스터ASC)[제과_초코퐁당] 26.09_초코퐁당출시_ASC_전환_video_전체타겟,[26.10]F_V_PN초_전환_초코퐁당출시_인물리뷰형_고객후기형.KR1_var1.릴스_BP.X_1P_권미정_261001_제과_문형민,476,3,7090.0,0
2026-10-02,(마스터ASC)[제과_초코퐁당] 26.09_초코퐁당출시_ASC_전환_video_전체타겟,(마스터ASC)[제과_초코퐁당] 26.09_초코퐁당출시_ASC_전환_video_전체타겟,[26.10]F_V_PN초_전환_초코퐁당출시_인물리뷰형_고객후기형.KR1_main.릴스_SP.X_1P_권미정_261001_제과_문형민,27,0,359.0,0
2026-10-02,(마스터ASC)[제과_초코퐁당] 26.09_초코퐁당출시_ASC_전환_video_전체타겟,(마스터ASC)[제과_초코퐁당] 26.09_초코퐁당출시_ASC_전환_video_전체타겟,[26.10]F_V_PN초_전환_초코퐁당출시_인물리뷰형_고객후기형.KR1_var2.릴스_다이어터.X_1P_권미정_261001_제과_문형민,6,0,72.0,0
2026-10-02,(마스터ASC)[제과_초코퐁당] 26.09_초코퐁당출시_ASC_전환_video_전체타겟,(마스터ASC)[제과_초코퐁당] 26.09_초코퐁당출시_ASC_전환_video_전체타겟,[26.10]F_V_PN초_전환_초코퐁당출시_인물리뷰형_고객후기형.KR1_var4.릴스_공통.X_1P_권미정_261001_제과_문형민,4,0,60.0,0
2026-10-02,(마스터ASC)[제과_초코퐁당] 26.09_초코퐁당출시_ASC_전환_video_전체타겟,(마스터ASC)[제과_초코퐁당] 26.09_초코퐁당출시_ASC_전환_video_전체타겟,[26.09]F_I_PN초_전환_초코퐁당출시_제품강조형_KR1_.릴스_초코덕후.대세감.__권미정_261001_제과_박지현,1499,17,14184.0,0
2026-10-02,(마스터ASC)[제과_초코퐁당] 26.09_초코퐁당출시_ASC_전환_video_전체타겟,(마스터ASC)[제과_초코퐁당] 26.09_초코퐁당출시_ASC_전환_video_전체타겟,[26.09]F_I_PN초_전환_초코퐁당출시_제품강조형_KR1_.릴스_다이어터.대세감2.__권미정_261001_제과_박지현,2639,28,27638.0,3
2026-10-02,(마스터ASC)[제과_초코퐁당] 26.09_초코퐁당출시_ASC_전환_video_전체타겟,(마스터ASC)[제과_초코퐁당] 26.09_초코퐁당출시_ASC_전환_video_전체타겟,[26.10]F_I_PN초_전환_초코퐁당출시_제품강조형_KR1_.릴스_함침_6번담갔다뺐.__권미정_261002_제과_박서연,571,2,5470.0,0
2026-10-02,(마스터ASC)[제과_초코퐁당] 26.09_초코퐁당출시_ASC_전환_video_전체타겟,(마스터ASC)[제과_초코퐁당] 26.09_초코퐁당출시_ASC_전환_video_전체타겟,[26.10]F_I_PN초_전환_초코퐁당출시_제품강조형_KR1_.릴스_함침_진공함침.__권미정_261002_제과_박서연,148,0,1340.0,0
2026-10-02,(마스터ASC)[제과_초코퐁당] 26.09_초코퐁당출시_ASC_전환_video_전체타겟,(마스터ASC)[제과_초코퐁당] 26.09_초코퐁당출시_ASC_전환_video_전체타겟,[26.10]F_I_PN초_전환_초코퐁당출시_제품강조형_KR1_.릴스_생초코_저당초코계에선처음.__권미정_261002_제과_박서연,60,0,794.0,0
2026-10-02,(마스터ASC)[제과_초코퐁당] 26.09_초코퐁당출시_ASC_전환_video_전체타겟,(마스터ASC)[제과_초코퐁당] 26.09_초코퐁당출시_ASC_전환_video_전체타겟,[26.10]F_I_PN초_전환_초코퐁당출시_제품강조형_KR1_.릴스_함침+생초코_일본최고급.__권미정_261002_제과_박서연,12,0,121.0,0
2026-10-02,(마스터ASC)[제과_초코퐁당] 26.09_초코퐁당출시_ASC_전환_video_전체타겟,(마스터ASC)[제과_초코퐁당] 26.09_초코퐁당출시_ASC_전환_video_전체타겟,[26.10]F_I_PN초_전환_초코퐁당출시_제품강조형_KR1_.릴스_생초코_고급초콜릿에만.__권미정_261002_제과_박서연,99,0,1105.0,0
2026-10-02,(마스터ASC)[제과_초코퐁당] 26.09_초코퐁당출시_ASC_전환_video_전체타겟,(마스터ASC)[제과_초코퐁당] 26.09_초코퐁당출시_ASC_전환_video_전체타겟,[26.10]F_I_PN초_전환_초코퐁당출시_제품강조형_KR1_.릴스_생초코_남는것도없는데.__권미정_261002_제과_박서연,61,3,938.0,0
2026-10-02,(마스터ASC)[제과_초코퐁당] 26.09_초코퐁당출시_ASC_전환_video_전체타겟,(마스터ASC)[제과_초코퐁당] 26.09_초코퐁당출시_ASC_전환_video_전체타겟,[26.10]F_I_PN초_전환_초코퐁당출시_제품강조형_KR1_.릴스_함침+생초코_다들비싸다고초코향만.__권미정_261002_제과_박서연,27,0,415.0,0
2026-10-02,(마스터ASC)[제과_초코퐁당] 26.09_초코퐁당출시_ASC_전환_video_전체타겟,(마스터ASC)[제과_초코퐁당] 26.09_초코퐁당출시_ASC_전환_video_전체타겟,[26.10]F_I_PN초_전환_초코퐁당출시_제품강조형_KR1_.릴스_함침_24시간.__권미정_261002_제과_박서연,84,0,1310.0,0
2026-10-02,(마스터ASC)[제과_초코퐁당] 26.09_초코퐁당출시_ASC_전환_video_전체타겟,(마스터ASC)[제과_초코퐁당] 26.09_초코퐁당출시_ASC_전환_video_전체타겟,[26.10]F_I_PN초_전환_초코퐁당출시_제품강조형_KR1_.릴스_함침+생초코_속까지스며드는.__권미정_261002_제과_박서연,21,0,566.0,0
2026-10-03,(마스터ASC)[제과_초코퐁당] 26.09_초코퐁당출시_ASC_전환_video_전체타겟,(마스터ASC)[제과_초코퐁당] 26.09_초코퐁당출시_ASC_전환_video_전체타겟,[26.09]F_V_PN초_전환_초코퐁당출시_소비자상황형_프로틴방앗간BP.KR1_var2.릴스_사무실(여초).반갈.(재).X_2P_권미정_260922_제과_이봄1,127,1,2114.0,0
2026-10-03,(마스터ASC)[제과_초코퐁당] 26.09_초코퐁당출시_ASC_전환_video_전체타겟,(마스터ASC)[제과_초코퐁당] 26.09_초코퐁당출시_ASC_전환_video_전체타겟,[26.09]F_V_PN초_전환_초코퐁당출시_네고형_지인네고형.KR1_var2.릴스_생초코.X_1P_권미정_260923_제과_피재은,96,3,1606.0,0
2026-10-03,(마스터ASC)[제과_초코퐁당] 26.09_초코퐁당출시_ASC_전환_video_전체타겟,(마스터ASC)[제과_초코퐁당] 26.09_초코퐁당출시_ASC_전환_video_전체타겟,[26.09]F_V_PN초_전환_초코퐁당출시_네고형_책상네고형.KR1_main.릴스_기본.X_2P_권미정_260923_제과_이봄1,125914,1544,1155735.0,86
2026-10-03,(마스터ASC)[제과_초코퐁당] 26.09_초코퐁당출시_ASC_전환_video_전체타겟,(마스터ASC)[제과_초코퐁당] 26.09_초코퐁당출시_ASC_전환_video_전체타겟,[26.09]F_V_PN초_전환_초코퐁당출시_네고형_책상네고형.KR1_var1.릴스_다이어터커뮤.X_2P_권미정_260923_제과_이봄1,16950,203,192601.0,16
2026-10-03,(마스터ASC)[제과_초코퐁당] 26.09_초코퐁당출시_ASC_전환_video_전체타겟,(마스터ASC)[제과_초코퐁당] 26.09_초코퐁당출시_ASC_전환_video_전체타겟,[26.10]F_V_PN초_전환_초코퐁당출시_인물리뷰형_고객후기형.KR1_var1.릴스_BP.X_1P_권미정_261001_제과_문형민,272,8,3781.0,1
2026-10-03,(마스터ASC)[제과_초코퐁당] 26.09_초코퐁당출시_ASC_전환_video_전체타겟,(마스터ASC)[제과_초코퐁당] 26.09_초코퐁당출시_ASC_전환_video_전체타겟,[26.10]F_V_PN초_전환_초코퐁당출시_인물리뷰형_고객후기형.KR1_main.릴스_SP.X_1P_권미정_261001_제과_문형민,21,0,428.0,0
2026-10-03,(마스터ASC)[제과_초코퐁당] 26.09_초코퐁당출시_ASC_전환_video_전체타겟,(마스터ASC)[제과_초코퐁당] 26.09_초코퐁당출시_ASC_전환_video_전체타겟,[26.10]F_V_PN초_전환_초코퐁당출시_인물리뷰형_고객후기형.KR1_var2.릴스_다이어터.X_1P_권미정_261001_제과_문형민,3,0,71.0,0
2026-10-03,(마스터ASC)[제과_초코퐁당] 26.09_초코퐁당출시_ASC_전환_video_전체타겟,(마스터ASC)[제과_초코퐁당] 26.09_초코퐁당출시_ASC_전환_video_전체타겟,[26.10]F_V_PN초_전환_초코퐁당출시_인물리뷰형_고객후기형.KR1_var4.릴스_공통.X_1P_권미정_261001_제과_문형민,4,0,76.0,0
2026-10-03,(마스터ASC)[제과_초코퐁당] 26.09_초코퐁당출시_ASC_전환_video_전체타겟,(마스터ASC)[제과_초코퐁당] 26.09_초코퐁당출시_ASC_전환_video_전체타겟,[26.09]F_I_PN초_전환_초코퐁당출시_제품강조형_KR1_.릴스_다이어터.대세감2.__권미정_261001_제과_박지현,1102,16,13854.0,0
2026-10-03,(마스터ASC)[제과_초코퐁당] 26.09_초코퐁당출시_ASC_전환_video_전체타겟,(마스터ASC)[제과_초코퐁당] 26.09_초코퐁당출시_ASC_전환_video_전체타겟,[26.10]F_I_PN초_전환_초코퐁당출시_제품강조형_KR1_.릴스_함침_6번담갔다뺐.__권미정_261002_제과_박서연,24,0,230.0,0
2026-10-03,(마스터ASC)[제과_초코퐁당] 26.09_초코퐁당출시_ASC_전환_video_전체타겟,(마스터ASC)[제과_초코퐁당] 26.09_초코퐁당출시_ASC_전환_video_전체타겟,[26.10]F_I_PN초_전환_초코퐁당출시_제품강조형_KR1_.릴스_함침_진공함침.__권미정_261002_제과_박서연,45,0,379.0,0
2026-10-03,(마스터ASC)[제과_초코퐁당] 26.09_초코퐁당출시_ASC_전환_video_전체타겟,(마스터ASC)[제과_초코퐁당] 26.09_초코퐁당출시_ASC_전환_video_전체타겟,[26.10]F_I_PN초_전환_초코퐁당출시_제품강조형_KR1_.릴스_생초코_저당초코계에선처음.__권미정_261002_제과_박서연,146,1,1609.0,0
2026-10-03,(마스터ASC)[제과_초코퐁당] 26.09_초코퐁당출시_ASC_전환_video_전체타겟,(마스터ASC)[제과_초코퐁당] 26.09_초코퐁당출시_ASC_전환_video_전체타겟,[26.10]F_I_PN초_전환_초코퐁당출시_제품강조형_KR1_.릴스_함침+생초코_일본최고급.__권미정_261002_제과_박서연,8,0,90.0,0
2026-10-03,(마스터ASC)[제과_초코퐁당] 26.09_초코퐁당출시_ASC_전환_video_전체타겟,(마스터ASC)[제과_초코퐁당] 26.09_초코퐁당출시_ASC_전환_video_전체타겟,[26.10]F_I_PN초_전환_초코퐁당출시_제품강조형_KR1_.릴스_생초코_고급초콜릿에만.__권미정_261002_제과_박서연,285,3,4841.0,0
2026-10-03,(마스터ASC)[제과_초코퐁당] 26.09_초코퐁당출시_ASC_전환_video_전체타겟,(마스터ASC)[제과_초코퐁당] 26.09_초코퐁당출시_ASC_전환_video_전체타겟,[26.10]F_I_PN초_전환_초코퐁당출시_제품강조형_KR1_.릴스_생초코_남는것도없는데.__권미정_261002_제과_박서연,594,0,9206.0,1
2026-10-03,(마스터ASC)[제과_초코퐁당] 26.09_초코퐁당출시_ASC_전환_video_전체타겟,(마스터ASC)[제과_초코퐁당] 26.09_초코퐁당출시_ASC_전환_video_전체타겟,[26.10]F_I_PN초_전환_초코퐁당출시_제품강조형_KR1_.릴스_함침+생초코_다들비싸다고초코향만.__권미정_261002_제과_박서연,36,0,587.0,0
2026-10-03,(마스터ASC)[제과_초코퐁당] 26.09_초코퐁당출시_ASC_전환_video_전체타겟,(마스터ASC)[제과_초코퐁당] 26.09_초코퐁당출시_ASC_전환_video_전체타겟,[26.10]F_I_PN초_전환_초코퐁당출시_제품강조형_KR1_.릴스_함침_24시간.__권미정_261002_제과_박서연,328,1,4388.0,0
2026-10-03,(마스터ASC)[제과_초코퐁당] 26.09_초코퐁당출시_ASC_전환_video_전체타겟,(마스터ASC)[제과_초코퐁당] 26.09_초코퐁당출시_ASC_전환_video_전체타겟,[26.10]F_I_PN초_전환_초코퐁당출시_제품강조형_KR1_.릴스_함침+생초코_속까지스며드는.__권미정_261002_제과_박서연,22,0,665.0,0
2026-10-04,(마스터ASC)[제과_초코퐁당] 26.09_초코퐁당출시_ASC_전환_video_전체타겟,(마스터ASC)[제과_초코퐁당] 26.09_초코퐁당출시_ASC_전환_video_전체타겟,[26.09]F_V_PN초_전환_초코퐁당출시_소비자상황형_프로틴방앗간BP.KR1_var2.릴스_사무실(여초).반갈.(재).X_2P_권미정_260922_제과_이봄1,179,2,2419.0,0
2026-10-04,(마스터ASC)[제과_초코퐁당] 26.09_초코퐁당출시_ASC_전환_video_전체타겟,(마스터ASC)[제과_초코퐁당] 26.09_초코퐁당출시_ASC_전환_video_전체타겟,[26.09]F_V_PN초_전환_초코퐁당출시_네고형_지인네고형.KR1_main.릴스_메인.X_1P_권미정_260923_제과_피재은,1903,42,48184.0,4
2026-10-04,(마스터ASC)[제과_초코퐁당] 26.09_초코퐁당출시_ASC_전환_video_전체타겟,(마스터ASC)[제과_초코퐁당] 26.09_초코퐁당출시_ASC_전환_video_전체타겟,[26.09]F_V_PN초_전환_초코퐁당출시_네고형_지인네고형.KR1_var2.릴스_생초코.X_1P_권미정_260923_제과_피재은,117,1,2264.0,0
2026-10-04,(마스터ASC)[제과_초코퐁당] 26.09_초코퐁당출시_ASC_전환_video_전체타겟,(마스터ASC)[제과_초코퐁당] 26.09_초코퐁당출시_ASC_전환_video_전체타겟,[26.09]F_V_PN초_전환_초코퐁당출시_네고형_지인네고형.KR1_var4.릴스_로이스.X_1P_권미정_260923_제과_피재은,346,8,5859.0,1
2026-10-04,(마스터ASC)[제과_초코퐁당] 26.09_초코퐁당출시_ASC_전환_video_전체타겟,(마스터ASC)[제과_초코퐁당] 26.09_초코퐁당출시_ASC_전환_video_전체타겟,[26.09]F_V_PN초_전환_초코퐁당출시_네고형_책상네고형.KR1_main.릴스_기본.X_2P_권미정_260923_제과_이봄1,70536,916,674585.0,55
2026-10-04,(마스터ASC)[제과_초코퐁당] 26.09_초코퐁당출시_ASC_전환_video_전체타겟,(마스터ASC)[제과_초코퐁당] 26.09_초코퐁당출시_ASC_전환_video_전체타겟,[26.09]F_V_PN초_전환_초코퐁당출시_네고형_책상네고형.KR1_var1.릴스_다이어터커뮤.X_2P_권미정_260923_제과_이봄1,4871,50,67386.0,6
2026-10-04,(마스터ASC)[제과_초코퐁당] 26.09_초코퐁당출시_ASC_전환_video_전체타겟,(마스터ASC)[제과_초코퐁당] 26.09_초코퐁당출시_ASC_전환_video_전체타겟,[26.09]F_I_PN초_전환_초코퐁당출시_제품강조형_KR1_.릴스_공감상황.5봉지조져도.__권미정_260929_제과_김수정,1493,13,19185.0,0
2026-10-04,(마스터ASC)[제과_초코퐁당] 26.09_초코퐁당출시_ASC_전환_video_전체타겟,(마스터ASC)[제과_초코퐁당] 26.09_초코퐁당출시_ASC_전환_video_전체타겟,[26.09]F_I_PN초_전환_초코퐁당출시_제품강조형_KR1_.릴스_공감상황.탕비실간식.__권미정_260930_제과_김수정,915,25,14270.0,4
2026-10-04,(마스터ASC)[제과_초코퐁당] 26.09_초코퐁당출시_ASC_전환_video_전체타겟,(마스터ASC)[제과_초코퐁당] 26.09_초코퐁당출시_ASC_전환_video_전체타겟,[26.10]F_V_PN초_전환_초코퐁당출시_인물리뷰형_고객후기형.KR1_var1.릴스_BP.X_1P_권미정_261001_제과_문형민,357,3,5259.0,1
2026-10-04,(마스터ASC)[제과_초코퐁당] 26.09_초코퐁당출시_ASC_전환_video_전체타겟,(마스터ASC)[제과_초코퐁당] 26.09_초코퐁당출시_ASC_전환_video_전체타겟,[26.10]F_V_PN초_전환_초코퐁당출시_인물리뷰형_고객후기형.KR1_main.릴스_SP.X_1P_권미정_261001_제과_문형민,6,0,41.0,0
2026-10-04,(마스터ASC)[제과_초코퐁당] 26.09_초코퐁당출시_ASC_전환_video_전체타겟,(마스터ASC)[제과_초코퐁당] 26.09_초코퐁당출시_ASC_전환_video_전체타겟,[26.10]F_V_PN초_전환_초코퐁당출시_인물리뷰형_고객후기형.KR1_var2.릴스_다이어터.X_1P_권미정_261001_제과_문형민,1,0,3.0,0
2026-10-04,(마스터ASC)[제과_초코퐁당] 26.09_초코퐁당출시_ASC_전환_video_전체타겟,(마스터ASC)[제과_초코퐁당] 26.09_초코퐁당출시_ASC_전환_video_전체타겟,[26.10]F_V_PN초_전환_초코퐁당출시_인물리뷰형_고객후기형.KR1_var4.릴스_공통.X_1P_권미정_261001_제과_문형민,2,0,24.0,0
2026-10-04,(마스터ASC)[제과_초코퐁당] 26.09_초코퐁당출시_ASC_전환_video_전체타겟,(마스터ASC)[제과_초코퐁당] 26.09_초코퐁당출시_ASC_전환_video_전체타겟,[26.09]F_I_PN초_전환_초코퐁당출시_제품강조형_KR1_.릴스_초코덕후.대세감.__권미정_261001_제과_박지현,1192,11,13455.0,1
2026-10-04,(마스터ASC)[제과_초코퐁당] 26.09_초코퐁당출시_ASC_전환_video_전체타겟,(마스터ASC)[제과_초코퐁당] 26.09_초코퐁당출시_ASC_전환_video_전체타겟,[26.09]F_I_PN초_전환_초코퐁당출시_제품강조형_KR1_.릴스_다이어터.대세감2.__권미정_261001_제과_박지현,1192,12,13787.0,2
2026-10-04,(마스터ASC)[제과_초코퐁당] 26.09_초코퐁당출시_ASC_전환_video_전체타겟,(마스터ASC)[제과_초코퐁당] 26.09_초코퐁당출시_ASC_전환_video_전체타겟,[26.10]F_I_PN초_전환_초코퐁당출시_제품강조형_KR1_.릴스_함침_6번담갔다뺐.__권미정_261002_제과_박서연,76,1,910.0,0
2026-10-04,(마스터ASC)[제과_초코퐁당] 26.09_초코퐁당출시_ASC_전환_video_전체타겟,(마스터ASC)[제과_초코퐁당] 26.09_초코퐁당출시_ASC_전환_video_전체타겟,[26.10]F_I_PN초_전환_초코퐁당출시_제품강조형_KR1_.릴스_함침_진공함침.__권미정_261002_제과_박서연,4,0,31.0,0
2026-10-04,(마스터ASC)[제과_초코퐁당] 26.09_초코퐁당출시_ASC_전환_video_전체타겟,(마스터ASC)[제과_초코퐁당] 26.09_초코퐁당출시_ASC_전환_video_전체타겟,[26.10]F_I_PN초_전환_초코퐁당출시_제품강조형_KR1_.릴스_생초코_저당초코계에선처음.__권미정_261002_제과_박서연,32,0,400.0,0
2026-10-04,(마스터ASC)[제과_초코퐁당] 26.09_초코퐁당출시_ASC_전환_video_전체타겟,(마스터ASC)[제과_초코퐁당] 26.09_초코퐁당출시_ASC_전환_video_전체타겟,[26.10]F_I_PN초_전환_초코퐁당출시_제품강조형_KR1_.릴스_함침+생초코_일본최고급.__권미정_261002_제과_박서연,12,0,120.0,0
2026-10-04,(마스터ASC)[제과_초코퐁당] 26.09_초코퐁당출시_ASC_전환_video_전체타겟,(마스터ASC)[제과_초코퐁당] 26.09_초코퐁당출시_ASC_전환_video_전체타겟,[26.10]F_I_PN초_전환_초코퐁당출시_제품강조형_KR1_.릴스_생초코_고급초콜릿에만.__권미정_261002_제과_박서연,66,0,926.0,0
2026-10-04,(마스터ASC)[제과_초코퐁당] 26.09_초코퐁당출시_ASC_전환_video_전체타겟,(마스터ASC)[제과_초코퐁당] 26.09_초코퐁당출시_ASC_전환_video_전체타겟,[26.10]F_I_PN초_전환_초코퐁당출시_제품강조형_KR1_.릴스_생초코_남는것도없는데.__권미정_261002_제과_박서연,90,0,1399.0,0
2026-10-04,(마스터ASC)[제과_초코퐁당] 26.09_초코퐁당출시_ASC_전환_video_전체타겟,(마스터ASC)[제과_초코퐁당] 26.09_초코퐁당출시_ASC_전환_video_전체타겟,[26.10]F_I_PN초_전환_초코퐁당출시_제품강조형_KR1_.릴스_함침+생초코_다들비싸다고초코향만.__권미정_261002_제과_박서연,16,0,328.0,0
2026-10-04,(마스터ASC)[제과_초코퐁당] 26.09_초코퐁당출시_ASC_전환_video_전체타겟,(마스터ASC)[제과_초코퐁당] 26.09_초코퐁당출시_ASC_전환_video_전체타겟,[26.10]F_I_PN초_전환_초코퐁당출시_제품강조형_KR1_.릴스_함침_24시간.__권미정_261002_제과_박서연,92,4,956.0,0
2026-10-04,(마스터ASC)[제과_초코퐁당] 26.09_초코퐁당출시_ASC_전환_video_전체타겟,(마스터ASC)[제과_초코퐁당] 26.09_초코퐁당출시_ASC_전환_video_전체타겟,[26.10]F_I_PN초_전환_초코퐁당출시_제품강조형_KR1_.릴스_함침+생초코_속까지스며드는.__권미정_261002_제과_박서연,18,0,280.0,0
2026-10-05,(마스터ASC)[제과_초코퐁당] 26.09_초코퐁당출시_ASC_전환_video_전체타겟,(마스터ASC)[제과_초코퐁당] 26.09_초코퐁당출시_ASC_전환_video_전체타겟,[26.09]F_V_PN초_전환_초코퐁당출시_소비자상황형_프로틴방앗간BP.KR1_var2.릴스_사무실(여초).반갈.(재).X_2P_권미정_260922_제과_이봄1,252,2,3643.0,0
2026-10-05,(마스터ASC)[제과_초코퐁당] 26.09_초코퐁당출시_ASC_전환_video_전체타겟,(마스터ASC)[제과_초코퐁당] 26.09_초코퐁당출시_ASC_전환_video_전체타겟,[26.09]F_V_PN초_전환_초코퐁당출시_네고형_지인네고형.KR1_main.릴스_메인.X_1P_권미정_260923_제과_피재은,683,23,16601.0,1
2026-10-05,(마스터ASC)[제과_초코퐁당] 26.09_초코퐁당출시_ASC_전환_video_전체타겟,(마스터ASC)[제과_초코퐁당] 26.09_초코퐁당출시_ASC_전환_video_전체타겟,[26.09]F_V_PN초_전환_초코퐁당출시_네고형_지인네고형.KR1_var2.릴스_생초코.X_1P_권미정_260923_제과_피재은,185,1,2942.0,1
2026-10-05,(마스터ASC)[제과_초코퐁당] 26.09_초코퐁당출시_ASC_전환_video_전체타겟,(마스터ASC)[제과_초코퐁당] 26.09_초코퐁당출시_ASC_전환_video_전체타겟,[26.09]F_V_PN초_전환_초코퐁당출시_네고형_지인네고형.KR1_var4.릴스_로이스.X_1P_권미정_260923_제과_피재은,1073,12,14482.0,1
2026-10-05,(마스터ASC)[제과_초코퐁당] 26.09_초코퐁당출시_ASC_전환_video_전체타겟,(마스터ASC)[제과_초코퐁당] 26.09_초코퐁당출시_ASC_전환_video_전체타겟,[26.09]F_V_PN초_전환_초코퐁당출시_네고형_책상네고형.KR1_main.릴스_기본.X_2P_권미정_260923_제과_이봄1,76762,966,641863.0,52
2026-10-05,(마스터ASC)[제과_초코퐁당] 26.09_초코퐁당출시_ASC_전환_video_전체타겟,(마스터ASC)[제과_초코퐁당] 26.09_초코퐁당출시_ASC_전환_video_전체타겟,[26.09]F_V_PN초_전환_초코퐁당출시_네고형_책상네고형.KR1_var1.릴스_다이어터커뮤.X_2P_권미정_260923_제과_이봄1,1287,13,16351.0,1
2026-10-05,(마스터ASC)[제과_초코퐁당] 26.09_초코퐁당출시_ASC_전환_video_전체타겟,(마스터ASC)[제과_초코퐁당] 26.09_초코퐁당출시_ASC_전환_video_전체타겟,[26.09]F_I_PN초_전환_초코퐁당출시_제품강조형_KR1_.릴스_공감상황.5봉지조져도.__권미정_260929_제과_김수정,1626,16,17251.0,1
2026-10-05,(마스터ASC)[제과_초코퐁당] 26.09_초코퐁당출시_ASC_전환_video_전체타겟,(마스터ASC)[제과_초코퐁당] 26.09_초코퐁당출시_ASC_전환_video_전체타겟,[26.09]F_I_PN초_전환_초코퐁당출시_제품강조형_KR1_.릴스_공감상황.탕비실간식.__권미정_260930_제과_김수정,2819,42,37028.0,4
2026-10-05,(마스터ASC)[제과_초코퐁당] 26.09_초코퐁당출시_ASC_전환_video_전체타겟,(마스터ASC)[제과_초코퐁당] 26.09_초코퐁당출시_ASC_전환_video_전체타겟,[26.10]F_V_PN초_전환_초코퐁당출시_인물리뷰형_고객후기형.KR1_var1.릴스_BP.X_1P_권미정_261001_제과_문형민,682,16,8747.0,1
2026-10-05,(마스터ASC)[제과_초코퐁당] 26.09_초코퐁당출시_ASC_전환_video_전체타겟,(마스터ASC)[제과_초코퐁당] 26.09_초코퐁당출시_ASC_전환_video_전체타겟,[26.10]F_V_PN초_전환_초코퐁당출시_인물리뷰형_고객후기형.KR1_main.릴스_SP.X_1P_권미정_261001_제과_문형민,15,0,192.0,0
2026-10-05,(마스터ASC)[제과_초코퐁당] 26.09_초코퐁당출시_ASC_전환_video_전체타겟,(마스터ASC)[제과_초코퐁당] 26.09_초코퐁당출시_ASC_전환_video_전체타겟,[26.10]F_V_PN초_전환_초코퐁당출시_인물리뷰형_고객후기형.KR1_var2.릴스_다이어터.X_1P_권미정_261001_제과_문형민,3,0,8.0,0
2026-10-05,(마스터ASC)[제과_초코퐁당] 26.09_초코퐁당출시_ASC_전환_video_전체타겟,(마스터ASC)[제과_초코퐁당] 26.09_초코퐁당출시_ASC_전환_video_전체타겟,[26.10]F_V_PN초_전환_초코퐁당출시_인물리뷰형_고객후기형.KR1_var4.릴스_공통.X_1P_권미정_261001_제과_문형민,10,0,255.0,0
2026-10-05,(마스터ASC)[제과_초코퐁당] 26.09_초코퐁당출시_ASC_전환_video_전체타겟,(마스터ASC)[제과_초코퐁당] 26.09_초코퐁당출시_ASC_전환_video_전체타겟,[26.09]F_I_PN초_전환_초코퐁당출시_제품강조형_KR1_.릴스_초코덕후.대세감.__권미정_261001_제과_박지현,2403,21,22201.0,3
2026-10-05,(마스터ASC)[제과_초코퐁당] 26.09_초코퐁당출시_ASC_전환_video_전체타겟,(마스터ASC)[제과_초코퐁당] 26.09_초코퐁당출시_ASC_전환_video_전체타겟,[26.09]F_I_PN초_전환_초코퐁당출시_제품강조형_KR1_.릴스_다이어터.대세감2.__권미정_261001_제과_박지현,1621,19,19519.0,2
2026-10-05,(마스터ASC)[제과_초코퐁당] 26.09_초코퐁당출시_ASC_전환_video_전체타겟,(마스터ASC)[제과_초코퐁당] 26.09_초코퐁당출시_ASC_전환_video_전체타겟,[26.10]F_I_PN초_전환_초코퐁당출시_제품강조형_KR1_.릴스_함침_6번담갔다뺐.__권미정_261002_제과_박서연,158,3,1858.0,0
2026-10-05,(마스터ASC)[제과_초코퐁당] 26.09_초코퐁당출시_ASC_전환_video_전체타겟,(마스터ASC)[제과_초코퐁당] 26.09_초코퐁당출시_ASC_전환_video_전체타겟,[26.10]F_I_PN초_전환_초코퐁당출시_제품강조형_KR1_.릴스_함침_진공함침.__권미정_261002_제과_박서연,5,0,80.0,0
2026-10-05,(마스터ASC)[제과_초코퐁당] 26.09_초코퐁당출시_ASC_전환_video_전체타겟,(마스터ASC)[제과_초코퐁당] 26.09_초코퐁당출시_ASC_전환_video_전체타겟,[26.10]F_I_PN초_전환_초코퐁당출시_제품강조형_KR1_.릴스_생초코_저당초코계에선처음.__권미정_261002_제과_박서연,10,0,112.0,0
2026-10-05,(마스터ASC)[제과_초코퐁당] 26.09_초코퐁당출시_ASC_전환_video_전체타겟,(마스터ASC)[제과_초코퐁당] 26.09_초코퐁당출시_ASC_전환_video_전체타겟,[26.10]F_I_PN초_전환_초코퐁당출시_제품강조형_KR1_.릴스_함침+생초코_일본최고급.__권미정_261002_제과_박서연,4,0,62.0,0
2026-10-05,(마스터ASC)[제과_초코퐁당] 26.09_초코퐁당출시_ASC_전환_video_전체타겟,(마스터ASC)[제과_초코퐁당] 26.09_초코퐁당출시_ASC_전환_video_전체타겟,[26.10]F_I_PN초_전환_초코퐁당출시_제품강조형_KR1_.릴스_생초코_고급초콜릿에만.__권미정_261002_제과_박서연,23,0,228.0,0
2026-10-05,(마스터ASC)[제과_초코퐁당] 26.09_초코퐁당출시_ASC_전환_video_전체타겟,(마스터ASC)[제과_초코퐁당] 26.09_초코퐁당출시_ASC_전환_video_전체타겟,[26.10]F_I_PN초_전환_초코퐁당출시_제품강조형_KR1_.릴스_생초코_남는것도없는데.__권미정_261002_제과_박서연,51,0,449.0,0
2026-10-05,(마스터ASC)[제과_초코퐁당] 26.09_초코퐁당출시_ASC_전환_video_전체타겟,(마스터ASC)[제과_초코퐁당] 26.09_초코퐁당출시_ASC_전환_video_전체타겟,[26.10]F_I_PN초_전환_초코퐁당출시_제품강조형_KR1_.릴스_함침+생초코_다들비싸다고초코향만.__권미정_261002_제과_박서연,8,0,79.0,0
2026-10-05,(마스터ASC)[제과_초코퐁당] 26.09_초코퐁당출시_ASC_전환_video_전체타겟,(마스터ASC)[제과_초코퐁당] 26.09_초코퐁당출시_ASC_전환_video_전체타겟,[26.10]F_I_PN초_전환_초코퐁당출시_제품강조형_KR1_.릴스_함침_24시간.__권미정_261002_제과_박서연,87,0,860.0,0
2026-10-05,(마스터ASC)[제과_초코퐁당] 26.09_초코퐁당출시_ASC_전환_video_전체타겟,(마스터ASC)[제과_초코퐁당] 26.09_초코퐁당출시_ASC_전환_video_전체타겟,[26.10]F_I_PN초_전환_초코퐁당출시_제품강조형_KR1_.릴스_함침+생초코_속까지스며드는.__권미정_261002_제과_박서연,11,0,129.0,0
2026-10-01,[제과_저당웨하스미니스] 26.10_바닐라웨하스출시_수동_전환_video_전체타겟,지인대화네고형_초코 (26.10 재라이브),[26.01]F_V_WF초_전환_웨하스출시_네고형_지인네고형_var2.릴스_맛비주얼._10_문선정_260109_1T_이봄1,1692,24,32629.0,1
2026-10-01,(마스터ASC)[제과_블트하] 26.07_블트깡출시_ASC_전환_video,(마스터ASC)[제과_블트하] 26.07_블트깡출시_ASC_전환_video,[26.08]F_V_BT칩_전환_블트칩출시_신규BP_아린이네BP.KR1_var4.릴스_공구형.맛비주얼.X_2P_최나영_260811_제과_윤성미,3209,40,47956.0,5
2026-10-01,(마스터ASC)[제과_블트하] 26.07_블트깡출시_ASC_전환_video,(마스터ASC)[제과_블트하] 26.07_블트깡출시_ASC_전환_video,[26.08]F_V_BT깡_전환_블트깡출시_라이브커머스형_라이브커머스형.KR1_var12.릴스_가격강조.편의점.슬기.X_1P_김소희_260812_제과_피재은,6,1,64.0,0
2026-10-01,(마스터ASC)[제과_블트하] 26.07_블트깡출시_ASC_전환_video,(마스터ASC)[제과_블트하] 26.07_블트깡출시_ASC_전환_video,[26.08]F_V_BT깡_전환_블트깡출시_신규BP_브랜든배너형BP_var2.릴스_고급간식1티어.X_2P_최재원_260813_제과_최재원,10,0,107.0,0
2026-10-01,(마스터ASC)[제과_블트하] 26.07_블트깡출시_ASC_전환_video,(마스터ASC)[제과_블트하] 26.07_블트깡출시_ASC_전환_video,[26.08]F_V_BT혼_전환_블트칩출시_신규BP_젤리백BP.이국주.KR1_var2.릴스_이국주+핫함.X_2P_최나영_260814_제과_이봄1,6,0,98.0,0
2026-10-01,(마스터ASC)[제과_블트하] 26.07_블트깡출시_ASC_전환_video,(마스터ASC)[제과_블트하] 26.07_블트깡출시_ASC_전환_video,[26.08]F_V_BT깡_전환_블트깡출시_신규BP_흥주부BP.이국주.KR2_var1.릴스_이국주.X_2P_김소희_260819_제과_윤성미,26,0,266.0,0
2026-10-01,(마스터ASC)[제과_블트하] 26.07_블트깡출시_ASC_전환_video,(마스터ASC)[제과_블트하] 26.07_블트깡출시_ASC_전환_video,[26.09]F_V_BT칩_전환_블트깡출시_쩜오건_나폴리맛피아.KR2_main.릴스_메인.슬기.X_1P__260901_제과_피재은,13557,225,247150.0,21
2026-10-01,(마스터ASC)[제과_블트하] 26.07_블트깡출시_ASC_전환_video,(마스터ASC)[제과_블트하] 26.07_블트깡출시_ASC_전환_video,[26.09]F_V_BT칩_전환_블트깡출시_기타_배너.메시지검증_var5.배너_범용성.2안.X_2P__260901_제과_최재원,2,0,82.0,0
2026-10-02,[제과_저당웨하스미니스] 26.10_바닐라웨하스출시_수동_전환_video_전체타겟,지인대화네고형_초코 (26.10 재라이브),[26.01]F_V_WF초_전환_웨하스출시_네고형_지인네고형_var2.릴스_맛비주얼._10_문선정_260109_1T_이봄1,4692,79,93491.0,5
2026-10-02,(마스터ASC)[제과_블트하] 26.07_블트깡출시_ASC_전환_video,(마스터ASC)[제과_블트하] 26.07_블트깡출시_ASC_전환_video,[26.08]F_V_BT칩_전환_블트칩출시_신규BP_아린이네BP.KR1_var4.릴스_공구형.맛비주얼.X_2P_최나영_260811_제과_윤성미,1560,21,30293.0,1
2026-10-02,(마스터ASC)[제과_블트하] 26.07_블트깡출시_ASC_전환_video,(마스터ASC)[제과_블트하] 26.07_블트깡출시_ASC_전환_video,[26.08]F_V_BT깡_전환_블트깡출시_라이브커머스형_라이브커머스형.KR1_var12.릴스_가격강조.편의점.슬기.X_1P_김소희_260812_제과_피재은,11,2,187.0,0
2026-10-02,(마스터ASC)[제과_블트하] 26.07_블트깡출시_ASC_전환_video,(마스터ASC)[제과_블트하] 26.07_블트깡출시_ASC_전환_video,[26.08]F_V_BT깡_전환_블트깡출시_신규BP_브랜든배너형BP_var2.릴스_고급간식1티어.X_2P_최재원_260813_제과_최재원,15,0,170.0,0
2026-10-02,(마스터ASC)[제과_블트하] 26.07_블트깡출시_ASC_전환_video,(마스터ASC)[제과_블트하] 26.07_블트깡출시_ASC_전환_video,[26.08]F_V_BT깡_전환_블트깡출시_신규BP_브랜든배너형BP_var5.릴스_고급간식1티어.할인추가.X_2P_최재원_260814_제과_최재원,3,0,10.0,0
2026-10-02,(마스터ASC)[제과_블트하] 26.07_블트깡출시_ASC_전환_video,(마스터ASC)[제과_블트하] 26.07_블트깡출시_ASC_전환_video,[26.08]F_V_BT혼_전환_블트칩출시_신규BP_젤리백BP.이국주.KR1_var2.릴스_이국주+핫함.X_2P_최나영_260814_제과_이봄1,1,0,14.0,0
2026-10-02,(마스터ASC)[제과_블트하] 26.07_블트깡출시_ASC_전환_video,(마스터ASC)[제과_블트하] 26.07_블트깡출시_ASC_전환_video,[26.08]F_V_BT깡_전환_블트깡출시_신규BP_흥주부BP.이국주.KR2_var1.릴스_이국주.X_2P_김소희_260819_제과_윤성미,50,1,752.0,1
2026-10-02,(마스터ASC)[제과_블트하] 26.07_블트깡출시_ASC_전환_video,(마스터ASC)[제과_블트하] 26.07_블트깡출시_ASC_전환_video,[26.09]F_V_BT칩_전환_블트깡출시_쩜오건_나폴리맛피아.KR2_main.릴스_메인.슬기.X_1P__260901_제과_피재은,5205,102,119636.0,5
2026-10-02,(마스터ASC)[제과_블트하] 26.07_블트깡출시_ASC_전환_video,(마스터ASC)[제과_블트하] 26.07_블트깡출시_ASC_전환_video,[26.09]F_V_BT칩_전환_블트깡출시_기타_배너.메시지검증_var5.배너_범용성.2안.X_2P__260901_제과_최재원,5,1,51.0,0
2026-10-03,[제과_저당웨하스미니스] 26.10_바닐라웨하스출시_수동_전환_video_전체타겟,지인대화네고형_초코 (26.10 재라이브),[26.01]F_V_WF초_전환_웨하스출시_네고형_지인네고형_var2.릴스_맛비주얼._10_문선정_260109_1T_이봄1,1694,24,29212.0,2
2026-10-03,(마스터ASC)[제과_블트하] 26.07_블트깡출시_ASC_전환_video,(마스터ASC)[제과_블트하] 26.07_블트깡출시_ASC_전환_video,[26.08]F_V_BT깡_전환_블트깡출시_라이브커머스형_라이브커머스형.KR1_var12.릴스_가격강조.편의점.슬기.X_1P_김소희_260812_제과_피재은,95,1,2226.0,0
2026-10-03,(마스터ASC)[제과_블트하] 26.07_블트깡출시_ASC_전환_video,(마스터ASC)[제과_블트하] 26.07_블트깡출시_ASC_전환_video,[26.08]F_V_BT깡_전환_블트깡출시_신규BP_브랜든배너형BP_var2.릴스_고급간식1티어.X_2P_최재원_260813_제과_최재원,65,0,897.0,0
2026-10-03,(마스터ASC)[제과_블트하] 26.07_블트깡출시_ASC_전환_video,(마스터ASC)[제과_블트하] 26.07_블트깡출시_ASC_전환_video,[26.08]F_V_BT깡_전환_블트깡출시_신규BP_브랜든배너형BP_var5.릴스_고급간식1티어.할인추가.X_2P_최재원_260814_제과_최재원,12,0,184.0,0
2026-10-03,(마스터ASC)[제과_블트하] 26.07_블트깡출시_ASC_전환_video,(마스터ASC)[제과_블트하] 26.07_블트깡출시_ASC_전환_video,[26.08]F_V_BT혼_전환_블트칩출시_신규BP_젤리백BP.이국주.KR1_var2.릴스_이국주+핫함.X_2P_최나영_260814_제과_이봄1,8,1,214.0,0
2026-10-03,(마스터ASC)[제과_블트하] 26.07_블트깡출시_ASC_전환_video,(마스터ASC)[제과_블트하] 26.07_블트깡출시_ASC_전환_video,[26.08]F_V_BT혼_전환_블트칩출시_신규BP_젤리백BP.이국주.KR1_var5.릴스_이국주+취식.X_2P_최나영_260814_제과_이봄1,1,0,33.0,0
2026-10-03,(마스터ASC)[제과_블트하] 26.07_블트깡출시_ASC_전환_video,(마스터ASC)[제과_블트하] 26.07_블트깡출시_ASC_전환_video,[26.08]F_V_BT깡_전환_블트깡출시_신규BP_흥주부BP.이국주.KR2_var1.릴스_이국주.X_2P_김소희_260819_제과_윤성미,325,6,5749.0,0
2026-10-03,(마스터ASC)[제과_블트하] 26.07_블트깡출시_ASC_전환_video,(마스터ASC)[제과_블트하] 26.07_블트깡출시_ASC_전환_video,[26.09]F_V_BT칩_전환_블트깡출시_쩜오건_나폴리맛피아.KR2_main.릴스_메인.슬기.X_1P__260901_제과_피재은,4724,92,84015.0,6
2026-10-03,(마스터ASC)[제과_블트하] 26.07_블트깡출시_ASC_전환_video,(마스터ASC)[제과_블트하] 26.07_블트깡출시_ASC_전환_video,[26.09]F_V_BT칩_전환_블트깡출시_기타_배너.메시지검증_var5.배너_범용성.2안.X_2P__260901_제과_최재원,25,0,671.0,0
2026-10-04,(마스터ASC)[제과_블트하] 26.07_블트깡출시_ASC_전환_video,(마스터ASC)[제과_블트하] 26.07_블트깡출시_ASC_전환_video,[26.08]F_V_BT깡_전환_블트깡출시_라이브커머스형_라이브커머스형.KR1_var12.릴스_가격강조.편의점.슬기.X_1P_김소희_260812_제과_피재은,16,1,645.0,1
2026-10-04,(마스터ASC)[제과_블트하] 26.07_블트깡출시_ASC_전환_video,(마스터ASC)[제과_블트하] 26.07_블트깡출시_ASC_전환_video,[26.08]F_V_BT깡_전환_블트깡출시_신규BP_브랜든배너형BP_var2.릴스_고급간식1티어.X_2P_최재원_260813_제과_최재원,24,0,360.0,0
2026-10-04,(마스터ASC)[제과_블트하] 26.07_블트깡출시_ASC_전환_video,(마스터ASC)[제과_블트하] 26.07_블트깡출시_ASC_전환_video,[26.08]F_V_BT혼_전환_블트칩출시_신규BP_젤리백BP.이국주.KR1_var2.릴스_이국주+핫함.X_2P_최나영_260814_제과_이봄1,3,1,45.0,0
2026-10-04,(마스터ASC)[제과_블트하] 26.07_블트깡출시_ASC_전환_video,(마스터ASC)[제과_블트하] 26.07_블트깡출시_ASC_전환_video,[26.08]F_V_BT깡_전환_블트깡출시_신규BP_흥주부BP.이국주.KR2_var1.릴스_이국주.X_2P_김소희_260819_제과_윤성미,139,4,3078.0,0
2026-10-04,(마스터ASC)[제과_블트하] 26.07_블트깡출시_ASC_전환_video,(마스터ASC)[제과_블트하] 26.07_블트깡출시_ASC_전환_video,[26.09]F_V_BT칩_전환_블트깡출시_기타_배너.메시지검증_var5.배너_범용성.2안.X_2P__260901_제과_최재원,12,0,208.0,0
2026-10-05,[제과_저당웨하스미니스] 26.10_바닐라웨하스출시_수동_전환_video_전체타겟,지인대화네고형_초코 (26.10 재라이브),[26.01]F_V_WF초_전환_웨하스출시_네고형_지인네고형_var2.릴스_맛비주얼._10_문선정_260109_1T_이봄1,1108,15,17292.0,1
2026-10-05,(마스터ASC)[제과_블트하] 26.07_블트깡출시_ASC_전환_video,(마스터ASC)[제과_블트하] 26.07_블트깡출시_ASC_전환_video,[26.08]F_V_BT깡_전환_블트깡출시_라이브커머스형_라이브커머스형.KR1_var12.릴스_가격강조.편의점.슬기.X_1P_김소희_260812_제과_피재은,2,0,228.0,0
2026-10-05,(마스터ASC)[제과_블트하] 26.07_블트깡출시_ASC_전환_video,(마스터ASC)[제과_블트하] 26.07_블트깡출시_ASC_전환_video,[26.08]F_V_BT깡_전환_블트깡출시_신규BP_브랜든배너형BP_var2.릴스_고급간식1티어.X_2P_최재원_260813_제과_최재원,13,1,726.0,0
2026-10-05,(마스터ASC)[제과_블트하] 26.07_블트깡출시_ASC_전환_video,(마스터ASC)[제과_블트하] 26.07_블트깡출시_ASC_전환_video,[26.08]F_V_BT깡_전환_블트깡출시_신규BP_브랜든배너형BP_var5.릴스_고급간식1티어.할인추가.X_2P_최재원_260814_제과_최재원,1,0,3.0,0
2026-10-05,(마스터ASC)[제과_블트하] 26.07_블트깡출시_ASC_전환_video,(마스터ASC)[제과_블트하] 26.07_블트깡출시_ASC_전환_video,[26.08]F_V_BT깡_전환_블트깡출시_신규BP_흥주부BP.이국주.KR2_var1.릴스_이국주.X_2P_김소희_260819_제과_윤성미,44,1,1009.0,0
2026-10-01,(마스터ASC)[제과_블트하] 26.07_블트깡출시_ASC_전환_video,(마스터ASC)[제과_블트하] 26.07_블트깡출시_ASC_전환_video,[26.08]F_V_BT깡_전환_블트깡출시_라이브커머스형_라이브커머스형.KR1_var9.릴스_가격강조.메인.슬기.X_1P_김소희_260812_제과_피재은,13,0,90.0,0
2026-10-01,(마스터ASC)[제과_블트하] 26.07_블트깡출시_ASC_전환_video,(마스터ASC)[제과_블트하] 26.07_블트깡출시_ASC_전환_video,[26.08]F_V_BT칩_전환_블트깡출시_신규BP_브랜든배너형BP_var1.릴스_손님간식1티어.X_2P_최재원_260813_제과_최재원,3,0,17.0,0
2026-10-02,(마스터ASC)[제과_블트하] 26.07_블트깡출시_ASC_전환_video,(마스터ASC)[제과_블트하] 26.07_블트깡출시_ASC_전환_video,[26.08]F_V_BT깡_전환_블트깡출시_라이브커머스형_라이브커머스형.KR1_var9.릴스_가격강조.메인.슬기.X_1P_김소희_260812_제과_피재은,2,0,41.0,0
2026-10-02,(마스터ASC)[제과_블트하] 26.07_블트깡출시_ASC_전환_video,(마스터ASC)[제과_블트하] 26.07_블트깡출시_ASC_전환_video,[26.08]F_V_BT칩_전환_블트깡출시_신규BP_브랜든배너형BP_var1.릴스_손님간식1티어.X_2P_최재원_260813_제과_최재원,9,0,131.0,0
2026-10-03,(마스터ASC)[제과_블트하] 26.07_블트깡출시_ASC_전환_video,(마스터ASC)[제과_블트하] 26.07_블트깡출시_ASC_전환_video,[26.08]F_V_BT깡_전환_블트깡출시_라이브커머스형_라이브커머스형.KR1_var9.릴스_가격강조.메인.슬기.X_1P_김소희_260812_제과_피재은,36,0,1055.0,0
2026-10-03,(마스터ASC)[제과_블트하] 26.07_블트깡출시_ASC_전환_video,(마스터ASC)[제과_블트하] 26.07_블트깡출시_ASC_전환_video,[26.08]F_V_BT칩_전환_블트깡출시_신규BP_브랜든배너형BP_var1.릴스_손님간식1티어.X_2P_최재원_260813_제과_최재원,50,1,1232.0,0
2026-10-04,(마스터ASC)[제과_블트하] 26.07_블트깡출시_ASC_전환_video,(마스터ASC)[제과_블트하] 26.07_블트깡출시_ASC_전환_video,[26.08]F_V_BT깡_전환_블트깡출시_라이브커머스형_라이브커머스형.KR1_var9.릴스_가격강조.메인.슬기.X_1P_김소희_260812_제과_피재은,22,1,580.0,0
2026-10-04,(마스터ASC)[제과_블트하] 26.07_블트깡출시_ASC_전환_video,(마스터ASC)[제과_블트하] 26.07_블트깡출시_ASC_전환_video,[26.08]F_V_BT칩_전환_블트깡출시_신규BP_브랜든배너형BP_var1.릴스_손님간식1티어.X_2P_최재원_260813_제과_최재원,22,0,328.0,0
2026-10-05,(마스터ASC)[제과_블트하] 26.07_블트깡출시_ASC_전환_video,(마스터ASC)[제과_블트하] 26.07_블트깡출시_ASC_전환_video,[26.08]F_V_BT깡_전환_블트깡출시_라이브커머스형_라이브커머스형.KR1_var9.릴스_가격강조.메인.슬기.X_1P_김소희_260812_제과_피재은,4,0,37.0,0
2026-10-01,(마스터ASC)[제과_블트하] 26.07_블트깡출시_ASC_전환_video,(마스터ASC)[제과_블트하] 26.07_블트깡출시_ASC_전환_video,[26.08]F_V_BT칩_전환_블트깡출시_신규BP_브랜든배너형BP_var3.릴스_맥주안주1티어.할인추가.X_2P_최재원_260814_제과_최재원,9,0,128.0,0
2026-10-02,(마스터ASC)[제과_블트하] 26.07_블트깡출시_ASC_전환_video,(마스터ASC)[제과_블트하] 26.07_블트깡출시_ASC_전환_video,[26.08]F_V_BT칩_전환_블트깡출시_신규BP_브랜든배너형BP_var3.릴스_맥주안주1티어.할인추가.X_2P_최재원_260814_제과_최재원,29,6,1329.0,0
2026-10-03,(마스터ASC)[제과_블트하] 26.07_블트깡출시_ASC_전환_video,(마스터ASC)[제과_블트하] 26.07_블트깡출시_ASC_전환_video,[26.08]F_V_BT칩_전환_블트깡출시_신규BP_브랜든배너형BP_var3.릴스_맥주안주1티어.할인추가.X_2P_최재원_260814_제과_최재원,379,7,8805.0,1
2026-10-04,(마스터ASC)[제과_블트하] 26.07_블트깡출시_ASC_전환_video,(마스터ASC)[제과_블트하] 26.07_블트깡출시_ASC_전환_video,[26.08]F_V_BT칩_전환_블트깡출시_신규BP_브랜든배너형BP_var3.릴스_맥주안주1티어.할인추가.X_2P_최재원_260814_제과_최재원,246,2,6137.0,0
2026-10-05,(마스터ASC)[제과_블트하] 26.07_블트깡출시_ASC_전환_video,(마스터ASC)[제과_블트하] 26.07_블트깡출시_ASC_전환_video,[26.08]F_V_BT칩_전환_블트깡출시_신규BP_브랜든배너형BP_var3.릴스_맥주안주1티어.할인추가.X_2P_최재원_260814_제과_최재원,16,0,330.0,0
2026-10-01,[제과_블트하] 26.07_블트깡출시_수동_전환_video_전체타겟,0807_인덕션BP_블트칩출시 (KR1),[26.08]F_V_BT칩_전환_블트칩출시_신규BP_인덕션BP.KR1_var4.릴스_일반취식.X_1P_김소희_260807_제과_이봄1,3373,54,55145.0,6
2026-10-02,[제과_블트하] 26.07_블트깡출시_수동_전환_video_전체타겟,0807_인덕션BP_블트칩출시 (KR1),[26.08]F_V_BT칩_전환_블트칩출시_신규BP_인덕션BP.KR1_var4.릴스_일반취식.X_1P_김소희_260807_제과_이봄1,1296,21,29499.0,1
2026-10-02,(마스터ASC)[제과_스노우콘] 26.10_스노우콘출시_ASC_전환_image_전체타겟,(마스터ASC)[제과_스노우콘] 26.10_스노우콘출시_ASC_전환_image_전체타겟,[26.10]F_I_SN치_전환_스노우콘출시_제품강조형_신규_.배너_혜택강조_2_미쳤어요.__김소희_261001_제과_박서연,102,1,1987.0,0
2026-10-02,(마스터ASC)[제과_스노우콘] 26.10_스노우콘출시_ASC_전환_image_전체타겟,(마스터ASC)[제과_스노우콘] 26.10_스노우콘출시_ASC_전환_image_전체타겟,[26.10]F_I_SN치_전환_스노우콘출시_제품강조형_신규_.배너_혜택강조_5_사과문.__김소희_261001_제과_박서연,77,2,1132.0,0
2026-10-02,(마스터ASC)[제과_스노우콘] 26.10_스노우콘출시_ASC_전환_image_전체타겟,(마스터ASC)[제과_스노우콘] 26.10_스노우콘출시_ASC_전환_image_전체타겟,[26.10]F_I_SN치_전환_스노우콘출시_제품강조형_신규_.배너_신상강조_1.__김소희_261001_제과_박서연,196,3,3732.0,0
2026-10-03,[제과_블트하] 26.07_블트깡출시_수동_전환_video_전체타겟,0807_인덕션BP_블트칩출시 (KR1),[26.08]F_V_BT칩_전환_블트칩출시_신규BP_인덕션BP.KR1_var4.릴스_일반취식.X_1P_김소희_260807_제과_이봄1,3998,63,72834.0,5
2026-10-03,(마스터ASC)[제과_스노우콘] 26.10_스노우콘출시_ASC_전환_image_전체타겟,(마스터ASC)[제과_스노우콘] 26.10_스노우콘출시_ASC_전환_image_전체타겟,[26.10]F_I_SN치_전환_스노우콘출시_제품강조형_신규_.배너_혜택강조_2_미쳤어요.__김소희_261001_제과_박서연,6,0,90.0,0
2026-10-03,(마스터ASC)[제과_스노우콘] 26.10_스노우콘출시_ASC_전환_image_전체타겟,(마스터ASC)[제과_스노우콘] 26.10_스노우콘출시_ASC_전환_image_전체타겟,[26.10]F_I_SN치_전환_스노우콘출시_제품강조형_신규_.배너_혜택강조_5_사과문.__김소희_261001_제과_박서연,29,0,365.0,0
2026-10-03,(마스터ASC)[제과_스노우콘] 26.10_스노우콘출시_ASC_전환_image_전체타겟,(마스터ASC)[제과_스노우콘] 26.10_스노우콘출시_ASC_전환_image_전체타겟,[26.10]F_I_SN치_전환_스노우콘출시_제품강조형_신규_.배너_신상강조_1.__김소희_261001_제과_박서연,77,4,1179.0,0
2026-10-04,[제과_블트하] 26.07_블트깡출시_수동_전환_video_전체타겟,0807_인덕션BP_블트칩출시 (KR1),[26.08]F_V_BT칩_전환_블트칩출시_신규BP_인덕션BP.KR1_var4.릴스_일반취식.X_1P_김소희_260807_제과_이봄1,114,2,3707.0,0
2026-10-04,(마스터ASC)[제과_스노우콘] 26.10_스노우콘출시_ASC_전환_image_전체타겟,(마스터ASC)[제과_스노우콘] 26.10_스노우콘출시_ASC_전환_image_전체타겟,[26.10]F_I_SN치_전환_스노우콘출시_제품강조형_신규_.배너_혜택강조_2_미쳤어요.__김소희_261001_제과_박서연,26,0,349.0,0
2026-10-04,(마스터ASC)[제과_스노우콘] 26.10_스노우콘출시_ASC_전환_image_전체타겟,(마스터ASC)[제과_스노우콘] 26.10_스노우콘출시_ASC_전환_image_전체타겟,[26.10]F_I_SN치_전환_스노우콘출시_제품강조형_신규_.배너_혜택강조_5_사과문.__김소희_261001_제과_박서연,22,0,412.0,0
2026-10-04,(마스터ASC)[제과_스노우콘] 26.10_스노우콘출시_ASC_전환_image_전체타겟,(마스터ASC)[제과_스노우콘] 26.10_스노우콘출시_ASC_전환_image_전체타겟,[26.10]F_I_SN치_전환_스노우콘출시_제품강조형_신규_.배너_신상강조_1.__김소희_261001_제과_박서연,1716,25,21286.0,2
2026-10-05,[제과_블트하] 26.07_블트깡출시_수동_전환_video_전체타겟,0807_인덕션BP_블트칩출시 (KR1),[26.08]F_V_BT칩_전환_블트칩출시_신규BP_인덕션BP.KR1_var4.릴스_일반취식.X_1P_김소희_260807_제과_이봄1,5717,99,103930.0,11
2026-10-05,(마스터ASC)[제과_스노우콘] 26.10_스노우콘출시_ASC_전환_image_전체타겟,(마스터ASC)[제과_스노우콘] 26.10_스노우콘출시_ASC_전환_image_전체타겟,[26.10]F_I_SN치_전환_스노우콘출시_제품강조형_신규_.배너_혜택강조_2_미쳤어요.__김소희_261001_제과_박서연,93,0,689.0,0
2026-10-05,(마스터ASC)[제과_스노우콘] 26.10_스노우콘출시_ASC_전환_image_전체타겟,(마스터ASC)[제과_스노우콘] 26.10_스노우콘출시_ASC_전환_image_전체타겟,[26.10]F_I_SN치_전환_스노우콘출시_제품강조형_신규_.배너_혜택강조_5_사과문.__김소희_261001_제과_박서연,2,0,34.0,0
2026-10-05,(마스터ASC)[제과_스노우콘] 26.10_스노우콘출시_ASC_전환_image_전체타겟,(마스터ASC)[제과_스노우콘] 26.10_스노우콘출시_ASC_전환_image_전체타겟,[26.10]F_I_SN치_전환_스노우콘출시_제품강조형_신규_.배너_신상강조_1.__김소희_261001_제과_박서연,1597,15,23928.0,1
2026-10-02,(마스터ASC)[제과_스노우콘] 26.10_스노우콘출시_ASC_전환_image_전체타겟,(마스터ASC)[제과_스노우콘] 26.10_스노우콘출시_ASC_전환_image_전체타겟,[26.10]F_I_SN치_전환_스노우콘출시_제품강조형_신규_.배너_혜택강조_3_지금이젤싸요.__김소희_261001_제과_박서연,291,2,3563.0,0
2026-10-02,(마스터ASC)[제과_스노우콘] 26.10_스노우콘출시_ASC_전환_image_전체타겟,(마스터ASC)[제과_스노우콘] 26.10_스노우콘출시_ASC_전환_image_전체타겟,[26.10]F_I_SN치_전환_스노우콘출시_제품강조형_신규_.배너_혜택강조_4_공지문.__김소희_261001_제과_박서연,39,3,1808.0,0
2026-10-02,(마스터ASC)[제과_스노우콘] 26.10_스노우콘출시_ASC_전환_image_전체타겟,(마스터ASC)[제과_스노우콘] 26.10_스노우콘출시_ASC_전환_image_전체타겟,[26.10]F_I_SN치_전환_스노우콘출시_제품강조형_신규_.배너_신상강조_4.__김소희_261001_제과_박서연,10,1,162.0,0
2026-10-02,(마스터ASC)[제과_스노우콘] 26.10_스노우콘출시_ASC_전환_image_전체타겟,(마스터ASC)[제과_스노우콘] 26.10_스노우콘출시_ASC_전환_image_전체타겟,[26.10]F_I_SN치_전환_스노우콘출시_제품강조형_신규_.배너_신상강조_2.__김소희_261001_제과_박서연,19,0,408.0,0
2026-10-02,(마스터ASC)[제과_스노우콘] 26.10_스노우콘출시_ASC_전환_image_전체타겟,(마스터ASC)[제과_스노우콘] 26.10_스노우콘출시_ASC_전환_image_전체타겟,[26.10]F_I_SN치_전환_스노우콘출시_제품강조형_신규_.배너_신상강조_5.__김소희_261001_제과_박서연,1,0,0.0,0
2026-10-02,(마스터ASC)[제과_스노우콘] 26.10_스노우콘출시_ASC_전환_image_전체타겟,(마스터ASC)[제과_스노우콘] 26.10_스노우콘출시_ASC_전환_image_전체타겟,[26.10]F_I_SN치_전환_스노우콘출시_제품강조형_신규_.배너_혜택강조_1_출시기념.__김소희_261001_제과_박서연,1,0,1.0,0
2026-10-02,(마스터ASC)[제과_스노우콘] 26.10_스노우콘출시_ASC_전환_image_전체타겟,(마스터ASC)[제과_스노우콘] 26.10_스노우콘출시_ASC_전환_image_전체타겟,[26.10]F_I_SN치_전환_스노우콘출시_제품강조형_신규_.배너_식감강조_사르르식감_1.__김소희_261001_제과_박서연,60,1,796.0,0
2026-10-02,(마스터ASC)[제과_스노우콘] 26.10_스노우콘출시_ASC_전환_image_전체타겟,(마스터ASC)[제과_스노우콘] 26.10_스노우콘출시_ASC_전환_image_전체타겟,[26.10]F_I_SN치_전환_스노우콘출시_제품강조형_신규_.배너_식감강조_사르르식감_2.__김소희_261001_제과_박서연,50,2,585.0,0
2026-10-02,(마스터ASC)[제과_스노우콘] 26.10_스노우콘출시_ASC_전환_image_전체타겟,(마스터ASC)[제과_스노우콘] 26.10_스노우콘출시_ASC_전환_image_전체타겟,[26.10]F_I_SN치_전환_스노우콘출시_제품강조형_신규_.배너_크림치즈조화강조_3.__김소희_261001_제과_박서연,243,4,2645.0,0
2026-10-02,(마스터ASC)[제과_스노우콘] 26.10_스노우콘출시_ASC_전환_image_전체타겟,(마스터ASC)[제과_스노우콘] 26.10_스노우콘출시_ASC_전환_image_전체타겟,[26.10]F_I_SN치_전환_스노우콘출시_제품강조형_신규_.배너_식감강조_우유말먹_1.__김소희_261001_제과_박서연,38,0,798.0,0
2026-10-02,(마스터ASC)[제과_스노우콘] 26.10_스노우콘출시_ASC_전환_image_전체타겟,(마스터ASC)[제과_스노우콘] 26.10_스노우콘출시_ASC_전환_image_전체타겟,[26.10]F_I_SN치_전환_스노우콘출시_제품강조형_신규_.배너_식감강조_우유말먹_2.__김소희_261001_제과_박서연,5,0,33.0,0
2026-10-02,(마스터ASC)[제과_스노우콘] 26.10_스노우콘출시_ASC_전환_image_전체타겟,(마스터ASC)[제과_스노우콘] 26.10_스노우콘출시_ASC_전환_image_전체타겟,[26.10]F_I_SN치_전환_스노우콘출시_제품강조형_신규_.배너_식감강조_우유말먹_3.__김소희_261001_제과_박서연,258,4,3289.0,0
2026-10-02,(마스터ASC)[제과_스노우콘] 26.10_스노우콘출시_ASC_전환_image_전체타겟,(마스터ASC)[제과_스노우콘] 26.10_스노우콘출시_ASC_전환_image_전체타겟,[26.10]F_I_SN치_전환_스노우콘출시_제품강조형_신규_.배너_크림치즈조화강조_1.__김소희_261001_제과_박서연,13,1,265.0,0
2026-10-02,(마스터ASC)[제과_스노우콘] 26.10_스노우콘출시_ASC_전환_image_전체타겟,(마스터ASC)[제과_스노우콘] 26.10_스노우콘출시_ASC_전환_image_전체타겟,[26.10]F_I_SN치_전환_스노우콘출시_제품강조형_신규_.배너_크림치즈조화강조_2.__김소희_261001_제과_박서연,6,0,112.0,0
2026-10-02,(마스터ASC)[제과_스노우콘] 26.10_스노우콘출시_ASC_전환_image_전체타겟,(마스터ASC)[제과_스노우콘] 26.10_스노우콘출시_ASC_전환_image_전체타겟,[26.10]F_I_SN치_전환_스노우콘출시_제품강조형_신규_.배너_황치즈강조_찐한풍미_향_4_1.__김소희_261001_제과_박서연,1,0,13.0,0
2026-10-02,(마스터ASC)[제과_스노우콘] 26.10_스노우콘출시_ASC_전환_image_전체타겟,(마스터ASC)[제과_스노우콘] 26.10_스노우콘출시_ASC_전환_image_전체타겟,[26.10]F_I_SN치_전환_스노우콘출시_제품강조형_신규_.배너_황치즈강조_찐한풍미_향_3_4.__김소희_261001_제과_박서연,29,1,601.0,1
2026-10-02,(마스터ASC)[제과_스노우콘] 26.10_스노우콘출시_ASC_전환_image_전체타겟,(마스터ASC)[제과_스노우콘] 26.10_스노우콘출시_ASC_전환_image_전체타겟,[26.10]F_I_SN치_전환_스노우콘출시_제품강조형_신규_.배너_황치즈강조_찐한풍미_향_3_3.__김소희_261001_제과_박서연,777,16,14189.0,1
2026-10-02,(마스터ASC)[제과_스노우콘] 26.10_스노우콘출시_ASC_전환_image_전체타겟,(마스터ASC)[제과_스노우콘] 26.10_스노우콘출시_ASC_전환_image_전체타겟,[26.10]F_I_SN치_전환_스노우콘출시_제품강조형_신규_.배너_황치즈강조_찐한풍미_향_1_1.__김소희_261001_제과_박서연,24,0,231.0,0
2026-10-02,(마스터ASC)[제과_스노우콘] 26.10_스노우콘출시_ASC_전환_image_전체타겟,(마스터ASC)[제과_스노우콘] 26.10_스노우콘출시_ASC_전환_image_전체타겟,[26.10]F_I_SN치_전환_스노우콘출시_제품강조형_신규_.배너_황치즈강조_찐한풍미_향_1_3.__김소희_261001_제과_박서연,236,1,2455.0,0
2026-10-02,(마스터ASC)[제과_스노우콘] 26.10_스노우콘출시_ASC_전환_image_전체타겟,(마스터ASC)[제과_스노우콘] 26.10_스노우콘출시_ASC_전환_image_전체타겟,[26.10]F_I_SN치_전환_스노우콘출시_제품강조형_신규_.배너_황치즈강조_단짠단짠_밸런스_2.__김소희_261001_제과_박서연,219,3,3217.0,0
2026-10-02,(마스터ASC)[제과_스노우콘] 26.10_스노우콘출시_ASC_전환_image_전체타겟,(마스터ASC)[제과_스노우콘] 26.10_스노우콘출시_ASC_전환_image_전체타겟,[26.10]F_I_SN치_전환_스노우콘출시_제품강조형_신규_.배너_황치즈강조_단짠단짠_밸런스_3.__김소희_261001_제과_박서연,5,0,66.0,0
2026-10-02,(마스터ASC)[제과_스노우콘] 26.10_스노우콘출시_ASC_전환_image_전체타겟,(마스터ASC)[제과_스노우콘] 26.10_스노우콘출시_ASC_전환_image_전체타겟,[26.10]F_I_SN치_전환_스노우콘출시_제품강조형_신규_.배너_황치즈강조_찐한풍미_향_1_2.__김소희_261001_제과_박서연,2,0,34.0,0
2026-10-02,(마스터ASC)[제과_스노우콘] 26.10_스노우콘출시_ASC_전환_image_전체타겟,(마스터ASC)[제과_스노우콘] 26.10_스노우콘출시_ASC_전환_image_전체타겟,[26.10]F_I_SN치_전환_스노우콘출시_제품강조형_신규_.배너_황치즈강조_찐한풍미_향_4_3.__김소희_261001_제과_박서연,7,1,80.0,0
2026-10-02,(마스터ASC)[제과_스노우콘] 26.10_스노우콘출시_ASC_전환_image_전체타겟,(마스터ASC)[제과_스노우콘] 26.10_스노우콘출시_ASC_전환_image_전체타겟,[26.10]F_I_SN치_전환_스노우콘출시_제품강조형_신규_.배너_황치즈강조_찐한풍미_향_4_2.__김소희_261001_제과_박서연,70,3,1307.0,0
2026-10-02,(마스터ASC)[제과_스노우콘] 26.10_스노우콘출시_ASC_전환_image_전체타겟,(마스터ASC)[제과_스노우콘] 26.10_스노우콘출시_ASC_전환_image_전체타겟,[26.10]F_I_SN치_전환_스노우콘출시_제품강조형_신규_.배너_황치즈강조_찐한풍미_향_4_4.__김소희_261001_제과_박서연,1,0,4.0,0
2026-10-02,(마스터ASC)[제과_스노우콘] 26.10_스노우콘출시_ASC_전환_image_전체타겟,(마스터ASC)[제과_스노우콘] 26.10_스노우콘출시_ASC_전환_image_전체타겟,[26.10]F_I_SN치_전환_스노우콘출시_제품강조형_신규_.배너_황치즈강조_찐한풍미_향_2_1.__김소희_261001_제과_박서연,1,0,22.0,0
2026-10-02,(마스터ASC)[제과_스노우콘] 26.10_스노우콘출시_ASC_전환_image_전체타겟,(마스터ASC)[제과_스노우콘] 26.10_스노우콘출시_ASC_전환_image_전체타겟,[26.10]F_I_SN치_전환_스노우콘출시_제품강조형_신규_.배너_황치즈강조_단짠단짠_중독성_2.__김소희_261001_제과_박서연,31,0,470.0,0
2026-10-02,(마스터ASC)[제과_스노우콘] 26.10_스노우콘출시_ASC_전환_image_전체타겟,(마스터ASC)[제과_스노우콘] 26.10_스노우콘출시_ASC_전환_image_전체타겟,[26.10]F_I_SN치_전환_스노우콘출시_제품강조형_신규_.배너_황치즈강조_찐한풍미_향_2_3.__김소희_261001_제과_박서연,12,1,93.0,0
2026-10-02,(마스터ASC)[제과_스노우콘] 26.10_스노우콘출시_ASC_전환_image_전체타겟,(마스터ASC)[제과_스노우콘] 26.10_스노우콘출시_ASC_전환_image_전체타겟,[26.10]F_I_SN치_전환_스노우콘출시_제품강조형_신규_.배너_황치즈강조_단짠단짠_중독성_3.__김소희_261001_제과_박서연,1,0,87.0,0
2026-10-02,(마스터ASC)[제과_스노우콘] 26.10_스노우콘출시_ASC_전환_image_전체타겟,(마스터ASC)[제과_스노우콘] 26.10_스노우콘출시_ASC_전환_image_전체타겟,[26.10]F_I_SN치_전환_스노우콘출시_제품강조형_신규_.배너_황치즈강조_찐한풍미_시즈닝_1.__김소희_261001_제과_박서연,25,0,260.0,0
2026-10-02,(마스터ASC)[제과_스노우콘] 26.10_스노우콘출시_ASC_전환_image_전체타겟,(마스터ASC)[제과_스노우콘] 26.10_스노우콘출시_ASC_전환_image_전체타겟,[26.10]F_I_SN치_전환_스노우콘출시_제품강조형_신규_.배너_황치즈강조_찐한풍미_체다치즈_1.__김소희_261001_제과_박서연,11,0,119.0,0
2026-10-02,(마스터ASC)[제과_스노우콘] 26.10_스노우콘출시_ASC_전환_image_전체타겟,(마스터ASC)[제과_스노우콘] 26.10_스노우콘출시_ASC_전환_image_전체타겟,[26.10]F_I_SN치_전환_스노우콘출시_제품강조형_신규_.배너_황치즈강조_단짠단짠_밸런스_1.__김소희_261001_제과_박서연,8,0,71.0,0
2026-10-02,(마스터ASC)[제과_스노우콘] 26.10_스노우콘출시_ASC_전환_image_전체타겟,(마스터ASC)[제과_스노우콘] 26.10_스노우콘출시_ASC_전환_image_전체타겟,[26.10]F_I_SN치_전환_스노우콘출시_제품강조형_신규_.배너_황치즈강조_찐한풍미_향_3_1.__김소희_261001_제과_박서연,12,0,200.0,0
2026-10-02,(마스터ASC)[제과_스노우콘] 26.10_스노우콘출시_ASC_전환_image_전체타겟,(마스터ASC)[제과_스노우콘] 26.10_스노우콘출시_ASC_전환_image_전체타겟,[26.10]F_I_SN치_전환_스노우콘출시_제품강조형_신규_.배너_황치즈강조_찐한풍미_시즈닝_2.__김소희_261001_제과_박서연,209,2,2316.0,0
2026-10-02,(마스터ASC)[제과_스노우콘] 26.10_스노우콘출시_ASC_전환_image_전체타겟,(마스터ASC)[제과_스노우콘] 26.10_스노우콘출시_ASC_전환_image_전체타겟,[26.10]F_I_SN치_전환_스노우콘출시_제품강조형_신규_.배너_황치즈강조_찐한풍미_시즈닝_3.__김소희_261001_제과_박서연,12,1,119.0,0
2026-10-03,(마스터ASC)[제과_스노우콘] 26.10_스노우콘출시_ASC_전환_image_전체타겟,(마스터ASC)[제과_스노우콘] 26.10_스노우콘출시_ASC_전환_image_전체타겟,[26.10]F_I_SN치_전환_스노우콘출시_제품강조형_신규_.배너_혜택강조_3_지금이젤싸요.__김소희_261001_제과_박서연,1,0,2.0,0
2026-10-03,(마스터ASC)[제과_스노우콘] 26.10_스노우콘출시_ASC_전환_image_전체타겟,(마스터ASC)[제과_스노우콘] 26.10_스노우콘출시_ASC_전환_image_전체타겟,[26.10]F_I_SN치_전환_스노우콘출시_제품강조형_신규_.배너_혜택강조_4_공지문.__김소희_261001_제과_박서연,4,1,101.0,0
2026-10-03,(마스터ASC)[제과_스노우콘] 26.10_스노우콘출시_ASC_전환_image_전체타겟,(마스터ASC)[제과_스노우콘] 26.10_스노우콘출시_ASC_전환_image_전체타겟,[26.10]F_I_SN치_전환_스노우콘출시_제품강조형_신규_.배너_신상강조_3.__김소희_261001_제과_박서연,19,0,153.0,0
2026-10-03,(마스터ASC)[제과_스노우콘] 26.10_스노우콘출시_ASC_전환_image_전체타겟,(마스터ASC)[제과_스노우콘] 26.10_스노우콘출시_ASC_전환_image_전체타겟,[26.10]F_I_SN치_전환_스노우콘출시_제품강조형_신규_.배너_신상강조_4.__김소희_261001_제과_박서연,1,0,105.0,0
2026-10-03,(마스터ASC)[제과_스노우콘] 26.10_스노우콘출시_ASC_전환_image_전체타겟,(마스터ASC)[제과_스노우콘] 26.10_스노우콘출시_ASC_전환_image_전체타겟,[26.10]F_I_SN치_전환_스노우콘출시_제품강조형_신규_.배너_신상강조_2.__김소희_261001_제과_박서연,283,6,6064.0,0
2026-10-03,(마스터ASC)[제과_스노우콘] 26.10_스노우콘출시_ASC_전환_image_전체타겟,(마스터ASC)[제과_스노우콘] 26.10_스노우콘출시_ASC_전환_image_전체타겟,[26.10]F_I_SN치_전환_스노우콘출시_제품강조형_신규_.배너_신상강조_5.__김소희_261001_제과_박서연,96,1,2103.0,0
2026-10-03,(마스터ASC)[제과_스노우콘] 26.10_스노우콘출시_ASC_전환_image_전체타겟,(마스터ASC)[제과_스노우콘] 26.10_스노우콘출시_ASC_전환_image_전체타겟,[26.10]F_I_SN치_전환_스노우콘출시_제품강조형_신규_.배너_혜택강조_1_출시기념.__김소희_261001_제과_박서연,3,0,72.0,0
2026-10-03,(마스터ASC)[제과_스노우콘] 26.10_스노우콘출시_ASC_전환_image_전체타겟,(마스터ASC)[제과_스노우콘] 26.10_스노우콘출시_ASC_전환_image_전체타겟,[26.10]F_I_SN치_전환_스노우콘출시_제품강조형_신규_.배너_식감강조_우유말먹_1.__김소희_261001_제과_박서연,203,4,1567.0,0
2026-10-03,(마스터ASC)[제과_스노우콘] 26.10_스노우콘출시_ASC_전환_image_전체타겟,(마스터ASC)[제과_스노우콘] 26.10_스노우콘출시_ASC_전환_image_전체타겟,[26.10]F_I_SN치_전환_스노우콘출시_제품강조형_신규_.배너_식감강조_우유말먹_2.__김소희_261001_제과_박서연,517,4,4114.0,0
2026-10-03,(마스터ASC)[제과_스노우콘] 26.10_스노우콘출시_ASC_전환_image_전체타겟,(마스터ASC)[제과_스노우콘] 26.10_스노우콘출시_ASC_전환_image_전체타겟,[26.10]F_I_SN치_전환_스노우콘출시_제품강조형_신규_.배너_식감강조_우유말먹_3.__김소희_261001_제과_박서연,159,0,2370.0,0
2026-10-03,(마스터ASC)[제과_스노우콘] 26.10_스노우콘출시_ASC_전환_image_전체타겟,(마스터ASC)[제과_스노우콘] 26.10_스노우콘출시_ASC_전환_image_전체타겟,[26.10]F_I_SN치_전환_스노우콘출시_제품강조형_신규_.배너_크림치즈조화강조_1.__김소희_261001_제과_박서연,10,0,173.0,0
2026-10-03,(마스터ASC)[제과_스노우콘] 26.10_스노우콘출시_ASC_전환_image_전체타겟,(마스터ASC)[제과_스노우콘] 26.10_스노우콘출시_ASC_전환_image_전체타겟,[26.10]F_I_SN치_전환_스노우콘출시_제품강조형_신규_.배너_크림치즈조화강조_2.__김소희_261001_제과_박서연,132,3,1494.0,0
2026-10-03,(마스터ASC)[제과_스노우콘] 26.10_스노우콘출시_ASC_전환_image_전체타겟,(마스터ASC)[제과_스노우콘] 26.10_스노우콘출시_ASC_전환_image_전체타겟,[26.10]F_I_SN치_전환_스노우콘출시_제품강조형_신규_.배너_황치즈강조_찐한풍미_향_4_1.__김소희_261001_제과_박서연,2153,38,31489.0,3
2026-10-03,(마스터ASC)[제과_스노우콘] 26.10_스노우콘출시_ASC_전환_image_전체타겟,(마스터ASC)[제과_스노우콘] 26.10_스노우콘출시_ASC_전환_image_전체타겟,[26.10]F_I_SN치_전환_스노우콘출시_제품강조형_신규_.배너_황치즈강조_찐한풍미_향_3_4.__김소희_261001_제과_박서연,624,7,9315.0,0
2026-10-03,(마스터ASC)[제과_스노우콘] 26.10_스노우콘출시_ASC_전환_image_전체타겟,(마스터ASC)[제과_스노우콘] 26.10_스노우콘출시_ASC_전환_image_전체타겟,[26.10]F_I_SN치_전환_스노우콘출시_제품강조형_신규_.배너_황치즈강조_찐한풍미_향_3_3.__김소희_261001_제과_박서연,1442,24,19901.0,0
2026-10-03,(마스터ASC)[제과_스노우콘] 26.10_스노우콘출시_ASC_전환_image_전체타겟,(마스터ASC)[제과_스노우콘] 26.10_스노우콘출시_ASC_전환_image_전체타겟,[26.10]F_I_SN치_전환_스노우콘출시_제품강조형_신규_.배너_황치즈강조_찐한풍미_향_1_1.__김소희_261001_제과_박서연,137,3,1334.0,0
2026-10-03,(마스터ASC)[제과_스노우콘] 26.10_스노우콘출시_ASC_전환_image_전체타겟,(마스터ASC)[제과_스노우콘] 26.10_스노우콘출시_ASC_전환_image_전체타겟,[26.10]F_I_SN치_전환_스노우콘출시_제품강조형_신규_.배너_황치즈강조_찐한풍미_향_1_3.__김소희_261001_제과_박서연,50,3,882.0,2
2026-10-03,(마스터ASC)[제과_스노우콘] 26.10_스노우콘출시_ASC_전환_image_전체타겟,(마스터ASC)[제과_스노우콘] 26.10_스노우콘출시_ASC_전환_image_전체타겟,[26.10]F_I_SN치_전환_스노우콘출시_제품강조형_신규_.배너_황치즈강조_단짠단짠_밸런스_2.__김소희_261001_제과_박서연,333,6,4208.0,0
2026-10-03,(마스터ASC)[제과_스노우콘] 26.10_스노우콘출시_ASC_전환_image_전체타겟,(마스터ASC)[제과_스노우콘] 26.10_스노우콘출시_ASC_전환_image_전체타겟,[26.10]F_I_SN치_전환_스노우콘출시_제품강조형_신규_.배너_황치즈강조_단짠단짠_중독성_1.__김소희_261001_제과_박서연,193,2,2903.0,0
2026-10-03,(마스터ASC)[제과_스노우콘] 26.10_스노우콘출시_ASC_전환_image_전체타겟,(마스터ASC)[제과_스노우콘] 26.10_스노우콘출시_ASC_전환_image_전체타겟,[26.10]F_I_SN치_전환_스노우콘출시_제품강조형_신규_.배너_황치즈강조_단짠단짠_밸런스_3.__김소희_261001_제과_박서연,184,5,3435.0,0
2026-10-03,(마스터ASC)[제과_스노우콘] 26.10_스노우콘출시_ASC_전환_image_전체타겟,(마스터ASC)[제과_스노우콘] 26.10_스노우콘출시_ASC_전환_image_전체타겟,[26.10]F_I_SN치_전환_스노우콘출시_제품강조형_신규_.배너_황치즈강조_찐한풍미_향_1_2.__김소희_261001_제과_박서연,5,0,65.0,0
2026-10-03,(마스터ASC)[제과_스노우콘] 26.10_스노우콘출시_ASC_전환_image_전체타겟,(마스터ASC)[제과_스노우콘] 26.10_스노우콘출시_ASC_전환_image_전체타겟,[26.10]F_I_SN치_전환_스노우콘출시_제품강조형_신규_.배너_황치즈강조_찐한풍미_향_4_3.__김소희_261001_제과_박서연,340,9,5392.0,0
2026-10-03,(마스터ASC)[제과_스노우콘] 26.10_스노우콘출시_ASC_전환_image_전체타겟,(마스터ASC)[제과_스노우콘] 26.10_스노우콘출시_ASC_전환_image_전체타겟,[26.10]F_I_SN치_전환_스노우콘출시_제품강조형_신규_.배너_황치즈강조_찐한풍미_향_4_2.__김소희_261001_제과_박서연,55,1,929.0,0
2026-10-03,(마스터ASC)[제과_스노우콘] 26.10_스노우콘출시_ASC_전환_image_전체타겟,(마스터ASC)[제과_스노우콘] 26.10_스노우콘출시_ASC_전환_image_전체타겟,[26.10]F_I_SN치_전환_스노우콘출시_제품강조형_신규_.배너_황치즈강조_찐한풍미_향_4_4.__김소희_261001_제과_박서연,821,13,12112.0,3
2026-10-03,(마스터ASC)[제과_스노우콘] 26.10_스노우콘출시_ASC_전환_image_전체타겟,(마스터ASC)[제과_스노우콘] 26.10_스노우콘출시_ASC_전환_image_전체타겟,[26.10]F_I_SN치_전환_스노우콘출시_제품강조형_신규_.배너_황치즈강조_찐한풍미_향_2_1.__김소희_261001_제과_박서연,33,1,372.0,0
2026-10-03,(마스터ASC)[제과_스노우콘] 26.10_스노우콘출시_ASC_전환_image_전체타겟,(마스터ASC)[제과_스노우콘] 26.10_스노우콘출시_ASC_전환_image_전체타겟,[26.10]F_I_SN치_전환_스노우콘출시_제품강조형_신규_.배너_황치즈강조_찐한풍미_향_2_2.__김소희_261001_제과_박서연,274,5,4116.0,0
2026-10-03,(마스터ASC)[제과_스노우콘] 26.10_스노우콘출시_ASC_전환_image_전체타겟,(마스터ASC)[제과_스노우콘] 26.10_스노우콘출시_ASC_전환_image_전체타겟,[26.10]F_I_SN치_전환_스노우콘출시_제품강조형_신규_.배너_황치즈강조_단짠단짠_중독성_2.__김소희_261001_제과_박서연,354,8,5064.0,2
2026-10-03,(마스터ASC)[제과_스노우콘] 26.10_스노우콘출시_ASC_전환_image_전체타겟,(마스터ASC)[제과_스노우콘] 26.10_스노우콘출시_ASC_전환_image_전체타겟,[26.10]F_I_SN치_전환_스노우콘출시_제품강조형_신규_.배너_황치즈강조_찐한풍미_향_2_3.__김소희_261001_제과_박서연,222,1,2301.0,0
2026-10-03,(마스터ASC)[제과_스노우콘] 26.10_스노우콘출시_ASC_전환_image_전체타겟,(마스터ASC)[제과_스노우콘] 26.10_스노우콘출시_ASC_전환_image_전체타겟,[26.10]F_I_SN치_전환_스노우콘출시_제품강조형_신규_.배너_황치즈강조_단짠단짠_중독성_3.__김소희_261001_제과_박서연,42,1,1142.0,0
2026-10-03,(마스터ASC)[제과_스노우콘] 26.10_스노우콘출시_ASC_전환_image_전체타겟,(마스터ASC)[제과_스노우콘] 26.10_스노우콘출시_ASC_전환_image_전체타겟,[26.10]F_I_SN치_전환_스노우콘출시_제품강조형_신규_.배너_황치즈강조_찐한풍미_시즈닝_1.__김소희_261001_제과_박서연,173,5,3876.0,0
2026-10-03,(마스터ASC)[제과_스노우콘] 26.10_스노우콘출시_ASC_전환_image_전체타겟,(마스터ASC)[제과_스노우콘] 26.10_스노우콘출시_ASC_전환_image_전체타겟,[26.10]F_I_SN치_전환_스노우콘출시_제품강조형_신규_.배너_황치즈강조_찐한풍미_체다치즈_1.__김소희_261001_제과_박서연,116,3,2257.0,0
2026-10-03,(마스터ASC)[제과_스노우콘] 26.10_스노우콘출시_ASC_전환_image_전체타겟,(마스터ASC)[제과_스노우콘] 26.10_스노우콘출시_ASC_전환_image_전체타겟,[26.10]F_I_SN치_전환_스노우콘출시_제품강조형_신규_.배너_황치즈강조_단짠단짠_밸런스_1.__김소희_261001_제과_박서연,33,2,372.0,0
2026-10-03,(마스터ASC)[제과_스노우콘] 26.10_스노우콘출시_ASC_전환_image_전체타겟,(마스터ASC)[제과_스노우콘] 26.10_스노우콘출시_ASC_전환_image_전체타겟,[26.10]F_I_SN치_전환_스노우콘출시_제품강조형_신규_.배너_황치즈강조_찐한풍미_향_3_1.__김소희_261001_제과_박서연,3,0,17.0,0
2026-10-03,(마스터ASC)[제과_스노우콘] 26.10_스노우콘출시_ASC_전환_image_전체타겟,(마스터ASC)[제과_스노우콘] 26.10_스노우콘출시_ASC_전환_image_전체타겟,[26.10]F_I_SN치_전환_스노우콘출시_제품강조형_신규_.배너_황치즈강조_찐한풍미_시즈닝_2.__김소희_261001_제과_박서연,24,0,145.0,0
2026-10-03,(마스터ASC)[제과_스노우콘] 26.10_스노우콘출시_ASC_전환_image_전체타겟,(마스터ASC)[제과_스노우콘] 26.10_스노우콘출시_ASC_전환_image_전체타겟,[26.10]F_I_SN치_전환_스노우콘출시_제품강조형_신규_.배너_황치즈강조_찐한풍미_향_3_2.__김소희_261001_제과_박서연,233,0,1878.0,0
2026-10-04,(마스터ASC)[제과_스노우콘] 26.10_스노우콘출시_ASC_전환_image_전체타겟,(마스터ASC)[제과_스노우콘] 26.10_스노우콘출시_ASC_전환_image_전체타겟,[26.10]F_I_SN치_전환_스노우콘출시_제품강조형_신규_.배너_혜택강조_3_지금이젤싸요.__김소희_261001_제과_박서연,46,0,407.0,0
2026-10-04,(마스터ASC)[제과_스노우콘] 26.10_스노우콘출시_ASC_전환_image_전체타겟,(마스터ASC)[제과_스노우콘] 26.10_스노우콘출시_ASC_전환_image_전체타겟,[26.10]F_I_SN치_전환_스노우콘출시_제품강조형_신규_.배너_혜택강조_4_공지문.__김소희_261001_제과_박서연,207,3,3938.0,0
2026-10-04,(마스터ASC)[제과_스노우콘] 26.10_스노우콘출시_ASC_전환_image_전체타겟,(마스터ASC)[제과_스노우콘] 26.10_스노우콘출시_ASC_전환_image_전체타겟,[26.10]F_I_SN치_전환_스노우콘출시_제품강조형_신규_.배너_신상강조_4.__김소희_261001_제과_박서연,16,0,76.0,0
2026-10-04,(마스터ASC)[제과_스노우콘] 26.10_스노우콘출시_ASC_전환_image_전체타겟,(마스터ASC)[제과_스노우콘] 26.10_스노우콘출시_ASC_전환_image_전체타겟,[26.10]F_I_SN치_전환_스노우콘출시_제품강조형_신규_.배너_신상강조_2.__김소희_261001_제과_박서연,1637,21,15106.0,1
2026-10-04,(마스터ASC)[제과_스노우콘] 26.10_스노우콘출시_ASC_전환_image_전체타겟,(마스터ASC)[제과_스노우콘] 26.10_스노우콘출시_ASC_전환_image_전체타겟,[26.10]F_I_SN치_전환_스노우콘출시_제품강조형_신규_.배너_신상강조_5.__김소희_261001_제과_박서연,9,0,189.0,0
2026-10-04,(마스터ASC)[제과_스노우콘] 26.10_스노우콘출시_ASC_전환_image_전체타겟,(마스터ASC)[제과_스노우콘] 26.10_스노우콘출시_ASC_전환_image_전체타겟,[26.10]F_I_SN치_전환_스노우콘출시_제품강조형_신규_.배너_혜택강조_1_출시기념.__김소희_261001_제과_박서연,20,0,163.0,0
2026-10-04,(마스터ASC)[제과_스노우콘] 26.10_스노우콘출시_ASC_전환_image_전체타겟,(마스터ASC)[제과_스노우콘] 26.10_스노우콘출시_ASC_전환_image_전체타겟,[26.10]F_I_SN치_전환_스노우콘출시_제품강조형_신규_.배너_식감강조_사르르식감_3.__김소희_261001_제과_박서연,311,2,2762.0,0
2026-10-04,(마스터ASC)[제과_스노우콘] 26.10_스노우콘출시_ASC_전환_image_전체타겟,(마스터ASC)[제과_스노우콘] 26.10_스노우콘출시_ASC_전환_image_전체타겟,[26.10]F_I_SN치_전환_스노우콘출시_제품강조형_신규_.배너_식감강조_사르르식감_1.__김소희_261001_제과_박서연,30,0,188.0,0
2026-10-04,(마스터ASC)[제과_스노우콘] 26.10_스노우콘출시_ASC_전환_image_전체타겟,(마스터ASC)[제과_스노우콘] 26.10_스노우콘출시_ASC_전환_image_전체타겟,[26.10]F_I_SN치_전환_스노우콘출시_제품강조형_신규_.배너_식감강조_사르르식감_2.__김소희_261001_제과_박서연,1352,13,16580.0,4
2026-10-04,(마스터ASC)[제과_스노우콘] 26.10_스노우콘출시_ASC_전환_image_전체타겟,(마스터ASC)[제과_스노우콘] 26.10_스노우콘출시_ASC_전환_image_전체타겟,[26.10]F_I_SN치_전환_스노우콘출시_제품강조형_신규_.배너_크림치즈조화강조_3.__김소희_261001_제과_박서연,226,3,3266.0,0
2026-10-04,(마스터ASC)[제과_스노우콘] 26.10_스노우콘출시_ASC_전환_image_전체타겟,(마스터ASC)[제과_스노우콘] 26.10_스노우콘출시_ASC_전환_image_전체타겟,[26.10]F_I_SN치_전환_스노우콘출시_제품강조형_신규_.배너_식감강조_우유말먹_1.__김소희_261001_제과_박서연,4,0,6.0,0
2026-10-04,(마스터ASC)[제과_스노우콘] 26.10_스노우콘출시_ASC_전환_image_전체타겟,(마스터ASC)[제과_스노우콘] 26.10_스노우콘출시_ASC_전환_image_전체타겟,[26.10]F_I_SN치_전환_스노우콘출시_제품강조형_신규_.배너_식감강조_우유말먹_2.__김소희_261001_제과_박서연,352,6,2897.0,4
2026-10-04,(마스터ASC)[제과_스노우콘] 26.10_스노우콘출시_ASC_전환_image_전체타겟,(마스터ASC)[제과_스노우콘] 26.10_스노우콘출시_ASC_전환_image_전체타겟,[26.10]F_I_SN치_전환_스노우콘출시_제품강조형_신규_.배너_식감강조_우유말먹_3.__김소희_261001_제과_박서연,196,1,2104.0,0
2026-10-04,(마스터ASC)[제과_스노우콘] 26.10_스노우콘출시_ASC_전환_image_전체타겟,(마스터ASC)[제과_스노우콘] 26.10_스노우콘출시_ASC_전환_image_전체타겟,[26.10]F_I_SN치_전환_스노우콘출시_제품강조형_신규_.배너_크림치즈조화강조_1.__김소희_261001_제과_박서연,88,1,1166.0,0
2026-10-04,(마스터ASC)[제과_스노우콘] 26.10_스노우콘출시_ASC_전환_image_전체타겟,(마스터ASC)[제과_스노우콘] 26.10_스노우콘출시_ASC_전환_image_전체타겟,[26.10]F_I_SN치_전환_스노우콘출시_제품강조형_신규_.배너_크림치즈조화강조_2.__김소희_261001_제과_박서연,223,1,1357.0,0
2026-10-04,(마스터ASC)[제과_스노우콘] 26.10_스노우콘출시_ASC_전환_image_전체타겟,(마스터ASC)[제과_스노우콘] 26.10_스노우콘출시_ASC_전환_image_전체타겟,[26.10]F_I_SN치_전환_스노우콘출시_제품강조형_신규_.배너_황치즈강조_찐한풍미_향_4_1.__김소희_261001_제과_박서연,476,7,5059.0,1
2026-10-04,(마스터ASC)[제과_스노우콘] 26.10_스노우콘출시_ASC_전환_image_전체타겟,(마스터ASC)[제과_스노우콘] 26.10_스노우콘출시_ASC_전환_image_전체타겟,[26.10]F_I_SN치_전환_스노우콘출시_제품강조형_신규_.배너_황치즈강조_찐한풍미_향_3_4.__김소희_261001_제과_박서연,190,2,2524.0,0
2026-10-04,(마스터ASC)[제과_스노우콘] 26.10_스노우콘출시_ASC_전환_image_전체타겟,(마스터ASC)[제과_스노우콘] 26.10_스노우콘출시_ASC_전환_image_전체타겟,[26.10]F_I_SN치_전환_스노우콘출시_제품강조형_신규_.배너_황치즈강조_찐한풍미_향_1_1.__김소희_261001_제과_박서연,38,0,360.0,0
2026-10-04,(마스터ASC)[제과_스노우콘] 26.10_스노우콘출시_ASC_전환_image_전체타겟,(마스터ASC)[제과_스노우콘] 26.10_스노우콘출시_ASC_전환_image_전체타겟,[26.10]F_I_SN치_전환_스노우콘출시_제품강조형_신규_.배너_황치즈강조_찐한풍미_향_1_3.__김소희_261001_제과_박서연,95,0,764.0,0
2026-10-04,(마스터ASC)[제과_스노우콘] 26.10_스노우콘출시_ASC_전환_image_전체타겟,(마스터ASC)[제과_스노우콘] 26.10_스노우콘출시_ASC_전환_image_전체타겟,[26.10]F_I_SN치_전환_스노우콘출시_제품강조형_신규_.배너_황치즈강조_단짠단짠_밸런스_2.__김소희_261001_제과_박서연,176,4,1525.0,1
2026-10-04,(마스터ASC)[제과_스노우콘] 26.10_스노우콘출시_ASC_전환_image_전체타겟,(마스터ASC)[제과_스노우콘] 26.10_스노우콘출시_ASC_전환_image_전체타겟,[26.10]F_I_SN치_전환_스노우콘출시_제품강조형_신규_.배너_황치즈강조_단짠단짠_중독성_1.__김소희_261001_제과_박서연,156,1,1472.0,0
2026-10-04,(마스터ASC)[제과_스노우콘] 26.10_스노우콘출시_ASC_전환_image_전체타겟,(마스터ASC)[제과_스노우콘] 26.10_스노우콘출시_ASC_전환_image_전체타겟,[26.10]F_I_SN치_전환_스노우콘출시_제품강조형_신규_.배너_황치즈강조_단짠단짠_밸런스_3.__김소희_261001_제과_박서연,133,1,1792.0,0
2026-10-04,(마스터ASC)[제과_스노우콘] 26.10_스노우콘출시_ASC_전환_image_전체타겟,(마스터ASC)[제과_스노우콘] 26.10_스노우콘출시_ASC_전환_image_전체타겟,[26.10]F_I_SN치_전환_스노우콘출시_제품강조형_신규_.배너_황치즈강조_찐한풍미_향_1_2.__김소희_261001_제과_박서연,50,0,465.0,0
2026-10-04,(마스터ASC)[제과_스노우콘] 26.10_스노우콘출시_ASC_전환_image_전체타겟,(마스터ASC)[제과_스노우콘] 26.10_스노우콘출시_ASC_전환_image_전체타겟,[26.10]F_I_SN치_전환_스노우콘출시_제품강조형_신규_.배너_황치즈강조_찐한풍미_향_4_3.__김소희_261001_제과_박서연,1300,16,15829.0,1
2026-10-04,(마스터ASC)[제과_스노우콘] 26.10_스노우콘출시_ASC_전환_image_전체타겟,(마스터ASC)[제과_스노우콘] 26.10_스노우콘출시_ASC_전환_image_전체타겟,[26.10]F_I_SN치_전환_스노우콘출시_제품강조형_신규_.배너_황치즈강조_찐한풍미_향_4_2.__김소희_261001_제과_박서연,76,0,820.0,0
2026-10-04,(마스터ASC)[제과_스노우콘] 26.10_스노우콘출시_ASC_전환_image_전체타겟,(마스터ASC)[제과_스노우콘] 26.10_스노우콘출시_ASC_전환_image_전체타겟,[26.10]F_I_SN치_전환_스노우콘출시_제품강조형_신규_.배너_황치즈강조_찐한풍미_향_4_4.__김소희_261001_제과_박서연,498,3,5263.0,0
2026-10-04,(마스터ASC)[제과_스노우콘] 26.10_스노우콘출시_ASC_전환_image_전체타겟,(마스터ASC)[제과_스노우콘] 26.10_스노우콘출시_ASC_전환_image_전체타겟,[26.10]F_I_SN치_전환_스노우콘출시_제품강조형_신규_.배너_황치즈강조_찐한풍미_향_2_1.__김소희_261001_제과_박서연,23,0,425.0,0
2026-10-04,(마스터ASC)[제과_스노우콘] 26.10_스노우콘출시_ASC_전환_image_전체타겟,(마스터ASC)[제과_스노우콘] 26.10_스노우콘출시_ASC_전환_image_전체타겟,[26.10]F_I_SN치_전환_스노우콘출시_제품강조형_신규_.배너_황치즈강조_찐한풍미_향_2_2.__김소희_261001_제과_박서연,714,13,9748.0,3
2026-10-04,(마스터ASC)[제과_스노우콘] 26.10_스노우콘출시_ASC_전환_image_전체타겟,(마스터ASC)[제과_스노우콘] 26.10_스노우콘출시_ASC_전환_image_전체타겟,[26.10]F_I_SN치_전환_스노우콘출시_제품강조형_신규_.배너_황치즈강조_단짠단짠_중독성_2.__김소희_261001_제과_박서연,431,0,5461.0,0
2026-10-04,(마스터ASC)[제과_스노우콘] 26.10_스노우콘출시_ASC_전환_image_전체타겟,(마스터ASC)[제과_스노우콘] 26.10_스노우콘출시_ASC_전환_image_전체타겟,[26.10]F_I_SN치_전환_스노우콘출시_제품강조형_신규_.배너_황치즈강조_찐한풍미_향_2_3.__김소희_261001_제과_박서연,62,0,846.0,0
2026-10-04,(마스터ASC)[제과_스노우콘] 26.10_스노우콘출시_ASC_전환_image_전체타겟,(마스터ASC)[제과_스노우콘] 26.10_스노우콘출시_ASC_전환_image_전체타겟,[26.10]F_I_SN치_전환_스노우콘출시_제품강조형_신규_.배너_황치즈강조_단짠단짠_중독성_3.__김소희_261001_제과_박서연,18,1,217.0,0
2026-10-04,(마스터ASC)[제과_스노우콘] 26.10_스노우콘출시_ASC_전환_image_전체타겟,(마스터ASC)[제과_스노우콘] 26.10_스노우콘출시_ASC_전환_image_전체타겟,[26.10]F_I_SN치_전환_스노우콘출시_제품강조형_신규_.배너_황치즈강조_찐한풍미_시즈닝_1.__김소희_261001_제과_박서연,1017,3,11957.0,0
2026-10-04,(마스터ASC)[제과_스노우콘] 26.10_스노우콘출시_ASC_전환_image_전체타겟,(마스터ASC)[제과_스노우콘] 26.10_스노우콘출시_ASC_전환_image_전체타겟,[26.10]F_I_SN치_전환_스노우콘출시_제품강조형_신규_.배너_황치즈강조_찐한풍미_체다치즈_1.__김소희_261001_제과_박서연,71,1,930.0,0
2026-10-04,(마스터ASC)[제과_스노우콘] 26.10_스노우콘출시_ASC_전환_image_전체타겟,(마스터ASC)[제과_스노우콘] 26.10_스노우콘출시_ASC_전환_image_전체타겟,[26.10]F_I_SN치_전환_스노우콘출시_제품강조형_신규_.배너_황치즈강조_단짠단짠_밸런스_1.__김소희_261001_제과_박서연,33,0,449.0,0
2026-10-04,(마스터ASC)[제과_스노우콘] 26.10_스노우콘출시_ASC_전환_image_전체타겟,(마스터ASC)[제과_스노우콘] 26.10_스노우콘출시_ASC_전환_image_전체타겟,[26.10]F_I_SN치_전환_스노우콘출시_제품강조형_신규_.배너_황치즈강조_찐한풍미_향_3_1.__김소희_261001_제과_박서연,57,0,1592.0,0
2026-10-04,(마스터ASC)[제과_스노우콘] 26.10_스노우콘출시_ASC_전환_image_전체타겟,(마스터ASC)[제과_스노우콘] 26.10_스노우콘출시_ASC_전환_image_전체타겟,[26.10]F_I_SN치_전환_스노우콘출시_제품강조형_신규_.배너_황치즈강조_찐한풍미_시즈닝_2.__김소희_261001_제과_박서연,52,0,1084.0,0
2026-10-04,(마스터ASC)[제과_스노우콘] 26.10_스노우콘출시_ASC_전환_image_전체타겟,(마스터ASC)[제과_스노우콘] 26.10_스노우콘출시_ASC_전환_image_전체타겟,[26.10]F_I_SN치_전환_스노우콘출시_제품강조형_신규_.배너_황치즈강조_찐한풍미_시즈닝_3.__김소희_261001_제과_박서연,148,3,1647.0,0
2026-10-04,(마스터ASC)[제과_스노우콘] 26.10_스노우콘출시_ASC_전환_image_전체타겟,(마스터ASC)[제과_스노우콘] 26.10_스노우콘출시_ASC_전환_image_전체타겟,[26.10]F_I_SN치_전환_스노우콘출시_제품강조형_신규_.배너_황치즈강조_찐한풍미_향_3_2.__김소희_261001_제과_박서연,8,0,57.0,0
2026-10-05,(마스터ASC)[제과_스노우콘] 26.10_스노우콘출시_ASC_전환_image_전체타겟,(마스터ASC)[제과_스노우콘] 26.10_스노우콘출시_ASC_전환_image_전체타겟,[26.10]F_I_SN치_전환_스노우콘출시_제품강조형_신규_.배너_혜택강조_3_지금이젤싸요.__김소희_261001_제과_박서연,45,0,665.0,0
2026-10-05,(마스터ASC)[제과_스노우콘] 26.10_스노우콘출시_ASC_전환_image_전체타겟,(마스터ASC)[제과_스노우콘] 26.10_스노우콘출시_ASC_전환_image_전체타겟,[26.10]F_I_SN치_전환_스노우콘출시_제품강조형_신규_.배너_혜택강조_4_공지문.__김소희_261001_제과_박서연,24,0,326.0,0
2026-10-05,(마스터ASC)[제과_스노우콘] 26.10_스노우콘출시_ASC_전환_image_전체타겟,(마스터ASC)[제과_스노우콘] 26.10_스노우콘출시_ASC_전환_image_전체타겟,[26.10]F_I_SN치_전환_스노우콘출시_제품강조형_신규_.배너_신상강조_3.__김소희_261001_제과_박서연,3,0,28.0,0
2026-10-05,(마스터ASC)[제과_스노우콘] 26.10_스노우콘출시_ASC_전환_image_전체타겟,(마스터ASC)[제과_스노우콘] 26.10_스노우콘출시_ASC_전환_image_전체타겟,[26.10]F_I_SN치_전환_스노우콘출시_제품강조형_신규_.배너_신상강조_4.__김소희_261001_제과_박서연,13,0,236.0,0
2026-10-05,(마스터ASC)[제과_스노우콘] 26.10_스노우콘출시_ASC_전환_image_전체타겟,(마스터ASC)[제과_스노우콘] 26.10_스노우콘출시_ASC_전환_image_전체타겟,[26.10]F_I_SN치_전환_스노우콘출시_제품강조형_신규_.배너_신상강조_5.__김소희_261001_제과_박서연,6,0,19.0,0
2026-10-05,(마스터ASC)[제과_스노우콘] 26.10_스노우콘출시_ASC_전환_image_전체타겟,(마스터ASC)[제과_스노우콘] 26.10_스노우콘출시_ASC_전환_image_전체타겟,[26.10]F_I_SN치_전환_스노우콘출시_제품강조형_신규_.배너_혜택강조_1_출시기념.__김소희_261001_제과_박서연,7,0,40.0,0
2026-10-05,(마스터ASC)[제과_스노우콘] 26.10_스노우콘출시_ASC_전환_image_전체타겟,(마스터ASC)[제과_스노우콘] 26.10_스노우콘출시_ASC_전환_image_전체타겟,[26.10]F_I_SN치_전환_스노우콘출시_제품강조형_신규_.배너_식감강조_사르르식감_3.__김소희_261001_제과_박서연,82,0,564.0,0
2026-10-05,(마스터ASC)[제과_스노우콘] 26.10_스노우콘출시_ASC_전환_image_전체타겟,(마스터ASC)[제과_스노우콘] 26.10_스노우콘출시_ASC_전환_image_전체타겟,[26.10]F_I_SN치_전환_스노우콘출시_제품강조형_신규_.배너_식감강조_사르르식감_1.__김소희_261001_제과_박서연,163,1,1344.0,0
2026-10-05,(마스터ASC)[제과_스노우콘] 26.10_스노우콘출시_ASC_전환_image_전체타겟,(마스터ASC)[제과_스노우콘] 26.10_스노우콘출시_ASC_전환_image_전체타겟,[26.10]F_I_SN치_전환_스노우콘출시_제품강조형_신규_.배너_식감강조_사르르식감_2.__김소희_261001_제과_박서연,1901,18,22493.0,0
2026-10-05,(마스터ASC)[제과_스노우콘] 26.10_스노우콘출시_ASC_전환_image_전체타겟,(마스터ASC)[제과_스노우콘] 26.10_스노우콘출시_ASC_전환_image_전체타겟,[26.10]F_I_SN치_전환_스노우콘출시_제품강조형_신규_.배너_크림치즈조화강조_3.__김소희_261001_제과_박서연,114,0,783.0,0
2026-10-05,(마스터ASC)[제과_스노우콘] 26.10_스노우콘출시_ASC_전환_image_전체타겟,(마스터ASC)[제과_스노우콘] 26.10_스노우콘출시_ASC_전환_image_전체타겟,[26.10]F_I_SN치_전환_스노우콘출시_제품강조형_신규_.배너_식감강조_우유말먹_1.__김소희_261001_제과_박서연,5,0,29.0,1
2026-10-05,(마스터ASC)[제과_스노우콘] 26.10_스노우콘출시_ASC_전환_image_전체타겟,(마스터ASC)[제과_스노우콘] 26.10_스노우콘출시_ASC_전환_image_전체타겟,[26.10]F_I_SN치_전환_스노우콘출시_제품강조형_신규_.배너_식감강조_우유말먹_2.__김소희_261001_제과_박서연,752,9,7219.0,2
2026-10-05,(마스터ASC)[제과_스노우콘] 26.10_스노우콘출시_ASC_전환_image_전체타겟,(마스터ASC)[제과_스노우콘] 26.10_스노우콘출시_ASC_전환_image_전체타겟,[26.10]F_I_SN치_전환_스노우콘출시_제품강조형_신규_.배너_식감강조_우유말먹_3.__김소희_261001_제과_박서연,206,1,1947.0,0
2026-10-05,(마스터ASC)[제과_스노우콘] 26.10_스노우콘출시_ASC_전환_image_전체타겟,(마스터ASC)[제과_스노우콘] 26.10_스노우콘출시_ASC_전환_image_전체타겟,[26.10]F_I_SN치_전환_스노우콘출시_제품강조형_신규_.배너_크림치즈조화강조_1.__김소희_261001_제과_박서연,62,1,523.0,0
2026-10-05,(마스터ASC)[제과_스노우콘] 26.10_스노우콘출시_ASC_전환_image_전체타겟,(마스터ASC)[제과_스노우콘] 26.10_스노우콘출시_ASC_전환_image_전체타겟,[26.10]F_I_SN치_전환_스노우콘출시_제품강조형_신규_.배너_크림치즈조화강조_2.__김소희_261001_제과_박서연,20,0,107.0,0
2026-10-05,(마스터ASC)[제과_스노우콘] 26.10_스노우콘출시_ASC_전환_image_전체타겟,(마스터ASC)[제과_스노우콘] 26.10_스노우콘출시_ASC_전환_image_전체타겟,[26.10]F_I_SN치_전환_스노우콘출시_제품강조형_신규_.배너_황치즈강조_찐한풍미_향_4_1.__김소희_261001_제과_박서연,2807,36,37957.0,1
2026-10-05,(마스터ASC)[제과_스노우콘] 26.10_스노우콘출시_ASC_전환_image_전체타겟,(마스터ASC)[제과_스노우콘] 26.10_스노우콘출시_ASC_전환_image_전체타겟,[26.10]F_I_SN치_전환_스노우콘출시_제품강조형_신규_.배너_황치즈강조_찐한풍미_향_3_4.__김소희_261001_제과_박서연,88,0,875.0,0
2026-10-05,(마스터ASC)[제과_스노우콘] 26.10_스노우콘출시_ASC_전환_image_전체타겟,(마스터ASC)[제과_스노우콘] 26.10_스노우콘출시_ASC_전환_image_전체타겟,[26.10]F_I_SN치_전환_스노우콘출시_제품강조형_신규_.배너_황치즈강조_찐한풍미_향_1_1.__김소희_261001_제과_박서연,19,0,156.0,0
2026-10-05,(마스터ASC)[제과_스노우콘] 26.10_스노우콘출시_ASC_전환_image_전체타겟,(마스터ASC)[제과_스노우콘] 26.10_스노우콘출시_ASC_전환_image_전체타겟,[26.10]F_I_SN치_전환_스노우콘출시_제품강조형_신규_.배너_황치즈강조_찐한풍미_향_1_3.__김소희_261001_제과_박서연,87,0,769.0,0
2026-10-05,(마스터ASC)[제과_스노우콘] 26.10_스노우콘출시_ASC_전환_image_전체타겟,(마스터ASC)[제과_스노우콘] 26.10_스노우콘출시_ASC_전환_image_전체타겟,[26.10]F_I_SN치_전환_스노우콘출시_제품강조형_신규_.배너_황치즈강조_단짠단짠_밸런스_2.__김소희_261001_제과_박서연,489,4,3747.0,0
2026-10-05,(마스터ASC)[제과_스노우콘] 26.10_스노우콘출시_ASC_전환_image_전체타겟,(마스터ASC)[제과_스노우콘] 26.10_스노우콘출시_ASC_전환_image_전체타겟,[26.10]F_I_SN치_전환_스노우콘출시_제품강조형_신규_.배너_황치즈강조_단짠단짠_중독성_1.__김소희_261001_제과_박서연,5,0,52.0,0
2026-10-05,(마스터ASC)[제과_스노우콘] 26.10_스노우콘출시_ASC_전환_image_전체타겟,(마스터ASC)[제과_스노우콘] 26.10_스노우콘출시_ASC_전환_image_전체타겟,[26.10]F_I_SN치_전환_스노우콘출시_제품강조형_신규_.배너_황치즈강조_단짠단짠_밸런스_3.__김소희_261001_제과_박서연,119,3,1334.0,1
2026-10-05,(마스터ASC)[제과_스노우콘] 26.10_스노우콘출시_ASC_전환_image_전체타겟,(마스터ASC)[제과_스노우콘] 26.10_스노우콘출시_ASC_전환_image_전체타겟,[26.10]F_I_SN치_전환_스노우콘출시_제품강조형_신규_.배너_황치즈강조_찐한풍미_향_1_2.__김소희_261001_제과_박서연,11,0,76.0,0
2026-10-05,(마스터ASC)[제과_스노우콘] 26.10_스노우콘출시_ASC_전환_image_전체타겟,(마스터ASC)[제과_스노우콘] 26.10_스노우콘출시_ASC_전환_image_전체타겟,[26.10]F_I_SN치_전환_스노우콘출시_제품강조형_신규_.배너_황치즈강조_찐한풍미_향_4_2.__김소희_261001_제과_박서연,45,0,620.0,0
2026-10-05,(마스터ASC)[제과_스노우콘] 26.10_스노우콘출시_ASC_전환_image_전체타겟,(마스터ASC)[제과_스노우콘] 26.10_스노우콘출시_ASC_전환_image_전체타겟,[26.10]F_I_SN치_전환_스노우콘출시_제품강조형_신규_.배너_황치즈강조_찐한풍미_향_4_4.__김소희_261001_제과_박서연,336,4,3805.0,0
2026-10-05,(마스터ASC)[제과_스노우콘] 26.10_스노우콘출시_ASC_전환_image_전체타겟,(마스터ASC)[제과_스노우콘] 26.10_스노우콘출시_ASC_전환_image_전체타겟,[26.10]F_I_SN치_전환_스노우콘출시_제품강조형_신규_.배너_황치즈강조_찐한풍미_향_2_1.__김소희_261001_제과_박서연,7,0,50.0,0
2026-10-05,(마스터ASC)[제과_스노우콘] 26.10_스노우콘출시_ASC_전환_image_전체타겟,(마스터ASC)[제과_스노우콘] 26.10_스노우콘출시_ASC_전환_image_전체타겟,[26.10]F_I_SN치_전환_스노우콘출시_제품강조형_신규_.배너_황치즈강조_찐한풍미_향_2_2.__김소희_261001_제과_박서연,553,4,6796.0,0
2026-10-05,(마스터ASC)[제과_스노우콘] 26.10_스노우콘출시_ASC_전환_image_전체타겟,(마스터ASC)[제과_스노우콘] 26.10_스노우콘출시_ASC_전환_image_전체타겟,[26.10]F_I_SN치_전환_스노우콘출시_제품강조형_신규_.배너_황치즈강조_단짠단짠_중독성_2.__김소희_261001_제과_박서연,78,1,1289.0,0
2026-10-05,(마스터ASC)[제과_스노우콘] 26.10_스노우콘출시_ASC_전환_image_전체타겟,(마스터ASC)[제과_스노우콘] 26.10_스노우콘출시_ASC_전환_image_전체타겟,[26.10]F_I_SN치_전환_스노우콘출시_제품강조형_신규_.배너_황치즈강조_찐한풍미_향_2_3.__김소희_261001_제과_박서연,16,0,247.0,0
2026-10-05,(마스터ASC)[제과_스노우콘] 26.10_스노우콘출시_ASC_전환_image_전체타겟,(마스터ASC)[제과_스노우콘] 26.10_스노우콘출시_ASC_전환_image_전체타겟,[26.10]F_I_SN치_전환_스노우콘출시_제품강조형_신규_.배너_황치즈강조_단짠단짠_중독성_3.__김소희_261001_제과_박서연,16,0,134.0,0
2026-10-05,(마스터ASC)[제과_스노우콘] 26.10_스노우콘출시_ASC_전환_image_전체타겟,(마스터ASC)[제과_스노우콘] 26.10_스노우콘출시_ASC_전환_image_전체타겟,[26.10]F_I_SN치_전환_스노우콘출시_제품강조형_신규_.배너_황치즈강조_찐한풍미_체다치즈_1.__김소희_261001_제과_박서연,9,0,53.0,0
2026-10-05,(마스터ASC)[제과_스노우콘] 26.10_스노우콘출시_ASC_전환_image_전체타겟,(마스터ASC)[제과_스노우콘] 26.10_스노우콘출시_ASC_전환_image_전체타겟,[26.10]F_I_SN치_전환_스노우콘출시_제품강조형_신규_.배너_황치즈강조_단짠단짠_밸런스_1.__김소희_261001_제과_박서연,10,0,92.0,0
2026-10-05,(마스터ASC)[제과_스노우콘] 26.10_스노우콘출시_ASC_전환_image_전체타겟,(마스터ASC)[제과_스노우콘] 26.10_스노우콘출시_ASC_전환_image_전체타겟,[26.10]F_I_SN치_전환_스노우콘출시_제품강조형_신규_.배너_황치즈강조_찐한풍미_향_3_1.__김소희_261001_제과_박서연,1,0,18.0,0
2026-10-05,(마스터ASC)[제과_스노우콘] 26.10_스노우콘출시_ASC_전환_image_전체타겟,(마스터ASC)[제과_스노우콘] 26.10_스노우콘출시_ASC_전환_image_전체타겟,[26.10]F_I_SN치_전환_스노우콘출시_제품강조형_신규_.배너_황치즈강조_찐한풍미_시즈닝_2.__김소희_261001_제과_박서연,54,0,640.0,0
2026-10-05,(마스터ASC)[제과_스노우콘] 26.10_스노우콘출시_ASC_전환_image_전체타겟,(마스터ASC)[제과_스노우콘] 26.10_스노우콘출시_ASC_전환_image_전체타겟,[26.10]F_I_SN치_전환_스노우콘출시_제품강조형_신규_.배너_황치즈강조_찐한풍미_시즈닝_3.__김소희_261001_제과_박서연,105,1,1344.0,0
2026-10-05,(마스터ASC)[제과_스노우콘] 26.10_스노우콘출시_ASC_전환_image_전체타겟,(마스터ASC)[제과_스노우콘] 26.10_스노우콘출시_ASC_전환_image_전체타겟,[26.10]F_I_SN치_전환_스노우콘출시_제품강조형_신규_.배너_황치즈강조_찐한풍미_향_3_2.__김소희_261001_제과_박서연,6,0,73.0,0
2026-10-01,[제과_초코퐁당] 26.09_초코퐁당출시_수동_전환_image_전체타겟,(0909) 로이스가성비형_초코퐁당출시 (KR2) (미정님),[26.09]F_I_PN초_전환_초코퐁당출시_매거진형_KR2_.배너_이니4.잇자국로이스자극.__권미정_260909_제과_마팀,610,6,7350.0,0
2026-10-01,[제과_초코퐁당] 26.09_초코퐁당출시_수동_전환_image_전체타겟,(0909) 로이스가성비형_초코퐁당출시 (KR2) (미정님),[26.09]F_I_PN초_전환_초코퐁당출시_매거진형_KR2_.배너_이니7.야외면세점로이스.__권미정_260909_제과_마팀,4435,48,50738.0,5
2026-10-01,[제과_초코퐁당] 26.09_초코퐁당출시_수동_전환_image_전체타겟,(0909) 로이스가성비형_초코퐁당출시 (KR2) (미정님),[26.09]F_I_PN초_전환_초코퐁당출시_매거진형_KR2_.배너_이니2.야외생초코연상.__권미정_260909_제과_마팀,1473,16,16506.0,1
2026-10-01,[제과_초코퐁당] 26.09_초코퐁당출시_수동_전환_image_전체타겟,(0909) 로이스가성비형_초코퐁당출시 (KR2) (미정님),[26.09]F_I_PN초_전환_초코퐁당출시_매거진형_KR2_.배너_이니6.단면강조맛표현.__권미정_260909_제과_마팀,2829,20,21697.0,2
2026-10-01,[제과_초코퐁당] 26.09_초코퐁당출시_수동_전환_image_전체타겟,(0909) 로이스가성비형_초코퐁당출시 (KR2) (미정님),[26.09]F_I_PN초_전환_초코퐁당출시_매거진형_KR2_.배너_이니1.기존만수르베리.__권미정_260909_제과_마팀,14484,136,126387.0,11
2026-10-01,[제과_초코퐁당] 26.09_초코퐁당출시_수동_전환_image_전체타겟,(0909) 로이스가성비형_초코퐁당출시 (KR2) (미정님),[26.09]F_I_PN초_전환_초코퐁당출시_매거진형_KR2_.배너_이니3.패키지묶음재벌비유.__권미정_260909_제과_마팀,792,8,10293.0,0
2026-10-02,[제과_초코퐁당] 26.09_초코퐁당출시_수동_전환_image_전체타겟,(0909) 로이스가성비형_초코퐁당출시 (KR2) (미정님),[26.09]F_I_PN초_전환_초코퐁당출시_매거진형_KR2_.배너_이니4.잇자국로이스자극.__권미정_260909_제과_마팀,1258,9,14216.0,1
2026-10-02,[제과_초코퐁당] 26.09_초코퐁당출시_수동_전환_image_전체타겟,(0909) 로이스가성비형_초코퐁당출시 (KR2) (미정님),[26.09]F_I_PN초_전환_초코퐁당출시_매거진형_KR2_.배너_이니7.야외면세점로이스.__권미정_260909_제과_마팀,1208,16,15223.0,1
2026-10-02,[제과_초코퐁당] 26.09_초코퐁당출시_수동_전환_image_전체타겟,(0909) 로이스가성비형_초코퐁당출시 (KR2) (미정님),[26.09]F_I_PN초_전환_초코퐁당출시_매거진형_KR2_.배너_이니2.야외생초코연상.__권미정_260909_제과_마팀,1501,22,16306.0,1
2026-10-02,[제과_초코퐁당] 26.09_초코퐁당출시_수동_전환_image_전체타겟,(0909) 로이스가성비형_초코퐁당출시 (KR2) (미정님),[26.09]F_I_PN초_전환_초코퐁당출시_매거진형_KR2_.배너_이니6.단면강조맛표현.__권미정_260909_제과_마팀,1733,11,15251.0,1
2026-10-02,[제과_초코퐁당] 26.09_초코퐁당출시_수동_전환_image_전체타겟,(0909) 로이스가성비형_초코퐁당출시 (KR2) (미정님),[26.09]F_I_PN초_전환_초코퐁당출시_매거진형_KR2_.배너_이니1.기존만수르베리.__권미정_260909_제과_마팀,11779,106,107506.0,7
2026-10-02,[제과_초코퐁당] 26.09_초코퐁당출시_수동_전환_image_전체타겟,(0909) 로이스가성비형_초코퐁당출시 (KR2) (미정님),[26.09]F_I_PN초_전환_초코퐁당출시_매거진형_KR2_.배너_이니3.패키지묶음재벌비유.__권미정_260909_제과_마팀,1001,13,12328.0,0
2026-10-02,(마스터ASC)[제과_스노우콘] 26.10_스노우콘출시_ASC_전환_image_전체타겟,(마스터ASC)[제과_스노우콘] 26.10_스노우콘출시_ASC_전환_image_전체타겟,[26.10]F_I_SN치_전환_스노우콘출시_제품강조형_신규_.배너_황치즈강조_찐한풍미_체다치즈_3.__김소희_261001_제과_박서연,187,2,2923.0,0
2026-10-02,(마스터ASC)[제과_스노우콘] 26.10_스노우콘출시_ASC_전환_image_전체타겟,(마스터ASC)[제과_스노우콘] 26.10_스노우콘출시_ASC_전환_image_전체타겟,[26.10]F_I_SN치_전환_스노우콘출시_제품강조형_신규_.배너_황치즈강조_찐한풍미_시즈닝_4.__김소희_261001_제과_박서연,1,0,0.0,0
2026-10-02,(마스터ASC)[제과_스노우콘] 26.10_스노우콘출시_ASC_전환_image_전체타겟,(마스터ASC)[제과_스노우콘] 26.10_스노우콘출시_ASC_전환_image_전체타겟,[26.10]F_I_SN치_전환_스노우콘출시_제품강조형_신규_.배너_황치즈강조_찐한풍미_체다치즈_2.__김소희_261001_제과_박서연,70,0,933.0,0
2026-10-03,[제과_초코퐁당] 26.09_초코퐁당출시_수동_전환_image_전체타겟,(0909) 로이스가성비형_초코퐁당출시 (KR2) (미정님),[26.09]F_I_PN초_전환_초코퐁당출시_매거진형_KR2_.배너_이니4.잇자국로이스자극.__권미정_260909_제과_마팀,1302,10,15082.0,1
2026-10-03,[제과_초코퐁당] 26.09_초코퐁당출시_수동_전환_image_전체타겟,(0909) 로이스가성비형_초코퐁당출시 (KR2) (미정님),[26.09]F_I_PN초_전환_초코퐁당출시_매거진형_KR2_.배너_이니1.기존만수르베리.__권미정_260909_제과_마팀,8493,96,86092.0,6
2026-10-03,(마스터ASC)[제과_스노우콘] 26.10_스노우콘출시_ASC_전환_image_전체타겟,(마스터ASC)[제과_스노우콘] 26.10_스노우콘출시_ASC_전환_image_전체타겟,[26.10]F_I_SN치_전환_스노우콘출시_제품강조형_신규_.배너_황치즈강조_찐한풍미_체다치즈_3.__김소희_261001_제과_박서연,200,6,2765.0,0
2026-10-03,(마스터ASC)[제과_스노우콘] 26.10_스노우콘출시_ASC_전환_image_전체타겟,(마스터ASC)[제과_스노우콘] 26.10_스노우콘출시_ASC_전환_image_전체타겟,[26.10]F_I_SN치_전환_스노우콘출시_제품강조형_신규_.배너_황치즈강조_찐한풍미_체다치즈_2.__김소희_261001_제과_박서연,72,1,1015.0,0
2026-10-04,[제과_초코퐁당] 26.09_초코퐁당출시_수동_전환_image_전체타겟,(0909) 로이스가성비형_초코퐁당출시 (KR2) (미정님),[26.09]F_I_PN초_전환_초코퐁당출시_매거진형_KR2_.배너_이니1.기존만수르베리.__권미정_260909_제과_마팀,3627,31,32650.0,2
2026-10-04,(마스터ASC)[제과_스노우콘] 26.10_스노우콘출시_ASC_전환_image_전체타겟,(마스터ASC)[제과_스노우콘] 26.10_스노우콘출시_ASC_전환_image_전체타겟,[26.10]F_I_SN치_전환_스노우콘출시_제품강조형_신규_.배너_황치즈강조_찐한풍미_체다치즈_3.__김소희_261001_제과_박서연,1301,12,14709.0,0
2026-10-04,(마스터ASC)[제과_스노우콘] 26.10_스노우콘출시_ASC_전환_image_전체타겟,(마스터ASC)[제과_스노우콘] 26.10_스노우콘출시_ASC_전환_image_전체타겟,[26.10]F_I_SN치_전환_스노우콘출시_제품강조형_신규_.배너_황치즈강조_찐한풍미_시즈닝_4.__김소희_261001_제과_박서연,47,2,427.0,1
2026-10-04,(마스터ASC)[제과_스노우콘] 26.10_스노우콘출시_ASC_전환_image_전체타겟,(마스터ASC)[제과_스노우콘] 26.10_스노우콘출시_ASC_전환_image_전체타겟,[26.10]F_I_SN치_전환_스노우콘출시_제품강조형_신규_.배너_황치즈강조_찐한풍미_체다치즈_2.__김소희_261001_제과_박서연,5,0,72.0,0
2026-10-05,[제과_초코퐁당] 26.09_초코퐁당출시_수동_전환_image_전체타겟,(0909) 로이스가성비형_초코퐁당출시 (KR2) (미정님),[26.09]F_I_PN초_전환_초코퐁당출시_매거진형_KR2_.배너_이니1.기존만수르베리.__권미정_260909_제과_마팀,6831,96,75735.0,11
2026-10-05,(마스터ASC)[제과_스노우콘] 26.10_스노우콘출시_ASC_전환_image_전체타겟,(마스터ASC)[제과_스노우콘] 26.10_스노우콘출시_ASC_전환_image_전체타겟,[26.10]F_I_SN치_전환_스노우콘출시_제품강조형_신규_.배너_황치즈강조_찐한풍미_시즈닝_4.__김소희_261001_제과_박서연,51,1,588.0,0
2026-10-05,(마스터ASC)[제과_스노우콘] 26.10_스노우콘출시_ASC_전환_image_전체타겟,(마스터ASC)[제과_스노우콘] 26.10_스노우콘출시_ASC_전환_image_전체타겟,[26.10]F_I_SN치_전환_스노우콘출시_제품강조형_신규_.배너_황치즈강조_찐한풍미_체다치즈_2.__김소희_261001_제과_박서연,26,0,224.0,0
2026-10-01,[제과_저당웨하스미니스] 26.10_바닐라웨하스출시_수동_전환_video_전체타겟,전화네고형_초코 (26.10 재라이브),[25.12]F_V_WF초_전환_웨하스출시_네고형_전화네고_var5.릴스_연하남네고._2512KR0_문선정_251226_1T_이미진,233,4,5788.0,0
2026-10-01,(마스터ASC)[제과_블트하] 26.07_블트깡출시_ASC_전환_video,(마스터ASC)[제과_블트하] 26.07_블트깡출시_ASC_전환_video,[26.08]F_V_BT깡_전환_블트깡출시_네고형_지인네고형.김그릇BP_var4.릴스_가성비.X_1P_김소희_260807_제과_강경연,448,14,16519.0,1
2026-10-01,(마스터ASC)[제과_블트하] 26.07_블트깡출시_ASC_전환_video,(마스터ASC)[제과_블트하] 26.07_블트깡출시_ASC_전환_video,[26.08]F_V_BT깡_전환_블트깡출시_라이브커머스형_라이브커머스형.KR1_main.릴스_찐템강조.메인.슬기.X_1P_김소희_260811_제과_피재은,17,0,382.0,0
2026-10-01,(마스터ASC)[제과_블트하] 26.07_블트깡출시_ASC_전환_video,(마스터ASC)[제과_블트하] 26.07_블트깡출시_ASC_전환_video,[26.08]F_V_BT깡_전환_블트깡출시_쩜오건_시즈닝강조.이국주.KR1_var3.릴스_블트깡.트러플.슬기.X_1P__260820_제과_문형민,91,0,1153.0,0
2026-10-01,[제과_초코퐁당] 26.09_초코퐁당출시_수동_전환_image_전체타겟,(0909) 로이스가성비형_초코퐁당출시 (KR2) (미정님),[26.09]F_I_PN초_전환_초코퐁당출시_매거진형_KR2_.배너_이니5.규모감맛표현.__권미정_260909_제과_마팀,2595,19,20293.0,1
2026-10-01,[제과_초코퐁당] 26.09_초코퐁당출시_수동_전환_image_전체타겟,(0922) 살안찌는 초콜릿형_초코퐁당출시 (KR1) (서연님),[26.09]F_I_PN초_전환_초코퐁당출시_제품강조형_KR1_.릴스_양적.5봉지vs.__권미정_260922_제과_박서연,536,5,7319.0,0
2026-10-01,[제과_초코퐁당] 26.09_초코퐁당출시_수동_전환_image_전체타겟,(0922) 살안찌는 초콜릿형_초코퐁당출시 (KR1) (서연님),[26.09]F_I_PN초_전환_초코퐁당출시_제품강조형_KR1_.릴스_양적.이분할.__권미정_260922_제과_박서연,1641,13,9824.0,0
2026-10-01,[제과_초코퐁당] 26.09_초코퐁당출시_수동_전환_image_전체타겟,(0922) 살안찌는 초콜릿형_초코퐁당출시 (KR1) (서연님),[26.09]F_I_PN초_전환_초코퐁당출시_제품강조형_KR1_.릴스_양적.박스째먹어도.__권미정_260922_제과_박서연,37,0,675.0,0
2026-10-01,[제과_초코퐁당] 26.09_초코퐁당출시_수동_전환_image_전체타겟,(0922) 살안찌는 초콜릿형_초코퐁당출시 (KR1) (서연님),[26.09]F_I_PN초_전환_초코퐁당출시_제품강조형_KR1_.릴스_질적.군것질대장.__권미정_260922_제과_박서연,585,10,10075.0,0
2026-10-01,[제과_초코퐁당] 26.09_초코퐁당출시_수동_전환_image_전체타겟,(0922) 살안찌는 초콜릿형_초코퐁당출시 (KR1) (서연님),[26.09]F_I_PN초_전환_초코퐁당출시_제품강조형_KR1_.릴스_질적.다이어트고인물.__권미정_260922_제과_박서연,42,0,470.0,0
2026-10-01,[제과_초코퐁당] 26.09_초코퐁당출시_수동_전환_image_전체타겟,(0922) 살안찌는 초콜릿형_초코퐁당출시 (KR1) (서연님),[26.09]F_I_PN초_전환_초코퐁당출시_제품강조형_KR1_.릴스_양적.와구와구.__권미정_260922_제과_박서연,482,4,8731.0,0
2026-10-01,[제과_초코퐁당] 26.09_초코퐁당출시_수동_전환_image_전체타겟,(0922) 살안찌는 초콜릿형_초코퐁당출시 (KR1) (서연님),[26.09]F_I_PN초_전환_초코퐁당출시_제품강조형_KR1_.릴스_질적.완벽한입터짐구원템.__권미정_260922_제과_박서연,418,4,7592.0,2
2026-10-01,[제과_초코퐁당] 26.09_초코퐁당출시_수동_전환_image_전체타겟,(0922) 살안찌는 초콜릿형_초코퐁당출시 (KR1) (서연님),[26.09]F_I_PN초_전환_초코퐁당출시_제품강조형_KR1_.릴스_씹자마자대폭발.__권미정_260923_제과_박서연,341,2,4706.0,0
2026-10-01,[제과_초코퐁당] 26.09_초코퐁당출시_수동_전환_image_전체타겟,(0922) 살안찌는 초콜릿형_초코퐁당출시 (KR1) (서연님),[26.09]F_I_PN초_전환_초코퐁당출시_제품강조형_KR1_.릴스_인위적인맛1도없는.__권미정_260923_제과_박서연,53,0,899.0,0
2026-10-01,[제과_초코퐁당] 26.09_초코퐁당출시_수동_전환_image_전체타겟,(0922) 살안찌는 초콜릿형_초코퐁당출시 (KR1) (서연님),[26.09]F_I_PN초_전환_초코퐁당출시_제품강조형_KR1_.릴스_꽉찬포코그자체.__권미정_260923_제과_박서연,87,2,1575.0,0
2026-10-02,[제과_저당웨하스미니스] 26.10_바닐라웨하스출시_수동_전환_video_전체타겟,전화네고형_초코 (26.10 재라이브),[25.12]F_V_WF초_전환_웨하스출시_네고형_전화네고_var5.릴스_연하남네고._2512KR0_문선정_251226_1T_이미진,111,3,3867.0,0
2026-10-02,(마스터ASC)[제과_블트하] 26.07_블트깡출시_ASC_전환_video,(마스터ASC)[제과_블트하] 26.07_블트깡출시_ASC_전환_video,[26.08]F_V_BT깡_전환_블트깡출시_네고형_지인네고형.김그릇BP_var4.릴스_가성비.X_1P_김소희_260807_제과_강경연,294,15,14354.0,1
2026-10-02,(마스터ASC)[제과_블트하] 26.07_블트깡출시_ASC_전환_video,(마스터ASC)[제과_블트하] 26.07_블트깡출시_ASC_전환_video,[26.08]F_V_BT깡_전환_블트깡출시_라이브커머스형_라이브커머스형.KR1_main.릴스_찐템강조.메인.슬기.X_1P_김소희_260811_제과_피재은,133,4,2828.0,0
2026-10-02,(마스터ASC)[제과_블트하] 26.07_블트깡출시_ASC_전환_video,(마스터ASC)[제과_블트하] 26.07_블트깡출시_ASC_전환_video,[26.08]F_V_BT깡_전환_블트깡출시_쩜오건_시즈닝강조.이국주.KR1_var3.릴스_블트깡.트러플.슬기.X_1P__260820_제과_문형민,53,1,643.0,0
2026-10-02,[제과_초코퐁당] 26.09_초코퐁당출시_수동_전환_image_전체타겟,(0909) 로이스가성비형_초코퐁당출시 (KR2) (미정님),[26.09]F_I_PN초_전환_초코퐁당출시_매거진형_KR2_.배너_이니5.규모감맛표현.__권미정_260909_제과_마팀,11332,73,74282.0,5
2026-10-02,[제과_초코퐁당] 26.09_초코퐁당출시_수동_전환_image_전체타겟,(0922) 살안찌는 초콜릿형_초코퐁당출시 (KR1) (서연님),[26.09]F_I_PN초_전환_초코퐁당출시_제품강조형_KR1_.릴스_양적.5봉지vs.__권미정_260922_제과_박서연,8060,70,94750.0,7
2026-10-02,[제과_초코퐁당] 26.09_초코퐁당출시_수동_전환_image_전체타겟,(0922) 살안찌는 초콜릿형_초코퐁당출시 (KR1) (서연님),[26.09]F_I_PN초_전환_초코퐁당출시_제품강조형_KR1_.릴스_양적.박스째먹어도.__권미정_260922_제과_박서연,638,4,9586.0,0
2026-10-02,[제과_초코퐁당] 26.09_초코퐁당출시_수동_전환_image_전체타겟,(0922) 살안찌는 초콜릿형_초코퐁당출시 (KR1) (서연님),[26.09]F_I_PN초_전환_초코퐁당출시_제품강조형_KR1_.릴스_질적.다이어트고인물.__권미정_260922_제과_박서연,87,0,1329.0,0
2026-10-02,[제과_초코퐁당] 26.09_초코퐁당출시_수동_전환_image_전체타겟,(0922) 살안찌는 초콜릿형_초코퐁당출시 (KR1) (서연님),[26.09]F_I_PN초_전환_초코퐁당출시_제품강조형_KR1_.릴스_질적.마음자로.__권미정_260922_제과_박서연,2178,18,27519.0,1
2026-10-02,[제과_초코퐁당] 26.09_초코퐁당출시_수동_전환_image_전체타겟,(0922) 살안찌는 초콜릿형_초코퐁당출시 (KR1) (서연님),[26.09]F_I_PN초_전환_초코퐁당출시_제품강조형_KR1_.릴스_질적.완벽한입터짐구원템.__권미정_260922_제과_박서연,256,5,4971.0,0
2026-10-02,[제과_초코퐁당] 26.09_초코퐁당출시_수동_전환_image_전체타겟,(0922) 살안찌는 초콜릿형_초코퐁당출시 (KR1) (서연님),[26.09]F_I_PN초_전환_초코퐁당출시_제품강조형_KR1_.릴스_씹자마자대폭발.__권미정_260923_제과_박서연,407,6,4179.0,0
2026-10-02,[제과_초코퐁당] 26.09_초코퐁당출시_수동_전환_image_전체타겟,(0922) 살안찌는 초콜릿형_초코퐁당출시 (KR1) (서연님),[26.09]F_I_PN초_전환_초코퐁당출시_제품강조형_KR1_.릴스_인위적인맛1도없는.__권미정_260923_제과_박서연,57,0,899.0,0
2026-10-02,[제과_초코퐁당] 26.09_초코퐁당출시_수동_전환_image_전체타겟,(0922) 살안찌는 초콜릿형_초코퐁당출시 (KR1) (서연님),[26.09]F_I_PN초_전환_초코퐁당출시_제품강조형_KR1_.릴스_꽉찬포코그자체.__권미정_260923_제과_박서연,32,2,546.0,0
2026-10-02,[제과_초코퐁당] 26.09_초코퐁당출시_수동_전환_image_전체타겟,(0922) 살안찌는 초콜릿형_초코퐁당출시 (KR1) (서연님),[26.09]F_I_PN초_전환_초코퐁당출시_제품강조형_KR1_.릴스_꾸덕한초코폭포.__권미정_260923_제과_박서연,245,1,3869.0,0
2026-10-02,[제과_초코퐁당] 26.09_초코퐁당출시_수동_전환_image_전체타겟,(0922) 살안찌는 초콜릿형_초코퐁당출시 (KR1) (서연님),[26.09]F_I_PN초_전환_초코퐁당출시_제품강조형_KR1_.릴스_다이어트초코가이렇게.__권미정_260923_제과_박서연,296,2,4961.0,1
2026-10-03,[제과_저당웨하스미니스] 26.10_바닐라웨하스출시_수동_전환_video_전체타겟,전화네고형_초코 (26.10 재라이브),[25.12]F_V_WF초_전환_웨하스출시_네고형_전화네고_var5.릴스_연하남네고._2512KR0_문선정_251226_1T_이미진,50,1,2290.0,0
2026-10-03,(마스터ASC)[제과_블트하] 26.07_블트깡출시_ASC_전환_video,(마스터ASC)[제과_블트하] 26.07_블트깡출시_ASC_전환_video,[26.08]F_V_BT깡_전환_블트깡출시_네고형_지인네고형.김그릇BP_var4.릴스_가성비.X_1P_김소희_260807_제과_강경연,606,18,27126.0,0
2026-10-03,(마스터ASC)[제과_블트하] 26.07_블트깡출시_ASC_전환_video,(마스터ASC)[제과_블트하] 26.07_블트깡출시_ASC_전환_video,[26.08]F_V_BT깡_전환_블트깡출시_라이브커머스형_라이브커머스형.KR1_main.릴스_찐템강조.메인.슬기.X_1P_김소희_260811_제과_피재은,345,7,7271.0,0
2026-10-03,(마스터ASC)[제과_블트하] 26.07_블트깡출시_ASC_전환_video,(마스터ASC)[제과_블트하] 26.07_블트깡출시_ASC_전환_video,[26.08]F_V_BT깡_전환_블트깡출시_쩜오건_시즈닝강조.이국주.KR1_var3.릴스_블트깡.트러플.슬기.X_1P__260820_제과_문형민,253,3,3720.0,0
2026-10-03,[제과_초코퐁당] 26.09_초코퐁당출시_수동_전환_image_전체타겟,(0922) 살안찌는 초콜릿형_초코퐁당출시 (KR1) (서연님),[26.09]F_I_PN초_전환_초코퐁당출시_제품강조형_KR1_.릴스_양적.5봉지vs.__권미정_260922_제과_박서연,3636,40,50595.0,5
2026-10-03,[제과_초코퐁당] 26.09_초코퐁당출시_수동_전환_image_전체타겟,(0922) 살안찌는 초콜릿형_초코퐁당출시 (KR1) (서연님),[26.09]F_I_PN초_전환_초코퐁당출시_제품강조형_KR1_.릴스_양적.박스째먹어도.__권미정_260922_제과_박서연,730,9,11314.0,1
2026-10-03,[제과_초코퐁당] 26.09_초코퐁당출시_수동_전환_image_전체타겟,(0922) 살안찌는 초콜릿형_초코퐁당출시 (KR1) (서연님),[26.09]F_I_PN초_전환_초코퐁당출시_제품강조형_KR1_.릴스_질적.다이어트고인물.__권미정_260922_제과_박서연,157,0,3196.0,0
2026-10-03,[제과_초코퐁당] 26.09_초코퐁당출시_수동_전환_image_전체타겟,(0922) 살안찌는 초콜릿형_초코퐁당출시 (KR1) (서연님),[26.09]F_I_PN초_전환_초코퐁당출시_제품강조형_KR1_.릴스_질적.완벽한입터짐구원템.__권미정_260922_제과_박서연,204,3,4692.0,1
2026-10-03,[제과_초코퐁당] 26.09_초코퐁당출시_수동_전환_image_전체타겟,(0922) 살안찌는 초콜릿형_초코퐁당출시 (KR1) (서연님),[26.09]F_I_PN초_전환_초코퐁당출시_제품강조형_KR1_.릴스_씹자마자대폭발.__권미정_260923_제과_박서연,345,4,4002.0,0
2026-10-03,[제과_초코퐁당] 26.09_초코퐁당출시_수동_전환_image_전체타겟,(0922) 살안찌는 초콜릿형_초코퐁당출시 (KR1) (서연님),[26.09]F_I_PN초_전환_초코퐁당출시_제품강조형_KR1_.릴스_인위적인맛1도없는.__권미정_260923_제과_박서연,15,0,259.0,0
2026-10-03,[제과_초코퐁당] 26.09_초코퐁당출시_수동_전환_image_전체타겟,(0922) 살안찌는 초콜릿형_초코퐁당출시 (KR1) (서연님),[26.09]F_I_PN초_전환_초코퐁당출시_제품강조형_KR1_.릴스_꽉찬포코그자체.__권미정_260923_제과_박서연,27,1,346.0,0
2026-10-03,[제과_초코퐁당] 26.09_초코퐁당출시_수동_전환_image_전체타겟,(0922) 살안찌는 초콜릿형_초코퐁당출시 (KR1) (서연님),[26.09]F_I_PN초_전환_초코퐁당출시_제품강조형_KR1_.릴스_꾸덕한초코폭포.__권미정_260923_제과_박서연,133,1,2413.0,0
2026-10-03,[제과_초코퐁당] 26.09_초코퐁당출시_수동_전환_image_전체타겟,(0922) 살안찌는 초콜릿형_초코퐁당출시 (KR1) (서연님),[26.09]F_I_PN초_전환_초코퐁당출시_제품강조형_KR1_.릴스_다이어트초코가이렇게.__권미정_260923_제과_박서연,218,1,4272.0,0
2026-10-04,(마스터ASC)[제과_블트하] 26.07_블트깡출시_ASC_전환_video,(마스터ASC)[제과_블트하] 26.07_블트깡출시_ASC_전환_video,[26.08]F_V_BT깡_전환_블트깡출시_라이브커머스형_라이브커머스형.KR1_main.릴스_찐템강조.메인.슬기.X_1P_김소희_260811_제과_피재은,261,2,6273.0,0
2026-10-04,(마스터ASC)[제과_블트하] 26.07_블트깡출시_ASC_전환_video,(마스터ASC)[제과_블트하] 26.07_블트깡출시_ASC_전환_video,[26.08]F_V_BT깡_전환_블트깡출시_쩜오건_시즈닝강조.이국주.KR1_var3.릴스_블트깡.트러플.슬기.X_1P__260820_제과_문형민,41,0,430.0,0
2026-10-04,[제과_초코퐁당] 26.09_초코퐁당출시_수동_전환_image_전체타겟,(0922) 살안찌는 초콜릿형_초코퐁당출시 (KR1) (서연님),[26.09]F_I_PN초_전환_초코퐁당출시_제품강조형_KR1_.릴스_양적.5봉지vs.__권미정_260922_제과_박서연,12087,124,168694.0,14
2026-10-04,[제과_초코퐁당] 26.09_초코퐁당출시_수동_전환_image_전체타겟,(0922) 살안찌는 초콜릿형_초코퐁당출시 (KR1) (서연님),[26.09]F_I_PN초_전환_초코퐁당출시_제품강조형_KR1_.릴스_양적.박스째먹어도.__권미정_260922_제과_박서연,409,4,5799.0,0
2026-10-04,[제과_초코퐁당] 26.09_초코퐁당출시_수동_전환_image_전체타겟,(0922) 살안찌는 초콜릿형_초코퐁당출시 (KR1) (서연님),[26.09]F_I_PN초_전환_초코퐁당출시_제품강조형_KR1_.릴스_질적.다이어트고인물.__권미정_260922_제과_박서연,119,1,1969.0,1
2026-10-04,[제과_초코퐁당] 26.09_초코퐁당출시_수동_전환_image_전체타겟,(0922) 살안찌는 초콜릿형_초코퐁당출시 (KR1) (서연님),[26.09]F_I_PN초_전환_초코퐁당출시_제품강조형_KR1_.릴스_질적.완벽한입터짐구원템.__권미정_260922_제과_박서연,176,3,3589.0,0
2026-10-04,[제과_초코퐁당] 26.09_초코퐁당출시_수동_전환_image_전체타겟,(0922) 살안찌는 초콜릿형_초코퐁당출시 (KR1) (서연님),[26.09]F_I_PN초_전환_초코퐁당출시_제품강조형_KR1_.릴스_씹자마자대폭발.__권미정_260923_제과_박서연,486,5,6592.0,0
2026-10-04,[제과_초코퐁당] 26.09_초코퐁당출시_수동_전환_image_전체타겟,(0922) 살안찌는 초콜릿형_초코퐁당출시 (KR1) (서연님),[26.09]F_I_PN초_전환_초코퐁당출시_제품강조형_KR1_.릴스_인위적인맛1도없는.__권미정_260923_제과_박서연,34,0,446.0,0
2026-10-04,[제과_초코퐁당] 26.09_초코퐁당출시_수동_전환_image_전체타겟,(0922) 살안찌는 초콜릿형_초코퐁당출시 (KR1) (서연님),[26.09]F_I_PN초_전환_초코퐁당출시_제품강조형_KR1_.릴스_꽉찬포코그자체.__권미정_260923_제과_박서연,35,0,363.0,0
2026-10-04,[제과_초코퐁당] 26.09_초코퐁당출시_수동_전환_image_전체타겟,(0922) 살안찌는 초콜릿형_초코퐁당출시 (KR1) (서연님),[26.09]F_I_PN초_전환_초코퐁당출시_제품강조형_KR1_.릴스_꾸덕한초코폭포.__권미정_260923_제과_박서연,71,0,1749.0,0
2026-10-04,[제과_초코퐁당] 26.09_초코퐁당출시_수동_전환_image_전체타겟,(0922) 살안찌는 초콜릿형_초코퐁당출시 (KR1) (서연님),[26.09]F_I_PN초_전환_초코퐁당출시_제품강조형_KR1_.릴스_다이어트초코가이렇게.__권미정_260923_제과_박서연,194,1,3622.0,0
2026-10-05,(마스터ASC)[제과_블트하] 26.07_블트깡출시_ASC_전환_video,(마스터ASC)[제과_블트하] 26.07_블트깡출시_ASC_전환_video,[26.08]F_V_BT깡_전환_블트깡출시_라이브커머스형_라이브커머스형.KR1_main.릴스_찐템강조.메인.슬기.X_1P_김소희_260811_제과_피재은,45,3,1855.0,0
2026-10-05,(마스터ASC)[제과_블트하] 26.07_블트깡출시_ASC_전환_video,(마스터ASC)[제과_블트하] 26.07_블트깡출시_ASC_전환_video,[26.08]F_V_BT깡_전환_블트깡출시_쩜오건_시즈닝강조.이국주.KR1_var3.릴스_블트깡.트러플.슬기.X_1P__260820_제과_문형민,5,0,83.0,0
2026-10-05,[제과_초코퐁당] 26.09_초코퐁당출시_수동_전환_image_전체타겟,(0922) 살안찌는 초콜릿형_초코퐁당출시 (KR1) (서연님),[26.09]F_I_PN초_전환_초코퐁당출시_제품강조형_KR1_.릴스_양적.5봉지vs.__권미정_260922_제과_박서연,2321,26,29584.0,2
2026-10-05,[제과_초코퐁당] 26.09_초코퐁당출시_수동_전환_image_전체타겟,(0922) 살안찌는 초콜릿형_초코퐁당출시 (KR1) (서연님),[26.09]F_I_PN초_전환_초코퐁당출시_제품강조형_KR1_.릴스_질적.다이어트고인물.__권미정_260922_제과_박서연,603,3,9711.0,0
2026-10-05,[제과_초코퐁당] 26.09_초코퐁당출시_수동_전환_image_전체타겟,(0922) 살안찌는 초콜릿형_초코퐁당출시 (KR1) (서연님),[26.09]F_I_PN초_전환_초코퐁당출시_제품강조형_KR1_.릴스_질적.완벽한입터짐구원템.__권미정_260922_제과_박서연,307,4,5280.0,1
2026-10-05,[제과_초코퐁당] 26.09_초코퐁당출시_수동_전환_image_전체타겟,(0922) 살안찌는 초콜릿형_초코퐁당출시 (KR1) (서연님),[26.09]F_I_PN초_전환_초코퐁당출시_제품강조형_KR1_.릴스_인위적인맛1도없는.__권미정_260923_제과_박서연,95,1,1270.0,0
2026-10-05,[제과_초코퐁당] 26.09_초코퐁당출시_수동_전환_image_전체타겟,(0922) 살안찌는 초콜릿형_초코퐁당출시 (KR1) (서연님),[26.09]F_I_PN초_전환_초코퐁당출시_제품강조형_KR1_.릴스_꽉찬포코그자체.__권미정_260923_제과_박서연,61,1,831.0,0
2026-10-05,[제과_초코퐁당] 26.09_초코퐁당출시_수동_전환_image_전체타겟,(0922) 살안찌는 초콜릿형_초코퐁당출시 (KR1) (서연님),[26.09]F_I_PN초_전환_초코퐁당출시_제품강조형_KR1_.릴스_꾸덕한초코폭포.__권미정_260923_제과_박서연,175,3,4137.0,0
2026-10-05,[제과_초코퐁당] 26.09_초코퐁당출시_수동_전환_image_전체타겟,(0922) 살안찌는 초콜릿형_초코퐁당출시 (KR1) (서연님),[26.09]F_I_PN초_전환_초코퐁당출시_제품강조형_KR1_.릴스_다이어트초코가이렇게.__권미정_260923_제과_박서연,893,11,13769.0,1
2026-10-01,[제과_저당웨하스미니스] 26.10_바닐라웨하스출시_수동_전환_video_전체타겟,전화네고형_초코 (26.10 재라이브),[25.12]F_V_WF초_전환_웨하스출시_네고형_전화네고_var1.릴스_당강조._2512KR0_문선정_251226_1T_이미진,666,7,17299.0,0
2026-10-01,(마스터ASC)[제과_블트하] 26.07_블트깡출시_ASC_전환_video,(마스터ASC)[제과_블트하] 26.07_블트깡출시_ASC_전환_video,[26.08]F_V_BT혼_전환_블트칩출시_신규BP_젤리백BP.이국주.KR1_var4.릴스_이국주+조합.X_2P_최나영_260814_제과_이봄1,67,1,1567.0,0
2026-10-01,(마스터ASC)[제과_블트하] 26.07_블트깡출시_ASC_전환_video,(마스터ASC)[제과_블트하] 26.07_블트깡출시_ASC_전환_video,[26.08]F_V_BT깡_전환_블트깡출시_쩜오건_시즈닝강조.이국주.KR1_var2.릴스_블트깡.반전.슬기.X_1P__260820_제과_문형민,42,1,547.0,0
2026-10-02,[제과_저당웨하스미니스] 26.10_바닐라웨하스출시_수동_전환_video_전체타겟,전화네고형_초코 (26.10 재라이브),[25.12]F_V_WF초_전환_웨하스출시_네고형_전화네고_var1.릴스_당강조._2512KR0_문선정_251226_1T_이미진,131,5,3265.0,2
2026-10-02,(마스터ASC)[제과_블트하] 26.07_블트깡출시_ASC_전환_video,(마스터ASC)[제과_블트하] 26.07_블트깡출시_ASC_전환_video,[26.08]F_V_BT혼_전환_블트칩출시_신규BP_젤리백BP.이국주.KR1_var4.릴스_이국주+조합.X_2P_최나영_260814_제과_이봄1,7,0,234.0,0
2026-10-02,(마스터ASC)[제과_블트하] 26.07_블트깡출시_ASC_전환_video,(마스터ASC)[제과_블트하] 26.07_블트깡출시_ASC_전환_video,[26.08]F_V_BT깡_전환_블트깡출시_쩜오건_시즈닝강조.이국주.KR1_var2.릴스_블트깡.반전.슬기.X_1P__260820_제과_문형민,12,0,373.0,0
2026-10-02,(마스터ASC)[제과_스노우콘] 26.10_스노우콘출시_ASC_전환_video_전체타겟,(마스터ASC)[제과_스노우콘] 26.10_스노우콘출시_ASC_전환_video_전체타겟,[26.10]F_V_SN치_전환_스노우콘출시_맛인지형_오늘뭐먹지BP.KR1_var1.릴스_사또밥.X_2P_김소희_261002_제과_이봄1,322,1,5667.0,0
2026-10-02,(마스터ASC)[제과_스노우콘] 26.10_스노우콘출시_ASC_전환_video_전체타겟,(마스터ASC)[제과_스노우콘] 26.10_스노우콘출시_ASC_전환_video_전체타겟,[26.10]F_V_SN치_전환_스노우콘출시_맛인지형_오늘뭐먹지BP.KR1_var2.릴스_단짠맛.X_2P_김소희_261002_제과_이봄1,236,2,2947.0,0
2026-10-02,(마스터ASC)[제과_스노우콘] 26.10_스노우콘출시_ASC_전환_video_전체타겟,(마스터ASC)[제과_스노우콘] 26.10_스노우콘출시_ASC_전환_video_전체타겟,[26.10]F_V_SN치_전환_스노우콘출시_맛인지형_오늘뭐먹지BP.KR1_main.릴스_한정판.X_2P_김소희_261002_제과_이봄1,158,1,3560.0,0
2026-10-02,(마스터ASC)[제과_스노우콘] 26.10_스노우콘출시_ASC_전환_video_전체타겟,(마스터ASC)[제과_스노우콘] 26.10_스노우콘출시_ASC_전환_video_전체타겟,[26.10]F_V_SN치_전환_스노우콘출시_맛인지형_오늘뭐먹지BP.KR1_var5.릴스_인간사료.X_2P_김소희_261002_제과_이봄1,35,0,275.0,0
2026-10-02,(마스터ASC)[제과_스노우콘] 26.10_스노우콘출시_ASC_전환_video_전체타겟,(마스터ASC)[제과_스노우콘] 26.10_스노우콘출시_ASC_전환_video_전체타겟,[26.10]F_V_SN치_전환_스노우콘출시_맛인지형_오늘뭐먹지BP.KR1_var3.릴스_취식.아이스크림.X_2P_김소희_261002_제과_이봄1,113,1,1557.0,0
2026-10-02,(마스터ASC)[제과_스노우콘] 26.10_스노우콘출시_ASC_전환_video_전체타겟,(마스터ASC)[제과_스노우콘] 26.10_스노우콘출시_ASC_전환_video_전체타겟,[26.10]F_V_SN치_전환_스노우콘출시_맛인지형_오늘뭐먹지BP.KR1_var4.릴스_취식.제품.X_2P_김소희_261002_제과_이봄1,781,16,13603.0,1
2026-10-02,(마스터ASC)[제과_스노우콘] 26.10_스노우콘출시_ASC_전환_video_전체타겟,(마스터ASC)[제과_스노우콘] 26.10_스노우콘출시_ASC_전환_video_전체타겟,[26.10]F_V_SN치_전환_스노우콘출시_맛인지형_오늘뭐먹지BP.KR1_var6.릴스_치즈볼1.X_2P_김소희_261002_제과_이봄1,432,6,10903.0,2
2026-10-02,(마스터ASC)[제과_스노우콘] 26.10_스노우콘출시_ASC_전환_video_전체타겟,(마스터ASC)[제과_스노우콘] 26.10_스노우콘출시_ASC_전환_video_전체타겟,[26.10]F_V_SN치_전환_스노우콘출시_맛인지형_오늘뭐먹지BP.KR1_var7.릴스_치즈볼2.X_2P_김소희_261002_제과_이봄1,170,4,2343.0,0
2026-10-03,[제과_저당웨하스미니스] 26.10_바닐라웨하스출시_수동_전환_video_전체타겟,전화네고형_초코 (26.10 재라이브),[25.12]F_V_WF초_전환_웨하스출시_네고형_전화네고_var1.릴스_당강조._2512KR0_문선정_251226_1T_이미진,107,2,2971.0,0
2026-10-03,(마스터ASC)[제과_블트하] 26.07_블트깡출시_ASC_전환_video,(마스터ASC)[제과_블트하] 26.07_블트깡출시_ASC_전환_video,[26.08]F_V_BT혼_전환_블트칩출시_신규BP_젤리백BP.이국주.KR1_var1.릴스_본론.이국주만.X_2P_최나영_260814_제과_이봄1,13,0,134.0,0
2026-10-03,(마스터ASC)[제과_블트하] 26.07_블트깡출시_ASC_전환_video,(마스터ASC)[제과_블트하] 26.07_블트깡출시_ASC_전환_video,[26.08]F_V_BT혼_전환_블트칩출시_신규BP_젤리백BP.이국주.KR1_var4.릴스_이국주+조합.X_2P_최나영_260814_제과_이봄1,19,0,274.0,0
2026-10-03,(마스터ASC)[제과_블트하] 26.07_블트깡출시_ASC_전환_video,(마스터ASC)[제과_블트하] 26.07_블트깡출시_ASC_전환_video,[26.08]F_V_BT깡_전환_블트깡출시_쩜오건_시즈닝강조.이국주.KR1_var2.릴스_블트깡.반전.슬기.X_1P__260820_제과_문형민,253,2,4485.0,0
2026-10-03,(마스터ASC)[제과_블트하] 26.07_블트깡출시_ASC_전환_video,(마스터ASC)[제과_블트하] 26.07_블트깡출시_ASC_전환_video,[26.09]F_V_BT칩_전환_블트깡출시_기타_배너.메시지검증_var3.배너_가격.2안.X_2P__260901_제과_최재원,4,0,34.0,0
2026-10-03,(마스터ASC)[제과_스노우콘] 26.10_스노우콘출시_ASC_전환_video_전체타겟,(마스터ASC)[제과_스노우콘] 26.10_스노우콘출시_ASC_전환_video_전체타겟,[26.10]F_V_SN치_전환_스노우콘출시_맛인지형_오늘뭐먹지BP.KR1_var1.릴스_사또밥.X_2P_김소희_261002_제과_이봄1,1064,11,12337.0,1
2026-10-03,(마스터ASC)[제과_스노우콘] 26.10_스노우콘출시_ASC_전환_video_전체타겟,(마스터ASC)[제과_스노우콘] 26.10_스노우콘출시_ASC_전환_video_전체타겟,[26.10]F_V_SN치_전환_스노우콘출시_맛인지형_오늘뭐먹지BP.KR1_var2.릴스_단짠맛.X_2P_김소희_261002_제과_이봄1,474,5,5084.0,1
2026-10-03,(마스터ASC)[제과_스노우콘] 26.10_스노우콘출시_ASC_전환_video_전체타겟,(마스터ASC)[제과_스노우콘] 26.10_스노우콘출시_ASC_전환_video_전체타겟,[26.10]F_V_SN치_전환_스노우콘출시_맛인지형_오늘뭐먹지BP.KR1_main.릴스_한정판.X_2P_김소희_261002_제과_이봄1,220,3,3855.0,0
2026-10-03,(마스터ASC)[제과_스노우콘] 26.10_스노우콘출시_ASC_전환_video_전체타겟,(마스터ASC)[제과_스노우콘] 26.10_스노우콘출시_ASC_전환_video_전체타겟,[26.10]F_V_SN치_전환_스노우콘출시_맛인지형_오늘뭐먹지BP.KR1_var5.릴스_인간사료.X_2P_김소희_261002_제과_이봄1,3263,39,38360.0,5
2026-10-03,(마스터ASC)[제과_스노우콘] 26.10_스노우콘출시_ASC_전환_video_전체타겟,(마스터ASC)[제과_스노우콘] 26.10_스노우콘출시_ASC_전환_video_전체타겟,[26.10]F_V_SN치_전환_스노우콘출시_맛인지형_오늘뭐먹지BP.KR1_var3.릴스_취식.아이스크림.X_2P_김소희_261002_제과_이봄1,2383,25,28776.0,2
2026-10-03,(마스터ASC)[제과_스노우콘] 26.10_스노우콘출시_ASC_전환_video_전체타겟,(마스터ASC)[제과_스노우콘] 26.10_스노우콘출시_ASC_전환_video_전체타겟,[26.10]F_V_SN치_전환_스노우콘출시_맛인지형_오늘뭐먹지BP.KR1_var4.릴스_취식.제품.X_2P_김소희_261002_제과_이봄1,1114,8,15842.0,0
2026-10-03,(마스터ASC)[제과_스노우콘] 26.10_스노우콘출시_ASC_전환_video_전체타겟,(마스터ASC)[제과_스노우콘] 26.10_스노우콘출시_ASC_전환_video_전체타겟,[26.10]F_V_SN치_전환_스노우콘출시_맛인지형_오늘뭐먹지BP.KR1_var6.릴스_치즈볼1.X_2P_김소희_261002_제과_이봄1,1635,19,25024.0,2
2026-10-03,(마스터ASC)[제과_스노우콘] 26.10_스노우콘출시_ASC_전환_video_전체타겟,(마스터ASC)[제과_스노우콘] 26.10_스노우콘출시_ASC_전환_video_전체타겟,[26.10]F_V_SN치_전환_스노우콘출시_맛인지형_오늘뭐먹지BP.KR1_var7.릴스_치즈볼2.X_2P_김소희_261002_제과_이봄1,824,6,11782.0,0
2026-10-04,(마스터ASC)[제과_블트하] 26.07_블트깡출시_ASC_전환_video,(마스터ASC)[제과_블트하] 26.07_블트깡출시_ASC_전환_video,[26.08]F_V_BT혼_전환_블트칩출시_신규BP_젤리백BP.이국주.KR1_var1.릴스_본론.이국주만.X_2P_최나영_260814_제과_이봄1,10,0,186.0,0
2026-10-04,(마스터ASC)[제과_블트하] 26.07_블트깡출시_ASC_전환_video,(마스터ASC)[제과_블트하] 26.07_블트깡출시_ASC_전환_video,[26.08]F_V_BT혼_전환_블트칩출시_신규BP_젤리백BP.이국주.KR1_var4.릴스_이국주+조합.X_2P_최나영_260814_제과_이봄1,19,0,469.0,0
2026-10-04,(마스터ASC)[제과_블트하] 26.07_블트깡출시_ASC_전환_video,(마스터ASC)[제과_블트하] 26.07_블트깡출시_ASC_전환_video,[26.08]F_V_BT깡_전환_블트깡출시_쩜오건_시즈닝강조.이국주.KR1_var2.릴스_블트깡.반전.슬기.X_1P__260820_제과_문형민,64,1,890.0,0
2026-10-04,(마스터ASC)[제과_스노우콘] 26.10_스노우콘출시_ASC_전환_video_전체타겟,(마스터ASC)[제과_스노우콘] 26.10_스노우콘출시_ASC_전환_video_전체타겟,[26.10]F_V_SN치_전환_스노우콘출시_맛인지형_오늘뭐먹지BP.KR1_var1.릴스_사또밥.X_2P_김소희_261002_제과_이봄1,953,6,12419.0,1
2026-10-04,(마스터ASC)[제과_스노우콘] 26.10_스노우콘출시_ASC_전환_video_전체타겟,(마스터ASC)[제과_스노우콘] 26.10_스노우콘출시_ASC_전환_video_전체타겟,[26.10]F_V_SN치_전환_스노우콘출시_맛인지형_오늘뭐먹지BP.KR1_var2.릴스_단짠맛.X_2P_김소희_261002_제과_이봄1,158,1,1417.0,0
2026-10-04,(마스터ASC)[제과_스노우콘] 26.10_스노우콘출시_ASC_전환_video_전체타겟,(마스터ASC)[제과_스노우콘] 26.10_스노우콘출시_ASC_전환_video_전체타겟,[26.10]F_V_SN치_전환_스노우콘출시_맛인지형_오늘뭐먹지BP.KR1_main.릴스_한정판.X_2P_김소희_261002_제과_이봄1,182,0,2714.0,1
2026-10-04,(마스터ASC)[제과_스노우콘] 26.10_스노우콘출시_ASC_전환_video_전체타겟,(마스터ASC)[제과_스노우콘] 26.10_스노우콘출시_ASC_전환_video_전체타겟,[26.10]F_V_SN치_전환_스노우콘출시_맛인지형_오늘뭐먹지BP.KR1_var5.릴스_인간사료.X_2P_김소희_261002_제과_이봄1,7706,90,108891.0,9
2026-10-04,(마스터ASC)[제과_스노우콘] 26.10_스노우콘출시_ASC_전환_video_전체타겟,(마스터ASC)[제과_스노우콘] 26.10_스노우콘출시_ASC_전환_video_전체타겟,[26.10]F_V_SN치_전환_스노우콘출시_맛인지형_오늘뭐먹지BP.KR1_var3.릴스_취식.아이스크림.X_2P_김소희_261002_제과_이봄1,1230,5,16347.0,0
2026-10-04,(마스터ASC)[제과_스노우콘] 26.10_스노우콘출시_ASC_전환_video_전체타겟,(마스터ASC)[제과_스노우콘] 26.10_스노우콘출시_ASC_전환_video_전체타겟,[26.10]F_V_SN치_전환_스노우콘출시_맛인지형_오늘뭐먹지BP.KR1_var6.릴스_치즈볼1.X_2P_김소희_261002_제과_이봄1,738,10,11745.0,0
2026-10-04,(마스터ASC)[제과_스노우콘] 26.10_스노우콘출시_ASC_전환_video_전체타겟,(마스터ASC)[제과_스노우콘] 26.10_스노우콘출시_ASC_전환_video_전체타겟,[26.10]F_V_SN치_전환_스노우콘출시_맛인지형_오늘뭐먹지BP.KR1_var7.릴스_치즈볼2.X_2P_김소희_261002_제과_이봄1,1028,6,14607.0,1
2026-10-05,(마스터ASC)[제과_블트하] 26.07_블트깡출시_ASC_전환_video,(마스터ASC)[제과_블트하] 26.07_블트깡출시_ASC_전환_video,[26.08]F_V_BT혼_전환_블트칩출시_신규BP_젤리백BP.이국주.KR1_var4.릴스_이국주+조합.X_2P_최나영_260814_제과_이봄1,5,1,104.0,0
2026-10-05,(마스터ASC)[제과_블트하] 26.07_블트깡출시_ASC_전환_video,(마스터ASC)[제과_블트하] 26.07_블트깡출시_ASC_전환_video,[26.08]F_V_BT깡_전환_블트깡출시_쩜오건_시즈닝강조.이국주.KR1_var2.릴스_블트깡.반전.슬기.X_1P__260820_제과_문형민,8,0,101.0,0
2026-10-05,(마스터ASC)[제과_스노우콘] 26.10_스노우콘출시_ASC_전환_video_전체타겟,(마스터ASC)[제과_스노우콘] 26.10_스노우콘출시_ASC_전환_video_전체타겟,[26.10]F_V_SN치_전환_스노우콘출시_맛인지형_오늘뭐먹지BP.KR1_var1.릴스_사또밥.X_2P_김소희_261002_제과_이봄1,1376,8,15108.0,0
2026-10-05,(마스터ASC)[제과_스노우콘] 26.10_스노우콘출시_ASC_전환_video_전체타겟,(마스터ASC)[제과_스노우콘] 26.10_스노우콘출시_ASC_전환_video_전체타겟,[26.10]F_V_SN치_전환_스노우콘출시_맛인지형_오늘뭐먹지BP.KR1_var2.릴스_단짠맛.X_2P_김소희_261002_제과_이봄1,826,3,7694.0,0
2026-10-05,(마스터ASC)[제과_스노우콘] 26.10_스노우콘출시_ASC_전환_video_전체타겟,(마스터ASC)[제과_스노우콘] 26.10_스노우콘출시_ASC_전환_video_전체타겟,[26.10]F_V_SN치_전환_스노우콘출시_맛인지형_오늘뭐먹지BP.KR1_main.릴스_한정판.X_2P_김소희_261002_제과_이봄1,551,5,6387.0,1
2026-10-05,(마스터ASC)[제과_스노우콘] 26.10_스노우콘출시_ASC_전환_video_전체타겟,(마스터ASC)[제과_스노우콘] 26.10_스노우콘출시_ASC_전환_video_전체타겟,[26.10]F_V_SN치_전환_스노우콘출시_맛인지형_오늘뭐먹지BP.KR1_var5.릴스_인간사료.X_2P_김소희_261002_제과_이봄1,27145,233,409393.0,26
2026-10-05,(마스터ASC)[제과_스노우콘] 26.10_스노우콘출시_ASC_전환_video_전체타겟,(마스터ASC)[제과_스노우콘] 26.10_스노우콘출시_ASC_전환_video_전체타겟,[26.10]F_V_SN치_전환_스노우콘출시_맛인지형_오늘뭐먹지BP.KR1_var6.릴스_치즈볼1.X_2P_김소희_261002_제과_이봄1,1389,10,20668.0,0
2026-10-05,(마스터ASC)[제과_스노우콘] 26.10_스노우콘출시_ASC_전환_video_전체타겟,(마스터ASC)[제과_스노우콘] 26.10_스노우콘출시_ASC_전환_video_전체타겟,[26.10]F_V_SN치_전환_스노우콘출시_맛인지형_오늘뭐먹지BP.KR1_var7.릴스_치즈볼2.X_2P_김소희_261002_제과_이봄1,847,5,12597.0,1
2026-10-01,(마스터ASC)[제과_블트하] 26.07_블트깡출시_ASC_전환_video,(마스터ASC)[제과_블트하] 26.07_블트깡출시_ASC_전환_video,[26.08]F_V_BT칩_전환_블트칩출시_제조과정형_제조과정형.이국주.KR2_var3.릴스_카테고리.X_1P__260821_제과_피재은,1790,13,17984.0,1
2026-10-02,(마스터ASC)[제과_블트하] 26.07_블트깡출시_ASC_전환_video,(마스터ASC)[제과_블트하] 26.07_블트깡출시_ASC_전환_video,[26.09]F_V_BT칩_전환_블트깡출시_기타_배너.메시지검증_var4.배너_범용성.1안.X_2P__260901_제과_최재원,1,1,21.0,0
2026-10-03,(마스터ASC)[제과_블트하] 26.07_블트깡출시_ASC_전환_video,(마스터ASC)[제과_블트하] 26.07_블트깡출시_ASC_전환_video,[26.09]F_V_BT칩_전환_블트깡출시_기타_배너.메시지검증_var4.배너_범용성.1안.X_2P__260901_제과_최재원,11,0,151.0,0
2026-10-04,(마스터ASC)[제과_블트하] 26.07_블트깡출시_ASC_전환_video,(마스터ASC)[제과_블트하] 26.07_블트깡출시_ASC_전환_video,[26.09]F_V_BT칩_전환_블트깡출시_기타_배너.메시지검증_var4.배너_범용성.1안.X_2P__260901_제과_최재원,2,0,70.0,0
2026-10-02,[제과_스노우콘] 26.10_스노우콘출시_수동_전환_video_전체타겟,1002_먹스타_스노우콘출시 (KR1),[26.10]F_V_SN치_전환_스노우콘출시_맛인지형_오늘뭐먹지BP.KR1_var1.릴스_사또밥.X_2P_김소희_261002_제과_이봄1,481,7,9006.0,2
2026-10-02,[제과_스노우콘] 26.10_스노우콘출시_수동_전환_video_전체타겟,1002_먹스타_스노우콘출시 (KR1),[26.10]F_V_SN치_전환_스노우콘출시_맛인지형_오늘뭐먹지BP.KR1_main.릴스_한정판.X_2P_김소희_261002_제과_이봄1,88,2,1910.0,1
2026-10-02,[제과_스노우콘] 26.10_스노우콘출시_수동_전환_video_전체타겟,1002_먹스타_스노우콘출시 (KR1),[26.10]F_V_SN치_전환_스노우콘출시_맛인지형_오늘뭐먹지BP.KR1_var2.릴스_단짠맛.X_2P_김소희_261002_제과_이봄1,19,0,203.0,0
2026-10-02,[제과_스노우콘] 26.10_스노우콘출시_수동_전환_video_전체타겟,1002_먹스타_스노우콘출시 (KR1),[26.10]F_V_SN치_전환_스노우콘출시_맛인지형_오늘뭐먹지BP.KR1_var4.릴스_취식.제품.X_2P_김소희_261002_제과_이봄1,693,16,10648.0,0
2026-10-02,[제과_스노우콘] 26.10_스노우콘출시_수동_전환_video_전체타겟,1002_먹스타_스노우콘출시 (KR1),[26.10]F_V_SN치_전환_스노우콘출시_맛인지형_오늘뭐먹지BP.KR1_var3.릴스_취식.아이스크림.X_2P_김소희_261002_제과_이봄1,226,4,2735.0,0
2026-10-02,[제과_스노우콘] 26.10_스노우콘출시_수동_전환_video_전체타겟,1002_먹스타_스노우콘출시 (KR1),[26.10]F_V_SN치_전환_스노우콘출시_맛인지형_오늘뭐먹지BP.KR1_var5.릴스_인간사료.X_2P_김소희_261002_제과_이봄1,477,6,7724.0,0
2026-10-02,[제과_스노우콘] 26.10_스노우콘출시_수동_전환_video_전체타겟,1002_먹스타_스노우콘출시 (KR1),[26.10]F_V_SN치_전환_스노우콘출시_맛인지형_오늘뭐먹지BP.KR1_var6.릴스_치즈볼1.X_2P_김소희_261002_제과_이봄1,449,8,9750.0,2
2026-10-02,[제과_스노우콘] 26.10_스노우콘출시_수동_전환_video_전체타겟,1002_먹스타_스노우콘출시 (KR1),[26.10]F_V_SN치_전환_스노우콘출시_맛인지형_오늘뭐먹지BP.KR1_var7.릴스_치즈볼2.X_2P_김소희_261002_제과_이봄1,61,1,909.0,0
2026-10-03,[제과_스노우콘] 26.10_스노우콘출시_수동_전환_video_전체타겟,1002_먹스타_스노우콘출시 (KR1),[26.10]F_V_SN치_전환_스노우콘출시_맛인지형_오늘뭐먹지BP.KR1_var1.릴스_사또밥.X_2P_김소희_261002_제과_이봄1,312,1,5908.0,0
2026-10-03,[제과_스노우콘] 26.10_스노우콘출시_수동_전환_video_전체타겟,1002_먹스타_스노우콘출시 (KR1),[26.10]F_V_SN치_전환_스노우콘출시_맛인지형_오늘뭐먹지BP.KR1_main.릴스_한정판.X_2P_김소희_261002_제과_이봄1,33,0,823.0,0
2026-10-03,[제과_스노우콘] 26.10_스노우콘출시_수동_전환_video_전체타겟,1002_먹스타_스노우콘출시 (KR1),[26.10]F_V_SN치_전환_스노우콘출시_맛인지형_오늘뭐먹지BP.KR1_var2.릴스_단짠맛.X_2P_김소희_261002_제과_이봄1,69,1,1142.0,0
2026-10-03,[제과_스노우콘] 26.10_스노우콘출시_수동_전환_video_전체타겟,1002_먹스타_스노우콘출시 (KR1),[26.10]F_V_SN치_전환_스노우콘출시_맛인지형_오늘뭐먹지BP.KR1_var4.릴스_취식.제품.X_2P_김소희_261002_제과_이봄1,1385,15,16836.0,0
2026-10-03,[제과_스노우콘] 26.10_스노우콘출시_수동_전환_video_전체타겟,1002_먹스타_스노우콘출시 (KR1),[26.10]F_V_SN치_전환_스노우콘출시_맛인지형_오늘뭐먹지BP.KR1_var3.릴스_취식.아이스크림.X_2P_김소희_261002_제과_이봄1,509,7,6610.0,0
2026-10-03,[제과_스노우콘] 26.10_스노우콘출시_수동_전환_video_전체타겟,1002_먹스타_스노우콘출시 (KR1),[26.10]F_V_SN치_전환_스노우콘출시_맛인지형_오늘뭐먹지BP.KR1_var5.릴스_인간사료.X_2P_김소희_261002_제과_이봄1,700,9,11505.0,0
2026-10-03,[제과_스노우콘] 26.10_스노우콘출시_수동_전환_video_전체타겟,1002_먹스타_스노우콘출시 (KR1),[26.10]F_V_SN치_전환_스노우콘출시_맛인지형_오늘뭐먹지BP.KR1_var6.릴스_치즈볼1.X_2P_김소희_261002_제과_이봄1,390,2,8001.0,0
2026-10-03,[제과_스노우콘] 26.10_스노우콘출시_수동_전환_video_전체타겟,1002_먹스타_스노우콘출시 (KR1),[26.10]F_V_SN치_전환_스노우콘출시_맛인지형_오늘뭐먹지BP.KR1_var7.릴스_치즈볼2.X_2P_김소희_261002_제과_이봄1,398,8,6368.0,0
2026-10-04,[제과_스노우콘] 26.10_스노우콘출시_수동_전환_video_전체타겟,1002_먹스타_스노우콘출시 (KR1),[26.10]F_V_SN치_전환_스노우콘출시_맛인지형_오늘뭐먹지BP.KR1_var1.릴스_사또밥.X_2P_김소희_261002_제과_이봄1,978,6,14085.0,1
2026-10-04,[제과_스노우콘] 26.10_스노우콘출시_수동_전환_video_전체타겟,1002_먹스타_스노우콘출시 (KR1),[26.10]F_V_SN치_전환_스노우콘출시_맛인지형_오늘뭐먹지BP.KR1_main.릴스_한정판.X_2P_김소희_261002_제과_이봄1,165,2,3573.0,1
2026-10-04,[제과_스노우콘] 26.10_스노우콘출시_수동_전환_video_전체타겟,1002_먹스타_스노우콘출시 (KR1),[26.10]F_V_SN치_전환_스노우콘출시_맛인지형_오늘뭐먹지BP.KR1_var2.릴스_단짠맛.X_2P_김소희_261002_제과_이봄1,92,3,1302.0,2
2026-10-04,[제과_스노우콘] 26.10_스노우콘출시_수동_전환_video_전체타겟,1002_먹스타_스노우콘출시 (KR1),[26.10]F_V_SN치_전환_스노우콘출시_맛인지형_오늘뭐먹지BP.KR1_var4.릴스_취식.제품.X_2P_김소희_261002_제과_이봄1,7911,76,98316.0,7
2026-10-04,[제과_스노우콘] 26.10_스노우콘출시_수동_전환_video_전체타겟,1002_먹스타_스노우콘출시 (KR1),[26.10]F_V_SN치_전환_스노우콘출시_맛인지형_오늘뭐먹지BP.KR1_var3.릴스_취식.아이스크림.X_2P_김소희_261002_제과_이봄1,1016,9,12250.0,0
2026-10-04,[제과_스노우콘] 26.10_스노우콘출시_수동_전환_video_전체타겟,1002_먹스타_스노우콘출시 (KR1),[26.10]F_V_SN치_전환_스노우콘출시_맛인지형_오늘뭐먹지BP.KR1_var5.릴스_인간사료.X_2P_김소희_261002_제과_이봄1,2330,13,33693.0,2
2026-10-04,[제과_스노우콘] 26.10_스노우콘출시_수동_전환_video_전체타겟,1002_먹스타_스노우콘출시 (KR1),[26.10]F_V_SN치_전환_스노우콘출시_맛인지형_오늘뭐먹지BP.KR1_var6.릴스_치즈볼1.X_2P_김소희_261002_제과_이봄1,1216,11,18605.0,1
2026-10-04,[제과_스노우콘] 26.10_스노우콘출시_수동_전환_video_전체타겟,1002_먹스타_스노우콘출시 (KR1),[26.10]F_V_SN치_전환_스노우콘출시_맛인지형_오늘뭐먹지BP.KR1_var7.릴스_치즈볼2.X_2P_김소희_261002_제과_이봄1,826,13,15313.0,0
2026-10-05,[제과_스노우콘] 26.10_스노우콘출시_수동_전환_video_전체타겟,1002_먹스타_스노우콘출시 (KR1),[26.10]F_V_SN치_전환_스노우콘출시_맛인지형_오늘뭐먹지BP.KR1_var1.릴스_사또밥.X_2P_김소희_261002_제과_이봄1,200,1,4377.0,0
2026-10-05,[제과_스노우콘] 26.10_스노우콘출시_수동_전환_video_전체타겟,1002_먹스타_스노우콘출시 (KR1),[26.10]F_V_SN치_전환_스노우콘출시_맛인지형_오늘뭐먹지BP.KR1_main.릴스_한정판.X_2P_김소희_261002_제과_이봄1,88,2,1596.0,0
2026-10-05,[제과_스노우콘] 26.10_스노우콘출시_수동_전환_video_전체타겟,1002_먹스타_스노우콘출시 (KR1),[26.10]F_V_SN치_전환_스노우콘출시_맛인지형_오늘뭐먹지BP.KR1_var2.릴스_단짠맛.X_2P_김소희_261002_제과_이봄1,69,2,1187.0,0
2026-10-05,[제과_스노우콘] 26.10_스노우콘출시_수동_전환_video_전체타겟,1002_먹스타_스노우콘출시 (KR1),[26.10]F_V_SN치_전환_스노우콘출시_맛인지형_오늘뭐먹지BP.KR1_var4.릴스_취식.제품.X_2P_김소희_261002_제과_이봄1,1475,9,22344.0,2
2026-10-05,[제과_스노우콘] 26.10_스노우콘출시_수동_전환_video_전체타겟,1002_먹스타_스노우콘출시 (KR1),[26.10]F_V_SN치_전환_스노우콘출시_맛인지형_오늘뭐먹지BP.KR1_var5.릴스_인간사료.X_2P_김소희_261002_제과_이봄1,3157,31,56372.0,4
2026-10-05,[제과_스노우콘] 26.10_스노우콘출시_수동_전환_video_전체타겟,1002_먹스타_스노우콘출시 (KR1),[26.10]F_V_SN치_전환_스노우콘출시_맛인지형_오늘뭐먹지BP.KR1_var6.릴스_치즈볼1.X_2P_김소희_261002_제과_이봄1,562,6,9366.0,0
2026-10-01,(마스터ASC) [제과_웨하스미니스] 26.10_바닐라웨하스출시_ASC_전환_image,(마스터ASC) [제과_웨하스미니스] 26.10_바닐라웨하스출시_ASC_전환_image,[26.09]F_I_WF초_전환_웨하스출시_혜택강조형_신규고_.배너_혜택O.기존고효율.죄송합니다.블랙.___261001_제과_김수정,236,4,4591.0,0
2026-10-01,(마스터ASC) [제과_웨하스미니스] 26.10_바닐라웨하스출시_ASC_전환_image,(마스터ASC) [제과_웨하스미니스] 26.10_바닐라웨하스출시_ASC_전환_image,[26.09]F_I_WF초_전환_웨하스출시_혜택강조형_신규고_.배너_혜택O.기존고효율.사과문.이번수량까지만.___261001_제과_김수정,113,1,1228.0,0
2026-10-01,(마스터ASC) [제과_웨하스미니스] 26.10_바닐라웨하스출시_ASC_전환_image,(마스터ASC) [제과_웨하스미니스] 26.10_바닐라웨하스출시_ASC_전환_image,[26.09]F_I_WF초_전환_웨하스출시_혜택강조형_신규고_.배너_혜택O.기존고효율.한정수량만원플원.___261001_제과_김수정,420,4,5645.0,2
2026-10-01,(마스터ASC) [제과_웨하스미니스] 26.10_바닐라웨하스출시_ASC_전환_image,(마스터ASC) [제과_웨하스미니스] 26.10_바닐라웨하스출시_ASC_전환_image,[26.09]F_I_WF초_전환_웨하스출시_혜택강조형_신규고_.배너_혜택O.기존고효율.통곡의사과문.한번먹어본.___261001_제과_김수정,108,1,2319.0,0
2026-10-01,(마스터ASC) [제과_웨하스미니스] 26.10_바닐라웨하스출시_ASC_전환_image,(마스터ASC) [제과_웨하스미니스] 26.10_바닐라웨하스출시_ASC_전환_image,[25.12]F_I_WF초_전환_웨하스출시_혜택강조형_신규고_.배너_혜택O.기존고효율.지금쌀때쟁이세요_KR4_윤검주_251226_콘텐츠2_최아연,176,7,5028.0,0
2026-10-01,(마스터ASC) [제과_웨하스미니스] 26.10_바닐라웨하스출시_ASC_전환_image,(마스터ASC) [제과_웨하스미니스] 26.10_바닐라웨하스출시_ASC_전환_image,[26.09]F_I_WF초_전환_웨하스출시_혜택강조형_신규고_.배너_혜택O.기존고효율.통곡의사과문.규모감.___261001_제과_김수정,13,0,500.0,0
2026-10-01,(마스터ASC) [제과_웨하스미니스] 26.10_바닐라웨하스출시_ASC_전환_image,(마스터ASC) [제과_웨하스미니스] 26.10_바닐라웨하스출시_ASC_전환_image,[26.09]F_I_WF초_전환_웨하스출시_혜택강조형_신규고_.배너_혜택O.기존고효율.가격조정안내.___261001_제과_김수정,560,10,8922.0,0
2026-10-01,(마스터ASC) [제과_웨하스미니스] 26.10_바닐라웨하스출시_ASC_전환_image,(마스터ASC) [제과_웨하스미니스] 26.10_바닐라웨하스출시_ASC_전환_image,[25.12]F_I_WF초_전환_웨하스출시_혜택강조형_신규고_.배너_혜택O.기존고효율.가격조정안내.4분할_KR4_윤검주_251226_콘텐츠2_최아연,213,1,4950.0,1
2026-10-01,(마스터ASC) [제과_웨하스미니스] 26.10_바닐라웨하스출시_ASC_전환_image,(마스터ASC) [제과_웨하스미니스] 26.10_바닐라웨하스출시_ASC_전환_image,[26.10]F_I_WB바_전환_바닐라웨하스출시_혜택강조형_KR1_.배너_원쁠원특가.__최나영_261001_제과_김수정,38,0,932.0,0
2026-10-01,(마스터ASC) [제과_웨하스미니스] 26.10_바닐라웨하스출시_ASC_전환_image,(마스터ASC) [제과_웨하스미니스] 26.10_바닐라웨하스출시_ASC_전환_image,[26.10]F_I_WB바_전환_바닐라웨하스출시_혜택강조형_KR1_.배너_가격조정안내.__최나영_261001_제과_김수정,211,3,4109.0,0
2026-10-01,(마스터ASC) [제과_웨하스미니스] 26.10_바닐라웨하스출시_ASC_전환_image,(마스터ASC) [제과_웨하스미니스] 26.10_바닐라웨하스출시_ASC_전환_image,[26.10]F_I_WB바_전환_바닐라웨하스출시_혜택강조형_KR1_.배너_다시는없어요.__최나영_261001_제과_김수정,150,0,3780.0,0
2026-10-01,(마스터ASC) [제과_웨하스미니스] 26.10_바닐라웨하스출시_ASC_전환_image,(마스터ASC) [제과_웨하스미니스] 26.10_바닐라웨하스출시_ASC_전환_image,[26.10]F_I_WB바_전환_바닐라웨하스출시_혜택강조형_KR1_.배너_재입고어렵습니다.__최나영_261001_제과_김수정,7,0,76.0,0
2026-10-01,(마스터ASC) [제과_웨하스미니스] 26.10_바닐라웨하스출시_ASC_전환_image,(마스터ASC) [제과_웨하스미니스] 26.10_바닐라웨하스출시_ASC_전환_image,[26.10]F_I_WB바_전환_바닐라웨하스출시_혜택강조형_KR1_.배너_곧종료해요.__최나영_261001_제과_김수정,111,0,1894.0,0
2026-10-01,(마스터ASC) [제과_웨하스미니스] 26.10_바닐라웨하스출시_ASC_전환_image,(마스터ASC) [제과_웨하스미니스] 26.10_바닐라웨하스출시_ASC_전환_image,[26.10]F_I_WB바_전환_바닐라웨하스출시_혜택강조형_KR1_.배너_주문폭주감사.__최나영_261001_제과_김수정,4,0,143.0,0
2026-10-01,(마스터ASC) [제과_웨하스미니스] 26.10_바닐라웨하스출시_ASC_전환_image,(마스터ASC) [제과_웨하스미니스] 26.10_바닐라웨하스출시_ASC_전환_image,[26.10]F_I_WB바_전환_바닐라웨하스출시_혜택강조형_KR1_.배너_통곡의사과문역대급신상.__최나영_261001_제과_김수정,16,1,309.0,0
2026-10-01,(마스터ASC) [제과_웨하스미니스] 26.10_바닐라웨하스출시_ASC_전환_image,(마스터ASC) [제과_웨하스미니스] 26.10_바닐라웨하스출시_ASC_전환_image,[26.10]F_I_WB바_전환_바닐라웨하스출시_혜택강조형_KR1_.배너_지금이젤싸요.__최나영_261001_제과_김수정,10,2,184.0,0
2026-10-01,(마스터ASC) [제과_웨하스미니스] 26.10_바닐라웨하스출시_ASC_전환_image,(마스터ASC) [제과_웨하스미니스] 26.10_바닐라웨하스출시_ASC_전환_image,[26.10]F_I_WB바_전환_바닐라웨하스출시_혜택강조형_KR1_.배너_통곡의사과문재구매.__최나영_261001_제과_김수정,24,2,407.0,0
2026-10-01,(마스터ASC) [제과_웨하스미니스] 26.10_바닐라웨하스출시_ASC_전환_image,(마스터ASC) [제과_웨하스미니스] 26.10_바닐라웨하스출시_ASC_전환_image,[26.10]F_I_WB바_전환_바닐라웨하스출시_혜택강조형_KR1_.배너_죄송합니다품절임박.__최나영_261001_제과_김수정,16,2,547.0,0
2026-10-01,(마스터ASC) [제과_웨하스미니스] 26.10_바닐라웨하스출시_ASC_전환_image,(마스터ASC) [제과_웨하스미니스] 26.10_바닐라웨하스출시_ASC_전환_image,[26.10]F_I_WB바_전환_바닐라웨하스출시_혜택강조형_KR1_.배너_지금사면한팩더.__최나영_261001_제과_김수정,25,1,643.0,0
2026-10-01,(마스터ASC) [제과_웨하스미니스] 26.10_바닐라웨하스출시_ASC_전환_image,(마스터ASC) [제과_웨하스미니스] 26.10_바닐라웨하스출시_ASC_전환_image,[26.10]F_I_WB바_전환_바닐라웨하스출시_혜택강조형_KR1_.배너_왜나중에사세요?.__최나영_261001_제과_김수정,86,0,2158.0,0
2026-10-01,(마스터ASC) [제과_웨하스미니스] 26.10_바닐라웨하스출시_ASC_전환_image,(마스터ASC) [제과_웨하스미니스] 26.10_바닐라웨하스출시_ASC_전환_image,[26.10]F_I_WB바_전환_바닐라웨하스출시_혜택강조형_KR1_.배너_마진포기.__최나영_261001_제과_김수정,3,0,72.0,0
2026-10-01,(마스터ASC) [제과_웨하스미니스] 26.10_바닐라웨하스출시_ASC_전환_image,(마스터ASC) [제과_웨하스미니스] 26.10_바닐라웨하스출시_ASC_전환_image,[26.10]F_I_WB바_전환_바닐라웨하스출시_혜택강조형_KR1_.배너_사과문.__최나영_261001_제과_김수정,23,0,304.0,0
2026-10-01,(마스터ASC) [제과_웨하스미니스] 26.10_바닐라웨하스출시_ASC_전환_image,(마스터ASC) [제과_웨하스미니스] 26.10_바닐라웨하스출시_ASC_전환_image,[26.10]F_I_WB바_전환_바닐라웨하스출시_혜택강조형_KR1_.배너_한정수량만1+1특가.__최나영_261001_제과_김수정,507,5,9465.0,1
2026-10-01,(마스터ASC) [제과_웨하스미니스] 26.10_바닐라웨하스출시_ASC_전환_image,(마스터ASC) [제과_웨하스미니스] 26.10_바닐라웨하스출시_ASC_전환_image,[26.10]F_I_WB바_전환_바닐라웨하스출시_혜택강조형_KR1_.배너_한팩이공짜.__최나영_261001_제과_김수정,456,8,7418.0,0
2026-10-02,(마스터ASC) [제과_웨하스미니스] 26.10_바닐라웨하스출시_ASC_전환_image,(마스터ASC) [제과_웨하스미니스] 26.10_바닐라웨하스출시_ASC_전환_image,[26.09]F_I_WF초_전환_웨하스출시_혜택강조형_신규고_.배너_혜택O.기존고효율.죄송합니다.블랙.___261001_제과_김수정,37,0,843.0,0
2026-10-02,(마스터ASC) [제과_웨하스미니스] 26.10_바닐라웨하스출시_ASC_전환_image,(마스터ASC) [제과_웨하스미니스] 26.10_바닐라웨하스출시_ASC_전환_image,[26.09]F_I_WF초_전환_웨하스출시_혜택강조형_신규고_.배너_혜택O.기존고효율.사과문.이번수량까지만.___261001_제과_김수정,96,0,1189.0,0
2026-10-02,(마스터ASC) [제과_웨하스미니스] 26.10_바닐라웨하스출시_ASC_전환_image,(마스터ASC) [제과_웨하스미니스] 26.10_바닐라웨하스출시_ASC_전환_image,[26.09]F_I_WF초_전환_웨하스출시_혜택강조형_신규고_.배너_혜택O.기존고효율.한정수량만원플원.___261001_제과_김수정,312,4,3244.0,0
2026-10-02,(마스터ASC) [제과_웨하스미니스] 26.10_바닐라웨하스출시_ASC_전환_image,(마스터ASC) [제과_웨하스미니스] 26.10_바닐라웨하스출시_ASC_전환_image,[26.09]F_I_WF초_전환_웨하스출시_혜택강조형_신규고_.배너_혜택O.기존고효율.통곡의사과문.한번먹어본.___261001_제과_김수정,7,0,108.0,0
2026-10-02,(마스터ASC) [제과_웨하스미니스] 26.10_바닐라웨하스출시_ASC_전환_image,(마스터ASC) [제과_웨하스미니스] 26.10_바닐라웨하스출시_ASC_전환_image,[25.12]F_I_WF초_전환_웨하스출시_혜택강조형_신규고_.배너_혜택O.기존고효율.지금쌀때쟁이세요_KR4_윤검주_251226_콘텐츠2_최아연,26,0,665.0,0
2026-10-02,(마스터ASC) [제과_웨하스미니스] 26.10_바닐라웨하스출시_ASC_전환_image,(마스터ASC) [제과_웨하스미니스] 26.10_바닐라웨하스출시_ASC_전환_image,[26.09]F_I_WF초_전환_웨하스출시_혜택강조형_신규고_.배너_혜택O.기존고효율.통곡의사과문.규모감.___261001_제과_김수정,9,0,71.0,0
2026-10-02,(마스터ASC) [제과_웨하스미니스] 26.10_바닐라웨하스출시_ASC_전환_image,(마스터ASC) [제과_웨하스미니스] 26.10_바닐라웨하스출시_ASC_전환_image,[26.09]F_I_WF초_전환_웨하스출시_혜택강조형_신규고_.배너_혜택O.기존고효율.가격조정안내.___261001_제과_김수정,293,3,6031.0,0
2026-10-02,(마스터ASC) [제과_웨하스미니스] 26.10_바닐라웨하스출시_ASC_전환_image,(마스터ASC) [제과_웨하스미니스] 26.10_바닐라웨하스출시_ASC_전환_image,[25.12]F_I_WF초_전환_웨하스출시_혜택강조형_신규고_.배너_혜택O.기존고효율.가격조정안내.4분할_KR4_윤검주_251226_콘텐츠2_최아연,3,0,23.0,0
2026-10-02,(마스터ASC) [제과_웨하스미니스] 26.10_바닐라웨하스출시_ASC_전환_image,(마스터ASC) [제과_웨하스미니스] 26.10_바닐라웨하스출시_ASC_전환_image,[26.10]F_I_WB바_전환_바닐라웨하스출시_혜택강조형_KR1_.배너_원쁠원특가.__최나영_261001_제과_김수정,124,3,2268.0,0
2026-10-02,(마스터ASC) [제과_웨하스미니스] 26.10_바닐라웨하스출시_ASC_전환_image,(마스터ASC) [제과_웨하스미니스] 26.10_바닐라웨하스출시_ASC_전환_image,[26.10]F_I_WB바_전환_바닐라웨하스출시_혜택강조형_KR1_.배너_가격조정안내.__최나영_261001_제과_김수정,446,8,8911.0,0
2026-10-02,(마스터ASC) [제과_웨하스미니스] 26.10_바닐라웨하스출시_ASC_전환_image,(마스터ASC) [제과_웨하스미니스] 26.10_바닐라웨하스출시_ASC_전환_image,[26.10]F_I_WB바_전환_바닐라웨하스출시_혜택강조형_KR1_.배너_다시는없어요.__최나영_261001_제과_김수정,73,1,2253.0,0
2026-10-02,(마스터ASC) [제과_웨하스미니스] 26.10_바닐라웨하스출시_ASC_전환_image,(마스터ASC) [제과_웨하스미니스] 26.10_바닐라웨하스출시_ASC_전환_image,[26.10]F_I_WB바_전환_바닐라웨하스출시_혜택강조형_KR1_.배너_재입고어렵습니다.__최나영_261001_제과_김수정,35,0,716.0,0
2026-10-02,(마스터ASC) [제과_웨하스미니스] 26.10_바닐라웨하스출시_ASC_전환_image,(마스터ASC) [제과_웨하스미니스] 26.10_바닐라웨하스출시_ASC_전환_image,[26.10]F_I_WB바_전환_바닐라웨하스출시_혜택강조형_KR1_.배너_곧종료해요.__최나영_261001_제과_김수정,155,1,3128.0,0
2026-10-02,(마스터ASC) [제과_웨하스미니스] 26.10_바닐라웨하스출시_ASC_전환_image,(마스터ASC) [제과_웨하스미니스] 26.10_바닐라웨하스출시_ASC_전환_image,[26.10]F_I_WB바_전환_바닐라웨하스출시_혜택강조형_KR1_.배너_주문폭주감사.__최나영_261001_제과_김수정,8,0,98.0,0
2026-10-02,(마스터ASC) [제과_웨하스미니스] 26.10_바닐라웨하스출시_ASC_전환_image,(마스터ASC) [제과_웨하스미니스] 26.10_바닐라웨하스출시_ASC_전환_image,[26.10]F_I_WB바_전환_바닐라웨하스출시_혜택강조형_KR1_.배너_통곡의사과문역대급신상.__최나영_261001_제과_김수정,55,1,1502.0,0
2026-10-02,(마스터ASC) [제과_웨하스미니스] 26.10_바닐라웨하스출시_ASC_전환_image,(마스터ASC) [제과_웨하스미니스] 26.10_바닐라웨하스출시_ASC_전환_image,[26.10]F_I_WB바_전환_바닐라웨하스출시_혜택강조형_KR1_.배너_지금이젤싸요.__최나영_261001_제과_김수정,20,0,458.0,0
2026-10-02,(마스터ASC) [제과_웨하스미니스] 26.10_바닐라웨하스출시_ASC_전환_image,(마스터ASC) [제과_웨하스미니스] 26.10_바닐라웨하스출시_ASC_전환_image,[26.10]F_I_WB바_전환_바닐라웨하스출시_혜택강조형_KR1_.배너_통곡의사과문재구매.__최나영_261001_제과_김수정,29,0,488.0,0
2026-10-02,(마스터ASC) [제과_웨하스미니스] 26.10_바닐라웨하스출시_ASC_전환_image,(마스터ASC) [제과_웨하스미니스] 26.10_바닐라웨하스출시_ASC_전환_image,[26.10]F_I_WB바_전환_바닐라웨하스출시_혜택강조형_KR1_.배너_죄송합니다품절임박.__최나영_261001_제과_김수정,24,0,310.0,0
2026-10-02,(마스터ASC) [제과_웨하스미니스] 26.10_바닐라웨하스출시_ASC_전환_image,(마스터ASC) [제과_웨하스미니스] 26.10_바닐라웨하스출시_ASC_전환_image,[26.10]F_I_WB바_전환_바닐라웨하스출시_혜택강조형_KR1_.배너_지금사면한팩더.__최나영_261001_제과_김수정,96,0,2544.0,0
2026-10-02,(마스터ASC) [제과_웨하스미니스] 26.10_바닐라웨하스출시_ASC_전환_image,(마스터ASC) [제과_웨하스미니스] 26.10_바닐라웨하스출시_ASC_전환_image,[26.10]F_I_WB바_전환_바닐라웨하스출시_혜택강조형_KR1_.배너_왜나중에사세요?.__최나영_261001_제과_김수정,85,2,1756.0,0
2026-10-02,(마스터ASC) [제과_웨하스미니스] 26.10_바닐라웨하스출시_ASC_전환_image,(마스터ASC) [제과_웨하스미니스] 26.10_바닐라웨하스출시_ASC_전환_image,[26.10]F_I_WB바_전환_바닐라웨하스출시_혜택강조형_KR1_.배너_마진포기.__최나영_261001_제과_김수정,7,0,119.0,0
2026-10-02,(마스터ASC) [제과_웨하스미니스] 26.10_바닐라웨하스출시_ASC_전환_image,(마스터ASC) [제과_웨하스미니스] 26.10_바닐라웨하스출시_ASC_전환_image,[26.10]F_I_WB바_전환_바닐라웨하스출시_혜택강조형_KR1_.배너_사과문.__최나영_261001_제과_김수정,38,0,773.0,0
2026-10-02,(마스터ASC) [제과_웨하스미니스] 26.10_바닐라웨하스출시_ASC_전환_image,(마스터ASC) [제과_웨하스미니스] 26.10_바닐라웨하스출시_ASC_전환_image,[26.10]F_I_WB바_전환_바닐라웨하스출시_혜택강조형_KR1_.배너_한정수량만1+1특가.__최나영_261001_제과_김수정,180,1,3036.0,0
2026-10-02,(마스터ASC) [제과_웨하스미니스] 26.10_바닐라웨하스출시_ASC_전환_image,(마스터ASC) [제과_웨하스미니스] 26.10_바닐라웨하스출시_ASC_전환_image,[26.10]F_I_WB바_전환_바닐라웨하스출시_혜택강조형_KR1_.배너_한팩이공짜.__최나영_261001_제과_김수정,1176,21,22498.0,1
2026-10-03,(마스터ASC) [제과_웨하스미니스] 26.10_바닐라웨하스출시_ASC_전환_image,(마스터ASC) [제과_웨하스미니스] 26.10_바닐라웨하스출시_ASC_전환_image,[26.09]F_I_WF초_전환_웨하스출시_혜택강조형_신규고_.배너_혜택O.기존고효율.죄송합니다.블랙.___261001_제과_김수정,1,0,10.0,0
2026-10-03,(마스터ASC) [제과_웨하스미니스] 26.10_바닐라웨하스출시_ASC_전환_image,(마스터ASC) [제과_웨하스미니스] 26.10_바닐라웨하스출시_ASC_전환_image,[26.09]F_I_WF초_전환_웨하스출시_혜택강조형_신규고_.배너_혜택O.기존고효율.한정수량만원플원.___261001_제과_김수정,6,0,134.0,0
2026-10-03,(마스터ASC) [제과_웨하스미니스] 26.10_바닐라웨하스출시_ASC_전환_image,(마스터ASC) [제과_웨하스미니스] 26.10_바닐라웨하스출시_ASC_전환_image,[25.12]F_I_WF초_전환_웨하스출시_혜택강조형_신규고_.배너_혜택O.기존고효율.지금쌀때쟁이세요_KR4_윤검주_251226_콘텐츠2_최아연,1,0,32.0,0
2026-10-03,(마스터ASC) [제과_웨하스미니스] 26.10_바닐라웨하스출시_ASC_전환_image,(마스터ASC) [제과_웨하스미니스] 26.10_바닐라웨하스출시_ASC_전환_image,[26.09]F_I_WF초_전환_웨하스출시_혜택강조형_신규고_.배너_혜택O.기존고효율.가격조정안내.___261001_제과_김수정,4,0,92.0,0
2026-10-03,(마스터ASC) [제과_웨하스미니스] 26.10_바닐라웨하스출시_ASC_전환_image,(마스터ASC) [제과_웨하스미니스] 26.10_바닐라웨하스출시_ASC_전환_image,[26.10]F_I_WB바_전환_바닐라웨하스출시_혜택강조형_KR1_.배너_한정수량만1+1특가.__최나영_261001_제과_김수정,5,0,69.0,0
2026-10-03,(마스터ASC) [제과_웨하스미니스] 26.10_바닐라웨하스출시_ASC_전환_image,(마스터ASC) [제과_웨하스미니스] 26.10_바닐라웨하스출시_ASC_전환_image,[26.10]F_I_WF바_전환_바닐라웨하스출시_제품강조형_KR2_.배너_희소성.아무도안넣는.__최나영_261002_제과_김수정,1167,11,8498.0,0
2026-10-03,(마스터ASC) [제과_웨하스미니스] 26.10_바닐라웨하스출시_ASC_전환_image,(마스터ASC) [제과_웨하스미니스] 26.10_바닐라웨하스출시_ASC_전환_image,[26.10]F_I_WF바_전환_바닐라웨하스출시_제품강조형_KR2_.배너_희소성.지금만먹을수있는.__최나영_261002_제과_김수정,597,5,6375.0,2
2026-10-03,(마스터ASC) [제과_웨하스미니스] 26.10_바닐라웨하스출시_ASC_전환_image,(마스터ASC) [제과_웨하스미니스] 26.10_바닐라웨하스출시_ASC_전환_image,[26.10]F_I_WF바_전환_바닐라웨하스출시_제품강조형_KR2_.릴스_희소성.백화점급.__최나영_261002_제과_김수정,103,0,1483.0,0
2026-10-03,(마스터ASC) [제과_웨하스미니스] 26.10_바닐라웨하스출시_ASC_전환_image,(마스터ASC) [제과_웨하스미니스] 26.10_바닐라웨하스출시_ASC_전환_image,[26.10]F_I_WF바_전환_바닐라웨하스출시_제품강조형_KR2_.릴스_희소성.퀄리티포기못해.__최나영_261002_제과_김수정,62,0,785.0,0
2026-10-03,(마스터ASC) [제과_웨하스미니스] 26.10_바닐라웨하스출시_ASC_전환_image,(마스터ASC) [제과_웨하스미니스] 26.10_바닐라웨하스출시_ASC_전환_image,[26.10]F_I_WF바_전환_바닐라웨하스출시_혜택강조형_KR1_.배너_지금놓치면1년.__최나영_261002_제과_김수정,211,2,3220.0,0
2026-10-03,(마스터ASC) [제과_웨하스미니스] 26.10_바닐라웨하스출시_ASC_전환_image,(마스터ASC) [제과_웨하스미니스] 26.10_바닐라웨하스출시_ASC_전환_image,[26.10]F_I_WF바_전환_바닐라웨하스출시_제품강조형_KR2_.릴스_ 희소성.남들은.__최나영_261002_제과_김수정,175,1,2698.0,0
2026-10-03,(마스터ASC) [제과_웨하스미니스] 26.10_바닐라웨하스출시_ASC_전환_image,(마스터ASC) [제과_웨하스미니스] 26.10_바닐라웨하스출시_ASC_전환_image,[26.10]F_I_WF바_전환_바닐라웨하스출시_제품강조형_KR2_.배너_희소성.시중바닐라맛중.__최나영_261002_제과_김수정,509,1,4968.0,1
2026-10-03,(마스터ASC) [제과_웨하스미니스] 26.10_바닐라웨하스출시_ASC_전환_image,(마스터ASC) [제과_웨하스미니스] 26.10_바닐라웨하스출시_ASC_전환_image,[26.10]F_I_WF바_전환_바닐라웨하스출시_제품강조형_KR2_.배너_희소성.제조공정변동가능성안내.__최나영_261002_제과_김수정,2990,18,14073.0,0
2026-10-03,(마스터ASC) [제과_웨하스미니스] 26.10_바닐라웨하스출시_ASC_전환_image,(마스터ASC) [제과_웨하스미니스] 26.10_바닐라웨하스출시_ASC_전환_image,[26.10]F_I_WF바_전환_바닐라웨하스출시_혜택강조형_KR1_.릴스_다신없을1+1반값특가.__최나영_261002_제과_김수정,144,1,1961.0,0
2026-10-03,(마스터ASC) [제과_웨하스미니스] 26.10_바닐라웨하스출시_ASC_전환_image,(마스터ASC) [제과_웨하스미니스] 26.10_바닐라웨하스출시_ASC_전환_image,[26.10]F_I_WF바_전환_바닐라웨하스출시_혜택강조형_KR1_.릴스_이가격다신없어요.__최나영_261002_제과_김수정,4,0,42.0,0
2026-10-04,(마스터ASC) [제과_웨하스미니스] 26.10_바닐라웨하스출시_ASC_전환_image,(마스터ASC) [제과_웨하스미니스] 26.10_바닐라웨하스출시_ASC_전환_image,[26.09]F_I_WF초_전환_웨하스출시_혜택강조형_신규고_.배너_혜택O.기존고효율.죄송합니다.블랙.___261001_제과_김수정,10,1,209.0,0
2026-10-04,(마스터ASC) [제과_웨하스미니스] 26.10_바닐라웨하스출시_ASC_전환_image,(마스터ASC) [제과_웨하스미니스] 26.10_바닐라웨하스출시_ASC_전환_image,[26.09]F_I_WF초_전환_웨하스출시_혜택강조형_신규고_.배너_혜택O.기존고효율.사과문.이번수량까지만.___261001_제과_김수정,14,0,148.0,0
2026-10-04,(마스터ASC) [제과_웨하스미니스] 26.10_바닐라웨하스출시_ASC_전환_image,(마스터ASC) [제과_웨하스미니스] 26.10_바닐라웨하스출시_ASC_전환_image,[26.09]F_I_WF초_전환_웨하스출시_혜택강조형_신규고_.배너_혜택O.기존고효율.한정수량만원플원.___261001_제과_김수정,317,5,6210.0,0
2026-10-04,(마스터ASC) [제과_웨하스미니스] 26.10_바닐라웨하스출시_ASC_전환_image,(마스터ASC) [제과_웨하스미니스] 26.10_바닐라웨하스출시_ASC_전환_image,[26.09]F_I_WF초_전환_웨하스출시_혜택강조형_신규고_.배너_혜택O.기존고효율.통곡의사과문.한번먹어본.___261001_제과_김수정,6,0,1162.0,0
2026-10-04,(마스터ASC) [제과_웨하스미니스] 26.10_바닐라웨하스출시_ASC_전환_image,(마스터ASC) [제과_웨하스미니스] 26.10_바닐라웨하스출시_ASC_전환_image,[25.12]F_I_WF초_전환_웨하스출시_혜택강조형_신규고_.배너_혜택O.기존고효율.지금쌀때쟁이세요_KR4_윤검주_251226_콘텐츠2_최아연,62,1,2017.0,0
2026-10-04,(마스터ASC) [제과_웨하스미니스] 26.10_바닐라웨하스출시_ASC_전환_image,(마스터ASC) [제과_웨하스미니스] 26.10_바닐라웨하스출시_ASC_전환_image,[26.09]F_I_WF초_전환_웨하스출시_혜택강조형_신규고_.배너_혜택O.기존고효율.통곡의사과문.규모감.___261001_제과_김수정,1,0,1.0,0
2026-10-04,(마스터ASC) [제과_웨하스미니스] 26.10_바닐라웨하스출시_ASC_전환_image,(마스터ASC) [제과_웨하스미니스] 26.10_바닐라웨하스출시_ASC_전환_image,[26.09]F_I_WF초_전환_웨하스출시_혜택강조형_신규고_.배너_혜택O.기존고효율.가격조정안내.___261001_제과_김수정,33,1,588.0,0
2026-10-04,(마스터ASC) [제과_웨하스미니스] 26.10_바닐라웨하스출시_ASC_전환_image,(마스터ASC) [제과_웨하스미니스] 26.10_바닐라웨하스출시_ASC_전환_image,[25.12]F_I_WF초_전환_웨하스출시_혜택강조형_신규고_.배너_혜택O.기존고효율.가격조정안내.4분할_KR4_윤검주_251226_콘텐츠2_최아연,5,0,80.0,0
2026-10-04,(마스터ASC) [제과_웨하스미니스] 26.10_바닐라웨하스출시_ASC_전환_image,(마스터ASC) [제과_웨하스미니스] 26.10_바닐라웨하스출시_ASC_전환_image,[26.10]F_I_WB바_전환_바닐라웨하스출시_혜택강조형_KR1_.배너_가격조정안내.__최나영_261001_제과_김수정,34,0,336.0,0
2026-10-04,(마스터ASC) [제과_웨하스미니스] 26.10_바닐라웨하스출시_ASC_전환_image,(마스터ASC) [제과_웨하스미니스] 26.10_바닐라웨하스출시_ASC_전환_image,[26.10]F_I_WB바_전환_바닐라웨하스출시_혜택강조형_KR1_.배너_재입고어렵습니다.__최나영_261001_제과_김수정,4,0,60.0,0
2026-10-04,(마스터ASC) [제과_웨하스미니스] 26.10_바닐라웨하스출시_ASC_전환_image,(마스터ASC) [제과_웨하스미니스] 26.10_바닐라웨하스출시_ASC_전환_image,[26.10]F_I_WB바_전환_바닐라웨하스출시_혜택강조형_KR1_.배너_주문폭주감사.__최나영_261001_제과_김수정,11,0,211.0,0
2026-10-04,(마스터ASC) [제과_웨하스미니스] 26.10_바닐라웨하스출시_ASC_전환_image,(마스터ASC) [제과_웨하스미니스] 26.10_바닐라웨하스출시_ASC_전환_image,[26.10]F_I_WB바_전환_바닐라웨하스출시_혜택강조형_KR1_.배너_통곡의사과문역대급신상.__최나영_261001_제과_김수정,42,2,2207.0,0
2026-10-04,(마스터ASC) [제과_웨하스미니스] 26.10_바닐라웨하스출시_ASC_전환_image,(마스터ASC) [제과_웨하스미니스] 26.10_바닐라웨하스출시_ASC_전환_image,[26.10]F_I_WB바_전환_바닐라웨하스출시_혜택강조형_KR1_.배너_지금이젤싸요.__최나영_261001_제과_김수정,5,1,29.0,0
2026-10-04,(마스터ASC) [제과_웨하스미니스] 26.10_바닐라웨하스출시_ASC_전환_image,(마스터ASC) [제과_웨하스미니스] 26.10_바닐라웨하스출시_ASC_전환_image,[26.10]F_I_WB바_전환_바닐라웨하스출시_혜택강조형_KR1_.배너_죄송합니다품절임박.__최나영_261001_제과_김수정,3,0,82.0,0
2026-10-04,(마스터ASC) [제과_웨하스미니스] 26.10_바닐라웨하스출시_ASC_전환_image,(마스터ASC) [제과_웨하스미니스] 26.10_바닐라웨하스출시_ASC_전환_image,[26.10]F_I_WB바_전환_바닐라웨하스출시_혜택강조형_KR1_.배너_지금사면한팩더.__최나영_261001_제과_김수정,29,0,783.0,0
2026-10-04,(마스터ASC) [제과_웨하스미니스] 26.10_바닐라웨하스출시_ASC_전환_image,(마스터ASC) [제과_웨하스미니스] 26.10_바닐라웨하스출시_ASC_전환_image,[26.10]F_I_WB바_전환_바닐라웨하스출시_혜택강조형_KR1_.배너_왜나중에사세요?.__최나영_261001_제과_김수정,76,0,2619.0,0
2026-10-04,(마스터ASC) [제과_웨하스미니스] 26.10_바닐라웨하스출시_ASC_전환_image,(마스터ASC) [제과_웨하스미니스] 26.10_바닐라웨하스출시_ASC_전환_image,[26.10]F_I_WB바_전환_바닐라웨하스출시_혜택강조형_KR1_.배너_한정수량만1+1특가.__최나영_261001_제과_김수정,192,1,3854.0,0
2026-10-04,(마스터ASC) [제과_웨하스미니스] 26.10_바닐라웨하스출시_ASC_전환_image,(마스터ASC) [제과_웨하스미니스] 26.10_바닐라웨하스출시_ASC_전환_image,[26.10]F_I_WB바_전환_바닐라웨하스출시_혜택강조형_KR1_.배너_한팩이공짜.__최나영_261001_제과_김수정,892,10,16055.0,1
2026-10-04,(마스터ASC) [제과_웨하스미니스] 26.10_바닐라웨하스출시_ASC_전환_image,(마스터ASC) [제과_웨하스미니스] 26.10_바닐라웨하스출시_ASC_전환_image,[26.10]F_I_WF바_전환_바닐라웨하스출시_제품강조형_KR2_.배너_희소성.아무도안넣는.__최나영_261002_제과_김수정,221,6,3211.0,0
2026-10-04,(마스터ASC) [제과_웨하스미니스] 26.10_바닐라웨하스출시_ASC_전환_image,(마스터ASC) [제과_웨하스미니스] 26.10_바닐라웨하스출시_ASC_전환_image,[26.10]F_I_WF바_전환_바닐라웨하스출시_제품강조형_KR2_.배너_희소성.지금만먹을수있는.__최나영_261002_제과_김수정,1155,16,14300.0,2
2026-10-04,(마스터ASC) [제과_웨하스미니스] 26.10_바닐라웨하스출시_ASC_전환_image,(마스터ASC) [제과_웨하스미니스] 26.10_바닐라웨하스출시_ASC_전환_image,[26.10]F_I_WF바_전환_바닐라웨하스출시_제품강조형_KR2_.릴스_희소성.백화점급.__최나영_261002_제과_김수정,20,0,364.0,0
2026-10-04,(마스터ASC) [제과_웨하스미니스] 26.10_바닐라웨하스출시_ASC_전환_image,(마스터ASC) [제과_웨하스미니스] 26.10_바닐라웨하스출시_ASC_전환_image,[26.10]F_I_WF바_전환_바닐라웨하스출시_제품강조형_KR2_.릴스_희소성.퀄리티포기못해.__최나영_261002_제과_김수정,110,1,1195.0,0
2026-10-04,(마스터ASC) [제과_웨하스미니스] 26.10_바닐라웨하스출시_ASC_전환_image,(마스터ASC) [제과_웨하스미니스] 26.10_바닐라웨하스출시_ASC_전환_image,[26.10]F_I_WF바_전환_바닐라웨하스출시_혜택강조형_KR1_.배너_지금놓치면1년.__최나영_261002_제과_김수정,141,1,2345.0,0
2026-10-04,(마스터ASC) [제과_웨하스미니스] 26.10_바닐라웨하스출시_ASC_전환_image,(마스터ASC) [제과_웨하스미니스] 26.10_바닐라웨하스출시_ASC_전환_image,[26.10]F_I_WF바_전환_바닐라웨하스출시_제품강조형_KR2_.릴스_ 희소성.남들은.__최나영_261002_제과_김수정,53,1,648.0,0
2026-10-04,(마스터ASC) [제과_웨하스미니스] 26.10_바닐라웨하스출시_ASC_전환_image,(마스터ASC) [제과_웨하스미니스] 26.10_바닐라웨하스출시_ASC_전환_image,[26.10]F_I_WF바_전환_바닐라웨하스출시_제품강조형_KR2_.배너_희소성.시중바닐라맛중.__최나영_261002_제과_김수정,35,0,303.0,0
2026-10-04,(마스터ASC) [제과_웨하스미니스] 26.10_바닐라웨하스출시_ASC_전환_image,(마스터ASC) [제과_웨하스미니스] 26.10_바닐라웨하스출시_ASC_전환_image,[26.10]F_I_WF바_전환_바닐라웨하스출시_혜택강조형_KR1_.릴스_다신없을1+1반값특가.__최나영_261002_제과_김수정,43,0,534.0,0
2026-10-04,(마스터ASC) [제과_웨하스미니스] 26.10_바닐라웨하스출시_ASC_전환_image,(마스터ASC) [제과_웨하스미니스] 26.10_바닐라웨하스출시_ASC_전환_image,[26.10]F_I_WF바_전환_바닐라웨하스출시_혜택강조형_KR1_.릴스_이가격다신없어요.__최나영_261002_제과_김수정,147,0,2277.0,0
2026-10-05,(마스터ASC) [제과_웨하스미니스] 26.10_바닐라웨하스출시_ASC_전환_image,(마스터ASC) [제과_웨하스미니스] 26.10_바닐라웨하스출시_ASC_전환_image,[26.09]F_I_WF초_전환_웨하스출시_혜택강조형_신규고_.배너_혜택O.기존고효율.죄송합니다.블랙.___261001_제과_김수정,33,0,724.0,0
2026-10-05,(마스터ASC) [제과_웨하스미니스] 26.10_바닐라웨하스출시_ASC_전환_image,(마스터ASC) [제과_웨하스미니스] 26.10_바닐라웨하스출시_ASC_전환_image,[26.09]F_I_WF초_전환_웨하스출시_혜택강조형_신규고_.배너_혜택O.기존고효율.사과문.이번수량까지만.___261001_제과_김수정,242,1,2304.0,0
2026-10-05,(마스터ASC) [제과_웨하스미니스] 26.10_바닐라웨하스출시_ASC_전환_image,(마스터ASC) [제과_웨하스미니스] 26.10_바닐라웨하스출시_ASC_전환_image,[26.09]F_I_WF초_전환_웨하스출시_혜택강조형_신규고_.배너_혜택O.기존고효율.한정수량만원플원.___261001_제과_김수정,654,12,11311.0,0
2026-10-05,(마스터ASC) [제과_웨하스미니스] 26.10_바닐라웨하스출시_ASC_전환_image,(마스터ASC) [제과_웨하스미니스] 26.10_바닐라웨하스출시_ASC_전환_image,[26.09]F_I_WF초_전환_웨하스출시_혜택강조형_신규고_.배너_혜택O.기존고효율.통곡의사과문.한번먹어본.___261001_제과_김수정,10,2,158.0,0
2026-10-05,(마스터ASC) [제과_웨하스미니스] 26.10_바닐라웨하스출시_ASC_전환_image,(마스터ASC) [제과_웨하스미니스] 26.10_바닐라웨하스출시_ASC_전환_image,[25.12]F_I_WF초_전환_웨하스출시_혜택강조형_신규고_.배너_혜택O.기존고효율.지금쌀때쟁이세요_KR4_윤검주_251226_콘텐츠2_최아연,759,27,17001.0,7
2026-10-05,(마스터ASC) [제과_웨하스미니스] 26.10_바닐라웨하스출시_ASC_전환_image,(마스터ASC) [제과_웨하스미니스] 26.10_바닐라웨하스출시_ASC_전환_image,[26.09]F_I_WF초_전환_웨하스출시_혜택강조형_신규고_.배너_혜택O.기존고효율.통곡의사과문.규모감.___261001_제과_김수정,8,0,70.0,0
2026-10-05,(마스터ASC) [제과_웨하스미니스] 26.10_바닐라웨하스출시_ASC_전환_image,(마스터ASC) [제과_웨하스미니스] 26.10_바닐라웨하스출시_ASC_전환_image,[26.09]F_I_WF초_전환_웨하스출시_혜택강조형_신규고_.배너_혜택O.기존고효율.가격조정안내.___261001_제과_김수정,4,0,52.0,0
2026-10-05,(마스터ASC) [제과_웨하스미니스] 26.10_바닐라웨하스출시_ASC_전환_image,(마스터ASC) [제과_웨하스미니스] 26.10_바닐라웨하스출시_ASC_전환_image,[25.12]F_I_WF초_전환_웨하스출시_혜택강조형_신규고_.배너_혜택O.기존고효율.가격조정안내.4분할_KR4_윤검주_251226_콘텐츠2_최아연,5,0,43.0,0
2026-10-05,(마스터ASC) [제과_웨하스미니스] 26.10_바닐라웨하스출시_ASC_전환_image,(마스터ASC) [제과_웨하스미니스] 26.10_바닐라웨하스출시_ASC_전환_image,[26.10]F_I_WB바_전환_바닐라웨하스출시_혜택강조형_KR1_.배너_원쁠원특가.__최나영_261001_제과_김수정,239,1,3254.0,0
2026-10-05,(마스터ASC) [제과_웨하스미니스] 26.10_바닐라웨하스출시_ASC_전환_image,(마스터ASC) [제과_웨하스미니스] 26.10_바닐라웨하스출시_ASC_전환_image,[26.10]F_I_WB바_전환_바닐라웨하스출시_혜택강조형_KR1_.배너_가격조정안내.__최나영_261001_제과_김수정,119,1,2023.0,0
2026-10-05,(마스터ASC) [제과_웨하스미니스] 26.10_바닐라웨하스출시_ASC_전환_image,(마스터ASC) [제과_웨하스미니스] 26.10_바닐라웨하스출시_ASC_전환_image,[26.10]F_I_WB바_전환_바닐라웨하스출시_혜택강조형_KR1_.배너_다시는없어요.__최나영_261001_제과_김수정,34,0,788.0,0
2026-10-05,(마스터ASC) [제과_웨하스미니스] 26.10_바닐라웨하스출시_ASC_전환_image,(마스터ASC) [제과_웨하스미니스] 26.10_바닐라웨하스출시_ASC_전환_image,[26.10]F_I_WB바_전환_바닐라웨하스출시_혜택강조형_KR1_.배너_재입고어렵습니다.__최나영_261001_제과_김수정,40,1,897.0,1
2026-10-05,(마스터ASC) [제과_웨하스미니스] 26.10_바닐라웨하스출시_ASC_전환_image,(마스터ASC) [제과_웨하스미니스] 26.10_바닐라웨하스출시_ASC_전환_image,[26.10]F_I_WB바_전환_바닐라웨하스출시_혜택강조형_KR1_.배너_곧종료해요.__최나영_261001_제과_김수정,79,1,2214.0,0
2026-10-05,(마스터ASC) [제과_웨하스미니스] 26.10_바닐라웨하스출시_ASC_전환_image,(마스터ASC) [제과_웨하스미니스] 26.10_바닐라웨하스출시_ASC_전환_image,[26.10]F_I_WB바_전환_바닐라웨하스출시_혜택강조형_KR1_.배너_주문폭주감사.__최나영_261001_제과_김수정,3,0,36.0,0
2026-10-05,(마스터ASC) [제과_웨하스미니스] 26.10_바닐라웨하스출시_ASC_전환_image,(마스터ASC) [제과_웨하스미니스] 26.10_바닐라웨하스출시_ASC_전환_image,[26.10]F_I_WB바_전환_바닐라웨하스출시_혜택강조형_KR1_.배너_통곡의사과문역대급신상.__최나영_261001_제과_김수정,460,9,14057.0,2
2026-10-05,(마스터ASC) [제과_웨하스미니스] 26.10_바닐라웨하스출시_ASC_전환_image,(마스터ASC) [제과_웨하스미니스] 26.10_바닐라웨하스출시_ASC_전환_image,[26.10]F_I_WB바_전환_바닐라웨하스출시_혜택강조형_KR1_.배너_지금이젤싸요.__최나영_261001_제과_김수정,269,7,5627.0,1
2026-10-05,(마스터ASC) [제과_웨하스미니스] 26.10_바닐라웨하스출시_ASC_전환_image,(마스터ASC) [제과_웨하스미니스] 26.10_바닐라웨하스출시_ASC_전환_image,[26.10]F_I_WB바_전환_바닐라웨하스출시_혜택강조형_KR1_.배너_통곡의사과문재구매.__최나영_261001_제과_김수정,32,0,448.0,0
2026-10-05,(마스터ASC) [제과_웨하스미니스] 26.10_바닐라웨하스출시_ASC_전환_image,(마스터ASC) [제과_웨하스미니스] 26.10_바닐라웨하스출시_ASC_전환_image,[26.10]F_I_WB바_전환_바닐라웨하스출시_혜택강조형_KR1_.배너_죄송합니다품절임박.__최나영_261001_제과_김수정,17,0,467.0,0
2026-10-05,(마스터ASC) [제과_웨하스미니스] 26.10_바닐라웨하스출시_ASC_전환_image,(마스터ASC) [제과_웨하스미니스] 26.10_바닐라웨하스출시_ASC_전환_image,[26.10]F_I_WB바_전환_바닐라웨하스출시_혜택강조형_KR1_.배너_지금사면한팩더.__최나영_261001_제과_김수정,45,0,1522.0,0
2026-10-05,(마스터ASC) [제과_웨하스미니스] 26.10_바닐라웨하스출시_ASC_전환_image,(마스터ASC) [제과_웨하스미니스] 26.10_바닐라웨하스출시_ASC_전환_image,[26.10]F_I_WB바_전환_바닐라웨하스출시_혜택강조형_KR1_.배너_왜나중에사세요?.__최나영_261001_제과_김수정,21,0,702.0,0
2026-10-05,(마스터ASC) [제과_웨하스미니스] 26.10_바닐라웨하스출시_ASC_전환_image,(마스터ASC) [제과_웨하스미니스] 26.10_바닐라웨하스출시_ASC_전환_image,[26.10]F_I_WB바_전환_바닐라웨하스출시_혜택강조형_KR1_.배너_마진포기.__최나영_261001_제과_김수정,31,0,765.0,0
2026-10-05,(마스터ASC) [제과_웨하스미니스] 26.10_바닐라웨하스출시_ASC_전환_image,(마스터ASC) [제과_웨하스미니스] 26.10_바닐라웨하스출시_ASC_전환_image,[26.10]F_I_WB바_전환_바닐라웨하스출시_혜택강조형_KR1_.배너_사과문.__최나영_261001_제과_김수정,78,1,1359.0,0
2026-10-05,(마스터ASC) [제과_웨하스미니스] 26.10_바닐라웨하스출시_ASC_전환_image,(마스터ASC) [제과_웨하스미니스] 26.10_바닐라웨하스출시_ASC_전환_image,[26.10]F_I_WB바_전환_바닐라웨하스출시_혜택강조형_KR1_.배너_한정수량만1+1특가.__최나영_261001_제과_김수정,9,1,233.0,0
2026-10-05,(마스터ASC) [제과_웨하스미니스] 26.10_바닐라웨하스출시_ASC_전환_image,(마스터ASC) [제과_웨하스미니스] 26.10_바닐라웨하스출시_ASC_전환_image,[26.10]F_I_WB바_전환_바닐라웨하스출시_혜택강조형_KR1_.배너_한팩이공짜.__최나영_261001_제과_김수정,4948,76,89237.0,9
2026-10-05,(마스터ASC) [제과_웨하스미니스] 26.10_바닐라웨하스출시_ASC_전환_image,(마스터ASC) [제과_웨하스미니스] 26.10_바닐라웨하스출시_ASC_전환_image,[26.10]F_I_WF바_전환_바닐라웨하스출시_제품강조형_KR2_.배너_희소성.아무도안넣는.__최나영_261002_제과_김수정,195,1,1757.0,0
2026-10-05,(마스터ASC) [제과_웨하스미니스] 26.10_바닐라웨하스출시_ASC_전환_image,(마스터ASC) [제과_웨하스미니스] 26.10_바닐라웨하스출시_ASC_전환_image,[26.10]F_I_WF바_전환_바닐라웨하스출시_제품강조형_KR2_.배너_희소성.지금만먹을수있는.__최나영_261002_제과_김수정,1496,18,20956.0,1
2026-10-05,(마스터ASC) [제과_웨하스미니스] 26.10_바닐라웨하스출시_ASC_전환_image,(마스터ASC) [제과_웨하스미니스] 26.10_바닐라웨하스출시_ASC_전환_image,[26.10]F_I_WF바_전환_바닐라웨하스출시_제품강조형_KR2_.릴스_희소성.백화점급.__최나영_261002_제과_김수정,5,0,97.0,0
2026-10-05,(마스터ASC) [제과_웨하스미니스] 26.10_바닐라웨하스출시_ASC_전환_image,(마스터ASC) [제과_웨하스미니스] 26.10_바닐라웨하스출시_ASC_전환_image,[26.10]F_I_WF바_전환_바닐라웨하스출시_제품강조형_KR2_.릴스_희소성.퀄리티포기못해.__최나영_261002_제과_김수정,65,0,521.0,0
2026-10-05,(마스터ASC) [제과_웨하스미니스] 26.10_바닐라웨하스출시_ASC_전환_image,(마스터ASC) [제과_웨하스미니스] 26.10_바닐라웨하스출시_ASC_전환_image,[26.10]F_I_WF바_전환_바닐라웨하스출시_혜택강조형_KR1_.배너_지금놓치면1년.__최나영_261002_제과_김수정,247,3,3464.0,0
2026-10-05,(마스터ASC) [제과_웨하스미니스] 26.10_바닐라웨하스출시_ASC_전환_image,(마스터ASC) [제과_웨하스미니스] 26.10_바닐라웨하스출시_ASC_전환_image,[26.10]F_I_WF바_전환_바닐라웨하스출시_제품강조형_KR2_.릴스_ 희소성.남들은.__최나영_261002_제과_김수정,47,0,592.0,0
2026-10-05,(마스터ASC) [제과_웨하스미니스] 26.10_바닐라웨하스출시_ASC_전환_image,(마스터ASC) [제과_웨하스미니스] 26.10_바닐라웨하스출시_ASC_전환_image,[26.10]F_I_WF바_전환_바닐라웨하스출시_제품강조형_KR2_.배너_희소성.시중바닐라맛중.__최나영_261002_제과_김수정,180,1,1079.0,0
2026-10-05,(마스터ASC) [제과_웨하스미니스] 26.10_바닐라웨하스출시_ASC_전환_image,(마스터ASC) [제과_웨하스미니스] 26.10_바닐라웨하스출시_ASC_전환_image,[26.10]F_I_WF바_전환_바닐라웨하스출시_혜택강조형_KR1_.릴스_다신없을1+1반값특가.__최나영_261002_제과_김수정,322,0,3494.0,0
2026-10-05,(마스터ASC) [제과_웨하스미니스] 26.10_바닐라웨하스출시_ASC_전환_image,(마스터ASC) [제과_웨하스미니스] 26.10_바닐라웨하스출시_ASC_전환_image,[26.10]F_I_WF바_전환_바닐라웨하스출시_혜택강조형_KR1_.릴스_이가격다신없어요.__최나영_261002_제과_김수정,1137,13,14165.0,1
2026-10-01,[제과_저당웨하스미니스] 26.10_바닐라웨하스출시_수동_전환_video_전체타겟,전화네고형_초코 (26.10 재라이브),[25.12]F_V_WF초_전환_웨하스출시_네고형_전화네고_var4.릴스_취식._2512KR0_문선정_251226_1T_이미진,387,8,8070.0,0
2026-10-01,[제과_저당웨하스미니스] 26.10_바닐라웨하스출시_수동_전환_video_전체타겟,역네고형_초코 (26.10 재라이브),[26.01]F_V_WF초_전환_웨하스출시_네고형_역네고형_var1.릴스_네고빠르게._00_문선정_260102_1T_조의진,2538,73,53535.0,3
2026-10-01,(마스터ASC)[제과_블트하] 26.07_블트깡출시_ASC_전환_video,(마스터ASC)[제과_블트하] 26.07_블트깡출시_ASC_전환_video,[26.08]F_V_BT깡_전환_블트깡출시_라이브커머스형_라이브커머스형.KR1_var3.릴스_찐템강조.댓글.슬기.X_1P_김소희_260811_제과_피재은,2,0,18.0,0
2026-10-02,[제과_저당웨하스미니스] 26.10_바닐라웨하스출시_수동_전환_video_전체타겟,전화네고형_초코 (26.10 재라이브),[25.12]F_V_WF초_전환_웨하스출시_네고형_전화네고_var4.릴스_취식._2512KR0_문선정_251226_1T_이미진,2489,47,47154.0,5
2026-10-02,[제과_저당웨하스미니스] 26.10_바닐라웨하스출시_수동_전환_video_전체타겟,역네고형_초코 (26.10 재라이브),[26.01]F_V_WF초_전환_웨하스출시_네고형_역네고형_var1.릴스_네고빠르게._00_문선정_260102_1T_조의진,4239,127,111337.0,8
2026-10-02,(마스터ASC)[제과_블트하] 26.07_블트깡출시_ASC_전환_video,(마스터ASC)[제과_블트하] 26.07_블트깡출시_ASC_전환_video,[26.08]F_V_BT깡_전환_블트깡출시_라이브커머스형_라이브커머스형.KR1_var3.릴스_찐템강조.댓글.슬기.X_1P_김소희_260811_제과_피재은,1,0,0.0,0
2026-10-03,[제과_저당웨하스미니스] 26.10_바닐라웨하스출시_수동_전환_video_전체타겟,전화네고형_초코 (26.10 재라이브),[25.12]F_V_WF초_전환_웨하스출시_네고형_전화네고_var4.릴스_취식._2512KR0_문선정_251226_1T_이미진,1448,19,20796.0,0
2026-10-03,[제과_저당웨하스미니스] 26.10_바닐라웨하스출시_수동_전환_video_전체타겟,역네고형_초코 (26.10 재라이브),[26.01]F_V_WF초_전환_웨하스출시_네고형_역네고형_var1.릴스_네고빠르게._00_문선정_260102_1T_조의진,688,14,15575.0,0
2026-10-03,(마스터ASC)[제과_블트하] 26.07_블트깡출시_ASC_전환_video,(마스터ASC)[제과_블트하] 26.07_블트깡출시_ASC_전환_video,[26.08]F_V_BT깡_전환_블트깡출시_라이브커머스형_라이브커머스형.KR1_var3.릴스_찐템강조.댓글.슬기.X_1P_김소희_260811_제과_피재은,4,0,19.0,0
2026-10-03,(마스터ASC) [제과_웨하스미니스] 26.10_바닐라웨하스출시_ASC_전환_image,(마스터ASC) [제과_웨하스미니스] 26.10_바닐라웨하스출시_ASC_전환_image,[26.10]F_I_WF바_전환_바닐라웨하스출시_혜택강조형_KR1_.릴스_국내최초1+1.__최나영_261002_제과_김수정,56,0,1307.0,0
2026-10-03,(마스터ASC) [제과_웨하스미니스] 26.10_바닐라웨하스출시_ASC_전환_image,(마스터ASC) [제과_웨하스미니스] 26.10_바닐라웨하스출시_ASC_전환_image,[26.10]F_I_WF바_전환_바닐라웨하스출시_혜택강조형_KR1_.릴스_AI캐릭터.1+1곧끝나요.__최나영_261002_제과_김수정,44,1,874.0,0
2026-10-04,[제과_저당웨하스미니스] 26.10_바닐라웨하스출시_수동_전환_video_전체타겟,역네고형_초코 (26.10 재라이브),[26.01]F_V_WF초_전환_웨하스출시_네고형_역네고형_var1.릴스_네고빠르게._00_문선정_260102_1T_조의진,31000,568,635069.0,51
2026-10-04,(마스터ASC)[제과_블트하] 26.07_블트깡출시_ASC_전환_video,(마스터ASC)[제과_블트하] 26.07_블트깡출시_ASC_전환_video,[26.08]F_V_BT깡_전환_블트깡출시_라이브커머스형_라이브커머스형.KR1_var3.릴스_찐템강조.댓글.슬기.X_1P_김소희_260811_제과_피재은,2,0,25.0,0
2026-10-04,(마스터ASC) [제과_웨하스미니스] 26.10_바닐라웨하스출시_ASC_전환_image,(마스터ASC) [제과_웨하스미니스] 26.10_바닐라웨하스출시_ASC_전환_image,[26.10]F_I_WF바_전환_바닐라웨하스출시_혜택강조형_KR1_.릴스_국내최초1+1.__최나영_261002_제과_김수정,105,0,2068.0,0
2026-10-04,(마스터ASC) [제과_웨하스미니스] 26.10_바닐라웨하스출시_ASC_전환_image,(마스터ASC) [제과_웨하스미니스] 26.10_바닐라웨하스출시_ASC_전환_image,[26.10]F_I_WF바_전환_바닐라웨하스출시_혜택강조형_KR1_.릴스_AI캐릭터.1+1곧끝나요.__최나영_261002_제과_김수정,473,7,10490.0,1
2026-10-05,[제과_저당웨하스미니스] 26.10_바닐라웨하스출시_수동_전환_video_전체타겟,역네고형_초코 (26.10 재라이브),[26.01]F_V_WF초_전환_웨하스출시_네고형_역네고형_var1.릴스_네고빠르게._00_문선정_260102_1T_조의진,27028,499,427072.0,33
2026-10-05,(마스터ASC)[제과_블트하] 26.07_블트깡출시_ASC_전환_video,(마스터ASC)[제과_블트하] 26.07_블트깡출시_ASC_전환_video,[26.08]F_V_BT깡_전환_블트깡출시_라이브커머스형_라이브커머스형.KR1_var3.릴스_찐템강조.댓글.슬기.X_1P_김소희_260811_제과_피재은,1,0,9.0,0
2026-10-05,(마스터ASC) [제과_웨하스미니스] 26.10_바닐라웨하스출시_ASC_전환_image,(마스터ASC) [제과_웨하스미니스] 26.10_바닐라웨하스출시_ASC_전환_image,[26.10]F_I_WF바_전환_바닐라웨하스출시_혜택강조형_KR1_.릴스_국내최초1+1.__최나영_261002_제과_김수정,611,7,8454.0,0
2026-10-05,(마스터ASC) [제과_웨하스미니스] 26.10_바닐라웨하스출시_ASC_전환_image,(마스터ASC) [제과_웨하스미니스] 26.10_바닐라웨하스출시_ASC_전환_image,[26.10]F_I_WF바_전환_바닐라웨하스출시_혜택강조형_KR1_.릴스_AI캐릭터.1+1곧끝나요.__최나영_261002_제과_김수정,961,21,16461.0,1
2026-10-01,(마스터ASC)[제과_블트하] 26.07_블트깡출시_ASC_전환_video,(마스터ASC)[제과_블트하] 26.07_블트깡출시_ASC_전환_video,[26.08]F_V_BT깡_전환_블트깡출시_라이브커머스형_라이브커머스형.KR1_var7.릴스_전체.스페인산.슬기.X_1P_김소희_260812_제과_피재은,18,0,506.0,0
2026-10-02,(마스터ASC)[제과_블트하] 26.07_블트깡출시_ASC_전환_video,(마스터ASC)[제과_블트하] 26.07_블트깡출시_ASC_전환_video,[26.08]F_V_BT깡_전환_블트깡출시_라이브커머스형_라이브커머스형.KR1_var7.릴스_전체.스페인산.슬기.X_1P_김소희_260812_제과_피재은,17,2,440.0,0
2026-10-03,(마스터ASC)[제과_블트하] 26.07_블트깡출시_ASC_전환_video,(마스터ASC)[제과_블트하] 26.07_블트깡출시_ASC_전환_video,[26.08]F_V_BT깡_전환_블트깡출시_라이브커머스형_라이브커머스형.KR1_var7.릴스_전체.스페인산.슬기.X_1P_김소희_260812_제과_피재은,118,4,2772.0,0
2026-10-04,(마스터ASC)[제과_블트하] 26.07_블트깡출시_ASC_전환_video,(마스터ASC)[제과_블트하] 26.07_블트깡출시_ASC_전환_video,[26.08]F_V_BT깡_전환_블트깡출시_라이브커머스형_라이브커머스형.KR1_var7.릴스_전체.스페인산.슬기.X_1P_김소희_260812_제과_피재은,49,1,1409.0,0
2026-10-05,(마스터ASC)[제과_블트하] 26.07_블트깡출시_ASC_전환_video,(마스터ASC)[제과_블트하] 26.07_블트깡출시_ASC_전환_video,[26.08]F_V_BT깡_전환_블트깡출시_라이브커머스형_라이브커머스형.KR1_var7.릴스_전체.스페인산.슬기.X_1P_김소희_260812_제과_피재은,3,0,467.0,0
2026-10-01,(마스터ASC)[제과_블트하] 26.07_블트깡출시_ASC_전환_video,(마스터ASC)[제과_블트하] 26.07_블트깡출시_ASC_전환_video,[26.08]F_V_BT깡_전환_블트깡출시_라이브커머스형_라이브커머스형.KR1_var1.릴스_찐템강조.주변.슬기.X_1P_김소희_260811_제과_피재은,15,0,443.0,0
2026-10-01,(마스터ASC)[제과_블트하] 26.07_블트깡출시_ASC_전환_video,(마스터ASC)[제과_블트하] 26.07_블트깡출시_ASC_전환_video,[26.08]F_V_BT깡_전환_블트깡출시_라이브커머스형_라이브커머스형.KR1_var6.릴스_전체.상황극.슬기.X_1P_김소희_260812_제과_피재은,3,0,33.0,0
2026-10-01,(마스터ASC)[제과_블트하] 26.07_블트깡출시_ASC_전환_video,(마스터ASC)[제과_블트하] 26.07_블트깡출시_ASC_전환_video,[26.08]F_V_BT칩_전환_블트깡출시_신규BP_브랜든배너형BP_var4.릴스_손님간식1티어.할인추가.X_2P_최재원_260814_제과_최재원,2,0,12.0,0
2026-10-02,(마스터ASC)[제과_블트하] 26.07_블트깡출시_ASC_전환_video,(마스터ASC)[제과_블트하] 26.07_블트깡출시_ASC_전환_video,[26.08]F_V_BT깡_전환_블트깡출시_라이브커머스형_라이브커머스형.KR1_var1.릴스_찐템강조.주변.슬기.X_1P_김소희_260811_제과_피재은,9,0,200.0,0
2026-10-02,(마스터ASC)[제과_블트하] 26.07_블트깡출시_ASC_전환_video,(마스터ASC)[제과_블트하] 26.07_블트깡출시_ASC_전환_video,[26.08]F_V_BT깡_전환_블트깡출시_라이브커머스형_라이브커머스형.KR1_var6.릴스_전체.상황극.슬기.X_1P_김소희_260812_제과_피재은,1,0,17.0,0
2026-10-02,(마스터ASC)[제과_블트하] 26.07_블트깡출시_ASC_전환_video,(마스터ASC)[제과_블트하] 26.07_블트깡출시_ASC_전환_video,[26.08]F_V_BT칩_전환_블트깡출시_신규BP_브랜든배너형BP_var4.릴스_손님간식1티어.할인추가.X_2P_최재원_260814_제과_최재원,1,0,25.0,0
2026-10-03,(마스터ASC)[제과_블트하] 26.07_블트깡출시_ASC_전환_video,(마스터ASC)[제과_블트하] 26.07_블트깡출시_ASC_전환_video,[26.08]F_V_BT깡_전환_블트깡출시_라이브커머스형_라이브커머스형.KR1_var1.릴스_찐템강조.주변.슬기.X_1P_김소희_260811_제과_피재은,64,3,2795.0,1
2026-10-03,(마스터ASC)[제과_블트하] 26.07_블트깡출시_ASC_전환_video,(마스터ASC)[제과_블트하] 26.07_블트깡출시_ASC_전환_video,[26.08]F_V_BT깡_전환_블트깡출시_라이브커머스형_라이브커머스형.KR1_var6.릴스_전체.상황극.슬기.X_1P_김소희_260812_제과_피재은,2,0,6.0,0
2026-10-03,(마스터ASC)[제과_블트하] 26.07_블트깡출시_ASC_전환_video,(마스터ASC)[제과_블트하] 26.07_블트깡출시_ASC_전환_video,[26.08]F_V_BT칩_전환_블트깡출시_신규BP_브랜든배너형BP_var4.릴스_손님간식1티어.할인추가.X_2P_최재원_260814_제과_최재원,3,0,50.0,0
2026-10-04,(마스터ASC)[제과_블트하] 26.07_블트깡출시_ASC_전환_video,(마스터ASC)[제과_블트하] 26.07_블트깡출시_ASC_전환_video,[26.08]F_V_BT깡_전환_블트깡출시_라이브커머스형_라이브커머스형.KR1_var1.릴스_찐템강조.주변.슬기.X_1P_김소희_260811_제과_피재은,39,0,1951.0,0
2026-10-04,(마스터ASC)[제과_블트하] 26.07_블트깡출시_ASC_전환_video,(마스터ASC)[제과_블트하] 26.07_블트깡출시_ASC_전환_video,[26.08]F_V_BT칩_전환_블트깡출시_신규BP_브랜든배너형BP_var4.릴스_손님간식1티어.할인추가.X_2P_최재원_260814_제과_최재원,1,0,8.0,0
2026-10-05,(마스터ASC)[제과_블트하] 26.07_블트깡출시_ASC_전환_video,(마스터ASC)[제과_블트하] 26.07_블트깡출시_ASC_전환_video,[26.08]F_V_BT깡_전환_블트깡출시_라이브커머스형_라이브커머스형.KR1_var1.릴스_찐템강조.주변.슬기.X_1P_김소희_260811_제과_피재은,9,1,292.0,0
2026-10-05,(마스터ASC)[제과_블트하] 26.07_블트깡출시_ASC_전환_video,(마스터ASC)[제과_블트하] 26.07_블트깡출시_ASC_전환_video,[26.08]F_V_BT칩_전환_블트깡출시_신규BP_브랜든배너형BP_var4.릴스_손님간식1티어.할인추가.X_2P_최재원_260814_제과_최재원,1,0,30.0,0
2026-10-01,[제과_저당웨하스미니스] 26.10_바닐라웨하스출시_수동_전환_image_전체타겟,혜택강조형_바닐라 (1001),[26.09]F_I_WF초_전환_웨하스출시_혜택강조형_신규고_.배너_혜택O.기존고효율.가격조정안내.___261001_제과_김수정,126,2,1516.0,0
2026-10-01,[제과_저당웨하스미니스] 26.10_바닐라웨하스출시_수동_전환_image_전체타겟,혜택강조형_바닐라 (1001),[26.09]F_I_WF초_전환_웨하스출시_혜택강조형_신규고_.배너_혜택O.기존고효율.죄송합니다.블랙.___261001_제과_김수정,24,0,549.0,0
2026-10-01,[제과_저당웨하스미니스] 26.10_바닐라웨하스출시_수동_전환_image_전체타겟,혜택강조형_바닐라 (1001),[26.09]F_I_WF초_전환_웨하스출시_혜택강조형_신규고_.배너_혜택O.기존고효율.사과문.이번수량까지만.___261001_제과_김수정,32,0,241.0,0
2026-10-01,[제과_저당웨하스미니스] 26.10_바닐라웨하스출시_수동_전환_image_전체타겟,혜택강조형_바닐라 (1001),[26.09]F_I_WF초_전환_웨하스출시_혜택강조형_신규고_.배너_혜택O.기존고효율.통곡의사과문.한번먹어본.___261001_제과_김수정,36,2,472.0,1
2026-10-01,[제과_저당웨하스미니스] 26.10_바닐라웨하스출시_수동_전환_image_전체타겟,혜택강조형_바닐라 (1001),[26.09]F_I_WF초_전환_웨하스출시_혜택강조형_신규고_.배너_혜택O.기존고효율.한정수량만원플원.___261001_제과_김수정,387,2,4852.0,0
2026-10-01,[제과_저당웨하스미니스] 26.10_바닐라웨하스출시_수동_전환_image_전체타겟,혜택강조형_바닐라 (1001),[26.09]F_I_WF초_전환_웨하스출시_혜택강조형_신규고_.배너_혜택O.기존고효율.통곡의사과문.규모감.___261001_제과_김수정,6,0,89.0,0
2026-10-01,[제과_저당웨하스미니스] 26.10_바닐라웨하스출시_수동_전환_image_전체타겟,혜택강조_초코  (26.10 재라이브),[26.09]F_I_WF초_전환_웨하스출시_혜택강조형_신규고_.배너_혜택O.기존고효율.죄송합니다.블랙.___261001_제과_김수정,477,5,7757.0,0
2026-10-01,[제과_저당웨하스미니스] 26.10_바닐라웨하스출시_수동_전환_image_전체타겟,혜택강조_초코  (26.10 재라이브),[26.09]F_I_WF초_전환_웨하스출시_혜택강조형_신규고_.배너_혜택O.기존고효율.통곡의사과문.규모감.___261001_제과_김수정,43,2,688.0,0
2026-10-01,[제과_저당웨하스미니스] 26.10_바닐라웨하스출시_수동_전환_image_전체타겟,혜택강조_초코  (26.10 재라이브),[26.09]F_I_WF초_전환_웨하스출시_혜택강조형_신규고_.배너_혜택O.기존고효율.사과문.이번수량까지만.___261001_제과_김수정,613,4,6358.0,0
2026-10-01,[제과_저당웨하스미니스] 26.10_바닐라웨하스출시_수동_전환_image_전체타겟,혜택강조_초코  (26.10 재라이브),[26.09]F_I_WF초_전환_웨하스출시_혜택강조형_신규고_.배너_혜택O.기존고효율.한정수량만원플원.___261001_제과_김수정,1049,18,16190.0,1
2026-10-01,[제과_저당웨하스미니스] 26.10_바닐라웨하스출시_수동_전환_image_전체타겟,혜택강조_초코  (26.10 재라이브),[26.09]F_I_WF초_전환_웨하스출시_혜택강조형_신규고_.배너_혜택O.기존고효율.가격조정안내.___261001_제과_김수정,718,13,10089.0,0
2026-10-01,[제과_저당웨하스미니스] 26.10_바닐라웨하스출시_수동_전환_image_전체타겟,혜택강조_초코  (26.10 재라이브),[26.09]F_I_WF초_전환_웨하스출시_혜택강조형_신규고_.배너_혜택O.기존고효율.통곡의사과문.한번먹어본.___261001_제과_김수정,322,7,5404.0,1
2026-10-01,[제과_저당웨하스미니스] 26.10_바닐라웨하스출시_수동_전환_image_전체타겟,혜택강조형_바닐라 (1001),[26.10]F_I_WB바_전환_바닐라웨하스출시_혜택강조형_KR1_.배너_다시는없어요.__최나영_261001_제과_김수정,65,2,1050.0,0
2026-10-01,[제과_저당웨하스미니스] 26.10_바닐라웨하스출시_수동_전환_image_전체타겟,혜택강조형_바닐라 (1001),[26.10]F_I_WB바_전환_바닐라웨하스출시_혜택강조형_KR1_.배너_원쁠원특가.__최나영_261001_제과_김수정,89,3,1210.0,0
2026-10-01,[제과_저당웨하스미니스] 26.10_바닐라웨하스출시_수동_전환_image_전체타겟,혜택강조형_바닐라 (1001),[26.10]F_I_WB바_전환_바닐라웨하스출시_혜택강조형_KR1_.배너_가격조정안내.__최나영_261001_제과_김수정,7,0,111.0,0
2026-10-01,[제과_저당웨하스미니스] 26.10_바닐라웨하스출시_수동_전환_image_전체타겟,혜택강조형_바닐라 (1001),[26.10]F_I_WB바_전환_바닐라웨하스출시_혜택강조형_KR1_.배너_곧종료해요.__최나영_261001_제과_김수정,23,0,341.0,0
2026-10-01,[제과_저당웨하스미니스] 26.10_바닐라웨하스출시_수동_전환_image_전체타겟,혜택강조형_바닐라 (1001),[26.10]F_I_WB바_전환_바닐라웨하스출시_혜택강조형_KR1_.배너_재입고어렵습니다.__최나영_261001_제과_김수정,67,1,1715.0,0
2026-10-01,[제과_저당웨하스미니스] 26.10_바닐라웨하스출시_수동_전환_image_전체타겟,혜택강조형_바닐라 (1001),[26.10]F_I_WB바_전환_바닐라웨하스출시_혜택강조형_KR1_.배너_주문폭주감사.__최나영_261001_제과_김수정,30,0,472.0,0
2026-10-01,[제과_저당웨하스미니스] 26.10_바닐라웨하스출시_수동_전환_image_전체타겟,혜택강조형_바닐라 (1001),[26.10]F_I_WB바_전환_바닐라웨하스출시_혜택강조형_KR1_.배너_통곡의사과문역대급신상.__최나영_261001_제과_김수정,1,0,6.0,0
2026-10-01,[제과_저당웨하스미니스] 26.10_바닐라웨하스출시_수동_전환_image_전체타겟,혜택강조형_바닐라 (1001),[26.10]F_I_WB바_전환_바닐라웨하스출시_혜택강조형_KR1_.배너_통곡의사과문재구매.__최나영_261001_제과_김수정,25,1,419.0,0
2026-10-01,[제과_저당웨하스미니스] 26.10_바닐라웨하스출시_수동_전환_image_전체타겟,혜택강조형_바닐라 (1001),[26.10]F_I_WB바_전환_바닐라웨하스출시_혜택강조형_KR1_.배너_지금이젤싸요.__최나영_261001_제과_김수정,2,0,29.0,0
2026-10-01,[제과_저당웨하스미니스] 26.10_바닐라웨하스출시_수동_전환_image_전체타겟,혜택강조형_바닐라 (1001),[26.10]F_I_WB바_전환_바닐라웨하스출시_혜택강조형_KR1_.배너_죄송합니다품절임박.__최나영_261001_제과_김수정,6,0,217.0,0
2026-10-01,[제과_저당웨하스미니스] 26.10_바닐라웨하스출시_수동_전환_image_전체타겟,혜택강조형_바닐라 (1001),[26.10]F_I_WB바_전환_바닐라웨하스출시_혜택강조형_KR1_.배너_왜나중에사세요?.__최나영_261001_제과_김수정,57,0,1089.0,0
2026-10-01,[제과_저당웨하스미니스] 26.10_바닐라웨하스출시_수동_전환_image_전체타겟,혜택강조형_바닐라 (1001),[26.10]F_I_WB바_전환_바닐라웨하스출시_혜택강조형_KR1_.배너_지금사면한팩더.__최나영_261001_제과_김수정,166,0,3088.0,0
2026-10-01,[제과_저당웨하스미니스] 26.10_바닐라웨하스출시_수동_전환_image_전체타겟,혜택강조형_바닐라 (1001),[26.10]F_I_WB바_전환_바닐라웨하스출시_혜택강조형_KR1_.배너_사과문.__최나영_261001_제과_김수정,13,0,184.0,0
2026-10-01,[제과_저당웨하스미니스] 26.10_바닐라웨하스출시_수동_전환_image_전체타겟,혜택강조형_바닐라 (1001),[26.10]F_I_WB바_전환_바닐라웨하스출시_혜택강조형_KR1_.배너_마진포기.__최나영_261001_제과_김수정,372,8,6684.0,0
2026-10-01,[제과_저당웨하스미니스] 26.10_바닐라웨하스출시_수동_전환_image_전체타겟,혜택강조형_바닐라 (1001),[26.10]F_I_WB바_전환_바닐라웨하스출시_혜택강조형_KR1_.배너_한정수량만1+1특가.__최나영_261001_제과_김수정,11,0,124.0,0
2026-10-01,[제과_저당웨하스미니스] 26.10_바닐라웨하스출시_수동_전환_image_전체타겟,혜택강조형_바닐라 (1001),[26.10]F_I_WB바_전환_바닐라웨하스출시_혜택강조형_KR1_.배너_한팩이공짜.__최나영_261001_제과_김수정,839,13,15358.0,0
2026-10-02,[제과_저당웨하스미니스] 26.10_바닐라웨하스출시_수동_전환_image_전체타겟,혜택강조형_바닐라 (1001),[26.09]F_I_WF초_전환_웨하스출시_혜택강조형_신규고_.배너_혜택O.기존고효율.한정수량만원플원.___261001_제과_김수정,1160,7,15666.0,1
2026-10-02,[제과_저당웨하스미니스] 26.10_바닐라웨하스출시_수동_전환_image_전체타겟,혜택강조_초코  (26.10 재라이브),[26.09]F_I_WF초_전환_웨하스출시_혜택강조형_신규고_.배너_혜택O.기존고효율.죄송합니다.블랙.___261001_제과_김수정,336,4,8023.0,0
2026-10-02,[제과_저당웨하스미니스] 26.10_바닐라웨하스출시_수동_전환_image_전체타겟,혜택강조_초코  (26.10 재라이브),[26.09]F_I_WF초_전환_웨하스출시_혜택강조형_신규고_.배너_혜택O.기존고효율.통곡의사과문.규모감.___261001_제과_김수정,145,3,2510.0,2
2026-10-02,[제과_저당웨하스미니스] 26.10_바닐라웨하스출시_수동_전환_image_전체타겟,혜택강조_초코  (26.10 재라이브),[26.09]F_I_WF초_전환_웨하스출시_혜택강조형_신규고_.배너_혜택O.기존고효율.사과문.이번수량까지만.___261001_제과_김수정,1832,12,14287.0,0
2026-10-02,[제과_저당웨하스미니스] 26.10_바닐라웨하스출시_수동_전환_image_전체타겟,혜택강조_초코  (26.10 재라이브),[26.09]F_I_WF초_전환_웨하스출시_혜택강조형_신규고_.배너_혜택O.기존고효율.한정수량만원플원.___261001_제과_김수정,2495,22,25787.0,0
2026-10-02,[제과_저당웨하스미니스] 26.10_바닐라웨하스출시_수동_전환_image_전체타겟,혜택강조_초코  (26.10 재라이브),[26.09]F_I_WF초_전환_웨하스출시_혜택강조형_신규고_.배너_혜택O.기존고효율.가격조정안내.___261001_제과_김수정,1494,18,20462.0,1
2026-10-02,[제과_저당웨하스미니스] 26.10_바닐라웨하스출시_수동_전환_image_전체타겟,혜택강조_초코  (26.10 재라이브),[26.09]F_I_WF초_전환_웨하스출시_혜택강조형_신규고_.배너_혜택O.기존고효율.통곡의사과문.한번먹어본.___261001_제과_김수정,252,1,2146.0,0
2026-10-02,[제과_저당웨하스미니스] 26.10_바닐라웨하스출시_수동_전환_image_전체타겟,혜택강조형_바닐라 (1001),[26.10]F_I_WB바_전환_바닐라웨하스출시_혜택강조형_KR1_.배너_다시는없어요.__최나영_261001_제과_김수정,1,0,53.0,0
2026-10-02,[제과_저당웨하스미니스] 26.10_바닐라웨하스출시_수동_전환_image_전체타겟,혜택강조형_바닐라 (1001),[26.10]F_I_WB바_전환_바닐라웨하스출시_혜택강조형_KR1_.배너_가격조정안내.__최나영_261001_제과_김수정,16,0,449.0,0
2026-10-02,[제과_저당웨하스미니스] 26.10_바닐라웨하스출시_수동_전환_image_전체타겟,혜택강조형_바닐라 (1001),[26.10]F_I_WB바_전환_바닐라웨하스출시_혜택강조형_KR1_.배너_주문폭주감사.__최나영_261001_제과_김수정,7,0,344.0,0
2026-10-02,[제과_저당웨하스미니스] 26.10_바닐라웨하스출시_수동_전환_image_전체타겟,혜택강조형_바닐라 (1001),[26.10]F_I_WB바_전환_바닐라웨하스출시_혜택강조형_KR1_.배너_통곡의사과문역대급신상.__최나영_261001_제과_김수정,1,0,3.0,0
2026-10-02,[제과_저당웨하스미니스] 26.10_바닐라웨하스출시_수동_전환_image_전체타겟,혜택강조형_바닐라 (1001),[26.10]F_I_WB바_전환_바닐라웨하스출시_혜택강조형_KR1_.배너_통곡의사과문재구매.__최나영_261001_제과_김수정,18,0,1127.0,0
2026-10-02,[제과_저당웨하스미니스] 26.10_바닐라웨하스출시_수동_전환_image_전체타겟,혜택강조형_바닐라 (1001),[26.10]F_I_WB바_전환_바닐라웨하스출시_혜택강조형_KR1_.배너_지금이젤싸요.__최나영_261001_제과_김수정,1,0,8.0,0
2026-10-02,[제과_저당웨하스미니스] 26.10_바닐라웨하스출시_수동_전환_image_전체타겟,혜택강조형_바닐라 (1001),[26.10]F_I_WB바_전환_바닐라웨하스출시_혜택강조형_KR1_.배너_죄송합니다품절임박.__최나영_261001_제과_김수정,13,0,341.0,0
2026-10-02,[제과_저당웨하스미니스] 26.10_바닐라웨하스출시_수동_전환_image_전체타겟,혜택강조형_바닐라 (1001),[26.10]F_I_WB바_전환_바닐라웨하스출시_혜택강조형_KR1_.배너_지금사면한팩더.__최나영_261001_제과_김수정,442,2,8549.0,0
2026-10-02,[제과_저당웨하스미니스] 26.10_바닐라웨하스출시_수동_전환_image_전체타겟,혜택강조형_바닐라 (1001),[26.10]F_I_WB바_전환_바닐라웨하스출시_혜택강조형_KR1_.배너_사과문.__최나영_261001_제과_김수정,50,0,1907.0,0
2026-10-02,[제과_저당웨하스미니스] 26.10_바닐라웨하스출시_수동_전환_image_전체타겟,혜택강조형_바닐라 (1001),[26.10]F_I_WB바_전환_바닐라웨하스출시_혜택강조형_KR1_.배너_마진포기.__최나영_261001_제과_김수정,33,0,2630.0,0
2026-10-02,[제과_저당웨하스미니스] 26.10_바닐라웨하스출시_수동_전환_image_전체타겟,제품강조형_바닐라 (1002),[26.10]F_I_WF바_전환_바닐라웨하스출시_제품강조형_KR2_.배너_희소성.아무도안넣는.__최나영_261002_제과_김수정,1545,13,15381.0,1
2026-10-02,[제과_저당웨하스미니스] 26.10_바닐라웨하스출시_수동_전환_image_전체타겟,제품강조형_바닐라 (1002),[26.10]F_I_WF바_전환_바닐라웨하스출시_제품강조형_KR2_.배너_희소성.지금만먹을수있는.__최나영_261002_제과_김수정,1073,8,13431.0,0
2026-10-02,[제과_저당웨하스미니스] 26.10_바닐라웨하스출시_수동_전환_image_전체타겟,혜택강조형_바닐라 (1002),[26.10]F_I_WF바_전환_바닐라웨하스출시_혜택강조형_KR1_.배너_지금놓치면1년.__최나영_261002_제과_김수정,1330,19,24160.0,2
2026-10-02,[제과_저당웨하스미니스] 26.10_바닐라웨하스출시_수동_전환_image_전체타겟,제품강조형_바닐라 (1002),[26.10]F_I_WF바_전환_바닐라웨하스출시_제품강조형_KR2_.릴스_ 희소성.남들은.__최나영_261002_제과_김수정,6,0,369.0,0
2026-10-02,[제과_저당웨하스미니스] 26.10_바닐라웨하스출시_수동_전환_image_전체타겟,제품강조형_바닐라 (1002),[26.10]F_I_WF바_전환_바닐라웨하스출시_제품강조형_KR2_.배너_희소성.시중바닐라맛중.__최나영_261002_제과_김수정,1238,9,6900.0,0
2026-10-02,[제과_저당웨하스미니스] 26.10_바닐라웨하스출시_수동_전환_image_전체타겟,제품강조형_바닐라 (1002),[26.10]F_I_WF바_전환_바닐라웨하스출시_제품강조형_KR2_.배너_희소성.제조공정변동가능성안내.__최나영_261002_제과_김수정,311,2,3311.0,0
2026-10-02,[제과_저당웨하스미니스] 26.10_바닐라웨하스출시_수동_전환_image_전체타겟,혜택강조형_바닐라 (1002),[26.10]F_I_WF바_전환_바닐라웨하스출시_혜택강조형_KR1_.릴스_다신없을1+1반값특가.__최나영_261002_제과_김수정,18,0,169.0,0
2026-10-03,[제과_저당웨하스미니스] 26.10_바닐라웨하스출시_수동_전환_image_전체타겟,혜택강조형_바닐라 (1001),[26.09]F_I_WF초_전환_웨하스출시_혜택강조형_신규고_.배너_혜택O.기존고효율.사과문.이번수량까지만.___261001_제과_김수정,44,0,669.0,0
2026-10-03,[제과_저당웨하스미니스] 26.10_바닐라웨하스출시_수동_전환_image_전체타겟,혜택강조형_바닐라 (1001),[26.09]F_I_WF초_전환_웨하스출시_혜택강조형_신규고_.배너_혜택O.기존고효율.한정수량만원플원.___261001_제과_김수정,404,6,6733.0,1
2026-10-03,[제과_저당웨하스미니스] 26.10_바닐라웨하스출시_수동_전환_image_전체타겟,혜택강조형_바닐라 (1001),[26.09]F_I_WF초_전환_웨하스출시_혜택강조형_신규고_.배너_혜택O.기존고효율.통곡의사과문.규모감.___261001_제과_김수정,52,0,353.0,0
2026-10-03,[제과_저당웨하스미니스] 26.10_바닐라웨하스출시_수동_전환_image_전체타겟,혜택강조형_바닐라 (1001),[26.10]F_I_WB바_전환_바닐라웨하스출시_혜택강조형_KR1_.배너_다시는없어요.__최나영_261001_제과_김수정,1,0,14.0,0
2026-10-03,[제과_저당웨하스미니스] 26.10_바닐라웨하스출시_수동_전환_image_전체타겟,혜택강조형_바닐라 (1001),[26.10]F_I_WB바_전환_바닐라웨하스출시_혜택강조형_KR1_.배너_가격조정안내.__최나영_261001_제과_김수정,35,0,672.0,0
2026-10-03,[제과_저당웨하스미니스] 26.10_바닐라웨하스출시_수동_전환_image_전체타겟,혜택강조형_바닐라 (1001),[26.10]F_I_WB바_전환_바닐라웨하스출시_혜택강조형_KR1_.배너_주문폭주감사.__최나영_261001_제과_김수정,21,0,265.0,0
2026-10-03,[제과_저당웨하스미니스] 26.10_바닐라웨하스출시_수동_전환_image_전체타겟,혜택강조형_바닐라 (1001),[26.10]F_I_WB바_전환_바닐라웨하스출시_혜택강조형_KR1_.배너_지금이젤싸요.__최나영_261001_제과_김수정,81,3,3070.0,0
2026-10-03,[제과_저당웨하스미니스] 26.10_바닐라웨하스출시_수동_전환_image_전체타겟,혜택강조형_바닐라 (1001),[26.10]F_I_WB바_전환_바닐라웨하스출시_혜택강조형_KR1_.배너_죄송합니다품절임박.__최나영_261001_제과_김수정,18,0,839.0,0
2026-10-03,[제과_저당웨하스미니스] 26.10_바닐라웨하스출시_수동_전환_image_전체타겟,혜택강조형_바닐라 (1001),[26.10]F_I_WB바_전환_바닐라웨하스출시_혜택강조형_KR1_.배너_지금사면한팩더.__최나영_261001_제과_김수정,79,1,2317.0,0
2026-10-03,[제과_저당웨하스미니스] 26.10_바닐라웨하스출시_수동_전환_image_전체타겟,혜택강조형_바닐라 (1001),[26.10]F_I_WB바_전환_바닐라웨하스출시_혜택강조형_KR1_.배너_사과문.__최나영_261001_제과_김수정,54,0,1571.0,0
2026-10-03,[제과_저당웨하스미니스] 26.10_바닐라웨하스출시_수동_전환_image_전체타겟,혜택강조형_바닐라 (1001),[26.10]F_I_WB바_전환_바닐라웨하스출시_혜택강조형_KR1_.배너_마진포기.__최나영_261001_제과_김수정,266,6,6355.0,0
2026-10-03,[제과_저당웨하스미니스] 26.10_바닐라웨하스출시_수동_전환_image_전체타겟,제품강조형_바닐라 (1002),[26.10]F_I_WF바_전환_바닐라웨하스출시_제품강조형_KR2_.릴스_희소성.퀄리티포기못해.__최나영_261002_제과_김수정,373,1,7004.0,0
2026-10-03,[제과_저당웨하스미니스] 26.10_바닐라웨하스출시_수동_전환_image_전체타겟,제품강조형_바닐라 (1002),[26.10]F_I_WF바_전환_바닐라웨하스출시_제품강조형_KR2_.릴스_희소성.백화점급.__최나영_261002_제과_김수정,313,4,4415.0,0
2026-10-03,[제과_저당웨하스미니스] 26.10_바닐라웨하스출시_수동_전환_image_전체타겟,혜택강조형_바닐라 (1002),[26.10]F_I_WF바_전환_바닐라웨하스출시_혜택강조형_KR1_.배너_지금놓치면1년.__최나영_261002_제과_김수정,1633,14,24065.0,4
2026-10-03,[제과_저당웨하스미니스] 26.10_바닐라웨하스출시_수동_전환_image_전체타겟,제품강조형_바닐라 (1002),[26.10]F_I_WF바_전환_바닐라웨하스출시_제품강조형_KR2_.릴스_ 희소성.남들은.__최나영_261002_제과_김수정,282,3,5347.0,1
2026-10-03,[제과_저당웨하스미니스] 26.10_바닐라웨하스출시_수동_전환_image_전체타겟,제품강조형_바닐라 (1002),[26.10]F_I_WF바_전환_바닐라웨하스출시_제품강조형_KR2_.배너_희소성.시중바닐라맛중.__최나영_261002_제과_김수정,1,0,4.0,0
2026-10-03,[제과_저당웨하스미니스] 26.10_바닐라웨하스출시_수동_전환_image_전체타겟,혜택강조형_바닐라 (1002),[26.10]F_I_WF바_전환_바닐라웨하스출시_혜택강조형_KR1_.릴스_다신없을1+1반값특가.__최나영_261002_제과_김수정,449,3,6598.0,0
2026-10-04,[제과_저당웨하스미니스] 26.10_바닐라웨하스출시_수동_전환_image_전체타겟,혜택강조_초코  (26.10 재라이브),[26.09]F_I_WF초_전환_웨하스출시_혜택강조형_신규고_.배너_혜택O.기존고효율.죄송합니다.블랙.___261001_제과_김수정,213,0,4013.0,0
2026-10-04,[제과_저당웨하스미니스] 26.10_바닐라웨하스출시_수동_전환_image_전체타겟,혜택강조_초코  (26.10 재라이브),[26.09]F_I_WF초_전환_웨하스출시_혜택강조형_신규고_.배너_혜택O.기존고효율.통곡의사과문.규모감.___261001_제과_김수정,92,0,1502.0,0
2026-10-04,[제과_저당웨하스미니스] 26.10_바닐라웨하스출시_수동_전환_image_전체타겟,혜택강조_초코  (26.10 재라이브),[26.09]F_I_WF초_전환_웨하스출시_혜택강조형_신규고_.배너_혜택O.기존고효율.사과문.이번수량까지만.___261001_제과_김수정,694,4,8882.0,1
2026-10-04,[제과_저당웨하스미니스] 26.10_바닐라웨하스출시_수동_전환_image_전체타겟,혜택강조_초코  (26.10 재라이브),[26.09]F_I_WF초_전환_웨하스출시_혜택강조형_신규고_.배너_혜택O.기존고효율.통곡의사과문.한번먹어본.___261001_제과_김수정,52,0,567.0,0
2026-10-04,[제과_저당웨하스미니스] 26.10_바닐라웨하스출시_수동_전환_image_전체타겟,제품강조형_바닐라 (1002),[26.10]F_I_WF바_전환_바닐라웨하스출시_제품강조형_KR2_.배너_희소성.아무도안넣는.__최나영_261002_제과_김수정,516,3,4116.0,1
2026-10-04,[제과_저당웨하스미니스] 26.10_바닐라웨하스출시_수동_전환_image_전체타겟,제품강조형_바닐라 (1002),[26.10]F_I_WF바_전환_바닐라웨하스출시_제품강조형_KR2_.배너_희소성.지금만먹을수있는.__최나영_261002_제과_김수정,907,6,6903.0,0
2026-10-04,[제과_저당웨하스미니스] 26.10_바닐라웨하스출시_수동_전환_image_전체타겟,제품강조형_바닐라 (1002),[26.10]F_I_WF바_전환_바닐라웨하스출시_제품강조형_KR2_.릴스_희소성.퀄리티포기못해.__최나영_261002_제과_김수정,178,4,3007.0,0
2026-10-04,[제과_저당웨하스미니스] 26.10_바닐라웨하스출시_수동_전환_image_전체타겟,제품강조형_바닐라 (1002),[26.10]F_I_WF바_전환_바닐라웨하스출시_제품강조형_KR2_.릴스_희소성.백화점급.__최나영_261002_제과_김수정,2496,18,40436.0,5
2026-10-04,[제과_저당웨하스미니스] 26.10_바닐라웨하스출시_수동_전환_image_전체타겟,혜택강조형_바닐라 (1002),[26.10]F_I_WF바_전환_바닐라웨하스출시_혜택강조형_KR1_.배너_지금놓치면1년.__최나영_261002_제과_김수정,8671,141,104788.0,12
2026-10-04,[제과_저당웨하스미니스] 26.10_바닐라웨하스출시_수동_전환_image_전체타겟,제품강조형_바닐라 (1002),[26.10]F_I_WF바_전환_바닐라웨하스출시_제품강조형_KR2_.릴스_ 희소성.남들은.__최나영_261002_제과_김수정,712,8,14106.0,0
2026-10-04,[제과_저당웨하스미니스] 26.10_바닐라웨하스출시_수동_전환_image_전체타겟,제품강조형_바닐라 (1002),[26.10]F_I_WF바_전환_바닐라웨하스출시_제품강조형_KR2_.배너_희소성.시중바닐라맛중.__최나영_261002_제과_김수정,1021,6,10396.0,0
2026-10-04,[제과_저당웨하스미니스] 26.10_바닐라웨하스출시_수동_전환_image_전체타겟,제품강조형_바닐라 (1002),[26.10]F_I_WF바_전환_바닐라웨하스출시_제품강조형_KR2_.배너_희소성.제조공정변동가능성안내.__최나영_261002_제과_김수정,1041,13,11611.0,0
2026-10-04,[제과_저당웨하스미니스] 26.10_바닐라웨하스출시_수동_전환_image_전체타겟,혜택강조형_바닐라 (1002),[26.10]F_I_WF바_전환_바닐라웨하스출시_혜택강조형_KR1_.릴스_다신없을1+1반값특가.__최나영_261002_제과_김수정,328,4,4242.0,0
2026-10-05,[제과_저당웨하스미니스] 26.10_바닐라웨하스출시_수동_전환_image_전체타겟,제품강조형_바닐라 (1002),[26.10]F_I_WF바_전환_바닐라웨하스출시_제품강조형_KR2_.배너_희소성.아무도안넣는.__최나영_261002_제과_김수정,234,2,1890.0,0
2026-10-05,[제과_저당웨하스미니스] 26.10_바닐라웨하스출시_수동_전환_image_전체타겟,제품강조형_바닐라 (1002),[26.10]F_I_WF바_전환_바닐라웨하스출시_제품강조형_KR2_.배너_희소성.지금만먹을수있는.__최나영_261002_제과_김수정,95,2,1061.0,0
2026-10-05,[제과_저당웨하스미니스] 26.10_바닐라웨하스출시_수동_전환_image_전체타겟,제품강조형_바닐라 (1002),[26.10]F_I_WF바_전환_바닐라웨하스출시_제품강조형_KR2_.릴스_희소성.퀄리티포기못해.__최나영_261002_제과_김수정,680,6,11795.0,2
2026-10-05,[제과_저당웨하스미니스] 26.10_바닐라웨하스출시_수동_전환_image_전체타겟,제품강조형_바닐라 (1002),[26.10]F_I_WF바_전환_바닐라웨하스출시_제품강조형_KR2_.릴스_희소성.백화점급.__최나영_261002_제과_김수정,733,17,13316.0,0
2026-10-05,[제과_저당웨하스미니스] 26.10_바닐라웨하스출시_수동_전환_image_전체타겟,혜택강조형_바닐라 (1002),[26.10]F_I_WF바_전환_바닐라웨하스출시_혜택강조형_KR1_.배너_지금놓치면1년.__최나영_261002_제과_김수정,3499,46,45891.0,3
2026-10-05,[제과_저당웨하스미니스] 26.10_바닐라웨하스출시_수동_전환_image_전체타겟,제품강조형_바닐라 (1002),[26.10]F_I_WF바_전환_바닐라웨하스출시_제품강조형_KR2_.배너_희소성.시중바닐라맛중.__최나영_261002_제과_김수정,212,3,1542.0,0
2026-10-05,[제과_저당웨하스미니스] 26.10_바닐라웨하스출시_수동_전환_image_전체타겟,혜택강조형_바닐라 (1002),[26.10]F_I_WF바_전환_바닐라웨하스출시_혜택강조형_KR1_.릴스_다신없을1+1반값특가.__최나영_261002_제과_김수정,113,0,1203.0,0
2026-10-01,[제과_저당웨하스미니스] 26.10_바닐라웨하스출시_수동_전환_image_전체타겟,혜택강조_초코  (26.10 재라이브),[25.12]F_I_WF초_전환_웨하스출시_혜택강조형_신규고_.배너_혜택O.기존고효율.지금쌀때쟁이세요_KR4_윤검주_251226_콘텐츠2_최아연,465,6,10508.0,0
2026-10-01,(마스터ASC)[제과_블트하] 26.07_블트깡출시_ASC_전환_video,(마스터ASC)[제과_블트하] 26.07_블트깡출시_ASC_전환_video,[26.08]F_V_BT깡_전환_블트깡출시_네고형_지인네고형.김그릇BP_main.릴스_공통.X_1P_김소희_260807_제과_강경연,1,0,4.0,0
2026-10-01,(마스터ASC)[제과_블트하] 26.07_블트깡출시_ASC_전환_video,(마스터ASC)[제과_블트하] 26.07_블트깡출시_ASC_전환_video,[26.08]F_V_BT칩_전환_블트칩출시_신규BP_아린이네BP.KR1_var5.릴스_공구형.주변인인정.X_2P_최나영_260811_제과_윤성미,43,1,1364.0,0
2026-10-01,(마스터ASC)[제과_블트하] 26.07_블트깡출시_ASC_전환_video,(마스터ASC)[제과_블트하] 26.07_블트깡출시_ASC_전환_video,[26.08]F_V_BT칩_전환_블트칩출시_신규BP_아린이네BP.KR1_var3.릴스_공구형.페인포인트.맛.X_2P_최나영_260811_제과_윤성미,13,0,166.0,0
2026-10-01,(마스터ASC)[제과_블트하] 26.07_블트깡출시_ASC_전환_video,(마스터ASC)[제과_블트하] 26.07_블트깡출시_ASC_전환_video,[26.08]F_V_BT칩_전환_블트칩출시_신규BP_아린이네BP.KR1_main.릴스_공구형.메인.X_2P_최나영_260811_제과_윤성미,14,0,231.0,0
2026-10-01,(마스터ASC)[제과_블트하] 26.07_블트깡출시_ASC_전환_video,(마스터ASC)[제과_블트하] 26.07_블트깡출시_ASC_전환_video,[26.09]F_V_BT칩_전환_블트깡출시_기타_배너.메시지검증_var2.배너_가격.1안.X_2P__260901_제과_최재원,23,0,460.0,0
2026-10-01,(마스터ASC) [제과_웨하스미니스] 26.10_바닐라웨하스출시_ASC_전환_video,(마스터ASC) [제과_웨하스미니스] 26.10_바닐라웨하스출시_ASC_전환_video,[25.12]F_V_WF초_전환_웨하스출시_네고형_전화네고_var1.릴스_당강조._2512KR0_문선정_251226_1T_이미진,92,1,1621.0,1
2026-10-01,(마스터ASC) [제과_웨하스미니스] 26.10_바닐라웨하스출시_ASC_전환_video,(마스터ASC) [제과_웨하스미니스] 26.10_바닐라웨하스출시_ASC_전환_video,[25.12]F_V_WF초_전환_웨하스출시_네고형_전화네고_var5.릴스_연하남네고._2512KR0_문선정_251226_1T_이미진,23,0,409.0,0
2026-10-01,(마스터ASC) [제과_웨하스미니스] 26.10_바닐라웨하스출시_ASC_전환_video,(마스터ASC) [제과_웨하스미니스] 26.10_바닐라웨하스출시_ASC_전환_video,[25.12]F_V_WF초_전환_웨하스출시_네고형_전화네고_var4.릴스_취식._2512KR0_문선정_251226_1T_이미진,27,1,447.0,0
2026-10-01,(마스터ASC) [제과_웨하스미니스] 26.10_바닐라웨하스출시_ASC_전환_video,(마스터ASC) [제과_웨하스미니스] 26.10_바닐라웨하스출시_ASC_전환_video,[25.12]F_V_WF초_전환_웨하스출시_네고형_전화네고_main.릴스_네고부터._2512KR0_문선정_251226_1T_이미진,4,0,57.0,0
2026-10-01,(마스터ASC) [제과_웨하스미니스] 26.10_바닐라웨하스출시_ASC_전환_video,(마스터ASC) [제과_웨하스미니스] 26.10_바닐라웨하스출시_ASC_전환_video,[26.01]F_V_WF초_전환_웨하스출시_직원리뷰형_가격비교형_var2.릴스_먹기._00_문선정_260102_1T_이봄1,244,7,3106.0,1
2026-10-01,(마스터ASC) [제과_웨하스미니스] 26.10_바닐라웨하스출시_ASC_전환_video,(마스터ASC) [제과_웨하스미니스] 26.10_바닐라웨하스출시_ASC_전환_video,[26.01]F_V_WF초_전환_웨하스출시_네고형_역네고형_var1.릴스_네고빠르게._00_문선정_260102_1T_조의진,252,10,4070.0,0
2026-10-02,[제과_저당웨하스미니스] 26.10_바닐라웨하스출시_수동_전환_image_전체타겟,혜택강조_초코  (26.10 재라이브),[25.12]F_I_WF초_전환_웨하스출시_혜택강조형_신규고_.배너_혜택O.기존고효율.지금쌀때쟁이세요_KR4_윤검주_251226_콘텐츠2_최아연,1683,32,26191.0,1
2026-10-02,(마스터ASC)[제과_블트하] 26.07_블트깡출시_ASC_전환_video,(마스터ASC)[제과_블트하] 26.07_블트깡출시_ASC_전환_video,[26.08]F_V_BT칩_전환_블트칩출시_신규BP_아린이네BP.KR1_var5.릴스_공구형.주변인인정.X_2P_최나영_260811_제과_윤성미,35,4,1102.0,0
2026-10-02,(마스터ASC)[제과_블트하] 26.07_블트깡출시_ASC_전환_video,(마스터ASC)[제과_블트하] 26.07_블트깡출시_ASC_전환_video,[26.08]F_V_BT칩_전환_블트칩출시_신규BP_아린이네BP.KR1_var3.릴스_공구형.페인포인트.맛.X_2P_최나영_260811_제과_윤성미,10,0,570.0,0
2026-10-02,(마스터ASC)[제과_블트하] 26.07_블트깡출시_ASC_전환_video,(마스터ASC)[제과_블트하] 26.07_블트깡출시_ASC_전환_video,[26.08]F_V_BT칩_전환_블트칩출시_신규BP_아린이네BP.KR1_main.릴스_공구형.메인.X_2P_최나영_260811_제과_윤성미,18,1,622.0,0
2026-10-02,(마스터ASC)[제과_블트하] 26.07_블트깡출시_ASC_전환_video,(마스터ASC)[제과_블트하] 26.07_블트깡출시_ASC_전환_video,[26.09]F_V_BT칩_전환_블트깡출시_기타_배너.메시지검증_var2.배너_가격.1안.X_2P__260901_제과_최재원,10,0,380.0,0
2026-10-02,(마스터ASC) [제과_웨하스미니스] 26.10_바닐라웨하스출시_ASC_전환_video,(마스터ASC) [제과_웨하스미니스] 26.10_바닐라웨하스출시_ASC_전환_video,[25.12]F_V_WF초_전환_웨하스출시_네고형_전화네고_var1.릴스_당강조._2512KR0_문선정_251226_1T_이미진,5,0,66.0,0
2026-10-02,(마스터ASC) [제과_웨하스미니스] 26.10_바닐라웨하스출시_ASC_전환_video,(마스터ASC) [제과_웨하스미니스] 26.10_바닐라웨하스출시_ASC_전환_video,[25.12]F_V_WF초_전환_웨하스출시_네고형_전화네고_var5.릴스_연하남네고._2512KR0_문선정_251226_1T_이미진,5,0,111.0,0
2026-10-02,(마스터ASC) [제과_웨하스미니스] 26.10_바닐라웨하스출시_ASC_전환_video,(마스터ASC) [제과_웨하스미니스] 26.10_바닐라웨하스출시_ASC_전환_video,[25.12]F_V_WF초_전환_웨하스출시_네고형_전화네고_var4.릴스_취식._2512KR0_문선정_251226_1T_이미진,29,1,648.0,0
2026-10-02,(마스터ASC) [제과_웨하스미니스] 26.10_바닐라웨하스출시_ASC_전환_video,(마스터ASC) [제과_웨하스미니스] 26.10_바닐라웨하스출시_ASC_전환_video,[26.01]F_V_WF초_전환_웨하스출시_직원리뷰형_가격비교형_var2.릴스_먹기._00_문선정_260102_1T_이봄1,112,2,1732.0,0
2026-10-02,(마스터ASC) [제과_웨하스미니스] 26.10_바닐라웨하스출시_ASC_전환_video,(마스터ASC) [제과_웨하스미니스] 26.10_바닐라웨하스출시_ASC_전환_video,[26.01]F_V_WF초_전환_웨하스출시_네고형_역네고형_var1.릴스_네고빠르게._00_문선정_260102_1T_조의진,1789,44,40840.0,5
2026-10-02,[제과_저당웨하스미니스] 26.10_바닐라웨하스출시_수동_전환_image_전체타겟,혜택강조형_바닐라 (1002),[26.10]F_I_WF바_전환_바닐라웨하스출시_혜택강조형_KR1_.릴스_이가격다신없어요.__최나영_261002_제과_김수정,16,0,254.0,0
2026-10-02,[제과_저당웨하스미니스] 26.10_바닐라웨하스출시_수동_전환_image_전체타겟,혜택강조형_바닐라 (1002),[26.10]F_I_WF바_전환_바닐라웨하스출시_혜택강조형_KR1_.릴스_국내최초1+1.__최나영_261002_제과_김수정,4,0,72.0,0
2026-10-02,[제과_저당웨하스미니스] 26.10_바닐라웨하스출시_수동_전환_image_전체타겟,혜택강조형_바닐라 (1002),[26.10]F_I_WF바_전환_바닐라웨하스출시_혜택강조형_KR1_.릴스_AI캐릭터.1+1곧끝나요.__최나영_261002_제과_김수정,3,0,44.0,0
2026-10-03,(마스터ASC)[제과_블트하] 26.07_블트깡출시_ASC_전환_video,(마스터ASC)[제과_블트하] 26.07_블트깡출시_ASC_전환_video,[26.08]F_V_BT깡_전환_블트깡출시_네고형_지인네고형.김그릇BP_main.릴스_공통.X_1P_김소희_260807_제과_강경연,1,0,82.0,0
2026-10-03,(마스터ASC)[제과_블트하] 26.07_블트깡출시_ASC_전환_video,(마스터ASC)[제과_블트하] 26.07_블트깡출시_ASC_전환_video,[26.08]F_V_BT칩_전환_블트칩출시_신규BP_아린이네BP.KR1_var5.릴스_공구형.주변인인정.X_2P_최나영_260811_제과_윤성미,198,8,7775.0,3
2026-10-03,(마스터ASC)[제과_블트하] 26.07_블트깡출시_ASC_전환_video,(마스터ASC)[제과_블트하] 26.07_블트깡출시_ASC_전환_video,[26.08]F_V_BT칩_전환_블트칩출시_신규BP_아린이네BP.KR1_var3.릴스_공구형.페인포인트.맛.X_2P_최나영_260811_제과_윤성미,68,0,3131.0,0
2026-10-03,(마스터ASC)[제과_블트하] 26.07_블트깡출시_ASC_전환_video,(마스터ASC)[제과_블트하] 26.07_블트깡출시_ASC_전환_video,[26.08]F_V_BT칩_전환_블트칩출시_신규BP_아린이네BP.KR1_main.릴스_공구형.메인.X_2P_최나영_260811_제과_윤성미,60,0,1507.0,0
2026-10-03,(마스터ASC)[제과_블트하] 26.07_블트깡출시_ASC_전환_video,(마스터ASC)[제과_블트하] 26.07_블트깡출시_ASC_전환_video,[26.09]F_V_BT칩_전환_블트깡출시_기타_배너.메시지검증_var2.배너_가격.1안.X_2P__260901_제과_최재원,37,0,891.0,0
2026-10-03,(마스터ASC) [제과_웨하스미니스] 26.10_바닐라웨하스출시_ASC_전환_video,(마스터ASC) [제과_웨하스미니스] 26.10_바닐라웨하스출시_ASC_전환_video,[25.12]F_V_WF초_전환_웨하스출시_네고형_전화네고_var1.릴스_당강조._2512KR0_문선정_251226_1T_이미진,502,5,10674.0,0
2026-10-03,(마스터ASC) [제과_웨하스미니스] 26.10_바닐라웨하스출시_ASC_전환_video,(마스터ASC) [제과_웨하스미니스] 26.10_바닐라웨하스출시_ASC_전환_video,[25.12]F_V_WF초_전환_웨하스출시_네고형_전화네고_var4.릴스_취식._2512KR0_문선정_251226_1T_이미진,1047,16,15671.0,1
2026-10-03,(마스터ASC) [제과_웨하스미니스] 26.10_바닐라웨하스출시_ASC_전환_video,(마스터ASC) [제과_웨하스미니스] 26.10_바닐라웨하스출시_ASC_전환_video,[25.12]F_V_WF초_전환_웨하스출시_네고형_전화네고_main.릴스_네고부터._2512KR0_문선정_251226_1T_이미진,8,0,95.0,0
2026-10-03,(마스터ASC) [제과_웨하스미니스] 26.10_바닐라웨하스출시_ASC_전환_video,(마스터ASC) [제과_웨하스미니스] 26.10_바닐라웨하스출시_ASC_전환_video,[26.01]F_V_WF초_전환_웨하스출시_직원리뷰형_가격비교형_var2.릴스_먹기._00_문선정_260102_1T_이봄1,799,7,14976.0,1
2026-10-03,(마스터ASC) [제과_웨하스미니스] 26.10_바닐라웨하스출시_ASC_전환_video,(마스터ASC) [제과_웨하스미니스] 26.10_바닐라웨하스출시_ASC_전환_video,[26.01]F_V_WF초_전환_웨하스출시_네고형_역네고형_var1.릴스_네고빠르게._00_문선정_260102_1T_조의진,678,19,16421.0,0
2026-10-03,[제과_저당웨하스미니스] 26.10_바닐라웨하스출시_수동_전환_image_전체타겟,혜택강조형_바닐라 (1002),[26.10]F_I_WF바_전환_바닐라웨하스출시_혜택강조형_KR1_.릴스_이가격다신없어요.__최나영_261002_제과_김수정,197,2,3743.0,0
2026-10-03,[제과_저당웨하스미니스] 26.10_바닐라웨하스출시_수동_전환_image_전체타겟,혜택강조형_바닐라 (1002),[26.10]F_I_WF바_전환_바닐라웨하스출시_혜택강조형_KR1_.릴스_국내최초1+1.__최나영_261002_제과_김수정,1504,16,33757.0,3
2026-10-03,[제과_저당웨하스미니스] 26.10_바닐라웨하스출시_수동_전환_image_전체타겟,혜택강조형_바닐라 (1002),[26.10]F_I_WF바_전환_바닐라웨하스출시_혜택강조형_KR1_.릴스_AI캐릭터.1+1곧끝나요.__최나영_261002_제과_김수정,824,16,19492.0,0
2026-10-04,(마스터ASC)[제과_블트하] 26.07_블트깡출시_ASC_전환_video,(마스터ASC)[제과_블트하] 26.07_블트깡출시_ASC_전환_video,[26.08]F_V_BT깡_전환_블트깡출시_네고형_지인네고형.김그릇BP_main.릴스_공통.X_1P_김소희_260807_제과_강경연,1,0,14.0,0
2026-10-04,(마스터ASC)[제과_블트하] 26.07_블트깡출시_ASC_전환_video,(마스터ASC)[제과_블트하] 26.07_블트깡출시_ASC_전환_video,[26.08]F_V_BT칩_전환_블트칩출시_신규BP_아린이네BP.KR1_var5.릴스_공구형.주변인인정.X_2P_최나영_260811_제과_윤성미,458,7,17245.0,0
2026-10-04,(마스터ASC)[제과_블트하] 26.07_블트깡출시_ASC_전환_video,(마스터ASC)[제과_블트하] 26.07_블트깡출시_ASC_전환_video,[26.08]F_V_BT칩_전환_블트칩출시_신규BP_아린이네BP.KR1_var3.릴스_공구형.페인포인트.맛.X_2P_최나영_260811_제과_윤성미,49,0,1861.0,0
2026-10-04,(마스터ASC)[제과_블트하] 26.07_블트깡출시_ASC_전환_video,(마스터ASC)[제과_블트하] 26.07_블트깡출시_ASC_전환_video,[26.08]F_V_BT칩_전환_블트칩출시_신규BP_아린이네BP.KR1_main.릴스_공구형.메인.X_2P_최나영_260811_제과_윤성미,11,1,363.0,1
2026-10-04,(마스터ASC)[제과_블트하] 26.07_블트깡출시_ASC_전환_video,(마스터ASC)[제과_블트하] 26.07_블트깡출시_ASC_전환_video,[26.09]F_V_BT칩_전환_블트깡출시_기타_배너.메시지검증_var2.배너_가격.1안.X_2P__260901_제과_최재원,15,0,222.0,0
2026-10-04,(마스터ASC) [제과_웨하스미니스] 26.10_바닐라웨하스출시_ASC_전환_video,(마스터ASC) [제과_웨하스미니스] 26.10_바닐라웨하스출시_ASC_전환_video,[25.12]F_V_WF초_전환_웨하스출시_네고형_전화네고_var1.릴스_당강조._2512KR0_문선정_251226_1T_이미진,224,2,5135.0,0
2026-10-04,(마스터ASC) [제과_웨하스미니스] 26.10_바닐라웨하스출시_ASC_전환_video,(마스터ASC) [제과_웨하스미니스] 26.10_바닐라웨하스출시_ASC_전환_video,[25.12]F_V_WF초_전환_웨하스출시_네고형_전화네고_var5.릴스_연하남네고._2512KR0_문선정_251226_1T_이미진,101,2,1798.0,0
2026-10-04,(마스터ASC) [제과_웨하스미니스] 26.10_바닐라웨하스출시_ASC_전환_video,(마스터ASC) [제과_웨하스미니스] 26.10_바닐라웨하스출시_ASC_전환_video,[25.12]F_V_WF초_전환_웨하스출시_네고형_전화네고_main.릴스_네고부터._2512KR0_문선정_251226_1T_이미진,13,0,192.0,0
2026-10-04,[제과_저당웨하스미니스] 26.10_바닐라웨하스출시_수동_전환_image_전체타겟,혜택강조형_바닐라 (1002),[26.10]F_I_WF바_전환_바닐라웨하스출시_혜택강조형_KR1_.릴스_이가격다신없어요.__최나영_261002_제과_김수정,917,10,17581.0,0
2026-10-04,[제과_저당웨하스미니스] 26.10_바닐라웨하스출시_수동_전환_image_전체타겟,혜택강조형_바닐라 (1002),[26.10]F_I_WF바_전환_바닐라웨하스출시_혜택강조형_KR1_.릴스_국내최초1+1.__최나영_261002_제과_김수정,775,12,18306.0,1
2026-10-05,(마스터ASC)[제과_블트하] 26.07_블트깡출시_ASC_전환_video,(마스터ASC)[제과_블트하] 26.07_블트깡출시_ASC_전환_video,[26.08]F_V_BT칩_전환_블트칩출시_신규BP_아린이네BP.KR1_var5.릴스_공구형.주변인인정.X_2P_최나영_260811_제과_윤성미,22,1,2165.0,0
2026-10-05,(마스터ASC)[제과_블트하] 26.07_블트깡출시_ASC_전환_video,(마스터ASC)[제과_블트하] 26.07_블트깡출시_ASC_전환_video,[26.08]F_V_BT칩_전환_블트칩출시_신규BP_아린이네BP.KR1_var3.릴스_공구형.페인포인트.맛.X_2P_최나영_260811_제과_윤성미,1,0,16.0,0
2026-10-05,(마스터ASC) [제과_웨하스미니스] 26.10_바닐라웨하스출시_ASC_전환_video,(마스터ASC) [제과_웨하스미니스] 26.10_바닐라웨하스출시_ASC_전환_video,[25.12]F_V_WF초_전환_웨하스출시_네고형_전화네고_var1.릴스_당강조._2512KR0_문선정_251226_1T_이미진,403,3,7313.0,1
2026-10-05,(마스터ASC) [제과_웨하스미니스] 26.10_바닐라웨하스출시_ASC_전환_video,(마스터ASC) [제과_웨하스미니스] 26.10_바닐라웨하스출시_ASC_전환_video,[25.12]F_V_WF초_전환_웨하스출시_네고형_전화네고_var5.릴스_연하남네고._2512KR0_문선정_251226_1T_이미진,281,5,5992.0,1
2026-10-05,(마스터ASC) [제과_웨하스미니스] 26.10_바닐라웨하스출시_ASC_전환_video,(마스터ASC) [제과_웨하스미니스] 26.10_바닐라웨하스출시_ASC_전환_video,[25.12]F_V_WF초_전환_웨하스출시_네고형_전화네고_main.릴스_네고부터._2512KR0_문선정_251226_1T_이미진,130,3,2095.0,0
2026-10-01,(마스터ASC)[제과_블트하] 26.07_블트깡출시_ASC_전환_video,(마스터ASC)[제과_블트하] 26.07_블트깡출시_ASC_전환_video,[26.08]F_V_BT칩_전환_블트칩출시_쩜오건_시즈닝강조.이국주.KR1_var8.릴스_블트칩.트러플.슬기.X_1P__260820_제과_문형민,11,0,125.0,0
2026-10-01,(마스터ASC) [제과_웨하스미니스] 26.10_바닐라웨하스출시_ASC_전환_video,(마스터ASC) [제과_웨하스미니스] 26.10_바닐라웨하스출시_ASC_전환_video,[26.01]F_V_WF초_전환_웨하스출시_네고형_지인네고형_var2.릴스_맛비주얼._10_문선정_260109_1T_이봄1,50,1,1042.0,0
2026-10-01,(마스터ASC) [제과_웨하스미니스] 26.10_바닐라웨하스출시_ASC_전환_video,(마스터ASC) [제과_웨하스미니스] 26.10_바닐라웨하스출시_ASC_전환_video,[26.10]F_V_WF바_전환_바닐라웨하스출시_네고형_네고형_var5.릴스_바닐라빈.X_1P__261001_제과_피재은,59,1,741.0,0
2026-10-01,(마스터ASC) [제과_웨하스미니스] 26.10_바닐라웨하스출시_ASC_전환_video,(마스터ASC) [제과_웨하스미니스] 26.10_바닐라웨하스출시_ASC_전환_video,[26.10]F_V_WF바_전환_바닐라웨하스출시_네고형_네고형_var7.릴스_그만하자.X_1P__261001_제과_피재은,24,0,238.0,0
2026-10-01,(마스터ASC) [제과_웨하스미니스] 26.10_바닐라웨하스출시_ASC_전환_video,(마스터ASC) [제과_웨하스미니스] 26.10_바닐라웨하스출시_ASC_전환_video,[26.10]F_V_WF바_전환_바닐라웨하스출시_네고형_네고형_var6.릴스_초코웨하스.X_1P__261001_제과_피재은,1572,22,25432.0,1
2026-10-01,[제과_저당웨하스미니스] 26.10_바닐라웨하스출시_수동_전환_video_전체타겟,네고형(미니스)_바닐라 (1001),[26.10]F_V_WF바_전환_바닐라웨하스출시_네고형_네고형_var7.릴스_그만하자.X_1P__261001_제과_피재은,207,6,3048.0,0
2026-10-01,[제과_저당웨하스미니스] 26.10_바닐라웨하스출시_수동_전환_video_전체타겟,네고형(미니스)_바닐라 (1001),[26.10]F_V_WF바_전환_바닐라웨하스출시_네고형_네고형_var6.릴스_초코웨하스.X_1P__261001_제과_피재은,440,4,6434.0,0
2026-10-01,[제과_저당웨하스미니스] 26.10_바닐라웨하스출시_수동_전환_video_전체타겟,네고형(미니스)_바닐라 (1001),[26.10]F_V_WF바_전환_바닐라웨하스출시_네고형_네고형_var5.릴스_바닐라빈.X_1P__261001_제과_피재은,63,0,983.0,0
2026-10-01,(마스터ASC) [제과_웨하스미니스] 26.10_바닐라웨하스출시_ASC_전환_video,(마스터ASC) [제과_웨하스미니스] 26.10_바닐라웨하스출시_ASC_전환_video,[26.10]F_V_WF바_전환_바닐라웨하스출시_네고형_네고형_var4.릴스_으응.X_1P__261001_제과_피재은,1395,44,23221.0,1
2026-10-01,[제과_저당웨하스미니스] 26.10_바닐라웨하스출시_수동_전환_video_전체타겟,네고형(미니스)_바닐라 (1001),[26.10]F_V_WF바_전환_바닐라웨하스출시_네고형_네고형_var4.릴스_으응.X_1P__261001_제과_피재은,2032,60,37070.0,3
2026-10-01,(마스터ASC) [제과_웨하스미니스] 26.10_바닐라웨하스출시_ASC_전환_video,(마스터ASC) [제과_웨하스미니스] 26.10_바닐라웨하스출시_ASC_전환_video,[26.10]F_V_WF바_전환_바닐라웨하스출시_네고형_네고형_var3.릴스_죄송합니다.X_1P__261001_제과_피재은,160,3,2476.0,0
2026-10-01,(마스터ASC) [제과_웨하스미니스] 26.10_바닐라웨하스출시_ASC_전환_video,(마스터ASC) [제과_웨하스미니스] 26.10_바닐라웨하스출시_ASC_전환_video,[26.10]F_V_WF바_전환_바닐라웨하스출시_네고형_네고형_var2.릴스_1+1.X_1P__261001_제과_피재은,424,4,8227.0,1
2026-10-01,[제과_저당웨하스미니스] 26.10_바닐라웨하스출시_수동_전환_video_전체타겟,네고형(미니스)_바닐라 (1001),[26.10]F_V_WF바_전환_바닐라웨하스출시_네고형_네고형_var2.릴스_1+1.X_1P__261001_제과_피재은,498,8,9380.0,0
2026-10-01,[제과_저당웨하스미니스] 26.10_바닐라웨하스출시_수동_전환_video_전체타겟,네고형(미니스)_바닐라 (1001),[26.10]F_V_WF바_전환_바닐라웨하스출시_네고형_네고형_var3.릴스_죄송합니다.X_1P__261001_제과_피재은,148,2,1896.0,0
2026-10-01,(마스터ASC) [제과_웨하스미니스] 26.10_바닐라웨하스출시_ASC_전환_video,(마스터ASC) [제과_웨하스미니스] 26.10_바닐라웨하스출시_ASC_전환_video,[26.10]F_V_WF바_전환_바닐라웨하스출시_네고형_네고형_var1.릴스_최초.X_1P__261001_제과_피재은,164,1,2013.0,0
2026-10-01,(마스터ASC) [제과_웨하스미니스] 26.10_바닐라웨하스출시_ASC_전환_video,(마스터ASC) [제과_웨하스미니스] 26.10_바닐라웨하스출시_ASC_전환_video,[26.10]F_V_WF바_전환_바닐라웨하스출시_네고형_네고형_main.릴스_메인.X_1P__261001_제과_피재은,589,11,9633.0,0
2026-10-01,[제과_저당웨하스미니스] 26.10_바닐라웨하스출시_수동_전환_video_전체타겟,네고형(미니스)_바닐라 (1001),[26.10]F_V_WF바_전환_바닐라웨하스출시_네고형_네고형_main.릴스_메인.X_1P__261001_제과_피재은,6,0,261.0,0
2026-10-01,[제과_저당웨하스미니스] 26.10_바닐라웨하스출시_수동_전환_video_전체타겟,네고형(미니스)_바닐라 (1001),[26.10]F_V_WF바_전환_바닐라웨하스출시_네고형_네고형_var1.릴스_최초.X_1P__261001_제과_피재은,1378,40,24442.0,2
2026-10-02,(마스터ASC)[제과_블트하] 26.07_블트깡출시_ASC_전환_video,(마스터ASC)[제과_블트하] 26.07_블트깡출시_ASC_전환_video,[26.08]F_V_BT칩_전환_블트칩출시_쩜오건_시즈닝강조.이국주.KR1_var8.릴스_블트칩.트러플.슬기.X_1P__260820_제과_문형민,19,0,296.0,0
2026-10-02,(마스터ASC) [제과_웨하스미니스] 26.10_바닐라웨하스출시_ASC_전환_video,(마스터ASC) [제과_웨하스미니스] 26.10_바닐라웨하스출시_ASC_전환_video,[26.01]F_V_WF초_전환_웨하스출시_네고형_지인네고형_var2.릴스_맛비주얼._10_문선정_260109_1T_이봄1,76,3,1852.0,0
2026-10-02,(마스터ASC) [제과_웨하스미니스] 26.10_바닐라웨하스출시_ASC_전환_video,(마스터ASC) [제과_웨하스미니스] 26.10_바닐라웨하스출시_ASC_전환_video,[26.10]F_V_WF바_전환_바닐라웨하스출시_네고형_네고형_var5.릴스_바닐라빈.X_1P__261001_제과_피재은,111,2,1341.0,0
2026-10-02,(마스터ASC) [제과_웨하스미니스] 26.10_바닐라웨하스출시_ASC_전환_video,(마스터ASC) [제과_웨하스미니스] 26.10_바닐라웨하스출시_ASC_전환_video,[26.10]F_V_WF바_전환_바닐라웨하스출시_네고형_네고형_var7.릴스_그만하자.X_1P__261001_제과_피재은,42,1,648.0,0
2026-10-02,[제과_저당웨하스미니스] 26.10_바닐라웨하스출시_수동_전환_video_전체타겟,네고형(미니스)_바닐라 (1001),[26.10]F_V_WF바_전환_바닐라웨하스출시_네고형_네고형_var7.릴스_그만하자.X_1P__261001_제과_피재은,167,0,4932.0,0
2026-10-02,[제과_저당웨하스미니스] 26.10_바닐라웨하스출시_수동_전환_video_전체타겟,네고형(미니스)_바닐라 (1001),[26.10]F_V_WF바_전환_바닐라웨하스출시_네고형_네고형_var6.릴스_초코웨하스.X_1P__261001_제과_피재은,2339,25,28482.0,3
2026-10-02,[제과_저당웨하스미니스] 26.10_바닐라웨하스출시_수동_전환_video_전체타겟,네고형(미니스)_바닐라 (1001),[26.10]F_V_WF바_전환_바닐라웨하스출시_네고형_네고형_var5.릴스_바닐라빈.X_1P__261001_제과_피재은,114,1,1445.0,0
2026-10-02,[제과_저당웨하스미니스] 26.10_바닐라웨하스출시_수동_전환_video_전체타겟,네고형(미니스)_바닐라 (1001),[26.10]F_V_WF바_전환_바닐라웨하스출시_네고형_네고형_var4.릴스_으응.X_1P__261001_제과_피재은,34102,594,547509.0,35
2026-10-02,(마스터ASC) [제과_웨하스미니스] 26.10_바닐라웨하스출시_ASC_전환_video,(마스터ASC) [제과_웨하스미니스] 26.10_바닐라웨하스출시_ASC_전환_video,[26.10]F_V_WF바_전환_바닐라웨하스출시_네고형_네고형_var3.릴스_죄송합니다.X_1P__261001_제과_피재은,35,0,308.0,0
2026-10-02,(마스터ASC) [제과_웨하스미니스] 26.10_바닐라웨하스출시_ASC_전환_video,(마스터ASC) [제과_웨하스미니스] 26.10_바닐라웨하스출시_ASC_전환_video,[26.10]F_V_WF바_전환_바닐라웨하스출시_네고형_네고형_var2.릴스_1+1.X_1P__261001_제과_피재은,504,8,10212.0,0
2026-10-02,[제과_저당웨하스미니스] 26.10_바닐라웨하스출시_수동_전환_video_전체타겟,네고형(미니스)_바닐라 (1001),[26.10]F_V_WF바_전환_바닐라웨하스출시_네고형_네고형_var2.릴스_1+1.X_1P__261001_제과_피재은,575,6,12474.0,0
2026-10-02,[제과_저당웨하스미니스] 26.10_바닐라웨하스출시_수동_전환_video_전체타겟,네고형(미니스)_바닐라 (1001),[26.10]F_V_WF바_전환_바닐라웨하스출시_네고형_네고형_var3.릴스_죄송합니다.X_1P__261001_제과_피재은,61,1,856.0,0
2026-10-02,(마스터ASC) [제과_웨하스미니스] 26.10_바닐라웨하스출시_ASC_전환_video,(마스터ASC) [제과_웨하스미니스] 26.10_바닐라웨하스출시_ASC_전환_video,[26.10]F_V_WF바_전환_바닐라웨하스출시_네고형_네고형_var1.릴스_최초.X_1P__261001_제과_피재은,103,2,1486.0,0
2026-10-02,(마스터ASC) [제과_웨하스미니스] 26.10_바닐라웨하스출시_ASC_전환_video,(마스터ASC) [제과_웨하스미니스] 26.10_바닐라웨하스출시_ASC_전환_video,[26.10]F_V_WF바_전환_바닐라웨하스출시_네고형_네고형_main.릴스_메인.X_1P__261001_제과_피재은,113,3,2155.0,0
2026-10-02,[제과_저당웨하스미니스] 26.10_바닐라웨하스출시_수동_전환_video_전체타겟,네고형(미니스)_바닐라 (1001),[26.10]F_V_WF바_전환_바닐라웨하스출시_네고형_네고형_main.릴스_메인.X_1P__261001_제과_피재은,184,2,3256.0,0
2026-10-02,[제과_저당웨하스미니스] 26.10_바닐라웨하스출시_수동_전환_video_전체타겟,네고형(미니스)_바닐라 (1001),[26.10]F_V_WF바_전환_바닐라웨하스출시_네고형_네고형_var1.릴스_최초.X_1P__261001_제과_피재은,14218,256,292842.0,23
2026-10-02,(마스터ASC) [제과_웨하스미니스] 26.10_바닐라웨하스출시_ASC_전환_video,(마스터ASC) [제과_웨하스미니스] 26.10_바닐라웨하스출시_ASC_전환_video,[26.10]F_V_WF바_전환_바닐라웨하스출시_네고형_책상네고형_var2.릴스_맛.X_1P__261002_제과_피재은,80,0,865.0,0
2026-10-02,[제과_저당웨하스미니스] 26.10_바닐라웨하스출시_수동_전환_video_전체타겟,책상네고형(미니스)_바닐라 (1002),[26.10]F_V_WF바_전환_바닐라웨하스출시_네고형_책상네고형_var2.릴스_맛.X_1P__261002_제과_피재은,193,2,3094.0,0
2026-10-02,[제과_저당웨하스미니스] 26.10_바닐라웨하스출시_수동_전환_video_전체타겟,책상네고형(미니스)_바닐라 (1002),[26.10]F_V_WF바_전환_바닐라웨하스출시_네고형_책상네고형_var1.릴스_혜택.X_1P__261002_제과_피재은,592,5,8610.0,0
2026-10-02,(마스터ASC) [제과_웨하스미니스] 26.10_바닐라웨하스출시_ASC_전환_video,(마스터ASC) [제과_웨하스미니스] 26.10_바닐라웨하스출시_ASC_전환_video,[26.10]F_V_WF바_전환_바닐라웨하스출시_네고형_책상네고형_var1.릴스_혜택.X_1P__261002_제과_피재은,1524,21,25355.0,2
2026-10-02,(마스터ASC) [제과_웨하스미니스] 26.10_바닐라웨하스출시_ASC_전환_video,(마스터ASC) [제과_웨하스미니스] 26.10_바닐라웨하스출시_ASC_전환_video,[26.10]F_V_WF바_전환_바닐라웨하스출시_네고형_책상네고형_main.릴스_메인.X_1P__261002_제과_피재은,309,5,5375.0,0
2026-10-02,[제과_저당웨하스미니스] 26.10_바닐라웨하스출시_수동_전환_video_전체타겟,책상네고형(미니스)_바닐라 (1002),[26.10]F_V_WF바_전환_바닐라웨하스출시_네고형_책상네고형_main.릴스_메인.X_1P__261002_제과_피재은,682,6,12121.0,1
2026-10-03,(마스터ASC)[제과_블트하] 26.07_블트깡출시_ASC_전환_video,(마스터ASC)[제과_블트하] 26.07_블트깡출시_ASC_전환_video,[26.08]F_V_BT칩_전환_블트칩출시_쩜오건_시즈닝강조.이국주.KR1_var8.릴스_블트칩.트러플.슬기.X_1P__260820_제과_문형민,202,2,2304.0,0
2026-10-03,(마스터ASC) [제과_웨하스미니스] 26.10_바닐라웨하스출시_ASC_전환_video,(마스터ASC) [제과_웨하스미니스] 26.10_바닐라웨하스출시_ASC_전환_video,[26.01]F_V_WF초_전환_웨하스출시_네고형_지인네고형_var2.릴스_맛비주얼._10_문선정_260109_1T_이봄1,821,20,15375.0,1
2026-10-03,(마스터ASC) [제과_웨하스미니스] 26.10_바닐라웨하스출시_ASC_전환_video,(마스터ASC) [제과_웨하스미니스] 26.10_바닐라웨하스출시_ASC_전환_video,[26.10]F_V_WF바_전환_바닐라웨하스출시_네고형_네고형_var5.릴스_바닐라빈.X_1P__261001_제과_피재은,23,3,422.0,0
2026-10-03,(마스터ASC) [제과_웨하스미니스] 26.10_바닐라웨하스출시_ASC_전환_video,(마스터ASC) [제과_웨하스미니스] 26.10_바닐라웨하스출시_ASC_전환_video,[26.10]F_V_WF바_전환_바닐라웨하스출시_네고형_네고형_var7.릴스_그만하자.X_1P__261001_제과_피재은,1,0,4.0,0
2026-10-03,[제과_저당웨하스미니스] 26.10_바닐라웨하스출시_수동_전환_video_전체타겟,네고형(미니스)_바닐라 (1001),[26.10]F_V_WF바_전환_바닐라웨하스출시_네고형_네고형_var7.릴스_그만하자.X_1P__261001_제과_피재은,114,4,1758.0,1
2026-10-03,[제과_저당웨하스미니스] 26.10_바닐라웨하스출시_수동_전환_video_전체타겟,네고형(미니스)_바닐라 (1001),[26.10]F_V_WF바_전환_바닐라웨하스출시_네고형_네고형_var6.릴스_초코웨하스.X_1P__261001_제과_피재은,836,6,13800.0,0
2026-10-03,[제과_저당웨하스미니스] 26.10_바닐라웨하스출시_수동_전환_video_전체타겟,네고형(미니스)_바닐라 (1001),[26.10]F_V_WF바_전환_바닐라웨하스출시_네고형_네고형_var5.릴스_바닐라빈.X_1P__261001_제과_피재은,160,3,3084.0,0
2026-10-03,[제과_저당웨하스미니스] 26.10_바닐라웨하스출시_수동_전환_video_전체타겟,네고형(미니스)_바닐라 (1001),[26.10]F_V_WF바_전환_바닐라웨하스출시_네고형_네고형_var4.릴스_으응.X_1P__261001_제과_피재은,12985,193,168058.0,13
2026-10-03,(마스터ASC) [제과_웨하스미니스] 26.10_바닐라웨하스출시_ASC_전환_video,(마스터ASC) [제과_웨하스미니스] 26.10_바닐라웨하스출시_ASC_전환_video,[26.10]F_V_WF바_전환_바닐라웨하스출시_네고형_네고형_var3.릴스_죄송합니다.X_1P__261001_제과_피재은,87,7,970.0,2
2026-10-03,(마스터ASC) [제과_웨하스미니스] 26.10_바닐라웨하스출시_ASC_전환_video,(마스터ASC) [제과_웨하스미니스] 26.10_바닐라웨하스출시_ASC_전환_video,[26.10]F_V_WF바_전환_바닐라웨하스출시_네고형_네고형_var2.릴스_1+1.X_1P__261001_제과_피재은,81,0,1015.0,0
2026-10-03,[제과_저당웨하스미니스] 26.10_바닐라웨하스출시_수동_전환_video_전체타겟,네고형(미니스)_바닐라 (1001),[26.10]F_V_WF바_전환_바닐라웨하스출시_네고형_네고형_var2.릴스_1+1.X_1P__261001_제과_피재은,329,4,7226.0,2
2026-10-03,[제과_저당웨하스미니스] 26.10_바닐라웨하스출시_수동_전환_video_전체타겟,네고형(미니스)_바닐라 (1001),[26.10]F_V_WF바_전환_바닐라웨하스출시_네고형_네고형_var3.릴스_죄송합니다.X_1P__261001_제과_피재은,96,2,2469.0,1
2026-10-03,(마스터ASC) [제과_웨하스미니스] 26.10_바닐라웨하스출시_ASC_전환_video,(마스터ASC) [제과_웨하스미니스] 26.10_바닐라웨하스출시_ASC_전환_video,[26.10]F_V_WF바_전환_바닐라웨하스출시_네고형_네고형_var1.릴스_최초.X_1P__261001_제과_피재은,30,0,318.0,0
2026-10-03,(마스터ASC) [제과_웨하스미니스] 26.10_바닐라웨하스출시_ASC_전환_video,(마스터ASC) [제과_웨하스미니스] 26.10_바닐라웨하스출시_ASC_전환_video,[26.10]F_V_WF바_전환_바닐라웨하스출시_네고형_네고형_main.릴스_메인.X_1P__261001_제과_피재은,214,3,5279.0,1
2026-10-03,[제과_저당웨하스미니스] 26.10_바닐라웨하스출시_수동_전환_video_전체타겟,네고형(미니스)_바닐라 (1001),[26.10]F_V_WF바_전환_바닐라웨하스출시_네고형_네고형_main.릴스_메인.X_1P__261001_제과_피재은,322,5,7084.0,0
2026-10-03,[제과_저당웨하스미니스] 26.10_바닐라웨하스출시_수동_전환_video_전체타겟,네고형(미니스)_바닐라 (1001),[26.10]F_V_WF바_전환_바닐라웨하스출시_네고형_네고형_var1.릴스_최초.X_1P__261001_제과_피재은,101661,1523,1655144.0,118
2026-10-03,(마스터ASC) [제과_웨하스미니스] 26.10_바닐라웨하스출시_ASC_전환_video,(마스터ASC) [제과_웨하스미니스] 26.10_바닐라웨하스출시_ASC_전환_video,[26.10]F_V_WF바_전환_바닐라웨하스출시_네고형_책상네고형_var2.릴스_맛.X_1P__261002_제과_피재은,158,3,2360.0,1
2026-10-03,[제과_저당웨하스미니스] 26.10_바닐라웨하스출시_수동_전환_video_전체타겟,책상네고형(미니스)_바닐라 (1002),[26.10]F_V_WF바_전환_바닐라웨하스출시_네고형_책상네고형_var2.릴스_맛.X_1P__261002_제과_피재은,67,1,936.0,0
2026-10-03,[제과_저당웨하스미니스] 26.10_바닐라웨하스출시_수동_전환_video_전체타겟,책상네고형(미니스)_바닐라 (1002),[26.10]F_V_WF바_전환_바닐라웨하스출시_네고형_책상네고형_var1.릴스_혜택.X_1P__261002_제과_피재은,389,3,5450.0,1
2026-10-03,(마스터ASC) [제과_웨하스미니스] 26.10_바닐라웨하스출시_ASC_전환_video,(마스터ASC) [제과_웨하스미니스] 26.10_바닐라웨하스출시_ASC_전환_video,[26.10]F_V_WF바_전환_바닐라웨하스출시_네고형_책상네고형_var1.릴스_혜택.X_1P__261002_제과_피재은,976,15,15260.0,3
2026-10-03,(마스터ASC) [제과_웨하스미니스] 26.10_바닐라웨하스출시_ASC_전환_video,(마스터ASC) [제과_웨하스미니스] 26.10_바닐라웨하스출시_ASC_전환_video,[26.10]F_V_WF바_전환_바닐라웨하스출시_네고형_책상네고형_main.릴스_메인.X_1P__261002_제과_피재은,1480,9,17622.0,0
2026-10-03,[제과_저당웨하스미니스] 26.10_바닐라웨하스출시_수동_전환_video_전체타겟,책상네고형(미니스)_바닐라 (1002),[26.10]F_V_WF바_전환_바닐라웨하스출시_네고형_책상네고형_main.릴스_메인.X_1P__261002_제과_피재은,1308,19,22057.0,0
2026-10-04,(마스터ASC)[제과_블트하] 26.07_블트깡출시_ASC_전환_video,(마스터ASC)[제과_블트하] 26.07_블트깡출시_ASC_전환_video,[26.08]F_V_BT칩_전환_블트칩출시_쩜오건_시즈닝강조.이국주.KR1_var8.릴스_블트칩.트러플.슬기.X_1P__260820_제과_문형민,84,0,953.0,0
2026-10-04,(마스터ASC) [제과_웨하스미니스] 26.10_바닐라웨하스출시_ASC_전환_video,(마스터ASC) [제과_웨하스미니스] 26.10_바닐라웨하스출시_ASC_전환_video,[26.10]F_V_WF바_전환_바닐라웨하스출시_네고형_네고형_var5.릴스_바닐라빈.X_1P__261001_제과_피재은,778,11,11641.0,0
2026-10-04,(마스터ASC) [제과_웨하스미니스] 26.10_바닐라웨하스출시_ASC_전환_video,(마스터ASC) [제과_웨하스미니스] 26.10_바닐라웨하스출시_ASC_전환_video,[26.10]F_V_WF바_전환_바닐라웨하스출시_네고형_네고형_var7.릴스_그만하자.X_1P__261001_제과_피재은,25,0,525.0,0
2026-10-04,[제과_저당웨하스미니스] 26.10_바닐라웨하스출시_수동_전환_video_전체타겟,네고형(미니스)_바닐라 (1001),[26.10]F_V_WF바_전환_바닐라웨하스출시_네고형_네고형_var7.릴스_그만하자.X_1P__261001_제과_피재은,205,7,4408.0,1
2026-10-04,[제과_저당웨하스미니스] 26.10_바닐라웨하스출시_수동_전환_video_전체타겟,네고형(미니스)_바닐라 (1001),[26.10]F_V_WF바_전환_바닐라웨하스출시_네고형_네고형_var5.릴스_바닐라빈.X_1P__261001_제과_피재은,483,8,9119.0,0
2026-10-04,[제과_저당웨하스미니스] 26.10_바닐라웨하스출시_수동_전환_video_전체타겟,네고형(미니스)_바닐라 (1001),[26.10]F_V_WF바_전환_바닐라웨하스출시_네고형_네고형_var4.릴스_으응.X_1P__261001_제과_피재은,3832,91,48925.0,3
2026-10-04,(마스터ASC) [제과_웨하스미니스] 26.10_바닐라웨하스출시_ASC_전환_video,(마스터ASC) [제과_웨하스미니스] 26.10_바닐라웨하스출시_ASC_전환_video,[26.10]F_V_WF바_전환_바닐라웨하스출시_네고형_네고형_var3.릴스_죄송합니다.X_1P__261001_제과_피재은,9560,118,138712.0,11
2026-10-04,(마스터ASC) [제과_웨하스미니스] 26.10_바닐라웨하스출시_ASC_전환_video,(마스터ASC) [제과_웨하스미니스] 26.10_바닐라웨하스출시_ASC_전환_video,[26.10]F_V_WF바_전환_바닐라웨하스출시_네고형_네고형_var2.릴스_1+1.X_1P__261001_제과_피재은,165,6,4430.0,0
2026-10-04,[제과_저당웨하스미니스] 26.10_바닐라웨하스출시_수동_전환_video_전체타겟,네고형(미니스)_바닐라 (1001),[26.10]F_V_WF바_전환_바닐라웨하스출시_네고형_네고형_var2.릴스_1+1.X_1P__261001_제과_피재은,625,17,12715.0,1
2026-10-04,[제과_저당웨하스미니스] 26.10_바닐라웨하스출시_수동_전환_video_전체타겟,네고형(미니스)_바닐라 (1001),[26.10]F_V_WF바_전환_바닐라웨하스출시_네고형_네고형_var3.릴스_죄송합니다.X_1P__261001_제과_피재은,389,7,6550.0,0
2026-10-04,(마스터ASC) [제과_웨하스미니스] 26.10_바닐라웨하스출시_ASC_전환_video,(마스터ASC) [제과_웨하스미니스] 26.10_바닐라웨하스출시_ASC_전환_video,[26.10]F_V_WF바_전환_바닐라웨하스출시_네고형_네고형_var1.릴스_최초.X_1P__261001_제과_피재은,187,2,3268.0,0
2026-10-04,(마스터ASC) [제과_웨하스미니스] 26.10_바닐라웨하스출시_ASC_전환_video,(마스터ASC) [제과_웨하스미니스] 26.10_바닐라웨하스출시_ASC_전환_video,[26.10]F_V_WF바_전환_바닐라웨하스출시_네고형_네고형_main.릴스_메인.X_1P__261001_제과_피재은,522,9,12365.0,0
2026-10-04,[제과_저당웨하스미니스] 26.10_바닐라웨하스출시_수동_전환_video_전체타겟,네고형(미니스)_바닐라 (1001),[26.10]F_V_WF바_전환_바닐라웨하스출시_네고형_네고형_main.릴스_메인.X_1P__261001_제과_피재은,629,12,12827.0,3
2026-10-04,[제과_저당웨하스미니스] 26.10_바닐라웨하스출시_수동_전환_video_전체타겟,네고형(미니스)_바닐라 (1001),[26.10]F_V_WF바_전환_바닐라웨하스출시_네고형_네고형_var1.릴스_최초.X_1P__261001_제과_피재은,17778,278,276618.0,19
2026-10-04,(마스터ASC) [제과_웨하스미니스] 26.10_바닐라웨하스출시_ASC_전환_video,(마스터ASC) [제과_웨하스미니스] 26.10_바닐라웨하스출시_ASC_전환_video,[26.10]F_V_WF바_전환_바닐라웨하스출시_네고형_책상네고형_var2.릴스_맛.X_1P__261002_제과_피재은,83,1,959.0,0
2026-10-04,(마스터ASC) [제과_웨하스미니스] 26.10_바닐라웨하스출시_ASC_전환_video,(마스터ASC) [제과_웨하스미니스] 26.10_바닐라웨하스출시_ASC_전환_video,[26.10]F_V_WF바_전환_바닐라웨하스출시_네고형_책상네고형_var1.릴스_혜택.X_1P__261002_제과_피재은,1137,8,17110.0,2
2026-10-05,(마스터ASC)[제과_블트하] 26.07_블트깡출시_ASC_전환_video,(마스터ASC)[제과_블트하] 26.07_블트깡출시_ASC_전환_video,[26.08]F_V_BT칩_전환_블트칩출시_쩜오건_시즈닝강조.이국주.KR1_var8.릴스_블트칩.트러플.슬기.X_1P__260820_제과_문형민,6,0,64.0,0
2026-10-05,(마스터ASC) [제과_웨하스미니스] 26.10_바닐라웨하스출시_ASC_전환_video,(마스터ASC) [제과_웨하스미니스] 26.10_바닐라웨하스출시_ASC_전환_video,[26.10]F_V_WF바_전환_바닐라웨하스출시_네고형_네고형_var5.릴스_바닐라빈.X_1P__261001_제과_피재은,1242,18,19228.0,2
2026-10-05,(마스터ASC) [제과_웨하스미니스] 26.10_바닐라웨하스출시_ASC_전환_video,(마스터ASC) [제과_웨하스미니스] 26.10_바닐라웨하스출시_ASC_전환_video,[26.10]F_V_WF바_전환_바닐라웨하스출시_네고형_네고형_var7.릴스_그만하자.X_1P__261001_제과_피재은,234,8,3864.0,1
2026-10-05,[제과_저당웨하스미니스] 26.10_바닐라웨하스출시_수동_전환_video_전체타겟,네고형(미니스)_바닐라 (1001),[26.10]F_V_WF바_전환_바닐라웨하스출시_네고형_네고형_var7.릴스_그만하자.X_1P__261001_제과_피재은,64,0,1053.0,0
2026-10-05,[제과_저당웨하스미니스] 26.10_바닐라웨하스출시_수동_전환_video_전체타겟,네고형(미니스)_바닐라 (1001),[26.10]F_V_WF바_전환_바닐라웨하스출시_네고형_네고형_var5.릴스_바닐라빈.X_1P__261001_제과_피재은,82,0,1019.0,0
2026-10-05,[제과_저당웨하스미니스] 26.10_바닐라웨하스출시_수동_전환_video_전체타겟,네고형(미니스)_바닐라 (1001),[26.10]F_V_WF바_전환_바닐라웨하스출시_네고형_네고형_var4.릴스_으응.X_1P__261001_제과_피재은,2014,54,24102.0,1
2026-10-05,(마스터ASC) [제과_웨하스미니스] 26.10_바닐라웨하스출시_ASC_전환_video,(마스터ASC) [제과_웨하스미니스] 26.10_바닐라웨하스출시_ASC_전환_video,[26.10]F_V_WF바_전환_바닐라웨하스출시_네고형_네고형_var3.릴스_죄송합니다.X_1P__261001_제과_피재은,15032,253,188374.0,15
2026-10-05,(마스터ASC) [제과_웨하스미니스] 26.10_바닐라웨하스출시_ASC_전환_video,(마스터ASC) [제과_웨하스미니스] 26.10_바닐라웨하스출시_ASC_전환_video,[26.10]F_V_WF바_전환_바닐라웨하스출시_네고형_네고형_var2.릴스_1+1.X_1P__261001_제과_피재은,145,3,2157.0,0
2026-10-05,[제과_저당웨하스미니스] 26.10_바닐라웨하스출시_수동_전환_video_전체타겟,네고형(미니스)_바닐라 (1001),[26.10]F_V_WF바_전환_바닐라웨하스출시_네고형_네고형_var2.릴스_1+1.X_1P__261001_제과_피재은,388,7,6088.0,0
2026-10-05,[제과_저당웨하스미니스] 26.10_바닐라웨하스출시_수동_전환_video_전체타겟,네고형(미니스)_바닐라 (1001),[26.10]F_V_WF바_전환_바닐라웨하스출시_네고형_네고형_var3.릴스_죄송합니다.X_1P__261001_제과_피재은,69,0,1322.0,0
2026-10-05,(마스터ASC) [제과_웨하스미니스] 26.10_바닐라웨하스출시_ASC_전환_video,(마스터ASC) [제과_웨하스미니스] 26.10_바닐라웨하스출시_ASC_전환_video,[26.10]F_V_WF바_전환_바닐라웨하스출시_네고형_네고형_var1.릴스_최초.X_1P__261001_제과_피재은,82,1,1173.0,0
2026-10-05,[제과_저당웨하스미니스] 26.10_바닐라웨하스출시_수동_전환_video_전체타겟,네고형(미니스)_바닐라 (1001),[26.10]F_V_WF바_전환_바닐라웨하스출시_네고형_네고형_main.릴스_메인.X_1P__261001_제과_피재은,105,2,1770.0,0
2026-10-05,[제과_저당웨하스미니스] 26.10_바닐라웨하스출시_수동_전환_video_전체타겟,네고형(미니스)_바닐라 (1001),[26.10]F_V_WF바_전환_바닐라웨하스출시_네고형_네고형_var1.릴스_최초.X_1P__261001_제과_피재은,17562,292,238404.0,20
2026-10-05,(마스터ASC) [제과_웨하스미니스] 26.10_바닐라웨하스출시_ASC_전환_video,(마스터ASC) [제과_웨하스미니스] 26.10_바닐라웨하스출시_ASC_전환_video,[26.10]F_V_WF바_전환_바닐라웨하스출시_네고형_책상네고형_var2.릴스_맛.X_1P__261002_제과_피재은,57,0,2149.0,0
2026-10-05,(마스터ASC) [제과_웨하스미니스] 26.10_바닐라웨하스출시_ASC_전환_video,(마스터ASC) [제과_웨하스미니스] 26.10_바닐라웨하스출시_ASC_전환_video,[26.10]F_V_WF바_전환_바닐라웨하스출시_네고형_책상네고형_var1.릴스_혜택.X_1P__261002_제과_피재은,1269,10,13391.0,0
2026-10-01,(마스터ASC)[제과_블트하] 26.07_블트깡출시_ASC_전환_video,(마스터ASC)[제과_블트하] 26.07_블트깡출시_ASC_전환_video,[26.09]F_V_BT깡_전환_블트깡출시_쩜오건_나폴리맛피아.KR1_var4.릴스_var4.슬기.X_1P__260901_제과_문형민,28,2,768.0,0
2026-10-01,(마스터ASC)[제과_블트하] 26.07_블트깡출시_ASC_전환_video,(마스터ASC)[제과_블트하] 26.07_블트깡출시_ASC_전환_video,[26.09]F_V_BT칩_전환_블트깡출시_신규BP_베이직BP.나폴리맛피아.KR1_var2.릴스_섞기연출.맛피아.X_1P__260901_제과_문형민,4044,72,51462.0,5
2026-10-02,(마스터ASC)[제과_블트하] 26.07_블트깡출시_ASC_전환_video,(마스터ASC)[제과_블트하] 26.07_블트깡출시_ASC_전환_video,[26.09]F_V_BT깡_전환_블트깡출시_쩜오건_나폴리맛피아.KR1_var4.릴스_var4.슬기.X_1P__260901_제과_문형민,36,0,545.0,0
2026-10-02,(마스터ASC)[제과_블트하] 26.07_블트깡출시_ASC_전환_video,(마스터ASC)[제과_블트하] 26.07_블트깡출시_ASC_전환_video,[26.09]F_V_BT칩_전환_블트깡출시_신규BP_베이직BP.나폴리맛피아.KR1_var2.릴스_섞기연출.맛피아.X_1P__260901_제과_문형민,1857,38,23141.0,1
2026-10-02,[제과_스노우콘] 26.10_스노우콘출시_수동_전환_image_전체타겟,1002_신상혜택강조_스노우콘출시 (신규),[26.10]F_I_SN치_전환_스노우콘출시_제품강조형_신규_.배너_혜택강조_2_미쳤어요.__김소희_261001_제과_박서연,25,1,461.0,0
2026-10-02,[제과_스노우콘] 26.10_스노우콘출시_수동_전환_image_전체타겟,1002_신상혜택강조_스노우콘출시 (신규),[26.10]F_I_SN치_전환_스노우콘출시_제품강조형_신규_.배너_신상강조_1.__김소희_261001_제과_박서연,104,0,2040.0,0
2026-10-02,[제과_스노우콘] 26.10_스노우콘출시_수동_전환_image_전체타겟,1002_신상혜택강조_스노우콘출시 (신규),[26.10]F_I_SN치_전환_스노우콘출시_제품강조형_신규_.배너_혜택강조_5_사과문.__김소희_261001_제과_박서연,65,0,1075.0,0
2026-10-02,[제과_스노우콘] 26.10_스노우콘출시_수동_전환_image_전체타겟,1002_신상혜택강조_스노우콘출시 (신규),[26.10]F_I_SN치_전환_스노우콘출시_제품강조형_신규_.배너_혜택강조_3_지금이젤싸요.__김소희_261001_제과_박서연,119,1,1700.0,0
2026-10-02,[제과_스노우콘] 26.10_스노우콘출시_수동_전환_image_전체타겟,1002_신상혜택강조_스노우콘출시 (신규),[26.10]F_I_SN치_전환_스노우콘출시_제품강조형_신규_.배너_혜택강조_4_공지문.__김소희_261001_제과_박서연,21,1,314.0,0
2026-10-02,[제과_스노우콘] 26.10_스노우콘출시_수동_전환_image_전체타겟,1002_신상혜택강조_스노우콘출시 (신규),[26.10]F_I_SN치_전환_스노우콘출시_제품강조형_신규_.배너_신상강조_2.__김소희_261001_제과_박서연,310,5,5867.0,2
2026-10-02,[제과_스노우콘] 26.10_스노우콘출시_수동_전환_image_전체타겟,1002_신상혜택강조_스노우콘출시 (신규),[26.10]F_I_SN치_전환_스노우콘출시_제품강조형_신규_.배너_신상강조_3.__김소희_261001_제과_박서연,7,0,38.0,0
2026-10-02,[제과_스노우콘] 26.10_스노우콘출시_수동_전환_image_전체타겟,1002_신상혜택강조_스노우콘출시 (신규),[26.10]F_I_SN치_전환_스노우콘출시_제품강조형_신규_.배너_신상강조_4.__김소희_261001_제과_박서연,153,2,1815.0,0
2026-10-02,[제과_스노우콘] 26.10_스노우콘출시_수동_전환_image_전체타겟,1002_신상혜택강조_스노우콘출시 (신규),[26.10]F_I_SN치_전환_스노우콘출시_제품강조형_신규_.배너_혜택강조_1_출시기념.__김소희_261001_제과_박서연,63,0,1311.0,0
2026-10-02,[제과_스노우콘] 26.10_스노우콘출시_수동_전환_image_전체타겟,1002_신상혜택강조_스노우콘출시 (신규),[26.10]F_I_SN치_전환_스노우콘출시_제품강조형_신규_.배너_신상강조_5.__김소희_261001_제과_박서연,1570,27,27381.0,2
2026-10-02,[제과_스노우콘] 26.10_스노우콘출시_수동_전환_image_전체타겟,1002_식감/크림치즈_스노우콘출시 (신규),[26.10]F_I_SN치_전환_스노우콘출시_제품강조형_신규_.배너_식감강조_사르르식감_3.__김소희_261001_제과_박서연,314,4,3560.0,0
2026-10-02,[제과_스노우콘] 26.10_스노우콘출시_수동_전환_image_전체타겟,1002_식감/크림치즈_스노우콘출시 (신규),[26.10]F_I_SN치_전환_스노우콘출시_제품강조형_신규_.배너_식감강조_사르르식감_1.__김소희_261001_제과_박서연,377,9,4020.0,1
2026-10-02,[제과_스노우콘] 26.10_스노우콘출시_수동_전환_image_전체타겟,1002_식감/크림치즈_스노우콘출시 (신규),[26.10]F_I_SN치_전환_스노우콘출시_제품강조형_신규_.배너_식감강조_사르르식감_2.__김소희_261001_제과_박서연,1836,49,27793.0,2
2026-10-02,[제과_스노우콘] 26.10_스노우콘출시_수동_전환_image_전체타겟,1002_식감/크림치즈_스노우콘출시 (신규),[26.10]F_I_SN치_전환_스노우콘출시_제품강조형_신규_.배너_크림치즈조화강조_3.__김소희_261001_제과_박서연,448,6,2698.0,0
2026-10-02,[제과_스노우콘] 26.10_스노우콘출시_수동_전환_image_전체타겟,1002_식감/크림치즈_스노우콘출시 (신규),[26.10]F_I_SN치_전환_스노우콘출시_제품강조형_신규_.배너_식감강조_우유말먹_1.__김소희_261001_제과_박서연,146,8,2489.0,1
2026-10-02,[제과_스노우콘] 26.10_스노우콘출시_수동_전환_image_전체타겟,1002_식감/크림치즈_스노우콘출시 (신규),[26.10]F_I_SN치_전환_스노우콘출시_제품강조형_신규_.배너_식감강조_우유말먹_3.__김소희_261001_제과_박서연,154,0,1723.0,0
2026-10-02,[제과_스노우콘] 26.10_스노우콘출시_수동_전환_image_전체타겟,1002_식감/크림치즈_스노우콘출시 (신규),[26.10]F_I_SN치_전환_스노우콘출시_제품강조형_신규_.배너_식감강조_우유말먹_2.__김소희_261001_제과_박서연,264,4,4241.0,0
2026-10-03,(마스터ASC)[제과_블트하] 26.07_블트깡출시_ASC_전환_video,(마스터ASC)[제과_블트하] 26.07_블트깡출시_ASC_전환_video,[26.09]F_V_BT깡_전환_블트깡출시_쩜오건_나폴리맛피아.KR1_var4.릴스_var4.슬기.X_1P__260901_제과_문형민,62,0,739.0,0
2026-10-03,[제과_스노우콘] 26.10_스노우콘출시_수동_전환_image_전체타겟,1002_신상혜택강조_스노우콘출시 (신규),[26.10]F_I_SN치_전환_스노우콘출시_제품강조형_신규_.배너_혜택강조_2_미쳤어요.__김소희_261001_제과_박서연,75,2,1672.0,0
2026-10-03,[제과_스노우콘] 26.10_스노우콘출시_수동_전환_image_전체타겟,1002_신상혜택강조_스노우콘출시 (신규),[26.10]F_I_SN치_전환_스노우콘출시_제품강조형_신규_.배너_신상강조_1.__김소희_261001_제과_박서연,116,1,2127.0,0
2026-10-03,[제과_스노우콘] 26.10_스노우콘출시_수동_전환_image_전체타겟,1002_신상혜택강조_스노우콘출시 (신규),[26.10]F_I_SN치_전환_스노우콘출시_제품강조형_신규_.배너_혜택강조_5_사과문.__김소희_261001_제과_박서연,56,1,718.0,0
2026-10-03,[제과_스노우콘] 26.10_스노우콘출시_수동_전환_image_전체타겟,1002_신상혜택강조_스노우콘출시 (신규),[26.10]F_I_SN치_전환_스노우콘출시_제품강조형_신규_.배너_혜택강조_3_지금이젤싸요.__김소희_261001_제과_박서연,47,0,892.0,0
2026-10-03,[제과_스노우콘] 26.10_스노우콘출시_수동_전환_image_전체타겟,1002_신상혜택강조_스노우콘출시 (신규),[26.10]F_I_SN치_전환_스노우콘출시_제품강조형_신규_.배너_혜택강조_4_공지문.__김소희_261001_제과_박서연,26,0,313.0,0
2026-10-03,[제과_스노우콘] 26.10_스노우콘출시_수동_전환_image_전체타겟,1002_신상혜택강조_스노우콘출시 (신규),[26.10]F_I_SN치_전환_스노우콘출시_제품강조형_신규_.배너_신상강조_2.__김소희_261001_제과_박서연,1211,19,11058.0,0
2026-10-03,[제과_스노우콘] 26.10_스노우콘출시_수동_전환_image_전체타겟,1002_신상혜택강조_스노우콘출시 (신규),[26.10]F_I_SN치_전환_스노우콘출시_제품강조형_신규_.배너_신상강조_3.__김소희_261001_제과_박서연,11,0,334.0,0
2026-10-03,[제과_스노우콘] 26.10_스노우콘출시_수동_전환_image_전체타겟,1002_신상혜택강조_스노우콘출시 (신규),[26.10]F_I_SN치_전환_스노우콘출시_제품강조형_신규_.배너_신상강조_4.__김소희_261001_제과_박서연,279,2,3849.0,0
2026-10-03,[제과_스노우콘] 26.10_스노우콘출시_수동_전환_image_전체타겟,1002_신상혜택강조_스노우콘출시 (신규),[26.10]F_I_SN치_전환_스노우콘출시_제품강조형_신규_.배너_혜택강조_1_출시기념.__김소희_261001_제과_박서연,26,0,441.0,0
2026-10-03,[제과_스노우콘] 26.10_스노우콘출시_수동_전환_image_전체타겟,1002_신상혜택강조_스노우콘출시 (신규),[26.10]F_I_SN치_전환_스노우콘출시_제품강조형_신규_.배너_신상강조_5.__김소희_261001_제과_박서연,819,16,15668.0,1
2026-10-03,[제과_스노우콘] 26.10_스노우콘출시_수동_전환_image_전체타겟,1002_식감/크림치즈_스노우콘출시 (신규),[26.10]F_I_SN치_전환_스노우콘출시_제품강조형_신규_.배너_식감강조_사르르식감_3.__김소희_261001_제과_박서연,115,3,1014.0,0
2026-10-03,[제과_스노우콘] 26.10_스노우콘출시_수동_전환_image_전체타겟,1002_식감/크림치즈_스노우콘출시 (신규),[26.10]F_I_SN치_전환_스노우콘출시_제품강조형_신규_.배너_식감강조_사르르식감_1.__김소희_261001_제과_박서연,1046,10,6682.0,0
2026-10-03,[제과_스노우콘] 26.10_스노우콘출시_수동_전환_image_전체타겟,1002_식감/크림치즈_스노우콘출시 (신규),[26.10]F_I_SN치_전환_스노우콘출시_제품강조형_신규_.배너_식감강조_사르르식감_2.__김소희_261001_제과_박서연,1264,22,15730.0,0
2026-10-03,[제과_스노우콘] 26.10_스노우콘출시_수동_전환_image_전체타겟,1002_식감/크림치즈_스노우콘출시 (신규),[26.10]F_I_SN치_전환_스노우콘출시_제품강조형_신규_.배너_크림치즈조화강조_3.__김소희_261001_제과_박서연,1107,10,6083.0,0
2026-10-03,[제과_스노우콘] 26.10_스노우콘출시_수동_전환_image_전체타겟,1002_식감/크림치즈_스노우콘출시 (신규),[26.10]F_I_SN치_전환_스노우콘출시_제품강조형_신규_.배너_식감강조_우유말먹_1.__김소희_261001_제과_박서연,879,12,11383.0,2
2026-10-03,[제과_스노우콘] 26.10_스노우콘출시_수동_전환_image_전체타겟,1002_식감/크림치즈_스노우콘출시 (신규),[26.10]F_I_SN치_전환_스노우콘출시_제품강조형_신규_.배너_식감강조_우유말먹_3.__김소희_261001_제과_박서연,72,1,936.0,0
2026-10-03,[제과_스노우콘] 26.10_스노우콘출시_수동_전환_image_전체타겟,1002_식감/크림치즈_스노우콘출시 (신규),[26.10]F_I_SN치_전환_스노우콘출시_제품강조형_신규_.배너_식감강조_우유말먹_2.__김소희_261001_제과_박서연,168,2,2030.0,0
2026-10-04,(마스터ASC)[제과_블트하] 26.07_블트깡출시_ASC_전환_video,(마스터ASC)[제과_블트하] 26.07_블트깡출시_ASC_전환_video,[26.09]F_V_BT깡_전환_블트깡출시_쩜오건_나폴리맛피아.KR1_var4.릴스_var4.슬기.X_1P__260901_제과_문형민,21,1,512.0,0
2026-10-04,[제과_스노우콘] 26.10_스노우콘출시_수동_전환_image_전체타겟,1002_신상혜택강조_스노우콘출시 (신규),[26.10]F_I_SN치_전환_스노우콘출시_제품강조형_신규_.배너_혜택강조_2_미쳤어요.__김소희_261001_제과_박서연,54,1,1357.0,2
2026-10-04,[제과_스노우콘] 26.10_스노우콘출시_수동_전환_image_전체타겟,1002_신상혜택강조_스노우콘출시 (신규),[26.10]F_I_SN치_전환_스노우콘출시_제품강조형_신규_.배너_신상강조_1.__김소희_261001_제과_박서연,61,0,893.0,0
2026-10-04,[제과_스노우콘] 26.10_스노우콘출시_수동_전환_image_전체타겟,1002_신상혜택강조_스노우콘출시 (신규),[26.10]F_I_SN치_전환_스노우콘출시_제품강조형_신규_.배너_혜택강조_5_사과문.__김소희_261001_제과_박서연,194,1,2633.0,0
2026-10-04,[제과_스노우콘] 26.10_스노우콘출시_수동_전환_image_전체타겟,1002_신상혜택강조_스노우콘출시 (신규),[26.10]F_I_SN치_전환_스노우콘출시_제품강조형_신규_.배너_혜택강조_3_지금이젤싸요.__김소희_261001_제과_박서연,15,0,569.0,0
2026-10-04,[제과_스노우콘] 26.10_스노우콘출시_수동_전환_image_전체타겟,1002_신상혜택강조_스노우콘출시 (신규),[26.10]F_I_SN치_전환_스노우콘출시_제품강조형_신규_.배너_혜택강조_4_공지문.__김소희_261001_제과_박서연,29,0,533.0,0
2026-10-04,[제과_스노우콘] 26.10_스노우콘출시_수동_전환_image_전체타겟,1002_신상혜택강조_스노우콘출시 (신규),[26.10]F_I_SN치_전환_스노우콘출시_제품강조형_신규_.배너_신상강조_2.__김소희_261001_제과_박서연,1227,12,13461.0,0
2026-10-04,[제과_스노우콘] 26.10_스노우콘출시_수동_전환_image_전체타겟,1002_신상혜택강조_스노우콘출시 (신규),[26.10]F_I_SN치_전환_스노우콘출시_제품강조형_신규_.배너_신상강조_3.__김소희_261001_제과_박서연,10,0,77.0,0
2026-10-04,[제과_스노우콘] 26.10_스노우콘출시_수동_전환_image_전체타겟,1002_신상혜택강조_스노우콘출시 (신규),[26.10]F_I_SN치_전환_스노우콘출시_제품강조형_신규_.배너_신상강조_4.__김소희_261001_제과_박서연,84,0,1324.0,0
2026-10-04,[제과_스노우콘] 26.10_스노우콘출시_수동_전환_image_전체타겟,1002_신상혜택강조_스노우콘출시 (신규),[26.10]F_I_SN치_전환_스노우콘출시_제품강조형_신규_.배너_혜택강조_1_출시기념.__김소희_261001_제과_박서연,26,0,830.0,0
2026-10-04,[제과_스노우콘] 26.10_스노우콘출시_수동_전환_image_전체타겟,1002_신상혜택강조_스노우콘출시 (신규),[26.10]F_I_SN치_전환_스노우콘출시_제품강조형_신규_.배너_신상강조_5.__김소희_261001_제과_박서연,9121,88,114531.0,8
2026-10-04,[제과_스노우콘] 26.10_스노우콘출시_수동_전환_image_전체타겟,1002_식감/크림치즈_스노우콘출시 (신규),[26.10]F_I_SN치_전환_스노우콘출시_제품강조형_신규_.배너_식감강조_사르르식감_3.__김소희_261001_제과_박서연,44,0,328.0,0
2026-10-04,[제과_스노우콘] 26.10_스노우콘출시_수동_전환_image_전체타겟,1002_식감/크림치즈_스노우콘출시 (신규),[26.10]F_I_SN치_전환_스노우콘출시_제품강조형_신규_.배너_식감강조_사르르식감_1.__김소희_261001_제과_박서연,196,1,2476.0,0
2026-10-04,[제과_스노우콘] 26.10_스노우콘출시_수동_전환_image_전체타겟,1002_식감/크림치즈_스노우콘출시 (신규),[26.10]F_I_SN치_전환_스노우콘출시_제품강조형_신규_.배너_식감강조_사르르식감_2.__김소희_261001_제과_박서연,3018,40,28120.0,2
2026-10-04,[제과_스노우콘] 26.10_스노우콘출시_수동_전환_image_전체타겟,1002_식감/크림치즈_스노우콘출시 (신규),[26.10]F_I_SN치_전환_스노우콘출시_제품강조형_신규_.배너_크림치즈조화강조_3.__김소희_261001_제과_박서연,18,0,123.0,0
2026-10-04,[제과_스노우콘] 26.10_스노우콘출시_수동_전환_image_전체타겟,1002_식감/크림치즈_스노우콘출시 (신규),[26.10]F_I_SN치_전환_스노우콘출시_제품강조형_신규_.배너_식감강조_우유말먹_1.__김소희_261001_제과_박서연,457,5,4230.0,0
2026-10-04,[제과_스노우콘] 26.10_스노우콘출시_수동_전환_image_전체타겟,1002_식감/크림치즈_스노우콘출시 (신규),[26.10]F_I_SN치_전환_스노우콘출시_제품강조형_신규_.배너_식감강조_우유말먹_3.__김소희_261001_제과_박서연,6,0,67.0,0
2026-10-04,[제과_스노우콘] 26.10_스노우콘출시_수동_전환_image_전체타겟,1002_식감/크림치즈_스노우콘출시 (신규),[26.10]F_I_SN치_전환_스노우콘출시_제품강조형_신규_.배너_식감강조_우유말먹_2.__김소희_261001_제과_박서연,41,0,264.0,0
2026-10-05,(마스터ASC)[제과_블트하] 26.07_블트깡출시_ASC_전환_video,(마스터ASC)[제과_블트하] 26.07_블트깡출시_ASC_전환_video,[26.09]F_V_BT깡_전환_블트깡출시_쩜오건_나폴리맛피아.KR1_var4.릴스_var4.슬기.X_1P__260901_제과_문형민,36,2,419.0,0
2026-10-05,[제과_스노우콘] 26.10_스노우콘출시_수동_전환_image_전체타겟,1002_신상혜택강조_스노우콘출시 (신규),[26.10]F_I_SN치_전환_스노우콘출시_제품강조형_신규_.배너_혜택강조_2_미쳤어요.__김소희_261001_제과_박서연,59,0,1118.0,0
2026-10-05,[제과_스노우콘] 26.10_스노우콘출시_수동_전환_image_전체타겟,1002_신상혜택강조_스노우콘출시 (신규),[26.10]F_I_SN치_전환_스노우콘출시_제품강조형_신규_.배너_신상강조_1.__김소희_261001_제과_박서연,56,1,715.0,0
2026-10-05,[제과_스노우콘] 26.10_스노우콘출시_수동_전환_image_전체타겟,1002_신상혜택강조_스노우콘출시 (신규),[26.10]F_I_SN치_전환_스노우콘출시_제품강조형_신규_.배너_혜택강조_5_사과문.__김소희_261001_제과_박서연,125,2,2046.0,0
2026-10-05,[제과_스노우콘] 26.10_스노우콘출시_수동_전환_image_전체타겟,1002_신상혜택강조_스노우콘출시 (신규),[26.10]F_I_SN치_전환_스노우콘출시_제품강조형_신규_.배너_혜택강조_3_지금이젤싸요.__김소희_261001_제과_박서연,26,0,450.0,0
2026-10-05,[제과_스노우콘] 26.10_스노우콘출시_수동_전환_image_전체타겟,1002_신상혜택강조_스노우콘출시 (신규),[26.10]F_I_SN치_전환_스노우콘출시_제품강조형_신규_.배너_혜택강조_4_공지문.__김소희_261001_제과_박서연,9,0,117.0,0
2026-10-05,[제과_스노우콘] 26.10_스노우콘출시_수동_전환_image_전체타겟,1002_신상혜택강조_스노우콘출시 (신규),[26.10]F_I_SN치_전환_스노우콘출시_제품강조형_신규_.배너_신상강조_3.__김소희_261001_제과_박서연,1,0,2.0,0
2026-10-05,[제과_스노우콘] 26.10_스노우콘출시_수동_전환_image_전체타겟,1002_신상혜택강조_스노우콘출시 (신규),[26.10]F_I_SN치_전환_스노우콘출시_제품강조형_신규_.배너_신상강조_4.__김소희_261001_제과_박서연,275,2,2751.0,0
2026-10-05,[제과_스노우콘] 26.10_스노우콘출시_수동_전환_image_전체타겟,1002_신상혜택강조_스노우콘출시 (신규),[26.10]F_I_SN치_전환_스노우콘출시_제품강조형_신규_.배너_혜택강조_1_출시기념.__김소희_261001_제과_박서연,52,2,1018.0,0
2026-10-05,[제과_스노우콘] 26.10_스노우콘출시_수동_전환_image_전체타겟,1002_식감/크림치즈_스노우콘출시 (신규),[26.10]F_I_SN치_전환_스노우콘출시_제품강조형_신규_.배너_식감강조_사르르식감_3.__김소희_261001_제과_박서연,6,0,60.0,0
2026-10-05,[제과_스노우콘] 26.10_스노우콘출시_수동_전환_image_전체타겟,1002_식감/크림치즈_스노우콘출시 (신규),[26.10]F_I_SN치_전환_스노우콘출시_제품강조형_신규_.배너_식감강조_사르르식감_1.__김소희_261001_제과_박서연,64,1,673.0,0
2026-10-05,[제과_스노우콘] 26.10_스노우콘출시_수동_전환_image_전체타겟,1002_식감/크림치즈_스노우콘출시 (신규),[26.10]F_I_SN치_전환_스노우콘출시_제품강조형_신규_.배너_식감강조_사르르식감_2.__김소희_261001_제과_박서연,1601,12,19073.0,0
2026-10-05,[제과_스노우콘] 26.10_스노우콘출시_수동_전환_image_전체타겟,1002_식감/크림치즈_스노우콘출시 (신규),[26.10]F_I_SN치_전환_스노우콘출시_제품강조형_신규_.배너_크림치즈조화강조_3.__김소희_261001_제과_박서연,38,0,443.0,0
2026-10-05,[제과_스노우콘] 26.10_스노우콘출시_수동_전환_image_전체타겟,1002_식감/크림치즈_스노우콘출시 (신규),[26.10]F_I_SN치_전환_스노우콘출시_제품강조형_신규_.배너_식감강조_우유말먹_1.__김소희_261001_제과_박서연,79,2,1455.0,0
2026-10-05,[제과_스노우콘] 26.10_스노우콘출시_수동_전환_image_전체타겟,1002_식감/크림치즈_스노우콘출시 (신규),[26.10]F_I_SN치_전환_스노우콘출시_제품강조형_신규_.배너_식감강조_우유말먹_3.__김소희_261001_제과_박서연,5,0,101.0,0
2026-10-05,[제과_스노우콘] 26.10_스노우콘출시_수동_전환_image_전체타겟,1002_식감/크림치즈_스노우콘출시 (신규),[26.10]F_I_SN치_전환_스노우콘출시_제품강조형_신규_.배너_식감강조_우유말먹_2.__김소희_261001_제과_박서연,44,0,350.0,0
2026-10-01,(마스터ASC)[제과_블트하] 26.07_블트깡출시_ASC_전환_video,(마스터ASC)[제과_블트하] 26.07_블트깡출시_ASC_전환_video,[26.08]F_V_BT칩_전환_블트칩출시_쩜오건_시즈닝강조.이국주.KR1_var6.릴스_블트칩.시즈닝신상.슬기.X_1P__260820_제과_문형민,6,0,33.0,0
2026-10-02,(마스터ASC)[제과_블트하] 26.07_블트깡출시_ASC_전환_video,(마스터ASC)[제과_블트하] 26.07_블트깡출시_ASC_전환_video,[26.08]F_V_BT깡_전환_블트깡출시_라이브커머스형_라이브커머스형.KR1_var4.릴스_전체.메인.슬기.X_1P_김소희_260812_제과_피재은,10,0,141.0,0
2026-10-02,(마스터ASC)[제과_블트하] 26.07_블트깡출시_ASC_전환_video,(마스터ASC)[제과_블트하] 26.07_블트깡출시_ASC_전환_video,[26.08]F_V_BT칩_전환_블트칩출시_쩜오건_시즈닝강조.이국주.KR1_var6.릴스_블트칩.시즈닝신상.슬기.X_1P__260820_제과_문형민,7,0,48.0,0
2026-10-02,[제과_스노우콘] 26.10_스노우콘출시_수동_전환_image_전체타겟,1002_식감/크림치즈_스노우콘출시 (신규),[26.10]F_I_SN치_전환_스노우콘출시_제품강조형_신규_.배너_크림치즈조화강조_1.__김소희_261001_제과_박서연,743,9,10933.0,1
2026-10-02,[제과_스노우콘] 26.10_스노우콘출시_수동_전환_image_전체타겟,1002_식감/크림치즈_스노우콘출시 (신규),[26.10]F_I_SN치_전환_스노우콘출시_제품강조형_신규_.배너_크림치즈조화강조_2.__김소희_261001_제과_박서연,173,3,2354.0,0
2026-10-02,[제과_스노우콘] 26.10_스노우콘출시_수동_전환_image_전체타겟,1002_황치즈강조_스노우콘출시 (신규),[26.10]F_I_SN치_전환_스노우콘출시_제품강조형_신규_.배너_황치즈강조_찐한풍미_체다치즈_3.__김소희_261001_제과_박서연,87,5,1084.0,0
2026-10-02,[제과_스노우콘] 26.10_스노우콘출시_수동_전환_image_전체타겟,1002_황치즈강조_스노우콘출시 (신규),[26.10]F_I_SN치_전환_스노우콘출시_제품강조형_신규_.배너_황치즈강조_찐한풍미_체다치즈_2.__김소희_261001_제과_박서연,87,0,627.0,0
2026-10-02,[제과_스노우콘] 26.10_스노우콘출시_수동_전환_image_전체타겟,1002_황치즈강조_스노우콘출시 (신규),[26.10]F_I_SN치_전환_스노우콘출시_제품강조형_신규_.배너_황치즈강조_찐한풍미_향_1_3.__김소희_261001_제과_박서연,26,0,312.0,0
2026-10-02,[제과_스노우콘] 26.10_스노우콘출시_수동_전환_image_전체타겟,1002_황치즈강조_스노우콘출시 (신규),[26.10]F_I_SN치_전환_스노우콘출시_제품강조형_신규_.배너_황치즈강조_찐한풍미_향_1_1.__김소희_261001_제과_박서연,18,1,198.0,0
2026-10-02,[제과_스노우콘] 26.10_스노우콘출시_수동_전환_image_전체타겟,1002_황치즈강조_스노우콘출시 (신규),[26.10]F_I_SN치_전환_스노우콘출시_제품강조형_신규_.배너_황치즈강조_찐한풍미_향_1_2.__김소희_261001_제과_박서연,28,0,255.0,0
2026-10-02,[제과_스노우콘] 26.10_스노우콘출시_수동_전환_image_전체타겟,1002_황치즈강조_스노우콘출시 (신규),[26.10]F_I_SN치_전환_스노우콘출시_제품강조형_신규_.배너_황치즈강조_찐한풍미_시즈닝_4.__김소희_261001_제과_박서연,10,0,142.0,0
2026-10-02,[제과_스노우콘] 26.10_스노우콘출시_수동_전환_image_전체타겟,1002_황치즈강조_스노우콘출시 (신규),[26.10]F_I_SN치_전환_스노우콘출시_제품강조형_신규_.배너_황치즈강조_단짠단짠_중독성_1.__김소희_261001_제과_박서연,34,0,375.0,0
2026-10-02,[제과_스노우콘] 26.10_스노우콘출시_수동_전환_image_전체타겟,1002_황치즈강조_스노우콘출시 (신규),[26.10]F_I_SN치_전환_스노우콘출시_제품강조형_신규_.배너_황치즈강조_단짠단짠_밸런스_3.__김소희_261001_제과_박서연,9,2,144.0,0
2026-10-02,[제과_스노우콘] 26.10_스노우콘출시_수동_전환_image_전체타겟,1002_황치즈강조_스노우콘출시 (신규),[26.10]F_I_SN치_전환_스노우콘출시_제품강조형_신규_.배너_황치즈강조_단짠단짠_밸런스_2.__김소희_261001_제과_박서연,83,1,1131.0,0
2026-10-02,[제과_스노우콘] 26.10_스노우콘출시_수동_전환_image_전체타겟,1002_황치즈강조_스노우콘출시 (신규),[26.10]F_I_SN치_전환_스노우콘출시_제품강조형_신규_.배너_황치즈강조_찐한풍미_향_4_1.__김소희_261001_제과_박서연,82,0,1215.0,0
2026-10-02,[제과_스노우콘] 26.10_스노우콘출시_수동_전환_image_전체타겟,1002_황치즈강조_스노우콘출시 (신규),[26.10]F_I_SN치_전환_스노우콘출시_제품강조형_신규_.배너_황치즈강조_찐한풍미_향_3_3.__김소희_261001_제과_박서연,50,0,448.0,0
2026-10-02,[제과_스노우콘] 26.10_스노우콘출시_수동_전환_image_전체타겟,1002_황치즈강조_스노우콘출시 (신규),[26.10]F_I_SN치_전환_스노우콘출시_제품강조형_신규_.배너_황치즈강조_찐한풍미_향_3_4.__김소희_261001_제과_박서연,25,1,318.0,1
2026-10-02,[제과_스노우콘] 26.10_스노우콘출시_수동_전환_image_전체타겟,1002_황치즈강조_스노우콘출시 (신규),[26.10]F_I_SN치_전환_스노우콘출시_제품강조형_신규_.배너_황치즈강조_찐한풍미_향_2_3.__김소희_261001_제과_박서연,111,2,2653.0,0
2026-10-02,[제과_스노우콘] 26.10_스노우콘출시_수동_전환_image_전체타겟,1002_황치즈강조_스노우콘출시 (신규),[26.10]F_I_SN치_전환_스노우콘출시_제품강조형_신규_.배너_황치즈강조_찐한풍미_향_2_2.__김소희_261001_제과_박서연,41,2,1299.0,0
2026-10-02,[제과_스노우콘] 26.10_스노우콘출시_수동_전환_image_전체타겟,1002_황치즈강조_스노우콘출시 (신규),[26.10]F_I_SN치_전환_스노우콘출시_제품강조형_신규_.배너_황치즈강조_단짠단짠_중독성_2.__김소희_261001_제과_박서연,147,1,2908.0,0
2026-10-02,[제과_스노우콘] 26.10_스노우콘출시_수동_전환_image_전체타겟,1002_황치즈강조_스노우콘출시 (신규),[26.10]F_I_SN치_전환_스노우콘출시_제품강조형_신규_.배너_황치즈강조_단짠단짠_중독성_3.__김소희_261001_제과_박서연,33,0,588.0,0
2026-10-02,[제과_스노우콘] 26.10_스노우콘출시_수동_전환_image_전체타겟,1002_황치즈강조_스노우콘출시 (신규),[26.10]F_I_SN치_전환_스노우콘출시_제품강조형_신규_.배너_황치즈강조_찐한풍미_향_2_1.__김소희_261001_제과_박서연,14,0,391.0,0
2026-10-02,[제과_스노우콘] 26.10_스노우콘출시_수동_전환_image_전체타겟,1002_황치즈강조_스노우콘출시 (신규),[26.10]F_I_SN치_전환_스노우콘출시_제품강조형_신규_.배너_황치즈강조_찐한풍미_향_4_3.__김소희_261001_제과_박서연,176,4,2459.0,0
2026-10-02,[제과_스노우콘] 26.10_스노우콘출시_수동_전환_image_전체타겟,1002_황치즈강조_스노우콘출시 (신규),[26.10]F_I_SN치_전환_스노우콘출시_제품강조형_신규_.배너_황치즈강조_찐한풍미_향_4_4.__김소희_261001_제과_박서연,20,1,232.0,0
2026-10-02,[제과_스노우콘] 26.10_스노우콘출시_수동_전환_image_전체타겟,1002_황치즈강조_스노우콘출시 (신규),[26.10]F_I_SN치_전환_스노우콘출시_제품강조형_신규_.배너_황치즈강조_찐한풍미_향_4_2.__김소희_261001_제과_박서연,57,2,1017.0,0
2026-10-02,[제과_스노우콘] 26.10_스노우콘출시_수동_전환_image_전체타겟,1002_황치즈강조_스노우콘출시 (신규),[26.10]F_I_SN치_전환_스노우콘출시_제품강조형_신규_.배너_황치즈강조_찐한풍미_시즈닝_1.__김소희_261001_제과_박서연,312,9,2963.0,0
2026-10-02,[제과_스노우콘] 26.10_스노우콘출시_수동_전환_image_전체타겟,1002_황치즈강조_스노우콘출시 (신규),[26.10]F_I_SN치_전환_스노우콘출시_제품강조형_신규_.배너_황치즈강조_찐한풍미_시즈닝_3.__김소희_261001_제과_박서연,53,0,650.0,0
2026-10-02,[제과_스노우콘] 26.10_스노우콘출시_수동_전환_image_전체타겟,1002_황치즈강조_스노우콘출시 (신규),[26.10]F_I_SN치_전환_스노우콘출시_제품강조형_신규_.배너_황치즈강조_찐한풍미_향_3_2.__김소희_261001_제과_박서연,435,1,2856.0,0
2026-10-02,[제과_스노우콘] 26.10_스노우콘출시_수동_전환_image_전체타겟,1002_황치즈강조_스노우콘출시 (신규),[26.10]F_I_SN치_전환_스노우콘출시_제품강조형_신규_.배너_황치즈강조_찐한풍미_향_3_1.__김소희_261001_제과_박서연,322,13,6023.0,0
2026-10-02,[제과_스노우콘] 26.10_스노우콘출시_수동_전환_image_전체타겟,1002_황치즈강조_스노우콘출시 (신규),[26.10]F_I_SN치_전환_스노우콘출시_제품강조형_신규_.배너_황치즈강조_찐한풍미_시즈닝_2.__김소희_261001_제과_박서연,433,6,6351.0,0
2026-10-02,[제과_스노우콘] 26.10_스노우콘출시_수동_전환_image_전체타겟,1002_황치즈강조_스노우콘출시 (신규),[26.10]F_I_SN치_전환_스노우콘출시_제품강조형_신규_.배너_황치즈강조_단짠단짠_밸런스_1.__김소희_261001_제과_박서연,34,0,298.0,0
2026-10-02,[제과_스노우콘] 26.10_스노우콘출시_수동_전환_image_전체타겟,1002_황치즈강조_스노우콘출시 (신규),[26.10]F_I_SN치_전환_스노우콘출시_제품강조형_신규_.배너_황치즈강조_찐한풍미_체다치즈_1.__김소희_261001_제과_박서연,6,0,47.0,0
2026-10-03,(마스터ASC)[제과_블트하] 26.07_블트깡출시_ASC_전환_video,(마스터ASC)[제과_블트하] 26.07_블트깡출시_ASC_전환_video,[26.08]F_V_BT깡_전환_블트깡출시_라이브커머스형_라이브커머스형.KR1_var4.릴스_전체.메인.슬기.X_1P_김소희_260812_제과_피재은,19,1,787.0,0
2026-10-03,(마스터ASC)[제과_블트하] 26.07_블트깡출시_ASC_전환_video,(마스터ASC)[제과_블트하] 26.07_블트깡출시_ASC_전환_video,[26.08]F_V_BT칩_전환_블트칩출시_쩜오건_시즈닝강조.이국주.KR1_var6.릴스_블트칩.시즈닝신상.슬기.X_1P__260820_제과_문형민,71,2,792.0,0
2026-10-03,[제과_스노우콘] 26.10_스노우콘출시_수동_전환_image_전체타겟,1002_식감/크림치즈_스노우콘출시 (신규),[26.10]F_I_SN치_전환_스노우콘출시_제품강조형_신규_.배너_크림치즈조화강조_1.__김소희_261001_제과_박서연,142,3,2839.0,0
2026-10-03,[제과_스노우콘] 26.10_스노우콘출시_수동_전환_image_전체타겟,1002_식감/크림치즈_스노우콘출시 (신규),[26.10]F_I_SN치_전환_스노우콘출시_제품강조형_신규_.배너_크림치즈조화강조_2.__김소희_261001_제과_박서연,76,2,871.0,0
2026-10-03,[제과_스노우콘] 26.10_스노우콘출시_수동_전환_image_전체타겟,1002_황치즈강조_스노우콘출시 (신규),[26.10]F_I_SN치_전환_스노우콘출시_제품강조형_신규_.배너_황치즈강조_찐한풍미_체다치즈_3.__김소희_261001_제과_박서연,352,0,3171.0,0
2026-10-03,[제과_스노우콘] 26.10_스노우콘출시_수동_전환_image_전체타겟,1002_황치즈강조_스노우콘출시 (신규),[26.10]F_I_SN치_전환_스노우콘출시_제품강조형_신규_.배너_황치즈강조_찐한풍미_체다치즈_2.__김소희_261001_제과_박서연,50,0,1109.0,0
2026-10-03,[제과_스노우콘] 26.10_스노우콘출시_수동_전환_image_전체타겟,1002_황치즈강조_스노우콘출시 (신규),[26.10]F_I_SN치_전환_스노우콘출시_제품강조형_신규_.배너_황치즈강조_찐한풍미_향_1_3.__김소희_261001_제과_박서연,52,1,1180.0,0
2026-10-03,[제과_스노우콘] 26.10_스노우콘출시_수동_전환_image_전체타겟,1002_황치즈강조_스노우콘출시 (신규),[26.10]F_I_SN치_전환_스노우콘출시_제품강조형_신규_.배너_황치즈강조_찐한풍미_향_1_1.__김소희_261001_제과_박서연,96,1,2256.0,0
2026-10-03,[제과_스노우콘] 26.10_스노우콘출시_수동_전환_image_전체타겟,1002_황치즈강조_스노우콘출시 (신규),[26.10]F_I_SN치_전환_스노우콘출시_제품강조형_신규_.배너_황치즈강조_찐한풍미_향_1_2.__김소희_261001_제과_박서연,26,0,445.0,0
2026-10-03,[제과_스노우콘] 26.10_스노우콘출시_수동_전환_image_전체타겟,1002_황치즈강조_스노우콘출시 (신규),[26.10]F_I_SN치_전환_스노우콘출시_제품강조형_신규_.배너_황치즈강조_찐한풍미_시즈닝_4.__김소희_261001_제과_박서연,33,0,554.0,0
2026-10-03,[제과_스노우콘] 26.10_스노우콘출시_수동_전환_image_전체타겟,1002_황치즈강조_스노우콘출시 (신규),[26.10]F_I_SN치_전환_스노우콘출시_제품강조형_신규_.배너_황치즈강조_단짠단짠_중독성_1.__김소희_261001_제과_박서연,5,0,37.0,0
2026-10-03,[제과_스노우콘] 26.10_스노우콘출시_수동_전환_image_전체타겟,1002_황치즈강조_스노우콘출시 (신규),[26.10]F_I_SN치_전환_스노우콘출시_제품강조형_신규_.배너_황치즈강조_단짠단짠_밸런스_3.__김소희_261001_제과_박서연,2036,37,34046.0,1
2026-10-03,[제과_스노우콘] 26.10_스노우콘출시_수동_전환_image_전체타겟,1002_황치즈강조_스노우콘출시 (신규),[26.10]F_I_SN치_전환_스노우콘출시_제품강조형_신규_.배너_황치즈강조_단짠단짠_밸런스_2.__김소희_261001_제과_박서연,313,5,5706.0,0
2026-10-03,[제과_스노우콘] 26.10_스노우콘출시_수동_전환_image_전체타겟,1002_황치즈강조_스노우콘출시 (신규),[26.10]F_I_SN치_전환_스노우콘출시_제품강조형_신규_.배너_황치즈강조_찐한풍미_향_4_1.__김소희_261001_제과_박서연,15,0,615.0,0
2026-10-03,[제과_스노우콘] 26.10_스노우콘출시_수동_전환_image_전체타겟,1002_황치즈강조_스노우콘출시 (신규),[26.10]F_I_SN치_전환_스노우콘출시_제품강조형_신규_.배너_황치즈강조_찐한풍미_향_3_3.__김소희_261001_제과_박서연,23,0,559.0,0
2026-10-03,[제과_스노우콘] 26.10_스노우콘출시_수동_전환_image_전체타겟,1002_황치즈강조_스노우콘출시 (신규),[26.10]F_I_SN치_전환_스노우콘출시_제품강조형_신규_.배너_황치즈강조_찐한풍미_향_3_4.__김소희_261001_제과_박서연,68,0,770.0,0
2026-10-03,[제과_스노우콘] 26.10_스노우콘출시_수동_전환_image_전체타겟,1002_황치즈강조_스노우콘출시 (신규),[26.10]F_I_SN치_전환_스노우콘출시_제품강조형_신규_.배너_황치즈강조_찐한풍미_향_2_3.__김소희_261001_제과_박서연,171,1,2304.0,0
2026-10-03,[제과_스노우콘] 26.10_스노우콘출시_수동_전환_image_전체타겟,1002_황치즈강조_스노우콘출시 (신규),[26.10]F_I_SN치_전환_스노우콘출시_제품강조형_신규_.배너_황치즈강조_찐한풍미_향_2_2.__김소희_261001_제과_박서연,21,1,323.0,1
2026-10-03,[제과_스노우콘] 26.10_스노우콘출시_수동_전환_image_전체타겟,1002_황치즈강조_스노우콘출시 (신규),[26.10]F_I_SN치_전환_스노우콘출시_제품강조형_신규_.배너_황치즈강조_단짠단짠_중독성_2.__김소희_261001_제과_박서연,103,2,1719.0,0
2026-10-03,[제과_스노우콘] 26.10_스노우콘출시_수동_전환_image_전체타겟,1002_황치즈강조_스노우콘출시 (신규),[26.10]F_I_SN치_전환_스노우콘출시_제품강조형_신규_.배너_황치즈강조_단짠단짠_중독성_3.__김소희_261001_제과_박서연,5,0,93.0,0
2026-10-03,[제과_스노우콘] 26.10_스노우콘출시_수동_전환_image_전체타겟,1002_황치즈강조_스노우콘출시 (신규),[26.10]F_I_SN치_전환_스노우콘출시_제품강조형_신규_.배너_황치즈강조_찐한풍미_향_2_1.__김소희_261001_제과_박서연,4,0,38.0,0
2026-10-03,[제과_스노우콘] 26.10_스노우콘출시_수동_전환_image_전체타겟,1002_황치즈강조_스노우콘출시 (신규),[26.10]F_I_SN치_전환_스노우콘출시_제품강조형_신규_.배너_황치즈강조_찐한풍미_향_4_3.__김소희_261001_제과_박서연,115,1,1385.0,0
2026-10-03,[제과_스노우콘] 26.10_스노우콘출시_수동_전환_image_전체타겟,1002_황치즈강조_스노우콘출시 (신규),[26.10]F_I_SN치_전환_스노우콘출시_제품강조형_신규_.배너_황치즈강조_찐한풍미_향_4_4.__김소희_261001_제과_박서연,27,1,626.0,0
2026-10-03,[제과_스노우콘] 26.10_스노우콘출시_수동_전환_image_전체타겟,1002_황치즈강조_스노우콘출시 (신규),[26.10]F_I_SN치_전환_스노우콘출시_제품강조형_신규_.배너_황치즈강조_찐한풍미_향_4_2.__김소희_261001_제과_박서연,31,0,404.0,0
2026-10-03,[제과_스노우콘] 26.10_스노우콘출시_수동_전환_image_전체타겟,1002_황치즈강조_스노우콘출시 (신규),[26.10]F_I_SN치_전환_스노우콘출시_제품강조형_신규_.배너_황치즈강조_찐한풍미_시즈닝_1.__김소희_261001_제과_박서연,542,5,4618.0,0
2026-10-03,[제과_스노우콘] 26.10_스노우콘출시_수동_전환_image_전체타겟,1002_황치즈강조_스노우콘출시 (신규),[26.10]F_I_SN치_전환_스노우콘출시_제품강조형_신규_.배너_황치즈강조_찐한풍미_시즈닝_3.__김소희_261001_제과_박서연,35,0,404.0,0
2026-10-03,[제과_스노우콘] 26.10_스노우콘출시_수동_전환_image_전체타겟,1002_황치즈강조_스노우콘출시 (신규),[26.10]F_I_SN치_전환_스노우콘출시_제품강조형_신규_.배너_황치즈강조_찐한풍미_향_3_2.__김소희_261001_제과_박서연,11,0,221.0,0
2026-10-03,[제과_스노우콘] 26.10_스노우콘출시_수동_전환_image_전체타겟,1002_황치즈강조_스노우콘출시 (신규),[26.10]F_I_SN치_전환_스노우콘출시_제품강조형_신규_.배너_황치즈강조_찐한풍미_향_3_1.__김소희_261001_제과_박서연,1365,18,19513.0,2
2026-10-03,[제과_스노우콘] 26.10_스노우콘출시_수동_전환_image_전체타겟,1002_황치즈강조_스노우콘출시 (신규),[26.10]F_I_SN치_전환_스노우콘출시_제품강조형_신규_.배너_황치즈강조_찐한풍미_시즈닝_2.__김소희_261001_제과_박서연,575,6,6939.0,1
2026-10-03,[제과_스노우콘] 26.10_스노우콘출시_수동_전환_image_전체타겟,1002_황치즈강조_스노우콘출시 (신규),[26.10]F_I_SN치_전환_스노우콘출시_제품강조형_신규_.배너_황치즈강조_단짠단짠_밸런스_1.__김소희_261001_제과_박서연,6,0,39.0,0
2026-10-03,[제과_스노우콘] 26.10_스노우콘출시_수동_전환_image_전체타겟,1002_황치즈강조_스노우콘출시 (신규),[26.10]F_I_SN치_전환_스노우콘출시_제품강조형_신규_.배너_황치즈강조_찐한풍미_체다치즈_1.__김소희_261001_제과_박서연,95,2,1851.0,0
2026-10-04,(마스터ASC)[제과_블트하] 26.07_블트깡출시_ASC_전환_video,(마스터ASC)[제과_블트하] 26.07_블트깡출시_ASC_전환_video,[26.08]F_V_BT깡_전환_블트깡출시_라이브커머스형_라이브커머스형.KR1_var4.릴스_전체.메인.슬기.X_1P_김소희_260812_제과_피재은,4,0,264.0,0
2026-10-04,(마스터ASC)[제과_블트하] 26.07_블트깡출시_ASC_전환_video,(마스터ASC)[제과_블트하] 26.07_블트깡출시_ASC_전환_video,[26.08]F_V_BT칩_전환_블트칩출시_쩜오건_시즈닝강조.이국주.KR1_var6.릴스_블트칩.시즈닝신상.슬기.X_1P__260820_제과_문형민,19,0,327.0,0
2026-10-04,[제과_스노우콘] 26.10_스노우콘출시_수동_전환_image_전체타겟,1002_식감/크림치즈_스노우콘출시 (신규),[26.10]F_I_SN치_전환_스노우콘출시_제품강조형_신규_.배너_크림치즈조화강조_1.__김소희_261001_제과_박서연,9,0,84.0,0
2026-10-04,[제과_스노우콘] 26.10_스노우콘출시_수동_전환_image_전체타겟,1002_식감/크림치즈_스노우콘출시 (신규),[26.10]F_I_SN치_전환_스노우콘출시_제품강조형_신규_.배너_크림치즈조화강조_2.__김소희_261001_제과_박서연,12,0,140.0,0
2026-10-04,[제과_스노우콘] 26.10_스노우콘출시_수동_전환_image_전체타겟,1002_황치즈강조_스노우콘출시 (신규),[26.10]F_I_SN치_전환_스노우콘출시_제품강조형_신규_.배너_황치즈강조_찐한풍미_체다치즈_3.__김소희_261001_제과_박서연,132,1,1309.0,0
2026-10-04,[제과_스노우콘] 26.10_스노우콘출시_수동_전환_image_전체타겟,1002_황치즈강조_스노우콘출시 (신규),[26.10]F_I_SN치_전환_스노우콘출시_제품강조형_신규_.배너_황치즈강조_찐한풍미_체다치즈_2.__김소희_261001_제과_박서연,7,0,62.0,0
2026-10-04,[제과_스노우콘] 26.10_스노우콘출시_수동_전환_image_전체타겟,1002_황치즈강조_스노우콘출시 (신규),[26.10]F_I_SN치_전환_스노우콘출시_제품강조형_신규_.배너_황치즈강조_찐한풍미_향_1_3.__김소희_261001_제과_박서연,69,1,1489.0,0
2026-10-04,[제과_스노우콘] 26.10_스노우콘출시_수동_전환_image_전체타겟,1002_황치즈강조_스노우콘출시 (신규),[26.10]F_I_SN치_전환_스노우콘출시_제품강조형_신규_.배너_황치즈강조_찐한풍미_향_1_1.__김소희_261001_제과_박서연,310,2,2714.0,0
2026-10-04,[제과_스노우콘] 26.10_스노우콘출시_수동_전환_image_전체타겟,1002_황치즈강조_스노우콘출시 (신규),[26.10]F_I_SN치_전환_스노우콘출시_제품강조형_신규_.배너_황치즈강조_찐한풍미_시즈닝_4.__김소희_261001_제과_박서연,1,0,14.0,0
2026-10-04,[제과_스노우콘] 26.10_스노우콘출시_수동_전환_image_전체타겟,1002_황치즈강조_스노우콘출시 (신규),[26.10]F_I_SN치_전환_스노우콘출시_제품강조형_신규_.배너_황치즈강조_단짠단짠_중독성_1.__김소희_261001_제과_박서연,3,0,25.0,0
2026-10-04,[제과_스노우콘] 26.10_스노우콘출시_수동_전환_image_전체타겟,1002_황치즈강조_스노우콘출시 (신규),[26.10]F_I_SN치_전환_스노우콘출시_제품강조형_신규_.배너_황치즈강조_단짠단짠_밸런스_3.__김소희_261001_제과_박서연,664,10,11481.0,0
2026-10-04,[제과_스노우콘] 26.10_스노우콘출시_수동_전환_image_전체타겟,1002_황치즈강조_스노우콘출시 (신규),[26.10]F_I_SN치_전환_스노우콘출시_제품강조형_신규_.배너_황치즈강조_단짠단짠_밸런스_2.__김소희_261001_제과_박서연,363,2,6011.0,0
2026-10-04,[제과_스노우콘] 26.10_스노우콘출시_수동_전환_image_전체타겟,1002_황치즈강조_스노우콘출시 (신규),[26.10]F_I_SN치_전환_스노우콘출시_제품강조형_신규_.배너_황치즈강조_찐한풍미_향_4_1.__김소희_261001_제과_박서연,22,0,380.0,0
2026-10-04,[제과_스노우콘] 26.10_스노우콘출시_수동_전환_image_전체타겟,1002_황치즈강조_스노우콘출시 (신규),[26.10]F_I_SN치_전환_스노우콘출시_제품강조형_신규_.배너_황치즈강조_찐한풍미_향_3_3.__김소희_261001_제과_박서연,1,0,43.0,0
2026-10-04,[제과_스노우콘] 26.10_스노우콘출시_수동_전환_image_전체타겟,1002_황치즈강조_스노우콘출시 (신규),[26.10]F_I_SN치_전환_스노우콘출시_제품강조형_신규_.배너_황치즈강조_찐한풍미_향_3_4.__김소희_261001_제과_박서연,7,0,57.0,0
2026-10-04,[제과_스노우콘] 26.10_스노우콘출시_수동_전환_image_전체타겟,1002_황치즈강조_스노우콘출시 (신규),[26.10]F_I_SN치_전환_스노우콘출시_제품강조형_신규_.배너_황치즈강조_찐한풍미_향_2_3.__김소희_261001_제과_박서연,570,3,5089.0,0
2026-10-04,[제과_스노우콘] 26.10_스노우콘출시_수동_전환_image_전체타겟,1002_황치즈강조_스노우콘출시 (신규),[26.10]F_I_SN치_전환_스노우콘출시_제품강조형_신규_.배너_황치즈강조_찐한풍미_향_2_2.__김소희_261001_제과_박서연,59,3,1065.0,1
2026-10-04,[제과_스노우콘] 26.10_스노우콘출시_수동_전환_image_전체타겟,1002_황치즈강조_스노우콘출시 (신규),[26.10]F_I_SN치_전환_스노우콘출시_제품강조형_신규_.배너_황치즈강조_단짠단짠_중독성_2.__김소희_261001_제과_박서연,137,2,1343.0,0
2026-10-04,[제과_스노우콘] 26.10_스노우콘출시_수동_전환_image_전체타겟,1002_황치즈강조_스노우콘출시 (신규),[26.10]F_I_SN치_전환_스노우콘출시_제품강조형_신규_.배너_황치즈강조_단짠단짠_중독성_3.__김소희_261001_제과_박서연,4,0,54.0,0
2026-10-04,[제과_스노우콘] 26.10_스노우콘출시_수동_전환_image_전체타겟,1002_황치즈강조_스노우콘출시 (신규),[26.10]F_I_SN치_전환_스노우콘출시_제품강조형_신규_.배너_황치즈강조_찐한풍미_향_2_1.__김소희_261001_제과_박서연,4,0,20.0,0
2026-10-04,[제과_스노우콘] 26.10_스노우콘출시_수동_전환_image_전체타겟,1002_황치즈강조_스노우콘출시 (신규),[26.10]F_I_SN치_전환_스노우콘출시_제품강조형_신규_.배너_황치즈강조_찐한풍미_향_4_3.__김소희_261001_제과_박서연,559,5,6682.0,0
2026-10-04,[제과_스노우콘] 26.10_스노우콘출시_수동_전환_image_전체타겟,1002_황치즈강조_스노우콘출시 (신규),[26.10]F_I_SN치_전환_스노우콘출시_제품강조형_신규_.배너_황치즈강조_찐한풍미_향_4_4.__김소희_261001_제과_박서연,6,0,80.0,0
2026-10-04,[제과_스노우콘] 26.10_스노우콘출시_수동_전환_image_전체타겟,1002_황치즈강조_스노우콘출시 (신규),[26.10]F_I_SN치_전환_스노우콘출시_제품강조형_신규_.배너_황치즈강조_찐한풍미_향_4_2.__김소희_261001_제과_박서연,101,4,2881.0,1
2026-10-04,[제과_스노우콘] 26.10_스노우콘출시_수동_전환_image_전체타겟,1002_황치즈강조_스노우콘출시 (신규),[26.10]F_I_SN치_전환_스노우콘출시_제품강조형_신규_.배너_황치즈강조_찐한풍미_시즈닝_1.__김소희_261001_제과_박서연,598,5,7143.0,2
2026-10-04,[제과_스노우콘] 26.10_스노우콘출시_수동_전환_image_전체타겟,1002_황치즈강조_스노우콘출시 (신규),[26.10]F_I_SN치_전환_스노우콘출시_제품강조형_신규_.배너_황치즈강조_찐한풍미_향_3_2.__김소희_261001_제과_박서연,187,1,1314.0,0
2026-10-04,[제과_스노우콘] 26.10_스노우콘출시_수동_전환_image_전체타겟,1002_황치즈강조_스노우콘출시 (신규),[26.10]F_I_SN치_전환_스노우콘출시_제품강조형_신규_.배너_황치즈강조_찐한풍미_향_3_1.__김소희_261001_제과_박서연,6095,64,65781.0,7
2026-10-04,[제과_스노우콘] 26.10_스노우콘출시_수동_전환_image_전체타겟,1002_황치즈강조_스노우콘출시 (신규),[26.10]F_I_SN치_전환_스노우콘출시_제품강조형_신규_.배너_황치즈강조_찐한풍미_시즈닝_2.__김소희_261001_제과_박서연,1694,10,22094.0,0
2026-10-04,[제과_스노우콘] 26.10_스노우콘출시_수동_전환_image_전체타겟,1002_황치즈강조_스노우콘출시 (신규),[26.10]F_I_SN치_전환_스노우콘출시_제품강조형_신규_.배너_황치즈강조_단짠단짠_밸런스_1.__김소희_261001_제과_박서연,1,0,26.0,0
2026-10-04,[제과_스노우콘] 26.10_스노우콘출시_수동_전환_image_전체타겟,1002_황치즈강조_스노우콘출시 (신규),[26.10]F_I_SN치_전환_스노우콘출시_제품강조형_신규_.배너_황치즈강조_찐한풍미_체다치즈_1.__김소희_261001_제과_박서연,330,3,5343.0,1
2026-10-05,(마스터ASC)[제과_블트하] 26.07_블트깡출시_ASC_전환_video,(마스터ASC)[제과_블트하] 26.07_블트깡출시_ASC_전환_video,[26.08]F_V_BT깡_전환_블트깡출시_라이브커머스형_라이브커머스형.KR1_var4.릴스_전체.메인.슬기.X_1P_김소희_260812_제과_피재은,2,0,134.0,0
2026-10-05,[제과_스노우콘] 26.10_스노우콘출시_수동_전환_image_전체타겟,1002_식감/크림치즈_스노우콘출시 (신규),[26.10]F_I_SN치_전환_스노우콘출시_제품강조형_신규_.배너_크림치즈조화강조_2.__김소희_261001_제과_박서연,10,0,121.0,0
2026-10-05,[제과_스노우콘] 26.10_스노우콘출시_수동_전환_image_전체타겟,1002_황치즈강조_스노우콘출시 (신규),[26.10]F_I_SN치_전환_스노우콘출시_제품강조형_신규_.배너_황치즈강조_찐한풍미_체다치즈_3.__김소희_261001_제과_박서연,39,0,595.0,0
2026-10-05,[제과_스노우콘] 26.10_스노우콘출시_수동_전환_image_전체타겟,1002_황치즈강조_스노우콘출시 (신규),[26.10]F_I_SN치_전환_스노우콘출시_제품강조형_신규_.배너_황치즈강조_찐한풍미_체다치즈_2.__김소희_261001_제과_박서연,5,0,51.0,0
2026-10-05,[제과_스노우콘] 26.10_스노우콘출시_수동_전환_image_전체타겟,1002_황치즈강조_스노우콘출시 (신규),[26.10]F_I_SN치_전환_스노우콘출시_제품강조형_신규_.배너_황치즈강조_찐한풍미_향_1_3.__김소희_261001_제과_박서연,37,0,317.0,0
2026-10-05,[제과_스노우콘] 26.10_스노우콘출시_수동_전환_image_전체타겟,1002_황치즈강조_스노우콘출시 (신규),[26.10]F_I_SN치_전환_스노우콘출시_제품강조형_신규_.배너_황치즈강조_찐한풍미_향_1_1.__김소희_261001_제과_박서연,20,0,307.0,0
2026-10-05,[제과_스노우콘] 26.10_스노우콘출시_수동_전환_image_전체타겟,1002_황치즈강조_스노우콘출시 (신규),[26.10]F_I_SN치_전환_스노우콘출시_제품강조형_신규_.배너_황치즈강조_찐한풍미_향_1_2.__김소희_261001_제과_박서연,19,0,195.0,0
2026-10-05,[제과_스노우콘] 26.10_스노우콘출시_수동_전환_image_전체타겟,1002_황치즈강조_스노우콘출시 (신규),[26.10]F_I_SN치_전환_스노우콘출시_제품강조형_신규_.배너_황치즈강조_찐한풍미_시즈닝_4.__김소희_261001_제과_박서연,33,2,298.0,0
2026-10-05,[제과_스노우콘] 26.10_스노우콘출시_수동_전환_image_전체타겟,1002_황치즈강조_스노우콘출시 (신규),[26.10]F_I_SN치_전환_스노우콘출시_제품강조형_신규_.배너_황치즈강조_단짠단짠_중독성_1.__김소희_261001_제과_박서연,3,0,81.0,0
2026-10-05,[제과_스노우콘] 26.10_스노우콘출시_수동_전환_image_전체타겟,1002_황치즈강조_스노우콘출시 (신규),[26.10]F_I_SN치_전환_스노우콘출시_제품강조형_신규_.배너_황치즈강조_단짠단짠_밸런스_2.__김소희_261001_제과_박서연,31,0,265.0,0
2026-10-05,[제과_스노우콘] 26.10_스노우콘출시_수동_전환_image_전체타겟,1002_황치즈강조_스노우콘출시 (신규),[26.10]F_I_SN치_전환_스노우콘출시_제품강조형_신규_.배너_황치즈강조_찐한풍미_향_4_1.__김소희_261001_제과_박서연,22,0,213.0,0
2026-10-05,[제과_스노우콘] 26.10_스노우콘출시_수동_전환_image_전체타겟,1002_황치즈강조_스노우콘출시 (신규),[26.10]F_I_SN치_전환_스노우콘출시_제품강조형_신규_.배너_황치즈강조_찐한풍미_향_3_3.__김소희_261001_제과_박서연,25,1,542.0,0
2026-10-05,[제과_스노우콘] 26.10_스노우콘출시_수동_전환_image_전체타겟,1002_황치즈강조_스노우콘출시 (신규),[26.10]F_I_SN치_전환_스노우콘출시_제품강조형_신규_.배너_황치즈강조_찐한풍미_향_3_4.__김소희_261001_제과_박서연,35,1,544.0,0
2026-10-05,[제과_스노우콘] 26.10_스노우콘출시_수동_전환_image_전체타겟,1002_황치즈강조_스노우콘출시 (신규),[26.10]F_I_SN치_전환_스노우콘출시_제품강조형_신규_.배너_황치즈강조_찐한풍미_향_2_3.__김소희_261001_제과_박서연,16,0,166.0,0
2026-10-05,[제과_스노우콘] 26.10_스노우콘출시_수동_전환_image_전체타겟,1002_황치즈강조_스노우콘출시 (신규),[26.10]F_I_SN치_전환_스노우콘출시_제품강조형_신규_.배너_황치즈강조_찐한풍미_향_2_2.__김소희_261001_제과_박서연,90,1,1224.0,0
2026-10-05,[제과_스노우콘] 26.10_스노우콘출시_수동_전환_image_전체타겟,1002_황치즈강조_스노우콘출시 (신규),[26.10]F_I_SN치_전환_스노우콘출시_제품강조형_신규_.배너_황치즈강조_단짠단짠_중독성_2.__김소희_261001_제과_박서연,1,0,14.0,0
2026-10-05,[제과_스노우콘] 26.10_스노우콘출시_수동_전환_image_전체타겟,1002_황치즈강조_스노우콘출시 (신규),[26.10]F_I_SN치_전환_스노우콘출시_제품강조형_신규_.배너_황치즈강조_단짠단짠_중독성_3.__김소희_261001_제과_박서연,2,0,94.0,0
2026-10-05,[제과_스노우콘] 26.10_스노우콘출시_수동_전환_image_전체타겟,1002_황치즈강조_스노우콘출시 (신규),[26.10]F_I_SN치_전환_스노우콘출시_제품강조형_신규_.배너_황치즈강조_찐한풍미_향_2_1.__김소희_261001_제과_박서연,47,1,1033.0,0
2026-10-05,[제과_스노우콘] 26.10_스노우콘출시_수동_전환_image_전체타겟,1002_황치즈강조_스노우콘출시 (신규),[26.10]F_I_SN치_전환_스노우콘출시_제품강조형_신규_.배너_황치즈강조_찐한풍미_향_4_3.__김소희_261001_제과_박서연,63,0,1169.0,0
2026-10-05,[제과_스노우콘] 26.10_스노우콘출시_수동_전환_image_전체타겟,1002_황치즈강조_스노우콘출시 (신규),[26.10]F_I_SN치_전환_스노우콘출시_제품강조형_신규_.배너_황치즈강조_찐한풍미_향_4_4.__김소희_261001_제과_박서연,10,0,98.0,0
2026-10-05,[제과_스노우콘] 26.10_스노우콘출시_수동_전환_image_전체타겟,1002_황치즈강조_스노우콘출시 (신규),[26.10]F_I_SN치_전환_스노우콘출시_제품강조형_신규_.배너_황치즈강조_찐한풍미_향_4_2.__김소희_261001_제과_박서연,528,8,9355.0,0
2026-10-05,[제과_스노우콘] 26.10_스노우콘출시_수동_전환_image_전체타겟,1002_황치즈강조_스노우콘출시 (신규),[26.10]F_I_SN치_전환_스노우콘출시_제품강조형_신규_.배너_황치즈강조_찐한풍미_시즈닝_1.__김소희_261001_제과_박서연,64,2,1251.0,1
2026-10-05,[제과_스노우콘] 26.10_스노우콘출시_수동_전환_image_전체타겟,1002_황치즈강조_스노우콘출시 (신규),[26.10]F_I_SN치_전환_스노우콘출시_제품강조형_신규_.배너_황치즈강조_찐한풍미_시즈닝_3.__김소희_261001_제과_박서연,11,0,186.0,0
2026-10-05,[제과_스노우콘] 26.10_스노우콘출시_수동_전환_image_전체타겟,1002_황치즈강조_스노우콘출시 (신규),[26.10]F_I_SN치_전환_스노우콘출시_제품강조형_신규_.배너_황치즈강조_찐한풍미_향_3_2.__김소희_261001_제과_박서연,9,0,84.0,0
2026-10-05,[제과_스노우콘] 26.10_스노우콘출시_수동_전환_image_전체타겟,1002_황치즈강조_스노우콘출시 (신규),[26.10]F_I_SN치_전환_스노우콘출시_제품강조형_신규_.배너_황치즈강조_찐한풍미_향_3_1.__김소희_261001_제과_박서연,1167,8,13240.0,0
2026-10-05,[제과_스노우콘] 26.10_스노우콘출시_수동_전환_image_전체타겟,1002_황치즈강조_스노우콘출시 (신규),[26.10]F_I_SN치_전환_스노우콘출시_제품강조형_신규_.배너_황치즈강조_단짠단짠_밸런스_1.__김소희_261001_제과_박서연,20,0,490.0,0
2026-10-05,[제과_스노우콘] 26.10_스노우콘출시_수동_전환_image_전체타겟,1002_황치즈강조_스노우콘출시 (신규),[26.10]F_I_SN치_전환_스노우콘출시_제품강조형_신규_.배너_황치즈강조_찐한풍미_체다치즈_1.__김소희_261001_제과_박서연,16,0,494.0,0
2026-10-01,(마스터ASC)[제과_블트하] 26.07_블트깡출시_ASC_전환_video,(마스터ASC)[제과_블트하] 26.07_블트깡출시_ASC_전환_video,[26.07]F_V_BT깡_전환_블트깡출시_인물리뷰형_에어프라이기BP.KR1_var4.릴스_맥주.슬기.X_1P_최나영_260716_제과_피재은,4,0,156.0,0
2026-10-01,(마스터ASC)[제과_블트하] 26.07_블트깡출시_ASC_전환_video,(마스터ASC)[제과_블트하] 26.07_블트깡출시_ASC_전환_video,[26.08]F_V_BT깡_전환_블트깡출시_네고형_지인네고형.김그릇BP_var3.릴스_취식상황.X_1P_김소희_260807_제과_강경연,14,0,366.0,0
2026-10-01,(마스터ASC)[제과_블트하] 26.07_블트깡출시_ASC_전환_video,(마스터ASC)[제과_블트하] 26.07_블트깡출시_ASC_전환_video,[26.08]F_V_BT칩_전환_블트깡출시_신규BP_브랜든배너형BP_main.릴스_맥주안주1티어.X_2P_최재원_260813_제과_최재원,24,0,383.0,0
2026-10-02,(마스터ASC)[제과_블트하] 26.07_블트깡출시_ASC_전환_video,(마스터ASC)[제과_블트하] 26.07_블트깡출시_ASC_전환_video,[26.07]F_V_BT깡_전환_블트깡출시_인물리뷰형_에어프라이기BP.KR1_var4.릴스_맥주.슬기.X_1P_최나영_260716_제과_피재은,2,0,76.0,0
2026-10-02,(마스터ASC)[제과_블트하] 26.07_블트깡출시_ASC_전환_video,(마스터ASC)[제과_블트하] 26.07_블트깡출시_ASC_전환_video,[26.08]F_V_BT깡_전환_블트깡출시_네고형_지인네고형.김그릇BP_var3.릴스_취식상황.X_1P_김소희_260807_제과_강경연,5,0,274.0,0
2026-10-02,(마스터ASC)[제과_블트하] 26.07_블트깡출시_ASC_전환_video,(마스터ASC)[제과_블트하] 26.07_블트깡출시_ASC_전환_video,[26.08]F_V_BT칩_전환_블트깡출시_신규BP_브랜든배너형BP_main.릴스_맥주안주1티어.X_2P_최재원_260813_제과_최재원,7,0,103.0,0
2026-10-03,(마스터ASC)[제과_블트하] 26.07_블트깡출시_ASC_전환_video,(마스터ASC)[제과_블트하] 26.07_블트깡출시_ASC_전환_video,[26.07]F_V_BT깡_전환_블트깡출시_인물리뷰형_에어프라이기BP.KR1_var4.릴스_맥주.슬기.X_1P_최나영_260716_제과_피재은,23,0,505.0,0
2026-10-03,(마스터ASC)[제과_블트하] 26.07_블트깡출시_ASC_전환_video,(마스터ASC)[제과_블트하] 26.07_블트깡출시_ASC_전환_video,[26.08]F_V_BT깡_전환_블트깡출시_네고형_지인네고형.김그릇BP_var3.릴스_취식상황.X_1P_김소희_260807_제과_강경연,28,2,1220.0,0
2026-10-03,(마스터ASC)[제과_블트하] 26.07_블트깡출시_ASC_전환_video,(마스터ASC)[제과_블트하] 26.07_블트깡출시_ASC_전환_video,[26.08]F_V_BT칩_전환_블트깡출시_신규BP_브랜든배너형BP_main.릴스_맥주안주1티어.X_2P_최재원_260813_제과_최재원,143,2,2585.0,0
2026-10-04,(마스터ASC)[제과_블트하] 26.07_블트깡출시_ASC_전환_video,(마스터ASC)[제과_블트하] 26.07_블트깡출시_ASC_전환_video,[26.07]F_V_BT깡_전환_블트깡출시_인물리뷰형_에어프라이기BP.KR1_var4.릴스_맥주.슬기.X_1P_최나영_260716_제과_피재은,12,0,317.0,0
2026-10-04,(마스터ASC)[제과_블트하] 26.07_블트깡출시_ASC_전환_video,(마스터ASC)[제과_블트하] 26.07_블트깡출시_ASC_전환_video,[26.08]F_V_BT깡_전환_블트깡출시_네고형_지인네고형.김그릇BP_var3.릴스_취식상황.X_1P_김소희_260807_제과_강경연,24,4,1887.0,0
2026-10-04,(마스터ASC)[제과_블트하] 26.07_블트깡출시_ASC_전환_video,(마스터ASC)[제과_블트하] 26.07_블트깡출시_ASC_전환_video,[26.08]F_V_BT칩_전환_블트깡출시_신규BP_브랜든배너형BP_main.릴스_맥주안주1티어.X_2P_최재원_260813_제과_최재원,47,1,596.0,0
2026-10-05,(마스터ASC)[제과_블트하] 26.07_블트깡출시_ASC_전환_video,(마스터ASC)[제과_블트하] 26.07_블트깡출시_ASC_전환_video,[26.08]F_V_BT깡_전환_블트깡출시_네고형_지인네고형.김그릇BP_var3.릴스_취식상황.X_1P_김소희_260807_제과_강경연,1,0,20.0,0
2026-10-05,(마스터ASC)[제과_블트하] 26.07_블트깡출시_ASC_전환_video,(마스터ASC)[제과_블트하] 26.07_블트깡출시_ASC_전환_video,[26.08]F_V_BT칩_전환_블트깡출시_신규BP_브랜든배너형BP_main.릴스_맥주안주1티어.X_2P_최재원_260813_제과_최재원,39,4,2580.0,2
2026-10-01,(마스터ASC)[제과_블트하] 26.07_블트깡출시_ASC_전환_video,(마스터ASC)[제과_블트하] 26.07_블트깡출시_ASC_전환_video,[26.08]F_V_BT깡_전환_블트깡출시_라이브커머스형_라이브커머스형.KR1_var2.릴스_찐템강조.남편.슬기.X_1P_김소희_260811_제과_피재은,13,0,299.0,0
2026-10-02,(마스터ASC)[제과_블트하] 26.07_블트깡출시_ASC_전환_video,(마스터ASC)[제과_블트하] 26.07_블트깡출시_ASC_전환_video,[26.08]F_V_BT깡_전환_블트깡출시_라이브커머스형_라이브커머스형.KR1_var2.릴스_찐템강조.남편.슬기.X_1P_김소희_260811_제과_피재은,6,0,227.0,0
2026-10-03,(마스터ASC)[제과_블트하] 26.07_블트깡출시_ASC_전환_video,(마스터ASC)[제과_블트하] 26.07_블트깡출시_ASC_전환_video,[26.08]F_V_BT깡_전환_블트깡출시_라이브커머스형_라이브커머스형.KR1_var2.릴스_찐템강조.남편.슬기.X_1P_김소희_260811_제과_피재은,12,2,572.0,0
2026-10-04,(마스터ASC)[제과_블트하] 26.07_블트깡출시_ASC_전환_video,(마스터ASC)[제과_블트하] 26.07_블트깡출시_ASC_전환_video,[26.08]F_V_BT깡_전환_블트깡출시_라이브커머스형_라이브커머스형.KR1_var2.릴스_찐템강조.남편.슬기.X_1P_김소희_260811_제과_피재은,20,1,818.0,0
2026-10-05,(마스터ASC)[제과_블트하] 26.07_블트깡출시_ASC_전환_video,(마스터ASC)[제과_블트하] 26.07_블트깡출시_ASC_전환_video,[26.08]F_V_BT깡_전환_블트깡출시_라이브커머스형_라이브커머스형.KR1_var2.릴스_찐템강조.남편.슬기.X_1P_김소희_260811_제과_피재은,10,1,171.0,0
