date,campaign_name,adset_name,ad_name,impressions,clicks,spend,conversions
2026-07-30,(마스터ASC)[제과_블트하] 26.07_블트깡출시_ASC_전환_video,(마스터ASC)[제과_블트하] 26.07_블트깡출시_ASC_전환_video,[26.07]F_V_BT깡_전환_블트깡출시_쩜오건_리액션과장.KR1_var2.릴스_SNS.제품후킹.X_1P_김소희_260715_제과_문형민,119,0,2739.0,0
2026-07-30,[칩] (마스터ASC)[제과_블트하] 26.07_블트칩출시_ASC_전환_video,[칩] (마스터ASC)[제과_블트하] 26.07_블트칩출시_ASC_전환_video,[26.07]F_V_BT칩_전환_블트칩출시_쩜오건_미쯔BP.KR1_main.릴스_대세감.꿀조합.X_2P_최나영_260724_제과_윤성미,147,2,2523.0,0
2026-07-30,[제과_블트하] 26.07_블트깡출시_수동_전환_image_전체타겟,주변인인정_블트칩출시 (KR2) (0728),[26.07]F_I_BT깡_전환_블트칩출시_혜택강조형_KR2_.피드_집들이때가져가면맛잘알인정.확장__김소희_260728_제과_박서연,954,14,13097.0,3
2026-07-30,[칩] (마스터ASC)[제과_블트하] 26.07_블트칩출시_ASC_전환_image,[칩] (마스터ASC)[제과_블트하] 26.07_블트칩출시_ASC_전환_image,[26.07]F_I_BT깡_전환_블트칩출시_혜택강조형_KR1_.릴스_이가격다신없어요가격비교.__김소희_260729_제과_김수정,132,3,3305.0,0
2026-07-30,[제과_블트하] 26.07_블트깡출시_수동_전환_image_전체타겟,(혼합) 남편페르소나_블트칩출시(릴스형) (KR1) (0729),[26.07]F_I_BT혼_전환_블트칩출시_혜택강조형_KR1_.릴스_쌀때쟁이세요.__김소희_260729_제과_김수정,147,2,3707.0,0
2026-07-30,[제과_블트하] 26.07_블트깡출시_수동_전환_image_전체타겟,(혼합) 주변인상황_블트칩출시 (릴스형) (KR2) (0729),[26.07]F_I_BT깡_전환_블트칩출시_혜택강조형_KR2_.릴스_모션.집들이때가져가면.__김소희_260729_제과_박서연,57,0,1873.0,0
2026-07-31,(마스터ASC)[제과_블트하] 26.07_블트깡출시_ASC_전환_video,(마스터ASC)[제과_블트하] 26.07_블트깡출시_ASC_전환_video,[26.07]F_V_BT깡_전환_블트깡출시_쩜오건_리액션과장.KR1_var2.릴스_SNS.제품후킹.X_1P_김소희_260715_제과_문형민,23,1,461.0,0
2026-07-31,[칩] (마스터ASC)[제과_블트하] 26.07_블트칩출시_ASC_전환_video,[칩] (마스터ASC)[제과_블트하] 26.07_블트칩출시_ASC_전환_video,[26.07]F_V_BT칩_전환_블트칩출시_쩜오건_미쯔BP.KR1_main.릴스_대세감.꿀조합.X_2P_최나영_260724_제과_윤성미,2,0,6.0,0
2026-07-31,[제과_블트하] 26.07_블트깡출시_수동_전환_image_전체타겟,주변인인정_블트칩출시 (KR2) (0728),[26.07]F_I_BT깡_전환_블트칩출시_혜택강조형_KR2_.피드_집들이때가져가면맛잘알인정.확장__김소희_260728_제과_박서연,761,9,14789.0,0
2026-07-31,[칩] (마스터ASC)[제과_블트하] 26.07_블트칩출시_ASC_전환_image,[칩] (마스터ASC)[제과_블트하] 26.07_블트칩출시_ASC_전환_image,[26.07]F_I_BT깡_전환_블트칩출시_혜택강조형_KR1_.릴스_이가격다신없어요가격비교.__김소희_260729_제과_김수정,1327,26,26272.0,5
2026-07-31,[제과_블트하] 26.07_블트깡출시_수동_전환_image_전체타겟,(혼합) 남편페르소나_블트칩출시(릴스형) (KR1) (0729),[26.07]F_I_BT혼_전환_블트칩출시_혜택강조형_KR1_.릴스_쌀때쟁이세요.__김소희_260729_제과_김수정,90,1,1992.0,0
2026-07-31,[제과_블트하] 26.07_블트깡출시_수동_전환_image_전체타겟,(혼합) 주변인상황_블트칩출시 (릴스형) (KR2) (0729),[26.07]F_I_BT깡_전환_블트칩출시_혜택강조형_KR2_.릴스_모션.집들이때가져가면.__김소희_260729_제과_박서연,169,0,3917.0,0
2026-08-01,(마스터ASC)[제과_블트하] 26.07_블트깡출시_ASC_전환_video,(마스터ASC)[제과_블트하] 26.07_블트깡출시_ASC_전환_video,[26.07]F_V_BT깡_전환_블트깡출시_쩜오건_리액션과장.KR1_var2.릴스_SNS.제품후킹.X_1P_김소희_260715_제과_문형민,47,0,774.0,0
2026-08-01,[칩] (마스터ASC)[제과_블트하] 26.07_블트칩출시_ASC_전환_video,[칩] (마스터ASC)[제과_블트하] 26.07_블트칩출시_ASC_전환_video,[26.07]F_V_BT칩_전환_블트칩출시_쩜오건_미쯔BP.KR1_main.릴스_대세감.꿀조합.X_2P_최나영_260724_제과_윤성미,2,0,13.0,0
2026-08-01,[제과_블트하] 26.07_블트깡출시_수동_전환_image_전체타겟,주변인인정_블트칩출시 (KR2) (0728),[26.07]F_I_BT깡_전환_블트칩출시_혜택강조형_KR2_.피드_집들이때가져가면맛잘알인정.확장__김소희_260728_제과_박서연,1832,20,23994.0,6
2026-08-01,[칩] (마스터ASC)[제과_블트하] 26.07_블트칩출시_ASC_전환_image,[칩] (마스터ASC)[제과_블트하] 26.07_블트칩출시_ASC_전환_image,[26.07]F_I_BT깡_전환_블트칩출시_혜택강조형_KR1_.릴스_이가격다신없어요가격비교.__김소희_260729_제과_김수정,3511,70,66707.0,5
2026-08-01,[제과_블트하] 26.07_블트깡출시_수동_전환_image_전체타겟,(혼합) 남편페르소나_블트칩출시(릴스형) (KR1) (0729),[26.07]F_I_BT혼_전환_블트칩출시_혜택강조형_KR1_.릴스_쌀때쟁이세요.__김소희_260729_제과_김수정,229,3,6902.0,0
2026-08-01,[제과_블트하] 26.07_블트깡출시_수동_전환_image_전체타겟,(혼합) 주변인상황_블트칩출시 (릴스형) (KR2) (0729),[26.07]F_I_BT깡_전환_블트칩출시_혜택강조형_KR2_.릴스_모션.집들이때가져가면.__김소희_260729_제과_박서연,7,0,103.0,0
2026-08-02,(마스터ASC)[제과_블트하] 26.07_블트깡출시_ASC_전환_video,(마스터ASC)[제과_블트하] 26.07_블트깡출시_ASC_전환_video,[26.07]F_V_BT깡_전환_블트깡출시_쩜오건_리액션과장.KR1_var2.릴스_SNS.제품후킹.X_1P_김소희_260715_제과_문형민,44,1,869.0,0
2026-08-02,[제과_블트하] 26.07_블트깡출시_수동_전환_image_전체타겟,주변인인정_블트칩출시 (KR2) (0728),[26.07]F_I_BT깡_전환_블트칩출시_혜택강조형_KR2_.피드_집들이때가져가면맛잘알인정.확장__김소희_260728_제과_박서연,1376,12,23810.0,0
2026-08-02,[칩] (마스터ASC)[제과_블트하] 26.07_블트칩출시_ASC_전환_image,[칩] (마스터ASC)[제과_블트하] 26.07_블트칩출시_ASC_전환_image,[26.07]F_I_BT깡_전환_블트칩출시_혜택강조형_KR1_.릴스_이가격다신없어요가격비교.__김소희_260729_제과_김수정,818,13,18416.0,1
2026-08-02,[제과_블트하] 26.07_블트깡출시_수동_전환_image_전체타겟,(혼합) 남편페르소나_블트칩출시(릴스형) (KR1) (0729),[26.07]F_I_BT혼_전환_블트칩출시_혜택강조형_KR1_.릴스_쌀때쟁이세요.__김소희_260729_제과_김수정,10,0,157.0,0
2026-08-02,[제과_블트하] 26.07_블트깡출시_수동_전환_image_전체타겟,(혼합) 주변인상황_블트칩출시 (릴스형) (KR2) (0729),[26.07]F_I_BT깡_전환_블트칩출시_혜택강조형_KR2_.릴스_모션.집들이때가져가면.__김소희_260729_제과_박서연,16,1,340.0,0
2026-08-03,(마스터ASC)[제과_블트하] 26.07_블트깡출시_ASC_전환_video,(마스터ASC)[제과_블트하] 26.07_블트깡출시_ASC_전환_video,[26.07]F_V_BT깡_전환_블트깡출시_쩜오건_리액션과장.KR1_var2.릴스_SNS.제품후킹.X_1P_김소희_260715_제과_문형민,1,0,23.0,0
2026-08-03,[칩] (마스터ASC)[제과_블트하] 26.07_블트칩출시_ASC_전환_video,[칩] (마스터ASC)[제과_블트하] 26.07_블트칩출시_ASC_전환_video,[26.07]F_V_BT칩_전환_블트칩출시_쩜오건_미쯔BP.KR1_main.릴스_대세감.꿀조합.X_2P_최나영_260724_제과_윤성미,5,0,159.0,0
2026-07-30,(마스터ASC)[제과_블트하] 26.07_블트깡출시_ASC_전환_video,(마스터ASC)[제과_블트하] 26.07_블트깡출시_ASC_전환_video,[26.07]F_V_BT깡_전환_블트깡출시_제조과정형_CS제조과정형.KR2_var4.릴스_하몽.슬기.X_1P_김소희_260715_제과_피재은,634,5,13460.0,0
2026-07-30,(마스터ASC)[제과_블트하] 26.07_블트깡출시_ASC_전환_video,(마스터ASC)[제과_블트하] 26.07_블트깡출시_ASC_전환_video,[26.07]F_V_BT깡_전환_블트깡출시_신규BP_브릭샌드BP.KR1_var4.릴스_두쫀쿠버터떡.X_2P_김소희_260715_제과_윤성미,1248,24,35592.0,1
2026-07-30,[제과_블트하] 26.07_블트깡출시_수동_전환_image_전체타겟,(시리즈) 맘카페&혜택강조형_블트칩출시 (KR1) (0723),[26.07]F_I_BT혼_전환_블트칩출시_혜택강조형_KR1_.배너_가격실수안내.현장감.확장__김소희_260723_제과_김수정,22837,470,526483.0,47
2026-07-30,[칩] (마스터ASC)[제과_블트하] 26.07_블트칩출시_ASC_전환_image,[칩] (마스터ASC)[제과_블트하] 26.07_블트칩출시_ASC_전환_image,[26.07]F_I_BT혼_전환_블트칩출시_혜택강조형_KR2_.피드_주변인.동료.확장__김소희_260727_제과_박지현,1,0,509.0,0
2026-07-30,[제과_블트하] 26.07_블트깡출시_수동_전환_video_전체타겟,쩜오건_블트깡출시 (KR1) (0729),[26.07]F_V_BT깡_전환_블트깡출시_쩜오건_BP1.KR1_main.릴스_공통.슬기.X_1P_김소희_260729_제과_피재은,696,8,12803.0,0
2026-07-30,[칩] (마스터ASC)[제과_블트하] 26.07_블트칩출시_ASC_전환_image,[칩] (마스터ASC)[제과_블트하] 26.07_블트칩출시_ASC_전환_image,[26.07]F_I_BT칩_전환_블트칩출시_혜택강조형_KR2_.릴스_안다르bp.시댁에서맛잘알며느리.__김소희_260729_제과_박서연,30,2,1353.0,1
2026-07-30,(마스터ASC)[제과_블트하] 26.07_블트깡출시_ASC_전환_image,(마스터ASC)[제과_블트하] 26.07_블트깡출시_ASC_전환_image,[26.07]F_I_BT깡_전환_블트칩출시_혜택강조형_KR2_.배너_집들이때꺼냈다가.__최나영_260730_제과_김수정,3,0,83.0,0
2026-07-31,[제과_블트하] 26.07_블트깡출시_수동_전환_image_전체타겟,(시리즈) 맘카페&혜택강조형_블트칩출시 (KR1) (0723),[26.07]F_I_BT혼_전환_블트칩출시_혜택강조형_KR1_.배너_가격실수안내.현장감.확장__김소희_260723_제과_김수정,23832,473,504340.0,39
2026-07-31,[칩] (마스터ASC)[제과_블트하] 26.07_블트칩출시_ASC_전환_image,[칩] (마스터ASC)[제과_블트하] 26.07_블트칩출시_ASC_전환_image,[26.07]F_I_BT혼_전환_블트칩출시_혜택강조형_KR2_.피드_주변인.동료.확장__김소희_260727_제과_박지현,107,3,2380.0,0
2026-07-31,[제과_블트하] 26.07_블트깡출시_수동_전환_video_전체타겟,쩜오건_블트깡출시 (KR1) (0729),[26.07]F_V_BT깡_전환_블트깡출시_쩜오건_BP1.KR1_main.릴스_공통.슬기.X_1P_김소희_260729_제과_피재은,59,0,1233.0,0
2026-07-31,[칩] (마스터ASC)[제과_블트하] 26.07_블트칩출시_ASC_전환_image,[칩] (마스터ASC)[제과_블트하] 26.07_블트칩출시_ASC_전환_image,[26.07]F_I_BT칩_전환_블트칩출시_혜택강조형_KR2_.릴스_안다르bp.시댁에서맛잘알며느리.__김소희_260729_제과_박서연,1204,7,15328.0,0
2026-07-31,(마스터ASC)[제과_블트하] 26.07_블트깡출시_ASC_전환_image,(마스터ASC)[제과_블트하] 26.07_블트깡출시_ASC_전환_image,[26.07]F_I_BT깡_전환_블트칩출시_혜택강조형_KR2_.배너_집들이때꺼냈다가.__최나영_260730_제과_김수정,16,1,414.0,0
2026-08-01,[제과_블트하] 26.07_블트깡출시_수동_전환_image_전체타겟,(시리즈) 맘카페&혜택강조형_블트칩출시 (KR1) (0723),[26.07]F_I_BT혼_전환_블트칩출시_혜택강조형_KR1_.배너_가격실수안내.현장감.확장__김소희_260723_제과_김수정,5353,122,117788.0,6
2026-08-01,[칩] (마스터ASC)[제과_블트하] 26.07_블트칩출시_ASC_전환_image,[칩] (마스터ASC)[제과_블트하] 26.07_블트칩출시_ASC_전환_image,[26.07]F_I_BT혼_전환_블트칩출시_혜택강조형_KR2_.피드_주변인.동료.확장__김소희_260727_제과_박지현,7,0,174.0,0
2026-08-01,[칩] (마스터ASC)[제과_블트하] 26.07_블트칩출시_ASC_전환_image,[칩] (마스터ASC)[제과_블트하] 26.07_블트칩출시_ASC_전환_image,[26.07]F_I_BT칩_전환_블트칩출시_바이럴형_KR1_.피드_남편인정.야구장.확장__김소희_260727_제과_김수정,3,0,45.0,0
2026-08-01,[칩] (마스터ASC)[제과_블트하] 26.07_블트칩출시_ASC_전환_image,[칩] (마스터ASC)[제과_블트하] 26.07_블트칩출시_ASC_전환_image,[26.07]F_I_BT칩_전환_블트칩출시_혜택강조형_KR2_.릴스_안다르bp.시댁에서맛잘알며느리.__김소희_260729_제과_박서연,565,7,10169.0,0
2026-08-01,(마스터ASC)[제과_블트하] 26.07_블트깡출시_ASC_전환_image,(마스터ASC)[제과_블트하] 26.07_블트깡출시_ASC_전환_image,[26.07]F_I_BT깡_전환_블트칩출시_혜택강조형_KR2_.배너_집들이때꺼냈다가.__최나영_260730_제과_김수정,11,0,208.0,0
2026-08-02,[제과_블트하] 26.07_블트깡출시_수동_전환_image_전체타겟,(시리즈) 맘카페&혜택강조형_블트칩출시 (KR1) (0723),[26.07]F_I_BT혼_전환_블트칩출시_혜택강조형_KR1_.배너_가격실수안내.현장감.확장__김소희_260723_제과_김수정,9595,242,217412.0,14
2026-08-02,[칩] (마스터ASC)[제과_블트하] 26.07_블트칩출시_ASC_전환_image,[칩] (마스터ASC)[제과_블트하] 26.07_블트칩출시_ASC_전환_image,[26.07]F_I_BT혼_전환_블트칩출시_혜택강조형_KR2_.피드_주변인.동료.확장__김소희_260727_제과_박지현,17,2,559.0,0
2026-08-02,[칩] (마스터ASC)[제과_블트하] 26.07_블트칩출시_ASC_전환_image,[칩] (마스터ASC)[제과_블트하] 26.07_블트칩출시_ASC_전환_image,[26.07]F_I_BT칩_전환_블트칩출시_바이럴형_KR1_.피드_남편인정.야구장.확장__김소희_260727_제과_김수정,17,0,335.0,0
2026-08-02,[칩] (마스터ASC)[제과_블트하] 26.07_블트칩출시_ASC_전환_image,[칩] (마스터ASC)[제과_블트하] 26.07_블트칩출시_ASC_전환_image,[26.07]F_I_BT칩_전환_블트칩출시_혜택강조형_KR2_.릴스_안다르bp.시댁에서맛잘알며느리.__김소희_260729_제과_박서연,151,1,2382.0,0
2026-08-02,(마스터ASC)[제과_블트하] 26.07_블트깡출시_ASC_전환_image,(마스터ASC)[제과_블트하] 26.07_블트깡출시_ASC_전환_image,[26.07]F_I_BT깡_전환_블트칩출시_혜택강조형_KR2_.배너_집들이때꺼냈다가.__최나영_260730_제과_김수정,6,0,63.0,0
2026-08-03,[제과_블트하] 26.07_블트깡출시_수동_전환_image_전체타겟,(시리즈) 맘카페&혜택강조형_블트칩출시 (KR1) (0723),[26.07]F_I_BT혼_전환_블트칩출시_혜택강조형_KR1_.배너_가격실수안내.현장감.확장__김소희_260723_제과_김수정,3050,73,70159.0,5
2026-08-03,[칩] (마스터ASC)[제과_블트하] 26.07_블트칩출시_ASC_전환_image,[칩] (마스터ASC)[제과_블트하] 26.07_블트칩출시_ASC_전환_image,[26.07]F_I_BT혼_전환_블트칩출시_혜택강조형_KR2_.피드_주변인.동료.확장__김소희_260727_제과_박지현,4,0,89.0,0
2026-08-03,[칩] (마스터ASC)[제과_블트하] 26.07_블트칩출시_ASC_전환_image,[칩] (마스터ASC)[제과_블트하] 26.07_블트칩출시_ASC_전환_image,[26.07]F_I_BT칩_전환_블트칩출시_바이럴형_KR1_.피드_남편인정.야구장.확장__김소희_260727_제과_김수정,58,0,836.0,0
2026-08-03,[칩] (마스터ASC)[제과_블트하] 26.07_블트칩출시_ASC_전환_image,[칩] (마스터ASC)[제과_블트하] 26.07_블트칩출시_ASC_전환_image,[26.07]F_I_BT칩_전환_블트칩출시_혜택강조형_KR2_.릴스_안다르bp.시댁에서맛잘알며느리.__김소희_260729_제과_박서연,555,8,9572.0,0
2026-08-03,(마스터ASC)[제과_블트하] 26.07_블트깡출시_ASC_전환_image,(마스터ASC)[제과_블트하] 26.07_블트깡출시_ASC_전환_image,[26.07]F_I_BT깡_전환_블트칩출시_혜택강조형_KR2_.배너_집들이때꺼냈다가.__최나영_260730_제과_김수정,15,0,123.0,0
2026-07-30,[제과_블트하] 26.07_블트깡출시_수동_전환_image_전체타겟,주변인인정_블트칩출시 (KR2) (0728),[26.07]F_I_BT칩_전환_블트칩출시_혜택강조형_KR2_.피드_옆집맘들한테맛잘알인정..확장__김소희_260728_제과_박서연,741,15,15567.0,0
2026-07-30,[제과_블트하] 26.07_블트깡출시_수동_전환_image_전체타겟,주변인인정_블트칩출시 (KR2) (0728),[26.07]F_I_BT깡_전환_블트칩출시_혜택강조형_KR2_.피드_시댁갈때맛잘알며느리.확장__김소희_260728_제과_박서연,297,5,9917.0,0
2026-07-30,[제과_블트하] 26.07_블트깡출시_수동_전환_image_전체타겟,(혼합) 남편페르소나_블트칩출시(릴스형) (KR1) (0729),[26.07]F_I_BT깡_전환_블트칩출시_혜택강조형_KR1_.릴스_지금이젤싸요.__김소희_260729_제과_김수정,302,2,7953.0,0
2026-07-30,[칩] (마스터ASC)[제과_블트하] 26.07_블트칩출시_ASC_전환_image,[칩] (마스터ASC)[제과_블트하] 26.07_블트칩출시_ASC_전환_image,[26.07]F_I_BT깡_전환_블트칩출시_혜택강조형_KR1_.릴스_봉지뜯자마자뺏긴.__김소희_260729_제과_김수정,86,0,1180.0,0
2026-07-30,(마스터ASC)[제과_블트하] 26.07_블트깡출시_ASC_전환_image,(마스터ASC)[제과_블트하] 26.07_블트깡출시_ASC_전환_image,[26.07]F_I_BT칩_전환_블트칩출시_혜택강조형_KR1_.배너_공지문.사과문.__최나영_260730_제과_김수정,69,3,1300.0,1
2026-07-30,[제과_블트하] 26.07_블트깡출시_수동_전환_image_전체타겟,0730_주변인정.혜택_블트칩출시,[26.07]F_I_BT칩_전환_블트칩출시_혜택강조형_KR2_.배너_야구장옆자리가.__최나영_260730_제과_김수정,8,0,76.0,0
2026-07-31,[제과_블트하] 26.07_블트깡출시_수동_전환_image_전체타겟,[혼합] 남편상황연출_블트칩출시 (KR1) (0727),[26.07]F_I_BT칩_전환_블트칩출시_바이럴형_KR1_.피드_남편인정.캠핑.확장__김소희_260727_제과_김수정,44,0,626.0,0
2026-07-31,[제과_블트하] 26.07_블트깡출시_수동_전환_image_전체타겟,주변인인정_블트칩출시 (KR2) (0728),[26.07]F_I_BT칩_전환_블트칩출시_혜택강조형_KR2_.피드_옆집맘들한테맛잘알인정..확장__김소희_260728_제과_박서연,1267,15,24006.0,3
2026-07-31,[제과_블트하] 26.07_블트깡출시_수동_전환_image_전체타겟,주변인인정_블트칩출시 (KR2) (0728),[26.07]F_I_BT깡_전환_블트칩출시_혜택강조형_KR2_.피드_시댁갈때맛잘알며느리.확장__김소희_260728_제과_박서연,148,4,4058.0,0
2026-07-31,[제과_블트하] 26.07_블트깡출시_수동_전환_image_전체타겟,(혼합) 남편페르소나_블트칩출시(릴스형) (KR1) (0729),[26.07]F_I_BT깡_전환_블트칩출시_혜택강조형_KR1_.릴스_지금이젤싸요.__김소희_260729_제과_김수정,152,5,4402.0,0
2026-07-31,[칩] (마스터ASC)[제과_블트하] 26.07_블트칩출시_ASC_전환_image,[칩] (마스터ASC)[제과_블트하] 26.07_블트칩출시_ASC_전환_image,[26.07]F_I_BT깡_전환_블트칩출시_혜택강조형_KR1_.릴스_봉지뜯자마자뺏긴.__김소희_260729_제과_김수정,41,0,763.0,0
2026-07-31,(마스터ASC)[제과_블트하] 26.07_블트깡출시_ASC_전환_image,(마스터ASC)[제과_블트하] 26.07_블트깡출시_ASC_전환_image,[26.07]F_I_BT칩_전환_블트칩출시_혜택강조형_KR1_.배너_공지문.사과문.__최나영_260730_제과_김수정,189,3,3376.0,0
2026-07-31,[제과_블트하] 26.07_블트깡출시_수동_전환_image_전체타겟,0730_주변인정.혜택_블트칩출시,[26.07]F_I_BT칩_전환_블트칩출시_혜택강조형_KR2_.배너_야구장옆자리가.__최나영_260730_제과_김수정,34,0,384.0,0
2026-07-31,[칩] (마스터ASC)[제과_블트하] 26.07_블트칩출시_ASC_전환_video,[칩] (마스터ASC)[제과_블트하] 26.07_블트칩출시_ASC_전환_video,[26.08]F_V_BT혼_전환_블트칩출시_신규BP_풀리오BP.KR1_var3.릴스_맛충동후킹.남편.X_2P_최나영_260801_제과_이봄1,70,0,1012.0,0
2026-07-31,(마스터ASC)[제과_블트하] 26.07_블트깡출시_ASC_전환_image,(마스터ASC)[제과_블트하] 26.07_블트깡출시_ASC_전환_image,[26.07]F_I_BT칩_전환_블트칩출시_혜택강조형_KR1_.배너_마진포기.__김소희_260731_제과_김수정,37,0,459.0,0
2026-08-01,[제과_블트하] 26.07_블트깡출시_수동_전환_image_전체타겟,주변인인정_블트칩출시 (KR2) (0728),[26.07]F_I_BT칩_전환_블트칩출시_혜택강조형_KR2_.피드_옆집맘들한테맛잘알인정..확장__김소희_260728_제과_박서연,1762,23,36940.0,2
2026-08-01,[제과_블트하] 26.07_블트깡출시_수동_전환_image_전체타겟,주변인인정_블트칩출시 (KR2) (0728),[26.07]F_I_BT깡_전환_블트칩출시_혜택강조형_KR2_.피드_시댁갈때맛잘알며느리.확장__김소희_260728_제과_박서연,1654,38,38204.0,3
2026-08-01,[제과_블트하] 26.07_블트깡출시_수동_전환_image_전체타겟,(혼합) 남편페르소나_블트칩출시(릴스형) (KR1) (0729),[26.07]F_I_BT깡_전환_블트칩출시_혜택강조형_KR1_.릴스_지금이젤싸요.__김소희_260729_제과_김수정,308,9,6405.0,2
2026-08-01,[칩] (마스터ASC)[제과_블트하] 26.07_블트칩출시_ASC_전환_image,[칩] (마스터ASC)[제과_블트하] 26.07_블트칩출시_ASC_전환_image,[26.07]F_I_BT깡_전환_블트칩출시_혜택강조형_KR1_.릴스_봉지뜯자마자뺏긴.__김소희_260729_제과_김수정,50,0,988.0,0
2026-08-01,(마스터ASC)[제과_블트하] 26.07_블트깡출시_ASC_전환_image,(마스터ASC)[제과_블트하] 26.07_블트깡출시_ASC_전환_image,[26.07]F_I_BT칩_전환_블트칩출시_혜택강조형_KR1_.배너_공지문.사과문.__최나영_260730_제과_김수정,53,1,671.0,0
2026-08-01,[제과_블트하] 26.07_블트깡출시_수동_전환_image_전체타겟,0730_주변인정.혜택_블트칩출시,[26.07]F_I_BT칩_전환_블트칩출시_혜택강조형_KR2_.배너_야구장옆자리가.__최나영_260730_제과_김수정,5,0,51.0,0
2026-08-01,[칩] (마스터ASC)[제과_블트하] 26.07_블트칩출시_ASC_전환_video,[칩] (마스터ASC)[제과_블트하] 26.07_블트칩출시_ASC_전환_video,[26.08]F_V_BT혼_전환_블트칩출시_신규BP_풀리오BP.KR1_var3.릴스_맛충동후킹.남편.X_2P_최나영_260801_제과_이봄1,891,10,13497.0,0
2026-08-01,[칩] (마스터ASC)[제과_블트하] 26.07_블트칩출시_ASC_전환_video,[칩] (마스터ASC)[제과_블트하] 26.07_블트칩출시_ASC_전환_video,[26.08]F_V_BT혼_전환_블트칩출시_신규BP_풀리오BP.KR1_var6.릴스_레시피후킹.남편.X_2P_최나영_260801_제과_이봄1,3241,33,77976.0,2
2026-08-01,(마스터ASC)[제과_블트하] 26.07_블트깡출시_ASC_전환_image,(마스터ASC)[제과_블트하] 26.07_블트깡출시_ASC_전환_image,[26.07]F_I_BT칩_전환_블트칩출시_혜택강조형_KR1_.배너_마진포기.__김소희_260731_제과_김수정,129,1,2278.0,0
2026-08-02,[제과_블트하] 26.07_블트깡출시_수동_전환_image_전체타겟,주변인인정_블트칩출시 (KR2) (0728),[26.07]F_I_BT깡_전환_블트칩출시_혜택강조형_KR2_.피드_시댁갈때맛잘알며느리.확장__김소희_260728_제과_박서연,6069,103,147367.0,11
2026-08-02,[제과_블트하] 26.07_블트깡출시_수동_전환_image_전체타겟,(혼합) 남편페르소나_블트칩출시(릴스형) (KR1) (0729),[26.07]F_I_BT깡_전환_블트칩출시_혜택강조형_KR1_.릴스_지금이젤싸요.__김소희_260729_제과_김수정,56,5,1279.0,1
2026-08-02,[칩] (마스터ASC)[제과_블트하] 26.07_블트칩출시_ASC_전환_image,[칩] (마스터ASC)[제과_블트하] 26.07_블트칩출시_ASC_전환_image,[26.07]F_I_BT깡_전환_블트칩출시_혜택강조형_KR1_.릴스_봉지뜯자마자뺏긴.__김소희_260729_제과_김수정,15,1,458.0,0
2026-08-02,(마스터ASC)[제과_블트하] 26.07_블트깡출시_ASC_전환_image,(마스터ASC)[제과_블트하] 26.07_블트깡출시_ASC_전환_image,[26.07]F_I_BT칩_전환_블트칩출시_혜택강조형_KR1_.배너_공지문.사과문.__최나영_260730_제과_김수정,62,1,864.0,0
2026-08-02,[칩] (마스터ASC)[제과_블트하] 26.07_블트칩출시_ASC_전환_video,[칩] (마스터ASC)[제과_블트하] 26.07_블트칩출시_ASC_전환_video,[26.08]F_V_BT혼_전환_블트칩출시_신규BP_풀리오BP.KR1_var3.릴스_맛충동후킹.남편.X_2P_최나영_260801_제과_이봄1,538,12,6557.0,0
2026-08-02,(마스터ASC)[제과_블트하] 26.07_블트깡출시_ASC_전환_image,(마스터ASC)[제과_블트하] 26.07_블트깡출시_ASC_전환_image,[26.07]F_I_BT칩_전환_블트칩출시_혜택강조형_KR1_.배너_마진포기.__김소희_260731_제과_김수정,188,2,3013.0,2
2026-08-03,[칩] (마스터ASC)[제과_블트하] 26.07_블트칩출시_ASC_전환_image,[칩] (마스터ASC)[제과_블트하] 26.07_블트칩출시_ASC_전환_image,[26.07]F_I_BT깡_전환_블트칩출시_혜택강조형_KR1_.릴스_봉지뜯자마자뺏긴.__김소희_260729_제과_김수정,2,0,98.0,0
2026-08-03,(마스터ASC)[제과_블트하] 26.07_블트깡출시_ASC_전환_image,(마스터ASC)[제과_블트하] 26.07_블트깡출시_ASC_전환_image,[26.07]F_I_BT칩_전환_블트칩출시_혜택강조형_KR1_.배너_공지문.사과문.__최나영_260730_제과_김수정,38,0,492.0,0
2026-08-03,[제과_블트하] 26.07_블트깡출시_수동_전환_image_전체타겟,0730_주변인정.혜택_블트칩출시,[26.07]F_I_BT칩_전환_블트칩출시_혜택강조형_KR2_.배너_야구장옆자리가.__최나영_260730_제과_김수정,5,0,30.0,0
2026-08-03,[칩] (마스터ASC)[제과_블트하] 26.07_블트칩출시_ASC_전환_video,[칩] (마스터ASC)[제과_블트하] 26.07_블트칩출시_ASC_전환_video,[26.08]F_V_BT혼_전환_블트칩출시_신규BP_풀리오BP.KR1_var3.릴스_맛충동후킹.남편.X_2P_최나영_260801_제과_이봄1,291,4,5663.0,0
2026-08-03,(마스터ASC)[제과_블트하] 26.07_블트깡출시_ASC_전환_image,(마스터ASC)[제과_블트하] 26.07_블트깡출시_ASC_전환_image,[26.07]F_I_BT칩_전환_블트칩출시_혜택강조형_KR1_.배너_마진포기.__김소희_260731_제과_김수정,107,1,2087.0,0
2026-07-30,(마스터ASC)[제과_블트하] 26.07_블트깡출시_ASC_전환_video,(마스터ASC)[제과_블트하] 26.07_블트깡출시_ASC_전환_video,[26.07]F_V_BT깡_전환_블트깡출시_쩜오건_대세감실체.KR1_var1.릴스_유명남돌라방.X_1P_김소희_260715_제과_문형민,19,0,524.0,0
2026-07-30,[칩] (마스터ASC)[제과_블트하] 26.07_블트칩출시_ASC_전환_image,[칩] (마스터ASC)[제과_블트하] 26.07_블트칩출시_ASC_전환_image,[26.07]F_I_BT칩_전환_블트칩출시_혜택강조형_KR2_.릴스_안다르bp.지금쟁이는게이득.__김소희_260729_제과_박서연,68,2,1928.0,0
2026-07-30,[칩] (마스터ASC)[제과_블트하] 26.07_블트칩출시_ASC_전환_image,[칩] (마스터ASC)[제과_블트하] 26.07_블트칩출시_ASC_전환_image,[26.07]F_I_BT깡_전환_블트칩출시_혜택강조형_KR2_.릴스_모션.탕비실채우는족족.__김소희_260729_제과_박서연,38,1,972.0,0
2026-07-30,[제과_블트하] 26.07_블트깡출시_수동_전환_image_전체타겟,0730_주변인정.혜택_블트칩출시,[26.07]F_I_BT칩_전환_블트칩출시_혜택강조형_KR2_.배너_늘나눠먹던남편.__최나영_260730_제과_김수정,4,0,75.0,0
2026-07-30,(마스터ASC)[제과_블트하] 26.07_블트깡출시_ASC_전환_image,(마스터ASC)[제과_블트하] 26.07_블트깡출시_ASC_전환_image,[26.07]F_I_BT칩_전환_블트칩출시_혜택강조형_KR2_.배너_늘나눠먹던남편.__최나영_260730_제과_김수정,49,0,1182.0,0
2026-07-31,(마스터ASC)[제과_블트하] 26.07_블트깡출시_ASC_전환_video,(마스터ASC)[제과_블트하] 26.07_블트깡출시_ASC_전환_video,[26.07]F_V_BT깡_전환_블트깡출시_쩜오건_대세감실체.KR1_var1.릴스_유명남돌라방.X_1P_김소희_260715_제과_문형민,9,0,233.0,0
2026-07-31,[칩] (마스터ASC)[제과_블트하] 26.07_블트칩출시_ASC_전환_image,[칩] (마스터ASC)[제과_블트하] 26.07_블트칩출시_ASC_전환_image,[26.07]F_I_BT깡_전환_블트깡출시_바이럴형_KR1_.피드_남편인정.육퇴.확장__김소희_260727_제과_김수정,7,0,94.0,0
2026-07-31,[칩] (마스터ASC)[제과_블트하] 26.07_블트칩출시_ASC_전환_image,[칩] (마스터ASC)[제과_블트하] 26.07_블트칩출시_ASC_전환_image,[26.07]F_I_BT칩_전환_블트칩출시_혜택강조형_KR2_.릴스_안다르bp.지금쟁이는게이득.__김소희_260729_제과_박서연,125,2,1882.0,0
2026-07-31,[칩] (마스터ASC)[제과_블트하] 26.07_블트칩출시_ASC_전환_image,[칩] (마스터ASC)[제과_블트하] 26.07_블트칩출시_ASC_전환_image,[26.07]F_I_BT깡_전환_블트칩출시_혜택강조형_KR2_.릴스_모션.탕비실채우는족족.__김소희_260729_제과_박서연,61,1,1256.0,1
2026-07-31,[제과_블트하] 26.07_블트깡출시_수동_전환_image_전체타겟,0730_주변인정.혜택_블트칩출시,[26.07]F_I_BT칩_전환_블트칩출시_혜택강조형_KR2_.배너_늘나눠먹던남편.__최나영_260730_제과_김수정,41,1,632.0,0
2026-07-31,(마스터ASC)[제과_블트하] 26.07_블트깡출시_ASC_전환_image,(마스터ASC)[제과_블트하] 26.07_블트깡출시_ASC_전환_image,[26.07]F_I_BT칩_전환_블트칩출시_혜택강조형_KR2_.배너_늘나눠먹던남편.__최나영_260730_제과_김수정,20,2,301.0,0
2026-08-01,(마스터ASC)[제과_블트하] 26.07_블트깡출시_ASC_전환_video,(마스터ASC)[제과_블트하] 26.07_블트깡출시_ASC_전환_video,[26.07]F_V_BT깡_전환_블트깡출시_쩜오건_대세감실체.KR1_var1.릴스_유명남돌라방.X_1P_김소희_260715_제과_문형민,10,0,429.0,0
2026-08-01,[칩] (마스터ASC)[제과_블트하] 26.07_블트칩출시_ASC_전환_image,[칩] (마스터ASC)[제과_블트하] 26.07_블트칩출시_ASC_전환_image,[26.07]F_I_BT깡_전환_블트깡출시_바이럴형_KR1_.피드_남편인정.육퇴.확장__김소희_260727_제과_김수정,4,0,118.0,0
2026-08-01,[칩] (마스터ASC)[제과_블트하] 26.07_블트칩출시_ASC_전환_image,[칩] (마스터ASC)[제과_블트하] 26.07_블트칩출시_ASC_전환_image,[26.07]F_I_BT칩_전환_블트칩출시_혜택강조형_KR2_.릴스_안다르bp.지금쟁이는게이득.__김소희_260729_제과_박서연,2,0,41.0,0
2026-08-01,[칩] (마스터ASC)[제과_블트하] 26.07_블트칩출시_ASC_전환_image,[칩] (마스터ASC)[제과_블트하] 26.07_블트칩출시_ASC_전환_image,[26.07]F_I_BT깡_전환_블트칩출시_혜택강조형_KR2_.릴스_모션.탕비실채우는족족.__김소희_260729_제과_박서연,1,0,16.0,0
2026-08-01,[제과_블트하] 26.07_블트깡출시_수동_전환_image_전체타겟,0730_주변인정.혜택_블트칩출시,[26.07]F_I_BT칩_전환_블트칩출시_혜택강조형_KR2_.배너_늘나눠먹던남편.__최나영_260730_제과_김수정,9,0,503.0,0
2026-08-01,(마스터ASC)[제과_블트하] 26.07_블트깡출시_ASC_전환_image,(마스터ASC)[제과_블트하] 26.07_블트깡출시_ASC_전환_image,[26.07]F_I_BT칩_전환_블트칩출시_혜택강조형_KR2_.배너_늘나눠먹던남편.__최나영_260730_제과_김수정,45,0,420.0,0
2026-08-02,(마스터ASC)[제과_블트하] 26.07_블트깡출시_ASC_전환_video,(마스터ASC)[제과_블트하] 26.07_블트깡출시_ASC_전환_video,[26.07]F_V_BT깡_전환_블트깡출시_쩜오건_대세감실체.KR1_var1.릴스_유명남돌라방.X_1P_김소희_260715_제과_문형민,3,0,45.0,0
2026-08-02,[칩] (마스터ASC)[제과_블트하] 26.07_블트칩출시_ASC_전환_image,[칩] (마스터ASC)[제과_블트하] 26.07_블트칩출시_ASC_전환_image,[26.07]F_I_BT칩_전환_블트칩출시_혜택강조형_KR2_.릴스_안다르bp.지금쟁이는게이득.__김소희_260729_제과_박서연,2,0,3.0,0
2026-08-02,[칩] (마스터ASC)[제과_블트하] 26.07_블트칩출시_ASC_전환_image,[칩] (마스터ASC)[제과_블트하] 26.07_블트칩출시_ASC_전환_image,[26.07]F_I_BT깡_전환_블트칩출시_혜택강조형_KR2_.릴스_모션.탕비실채우는족족.__김소희_260729_제과_박서연,14,0,132.0,0
2026-08-02,[제과_블트하] 26.07_블트깡출시_수동_전환_image_전체타겟,0730_주변인정.혜택_블트칩출시,[26.07]F_I_BT칩_전환_블트칩출시_혜택강조형_KR2_.배너_늘나눠먹던남편.__최나영_260730_제과_김수정,4,0,25.0,0
2026-08-02,(마스터ASC)[제과_블트하] 26.07_블트깡출시_ASC_전환_image,(마스터ASC)[제과_블트하] 26.07_블트깡출시_ASC_전환_image,[26.07]F_I_BT칩_전환_블트칩출시_혜택강조형_KR2_.배너_늘나눠먹던남편.__최나영_260730_제과_김수정,39,0,285.0,0
2026-08-03,[칩] (마스터ASC)[제과_블트하] 26.07_블트칩출시_ASC_전환_image,[칩] (마스터ASC)[제과_블트하] 26.07_블트칩출시_ASC_전환_image,[26.07]F_I_BT깡_전환_블트깡출시_바이럴형_KR1_.피드_남편인정.육퇴.확장__김소희_260727_제과_김수정,148,0,1499.0,0
2026-08-03,[제과_블트하] 26.07_블트깡출시_수동_전환_image_전체타겟,0730_주변인정.혜택_블트칩출시,[26.07]F_I_BT칩_전환_블트칩출시_혜택강조형_KR2_.배너_늘나눠먹던남편.__최나영_260730_제과_김수정,1,0,6.0,0
2026-08-03,(마스터ASC)[제과_블트하] 26.07_블트깡출시_ASC_전환_image,(마스터ASC)[제과_블트하] 26.07_블트깡출시_ASC_전환_image,[26.07]F_I_BT칩_전환_블트칩출시_혜택강조형_KR2_.배너_늘나눠먹던남편.__최나영_260730_제과_김수정,32,1,427.0,0
2026-07-30,(마스터ASC)[제과_블트하] 26.07_블트깡출시_ASC_전환_video,(마스터ASC)[제과_블트하] 26.07_블트깡출시_ASC_전환_video,[26.07]F_V_BT깡_전환_블트깡출시_쩜오건_BP1.KR1_var1.릴스_var1.슬기.X_1P_김소희_260729_제과_피재은,771,7,19704.0,0
2026-07-30,[칩] (마스터ASC)[제과_블트하] 26.07_블트칩출시_ASC_전환_image,[칩] (마스터ASC)[제과_블트하] 26.07_블트칩출시_ASC_전환_image,[26.07]F_I_BT깡_전환_블트칩출시_혜택강조형__.릴스_맘카페입소문.__김소희_260729_제과_김수정,95,2,2171.0,0
2026-07-30,[칩] (마스터ASC)[제과_블트하] 26.07_블트칩출시_ASC_전환_image,[칩] (마스터ASC)[제과_블트하] 26.07_블트칩출시_ASC_전환_image,[26.07]F_I_BT칩_전환_블트칩출시_혜택강조형_KR2_.릴스_안다르bp.쌀때쟁이세요.__김소희_260729_제과_박서연,76,1,3160.0,0
2026-07-31,[칩] (마스터ASC)[제과_블트하] 26.07_블트칩출시_ASC_전환_image,[칩] (마스터ASC)[제과_블트하] 26.07_블트칩출시_ASC_전환_image,[26.07]F_I_BT칩_전환_블트칩출시_혜택강조형_KR2_.피드_주변인.집들이.확장__김소희_260727_제과_박지현,96,3,5016.0,0
2026-07-31,[칩] (마스터ASC)[제과_블트하] 26.07_블트칩출시_ASC_전환_image,[칩] (마스터ASC)[제과_블트하] 26.07_블트칩출시_ASC_전환_image,[26.07]F_I_BT깡_전환_블트칩출시_혜택강조형__.릴스_맘카페입소문.__김소희_260729_제과_김수정,364,2,7715.0,0
2026-07-31,[칩] (마스터ASC)[제과_블트하] 26.07_블트칩출시_ASC_전환_image,[칩] (마스터ASC)[제과_블트하] 26.07_블트칩출시_ASC_전환_image,[26.07]F_I_BT칩_전환_블트칩출시_혜택강조형_KR2_.릴스_안다르bp.쌀때쟁이세요.__김소희_260729_제과_박서연,238,2,7875.0,0
2026-07-31,[제과_블트하] 26.07_블트깡출시_수동_전환_video_전체타겟,0731_풀리오BP_블트칩출시 (KR1),[26.08]F_V_BT혼_전환_블트칩출시_신규BP_풀리오BP.KR1_var5.릴스_중독성후킹.남편.X_2P_최나영_260801_제과_이봄1,313,10,6903.0,0
2026-08-01,(마스터ASC)[제과_블트하] 26.07_블트깡출시_ASC_전환_image,(마스터ASC)[제과_블트하] 26.07_블트깡출시_ASC_전환_image,[26.07]F_I_BT깡_전환_블트깡출시_바이럴형_KR1_.릴스_맘카페페르소나.지면테스트.재입고만기다린다는.검증__김소희_260721_제과_김수정,1,0,25.0,0
2026-08-01,[칩] (마스터ASC)[제과_블트하] 26.07_블트칩출시_ASC_전환_image,[칩] (마스터ASC)[제과_블트하] 26.07_블트칩출시_ASC_전환_image,[26.07]F_I_BT칩_전환_블트칩출시_혜택강조형_KR2_.피드_주변인.집들이.확장__김소희_260727_제과_박지현,360,15,10503.0,2
2026-08-01,[칩] (마스터ASC)[제과_블트하] 26.07_블트칩출시_ASC_전환_image,[칩] (마스터ASC)[제과_블트하] 26.07_블트칩출시_ASC_전환_image,[26.07]F_I_BT깡_전환_블트칩출시_혜택강조형__.릴스_맘카페입소문.__김소희_260729_제과_김수정,1461,19,27559.0,1
2026-08-01,[칩] (마스터ASC)[제과_블트하] 26.07_블트칩출시_ASC_전환_image,[칩] (마스터ASC)[제과_블트하] 26.07_블트칩출시_ASC_전환_image,[26.07]F_I_BT칩_전환_블트칩출시_혜택강조형_KR2_.릴스_안다르bp.쌀때쟁이세요.__김소희_260729_제과_박서연,18,0,510.0,0
2026-08-01,[제과_블트하] 26.07_블트깡출시_수동_전환_video_전체타겟,0731_풀리오BP_블트칩출시 (KR1),[26.08]F_V_BT혼_전환_블트칩출시_신규BP_풀리오BP.KR1_var5.릴스_중독성후킹.남편.X_2P_최나영_260801_제과_이봄1,786,15,18595.0,5
2026-08-02,(마스터ASC)[제과_블트하] 26.07_블트깡출시_ASC_전환_image,(마스터ASC)[제과_블트하] 26.07_블트깡출시_ASC_전환_image,[26.07]F_I_BT깡_전환_블트깡출시_바이럴형_KR1_.릴스_맘카페페르소나.지면테스트.재입고만기다린다는.검증__김소희_260721_제과_김수정,43,0,1201.0,0
2026-08-02,[칩] (마스터ASC)[제과_블트하] 26.07_블트칩출시_ASC_전환_image,[칩] (마스터ASC)[제과_블트하] 26.07_블트칩출시_ASC_전환_image,[26.07]F_I_BT칩_전환_블트칩출시_혜택강조형_KR2_.피드_주변인.집들이.확장__김소희_260727_제과_박지현,231,3,6532.0,0
2026-08-02,[칩] (마스터ASC)[제과_블트하] 26.07_블트칩출시_ASC_전환_image,[칩] (마스터ASC)[제과_블트하] 26.07_블트칩출시_ASC_전환_image,[26.07]F_I_BT깡_전환_블트칩출시_혜택강조형__.릴스_맘카페입소문.__김소희_260729_제과_김수정,4345,71,83379.0,5
2026-08-02,[칩] (마스터ASC)[제과_블트하] 26.07_블트칩출시_ASC_전환_image,[칩] (마스터ASC)[제과_블트하] 26.07_블트칩출시_ASC_전환_image,[26.07]F_I_BT칩_전환_블트칩출시_혜택강조형_KR2_.릴스_안다르bp.쌀때쟁이세요.__김소희_260729_제과_박서연,13,0,328.0,0
2026-08-03,(마스터ASC)[제과_블트하] 26.07_블트깡출시_ASC_전환_image,(마스터ASC)[제과_블트하] 26.07_블트깡출시_ASC_전환_image,[26.07]F_I_BT깡_전환_블트깡출시_바이럴형_KR1_.릴스_맘카페페르소나.지면테스트.재입고만기다린다는.검증__김소희_260721_제과_김수정,32,1,1616.0,0
2026-08-03,[칩] (마스터ASC)[제과_블트하] 26.07_블트칩출시_ASC_전환_image,[칩] (마스터ASC)[제과_블트하] 26.07_블트칩출시_ASC_전환_image,[26.07]F_I_BT칩_전환_블트칩출시_혜택강조형_KR2_.피드_주변인.집들이.확장__김소희_260727_제과_박지현,173,4,3609.0,1
2026-07-30,[칩] (마스터ASC)[제과_블트하] 26.07_블트칩출시_ASC_전환_image,[칩] (마스터ASC)[제과_블트하] 26.07_블트칩출시_ASC_전환_image,[26.07]F_I_BT칩_전환_블트칩출시_혜택강조형_KR2_.피드_회사에서맛잘알인정..확장__김소희_260728_제과_박서연,17,0,137.0,0
2026-07-30,[칩] (마스터ASC)[제과_블트하] 26.07_블트칩출시_ASC_전환_image,[칩] (마스터ASC)[제과_블트하] 26.07_블트칩출시_ASC_전환_image,[26.07]F_I_BT깡_전환_블트칩출시_혜택강조형_KR2_.릴스_모션.집들이때가져가면.__김소희_260729_제과_박서연,87,2,1901.0,0
2026-07-30,[칩] (마스터ASC)[제과_블트하] 26.07_블트칩출시_ASC_전환_image,[칩] (마스터ASC)[제과_블트하] 26.07_블트칩출시_ASC_전환_image,[26.07]F_I_BT칩_전환_블트칩출시_혜택강조형_KR2_.릴스_모션.시댁갈때맛잘알.__김소희_260729_제과_박서연,443,12,16868.0,1
2026-07-31,[칩] (마스터ASC)[제과_블트하] 26.07_블트칩출시_ASC_전환_image,[칩] (마스터ASC)[제과_블트하] 26.07_블트칩출시_ASC_전환_image,[26.07]F_I_BT칩_전환_블트칩출시_혜택강조형_KR2_.피드_회사에서맛잘알인정..확장__김소희_260728_제과_박서연,2,0,20.0,0
2026-07-31,[칩] (마스터ASC)[제과_블트하] 26.07_블트칩출시_ASC_전환_image,[칩] (마스터ASC)[제과_블트하] 26.07_블트칩출시_ASC_전환_image,[26.07]F_I_BT깡_전환_블트칩출시_혜택강조형_KR2_.릴스_모션.집들이때가져가면.__김소희_260729_제과_박서연,129,2,1840.0,0
2026-07-31,[칩] (마스터ASC)[제과_블트하] 26.07_블트칩출시_ASC_전환_image,[칩] (마스터ASC)[제과_블트하] 26.07_블트칩출시_ASC_전환_image,[26.07]F_I_BT칩_전환_블트칩출시_혜택강조형_KR2_.릴스_모션.시댁갈때맛잘알.__김소희_260729_제과_박서연,349,5,8592.0,2
2026-08-01,[칩] (마스터ASC)[제과_블트하] 26.07_블트칩출시_ASC_전환_image,[칩] (마스터ASC)[제과_블트하] 26.07_블트칩출시_ASC_전환_image,[26.07]F_I_BT칩_전환_블트칩출시_혜택강조형_KR2_.피드_회사에서맛잘알인정..확장__김소희_260728_제과_박서연,145,0,1660.0,0
2026-08-01,[칩] (마스터ASC)[제과_블트하] 26.07_블트칩출시_ASC_전환_image,[칩] (마스터ASC)[제과_블트하] 26.07_블트칩출시_ASC_전환_image,[26.07]F_I_BT깡_전환_블트칩출시_혜택강조형_KR2_.릴스_모션.집들이때가져가면.__김소희_260729_제과_박서연,157,0,2543.0,0
2026-08-01,[칩] (마스터ASC)[제과_블트하] 26.07_블트칩출시_ASC_전환_image,[칩] (마스터ASC)[제과_블트하] 26.07_블트칩출시_ASC_전환_image,[26.07]F_I_BT칩_전환_블트칩출시_혜택강조형_KR2_.릴스_모션.시댁갈때맛잘알.__김소희_260729_제과_박서연,376,14,10476.0,0
2026-08-02,[칩] (마스터ASC)[제과_블트하] 26.07_블트칩출시_ASC_전환_image,[칩] (마스터ASC)[제과_블트하] 26.07_블트칩출시_ASC_전환_image,[26.07]F_I_BT칩_전환_블트칩출시_혜택강조형_KR2_.피드_회사에서맛잘알인정..확장__김소희_260728_제과_박서연,91,1,1012.0,1
2026-08-02,[칩] (마스터ASC)[제과_블트하] 26.07_블트칩출시_ASC_전환_image,[칩] (마스터ASC)[제과_블트하] 26.07_블트칩출시_ASC_전환_image,[26.07]F_I_BT깡_전환_블트칩출시_혜택강조형_KR2_.릴스_모션.집들이때가져가면.__김소희_260729_제과_박서연,4,0,41.0,0
2026-08-02,[칩] (마스터ASC)[제과_블트하] 26.07_블트칩출시_ASC_전환_image,[칩] (마스터ASC)[제과_블트하] 26.07_블트칩출시_ASC_전환_image,[26.07]F_I_BT칩_전환_블트칩출시_혜택강조형_KR2_.릴스_모션.시댁갈때맛잘알.__김소희_260729_제과_박서연,220,4,7239.0,2
2026-08-03,[칩] (마스터ASC)[제과_블트하] 26.07_블트칩출시_ASC_전환_image,[칩] (마스터ASC)[제과_블트하] 26.07_블트칩출시_ASC_전환_image,[26.07]F_I_BT칩_전환_블트칩출시_혜택강조형_KR2_.피드_회사에서맛잘알인정..확장__김소희_260728_제과_박서연,505,3,5372.0,0
2026-08-03,[칩] (마스터ASC)[제과_블트하] 26.07_블트칩출시_ASC_전환_image,[칩] (마스터ASC)[제과_블트하] 26.07_블트칩출시_ASC_전환_image,[26.07]F_I_BT깡_전환_블트칩출시_혜택강조형_KR2_.릴스_모션.집들이때가져가면.__김소희_260729_제과_박서연,21,0,271.0,0
2026-08-03,[칩] (마스터ASC)[제과_블트하] 26.07_블트칩출시_ASC_전환_image,[칩] (마스터ASC)[제과_블트하] 26.07_블트칩출시_ASC_전환_image,[26.07]F_I_BT칩_전환_블트칩출시_혜택강조형_KR2_.릴스_모션.시댁갈때맛잘알.__김소희_260729_제과_박서연,664,17,16064.0,2
2026-07-30,(마스터ASC)[제과_콘스프맛 팝콘] 26.05_콘스프맛팝콘출시_ASC_전환_video,(마스터ASC)[콘스프맛 팝콘] 26.05_콘스프맛팝콘출시_ASC_전환_video,[26.07]F_V_PC콘_전환_콘스프맛팝콘출시_네고형_지인네고형.다이어트_var3.릴스_운동상황강조1.슬기.(재)_1P_김소희_260710_제과_문형민,4,0,108.0,0
2026-07-30,[제과_블트하] 26.07_블트깡출시_수동_전환_video_전체타겟,0725_클룹BP_블트칩출시 (KR1),[26.07]F_V_BT혼_전환_블트칩출시_기타_클룹BP.KR1_var2.릴스_중국산.슬기.X_1P_최나영_260723_제과_피재은,165,1,2975.0,0
2026-07-30,[제과_블트하] 26.07_블트깡출시_수동_전환_video_전체타겟,(0725) 취식강조형_블트깡출시 (KR2) (미진님),[26.07]F_V_BT깡_전환_블트깡출시_취식강조형_먹방.KR2_var2.릴스_와인페어링.X_2P_김소희_260724_제과_이미진,15428,174,309053.0,27
2026-07-30,[제과_블트하] 26.07_블트깡출시_수동_전환_image_전체타겟,0728_남편.인정소비_블트깡출시 (KR1),[26.07]F_I_BT깡_전환_블트칩출시_혜택강조형_KR1_.피드_이번주안에.__김소희_260728_제과_김수정,33,0,838.0,0
2026-07-30,[제과_블트하] 26.07_블트깡출시_수동_전환_image_전체타겟,0728_남편.인정소비_블트깡출시 (KR1),[26.07]F_I_BT칩_전환_블트칩출시_혜택강조형_KR1_.피드_초딩입맛우리남편.__김소희_260728_제과_김수정,16,0,833.0,0
2026-07-30,[제과_블트하] 26.07_블트깡출시_수동_전환_image_전체타겟,주변인인정_블트칩출시 (KR2) (0728),[26.07]F_I_BT혼_전환_블트칩출시_혜택강조형_KR2_.피드_새로운맛도리.트민맘등극템..확장__김소희_260728_제과_박서연,72,1,1222.0,0
2026-07-30,[칩] (마스터ASC)[제과_블트하] 26.07_블트칩출시_ASC_전환_image,[칩] (마스터ASC)[제과_블트하] 26.07_블트칩출시_ASC_전환_image,[26.07]F_I_BT깡_전환_블트칩출시_혜택강조형__.릴스_비싼거때려넣음.__김소희_260729_제과_김수정,33,0,923.0,0
2026-07-30,[칩] (마스터ASC)[제과_블트하] 26.07_블트칩출시_ASC_전환_image,[칩] (마스터ASC)[제과_블트하] 26.07_블트칩출시_ASC_전환_image,[26.07]F_I_BT칩_전환_블트칩출시_혜택강조형_KR1_.릴스_지금쟁여야이득가격비교.__김소희_260729_제과_김수정,167,2,4029.0,0
2026-07-30,[칩] (마스터ASC)[제과_블트하] 26.07_블트칩출시_ASC_전환_image,[칩] (마스터ASC)[제과_블트하] 26.07_블트칩출시_ASC_전환_image,[26.07]F_I_BT혼_전환_블트칩출시_혜택강조형_KR2_.릴스_냄새맡고옆자리동료.__김소희_260729_제과_김수정,638,6,14996.0,0
2026-07-30,[제과_블트하] 26.07_블트깡출시_수동_전환_image_전체타겟,(혼합) 주변인상황_블트칩출시 (릴스형) (KR2) (0729),[26.07]F_I_BT혼_전환_블트칩출시_혜택강조형_KR2_.릴스_냄새맡고옆자리동료.__김소희_260729_제과_김수정,354,6,9910.0,1
2026-07-30,[칩] (마스터ASC)[제과_블트하] 26.07_블트칩출시_ASC_전환_image,[칩] (마스터ASC)[제과_블트하] 26.07_블트칩출시_ASC_전환_image,[26.07]F_I_BT깡_전환_블트칩출시_혜택강조형_KR2_.릴스_모션.팀장님링크.__김소희_260729_제과_박서연,30,0,508.0,0
2026-07-30,[제과_블트하] 26.07_블트깡출시_수동_전환_image_전체타겟,0730_주변인정.혜택_블트칩출시,[26.07]F_I_BT혼_전환_블트칩출시_혜택강조형_KR2_.배너_다시는없습니다.__최나영_260730_제과_김수정,54,1,657.0,0
2026-07-30,[제과_블트하] 26.07_블트깡출시_수동_전환_image_전체타겟,0730_주변인정.혜택_블트칩출시,[26.07]F_I_BT칩_전환_블트칩출시_혜택강조형_KR1_.배너_공지문.사과문.__최나영_260730_제과_김수정,2,0,20.0,0
2026-07-31,[제과_블트하] 26.07_블트깡출시_수동_전환_video_전체타겟,0725_클룹BP_블트칩출시 (KR1),[26.07]F_V_BT혼_전환_블트칩출시_기타_클룹BP.KR1_var2.릴스_중국산.슬기.X_1P_최나영_260723_제과_피재은,24,0,457.0,0
2026-07-31,[제과_블트하] 26.07_블트깡출시_수동_전환_video_전체타겟,(0725) 취식강조형_블트깡출시 (KR2) (미진님),[26.07]F_V_BT깡_전환_블트깡출시_취식강조형_먹방.KR2_var2.릴스_와인페어링.X_2P_김소희_260724_제과_이미진,16866,182,289359.0,20
2026-07-31,[칩] (마스터ASC)[제과_블트하] 26.07_블트칩출시_ASC_전환_image,[칩] (마스터ASC)[제과_블트하] 26.07_블트칩출시_ASC_전환_image,[26.07]F_I_BT칩_전환_블트칩출시_혜택강조형_KR2_.피드_주변인.집들이안주.확장__김소희_260727_제과_박서연,315,4,5283.0,1
2026-07-31,[칩] (마스터ASC)[제과_블트하] 26.07_블트칩출시_ASC_전환_image,[칩] (마스터ASC)[제과_블트하] 26.07_블트칩출시_ASC_전환_image,[26.07]F_I_BT칩_전환_블트칩출시_바이럴형_KR1_.피드_남편인정.친구모임.확장__김소희_260727_제과_김수정,1,0,3.0,0
2026-07-31,[제과_블트하] 26.07_블트깡출시_수동_전환_image_전체타겟,주변인인정_블트칩출시 (KR2) (0728),[26.07]F_I_BT혼_전환_블트칩출시_혜택강조형_KR2_.피드_새로운맛도리.트민맘등극템..확장__김소희_260728_제과_박서연,92,1,1888.0,0
2026-07-31,[칩] (마스터ASC)[제과_블트하] 26.07_블트칩출시_ASC_전환_image,[칩] (마스터ASC)[제과_블트하] 26.07_블트칩출시_ASC_전환_image,[26.07]F_I_BT깡_전환_블트칩출시_혜택강조형__.릴스_비싼거때려넣음.__김소희_260729_제과_김수정,31,2,549.0,0
2026-07-31,[칩] (마스터ASC)[제과_블트하] 26.07_블트칩출시_ASC_전환_image,[칩] (마스터ASC)[제과_블트하] 26.07_블트칩출시_ASC_전환_image,[26.07]F_I_BT칩_전환_블트칩출시_혜택강조형_KR1_.릴스_지금쟁여야이득가격비교.__김소희_260729_제과_김수정,348,2,6247.0,0
2026-07-31,[칩] (마스터ASC)[제과_블트하] 26.07_블트칩출시_ASC_전환_image,[칩] (마스터ASC)[제과_블트하] 26.07_블트칩출시_ASC_전환_image,[26.07]F_I_BT혼_전환_블트칩출시_혜택강조형_KR2_.릴스_냄새맡고옆자리동료.__김소희_260729_제과_김수정,1301,8,20427.0,2
2026-07-31,[제과_블트하] 26.07_블트깡출시_수동_전환_image_전체타겟,(혼합) 주변인상황_블트칩출시 (릴스형) (KR2) (0729),[26.07]F_I_BT혼_전환_블트칩출시_혜택강조형_KR2_.릴스_냄새맡고옆자리동료.__김소희_260729_제과_김수정,213,4,5527.0,2
2026-07-31,[칩] (마스터ASC)[제과_블트하] 26.07_블트칩출시_ASC_전환_image,[칩] (마스터ASC)[제과_블트하] 26.07_블트칩출시_ASC_전환_image,[26.07]F_I_BT깡_전환_블트칩출시_혜택강조형_KR2_.릴스_모션.팀장님링크.__김소희_260729_제과_박서연,105,2,2324.0,0
2026-07-31,[제과_블트하] 26.07_블트깡출시_수동_전환_image_전체타겟,0730_주변인정.혜택_블트칩출시,[26.07]F_I_BT혼_전환_블트칩출시_혜택강조형_KR2_.배너_다시는없습니다.__최나영_260730_제과_김수정,343,3,5577.0,0
2026-07-31,[제과_블트하] 26.07_블트깡출시_수동_전환_image_전체타겟,0730_주변인정.혜택_블트칩출시,[26.07]F_I_BT칩_전환_블트칩출시_혜택강조형_KR1_.배너_공지문.사과문.__최나영_260730_제과_김수정,76,1,1098.0,0
2026-07-31,[제과_블트하] 26.07_블트깡출시_수동_전환_video_전체타겟,0731_풀리오BP_블트칩출시 (KR1),[26.08]F_V_BT혼_전환_블트칩출시_신규BP_풀리오BP.KR1_main.릴스_본론.남편.X_2P_최나영_260801_제과_이봄1,502,20,14795.0,1
2026-07-31,(마스터ASC)[제과_블트하] 26.07_블트깡출시_ASC_전환_image,(마스터ASC)[제과_블트하] 26.07_블트깡출시_ASC_전환_image,[26.07]F_I_BT혼_전환_블트칩출시_혜택강조형_KR2_.배너_공지문.3분할.__김소희_260731_제과_김수정,26,0,468.0,0
2026-08-01,[제과_블트하] 26.07_블트깡출시_수동_전환_video_전체타겟,0725_클룹BP_블트칩출시 (KR1),[26.07]F_V_BT혼_전환_블트칩출시_기타_클룹BP.KR1_var2.릴스_중국산.슬기.X_1P_최나영_260723_제과_피재은,35,4,647.0,0
2026-08-01,[제과_블트하] 26.07_블트깡출시_수동_전환_video_전체타겟,(0725) 취식강조형_블트깡출시 (KR2) (미진님),[26.07]F_V_BT깡_전환_블트깡출시_취식강조형_먹방.KR2_var2.릴스_와인페어링.X_2P_김소희_260724_제과_이미진,2423,20,38195.0,0
2026-08-01,[칩] (마스터ASC)[제과_블트하] 26.07_블트칩출시_ASC_전환_image,[칩] (마스터ASC)[제과_블트하] 26.07_블트칩출시_ASC_전환_image,[26.07]F_I_BT칩_전환_블트칩출시_혜택강조형_KR2_.피드_주변인.집들이안주.확장__김소희_260727_제과_박서연,37,0,281.0,0
2026-08-01,[칩] (마스터ASC)[제과_블트하] 26.07_블트칩출시_ASC_전환_image,[칩] (마스터ASC)[제과_블트하] 26.07_블트칩출시_ASC_전환_image,[26.07]F_I_BT칩_전환_블트칩출시_바이럴형_KR1_.피드_남편인정.친구모임.확장__김소희_260727_제과_김수정,7,0,137.0,0
2026-08-01,[제과_블트하] 26.07_블트깡출시_수동_전환_image_전체타겟,주변인인정_블트칩출시 (KR2) (0728),[26.07]F_I_BT혼_전환_블트칩출시_혜택강조형_KR2_.피드_새로운맛도리.트민맘등극템..확장__김소희_260728_제과_박서연,119,0,1470.0,0
2026-08-01,[칩] (마스터ASC)[제과_블트하] 26.07_블트칩출시_ASC_전환_image,[칩] (마스터ASC)[제과_블트하] 26.07_블트칩출시_ASC_전환_image,[26.07]F_I_BT칩_전환_블트칩출시_혜택강조형_KR1_.릴스_지금쟁여야이득가격비교.__김소희_260729_제과_김수정,58,0,879.0,0
2026-08-01,[칩] (마스터ASC)[제과_블트하] 26.07_블트칩출시_ASC_전환_image,[칩] (마스터ASC)[제과_블트하] 26.07_블트칩출시_ASC_전환_image,[26.07]F_I_BT혼_전환_블트칩출시_혜택강조형_KR2_.릴스_냄새맡고옆자리동료.__김소희_260729_제과_김수정,1830,23,25579.0,1
2026-08-01,[제과_블트하] 26.07_블트깡출시_수동_전환_image_전체타겟,(혼합) 주변인상황_블트칩출시 (릴스형) (KR2) (0729),[26.07]F_I_BT혼_전환_블트칩출시_혜택강조형_KR2_.릴스_냄새맡고옆자리동료.__김소희_260729_제과_김수정,214,4,4366.0,1
2026-08-01,[칩] (마스터ASC)[제과_블트하] 26.07_블트칩출시_ASC_전환_image,[칩] (마스터ASC)[제과_블트하] 26.07_블트칩출시_ASC_전환_image,[26.07]F_I_BT깡_전환_블트칩출시_혜택강조형_KR2_.릴스_모션.팀장님링크.__김소희_260729_제과_박서연,4,0,70.0,0
2026-08-01,[제과_블트하] 26.07_블트깡출시_수동_전환_image_전체타겟,0730_주변인정.혜택_블트칩출시,[26.07]F_I_BT혼_전환_블트칩출시_혜택강조형_KR2_.배너_다시는없습니다.__최나영_260730_제과_김수정,46,1,1513.0,0
2026-08-01,[제과_블트하] 26.07_블트깡출시_수동_전환_image_전체타겟,0730_주변인정.혜택_블트칩출시,[26.07]F_I_BT칩_전환_블트칩출시_혜택강조형_KR1_.배너_공지문.사과문.__최나영_260730_제과_김수정,10,1,99.0,0
2026-08-01,[제과_블트하] 26.07_블트깡출시_수동_전환_video_전체타겟,0731_풀리오BP_블트칩출시 (KR1),[26.08]F_V_BT혼_전환_블트칩출시_신규BP_풀리오BP.KR1_main.릴스_본론.남편.X_2P_최나영_260801_제과_이봄1,1420,28,45845.0,0
2026-08-01,(마스터ASC)[제과_블트하] 26.07_블트깡출시_ASC_전환_image,(마스터ASC)[제과_블트하] 26.07_블트깡출시_ASC_전환_image,[26.07]F_I_BT혼_전환_블트칩출시_혜택강조형_KR2_.배너_공지문.3분할.__김소희_260731_제과_김수정,129,3,1315.0,1
2026-08-02,[제과_블트하] 26.07_블트깡출시_수동_전환_video_전체타겟,(0725) 취식강조형_블트깡출시 (KR2) (미진님),[26.07]F_V_BT깡_전환_블트깡출시_취식강조형_먹방.KR2_var2.릴스_와인페어링.X_2P_김소희_260724_제과_이미진,3302,54,74279.0,8
2026-08-02,[칩] (마스터ASC)[제과_블트하] 26.07_블트칩출시_ASC_전환_image,[칩] (마스터ASC)[제과_블트하] 26.07_블트칩출시_ASC_전환_image,[26.07]F_I_BT칩_전환_블트칩출시_혜택강조형_KR2_.피드_주변인.집들이안주.확장__김소희_260727_제과_박서연,36,0,610.0,0
2026-08-02,[칩] (마스터ASC)[제과_블트하] 26.07_블트칩출시_ASC_전환_image,[칩] (마스터ASC)[제과_블트하] 26.07_블트칩출시_ASC_전환_image,[26.07]F_I_BT칩_전환_블트칩출시_바이럴형_KR1_.피드_남편인정.친구모임.확장__김소희_260727_제과_김수정,6,0,50.0,0
2026-08-02,[제과_블트하] 26.07_블트깡출시_수동_전환_image_전체타겟,주변인인정_블트칩출시 (KR2) (0728),[26.07]F_I_BT혼_전환_블트칩출시_혜택강조형_KR2_.피드_새로운맛도리.트민맘등극템..확장__김소희_260728_제과_박서연,257,1,3780.0,1
2026-08-02,[칩] (마스터ASC)[제과_블트하] 26.07_블트칩출시_ASC_전환_image,[칩] (마스터ASC)[제과_블트하] 26.07_블트칩출시_ASC_전환_image,[26.07]F_I_BT깡_전환_블트칩출시_혜택강조형__.릴스_비싼거때려넣음.__김소희_260729_제과_김수정,11,1,195.0,0
2026-08-02,[칩] (마스터ASC)[제과_블트하] 26.07_블트칩출시_ASC_전환_image,[칩] (마스터ASC)[제과_블트하] 26.07_블트칩출시_ASC_전환_image,[26.07]F_I_BT칩_전환_블트칩출시_혜택강조형_KR1_.릴스_지금쟁여야이득가격비교.__김소희_260729_제과_김수정,78,0,1471.0,0
2026-08-02,[제과_블트하] 26.07_블트깡출시_수동_전환_image_전체타겟,(혼합) 주변인상황_블트칩출시 (릴스형) (KR2) (0729),[26.07]F_I_BT혼_전환_블트칩출시_혜택강조형_KR2_.릴스_냄새맡고옆자리동료.__김소희_260729_제과_김수정,59,2,2391.0,0
2026-08-02,[칩] (마스터ASC)[제과_블트하] 26.07_블트칩출시_ASC_전환_image,[칩] (마스터ASC)[제과_블트하] 26.07_블트칩출시_ASC_전환_image,[26.07]F_I_BT깡_전환_블트칩출시_혜택강조형_KR2_.릴스_모션.팀장님링크.__김소희_260729_제과_박서연,12,0,150.0,0
2026-08-02,[제과_블트하] 26.07_블트깡출시_수동_전환_image_전체타겟,0730_주변인정.혜택_블트칩출시,[26.07]F_I_BT혼_전환_블트칩출시_혜택강조형_KR2_.배너_다시는없습니다.__최나영_260730_제과_김수정,892,17,13744.0,1
2026-08-02,(마스터ASC)[제과_블트하] 26.07_블트깡출시_ASC_전환_image,(마스터ASC)[제과_블트하] 26.07_블트깡출시_ASC_전환_image,[26.07]F_I_BT혼_전환_블트칩출시_혜택강조형_KR2_.배너_공지문.3분할.__김소희_260731_제과_김수정,321,5,3113.0,0
2026-08-03,[제과_블트하] 26.07_블트깡출시_수동_전환_video_전체타겟,0725_클룹BP_블트칩출시 (KR1),[26.07]F_V_BT혼_전환_블트칩출시_기타_클룹BP.KR1_var2.릴스_중국산.슬기.X_1P_최나영_260723_제과_피재은,1,0,3.0,0
2026-08-03,[제과_블트하] 26.07_블트깡출시_수동_전환_video_전체타겟,(0725) 취식강조형_블트깡출시 (KR2) (미진님),[26.07]F_V_BT깡_전환_블트깡출시_취식강조형_먹방.KR2_var2.릴스_와인페어링.X_2P_김소희_260724_제과_이미진,18367,250,344443.0,31
2026-08-03,[제과_블트하] 26.07_블트깡출시_수동_전환_image_전체타겟,0728_남편.인정소비_블트깡출시 (KR1),[26.07]F_I_BT칩_전환_블트칩출시_혜택강조형_KR1_.피드_초딩입맛우리남편.__김소희_260728_제과_김수정,20,0,619.0,0
2026-08-03,[제과_블트하] 26.07_블트깡출시_수동_전환_image_전체타겟,주변인인정_블트칩출시 (KR2) (0728),[26.07]F_I_BT혼_전환_블트칩출시_혜택강조형_KR2_.피드_새로운맛도리.트민맘등극템..확장__김소희_260728_제과_박서연,182,4,2926.0,0
2026-08-03,[칩] (마스터ASC)[제과_블트하] 26.07_블트칩출시_ASC_전환_image,[칩] (마스터ASC)[제과_블트하] 26.07_블트칩출시_ASC_전환_image,[26.07]F_I_BT깡_전환_블트칩출시_혜택강조형__.릴스_비싼거때려넣음.__김소희_260729_제과_김수정,135,3,2056.0,0
2026-08-03,[칩] (마스터ASC)[제과_블트하] 26.07_블트칩출시_ASC_전환_image,[칩] (마스터ASC)[제과_블트하] 26.07_블트칩출시_ASC_전환_image,[26.07]F_I_BT칩_전환_블트칩출시_혜택강조형_KR1_.릴스_지금쟁여야이득가격비교.__김소희_260729_제과_김수정,647,9,13111.0,3
2026-08-03,[제과_블트하] 26.07_블트깡출시_수동_전환_image_전체타겟,0730_주변인정.혜택_블트칩출시,[26.07]F_I_BT혼_전환_블트칩출시_혜택강조형_KR2_.배너_다시는없습니다.__최나영_260730_제과_김수정,792,10,14790.0,2
2026-08-03,(마스터ASC)[제과_블트하] 26.07_블트깡출시_ASC_전환_image,(마스터ASC)[제과_블트하] 26.07_블트깡출시_ASC_전환_image,[26.07]F_I_BT혼_전환_블트칩출시_혜택강조형_KR2_.배너_공지문.3분할.__김소희_260731_제과_김수정,130,1,1604.0,0
2026-07-30,[제과_블트하] 26.07_블트깡출시_수동_전환_image_전체타겟,0728_남편.인정소비_블트깡출시 (KR1),[26.07]F_I_BT칩_전환_블트칩출시_혜택강조형_KR1_.피드_초딩입맛인정최고안주.__김소희_260728_제과_김수정,124,0,2001.0,0
2026-07-30,[칩] (마스터ASC)[제과_블트하] 26.07_블트칩출시_ASC_전환_image,[칩] (마스터ASC)[제과_블트하] 26.07_블트칩출시_ASC_전환_image,[26.07]F_I_BT칩_전환_블트칩출시_혜택강조형_KR1_.릴스_지금이젤싸요가격비교.__김소희_260729_제과_김수정,827,13,17342.0,1
2026-07-30,(마스터ASC)[제과_블트하] 26.07_블트깡출시_ASC_전환_image,(마스터ASC)[제과_블트하] 26.07_블트깡출시_ASC_전환_image,[26.07]F_I_BT칩_전환_블트칩출시_혜택강조형_KR2_.배너_집들이때봉지뜯자마자.__최나영_260730_제과_김수정,19,0,194.0,0
2026-07-31,(마스터ASC)[제과_블트하] 26.07_블트깡출시_ASC_전환_image,(마스터ASC)[제과_블트하] 26.07_블트깡출시_ASC_전환_image,[26.07]F_I_BT칩_전환_블트칩출시_혜택강조형_KR2_.배너_집들이때봉지뜯자마자.__최나영_260730_제과_김수정,32,0,300.0,0
2026-08-01,[칩] (마스터ASC)[제과_블트하] 26.07_블트칩출시_ASC_전환_image,[칩] (마스터ASC)[제과_블트하] 26.07_블트칩출시_ASC_전환_image,[26.07]F_I_BT깡_전환_블트깡출시_바이럴형_KR1_.피드_남편인정.맥주한잔.확장__김소희_260727_제과_김수정,131,3,2595.0,1
2026-08-01,[칩] (마스터ASC)[제과_블트하] 26.07_블트칩출시_ASC_전환_image,[칩] (마스터ASC)[제과_블트하] 26.07_블트칩출시_ASC_전환_image,[26.07]F_I_BT혼_전환_블트칩출시_혜택강조형_KR1_.피드_마감임박안내.__김소희_260728_제과_김수정,3,0,9.0,0
2026-08-01,(마스터ASC)[제과_블트하] 26.07_블트깡출시_ASC_전환_image,(마스터ASC)[제과_블트하] 26.07_블트깡출시_ASC_전환_image,[26.07]F_I_BT칩_전환_블트칩출시_혜택강조형_KR2_.배너_집들이때봉지뜯자마자.__최나영_260730_제과_김수정,12,0,132.0,0
2026-08-02,[제과_블트하] 26.07_블트깡출시_수동_전환_video_전체타겟,BP이식형_블트깡출시 (KR1),[26.07]F_V_BT깡_전환_블트깡출시_쩜오건_리액션과장.KR1_var2.릴스_SNS.제품후킹.X_1P_김소희_260715_제과_문형민,1349,12,22483.0,2
2026-08-02,[칩] (마스터ASC)[제과_블트하] 26.07_블트칩출시_ASC_전환_image,[칩] (마스터ASC)[제과_블트하] 26.07_블트칩출시_ASC_전환_image,[26.07]F_I_BT깡_전환_블트깡출시_바이럴형_KR1_.피드_남편인정.맥주한잔.확장__김소희_260727_제과_김수정,14,0,138.0,0
2026-08-03,[제과_블트하] 26.07_블트깡출시_수동_전환_video_전체타겟,BP이식형_블트깡출시 (KR1),[26.07]F_V_BT깡_전환_블트깡출시_쩜오건_리액션과장.KR1_var2.릴스_SNS.제품후킹.X_1P_김소희_260715_제과_문형민,166,0,2756.0,0
2026-08-03,[칩] (마스터ASC)[제과_블트하] 26.07_블트칩출시_ASC_전환_image,[칩] (마스터ASC)[제과_블트하] 26.07_블트칩출시_ASC_전환_image,[26.07]F_I_BT깡_전환_블트깡출시_바이럴형_KR1_.피드_남편인정.맥주한잔.확장__김소희_260727_제과_김수정,11,0,223.0,1
2026-08-03,[칩] (마스터ASC)[제과_블트하] 26.07_블트칩출시_ASC_전환_image,[칩] (마스터ASC)[제과_블트하] 26.07_블트칩출시_ASC_전환_image,[26.07]F_I_BT혼_전환_블트칩출시_혜택강조형_KR1_.피드_마감임박안내.__김소희_260728_제과_김수정,5,0,65.0,0
2026-08-03,[제과_블트하] 26.07_블트깡출시_수동_전환_image_전체타겟,0728_남편.인정소비_블트깡출시 (KR1),[26.07]F_I_BT칩_전환_블트칩출시_혜택강조형_KR1_.피드_초딩입맛인정최고안주.__김소희_260728_제과_김수정,38,1,755.0,0
2026-08-03,(마스터ASC)[제과_블트하] 26.07_블트깡출시_ASC_전환_image,(마스터ASC)[제과_블트하] 26.07_블트깡출시_ASC_전환_image,[26.07]F_I_BT칩_전환_블트칩출시_혜택강조형_KR2_.배너_집들이때봉지뜯자마자.__최나영_260730_제과_김수정,20,0,228.0,0
2026-07-30,(마스터ASC)[제과_콘스프맛 팝콘] 26.05_콘스프맛팝콘출시_ASC_전환_video,(마스터ASC)[콘스프맛 팝콘] 26.05_콘스프맛팝콘출시_ASC_전환_video,[26.06]F_V_PC콘_전환_팝콘더블특가_문제공감형_삼팔당땡BP.다이어트_main.릴스_메인.추가건PJ_1P_최나영_260626_제과_피재은,45,1,942.0,0
2026-07-30,(마스터ASC)[제과_블트하] 26.07_블트깡출시_ASC_전환_video,(마스터ASC)[제과_블트하] 26.07_블트깡출시_ASC_전환_video,[26.07]F_V_BT깡_전환_블트깡출시_쩜오건_대세감실체.KR1_var2.릴스_여배우유튜브.X_1P_김소희_260715_제과_문형민,16,0,279.0,0
2026-07-30,[제과_블트하] 26.07_블트깡출시_수동_전환_image_전체타겟,0728_남편.인정소비_블트깡출시 (KR1),[26.07]F_I_BT깡_전환_블트깡출시_바이럴형_KR1_.릴스_맘카페페르소나.지면테스트.애들이랑같이먹기좋은.검증__김소희_260721_제과_김수정,63,1,1952.0,0
2026-07-30,[제과_블트하] 26.07_블트깡출시_수동_전환_video_전체타겟,(0725) 지인네고형_블트깡출시 (KR2) (재은님),[26.07]F_V_BT깡_전환_블트깡출시_네고형_지인네고형.KR2_main.릴스_메인.슬기.X_1P_최나영_260724_제과_피재은,40565,1098,1274210.0,111
2026-07-30,[제과_블트하] 26.07_블트깡출시_수동_전환_image_전체타겟,0728_남편.인정소비_블트깡출시 (KR1),[26.07]F_I_BT혼_전환_블트칩출시_혜택강조형_KR1_.피드_쌀때쟁이세요.__김소희_260728_제과_김수정,164,3,4619.0,0
2026-07-30,[제과_블트하] 26.07_블트깡출시_수동_전환_image_전체타겟,(혼합) 남편페르소나_블트칩출시(릴스형) (KR1) (0729),[26.07]F_I_BT깡_전환_블트칩출시_혜택강조형_KR1_.릴스_군것질안하던남편.__김소희_260729_제과_김수정,490,8,9545.0,1
2026-07-30,[제과_블트하] 26.07_블트깡출시_수동_전환_image_전체타겟,0730_주변인정.혜택_블트칩출시,[26.07]F_I_BT칩_전환_블트칩출시_혜택강조형_KR2_.배너_캠핑장에서.__최나영_260730_제과_김수정,8,0,96.0,0
2026-07-31,(마스터ASC)[제과_블트하] 26.07_블트깡출시_ASC_전환_video,(마스터ASC)[제과_블트하] 26.07_블트깡출시_ASC_전환_video,[26.07]F_V_BT깡_전환_블트깡출시_쩜오건_대세감실체.KR1_var2.릴스_여배우유튜브.X_1P_김소희_260715_제과_문형민,7,0,123.0,0
2026-07-31,[제과_블트하] 26.07_블트깡출시_수동_전환_image_전체타겟,0728_남편.인정소비_블트깡출시 (KR1),[26.07]F_I_BT깡_전환_블트깡출시_바이럴형_KR1_.릴스_맘카페페르소나.지면테스트.애들이랑같이먹기좋은.검증__김소희_260721_제과_김수정,96,0,2048.0,0
2026-07-31,[제과_블트하] 26.07_블트깡출시_수동_전환_video_전체타겟,(0725) 지인네고형_블트깡출시 (KR2) (재은님),[26.07]F_V_BT깡_전환_블트깡출시_네고형_지인네고형.KR2_main.릴스_메인.슬기.X_1P_최나영_260724_제과_피재은,98127,2198,2455943.0,189
2026-07-31,[제과_블트하] 26.07_블트깡출시_수동_전환_image_전체타겟,0728_남편.인정소비_블트깡출시 (KR1),[26.07]F_I_BT혼_전환_블트칩출시_혜택강조형_KR1_.피드_쌀때쟁이세요.__김소희_260728_제과_김수정,6,0,88.0,0
2026-07-31,[제과_블트하] 26.07_블트깡출시_수동_전환_image_전체타겟,(혼합) 남편페르소나_블트칩출시(릴스형) (KR1) (0729),[26.07]F_I_BT깡_전환_블트칩출시_혜택강조형_KR1_.릴스_군것질안하던남편.__김소희_260729_제과_김수정,832,14,16894.0,2
2026-07-31,[제과_블트하] 26.07_블트깡출시_수동_전환_image_전체타겟,0730_주변인정.혜택_블트칩출시,[26.07]F_I_BT칩_전환_블트칩출시_혜택강조형_KR2_.배너_캠핑장에서.__최나영_260730_제과_김수정,35,1,700.0,0
2026-07-31,(마스터ASC)[제과_블트하] 26.07_블트깡출시_ASC_전환_image,(마스터ASC)[제과_블트하] 26.07_블트깡출시_ASC_전환_image,[26.07]F_I_BT혼_전환_블트칩출시_혜택강조형_KR1_.배너_공지문.정가돌아가요.__김소희_260731_제과_김수정,2,0,82.0,0
2026-08-01,[제과_블트하] 26.07_블트깡출시_수동_전환_image_전체타겟,0728_남편.인정소비_블트깡출시 (KR1),[26.07]F_I_BT깡_전환_블트깡출시_바이럴형_KR1_.릴스_맘카페페르소나.지면테스트.애들이랑같이먹기좋은.검증__김소희_260721_제과_김수정,4,0,99.0,0
2026-08-01,[제과_블트하] 26.07_블트깡출시_수동_전환_video_전체타겟,(0725) 지인네고형_블트깡출시 (KR2) (재은님),[26.07]F_V_BT깡_전환_블트깡출시_네고형_지인네고형.KR2_main.릴스_메인.슬기.X_1P_최나영_260724_제과_피재은,61557,1656,1382596.0,106
2026-08-01,[제과_블트하] 26.07_블트깡출시_수동_전환_image_전체타겟,(혼합) 남편페르소나_블트칩출시(릴스형) (KR1) (0729),[26.07]F_I_BT깡_전환_블트칩출시_혜택강조형_KR1_.릴스_군것질안하던남편.__김소희_260729_제과_김수정,3132,41,77199.0,3
2026-08-01,[제과_블트하] 26.07_블트깡출시_수동_전환_image_전체타겟,0730_주변인정.혜택_블트칩출시,[26.07]F_I_BT칩_전환_블트칩출시_혜택강조형_KR2_.배너_캠핑장에서.__최나영_260730_제과_김수정,6,0,63.0,0
2026-08-01,(마스터ASC)[제과_블트하] 26.07_블트깡출시_ASC_전환_image,(마스터ASC)[제과_블트하] 26.07_블트깡출시_ASC_전환_image,[26.07]F_I_BT혼_전환_블트칩출시_혜택강조형_KR1_.배너_공지문.정가돌아가요.__김소희_260731_제과_김수정,534,12,13447.0,0
2026-08-02,[제과_블트하] 26.07_블트깡출시_수동_전환_image_전체타겟,0728_남편.인정소비_블트깡출시 (KR1),[26.07]F_I_BT깡_전환_블트깡출시_바이럴형_KR1_.릴스_맘카페페르소나.지면테스트.애들이랑같이먹기좋은.검증__김소희_260721_제과_김수정,184,3,5358.0,1
2026-08-02,[제과_블트하] 26.07_블트깡출시_수동_전환_video_전체타겟,(0725) 지인네고형_블트깡출시 (KR2) (재은님),[26.07]F_V_BT깡_전환_블트깡출시_네고형_지인네고형.KR2_main.릴스_메인.슬기.X_1P_최나영_260724_제과_피재은,93125,2350,2312910.0,179
2026-08-02,[제과_블트하] 26.07_블트깡출시_수동_전환_image_전체타겟,0730_주변인정.혜택_블트칩출시,[26.07]F_I_BT칩_전환_블트칩출시_혜택강조형_KR2_.배너_캠핑장에서.__최나영_260730_제과_김수정,42,0,1229.0,0
2026-08-02,(마스터ASC)[제과_블트하] 26.07_블트깡출시_ASC_전환_image,(마스터ASC)[제과_블트하] 26.07_블트깡출시_ASC_전환_image,[26.07]F_I_BT혼_전환_블트칩출시_혜택강조형_KR1_.배너_공지문.정가돌아가요.__김소희_260731_제과_김수정,1205,24,33301.0,1
2026-08-03,(마스터ASC)[제과_블트하] 26.07_블트깡출시_ASC_전환_video,(마스터ASC)[제과_블트하] 26.07_블트깡출시_ASC_전환_video,[26.07]F_V_BT깡_전환_블트깡출시_쩜오건_대세감실체.KR1_var2.릴스_여배우유튜브.X_1P_김소희_260715_제과_문형민,5,0,48.0,0
2026-08-03,[제과_블트하] 26.07_블트깡출시_수동_전환_image_전체타겟,0728_남편.인정소비_블트깡출시 (KR1),[26.07]F_I_BT깡_전환_블트깡출시_바이럴형_KR1_.릴스_맘카페페르소나.지면테스트.애들이랑같이먹기좋은.검증__김소희_260721_제과_김수정,194,1,6051.0,0
2026-08-03,[제과_블트하] 26.07_블트깡출시_수동_전환_video_전체타겟,(0725) 지인네고형_블트깡출시 (KR2) (재은님),[26.07]F_V_BT깡_전환_블트깡출시_네고형_지인네고형.KR2_main.릴스_메인.슬기.X_1P_최나영_260724_제과_피재은,7213,199,180571.0,13
2026-08-03,[제과_블트하] 26.07_블트깡출시_수동_전환_image_전체타겟,0728_남편.인정소비_블트깡출시 (KR1),[26.07]F_I_BT혼_전환_블트칩출시_혜택강조형_KR1_.피드_쌀때쟁이세요.__김소희_260728_제과_김수정,22,0,489.0,0
2026-07-30,[칩] (마스터ASC)[제과_블트하] 26.07_블트칩출시_ASC_전환_image,[칩] (마스터ASC)[제과_블트하] 26.07_블트칩출시_ASC_전환_image,[26.07]F_I_BT깡_전환_블트칩출시_혜택강조형_KR1_.피드_우리가족잘산템.__김소희_260728_제과_김수정,1,0,15.0,0
2026-07-30,[칩] (마스터ASC)[제과_블트하] 26.07_블트칩출시_ASC_전환_image,[칩] (마스터ASC)[제과_블트하] 26.07_블트칩출시_ASC_전환_image,[26.07]F_I_BT깡_전환_블트칩출시_혜택강조형_KR2_.피드_팀장님맛잘알등극템..확장__김소희_260728_제과_박서연,38,0,448.0,0
2026-07-30,[칩] (마스터ASC)[제과_블트하] 26.07_블트칩출시_ASC_전환_image,[칩] (마스터ASC)[제과_블트하] 26.07_블트칩출시_ASC_전환_image,[26.07]F_I_BT혼_전환_블트칩출시_혜택강조형_KR2_.피드_새로운맛도리.트민맘등극템..확장__김소희_260728_제과_박서연,106,1,1625.0,0
2026-07-30,[제과_블트하] 26.07_블트깡출시_수동_전환_video_전체타겟,쩜오건_블트깡출시 (KR1) (0729),[26.07]F_V_BT깡_전환_블트깡출시_쩜오건_BP1.KR1_var1.릴스_var1.슬기.X_1P_김소희_260729_제과_피재은,1720,21,33493.0,0
2026-07-30,[제과_블트하] 26.07_블트깡출시_수동_전환_image_전체타겟,(혼합) 남편페르소나_블트칩출시(릴스형) (KR1) (0729),[26.07]F_I_BT깡_전환_블트칩출시_혜택강조형__.릴스_비싼거때려넣음.__김소희_260729_제과_김수정,49,1,1029.0,0
2026-07-30,[제과_블트하] 26.07_블트깡출시_수동_전환_image_전체타겟,0730_주변인정.혜택_블트칩출시,[26.07]F_I_BT칩_전환_블트칩출시_혜택강조형_KR2_.배너_집들이때봉지뜯자마자.__최나영_260730_제과_김수정,3,0,17.0,0
2026-07-31,[제과_블트하] 26.07_블트깡출시_수동_전환_video_전체타겟,BP이식형2_블트깡출시 (KR1/2),[26.07]F_V_BT깡_전환_블트깡출시_쩜오건_맛조합맥주.KR1_main.릴스_제품후킹.X_1P_김소희_260715_제과_문형민,1,0,6.0,0
2026-07-31,[제과_블트하] 26.07_블트깡출시_수동_전환_image_전체타겟,[혼합] 남편상황연출_블트칩출시 (KR1) (0727),[26.07]F_I_BT칩_전환_블트칩출시_바이럴형_KR1_.피드_남편인정.야구장.확장__김소희_260727_제과_김수정,43,1,627.0,0
2026-07-31,[칩] (마스터ASC)[제과_블트하] 26.07_블트칩출시_ASC_전환_image,[칩] (마스터ASC)[제과_블트하] 26.07_블트칩출시_ASC_전환_image,[26.07]F_I_BT혼_전환_블트칩출시_혜택강조형_KR1_.피드_남편.맥주안주.확장__김소희_260727_제과_박지현,4,0,40.0,0
2026-07-31,[칩] (마스터ASC)[제과_블트하] 26.07_블트칩출시_ASC_전환_image,[칩] (마스터ASC)[제과_블트하] 26.07_블트칩출시_ASC_전환_image,[26.07]F_I_BT깡_전환_블트칩출시_혜택강조형_KR1_.피드_고급진감칠맛폭발.__김소희_260728_제과_김수정,12,0,78.0,0
2026-07-31,[칩] (마스터ASC)[제과_블트하] 26.07_블트칩출시_ASC_전환_image,[칩] (마스터ASC)[제과_블트하] 26.07_블트칩출시_ASC_전환_image,[26.07]F_I_BT깡_전환_블트칩출시_혜택강조형_KR2_.피드_팀장님맛잘알등극템..확장__김소희_260728_제과_박서연,26,0,268.0,0
2026-07-31,[칩] (마스터ASC)[제과_블트하] 26.07_블트칩출시_ASC_전환_image,[칩] (마스터ASC)[제과_블트하] 26.07_블트칩출시_ASC_전환_image,[26.07]F_I_BT혼_전환_블트칩출시_혜택강조형_KR2_.피드_새로운맛도리.트민맘등극템..확장__김소희_260728_제과_박서연,327,2,5915.0,0
2026-07-31,[제과_블트하] 26.07_블트깡출시_수동_전환_video_전체타겟,쩜오건_블트깡출시 (KR1) (0729),[26.07]F_V_BT깡_전환_블트깡출시_쩜오건_BP1.KR1_var1.릴스_var1.슬기.X_1P_김소희_260729_제과_피재은,460,5,9455.0,0
2026-07-31,[제과_블트하] 26.07_블트깡출시_수동_전환_image_전체타겟,(혼합) 남편페르소나_블트칩출시(릴스형) (KR1) (0729),[26.07]F_I_BT깡_전환_블트칩출시_혜택강조형__.릴스_비싼거때려넣음.__김소희_260729_제과_김수정,17,0,287.0,0
2026-07-31,[제과_블트하] 26.07_블트깡출시_수동_전환_image_전체타겟,(혼합) 주변인상황_블트칩출시 (릴스형) (KR2) (0729),[26.07]F_I_BT칩_전환_블트칩출시_혜택강조형_KR2_.릴스_안다르bp.맛잘알인정받는집들이안주.__김소희_260729_제과_박서연,121,3,2494.0,0
2026-07-31,[제과_블트하] 26.07_블트깡출시_수동_전환_image_전체타겟,0730_주변인정.혜택_블트칩출시,[26.07]F_I_BT칩_전환_블트칩출시_혜택강조형_KR2_.배너_집들이때봉지뜯자마자.__최나영_260730_제과_김수정,44,1,451.0,0
2026-07-31,[제과_블트하] 26.07_블트깡출시_수동_전환_video_전체타겟,0731_풀리오BP_블트칩출시 (KR1),[26.08]F_V_BT혼_전환_블트칩출시_신규BP_풀리오BP.KR1_var1.릴스_내부BP후킹.남편.X_2P_최나영_260801_제과_이봄1,98,0,2335.0,0
2026-07-31,[제과_블트하] 26.07_블트깡출시_수동_전환_image_전체타겟,0731_주변인.혜택위계_블트칩출시,[26.07]F_I_BT깡_전환_블트칩출시_혜택강조형_KR2_.배너_가격때문에안사고.__김소희_260731_제과_김수정,191,0,3961.0,0
2026-08-01,[칩] (마스터ASC)[제과_블트하] 26.07_블트칩출시_ASC_전환_image,[칩] (마스터ASC)[제과_블트하] 26.07_블트칩출시_ASC_전환_image,[26.07]F_I_BT깡_전환_블트깡출시_바이럴형_KR1_.피드_남편인정.회사.확장__김소희_260727_제과_김수정,140,5,2088.0,0
2026-08-01,[칩] (마스터ASC)[제과_블트하] 26.07_블트칩출시_ASC_전환_image,[칩] (마스터ASC)[제과_블트하] 26.07_블트칩출시_ASC_전환_image,[26.07]F_I_BT깡_전환_블트칩출시_혜택강조형_KR1_.피드_우리가족잘산템.__김소희_260728_제과_김수정,2,0,10.0,0
2026-08-01,[칩] (마스터ASC)[제과_블트하] 26.07_블트칩출시_ASC_전환_image,[칩] (마스터ASC)[제과_블트하] 26.07_블트칩출시_ASC_전환_image,[26.07]F_I_BT깡_전환_블트칩출시_혜택강조형_KR2_.피드_팀장님맛잘알등극템..확장__김소희_260728_제과_박서연,167,1,2178.0,1
2026-08-01,[칩] (마스터ASC)[제과_블트하] 26.07_블트칩출시_ASC_전환_image,[칩] (마스터ASC)[제과_블트하] 26.07_블트칩출시_ASC_전환_image,[26.07]F_I_BT혼_전환_블트칩출시_혜택강조형_KR2_.피드_새로운맛도리.트민맘등극템..확장__김소희_260728_제과_박서연,368,3,5547.0,0
2026-08-01,[제과_블트하] 26.07_블트깡출시_수동_전환_image_전체타겟,(혼합) 남편페르소나_블트칩출시(릴스형) (KR1) (0729),[26.07]F_I_BT깡_전환_블트칩출시_혜택강조형__.릴스_비싼거때려넣음.__김소희_260729_제과_김수정,2,0,12.0,0
2026-08-01,[제과_블트하] 26.07_블트깡출시_수동_전환_image_전체타겟,(혼합) 주변인상황_블트칩출시 (릴스형) (KR2) (0729),[26.07]F_I_BT칩_전환_블트칩출시_혜택강조형_KR2_.릴스_안다르bp.맛잘알인정받는집들이안주.__김소희_260729_제과_박서연,4,0,72.0,0
2026-08-01,[제과_블트하] 26.07_블트깡출시_수동_전환_image_전체타겟,0730_주변인정.혜택_블트칩출시,[26.07]F_I_BT칩_전환_블트칩출시_혜택강조형_KR2_.배너_집들이때봉지뜯자마자.__최나영_260730_제과_김수정,10,0,66.0,0
2026-08-01,[제과_블트하] 26.07_블트깡출시_수동_전환_video_전체타겟,0731_풀리오BP_블트칩출시 (KR1),[26.08]F_V_BT혼_전환_블트칩출시_신규BP_풀리오BP.KR1_var1.릴스_내부BP후킹.남편.X_2P_최나영_260801_제과_이봄1,8,1,212.0,0
2026-08-01,[제과_블트하] 26.07_블트깡출시_수동_전환_image_전체타겟,0731_주변인.혜택위계_블트칩출시,[26.07]F_I_BT깡_전환_블트칩출시_혜택강조형_KR2_.배너_가격때문에안사고.__김소희_260731_제과_김수정,215,1,3479.0,0
2026-08-02,[제과_블트하] 26.07_블트깡출시_수동_전환_video_전체타겟,BP이식형2_블트깡출시 (KR1/2),[26.07]F_V_BT깡_전환_블트깡출시_쩜오건_맛조합맥주.KR1_main.릴스_제품후킹.X_1P_김소희_260715_제과_문형민,182,4,5681.0,0
2026-08-02,[칩] (마스터ASC)[제과_블트하] 26.07_블트칩출시_ASC_전환_image,[칩] (마스터ASC)[제과_블트하] 26.07_블트칩출시_ASC_전환_image,[26.07]F_I_BT깡_전환_블트깡출시_바이럴형_KR1_.피드_남편인정.회사.확장__김소희_260727_제과_김수정,89,2,1509.0,0
2026-08-02,[칩] (마스터ASC)[제과_블트하] 26.07_블트칩출시_ASC_전환_image,[칩] (마스터ASC)[제과_블트하] 26.07_블트칩출시_ASC_전환_image,[26.07]F_I_BT깡_전환_블트칩출시_혜택강조형_KR1_.피드_고급진감칠맛폭발.__김소희_260728_제과_김수정,4,0,12.0,0
2026-08-02,[칩] (마스터ASC)[제과_블트하] 26.07_블트칩출시_ASC_전환_image,[칩] (마스터ASC)[제과_블트하] 26.07_블트칩출시_ASC_전환_image,[26.07]F_I_BT깡_전환_블트칩출시_혜택강조형_KR2_.피드_팀장님맛잘알등극템..확장__김소희_260728_제과_박서연,172,2,2557.0,0
2026-08-02,[칩] (마스터ASC)[제과_블트하] 26.07_블트칩출시_ASC_전환_image,[칩] (마스터ASC)[제과_블트하] 26.07_블트칩출시_ASC_전환_image,[26.07]F_I_BT혼_전환_블트칩출시_혜택강조형_KR2_.피드_새로운맛도리.트민맘등극템..확장__김소희_260728_제과_박서연,125,0,1411.0,0
2026-08-02,[제과_블트하] 26.07_블트깡출시_수동_전환_image_전체타겟,(혼합) 주변인상황_블트칩출시 (릴스형) (KR2) (0729),[26.07]F_I_BT칩_전환_블트칩출시_혜택강조형_KR2_.릴스_안다르bp.맛잘알인정받는집들이안주.__김소희_260729_제과_박서연,14,0,225.0,0
2026-08-02,[제과_블트하] 26.07_블트깡출시_수동_전환_image_전체타겟,0730_주변인정.혜택_블트칩출시,[26.07]F_I_BT칩_전환_블트칩출시_혜택강조형_KR2_.배너_집들이때봉지뜯자마자.__최나영_260730_제과_김수정,88,0,1611.0,0
2026-08-02,[제과_블트하] 26.07_블트깡출시_수동_전환_image_전체타겟,0731_주변인.혜택위계_블트칩출시,[26.07]F_I_BT깡_전환_블트칩출시_혜택강조형_KR2_.배너_가격때문에안사고.__김소희_260731_제과_김수정,1227,26,24142.0,4
2026-08-03,[제과_블트하] 26.07_블트깡출시_수동_전환_video_전체타겟,BP이식형2_블트깡출시 (KR1/2),[26.07]F_V_BT깡_전환_블트깡출시_쩜오건_맛조합맥주.KR1_main.릴스_제품후킹.X_1P_김소희_260715_제과_문형민,52,2,1133.0,0
2026-08-03,[칩] (마스터ASC)[제과_블트하] 26.07_블트칩출시_ASC_전환_image,[칩] (마스터ASC)[제과_블트하] 26.07_블트칩출시_ASC_전환_image,[26.07]F_I_BT깡_전환_블트깡출시_바이럴형_KR1_.피드_남편인정.회사.확장__김소희_260727_제과_김수정,325,2,4480.0,1
2026-08-03,[칩] (마스터ASC)[제과_블트하] 26.07_블트칩출시_ASC_전환_image,[칩] (마스터ASC)[제과_블트하] 26.07_블트칩출시_ASC_전환_image,[26.07]F_I_BT혼_전환_블트칩출시_혜택강조형_KR1_.피드_남편.맥주안주.확장__김소희_260727_제과_박지현,178,3,2741.0,1
2026-08-03,[칩] (마스터ASC)[제과_블트하] 26.07_블트칩출시_ASC_전환_image,[칩] (마스터ASC)[제과_블트하] 26.07_블트칩출시_ASC_전환_image,[26.07]F_I_BT깡_전환_블트칩출시_혜택강조형_KR1_.피드_우리가족잘산템.__김소희_260728_제과_김수정,17,0,154.0,0
2026-08-03,[칩] (마스터ASC)[제과_블트하] 26.07_블트칩출시_ASC_전환_image,[칩] (마스터ASC)[제과_블트하] 26.07_블트칩출시_ASC_전환_image,[26.07]F_I_BT깡_전환_블트칩출시_혜택강조형_KR2_.피드_팀장님맛잘알등극템..확장__김소희_260728_제과_박서연,830,5,10423.0,0
2026-08-03,[칩] (마스터ASC)[제과_블트하] 26.07_블트칩출시_ASC_전환_image,[칩] (마스터ASC)[제과_블트하] 26.07_블트칩출시_ASC_전환_image,[26.07]F_I_BT혼_전환_블트칩출시_혜택강조형_KR2_.피드_새로운맛도리.트민맘등극템..확장__김소희_260728_제과_박서연,182,2,2105.0,0
2026-08-03,[제과_블트하] 26.07_블트깡출시_수동_전환_image_전체타겟,0730_주변인정.혜택_블트칩출시,[26.07]F_I_BT칩_전환_블트칩출시_혜택강조형_KR2_.배너_집들이때봉지뜯자마자.__최나영_260730_제과_김수정,1,0,127.0,0
2026-08-03,[제과_블트하] 26.07_블트깡출시_수동_전환_image_전체타겟,0731_주변인.혜택위계_블트칩출시,[26.07]F_I_BT깡_전환_블트칩출시_혜택강조형_KR2_.배너_가격때문에안사고.__김소희_260731_제과_김수정,1615,20,30072.0,2
2026-07-30,(마스터ASC)[제과_콘스프맛 팝콘] 26.05_콘스프맛팝콘출시_ASC_전환_video,(마스터ASC)[콘스프맛 팝콘] 26.05_콘스프맛팝콘출시_ASC_전환_video,[26.07]F_V_PC콘_전환_팝콘할인페스타_네고형_공구네고형.다이어트_var1.릴스_숏버전.슬기.X_1P_김소희_260702_제과_강경연,9037,146,194972.0,8
2026-07-30,[제과_블트하] 26.07_블트깡출시_수동_전환_image_전체타겟,(시리즈) 맘카페&혜택강조형_블트칩출시 (KR1) (0723),[26.07]F_I_BT혼_전환_블트칩출시_혜택강조형_KR1_.배너_편의점안내문.재입고미정.확장__김소희_260723_제과_김수정,3204,84,93423.0,9
2026-07-30,[제과_블트하] 26.07_블트깡출시_수동_전환_image_전체타겟,[혼합] 주변인 상황연출_블트칩출시 (KR2) (0727),[26.07]F_I_BT칩_전환_블트칩출시_혜택강조형_KR2_.피드_주변인.집들이.확장__김소희_260727_제과_박지현,21584,329,496191.0,40
2026-07-30,[제과_블트하] 26.07_블트깡출시_수동_전환_image_전체타겟,0728_남편.인정소비_블트깡출시 (KR1),[26.07]F_I_BT깡_전환_블트칩출시_혜택강조형_KR1_.피드_우리가족잘산템.__김소희_260728_제과_김수정,239,3,4152.0,1
2026-07-30,[칩] (마스터ASC)[제과_블트하] 26.07_블트칩출시_ASC_전환_image,[칩] (마스터ASC)[제과_블트하] 26.07_블트칩출시_ASC_전환_image,[26.07]F_I_BT칩_전환_블트칩출시_혜택강조형_KR2_.피드_아빠엄지척..확장__김소희_260728_제과_박서연,25,0,450.0,0
2026-07-30,(마스터ASC)[제과_블트하] 26.07_블트깡출시_ASC_전환_video,(마스터ASC)[제과_블트하] 26.07_블트깡출시_ASC_전환_video,[26.07]F_V_BT깡_전환_블트깡출시_쩜오건_BP2.KR1_var1.릴스_var1.슬기.X_1P_김소희_260729_제과_피재은,578,9,14307.0,1
2026-07-30,[제과_블트하] 26.07_블트깡출시_수동_전환_image_전체타겟,(혼합) 주변인상황_블트칩출시 (릴스형) (KR2) (0729),[26.07]F_I_BT칩_전환_블트칩출시_혜택강조형_KR2_.릴스_안다르bp.이가격다신안와요.__김소희_260729_제과_박서연,155,1,5116.0,0
2026-07-30,[칩] (마스터ASC)[제과_블트하] 26.07_블트칩출시_ASC_전환_image,[칩] (마스터ASC)[제과_블트하] 26.07_블트칩출시_ASC_전환_image,[26.07]F_I_BT칩_전환_블트칩출시_혜택강조형_KR2_.릴스_모션.사무실맛잘알.__김소희_260729_제과_박서연,64,0,1572.0,0
2026-07-30,[칩] (마스터ASC)[제과_블트하] 26.07_블트칩출시_ASC_전환_image,[칩] (마스터ASC)[제과_블트하] 26.07_블트칩출시_ASC_전환_image,[26.07]F_I_BT칩_전환_블트칩출시_혜택강조형_KR2_.릴스_안다르bp.지금이젤싸요.__김소희_260729_제과_박서연,50,2,961.0,0
2026-07-31,[제과_블트하] 26.07_블트깡출시_수동_전환_image_전체타겟,(시리즈) 맘카페&혜택강조형_블트칩출시 (KR1) (0723),[26.07]F_I_BT혼_전환_블트칩출시_혜택강조형_KR1_.배너_편의점안내문.재입고미정.확장__김소희_260723_제과_김수정,1467,31,37878.0,2
2026-07-31,[제과_블트하] 26.07_블트깡출시_수동_전환_image_전체타겟,(혼합) 주변인상황_블트칩출시 (릴스형) (KR2) (0729),[26.07]F_I_BT칩_전환_블트칩출시_혜택강조형_KR2_.릴스_상황연출.배너형.육퇴.확장__김소희_260724_제과_김수정,212,2,7928.0,0
2026-07-31,[제과_블트하] 26.07_블트깡출시_수동_전환_image_전체타겟,[혼합] 주변인 상황연출_블트칩출시 (KR2) (0727),[26.07]F_I_BT칩_전환_블트칩출시_혜택강조형_KR2_.피드_주변인.집들이.확장__김소희_260727_제과_박지현,1476,21,36428.0,5
2026-07-31,[제과_블트하] 26.07_블트깡출시_수동_전환_image_전체타겟,0728_남편.인정소비_블트깡출시 (KR1),[26.07]F_I_BT깡_전환_블트칩출시_혜택강조형_KR1_.피드_우리가족잘산템.__김소희_260728_제과_김수정,4,0,25.0,0
2026-07-31,[칩] (마스터ASC)[제과_블트하] 26.07_블트칩출시_ASC_전환_image,[칩] (마스터ASC)[제과_블트하] 26.07_블트칩출시_ASC_전환_image,[26.07]F_I_BT칩_전환_블트칩출시_혜택강조형_KR2_.피드_아빠엄지척..확장__김소희_260728_제과_박서연,3,0,194.0,0
2026-07-31,(마스터ASC)[제과_블트하] 26.07_블트깡출시_ASC_전환_video,(마스터ASC)[제과_블트하] 26.07_블트깡출시_ASC_전환_video,[26.07]F_V_BT깡_전환_블트깡출시_쩜오건_BP2.KR1_var1.릴스_var1.슬기.X_1P_김소희_260729_제과_피재은,114,0,2194.0,0
2026-07-31,[제과_블트하] 26.07_블트깡출시_수동_전환_image_전체타겟,(혼합) 주변인상황_블트칩출시 (릴스형) (KR2) (0729),[26.07]F_I_BT칩_전환_블트칩출시_혜택강조형_KR2_.릴스_안다르bp.이가격다신안와요.__김소희_260729_제과_박서연,1070,18,33277.0,0
2026-07-31,[칩] (마스터ASC)[제과_블트하] 26.07_블트칩출시_ASC_전환_image,[칩] (마스터ASC)[제과_블트하] 26.07_블트칩출시_ASC_전환_image,[26.07]F_I_BT칩_전환_블트칩출시_혜택강조형_KR2_.릴스_모션.사무실맛잘알.__김소희_260729_제과_박서연,9,0,104.0,0
2026-07-31,[칩] (마스터ASC)[제과_블트하] 26.07_블트칩출시_ASC_전환_image,[칩] (마스터ASC)[제과_블트하] 26.07_블트칩출시_ASC_전환_image,[26.07]F_I_BT칩_전환_블트칩출시_혜택강조형_KR2_.릴스_안다르bp.지금이젤싸요.__김소희_260729_제과_박서연,660,12,11681.0,0
2026-07-31,[제과_블트하] 26.07_블트깡출시_수동_전환_image_전체타겟,0730_주변인정.혜택_블트칩출시,[26.07]F_I_BT칩_전환_블트칩출시_혜택강조형_KR1_.배너_모임갈때마다.__최나영_260730_제과_김수정,20,1,143.0,0
2026-07-31,[제과_블트하] 26.07_블트깡출시_수동_전환_video_전체타겟,0731_풀리오BP_블트칩출시 (KR1),[26.08]F_V_BT혼_전환_블트칩출시_신규BP_풀리오BP.KR1_var2.릴스_외부BP후킹.남편.X_2P_최나영_260801_제과_이봄1,257,7,7570.0,1
2026-08-01,[제과_블트하] 26.07_블트깡출시_수동_전환_image_전체타겟,(혼합) 주변인상황_블트칩출시 (릴스형) (KR2) (0729),[26.07]F_I_BT칩_전환_블트칩출시_혜택강조형_KR2_.릴스_상황연출.배너형.육퇴.확장__김소희_260724_제과_김수정,589,6,16774.0,0
2026-08-01,[제과_블트하] 26.07_블트깡출시_수동_전환_image_전체타겟,[혼합] 주변인 상황연출_블트칩출시 (KR2) (0727),[26.07]F_I_BT칩_전환_블트칩출시_혜택강조형_KR2_.피드_주변인.집들이.확장__김소희_260727_제과_박지현,1184,17,33023.0,2
2026-08-01,[제과_블트하] 26.07_블트깡출시_수동_전환_image_전체타겟,0728_남편.인정소비_블트깡출시 (KR1),[26.07]F_I_BT깡_전환_블트칩출시_혜택강조형_KR1_.피드_우리가족잘산템.__김소희_260728_제과_김수정,2,0,5.0,0
2026-08-01,(마스터ASC)[제과_블트하] 26.07_블트깡출시_ASC_전환_video,(마스터ASC)[제과_블트하] 26.07_블트깡출시_ASC_전환_video,[26.07]F_V_BT깡_전환_블트깡출시_쩜오건_BP2.KR1_var1.릴스_var1.슬기.X_1P_김소희_260729_제과_피재은,40,0,601.0,0
2026-08-01,[칩] (마스터ASC)[제과_블트하] 26.07_블트칩출시_ASC_전환_image,[칩] (마스터ASC)[제과_블트하] 26.07_블트칩출시_ASC_전환_image,[26.07]F_I_BT칩_전환_블트칩출시_혜택강조형_KR2_.릴스_안다르bp.지금이젤싸요.__김소희_260729_제과_박서연,153,0,1980.0,0
2026-08-01,[제과_블트하] 26.07_블트깡출시_수동_전환_image_전체타겟,0730_주변인정.혜택_블트칩출시,[26.07]F_I_BT칩_전환_블트칩출시_혜택강조형_KR1_.배너_모임갈때마다.__최나영_260730_제과_김수정,2,0,9.0,0
2026-08-01,[제과_블트하] 26.07_블트깡출시_수동_전환_video_전체타겟,0731_풀리오BP_블트칩출시 (KR1),[26.08]F_V_BT혼_전환_블트칩출시_신규BP_풀리오BP.KR1_var2.릴스_외부BP후킹.남편.X_2P_최나영_260801_제과_이봄1,125,3,4029.0,2
2026-08-02,[제과_블트하] 26.07_블트깡출시_수동_전환_image_전체타겟,(시리즈) 맘카페&혜택강조형_블트칩출시 (KR1) (0723),[26.07]F_I_BT혼_전환_블트칩출시_혜택강조형_KR1_.배너_편의점안내문.재입고미정.확장__김소희_260723_제과_김수정,934,14,23036.0,1
2026-08-02,[제과_블트하] 26.07_블트깡출시_수동_전환_image_전체타겟,(혼합) 주변인상황_블트칩출시 (릴스형) (KR2) (0729),[26.07]F_I_BT칩_전환_블트칩출시_혜택강조형_KR2_.릴스_상황연출.배너형.육퇴.확장__김소희_260724_제과_김수정,8,0,97.0,0
2026-08-02,[제과_블트하] 26.07_블트깡출시_수동_전환_image_전체타겟,[혼합] 주변인 상황연출_블트칩출시 (KR2) (0727),[26.07]F_I_BT칩_전환_블트칩출시_혜택강조형_KR2_.피드_주변인.집들이.확장__김소희_260727_제과_박지현,76,4,1140.0,1
2026-08-02,[칩] (마스터ASC)[제과_블트하] 26.07_블트칩출시_ASC_전환_image,[칩] (마스터ASC)[제과_블트하] 26.07_블트칩출시_ASC_전환_image,[26.07]F_I_BT칩_전환_블트칩출시_혜택강조형_KR2_.피드_아빠엄지척..확장__김소희_260728_제과_박서연,12,0,156.0,0
2026-08-02,(마스터ASC)[제과_블트하] 26.07_블트깡출시_ASC_전환_video,(마스터ASC)[제과_블트하] 26.07_블트깡출시_ASC_전환_video,[26.07]F_V_BT깡_전환_블트깡출시_쩜오건_BP2.KR1_var1.릴스_var1.슬기.X_1P_김소희_260729_제과_피재은,12,0,118.0,0
2026-08-02,[칩] (마스터ASC)[제과_블트하] 26.07_블트칩출시_ASC_전환_image,[칩] (마스터ASC)[제과_블트하] 26.07_블트칩출시_ASC_전환_image,[26.07]F_I_BT칩_전환_블트칩출시_혜택강조형_KR2_.릴스_모션.사무실맛잘알.__김소희_260729_제과_박서연,4,0,128.0,0
2026-08-02,[칩] (마스터ASC)[제과_블트하] 26.07_블트칩출시_ASC_전환_image,[칩] (마스터ASC)[제과_블트하] 26.07_블트칩출시_ASC_전환_image,[26.07]F_I_BT칩_전환_블트칩출시_혜택강조형_KR2_.릴스_안다르bp.지금이젤싸요.__김소희_260729_제과_박서연,56,0,1187.0,0
2026-08-03,[제과_블트하] 26.07_블트깡출시_수동_전환_image_전체타겟,(시리즈) 맘카페&혜택강조형_블트칩출시 (KR1) (0723),[26.07]F_I_BT혼_전환_블트칩출시_혜택강조형_KR1_.배너_편의점안내문.재입고미정.확장__김소희_260723_제과_김수정,425,11,11233.0,2
2026-08-03,[제과_블트하] 26.07_블트깡출시_수동_전환_image_전체타겟,0728_남편.인정소비_블트깡출시 (KR1),[26.07]F_I_BT깡_전환_블트칩출시_혜택강조형_KR1_.피드_우리가족잘산템.__김소희_260728_제과_김수정,126,1,1557.0,0
2026-08-03,[칩] (마스터ASC)[제과_블트하] 26.07_블트칩출시_ASC_전환_image,[칩] (마스터ASC)[제과_블트하] 26.07_블트칩출시_ASC_전환_image,[26.07]F_I_BT칩_전환_블트칩출시_혜택강조형_KR2_.릴스_안다르bp.지금이젤싸요.__김소희_260729_제과_박서연,95,3,1615.0,0
2026-08-03,[제과_블트하] 26.07_블트깡출시_수동_전환_image_전체타겟,0730_주변인정.혜택_블트칩출시,[26.07]F_I_BT칩_전환_블트칩출시_혜택강조형_KR1_.배너_모임갈때마다.__최나영_260730_제과_김수정,9,0,64.0,0
2026-07-30,[칩] (마스터ASC)[제과_블트하] 26.07_블트칩출시_ASC_전환_video,[칩] (마스터ASC)[제과_블트하] 26.07_블트칩출시_ASC_전환_video,[26.07]F_V_BT칩_전환_블트칩출시_쩜오건_3040페르소나강조.리셀.KR1_var1.릴스_중국산비교.X_1P_김소희_260724_제과_강경연,54,0,1191.0,0
2026-07-30,[칩] (마스터ASC)[제과_블트하] 26.07_블트칩출시_ASC_전환_image,[칩] (마스터ASC)[제과_블트하] 26.07_블트칩출시_ASC_전환_image,[26.07]F_I_BT깡_전환_블트칩출시_혜택강조형_KR1_.릴스_군것질안하던남편.__김소희_260729_제과_김수정,159,3,3352.0,1
2026-07-31,[칩] (마스터ASC)[제과_블트하] 26.07_블트칩출시_ASC_전환_video,[칩] (마스터ASC)[제과_블트하] 26.07_블트칩출시_ASC_전환_video,[26.07]F_V_BT칩_전환_블트칩출시_쩜오건_3040페르소나강조.리셀.KR1_var1.릴스_중국산비교.X_1P_김소희_260724_제과_강경연,4,0,51.0,0
2026-07-31,[칩] (마스터ASC)[제과_블트하] 26.07_블트칩출시_ASC_전환_image,[칩] (마스터ASC)[제과_블트하] 26.07_블트칩출시_ASC_전환_image,[26.07]F_I_BT깡_전환_블트칩출시_혜택강조형_KR1_.릴스_군것질안하던남편.__김소희_260729_제과_김수정,328,5,5653.0,0
2026-07-31,[제과_블트하] 26.07_블트깡출시_수동_전환_image_전체타겟,0731_주변인.혜택위계_블트칩출시,[26.07]F_I_BT혼_전환_블트칩출시_혜택강조형_KR1_.배너_공지문.가격인상합니다.__김소희_260731_제과_김수정,60,0,832.0,0
2026-08-01,[칩] (마스터ASC)[제과_블트하] 26.07_블트칩출시_ASC_전환_video,[칩] (마스터ASC)[제과_블트하] 26.07_블트칩출시_ASC_전환_video,[26.07]F_V_BT칩_전환_블트칩출시_쩜오건_3040페르소나강조.리셀.KR1_var1.릴스_중국산비교.X_1P_김소희_260724_제과_강경연,8,0,58.0,0
2026-08-01,[칩] (마스터ASC)[제과_블트하] 26.07_블트칩출시_ASC_전환_image,[칩] (마스터ASC)[제과_블트하] 26.07_블트칩출시_ASC_전환_image,[26.07]F_I_BT깡_전환_블트칩출시_혜택강조형_KR1_.릴스_군것질안하던남편.__김소희_260729_제과_김수정,351,5,5571.0,0
2026-08-01,[제과_블트하] 26.07_블트깡출시_수동_전환_image_전체타겟,0731_주변인.혜택위계_블트칩출시,[26.07]F_I_BT혼_전환_블트칩출시_혜택강조형_KR1_.배너_공지문.가격인상합니다.__김소희_260731_제과_김수정,85,3,1447.0,0
2026-08-02,[칩] (마스터ASC)[제과_블트하] 26.07_블트칩출시_ASC_전환_video,[칩] (마스터ASC)[제과_블트하] 26.07_블트칩출시_ASC_전환_video,[26.07]F_V_BT칩_전환_블트칩출시_쩜오건_3040페르소나강조.리셀.KR1_var1.릴스_중국산비교.X_1P_김소희_260724_제과_강경연,148,1,2872.0,0
2026-08-02,[칩] (마스터ASC)[제과_블트하] 26.07_블트칩출시_ASC_전환_image,[칩] (마스터ASC)[제과_블트하] 26.07_블트칩출시_ASC_전환_image,[26.07]F_I_BT깡_전환_블트칩출시_혜택강조형_KR1_.릴스_군것질안하던남편.__김소희_260729_제과_김수정,828,10,14176.0,2
2026-08-02,[제과_블트하] 26.07_블트깡출시_수동_전환_image_전체타겟,0731_주변인.혜택위계_블트칩출시,[26.07]F_I_BT혼_전환_블트칩출시_혜택강조형_KR1_.배너_공지문.가격인상합니다.__김소희_260731_제과_김수정,610,7,19004.0,1
2026-08-03,[칩] (마스터ASC)[제과_블트하] 26.07_블트칩출시_ASC_전환_video,[칩] (마스터ASC)[제과_블트하] 26.07_블트칩출시_ASC_전환_video,[26.07]F_V_BT칩_전환_블트칩출시_쩜오건_3040페르소나강조.리셀.KR1_var1.릴스_중국산비교.X_1P_김소희_260724_제과_강경연,13,0,108.0,0
2026-08-03,[칩] (마스터ASC)[제과_블트하] 26.07_블트칩출시_ASC_전환_image,[칩] (마스터ASC)[제과_블트하] 26.07_블트칩출시_ASC_전환_image,[26.07]F_I_BT깡_전환_블트칩출시_혜택강조형_KR1_.릴스_군것질안하던남편.__김소희_260729_제과_김수정,3499,55,57401.0,5
2026-07-30,[제과_블트하] 26.07_블트깡출시_수동_전환_video_전체타겟,BP이식형2_블트깡출시 (KR1/2),[26.07]F_V_BT깡_전환_블트깡출시_쩜오건_맛조합맥주.KR1_var1.릴스_맛후킹.X_1P_김소희_260715_제과_문형민,5849,129,144548.0,7
2026-07-30,[칩] (마스터ASC)[제과_블트하] 26.07_블트칩출시_ASC_전환_video,[칩] (마스터ASC)[제과_블트하] 26.07_블트칩출시_ASC_전환_video,[26.07]F_V_BT혼_전환_블트칩출시_기타_클룹BP.KR1_var3.릴스_맛SP.슬기.X_1P_최나영_260723_제과_피재은,67536,1018,1038879.0,72
2026-07-30,[제과_블트하] 26.07_블트깡출시_수동_전환_video_전체타겟,쩜오건_블트깡출시 (KR1) (0729),[26.07]F_V_BT깡_전환_블트깡출시_쩜오건_BP2.KR1_main.릴스_공통.슬기.X_1P_김소희_260729_제과_피재은,730,10,16273.0,1
2026-07-30,[칩] (마스터ASC)[제과_블트하] 26.07_블트칩출시_ASC_전환_image,[칩] (마스터ASC)[제과_블트하] 26.07_블트칩출시_ASC_전환_image,[26.07]F_I_BT칩_전환_블트칩출시_혜택강조형_KR1_.릴스_쌀때쟁이세요가격비교.__김소희_260729_제과_김수정,309,8,7022.0,1
2026-07-30,[칩] (마스터ASC)[제과_블트하] 26.07_블트칩출시_ASC_전환_image,[칩] (마스터ASC)[제과_블트하] 26.07_블트칩출시_ASC_전환_image,[26.07]F_I_BT칩_전환_블트칩출시_혜택강조형_KR2_.릴스_안다르bp.맛잘알인정받는집들이안주.__김소희_260729_제과_박서연,20,0,720.0,0
2026-07-31,[제과_블트하] 26.07_블트깡출시_수동_전환_video_전체타겟,BP이식형2_블트깡출시 (KR1/2),[26.07]F_V_BT깡_전환_블트깡출시_쩜오건_맛조합맥주.KR1_var1.릴스_맛후킹.X_1P_김소희_260715_제과_문형민,2195,46,48305.0,1
2026-07-31,[칩] (마스터ASC)[제과_블트하] 26.07_블트칩출시_ASC_전환_video,[칩] (마스터ASC)[제과_블트하] 26.07_블트칩출시_ASC_전환_video,[26.07]F_V_BT혼_전환_블트칩출시_기타_클룹BP.KR1_var3.릴스_맛SP.슬기.X_1P_최나영_260723_제과_피재은,67611,901,800237.0,53
2026-07-31,[칩] (마스터ASC)[제과_블트하] 26.07_블트칩출시_ASC_전환_image,[칩] (마스터ASC)[제과_블트하] 26.07_블트칩출시_ASC_전환_image,[26.07]F_I_BT칩_전환_블트칩출시_혜택강조형_KR1_.릴스_쌀때쟁이세요가격비교.__김소희_260729_제과_김수정,1518,15,25814.0,1
2026-07-31,[칩] (마스터ASC)[제과_블트하] 26.07_블트칩출시_ASC_전환_image,[칩] (마스터ASC)[제과_블트하] 26.07_블트칩출시_ASC_전환_image,[26.07]F_I_BT칩_전환_블트칩출시_혜택강조형_KR2_.릴스_안다르bp.맛잘알인정받는집들이안주.__김소희_260729_제과_박서연,126,0,1925.0,0
2026-07-31,[칩] (마스터ASC)[제과_블트하] 26.07_블트칩출시_ASC_전환_video,[칩] (마스터ASC)[제과_블트하] 26.07_블트칩출시_ASC_전환_video,[26.08]F_V_BT혼_전환_블트칩출시_신규BP_풀리오BP.KR1_var1.릴스_내부BP후킹.남편.X_2P_최나영_260801_제과_이봄1,18,0,280.0,0
2026-07-31,[칩] (마스터ASC)[제과_블트하] 26.07_블트칩출시_ASC_전환_video,[칩] (마스터ASC)[제과_블트하] 26.07_블트칩출시_ASC_전환_video,[26.08]F_V_BT혼_전환_블트칩출시_신규BP_풀리오BP.KR1_var5.릴스_중독성후킹.남편.X_2P_최나영_260801_제과_이봄1,99,1,2400.0,0
2026-08-01,[제과_블트하] 26.07_블트깡출시_수동_전환_video_전체타겟,BP이식형2_블트깡출시 (KR1/2),[26.07]F_V_BT깡_전환_블트깡출시_쩜오건_맛조합맥주.KR1_var1.릴스_맛후킹.X_1P_김소희_260715_제과_문형민,2993,55,63227.0,4
2026-08-01,[제과_블트하] 26.07_블트깡출시_수동_전환_video_전체타겟,BP이식형2_블트깡출시 (KR1/2),[26.07]F_V_BT깡_전환_블트깡출시_쩜오건_원재료강조.KR2_var1.릴스_떨어지는ver.X_1P_김소희_260715_제과_문형민,22,2,860.0,0
2026-08-01,[칩] (마스터ASC)[제과_블트하] 26.07_블트칩출시_ASC_전환_video,[칩] (마스터ASC)[제과_블트하] 26.07_블트칩출시_ASC_전환_video,[26.07]F_V_BT혼_전환_블트칩출시_기타_클룹BP.KR1_var3.릴스_맛SP.슬기.X_1P_최나영_260723_제과_피재은,18389,288,236174.0,15
2026-08-01,[칩] (마스터ASC)[제과_블트하] 26.07_블트칩출시_ASC_전환_image,[칩] (마스터ASC)[제과_블트하] 26.07_블트칩출시_ASC_전환_image,[26.07]F_I_BT칩_전환_블트칩출시_혜택강조형_KR1_.릴스_쌀때쟁이세요가격비교.__김소희_260729_제과_김수정,3443,33,60916.0,2
2026-08-01,[칩] (마스터ASC)[제과_블트하] 26.07_블트칩출시_ASC_전환_image,[칩] (마스터ASC)[제과_블트하] 26.07_블트칩출시_ASC_전환_image,[26.07]F_I_BT칩_전환_블트칩출시_혜택강조형_KR2_.릴스_안다르bp.맛잘알인정받는집들이안주.__김소희_260729_제과_박서연,13,0,128.0,0
2026-08-01,[칩] (마스터ASC)[제과_블트하] 26.07_블트칩출시_ASC_전환_video,[칩] (마스터ASC)[제과_블트하] 26.07_블트칩출시_ASC_전환_video,[26.08]F_V_BT혼_전환_블트칩출시_신규BP_풀리오BP.KR1_var1.릴스_내부BP후킹.남편.X_2P_최나영_260801_제과_이봄1,145,3,4323.0,0
2026-08-01,[칩] (마스터ASC)[제과_블트하] 26.07_블트칩출시_ASC_전환_video,[칩] (마스터ASC)[제과_블트하] 26.07_블트칩출시_ASC_전환_video,[26.08]F_V_BT혼_전환_블트칩출시_신규BP_풀리오BP.KR1_var5.릴스_중독성후킹.남편.X_2P_최나영_260801_제과_이봄1,93,4,958.0,1
2026-08-02,[제과_블트하] 26.07_블트깡출시_수동_전환_video_전체타겟,BP이식형2_블트깡출시 (KR1/2),[26.07]F_V_BT깡_전환_블트깡출시_쩜오건_맛조합맥주.KR1_var1.릴스_맛후킹.X_1P_김소희_260715_제과_문형민,4047,102,96146.0,6
2026-08-02,[제과_블트하] 26.07_블트깡출시_수동_전환_video_전체타겟,BP이식형2_블트깡출시 (KR1/2),[26.07]F_V_BT깡_전환_블트깡출시_쩜오건_원재료강조.KR2_var1.릴스_떨어지는ver.X_1P_김소희_260715_제과_문형민,2,0,32.0,0
2026-08-02,[칩] (마스터ASC)[제과_블트하] 26.07_블트칩출시_ASC_전환_video,[칩] (마스터ASC)[제과_블트하] 26.07_블트칩출시_ASC_전환_video,[26.07]F_V_BT혼_전환_블트칩출시_기타_클룹BP.KR1_var3.릴스_맛SP.슬기.X_1P_최나영_260723_제과_피재은,66754,1073,961226.0,76
2026-08-02,[칩] (마스터ASC)[제과_블트하] 26.07_블트칩출시_ASC_전환_image,[칩] (마스터ASC)[제과_블트하] 26.07_블트칩출시_ASC_전환_image,[26.07]F_I_BT칩_전환_블트칩출시_혜택강조형_KR2_.릴스_안다르bp.맛잘알인정받는집들이안주.__김소희_260729_제과_박서연,5,0,97.0,0
2026-08-02,[칩] (마스터ASC)[제과_블트하] 26.07_블트칩출시_ASC_전환_video,[칩] (마스터ASC)[제과_블트하] 26.07_블트칩출시_ASC_전환_video,[26.08]F_V_BT혼_전환_블트칩출시_신규BP_풀리오BP.KR1_var1.릴스_내부BP후킹.남편.X_2P_최나영_260801_제과_이봄1,73,1,1625.0,0
2026-08-02,[칩] (마스터ASC)[제과_블트하] 26.07_블트칩출시_ASC_전환_video,[칩] (마스터ASC)[제과_블트하] 26.07_블트칩출시_ASC_전환_video,[26.08]F_V_BT혼_전환_블트칩출시_신규BP_풀리오BP.KR1_var5.릴스_중독성후킹.남편.X_2P_최나영_260801_제과_이봄1,126,0,2050.0,0
2026-08-03,[제과_블트하] 26.07_블트깡출시_수동_전환_video_전체타겟,BP이식형2_블트깡출시 (KR1/2),[26.07]F_V_BT깡_전환_블트깡출시_쩜오건_맛조합맥주.KR1_var1.릴스_맛후킹.X_1P_김소희_260715_제과_문형민,1218,21,22797.0,1
2026-08-03,[칩] (마스터ASC)[제과_블트하] 26.07_블트칩출시_ASC_전환_video,[칩] (마스터ASC)[제과_블트하] 26.07_블트칩출시_ASC_전환_video,[26.07]F_V_BT혼_전환_블트칩출시_기타_클룹BP.KR1_var3.릴스_맛SP.슬기.X_1P_최나영_260723_제과_피재은,37082,576,486066.0,33
2026-08-03,[칩] (마스터ASC)[제과_블트하] 26.07_블트칩출시_ASC_전환_video,[칩] (마스터ASC)[제과_블트하] 26.07_블트칩출시_ASC_전환_video,[26.08]F_V_BT혼_전환_블트칩출시_신규BP_풀리오BP.KR1_var1.릴스_내부BP후킹.남편.X_2P_최나영_260801_제과_이봄1,50,1,966.0,0
2026-08-03,[칩] (마스터ASC)[제과_블트하] 26.07_블트칩출시_ASC_전환_video,[칩] (마스터ASC)[제과_블트하] 26.07_블트칩출시_ASC_전환_video,[26.08]F_V_BT혼_전환_블트칩출시_신규BP_풀리오BP.KR1_var5.릴스_중독성후킹.남편.X_2P_최나영_260801_제과_이봄1,7,0,162.0,0
2026-07-30,(마스터ASC)[제과_블트하] 26.07_블트깡출시_ASC_전환_video,(마스터ASC)[제과_블트하] 26.07_블트깡출시_ASC_전환_video,[26.07]F_V_BT깡_전환_블트깡출시_쩜오건_내돈내산리뷰.KR1_main.릴스_조용히출시.X_1P_김소희_260715_제과_문형민,592,12,12420.0,3
2026-07-30,[제과_블트하] 26.07_블트깡출시_수동_전환_image_전체타겟,0728_남편.인정소비_블트깡출시 (KR1),[26.07]F_I_BT칩_전환_블트칩출시_혜택강조형_KR1_.피드_이제다시는없습니다.__김소희_260728_제과_김수정,277,3,5247.0,0
2026-07-30,[칩] (마스터ASC)[제과_블트하] 26.07_블트칩출시_ASC_전환_image,[칩] (마스터ASC)[제과_블트하] 26.07_블트칩출시_ASC_전환_image,[26.07]F_I_BT혼_전환_블트칩출시_혜택강조형_KR1_.피드_쌀때쟁이세요.__김소희_260728_제과_김수정,1,0,16.0,0
2026-07-30,[제과_블트하] 26.07_블트깡출시_수동_전환_video_전체타겟,쩜오건_블트깡출시 (KR1) (0729),[26.07]F_V_BT깡_전환_블트깡출시_쩜오건_BP2.KR1_var1.릴스_var1.슬기.X_1P_김소희_260729_제과_피재은,1732,31,40488.0,4
2026-07-30,(마스터ASC)[제과_블트하] 26.07_블트깡출시_ASC_전환_video,(마스터ASC)[제과_블트하] 26.07_블트깡출시_ASC_전환_video,[26.07]F_V_BT깡_전환_블트깡출시_쩜오건_BP2.KR1_main.릴스_공통.슬기.X_1P_김소희_260729_제과_피재은,619,11,10897.0,4
2026-07-30,[칩] (마스터ASC)[제과_블트하] 26.07_블트칩출시_ASC_전환_image,[칩] (마스터ASC)[제과_블트하] 26.07_블트칩출시_ASC_전환_image,[26.07]F_I_BT깡_전환_블트칩출시_혜택강조형_KR1_.릴스_맥주안주필승템.__김소희_260729_제과_김수정,215,1,4767.0,0
2026-07-30,[제과_블트하] 26.07_블트깡출시_수동_전환_image_전체타겟,(혼합) 남편페르소나_블트칩출시(릴스형) (KR1) (0729),[26.07]F_I_BT깡_전환_블트칩출시_혜택강조형_KR1_.릴스_이가격다신없어요가격비교.__김소희_260729_제과_김수정,172,5,4221.0,1
2026-07-30,[칩] (마스터ASC)[제과_블트하] 26.07_블트칩출시_ASC_전환_image,[칩] (마스터ASC)[제과_블트하] 26.07_블트칩출시_ASC_전환_image,[26.07]F_I_BT깡_전환_블트칩출시_혜택강조형_KR1_.릴스_2분할개당1천원대.__김소희_260729_제과_김수정,202,1,4900.0,0
2026-07-30,[제과_블트하] 26.07_블트깡출시_수동_전환_image_전체타겟,0730_주변인정.혜택_블트칩출시,[26.07]F_I_BT깡_전환_블트칩출시_혜택강조형_KR1_.배너_공지문.맥주안주찾는.__최나영_260730_제과_김수정,4,0,26.0,0
2026-07-30,(마스터ASC)[제과_블트하] 26.07_블트깡출시_ASC_전환_image,(마스터ASC)[제과_블트하] 26.07_블트깡출시_ASC_전환_image,[26.07]F_I_BT칩_전환_블트칩출시_혜택강조형_KR2_.배너_캠핑장에서.__최나영_260730_제과_김수정,2,1,154.0,0
2026-07-31,(마스터ASC)[제과_블트하] 26.07_블트깡출시_ASC_전환_video,(마스터ASC)[제과_블트하] 26.07_블트깡출시_ASC_전환_video,[26.07]F_V_BT깡_전환_블트깡출시_쩜오건_내돈내산리뷰.KR1_main.릴스_조용히출시.X_1P_김소희_260715_제과_문형민,158,6,2656.0,0
2026-07-31,[제과_블트하] 26.07_블트깡출시_수동_전환_image_전체타겟,[혼합] 남편상황연출_블트칩출시 (KR1) (0727),[26.07]F_I_BT혼_전환_블트칩출시_혜택강조형_KR1_.피드_남편.깐깐.확장__김소희_260727_제과_박지현,83,0,2510.0,0
2026-07-31,[제과_블트하] 26.07_블트깡출시_수동_전환_image_전체타겟,0728_남편.인정소비_블트깡출시 (KR1),[26.07]F_I_BT칩_전환_블트칩출시_혜택강조형_KR1_.피드_이제다시는없습니다.__김소희_260728_제과_김수정,23,0,678.0,0
2026-07-31,[칩] (마스터ASC)[제과_블트하] 26.07_블트칩출시_ASC_전환_image,[칩] (마스터ASC)[제과_블트하] 26.07_블트칩출시_ASC_전환_image,[26.07]F_I_BT혼_전환_블트칩출시_혜택강조형_KR1_.피드_쌀때쟁이세요.__김소희_260728_제과_김수정,2,0,6.0,0
2026-07-31,[제과_블트하] 26.07_블트깡출시_수동_전환_video_전체타겟,쩜오건_블트깡출시 (KR1) (0729),[26.07]F_V_BT깡_전환_블트깡출시_쩜오건_BP2.KR1_var1.릴스_var1.슬기.X_1P_김소희_260729_제과_피재은,773,10,18085.0,1
2026-07-31,(마스터ASC)[제과_블트하] 26.07_블트깡출시_ASC_전환_video,(마스터ASC)[제과_블트하] 26.07_블트깡출시_ASC_전환_video,[26.07]F_V_BT깡_전환_블트깡출시_쩜오건_BP2.KR1_main.릴스_공통.슬기.X_1P_김소희_260729_제과_피재은,121,1,1927.0,0
2026-07-31,[칩] (마스터ASC)[제과_블트하] 26.07_블트칩출시_ASC_전환_image,[칩] (마스터ASC)[제과_블트하] 26.07_블트칩출시_ASC_전환_image,[26.07]F_I_BT깡_전환_블트칩출시_혜택강조형_KR1_.릴스_맥주안주필승템.__김소희_260729_제과_김수정,205,2,5024.0,0
2026-07-31,[제과_블트하] 26.07_블트깡출시_수동_전환_image_전체타겟,(혼합) 남편페르소나_블트칩출시(릴스형) (KR1) (0729),[26.07]F_I_BT깡_전환_블트칩출시_혜택강조형_KR1_.릴스_이가격다신없어요가격비교.__김소희_260729_제과_김수정,633,5,14953.0,0
2026-07-31,[칩] (마스터ASC)[제과_블트하] 26.07_블트칩출시_ASC_전환_image,[칩] (마스터ASC)[제과_블트하] 26.07_블트칩출시_ASC_전환_image,[26.07]F_I_BT깡_전환_블트칩출시_혜택강조형_KR1_.릴스_2분할개당1천원대.__김소희_260729_제과_김수정,94,1,1376.0,0
2026-07-31,[제과_블트하] 26.07_블트깡출시_수동_전환_image_전체타겟,0730_주변인정.혜택_블트칩출시,[26.07]F_I_BT깡_전환_블트칩출시_혜택강조형_KR1_.배너_공지문.맥주안주찾는.__최나영_260730_제과_김수정,68,1,1259.0,0
2026-07-31,(마스터ASC)[제과_블트하] 26.07_블트깡출시_ASC_전환_image,(마스터ASC)[제과_블트하] 26.07_블트깡출시_ASC_전환_image,[26.07]F_I_BT칩_전환_블트칩출시_혜택강조형_KR2_.배너_캠핑장에서.__최나영_260730_제과_김수정,31,1,468.0,0
2026-08-01,(마스터ASC)[제과_블트하] 26.07_블트깡출시_ASC_전환_video,(마스터ASC)[제과_블트하] 26.07_블트깡출시_ASC_전환_video,[26.07]F_V_BT깡_전환_블트깡출시_쩜오건_내돈내산리뷰.KR1_main.릴스_조용히출시.X_1P_김소희_260715_제과_문형민,162,0,2971.0,0
2026-08-01,[제과_블트하] 26.07_블트깡출시_수동_전환_image_전체타겟,0728_남편.인정소비_블트깡출시 (KR1),[26.07]F_I_BT칩_전환_블트칩출시_혜택강조형_KR1_.피드_이제다시는없습니다.__김소희_260728_제과_김수정,8,0,70.0,0
2026-08-01,(마스터ASC)[제과_블트하] 26.07_블트깡출시_ASC_전환_video,(마스터ASC)[제과_블트하] 26.07_블트깡출시_ASC_전환_video,[26.07]F_V_BT깡_전환_블트깡출시_쩜오건_BP2.KR1_main.릴스_공통.슬기.X_1P_김소희_260729_제과_피재은,32,0,277.0,0
2026-08-01,[칩] (마스터ASC)[제과_블트하] 26.07_블트칩출시_ASC_전환_image,[칩] (마스터ASC)[제과_블트하] 26.07_블트칩출시_ASC_전환_image,[26.07]F_I_BT깡_전환_블트칩출시_혜택강조형_KR1_.릴스_맥주안주필승템.__김소희_260729_제과_김수정,22,0,207.0,0
2026-08-01,[제과_블트하] 26.07_블트깡출시_수동_전환_image_전체타겟,(혼합) 남편페르소나_블트칩출시(릴스형) (KR1) (0729),[26.07]F_I_BT깡_전환_블트칩출시_혜택강조형_KR1_.릴스_이가격다신없어요가격비교.__김소희_260729_제과_김수정,1570,48,36573.0,3
2026-08-01,[칩] (마스터ASC)[제과_블트하] 26.07_블트칩출시_ASC_전환_image,[칩] (마스터ASC)[제과_블트하] 26.07_블트칩출시_ASC_전환_image,[26.07]F_I_BT깡_전환_블트칩출시_혜택강조형_KR1_.릴스_2분할개당1천원대.__김소희_260729_제과_김수정,76,0,870.0,0
2026-08-01,[제과_블트하] 26.07_블트깡출시_수동_전환_image_전체타겟,0730_주변인정.혜택_블트칩출시,[26.07]F_I_BT깡_전환_블트칩출시_혜택강조형_KR1_.배너_공지문.맥주안주찾는.__최나영_260730_제과_김수정,3,0,49.0,0
2026-08-01,(마스터ASC)[제과_블트하] 26.07_블트깡출시_ASC_전환_image,(마스터ASC)[제과_블트하] 26.07_블트깡출시_ASC_전환_image,[26.07]F_I_BT칩_전환_블트칩출시_혜택강조형_KR2_.배너_캠핑장에서.__최나영_260730_제과_김수정,17,0,280.0,0
2026-08-02,(마스터ASC)[제과_블트하] 26.07_블트깡출시_ASC_전환_video,(마스터ASC)[제과_블트하] 26.07_블트깡출시_ASC_전환_video,[26.07]F_V_BT깡_전환_블트깡출시_쩜오건_내돈내산리뷰.KR1_main.릴스_조용히출시.X_1P_김소희_260715_제과_문형민,187,3,3201.0,0
2026-08-02,[제과_블트하] 26.07_블트깡출시_수동_전환_image_전체타겟,0728_남편.인정소비_블트깡출시 (KR1),[26.07]F_I_BT칩_전환_블트칩출시_혜택강조형_KR1_.피드_이제다시는없습니다.__김소희_260728_제과_김수정,48,0,1248.0,0
2026-08-02,[칩] (마스터ASC)[제과_블트하] 26.07_블트칩출시_ASC_전환_image,[칩] (마스터ASC)[제과_블트하] 26.07_블트칩출시_ASC_전환_image,[26.07]F_I_BT혼_전환_블트칩출시_혜택강조형_KR1_.피드_쌀때쟁이세요.__김소희_260728_제과_김수정,22,0,348.0,0
2026-08-02,(마스터ASC)[제과_블트하] 26.07_블트깡출시_ASC_전환_video,(마스터ASC)[제과_블트하] 26.07_블트깡출시_ASC_전환_video,[26.07]F_V_BT깡_전환_블트깡출시_쩜오건_BP2.KR1_main.릴스_공통.슬기.X_1P_김소희_260729_제과_피재은,24,0,292.0,0
2026-08-02,[칩] (마스터ASC)[제과_블트하] 26.07_블트칩출시_ASC_전환_image,[칩] (마스터ASC)[제과_블트하] 26.07_블트칩출시_ASC_전환_image,[26.07]F_I_BT깡_전환_블트칩출시_혜택강조형_KR1_.릴스_맥주안주필승템.__김소희_260729_제과_김수정,148,3,3220.0,1
2026-08-02,[제과_블트하] 26.07_블트깡출시_수동_전환_image_전체타겟,(혼합) 남편페르소나_블트칩출시(릴스형) (KR1) (0729),[26.07]F_I_BT깡_전환_블트칩출시_혜택강조형_KR1_.릴스_이가격다신없어요가격비교.__김소희_260729_제과_김수정,829,19,21455.0,1
2026-08-02,[칩] (마스터ASC)[제과_블트하] 26.07_블트칩출시_ASC_전환_image,[칩] (마스터ASC)[제과_블트하] 26.07_블트칩출시_ASC_전환_image,[26.07]F_I_BT깡_전환_블트칩출시_혜택강조형_KR1_.릴스_2분할개당1천원대.__김소희_260729_제과_김수정,16,0,223.0,0
2026-08-02,[제과_블트하] 26.07_블트깡출시_수동_전환_image_전체타겟,0730_주변인정.혜택_블트칩출시,[26.07]F_I_BT깡_전환_블트칩출시_혜택강조형_KR1_.배너_공지문.맥주안주찾는.__최나영_260730_제과_김수정,3,0,45.0,0
2026-08-03,(마스터ASC)[제과_블트하] 26.07_블트깡출시_ASC_전환_video,(마스터ASC)[제과_블트하] 26.07_블트깡출시_ASC_전환_video,[26.07]F_V_BT깡_전환_블트깡출시_쩜오건_내돈내산리뷰.KR1_main.릴스_조용히출시.X_1P_김소희_260715_제과_문형민,4,0,15.0,0
2026-08-03,[제과_블트하] 26.07_블트깡출시_수동_전환_image_전체타겟,0728_남편.인정소비_블트깡출시 (KR1),[26.07]F_I_BT칩_전환_블트칩출시_혜택강조형_KR1_.피드_이제다시는없습니다.__김소희_260728_제과_김수정,2,0,25.0,0
2026-08-03,[칩] (마스터ASC)[제과_블트하] 26.07_블트칩출시_ASC_전환_image,[칩] (마스터ASC)[제과_블트하] 26.07_블트칩출시_ASC_전환_image,[26.07]F_I_BT혼_전환_블트칩출시_혜택강조형_KR1_.피드_쌀때쟁이세요.__김소희_260728_제과_김수정,35,0,464.0,0
2026-08-03,[칩] (마스터ASC)[제과_블트하] 26.07_블트칩출시_ASC_전환_image,[칩] (마스터ASC)[제과_블트하] 26.07_블트칩출시_ASC_전환_image,[26.07]F_I_BT깡_전환_블트칩출시_혜택강조형_KR1_.릴스_맥주안주필승템.__김소희_260729_제과_김수정,406,8,8435.0,2
2026-08-03,[칩] (마스터ASC)[제과_블트하] 26.07_블트칩출시_ASC_전환_image,[칩] (마스터ASC)[제과_블트하] 26.07_블트칩출시_ASC_전환_image,[26.07]F_I_BT깡_전환_블트칩출시_혜택강조형_KR1_.릴스_2분할개당1천원대.__김소희_260729_제과_김수정,6,0,47.0,0
2026-08-03,(마스터ASC)[제과_블트하] 26.07_블트깡출시_ASC_전환_image,(마스터ASC)[제과_블트하] 26.07_블트깡출시_ASC_전환_image,[26.07]F_I_BT칩_전환_블트칩출시_혜택강조형_KR2_.배너_캠핑장에서.__최나영_260730_제과_김수정,17,1,260.0,1
2026-07-30,[제과_블트하] 26.07_블트깡출시_수동_전환_video_전체타겟,BP이식형_블트깡출시 (KR1),[26.07]F_V_BT깡_전환_블트깡출시_쩜오건_리액션과장.KR1_var5.릴스_출시.맛후킹.X_1P_김소희_260715_제과_문형민,18950,275,373305.0,25
2026-07-30,[제과_블트하] 26.07_블트깡출시_수동_전환_image_전체타겟,0728_남편.인정소비_블트깡출시 (KR1),[26.07]F_I_BT혼_전환_블트칩출시_혜택강조형_KR1_.피드_마감임박안내.__김소희_260728_제과_김수정,25,0,454.0,0
2026-07-30,[제과_블트하] 26.07_블트깡출시_수동_전환_image_전체타겟,주변인인정_블트칩출시 (KR2) (0728),[26.07]F_I_BT칩_전환_블트칩출시_혜택강조형_KR2_.피드_옆자리회사동료가뺏어감..확장__김소희_260728_제과_박서연,5,1,146.0,0
2026-07-30,(마스터ASC)[제과_블트하] 26.07_블트깡출시_ASC_전환_image,(마스터ASC)[제과_블트하] 26.07_블트깡출시_ASC_전환_image,[26.07]F_I_BT깡_전환_블트칩출시_혜택강조형_KR1_.배너_공지문.맥주안주찾는.__최나영_260730_제과_김수정,61,1,1102.0,0
2026-07-30,(마스터ASC)[제과_블트하] 26.07_블트깡출시_ASC_전환_image,(마스터ASC)[제과_블트하] 26.07_블트깡출시_ASC_전환_image,[26.07]F_I_BT칩_전환_블트칩출시_혜택강조형_KR2_.배너_공지문.결제오류안내표.__최나영_260730_제과_김수정,14,2,311.0,1
2026-07-31,[제과_블트하] 26.07_블트깡출시_수동_전환_video_전체타겟,BP이식형_블트깡출시 (KR1),[26.07]F_V_BT깡_전환_블트깡출시_쩜오건_리액션과장.KR1_var5.릴스_출시.맛후킹.X_1P_김소희_260715_제과_문형민,33011,474,517402.0,38
2026-07-31,[제과_블트하] 26.07_블트깡출시_수동_전환_image_전체타겟,(혼합) 주변인상황_블트칩출시 (릴스형) (KR2) (0729),[26.07]F_I_BT칩_전환_블트칩출시_혜택강조형_KR2_.릴스_안다르bp.지금이젤싸요.__김소희_260729_제과_박서연,48,0,971.0,0
2026-07-31,(마스터ASC)[제과_블트하] 26.07_블트깡출시_ASC_전환_image,(마스터ASC)[제과_블트하] 26.07_블트깡출시_ASC_전환_image,[26.07]F_I_BT깡_전환_블트칩출시_혜택강조형_KR1_.배너_공지문.맥주안주찾는.__최나영_260730_제과_김수정,505,9,10122.0,0
2026-07-31,(마스터ASC)[제과_블트하] 26.07_블트깡출시_ASC_전환_image,(마스터ASC)[제과_블트하] 26.07_블트깡출시_ASC_전환_image,[26.07]F_I_BT칩_전환_블트칩출시_혜택강조형_KR2_.배너_공지문.결제오류안내표.__최나영_260730_제과_김수정,418,5,8077.0,0
2026-07-31,[칩] (마스터ASC)[제과_블트하] 26.07_블트칩출시_ASC_전환_video,[칩] (마스터ASC)[제과_블트하] 26.07_블트칩출시_ASC_전환_video,[26.08]F_V_BT혼_전환_블트칩출시_신규BP_풀리오BP.KR1_var2.릴스_외부BP후킹.남편.X_2P_최나영_260801_제과_이봄1,50,0,911.0,0
2026-07-31,(마스터ASC)[제과_블트하] 26.07_블트깡출시_ASC_전환_image,(마스터ASC)[제과_블트하] 26.07_블트깡출시_ASC_전환_image,[26.07]F_I_BT혼_전환_블트칩출시_혜택강조형_KR2_.배너_공지문.결제오류안내.__김소희_260731_제과_김수정,8,0,266.0,0
2026-07-31,[제과_블트하] 26.07_블트깡출시_수동_전환_image_전체타겟,0731_주변인.혜택위계_블트칩출시,[26.07]F_I_BT혼_전환_블트칩출시_혜택강조형_KR1_.배너_공지문.이가격다신없습니다.__김소희_260731_제과_김수정,19,0,622.0,0
2026-07-31,[제과_블트하] 26.07_블트깡출시_수동_전환_image_전체타겟,0731_주변인.혜택위계_블트칩출시,[26.07]F_I_BT칩_전환_블트칩출시_혜택강조형_KR2_.배너_급구개당1천원대.__김소희_260731_제과_김수정,8,0,81.0,0
2026-08-01,[제과_블트하] 26.07_블트깡출시_수동_전환_video_전체타겟,BP이식형_블트깡출시 (KR1),[26.07]F_V_BT깡_전환_블트깡출시_쩜오건_리액션과장.KR1_var5.릴스_출시.맛후킹.X_1P_김소희_260715_제과_문형민,47641,779,754120.0,57
2026-08-01,[제과_블트하] 26.07_블트깡출시_수동_전환_image_전체타겟,주변인인정_블트칩출시 (KR2) (0728),[26.07]F_I_BT칩_전환_블트칩출시_혜택강조형_KR2_.피드_옆자리회사동료가뺏어감..확장__김소희_260728_제과_박서연,1,0,3.0,0
2026-08-01,(마스터ASC)[제과_블트하] 26.07_블트깡출시_ASC_전환_image,(마스터ASC)[제과_블트하] 26.07_블트깡출시_ASC_전환_image,[26.07]F_I_BT깡_전환_블트칩출시_혜택강조형_KR1_.배너_공지문.맥주안주찾는.__최나영_260730_제과_김수정,234,4,5397.0,1
2026-08-01,(마스터ASC)[제과_블트하] 26.07_블트깡출시_ASC_전환_image,(마스터ASC)[제과_블트하] 26.07_블트깡출시_ASC_전환_image,[26.07]F_I_BT칩_전환_블트칩출시_혜택강조형_KR2_.배너_공지문.결제오류안내표.__최나영_260730_제과_김수정,157,3,3706.0,0
2026-08-01,[칩] (마스터ASC)[제과_블트하] 26.07_블트칩출시_ASC_전환_video,[칩] (마스터ASC)[제과_블트하] 26.07_블트칩출시_ASC_전환_video,[26.08]F_V_BT혼_전환_블트칩출시_신규BP_풀리오BP.KR1_var2.릴스_외부BP후킹.남편.X_2P_최나영_260801_제과_이봄1,200,2,5631.0,0
2026-08-01,(마스터ASC)[제과_블트하] 26.07_블트깡출시_ASC_전환_image,(마스터ASC)[제과_블트하] 26.07_블트깡출시_ASC_전환_image,[26.07]F_I_BT혼_전환_블트칩출시_혜택강조형_KR2_.배너_공지문.결제오류안내.__김소희_260731_제과_김수정,168,1,4923.0,1
2026-08-01,[제과_블트하] 26.07_블트깡출시_수동_전환_image_전체타겟,0731_주변인.혜택위계_블트칩출시,[26.07]F_I_BT혼_전환_블트칩출시_혜택강조형_KR1_.배너_공지문.이가격다신없습니다.__김소희_260731_제과_김수정,50,0,686.0,0
2026-08-01,[제과_블트하] 26.07_블트깡출시_수동_전환_image_전체타겟,0731_주변인.혜택위계_블트칩출시,[26.07]F_I_BT칩_전환_블트칩출시_혜택강조형_KR2_.배너_급구개당1천원대.__김소희_260731_제과_김수정,49,0,729.0,0
2026-08-02,[제과_블트하] 26.07_블트깡출시_수동_전환_video_전체타겟,BP이식형_블트깡출시 (KR1),[26.07]F_V_BT깡_전환_블트깡출시_쩜오건_리액션과장.KR1_var5.릴스_출시.맛후킹.X_1P_김소희_260715_제과_문형민,21037,344,377566.0,28
2026-08-02,[제과_블트하] 26.07_블트깡출시_수동_전환_image_전체타겟,주변인인정_블트칩출시 (KR2) (0728),[26.07]F_I_BT칩_전환_블트칩출시_혜택강조형_KR2_.피드_옆자리회사동료가뺏어감..확장__김소희_260728_제과_박서연,196,1,4552.0,1
2026-08-02,[제과_블트하] 26.07_블트깡출시_수동_전환_image_전체타겟,(혼합) 주변인상황_블트칩출시 (릴스형) (KR2) (0729),[26.07]F_I_BT칩_전환_블트칩출시_혜택강조형_KR2_.릴스_안다르bp.지금이젤싸요.__김소희_260729_제과_박서연,32,1,830.0,0
2026-08-02,(마스터ASC)[제과_블트하] 26.07_블트깡출시_ASC_전환_image,(마스터ASC)[제과_블트하] 26.07_블트깡출시_ASC_전환_image,[26.07]F_I_BT깡_전환_블트칩출시_혜택강조형_KR1_.배너_공지문.맥주안주찾는.__최나영_260730_제과_김수정,231,3,4096.0,1
2026-08-02,(마스터ASC)[제과_블트하] 26.07_블트깡출시_ASC_전환_image,(마스터ASC)[제과_블트하] 26.07_블트깡출시_ASC_전환_image,[26.07]F_I_BT칩_전환_블트칩출시_혜택강조형_KR2_.배너_공지문.결제오류안내표.__최나영_260730_제과_김수정,531,9,10569.0,0
2026-08-02,[칩] (마스터ASC)[제과_블트하] 26.07_블트칩출시_ASC_전환_video,[칩] (마스터ASC)[제과_블트하] 26.07_블트칩출시_ASC_전환_video,[26.08]F_V_BT혼_전환_블트칩출시_신규BP_풀리오BP.KR1_var2.릴스_외부BP후킹.남편.X_2P_최나영_260801_제과_이봄1,194,4,6718.0,0
2026-08-02,(마스터ASC)[제과_블트하] 26.07_블트깡출시_ASC_전환_image,(마스터ASC)[제과_블트하] 26.07_블트깡출시_ASC_전환_image,[26.07]F_I_BT혼_전환_블트칩출시_혜택강조형_KR2_.배너_공지문.결제오류안내.__김소희_260731_제과_김수정,188,4,4305.0,1
2026-08-02,[제과_블트하] 26.07_블트깡출시_수동_전환_image_전체타겟,0731_주변인.혜택위계_블트칩출시,[26.07]F_I_BT혼_전환_블트칩출시_혜택강조형_KR1_.배너_공지문.이가격다신없습니다.__김소희_260731_제과_김수정,41,0,620.0,0
2026-08-02,[제과_블트하] 26.07_블트깡출시_수동_전환_image_전체타겟,0731_주변인.혜택위계_블트칩출시,[26.07]F_I_BT칩_전환_블트칩출시_혜택강조형_KR2_.배너_급구개당1천원대.__김소희_260731_제과_김수정,30,0,492.0,0
2026-08-03,[제과_블트하] 26.07_블트깡출시_수동_전환_video_전체타겟,BP이식형_블트깡출시 (KR1),[26.07]F_V_BT깡_전환_블트깡출시_쩜오건_리액션과장.KR1_var5.릴스_출시.맛후킹.X_1P_김소희_260715_제과_문형민,1751,22,29033.0,2
2026-08-03,[제과_블트하] 26.07_블트깡출시_수동_전환_image_전체타겟,0728_남편.인정소비_블트깡출시 (KR1),[26.07]F_I_BT혼_전환_블트칩출시_혜택강조형_KR1_.피드_마감임박안내.__김소희_260728_제과_김수정,38,0,730.0,0
2026-08-03,[제과_블트하] 26.07_블트깡출시_수동_전환_image_전체타겟,주변인인정_블트칩출시 (KR2) (0728),[26.07]F_I_BT칩_전환_블트칩출시_혜택강조형_KR2_.피드_옆자리회사동료가뺏어감..확장__김소희_260728_제과_박서연,184,1,2247.0,0
2026-08-03,(마스터ASC)[제과_블트하] 26.07_블트깡출시_ASC_전환_image,(마스터ASC)[제과_블트하] 26.07_블트깡출시_ASC_전환_image,[26.07]F_I_BT깡_전환_블트칩출시_혜택강조형_KR1_.배너_공지문.맥주안주찾는.__최나영_260730_제과_김수정,235,1,3599.0,0
2026-08-03,(마스터ASC)[제과_블트하] 26.07_블트깡출시_ASC_전환_image,(마스터ASC)[제과_블트하] 26.07_블트깡출시_ASC_전환_image,[26.07]F_I_BT칩_전환_블트칩출시_혜택강조형_KR2_.배너_공지문.결제오류안내표.__최나영_260730_제과_김수정,433,7,9225.0,1
2026-08-03,[칩] (마스터ASC)[제과_블트하] 26.07_블트칩출시_ASC_전환_video,[칩] (마스터ASC)[제과_블트하] 26.07_블트칩출시_ASC_전환_video,[26.08]F_V_BT혼_전환_블트칩출시_신규BP_풀리오BP.KR1_var2.릴스_외부BP후킹.남편.X_2P_최나영_260801_제과_이봄1,352,11,10804.0,1
2026-08-03,(마스터ASC)[제과_블트하] 26.07_블트깡출시_ASC_전환_image,(마스터ASC)[제과_블트하] 26.07_블트깡출시_ASC_전환_image,[26.07]F_I_BT혼_전환_블트칩출시_혜택강조형_KR2_.배너_공지문.결제오류안내.__김소희_260731_제과_김수정,920,18,23658.0,0
2026-08-03,[제과_블트하] 26.07_블트깡출시_수동_전환_image_전체타겟,0731_주변인.혜택위계_블트칩출시,[26.07]F_I_BT혼_전환_블트칩출시_혜택강조형_KR1_.배너_공지문.이가격다신없습니다.__김소희_260731_제과_김수정,15,0,210.0,0
2026-08-03,[제과_블트하] 26.07_블트깡출시_수동_전환_image_전체타겟,0731_주변인.혜택위계_블트칩출시,[26.07]F_I_BT칩_전환_블트칩출시_혜택강조형_KR2_.배너_급구개당1천원대.__김소희_260731_제과_김수정,3,0,48.0,0
2026-07-30,[제과_콘스프맛 팝콘] 26.05_콘스프맛팝콘출시_ASC_전환_video_네고형_0506,[콘스프맛 팝콘] 26.05_콘스프맛팝콘출시_ASC_전환_video_네고형_0506,[26.05]F_V_PC콘_전환_콘스프맛팝콘출시_네고형_네고형_main.릴스_공통.형민.형민PJ1_3C_박현지_260506_3T_이수민,53967,373,472346.0,38
2026-07-30,(마스터ASC)[제과_콘스프맛 팝콘] 26.05_콘스프맛팝콘출시_ASC_전환_video,(마스터ASC)[콘스프맛 팝콘] 26.05_콘스프맛팝콘출시_ASC_전환_video,[26.06]F_V_PC혼_전환_콘스프맛팝콘출시_네고형_관계성네고형_var4.릴스_공통시작.X_2P_박현지_260612_제과_이미진,413,7,7805.0,1
2026-07-30,(마스터ASC)[제과_블트하] 26.07_블트깡출시_ASC_전환_video,(마스터ASC)[제과_블트하] 26.07_블트깡출시_ASC_전환_video,[26.07]F_V_BT깡_전환_블트깡출시_쩜오건_내돈내산리뷰.KR1_var2.릴스_SNS.X_1P_김소희_260715_제과_문형민,379,4,7471.0,1
2026-07-30,[칩] (마스터ASC)[제과_블트하] 26.07_블트칩출시_ASC_전환_image,[칩] (마스터ASC)[제과_블트하] 26.07_블트칩출시_ASC_전환_image,[26.07]F_I_BT칩_전환_블트칩출시_혜택강조형_KR1_.피드_초딩입맛우리남편.__김소희_260728_제과_김수정,8,0,197.0,0
2026-07-30,[칩] (마스터ASC)[제과_블트하] 26.07_블트칩출시_ASC_전환_image,[칩] (마스터ASC)[제과_블트하] 26.07_블트칩출시_ASC_전환_image,[26.07]F_I_BT깡_전환_블트칩출시_혜택강조형_KR1_.릴스_입맛깐깐한남편쟁여두는.__김소희_260729_제과_김수정,897,8,21921.0,1
2026-07-30,[칩] (마스터ASC)[제과_블트하] 26.07_블트칩출시_ASC_전환_image,[칩] (마스터ASC)[제과_블트하] 26.07_블트칩출시_ASC_전환_image,[26.07]F_I_BT깡_전환_블트칩출시_혜택강조형_KR1_.릴스_지금이젤싸요.__김소희_260729_제과_김수정,105,1,1431.0,0
2026-07-30,[칩] (마스터ASC)[제과_블트하] 26.07_블트칩출시_ASC_전환_image,[칩] (마스터ASC)[제과_블트하] 26.07_블트칩출시_ASC_전환_image,[26.07]F_I_BT칩_전환_블트칩출시_혜택강조형_KR2_.릴스_안다르bp.지금이젤싸요.옆자리동료.__김소희_260729_제과_박서연,140,0,4919.0,0
2026-07-31,[제과_콘스프맛 팝콘] 26.05_콘스프맛팝콘출시_ASC_전환_video_네고형_0506,[콘스프맛 팝콘] 26.05_콘스프맛팝콘출시_ASC_전환_video_네고형_0506,[26.05]F_V_PC콘_전환_콘스프맛팝콘출시_네고형_네고형_main.릴스_공통.형민.형민PJ1_3C_박현지_260506_3T_이수민,103905,577,828329.0,64
2026-07-31,(마스터ASC)[제과_블트하] 26.07_블트깡출시_ASC_전환_video,(마스터ASC)[제과_블트하] 26.07_블트깡출시_ASC_전환_video,[26.07]F_V_BT깡_전환_블트깡출시_쩜오건_내돈내산리뷰.KR1_var2.릴스_SNS.X_1P_김소희_260715_제과_문형민,78,1,1099.0,0
2026-07-31,[제과_블트하] 26.07_블트깡출시_수동_전환_image_전체타겟,(혼합) 주변인상황_블트칩출시 (릴스형) (KR2) (0729),[26.07]F_I_BT칩_전환_블트칩출시_혜택강조형_KR2_.릴스_상황연출.배너형.불금넷플.확장__김소희_260724_제과_김수정,10,0,492.0,0
2026-07-31,[칩] (마스터ASC)[제과_블트하] 26.07_블트칩출시_ASC_전환_image,[칩] (마스터ASC)[제과_블트하] 26.07_블트칩출시_ASC_전환_image,[26.07]F_I_BT깡_전환_블트칩출시_혜택강조형_KR1_.릴스_입맛깐깐한남편쟁여두는.__김소희_260729_제과_김수정,2961,35,53560.0,5
2026-07-31,[칩] (마스터ASC)[제과_블트하] 26.07_블트칩출시_ASC_전환_image,[칩] (마스터ASC)[제과_블트하] 26.07_블트칩출시_ASC_전환_image,[26.07]F_I_BT깡_전환_블트칩출시_혜택강조형_KR1_.릴스_지금이젤싸요.__김소희_260729_제과_김수정,300,2,4490.0,1
2026-07-31,[칩] (마스터ASC)[제과_블트하] 26.07_블트칩출시_ASC_전환_image,[칩] (마스터ASC)[제과_블트하] 26.07_블트칩출시_ASC_전환_image,[26.07]F_I_BT칩_전환_블트칩출시_혜택강조형_KR2_.릴스_안다르bp.지금이젤싸요.옆자리동료.__김소희_260729_제과_박서연,136,1,3081.0,0
2026-07-31,[제과_블트하] 26.07_블트깡출시_수동_전환_image_전체타겟,0731_주변인.혜택위계_블트칩출시,[26.07]F_I_BT깡_전환_블트칩출시_혜택강조형_KR2_.배너_재고소진시가격인상.__김소희_260731_제과_김수정,46,0,1058.0,0
2026-08-01,[제과_콘스프맛 팝콘] 26.05_콘스프맛팝콘출시_ASC_전환_video_네고형_0506,[콘스프맛 팝콘] 26.05_콘스프맛팝콘출시_ASC_전환_video_네고형_0506,[26.05]F_V_PC콘_전환_콘스프맛팝콘출시_네고형_네고형_main.릴스_공통.형민.형민PJ1_3C_박현지_260506_3T_이수민,126292,824,1070956.0,76
2026-08-01,(마스터ASC)[제과_블트하] 26.07_블트깡출시_ASC_전환_video,(마스터ASC)[제과_블트하] 26.07_블트깡출시_ASC_전환_video,[26.07]F_V_BT깡_전환_블트깡출시_쩜오건_내돈내산리뷰.KR1_var2.릴스_SNS.X_1P_김소희_260715_제과_문형민,105,0,1023.0,0
2026-08-01,[제과_블트하] 26.07_블트깡출시_수동_전환_image_전체타겟,(혼합) 주변인상황_블트칩출시 (릴스형) (KR2) (0729),[26.07]F_I_BT칩_전환_블트칩출시_혜택강조형_KR2_.릴스_상황연출.배너형.불금넷플.확장__김소희_260724_제과_김수정,220,4,8475.0,0
2026-08-01,[칩] (마스터ASC)[제과_블트하] 26.07_블트칩출시_ASC_전환_image,[칩] (마스터ASC)[제과_블트하] 26.07_블트칩출시_ASC_전환_image,[26.07]F_I_BT깡_전환_블트칩출시_혜택강조형_KR1_.릴스_입맛깐깐한남편쟁여두는.__김소희_260729_제과_김수정,5040,56,92626.0,7
2026-08-01,[칩] (마스터ASC)[제과_블트하] 26.07_블트칩출시_ASC_전환_image,[칩] (마스터ASC)[제과_블트하] 26.07_블트칩출시_ASC_전환_image,[26.07]F_I_BT깡_전환_블트칩출시_혜택강조형_KR1_.릴스_지금이젤싸요.__김소희_260729_제과_김수정,208,7,3208.0,2
2026-08-01,[칩] (마스터ASC)[제과_블트하] 26.07_블트칩출시_ASC_전환_image,[칩] (마스터ASC)[제과_블트하] 26.07_블트칩출시_ASC_전환_image,[26.07]F_I_BT칩_전환_블트칩출시_혜택강조형_KR2_.릴스_안다르bp.지금이젤싸요.옆자리동료.__김소희_260729_제과_박서연,14,0,453.0,0
2026-08-01,[제과_블트하] 26.07_블트깡출시_수동_전환_video_전체타겟,0731_풀리오BP_블트칩출시 (KR1),[26.08]F_V_BT혼_전환_블트칩출시_신규BP_풀리오BP.KR1_var4.릴스_무심함후킹.남편.X_2P_최나영_260801_제과_이봄1,429,13,11115.0,2
2026-08-01,[제과_블트하] 26.07_블트깡출시_수동_전환_image_전체타겟,0731_주변인.혜택위계_블트칩출시,[26.07]F_I_BT깡_전환_블트칩출시_혜택강조형_KR2_.배너_재고소진시가격인상.__김소희_260731_제과_김수정,127,2,2120.0,0
2026-08-02,[제과_콘스프맛 팝콘] 26.05_콘스프맛팝콘출시_ASC_전환_video_네고형_0506,[콘스프맛 팝콘] 26.05_콘스프맛팝콘출시_ASC_전환_video_네고형_0506,[26.05]F_V_PC콘_전환_콘스프맛팝콘출시_네고형_네고형_main.릴스_공통.형민.형민PJ1_3C_박현지_260506_3T_이수민,133201,1022,1076722.0,74
2026-08-02,(마스터ASC)[제과_블트하] 26.07_블트깡출시_ASC_전환_video,(마스터ASC)[제과_블트하] 26.07_블트깡출시_ASC_전환_video,[26.07]F_V_BT깡_전환_블트깡출시_쩜오건_내돈내산리뷰.KR1_var2.릴스_SNS.X_1P_김소희_260715_제과_문형민,97,3,1559.0,0
2026-08-02,[제과_블트하] 26.07_블트깡출시_수동_전환_image_전체타겟,(혼합) 주변인상황_블트칩출시 (릴스형) (KR2) (0729),[26.07]F_I_BT칩_전환_블트칩출시_혜택강조형_KR2_.릴스_상황연출.배너형.불금넷플.확장__김소희_260724_제과_김수정,481,7,23439.0,0
2026-08-02,[칩] (마스터ASC)[제과_블트하] 26.07_블트칩출시_ASC_전환_image,[칩] (마스터ASC)[제과_블트하] 26.07_블트칩출시_ASC_전환_image,[26.07]F_I_BT칩_전환_블트칩출시_혜택강조형_KR1_.피드_초딩입맛우리남편.__김소희_260728_제과_김수정,51,0,3754.0,0
2026-08-02,[칩] (마스터ASC)[제과_블트하] 26.07_블트칩출시_ASC_전환_image,[칩] (마스터ASC)[제과_블트하] 26.07_블트칩출시_ASC_전환_image,[26.07]F_I_BT깡_전환_블트칩출시_혜택강조형_KR1_.릴스_입맛깐깐한남편쟁여두는.__김소희_260729_제과_김수정,1158,11,18597.0,2
2026-08-02,[칩] (마스터ASC)[제과_블트하] 26.07_블트칩출시_ASC_전환_image,[칩] (마스터ASC)[제과_블트하] 26.07_블트칩출시_ASC_전환_image,[26.07]F_I_BT깡_전환_블트칩출시_혜택강조형_KR1_.릴스_지금이젤싸요.__김소희_260729_제과_김수정,2203,25,37317.0,2
2026-08-02,[칩] (마스터ASC)[제과_블트하] 26.07_블트칩출시_ASC_전환_image,[칩] (마스터ASC)[제과_블트하] 26.07_블트칩출시_ASC_전환_image,[26.07]F_I_BT칩_전환_블트칩출시_혜택강조형_KR2_.릴스_안다르bp.지금이젤싸요.옆자리동료.__김소희_260729_제과_박서연,55,0,2329.0,0
2026-08-02,[제과_블트하] 26.07_블트깡출시_수동_전환_image_전체타겟,0731_주변인.혜택위계_블트칩출시,[26.07]F_I_BT깡_전환_블트칩출시_혜택강조형_KR2_.배너_재고소진시가격인상.__김소희_260731_제과_김수정,921,9,17597.0,3
2026-08-03,[제과_콘스프맛 팝콘] 26.05_콘스프맛팝콘출시_ASC_전환_video_네고형_0506,[콘스프맛 팝콘] 26.05_콘스프맛팝콘출시_ASC_전환_video_네고형_0506,[26.05]F_V_PC콘_전환_콘스프맛팝콘출시_네고형_네고형_main.릴스_공통.형민.형민PJ1_3C_박현지_260506_3T_이수민,187090,1645,1432333.0,84
2026-08-03,(마스터ASC)[제과_블트하] 26.07_블트깡출시_ASC_전환_video,(마스터ASC)[제과_블트하] 26.07_블트깡출시_ASC_전환_video,[26.07]F_V_BT깡_전환_블트깡출시_쩜오건_내돈내산리뷰.KR1_var2.릴스_SNS.X_1P_김소희_260715_제과_문형민,3,0,17.0,1
2026-08-03,[칩] (마스터ASC)[제과_블트하] 26.07_블트칩출시_ASC_전환_image,[칩] (마스터ASC)[제과_블트하] 26.07_블트칩출시_ASC_전환_image,[26.07]F_I_BT칩_전환_블트칩출시_혜택강조형_KR1_.피드_초딩입맛우리남편.__김소희_260728_제과_김수정,196,4,3440.0,2
2026-08-03,[칩] (마스터ASC)[제과_블트하] 26.07_블트칩출시_ASC_전환_image,[칩] (마스터ASC)[제과_블트하] 26.07_블트칩출시_ASC_전환_image,[26.07]F_I_BT깡_전환_블트칩출시_혜택강조형_KR1_.릴스_입맛깐깐한남편쟁여두는.__김소희_260729_제과_김수정,964,9,15476.0,0
2026-08-03,[칩] (마스터ASC)[제과_블트하] 26.07_블트칩출시_ASC_전환_image,[칩] (마스터ASC)[제과_블트하] 26.07_블트칩출시_ASC_전환_image,[26.07]F_I_BT깡_전환_블트칩출시_혜택강조형_KR1_.릴스_지금이젤싸요.__김소희_260729_제과_김수정,5081,67,76666.0,6
2026-08-03,[칩] (마스터ASC)[제과_블트하] 26.07_블트칩출시_ASC_전환_image,[칩] (마스터ASC)[제과_블트하] 26.07_블트칩출시_ASC_전환_image,[26.07]F_I_BT칩_전환_블트칩출시_혜택강조형_KR2_.릴스_안다르bp.지금이젤싸요.옆자리동료.__김소희_260729_제과_박서연,160,2,2854.0,1
2026-08-03,[제과_블트하] 26.07_블트깡출시_수동_전환_image_전체타겟,0731_주변인.혜택위계_블트칩출시,[26.07]F_I_BT깡_전환_블트칩출시_혜택강조형_KR2_.배너_재고소진시가격인상.__김소희_260731_제과_김수정,77,0,1191.0,0
2026-07-30,(마스터ASC)[제과_블트하] 26.07_블트깡출시_ASC_전환_video,(마스터ASC)[제과_블트하] 26.07_블트깡출시_ASC_전환_video,[26.07]F_V_BT깡_전환_블트깡출시_제조과정형_CS제조과정형.KR2_var1.릴스_중국산.슬기.X_1P_김소희_260715_제과_피재은,22393,410,426501.0,28
2026-07-30,(마스터ASC)[제과_블트하] 26.07_블트깡출시_ASC_전환_video,(마스터ASC)[제과_블트하] 26.07_블트깡출시_ASC_전환_video,[26.07]F_V_BT깡_전환_블트깡출시_쩜오건_리액션과장.KR1_var4.릴스_출시.제품후킹.X_1P_김소희_260715_제과_문형민,233,5,5569.0,0
2026-07-30,[제과_블트하] 26.07_블트깡출시_수동_전환_image_전체타겟,0728_남편.인정소비_블트깡출시 (KR1),[26.07]F_I_BT깡_전환_블트칩출시_혜택강조형_KR1_.피드_지금이젤싸요.__김소희_260728_제과_김수정,630,11,12317.0,1
2026-07-30,[칩] (마스터ASC)[제과_블트하] 26.07_블트칩출시_ASC_전환_image,[칩] (마스터ASC)[제과_블트하] 26.07_블트칩출시_ASC_전환_image,[26.07]F_I_BT칩_전환_블트칩출시_혜택강조형_KR2_.릴스_안다르bp.사무실맛잘알.__김소희_260729_제과_박서연,109,1,1817.0,0
2026-07-31,(마스터ASC)[제과_블트하] 26.07_블트깡출시_ASC_전환_video,(마스터ASC)[제과_블트하] 26.07_블트깡출시_ASC_전환_video,[26.07]F_V_BT깡_전환_블트깡출시_제조과정형_CS제조과정형.KR2_var1.릴스_중국산.슬기.X_1P_김소희_260715_제과_피재은,5835,95,91355.0,6
2026-07-31,(마스터ASC)[제과_블트하] 26.07_블트깡출시_ASC_전환_video,(마스터ASC)[제과_블트하] 26.07_블트깡출시_ASC_전환_video,[26.07]F_V_BT깡_전환_블트깡출시_쩜오건_리액션과장.KR1_var4.릴스_출시.제품후킹.X_1P_김소희_260715_제과_문형민,157,0,2742.0,0
2026-07-31,[제과_블트하] 26.07_블트깡출시_수동_전환_image_전체타겟,0728_남편.인정소비_블트깡출시 (KR1),[26.07]F_I_BT깡_전환_블트칩출시_혜택강조형_KR1_.피드_지금이젤싸요.__김소희_260728_제과_김수정,73,0,1290.0,0
2026-07-31,[칩] (마스터ASC)[제과_블트하] 26.07_블트칩출시_ASC_전환_image,[칩] (마스터ASC)[제과_블트하] 26.07_블트칩출시_ASC_전환_image,[26.07]F_I_BT칩_전환_블트칩출시_혜택강조형_KR2_.릴스_안다르bp.사무실맛잘알.__김소희_260729_제과_박서연,71,0,1061.0,0
2026-07-31,[제과_블트하] 26.07_블트깡출시_수동_전환_image_전체타겟,0730_주변인정.혜택_블트칩출시,[26.07]F_I_BT깡_전환_블트칩출시_혜택강조형_KR2_.배너_집들이때꺼냈다가.__최나영_260730_제과_김수정,21,0,410.0,0
2026-08-01,(마스터ASC)[제과_블트하] 26.07_블트깡출시_ASC_전환_video,(마스터ASC)[제과_블트하] 26.07_블트깡출시_ASC_전환_video,[26.07]F_V_BT깡_전환_블트깡출시_제조과정형_CS제조과정형.KR2_var1.릴스_중국산.슬기.X_1P_김소희_260715_제과_피재은,4799,82,72165.0,3
2026-08-01,(마스터ASC)[제과_블트하] 26.07_블트깡출시_ASC_전환_video,(마스터ASC)[제과_블트하] 26.07_블트깡출시_ASC_전환_video,[26.07]F_V_BT깡_전환_블트깡출시_쩜오건_리액션과장.KR1_var4.릴스_출시.제품후킹.X_1P_김소희_260715_제과_문형민,40,0,332.0,0
2026-08-01,[제과_블트하] 26.07_블트깡출시_수동_전환_image_전체타겟,0728_남편.인정소비_블트깡출시 (KR1),[26.07]F_I_BT깡_전환_블트칩출시_혜택강조형_KR1_.피드_지금이젤싸요.__김소희_260728_제과_김수정,23,0,325.0,0
2026-08-01,[칩] (마스터ASC)[제과_블트하] 26.07_블트칩출시_ASC_전환_image,[칩] (마스터ASC)[제과_블트하] 26.07_블트칩출시_ASC_전환_image,[26.07]F_I_BT칩_전환_블트칩출시_혜택강조형_KR2_.릴스_안다르bp.사무실맛잘알.__김소희_260729_제과_박서연,18,1,497.0,0
2026-08-01,[제과_블트하] 26.07_블트깡출시_수동_전환_image_전체타겟,0730_주변인정.혜택_블트칩출시,[26.07]F_I_BT깡_전환_블트칩출시_혜택강조형_KR2_.배너_집들이때꺼냈다가.__최나영_260730_제과_김수정,3,0,8.0,0
2026-08-02,(마스터ASC)[제과_블트하] 26.07_블트깡출시_ASC_전환_video,(마스터ASC)[제과_블트하] 26.07_블트깡출시_ASC_전환_video,[26.07]F_V_BT깡_전환_블트깡출시_제조과정형_CS제조과정형.KR2_var1.릴스_중국산.슬기.X_1P_김소희_260715_제과_피재은,6053,155,134117.0,8
2026-08-02,(마스터ASC)[제과_블트하] 26.07_블트깡출시_ASC_전환_video,(마스터ASC)[제과_블트하] 26.07_블트깡출시_ASC_전환_video,[26.07]F_V_BT깡_전환_블트깡출시_쩜오건_리액션과장.KR1_var4.릴스_출시.제품후킹.X_1P_김소희_260715_제과_문형민,56,0,689.0,0
2026-08-02,[제과_블트하] 26.07_블트깡출시_수동_전환_image_전체타겟,0728_남편.인정소비_블트깡출시 (KR1),[26.07]F_I_BT깡_전환_블트칩출시_혜택강조형_KR1_.피드_지금이젤싸요.__김소희_260728_제과_김수정,251,8,5739.0,0
2026-08-02,[칩] (마스터ASC)[제과_블트하] 26.07_블트칩출시_ASC_전환_image,[칩] (마스터ASC)[제과_블트하] 26.07_블트칩출시_ASC_전환_image,[26.07]F_I_BT칩_전환_블트칩출시_혜택강조형_KR2_.릴스_안다르bp.사무실맛잘알.__김소희_260729_제과_박서연,2,0,55.0,0
2026-08-02,[제과_블트하] 26.07_블트깡출시_수동_전환_image_전체타겟,0730_주변인정.혜택_블트칩출시,[26.07]F_I_BT깡_전환_블트칩출시_혜택강조형_KR2_.배너_집들이때꺼냈다가.__최나영_260730_제과_김수정,5,0,23.0,0
2026-08-03,(마스터ASC)[제과_블트하] 26.07_블트깡출시_ASC_전환_video,(마스터ASC)[제과_블트하] 26.07_블트깡출시_ASC_전환_video,[26.07]F_V_BT깡_전환_블트깡출시_제조과정형_CS제조과정형.KR2_var1.릴스_중국산.슬기.X_1P_김소희_260715_제과_피재은,2327,58,40271.0,2
2026-08-03,[제과_블트하] 26.07_블트깡출시_수동_전환_image_전체타겟,0728_남편.인정소비_블트깡출시 (KR1),[26.07]F_I_BT깡_전환_블트칩출시_혜택강조형_KR1_.피드_지금이젤싸요.__김소희_260728_제과_김수정,991,9,19250.0,1
2026-08-03,[칩] (마스터ASC)[제과_블트하] 26.07_블트칩출시_ASC_전환_image,[칩] (마스터ASC)[제과_블트하] 26.07_블트칩출시_ASC_전환_image,[26.07]F_I_BT칩_전환_블트칩출시_혜택강조형_KR2_.릴스_안다르bp.사무실맛잘알.__김소희_260729_제과_박서연,13,0,101.0,0
2026-07-30,[제과_블트하] 26.07_블트깡출시_수동_전환_image_전체타겟,0728_남편.인정소비_블트깡출시 (KR1),[26.07]F_I_BT깡_전환_블트칩출시_혜택강조형_KR1_.피드_3박스더사달래요.__김소희_260728_제과_김수정,442,12,8442.0,2
2026-07-30,[칩] (마스터ASC)[제과_블트하] 26.07_블트칩출시_ASC_전환_image,[칩] (마스터ASC)[제과_블트하] 26.07_블트칩출시_ASC_전환_image,[26.07]F_I_BT칩_전환_블트칩출시_혜택강조형_KR2_.피드_얼집맘모임.링크..확장__김소희_260728_제과_박서연,5,0,14.0,0
2026-07-30,[제과_블트하] 26.07_블트깡출시_수동_전환_image_전체타겟,(혼합) 남편페르소나_블트칩출시(릴스형) (KR1) (0729),[26.07]F_I_BT깡_전환_블트칩출시_혜택강조형_KR1_.릴스_안사면손해예요가격비교.__김소희_260729_제과_김수정,3176,55,55867.0,4
2026-07-30,[제과_블트하] 26.07_블트깡출시_수동_전환_image_전체타겟,(혼합) 주변인상황_블트칩출시 (릴스형) (KR2) (0729),[26.07]F_I_BT깡_전환_블트칩출시_혜택강조형_KR2_.릴스_모션.팀장님링크.__김소희_260729_제과_박서연,21,0,361.0,0
2026-07-30,(마스터ASC)[제과_블트하] 26.07_블트깡출시_ASC_전환_image,(마스터ASC)[제과_블트하] 26.07_블트깡출시_ASC_전환_image,[26.07]F_I_BT칩_전환_블트칩출시_혜택강조형_KR1_.배너_모임갈때마다.__최나영_260730_제과_김수정,16,1,426.0,1
2026-07-31,[제과_블트하] 26.07_블트깡출시_수동_전환_image_전체타겟,0728_남편.인정소비_블트깡출시 (KR1),[26.07]F_I_BT깡_전환_블트칩출시_혜택강조형_KR1_.피드_3박스더사달래요.__김소희_260728_제과_김수정,25,0,181.0,0
2026-07-31,[칩] (마스터ASC)[제과_블트하] 26.07_블트칩출시_ASC_전환_image,[칩] (마스터ASC)[제과_블트하] 26.07_블트칩출시_ASC_전환_image,[26.07]F_I_BT칩_전환_블트칩출시_혜택강조형_KR2_.피드_얼집맘모임.링크..확장__김소희_260728_제과_박서연,9,0,149.0,0
2026-07-31,[제과_블트하] 26.07_블트깡출시_수동_전환_image_전체타겟,(혼합) 남편페르소나_블트칩출시(릴스형) (KR1) (0729),[26.07]F_I_BT깡_전환_블트칩출시_혜택강조형_KR1_.릴스_안사면손해예요가격비교.__김소희_260729_제과_김수정,1013,13,18460.0,1
2026-07-31,[제과_블트하] 26.07_블트깡출시_수동_전환_image_전체타겟,(혼합) 주변인상황_블트칩출시 (릴스형) (KR2) (0729),[26.07]F_I_BT깡_전환_블트칩출시_혜택강조형_KR2_.릴스_모션.팀장님링크.__김소희_260729_제과_박서연,163,1,3986.0,0
2026-07-31,(마스터ASC)[제과_블트하] 26.07_블트깡출시_ASC_전환_image,(마스터ASC)[제과_블트하] 26.07_블트깡출시_ASC_전환_image,[26.07]F_I_BT칩_전환_블트칩출시_혜택강조형_KR1_.배너_모임갈때마다.__최나영_260730_제과_김수정,45,0,567.0,0
2026-08-01,[제과_블트하] 26.07_블트깡출시_수동_전환_image_전체타겟,0728_남편.인정소비_블트깡출시 (KR1),[26.07]F_I_BT깡_전환_블트칩출시_혜택강조형_KR1_.피드_3박스더사달래요.__김소희_260728_제과_김수정,27,0,285.0,0
2026-08-01,[제과_블트하] 26.07_블트깡출시_수동_전환_image_전체타겟,(혼합) 주변인상황_블트칩출시 (릴스형) (KR2) (0729),[26.07]F_I_BT깡_전환_블트칩출시_혜택강조형_KR2_.릴스_모션.팀장님링크.__김소희_260729_제과_박서연,18,0,235.0,0
2026-08-01,(마스터ASC)[제과_블트하] 26.07_블트깡출시_ASC_전환_image,(마스터ASC)[제과_블트하] 26.07_블트깡출시_ASC_전환_image,[26.07]F_I_BT칩_전환_블트칩출시_혜택강조형_KR1_.배너_모임갈때마다.__최나영_260730_제과_김수정,6,0,62.0,0
2026-08-02,[제과_블트하] 26.07_블트깡출시_수동_전환_image_전체타겟,0728_남편.인정소비_블트깡출시 (KR1),[26.07]F_I_BT깡_전환_블트칩출시_혜택강조형_KR1_.피드_3박스더사달래요.__김소희_260728_제과_김수정,12,1,381.0,0
2026-08-02,[칩] (마스터ASC)[제과_블트하] 26.07_블트칩출시_ASC_전환_image,[칩] (마스터ASC)[제과_블트하] 26.07_블트칩출시_ASC_전환_image,[26.07]F_I_BT칩_전환_블트칩출시_혜택강조형_KR2_.피드_얼집맘모임.링크..확장__김소희_260728_제과_박서연,32,2,665.0,1
2026-08-02,[제과_블트하] 26.07_블트깡출시_수동_전환_image_전체타겟,(혼합) 주변인상황_블트칩출시 (릴스형) (KR2) (0729),[26.07]F_I_BT깡_전환_블트칩출시_혜택강조형_KR2_.릴스_모션.팀장님링크.__김소희_260729_제과_박서연,80,5,3206.0,1
2026-08-03,[칩] (마스터ASC)[제과_블트하] 26.07_블트칩출시_ASC_전환_image,[칩] (마스터ASC)[제과_블트하] 26.07_블트칩출시_ASC_전환_image,[26.07]F_I_BT칩_전환_블트칩출시_혜택강조형_KR2_.피드_얼집맘모임.링크..확장__김소희_260728_제과_박서연,668,2,10785.0,1
2026-08-03,(마스터ASC)[제과_블트하] 26.07_블트깡출시_ASC_전환_image,(마스터ASC)[제과_블트하] 26.07_블트깡출시_ASC_전환_image,[26.07]F_I_BT칩_전환_블트칩출시_혜택강조형_KR1_.배너_모임갈때마다.__최나영_260730_제과_김수정,152,3,2435.0,0
2026-07-30,[제과_블트하] 26.07_블트깡출시_수동_전환_image_전체타겟,0728_남편.인정소비_블트깡출시 (KR1),[26.07]F_I_BT깡_전환_블트깡출시__KR1_.배너_공지문.원산지.확장__김소희_260721_제과_김수정,517,7,10315.0,0
2026-07-30,[제과_블트하] 26.07_블트깡출시_수동_전환_image_전체타겟,(혼합) 남편페르소나_블트칩출시(릴스형) (KR1) (0729),[26.07]F_I_BT깡_전환_블트칩출시_혜택강조형_KR1_.릴스_봉지뜯자마자뺏긴.__김소희_260729_제과_김수정,126,0,2057.0,2
2026-07-31,[제과_블트하] 26.07_블트깡출시_수동_전환_image_전체타겟,0728_남편.인정소비_블트깡출시 (KR1),[26.07]F_I_BT깡_전환_블트깡출시__KR1_.배너_공지문.원산지.확장__김소희_260721_제과_김수정,119,2,2819.0,1
2026-07-31,[제과_블트하] 26.07_블트깡출시_수동_전환_image_전체타겟,[혼합] 남편상황연출_블트칩출시 (KR1) (0727),[26.07]F_I_BT깡_전환_블트깡출시_바이럴형_KR1_.피드_남편인정.회사.확장__김소희_260727_제과_김수정,13,0,330.0,0
2026-07-31,[제과_블트하] 26.07_블트깡출시_수동_전환_image_전체타겟,(혼합) 남편페르소나_블트칩출시(릴스형) (KR1) (0729),[26.07]F_I_BT깡_전환_블트칩출시_혜택강조형_KR1_.릴스_봉지뜯자마자뺏긴.__김소희_260729_제과_김수정,9,1,269.0,2
2026-07-31,[제과_블트하] 26.07_블트깡출시_수동_전환_video_전체타겟,0731_풀리오BP_블트칩출시 (KR1),[26.08]F_V_BT혼_전환_블트칩출시_신규BP_풀리오BP.KR1_var4.릴스_무심함후킹.남편.X_2P_최나영_260801_제과_이봄1,42,5,592.0,0
2026-07-31,[제과_블트하] 26.07_블트깡출시_수동_전환_video_전체타겟,0731_관계성네고형_블트칩출시 (KR2),[26.08]F_V_BT칩_전환_블트칩출시_네고형_관계성네고형.KR2_main.릴스_맥주취식.시어머니.X_2P_김소희_260801_제과_이미진,519,14,13321.0,1
2026-07-31,(마스터ASC)[제과_블트하] 26.07_블트깡출시_ASC_전환_image,(마스터ASC)[제과_블트하] 26.07_블트깡출시_ASC_전환_image,[26.07]F_I_BT칩_전환_블트칩출시_혜택강조형_KR1_.배너_다시는없어요.__김소희_260731_제과_김수정,8,0,320.0,0
2026-08-01,[제과_블트하] 26.07_블트깡출시_수동_전환_image_전체타겟,0728_남편.인정소비_블트깡출시 (KR1),[26.07]F_I_BT깡_전환_블트깡출시__KR1_.배너_공지문.원산지.확장__김소희_260721_제과_김수정,48,0,703.0,0
2026-08-01,[제과_블트하] 26.07_블트깡출시_수동_전환_image_전체타겟,(혼합) 남편페르소나_블트칩출시(릴스형) (KR1) (0729),[26.07]F_I_BT깡_전환_블트칩출시_혜택강조형_KR1_.릴스_봉지뜯자마자뺏긴.__김소희_260729_제과_김수정,133,0,2786.0,0
2026-08-01,[제과_블트하] 26.07_블트깡출시_수동_전환_video_전체타겟,0731_관계성네고형_블트칩출시 (KR2),[26.08]F_V_BT칩_전환_블트칩출시_네고형_관계성네고형.KR2_main.릴스_맥주취식.시어머니.X_2P_김소희_260801_제과_이미진,1617,46,40597.0,2
2026-08-01,(마스터ASC)[제과_블트하] 26.07_블트깡출시_ASC_전환_image,(마스터ASC)[제과_블트하] 26.07_블트깡출시_ASC_전환_image,[26.07]F_I_BT칩_전환_블트칩출시_혜택강조형_KR1_.배너_다시는없어요.__김소희_260731_제과_김수정,22,0,308.0,0
2026-08-02,[제과_블트하] 26.07_블트깡출시_수동_전환_image_전체타겟,0728_남편.인정소비_블트깡출시 (KR1),[26.07]F_I_BT깡_전환_블트깡출시__KR1_.배너_공지문.원산지.확장__김소희_260721_제과_김수정,1070,19,21717.0,1
2026-08-02,[제과_블트하] 26.07_블트깡출시_수동_전환_video_전체타겟,0731_풀리오BP_블트칩출시 (KR1),[26.08]F_V_BT혼_전환_블트칩출시_신규BP_풀리오BP.KR1_var4.릴스_무심함후킹.남편.X_2P_최나영_260801_제과_이봄1,708,22,24372.0,2
2026-08-02,[제과_블트하] 26.07_블트깡출시_수동_전환_video_전체타겟,0731_관계성네고형_블트칩출시 (KR2),[26.08]F_V_BT칩_전환_블트칩출시_네고형_관계성네고형.KR2_main.릴스_맥주취식.시어머니.X_2P_김소희_260801_제과_이미진,27262,684,710241.0,55
2026-08-02,(마스터ASC)[제과_블트하] 26.07_블트깡출시_ASC_전환_image,(마스터ASC)[제과_블트하] 26.07_블트깡출시_ASC_전환_image,[26.07]F_I_BT칩_전환_블트칩출시_혜택강조형_KR1_.배너_다시는없어요.__김소희_260731_제과_김수정,114,4,2345.0,0
2026-08-03,[제과_블트하] 26.07_블트깡출시_수동_전환_video_전체타겟,0731_풀리오BP_블트칩출시 (KR1),[26.08]F_V_BT혼_전환_블트칩출시_신규BP_풀리오BP.KR1_var4.릴스_무심함후킹.남편.X_2P_최나영_260801_제과_이봄1,343,9,10173.0,1
2026-08-03,[제과_블트하] 26.07_블트깡출시_수동_전환_video_전체타겟,0731_관계성네고형_블트칩출시 (KR2),[26.08]F_V_BT칩_전환_블트칩출시_네고형_관계성네고형.KR2_main.릴스_맥주취식.시어머니.X_2P_김소희_260801_제과_이미진,1614,44,35493.0,2
2026-08-03,(마스터ASC)[제과_블트하] 26.07_블트깡출시_ASC_전환_image,(마스터ASC)[제과_블트하] 26.07_블트깡출시_ASC_전환_image,[26.07]F_I_BT칩_전환_블트칩출시_혜택강조형_KR1_.배너_다시는없어요.__김소희_260731_제과_김수정,28,2,576.0,0
2026-07-30,(마스터ASC)[제과_블트하] 26.07_블트깡출시_ASC_전환_image,(마스터ASC)[제과_블트하] 26.07_블트깡출시_ASC_전환_image,[26.07]F_I_BT깡_전환_블트깡출시_바이럴형_KR1_.배너_일반특정집단.탕비실난리.검증__김소희_260715_제과_김수정,313,7,6057.0,1
2026-07-30,[제과_블트하] 26.07_블트깡출시_수동_전환_image_전체타겟,[혼합] 주변인 상황연출_블트칩출시 (KR2) (0727),[26.07]F_I_BT칩_전환_블트칩출시_혜택강조형_KR2_.피드_주변인.친척모임.확장__김소희_260727_제과_박서연,376,8,11088.0,2
2026-07-30,[칩] (마스터ASC)[제과_블트하] 26.07_블트칩출시_ASC_전환_image,[칩] (마스터ASC)[제과_블트하] 26.07_블트칩출시_ASC_전환_image,[26.07]F_I_BT칩_전환_블트칩출시_혜택강조형_KR1_.릴스_과자안먹는남편내돈내산.__김소희_260729_제과_김수정,522,6,13060.0,2
2026-07-30,[제과_블트하] 26.07_블트깡출시_수동_전환_image_전체타겟,0730_주변인정.혜택_블트칩출시,[26.07]F_I_BT깡_전환_블트칩출시_혜택강조형_KR1_.배너_주문폭주안내.__최나영_260730_제과_김수정,4,0,13.0,0
2026-07-31,(마스터ASC)[제과_블트하] 26.07_블트깡출시_ASC_전환_image,(마스터ASC)[제과_블트하] 26.07_블트깡출시_ASC_전환_image,[26.07]F_I_BT깡_전환_블트깡출시_바이럴형_KR1_.배너_일반특정집단.탕비실난리.검증__김소희_260715_제과_김수정,129,2,2763.0,0
2026-07-31,[제과_블트하] 26.07_블트깡출시_수동_전환_image_전체타겟,[혼합] 주변인 상황연출_블트칩출시 (KR2) (0727),[26.07]F_I_BT칩_전환_블트칩출시_혜택강조형_KR2_.피드_주변인.친척모임.확장__김소희_260727_제과_박서연,54,0,1549.0,1
2026-07-31,[칩] (마스터ASC)[제과_블트하] 26.07_블트칩출시_ASC_전환_image,[칩] (마스터ASC)[제과_블트하] 26.07_블트칩출시_ASC_전환_image,[26.07]F_I_BT칩_전환_블트칩출시_혜택강조형_KR1_.릴스_과자안먹는남편내돈내산.__김소희_260729_제과_김수정,427,4,8242.0,0
2026-07-31,[제과_블트하] 26.07_블트깡출시_수동_전환_image_전체타겟,0730_주변인정.혜택_블트칩출시,[26.07]F_I_BT깡_전환_블트칩출시_혜택강조형_KR1_.배너_주문폭주안내.__최나영_260730_제과_김수정,51,0,758.0,0
2026-08-01,(마스터ASC)[제과_블트하] 26.07_블트깡출시_ASC_전환_image,(마스터ASC)[제과_블트하] 26.07_블트깡출시_ASC_전환_image,[26.07]F_I_BT깡_전환_블트깡출시_바이럴형_KR1_.배너_일반특정집단.탕비실난리.검증__김소희_260715_제과_김수정,1490,23,26222.0,0
2026-08-01,[제과_블트하] 26.07_블트깡출시_수동_전환_image_전체타겟,[혼합] 주변인 상황연출_블트칩출시 (KR2) (0727),[26.07]F_I_BT칩_전환_블트칩출시_혜택강조형_KR2_.피드_주변인.친척모임.확장__김소희_260727_제과_박서연,54,2,1249.0,0
2026-08-01,[칩] (마스터ASC)[제과_블트하] 26.07_블트칩출시_ASC_전환_image,[칩] (마스터ASC)[제과_블트하] 26.07_블트칩출시_ASC_전환_image,[26.07]F_I_BT칩_전환_블트칩출시_혜택강조형_KR2_.피드_주변인.얼집맘모임.확장__김소희_260727_제과_박서연,17,0,283.0,0
2026-08-01,[칩] (마스터ASC)[제과_블트하] 26.07_블트칩출시_ASC_전환_image,[칩] (마스터ASC)[제과_블트하] 26.07_블트칩출시_ASC_전환_image,[26.07]F_I_BT칩_전환_블트칩출시_혜택강조형_KR1_.릴스_과자안먹는남편내돈내산.__김소희_260729_제과_김수정,412,7,5780.0,0
2026-08-01,[제과_블트하] 26.07_블트깡출시_수동_전환_image_전체타겟,0730_주변인정.혜택_블트칩출시,[26.07]F_I_BT깡_전환_블트칩출시_혜택강조형_KR1_.배너_주문폭주안내.__최나영_260730_제과_김수정,19,1,219.0,0
2026-08-02,[제과_블트하] 26.07_블트깡출시_수동_전환_image_전체타겟,[혼합] 주변인 상황연출_블트칩출시 (KR2) (0727),[26.07]F_I_BT칩_전환_블트칩출시_혜택강조형_KR2_.피드_주변인.친척모임.확장__김소희_260727_제과_박서연,186,1,3612.0,0
2026-08-02,[칩] (마스터ASC)[제과_블트하] 26.07_블트칩출시_ASC_전환_image,[칩] (마스터ASC)[제과_블트하] 26.07_블트칩출시_ASC_전환_image,[26.07]F_I_BT칩_전환_블트칩출시_혜택강조형_KR1_.릴스_과자안먹는남편내돈내산.__김소희_260729_제과_김수정,505,4,7272.0,1
2026-08-02,[칩] (마스터ASC)[제과_블트하] 26.07_블트칩출시_ASC_전환_image,[칩] (마스터ASC)[제과_블트하] 26.07_블트칩출시_ASC_전환_image,[26.07]F_I_BT혼_전환_블트칩출시_혜택강조형_KR2_.릴스_냄새맡고옆자리동료.__김소희_260729_제과_김수정,7,0,59.0,0
2026-08-02,[제과_블트하] 26.07_블트깡출시_수동_전환_image_전체타겟,0730_주변인정.혜택_블트칩출시,[26.07]F_I_BT깡_전환_블트칩출시_혜택강조형_KR1_.배너_주문폭주안내.__최나영_260730_제과_김수정,2,0,34.0,0
2026-08-02,[제과_블트하] 26.07_블트깡출시_수동_전환_video_전체타겟,0731_풀리오BP_블트칩출시 (KR1),[26.08]F_V_BT혼_전환_블트칩출시_신규BP_풀리오BP.KR1_var5.릴스_중독성후킹.남편.X_2P_최나영_260801_제과_이봄1,2360,49,63964.0,3
2026-08-03,[제과_블트하] 26.07_블트깡출시_수동_전환_image_전체타겟,[혼합] 주변인 상황연출_블트칩출시 (KR2) (0727),[26.07]F_I_BT칩_전환_블트칩출시_혜택강조형_KR2_.피드_주변인.친척모임.확장__김소희_260727_제과_박서연,317,3,9965.0,1
2026-08-03,[칩] (마스터ASC)[제과_블트하] 26.07_블트칩출시_ASC_전환_image,[칩] (마스터ASC)[제과_블트하] 26.07_블트칩출시_ASC_전환_image,[26.07]F_I_BT칩_전환_블트칩출시_혜택강조형_KR2_.피드_주변인.얼집맘모임.확장__김소희_260727_제과_박서연,59,0,1187.0,0
2026-08-03,[칩] (마스터ASC)[제과_블트하] 26.07_블트칩출시_ASC_전환_image,[칩] (마스터ASC)[제과_블트하] 26.07_블트칩출시_ASC_전환_image,[26.07]F_I_BT칩_전환_블트칩출시_혜택강조형_KR1_.릴스_과자안먹는남편내돈내산.__김소희_260729_제과_김수정,1107,12,15828.0,1
2026-08-03,[제과_블트하] 26.07_블트깡출시_수동_전환_image_전체타겟,0730_주변인정.혜택_블트칩출시,[26.07]F_I_BT깡_전환_블트칩출시_혜택강조형_KR1_.배너_주문폭주안내.__최나영_260730_제과_김수정,6,0,30.0,0
2026-07-30,[제과_블트하] 26.07_블트깡출시_수동_전환_video_전체타겟,0725_클룹BP_블트칩출시 (KR1),[26.07]F_V_BT혼_전환_블트칩출시_기타_클룹BP.KR1_var3.릴스_맛SP.슬기.X_1P_최나영_260723_제과_피재은,131401,2156,2128538.0,161
2026-07-30,[칩] (마스터ASC)[제과_블트하] 26.07_블트칩출시_ASC_전환_image,[칩] (마스터ASC)[제과_블트하] 26.07_블트칩출시_ASC_전환_image,[26.07]F_I_BT칩_전환_블트칩출시_혜택강조형_KR1_.배너_맘카페.고급권위실체.확장__김소희_260723_제과_박지현,535,6,12213.0,1
2026-07-30,[칩] (마스터ASC)[제과_블트하] 26.07_블트칩출시_ASC_전환_video,[칩] (마스터ASC)[제과_블트하] 26.07_블트칩출시_ASC_전환_video,[26.07]F_V_BT칩_전환_블트칩출시_쩜오건_오감자BP.KR1_var1.릴스_트러플하몽대세감.X_2P_최나영_260724_제과_윤성미,784,9,11060.0,2
2026-07-30,[칩] (마스터ASC)[제과_블트하] 26.07_블트칩출시_ASC_전환_image,[칩] (마스터ASC)[제과_블트하] 26.07_블트칩출시_ASC_전환_image,[26.07]F_I_BT칩_전환_블트칩출시_혜택강조형_KR1_.피드_이제다시는없습니다.__김소희_260728_제과_김수정,2,0,47.0,0
2026-07-30,[칩] (마스터ASC)[제과_블트하] 26.07_블트칩출시_ASC_전환_image,[칩] (마스터ASC)[제과_블트하] 26.07_블트칩출시_ASC_전환_image,[26.07]F_I_BT칩_전환_블트칩출시_혜택강조형_KR2_.피드_사무실맛잘알공구..확장__김소희_260728_제과_박서연,49,1,571.0,0
2026-07-30,(마스터ASC)[제과_블트하] 26.07_블트깡출시_ASC_전환_video,(마스터ASC)[제과_블트하] 26.07_블트깡출시_ASC_전환_video,[26.07]F_V_BT깡_전환_블트깡출시_쩜오건_BP1.KR1_main.릴스_공통.슬기.X_1P_김소희_260729_제과_피재은,403,5,7418.0,0
2026-07-30,[제과_블트하] 26.07_블트깡출시_수동_전환_image_전체타겟,(혼합) 남편페르소나_블트칩출시(릴스형) (KR1) (0729),[26.07]F_I_BT칩_전환_블트칩출시_혜택강조형_KR1_.릴스_초딩입맛남편인정.__김소희_260729_제과_김수정,180,4,4633.0,0
2026-07-30,[제과_블트하] 26.07_블트깡출시_수동_전환_image_전체타겟,(혼합) 주변인상황_블트칩출시 (릴스형) (KR2) (0729),[26.07]F_I_BT칩_전환_블트칩출시_혜택강조형_KR2_.릴스_모션.회사에서맛잘알.__김소희_260729_제과_박서연,16,0,246.0,0
2026-07-30,[제과_블트하] 26.07_블트깡출시_수동_전환_image_전체타겟,(혼합) 주변인상황_블트칩출시 (릴스형) (KR2) (0729),[26.07]F_I_BT깡_전환_블트칩출시_혜택강조형_KR2_.릴스_모션.탕비실채우는족족.__김소희_260729_제과_박서연,58,1,1415.0,0
2026-07-30,[제과_블트하] 26.07_블트깡출시_수동_전환_image_전체타겟,(혼합) 주변인상황_블트칩출시 (릴스형) (KR2) (0729),[26.07]F_I_BT칩_전환_블트칩출시_혜택강조형_KR2_.릴스_모션.시댁갈때맛잘알.__김소희_260729_제과_박서연,24,0,624.0,0
2026-07-30,[제과_블트하] 26.07_블트깡출시_수동_전환_image_전체타겟,(혼합) 주변인상황_블트칩출시 (릴스형) (KR2) (0729),[26.07]F_I_BT칩_전환_블트칩출시_혜택강조형_KR2_.릴스_모션.옆짐맘들맛잘알.__김소희_260729_제과_박서연,72,2,1702.0,0
2026-07-30,(마스터ASC)[제과_블트하] 26.07_블트깡출시_ASC_전환_image,(마스터ASC)[제과_블트하] 26.07_블트깡출시_ASC_전환_image,[26.07]F_I_BT칩_전환_블트칩출시_혜택강조형_KR1_.배너_남편앞에서뜯은게실수.__최나영_260730_제과_김수정,22,0,195.0,0
2026-07-30,(마스터ASC)[제과_블트하] 26.07_블트깡출시_ASC_전환_image,(마스터ASC)[제과_블트하] 26.07_블트깡출시_ASC_전환_image,[26.07]F_I_BT칩_전환_블트칩출시_혜택강조형_KR2_.릴스_공지문.재고소진되면.__최나영_260730_제과_김수정,4,0,78.0,0
2026-07-31,[제과_블트하] 26.07_블트깡출시_수동_전환_video_전체타겟,0725_클룹BP_블트칩출시 (KR1),[26.07]F_V_BT혼_전환_블트칩출시_기타_클룹BP.KR1_var3.릴스_맛SP.슬기.X_1P_최나영_260723_제과_피재은,56947,809,760183.0,53
2026-07-31,[칩] (마스터ASC)[제과_블트하] 26.07_블트칩출시_ASC_전환_image,[칩] (마스터ASC)[제과_블트하] 26.07_블트칩출시_ASC_전환_image,[26.07]F_I_BT칩_전환_블트칩출시_혜택강조형_KR1_.배너_맘카페.고급권위실체.확장__김소희_260723_제과_박지현,2099,23,34877.0,6
2026-07-31,[칩] (마스터ASC)[제과_블트하] 26.07_블트칩출시_ASC_전환_video,[칩] (마스터ASC)[제과_블트하] 26.07_블트칩출시_ASC_전환_video,[26.07]F_V_BT칩_전환_블트칩출시_쩜오건_오감자BP.KR1_var1.릴스_트러플하몽대세감.X_2P_최나영_260724_제과_윤성미,89,1,1086.0,0
2026-07-31,[칩] (마스터ASC)[제과_블트하] 26.07_블트칩출시_ASC_전환_image,[칩] (마스터ASC)[제과_블트하] 26.07_블트칩출시_ASC_전환_image,[26.07]F_I_BT깡_전환_블트칩출시_혜택강조형_KR1_.피드_이번주안에.__김소희_260728_제과_김수정,40,0,417.0,0
2026-07-31,[칩] (마스터ASC)[제과_블트하] 26.07_블트칩출시_ASC_전환_image,[칩] (마스터ASC)[제과_블트하] 26.07_블트칩출시_ASC_전환_image,[26.07]F_I_BT칩_전환_블트칩출시_혜택강조형_KR2_.피드_시어머니가 신신당부..확장__김소희_260728_제과_박서연,7,0,90.0,0
2026-07-31,[칩] (마스터ASC)[제과_블트하] 26.07_블트칩출시_ASC_전환_image,[칩] (마스터ASC)[제과_블트하] 26.07_블트칩출시_ASC_전환_image,[26.07]F_I_BT칩_전환_블트칩출시_혜택강조형_KR2_.피드_사무실맛잘알공구..확장__김소희_260728_제과_박서연,80,1,979.0,0
2026-07-31,(마스터ASC)[제과_블트하] 26.07_블트깡출시_ASC_전환_video,(마스터ASC)[제과_블트하] 26.07_블트깡출시_ASC_전환_video,[26.07]F_V_BT깡_전환_블트깡출시_쩜오건_BP1.KR1_main.릴스_공통.슬기.X_1P_김소희_260729_제과_피재은,24,0,579.0,0
2026-07-31,[제과_블트하] 26.07_블트깡출시_수동_전환_image_전체타겟,(혼합) 남편페르소나_블트칩출시(릴스형) (KR1) (0729),[26.07]F_I_BT칩_전환_블트칩출시_혜택강조형_KR1_.릴스_초딩입맛남편인정.__김소희_260729_제과_김수정,102,0,1767.0,0
2026-07-31,[제과_블트하] 26.07_블트깡출시_수동_전환_image_전체타겟,(혼합) 주변인상황_블트칩출시 (릴스형) (KR2) (0729),[26.07]F_I_BT칩_전환_블트칩출시_혜택강조형_KR2_.릴스_모션.회사에서맛잘알.__김소희_260729_제과_박서연,457,10,13754.0,3
2026-07-31,[제과_블트하] 26.07_블트깡출시_수동_전환_image_전체타겟,(혼합) 주변인상황_블트칩출시 (릴스형) (KR2) (0729),[26.07]F_I_BT깡_전환_블트칩출시_혜택강조형_KR2_.릴스_모션.탕비실채우는족족.__김소희_260729_제과_박서연,412,3,10350.0,1
2026-07-31,[제과_블트하] 26.07_블트깡출시_수동_전환_image_전체타겟,(혼합) 주변인상황_블트칩출시 (릴스형) (KR2) (0729),[26.07]F_I_BT칩_전환_블트칩출시_혜택강조형_KR2_.릴스_모션.시댁갈때맛잘알.__김소희_260729_제과_박서연,103,1,2587.0,0
2026-07-31,[제과_블트하] 26.07_블트깡출시_수동_전환_image_전체타겟,(혼합) 주변인상황_블트칩출시 (릴스형) (KR2) (0729),[26.07]F_I_BT칩_전환_블트칩출시_혜택강조형_KR2_.릴스_모션.옆짐맘들맛잘알.__김소희_260729_제과_박서연,76,2,1969.0,1
2026-07-31,(마스터ASC)[제과_블트하] 26.07_블트깡출시_ASC_전환_image,(마스터ASC)[제과_블트하] 26.07_블트깡출시_ASC_전환_image,[26.07]F_I_BT칩_전환_블트칩출시_혜택강조형_KR1_.배너_남편앞에서뜯은게실수.__최나영_260730_제과_김수정,15,0,181.0,0
2026-07-31,(마스터ASC)[제과_블트하] 26.07_블트깡출시_ASC_전환_image,(마스터ASC)[제과_블트하] 26.07_블트깡출시_ASC_전환_image,[26.07]F_I_BT칩_전환_블트칩출시_혜택강조형_KR2_.릴스_공지문.재고소진되면.__최나영_260730_제과_김수정,3877,76,92584.0,5
2026-08-01,[제과_블트하] 26.07_블트깡출시_수동_전환_video_전체타겟,0725_클룹BP_블트칩출시 (KR1),[26.07]F_V_BT혼_전환_블트칩출시_기타_클룹BP.KR1_var3.릴스_맛SP.슬기.X_1P_최나영_260723_제과_피재은,195620,3115,2463718.0,182
2026-08-01,[칩] (마스터ASC)[제과_블트하] 26.07_블트칩출시_ASC_전환_video,[칩] (마스터ASC)[제과_블트하] 26.07_블트칩출시_ASC_전환_video,[26.07]F_V_BT칩_전환_블트칩출시_쩜오건_오감자BP.KR1_var1.릴스_트러플하몽대세감.X_2P_최나영_260724_제과_윤성미,19,0,186.0,0
2026-08-01,[칩] (마스터ASC)[제과_블트하] 26.07_블트칩출시_ASC_전환_image,[칩] (마스터ASC)[제과_블트하] 26.07_블트칩출시_ASC_전환_image,[26.07]F_I_BT칩_전환_블트칩출시_혜택강조형_KR1_.피드_이제다시는없습니다.__김소희_260728_제과_김수정,55,2,1446.0,1
2026-08-01,[칩] (마스터ASC)[제과_블트하] 26.07_블트칩출시_ASC_전환_image,[칩] (마스터ASC)[제과_블트하] 26.07_블트칩출시_ASC_전환_image,[26.07]F_I_BT칩_전환_블트칩출시_혜택강조형_KR2_.피드_시어머니가 신신당부..확장__김소희_260728_제과_박서연,2,0,8.0,0
2026-08-01,[칩] (마스터ASC)[제과_블트하] 26.07_블트칩출시_ASC_전환_image,[칩] (마스터ASC)[제과_블트하] 26.07_블트칩출시_ASC_전환_image,[26.07]F_I_BT칩_전환_블트칩출시_혜택강조형_KR2_.피드_사무실맛잘알공구..확장__김소희_260728_제과_박서연,224,3,3238.0,0
2026-08-01,(마스터ASC)[제과_블트하] 26.07_블트깡출시_ASC_전환_video,(마스터ASC)[제과_블트하] 26.07_블트깡출시_ASC_전환_video,[26.07]F_V_BT깡_전환_블트깡출시_쩜오건_BP1.KR1_main.릴스_공통.슬기.X_1P_김소희_260729_제과_피재은,2,0,8.0,0
2026-08-01,[제과_블트하] 26.07_블트깡출시_수동_전환_image_전체타겟,(혼합) 남편페르소나_블트칩출시(릴스형) (KR1) (0729),[26.07]F_I_BT칩_전환_블트칩출시_혜택강조형_KR1_.릴스_초딩입맛남편인정.__김소희_260729_제과_김수정,1613,19,29916.0,2
2026-08-01,[제과_블트하] 26.07_블트깡출시_수동_전환_image_전체타겟,(혼합) 주변인상황_블트칩출시 (릴스형) (KR2) (0729),[26.07]F_I_BT칩_전환_블트칩출시_혜택강조형_KR2_.릴스_모션.회사에서맛잘알.__김소희_260729_제과_박서연,538,7,14491.0,0
2026-08-01,[제과_블트하] 26.07_블트깡출시_수동_전환_image_전체타겟,(혼합) 주변인상황_블트칩출시 (릴스형) (KR2) (0729),[26.07]F_I_BT깡_전환_블트칩출시_혜택강조형_KR2_.릴스_모션.탕비실채우는족족.__김소희_260729_제과_박서연,176,4,5117.0,0
2026-08-01,[제과_블트하] 26.07_블트깡출시_수동_전환_image_전체타겟,(혼합) 주변인상황_블트칩출시 (릴스형) (KR2) (0729),[26.07]F_I_BT칩_전환_블트칩출시_혜택강조형_KR2_.릴스_모션.옆짐맘들맛잘알.__김소희_260729_제과_박서연,41,0,1043.0,0
2026-08-01,(마스터ASC)[제과_블트하] 26.07_블트깡출시_ASC_전환_image,(마스터ASC)[제과_블트하] 26.07_블트깡출시_ASC_전환_image,[26.07]F_I_BT칩_전환_블트칩출시_혜택강조형_KR1_.배너_남편앞에서뜯은게실수.__최나영_260730_제과_김수정,1,0,11.0,0
2026-08-01,(마스터ASC)[제과_블트하] 26.07_블트깡출시_ASC_전환_image,(마스터ASC)[제과_블트하] 26.07_블트깡출시_ASC_전환_image,[26.07]F_I_BT칩_전환_블트칩출시_혜택강조형_KR2_.릴스_공지문.재고소진되면.__최나영_260730_제과_김수정,1017,17,24101.0,0
2026-08-02,[제과_블트하] 26.07_블트깡출시_수동_전환_video_전체타겟,0725_클룹BP_블트칩출시 (KR1),[26.07]F_V_BT혼_전환_블트칩출시_기타_클룹BP.KR1_var3.릴스_맛SP.슬기.X_1P_최나영_260723_제과_피재은,23123,386,336788.0,21
2026-08-02,[칩] (마스터ASC)[제과_블트하] 26.07_블트칩출시_ASC_전환_image,[칩] (마스터ASC)[제과_블트하] 26.07_블트칩출시_ASC_전환_image,[26.07]F_I_BT칩_전환_블트칩출시_혜택강조형_KR1_.배너_맘카페.고급권위실체.확장__김소희_260723_제과_박지현,3835,39,62385.0,5
2026-08-02,[칩] (마스터ASC)[제과_블트하] 26.07_블트칩출시_ASC_전환_video,[칩] (마스터ASC)[제과_블트하] 26.07_블트칩출시_ASC_전환_video,[26.07]F_V_BT칩_전환_블트칩출시_쩜오건_오감자BP.KR1_var1.릴스_트러플하몽대세감.X_2P_최나영_260724_제과_윤성미,18,1,219.0,0
2026-08-02,[칩] (마스터ASC)[제과_블트하] 26.07_블트칩출시_ASC_전환_image,[칩] (마스터ASC)[제과_블트하] 26.07_블트칩출시_ASC_전환_image,[26.07]F_I_BT칩_전환_블트칩출시_혜택강조형_KR1_.피드_이제다시는없습니다.__김소희_260728_제과_김수정,21,0,237.0,0
2026-08-02,[칩] (마스터ASC)[제과_블트하] 26.07_블트칩출시_ASC_전환_image,[칩] (마스터ASC)[제과_블트하] 26.07_블트칩출시_ASC_전환_image,[26.07]F_I_BT칩_전환_블트칩출시_혜택강조형_KR2_.피드_시어머니가 신신당부..확장__김소희_260728_제과_박서연,24,0,237.0,0
2026-08-02,[칩] (마스터ASC)[제과_블트하] 26.07_블트칩출시_ASC_전환_image,[칩] (마스터ASC)[제과_블트하] 26.07_블트칩출시_ASC_전환_image,[26.07]F_I_BT칩_전환_블트칩출시_혜택강조형_KR2_.피드_사무실맛잘알공구..확장__김소희_260728_제과_박서연,157,1,1913.0,0
2026-08-02,(마스터ASC)[제과_블트하] 26.07_블트깡출시_ASC_전환_video,(마스터ASC)[제과_블트하] 26.07_블트깡출시_ASC_전환_video,[26.07]F_V_BT깡_전환_블트깡출시_쩜오건_BP1.KR1_main.릴스_공통.슬기.X_1P_김소희_260729_제과_피재은,34,0,295.0,1
2026-08-02,[제과_블트하] 26.07_블트깡출시_수동_전환_image_전체타겟,(혼합) 남편페르소나_블트칩출시(릴스형) (KR1) (0729),[26.07]F_I_BT칩_전환_블트칩출시_혜택강조형_KR1_.릴스_초딩입맛남편인정.__김소희_260729_제과_김수정,122,1,2344.0,0
2026-08-02,[제과_블트하] 26.07_블트깡출시_수동_전환_image_전체타겟,(혼합) 주변인상황_블트칩출시 (릴스형) (KR2) (0729),[26.07]F_I_BT칩_전환_블트칩출시_혜택강조형_KR2_.릴스_모션.회사에서맛잘알.__김소희_260729_제과_박서연,2,0,19.0,0
2026-08-02,[제과_블트하] 26.07_블트깡출시_수동_전환_image_전체타겟,(혼합) 주변인상황_블트칩출시 (릴스형) (KR2) (0729),[26.07]F_I_BT깡_전환_블트칩출시_혜택강조형_KR2_.릴스_모션.탕비실채우는족족.__김소희_260729_제과_박서연,455,8,13264.0,0
2026-08-02,[제과_블트하] 26.07_블트깡출시_수동_전환_image_전체타겟,(혼합) 주변인상황_블트칩출시 (릴스형) (KR2) (0729),[26.07]F_I_BT칩_전환_블트칩출시_혜택강조형_KR2_.릴스_모션.시댁갈때맛잘알.__김소희_260729_제과_박서연,63,0,2382.0,0
2026-08-02,[제과_블트하] 26.07_블트깡출시_수동_전환_image_전체타겟,(혼합) 주변인상황_블트칩출시 (릴스형) (KR2) (0729),[26.07]F_I_BT칩_전환_블트칩출시_혜택강조형_KR2_.릴스_모션.옆짐맘들맛잘알.__김소희_260729_제과_박서연,81,1,1611.0,1
2026-08-02,(마스터ASC)[제과_블트하] 26.07_블트깡출시_ASC_전환_image,(마스터ASC)[제과_블트하] 26.07_블트깡출시_ASC_전환_image,[26.07]F_I_BT칩_전환_블트칩출시_혜택강조형_KR1_.배너_남편앞에서뜯은게실수.__최나영_260730_제과_김수정,28,1,236.0,0
2026-08-03,[제과_블트하] 26.07_블트깡출시_수동_전환_video_전체타겟,0725_클룹BP_블트칩출시 (KR1),[26.07]F_V_BT혼_전환_블트칩출시_기타_클룹BP.KR1_var3.릴스_맛SP.슬기.X_1P_최나영_260723_제과_피재은,23242,418,342092.0,29
2026-08-03,[칩] (마스터ASC)[제과_블트하] 26.07_블트칩출시_ASC_전환_image,[칩] (마스터ASC)[제과_블트하] 26.07_블트칩출시_ASC_전환_image,[26.07]F_I_BT칩_전환_블트칩출시_혜택강조형_KR1_.배너_맘카페.고급권위실체.확장__김소희_260723_제과_박지현,6779,64,99068.0,10
2026-08-03,[칩] (마스터ASC)[제과_블트하] 26.07_블트칩출시_ASC_전환_video,[칩] (마스터ASC)[제과_블트하] 26.07_블트칩출시_ASC_전환_video,[26.07]F_V_BT칩_전환_블트칩출시_쩜오건_오감자BP.KR1_var1.릴스_트러플하몽대세감.X_2P_최나영_260724_제과_윤성미,23,0,315.0,0
2026-08-03,[칩] (마스터ASC)[제과_블트하] 26.07_블트칩출시_ASC_전환_image,[칩] (마스터ASC)[제과_블트하] 26.07_블트칩출시_ASC_전환_image,[26.07]F_I_BT칩_전환_블트칩출시_혜택강조형_KR1_.피드_이제다시는없습니다.__김소희_260728_제과_김수정,7,0,74.0,0
2026-08-03,[칩] (마스터ASC)[제과_블트하] 26.07_블트칩출시_ASC_전환_image,[칩] (마스터ASC)[제과_블트하] 26.07_블트칩출시_ASC_전환_image,[26.07]F_I_BT칩_전환_블트칩출시_혜택강조형_KR2_.피드_시어머니가 신신당부..확장__김소희_260728_제과_박서연,262,2,2641.0,0
2026-08-03,[칩] (마스터ASC)[제과_블트하] 26.07_블트칩출시_ASC_전환_image,[칩] (마스터ASC)[제과_블트하] 26.07_블트칩출시_ASC_전환_image,[26.07]F_I_BT칩_전환_블트칩출시_혜택강조형_KR2_.피드_사무실맛잘알공구..확장__김소희_260728_제과_박서연,972,8,10677.0,0
2026-08-03,(마스터ASC)[제과_블트하] 26.07_블트깡출시_ASC_전환_image,(마스터ASC)[제과_블트하] 26.07_블트깡출시_ASC_전환_image,[26.07]F_I_BT칩_전환_블트칩출시_혜택강조형_KR1_.배너_남편앞에서뜯은게실수.__최나영_260730_제과_김수정,9,0,110.0,0
2026-07-30,[제과_블트하] 26.07_블트깡출시_수동_전환_video_전체타겟,(0725) 지인네고형_블트깡출시 (KR2) (재은님),[26.07]F_V_BT깡_전환_블트깡출시_네고형_지인네고형.KR2_var3.릴스_중국산2.슬기.X_1P_최나영_260724_제과_피재은,62,2,2214.0,2
2026-07-30,[제과_블트하] 26.07_블트깡출시_수동_전환_image_전체타겟,(혼합) 남편페르소나_블트칩출시(릴스형) (KR1) (0729),[26.07]F_I_BT칩_전환_블트칩출시_혜택강조형_KR2_.릴스_상황연출.영상형.육퇴.확장__김소희_260724_제과_김수정,257,7,15842.0,0
2026-07-30,[제과_블트하] 26.07_블트깡출시_수동_전환_image_전체타겟,주변인인정_블트칩출시 (KR2) (0728),[26.07]F_I_BT칩_전환_블트칩출시_혜택강조형_KR2_.피드_사무실맛잘알공구..확장__김소희_260728_제과_박서연,547,6,9764.0,1
2026-07-30,[칩] (마스터ASC)[제과_블트하] 26.07_블트칩출시_ASC_전환_image,[칩] (마스터ASC)[제과_블트하] 26.07_블트칩출시_ASC_전환_image,[26.07]F_I_BT칩_전환_블트칩출시_혜택강조형_KR2_.릴스_모션.회사에서맛잘알.__김소희_260729_제과_박서연,30,0,547.0,0
2026-07-30,(마스터ASC)[제과_블트하] 26.07_블트깡출시_ASC_전환_image,(마스터ASC)[제과_블트하] 26.07_블트깡출시_ASC_전환_image,[26.07]F_I_BT칩_전환_블트칩출시_혜택강조형_KR2_.배너_진짜죄송합니다.__최나영_260730_제과_김수정,3,0,42.0,0
2026-07-30,(마스터ASC)[제과_블트하] 26.07_블트깡출시_ASC_전환_image,(마스터ASC)[제과_블트하] 26.07_블트깡출시_ASC_전환_image,[26.07]F_I_BT칩_전환_블트칩출시_혜택강조형_KR2_.배너_뜯자마자옆자리동료.__최나영_260730_제과_김수정,24,0,326.0,0
2026-07-31,[제과_블트하] 26.07_블트깡출시_수동_전환_video_전체타겟,(0725) 지인네고형_블트깡출시 (KR2) (재은님),[26.07]F_V_BT깡_전환_블트깡출시_네고형_지인네고형.KR2_var3.릴스_중국산2.슬기.X_1P_최나영_260724_제과_피재은,6,0,156.0,0
2026-07-31,[제과_블트하] 26.07_블트깡출시_수동_전환_image_전체타겟,주변인인정_블트칩출시 (KR2) (0728),[26.07]F_I_BT칩_전환_블트칩출시_혜택강조형_KR2_.피드_사무실맛잘알공구..확장__김소희_260728_제과_박서연,300,1,3759.0,0
2026-07-31,[칩] (마스터ASC)[제과_블트하] 26.07_블트칩출시_ASC_전환_image,[칩] (마스터ASC)[제과_블트하] 26.07_블트칩출시_ASC_전환_image,[26.07]F_I_BT칩_전환_블트칩출시_혜택강조형_KR2_.릴스_모션.회사에서맛잘알.__김소희_260729_제과_박서연,36,0,539.0,0
2026-07-31,(마스터ASC)[제과_블트하] 26.07_블트깡출시_ASC_전환_image,(마스터ASC)[제과_블트하] 26.07_블트깡출시_ASC_전환_image,[26.07]F_I_BT칩_전환_블트칩출시_혜택강조형_KR2_.배너_진짜죄송합니다.__최나영_260730_제과_김수정,36,2,1259.0,0
2026-07-31,(마스터ASC)[제과_블트하] 26.07_블트깡출시_ASC_전환_image,(마스터ASC)[제과_블트하] 26.07_블트깡출시_ASC_전환_image,[26.07]F_I_BT칩_전환_블트칩출시_혜택강조형_KR2_.배너_뜯자마자옆자리동료.__최나영_260730_제과_김수정,9,0,218.0,0
2026-08-01,[제과_블트하] 26.07_블트깡출시_수동_전환_video_전체타겟,(0725) 지인네고형_블트깡출시 (KR2) (재은님),[26.07]F_V_BT깡_전환_블트깡출시_네고형_지인네고형.KR2_var3.릴스_중국산2.슬기.X_1P_최나영_260724_제과_피재은,41,2,1249.0,0
2026-08-01,[제과_블트하] 26.07_블트깡출시_수동_전환_image_전체타겟,주변인인정_블트칩출시 (KR2) (0728),[26.07]F_I_BT칩_전환_블트칩출시_혜택강조형_KR2_.피드_사무실맛잘알공구..확장__김소희_260728_제과_박서연,7670,74,105560.0,8
2026-08-01,[칩] (마스터ASC)[제과_블트하] 26.07_블트칩출시_ASC_전환_image,[칩] (마스터ASC)[제과_블트하] 26.07_블트칩출시_ASC_전환_image,[26.07]F_I_BT칩_전환_블트칩출시_혜택강조형_KR2_.릴스_모션.회사에서맛잘알.__김소희_260729_제과_박서연,1,0,10.0,0
2026-08-01,(마스터ASC)[제과_블트하] 26.07_블트깡출시_ASC_전환_image,(마스터ASC)[제과_블트하] 26.07_블트깡출시_ASC_전환_image,[26.07]F_I_BT칩_전환_블트칩출시_혜택강조형_KR2_.배너_진짜죄송합니다.__최나영_260730_제과_김수정,10,0,97.0,0
2026-08-01,(마스터ASC)[제과_블트하] 26.07_블트깡출시_ASC_전환_image,(마스터ASC)[제과_블트하] 26.07_블트깡출시_ASC_전환_image,[26.07]F_I_BT칩_전환_블트칩출시_혜택강조형_KR2_.배너_뜯자마자옆자리동료.__최나영_260730_제과_김수정,12,0,544.0,0
2026-08-02,[제과_블트하] 26.07_블트깡출시_수동_전환_video_전체타겟,(0725) 지인네고형_블트깡출시 (KR2) (재은님),[26.07]F_V_BT깡_전환_블트깡출시_네고형_지인네고형.KR2_var3.릴스_중국산2.슬기.X_1P_최나영_260724_제과_피재은,37,0,1172.0,0
2026-08-02,[제과_블트하] 26.07_블트깡출시_수동_전환_image_전체타겟,주변인인정_블트칩출시 (KR2) (0728),[26.07]F_I_BT칩_전환_블트칩출시_혜택강조형_KR2_.피드_사무실맛잘알공구..확장__김소희_260728_제과_박서연,2283,25,37015.0,2
2026-08-02,[칩] (마스터ASC)[제과_블트하] 26.07_블트칩출시_ASC_전환_image,[칩] (마스터ASC)[제과_블트하] 26.07_블트칩출시_ASC_전환_image,[26.07]F_I_BT칩_전환_블트칩출시_혜택강조형_KR2_.릴스_모션.회사에서맛잘알.__김소희_260729_제과_박서연,28,0,193.0,0
2026-08-02,(마스터ASC)[제과_블트하] 26.07_블트깡출시_ASC_전환_image,(마스터ASC)[제과_블트하] 26.07_블트깡출시_ASC_전환_image,[26.07]F_I_BT칩_전환_블트칩출시_혜택강조형_KR2_.배너_진짜죄송합니다.__최나영_260730_제과_김수정,1,0,2.0,0
2026-08-02,(마스터ASC)[제과_블트하] 26.07_블트깡출시_ASC_전환_image,(마스터ASC)[제과_블트하] 26.07_블트깡출시_ASC_전환_image,[26.07]F_I_BT칩_전환_블트칩출시_혜택강조형_KR2_.배너_뜯자마자옆자리동료.__최나영_260730_제과_김수정,27,0,627.0,0
2026-08-03,(마스터ASC)[제과_블트하] 26.07_블트깡출시_ASC_전환_image,(마스터ASC)[제과_블트하] 26.07_블트깡출시_ASC_전환_image,[26.07]F_I_BT칩_전환_블트칩출시_혜택강조형_KR2_.배너_진짜죄송합니다.__최나영_260730_제과_김수정,40,0,987.0,0
2026-08-03,(마스터ASC)[제과_블트하] 26.07_블트깡출시_ASC_전환_image,(마스터ASC)[제과_블트하] 26.07_블트깡출시_ASC_전환_image,[26.07]F_I_BT칩_전환_블트칩출시_혜택강조형_KR2_.배너_뜯자마자옆자리동료.__최나영_260730_제과_김수정,36,0,600.0,0
2026-07-30,[칩] (마스터ASC)[제과_블트하] 26.07_블트칩출시_ASC_전환_image,[칩] (마스터ASC)[제과_블트하] 26.07_블트칩출시_ASC_전환_image,[26.07]F_I_BT깡_전환_블트칩출시_혜택강조형_KR1_.피드_지금이젤싸요.__김소희_260728_제과_김수정,277,6,5021.0,2
2026-07-30,[제과_블트하] 26.07_블트깡출시_수동_전환_image_전체타겟,0728_남편.인정소비_블트깡출시 (KR1),[26.07]F_I_BT깡_전환_블트칩출시_혜택강조형_KR1_.피드_고급진감칠맛폭발.__김소희_260728_제과_김수정,10,0,74.0,0
2026-07-30,[제과_블트하] 26.07_블트깡출시_수동_전환_image_전체타겟,0728_남편.인정소비_블트깡출시 (KR1),[26.07]F_I_BT칩_전환_블트칩출시_혜택강조형_KR1_.피드_과자안먹는남편박스째.__김소희_260728_제과_김수정,227,2,4232.0,0
2026-07-30,[제과_블트하] 26.07_블트깡출시_수동_전환_image_전체타겟,0730_주변인정.혜택_블트칩출시,[26.07]F_I_BT칩_전환_블트칩출시_혜택강조형_KR2_.배너_공지문.결제오류안내표.__최나영_260730_제과_김수정,34,0,560.0,0
2026-07-30,[제과_블트하] 26.07_블트깡출시_수동_전환_image_전체타겟,0730_주변인정.혜택_블트칩출시,[26.07]F_I_BT칩_전환_블트칩출시_혜택강조형_KR2_.릴스_공지문.재고소진되면.__최나영_260730_제과_김수정,70,1,1679.0,0
2026-07-31,[칩] (마스터ASC)[제과_블트하] 26.07_블트칩출시_ASC_전환_image,[칩] (마스터ASC)[제과_블트하] 26.07_블트칩출시_ASC_전환_image,[26.07]F_I_BT깡_전환_블트칩출시_혜택강조형_KR1_.피드_지금이젤싸요.__김소희_260728_제과_김수정,734,9,16001.0,0
2026-07-31,[제과_블트하] 26.07_블트깡출시_수동_전환_image_전체타겟,0728_남편.인정소비_블트깡출시 (KR1),[26.07]F_I_BT깡_전환_블트칩출시_혜택강조형_KR1_.피드_고급진감칠맛폭발.__김소희_260728_제과_김수정,1,0,7.0,0
2026-07-31,[제과_블트하] 26.07_블트깡출시_수동_전환_image_전체타겟,0728_남편.인정소비_블트깡출시 (KR1),[26.07]F_I_BT칩_전환_블트칩출시_혜택강조형_KR1_.피드_과자안먹는남편박스째.__김소희_260728_제과_김수정,13,0,136.0,0
2026-07-31,[제과_블트하] 26.07_블트깡출시_수동_전환_image_전체타겟,0730_주변인정.혜택_블트칩출시,[26.07]F_I_BT칩_전환_블트칩출시_혜택강조형_KR2_.배너_공지문.결제오류안내표.__최나영_260730_제과_김수정,230,4,6796.0,1
2026-07-31,[제과_블트하] 26.07_블트깡출시_수동_전환_image_전체타겟,0730_주변인정.혜택_블트칩출시,[26.07]F_I_BT칩_전환_블트칩출시_혜택강조형_KR2_.릴스_공지문.재고소진되면.__최나영_260730_제과_김수정,604,14,15108.0,1
2026-08-01,[칩] (마스터ASC)[제과_블트하] 26.07_블트칩출시_ASC_전환_image,[칩] (마스터ASC)[제과_블트하] 26.07_블트칩출시_ASC_전환_image,[26.07]F_I_BT깡_전환_블트칩출시_혜택강조형_KR2_.피드_주변인.탕비실.확장__김소희_260727_제과_박서연,16,0,158.0,0
2026-08-01,[제과_블트하] 26.07_블트깡출시_수동_전환_image_전체타겟,0730_주변인정.혜택_블트칩출시,[26.07]F_I_BT칩_전환_블트칩출시_혜택강조형_KR2_.배너_공지문.결제오류안내표.__최나영_260730_제과_김수정,59,3,1198.0,0
2026-08-01,[제과_블트하] 26.07_블트깡출시_수동_전환_image_전체타겟,0730_주변인정.혜택_블트칩출시,[26.07]F_I_BT칩_전환_블트칩출시_혜택강조형_KR2_.릴스_공지문.재고소진되면.__최나영_260730_제과_김수정,1317,21,35056.0,1
2026-08-02,[제과_블트하] 26.07_블트깡출시_수동_전환_image_전체타겟,0728_남편.인정소비_블트깡출시 (KR1),[26.07]F_I_BT깡_전환_블트칩출시_혜택강조형_KR1_.피드_고급진감칠맛폭발.__김소희_260728_제과_김수정,12,0,144.0,0
2026-08-02,[제과_블트하] 26.07_블트깡출시_수동_전환_image_전체타겟,0730_주변인정.혜택_블트칩출시,[26.07]F_I_BT칩_전환_블트칩출시_혜택강조형_KR2_.배너_공지문.결제오류안내표.__최나영_260730_제과_김수정,638,13,13644.0,0
2026-08-03,[제과_블트하] 26.07_블트깡출시_수동_전환_image_전체타겟,0728_남편.인정소비_블트깡출시 (KR1),[26.07]F_I_BT칩_전환_블트칩출시_혜택강조형_KR1_.피드_과자안먹는남편박스째.__김소희_260728_제과_김수정,162,2,2779.0,1
2026-07-30,[칩] (마스터ASC)[제과_블트하] 26.07_블트칩출시_ASC_전환_image,[칩] (마스터ASC)[제과_블트하] 26.07_블트칩출시_ASC_전환_image,[26.07]F_I_BT칩_전환_블트칩출시_혜택강조형_KR1_.피드_과자안먹는남편박스째.__김소희_260728_제과_김수정,2,0,92.0,0
2026-07-30,[제과_블트하] 26.07_블트깡출시_수동_전환_image_전체타겟,주변인인정_블트칩출시 (KR2) (0728),[26.07]F_I_BT칩_전환_블트칩출시_혜택강조형_KR2_.피드_아빠엄지척..확장__김소희_260728_제과_박서연,82,2,2162.0,1
2026-07-30,[제과_블트하] 26.07_블트깡출시_수동_전환_image_전체타겟,(혼합) 남편페르소나_블트칩출시(릴스형) (KR1) (0729),[26.07]F_I_BT깡_전환_블트칩출시_혜택강조형_KR1_.릴스_맥주안주필승템.__김소희_260729_제과_김수정,209,3,5045.0,0
2026-07-30,[제과_블트하] 26.07_블트깡출시_수동_전환_image_전체타겟,(혼합) 주변인상황_블트칩출시 (릴스형) (KR2) (0729),[26.07]F_I_BT칩_전환_블트칩출시_혜택강조형_KR2_.릴스_안다르bp.맛잘알트민맘.__김소희_260729_제과_박서연,90,0,1858.0,0
2026-07-30,[제과_블트하] 26.07_블트깡출시_수동_전환_image_전체타겟,0730_주변인정.혜택_블트칩출시,[26.07]F_I_BT칩_전환_블트칩출시_혜택강조형_KR2_.배너_진짜죄송합니다.__최나영_260730_제과_김수정,2,0,27.0,0
2026-07-30,[제과_블트하] 26.07_블트깡출시_수동_전환_image_전체타겟,0730_주변인정.혜택_블트칩출시,[26.07]F_I_BT칩_전환_블트칩출시_혜택강조형_KR2_.배너_탕비실에두면.__최나영_260730_제과_김수정,3,1,60.0,0
2026-07-31,[제과_블트하] 26.07_블트깡출시_수동_전환_image_전체타겟,주변인인정_블트칩출시 (KR2) (0728),[26.07]F_I_BT칩_전환_블트칩출시_혜택강조형_KR2_.피드_아빠엄지척..확장__김소희_260728_제과_박서연,15,0,216.0,0
2026-07-31,[제과_블트하] 26.07_블트깡출시_수동_전환_image_전체타겟,(혼합) 남편페르소나_블트칩출시(릴스형) (KR1) (0729),[26.07]F_I_BT깡_전환_블트칩출시_혜택강조형_KR1_.릴스_맥주안주필승템.__김소희_260729_제과_김수정,66,0,1493.0,0
2026-07-31,[제과_블트하] 26.07_블트깡출시_수동_전환_image_전체타겟,(혼합) 주변인상황_블트칩출시 (릴스형) (KR2) (0729),[26.07]F_I_BT칩_전환_블트칩출시_혜택강조형_KR2_.릴스_안다르bp.맛잘알트민맘.__김소희_260729_제과_박서연,89,1,2545.0,1
2026-07-31,[제과_블트하] 26.07_블트깡출시_수동_전환_image_전체타겟,0730_주변인정.혜택_블트칩출시,[26.07]F_I_BT칩_전환_블트칩출시_혜택강조형_KR2_.배너_진짜죄송합니다.__최나영_260730_제과_김수정,20,1,424.0,0
2026-07-31,[제과_블트하] 26.07_블트깡출시_수동_전환_image_전체타겟,0730_주변인정.혜택_블트칩출시,[26.07]F_I_BT칩_전환_블트칩출시_혜택강조형_KR2_.배너_탕비실에두면.__최나영_260730_제과_김수정,24,0,273.0,0
2026-08-01,[칩] (마스터ASC)[제과_블트하] 26.07_블트칩출시_ASC_전환_image,[칩] (마스터ASC)[제과_블트하] 26.07_블트칩출시_ASC_전환_image,[26.07]F_I_BT칩_전환_블트칩출시_혜택강조형_KR1_.피드_과자안먹는남편박스째.__김소희_260728_제과_김수정,2,0,18.0,0
2026-08-01,[제과_블트하] 26.07_블트깡출시_수동_전환_image_전체타겟,주변인인정_블트칩출시 (KR2) (0728),[26.07]F_I_BT칩_전환_블트칩출시_혜택강조형_KR2_.피드_아빠엄지척..확장__김소희_260728_제과_박서연,50,0,1137.0,0
2026-08-01,[제과_블트하] 26.07_블트깡출시_수동_전환_image_전체타겟,(혼합) 남편페르소나_블트칩출시(릴스형) (KR1) (0729),[26.07]F_I_BT깡_전환_블트칩출시_혜택강조형_KR1_.릴스_맥주안주필승템.__김소희_260729_제과_김수정,29,0,456.0,0
2026-08-01,[제과_블트하] 26.07_블트깡출시_수동_전환_image_전체타겟,(혼합) 주변인상황_블트칩출시 (릴스형) (KR2) (0729),[26.07]F_I_BT칩_전환_블트칩출시_혜택강조형_KR2_.릴스_안다르bp.맛잘알트민맘.__김소희_260729_제과_박서연,27,0,649.0,0
2026-08-01,[제과_블트하] 26.07_블트깡출시_수동_전환_image_전체타겟,0730_주변인정.혜택_블트칩출시,[26.07]F_I_BT칩_전환_블트칩출시_혜택강조형_KR2_.배너_진짜죄송합니다.__최나영_260730_제과_김수정,3,0,82.0,0
2026-08-01,[제과_블트하] 26.07_블트깡출시_수동_전환_image_전체타겟,0730_주변인정.혜택_블트칩출시,[26.07]F_I_BT칩_전환_블트칩출시_혜택강조형_KR2_.배너_탕비실에두면.__최나영_260730_제과_김수정,4,0,14.0,0
2026-08-02,[제과_블트하] 26.07_블트깡출시_수동_전환_image_전체타겟,주변인인정_블트칩출시 (KR2) (0728),[26.07]F_I_BT칩_전환_블트칩출시_혜택강조형_KR2_.피드_아빠엄지척..확장__김소희_260728_제과_박서연,751,12,18418.0,1
2026-08-02,[제과_블트하] 26.07_블트깡출시_수동_전환_image_전체타겟,(혼합) 남편페르소나_블트칩출시(릴스형) (KR1) (0729),[26.07]F_I_BT깡_전환_블트칩출시_혜택강조형_KR1_.릴스_맥주안주필승템.__김소희_260729_제과_김수정,15,0,526.0,0
2026-08-02,[제과_블트하] 26.07_블트깡출시_수동_전환_image_전체타겟,(혼합) 주변인상황_블트칩출시 (릴스형) (KR2) (0729),[26.07]F_I_BT칩_전환_블트칩출시_혜택강조형_KR2_.릴스_안다르bp.맛잘알트민맘.__김소희_260729_제과_박서연,10,0,171.0,0
2026-08-02,[제과_블트하] 26.07_블트깡출시_수동_전환_image_전체타겟,0730_주변인정.혜택_블트칩출시,[26.07]F_I_BT칩_전환_블트칩출시_혜택강조형_KR2_.배너_탕비실에두면.__최나영_260730_제과_김수정,19,1,325.0,0
2026-08-02,[제과_블트하] 26.07_블트깡출시_수동_전환_video_전체타겟,0731_풀리오BP_블트칩출시 (KR1),[26.08]F_V_BT혼_전환_블트칩출시_신규BP_풀리오BP.KR1_var2.릴스_외부BP후킹.남편.X_2P_최나영_260801_제과_이봄1,111,3,5807.0,0
2026-08-03,[제과_블트하] 26.07_블트깡출시_수동_전환_image_전체타겟,주변인인정_블트칩출시 (KR2) (0728),[26.07]F_I_BT칩_전환_블트칩출시_혜택강조형_KR2_.피드_아빠엄지척..확장__김소희_260728_제과_박서연,384,13,9718.0,1
2026-08-03,[제과_블트하] 26.07_블트깡출시_수동_전환_image_전체타겟,0730_주변인정.혜택_블트칩출시,[26.07]F_I_BT칩_전환_블트칩출시_혜택강조형_KR2_.배너_진짜죄송합니다.__최나영_260730_제과_김수정,5,0,38.0,0
2026-08-03,[제과_블트하] 26.07_블트깡출시_수동_전환_video_전체타겟,0731_풀리오BP_블트칩출시 (KR1),[26.08]F_V_BT혼_전환_블트칩출시_신규BP_풀리오BP.KR1_var2.릴스_외부BP후킹.남편.X_2P_최나영_260801_제과_이봄1,96,6,4345.0,0
2026-07-30,[칩] (마스터ASC)[제과_블트하] 26.07_블트칩출시_ASC_전환_image,[칩] (마스터ASC)[제과_블트하] 26.07_블트칩출시_ASC_전환_image,[26.07]F_I_BT깡_전환_블트칩출시_혜택강조형_KR1_.피드_4분할.__김소희_260728_제과_김수정,1,0,5.0,0
2026-07-30,[칩] (마스터ASC)[제과_블트하] 26.07_블트칩출시_ASC_전환_image,[칩] (마스터ASC)[제과_블트하] 26.07_블트칩출시_ASC_전환_image,[26.07]F_I_BT깡_전환_블트칩출시_혜택강조형_KR2_.피드_집들이때가져가면맛잘알인정.확장__김소희_260728_제과_박서연,26,1,1022.0,0
2026-07-30,[제과_블트하] 26.07_블트깡출시_수동_전환_image_전체타겟,(혼합) 남편페르소나_블트칩출시(릴스형) (KR1) (0729),[26.07]F_I_BT칩_전환_블트칩출시_혜택강조형_KR1_.릴스_과자안먹는남편따봉.__김소희_260729_제과_김수정,145,3,3095.0,1
2026-07-30,[칩] (마스터ASC)[제과_블트하] 26.07_블트칩출시_ASC_전환_image,[칩] (마스터ASC)[제과_블트하] 26.07_블트칩출시_ASC_전환_image,[26.07]F_I_BT칩_전환_블트칩출시_혜택강조형_KR1_.릴스_초딩입맛남편인정.__김소희_260729_제과_김수정,832,9,19767.0,1
2026-07-30,[칩] (마스터ASC)[제과_블트하] 26.07_블트칩출시_ASC_전환_image,[칩] (마스터ASC)[제과_블트하] 26.07_블트칩출시_ASC_전환_image,[26.07]F_I_BT칩_전환_블트칩출시_혜택강조형_KR1_.릴스_과자안먹는남편따봉.__김소희_260729_제과_김수정,86,2,1945.0,0
2026-07-30,[제과_블트하] 26.07_블트깡출시_수동_전환_image_전체타겟,0730_주변인정.혜택_블트칩출시,[26.07]F_I_BT깡_전환_블트칩출시_혜택강조형_KR2_.배너_공지문.가격인상됩니다.__최나영_260730_제과_김수정,6,0,24.0,0
2026-07-31,[제과_블트하] 26.07_블트깡출시_수동_전환_image_전체타겟,[혼합] 남편상황연출_블트칩출시 (KR1) (0727),[26.07]F_I_BT깡_전환_블트깡출시_바이럴형_KR1_.피드_남편인정.육퇴.확장__김소희_260727_제과_김수정,485,4,12006.0,1
2026-07-31,[칩] (마스터ASC)[제과_블트하] 26.07_블트칩출시_ASC_전환_image,[칩] (마스터ASC)[제과_블트하] 26.07_블트칩출시_ASC_전환_image,[26.07]F_I_BT깡_전환_블트칩출시_혜택강조형_KR2_.피드_집들이때가져가면맛잘알인정.확장__김소희_260728_제과_박서연,140,1,1339.0,0
2026-07-31,[제과_블트하] 26.07_블트깡출시_수동_전환_image_전체타겟,(혼합) 남편페르소나_블트칩출시(릴스형) (KR1) (0729),[26.07]F_I_BT칩_전환_블트칩출시_혜택강조형_KR1_.릴스_과자안먹는남편따봉.__김소희_260729_제과_김수정,23,0,281.0,0
2026-07-31,[칩] (마스터ASC)[제과_블트하] 26.07_블트칩출시_ASC_전환_image,[칩] (마스터ASC)[제과_블트하] 26.07_블트칩출시_ASC_전환_image,[26.07]F_I_BT칩_전환_블트칩출시_혜택강조형_KR1_.릴스_초딩입맛남편인정.__김소희_260729_제과_김수정,1603,17,28569.0,0
2026-07-31,[칩] (마스터ASC)[제과_블트하] 26.07_블트칩출시_ASC_전환_image,[칩] (마스터ASC)[제과_블트하] 26.07_블트칩출시_ASC_전환_image,[26.07]F_I_BT칩_전환_블트칩출시_혜택강조형_KR1_.릴스_과자안먹는남편따봉.__김소희_260729_제과_김수정,228,4,3890.0,0
2026-07-31,[제과_블트하] 26.07_블트깡출시_수동_전환_image_전체타겟,(혼합) 주변인상황_블트칩출시 (릴스형) (KR2) (0729),[26.07]F_I_BT칩_전환_블트칩출시_혜택강조형_KR2_.릴스_안다르bp.시댁에서맛잘알며느리.__김소희_260729_제과_박서연,55,1,1056.0,0
2026-07-31,[제과_블트하] 26.07_블트깡출시_수동_전환_image_전체타겟,0730_주변인정.혜택_블트칩출시,[26.07]F_I_BT깡_전환_블트칩출시_혜택강조형_KR2_.배너_공지문.가격인상됩니다.__최나영_260730_제과_김수정,86,1,1276.0,0
2026-07-31,[칩] (마스터ASC)[제과_블트하] 26.07_블트칩출시_ASC_전환_video,[칩] (마스터ASC)[제과_블트하] 26.07_블트칩출시_ASC_전환_video,[26.08]F_V_BT칩_전환_블트칩출시_네고형_관계성네고형.KR2_main.릴스_맥주취식.시어머니.X_2P_김소희_260801_제과_이미진,40,2,985.0,0
2026-07-31,(마스터ASC)[제과_블트하] 26.07_블트깡출시_ASC_전환_image,(마스터ASC)[제과_블트하] 26.07_블트깡출시_ASC_전환_image,[26.07]F_I_BT혼_전환_블트칩출시_혜택강조형_KR2_.배너_최저가에찍먹하기.__김소희_260731_제과_김수정,5,0,35.0,0
2026-08-01,[칩] (마스터ASC)[제과_블트하] 26.07_블트칩출시_ASC_전환_image,[칩] (마스터ASC)[제과_블트하] 26.07_블트칩출시_ASC_전환_image,[26.07]F_I_BT깡_전환_블트칩출시_혜택강조형_KR1_.피드_4분할.__김소희_260728_제과_김수정,12,0,97.0,0
2026-08-01,[칩] (마스터ASC)[제과_블트하] 26.07_블트칩출시_ASC_전환_image,[칩] (마스터ASC)[제과_블트하] 26.07_블트칩출시_ASC_전환_image,[26.07]F_I_BT깡_전환_블트칩출시_혜택강조형_KR2_.피드_집들이때가져가면맛잘알인정.확장__김소희_260728_제과_박서연,19,1,157.0,0
2026-08-01,[제과_블트하] 26.07_블트깡출시_수동_전환_image_전체타겟,(혼합) 남편페르소나_블트칩출시(릴스형) (KR1) (0729),[26.07]F_I_BT칩_전환_블트칩출시_혜택강조형_KR1_.릴스_과자안먹는남편따봉.__김소희_260729_제과_김수정,19,1,350.0,0
2026-08-01,[칩] (마스터ASC)[제과_블트하] 26.07_블트칩출시_ASC_전환_image,[칩] (마스터ASC)[제과_블트하] 26.07_블트칩출시_ASC_전환_image,[26.07]F_I_BT칩_전환_블트칩출시_혜택강조형_KR1_.릴스_초딩입맛남편인정.__김소희_260729_제과_김수정,2728,26,44636.0,5
2026-08-01,[칩] (마스터ASC)[제과_블트하] 26.07_블트칩출시_ASC_전환_image,[칩] (마스터ASC)[제과_블트하] 26.07_블트칩출시_ASC_전환_image,[26.07]F_I_BT칩_전환_블트칩출시_혜택강조형_KR1_.릴스_과자안먹는남편따봉.__김소희_260729_제과_김수정,105,0,2164.0,0
2026-08-01,[제과_블트하] 26.07_블트깡출시_수동_전환_image_전체타겟,0730_주변인정.혜택_블트칩출시,[26.07]F_I_BT깡_전환_블트칩출시_혜택강조형_KR2_.배너_공지문.가격인상됩니다.__최나영_260730_제과_김수정,16,0,483.0,0
2026-08-01,[칩] (마스터ASC)[제과_블트하] 26.07_블트칩출시_ASC_전환_video,[칩] (마스터ASC)[제과_블트하] 26.07_블트칩출시_ASC_전환_video,[26.08]F_V_BT혼_전환_블트칩출시_신규BP_풀리오BP.KR1_var4.릴스_무심함후킹.남편.X_2P_최나영_260801_제과_이봄1,2679,49,65962.0,7
2026-08-01,[칩] (마스터ASC)[제과_블트하] 26.07_블트칩출시_ASC_전환_video,[칩] (마스터ASC)[제과_블트하] 26.07_블트칩출시_ASC_전환_video,[26.08]F_V_BT칩_전환_블트칩출시_네고형_관계성네고형.KR2_main.릴스_맥주취식.시어머니.X_2P_김소희_260801_제과_이미진,4390,112,106366.0,8
2026-08-01,(마스터ASC)[제과_블트하] 26.07_블트깡출시_ASC_전환_image,(마스터ASC)[제과_블트하] 26.07_블트깡출시_ASC_전환_image,[26.07]F_I_BT혼_전환_블트칩출시_혜택강조형_KR2_.배너_최저가에찍먹하기.__김소희_260731_제과_김수정,957,11,18410.0,1
2026-08-02,[칩] (마스터ASC)[제과_블트하] 26.07_블트칩출시_ASC_전환_image,[칩] (마스터ASC)[제과_블트하] 26.07_블트칩출시_ASC_전환_image,[26.07]F_I_BT깡_전환_블트칩출시_혜택강조형_KR2_.피드_집들이때가져가면맛잘알인정.확장__김소희_260728_제과_박서연,31,0,620.0,1
2026-08-02,[제과_블트하] 26.07_블트깡출시_수동_전환_image_전체타겟,(혼합) 남편페르소나_블트칩출시(릴스형) (KR1) (0729),[26.07]F_I_BT칩_전환_블트칩출시_혜택강조형_KR1_.릴스_과자안먹는남편따봉.__김소희_260729_제과_김수정,2,0,46.0,0
2026-08-02,[칩] (마스터ASC)[제과_블트하] 26.07_블트칩출시_ASC_전환_image,[칩] (마스터ASC)[제과_블트하] 26.07_블트칩출시_ASC_전환_image,[26.07]F_I_BT칩_전환_블트칩출시_혜택강조형_KR1_.릴스_초딩입맛남편인정.__김소희_260729_제과_김수정,1544,23,31440.0,1
2026-08-02,[칩] (마스터ASC)[제과_블트하] 26.07_블트칩출시_ASC_전환_image,[칩] (마스터ASC)[제과_블트하] 26.07_블트칩출시_ASC_전환_image,[26.07]F_I_BT칩_전환_블트칩출시_혜택강조형_KR1_.릴스_과자안먹는남편따봉.__김소희_260729_제과_김수정,412,7,9335.0,0
2026-08-02,[제과_블트하] 26.07_블트깡출시_수동_전환_image_전체타겟,0730_주변인정.혜택_블트칩출시,[26.07]F_I_BT깡_전환_블트칩출시_혜택강조형_KR2_.배너_공지문.가격인상됩니다.__최나영_260730_제과_김수정,5,0,42.0,0
2026-08-02,[칩] (마스터ASC)[제과_블트하] 26.07_블트칩출시_ASC_전환_video,[칩] (마스터ASC)[제과_블트하] 26.07_블트칩출시_ASC_전환_video,[26.08]F_V_BT혼_전환_블트칩출시_신규BP_풀리오BP.KR1_var4.릴스_무심함후킹.남편.X_2P_최나영_260801_제과_이봄1,1266,26,25124.0,1
2026-08-02,[칩] (마스터ASC)[제과_블트하] 26.07_블트칩출시_ASC_전환_video,[칩] (마스터ASC)[제과_블트하] 26.07_블트칩출시_ASC_전환_video,[26.08]F_V_BT칩_전환_블트칩출시_네고형_관계성네고형.KR2_main.릴스_맥주취식.시어머니.X_2P_김소희_260801_제과_이미진,2081,65,55162.0,5
2026-08-02,(마스터ASC)[제과_블트하] 26.07_블트깡출시_ASC_전환_image,(마스터ASC)[제과_블트하] 26.07_블트깡출시_ASC_전환_image,[26.07]F_I_BT혼_전환_블트칩출시_혜택강조형_KR2_.배너_최저가에찍먹하기.__김소희_260731_제과_김수정,8516,108,159467.0,13
2026-08-03,[칩] (마스터ASC)[제과_블트하] 26.07_블트칩출시_ASC_전환_image,[칩] (마스터ASC)[제과_블트하] 26.07_블트칩출시_ASC_전환_image,[26.07]F_I_BT깡_전환_블트칩출시_혜택강조형_KR1_.피드_4분할.__김소희_260728_제과_김수정,18,0,190.0,0
2026-08-03,[칩] (마스터ASC)[제과_블트하] 26.07_블트칩출시_ASC_전환_image,[칩] (마스터ASC)[제과_블트하] 26.07_블트칩출시_ASC_전환_image,[26.07]F_I_BT깡_전환_블트칩출시_혜택강조형_KR2_.피드_집들이때가져가면맛잘알인정.확장__김소희_260728_제과_박서연,1,0,4.0,0
2026-08-03,[칩] (마스터ASC)[제과_블트하] 26.07_블트칩출시_ASC_전환_image,[칩] (마스터ASC)[제과_블트하] 26.07_블트칩출시_ASC_전환_image,[26.07]F_I_BT칩_전환_블트칩출시_혜택강조형_KR1_.릴스_과자안먹는남편따봉.__김소희_260729_제과_김수정,1560,22,32426.0,2
2026-08-03,(마스터ASC)[제과_블트하] 26.07_블트깡출시_ASC_전환_image,(마스터ASC)[제과_블트하] 26.07_블트깡출시_ASC_전환_image,[26.07]F_I_BT혼_전환_블트칩출시_혜택강조형_KR2_.배너_최저가에찍먹하기.__김소희_260731_제과_김수정,8681,96,152044.0,11
2026-07-30,[제과_블트하] 26.07_블트깡출시_수동_전환_image_전체타겟,(혼합) 주변인상황_블트칩출시 (릴스형) (KR2) (0729),[26.07]F_I_BT칩_전환_블트칩출시_혜택강조형_KR2_.릴스_안다르bp.지금이젤싸요.옆자리동료.__김소희_260729_제과_박서연,128,1,2508.0,0
2026-07-30,[제과_블트하] 26.07_블트깡출시_수동_전환_image_전체타겟,(혼합) 주변인상황_블트칩출시 (릴스형) (KR2) (0729),[26.07]F_I_BT혼_전환_블트칩출시_혜택강조형_KR2_.릴스_모션.쌀때쟁이세요.__김소희_260729_제과_박서연,31,0,899.0,0
2026-07-30,[제과_블트하] 26.07_블트깡출시_수동_전환_image_전체타겟,(혼합) 주변인상황_블트칩출시 (릴스형) (KR2) (0729),[26.07]F_I_BT칩_전환_블트칩출시_혜택강조형_KR2_.릴스_모션.사무실맛잘알.__김소희_260729_제과_박서연,156,1,2804.0,0
2026-07-30,(마스터ASC)[제과_블트하] 26.07_블트깡출시_ASC_전환_image,(마스터ASC)[제과_블트하] 26.07_블트깡출시_ASC_전환_image,[26.07]F_I_BT깡_전환_블트칩출시_혜택강조형_KR2_.배너_공지문.가격인상됩니다.__최나영_260730_제과_김수정,61,0,1202.0,0
2026-07-30,(마스터ASC)[제과_블트하] 26.07_블트깡출시_ASC_전환_image,(마스터ASC)[제과_블트하] 26.07_블트깡출시_ASC_전환_image,[26.07]F_I_BT칩_전환_블트칩출시_혜택강조형_KR2_.배너_야구장옆자리가.__최나영_260730_제과_김수정,29,0,309.0,0
2026-07-31,[제과_블트하] 26.07_블트깡출시_수동_전환_image_전체타겟,[혼합] 남편상황연출_블트칩출시 (KR1) (0727),[26.07]F_I_BT칩_전환_블트칩출시_바이럴형_KR1_.피드_남편인정.친구모임.확장__김소희_260727_제과_김수정,42,0,1122.0,0
2026-07-31,[제과_블트하] 26.07_블트깡출시_수동_전환_image_전체타겟,(혼합) 주변인상황_블트칩출시 (릴스형) (KR2) (0729),[26.07]F_I_BT칩_전환_블트칩출시_혜택강조형_KR2_.릴스_안다르bp.지금이젤싸요.옆자리동료.__김소희_260729_제과_박서연,269,3,6873.0,1
2026-07-31,[제과_블트하] 26.07_블트깡출시_수동_전환_image_전체타겟,(혼합) 주변인상황_블트칩출시 (릴스형) (KR2) (0729),[26.07]F_I_BT혼_전환_블트칩출시_혜택강조형_KR2_.릴스_모션.쌀때쟁이세요.__김소희_260729_제과_박서연,23,0,577.0,0
2026-07-31,[제과_블트하] 26.07_블트깡출시_수동_전환_image_전체타겟,(혼합) 주변인상황_블트칩출시 (릴스형) (KR2) (0729),[26.07]F_I_BT칩_전환_블트칩출시_혜택강조형_KR2_.릴스_모션.사무실맛잘알.__김소희_260729_제과_박서연,90,1,1106.0,0
2026-07-31,(마스터ASC)[제과_블트하] 26.07_블트깡출시_ASC_전환_image,(마스터ASC)[제과_블트하] 26.07_블트깡출시_ASC_전환_image,[26.07]F_I_BT깡_전환_블트칩출시_혜택강조형_KR2_.배너_공지문.가격인상됩니다.__최나영_260730_제과_김수정,60,1,996.0,0
2026-07-31,(마스터ASC)[제과_블트하] 26.07_블트깡출시_ASC_전환_image,(마스터ASC)[제과_블트하] 26.07_블트깡출시_ASC_전환_image,[26.07]F_I_BT칩_전환_블트칩출시_혜택강조형_KR2_.배너_야구장옆자리가.__최나영_260730_제과_김수정,17,0,264.0,0
2026-07-31,[제과_블트하] 26.07_블트깡출시_수동_전환_image_전체타겟,0731_주변인.혜택위계_블트칩출시,[26.07]F_I_BT칩_전환_블트칩출시_혜택강조형_KR1_.배너_다시는없어요.__김소희_260731_제과_김수정,15,0,301.0,0
2026-07-31,[제과_블트하] 26.07_블트깡출시_수동_전환_image_전체타겟,0731_주변인.혜택위계_블트칩출시,[26.07]F_I_BT혼_전환_블트칩출시_혜택강조형_KR1_.배너_공지문.정가돌아가요.__김소희_260731_제과_김수정,85,2,3560.0,0
2026-07-31,[제과_블트하] 26.07_블트깡출시_수동_전환_image_전체타겟,0731_주변인.혜택위계_블트칩출시,[26.07]F_I_BT칩_전환_블트칩출시_혜택강조형_KR2_.배너_다신없을1천원대.__김소희_260731_제과_김수정,388,6,7508.0,0
2026-08-01,[칩] (마스터ASC)[제과_블트하] 26.07_블트칩출시_ASC_전환_image,[칩] (마스터ASC)[제과_블트하] 26.07_블트칩출시_ASC_전환_image,[26.07]F_I_BT깡_전환_블트칩출시_혜택강조형_KR2_.피드_주변인.옆자리동료.확장__김소희_260727_제과_박서연,1,0,15.0,0
2026-08-01,[제과_블트하] 26.07_블트깡출시_수동_전환_image_전체타겟,(혼합) 주변인상황_블트칩출시 (릴스형) (KR2) (0729),[26.07]F_I_BT칩_전환_블트칩출시_혜택강조형_KR2_.릴스_안다르bp.지금이젤싸요.옆자리동료.__김소희_260729_제과_박서연,480,10,13768.0,1
2026-08-01,[제과_블트하] 26.07_블트깡출시_수동_전환_image_전체타겟,(혼합) 주변인상황_블트칩출시 (릴스형) (KR2) (0729),[26.07]F_I_BT혼_전환_블트칩출시_혜택강조형_KR2_.릴스_모션.쌀때쟁이세요.__김소희_260729_제과_박서연,1,0,5.0,0
2026-08-01,[제과_블트하] 26.07_블트깡출시_수동_전환_image_전체타겟,(혼합) 주변인상황_블트칩출시 (릴스형) (KR2) (0729),[26.07]F_I_BT칩_전환_블트칩출시_혜택강조형_KR2_.릴스_모션.사무실맛잘알.__김소희_260729_제과_박서연,3,0,23.0,0
2026-08-01,(마스터ASC)[제과_블트하] 26.07_블트깡출시_ASC_전환_image,(마스터ASC)[제과_블트하] 26.07_블트깡출시_ASC_전환_image,[26.07]F_I_BT깡_전환_블트칩출시_혜택강조형_KR2_.배너_공지문.가격인상됩니다.__최나영_260730_제과_김수정,14,0,302.0,0
2026-08-01,(마스터ASC)[제과_블트하] 26.07_블트깡출시_ASC_전환_image,(마스터ASC)[제과_블트하] 26.07_블트깡출시_ASC_전환_image,[26.07]F_I_BT칩_전환_블트칩출시_혜택강조형_KR2_.배너_야구장옆자리가.__최나영_260730_제과_김수정,4,0,53.0,0
2026-08-01,[제과_블트하] 26.07_블트깡출시_수동_전환_image_전체타겟,0731_주변인.혜택위계_블트칩출시,[26.07]F_I_BT칩_전환_블트칩출시_혜택강조형_KR1_.배너_다시는없어요.__김소희_260731_제과_김수정,75,0,1933.0,0
2026-08-01,(마스터ASC)[제과_블트하] 26.07_블트깡출시_ASC_전환_image,(마스터ASC)[제과_블트하] 26.07_블트깡출시_ASC_전환_image,[26.07]F_I_BT깡_전환_블트칩출시_혜택강조형_KR2_.배너_가격때문에안사고.__김소희_260731_제과_김수정,83,2,1427.0,0
2026-08-01,[제과_블트하] 26.07_블트깡출시_수동_전환_image_전체타겟,0731_주변인.혜택위계_블트칩출시,[26.07]F_I_BT혼_전환_블트칩출시_혜택강조형_KR1_.배너_공지문.정가돌아가요.__김소희_260731_제과_김수정,223,4,5542.0,1
2026-08-01,[제과_블트하] 26.07_블트깡출시_수동_전환_image_전체타겟,0731_주변인.혜택위계_블트칩출시,[26.07]F_I_BT칩_전환_블트칩출시_혜택강조형_KR2_.배너_다신없을1천원대.__김소희_260731_제과_김수정,1289,20,26040.0,1
2026-08-02,[칩] (마스터ASC)[제과_블트하] 26.07_블트칩출시_ASC_전환_image,[칩] (마스터ASC)[제과_블트하] 26.07_블트칩출시_ASC_전환_image,[26.07]F_I_BT깡_전환_블트칩출시_혜택강조형_KR2_.피드_주변인.옆자리동료.확장__김소희_260727_제과_박서연,1,0,2.0,0
2026-08-02,[제과_블트하] 26.07_블트깡출시_수동_전환_image_전체타겟,(혼합) 주변인상황_블트칩출시 (릴스형) (KR2) (0729),[26.07]F_I_BT칩_전환_블트칩출시_혜택강조형_KR2_.릴스_안다르bp.지금이젤싸요.옆자리동료.__김소희_260729_제과_박서연,811,21,30652.0,2
2026-08-02,[제과_블트하] 26.07_블트깡출시_수동_전환_image_전체타겟,(혼합) 주변인상황_블트칩출시 (릴스형) (KR2) (0729),[26.07]F_I_BT혼_전환_블트칩출시_혜택강조형_KR2_.릴스_모션.쌀때쟁이세요.__김소희_260729_제과_박서연,1,0,1.0,0
2026-08-02,[제과_블트하] 26.07_블트깡출시_수동_전환_image_전체타겟,(혼합) 주변인상황_블트칩출시 (릴스형) (KR2) (0729),[26.07]F_I_BT칩_전환_블트칩출시_혜택강조형_KR2_.릴스_모션.사무실맛잘알.__김소희_260729_제과_박서연,25,0,419.0,0
2026-08-02,(마스터ASC)[제과_블트하] 26.07_블트깡출시_ASC_전환_image,(마스터ASC)[제과_블트하] 26.07_블트깡출시_ASC_전환_image,[26.07]F_I_BT깡_전환_블트칩출시_혜택강조형_KR2_.배너_공지문.가격인상됩니다.__최나영_260730_제과_김수정,1,0,80.0,0
2026-08-02,(마스터ASC)[제과_블트하] 26.07_블트깡출시_ASC_전환_image,(마스터ASC)[제과_블트하] 26.07_블트깡출시_ASC_전환_image,[26.07]F_I_BT칩_전환_블트칩출시_혜택강조형_KR2_.배너_야구장옆자리가.__최나영_260730_제과_김수정,30,0,264.0,0
2026-08-02,[제과_블트하] 26.07_블트깡출시_수동_전환_image_전체타겟,0731_주변인.혜택위계_블트칩출시,[26.07]F_I_BT칩_전환_블트칩출시_혜택강조형_KR1_.배너_다시는없어요.__김소희_260731_제과_김수정,78,0,1006.0,0
2026-08-02,(마스터ASC)[제과_블트하] 26.07_블트깡출시_ASC_전환_image,(마스터ASC)[제과_블트하] 26.07_블트깡출시_ASC_전환_image,[26.07]F_I_BT깡_전환_블트칩출시_혜택강조형_KR2_.배너_가격때문에안사고.__김소희_260731_제과_김수정,51,1,690.0,0
2026-08-02,[제과_블트하] 26.07_블트깡출시_수동_전환_image_전체타겟,0731_주변인.혜택위계_블트칩출시,[26.07]F_I_BT혼_전환_블트칩출시_혜택강조형_KR1_.배너_공지문.정가돌아가요.__김소희_260731_제과_김수정,694,8,19231.0,0
2026-08-03,(마스터ASC)[제과_블트하] 26.07_블트깡출시_ASC_전환_image,(마스터ASC)[제과_블트하] 26.07_블트깡출시_ASC_전환_image,[26.07]F_I_BT깡_전환_블트칩출시_혜택강조형_KR2_.배너_공지문.가격인상됩니다.__최나영_260730_제과_김수정,16,0,262.0,0
2026-08-03,(마스터ASC)[제과_블트하] 26.07_블트깡출시_ASC_전환_image,(마스터ASC)[제과_블트하] 26.07_블트깡출시_ASC_전환_image,[26.07]F_I_BT칩_전환_블트칩출시_혜택강조형_KR2_.배너_야구장옆자리가.__최나영_260730_제과_김수정,7,0,46.0,0
2026-08-03,[제과_블트하] 26.07_블트깡출시_수동_전환_image_전체타겟,0731_주변인.혜택위계_블트칩출시,[26.07]F_I_BT칩_전환_블트칩출시_혜택강조형_KR1_.배너_다시는없어요.__김소희_260731_제과_김수정,10,1,115.0,0
2026-08-03,(마스터ASC)[제과_블트하] 26.07_블트깡출시_ASC_전환_image,(마스터ASC)[제과_블트하] 26.07_블트깡출시_ASC_전환_image,[26.07]F_I_BT깡_전환_블트칩출시_혜택강조형_KR2_.배너_가격때문에안사고.__김소희_260731_제과_김수정,322,5,5047.0,1
2026-07-30,[제과_블트하] 26.07_블트깡출시_수동_전환_image_전체타겟,(시리즈) 맘카페&혜택강조형_블트칩출시 (KR1) (0723),[26.07]F_I_BT혼_전환_블트칩출시_혜택강조형_KR1_.배너_에르X스급.칩깡동시소구.확장__김소희_260723_제과_박서연,31,1,740.0,0
2026-07-30,[제과_블트하] 26.07_블트깡출시_수동_전환_image_전체타겟,[혼합] 주변인 상황연출_블트칩출시 (KR2) (0727),[26.07]F_I_BT칩_전환_블트칩출시_혜택강조형_KR2_.피드_주변인.집들이안주.확장__김소희_260727_제과_박서연,177,2,3834.0,1
2026-07-30,[제과_블트하] 26.07_블트깡출시_수동_전환_image_전체타겟,0728_남편.인정소비_블트깡출시 (KR1),[26.07]F_I_BT칩_전환_블트칩출시_혜택강조형_KR1_.피드_입맛까다로운남편도.__김소희_260728_제과_김수정,1218,14,22860.0,5
2026-07-30,[제과_블트하] 26.07_블트깡출시_수동_전환_image_전체타겟,주변인인정_블트칩출시 (KR2) (0728),[26.07]F_I_BT칩_전환_블트칩출시_혜택강조형_KR2_.피드_얼집맘모임.링크..확장__김소희_260728_제과_박서연,64,0,935.0,0
2026-07-30,[칩] (마스터ASC)[제과_블트하] 26.07_블트칩출시_ASC_전환_image,[칩] (마스터ASC)[제과_블트하] 26.07_블트칩출시_ASC_전환_image,[26.07]F_I_BT혼_전환_블트칩출시_혜택강조형_KR2_.릴스_모션.쌀때쟁이세요.__김소희_260729_제과_박서연,2,0,12.0,0
2026-07-30,[칩] (마스터ASC)[제과_블트하] 26.07_블트칩출시_ASC_전환_image,[칩] (마스터ASC)[제과_블트하] 26.07_블트칩출시_ASC_전환_image,[26.07]F_I_BT칩_전환_블트칩출시_혜택강조형_KR2_.릴스_모션.옆짐맘들맛잘알.__김소희_260729_제과_박서연,14,0,361.0,0
2026-07-30,[제과_블트하] 26.07_블트깡출시_수동_전환_image_전체타겟,0730_주변인정.혜택_블트칩출시,[26.07]F_I_BT깡_전환_블트칩출시_혜택강조형_KR2_.배너_공지문.결제오류안내.__최나영_260730_제과_김수정,10,0,84.0,0
2026-07-31,[제과_블트하] 26.07_블트깡출시_수동_전환_image_전체타겟,(시리즈) 맘카페&혜택강조형_블트칩출시 (KR1) (0723),[26.07]F_I_BT혼_전환_블트칩출시_혜택강조형_KR1_.배너_에르X스급.칩깡동시소구.확장__김소희_260723_제과_박서연,31,0,314.0,0
2026-07-31,[제과_블트하] 26.07_블트깡출시_수동_전환_image_전체타겟,[혼합] 주변인 상황연출_블트칩출시 (KR2) (0727),[26.07]F_I_BT칩_전환_블트칩출시_혜택강조형_KR2_.피드_주변인.집들이안주.확장__김소희_260727_제과_박서연,10,0,355.0,0
2026-07-31,[제과_블트하] 26.07_블트깡출시_수동_전환_image_전체타겟,0728_남편.인정소비_블트깡출시 (KR1),[26.07]F_I_BT칩_전환_블트칩출시_혜택강조형_KR1_.피드_입맛까다로운남편도.__김소희_260728_제과_김수정,260,1,4907.0,0
2026-07-31,[제과_블트하] 26.07_블트깡출시_수동_전환_image_전체타겟,주변인인정_블트칩출시 (KR2) (0728),[26.07]F_I_BT칩_전환_블트칩출시_혜택강조형_KR2_.피드_얼집맘모임.링크..확장__김소희_260728_제과_박서연,18,1,539.0,0
2026-07-31,[칩] (마스터ASC)[제과_블트하] 26.07_블트칩출시_ASC_전환_image,[칩] (마스터ASC)[제과_블트하] 26.07_블트칩출시_ASC_전환_image,[26.07]F_I_BT칩_전환_블트칩출시_혜택강조형_KR2_.릴스_모션.옆짐맘들맛잘알.__김소희_260729_제과_박서연,64,0,1637.0,0
2026-07-31,[제과_블트하] 26.07_블트깡출시_수동_전환_image_전체타겟,0730_주변인정.혜택_블트칩출시,[26.07]F_I_BT깡_전환_블트칩출시_혜택강조형_KR2_.배너_공지문.결제오류안내.__최나영_260730_제과_김수정,79,3,1506.0,0
2026-07-31,[칩] (마스터ASC)[제과_블트하] 26.07_블트칩출시_ASC_전환_video,[칩] (마스터ASC)[제과_블트하] 26.07_블트칩출시_ASC_전환_video,[26.08]F_V_BT혼_전환_블트칩출시_신규BP_풀리오BP.KR1_main.릴스_본론.남편.X_2P_최나영_260801_제과_이봄1,2,0,27.0,0
2026-07-31,(마스터ASC)[제과_블트하] 26.07_블트깡출시_ASC_전환_image,(마스터ASC)[제과_블트하] 26.07_블트깡출시_ASC_전환_image,[26.07]F_I_BT칩_전환_블트칩출시_혜택강조형_KR2_.배너_급구개당1천원대.__김소희_260731_제과_김수정,9,0,179.0,0
2026-08-01,[제과_블트하] 26.07_블트깡출시_수동_전환_image_전체타겟,(시리즈) 맘카페&혜택강조형_블트칩출시 (KR1) (0723),[26.07]F_I_BT혼_전환_블트칩출시_혜택강조형_KR1_.배너_에르X스급.칩깡동시소구.확장__김소희_260723_제과_박서연,15,0,272.0,0
2026-08-01,[제과_블트하] 26.07_블트깡출시_수동_전환_image_전체타겟,[혼합] 주변인 상황연출_블트칩출시 (KR2) (0727),[26.07]F_I_BT칩_전환_블트칩출시_혜택강조형_KR2_.피드_주변인.집들이안주.확장__김소희_260727_제과_박서연,14,0,92.0,0
2026-08-01,[제과_블트하] 26.07_블트깡출시_수동_전환_image_전체타겟,0728_남편.인정소비_블트깡출시 (KR1),[26.07]F_I_BT칩_전환_블트칩출시_혜택강조형_KR1_.피드_입맛까다로운남편도.__김소희_260728_제과_김수정,36,0,863.0,0
2026-08-01,[제과_블트하] 26.07_블트깡출시_수동_전환_image_전체타겟,주변인인정_블트칩출시 (KR2) (0728),[26.07]F_I_BT칩_전환_블트칩출시_혜택강조형_KR2_.피드_얼집맘모임.링크..확장__김소희_260728_제과_박서연,51,1,1475.0,0
2026-08-01,[칩] (마스터ASC)[제과_블트하] 26.07_블트칩출시_ASC_전환_image,[칩] (마스터ASC)[제과_블트하] 26.07_블트칩출시_ASC_전환_image,[26.07]F_I_BT칩_전환_블트칩출시_혜택강조형_KR2_.릴스_모션.옆짐맘들맛잘알.__김소희_260729_제과_박서연,4,0,40.0,0
2026-08-01,[제과_블트하] 26.07_블트깡출시_수동_전환_image_전체타겟,0730_주변인정.혜택_블트칩출시,[26.07]F_I_BT깡_전환_블트칩출시_혜택강조형_KR2_.배너_공지문.결제오류안내.__최나영_260730_제과_김수정,9,2,190.0,0
2026-08-01,[칩] (마스터ASC)[제과_블트하] 26.07_블트칩출시_ASC_전환_video,[칩] (마스터ASC)[제과_블트하] 26.07_블트칩출시_ASC_전환_video,[26.08]F_V_BT혼_전환_블트칩출시_신규BP_풀리오BP.KR1_main.릴스_본론.남편.X_2P_최나영_260801_제과_이봄1,8180,193,239024.0,21
2026-08-01,(마스터ASC)[제과_블트하] 26.07_블트깡출시_ASC_전환_image,(마스터ASC)[제과_블트하] 26.07_블트깡출시_ASC_전환_image,[26.07]F_I_BT칩_전환_블트칩출시_혜택강조형_KR2_.배너_급구개당1천원대.__김소희_260731_제과_김수정,37,0,631.0,0
2026-08-02,[제과_블트하] 26.07_블트깡출시_수동_전환_image_전체타겟,(시리즈) 맘카페&혜택강조형_블트칩출시 (KR1) (0723),[26.07]F_I_BT혼_전환_블트칩출시_혜택강조형_KR1_.배너_에르X스급.칩깡동시소구.확장__김소희_260723_제과_박서연,46,1,1316.0,0
2026-08-02,[제과_블트하] 26.07_블트깡출시_수동_전환_image_전체타겟,[혼합] 주변인 상황연출_블트칩출시 (KR2) (0727),[26.07]F_I_BT칩_전환_블트칩출시_혜택강조형_KR2_.피드_주변인.집들이안주.확장__김소희_260727_제과_박서연,140,2,4221.0,0
2026-08-02,[제과_블트하] 26.07_블트깡출시_수동_전환_image_전체타겟,0728_남편.인정소비_블트깡출시 (KR1),[26.07]F_I_BT칩_전환_블트칩출시_혜택강조형_KR1_.피드_입맛까다로운남편도.__김소희_260728_제과_김수정,465,7,7183.0,1
2026-08-02,[제과_블트하] 26.07_블트깡출시_수동_전환_image_전체타겟,주변인인정_블트칩출시 (KR2) (0728),[26.07]F_I_BT칩_전환_블트칩출시_혜택강조형_KR2_.피드_얼집맘모임.링크..확장__김소희_260728_제과_박서연,873,7,17394.0,1
2026-08-02,[칩] (마스터ASC)[제과_블트하] 26.07_블트칩출시_ASC_전환_image,[칩] (마스터ASC)[제과_블트하] 26.07_블트칩출시_ASC_전환_image,[26.07]F_I_BT혼_전환_블트칩출시_혜택강조형_KR2_.릴스_모션.쌀때쟁이세요.__김소희_260729_제과_박서연,4,0,74.0,0
2026-08-02,[칩] (마스터ASC)[제과_블트하] 26.07_블트칩출시_ASC_전환_image,[칩] (마스터ASC)[제과_블트하] 26.07_블트칩출시_ASC_전환_image,[26.07]F_I_BT칩_전환_블트칩출시_혜택강조형_KR2_.릴스_모션.옆짐맘들맛잘알.__김소희_260729_제과_박서연,3,0,201.0,0
2026-08-02,[칩] (마스터ASC)[제과_블트하] 26.07_블트칩출시_ASC_전환_video,[칩] (마스터ASC)[제과_블트하] 26.07_블트칩출시_ASC_전환_video,[26.08]F_V_BT혼_전환_블트칩출시_신규BP_풀리오BP.KR1_main.릴스_본론.남편.X_2P_최나영_260801_제과_이봄1,2940,65,97651.0,7
2026-08-02,(마스터ASC)[제과_블트하] 26.07_블트깡출시_ASC_전환_image,(마스터ASC)[제과_블트하] 26.07_블트깡출시_ASC_전환_image,[26.07]F_I_BT칩_전환_블트칩출시_혜택강조형_KR2_.배너_급구개당1천원대.__김소희_260731_제과_김수정,58,0,850.0,0
2026-08-03,[제과_블트하] 26.07_블트깡출시_수동_전환_image_전체타겟,[혼합] 주변인 상황연출_블트칩출시 (KR2) (0727),[26.07]F_I_BT칩_전환_블트칩출시_혜택강조형_KR2_.피드_주변인.집들이안주.확장__김소희_260727_제과_박서연,732,10,16208.0,3
2026-08-03,[제과_블트하] 26.07_블트깡출시_수동_전환_image_전체타겟,0728_남편.인정소비_블트깡출시 (KR1),[26.07]F_I_BT칩_전환_블트칩출시_혜택강조형_KR1_.피드_입맛까다로운남편도.__김소희_260728_제과_김수정,720,9,16677.0,1
2026-08-03,[제과_블트하] 26.07_블트깡출시_수동_전환_image_전체타겟,주변인인정_블트칩출시 (KR2) (0728),[26.07]F_I_BT칩_전환_블트칩출시_혜택강조형_KR2_.피드_얼집맘모임.링크..확장__김소희_260728_제과_박서연,441,4,8680.0,0
2026-08-03,(마스터ASC)[제과_블트하] 26.07_블트깡출시_ASC_전환_image,(마스터ASC)[제과_블트하] 26.07_블트깡출시_ASC_전환_image,[26.07]F_I_BT칩_전환_블트칩출시_혜택강조형_KR2_.배너_급구개당1천원대.__김소희_260731_제과_김수정,5,0,66.0,0
2026-07-30,[제과_블트하] 26.07_블트깡출시_수동_전환_image_전체타겟,(혼합) 남편페르소나_블트칩출시(릴스형) (KR1) (0729),[26.07]F_I_BT칩_전환_블트칩출시_혜택강조형_KR1_.릴스_지금쟁여야이득가격비교.__김소희_260729_제과_김수정,457,9,14351.0,0
2026-07-30,[제과_블트하] 26.07_블트깡출시_수동_전환_image_전체타겟,(혼합) 남편페르소나_블트칩출시(릴스형) (KR1) (0729),[26.07]F_I_BT칩_전환_블트칩출시_혜택강조형_KR1_.릴스_쌀때쟁이세요가격비교.__김소희_260729_제과_김수정,78,0,1107.0,0
2026-07-30,[제과_블트하] 26.07_블트깡출시_수동_전환_image_전체타겟,(혼합) 남편페르소나_블트칩출시(릴스형) (KR1) (0729),[26.07]F_I_BT칩_전환_블트칩출시_혜택강조형_KR1_.릴스_과자안먹는남편내돈내산.__김소희_260729_제과_김수정,217,1,4560.0,0
2026-07-30,[칩] (마스터ASC)[제과_블트하] 26.07_블트칩출시_ASC_전환_image,[칩] (마스터ASC)[제과_블트하] 26.07_블트칩출시_ASC_전환_image,[26.07]F_I_BT칩_전환_블트칩출시_혜택강조형_KR2_.릴스_안다르bp.냄새맡고옆자리동료.__김소희_260729_제과_박서연,50,0,2522.0,0
2026-07-31,[제과_블트하] 26.07_블트깡출시_수동_전환_image_전체타겟,(혼합) 남편페르소나_블트칩출시(릴스형) (KR1) (0729),[26.07]F_I_BT칩_전환_블트칩출시_혜택강조형_KR1_.릴스_쌀때쟁이세요가격비교.__김소희_260729_제과_김수정,9,0,225.0,0
2026-07-31,[제과_블트하] 26.07_블트깡출시_수동_전환_image_전체타겟,(혼합) 남편페르소나_블트칩출시(릴스형) (KR1) (0729),[26.07]F_I_BT칩_전환_블트칩출시_혜택강조형_KR1_.릴스_과자안먹는남편내돈내산.__김소희_260729_제과_김수정,51,1,918.0,0
2026-07-31,[칩] (마스터ASC)[제과_블트하] 26.07_블트칩출시_ASC_전환_image,[칩] (마스터ASC)[제과_블트하] 26.07_블트칩출시_ASC_전환_image,[26.07]F_I_BT칩_전환_블트칩출시_혜택강조형_KR2_.릴스_안다르bp.냄새맡고옆자리동료.__김소희_260729_제과_박서연,38,0,1896.0,0
2026-08-01,[제과_블트하] 26.07_블트깡출시_수동_전환_image_전체타겟,(혼합) 남편페르소나_블트칩출시(릴스형) (KR1) (0729),[26.07]F_I_BT칩_전환_블트칩출시_혜택강조형_KR1_.릴스_과자안먹는남편내돈내산.__김소희_260729_제과_김수정,635,11,13272.0,1
2026-08-01,[칩] (마스터ASC)[제과_블트하] 26.07_블트칩출시_ASC_전환_image,[칩] (마스터ASC)[제과_블트하] 26.07_블트칩출시_ASC_전환_image,[26.07]F_I_BT칩_전환_블트칩출시_혜택강조형_KR2_.릴스_안다르bp.냄새맡고옆자리동료.__김소희_260729_제과_박서연,48,1,1054.0,0
2026-08-02,[제과_블트하] 26.07_블트깡출시_수동_전환_image_전체타겟,(혼합) 남편페르소나_블트칩출시(릴스형) (KR1) (0729),[26.07]F_I_BT칩_전환_블트칩출시_혜택강조형_KR1_.릴스_과자안먹는남편내돈내산.__김소희_260729_제과_김수정,41,0,957.0,0
2026-08-02,[칩] (마스터ASC)[제과_블트하] 26.07_블트칩출시_ASC_전환_image,[칩] (마스터ASC)[제과_블트하] 26.07_블트칩출시_ASC_전환_image,[26.07]F_I_BT칩_전환_블트칩출시_혜택강조형_KR2_.릴스_안다르bp.냄새맡고옆자리동료.__김소희_260729_제과_박서연,8,0,363.0,0
2026-08-03,[칩] (마스터ASC)[제과_블트하] 26.07_블트칩출시_ASC_전환_image,[칩] (마스터ASC)[제과_블트하] 26.07_블트칩출시_ASC_전환_image,[26.07]F_I_BT칩_전환_블트칩출시_혜택강조형_KR2_.릴스_안다르bp.냄새맡고옆자리동료.__김소희_260729_제과_박서연,16,1,240.0,0
2026-08-03,[칩] (마스터ASC)[제과_블트하] 26.07_블트칩출시_ASC_전환_video,[칩] (마스터ASC)[제과_블트하] 26.07_블트칩출시_ASC_전환_video,[26.08]F_V_BT혼_전환_블트칩출시_신규BP_풀리오BP.KR1_main.릴스_본론.남편.X_2P_최나영_260801_제과_이봄1,2371,65,96477.0,8
2026-07-30,[제과_블트하] 26.07_블트깡출시_수동_전환_video_전체타겟,0725_BP이식형_블트칩출시 (KR1),[26.07]F_V_BT칩_전환_블트칩출시_쩜오건_3040페르소나강조.풀매수_main.릴스_BP그대로.X_1P_김소희_260723_제과_강경연,1475,29,44087.0,3
2026-07-30,[칩] (마스터ASC)[제과_블트하] 26.07_블트칩출시_ASC_전환_image,[칩] (마스터ASC)[제과_블트하] 26.07_블트칩출시_ASC_전환_image,[26.07]F_I_BT칩_전환_블트칩출시_혜택강조형_KR1_.피드_과자안먹는남편내돈내산.__김소희_260728_제과_김수정,6,0,47.0,0
2026-07-30,[칩] (마스터ASC)[제과_블트하] 26.07_블트칩출시_ASC_전환_image,[칩] (마스터ASC)[제과_블트하] 26.07_블트칩출시_ASC_전환_image,[26.07]F_I_BT칩_전환_블트칩출시_혜택강조형_KR2_.피드_옆자리회사동료가뺏어감..확장__김소희_260728_제과_박서연,3,0,30.0,0
2026-07-30,[칩] (마스터ASC)[제과_블트하] 26.07_블트칩출시_ASC_전환_image,[칩] (마스터ASC)[제과_블트하] 26.07_블트칩출시_ASC_전환_image,[26.07]F_I_BT칩_전환_블트칩출시_혜택강조형_KR2_.피드_옆집맘들한테맛잘알인정..확장__김소희_260728_제과_박서연,98,2,1978.0,0
2026-07-31,[제과_블트하] 26.07_블트깡출시_수동_전환_video_전체타겟,0725_BP이식형_블트칩출시 (KR1),[26.07]F_V_BT칩_전환_블트칩출시_쩜오건_3040페르소나강조.풀매수_main.릴스_BP그대로.X_1P_김소희_260723_제과_강경연,6381,130,174381.0,10
2026-07-31,[제과_블트하] 26.07_블트깡출시_수동_전환_image_전체타겟,[혼합] 남편상황연출_블트칩출시 (KR1) (0727),[26.07]F_I_BT깡_전환_블트깡출시_바이럴형_KR1_.피드_남편인정.맥주한잔.확장__김소희_260727_제과_김수정,6,0,86.0,0
2026-07-31,[칩] (마스터ASC)[제과_블트하] 26.07_블트칩출시_ASC_전환_image,[칩] (마스터ASC)[제과_블트하] 26.07_블트칩출시_ASC_전환_image,[26.07]F_I_BT칩_전환_블트칩출시_혜택강조형_KR2_.피드_옆집맘들한테맛잘알인정..확장__김소희_260728_제과_박서연,737,11,17317.0,0
2026-08-01,[제과_블트하] 26.07_블트깡출시_수동_전환_video_전체타겟,0725_BP이식형_블트칩출시 (KR1),[26.07]F_V_BT칩_전환_블트칩출시_쩜오건_3040페르소나강조.풀매수_main.릴스_BP그대로.X_1P_김소희_260723_제과_강경연,13407,247,297941.0,21
2026-08-01,[칩] (마스터ASC)[제과_블트하] 26.07_블트칩출시_ASC_전환_image,[칩] (마스터ASC)[제과_블트하] 26.07_블트칩출시_ASC_전환_image,[26.07]F_I_BT칩_전환_블트칩출시_혜택강조형_KR1_.피드_과자안먹는남편내돈내산.__김소희_260728_제과_김수정,1,0,4.0,0
2026-08-01,[칩] (마스터ASC)[제과_블트하] 26.07_블트칩출시_ASC_전환_image,[칩] (마스터ASC)[제과_블트하] 26.07_블트칩출시_ASC_전환_image,[26.07]F_I_BT칩_전환_블트칩출시_혜택강조형_KR2_.피드_옆자리회사동료가뺏어감..확장__김소희_260728_제과_박서연,37,1,603.0,1
2026-08-01,[칩] (마스터ASC)[제과_블트하] 26.07_블트칩출시_ASC_전환_image,[칩] (마스터ASC)[제과_블트하] 26.07_블트칩출시_ASC_전환_image,[26.07]F_I_BT칩_전환_블트칩출시_혜택강조형_KR2_.피드_옆집맘들한테맛잘알인정..확장__김소희_260728_제과_박서연,1186,15,23859.0,2
2026-08-01,(마스터ASC)[제과_블트하] 26.07_블트깡출시_ASC_전환_image,(마스터ASC)[제과_블트하] 26.07_블트깡출시_ASC_전환_image,[26.07]F_I_BT혼_전환_블트칩출시_혜택강조형_KR1_.배너_공지문.이가격다신없습니다.__김소희_260731_제과_김수정,62,0,1363.0,0
2026-08-02,[제과_블트하] 26.07_블트깡출시_수동_전환_video_전체타겟,0725_BP이식형_블트칩출시 (KR1),[26.07]F_V_BT칩_전환_블트칩출시_쩜오건_3040페르소나강조.풀매수_main.릴스_BP그대로.X_1P_김소희_260723_제과_강경연,2978,60,74844.0,4
2026-08-02,[칩] (마스터ASC)[제과_블트하] 26.07_블트칩출시_ASC_전환_image,[칩] (마스터ASC)[제과_블트하] 26.07_블트칩출시_ASC_전환_image,[26.07]F_I_BT칩_전환_블트칩출시_혜택강조형_KR1_.피드_과자안먹는남편내돈내산.__김소희_260728_제과_김수정,13,1,149.0,0
2026-08-02,[칩] (마스터ASC)[제과_블트하] 26.07_블트칩출시_ASC_전환_image,[칩] (마스터ASC)[제과_블트하] 26.07_블트칩출시_ASC_전환_image,[26.07]F_I_BT칩_전환_블트칩출시_혜택강조형_KR2_.피드_옆자리회사동료가뺏어감..확장__김소희_260728_제과_박서연,3,0,14.0,0
2026-08-02,(마스터ASC)[제과_블트하] 26.07_블트깡출시_ASC_전환_image,(마스터ASC)[제과_블트하] 26.07_블트깡출시_ASC_전환_image,[26.07]F_I_BT혼_전환_블트칩출시_혜택강조형_KR1_.배너_공지문.이가격다신없습니다.__김소희_260731_제과_김수정,31,0,938.0,0
2026-08-03,[제과_블트하] 26.07_블트깡출시_수동_전환_video_전체타겟,0725_BP이식형_블트칩출시 (KR1),[26.07]F_V_BT칩_전환_블트칩출시_쩜오건_3040페르소나강조.풀매수_main.릴스_BP그대로.X_1P_김소희_260723_제과_강경연,10969,206,255617.0,23
2026-08-03,[칩] (마스터ASC)[제과_블트하] 26.07_블트칩출시_ASC_전환_image,[칩] (마스터ASC)[제과_블트하] 26.07_블트칩출시_ASC_전환_image,[26.07]F_I_BT칩_전환_블트칩출시_혜택강조형_KR2_.피드_옆자리회사동료가뺏어감..확장__김소희_260728_제과_박서연,240,3,3560.0,0
2026-08-03,(마스터ASC)[제과_블트하] 26.07_블트깡출시_ASC_전환_image,(마스터ASC)[제과_블트하] 26.07_블트깡출시_ASC_전환_image,[26.07]F_I_BT혼_전환_블트칩출시_혜택강조형_KR1_.배너_공지문.이가격다신없습니다.__김소희_260731_제과_김수정,11,0,157.0,0
2026-07-30,[제과_블트하] 26.07_블트깡출시_수동_전환_image_전체타겟,0728_남편.인정소비_블트깡출시 (KR1),[26.07]F_I_BT깡_전환_블트깡출시__KR1_.배너_공지문.창고형마트대세감.확장__김소희_260721_제과_김수정,9923,179,230602.0,16
2026-07-30,[칩] (마스터ASC)[제과_블트하] 26.07_블트칩출시_ASC_전환_video,[칩] (마스터ASC)[제과_블트하] 26.07_블트칩출시_ASC_전환_video,[26.07]F_V_BT칩_전환_블트칩출시_쩜오건_오감자BP.KR1_var3.릴스_중국산.X_2P_최나영_260724_제과_윤성미,2151,37,53664.0,5
2026-07-30,[칩] (마스터ASC)[제과_블트하] 26.07_블트칩출시_ASC_전환_image,[칩] (마스터ASC)[제과_블트하] 26.07_블트칩출시_ASC_전환_image,[26.07]F_I_BT혼_전환_블트칩출시_혜택강조형_KR1_.릴스_쌀때쟁이세요.__김소희_260729_제과_김수정,105,6,3281.0,0
2026-07-30,[제과_블트하] 26.07_블트깡출시_수동_전환_image_전체타겟,(혼합) 남편페르소나_블트칩출시(릴스형) (KR1) (0729),[26.07]F_I_BT칩_전환_블트칩출시_혜택강조형_KR1_.릴스_지금이젤싸요가격비교.__김소희_260729_제과_김수정,173,4,4498.0,0
2026-07-30,[제과_블트하] 26.07_블트깡출시_수동_전환_image_전체타겟,(혼합) 주변인상황_블트칩출시 (릴스형) (KR2) (0729),[26.07]F_I_BT칩_전환_블트칩출시_혜택강조형_KR2_.릴스_안다르bp.쌀때쟁이세요.__김소희_260729_제과_박서연,79,1,2585.0,0
2026-07-30,[제과_블트하] 26.07_블트깡출시_수동_전환_image_전체타겟,(혼합) 주변인상황_블트칩출시 (릴스형) (KR2) (0729),[26.07]F_I_BT칩_전환_블트칩출시_혜택강조형_KR2_.릴스_안다르bp.냄새맡고옆자리동료.__김소희_260729_제과_박서연,50,0,1514.0,0
2026-07-31,[제과_블트하] 26.07_블트깡출시_수동_전환_image_전체타겟,0728_남편.인정소비_블트깡출시 (KR1),[26.07]F_I_BT깡_전환_블트깡출시__KR1_.배너_공지문.창고형마트대세감.확장__김소희_260721_제과_김수정,6963,140,179426.0,14
2026-07-31,[칩] (마스터ASC)[제과_블트하] 26.07_블트칩출시_ASC_전환_video,[칩] (마스터ASC)[제과_블트하] 26.07_블트칩출시_ASC_전환_video,[26.07]F_V_BT칩_전환_블트칩출시_쩜오건_오감자BP.KR1_var3.릴스_중국산.X_2P_최나영_260724_제과_윤성미,648,14,13901.0,3
2026-07-31,[칩] (마스터ASC)[제과_블트하] 26.07_블트칩출시_ASC_전환_image,[칩] (마스터ASC)[제과_블트하] 26.07_블트칩출시_ASC_전환_image,[26.07]F_I_BT칩_전환_블트칩출시_혜택강조형_KR2_.피드_주변인.친척모임.확장__김소희_260727_제과_박서연,2,0,14.0,0
2026-07-31,[칩] (마스터ASC)[제과_블트하] 26.07_블트칩출시_ASC_전환_image,[칩] (마스터ASC)[제과_블트하] 26.07_블트칩출시_ASC_전환_image,[26.07]F_I_BT칩_전환_블트칩출시_바이럴형_KR1_.피드_남편인정.캠핑.확장__김소희_260727_제과_김수정,5,0,25.0,0
2026-07-31,[칩] (마스터ASC)[제과_블트하] 26.07_블트칩출시_ASC_전환_image,[칩] (마스터ASC)[제과_블트하] 26.07_블트칩출시_ASC_전환_image,[26.07]F_I_BT혼_전환_블트칩출시_혜택강조형_KR1_.릴스_쌀때쟁이세요.__김소희_260729_제과_김수정,652,10,17341.0,1
2026-07-31,[제과_블트하] 26.07_블트깡출시_수동_전환_image_전체타겟,(혼합) 남편페르소나_블트칩출시(릴스형) (KR1) (0729),[26.07]F_I_BT칩_전환_블트칩출시_혜택강조형_KR1_.릴스_지금이젤싸요가격비교.__김소희_260729_제과_김수정,203,3,5331.0,1
2026-07-31,[제과_블트하] 26.07_블트깡출시_수동_전환_image_전체타겟,(혼합) 주변인상황_블트칩출시 (릴스형) (KR2) (0729),[26.07]F_I_BT칩_전환_블트칩출시_혜택강조형_KR2_.릴스_안다르bp.쌀때쟁이세요.__김소희_260729_제과_박서연,611,14,19430.0,0
2026-07-31,[제과_블트하] 26.07_블트깡출시_수동_전환_image_전체타겟,(혼합) 주변인상황_블트칩출시 (릴스형) (KR2) (0729),[26.07]F_I_BT칩_전환_블트칩출시_혜택강조형_KR2_.릴스_안다르bp.냄새맡고옆자리동료.__김소희_260729_제과_박서연,84,0,1697.0,0
2026-07-31,[제과_블트하] 26.07_블트깡출시_수동_전환_video_전체타겟,0731_관계성네고형_블트칩출시 (KR2),[26.08]F_V_BT칩_전환_블트칩출시_네고형_관계성네고형.KR2_var1.릴스_공통시작.시어머니.X_2P_김소희_260801_제과_이미진,480,15,11573.0,1
2026-08-01,[제과_블트하] 26.07_블트깡출시_수동_전환_image_전체타겟,0728_남편.인정소비_블트깡출시 (KR1),[26.07]F_I_BT깡_전환_블트깡출시__KR1_.배너_공지문.창고형마트대세감.확장__김소희_260721_제과_김수정,2592,55,59763.0,2
2026-08-01,[칩] (마스터ASC)[제과_블트하] 26.07_블트칩출시_ASC_전환_video,[칩] (마스터ASC)[제과_블트하] 26.07_블트칩출시_ASC_전환_video,[26.07]F_V_BT칩_전환_블트칩출시_쩜오건_오감자BP.KR1_var3.릴스_중국산.X_2P_최나영_260724_제과_윤성미,3463,56,68764.0,2
2026-08-01,[칩] (마스터ASC)[제과_블트하] 26.07_블트칩출시_ASC_전환_image,[칩] (마스터ASC)[제과_블트하] 26.07_블트칩출시_ASC_전환_image,[26.07]F_I_BT칩_전환_블트칩출시_바이럴형_KR1_.피드_남편인정.캠핑.확장__김소희_260727_제과_김수정,8,0,64.0,0
2026-08-01,[칩] (마스터ASC)[제과_블트하] 26.07_블트칩출시_ASC_전환_image,[칩] (마스터ASC)[제과_블트하] 26.07_블트칩출시_ASC_전환_image,[26.07]F_I_BT혼_전환_블트칩출시_혜택강조형_KR1_.릴스_쌀때쟁이세요.__김소희_260729_제과_김수정,272,1,6136.0,0
2026-08-01,[제과_블트하] 26.07_블트깡출시_수동_전환_image_전체타겟,(혼합) 남편페르소나_블트칩출시(릴스형) (KR1) (0729),[26.07]F_I_BT칩_전환_블트칩출시_혜택강조형_KR1_.릴스_지금이젤싸요가격비교.__김소희_260729_제과_김수정,1502,24,30420.0,1
2026-08-01,[제과_블트하] 26.07_블트깡출시_수동_전환_image_전체타겟,(혼합) 주변인상황_블트칩출시 (릴스형) (KR2) (0729),[26.07]F_I_BT칩_전환_블트칩출시_혜택강조형_KR2_.릴스_안다르bp.냄새맡고옆자리동료.__김소희_260729_제과_박서연,6,0,146.0,0
2026-08-01,[제과_블트하] 26.07_블트깡출시_수동_전환_video_전체타겟,0731_관계성네고형_블트칩출시 (KR2),[26.08]F_V_BT칩_전환_블트칩출시_네고형_관계성네고형.KR2_var1.릴스_공통시작.시어머니.X_2P_김소희_260801_제과_이미진,2847,73,73013.0,3
2026-08-02,[제과_블트하] 26.07_블트깡출시_수동_전환_image_전체타겟,0728_남편.인정소비_블트깡출시 (KR1),[26.07]F_I_BT깡_전환_블트깡출시__KR1_.배너_공지문.창고형마트대세감.확장__김소희_260721_제과_김수정,217,2,3872.0,1
2026-08-02,[칩] (마스터ASC)[제과_블트하] 26.07_블트칩출시_ASC_전환_image,[칩] (마스터ASC)[제과_블트하] 26.07_블트칩출시_ASC_전환_image,[26.07]F_I_BT혼_전환_블트칩출시_혜택강조형_KR1_.릴스_쌀때쟁이세요.__김소희_260729_제과_김수정,194,2,4947.0,0
2026-08-02,[제과_블트하] 26.07_블트깡출시_수동_전환_image_전체타겟,(혼합) 주변인상황_블트칩출시 (릴스형) (KR2) (0729),[26.07]F_I_BT칩_전환_블트칩출시_혜택강조형_KR2_.릴스_안다르bp.냄새맡고옆자리동료.__김소희_260729_제과_박서연,2,0,3.0,0
2026-08-02,[제과_블트하] 26.07_블트깡출시_수동_전환_video_전체타겟,0731_관계성네고형_블트칩출시 (KR2),[26.08]F_V_BT칩_전환_블트칩출시_네고형_관계성네고형.KR2_var1.릴스_공통시작.시어머니.X_2P_김소희_260801_제과_이미진,626,14,13859.0,1
2026-08-03,[칩] (마스터ASC)[제과_블트하] 26.07_블트칩출시_ASC_전환_image,[칩] (마스터ASC)[제과_블트하] 26.07_블트칩출시_ASC_전환_image,[26.07]F_I_BT칩_전환_블트칩출시_혜택강조형_KR2_.피드_주변인.친척모임.확장__김소희_260727_제과_박서연,30,1,434.0,0
2026-08-03,[칩] (마스터ASC)[제과_블트하] 26.07_블트칩출시_ASC_전환_image,[칩] (마스터ASC)[제과_블트하] 26.07_블트칩출시_ASC_전환_image,[26.07]F_I_BT칩_전환_블트칩출시_바이럴형_KR1_.피드_남편인정.캠핑.확장__김소희_260727_제과_김수정,514,9,7808.0,0
2026-08-03,[칩] (마스터ASC)[제과_블트하] 26.07_블트칩출시_ASC_전환_image,[칩] (마스터ASC)[제과_블트하] 26.07_블트칩출시_ASC_전환_image,[26.07]F_I_BT혼_전환_블트칩출시_혜택강조형_KR1_.릴스_쌀때쟁이세요.__김소희_260729_제과_김수정,259,4,5547.0,1
2026-08-03,[제과_블트하] 26.07_블트깡출시_수동_전환_video_전체타겟,0731_관계성네고형_블트칩출시 (KR2),[26.08]F_V_BT칩_전환_블트칩출시_네고형_관계성네고형.KR2_var1.릴스_공통시작.시어머니.X_2P_김소희_260801_제과_이미진,5,0,89.0,0
2026-07-30,[제과_블트하] 26.07_블트깡출시_수동_전환_image_전체타겟,0728_남편.인정소비_블트깡출시 (KR1),[26.07]F_I_BT깡_전환_블트깡출시_바이럴형_KR1_.릴스_맘카페페르소나.지면테스트.무조건담으락로.검증__김소희_260721_제과_김수정,76,0,2309.0,0
2026-07-30,[제과_블트하] 26.07_블트깡출시_수동_전환_image_전체타겟,(혼합) 남편페르소나_블트칩출시(릴스형) (KR1) (0729),[26.07]F_I_BT칩_전환_블트칩출시_혜택강조형_KR2_.릴스_상황연출.캠핑.확장__김소희_260724_제과_박서연,294,2,6826.0,0
2026-07-30,[제과_블트하] 26.07_블트깡출시_수동_전환_image_전체타겟,(혼합) 남편페르소나_블트칩출시(릴스형) (KR1) (0729),[26.07]F_I_BT깡_전환_블트칩출시_혜택강조형_KR1_.릴스_2분할개당1천원대.__김소희_260729_제과_김수정,82,0,1280.0,0
2026-07-30,[제과_블트하] 26.07_블트깡출시_수동_전환_image_전체타겟,(혼합) 남편페르소나_블트칩출시(릴스형) (KR1) (0729),[26.07]F_I_BT깡_전환_블트칩출시_혜택강조형_KR1_.릴스_입맛깐깐한남편쟁여두는.__김소희_260729_제과_김수정,336,7,6798.0,0
2026-07-30,[제과_블트하] 26.07_블트깡출시_수동_전환_image_전체타겟,(혼합) 남편페르소나_블트칩출시(릴스형) (KR1) (0729),[26.07]F_I_BT깡_전환_블트칩출시_혜택강조형__.릴스_맘카페입소문.__김소희_260729_제과_김수정,116,0,2372.0,0
2026-07-30,[제과_블트하] 26.07_블트깡출시_수동_전환_image_전체타겟,(혼합) 주변인상황_블트칩출시 (릴스형) (KR2) (0729),[26.07]F_I_BT칩_전환_블트칩출시_혜택강조형_KR2_.릴스_안다르bp.지금쟁이는게이득.__김소희_260729_제과_박서연,88,2,1731.0,0
2026-07-30,[칩] (마스터ASC)[제과_블트하] 26.07_블트칩출시_ASC_전환_image,[칩] (마스터ASC)[제과_블트하] 26.07_블트칩출시_ASC_전환_image,[26.07]F_I_BT혼_전환_블트칩출시_혜택강조형_KR2_.릴스_모션.지금이젤싸요.__김소희_260729_제과_박서연,219,0,6218.0,1
2026-07-30,(마스터ASC)[제과_블트하] 26.07_블트깡출시_ASC_전환_image,(마스터ASC)[제과_블트하] 26.07_블트깡출시_ASC_전환_image,[26.07]F_I_BT깡_전환_블트칩출시_혜택강조형_KR2_.배너_공지문.결제오류안내.__최나영_260730_제과_김수정,81,1,1771.0,1
2026-07-30,(마스터ASC)[제과_블트하] 26.07_블트깡출시_ASC_전환_image,(마스터ASC)[제과_블트하] 26.07_블트깡출시_ASC_전환_image,[26.07]F_I_BT칩_전환_블트칩출시_혜택강조형_KR2_.배너_탕비실에두면.__최나영_260730_제과_김수정,5,0,42.0,0
2026-07-31,[제과_블트하] 26.07_블트깡출시_수동_전환_image_전체타겟,0728_남편.인정소비_블트깡출시 (KR1),[26.07]F_I_BT깡_전환_블트깡출시_바이럴형_KR1_.릴스_맘카페페르소나.지면테스트.무조건담으락로.검증__김소희_260721_제과_김수정,9,0,75.0,0
2026-07-31,[제과_블트하] 26.07_블트깡출시_수동_전환_image_전체타겟,(혼합) 남편페르소나_블트칩출시(릴스형) (KR1) (0729),[26.07]F_I_BT칩_전환_블트칩출시_혜택강조형_KR2_.릴스_상황연출.캠핑.확장__김소희_260724_제과_박서연,350,3,5940.0,1
2026-07-31,[제과_블트하] 26.07_블트깡출시_수동_전환_image_전체타겟,(혼합) 남편페르소나_블트칩출시(릴스형) (KR1) (0729),[26.07]F_I_BT깡_전환_블트칩출시_혜택강조형_KR1_.릴스_2분할개당1천원대.__김소희_260729_제과_김수정,16,0,239.0,0
2026-07-31,[제과_블트하] 26.07_블트깡출시_수동_전환_image_전체타겟,(혼합) 남편페르소나_블트칩출시(릴스형) (KR1) (0729),[26.07]F_I_BT깡_전환_블트칩출시_혜택강조형_KR1_.릴스_입맛깐깐한남편쟁여두는.__김소희_260729_제과_김수정,861,11,16395.0,0
2026-07-31,[제과_블트하] 26.07_블트깡출시_수동_전환_image_전체타겟,(혼합) 남편페르소나_블트칩출시(릴스형) (KR1) (0729),[26.07]F_I_BT깡_전환_블트칩출시_혜택강조형__.릴스_맘카페입소문.__김소희_260729_제과_김수정,57,2,1229.0,0
2026-07-31,[제과_블트하] 26.07_블트깡출시_수동_전환_image_전체타겟,(혼합) 주변인상황_블트칩출시 (릴스형) (KR2) (0729),[26.07]F_I_BT칩_전환_블트칩출시_혜택강조형_KR2_.릴스_안다르bp.지금쟁이는게이득.__김소희_260729_제과_박서연,102,1,2468.0,0
2026-07-31,[칩] (마스터ASC)[제과_블트하] 26.07_블트칩출시_ASC_전환_image,[칩] (마스터ASC)[제과_블트하] 26.07_블트칩출시_ASC_전환_image,[26.07]F_I_BT혼_전환_블트칩출시_혜택강조형_KR2_.릴스_모션.지금이젤싸요.__김소희_260729_제과_박서연,62,0,958.0,0
2026-07-31,(마스터ASC)[제과_블트하] 26.07_블트깡출시_ASC_전환_image,(마스터ASC)[제과_블트하] 26.07_블트깡출시_ASC_전환_image,[26.07]F_I_BT깡_전환_블트칩출시_혜택강조형_KR2_.배너_공지문.결제오류안내.__최나영_260730_제과_김수정,287,1,6043.0,0
2026-07-31,(마스터ASC)[제과_블트하] 26.07_블트깡출시_ASC_전환_image,(마스터ASC)[제과_블트하] 26.07_블트깡출시_ASC_전환_image,[26.07]F_I_BT칩_전환_블트칩출시_혜택강조형_KR2_.배너_탕비실에두면.__최나영_260730_제과_김수정,27,1,548.0,0
2026-07-31,[제과_블트하] 26.07_블트깡출시_수동_전환_video_전체타겟,0731_풀리오BP_블트칩출시 (KR1),[26.08]F_V_BT혼_전환_블트칩출시_신규BP_풀리오BP.KR1_var6.릴스_레시피후킹.남편.X_2P_최나영_260801_제과_이봄1,462,13,11320.0,0
2026-07-31,[제과_블트하] 26.07_블트깡출시_수동_전환_image_전체타겟,0731_주변인.혜택위계_블트칩출시,[26.07]F_I_BT혼_전환_블트칩출시_혜택강조형_KR2_.배너_공지문.3분할.__김소희_260731_제과_김수정,108,3,1304.0,0
2026-08-01,[제과_블트하] 26.07_블트깡출시_수동_전환_image_전체타겟,0728_남편.인정소비_블트깡출시 (KR1),[26.07]F_I_BT깡_전환_블트깡출시_바이럴형_KR1_.릴스_맘카페페르소나.지면테스트.무조건담으락로.검증__김소희_260721_제과_김수정,4,0,64.0,0
2026-08-01,[제과_블트하] 26.07_블트깡출시_수동_전환_image_전체타겟,(혼합) 남편페르소나_블트칩출시(릴스형) (KR1) (0729),[26.07]F_I_BT칩_전환_블트칩출시_혜택강조형_KR2_.릴스_상황연출.캠핑.확장__김소희_260724_제과_박서연,2065,29,46337.0,8
2026-08-01,[칩] (마스터ASC)[제과_블트하] 26.07_블트칩출시_ASC_전환_image,[칩] (마스터ASC)[제과_블트하] 26.07_블트칩출시_ASC_전환_image,[26.07]F_I_BT칩_전환_블트칩출시_혜택강조형_KR2_.피드_주변인.깐깐한시어머니.확장__김소희_260727_제과_박서연,1,0,0.0,0
2026-08-01,[제과_블트하] 26.07_블트깡출시_수동_전환_image_전체타겟,(혼합) 남편페르소나_블트칩출시(릴스형) (KR1) (0729),[26.07]F_I_BT깡_전환_블트칩출시_혜택강조형_KR1_.릴스_입맛깐깐한남편쟁여두는.__김소희_260729_제과_김수정,13192,160,243038.0,15
2026-08-01,[제과_블트하] 26.07_블트깡출시_수동_전환_image_전체타겟,(혼합) 남편페르소나_블트칩출시(릴스형) (KR1) (0729),[26.07]F_I_BT깡_전환_블트칩출시_혜택강조형__.릴스_맘카페입소문.__김소희_260729_제과_김수정,4046,78,71716.0,6
2026-08-01,[제과_블트하] 26.07_블트깡출시_수동_전환_image_전체타겟,(혼합) 주변인상황_블트칩출시 (릴스형) (KR2) (0729),[26.07]F_I_BT칩_전환_블트칩출시_혜택강조형_KR2_.릴스_안다르bp.지금쟁이는게이득.__김소희_260729_제과_박서연,198,2,5122.0,1
2026-08-01,[칩] (마스터ASC)[제과_블트하] 26.07_블트칩출시_ASC_전환_image,[칩] (마스터ASC)[제과_블트하] 26.07_블트칩출시_ASC_전환_image,[26.07]F_I_BT혼_전환_블트칩출시_혜택강조형_KR2_.릴스_모션.지금이젤싸요.__김소희_260729_제과_박서연,6,0,97.0,0
2026-08-01,(마스터ASC)[제과_블트하] 26.07_블트깡출시_ASC_전환_image,(마스터ASC)[제과_블트하] 26.07_블트깡출시_ASC_전환_image,[26.07]F_I_BT깡_전환_블트칩출시_혜택강조형_KR2_.배너_공지문.결제오류안내.__최나영_260730_제과_김수정,71,1,1469.0,1
2026-08-01,(마스터ASC)[제과_블트하] 26.07_블트깡출시_ASC_전환_image,(마스터ASC)[제과_블트하] 26.07_블트깡출시_ASC_전환_image,[26.07]F_I_BT칩_전환_블트칩출시_혜택강조형_KR2_.배너_탕비실에두면.__최나영_260730_제과_김수정,15,0,70.0,0
2026-08-01,[제과_블트하] 26.07_블트깡출시_수동_전환_video_전체타겟,0731_풀리오BP_블트칩출시 (KR1),[26.08]F_V_BT혼_전환_블트칩출시_신규BP_풀리오BP.KR1_var6.릴스_레시피후킹.남편.X_2P_최나영_260801_제과_이봄1,4664,71,96797.0,6
2026-08-01,[제과_블트하] 26.07_블트깡출시_수동_전환_image_전체타겟,0731_주변인.혜택위계_블트칩출시,[26.07]F_I_BT혼_전환_블트칩출시_혜택강조형_KR2_.배너_공지문.3분할.__김소희_260731_제과_김수정,306,1,3008.0,1
2026-08-02,[제과_블트하] 26.07_블트깡출시_수동_전환_image_전체타겟,(혼합) 남편페르소나_블트칩출시(릴스형) (KR1) (0729),[26.07]F_I_BT칩_전환_블트칩출시_혜택강조형_KR2_.릴스_상황연출.캠핑.확장__김소희_260724_제과_박서연,685,8,17925.0,1
2026-08-02,[칩] (마스터ASC)[제과_블트하] 26.07_블트칩출시_ASC_전환_image,[칩] (마스터ASC)[제과_블트하] 26.07_블트칩출시_ASC_전환_image,[26.07]F_I_BT칩_전환_블트칩출시_혜택강조형_KR2_.피드_주변인.깐깐한시어머니.확장__김소희_260727_제과_박서연,2,0,179.0,0
2026-08-02,[제과_블트하] 26.07_블트깡출시_수동_전환_image_전체타겟,(혼합) 남편페르소나_블트칩출시(릴스형) (KR1) (0729),[26.07]F_I_BT깡_전환_블트칩출시_혜택강조형_KR1_.릴스_2분할개당1천원대.__김소희_260729_제과_김수정,3,0,11.0,0
2026-08-02,[제과_블트하] 26.07_블트깡출시_수동_전환_image_전체타겟,(혼합) 남편페르소나_블트칩출시(릴스형) (KR1) (0729),[26.07]F_I_BT깡_전환_블트칩출시_혜택강조형_KR1_.릴스_입맛깐깐한남편쟁여두는.__김소희_260729_제과_김수정,507,6,9318.0,0
2026-08-02,[제과_블트하] 26.07_블트깡출시_수동_전환_image_전체타겟,(혼합) 남편페르소나_블트칩출시(릴스형) (KR1) (0729),[26.07]F_I_BT깡_전환_블트칩출시_혜택강조형__.릴스_맘카페입소문.__김소희_260729_제과_김수정,632,14,12244.0,0
2026-08-02,[제과_블트하] 26.07_블트깡출시_수동_전환_image_전체타겟,(혼합) 주변인상황_블트칩출시 (릴스형) (KR2) (0729),[26.07]F_I_BT칩_전환_블트칩출시_혜택강조형_KR2_.릴스_안다르bp.지금쟁이는게이득.__김소희_260729_제과_박서연,30,0,558.0,0
2026-08-02,[칩] (마스터ASC)[제과_블트하] 26.07_블트칩출시_ASC_전환_image,[칩] (마스터ASC)[제과_블트하] 26.07_블트칩출시_ASC_전환_image,[26.07]F_I_BT혼_전환_블트칩출시_혜택강조형_KR2_.릴스_모션.지금이젤싸요.__김소희_260729_제과_박서연,5,0,288.0,0
2026-08-02,(마스터ASC)[제과_블트하] 26.07_블트깡출시_ASC_전환_image,(마스터ASC)[제과_블트하] 26.07_블트깡출시_ASC_전환_image,[26.07]F_I_BT깡_전환_블트칩출시_혜택강조형_KR2_.배너_공지문.결제오류안내.__최나영_260730_제과_김수정,678,10,20315.0,1
2026-08-02,(마스터ASC)[제과_블트하] 26.07_블트깡출시_ASC_전환_image,(마스터ASC)[제과_블트하] 26.07_블트깡출시_ASC_전환_image,[26.07]F_I_BT칩_전환_블트칩출시_혜택강조형_KR2_.배너_탕비실에두면.__최나영_260730_제과_김수정,13,0,125.0,0
2026-08-02,[제과_블트하] 26.07_블트깡출시_수동_전환_video_전체타겟,0731_풀리오BP_블트칩출시 (KR1),[26.08]F_V_BT혼_전환_블트칩출시_신규BP_풀리오BP.KR1_var6.릴스_레시피후킹.남편.X_2P_최나영_260801_제과_이봄1,4069,65,78292.0,5
2026-08-02,[제과_블트하] 26.07_블트깡출시_수동_전환_image_전체타겟,0731_주변인.혜택위계_블트칩출시,[26.07]F_I_BT혼_전환_블트칩출시_혜택강조형_KR2_.배너_공지문.3분할.__김소희_260731_제과_김수정,894,10,11098.0,4
2026-08-03,[제과_블트하] 26.07_블트깡출시_수동_전환_image_전체타겟,0728_남편.인정소비_블트깡출시 (KR1),[26.07]F_I_BT깡_전환_블트깡출시_바이럴형_KR1_.릴스_맘카페페르소나.지면테스트.무조건담으락로.검증__김소희_260721_제과_김수정,644,6,18117.0,0
2026-08-03,[칩] (마스터ASC)[제과_블트하] 26.07_블트칩출시_ASC_전환_image,[칩] (마스터ASC)[제과_블트하] 26.07_블트칩출시_ASC_전환_image,[26.07]F_I_BT혼_전환_블트칩출시_혜택강조형_KR2_.릴스_모션.지금이젤싸요.__김소희_260729_제과_박서연,1,0,3.0,0
2026-08-03,[제과_블트하] 26.07_블트깡출시_수동_전환_video_전체타겟,0731_풀리오BP_블트칩출시 (KR1),[26.08]F_V_BT혼_전환_블트칩출시_신규BP_풀리오BP.KR1_var6.릴스_레시피후킹.남편.X_2P_최나영_260801_제과_이봄1,644,11,13705.0,0
2026-08-03,[제과_블트하] 26.07_블트깡출시_수동_전환_image_전체타겟,0731_주변인.혜택위계_블트칩출시,[26.07]F_I_BT혼_전환_블트칩출시_혜택강조형_KR2_.배너_공지문.3분할.__김소희_260731_제과_김수정,119,0,899.0,0
2026-07-30,[제과_블트하] 26.07_블트깡출시_수동_전환_video_전체타겟,0724_먹스타_블트칩출시 (파트너쉽),[26.07]F_P_BT깡_전환_블트깡출시_기타_파트너쉽_.릴스_.X__김소희_260724_제과_여원맛집,5155,73,84495.0,4
2026-07-30,[제과_블트하] 26.07_블트깡출시_수동_전환_image_전체타겟,(혼합) 주변인상황_블트칩출시 (릴스형) (KR2) (0729),[26.07]F_I_BT혼_전환_블트칩출시_혜택강조형_KR2_.릴스_모션.지금이젤싸요.__김소희_260729_제과_박서연,21,0,450.0,0
2026-07-30,[칩] (마스터ASC)[제과_블트하] 26.07_블트칩출시_ASC_전환_image,[칩] (마스터ASC)[제과_블트하] 26.07_블트칩출시_ASC_전환_image,[26.07]F_I_BT칩_전환_블트칩출시_혜택강조형_KR2_.릴스_안다르bp.이가격다신안와요.__김소희_260729_제과_박서연,320,8,12484.0,2
2026-07-30,[칩] (마스터ASC)[제과_블트하] 26.07_블트칩출시_ASC_전환_image,[칩] (마스터ASC)[제과_블트하] 26.07_블트칩출시_ASC_전환_image,[26.07]F_I_BT혼_전환_블트칩출시_혜택강조형_KR2_.릴스_모션.트민맘등극템.__김소희_260729_제과_박서연,93,1,2251.0,0
2026-07-31,[제과_블트하] 26.07_블트깡출시_수동_전환_video_전체타겟,0724_먹스타_블트칩출시 (파트너쉽),[26.07]F_P_BT깡_전환_블트깡출시_기타_파트너쉽_.릴스_.X__김소희_260724_제과_여원맛집,4038,56,58155.0,3
2026-07-31,[제과_블트하] 26.07_블트깡출시_수동_전환_image_전체타겟,(혼합) 주변인상황_블트칩출시 (릴스형) (KR2) (0729),[26.07]F_I_BT혼_전환_블트칩출시_혜택강조형_KR2_.릴스_모션.지금이젤싸요.__김소희_260729_제과_박서연,27,1,558.0,0
2026-07-31,[칩] (마스터ASC)[제과_블트하] 26.07_블트칩출시_ASC_전환_image,[칩] (마스터ASC)[제과_블트하] 26.07_블트칩출시_ASC_전환_image,[26.07]F_I_BT칩_전환_블트칩출시_혜택강조형_KR2_.릴스_안다르bp.이가격다신안와요.__김소희_260729_제과_박서연,6031,88,167330.0,9
2026-07-31,[칩] (마스터ASC)[제과_블트하] 26.07_블트칩출시_ASC_전환_image,[칩] (마스터ASC)[제과_블트하] 26.07_블트칩출시_ASC_전환_image,[26.07]F_I_BT혼_전환_블트칩출시_혜택강조형_KR2_.릴스_모션.트민맘등극템.__김소희_260729_제과_박서연,71,3,1604.0,0
2026-07-31,[제과_블트하] 26.07_블트깡출시_수동_전환_image_전체타겟,0731_주변인.혜택위계_블트칩출시,[26.07]F_I_BT칩_전환_블트칩출시_혜택강조형_KR1_.배너_마진포기.__김소희_260731_제과_김수정,58,4,977.0,0
2026-07-31,[제과_블트하] 26.07_블트깡출시_수동_전환_image_전체타겟,0731_주변인.혜택위계_블트칩출시,[26.07]F_I_BT혼_전환_블트칩출시_혜택강조형_KR2_.배너_공지문.결제오류안내.__김소희_260731_제과_김수정,405,3,12723.0,1
2026-07-31,(마스터ASC)[제과_블트하] 26.07_블트깡출시_ASC_전환_image,(마스터ASC)[제과_블트하] 26.07_블트깡출시_ASC_전환_image,[26.07]F_I_BT칩_전환_블트칩출시_혜택강조형_KR2_.배너_다신없을1천원대.__김소희_260731_제과_김수정,9,0,113.0,0
2026-08-01,(마스터ASC)[제과_블트하] 26.07_블트깡출시_ASC_전환_image,(마스터ASC)[제과_블트하] 26.07_블트깡출시_ASC_전환_image,[26.07]F_I_BT혼_전환_블트칩출시_혜택강조형_KR1_.배너_7일만할인해요.칩깡동시소구.확장__김소희_260723_제과_박서연,110,3,2591.0,2
2026-08-01,[칩] (마스터ASC)[제과_블트하] 26.07_블트칩출시_ASC_전환_image,[칩] (마스터ASC)[제과_블트하] 26.07_블트칩출시_ASC_전환_image,[26.07]F_I_BT혼_전환_블트칩출시_혜택강조형_KR2_.피드_주변인.친구.확장__김소희_260727_제과_박지현,1,0,150.0,0
2026-08-01,[칩] (마스터ASC)[제과_블트하] 26.07_블트칩출시_ASC_전환_image,[칩] (마스터ASC)[제과_블트하] 26.07_블트칩출시_ASC_전환_image,[26.07]F_I_BT칩_전환_블트칩출시_혜택강조형_KR1_.피드_입맛까다로운남편도.__김소희_260728_제과_김수정,3,0,23.0,0
2026-08-01,[제과_블트하] 26.07_블트깡출시_수동_전환_image_전체타겟,(혼합) 주변인상황_블트칩출시 (릴스형) (KR2) (0729),[26.07]F_I_BT혼_전환_블트칩출시_혜택강조형_KR2_.릴스_모션.지금이젤싸요.__김소희_260729_제과_박서연,2,0,25.0,0
2026-08-01,[칩] (마스터ASC)[제과_블트하] 26.07_블트칩출시_ASC_전환_image,[칩] (마스터ASC)[제과_블트하] 26.07_블트칩출시_ASC_전환_image,[26.07]F_I_BT칩_전환_블트칩출시_혜택강조형_KR2_.릴스_안다르bp.이가격다신안와요.__김소희_260729_제과_박서연,2551,46,71872.0,7
2026-08-01,[칩] (마스터ASC)[제과_블트하] 26.07_블트칩출시_ASC_전환_image,[칩] (마스터ASC)[제과_블트하] 26.07_블트칩출시_ASC_전환_image,[26.07]F_I_BT혼_전환_블트칩출시_혜택강조형_KR2_.릴스_모션.트민맘등극템.__김소희_260729_제과_박서연,74,1,1721.0,1
2026-08-01,[제과_블트하] 26.07_블트깡출시_수동_전환_image_전체타겟,0731_주변인.혜택위계_블트칩출시,[26.07]F_I_BT칩_전환_블트칩출시_혜택강조형_KR1_.배너_마진포기.__김소희_260731_제과_김수정,396,3,8161.0,2
2026-08-01,[제과_블트하] 26.07_블트깡출시_수동_전환_image_전체타겟,0731_주변인.혜택위계_블트칩출시,[26.07]F_I_BT혼_전환_블트칩출시_혜택강조형_KR2_.배너_공지문.결제오류안내.__김소희_260731_제과_김수정,381,7,9372.0,0
2026-08-01,(마스터ASC)[제과_블트하] 26.07_블트깡출시_ASC_전환_image,(마스터ASC)[제과_블트하] 26.07_블트깡출시_ASC_전환_image,[26.07]F_I_BT칩_전환_블트칩출시_혜택강조형_KR2_.배너_다신없을1천원대.__김소희_260731_제과_김수정,274,0,6326.0,0
2026-08-02,(마스터ASC)[제과_블트하] 26.07_블트깡출시_ASC_전환_image,(마스터ASC)[제과_블트하] 26.07_블트깡출시_ASC_전환_image,[26.07]F_I_BT혼_전환_블트칩출시_혜택강조형_KR1_.배너_7일만할인해요.칩깡동시소구.확장__김소희_260723_제과_박서연,357,6,8942.0,1
2026-08-02,[칩] (마스터ASC)[제과_블트하] 26.07_블트칩출시_ASC_전환_image,[칩] (마스터ASC)[제과_블트하] 26.07_블트칩출시_ASC_전환_image,[26.07]F_I_BT혼_전환_블트칩출시_혜택강조형_KR2_.피드_주변인.친구.확장__김소희_260727_제과_박지현,15,0,484.0,0
2026-08-02,[칩] (마스터ASC)[제과_블트하] 26.07_블트칩출시_ASC_전환_image,[칩] (마스터ASC)[제과_블트하] 26.07_블트칩출시_ASC_전환_image,[26.07]F_I_BT칩_전환_블트칩출시_혜택강조형_KR2_.릴스_안다르bp.이가격다신안와요.__김소희_260729_제과_박서연,2191,55,71030.0,8
2026-08-02,[칩] (마스터ASC)[제과_블트하] 26.07_블트칩출시_ASC_전환_image,[칩] (마스터ASC)[제과_블트하] 26.07_블트칩출시_ASC_전환_image,[26.07]F_I_BT혼_전환_블트칩출시_혜택강조형_KR2_.릴스_모션.트민맘등극템.__김소희_260729_제과_박서연,11,0,172.0,0
2026-08-02,[제과_블트하] 26.07_블트깡출시_수동_전환_image_전체타겟,0731_주변인.혜택위계_블트칩출시,[26.07]F_I_BT칩_전환_블트칩출시_혜택강조형_KR1_.배너_마진포기.__김소희_260731_제과_김수정,514,12,11589.0,0
2026-08-02,[제과_블트하] 26.07_블트깡출시_수동_전환_image_전체타겟,0731_주변인.혜택위계_블트칩출시,[26.07]F_I_BT혼_전환_블트칩출시_혜택강조형_KR2_.배너_공지문.결제오류안내.__김소희_260731_제과_김수정,1441,30,47125.0,8
2026-08-02,(마스터ASC)[제과_블트하] 26.07_블트깡출시_ASC_전환_image,(마스터ASC)[제과_블트하] 26.07_블트깡출시_ASC_전환_image,[26.07]F_I_BT칩_전환_블트칩출시_혜택강조형_KR2_.배너_다신없을1천원대.__김소희_260731_제과_김수정,267,3,8249.0,1
2026-08-03,(마스터ASC)[제과_블트하] 26.07_블트깡출시_ASC_전환_image,(마스터ASC)[제과_블트하] 26.07_블트깡출시_ASC_전환_image,[26.07]F_I_BT혼_전환_블트칩출시_혜택강조형_KR1_.배너_7일만할인해요.칩깡동시소구.확장__김소희_260723_제과_박서연,254,4,4948.0,1
2026-08-03,[칩] (마스터ASC)[제과_블트하] 26.07_블트칩출시_ASC_전환_image,[칩] (마스터ASC)[제과_블트하] 26.07_블트칩출시_ASC_전환_image,[26.07]F_I_BT혼_전환_블트칩출시_혜택강조형_KR2_.피드_주변인.친구.확장__김소희_260727_제과_박지현,124,1,1843.0,0
2026-08-03,[칩] (마스터ASC)[제과_블트하] 26.07_블트칩출시_ASC_전환_image,[칩] (마스터ASC)[제과_블트하] 26.07_블트칩출시_ASC_전환_image,[26.07]F_I_BT칩_전환_블트칩출시_혜택강조형_KR2_.릴스_안다르bp.이가격다신안와요.__김소희_260729_제과_박서연,2898,49,71485.0,5
2026-08-03,[칩] (마스터ASC)[제과_블트하] 26.07_블트칩출시_ASC_전환_image,[칩] (마스터ASC)[제과_블트하] 26.07_블트칩출시_ASC_전환_image,[26.07]F_I_BT혼_전환_블트칩출시_혜택강조형_KR2_.릴스_모션.트민맘등극템.__김소희_260729_제과_박서연,48,0,305.0,0
2026-08-03,[제과_블트하] 26.07_블트깡출시_수동_전환_image_전체타겟,0731_주변인.혜택위계_블트칩출시,[26.07]F_I_BT혼_전환_블트칩출시_혜택강조형_KR2_.배너_공지문.결제오류안내.__김소희_260731_제과_김수정,489,7,12959.0,1
2026-08-03,(마스터ASC)[제과_블트하] 26.07_블트깡출시_ASC_전환_image,(마스터ASC)[제과_블트하] 26.07_블트깡출시_ASC_전환_image,[26.07]F_I_BT칩_전환_블트칩출시_혜택강조형_KR2_.배너_다신없을1천원대.__김소희_260731_제과_김수정,510,12,13408.0,3
2026-07-30,(마스터ASC)[제과_콘스프맛 팝콘] 26.05_콘스프맛팝콘출시_ASC_전환_video,(마스터ASC)[콘스프맛 팝콘] 26.05_콘스프맛팝콘출시_ASC_전환_video,[26.07]F_V_PC콘_전환_팝콘할인페스타_네고형_공구네고형.다이어트_main.릴스_메인.슬기.X_1P_김소희_260702_제과_강경연,526,8,9880.0,0
2026-07-30,(마스터ASC)[제과_콘스프맛 팝콘] 26.05_콘스프맛팝콘출시_ASC_전환_video,(마스터ASC)[콘스프맛 팝콘] 26.05_콘스프맛팝콘출시_ASC_전환_video,[26.07]F_V_PC콘_전환_팝콘할인페스타_네고형_공구네고형.다이어트_var3.릴스_여름관리템다이어트.슬기.X_1P_김소희_260702_제과_강경연,28,0,679.0,0
2026-07-30,(마스터ASC)[제과_블트하] 26.07_블트깡출시_ASC_전환_image,(마스터ASC)[제과_블트하] 26.07_블트깡출시_ASC_전환_image,[26.07]F_I_BT깡_전환_블트깡출시__KR1_.배너_공지문.창고형마트대세감.확장__김소희_260721_제과_김수정,683,16,18892.0,1
2026-07-30,[제과_블트하] 26.07_블트깡출시_수동_전환_image_전체타겟,[혼합] 주변인 상황연출_블트칩출시 (KR2) (0727),[26.07]F_I_BT칩_전환_블트칩출시_혜택강조형_KR2_.피드_주변인.깐깐한시어머니.확장__김소희_260727_제과_박서연,139,1,3450.0,0
2026-07-30,[제과_블트하] 26.07_블트깡출시_수동_전환_image_전체타겟,주변인인정_블트칩출시 (KR2) (0728),[26.07]F_I_BT칩_전환_블트칩출시_혜택강조형_KR2_.피드_이번주가가장싼데왜나중에사세요?.확장__김소희_260728_제과_박서연,114,0,1913.0,0
2026-07-30,[칩] (마스터ASC)[제과_블트하] 26.07_블트칩출시_ASC_전환_image,[칩] (마스터ASC)[제과_블트하] 26.07_블트칩출시_ASC_전환_image,[26.07]F_I_BT깡_전환_블트칩출시_혜택강조형_KR2_.피드_시댁갈때맛잘알며느리.확장__김소희_260728_제과_박서연,99,2,3507.0,1
2026-07-30,[칩] (마스터ASC)[제과_블트하] 26.07_블트칩출시_ASC_전환_image,[칩] (마스터ASC)[제과_블트하] 26.07_블트칩출시_ASC_전환_image,[26.07]F_I_BT깡_전환_블트칩출시_혜택강조형_KR1_.릴스_안사면손해예요가격비교.__김소희_260729_제과_김수정,1691,18,27712.0,1
2026-07-30,[제과_블트하] 26.07_블트깡출시_수동_전환_image_전체타겟,(혼합) 주변인상황_블트칩출시 (릴스형) (KR2) (0729),[26.07]F_I_BT혼_전환_블트칩출시_혜택강조형_KR2_.릴스_모션.트민맘등극템.__김소희_260729_제과_박서연,19,0,645.0,0
2026-07-31,[제과_블트하] 26.07_블트깡출시_수동_전환_image_전체타겟,[혼합] 주변인 상황연출_블트칩출시 (KR2) (0727),[26.07]F_I_BT칩_전환_블트칩출시_혜택강조형_KR2_.피드_주변인.깐깐한시어머니.확장__김소희_260727_제과_박서연,11,0,68.0,0
2026-07-31,[칩] (마스터ASC)[제과_블트하] 26.07_블트칩출시_ASC_전환_image,[칩] (마스터ASC)[제과_블트하] 26.07_블트칩출시_ASC_전환_image,[26.07]F_I_BT혼_전환_블트칩출시_혜택강조형_KR1_.피드_남편.깐깐.확장__김소희_260727_제과_박지현,7,0,163.0,0
2026-07-31,[제과_블트하] 26.07_블트깡출시_수동_전환_image_전체타겟,주변인인정_블트칩출시 (KR2) (0728),[26.07]F_I_BT칩_전환_블트칩출시_혜택강조형_KR2_.피드_이번주가가장싼데왜나중에사세요?.확장__김소희_260728_제과_박서연,20,0,194.0,0
2026-07-31,[칩] (마스터ASC)[제과_블트하] 26.07_블트칩출시_ASC_전환_image,[칩] (마스터ASC)[제과_블트하] 26.07_블트칩출시_ASC_전환_image,[26.07]F_I_BT깡_전환_블트칩출시_혜택강조형_KR2_.피드_시댁갈때맛잘알며느리.확장__김소희_260728_제과_박서연,402,3,10248.0,0
2026-07-31,[칩] (마스터ASC)[제과_블트하] 26.07_블트칩출시_ASC_전환_image,[칩] (마스터ASC)[제과_블트하] 26.07_블트칩출시_ASC_전환_image,[26.07]F_I_BT깡_전환_블트칩출시_혜택강조형_KR1_.릴스_안사면손해예요가격비교.__김소희_260729_제과_김수정,2334,29,39944.0,3
2026-07-31,[제과_블트하] 26.07_블트깡출시_수동_전환_image_전체타겟,(혼합) 주변인상황_블트칩출시 (릴스형) (KR2) (0729),[26.07]F_I_BT혼_전환_블트칩출시_혜택강조형_KR2_.릴스_모션.트민맘등극템.__김소희_260729_제과_박서연,220,1,3983.0,0
2026-07-31,[칩] (마스터ASC)[제과_블트하] 26.07_블트칩출시_ASC_전환_video,[칩] (마스터ASC)[제과_블트하] 26.07_블트칩출시_ASC_전환_video,[26.08]F_V_BT칩_전환_블트칩출시_네고형_관계성네고형.KR2_var1.릴스_공통시작.시어머니.X_2P_김소희_260801_제과_이미진,13,1,327.0,0
2026-07-31,(마스터ASC)[제과_블트하] 26.07_블트깡출시_ASC_전환_image,(마스터ASC)[제과_블트하] 26.07_블트깡출시_ASC_전환_image,[26.07]F_I_BT혼_전환_블트칩출시_혜택강조형_KR1_.배너_공지문.가격인상합니다.__김소희_260731_제과_김수정,4,0,52.0,0
2026-08-01,[제과_블트하] 26.07_블트깡출시_수동_전환_image_전체타겟,[혼합] 주변인 상황연출_블트칩출시 (KR2) (0727),[26.07]F_I_BT칩_전환_블트칩출시_혜택강조형_KR2_.피드_주변인.깐깐한시어머니.확장__김소희_260727_제과_박서연,14,0,72.0,0
2026-08-01,[칩] (마스터ASC)[제과_블트하] 26.07_블트칩출시_ASC_전환_image,[칩] (마스터ASC)[제과_블트하] 26.07_블트칩출시_ASC_전환_image,[26.07]F_I_BT혼_전환_블트칩출시_혜택강조형_KR1_.피드_남편.깐깐.확장__김소희_260727_제과_박지현,34,1,497.0,0
2026-08-01,[제과_블트하] 26.07_블트깡출시_수동_전환_image_전체타겟,주변인인정_블트칩출시 (KR2) (0728),[26.07]F_I_BT칩_전환_블트칩출시_혜택강조형_KR2_.피드_이번주가가장싼데왜나중에사세요?.확장__김소희_260728_제과_박서연,144,2,2031.0,0
2026-08-01,[칩] (마스터ASC)[제과_블트하] 26.07_블트칩출시_ASC_전환_image,[칩] (마스터ASC)[제과_블트하] 26.07_블트칩출시_ASC_전환_image,[26.07]F_I_BT깡_전환_블트칩출시_혜택강조형_KR2_.피드_시댁갈때맛잘알며느리.확장__김소희_260728_제과_박서연,158,3,3278.0,0
2026-08-01,[제과_블트하] 26.07_블트깡출시_수동_전환_image_전체타겟,(혼합) 주변인상황_블트칩출시 (릴스형) (KR2) (0729),[26.07]F_I_BT혼_전환_블트칩출시_혜택강조형_KR2_.릴스_모션.트민맘등극템.__김소희_260729_제과_박서연,4,0,41.0,0
2026-08-01,[칩] (마스터ASC)[제과_블트하] 26.07_블트칩출시_ASC_전환_video,[칩] (마스터ASC)[제과_블트하] 26.07_블트칩출시_ASC_전환_video,[26.08]F_V_BT칩_전환_블트칩출시_네고형_관계성네고형.KR2_var1.릴스_공통시작.시어머니.X_2P_김소희_260801_제과_이미진,3479,57,76132.0,10
2026-08-01,(마스터ASC)[제과_블트하] 26.07_블트깡출시_ASC_전환_image,(마스터ASC)[제과_블트하] 26.07_블트깡출시_ASC_전환_image,[26.07]F_I_BT혼_전환_블트칩출시_혜택강조형_KR1_.배너_공지문.가격인상합니다.__김소희_260731_제과_김수정,59,0,1101.0,0
2026-08-02,[칩] (마스터ASC)[제과_블트하] 26.07_블트칩출시_ASC_전환_image,[칩] (마스터ASC)[제과_블트하] 26.07_블트칩출시_ASC_전환_image,[26.07]F_I_BT혼_전환_블트칩출시_혜택강조형_KR1_.피드_남편.깐깐.확장__김소희_260727_제과_박지현,78,2,1792.0,0
2026-08-02,[제과_블트하] 26.07_블트깡출시_수동_전환_image_전체타겟,주변인인정_블트칩출시 (KR2) (0728),[26.07]F_I_BT칩_전환_블트칩출시_혜택강조형_KR2_.피드_이번주가가장싼데왜나중에사세요?.확장__김소희_260728_제과_박서연,293,6,6633.0,1
2026-08-02,[칩] (마스터ASC)[제과_블트하] 26.07_블트칩출시_ASC_전환_image,[칩] (마스터ASC)[제과_블트하] 26.07_블트칩출시_ASC_전환_image,[26.07]F_I_BT깡_전환_블트칩출시_혜택강조형_KR2_.피드_시댁갈때맛잘알며느리.확장__김소희_260728_제과_박서연,117,0,2210.0,0
2026-08-02,[제과_블트하] 26.07_블트깡출시_수동_전환_image_전체타겟,(혼합) 주변인상황_블트칩출시 (릴스형) (KR2) (0729),[26.07]F_I_BT혼_전환_블트칩출시_혜택강조형_KR2_.릴스_모션.트민맘등극템.__김소희_260729_제과_박서연,17,1,319.0,0
2026-08-02,[칩] (마스터ASC)[제과_블트하] 26.07_블트칩출시_ASC_전환_video,[칩] (마스터ASC)[제과_블트하] 26.07_블트칩출시_ASC_전환_video,[26.08]F_V_BT칩_전환_블트칩출시_네고형_관계성네고형.KR2_var1.릴스_공통시작.시어머니.X_2P_김소희_260801_제과_이미진,738,18,15874.0,1
2026-08-02,(마스터ASC)[제과_블트하] 26.07_블트깡출시_ASC_전환_image,(마스터ASC)[제과_블트하] 26.07_블트깡출시_ASC_전환_image,[26.07]F_I_BT혼_전환_블트칩출시_혜택강조형_KR1_.배너_공지문.가격인상합니다.__김소희_260731_제과_김수정,47,1,1478.0,1
2026-08-03,[칩] (마스터ASC)[제과_블트하] 26.07_블트칩출시_ASC_전환_image,[칩] (마스터ASC)[제과_블트하] 26.07_블트칩출시_ASC_전환_image,[26.07]F_I_BT혼_전환_블트칩출시_혜택강조형_KR1_.피드_남편.깐깐.확장__김소희_260727_제과_박지현,151,3,2483.0,0
2026-08-03,[제과_블트하] 26.07_블트깡출시_수동_전환_image_전체타겟,주변인인정_블트칩출시 (KR2) (0728),[26.07]F_I_BT칩_전환_블트칩출시_혜택강조형_KR2_.피드_이번주가가장싼데왜나중에사세요?.확장__김소희_260728_제과_박서연,522,11,8457.0,2
2026-08-03,[칩] (마스터ASC)[제과_블트하] 26.07_블트칩출시_ASC_전환_image,[칩] (마스터ASC)[제과_블트하] 26.07_블트칩출시_ASC_전환_image,[26.07]F_I_BT깡_전환_블트칩출시_혜택강조형_KR2_.피드_시댁갈때맛잘알며느리.확장__김소희_260728_제과_박서연,793,13,16966.0,2
2026-08-03,[칩] (마스터ASC)[제과_블트하] 26.07_블트칩출시_ASC_전환_video,[칩] (마스터ASC)[제과_블트하] 26.07_블트칩출시_ASC_전환_video,[26.08]F_V_BT칩_전환_블트칩출시_네고형_관계성네고형.KR2_var1.릴스_공통시작.시어머니.X_2P_김소희_260801_제과_이미진,568,10,13259.0,1
2026-08-03,(마스터ASC)[제과_블트하] 26.07_블트깡출시_ASC_전환_image,(마스터ASC)[제과_블트하] 26.07_블트깡출시_ASC_전환_image,[26.07]F_I_BT혼_전환_블트칩출시_혜택강조형_KR1_.배너_공지문.가격인상합니다.__김소희_260731_제과_김수정,21,1,683.0,0
2026-07-30,[제과_블트하] 26.07_블트깡출시_수동_전환_image_전체타겟,0728_남편.인정소비_블트깡출시 (KR1),[26.07]F_I_BT칩_전환_블트칩출시_혜택강조형_KR1_.피드_과자안먹는남편내돈내산.__김소희_260728_제과_김수정,299,5,4395.0,0
2026-07-30,[제과_블트하] 26.07_블트깡출시_수동_전환_image_전체타겟,주변인인정_블트칩출시 (KR2) (0728),[26.07]F_I_BT칩_전환_블트칩출시_혜택강조형_KR2_.피드_회사에서맛잘알인정..확장__김소희_260728_제과_박서연,3011,42,49444.0,6
2026-07-30,[칩] (마스터ASC)[제과_블트하] 26.07_블트칩출시_ASC_전환_image,[칩] (마스터ASC)[제과_블트하] 26.07_블트칩출시_ASC_전환_image,[26.07]F_I_BT칩_전환_블트칩출시_혜택강조형_KR2_.피드_이번주가가장싼데왜나중에사세요?.확장__김소희_260728_제과_박서연,4,0,65.0,0
2026-07-30,[제과_블트하] 26.07_블트깡출시_수동_전환_image_전체타겟,주변인인정_블트칩출시 (KR2) (0728),[26.07]F_I_BT혼_전환_블트칩출시_혜택강조형_KR2_.피드_팀원들이뺏어먹는다는과자..확장__김소희_260728_제과_박서연,1092,14,26764.0,2
2026-07-30,(마스터ASC)[제과_블트하] 26.07_블트깡출시_ASC_전환_image,(마스터ASC)[제과_블트하] 26.07_블트깡출시_ASC_전환_image,[26.07]F_I_BT혼_전환_블트칩출시_혜택강조형_KR2_.배너_다시는없습니다.__최나영_260730_제과_김수정,136,1,2313.0,0
2026-07-31,[칩] (마스터ASC)[제과_블트하] 26.07_블트칩출시_ASC_전환_image,[칩] (마스터ASC)[제과_블트하] 26.07_블트칩출시_ASC_전환_image,[26.07]F_I_BT혼_전환_블트칩출시_혜택강조형_KR1_.피드_더사달라구졸라요떼샷.__김소희_260728_제과_김수정,2,0,9.0,0
2026-07-31,[제과_블트하] 26.07_블트깡출시_수동_전환_image_전체타겟,0728_남편.인정소비_블트깡출시 (KR1),[26.07]F_I_BT칩_전환_블트칩출시_혜택강조형_KR1_.피드_과자안먹는남편내돈내산.__김소희_260728_제과_김수정,19,0,220.0,0
2026-07-31,[제과_블트하] 26.07_블트깡출시_수동_전환_image_전체타겟,주변인인정_블트칩출시 (KR2) (0728),[26.07]F_I_BT칩_전환_블트칩출시_혜택강조형_KR2_.피드_회사에서맛잘알인정..확장__김소희_260728_제과_박서연,2813,34,47364.0,2
2026-07-31,[제과_블트하] 26.07_블트깡출시_수동_전환_image_전체타겟,주변인인정_블트칩출시 (KR2) (0728),[26.07]F_I_BT혼_전환_블트칩출시_혜택강조형_KR2_.피드_팀원들이뺏어먹는다는과자..확장__김소희_260728_제과_박서연,2583,47,60306.0,7
2026-07-31,[제과_블트하] 26.07_블트깡출시_수동_전환_image_전체타겟,(혼합) 주변인상황_블트칩출시 (릴스형) (KR2) (0729),[26.07]F_I_BT칩_전환_블트칩출시_혜택강조형_KR2_.릴스_안다르bp.사무실맛잘알.__김소희_260729_제과_박서연,29,0,364.0,0
2026-07-31,(마스터ASC)[제과_블트하] 26.07_블트깡출시_ASC_전환_image,(마스터ASC)[제과_블트하] 26.07_블트깡출시_ASC_전환_image,[26.07]F_I_BT혼_전환_블트칩출시_혜택강조형_KR2_.배너_다시는없습니다.__최나영_260730_제과_김수정,1396,20,29044.0,5
2026-08-01,[제과_블트하] 26.07_블트깡출시_수동_전환_image_전체타겟,0728_남편.인정소비_블트깡출시 (KR1),[26.07]F_I_BT칩_전환_블트칩출시_혜택강조형_KR1_.피드_과자안먹는남편내돈내산.__김소희_260728_제과_김수정,4,0,20.0,0
2026-08-01,[칩] (마스터ASC)[제과_블트하] 26.07_블트칩출시_ASC_전환_image,[칩] (마스터ASC)[제과_블트하] 26.07_블트칩출시_ASC_전환_image,[26.07]F_I_BT칩_전환_블트칩출시_혜택강조형_KR2_.피드_이번주가가장싼데왜나중에사세요?.확장__김소희_260728_제과_박서연,221,7,3449.0,1
2026-08-01,[제과_블트하] 26.07_블트깡출시_수동_전환_image_전체타겟,주변인인정_블트칩출시 (KR2) (0728),[26.07]F_I_BT혼_전환_블트칩출시_혜택강조형_KR2_.피드_팀원들이뺏어먹는다는과자..확장__김소희_260728_제과_박서연,7580,144,170368.0,16
2026-08-01,[제과_블트하] 26.07_블트깡출시_수동_전환_image_전체타겟,(혼합) 주변인상황_블트칩출시 (릴스형) (KR2) (0729),[26.07]F_I_BT칩_전환_블트칩출시_혜택강조형_KR2_.릴스_안다르bp.사무실맛잘알.__김소희_260729_제과_박서연,32,0,1096.0,0
2026-08-01,(마스터ASC)[제과_블트하] 26.07_블트깡출시_ASC_전환_image,(마스터ASC)[제과_블트하] 26.07_블트깡출시_ASC_전환_image,[26.07]F_I_BT혼_전환_블트칩출시_혜택강조형_KR2_.배너_다시는없습니다.__최나영_260730_제과_김수정,3406,51,55719.0,7
2026-08-02,[칩] (마스터ASC)[제과_블트하] 26.07_블트칩출시_ASC_전환_image,[칩] (마스터ASC)[제과_블트하] 26.07_블트칩출시_ASC_전환_image,[26.07]F_I_BT혼_전환_블트칩출시_혜택강조형_KR1_.피드_더사달라구졸라요떼샷.__김소희_260728_제과_김수정,3,0,19.0,0
2026-08-02,[칩] (마스터ASC)[제과_블트하] 26.07_블트칩출시_ASC_전환_image,[칩] (마스터ASC)[제과_블트하] 26.07_블트칩출시_ASC_전환_image,[26.07]F_I_BT칩_전환_블트칩출시_혜택강조형_KR2_.피드_이번주가가장싼데왜나중에사세요?.확장__김소희_260728_제과_박서연,67,1,869.0,0
2026-08-02,[제과_블트하] 26.07_블트깡출시_수동_전환_image_전체타겟,주변인인정_블트칩출시 (KR2) (0728),[26.07]F_I_BT혼_전환_블트칩출시_혜택강조형_KR2_.피드_팀원들이뺏어먹는다는과자..확장__김소희_260728_제과_박서연,18387,318,439505.0,31
2026-08-02,[제과_블트하] 26.07_블트깡출시_수동_전환_image_전체타겟,(혼합) 주변인상황_블트칩출시 (릴스형) (KR2) (0729),[26.07]F_I_BT칩_전환_블트칩출시_혜택강조형_KR2_.릴스_안다르bp.사무실맛잘알.__김소희_260729_제과_박서연,18,0,292.0,0
2026-08-02,(마스터ASC)[제과_블트하] 26.07_블트깡출시_ASC_전환_image,(마스터ASC)[제과_블트하] 26.07_블트깡출시_ASC_전환_image,[26.07]F_I_BT혼_전환_블트칩출시_혜택강조형_KR2_.배너_다시는없습니다.__최나영_260730_제과_김수정,1150,24,22946.0,1
2026-08-03,[칩] (마스터ASC)[제과_블트하] 26.07_블트칩출시_ASC_전환_image,[칩] (마스터ASC)[제과_블트하] 26.07_블트칩출시_ASC_전환_image,[26.07]F_I_BT칩_전환_블트칩출시_혜택강조형_KR2_.피드_이번주가가장싼데왜나중에사세요?.확장__김소희_260728_제과_박서연,166,2,1857.0,0
2026-08-03,[제과_블트하] 26.07_블트깡출시_수동_전환_image_전체타겟,주변인인정_블트칩출시 (KR2) (0728),[26.07]F_I_BT혼_전환_블트칩출시_혜택강조형_KR2_.피드_팀원들이뺏어먹는다는과자..확장__김소희_260728_제과_박서연,7841,86,149407.0,13
2026-07-30,[제과_블트하] 26.07_블트깡출시_수동_전환_video_전체타겟,미틀리에BP_블트깡출시 (KR2),[26.07]F_V_BT깡_전환_블트깡출시_원가강조형_미틀리에BP.KR2_main.릴스_BP그대로.X_1P_최나영_260715_제과_강경연,939,22,30396.0,1
2026-07-30,(마스터ASC)[제과_블트하] 26.07_블트깡출시_ASC_전환_video,(마스터ASC)[제과_블트하] 26.07_블트깡출시_ASC_전환_video,[26.07]F_V_BT깡_전환_블트깡출시_인물리뷰형_에어프라이기BP.KR1_var4.릴스_맥주.슬기.X_1P_최나영_260716_제과_피재은,112,1,3764.0,0
2026-07-30,[칩] (마스터ASC)[제과_블트하] 26.07_블트칩출시_ASC_전환_video,[칩] (마스터ASC)[제과_블트하] 26.07_블트칩출시_ASC_전환_video,[26.07]F_V_BT칩_전환_블트칩출시_쩜오건_미쯔BP.KR1_var2.릴스_페르소나.X_2P_최나영_260724_제과_윤성미,142,5,4430.0,1
2026-07-30,[제과_블트하] 26.07_블트깡출시_수동_전환_image_전체타겟,(혼합) 남편페르소나_블트칩출시(릴스형) (KR1) (0729),[26.07]F_I_BT칩_전환_블트칩출시_혜택강조형_KR1_.릴스_입짧은남편봉지째.__김소희_260729_제과_김수정,589,7,9806.0,0
2026-07-30,[칩] (마스터ASC)[제과_블트하] 26.07_블트칩출시_ASC_전환_image,[칩] (마스터ASC)[제과_블트하] 26.07_블트칩출시_ASC_전환_image,[26.07]F_I_BT칩_전환_블트칩출시_혜택강조형_KR2_.릴스_안다르bp.맛잘알트민맘.__김소희_260729_제과_박서연,147,0,4786.0,0
2026-07-31,[제과_블트하] 26.07_블트깡출시_수동_전환_video_전체타겟,미틀리에BP_블트깡출시 (KR2),[26.07]F_V_BT깡_전환_블트깡출시_원가강조형_미틀리에BP.KR2_main.릴스_BP그대로.X_1P_최나영_260715_제과_강경연,699,22,23654.0,0
2026-07-31,(마스터ASC)[제과_블트하] 26.07_블트깡출시_ASC_전환_video,(마스터ASC)[제과_블트하] 26.07_블트깡출시_ASC_전환_video,[26.07]F_V_BT깡_전환_블트깡출시_인물리뷰형_에어프라이기BP.KR1_var4.릴스_맥주.슬기.X_1P_최나영_260716_제과_피재은,56,1,2434.0,0
2026-07-31,[칩] (마스터ASC)[제과_블트하] 26.07_블트칩출시_ASC_전환_video,[칩] (마스터ASC)[제과_블트하] 26.07_블트칩출시_ASC_전환_video,[26.07]F_V_BT칩_전환_블트칩출시_쩜오건_미쯔BP.KR1_var2.릴스_페르소나.X_2P_최나영_260724_제과_윤성미,40,1,861.0,0
2026-07-31,[칩] (마스터ASC)[제과_블트하] 26.07_블트칩출시_ASC_전환_image,[칩] (마스터ASC)[제과_블트하] 26.07_블트칩출시_ASC_전환_image,[26.07]F_I_BT깡_전환_블트칩출시_혜택강조형_KR1_.피드_3박스더사달래요.__김소희_260728_제과_김수정,3,0,10.0,0
2026-07-31,[제과_블트하] 26.07_블트깡출시_수동_전환_image_전체타겟,(혼합) 남편페르소나_블트칩출시(릴스형) (KR1) (0729),[26.07]F_I_BT칩_전환_블트칩출시_혜택강조형_KR1_.릴스_입짧은남편봉지째.__김소희_260729_제과_김수정,693,5,11772.0,0
2026-07-31,[칩] (마스터ASC)[제과_블트하] 26.07_블트칩출시_ASC_전환_image,[칩] (마스터ASC)[제과_블트하] 26.07_블트칩출시_ASC_전환_image,[26.07]F_I_BT칩_전환_블트칩출시_혜택강조형_KR2_.릴스_안다르bp.맛잘알트민맘.__김소희_260729_제과_박서연,58,0,1229.0,0
2026-08-01,(마스터ASC)[제과_블트하] 26.07_블트깡출시_ASC_전환_video,(마스터ASC)[제과_블트하] 26.07_블트깡출시_ASC_전환_video,[26.07]F_V_BT깡_전환_블트깡출시_인물리뷰형_에어프라이기BP.KR1_var4.릴스_맥주.슬기.X_1P_최나영_260716_제과_피재은,46,0,1850.0,0
2026-08-01,[칩] (마스터ASC)[제과_블트하] 26.07_블트칩출시_ASC_전환_video,[칩] (마스터ASC)[제과_블트하] 26.07_블트칩출시_ASC_전환_video,[26.07]F_V_BT칩_전환_블트칩출시_쩜오건_미쯔BP.KR1_var2.릴스_페르소나.X_2P_최나영_260724_제과_윤성미,16,0,320.0,0
2026-08-01,[제과_블트하] 26.07_블트깡출시_수동_전환_image_전체타겟,(혼합) 남편페르소나_블트칩출시(릴스형) (KR1) (0729),[26.07]F_I_BT칩_전환_블트칩출시_혜택강조형_KR1_.릴스_입짧은남편봉지째.__김소희_260729_제과_김수정,495,5,8115.0,3
2026-08-01,[칩] (마스터ASC)[제과_블트하] 26.07_블트칩출시_ASC_전환_image,[칩] (마스터ASC)[제과_블트하] 26.07_블트칩출시_ASC_전환_image,[26.07]F_I_BT칩_전환_블트칩출시_혜택강조형_KR2_.릴스_안다르bp.맛잘알트민맘.__김소희_260729_제과_박서연,1,0,6.0,0
2026-08-02,(마스터ASC)[제과_블트하] 26.07_블트깡출시_ASC_전환_video,(마스터ASC)[제과_블트하] 26.07_블트깡출시_ASC_전환_video,[26.07]F_V_BT깡_전환_블트깡출시_인물리뷰형_에어프라이기BP.KR1_var4.릴스_맥주.슬기.X_1P_최나영_260716_제과_피재은,38,1,865.0,0
2026-08-02,[제과_블트하] 26.07_블트깡출시_수동_전환_image_전체타겟,(혼합) 남편페르소나_블트칩출시(릴스형) (KR1) (0729),[26.07]F_I_BT칩_전환_블트칩출시_혜택강조형_KR1_.릴스_입짧은남편봉지째.__김소희_260729_제과_김수정,29,0,685.0,0
2026-08-02,[칩] (마스터ASC)[제과_블트하] 26.07_블트칩출시_ASC_전환_image,[칩] (마스터ASC)[제과_블트하] 26.07_블트칩출시_ASC_전환_image,[26.07]F_I_BT칩_전환_블트칩출시_혜택강조형_KR2_.릴스_안다르bp.맛잘알트민맘.__김소희_260729_제과_박서연,2,0,8.0,0
2026-08-03,[칩] (마스터ASC)[제과_블트하] 26.07_블트칩출시_ASC_전환_image,[칩] (마스터ASC)[제과_블트하] 26.07_블트칩출시_ASC_전환_image,[26.07]F_I_BT깡_전환_블트칩출시_혜택강조형_KR1_.피드_3박스더사달래요.__김소희_260728_제과_김수정,32,0,406.0,0
2026-07-30,(마스터ASC)[제과_콘스프맛 팝콘] 26.05_콘스프맛팝콘출시_ASC_전환_video,(마스터ASC)[콘스프맛 팝콘] 26.05_콘스프맛팝콘출시_ASC_전환_video,[26.06]F_V_PC콘_전환_팝콘더블특가_인플루언서형_올리브BP.다이어트_var4.릴스_뾰족한타겟.슬기.X_1P_최나영_260625_제과_강경연,5,0,122.0,0
2026-07-30,[제과_블트하] 26.07_블트깡출시_수동_전환_image_전체타겟,[혼합] 주변인 상황연출_블트칩출시 (KR2) (0727),[26.07]F_I_BT혼_전환_블트칩출시_혜택강조형_KR2_.피드_주변인.동료.확장__김소희_260727_제과_박지현,12258,250,352265.0,24
2026-07-30,[칩] (마스터ASC)[제과_블트하] 26.07_블트칩출시_ASC_전환_image,[칩] (마스터ASC)[제과_블트하] 26.07_블트칩출시_ASC_전환_image,[26.07]F_I_BT혼_전환_블트칩출시_혜택강조형_KR1_.피드_남편.맥주안주2.확장__김소희_260727_제과_박지현,6,0,276.0,0
2026-07-30,[제과_블트하] 26.07_블트깡출시_수동_전환_image_전체타겟,0728_남편.인정소비_블트깡출시 (KR1),[26.07]F_I_BT깡_전환_블트칩출시_혜택강조형_KR1_.피드_4분할.__김소희_260728_제과_김수정,80,1,1370.0,0
2026-07-30,[제과_블트하] 26.07_블트깡출시_수동_전환_image_전체타겟,주변인인정_블트칩출시 (KR2) (0728),[26.07]F_I_BT칩_전환_블트칩출시_혜택강조형_KR2_.피드_시어머니가 신신당부..확장__김소희_260728_제과_박서연,57,0,980.0,0
2026-07-30,[제과_블트하] 26.07_블트깡출시_수동_전환_image_전체타겟,주변인인정_블트칩출시 (KR2) (0728),[26.07]F_I_BT깡_전환_블트칩출시_혜택강조형_KR2_.피드_팀장님맛잘알등극템..확장__김소희_260728_제과_박서연,690,4,9093.0,1
2026-07-30,[제과_블트하] 26.07_블트깡출시_수동_전환_image_전체타겟,0730_주변인정.혜택_블트칩출시,[26.07]F_I_BT칩_전환_블트칩출시_혜택강조형_KR1_.배너_남편앞에서뜯은게실수.__최나영_260730_제과_김수정,6,0,37.0,0
2026-07-31,[제과_블트하] 26.07_블트깡출시_수동_전환_image_전체타겟,[혼합] 주변인 상황연출_블트칩출시 (KR2) (0727),[26.07]F_I_BT혼_전환_블트칩출시_혜택강조형_KR2_.피드_주변인.동료.확장__김소희_260727_제과_박지현,7107,105,184832.0,10
2026-07-31,[칩] (마스터ASC)[제과_블트하] 26.07_블트칩출시_ASC_전환_image,[칩] (마스터ASC)[제과_블트하] 26.07_블트칩출시_ASC_전환_image,[26.07]F_I_BT혼_전환_블트칩출시_혜택강조형_KR1_.피드_남편.맥주안주2.확장__김소희_260727_제과_박지현,217,6,4259.0,1
2026-07-31,[제과_블트하] 26.07_블트깡출시_수동_전환_image_전체타겟,0728_남편.인정소비_블트깡출시 (KR1),[26.07]F_I_BT깡_전환_블트칩출시_혜택강조형_KR1_.피드_4분할.__김소희_260728_제과_김수정,12,0,309.0,0
2026-07-31,[제과_블트하] 26.07_블트깡출시_수동_전환_image_전체타겟,주변인인정_블트칩출시 (KR2) (0728),[26.07]F_I_BT칩_전환_블트칩출시_혜택강조형_KR2_.피드_시어머니가 신신당부..확장__김소희_260728_제과_박서연,444,3,6323.0,0
2026-07-31,[제과_블트하] 26.07_블트깡출시_수동_전환_image_전체타겟,주변인인정_블트칩출시 (KR2) (0728),[26.07]F_I_BT깡_전환_블트칩출시_혜택강조형_KR2_.피드_팀장님맛잘알등극템..확장__김소희_260728_제과_박서연,508,7,7445.0,1
2026-07-31,[제과_블트하] 26.07_블트깡출시_수동_전환_image_전체타겟,0730_주변인정.혜택_블트칩출시,[26.07]F_I_BT칩_전환_블트칩출시_혜택강조형_KR1_.배너_남편앞에서뜯은게실수.__최나영_260730_제과_김수정,77,0,1202.0,0
2026-07-31,[제과_블트하] 26.07_블트깡출시_수동_전환_video_전체타겟,0731_풀리오BP_블트칩출시 (KR1),[26.08]F_V_BT혼_전환_블트칩출시_신규BP_풀리오BP.KR1_var3.릴스_맛충동후킹.남편.X_2P_최나영_260801_제과_이봄1,176,4,3138.0,0
2026-07-31,(마스터ASC)[제과_블트하] 26.07_블트깡출시_ASC_전환_image,(마스터ASC)[제과_블트하] 26.07_블트깡출시_ASC_전환_image,[26.07]F_I_BT깡_전환_블트칩출시_혜택강조형_KR2_.배너_재고소진시가격인상.__김소희_260731_제과_김수정,5,0,99.0,0
2026-08-01,[제과_블트하] 26.07_블트깡출시_수동_전환_image_전체타겟,[혼합] 주변인 상황연출_블트칩출시 (KR2) (0727),[26.07]F_I_BT혼_전환_블트칩출시_혜택강조형_KR2_.피드_주변인.동료.확장__김소희_260727_제과_박지현,5543,115,145356.0,10
2026-08-01,[칩] (마스터ASC)[제과_블트하] 26.07_블트칩출시_ASC_전환_image,[칩] (마스터ASC)[제과_블트하] 26.07_블트칩출시_ASC_전환_image,[26.07]F_I_BT깡_전환_블트칩출시_혜택강조형_KR2_.피드_주변인.팀장님.확장__김소희_260727_제과_박서연,7,0,65.0,0
2026-08-01,[칩] (마스터ASC)[제과_블트하] 26.07_블트칩출시_ASC_전환_image,[칩] (마스터ASC)[제과_블트하] 26.07_블트칩출시_ASC_전환_image,[26.07]F_I_BT혼_전환_블트칩출시_혜택강조형_KR1_.피드_남편.맥주안주2.확장__김소희_260727_제과_박지현,176,2,4548.0,1
2026-08-01,[제과_블트하] 26.07_블트깡출시_수동_전환_image_전체타겟,주변인인정_블트칩출시 (KR2) (0728),[26.07]F_I_BT칩_전환_블트칩출시_혜택강조형_KR2_.피드_시어머니가 신신당부..확장__김소희_260728_제과_박서연,77,0,756.0,0
2026-08-01,[제과_블트하] 26.07_블트깡출시_수동_전환_image_전체타겟,주변인인정_블트칩출시 (KR2) (0728),[26.07]F_I_BT깡_전환_블트칩출시_혜택강조형_KR2_.피드_팀장님맛잘알등극템..확장__김소희_260728_제과_박서연,1918,19,26587.0,3
2026-08-01,[제과_블트하] 26.07_블트깡출시_수동_전환_image_전체타겟,0730_주변인정.혜택_블트칩출시,[26.07]F_I_BT칩_전환_블트칩출시_혜택강조형_KR1_.배너_남편앞에서뜯은게실수.__최나영_260730_제과_김수정,7,0,82.0,0
2026-08-01,[제과_블트하] 26.07_블트깡출시_수동_전환_video_전체타겟,0731_풀리오BP_블트칩출시 (KR1),[26.08]F_V_BT혼_전환_블트칩출시_신규BP_풀리오BP.KR1_var3.릴스_맛충동후킹.남편.X_2P_최나영_260801_제과_이봄1,349,6,7664.0,0
2026-08-01,(마스터ASC)[제과_블트하] 26.07_블트깡출시_ASC_전환_image,(마스터ASC)[제과_블트하] 26.07_블트깡출시_ASC_전환_image,[26.07]F_I_BT깡_전환_블트칩출시_혜택강조형_KR2_.배너_재고소진시가격인상.__김소희_260731_제과_김수정,34,0,635.0,0
2026-08-02,[제과_블트하] 26.07_블트깡출시_수동_전환_image_전체타겟,[혼합] 주변인 상황연출_블트칩출시 (KR2) (0727),[26.07]F_I_BT혼_전환_블트칩출시_혜택강조형_KR2_.피드_주변인.동료.확장__김소희_260727_제과_박지현,2955,53,77424.0,5
2026-08-02,[칩] (마스터ASC)[제과_블트하] 26.07_블트칩출시_ASC_전환_image,[칩] (마스터ASC)[제과_블트하] 26.07_블트칩출시_ASC_전환_image,[26.07]F_I_BT깡_전환_블트칩출시_혜택강조형_KR2_.피드_주변인.팀장님.확장__김소희_260727_제과_박서연,8,0,37.0,0
2026-08-02,[칩] (마스터ASC)[제과_블트하] 26.07_블트칩출시_ASC_전환_image,[칩] (마스터ASC)[제과_블트하] 26.07_블트칩출시_ASC_전환_image,[26.07]F_I_BT혼_전환_블트칩출시_혜택강조형_KR1_.피드_남편.맥주안주2.확장__김소희_260727_제과_박지현,307,6,5053.0,1
2026-08-02,[칩] (마스터ASC)[제과_블트하] 26.07_블트칩출시_ASC_전환_image,[칩] (마스터ASC)[제과_블트하] 26.07_블트칩출시_ASC_전환_image,[26.07]F_I_BT칩_전환_블트칩출시_혜택강조형_KR1_.피드_초딩입맛인정최고안주.__김소희_260728_제과_김수정,2,0,6.0,0
2026-08-02,[제과_블트하] 26.07_블트깡출시_수동_전환_image_전체타겟,0728_남편.인정소비_블트깡출시 (KR1),[26.07]F_I_BT깡_전환_블트칩출시_혜택강조형_KR1_.피드_4분할.__김소희_260728_제과_김수정,18,0,284.0,0
2026-08-02,[제과_블트하] 26.07_블트깡출시_수동_전환_image_전체타겟,주변인인정_블트칩출시 (KR2) (0728),[26.07]F_I_BT칩_전환_블트칩출시_혜택강조형_KR2_.피드_시어머니가 신신당부..확장__김소희_260728_제과_박서연,462,4,7030.0,1
2026-08-02,[제과_블트하] 26.07_블트깡출시_수동_전환_image_전체타겟,주변인인정_블트칩출시 (KR2) (0728),[26.07]F_I_BT깡_전환_블트칩출시_혜택강조형_KR2_.피드_팀장님맛잘알등극템..확장__김소희_260728_제과_박서연,4964,54,75466.0,11
2026-08-02,[제과_블트하] 26.07_블트깡출시_수동_전환_image_전체타겟,0730_주변인정.혜택_블트칩출시,[26.07]F_I_BT칩_전환_블트칩출시_혜택강조형_KR1_.배너_남편앞에서뜯은게실수.__최나영_260730_제과_김수정,46,0,1245.0,0
2026-08-02,[제과_블트하] 26.07_블트깡출시_수동_전환_video_전체타겟,0731_풀리오BP_블트칩출시 (KR1),[26.08]F_V_BT혼_전환_블트칩출시_신규BP_풀리오BP.KR1_var3.릴스_맛충동후킹.남편.X_2P_최나영_260801_제과_이봄1,296,9,6105.0,1
2026-08-02,(마스터ASC)[제과_블트하] 26.07_블트깡출시_ASC_전환_image,(마스터ASC)[제과_블트하] 26.07_블트깡출시_ASC_전환_image,[26.07]F_I_BT깡_전환_블트칩출시_혜택강조형_KR2_.배너_재고소진시가격인상.__김소희_260731_제과_김수정,30,1,666.0,0
2026-08-03,[제과_블트하] 26.07_블트깡출시_수동_전환_image_전체타겟,[혼합] 주변인 상황연출_블트칩출시 (KR2) (0727),[26.07]F_I_BT혼_전환_블트칩출시_혜택강조형_KR2_.피드_주변인.동료.확장__김소희_260727_제과_박지현,5425,63,140881.0,9
2026-08-03,[칩] (마스터ASC)[제과_블트하] 26.07_블트칩출시_ASC_전환_image,[칩] (마스터ASC)[제과_블트하] 26.07_블트칩출시_ASC_전환_image,[26.07]F_I_BT혼_전환_블트칩출시_혜택강조형_KR1_.피드_남편.맥주안주2.확장__김소희_260727_제과_박지현,687,13,11439.0,0
2026-08-03,[제과_블트하] 26.07_블트깡출시_수동_전환_image_전체타겟,주변인인정_블트칩출시 (KR2) (0728),[26.07]F_I_BT칩_전환_블트칩출시_혜택강조형_KR2_.피드_시어머니가 신신당부..확장__김소희_260728_제과_박서연,176,0,1962.0,0
2026-08-03,[제과_블트하] 26.07_블트깡출시_수동_전환_image_전체타겟,주변인인정_블트칩출시 (KR2) (0728),[26.07]F_I_BT깡_전환_블트칩출시_혜택강조형_KR2_.피드_팀장님맛잘알등극템..확장__김소희_260728_제과_박서연,765,10,9139.0,0
2026-08-03,[제과_블트하] 26.07_블트깡출시_수동_전환_video_전체타겟,0731_풀리오BP_블트칩출시 (KR1),[26.08]F_V_BT혼_전환_블트칩출시_신규BP_풀리오BP.KR1_var3.릴스_맛충동후킹.남편.X_2P_최나영_260801_제과_이봄1,269,1,4408.0,0
2026-08-03,(마스터ASC)[제과_블트하] 26.07_블트깡출시_ASC_전환_image,(마스터ASC)[제과_블트하] 26.07_블트깡출시_ASC_전환_image,[26.07]F_I_BT깡_전환_블트칩출시_혜택강조형_KR2_.배너_재고소진시가격인상.__김소희_260731_제과_김수정,13,0,155.0,0
2026-07-30,[제과_블트하] 26.07_블트깡출시_수동_전환_image_전체타겟,0728_남편.인정소비_블트깡출시 (KR1),[26.07]F_I_BT혼_전환_블트칩출시_혜택강조형_KR1_.피드_더사달라구졸라요떼샷.__김소희_260728_제과_김수정,196,3,4763.0,0
2026-07-30,(마스터ASC)[제과_블트하] 26.07_블트깡출시_ASC_전환_image,(마스터ASC)[제과_블트하] 26.07_블트깡출시_ASC_전환_image,[26.07]F_I_BT깡_전환_블트칩출시_혜택강조형_KR1_.배너_주문폭주안내.__최나영_260730_제과_김수정,4,0,18.0,0
2026-07-30,[제과_블트하] 26.07_블트깡출시_수동_전환_image_전체타겟,0730_주변인정.혜택_블트칩출시,[26.07]F_I_BT칩_전환_블트칩출시_혜택강조형_KR2_.배너_뜯자마자옆자리동료.__최나영_260730_제과_김수정,3,1,9.0,0
2026-07-31,[제과_블트하] 26.07_블트깡출시_수동_전환_image_전체타겟,0728_남편.인정소비_블트깡출시 (KR1),[26.07]F_I_BT혼_전환_블트칩출시_혜택강조형_KR1_.피드_더사달라구졸라요떼샷.__김소희_260728_제과_김수정,18,2,906.0,0
2026-07-31,(마스터ASC)[제과_블트하] 26.07_블트깡출시_ASC_전환_image,(마스터ASC)[제과_블트하] 26.07_블트깡출시_ASC_전환_image,[26.07]F_I_BT깡_전환_블트칩출시_혜택강조형_KR1_.배너_주문폭주안내.__최나영_260730_제과_김수정,16,0,234.0,0
2026-07-31,[제과_블트하] 26.07_블트깡출시_수동_전환_image_전체타겟,0730_주변인정.혜택_블트칩출시,[26.07]F_I_BT칩_전환_블트칩출시_혜택강조형_KR2_.배너_뜯자마자옆자리동료.__최나영_260730_제과_김수정,28,0,169.0,0
2026-07-31,[제과_블트하] 26.07_블트깡출시_수동_전환_image_전체타겟,0731_주변인.혜택위계_블트칩출시,[26.07]F_I_BT혼_전환_블트칩출시_혜택강조형_KR2_.배너_최저가에찍먹하기.__김소희_260731_제과_김수정,247,3,4855.0,0
2026-08-01,[제과_블트하] 26.07_블트깡출시_수동_전환_image_전체타겟,0728_남편.인정소비_블트깡출시 (KR1),[26.07]F_I_BT혼_전환_블트칩출시_혜택강조형_KR1_.피드_더사달라구졸라요떼샷.__김소희_260728_제과_김수정,5,0,113.0,0
2026-08-01,(마스터ASC)[제과_블트하] 26.07_블트깡출시_ASC_전환_image,(마스터ASC)[제과_블트하] 26.07_블트깡출시_ASC_전환_image,[26.07]F_I_BT깡_전환_블트칩출시_혜택강조형_KR1_.배너_주문폭주안내.__최나영_260730_제과_김수정,2,0,35.0,0
2026-08-01,[제과_블트하] 26.07_블트깡출시_수동_전환_image_전체타겟,0730_주변인정.혜택_블트칩출시,[26.07]F_I_BT칩_전환_블트칩출시_혜택강조형_KR2_.배너_뜯자마자옆자리동료.__최나영_260730_제과_김수정,5,0,12.0,0
2026-08-01,[제과_블트하] 26.07_블트깡출시_수동_전환_image_전체타겟,0731_주변인.혜택위계_블트칩출시,[26.07]F_I_BT혼_전환_블트칩출시_혜택강조형_KR2_.배너_최저가에찍먹하기.__김소희_260731_제과_김수정,5022,77,97775.0,10
2026-08-02,[제과_블트하] 26.07_블트깡출시_수동_전환_image_전체타겟,0728_남편.인정소비_블트깡출시 (KR1),[26.07]F_I_BT혼_전환_블트칩출시_혜택강조형_KR1_.피드_더사달라구졸라요떼샷.__김소희_260728_제과_김수정,14,0,398.0,0
2026-08-02,[제과_블트하] 26.07_블트깡출시_수동_전환_image_전체타겟,0730_주변인정.혜택_블트칩출시,[26.07]F_I_BT칩_전환_블트칩출시_혜택강조형_KR2_.배너_뜯자마자옆자리동료.__최나영_260730_제과_김수정,6,0,105.0,0
2026-08-02,[제과_블트하] 26.07_블트깡출시_수동_전환_image_전체타겟,0731_주변인.혜택위계_블트칩출시,[26.07]F_I_BT혼_전환_블트칩출시_혜택강조형_KR2_.배너_최저가에찍먹하기.__김소희_260731_제과_김수정,1024,17,24059.0,0
2026-08-03,[제과_블트하] 26.07_블트깡출시_수동_전환_image_전체타겟,0728_남편.인정소비_블트깡출시 (KR1),[26.07]F_I_BT혼_전환_블트칩출시_혜택강조형_KR1_.피드_더사달라구졸라요떼샷.__김소희_260728_제과_김수정,93,3,2824.0,0
2026-08-03,(마스터ASC)[제과_블트하] 26.07_블트깡출시_ASC_전환_image,(마스터ASC)[제과_블트하] 26.07_블트깡출시_ASC_전환_image,[26.07]F_I_BT깡_전환_블트칩출시_혜택강조형_KR1_.배너_주문폭주안내.__최나영_260730_제과_김수정,10,0,232.0,0
2026-07-30,[제과_블트하] 26.07_블트깡출시_수동_전환_video_전체타겟,0725_클룹BP_블트칩출시 (KR1),[26.07]F_V_BT혼_전환_블트칩출시_기타_클룹BP.KR1_main.릴스_메인.슬기.X_1P_최나영_260723_제과_피재은,341,8,7294.0,0
2026-07-30,[칩] (마스터ASC)[제과_블트하] 26.07_블트칩출시_ASC_전환_image,[칩] (마스터ASC)[제과_블트하] 26.07_블트칩출시_ASC_전환_image,[26.07]F_I_BT칩_전환_블트칩출시_혜택강조형_KR1_.릴스_입짧은남편봉지째.__김소희_260729_제과_김수정,114,3,2499.0,0
2026-07-31,[제과_블트하] 26.07_블트깡출시_수동_전환_video_전체타겟,0725_클룹BP_블트칩출시 (KR1),[26.07]F_V_BT혼_전환_블트칩출시_기타_클룹BP.KR1_main.릴스_메인.슬기.X_1P_최나영_260723_제과_피재은,12,0,260.0,0
2026-07-31,[칩] (마스터ASC)[제과_블트하] 26.07_블트칩출시_ASC_전환_image,[칩] (마스터ASC)[제과_블트하] 26.07_블트칩출시_ASC_전환_image,[26.07]F_I_BT칩_전환_블트칩출시_혜택강조형_KR1_.릴스_입짧은남편봉지째.__김소희_260729_제과_김수정,1303,12,24711.0,2
2026-07-31,[칩] (마스터ASC)[제과_블트하] 26.07_블트칩출시_ASC_전환_video,[칩] (마스터ASC)[제과_블트하] 26.07_블트칩출시_ASC_전환_video,[26.08]F_V_BT혼_전환_블트칩출시_신규BP_풀리오BP.KR1_var4.릴스_무심함후킹.남편.X_2P_최나영_260801_제과_이봄1,17,2,208.0,0
2026-08-01,[제과_블트하] 26.07_블트깡출시_수동_전환_video_전체타겟,0725_클룹BP_블트칩출시 (KR1),[26.07]F_V_BT혼_전환_블트칩출시_기타_클룹BP.KR1_main.릴스_메인.슬기.X_1P_최나영_260723_제과_피재은,183,4,4160.0,1
2026-08-01,[칩] (마스터ASC)[제과_블트하] 26.07_블트칩출시_ASC_전환_image,[칩] (마스터ASC)[제과_블트하] 26.07_블트칩출시_ASC_전환_image,[26.07]F_I_BT칩_전환_블트칩출시_혜택강조형_KR1_.릴스_입짧은남편봉지째.__김소희_260729_제과_김수정,4318,65,85216.0,4
2026-08-02,[칩] (마스터ASC)[제과_블트하] 26.07_블트칩출시_ASC_전환_image,[칩] (마스터ASC)[제과_블트하] 26.07_블트칩출시_ASC_전환_image,[26.07]F_I_BT칩_전환_블트칩출시_혜택강조형_KR1_.릴스_입짧은남편봉지째.__김소희_260729_제과_김수정,1737,19,38290.0,0
2026-08-03,[제과_블트하] 26.07_블트깡출시_수동_전환_video_전체타겟,0725_클룹BP_블트칩출시 (KR1),[26.07]F_V_BT혼_전환_블트칩출시_기타_클룹BP.KR1_main.릴스_메인.슬기.X_1P_최나영_260723_제과_피재은,14,1,303.0,0
2026-08-03,[칩] (마스터ASC)[제과_블트하] 26.07_블트칩출시_ASC_전환_video,[칩] (마스터ASC)[제과_블트하] 26.07_블트칩출시_ASC_전환_video,[26.08]F_V_BT혼_전환_블트칩출시_신규BP_풀리오BP.KR1_var4.릴스_무심함후킹.남편.X_2P_최나영_260801_제과_이봄1,255,4,5987.0,1
