date,campaign_name,adset_name,ad_name,impressions,clicks,spend,conversions
2026-09-23,[제과_블트하] 26.07_블트깡출시_수동_전환_video_전체타겟,0807_인덕션BP_블트칩출시 (KR1),[26.08]F_V_BT칩_전환_블트칩출시_신규BP_인덕션BP.KR1_var3.릴스_조합취식.X_1P_김소희_260807_제과_이봄1,5248,178,152189.0,10
2026-09-23,(마스터ASC)[제과_블트하] 26.07_블트깡출시_ASC_전환_video,(마스터ASC)[제과_블트하] 26.07_블트깡출시_ASC_전환_video,[26.08]F_V_BT깡_전환_블트깡출시_쩜오건_시즈닝강조.이국주.KR1_var4.릴스_블트깡.확산맛조합.슬기.X_1P__260820_제과_문형민,1,0,7.0,0
2026-09-24,[제과_블트하] 26.07_블트깡출시_수동_전환_video_전체타겟,0807_인덕션BP_블트칩출시 (KR1),[26.08]F_V_BT칩_전환_블트칩출시_신규BP_인덕션BP.KR1_var3.릴스_조합취식.X_1P_김소희_260807_제과_이봄1,1267,40,37392.0,3
2026-09-25,[제과_블트하] 26.07_블트깡출시_수동_전환_video_전체타겟,0807_인덕션BP_블트칩출시 (KR1),[26.08]F_V_BT칩_전환_블트칩출시_신규BP_인덕션BP.KR1_var3.릴스_조합취식.X_1P_김소희_260807_제과_이봄1,1948,63,59388.0,3
2026-09-25,(마스터ASC)[제과_블트하] 26.07_블트깡출시_ASC_전환_video,(마스터ASC)[제과_블트하] 26.07_블트깡출시_ASC_전환_video,[26.08]F_V_BT깡_전환_블트깡출시_쩜오건_시즈닝강조.이국주.KR1_var4.릴스_블트깡.확산맛조합.슬기.X_1P__260820_제과_문형민,10,0,36.0,0
2026-09-26,[제과_블트하] 26.07_블트깡출시_수동_전환_video_전체타겟,0807_인덕션BP_블트칩출시 (KR1),[26.08]F_V_BT칩_전환_블트칩출시_신규BP_인덕션BP.KR1_var3.릴스_조합취식.X_1P_김소희_260807_제과_이봄1,12260,430,339680.0,27
2026-09-26,(마스터ASC)[제과_블트하] 26.07_블트깡출시_ASC_전환_video,(마스터ASC)[제과_블트하] 26.07_블트깡출시_ASC_전환_video,[26.08]F_V_BT깡_전환_블트깡출시_쩜오건_시즈닝강조.이국주.KR1_var4.릴스_블트깡.확산맛조합.슬기.X_1P__260820_제과_문형민,129,1,1403.0,0
2026-09-27,[제과_블트하] 26.07_블트깡출시_수동_전환_video_전체타겟,0807_인덕션BP_블트칩출시 (KR1),[26.08]F_V_BT칩_전환_블트칩출시_신규BP_인덕션BP.KR1_var3.릴스_조합취식.X_1P_김소희_260807_제과_이봄1,7678,282,229694.0,14
2026-09-27,(마스터ASC)[제과_블트하] 26.07_블트깡출시_ASC_전환_video,(마스터ASC)[제과_블트하] 26.07_블트깡출시_ASC_전환_video,[26.08]F_V_BT깡_전환_블트깡출시_쩜오건_시즈닝강조.이국주.KR1_var4.릴스_블트깡.확산맛조합.슬기.X_1P__260820_제과_문형민,146,1,1473.0,0
2026-09-23,(마스터ASC)[제과_블트하] 26.07_블트깡출시_ASC_전환_video,(마스터ASC)[제과_블트하] 26.07_블트깡출시_ASC_전환_video,[26.08]F_V_BT깡_전환_블트깡출시_라이브커머스형_라이브커머스형.KR1_var5.릴스_전체.맛비주얼.슬기.X_1P_김소희_260812_제과_피재은,2,0,10.0,0
2026-09-23,(마스터ASC)[제과_블트하] 26.07_블트깡출시_ASC_전환_video,(마스터ASC)[제과_블트하] 26.07_블트깡출시_ASC_전환_video,[26.08]F_V_BT칩_전환_블트칩출시_제조과정형_제조과정형.이국주.KR2_var1.릴스_이국주.X_1P__260821_제과_피재은,14,0,313.0,0
2026-09-24,(마스터ASC)[제과_블트하] 26.07_블트깡출시_ASC_전환_video,(마스터ASC)[제과_블트하] 26.07_블트깡출시_ASC_전환_video,[26.07]F_V_BT깡_전환_블트깡출시_쩜오건_대세감실체.KR1_var1.릴스_유명남돌라방.X_1P_김소희_260715_제과_문형민,5,0,27.0,0
2026-09-24,(마스터ASC)[제과_블트하] 26.07_블트깡출시_ASC_전환_video,(마스터ASC)[제과_블트하] 26.07_블트깡출시_ASC_전환_video,[26.08]F_V_BT깡_전환_블트깡출시_라이브커머스형_라이브커머스형.KR1_var5.릴스_전체.맛비주얼.슬기.X_1P_김소희_260812_제과_피재은,73,1,1234.0,0
2026-09-24,(마스터ASC)[제과_블트하] 26.07_블트깡출시_ASC_전환_video,(마스터ASC)[제과_블트하] 26.07_블트깡출시_ASC_전환_video,[26.08]F_V_BT칩_전환_블트칩출시_쩜오건_시즈닝강조.이국주.KR1_var7.릴스_블트칩.반전.슬기.X_1P__260820_제과_문형민,7,0,181.0,0
2026-09-24,(마스터ASC)[제과_블트하] 26.07_블트깡출시_ASC_전환_video,(마스터ASC)[제과_블트하] 26.07_블트깡출시_ASC_전환_video,[26.08]F_V_BT칩_전환_블트칩출시_제조과정형_제조과정형.이국주.KR2_var1.릴스_이국주.X_1P__260821_제과_피재은,233,3,2639.0,0
2026-09-25,(마스터ASC)[제과_블트하] 26.07_블트깡출시_ASC_전환_video,(마스터ASC)[제과_블트하] 26.07_블트깡출시_ASC_전환_video,[26.07]F_V_BT깡_전환_블트깡출시_쩜오건_대세감실체.KR1_var1.릴스_유명남돌라방.X_1P_김소희_260715_제과_문형민,6,0,549.0,0
2026-09-25,(마스터ASC)[제과_블트하] 26.07_블트깡출시_ASC_전환_video,(마스터ASC)[제과_블트하] 26.07_블트깡출시_ASC_전환_video,[26.08]F_V_BT칩_전환_블트칩출시_쩜오건_시즈닝강조.이국주.KR1_var7.릴스_블트칩.반전.슬기.X_1P__260820_제과_문형민,3,0,11.0,0
2026-09-25,(마스터ASC)[제과_블트하] 26.07_블트깡출시_ASC_전환_video,(마스터ASC)[제과_블트하] 26.07_블트깡출시_ASC_전환_video,[26.08]F_V_BT칩_전환_블트칩출시_제조과정형_제조과정형.이국주.KR2_var1.릴스_이국주.X_1P__260821_제과_피재은,725,4,7477.0,0
2026-09-26,(마스터ASC)[제과_블트하] 26.07_블트깡출시_ASC_전환_video,(마스터ASC)[제과_블트하] 26.07_블트깡출시_ASC_전환_video,[26.07]F_V_BT깡_전환_블트깡출시_쩜오건_대세감실체.KR1_var1.릴스_유명남돌라방.X_1P_김소희_260715_제과_문형민,2,0,15.0,0
2026-09-26,(마스터ASC)[제과_블트하] 26.07_블트깡출시_ASC_전환_video,(마스터ASC)[제과_블트하] 26.07_블트깡출시_ASC_전환_video,[26.08]F_V_BT깡_전환_블트깡출시_라이브커머스형_라이브커머스형.KR1_var5.릴스_전체.맛비주얼.슬기.X_1P_김소희_260812_제과_피재은,233,3,4172.0,0
2026-09-26,(마스터ASC)[제과_블트하] 26.07_블트깡출시_ASC_전환_video,(마스터ASC)[제과_블트하] 26.07_블트깡출시_ASC_전환_video,[26.08]F_V_BT혼_전환_블트칩출시_신규BP_젤리백BP.이국주.KR1_main.릴스_본론.여러가지.X_2P_최나영_260814_제과_이봄1,1,0,14.0,0
2026-09-26,(마스터ASC)[제과_블트하] 26.07_블트깡출시_ASC_전환_video,(마스터ASC)[제과_블트하] 26.07_블트깡출시_ASC_전환_video,[26.08]F_V_BT칩_전환_블트칩출시_쩜오건_시즈닝강조.이국주.KR1_var7.릴스_블트칩.반전.슬기.X_1P__260820_제과_문형민,13,1,185.0,1
2026-09-26,(마스터ASC)[제과_블트하] 26.07_블트깡출시_ASC_전환_video,(마스터ASC)[제과_블트하] 26.07_블트깡출시_ASC_전환_video,[26.08]F_V_BT칩_전환_블트칩출시_제조과정형_제조과정형.이국주.KR2_var1.릴스_이국주.X_1P__260821_제과_피재은,666,17,9897.0,1
2026-09-27,(마스터ASC)[제과_블트하] 26.07_블트깡출시_ASC_전환_video,(마스터ASC)[제과_블트하] 26.07_블트깡출시_ASC_전환_video,[26.07]F_V_BT깡_전환_블트깡출시_쩜오건_대세감실체.KR1_var1.릴스_유명남돌라방.X_1P_김소희_260715_제과_문형민,5,0,20.0,0
2026-09-27,(마스터ASC)[제과_블트하] 26.07_블트깡출시_ASC_전환_video,(마스터ASC)[제과_블트하] 26.07_블트깡출시_ASC_전환_video,[26.08]F_V_BT깡_전환_블트깡출시_라이브커머스형_라이브커머스형.KR1_var5.릴스_전체.맛비주얼.슬기.X_1P_김소희_260812_제과_피재은,285,7,5554.0,0
2026-09-27,(마스터ASC)[제과_블트하] 26.07_블트깡출시_ASC_전환_video,(마스터ASC)[제과_블트하] 26.07_블트깡출시_ASC_전환_video,[26.08]F_V_BT칩_전환_블트칩출시_쩜오건_시즈닝강조.이국주.KR1_var7.릴스_블트칩.반전.슬기.X_1P__260820_제과_문형민,13,0,94.0,0
2026-09-27,(마스터ASC)[제과_블트하] 26.07_블트깡출시_ASC_전환_video,(마스터ASC)[제과_블트하] 26.07_블트깡출시_ASC_전환_video,[26.08]F_V_BT칩_전환_블트칩출시_제조과정형_제조과정형.이국주.KR2_var1.릴스_이국주.X_1P__260821_제과_피재은,418,3,5651.0,0
2026-09-23,[제과_초코퐁당] 26.09_초코퐁당출시_수동_전환_video_전체타겟,(0911) 인플루언서형_초코퐁당출시 (KR1) (봄님),[26.09]F_V_PN초_전환_초코퐁당출시_인플루언서형_인플루언서형.KR1_main.릴스_본론.(재).X_2P_권미정_260915_제과_이봄1,1637,25,29792.0,1
2026-09-23,[제과_초코퐁당] 26.09_초코퐁당출시_수동_전환_video_전체타겟,(0911) 인플루언서형_초코퐁당출시 (KR1) (봄님),[26.09]F_V_PN초_전환_초코퐁당출시_인플루언서형_인플루언서형.KR1_var3.릴스_나잇살.(재).X_2P_권미정_260915_제과_이봄1,18353,299,257205.0,17
2026-09-23,[제과_초코퐁당] 26.09_초코퐁당출시_수동_전환_video_전체타겟,(0918)소비자상황형(사무실)_초코퐁당출시 (KR1) (봄님),[26.09]F_V_PN초_전환_초코퐁당출시_소비자상황형_프로틴방앗간BP.KR1_main.릴스_사무실.X_2P_권미정_260918_제과_이봄1,309,5,2840.0,0
2026-09-23,[제과_초코퐁당] 26.09_초코퐁당출시_수동_전환_video_전체타겟,(0918)소비자상황형(PMS)_초코퐁당출시 (KR1) (봄님),[26.09]F_V_PN초_전환_초코퐁당출시_소비자상황형_님스초코컵BP.KR1_var1.릴스_앞단줄이기.X_2P_권미정_260918_제과_이봄1,9269,113,88116.0,12
2026-09-24,[제과_초코퐁당] 26.09_초코퐁당출시_수동_전환_video_전체타겟,(0911) 인플루언서형_초코퐁당출시 (KR1) (봄님),[26.09]F_V_PN초_전환_초코퐁당출시_인플루언서형_인플루언서형.KR1_main.릴스_본론.(재).X_2P_권미정_260915_제과_이봄1,5324,80,61270.0,7
2026-09-24,[제과_초코퐁당] 26.09_초코퐁당출시_수동_전환_video_전체타겟,(0911) 인플루언서형_초코퐁당출시 (KR1) (봄님),[26.09]F_V_PN초_전환_초코퐁당출시_인플루언서형_인플루언서형.KR1_var1.릴스_PMS페인.(재).X_2P_권미정_260915_제과_이봄1,20635,285,243884.0,18
2026-09-24,[제과_초코퐁당] 26.09_초코퐁당출시_수동_전환_video_전체타겟,(0911) 인플루언서형_초코퐁당출시 (KR1) (봄님),[26.09]F_V_PN초_전환_초코퐁당출시_인플루언서형_인플루언서형.KR1_var3.릴스_나잇살.(재).X_2P_권미정_260915_제과_이봄1,9457,187,146801.0,12
2026-09-24,[제과_초코퐁당] 26.09_초코퐁당출시_수동_전환_video_전체타겟,(0918)소비자상황형(PMS)_초코퐁당출시 (KR1) (봄님),[26.09]F_V_PN초_전환_초코퐁당출시_소비자상황형_님스초코컵BP.KR1_var1.릴스_앞단줄이기.X_2P_권미정_260918_제과_이봄1,2793,44,27857.0,3
2026-09-25,[제과_초코퐁당] 26.09_초코퐁당출시_수동_전환_video_전체타겟,(0911) 인플루언서형_초코퐁당출시 (KR1) (봄님),[26.09]F_V_PN초_전환_초코퐁당출시_인플루언서형_인플루언서형.KR1_main.릴스_본론.(재).X_2P_권미정_260915_제과_이봄1,7361,82,100723.0,8
2026-09-25,[제과_초코퐁당] 26.09_초코퐁당출시_수동_전환_video_전체타겟,(0911) 인플루언서형_초코퐁당출시 (KR1) (봄님),[26.09]F_V_PN초_전환_초코퐁당출시_인플루언서형_인플루언서형.KR1_var1.릴스_PMS페인.(재).X_2P_권미정_260915_제과_이봄1,2490,36,33899.0,1
2026-09-25,[제과_초코퐁당] 26.09_초코퐁당출시_수동_전환_video_전체타겟,(0911) 인플루언서형_초코퐁당출시 (KR1) (봄님),[26.09]F_V_PN초_전환_초코퐁당출시_인플루언서형_인플루언서형.KR1_var3.릴스_나잇살.(재).X_2P_권미정_260915_제과_이봄1,2357,42,35606.0,2
2026-09-25,[제과_초코퐁당] 26.09_초코퐁당출시_수동_전환_video_전체타겟,(0918)소비자상황형(PMS)_초코퐁당출시 (KR1) (봄님),[26.09]F_V_PN초_전환_초코퐁당출시_소비자상황형_님스초코컵BP.KR1_var1.릴스_앞단줄이기.X_2P_권미정_260918_제과_이봄1,49932,1171,424118.0,46
2026-09-26,[제과_초코퐁당] 26.09_초코퐁당출시_수동_전환_video_전체타겟,(0911) 인플루언서형_초코퐁당출시 (KR1) (봄님),[26.09]F_V_PN초_전환_초코퐁당출시_인플루언서형_인플루언서형.KR1_main.릴스_본론.(재).X_2P_권미정_260915_제과_이봄1,49510,643,689648.0,57
2026-09-26,[제과_초코퐁당] 26.09_초코퐁당출시_수동_전환_video_전체타겟,(0918)소비자상황형(PMS)_초코퐁당출시 (KR1) (봄님),[26.09]F_V_PN초_전환_초코퐁당출시_소비자상황형_님스초코컵BP.KR1_var1.릴스_앞단줄이기.X_2P_권미정_260918_제과_이봄1,24793,560,226453.0,18
2026-09-27,[제과_초코퐁당] 26.09_초코퐁당출시_수동_전환_video_전체타겟,(0911) 인플루언서형_초코퐁당출시 (KR1) (봄님),[26.09]F_V_PN초_전환_초코퐁당출시_인플루언서형_인플루언서형.KR1_main.릴스_본론.(재).X_2P_권미정_260915_제과_이봄1,8548,108,104495.0,7
2026-09-27,[제과_초코퐁당] 26.09_초코퐁당출시_수동_전환_video_전체타겟,(0911) 인플루언서형_초코퐁당출시 (KR1) (봄님),[26.09]F_V_PN초_전환_초코퐁당출시_인플루언서형_인플루언서형.KR1_var1.릴스_PMS페인.(재).X_2P_권미정_260915_제과_이봄1,1708,30,19556.0,1
2026-09-27,[제과_초코퐁당] 26.09_초코퐁당출시_수동_전환_video_전체타겟,(0911) 인플루언서형_초코퐁당출시 (KR1) (봄님),[26.09]F_V_PN초_전환_초코퐁당출시_인플루언서형_인플루언서형.KR1_var2.릴스_PMS폭주.(재).X_2P_권미정_260915_제과_이봄1,1598,16,15769.0,1
2026-09-27,[제과_초코퐁당] 26.09_초코퐁당출시_수동_전환_video_전체타겟,(0911) 인플루언서형_초코퐁당출시 (KR1) (봄님),[26.09]F_V_PN초_전환_초코퐁당출시_인플루언서형_인플루언서형.KR1_var3.릴스_나잇살.(재).X_2P_권미정_260915_제과_이봄1,1120,25,16220.0,2
2026-09-27,[제과_초코퐁당] 26.09_초코퐁당출시_수동_전환_video_전체타겟,(0911) 인플루언서형_초코퐁당출시 (KR1) (봄님),[26.09]F_V_PN초_전환_초코퐁당출시_인플루언서형_인플루언서형.KR1_var4.릴스_남자친구의선물.(재).X_2P_권미정_260915_제과_이봄1,2851,56,40885.0,1
2026-09-27,[제과_초코퐁당] 26.09_초코퐁당출시_수동_전환_video_전체타겟,(0918)소비자상황형(PMS)_초코퐁당출시 (KR1) (봄님),[26.09]F_V_PN초_전환_초코퐁당출시_소비자상황형_님스초코컵BP.KR1_var1.릴스_앞단줄이기.X_2P_권미정_260918_제과_이봄1,9887,216,86879.0,9
2026-09-23,[제과_초코퐁당] 26.09_초코퐁당출시_수동_전환_video_전체타겟,(0918)소비자상황형(PMS)_초코퐁당출시 (KR1) (봄님),[26.09]F_V_PN초_전환_초코퐁당출시_소비자상황형_님스초코컵BP.KR1_main.릴스_PMS.규모감.(재).X_2P_권미정_260922_제과_이봄1,579,4,6014.0,0
2026-09-23,[제과_초코퐁당] 26.09_초코퐁당출시_수동_전환_video_전체타겟,(0918)소비자상황형(PMS)_초코퐁당출시 (KR1) (봄님),[26.09]F_V_PN초_전환_초코퐁당출시_소비자상황형_님스초코컵BP.KR1_var1.릴스_PMS.생초코연상.(재).X_2P_권미정_260922_제과_이봄1,1500,16,10682.0,1
2026-09-23,[제과_초코퐁당] 26.09_초코퐁당출시_수동_전환_video_전체타겟,(0918)소비자상황형(스트레스)_초코퐁당출시 (KR1) (봄님),[26.09]F_V_PN초_전환_초코퐁당출시_소비자상황형_호기심까까BP.KR1_main.릴스_스트레스.규모감.(재).X_2P_권미정_260922_제과_이봄1,107,1,1227.0,0
2026-09-23,[제과_초코퐁당] 26.09_초코퐁당출시_수동_전환_video_전체타겟,(0918)소비자상황형(스트레스)_초코퐁당출시 (KR1) (봄님),[26.09]F_V_PN초_전환_초코퐁당출시_소비자상황형_호기심까까BP.KR1_var1.릴스_스트레스.반갈.(재).X_2P_권미정_260922_제과_이봄1,581,8,5685.0,0
2026-09-23,[제과_초코퐁당] 26.09_초코퐁당출시_수동_전환_video_전체타겟,(0918)소비자상황형(사무실)_초코퐁당출시 (KR1) (봄님),[26.09]F_V_PN초_전환_초코퐁당출시_소비자상황형_프로틴방앗간BP.KR1_main.릴스_사무실.인물맛비주얼.(재).X_2P_권미정_260922_제과_이봄1,73,0,611.0,0
2026-09-23,[제과_초코퐁당] 26.09_초코퐁당출시_수동_전환_video_전체타겟,(0918)소비자상황형(사무실)_초코퐁당출시 (KR1) (봄님),[26.09]F_V_PN초_전환_초코퐁당출시_소비자상황형_프로틴방앗간BP.KR1_var1.릴스_사무실.취식.(재).X_2P_권미정_260922_제과_이봄1,271,1,3557.0,0
2026-09-23,[제과_초코퐁당] 26.09_초코퐁당출시_수동_전환_video_전체타겟,(0918)소비자상황형(사무실)_초코퐁당출시 (KR1) (봄님),[26.09]F_V_PN초_전환_초코퐁당출시_소비자상황형_프로틴방앗간BP.KR1_var2.릴스_사무실(여초).반갈.(재).X_2P_권미정_260922_제과_이봄1,166,1,1726.0,0
2026-09-23,[제과_초코퐁당] 26.09_초코퐁당출시_수동_전환_video_전체타겟,(0923) 지인네고형_초코퐁당출시 (KR1) (재은님),[26.09]F_V_PN초_전환_초코퐁당출시_네고형_지인네고형.KR1_main.릴스_메인.X_1P_권미정_260923_제과_피재은,844,12,19486.0,0
2026-09-23,[제과_초코퐁당] 26.09_초코퐁당출시_수동_전환_video_전체타겟,(0923) 지인네고형_초코퐁당출시 (KR1) (재은님),[26.09]F_V_PN초_전환_초코퐁당출시_네고형_지인네고형.KR1_var3.릴스_다이어트.X_1P_권미정_260923_제과_피재은,2528,30,32105.0,2
2026-09-23,[제과_초코퐁당] 26.09_초코퐁당출시_수동_전환_video_전체타겟,(0923) 지인네고형_초코퐁당출시 (KR1) (재은님),[26.09]F_V_PN초_전환_초코퐁당출시_네고형_지인네고형.KR1_var4.릴스_로이스.X_1P_권미정_260923_제과_피재은,2538,21,22339.0,0
2026-09-23,[제과_초코퐁당] 26.09_초코퐁당출시_수동_전환_video_전체타겟,(0923) 지인네고형_초코퐁당출시 (KR1) (재은님),[26.09]F_V_PN초_전환_초코퐁당출시_네고형_지인네고형.KR1_var1.릴스_살안찌는.X_1P_권미정_260923_제과_피재은,473,6,7449.0,4
2026-09-23,[제과_초코퐁당] 26.09_초코퐁당출시_수동_전환_video_전체타겟,(0923) 지인네고형_초코퐁당출시 (KR1) (재은님),[26.09]F_V_PN초_전환_초코퐁당출시_네고형_지인네고형.KR1_var2.릴스_생초코.X_1P_권미정_260923_제과_피재은,3634,42,47436.0,1
2026-09-23,[제과_초코퐁당] 26.09_초코퐁당출시_수동_전환_video_전체타겟,(0923) 책상네고형_초코퐁당출시 (KR1) (봄님),[26.09]F_V_PN초_전환_초코퐁당출시_네고형_책상네고형.KR1_main.릴스_기본.X_2P_권미정_260923_제과_이봄1,3044,33,34254.0,0
2026-09-23,[제과_초코퐁당] 26.09_초코퐁당출시_수동_전환_video_전체타겟,(0923) 책상네고형_초코퐁당출시 (KR1) (봄님),[26.09]F_V_PN초_전환_초코퐁당출시_네고형_책상네고형.KR1_var1.릴스_다이어터커뮤.X_2P_권미정_260923_제과_이봄1,703,9,7773.0,1
2026-09-24,(마스터ASC)[제과_블트하] 26.07_블트깡출시_ASC_전환_video,(마스터ASC)[제과_블트하] 26.07_블트깡출시_ASC_전환_video,[26.08]F_V_BT깡_전환_블트깡출시_라이브커머스형_라이브커머스형.KR1_var10.릴스_가격강조.취식.슬기.X_1P_김소희_260812_제과_피재은,6,1,68.0,0
2026-09-24,[제과_초코퐁당] 26.09_초코퐁당출시_수동_전환_video_전체타겟,(0918)소비자상황형(PMS)_초코퐁당출시 (KR1) (봄님),[26.09]F_V_PN초_전환_초코퐁당출시_소비자상황형_님스초코컵BP.KR1_main.릴스_PMS.규모감.(재).X_2P_권미정_260922_제과_이봄1,211,2,2084.0,1
2026-09-24,[제과_초코퐁당] 26.09_초코퐁당출시_수동_전환_video_전체타겟,(0918)소비자상황형(PMS)_초코퐁당출시 (KR1) (봄님),[26.09]F_V_PN초_전환_초코퐁당출시_소비자상황형_님스초코컵BP.KR1_var1.릴스_PMS.생초코연상.(재).X_2P_권미정_260922_제과_이봄1,390,5,2898.0,2
2026-09-24,[제과_초코퐁당] 26.09_초코퐁당출시_수동_전환_video_전체타겟,(0923) 지인네고형_초코퐁당출시 (KR1) (재은님),[26.09]F_V_PN초_전환_초코퐁당출시_네고형_지인네고형.KR1_main.릴스_메인.X_1P_권미정_260923_제과_피재은,11,2,150.0,0
2026-09-24,[제과_초코퐁당] 26.09_초코퐁당출시_수동_전환_video_전체타겟,(0923) 지인네고형_초코퐁당출시 (KR1) (재은님),[26.09]F_V_PN초_전환_초코퐁당출시_네고형_지인네고형.KR1_var4.릴스_로이스.X_1P_권미정_260923_제과_피재은,121,1,1229.0,0
2026-09-24,[제과_초코퐁당] 26.09_초코퐁당출시_수동_전환_video_전체타겟,(0923) 지인네고형_초코퐁당출시 (KR1) (재은님),[26.09]F_V_PN초_전환_초코퐁당출시_네고형_지인네고형.KR1_var1.릴스_살안찌는.X_1P_권미정_260923_제과_피재은,848,12,18016.0,1
2026-09-24,[제과_초코퐁당] 26.09_초코퐁당출시_수동_전환_video_전체타겟,(0923) 지인네고형_초코퐁당출시 (KR1) (재은님),[26.09]F_V_PN초_전환_초코퐁당출시_네고형_지인네고형.KR1_var2.릴스_생초코.X_1P_권미정_260923_제과_피재은,119,1,1531.0,0
2026-09-24,[제과_초코퐁당] 26.09_초코퐁당출시_수동_전환_video_전체타겟,(0923) 책상네고형_초코퐁당출시 (KR1) (봄님),[26.09]F_V_PN초_전환_초코퐁당출시_네고형_책상네고형.KR1_main.릴스_기본.X_2P_권미정_260923_제과_이봄1,4943,48,59666.0,3
2026-09-24,[제과_초코퐁당] 26.09_초코퐁당출시_수동_전환_video_전체타겟,(0923) 책상네고형_초코퐁당출시 (KR1) (봄님),[26.09]F_V_PN초_전환_초코퐁당출시_네고형_책상네고형.KR1_var1.릴스_다이어터커뮤.X_2P_권미정_260923_제과_이봄1,16514,171,228047.0,16
2026-09-25,(마스터ASC)[제과_블트하] 26.07_블트깡출시_ASC_전환_video,(마스터ASC)[제과_블트하] 26.07_블트깡출시_ASC_전환_video,[26.08]F_V_BT깡_전환_블트깡출시_라이브커머스형_라이브커머스형.KR1_var10.릴스_가격강조.취식.슬기.X_1P_김소희_260812_제과_피재은,2,0,25.0,0
2026-09-25,[제과_초코퐁당] 26.09_초코퐁당출시_수동_전환_video_전체타겟,(0918)소비자상황형(PMS)_초코퐁당출시 (KR1) (봄님),[26.09]F_V_PN초_전환_초코퐁당출시_소비자상황형_님스초코컵BP.KR1_main.릴스_PMS.규모감.(재).X_2P_권미정_260922_제과_이봄1,287,2,2231.0,0
2026-09-25,[제과_초코퐁당] 26.09_초코퐁당출시_수동_전환_video_전체타겟,(0918)소비자상황형(PMS)_초코퐁당출시 (KR1) (봄님),[26.09]F_V_PN초_전환_초코퐁당출시_소비자상황형_님스초코컵BP.KR1_var1.릴스_PMS.생초코연상.(재).X_2P_권미정_260922_제과_이봄1,722,3,5183.0,1
2026-09-25,[제과_초코퐁당] 26.09_초코퐁당출시_수동_전환_video_전체타겟,(0923) 지인네고형_초코퐁당출시 (KR1) (재은님),[26.09]F_V_PN초_전환_초코퐁당출시_네고형_지인네고형.KR1_main.릴스_메인.X_1P_권미정_260923_제과_피재은,1032,17,20927.0,2
2026-09-25,[제과_초코퐁당] 26.09_초코퐁당출시_수동_전환_video_전체타겟,(0923) 지인네고형_초코퐁당출시 (KR1) (재은님),[26.09]F_V_PN초_전환_초코퐁당출시_네고형_지인네고형.KR1_var3.릴스_다이어트.X_1P_권미정_260923_제과_피재은,2181,28,36169.0,2
2026-09-25,[제과_초코퐁당] 26.09_초코퐁당출시_수동_전환_video_전체타겟,(0923) 지인네고형_초코퐁당출시 (KR1) (재은님),[26.09]F_V_PN초_전환_초코퐁당출시_네고형_지인네고형.KR1_var4.릴스_로이스.X_1P_권미정_260923_제과_피재은,170,1,1910.0,0
2026-09-25,[제과_초코퐁당] 26.09_초코퐁당출시_수동_전환_video_전체타겟,(0923) 지인네고형_초코퐁당출시 (KR1) (재은님),[26.09]F_V_PN초_전환_초코퐁당출시_네고형_지인네고형.KR1_var1.릴스_살안찌는.X_1P_권미정_260923_제과_피재은,1048,13,18325.0,1
2026-09-25,[제과_초코퐁당] 26.09_초코퐁당출시_수동_전환_video_전체타겟,(0923) 지인네고형_초코퐁당출시 (KR1) (재은님),[26.09]F_V_PN초_전환_초코퐁당출시_네고형_지인네고형.KR1_var2.릴스_생초코.X_1P_권미정_260923_제과_피재은,4302,72,67867.0,5
2026-09-25,[제과_초코퐁당] 26.09_초코퐁당출시_수동_전환_video_전체타겟,(0923) 책상네고형_초코퐁당출시 (KR1) (봄님),[26.09]F_V_PN초_전환_초코퐁당출시_네고형_책상네고형.KR1_main.릴스_기본.X_2P_권미정_260923_제과_이봄1,9221,123,110248.0,8
2026-09-25,[제과_초코퐁당] 26.09_초코퐁당출시_수동_전환_video_전체타겟,(0923) 책상네고형_초코퐁당출시 (KR1) (봄님),[26.09]F_V_PN초_전환_초코퐁당출시_네고형_책상네고형.KR1_var1.릴스_다이어터커뮤.X_2P_권미정_260923_제과_이봄1,13902,138,173299.0,11
2026-09-26,[제과_초코퐁당] 26.09_초코퐁당출시_수동_전환_video_전체타겟,(0918)소비자상황형(PMS)_초코퐁당출시 (KR1) (봄님),[26.09]F_V_PN초_전환_초코퐁당출시_소비자상황형_님스초코컵BP.KR1_main.릴스_PMS.규모감.(재).X_2P_권미정_260922_제과_이봄1,391,1,3004.0,1
2026-09-26,[제과_초코퐁당] 26.09_초코퐁당출시_수동_전환_video_전체타겟,(0918)소비자상황형(PMS)_초코퐁당출시 (KR1) (봄님),[26.09]F_V_PN초_전환_초코퐁당출시_소비자상황형_님스초코컵BP.KR1_var1.릴스_PMS.생초코연상.(재).X_2P_권미정_260922_제과_이봄1,782,2,4343.0,0
2026-09-26,[제과_초코퐁당] 26.09_초코퐁당출시_수동_전환_video_전체타겟,(0923) 지인네고형_초코퐁당출시 (KR1) (재은님),[26.09]F_V_PN초_전환_초코퐁당출시_네고형_지인네고형.KR1_main.릴스_메인.X_1P_권미정_260923_제과_피재은,6396,115,110279.0,8
2026-09-26,[제과_초코퐁당] 26.09_초코퐁당출시_수동_전환_video_전체타겟,(0923) 지인네고형_초코퐁당출시 (KR1) (재은님),[26.09]F_V_PN초_전환_초코퐁당출시_네고형_지인네고형.KR1_var3.릴스_다이어트.X_1P_권미정_260923_제과_피재은,5044,68,61151.0,2
2026-09-26,[제과_초코퐁당] 26.09_초코퐁당출시_수동_전환_video_전체타겟,(0923) 지인네고형_초코퐁당출시 (KR1) (재은님),[26.09]F_V_PN초_전환_초코퐁당출시_네고형_지인네고형.KR1_var4.릴스_로이스.X_1P_권미정_260923_제과_피재은,84,1,1441.0,0
2026-09-26,[제과_초코퐁당] 26.09_초코퐁당출시_수동_전환_video_전체타겟,(0923) 지인네고형_초코퐁당출시 (KR1) (재은님),[26.09]F_V_PN초_전환_초코퐁당출시_네고형_지인네고형.KR1_var2.릴스_생초코.X_1P_권미정_260923_제과_피재은,10513,166,175957.0,11
2026-09-26,[제과_초코퐁당] 26.09_초코퐁당출시_수동_전환_video_전체타겟,(0923) 책상네고형_초코퐁당출시 (KR1) (봄님),[26.09]F_V_PN초_전환_초코퐁당출시_네고형_책상네고형.KR1_main.릴스_기본.X_2P_권미정_260923_제과_이봄1,4716,63,43950.0,2
2026-09-26,[제과_초코퐁당] 26.09_초코퐁당출시_수동_전환_video_전체타겟,(0923) 책상네고형_초코퐁당출시 (KR1) (봄님),[26.09]F_V_PN초_전환_초코퐁당출시_네고형_책상네고형.KR1_var1.릴스_다이어터커뮤.X_2P_권미정_260923_제과_이봄1,19523,174,186975.0,13
2026-09-27,[제과_초코퐁당] 26.09_초코퐁당출시_수동_전환_video_전체타겟,(0918)소비자상황형(PMS)_초코퐁당출시 (KR1) (봄님),[26.09]F_V_PN초_전환_초코퐁당출시_소비자상황형_님스초코컵BP.KR1_main.릴스_PMS.규모감.(재).X_2P_권미정_260922_제과_이봄1,5006,51,24259.0,5
2026-09-27,[제과_초코퐁당] 26.09_초코퐁당출시_수동_전환_video_전체타겟,(0918)소비자상황형(PMS)_초코퐁당출시 (KR1) (봄님),[26.09]F_V_PN초_전환_초코퐁당출시_소비자상황형_님스초코컵BP.KR1_var1.릴스_PMS.생초코연상.(재).X_2P_권미정_260922_제과_이봄1,1585,6,9154.0,1
2026-09-27,[제과_초코퐁당] 26.09_초코퐁당출시_수동_전환_video_전체타겟,(0923) 지인네고형_초코퐁당출시 (KR1) (재은님),[26.09]F_V_PN초_전환_초코퐁당출시_네고형_지인네고형.KR1_main.릴스_메인.X_1P_권미정_260923_제과_피재은,5111,65,77749.0,5
2026-09-27,[제과_초코퐁당] 26.09_초코퐁당출시_수동_전환_video_전체타겟,(0923) 지인네고형_초코퐁당출시 (KR1) (재은님),[26.09]F_V_PN초_전환_초코퐁당출시_네고형_지인네고형.KR1_var3.릴스_다이어트.X_1P_권미정_260923_제과_피재은,3533,32,35621.0,2
2026-09-27,[제과_초코퐁당] 26.09_초코퐁당출시_수동_전환_video_전체타겟,(0923) 지인네고형_초코퐁당출시 (KR1) (재은님),[26.09]F_V_PN초_전환_초코퐁당출시_네고형_지인네고형.KR1_var4.릴스_로이스.X_1P_권미정_260923_제과_피재은,3773,34,51191.0,3
2026-09-27,[제과_초코퐁당] 26.09_초코퐁당출시_수동_전환_video_전체타겟,(0923) 지인네고형_초코퐁당출시 (KR1) (재은님),[26.09]F_V_PN초_전환_초코퐁당출시_네고형_지인네고형.KR1_var1.릴스_살안찌는.X_1P_권미정_260923_제과_피재은,1762,28,28032.0,2
2026-09-27,[제과_초코퐁당] 26.09_초코퐁당출시_수동_전환_video_전체타겟,(0923) 지인네고형_초코퐁당출시 (KR1) (재은님),[26.09]F_V_PN초_전환_초코퐁당출시_네고형_지인네고형.KR1_var2.릴스_생초코.X_1P_권미정_260923_제과_피재은,4792,75,80276.0,10
2026-09-27,[제과_초코퐁당] 26.09_초코퐁당출시_수동_전환_video_전체타겟,(0923) 책상네고형_초코퐁당출시 (KR1) (봄님),[26.09]F_V_PN초_전환_초코퐁당출시_네고형_책상네고형.KR1_main.릴스_기본.X_2P_권미정_260923_제과_이봄1,37450,486,307662.0,25
2026-09-27,[제과_초코퐁당] 26.09_초코퐁당출시_수동_전환_video_전체타겟,(0923) 책상네고형_초코퐁당출시 (KR1) (봄님),[26.09]F_V_PN초_전환_초코퐁당출시_네고형_책상네고형.KR1_var1.릴스_다이어터커뮤.X_2P_권미정_260923_제과_이봄1,2655,16,27992.0,0
2026-09-23,[제과_블트하] 26.07_블트깡출시_수동_전환_video_전체타겟,0807_인덕션BP_블트칩출시 (KR1),[26.08]F_V_BT칩_전환_블트칩출시_신규BP_인덕션BP.KR1_var1.릴스_주변인정.X_1P_김소희_260807_제과_이봄1,152,2,3982.0,1
2026-09-24,[제과_블트하] 26.07_블트깡출시_수동_전환_video_전체타겟,0807_인덕션BP_블트칩출시 (KR1),[26.08]F_V_BT칩_전환_블트칩출시_신규BP_인덕션BP.KR1_var1.릴스_주변인정.X_1P_김소희_260807_제과_이봄1,9,0,133.0,0
2026-09-25,[제과_블트하] 26.07_블트깡출시_수동_전환_video_전체타겟,0807_인덕션BP_블트칩출시 (KR1),[26.08]F_V_BT칩_전환_블트칩출시_신규BP_인덕션BP.KR1_var1.릴스_주변인정.X_1P_김소희_260807_제과_이봄1,21,0,500.0,0
2026-09-26,[제과_블트하] 26.07_블트깡출시_수동_전환_video_전체타겟,0807_인덕션BP_블트칩출시 (KR1),[26.08]F_V_BT칩_전환_블트칩출시_신규BP_인덕션BP.KR1_var1.릴스_주변인정.X_1P_김소희_260807_제과_이봄1,189,6,5836.0,0
2026-09-27,[제과_블트하] 26.07_블트깡출시_수동_전환_video_전체타겟,0807_인덕션BP_블트칩출시 (KR1),[26.08]F_V_BT칩_전환_블트칩출시_신규BP_인덕션BP.KR1_var1.릴스_주변인정.X_1P_김소희_260807_제과_이봄1,567,11,14295.0,0
2026-09-23,(마스터ASC)[제과_블트하] 26.07_블트깡출시_ASC_전환_video,(마스터ASC)[제과_블트하] 26.07_블트깡출시_ASC_전환_video,[26.07]F_V_BT깡_전환_블트깡출시_쩜오건_대세감실체.KR1_var2.릴스_여배우유튜브.X_1P_김소희_260715_제과_문형민,5,0,72.0,0
2026-09-23,(마스터ASC)[제과_블트하] 26.07_블트깡출시_ASC_전환_video,(마스터ASC)[제과_블트하] 26.07_블트깡출시_ASC_전환_video,[26.08]F_V_BT칩_전환_블트칩출시_쩜오건_시즈닝강조.이국주.KR1_var5.릴스_블트칩.메인.슬기.X_1P__260820_제과_문형민,1,0,5.0,0
2026-09-23,[제과_블트하] 26.07_블트깡출시_수동_전환_video_전체타겟,0821_직원네고형_블트칩출시 (이국주) (KR1),[26.08]F_V_BT칩_전환_블트칩출시_네고형_직원네고형.이국주.KR1_var1.릴스_ver1.시즈닝강조.슬기.X_1P__260821_제과_문형민,1540,34,25374.0,2
2026-09-23,(마스터ASC)[제과_블트하] 26.07_블트깡출시_ASC_전환_video,(마스터ASC)[제과_블트하] 26.07_블트깡출시_ASC_전환_video,[26.09]F_V_BT칩_전환_블트깡출시_쩜오건_나폴리맛피아.KR2_var1.릴스_이태리.슬기.X_1P__260901_제과_피재은,1,1,15.0,0
2026-09-24,(마스터ASC)[제과_블트하] 26.07_블트깡출시_ASC_전환_video,(마스터ASC)[제과_블트하] 26.07_블트깡출시_ASC_전환_video,[26.07]F_V_BT깡_전환_블트깡출시_쩜오건_대세감실체.KR1_var2.릴스_여배우유튜브.X_1P_김소희_260715_제과_문형민,86,1,1302.0,0
2026-09-24,(마스터ASC)[제과_블트하] 26.07_블트깡출시_ASC_전환_video,(마스터ASC)[제과_블트하] 26.07_블트깡출시_ASC_전환_video,[26.08]F_V_BT칩_전환_블트칩출시_신규BP_아린이네BP.KR1_var1.릴스_공구형.페인포인트.가격.X_2P_최나영_260811_제과_윤성미,3,1,53.0,0
2026-09-24,(마스터ASC)[제과_블트하] 26.07_블트깡출시_ASC_전환_video,(마스터ASC)[제과_블트하] 26.07_블트깡출시_ASC_전환_video,[26.08]F_V_BT칩_전환_블트칩출시_쩜오건_시즈닝강조.이국주.KR1_var5.릴스_블트칩.메인.슬기.X_1P__260820_제과_문형민,20,0,128.0,0
2026-09-24,[제과_블트하] 26.07_블트깡출시_수동_전환_video_전체타겟,0821_직원네고형_블트칩출시 (이국주) (KR1),[26.08]F_V_BT칩_전환_블트칩출시_네고형_직원네고형.이국주.KR1_var1.릴스_ver1.시즈닝강조.슬기.X_1P__260821_제과_문형민,954,15,15352.0,0
2026-09-24,(마스터ASC)[제과_블트하] 26.07_블트깡출시_ASC_전환_video,(마스터ASC)[제과_블트하] 26.07_블트깡출시_ASC_전환_video,[26.09]F_V_BT칩_전환_블트깡출시_신규BP_베이직BP.나폴리맛피아.KR1_var5.릴스_맛피아실체2.X_1P__260901_제과_문형민,3,0,48.0,0
2026-09-24,(마스터ASC)[제과_블트하] 26.07_블트깡출시_ASC_전환_video,(마스터ASC)[제과_블트하] 26.07_블트깡출시_ASC_전환_video,[26.09]F_V_BT칩_전환_블트깡출시_쩜오건_나폴리맛피아.KR2_var1.릴스_이태리.슬기.X_1P__260901_제과_피재은,25,0,588.0,0
2026-09-25,(마스터ASC)[제과_블트하] 26.07_블트깡출시_ASC_전환_video,(마스터ASC)[제과_블트하] 26.07_블트깡출시_ASC_전환_video,[26.07]F_V_BT깡_전환_블트깡출시_쩜오건_대세감실체.KR1_var2.릴스_여배우유튜브.X_1P_김소희_260715_제과_문형민,13,1,176.0,0
2026-09-25,(마스터ASC)[제과_블트하] 26.07_블트깡출시_ASC_전환_video,(마스터ASC)[제과_블트하] 26.07_블트깡출시_ASC_전환_video,[26.08]F_V_BT칩_전환_블트칩출시_쩜오건_시즈닝강조.이국주.KR1_var5.릴스_블트칩.메인.슬기.X_1P__260820_제과_문형민,159,1,1481.0,0
2026-09-25,[제과_블트하] 26.07_블트깡출시_수동_전환_video_전체타겟,0821_직원네고형_블트칩출시 (이국주) (KR1),[26.08]F_V_BT칩_전환_블트칩출시_네고형_직원네고형.이국주.KR1_var1.릴스_ver1.시즈닝강조.슬기.X_1P__260821_제과_문형민,1387,33,21778.0,1
2026-09-25,(마스터ASC)[제과_블트하] 26.07_블트깡출시_ASC_전환_video,(마스터ASC)[제과_블트하] 26.07_블트깡출시_ASC_전환_video,[26.09]F_V_BT칩_전환_블트깡출시_신규BP_베이직BP.나폴리맛피아.KR1_var5.릴스_맛피아실체2.X_1P__260901_제과_문형민,35,1,453.0,0
2026-09-25,(마스터ASC)[제과_블트하] 26.07_블트깡출시_ASC_전환_video,(마스터ASC)[제과_블트하] 26.07_블트깡출시_ASC_전환_video,[26.09]F_V_BT칩_전환_블트깡출시_쩜오건_나폴리맛피아.KR2_var1.릴스_이태리.슬기.X_1P__260901_제과_피재은,11,0,66.0,0
2026-09-26,(마스터ASC)[제과_블트하] 26.07_블트깡출시_ASC_전환_video,(마스터ASC)[제과_블트하] 26.07_블트깡출시_ASC_전환_video,[26.07]F_V_BT깡_전환_블트깡출시_쩜오건_대세감실체.KR1_var2.릴스_여배우유튜브.X_1P_김소희_260715_제과_문형민,316,1,3289.0,0
2026-09-26,(마스터ASC)[제과_블트하] 26.07_블트깡출시_ASC_전환_video,(마스터ASC)[제과_블트하] 26.07_블트깡출시_ASC_전환_video,[26.08]F_V_BT칩_전환_블트칩출시_신규BP_아린이네BP.KR1_var1.릴스_공구형.페인포인트.가격.X_2P_최나영_260811_제과_윤성미,5,0,54.0,0
2026-09-26,(마스터ASC)[제과_블트하] 26.07_블트깡출시_ASC_전환_video,(마스터ASC)[제과_블트하] 26.07_블트깡출시_ASC_전환_video,[26.08]F_V_BT칩_전환_블트칩출시_쩜오건_시즈닝강조.이국주.KR1_var5.릴스_블트칩.메인.슬기.X_1P__260820_제과_문형민,148,1,1278.0,0
2026-09-26,(마스터ASC)[제과_블트하] 26.07_블트깡출시_ASC_전환_video,(마스터ASC)[제과_블트하] 26.07_블트깡출시_ASC_전환_video,[26.09]F_V_BT칩_전환_블트깡출시_신규BP_베이직BP.나폴리맛피아.KR1_var5.릴스_맛피아실체2.X_1P__260901_제과_문형민,128,3,2202.0,0
2026-09-26,(마스터ASC)[제과_블트하] 26.07_블트깡출시_ASC_전환_video,(마스터ASC)[제과_블트하] 26.07_블트깡출시_ASC_전환_video,[26.09]F_V_BT칩_전환_블트깡출시_쩜오건_나폴리맛피아.KR2_var1.릴스_이태리.슬기.X_1P__260901_제과_피재은,99,1,2026.0,0
2026-09-27,(마스터ASC)[제과_블트하] 26.07_블트깡출시_ASC_전환_video,(마스터ASC)[제과_블트하] 26.07_블트깡출시_ASC_전환_video,[26.07]F_V_BT깡_전환_블트깡출시_쩜오건_대세감실체.KR1_var2.릴스_여배우유튜브.X_1P_김소희_260715_제과_문형민,83,0,1063.0,0
2026-09-27,(마스터ASC)[제과_블트하] 26.07_블트깡출시_ASC_전환_video,(마스터ASC)[제과_블트하] 26.07_블트깡출시_ASC_전환_video,[26.08]F_V_BT칩_전환_블트칩출시_쩜오건_시즈닝강조.이국주.KR1_var5.릴스_블트칩.메인.슬기.X_1P__260820_제과_문형민,66,2,888.0,0
2026-09-27,(마스터ASC)[제과_블트하] 26.07_블트깡출시_ASC_전환_video,(마스터ASC)[제과_블트하] 26.07_블트깡출시_ASC_전환_video,[26.09]F_V_BT칩_전환_블트깡출시_신규BP_베이직BP.나폴리맛피아.KR1_var5.릴스_맛피아실체2.X_1P__260901_제과_문형민,58,1,1141.0,0
2026-09-27,(마스터ASC)[제과_블트하] 26.07_블트깡출시_ASC_전환_video,(마스터ASC)[제과_블트하] 26.07_블트깡출시_ASC_전환_video,[26.09]F_V_BT칩_전환_블트깡출시_쩜오건_나폴리맛피아.KR2_var1.릴스_이태리.슬기.X_1P__260901_제과_피재은,30,0,419.0,0
2026-09-23,(마스터ASC)[제과_블트하] 26.07_블트깡출시_ASC_전환_video,(마스터ASC)[제과_블트하] 26.07_블트깡출시_ASC_전환_video,[26.08]F_V_BT깡_전환_블트깡출시_쩜오건_시즈닝강조.이국주.KR1_main.릴스_블트깡.메인.슬기.X_1P__260820_제과_문형민,9,0,99.0,0
2026-09-23,[칩] (마스터ASC)[제과_블트하] 26.07_블트칩출시_ASC_전환_video,[칩] (마스터ASC)[제과_블트하] 26.07_블트칩출시_ASC_전환_video,[26.08]F_V_BT칩_전환_블트칩출시_신규BP_도리토스BP.이국주.KR2_var2.릴스_이국주.X_2P_김소희_260821_제과_이봄1,12,0,231.0,0
2026-09-23,[제과_블트하] 26.07_블트깡출시_수동_전환_video_전체타겟,0828_재원님재편집_블트칩출시 (맛피아) (신규KR),[26.09]F_V_BT칩_전환_블트깡출시_기타_배너.메시지검증_var2.배너_가격.1안.X_2P__260901_제과_최재원,1,0,16.0,0
2026-09-24,(마스터ASC)[제과_블트하] 26.07_블트깡출시_ASC_전환_video,(마스터ASC)[제과_블트하] 26.07_블트깡출시_ASC_전환_video,[26.08]F_V_BT칩_전환_블트칩출시_신규BP_인덕션BP.KR1_var2.릴스_돈안아까움.X_1P_김소희_260807_제과_이봄1,19,0,277.0,0
2026-09-24,(마스터ASC)[제과_블트하] 26.07_블트깡출시_ASC_전환_video,(마스터ASC)[제과_블트하] 26.07_블트깡출시_ASC_전환_video,[26.08]F_V_BT칩_전환_블트칩출시_신규BP_아린이네BP.KR1_var2.릴스_공구형.페인포인트.고구성.X_2P_최나영_260811_제과_윤성미,8,0,310.0,0
2026-09-24,(마스터ASC)[제과_블트하] 26.07_블트깡출시_ASC_전환_video,(마스터ASC)[제과_블트하] 26.07_블트깡출시_ASC_전환_video,[26.08]F_V_BT깡_전환_블트깡출시_혜택희소성_유인맨즈BP.이국주.KR1_main.릴스_메인.슬기.X_1P_최나영_260818_제과_피재은,44,2,725.0,0
2026-09-24,(마스터ASC)[제과_블트하] 26.07_블트깡출시_ASC_전환_video,(마스터ASC)[제과_블트하] 26.07_블트깡출시_ASC_전환_video,[26.08]F_V_BT깡_전환_블트깡출시_쩜오건_시즈닝강조.이국주.KR1_main.릴스_블트깡.메인.슬기.X_1P__260820_제과_문형민,15,0,186.0,0
2026-09-24,[칩] (마스터ASC)[제과_블트하] 26.07_블트칩출시_ASC_전환_video,[칩] (마스터ASC)[제과_블트하] 26.07_블트칩출시_ASC_전환_video,[26.08]F_V_BT칩_전환_블트칩출시_신규BP_도리토스BP.이국주.KR2_var2.릴스_이국주.X_2P_김소희_260821_제과_이봄1,10,1,346.0,0
2026-09-25,(마스터ASC)[제과_블트하] 26.07_블트깡출시_ASC_전환_video,(마스터ASC)[제과_블트하] 26.07_블트깡출시_ASC_전환_video,[26.08]F_V_BT칩_전환_블트칩출시_신규BP_인덕션BP.KR1_var2.릴스_돈안아까움.X_1P_김소희_260807_제과_이봄1,2,0,7.0,0
2026-09-25,(마스터ASC)[제과_블트하] 26.07_블트깡출시_ASC_전환_video,(마스터ASC)[제과_블트하] 26.07_블트깡출시_ASC_전환_video,[26.08]F_V_BT칩_전환_블트칩출시_신규BP_아린이네BP.KR1_var2.릴스_공구형.페인포인트.고구성.X_2P_최나영_260811_제과_윤성미,2,0,22.0,0
2026-09-25,(마스터ASC)[제과_블트하] 26.07_블트깡출시_ASC_전환_video,(마스터ASC)[제과_블트하] 26.07_블트깡출시_ASC_전환_video,[26.08]F_V_BT깡_전환_블트깡출시_혜택희소성_유인맨즈BP.이국주.KR1_main.릴스_메인.슬기.X_1P_최나영_260818_제과_피재은,32,1,277.0,0
2026-09-25,(마스터ASC)[제과_블트하] 26.07_블트깡출시_ASC_전환_video,(마스터ASC)[제과_블트하] 26.07_블트깡출시_ASC_전환_video,[26.08]F_V_BT깡_전환_블트깡출시_쩜오건_시즈닝강조.이국주.KR1_main.릴스_블트깡.메인.슬기.X_1P__260820_제과_문형민,9,1,66.0,0
2026-09-25,[칩] (마스터ASC)[제과_블트하] 26.07_블트칩출시_ASC_전환_video,[칩] (마스터ASC)[제과_블트하] 26.07_블트칩출시_ASC_전환_video,[26.08]F_V_BT칩_전환_블트칩출시_신규BP_도리토스BP.이국주.KR2_var2.릴스_이국주.X_2P_김소희_260821_제과_이봄1,22,0,298.0,0
2026-09-26,(마스터ASC)[제과_블트하] 26.07_블트깡출시_ASC_전환_video,(마스터ASC)[제과_블트하] 26.07_블트깡출시_ASC_전환_video,[26.08]F_V_BT칩_전환_블트칩출시_신규BP_인덕션BP.KR1_var2.릴스_돈안아까움.X_1P_김소희_260807_제과_이봄1,40,0,703.0,1
2026-09-26,(마스터ASC)[제과_블트하] 26.07_블트깡출시_ASC_전환_video,(마스터ASC)[제과_블트하] 26.07_블트깡출시_ASC_전환_video,[26.08]F_V_BT칩_전환_블트칩출시_신규BP_아린이네BP.KR1_var2.릴스_공구형.페인포인트.고구성.X_2P_최나영_260811_제과_윤성미,7,0,106.0,0
2026-09-26,(마스터ASC)[제과_블트하] 26.07_블트깡출시_ASC_전환_video,(마스터ASC)[제과_블트하] 26.07_블트깡출시_ASC_전환_video,[26.08]F_V_BT깡_전환_블트깡출시_혜택희소성_유인맨즈BP.이국주.KR1_main.릴스_메인.슬기.X_1P_최나영_260818_제과_피재은,736,12,7449.0,1
2026-09-26,(마스터ASC)[제과_블트하] 26.07_블트깡출시_ASC_전환_video,(마스터ASC)[제과_블트하] 26.07_블트깡출시_ASC_전환_video,[26.08]F_V_BT깡_전환_블트깡출시_쩜오건_시즈닝강조.이국주.KR1_main.릴스_블트깡.메인.슬기.X_1P__260820_제과_문형민,83,0,1212.0,0
2026-09-26,[칩] (마스터ASC)[제과_블트하] 26.07_블트칩출시_ASC_전환_video,[칩] (마스터ASC)[제과_블트하] 26.07_블트칩출시_ASC_전환_video,[26.08]F_V_BT칩_전환_블트칩출시_신규BP_도리토스BP.이국주.KR2_var2.릴스_이국주.X_2P_김소희_260821_제과_이봄1,4,0,66.0,0
2026-09-27,(마스터ASC)[제과_블트하] 26.07_블트깡출시_ASC_전환_video,(마스터ASC)[제과_블트하] 26.07_블트깡출시_ASC_전환_video,[26.08]F_V_BT칩_전환_블트칩출시_신규BP_인덕션BP.KR1_var2.릴스_돈안아까움.X_1P_김소희_260807_제과_이봄1,30,2,608.0,0
2026-09-27,(마스터ASC)[제과_블트하] 26.07_블트깡출시_ASC_전환_video,(마스터ASC)[제과_블트하] 26.07_블트깡출시_ASC_전환_video,[26.08]F_V_BT칩_전환_블트칩출시_신규BP_아린이네BP.KR1_var2.릴스_공구형.페인포인트.고구성.X_2P_최나영_260811_제과_윤성미,8,0,377.0,0
2026-09-27,(마스터ASC)[제과_블트하] 26.07_블트깡출시_ASC_전환_video,(마스터ASC)[제과_블트하] 26.07_블트깡출시_ASC_전환_video,[26.08]F_V_BT깡_전환_블트깡출시_혜택희소성_유인맨즈BP.이국주.KR1_main.릴스_메인.슬기.X_1P_최나영_260818_제과_피재은,674,8,7143.0,0
2026-09-27,(마스터ASC)[제과_블트하] 26.07_블트깡출시_ASC_전환_video,(마스터ASC)[제과_블트하] 26.07_블트깡출시_ASC_전환_video,[26.08]F_V_BT깡_전환_블트깡출시_쩜오건_시즈닝강조.이국주.KR1_main.릴스_블트깡.메인.슬기.X_1P__260820_제과_문형민,12,0,179.0,0
2026-09-23,(마스터ASC)[제과_블트하] 26.07_블트깡출시_ASC_전환_video,(마스터ASC)[제과_블트하] 26.07_블트깡출시_ASC_전환_video,[26.08]F_V_BT깡_전환_블트깡출시_라이브커머스형_라이브커머스형.KR1_var11.릴스_가격강조.최저가.슬기.X_1P_김소희_260812_제과_피재은,1,0,5.0,0
2026-09-23,[990딜] [제과_블트하] 26.07_블트하990딜_수동_전환_video/image_전체타겟,0921_서연님_블트하990딜,[26.09]F_I_BT혼_전환_블트하990딜_혜택강조형_맛피아_.배너_대세감.2분할.__김소희_260921_제과_박서연,187,0,2171.0,0
2026-09-23,[990딜] [제과_블트하] 26.07_블트하990딜_수동_전환_video/image_전체타겟,0921_서연님_블트하990딜,[26.09]F_I_BT혼_전환_블트하990딜_혜택강조형_맛피아_.배너_대세감.100원도안해요.__김소희_260921_제과_박서연,1679,39,27110.0,1
2026-09-23,[990딜] [제과_블트하] 26.07_블트하990딜_수동_전환_video/image_전체타겟,0921_서연님_블트하990딜,[26.09]F_I_BT혼_전환_블트하990딜_혜택강조형_맛피아_.배너_할인명분.찐최저가로할인하재요.__김소희_260921_제과_박서연,538,5,6890.0,0
2026-09-23,[990딜] [제과_블트하] 26.07_블트하990딜_수동_전환_video/image_전체타겟,0921_서연님_블트하990딜,[26.09]F_I_BT혼_전환_블트하990딜_혜택강조형_맛피아_.배너_할인명분.맛피아가.__김소희_260921_제과_박서연,1406,37,20593.0,2
2026-09-23,[990딜] [제과_블트하] 26.07_블트하990딜_수동_전환_video/image_전체타겟,0921_서연님_블트하990딜,[26.09]F_I_BT혼_전환_블트하990딜_혜택강조형_맛피아_.배너_대세감.딱7일만.__김소희_260921_제과_박서연,57,0,1645.0,0
2026-09-23,[990딜] [제과_블트하] 26.07_블트하990딜_수동_전환_video/image_전체타겟,0921_서연님_블트하990딜,[26.09]F_I_BT혼_전환_블트하990딜_혜택강조형_맛피아_.배너_대세감.공지문.__김소희_260921_제과_박서연,273,5,4080.0,0
2026-09-23,[990딜] [제과_블트하] 26.07_블트하990딜_수동_전환_video/image_전체타겟,0921_서연님_블트하990딜,[26.09]F_I_BT혼_전환_블트하990딜_혜택강조형_맛피아_.배너_할인명분.낋여왔어요.__김소희_260921_제과_박서연,17,0,396.0,0
2026-09-23,[990딜] [제과_블트하] 26.07_블트하990딜_수동_전환_video/image_전체타겟,0921_서연님_블트하990딜,[26.09]F_I_BT혼_전환_블트하990딜_혜택강조형_맛피아_.배너_할인명분.100원=한봉지.__김소희_260921_제과_박서연,22,1,829.0,0
2026-09-23,[990딜] [제과_블트하] 26.07_블트하990딜_수동_전환_video/image_전체타겟,0921_서연님_블트하990딜,[26.09]F_I_BT혼_전환_블트하990딜_혜택강조형_맛피아_.릴스_대세감.타이머.__김소희_260921_제과_박서연,151,4,4088.0,0
2026-09-23,[990딜] [제과_블트하] 26.07_블트하990딜_수동_전환_video/image_전체타겟,0921_수정님_블트하990딜,[26.09]F_I_BT혼_전환_블트하990딜_혜택강조형_KR1_.배너_기간한정.올해처음이자마지막.__김소희_260921_제과_김수정,354,3,6087.0,0
2026-09-23,[990딜] [제과_블트하] 26.07_블트하990딜_수동_전환_video/image_전체타겟,0921_수정님_블트하990딜,[26.09]F_I_BT혼_전환_블트하990딜_혜택강조형_맛피아.KR1_.배너_기간한정.죄송합니다.__김소희_260921_제과_김수정,205,4,4285.0,0
2026-09-23,[990딜] [제과_블트하] 26.07_블트하990딜_수동_전환_video/image_전체타겟,0921_수정님_블트하990딜,[26.09]F_I_BT혼_전환_블트하990딜_혜택강조형_KR1_.배너_혜택희소성.오늘의특가.__김소희_260921_제과_김수정,937,13,12779.0,1
2026-09-23,[990딜] [제과_블트하] 26.07_블트하990딜_수동_전환_video/image_전체타겟,0921_수정님_블트하990딜,[26.09]F_I_BT혼_전환_블트하990딜_혜택강조형_KR1_.배너_가치가격대비.역대급혜자구성.__김소희_260921_제과_김수정,167,2,4109.0,0
2026-09-23,[990딜] [제과_블트하] 26.07_블트하990딜_수동_전환_video/image_전체타겟,0921_수정님_블트하990딜,[26.09]F_I_BT혼_전환_블트하990딜_혜택강조형_KR1_.배너_파격할인.일단사세요.__김소희_260921_제과_김수정,248,0,4776.0,0
2026-09-23,[990딜] [제과_블트하] 26.07_블트하990딜_수동_전환_video/image_전체타겟,0921_수정님_블트하990딜,[26.09]F_I_BT혼_전환_블트하990딜_혜택강조형_맛피아.KR1_.배너_기간한정.기다려도.__김소희_260921_제과_김수정,4,0,146.0,0
2026-09-23,[990딜] [제과_블트하] 26.07_블트하990딜_수동_전환_video/image_전체타겟,0921_수정님_블트하990딜,[26.09]F_I_BT혼_전환_블트하990딜_혜택강조형_맛피아.KR1_.릴스_파격할인.딱오늘만.__김소희_260921_제과_김수정,43,0,875.0,0
2026-09-24,(마스터ASC)[제과_블트하] 26.07_블트깡출시_ASC_전환_video,(마스터ASC)[제과_블트하] 26.07_블트깡출시_ASC_전환_video,[26.08]F_V_BT깡_전환_블트깡출시_라이브커머스형_라이브커머스형.KR1_var11.릴스_가격강조.최저가.슬기.X_1P_김소희_260812_제과_피재은,54,1,434.0,0
2026-09-24,(마스터ASC)[제과_블트하] 26.07_블트깡출시_ASC_전환_video,(마스터ASC)[제과_블트하] 26.07_블트깡출시_ASC_전환_video,[26.09]F_V_BT깡_전환_블트깡출시_쩜오건_나폴리맛피아.KR1_var1.릴스_맛피아.슬기.X_1P__260901_제과_문형민,3,0,52.0,0
2026-09-24,[990딜] [제과_블트하] 26.07_블트하990딜_수동_전환_video/image_전체타겟,0921_서연님_블트하990딜,[26.09]F_I_BT혼_전환_블트하990딜_혜택강조형_맛피아_.배너_대세감.2분할.__김소희_260921_제과_박서연,8,1,94.0,0
2026-09-24,[990딜] [제과_블트하] 26.07_블트하990딜_수동_전환_video/image_전체타겟,0921_서연님_블트하990딜,[26.09]F_I_BT혼_전환_블트하990딜_혜택강조형_맛피아_.배너_대세감.100원도안해요.__김소희_260921_제과_박서연,724,16,11910.0,1
2026-09-24,[990딜] [제과_블트하] 26.07_블트하990딜_수동_전환_video/image_전체타겟,0921_서연님_블트하990딜,[26.09]F_I_BT혼_전환_블트하990딜_혜택강조형_맛피아_.배너_할인명분.찐최저가로할인하재요.__김소희_260921_제과_박서연,57,0,697.0,0
2026-09-24,[990딜] [제과_블트하] 26.07_블트하990딜_수동_전환_video/image_전체타겟,0921_서연님_블트하990딜,[26.09]F_I_BT혼_전환_블트하990딜_혜택강조형_맛피아_.배너_할인명분.맛피아가.__김소희_260921_제과_박서연,479,16,7471.0,0
2026-09-24,[990딜] [제과_블트하] 26.07_블트하990딜_수동_전환_video/image_전체타겟,0921_서연님_블트하990딜,[26.09]F_I_BT혼_전환_블트하990딜_혜택강조형_맛피아_.배너_대세감.딱7일만.__김소희_260921_제과_박서연,4,0,21.0,0
2026-09-24,[990딜] [제과_블트하] 26.07_블트하990딜_수동_전환_video/image_전체타겟,0921_서연님_블트하990딜,[26.09]F_I_BT혼_전환_블트하990딜_혜택강조형_맛피아_.배너_대세감.공지문.__김소희_260921_제과_박서연,36,1,453.0,0
2026-09-24,[990딜] [제과_블트하] 26.07_블트하990딜_수동_전환_video/image_전체타겟,0921_서연님_블트하990딜,[26.09]F_I_BT혼_전환_블트하990딜_혜택강조형_맛피아_.배너_할인명분.낋여왔어요.__김소희_260921_제과_박서연,9,1,174.0,0
2026-09-24,[990딜] [제과_블트하] 26.07_블트하990딜_수동_전환_video/image_전체타겟,0921_서연님_블트하990딜,[26.09]F_I_BT혼_전환_블트하990딜_혜택강조형_맛피아_.배너_할인명분.100원=한봉지.__김소희_260921_제과_박서연,4,0,64.0,0
2026-09-24,[990딜] [제과_블트하] 26.07_블트하990딜_수동_전환_video/image_전체타겟,0921_서연님_블트하990딜,[26.09]F_I_BT혼_전환_블트하990딜_혜택강조형_맛피아_.릴스_대세감.타이머.__김소희_260921_제과_박서연,12,0,238.0,0
2026-09-24,[990딜] [제과_블트하] 26.07_블트하990딜_수동_전환_video/image_전체타겟,0921_수정님_블트하990딜,[26.09]F_I_BT혼_전환_블트하990딜_혜택강조형_KR1_.배너_기간한정.올해처음이자마지막.__김소희_260921_제과_김수정,13,0,513.0,0
2026-09-24,[990딜] [제과_블트하] 26.07_블트하990딜_수동_전환_video/image_전체타겟,0921_수정님_블트하990딜,[26.09]F_I_BT혼_전환_블트하990딜_혜택강조형_맛피아.KR1_.배너_기간한정.죄송합니다.__김소희_260921_제과_김수정,407,11,7331.0,1
2026-09-24,[990딜] [제과_블트하] 26.07_블트하990딜_수동_전환_video/image_전체타겟,0921_수정님_블트하990딜,[26.09]F_I_BT혼_전환_블트하990딜_혜택강조형_KR1_.배너_혜택희소성.오늘의특가.__김소희_260921_제과_김수정,595,2,6147.0,0
2026-09-24,[990딜] [제과_블트하] 26.07_블트하990딜_수동_전환_video/image_전체타겟,0921_수정님_블트하990딜,[26.09]F_I_BT혼_전환_블트하990딜_혜택강조형_KR1_.배너_가치가격대비.역대급혜자구성.__김소희_260921_제과_김수정,66,2,2023.0,0
2026-09-24,[990딜] [제과_블트하] 26.07_블트하990딜_수동_전환_video/image_전체타겟,0921_수정님_블트하990딜,[26.09]F_I_BT혼_전환_블트하990딜_혜택강조형_KR1_.배너_파격할인.일단사세요.__김소희_260921_제과_김수정,63,1,958.0,0
2026-09-24,[990딜] [제과_블트하] 26.07_블트하990딜_수동_전환_video/image_전체타겟,0921_수정님_블트하990딜,[26.09]F_I_BT혼_전환_블트하990딜_혜택강조형_맛피아.KR1_.배너_기간한정.기다려도.__김소희_260921_제과_김수정,3,0,18.0,0
2026-09-24,[990딜] [제과_블트하] 26.07_블트하990딜_수동_전환_video/image_전체타겟,0921_수정님_블트하990딜,[26.09]F_I_BT혼_전환_블트하990딜_혜택강조형_맛피아.KR1_.릴스_파격할인.딱오늘만.__김소희_260921_제과_김수정,3,0,34.0,0
2026-09-25,(마스터ASC)[제과_블트하] 26.07_블트깡출시_ASC_전환_video,(마스터ASC)[제과_블트하] 26.07_블트깡출시_ASC_전환_video,[26.08]F_V_BT깡_전환_블트깡출시_라이브커머스형_라이브커머스형.KR1_var11.릴스_가격강조.최저가.슬기.X_1P_김소희_260812_제과_피재은,65,1,888.0,0
2026-09-25,(마스터ASC)[제과_블트하] 26.07_블트깡출시_ASC_전환_video,(마스터ASC)[제과_블트하] 26.07_블트깡출시_ASC_전환_video,[26.09]F_V_BT깡_전환_블트깡출시_쩜오건_나폴리맛피아.KR1_var1.릴스_맛피아.슬기.X_1P__260901_제과_문형민,5,0,26.0,0
2026-09-25,[990딜] [제과_블트하] 26.07_블트하990딜_수동_전환_video/image_전체타겟,0921_서연님_블트하990딜,[26.09]F_I_BT혼_전환_블트하990딜_혜택강조형_맛피아_.배너_대세감.2분할.__김소희_260921_제과_박서연,3,0,48.0,0
2026-09-25,[990딜] [제과_블트하] 26.07_블트하990딜_수동_전환_video/image_전체타겟,0921_서연님_블트하990딜,[26.09]F_I_BT혼_전환_블트하990딜_혜택강조형_맛피아_.배너_대세감.100원도안해요.__김소희_260921_제과_박서연,703,16,11470.0,0
2026-09-25,[990딜] [제과_블트하] 26.07_블트하990딜_수동_전환_video/image_전체타겟,0921_서연님_블트하990딜,[26.09]F_I_BT혼_전환_블트하990딜_혜택강조형_맛피아_.배너_할인명분.찐최저가로할인하재요.__김소희_260921_제과_박서연,61,2,767.0,0
2026-09-25,[990딜] [제과_블트하] 26.07_블트하990딜_수동_전환_video/image_전체타겟,0921_서연님_블트하990딜,[26.09]F_I_BT혼_전환_블트하990딜_혜택강조형_맛피아_.배너_할인명분.맛피아가.__김소희_260921_제과_박서연,2983,54,40119.0,3
2026-09-25,[990딜] [제과_블트하] 26.07_블트하990딜_수동_전환_video/image_전체타겟,0921_서연님_블트하990딜,[26.09]F_I_BT혼_전환_블트하990딜_혜택강조형_맛피아_.배너_대세감.딱7일만.__김소희_260921_제과_박서연,15,0,282.0,0
2026-09-25,[990딜] [제과_블트하] 26.07_블트하990딜_수동_전환_video/image_전체타겟,0921_서연님_블트하990딜,[26.09]F_I_BT혼_전환_블트하990딜_혜택강조형_맛피아_.배너_대세감.공지문.__김소희_260921_제과_박서연,31,0,278.0,0
2026-09-25,[990딜] [제과_블트하] 26.07_블트하990딜_수동_전환_video/image_전체타겟,0921_서연님_블트하990딜,[26.09]F_I_BT혼_전환_블트하990딜_혜택강조형_맛피아_.배너_할인명분.낋여왔어요.__김소희_260921_제과_박서연,3,0,284.0,0
2026-09-25,[990딜] [제과_블트하] 26.07_블트하990딜_수동_전환_video/image_전체타겟,0921_서연님_블트하990딜,[26.09]F_I_BT혼_전환_블트하990딜_혜택강조형_맛피아_.배너_할인명분.100원=한봉지.__김소희_260921_제과_박서연,9,0,59.0,0
2026-09-25,[990딜] [제과_블트하] 26.07_블트하990딜_수동_전환_video/image_전체타겟,0921_서연님_블트하990딜,[26.09]F_I_BT혼_전환_블트하990딜_혜택강조형_맛피아_.릴스_대세감.타이머.__김소희_260921_제과_박서연,10,0,392.0,0
2026-09-25,[990딜] [제과_블트하] 26.07_블트하990딜_수동_전환_video/image_전체타겟,0921_수정님_블트하990딜,[26.09]F_I_BT혼_전환_블트하990딜_혜택강조형_KR1_.배너_기간한정.올해처음이자마지막.__김소희_260921_제과_김수정,1,0,4.0,0
2026-09-25,[990딜] [제과_블트하] 26.07_블트하990딜_수동_전환_video/image_전체타겟,0921_수정님_블트하990딜,[26.09]F_I_BT혼_전환_블트하990딜_혜택강조형_맛피아.KR1_.배너_기간한정.죄송합니다.__김소희_260921_제과_김수정,1009,8,14485.0,1
2026-09-25,[990딜] [제과_블트하] 26.07_블트하990딜_수동_전환_video/image_전체타겟,0921_수정님_블트하990딜,[26.09]F_I_BT혼_전환_블트하990딜_혜택강조형_KR1_.배너_혜택희소성.오늘의특가.__김소희_260921_제과_김수정,300,5,3886.0,0
2026-09-25,[990딜] [제과_블트하] 26.07_블트하990딜_수동_전환_video/image_전체타겟,0921_수정님_블트하990딜,[26.09]F_I_BT혼_전환_블트하990딜_혜택강조형_KR1_.배너_가치가격대비.역대급혜자구성.__김소희_260921_제과_김수정,15,0,379.0,0
2026-09-25,[990딜] [제과_블트하] 26.07_블트하990딜_수동_전환_video/image_전체타겟,0921_수정님_블트하990딜,[26.09]F_I_BT혼_전환_블트하990딜_혜택강조형_KR1_.배너_파격할인.일단사세요.__김소희_260921_제과_김수정,13,0,198.0,0
2026-09-25,[990딜] [제과_블트하] 26.07_블트하990딜_수동_전환_video/image_전체타겟,0921_수정님_블트하990딜,[26.09]F_I_BT혼_전환_블트하990딜_혜택강조형_맛피아.KR1_.배너_기간한정.기다려도.__김소희_260921_제과_김수정,4,0,155.0,0
2026-09-25,[990딜] [제과_블트하] 26.07_블트하990딜_수동_전환_video/image_전체타겟,0921_수정님_블트하990딜,[26.09]F_I_BT혼_전환_블트하990딜_혜택강조형_맛피아.KR1_.릴스_파격할인.딱오늘만.__김소희_260921_제과_김수정,13,1,254.0,0
2026-09-26,(마스터ASC)[제과_블트하] 26.07_블트깡출시_ASC_전환_video,(마스터ASC)[제과_블트하] 26.07_블트깡출시_ASC_전환_video,[26.08]F_V_BT깡_전환_블트깡출시_라이브커머스형_라이브커머스형.KR1_var11.릴스_가격강조.최저가.슬기.X_1P_김소희_260812_제과_피재은,255,1,2112.0,0
2026-09-26,(마스터ASC)[제과_블트하] 26.07_블트깡출시_ASC_전환_video,(마스터ASC)[제과_블트하] 26.07_블트깡출시_ASC_전환_video,[26.09]F_V_BT깡_전환_블트깡출시_쩜오건_나폴리맛피아.KR1_var1.릴스_맛피아.슬기.X_1P__260901_제과_문형민,13,0,68.0,0
2026-09-26,[990딜] [제과_블트하] 26.07_블트하990딜_수동_전환_video/image_전체타겟,0921_서연님_블트하990딜,[26.09]F_I_BT혼_전환_블트하990딜_혜택강조형_맛피아_.배너_대세감.2분할.__김소희_260921_제과_박서연,32,2,350.0,0
2026-09-26,[990딜] [제과_블트하] 26.07_블트하990딜_수동_전환_video/image_전체타겟,0921_서연님_블트하990딜,[26.09]F_I_BT혼_전환_블트하990딜_혜택강조형_맛피아_.배너_대세감.100원도안해요.__김소희_260921_제과_박서연,659,15,9750.0,1
2026-09-26,[990딜] [제과_블트하] 26.07_블트하990딜_수동_전환_video/image_전체타겟,0921_서연님_블트하990딜,[26.09]F_I_BT혼_전환_블트하990딜_혜택강조형_맛피아_.배너_할인명분.찐최저가로할인하재요.__김소희_260921_제과_박서연,60,0,708.0,0
2026-09-26,[990딜] [제과_블트하] 26.07_블트하990딜_수동_전환_video/image_전체타겟,0921_서연님_블트하990딜,[26.09]F_I_BT혼_전환_블트하990딜_혜택강조형_맛피아_.배너_할인명분.맛피아가.__김소희_260921_제과_박서연,4868,67,49899.0,3
2026-09-26,[990딜] [제과_블트하] 26.07_블트하990딜_수동_전환_video/image_전체타겟,0921_서연님_블트하990딜,[26.09]F_I_BT혼_전환_블트하990딜_혜택강조형_맛피아_.배너_대세감.딱7일만.__김소희_260921_제과_박서연,6,0,124.0,0
2026-09-26,[990딜] [제과_블트하] 26.07_블트하990딜_수동_전환_video/image_전체타겟,0921_서연님_블트하990딜,[26.09]F_I_BT혼_전환_블트하990딜_혜택강조형_맛피아_.배너_대세감.공지문.__김소희_260921_제과_박서연,27,0,555.0,0
2026-09-26,[990딜] [제과_블트하] 26.07_블트하990딜_수동_전환_video/image_전체타겟,0921_서연님_블트하990딜,[26.09]F_I_BT혼_전환_블트하990딜_혜택강조형_맛피아_.배너_할인명분.낋여왔어요.__김소희_260921_제과_박서연,42,3,681.0,0
2026-09-26,[990딜] [제과_블트하] 26.07_블트하990딜_수동_전환_video/image_전체타겟,0921_서연님_블트하990딜,[26.09]F_I_BT혼_전환_블트하990딜_혜택강조형_맛피아_.배너_할인명분.100원=한봉지.__김소희_260921_제과_박서연,17,1,242.0,0
2026-09-26,[990딜] [제과_블트하] 26.07_블트하990딜_수동_전환_video/image_전체타겟,0921_서연님_블트하990딜,[26.09]F_I_BT혼_전환_블트하990딜_혜택강조형_맛피아_.릴스_대세감.타이머.__김소희_260921_제과_박서연,1,0,22.0,0
2026-09-26,[990딜] [제과_블트하] 26.07_블트하990딜_수동_전환_video/image_전체타겟,0921_수정님_블트하990딜,[26.09]F_I_BT혼_전환_블트하990딜_혜택강조형_KR1_.배너_기간한정.올해처음이자마지막.__김소희_260921_제과_김수정,20,1,181.0,0
2026-09-26,[990딜] [제과_블트하] 26.07_블트하990딜_수동_전환_video/image_전체타겟,0921_수정님_블트하990딜,[26.09]F_I_BT혼_전환_블트하990딜_혜택강조형_맛피아.KR1_.배너_기간한정.죄송합니다.__김소희_260921_제과_김수정,3692,70,47387.0,4
2026-09-26,[990딜] [제과_블트하] 26.07_블트하990딜_수동_전환_video/image_전체타겟,0921_수정님_블트하990딜,[26.09]F_I_BT혼_전환_블트하990딜_혜택강조형_KR1_.배너_혜택희소성.오늘의특가.__김소희_260921_제과_김수정,2917,23,30678.0,2
2026-09-26,[990딜] [제과_블트하] 26.07_블트하990딜_수동_전환_video/image_전체타겟,0921_수정님_블트하990딜,[26.09]F_I_BT혼_전환_블트하990딜_혜택강조형_KR1_.배너_가치가격대비.역대급혜자구성.__김소희_260921_제과_김수정,42,0,503.0,0
2026-09-26,[990딜] [제과_블트하] 26.07_블트하990딜_수동_전환_video/image_전체타겟,0921_수정님_블트하990딜,[26.09]F_I_BT혼_전환_블트하990딜_혜택강조형_KR1_.배너_파격할인.일단사세요.__김소희_260921_제과_김수정,319,2,4875.0,0
2026-09-26,[990딜] [제과_블트하] 26.07_블트하990딜_수동_전환_video/image_전체타겟,0921_수정님_블트하990딜,[26.09]F_I_BT혼_전환_블트하990딜_혜택강조형_맛피아.KR1_.배너_기간한정.기다려도.__김소희_260921_제과_김수정,10,1,186.0,0
2026-09-26,[990딜] [제과_블트하] 26.07_블트하990딜_수동_전환_video/image_전체타겟,0921_수정님_블트하990딜,[26.09]F_I_BT혼_전환_블트하990딜_혜택강조형_맛피아.KR1_.릴스_파격할인.딱오늘만.__김소희_260921_제과_김수정,45,2,639.0,0
2026-09-27,(마스터ASC)[제과_블트하] 26.07_블트깡출시_ASC_전환_video,(마스터ASC)[제과_블트하] 26.07_블트깡출시_ASC_전환_video,[26.08]F_V_BT깡_전환_블트깡출시_라이브커머스형_라이브커머스형.KR1_var11.릴스_가격강조.최저가.슬기.X_1P_김소희_260812_제과_피재은,220,2,2721.0,0
2026-09-27,(마스터ASC)[제과_블트하] 26.07_블트깡출시_ASC_전환_video,(마스터ASC)[제과_블트하] 26.07_블트깡출시_ASC_전환_video,[26.09]F_V_BT깡_전환_블트깡출시_쩜오건_나폴리맛피아.KR1_var1.릴스_맛피아.슬기.X_1P__260901_제과_문형민,96,2,1452.0,1
2026-09-27,[990딜] [제과_블트하] 26.07_블트하990딜_수동_전환_video/image_전체타겟,0921_서연님_블트하990딜,[26.09]F_I_BT혼_전환_블트하990딜_혜택강조형_맛피아_.배너_대세감.2분할.__김소희_260921_제과_박서연,79,0,953.0,0
2026-09-27,[990딜] [제과_블트하] 26.07_블트하990딜_수동_전환_video/image_전체타겟,0921_서연님_블트하990딜,[26.09]F_I_BT혼_전환_블트하990딜_혜택강조형_맛피아_.배너_대세감.100원도안해요.__김소희_260921_제과_박서연,535,16,9497.0,0
2026-09-27,[990딜] [제과_블트하] 26.07_블트하990딜_수동_전환_video/image_전체타겟,0921_서연님_블트하990딜,[26.09]F_I_BT혼_전환_블트하990딜_혜택강조형_맛피아_.배너_할인명분.찐최저가로할인하재요.__김소희_260921_제과_박서연,145,2,1560.0,0
2026-09-27,[990딜] [제과_블트하] 26.07_블트하990딜_수동_전환_video/image_전체타겟,0921_서연님_블트하990딜,[26.09]F_I_BT혼_전환_블트하990딜_혜택강조형_맛피아_.배너_할인명분.맛피아가.__김소희_260921_제과_박서연,3585,51,43127.0,3
2026-09-27,[990딜] [제과_블트하] 26.07_블트하990딜_수동_전환_video/image_전체타겟,0921_서연님_블트하990딜,[26.09]F_I_BT혼_전환_블트하990딜_혜택강조형_맛피아_.배너_대세감.딱7일만.__김소희_260921_제과_박서연,17,0,531.0,0
2026-09-27,[990딜] [제과_블트하] 26.07_블트하990딜_수동_전환_video/image_전체타겟,0921_서연님_블트하990딜,[26.09]F_I_BT혼_전환_블트하990딜_혜택강조형_맛피아_.배너_대세감.공지문.__김소희_260921_제과_박서연,260,3,4413.0,0
2026-09-27,[990딜] [제과_블트하] 26.07_블트하990딜_수동_전환_video/image_전체타겟,0921_서연님_블트하990딜,[26.09]F_I_BT혼_전환_블트하990딜_혜택강조형_맛피아_.배너_할인명분.낋여왔어요.__김소희_260921_제과_박서연,29,2,274.0,0
2026-09-27,[990딜] [제과_블트하] 26.07_블트하990딜_수동_전환_video/image_전체타겟,0921_서연님_블트하990딜,[26.09]F_I_BT혼_전환_블트하990딜_혜택강조형_맛피아_.배너_할인명분.100원=한봉지.__김소희_260921_제과_박서연,114,4,1994.0,0
2026-09-27,[990딜] [제과_블트하] 26.07_블트하990딜_수동_전환_video/image_전체타겟,0921_서연님_블트하990딜,[26.09]F_I_BT혼_전환_블트하990딜_혜택강조형_맛피아_.릴스_대세감.타이머.__김소희_260921_제과_박서연,13,1,221.0,0
2026-09-27,[990딜] [제과_블트하] 26.07_블트하990딜_수동_전환_video/image_전체타겟,0921_수정님_블트하990딜,[26.09]F_I_BT혼_전환_블트하990딜_혜택강조형_KR1_.배너_기간한정.올해처음이자마지막.__김소희_260921_제과_김수정,4,0,19.0,0
2026-09-27,[990딜] [제과_블트하] 26.07_블트하990딜_수동_전환_video/image_전체타겟,0921_수정님_블트하990딜,[26.09]F_I_BT혼_전환_블트하990딜_혜택강조형_맛피아.KR1_.배너_기간한정.죄송합니다.__김소희_260921_제과_김수정,688,17,11949.0,1
2026-09-27,[990딜] [제과_블트하] 26.07_블트하990딜_수동_전환_video/image_전체타겟,0921_수정님_블트하990딜,[26.09]F_I_BT혼_전환_블트하990딜_혜택강조형_KR1_.배너_혜택희소성.오늘의특가.__김소희_260921_제과_김수정,328,5,3723.0,0
2026-09-27,[990딜] [제과_블트하] 26.07_블트하990딜_수동_전환_video/image_전체타겟,0921_수정님_블트하990딜,[26.09]F_I_BT혼_전환_블트하990딜_혜택강조형_KR1_.배너_가치가격대비.역대급혜자구성.__김소희_260921_제과_김수정,11,0,178.0,0
2026-09-27,[990딜] [제과_블트하] 26.07_블트하990딜_수동_전환_video/image_전체타겟,0921_수정님_블트하990딜,[26.09]F_I_BT혼_전환_블트하990딜_혜택강조형_KR1_.배너_파격할인.일단사세요.__김소희_260921_제과_김수정,100,2,2665.0,0
2026-09-27,[990딜] [제과_블트하] 26.07_블트하990딜_수동_전환_video/image_전체타겟,0921_수정님_블트하990딜,[26.09]F_I_BT혼_전환_블트하990딜_혜택강조형_맛피아.KR1_.배너_기간한정.기다려도.__김소희_260921_제과_김수정,13,1,119.0,0
2026-09-27,[990딜] [제과_블트하] 26.07_블트하990딜_수동_전환_video/image_전체타겟,0921_수정님_블트하990딜,[26.09]F_I_BT혼_전환_블트하990딜_혜택강조형_맛피아.KR1_.릴스_파격할인.딱오늘만.__김소희_260921_제과_김수정,20,1,351.0,0
2026-09-23,[제과_블트하] 26.07_블트깡출시_수동_전환_video_전체타겟,0828_추성훈BP_블트칩출시 (맛피아) (KR2),[26.09]F_V_BT칩_전환_블트깡출시_쩜오건_나폴리맛피아.KR2_var5.릴스_렉카.슬기.X_1P__260901_제과_피재은,1751,21,22171.0,1
2026-09-23,[990딜] [제과_블트하] 26.07_블트하990딜_수동_전환_video/image_전체타겟,0921_수정님_블트하990딜,[26.09]F_I_BT혼_전환_블트하990딜_혜택강조형_KR1_.릴스_가치가격대비.개당99원.__김소희_260921_제과_김수정,8,0,82.0,0
2026-09-23,[990딜] [제과_블트하] 26.07_블트하990딜_수동_전환_video/image_전체타겟,0921_수정님_블트하990딜,[26.09]F_I_BT혼_전환_블트하990딜_혜택강조형_KR1_.배너_기간한정.두번은없어요.__김소희_260921_제과_김수정,189,3,3350.0,0
2026-09-23,[990딜] [제과_블트하] 26.07_블트하990딜_수동_전환_video/image_전체타겟,0921_수정님_블트하990딜,[26.09]F_I_BT혼_전환_블트하990딜_혜택강조형_KR1_.릴스_혜택희소성.내일은이가격.__김소희_260921_제과_김수정,604,19,12200.0,1
2026-09-23,[990딜] [제과_블트하] 26.07_블트하990딜_수동_전환_video/image_전체타겟,0921_수정님_블트하990딜,[26.09]F_I_BT혼_전환_블트하990딜_혜택강조형_KR1_.릴스_혜택희소성.지금놓치면.__김소희_260921_제과_김수정,53,1,1326.0,0
2026-09-23,[990딜] [제과_블트하] 26.07_블트하990딜_수동_전환_video/image_전체타겟,0922_수정님2_블트하990딜,[26.09]F_I_BT혼_전환_블트하990딜_혜택강조형_맛피아.KR2_.배너_양대비가격.요즘과자.__김소희_260922_제과_김수정,123,2,2899.0,0
2026-09-23,[990딜] [제과_블트하] 26.07_블트하990딜_수동_전환_video/image_전체타겟,0922_수정님2_블트하990딜,[26.09]F_I_BT혼_전환_블트하990딜_혜택강조형_KR2_.배너_양대비가격.개당99원.__김소희_260922_제과_김수정,1204,24,18972.0,1
2026-09-23,[990딜] [제과_블트하] 26.07_블트하990딜_수동_전환_video/image_전체타겟,0922_수정님2_블트하990딜,[26.09]F_I_BT혼_전환_블트하990딜_혜택강조형_KR2_.배너_양대비가격.링크다시뜰확률.__김소희_260922_제과_김수정,292,2,5871.0,0
2026-09-23,[990딜] [제과_블트하] 26.07_블트하990딜_수동_전환_video/image_전체타겟,0922_수정님2_블트하990딜,[26.09]F_I_BT혼_전환_블트하990딜_혜택강조형_KR4_.배너_주변인.쟁이세요.__김소희_260922_제과_김수정,36,0,701.0,0
2026-09-23,[990딜] [제과_블트하] 26.07_블트하990딜_수동_전환_video/image_전체타겟,0922_수정님2_블트하990딜,[26.09]F_I_BT혼_전환_블트하990딜_혜택강조형_KR4_.배너_주변인.온가족이손에서.__김소희_260922_제과_김수정,59,0,1481.0,0
2026-09-23,[990딜] [제과_블트하] 26.07_블트하990딜_수동_전환_video/image_전체타겟,0922_수정님2_블트하990딜,[26.09]F_I_BT혼_전환_블트하990딜_혜택강조형_KR4_.배너_주변인.죄송합니다.__김소희_260922_제과_김수정,476,3,7279.0,0
2026-09-23,[990딜] [제과_블트하] 26.07_블트하990딜_수동_전환_video/image_전체타겟,0922_수정님2_블트하990딜,[26.09]F_I_BT혼_전환_블트하990딜_혜택강조형_KR4_.배너_주변인.동료들이랑먹으려고.__김소희_260922_제과_김수정,283,3,6878.0,0
2026-09-23,[990딜] [제과_블트하] 26.07_블트하990딜_수동_전환_video/image_전체타겟,0922_수정님2_블트하990딜,[26.09]F_I_BT혼_전환_블트하990딜_혜택강조형_KR2_.릴스_양대비가격.죄송합니다.__김소희_260922_제과_김수정,48,0,1313.0,0
2026-09-23,[990딜] [제과_블트하] 26.07_블트하990딜_수동_전환_video/image_전체타겟,0922_수정님2_블트하990딜,[26.09]F_I_BT혼_전환_블트하990딜_혜택강조형_KR2_.릴스_양대비가격.쟁이세요.__김소희_260922_제과_김수정,66,2,1373.0,0
2026-09-23,[990딜] [제과_블트하] 26.07_블트하990딜_수동_전환_video/image_전체타겟,0922_수정님2_블트하990딜,[26.09]F_I_BT혼_전환_블트하990딜_혜택강조형_KR2_.릴스_양대비가격.물가역주행.__김소희_260922_제과_김수정,415,5,8236.0,0
2026-09-23,[990딜] [제과_블트하] 26.07_블트하990딜_수동_전환_video/image_전체타겟,0922_수정님2_블트하990딜,[26.09]F_I_BT혼_전환_블트하990딜_혜택강조형_KR2_.릴스_양대비가격.대세감쟁이세요.__김소희_260922_제과_김수정,906,18,19717.0,2
2026-09-24,(마스터ASC)[제과_블트하] 26.07_블트깡출시_ASC_전환_video,(마스터ASC)[제과_블트하] 26.07_블트깡출시_ASC_전환_video,[26.09]F_V_BT깡_전환_블트깡출시_쩜오건_나폴리맛피아.KR1_main.릴스_메인.슬기.X_1P__260901_제과_문형민,3,0,12.0,0
2026-09-24,[제과_블트하] 26.07_블트깡출시_수동_전환_video_전체타겟,0828_추성훈BP_블트칩출시 (맛피아) (KR2),[26.09]F_V_BT칩_전환_블트깡출시_쩜오건_나폴리맛피아.KR2_var5.릴스_렉카.슬기.X_1P__260901_제과_피재은,1513,19,17952.0,1
2026-09-24,(마스터ASC)[제과_블트하] 26.07_블트깡출시_ASC_전환_video,(마스터ASC)[제과_블트하] 26.07_블트깡출시_ASC_전환_video,[26.09]F_V_BT칩_전환_블트깡출시_기타_배너.메시지검증_main.배너_안주.1안.X_2P__260901_제과_최재원,2,0,15.0,0
2026-09-24,[990딜] [제과_블트하] 26.07_블트하990딜_수동_전환_video/image_전체타겟,0921_수정님_블트하990딜,[26.09]F_I_BT혼_전환_블트하990딜_혜택강조형_KR1_.배너_기간한정.두번은없어요.__김소희_260921_제과_김수정,52,3,1250.0,0
2026-09-24,[990딜] [제과_블트하] 26.07_블트하990딜_수동_전환_video/image_전체타겟,0921_수정님_블트하990딜,[26.09]F_I_BT혼_전환_블트하990딜_혜택강조형_KR1_.릴스_혜택희소성.내일은이가격.__김소희_260921_제과_김수정,251,10,6216.0,0
2026-09-24,[990딜] [제과_블트하] 26.07_블트하990딜_수동_전환_video/image_전체타겟,0921_수정님_블트하990딜,[26.09]F_I_BT혼_전환_블트하990딜_혜택강조형_KR1_.릴스_혜택희소성.지금놓치면.__김소희_260921_제과_김수정,9,0,294.0,0
2026-09-24,[990딜] [제과_블트하] 26.07_블트하990딜_수동_전환_video/image_전체타겟,0922_수정님2_블트하990딜,[26.09]F_I_BT혼_전환_블트하990딜_혜택강조형_맛피아.KR2_.배너_양대비가격.요즘과자.__김소희_260922_제과_김수정,45,0,1186.0,0
2026-09-24,[990딜] [제과_블트하] 26.07_블트하990딜_수동_전환_video/image_전체타겟,0922_수정님2_블트하990딜,[26.09]F_I_BT혼_전환_블트하990딜_혜택강조형_KR2_.배너_양대비가격.개당99원.__김소희_260922_제과_김수정,14181,202,183425.0,12
2026-09-24,[990딜] [제과_블트하] 26.07_블트하990딜_수동_전환_video/image_전체타겟,0922_수정님2_블트하990딜,[26.09]F_I_BT혼_전환_블트하990딜_혜택강조형_KR2_.배너_양대비가격.링크다시뜰확률.__김소희_260922_제과_김수정,72,0,1138.0,0
2026-09-24,[990딜] [제과_블트하] 26.07_블트하990딜_수동_전환_video/image_전체타겟,0922_수정님2_블트하990딜,[26.09]F_I_BT혼_전환_블트하990딜_혜택강조형_KR4_.배너_주변인.쟁이세요.__김소희_260922_제과_김수정,47,0,1282.0,0
2026-09-24,[990딜] [제과_블트하] 26.07_블트하990딜_수동_전환_video/image_전체타겟,0922_수정님2_블트하990딜,[26.09]F_I_BT혼_전환_블트하990딜_혜택강조형_KR4_.배너_주변인.온가족이손에서.__김소희_260922_제과_김수정,23,0,424.0,0
2026-09-24,[990딜] [제과_블트하] 26.07_블트하990딜_수동_전환_video/image_전체타겟,0922_수정님2_블트하990딜,[26.09]F_I_BT혼_전환_블트하990딜_혜택강조형_KR4_.배너_주변인.죄송합니다.__김소희_260922_제과_김수정,53,1,1486.0,0
2026-09-24,[990딜] [제과_블트하] 26.07_블트하990딜_수동_전환_video/image_전체타겟,0922_수정님2_블트하990딜,[26.09]F_I_BT혼_전환_블트하990딜_혜택강조형_KR4_.배너_주변인.동료들이랑먹으려고.__김소희_260922_제과_김수정,566,9,12209.0,0
2026-09-24,[990딜] [제과_블트하] 26.07_블트하990딜_수동_전환_video/image_전체타겟,0922_수정님2_블트하990딜,[26.09]F_I_BT혼_전환_블트하990딜_혜택강조형_KR2_.릴스_양대비가격.죄송합니다.__김소희_260922_제과_김수정,178,5,3683.0,0
2026-09-24,[990딜] [제과_블트하] 26.07_블트하990딜_수동_전환_video/image_전체타겟,0922_수정님2_블트하990딜,[26.09]F_I_BT혼_전환_블트하990딜_혜택강조형_KR2_.릴스_양대비가격.쟁이세요.__김소희_260922_제과_김수정,42,0,845.0,0
2026-09-24,[990딜] [제과_블트하] 26.07_블트하990딜_수동_전환_video/image_전체타겟,0922_수정님2_블트하990딜,[26.09]F_I_BT혼_전환_블트하990딜_혜택강조형_KR2_.릴스_양대비가격.물가역주행.__김소희_260922_제과_김수정,379,8,6012.0,0
2026-09-24,[990딜] [제과_블트하] 26.07_블트하990딜_수동_전환_video/image_전체타겟,0922_수정님2_블트하990딜,[26.09]F_I_BT혼_전환_블트하990딜_혜택강조형_KR2_.릴스_양대비가격.대세감쟁이세요.__김소희_260922_제과_김수정,471,9,10698.0,1
2026-09-25,[제과_블트하] 26.07_블트깡출시_수동_전환_video_전체타겟,0828_추성훈BP_블트칩출시 (맛피아) (KR2),[26.09]F_V_BT칩_전환_블트깡출시_쩜오건_나폴리맛피아.KR2_var5.릴스_렉카.슬기.X_1P__260901_제과_피재은,13231,167,134496.0,8
2026-09-25,[990딜] [제과_블트하] 26.07_블트하990딜_수동_전환_video/image_전체타겟,0921_수정님_블트하990딜,[26.09]F_I_BT혼_전환_블트하990딜_혜택강조형_KR1_.릴스_가치가격대비.개당99원.__김소희_260921_제과_김수정,2,0,5.0,0
2026-09-25,[990딜] [제과_블트하] 26.07_블트하990딜_수동_전환_video/image_전체타겟,0921_수정님_블트하990딜,[26.09]F_I_BT혼_전환_블트하990딜_혜택강조형_KR1_.배너_기간한정.두번은없어요.__김소희_260921_제과_김수정,40,2,560.0,0
2026-09-25,[990딜] [제과_블트하] 26.07_블트하990딜_수동_전환_video/image_전체타겟,0921_수정님_블트하990딜,[26.09]F_I_BT혼_전환_블트하990딜_혜택강조형_KR1_.릴스_혜택희소성.내일은이가격.__김소희_260921_제과_김수정,299,8,6924.0,0
2026-09-25,[990딜] [제과_블트하] 26.07_블트하990딜_수동_전환_video/image_전체타겟,0921_수정님_블트하990딜,[26.09]F_I_BT혼_전환_블트하990딜_혜택강조형_KR1_.릴스_혜택희소성.지금놓치면.__김소희_260921_제과_김수정,7,0,60.0,0
2026-09-25,[990딜] [제과_블트하] 26.07_블트하990딜_수동_전환_video/image_전체타겟,0922_수정님2_블트하990딜,[26.09]F_I_BT혼_전환_블트하990딜_혜택강조형_맛피아.KR2_.배너_양대비가격.요즘과자.__김소희_260922_제과_김수정,16,0,367.0,0
2026-09-25,[990딜] [제과_블트하] 26.07_블트하990딜_수동_전환_video/image_전체타겟,0922_수정님2_블트하990딜,[26.09]F_I_BT혼_전환_블트하990딜_혜택강조형_KR2_.배너_양대비가격.개당99원.__김소희_260922_제과_김수정,2847,50,36237.0,2
2026-09-25,[990딜] [제과_블트하] 26.07_블트하990딜_수동_전환_video/image_전체타겟,0922_수정님2_블트하990딜,[26.09]F_I_BT혼_전환_블트하990딜_혜택강조형_KR2_.배너_양대비가격.링크다시뜰확률.__김소희_260922_제과_김수정,6,0,114.0,0
2026-09-25,[990딜] [제과_블트하] 26.07_블트하990딜_수동_전환_video/image_전체타겟,0922_수정님2_블트하990딜,[26.09]F_I_BT혼_전환_블트하990딜_혜택강조형_KR4_.배너_주변인.쟁이세요.__김소희_260922_제과_김수정,4,0,105.0,0
2026-09-25,[990딜] [제과_블트하] 26.07_블트하990딜_수동_전환_video/image_전체타겟,0922_수정님2_블트하990딜,[26.09]F_I_BT혼_전환_블트하990딜_혜택강조형_KR4_.배너_주변인.온가족이손에서.__김소희_260922_제과_김수정,2,0,45.0,0
2026-09-25,[990딜] [제과_블트하] 26.07_블트하990딜_수동_전환_video/image_전체타겟,0922_수정님2_블트하990딜,[26.09]F_I_BT혼_전환_블트하990딜_혜택강조형_KR4_.배너_주변인.죄송합니다.__김소희_260922_제과_김수정,19,1,576.0,0
2026-09-25,[990딜] [제과_블트하] 26.07_블트하990딜_수동_전환_video/image_전체타겟,0922_수정님2_블트하990딜,[26.09]F_I_BT혼_전환_블트하990딜_혜택강조형_KR4_.배너_주변인.동료들이랑먹으려고.__김소희_260922_제과_김수정,131,2,2350.0,0
2026-09-25,[990딜] [제과_블트하] 26.07_블트하990딜_수동_전환_video/image_전체타겟,0922_수정님2_블트하990딜,[26.09]F_I_BT혼_전환_블트하990딜_혜택강조형_KR2_.릴스_양대비가격.죄송합니다.__김소희_260922_제과_김수정,132,5,3296.0,0
2026-09-25,[990딜] [제과_블트하] 26.07_블트하990딜_수동_전환_video/image_전체타겟,0922_수정님2_블트하990딜,[26.09]F_I_BT혼_전환_블트하990딜_혜택강조형_KR2_.릴스_양대비가격.쟁이세요.__김소희_260922_제과_김수정,35,1,661.0,0
2026-09-25,[990딜] [제과_블트하] 26.07_블트하990딜_수동_전환_video/image_전체타겟,0922_수정님2_블트하990딜,[26.09]F_I_BT혼_전환_블트하990딜_혜택강조형_KR2_.릴스_양대비가격.물가역주행.__김소희_260922_제과_김수정,396,10,6939.0,2
2026-09-25,[990딜] [제과_블트하] 26.07_블트하990딜_수동_전환_video/image_전체타겟,0922_수정님2_블트하990딜,[26.09]F_I_BT혼_전환_블트하990딜_혜택강조형_KR2_.릴스_양대비가격.대세감쟁이세요.__김소희_260922_제과_김수정,144,5,2489.0,0
2026-09-26,(마스터ASC)[제과_블트하] 26.07_블트깡출시_ASC_전환_video,(마스터ASC)[제과_블트하] 26.07_블트깡출시_ASC_전환_video,[26.09]F_V_BT깡_전환_블트깡출시_쩜오건_나폴리맛피아.KR1_main.릴스_메인.슬기.X_1P__260901_제과_문형민,7,1,43.0,0
2026-09-26,[제과_블트하] 26.07_블트깡출시_수동_전환_video_전체타겟,0828_추성훈BP_블트칩출시 (맛피아) (KR2),[26.09]F_V_BT칩_전환_블트깡출시_쩜오건_나폴리맛피아.KR2_var5.릴스_렉카.슬기.X_1P__260901_제과_피재은,1491,20,16795.0,0
2026-09-26,(마스터ASC)[제과_블트하] 26.07_블트깡출시_ASC_전환_video,(마스터ASC)[제과_블트하] 26.07_블트깡출시_ASC_전환_video,[26.09]F_V_BT칩_전환_블트깡출시_기타_배너.메시지검증_var1.배너_안주.2안.X_2P__260901_제과_최재원,3,0,29.0,0
2026-09-26,(마스터ASC)[제과_블트하] 26.07_블트깡출시_ASC_전환_video,(마스터ASC)[제과_블트하] 26.07_블트깡출시_ASC_전환_video,[26.09]F_V_BT칩_전환_블트깡출시_기타_배너.메시지검증_main.배너_안주.1안.X_2P__260901_제과_최재원,2,0,30.0,0
2026-09-26,[990딜] [제과_블트하] 26.07_블트하990딜_수동_전환_video/image_전체타겟,0921_수정님_블트하990딜,[26.09]F_I_BT혼_전환_블트하990딜_혜택강조형_KR1_.릴스_가치가격대비.개당99원.__김소희_260921_제과_김수정,5,0,63.0,0
2026-09-26,[990딜] [제과_블트하] 26.07_블트하990딜_수동_전환_video/image_전체타겟,0921_수정님_블트하990딜,[26.09]F_I_BT혼_전환_블트하990딜_혜택강조형_KR1_.배너_기간한정.두번은없어요.__김소희_260921_제과_김수정,3927,83,52012.0,3
2026-09-26,[990딜] [제과_블트하] 26.07_블트하990딜_수동_전환_video/image_전체타겟,0921_수정님_블트하990딜,[26.09]F_I_BT혼_전환_블트하990딜_혜택강조형_KR1_.릴스_혜택희소성.내일은이가격.__김소희_260921_제과_김수정,973,22,16843.0,0
2026-09-26,[990딜] [제과_블트하] 26.07_블트하990딜_수동_전환_video/image_전체타겟,0921_수정님_블트하990딜,[26.09]F_I_BT혼_전환_블트하990딜_혜택강조형_KR1_.릴스_혜택희소성.지금놓치면.__김소희_260921_제과_김수정,3,0,65.0,0
2026-09-26,[990딜] [제과_블트하] 26.07_블트하990딜_수동_전환_video/image_전체타겟,0922_수정님2_블트하990딜,[26.09]F_I_BT혼_전환_블트하990딜_혜택강조형_맛피아.KR2_.배너_양대비가격.요즘과자.__김소희_260922_제과_김수정,5,0,104.0,0
2026-09-26,[990딜] [제과_블트하] 26.07_블트하990딜_수동_전환_video/image_전체타겟,0922_수정님2_블트하990딜,[26.09]F_I_BT혼_전환_블트하990딜_혜택강조형_KR2_.배너_양대비가격.링크다시뜰확률.__김소희_260922_제과_김수정,4,0,33.0,0
2026-09-26,[990딜] [제과_블트하] 26.07_블트하990딜_수동_전환_video/image_전체타겟,0922_수정님2_블트하990딜,[26.09]F_I_BT혼_전환_블트하990딜_혜택강조형_KR4_.배너_주변인.쟁이세요.__김소희_260922_제과_김수정,1,0,21.0,0
2026-09-26,[990딜] [제과_블트하] 26.07_블트하990딜_수동_전환_video/image_전체타겟,0922_수정님2_블트하990딜,[26.09]F_I_BT혼_전환_블트하990딜_혜택강조형_KR4_.배너_주변인.온가족이손에서.__김소희_260922_제과_김수정,3,0,24.0,0
2026-09-26,[990딜] [제과_블트하] 26.07_블트하990딜_수동_전환_video/image_전체타겟,0922_수정님2_블트하990딜,[26.09]F_I_BT혼_전환_블트하990딜_혜택강조형_KR4_.배너_주변인.죄송합니다.__김소희_260922_제과_김수정,51,1,1936.0,0
2026-09-26,[990딜] [제과_블트하] 26.07_블트하990딜_수동_전환_video/image_전체타겟,0922_수정님2_블트하990딜,[26.09]F_I_BT혼_전환_블트하990딜_혜택강조형_KR4_.배너_주변인.동료들이랑먹으려고.__김소희_260922_제과_김수정,114,2,2886.0,0
2026-09-26,[990딜] [제과_블트하] 26.07_블트하990딜_수동_전환_video/image_전체타겟,0922_수정님2_블트하990딜,[26.09]F_I_BT혼_전환_블트하990딜_혜택강조형_KR2_.릴스_양대비가격.죄송합니다.__김소희_260922_제과_김수정,83,3,2041.0,1
2026-09-26,[990딜] [제과_블트하] 26.07_블트하990딜_수동_전환_video/image_전체타겟,0922_수정님2_블트하990딜,[26.09]F_I_BT혼_전환_블트하990딜_혜택강조형_KR2_.릴스_양대비가격.쟁이세요.__김소희_260922_제과_김수정,7,0,105.0,0
2026-09-26,[990딜] [제과_블트하] 26.07_블트하990딜_수동_전환_video/image_전체타겟,0922_수정님2_블트하990딜,[26.09]F_I_BT혼_전환_블트하990딜_혜택강조형_KR2_.릴스_양대비가격.물가역주행.__김소희_260922_제과_김수정,856,8,10448.0,0
2026-09-26,[990딜] [제과_블트하] 26.07_블트하990딜_수동_전환_video/image_전체타겟,0922_수정님2_블트하990딜,[26.09]F_I_BT혼_전환_블트하990딜_혜택강조형_KR2_.릴스_양대비가격.대세감쟁이세요.__김소희_260922_제과_김수정,263,7,5981.0,0
2026-09-27,[제과_블트하] 26.07_블트깡출시_수동_전환_video_전체타겟,0828_추성훈BP_블트칩출시 (맛피아) (KR2),[26.09]F_V_BT칩_전환_블트깡출시_쩜오건_나폴리맛피아.KR2_var5.릴스_렉카.슬기.X_1P__260901_제과_피재은,958,17,11870.0,0
2026-09-27,[990딜] [제과_블트하] 26.07_블트하990딜_수동_전환_video/image_전체타겟,0921_수정님_블트하990딜,[26.09]F_I_BT혼_전환_블트하990딜_혜택강조형_KR1_.릴스_가치가격대비.개당99원.__김소희_260921_제과_김수정,2,0,21.0,0
2026-09-27,[990딜] [제과_블트하] 26.07_블트하990딜_수동_전환_video/image_전체타겟,0921_수정님_블트하990딜,[26.09]F_I_BT혼_전환_블트하990딜_혜택강조형_KR1_.배너_기간한정.두번은없어요.__김소희_260921_제과_김수정,1410,34,18228.0,1
2026-09-27,[990딜] [제과_블트하] 26.07_블트하990딜_수동_전환_video/image_전체타겟,0921_수정님_블트하990딜,[26.09]F_I_BT혼_전환_블트하990딜_혜택강조형_KR1_.릴스_혜택희소성.내일은이가격.__김소희_260921_제과_김수정,272,8,6666.0,0
2026-09-27,[990딜] [제과_블트하] 26.07_블트하990딜_수동_전환_video/image_전체타겟,0921_수정님_블트하990딜,[26.09]F_I_BT혼_전환_블트하990딜_혜택강조형_KR1_.릴스_혜택희소성.지금놓치면.__김소희_260921_제과_김수정,12,0,361.0,0
2026-09-23,[제과_블트하] 26.07_블트깡출시_수동_전환_video_전체타겟,0828_재원님재편집_블트칩출시 (맛피아) (신규KR),[26.09]F_V_BT칩_전환_블트깡출시_기타_배너.메시지검증_var1.배너_안주.2안.X_2P__260901_제과_최재원,3,0,42.0,0
2026-09-24,[제과_블트하] 26.07_블트깡출시_수동_전환_video_전체타겟,0828_재원님재편집_블트칩출시 (맛피아) (신규KR),[26.09]F_V_BT칩_전환_블트깡출시_기타_배너.메시지검증_var1.배너_안주.2안.X_2P__260901_제과_최재원,1,1,51.0,0
2026-09-25,(마스터ASC)[제과_블트하] 26.07_블트깡출시_ASC_전환_video,(마스터ASC)[제과_블트하] 26.07_블트깡출시_ASC_전환_video,[26.08]F_V_BT깡_전환_블트깡출시_혜택희소성_유인맨즈BP.이국주.KR1_var2.릴스_반값.슬기.X_1P_최나영_260818_제과_피재은,1,0,37.0,0
2026-09-26,(마스터ASC)[제과_블트하] 26.07_블트깡출시_ASC_전환_video,(마스터ASC)[제과_블트하] 26.07_블트깡출시_ASC_전환_video,[26.08]F_V_BT깡_전환_블트깡출시_혜택희소성_유인맨즈BP.이국주.KR1_var2.릴스_반값.슬기.X_1P_최나영_260818_제과_피재은,11,0,106.0,0
2026-09-27,(마스터ASC)[제과_블트하] 26.07_블트깡출시_ASC_전환_video,(마스터ASC)[제과_블트하] 26.07_블트깡출시_ASC_전환_video,[26.08]F_V_BT깡_전환_블트깡출시_혜택희소성_유인맨즈BP.이국주.KR1_var2.릴스_반값.슬기.X_1P_최나영_260818_제과_피재은,3,0,8.0,0
2026-09-23,[제과_블트하] 26.07_블트깡출시_수동_전환_video_전체타겟,0807_인덕션BP_블트칩출시 (KR1),[26.08]F_V_BT칩_전환_블트칩출시_신규BP_인덕션BP.KR1_var2.릴스_돈안아까움.X_1P_김소희_260807_제과_이봄1,116,1,1416.0,0
2026-09-24,[제과_블트하] 26.07_블트깡출시_수동_전환_video_전체타겟,0807_인덕션BP_블트칩출시 (KR1),[26.08]F_V_BT칩_전환_블트칩출시_신규BP_인덕션BP.KR1_var2.릴스_돈안아까움.X_1P_김소희_260807_제과_이봄1,9,0,147.0,0
2026-09-24,(마스터ASC)[제과_블트하] 26.07_블트깡출시_ASC_전환_video,(마스터ASC)[제과_블트하] 26.07_블트깡출시_ASC_전환_video,[26.08]F_V_BT혼_전환_블트칩출시_신규BP_젤리백BP.이국주.KR1_var3.릴스_이국주+어그로.X_2P_최나영_260814_제과_이봄1,1,0,11.0,0
2026-09-25,[제과_블트하] 26.07_블트깡출시_수동_전환_video_전체타겟,0807_인덕션BP_블트칩출시 (KR1),[26.08]F_V_BT칩_전환_블트칩출시_신규BP_인덕션BP.KR1_var2.릴스_돈안아까움.X_1P_김소희_260807_제과_이봄1,1,0,14.0,0
2026-09-26,[제과_블트하] 26.07_블트깡출시_수동_전환_video_전체타겟,0807_인덕션BP_블트칩출시 (KR1),[26.08]F_V_BT칩_전환_블트칩출시_신규BP_인덕션BP.KR1_var2.릴스_돈안아까움.X_1P_김소희_260807_제과_이봄1,190,4,3019.0,0
2026-09-26,(마스터ASC)[제과_블트하] 26.07_블트깡출시_ASC_전환_video,(마스터ASC)[제과_블트하] 26.07_블트깡출시_ASC_전환_video,[26.08]F_V_BT혼_전환_블트칩출시_신규BP_젤리백BP.이국주.KR1_var3.릴스_이국주+어그로.X_2P_최나영_260814_제과_이봄1,1,0,2.0,0
2026-09-27,[제과_블트하] 26.07_블트깡출시_수동_전환_video_전체타겟,0807_인덕션BP_블트칩출시 (KR1),[26.08]F_V_BT칩_전환_블트칩출시_신규BP_인덕션BP.KR1_var2.릴스_돈안아까움.X_1P_김소희_260807_제과_이봄1,14238,196,205518.0,24
2026-09-27,(마스터ASC)[제과_블트하] 26.07_블트깡출시_ASC_전환_video,(마스터ASC)[제과_블트하] 26.07_블트깡출시_ASC_전환_video,[26.08]F_V_BT혼_전환_블트칩출시_신규BP_젤리백BP.이국주.KR1_var3.릴스_이국주+어그로.X_2P_최나영_260814_제과_이봄1,1,0,3.0,0
2026-09-23,(마스터ASC)[제과_초코퐁당] 26.09_초코퐁당출시_ASC_전환_video_전체타겟,(마스터ASC)[제과_초코퐁당] 26.09_초코퐁당출시_ASC_전환_video_전체타겟,[26.09]F_V_PN초_전환_초코퐁당출시_맛인지형_먹스타그램.KR1_var1.릴스_일본현지인.X_2P_권미정_260904_제과_이봄1,541,6,7679.0,0
2026-09-23,(마스터ASC)[제과_초코퐁당] 26.09_초코퐁당출시_ASC_전환_video_전체타겟,(마스터ASC)[제과_초코퐁당] 26.09_초코퐁당출시_ASC_전환_video_전체타겟,[26.09]F_V_PN초_전환_초코퐁당출시_맛인지형_먹스타그램.KR1_main.릴스_BP대로.X_2P_권미정_260904_제과_이봄1,2943,30,31636.0,2
2026-09-23,(마스터ASC)[제과_초코퐁당] 26.09_초코퐁당출시_ASC_전환_video_전체타겟,(마스터ASC)[제과_초코퐁당] 26.09_초코퐁당출시_ASC_전환_video_전체타겟,[26.09]F_V_PN초_전환_초코퐁당출시_맛인지형_먹스타그램.KR1_var2.릴스_로이스초콜릿덕후.X_2P_권미정_260904_제과_이봄1,479,9,7080.0,1
2026-09-23,(마스터ASC)[제과_초코퐁당] 26.09_초코퐁당출시_ASC_전환_video_전체타겟,(마스터ASC)[제과_초코퐁당] 26.09_초코퐁당출시_ASC_전환_video_전체타겟,[26.09]F_V_PN초_전환_초코퐁당출시_쩜오건_토마토테라BP.KR1_main.릴스_님스저당버전.X_2P_권미정_260904_제과_이봄1,364,6,4396.0,0
2026-09-23,(마스터ASC)[제과_초코퐁당] 26.09_초코퐁당출시_ASC_전환_video_전체타겟,(마스터ASC)[제과_초코퐁당] 26.09_초코퐁당출시_ASC_전환_video_전체타겟,[26.09]F_V_PN초_전환_초코퐁당출시_인플루언서형_인플루언서형.KR1_var2.릴스_BP인트로.X_2P_권미정_260911_제과_이봄1,496,4,7179.0,0
2026-09-23,(마스터ASC)[제과_초코퐁당] 26.09_초코퐁당출시_ASC_전환_video_전체타겟,(마스터ASC)[제과_초코퐁당] 26.09_초코퐁당출시_ASC_전환_video_전체타겟,[26.09]F_V_PN초_전환_초코퐁당출시_인플루언서형_인플루언서형.KR1_var4.릴스_생초콜릿어그로.X_2P_권미정_260911_제과_이봄1,69,2,1092.0,0
2026-09-24,(마스터ASC)[제과_블트하] 26.07_블트깡출시_ASC_전환_video,(마스터ASC)[제과_블트하] 26.07_블트깡출시_ASC_전환_video,[26.08]F_V_BT깡_전환_블트깡출시_혜택희소성_유인맨즈BP.이국주.KR1_var3.릴스_크래커비교.슬기.X_1P_최나영_260818_제과_피재은,43,1,627.0,0
2026-09-24,(마스터ASC)[제과_초코퐁당] 26.09_초코퐁당출시_ASC_전환_video_전체타겟,(마스터ASC)[제과_초코퐁당] 26.09_초코퐁당출시_ASC_전환_video_전체타겟,[26.09]F_V_PN초_전환_초코퐁당출시_맛인지형_먹스타그램.KR1_var1.릴스_일본현지인.X_2P_권미정_260904_제과_이봄1,440,3,5046.0,0
2026-09-24,(마스터ASC)[제과_초코퐁당] 26.09_초코퐁당출시_ASC_전환_video_전체타겟,(마스터ASC)[제과_초코퐁당] 26.09_초코퐁당출시_ASC_전환_video_전체타겟,[26.09]F_V_PN초_전환_초코퐁당출시_맛인지형_먹스타그램.KR1_var2.릴스_로이스초콜릿덕후.X_2P_권미정_260904_제과_이봄1,1158,17,14936.0,2
2026-09-24,(마스터ASC)[제과_초코퐁당] 26.09_초코퐁당출시_ASC_전환_video_전체타겟,(마스터ASC)[제과_초코퐁당] 26.09_초코퐁당출시_ASC_전환_video_전체타겟,[26.09]F_V_PN초_전환_초코퐁당출시_쩜오건_토마토테라BP.KR1_main.릴스_님스저당버전.X_2P_권미정_260904_제과_이봄1,620,6,7492.0,0
2026-09-24,(마스터ASC)[제과_초코퐁당] 26.09_초코퐁당출시_ASC_전환_video_전체타겟,(마스터ASC)[제과_초코퐁당] 26.09_초코퐁당출시_ASC_전환_video_전체타겟,[26.09]F_V_PN초_전환_초코퐁당출시_인플루언서형_인플루언서형.KR1_var2.릴스_BP인트로.X_2P_권미정_260911_제과_이봄1,1236,15,16143.0,1
2026-09-24,(마스터ASC)[제과_초코퐁당] 26.09_초코퐁당출시_ASC_전환_video_전체타겟,(마스터ASC)[제과_초코퐁당] 26.09_초코퐁당출시_ASC_전환_video_전체타겟,[26.09]F_V_PN초_전환_초코퐁당출시_인플루언서형_인플루언서형.KR1_var4.릴스_생초콜릿어그로.X_2P_권미정_260911_제과_이봄1,148,2,1872.0,1
2026-09-25,(마스터ASC)[제과_초코퐁당] 26.09_초코퐁당출시_ASC_전환_video_전체타겟,(마스터ASC)[제과_초코퐁당] 26.09_초코퐁당출시_ASC_전환_video_전체타겟,[26.09]F_V_PN초_전환_초코퐁당출시_맛인지형_먹스타그램.KR1_var1.릴스_일본현지인.X_2P_권미정_260904_제과_이봄1,1270,22,14903.0,1
2026-09-25,(마스터ASC)[제과_초코퐁당] 26.09_초코퐁당출시_ASC_전환_video_전체타겟,(마스터ASC)[제과_초코퐁당] 26.09_초코퐁당출시_ASC_전환_video_전체타겟,[26.09]F_V_PN초_전환_초코퐁당출시_맛인지형_먹스타그램.KR1_var2.릴스_로이스초콜릿덕후.X_2P_권미정_260904_제과_이봄1,8357,99,108669.0,6
2026-09-25,(마스터ASC)[제과_초코퐁당] 26.09_초코퐁당출시_ASC_전환_video_전체타겟,(마스터ASC)[제과_초코퐁당] 26.09_초코퐁당출시_ASC_전환_video_전체타겟,[26.09]F_V_PN초_전환_초코퐁당출시_쩜오건_토마토테라BP.KR1_main.릴스_님스저당버전.X_2P_권미정_260904_제과_이봄1,3199,38,41274.0,3
2026-09-25,(마스터ASC)[제과_초코퐁당] 26.09_초코퐁당출시_ASC_전환_video_전체타겟,(마스터ASC)[제과_초코퐁당] 26.09_초코퐁당출시_ASC_전환_video_전체타겟,[26.09]F_V_PN초_전환_초코퐁당출시_인플루언서형_인플루언서형.KR1_var2.릴스_BP인트로.X_2P_권미정_260911_제과_이봄1,9106,86,110169.0,6
2026-09-25,(마스터ASC)[제과_초코퐁당] 26.09_초코퐁당출시_ASC_전환_video_전체타겟,(마스터ASC)[제과_초코퐁당] 26.09_초코퐁당출시_ASC_전환_video_전체타겟,[26.09]F_V_PN초_전환_초코퐁당출시_인플루언서형_인플루언서형.KR1_var4.릴스_생초콜릿어그로.X_2P_권미정_260911_제과_이봄1,4393,57,48472.0,7
2026-09-26,(마스터ASC)[제과_블트하] 26.07_블트깡출시_ASC_전환_video,(마스터ASC)[제과_블트하] 26.07_블트깡출시_ASC_전환_video,[26.08]F_V_BT깡_전환_블트깡출시_혜택희소성_유인맨즈BP.이국주.KR1_var3.릴스_크래커비교.슬기.X_1P_최나영_260818_제과_피재은,105,2,1215.0,0
2026-09-26,(마스터ASC)[제과_초코퐁당] 26.09_초코퐁당출시_ASC_전환_video_전체타겟,(마스터ASC)[제과_초코퐁당] 26.09_초코퐁당출시_ASC_전환_video_전체타겟,[26.09]F_V_PN초_전환_초코퐁당출시_쩜오건_토마토테라BP.KR1_main.릴스_님스저당버전.X_2P_권미정_260904_제과_이봄1,1220,10,16080.0,1
2026-09-26,(마스터ASC)[제과_초코퐁당] 26.09_초코퐁당출시_ASC_전환_video_전체타겟,(마스터ASC)[제과_초코퐁당] 26.09_초코퐁당출시_ASC_전환_video_전체타겟,[26.09]F_V_PN초_전환_초코퐁당출시_인플루언서형_인플루언서형.KR1_var4.릴스_생초콜릿어그로.X_2P_권미정_260911_제과_이봄1,3065,50,35958.0,3
2026-09-27,(마스터ASC)[제과_블트하] 26.07_블트깡출시_ASC_전환_video,(마스터ASC)[제과_블트하] 26.07_블트깡출시_ASC_전환_video,[26.08]F_V_BT깡_전환_블트깡출시_혜택희소성_유인맨즈BP.이국주.KR1_var3.릴스_크래커비교.슬기.X_1P_최나영_260818_제과_피재은,61,0,533.0,0
2026-09-27,(마스터ASC)[제과_초코퐁당] 26.09_초코퐁당출시_ASC_전환_video_전체타겟,(마스터ASC)[제과_초코퐁당] 26.09_초코퐁당출시_ASC_전환_video_전체타겟,[26.09]F_V_PN초_전환_초코퐁당출시_쩜오건_토마토테라BP.KR1_main.릴스_님스저당버전.X_2P_권미정_260904_제과_이봄1,2658,29,27624.0,2
2026-09-27,(마스터ASC)[제과_초코퐁당] 26.09_초코퐁당출시_ASC_전환_video_전체타겟,(마스터ASC)[제과_초코퐁당] 26.09_초코퐁당출시_ASC_전환_video_전체타겟,[26.09]F_V_PN초_전환_초코퐁당출시_인플루언서형_인플루언서형.KR1_var4.릴스_생초콜릿어그로.X_2P_권미정_260911_제과_이봄1,3627,47,43600.0,4
2026-09-23,(마스터ASC)[제과_초코퐁당] 26.09_초코퐁당출시_ASC_전환_video_전체타겟,(마스터ASC)[제과_초코퐁당] 26.09_초코퐁당출시_ASC_전환_video_전체타겟,[26.09]F_V_PN초_전환_초코퐁당출시_인플루언서형_인플루언서형.KR1_var4.릴스_남자친구의선물.(재).X_2P_권미정_260915_제과_이봄1,44337,916,624350.0,57
2026-09-23,(마스터ASC)[제과_초코퐁당] 26.09_초코퐁당출시_ASC_전환_video_전체타겟,(마스터ASC)[제과_초코퐁당] 26.09_초코퐁당출시_ASC_전환_video_전체타겟,[26.09]F_V_PN초_전환_초코퐁당출시_인플루언서형_인플루언서형.KR1_var5.릴스_초콜릿맛인지.(재).X_2P_권미정_260915_제과_이봄1,76,1,1319.0,0
2026-09-23,(마스터ASC)[제과_초코퐁당] 26.09_초코퐁당출시_ASC_전환_video_전체타겟,(마스터ASC)[제과_초코퐁당] 26.09_초코퐁당출시_ASC_전환_video_전체타겟,[26.09]F_V_PN초_전환_초코퐁당출시_소비자상황형_프로틴방앗간BP.KR1_main.릴스_사무실.X_2P_권미정_260918_제과_이봄1,129,3,1411.0,0
2026-09-23,(마스터ASC)[제과_초코퐁당] 26.09_초코퐁당출시_ASC_전환_video_전체타겟,(마스터ASC)[제과_초코퐁당] 26.09_초코퐁당출시_ASC_전환_video_전체타겟,[26.09]F_V_PN초_전환_초코퐁당출시_소비자상황형_님스초코컵BP.KR1_main.릴스_PMS.규모감.(재).X_2P_권미정_260922_제과_이봄1,37,0,446.0,0
2026-09-23,(마스터ASC)[제과_초코퐁당] 26.09_초코퐁당출시_ASC_전환_video_전체타겟,(마스터ASC)[제과_초코퐁당] 26.09_초코퐁당출시_ASC_전환_video_전체타겟,[26.09]F_V_PN초_전환_초코퐁당출시_소비자상황형_님스초코컵BP.KR1_var1.릴스_PMS.생초코연상.(재).X_2P_권미정_260922_제과_이봄1,135,2,1551.0,0
2026-09-23,(마스터ASC)[제과_초코퐁당] 26.09_초코퐁당출시_ASC_전환_video_전체타겟,(마스터ASC)[제과_초코퐁당] 26.09_초코퐁당출시_ASC_전환_video_전체타겟,[26.09]F_V_PN초_전환_초코퐁당출시_소비자상황형_호기심까까BP.KR1_var1.릴스_스트레스.반갈.(재).X_2P_권미정_260922_제과_이봄1,844,9,10150.0,1
2026-09-23,(마스터ASC)[제과_초코퐁당] 26.09_초코퐁당출시_ASC_전환_video_전체타겟,(마스터ASC)[제과_초코퐁당] 26.09_초코퐁당출시_ASC_전환_video_전체타겟,[26.09]F_V_PN초_전환_초코퐁당출시_소비자상황형_호기심까까BP.KR1_main.릴스_스트레스.규모감.(재).X_2P_권미정_260922_제과_이봄1,297,4,3432.0,0
2026-09-23,(마스터ASC)[제과_초코퐁당] 26.09_초코퐁당출시_ASC_전환_video_전체타겟,(마스터ASC)[제과_초코퐁당] 26.09_초코퐁당출시_ASC_전환_video_전체타겟,[26.09]F_V_PN초_전환_초코퐁당출시_소비자상황형_프로틴방앗간BP.KR1_var1.릴스_사무실.취식.(재).X_2P_권미정_260922_제과_이봄1,810,8,16223.0,1
2026-09-23,(마스터ASC)[제과_초코퐁당] 26.09_초코퐁당출시_ASC_전환_video_전체타겟,(마스터ASC)[제과_초코퐁당] 26.09_초코퐁당출시_ASC_전환_video_전체타겟,[26.09]F_V_PN초_전환_초코퐁당출시_소비자상황형_프로틴방앗간BP.KR1_main.릴스_사무실.인물맛비주얼.(재).X_2P_권미정_260922_제과_이봄1,247,2,3500.0,0
2026-09-23,(마스터ASC)[제과_초코퐁당] 26.09_초코퐁당출시_ASC_전환_video_전체타겟,(마스터ASC)[제과_초코퐁당] 26.09_초코퐁당출시_ASC_전환_video_전체타겟,[26.09]F_V_PN초_전환_초코퐁당출시_소비자상황형_프로틴방앗간BP.KR1_var2.릴스_사무실(여초).반갈.(재).X_2P_권미정_260922_제과_이봄1,360,4,6242.0,1
2026-09-23,(마스터ASC)[제과_초코퐁당] 26.09_초코퐁당출시_ASC_전환_video_전체타겟,(마스터ASC)[제과_초코퐁당] 26.09_초코퐁당출시_ASC_전환_video_전체타겟,[26.09]F_V_PN초_전환_초코퐁당출시_네고형_지인네고형.KR1_main.릴스_메인.X_1P_권미정_260923_제과_피재은,501,10,8238.0,0
2026-09-23,(마스터ASC)[제과_초코퐁당] 26.09_초코퐁당출시_ASC_전환_video_전체타겟,(마스터ASC)[제과_초코퐁당] 26.09_초코퐁당출시_ASC_전환_video_전체타겟,[26.09]F_V_PN초_전환_초코퐁당출시_네고형_지인네고형.KR1_var3.릴스_다이어트.X_1P_권미정_260923_제과_피재은,107,1,1212.0,0
2026-09-23,(마스터ASC)[제과_초코퐁당] 26.09_초코퐁당출시_ASC_전환_video_전체타겟,(마스터ASC)[제과_초코퐁당] 26.09_초코퐁당출시_ASC_전환_video_전체타겟,[26.09]F_V_PN초_전환_초코퐁당출시_네고형_지인네고형.KR1_var2.릴스_생초코.X_1P_권미정_260923_제과_피재은,267,2,4112.0,0
2026-09-23,(마스터ASC)[제과_초코퐁당] 26.09_초코퐁당출시_ASC_전환_video_전체타겟,(마스터ASC)[제과_초코퐁당] 26.09_초코퐁당출시_ASC_전환_video_전체타겟,[26.09]F_V_PN초_전환_초코퐁당출시_네고형_지인네고형.KR1_var1.릴스_살안찌는.X_1P_권미정_260923_제과_피재은,138,2,1916.0,0
2026-09-23,(마스터ASC)[제과_초코퐁당] 26.09_초코퐁당출시_ASC_전환_video_전체타겟,(마스터ASC)[제과_초코퐁당] 26.09_초코퐁당출시_ASC_전환_video_전체타겟,[26.09]F_V_PN초_전환_초코퐁당출시_네고형_지인네고형.KR1_var4.릴스_로이스.X_1P_권미정_260923_제과_피재은,156,1,2881.0,0
2026-09-23,(마스터ASC)[제과_초코퐁당] 26.09_초코퐁당출시_ASC_전환_video_전체타겟,(마스터ASC)[제과_초코퐁당] 26.09_초코퐁당출시_ASC_전환_video_전체타겟,[26.09]F_V_PN초_전환_초코퐁당출시_네고형_책상네고형.KR1_main.릴스_기본.X_2P_권미정_260923_제과_이봄1,414,6,5121.0,1
2026-09-23,(마스터ASC)[제과_초코퐁당] 26.09_초코퐁당출시_ASC_전환_video_전체타겟,(마스터ASC)[제과_초코퐁당] 26.09_초코퐁당출시_ASC_전환_video_전체타겟,[26.09]F_V_PN초_전환_초코퐁당출시_네고형_책상네고형.KR1_var1.릴스_다이어터커뮤.X_2P_권미정_260923_제과_이봄1,492,4,6360.0,1
2026-09-24,(마스터ASC)[제과_블트하] 26.07_블트깡출시_ASC_전환_video,(마스터ASC)[제과_블트하] 26.07_블트깡출시_ASC_전환_video,[26.08]F_V_BT깡_전환_블트깡출시_라이브커머스형_라이브커머스형.KR1_var8.릴스_전체.남편안주.슬기.X_1P_김소희_260812_제과_피재은,14,0,384.0,0
2026-09-24,(마스터ASC)[제과_블트하] 26.07_블트깡출시_ASC_전환_video,(마스터ASC)[제과_블트하] 26.07_블트깡출시_ASC_전환_video,[26.08]F_V_BT깡_전환_블트깡출시_혜택희소성_유인맨즈BP.이국주.KR1_var4.릴스_1등.슬기.X_1P_최나영_260818_제과_피재은,107,0,1192.0,0
2026-09-24,(마스터ASC)[제과_초코퐁당] 26.09_초코퐁당출시_ASC_전환_video_전체타겟,(마스터ASC)[제과_초코퐁당] 26.09_초코퐁당출시_ASC_전환_video_전체타겟,[26.09]F_V_PN초_전환_초코퐁당출시_인플루언서형_인플루언서형.KR1_var4.릴스_남자친구의선물.(재).X_2P_권미정_260915_제과_이봄1,5201,103,77937.0,4
2026-09-24,(마스터ASC)[제과_초코퐁당] 26.09_초코퐁당출시_ASC_전환_video_전체타겟,(마스터ASC)[제과_초코퐁당] 26.09_초코퐁당출시_ASC_전환_video_전체타겟,[26.09]F_V_PN초_전환_초코퐁당출시_인플루언서형_인플루언서형.KR1_var5.릴스_초콜릿맛인지.(재).X_2P_권미정_260915_제과_이봄1,6,0,43.0,0
2026-09-24,(마스터ASC)[제과_초코퐁당] 26.09_초코퐁당출시_ASC_전환_video_전체타겟,(마스터ASC)[제과_초코퐁당] 26.09_초코퐁당출시_ASC_전환_video_전체타겟,[26.09]F_V_PN초_전환_초코퐁당출시_소비자상황형_프로틴방앗간BP.KR1_main.릴스_사무실.X_2P_권미정_260918_제과_이봄1,911,14,10545.0,1
2026-09-24,(마스터ASC)[제과_초코퐁당] 26.09_초코퐁당출시_ASC_전환_video_전체타겟,(마스터ASC)[제과_초코퐁당] 26.09_초코퐁당출시_ASC_전환_video_전체타겟,[26.09]F_V_PN초_전환_초코퐁당출시_소비자상황형_님스초코컵BP.KR1_main.릴스_PMS.규모감.(재).X_2P_권미정_260922_제과_이봄1,12,1,282.0,0
2026-09-24,(마스터ASC)[제과_초코퐁당] 26.09_초코퐁당출시_ASC_전환_video_전체타겟,(마스터ASC)[제과_초코퐁당] 26.09_초코퐁당출시_ASC_전환_video_전체타겟,[26.09]F_V_PN초_전환_초코퐁당출시_소비자상황형_님스초코컵BP.KR1_var1.릴스_PMS.생초코연상.(재).X_2P_권미정_260922_제과_이봄1,445,4,4097.0,0
2026-09-24,(마스터ASC)[제과_초코퐁당] 26.09_초코퐁당출시_ASC_전환_video_전체타겟,(마스터ASC)[제과_초코퐁당] 26.09_초코퐁당출시_ASC_전환_video_전체타겟,[26.09]F_V_PN초_전환_초코퐁당출시_소비자상황형_호기심까까BP.KR1_var1.릴스_스트레스.반갈.(재).X_2P_권미정_260922_제과_이봄1,204,0,2232.0,0
2026-09-24,(마스터ASC)[제과_초코퐁당] 26.09_초코퐁당출시_ASC_전환_video_전체타겟,(마스터ASC)[제과_초코퐁당] 26.09_초코퐁당출시_ASC_전환_video_전체타겟,[26.09]F_V_PN초_전환_초코퐁당출시_소비자상황형_호기심까까BP.KR1_main.릴스_스트레스.규모감.(재).X_2P_권미정_260922_제과_이봄1,255,1,2783.0,0
2026-09-24,(마스터ASC)[제과_초코퐁당] 26.09_초코퐁당출시_ASC_전환_video_전체타겟,(마스터ASC)[제과_초코퐁당] 26.09_초코퐁당출시_ASC_전환_video_전체타겟,[26.09]F_V_PN초_전환_초코퐁당출시_소비자상황형_프로틴방앗간BP.KR1_main.릴스_사무실.인물맛비주얼.(재).X_2P_권미정_260922_제과_이봄1,47,1,569.0,0
2026-09-24,(마스터ASC)[제과_초코퐁당] 26.09_초코퐁당출시_ASC_전환_video_전체타겟,(마스터ASC)[제과_초코퐁당] 26.09_초코퐁당출시_ASC_전환_video_전체타겟,[26.09]F_V_PN초_전환_초코퐁당출시_소비자상황형_프로틴방앗간BP.KR1_var2.릴스_사무실(여초).반갈.(재).X_2P_권미정_260922_제과_이봄1,1166,12,15440.0,5
2026-09-24,(마스터ASC)[제과_초코퐁당] 26.09_초코퐁당출시_ASC_전환_video_전체타겟,(마스터ASC)[제과_초코퐁당] 26.09_초코퐁당출시_ASC_전환_video_전체타겟,[26.09]F_V_PN초_전환_초코퐁당출시_네고형_지인네고형.KR1_main.릴스_메인.X_1P_권미정_260923_제과_피재은,188,4,4174.0,1
2026-09-24,(마스터ASC)[제과_초코퐁당] 26.09_초코퐁당출시_ASC_전환_video_전체타겟,(마스터ASC)[제과_초코퐁당] 26.09_초코퐁당출시_ASC_전환_video_전체타겟,[26.09]F_V_PN초_전환_초코퐁당출시_네고형_지인네고형.KR1_var3.릴스_다이어트.X_1P_권미정_260923_제과_피재은,80,1,978.0,0
2026-09-24,(마스터ASC)[제과_초코퐁당] 26.09_초코퐁당출시_ASC_전환_video_전체타겟,(마스터ASC)[제과_초코퐁당] 26.09_초코퐁당출시_ASC_전환_video_전체타겟,[26.09]F_V_PN초_전환_초코퐁당출시_네고형_지인네고형.KR1_var2.릴스_생초코.X_1P_권미정_260923_제과_피재은,722,10,11144.0,1
2026-09-24,(마스터ASC)[제과_초코퐁당] 26.09_초코퐁당출시_ASC_전환_video_전체타겟,(마스터ASC)[제과_초코퐁당] 26.09_초코퐁당출시_ASC_전환_video_전체타겟,[26.09]F_V_PN초_전환_초코퐁당출시_네고형_지인네고형.KR1_var1.릴스_살안찌는.X_1P_권미정_260923_제과_피재은,24,0,357.0,0
2026-09-24,(마스터ASC)[제과_초코퐁당] 26.09_초코퐁당출시_ASC_전환_video_전체타겟,(마스터ASC)[제과_초코퐁당] 26.09_초코퐁당출시_ASC_전환_video_전체타겟,[26.09]F_V_PN초_전환_초코퐁당출시_네고형_지인네고형.KR1_var4.릴스_로이스.X_1P_권미정_260923_제과_피재은,98,2,2283.0,0
2026-09-24,(마스터ASC)[제과_초코퐁당] 26.09_초코퐁당출시_ASC_전환_video_전체타겟,(마스터ASC)[제과_초코퐁당] 26.09_초코퐁당출시_ASC_전환_video_전체타겟,[26.09]F_V_PN초_전환_초코퐁당출시_네고형_책상네고형.KR1_main.릴스_기본.X_2P_권미정_260923_제과_이봄1,2351,21,24606.0,4
2026-09-24,(마스터ASC)[제과_초코퐁당] 26.09_초코퐁당출시_ASC_전환_video_전체타겟,(마스터ASC)[제과_초코퐁당] 26.09_초코퐁당출시_ASC_전환_video_전체타겟,[26.09]F_V_PN초_전환_초코퐁당출시_네고형_책상네고형.KR1_var1.릴스_다이어터커뮤.X_2P_권미정_260923_제과_이봄1,150,2,2959.0,0
2026-09-25,(마스터ASC)[제과_블트하] 26.07_블트깡출시_ASC_전환_video,(마스터ASC)[제과_블트하] 26.07_블트깡출시_ASC_전환_video,[26.08]F_V_BT깡_전환_블트깡출시_라이브커머스형_라이브커머스형.KR1_var8.릴스_전체.남편안주.슬기.X_1P_김소희_260812_제과_피재은,2,0,13.0,0
2026-09-25,(마스터ASC)[제과_블트하] 26.07_블트깡출시_ASC_전환_video,(마스터ASC)[제과_블트하] 26.07_블트깡출시_ASC_전환_video,[26.08]F_V_BT깡_전환_블트깡출시_혜택희소성_유인맨즈BP.이국주.KR1_var4.릴스_1등.슬기.X_1P_최나영_260818_제과_피재은,3,0,15.0,0
2026-09-25,(마스터ASC)[제과_블트하] 26.07_블트깡출시_ASC_전환_video,(마스터ASC)[제과_블트하] 26.07_블트깡출시_ASC_전환_video,[26.08]F_V_BT깡_전환_블트깡출시_쩜오건_시즈닝강조.이국주.KR1_var1.릴스_블트깡.시즈닝신상.슬기.X_1P__260820_제과_문형민,2,0,7.0,0
2026-09-25,(마스터ASC)[제과_초코퐁당] 26.09_초코퐁당출시_ASC_전환_video_전체타겟,(마스터ASC)[제과_초코퐁당] 26.09_초코퐁당출시_ASC_전환_video_전체타겟,[26.09]F_V_PN초_전환_초코퐁당출시_인플루언서형_인플루언서형.KR1_var4.릴스_남자친구의선물.(재).X_2P_권미정_260915_제과_이봄1,17668,339,244038.0,21
2026-09-25,(마스터ASC)[제과_초코퐁당] 26.09_초코퐁당출시_ASC_전환_video_전체타겟,(마스터ASC)[제과_초코퐁당] 26.09_초코퐁당출시_ASC_전환_video_전체타겟,[26.09]F_V_PN초_전환_초코퐁당출시_인플루언서형_인플루언서형.KR1_var5.릴스_초콜릿맛인지.(재).X_2P_권미정_260915_제과_이봄1,15,0,225.0,0
2026-09-25,(마스터ASC)[제과_초코퐁당] 26.09_초코퐁당출시_ASC_전환_video_전체타겟,(마스터ASC)[제과_초코퐁당] 26.09_초코퐁당출시_ASC_전환_video_전체타겟,[26.09]F_V_PN초_전환_초코퐁당출시_소비자상황형_프로틴방앗간BP.KR1_main.릴스_사무실.X_2P_권미정_260918_제과_이봄1,1761,14,16721.0,2
2026-09-25,(마스터ASC)[제과_초코퐁당] 26.09_초코퐁당출시_ASC_전환_video_전체타겟,(마스터ASC)[제과_초코퐁당] 26.09_초코퐁당출시_ASC_전환_video_전체타겟,[26.09]F_V_PN초_전환_초코퐁당출시_소비자상황형_님스초코컵BP.KR1_main.릴스_PMS.규모감.(재).X_2P_권미정_260922_제과_이봄1,46,0,445.0,0
2026-09-25,(마스터ASC)[제과_초코퐁당] 26.09_초코퐁당출시_ASC_전환_video_전체타겟,(마스터ASC)[제과_초코퐁당] 26.09_초코퐁당출시_ASC_전환_video_전체타겟,[26.09]F_V_PN초_전환_초코퐁당출시_소비자상황형_님스초코컵BP.KR1_var1.릴스_PMS.생초코연상.(재).X_2P_권미정_260922_제과_이봄1,158,2,2053.0,0
2026-09-25,(마스터ASC)[제과_초코퐁당] 26.09_초코퐁당출시_ASC_전환_video_전체타겟,(마스터ASC)[제과_초코퐁당] 26.09_초코퐁당출시_ASC_전환_video_전체타겟,[26.09]F_V_PN초_전환_초코퐁당출시_소비자상황형_호기심까까BP.KR1_var1.릴스_스트레스.반갈.(재).X_2P_권미정_260922_제과_이봄1,314,10,4270.0,0
2026-09-25,(마스터ASC)[제과_초코퐁당] 26.09_초코퐁당출시_ASC_전환_video_전체타겟,(마스터ASC)[제과_초코퐁당] 26.09_초코퐁당출시_ASC_전환_video_전체타겟,[26.09]F_V_PN초_전환_초코퐁당출시_소비자상황형_호기심까까BP.KR1_main.릴스_스트레스.규모감.(재).X_2P_권미정_260922_제과_이봄1,1356,12,11883.0,3
2026-09-25,(마스터ASC)[제과_초코퐁당] 26.09_초코퐁당출시_ASC_전환_video_전체타겟,(마스터ASC)[제과_초코퐁당] 26.09_초코퐁당출시_ASC_전환_video_전체타겟,[26.09]F_V_PN초_전환_초코퐁당출시_소비자상황형_프로틴방앗간BP.KR1_main.릴스_사무실.인물맛비주얼.(재).X_2P_권미정_260922_제과_이봄1,612,9,7834.0,0
2026-09-25,(마스터ASC)[제과_초코퐁당] 26.09_초코퐁당출시_ASC_전환_video_전체타겟,(마스터ASC)[제과_초코퐁당] 26.09_초코퐁당출시_ASC_전환_video_전체타겟,[26.09]F_V_PN초_전환_초코퐁당출시_소비자상황형_프로틴방앗간BP.KR1_var2.릴스_사무실(여초).반갈.(재).X_2P_권미정_260922_제과_이봄1,2469,21,30318.0,2
2026-09-25,(마스터ASC)[제과_초코퐁당] 26.09_초코퐁당출시_ASC_전환_video_전체타겟,(마스터ASC)[제과_초코퐁당] 26.09_초코퐁당출시_ASC_전환_video_전체타겟,[26.09]F_V_PN초_전환_초코퐁당출시_네고형_지인네고형.KR1_main.릴스_메인.X_1P_권미정_260923_제과_피재은,694,13,16209.0,3
2026-09-25,(마스터ASC)[제과_초코퐁당] 26.09_초코퐁당출시_ASC_전환_video_전체타겟,(마스터ASC)[제과_초코퐁당] 26.09_초코퐁당출시_ASC_전환_video_전체타겟,[26.09]F_V_PN초_전환_초코퐁당출시_네고형_지인네고형.KR1_var3.릴스_다이어트.X_1P_권미정_260923_제과_피재은,871,15,9715.0,4
2026-09-25,(마스터ASC)[제과_초코퐁당] 26.09_초코퐁당출시_ASC_전환_video_전체타겟,(마스터ASC)[제과_초코퐁당] 26.09_초코퐁당출시_ASC_전환_video_전체타겟,[26.09]F_V_PN초_전환_초코퐁당출시_네고형_지인네고형.KR1_var2.릴스_생초코.X_1P_권미정_260923_제과_피재은,431,2,6031.0,1
2026-09-25,(마스터ASC)[제과_초코퐁당] 26.09_초코퐁당출시_ASC_전환_video_전체타겟,(마스터ASC)[제과_초코퐁당] 26.09_초코퐁당출시_ASC_전환_video_전체타겟,[26.09]F_V_PN초_전환_초코퐁당출시_네고형_지인네고형.KR1_var1.릴스_살안찌는.X_1P_권미정_260923_제과_피재은,285,3,3939.0,0
2026-09-25,(마스터ASC)[제과_초코퐁당] 26.09_초코퐁당출시_ASC_전환_video_전체타겟,(마스터ASC)[제과_초코퐁당] 26.09_초코퐁당출시_ASC_전환_video_전체타겟,[26.09]F_V_PN초_전환_초코퐁당출시_네고형_지인네고형.KR1_var4.릴스_로이스.X_1P_권미정_260923_제과_피재은,1276,17,16713.0,1
2026-09-25,(마스터ASC)[제과_초코퐁당] 26.09_초코퐁당출시_ASC_전환_video_전체타겟,(마스터ASC)[제과_초코퐁당] 26.09_초코퐁당출시_ASC_전환_video_전체타겟,[26.09]F_V_PN초_전환_초코퐁당출시_네고형_책상네고형.KR1_main.릴스_기본.X_2P_권미정_260923_제과_이봄1,46831,514,414431.0,39
2026-09-25,(마스터ASC)[제과_초코퐁당] 26.09_초코퐁당출시_ASC_전환_video_전체타겟,(마스터ASC)[제과_초코퐁당] 26.09_초코퐁당출시_ASC_전환_video_전체타겟,[26.09]F_V_PN초_전환_초코퐁당출시_네고형_책상네고형.KR1_var1.릴스_다이어터커뮤.X_2P_권미정_260923_제과_이봄1,1745,24,20758.0,2
2026-09-26,(마스터ASC)[제과_블트하] 26.07_블트깡출시_ASC_전환_video,(마스터ASC)[제과_블트하] 26.07_블트깡출시_ASC_전환_video,[26.08]F_V_BT깡_전환_블트깡출시_라이브커머스형_라이브커머스형.KR1_var8.릴스_전체.남편안주.슬기.X_1P_김소희_260812_제과_피재은,37,0,581.0,0
2026-09-26,(마스터ASC)[제과_블트하] 26.07_블트깡출시_ASC_전환_video,(마스터ASC)[제과_블트하] 26.07_블트깡출시_ASC_전환_video,[26.08]F_V_BT깡_전환_블트깡출시_혜택희소성_유인맨즈BP.이국주.KR1_var4.릴스_1등.슬기.X_1P_최나영_260818_제과_피재은,100,0,849.0,0
2026-09-26,(마스터ASC)[제과_블트하] 26.07_블트깡출시_ASC_전환_video,(마스터ASC)[제과_블트하] 26.07_블트깡출시_ASC_전환_video,[26.08]F_V_BT깡_전환_블트깡출시_쩜오건_시즈닝강조.이국주.KR1_var1.릴스_블트깡.시즈닝신상.슬기.X_1P__260820_제과_문형민,1,1,3.0,0
2026-09-26,(마스터ASC)[제과_초코퐁당] 26.09_초코퐁당출시_ASC_전환_video_전체타겟,(마스터ASC)[제과_초코퐁당] 26.09_초코퐁당출시_ASC_전환_video_전체타겟,[26.09]F_V_PN초_전환_초코퐁당출시_인플루언서형_인플루언서형.KR1_var4.릴스_남자친구의선물.(재).X_2P_권미정_260915_제과_이봄1,7918,168,118519.0,11
2026-09-26,(마스터ASC)[제과_초코퐁당] 26.09_초코퐁당출시_ASC_전환_video_전체타겟,(마스터ASC)[제과_초코퐁당] 26.09_초코퐁당출시_ASC_전환_video_전체타겟,[26.09]F_V_PN초_전환_초코퐁당출시_인플루언서형_인플루언서형.KR1_var5.릴스_초콜릿맛인지.(재).X_2P_권미정_260915_제과_이봄1,2,1,50.0,0
2026-09-26,(마스터ASC)[제과_초코퐁당] 26.09_초코퐁당출시_ASC_전환_video_전체타겟,(마스터ASC)[제과_초코퐁당] 26.09_초코퐁당출시_ASC_전환_video_전체타겟,[26.09]F_V_PN초_전환_초코퐁당출시_소비자상황형_님스초코컵BP.KR1_main.릴스_PMS.규모감.(재).X_2P_권미정_260922_제과_이봄1,5,0,62.0,0
2026-09-26,(마스터ASC)[제과_초코퐁당] 26.09_초코퐁당출시_ASC_전환_video_전체타겟,(마스터ASC)[제과_초코퐁당] 26.09_초코퐁당출시_ASC_전환_video_전체타겟,[26.09]F_V_PN초_전환_초코퐁당출시_소비자상황형_님스초코컵BP.KR1_var1.릴스_PMS.생초코연상.(재).X_2P_권미정_260922_제과_이봄1,11,0,77.0,0
2026-09-26,(마스터ASC)[제과_초코퐁당] 26.09_초코퐁당출시_ASC_전환_video_전체타겟,(마스터ASC)[제과_초코퐁당] 26.09_초코퐁당출시_ASC_전환_video_전체타겟,[26.09]F_V_PN초_전환_초코퐁당출시_소비자상황형_호기심까까BP.KR1_var1.릴스_스트레스.반갈.(재).X_2P_권미정_260922_제과_이봄1,780,12,10190.0,1
2026-09-26,(마스터ASC)[제과_초코퐁당] 26.09_초코퐁당출시_ASC_전환_video_전체타겟,(마스터ASC)[제과_초코퐁당] 26.09_초코퐁당출시_ASC_전환_video_전체타겟,[26.09]F_V_PN초_전환_초코퐁당출시_소비자상황형_호기심까까BP.KR1_main.릴스_스트레스.규모감.(재).X_2P_권미정_260922_제과_이봄1,4118,55,42472.0,8
2026-09-26,(마스터ASC)[제과_초코퐁당] 26.09_초코퐁당출시_ASC_전환_video_전체타겟,(마스터ASC)[제과_초코퐁당] 26.09_초코퐁당출시_ASC_전환_video_전체타겟,[26.09]F_V_PN초_전환_초코퐁당출시_소비자상황형_프로틴방앗간BP.KR1_main.릴스_사무실.인물맛비주얼.(재).X_2P_권미정_260922_제과_이봄1,1269,21,14891.0,3
2026-09-26,(마스터ASC)[제과_초코퐁당] 26.09_초코퐁당출시_ASC_전환_video_전체타겟,(마스터ASC)[제과_초코퐁당] 26.09_초코퐁당출시_ASC_전환_video_전체타겟,[26.09]F_V_PN초_전환_초코퐁당출시_네고형_지인네고형.KR1_main.릴스_메인.X_1P_권미정_260923_제과_피재은,2537,50,42783.0,4
2026-09-26,(마스터ASC)[제과_초코퐁당] 26.09_초코퐁당출시_ASC_전환_video_전체타겟,(마스터ASC)[제과_초코퐁당] 26.09_초코퐁당출시_ASC_전환_video_전체타겟,[26.09]F_V_PN초_전환_초코퐁당출시_네고형_지인네고형.KR1_var3.릴스_다이어트.X_1P_권미정_260923_제과_피재은,1748,13,15488.0,0
2026-09-26,(마스터ASC)[제과_초코퐁당] 26.09_초코퐁당출시_ASC_전환_video_전체타겟,(마스터ASC)[제과_초코퐁당] 26.09_초코퐁당출시_ASC_전환_video_전체타겟,[26.09]F_V_PN초_전환_초코퐁당출시_네고형_지인네고형.KR1_var2.릴스_생초코.X_1P_권미정_260923_제과_피재은,69,0,813.0,0
2026-09-26,(마스터ASC)[제과_초코퐁당] 26.09_초코퐁당출시_ASC_전환_video_전체타겟,(마스터ASC)[제과_초코퐁당] 26.09_초코퐁당출시_ASC_전환_video_전체타겟,[26.09]F_V_PN초_전환_초코퐁당출시_네고형_지인네고형.KR1_var1.릴스_살안찌는.X_1P_권미정_260923_제과_피재은,14,1,208.0,0
2026-09-26,(마스터ASC)[제과_초코퐁당] 26.09_초코퐁당출시_ASC_전환_video_전체타겟,(마스터ASC)[제과_초코퐁당] 26.09_초코퐁당출시_ASC_전환_video_전체타겟,[26.09]F_V_PN초_전환_초코퐁당출시_네고형_지인네고형.KR1_var4.릴스_로이스.X_1P_권미정_260923_제과_피재은,773,20,9043.0,3
2026-09-26,(마스터ASC)[제과_초코퐁당] 26.09_초코퐁당출시_ASC_전환_video_전체타겟,(마스터ASC)[제과_초코퐁당] 26.09_초코퐁당출시_ASC_전환_video_전체타겟,[26.09]F_V_PN초_전환_초코퐁당출시_네고형_책상네고형.KR1_main.릴스_기본.X_2P_권미정_260923_제과_이봄1,86157,969,744269.0,54
2026-09-26,(마스터ASC)[제과_초코퐁당] 26.09_초코퐁당출시_ASC_전환_video_전체타겟,(마스터ASC)[제과_초코퐁당] 26.09_초코퐁당출시_ASC_전환_video_전체타겟,[26.09]F_V_PN초_전환_초코퐁당출시_네고형_책상네고형.KR1_var1.릴스_다이어터커뮤.X_2P_권미정_260923_제과_이봄1,5889,55,49307.0,6
2026-09-27,(마스터ASC)[제과_블트하] 26.07_블트깡출시_ASC_전환_video,(마스터ASC)[제과_블트하] 26.07_블트깡출시_ASC_전환_video,[26.08]F_V_BT깡_전환_블트깡출시_라이브커머스형_라이브커머스형.KR1_var8.릴스_전체.남편안주.슬기.X_1P_김소희_260812_제과_피재은,8,0,99.0,0
2026-09-27,(마스터ASC)[제과_블트하] 26.07_블트깡출시_ASC_전환_video,(마스터ASC)[제과_블트하] 26.07_블트깡출시_ASC_전환_video,[26.08]F_V_BT깡_전환_블트깡출시_혜택희소성_유인맨즈BP.이국주.KR1_var4.릴스_1등.슬기.X_1P_최나영_260818_제과_피재은,60,0,665.0,0
2026-09-27,(마스터ASC)[제과_블트하] 26.07_블트깡출시_ASC_전환_video,(마스터ASC)[제과_블트하] 26.07_블트깡출시_ASC_전환_video,[26.08]F_V_BT깡_전환_블트깡출시_쩜오건_시즈닝강조.이국주.KR1_var1.릴스_블트깡.시즈닝신상.슬기.X_1P__260820_제과_문형민,76,0,942.0,0
2026-09-27,(마스터ASC)[제과_초코퐁당] 26.09_초코퐁당출시_ASC_전환_video_전체타겟,(마스터ASC)[제과_초코퐁당] 26.09_초코퐁당출시_ASC_전환_video_전체타겟,[26.09]F_V_PN초_전환_초코퐁당출시_인플루언서형_인플루언서형.KR1_var4.릴스_남자친구의선물.(재).X_2P_권미정_260915_제과_이봄1,22976,405,323813.0,23
2026-09-27,(마스터ASC)[제과_초코퐁당] 26.09_초코퐁당출시_ASC_전환_video_전체타겟,(마스터ASC)[제과_초코퐁당] 26.09_초코퐁당출시_ASC_전환_video_전체타겟,[26.09]F_V_PN초_전환_초코퐁당출시_인플루언서형_인플루언서형.KR1_var5.릴스_초콜릿맛인지.(재).X_2P_권미정_260915_제과_이봄1,2,0,164.0,0
2026-09-27,(마스터ASC)[제과_초코퐁당] 26.09_초코퐁당출시_ASC_전환_video_전체타겟,(마스터ASC)[제과_초코퐁당] 26.09_초코퐁당출시_ASC_전환_video_전체타겟,[26.09]F_V_PN초_전환_초코퐁당출시_소비자상황형_님스초코컵BP.KR1_main.릴스_PMS.규모감.(재).X_2P_권미정_260922_제과_이봄1,88,3,977.0,0
2026-09-27,(마스터ASC)[제과_초코퐁당] 26.09_초코퐁당출시_ASC_전환_video_전체타겟,(마스터ASC)[제과_초코퐁당] 26.09_초코퐁당출시_ASC_전환_video_전체타겟,[26.09]F_V_PN초_전환_초코퐁당출시_소비자상황형_님스초코컵BP.KR1_var1.릴스_PMS.생초코연상.(재).X_2P_권미정_260922_제과_이봄1,392,7,6030.0,1
2026-09-27,(마스터ASC)[제과_초코퐁당] 26.09_초코퐁당출시_ASC_전환_video_전체타겟,(마스터ASC)[제과_초코퐁당] 26.09_초코퐁당출시_ASC_전환_video_전체타겟,[26.09]F_V_PN초_전환_초코퐁당출시_소비자상황형_호기심까까BP.KR1_var1.릴스_스트레스.반갈.(재).X_2P_권미정_260922_제과_이봄1,14983,151,194275.0,22
2026-09-27,(마스터ASC)[제과_초코퐁당] 26.09_초코퐁당출시_ASC_전환_video_전체타겟,(마스터ASC)[제과_초코퐁당] 26.09_초코퐁당출시_ASC_전환_video_전체타겟,[26.09]F_V_PN초_전환_초코퐁당출시_소비자상황형_호기심까까BP.KR1_main.릴스_스트레스.규모감.(재).X_2P_권미정_260922_제과_이봄1,21433,160,210214.0,16
2026-09-27,(마스터ASC)[제과_초코퐁당] 26.09_초코퐁당출시_ASC_전환_video_전체타겟,(마스터ASC)[제과_초코퐁당] 26.09_초코퐁당출시_ASC_전환_video_전체타겟,[26.09]F_V_PN초_전환_초코퐁당출시_소비자상황형_프로틴방앗간BP.KR1_main.릴스_사무실.인물맛비주얼.(재).X_2P_권미정_260922_제과_이봄1,920,13,10747.0,0
2026-09-27,(마스터ASC)[제과_초코퐁당] 26.09_초코퐁당출시_ASC_전환_video_전체타겟,(마스터ASC)[제과_초코퐁당] 26.09_초코퐁당출시_ASC_전환_video_전체타겟,[26.09]F_V_PN초_전환_초코퐁당출시_네고형_지인네고형.KR1_main.릴스_메인.X_1P_권미정_260923_제과_피재은,13618,177,215079.0,13
2026-09-27,(마스터ASC)[제과_초코퐁당] 26.09_초코퐁당출시_ASC_전환_video_전체타겟,(마스터ASC)[제과_초코퐁당] 26.09_초코퐁당출시_ASC_전환_video_전체타겟,[26.09]F_V_PN초_전환_초코퐁당출시_네고형_지인네고형.KR1_var2.릴스_생초코.X_1P_권미정_260923_제과_피재은,1313,11,16763.0,2
2026-09-27,(마스터ASC)[제과_초코퐁당] 26.09_초코퐁당출시_ASC_전환_video_전체타겟,(마스터ASC)[제과_초코퐁당] 26.09_초코퐁당출시_ASC_전환_video_전체타겟,[26.09]F_V_PN초_전환_초코퐁당출시_네고형_지인네고형.KR1_var1.릴스_살안찌는.X_1P_권미정_260923_제과_피재은,1963,29,31568.0,4
2026-09-27,(마스터ASC)[제과_초코퐁당] 26.09_초코퐁당출시_ASC_전환_video_전체타겟,(마스터ASC)[제과_초코퐁당] 26.09_초코퐁당출시_ASC_전환_video_전체타겟,[26.09]F_V_PN초_전환_초코퐁당출시_네고형_지인네고형.KR1_var4.릴스_로이스.X_1P_권미정_260923_제과_피재은,10552,174,144681.0,11
2026-09-27,(마스터ASC)[제과_초코퐁당] 26.09_초코퐁당출시_ASC_전환_video_전체타겟,(마스터ASC)[제과_초코퐁당] 26.09_초코퐁당출시_ASC_전환_video_전체타겟,[26.09]F_V_PN초_전환_초코퐁당출시_네고형_책상네고형.KR1_main.릴스_기본.X_2P_권미정_260923_제과_이봄1,14253,130,125036.0,4
2026-09-27,(마스터ASC)[제과_초코퐁당] 26.09_초코퐁당출시_ASC_전환_video_전체타겟,(마스터ASC)[제과_초코퐁당] 26.09_초코퐁당출시_ASC_전환_video_전체타겟,[26.09]F_V_PN초_전환_초코퐁당출시_네고형_책상네고형.KR1_var1.릴스_다이어터커뮤.X_2P_권미정_260923_제과_이봄1,20754,199,197890.0,13
2026-09-23,[제과_치즈팝콘] 26.08_치즈팝콘출시_수동_전환_video_전체타겟,(0805) 네고형_치즈팝콘출시 (KR2) (재은님),[26.08]F_V_PC치_전환_치즈팝콘출시_네고형_네고형_var6.릴스_악플.슬기.X_1P_권미정_260805_제과_피재은,442,12,7014.0,0
2026-09-23,(마스터ASC)[제과_블트하] 26.07_블트깡출시_ASC_전환_video,(마스터ASC)[제과_블트하] 26.07_블트깡출시_ASC_전환_video,[26.09]F_V_BT칩_전환_블트깡출시_쩜오건_나폴리맛피아.KR2_main.릴스_메인.슬기.X_1P__260901_제과_피재은,5,0,88.0,0
2026-09-24,[제과_치즈팝콘] 26.08_치즈팝콘출시_수동_전환_video_전체타겟,(0805) 네고형_치즈팝콘출시 (KR2) (재은님),[26.08]F_V_PC치_전환_치즈팝콘출시_네고형_네고형_var6.릴스_악플.슬기.X_1P_권미정_260805_제과_피재은,20,0,130.0,0
2026-09-24,(마스터ASC)[제과_블트하] 26.07_블트깡출시_ASC_전환_video,(마스터ASC)[제과_블트하] 26.07_블트깡출시_ASC_전환_video,[26.09]F_V_BT칩_전환_블트깡출시_쩜오건_나폴리맛피아.KR2_main.릴스_메인.슬기.X_1P__260901_제과_피재은,1251,23,15208.0,1
2026-09-24,(마스터ASC)[제과_블트하] 26.07_블트깡출시_ASC_전환_video,(마스터ASC)[제과_블트하] 26.07_블트깡출시_ASC_전환_video,[26.09]F_V_BT칩_전환_블트깡출시_기타_배너.메시지검증_var5.배너_범용성.2안.X_2P__260901_제과_최재원,4,0,67.0,0
2026-09-25,(마스터ASC)[제과_블트하] 26.07_블트깡출시_ASC_전환_video,(마스터ASC)[제과_블트하] 26.07_블트깡출시_ASC_전환_video,[26.09]F_V_BT칩_전환_블트깡출시_쩜오건_나폴리맛피아.KR2_main.릴스_메인.슬기.X_1P__260901_제과_피재은,193,5,2077.0,1
2026-09-25,(마스터ASC)[제과_블트하] 26.07_블트깡출시_ASC_전환_video,(마스터ASC)[제과_블트하] 26.07_블트깡출시_ASC_전환_video,[26.09]F_V_BT칩_전환_블트깡출시_기타_배너.메시지검증_var5.배너_범용성.2안.X_2P__260901_제과_최재원,2,0,10.0,0
2026-09-26,(마스터ASC)[제과_블트하] 26.07_블트깡출시_ASC_전환_video,(마스터ASC)[제과_블트하] 26.07_블트깡출시_ASC_전환_video,[26.09]F_V_BT칩_전환_블트깡출시_쩜오건_나폴리맛피아.KR2_main.릴스_메인.슬기.X_1P__260901_제과_피재은,1063,25,17862.0,5
2026-09-26,(마스터ASC)[제과_블트하] 26.07_블트깡출시_ASC_전환_video,(마스터ASC)[제과_블트하] 26.07_블트깡출시_ASC_전환_video,[26.09]F_V_BT칩_전환_블트깡출시_기타_배너.메시지검증_var5.배너_범용성.2안.X_2P__260901_제과_최재원,10,0,208.0,0
2026-09-27,(마스터ASC)[제과_블트하] 26.07_블트깡출시_ASC_전환_video,(마스터ASC)[제과_블트하] 26.07_블트깡출시_ASC_전환_video,[26.09]F_V_BT칩_전환_블트깡출시_쩜오건_나폴리맛피아.KR2_main.릴스_메인.슬기.X_1P__260901_제과_피재은,896,11,13441.0,0
2026-09-27,(마스터ASC)[제과_블트하] 26.07_블트깡출시_ASC_전환_video,(마스터ASC)[제과_블트하] 26.07_블트깡출시_ASC_전환_video,[26.09]F_V_BT칩_전환_블트깡출시_기타_배너.메시지검증_var5.배너_범용성.2안.X_2P__260901_제과_최재원,2,0,10.0,0
2026-09-23,(마스터ASC)[제과_블트하] 26.07_블트깡출시_ASC_전환_video,(마스터ASC)[제과_블트하] 26.07_블트깡출시_ASC_전환_video,[26.08]F_V_BT칩_전환_블트칩출시_신규BP_인덕션BP.KR1_var4.릴스_일반취식.X_1P_김소희_260807_제과_이봄1,1,0,6.0,0
2026-09-23,(마스터ASC)[제과_블트하] 26.07_블트깡출시_ASC_전환_video,(마스터ASC)[제과_블트하] 26.07_블트깡출시_ASC_전환_video,[26.08]F_V_BT칩_전환_블트칩출시_신규BP_아린이네BP.KR1_var4.릴스_공구형.맛비주얼.X_2P_최나영_260811_제과_윤성미,2,0,61.0,0
2026-09-23,(마스터ASC)[제과_블트하] 26.07_블트깡출시_ASC_전환_video,(마스터ASC)[제과_블트하] 26.07_블트깡출시_ASC_전환_video,[26.08]F_V_BT깡_전환_블트깡출시_신규BP_브랜든배너형BP_var2.릴스_고급간식1티어.X_2P_최재원_260813_제과_최재원,2,0,5.0,0
2026-09-24,(마스터ASC)[제과_블트하] 26.07_블트깡출시_ASC_전환_video,(마스터ASC)[제과_블트하] 26.07_블트깡출시_ASC_전환_video,[26.08]F_V_BT칩_전환_블트칩출시_신규BP_아린이네BP.KR1_var4.릴스_공구형.맛비주얼.X_2P_최나영_260811_제과_윤성미,12,0,307.0,0
2026-09-24,(마스터ASC)[제과_블트하] 26.07_블트깡출시_ASC_전환_video,(마스터ASC)[제과_블트하] 26.07_블트깡출시_ASC_전환_video,[26.08]F_V_BT깡_전환_블트깡출시_라이브커머스형_라이브커머스형.KR1_var12.릴스_가격강조.편의점.슬기.X_1P_김소희_260812_제과_피재은,2,0,7.0,0
2026-09-24,(마스터ASC)[제과_블트하] 26.07_블트깡출시_ASC_전환_video,(마스터ASC)[제과_블트하] 26.07_블트깡출시_ASC_전환_video,[26.08]F_V_BT깡_전환_블트깡출시_신규BP_브랜든배너형BP_var2.릴스_고급간식1티어.X_2P_최재원_260813_제과_최재원,3,0,25.0,0
2026-09-24,(마스터ASC)[제과_블트하] 26.07_블트깡출시_ASC_전환_video,(마스터ASC)[제과_블트하] 26.07_블트깡출시_ASC_전환_video,[26.08]F_V_BT깡_전환_블트깡출시_신규BP_브랜든배너형BP_var5.릴스_고급간식1티어.할인추가.X_2P_최재원_260814_제과_최재원,1,0,3.0,0
2026-09-24,(마스터ASC)[제과_블트하] 26.07_블트깡출시_ASC_전환_video,(마스터ASC)[제과_블트하] 26.07_블트깡출시_ASC_전환_video,[26.08]F_V_BT혼_전환_블트칩출시_신규BP_젤리백BP.이국주.KR1_var2.릴스_이국주+핫함.X_2P_최나영_260814_제과_이봄1,1,0,12.0,0
2026-09-24,(마스터ASC)[제과_블트하] 26.07_블트깡출시_ASC_전환_video,(마스터ASC)[제과_블트하] 26.07_블트깡출시_ASC_전환_video,[26.08]F_V_BT혼_전환_블트칩출시_신규BP_젤리백BP.이국주.KR1_var5.릴스_이국주+취식.X_2P_최나영_260814_제과_이봄1,6,0,209.0,0
2026-09-24,(마스터ASC)[제과_블트하] 26.07_블트깡출시_ASC_전환_video,(마스터ASC)[제과_블트하] 26.07_블트깡출시_ASC_전환_video,[26.08]F_V_BT깡_전환_블트깡출시_신규BP_흥주부BP.이국주.KR2_var1.릴스_이국주.X_2P_김소희_260819_제과_윤성미,28,0,320.0,1
2026-09-25,(마스터ASC)[제과_블트하] 26.07_블트깡출시_ASC_전환_video,(마스터ASC)[제과_블트하] 26.07_블트깡출시_ASC_전환_video,[26.08]F_V_BT칩_전환_블트칩출시_신규BP_아린이네BP.KR1_var4.릴스_공구형.맛비주얼.X_2P_최나영_260811_제과_윤성미,90,1,1238.0,0
2026-09-25,(마스터ASC)[제과_블트하] 26.07_블트깡출시_ASC_전환_video,(마스터ASC)[제과_블트하] 26.07_블트깡출시_ASC_전환_video,[26.08]F_V_BT깡_전환_블트깡출시_라이브커머스형_라이브커머스형.KR1_var12.릴스_가격강조.편의점.슬기.X_1P_김소희_260812_제과_피재은,110,0,1370.0,0
2026-09-25,(마스터ASC)[제과_블트하] 26.07_블트깡출시_ASC_전환_video,(마스터ASC)[제과_블트하] 26.07_블트깡출시_ASC_전환_video,[26.08]F_V_BT깡_전환_블트깡출시_신규BP_브랜든배너형BP_var2.릴스_고급간식1티어.X_2P_최재원_260813_제과_최재원,6,0,53.0,0
2026-09-25,(마스터ASC)[제과_블트하] 26.07_블트깡출시_ASC_전환_video,(마스터ASC)[제과_블트하] 26.07_블트깡출시_ASC_전환_video,[26.08]F_V_BT혼_전환_블트칩출시_신규BP_젤리백BP.이국주.KR1_var5.릴스_이국주+취식.X_2P_최나영_260814_제과_이봄1,3,0,74.0,0
2026-09-25,(마스터ASC)[제과_블트하] 26.07_블트깡출시_ASC_전환_video,(마스터ASC)[제과_블트하] 26.07_블트깡출시_ASC_전환_video,[26.08]F_V_BT깡_전환_블트깡출시_신규BP_흥주부BP.이국주.KR2_var1.릴스_이국주.X_2P_김소희_260819_제과_윤성미,1,0,8.0,0
2026-09-26,(마스터ASC)[제과_블트하] 26.07_블트깡출시_ASC_전환_video,(마스터ASC)[제과_블트하] 26.07_블트깡출시_ASC_전환_video,[26.08]F_V_BT칩_전환_블트칩출시_신규BP_인덕션BP.KR1_var4.릴스_일반취식.X_1P_김소희_260807_제과_이봄1,3,0,6.0,0
2026-09-26,(마스터ASC)[제과_블트하] 26.07_블트깡출시_ASC_전환_video,(마스터ASC)[제과_블트하] 26.07_블트깡출시_ASC_전환_video,[26.08]F_V_BT칩_전환_블트칩출시_신규BP_아린이네BP.KR1_var4.릴스_공구형.맛비주얼.X_2P_최나영_260811_제과_윤성미,34,0,793.0,0
2026-09-26,(마스터ASC)[제과_블트하] 26.07_블트깡출시_ASC_전환_video,(마스터ASC)[제과_블트하] 26.07_블트깡출시_ASC_전환_video,[26.08]F_V_BT깡_전환_블트깡출시_라이브커머스형_라이브커머스형.KR1_var12.릴스_가격강조.편의점.슬기.X_1P_김소희_260812_제과_피재은,30,0,473.0,0
2026-09-26,(마스터ASC)[제과_블트하] 26.07_블트깡출시_ASC_전환_video,(마스터ASC)[제과_블트하] 26.07_블트깡출시_ASC_전환_video,[26.08]F_V_BT깡_전환_블트깡출시_신규BP_브랜든배너형BP_var2.릴스_고급간식1티어.X_2P_최재원_260813_제과_최재원,10,0,37.0,0
2026-09-26,(마스터ASC)[제과_블트하] 26.07_블트깡출시_ASC_전환_video,(마스터ASC)[제과_블트하] 26.07_블트깡출시_ASC_전환_video,[26.08]F_V_BT깡_전환_블트깡출시_신규BP_브랜든배너형BP_var5.릴스_고급간식1티어.할인추가.X_2P_최재원_260814_제과_최재원,2,0,7.0,0
2026-09-26,(마스터ASC)[제과_블트하] 26.07_블트깡출시_ASC_전환_video,(마스터ASC)[제과_블트하] 26.07_블트깡출시_ASC_전환_video,[26.08]F_V_BT혼_전환_블트칩출시_신규BP_젤리백BP.이국주.KR1_var2.릴스_이국주+핫함.X_2P_최나영_260814_제과_이봄1,5,0,36.0,0
2026-09-26,(마스터ASC)[제과_블트하] 26.07_블트깡출시_ASC_전환_video,(마스터ASC)[제과_블트하] 26.07_블트깡출시_ASC_전환_video,[26.08]F_V_BT깡_전환_블트깡출시_신규BP_흥주부BP.이국주.KR2_var1.릴스_이국주.X_2P_김소희_260819_제과_윤성미,87,4,1053.0,0
2026-09-27,(마스터ASC)[제과_블트하] 26.07_블트깡출시_ASC_전환_video,(마스터ASC)[제과_블트하] 26.07_블트깡출시_ASC_전환_video,[26.08]F_V_BT칩_전환_블트칩출시_신규BP_아린이네BP.KR1_var4.릴스_공구형.맛비주얼.X_2P_최나영_260811_제과_윤성미,14,0,246.0,0
2026-09-27,(마스터ASC)[제과_블트하] 26.07_블트깡출시_ASC_전환_video,(마스터ASC)[제과_블트하] 26.07_블트깡출시_ASC_전환_video,[26.08]F_V_BT깡_전환_블트깡출시_라이브커머스형_라이브커머스형.KR1_var12.릴스_가격강조.편의점.슬기.X_1P_김소희_260812_제과_피재은,11,0,255.0,0
2026-09-27,(마스터ASC)[제과_블트하] 26.07_블트깡출시_ASC_전환_video,(마스터ASC)[제과_블트하] 26.07_블트깡출시_ASC_전환_video,[26.08]F_V_BT깡_전환_블트깡출시_신규BP_브랜든배너형BP_var2.릴스_고급간식1티어.X_2P_최재원_260813_제과_최재원,5,0,15.0,0
2026-09-27,(마스터ASC)[제과_블트하] 26.07_블트깡출시_ASC_전환_video,(마스터ASC)[제과_블트하] 26.07_블트깡출시_ASC_전환_video,[26.08]F_V_BT혼_전환_블트칩출시_신규BP_젤리백BP.이국주.KR1_var2.릴스_이국주+핫함.X_2P_최나영_260814_제과_이봄1,29,0,281.0,0
2026-09-27,(마스터ASC)[제과_블트하] 26.07_블트깡출시_ASC_전환_video,(마스터ASC)[제과_블트하] 26.07_블트깡출시_ASC_전환_video,[26.08]F_V_BT깡_전환_블트깡출시_신규BP_흥주부BP.이국주.KR2_var1.릴스_이국주.X_2P_김소희_260819_제과_윤성미,36,0,591.0,0
2026-09-24,(마스터ASC)[제과_블트하] 26.07_블트깡출시_ASC_전환_video,(마스터ASC)[제과_블트하] 26.07_블트깡출시_ASC_전환_video,[26.08]F_V_BT칩_전환_블트깡출시_신규BP_브랜든배너형BP_var1.릴스_손님간식1티어.X_2P_최재원_260813_제과_최재원,59,0,512.0,0
2026-09-25,(마스터ASC)[제과_블트하] 26.07_블트깡출시_ASC_전환_video,(마스터ASC)[제과_블트하] 26.07_블트깡출시_ASC_전환_video,[26.08]F_V_BT깡_전환_블트깡출시_라이브커머스형_라이브커머스형.KR1_var9.릴스_가격강조.메인.슬기.X_1P_김소희_260812_제과_피재은,150,1,2450.0,0
2026-09-25,(마스터ASC)[제과_블트하] 26.07_블트깡출시_ASC_전환_video,(마스터ASC)[제과_블트하] 26.07_블트깡출시_ASC_전환_video,[26.08]F_V_BT칩_전환_블트깡출시_신규BP_브랜든배너형BP_var1.릴스_손님간식1티어.X_2P_최재원_260813_제과_최재원,9,0,67.0,0
2026-09-26,(마스터ASC)[제과_블트하] 26.07_블트깡출시_ASC_전환_video,(마스터ASC)[제과_블트하] 26.07_블트깡출시_ASC_전환_video,[26.08]F_V_BT깡_전환_블트깡출시_라이브커머스형_라이브커머스형.KR1_var9.릴스_가격강조.메인.슬기.X_1P_김소희_260812_제과_피재은,104,0,2699.0,0
2026-09-26,(마스터ASC)[제과_블트하] 26.07_블트깡출시_ASC_전환_video,(마스터ASC)[제과_블트하] 26.07_블트깡출시_ASC_전환_video,[26.08]F_V_BT칩_전환_블트깡출시_신규BP_브랜든배너형BP_var1.릴스_손님간식1티어.X_2P_최재원_260813_제과_최재원,29,0,229.0,0
2026-09-27,(마스터ASC)[제과_블트하] 26.07_블트깡출시_ASC_전환_video,(마스터ASC)[제과_블트하] 26.07_블트깡출시_ASC_전환_video,[26.08]F_V_BT깡_전환_블트깡출시_라이브커머스형_라이브커머스형.KR1_var9.릴스_가격강조.메인.슬기.X_1P_김소희_260812_제과_피재은,16,0,130.0,0
2026-09-27,(마스터ASC)[제과_블트하] 26.07_블트깡출시_ASC_전환_video,(마스터ASC)[제과_블트하] 26.07_블트깡출시_ASC_전환_video,[26.08]F_V_BT칩_전환_블트깡출시_신규BP_브랜든배너형BP_var1.릴스_손님간식1티어.X_2P_최재원_260813_제과_최재원,1,0,6.0,0
2026-09-23,(마스터ASC)[제과_블트하] 26.07_블트깡출시_ASC_전환_video,(마스터ASC)[제과_블트하] 26.07_블트깡출시_ASC_전환_video,[26.09]F_V_BT칩_전환_블트깡출시_쩜오건_나폴리맛피아.KR2_var2.릴스_원조.슬기.X_1P__260901_제과_피재은,9,1,146.0,1
2026-09-24,(마스터ASC)[제과_블트하] 26.07_블트깡출시_ASC_전환_video,(마스터ASC)[제과_블트하] 26.07_블트깡출시_ASC_전환_video,[26.08]F_V_BT칩_전환_블트깡출시_신규BP_브랜든배너형BP_var3.릴스_맥주안주1티어.할인추가.X_2P_최재원_260814_제과_최재원,2,0,77.0,0
2026-09-24,(마스터ASC)[제과_블트하] 26.07_블트깡출시_ASC_전환_video,(마스터ASC)[제과_블트하] 26.07_블트깡출시_ASC_전환_video,[26.09]F_V_BT칩_전환_블트깡출시_쩜오건_나폴리맛피아.KR2_var2.릴스_원조.슬기.X_1P__260901_제과_피재은,416,8,5773.0,0
2026-09-25,(마스터ASC)[제과_블트하] 26.07_블트깡출시_ASC_전환_video,(마스터ASC)[제과_블트하] 26.07_블트깡출시_ASC_전환_video,[26.08]F_V_BT칩_전환_블트깡출시_신규BP_브랜든배너형BP_var3.릴스_맥주안주1티어.할인추가.X_2P_최재원_260814_제과_최재원,2,0,22.0,0
2026-09-25,(마스터ASC)[제과_블트하] 26.07_블트깡출시_ASC_전환_video,(마스터ASC)[제과_블트하] 26.07_블트깡출시_ASC_전환_video,[26.09]F_V_BT칩_전환_블트깡출시_쩜오건_나폴리맛피아.KR2_var2.릴스_원조.슬기.X_1P__260901_제과_피재은,235,4,3154.0,1
2026-09-26,(마스터ASC)[제과_블트하] 26.07_블트깡출시_ASC_전환_video,(마스터ASC)[제과_블트하] 26.07_블트깡출시_ASC_전환_video,[26.08]F_V_BT칩_전환_블트깡출시_신규BP_브랜든배너형BP_var3.릴스_맥주안주1티어.할인추가.X_2P_최재원_260814_제과_최재원,8,0,403.0,0
2026-09-26,(마스터ASC)[제과_블트하] 26.07_블트깡출시_ASC_전환_video,(마스터ASC)[제과_블트하] 26.07_블트깡출시_ASC_전환_video,[26.09]F_V_BT칩_전환_블트깡출시_쩜오건_나폴리맛피아.KR2_var2.릴스_원조.슬기.X_1P__260901_제과_피재은,1159,34,21139.0,2
2026-09-27,(마스터ASC)[제과_블트하] 26.07_블트깡출시_ASC_전환_video,(마스터ASC)[제과_블트하] 26.07_블트깡출시_ASC_전환_video,[26.08]F_V_BT칩_전환_블트깡출시_신규BP_브랜든배너형BP_var3.릴스_맥주안주1티어.할인추가.X_2P_최재원_260814_제과_최재원,45,0,705.0,1
2026-09-27,(마스터ASC)[제과_블트하] 26.07_블트깡출시_ASC_전환_video,(마스터ASC)[제과_블트하] 26.07_블트깡출시_ASC_전환_video,[26.09]F_V_BT칩_전환_블트깡출시_쩜오건_나폴리맛피아.KR2_var2.릴스_원조.슬기.X_1P__260901_제과_피재은,4203,37,51652.0,3
2026-09-23,[제과_치즈팝콘] 26.08_치즈팝콘출시_수동_전환_video_전체타겟,(0805) 네고형_치즈팝콘출시 (KR2) (재은님),[26.08]F_V_PC치_전환_치즈팝콘출시_네고형_네고형_var5.릴스_페인포인트.슬기.X_1P_권미정_260805_제과_피재은,20213,180,174168.0,7
2026-09-24,[제과_치즈팝콘] 26.08_치즈팝콘출시_수동_전환_video_전체타겟,(0805) 네고형_치즈팝콘출시 (KR2) (재은님),[26.08]F_V_PC치_전환_치즈팝콘출시_네고형_네고형_var5.릴스_페인포인트.슬기.X_1P_권미정_260805_제과_피재은,13212,157,109911.0,4
2026-09-25,(마스터ASC)[제과_블트하] 26.07_블트깡출시_ASC_전환_video,(마스터ASC)[제과_블트하] 26.07_블트깡출시_ASC_전환_video,[26.08]F_V_BT깡_전환_블트깡출시_네고형_지인네고형.김그릇BP_var1.릴스_맛.X_1P_김소희_260807_제과_강경연,2,0,92.0,0
2026-09-26,(마스터ASC)[제과_블트하] 26.07_블트깡출시_ASC_전환_video,(마스터ASC)[제과_블트하] 26.07_블트깡출시_ASC_전환_video,[26.08]F_V_BT깡_전환_블트깡출시_네고형_지인네고형.김그릇BP_var1.릴스_맛.X_1P_김소희_260807_제과_강경연,2,0,14.0,0
2026-09-27,(마스터ASC)[제과_블트하] 26.07_블트깡출시_ASC_전환_video,(마스터ASC)[제과_블트하] 26.07_블트깡출시_ASC_전환_video,[26.08]F_V_BT깡_전환_블트깡출시_네고형_지인네고형.김그릇BP_var1.릴스_맛.X_1P_김소희_260807_제과_강경연,65,1,1286.0,0
2026-09-23,[제과_블트하] 26.07_블트깡출시_수동_전환_video_전체타겟,0807_인덕션BP_블트칩출시 (KR1),[26.08]F_V_BT칩_전환_블트칩출시_신규BP_인덕션BP.KR1_var4.릴스_일반취식.X_1P_김소희_260807_제과_이봄1,26,1,346.0,0
2026-09-25,[제과_블트하] 26.07_블트깡출시_수동_전환_video_전체타겟,0807_인덕션BP_블트칩출시 (KR1),[26.08]F_V_BT칩_전환_블트칩출시_신규BP_인덕션BP.KR1_var4.릴스_일반취식.X_1P_김소희_260807_제과_이봄1,2,0,7.0,0
2026-09-26,[제과_블트하] 26.07_블트깡출시_수동_전환_video_전체타겟,0807_인덕션BP_블트칩출시 (KR1),[26.08]F_V_BT칩_전환_블트칩출시_신규BP_인덕션BP.KR1_var4.릴스_일반취식.X_1P_김소희_260807_제과_이봄1,42,1,947.0,1
2026-09-27,[제과_블트하] 26.07_블트깡출시_수동_전환_video_전체타겟,0807_인덕션BP_블트칩출시 (KR1),[26.08]F_V_BT칩_전환_블트칩출시_신규BP_인덕션BP.KR1_var4.릴스_일반취식.X_1P_김소희_260807_제과_이봄1,956,13,16312.0,3
2026-09-23,(마스터ASC)[제과_블트하] 26.07_블트깡출시_ASC_전환_video,(마스터ASC)[제과_블트하] 26.07_블트깡출시_ASC_전환_video,[26.08]F_V_BT깡_전환_블트깡출시_네고형_지인네고형.김그릇BP_var4.릴스_가성비.X_1P_김소희_260807_제과_강경연,2,0,65.0,0
2026-09-23,[제과_초코퐁당] 26.09_초코퐁당출시_수동_전환_image_전체타겟,(0909) 로이스가성비형_초코퐁당출시 (KR2) (미정님),[26.09]F_I_PN초_전환_초코퐁당출시_매거진형_KR2_.배너_이니4.잇자국로이스자극.__권미정_260909_제과_마팀,76,0,761.0,0
2026-09-23,[제과_초코퐁당] 26.09_초코퐁당출시_수동_전환_image_전체타겟,(0909) 로이스가성비형_초코퐁당출시 (KR2) (미정님),[26.09]F_I_PN초_전환_초코퐁당출시_매거진형_KR2_.배너_이니7.야외면세점로이스.__권미정_260909_제과_마팀,83,3,1037.0,0
2026-09-23,[제과_초코퐁당] 26.09_초코퐁당출시_수동_전환_image_전체타겟,(0909) 로이스가성비형_초코퐁당출시 (KR2) (미정님),[26.09]F_I_PN초_전환_초코퐁당출시_매거진형_KR2_.배너_이니2.야외생초코연상.__권미정_260909_제과_마팀,394,1,6932.0,0
2026-09-23,[제과_초코퐁당] 26.09_초코퐁당출시_수동_전환_image_전체타겟,(0909) 로이스가성비형_초코퐁당출시 (KR2) (미정님),[26.09]F_I_PN초_전환_초코퐁당출시_매거진형_KR2_.배너_이니6.단면강조맛표현.__권미정_260909_제과_마팀,174,1,2003.0,0
2026-09-23,[제과_초코퐁당] 26.09_초코퐁당출시_수동_전환_image_전체타겟,(0909) 로이스가성비형_초코퐁당출시 (KR2) (미정님),[26.09]F_I_PN초_전환_초코퐁당출시_매거진형_KR2_.배너_이니1.기존만수르베리.__권미정_260909_제과_마팀,318,2,3256.0,0
2026-09-23,[제과_초코퐁당] 26.09_초코퐁당출시_수동_전환_image_전체타겟,(0909) 로이스가성비형_초코퐁당출시 (KR2) (미정님),[26.09]F_I_PN초_전환_초코퐁당출시_매거진형_KR2_.배너_이니3.패키지묶음재벌비유.__권미정_260909_제과_마팀,325,9,4918.0,0
2026-09-23,[제과_초코퐁당] 26.09_초코퐁당출시_수동_전환_image_전체타겟,(0909) 로이스가성비형_초코퐁당출시 (KR2) (미정님),[26.09]F_I_PN초_전환_초코퐁당출시_매거진형_KR2_.배너_이니5.규모감맛표현.__권미정_260909_제과_마팀,1050,11,11059.0,4
2026-09-23,[제과_초코퐁당] 26.09_초코퐁당출시_수동_전환_image_전체타겟,(0922) 살안찌는 초콜릿형_초코퐁당출시 (KR1) (서연님),[26.09]F_I_PN초_전환_초코퐁당출시_제품강조형_KR1_.릴스_양적.5봉지vs.__권미정_260922_제과_박서연,217,4,3861.0,0
2026-09-23,[제과_초코퐁당] 26.09_초코퐁당출시_수동_전환_image_전체타겟,(0922) 살안찌는 초콜릿형_초코퐁당출시 (KR1) (서연님),[26.09]F_I_PN초_전환_초코퐁당출시_제품강조형_KR1_.릴스_양적.이분할.__권미정_260922_제과_박서연,105,0,1319.0,0
2026-09-23,[제과_초코퐁당] 26.09_초코퐁당출시_수동_전환_image_전체타겟,(0922) 살안찌는 초콜릿형_초코퐁당출시 (KR1) (서연님),[26.09]F_I_PN초_전환_초코퐁당출시_제품강조형_KR1_.릴스_양적.박스째먹어도.__권미정_260922_제과_박서연,74,0,941.0,0
2026-09-23,[제과_초코퐁당] 26.09_초코퐁당출시_수동_전환_image_전체타겟,(0922) 살안찌는 초콜릿형_초코퐁당출시 (KR1) (서연님),[26.09]F_I_PN초_전환_초코퐁당출시_제품강조형_KR1_.릴스_질적.군것질대장.__권미정_260922_제과_박서연,30,0,607.0,0
2026-09-23,[제과_초코퐁당] 26.09_초코퐁당출시_수동_전환_image_전체타겟,(0922) 살안찌는 초콜릿형_초코퐁당출시 (KR1) (서연님),[26.09]F_I_PN초_전환_초코퐁당출시_제품강조형_KR1_.릴스_질적.다이어트고인물.__권미정_260922_제과_박서연,238,1,4417.0,0
2026-09-23,[제과_초코퐁당] 26.09_초코퐁당출시_수동_전환_image_전체타겟,(0922) 살안찌는 초콜릿형_초코퐁당출시 (KR1) (서연님),[26.09]F_I_PN초_전환_초코퐁당출시_제품강조형_KR1_.릴스_질적.마음자로.__권미정_260922_제과_박서연,834,10,10905.0,0
2026-09-24,(마스터ASC)[제과_블트하] 26.07_블트깡출시_ASC_전환_video,(마스터ASC)[제과_블트하] 26.07_블트깡출시_ASC_전환_video,[26.08]F_V_BT깡_전환_블트깡출시_네고형_지인네고형.김그릇BP_var4.릴스_가성비.X_1P_김소희_260807_제과_강경연,36,0,1380.0,0
2026-09-24,(마스터ASC)[제과_블트하] 26.07_블트깡출시_ASC_전환_video,(마스터ASC)[제과_블트하] 26.07_블트깡출시_ASC_전환_video,[26.08]F_V_BT깡_전환_블트깡출시_쩜오건_시즈닝강조.이국주.KR1_var3.릴스_블트깡.트러플.슬기.X_1P__260820_제과_문형민,23,2,513.0,0
2026-09-24,[제과_초코퐁당] 26.09_초코퐁당출시_수동_전환_image_전체타겟,(0909) 로이스가성비형_초코퐁당출시 (KR2) (미정님),[26.09]F_I_PN초_전환_초코퐁당출시_매거진형_KR2_.배너_이니4.잇자국로이스자극.__권미정_260909_제과_마팀,76,3,725.0,0
2026-09-24,[제과_초코퐁당] 26.09_초코퐁당출시_수동_전환_image_전체타겟,(0909) 로이스가성비형_초코퐁당출시 (KR2) (미정님),[26.09]F_I_PN초_전환_초코퐁당출시_매거진형_KR2_.배너_이니7.야외면세점로이스.__권미정_260909_제과_마팀,12,0,63.0,0
2026-09-24,[제과_초코퐁당] 26.09_초코퐁당출시_수동_전환_image_전체타겟,(0909) 로이스가성비형_초코퐁당출시 (KR2) (미정님),[26.09]F_I_PN초_전환_초코퐁당출시_매거진형_KR2_.배너_이니2.야외생초코연상.__권미정_260909_제과_마팀,1020,9,10186.0,0
2026-09-24,[제과_초코퐁당] 26.09_초코퐁당출시_수동_전환_image_전체타겟,(0909) 로이스가성비형_초코퐁당출시 (KR2) (미정님),[26.09]F_I_PN초_전환_초코퐁당출시_매거진형_KR2_.배너_이니6.단면강조맛표현.__권미정_260909_제과_마팀,66,1,589.0,0
2026-09-24,[제과_초코퐁당] 26.09_초코퐁당출시_수동_전환_image_전체타겟,(0909) 로이스가성비형_초코퐁당출시 (KR2) (미정님),[26.09]F_I_PN초_전환_초코퐁당출시_매거진형_KR2_.배너_이니1.기존만수르베리.__권미정_260909_제과_마팀,290,1,2523.0,0
2026-09-24,[제과_초코퐁당] 26.09_초코퐁당출시_수동_전환_image_전체타겟,(0909) 로이스가성비형_초코퐁당출시 (KR2) (미정님),[26.09]F_I_PN초_전환_초코퐁당출시_매거진형_KR2_.배너_이니3.패키지묶음재벌비유.__권미정_260909_제과_마팀,126,1,1450.0,0
2026-09-24,[제과_초코퐁당] 26.09_초코퐁당출시_수동_전환_image_전체타겟,(0909) 로이스가성비형_초코퐁당출시 (KR2) (미정님),[26.09]F_I_PN초_전환_초코퐁당출시_매거진형_KR2_.배너_이니5.규모감맛표현.__권미정_260909_제과_마팀,164,0,1060.0,0
2026-09-24,[제과_초코퐁당] 26.09_초코퐁당출시_수동_전환_image_전체타겟,(0922) 살안찌는 초콜릿형_초코퐁당출시 (KR1) (서연님),[26.09]F_I_PN초_전환_초코퐁당출시_제품강조형_KR1_.릴스_양적.5봉지vs.__권미정_260922_제과_박서연,435,4,7274.0,2
2026-09-24,[제과_초코퐁당] 26.09_초코퐁당출시_수동_전환_image_전체타겟,(0922) 살안찌는 초콜릿형_초코퐁당출시 (KR1) (서연님),[26.09]F_I_PN초_전환_초코퐁당출시_제품강조형_KR1_.릴스_양적.이분할.__권미정_260922_제과_박서연,189,2,2540.0,1
2026-09-24,[제과_초코퐁당] 26.09_초코퐁당출시_수동_전환_image_전체타겟,(0922) 살안찌는 초콜릿형_초코퐁당출시 (KR1) (서연님),[26.09]F_I_PN초_전환_초코퐁당출시_제품강조형_KR1_.릴스_양적.박스째먹어도.__권미정_260922_제과_박서연,429,8,6097.0,0
2026-09-24,[제과_초코퐁당] 26.09_초코퐁당출시_수동_전환_image_전체타겟,(0922) 살안찌는 초콜릿형_초코퐁당출시 (KR1) (서연님),[26.09]F_I_PN초_전환_초코퐁당출시_제품강조형_KR1_.릴스_질적.군것질대장.__권미정_260922_제과_박서연,49,1,444.0,0
2026-09-24,[제과_초코퐁당] 26.09_초코퐁당출시_수동_전환_image_전체타겟,(0922) 살안찌는 초콜릿형_초코퐁당출시 (KR1) (서연님),[26.09]F_I_PN초_전환_초코퐁당출시_제품강조형_KR1_.릴스_질적.다이어트고인물.__권미정_260922_제과_박서연,355,1,4421.0,1
2026-09-24,[제과_초코퐁당] 26.09_초코퐁당출시_수동_전환_image_전체타겟,(0922) 살안찌는 초콜릿형_초코퐁당출시 (KR1) (서연님),[26.09]F_I_PN초_전환_초코퐁당출시_제품강조형_KR1_.릴스_질적.마음자로.__권미정_260922_제과_박서연,12722,92,127048.0,13
2026-09-25,(마스터ASC)[제과_블트하] 26.07_블트깡출시_ASC_전환_video,(마스터ASC)[제과_블트하] 26.07_블트깡출시_ASC_전환_video,[26.08]F_V_BT깡_전환_블트깡출시_네고형_지인네고형.김그릇BP_var4.릴스_가성비.X_1P_김소희_260807_제과_강경연,9,0,159.0,0
2026-09-25,(마스터ASC)[제과_블트하] 26.07_블트깡출시_ASC_전환_video,(마스터ASC)[제과_블트하] 26.07_블트깡출시_ASC_전환_video,[26.08]F_V_BT깡_전환_블트깡출시_쩜오건_시즈닝강조.이국주.KR1_var3.릴스_블트깡.트러플.슬기.X_1P__260820_제과_문형민,8,0,31.0,0
2026-09-25,[제과_초코퐁당] 26.09_초코퐁당출시_수동_전환_image_전체타겟,(0922) 살안찌는 초콜릿형_초코퐁당출시 (KR1) (서연님),[26.09]F_I_PN초_전환_초코퐁당출시_제품강조형_KR1_.릴스_양적.5봉지vs.__권미정_260922_제과_박서연,195,7,3851.0,1
2026-09-25,[제과_초코퐁당] 26.09_초코퐁당출시_수동_전환_image_전체타겟,(0922) 살안찌는 초콜릿형_초코퐁당출시 (KR1) (서연님),[26.09]F_I_PN초_전환_초코퐁당출시_제품강조형_KR1_.릴스_양적.이분할.__권미정_260922_제과_박서연,10744,98,53316.0,1
2026-09-25,[제과_초코퐁당] 26.09_초코퐁당출시_수동_전환_image_전체타겟,(0922) 살안찌는 초콜릿형_초코퐁당출시 (KR1) (서연님),[26.09]F_I_PN초_전환_초코퐁당출시_제품강조형_KR1_.릴스_양적.박스째먹어도.__권미정_260922_제과_박서연,3167,45,38895.0,2
2026-09-25,[제과_초코퐁당] 26.09_초코퐁당출시_수동_전환_image_전체타겟,(0922) 살안찌는 초콜릿형_초코퐁당출시 (KR1) (서연님),[26.09]F_I_PN초_전환_초코퐁당출시_제품강조형_KR1_.릴스_질적.군것질대장.__권미정_260922_제과_박서연,593,7,7250.0,1
2026-09-25,[제과_초코퐁당] 26.09_초코퐁당출시_수동_전환_image_전체타겟,(0922) 살안찌는 초콜릿형_초코퐁당출시 (KR1) (서연님),[26.09]F_I_PN초_전환_초코퐁당출시_제품강조형_KR1_.릴스_질적.다이어트고인물.__권미정_260922_제과_박서연,40,1,672.0,1
2026-09-25,[제과_초코퐁당] 26.09_초코퐁당출시_수동_전환_image_전체타겟,(0922) 살안찌는 초콜릿형_초코퐁당출시 (KR1) (서연님),[26.09]F_I_PN초_전환_초코퐁당출시_제품강조형_KR1_.릴스_질적.마음자로.__권미정_260922_제과_박서연,11063,121,133826.0,16
2026-09-26,(마스터ASC)[제과_블트하] 26.07_블트깡출시_ASC_전환_video,(마스터ASC)[제과_블트하] 26.07_블트깡출시_ASC_전환_video,[26.08]F_V_BT깡_전환_블트깡출시_네고형_지인네고형.김그릇BP_var4.릴스_가성비.X_1P_김소희_260807_제과_강경연,91,6,3225.0,0
2026-09-26,(마스터ASC)[제과_블트하] 26.07_블트깡출시_ASC_전환_video,(마스터ASC)[제과_블트하] 26.07_블트깡출시_ASC_전환_video,[26.08]F_V_BT깡_전환_블트깡출시_쩜오건_시즈닝강조.이국주.KR1_var3.릴스_블트깡.트러플.슬기.X_1P__260820_제과_문형민,97,2,1043.0,0
2026-09-26,[제과_초코퐁당] 26.09_초코퐁당출시_수동_전환_image_전체타겟,(0922) 살안찌는 초콜릿형_초코퐁당출시 (KR1) (서연님),[26.09]F_I_PN초_전환_초코퐁당출시_제품강조형_KR1_.릴스_양적.5봉지vs.__권미정_260922_제과_박서연,1230,21,26517.0,3
2026-09-26,[제과_초코퐁당] 26.09_초코퐁당출시_수동_전환_image_전체타겟,(0922) 살안찌는 초콜릿형_초코퐁당출시 (KR1) (서연님),[26.09]F_I_PN초_전환_초코퐁당출시_제품강조형_KR1_.릴스_양적.박스째먹어도.__권미정_260922_제과_박서연,15424,159,145154.0,15
2026-09-26,[제과_초코퐁당] 26.09_초코퐁당출시_수동_전환_image_전체타겟,(0922) 살안찌는 초콜릿형_초코퐁당출시 (KR1) (서연님),[26.09]F_I_PN초_전환_초코퐁당출시_제품강조형_KR1_.릴스_질적.군것질대장.__권미정_260922_제과_박서연,2618,26,30086.0,5
2026-09-26,[제과_초코퐁당] 26.09_초코퐁당출시_수동_전환_image_전체타겟,(0922) 살안찌는 초콜릿형_초코퐁당출시 (KR1) (서연님),[26.09]F_I_PN초_전환_초코퐁당출시_제품강조형_KR1_.릴스_질적.다이어트고인물.__권미정_260922_제과_박서연,143,2,2552.0,1
2026-09-26,[제과_초코퐁당] 26.09_초코퐁당출시_수동_전환_image_전체타겟,(0922) 살안찌는 초콜릿형_초코퐁당출시 (KR1) (서연님),[26.09]F_I_PN초_전환_초코퐁당출시_제품강조형_KR1_.릴스_질적.마음자로.__권미정_260922_제과_박서연,1719,14,21390.0,1
2026-09-27,(마스터ASC)[제과_블트하] 26.07_블트깡출시_ASC_전환_video,(마스터ASC)[제과_블트하] 26.07_블트깡출시_ASC_전환_video,[26.08]F_V_BT깡_전환_블트깡출시_네고형_지인네고형.김그릇BP_var4.릴스_가성비.X_1P_김소희_260807_제과_강경연,139,5,5857.0,2
2026-09-27,(마스터ASC)[제과_블트하] 26.07_블트깡출시_ASC_전환_video,(마스터ASC)[제과_블트하] 26.07_블트깡출시_ASC_전환_video,[26.08]F_V_BT깡_전환_블트깡출시_쩜오건_시즈닝강조.이국주.KR1_var3.릴스_블트깡.트러플.슬기.X_1P__260820_제과_문형민,26,0,280.0,0
2026-09-27,[제과_초코퐁당] 26.09_초코퐁당출시_수동_전환_image_전체타겟,(0922) 살안찌는 초콜릿형_초코퐁당출시 (KR1) (서연님),[26.09]F_I_PN초_전환_초코퐁당출시_제품강조형_KR1_.릴스_양적.5봉지vs.__권미정_260922_제과_박서연,9629,121,122636.0,13
2026-09-27,[제과_초코퐁당] 26.09_초코퐁당출시_수동_전환_image_전체타겟,(0922) 살안찌는 초콜릿형_초코퐁당출시 (KR1) (서연님),[26.09]F_I_PN초_전환_초코퐁당출시_제품강조형_KR1_.릴스_양적.박스째먹어도.__권미정_260922_제과_박서연,2812,26,28602.0,2
2026-09-27,[제과_초코퐁당] 26.09_초코퐁당출시_수동_전환_image_전체타겟,(0922) 살안찌는 초콜릿형_초코퐁당출시 (KR1) (서연님),[26.09]F_I_PN초_전환_초코퐁당출시_제품강조형_KR1_.릴스_질적.군것질대장.__권미정_260922_제과_박서연,746,8,13555.0,4
2026-09-27,[제과_초코퐁당] 26.09_초코퐁당출시_수동_전환_image_전체타겟,(0922) 살안찌는 초콜릿형_초코퐁당출시 (KR1) (서연님),[26.09]F_I_PN초_전환_초코퐁당출시_제품강조형_KR1_.릴스_질적.다이어트고인물.__권미정_260922_제과_박서연,273,2,5807.0,0
2026-09-27,[제과_초코퐁당] 26.09_초코퐁당출시_수동_전환_image_전체타겟,(0922) 살안찌는 초콜릿형_초코퐁당출시 (KR1) (서연님),[26.09]F_I_PN초_전환_초코퐁당출시_제품강조형_KR1_.릴스_질적.마음자로.__권미정_260922_제과_박서연,1159,11,15056.0,1
2026-09-23,[제과_초코퐁당] 26.09_초코퐁당출시_수동_전환_image_전체타겟,(0922) 살안찌는 초콜릿형_초코퐁당출시 (KR1) (서연님),[26.09]F_I_PN초_전환_초코퐁당출시_제품강조형_KR1_.릴스_양적.와구와구.__권미정_260922_제과_박서연,30,0,412.0,0
2026-09-23,[제과_초코퐁당] 26.09_초코퐁당출시_수동_전환_image_전체타겟,(0922) 살안찌는 초콜릿형_초코퐁당출시 (KR1) (서연님),[26.09]F_I_PN초_전환_초코퐁당출시_제품강조형_KR1_.릴스_질적.완벽한입터짐구원템.__권미정_260922_제과_박서연,90,0,1422.0,0
2026-09-23,[제과_초코퐁당] 26.09_초코퐁당출시_수동_전환_image_전체타겟,(0922) 살안찌는 초콜릿형_초코퐁당출시 (KR1) (서연님),[26.09]F_I_PN초_전환_초코퐁당출시_제품강조형_KR1_.릴스_씹자마자대폭발.__권미정_260923_제과_박서연,70,0,1080.0,0
2026-09-23,[제과_초코퐁당] 26.09_초코퐁당출시_수동_전환_image_전체타겟,(0922) 살안찌는 초콜릿형_초코퐁당출시 (KR1) (서연님),[26.09]F_I_PN초_전환_초코퐁당출시_제품강조형_KR1_.릴스_인위적인맛1도없는.__권미정_260923_제과_박서연,45,0,747.0,0
2026-09-23,[제과_초코퐁당] 26.09_초코퐁당출시_수동_전환_image_전체타겟,(0922) 살안찌는 초콜릿형_초코퐁당출시 (KR1) (서연님),[26.09]F_I_PN초_전환_초코퐁당출시_제품강조형_KR1_.릴스_꽉찬포코그자체.__권미정_260923_제과_박서연,141,1,1540.0,0
2026-09-23,[제과_초코퐁당] 26.09_초코퐁당출시_수동_전환_image_전체타겟,(0922) 살안찌는 초콜릿형_초코퐁당출시 (KR1) (서연님),[26.09]F_I_PN초_전환_초코퐁당출시_제품강조형_KR1_.릴스_꾸덕한초코폭포.__권미정_260923_제과_박서연,317,2,4756.0,0
2026-09-23,[제과_초코퐁당] 26.09_초코퐁당출시_수동_전환_image_전체타겟,(0922) 살안찌는 초콜릿형_초코퐁당출시 (KR1) (서연님),[26.09]F_I_PN초_전환_초코퐁당출시_제품강조형_KR1_.릴스_다이어트초코가이렇게.__권미정_260923_제과_박서연,190,1,1683.0,0
2026-09-23,[제과_초코퐁당] 26.09_초코퐁당출시_수동_전환_image_전체타겟,(0923) 혜택강조형(살안찌는 초콜릿)_초코퐁당출시 (KR1) (수정님),[26.09]F_I_PN초_전환_초코퐁당출시_제품강조형_KR1_.배너_밀크초코파쌀때쟁이세요.__권미정_260923_제과_김수정,12,0,689.0,0
2026-09-23,[제과_초코퐁당] 26.09_초코퐁당출시_수동_전환_image_전체타겟,(0923) 혜택강조형(살안찌는 초콜릿)_초코퐁당출시 (KR1) (수정님),[26.09]F_I_PN초_전환_초코퐁당출시_제품강조형_KR1_.배너_퍼석퍼석부서지는.__권미정_260923_제과_김수정,4,0,135.0,0
2026-09-23,[제과_초코퐁당] 26.09_초코퐁당출시_수동_전환_image_전체타겟,(0923) 혜택강조형(살안찌는 초콜릿)_초코퐁당출시 (KR1) (수정님),[26.09]F_I_PN초_전환_초코퐁당출시_제품강조형_KR1_.배너_초코퐁당으로정착함.__권미정_260923_제과_김수정,2,0,78.0,0
2026-09-23,[제과_초코퐁당] 26.09_초코퐁당출시_수동_전환_image_전체타겟,(0923) 혜택강조형(살안찌는 초콜릿)_초코퐁당출시 (KR1) (수정님),[26.09]F_I_PN초_전환_초코퐁당출시_제품강조형_KR1_.배너_다이어트소녀들아.__권미정_260923_제과_김수정,1,0,29.0,0
2026-09-23,[제과_초코퐁당] 26.09_초코퐁당출시_수동_전환_image_전체타겟,(0923) 혜택강조형(살안찌는 초콜릿)_초코퐁당출시 (KR1) (수정님),[26.09]F_I_PN초_전환_초코퐁당출시_제품강조형_KR1_.배너_매일먹어도되는.__권미정_260923_제과_김수정,10,0,175.0,0
2026-09-23,[제과_초코퐁당] 26.09_초코퐁당출시_수동_전환_image_전체타겟,(0923) 혜택강조형(살안찌는 초콜릿)_초코퐁당출시 (KR1) (수정님),[26.09]F_I_PN초_전환_초코퐁당출시_제품강조형_KR1_.배너_편견깨러왔습니다.__권미정_260923_제과_김수정,6,0,202.0,0
2026-09-24,(마스터ASC)[제과_블트하] 26.07_블트깡출시_ASC_전환_video,(마스터ASC)[제과_블트하] 26.07_블트깡출시_ASC_전환_video,[26.08]F_V_BT깡_전환_블트깡출시_라이브커머스형_라이브커머스형.KR1_main.릴스_찐템강조.메인.슬기.X_1P_김소희_260811_제과_피재은,4,0,48.0,0
2026-09-24,(마스터ASC)[제과_블트하] 26.07_블트깡출시_ASC_전환_video,(마스터ASC)[제과_블트하] 26.07_블트깡출시_ASC_전환_video,[26.08]F_V_BT혼_전환_블트칩출시_신규BP_젤리백BP.이국주.KR1_var1.릴스_본론.이국주만.X_2P_최나영_260814_제과_이봄1,4,0,85.0,0
2026-09-24,(마스터ASC)[제과_블트하] 26.07_블트깡출시_ASC_전환_video,(마스터ASC)[제과_블트하] 26.07_블트깡출시_ASC_전환_video,[26.08]F_V_BT깡_전환_블트깡출시_쩜오건_시즈닝강조.이국주.KR1_var2.릴스_블트깡.반전.슬기.X_1P__260820_제과_문형민,12,0,98.0,0
2026-09-24,[제과_초코퐁당] 26.09_초코퐁당출시_수동_전환_image_전체타겟,(0922) 살안찌는 초콜릿형_초코퐁당출시 (KR1) (서연님),[26.09]F_I_PN초_전환_초코퐁당출시_제품강조형_KR1_.릴스_양적.와구와구.__권미정_260922_제과_박서연,16,0,201.0,0
2026-09-24,[제과_초코퐁당] 26.09_초코퐁당출시_수동_전환_image_전체타겟,(0922) 살안찌는 초콜릿형_초코퐁당출시 (KR1) (서연님),[26.09]F_I_PN초_전환_초코퐁당출시_제품강조형_KR1_.릴스_질적.완벽한입터짐구원템.__권미정_260922_제과_박서연,46,0,710.0,0
2026-09-24,[제과_초코퐁당] 26.09_초코퐁당출시_수동_전환_image_전체타겟,(0922) 살안찌는 초콜릿형_초코퐁당출시 (KR1) (서연님),[26.09]F_I_PN초_전환_초코퐁당출시_제품강조형_KR1_.릴스_씹자마자대폭발.__권미정_260923_제과_박서연,21,0,168.0,0
2026-09-24,[제과_초코퐁당] 26.09_초코퐁당출시_수동_전환_image_전체타겟,(0922) 살안찌는 초콜릿형_초코퐁당출시 (KR1) (서연님),[26.09]F_I_PN초_전환_초코퐁당출시_제품강조형_KR1_.릴스_인위적인맛1도없는.__권미정_260923_제과_박서연,229,1,3517.0,0
2026-09-24,[제과_초코퐁당] 26.09_초코퐁당출시_수동_전환_image_전체타겟,(0922) 살안찌는 초콜릿형_초코퐁당출시 (KR1) (서연님),[26.09]F_I_PN초_전환_초코퐁당출시_제품강조형_KR1_.릴스_꽉찬포코그자체.__권미정_260923_제과_박서연,205,1,3429.0,0
2026-09-24,[제과_초코퐁당] 26.09_초코퐁당출시_수동_전환_image_전체타겟,(0922) 살안찌는 초콜릿형_초코퐁당출시 (KR1) (서연님),[26.09]F_I_PN초_전환_초코퐁당출시_제품강조형_KR1_.릴스_꾸덕한초코폭포.__권미정_260923_제과_박서연,28,1,445.0,0
2026-09-24,[제과_초코퐁당] 26.09_초코퐁당출시_수동_전환_image_전체타겟,(0922) 살안찌는 초콜릿형_초코퐁당출시 (KR1) (서연님),[26.09]F_I_PN초_전환_초코퐁당출시_제품강조형_KR1_.릴스_다이어트초코가이렇게.__권미정_260923_제과_박서연,41,0,774.0,0
2026-09-24,[제과_초코퐁당] 26.09_초코퐁당출시_수동_전환_image_전체타겟,(0923) 혜택강조형(살안찌는 초콜릿)_초코퐁당출시 (KR1) (수정님),[26.09]F_I_PN초_전환_초코퐁당출시_제품강조형_KR1_.배너_밀크초코파쌀때쟁이세요.__권미정_260923_제과_김수정,126,3,2411.0,0
2026-09-24,[제과_초코퐁당] 26.09_초코퐁당출시_수동_전환_image_전체타겟,(0923) 혜택강조형(살안찌는 초콜릿)_초코퐁당출시 (KR1) (수정님),[26.09]F_I_PN초_전환_초코퐁당출시_제품강조형_KR1_.배너_퍼석퍼석부서지는.__권미정_260923_제과_김수정,35,1,940.0,0
2026-09-24,[제과_초코퐁당] 26.09_초코퐁당출시_수동_전환_image_전체타겟,(0923) 혜택강조형(살안찌는 초콜릿)_초코퐁당출시 (KR1) (수정님),[26.09]F_I_PN초_전환_초코퐁당출시_제품강조형_KR1_.배너_초코퐁당으로정착함.__권미정_260923_제과_김수정,16,0,226.0,0
2026-09-24,[제과_초코퐁당] 26.09_초코퐁당출시_수동_전환_image_전체타겟,(0923) 혜택강조형(살안찌는 초콜릿)_초코퐁당출시 (KR1) (수정님),[26.09]F_I_PN초_전환_초코퐁당출시_제품강조형_KR1_.배너_다이어트소녀들아.__권미정_260923_제과_김수정,26,0,369.0,0
2026-09-24,[제과_초코퐁당] 26.09_초코퐁당출시_수동_전환_image_전체타겟,(0923) 혜택강조형(살안찌는 초콜릿)_초코퐁당출시 (KR1) (수정님),[26.09]F_I_PN초_전환_초코퐁당출시_제품강조형_KR1_.배너_손절했어요.__권미정_260923_제과_김수정,12,0,826.0,0
2026-09-24,[제과_초코퐁당] 26.09_초코퐁당출시_수동_전환_image_전체타겟,(0923) 혜택강조형(살안찌는 초콜릿)_초코퐁당출시 (KR1) (수정님),[26.09]F_I_PN초_전환_초코퐁당출시_제품강조형_KR1_.배너_매일먹어도되는.__권미정_260923_제과_김수정,459,2,6629.0,0
2026-09-24,[제과_초코퐁당] 26.09_초코퐁당출시_수동_전환_image_전체타겟,(0923) 혜택강조형(살안찌는 초콜릿)_초코퐁당출시 (KR1) (수정님),[26.09]F_I_PN초_전환_초코퐁당출시_제품강조형_KR1_.배너_편견깨러왔습니다.__권미정_260923_제과_김수정,116,0,2043.0,0
2026-09-25,(마스터ASC)[제과_블트하] 26.07_블트깡출시_ASC_전환_video,(마스터ASC)[제과_블트하] 26.07_블트깡출시_ASC_전환_video,[26.08]F_V_BT깡_전환_블트깡출시_라이브커머스형_라이브커머스형.KR1_main.릴스_찐템강조.메인.슬기.X_1P_김소희_260811_제과_피재은,2,0,13.0,0
2026-09-25,(마스터ASC)[제과_블트하] 26.07_블트깡출시_ASC_전환_video,(마스터ASC)[제과_블트하] 26.07_블트깡출시_ASC_전환_video,[26.08]F_V_BT깡_전환_블트깡출시_쩜오건_시즈닝강조.이국주.KR1_var2.릴스_블트깡.반전.슬기.X_1P__260820_제과_문형민,1,0,4.0,0
2026-09-25,[제과_초코퐁당] 26.09_초코퐁당출시_수동_전환_image_전체타겟,(0922) 살안찌는 초콜릿형_초코퐁당출시 (KR1) (서연님),[26.09]F_I_PN초_전환_초코퐁당출시_제품강조형_KR1_.릴스_양적.와구와구.__권미정_260922_제과_박서연,509,6,6759.0,0
2026-09-25,[제과_초코퐁당] 26.09_초코퐁당출시_수동_전환_image_전체타겟,(0922) 살안찌는 초콜릿형_초코퐁당출시 (KR1) (서연님),[26.09]F_I_PN초_전환_초코퐁당출시_제품강조형_KR1_.릴스_질적.완벽한입터짐구원템.__권미정_260922_제과_박서연,189,1,2235.0,1
2026-09-25,[제과_초코퐁당] 26.09_초코퐁당출시_수동_전환_image_전체타겟,(0922) 살안찌는 초콜릿형_초코퐁당출시 (KR1) (서연님),[26.09]F_I_PN초_전환_초코퐁당출시_제품강조형_KR1_.릴스_씹자마자대폭발.__권미정_260923_제과_박서연,306,3,2503.0,0
2026-09-25,[제과_초코퐁당] 26.09_초코퐁당출시_수동_전환_image_전체타겟,(0922) 살안찌는 초콜릿형_초코퐁당출시 (KR1) (서연님),[26.09]F_I_PN초_전환_초코퐁당출시_제품강조형_KR1_.릴스_인위적인맛1도없는.__권미정_260923_제과_박서연,34,0,525.0,0
2026-09-25,[제과_초코퐁당] 26.09_초코퐁당출시_수동_전환_image_전체타겟,(0922) 살안찌는 초콜릿형_초코퐁당출시 (KR1) (서연님),[26.09]F_I_PN초_전환_초코퐁당출시_제품강조형_KR1_.릴스_꽉찬포코그자체.__권미정_260923_제과_박서연,89,2,1618.0,0
2026-09-25,[제과_초코퐁당] 26.09_초코퐁당출시_수동_전환_image_전체타겟,(0922) 살안찌는 초콜릿형_초코퐁당출시 (KR1) (서연님),[26.09]F_I_PN초_전환_초코퐁당출시_제품강조형_KR1_.릴스_꾸덕한초코폭포.__권미정_260923_제과_박서연,165,2,2548.0,0
2026-09-25,[제과_초코퐁당] 26.09_초코퐁당출시_수동_전환_image_전체타겟,(0922) 살안찌는 초콜릿형_초코퐁당출시 (KR1) (서연님),[26.09]F_I_PN초_전환_초코퐁당출시_제품강조형_KR1_.릴스_다이어트초코가이렇게.__권미정_260923_제과_박서연,34,0,406.0,0
2026-09-25,[제과_초코퐁당] 26.09_초코퐁당출시_수동_전환_image_전체타겟,(0923) 혜택강조형(살안찌는 초콜릿)_초코퐁당출시 (KR1) (수정님),[26.09]F_I_PN초_전환_초코퐁당출시_제품강조형_KR1_.배너_밀크초코파쌀때쟁이세요.__권미정_260923_제과_김수정,143,0,2867.0,0
2026-09-25,[제과_초코퐁당] 26.09_초코퐁당출시_수동_전환_image_전체타겟,(0923) 혜택강조형(살안찌는 초콜릿)_초코퐁당출시 (KR1) (수정님),[26.09]F_I_PN초_전환_초코퐁당출시_제품강조형_KR1_.배너_퍼석퍼석부서지는.__권미정_260923_제과_김수정,259,5,3819.0,0
2026-09-25,[제과_초코퐁당] 26.09_초코퐁당출시_수동_전환_image_전체타겟,(0923) 혜택강조형(살안찌는 초콜릿)_초코퐁당출시 (KR1) (수정님),[26.09]F_I_PN초_전환_초코퐁당출시_제품강조형_KR1_.배너_초코퐁당으로정착함.__권미정_260923_제과_김수정,627,6,9276.0,0
2026-09-25,[제과_초코퐁당] 26.09_초코퐁당출시_수동_전환_image_전체타겟,(0923) 혜택강조형(살안찌는 초콜릿)_초코퐁당출시 (KR1) (수정님),[26.09]F_I_PN초_전환_초코퐁당출시_제품강조형_KR1_.배너_다이어트소녀들아.__권미정_260923_제과_김수정,29,0,812.0,0
2026-09-25,[제과_초코퐁당] 26.09_초코퐁당출시_수동_전환_image_전체타겟,(0923) 혜택강조형(살안찌는 초콜릿)_초코퐁당출시 (KR1) (수정님),[26.09]F_I_PN초_전환_초코퐁당출시_제품강조형_KR1_.배너_손절했어요.__권미정_260923_제과_김수정,440,0,6937.0,0
2026-09-25,[제과_초코퐁당] 26.09_초코퐁당출시_수동_전환_image_전체타겟,(0923) 혜택강조형(살안찌는 초콜릿)_초코퐁당출시 (KR1) (수정님),[26.09]F_I_PN초_전환_초코퐁당출시_제품강조형_KR1_.배너_편견깨러왔습니다.__권미정_260923_제과_김수정,233,1,3603.0,0
2026-09-26,(마스터ASC)[제과_블트하] 26.07_블트깡출시_ASC_전환_video,(마스터ASC)[제과_블트하] 26.07_블트깡출시_ASC_전환_video,[26.08]F_V_BT깡_전환_블트깡출시_라이브커머스형_라이브커머스형.KR1_main.릴스_찐템강조.메인.슬기.X_1P_김소희_260811_제과_피재은,10,0,58.0,0
2026-09-26,(마스터ASC)[제과_블트하] 26.07_블트깡출시_ASC_전환_video,(마스터ASC)[제과_블트하] 26.07_블트깡출시_ASC_전환_video,[26.08]F_V_BT깡_전환_블트깡출시_쩜오건_시즈닝강조.이국주.KR1_var2.릴스_블트깡.반전.슬기.X_1P__260820_제과_문형민,1,0,9.0,0
2026-09-26,[제과_초코퐁당] 26.09_초코퐁당출시_수동_전환_image_전체타겟,(0922) 살안찌는 초콜릿형_초코퐁당출시 (KR1) (서연님),[26.09]F_I_PN초_전환_초코퐁당출시_제품강조형_KR1_.릴스_양적.와구와구.__권미정_260922_제과_박서연,482,3,6573.0,0
2026-09-26,[제과_초코퐁당] 26.09_초코퐁당출시_수동_전환_image_전체타겟,(0922) 살안찌는 초콜릿형_초코퐁당출시 (KR1) (서연님),[26.09]F_I_PN초_전환_초코퐁당출시_제품강조형_KR1_.릴스_질적.완벽한입터짐구원템.__권미정_260922_제과_박서연,356,5,6911.0,0
2026-09-26,[제과_초코퐁당] 26.09_초코퐁당출시_수동_전환_image_전체타겟,(0922) 살안찌는 초콜릿형_초코퐁당출시 (KR1) (서연님),[26.09]F_I_PN초_전환_초코퐁당출시_제품강조형_KR1_.릴스_씹자마자대폭발.__권미정_260923_제과_박서연,786,9,7051.0,1
2026-09-26,[제과_초코퐁당] 26.09_초코퐁당출시_수동_전환_image_전체타겟,(0922) 살안찌는 초콜릿형_초코퐁당출시 (KR1) (서연님),[26.09]F_I_PN초_전환_초코퐁당출시_제품강조형_KR1_.릴스_인위적인맛1도없는.__권미정_260923_제과_박서연,130,3,2336.0,0
2026-09-26,[제과_초코퐁당] 26.09_초코퐁당출시_수동_전환_image_전체타겟,(0922) 살안찌는 초콜릿형_초코퐁당출시 (KR1) (서연님),[26.09]F_I_PN초_전환_초코퐁당출시_제품강조형_KR1_.릴스_꽉찬포코그자체.__권미정_260923_제과_박서연,235,2,2935.0,0
2026-09-26,[제과_초코퐁당] 26.09_초코퐁당출시_수동_전환_image_전체타겟,(0922) 살안찌는 초콜릿형_초코퐁당출시 (KR1) (서연님),[26.09]F_I_PN초_전환_초코퐁당출시_제품강조형_KR1_.릴스_꾸덕한초코폭포.__권미정_260923_제과_박서연,647,7,9995.0,3
2026-09-26,[제과_초코퐁당] 26.09_초코퐁당출시_수동_전환_image_전체타겟,(0922) 살안찌는 초콜릿형_초코퐁당출시 (KR1) (서연님),[26.09]F_I_PN초_전환_초코퐁당출시_제품강조형_KR1_.릴스_다이어트초코가이렇게.__권미정_260923_제과_박서연,24,0,314.0,0
2026-09-27,(마스터ASC)[제과_블트하] 26.07_블트깡출시_ASC_전환_video,(마스터ASC)[제과_블트하] 26.07_블트깡출시_ASC_전환_video,[26.08]F_V_BT깡_전환_블트깡출시_라이브커머스형_라이브커머스형.KR1_main.릴스_찐템강조.메인.슬기.X_1P_김소희_260811_제과_피재은,51,2,788.0,0
2026-09-27,(마스터ASC)[제과_블트하] 26.07_블트깡출시_ASC_전환_video,(마스터ASC)[제과_블트하] 26.07_블트깡출시_ASC_전환_video,[26.08]F_V_BT혼_전환_블트칩출시_신규BP_젤리백BP.이국주.KR1_var1.릴스_본론.이국주만.X_2P_최나영_260814_제과_이봄1,1,0,42.0,0
2026-09-27,(마스터ASC)[제과_블트하] 26.07_블트깡출시_ASC_전환_video,(마스터ASC)[제과_블트하] 26.07_블트깡출시_ASC_전환_video,[26.08]F_V_BT깡_전환_블트깡출시_쩜오건_시즈닝강조.이국주.KR1_var2.릴스_블트깡.반전.슬기.X_1P__260820_제과_문형민,28,0,230.0,0
2026-09-27,[제과_초코퐁당] 26.09_초코퐁당출시_수동_전환_image_전체타겟,(0922) 살안찌는 초콜릿형_초코퐁당출시 (KR1) (서연님),[26.09]F_I_PN초_전환_초코퐁당출시_제품강조형_KR1_.릴스_양적.와구와구.__권미정_260922_제과_박서연,430,3,6066.0,0
2026-09-27,[제과_초코퐁당] 26.09_초코퐁당출시_수동_전환_image_전체타겟,(0922) 살안찌는 초콜릿형_초코퐁당출시 (KR1) (서연님),[26.09]F_I_PN초_전환_초코퐁당출시_제품강조형_KR1_.릴스_질적.완벽한입터짐구원템.__권미정_260922_제과_박서연,818,12,13936.0,1
2026-09-27,[제과_초코퐁당] 26.09_초코퐁당출시_수동_전환_image_전체타겟,(0922) 살안찌는 초콜릿형_초코퐁당출시 (KR1) (서연님),[26.09]F_I_PN초_전환_초코퐁당출시_제품강조형_KR1_.릴스_씹자마자대폭발.__권미정_260923_제과_박서연,904,10,11410.0,0
2026-09-27,[제과_초코퐁당] 26.09_초코퐁당출시_수동_전환_image_전체타겟,(0922) 살안찌는 초콜릿형_초코퐁당출시 (KR1) (서연님),[26.09]F_I_PN초_전환_초코퐁당출시_제품강조형_KR1_.릴스_인위적인맛1도없는.__권미정_260923_제과_박서연,597,4,9232.0,0
2026-09-27,[제과_초코퐁당] 26.09_초코퐁당출시_수동_전환_image_전체타겟,(0922) 살안찌는 초콜릿형_초코퐁당출시 (KR1) (서연님),[26.09]F_I_PN초_전환_초코퐁당출시_제품강조형_KR1_.릴스_꽉찬포코그자체.__권미정_260923_제과_박서연,625,4,8490.0,1
2026-09-27,[제과_초코퐁당] 26.09_초코퐁당출시_수동_전환_image_전체타겟,(0922) 살안찌는 초콜릿형_초코퐁당출시 (KR1) (서연님),[26.09]F_I_PN초_전환_초코퐁당출시_제품강조형_KR1_.릴스_꾸덕한초코폭포.__권미정_260923_제과_박서연,896,9,13687.0,0
2026-09-27,[제과_초코퐁당] 26.09_초코퐁당출시_수동_전환_image_전체타겟,(0922) 살안찌는 초콜릿형_초코퐁당출시 (KR1) (서연님),[26.09]F_I_PN초_전환_초코퐁당출시_제품강조형_KR1_.릴스_다이어트초코가이렇게.__권미정_260923_제과_박서연,183,3,3209.0,0
2026-09-23,(마스터ASC)[제과_블트하] 26.07_블트깡출시_ASC_전환_video,(마스터ASC)[제과_블트하] 26.07_블트깡출시_ASC_전환_video,[26.08]F_V_BT칩_전환_블트칩출시_신규BP_인덕션BP.KR1_main.릴스_본론.X_1P_김소희_260807_제과_이봄1,2679,91,52358.0,3
2026-09-23,[칩] (마스터ASC)[제과_블트하] 26.07_블트칩출시_ASC_전환_video,[칩] (마스터ASC)[제과_블트하] 26.07_블트칩출시_ASC_전환_video,[26.08]F_V_BT칩_전환_블트칩출시_신규BP_도리토스BP.이국주.KR2_main.릴스_본론.X_2P_김소희_260821_제과_이봄1,441,5,9766.0,0
2026-09-24,(마스터ASC)[제과_블트하] 26.07_블트깡출시_ASC_전환_video,(마스터ASC)[제과_블트하] 26.07_블트깡출시_ASC_전환_video,[26.08]F_V_BT칩_전환_블트칩출시_신규BP_인덕션BP.KR1_main.릴스_본론.X_1P_김소희_260807_제과_이봄1,34738,793,594057.0,40
2026-09-24,(마스터ASC)[제과_블트하] 26.07_블트깡출시_ASC_전환_video,(마스터ASC)[제과_블트하] 26.07_블트깡출시_ASC_전환_video,[26.08]F_V_BT혼_전환_블트칩출시_신규BP_젤리백BP.이국주.KR1_var4.릴스_이국주+조합.X_2P_최나영_260814_제과_이봄1,1,0,3.0,0
2026-09-24,[칩] (마스터ASC)[제과_블트하] 26.07_블트칩출시_ASC_전환_video,[칩] (마스터ASC)[제과_블트하] 26.07_블트칩출시_ASC_전환_video,[26.08]F_V_BT칩_전환_블트칩출시_신규BP_도리토스BP.이국주.KR2_main.릴스_본론.X_2P_김소희_260821_제과_이봄1,410,3,7166.0,1
2026-09-25,(마스터ASC)[제과_블트하] 26.07_블트깡출시_ASC_전환_video,(마스터ASC)[제과_블트하] 26.07_블트깡출시_ASC_전환_video,[26.08]F_V_BT칩_전환_블트칩출시_신규BP_인덕션BP.KR1_main.릴스_본론.X_1P_김소희_260807_제과_이봄1,16555,394,237089.0,21
2026-09-25,[칩] (마스터ASC)[제과_블트하] 26.07_블트칩출시_ASC_전환_video,[칩] (마스터ASC)[제과_블트하] 26.07_블트칩출시_ASC_전환_video,[26.08]F_V_BT칩_전환_블트칩출시_신규BP_도리토스BP.이국주.KR2_main.릴스_본론.X_2P_김소희_260821_제과_이봄1,2196,26,39119.0,2
2026-09-26,(마스터ASC)[제과_블트하] 26.07_블트깡출시_ASC_전환_video,(마스터ASC)[제과_블트하] 26.07_블트깡출시_ASC_전환_video,[26.08]F_V_BT칩_전환_블트칩출시_신규BP_인덕션BP.KR1_main.릴스_본론.X_1P_김소희_260807_제과_이봄1,34947,903,585273.0,44
2026-09-26,[칩] (마스터ASC)[제과_블트하] 26.07_블트칩출시_ASC_전환_video,[칩] (마스터ASC)[제과_블트하] 26.07_블트칩출시_ASC_전환_video,[26.08]F_V_BT칩_전환_블트칩출시_신규BP_도리토스BP.이국주.KR2_main.릴스_본론.X_2P_김소희_260821_제과_이봄1,2631,18,37839.0,0
2026-09-26,(마스터ASC)[제과_블트하] 26.07_블트깡출시_ASC_전환_video,(마스터ASC)[제과_블트하] 26.07_블트깡출시_ASC_전환_video,[26.09]F_V_BT칩_전환_블트깡출시_기타_배너.메시지검증_var3.배너_가격.2안.X_2P__260901_제과_최재원,4,0,35.0,0
2026-09-27,(마스터ASC)[제과_블트하] 26.07_블트깡출시_ASC_전환_video,(마스터ASC)[제과_블트하] 26.07_블트깡출시_ASC_전환_video,[26.08]F_V_BT칩_전환_블트칩출시_신규BP_인덕션BP.KR1_main.릴스_본론.X_1P_김소희_260807_제과_이봄1,2803,75,48922.0,3
2026-09-27,(마스터ASC)[제과_블트하] 26.07_블트깡출시_ASC_전환_video,(마스터ASC)[제과_블트하] 26.07_블트깡출시_ASC_전환_video,[26.08]F_V_BT혼_전환_블트칩출시_신규BP_젤리백BP.이국주.KR1_var4.릴스_이국주+조합.X_2P_최나영_260814_제과_이봄1,40,0,609.0,0
2026-09-23,[칩] (마스터ASC)[제과_블트하] 26.07_블트칩출시_ASC_전환_video,[칩] (마스터ASC)[제과_블트하] 26.07_블트칩출시_ASC_전환_video,[26.08]F_V_BT혼_전환_블트깡출시_신규BP_오프아워BP.이국주.KR1_var2.릴스_댓글.X_2P_김소희_260814_제과_이미진,63,0,825.0,0
2026-09-23,(마스터ASC)[제과_블트하] 26.07_블트깡출시_ASC_전환_video,(마스터ASC)[제과_블트하] 26.07_블트깡출시_ASC_전환_video,[26.08]F_V_BT칩_전환_블트칩출시_제조과정형_제조과정형.이국주.KR2_var3.릴스_카테고리.X_1P__260821_제과_피재은,2,0,9.0,0
2026-09-23,(마스터ASC)[제과_초코퐁당] 26.09_초코퐁당출시_ASC_전환_image_전체타겟,(마스터ASC)[제과_초코퐁당] 26.09_초코퐁당출시_ASC_전환_image_전체타겟,[26.09]F_I_PN초_전환_초코퐁당출시_제품강조형_KR1_.배너_이니1.매거진형.속까지꽉찬생초코의.__권미정_260904_제과_박서연,677,6,6171.0,0
2026-09-24,(마스터ASC)[제과_블트하] 26.07_블트깡출시_ASC_전환_video,(마스터ASC)[제과_블트하] 26.07_블트깡출시_ASC_전환_video,[26.08]F_V_BT칩_전환_블트칩출시_신규BP_인덕션BP.KR1_var5.릴스_여러상황.X_1P_김소희_260807_제과_이봄1,73,1,1184.0,0
2026-09-24,[칩] (마스터ASC)[제과_블트하] 26.07_블트칩출시_ASC_전환_video,[칩] (마스터ASC)[제과_블트하] 26.07_블트칩출시_ASC_전환_video,[26.08]F_V_BT혼_전환_블트깡출시_신규BP_오프아워BP.이국주.KR1_var2.릴스_댓글.X_2P_김소희_260814_제과_이미진,74,1,1261.0,0
2026-09-24,(마스터ASC)[제과_블트하] 26.07_블트깡출시_ASC_전환_video,(마스터ASC)[제과_블트하] 26.07_블트깡출시_ASC_전환_video,[26.08]F_V_BT칩_전환_블트칩출시_제조과정형_제조과정형.이국주.KR2_var3.릴스_카테고리.X_1P__260821_제과_피재은,44,1,642.0,1
2026-09-24,(마스터ASC)[제과_초코퐁당] 26.09_초코퐁당출시_ASC_전환_image_전체타겟,(마스터ASC)[제과_초코퐁당] 26.09_초코퐁당출시_ASC_전환_image_전체타겟,[26.09]F_I_PN초_전환_초코퐁당출시_제품강조형_KR1_.배너_이니1.매거진형.속까지꽉찬생초코의.__권미정_260904_제과_박서연,62,3,491.0,0
2026-09-25,(마스터ASC)[제과_블트하] 26.07_블트깡출시_ASC_전환_video,(마스터ASC)[제과_블트하] 26.07_블트깡출시_ASC_전환_video,[26.08]F_V_BT칩_전환_블트칩출시_신규BP_인덕션BP.KR1_var5.릴스_여러상황.X_1P_김소희_260807_제과_이봄1,16,0,259.0,0
2026-09-25,[칩] (마스터ASC)[제과_블트하] 26.07_블트칩출시_ASC_전환_video,[칩] (마스터ASC)[제과_블트하] 26.07_블트칩출시_ASC_전환_video,[26.08]F_V_BT혼_전환_블트깡출시_신규BP_오프아워BP.이국주.KR1_var2.릴스_댓글.X_2P_김소희_260814_제과_이미진,151,4,1979.0,0
2026-09-25,(마스터ASC)[제과_블트하] 26.07_블트깡출시_ASC_전환_video,(마스터ASC)[제과_블트하] 26.07_블트깡출시_ASC_전환_video,[26.08]F_V_BT칩_전환_블트칩출시_제조과정형_제조과정형.이국주.KR2_var3.릴스_카테고리.X_1P__260821_제과_피재은,504,5,4690.0,0
2026-09-26,(마스터ASC)[제과_블트하] 26.07_블트깡출시_ASC_전환_video,(마스터ASC)[제과_블트하] 26.07_블트깡출시_ASC_전환_video,[26.08]F_V_BT칩_전환_블트칩출시_신규BP_인덕션BP.KR1_var5.릴스_여러상황.X_1P_김소희_260807_제과_이봄1,43,2,968.0,0
2026-09-26,[칩] (마스터ASC)[제과_블트하] 26.07_블트칩출시_ASC_전환_video,[칩] (마스터ASC)[제과_블트하] 26.07_블트칩출시_ASC_전환_video,[26.08]F_V_BT혼_전환_블트깡출시_신규BP_오프아워BP.이국주.KR1_var2.릴스_댓글.X_2P_김소희_260814_제과_이미진,53,0,769.0,0
2026-09-26,(마스터ASC)[제과_블트하] 26.07_블트깡출시_ASC_전환_video,(마스터ASC)[제과_블트하] 26.07_블트깡출시_ASC_전환_video,[26.08]F_V_BT칩_전환_블트칩출시_제조과정형_제조과정형.이국주.KR2_var3.릴스_카테고리.X_1P__260821_제과_피재은,433,6,4560.0,2
2026-09-27,(마스터ASC)[제과_블트하] 26.07_블트깡출시_ASC_전환_video,(마스터ASC)[제과_블트하] 26.07_블트깡출시_ASC_전환_video,[26.08]F_V_BT칩_전환_블트칩출시_신규BP_인덕션BP.KR1_var5.릴스_여러상황.X_1P_김소희_260807_제과_이봄1,193,5,3519.0,0
2026-09-27,(마스터ASC)[제과_블트하] 26.07_블트깡출시_ASC_전환_video,(마스터ASC)[제과_블트하] 26.07_블트깡출시_ASC_전환_video,[26.08]F_V_BT칩_전환_블트칩출시_제조과정형_제조과정형.이국주.KR2_var3.릴스_카테고리.X_1P__260821_제과_피재은,268,4,2366.0,0
2026-09-23,(마스터ASC)[제과_초코퐁당] 26.09_초코퐁당출시_ASC_전환_image_전체타겟,(마스터ASC)[제과_초코퐁당] 26.09_초코퐁당출시_ASC_전환_image_전체타겟,[26.09]F_I_PN초_전환_초코퐁당출시_제품강조형_KR1_.배너_이니1.초코퐁당안먹으면손해인이유.__권미정_260904_제과_박서연,8,0,129.0,0
2026-09-23,(마스터ASC)[제과_초코퐁당] 26.09_초코퐁당출시_ASC_전환_image_전체타겟,(마스터ASC)[제과_초코퐁당] 26.09_초코퐁당출시_ASC_전환_image_전체타겟,[26.09]F_I_PN초_전환_초코퐁당출시_제품강조형_KR1_.배너_이니2.매거진형.로이스생초콜릿한입에.__권미정_260904_제과_박서연,4628,48,47267.0,4
2026-09-23,(마스터ASC)[제과_초코퐁당] 26.09_초코퐁당출시_ASC_전환_image_전체타겟,(마스터ASC)[제과_초코퐁당] 26.09_초코퐁당출시_ASC_전환_image_전체타겟,[26.09]F_I_PN초_전환_초코퐁당출시_제품강조형_KR1_.배너_이니3.네이트판.초코란초코는다먹어본.__권미정_260904_제과_박서연,39,0,270.0,0
2026-09-23,(마스터ASC)[제과_초코퐁당] 26.09_초코퐁당출시_ASC_전환_image_전체타겟,(마스터ASC)[제과_초코퐁당] 26.09_초코퐁당출시_ASC_전환_image_전체타겟,[26.09]F_I_PN초_전환_초코퐁당출시_제품강조형_KR1_.배너_이니3.스토리형.자칭타칭초코처돌이.__권미정_260904_제과_박서연,882,9,8358.0,0
2026-09-23,(마스터ASC)[제과_초코퐁당] 26.09_초코퐁당출시_ASC_전환_image_전체타겟,(마스터ASC)[제과_초코퐁당] 26.09_초코퐁당출시_ASC_전환_image_전체타겟,[26.09]F_I_PN초_전환_초코퐁당출시_제품강조형_KR1_.배너_이니1.비교프레임.생초콜릿씹듯묵직한.__권미정_260904_제과_박서연,49,1,371.0,0
2026-09-23,(마스터ASC)[제과_초코퐁당] 26.09_초코퐁당출시_ASC_전환_image_전체타겟,(마스터ASC)[제과_초코퐁당] 26.09_초코퐁당출시_ASC_전환_image_전체타겟,[26.09]F_I_PN초_전환_초코퐁당출시_제품강조형_KR1_.배너_이니3.매거진형.다이어트중에도.__권미정_260904_제과_박서연,208,4,1665.0,0
2026-09-23,(마스터ASC)[제과_초코퐁당] 26.09_초코퐁당출시_ASC_전환_image_전체타겟,(마스터ASC)[제과_초코퐁당] 26.09_초코퐁당출시_ASC_전환_image_전체타겟,[26.09]F_I_PN초_전환_초코퐁당출시_제품강조형_KR1_.배너_이니2.네이버카페형.일본갈때마다.__권미정_260904_제과_박서연,251,3,2023.0,0
2026-09-23,(마스터ASC)[제과_초코퐁당] 26.09_초코퐁당출시_ASC_전환_image_전체타겟,(마스터ASC)[제과_초코퐁당] 26.09_초코퐁당출시_ASC_전환_image_전체타겟,[26.09]F_I_PN초_전환_초코퐁당출시_제품강조형_KR1_.배너_이니3.스토리형.중독되면생기는일.__권미정_260904_제과_박서연,16,0,93.0,0
2026-09-23,(마스터ASC)[제과_초코퐁당] 26.09_초코퐁당출시_ASC_전환_image_전체타겟,(마스터ASC)[제과_초코퐁당] 26.09_초코퐁당출시_ASC_전환_image_전체타겟,[26.09]F_I_PN초_전환_초코퐁당출시_제품강조형_KR1_.배너_이니2.이건진짜로이스초콜릿맛ㅇㅈ.__권미정_260904_제과_박서연,108,2,1568.0,0
2026-09-23,(마스터ASC)[제과_초코퐁당] 26.09_초코퐁당출시_ASC_전환_image_전체타겟,(마스터ASC)[제과_초코퐁당] 26.09_초코퐁당출시_ASC_전환_image_전체타겟,[26.09]F_I_PN초_전환_초코퐁당출시_제품강조형_KR1_.배너_이니2.로이스생초콜릿가성비버전.__권미정_260904_제과_박서연,1164,9,12210.0,1
2026-09-23,(마스터ASC)[제과_초코퐁당] 26.09_초코퐁당출시_ASC_전환_image_전체타겟,(마스터ASC)[제과_초코퐁당] 26.09_초코퐁당출시_ASC_전환_image_전체타겟,[26.09]F_I_PN초_전환_초코퐁당출시_혜택강조형_KR2_.배너_긴급공지올립니다.__권미정_260904_제과_박서연,56,3,593.0,0
2026-09-23,(마스터ASC)[제과_초코퐁당] 26.09_초코퐁당출시_ASC_전환_image_전체타겟,(마스터ASC)[제과_초코퐁당] 26.09_초코퐁당출시_ASC_전환_image_전체타겟,[26.09]F_I_PN초_전환_초코퐁당출시_혜택강조형_KR2_.배너_생초콜릿씹는듯한.__권미정_260904_제과_박서연,509,1,3931.0,0
2026-09-23,(마스터ASC)[제과_초코퐁당] 26.09_초코퐁당출시_ASC_전환_image_전체타겟,(마스터ASC)[제과_초코퐁당] 26.09_초코퐁당출시_ASC_전환_image_전체타겟,[26.09]F_I_PN초_전환_초코퐁당출시_혜택강조형_KR2_.배너_하나만사도무조건추가할인.__권미정_260904_제과_박서연,1475,7,14055.0,1
2026-09-23,(마스터ASC)[제과_초코퐁당] 26.09_초코퐁당출시_ASC_전환_image_전체타겟,(마스터ASC)[제과_초코퐁당] 26.09_초코퐁당출시_ASC_전환_image_전체타겟,[26.09]F_I_PN초_전환_초코퐁당출시_제품강조형_KR1_.배너_이니1.메인.__권미정_260908_제과_마팀,42,0,776.0,0
2026-09-23,(마스터ASC)[제과_초코퐁당] 26.09_초코퐁당출시_ASC_전환_image_전체타겟,(마스터ASC)[제과_초코퐁당] 26.09_초코퐁당출시_ASC_전환_image_전체타겟,[26.09]F_I_PN초_전환_초코퐁당출시_제품강조형_KR1_.배너_이니2.로이스가성비.__권미정_260908_제과_마팀,749,4,12361.0,1
2026-09-23,(마스터ASC)[제과_초코퐁당] 26.09_초코퐁당출시_ASC_전환_image_전체타겟,(마스터ASC)[제과_초코퐁당] 26.09_초코퐁당출시_ASC_전환_image_전체타겟,[26.09]F_I_PN초_전환_초코퐁당출시_제품강조형_KR1_.배너_이니3.로이스레인지.__권미정_260908_제과_마팀,24,1,351.0,0
2026-09-23,(마스터ASC)[제과_초코퐁당] 26.09_초코퐁당출시_ASC_전환_image_전체타겟,(마스터ASC)[제과_초코퐁당] 26.09_초코퐁당출시_ASC_전환_image_전체타겟,[26.09]F_I_PN초_전환_초코퐁당출시_제품강조형_KR1_.배너_이니5.반가른단면.__권미정_260908_제과_마팀,717,9,10859.0,0
2026-09-23,(마스터ASC)[제과_초코퐁당] 26.09_초코퐁당출시_ASC_전환_image_전체타겟,(마스터ASC)[제과_초코퐁당] 26.09_초코퐁당출시_ASC_전환_image_전체타겟,[26.09]F_I_PN초_전환_초코퐁당출시_매거진형_KR2_.배너_이니5.규모감맛표현.__권미정_260909_제과_마팀,997,8,6325.0,0
2026-09-23,(마스터ASC)[제과_초코퐁당] 26.09_초코퐁당출시_ASC_전환_image_전체타겟,(마스터ASC)[제과_초코퐁당] 26.09_초코퐁당출시_ASC_전환_image_전체타겟,[26.09]F_I_PN초_전환_초코퐁당출시_매거진형_KR2_.배너_이니7.야외면세점로이스.__권미정_260909_제과_마팀,12,0,167.0,1
2026-09-23,(마스터ASC)[제과_초코퐁당] 26.09_초코퐁당출시_ASC_전환_image_전체타겟,(마스터ASC)[제과_초코퐁당] 26.09_초코퐁당출시_ASC_전환_image_전체타겟,[26.09]F_I_PN초_전환_초코퐁당출시_매거진형_KR2_.배너_이니3.패키지묶음재벌비유.__권미정_260909_제과_마팀,297,3,3976.0,0
2026-09-23,(마스터ASC)[제과_초코퐁당] 26.09_초코퐁당출시_ASC_전환_image_전체타겟,(마스터ASC)[제과_초코퐁당] 26.09_초코퐁당출시_ASC_전환_image_전체타겟,[26.09]F_I_PN초_전환_초코퐁당출시_매거진형_KR2_.배너_이니4.잇자국로이스자극.__권미정_260909_제과_마팀,143,1,1501.0,0
2026-09-23,(마스터ASC)[제과_초코퐁당] 26.09_초코퐁당출시_ASC_전환_image_전체타겟,(마스터ASC)[제과_초코퐁당] 26.09_초코퐁당출시_ASC_전환_image_전체타겟,[26.09]F_I_PN초_전환_초코퐁당출시_매거진형_KR2_.배너_이니2.야외생초코연상.__권미정_260909_제과_마팀,382,5,4366.0,0
2026-09-24,(마스터ASC)[제과_초코퐁당] 26.09_초코퐁당출시_ASC_전환_image_전체타겟,(마스터ASC)[제과_초코퐁당] 26.09_초코퐁당출시_ASC_전환_image_전체타겟,[26.09]F_I_PN초_전환_초코퐁당출시_제품강조형_KR1_.배너_이니1.초코퐁당안먹으면손해인이유.__권미정_260904_제과_박서연,1,0,3.0,0
2026-09-24,(마스터ASC)[제과_초코퐁당] 26.09_초코퐁당출시_ASC_전환_image_전체타겟,(마스터ASC)[제과_초코퐁당] 26.09_초코퐁당출시_ASC_전환_image_전체타겟,[26.09]F_I_PN초_전환_초코퐁당출시_제품강조형_KR1_.배너_이니2.매거진형.로이스생초콜릿한입에.__권미정_260904_제과_박서연,384,4,4186.0,0
2026-09-24,(마스터ASC)[제과_초코퐁당] 26.09_초코퐁당출시_ASC_전환_image_전체타겟,(마스터ASC)[제과_초코퐁당] 26.09_초코퐁당출시_ASC_전환_image_전체타겟,[26.09]F_I_PN초_전환_초코퐁당출시_제품강조형_KR1_.배너_이니3.매거진형.다이어트중에도.__권미정_260904_제과_박서연,4,0,30.0,0
2026-09-24,(마스터ASC)[제과_초코퐁당] 26.09_초코퐁당출시_ASC_전환_image_전체타겟,(마스터ASC)[제과_초코퐁당] 26.09_초코퐁당출시_ASC_전환_image_전체타겟,[26.09]F_I_PN초_전환_초코퐁당출시_제품강조형_KR1_.배너_이니2.네이버카페형.일본갈때마다.__권미정_260904_제과_박서연,10,0,88.0,0
2026-09-24,(마스터ASC)[제과_초코퐁당] 26.09_초코퐁당출시_ASC_전환_image_전체타겟,(마스터ASC)[제과_초코퐁당] 26.09_초코퐁당출시_ASC_전환_image_전체타겟,[26.09]F_I_PN초_전환_초코퐁당출시_제품강조형_KR1_.배너_이니2.이건진짜로이스초콜릿맛ㅇㅈ.__권미정_260904_제과_박서연,2,0,35.0,0
2026-09-24,(마스터ASC)[제과_초코퐁당] 26.09_초코퐁당출시_ASC_전환_image_전체타겟,(마스터ASC)[제과_초코퐁당] 26.09_초코퐁당출시_ASC_전환_image_전체타겟,[26.09]F_I_PN초_전환_초코퐁당출시_제품강조형_KR1_.배너_이니2.로이스생초콜릿가성비버전.__권미정_260904_제과_박서연,24,1,245.0,0
2026-09-24,(마스터ASC)[제과_초코퐁당] 26.09_초코퐁당출시_ASC_전환_image_전체타겟,(마스터ASC)[제과_초코퐁당] 26.09_초코퐁당출시_ASC_전환_image_전체타겟,[26.09]F_I_PN초_전환_초코퐁당출시_혜택강조형_KR2_.배너_긴급공지올립니다.__권미정_260904_제과_박서연,2,0,45.0,0
2026-09-24,(마스터ASC)[제과_초코퐁당] 26.09_초코퐁당출시_ASC_전환_image_전체타겟,(마스터ASC)[제과_초코퐁당] 26.09_초코퐁당출시_ASC_전환_image_전체타겟,[26.09]F_I_PN초_전환_초코퐁당출시_혜택강조형_KR2_.배너_생초콜릿씹는듯한.__권미정_260904_제과_박서연,8,0,61.0,0
2026-09-24,(마스터ASC)[제과_초코퐁당] 26.09_초코퐁당출시_ASC_전환_image_전체타겟,(마스터ASC)[제과_초코퐁당] 26.09_초코퐁당출시_ASC_전환_image_전체타겟,[26.09]F_I_PN초_전환_초코퐁당출시_혜택강조형_KR2_.배너_하나만사도무조건추가할인.__권미정_260904_제과_박서연,33,0,405.0,0
2026-09-24,(마스터ASC)[제과_초코퐁당] 26.09_초코퐁당출시_ASC_전환_image_전체타겟,(마스터ASC)[제과_초코퐁당] 26.09_초코퐁당출시_ASC_전환_image_전체타겟,[26.09]F_I_PN초_전환_초코퐁당출시_제품강조형_KR1_.배너_이니1.메인.__권미정_260908_제과_마팀,1,0,2.0,0
2026-09-24,(마스터ASC)[제과_초코퐁당] 26.09_초코퐁당출시_ASC_전환_image_전체타겟,(마스터ASC)[제과_초코퐁당] 26.09_초코퐁당출시_ASC_전환_image_전체타겟,[26.09]F_I_PN초_전환_초코퐁당출시_매거진형_KR2_.배너_이니5.규모감맛표현.__권미정_260909_제과_마팀,38,0,360.0,0
2026-09-24,(마스터ASC)[제과_초코퐁당] 26.09_초코퐁당출시_ASC_전환_image_전체타겟,(마스터ASC)[제과_초코퐁당] 26.09_초코퐁당출시_ASC_전환_image_전체타겟,[26.09]F_I_PN초_전환_초코퐁당출시_매거진형_KR2_.배너_이니7.야외면세점로이스.__권미정_260909_제과_마팀,63,0,774.0,0
2026-09-24,(마스터ASC)[제과_초코퐁당] 26.09_초코퐁당출시_ASC_전환_image_전체타겟,(마스터ASC)[제과_초코퐁당] 26.09_초코퐁당출시_ASC_전환_image_전체타겟,[26.09]F_I_PN초_전환_초코퐁당출시_매거진형_KR2_.배너_이니3.패키지묶음재벌비유.__권미정_260909_제과_마팀,17,0,232.0,0
2026-09-24,(마스터ASC)[제과_초코퐁당] 26.09_초코퐁당출시_ASC_전환_image_전체타겟,(마스터ASC)[제과_초코퐁당] 26.09_초코퐁당출시_ASC_전환_image_전체타겟,[26.09]F_I_PN초_전환_초코퐁당출시_매거진형_KR2_.배너_이니4.잇자국로이스자극.__권미정_260909_제과_마팀,4,0,106.0,0
2026-09-24,(마스터ASC)[제과_초코퐁당] 26.09_초코퐁당출시_ASC_전환_image_전체타겟,(마스터ASC)[제과_초코퐁당] 26.09_초코퐁당출시_ASC_전환_image_전체타겟,[26.09]F_I_PN초_전환_초코퐁당출시_매거진형_KR2_.배너_이니2.야외생초코연상.__권미정_260909_제과_마팀,15,0,122.0,0
2026-09-23,(마스터ASC)[제과_초코퐁당] 26.09_초코퐁당출시_ASC_전환_image_전체타겟,(마스터ASC)[제과_초코퐁당] 26.09_초코퐁당출시_ASC_전환_image_전체타겟,[26.09]F_I_PN초_전환_초코퐁당출시_혜택강조형_페인포인트저격.KR3_.배너_이니 5. 로이스덕후인정.__권미정_260914_제과_마팀,368,8,6448.0,0
2026-09-23,(마스터ASC)[제과_초코퐁당] 26.09_초코퐁당출시_ASC_전환_image_전체타겟,(마스터ASC)[제과_초코퐁당] 26.09_초코퐁당출시_ASC_전환_image_전체타겟,[26.09]F_I_PN초_전환_초코퐁당출시_혜택강조형_페인포인트저격.KR3_.배너_이니 4. 유출금지 공지문.__권미정_260914_제과_마팀,22,0,352.0,0
2026-09-23,(마스터ASC)[제과_초코퐁당] 26.09_초코퐁당출시_ASC_전환_image_전체타겟,(마스터ASC)[제과_초코퐁당] 26.09_초코퐁당출시_ASC_전환_image_전체타겟,[26.09]F_I_PN초_전환_초코퐁당출시_혜택강조형_대세감실체.KR3_.배너_이니3.출시하자마자 완판 재구매.__권미정_260914_제과_마팀,667,7,8920.0,0
2026-09-23,(마스터ASC)[제과_초코퐁당] 26.09_초코퐁당출시_ASC_전환_image_전체타겟,(마스터ASC)[제과_초코퐁당] 26.09_초코퐁당출시_ASC_전환_image_전체타겟,[26.09]F_I_PN초_전환_초코퐁당출시_혜택강조형_대세감실체.KR3_.배너_이니1.10초에1개씩 팔리는.__권미정_260914_제과_마팀,40,0,757.0,0
2026-09-23,(마스터ASC)[제과_초코퐁당] 26.09_초코퐁당출시_ASC_전환_image_전체타겟,(마스터ASC)[제과_초코퐁당] 26.09_초코퐁당출시_ASC_전환_image_전체타겟,[26.09]F_I_PN초_전환_초코퐁당출시_혜택강조형_페인포인트저격.KR3_.배너_이니 8. 지금아님못사.기포사이초코.__권미정_260916_제과_마팀,893,14,16300.0,1
2026-09-23,(마스터ASC)[제과_초코퐁당] 26.09_초코퐁당출시_ASC_전환_image_전체타겟,(마스터ASC)[제과_초코퐁당] 26.09_초코퐁당출시_ASC_전환_image_전체타겟,[26.09]F_I_PN초_전환_초코퐁당출시_제품강조형_KR1_.릴스_양적.박스째먹어도.__권미정_260922_제과_박서연,635,7,11101.0,1
2026-09-23,(마스터ASC)[제과_초코퐁당] 26.09_초코퐁당출시_ASC_전환_image_전체타겟,(마스터ASC)[제과_초코퐁당] 26.09_초코퐁당출시_ASC_전환_image_전체타겟,[26.09]F_I_PN초_전환_초코퐁당출시_제품강조형_KR1_.릴스_양적.이분할.__권미정_260922_제과_박서연,548,7,6330.0,0
2026-09-23,(마스터ASC)[제과_초코퐁당] 26.09_초코퐁당출시_ASC_전환_image_전체타겟,(마스터ASC)[제과_초코퐁당] 26.09_초코퐁당출시_ASC_전환_image_전체타겟,[26.09]F_I_PN초_전환_초코퐁당출시_제품강조형_KR1_.릴스_양적.5봉지vs.__권미정_260922_제과_박서연,615,9,9487.0,0
2026-09-23,(마스터ASC)[제과_초코퐁당] 26.09_초코퐁당출시_ASC_전환_image_전체타겟,(마스터ASC)[제과_초코퐁당] 26.09_초코퐁당출시_ASC_전환_image_전체타겟,[26.09]F_I_PN초_전환_초코퐁당출시_제품강조형_KR1_.릴스_질적.다이어트고인물.__권미정_260922_제과_박서연,1898,19,21945.0,3
2026-09-23,(마스터ASC)[제과_초코퐁당] 26.09_초코퐁당출시_ASC_전환_image_전체타겟,(마스터ASC)[제과_초코퐁당] 26.09_초코퐁당출시_ASC_전환_image_전체타겟,[26.09]F_I_PN초_전환_초코퐁당출시_제품강조형_KR1_.릴스_질적.군것질대장.__권미정_260922_제과_박서연,68,0,1606.0,0
2026-09-23,(마스터ASC)[제과_초코퐁당] 26.09_초코퐁당출시_ASC_전환_image_전체타겟,(마스터ASC)[제과_초코퐁당] 26.09_초코퐁당출시_ASC_전환_image_전체타겟,[26.09]F_I_PN초_전환_초코퐁당출시_제품강조형_KR1_.릴스_질적.마음자로.__권미정_260922_제과_박서연,5534,40,63257.0,5
2026-09-23,(마스터ASC)[제과_초코퐁당] 26.09_초코퐁당출시_ASC_전환_image_전체타겟,(마스터ASC)[제과_초코퐁당] 26.09_초코퐁당출시_ASC_전환_image_전체타겟,[26.09]F_I_PN초_전환_초코퐁당출시_제품강조형_KR1_.릴스_양적.와구와구.__권미정_260922_제과_박서연,148,2,2244.0,0
2026-09-23,(마스터ASC)[제과_초코퐁당] 26.09_초코퐁당출시_ASC_전환_image_전체타겟,(마스터ASC)[제과_초코퐁당] 26.09_초코퐁당출시_ASC_전환_image_전체타겟,[26.09]F_I_PN초_전환_초코퐁당출시_제품강조형_KR1_.릴스_질적.완벽한입터짐구원템.__권미정_260922_제과_박서연,569,5,8037.0,3
2026-09-23,(마스터ASC)[제과_초코퐁당] 26.09_초코퐁당출시_ASC_전환_image_전체타겟,(마스터ASC)[제과_초코퐁당] 26.09_초코퐁당출시_ASC_전환_image_전체타겟,[26.09]F_I_PN초_전환_초코퐁당출시_제품강조형_KR1_.릴스_꽉찬포코그자체.__권미정_260923_제과_박서연,338,4,4585.0,0
2026-09-23,(마스터ASC)[제과_초코퐁당] 26.09_초코퐁당출시_ASC_전환_image_전체타겟,(마스터ASC)[제과_초코퐁당] 26.09_초코퐁당출시_ASC_전환_image_전체타겟,[26.09]F_I_PN초_전환_초코퐁당출시_제품강조형_KR1_.릴스_씹자마자대폭발.__권미정_260923_제과_박서연,395,1,3397.0,0
2026-09-24,(마스터ASC)[제과_초코퐁당] 26.09_초코퐁당출시_ASC_전환_image_전체타겟,(마스터ASC)[제과_초코퐁당] 26.09_초코퐁당출시_ASC_전환_image_전체타겟,[26.09]F_I_PN초_전환_초코퐁당출시_혜택강조형_페인포인트저격.KR3_.배너_이니 5. 로이스덕후인정.__권미정_260914_제과_마팀,25,1,415.0,0
2026-09-24,(마스터ASC)[제과_초코퐁당] 26.09_초코퐁당출시_ASC_전환_image_전체타겟,(마스터ASC)[제과_초코퐁당] 26.09_초코퐁당출시_ASC_전환_image_전체타겟,[26.09]F_I_PN초_전환_초코퐁당출시_혜택강조형_대세감실체.KR3_.배너_이니3.출시하자마자 완판 재구매.__권미정_260914_제과_마팀,11,0,145.0,0
2026-09-24,(마스터ASC)[제과_초코퐁당] 26.09_초코퐁당출시_ASC_전환_image_전체타겟,(마스터ASC)[제과_초코퐁당] 26.09_초코퐁당출시_ASC_전환_image_전체타겟,[26.09]F_I_PN초_전환_초코퐁당출시_혜택강조형_대세감실체.KR3_.배너_이니1.10초에1개씩 팔리는.__권미정_260914_제과_마팀,3,0,22.0,0
2026-09-24,(마스터ASC)[제과_초코퐁당] 26.09_초코퐁당출시_ASC_전환_image_전체타겟,(마스터ASC)[제과_초코퐁당] 26.09_초코퐁당출시_ASC_전환_image_전체타겟,[26.09]F_I_PN초_전환_초코퐁당출시_제품강조형_KR1_.릴스_양적.이분할.__권미정_260922_제과_박서연,13,0,242.0,0
2026-09-24,(마스터ASC)[제과_초코퐁당] 26.09_초코퐁당출시_ASC_전환_image_전체타겟,(마스터ASC)[제과_초코퐁당] 26.09_초코퐁당출시_ASC_전환_image_전체타겟,[26.09]F_I_PN초_전환_초코퐁당출시_제품강조형_KR1_.릴스_질적.다이어트고인물.__권미정_260922_제과_박서연,41,0,457.0,0
2026-09-24,(마스터ASC)[제과_초코퐁당] 26.09_초코퐁당출시_ASC_전환_image_전체타겟,(마스터ASC)[제과_초코퐁당] 26.09_초코퐁당출시_ASC_전환_image_전체타겟,[26.09]F_I_PN초_전환_초코퐁당출시_제품강조형_KR1_.릴스_양적.와구와구.__권미정_260922_제과_박서연,2,0,15.0,0
2026-09-24,(마스터ASC)[제과_초코퐁당] 26.09_초코퐁당출시_ASC_전환_image_전체타겟,(마스터ASC)[제과_초코퐁당] 26.09_초코퐁당출시_ASC_전환_image_전체타겟,[26.09]F_I_PN초_전환_초코퐁당출시_제품강조형_KR1_.릴스_질적.완벽한입터짐구원템.__권미정_260922_제과_박서연,8,0,75.0,0
2026-09-24,(마스터ASC)[제과_초코퐁당] 26.09_초코퐁당출시_ASC_전환_image_전체타겟,(마스터ASC)[제과_초코퐁당] 26.09_초코퐁당출시_ASC_전환_image_전체타겟,[26.09]F_I_PN초_전환_초코퐁당출시_제품강조형_KR1_.릴스_꽉찬포코그자체.__권미정_260923_제과_박서연,27,0,490.0,0
2026-09-24,(마스터ASC)[제과_초코퐁당] 26.09_초코퐁당출시_ASC_전환_image_전체타겟,(마스터ASC)[제과_초코퐁당] 26.09_초코퐁당출시_ASC_전환_image_전체타겟,[26.09]F_I_PN초_전환_초코퐁당출시_제품강조형_KR1_.릴스_씹자마자대폭발.__권미정_260923_제과_박서연,27,1,323.0,0
2026-09-26,(마스터ASC)[제과_블트하] 26.07_블트깡출시_ASC_전환_video,(마스터ASC)[제과_블트하] 26.07_블트깡출시_ASC_전환_video,[26.09]F_V_BT칩_전환_블트깡출시_기타_배너.메시지검증_var4.배너_범용성.1안.X_2P__260901_제과_최재원,2,0,11.0,0
2026-09-27,(마스터ASC)[제과_블트하] 26.07_블트깡출시_ASC_전환_video,(마스터ASC)[제과_블트하] 26.07_블트깡출시_ASC_전환_video,[26.09]F_V_BT칩_전환_블트깡출시_기타_배너.메시지검증_var4.배너_범용성.1안.X_2P__260901_제과_최재원,2,0,9.0,0
2026-09-23,(마스터ASC)[제과_초코퐁당] 26.09_초코퐁당출시_ASC_전환_image_전체타겟,(마스터ASC)[제과_초코퐁당] 26.09_초코퐁당출시_ASC_전환_image_전체타겟,[26.09]F_I_PN초_전환_초코퐁당출시_제품강조형_KR1_.릴스_인위적인맛1도없는.__권미정_260923_제과_박서연,243,1,2670.0,0
2026-09-23,(마스터ASC)[제과_초코퐁당] 26.09_초코퐁당출시_ASC_전환_image_전체타겟,(마스터ASC)[제과_초코퐁당] 26.09_초코퐁당출시_ASC_전환_image_전체타겟,[26.09]F_I_PN초_전환_초코퐁당출시_제품강조형_KR1_.릴스_꾸덕한초코폭포.__권미정_260923_제과_박서연,40,0,530.0,0
2026-09-23,(마스터ASC)[제과_초코퐁당] 26.09_초코퐁당출시_ASC_전환_image_전체타겟,(마스터ASC)[제과_초코퐁당] 26.09_초코퐁당출시_ASC_전환_image_전체타겟,[26.09]F_I_PN초_전환_초코퐁당출시_제품강조형_KR1_.릴스_다이어트초코가이렇게.__권미정_260923_제과_박서연,36,0,408.0,0
2026-09-23,(마스터ASC)[제과_초코퐁당] 26.09_초코퐁당출시_ASC_전환_image_전체타겟,(마스터ASC)[제과_초코퐁당] 26.09_초코퐁당출시_ASC_전환_image_전체타겟,[26.09]F_I_PN초_전환_초코퐁당출시_제품강조형_KR1_.배너_초코퐁당으로정착함.__권미정_260923_제과_김수정,77,4,1503.0,0
2026-09-23,(마스터ASC)[제과_초코퐁당] 26.09_초코퐁당출시_ASC_전환_image_전체타겟,(마스터ASC)[제과_초코퐁당] 26.09_초코퐁당출시_ASC_전환_image_전체타겟,[26.09]F_I_PN초_전환_초코퐁당출시_제품강조형_KR1_.배너_퍼석퍼석부서지는.__권미정_260923_제과_김수정,651,15,11274.0,0
2026-09-23,(마스터ASC)[제과_초코퐁당] 26.09_초코퐁당출시_ASC_전환_image_전체타겟,(마스터ASC)[제과_초코퐁당] 26.09_초코퐁당출시_ASC_전환_image_전체타겟,[26.09]F_I_PN초_전환_초코퐁당출시_제품강조형_KR1_.배너_밀크초코파쌀때쟁이세요.__권미정_260923_제과_김수정,106,5,2124.0,0
2026-09-23,(마스터ASC)[제과_초코퐁당] 26.09_초코퐁당출시_ASC_전환_image_전체타겟,(마스터ASC)[제과_초코퐁당] 26.09_초코퐁당출시_ASC_전환_image_전체타겟,[26.09]F_I_PN초_전환_초코퐁당출시_제품강조형_KR1_.배너_매일먹어도되는.__권미정_260923_제과_김수정,176,0,2047.0,0
2026-09-23,(마스터ASC)[제과_초코퐁당] 26.09_초코퐁당출시_ASC_전환_image_전체타겟,(마스터ASC)[제과_초코퐁당] 26.09_초코퐁당출시_ASC_전환_image_전체타겟,[26.09]F_I_PN초_전환_초코퐁당출시_제품강조형_KR1_.배너_다이어트소녀들아.__권미정_260923_제과_김수정,97,3,2223.0,0
2026-09-23,(마스터ASC)[제과_초코퐁당] 26.09_초코퐁당출시_ASC_전환_image_전체타겟,(마스터ASC)[제과_초코퐁당] 26.09_초코퐁당출시_ASC_전환_image_전체타겟,[26.09]F_I_PN초_전환_초코퐁당출시_제품강조형_KR1_.배너_손절했어요.__권미정_260923_제과_김수정,107,1,1732.0,0
2026-09-23,(마스터ASC)[제과_초코퐁당] 26.09_초코퐁당출시_ASC_전환_image_전체타겟,(마스터ASC)[제과_초코퐁당] 26.09_초코퐁당출시_ASC_전환_image_전체타겟,[26.09]F_I_PN초_전환_초코퐁당출시_제품강조형_KR1_.배너_편견깨러왔습니다.__권미정_260923_제과_김수정,783,9,11816.0,0
2026-09-24,(마스터ASC)[제과_초코퐁당] 26.09_초코퐁당출시_ASC_전환_image_전체타겟,(마스터ASC)[제과_초코퐁당] 26.09_초코퐁당출시_ASC_전환_image_전체타겟,[26.09]F_I_PN초_전환_초코퐁당출시_제품강조형_KR1_.릴스_인위적인맛1도없는.__권미정_260923_제과_박서연,7,0,89.0,0
2026-09-24,(마스터ASC)[제과_초코퐁당] 26.09_초코퐁당출시_ASC_전환_image_전체타겟,(마스터ASC)[제과_초코퐁당] 26.09_초코퐁당출시_ASC_전환_image_전체타겟,[26.09]F_I_PN초_전환_초코퐁당출시_제품강조형_KR1_.릴스_꾸덕한초코폭포.__권미정_260923_제과_박서연,3,0,11.0,0
2026-09-24,(마스터ASC)[제과_초코퐁당] 26.09_초코퐁당출시_ASC_전환_image_전체타겟,(마스터ASC)[제과_초코퐁당] 26.09_초코퐁당출시_ASC_전환_image_전체타겟,[26.09]F_I_PN초_전환_초코퐁당출시_제품강조형_KR1_.배너_초코퐁당으로정착함.__권미정_260923_제과_김수정,31,1,628.0,0
2026-09-24,(마스터ASC)[제과_초코퐁당] 26.09_초코퐁당출시_ASC_전환_image_전체타겟,(마스터ASC)[제과_초코퐁당] 26.09_초코퐁당출시_ASC_전환_image_전체타겟,[26.09]F_I_PN초_전환_초코퐁당출시_제품강조형_KR1_.배너_밀크초코파쌀때쟁이세요.__권미정_260923_제과_김수정,60,2,1189.0,0
2026-09-24,(마스터ASC)[제과_초코퐁당] 26.09_초코퐁당출시_ASC_전환_image_전체타겟,(마스터ASC)[제과_초코퐁당] 26.09_초코퐁당출시_ASC_전환_image_전체타겟,[26.09]F_I_PN초_전환_초코퐁당출시_제품강조형_KR1_.배너_매일먹어도되는.__권미정_260923_제과_김수정,36,0,750.0,0
2026-09-24,(마스터ASC)[제과_초코퐁당] 26.09_초코퐁당출시_ASC_전환_image_전체타겟,(마스터ASC)[제과_초코퐁당] 26.09_초코퐁당출시_ASC_전환_image_전체타겟,[26.09]F_I_PN초_전환_초코퐁당출시_제품강조형_KR1_.배너_다이어트소녀들아.__권미정_260923_제과_김수정,2,0,18.0,0
2026-09-24,(마스터ASC)[제과_초코퐁당] 26.09_초코퐁당출시_ASC_전환_image_전체타겟,(마스터ASC)[제과_초코퐁당] 26.09_초코퐁당출시_ASC_전환_image_전체타겟,[26.09]F_I_PN초_전환_초코퐁당출시_제품강조형_KR1_.배너_손절했어요.__권미정_260923_제과_김수정,1,0,5.0,0
2026-09-24,(마스터ASC)[제과_블트하] 26.07_블트깡출시_ASC_전환_video,(마스터ASC)[제과_블트하] 26.07_블트깡출시_ASC_전환_video,[26.08]F_V_BT깡_전환_블트깡출시_라이브커머스형_라이브커머스형.KR1_var3.릴스_찐템강조.댓글.슬기.X_1P_김소희_260811_제과_피재은,1,0,10.0,0
2026-09-25,(마스터ASC)[제과_블트하] 26.07_블트깡출시_ASC_전환_video,(마스터ASC)[제과_블트하] 26.07_블트깡출시_ASC_전환_video,[26.08]F_V_BT깡_전환_블트깡출시_라이브커머스형_라이브커머스형.KR1_var3.릴스_찐템강조.댓글.슬기.X_1P_김소희_260811_제과_피재은,1,0,37.0,0
2026-09-26,(마스터ASC)[제과_블트하] 26.07_블트깡출시_ASC_전환_video,(마스터ASC)[제과_블트하] 26.07_블트깡출시_ASC_전환_video,[26.08]F_V_BT깡_전환_블트깡출시_라이브커머스형_라이브커머스형.KR1_var3.릴스_찐템강조.댓글.슬기.X_1P_김소희_260811_제과_피재은,8,0,125.0,0
2026-09-24,(마스터ASC)[제과_블트하] 26.07_블트깡출시_ASC_전환_video,(마스터ASC)[제과_블트하] 26.07_블트깡출시_ASC_전환_video,[26.08]F_V_BT깡_전환_블트깡출시_라이브커머스형_라이브커머스형.KR1_var1.릴스_찐템강조.주변.슬기.X_1P_김소희_260811_제과_피재은,8,0,175.0,0
2026-09-24,(마스터ASC)[제과_블트하] 26.07_블트깡출시_ASC_전환_video,(마스터ASC)[제과_블트하] 26.07_블트깡출시_ASC_전환_video,[26.08]F_V_BT깡_전환_블트깡출시_라이브커머스형_라이브커머스형.KR1_var7.릴스_전체.스페인산.슬기.X_1P_김소희_260812_제과_피재은,3,0,39.0,0
2026-09-25,(마스터ASC)[제과_블트하] 26.07_블트깡출시_ASC_전환_video,(마스터ASC)[제과_블트하] 26.07_블트깡출시_ASC_전환_video,[26.08]F_V_BT깡_전환_블트깡출시_라이브커머스형_라이브커머스형.KR1_var1.릴스_찐템강조.주변.슬기.X_1P_김소희_260811_제과_피재은,2,0,30.0,0
2026-09-25,(마스터ASC)[제과_블트하] 26.07_블트깡출시_ASC_전환_video,(마스터ASC)[제과_블트하] 26.07_블트깡출시_ASC_전환_video,[26.08]F_V_BT깡_전환_블트깡출시_라이브커머스형_라이브커머스형.KR1_var7.릴스_전체.스페인산.슬기.X_1P_김소희_260812_제과_피재은,2,0,12.0,0
2026-09-26,(마스터ASC)[제과_블트하] 26.07_블트깡출시_ASC_전환_video,(마스터ASC)[제과_블트하] 26.07_블트깡출시_ASC_전환_video,[26.08]F_V_BT깡_전환_블트깡출시_라이브커머스형_라이브커머스형.KR1_var1.릴스_찐템강조.주변.슬기.X_1P_김소희_260811_제과_피재은,7,0,104.0,0
2026-09-26,(마스터ASC)[제과_블트하] 26.07_블트깡출시_ASC_전환_video,(마스터ASC)[제과_블트하] 26.07_블트깡출시_ASC_전환_video,[26.08]F_V_BT깡_전환_블트깡출시_라이브커머스형_라이브커머스형.KR1_var7.릴스_전체.스페인산.슬기.X_1P_김소희_260812_제과_피재은,1,0,8.0,0
2026-09-26,(마스터ASC)[제과_블트하] 26.07_블트깡출시_ASC_전환_video,(마스터ASC)[제과_블트하] 26.07_블트깡출시_ASC_전환_video,[26.08]F_V_BT칩_전환_블트깡출시_신규BP_브랜든배너형BP_var4.릴스_손님간식1티어.할인추가.X_2P_최재원_260814_제과_최재원,2,0,31.0,0
2026-09-27,(마스터ASC)[제과_블트하] 26.07_블트깡출시_ASC_전환_video,(마스터ASC)[제과_블트하] 26.07_블트깡출시_ASC_전환_video,[26.08]F_V_BT깡_전환_블트깡출시_라이브커머스형_라이브커머스형.KR1_var1.릴스_찐템강조.주변.슬기.X_1P_김소희_260811_제과_피재은,37,0,632.0,0
2026-09-27,(마스터ASC)[제과_블트하] 26.07_블트깡출시_ASC_전환_video,(마스터ASC)[제과_블트하] 26.07_블트깡출시_ASC_전환_video,[26.08]F_V_BT깡_전환_블트깡출시_라이브커머스형_라이브커머스형.KR1_var7.릴스_전체.스페인산.슬기.X_1P_김소희_260812_제과_피재은,2,0,25.0,0
2026-09-27,(마스터ASC)[제과_블트하] 26.07_블트깡출시_ASC_전환_video,(마스터ASC)[제과_블트하] 26.07_블트깡출시_ASC_전환_video,[26.08]F_V_BT칩_전환_블트깡출시_신규BP_브랜든배너형BP_var4.릴스_손님간식1티어.할인추가.X_2P_최재원_260814_제과_최재원,1,0,3.0,0
2026-09-23,[990딜] (마스터ASC) [제과_블트하] 26.09_블트하990딜_ASC_전환_image,[990딜] (마스터ASC) [제과_블트하] 26.09_블트하990딜_ASC_전환_image,[26.09]F_I_BT혼_전환_블트하990딜_혜택강조형_맛피아_.배너_대세감.2분할.__김소희_260921_제과_박서연,12,0,100.0,0
2026-09-23,[990딜] (마스터ASC) [제과_블트하] 26.09_블트하990딜_ASC_전환_image,[990딜] (마스터ASC) [제과_블트하] 26.09_블트하990딜_ASC_전환_image,[26.09]F_I_BT혼_전환_블트하990딜_혜택강조형_맛피아_.배너_대세감.100원도안해요.__김소희_260921_제과_박서연,169,4,2665.0,0
2026-09-23,[990딜] (마스터ASC) [제과_블트하] 26.09_블트하990딜_ASC_전환_image,[990딜] (마스터ASC) [제과_블트하] 26.09_블트하990딜_ASC_전환_image,[26.09]F_I_BT혼_전환_블트하990딜_혜택강조형_맛피아_.배너_할인명분.이번주가찐막입니다.__김소희_260921_제과_박서연,1766,14,16849.0,1
2026-09-23,[990딜] (마스터ASC) [제과_블트하] 26.09_블트하990딜_ASC_전환_image,[990딜] (마스터ASC) [제과_블트하] 26.09_블트하990딜_ASC_전환_image,[26.09]F_I_BT혼_전환_블트하990딜_혜택강조형_맛피아_.배너_할인명분.찐최저가로할인하재요.__김소희_260921_제과_박서연,358,4,4243.0,0
2026-09-23,[990딜] (마스터ASC) [제과_블트하] 26.09_블트하990딜_ASC_전환_image,[990딜] (마스터ASC) [제과_블트하] 26.09_블트하990딜_ASC_전환_image,[26.09]F_I_BT혼_전환_블트하990딜_혜택강조형_맛피아_.배너_할인명분.맛피아가.__김소희_260921_제과_박서연,11108,236,141586.0,10
2026-09-23,[990딜] (마스터ASC) [제과_블트하] 26.09_블트하990딜_ASC_전환_image,[990딜] (마스터ASC) [제과_블트하] 26.09_블트하990딜_ASC_전환_image,[26.09]F_I_BT혼_전환_블트하990딜_혜택강조형_맛피아_.배너_대세감.공지문.__김소희_260921_제과_박서연,3,0,57.0,0
2026-09-23,[990딜] (마스터ASC) [제과_블트하] 26.09_블트하990딜_ASC_전환_image,[990딜] (마스터ASC) [제과_블트하] 26.09_블트하990딜_ASC_전환_image,[26.09]F_I_BT혼_전환_블트하990딜_혜택강조형_맛피아_.배너_대세감.딱7일만.__김소희_260921_제과_박서연,81,2,1417.0,0
2026-09-23,[990딜] (마스터ASC) [제과_블트하] 26.09_블트하990딜_ASC_전환_image,[990딜] (마스터ASC) [제과_블트하] 26.09_블트하990딜_ASC_전환_image,[26.09]F_I_BT혼_전환_블트하990딜_혜택강조형_맛피아_.배너_할인명분.낋여왔어요.__김소희_260921_제과_박서연,13,0,182.0,0
2026-09-23,[990딜] (마스터ASC) [제과_블트하] 26.09_블트하990딜_ASC_전환_image,[990딜] (마스터ASC) [제과_블트하] 26.09_블트하990딜_ASC_전환_image,[26.09]F_I_BT혼_전환_블트하990딜_혜택강조형_맛피아_.배너_할인명분.100원=한봉지.__김소희_260921_제과_박서연,4,1,89.0,0
2026-09-23,[990딜] (마스터ASC) [제과_블트하] 26.09_블트하990딜_ASC_전환_image,[990딜] (마스터ASC) [제과_블트하] 26.09_블트하990딜_ASC_전환_image,[26.09]F_I_BT혼_전환_블트하990딜_혜택강조형_맛피아_.배너_할인명분.마지막최저가로할인해요.__김소희_260921_제과_박서연,12,0,286.0,0
2026-09-23,[990딜] (마스터ASC) [제과_블트하] 26.09_블트하990딜_ASC_전환_image,[990딜] (마스터ASC) [제과_블트하] 26.09_블트하990딜_ASC_전환_image,[26.09]F_I_BT혼_전환_블트하990딜_혜택강조형_KR1_.배너_기간한정.지금놓치면365일.__김소희_260921_제과_김수정,1361,19,25142.0,0
2026-09-23,[990딜] (마스터ASC) [제과_블트하] 26.09_블트하990딜_ASC_전환_image,[990딜] (마스터ASC) [제과_블트하] 26.09_블트하990딜_ASC_전환_image,[26.09]F_I_BT혼_전환_블트하990딜_혜택강조형_맛피아.KR1_.배너_기간한정.죄송합니다.__김소희_260921_제과_김수정,368,11,4917.0,0
2026-09-23,[990딜] (마스터ASC) [제과_블트하] 26.09_블트하990딜_ASC_전환_image,[990딜] (마스터ASC) [제과_블트하] 26.09_블트하990딜_ASC_전환_image,[26.09]F_I_BT혼_전환_블트하990딜_혜택강조형_KR1_.배너_기간한정.올해처음이자마지막.__김소희_260921_제과_김수정,4,0,44.0,0
2026-09-23,[990딜] (마스터ASC) [제과_블트하] 26.09_블트하990딜_ASC_전환_image,[990딜] (마스터ASC) [제과_블트하] 26.09_블트하990딜_ASC_전환_image,[26.09]F_I_BT혼_전환_블트하990딜_혜택강조형_KR1_.배너_가치가격대비.역대급혜자구성.__김소희_260921_제과_김수정,21,0,382.0,1
2026-09-23,[990딜] (마스터ASC) [제과_블트하] 26.09_블트하990딜_ASC_전환_image,[990딜] (마스터ASC) [제과_블트하] 26.09_블트하990딜_ASC_전환_image,[26.09]F_I_BT혼_전환_블트하990딜_혜택강조형_KR1_.배너_혜택희소성.오늘의특가.__김소희_260921_제과_김수정,26,0,193.0,0
2026-09-23,[990딜] (마스터ASC) [제과_블트하] 26.09_블트하990딜_ASC_전환_image,[990딜] (마스터ASC) [제과_블트하] 26.09_블트하990딜_ASC_전환_image,[26.09]F_I_BT혼_전환_블트하990딜_혜택강조형_맛피아.KR1_.배너_기간한정.기다려도.__김소희_260921_제과_김수정,105,3,1538.0,0
2026-09-23,[990딜] (마스터ASC) [제과_블트하] 26.09_블트하990딜_ASC_전환_image,[990딜] (마스터ASC) [제과_블트하] 26.09_블트하990딜_ASC_전환_image,[26.09]F_I_BT혼_전환_블트하990딜_혜택강조형_맛피아.KR1_.릴스_파격할인.딱오늘만.__김소희_260921_제과_김수정,18,0,279.0,0
2026-09-23,[990딜] (마스터ASC) [제과_블트하] 26.09_블트하990딜_ASC_전환_image,[990딜] (마스터ASC) [제과_블트하] 26.09_블트하990딜_ASC_전환_image,[26.09]F_I_BT혼_전환_블트하990딜_혜택강조형_KR1_.배너_기간한정.두번은없어요.__김소희_260921_제과_김수정,235,6,3026.0,1
2026-09-23,[990딜] (마스터ASC) [제과_블트하] 26.09_블트하990딜_ASC_전환_image,[990딜] (마스터ASC) [제과_블트하] 26.09_블트하990딜_ASC_전환_image,[26.09]F_I_BT혼_전환_블트하990딜_혜택강조형_KR2_.배너_양대비가격.링크다시뜰확률.__김소희_260922_제과_김수정,645,6,10698.0,2
2026-09-23,[990딜] (마스터ASC) [제과_블트하] 26.09_블트하990딜_ASC_전환_image,[990딜] (마스터ASC) [제과_블트하] 26.09_블트하990딜_ASC_전환_image,[26.09]F_I_BT혼_전환_블트하990딜_혜택강조형_맛피아.KR2_.배너_양대비가격.요즘과자.__김소희_260922_제과_김수정,33,1,890.0,0
2026-09-23,[990딜] (마스터ASC) [제과_블트하] 26.09_블트하990딜_ASC_전환_image,[990딜] (마스터ASC) [제과_블트하] 26.09_블트하990딜_ASC_전환_image,[26.09]F_I_BT혼_전환_블트하990딜_혜택강조형_KR2_.배너_양대비가격.개당99원.__김소희_260922_제과_김수정,288,6,4787.0,0
2026-09-23,[990딜] (마스터ASC) [제과_블트하] 26.09_블트하990딜_ASC_전환_image,[990딜] (마스터ASC) [제과_블트하] 26.09_블트하990딜_ASC_전환_image,[26.09]F_I_BT혼_전환_블트하990딜_혜택강조형_KR4_.배너_주변인.쟁이세요.__김소희_260922_제과_김수정,121,1,2328.0,0
2026-09-23,[990딜] (마스터ASC) [제과_블트하] 26.09_블트하990딜_ASC_전환_image,[990딜] (마스터ASC) [제과_블트하] 26.09_블트하990딜_ASC_전환_image,[26.09]F_I_BT혼_전환_블트하990딜_혜택강조형_KR4_.배너_주변인.죄송합니다.__김소희_260922_제과_김수정,50,0,768.0,0
2026-09-23,[990딜] (마스터ASC) [제과_블트하] 26.09_블트하990딜_ASC_전환_image,[990딜] (마스터ASC) [제과_블트하] 26.09_블트하990딜_ASC_전환_image,[26.09]F_I_BT혼_전환_블트하990딜_혜택강조형_KR4_.배너_주변인.온가족이손에서.__김소희_260922_제과_김수정,23,0,300.0,0
2026-09-23,[990딜] (마스터ASC) [제과_블트하] 26.09_블트하990딜_ASC_전환_image,[990딜] (마스터ASC) [제과_블트하] 26.09_블트하990딜_ASC_전환_image,[26.09]F_I_BT혼_전환_블트하990딜_혜택강조형_KR4_.배너_주변인.동료들이랑먹으려고.__김소희_260922_제과_김수정,282,2,6253.0,0
2026-09-23,[990딜] (마스터ASC) [제과_블트하] 26.09_블트하990딜_ASC_전환_image,[990딜] (마스터ASC) [제과_블트하] 26.09_블트하990딜_ASC_전환_image,[26.09]F_I_BT혼_전환_블트하990딜_혜택강조형_KR2_.릴스_양대비가격.쟁이세요.__김소희_260922_제과_김수정,382,10,7014.0,0
2026-09-24,(마스터ASC)[제과_블트하] 26.07_블트깡출시_ASC_전환_video,(마스터ASC)[제과_블트하] 26.07_블트깡출시_ASC_전환_video,[26.08]F_V_BT깡_전환_블트깡출시_라이브커머스형_라이브커머스형.KR1_var6.릴스_전체.상황극.슬기.X_1P_김소희_260812_제과_피재은,2,0,32.0,0
2026-09-24,[990딜] (마스터ASC) [제과_블트하] 26.09_블트하990딜_ASC_전환_image,[990딜] (마스터ASC) [제과_블트하] 26.09_블트하990딜_ASC_전환_image,[26.09]F_I_BT혼_전환_블트하990딜_혜택강조형_맛피아_.배너_대세감.100원도안해요.__김소희_260921_제과_박서연,81,3,983.0,0
2026-09-24,[990딜] (마스터ASC) [제과_블트하] 26.09_블트하990딜_ASC_전환_image,[990딜] (마스터ASC) [제과_블트하] 26.09_블트하990딜_ASC_전환_image,[26.09]F_I_BT혼_전환_블트하990딜_혜택강조형_맛피아_.배너_할인명분.이번주가찐막입니다.__김소희_260921_제과_박서연,479,4,3407.0,1
2026-09-24,[990딜] (마스터ASC) [제과_블트하] 26.09_블트하990딜_ASC_전환_image,[990딜] (마스터ASC) [제과_블트하] 26.09_블트하990딜_ASC_전환_image,[26.09]F_I_BT혼_전환_블트하990딜_혜택강조형_맛피아_.배너_할인명분.찐최저가로할인하재요.__김소희_260921_제과_박서연,64,0,728.0,0
2026-09-24,[990딜] (마스터ASC) [제과_블트하] 26.09_블트하990딜_ASC_전환_image,[990딜] (마스터ASC) [제과_블트하] 26.09_블트하990딜_ASC_전환_image,[26.09]F_I_BT혼_전환_블트하990딜_혜택강조형_맛피아_.배너_할인명분.맛피아가.__김소희_260921_제과_박서연,1844,40,25282.0,1
2026-09-24,[990딜] (마스터ASC) [제과_블트하] 26.09_블트하990딜_ASC_전환_image,[990딜] (마스터ASC) [제과_블트하] 26.09_블트하990딜_ASC_전환_image,[26.09]F_I_BT혼_전환_블트하990딜_혜택강조형_맛피아_.배너_대세감.공지문.__김소희_260921_제과_박서연,4,0,33.0,0
2026-09-24,[990딜] (마스터ASC) [제과_블트하] 26.09_블트하990딜_ASC_전환_image,[990딜] (마스터ASC) [제과_블트하] 26.09_블트하990딜_ASC_전환_image,[26.09]F_I_BT혼_전환_블트하990딜_혜택강조형_맛피아_.배너_대세감.딱7일만.__김소희_260921_제과_박서연,52,2,1290.0,0
2026-09-24,[990딜] (마스터ASC) [제과_블트하] 26.09_블트하990딜_ASC_전환_image,[990딜] (마스터ASC) [제과_블트하] 26.09_블트하990딜_ASC_전환_image,[26.09]F_I_BT혼_전환_블트하990딜_혜택강조형_맛피아_.배너_할인명분.낋여왔어요.__김소희_260921_제과_박서연,5,0,56.0,0
2026-09-24,[990딜] (마스터ASC) [제과_블트하] 26.09_블트하990딜_ASC_전환_image,[990딜] (마스터ASC) [제과_블트하] 26.09_블트하990딜_ASC_전환_image,[26.09]F_I_BT혼_전환_블트하990딜_혜택강조형_맛피아_.배너_할인명분.마지막최저가로할인해요.__김소희_260921_제과_박서연,3,0,28.0,0
2026-09-24,[990딜] (마스터ASC) [제과_블트하] 26.09_블트하990딜_ASC_전환_image,[990딜] (마스터ASC) [제과_블트하] 26.09_블트하990딜_ASC_전환_image,[26.09]F_I_BT혼_전환_블트하990딜_혜택강조형_맛피아.KR1_.배너_기간한정.죄송합니다.__김소희_260921_제과_김수정,166,3,1782.0,0
2026-09-24,[990딜] (마스터ASC) [제과_블트하] 26.09_블트하990딜_ASC_전환_image,[990딜] (마스터ASC) [제과_블트하] 26.09_블트하990딜_ASC_전환_image,[26.09]F_I_BT혼_전환_블트하990딜_혜택강조형_KR1_.배너_기간한정.올해처음이자마지막.__김소희_260921_제과_김수정,2,0,5.0,0
2026-09-24,[990딜] (마스터ASC) [제과_블트하] 26.09_블트하990딜_ASC_전환_image,[990딜] (마스터ASC) [제과_블트하] 26.09_블트하990딜_ASC_전환_image,[26.09]F_I_BT혼_전환_블트하990딜_혜택강조형_KR1_.배너_가치가격대비.역대급혜자구성.__김소희_260921_제과_김수정,1,0,11.0,0
2026-09-24,[990딜] (마스터ASC) [제과_블트하] 26.09_블트하990딜_ASC_전환_image,[990딜] (마스터ASC) [제과_블트하] 26.09_블트하990딜_ASC_전환_image,[26.09]F_I_BT혼_전환_블트하990딜_혜택강조형_KR1_.배너_혜택희소성.오늘의특가.__김소희_260921_제과_김수정,32,1,319.0,0
2026-09-24,[990딜] (마스터ASC) [제과_블트하] 26.09_블트하990딜_ASC_전환_image,[990딜] (마스터ASC) [제과_블트하] 26.09_블트하990딜_ASC_전환_image,[26.09]F_I_BT혼_전환_블트하990딜_혜택강조형_맛피아.KR1_.배너_기간한정.기다려도.__김소희_260921_제과_김수정,29,1,398.0,0
2026-09-24,[990딜] (마스터ASC) [제과_블트하] 26.09_블트하990딜_ASC_전환_image,[990딜] (마스터ASC) [제과_블트하] 26.09_블트하990딜_ASC_전환_image,[26.09]F_I_BT혼_전환_블트하990딜_혜택강조형_맛피아.KR1_.릴스_파격할인.딱오늘만.__김소희_260921_제과_김수정,5,0,73.0,0
2026-09-24,[990딜] (마스터ASC) [제과_블트하] 26.09_블트하990딜_ASC_전환_image,[990딜] (마스터ASC) [제과_블트하] 26.09_블트하990딜_ASC_전환_image,[26.09]F_I_BT혼_전환_블트하990딜_혜택강조형_KR1_.배너_기간한정.두번은없어요.__김소희_260921_제과_김수정,48,0,941.0,0
2026-09-24,[990딜] (마스터ASC) [제과_블트하] 26.09_블트하990딜_ASC_전환_image,[990딜] (마스터ASC) [제과_블트하] 26.09_블트하990딜_ASC_전환_image,[26.09]F_I_BT혼_전환_블트하990딜_혜택강조형_KR1_.릴스_가치가격대비.개당99원.__김소희_260921_제과_김수정,1,0,13.0,0
2026-09-24,[990딜] (마스터ASC) [제과_블트하] 26.09_블트하990딜_ASC_전환_image,[990딜] (마스터ASC) [제과_블트하] 26.09_블트하990딜_ASC_전환_image,[26.09]F_I_BT혼_전환_블트하990딜_혜택강조형_KR2_.배너_양대비가격.링크다시뜰확률.__김소희_260922_제과_김수정,12,0,180.0,0
2026-09-24,[990딜] (마스터ASC) [제과_블트하] 26.09_블트하990딜_ASC_전환_image,[990딜] (마스터ASC) [제과_블트하] 26.09_블트하990딜_ASC_전환_image,[26.09]F_I_BT혼_전환_블트하990딜_혜택강조형_맛피아.KR2_.배너_양대비가격.요즘과자.__김소희_260922_제과_김수정,4,0,55.0,0
2026-09-24,[990딜] (마스터ASC) [제과_블트하] 26.09_블트하990딜_ASC_전환_image,[990딜] (마스터ASC) [제과_블트하] 26.09_블트하990딜_ASC_전환_image,[26.09]F_I_BT혼_전환_블트하990딜_혜택강조형_KR2_.배너_양대비가격.개당99원.__김소희_260922_제과_김수정,105,2,2115.0,0
2026-09-24,[990딜] (마스터ASC) [제과_블트하] 26.09_블트하990딜_ASC_전환_image,[990딜] (마스터ASC) [제과_블트하] 26.09_블트하990딜_ASC_전환_image,[26.09]F_I_BT혼_전환_블트하990딜_혜택강조형_KR4_.배너_주변인.쟁이세요.__김소희_260922_제과_김수정,10,0,128.0,0
2026-09-24,[990딜] (마스터ASC) [제과_블트하] 26.09_블트하990딜_ASC_전환_image,[990딜] (마스터ASC) [제과_블트하] 26.09_블트하990딜_ASC_전환_image,[26.09]F_I_BT혼_전환_블트하990딜_혜택강조형_KR4_.배너_주변인.죄송합니다.__김소희_260922_제과_김수정,1,0,8.0,0
2026-09-24,[990딜] (마스터ASC) [제과_블트하] 26.09_블트하990딜_ASC_전환_image,[990딜] (마스터ASC) [제과_블트하] 26.09_블트하990딜_ASC_전환_image,[26.09]F_I_BT혼_전환_블트하990딜_혜택강조형_KR4_.배너_주변인.온가족이손에서.__김소희_260922_제과_김수정,1,0,12.0,0
2026-09-24,[990딜] (마스터ASC) [제과_블트하] 26.09_블트하990딜_ASC_전환_image,[990딜] (마스터ASC) [제과_블트하] 26.09_블트하990딜_ASC_전환_image,[26.09]F_I_BT혼_전환_블트하990딜_혜택강조형_KR4_.배너_주변인.동료들이랑먹으려고.__김소희_260922_제과_김수정,13,0,395.0,0
2026-09-24,[990딜] (마스터ASC) [제과_블트하] 26.09_블트하990딜_ASC_전환_image,[990딜] (마스터ASC) [제과_블트하] 26.09_블트하990딜_ASC_전환_image,[26.09]F_I_BT혼_전환_블트하990딜_혜택강조형_KR2_.릴스_양대비가격.쟁이세요.__김소희_260922_제과_김수정,57,0,972.0,0
2026-09-25,(마스터ASC)[제과_블트하] 26.07_블트깡출시_ASC_전환_video,(마스터ASC)[제과_블트하] 26.07_블트깡출시_ASC_전환_video,[26.08]F_V_BT깡_전환_블트깡출시_라이브커머스형_라이브커머스형.KR1_var6.릴스_전체.상황극.슬기.X_1P_김소희_260812_제과_피재은,1,0,88.0,0
2026-09-25,[990딜] (마스터ASC) [제과_블트하] 26.09_블트하990딜_ASC_전환_image,[990딜] (마스터ASC) [제과_블트하] 26.09_블트하990딜_ASC_전환_image,[26.09]F_I_BT혼_전환_블트하990딜_혜택강조형_맛피아_.배너_대세감.100원도안해요.__김소희_260921_제과_박서연,3,0,39.0,0
2026-09-25,[990딜] (마스터ASC) [제과_블트하] 26.09_블트하990딜_ASC_전환_image,[990딜] (마스터ASC) [제과_블트하] 26.09_블트하990딜_ASC_전환_image,[26.09]F_I_BT혼_전환_블트하990딜_혜택강조형_맛피아_.배너_할인명분.이번주가찐막입니다.__김소희_260921_제과_박서연,19,0,173.0,0
2026-09-25,[990딜] (마스터ASC) [제과_블트하] 26.09_블트하990딜_ASC_전환_image,[990딜] (마스터ASC) [제과_블트하] 26.09_블트하990딜_ASC_전환_image,[26.09]F_I_BT혼_전환_블트하990딜_혜택강조형_맛피아_.배너_할인명분.맛피아가.__김소희_260921_제과_박서연,1200,25,14755.0,0
2026-09-25,[990딜] (마스터ASC) [제과_블트하] 26.09_블트하990딜_ASC_전환_image,[990딜] (마스터ASC) [제과_블트하] 26.09_블트하990딜_ASC_전환_image,[26.09]F_I_BT혼_전환_블트하990딜_혜택강조형_맛피아_.배너_대세감.딱7일만.__김소희_260921_제과_박서연,1,0,35.0,0
2026-09-25,[990딜] (마스터ASC) [제과_블트하] 26.09_블트하990딜_ASC_전환_image,[990딜] (마스터ASC) [제과_블트하] 26.09_블트하990딜_ASC_전환_image,[26.09]F_I_BT혼_전환_블트하990딜_혜택강조형_맛피아.KR1_.배너_기간한정.죄송합니다.__김소희_260921_제과_김수정,4,0,86.0,0
2026-09-25,[990딜] (마스터ASC) [제과_블트하] 26.09_블트하990딜_ASC_전환_image,[990딜] (마스터ASC) [제과_블트하] 26.09_블트하990딜_ASC_전환_image,[26.09]F_I_BT혼_전환_블트하990딜_혜택강조형_맛피아.KR1_.배너_기간한정.기다려도.__김소희_260921_제과_김수정,1,0,3.0,0
2026-09-25,[990딜] (마스터ASC) [제과_블트하] 26.09_블트하990딜_ASC_전환_image,[990딜] (마스터ASC) [제과_블트하] 26.09_블트하990딜_ASC_전환_image,[26.09]F_I_BT혼_전환_블트하990딜_혜택강조형_KR1_.배너_기간한정.두번은없어요.__김소희_260921_제과_김수정,1,0,5.0,0
2026-09-25,[990딜] (마스터ASC) [제과_블트하] 26.09_블트하990딜_ASC_전환_image,[990딜] (마스터ASC) [제과_블트하] 26.09_블트하990딜_ASC_전환_image,[26.09]F_I_BT혼_전환_블트하990딜_혜택강조형_KR2_.배너_양대비가격.링크다시뜰확률.__김소희_260922_제과_김수정,1,0,11.0,0
2026-09-25,[990딜] (마스터ASC) [제과_블트하] 26.09_블트하990딜_ASC_전환_image,[990딜] (마스터ASC) [제과_블트하] 26.09_블트하990딜_ASC_전환_image,[26.09]F_I_BT혼_전환_블트하990딜_혜택강조형_KR2_.배너_양대비가격.개당99원.__김소희_260922_제과_김수정,3,0,21.0,0
2026-09-25,[990딜] (마스터ASC) [제과_블트하] 26.09_블트하990딜_ASC_전환_image,[990딜] (마스터ASC) [제과_블트하] 26.09_블트하990딜_ASC_전환_image,[26.09]F_I_BT혼_전환_블트하990딜_혜택강조형_KR2_.릴스_양대비가격.쟁이세요.__김소희_260922_제과_김수정,2,0,127.0,0
2026-09-26,(마스터ASC)[제과_블트하] 26.07_블트깡출시_ASC_전환_video,(마스터ASC)[제과_블트하] 26.07_블트깡출시_ASC_전환_video,[26.08]F_V_BT깡_전환_블트깡출시_라이브커머스형_라이브커머스형.KR1_var6.릴스_전체.상황극.슬기.X_1P_김소희_260812_제과_피재은,1,0,4.0,0
2026-09-26,[990딜] (마스터ASC) [제과_블트하] 26.09_블트하990딜_ASC_전환_image,[990딜] (마스터ASC) [제과_블트하] 26.09_블트하990딜_ASC_전환_image,[26.09]F_I_BT혼_전환_블트하990딜_혜택강조형_맛피아_.배너_대세감.2분할.__김소희_260921_제과_박서연,54,0,557.0,0
2026-09-26,[990딜] (마스터ASC) [제과_블트하] 26.09_블트하990딜_ASC_전환_image,[990딜] (마스터ASC) [제과_블트하] 26.09_블트하990딜_ASC_전환_image,[26.09]F_I_BT혼_전환_블트하990딜_혜택강조형_맛피아_.배너_대세감.100원도안해요.__김소희_260921_제과_박서연,142,1,1785.0,0
2026-09-26,[990딜] (마스터ASC) [제과_블트하] 26.09_블트하990딜_ASC_전환_image,[990딜] (마스터ASC) [제과_블트하] 26.09_블트하990딜_ASC_전환_image,[26.09]F_I_BT혼_전환_블트하990딜_혜택강조형_맛피아_.배너_할인명분.이번주가찐막입니다.__김소희_260921_제과_박서연,143,3,1483.0,0
2026-09-26,[990딜] (마스터ASC) [제과_블트하] 26.09_블트하990딜_ASC_전환_image,[990딜] (마스터ASC) [제과_블트하] 26.09_블트하990딜_ASC_전환_image,[26.09]F_I_BT혼_전환_블트하990딜_혜택강조형_맛피아_.배너_할인명분.찐최저가로할인하재요.__김소희_260921_제과_박서연,510,4,6155.0,0
2026-09-26,[990딜] (마스터ASC) [제과_블트하] 26.09_블트하990딜_ASC_전환_image,[990딜] (마스터ASC) [제과_블트하] 26.09_블트하990딜_ASC_전환_image,[26.09]F_I_BT혼_전환_블트하990딜_혜택강조형_맛피아_.배너_할인명분.맛피아가.__김소희_260921_제과_박서연,14010,249,169423.0,8
2026-09-26,[990딜] (마스터ASC) [제과_블트하] 26.09_블트하990딜_ASC_전환_image,[990딜] (마스터ASC) [제과_블트하] 26.09_블트하990딜_ASC_전환_image,[26.09]F_I_BT혼_전환_블트하990딜_혜택강조형_맛피아_.배너_대세감.공지문.__김소희_260921_제과_박서연,10,0,47.0,0
2026-09-26,[990딜] (마스터ASC) [제과_블트하] 26.09_블트하990딜_ASC_전환_image,[990딜] (마스터ASC) [제과_블트하] 26.09_블트하990딜_ASC_전환_image,[26.09]F_I_BT혼_전환_블트하990딜_혜택강조형_맛피아_.배너_할인명분.낋여왔어요.__김소희_260921_제과_박서연,19,1,308.0,0
2026-09-26,[990딜] (마스터ASC) [제과_블트하] 26.09_블트하990딜_ASC_전환_image,[990딜] (마스터ASC) [제과_블트하] 26.09_블트하990딜_ASC_전환_image,[26.09]F_I_BT혼_전환_블트하990딜_혜택강조형_맛피아_.배너_할인명분.마지막최저가로할인해요.__김소희_260921_제과_박서연,2,0,6.0,0
2026-09-26,[990딜] (마스터ASC) [제과_블트하] 26.09_블트하990딜_ASC_전환_image,[990딜] (마스터ASC) [제과_블트하] 26.09_블트하990딜_ASC_전환_image,[26.09]F_I_BT혼_전환_블트하990딜_혜택강조형_맛피아.KR1_.배너_기간한정.죄송합니다.__김소희_260921_제과_김수정,23,0,111.0,0
2026-09-26,[990딜] (마스터ASC) [제과_블트하] 26.09_블트하990딜_ASC_전환_image,[990딜] (마스터ASC) [제과_블트하] 26.09_블트하990딜_ASC_전환_image,[26.09]F_I_BT혼_전환_블트하990딜_혜택강조형_KR1_.배너_기간한정.올해처음이자마지막.__김소희_260921_제과_김수정,33,0,394.0,0
2026-09-26,[990딜] (마스터ASC) [제과_블트하] 26.09_블트하990딜_ASC_전환_image,[990딜] (마스터ASC) [제과_블트하] 26.09_블트하990딜_ASC_전환_image,[26.09]F_I_BT혼_전환_블트하990딜_혜택강조형_KR1_.배너_가치가격대비.역대급혜자구성.__김소희_260921_제과_김수정,1,0,11.0,0
2026-09-26,[990딜] (마스터ASC) [제과_블트하] 26.09_블트하990딜_ASC_전환_image,[990딜] (마스터ASC) [제과_블트하] 26.09_블트하990딜_ASC_전환_image,[26.09]F_I_BT혼_전환_블트하990딜_혜택강조형_KR1_.배너_혜택희소성.오늘의특가.__김소희_260921_제과_김수정,488,2,3584.0,2
2026-09-26,[990딜] (마스터ASC) [제과_블트하] 26.09_블트하990딜_ASC_전환_image,[990딜] (마스터ASC) [제과_블트하] 26.09_블트하990딜_ASC_전환_image,[26.09]F_I_BT혼_전환_블트하990딜_혜택강조형_KR2_.배너_양대비가격.링크다시뜰확률.__김소희_260922_제과_김수정,75,2,1524.0,1
2026-09-26,[990딜] (마스터ASC) [제과_블트하] 26.09_블트하990딜_ASC_전환_image,[990딜] (마스터ASC) [제과_블트하] 26.09_블트하990딜_ASC_전환_image,[26.09]F_I_BT혼_전환_블트하990딜_혜택강조형_KR2_.릴스_양대비가격.쟁이세요.__김소희_260922_제과_김수정,47,3,1048.0,0
2026-09-27,(마스터ASC)[제과_블트하] 26.07_블트깡출시_ASC_전환_video,(마스터ASC)[제과_블트하] 26.07_블트깡출시_ASC_전환_video,[26.08]F_V_BT깡_전환_블트깡출시_라이브커머스형_라이브커머스형.KR1_var6.릴스_전체.상황극.슬기.X_1P_김소희_260812_제과_피재은,12,0,182.0,0
2026-09-27,[990딜] (마스터ASC) [제과_블트하] 26.09_블트하990딜_ASC_전환_image,[990딜] (마스터ASC) [제과_블트하] 26.09_블트하990딜_ASC_전환_image,[26.09]F_I_BT혼_전환_블트하990딜_혜택강조형_맛피아_.배너_대세감.2분할.__김소희_260921_제과_박서연,10,0,388.0,0
2026-09-27,[990딜] (마스터ASC) [제과_블트하] 26.09_블트하990딜_ASC_전환_image,[990딜] (마스터ASC) [제과_블트하] 26.09_블트하990딜_ASC_전환_image,[26.09]F_I_BT혼_전환_블트하990딜_혜택강조형_맛피아_.배너_대세감.100원도안해요.__김소희_260921_제과_박서연,95,3,1779.0,0
2026-09-27,[990딜] (마스터ASC) [제과_블트하] 26.09_블트하990딜_ASC_전환_image,[990딜] (마스터ASC) [제과_블트하] 26.09_블트하990딜_ASC_전환_image,[26.09]F_I_BT혼_전환_블트하990딜_혜택강조형_맛피아_.배너_할인명분.이번주가찐막입니다.__김소희_260921_제과_박서연,1275,19,8696.0,1
2026-09-27,[990딜] (마스터ASC) [제과_블트하] 26.09_블트하990딜_ASC_전환_image,[990딜] (마스터ASC) [제과_블트하] 26.09_블트하990딜_ASC_전환_image,[26.09]F_I_BT혼_전환_블트하990딜_혜택강조형_맛피아_.배너_할인명분.찐최저가로할인하재요.__김소희_260921_제과_박서연,301,3,5311.0,0
2026-09-27,[990딜] (마스터ASC) [제과_블트하] 26.09_블트하990딜_ASC_전환_image,[990딜] (마스터ASC) [제과_블트하] 26.09_블트하990딜_ASC_전환_image,[26.09]F_I_BT혼_전환_블트하990딜_혜택강조형_맛피아_.배너_할인명분.맛피아가.__김소희_260921_제과_박서연,11253,174,143009.0,9
2026-09-27,[990딜] (마스터ASC) [제과_블트하] 26.09_블트하990딜_ASC_전환_image,[990딜] (마스터ASC) [제과_블트하] 26.09_블트하990딜_ASC_전환_image,[26.09]F_I_BT혼_전환_블트하990딜_혜택강조형_맛피아_.배너_대세감.공지문.__김소희_260921_제과_박서연,219,8,1946.0,0
2026-09-27,[990딜] (마스터ASC) [제과_블트하] 26.09_블트하990딜_ASC_전환_image,[990딜] (마스터ASC) [제과_블트하] 26.09_블트하990딜_ASC_전환_image,[26.09]F_I_BT혼_전환_블트하990딜_혜택강조형_맛피아_.배너_대세감.딱7일만.__김소희_260921_제과_박서연,66,2,1436.0,2
2026-09-27,[990딜] (마스터ASC) [제과_블트하] 26.09_블트하990딜_ASC_전환_image,[990딜] (마스터ASC) [제과_블트하] 26.09_블트하990딜_ASC_전환_image,[26.09]F_I_BT혼_전환_블트하990딜_혜택강조형_맛피아_.배너_할인명분.낋여왔어요.__김소희_260921_제과_박서연,1,0,6.0,0
2026-09-27,[990딜] (마스터ASC) [제과_블트하] 26.09_블트하990딜_ASC_전환_image,[990딜] (마스터ASC) [제과_블트하] 26.09_블트하990딜_ASC_전환_image,[26.09]F_I_BT혼_전환_블트하990딜_혜택강조형_맛피아_.배너_할인명분.100원=한봉지.__김소희_260921_제과_박서연,30,0,380.0,0
2026-09-27,[990딜] (마스터ASC) [제과_블트하] 26.09_블트하990딜_ASC_전환_image,[990딜] (마스터ASC) [제과_블트하] 26.09_블트하990딜_ASC_전환_image,[26.09]F_I_BT혼_전환_블트하990딜_혜택강조형_맛피아_.배너_할인명분.마지막최저가로할인해요.__김소희_260921_제과_박서연,40,0,318.0,0
2026-09-27,[990딜] (마스터ASC) [제과_블트하] 26.09_블트하990딜_ASC_전환_image,[990딜] (마스터ASC) [제과_블트하] 26.09_블트하990딜_ASC_전환_image,[26.09]F_I_BT혼_전환_블트하990딜_혜택강조형_맛피아.KR1_.배너_기간한정.죄송합니다.__김소희_260921_제과_김수정,48,0,416.0,0
2026-09-27,[990딜] (마스터ASC) [제과_블트하] 26.09_블트하990딜_ASC_전환_image,[990딜] (마스터ASC) [제과_블트하] 26.09_블트하990딜_ASC_전환_image,[26.09]F_I_BT혼_전환_블트하990딜_혜택강조형_KR1_.배너_기간한정.올해처음이자마지막.__김소희_260921_제과_김수정,1,0,1.0,0
2026-09-27,[990딜] (마스터ASC) [제과_블트하] 26.09_블트하990딜_ASC_전환_image,[990딜] (마스터ASC) [제과_블트하] 26.09_블트하990딜_ASC_전환_image,[26.09]F_I_BT혼_전환_블트하990딜_혜택강조형_KR1_.배너_가치가격대비.역대급혜자구성.__김소희_260921_제과_김수정,10,0,74.0,0
2026-09-27,[990딜] (마스터ASC) [제과_블트하] 26.09_블트하990딜_ASC_전환_image,[990딜] (마스터ASC) [제과_블트하] 26.09_블트하990딜_ASC_전환_image,[26.09]F_I_BT혼_전환_블트하990딜_혜택강조형_KR1_.배너_혜택희소성.오늘의특가.__김소희_260921_제과_김수정,98,1,1480.0,0
2026-09-27,[990딜] (마스터ASC) [제과_블트하] 26.09_블트하990딜_ASC_전환_image,[990딜] (마스터ASC) [제과_블트하] 26.09_블트하990딜_ASC_전환_image,[26.09]F_I_BT혼_전환_블트하990딜_혜택강조형_맛피아.KR1_.배너_기간한정.기다려도.__김소희_260921_제과_김수정,1113,18,12182.0,0
2026-09-27,[990딜] (마스터ASC) [제과_블트하] 26.09_블트하990딜_ASC_전환_image,[990딜] (마스터ASC) [제과_블트하] 26.09_블트하990딜_ASC_전환_image,[26.09]F_I_BT혼_전환_블트하990딜_혜택강조형_맛피아.KR1_.릴스_파격할인.딱오늘만.__김소희_260921_제과_김수정,12,0,105.0,0
2026-09-27,[990딜] (마스터ASC) [제과_블트하] 26.09_블트하990딜_ASC_전환_image,[990딜] (마스터ASC) [제과_블트하] 26.09_블트하990딜_ASC_전환_image,[26.09]F_I_BT혼_전환_블트하990딜_혜택강조형_KR1_.배너_기간한정.두번은없어요.__김소희_260921_제과_김수정,29,2,301.0,0
2026-09-27,[990딜] (마스터ASC) [제과_블트하] 26.09_블트하990딜_ASC_전환_image,[990딜] (마스터ASC) [제과_블트하] 26.09_블트하990딜_ASC_전환_image,[26.09]F_I_BT혼_전환_블트하990딜_혜택강조형_KR1_.릴스_가치가격대비.개당99원.__김소희_260921_제과_김수정,13,0,70.0,0
2026-09-27,[990딜] (마스터ASC) [제과_블트하] 26.09_블트하990딜_ASC_전환_image,[990딜] (마스터ASC) [제과_블트하] 26.09_블트하990딜_ASC_전환_image,[26.09]F_I_BT혼_전환_블트하990딜_혜택강조형_KR2_.배너_양대비가격.링크다시뜰확률.__김소희_260922_제과_김수정,44,1,876.0,0
2026-09-27,[990딜] (마스터ASC) [제과_블트하] 26.09_블트하990딜_ASC_전환_image,[990딜] (마스터ASC) [제과_블트하] 26.09_블트하990딜_ASC_전환_image,[26.09]F_I_BT혼_전환_블트하990딜_혜택강조형_맛피아.KR2_.배너_양대비가격.요즘과자.__김소희_260922_제과_김수정,4,0,123.0,0
2026-09-27,[990딜] (마스터ASC) [제과_블트하] 26.09_블트하990딜_ASC_전환_image,[990딜] (마스터ASC) [제과_블트하] 26.09_블트하990딜_ASC_전환_image,[26.09]F_I_BT혼_전환_블트하990딜_혜택강조형_KR2_.배너_양대비가격.개당99원.__김소희_260922_제과_김수정,59,1,990.0,0
2026-09-27,[990딜] (마스터ASC) [제과_블트하] 26.09_블트하990딜_ASC_전환_image,[990딜] (마스터ASC) [제과_블트하] 26.09_블트하990딜_ASC_전환_image,[26.09]F_I_BT혼_전환_블트하990딜_혜택강조형_KR4_.배너_주변인.쟁이세요.__김소희_260922_제과_김수정,6,0,137.0,0
2026-09-27,[990딜] (마스터ASC) [제과_블트하] 26.09_블트하990딜_ASC_전환_image,[990딜] (마스터ASC) [제과_블트하] 26.09_블트하990딜_ASC_전환_image,[26.09]F_I_BT혼_전환_블트하990딜_혜택강조형_KR4_.배너_주변인.죄송합니다.__김소희_260922_제과_김수정,7,0,211.0,0
2026-09-27,[990딜] (마스터ASC) [제과_블트하] 26.09_블트하990딜_ASC_전환_image,[990딜] (마스터ASC) [제과_블트하] 26.09_블트하990딜_ASC_전환_image,[26.09]F_I_BT혼_전환_블트하990딜_혜택강조형_KR4_.배너_주변인.온가족이손에서.__김소희_260922_제과_김수정,90,1,2048.0,0
2026-09-27,[990딜] (마스터ASC) [제과_블트하] 26.09_블트하990딜_ASC_전환_image,[990딜] (마스터ASC) [제과_블트하] 26.09_블트하990딜_ASC_전환_image,[26.09]F_I_BT혼_전환_블트하990딜_혜택강조형_KR4_.배너_주변인.동료들이랑먹으려고.__김소희_260922_제과_김수정,270,4,5467.0,0
2026-09-27,[990딜] (마스터ASC) [제과_블트하] 26.09_블트하990딜_ASC_전환_image,[990딜] (마스터ASC) [제과_블트하] 26.09_블트하990딜_ASC_전환_image,[26.09]F_I_BT혼_전환_블트하990딜_혜택강조형_KR2_.릴스_양대비가격.쟁이세요.__김소희_260922_제과_김수정,67,0,2154.0,0
2026-09-23,[제과_블트하] 26.07_블트깡출시_수동_전환_video_전체타겟,0828_재원님재편집_블트칩출시 (맛피아) (신규KR),[26.09]F_V_BT칩_전환_블트깡출시_기타_배너.메시지검증_var3.배너_가격.2안.X_2P__260901_제과_최재원,1,0,5.0,0
2026-09-23,[990딜] (마스터ASC) [제과_블트하] 26.09_블트하990딜_ASC_전환_image,[990딜] (마스터ASC) [제과_블트하] 26.09_블트하990딜_ASC_전환_image,[26.09]F_I_BT혼_전환_블트하990딜_혜택강조형_KR2_.릴스_양대비가격.죄송합니다.__김소희_260922_제과_김수정,399,11,7311.0,0
2026-09-23,[990딜] (마스터ASC) [제과_블트하] 26.09_블트하990딜_ASC_전환_image,[990딜] (마스터ASC) [제과_블트하] 26.09_블트하990딜_ASC_전환_image,[26.09]F_I_BT혼_전환_블트하990딜_혜택강조형_KR2_.릴스_양대비가격.물가역주행.__김소희_260922_제과_김수정,227,2,3828.0,0
2026-09-23,[990딜] (마스터ASC) [제과_블트하] 26.09_블트하990딜_ASC_전환_image,[990딜] (마스터ASC) [제과_블트하] 26.09_블트하990딜_ASC_전환_image,[26.09]F_I_BT혼_전환_블트하990딜_혜택강조형_KR2_.릴스_양대비가격.대세감쟁이세요.__김소희_260922_제과_김수정,28,0,466.0,0
2026-09-24,(마스터ASC)[제과_블트하] 26.07_블트깡출시_ASC_전환_video,(마스터ASC)[제과_블트하] 26.07_블트깡출시_ASC_전환_video,[26.08]F_V_BT칩_전환_블트칩출시_신규BP_아린이네BP.KR1_var3.릴스_공구형.페인포인트.맛.X_2P_최나영_260811_제과_윤성미,1,0,8.0,0
2026-09-24,(마스터ASC)[제과_블트하] 26.07_블트깡출시_ASC_전환_video,(마스터ASC)[제과_블트하] 26.07_블트깡출시_ASC_전환_video,[26.08]F_V_BT칩_전환_블트칩출시_신규BP_아린이네BP.KR1_main.릴스_공구형.메인.X_2P_최나영_260811_제과_윤성미,5,0,51.0,0
2026-09-24,(마스터ASC)[제과_블트하] 26.07_블트깡출시_ASC_전환_video,(마스터ASC)[제과_블트하] 26.07_블트깡출시_ASC_전환_video,[26.09]F_V_BT칩_전환_블트깡출시_기타_배너.메시지검증_var2.배너_가격.1안.X_2P__260901_제과_최재원,1,0,7.0,0
2026-09-24,[제과_블트하] 26.07_블트깡출시_수동_전환_video_전체타겟,0828_재원님재편집_블트칩출시 (맛피아) (신규KR),[26.09]F_V_BT칩_전환_블트깡출시_기타_배너.메시지검증_var3.배너_가격.2안.X_2P__260901_제과_최재원,2,0,11.0,0
2026-09-24,[990딜] (마스터ASC) [제과_블트하] 26.09_블트하990딜_ASC_전환_image,[990딜] (마스터ASC) [제과_블트하] 26.09_블트하990딜_ASC_전환_image,[26.09]F_I_BT혼_전환_블트하990딜_혜택강조형_KR2_.릴스_양대비가격.죄송합니다.__김소희_260922_제과_김수정,83,3,2002.0,0
2026-09-24,[990딜] (마스터ASC) [제과_블트하] 26.09_블트하990딜_ASC_전환_image,[990딜] (마스터ASC) [제과_블트하] 26.09_블트하990딜_ASC_전환_image,[26.09]F_I_BT혼_전환_블트하990딜_혜택강조형_KR2_.릴스_양대비가격.물가역주행.__김소희_260922_제과_김수정,41,1,925.0,0
2026-09-24,[990딜] (마스터ASC) [제과_블트하] 26.09_블트하990딜_ASC_전환_image,[990딜] (마스터ASC) [제과_블트하] 26.09_블트하990딜_ASC_전환_image,[26.09]F_I_BT혼_전환_블트하990딜_혜택강조형_KR2_.릴스_양대비가격.대세감쟁이세요.__김소희_260922_제과_김수정,5,0,162.0,0
2026-09-25,(마스터ASC)[제과_블트하] 26.07_블트깡출시_ASC_전환_video,(마스터ASC)[제과_블트하] 26.07_블트깡출시_ASC_전환_video,[26.08]F_V_BT칩_전환_블트칩출시_신규BP_아린이네BP.KR1_main.릴스_공구형.메인.X_2P_최나영_260811_제과_윤성미,4,0,30.0,0
2026-09-25,(마스터ASC)[제과_블트하] 26.07_블트깡출시_ASC_전환_video,(마스터ASC)[제과_블트하] 26.07_블트깡출시_ASC_전환_video,[26.09]F_V_BT칩_전환_블트깡출시_기타_배너.메시지검증_var2.배너_가격.1안.X_2P__260901_제과_최재원,4,0,50.0,0
2026-09-25,[990딜] (마스터ASC) [제과_블트하] 26.09_블트하990딜_ASC_전환_image,[990딜] (마스터ASC) [제과_블트하] 26.09_블트하990딜_ASC_전환_image,[26.09]F_I_BT혼_전환_블트하990딜_혜택강조형_KR2_.릴스_양대비가격.죄송합니다.__김소희_260922_제과_김수정,2,0,9.0,0
2026-09-25,[990딜] (마스터ASC) [제과_블트하] 26.09_블트하990딜_ASC_전환_image,[990딜] (마스터ASC) [제과_블트하] 26.09_블트하990딜_ASC_전환_image,[26.09]F_I_BT혼_전환_블트하990딜_혜택강조형_KR2_.릴스_양대비가격.물가역주행.__김소희_260922_제과_김수정,2,0,24.0,0
2026-09-26,(마스터ASC)[제과_블트하] 26.07_블트깡출시_ASC_전환_video,(마스터ASC)[제과_블트하] 26.07_블트깡출시_ASC_전환_video,[26.08]F_V_BT칩_전환_블트칩출시_신규BP_아린이네BP.KR1_var3.릴스_공구형.페인포인트.맛.X_2P_최나영_260811_제과_윤성미,1,0,22.0,0
2026-09-26,(마스터ASC)[제과_블트하] 26.07_블트깡출시_ASC_전환_video,(마스터ASC)[제과_블트하] 26.07_블트깡출시_ASC_전환_video,[26.08]F_V_BT칩_전환_블트칩출시_신규BP_아린이네BP.KR1_main.릴스_공구형.메인.X_2P_최나영_260811_제과_윤성미,11,0,236.0,0
2026-09-26,(마스터ASC)[제과_블트하] 26.07_블트깡출시_ASC_전환_video,(마스터ASC)[제과_블트하] 26.07_블트깡출시_ASC_전환_video,[26.09]F_V_BT칩_전환_블트깡출시_기타_배너.메시지검증_var2.배너_가격.1안.X_2P__260901_제과_최재원,9,1,101.0,0
2026-09-26,[990딜] (마스터ASC) [제과_블트하] 26.09_블트하990딜_ASC_전환_image,[990딜] (마스터ASC) [제과_블트하] 26.09_블트하990딜_ASC_전환_image,[26.09]F_I_BT혼_전환_블트하990딜_혜택강조형_KR2_.릴스_양대비가격.죄송합니다.__김소희_260922_제과_김수정,8,0,145.0,0
2026-09-26,[990딜] (마스터ASC) [제과_블트하] 26.09_블트하990딜_ASC_전환_image,[990딜] (마스터ASC) [제과_블트하] 26.09_블트하990딜_ASC_전환_image,[26.09]F_I_BT혼_전환_블트하990딜_혜택강조형_KR2_.릴스_양대비가격.물가역주행.__김소희_260922_제과_김수정,22,0,299.0,0
2026-09-27,(마스터ASC)[제과_블트하] 26.07_블트깡출시_ASC_전환_video,(마스터ASC)[제과_블트하] 26.07_블트깡출시_ASC_전환_video,[26.08]F_V_BT칩_전환_블트칩출시_신규BP_아린이네BP.KR1_var3.릴스_공구형.페인포인트.맛.X_2P_최나영_260811_제과_윤성미,7,0,167.0,0
2026-09-27,(마스터ASC)[제과_블트하] 26.07_블트깡출시_ASC_전환_video,(마스터ASC)[제과_블트하] 26.07_블트깡출시_ASC_전환_video,[26.08]F_V_BT칩_전환_블트칩출시_신규BP_아린이네BP.KR1_main.릴스_공구형.메인.X_2P_최나영_260811_제과_윤성미,9,0,206.0,0
2026-09-27,(마스터ASC)[제과_블트하] 26.07_블트깡출시_ASC_전환_video,(마스터ASC)[제과_블트하] 26.07_블트깡출시_ASC_전환_video,[26.09]F_V_BT칩_전환_블트깡출시_기타_배너.메시지검증_var2.배너_가격.1안.X_2P__260901_제과_최재원,32,0,270.0,0
2026-09-27,[990딜] (마스터ASC) [제과_블트하] 26.09_블트하990딜_ASC_전환_image,[990딜] (마스터ASC) [제과_블트하] 26.09_블트하990딜_ASC_전환_image,[26.09]F_I_BT혼_전환_블트하990딜_혜택강조형_KR2_.릴스_양대비가격.죄송합니다.__김소희_260922_제과_김수정,23,1,440.0,0
2026-09-27,[990딜] (마스터ASC) [제과_블트하] 26.09_블트하990딜_ASC_전환_image,[990딜] (마스터ASC) [제과_블트하] 26.09_블트하990딜_ASC_전환_image,[26.09]F_I_BT혼_전환_블트하990딜_혜택강조형_KR2_.릴스_양대비가격.물가역주행.__김소희_260922_제과_김수정,373,2,4535.0,0
2026-09-27,[990딜] (마스터ASC) [제과_블트하] 26.09_블트하990딜_ASC_전환_image,[990딜] (마스터ASC) [제과_블트하] 26.09_블트하990딜_ASC_전환_image,[26.09]F_I_BT혼_전환_블트하990딜_혜택강조형_KR2_.릴스_양대비가격.대세감쟁이세요.__김소희_260922_제과_김수정,43,0,710.0,0
2026-09-24,(마스터ASC)[제과_블트하] 26.07_블트깡출시_ASC_전환_video,(마스터ASC)[제과_블트하] 26.07_블트깡출시_ASC_전환_video,[26.08]F_V_BT칩_전환_블트칩출시_신규BP_아린이네BP.KR1_var5.릴스_공구형.주변인인정.X_2P_최나영_260811_제과_윤성미,3,0,49.0,0
2026-09-24,(마스터ASC)[제과_블트하] 26.07_블트깡출시_ASC_전환_video,(마스터ASC)[제과_블트하] 26.07_블트깡출시_ASC_전환_video,[26.08]F_V_BT칩_전환_블트칩출시_쩜오건_시즈닝강조.이국주.KR1_var8.릴스_블트칩.트러플.슬기.X_1P__260820_제과_문형민,3,0,28.0,0
2026-09-25,(마스터ASC)[제과_블트하] 26.07_블트깡출시_ASC_전환_video,(마스터ASC)[제과_블트하] 26.07_블트깡출시_ASC_전환_video,[26.08]F_V_BT칩_전환_블트칩출시_신규BP_아린이네BP.KR1_var5.릴스_공구형.주변인인정.X_2P_최나영_260811_제과_윤성미,6,0,54.0,0
2026-09-25,(마스터ASC)[제과_블트하] 26.07_블트깡출시_ASC_전환_video,(마스터ASC)[제과_블트하] 26.07_블트깡출시_ASC_전환_video,[26.08]F_V_BT칩_전환_블트칩출시_쩜오건_시즈닝강조.이국주.KR1_var8.릴스_블트칩.트러플.슬기.X_1P__260820_제과_문형민,21,0,134.0,0
2026-09-26,(마스터ASC)[제과_블트하] 26.07_블트깡출시_ASC_전환_video,(마스터ASC)[제과_블트하] 26.07_블트깡출시_ASC_전환_video,[26.08]F_V_BT깡_전환_블트깡출시_네고형_지인네고형.김그릇BP_main.릴스_공통.X_1P_김소희_260807_제과_강경연,1,0,5.0,0
2026-09-26,(마스터ASC)[제과_블트하] 26.07_블트깡출시_ASC_전환_video,(마스터ASC)[제과_블트하] 26.07_블트깡출시_ASC_전환_video,[26.08]F_V_BT칩_전환_블트칩출시_신규BP_아린이네BP.KR1_var5.릴스_공구형.주변인인정.X_2P_최나영_260811_제과_윤성미,44,0,879.0,0
2026-09-26,(마스터ASC)[제과_블트하] 26.07_블트깡출시_ASC_전환_video,(마스터ASC)[제과_블트하] 26.07_블트깡출시_ASC_전환_video,[26.08]F_V_BT칩_전환_블트칩출시_쩜오건_시즈닝강조.이국주.KR1_var8.릴스_블트칩.트러플.슬기.X_1P__260820_제과_문형민,8,1,77.0,0
2026-09-27,(마스터ASC)[제과_블트하] 26.07_블트깡출시_ASC_전환_video,(마스터ASC)[제과_블트하] 26.07_블트깡출시_ASC_전환_video,[26.08]F_V_BT깡_전환_블트깡출시_네고형_지인네고형.김그릇BP_main.릴스_공통.X_1P_김소희_260807_제과_강경연,1,0,5.0,0
2026-09-27,(마스터ASC)[제과_블트하] 26.07_블트깡출시_ASC_전환_video,(마스터ASC)[제과_블트하] 26.07_블트깡출시_ASC_전환_video,[26.08]F_V_BT칩_전환_블트칩출시_신규BP_아린이네BP.KR1_var5.릴스_공구형.주변인인정.X_2P_최나영_260811_제과_윤성미,16,0,161.0,0
2026-09-27,(마스터ASC)[제과_블트하] 26.07_블트깡출시_ASC_전환_video,(마스터ASC)[제과_블트하] 26.07_블트깡출시_ASC_전환_video,[26.08]F_V_BT칩_전환_블트칩출시_쩜오건_시즈닝강조.이국주.KR1_var8.릴스_블트칩.트러플.슬기.X_1P__260820_제과_문형민,23,1,139.0,0
2026-09-23,[제과_치즈팝콘] 26.08_치즈팝콘출시_수동_전환_video_전체타겟,(0805) 네고형_치즈팝콘출시 (KR2) (재은님),[26.08]F_V_PC치_전환_치즈팝콘출시_네고형_네고형_var1.릴스_크림.슬기.X_1P_권미정_260805_제과_피재은,191,1,1978.0,0
2026-09-24,[제과_치즈팝콘] 26.08_치즈팝콘출시_수동_전환_video_전체타겟,(0805) 네고형_치즈팝콘출시 (KR2) (재은님),[26.08]F_V_PC치_전환_치즈팝콘출시_네고형_네고형_var1.릴스_크림.슬기.X_1P_권미정_260805_제과_피재은,32,0,265.0,0
2026-09-24,(마스터ASC)[제과_블트하] 26.07_블트깡출시_ASC_전환_video,(마스터ASC)[제과_블트하] 26.07_블트깡출시_ASC_전환_video,[26.09]F_V_BT깡_전환_블트깡출시_쩜오건_나폴리맛피아.KR1_var4.릴스_var4.슬기.X_1P__260901_제과_문형민,3,0,19.0,0
2026-09-25,(마스터ASC)[제과_블트하] 26.07_블트깡출시_ASC_전환_video,(마스터ASC)[제과_블트하] 26.07_블트깡출시_ASC_전환_video,[26.09]F_V_BT깡_전환_블트깡출시_쩜오건_나폴리맛피아.KR1_var4.릴스_var4.슬기.X_1P__260901_제과_문형민,1,0,4.0,0
2026-09-26,(마스터ASC)[제과_블트하] 26.07_블트깡출시_ASC_전환_video,(마스터ASC)[제과_블트하] 26.07_블트깡출시_ASC_전환_video,[26.09]F_V_BT깡_전환_블트깡출시_쩜오건_나폴리맛피아.KR1_var4.릴스_var4.슬기.X_1P__260901_제과_문형민,10,0,58.0,0
2026-09-27,(마스터ASC)[제과_블트하] 26.07_블트깡출시_ASC_전환_video,(마스터ASC)[제과_블트하] 26.07_블트깡출시_ASC_전환_video,[26.09]F_V_BT깡_전환_블트깡출시_쩜오건_나폴리맛피아.KR1_var4.릴스_var4.슬기.X_1P__260901_제과_문형민,114,1,781.0,0
2026-09-23,(마스터ASC)[제과_블트하] 26.07_블트깡출시_ASC_전환_video,(마스터ASC)[제과_블트하] 26.07_블트깡출시_ASC_전환_video,[26.09]F_V_BT칩_전환_블트깡출시_신규BP_베이직BP.나폴리맛피아.KR1_var2.릴스_섞기연출.맛피아.X_1P__260901_제과_문형민,5,0,126.0,0
2026-09-23,[제과_블트하] 26.07_블트깡출시_수동_전환_video_전체타겟,0828_재원님재편집_블트칩출시 (맛피아) (신규KR),[26.09]F_V_BT칩_전환_블트깡출시_단순소구형_마미케어BP.나폴리맛피아.KR4_main.릴스_맛피아가져가도돼요.X_2P__260901_제과_최재원,1351,27,25243.0,1
2026-09-24,(마스터ASC)[제과_블트하] 26.07_블트깡출시_ASC_전환_video,(마스터ASC)[제과_블트하] 26.07_블트깡출시_ASC_전환_video,[26.09]F_V_BT칩_전환_블트깡출시_신규BP_베이직BP.나폴리맛피아.KR1_var2.릴스_섞기연출.맛피아.X_1P__260901_제과_문형민,241,9,3723.0,4
2026-09-24,[제과_블트하] 26.07_블트깡출시_수동_전환_video_전체타겟,0828_재원님재편집_블트칩출시 (맛피아) (신규KR),[26.09]F_V_BT칩_전환_블트깡출시_단순소구형_마미케어BP.나폴리맛피아.KR4_main.릴스_맛피아가져가도돼요.X_2P__260901_제과_최재원,1135,15,21551.0,0
2026-09-25,(마스터ASC)[제과_블트하] 26.07_블트깡출시_ASC_전환_video,(마스터ASC)[제과_블트하] 26.07_블트깡출시_ASC_전환_video,[26.09]F_V_BT칩_전환_블트깡출시_신규BP_베이직BP.나폴리맛피아.KR1_var2.릴스_섞기연출.맛피아.X_1P__260901_제과_문형민,327,5,4387.0,0
2026-09-26,(마스터ASC)[제과_블트하] 26.07_블트깡출시_ASC_전환_video,(마스터ASC)[제과_블트하] 26.07_블트깡출시_ASC_전환_video,[26.09]F_V_BT칩_전환_블트깡출시_신규BP_베이직BP.나폴리맛피아.KR1_var2.릴스_섞기연출.맛피아.X_1P__260901_제과_문형민,906,16,12876.0,3
2026-09-27,(마스터ASC)[제과_블트하] 26.07_블트깡출시_ASC_전환_video,(마스터ASC)[제과_블트하] 26.07_블트깡출시_ASC_전환_video,[26.09]F_V_BT칩_전환_블트깡출시_신규BP_베이직BP.나폴리맛피아.KR1_var2.릴스_섞기연출.맛피아.X_1P__260901_제과_문형민,638,7,9466.0,0
2026-09-23,(마스터ASC)[제과_블트하] 26.07_블트깡출시_ASC_전환_video,(마스터ASC)[제과_블트하] 26.07_블트깡출시_ASC_전환_video,[26.08]F_V_BT깡_전환_블트깡출시_라이브커머스형_라이브커머스형.KR1_var4.릴스_전체.메인.슬기.X_1P_김소희_260812_제과_피재은,2,0,13.0,0
2026-09-23,[칩] (마스터ASC)[제과_블트하] 26.07_블트칩출시_ASC_전환_video,[칩] (마스터ASC)[제과_블트하] 26.07_블트칩출시_ASC_전환_video,[26.09]F_V_BT칩_전환_블트칩출시_기타_한고은BP.나폴리맛피아.KR1_main.릴스_꺼드럭찐템.X_1P__260902_제과_피재은,475,4,10738.0,0
2026-09-23,[990딜] (마스터ASC) [제과_블트하] 26.09_블트하990딜_ASC_전환_video,[990딜] (마스터ASC) [제과_블트하] 26.09_블트하990딜_ASC_전환_video,[26.09]F_V_BT혼_전환_블트하990딜_기타_밈활용_var2.릴스_아파트.X_1P__260921_제과_문형민,56,0,452.0,0
2026-09-23,[990딜] (마스터ASC) [제과_블트하] 26.09_블트하990딜_ASC_전환_video,[990딜] (마스터ASC) [제과_블트하] 26.09_블트하990딜_ASC_전환_video,[26.09]F_V_BT혼_전환_블트하990딜_기타_마미케어BP.맛피아_main.릴스_맛피아후킹.X_1P__260921_제과_문형민,159,3,2596.0,0
2026-09-23,[990딜] (마스터ASC) [제과_블트하] 26.09_블트하990딜_ASC_전환_video,[990딜] (마스터ASC) [제과_블트하] 26.09_블트하990딜_ASC_전환_video,[26.09]F_V_BT혼_전환_블트하990딜_기타_밈활용_var3.릴스_죄송합니다.X_1P__260921_제과_피재은,4219,96,52302.0,2
2026-09-23,[990딜] (마스터ASC) [제과_블트하] 26.09_블트하990딜_ASC_전환_video,[990딜] (마스터ASC) [제과_블트하] 26.09_블트하990딜_ASC_전환_video,[26.09]F_V_BT혼_전환_블트하990딜_기타_직원네고형_main.릴스_메인.X_1P__260921_제과_피재은,290,7,4299.0,1
2026-09-23,[990딜] (마스터ASC) [제과_블트하] 26.09_블트하990딜_ASC_전환_video,[990딜] (마스터ASC) [제과_블트하] 26.09_블트하990딜_ASC_전환_video,[26.09]F_V_BT혼_전환_블트하990딜_기타_직원네고형_var2.릴스_조합.X_1P__260921_제과_피재은,74,3,778.0,0
2026-09-24,(마스터ASC)[제과_블트하] 26.07_블트깡출시_ASC_전환_video,(마스터ASC)[제과_블트하] 26.07_블트깡출시_ASC_전환_video,[26.08]F_V_BT칩_전환_블트칩출시_신규BP_인덕션BP.KR1_var1.릴스_주변인정.X_1P_김소희_260807_제과_이봄1,4,0,164.0,0
2026-09-24,(마스터ASC)[제과_블트하] 26.07_블트깡출시_ASC_전환_video,(마스터ASC)[제과_블트하] 26.07_블트깡출시_ASC_전환_video,[26.08]F_V_BT깡_전환_블트깡출시_네고형_지인네고형.김그릇BP_var3.릴스_취식상황.X_1P_김소희_260807_제과_강경연,7,0,196.0,0
2026-09-24,(마스터ASC)[제과_블트하] 26.07_블트깡출시_ASC_전환_video,(마스터ASC)[제과_블트하] 26.07_블트깡출시_ASC_전환_video,[26.08]F_V_BT깡_전환_블트깡출시_라이브커머스형_라이브커머스형.KR1_var4.릴스_전체.메인.슬기.X_1P_김소희_260812_제과_피재은,13,0,562.0,0
2026-09-24,(마스터ASC)[제과_블트하] 26.07_블트깡출시_ASC_전환_video,(마스터ASC)[제과_블트하] 26.07_블트깡출시_ASC_전환_video,[26.08]F_V_BT칩_전환_블트깡출시_신규BP_브랜든배너형BP_main.릴스_맥주안주1티어.X_2P_최재원_260813_제과_최재원,20,0,352.0,0
2026-09-24,[칩] (마스터ASC)[제과_블트하] 26.07_블트칩출시_ASC_전환_video,[칩] (마스터ASC)[제과_블트하] 26.07_블트칩출시_ASC_전환_video,[26.09]F_V_BT칩_전환_블트칩출시_기타_한고은BP.나폴리맛피아.KR1_main.릴스_꺼드럭찐템.X_1P__260902_제과_피재은,206,2,7716.0,0
2026-09-24,[990딜] (마스터ASC) [제과_블트하] 26.09_블트하990딜_ASC_전환_video,[990딜] (마스터ASC) [제과_블트하] 26.09_블트하990딜_ASC_전환_video,[26.09]F_V_BT혼_전환_블트하990딜_기타_밈활용_var2.릴스_아파트.X_1P__260921_제과_문형민,1895,14,20789.0,1
2026-09-24,[990딜] (마스터ASC) [제과_블트하] 26.09_블트하990딜_ASC_전환_video,[990딜] (마스터ASC) [제과_블트하] 26.09_블트하990딜_ASC_전환_video,[26.09]F_V_BT혼_전환_블트하990딜_기타_마미케어BP.맛피아_main.릴스_맛피아후킹.X_1P__260921_제과_문형민,1520,21,26900.0,1
2026-09-24,[990딜] (마스터ASC) [제과_블트하] 26.09_블트하990딜_ASC_전환_video,[990딜] (마스터ASC) [제과_블트하] 26.09_블트하990딜_ASC_전환_video,[26.09]F_V_BT혼_전환_블트하990딜_기타_밈활용_var3.릴스_죄송합니다.X_1P__260921_제과_피재은,32309,619,362754.0,26
2026-09-24,[990딜] (마스터ASC) [제과_블트하] 26.09_블트하990딜_ASC_전환_video,[990딜] (마스터ASC) [제과_블트하] 26.09_블트하990딜_ASC_전환_video,[26.09]F_V_BT혼_전환_블트하990딜_기타_직원네고형_main.릴스_메인.X_1P__260921_제과_피재은,14554,257,152187.0,6
2026-09-24,[990딜] (마스터ASC) [제과_블트하] 26.09_블트하990딜_ASC_전환_video,[990딜] (마스터ASC) [제과_블트하] 26.09_블트하990딜_ASC_전환_video,[26.09]F_V_BT혼_전환_블트하990딜_기타_직원네고형_var2.릴스_조합.X_1P__260921_제과_피재은,4381,55,44564.0,2
2026-09-25,(마스터ASC)[제과_블트하] 26.07_블트깡출시_ASC_전환_video,(마스터ASC)[제과_블트하] 26.07_블트깡출시_ASC_전환_video,[26.07]F_V_BT깡_전환_블트깡출시_인물리뷰형_에어프라이기BP.KR1_var4.릴스_맥주.슬기.X_1P_최나영_260716_제과_피재은,3,1,70.0,0
2026-09-25,(마스터ASC)[제과_블트하] 26.07_블트깡출시_ASC_전환_video,(마스터ASC)[제과_블트하] 26.07_블트깡출시_ASC_전환_video,[26.08]F_V_BT칩_전환_블트칩출시_신규BP_인덕션BP.KR1_var1.릴스_주변인정.X_1P_김소희_260807_제과_이봄1,20,2,681.0,0
2026-09-25,(마스터ASC)[제과_블트하] 26.07_블트깡출시_ASC_전환_video,(마스터ASC)[제과_블트하] 26.07_블트깡출시_ASC_전환_video,[26.08]F_V_BT깡_전환_블트깡출시_네고형_지인네고형.김그릇BP_var3.릴스_취식상황.X_1P_김소희_260807_제과_강경연,1,0,8.0,0
2026-09-25,(마스터ASC)[제과_블트하] 26.07_블트깡출시_ASC_전환_video,(마스터ASC)[제과_블트하] 26.07_블트깡출시_ASC_전환_video,[26.08]F_V_BT칩_전환_블트깡출시_신규BP_브랜든배너형BP_main.릴스_맥주안주1티어.X_2P_최재원_260813_제과_최재원,22,0,301.0,1
2026-09-25,(마스터ASC)[제과_블트하] 26.07_블트깡출시_ASC_전환_video,(마스터ASC)[제과_블트하] 26.07_블트깡출시_ASC_전환_video,[26.08]F_V_BT칩_전환_블트칩출시_쩜오건_시즈닝강조.이국주.KR1_var6.릴스_블트칩.시즈닝신상.슬기.X_1P__260820_제과_문형민,1,0,4.0,0
2026-09-25,[칩] (마스터ASC)[제과_블트하] 26.07_블트칩출시_ASC_전환_video,[칩] (마스터ASC)[제과_블트하] 26.07_블트칩출시_ASC_전환_video,[26.09]F_V_BT칩_전환_블트칩출시_기타_한고은BP.나폴리맛피아.KR1_main.릴스_꺼드럭찐템.X_1P__260902_제과_피재은,162,5,6170.0,0
2026-09-25,[990딜] (마스터ASC) [제과_블트하] 26.09_블트하990딜_ASC_전환_video,[990딜] (마스터ASC) [제과_블트하] 26.09_블트하990딜_ASC_전환_video,[26.09]F_V_BT혼_전환_블트하990딜_기타_밈활용_var3.릴스_죄송합니다.X_1P__260921_제과_피재은,5589,133,69460.0,3
2026-09-25,[990딜] (마스터ASC) [제과_블트하] 26.09_블트하990딜_ASC_전환_video,[990딜] (마스터ASC) [제과_블트하] 26.09_블트하990딜_ASC_전환_video,[26.09]F_V_BT혼_전환_블트하990딜_기타_직원네고형_main.릴스_메인.X_1P__260921_제과_피재은,3131,54,24962.0,0
2026-09-25,[990딜] (마스터ASC) [제과_블트하] 26.09_블트하990딜_ASC_전환_video,[990딜] (마스터ASC) [제과_블트하] 26.09_블트하990딜_ASC_전환_video,[26.09]F_V_BT혼_전환_블트하990딜_기타_직원네고형_var2.릴스_조합.X_1P__260921_제과_피재은,1664,32,17194.0,0
2026-09-26,(마스터ASC)[제과_블트하] 26.07_블트깡출시_ASC_전환_video,(마스터ASC)[제과_블트하] 26.07_블트깡출시_ASC_전환_video,[26.07]F_V_BT깡_전환_블트깡출시_인물리뷰형_에어프라이기BP.KR1_var4.릴스_맥주.슬기.X_1P_최나영_260716_제과_피재은,3,0,30.0,0
2026-09-26,(마스터ASC)[제과_블트하] 26.07_블트깡출시_ASC_전환_video,(마스터ASC)[제과_블트하] 26.07_블트깡출시_ASC_전환_video,[26.08]F_V_BT칩_전환_블트칩출시_신규BP_인덕션BP.KR1_var1.릴스_주변인정.X_1P_김소희_260807_제과_이봄1,54,2,1692.0,2
2026-09-26,(마스터ASC)[제과_블트하] 26.07_블트깡출시_ASC_전환_video,(마스터ASC)[제과_블트하] 26.07_블트깡출시_ASC_전환_video,[26.08]F_V_BT깡_전환_블트깡출시_네고형_지인네고형.김그릇BP_var3.릴스_취식상황.X_1P_김소희_260807_제과_강경연,4,0,39.0,0
2026-09-26,(마스터ASC)[제과_블트하] 26.07_블트깡출시_ASC_전환_video,(마스터ASC)[제과_블트하] 26.07_블트깡출시_ASC_전환_video,[26.08]F_V_BT깡_전환_블트깡출시_라이브커머스형_라이브커머스형.KR1_var4.릴스_전체.메인.슬기.X_1P_김소희_260812_제과_피재은,6,0,64.0,0
2026-09-26,(마스터ASC)[제과_블트하] 26.07_블트깡출시_ASC_전환_video,(마스터ASC)[제과_블트하] 26.07_블트깡출시_ASC_전환_video,[26.08]F_V_BT칩_전환_블트깡출시_신규BP_브랜든배너형BP_main.릴스_맥주안주1티어.X_2P_최재원_260813_제과_최재원,60,0,757.0,0
2026-09-26,(마스터ASC)[제과_블트하] 26.07_블트깡출시_ASC_전환_video,(마스터ASC)[제과_블트하] 26.07_블트깡출시_ASC_전환_video,[26.08]F_V_BT칩_전환_블트칩출시_쩜오건_시즈닝강조.이국주.KR1_var6.릴스_블트칩.시즈닝신상.슬기.X_1P__260820_제과_문형민,4,0,4.0,0
2026-09-26,[칩] (마스터ASC)[제과_블트하] 26.07_블트칩출시_ASC_전환_video,[칩] (마스터ASC)[제과_블트하] 26.07_블트칩출시_ASC_전환_video,[26.09]F_V_BT칩_전환_블트칩출시_기타_한고은BP.나폴리맛피아.KR1_main.릴스_꺼드럭찐템.X_1P__260902_제과_피재은,65,1,1074.0,0
2026-09-27,(마스터ASC)[제과_블트하] 26.07_블트깡출시_ASC_전환_video,(마스터ASC)[제과_블트하] 26.07_블트깡출시_ASC_전환_video,[26.07]F_V_BT깡_전환_블트깡출시_인물리뷰형_에어프라이기BP.KR1_var4.릴스_맥주.슬기.X_1P_최나영_260716_제과_피재은,42,1,559.0,0
2026-09-27,(마스터ASC)[제과_블트하] 26.07_블트깡출시_ASC_전환_video,(마스터ASC)[제과_블트하] 26.07_블트깡출시_ASC_전환_video,[26.08]F_V_BT칩_전환_블트칩출시_신규BP_인덕션BP.KR1_var1.릴스_주변인정.X_1P_김소희_260807_제과_이봄1,634,12,14125.0,4
2026-09-27,(마스터ASC)[제과_블트하] 26.07_블트깡출시_ASC_전환_video,(마스터ASC)[제과_블트하] 26.07_블트깡출시_ASC_전환_video,[26.08]F_V_BT깡_전환_블트깡출시_네고형_지인네고형.김그릇BP_var3.릴스_취식상황.X_1P_김소희_260807_제과_강경연,1,0,2.0,0
2026-09-27,(마스터ASC)[제과_블트하] 26.07_블트깡출시_ASC_전환_video,(마스터ASC)[제과_블트하] 26.07_블트깡출시_ASC_전환_video,[26.08]F_V_BT깡_전환_블트깡출시_라이브커머스형_라이브커머스형.KR1_var4.릴스_전체.메인.슬기.X_1P_김소희_260812_제과_피재은,64,0,1312.0,0
2026-09-27,(마스터ASC)[제과_블트하] 26.07_블트깡출시_ASC_전환_video,(마스터ASC)[제과_블트하] 26.07_블트깡출시_ASC_전환_video,[26.08]F_V_BT칩_전환_블트깡출시_신규BP_브랜든배너형BP_main.릴스_맥주안주1티어.X_2P_최재원_260813_제과_최재원,6,0,49.0,0
2026-09-24,(마스터ASC)[제과_블트하] 26.07_블트깡출시_ASC_전환_video,(마스터ASC)[제과_블트하] 26.07_블트깡출시_ASC_전환_video,[26.08]F_V_BT깡_전환_블트깡출시_라이브커머스형_라이브커머스형.KR1_var2.릴스_찐템강조.남편.슬기.X_1P_김소희_260811_제과_피재은,9,1,282.0,0
2026-09-26,(마스터ASC)[제과_블트하] 26.07_블트깡출시_ASC_전환_video,(마스터ASC)[제과_블트하] 26.07_블트깡출시_ASC_전환_video,[26.08]F_V_BT깡_전환_블트깡출시_라이브커머스형_라이브커머스형.KR1_var2.릴스_찐템강조.남편.슬기.X_1P_김소희_260811_제과_피재은,1,0,22.0,0
2026-09-27,(마스터ASC)[제과_블트하] 26.07_블트깡출시_ASC_전환_video,(마스터ASC)[제과_블트하] 26.07_블트깡출시_ASC_전환_video,[26.08]F_V_BT깡_전환_블트깡출시_라이브커머스형_라이브커머스형.KR1_var2.릴스_찐템강조.남편.슬기.X_1P_김소희_260811_제과_피재은,2,0,100.0,0
2026-09-23,(마스터ASC)[제과_블트하] 26.07_블트깡출시_ASC_전환_video,(마스터ASC)[제과_블트하] 26.07_블트깡출시_ASC_전환_video,[26.08]F_V_BT칩_전환_블트칩출시_제조과정형_제조과정형.이국주.KR2_var2.릴스_CU.X_1P__260821_제과_피재은,482,5,4237.0,0
2026-09-24,(마스터ASC)[제과_블트하] 26.07_블트깡출시_ASC_전환_video,(마스터ASC)[제과_블트하] 26.07_블트깡출시_ASC_전환_video,[26.08]F_V_BT칩_전환_블트칩출시_제조과정형_제조과정형.이국주.KR2_var2.릴스_CU.X_1P__260821_제과_피재은,8587,80,67003.0,3
