date,campaign_name,adset_name,ad_name,impressions,clicks,spend,conversions
2026-08-24,(ASC) [제과_블트하] 26.07_블트칩출시_ASC_전환_image,(ASC)[제과_블트하] 26.07_블트칩출시_ASC_전환_image,[26.07]F_I_BT혼_전환_블트칩출시_혜택강조형_KR2_.피드_주변인.동료.확장__김소희_260727_제과_박지현,36,1,1019.0,1
2026-08-24,(ASC) [제과_블트하] 26.07_블트칩출시_ASC_전환_image,(ASC)[제과_블트하] 26.07_블트칩출시_ASC_전환_image,[26.07]F_I_BT칩_전환_블트칩출시_바이럴형_KR1_.피드_남편인정.야구장.확장__김소희_260727_제과_김수정,69,1,1445.0,0
2026-08-24,(ASC) [제과_블트하] 26.07_블트칩출시_ASC_전환_image,(ASC)[제과_블트하] 26.07_블트칩출시_ASC_전환_image,[26.07]F_I_BT칩_전환_블트칩출시_혜택강조형_KR2_.릴스_안다르bp.시댁에서맛잘알며느리.__김소희_260729_제과_박서연,1150,8,21626.0,0
2026-08-24,[제과_블트하] 26.07_블트깡출시_수동_전환_video_전체타겟,0807_인덕션BP_블트칩출시 (KR1),[26.08]F_V_BT칩_전환_블트칩출시_신규BP_인덕션BP.KR1_var3.릴스_조합취식.X_1P_김소희_260807_제과_이봄1,3805,171,160405.0,12
2026-08-24,[제과_블트하] 26.07_블트깡출시_수동_전환_video_전체타겟,0811_라이브커머스형_블트깡출시 (KR1),[26.08]F_V_BT깡_전환_블트깡출시_라이브커머스형_라이브커머스형.KR1_var5.릴스_전체.맛비주얼.슬기.X_1P_김소희_260812_제과_피재은,378,5,9151.0,0
2026-08-24,[칩] (마스터ASC)[제과_블트하] 26.07_블트칩출시_ASC_전환_video,[칩] (마스터ASC)[제과_블트하] 26.07_블트칩출시_ASC_전환_video,[26.08]F_V_BT칩_전환_블트칩출시_신규BP_도리토스BP.이국주.KR2_var3.릴스_대세감.X_2P_김소희_260821_제과_이봄1,4,0,37.0,0
2026-08-24,[제과_치즈팝콘] 26.08_치즈팝콘출시_수동_전환_video_전체타겟,(0824) CS전화네고형_치즈팝콘재입고 (KR2) (미진님),[26.08]F_V_PC치_전환_치즈팝콘재입고_네고형_CS전화네고.KR2_var1.릴스_취식.X_2P_권미정_260824_제과_이미진,1512,20,20933.0,1
2026-08-25,(ASC) [제과_블트하] 26.07_블트칩출시_ASC_전환_image,(ASC)[제과_블트하] 26.07_블트칩출시_ASC_전환_image,[26.07]F_I_BT칩_전환_블트칩출시_바이럴형_KR1_.피드_남편인정.야구장.확장__김소희_260727_제과_김수정,3,0,27.0,0
2026-08-25,[제과_블트하] 26.07_블트깡출시_수동_전환_video_전체타겟,0807_인덕션BP_블트칩출시 (KR1),[26.08]F_V_BT칩_전환_블트칩출시_신규BP_인덕션BP.KR1_var3.릴스_조합취식.X_1P_김소희_260807_제과_이봄1,9208,372,365827.0,25
2026-08-25,[제과_치즈팝콘] 26.08_치즈팝콘출시_수동_전환_video_전체타겟,(0824) CS전화네고형_치즈팝콘재입고 (KR2) (미진님),[26.08]F_V_PC치_전환_치즈팝콘재입고_네고형_CS전화네고.KR2_var1.릴스_취식.X_2P_권미정_260824_제과_이미진,2417,35,35629.0,2
2026-08-26,[칩] (마스터ASC)[제과_블트하] 26.07_블트칩출시_ASC_전환_video,[칩] (마스터ASC)[제과_블트하] 26.07_블트칩출시_ASC_전환_video,[26.07]F_V_BT칩_전환_블트칩출시_쩜오건_미쯔BP.KR1_main.릴스_대세감.꿀조합.X_2P_최나영_260724_제과_윤성미,2301,40,49447.0,1
2026-08-26,(ASC) [제과_블트하] 26.07_블트칩출시_ASC_전환_image,(ASC)[제과_블트하] 26.07_블트칩출시_ASC_전환_image,[26.07]F_I_BT칩_전환_블트칩출시_바이럴형_KR1_.피드_남편인정.야구장.확장__김소희_260727_제과_김수정,320,4,7571.0,0
2026-08-26,[제과_블트하] 26.07_블트깡출시_수동_전환_video_전체타겟,0807_인덕션BP_블트칩출시 (KR1),[26.08]F_V_BT칩_전환_블트칩출시_신규BP_인덕션BP.KR1_var3.릴스_조합취식.X_1P_김소희_260807_제과_이봄1,7445,288,261953.0,16
2026-08-26,(ASC) [제과_블트하] 26.08_블트깡출시_ASC_전환_image,(ASC) [제과_블트하] 26.08_블트하출시_ASC_전환_image,[26.08]F_I_BT칩_전환_블트칩출시_혜택강조형_KR1_.릴스_시간한정강조.남편생활력미쳤대요.__김소희_260807_제과_김수정,47,0,1316.0,0
2026-08-26,(ASC) [제과_블트하] 26.08_블트깡출시_ASC_전환_image,(ASC) [제과_블트하] 26.08_블트하출시_ASC_전환_image,[26.08]F_I_BT깡_전환_블트칩출시_혜택강조형_이국주_.배너_이국주도찾기힘들었다는.__김소희_260814_제과_김수정,136,2,4269.0,0
2026-08-26,[칩] (마스터ASC)[제과_블트하] 26.07_블트칩출시_ASC_전환_video,[칩] (마스터ASC)[제과_블트하] 26.07_블트칩출시_ASC_전환_video,[26.08]F_V_BT칩_전환_블트칩출시_신규BP_도리토스BP.이국주.KR2_var3.릴스_대세감.X_2P_김소희_260821_제과_이봄1,1,0,6.0,0
2026-08-27,[칩] (마스터ASC)[제과_블트하] 26.07_블트칩출시_ASC_전환_video,[칩] (마스터ASC)[제과_블트하] 26.07_블트칩출시_ASC_전환_video,[26.07]F_V_BT칩_전환_블트칩출시_쩜오건_미쯔BP.KR1_main.릴스_대세감.꿀조합.X_2P_최나영_260724_제과_윤성미,94,1,2251.0,1
2026-08-27,(ASC) [제과_블트하] 26.07_블트칩출시_ASC_전환_image,(ASC)[제과_블트하] 26.07_블트칩출시_ASC_전환_image,[26.07]F_I_BT칩_전환_블트칩출시_바이럴형_KR1_.피드_남편인정.야구장.확장__김소희_260727_제과_김수정,587,3,11104.0,0
2026-08-27,[제과_블트하] 26.07_블트깡출시_수동_전환_video_전체타겟,0807_인덕션BP_블트칩출시 (KR1),[26.08]F_V_BT칩_전환_블트칩출시_신규BP_인덕션BP.KR1_var3.릴스_조합취식.X_1P_김소희_260807_제과_이봄1,5452,216,174003.0,13
2026-08-27,(ASC) [제과_블트하] 26.08_블트깡출시_ASC_전환_image,(ASC) [제과_블트하] 26.08_블트하출시_ASC_전환_image,[26.08]F_I_BT칩_전환_블트칩출시_혜택강조형_KR1_.릴스_시간한정강조.남편생활력미쳤대요.__김소희_260807_제과_김수정,534,12,14571.0,0
2026-08-27,[제과_블트하] 26.07_블트깡출시_수동_전환_video_전체타겟,0814_고효율재편집_블트깡출시,[26.08]F_V_BT깡_전환_블트깡출시_쩜오건_이국주.KR1_var2.릴스_초코송이BP.(재)_1P_최나영_260814_제과_문형민,5,1,67.0,1
2026-08-27,(ASC) [제과_블트하] 26.08_블트깡출시_ASC_전환_image,(ASC) [제과_블트하] 26.08_블트하출시_ASC_전환_image,[26.08]F_I_BT깡_전환_블트칩출시_혜택강조형_이국주_.배너_이국주도찾기힘들었다는.__김소희_260814_제과_김수정,35,1,1591.0,0
2026-08-27,[제과_치즈팝콘] 26.08_치즈팝콘출시_수동_전환_video_전체타겟,(0824) CS전화네고형_치즈팝콘재입고 (KR2) (미진님),[26.08]F_V_PC치_전환_치즈팝콘재입고_네고형_CS전화네고.KR2_var1.릴스_취식.X_2P_권미정_260824_제과_이미진,704,14,16777.0,1
2026-08-28,(ASC) [제과_블트하] 26.07_블트칩출시_ASC_전환_image,(ASC)[제과_블트하] 26.07_블트칩출시_ASC_전환_image,[26.07]F_I_BT칩_전환_블트칩출시_바이럴형_KR1_.피드_남편인정.야구장.확장__김소희_260727_제과_김수정,168,1,2929.0,2
2026-08-28,[제과_블트하] 26.07_블트깡출시_수동_전환_video_전체타겟,0807_인덕션BP_블트칩출시 (KR1),[26.08]F_V_BT칩_전환_블트칩출시_신규BP_인덕션BP.KR1_var3.릴스_조합취식.X_1P_김소희_260807_제과_이봄1,5023,216,182825.0,12
2026-08-28,(ASC) [제과_블트하] 26.08_블트깡출시_ASC_전환_image,(ASC) [제과_블트하] 26.08_블트하출시_ASC_전환_image,[26.08]F_I_BT칩_전환_블트칩출시_혜택강조형_KR1_.릴스_시간한정강조.남편생활력미쳤대요.__김소희_260807_제과_김수정,925,17,21457.0,0
2026-08-28,(ASC) [제과_블트하] 26.08_블트깡출시_ASC_전환_image,(ASC) [제과_블트하] 26.08_블트하출시_ASC_전환_image,[26.08]F_I_BT깡_전환_블트칩출시_혜택강조형_이국주_.배너_이국주도찾기힘들었다는.__김소희_260814_제과_김수정,3,0,54.0,0
2026-08-28,[칩] (마스터ASC)[제과_블트하] 26.07_블트칩출시_ASC_전환_video,[칩] (마스터ASC)[제과_블트하] 26.07_블트칩출시_ASC_전환_video,[26.08]F_V_BT칩_전환_블트칩출시_신규BP_도리토스BP.이국주.KR2_var3.릴스_대세감.X_2P_김소희_260821_제과_이봄1,70,1,2053.0,0
2026-08-28,[제과_치즈팝콘] 26.08_치즈팝콘출시_수동_전환_video_전체타겟,(0824) CS전화네고형_치즈팝콘재입고 (KR2) (미진님),[26.08]F_V_PC치_전환_치즈팝콘재입고_네고형_CS전화네고.KR2_var1.릴스_취식.X_2P_권미정_260824_제과_이미진,9503,147,156081.0,13
2026-08-28,[제과_블트하] 26.07_블트깡출시_수동_전환_video_전체타겟,0828_미나미BP_블트깡출시 (맛피아) (KR1),[26.09]F_V_BT깡_전환_블트깡출시_쩜오건_나폴리맛피아.KR1_main.릴스_메인.슬기.X_1P__260901_제과_문형민,4,0,41.0,0
2026-08-28,[제과_블트하] 26.07_블트깡출시_수동_전환_video_전체타겟,0828_미나미BP_블트깡출시 (맛피아) (KR1),[26.09]F_V_BT깡_전환_블트깡출시_쩜오건_나폴리맛피아.KR1_var2.릴스_실체생략.슬기.X_1P__260901_제과_문형민,130,3,4203.0,0
2026-08-28,[제과_블트하] 26.07_블트깡출시_수동_전환_image_전체타겟,0901_맛피아디벨롭_블트칩출시  (KR1/2),"[26.08]F_I_BT깡_전환_블트칩출시_혜택강조형_나폴리맛피아.KR2_.배너_맛피아권위.가짜트러플,셰프눈은.__김소희_260828_제과_박서연",95,2,2585.0,0
2026-08-29,(ASC) [제과_블트하] 26.07_블트칩출시_ASC_전환_image,(ASC)[제과_블트하] 26.07_블트칩출시_ASC_전환_image,[26.07]F_I_BT칩_전환_블트칩출시_바이럴형_KR1_.피드_남편인정.야구장.확장__김소희_260727_제과_김수정,265,2,7174.0,0
2026-08-29,[제과_블트하] 26.07_블트깡출시_수동_전환_video_전체타겟,0807_인덕션BP_블트칩출시 (KR1),[26.08]F_V_BT칩_전환_블트칩출시_신규BP_인덕션BP.KR1_var3.릴스_조합취식.X_1P_김소희_260807_제과_이봄1,17611,766,703210.0,42
2026-08-29,[제과_블트하] 26.07_블트깡출시_수동_전환_video_전체타겟,0814_고효율재편집_블트깡출시,[26.08]F_V_BT깡_전환_블트깡출시_쩜오건_이국주.KR1_var2.릴스_초코송이BP.(재)_1P_최나영_260814_제과_문형민,3,0,96.0,0
2026-08-29,[제과_치즈팝콘] 26.08_치즈팝콘출시_수동_전환_video_전체타겟,(0824) CS전화네고형_치즈팝콘재입고 (KR2) (미진님),[26.08]F_V_PC치_전환_치즈팝콘재입고_네고형_CS전화네고.KR2_var1.릴스_취식.X_2P_권미정_260824_제과_이미진,12335,179,205096.0,12
2026-08-29,[제과_블트하] 26.07_블트깡출시_수동_전환_video_전체타겟,0828_미나미BP_블트깡출시 (맛피아) (KR1),[26.09]F_V_BT깡_전환_블트깡출시_쩜오건_나폴리맛피아.KR1_main.릴스_메인.슬기.X_1P__260901_제과_문형민,67,2,1432.0,0
2026-08-29,[제과_블트하] 26.07_블트깡출시_수동_전환_video_전체타겟,0828_미나미BP_블트깡출시 (맛피아) (KR1),[26.09]F_V_BT깡_전환_블트깡출시_쩜오건_나폴리맛피아.KR1_var2.릴스_실체생략.슬기.X_1P__260901_제과_문형민,171,5,9306.0,2
2026-08-29,[제과_블트하] 26.07_블트깡출시_수동_전환_image_전체타겟,0901_맛피아디벨롭_블트칩출시  (KR1/2),"[26.08]F_I_BT깡_전환_블트칩출시_혜택강조형_나폴리맛피아.KR2_.배너_맛피아권위.가짜트러플,셰프눈은.__김소희_260828_제과_박서연",156,2,4398.0,0
2026-08-30,[제과_블트하] 26.07_블트깡출시_수동_전환_video_전체타겟,0807_인덕션BP_블트칩출시 (KR1),[26.08]F_V_BT칩_전환_블트칩출시_신규BP_인덕션BP.KR1_var3.릴스_조합취식.X_1P_김소희_260807_제과_이봄1,1429,74,59950.0,2
2026-08-30,(ASC) [제과_블트하] 26.08_블트깡출시_ASC_전환_image,(ASC) [제과_블트하] 26.08_블트하출시_ASC_전환_image,[26.08]F_I_BT깡_전환_블트칩출시_혜택강조형_이국주_.배너_이국주도찾기힘들었다는.__김소희_260814_제과_김수정,10,0,192.0,0
2026-08-30,[제과_치즈팝콘] 26.08_치즈팝콘출시_수동_전환_video_전체타겟,(0824) CS전화네고형_치즈팝콘재입고 (KR2) (미진님),[26.08]F_V_PC치_전환_치즈팝콘재입고_네고형_CS전화네고.KR2_var1.릴스_취식.X_2P_권미정_260824_제과_이미진,5612,104,100428.0,3
2026-08-30,[제과_블트하] 26.07_블트깡출시_수동_전환_video_전체타겟,0828_미나미BP_블트깡출시 (맛피아) (KR1),[26.09]F_V_BT깡_전환_블트깡출시_쩜오건_나폴리맛피아.KR1_main.릴스_메인.슬기.X_1P__260901_제과_문형민,3,0,49.0,0
2026-08-30,[제과_블트하] 26.07_블트깡출시_수동_전환_video_전체타겟,0828_미나미BP_블트깡출시 (맛피아) (KR1),[26.09]F_V_BT깡_전환_블트깡출시_쩜오건_나폴리맛피아.KR1_var2.릴스_실체생략.슬기.X_1P__260901_제과_문형민,807,12,25084.0,1
2026-08-30,[제과_블트하] 26.07_블트깡출시_수동_전환_image_전체타겟,0901_맛피아디벨롭_블트칩출시  (KR1/2),"[26.08]F_I_BT깡_전환_블트칩출시_혜택강조형_나폴리맛피아.KR2_.배너_맛피아권위.가짜트러플,셰프눈은.__김소희_260828_제과_박서연",215,3,6312.0,0
2026-08-31,[제과_블트하] 26.07_블트깡출시_수동_전환_video_전체타겟,0807_인덕션BP_블트칩출시 (KR1),[26.08]F_V_BT칩_전환_블트칩출시_신규BP_인덕션BP.KR1_var3.릴스_조합취식.X_1P_김소희_260807_제과_이봄1,2020,87,85905.0,4
2026-08-31,[제과_치즈팝콘] 26.08_치즈팝콘출시_수동_전환_video_전체타겟,(0824) CS전화네고형_치즈팝콘재입고 (KR2) (미진님),[26.08]F_V_PC치_전환_치즈팝콘재입고_네고형_CS전화네고.KR2_var1.릴스_취식.X_2P_권미정_260824_제과_이미진,3542,35,50765.0,2
2026-08-31,[제과_블트하] 26.07_블트깡출시_수동_전환_image_전체타겟,0901_맛피아디벨롭_블트칩출시  (KR1/2),"[26.08]F_I_BT깡_전환_블트칩출시_혜택강조형_나폴리맛피아.KR2_.배너_맛피아권위.가짜트러플,셰프눈은.__김소희_260828_제과_박서연",416,1,10979.0,0
2026-09-01,(ASC) [제과_블트하] 26.07_블트칩출시_ASC_전환_image,(ASC)[제과_블트하] 26.07_블트칩출시_ASC_전환_image,[26.07]F_I_BT칩_전환_블트칩출시_바이럴형_KR1_.피드_남편인정.야구장.확장__김소희_260727_제과_김수정,7,0,125.0,0
2026-09-01,[제과_블트하] 26.07_블트깡출시_수동_전환_video_전체타겟,0807_인덕션BP_블트칩출시 (KR1),[26.08]F_V_BT칩_전환_블트칩출시_신규BP_인덕션BP.KR1_var3.릴스_조합취식.X_1P_김소희_260807_제과_이봄1,3262,148,157189.0,8
2026-09-01,(ASC) [제과_블트하] 26.08_블트깡출시_ASC_전환_image,(ASC) [제과_블트하] 26.08_블트하출시_ASC_전환_image,[26.08]F_I_BT깡_전환_블트칩출시_혜택강조형_이국주_.배너_이국주도찾기힘들었다는.__김소희_260814_제과_김수정,13,0,151.0,0
2026-09-01,[제과_치즈팝콘] 26.08_치즈팝콘출시_수동_전환_video_전체타겟,(0824) CS전화네고형_치즈팝콘재입고 (KR2) (미진님),[26.08]F_V_PC치_전환_치즈팝콘재입고_네고형_CS전화네고.KR2_var1.릴스_취식.X_2P_권미정_260824_제과_이미진,8157,111,121922.0,7
2026-09-01,[제과_블트하] 26.07_블트깡출시_수동_전환_image_전체타겟,0901_맛피아디벨롭_블트칩출시  (KR1/2),"[26.08]F_I_BT깡_전환_블트칩출시_혜택강조형_나폴리맛피아.KR2_.배너_맛피아권위.가짜트러플,셰프눈은.__김소희_260828_제과_박서연",156,2,5171.0,0
2026-09-01,[제과_블트하] 26.07_블트깡출시_수동_전환_image_전체타겟,0901_맛피아디벨롭_블트칩출시  (KR1/2),[26.08]F_I_BT칩_전환_블트칩출시_혜택강조형_나폴리맛피아.KR1_.릴스_가벼운캐릭터.과자모델안한다던.__김소희_260901_제과_김수정,351,3,10340.0,0
2026-08-24,(ASC) [제과_블트하] 26.07_블트깡출시_ASC_전환_image,(ASC)[제과_블트하] 26.07_블트깡출시_ASC_전환_image,[26.07]F_I_BT깡_전환_블트칩출시_혜택강조형_KR2_.배너_집들이때꺼냈다가.__최나영_260730_제과_김수정,10,0,59.0,0
2026-08-24,(마스터ASC)[제과_치즈팝콘] 26.08_치즈팝콘출시_ASC_전환_video_전체타겟,(마스터ASC)[제과_치즈팝콘] 26.08_치즈팝콘출시_ASC_전환_video_전체타겟,[26.08]F_V_PC치_전환_치즈팝콘출시_맛인지형_안다르BP_var2.릴스_페인포인트.혜택.ver1.X_1P_권미정_260805_제과_문형민,3,0,17.0,0
2026-08-24,(ASC) [제과_블트하] 26.08_블트깡출시_ASC_전환_image,(ASC) [제과_블트하] 26.08_블트하출시_ASC_전환_image,[26.08]F_I_BT칩_전환_블트칩출시_혜택강조형_KR1_.릴스_시간한정강조.와인바안주퀄리티.__김소희_260807_제과_김수정,153,4,2950.0,0
2026-08-24,[제과_블트하] 26.07_블트깡출시_수동_전환_image_전체타겟,0825_트러플권위_블트칩출시 (KR2),[26.08]F_I_BT깡_전환_블트칩출시_유명인권위형_이국주.KR2_.배너_희소성.주부인플루언서.__김소희_260813_제과_김수정,8,0,668.0,0
2026-08-24,(ASC) [제과_블트하] 26.08_블트깡출시_ASC_전환_image,(ASC) [제과_블트하] 26.08_블트하출시_ASC_전환_image,[26.08]F_I_BT깡_전환_블트칩출시_유명인권위형_이국주.KR1_.릴스_품절대란이라.유행강조.__김소희_260814_제과_김수정,15,0,143.0,0
2026-08-24,[제과_블트하] 26.07_블트깡출시_수동_전환_image_전체타겟,0818_GFA유효배너_블트칩출시,[26.08]F_I_BT깡_전환_블트칩출시_혜택강조형_GFA베리_.배너_이과자만든분천재인가요?.__최나영_260818_제과_박서연,92,0,2180.0,0
2026-08-24,[제과_블트하] 26.07_블트깡출시_수동_전환_video_전체타겟,0820_검증포맷이식_블트깡출시 (KR1),[26.08]F_V_BT깡_전환_블트깡출시_쩜오건_시즈닝강조.이국주.KR1_var2.릴스_블트깡.반전.슬기.X_1P__260820_제과_문형민,1182,20,17231.0,0
2026-08-24,(마스터ASC)[제과_블트하] 26.07_블트깡출시_ASC_전환_video,(마스터ASC)[제과_블트하] 26.07_블트깡출시_ASC_전환_video,[26.08]F_V_BT칩_전환_블트칩출시_제조과정형_제조과정형.이국주.KR2_var1.릴스_이국주.X_1P__260821_제과_피재은,50,0,935.0,0
2026-08-24,[제과_블트하] 26.07_블트깡출시_수동_전환_video_전체타겟,0821_도리토스BP_블트칩출시 (KR2),[26.08]F_V_BT칩_전환_블트칩출시_신규BP_도리토스BP.이국주.KR2_var1.릴스_레시피.X_2P_김소희_260821_제과_이봄1,251,2,4995.0,1
2026-08-25,(마스터ASC)[제과_치즈팝콘] 26.08_치즈팝콘출시_ASC_전환_video_전체타겟,(마스터ASC)[제과_치즈팝콘] 26.08_치즈팝콘출시_ASC_전환_video_전체타겟,[26.08]F_V_PC치_전환_치즈팝콘출시_맛인지형_안다르BP_var2.릴스_페인포인트.혜택.ver1.X_1P_권미정_260805_제과_문형민,20,0,97.0,0
2026-08-25,(마스터ASC)[제과_치즈팝콘] 26.08_치즈팝콘출시_ASC_전환_image_전체타겟,(마스터ASC)[제과_치즈팝콘] 26.08_치즈팝콘출시_ASC_전환_image_전체타겟,[26.07]F_I_PC치_전환_치즈팝콘출시_혜택강조형_KR1_.피드_이니2.페포.메신저형.__권미정_260805_제과_박서연,3,0,36.0,0
2026-08-25,(마스터ASC)[제과_치즈팝콘] 26.08_치즈팝콘출시_ASC_전환_video_전체타겟,(마스터ASC)[제과_치즈팝콘] 26.08_치즈팝콘출시_ASC_전환_video_전체타겟,[26.08]F_V_PC치_전환_치즈팝콘출시_쩜오건_초코송이BP_var4.릴스_아이스크림.황치즈.X_2P_권미정_260805_제과_윤성미,14,0,196.0,0
2026-08-25,(ASC) [제과_블트하] 26.08_블트깡출시_ASC_전환_image,(ASC) [제과_블트하] 26.08_블트하출시_ASC_전환_image,[26.08]F_I_BT칩_전환_블트칩출시_혜택강조형_KR1_.릴스_시간한정강조.와인바안주퀄리티.__김소희_260807_제과_김수정,334,5,6831.0,0
2026-08-25,[제과_블트하] 26.07_블트깡출시_수동_전환_image_전체타겟,0825_트러플권위_블트칩출시 (KR2),[26.08]F_I_BT깡_전환_블트칩출시_유명인권위형_이국주.KR2_.배너_희소성.주부인플루언서.__김소희_260813_제과_김수정,2,0,93.0,0
2026-08-25,[제과_블트하] 26.07_블트깡출시_수동_전환_image_전체타겟,0818_GFA유효배너_블트칩출시,[26.08]F_I_BT깡_전환_블트칩출시_혜택강조형_GFA베리_.배너_이과자만든분천재인가요?.__최나영_260818_제과_박서연,173,1,7187.0,0
2026-08-25,(마스터ASC)[제과_블트하] 26.07_블트깡출시_ASC_전환_video,(마스터ASC)[제과_블트하] 26.07_블트깡출시_ASC_전환_video,[26.08]F_V_BT칩_전환_블트칩출시_제조과정형_제조과정형.이국주.KR2_var1.릴스_이국주.X_1P__260821_제과_피재은,22,0,448.0,0
2026-08-25,[제과_블트하] 26.07_블트깡출시_수동_전환_video_전체타겟,0821_도리토스BP_블트칩출시 (KR2),[26.08]F_V_BT칩_전환_블트칩출시_신규BP_도리토스BP.이국주.KR2_var1.릴스_레시피.X_2P_김소희_260821_제과_이봄1,544,4,14073.0,1
2026-08-26,(ASC) [제과_블트하] 26.07_블트깡출시_ASC_전환_image,(ASC)[제과_블트하] 26.07_블트깡출시_ASC_전환_image,[26.07]F_I_BT깡_전환_블트칩출시_혜택강조형_KR2_.배너_집들이때꺼냈다가.__최나영_260730_제과_김수정,3,0,38.0,0
2026-08-26,(마스터ASC)[제과_치즈팝콘] 26.08_치즈팝콘출시_ASC_전환_video_전체타겟,(마스터ASC)[제과_치즈팝콘] 26.08_치즈팝콘출시_ASC_전환_video_전체타겟,[26.08]F_V_PC치_전환_치즈팝콘출시_맛인지형_안다르BP_var2.릴스_페인포인트.혜택.ver1.X_1P_권미정_260805_제과_문형민,1739,14,17088.0,1
2026-08-26,(마스터ASC)[제과_치즈팝콘] 26.08_치즈팝콘출시_ASC_전환_video_전체타겟,(마스터ASC)[제과_치즈팝콘] 26.08_치즈팝콘출시_ASC_전환_video_전체타겟,[26.08]F_V_PC치_전환_치즈팝콘출시_쩜오건_초코송이BP_var4.릴스_아이스크림.황치즈.X_2P_권미정_260805_제과_윤성미,266,2,4466.0,1
2026-08-26,(ASC) [제과_블트하] 26.08_블트깡출시_ASC_전환_image,(ASC) [제과_블트하] 26.08_블트하출시_ASC_전환_image,[26.08]F_I_BT칩_전환_블트칩출시_혜택강조형_KR1_.릴스_시간한정강조.와인바안주퀄리티.__김소희_260807_제과_김수정,228,2,5006.0,0
2026-08-26,(마스터ASC)[제과_블트하] 26.07_블트깡출시_ASC_전환_video,(마스터ASC)[제과_블트하] 26.07_블트깡출시_ASC_전환_video,[26.08]F_V_BT깡_전환_블트깡출시_라이브커머스형_라이브커머스형.KR1_var5.릴스_전체.맛비주얼.슬기.X_1P_김소희_260812_제과_피재은,1,0,17.0,0
2026-08-26,[제과_블트하] 26.07_블트깡출시_수동_전환_image_전체타겟,0825_트러플권위_블트칩출시 (KR2),[26.08]F_I_BT깡_전환_블트칩출시_유명인권위형_이국주.KR2_.배너_희소성.주부인플루언서.__김소희_260813_제과_김수정,1,0,17.0,0
2026-08-26,(마스터ASC)[제과_블트하] 26.07_블트깡출시_ASC_전환_video,(마스터ASC)[제과_블트하] 26.07_블트깡출시_ASC_전환_video,[26.08]F_V_BT혼_전환_블트칩출시_신규BP_젤리백BP.이국주.KR1_main.릴스_본론.여러가지.X_2P_최나영_260814_제과_이봄1,1,0,0.0,0
2026-08-26,[제과_블트하] 26.07_블트깡출시_수동_전환_image_전체타겟,0818_GFA유효배너_블트칩출시,[26.08]F_I_BT깡_전환_블트칩출시_혜택강조형_GFA베리_.배너_이과자만든분천재인가요?.__최나영_260818_제과_박서연,57,0,914.0,0
2026-08-26,(마스터ASC)[제과_블트하] 26.07_블트깡출시_ASC_전환_video,(마스터ASC)[제과_블트하] 26.07_블트깡출시_ASC_전환_video,[26.08]F_V_BT깡_전환_블트깡출시_쩜오건_시즈닝강조.이국주.KR1_var4.릴스_블트깡.확산맛조합.슬기.X_1P__260820_제과_문형민,1,0,4.0,0
2026-08-26,(마스터ASC)[제과_블트하] 26.07_블트깡출시_ASC_전환_video,(마스터ASC)[제과_블트하] 26.07_블트깡출시_ASC_전환_video,[26.08]F_V_BT칩_전환_블트칩출시_쩜오건_시즈닝강조.이국주.KR1_var7.릴스_블트칩.반전.슬기.X_1P__260820_제과_문형민,4,0,127.0,0
2026-08-26,(마스터ASC)[제과_블트하] 26.07_블트깡출시_ASC_전환_video,(마스터ASC)[제과_블트하] 26.07_블트깡출시_ASC_전환_video,[26.08]F_V_BT칩_전환_블트칩출시_제조과정형_제조과정형.이국주.KR2_var1.릴스_이국주.X_1P__260821_제과_피재은,94,2,1951.0,0
2026-08-26,[제과_블트하] 26.07_블트깡출시_수동_전환_video_전체타겟,0821_도리토스BP_블트칩출시 (KR2),[26.08]F_V_BT칩_전환_블트칩출시_신규BP_도리토스BP.이국주.KR2_var1.릴스_레시피.X_2P_김소희_260821_제과_이봄1,621,11,13805.0,1
2026-08-26,[제과_블트하] 26.07_블트깡출시_수동_전환_image_전체타겟,0825_트러플권위_블트칩출시 (KR2),[26.08]F_I_BT혼_전환_블트칩출시_혜택강조형_KR1.이탈리아_.배너_제조과정.식품대기업개발자.__김소희_260825_제과_김수정,3765,40,87369.0,7
2026-08-27,(ASC) [제과_블트하] 26.07_블트깡출시_ASC_전환_image,(ASC)[제과_블트하] 26.07_블트깡출시_ASC_전환_image,[26.07]F_I_BT깡_전환_블트칩출시_혜택강조형_KR2_.배너_집들이때꺼냈다가.__최나영_260730_제과_김수정,2,0,42.0,0
2026-08-27,(마스터ASC)[제과_치즈팝콘] 26.08_치즈팝콘출시_ASC_전환_video_전체타겟,(마스터ASC)[제과_치즈팝콘] 26.08_치즈팝콘출시_ASC_전환_video_전체타겟,[26.08]F_V_PC치_전환_치즈팝콘출시_맛인지형_안다르BP_var2.릴스_페인포인트.혜택.ver1.X_1P_권미정_260805_제과_문형민,14222,128,121837.0,13
2026-08-27,(마스터ASC)[제과_치즈팝콘] 26.08_치즈팝콘출시_ASC_전환_image_전체타겟,(마스터ASC)[제과_치즈팝콘] 26.08_치즈팝콘출시_ASC_전환_image_전체타겟,[26.07]F_I_PC치_전환_치즈팝콘출시_혜택강조형_KR1_.피드_이니2.페포.메신저형.__권미정_260805_제과_박서연,2,0,12.0,0
2026-08-27,(마스터ASC)[제과_치즈팝콘] 26.08_치즈팝콘출시_ASC_전환_video_전체타겟,(마스터ASC)[제과_치즈팝콘] 26.08_치즈팝콘출시_ASC_전환_video_전체타겟,[26.08]F_V_PC치_전환_치즈팝콘출시_쩜오건_초코송이BP_var4.릴스_아이스크림.황치즈.X_2P_권미정_260805_제과_윤성미,76,2,1008.0,0
2026-08-27,(ASC) [제과_블트하] 26.08_블트깡출시_ASC_전환_image,(ASC) [제과_블트하] 26.08_블트하출시_ASC_전환_image,[26.08]F_I_BT칩_전환_블트칩출시_혜택강조형_KR1_.릴스_시간한정강조.와인바안주퀄리티.__김소희_260807_제과_김수정,1131,10,32129.0,1
2026-08-27,[제과_블트하] 26.07_블트깡출시_수동_전환_image_전체타겟,0825_트러플권위_블트칩출시 (KR2),[26.08]F_I_BT깡_전환_블트칩출시_유명인권위형_이국주.KR2_.배너_희소성.주부인플루언서.__김소희_260813_제과_김수정,6,0,271.0,0
2026-08-27,[제과_블트하] 26.07_블트깡출시_수동_전환_image_전체타겟,0818_GFA유효배너_블트칩출시,[26.08]F_I_BT깡_전환_블트칩출시_혜택강조형_GFA베리_.배너_이과자만든분천재인가요?.__최나영_260818_제과_박서연,2,0,27.0,0
2026-08-27,(마스터ASC)[제과_블트하] 26.07_블트깡출시_ASC_전환_video,(마스터ASC)[제과_블트하] 26.07_블트깡출시_ASC_전환_video,[26.08]F_V_BT칩_전환_블트칩출시_제조과정형_제조과정형.이국주.KR2_var1.릴스_이국주.X_1P__260821_제과_피재은,20,0,416.0,0
2026-08-27,[제과_블트하] 26.07_블트깡출시_수동_전환_image_전체타겟,0825_트러플권위_블트칩출시 (KR2),[26.08]F_I_BT혼_전환_블트칩출시_혜택강조형_KR1.이탈리아_.배너_제조과정.식품대기업개발자.__김소희_260825_제과_김수정,1960,21,47468.0,1
2026-08-28,(마스터ASC)[제과_치즈팝콘] 26.08_치즈팝콘출시_ASC_전환_video_전체타겟,(마스터ASC)[제과_치즈팝콘] 26.08_치즈팝콘출시_ASC_전환_video_전체타겟,[26.08]F_V_PC치_전환_치즈팝콘출시_맛인지형_안다르BP_var2.릴스_페인포인트.혜택.ver1.X_1P_권미정_260805_제과_문형민,7956,59,62868.0,6
2026-08-28,(마스터ASC)[제과_치즈팝콘] 26.08_치즈팝콘출시_ASC_전환_video_전체타겟,(마스터ASC)[제과_치즈팝콘] 26.08_치즈팝콘출시_ASC_전환_video_전체타겟,[26.08]F_V_PC치_전환_치즈팝콘출시_쩜오건_초코송이BP_var4.릴스_아이스크림.황치즈.X_2P_권미정_260805_제과_윤성미,111,1,1196.0,0
2026-08-28,(마스터ASC)[제과_블트하] 26.07_블트깡출시_ASC_전환_video,(마스터ASC)[제과_블트하] 26.07_블트깡출시_ASC_전환_video,[26.08]F_V_BT칩_전환_블트칩출시_제조과정형_제조과정형.이국주.KR2_var1.릴스_이국주.X_1P__260821_제과_피재은,26,0,458.0,0
2026-08-28,(마스터ASC)[제과_블트하] 26.07_블트깡출시_ASC_전환_video,(마스터ASC)[제과_블트하] 26.07_블트깡출시_ASC_전환_video,[26.09]F_V_BT칩_전환_블트깡출시_신규BP_베이직BP.나폴리맛피아.KR1_main.릴스_BPver.X_1P__260901_제과_문형민,45,0,777.0,0
2026-08-28,[제과_치즈팝콘] 26.08_치즈팝콘출시_수동_전환_image_전체타겟,(0824) 혜택강조형_재입고이슈_치즈팝콘재입고 (KR2) (서연님),[26.08]F_I_PC치_전환_치즈팝콘재입고_혜택강조형__.릴스_준비한혜택물량.__고민지_260828_제과_박서연,2372,29,31767.0,0
2026-08-28,[칩] (마스터ASC)[제과_블트하] 26.07_블트칩출시_ASC_전환_video,[칩] (마스터ASC)[제과_블트하] 26.07_블트칩출시_ASC_전환_video,[26.09]F_V_BT칩_전환_블트깡출시_기타_백정BP.나폴리맛피아.KR2_var4.릴스_진짜이태리.X_1P__260901_제과_피재은,27,0,419.0,0
2026-08-29,(마스터ASC)[제과_치즈팝콘] 26.08_치즈팝콘출시_ASC_전환_video_전체타겟,(마스터ASC)[제과_치즈팝콘] 26.08_치즈팝콘출시_ASC_전환_video_전체타겟,[26.08]F_V_PC치_전환_치즈팝콘출시_쩜오건_초코송이BP_var4.릴스_아이스크림.황치즈.X_2P_권미정_260805_제과_윤성미,398,2,4822.0,0
2026-08-29,(마스터ASC)[제과_블트하] 26.07_블트깡출시_ASC_전환_video,(마스터ASC)[제과_블트하] 26.07_블트깡출시_ASC_전환_video,[26.08]F_V_BT깡_전환_블트깡출시_라이브커머스형_라이브커머스형.KR1_var5.릴스_전체.맛비주얼.슬기.X_1P_김소희_260812_제과_피재은,18,1,515.0,0
2026-08-29,(마스터ASC)[제과_블트하] 26.07_블트깡출시_ASC_전환_video,(마스터ASC)[제과_블트하] 26.07_블트깡출시_ASC_전환_video,[26.08]F_V_BT혼_전환_블트칩출시_신규BP_젤리백BP.이국주.KR1_main.릴스_본론.여러가지.X_2P_최나영_260814_제과_이봄1,1,0,20.0,0
2026-08-29,(마스터ASC)[제과_블트하] 26.07_블트깡출시_ASC_전환_video,(마스터ASC)[제과_블트하] 26.07_블트깡출시_ASC_전환_video,[26.08]F_V_BT깡_전환_블트깡출시_쩜오건_시즈닝강조.이국주.KR1_var4.릴스_블트깡.확산맛조합.슬기.X_1P__260820_제과_문형민,7,0,76.0,0
2026-08-29,(마스터ASC) [제과_블트하] 26.09_블트깡출시_ASC_전환_image,(마스터ASC) [제과_블트하] 26.09_블트깡출시_ASC_전환_image,[26.08]F_I_BT깡_전환_블트칩출시_혜택강조형_나폴리맛피아.KR2_.배너_향풍미강조.맛피아도반한.__김소희_260828_제과_박서연,17,0,476.0,0
2026-08-29,(마스터ASC) [제과_블트하] 26.09_블트깡출시_ASC_전환_image,(마스터ASC) [제과_블트하] 26.09_블트깡출시_ASC_전환_image,[26.08]F_I_BT칩_전환_블트칩출시_혜택강조형_나폴리맛피아.신규_.릴스_브랜디드.이탈리아에서먹던트러플맛.__김소희_260828_제과_김수정,1424,19,33731.0,1
2026-08-29,(마스터ASC)[제과_블트하] 26.07_블트깡출시_ASC_전환_video,(마스터ASC)[제과_블트하] 26.07_블트깡출시_ASC_전환_video,[26.09]F_V_BT칩_전환_블트깡출시_신규BP_베이직BP.나폴리맛피아.KR1_main.릴스_BPver.X_1P__260901_제과_문형민,36,1,368.0,0
2026-08-29,[제과_치즈팝콘] 26.08_치즈팝콘출시_수동_전환_image_전체타겟,(0824) 혜택강조형_재입고이슈_치즈팝콘재입고 (KR2) (서연님),[26.08]F_I_PC치_전환_치즈팝콘재입고_혜택강조형__.릴스_준비한혜택물량.__고민지_260828_제과_박서연,2018,21,25226.0,2
2026-08-29,[칩] (마스터ASC)[제과_블트하] 26.07_블트칩출시_ASC_전환_video,[칩] (마스터ASC)[제과_블트하] 26.07_블트칩출시_ASC_전환_video,[26.09]F_V_BT칩_전환_블트깡출시_기타_백정BP.나폴리맛피아.KR2_var4.릴스_진짜이태리.X_1P__260901_제과_피재은,156,2,3196.0,0
2026-08-30,(ASC) [제과_블트하] 26.07_블트깡출시_ASC_전환_image,(ASC)[제과_블트하] 26.07_블트깡출시_ASC_전환_image,[26.07]F_I_BT깡_전환_블트칩출시_혜택강조형_KR2_.배너_집들이때꺼냈다가.__최나영_260730_제과_김수정,9,0,105.0,0
2026-08-30,(마스터ASC)[제과_치즈팝콘] 26.08_치즈팝콘출시_ASC_전환_image_전체타겟,(마스터ASC)[제과_치즈팝콘] 26.08_치즈팝콘출시_ASC_전환_image_전체타겟,[26.07]F_I_PC치_전환_치즈팝콘출시_혜택강조형_KR1_.피드_이니2.페포.메신저형.__권미정_260805_제과_박서연,59,2,1006.0,1
2026-08-30,(마스터ASC)[제과_치즈팝콘] 26.08_치즈팝콘출시_ASC_전환_video_전체타겟,(마스터ASC)[제과_치즈팝콘] 26.08_치즈팝콘출시_ASC_전환_video_전체타겟,[26.08]F_V_PC치_전환_치즈팝콘출시_쩜오건_초코송이BP_var4.릴스_아이스크림.황치즈.X_2P_권미정_260805_제과_윤성미,1242,12,15896.0,0
2026-08-30,(마스터ASC)[제과_블트하] 26.07_블트깡출시_ASC_전환_video,(마스터ASC)[제과_블트하] 26.07_블트깡출시_ASC_전환_video,[26.08]F_V_BT깡_전환_블트깡출시_라이브커머스형_라이브커머스형.KR1_var5.릴스_전체.맛비주얼.슬기.X_1P_김소희_260812_제과_피재은,7,1,172.0,0
2026-08-30,(마스터ASC)[제과_블트하] 26.07_블트깡출시_ASC_전환_video,(마스터ASC)[제과_블트하] 26.07_블트깡출시_ASC_전환_video,[26.08]F_V_BT칩_전환_블트칩출시_제조과정형_제조과정형.이국주.KR2_var1.릴스_이국주.X_1P__260821_제과_피재은,5,0,123.0,0
2026-08-30,(마스터ASC)[제과_블트하] 26.07_블트깡출시_ASC_전환_video,(마스터ASC)[제과_블트하] 26.07_블트깡출시_ASC_전환_video,[26.09]F_V_BT칩_전환_블트깡출시_신규BP_베이직BP.나폴리맛피아.KR1_main.릴스_BPver.X_1P__260901_제과_문형민,174,5,3733.0,0
2026-08-30,[제과_치즈팝콘] 26.08_치즈팝콘출시_수동_전환_image_전체타겟,(0824) 혜택강조형_재입고이슈_치즈팝콘재입고 (KR2) (서연님),[26.08]F_I_PC치_전환_치즈팝콘재입고_혜택강조형__.릴스_준비한혜택물량.__고민지_260828_제과_박서연,1064,8,13064.0,0
2026-08-30,[칩] (마스터ASC)[제과_블트하] 26.07_블트칩출시_ASC_전환_video,[칩] (마스터ASC)[제과_블트하] 26.07_블트칩출시_ASC_전환_video,[26.09]F_V_BT칩_전환_블트깡출시_기타_백정BP.나폴리맛피아.KR2_var4.릴스_진짜이태리.X_1P__260901_제과_피재은,44,0,1144.0,1
2026-08-31,(마스터ASC)[제과_치즈팝콘] 26.08_치즈팝콘출시_ASC_전환_image_전체타겟,(마스터ASC)[제과_치즈팝콘] 26.08_치즈팝콘출시_ASC_전환_image_전체타겟,[26.07]F_I_PC치_전환_치즈팝콘출시_혜택강조형_KR1_.피드_이니2.페포.메신저형.__권미정_260805_제과_박서연,154,0,1811.0,0
2026-08-31,(마스터ASC)[제과_블트하] 26.07_블트깡출시_ASC_전환_video,(마스터ASC)[제과_블트하] 26.07_블트깡출시_ASC_전환_video,[26.08]F_V_BT깡_전환_블트깡출시_라이브커머스형_라이브커머스형.KR1_var5.릴스_전체.맛비주얼.슬기.X_1P_김소희_260812_제과_피재은,17,0,286.0,0
2026-08-31,(ASC) [제과_블트하] 26.08_블트깡출시_ASC_전환_image,(ASC) [제과_블트하] 26.08_블트하출시_ASC_전환_image,[26.08]F_I_BT깡_전환_블트칩출시_유명인권위형_이국주.KR1_.릴스_품절대란이라.유행강조.__김소희_260814_제과_김수정,5,0,81.0,0
2026-08-31,(마스터ASC) [제과_블트하] 26.09_블트깡출시_ASC_전환_image,(마스터ASC) [제과_블트하] 26.09_블트깡출시_ASC_전환_image,[26.08]F_I_BT깡_전환_블트칩출시_혜택강조형_나폴리맛피아.KR2_.배너_향풍미강조.맛피아도반한.__김소희_260828_제과_박서연,1,0,2.0,0
2026-08-31,(마스터ASC)[제과_블트하] 26.07_블트깡출시_ASC_전환_video,(마스터ASC)[제과_블트하] 26.07_블트깡출시_ASC_전환_video,[26.09]F_V_BT칩_전환_블트깡출시_신규BP_베이직BP.나폴리맛피아.KR1_main.릴스_BPver.X_1P__260901_제과_문형민,141,5,2900.0,0
2026-08-31,[칩] (마스터ASC)[제과_블트하] 26.07_블트칩출시_ASC_전환_video,[칩] (마스터ASC)[제과_블트하] 26.07_블트칩출시_ASC_전환_video,[26.09]F_V_BT칩_전환_블트깡출시_기타_백정BP.나폴리맛피아.KR2_var4.릴스_진짜이태리.X_1P__260901_제과_피재은,538,9,13060.0,0
2026-09-01,(ASC) [제과_블트하] 26.07_블트깡출시_ASC_전환_image,(ASC)[제과_블트하] 26.07_블트깡출시_ASC_전환_image,[26.07]F_I_BT깡_전환_블트칩출시_혜택강조형_KR2_.배너_집들이때꺼냈다가.__최나영_260730_제과_김수정,69,0,2181.0,0
2026-09-01,(마스터ASC)[제과_치즈팝콘] 26.08_치즈팝콘출시_ASC_전환_image_전체타겟,(마스터ASC)[제과_치즈팝콘] 26.08_치즈팝콘출시_ASC_전환_image_전체타겟,[26.07]F_I_PC치_전환_치즈팝콘출시_혜택강조형_KR1_.피드_이니2.페포.메신저형.__권미정_260805_제과_박서연,241,10,3620.0,0
2026-09-01,(마스터ASC)[제과_블트하] 26.07_블트깡출시_ASC_전환_video,(마스터ASC)[제과_블트하] 26.07_블트깡출시_ASC_전환_video,[26.08]F_V_BT깡_전환_블트깡출시_라이브커머스형_라이브커머스형.KR1_var5.릴스_전체.맛비주얼.슬기.X_1P_김소희_260812_제과_피재은,27,1,341.0,0
2026-09-01,(마스터ASC)[제과_블트하] 26.07_블트깡출시_ASC_전환_video,(마스터ASC)[제과_블트하] 26.07_블트깡출시_ASC_전환_video,[26.08]F_V_BT깡_전환_블트깡출시_쩜오건_시즈닝강조.이국주.KR1_var4.릴스_블트깡.확산맛조합.슬기.X_1P__260820_제과_문형민,5,0,96.0,0
2026-09-01,(마스터ASC)[제과_블트하] 26.07_블트깡출시_ASC_전환_video,(마스터ASC)[제과_블트하] 26.07_블트깡출시_ASC_전환_video,[26.09]F_V_BT칩_전환_블트깡출시_신규BP_베이직BP.나폴리맛피아.KR1_main.릴스_BPver.X_1P__260901_제과_문형민,1915,46,42086.0,3
2026-09-01,[칩] (마스터ASC)[제과_블트하] 26.07_블트칩출시_ASC_전환_video,[칩] (마스터ASC)[제과_블트하] 26.07_블트칩출시_ASC_전환_video,[26.09]F_V_BT칩_전환_블트깡출시_기타_백정BP.나폴리맛피아.KR2_var4.릴스_진짜이태리.X_1P__260901_제과_피재은,4,0,209.0,0
2026-09-01,[제과_블트하] 26.07_블트깡출시_수동_전환_image_전체타겟,0901_맛피아디벨롭_블트칩출시  (KR1/2),[26.08]F_I_BT칩_전환_블트칩출시_혜택강조형_나폴리맛피아.KR1_.릴스_사적소비실체.흑백요리사우승자혼술안주.__김소희_260901_제과_김수정,30,0,663.0,0
2026-08-24,(마스터ASC)[제과_블트하] 26.07_블트깡출시_ASC_전환_video,(마스터ASC)[제과_블트하] 26.07_블트깡출시_ASC_전환_video,[26.07]F_V_BT깡_전환_블트깡출시_쩜오건_대세감실체.KR1_var1.릴스_유명남돌라방.X_1P_김소희_260715_제과_문형민,15,0,161.0,0
2026-08-24,(ASC) [제과_블트하] 26.07_블트깡출시_ASC_전환_image,(ASC)[제과_블트하] 26.07_블트깡출시_ASC_전환_image,[26.07]F_I_BT깡_전환_블트깡출시_바이럴형_KR1_.릴스_맘카페페르소나.지면테스트.재입고만기다린다는.검증__김소희_260721_제과_김수정,5,0,18.0,0
2026-08-24,(ASC) [제과_블트하] 26.07_블트칩출시_ASC_전환_image,(ASC)[제과_블트하] 26.07_블트칩출시_ASC_전환_image,[26.07]F_I_BT칩_전환_블트칩출시_혜택강조형_KR2_.릴스_안다르bp.지금쟁이는게이득.__김소희_260729_제과_박서연,19,0,870.0,0
2026-08-24,(ASC) [제과_블트하] 26.07_블트칩출시_ASC_전환_image,(ASC)[제과_블트하] 26.07_블트칩출시_ASC_전환_image,[26.07]F_I_BT깡_전환_블트칩출시_혜택강조형_KR2_.릴스_모션.탕비실채우는족족.__김소희_260729_제과_박서연,335,3,8560.0,2
2026-08-24,(ASC) [제과_블트하] 26.07_블트깡출시_ASC_전환_image,(ASC)[제과_블트하] 26.07_블트깡출시_ASC_전환_image,[26.07]F_I_BT칩_전환_블트칩출시_혜택강조형_KR2_.배너_늘나눠먹던남편.__최나영_260730_제과_김수정,1084,11,17419.0,0
2026-08-24,(ASC) [제과_블트하] 26.08_블트깡출시_ASC_전환_image,(ASC) [제과_블트하] 26.08_블트하출시_ASC_전환_image,[26.08]F_I_BT깡_전환_블트칩출시_유명인권위형_이국주.KR1_.배너_공지문.트러플하몽계1등.__김소희_260813_제과_김수정,1,0,9.0,0
2026-08-24,[제과_블트하] 26.07_블트깡출시_수동_전환_video_전체타겟,0821_도리토스BP_블트칩출시 (KR2),[26.08]F_V_BT칩_전환_블트칩출시_신규BP_도리토스BP.이국주.KR2_var3.릴스_대세감.X_2P_김소희_260821_제과_이봄1,39,0,1355.0,0
2026-08-25,(ASC) [제과_블트하] 26.07_블트칩출시_ASC_전환_image,(ASC)[제과_블트하] 26.07_블트칩출시_ASC_전환_image,[26.07]F_I_BT깡_전환_블트칩출시_혜택강조형_KR2_.릴스_모션.탕비실채우는족족.__김소희_260729_제과_박서연,113,2,3198.0,0
2026-08-25,[칩] (마스터ASC)[제과_블트하] 26.07_블트칩출시_ASC_전환_video,[칩] (마스터ASC)[제과_블트하] 26.07_블트칩출시_ASC_전환_video,[26.08]F_V_BT혼_전환_블트칩출시_신규BP_풀리오BP.KR1_var3.릴스_맛충동후킹.남편.X_2P_최나영_260801_제과_이봄1,4,0,122.0,0
2026-08-25,[제과_블트하] 26.07_블트깡출시_수동_전환_video_전체타겟,0821_도리토스BP_블트칩출시 (KR2),[26.08]F_V_BT칩_전환_블트칩출시_신규BP_도리토스BP.이국주.KR2_var3.릴스_대세감.X_2P_김소희_260821_제과_이봄1,51,1,2082.0,0
2026-08-26,(마스터ASC)[제과_블트하] 26.07_블트깡출시_ASC_전환_video,(마스터ASC)[제과_블트하] 26.07_블트깡출시_ASC_전환_video,[26.07]F_V_BT깡_전환_블트깡출시_쩜오건_대세감실체.KR1_var1.릴스_유명남돌라방.X_1P_김소희_260715_제과_문형민,7,0,72.0,0
2026-08-26,(ASC) [제과_블트하] 26.07_블트깡출시_ASC_전환_image,(ASC)[제과_블트하] 26.07_블트깡출시_ASC_전환_image,[26.07]F_I_BT깡_전환_블트깡출시_바이럴형_KR1_.릴스_맘카페페르소나.지면테스트.재입고만기다린다는.검증__김소희_260721_제과_김수정,1,0,35.0,0
2026-08-26,(ASC) [제과_블트하] 26.07_블트칩출시_ASC_전환_image,(ASC)[제과_블트하] 26.07_블트칩출시_ASC_전환_image,[26.07]F_I_BT깡_전환_블트깡출시_바이럴형_KR1_.피드_남편인정.육퇴.확장__김소희_260727_제과_김수정,426,5,9964.0,0
2026-08-26,(ASC) [제과_블트하] 26.07_블트칩출시_ASC_전환_image,(ASC)[제과_블트하] 26.07_블트칩출시_ASC_전환_image,[26.07]F_I_BT깡_전환_블트칩출시_혜택강조형_KR2_.릴스_모션.탕비실채우는족족.__김소희_260729_제과_박서연,652,8,15678.0,0
2026-08-26,[칩] (마스터ASC)[제과_블트하] 26.07_블트칩출시_ASC_전환_video,[칩] (마스터ASC)[제과_블트하] 26.07_블트칩출시_ASC_전환_video,[26.08]F_V_BT혼_전환_블트칩출시_신규BP_풀리오BP.KR1_var3.릴스_맛충동후킹.남편.X_2P_최나영_260801_제과_이봄1,990,14,26309.0,1
2026-08-26,(ASC) [제과_블트하] 26.08_블트깡출시_ASC_전환_image,(ASC) [제과_블트하] 26.08_블트하출시_ASC_전환_image,[26.08]F_I_BT깡_전환_블트칩출시_유명인권위형_이국주.KR1_.배너_공지문.트러플하몽계1등.__김소희_260813_제과_김수정,10,0,225.0,0
2026-08-26,(ASC) [제과_블트하] 26.08_블트깡출시_ASC_전환_image,(ASC) [제과_블트하] 26.08_블트하출시_ASC_전환_image,[26.08]F_I_BT깡_전환_블트칩출시_유명인권위형_이국주.KR2_.릴스_없어서못사먹는다는.유행강조.__김소희_260814_제과_김수정,9,0,93.0,0
2026-08-26,[제과_블트하] 26.07_블트깡출시_수동_전환_video_전체타겟,0821_도리토스BP_블트칩출시 (KR2),[26.08]F_V_BT칩_전환_블트칩출시_신규BP_도리토스BP.이국주.KR2_var3.릴스_대세감.X_2P_김소희_260821_제과_이봄1,33,0,712.0,0
2026-08-26,[제과_블트하] 26.07_블트깡출시_수동_전환_image_전체타겟,0826_트러플비교_블트칩출시  (KR2),[26.08]F_I_BT칩_전환_블트칩출시_혜택강조형_KR2.진짜트러플비교_.배너_제작자.맛페포.저가트러플의.__김소희_260826_제과_박서연,1,0,2.0,0
2026-08-27,(마스터ASC)[제과_블트하] 26.07_블트깡출시_ASC_전환_video,(마스터ASC)[제과_블트하] 26.07_블트깡출시_ASC_전환_video,[26.07]F_V_BT깡_전환_블트깡출시_쩜오건_대세감실체.KR1_var1.릴스_유명남돌라방.X_1P_김소희_260715_제과_문형민,7,0,98.0,0
2026-08-27,(ASC) [제과_블트하] 26.07_블트깡출시_ASC_전환_image,(ASC)[제과_블트하] 26.07_블트깡출시_ASC_전환_image,[26.07]F_I_BT깡_전환_블트깡출시_바이럴형_KR1_.릴스_맘카페페르소나.지면테스트.재입고만기다린다는.검증__김소희_260721_제과_김수정,1,0,21.0,0
2026-08-27,(ASC) [제과_블트하] 26.07_블트칩출시_ASC_전환_image,(ASC)[제과_블트하] 26.07_블트칩출시_ASC_전환_image,[26.07]F_I_BT깡_전환_블트깡출시_바이럴형_KR1_.피드_남편인정.육퇴.확장__김소희_260727_제과_김수정,758,13,18076.0,1
2026-08-27,[칩] (마스터ASC)[제과_블트하] 26.07_블트칩출시_ASC_전환_video,[칩] (마스터ASC)[제과_블트하] 26.07_블트칩출시_ASC_전환_video,[26.08]F_V_BT혼_전환_블트칩출시_신규BP_풀리오BP.KR1_var3.릴스_맛충동후킹.남편.X_2P_최나영_260801_제과_이봄1,873,21,20710.0,2
2026-08-27,(ASC) [제과_블트하] 26.08_블트깡출시_ASC_전환_image,(ASC) [제과_블트하] 26.08_블트하출시_ASC_전환_image,[26.08]F_I_BT깡_전환_블트칩출시_유명인권위형_이국주.KR2_.릴스_없어서못사먹는다는.유행강조.__김소희_260814_제과_김수정,1,0,8.0,0
2026-08-27,[제과_블트하] 26.07_블트깡출시_수동_전환_image_전체타겟,0826_트러플비교_블트칩출시  (KR2),[26.08]F_I_BT칩_전환_블트칩출시_혜택강조형_KR2.진짜트러플비교_.배너_제작자.맛페포.저가트러플의.__김소희_260826_제과_박서연,139,4,5115.0,0
2026-08-28,[제과_블트하] 26.07_블트깡출시_수동_전환_image_전체타겟,0826_트러플비교_블트칩출시  (KR2),[26.08]F_I_BT칩_전환_블트칩출시_혜택강조형_KR2.진짜트러플비교_.배너_제작자.맛페포.저가트러플의.__김소희_260826_제과_박서연,23,0,804.0,0
2026-08-28,(마스터ASC)[제과_치즈팝콘] 26.08_치즈팝콘출시_ASC_전환_image_전체타겟,(마스터ASC)[제과_치즈팝콘] 26.08_치즈팝콘출시_ASC_전환_image_전체타겟,[26.08]F_I_PC치_전환_치즈팝콘재입고_혜택강조형__.배너_직원가보다싼.__고민지_260828_제과_박서연,64,1,1153.0,1
2026-08-29,(마스터ASC)[제과_블트하] 26.07_블트깡출시_ASC_전환_video,(마스터ASC)[제과_블트하] 26.07_블트깡출시_ASC_전환_video,[26.07]F_V_BT깡_전환_블트깡출시_쩜오건_대세감실체.KR1_var1.릴스_유명남돌라방.X_1P_김소희_260715_제과_문형민,25,1,1283.0,0
2026-08-29,(ASC) [제과_블트하] 26.07_블트깡출시_ASC_전환_image,(ASC)[제과_블트하] 26.07_블트깡출시_ASC_전환_image,[26.07]F_I_BT깡_전환_블트깡출시_바이럴형_KR1_.릴스_맘카페페르소나.지면테스트.재입고만기다린다는.검증__김소희_260721_제과_김수정,1,0,8.0,0
2026-08-29,(ASC) [제과_블트하] 26.08_블트깡출시_ASC_전환_image,(ASC) [제과_블트하] 26.08_블트하출시_ASC_전환_image,[26.08]F_I_BT깡_전환_블트칩출시_유명인권위형_이국주.KR2_.릴스_없어서못사먹는다는.유행강조.__김소희_260814_제과_김수정,10,0,163.0,0
2026-08-29,[제과_블트하] 26.07_블트깡출시_수동_전환_image_전체타겟,0826_트러플비교_블트칩출시  (KR2),[26.08]F_I_BT칩_전환_블트칩출시_혜택강조형_KR2.진짜트러플비교_.배너_제작자.맛페포.저가트러플의.__김소희_260826_제과_박서연,5,1,246.0,0
2026-08-29,(마스터ASC) [제과_블트하] 26.09_블트깡출시_ASC_전환_image,(마스터ASC) [제과_블트하] 26.09_블트깡출시_ASC_전환_image,[26.08]F_I_BT칩_전환_블트칩출시_혜택강조형_나폴리맛피아.신규_.릴스_브랜디드.뜯자마자트러플향가득.__김소희_260828_제과_김수정,193,0,5411.0,0
2026-08-29,(마스터ASC)[제과_치즈팝콘] 26.08_치즈팝콘출시_ASC_전환_image_전체타겟,(마스터ASC)[제과_치즈팝콘] 26.08_치즈팝콘출시_ASC_전환_image_전체타겟,[26.08]F_I_PC치_전환_치즈팝콘재입고_혜택강조형__.배너_직원가보다싼.__고민지_260828_제과_박서연,830,22,13868.0,2
2026-08-30,(마스터ASC)[제과_블트하] 26.07_블트깡출시_ASC_전환_video,(마스터ASC)[제과_블트하] 26.07_블트깡출시_ASC_전환_video,[26.07]F_V_BT깡_전환_블트깡출시_쩜오건_대세감실체.KR1_var1.릴스_유명남돌라방.X_1P_김소희_260715_제과_문형민,4,0,45.0,0
2026-08-30,(ASC) [제과_블트하] 26.08_블트깡출시_ASC_전환_image,(ASC) [제과_블트하] 26.08_블트하출시_ASC_전환_image,[26.08]F_I_BT깡_전환_블트칩출시_유명인권위형_이국주.KR1_.배너_공지문.맛비주얼.__김소희_260813_제과_김수정,7,0,66.0,0
2026-08-30,(마스터ASC) [제과_블트하] 26.09_블트깡출시_ASC_전환_image,(마스터ASC) [제과_블트하] 26.09_블트깡출시_ASC_전환_image,[26.08]F_I_BT칩_전환_블트칩출시_혜택강조형_나폴리맛피아.신규_.릴스_브랜디드.뜯자마자트러플향가득.__김소희_260828_제과_김수정,63,0,1518.0,0
2026-08-30,(마스터ASC)[제과_치즈팝콘] 26.08_치즈팝콘출시_ASC_전환_image_전체타겟,(마스터ASC)[제과_치즈팝콘] 26.08_치즈팝콘출시_ASC_전환_image_전체타겟,[26.08]F_I_PC치_전환_치즈팝콘재입고_혜택강조형__.배너_직원가보다싼.__고민지_260828_제과_박서연,2901,26,44779.0,3
2026-08-31,(마스터ASC)[제과_블트하] 26.07_블트깡출시_ASC_전환_video,(마스터ASC)[제과_블트하] 26.07_블트깡출시_ASC_전환_video,[26.07]F_V_BT깡_전환_블트깡출시_쩜오건_대세감실체.KR1_var1.릴스_유명남돌라방.X_1P_김소희_260715_제과_문형민,6,1,228.0,0
2026-08-31,(ASC) [제과_블트하] 26.08_블트깡출시_ASC_전환_image,(ASC) [제과_블트하] 26.08_블트하출시_ASC_전환_image,[26.08]F_I_BT깡_전환_블트칩출시_유명인권위형_이국주.KR1_.배너_공지문.트러플하몽계1등.__김소희_260813_제과_김수정,33,0,795.0,0
2026-08-31,[칩] (마스터ASC)[제과_블트하] 26.07_블트칩출시_ASC_전환_video,[칩] (마스터ASC)[제과_블트하] 26.07_블트칩출시_ASC_전환_video,[26.08]F_V_BT칩_전환_블트칩출시_네고형_공구네고형.이국주.KR2_var4.릴스_고급안주.X_1P_최나영_260820_제과_피재은,3,0,79.0,0
2026-08-31,(마스터ASC) [제과_블트하] 26.09_블트깡출시_ASC_전환_image,(마스터ASC) [제과_블트하] 26.09_블트깡출시_ASC_전환_image,[26.08]F_I_BT칩_전환_블트칩출시_혜택강조형_나폴리맛피아.신규_.릴스_브랜디드.뜯자마자트러플향가득.__김소희_260828_제과_김수정,454,6,16051.0,0
2026-08-31,(마스터ASC)[제과_치즈팝콘] 26.08_치즈팝콘출시_ASC_전환_image_전체타겟,(마스터ASC)[제과_치즈팝콘] 26.08_치즈팝콘출시_ASC_전환_image_전체타겟,[26.08]F_I_PC치_전환_치즈팝콘재입고_혜택강조형__.배너_직원가보다싼.__고민지_260828_제과_박서연,765,15,14394.0,1
2026-09-01,(마스터ASC)[제과_블트하] 26.07_블트깡출시_ASC_전환_video,(마스터ASC)[제과_블트하] 26.07_블트깡출시_ASC_전환_video,[26.07]F_V_BT깡_전환_블트깡출시_쩜오건_대세감실체.KR1_var1.릴스_유명남돌라방.X_1P_김소희_260715_제과_문형민,10,0,370.0,0
2026-09-01,(ASC) [제과_블트하] 26.07_블트깡출시_ASC_전환_image,(ASC)[제과_블트하] 26.07_블트깡출시_ASC_전환_image,[26.07]F_I_BT깡_전환_블트깡출시_바이럴형_KR1_.릴스_맘카페페르소나.지면테스트.재입고만기다린다는.검증__김소희_260721_제과_김수정,4,0,117.0,0
2026-09-01,(ASC) [제과_블트하] 26.08_블트깡출시_ASC_전환_image,(ASC) [제과_블트하] 26.08_블트하출시_ASC_전환_image,[26.08]F_I_BT깡_전환_블트칩출시_유명인권위형_이국주.KR1_.배너_공지문.트러플하몽계1등.__김소희_260813_제과_김수정,3,0,62.0,0
2026-09-01,(ASC) [제과_블트하] 26.08_블트깡출시_ASC_전환_image,(ASC) [제과_블트하] 26.08_블트하출시_ASC_전환_image,[26.08]F_I_BT깡_전환_블트칩출시_유명인권위형_이국주.KR2_.릴스_없어서못사먹는다는.유행강조.__김소희_260814_제과_김수정,9,0,221.0,0
2026-08-24,(ASC) [제과_블트하] 26.07_블트칩출시_ASC_전환_image,(ASC)[제과_블트하] 26.07_블트칩출시_ASC_전환_image,[26.07]F_I_BT깡_전환_블트칩출시_혜택강조형_KR2_.릴스_모션.집들이때가져가면.__김소희_260729_제과_박서연,721,6,10136.0,0
2026-08-24,(마스터ASC)[제과_치즈팝콘] 26.08_치즈팝콘출시_ASC_전환_image_전체타겟,(마스터ASC)[제과_치즈팝콘] 26.08_치즈팝콘출시_ASC_전환_image_전체타겟,[26.08]F_I_PC치_전환_치즈팝콘재입고_혜택강조형_KR2.물림페포_.배너_공지문.물리지않는맛.__권미정_260824_제과_박서연,1,0,50.0,0
2026-08-25,(ASC) [제과_블트하] 26.07_블트칩출시_ASC_전환_image,(ASC)[제과_블트하] 26.07_블트칩출시_ASC_전환_image,[26.07]F_I_BT깡_전환_블트칩출시_혜택강조형_KR2_.릴스_모션.집들이때가져가면.__김소희_260729_제과_박서연,216,1,3775.0,0
2026-08-25,(ASC) [제과_블트하] 26.08_블트깡출시_ASC_전환_image,(ASC) [제과_블트하] 26.08_블트하출시_ASC_전환_image,[26.08]F_I_BT깡_전환_블트칩출시_유명인권위형_이국주.KR1_.릴스_혜택맛비주얼강조.호불호없는.__김소희_260813_제과_김수정,2,0,11.0,0
2026-08-25,(마스터ASC)[제과_치즈팝콘] 26.08_치즈팝콘출시_ASC_전환_image_전체타겟,(마스터ASC)[제과_치즈팝콘] 26.08_치즈팝콘출시_ASC_전환_image_전체타겟,[26.08]F_I_PC치_전환_치즈팝콘재입고_혜택강조형_KR2.물림페포_.배너_공지문.물리지않는맛.__권미정_260824_제과_박서연,132,0,3110.0,0
2026-08-26,(ASC) [제과_블트하] 26.07_블트칩출시_ASC_전환_image,(ASC)[제과_블트하] 26.07_블트칩출시_ASC_전환_image,[26.07]F_I_BT깡_전환_블트칩출시_혜택강조형_KR2_.릴스_모션.집들이때가져가면.__김소희_260729_제과_박서연,296,2,5126.0,0
2026-08-26,(마스터ASC)[제과_치즈팝콘] 26.08_치즈팝콘출시_ASC_전환_image_전체타겟,(마스터ASC)[제과_치즈팝콘] 26.08_치즈팝콘출시_ASC_전환_image_전체타겟,[26.08]F_I_PC치_전환_치즈팝콘재입고_혜택강조형_KR2.물림페포_.배너_공지문.물리지않는맛.__권미정_260824_제과_박서연,14,0,269.0,0
2026-08-26,(ASC) [제과_블트하] 26.08_블트깡출시_ASC_전환_image,(ASC) [제과_블트하] 26.08_블트하출시_ASC_전환_image,[26.08]F_I_BT깡_전환_블트칩출시_혜택강조형_KR2.진짜트러플비교_.배너_소비자보이스.스토리형.__김소희_260825_제과_박서연,743,5,14749.0,2
2026-08-27,(ASC) [제과_블트하] 26.08_블트깡출시_ASC_전환_image,(ASC) [제과_블트하] 26.08_블트하출시_ASC_전환_image,[26.08]F_I_BT깡_전환_블트칩출시_유명인권위형_이국주.KR1_.릴스_혜택맛비주얼강조.호불호없는.__김소희_260813_제과_김수정,42,1,1668.0,0
2026-08-27,(마스터ASC)[제과_치즈팝콘] 26.08_치즈팝콘출시_ASC_전환_image_전체타겟,(마스터ASC)[제과_치즈팝콘] 26.08_치즈팝콘출시_ASC_전환_image_전체타겟,[26.08]F_I_PC치_전환_치즈팝콘재입고_혜택강조형_KR2.물림페포_.배너_공지문.물리지않는맛.__권미정_260824_제과_박서연,1,0,7.0,0
2026-08-27,(ASC) [제과_블트하] 26.08_블트깡출시_ASC_전환_image,(ASC) [제과_블트하] 26.08_블트하출시_ASC_전환_image,[26.08]F_I_BT깡_전환_블트칩출시_혜택강조형_KR2.진짜트러플비교_.배너_소비자보이스.스토리형.__김소희_260825_제과_박서연,337,6,7341.0,0
2026-08-28,(ASC) [제과_블트하] 26.08_블트깡출시_ASC_전환_image,(ASC) [제과_블트하] 26.08_블트하출시_ASC_전환_image,[26.08]F_I_BT깡_전환_블트칩출시_유명인권위형_이국주.KR1_.릴스_혜택맛비주얼강조.호불호없는.__김소희_260813_제과_김수정,1,0,11.0,0
2026-08-28,(ASC) [제과_블트하] 26.08_블트깡출시_ASC_전환_image,(ASC) [제과_블트하] 26.08_블트하출시_ASC_전환_image,[26.08]F_I_BT깡_전환_블트칩출시_혜택강조형_KR2.진짜트러플비교_.배너_소비자보이스.스토리형.__김소희_260825_제과_박서연,27,0,458.0,0
2026-08-28,[제과_블트하] 26.07_블트깡출시_수동_전환_image_전체타겟,0901_맛피아디벨롭_블트칩출시  (KR1/2),[26.08]F_I_BT깡_전환_블트칩출시_혜택강조형_나폴리맛피아.KR2_.배너_맛피아권위.맛피아도인정한.__김소희_260828_제과_박서연,37,0,1149.0,0
2026-08-28,[제과_블트하] 26.07_블트깡출시_수동_전환_video_전체타겟,0828_베이직BP_블트깡출시 (맛피아) (KR1),[26.09]F_V_BT칩_전환_블트깡출시_신규BP_베이직BP.나폴리맛피아.KR1_main.릴스_BPver.X_1P__260901_제과_문형민,434,10,10092.0,1
2026-08-29,(ASC) [제과_블트하] 26.08_블트깡출시_ASC_전환_image,(ASC) [제과_블트하] 26.08_블트하출시_ASC_전환_image,[26.08]F_I_BT깡_전환_블트칩출시_유명인권위형_이국주.KR1_.릴스_혜택맛비주얼강조.호불호없는.__김소희_260813_제과_김수정,15,2,551.0,0
2026-08-29,(마스터ASC)[제과_치즈팝콘] 26.08_치즈팝콘출시_ASC_전환_image_전체타겟,(마스터ASC)[제과_치즈팝콘] 26.08_치즈팝콘출시_ASC_전환_image_전체타겟,[26.08]F_I_PC치_전환_치즈팝콘재입고_혜택강조형_KR2.물림페포_.배너_공지문.물리지않는맛.__권미정_260824_제과_박서연,3,0,49.0,0
2026-08-29,(ASC) [제과_블트하] 26.08_블트깡출시_ASC_전환_image,(ASC) [제과_블트하] 26.08_블트하출시_ASC_전환_image,[26.08]F_I_BT깡_전환_블트칩출시_혜택강조형_KR2.진짜트러플비교_.배너_소비자보이스.스토리형.__김소희_260825_제과_박서연,133,6,4072.0,0
2026-08-29,[제과_블트하] 26.07_블트깡출시_수동_전환_image_전체타겟,0901_맛피아디벨롭_블트칩출시  (KR1/2),[26.08]F_I_BT깡_전환_블트칩출시_혜택강조형_나폴리맛피아.KR2_.배너_맛피아권위.맛피아도인정한.__김소희_260828_제과_박서연,59,1,2007.0,0
2026-08-29,[제과_블트하] 26.07_블트깡출시_수동_전환_video_전체타겟,0828_베이직BP_블트깡출시 (맛피아) (KR1),[26.09]F_V_BT칩_전환_블트깡출시_신규BP_베이직BP.나폴리맛피아.KR1_main.릴스_BPver.X_1P__260901_제과_문형민,1048,17,25067.0,1
2026-08-30,(마스터ASC)[제과_블트하] 26.07_블트깡출시_ASC_전환_video,(마스터ASC)[제과_블트하] 26.07_블트깡출시_ASC_전환_video,[26.08]F_V_BT깡_전환_블트깡출시_라이브커머스형_라이브커머스형.KR1_var10.릴스_가격강조.취식.슬기.X_1P_김소희_260812_제과_피재은,5,0,43.0,0
2026-08-30,(마스터ASC)[제과_치즈팝콘] 26.08_치즈팝콘출시_ASC_전환_image_전체타겟,(마스터ASC)[제과_치즈팝콘] 26.08_치즈팝콘출시_ASC_전환_image_전체타겟,[26.08]F_I_PC치_전환_치즈팝콘재입고_혜택강조형_KR2.물림페포_.배너_공지문.물리지않는맛.__권미정_260824_제과_박서연,6,1,185.0,0
2026-08-30,(ASC) [제과_블트하] 26.08_블트깡출시_ASC_전환_image,(ASC) [제과_블트하] 26.08_블트하출시_ASC_전환_image,[26.08]F_I_BT깡_전환_블트칩출시_혜택강조형_KR2.진짜트러플비교_.배너_소비자보이스.스토리형.__김소희_260825_제과_박서연,115,2,2972.0,0
2026-08-30,[제과_블트하] 26.07_블트깡출시_수동_전환_image_전체타겟,0901_맛피아디벨롭_블트칩출시  (KR1/2),[26.08]F_I_BT깡_전환_블트칩출시_혜택강조형_나폴리맛피아.KR2_.배너_맛피아권위.맛피아도인정한.__김소희_260828_제과_박서연,30,0,907.0,0
2026-08-31,(마스터ASC)[제과_치즈팝콘] 26.08_치즈팝콘출시_ASC_전환_image_전체타겟,(마스터ASC)[제과_치즈팝콘] 26.08_치즈팝콘출시_ASC_전환_image_전체타겟,[26.08]F_I_PC치_전환_치즈팝콘재입고_혜택강조형_KR2.물림페포_.배너_공지문.물리지않는맛.__권미정_260824_제과_박서연,45,0,650.0,0
2026-08-31,(ASC) [제과_블트하] 26.08_블트깡출시_ASC_전환_image,(ASC) [제과_블트하] 26.08_블트하출시_ASC_전환_image,[26.08]F_I_BT깡_전환_블트칩출시_혜택강조형_KR2.진짜트러플비교_.배너_소비자보이스.스토리형.__김소희_260825_제과_박서연,215,1,3818.0,0
2026-08-31,[제과_블트하] 26.07_블트깡출시_수동_전환_image_전체타겟,0901_맛피아디벨롭_블트칩출시  (KR1/2),[26.08]F_I_BT깡_전환_블트칩출시_혜택강조형_나폴리맛피아.KR2_.배너_맛피아권위.맛피아도인정한.__김소희_260828_제과_박서연,63,1,2020.0,0
2026-09-01,(ASC) [제과_블트하] 26.08_블트깡출시_ASC_전환_image,(ASC) [제과_블트하] 26.08_블트하출시_ASC_전환_image,[26.08]F_I_BT깡_전환_블트칩출시_유명인권위형_이국주.KR1_.릴스_혜택맛비주얼강조.호불호없는.__김소희_260813_제과_김수정,70,2,2456.0,1
2026-09-01,(마스터ASC)[제과_치즈팝콘] 26.08_치즈팝콘출시_ASC_전환_image_전체타겟,(마스터ASC)[제과_치즈팝콘] 26.08_치즈팝콘출시_ASC_전환_image_전체타겟,[26.08]F_I_PC치_전환_치즈팝콘재입고_혜택강조형_KR2.물림페포_.배너_공지문.물리지않는맛.__권미정_260824_제과_박서연,14,0,210.0,0
2026-09-01,(ASC) [제과_블트하] 26.08_블트깡출시_ASC_전환_image,(ASC) [제과_블트하] 26.08_블트하출시_ASC_전환_image,[26.08]F_I_BT깡_전환_블트칩출시_혜택강조형_KR2.진짜트러플비교_.배너_소비자보이스.스토리형.__김소희_260825_제과_박서연,332,5,7791.0,0
2026-09-01,[제과_블트하] 26.07_블트깡출시_수동_전환_image_전체타겟,0901_맛피아디벨롭_블트칩출시  (KR1/2),[26.08]F_I_BT깡_전환_블트칩출시_혜택강조형_나폴리맛피아.KR2_.배너_맛피아권위.맛피아도인정한.__김소희_260828_제과_박서연,11,0,303.0,0
2026-08-24,(ASC) [제과_블트하] 26.07_블트칩출시_ASC_전환_image,(ASC)[제과_블트하] 26.07_블트칩출시_ASC_전환_image,[26.07]F_I_BT칩_전환_블트칩출시_혜택강조형_KR2_.피드_주변인.집들이안주.확장__김소희_260727_제과_박서연,7,0,137.0,0
2026-08-24,(ASC) [제과_블트하] 26.07_블트칩출시_ASC_전환_image,(ASC)[제과_블트하] 26.07_블트칩출시_ASC_전환_image,[26.07]F_I_BT칩_전환_블트칩출시_바이럴형_KR1_.피드_남편인정.친구모임.확장__김소희_260727_제과_김수정,18,0,450.0,0
2026-08-24,(ASC) [제과_블트하] 26.07_블트깡출시_ASC_전환_image,(ASC)[제과_블트하] 26.07_블트깡출시_ASC_전환_image,[26.07]F_I_BT혼_전환_블트칩출시_혜택강조형_KR2_.배너_공지문.3분할.__김소희_260731_제과_김수정,381,5,4346.0,0
2026-08-24,(ASC) [제과_블트하] 26.08_블트깡출시_ASC_전환_image,(ASC) [제과_블트하] 26.08_블트하출시_ASC_전환_image,[26.08]F_I_BT깡_전환_블트칩출시_유명인권위형_이국주.KR1_.릴스_희소성.유행강조.__김소희_260814_제과_김수정,7,0,121.0,0
2026-08-24,[제과_블트하] 26.07_블트깡출시_수동_전환_video_전체타겟,0813_브랜든형BP_블트깡출시 (test),[26.08]F_V_BT칩_전환_블트깡출시_신규BP_브랜든배너형BP_var3.릴스_맥주안주1티어.할인추가.X_2P_최재원_260814_제과_최재원,563,9,17386.0,0
2026-08-24,[칩] (마스터ASC)[제과_블트하] 26.07_블트칩출시_ASC_전환_video,[칩] (마스터ASC)[제과_블트하] 26.07_블트칩출시_ASC_전환_video,[26.08]F_V_BT혼_전환_블트깡출시_신규BP_오프아워BP.이국주.KR1_var3.릴스_이국주트러플하몽.X_2P_김소희_260814_제과_이미진,2,0,38.0,0
2026-08-24,[칩] (마스터ASC)[제과_블트하] 26.07_블트칩출시_ASC_전환_video,[칩] (마스터ASC)[제과_블트하] 26.07_블트칩출시_ASC_전환_video,[26.08]F_V_BT칩_전환_블트칩출시_단순소구형_술안주유행강조.KR2_main.릴스_메인편.X_2P_김소희_260821_제과_최재원,18,0,215.0,0
2026-08-24,[칩] (마스터ASC)[제과_블트하] 26.07_블트칩출시_ASC_전환_video,[칩] (마스터ASC)[제과_블트하] 26.07_블트칩출시_ASC_전환_video,[26.08]F_V_BT칩_전환_블트칩출시_신규BP_도리토스BP.이국주.KR2_var4.릴스_BP대로.X_2P_김소희_260821_제과_이봄1,2,0,14.0,0
2026-08-24,[제과_치즈팝콘] 26.08_치즈팝콘출시_수동_전환_image_전체타겟,(0824) 혜택강조형_재입고이슈_치즈팝콘재입고 (KR2) (서연님),[26.08]F_I_PC치_전환_치즈팝콘재입고_혜택강조형_KR1.재입고이슈_.배너_있을때사세요.__권미정_260824_제과_박서연,22,0,597.0,0
2026-08-25,(ASC) [제과_블트하] 26.07_블트깡출시_ASC_전환_image,(ASC)[제과_블트하] 26.07_블트깡출시_ASC_전환_image,[26.07]F_I_BT혼_전환_블트칩출시_혜택강조형_KR2_.배너_공지문.3분할.__김소희_260731_제과_김수정,766,5,12338.0,1
2026-08-25,(ASC) [제과_블트하] 26.08_블트깡출시_ASC_전환_image,(ASC) [제과_블트하] 26.08_블트하출시_ASC_전환_image,[26.08]F_I_BT깡_전환_블트칩출시_유명인권위형_이국주.KR1_.릴스_희소성.유행강조.__김소희_260814_제과_김수정,16,0,169.0,0
2026-08-25,[제과_블트하] 26.07_블트깡출시_수동_전환_image_전체타겟,0818_GFA유효배너_블트칩출시,[26.08]F_I_BT깡_전환_블트칩출시_혜택강조형_GFA베리_.배너_육퇴후야식으로일주일만에.__최나영_260818_제과_박서연,72,0,2551.0,0
2026-08-25,[칩] (마스터ASC)[제과_블트하] 26.07_블트칩출시_ASC_전환_video,[칩] (마스터ASC)[제과_블트하] 26.07_블트칩출시_ASC_전환_video,[26.08]F_V_BT칩_전환_블트칩출시_단순소구형_술안주유행강조.KR2_main.릴스_메인편.X_2P_김소희_260821_제과_최재원,1,0,19.0,0
2026-08-25,[제과_치즈팝콘] 26.08_치즈팝콘출시_수동_전환_image_전체타겟,(0824) 혜택강조형_재입고이슈_치즈팝콘재입고 (KR2) (서연님),[26.08]F_I_PC치_전환_치즈팝콘재입고_혜택강조형_KR1.재입고이슈_.배너_있을때사세요.__권미정_260824_제과_박서연,41,1,703.0,0
2026-08-26,(ASC) [제과_블트하] 26.07_블트깡출시_ASC_전환_image,(ASC)[제과_블트하] 26.07_블트깡출시_ASC_전환_image,[26.07]F_I_BT혼_전환_블트칩출시_혜택강조형_KR2_.배너_공지문.3분할.__김소희_260731_제과_김수정,2570,27,37743.0,1
2026-08-26,[칩] (마스터ASC)[제과_블트하] 26.07_블트칩출시_ASC_전환_video,[칩] (마스터ASC)[제과_블트하] 26.07_블트칩출시_ASC_전환_video,[26.08]F_V_BT혼_전환_블트깡출시_신규BP_오프아워BP.이국주.KR1_var3.릴스_이국주트러플하몽.X_2P_김소희_260814_제과_이미진,6,0,123.0,0
2026-08-26,[제과_블트하] 26.07_블트깡출시_수동_전환_image_전체타겟,0818_GFA유효배너_블트칩출시,[26.08]F_I_BT깡_전환_블트칩출시_혜택강조형_GFA베리_.배너_육퇴후야식으로일주일만에.__최나영_260818_제과_박서연,109,8,4767.0,0
2026-08-26,[칩] (마스터ASC)[제과_블트하] 26.07_블트칩출시_ASC_전환_video,[칩] (마스터ASC)[제과_블트하] 26.07_블트칩출시_ASC_전환_video,[26.08]F_V_BT칩_전환_블트칩출시_단순소구형_술안주유행강조.KR2_main.릴스_메인편.X_2P_김소희_260821_제과_최재원,2,0,14.0,0
2026-08-26,[제과_치즈팝콘] 26.08_치즈팝콘출시_수동_전환_image_전체타겟,(0824) 혜택강조형_재입고이슈_치즈팝콘재입고 (KR2) (서연님),[26.08]F_I_PC치_전환_치즈팝콘재입고_혜택강조형_KR1.재입고이슈_.배너_있을때사세요.__권미정_260824_제과_박서연,19,0,278.0,0
2026-08-27,(ASC) [제과_블트하] 26.08_블트깡출시_ASC_전환_image,(ASC) [제과_블트하] 26.08_블트하출시_ASC_전환_image,[26.08]F_I_BT깡_전환_블트칩출시_유명인권위형_이국주.KR1_.릴스_희소성.유행강조.__김소희_260814_제과_김수정,17,0,492.0,0
2026-08-27,[제과_블트하] 26.07_블트깡출시_수동_전환_image_전체타겟,0818_GFA유효배너_블트칩출시,[26.08]F_I_BT깡_전환_블트칩출시_혜택강조형_GFA베리_.배너_육퇴후야식으로일주일만에.__최나영_260818_제과_박서연,15,0,625.0,0
2026-08-27,[칩] (마스터ASC)[제과_블트하] 26.07_블트칩출시_ASC_전환_video,[칩] (마스터ASC)[제과_블트하] 26.07_블트칩출시_ASC_전환_video,[26.08]F_V_BT칩_전환_블트칩출시_단순소구형_술안주유행강조.KR2_main.릴스_메인편.X_2P_김소희_260821_제과_최재원,176,3,4407.0,0
2026-08-27,[칩] (마스터ASC)[제과_블트하] 26.07_블트칩출시_ASC_전환_video,[칩] (마스터ASC)[제과_블트하] 26.07_블트칩출시_ASC_전환_video,[26.08]F_V_BT칩_전환_블트칩출시_신규BP_도리토스BP.이국주.KR2_var4.릴스_BP대로.X_2P_김소희_260821_제과_이봄1,5,0,212.0,0
2026-08-27,[제과_치즈팝콘] 26.08_치즈팝콘출시_수동_전환_image_전체타겟,(0824) 혜택강조형_재입고이슈_치즈팝콘재입고 (KR2) (서연님),[26.08]F_I_PC치_전환_치즈팝콘재입고_혜택강조형_KR1.재입고이슈_.배너_있을때사세요.__권미정_260824_제과_박서연,53,1,848.0,0
2026-08-28,[칩] (마스터ASC)[제과_블트하] 26.07_블트칩출시_ASC_전환_video,[칩] (마스터ASC)[제과_블트하] 26.07_블트칩출시_ASC_전환_video,[26.08]F_V_BT혼_전환_블트깡출시_신규BP_오프아워BP.이국주.KR1_var3.릴스_이국주트러플하몽.X_2P_김소희_260814_제과_이미진,4,0,64.0,0
2026-08-28,[칩] (마스터ASC)[제과_블트하] 26.07_블트칩출시_ASC_전환_video,[칩] (마스터ASC)[제과_블트하] 26.07_블트칩출시_ASC_전환_video,[26.08]F_V_BT칩_전환_블트칩출시_단순소구형_술안주유행강조.KR2_main.릴스_메인편.X_2P_김소희_260821_제과_최재원,352,4,8821.0,0
2026-08-28,[제과_치즈팝콘] 26.08_치즈팝콘출시_수동_전환_image_전체타겟,(0824) 혜택강조형_재입고이슈_치즈팝콘재입고 (KR2) (서연님),[26.08]F_I_PC치_전환_치즈팝콘재입고_혜택강조형_KR1.재입고이슈_.배너_있을때사세요.__권미정_260824_제과_박서연,45,1,575.0,0
2026-08-28,[제과_블트하] 26.07_블트깡출시_수동_전환_video_전체타겟,0828_추성훈BP_블트칩출시 (맛피아) (KR2),[26.09]F_V_BT칩_전환_블트깡출시_쩜오건_나폴리맛피아.KR2_var4.릴스_비하인드.렉카.슬기.X_1P__260901_제과_피재은,781,15,17714.0,1
2026-08-29,(ASC) [제과_블트하] 26.08_블트깡출시_ASC_전환_image,(ASC) [제과_블트하] 26.08_블트하출시_ASC_전환_image,[26.08]F_I_BT깡_전환_블트칩출시_유명인권위형_이국주.KR1_.릴스_희소성.유행강조.__김소희_260814_제과_김수정,14,0,389.0,0
2026-08-29,[칩] (마스터ASC)[제과_블트하] 26.07_블트칩출시_ASC_전환_video,[칩] (마스터ASC)[제과_블트하] 26.07_블트칩출시_ASC_전환_video,[26.08]F_V_BT혼_전환_블트깡출시_신규BP_오프아워BP.이국주.KR1_var3.릴스_이국주트러플하몽.X_2P_김소희_260814_제과_이미진,9,0,222.0,0
2026-08-29,[칩] (마스터ASC)[제과_블트하] 26.07_블트칩출시_ASC_전환_video,[칩] (마스터ASC)[제과_블트하] 26.07_블트칩출시_ASC_전환_video,[26.08]F_V_BT칩_전환_블트칩출시_단순소구형_술안주유행강조.KR2_main.릴스_메인편.X_2P_김소희_260821_제과_최재원,152,1,3523.0,0
2026-08-29,[제과_치즈팝콘] 26.08_치즈팝콘출시_수동_전환_image_전체타겟,(0824) 혜택강조형_재입고이슈_치즈팝콘재입고 (KR2) (서연님),[26.08]F_I_PC치_전환_치즈팝콘재입고_혜택강조형_KR1.재입고이슈_.배너_있을때사세요.__권미정_260824_제과_박서연,2,0,36.0,0
2026-08-29,[제과_블트하] 26.07_블트깡출시_수동_전환_video_전체타겟,0828_추성훈BP_블트칩출시 (맛피아) (KR2),[26.09]F_V_BT칩_전환_블트깡출시_쩜오건_나폴리맛피아.KR2_var4.릴스_비하인드.렉카.슬기.X_1P__260901_제과_피재은,569,11,14584.0,1
2026-08-30,[칩] (마스터ASC)[제과_블트하] 26.07_블트칩출시_ASC_전환_video,[칩] (마스터ASC)[제과_블트하] 26.07_블트칩출시_ASC_전환_video,[26.08]F_V_BT혼_전환_블트깡출시_신규BP_오프아워BP.이국주.KR1_var3.릴스_이국주트러플하몽.X_2P_김소희_260814_제과_이미진,1,0,28.0,0
2026-08-30,[칩] (마스터ASC)[제과_블트하] 26.07_블트칩출시_ASC_전환_video,[칩] (마스터ASC)[제과_블트하] 26.07_블트칩출시_ASC_전환_video,[26.08]F_V_BT칩_전환_블트칩출시_단순소구형_술안주유행강조.KR2_main.릴스_메인편.X_2P_김소희_260821_제과_최재원,90,2,2076.0,0
2026-08-30,[칩] (마스터ASC)[제과_블트하] 26.07_블트칩출시_ASC_전환_video,[칩] (마스터ASC)[제과_블트하] 26.07_블트칩출시_ASC_전환_video,[26.08]F_V_BT칩_전환_블트칩출시_신규BP_도리토스BP.이국주.KR2_var4.릴스_BP대로.X_2P_김소희_260821_제과_이봄1,4,0,54.0,0
2026-08-30,[제과_치즈팝콘] 26.08_치즈팝콘출시_수동_전환_image_전체타겟,(0824) 혜택강조형_재입고이슈_치즈팝콘재입고 (KR2) (서연님),[26.08]F_I_PC치_전환_치즈팝콘재입고_혜택강조형_KR1.재입고이슈_.배너_있을때사세요.__권미정_260824_제과_박서연,2,0,64.0,0
2026-08-30,[제과_블트하] 26.07_블트깡출시_수동_전환_video_전체타겟,0828_추성훈BP_블트칩출시 (맛피아) (KR2),[26.09]F_V_BT칩_전환_블트깡출시_쩜오건_나폴리맛피아.KR2_var4.릴스_비하인드.렉카.슬기.X_1P__260901_제과_피재은,838,18,21275.0,1
2026-08-31,[칩] (마스터ASC)[제과_블트하] 26.07_블트칩출시_ASC_전환_video,[칩] (마스터ASC)[제과_블트하] 26.07_블트칩출시_ASC_전환_video,[26.08]F_V_BT칩_전환_블트칩출시_단순소구형_술안주유행강조.KR2_main.릴스_메인편.X_2P_김소희_260821_제과_최재원,834,12,17459.0,2
2026-08-31,[제과_치즈팝콘] 26.08_치즈팝콘출시_수동_전환_image_전체타겟,(0824) 혜택강조형_재입고이슈_치즈팝콘재입고 (KR2) (서연님),[26.08]F_I_PC치_전환_치즈팝콘재입고_혜택강조형_KR1.재입고이슈_.배너_있을때사세요.__권미정_260824_제과_박서연,7,0,86.0,0
2026-09-01,(ASC) [제과_블트하] 26.08_블트깡출시_ASC_전환_image,(ASC) [제과_블트하] 26.08_블트하출시_ASC_전환_image,[26.08]F_I_BT깡_전환_블트칩출시_유명인권위형_이국주.KR1_.릴스_희소성.유행강조.__김소희_260814_제과_김수정,9,1,528.0,0
2026-09-01,[칩] (마스터ASC)[제과_블트하] 26.07_블트칩출시_ASC_전환_video,[칩] (마스터ASC)[제과_블트하] 26.07_블트칩출시_ASC_전환_video,[26.08]F_V_BT혼_전환_블트깡출시_신규BP_오프아워BP.이국주.KR1_var3.릴스_이국주트러플하몽.X_2P_김소희_260814_제과_이미진,9,0,221.0,0
2026-09-01,[칩] (마스터ASC)[제과_블트하] 26.07_블트칩출시_ASC_전환_video,[칩] (마스터ASC)[제과_블트하] 26.07_블트칩출시_ASC_전환_video,[26.08]F_V_BT칩_전환_블트칩출시_단순소구형_술안주유행강조.KR2_main.릴스_메인편.X_2P_김소희_260821_제과_최재원,1924,23,36591.0,2
2026-09-01,[제과_치즈팝콘] 26.08_치즈팝콘출시_수동_전환_image_전체타겟,(0824) 혜택강조형_재입고이슈_치즈팝콘재입고 (KR2) (서연님),[26.08]F_I_PC치_전환_치즈팝콘재입고_혜택강조형_KR1.재입고이슈_.배너_있을때사세요.__권미정_260824_제과_박서연,8,0,80.0,0
2026-08-24,(ASC) [제과_블트하] 26.07_블트칩출시_ASC_전환_image,(ASC)[제과_블트하] 26.07_블트칩출시_ASC_전환_image,[26.07]F_I_BT깡_전환_블트깡출시_바이럴형_KR1_.피드_남편인정.맥주한잔.확장__김소희_260727_제과_김수정,21,2,541.0,0
2026-08-24,[제과_블트하] 26.07_블트깡출시_수동_전환_video_전체타겟,0811_라이브커머스형_블트깡출시 (KR1),[26.08]F_V_BT깡_전환_블트깡출시_라이브커머스형_라이브커머스형.KR1_var9.릴스_가격강조.메인.슬기.X_1P_김소희_260812_제과_피재은,91,0,2172.0,0
2026-08-24,[칩] (마스터ASC)[제과_블트하] 26.07_블트칩출시_ASC_전환_video,[칩] (마스터ASC)[제과_블트하] 26.07_블트칩출시_ASC_전환_video,[26.08]F_V_BT칩_전환_블트칩출시_네고형_현장네고형.이국주.KR1_var3.릴스_물류.슬기.X_1P_최나영_260814_제과_피재은,2016,48,48985.0,0
2026-08-24,[제과_블트하] 26.07_블트깡출시_수동_전환_image_전체타겟,0819_유행실체이국주_블트칩출시  (KR1/2),[26.08]F_I_BT칩_전환_블트칩출시_혜택강조형_이국주.KR1_.배너_사회적집단.카톡.__김소희_260819_제과_김수정,3,0,66.0,0
2026-08-24,[제과_블트하] 26.07_블트깡출시_수동_전환_video_전체타겟,0821_도리토스BP_블트칩출시 (KR2),[26.08]F_V_BT칩_전환_블트칩출시_신규BP_도리토스BP.이국주.KR2_var2.릴스_이국주.X_2P_김소희_260821_제과_이봄1,5,0,158.0,0
2026-08-24,(마스터ASC)[제과_치즈팝콘] 26.08_치즈팝콘출시_ASC_전환_video_전체타겟,(마스터ASC)[제과_치즈팝콘] 26.08_치즈팝콘출시_ASC_전환_video_전체타겟,[26.08]F_V_PC치_전환_치즈팝콘재입고_네고형_CS전화네고.KR2_var3.릴스_안정형.X_2P_권미정_260824_제과_이미진,635,7,6855.0,0
2026-08-25,(ASC) [제과_블트하] 26.07_블트칩출시_ASC_전환_image,(ASC)[제과_블트하] 26.07_블트칩출시_ASC_전환_image,[26.07]F_I_BT깡_전환_블트깡출시_바이럴형_KR1_.피드_남편인정.맥주한잔.확장__김소희_260727_제과_김수정,1,0,142.0,0
2026-08-25,(ASC) [제과_블트하] 26.08_블트깡출시_ASC_전환_image,(ASC) [제과_블트하] 26.08_블트하출시_ASC_전환_image,[26.08]F_I_BT칩_전환_블트칩출시_혜택강조형_KR1_.릴스_원가이하판매중.__김소희_260807_제과_박서연,1,0,13.0,0
2026-08-25,(마스터ASC)[제과_블트하] 26.07_블트깡출시_ASC_전환_video,(마스터ASC)[제과_블트하] 26.07_블트깡출시_ASC_전환_video,[26.08]F_V_BT칩_전환_블트칩출시_신규BP_아린이네BP.KR1_var1.릴스_공구형.페인포인트.가격.X_2P_최나영_260811_제과_윤성미,1,0,5.0,0
2026-08-25,(ASC) [제과_블트하] 26.08_블트깡출시_ASC_전환_image,(ASC) [제과_블트하] 26.08_블트하출시_ASC_전환_image,[26.08]F_I_BT깡_전환_블트칩출시_혜택강조형_이국주.KR1_.배너_내부상황.대기열실체.__김소희_260819_제과_김수정,2,0,318.0,0
2026-08-25,[제과_블트하] 26.07_블트깡출시_수동_전환_video_전체타겟,0821_도리토스BP_블트칩출시 (KR2),[26.08]F_V_BT칩_전환_블트칩출시_신규BP_도리토스BP.이국주.KR2_var2.릴스_이국주.X_2P_김소희_260821_제과_이봄1,11,2,962.0,0
2026-08-25,(마스터ASC)[제과_치즈팝콘] 26.08_치즈팝콘출시_ASC_전환_video_전체타겟,(마스터ASC)[제과_치즈팝콘] 26.08_치즈팝콘출시_ASC_전환_video_전체타겟,[26.08]F_V_PC치_전환_치즈팝콘재입고_네고형_CS전화네고.KR2_var3.릴스_안정형.X_2P_권미정_260824_제과_이미진,38,1,468.0,0
2026-08-26,(ASC) [제과_블트하] 26.07_블트칩출시_ASC_전환_image,(ASC)[제과_블트하] 26.07_블트칩출시_ASC_전환_image,[26.07]F_I_BT깡_전환_블트깡출시_바이럴형_KR1_.피드_남편인정.맥주한잔.확장__김소희_260727_제과_김수정,20,1,584.0,0
2026-08-26,(ASC) [제과_블트하] 26.08_블트깡출시_ASC_전환_image,(ASC) [제과_블트하] 26.08_블트하출시_ASC_전환_image,[26.08]F_I_BT깡_전환_블트칩출시_유명인권위형_이국주.KR1_.릴스_혜택강조.원재료강조.__김소희_260813_제과_김수정,15,0,291.0,0
2026-08-26,[제과_블트하] 26.07_블트깡출시_수동_전환_video_전체타겟,0821_도리토스BP_블트칩출시 (KR2),[26.08]F_V_BT칩_전환_블트칩출시_신규BP_도리토스BP.이국주.KR2_var2.릴스_이국주.X_2P_김소희_260821_제과_이봄1,7,0,382.0,0
2026-08-26,(마스터ASC)[제과_치즈팝콘] 26.08_치즈팝콘출시_ASC_전환_video_전체타겟,(마스터ASC)[제과_치즈팝콘] 26.08_치즈팝콘출시_ASC_전환_video_전체타겟,[26.08]F_V_PC치_전환_치즈팝콘재입고_네고형_CS전화네고.KR2_var3.릴스_안정형.X_2P_권미정_260824_제과_이미진,15,0,337.0,0
2026-08-26,[제과_블트하] 26.07_블트깡출시_수동_전환_image_전체타겟,0826_트러플비교_블트칩출시  (KR2),[26.08]F_I_BT칩_전환_블트칩출시_혜택강조형_KR2.진짜트러플비교_.배너_제작자.미식가개발자.__김소희_260826_제과_박서연,2,0,334.0,0
2026-08-26,(ASC) [제과_블트하] 26.08_블트깡출시_ASC_전환_image,(ASC) [제과_블트하] 26.08_블트하출시_ASC_전환_image,[26.08]F_I_BT혼_전환_블트칩출시_혜택강조형_KR1.이탈리아_.배너_트러플잘아는사람들은.__김소희_260826_제과_김수정,5,0,104.0,0
2026-08-27,(ASC) [제과_블트하] 26.07_블트칩출시_ASC_전환_image,(ASC)[제과_블트하] 26.07_블트칩출시_ASC_전환_image,[26.07]F_I_BT혼_전환_블트칩출시_혜택강조형_KR1_.피드_마감임박안내.__김소희_260728_제과_김수정,41,1,1353.0,0
2026-08-27,(ASC) [제과_블트하] 26.08_블트깡출시_ASC_전환_image,(ASC) [제과_블트하] 26.08_블트하출시_ASC_전환_image,[26.08]F_I_BT칩_전환_블트칩출시_혜택강조형_KR1_.릴스_원가이하판매중.__김소희_260807_제과_박서연,3,0,11.0,0
2026-08-27,[제과_블트하] 26.07_블트깡출시_수동_전환_image_전체타겟,0825_트러플권위_블트칩출시 (KR2),[26.08]F_I_BT깡_전환_블트칩출시_유명인권위형_이국주.KR2_.릴스_주변구매.엄마들모임.__김소희_260813_제과_김수정,1,0,3.0,0
2026-08-27,(마스터ASC)[제과_블트하] 26.07_블트깡출시_ASC_전환_video,(마스터ASC)[제과_블트하] 26.07_블트깡출시_ASC_전환_video,[26.08]F_V_BT칩_전환_블트칩출시_쩜오건_시즈닝강조.이국주.KR1_var5.릴스_블트칩.메인.슬기.X_1P__260820_제과_문형민,3,0,40.0,0
2026-08-27,(마스터ASC)[제과_치즈팝콘] 26.08_치즈팝콘출시_ASC_전환_video_전체타겟,(마스터ASC)[제과_치즈팝콘] 26.08_치즈팝콘출시_ASC_전환_video_전체타겟,[26.08]F_V_PC치_전환_치즈팝콘재입고_네고형_CS전화네고.KR2_var3.릴스_안정형.X_2P_권미정_260824_제과_이미진,3,0,19.0,0
2026-08-27,[제과_블트하] 26.07_블트깡출시_수동_전환_image_전체타겟,0826_트러플비교_블트칩출시  (KR2),[26.08]F_I_BT칩_전환_블트칩출시_혜택강조형_KR2.진짜트러플비교_.배너_제작자.미식가개발자.__김소희_260826_제과_박서연,692,8,13808.0,0
2026-08-27,(ASC) [제과_블트하] 26.08_블트깡출시_ASC_전환_image,(ASC) [제과_블트하] 26.08_블트하출시_ASC_전환_image,[26.08]F_I_BT혼_전환_블트칩출시_혜택강조형_KR1.이탈리아_.배너_트러플잘아는사람들은.__김소희_260826_제과_김수정,85,1,2358.0,0
2026-08-28,(ASC) [제과_블트하] 26.08_블트깡출시_ASC_전환_image,(ASC) [제과_블트하] 26.08_블트하출시_ASC_전환_image,[26.08]F_I_BT혼_전환_블트칩출시_혜택강조형_KR1.이탈리아_.배너_트러플잘아는사람들은.__김소희_260826_제과_김수정,2,0,15.0,0
2026-08-28,(마스터ASC)[제과_블트하] 26.07_블트깡출시_ASC_전환_video,(마스터ASC)[제과_블트하] 26.07_블트깡출시_ASC_전환_video,[26.09]F_V_BT칩_전환_블트깡출시_쩜오건_나폴리맛피아.KR2_var1.릴스_이태리.슬기.X_1P__260901_제과_피재은,6,0,91.0,0
2026-08-28,[칩] (마스터ASC)[제과_블트하] 26.07_블트칩출시_ASC_전환_video,[칩] (마스터ASC)[제과_블트하] 26.07_블트칩출시_ASC_전환_video,[26.09]F_V_BT깡_전환_블트깡출시_문제공감형_원룸만들기BP.나폴리맛피아.신규_var1.릴스_맛피아권위.X_2P__260901_제과_이봄1,644,18,14411.0,1
2026-08-29,(ASC) [제과_블트하] 26.07_블트칩출시_ASC_전환_image,(ASC)[제과_블트하] 26.07_블트칩출시_ASC_전환_image,[26.07]F_I_BT혼_전환_블트칩출시_혜택강조형_KR1_.피드_마감임박안내.__김소희_260728_제과_김수정,65,0,2761.0,0
2026-08-29,(마스터ASC)[제과_블트하] 26.07_블트깡출시_ASC_전환_video,(마스터ASC)[제과_블트하] 26.07_블트깡출시_ASC_전환_video,[26.08]F_V_BT칩_전환_블트칩출시_쩜오건_시즈닝강조.이국주.KR1_var5.릴스_블트칩.메인.슬기.X_1P__260820_제과_문형민,44,1,968.0,0
2026-08-29,(마스터ASC)[제과_치즈팝콘] 26.08_치즈팝콘출시_ASC_전환_video_전체타겟,(마스터ASC)[제과_치즈팝콘] 26.08_치즈팝콘출시_ASC_전환_video_전체타겟,[26.08]F_V_PC치_전환_치즈팝콘재입고_네고형_CS전화네고.KR2_var3.릴스_안정형.X_2P_권미정_260824_제과_이미진,1,0,11.0,0
2026-08-29,(ASC) [제과_블트하] 26.08_블트깡출시_ASC_전환_image,(ASC) [제과_블트하] 26.08_블트하출시_ASC_전환_image,[26.08]F_I_BT혼_전환_블트칩출시_혜택강조형_KR1.이탈리아_.배너_트러플잘아는사람들은.__김소희_260826_제과_김수정,6,0,81.0,0
2026-08-29,(마스터ASC) [제과_블트하] 26.09_블트깡출시_ASC_전환_image,(마스터ASC) [제과_블트하] 26.09_블트깡출시_ASC_전환_image,[26.08]F_I_BT깡_전환_블트칩출시_혜택강조형_나폴리맛피아.신규_.배너_브랜디드.맛피아가깎아옴.__김소희_260828_제과_김수정,71,1,2220.0,0
2026-08-29,(마스터ASC)[제과_블트하] 26.07_블트깡출시_ASC_전환_video,(마스터ASC)[제과_블트하] 26.07_블트깡출시_ASC_전환_video,[26.09]F_V_BT칩_전환_블트깡출시_신규BP_베이직BP.나폴리맛피아.KR1_var5.릴스_맛피아실체2.X_1P__260901_제과_문형민,12,0,524.0,0
2026-08-29,(마스터ASC)[제과_블트하] 26.07_블트깡출시_ASC_전환_video,(마스터ASC)[제과_블트하] 26.07_블트깡출시_ASC_전환_video,[26.09]F_V_BT칩_전환_블트깡출시_쩜오건_나폴리맛피아.KR2_var1.릴스_이태리.슬기.X_1P__260901_제과_피재은,211,1,4145.0,0
2026-08-29,[칩] (마스터ASC)[제과_블트하] 26.07_블트칩출시_ASC_전환_video,[칩] (마스터ASC)[제과_블트하] 26.07_블트칩출시_ASC_전환_video,[26.09]F_V_BT깡_전환_블트깡출시_문제공감형_원룸만들기BP.나폴리맛피아.신규_var1.릴스_맛피아권위.X_2P__260901_제과_이봄1,12256,251,383713.0,26
2026-08-30,(ASC) [제과_블트하] 26.08_블트깡출시_ASC_전환_image,(ASC) [제과_블트하] 26.08_블트하출시_ASC_전환_image,[26.08]F_I_BT칩_전환_블트칩출시_혜택강조형_KR1_.릴스_원가이하판매중.__김소희_260807_제과_박서연,6,0,164.0,0
2026-08-30,(마스터ASC)[제과_블트하] 26.07_블트깡출시_ASC_전환_video,(마스터ASC)[제과_블트하] 26.07_블트깡출시_ASC_전환_video,[26.08]F_V_BT칩_전환_블트칩출시_신규BP_아린이네BP.KR1_var1.릴스_공구형.페인포인트.가격.X_2P_최나영_260811_제과_윤성미,18,0,579.0,0
2026-08-30,(마스터ASC)[제과_블트하] 26.07_블트깡출시_ASC_전환_video,(마스터ASC)[제과_블트하] 26.07_블트깡출시_ASC_전환_video,[26.08]F_V_BT칩_전환_블트칩출시_쩜오건_시즈닝강조.이국주.KR1_var5.릴스_블트칩.메인.슬기.X_1P__260820_제과_문형민,6,0,116.0,0
2026-08-30,(마스터ASC)[제과_치즈팝콘] 26.08_치즈팝콘출시_ASC_전환_video_전체타겟,(마스터ASC)[제과_치즈팝콘] 26.08_치즈팝콘출시_ASC_전환_video_전체타겟,[26.08]F_V_PC치_전환_치즈팝콘재입고_네고형_CS전화네고.KR2_var3.릴스_안정형.X_2P_권미정_260824_제과_이미진,8,0,107.0,0
2026-08-30,(마스터ASC) [제과_블트하] 26.09_블트깡출시_ASC_전환_image,(마스터ASC) [제과_블트하] 26.09_블트깡출시_ASC_전환_image,[26.08]F_I_BT깡_전환_블트칩출시_혜택강조형_나폴리맛피아.신규_.배너_브랜디드.맛피아가깎아옴.__김소희_260828_제과_김수정,6,0,89.0,0
2026-08-30,(마스터ASC)[제과_블트하] 26.07_블트깡출시_ASC_전환_video,(마스터ASC)[제과_블트하] 26.07_블트깡출시_ASC_전환_video,[26.09]F_V_BT칩_전환_블트깡출시_신규BP_베이직BP.나폴리맛피아.KR1_var5.릴스_맛피아실체2.X_1P__260901_제과_문형민,6,0,95.0,0
2026-08-30,(마스터ASC)[제과_블트하] 26.07_블트깡출시_ASC_전환_video,(마스터ASC)[제과_블트하] 26.07_블트깡출시_ASC_전환_video,[26.09]F_V_BT칩_전환_블트깡출시_쩜오건_나폴리맛피아.KR2_var1.릴스_이태리.슬기.X_1P__260901_제과_피재은,47,2,926.0,1
2026-08-30,[칩] (마스터ASC)[제과_블트하] 26.07_블트칩출시_ASC_전환_video,[칩] (마스터ASC)[제과_블트하] 26.07_블트칩출시_ASC_전환_video,[26.09]F_V_BT깡_전환_블트깡출시_문제공감형_원룸만들기BP.나폴리맛피아.신규_var1.릴스_맛피아권위.X_2P__260901_제과_이봄1,2193,34,54233.0,3
2026-08-31,(마스터ASC)[제과_블트하] 26.07_블트깡출시_ASC_전환_video,(마스터ASC)[제과_블트하] 26.07_블트깡출시_ASC_전환_video,[26.08]F_V_BT칩_전환_블트칩출시_신규BP_아린이네BP.KR1_var1.릴스_공구형.페인포인트.가격.X_2P_최나영_260811_제과_윤성미,6,0,198.0,0
2026-08-31,(ASC) [제과_블트하] 26.08_블트깡출시_ASC_전환_image,(ASC) [제과_블트하] 26.08_블트하출시_ASC_전환_image,[26.08]F_I_BT깡_전환_블트칩출시_혜택강조형_이국주.KR1_.배너_내부상황.대기열실체.__김소희_260819_제과_김수정,14,0,127.0,0
2026-08-31,(마스터ASC)[제과_블트하] 26.07_블트깡출시_ASC_전환_video,(마스터ASC)[제과_블트하] 26.07_블트깡출시_ASC_전환_video,[26.08]F_V_BT칩_전환_블트칩출시_쩜오건_시즈닝강조.이국주.KR1_var5.릴스_블트칩.메인.슬기.X_1P__260820_제과_문형민,7,0,150.0,0
2026-08-31,(마스터ASC) [제과_블트하] 26.09_블트깡출시_ASC_전환_image,(마스터ASC) [제과_블트하] 26.09_블트깡출시_ASC_전환_image,[26.08]F_I_BT깡_전환_블트칩출시_혜택강조형_나폴리맛피아.신규_.배너_브랜디드.맛피아가깎아옴.__김소희_260828_제과_김수정,2,0,76.0,0
2026-08-31,(마스터ASC)[제과_블트하] 26.07_블트깡출시_ASC_전환_video,(마스터ASC)[제과_블트하] 26.07_블트깡출시_ASC_전환_video,[26.09]F_V_BT칩_전환_블트깡출시_쩜오건_나폴리맛피아.KR2_var1.릴스_이태리.슬기.X_1P__260901_제과_피재은,176,2,3765.0,0
2026-08-31,[칩] (마스터ASC)[제과_블트하] 26.07_블트칩출시_ASC_전환_video,[칩] (마스터ASC)[제과_블트하] 26.07_블트칩출시_ASC_전환_video,[26.09]F_V_BT깡_전환_블트깡출시_문제공감형_원룸만들기BP.나폴리맛피아.신규_var1.릴스_맛피아권위.X_2P__260901_제과_이봄1,2083,49,50814.0,1
2026-09-01,(ASC) [제과_블트하] 26.08_블트깡출시_ASC_전환_image,(ASC) [제과_블트하] 26.08_블트하출시_ASC_전환_image,[26.08]F_I_BT칩_전환_블트칩출시_혜택강조형_KR1_.릴스_원가이하판매중.__김소희_260807_제과_박서연,6,0,622.0,0
2026-09-01,(마스터ASC)[제과_블트하] 26.07_블트깡출시_ASC_전환_video,(마스터ASC)[제과_블트하] 26.07_블트깡출시_ASC_전환_video,[26.08]F_V_BT칩_전환_블트칩출시_신규BP_아린이네BP.KR1_var1.릴스_공구형.페인포인트.가격.X_2P_최나영_260811_제과_윤성미,1,0,39.0,0
2026-09-01,[제과_블트하] 26.07_블트깡출시_수동_전환_image_전체타겟,0825_트러플권위_블트칩출시 (KR2),[26.08]F_I_BT깡_전환_블트칩출시_유명인권위형_이국주.KR2_.릴스_주변구매.엄마들모임.__김소희_260813_제과_김수정,1,0,73.0,0
2026-09-01,(마스터ASC)[제과_블트하] 26.07_블트깡출시_ASC_전환_video,(마스터ASC)[제과_블트하] 26.07_블트깡출시_ASC_전환_video,[26.08]F_V_BT칩_전환_블트칩출시_쩜오건_시즈닝강조.이국주.KR1_var5.릴스_블트칩.메인.슬기.X_1P__260820_제과_문형민,16,0,192.0,0
2026-09-01,(마스터ASC)[제과_치즈팝콘] 26.08_치즈팝콘출시_ASC_전환_video_전체타겟,(마스터ASC)[제과_치즈팝콘] 26.08_치즈팝콘출시_ASC_전환_video_전체타겟,[26.08]F_V_PC치_전환_치즈팝콘재입고_네고형_CS전화네고.KR2_var3.릴스_안정형.X_2P_권미정_260824_제과_이미진,5,0,9.0,0
2026-09-01,(ASC) [제과_블트하] 26.08_블트깡출시_ASC_전환_image,(ASC) [제과_블트하] 26.08_블트하출시_ASC_전환_image,[26.08]F_I_BT혼_전환_블트칩출시_혜택강조형_KR1.이탈리아_.배너_트러플잘아는사람들은.__김소희_260826_제과_김수정,778,9,18302.0,2
2026-09-01,(마스터ASC)[제과_블트하] 26.07_블트깡출시_ASC_전환_video,(마스터ASC)[제과_블트하] 26.07_블트깡출시_ASC_전환_video,[26.09]F_V_BT칩_전환_블트깡출시_신규BP_베이직BP.나폴리맛피아.KR1_var5.릴스_맛피아실체2.X_1P__260901_제과_문형민,5,0,62.0,0
2026-09-01,(마스터ASC)[제과_블트하] 26.07_블트깡출시_ASC_전환_video,(마스터ASC)[제과_블트하] 26.07_블트깡출시_ASC_전환_video,[26.09]F_V_BT칩_전환_블트깡출시_쩜오건_나폴리맛피아.KR2_var1.릴스_이태리.슬기.X_1P__260901_제과_피재은,184,1,3955.0,0
2026-08-24,(마스터ASC)[제과_블트하] 26.07_블트깡출시_ASC_전환_video,(마스터ASC)[제과_블트하] 26.07_블트깡출시_ASC_전환_video,[26.07]F_V_BT깡_전환_블트깡출시_쩜오건_대세감실체.KR1_var2.릴스_여배우유튜브.X_1P_김소희_260715_제과_문형민,18,0,336.0,0
2026-08-24,(마스터ASC)[제과_치즈팝콘] 26.08_치즈팝콘출시_ASC_전환_video_전체타겟,(마스터ASC)[제과_치즈팝콘] 26.08_치즈팝콘출시_ASC_전환_video_전체타겟,[26.08]F_V_PC치_전환_치즈팝콘출시_네고형_전화네고형_main.릴스_메인.슬기.X_1P_권미정_260805_제과_피재은,17,1,102.0,1
2026-08-24,(ASC) [제과_블트하] 26.08_블트깡출시_ASC_전환_image,(ASC) [제과_블트하] 26.08_블트하출시_ASC_전환_image,[26.08]F_I_BT깡_전환_블트칩출시_유명인권위형_이국주.KR2_.릴스_주변구매.가족.__김소희_260813_제과_김수정,5,0,69.0,0
2026-08-24,[제과_블트하] 26.07_블트깡출시_수동_전환_image_전체타겟,0818_GFA유효배너_블트칩출시,[26.08]F_I_BT깡_전환_블트칩출시_혜택강조형_GFA베리_.배너_맨날안주타령하는울남편.__최나영_260818_제과_박서연,2,0,45.0,0
2026-08-24,[제과_블트하] 26.07_블트깡출시_수동_전환_video_전체타겟,0821_직원네고형_블트칩출시 (이국주) (KR1),[26.08]F_V_BT칩_전환_블트칩출시_네고형_직원네고형.이국주.KR1_var1.릴스_ver1.시즈닝강조.슬기.X_1P__260821_제과_문형민,69746,1360,1357674.0,89
2026-08-24,[제과_블트하] 26.07_블트깡출시_수동_전환_video_전체타겟,0821_물류대세감_블트칩출시 (이국주) (KR1),[26.08]F_V_BT칩_전환_블트칩출시_혜택희소성_물류대세감.이국주.KR1_var1.릴스_약속.시즈닝강조.슬기.X_1P__260821_제과_문형민,1488,45,26079.0,4
2026-08-24,[제과_블트하] 26.07_블트깡출시_수동_전환_image_전체타겟,0821_유행긴급성_블트칩출시 (KR1/2),[26.08]F_I_BT깡_전환_블트칩출시_혜택강조형_이국주.KR1_.배너_긴급성심리자극.긴급공지.__김소희_260821_제과_김수정,98,1,2418.0,0
2026-08-24,[제과_블트하] 26.07_블트깡출시_수동_전환_video_전체타겟,0821_도리토스BP_블트칩출시 (KR2),[26.08]F_V_BT칩_전환_블트칩출시_신규BP_도리토스BP.이국주.KR2_var4.릴스_BP대로.X_2P_김소희_260821_제과_이봄1,24,0,846.0,0
2026-08-24,[제과_치즈팝콘] 26.08_치즈팝콘출시_수동_전환_image_전체타겟,(0824) 혜택강조형_물림페인포인트_치즈팝콘재입고 (KR2) (서연님),[26.08]F_I_PC치_전환_치즈팝콘재입고_혜택강조형_KR2.물림페포_.배너_급구.맨날손이가는인간사료.__권미정_260824_제과_박서연,16,2,357.0,0
2026-08-25,(마스터ASC)[제과_블트하] 26.07_블트깡출시_ASC_전환_video,(마스터ASC)[제과_블트하] 26.07_블트깡출시_ASC_전환_video,[26.07]F_V_BT깡_전환_블트깡출시_쩜오건_대세감실체.KR1_var2.릴스_여배우유튜브.X_1P_김소희_260715_제과_문형민,3,0,69.0,0
2026-08-25,[제과_블트하] 26.07_블트깡출시_수동_전환_video_전체타겟,0821_직원네고형_블트칩출시 (이국주) (KR1),[26.08]F_V_BT칩_전환_블트칩출시_네고형_직원네고형.이국주.KR1_var1.릴스_ver1.시즈닝강조.슬기.X_1P__260821_제과_문형민,127206,2344,2147335.0,136
2026-08-25,[제과_블트하] 26.07_블트깡출시_수동_전환_video_전체타겟,0821_물류대세감_블트칩출시 (이국주) (KR1),[26.08]F_V_BT칩_전환_블트칩출시_혜택희소성_물류대세감.이국주.KR1_var1.릴스_약속.시즈닝강조.슬기.X_1P__260821_제과_문형민,4998,75,84920.0,4
2026-08-25,[제과_블트하] 26.07_블트깡출시_수동_전환_image_전체타겟,0821_유행긴급성_블트칩출시 (KR1/2),[26.08]F_I_BT깡_전환_블트칩출시_혜택강조형_이국주.KR1_.배너_긴급성심리자극.긴급공지.__김소희_260821_제과_김수정,135,1,2387.0,0
2026-08-25,[제과_블트하] 26.07_블트깡출시_수동_전환_video_전체타겟,0821_도리토스BP_블트칩출시 (KR2),[26.08]F_V_BT칩_전환_블트칩출시_신규BP_도리토스BP.이국주.KR2_var4.릴스_BP대로.X_2P_김소희_260821_제과_이봄1,20,0,386.0,0
2026-08-25,[제과_치즈팝콘] 26.08_치즈팝콘출시_수동_전환_image_전체타겟,(0824) 혜택강조형_물림페인포인트_치즈팝콘재입고 (KR2) (서연님),[26.08]F_I_PC치_전환_치즈팝콘재입고_혜택강조형_KR2.물림페포_.배너_급구.맨날손이가는인간사료.__권미정_260824_제과_박서연,125,2,3411.0,0
2026-08-26,(마스터ASC)[제과_블트하] 26.07_블트깡출시_ASC_전환_video,(마스터ASC)[제과_블트하] 26.07_블트깡출시_ASC_전환_video,[26.07]F_V_BT깡_전환_블트깡출시_쩜오건_대세감실체.KR1_var2.릴스_여배우유튜브.X_1P_김소희_260715_제과_문형민,30,0,439.0,0
2026-08-26,(마스터ASC)[제과_치즈팝콘] 26.08_치즈팝콘출시_ASC_전환_video_전체타겟,(마스터ASC)[제과_치즈팝콘] 26.08_치즈팝콘출시_ASC_전환_video_전체타겟,[26.08]F_V_PC치_전환_치즈팝콘출시_네고형_전화네고형_main.릴스_메인.슬기.X_1P_권미정_260805_제과_피재은,3555,51,42548.0,4
2026-08-26,(ASC) [제과_블트하] 26.08_블트깡출시_ASC_전환_image,(ASC) [제과_블트하] 26.08_블트하출시_ASC_전환_image,[26.08]F_I_BT깡_전환_블트칩출시_유명인권위형_이국주.KR2_.릴스_주변구매.가족.__김소희_260813_제과_김수정,1,0,22.0,0
2026-08-26,[제과_블트하] 26.07_블트깡출시_수동_전환_video_전체타겟,0821_직원네고형_블트칩출시 (이국주) (KR1),[26.08]F_V_BT칩_전환_블트칩출시_네고형_직원네고형.이국주.KR1_var1.릴스_ver1.시즈닝강조.슬기.X_1P__260821_제과_문형민,235047,4152,3580332.0,241
2026-08-26,[제과_블트하] 26.07_블트깡출시_수동_전환_image_전체타겟,0821_유행긴급성_블트칩출시 (KR1/2),[26.08]F_I_BT깡_전환_블트칩출시_혜택강조형_이국주.KR1_.배너_긴급성심리자극.긴급공지.__김소희_260821_제과_김수정,52,0,980.0,0
2026-08-26,[제과_치즈팝콘] 26.08_치즈팝콘출시_수동_전환_image_전체타겟,(0824) 혜택강조형_물림페인포인트_치즈팝콘재입고 (KR2) (서연님),[26.08]F_I_PC치_전환_치즈팝콘재입고_혜택강조형_KR2.물림페포_.배너_급구.맨날손이가는인간사료.__권미정_260824_제과_박서연,14,0,222.0,0
2026-08-26,(ASC) [제과_블트하] 26.08_블트깡출시_ASC_전환_image,(ASC) [제과_블트하] 26.08_블트하출시_ASC_전환_image,[26.08]F_I_BT혼_전환_블트칩출시_혜택강조형_KR1.이탈리아_.배너_제조과정.공장퇴짜.__김소희_260825_제과_김수정,318,3,6145.0,0
2026-08-26,[제과_블트하] 26.07_블트깡출시_수동_전환_image_전체타겟,0825_트러플권위_블트칩출시 (KR2),[26.08]F_I_BT깡_전환_블트칩출시_혜택강조형_KR1.이탈리아_.배너_희소성.미슐랭셰프.__김소희_260825_제과_김수정,19119,333,393216.0,29
2026-08-26,[제과_블트하] 26.07_블트깡출시_수동_전환_image_전체타겟,0826_트러플비교_블트칩출시  (KR2),[26.08]F_I_BT칩_전환_블트칩출시_혜택강조형_KR2.진짜트러플비교_.배너_제작자.원가감수.트러플값만몇십배.__김소희_260826_제과_박서연,3,0,115.0,0
2026-08-27,(마스터ASC)[제과_블트하] 26.07_블트깡출시_ASC_전환_video,(마스터ASC)[제과_블트하] 26.07_블트깡출시_ASC_전환_video,[26.07]F_V_BT깡_전환_블트깡출시_쩜오건_대세감실체.KR1_var2.릴스_여배우유튜브.X_1P_김소희_260715_제과_문형민,6,0,158.0,0
2026-08-27,(마스터ASC)[제과_치즈팝콘] 26.08_치즈팝콘출시_ASC_전환_video_전체타겟,(마스터ASC)[제과_치즈팝콘] 26.08_치즈팝콘출시_ASC_전환_video_전체타겟,[26.08]F_V_PC치_전환_치즈팝콘출시_네고형_전화네고형_main.릴스_메인.슬기.X_1P_권미정_260805_제과_피재은,8973,118,97411.0,8
2026-08-27,(ASC) [제과_블트하] 26.08_블트깡출시_ASC_전환_image,(ASC) [제과_블트하] 26.08_블트하출시_ASC_전환_image,[26.08]F_I_BT깡_전환_블트칩출시_유명인권위형_이국주.KR2_.릴스_주변구매.가족.__김소희_260813_제과_김수정,21,1,767.0,0
2026-08-27,[제과_블트하] 26.07_블트깡출시_수동_전환_video_전체타겟,0821_직원네고형_블트칩출시 (이국주) (KR1),[26.08]F_V_BT칩_전환_블트칩출시_네고형_직원네고형.이국주.KR1_var1.릴스_ver1.시즈닝강조.슬기.X_1P__260821_제과_문형민,166492,2748,2349373.0,158
2026-08-27,[제과_치즈팝콘] 26.08_치즈팝콘출시_수동_전환_image_전체타겟,(0824) 혜택강조형_물림페인포인트_치즈팝콘재입고 (KR2) (서연님),[26.08]F_I_PC치_전환_치즈팝콘재입고_혜택강조형_KR2.물림페포_.배너_급구.맨날손이가는인간사료.__권미정_260824_제과_박서연,2,0,13.0,0
2026-08-27,(ASC) [제과_블트하] 26.08_블트깡출시_ASC_전환_image,(ASC) [제과_블트하] 26.08_블트하출시_ASC_전환_image,[26.08]F_I_BT혼_전환_블트칩출시_혜택강조형_KR1.이탈리아_.배너_제조과정.공장퇴짜.__김소희_260825_제과_김수정,31,0,715.0,0
2026-08-27,[제과_블트하] 26.07_블트깡출시_수동_전환_image_전체타겟,0825_트러플권위_블트칩출시 (KR2),[26.08]F_I_BT깡_전환_블트칩출시_혜택강조형_KR1.이탈리아_.배너_희소성.미슐랭셰프.__김소희_260825_제과_김수정,2593,56,68983.0,3
2026-08-27,[제과_블트하] 26.07_블트깡출시_수동_전환_image_전체타겟,0826_트러플비교_블트칩출시  (KR2),[26.08]F_I_BT칩_전환_블트칩출시_혜택강조형_KR2.진짜트러플비교_.배너_제작자.원가감수.트러플값만몇십배.__김소희_260826_제과_박서연,8982,133,201248.0,16
2026-08-28,(마스터ASC)[제과_치즈팝콘] 26.08_치즈팝콘출시_ASC_전환_video_전체타겟,(마스터ASC)[제과_치즈팝콘] 26.08_치즈팝콘출시_ASC_전환_video_전체타겟,[26.08]F_V_PC치_전환_치즈팝콘출시_네고형_전화네고형_main.릴스_메인.슬기.X_1P_권미정_260805_제과_피재은,10065,127,98454.0,8
2026-08-28,[제과_블트하] 26.07_블트깡출시_수동_전환_video_전체타겟,0821_직원네고형_블트칩출시 (이국주) (KR1),[26.08]F_V_BT칩_전환_블트칩출시_네고형_직원네고형.이국주.KR1_var1.릴스_ver1.시즈닝강조.슬기.X_1P__260821_제과_문형민,39322,706,632276.0,41
2026-08-28,(ASC) [제과_블트하] 26.08_블트깡출시_ASC_전환_image,(ASC) [제과_블트하] 26.08_블트하출시_ASC_전환_image,[26.08]F_I_BT혼_전환_블트칩출시_혜택강조형_KR1.이탈리아_.배너_제조과정.공장퇴짜.__김소희_260825_제과_김수정,13,0,252.0,0
2026-08-28,[제과_블트하] 26.07_블트깡출시_수동_전환_image_전체타겟,0826_트러플비교_블트칩출시  (KR2),[26.08]F_I_BT칩_전환_블트칩출시_혜택강조형_KR2.진짜트러플비교_.배너_제작자.원가감수.트러플값만몇십배.__김소희_260826_제과_박서연,1427,24,30817.0,2
2026-08-28,[제과_블트하] 26.07_블트깡출시_수동_전환_image_전체타겟,0901_맛피아디벨롭_블트칩출시  (KR1/2),[26.08]F_I_BT칩_전환_블트칩출시_혜택강조형_나폴리맛피아.KR1_.배너_기존콜라보실체.채팅창.__김소희_260828_제과_김수정,201,6,3468.0,1
2026-08-28,[제과_블트하] 26.07_블트깡출시_수동_전환_video_전체타겟,0828_추성훈BP_블트칩출시 (맛피아) (KR2),[26.09]F_V_BT칩_전환_블트깡출시_쩜오건_나폴리맛피아.KR2_var3.릴스_비하인드.슬기.X_1P__260901_제과_피재은,1154,23,24694.0,1
2026-08-28,[제과_블트하] 26.07_블트깡출시_수동_전환_video_전체타겟,0828_문제공감형_블트칩출시 (신규KR),[26.09]F_V_BT깡_전환_블트깡출시_문제공감형_원룸만들기BP.나폴리맛피아.신규_var2.릴스_취식.X_2P__260901_제과_이봄1,117,2,2543.0,0
2026-08-29,(마스터ASC)[제과_치즈팝콘] 26.08_치즈팝콘출시_ASC_전환_video_전체타겟,(마스터ASC)[제과_치즈팝콘] 26.08_치즈팝콘출시_ASC_전환_video_전체타겟,[26.08]F_V_PC치_전환_치즈팝콘출시_네고형_전화네고형_main.릴스_메인.슬기.X_1P_권미정_260805_제과_피재은,36197,433,346694.0,18
2026-08-29,[제과_블트하] 26.07_블트깡출시_수동_전환_video_전체타겟,0821_직원네고형_블트칩출시 (이국주) (KR1),[26.08]F_V_BT칩_전환_블트칩출시_네고형_직원네고형.이국주.KR1_var1.릴스_ver1.시즈닝강조.슬기.X_1P__260821_제과_문형민,185395,3035,2635920.0,176
2026-08-29,[제과_치즈팝콘] 26.08_치즈팝콘출시_수동_전환_image_전체타겟,(0824) 혜택강조형_물림페인포인트_치즈팝콘재입고 (KR2) (서연님),[26.08]F_I_PC치_전환_치즈팝콘재입고_혜택강조형_KR2.물림페포_.배너_급구.맨날손이가는인간사료.__권미정_260824_제과_박서연,6,0,42.0,0
2026-08-29,(ASC) [제과_블트하] 26.08_블트깡출시_ASC_전환_image,(ASC) [제과_블트하] 26.08_블트하출시_ASC_전환_image,[26.08]F_I_BT혼_전환_블트칩출시_혜택강조형_KR1.이탈리아_.배너_제조과정.공장퇴짜.__김소희_260825_제과_김수정,12,1,213.0,0
2026-08-29,[제과_블트하] 26.07_블트깡출시_수동_전환_image_전체타겟,0825_트러플권위_블트칩출시 (KR2),[26.08]F_I_BT깡_전환_블트칩출시_혜택강조형_KR1.이탈리아_.배너_희소성.미슐랭셰프.__김소희_260825_제과_김수정,10920,212,335812.0,25
2026-08-29,[제과_블트하] 26.07_블트깡출시_수동_전환_image_전체타겟,0901_맛피아디벨롭_블트칩출시  (KR1/2),[26.08]F_I_BT칩_전환_블트칩출시_혜택강조형_나폴리맛피아.KR1_.배너_기존콜라보실체.채팅창.__김소희_260828_제과_김수정,781,4,18998.0,1
2026-08-29,[제과_블트하] 26.07_블트깡출시_수동_전환_video_전체타겟,0828_추성훈BP_블트칩출시 (맛피아) (KR2),[26.09]F_V_BT칩_전환_블트깡출시_쩜오건_나폴리맛피아.KR2_var3.릴스_비하인드.슬기.X_1P__260901_제과_피재은,151,6,3165.0,0
2026-08-29,[제과_블트하] 26.07_블트깡출시_수동_전환_video_전체타겟,0828_문제공감형_블트칩출시 (신규KR),[26.09]F_V_BT깡_전환_블트깡출시_문제공감형_원룸만들기BP.나폴리맛피아.신규_var2.릴스_취식.X_2P__260901_제과_이봄1,533,9,16327.0,0
2026-08-29,(마스터ASC) [제과_블트하] 26.09_블트깡출시_ASC_전환_image,(마스터ASC) [제과_블트하] 26.09_블트깡출시_ASC_전환_image,[26.08]F_I_BT칩_전환_블트칩출시_혜택강조형_나폴리맛피아.KR1_.배너_손해감수.맛피아도놀란.__김소희_260828_제과_김수정,84,2,3078.0,0
2026-08-30,(마스터ASC)[제과_치즈팝콘] 26.08_치즈팝콘출시_ASC_전환_video_전체타겟,(마스터ASC)[제과_치즈팝콘] 26.08_치즈팝콘출시_ASC_전환_video_전체타겟,[26.08]F_V_PC치_전환_치즈팝콘출시_네고형_전화네고형_main.릴스_메인.슬기.X_1P_권미정_260805_제과_피재은,26561,395,296527.0,19
2026-08-30,[제과_블트하] 26.07_블트깡출시_수동_전환_video_전체타겟,0821_직원네고형_블트칩출시 (이국주) (KR1),[26.08]F_V_BT칩_전환_블트칩출시_네고형_직원네고형.이국주.KR1_var1.릴스_ver1.시즈닝강조.슬기.X_1P__260821_제과_문형민,31887,609,545638.0,37
2026-08-30,[제과_블트하] 26.07_블트깡출시_수동_전환_image_전체타겟,0825_트러플권위_블트칩출시 (KR2),[26.08]F_I_BT깡_전환_블트칩출시_혜택강조형_KR1.이탈리아_.배너_희소성.미슐랭셰프.__김소희_260825_제과_김수정,4228,101,136315.0,11
2026-08-30,(마스터ASC) [제과_블트하] 26.09_블트깡출시_ASC_전환_image,(마스터ASC) [제과_블트하] 26.09_블트깡출시_ASC_전환_image,[26.08]F_I_BT칩_전환_블트칩출시_혜택강조형_나폴리맛피아.KR1_.배너_손해감수.맛피아도놀란.__김소희_260828_제과_김수정,23,0,760.0,0
2026-08-31,(마스터ASC)[제과_블트하] 26.07_블트깡출시_ASC_전환_video,(마스터ASC)[제과_블트하] 26.07_블트깡출시_ASC_전환_video,[26.07]F_V_BT깡_전환_블트깡출시_쩜오건_대세감실체.KR1_var2.릴스_여배우유튜브.X_1P_김소희_260715_제과_문형민,103,1,1536.0,0
2026-08-31,(마스터ASC)[제과_치즈팝콘] 26.08_치즈팝콘출시_ASC_전환_video_전체타겟,(마스터ASC)[제과_치즈팝콘] 26.08_치즈팝콘출시_ASC_전환_video_전체타겟,[26.08]F_V_PC치_전환_치즈팝콘출시_네고형_전화네고형_main.릴스_메인.슬기.X_1P_권미정_260805_제과_피재은,11500,155,130237.0,10
2026-08-31,[제과_블트하] 26.07_블트깡출시_수동_전환_video_전체타겟,0821_직원네고형_블트칩출시 (이국주) (KR1),[26.08]F_V_BT칩_전환_블트칩출시_네고형_직원네고형.이국주.KR1_var1.릴스_ver1.시즈닝강조.슬기.X_1P__260821_제과_문형민,28533,476,397838.0,28
2026-08-31,[제과_블트하] 26.07_블트깡출시_수동_전환_image_전체타겟,0825_트러플권위_블트칩출시 (KR2),[26.08]F_I_BT깡_전환_블트칩출시_혜택강조형_KR1.이탈리아_.배너_희소성.미슐랭셰프.__김소희_260825_제과_김수정,5774,132,168705.0,10
2026-08-31,(마스터ASC) [제과_블트하] 26.09_블트깡출시_ASC_전환_image,(마스터ASC) [제과_블트하] 26.09_블트깡출시_ASC_전환_image,[26.08]F_I_BT칩_전환_블트칩출시_혜택강조형_나폴리맛피아.KR1_.배너_손해감수.맛피아도놀란.__김소희_260828_제과_김수정,5,0,114.0,0
2026-09-01,(마스터ASC)[제과_블트하] 26.07_블트깡출시_ASC_전환_video,(마스터ASC)[제과_블트하] 26.07_블트깡출시_ASC_전환_video,[26.07]F_V_BT깡_전환_블트깡출시_쩜오건_대세감실체.KR1_var2.릴스_여배우유튜브.X_1P_김소희_260715_제과_문형민,25,0,746.0,0
2026-09-01,(마스터ASC)[제과_치즈팝콘] 26.08_치즈팝콘출시_ASC_전환_video_전체타겟,(마스터ASC)[제과_치즈팝콘] 26.08_치즈팝콘출시_ASC_전환_video_전체타겟,[26.08]F_V_PC치_전환_치즈팝콘출시_네고형_전화네고형_main.릴스_메인.슬기.X_1P_권미정_260805_제과_피재은,3119,47,37274.0,2
2026-09-01,(ASC) [제과_블트하] 26.08_블트깡출시_ASC_전환_image,(ASC) [제과_블트하] 26.08_블트하출시_ASC_전환_image,[26.08]F_I_BT깡_전환_블트칩출시_유명인권위형_이국주.KR2_.릴스_주변구매.가족.__김소희_260813_제과_김수정,23,0,1410.0,0
2026-09-01,[제과_블트하] 26.07_블트깡출시_수동_전환_video_전체타겟,0821_직원네고형_블트칩출시 (이국주) (KR1),[26.08]F_V_BT칩_전환_블트칩출시_네고형_직원네고형.이국주.KR1_var1.릴스_ver1.시즈닝강조.슬기.X_1P__260821_제과_문형민,176941,2711,2836569.0,189
2026-09-01,[제과_치즈팝콘] 26.08_치즈팝콘출시_수동_전환_image_전체타겟,(0824) 혜택강조형_물림페인포인트_치즈팝콘재입고 (KR2) (서연님),[26.08]F_I_PC치_전환_치즈팝콘재입고_혜택강조형_KR2.물림페포_.배너_급구.맨날손이가는인간사료.__권미정_260824_제과_박서연,1,0,5.0,0
2026-09-01,(ASC) [제과_블트하] 26.08_블트깡출시_ASC_전환_image,(ASC) [제과_블트하] 26.08_블트하출시_ASC_전환_image,[26.08]F_I_BT혼_전환_블트칩출시_혜택강조형_KR1.이탈리아_.배너_제조과정.공장퇴짜.__김소희_260825_제과_김수정,2467,15,39986.0,2
2026-09-01,[제과_블트하] 26.07_블트깡출시_수동_전환_image_전체타겟,0825_트러플권위_블트칩출시 (KR2),[26.08]F_I_BT깡_전환_블트칩출시_혜택강조형_KR1.이탈리아_.배너_희소성.미슐랭셰프.__김소희_260825_제과_김수정,4319,89,137123.0,8
2026-09-01,(고효율 재러닝)[제과_블트하] 26.08_블트깡출시_ASC_전환_image/video_8M1W,(고효율 재러닝)[제과_블트하] 26.08_블트깡출시_ASC_전환_image/video_8M1W,[26.08]F_V_BT칩_전환_블트칩출시_제조과정형_제조과정형.이국주.KR2_main.릴스_메인.X_1P__260821_제과_피재은,2,0,21.0,0
2026-09-01,(고효율 재러닝)[제과_블트하] 26.08_블트깡출시_ASC_전환_image/video_8M1W,(고효율 재러닝)[제과_블트하] 26.08_블트깡출시_ASC_전환_image/video_8M1W,[26.08]F_V_BT깡_전환_블트깡출시_쩜오건_이국주.KR1_main.릴스_초코송이BP.(재)_1P_최나영_260814_제과_문형민,616,9,8557.0,1
2026-08-24,(ASC) [제과_블트하] 26.07_블트칩출시_ASC_전환_image,(ASC)[제과_블트하] 26.07_블트칩출시_ASC_전환_image,[26.07]F_I_BT깡_전환_블트깡출시_바이럴형_KR1_.피드_남편인정.회사.확장__김소희_260727_제과_김수정,901,13,24870.0,3
2026-08-24,(ASC) [제과_블트하] 26.07_블트칩출시_ASC_전환_image,(ASC)[제과_블트하] 26.07_블트칩출시_ASC_전환_image,[26.07]F_I_BT혼_전환_블트칩출시_혜택강조형_KR1_.배너_공지문.아이들간식.__김소희_260803_제과_김수정,197,6,4595.0,2
2026-08-24,(마스터ASC)[제과_블트하] 26.07_블트깡출시_ASC_전환_video,(마스터ASC)[제과_블트하] 26.07_블트깡출시_ASC_전환_video,[26.08]F_V_BT칩_전환_블트칩출시_신규BP_인덕션BP.KR1_var2.릴스_돈안아까움.X_1P_김소희_260807_제과_이봄1,5,1,155.0,0
2026-08-24,(ASC) [제과_블트하] 26.08_블트깡출시_ASC_전환_image,(ASC) [제과_블트하] 26.08_블트하출시_ASC_전환_image,[26.08]F_I_BT깡_전환_블트칩출시_유명인권위형_이국주.KR1_.릴스_희소성.유명인보이스.__김소희_260813_제과_김수정,172,2,6130.0,0
2026-08-24,[제과_콘스프맛 팝콘] 26.05_콘스프맛팝콘출시_수동_전환_video,공구네고형(다이어터 입터짐.페인포인트)_0814,[26.08]F_V_PC혼_전환_상시_네고형_공구네고형_var2.릴스_입터짐페인포인트.X_1P_권미정_260814_제과_강경연,21389,195,243436.0,15
2026-08-24,[제과_블트하] 26.07_블트깡출시_수동_전환_video_전체타겟,0814_고효율재편집_블트깡출시,[26.08]F_V_BT깡_전환_블트깡출시_쩜오건_이국주.KR1_main.릴스_초코송이BP.(재)_1P_최나영_260814_제과_문형민,1918,24,39191.0,2
2026-08-24,[제과_블트하] 26.07_블트깡출시_수동_전환_image_전체타겟,0818_GFA유효배너_블트칩출시,[26.08]F_I_BT깡_전환_블트칩출시_혜택강조형_GFA베리_.배너_드라마볼때한봉지뚝딱.__최나영_260818_제과_박서연,524,4,16246.0,0
2026-08-24,(마스터ASC)[제과_블트하] 26.07_블트깡출시_ASC_전환_video,(마스터ASC)[제과_블트하] 26.07_블트깡출시_ASC_전환_video,[26.08]F_V_BT깡_전환_블트깡출시_쩜오건_시즈닝강조.이국주.KR1_main.릴스_블트깡.메인.슬기.X_1P__260820_제과_문형민,1,0,15.0,0
2026-08-24,[제과_치즈팝콘] 26.08_치즈팝콘출시_수동_전환_video_전체타겟,(0824) 열두달식탁BP_치즈팝콘재입고 (KR1) (성미님),[26.08]F_V_PC치_전환_치즈팝콘재입고_신규BP_열두달식탁BP.KR1_main.릴스_메인.X_2P_권미정_260824_제과_윤성미,1597,24,21874.0,2
2026-08-25,(ASC) [제과_블트하] 26.07_블트칩출시_ASC_전환_image,(ASC)[제과_블트하] 26.07_블트칩출시_ASC_전환_image,[26.07]F_I_BT깡_전환_블트깡출시_바이럴형_KR1_.피드_남편인정.회사.확장__김소희_260727_제과_김수정,191,4,5462.0,0
2026-08-25,(ASC) [제과_블트하] 26.07_블트칩출시_ASC_전환_image,(ASC)[제과_블트하] 26.07_블트칩출시_ASC_전환_image,[26.07]F_I_BT혼_전환_블트칩출시_혜택강조형_KR1_.배너_공지문.아이들간식.__김소희_260803_제과_김수정,115,1,2366.0,1
2026-08-25,(마스터ASC)[제과_치즈팝콘] 26.08_치즈팝콘출시_ASC_전환_video_전체타겟,(마스터ASC)[제과_치즈팝콘] 26.08_치즈팝콘출시_ASC_전환_video_전체타겟,[26.08]F_V_PC치_전환_치즈팝콘출시_네고형_네고형_var4.릴스_맛.슬기.X_1P_권미정_260805_제과_피재은,98,4,1191.0,0
2026-08-25,(ASC) [제과_블트하] 26.08_블트깡출시_ASC_전환_image,(ASC) [제과_블트하] 26.08_블트하출시_ASC_전환_image,[26.08]F_I_BT칩_전환_블트칩출시_혜택강조형_KR1_.릴스_메세지강조.와인바안주퀄리티.__김소희_260807_제과_김수정,6,0,46.0,0
2026-08-25,(ASC) [제과_블트하] 26.08_블트깡출시_ASC_전환_image,(ASC) [제과_블트하] 26.08_블트하출시_ASC_전환_image,[26.08]F_I_BT깡_전환_블트칩출시_유명인권위형_이국주.KR1_.릴스_희소성.유명인보이스.__김소희_260813_제과_김수정,142,2,4285.0,0
2026-08-25,[제과_콘스프맛 팝콘] 26.05_콘스프맛팝콘출시_수동_전환_video,공구네고형(다이어터 입터짐.페인포인트)_0814,[26.08]F_V_PC혼_전환_상시_네고형_공구네고형_var2.릴스_입터짐페인포인트.X_1P_권미정_260814_제과_강경연,12574,122,149424.0,10
2026-08-25,[제과_블트하] 26.07_블트깡출시_수동_전환_video_전체타겟,0814_고효율재편집_블트깡출시,[26.08]F_V_BT깡_전환_블트깡출시_쩜오건_이국주.KR1_main.릴스_초코송이BP.(재)_1P_최나영_260814_제과_문형민,9810,108,164971.0,11
2026-08-25,[제과_치즈팝콘] 26.08_치즈팝콘출시_수동_전환_video_전체타겟,(0824) 열두달식탁BP_치즈팝콘재입고 (KR1) (성미님),[26.08]F_V_PC치_전환_치즈팝콘재입고_신규BP_열두달식탁BP.KR1_main.릴스_메인.X_2P_권미정_260824_제과_윤성미,8228,76,145987.0,8
2026-08-25,(마스터ASC)[제과_치즈팝콘] 26.08_치즈팝콘출시_ASC_전환_image_전체타겟,(마스터ASC)[제과_치즈팝콘] 26.08_치즈팝콘출시_ASC_전환_image_전체타겟,[26.08]F_I_PC치_전환_치즈팝콘재입고_혜택강조형_KR1.재입고이슈_.배너_또품절되기전에쟁이세요.__권미정_260824_제과_박서연,102,2,1765.0,0
2026-08-26,(ASC) [제과_블트하] 26.07_블트칩출시_ASC_전환_image,(ASC)[제과_블트하] 26.07_블트칩출시_ASC_전환_image,[26.07]F_I_BT깡_전환_블트깡출시_바이럴형_KR1_.피드_남편인정.회사.확장__김소희_260727_제과_김수정,396,4,13095.0,0
2026-08-26,(ASC) [제과_블트하] 26.07_블트칩출시_ASC_전환_image,(ASC)[제과_블트하] 26.07_블트칩출시_ASC_전환_image,[26.07]F_I_BT혼_전환_블트칩출시_혜택강조형_KR1_.배너_공지문.아이들간식.__김소희_260803_제과_김수정,2680,35,52184.0,2
2026-08-26,(마스터ASC)[제과_치즈팝콘] 26.08_치즈팝콘출시_ASC_전환_video_전체타겟,(마스터ASC)[제과_치즈팝콘] 26.08_치즈팝콘출시_ASC_전환_video_전체타겟,[26.08]F_V_PC치_전환_치즈팝콘출시_네고형_네고형_var4.릴스_맛.슬기.X_1P_권미정_260805_제과_피재은,2954,23,30121.0,4
2026-08-26,(마스터ASC)[제과_블트하] 26.07_블트깡출시_ASC_전환_video,(마스터ASC)[제과_블트하] 26.07_블트깡출시_ASC_전환_video,[26.08]F_V_BT칩_전환_블트칩출시_신규BP_인덕션BP.KR1_var2.릴스_돈안아까움.X_1P_김소희_260807_제과_이봄1,1,0,5.0,0
2026-08-26,(ASC) [제과_블트하] 26.08_블트깡출시_ASC_전환_image,(ASC) [제과_블트하] 26.08_블트하출시_ASC_전환_image,[26.08]F_I_BT깡_전환_블트칩출시_유명인권위형_이국주.KR1_.릴스_희소성.유명인보이스.__김소희_260813_제과_김수정,101,2,2164.0,0
2026-08-26,[제과_블트하] 26.07_블트깡출시_수동_전환_video_전체타겟,0814_고효율재편집_블트깡출시,[26.08]F_V_BT깡_전환_블트깡출시_쩜오건_이국주.KR1_main.릴스_초코송이BP.(재)_1P_최나영_260814_제과_문형민,6993,79,95273.0,3
2026-08-26,[제과_치즈팝콘] 26.08_치즈팝콘출시_수동_전환_video_전체타겟,(0824) 열두달식탁BP_치즈팝콘재입고 (KR1) (성미님),[26.08]F_V_PC치_전환_치즈팝콘재입고_신규BP_열두달식탁BP.KR1_main.릴스_메인.X_2P_권미정_260824_제과_윤성미,1005,12,16993.0,1
2026-08-26,(마스터ASC)[제과_치즈팝콘] 26.08_치즈팝콘출시_ASC_전환_image_전체타겟,(마스터ASC)[제과_치즈팝콘] 26.08_치즈팝콘출시_ASC_전환_image_전체타겟,[26.08]F_I_PC치_전환_치즈팝콘재입고_혜택강조형_KR1.재입고이슈_.배너_또품절되기전에쟁이세요.__권미정_260824_제과_박서연,192,4,3529.0,0
2026-08-26,[제과_블트하] 26.07_블트깡출시_수동_전환_image_전체타겟,0825_트러플권위_블트칩출시 (KR2),[26.08]F_I_BT깡_전환_블트칩출시_혜택강조형_KR2.진짜트러플비교_.배너_소비자보이스.스토리형.__김소희_260825_제과_박서연,2689,29,42814.0,2
2026-08-26,[제과_블트하] 26.07_블트깡출시_수동_전환_image_전체타겟,0826_트러플권위_블트칩출시  (KR1),[26.08]F_I_BT깡_전환_블트칩출시_혜택강조형_KR1.이탈리아_.배너_미슐랭에서쓴다는.__김소희_260826_제과_김수정,5,0,78.0,0
2026-08-27,(마스터ASC)[제과_치즈팝콘] 26.08_치즈팝콘출시_ASC_전환_video_전체타겟,(마스터ASC)[제과_치즈팝콘] 26.08_치즈팝콘출시_ASC_전환_video_전체타겟,[26.08]F_V_PC치_전환_치즈팝콘출시_네고형_네고형_var4.릴스_맛.슬기.X_1P_권미정_260805_제과_피재은,1906,16,19872.0,0
2026-08-27,(ASC) [제과_블트하] 26.08_블트깡출시_ASC_전환_image,(ASC) [제과_블트하] 26.08_블트하출시_ASC_전환_image,[26.08]F_I_BT깡_전환_블트칩출시_유명인권위형_이국주.KR1_.릴스_희소성.유명인보이스.__김소희_260813_제과_김수정,59,1,1077.0,0
2026-08-27,[제과_콘스프맛 팝콘] 26.05_콘스프맛팝콘출시_수동_전환_video,공구네고형(다이어터 입터짐.페인포인트)_0814,[26.08]F_V_PC혼_전환_상시_네고형_공구네고형_var2.릴스_입터짐페인포인트.X_1P_권미정_260814_제과_강경연,18018,204,207844.0,16
2026-08-27,(ASC) [제과_블트하] 26.08_블트깡출시_ASC_전환_image,(ASC) [제과_블트하] 26.08_블트하출시_ASC_전환_image,[26.08]F_I_BT깡_전환_블트칩출시_유명인권위형_이국주.KR1_.릴스_국민간식.유행강조.__김소희_260814_제과_김수정,16,0,487.0,0
2026-08-27,[제과_블트하] 26.07_블트깡출시_수동_전환_video_전체타겟,0814_고효율재편집_블트깡출시,[26.08]F_V_BT깡_전환_블트깡출시_쩜오건_이국주.KR1_main.릴스_초코송이BP.(재)_1P_최나영_260814_제과_문형민,18064,137,256935.0,14
2026-08-27,(마스터ASC)[제과_치즈팝콘] 26.08_치즈팝콘출시_ASC_전환_image_전체타겟,(마스터ASC)[제과_치즈팝콘] 26.08_치즈팝콘출시_ASC_전환_image_전체타겟,[26.08]F_I_PC치_전환_치즈팝콘재입고_혜택강조형_KR1.재입고이슈_.배너_또품절되기전에쟁이세요.__권미정_260824_제과_박서연,151,1,2463.0,0
2026-08-27,(ASC) [제과_블트하] 26.08_블트깡출시_ASC_전환_image,(ASC) [제과_블트하] 26.08_블트하출시_ASC_전환_image,[26.08]F_I_BT깡_전환_블트칩출시_혜택강조형_KR1.이탈리아_.배너_희소성.금보다비싼.__김소희_260826_제과_김수정,34,1,706.0,0
2026-08-27,[제과_블트하] 26.07_블트깡출시_수동_전환_image_전체타겟,0826_트러플권위_블트칩출시  (KR1),[26.08]F_I_BT깡_전환_블트칩출시_혜택강조형_KR1.이탈리아_.배너_미슐랭에서쓴다는.__김소희_260826_제과_김수정,253,3,7316.0,0
2026-08-28,(마스터ASC)[제과_치즈팝콘] 26.08_치즈팝콘출시_ASC_전환_video_전체타겟,(마스터ASC)[제과_치즈팝콘] 26.08_치즈팝콘출시_ASC_전환_video_전체타겟,[26.08]F_V_PC치_전환_치즈팝콘출시_네고형_네고형_var4.릴스_맛.슬기.X_1P_권미정_260805_제과_피재은,1450,11,14119.0,0
2026-08-28,(ASC) [제과_블트하] 26.08_블트깡출시_ASC_전환_image,(ASC) [제과_블트하] 26.08_블트하출시_ASC_전환_image,[26.08]F_I_BT칩_전환_블트칩출시_혜택강조형_KR1_.릴스_메세지강조.와인바안주퀄리티.__김소희_260807_제과_김수정,19,0,215.0,0
2026-08-28,(ASC) [제과_블트하] 26.08_블트깡출시_ASC_전환_image,(ASC) [제과_블트하] 26.08_블트하출시_ASC_전환_image,[26.08]F_I_BT깡_전환_블트칩출시_유명인권위형_이국주.KR1_.릴스_희소성.유명인보이스.__김소희_260813_제과_김수정,3,0,59.0,0
2026-08-28,[제과_콘스프맛 팝콘] 26.05_콘스프맛팝콘출시_수동_전환_video,공구네고형(다이어터 입터짐.페인포인트)_0814,[26.08]F_V_PC혼_전환_상시_네고형_공구네고형_var2.릴스_입터짐페인포인트.X_1P_권미정_260814_제과_강경연,36436,402,439767.0,40
2026-08-28,[제과_블트하] 26.07_블트깡출시_수동_전환_video_전체타겟,0814_고효율재편집_블트깡출시,[26.08]F_V_BT깡_전환_블트깡출시_쩜오건_이국주.KR1_main.릴스_초코송이BP.(재)_1P_최나영_260814_제과_문형민,12269,122,162976.0,9
2026-08-28,[제과_치즈팝콘] 26.08_치즈팝콘출시_수동_전환_video_전체타겟,(0824) 열두달식탁BP_치즈팝콘재입고 (KR1) (성미님),[26.08]F_V_PC치_전환_치즈팝콘재입고_신규BP_열두달식탁BP.KR1_main.릴스_메인.X_2P_권미정_260824_제과_윤성미,11398,131,193217.0,7
2026-08-28,(마스터ASC)[제과_치즈팝콘] 26.08_치즈팝콘출시_ASC_전환_image_전체타겟,(마스터ASC)[제과_치즈팝콘] 26.08_치즈팝콘출시_ASC_전환_image_전체타겟,[26.08]F_I_PC치_전환_치즈팝콘재입고_혜택강조형_KR1.재입고이슈_.배너_또품절되기전에쟁이세요.__권미정_260824_제과_박서연,56,0,929.0,0
2026-08-28,(ASC) [제과_블트하] 26.08_블트깡출시_ASC_전환_image,(ASC) [제과_블트하] 26.08_블트하출시_ASC_전환_image,[26.08]F_I_BT깡_전환_블트칩출시_혜택강조형_KR1.이탈리아_.배너_희소성.금보다비싼.__김소희_260826_제과_김수정,16,0,283.0,0
2026-08-28,[제과_블트하] 26.07_블트깡출시_수동_전환_image_전체타겟,0826_트러플권위_블트칩출시  (KR1),[26.08]F_I_BT깡_전환_블트칩출시_혜택강조형_KR1.이탈리아_.배너_미슐랭에서쓴다는.__김소희_260826_제과_김수정,329,4,10652.0,1
2026-08-28,[제과_블트하] 26.07_블트깡출시_수동_전환_image_전체타겟,0828_맛피아100%_블트칩출시 (신규KR),[26.08]F_I_BT혼_전환_블트칩출시_혜택강조형_나폴리맛피아.신규_.배너_브랜디드.트러플하몽칩역대급할인.__김소희_260828_제과_김수정,711,22,17361.0,0
2026-08-29,(마스터ASC)[제과_치즈팝콘] 26.08_치즈팝콘출시_ASC_전환_video_전체타겟,(마스터ASC)[제과_치즈팝콘] 26.08_치즈팝콘출시_ASC_전환_video_전체타겟,[26.08]F_V_PC치_전환_치즈팝콘출시_네고형_네고형_var4.릴스_맛.슬기.X_1P_권미정_260805_제과_피재은,7535,39,62727.0,3
2026-08-29,(ASC) [제과_블트하] 26.08_블트깡출시_ASC_전환_image,(ASC) [제과_블트하] 26.08_블트하출시_ASC_전환_image,[26.08]F_I_BT깡_전환_블트칩출시_유명인권위형_이국주.KR1_.릴스_희소성.유명인보이스.__김소희_260813_제과_김수정,31,0,426.0,0
2026-08-29,[제과_콘스프맛 팝콘] 26.05_콘스프맛팝콘출시_수동_전환_video,공구네고형(다이어터 입터짐.페인포인트)_0814,[26.08]F_V_PC혼_전환_상시_네고형_공구네고형_var2.릴스_입터짐페인포인트.X_1P_권미정_260814_제과_강경연,33150,397,424221.0,30
2026-08-29,[제과_블트하] 26.07_블트깡출시_수동_전환_video_전체타겟,0814_고효율재편집_블트깡출시,[26.08]F_V_BT깡_전환_블트깡출시_쩜오건_이국주.KR1_main.릴스_초코송이BP.(재)_1P_최나영_260814_제과_문형민,54287,531,700538.0,50
2026-08-29,[제과_치즈팝콘] 26.08_치즈팝콘출시_수동_전환_video_전체타겟,(0824) 열두달식탁BP_치즈팝콘재입고 (KR1) (성미님),[26.08]F_V_PC치_전환_치즈팝콘재입고_신규BP_열두달식탁BP.KR1_main.릴스_메인.X_2P_권미정_260824_제과_윤성미,10553,107,193780.0,8
2026-08-29,(마스터ASC)[제과_치즈팝콘] 26.08_치즈팝콘출시_ASC_전환_image_전체타겟,(마스터ASC)[제과_치즈팝콘] 26.08_치즈팝콘출시_ASC_전환_image_전체타겟,[26.08]F_I_PC치_전환_치즈팝콘재입고_혜택강조형_KR1.재입고이슈_.배너_또품절되기전에쟁이세요.__권미정_260824_제과_박서연,7,0,119.0,0
2026-08-29,(ASC) [제과_블트하] 26.08_블트깡출시_ASC_전환_image,(ASC) [제과_블트하] 26.08_블트하출시_ASC_전환_image,[26.08]F_I_BT깡_전환_블트칩출시_혜택강조형_KR1.이탈리아_.배너_희소성.금보다비싼.__김소희_260826_제과_김수정,45,0,1684.0,0
2026-08-29,[제과_블트하] 26.07_블트깡출시_수동_전환_image_전체타겟,0826_트러플권위_블트칩출시  (KR1),[26.08]F_I_BT깡_전환_블트칩출시_혜택강조형_KR1.이탈리아_.배너_미슐랭에서쓴다는.__김소희_260826_제과_김수정,410,9,16129.0,0
2026-08-30,(마스터ASC)[제과_치즈팝콘] 26.08_치즈팝콘출시_ASC_전환_video_전체타겟,(마스터ASC)[제과_치즈팝콘] 26.08_치즈팝콘출시_ASC_전환_video_전체타겟,[26.08]F_V_PC치_전환_치즈팝콘출시_네고형_네고형_var4.릴스_맛.슬기.X_1P_권미정_260805_제과_피재은,13820,99,112339.0,6
2026-08-30,[제과_콘스프맛 팝콘] 26.05_콘스프맛팝콘출시_수동_전환_video,공구네고형(다이어터 입터짐.페인포인트)_0814,[26.08]F_V_PC혼_전환_상시_네고형_공구네고형_var2.릴스_입터짐페인포인트.X_1P_권미정_260814_제과_강경연,35908,396,544033.0,25
2026-08-30,[제과_블트하] 26.07_블트깡출시_수동_전환_video_전체타겟,0814_고효율재편집_블트깡출시,[26.08]F_V_BT깡_전환_블트깡출시_쩜오건_이국주.KR1_main.릴스_초코송이BP.(재)_1P_최나영_260814_제과_문형민,17671,171,247487.0,13
2026-08-30,(ASC) [제과_블트하] 26.08_블트깡출시_ASC_전환_image,(ASC) [제과_블트하] 26.08_블트하출시_ASC_전환_image,[26.08]F_I_BT깡_전환_블트칩출시_혜택강조형_KR1.이탈리아_.배너_희소성.금보다비싼.__김소희_260826_제과_김수정,6,0,75.0,0
2026-08-31,(마스터ASC)[제과_블트하] 26.07_블트깡출시_ASC_전환_video,(마스터ASC)[제과_블트하] 26.07_블트깡출시_ASC_전환_video,[26.08]F_V_BT칩_전환_블트칩출시_신규BP_인덕션BP.KR1_var2.릴스_돈안아까움.X_1P_김소희_260807_제과_이봄1,1,0,7.0,0
2026-08-31,(ASC) [제과_블트하] 26.08_블트깡출시_ASC_전환_image,(ASC) [제과_블트하] 26.08_블트하출시_ASC_전환_image,[26.08]F_I_BT칩_전환_블트칩출시_혜택강조형_KR1_.릴스_메세지강조.와인바안주퀄리티.__김소희_260807_제과_김수정,134,2,2596.0,0
2026-08-31,[제과_콘스프맛 팝콘] 26.05_콘스프맛팝콘출시_수동_전환_video,공구네고형(다이어터 입터짐.페인포인트)_0814,[26.08]F_V_PC혼_전환_상시_네고형_공구네고형_var2.릴스_입터짐페인포인트.X_1P_권미정_260814_제과_강경연,4610,44,58101.0,8
2026-08-31,[제과_블트하] 26.07_블트깡출시_수동_전환_video_전체타겟,0814_고효율재편집_블트깡출시,[26.08]F_V_BT깡_전환_블트깡출시_쩜오건_이국주.KR1_main.릴스_초코송이BP.(재)_1P_최나영_260814_제과_문형민,4382,44,55653.0,3
2026-08-31,(마스터ASC)[제과_블트하] 26.07_블트깡출시_ASC_전환_video,(마스터ASC)[제과_블트하] 26.07_블트깡출시_ASC_전환_video,[26.08]F_V_BT깡_전환_블트깡출시_쩜오건_시즈닝강조.이국주.KR1_main.릴스_블트깡.메인.슬기.X_1P__260820_제과_문형민,14,0,223.0,0
2026-08-31,[제과_치즈팝콘] 26.08_치즈팝콘출시_수동_전환_video_전체타겟,(0824) 열두달식탁BP_치즈팝콘재입고 (KR1) (성미님),[26.08]F_V_PC치_전환_치즈팝콘재입고_신규BP_열두달식탁BP.KR1_main.릴스_메인.X_2P_권미정_260824_제과_윤성미,4713,41,91346.0,7
2026-08-31,(ASC) [제과_블트하] 26.08_블트깡출시_ASC_전환_image,(ASC) [제과_블트하] 26.08_블트하출시_ASC_전환_image,[26.08]F_I_BT깡_전환_블트칩출시_혜택강조형_KR1.이탈리아_.배너_희소성.금보다비싼.__김소희_260826_제과_김수정,90,1,1744.0,0
2026-09-01,(ASC) [제과_블트하] 26.08_블트깡출시_ASC_전환_image,(ASC) [제과_블트하] 26.08_블트하출시_ASC_전환_image,[26.08]F_I_BT칩_전환_블트칩출시_혜택강조형_KR1_.릴스_메세지강조.와인바안주퀄리티.__김소희_260807_제과_김수정,311,3,5916.0,0
2026-09-01,(ASC) [제과_블트하] 26.08_블트깡출시_ASC_전환_image,(ASC) [제과_블트하] 26.08_블트하출시_ASC_전환_image,[26.08]F_I_BT깡_전환_블트칩출시_유명인권위형_이국주.KR1_.릴스_희소성.유명인보이스.__김소희_260813_제과_김수정,9,0,192.0,0
2026-09-01,[제과_콘스프맛 팝콘] 26.05_콘스프맛팝콘출시_수동_전환_video,공구네고형(다이어터 입터짐.페인포인트)_0814,[26.08]F_V_PC혼_전환_상시_네고형_공구네고형_var2.릴스_입터짐페인포인트.X_1P_권미정_260814_제과_강경연,5123,54,67399.0,2
2026-09-01,(ASC) [제과_블트하] 26.08_블트깡출시_ASC_전환_image,(ASC) [제과_블트하] 26.08_블트하출시_ASC_전환_image,[26.08]F_I_BT깡_전환_블트칩출시_유명인권위형_이국주.KR1_.릴스_국민간식.유행강조.__김소희_260814_제과_김수정,9,0,254.0,0
2026-09-01,[제과_블트하] 26.07_블트깡출시_수동_전환_video_전체타겟,0814_고효율재편집_블트깡출시,[26.08]F_V_BT깡_전환_블트깡출시_쩜오건_이국주.KR1_main.릴스_초코송이BP.(재)_1P_최나영_260814_제과_문형민,1336,14,20336.0,0
2026-09-01,[제과_치즈팝콘] 26.08_치즈팝콘출시_수동_전환_video_전체타겟,(0824) 열두달식탁BP_치즈팝콘재입고 (KR1) (성미님),[26.08]F_V_PC치_전환_치즈팝콘재입고_신규BP_열두달식탁BP.KR1_main.릴스_메인.X_2P_권미정_260824_제과_윤성미,4548,52,86672.0,7
2026-09-01,(ASC) [제과_블트하] 26.08_블트깡출시_ASC_전환_image,(ASC) [제과_블트하] 26.08_블트하출시_ASC_전환_image,[26.08]F_I_BT깡_전환_블트칩출시_혜택강조형_KR1.이탈리아_.배너_희소성.금보다비싼.__김소희_260826_제과_김수정,1045,13,21641.0,1
2026-09-01,[제과_블트하] 26.07_블트깡출시_수동_전환_video_전체타겟,0828_백정BP_블트칩출시 (맛피아) (KR2),[26.09]F_V_BT칩_전환_블트칩출시_기타_백정BP.나폴리맛피아.KR2_var2.릴스_추가.(재).X_1P__260901_제과_피재은,110,2,2239.0,0
2026-08-24,(ASC) [제과_블트하] 26.07_블트칩출시_ASC_전환_image,(ASC)[제과_블트하] 26.07_블트칩출시_ASC_전환_image,[26.07]F_I_BT혼_전환_블트칩출시_혜택강조형_KR1_.피드_남편.맥주안주.확장__김소희_260727_제과_박지현,29,1,891.0,0
2026-08-24,(ASC) [제과_블트하] 26.07_블트칩출시_ASC_전환_image,(ASC)[제과_블트하] 26.07_블트칩출시_ASC_전환_image,[26.07]F_I_BT깡_전환_블트칩출시_혜택강조형_KR1_.피드_고급진감칠맛폭발.__김소희_260728_제과_김수정,1,0,1.0,0
2026-08-24,(마스터ASC)[제과_블트하] 26.07_블트깡출시_ASC_전환_video,(마스터ASC)[제과_블트하] 26.07_블트깡출시_ASC_전환_video,[26.08]F_V_BT칩_전환_블트칩출시_신규BP_아린이네BP.KR1_var2.릴스_공구형.페인포인트.고구성.X_2P_최나영_260811_제과_윤성미,238,5,7467.0,3
2026-08-24,(ASC) [제과_블트하] 26.08_블트깡출시_ASC_전환_image,(ASC) [제과_블트하] 26.08_블트하출시_ASC_전환_image,[26.08]F_I_BT깡_전환_블트칩출시_유명인권위형_이국주.KR1_.릴스_알고리즘평정.유행강조.__김소희_260814_제과_김수정,80,1,2055.0,0
2026-08-24,[칩] (마스터ASC)[제과_블트하] 26.07_블트칩출시_ASC_전환_video,[칩] (마스터ASC)[제과_블트하] 26.07_블트칩출시_ASC_전환_video,[26.08]F_V_BT혼_전환_블트깡출시_신규BP_오프아워BP.이국주.KR1_var1.릴스_타사비교.X_2P_김소희_260814_제과_이미진,176,3,6773.0,0
2026-08-24,(ASC) [제과_블트하] 26.08_블트깡출시_ASC_전환_image,(ASC) [제과_블트하] 26.08_블트하출시_ASC_전환_image,[26.08]F_I_BT깡_전환_블트칩출시_혜택강조형_GFA베리_.배너_딱한봉지만먹을자신이없어요.__최나영_260818_제과_박서연,2,0,4.0,0
2026-08-24,[제과_블트하] 26.07_블트깡출시_수동_전환_image_전체타겟,0819_유행실체이국주_블트칩출시  (KR1/2),[26.08]F_I_BT칩_전환_블트칩출시_혜택강조형_이국주.KR2_.배너_권위보이스.뉴스.__김소희_260819_제과_김수정,166,3,7556.0,0
2026-08-24,(ASC) [제과_블트하] 26.08_블트깡출시_ASC_전환_image,(ASC) [제과_블트하] 26.08_블트하출시_ASC_전환_image,[26.08]F_I_BT칩_전환_블트칩출시_혜택강조형_이국주.KR1_.배너_비싼원재료강조.이태리산트러플썼다던데.__김소희_260820_제과_김수정,189,2,2325.0,0
2026-08-24,(마스터ASC)[제과_치즈팝콘] 26.08_치즈팝콘출시_ASC_전환_video_전체타겟,(마스터ASC)[제과_치즈팝콘] 26.08_치즈팝콘출시_ASC_전환_video_전체타겟,[26.08]F_V_PC치_전환_치즈팝콘재입고_네고형_CS전화네고.KR2_var2.릴스_타사비교.X_2P_권미정_260824_제과_이미진,256,8,4587.0,2
2026-08-25,(ASC) [제과_블트하] 26.07_블트칩출시_ASC_전환_image,(ASC)[제과_블트하] 26.07_블트칩출시_ASC_전환_image,[26.07]F_I_BT혼_전환_블트칩출시_혜택강조형_KR1_.피드_남편.맥주안주.확장__김소희_260727_제과_박지현,32,0,638.0,0
2026-08-25,(ASC) [제과_블트하] 26.07_블트칩출시_ASC_전환_image,(ASC)[제과_블트하] 26.07_블트칩출시_ASC_전환_image,[26.07]F_I_BT깡_전환_블트칩출시_혜택강조형_KR1_.피드_우리가족잘산템.__김소희_260728_제과_김수정,1,0,9.0,0
2026-08-25,(마스터ASC)[제과_블트하] 26.07_블트깡출시_ASC_전환_video,(마스터ASC)[제과_블트하] 26.07_블트깡출시_ASC_전환_video,[26.08]F_V_BT칩_전환_블트칩출시_신규BP_아린이네BP.KR1_var2.릴스_공구형.페인포인트.고구성.X_2P_최나영_260811_제과_윤성미,41,0,1370.0,0
2026-08-25,(ASC) [제과_블트하] 26.08_블트깡출시_ASC_전환_image,(ASC) [제과_블트하] 26.08_블트하출시_ASC_전환_image,[26.08]F_I_BT깡_전환_블트칩출시_유명인권위형_이국주.KR1_.릴스_혜택강조.희소성.__김소희_260813_제과_김수정,5,0,195.0,0
2026-08-25,(ASC) [제과_블트하] 26.08_블트깡출시_ASC_전환_image,(ASC) [제과_블트하] 26.08_블트하출시_ASC_전환_image,[26.08]F_I_BT깡_전환_블트칩출시_유명인권위형_이국주.KR1_.릴스_알고리즘평정.유행강조.__김소희_260814_제과_김수정,21,0,429.0,0
2026-08-25,[칩] (마스터ASC)[제과_블트하] 26.07_블트칩출시_ASC_전환_video,[칩] (마스터ASC)[제과_블트하] 26.07_블트칩출시_ASC_전환_video,[26.08]F_V_BT혼_전환_블트깡출시_신규BP_오프아워BP.이국주.KR1_var1.릴스_타사비교.X_2P_김소희_260814_제과_이미진,328,7,11701.0,1
2026-08-25,(마스터ASC)[제과_블트하] 26.07_블트깡출시_ASC_전환_video,(마스터ASC)[제과_블트하] 26.07_블트깡출시_ASC_전환_video,[26.08]F_V_BT깡_전환_블트깡출시_혜택희소성_유인맨즈BP.이국주.KR1_main.릴스_메인.슬기.X_1P_최나영_260818_제과_피재은,2,0,10.0,0
2026-08-25,(ASC) [제과_블트하] 26.08_블트깡출시_ASC_전환_image,(ASC) [제과_블트하] 26.08_블트하출시_ASC_전환_image,[26.08]F_I_BT칩_전환_블트칩출시_혜택강조형_이국주.KR1_.배너_비싼원재료강조.이태리산트러플썼다던데.__김소희_260820_제과_김수정,186,0,2656.0,0
2026-08-25,(마스터ASC)[제과_치즈팝콘] 26.08_치즈팝콘출시_ASC_전환_video_전체타겟,(마스터ASC)[제과_치즈팝콘] 26.08_치즈팝콘출시_ASC_전환_video_전체타겟,[26.08]F_V_PC치_전환_치즈팝콘재입고_네고형_CS전화네고.KR2_var2.릴스_타사비교.X_2P_권미정_260824_제과_이미진,10,1,85.0,0
2026-08-26,(ASC) [제과_블트하] 26.07_블트칩출시_ASC_전환_image,(ASC)[제과_블트하] 26.07_블트칩출시_ASC_전환_image,[26.07]F_I_BT혼_전환_블트칩출시_혜택강조형_KR1_.피드_남편.맥주안주.확장__김소희_260727_제과_박지현,33,0,1035.0,0
2026-08-26,(ASC) [제과_블트하] 26.07_블트칩출시_ASC_전환_image,(ASC)[제과_블트하] 26.07_블트칩출시_ASC_전환_image,[26.07]F_I_BT깡_전환_블트칩출시_혜택강조형_KR1_.피드_우리가족잘산템.__김소희_260728_제과_김수정,477,4,7341.0,0
2026-08-26,(마스터ASC)[제과_블트하] 26.07_블트깡출시_ASC_전환_video,(마스터ASC)[제과_블트하] 26.07_블트깡출시_ASC_전환_video,[26.08]F_V_BT칩_전환_블트칩출시_신규BP_아린이네BP.KR1_var2.릴스_공구형.페인포인트.고구성.X_2P_최나영_260811_제과_윤성미,69,2,1874.0,0
2026-08-26,(ASC) [제과_블트하] 26.08_블트깡출시_ASC_전환_image,(ASC) [제과_블트하] 26.08_블트하출시_ASC_전환_image,[26.08]F_I_BT깡_전환_블트칩출시_유명인권위형_이국주.KR1_.릴스_혜택강조.희소성.__김소희_260813_제과_김수정,10,0,146.0,0
2026-08-26,(ASC) [제과_블트하] 26.08_블트깡출시_ASC_전환_image,(ASC) [제과_블트하] 26.08_블트하출시_ASC_전환_image,[26.08]F_I_BT깡_전환_블트칩출시_유명인권위형_이국주.KR1_.릴스_알고리즘평정.유행강조.__김소희_260814_제과_김수정,1,0,28.0,0
2026-08-26,[칩] (마스터ASC)[제과_블트하] 26.07_블트칩출시_ASC_전환_video,[칩] (마스터ASC)[제과_블트하] 26.07_블트칩출시_ASC_전환_video,[26.08]F_V_BT혼_전환_블트깡출시_신규BP_오프아워BP.이국주.KR1_var1.릴스_타사비교.X_2P_김소희_260814_제과_이미진,1832,43,66294.0,3
2026-08-26,(ASC) [제과_블트하] 26.08_블트깡출시_ASC_전환_image,(ASC) [제과_블트하] 26.08_블트하출시_ASC_전환_image,[26.08]F_I_BT칩_전환_블트칩출시_혜택강조형_이국주.KR1_.배너_비싼원재료강조.이태리산트러플썼다던데.__김소희_260820_제과_김수정,749,5,9997.0,0
2026-08-26,[칩] (마스터ASC)[제과_블트하] 26.07_블트칩출시_ASC_전환_video,[칩] (마스터ASC)[제과_블트하] 26.07_블트칩출시_ASC_전환_video,[26.08]F_V_BT칩_전환_블트칩출시_신규BP_도리토스BP.이국주.KR2_var2.릴스_이국주.X_2P_김소희_260821_제과_이봄1,2,0,22.0,0
2026-08-26,(마스터ASC)[제과_치즈팝콘] 26.08_치즈팝콘출시_ASC_전환_video_전체타겟,(마스터ASC)[제과_치즈팝콘] 26.08_치즈팝콘출시_ASC_전환_video_전체타겟,[26.08]F_V_PC치_전환_치즈팝콘재입고_네고형_CS전화네고.KR2_var2.릴스_타사비교.X_2P_권미정_260824_제과_이미진,14,0,213.0,0
2026-08-26,(ASC) [제과_블트하] 26.08_블트깡출시_ASC_전환_image,(ASC) [제과_블트하] 26.08_블트하출시_ASC_전환_image,[26.08]F_I_BT혼_전환_블트칩출시_혜택강조형_KR1.이탈리아_.배너_제조과정.식품대기업개발자.__김소희_260825_제과_김수정,664,14,18566.0,1
2026-08-26,(ASC) [제과_블트하] 26.08_블트깡출시_ASC_전환_image,(ASC) [제과_블트하] 26.08_블트하출시_ASC_전환_image,[26.08]F_I_BT칩_전환_블트칩출시_혜택강조형_KR2.진짜트러플비교_.배너_제작자.맛페포.저가트러플의.__김소희_260826_제과_박서연,7,0,144.0,0
2026-08-27,(ASC) [제과_블트하] 26.07_블트칩출시_ASC_전환_image,(ASC)[제과_블트하] 26.07_블트칩출시_ASC_전환_image,[26.07]F_I_BT깡_전환_블트칩출시_혜택강조형_KR1_.피드_우리가족잘산템.__김소희_260728_제과_김수정,244,2,3154.0,0
2026-08-27,(마스터ASC)[제과_블트하] 26.07_블트깡출시_ASC_전환_video,(마스터ASC)[제과_블트하] 26.07_블트깡출시_ASC_전환_video,[26.08]F_V_BT칩_전환_블트칩출시_신규BP_아린이네BP.KR1_var2.릴스_공구형.페인포인트.고구성.X_2P_최나영_260811_제과_윤성미,9,1,155.0,0
2026-08-27,(ASC) [제과_블트하] 26.08_블트깡출시_ASC_전환_image,(ASC) [제과_블트하] 26.08_블트하출시_ASC_전환_image,[26.08]F_I_BT깡_전환_블트칩출시_유명인권위형_이국주.KR1_.릴스_혜택강조.희소성.__김소희_260813_제과_김수정,5,0,63.0,0
2026-08-27,(ASC) [제과_블트하] 26.08_블트깡출시_ASC_전환_image,(ASC) [제과_블트하] 26.08_블트하출시_ASC_전환_image,[26.08]F_I_BT깡_전환_블트칩출시_유명인권위형_이국주.KR1_.릴스_알고리즘평정.유행강조.__김소희_260814_제과_김수정,56,2,2864.0,1
2026-08-27,(ASC) [제과_블트하] 26.08_블트깡출시_ASC_전환_image,(ASC) [제과_블트하] 26.08_블트하출시_ASC_전환_image,[26.08]F_I_BT깡_전환_블트칩출시_혜택강조형_GFA베리_.배너_딱한봉지만먹을자신이없어요.__최나영_260818_제과_박서연,1,0,3.0,0
2026-08-27,(ASC) [제과_블트하] 26.08_블트깡출시_ASC_전환_image,(ASC) [제과_블트하] 26.08_블트하출시_ASC_전환_image,[26.08]F_I_BT칩_전환_블트칩출시_혜택강조형_이국주.KR1_.배너_비싼원재료강조.이태리산트러플썼다던데.__김소희_260820_제과_김수정,1371,15,17171.0,2
2026-08-27,(ASC) [제과_블트하] 26.08_블트깡출시_ASC_전환_image,(ASC) [제과_블트하] 26.08_블트하출시_ASC_전환_image,[26.08]F_I_BT혼_전환_블트칩출시_혜택강조형_KR1.이탈리아_.배너_제조과정.식품대기업개발자.__김소희_260825_제과_김수정,572,8,20712.0,1
2026-08-27,(ASC) [제과_블트하] 26.08_블트깡출시_ASC_전환_image,(ASC) [제과_블트하] 26.08_블트하출시_ASC_전환_image,[26.08]F_I_BT칩_전환_블트칩출시_혜택강조형_KR2.진짜트러플비교_.배너_제작자.맛페포.저가트러플의.__김소희_260826_제과_박서연,17,2,582.0,0
2026-08-28,(ASC) [제과_블트하] 26.07_블트칩출시_ASC_전환_image,(ASC)[제과_블트하] 26.07_블트칩출시_ASC_전환_image,[26.07]F_I_BT깡_전환_블트칩출시_혜택강조형_KR1_.피드_우리가족잘산템.__김소희_260728_제과_김수정,36,0,536.0,0
2026-08-28,(마스터ASC)[제과_블트하] 26.07_블트깡출시_ASC_전환_video,(마스터ASC)[제과_블트하] 26.07_블트깡출시_ASC_전환_video,[26.08]F_V_BT칩_전환_블트칩출시_신규BP_아린이네BP.KR1_var2.릴스_공구형.페인포인트.고구성.X_2P_최나영_260811_제과_윤성미,1,0,15.0,0
2026-08-28,(ASC) [제과_블트하] 26.08_블트깡출시_ASC_전환_image,(ASC) [제과_블트하] 26.08_블트하출시_ASC_전환_image,[26.08]F_I_BT깡_전환_블트칩출시_유명인권위형_이국주.KR1_.릴스_알고리즘평정.유행강조.__김소희_260814_제과_김수정,2,0,40.0,0
2026-08-28,(ASC) [제과_블트하] 26.08_블트깡출시_ASC_전환_image,(ASC) [제과_블트하] 26.08_블트하출시_ASC_전환_image,[26.08]F_I_BT칩_전환_블트칩출시_혜택강조형_이국주.KR1_.배너_비싼원재료강조.이태리산트러플썼다던데.__김소희_260820_제과_김수정,151,1,1802.0,0
2026-08-28,(ASC) [제과_블트하] 26.08_블트깡출시_ASC_전환_image,(ASC) [제과_블트하] 26.08_블트하출시_ASC_전환_image,[26.08]F_I_BT칩_전환_블트칩출시_혜택강조형_KR2.진짜트러플비교_.배너_제작자.맛페포.저가트러플의.__김소희_260826_제과_박서연,12,1,668.0,0
2026-08-28,(마스터ASC)[제과_치즈팝콘] 26.08_치즈팝콘출시_ASC_전환_image_전체타겟,(마스터ASC)[제과_치즈팝콘] 26.08_치즈팝콘출시_ASC_전환_image_전체타겟,[26.08]F_I_PC치_전환_치즈팝콘재입고_혜택강조형__.배너_갈릭감칠맛으로.__고민지_260828_제과_박서연,17,0,312.0,0
2026-08-28,(마스터ASC)[제과_치즈팝콘] 26.08_치즈팝콘출시_ASC_전환_video_전체타겟,(마스터ASC)[제과_치즈팝콘] 26.08_치즈팝콘출시_ASC_전환_video_전체타겟,[26.09]F_V_PC치_전환_치즈팝콘재입고_인플루언서형_인플루언서.KR1_var3.릴스_공통시작.X_2P_권미정_260901_제과_이미진,16,1,501.0,0
2026-08-28,[제과_블트하] 26.07_블트깡출시_수동_전환_video_전체타겟,0828_재원님재편집_블트칩출시 (맛피아) (신규KR),[26.09]F_V_BT칩_전환_블트깡출시_기타_배너.메시지검증_var2.배너_가격.1안.X_2P__260901_제과_최재원,79,2,2008.0,0
2026-08-29,(ASC) [제과_블트하] 26.08_블트깡출시_ASC_전환_image,(ASC) [제과_블트하] 26.08_블트하출시_ASC_전환_image,[26.08]F_I_BT깡_전환_블트칩출시_유명인권위형_이국주.KR1_.릴스_알고리즘평정.유행강조.__김소희_260814_제과_김수정,17,0,546.0,0
2026-08-29,(ASC) [제과_블트하] 26.08_블트깡출시_ASC_전환_image,(ASC) [제과_블트하] 26.08_블트하출시_ASC_전환_image,[26.08]F_I_BT칩_전환_블트칩출시_혜택강조형_이국주.KR1_.배너_비싼원재료강조.이태리산트러플썼다던데.__김소희_260820_제과_김수정,863,14,11296.0,3
2026-08-29,[칩] (마스터ASC)[제과_블트하] 26.07_블트칩출시_ASC_전환_video,[칩] (마스터ASC)[제과_블트하] 26.07_블트칩출시_ASC_전환_video,[26.08]F_V_BT칩_전환_블트칩출시_신규BP_도리토스BP.이국주.KR2_var2.릴스_이국주.X_2P_김소희_260821_제과_이봄1,12,0,279.0,0
2026-08-29,(마스터ASC)[제과_치즈팝콘] 26.08_치즈팝콘출시_ASC_전환_video_전체타겟,(마스터ASC)[제과_치즈팝콘] 26.08_치즈팝콘출시_ASC_전환_video_전체타겟,[26.08]F_V_PC치_전환_치즈팝콘재입고_네고형_CS전화네고.KR2_var2.릴스_타사비교.X_2P_권미정_260824_제과_이미진,1,0,2.0,0
2026-08-29,(ASC) [제과_블트하] 26.08_블트깡출시_ASC_전환_image,(ASC) [제과_블트하] 26.08_블트하출시_ASC_전환_image,[26.08]F_I_BT칩_전환_블트칩출시_혜택강조형_KR2.진짜트러플비교_.배너_제작자.맛페포.저가트러플의.__김소희_260826_제과_박서연,14,0,453.0,0
2026-08-29,(마스터ASC) [제과_블트하] 26.09_블트깡출시_ASC_전환_image,(마스터ASC) [제과_블트하] 26.09_블트깡출시_ASC_전환_image,[26.08]F_I_BT깡_전환_블트칩출시_혜택강조형_나폴리맛피아.KR2_.배너_향풍미강조.트러플엄청들어가서.__김소희_260828_제과_박서연,69,3,1720.0,1
2026-08-29,(마스터ASC)[제과_치즈팝콘] 26.08_치즈팝콘출시_ASC_전환_image_전체타겟,(마스터ASC)[제과_치즈팝콘] 26.08_치즈팝콘출시_ASC_전환_image_전체타겟,[26.08]F_I_PC치_전환_치즈팝콘재입고_혜택강조형__.배너_갈릭감칠맛으로.__고민지_260828_제과_박서연,41,0,716.0,0
2026-08-29,(마스터ASC)[제과_치즈팝콘] 26.08_치즈팝콘출시_ASC_전환_video_전체타겟,(마스터ASC)[제과_치즈팝콘] 26.08_치즈팝콘출시_ASC_전환_video_전체타겟,[26.09]F_V_PC치_전환_치즈팝콘재입고_인플루언서형_인플루언서.KR1_var3.릴스_공통시작.X_2P_권미정_260901_제과_이미진,139,1,2050.0,0
2026-08-29,[제과_블트하] 26.07_블트깡출시_수동_전환_video_전체타겟,0828_재원님재편집_블트칩출시 (맛피아) (신규KR),[26.09]F_V_BT칩_전환_블트깡출시_기타_배너.메시지검증_var2.배너_가격.1안.X_2P__260901_제과_최재원,129,1,2222.0,0
2026-08-30,(ASC) [제과_블트하] 26.08_블트깡출시_ASC_전환_image,(ASC) [제과_블트하] 26.08_블트하출시_ASC_전환_image,[26.08]F_I_BT깡_전환_블트칩출시_유명인권위형_이국주.KR1_.릴스_혜택강조.희소성.__김소희_260813_제과_김수정,3,0,496.0,0
2026-08-30,(ASC) [제과_블트하] 26.08_블트깡출시_ASC_전환_image,(ASC) [제과_블트하] 26.08_블트하출시_ASC_전환_image,[26.08]F_I_BT칩_전환_블트칩출시_혜택강조형_이국주.KR1_.배너_비싼원재료강조.이태리산트러플썼다던데.__김소희_260820_제과_김수정,480,5,5545.0,0
2026-08-30,(마스터ASC)[제과_치즈팝콘] 26.08_치즈팝콘출시_ASC_전환_video_전체타겟,(마스터ASC)[제과_치즈팝콘] 26.08_치즈팝콘출시_ASC_전환_video_전체타겟,[26.08]F_V_PC치_전환_치즈팝콘재입고_네고형_CS전화네고.KR2_var2.릴스_타사비교.X_2P_권미정_260824_제과_이미진,11,0,82.0,0
2026-08-30,(마스터ASC) [제과_블트하] 26.09_블트깡출시_ASC_전환_image,(마스터ASC) [제과_블트하] 26.09_블트깡출시_ASC_전환_image,[26.08]F_I_BT깡_전환_블트칩출시_혜택강조형_나폴리맛피아.KR2_.배너_향풍미강조.트러플엄청들어가서.__김소희_260828_제과_박서연,64,2,1790.0,0
2026-08-30,(마스터ASC)[제과_치즈팝콘] 26.08_치즈팝콘출시_ASC_전환_image_전체타겟,(마스터ASC)[제과_치즈팝콘] 26.08_치즈팝콘출시_ASC_전환_image_전체타겟,[26.08]F_I_PC치_전환_치즈팝콘재입고_혜택강조형__.배너_갈릭감칠맛으로.__고민지_260828_제과_박서연,51,1,672.0,1
2026-08-30,(마스터ASC)[제과_치즈팝콘] 26.08_치즈팝콘출시_ASC_전환_video_전체타겟,(마스터ASC)[제과_치즈팝콘] 26.08_치즈팝콘출시_ASC_전환_video_전체타겟,[26.09]F_V_PC치_전환_치즈팝콘재입고_인플루언서형_인플루언서.KR1_var3.릴스_공통시작.X_2P_권미정_260901_제과_이미진,18,1,320.0,0
2026-08-30,[제과_블트하] 26.07_블트깡출시_수동_전환_video_전체타겟,0828_재원님재편집_블트칩출시 (맛피아) (신규KR),[26.09]F_V_BT칩_전환_블트깡출시_기타_배너.메시지검증_var2.배너_가격.1안.X_2P__260901_제과_최재원,261,2,4790.0,0
2026-08-31,(ASC) [제과_블트하] 26.08_블트깡출시_ASC_전환_image,(ASC) [제과_블트하] 26.08_블트하출시_ASC_전환_image,[26.08]F_I_BT깡_전환_블트칩출시_유명인권위형_이국주.KR1_.릴스_혜택강조.희소성.__김소희_260813_제과_김수정,1,0,4.0,0
2026-08-31,(ASC) [제과_블트하] 26.08_블트깡출시_ASC_전환_image,(ASC) [제과_블트하] 26.08_블트하출시_ASC_전환_image,[26.08]F_I_BT칩_전환_블트칩출시_혜택강조형_이국주.KR1_.배너_비싼원재료강조.이태리산트러플썼다던데.__김소희_260820_제과_김수정,516,4,7137.0,0
2026-08-31,(마스터ASC) [제과_블트하] 26.09_블트깡출시_ASC_전환_image,(마스터ASC) [제과_블트하] 26.09_블트깡출시_ASC_전환_image,[26.08]F_I_BT깡_전환_블트칩출시_혜택강조형_나폴리맛피아.KR2_.배너_향풍미강조.트러플엄청들어가서.__김소희_260828_제과_박서연,64,0,2027.0,0
2026-08-31,(마스터ASC)[제과_치즈팝콘] 26.08_치즈팝콘출시_ASC_전환_image_전체타겟,(마스터ASC)[제과_치즈팝콘] 26.08_치즈팝콘출시_ASC_전환_image_전체타겟,[26.08]F_I_PC치_전환_치즈팝콘재입고_혜택강조형__.배너_갈릭감칠맛으로.__고민지_260828_제과_박서연,5,0,42.0,0
2026-08-31,(마스터ASC)[제과_치즈팝콘] 26.08_치즈팝콘출시_ASC_전환_video_전체타겟,(마스터ASC)[제과_치즈팝콘] 26.08_치즈팝콘출시_ASC_전환_video_전체타겟,[26.09]F_V_PC치_전환_치즈팝콘재입고_인플루언서형_인플루언서.KR1_var3.릴스_공통시작.X_2P_권미정_260901_제과_이미진,2,0,102.0,0
2026-08-31,[제과_블트하] 26.07_블트깡출시_수동_전환_video_전체타겟,0828_재원님재편집_블트칩출시 (맛피아) (신규KR),[26.09]F_V_BT칩_전환_블트깡출시_기타_배너.메시지검증_var2.배너_가격.1안.X_2P__260901_제과_최재원,424,4,8838.0,0
2026-09-01,(마스터ASC)[제과_블트하] 26.07_블트깡출시_ASC_전환_video,(마스터ASC)[제과_블트하] 26.07_블트깡출시_ASC_전환_video,[26.08]F_V_BT칩_전환_블트칩출시_신규BP_아린이네BP.KR1_var2.릴스_공구형.페인포인트.고구성.X_2P_최나영_260811_제과_윤성미,15,0,357.0,0
2026-09-01,(ASC) [제과_블트하] 26.08_블트깡출시_ASC_전환_image,(ASC) [제과_블트하] 26.08_블트하출시_ASC_전환_image,[26.08]F_I_BT깡_전환_블트칩출시_유명인권위형_이국주.KR1_.릴스_혜택강조.희소성.__김소희_260813_제과_김수정,1,0,39.0,0
2026-09-01,(ASC) [제과_블트하] 26.08_블트깡출시_ASC_전환_image,(ASC) [제과_블트하] 26.08_블트하출시_ASC_전환_image,[26.08]F_I_BT깡_전환_블트칩출시_유명인권위형_이국주.KR1_.릴스_알고리즘평정.유행강조.__김소희_260814_제과_김수정,10,0,280.0,0
2026-09-01,(ASC) [제과_블트하] 26.08_블트깡출시_ASC_전환_image,(ASC) [제과_블트하] 26.08_블트하출시_ASC_전환_image,[26.08]F_I_BT칩_전환_블트칩출시_혜택강조형_이국주.KR1_.배너_비싼원재료강조.이태리산트러플썼다던데.__김소희_260820_제과_김수정,1142,8,14269.0,0
2026-09-01,[칩] (마스터ASC)[제과_블트하] 26.07_블트칩출시_ASC_전환_video,[칩] (마스터ASC)[제과_블트하] 26.07_블트칩출시_ASC_전환_video,[26.08]F_V_BT칩_전환_블트칩출시_신규BP_도리토스BP.이국주.KR2_var2.릴스_이국주.X_2P_김소희_260821_제과_이봄1,12,0,182.0,0
2026-09-01,(마스터ASC)[제과_치즈팝콘] 26.08_치즈팝콘출시_ASC_전환_video_전체타겟,(마스터ASC)[제과_치즈팝콘] 26.08_치즈팝콘출시_ASC_전환_video_전체타겟,[26.08]F_V_PC치_전환_치즈팝콘재입고_네고형_CS전화네고.KR2_var2.릴스_타사비교.X_2P_권미정_260824_제과_이미진,1,0,14.0,0
2026-09-01,(ASC) [제과_블트하] 26.08_블트깡출시_ASC_전환_image,(ASC) [제과_블트하] 26.08_블트하출시_ASC_전환_image,[26.08]F_I_BT칩_전환_블트칩출시_혜택강조형_KR2.진짜트러플비교_.배너_제작자.맛페포.저가트러플의.__김소희_260826_제과_박서연,332,4,10908.0,2
2026-09-01,(마스터ASC) [제과_블트하] 26.09_블트깡출시_ASC_전환_image,(마스터ASC) [제과_블트하] 26.09_블트깡출시_ASC_전환_image,[26.08]F_I_BT깡_전환_블트칩출시_혜택강조형_나폴리맛피아.KR2_.배너_향풍미강조.트러플엄청들어가서.__김소희_260828_제과_박서연,18,0,446.0,0
2026-09-01,(마스터ASC)[제과_치즈팝콘] 26.08_치즈팝콘출시_ASC_전환_video_전체타겟,(마스터ASC)[제과_치즈팝콘] 26.08_치즈팝콘출시_ASC_전환_video_전체타겟,[26.09]F_V_PC치_전환_치즈팝콘재입고_인플루언서형_인플루언서.KR1_var3.릴스_공통시작.X_2P_권미정_260901_제과_이미진,1,0,32.0,0
2026-09-01,[제과_블트하] 26.07_블트깡출시_수동_전환_video_전체타겟,0828_재원님재편집_블트칩출시 (맛피아) (신규KR),[26.09]F_V_BT칩_전환_블트깡출시_기타_배너.메시지검증_var2.배너_가격.1안.X_2P__260901_제과_최재원,336,1,4817.0,0
2026-09-01,[제과_블트하] 26.07_블트깡출시_수동_전환_image_전체타겟,0901_맛피아디벨롭_블트칩출시  (KR1/2),[26.08]F_I_BT칩_전환_블트칩출시_혜택강조형_나폴리맛피아.KR1_.릴스_불편감수.구하기어려워서.__김소희_260901_제과_김수정,537,8,13140.0,1
2026-09-01,[제과_블트하] 26.07_블트깡출시_수동_전환_image_전체타겟,0901_맛피아디벨롭_블트칩출시  (KR1/2),[26.08]F_I_BT칩_전환_블트칩출시_혜택강조형_나폴리맛피아.KR2_.릴스_직접경험.포브스선정.__김소희_260901_제과_김수정,90,0,2635.0,0
2026-08-24,(마스터ASC)[제과_블트하] 26.07_블트깡출시_ASC_전환_video,(마스터ASC)[제과_블트하] 26.07_블트깡출시_ASC_전환_video,[26.08]F_V_BT깡_전환_블트깡출시_라이브커머스형_라이브커머스형.KR1_var11.릴스_가격강조.최저가.슬기.X_1P_김소희_260812_제과_피재은,1,0,4.0,0
2026-08-24,[제과_블트하] 26.07_블트깡출시_수동_전환_video_전체타겟,0814_현장네고형_블트칩출시 (이국주) (KR1),[26.08]F_V_BT칩_전환_블트칩출시_네고형_현장네고형.이국주.KR1_var3.릴스_물류.슬기.X_1P_최나영_260814_제과_피재은,6029,135,159874.0,11
2026-08-24,[제과_블트하] 26.07_블트깡출시_수동_전환_image_전체타겟,0818_GFA유효배너_블트칩출시,[26.08]F_I_BT칩_전환_블트칩출시_혜택강조형_GFA베리_.배너_퇴근후앉은자리3봉순삭.__최나영_260818_제과_박서연,172,0,5717.0,0
2026-08-24,[제과_블트하] 26.07_블트깡출시_수동_전환_image_전체타겟,0819_유행실체이국주_블트칩출시  (KR1/2),[26.08]F_I_BT깡_전환_블트칩출시_유명인권위형_이국주.KR1_.배너_내부상황.매번품절대란이라.__김소희_260819_제과_김수정,76,1,3420.0,0
2026-08-24,[칩] (마스터ASC)[제과_블트하] 26.07_블트칩출시_ASC_전환_video,[칩] (마스터ASC)[제과_블트하] 26.07_블트칩출시_ASC_전환_video,[26.08]F_V_BT칩_전환_블트칩출시_혜택희소성_물류대세감.이국주.KR1_var1.릴스_약속.시즈닝강조.슬기.X_1P__260821_제과_문형민,1639,32,27251.0,2
2026-08-24,[제과_치즈팝콘] 26.08_치즈팝콘출시_수동_전환_image_전체타겟,(0824) 혜택강조형_재입고이슈_치즈팝콘재입고 (KR2) (서연님),[26.08]F_I_PC치_전환_치즈팝콘재입고_혜택강조형_KR1.재입고이슈_.배너_끝없이손이가는치즈갈릭.__권미정_260824_제과_박서연,123,3,3377.0,0
2026-08-24,(마스터ASC)[제과_블트하] 26.07_블트깡출시_ASC_전환_video,(마스터ASC)[제과_블트하] 26.07_블트깡출시_ASC_전환_video,[26.08]F_V_BT깡_전환_블트깡출시_제조과정형_제조과정형.이국주.KR2_main.릴스_메인.(재).X_1P__260824_제과_피재은,18,0,351.0,0
2026-08-25,(마스터ASC)[제과_블트하] 26.07_블트깡출시_ASC_전환_video,(마스터ASC)[제과_블트하] 26.07_블트깡출시_ASC_전환_video,[26.08]F_V_BT깡_전환_블트깡출시_라이브커머스형_라이브커머스형.KR1_var11.릴스_가격강조.최저가.슬기.X_1P_김소희_260812_제과_피재은,3,0,17.0,0
2026-08-25,[제과_블트하] 26.07_블트깡출시_수동_전환_video_전체타겟,0814_현장네고형_블트칩출시 (이국주) (KR1),[26.08]F_V_BT칩_전환_블트칩출시_네고형_현장네고형.이국주.KR1_var3.릴스_물류.슬기.X_1P_최나영_260814_제과_피재은,13859,324,303835.0,16
2026-08-25,(ASC) [제과_블트하] 26.08_블트깡출시_ASC_전환_image,(ASC) [제과_블트하] 26.08_블트하출시_ASC_전환_image,[26.08]F_I_BT깡_전환_블트칩출시_혜택강조형_GFA베리_.배너_넷플보다가한박스순삭해서.__최나영_260818_제과_박서연,1,0,23.0,0
2026-08-25,[제과_블트하] 26.07_블트깡출시_수동_전환_image_전체타겟,0818_GFA유효배너_블트칩출시,[26.08]F_I_BT칩_전환_블트칩출시_혜택강조형_GFA베리_.배너_퇴근후앉은자리3봉순삭.__최나영_260818_제과_박서연,231,3,11353.0,1
2026-08-25,[칩] (마스터ASC)[제과_블트하] 26.07_블트칩출시_ASC_전환_video,[칩] (마스터ASC)[제과_블트하] 26.07_블트칩출시_ASC_전환_video,[26.08]F_V_BT칩_전환_블트칩출시_혜택희소성_물류대세감.이국주.KR1_var1.릴스_약속.시즈닝강조.슬기.X_1P__260821_제과_문형민,10309,117,143737.0,11
2026-08-25,[제과_치즈팝콘] 26.08_치즈팝콘출시_수동_전환_image_전체타겟,(0824) 혜택강조형_재입고이슈_치즈팝콘재입고 (KR2) (서연님),[26.08]F_I_PC치_전환_치즈팝콘재입고_혜택강조형_KR1.재입고이슈_.배너_끝없이손이가는치즈갈릭.__권미정_260824_제과_박서연,242,5,5175.0,2
2026-08-25,(마스터ASC)[제과_블트하] 26.07_블트깡출시_ASC_전환_video,(마스터ASC)[제과_블트하] 26.07_블트깡출시_ASC_전환_video,[26.08]F_V_BT깡_전환_블트깡출시_제조과정형_제조과정형.이국주.KR2_main.릴스_메인.(재).X_1P__260824_제과_피재은,18,0,157.0,0
2026-08-26,(ASC) [제과_블트하] 26.08_블트깡출시_ASC_전환_image,(ASC) [제과_블트하] 26.08_블트하출시_ASC_전환_image,[26.08]F_I_BT칩_전환_블트칩출시_혜택강조형_KR1_.배너_살림권위.돈굳었어요.__김소희_260811_제과_김수정,268,1,6119.0,0
2026-08-26,(ASC) [제과_블트하] 26.08_블트깡출시_ASC_전환_image,(ASC) [제과_블트하] 26.08_블트하출시_ASC_전환_image,[26.08]F_I_BT깡_전환_블트칩출시_유명인권위형_이국주.KR1_.릴스_편의점오픈런실패.유행강조.__김소희_260814_제과_김수정,17,0,575.0,0
2026-08-26,[제과_블트하] 26.07_블트깡출시_수동_전환_video_전체타겟,0814_현장네고형_블트칩출시 (이국주) (KR1),[26.08]F_V_BT칩_전환_블트칩출시_네고형_현장네고형.이국주.KR1_var3.릴스_물류.슬기.X_1P_최나영_260814_제과_피재은,34087,695,778327.0,44
2026-08-26,[제과_블트하] 26.07_블트깡출시_수동_전환_image_전체타겟,0818_GFA유효배너_블트칩출시,[26.08]F_I_BT칩_전환_블트칩출시_혜택강조형_GFA베리_.배너_퇴근후앉은자리3봉순삭.__최나영_260818_제과_박서연,347,9,10026.0,1
2026-08-26,[제과_치즈팝콘] 26.08_치즈팝콘출시_수동_전환_image_전체타겟,(0824) 혜택강조형_재입고이슈_치즈팝콘재입고 (KR2) (서연님),[26.08]F_I_PC치_전환_치즈팝콘재입고_혜택강조형_KR1.재입고이슈_.배너_끝없이손이가는치즈갈릭.__권미정_260824_제과_박서연,260,3,5977.0,1
2026-08-26,(마스터ASC)[제과_블트하] 26.07_블트깡출시_ASC_전환_video,(마스터ASC)[제과_블트하] 26.07_블트깡출시_ASC_전환_video,[26.08]F_V_BT깡_전환_블트깡출시_제조과정형_제조과정형.이국주.KR2_main.릴스_메인.(재).X_1P__260824_제과_피재은,11,0,113.0,0
2026-08-26,(ASC) [제과_블트하] 26.08_블트깡출시_ASC_전환_image,(ASC) [제과_블트하] 26.08_블트하출시_ASC_전환_image,[26.08]F_I_BT칩_전환_블트칩출시_혜택강조형_KR2.진짜트러플비교_.배너_소비자보이스.트위터형.__김소희_260825_제과_박서연,58,1,1190.0,0
2026-08-26,[제과_블트하] 26.07_블트깡출시_수동_전환_image_전체타겟,0826_트러플권위_블트칩출시  (KR1),[26.08]F_I_BT깡_전환_블트칩출시_혜택강조형_KR1.이탈리아_.배너_희소성.딱3달만.__김소희_260826_제과_김수정,100,2,3352.0,0
2026-08-26,[제과_블트하] 26.07_블트깡출시_수동_전환_image_전체타겟,0826_트러플권위_블트칩출시  (KR1),[26.08]F_I_BT깡_전환_블트칩출시_혜택강조형_KR1.이탈리아_.배너_희소성.키로당수백만원.__김소희_260826_제과_김수정,58,2,1345.0,0
2026-08-27,(ASC) [제과_블트하] 26.08_블트깡출시_ASC_전환_image,(ASC) [제과_블트하] 26.08_블트하출시_ASC_전환_image,[26.08]F_I_BT칩_전환_블트칩출시_혜택강조형_KR1_.배너_살림권위.돈굳었어요.__김소희_260811_제과_김수정,103,0,3217.0,0
2026-08-27,(마스터ASC)[제과_블트하] 26.07_블트깡출시_ASC_전환_video,(마스터ASC)[제과_블트하] 26.07_블트깡출시_ASC_전환_video,[26.08]F_V_BT깡_전환_블트깡출시_라이브커머스형_라이브커머스형.KR1_var11.릴스_가격강조.최저가.슬기.X_1P_김소희_260812_제과_피재은,1,0,4.0,0
2026-08-27,(ASC) [제과_블트하] 26.08_블트깡출시_ASC_전환_image,(ASC) [제과_블트하] 26.08_블트하출시_ASC_전환_image,[26.08]F_I_BT깡_전환_블트칩출시_유명인권위형_이국주.KR1_.릴스_편의점오픈런실패.유행강조.__김소희_260814_제과_김수정,1,0,5.0,0
2026-08-27,[제과_블트하] 26.07_블트깡출시_수동_전환_video_전체타겟,0814_현장네고형_블트칩출시 (이국주) (KR1),[26.08]F_V_BT칩_전환_블트칩출시_네고형_현장네고형.이국주.KR1_var3.릴스_물류.슬기.X_1P_최나영_260814_제과_피재은,29566,644,649729.0,41
2026-08-27,(ASC) [제과_블트하] 26.08_블트깡출시_ASC_전환_image,(ASC) [제과_블트하] 26.08_블트하출시_ASC_전환_image,[26.08]F_I_BT깡_전환_블트칩출시_혜택강조형_GFA베리_.배너_넷플보다가한박스순삭해서.__최나영_260818_제과_박서연,14,1,526.0,0
2026-08-27,[제과_블트하] 26.07_블트깡출시_수동_전환_image_전체타겟,0818_GFA유효배너_블트칩출시,[26.08]F_I_BT칩_전환_블트칩출시_혜택강조형_GFA베리_.배너_퇴근후앉은자리3봉순삭.__최나영_260818_제과_박서연,113,2,5085.0,0
2026-08-27,[칩] (마스터ASC)[제과_블트하] 26.07_블트칩출시_ASC_전환_video,[칩] (마스터ASC)[제과_블트하] 26.07_블트칩출시_ASC_전환_video,[26.08]F_V_BT칩_전환_블트칩출시_혜택희소성_물류대세감.이국주.KR1_var1.릴스_약속.시즈닝강조.슬기.X_1P__260821_제과_문형민,25908,375,564566.0,31
2026-08-27,[제과_치즈팝콘] 26.08_치즈팝콘출시_수동_전환_image_전체타겟,(0824) 혜택강조형_재입고이슈_치즈팝콘재입고 (KR2) (서연님),[26.08]F_I_PC치_전환_치즈팝콘재입고_혜택강조형_KR1.재입고이슈_.배너_끝없이손이가는치즈갈릭.__권미정_260824_제과_박서연,2266,23,43377.0,3
2026-08-27,(ASC) [제과_블트하] 26.08_블트깡출시_ASC_전환_image,(ASC) [제과_블트하] 26.08_블트하출시_ASC_전환_image,[26.08]F_I_BT칩_전환_블트칩출시_혜택강조형_KR2.진짜트러플비교_.배너_소비자보이스.트위터형.__김소희_260825_제과_박서연,38,0,617.0,0
2026-08-27,[제과_블트하] 26.07_블트깡출시_수동_전환_image_전체타겟,0826_트러플권위_블트칩출시  (KR1),[26.08]F_I_BT깡_전환_블트칩출시_혜택강조형_KR1.이탈리아_.배너_희소성.딱3달만.__김소희_260826_제과_김수정,434,2,10168.0,0
2026-08-27,[제과_블트하] 26.07_블트깡출시_수동_전환_image_전체타겟,0826_트러플권위_블트칩출시  (KR1),[26.08]F_I_BT깡_전환_블트칩출시_혜택강조형_KR1.이탈리아_.배너_희소성.키로당수백만원.__김소희_260826_제과_김수정,669,7,19863.0,0
2026-08-28,(ASC) [제과_블트하] 26.08_블트깡출시_ASC_전환_image,(ASC) [제과_블트하] 26.08_블트하출시_ASC_전환_image,[26.08]F_I_BT칩_전환_블트칩출시_혜택강조형_KR1_.배너_살림권위.돈굳었어요.__김소희_260811_제과_김수정,5,0,25.0,0
2026-08-28,[제과_블트하] 26.07_블트깡출시_수동_전환_video_전체타겟,0814_현장네고형_블트칩출시 (이국주) (KR1),[26.08]F_V_BT칩_전환_블트칩출시_네고형_현장네고형.이국주.KR1_var3.릴스_물류.슬기.X_1P_최나영_260814_제과_피재은,10109,225,217130.0,14
2026-08-28,[제과_치즈팝콘] 26.08_치즈팝콘출시_수동_전환_image_전체타겟,(0824) 혜택강조형_재입고이슈_치즈팝콘재입고 (KR2) (서연님),[26.08]F_I_PC치_전환_치즈팝콘재입고_혜택강조형_KR1.재입고이슈_.배너_끝없이손이가는치즈갈릭.__권미정_260824_제과_박서연,4614,69,76288.0,8
2026-08-28,[제과_블트하] 26.07_블트깡출시_수동_전환_image_전체타겟,0826_트러플권위_블트칩출시  (KR1),[26.08]F_I_BT깡_전환_블트칩출시_혜택강조형_KR1.이탈리아_.배너_희소성.딱3달만.__김소희_260826_제과_김수정,116,2,2207.0,0
2026-08-28,[제과_블트하] 26.07_블트깡출시_수동_전환_video_전체타겟,0828_미나미BP_블트깡출시 (맛피아) (KR1),[26.09]F_V_BT깡_전환_블트깡출시_쩜오건_나폴리맛피아.KR1_var1.릴스_맛피아.슬기.X_1P__260901_제과_문형민,129,0,2637.0,0
2026-08-28,(마스터ASC)[제과_블트하] 26.07_블트깡출시_ASC_전환_video,(마스터ASC)[제과_블트하] 26.07_블트깡출시_ASC_전환_video,[26.09]F_V_BT깡_전환_블트깡출시_쩜오건_나폴리맛피아.KR1_main.릴스_메인.슬기.X_1P__260901_제과_문형민,60,0,1031.0,0
2026-08-28,(마스터ASC)[제과_블트하] 26.07_블트깡출시_ASC_전환_video,(마스터ASC)[제과_블트하] 26.07_블트깡출시_ASC_전환_video,[26.09]F_V_BT깡_전환_블트깡출시_쩜오건_나폴리맛피아.KR1_var1.릴스_맛피아.슬기.X_1P__260901_제과_문형민,190,3,3860.0,0
2026-08-28,[제과_블트하] 26.07_블트깡출시_수동_전환_image_전체타겟,0828_맛피아100%_블트칩출시 (신규KR),[26.08]F_I_BT칩_전환_블트칩출시_혜택강조형_나폴리맛피아.신규_.릴스_브랜디드.이탈리아에서먹던트러플맛.__김소희_260828_제과_김수정,1117,26,24018.0,1
2026-08-28,(마스터ASC) [제과_블트하] 26.09_블트깡출시_ASC_전환_image,(마스터ASC) [제과_블트하] 26.09_블트깡출시_ASC_전환_image,[26.08]F_I_BT칩_전환_블트칩출시_혜택강조형_나폴리맛피아.신규_.배너_브랜디드.이태리유학파.__김소희_260828_제과_김수정,1,0,6.0,0
2026-08-28,(마스터ASC)[제과_블트하] 26.07_블트깡출시_ASC_전환_video,(마스터ASC)[제과_블트하] 26.07_블트깡출시_ASC_전환_video,[26.09]F_V_BT칩_전환_블트깡출시_신규BP_베이직BP.나폴리맛피아.KR1_var4.릴스_맛피아실체1.X_1P__260901_제과_문형민,6,1,69.0,0
2026-08-28,[제과_블트하] 26.07_블트깡출시_수동_전환_video_전체타겟,0828_추성훈BP_블트칩출시 (맛피아) (KR2),[26.09]F_V_BT칩_전환_블트깡출시_쩜오건_나폴리맛피아.KR2_var5.릴스_렉카.슬기.X_1P__260901_제과_피재은,454,10,10657.0,1
2026-08-28,[칩] (마스터ASC)[제과_블트하] 26.07_블트칩출시_ASC_전환_video,[칩] (마스터ASC)[제과_블트하] 26.07_블트칩출시_ASC_전환_video,[26.09]F_V_BT칩_전환_블트깡출시_기타_백정BP.나폴리맛피아.KR2_var1.릴스_맛피아.X_1P__260901_제과_피재은,390,7,7999.0,0
2026-08-29,[제과_블트하] 26.07_블트깡출시_수동_전환_video_전체타겟,0814_현장네고형_블트칩출시 (이국주) (KR1),[26.08]F_V_BT칩_전환_블트칩출시_네고형_현장네고형.이국주.KR1_var3.릴스_물류.슬기.X_1P_최나영_260814_제과_피재은,3208,77,80577.0,6
2026-08-29,(ASC) [제과_블트하] 26.08_블트깡출시_ASC_전환_image,(ASC) [제과_블트하] 26.08_블트하출시_ASC_전환_image,[26.08]F_I_BT깡_전환_블트칩출시_혜택강조형_GFA베리_.배너_넷플보다가한박스순삭해서.__최나영_260818_제과_박서연,7,0,148.0,0
2026-08-29,[칩] (마스터ASC)[제과_블트하] 26.07_블트칩출시_ASC_전환_video,[칩] (마스터ASC)[제과_블트하] 26.07_블트칩출시_ASC_전환_video,[26.08]F_V_BT칩_전환_블트칩출시_혜택희소성_물류대세감.이국주.KR1_var1.릴스_약속.시즈닝강조.슬기.X_1P__260821_제과_문형민,2656,52,51751.0,4
2026-08-29,[제과_치즈팝콘] 26.08_치즈팝콘출시_수동_전환_image_전체타겟,(0824) 혜택강조형_재입고이슈_치즈팝콘재입고 (KR2) (서연님),[26.08]F_I_PC치_전환_치즈팝콘재입고_혜택강조형_KR1.재입고이슈_.배너_끝없이손이가는치즈갈릭.__권미정_260824_제과_박서연,3673,28,51256.0,0
2026-08-29,(ASC) [제과_블트하] 26.08_블트깡출시_ASC_전환_image,(ASC) [제과_블트하] 26.08_블트하출시_ASC_전환_image,[26.08]F_I_BT칩_전환_블트칩출시_혜택강조형_KR2.진짜트러플비교_.배너_소비자보이스.트위터형.__김소희_260825_제과_박서연,35,0,730.0,0
2026-08-29,[제과_블트하] 26.07_블트깡출시_수동_전환_image_전체타겟,0826_트러플권위_블트칩출시  (KR1),[26.08]F_I_BT깡_전환_블트칩출시_혜택강조형_KR1.이탈리아_.배너_희소성.딱3달만.__김소희_260826_제과_김수정,258,4,6202.0,0
2026-08-29,[제과_블트하] 26.07_블트깡출시_수동_전환_video_전체타겟,0828_미나미BP_블트깡출시 (맛피아) (KR1),[26.09]F_V_BT깡_전환_블트깡출시_쩜오건_나폴리맛피아.KR1_var1.릴스_맛피아.슬기.X_1P__260901_제과_문형민,186,3,5855.0,0
2026-08-29,(마스터ASC)[제과_블트하] 26.07_블트깡출시_ASC_전환_video,(마스터ASC)[제과_블트하] 26.07_블트깡출시_ASC_전환_video,[26.09]F_V_BT깡_전환_블트깡출시_쩜오건_나폴리맛피아.KR1_main.릴스_메인.슬기.X_1P__260901_제과_문형민,9,0,133.0,0
2026-08-29,(마스터ASC)[제과_블트하] 26.07_블트깡출시_ASC_전환_video,(마스터ASC)[제과_블트하] 26.07_블트깡출시_ASC_전환_video,[26.09]F_V_BT깡_전환_블트깡출시_쩜오건_나폴리맛피아.KR1_var1.릴스_맛피아.슬기.X_1P__260901_제과_문형민,14,0,449.0,0
2026-08-29,[제과_블트하] 26.07_블트깡출시_수동_전환_image_전체타겟,0828_맛피아100%_블트칩출시 (신규KR),[26.08]F_I_BT칩_전환_블트칩출시_혜택강조형_나폴리맛피아.신규_.릴스_브랜디드.이탈리아에서먹던트러플맛.__김소희_260828_제과_김수정,706,6,15084.0,0
2026-08-29,(마스터ASC) [제과_블트하] 26.09_블트깡출시_ASC_전환_image,(마스터ASC) [제과_블트하] 26.09_블트깡출시_ASC_전환_image,[26.08]F_I_BT칩_전환_블트칩출시_혜택강조형_나폴리맛피아.신규_.배너_브랜디드.이태리유학파.__김소희_260828_제과_김수정,72,3,2544.0,0
2026-08-29,(마스터ASC)[제과_블트하] 26.07_블트깡출시_ASC_전환_video,(마스터ASC)[제과_블트하] 26.07_블트깡출시_ASC_전환_video,[26.09]F_V_BT칩_전환_블트깡출시_신규BP_베이직BP.나폴리맛피아.KR1_var4.릴스_맛피아실체1.X_1P__260901_제과_문형민,89,0,1733.0,0
2026-08-29,[제과_블트하] 26.07_블트깡출시_수동_전환_video_전체타겟,0828_추성훈BP_블트칩출시 (맛피아) (KR2),[26.09]F_V_BT칩_전환_블트깡출시_쩜오건_나폴리맛피아.KR2_var5.릴스_렉카.슬기.X_1P__260901_제과_피재은,768,16,16338.0,2
2026-08-29,[칩] (마스터ASC)[제과_블트하] 26.07_블트칩출시_ASC_전환_video,[칩] (마스터ASC)[제과_블트하] 26.07_블트칩출시_ASC_전환_video,[26.09]F_V_BT칩_전환_블트깡출시_기타_백정BP.나폴리맛피아.KR2_var1.릴스_맛피아.X_1P__260901_제과_피재은,1453,25,31728.0,1
2026-08-30,(마스터ASC)[제과_블트하] 26.07_블트깡출시_ASC_전환_video,(마스터ASC)[제과_블트하] 26.07_블트깡출시_ASC_전환_video,[26.08]F_V_BT깡_전환_블트깡출시_라이브커머스형_라이브커머스형.KR1_var11.릴스_가격강조.최저가.슬기.X_1P_김소희_260812_제과_피재은,151,5,3367.0,0
2026-08-30,(ASC) [제과_블트하] 26.08_블트깡출시_ASC_전환_image,(ASC) [제과_블트하] 26.08_블트하출시_ASC_전환_image,[26.08]F_I_BT깡_전환_블트칩출시_유명인권위형_이국주.KR1_.릴스_편의점오픈런실패.유행강조.__김소희_260814_제과_김수정,2,0,20.0,0
2026-08-30,[제과_블트하] 26.07_블트깡출시_수동_전환_video_전체타겟,0814_현장네고형_블트칩출시 (이국주) (KR1),[26.08]F_V_BT칩_전환_블트칩출시_네고형_현장네고형.이국주.KR1_var3.릴스_물류.슬기.X_1P_최나영_260814_제과_피재은,4557,101,141682.0,6
2026-08-30,[칩] (마스터ASC)[제과_블트하] 26.07_블트칩출시_ASC_전환_video,[칩] (마스터ASC)[제과_블트하] 26.07_블트칩출시_ASC_전환_video,[26.08]F_V_BT칩_전환_블트칩출시_혜택희소성_물류대세감.이국주.KR1_var1.릴스_약속.시즈닝강조.슬기.X_1P__260821_제과_문형민,5690,124,138988.0,7
2026-08-30,[제과_치즈팝콘] 26.08_치즈팝콘출시_수동_전환_image_전체타겟,(0824) 혜택강조형_재입고이슈_치즈팝콘재입고 (KR2) (서연님),[26.08]F_I_PC치_전환_치즈팝콘재입고_혜택강조형_KR1.재입고이슈_.배너_끝없이손이가는치즈갈릭.__권미정_260824_제과_박서연,1709,11,24834.0,2
2026-08-30,[제과_블트하] 26.07_블트깡출시_수동_전환_video_전체타겟,0828_미나미BP_블트깡출시 (맛피아) (KR1),[26.09]F_V_BT깡_전환_블트깡출시_쩜오건_나폴리맛피아.KR1_var1.릴스_맛피아.슬기.X_1P__260901_제과_문형민,161,2,3603.0,0
2026-08-30,(마스터ASC)[제과_블트하] 26.07_블트깡출시_ASC_전환_video,(마스터ASC)[제과_블트하] 26.07_블트깡출시_ASC_전환_video,[26.09]F_V_BT깡_전환_블트깡출시_쩜오건_나폴리맛피아.KR1_main.릴스_메인.슬기.X_1P__260901_제과_문형민,1,0,15.0,0
2026-08-30,(마스터ASC)[제과_블트하] 26.07_블트깡출시_ASC_전환_video,(마스터ASC)[제과_블트하] 26.07_블트깡출시_ASC_전환_video,[26.09]F_V_BT깡_전환_블트깡출시_쩜오건_나폴리맛피아.KR1_var1.릴스_맛피아.슬기.X_1P__260901_제과_문형민,58,1,1532.0,0
2026-08-30,(마스터ASC) [제과_블트하] 26.09_블트깡출시_ASC_전환_image,(마스터ASC) [제과_블트하] 26.09_블트깡출시_ASC_전환_image,[26.08]F_I_BT칩_전환_블트칩출시_혜택강조형_나폴리맛피아.신규_.배너_브랜디드.이태리유학파.__김소희_260828_제과_김수정,5,0,424.0,0
2026-08-30,(마스터ASC)[제과_블트하] 26.07_블트깡출시_ASC_전환_video,(마스터ASC)[제과_블트하] 26.07_블트깡출시_ASC_전환_video,[26.09]F_V_BT칩_전환_블트깡출시_신규BP_베이직BP.나폴리맛피아.KR1_var4.릴스_맛피아실체1.X_1P__260901_제과_문형민,1082,7,17722.0,1
2026-08-30,[제과_블트하] 26.07_블트깡출시_수동_전환_video_전체타겟,0828_추성훈BP_블트칩출시 (맛피아) (KR2),[26.09]F_V_BT칩_전환_블트깡출시_쩜오건_나폴리맛피아.KR2_var5.릴스_렉카.슬기.X_1P__260901_제과_피재은,20160,256,392770.0,31
2026-08-31,(ASC) [제과_블트하] 26.08_블트깡출시_ASC_전환_image,(ASC) [제과_블트하] 26.08_블트하출시_ASC_전환_image,[26.08]F_I_BT칩_전환_블트칩출시_혜택강조형_KR1_.배너_살림권위.돈굳었어요.__김소희_260811_제과_김수정,121,1,3238.0,0
2026-08-31,(마스터ASC)[제과_블트하] 26.07_블트깡출시_ASC_전환_video,(마스터ASC)[제과_블트하] 26.07_블트깡출시_ASC_전환_video,[26.08]F_V_BT깡_전환_블트깡출시_라이브커머스형_라이브커머스형.KR1_var11.릴스_가격강조.최저가.슬기.X_1P_김소희_260812_제과_피재은,64,0,874.0,0
2026-08-31,(ASC) [제과_블트하] 26.08_블트깡출시_ASC_전환_image,(ASC) [제과_블트하] 26.08_블트하출시_ASC_전환_image,[26.08]F_I_BT깡_전환_블트칩출시_유명인권위형_이국주.KR1_.릴스_편의점오픈런실패.유행강조.__김소희_260814_제과_김수정,1,0,14.0,0
2026-08-31,[제과_블트하] 26.07_블트깡출시_수동_전환_video_전체타겟,0814_현장네고형_블트칩출시 (이국주) (KR1),[26.08]F_V_BT칩_전환_블트칩출시_네고형_현장네고형.이국주.KR1_var3.릴스_물류.슬기.X_1P_최나영_260814_제과_피재은,19602,355,524366.0,32
2026-08-31,[칩] (마스터ASC)[제과_블트하] 26.07_블트칩출시_ASC_전환_video,[칩] (마스터ASC)[제과_블트하] 26.07_블트칩출시_ASC_전환_video,[26.08]F_V_BT칩_전환_블트칩출시_혜택희소성_물류대세감.이국주.KR1_var1.릴스_약속.시즈닝강조.슬기.X_1P__260821_제과_문형민,2908,51,55810.0,5
2026-08-31,[제과_치즈팝콘] 26.08_치즈팝콘출시_수동_전환_image_전체타겟,(0824) 혜택강조형_재입고이슈_치즈팝콘재입고 (KR2) (서연님),[26.08]F_I_PC치_전환_치즈팝콘재입고_혜택강조형_KR1.재입고이슈_.배너_끝없이손이가는치즈갈릭.__권미정_260824_제과_박서연,1215,13,17705.0,3
2026-08-31,(ASC) [제과_블트하] 26.08_블트깡출시_ASC_전환_image,(ASC) [제과_블트하] 26.08_블트하출시_ASC_전환_image,[26.08]F_I_BT칩_전환_블트칩출시_혜택강조형_KR2.진짜트러플비교_.배너_소비자보이스.트위터형.__김소희_260825_제과_박서연,13,0,159.0,0
2026-08-31,(마스터ASC)[제과_블트하] 26.07_블트깡출시_ASC_전환_video,(마스터ASC)[제과_블트하] 26.07_블트깡출시_ASC_전환_video,[26.09]F_V_BT깡_전환_블트깡출시_쩜오건_나폴리맛피아.KR1_var1.릴스_맛피아.슬기.X_1P__260901_제과_문형민,21,1,435.0,0
2026-08-31,(마스터ASC) [제과_블트하] 26.09_블트깡출시_ASC_전환_image,(마스터ASC) [제과_블트하] 26.09_블트깡출시_ASC_전환_image,[26.08]F_I_BT칩_전환_블트칩출시_혜택강조형_나폴리맛피아.신규_.배너_브랜디드.이태리유학파.__김소희_260828_제과_김수정,17,0,579.0,0
2026-08-31,[제과_블트하] 26.07_블트깡출시_수동_전환_video_전체타겟,0828_추성훈BP_블트칩출시 (맛피아) (KR2),[26.09]F_V_BT칩_전환_블트깡출시_쩜오건_나폴리맛피아.KR2_var5.릴스_렉카.슬기.X_1P__260901_제과_피재은,51032,608,771489.0,55
2026-09-01,(ASC) [제과_블트하] 26.08_블트깡출시_ASC_전환_image,(ASC) [제과_블트하] 26.08_블트하출시_ASC_전환_image,[26.08]F_I_BT칩_전환_블트칩출시_혜택강조형_KR1_.배너_살림권위.돈굳었어요.__김소희_260811_제과_김수정,97,2,2258.0,0
2026-09-01,(마스터ASC)[제과_블트하] 26.07_블트깡출시_ASC_전환_video,(마스터ASC)[제과_블트하] 26.07_블트깡출시_ASC_전환_video,[26.08]F_V_BT깡_전환_블트깡출시_라이브커머스형_라이브커머스형.KR1_var11.릴스_가격강조.최저가.슬기.X_1P_김소희_260812_제과_피재은,53,0,460.0,0
2026-09-01,[제과_블트하] 26.07_블트깡출시_수동_전환_video_전체타겟,0814_현장네고형_블트칩출시 (이국주) (KR1),[26.08]F_V_BT칩_전환_블트칩출시_네고형_현장네고형.이국주.KR1_var3.릴스_물류.슬기.X_1P_최나영_260814_제과_피재은,9818,182,250543.0,14
2026-09-01,(ASC) [제과_블트하] 26.08_블트깡출시_ASC_전환_image,(ASC) [제과_블트하] 26.08_블트하출시_ASC_전환_image,[26.08]F_I_BT깡_전환_블트칩출시_혜택강조형_GFA베리_.배너_넷플보다가한박스순삭해서.__최나영_260818_제과_박서연,38,0,775.0,0
2026-09-01,[칩] (마스터ASC)[제과_블트하] 26.07_블트칩출시_ASC_전환_video,[칩] (마스터ASC)[제과_블트하] 26.07_블트칩출시_ASC_전환_video,[26.08]F_V_BT칩_전환_블트칩출시_혜택희소성_물류대세감.이국주.KR1_var1.릴스_약속.시즈닝강조.슬기.X_1P__260821_제과_문형민,6721,97,151286.0,8
2026-09-01,[제과_치즈팝콘] 26.08_치즈팝콘출시_수동_전환_image_전체타겟,(0824) 혜택강조형_재입고이슈_치즈팝콘재입고 (KR2) (서연님),[26.08]F_I_PC치_전환_치즈팝콘재입고_혜택강조형_KR1.재입고이슈_.배너_끝없이손이가는치즈갈릭.__권미정_260824_제과_박서연,1306,15,17869.0,2
2026-09-01,(ASC) [제과_블트하] 26.08_블트깡출시_ASC_전환_image,(ASC) [제과_블트하] 26.08_블트하출시_ASC_전환_image,[26.08]F_I_BT칩_전환_블트칩출시_혜택강조형_KR2.진짜트러플비교_.배너_소비자보이스.트위터형.__김소희_260825_제과_박서연,36,0,782.0,0
2026-09-01,(마스터ASC)[제과_블트하] 26.07_블트깡출시_ASC_전환_video,(마스터ASC)[제과_블트하] 26.07_블트깡출시_ASC_전환_video,[26.09]F_V_BT깡_전환_블트깡출시_쩜오건_나폴리맛피아.KR1_var1.릴스_맛피아.슬기.X_1P__260901_제과_문형민,19,1,585.0,0
2026-09-01,[제과_블트하] 26.07_블트깡출시_수동_전환_video_전체타겟,0828_추성훈BP_블트칩출시 (맛피아) (KR2),[26.09]F_V_BT칩_전환_블트깡출시_쩜오건_나폴리맛피아.KR2_var5.릴스_렉카.슬기.X_1P__260901_제과_피재은,50690,538,606916.0,29
2026-09-01,(고효율 재러닝)[제과_블트하] 26.08_블트깡출시_ASC_전환_image/video_8M1W,(고효율 재러닝)[제과_블트하] 26.08_블트깡출시_ASC_전환_image/video_8M1W,[26.08]F_I_BT깡_전환_블트칩출시_혜택강조형_KR1.이탈리아_.배너_희소성.미슐랭셰프.__김소희_260825_제과_김수정,24,1,977.0,0
2026-09-01,[제과_블트하] 26.07_블트깡출시_수동_전환_image_전체타겟,0901_맛피아디벨롭_블트칩출시  (KR1/2),[26.08]F_I_BT칩_전환_블트칩출시_혜택강조형_나폴리맛피아.KR2_.배너_유명인인정아낌없이.첫과자콜라보.__김소희_260901_제과_김수정,306,2,5109.0,0
2026-08-24,[칩] (마스터ASC)[제과_블트하] 26.07_블트칩출시_ASC_전환_video,[칩] (마스터ASC)[제과_블트하] 26.07_블트칩출시_ASC_전환_video,[26.07]F_V_BT칩_전환_블트칩출시_쩜오건_3040페르소나강조.리셀.KR1_var1.릴스_중국산비교.X_1P_김소희_260724_제과_강경연,49,0,330.0,0
2026-08-24,(ASC) [제과_블트하] 26.07_블트칩출시_ASC_전환_image,(ASC)[제과_블트하] 26.07_블트칩출시_ASC_전환_image,[26.07]F_I_BT칩_전환_블트칩출시_혜택강조형_KR2_.릴스_모션.사무실맛잘알.__김소희_260729_제과_박서연,22,1,761.0,0
2026-08-24,(마스터ASC)[제과_블트하] 26.07_블트깡출시_ASC_전환_video,(마스터ASC)[제과_블트하] 26.07_블트깡출시_ASC_전환_video,[26.08]F_V_BT깡_전환_블트깡출시_혜택희소성_유인맨즈BP.이국주.KR1_var2.릴스_반값.슬기.X_1P_최나영_260818_제과_피재은,1,0,2.0,0
2026-08-24,[제과_블트하] 26.07_블트깡출시_수동_전환_image_전체타겟,0818_GFA유효배너_블트칩출시,[26.08]F_I_BT깡_전환_블트칩출시_혜택강조형_GFA베리_.배너_저번에사고너무맛있어서.__최나영_260818_제과_박서연,140,3,3265.0,0
2026-08-24,[제과_블트하] 26.07_블트깡출시_수동_전환_video_전체타겟,0820_검증포맷이식_블트깡출시 (KR1),[26.08]F_V_BT칩_전환_블트칩출시_쩜오건_시즈닝강조.이국주.KR1_var7.릴스_블트칩.반전.슬기.X_1P__260820_제과_문형민,317,3,5268.0,0
2026-08-24,[제과_블트하] 26.07_블트깡출시_수동_전환_image_전체타겟,0821_유행긴급성_블트칩출시 (KR1/2),[26.08]F_I_BT칩_전환_블트칩출시_혜택강조형_이국주.KR2_.배너_유행실체.대기업도.__김소희_260821_제과_김수정,41,1,1458.0,0
2026-08-25,[칩] (마스터ASC)[제과_블트하] 26.07_블트칩출시_ASC_전환_video,[칩] (마스터ASC)[제과_블트하] 26.07_블트칩출시_ASC_전환_video,[26.07]F_V_BT칩_전환_블트칩출시_쩜오건_3040페르소나강조.리셀.KR1_var1.릴스_중국산비교.X_1P_김소희_260724_제과_강경연,4,0,46.0,0
2026-08-25,(ASC) [제과_블트하] 26.07_블트칩출시_ASC_전환_image,(ASC)[제과_블트하] 26.07_블트칩출시_ASC_전환_image,[26.07]F_I_BT칩_전환_블트칩출시_혜택강조형_KR2_.릴스_모션.사무실맛잘알.__김소희_260729_제과_박서연,2,0,18.0,0
2026-08-25,[제과_블트하] 26.07_블트깡출시_수동_전환_image_전체타겟,0818_GFA유효배너_블트칩출시,[26.08]F_I_BT깡_전환_블트칩출시_혜택강조형_GFA베리_.배너_저번에사고너무맛있어서.__최나영_260818_제과_박서연,996,15,32159.0,1
2026-08-25,(ASC) [제과_블트하] 26.08_블트깡출시_ASC_전환_image,(ASC) [제과_블트하] 26.08_블트하출시_ASC_전환_image,[26.08]F_I_BT깡_전환_블트칩출시_혜택강조형_GFA베리_.배너_저번에사고너무맛있어서.__최나영_260818_제과_박서연,4,0,99.0,0
2026-08-25,[제과_블트하] 26.07_블트깡출시_수동_전환_video_전체타겟,0820_검증포맷이식_블트깡출시 (KR1),[26.08]F_V_BT칩_전환_블트칩출시_쩜오건_시즈닝강조.이국주.KR1_var7.릴스_블트칩.반전.슬기.X_1P__260820_제과_문형민,256,1,3528.0,0
2026-08-25,[제과_블트하] 26.07_블트깡출시_수동_전환_image_전체타겟,0821_유행긴급성_블트칩출시 (KR1/2),[26.08]F_I_BT칩_전환_블트칩출시_혜택강조형_이국주.KR2_.배너_유행실체.대기업도.__김소희_260821_제과_김수정,46,2,1385.0,0
2026-08-26,(ASC) [제과_블트하] 26.07_블트칩출시_ASC_전환_image,(ASC)[제과_블트하] 26.07_블트칩출시_ASC_전환_image,[26.07]F_I_BT칩_전환_블트칩출시_혜택강조형_KR2_.릴스_모션.사무실맛잘알.__김소희_260729_제과_박서연,35,0,795.0,0
2026-08-26,(마스터ASC)[제과_블트하] 26.07_블트깡출시_ASC_전환_video,(마스터ASC)[제과_블트하] 26.07_블트깡출시_ASC_전환_video,[26.08]F_V_BT깡_전환_블트깡출시_혜택희소성_유인맨즈BP.이국주.KR1_var2.릴스_반값.슬기.X_1P_최나영_260818_제과_피재은,3,0,20.0,0
2026-08-26,[제과_블트하] 26.07_블트깡출시_수동_전환_image_전체타겟,0818_GFA유효배너_블트칩출시,[26.08]F_I_BT깡_전환_블트칩출시_혜택강조형_GFA베리_.배너_저번에사고너무맛있어서.__최나영_260818_제과_박서연,1692,27,47995.0,3
2026-08-26,[제과_블트하] 26.07_블트깡출시_수동_전환_video_전체타겟,0820_검증포맷이식_블트깡출시 (KR1),[26.08]F_V_BT칩_전환_블트칩출시_쩜오건_시즈닝강조.이국주.KR1_var7.릴스_블트칩.반전.슬기.X_1P__260820_제과_문형민,1027,7,13300.0,1
2026-08-26,[제과_블트하] 26.07_블트깡출시_수동_전환_image_전체타겟,0821_유행긴급성_블트칩출시 (KR1/2),[26.08]F_I_BT칩_전환_블트칩출시_혜택강조형_이국주.KR2_.배너_유행실체.대기업도.__김소희_260821_제과_김수정,18,0,402.0,0
2026-08-27,[칩] (마스터ASC)[제과_블트하] 26.07_블트칩출시_ASC_전환_video,[칩] (마스터ASC)[제과_블트하] 26.07_블트칩출시_ASC_전환_video,[26.07]F_V_BT칩_전환_블트칩출시_쩜오건_3040페르소나강조.리셀.KR1_var1.릴스_중국산비교.X_1P_김소희_260724_제과_강경연,10204,140,204690.0,12
2026-08-27,[제과_블트하] 26.07_블트깡출시_수동_전환_video_전체타겟,0807_인덕션BP_블트칩출시 (KR1),[26.08]F_V_BT칩_전환_블트칩출시_신규BP_인덕션BP.KR1_var5.릴스_여러상황.X_1P_김소희_260807_제과_이봄1,3,0,23.0,0
2026-08-27,[제과_블트하] 26.07_블트깡출시_수동_전환_image_전체타겟,0818_GFA유효배너_블트칩출시,[26.08]F_I_BT깡_전환_블트칩출시_혜택강조형_GFA베리_.배너_저번에사고너무맛있어서.__최나영_260818_제과_박서연,360,3,13113.0,0
2026-08-27,[제과_블트하] 26.07_블트깡출시_수동_전환_video_전체타겟,0820_검증포맷이식_블트깡출시 (KR1),[26.08]F_V_BT칩_전환_블트칩출시_쩜오건_시즈닝강조.이국주.KR1_var7.릴스_블트칩.반전.슬기.X_1P__260820_제과_문형민,115,0,1370.0,1
2026-08-28,[제과_블트하] 26.07_블트깡출시_수동_전환_video_전체타겟,0820_검증포맷이식_블트깡출시 (KR1),[26.08]F_V_BT칩_전환_블트칩출시_쩜오건_시즈닝강조.이국주.KR1_var7.릴스_블트칩.반전.슬기.X_1P__260820_제과_문형민,150,2,1841.0,0
2026-08-28,[제과_블트하] 26.07_블트깡출시_수동_전환_video_전체타겟,0828_베이직BP_블트깡출시 (맛피아) (KR1),[26.09]F_V_BT칩_전환_블트깡출시_신규BP_베이직BP.나폴리맛피아.KR1_var4.릴스_맛피아실체1.X_1P__260901_제과_문형민,535,11,11772.0,1
2026-08-28,[제과_치즈팝콘] 26.08_치즈팝콘출시_수동_전환_video_전체타겟,(0828) 인플루언서형_치즈팝콘재입고 (KR1) (미진님),[26.09]F_V_PC치_전환_치즈팝콘재입고_인플루언서형_인플루언서.KR1_var1.릴스_배달팝콘강조.X_2P_권미정_260901_제과_이미진,189,1,2453.0,0
2026-08-28,(마스터ASC)[제과_블트하] 26.07_블트깡출시_ASC_전환_video,(마스터ASC)[제과_블트하] 26.07_블트깡출시_ASC_전환_video,[26.09]F_V_BT칩_전환_블트깡출시_단순소구형_마미케어BP.나폴리맛피아.KR4_var1.릴스_맛피아찐템모먼트.X_2P__260901_제과_최재원,1194,27,24675.0,1
2026-08-29,[제과_블트하] 26.07_블트깡출시_수동_전환_video_전체타겟,0807_인덕션BP_블트칩출시 (KR1),[26.08]F_V_BT칩_전환_블트칩출시_신규BP_인덕션BP.KR1_var5.릴스_여러상황.X_1P_김소희_260807_제과_이봄1,9,0,92.0,0
2026-08-29,[제과_블트하] 26.07_블트깡출시_수동_전환_video_전체타겟,0828_베이직BP_블트깡출시 (맛피아) (KR1),[26.09]F_V_BT칩_전환_블트깡출시_신규BP_베이직BP.나폴리맛피아.KR1_var4.릴스_맛피아실체1.X_1P__260901_제과_문형민,766,8,14486.0,1
2026-08-29,(마스터ASC)[제과_블트하] 26.07_블트깡출시_ASC_전환_video,(마스터ASC)[제과_블트하] 26.07_블트깡출시_ASC_전환_video,[26.09]F_V_BT칩_전환_블트깡출시_기타_배너.메시지검증_var1.배너_안주.2안.X_2P__260901_제과_최재원,2,0,5.0,0
2026-08-29,(마스터ASC)[제과_블트하] 26.07_블트깡출시_ASC_전환_video,(마스터ASC)[제과_블트하] 26.07_블트깡출시_ASC_전환_video,[26.09]F_V_BT칩_전환_블트깡출시_기타_배너.메시지검증_main.배너_안주.1안.X_2P__260901_제과_최재원,2,0,1.0,0
2026-08-29,[제과_치즈팝콘] 26.08_치즈팝콘출시_수동_전환_video_전체타겟,(0828) 인플루언서형_치즈팝콘재입고 (KR1) (미진님),[26.09]F_V_PC치_전환_치즈팝콘재입고_인플루언서형_인플루언서.KR1_var1.릴스_배달팝콘강조.X_2P_권미정_260901_제과_이미진,119,1,1860.0,0
2026-08-29,(마스터ASC)[제과_블트하] 26.07_블트깡출시_ASC_전환_video,(마스터ASC)[제과_블트하] 26.07_블트깡출시_ASC_전환_video,[26.09]F_V_BT칩_전환_블트깡출시_단순소구형_마미케어BP.나폴리맛피아.KR4_var1.릴스_맛피아찐템모먼트.X_2P__260901_제과_최재원,863,10,20546.0,1
2026-08-30,(마스터ASC)[제과_블트하] 26.07_블트깡출시_ASC_전환_video,(마스터ASC)[제과_블트하] 26.07_블트깡출시_ASC_전환_video,[26.08]F_V_BT깡_전환_블트깡출시_혜택희소성_유인맨즈BP.이국주.KR1_var2.릴스_반값.슬기.X_1P_최나영_260818_제과_피재은,3,0,65.0,0
2026-08-30,[제과_블트하] 26.07_블트깡출시_수동_전환_video_전체타겟,0828_베이직BP_블트깡출시 (맛피아) (KR1),[26.09]F_V_BT칩_전환_블트깡출시_신규BP_베이직BP.나폴리맛피아.KR1_var4.릴스_맛피아실체1.X_1P__260901_제과_문형민,1048,13,17723.0,0
2026-08-30,(마스터ASC)[제과_블트하] 26.07_블트깡출시_ASC_전환_video,(마스터ASC)[제과_블트하] 26.07_블트깡출시_ASC_전환_video,[26.09]F_V_BT칩_전환_블트깡출시_기타_배너.메시지검증_var1.배너_안주.2안.X_2P__260901_제과_최재원,2,0,8.0,0
2026-08-30,(마스터ASC)[제과_블트하] 26.07_블트깡출시_ASC_전환_video,(마스터ASC)[제과_블트하] 26.07_블트깡출시_ASC_전환_video,[26.09]F_V_BT칩_전환_블트깡출시_기타_배너.메시지검증_main.배너_안주.1안.X_2P__260901_제과_최재원,1,0,3.0,0
2026-08-30,[제과_치즈팝콘] 26.08_치즈팝콘출시_수동_전환_video_전체타겟,(0828) 인플루언서형_치즈팝콘재입고 (KR1) (미진님),[26.09]F_V_PC치_전환_치즈팝콘재입고_인플루언서형_인플루언서.KR1_var1.릴스_배달팝콘강조.X_2P_권미정_260901_제과_이미진,73,1,1008.0,0
2026-08-31,[제과_블트하] 26.07_블트깡출시_수동_전환_video_전체타겟,0807_인덕션BP_블트칩출시 (KR1),[26.08]F_V_BT칩_전환_블트칩출시_신규BP_인덕션BP.KR1_var5.릴스_여러상황.X_1P_김소희_260807_제과_이봄1,5,2,36.0,1
2026-08-31,(ASC) [제과_블트하] 26.08_블트깡출시_ASC_전환_image,(ASC) [제과_블트하] 26.08_블트하출시_ASC_전환_image,[26.08]F_I_BT깡_전환_블트칩출시_혜택강조형_GFA베리_.배너_저번에사고너무맛있어서.__최나영_260818_제과_박서연,3,0,45.0,0
2026-08-31,[제과_치즈팝콘] 26.08_치즈팝콘출시_수동_전환_video_전체타겟,(0828) 인플루언서형_치즈팝콘재입고 (KR1) (미진님),[26.09]F_V_PC치_전환_치즈팝콘재입고_인플루언서형_인플루언서.KR1_var1.릴스_배달팝콘강조.X_2P_권미정_260901_제과_이미진,549,7,10411.0,0
2026-09-01,(마스터ASC)[제과_블트하] 26.07_블트깡출시_ASC_전환_video,(마스터ASC)[제과_블트하] 26.07_블트깡출시_ASC_전환_video,[26.09]F_V_BT칩_전환_블트깡출시_기타_배너.메시지검증_var1.배너_안주.2안.X_2P__260901_제과_최재원,2,0,6.0,0
2026-09-01,[제과_치즈팝콘] 26.08_치즈팝콘출시_수동_전환_video_전체타겟,(0828) 인플루언서형_치즈팝콘재입고 (KR1) (미진님),[26.09]F_V_PC치_전환_치즈팝콘재입고_인플루언서형_인플루언서.KR1_var1.릴스_배달팝콘강조.X_2P_권미정_260901_제과_이미진,212,1,3669.0,0
2026-08-24,[칩] (마스터ASC)[제과_블트하] 26.07_블트칩출시_ASC_전환_video,[칩] (마스터ASC)[제과_블트하] 26.07_블트칩출시_ASC_전환_video,[26.08]F_V_BT혼_전환_블트칩출시_신규BP_풀리오BP.KR1_var5.릴스_중독성후킹.남편.X_2P_최나영_260801_제과_이봄1,1,0,33.0,0
2026-08-24,(ASC) [제과_블트하] 26.08_블트깡출시_ASC_전환_image,(ASC) [제과_블트하] 26.08_블트하출시_ASC_전환_image,[26.08]F_I_BT깡_전환_블트칩출시_혜택강조형_KR1_.릴스_안다르미닉스bp.까다롭게맥주안주찾던.__김소희_260806_제과_박지현,34,0,542.0,0
2026-08-24,[제과_블트하] 26.07_블트깡출시_수동_전환_video_전체타겟,0811_라이브커머스형_블트깡출시 (KR1),[26.08]F_V_BT깡_전환_블트깡출시_라이브커머스형_라이브커머스형.KR1_var1.릴스_찐템강조.주변.슬기.X_1P_김소희_260811_제과_피재은,2,0,96.0,0
2026-08-24,(ASC) [제과_블트하] 26.08_블트깡출시_ASC_전환_image,(ASC) [제과_블트하] 26.08_블트하출시_ASC_전환_image,[26.08]F_I_BT깡_전환_블트칩출시_혜택강조형_이국주_.배너_다시는없어요.__김소희_260814_제과_김수정,22,1,283.0,0
2026-08-24,[제과_블트하] 26.07_블트깡출시_수동_전환_image_전체타겟,0818_GFA유효배너_블트칩출시,[26.08]F_I_BT칩_전환_블트칩출시_혜택강조형_GFA베리_.배너_계속손가는맛이라넷플간식으로.__최나영_260818_제과_박서연,85,4,2147.0,0
2026-08-25,[칩] (마스터ASC)[제과_블트하] 26.07_블트칩출시_ASC_전환_video,[칩] (마스터ASC)[제과_블트하] 26.07_블트칩출시_ASC_전환_video,[26.08]F_V_BT혼_전환_블트칩출시_신규BP_풀리오BP.KR1_var5.릴스_중독성후킹.남편.X_2P_최나영_260801_제과_이봄1,7,0,106.0,0
2026-08-25,(ASC) [제과_블트하] 26.08_블트깡출시_ASC_전환_image,(ASC) [제과_블트하] 26.08_블트하출시_ASC_전환_image,[26.08]F_I_BT깡_전환_블트칩출시_혜택강조형_KR1_.릴스_안다르미닉스bp.까다롭게맥주안주찾던.__김소희_260806_제과_박지현,41,1,1289.0,0
2026-08-25,(ASC) [제과_블트하] 26.08_블트깡출시_ASC_전환_image,(ASC) [제과_블트하] 26.08_블트하출시_ASC_전환_image,[26.08]F_I_BT깡_전환_블트칩출시_혜택강조형_이국주_.배너_다시는없어요.__김소희_260814_제과_김수정,56,1,1980.0,0
2026-08-25,[제과_블트하] 26.07_블트깡출시_수동_전환_image_전체타겟,0818_GFA유효배너_블트칩출시,[26.08]F_I_BT칩_전환_블트칩출시_혜택강조형_GFA베리_.배너_계속손가는맛이라넷플간식으로.__최나영_260818_제과_박서연,122,5,3916.0,1
2026-08-26,[칩] (마스터ASC)[제과_블트하] 26.07_블트칩출시_ASC_전환_video,[칩] (마스터ASC)[제과_블트하] 26.07_블트칩출시_ASC_전환_video,[26.08]F_V_BT혼_전환_블트칩출시_신규BP_풀리오BP.KR1_var1.릴스_내부BP후킹.남편.X_2P_최나영_260801_제과_이봄1,19,2,218.0,0
2026-08-26,(ASC) [제과_블트하] 26.08_블트깡출시_ASC_전환_image,(ASC) [제과_블트하] 26.08_블트하출시_ASC_전환_image,[26.08]F_I_BT깡_전환_블트칩출시_혜택강조형_KR1_.릴스_안다르미닉스bp.까다롭게맥주안주찾던.__김소희_260806_제과_박지현,72,1,1413.0,1
2026-08-26,(ASC) [제과_블트하] 26.08_블트깡출시_ASC_전환_image,(ASC) [제과_블트하] 26.08_블트하출시_ASC_전환_image,[26.08]F_I_BT깡_전환_블트칩출시_혜택강조형_이국주_.배너_다시는없어요.__김소희_260814_제과_김수정,52,3,1622.0,0
2026-08-26,[제과_블트하] 26.07_블트깡출시_수동_전환_image_전체타겟,0818_GFA유효배너_블트칩출시,[26.08]F_I_BT칩_전환_블트칩출시_혜택강조형_GFA베리_.배너_계속손가는맛이라넷플간식으로.__최나영_260818_제과_박서연,71,0,1524.0,0
2026-08-27,[칩] (마스터ASC)[제과_블트하] 26.07_블트칩출시_ASC_전환_video,[칩] (마스터ASC)[제과_블트하] 26.07_블트칩출시_ASC_전환_video,[26.08]F_V_BT혼_전환_블트칩출시_신규BP_풀리오BP.KR1_var1.릴스_내부BP후킹.남편.X_2P_최나영_260801_제과_이봄1,121,1,3613.0,0
2026-08-27,[칩] (마스터ASC)[제과_블트하] 26.07_블트칩출시_ASC_전환_video,[칩] (마스터ASC)[제과_블트하] 26.07_블트칩출시_ASC_전환_video,[26.08]F_V_BT혼_전환_블트칩출시_신규BP_풀리오BP.KR1_var5.릴스_중독성후킹.남편.X_2P_최나영_260801_제과_이봄1,19,0,186.0,0
2026-08-27,(ASC) [제과_블트하] 26.08_블트깡출시_ASC_전환_image,(ASC) [제과_블트하] 26.08_블트하출시_ASC_전환_image,[26.08]F_I_BT깡_전환_블트칩출시_혜택강조형_KR1_.릴스_안다르미닉스bp.까다롭게맥주안주찾던.__김소희_260806_제과_박지현,251,6,5207.0,0
2026-08-27,(ASC) [제과_블트하] 26.08_블트깡출시_ASC_전환_image,(ASC) [제과_블트하] 26.08_블트하출시_ASC_전환_image,[26.08]F_I_BT깡_전환_블트칩출시_혜택강조형_이국주_.배너_다시는없어요.__김소희_260814_제과_김수정,15,0,759.0,0
2026-08-27,[제과_블트하] 26.07_블트깡출시_수동_전환_image_전체타겟,0818_GFA유효배너_블트칩출시,[26.08]F_I_BT칩_전환_블트칩출시_혜택강조형_GFA베리_.배너_계속손가는맛이라넷플간식으로.__최나영_260818_제과_박서연,11,0,261.0,0
2026-08-28,[칩] (마스터ASC)[제과_블트하] 26.07_블트칩출시_ASC_전환_video,[칩] (마스터ASC)[제과_블트하] 26.07_블트칩출시_ASC_전환_video,[26.08]F_V_BT혼_전환_블트칩출시_신규BP_풀리오BP.KR1_var1.릴스_내부BP후킹.남편.X_2P_최나영_260801_제과_이봄1,76,3,1613.0,0
2026-08-28,(ASC) [제과_블트하] 26.08_블트깡출시_ASC_전환_image,(ASC) [제과_블트하] 26.08_블트하출시_ASC_전환_image,[26.08]F_I_BT깡_전환_블트칩출시_혜택강조형_KR1_.릴스_안다르미닉스bp.까다롭게맥주안주찾던.__김소희_260806_제과_박지현,166,3,3170.0,0
2026-08-28,(ASC) [제과_블트하] 26.08_블트깡출시_ASC_전환_image,(ASC) [제과_블트하] 26.08_블트하출시_ASC_전환_image,[26.08]F_I_BT깡_전환_블트칩출시_혜택강조형_이국주_.배너_다시는없어요.__김소희_260814_제과_김수정,1,0,26.0,0
2026-08-28,[제과_블트하] 26.07_블트깡출시_수동_전환_video_전체타겟,0828_재원님재편집_블트칩출시 (맛피아) (신규KR),[26.09]F_V_BT칩_전환_블트깡출시_기타_배너.메시지검증_var1.배너_안주.2안.X_2P__260901_제과_최재원,102,0,2407.0,0
2026-08-28,[제과_블트하] 26.07_블트깡출시_수동_전환_image_전체타겟,0901_맛피아디벨롭_블트칩출시  (KR1/2),[26.08]F_I_BT칩_전환_블트칩출시_혜택강조형_나폴리맛피아.KR1_.배너_손해감수.가스냄새말고.__김소희_260828_제과_김수정,44,0,1427.0,0
2026-08-29,[칩] (마스터ASC)[제과_블트하] 26.07_블트칩출시_ASC_전환_video,[칩] (마스터ASC)[제과_블트하] 26.07_블트칩출시_ASC_전환_video,[26.08]F_V_BT혼_전환_블트칩출시_신규BP_풀리오BP.KR1_var1.릴스_내부BP후킹.남편.X_2P_최나영_260801_제과_이봄1,20,0,354.0,0
2026-08-29,(ASC) [제과_블트하] 26.08_블트깡출시_ASC_전환_image,(ASC) [제과_블트하] 26.08_블트하출시_ASC_전환_image,[26.08]F_I_BT깡_전환_블트칩출시_혜택강조형_KR1_.릴스_안다르미닉스bp.까다롭게맥주안주찾던.__김소희_260806_제과_박지현,102,2,1719.0,0
2026-08-29,[제과_블트하] 26.07_블트깡출시_수동_전환_video_전체타겟,0828_재원님재편집_블트칩출시 (맛피아) (신규KR),[26.09]F_V_BT칩_전환_블트깡출시_기타_배너.메시지검증_var1.배너_안주.2안.X_2P__260901_제과_최재원,122,3,2866.0,0
2026-08-29,[제과_블트하] 26.07_블트깡출시_수동_전환_image_전체타겟,0901_맛피아디벨롭_블트칩출시  (KR1/2),[26.08]F_I_BT칩_전환_블트칩출시_혜택강조형_나폴리맛피아.KR1_.배너_손해감수.가스냄새말고.__김소희_260828_제과_김수정,239,6,9962.0,0
2026-08-30,[칩] (마스터ASC)[제과_블트하] 26.07_블트칩출시_ASC_전환_video,[칩] (마스터ASC)[제과_블트하] 26.07_블트칩출시_ASC_전환_video,[26.08]F_V_BT혼_전환_블트칩출시_신규BP_풀리오BP.KR1_var1.릴스_내부BP후킹.남편.X_2P_최나영_260801_제과_이봄1,384,8,10843.0,0
2026-08-30,[칩] (마스터ASC)[제과_블트하] 26.07_블트칩출시_ASC_전환_video,[칩] (마스터ASC)[제과_블트하] 26.07_블트칩출시_ASC_전환_video,[26.08]F_V_BT혼_전환_블트칩출시_신규BP_풀리오BP.KR1_var5.릴스_중독성후킹.남편.X_2P_최나영_260801_제과_이봄1,204,6,5304.0,1
2026-08-30,(ASC) [제과_블트하] 26.08_블트깡출시_ASC_전환_image,(ASC) [제과_블트하] 26.08_블트하출시_ASC_전환_image,[26.08]F_I_BT깡_전환_블트칩출시_혜택강조형_KR1_.릴스_안다르미닉스bp.까다롭게맥주안주찾던.__김소희_260806_제과_박지현,118,1,3506.0,0
2026-08-30,[제과_블트하] 26.07_블트깡출시_수동_전환_video_전체타겟,0828_재원님재편집_블트칩출시 (맛피아) (신규KR),[26.09]F_V_BT칩_전환_블트깡출시_기타_배너.메시지검증_var1.배너_안주.2안.X_2P__260901_제과_최재원,29,0,771.0,0
2026-08-30,[제과_블트하] 26.07_블트깡출시_수동_전환_image_전체타겟,0901_맛피아디벨롭_블트칩출시  (KR1/2),[26.08]F_I_BT칩_전환_블트칩출시_혜택강조형_나폴리맛피아.KR1_.배너_손해감수.가스냄새말고.__김소희_260828_제과_김수정,132,3,4146.0,1
2026-08-31,[칩] (마스터ASC)[제과_블트하] 26.07_블트칩출시_ASC_전환_video,[칩] (마스터ASC)[제과_블트하] 26.07_블트칩출시_ASC_전환_video,[26.08]F_V_BT혼_전환_블트칩출시_신규BP_풀리오BP.KR1_var1.릴스_내부BP후킹.남편.X_2P_최나영_260801_제과_이봄1,7831,104,189409.0,12
2026-08-31,[칩] (마스터ASC)[제과_블트하] 26.07_블트칩출시_ASC_전환_video,[칩] (마스터ASC)[제과_블트하] 26.07_블트칩출시_ASC_전환_video,[26.08]F_V_BT혼_전환_블트칩출시_신규BP_풀리오BP.KR1_var5.릴스_중독성후킹.남편.X_2P_최나영_260801_제과_이봄1,4131,46,85413.0,6
2026-08-31,(ASC) [제과_블트하] 26.08_블트깡출시_ASC_전환_image,(ASC) [제과_블트하] 26.08_블트하출시_ASC_전환_image,[26.08]F_I_BT깡_전환_블트칩출시_혜택강조형_KR1_.릴스_안다르미닉스bp.까다롭게맥주안주찾던.__김소희_260806_제과_박지현,70,1,1627.0,0
2026-08-31,[제과_블트하] 26.07_블트깡출시_수동_전환_video_전체타겟,0828_재원님재편집_블트칩출시 (맛피아) (신규KR),[26.09]F_V_BT칩_전환_블트깡출시_기타_배너.메시지검증_var1.배너_안주.2안.X_2P__260901_제과_최재원,27,0,668.0,0
2026-08-31,[제과_블트하] 26.07_블트깡출시_수동_전환_image_전체타겟,0901_맛피아디벨롭_블트칩출시  (KR1/2),[26.08]F_I_BT칩_전환_블트칩출시_혜택강조형_나폴리맛피아.KR1_.배너_손해감수.가스냄새말고.__김소희_260828_제과_김수정,335,4,14029.0,0
2026-09-01,[칩] (마스터ASC)[제과_블트하] 26.07_블트칩출시_ASC_전환_video,[칩] (마스터ASC)[제과_블트하] 26.07_블트칩출시_ASC_전환_video,[26.08]F_V_BT혼_전환_블트칩출시_신규BP_풀리오BP.KR1_var1.릴스_내부BP후킹.남편.X_2P_최나영_260801_제과_이봄1,17938,276,470662.0,28
2026-09-01,[칩] (마스터ASC)[제과_블트하] 26.07_블트칩출시_ASC_전환_video,[칩] (마스터ASC)[제과_블트하] 26.07_블트칩출시_ASC_전환_video,[26.08]F_V_BT혼_전환_블트칩출시_신규BP_풀리오BP.KR1_var5.릴스_중독성후킹.남편.X_2P_최나영_260801_제과_이봄1,1232,10,28280.0,1
2026-09-01,(ASC) [제과_블트하] 26.08_블트깡출시_ASC_전환_image,(ASC) [제과_블트하] 26.08_블트하출시_ASC_전환_image,[26.08]F_I_BT깡_전환_블트칩출시_혜택강조형_KR1_.릴스_안다르미닉스bp.까다롭게맥주안주찾던.__김소희_260806_제과_박지현,781,13,17521.0,1
2026-09-01,(ASC) [제과_블트하] 26.08_블트깡출시_ASC_전환_image,(ASC) [제과_블트하] 26.08_블트하출시_ASC_전환_image,[26.08]F_I_BT깡_전환_블트칩출시_혜택강조형_이국주_.배너_다시는없어요.__김소희_260814_제과_김수정,9,0,165.0,0
2026-09-01,[제과_블트하] 26.07_블트깡출시_수동_전환_video_전체타겟,0828_재원님재편집_블트칩출시 (맛피아) (신규KR),[26.09]F_V_BT칩_전환_블트깡출시_기타_배너.메시지검증_var1.배너_안주.2안.X_2P__260901_제과_최재원,5,0,21.0,0
2026-08-24,(ASC) [제과_블트하] 26.07_블트칩출시_ASC_전환_image,(ASC)[제과_블트하] 26.07_블트칩출시_ASC_전환_image,[26.07]F_I_BT혼_전환_블트칩출시_혜택강조형_KR1_.피드_쌀때쟁이세요.__김소희_260728_제과_김수정,7,0,93.0,0
2026-08-24,(ASC) [제과_블트하] 26.07_블트깡출시_ASC_전환_image,(ASC)[제과_블트하] 26.07_블트깡출시_ASC_전환_image,[26.07]F_I_BT칩_전환_블트칩출시_혜택강조형_KR2_.배너_캠핑장에서.__최나영_260730_제과_김수정,891,11,13865.0,0
2026-08-24,(ASC) [제과_블트하] 26.07_블트깡출시_ASC_전환_image,(ASC)[제과_블트하] 26.07_블트깡출시_ASC_전환_image,[26.08]F_I_BT칩_전환_블트칩출시_혜택강조형_KR1_.피드_리뷰형.입맛까다로운남편.__김소희_260805_제과_박서연,25,0,987.0,0
2026-08-24,(ASC) [제과_블트하] 26.08_블트깡출시_ASC_전환_image,(ASC) [제과_블트하] 26.08_블트하출시_ASC_전환_image,[26.08]F_I_BT칩_전환_블트칩출시_혜택강조형_KR1_.릴스_심리자극.살림잘하는엄마.__김소희_260807_제과_김수정,33,0,564.0,0
2026-08-24,[제과_블트하] 26.07_블트깡출시_수동_전환_image_전체타겟,0825_트러플권위_블트칩출시 (KR2),[26.08]F_I_BT깡_전환_블트칩출시_유명인권위형_이국주.KR2_.릴스_옆자리에서.유행강조.__김소희_260814_제과_김수정,8,0,181.0,0
2026-08-24,(마스터ASC)[제과_블트하] 26.07_블트깡출시_ASC_전환_video,(마스터ASC)[제과_블트하] 26.07_블트깡출시_ASC_전환_video,[26.08]F_V_BT혼_전환_블트칩출시_신규BP_젤리백BP.이국주.KR1_var3.릴스_이국주+어그로.X_2P_최나영_260814_제과_이봄1,1,0,64.0,0
2026-08-24,(ASC) [제과_블트하] 26.08_블트깡출시_ASC_전환_image,(ASC) [제과_블트하] 26.08_블트하출시_ASC_전환_image,[26.08]F_I_BT혼_전환_블트칩출시_혜택강조형_이국주_.배너_요즘품절대란이라는.__김소희_260814_제과_김수정,22,0,773.0,0
2026-08-24,(ASC) [제과_블트하] 26.08_블트깡출시_ASC_전환_image,(ASC) [제과_블트하] 26.08_블트하출시_ASC_전환_image,[26.08]F_I_BT깡_전환_블트칩출시_유명인권위형_이국주.KR2_.릴스_내부직원도.__김소희_260814_제과_김수정,15,0,473.0,0
2026-08-24,(ASC) [제과_블트하] 26.08_블트깡출시_ASC_전환_image,(ASC) [제과_블트하] 26.08_블트하출시_ASC_전환_image,[26.08]F_I_BT칩_전환_블트칩출시_혜택강조형_GFA베리_.배너_제껀데남편이다먹어서.__최나영_260818_제과_박서연,1,0,7.0,0
2026-08-24,[제과_블트하] 26.07_블트깡출시_수동_전환_video_전체타겟,0820_검증포맷이식_블트깡출시 (KR1),[26.08]F_V_BT깡_전환_블트깡출시_쩜오건_시즈닝강조.이국주.KR1_var1.릴스_블트깡.시즈닝신상.슬기.X_1P__260820_제과_문형민,693,8,11985.0,2
2026-08-24,[제과_치즈팝콘] 26.08_치즈팝콘출시_수동_전환_video_전체타겟,(0824) CS전화네고형_치즈팝콘재입고 (KR2) (미진님),[26.08]F_V_PC치_전환_치즈팝콘재입고_네고형_CS전화네고.KR2_main.릴스_공통시작.X_2P_권미정_260824_제과_이미진,1283,23,20448.0,4
2026-08-25,[제과_치즈팝콘] 26.08_치즈팝콘출시_수동_전환_video_전체타겟,"(0805) 쩜오건_치즈팝콘출시 (KR1) (재은,성미님)",[26.08]F_V_PC치_전환_치즈팝콘출시_쩜오건_초코송이BP_var4.릴스_아이스크림.황치즈.X_2P_권미정_260805_제과_윤성미,38,0,801.0,0
2026-08-25,(ASC) [제과_블트하] 26.07_블트깡출시_ASC_전환_image,(ASC)[제과_블트하] 26.07_블트깡출시_ASC_전환_image,[26.08]F_I_BT칩_전환_블트칩출시_혜택강조형_KR1_.피드_리뷰형.입맛까다로운남편.__김소희_260805_제과_박서연,705,8,19641.0,4
2026-08-25,(ASC) [제과_블트하] 26.08_블트깡출시_ASC_전환_image,(ASC) [제과_블트하] 26.08_블트하출시_ASC_전환_image,[26.08]F_I_BT칩_전환_블트칩출시_혜택강조형_KR1_.릴스_심리자극.살림잘하는엄마.__김소희_260807_제과_김수정,1,0,5.0,0
2026-08-25,(ASC) [제과_블트하] 26.08_블트깡출시_ASC_전환_image,(ASC) [제과_블트하] 26.08_블트하출시_ASC_전환_image,[26.08]F_I_BT혼_전환_블트칩출시_혜택강조형_이국주_.배너_요즘품절대란이라는.__김소희_260814_제과_김수정,3,0,58.0,0
2026-08-25,(ASC) [제과_블트하] 26.08_블트깡출시_ASC_전환_image,(ASC) [제과_블트하] 26.08_블트하출시_ASC_전환_image,[26.08]F_I_BT깡_전환_블트칩출시_유명인권위형_이국주.KR2_.릴스_내부직원도.__김소희_260814_제과_김수정,47,0,1591.0,0
2026-08-25,(마스터ASC)[제과_블트하] 26.07_블트깡출시_ASC_전환_video,(마스터ASC)[제과_블트하] 26.07_블트깡출시_ASC_전환_video,[26.08]F_V_BT깡_전환_블트깡출시_혜택희소성_유인맨즈BP.이국주.KR1_var3.릴스_크래커비교.슬기.X_1P_최나영_260818_제과_피재은,3,0,15.0,0
2026-08-25,[제과_블트하] 26.07_블트깡출시_수동_전환_video_전체타겟,0820_검증포맷이식_블트깡출시 (KR1),[26.08]F_V_BT깡_전환_블트깡출시_쩜오건_시즈닝강조.이국주.KR1_var1.릴스_블트깡.시즈닝신상.슬기.X_1P__260820_제과_문형민,332,2,5356.0,0
2026-08-25,[칩] (마스터ASC)[제과_블트하] 26.07_블트칩출시_ASC_전환_video,[칩] (마스터ASC)[제과_블트하] 26.07_블트칩출시_ASC_전환_video,[26.08]F_V_BT칩_전환_블트칩출시_네고형_직원네고형.이국주.KR1_var2.릴스_ver2.시즈닝강조.슬기.X_1P__260821_제과_문형민,7353,118,149697.0,2
2026-08-25,[제과_치즈팝콘] 26.08_치즈팝콘출시_수동_전환_video_전체타겟,(0824) CS전화네고형_치즈팝콘재입고 (KR2) (미진님),[26.08]F_V_PC치_전환_치즈팝콘재입고_네고형_CS전화네고.KR2_main.릴스_공통시작.X_2P_권미정_260824_제과_이미진,10276,166,160077.0,10
2026-08-26,[제과_치즈팝콘] 26.08_치즈팝콘출시_수동_전환_video_전체타겟,"(0805) 쩜오건_치즈팝콘출시 (KR1) (재은,성미님)",[26.08]F_V_PC치_전환_치즈팝콘출시_쩜오건_초코송이BP_var4.릴스_아이스크림.황치즈.X_2P_권미정_260805_제과_윤성미,81,1,1098.0,0
2026-08-26,(ASC) [제과_블트하] 26.07_블트깡출시_ASC_전환_image,(ASC)[제과_블트하] 26.07_블트깡출시_ASC_전환_image,[26.08]F_I_BT칩_전환_블트칩출시_혜택강조형_KR1_.피드_리뷰형.입맛까다로운남편.__김소희_260805_제과_박서연,484,10,11676.0,1
2026-08-26,[제과_블트하] 26.07_블트깡출시_수동_전환_video_전체타겟,0807_인덕션BP_블트칩출시 (KR1),[26.08]F_V_BT칩_전환_블트칩출시_신규BP_인덕션BP.KR1_var2.릴스_돈안아까움.X_1P_김소희_260807_제과_이봄1,1,0,4.0,0
2026-08-26,(ASC) [제과_블트하] 26.08_블트깡출시_ASC_전환_image,(ASC) [제과_블트하] 26.08_블트하출시_ASC_전환_image,[26.08]F_I_BT칩_전환_블트칩출시_혜택강조형_KR1_.릴스_다시는없어요.__김소희_260807_제과_박서연,3,0,35.0,0
2026-08-26,(ASC) [제과_블트하] 26.08_블트깡출시_ASC_전환_image,(ASC) [제과_블트하] 26.08_블트하출시_ASC_전환_image,[26.08]F_I_BT칩_전환_블트칩출시_혜택강조형_KR1_.릴스_심리자극.살림잘하는엄마.__김소희_260807_제과_김수정,55,0,1309.0,0
2026-08-26,[제과_블트하] 26.07_블트깡출시_수동_전환_image_전체타겟,0825_트러플권위_블트칩출시 (KR2),[26.08]F_I_BT깡_전환_블트칩출시_유명인권위형_이국주.KR2_.릴스_옆자리에서.유행강조.__김소희_260814_제과_김수정,1,0,14.0,0
2026-08-26,(ASC) [제과_블트하] 26.08_블트깡출시_ASC_전환_image,(ASC) [제과_블트하] 26.08_블트하출시_ASC_전환_image,[26.08]F_I_BT깡_전환_블트칩출시_유명인권위형_이국주.KR2_.릴스_내부직원도.__김소희_260814_제과_김수정,77,1,1972.0,0
2026-08-26,[제과_블트하] 26.07_블트깡출시_수동_전환_video_전체타겟,0820_검증포맷이식_블트깡출시 (KR1),[26.08]F_V_BT깡_전환_블트깡출시_쩜오건_시즈닝강조.이국주.KR1_var1.릴스_블트깡.시즈닝신상.슬기.X_1P__260820_제과_문형민,2295,23,30058.0,2
2026-08-26,[제과_치즈팝콘] 26.08_치즈팝콘출시_수동_전환_video_전체타겟,(0824) CS전화네고형_치즈팝콘재입고 (KR2) (미진님),[26.08]F_V_PC치_전환_치즈팝콘재입고_네고형_CS전화네고.KR2_main.릴스_공통시작.X_2P_권미정_260824_제과_이미진,8266,145,120478.0,7
2026-08-27,(ASC) [제과_블트하] 26.07_블트칩출시_ASC_전환_image,(ASC)[제과_블트하] 26.07_블트칩출시_ASC_전환_image,[26.07]F_I_BT혼_전환_블트칩출시_혜택강조형_KR1_.피드_쌀때쟁이세요.__김소희_260728_제과_김수정,16,0,308.0,0
2026-08-27,[제과_치즈팝콘] 26.08_치즈팝콘출시_수동_전환_video_전체타겟,"(0805) 쩜오건_치즈팝콘출시 (KR1) (재은,성미님)",[26.08]F_V_PC치_전환_치즈팝콘출시_쩜오건_초코송이BP_var4.릴스_아이스크림.황치즈.X_2P_권미정_260805_제과_윤성미,211,3,3576.0,1
2026-08-27,(ASC) [제과_블트하] 26.07_블트깡출시_ASC_전환_image,(ASC)[제과_블트하] 26.07_블트깡출시_ASC_전환_image,[26.08]F_I_BT칩_전환_블트칩출시_혜택강조형_KR1_.피드_리뷰형.입맛까다로운남편.__김소희_260805_제과_박서연,101,2,1925.0,0
2026-08-27,[제과_블트하] 26.07_블트깡출시_수동_전환_video_전체타겟,0807_인덕션BP_블트칩출시 (KR1),[26.08]F_V_BT칩_전환_블트칩출시_신규BP_인덕션BP.KR1_var2.릴스_돈안아까움.X_1P_김소희_260807_제과_이봄1,2,0,26.0,0
2026-08-27,(ASC) [제과_블트하] 26.08_블트깡출시_ASC_전환_image,(ASC) [제과_블트하] 26.08_블트하출시_ASC_전환_image,[26.08]F_I_BT칩_전환_블트칩출시_혜택강조형_KR1_.릴스_심리자극.살림잘하는엄마.__김소희_260807_제과_김수정,15,1,266.0,0
2026-08-27,[제과_블트하] 26.07_블트깡출시_수동_전환_image_전체타겟,0825_트러플권위_블트칩출시 (KR2),[26.08]F_I_BT깡_전환_블트칩출시_유명인권위형_이국주.KR2_.릴스_옆자리에서.유행강조.__김소희_260814_제과_김수정,19,0,379.0,0
2026-08-27,(ASC) [제과_블트하] 26.08_블트깡출시_ASC_전환_image,(ASC) [제과_블트하] 26.08_블트하출시_ASC_전환_image,[26.08]F_I_BT깡_전환_블트칩출시_유명인권위형_이국주.KR2_.릴스_내부직원도.__김소희_260814_제과_김수정,5,0,150.0,0
2026-08-27,[제과_블트하] 26.07_블트깡출시_수동_전환_video_전체타겟,0820_검증포맷이식_블트깡출시 (KR1),[26.08]F_V_BT깡_전환_블트깡출시_쩜오건_시즈닝강조.이국주.KR1_var1.릴스_블트깡.시즈닝신상.슬기.X_1P__260820_제과_문형민,272,4,3573.0,0
2026-08-27,[제과_치즈팝콘] 26.08_치즈팝콘출시_수동_전환_video_전체타겟,(0824) CS전화네고형_치즈팝콘재입고 (KR2) (미진님),[26.08]F_V_PC치_전환_치즈팝콘재입고_네고형_CS전화네고.KR2_main.릴스_공통시작.X_2P_권미정_260824_제과_이미진,8850,132,166472.0,17
2026-08-28,[제과_치즈팝콘] 26.08_치즈팝콘출시_수동_전환_video_전체타겟,"(0805) 쩜오건_치즈팝콘출시 (KR1) (재은,성미님)",[26.08]F_V_PC치_전환_치즈팝콘출시_쩜오건_초코송이BP_var4.릴스_아이스크림.황치즈.X_2P_권미정_260805_제과_윤성미,314,2,3623.0,0
2026-08-28,(ASC) [제과_블트하] 26.07_블트깡출시_ASC_전환_image,(ASC)[제과_블트하] 26.07_블트깡출시_ASC_전환_image,[26.08]F_I_BT칩_전환_블트칩출시_혜택강조형_KR1_.피드_리뷰형.입맛까다로운남편.__김소희_260805_제과_박서연,240,1,6700.0,1
2026-08-28,(ASC) [제과_블트하] 26.08_블트깡출시_ASC_전환_image,(ASC) [제과_블트하] 26.08_블트하출시_ASC_전환_image,[26.08]F_I_BT칩_전환_블트칩출시_혜택강조형_KR1_.릴스_다시는없어요.__김소희_260807_제과_박서연,36,1,718.0,1
2026-08-28,(ASC) [제과_블트하] 26.08_블트깡출시_ASC_전환_image,(ASC) [제과_블트하] 26.08_블트하출시_ASC_전환_image,[26.08]F_I_BT칩_전환_블트칩출시_혜택강조형_KR1_.릴스_심리자극.살림잘하는엄마.__김소희_260807_제과_김수정,10,0,151.0,0
2026-08-28,[제과_블트하] 26.07_블트깡출시_수동_전환_video_전체타겟,0820_검증포맷이식_블트깡출시 (KR1),[26.08]F_V_BT깡_전환_블트깡출시_쩜오건_시즈닝강조.이국주.KR1_var1.릴스_블트깡.시즈닝신상.슬기.X_1P__260820_제과_문형민,752,8,12138.0,0
2026-08-28,[제과_치즈팝콘] 26.08_치즈팝콘출시_수동_전환_video_전체타겟,(0824) CS전화네고형_치즈팝콘재입고 (KR2) (미진님),[26.08]F_V_PC치_전환_치즈팝콘재입고_네고형_CS전화네고.KR2_main.릴스_공통시작.X_2P_권미정_260824_제과_이미진,4935,60,77119.0,8
2026-08-28,(마스터ASC)[제과_치즈팝콘] 26.08_치즈팝콘출시_ASC_전환_image_전체타겟,(마스터ASC)[제과_치즈팝콘] 26.08_치즈팝콘출시_ASC_전환_image_전체타겟,[26.08]F_I_PC치_전환_치즈팝콘재입고_혜택강조형__.릴스_준비한혜택물량.__고민지_260828_제과_박서연,47,1,582.0,0
2026-08-28,[칩] (마스터ASC)[제과_블트하] 26.07_블트칩출시_ASC_전환_video,[칩] (마스터ASC)[제과_블트하] 26.07_블트칩출시_ASC_전환_video,[26.09]F_V_BT깡_전환_블트깡출시_문제공감형_원룸만들기BP.나폴리맛피아.신규_var2.릴스_취식.X_2P__260901_제과_이봄1,468,9,9412.0,1
2026-08-29,(ASC) [제과_블트하] 26.07_블트칩출시_ASC_전환_image,(ASC)[제과_블트하] 26.07_블트칩출시_ASC_전환_image,[26.07]F_I_BT혼_전환_블트칩출시_혜택강조형_KR1_.피드_쌀때쟁이세요.__김소희_260728_제과_김수정,15,0,469.0,0
2026-08-29,[제과_치즈팝콘] 26.08_치즈팝콘출시_수동_전환_video_전체타겟,"(0805) 쩜오건_치즈팝콘출시 (KR1) (재은,성미님)",[26.08]F_V_PC치_전환_치즈팝콘출시_쩜오건_초코송이BP_var4.릴스_아이스크림.황치즈.X_2P_권미정_260805_제과_윤성미,471,5,5254.0,1
2026-08-29,(ASC) [제과_블트하] 26.07_블트깡출시_ASC_전환_image,(ASC)[제과_블트하] 26.07_블트깡출시_ASC_전환_image,[26.08]F_I_BT칩_전환_블트칩출시_혜택강조형_KR1_.피드_리뷰형.입맛까다로운남편.__김소희_260805_제과_박서연,40,0,1317.0,0
2026-08-29,[제과_블트하] 26.07_블트깡출시_수동_전환_video_전체타겟,0807_인덕션BP_블트칩출시 (KR1),[26.08]F_V_BT칩_전환_블트칩출시_신규BP_인덕션BP.KR1_var2.릴스_돈안아까움.X_1P_김소희_260807_제과_이봄1,7,0,148.0,0
2026-08-29,(ASC) [제과_블트하] 26.08_블트깡출시_ASC_전환_image,(ASC) [제과_블트하] 26.08_블트하출시_ASC_전환_image,[26.08]F_I_BT칩_전환_블트칩출시_혜택강조형_KR1_.릴스_다시는없어요.__김소희_260807_제과_박서연,1,0,4.0,0
2026-08-29,[제과_블트하] 26.07_블트깡출시_수동_전환_image_전체타겟,0825_트러플권위_블트칩출시 (KR2),[26.08]F_I_BT깡_전환_블트칩출시_유명인권위형_이국주.KR2_.릴스_옆자리에서.유행강조.__김소희_260814_제과_김수정,2,0,8.0,0
2026-08-29,(마스터ASC)[제과_블트하] 26.07_블트깡출시_ASC_전환_video,(마스터ASC)[제과_블트하] 26.07_블트깡출시_ASC_전환_video,[26.08]F_V_BT혼_전환_블트칩출시_신규BP_젤리백BP.이국주.KR1_var3.릴스_이국주+어그로.X_2P_최나영_260814_제과_이봄1,2,0,72.0,0
2026-08-29,[제과_블트하] 26.07_블트깡출시_수동_전환_video_전체타겟,0820_검증포맷이식_블트깡출시 (KR1),[26.08]F_V_BT깡_전환_블트깡출시_쩜오건_시즈닝강조.이국주.KR1_var1.릴스_블트깡.시즈닝신상.슬기.X_1P__260820_제과_문형민,2034,25,32442.0,1
2026-08-29,[제과_치즈팝콘] 26.08_치즈팝콘출시_수동_전환_video_전체타겟,(0824) CS전화네고형_치즈팝콘재입고 (KR2) (미진님),[26.08]F_V_PC치_전환_치즈팝콘재입고_네고형_CS전화네고.KR2_main.릴스_공통시작.X_2P_권미정_260824_제과_이미진,3562,42,56725.0,4
2026-08-29,(마스터ASC) [제과_블트하] 26.09_블트깡출시_ASC_전환_image,(마스터ASC) [제과_블트하] 26.09_블트깡출시_ASC_전환_image,[26.08]F_I_BT칩_전환_블트칩출시_혜택강조형_나폴리맛피아.신규_.릴스_브랜디드.궁금하면먹어봐.__김소희_260828_제과_김수정,1360,21,35662.0,5
2026-08-29,(마스터ASC)[제과_치즈팝콘] 26.08_치즈팝콘출시_ASC_전환_image_전체타겟,(마스터ASC)[제과_치즈팝콘] 26.08_치즈팝콘출시_ASC_전환_image_전체타겟,[26.08]F_I_PC치_전환_치즈팝콘재입고_혜택강조형__.릴스_준비한혜택물량.__고민지_260828_제과_박서연,2069,19,27381.0,3
2026-08-29,[칩] (마스터ASC)[제과_블트하] 26.07_블트칩출시_ASC_전환_video,[칩] (마스터ASC)[제과_블트하] 26.07_블트칩출시_ASC_전환_video,[26.09]F_V_BT깡_전환_블트깡출시_문제공감형_원룸만들기BP.나폴리맛피아.신규_var2.릴스_취식.X_2P__260901_제과_이봄1,426,4,8270.0,1
2026-08-30,[제과_치즈팝콘] 26.08_치즈팝콘출시_수동_전환_video_전체타겟,"(0805) 쩜오건_치즈팝콘출시 (KR1) (재은,성미님)",[26.08]F_V_PC치_전환_치즈팝콘출시_쩜오건_초코송이BP_var4.릴스_아이스크림.황치즈.X_2P_권미정_260805_제과_윤성미,440,5,6121.0,0
2026-08-30,(ASC) [제과_블트하] 26.07_블트깡출시_ASC_전환_image,(ASC)[제과_블트하] 26.07_블트깡출시_ASC_전환_image,[26.08]F_I_BT칩_전환_블트칩출시_혜택강조형_KR1_.피드_리뷰형.입맛까다로운남편.__김소희_260805_제과_박서연,58,1,1388.0,0
2026-08-30,(마스터ASC)[제과_블트하] 26.07_블트깡출시_ASC_전환_video,(마스터ASC)[제과_블트하] 26.07_블트깡출시_ASC_전환_video,[26.08]F_V_BT혼_전환_블트칩출시_신규BP_젤리백BP.이국주.KR1_var3.릴스_이국주+어그로.X_2P_최나영_260814_제과_이봄1,1,0,21.0,0
2026-08-30,(ASC) [제과_블트하] 26.08_블트깡출시_ASC_전환_image,(ASC) [제과_블트하] 26.08_블트하출시_ASC_전환_image,[26.08]F_I_BT깡_전환_블트칩출시_유명인권위형_이국주.KR2_.릴스_내부직원도.__김소희_260814_제과_김수정,1,0,26.0,0
2026-08-30,[제과_치즈팝콘] 26.08_치즈팝콘출시_수동_전환_video_전체타겟,(0824) CS전화네고형_치즈팝콘재입고 (KR2) (미진님),[26.08]F_V_PC치_전환_치즈팝콘재입고_네고형_CS전화네고.KR2_main.릴스_공통시작.X_2P_권미정_260824_제과_이미진,2208,29,37683.0,6
2026-08-30,(마스터ASC) [제과_블트하] 26.09_블트깡출시_ASC_전환_image,(마스터ASC) [제과_블트하] 26.09_블트깡출시_ASC_전환_image,[26.08]F_I_BT칩_전환_블트칩출시_혜택강조형_나폴리맛피아.신규_.릴스_브랜디드.궁금하면먹어봐.__김소희_260828_제과_김수정,770,8,18971.0,0
2026-08-30,(마스터ASC)[제과_치즈팝콘] 26.08_치즈팝콘출시_ASC_전환_image_전체타겟,(마스터ASC)[제과_치즈팝콘] 26.08_치즈팝콘출시_ASC_전환_image_전체타겟,[26.08]F_I_PC치_전환_치즈팝콘재입고_혜택강조형__.릴스_준비한혜택물량.__고민지_260828_제과_박서연,5053,48,65629.0,4
2026-08-30,[칩] (마스터ASC)[제과_블트하] 26.07_블트칩출시_ASC_전환_video,[칩] (마스터ASC)[제과_블트하] 26.07_블트칩출시_ASC_전환_video,[26.09]F_V_BT깡_전환_블트깡출시_문제공감형_원룸만들기BP.나폴리맛피아.신규_var2.릴스_취식.X_2P__260901_제과_이봄1,305,1,6155.0,1
2026-08-31,[제과_치즈팝콘] 26.08_치즈팝콘출시_수동_전환_video_전체타겟,"(0805) 쩜오건_치즈팝콘출시 (KR1) (재은,성미님)",[26.08]F_V_PC치_전환_치즈팝콘출시_쩜오건_초코송이BP_var4.릴스_아이스크림.황치즈.X_2P_권미정_260805_제과_윤성미,3666,25,43069.0,2
2026-08-31,(ASC) [제과_블트하] 26.07_블트깡출시_ASC_전환_image,(ASC)[제과_블트하] 26.07_블트깡출시_ASC_전환_image,[26.08]F_I_BT칩_전환_블트칩출시_혜택강조형_KR1_.피드_리뷰형.입맛까다로운남편.__김소희_260805_제과_박서연,9,0,326.0,0
2026-08-31,[제과_블트하] 26.07_블트깡출시_수동_전환_video_전체타겟,0807_인덕션BP_블트칩출시 (KR1),[26.08]F_V_BT칩_전환_블트칩출시_신규BP_인덕션BP.KR1_var2.릴스_돈안아까움.X_1P_김소희_260807_제과_이봄1,1,1,9.0,0
2026-08-31,(ASC) [제과_블트하] 26.08_블트깡출시_ASC_전환_image,(ASC) [제과_블트하] 26.08_블트하출시_ASC_전환_image,[26.08]F_I_BT칩_전환_블트칩출시_혜택강조형_KR1_.릴스_다시는없어요.__김소희_260807_제과_박서연,1,0,7.0,0
2026-08-31,(ASC) [제과_블트하] 26.08_블트깡출시_ASC_전환_image,(ASC) [제과_블트하] 26.08_블트하출시_ASC_전환_image,[26.08]F_I_BT칩_전환_블트칩출시_혜택강조형_KR1_.릴스_심리자극.살림잘하는엄마.__김소희_260807_제과_김수정,263,2,7936.0,0
2026-08-31,(마스터ASC)[제과_블트하] 26.07_블트깡출시_ASC_전환_video,(마스터ASC)[제과_블트하] 26.07_블트깡출시_ASC_전환_video,[26.08]F_V_BT혼_전환_블트칩출시_신규BP_젤리백BP.이국주.KR1_var3.릴스_이국주+어그로.X_2P_최나영_260814_제과_이봄1,1,0,11.0,0
2026-08-31,(ASC) [제과_블트하] 26.08_블트깡출시_ASC_전환_image,(ASC) [제과_블트하] 26.08_블트하출시_ASC_전환_image,[26.08]F_I_BT혼_전환_블트칩출시_혜택강조형_이국주_.배너_요즘품절대란이라는.__김소희_260814_제과_김수정,10,0,87.0,0
2026-08-31,(ASC) [제과_블트하] 26.08_블트깡출시_ASC_전환_image,(ASC) [제과_블트하] 26.08_블트하출시_ASC_전환_image,[26.08]F_I_BT깡_전환_블트칩출시_유명인권위형_이국주.KR2_.릴스_내부직원도.__김소희_260814_제과_김수정,4,0,103.0,0
2026-08-31,(ASC) [제과_블트하] 26.08_블트깡출시_ASC_전환_image,(ASC) [제과_블트하] 26.08_블트하출시_ASC_전환_image,[26.08]F_I_BT칩_전환_블트칩출시_혜택강조형_GFA베리_.배너_제껀데남편이다먹어서.__최나영_260818_제과_박서연,6,0,83.0,0
2026-08-31,[제과_치즈팝콘] 26.08_치즈팝콘출시_수동_전환_video_전체타겟,(0824) CS전화네고형_치즈팝콘재입고 (KR2) (미진님),[26.08]F_V_PC치_전환_치즈팝콘재입고_네고형_CS전화네고.KR2_main.릴스_공통시작.X_2P_권미정_260824_제과_이미진,1725,19,30871.0,5
2026-08-31,(마스터ASC)[제과_치즈팝콘] 26.08_치즈팝콘출시_ASC_전환_image_전체타겟,(마스터ASC)[제과_치즈팝콘] 26.08_치즈팝콘출시_ASC_전환_image_전체타겟,[26.08]F_I_PC치_전환_치즈팝콘재입고_혜택강조형__.릴스_준비한혜택물량.__고민지_260828_제과_박서연,7095,76,77902.0,8
2026-08-31,[칩] (마스터ASC)[제과_블트하] 26.07_블트칩출시_ASC_전환_video,[칩] (마스터ASC)[제과_블트하] 26.07_블트칩출시_ASC_전환_video,[26.09]F_V_BT깡_전환_블트깡출시_문제공감형_원룸만들기BP.나폴리맛피아.신규_var2.릴스_취식.X_2P__260901_제과_이봄1,881,5,16214.0,1
2026-09-01,[제과_치즈팝콘] 26.08_치즈팝콘출시_수동_전환_video_전체타겟,"(0805) 쩜오건_치즈팝콘출시 (KR1) (재은,성미님)",[26.08]F_V_PC치_전환_치즈팝콘출시_쩜오건_초코송이BP_var4.릴스_아이스크림.황치즈.X_2P_권미정_260805_제과_윤성미,2480,17,30012.0,0
2026-09-01,(ASC) [제과_블트하] 26.07_블트깡출시_ASC_전환_image,(ASC)[제과_블트하] 26.07_블트깡출시_ASC_전환_image,[26.08]F_I_BT칩_전환_블트칩출시_혜택강조형_KR1_.피드_리뷰형.입맛까다로운남편.__김소희_260805_제과_박서연,42,1,1257.0,0
2026-09-01,(ASC) [제과_블트하] 26.08_블트깡출시_ASC_전환_image,(ASC) [제과_블트하] 26.08_블트하출시_ASC_전환_image,[26.08]F_I_BT칩_전환_블트칩출시_혜택강조형_KR1_.릴스_심리자극.살림잘하는엄마.__김소희_260807_제과_김수정,233,4,5460.0,1
2026-09-01,(마스터ASC)[제과_블트하] 26.07_블트깡출시_ASC_전환_video,(마스터ASC)[제과_블트하] 26.07_블트깡출시_ASC_전환_video,[26.08]F_V_BT혼_전환_블트칩출시_신규BP_젤리백BP.이국주.KR1_var3.릴스_이국주+어그로.X_2P_최나영_260814_제과_이봄1,1,0,3.0,0
2026-09-01,[제과_치즈팝콘] 26.08_치즈팝콘출시_수동_전환_video_전체타겟,(0824) CS전화네고형_치즈팝콘재입고 (KR2) (미진님),[26.08]F_V_PC치_전환_치즈팝콘재입고_네고형_CS전화네고.KR2_main.릴스_공통시작.X_2P_권미정_260824_제과_이미진,2728,27,48805.0,8
2026-09-01,(마스터ASC)[제과_치즈팝콘] 26.08_치즈팝콘출시_ASC_전환_image_전체타겟,(마스터ASC)[제과_치즈팝콘] 26.08_치즈팝콘출시_ASC_전환_image_전체타겟,[26.08]F_I_PC치_전환_치즈팝콘재입고_혜택강조형__.릴스_준비한혜택물량.__고민지_260828_제과_박서연,6276,58,70974.0,8
2026-08-24,[제과_치즈팝콘] 26.08_치즈팝콘출시_수동_전환_video_전체타겟,"(0805) 쩜오건_치즈팝콘출시 (KR1) (재은,성미님)",[26.08]F_V_PC치_전환_치즈팝콘출시_쩜오건_육포깡BP_main.릴스_조합.X_1P_권미정_260805_제과_피재은,10410,129,88122.0,9
2026-08-24,[칩] (마스터ASC)[제과_블트하] 26.07_블트칩출시_ASC_전환_video,[칩] (마스터ASC)[제과_블트하] 26.07_블트칩출시_ASC_전환_video,[26.08]F_V_BT혼_전환_블트칩출시_신규BP_무아스BP_var3.릴스_가족인정.주부페르소나.KR1.X_2P_최나영_260807_제과_이미진,77,1,1177.0,0
2026-08-24,(마스터ASC)[제과_블트하] 26.07_블트깡출시_ASC_전환_video,(마스터ASC)[제과_블트하] 26.07_블트깡출시_ASC_전환_video,[26.08]F_V_BT깡_전환_블트깡출시_라이브커머스형_라이브커머스형.KR1_var8.릴스_전체.남편안주.슬기.X_1P_김소희_260812_제과_피재은,22,1,427.0,0
2026-08-24,(ASC) [제과_블트하] 26.08_블트깡출시_ASC_전환_image,(ASC) [제과_블트하] 26.08_블트하출시_ASC_전환_image,[26.08]F_I_BT깡_전환_블트칩출시_유명인권위형_이국주.KR2_.릴스_엄마들유행이라던데.__김소희_260814_제과_김수정,7,1,178.0,0
2026-08-25,[제과_치즈팝콘] 26.08_치즈팝콘출시_수동_전환_video_전체타겟,(0805) 네고형_치즈팝콘출시 (KR2) (재은님),[26.08]F_V_PC치_전환_치즈팝콘출시_네고형_네고형_var6.릴스_악플.슬기.X_1P_권미정_260805_제과_피재은,74,1,1249.0,0
2026-08-25,[제과_치즈팝콘] 26.08_치즈팝콘출시_수동_전환_video_전체타겟,"(0805) 쩜오건_치즈팝콘출시 (KR1) (재은,성미님)",[26.08]F_V_PC치_전환_치즈팝콘출시_쩜오건_육포깡BP_main.릴스_조합.X_1P_권미정_260805_제과_피재은,4417,46,44780.0,2
2026-08-25,[칩] (마스터ASC)[제과_블트하] 26.07_블트칩출시_ASC_전환_video,[칩] (마스터ASC)[제과_블트하] 26.07_블트칩출시_ASC_전환_video,[26.08]F_V_BT혼_전환_블트칩출시_신규BP_무아스BP_var3.릴스_가족인정.주부페르소나.KR1.X_2P_최나영_260807_제과_이미진,28,1,277.0,0
2026-08-25,(마스터ASC)[제과_블트하] 26.07_블트깡출시_ASC_전환_video,(마스터ASC)[제과_블트하] 26.07_블트깡출시_ASC_전환_video,[26.08]F_V_BT깡_전환_블트깡출시_라이브커머스형_라이브커머스형.KR1_var8.릴스_전체.남편안주.슬기.X_1P_김소희_260812_제과_피재은,8,0,899.0,0
2026-08-26,[제과_치즈팝콘] 26.08_치즈팝콘출시_수동_전환_video_전체타겟,(0805) 네고형_치즈팝콘출시 (KR2) (재은님),[26.08]F_V_PC치_전환_치즈팝콘출시_네고형_네고형_var6.릴스_악플.슬기.X_1P_권미정_260805_제과_피재은,35,2,456.0,0
2026-08-26,[칩] (마스터ASC)[제과_블트하] 26.07_블트칩출시_ASC_전환_video,[칩] (마스터ASC)[제과_블트하] 26.07_블트칩출시_ASC_전환_video,[26.08]F_V_BT혼_전환_블트칩출시_신규BP_무아스BP_var3.릴스_가족인정.주부페르소나.KR1.X_2P_최나영_260807_제과_이미진,3601,35,63746.0,6
2026-08-26,(마스터ASC)[제과_블트하] 26.07_블트깡출시_ASC_전환_video,(마스터ASC)[제과_블트하] 26.07_블트깡출시_ASC_전환_video,[26.08]F_V_BT깡_전환_블트깡출시_라이브커머스형_라이브커머스형.KR1_var8.릴스_전체.남편안주.슬기.X_1P_김소희_260812_제과_피재은,3,0,21.0,0
2026-08-26,(마스터ASC)[제과_블트하] 26.07_블트깡출시_ASC_전환_video,(마스터ASC)[제과_블트하] 26.07_블트깡출시_ASC_전환_video,[26.08]F_V_BT깡_전환_블트깡출시_쩜오건_시즈닝강조.이국주.KR1_var1.릴스_블트깡.시즈닝신상.슬기.X_1P__260820_제과_문형민,4,0,41.0,0
2026-08-26,[제과_블트하] 26.07_블트깡출시_수동_전환_image_전체타겟,0826_트러플권위_블트칩출시  (KR1),[26.08]F_I_BT깡_전환_블트칩출시_혜택강조형_KR1.이탈리아_.배너_희소성.금보다비싼.__김소희_260826_제과_김수정,10,0,215.0,0
2026-08-27,[제과_치즈팝콘] 26.08_치즈팝콘출시_수동_전환_video_전체타겟,(0805) 네고형_치즈팝콘출시 (KR2) (재은님),[26.08]F_V_PC치_전환_치즈팝콘출시_네고형_네고형_var6.릴스_악플.슬기.X_1P_권미정_260805_제과_피재은,3214,42,36026.0,1
2026-08-27,[칩] (마스터ASC)[제과_블트하] 26.07_블트칩출시_ASC_전환_video,[칩] (마스터ASC)[제과_블트하] 26.07_블트칩출시_ASC_전환_video,[26.08]F_V_BT혼_전환_블트칩출시_신규BP_무아스BP_var3.릴스_가족인정.주부페르소나.KR1.X_2P_최나영_260807_제과_이미진,2869,34,55999.0,3
2026-08-27,[제과_블트하] 26.07_블트깡출시_수동_전환_image_전체타겟,0826_트러플권위_블트칩출시  (KR1),[26.08]F_I_BT깡_전환_블트칩출시_혜택강조형_KR1.이탈리아_.배너_희소성.금보다비싼.__김소희_260826_제과_김수정,1184,10,37062.0,2
2026-08-28,[제과_치즈팝콘] 26.08_치즈팝콘출시_수동_전환_video_전체타겟,(0805) 네고형_치즈팝콘출시 (KR2) (재은님),[26.08]F_V_PC치_전환_치즈팝콘출시_네고형_네고형_var6.릴스_악플.슬기.X_1P_권미정_260805_제과_피재은,9142,114,96296.0,6
2026-08-28,(ASC) [제과_블트하] 26.08_블트깡출시_ASC_전환_image,(ASC) [제과_블트하] 26.08_블트하출시_ASC_전환_image,[26.08]F_I_BT혼_전환_블트칩출시_혜택강조형_이국주_.배너_저희도당황스럽습니다.__김소희_260814_제과_박지현,3,0,75.0,0
2026-08-28,(ASC) [제과_블트하] 26.08_블트깡출시_ASC_전환_image,(ASC) [제과_블트하] 26.08_블트하출시_ASC_전환_image,[26.08]F_I_BT깡_전환_블트칩출시_유명인권위형_이국주.KR2_.릴스_엄마들유행이라던데.__김소희_260814_제과_김수정,12,0,470.0,0
2026-08-28,[제과_블트하] 26.07_블트깡출시_수동_전환_video_전체타겟,0828_추성훈BP_블트칩출시 (맛피아) (KR2),[26.09]F_V_BT칩_전환_블트깡출시_쩜오건_나폴리맛피아.KR2_main.릴스_메인.슬기.X_1P__260901_제과_피재은,689,7,14036.0,0
2026-08-28,(마스터ASC)[제과_치즈팝콘] 26.08_치즈팝콘출시_ASC_전환_video_전체타겟,(마스터ASC)[제과_치즈팝콘] 26.08_치즈팝콘출시_ASC_전환_video_전체타겟,[26.09]F_V_PC치_전환_치즈팝콘재입고_인플루언서형_인플루언서.KR1_main.릴스_치즈갈릭조합강조.X_2P_권미정_260901_제과_이미진,43,1,409.0,0
2026-08-28,[제과_치즈팝콘] 26.08_치즈팝콘출시_수동_전환_video_전체타겟,(0828) 인플루언서형_치즈팝콘재입고 (KR1) (미진님),[26.09]F_V_PC치_전환_치즈팝콘재입고_인플루언서형_인플루언서.KR1_var2.릴스_치즈덕후강조.X_2P_권미정_260901_제과_이미진,650,10,9588.0,1
2026-08-28,[제과_블트하] 26.07_블트깡출시_수동_전환_video_전체타겟,0828_재원님재편집_블트칩출시 (맛피아) (신규KR),[26.09]F_V_BT칩_전환_블트깡출시_기타_배너.메시지검증_main.배너_안주.1안.X_2P__260901_제과_최재원,14,2,359.0,1
2026-08-28,[제과_블트하] 26.07_블트깡출시_수동_전환_video_전체타겟,0828_문제공감형_블트칩출시 (신규KR),[26.09]F_V_BT깡_전환_블트깡출시_문제공감형_원룸만들기BP.나폴리맛피아.신규_var3.릴스_실생활.X_2P__260901_제과_이봄1,178,4,5574.0,0
2026-08-29,[칩] (마스터ASC)[제과_블트하] 26.07_블트칩출시_ASC_전환_video,[칩] (마스터ASC)[제과_블트하] 26.07_블트칩출시_ASC_전환_video,[26.08]F_V_BT혼_전환_블트칩출시_신규BP_무아스BP_var3.릴스_가족인정.주부페르소나.KR1.X_2P_최나영_260807_제과_이미진,3551,44,68947.0,4
2026-08-29,(마스터ASC)[제과_블트하] 26.07_블트깡출시_ASC_전환_video,(마스터ASC)[제과_블트하] 26.07_블트깡출시_ASC_전환_video,[26.08]F_V_BT깡_전환_블트깡출시_라이브커머스형_라이브커머스형.KR1_var8.릴스_전체.남편안주.슬기.X_1P_김소희_260812_제과_피재은,2,0,15.0,0
2026-08-29,(마스터ASC) [제과_블트하] 26.09_블트깡출시_ASC_전환_image,(마스터ASC) [제과_블트하] 26.09_블트깡출시_ASC_전환_image,[26.08]F_I_BT칩_전환_블트칩출시_혜택강조형_나폴리맛피아.신규_.릴스_브랜디드.비쌀줄알았는데.__김소희_260828_제과_김수정,497,9,16929.0,2
2026-08-29,[제과_블트하] 26.07_블트깡출시_수동_전환_video_전체타겟,0828_추성훈BP_블트칩출시 (맛피아) (KR2),[26.09]F_V_BT칩_전환_블트깡출시_쩜오건_나폴리맛피아.KR2_main.릴스_메인.슬기.X_1P__260901_제과_피재은,297,7,5645.0,0
2026-08-29,(마스터ASC)[제과_치즈팝콘] 26.08_치즈팝콘출시_ASC_전환_video_전체타겟,(마스터ASC)[제과_치즈팝콘] 26.08_치즈팝콘출시_ASC_전환_video_전체타겟,[26.09]F_V_PC치_전환_치즈팝콘재입고_인플루언서형_인플루언서.KR1_main.릴스_치즈갈릭조합강조.X_2P_권미정_260901_제과_이미진,194,1,2456.0,0
2026-08-29,[제과_치즈팝콘] 26.08_치즈팝콘출시_수동_전환_video_전체타겟,(0828) 인플루언서형_치즈팝콘재입고 (KR1) (미진님),[26.09]F_V_PC치_전환_치즈팝콘재입고_인플루언서형_인플루언서.KR1_var2.릴스_치즈덕후강조.X_2P_권미정_260901_제과_이미진,799,12,16201.0,0
2026-08-29,[제과_블트하] 26.07_블트깡출시_수동_전환_video_전체타겟,0828_재원님재편집_블트칩출시 (맛피아) (신규KR),[26.09]F_V_BT칩_전환_블트깡출시_기타_배너.메시지검증_main.배너_안주.1안.X_2P__260901_제과_최재원,57,2,1714.0,0
2026-08-29,[제과_블트하] 26.07_블트깡출시_수동_전환_video_전체타겟,0828_문제공감형_블트칩출시 (신규KR),[26.09]F_V_BT깡_전환_블트깡출시_문제공감형_원룸만들기BP.나폴리맛피아.신규_var3.릴스_실생활.X_2P__260901_제과_이봄1,283,6,13253.0,0
2026-08-30,(마스터ASC) [제과_블트하] 26.09_블트깡출시_ASC_전환_image,(마스터ASC) [제과_블트하] 26.09_블트깡출시_ASC_전환_image,[26.08]F_I_BT칩_전환_블트칩출시_혜택강조형_나폴리맛피아.신규_.릴스_브랜디드.비쌀줄알았는데.__김소희_260828_제과_김수정,1038,21,37410.0,3
2026-08-30,[제과_블트하] 26.07_블트깡출시_수동_전환_video_전체타겟,0828_추성훈BP_블트칩출시 (맛피아) (KR2),[26.09]F_V_BT칩_전환_블트깡출시_쩜오건_나폴리맛피아.KR2_main.릴스_메인.슬기.X_1P__260901_제과_피재은,852,9,15713.0,1
2026-08-30,(마스터ASC)[제과_치즈팝콘] 26.08_치즈팝콘출시_ASC_전환_video_전체타겟,(마스터ASC)[제과_치즈팝콘] 26.08_치즈팝콘출시_ASC_전환_video_전체타겟,[26.09]F_V_PC치_전환_치즈팝콘재입고_인플루언서형_인플루언서.KR1_main.릴스_치즈갈릭조합강조.X_2P_권미정_260901_제과_이미진,68,1,1533.0,0
2026-08-30,[제과_블트하] 26.07_블트깡출시_수동_전환_video_전체타겟,0828_재원님재편집_블트칩출시 (맛피아) (신규KR),[26.09]F_V_BT칩_전환_블트깡출시_기타_배너.메시지검증_main.배너_안주.1안.X_2P__260901_제과_최재원,16,0,338.0,0
2026-08-31,(마스터ASC)[제과_블트하] 26.07_블트깡출시_ASC_전환_video,(마스터ASC)[제과_블트하] 26.07_블트깡출시_ASC_전환_video,[26.08]F_V_BT깡_전환_블트깡출시_라이브커머스형_라이브커머스형.KR1_var8.릴스_전체.남편안주.슬기.X_1P_김소희_260812_제과_피재은,1,0,5.0,0
2026-08-31,(ASC) [제과_블트하] 26.08_블트깡출시_ASC_전환_image,(ASC) [제과_블트하] 26.08_블트하출시_ASC_전환_image,[26.08]F_I_BT혼_전환_블트칩출시_혜택강조형_이국주_.배너_저희도당황스럽습니다.__김소희_260814_제과_박지현,2,0,59.0,0
2026-08-31,(ASC) [제과_블트하] 26.08_블트깡출시_ASC_전환_image,(ASC) [제과_블트하] 26.08_블트하출시_ASC_전환_image,[26.08]F_I_BT깡_전환_블트칩출시_유명인권위형_이국주.KR2_.릴스_엄마들유행이라던데.__김소희_260814_제과_김수정,33,1,1413.0,0
2026-08-31,(마스터ASC)[제과_블트하] 26.07_블트깡출시_ASC_전환_video,(마스터ASC)[제과_블트하] 26.07_블트깡출시_ASC_전환_video,[26.08]F_V_BT깡_전환_블트깡출시_쩜오건_시즈닝강조.이국주.KR1_var1.릴스_블트깡.시즈닝신상.슬기.X_1P__260820_제과_문형민,2,0,7.0,0
2026-08-31,(마스터ASC)[제과_치즈팝콘] 26.08_치즈팝콘출시_ASC_전환_video_전체타겟,(마스터ASC)[제과_치즈팝콘] 26.08_치즈팝콘출시_ASC_전환_video_전체타겟,[26.09]F_V_PC치_전환_치즈팝콘재입고_인플루언서형_인플루언서.KR1_main.릴스_치즈갈릭조합강조.X_2P_권미정_260901_제과_이미진,23,0,322.0,0
2026-08-31,[제과_치즈팝콘] 26.08_치즈팝콘출시_수동_전환_video_전체타겟,(0828) 인플루언서형_치즈팝콘재입고 (KR1) (미진님),[26.09]F_V_PC치_전환_치즈팝콘재입고_인플루언서형_인플루언서.KR1_var2.릴스_치즈덕후강조.X_2P_권미정_260901_제과_이미진,373,6,5960.0,0
2026-08-31,[제과_블트하] 26.07_블트깡출시_수동_전환_video_전체타겟,0828_재원님재편집_블트칩출시 (맛피아) (신규KR),[26.09]F_V_BT칩_전환_블트깡출시_기타_배너.메시지검증_main.배너_안주.1안.X_2P__260901_제과_최재원,66,4,2164.0,0
2026-09-01,(마스터ASC)[제과_블트하] 26.07_블트깡출시_ASC_전환_video,(마스터ASC)[제과_블트하] 26.07_블트깡출시_ASC_전환_video,[26.08]F_V_BT깡_전환_블트깡출시_라이브커머스형_라이브커머스형.KR1_var8.릴스_전체.남편안주.슬기.X_1P_김소희_260812_제과_피재은,1,0,2.0,0
2026-09-01,(ASC) [제과_블트하] 26.08_블트깡출시_ASC_전환_image,(ASC) [제과_블트하] 26.08_블트하출시_ASC_전환_image,[26.08]F_I_BT깡_전환_블트칩출시_유명인권위형_이국주.KR2_.릴스_엄마들유행이라던데.__김소희_260814_제과_김수정,7,0,164.0,0
2026-09-01,(마스터ASC)[제과_치즈팝콘] 26.08_치즈팝콘출시_ASC_전환_video_전체타겟,(마스터ASC)[제과_치즈팝콘] 26.08_치즈팝콘출시_ASC_전환_video_전체타겟,[26.09]F_V_PC치_전환_치즈팝콘재입고_인플루언서형_인플루언서.KR1_main.릴스_치즈갈릭조합강조.X_2P_권미정_260901_제과_이미진,12,2,84.0,0
2026-09-01,[제과_치즈팝콘] 26.08_치즈팝콘출시_수동_전환_video_전체타겟,(0828) 인플루언서형_치즈팝콘재입고 (KR1) (미진님),[26.09]F_V_PC치_전환_치즈팝콘재입고_인플루언서형_인플루언서.KR1_var2.릴스_치즈덕후강조.X_2P_권미정_260901_제과_이미진,1068,11,17740.0,0
2026-09-01,[제과_블트하] 26.07_블트깡출시_수동_전환_video_전체타겟,0828_재원님재편집_블트칩출시 (맛피아) (신규KR),[26.09]F_V_BT칩_전환_블트깡출시_기타_배너.메시지검증_main.배너_안주.1안.X_2P__260901_제과_최재원,163,2,3713.0,1
2026-09-01,[칩] (마스터ASC)[제과_블트하] 26.07_블트칩출시_ASC_전환_video,[칩] (마스터ASC)[제과_블트하] 26.07_블트칩출시_ASC_전환_video,[26.09]F_V_BT칩_전환_블트칩출시_기타_백정BP.나폴리맛피아.KR2_var2.릴스_추가.(재).X_1P__260901_제과_피재은,4383,67,93109.0,7
2026-08-24,[칩] (마스터ASC)[제과_블트하] 26.07_블트칩출시_ASC_전환_video,[칩] (마스터ASC)[제과_블트하] 26.07_블트칩출시_ASC_전환_video,[26.08]F_V_BT혼_전환_블트칩출시_신규BP_풀리오BP.KR1_var2.릴스_외부BP후킹.남편.X_2P_최나영_260801_제과_이봄1,23,0,827.0,0
2026-08-24,(ASC) [제과_블트하] 26.08_블트깡출시_ASC_전환_image,(ASC) [제과_블트하] 26.08_블트하출시_ASC_전환_image,[26.08]F_I_BT혼_전환_블트칩출시_혜택강조형_KR1_.피드_밑지고팔아요.맥주안주.__김소희_260806_제과_김수정,6,0,77.0,0
2026-08-24,[제과_블트하] 26.07_블트깡출시_수동_전환_video_전체타겟,0820_검증포맷이식_블트깡출시 (KR1),[26.08]F_V_BT깡_전환_블트깡출시_쩜오건_시즈닝강조.이국주.KR1_var3.릴스_블트깡.트러플.슬기.X_1P__260820_제과_문형민,45,1,1202.0,0
2026-08-24,[칩] (마스터ASC)[제과_블트하] 26.07_블트칩출시_ASC_전환_video,[칩] (마스터ASC)[제과_블트하] 26.07_블트칩출시_ASC_전환_video,[26.08]F_V_BT칩_전환_블트칩출시_네고형_공구네고형.이국주.KR2_var3.릴스_주문폭주.X_1P_최나영_260820_제과_피재은,1,0,13.0,0
2026-08-24,[제과_블트하] 26.07_블트깡출시_수동_전환_image_전체타겟,0820_이국주(~0912)_블트칩출시 (KR1),[26.08]F_I_BT혼_전환_블트칩출시_혜택강조형_이국주.KR1_.배너_비싼원재료강조.진짜죄송합니다.__김소희_260820_제과_김수정,9220,148,254732.0,25
2026-08-24,(마스터ASC)[제과_치즈팝콘] 26.08_치즈팝콘출시_ASC_전환_image_전체타겟,(마스터ASC)[제과_치즈팝콘] 26.08_치즈팝콘출시_ASC_전환_image_전체타겟,[26.08]F_I_PC치_전환_치즈팝콘재입고_혜택강조형_KR1.재입고이슈_.배너_있을때사세요.__권미정_260824_제과_박서연,2,0,28.0,0
2026-08-25,(ASC) [제과_블트하] 26.08_블트깡출시_ASC_전환_image,(ASC) [제과_블트하] 26.08_블트하출시_ASC_전환_image,[26.08]F_I_BT혼_전환_블트칩출시_혜택강조형_KR1_.피드_밑지고팔아요.맥주안주.__김소희_260806_제과_김수정,53,1,1856.0,0
2026-08-25,(ASC) [제과_블트하] 26.08_블트깡출시_ASC_전환_image,(ASC) [제과_블트하] 26.08_블트하출시_ASC_전환_image,[26.08]F_I_BT깡_전환_블트칩출시_유명인권위형_이국주.KR1_.릴스_혜택맛비주얼강조.희소성.__김소희_260813_제과_김수정,1,0,8.0,0
2026-08-25,[제과_블트하] 26.07_블트깡출시_수동_전환_video_전체타겟,0820_검증포맷이식_블트깡출시 (KR1),[26.08]F_V_BT깡_전환_블트깡출시_쩜오건_시즈닝강조.이국주.KR1_var3.릴스_블트깡.트러플.슬기.X_1P__260820_제과_문형민,8,1,167.0,0
2026-08-25,[제과_블트하] 26.07_블트깡출시_수동_전환_image_전체타겟,0820_이국주(~0912)_블트칩출시 (KR1),[26.08]F_I_BT혼_전환_블트칩출시_혜택강조형_이국주.KR1_.배너_비싼원재료강조.진짜죄송합니다.__김소희_260820_제과_김수정,1726,32,51184.0,3
2026-08-25,(마스터ASC)[제과_치즈팝콘] 26.08_치즈팝콘출시_ASC_전환_image_전체타겟,(마스터ASC)[제과_치즈팝콘] 26.08_치즈팝콘출시_ASC_전환_image_전체타겟,[26.08]F_I_PC치_전환_치즈팝콘재입고_혜택강조형_KR1.재입고이슈_.배너_있을때사세요.__권미정_260824_제과_박서연,49,0,1505.0,0
2026-08-26,(ASC) [제과_블트하] 26.08_블트깡출시_ASC_전환_image,(ASC) [제과_블트하] 26.08_블트하출시_ASC_전환_image,[26.08]F_I_BT혼_전환_블트칩출시_혜택강조형_KR1_.피드_밑지고팔아요.맥주안주.__김소희_260806_제과_김수정,10,1,500.0,0
2026-08-26,[칩] (마스터ASC)[제과_블트하] 26.07_블트칩출시_ASC_전환_video,[칩] (마스터ASC)[제과_블트하] 26.07_블트칩출시_ASC_전환_video,[26.08]F_V_BT혼_전환_블트칩출시_신규BP_무아스BP_var1.릴스_가성비.주부페르소나.KR1.X_2P_최나영_260807_제과_이미진,13,0,370.0,0
2026-08-26,(ASC) [제과_블트하] 26.08_블트깡출시_ASC_전환_image,(ASC) [제과_블트하] 26.08_블트하출시_ASC_전환_image,[26.08]F_I_BT깡_전환_블트칩출시_유명인권위형_이국주.KR1_.릴스_혜택맛비주얼강조.희소성.__김소희_260813_제과_김수정,4,0,417.0,0
2026-08-26,[제과_블트하] 26.07_블트깡출시_수동_전환_video_전체타겟,0814_고효율재편집_블트깡출시,[26.08]F_V_BT깡_전환_블트깡출시_쩜오건_이국주.KR1_var3.릴스_육포깡BP.(재)_1P_최나영_260814_제과_문형민,6,0,48.0,0
2026-08-26,[제과_블트하] 26.07_블트깡출시_수동_전환_video_전체타겟,0820_검증포맷이식_블트깡출시 (KR1),[26.08]F_V_BT깡_전환_블트깡출시_쩜오건_시즈닝강조.이국주.KR1_var3.릴스_블트깡.트러플.슬기.X_1P__260820_제과_문형민,232,6,4417.0,0
2026-08-26,[칩] (마스터ASC)[제과_블트하] 26.07_블트칩출시_ASC_전환_video,[칩] (마스터ASC)[제과_블트하] 26.07_블트칩출시_ASC_전환_video,[26.08]F_V_BT칩_전환_블트칩출시_네고형_공구네고형.이국주.KR2_var3.릴스_주문폭주.X_1P_최나영_260820_제과_피재은,4,0,21.0,0
2026-08-26,[제과_블트하] 26.07_블트깡출시_수동_전환_image_전체타겟,0820_이국주(~0912)_블트칩출시 (KR1),[26.08]F_I_BT혼_전환_블트칩출시_혜택강조형_이국주.KR1_.배너_비싼원재료강조.진짜죄송합니다.__김소희_260820_제과_김수정,19451,295,470438.0,28
2026-08-26,[제과_블트하] 26.07_블트깡출시_수동_전환_image_전체타겟,0825_트러플권위_블트칩출시 (KR2),[26.08]F_I_BT혼_전환_블트칩출시_혜택강조형_KR1.이탈리아_.배너_제조과정.공장퇴짜.__김소희_260825_제과_김수정,1486,12,25107.0,1
2026-08-26,[제과_블트하] 26.07_블트깡출시_수동_전환_image_전체타겟,0826_트러플권위_블트칩출시  (KR1),[26.08]F_I_BT깡_전환_블트칩출시_혜택강조형_KR1.이탈리아_.배너_트러플본고장은다르니까.__김소희_260826_제과_김수정,22,0,304.0,0
2026-08-27,[칩] (마스터ASC)[제과_블트하] 26.07_블트칩출시_ASC_전환_video,[칩] (마스터ASC)[제과_블트하] 26.07_블트칩출시_ASC_전환_video,[26.08]F_V_BT혼_전환_블트칩출시_신규BP_풀리오BP.KR1_var2.릴스_외부BP후킹.남편.X_2P_최나영_260801_제과_이봄1,1053,22,35880.0,7
2026-08-27,(ASC) [제과_블트하] 26.08_블트깡출시_ASC_전환_image,(ASC) [제과_블트하] 26.08_블트하출시_ASC_전환_image,[26.08]F_I_BT혼_전환_블트칩출시_혜택강조형_KR1_.피드_밑지고팔아요.맥주안주.__김소희_260806_제과_김수정,3115,51,73558.0,6
2026-08-27,[칩] (마스터ASC)[제과_블트하] 26.07_블트칩출시_ASC_전환_video,[칩] (마스터ASC)[제과_블트하] 26.07_블트칩출시_ASC_전환_video,[26.08]F_V_BT혼_전환_블트칩출시_신규BP_무아스BP_var1.릴스_가성비.주부페르소나.KR1.X_2P_최나영_260807_제과_이미진,5,0,113.0,0
2026-08-27,[제과_블트하] 26.07_블트깡출시_수동_전환_video_전체타겟,0820_검증포맷이식_블트깡출시 (KR1),[26.08]F_V_BT깡_전환_블트깡출시_쩜오건_시즈닝강조.이국주.KR1_var3.릴스_블트깡.트러플.슬기.X_1P__260820_제과_문형민,47,1,1075.0,0
2026-08-27,[칩] (마스터ASC)[제과_블트하] 26.07_블트칩출시_ASC_전환_video,[칩] (마스터ASC)[제과_블트하] 26.07_블트칩출시_ASC_전환_video,[26.08]F_V_BT칩_전환_블트칩출시_네고형_공구네고형.이국주.KR2_var3.릴스_주문폭주.X_1P_최나영_260820_제과_피재은,808,13,15941.0,2
2026-08-27,[제과_블트하] 26.07_블트깡출시_수동_전환_image_전체타겟,0820_이국주(~0912)_블트칩출시 (KR1),[26.08]F_I_BT혼_전환_블트칩출시_혜택강조형_이국주.KR1_.배너_비싼원재료강조.진짜죄송합니다.__김소희_260820_제과_김수정,9832,153,262863.0,15
2026-08-27,[제과_블트하] 26.07_블트깡출시_수동_전환_image_전체타겟,0826_트러플권위_블트칩출시  (KR1),[26.08]F_I_BT깡_전환_블트칩출시_혜택강조형_KR1.이탈리아_.배너_트러플본고장은다르니까.__김소희_260826_제과_김수정,247,2,6698.0,0
2026-08-28,[칩] (마스터ASC)[제과_블트하] 26.07_블트칩출시_ASC_전환_video,[칩] (마스터ASC)[제과_블트하] 26.07_블트칩출시_ASC_전환_video,[26.08]F_V_BT혼_전환_블트칩출시_신규BP_풀리오BP.KR1_var2.릴스_외부BP후킹.남편.X_2P_최나영_260801_제과_이봄1,1043,21,41312.0,1
2026-08-28,(ASC) [제과_블트하] 26.08_블트깡출시_ASC_전환_image,(ASC) [제과_블트하] 26.08_블트하출시_ASC_전환_image,[26.08]F_I_BT혼_전환_블트칩출시_혜택강조형_KR1_.피드_밑지고팔아요.맥주안주.__김소희_260806_제과_김수정,723,14,15917.0,0
2026-08-28,(ASC) [제과_블트하] 26.08_블트깡출시_ASC_전환_image,(ASC) [제과_블트하] 26.08_블트하출시_ASC_전환_image,[26.08]F_I_BT깡_전환_블트칩출시_유명인권위형_이국주.KR1_.릴스_혜택맛비주얼강조.희소성.__김소희_260813_제과_김수정,1,0,10.0,0
2026-08-28,[제과_블트하] 26.07_블트깡출시_수동_전환_video_전체타겟,0814_고효율재편집_블트깡출시,[26.08]F_V_BT깡_전환_블트깡출시_쩜오건_이국주.KR1_var3.릴스_육포깡BP.(재)_1P_최나영_260814_제과_문형민,1,0,9.0,0
2026-08-28,[제과_블트하] 26.07_블트깡출시_수동_전환_video_전체타겟,0820_검증포맷이식_블트깡출시 (KR1),[26.08]F_V_BT깡_전환_블트깡출시_쩜오건_시즈닝강조.이국주.KR1_var3.릴스_블트깡.트러플.슬기.X_1P__260820_제과_문형민,16,0,198.0,0
2026-08-28,[칩] (마스터ASC)[제과_블트하] 26.07_블트칩출시_ASC_전환_video,[칩] (마스터ASC)[제과_블트하] 26.07_블트칩출시_ASC_전환_video,[26.08]F_V_BT칩_전환_블트칩출시_네고형_공구네고형.이국주.KR2_var3.릴스_주문폭주.X_1P_최나영_260820_제과_피재은,835,7,15566.0,0
2026-08-28,[제과_블트하] 26.07_블트깡출시_수동_전환_image_전체타겟,0820_이국주(~0912)_블트칩출시 (KR1),[26.08]F_I_BT혼_전환_블트칩출시_혜택강조형_이국주.KR1_.배너_비싼원재료강조.진짜죄송합니다.__김소희_260820_제과_김수정,5111,96,138532.0,6
2026-08-28,[제과_블트하] 26.07_블트깡출시_수동_전환_image_전체타겟,0826_트러플권위_블트칩출시  (KR1),[26.08]F_I_BT깡_전환_블트칩출시_혜택강조형_KR1.이탈리아_.배너_트러플본고장은다르니까.__김소희_260826_제과_김수정,158,2,5284.0,0
2026-08-28,[제과_블트하] 26.07_블트깡출시_수동_전환_image_전체타겟,0901_맛피아디벨롭_블트칩출시  (KR1/2),[26.08]F_I_BT깡_전환_블트칩출시_혜택강조형_나폴리맛피아.KR2_.배너_향풍미강조.트러플엄청들어가서.__김소희_260828_제과_박서연,198,1,4981.0,0
2026-08-28,[제과_블트하] 26.07_블트깡출시_수동_전환_image_전체타겟,0828_맛피아100%_블트칩출시 (신규KR),[26.08]F_I_BT깡_전환_블트칩출시_혜택강조형_나폴리맛피아.신규_.배너_브랜디드.맛피아가깎아옴.__김소희_260828_제과_김수정,155,6,4231.0,0
2026-08-28,[제과_블트하] 26.07_블트깡출시_수동_전환_image_전체타겟,0828_맛피아100%_블트칩출시 (신규KR),[26.08]F_I_BT칩_전환_블트칩출시_혜택강조형_나폴리맛피아.신규_.릴스_브랜디드.비쌀줄알았는데.__김소희_260828_제과_김수정,112,1,3446.0,0
2026-08-28,(마스터ASC) [제과_블트하] 26.09_블트깡출시_ASC_전환_image,(마스터ASC) [제과_블트하] 26.09_블트깡출시_ASC_전환_image,[26.08]F_I_BT깡_전환_블트칩출시_혜택강조형_나폴리맛피아.KR2_.배너_파인다이닝프레임.이탈리아트러플.__김소희_260828_제과_박서연,1,0,29.0,0
2026-08-28,(마스터ASC)[제과_블트하] 26.07_블트깡출시_ASC_전환_video,(마스터ASC)[제과_블트하] 26.07_블트깡출시_ASC_전환_video,[26.09]F_V_BT칩_전환_블트깡출시_쩜오건_나폴리맛피아.KR2_main.릴스_메인.슬기.X_1P__260901_제과_피재은,4,0,34.0,0
2026-08-28,(마스터ASC)[제과_블트하] 26.07_블트깡출시_ASC_전환_video,(마스터ASC)[제과_블트하] 26.07_블트깡출시_ASC_전환_video,[26.09]F_V_BT칩_전환_블트깡출시_기타_배너.메시지검증_var5.배너_범용성.2안.X_2P__260901_제과_최재원,1,0,7.0,0
2026-08-28,[제과_블트하] 26.07_블트깡출시_수동_전환_video_전체타겟,0828_문제공감형_블트칩출시 (신규KR),[26.09]F_V_BT깡_전환_블트깡출시_문제공감형_원룸만들기BP.나폴리맛피아.신규_var1.릴스_맛피아권위.X_2P__260901_제과_이봄1,382,10,9934.0,0
2026-08-29,[제과_블트하] 26.07_블트깡출시_수동_전환_image_전체타겟,0820_이국주(~0912)_블트칩출시 (KR1),[26.08]F_I_BT혼_전환_블트칩출시_혜택강조형_이국주.KR1_.배너_비싼원재료강조.진짜죄송합니다.__김소희_260820_제과_김수정,939,21,22336.0,1
2026-08-29,[제과_블트하] 26.07_블트깡출시_수동_전환_image_전체타겟,0826_트러플권위_블트칩출시  (KR1),[26.08]F_I_BT깡_전환_블트칩출시_혜택강조형_KR1.이탈리아_.배너_트러플본고장은다르니까.__김소희_260826_제과_김수정,62,0,2241.0,0
2026-08-29,[제과_블트하] 26.07_블트깡출시_수동_전환_image_전체타겟,0901_맛피아디벨롭_블트칩출시  (KR1/2),[26.08]F_I_BT깡_전환_블트칩출시_혜택강조형_나폴리맛피아.KR2_.배너_향풍미강조.트러플엄청들어가서.__김소희_260828_제과_박서연,932,21,34724.0,3
2026-08-29,[제과_블트하] 26.07_블트깡출시_수동_전환_image_전체타겟,0828_맛피아100%_블트칩출시 (신규KR),[26.08]F_I_BT깡_전환_블트칩출시_혜택강조형_나폴리맛피아.신규_.배너_브랜디드.맛피아가깎아옴.__김소희_260828_제과_김수정,198,6,9004.0,2
2026-08-29,[제과_블트하] 26.07_블트깡출시_수동_전환_image_전체타겟,0828_맛피아100%_블트칩출시 (신규KR),[26.08]F_I_BT칩_전환_블트칩출시_혜택강조형_나폴리맛피아.신규_.릴스_브랜디드.비쌀줄알았는데.__김소희_260828_제과_김수정,69,1,5275.0,0
2026-08-29,(마스터ASC) [제과_블트하] 26.09_블트깡출시_ASC_전환_image,(마스터ASC) [제과_블트하] 26.09_블트깡출시_ASC_전환_image,[26.08]F_I_BT깡_전환_블트칩출시_혜택강조형_나폴리맛피아.KR2_.배너_파인다이닝프레임.이탈리아트러플.__김소희_260828_제과_박서연,6,0,139.0,0
2026-08-29,(마스터ASC) [제과_블트하] 26.09_블트깡출시_ASC_전환_image,(마스터ASC) [제과_블트하] 26.09_블트깡출시_ASC_전환_image,[26.08]F_I_BT칩_전환_블트칩출시_혜택강조형_나폴리맛피아.신규_.배너_브랜디드.맛피아가선택한.__김소희_260828_제과_김수정,38,0,1202.0,0
2026-08-29,(마스터ASC)[제과_블트하] 26.07_블트깡출시_ASC_전환_video,(마스터ASC)[제과_블트하] 26.07_블트깡출시_ASC_전환_video,[26.09]F_V_BT칩_전환_블트깡출시_쩜오건_나폴리맛피아.KR2_main.릴스_메인.슬기.X_1P__260901_제과_피재은,84,1,1942.0,0
2026-08-29,(마스터ASC)[제과_블트하] 26.07_블트깡출시_ASC_전환_video,(마스터ASC)[제과_블트하] 26.07_블트깡출시_ASC_전환_video,[26.09]F_V_BT칩_전환_블트깡출시_기타_배너.메시지검증_var5.배너_범용성.2안.X_2P__260901_제과_최재원,2,0,61.0,0
2026-08-29,[제과_블트하] 26.07_블트깡출시_수동_전환_video_전체타겟,0828_문제공감형_블트칩출시 (신규KR),[26.09]F_V_BT깡_전환_블트깡출시_문제공감형_원룸만들기BP.나폴리맛피아.신규_var1.릴스_맛피아권위.X_2P__260901_제과_이봄1,470,9,17004.0,0
2026-08-30,[제과_블트하] 26.07_블트깡출시_수동_전환_image_전체타겟,0820_이국주(~0912)_블트칩출시 (KR1),[26.08]F_I_BT혼_전환_블트칩출시_혜택강조형_이국주.KR1_.배너_비싼원재료강조.진짜죄송합니다.__김소희_260820_제과_김수정,11864,196,329836.0,24
2026-08-30,(마스터ASC)[제과_치즈팝콘] 26.08_치즈팝콘출시_ASC_전환_image_전체타겟,(마스터ASC)[제과_치즈팝콘] 26.08_치즈팝콘출시_ASC_전환_image_전체타겟,[26.08]F_I_PC치_전환_치즈팝콘재입고_혜택강조형_KR1.재입고이슈_.배너_있을때사세요.__권미정_260824_제과_박서연,9,0,349.0,0
2026-08-30,[제과_블트하] 26.07_블트깡출시_수동_전환_image_전체타겟,0901_맛피아디벨롭_블트칩출시  (KR1/2),[26.08]F_I_BT깡_전환_블트칩출시_혜택강조형_나폴리맛피아.KR2_.배너_향풍미강조.트러플엄청들어가서.__김소희_260828_제과_박서연,763,14,21141.0,1
2026-08-30,[제과_블트하] 26.07_블트깡출시_수동_전환_image_전체타겟,0828_맛피아100%_블트칩출시 (신규KR),[26.08]F_I_BT깡_전환_블트칩출시_혜택강조형_나폴리맛피아.신규_.배너_브랜디드.맛피아가깎아옴.__김소희_260828_제과_김수정,315,3,11575.0,0
2026-08-30,[제과_블트하] 26.07_블트깡출시_수동_전환_image_전체타겟,0828_맛피아100%_블트칩출시 (신규KR),[26.08]F_I_BT칩_전환_블트칩출시_혜택강조형_나폴리맛피아.신규_.릴스_브랜디드.비쌀줄알았는데.__김소희_260828_제과_김수정,385,6,13222.0,0
2026-08-30,(마스터ASC) [제과_블트하] 26.09_블트깡출시_ASC_전환_image,(마스터ASC) [제과_블트하] 26.09_블트깡출시_ASC_전환_image,[26.08]F_I_BT깡_전환_블트칩출시_혜택강조형_나폴리맛피아.KR2_.배너_파인다이닝프레임.이탈리아트러플.__김소희_260828_제과_박서연,2,0,32.0,0
2026-08-30,(마스터ASC)[제과_블트하] 26.07_블트깡출시_ASC_전환_video,(마스터ASC)[제과_블트하] 26.07_블트깡출시_ASC_전환_video,[26.09]F_V_BT칩_전환_블트깡출시_쩜오건_나폴리맛피아.KR2_main.릴스_메인.슬기.X_1P__260901_제과_피재은,44,0,715.0,0
2026-08-31,[칩] (마스터ASC)[제과_블트하] 26.07_블트칩출시_ASC_전환_video,[칩] (마스터ASC)[제과_블트하] 26.07_블트칩출시_ASC_전환_video,[26.08]F_V_BT혼_전환_블트칩출시_신규BP_무아스BP_var1.릴스_가성비.주부페르소나.KR1.X_2P_최나영_260807_제과_이미진,2542,30,44947.0,2
2026-08-31,[제과_블트하] 26.07_블트깡출시_수동_전환_image_전체타겟,0820_이국주(~0912)_블트칩출시 (KR1),[26.08]F_I_BT혼_전환_블트칩출시_혜택강조형_이국주.KR1_.배너_비싼원재료강조.진짜죄송합니다.__김소희_260820_제과_김수정,1731,27,52977.0,2
2026-08-31,(마스터ASC)[제과_치즈팝콘] 26.08_치즈팝콘출시_ASC_전환_image_전체타겟,(마스터ASC)[제과_치즈팝콘] 26.08_치즈팝콘출시_ASC_전환_image_전체타겟,[26.08]F_I_PC치_전환_치즈팝콘재입고_혜택강조형_KR1.재입고이슈_.배너_있을때사세요.__권미정_260824_제과_박서연,5,0,80.0,0
2026-08-31,(마스터ASC)[제과_블트하] 26.07_블트깡출시_ASC_전환_video,(마스터ASC)[제과_블트하] 26.07_블트깡출시_ASC_전환_video,[26.09]F_V_BT칩_전환_블트깡출시_쩜오건_나폴리맛피아.KR2_main.릴스_메인.슬기.X_1P__260901_제과_피재은,41,0,849.0,0
2026-09-01,[제과_블트하] 26.07_블트깡출시_수동_전환_image_전체타겟,0820_이국주(~0912)_블트칩출시 (KR1),[26.08]F_I_BT혼_전환_블트칩출시_혜택강조형_이국주.KR1_.배너_비싼원재료강조.진짜죄송합니다.__김소희_260820_제과_김수정,11569,219,330530.0,22
2026-09-01,(마스터ASC)[제과_치즈팝콘] 26.08_치즈팝콘출시_ASC_전환_image_전체타겟,(마스터ASC)[제과_치즈팝콘] 26.08_치즈팝콘출시_ASC_전환_image_전체타겟,[26.08]F_I_PC치_전환_치즈팝콘재입고_혜택강조형_KR1.재입고이슈_.배너_있을때사세요.__권미정_260824_제과_박서연,6,1,191.0,0
2026-09-01,(마스터ASC) [제과_블트하] 26.09_블트깡출시_ASC_전환_image,(마스터ASC) [제과_블트하] 26.09_블트깡출시_ASC_전환_image,[26.08]F_I_BT깡_전환_블트칩출시_혜택강조형_나폴리맛피아.KR2_.배너_파인다이닝프레임.이탈리아트러플.__김소희_260828_제과_박서연,3,0,32.0,0
2026-09-01,(마스터ASC)[제과_블트하] 26.07_블트깡출시_ASC_전환_video,(마스터ASC)[제과_블트하] 26.07_블트깡출시_ASC_전환_video,[26.09]F_V_BT칩_전환_블트깡출시_쩜오건_나폴리맛피아.KR2_main.릴스_메인.슬기.X_1P__260901_제과_피재은,33,0,718.0,0
2026-09-01,(고효율 재러닝)[제과_블트하] 26.08_블트깡출시_ASC_전환_image/video_8M1W,(고효율 재러닝)[제과_블트하] 26.08_블트깡출시_ASC_전환_image/video_8M1W,[26.08]F_V_BT칩_전환_블트칩출시_네고형_직원네고형.이국주.KR1_var2.릴스_ver2.시즈닝강조.슬기.X_1P__260821_제과_문형민,29,0,370.0,0
2026-08-24,(마스터ASC)[제과_블트하] 26.07_블트깡출시_ASC_전환_video,(마스터ASC)[제과_블트하] 26.07_블트깡출시_ASC_전환_video,[26.08]F_V_BT칩_전환_블트칩출시_신규BP_아린이네BP.KR1_var4.릴스_공구형.맛비주얼.X_2P_최나영_260811_제과_윤성미,1,0,13.0,0
2026-08-24,(마스터ASC)[제과_블트하] 26.07_블트깡출시_ASC_전환_video,(마스터ASC)[제과_블트하] 26.07_블트깡출시_ASC_전환_video,[26.08]F_V_BT깡_전환_블트깡출시_라이브커머스형_라이브커머스형.KR1_var12.릴스_가격강조.편의점.슬기.X_1P_김소희_260812_제과_피재은,6,0,28.0,0
2026-08-24,(마스터ASC)[제과_블트하] 26.07_블트깡출시_ASC_전환_video,(마스터ASC)[제과_블트하] 26.07_블트깡출시_ASC_전환_video,[26.08]F_V_BT깡_전환_블트깡출시_신규BP_브랜든배너형BP_var2.릴스_고급간식1티어.X_2P_최재원_260813_제과_최재원,23,0,265.0,0
2026-08-24,(마스터ASC)[제과_블트하] 26.07_블트깡출시_ASC_전환_video,(마스터ASC)[제과_블트하] 26.07_블트깡출시_ASC_전환_video,[26.08]F_V_BT깡_전환_블트깡출시_신규BP_흥주부BP.이국주.KR2_var1.릴스_이국주.X_2P_김소희_260819_제과_윤성미,53,1,1546.0,0
2026-08-24,[칩] (마스터ASC)[제과_블트하] 26.07_블트칩출시_ASC_전환_video,[칩] (마스터ASC)[제과_블트하] 26.07_블트칩출시_ASC_전환_video,[26.08]F_V_BT칩_전환_블트칩출시_신규BP_도리토스BP.이국주.KR2_var1.릴스_레시피.X_2P_김소희_260821_제과_이봄1,7,0,62.0,0
2026-08-24,[제과_치즈팝콘] 26.08_치즈팝콘출시_수동_전환_video_전체타겟,(0824) 열두달식탁BP_치즈팝콘재입고 (KR1) (성미님),[26.08]F_V_PC치_전환_치즈팝콘재입고_신규BP_열두달식탁BP.KR1_var1.릴스_권유.X_2P_권미정_260824_제과_윤성미,1362,15,19096.0,2
2026-08-24,[제과_치즈팝콘] 26.08_치즈팝콘출시_수동_전환_video_전체타겟,(0824) CS전화네고형_치즈팝콘재입고 (KR2) (미진님),[26.08]F_V_PC치_전환_치즈팝콘재입고_네고형_CS전화네고.KR2_var2.릴스_타사비교.X_2P_권미정_260824_제과_이미진,701,13,12841.0,1
2026-08-25,[제과_치즈팝콘] 26.08_치즈팝콘출시_수동_전환_video_전체타겟,"(0805) 쩜오건_치즈팝콘출시 (KR1) (재은,성미님)",[26.08]F_V_PC치_전환_치즈팝콘출시_쩜오건_육포깡BP_var1.릴스_황치즈.X_1P_권미정_260805_제과_피재은,77,1,700.0,0
2026-08-25,(마스터ASC)[제과_블트하] 26.07_블트깡출시_ASC_전환_video,(마스터ASC)[제과_블트하] 26.07_블트깡출시_ASC_전환_video,[26.08]F_V_BT깡_전환_블트깡출시_신규BP_브랜든배너형BP_var2.릴스_고급간식1티어.X_2P_최재원_260813_제과_최재원,1,0,2.0,0
2026-08-25,(마스터ASC)[제과_블트하] 26.07_블트깡출시_ASC_전환_video,(마스터ASC)[제과_블트하] 26.07_블트깡출시_ASC_전환_video,[26.08]F_V_BT깡_전환_블트깡출시_신규BP_흥주부BP.이국주.KR2_var1.릴스_이국주.X_2P_김소희_260819_제과_윤성미,16,0,388.0,0
2026-08-25,[제과_치즈팝콘] 26.08_치즈팝콘출시_수동_전환_video_전체타겟,(0824) 열두달식탁BP_치즈팝콘재입고 (KR1) (성미님),[26.08]F_V_PC치_전환_치즈팝콘재입고_신규BP_열두달식탁BP.KR1_var1.릴스_권유.X_2P_권미정_260824_제과_윤성미,4293,54,86616.0,7
2026-08-25,[제과_치즈팝콘] 26.08_치즈팝콘출시_수동_전환_video_전체타겟,(0824) CS전화네고형_치즈팝콘재입고 (KR2) (미진님),[26.08]F_V_PC치_전환_치즈팝콘재입고_네고형_CS전화네고.KR2_var2.릴스_타사비교.X_2P_권미정_260824_제과_이미진,708,14,13990.0,3
2026-08-26,[제과_치즈팝콘] 26.08_치즈팝콘출시_수동_전환_video_전체타겟,"(0805) 쩜오건_치즈팝콘출시 (KR1) (재은,성미님)",[26.08]F_V_PC치_전환_치즈팝콘출시_쩜오건_육포깡BP_var1.릴스_황치즈.X_1P_권미정_260805_제과_피재은,114,1,1058.0,0
2026-08-26,(마스터ASC)[제과_블트하] 26.07_블트깡출시_ASC_전환_video,(마스터ASC)[제과_블트하] 26.07_블트깡출시_ASC_전환_video,[26.08]F_V_BT깡_전환_블트깡출시_신규BP_브랜든배너형BP_var2.릴스_고급간식1티어.X_2P_최재원_260813_제과_최재원,23,0,542.0,0
2026-08-26,(ASC) [제과_블트하] 26.08_블트깡출시_ASC_전환_image,(ASC) [제과_블트하] 26.08_블트하출시_ASC_전환_image,[26.08]F_I_BT칩_전환_블트칩출시_혜택강조형_GFA베리_.배너_새벽에야식으로3봉씩.__최나영_260818_제과_박서연,12,0,231.0,0
2026-08-26,(마스터ASC)[제과_블트하] 26.07_블트깡출시_ASC_전환_video,(마스터ASC)[제과_블트하] 26.07_블트깡출시_ASC_전환_video,[26.08]F_V_BT깡_전환_블트깡출시_신규BP_흥주부BP.이국주.KR2_var1.릴스_이국주.X_2P_김소희_260819_제과_윤성미,21,0,273.0,0
2026-08-26,[칩] (마스터ASC)[제과_블트하] 26.07_블트칩출시_ASC_전환_video,[칩] (마스터ASC)[제과_블트하] 26.07_블트칩출시_ASC_전환_video,[26.08]F_V_BT칩_전환_블트칩출시_신규BP_도리토스BP.이국주.KR2_var1.릴스_레시피.X_2P_김소희_260821_제과_이봄1,110,0,2174.0,0
2026-08-26,[제과_치즈팝콘] 26.08_치즈팝콘출시_수동_전환_video_전체타겟,(0824) 열두달식탁BP_치즈팝콘재입고 (KR1) (성미님),[26.08]F_V_PC치_전환_치즈팝콘재입고_신규BP_열두달식탁BP.KR1_var1.릴스_권유.X_2P_권미정_260824_제과_윤성미,2095,36,43692.0,4
2026-08-26,[제과_치즈팝콘] 26.08_치즈팝콘출시_수동_전환_video_전체타겟,(0824) CS전화네고형_치즈팝콘재입고 (KR2) (미진님),[26.08]F_V_PC치_전환_치즈팝콘재입고_네고형_CS전화네고.KR2_var2.릴스_타사비교.X_2P_권미정_260824_제과_이미진,101,3,2518.0,0
2026-08-26,(ASC) [제과_블트하] 26.08_블트깡출시_ASC_전환_image,(ASC) [제과_블트하] 26.08_블트하출시_ASC_전환_image,[26.08]F_I_BT깡_전환_블트칩출시_혜택강조형_KR2.진짜트러플비교_.배너_소비자보이스.리뷰형.__김소희_260825_제과_박서연,263,6,6938.0,1
2026-08-27,(ASC) [제과_블트하] 26.07_블트칩출시_ASC_전환_image,(ASC)[제과_블트하] 26.07_블트칩출시_ASC_전환_image,[26.07]F_I_BT칩_전환_블트칩출시_혜택강조형_KR1_.피드_초딩입맛우리남편.__김소희_260728_제과_김수정,9,1,311.0,1
2026-08-27,[제과_치즈팝콘] 26.08_치즈팝콘출시_수동_전환_video_전체타겟,"(0805) 쩜오건_치즈팝콘출시 (KR1) (재은,성미님)",[26.08]F_V_PC치_전환_치즈팝콘출시_쩜오건_육포깡BP_var1.릴스_황치즈.X_1P_권미정_260805_제과_피재은,217,3,2967.0,0
2026-08-27,(마스터ASC)[제과_블트하] 26.07_블트깡출시_ASC_전환_video,(마스터ASC)[제과_블트하] 26.07_블트깡출시_ASC_전환_video,[26.08]F_V_BT깡_전환_블트깡출시_신규BP_브랜든배너형BP_var2.릴스_고급간식1티어.X_2P_최재원_260813_제과_최재원,3,0,98.0,0
2026-08-27,(마스터ASC)[제과_블트하] 26.07_블트깡출시_ASC_전환_video,(마스터ASC)[제과_블트하] 26.07_블트깡출시_ASC_전환_video,[26.08]F_V_BT혼_전환_블트칩출시_신규BP_젤리백BP.이국주.KR1_var2.릴스_이국주+핫함.X_2P_최나영_260814_제과_이봄1,1,0,9.0,0
2026-08-27,(마스터ASC)[제과_블트하] 26.07_블트깡출시_ASC_전환_video,(마스터ASC)[제과_블트하] 26.07_블트깡출시_ASC_전환_video,[26.08]F_V_BT깡_전환_블트깡출시_신규BP_흥주부BP.이국주.KR2_var1.릴스_이국주.X_2P_김소희_260819_제과_윤성미,1,0,1.0,0
2026-08-27,[칩] (마스터ASC)[제과_블트하] 26.07_블트칩출시_ASC_전환_video,[칩] (마스터ASC)[제과_블트하] 26.07_블트칩출시_ASC_전환_video,[26.08]F_V_BT칩_전환_블트칩출시_신규BP_도리토스BP.이국주.KR2_var1.릴스_레시피.X_2P_김소희_260821_제과_이봄1,650,8,13371.0,0
2026-08-27,[제과_치즈팝콘] 26.08_치즈팝콘출시_수동_전환_video_전체타겟,(0824) 열두달식탁BP_치즈팝콘재입고 (KR1) (성미님),[26.08]F_V_PC치_전환_치즈팝콘재입고_신규BP_열두달식탁BP.KR1_var1.릴스_권유.X_2P_권미정_260824_제과_윤성미,942,18,25115.0,1
2026-08-27,[제과_치즈팝콘] 26.08_치즈팝콘출시_수동_전환_video_전체타겟,(0824) CS전화네고형_치즈팝콘재입고 (KR2) (미진님),[26.08]F_V_PC치_전환_치즈팝콘재입고_네고형_CS전화네고.KR2_var2.릴스_타사비교.X_2P_권미정_260824_제과_이미진,488,6,10690.0,1
2026-08-27,(ASC) [제과_블트하] 26.08_블트깡출시_ASC_전환_image,(ASC) [제과_블트하] 26.08_블트하출시_ASC_전환_image,[26.08]F_I_BT깡_전환_블트칩출시_혜택강조형_KR2.진짜트러플비교_.배너_소비자보이스.리뷰형.__김소희_260825_제과_박서연,11,0,252.0,0
2026-08-28,[제과_치즈팝콘] 26.08_치즈팝콘출시_수동_전환_video_전체타겟,"(0805) 쩜오건_치즈팝콘출시 (KR1) (재은,성미님)",[26.08]F_V_PC치_전환_치즈팝콘출시_쩜오건_육포깡BP_var1.릴스_황치즈.X_1P_권미정_260805_제과_피재은,306,1,2654.0,0
2026-08-28,(마스터ASC)[제과_블트하] 26.07_블트깡출시_ASC_전환_video,(마스터ASC)[제과_블트하] 26.07_블트깡출시_ASC_전환_video,[26.08]F_V_BT칩_전환_블트칩출시_신규BP_아린이네BP.KR1_var4.릴스_공구형.맛비주얼.X_2P_최나영_260811_제과_윤성미,1,0,3.0,0
2026-08-28,[칩] (마스터ASC)[제과_블트하] 26.07_블트칩출시_ASC_전환_video,[칩] (마스터ASC)[제과_블트하] 26.07_블트칩출시_ASC_전환_video,[26.08]F_V_BT칩_전환_블트칩출시_신규BP_도리토스BP.이국주.KR2_var1.릴스_레시피.X_2P_김소희_260821_제과_이봄1,389,5,9315.0,0
2026-08-28,[제과_치즈팝콘] 26.08_치즈팝콘출시_수동_전환_video_전체타겟,(0824) 열두달식탁BP_치즈팝콘재입고 (KR1) (성미님),[26.08]F_V_PC치_전환_치즈팝콘재입고_신규BP_열두달식탁BP.KR1_var1.릴스_권유.X_2P_권미정_260824_제과_윤성미,2063,27,43038.0,4
2026-08-28,[제과_치즈팝콘] 26.08_치즈팝콘출시_수동_전환_video_전체타겟,(0824) CS전화네고형_치즈팝콘재입고 (KR2) (미진님),[26.08]F_V_PC치_전환_치즈팝콘재입고_네고형_CS전화네고.KR2_var2.릴스_타사비교.X_2P_권미정_260824_제과_이미진,409,6,8703.0,0
2026-08-28,(ASC) [제과_블트하] 26.08_블트깡출시_ASC_전환_image,(ASC) [제과_블트하] 26.08_블트하출시_ASC_전환_image,[26.08]F_I_BT깡_전환_블트칩출시_혜택강조형_KR2.진짜트러플비교_.배너_소비자보이스.리뷰형.__김소희_260825_제과_박서연,1,0,36.0,0
2026-08-28,[제과_블트하] 26.07_블트깡출시_수동_전환_image_전체타겟,0828_맛피아100%_블트칩출시 (신규KR),[26.08]F_I_BT칩_전환_블트칩출시_혜택강조형_나폴리맛피아.신규_.배너_브랜디드.맛피아가깎았어요네고.__김소희_260828_제과_김수정,37,3,651.0,0
2026-08-28,[제과_블트하] 26.07_블트깡출시_수동_전환_image_전체타겟,0828_맛피아100%_블트칩출시 (신규KR),[26.08]F_I_BT혼_전환_블트칩출시_혜택강조형_나폴리맛피아.신규_.배너_브랜디드.맛피아트러플하몽시리즈.__김소희_260828_제과_김수정,691,8,9262.0,1
2026-08-28,(마스터ASC) [제과_블트하] 26.09_블트깡출시_ASC_전환_image,(마스터ASC) [제과_블트하] 26.09_블트깡출시_ASC_전환_image,"[26.08]F_I_BT깡_전환_블트칩출시_혜택강조형_나폴리맛피아.KR2_.배너_맛피아권위.가짜트러플,셰프눈은.__김소희_260828_제과_박서연",2,0,22.0,0
2026-08-28,[제과_블트하] 26.07_블트깡출시_수동_전환_video_전체타겟,0828_재원님재편집_블트칩출시 (맛피아) (신규KR),[26.09]F_V_BT칩_전환_블트깡출시_기타_배너.메시지검증_var5.배너_범용성.2안.X_2P__260901_제과_최재원,19,1,384.0,0
2026-08-29,(ASC) [제과_블트하] 26.07_블트칩출시_ASC_전환_image,(ASC)[제과_블트하] 26.07_블트칩출시_ASC_전환_image,[26.07]F_I_BT칩_전환_블트칩출시_혜택강조형_KR1_.피드_초딩입맛우리남편.__김소희_260728_제과_김수정,11,0,365.0,0
2026-08-29,[제과_치즈팝콘] 26.08_치즈팝콘출시_수동_전환_video_전체타겟,"(0805) 쩜오건_치즈팝콘출시 (KR1) (재은,성미님)",[26.08]F_V_PC치_전환_치즈팝콘출시_쩜오건_육포깡BP_var1.릴스_황치즈.X_1P_권미정_260805_제과_피재은,272,0,2287.0,0
2026-08-29,(마스터ASC)[제과_블트하] 26.07_블트깡출시_ASC_전환_video,(마스터ASC)[제과_블트하] 26.07_블트깡출시_ASC_전환_video,[26.08]F_V_BT칩_전환_블트칩출시_신규BP_아린이네BP.KR1_var4.릴스_공구형.맛비주얼.X_2P_최나영_260811_제과_윤성미,6,0,26.0,0
2026-08-29,(마스터ASC)[제과_블트하] 26.07_블트깡출시_ASC_전환_video,(마스터ASC)[제과_블트하] 26.07_블트깡출시_ASC_전환_video,[26.08]F_V_BT깡_전환_블트깡출시_신규BP_브랜든배너형BP_var2.릴스_고급간식1티어.X_2P_최재원_260813_제과_최재원,1,0,3.0,0
2026-08-29,(마스터ASC)[제과_블트하] 26.07_블트깡출시_ASC_전환_video,(마스터ASC)[제과_블트하] 26.07_블트깡출시_ASC_전환_video,[26.08]F_V_BT깡_전환_블트깡출시_신규BP_흥주부BP.이국주.KR2_var1.릴스_이국주.X_2P_김소희_260819_제과_윤성미,1,0,142.0,0
2026-08-29,[칩] (마스터ASC)[제과_블트하] 26.07_블트칩출시_ASC_전환_video,[칩] (마스터ASC)[제과_블트하] 26.07_블트칩출시_ASC_전환_video,[26.08]F_V_BT칩_전환_블트칩출시_신규BP_도리토스BP.이국주.KR2_var1.릴스_레시피.X_2P_김소희_260821_제과_이봄1,350,5,8729.0,0
2026-08-29,[제과_치즈팝콘] 26.08_치즈팝콘출시_수동_전환_video_전체타겟,(0824) 열두달식탁BP_치즈팝콘재입고 (KR1) (성미님),[26.08]F_V_PC치_전환_치즈팝콘재입고_신규BP_열두달식탁BP.KR1_var1.릴스_권유.X_2P_권미정_260824_제과_윤성미,604,4,13259.0,1
2026-08-29,[제과_치즈팝콘] 26.08_치즈팝콘출시_수동_전환_video_전체타겟,(0824) CS전화네고형_치즈팝콘재입고 (KR2) (미진님),[26.08]F_V_PC치_전환_치즈팝콘재입고_네고형_CS전화네고.KR2_var2.릴스_타사비교.X_2P_권미정_260824_제과_이미진,466,5,7200.0,0
2026-08-29,[제과_블트하] 26.07_블트깡출시_수동_전환_image_전체타겟,0828_맛피아100%_블트칩출시 (신규KR),[26.08]F_I_BT칩_전환_블트칩출시_혜택강조형_나폴리맛피아.신규_.배너_브랜디드.맛피아가깎았어요네고.__김소희_260828_제과_김수정,123,2,3499.0,0
2026-08-29,[제과_블트하] 26.07_블트깡출시_수동_전환_image_전체타겟,0828_맛피아100%_블트칩출시 (신규KR),[26.08]F_I_BT혼_전환_블트칩출시_혜택강조형_나폴리맛피아.신규_.배너_브랜디드.맛피아트러플하몽시리즈.__김소희_260828_제과_김수정,551,6,8006.0,0
2026-08-29,(마스터ASC) [제과_블트하] 26.09_블트깡출시_ASC_전환_image,(마스터ASC) [제과_블트하] 26.09_블트깡출시_ASC_전환_image,"[26.08]F_I_BT깡_전환_블트칩출시_혜택강조형_나폴리맛피아.KR2_.배너_맛피아권위.가짜트러플,셰프눈은.__김소희_260828_제과_박서연",23,0,750.0,0
2026-08-29,[제과_블트하] 26.07_블트깡출시_수동_전환_video_전체타겟,0828_재원님재편집_블트칩출시 (맛피아) (신규KR),[26.09]F_V_BT칩_전환_블트깡출시_기타_배너.메시지검증_var5.배너_범용성.2안.X_2P__260901_제과_최재원,43,0,666.0,0
2026-08-30,[제과_치즈팝콘] 26.08_치즈팝콘출시_수동_전환_video_전체타겟,"(0805) 쩜오건_치즈팝콘출시 (KR1) (재은,성미님)",[26.08]F_V_PC치_전환_치즈팝콘출시_쩜오건_육포깡BP_var1.릴스_황치즈.X_1P_권미정_260805_제과_피재은,236,4,2882.0,2
2026-08-30,(마스터ASC)[제과_블트하] 26.07_블트깡출시_ASC_전환_video,(마스터ASC)[제과_블트하] 26.07_블트깡출시_ASC_전환_video,[26.08]F_V_BT칩_전환_블트칩출시_신규BP_아린이네BP.KR1_var4.릴스_공구형.맛비주얼.X_2P_최나영_260811_제과_윤성미,13,0,175.0,0
2026-08-30,[칩] (마스터ASC)[제과_블트하] 26.07_블트칩출시_ASC_전환_video,[칩] (마스터ASC)[제과_블트하] 26.07_블트칩출시_ASC_전환_video,[26.08]F_V_BT칩_전환_블트칩출시_신규BP_도리토스BP.이국주.KR2_var1.릴스_레시피.X_2P_김소희_260821_제과_이봄1,187,6,4843.0,0
2026-08-30,[제과_치즈팝콘] 26.08_치즈팝콘출시_수동_전환_video_전체타겟,(0824) CS전화네고형_치즈팝콘재입고 (KR2) (미진님),[26.08]F_V_PC치_전환_치즈팝콘재입고_네고형_CS전화네고.KR2_var2.릴스_타사비교.X_2P_권미정_260824_제과_이미진,306,4,5954.0,0
2026-08-30,(ASC) [제과_블트하] 26.08_블트깡출시_ASC_전환_image,(ASC) [제과_블트하] 26.08_블트하출시_ASC_전환_image,[26.08]F_I_BT깡_전환_블트칩출시_혜택강조형_KR2.진짜트러플비교_.배너_소비자보이스.리뷰형.__김소희_260825_제과_박서연,7,0,187.0,0
2026-08-30,[제과_블트하] 26.07_블트깡출시_수동_전환_image_전체타겟,0828_맛피아100%_블트칩출시 (신규KR),[26.08]F_I_BT칩_전환_블트칩출시_혜택강조형_나폴리맛피아.신규_.배너_브랜디드.맛피아가깎았어요네고.__김소희_260828_제과_김수정,413,3,10597.0,1
2026-08-30,[제과_블트하] 26.07_블트깡출시_수동_전환_image_전체타겟,0828_맛피아100%_블트칩출시 (신규KR),[26.08]F_I_BT혼_전환_블트칩출시_혜택강조형_나폴리맛피아.신규_.배너_브랜디드.맛피아트러플하몽시리즈.__김소희_260828_제과_김수정,5231,77,88293.0,9
2026-08-30,[제과_블트하] 26.07_블트깡출시_수동_전환_video_전체타겟,0828_재원님재편집_블트칩출시 (맛피아) (신규KR),[26.09]F_V_BT칩_전환_블트깡출시_기타_배너.메시지검증_var5.배너_범용성.2안.X_2P__260901_제과_최재원,7,0,216.0,0
2026-08-31,[제과_치즈팝콘] 26.08_치즈팝콘출시_수동_전환_video_전체타겟,"(0805) 쩜오건_치즈팝콘출시 (KR1) (재은,성미님)",[26.08]F_V_PC치_전환_치즈팝콘출시_쩜오건_육포깡BP_var1.릴스_황치즈.X_1P_권미정_260805_제과_피재은,2646,20,24363.0,0
2026-08-31,(마스터ASC)[제과_블트하] 26.07_블트깡출시_ASC_전환_video,(마스터ASC)[제과_블트하] 26.07_블트깡출시_ASC_전환_video,[26.08]F_V_BT깡_전환_블트깡출시_신규BP_브랜든배너형BP_var2.릴스_고급간식1티어.X_2P_최재원_260813_제과_최재원,1,0,3.0,0
2026-08-31,(ASC) [제과_블트하] 26.08_블트깡출시_ASC_전환_image,(ASC) [제과_블트하] 26.08_블트하출시_ASC_전환_image,[26.08]F_I_BT칩_전환_블트칩출시_혜택강조형_GFA베리_.배너_새벽에야식으로3봉씩.__최나영_260818_제과_박서연,2,0,103.0,0
2026-08-31,(마스터ASC)[제과_블트하] 26.07_블트깡출시_ASC_전환_video,(마스터ASC)[제과_블트하] 26.07_블트깡출시_ASC_전환_video,[26.08]F_V_BT깡_전환_블트깡출시_신규BP_흥주부BP.이국주.KR2_var1.릴스_이국주.X_2P_김소희_260819_제과_윤성미,11,0,160.0,0
2026-08-31,[칩] (마스터ASC)[제과_블트하] 26.07_블트칩출시_ASC_전환_video,[칩] (마스터ASC)[제과_블트하] 26.07_블트칩출시_ASC_전환_video,[26.08]F_V_BT칩_전환_블트칩출시_신규BP_도리토스BP.이국주.KR2_var1.릴스_레시피.X_2P_김소희_260821_제과_이봄1,1611,21,35629.0,2
2026-08-31,[제과_치즈팝콘] 26.08_치즈팝콘출시_수동_전환_video_전체타겟,(0824) 열두달식탁BP_치즈팝콘재입고 (KR1) (성미님),[26.08]F_V_PC치_전환_치즈팝콘재입고_신규BP_열두달식탁BP.KR1_var1.릴스_권유.X_2P_권미정_260824_제과_윤성미,1886,12,37279.0,0
2026-08-31,[제과_치즈팝콘] 26.08_치즈팝콘출시_수동_전환_video_전체타겟,(0824) CS전화네고형_치즈팝콘재입고 (KR2) (미진님),[26.08]F_V_PC치_전환_치즈팝콘재입고_네고형_CS전화네고.KR2_var2.릴스_타사비교.X_2P_권미정_260824_제과_이미진,1297,18,27530.0,1
2026-08-31,(ASC) [제과_블트하] 26.08_블트깡출시_ASC_전환_image,(ASC) [제과_블트하] 26.08_블트하출시_ASC_전환_image,[26.08]F_I_BT깡_전환_블트칩출시_혜택강조형_KR2.진짜트러플비교_.배너_소비자보이스.리뷰형.__김소희_260825_제과_박서연,30,0,688.0,0
2026-08-31,[제과_블트하] 26.07_블트깡출시_수동_전환_image_전체타겟,0828_맛피아100%_블트칩출시 (신규KR),[26.08]F_I_BT칩_전환_블트칩출시_혜택강조형_나폴리맛피아.신규_.배너_브랜디드.맛피아가깎았어요네고.__김소희_260828_제과_김수정,621,12,16632.0,2
2026-08-31,[제과_블트하] 26.07_블트깡출시_수동_전환_image_전체타겟,0828_맛피아100%_블트칩출시 (신규KR),[26.08]F_I_BT혼_전환_블트칩출시_혜택강조형_나폴리맛피아.신규_.배너_브랜디드.맛피아트러플하몽시리즈.__김소희_260828_제과_김수정,2034,19,35500.0,1
2026-08-31,(마스터ASC) [제과_블트하] 26.09_블트깡출시_ASC_전환_image,(마스터ASC) [제과_블트하] 26.09_블트깡출시_ASC_전환_image,"[26.08]F_I_BT깡_전환_블트칩출시_혜택강조형_나폴리맛피아.KR2_.배너_맛피아권위.가짜트러플,셰프눈은.__김소희_260828_제과_박서연",41,0,1274.0,0
2026-08-31,[제과_블트하] 26.07_블트깡출시_수동_전환_video_전체타겟,0828_재원님재편집_블트칩출시 (맛피아) (신규KR),[26.09]F_V_BT칩_전환_블트깡출시_기타_배너.메시지검증_var5.배너_범용성.2안.X_2P__260901_제과_최재원,36,0,923.0,0
2026-09-01,[제과_치즈팝콘] 26.08_치즈팝콘출시_수동_전환_video_전체타겟,"(0805) 쩜오건_치즈팝콘출시 (KR1) (재은,성미님)",[26.08]F_V_PC치_전환_치즈팝콘출시_쩜오건_육포깡BP_var1.릴스_황치즈.X_1P_권미정_260805_제과_피재은,1862,11,17835.0,1
2026-09-01,(마스터ASC)[제과_블트하] 26.07_블트깡출시_ASC_전환_video,(마스터ASC)[제과_블트하] 26.07_블트깡출시_ASC_전환_video,[26.08]F_V_BT칩_전환_블트칩출시_신규BP_아린이네BP.KR1_var4.릴스_공구형.맛비주얼.X_2P_최나영_260811_제과_윤성미,3,0,79.0,0
2026-09-01,(마스터ASC)[제과_블트하] 26.07_블트깡출시_ASC_전환_video,(마스터ASC)[제과_블트하] 26.07_블트깡출시_ASC_전환_video,[26.08]F_V_BT깡_전환_블트깡출시_신규BP_브랜든배너형BP_var2.릴스_고급간식1티어.X_2P_최재원_260813_제과_최재원,2,0,28.0,0
2026-09-01,(마스터ASC)[제과_블트하] 26.07_블트깡출시_ASC_전환_video,(마스터ASC)[제과_블트하] 26.07_블트깡출시_ASC_전환_video,[26.08]F_V_BT혼_전환_블트칩출시_신규BP_젤리백BP.이국주.KR1_var2.릴스_이국주+핫함.X_2P_최나영_260814_제과_이봄1,1,0,5.0,0
2026-09-01,[제과_치즈팝콘] 26.08_치즈팝콘출시_수동_전환_video_전체타겟,(0824) 열두달식탁BP_치즈팝콘재입고 (KR1) (성미님),[26.08]F_V_PC치_전환_치즈팝콘재입고_신규BP_열두달식탁BP.KR1_var1.릴스_권유.X_2P_권미정_260824_제과_윤성미,896,14,17837.0,0
2026-09-01,[제과_치즈팝콘] 26.08_치즈팝콘출시_수동_전환_video_전체타겟,(0824) CS전화네고형_치즈팝콘재입고 (KR2) (미진님),[26.08]F_V_PC치_전환_치즈팝콘재입고_네고형_CS전화네고.KR2_var2.릴스_타사비교.X_2P_권미정_260824_제과_이미진,978,18,19987.0,5
2026-09-01,(ASC) [제과_블트하] 26.08_블트깡출시_ASC_전환_image,(ASC) [제과_블트하] 26.08_블트하출시_ASC_전환_image,[26.08]F_I_BT깡_전환_블트칩출시_혜택강조형_KR2.진짜트러플비교_.배너_소비자보이스.리뷰형.__김소희_260825_제과_박서연,14,0,319.0,0
2026-09-01,[제과_블트하] 26.07_블트깡출시_수동_전환_image_전체타겟,0828_맛피아100%_블트칩출시 (신규KR),[26.08]F_I_BT칩_전환_블트칩출시_혜택강조형_나폴리맛피아.신규_.배너_브랜디드.맛피아가깎았어요네고.__김소희_260828_제과_김수정,1367,33,38693.0,3
2026-09-01,(마스터ASC) [제과_블트하] 26.09_블트깡출시_ASC_전환_image,(마스터ASC) [제과_블트하] 26.09_블트깡출시_ASC_전환_image,"[26.08]F_I_BT깡_전환_블트칩출시_혜택강조형_나폴리맛피아.KR2_.배너_맛피아권위.가짜트러플,셰프눈은.__김소희_260828_제과_박서연",5,0,98.0,0
2026-09-01,[제과_블트하] 26.07_블트깡출시_수동_전환_video_전체타겟,0828_재원님재편집_블트칩출시 (맛피아) (신규KR),[26.09]F_V_BT칩_전환_블트깡출시_기타_배너.메시지검증_var5.배너_범용성.2안.X_2P__260901_제과_최재원,15,0,395.0,0
2026-09-01,[제과_블트하] 26.07_블트깡출시_수동_전환_video_전체타겟,0828_백정BP_블트칩출시 (맛피아) (KR2),[26.09]F_V_BT칩_전환_블트칩출시_기타_백정BP.나폴리맛피아.KR2_var1.릴스_이태리.(재).X_1P__260901_제과_피재은,34,0,662.0,0
2026-08-24,(ASC) [제과_블트하] 26.08_블트깡출시_ASC_전환_image,(ASC) [제과_블트하] 26.08_블트하출시_ASC_전환_image,[26.08]F_I_BT깡_전환_블트칩출시_유명인권위형_이국주.KR1_.릴스_호불호없는.유행강조.__김소희_260814_제과_김수정,17,0,179.0,0
2026-08-24,[제과_블트하] 26.07_블트깡출시_수동_전환_image_전체타겟,0825_트러플권위_블트칩출시 (KR2),[26.08]F_I_BT혼_전환_블트칩출시_혜택강조형_이국주_.배너_저희도당황스럽습니다.__김소희_260814_제과_박지현,2231,36,72608.0,7
2026-08-24,[제과_블트하] 26.07_블트깡출시_수동_전환_video_전체타겟,0820_검증포맷이식_블트깡출시 (KR1),[26.08]F_V_BT깡_전환_블트깡출시_쩜오건_시즈닝강조.이국주.KR1_var4.릴스_블트깡.확산맛조합.슬기.X_1P__260820_제과_문형민,184,1,2539.0,0
2026-08-24,[칩] (마스터ASC)[제과_블트하] 26.07_블트칩출시_ASC_전환_video,[칩] (마스터ASC)[제과_블트하] 26.07_블트칩출시_ASC_전환_video,[26.08]F_V_BT칩_전환_블트칩출시_네고형_직원네고형.이국주.KR1_main.릴스_메인.시즈닝강조.슬기.X_1P__260821_제과_문형민,229,5,6768.0,0
2026-08-24,[제과_치즈팝콘] 26.08_치즈팝콘출시_수동_전환_image_전체타겟,(0824) 혜택강조형_재입고이슈_치즈팝콘재입고 (KR2) (서연님),[26.08]F_I_PC치_전환_치즈팝콘재입고_혜택강조형_KR1.재입고이슈_.배너_역대급중독적인맛.__권미정_260824_제과_박서연,17,1,458.0,1
2026-08-24,[제과_블트하] 26.07_블트깡출시_수동_전환_video_전체타겟,0814_고효율재편집_블트깡출시,[26.08]F_V_BT깡_전환_블트깡출시_제조과정형_제조과정형.이국주.KR2_main.릴스_메인.(재).X_1P__260824_제과_피재은,71,1,1768.0,1
2026-08-25,[제과_블트하] 26.07_블트깡출시_수동_전환_image_전체타겟,0825_트러플권위_블트칩출시 (KR2),[26.08]F_I_BT혼_전환_블트칩출시_혜택강조형_이국주_.배너_저희도당황스럽습니다.__김소희_260814_제과_박지현,425,11,19855.0,1
2026-08-25,(ASC) [제과_블트하] 26.08_블트깡출시_ASC_전환_image,(ASC) [제과_블트하] 26.08_블트하출시_ASC_전환_image,[26.08]F_I_BT칩_전환_블트칩출시_혜택강조형_GFA베리_.배너_계속손가는맛이라넷플간식으로.__최나영_260818_제과_박서연,1,0,13.0,0
2026-08-25,[제과_블트하] 26.07_블트깡출시_수동_전환_video_전체타겟,0820_검증포맷이식_블트깡출시 (KR1),[26.08]F_V_BT깡_전환_블트깡출시_쩜오건_시즈닝강조.이국주.KR1_var4.릴스_블트깡.확산맛조합.슬기.X_1P__260820_제과_문형민,62,0,703.0,0
2026-08-25,[칩] (마스터ASC)[제과_블트하] 26.07_블트칩출시_ASC_전환_video,[칩] (마스터ASC)[제과_블트하] 26.07_블트칩출시_ASC_전환_video,[26.08]F_V_BT칩_전환_블트칩출시_네고형_직원네고형.이국주.KR1_main.릴스_메인.시즈닝강조.슬기.X_1P__260821_제과_문형민,485,11,11713.0,0
2026-08-25,[제과_치즈팝콘] 26.08_치즈팝콘출시_수동_전환_image_전체타겟,(0824) 혜택강조형_재입고이슈_치즈팝콘재입고 (KR2) (서연님),[26.08]F_I_PC치_전환_치즈팝콘재입고_혜택강조형_KR1.재입고이슈_.배너_역대급중독적인맛.__권미정_260824_제과_박서연,64,1,1670.0,0
2026-08-25,[제과_블트하] 26.07_블트깡출시_수동_전환_video_전체타겟,0814_고효율재편집_블트깡출시,[26.08]F_V_BT깡_전환_블트깡출시_제조과정형_제조과정형.이국주.KR2_main.릴스_메인.(재).X_1P__260824_제과_피재은,608,7,13032.0,1
2026-08-26,(마스터ASC)[제과_블트하] 26.07_블트깡출시_ASC_전환_video,(마스터ASC)[제과_블트하] 26.07_블트깡출시_ASC_전환_video,[26.08]F_V_BT깡_전환_블트깡출시_라이브커머스형_라이브커머스형.KR1_var9.릴스_가격강조.메인.슬기.X_1P_김소희_260812_제과_피재은,5,0,46.0,0
2026-08-26,[제과_블트하] 26.07_블트깡출시_수동_전환_image_전체타겟,0825_트러플권위_블트칩출시 (KR2),[26.08]F_I_BT혼_전환_블트칩출시_혜택강조형_이국주_.배너_저희도당황스럽습니다.__김소희_260814_제과_박지현,426,12,12371.0,1
2026-08-26,[제과_블트하] 26.07_블트깡출시_수동_전환_video_전체타겟,0820_검증포맷이식_블트깡출시 (KR1),[26.08]F_V_BT깡_전환_블트깡출시_쩜오건_시즈닝강조.이국주.KR1_var4.릴스_블트깡.확산맛조합.슬기.X_1P__260820_제과_문형민,2555,19,29051.0,1
2026-08-26,[칩] (마스터ASC)[제과_블트하] 26.07_블트칩출시_ASC_전환_video,[칩] (마스터ASC)[제과_블트하] 26.07_블트칩출시_ASC_전환_video,[26.08]F_V_BT칩_전환_블트칩출시_네고형_직원네고형.이국주.KR1_main.릴스_메인.시즈닝강조.슬기.X_1P__260821_제과_문형민,4524,74,109507.0,10
2026-08-26,[제과_치즈팝콘] 26.08_치즈팝콘출시_수동_전환_image_전체타겟,(0824) 혜택강조형_재입고이슈_치즈팝콘재입고 (KR2) (서연님),[26.08]F_I_PC치_전환_치즈팝콘재입고_혜택강조형_KR1.재입고이슈_.배너_역대급중독적인맛.__권미정_260824_제과_박서연,43,0,1088.0,0
2026-08-26,[제과_블트하] 26.07_블트깡출시_수동_전환_video_전체타겟,0814_고효율재편집_블트깡출시,[26.08]F_V_BT깡_전환_블트깡출시_제조과정형_제조과정형.이국주.KR2_main.릴스_메인.(재).X_1P__260824_제과_피재은,145,5,2520.0,0
2026-08-26,(ASC) [제과_블트하] 26.08_블트깡출시_ASC_전환_image,(ASC) [제과_블트하] 26.08_블트하출시_ASC_전환_image,[26.08]F_I_BT칩_전환_블트칩출시_혜택강조형_KR2.진짜트러플비교_.배너_제작자.원가감수.남는게없어요.__김소희_260826_제과_박서연,2,1,52.0,0
2026-08-26,(ASC) [제과_블트하] 26.08_블트깡출시_ASC_전환_image,(ASC) [제과_블트하] 26.08_블트하출시_ASC_전환_image,[26.08]F_I_BT칩_전환_블트칩출시_혜택강조형_KR2.진짜트러플비교_.배너_제작자.맛페포.이거트러플향만들었네.__김소희_260826_제과_박서연,5,0,117.0,0
2026-08-27,(ASC) [제과_블트하] 26.08_블트깡출시_ASC_전환_image,(ASC) [제과_블트하] 26.08_블트하출시_ASC_전환_image,[26.08]F_I_BT깡_전환_블트칩출시_유명인권위형_이국주.KR1_.릴스_호불호없는.유행강조.__김소희_260814_제과_김수정,40,1,879.0,0
2026-08-27,[제과_블트하] 26.07_블트깡출시_수동_전환_image_전체타겟,0825_트러플권위_블트칩출시 (KR2),[26.08]F_I_BT혼_전환_블트칩출시_혜택강조형_이국주_.배너_저희도당황스럽습니다.__김소희_260814_제과_박지현,373,7,16228.0,0
2026-08-27,[칩] (마스터ASC)[제과_블트하] 26.07_블트칩출시_ASC_전환_video,[칩] (마스터ASC)[제과_블트하] 26.07_블트칩출시_ASC_전환_video,[26.08]F_V_BT칩_전환_블트칩출시_네고형_직원네고형.이국주.KR1_main.릴스_메인.시즈닝강조.슬기.X_1P__260821_제과_문형민,11649,176,277055.0,22
2026-08-27,[제과_치즈팝콘] 26.08_치즈팝콘출시_수동_전환_image_전체타겟,(0824) 혜택강조형_재입고이슈_치즈팝콘재입고 (KR2) (서연님),[26.08]F_I_PC치_전환_치즈팝콘재입고_혜택강조형_KR1.재입고이슈_.배너_역대급중독적인맛.__권미정_260824_제과_박서연,96,1,1885.0,0
2026-08-27,[제과_블트하] 26.07_블트깡출시_수동_전환_video_전체타겟,0814_고효율재편집_블트깡출시,[26.08]F_V_BT깡_전환_블트깡출시_제조과정형_제조과정형.이국주.KR2_main.릴스_메인.(재).X_1P__260824_제과_피재은,510,3,9639.0,1
2026-08-27,(ASC) [제과_블트하] 26.08_블트깡출시_ASC_전환_image,(ASC) [제과_블트하] 26.08_블트하출시_ASC_전환_image,[26.08]F_I_BT칩_전환_블트칩출시_혜택강조형_KR2.진짜트러플비교_.배너_제작자.원가감수.남는게없어요.__김소희_260826_제과_박서연,2,0,9.0,0
2026-08-27,(ASC) [제과_블트하] 26.08_블트깡출시_ASC_전환_image,(ASC) [제과_블트하] 26.08_블트하출시_ASC_전환_image,[26.08]F_I_BT칩_전환_블트칩출시_혜택강조형_KR2.진짜트러플비교_.배너_제작자.맛페포.이거트러플향만들었네.__김소희_260826_제과_박서연,49,0,1935.0,0
2026-08-28,[칩] (마스터ASC)[제과_블트하] 26.07_블트칩출시_ASC_전환_video,[칩] (마스터ASC)[제과_블트하] 26.07_블트칩출시_ASC_전환_video,[26.08]F_V_BT칩_전환_블트칩출시_네고형_직원네고형.이국주.KR1_main.릴스_메인.시즈닝강조.슬기.X_1P__260821_제과_문형민,5478,118,133675.0,12
2026-08-28,[제과_치즈팝콘] 26.08_치즈팝콘출시_수동_전환_image_전체타겟,(0824) 혜택강조형_재입고이슈_치즈팝콘재입고 (KR2) (서연님),[26.08]F_I_PC치_전환_치즈팝콘재입고_혜택강조형_KR1.재입고이슈_.배너_역대급중독적인맛.__권미정_260824_제과_박서연,48,0,1180.0,0
2026-08-28,[제과_블트하] 26.07_블트깡출시_수동_전환_video_전체타겟,0814_고효율재편집_블트깡출시,[26.08]F_V_BT깡_전환_블트깡출시_제조과정형_제조과정형.이국주.KR2_main.릴스_메인.(재).X_1P__260824_제과_피재은,562,8,9115.0,0
2026-08-28,(ASC) [제과_블트하] 26.08_블트깡출시_ASC_전환_image,(ASC) [제과_블트하] 26.08_블트하출시_ASC_전환_image,[26.08]F_I_BT칩_전환_블트칩출시_혜택강조형_KR2.진짜트러플비교_.배너_제작자.원가감수.남는게없어요.__김소희_260826_제과_박서연,3,0,107.0,0
2026-08-28,(ASC) [제과_블트하] 26.08_블트깡출시_ASC_전환_image,(ASC) [제과_블트하] 26.08_블트하출시_ASC_전환_image,[26.08]F_I_BT칩_전환_블트칩출시_혜택강조형_KR2.진짜트러플비교_.배너_제작자.맛페포.이거트러플향만들었네.__김소희_260826_제과_박서연,11,0,247.0,0
2026-08-28,(마스터ASC)[제과_블트하] 26.07_블트깡출시_ASC_전환_video,(마스터ASC)[제과_블트하] 26.07_블트깡출시_ASC_전환_video,[26.09]F_V_BT칩_전환_블트깡출시_단순소구형_마미케어BP.나폴리맛피아.KR4_main.릴스_맛피아가져가도돼요.X_2P__260901_제과_최재원,825,13,15114.0,0
2026-08-29,(ASC) [제과_블트하] 26.08_블트깡출시_ASC_전환_image,(ASC) [제과_블트하] 26.08_블트하출시_ASC_전환_image,[26.08]F_I_BT깡_전환_블트칩출시_유명인권위형_이국주.KR1_.릴스_호불호없는.유행강조.__김소희_260814_제과_김수정,17,0,1028.0,0
2026-08-29,[칩] (마스터ASC)[제과_블트하] 26.07_블트칩출시_ASC_전환_video,[칩] (마스터ASC)[제과_블트하] 26.07_블트칩출시_ASC_전환_video,[26.08]F_V_BT칩_전환_블트칩출시_네고형_직원네고형.이국주.KR1_main.릴스_메인.시즈닝강조.슬기.X_1P__260821_제과_문형민,5669,133,168974.0,11
2026-08-29,[제과_블트하] 26.07_블트깡출시_수동_전환_video_전체타겟,0814_고효율재편집_블트깡출시,[26.08]F_V_BT깡_전환_블트깡출시_제조과정형_제조과정형.이국주.KR2_main.릴스_메인.(재).X_1P__260824_제과_피재은,1266,14,21039.0,1
2026-08-29,(ASC) [제과_블트하] 26.08_블트깡출시_ASC_전환_image,(ASC) [제과_블트하] 26.08_블트하출시_ASC_전환_image,[26.08]F_I_BT칩_전환_블트칩출시_혜택강조형_KR2.진짜트러플비교_.배너_제작자.맛페포.이거트러플향만들었네.__김소희_260826_제과_박서연,9,0,209.0,0
2026-08-29,(마스터ASC)[제과_블트하] 26.07_블트깡출시_ASC_전환_video,(마스터ASC)[제과_블트하] 26.07_블트깡출시_ASC_전환_video,[26.09]F_V_BT칩_전환_블트깡출시_단순소구형_마미케어BP.나폴리맛피아.KR4_main.릴스_맛피아가져가도돼요.X_2P__260901_제과_최재원,355,2,5150.0,0
2026-08-30,(마스터ASC)[제과_블트하] 26.07_블트깡출시_ASC_전환_video,(마스터ASC)[제과_블트하] 26.07_블트깡출시_ASC_전환_video,[26.08]F_V_BT깡_전환_블트깡출시_라이브커머스형_라이브커머스형.KR1_var9.릴스_가격강조.메인.슬기.X_1P_김소희_260812_제과_피재은,1,0,3.0,0
2026-08-30,[칩] (마스터ASC)[제과_블트하] 26.07_블트칩출시_ASC_전환_video,[칩] (마스터ASC)[제과_블트하] 26.07_블트칩출시_ASC_전환_video,[26.08]F_V_BT칩_전환_블트칩출시_네고형_직원네고형.이국주.KR1_main.릴스_메인.시즈닝강조.슬기.X_1P__260821_제과_문형민,2282,42,73336.0,5
2026-08-30,(마스터ASC)[제과_블트하] 26.07_블트깡출시_ASC_전환_video,(마스터ASC)[제과_블트하] 26.07_블트깡출시_ASC_전환_video,[26.09]F_V_BT칩_전환_블트깡출시_단순소구형_마미케어BP.나폴리맛피아.KR4_main.릴스_맛피아가져가도돼요.X_2P__260901_제과_최재원,1702,23,29816.0,3
2026-08-31,[칩] (마스터ASC)[제과_블트하] 26.07_블트칩출시_ASC_전환_video,[칩] (마스터ASC)[제과_블트하] 26.07_블트칩출시_ASC_전환_video,[26.08]F_V_BT칩_전환_블트칩출시_네고형_직원네고형.이국주.KR1_main.릴스_메인.시즈닝강조.슬기.X_1P__260821_제과_문형민,28085,521,703569.0,57
2026-08-31,(마스터ASC)[제과_블트하] 26.07_블트깡출시_ASC_전환_video,(마스터ASC)[제과_블트하] 26.07_블트깡출시_ASC_전환_video,[26.09]F_V_BT칩_전환_블트깡출시_단순소구형_마미케어BP.나폴리맛피아.KR4_main.릴스_맛피아가져가도돼요.X_2P__260901_제과_최재원,3079,34,46736.0,3
2026-09-01,(ASC) [제과_블트하] 26.08_블트깡출시_ASC_전환_image,(ASC) [제과_블트하] 26.08_블트하출시_ASC_전환_image,[26.08]F_I_BT깡_전환_블트칩출시_유명인권위형_이국주.KR1_.릴스_호불호없는.유행강조.__김소희_260814_제과_김수정,188,0,4654.0,0
2026-09-01,[칩] (마스터ASC)[제과_블트하] 26.07_블트칩출시_ASC_전환_video,[칩] (마스터ASC)[제과_블트하] 26.07_블트칩출시_ASC_전환_video,[26.08]F_V_BT칩_전환_블트칩출시_네고형_직원네고형.이국주.KR1_main.릴스_메인.시즈닝강조.슬기.X_1P__260821_제과_문형민,13627,263,428311.0,33
2026-09-01,(ASC) [제과_블트하] 26.08_블트깡출시_ASC_전환_image,(ASC) [제과_블트하] 26.08_블트하출시_ASC_전환_image,[26.08]F_I_BT칩_전환_블트칩출시_혜택강조형_KR2.진짜트러플비교_.배너_제작자.원가감수.남는게없어요.__김소희_260826_제과_박서연,100,1,1959.0,0
2026-09-01,(ASC) [제과_블트하] 26.08_블트깡출시_ASC_전환_image,(ASC) [제과_블트하] 26.08_블트하출시_ASC_전환_image,[26.08]F_I_BT칩_전환_블트칩출시_혜택강조형_KR2.진짜트러플비교_.배너_제작자.맛페포.이거트러플향만들었네.__김소희_260826_제과_박서연,753,11,16042.0,3
2026-09-01,(마스터ASC)[제과_블트하] 26.07_블트깡출시_ASC_전환_video,(마스터ASC)[제과_블트하] 26.07_블트깡출시_ASC_전환_video,[26.09]F_V_BT칩_전환_블트깡출시_단순소구형_마미케어BP.나폴리맛피아.KR4_main.릴스_맛피아가져가도돼요.X_2P__260901_제과_최재원,587,2,10273.0,0
2026-09-01,(고효율 재러닝)[제과_블트하] 26.08_블트깡출시_ASC_전환_image/video_8M1W,(고효율 재러닝)[제과_블트하] 26.08_블트깡출시_ASC_전환_image/video_8M1W,[26.08]F_V_BT칩_전환_블트칩출시_네고형_직원네고형.이국주.KR1_main.릴스_메인.시즈닝강조.슬기.X_1P__260821_제과_문형민,47,2,1885.0,0
2026-08-24,[제과_콘스프맛 팝콘] 26.05_콘스프맛팝콘출시_수동_전환_video,공구네고형(다이어터 입터짐.페인포인트)_0814,[26.08]F_V_PC혼_전환_상시_네고형_공구네고형_var3.릴스_여름관리템.X_1P_권미정_260814_제과_강경연,1,0,21.0,0
2026-08-25,(마스터ASC)[제과_블트하] 26.07_블트깡출시_ASC_전환_video,(마스터ASC)[제과_블트하] 26.07_블트깡출시_ASC_전환_video,[26.08]F_V_BT칩_전환_블트깡출시_신규BP_브랜든배너형BP_var1.릴스_손님간식1티어.X_2P_최재원_260813_제과_최재원,13,0,251.0,0
2026-08-25,[제과_콘스프맛 팝콘] 26.05_콘스프맛팝콘출시_수동_전환_video,공구네고형(다이어터 입터짐.페인포인트)_0814,[26.08]F_V_PC혼_전환_상시_네고형_공구네고형_var3.릴스_여름관리템.X_1P_권미정_260814_제과_강경연,7,2,367.0,0
2026-08-26,(마스터ASC)[제과_블트하] 26.07_블트깡출시_ASC_전환_video,(마스터ASC)[제과_블트하] 26.07_블트깡출시_ASC_전환_video,[26.08]F_V_BT칩_전환_블트깡출시_신규BP_브랜든배너형BP_var1.릴스_손님간식1티어.X_2P_최재원_260813_제과_최재원,20,0,565.0,0
2026-08-26,[제과_콘스프맛 팝콘] 26.05_콘스프맛팝콘출시_수동_전환_video,공구네고형(다이어터 입터짐.페인포인트)_0814,[26.08]F_V_PC혼_전환_상시_네고형_공구네고형_var3.릴스_여름관리템.X_1P_권미정_260814_제과_강경연,1,0,1.0,0
2026-08-27,(마스터ASC)[제과_블트하] 26.07_블트깡출시_ASC_전환_video,(마스터ASC)[제과_블트하] 26.07_블트깡출시_ASC_전환_video,[26.08]F_V_BT칩_전환_블트깡출시_신규BP_브랜든배너형BP_var1.릴스_손님간식1티어.X_2P_최재원_260813_제과_최재원,13,0,139.0,0
2026-08-27,[제과_콘스프맛 팝콘] 26.05_콘스프맛팝콘출시_수동_전환_video,공구네고형(다이어터 입터짐.페인포인트)_0814,[26.08]F_V_PC혼_전환_상시_네고형_공구네고형_var3.릴스_여름관리템.X_1P_권미정_260814_제과_강경연,11,0,251.0,0
2026-08-28,[제과_블트하] 26.07_블트깡출시_수동_전환_image_전체타겟,0828_맛피아100%_블트칩출시 (신규KR),[26.08]F_I_BT칩_전환_블트칩출시_혜택강조형_나폴리맛피아.신규_.릴스_브랜디드.현지트러플향그대로.__김소희_260828_제과_김수정,399,8,12616.0,0
2026-08-28,[제과_블트하] 26.07_블트깡출시_수동_전환_video_전체타겟,0828_백정BP_블트칩출시 (맛피아) (KR2),[26.09]F_V_BT칩_전환_블트깡출시_기타_백정BP.나폴리맛피아.KR2_var2.릴스_이태리.X_1P__260901_제과_피재은,10163,162,205135.0,10
2026-08-29,[제과_블트하] 26.07_블트깡출시_수동_전환_image_전체타겟,0828_맛피아100%_블트칩출시 (신규KR),[26.08]F_I_BT칩_전환_블트칩출시_혜택강조형_나폴리맛피아.신규_.릴스_브랜디드.현지트러플향그대로.__김소희_260828_제과_김수정,164,2,7965.0,0
2026-08-29,[제과_블트하] 26.07_블트깡출시_수동_전환_video_전체타겟,0828_백정BP_블트칩출시 (맛피아) (KR2),[26.09]F_V_BT칩_전환_블트깡출시_기타_백정BP.나폴리맛피아.KR2_var2.릴스_이태리.X_1P__260901_제과_피재은,6815,103,122807.0,5
2026-08-30,[제과_콘스프맛 팝콘] 26.05_콘스프맛팝콘출시_수동_전환_video,공구네고형(다이어터 입터짐.페인포인트)_0814,[26.08]F_V_PC혼_전환_상시_네고형_공구네고형_var3.릴스_여름관리템.X_1P_권미정_260814_제과_강경연,12,0,603.0,0
2026-08-30,[제과_블트하] 26.07_블트깡출시_수동_전환_image_전체타겟,0828_맛피아100%_블트칩출시 (신규KR),[26.08]F_I_BT칩_전환_블트칩출시_혜택강조형_나폴리맛피아.신규_.릴스_브랜디드.현지트러플향그대로.__김소희_260828_제과_김수정,609,14,21419.0,1
2026-08-31,[제과_콘스프맛 팝콘] 26.05_콘스프맛팝콘출시_수동_전환_video,공구네고형(다이어터 입터짐.페인포인트)_0814,[26.08]F_V_PC혼_전환_상시_네고형_공구네고형_var3.릴스_여름관리템.X_1P_권미정_260814_제과_강경연,1,0,12.0,0
2026-09-01,(마스터ASC)[제과_블트하] 26.07_블트깡출시_ASC_전환_video,(마스터ASC)[제과_블트하] 26.07_블트깡출시_ASC_전환_video,[26.08]F_V_BT칩_전환_블트깡출시_신규BP_브랜든배너형BP_var1.릴스_손님간식1티어.X_2P_최재원_260813_제과_최재원,9,0,173.0,0
2026-09-01,[제과_콘스프맛 팝콘] 26.05_콘스프맛팝콘출시_수동_전환_video,공구네고형(다이어터 입터짐.페인포인트)_0814,[26.08]F_V_PC혼_전환_상시_네고형_공구네고형_var3.릴스_여름관리템.X_1P_권미정_260814_제과_강경연,1,0,30.0,0
2026-09-01,(고효율 재러닝)[제과_블트하] 26.08_블트깡출시_ASC_전환_image/video_8M1W,(고효율 재러닝)[제과_블트하] 26.08_블트깡출시_ASC_전환_image/video_8M1W,[26.08]F_I_BT혼_전환_블트칩출시_혜택강조형_이국주.KR1_.배너_비싼원재료강조.진짜죄송합니다.__김소희_260820_제과_김수정,3,0,21.0,0
2026-08-24,[제과_치즈팝콘] 26.08_치즈팝콘출시_수동_전환_video_전체타겟,(0805) 네고형_치즈팝콘출시 (KR2) (재은님),[26.08]F_V_PC치_전환_치즈팝콘출시_네고형_네고형_var5.릴스_페인포인트.슬기.X_1P_권미정_260805_제과_피재은,29505,389,254275.0,21
2026-08-24,(ASC) [제과_블트하] 26.08_블트깡출시_ASC_전환_image,(ASC) [제과_블트하] 26.08_블트하출시_ASC_전환_image,[26.08]F_I_BT깡_전환_블트칩출시_유명인권위형_이국주.KR1_.릴스_혜택맛비주얼강조.원재료강조.__김소희_260813_제과_김수정,5,0,108.0,0
2026-08-24,(마스터ASC)[제과_블트하] 26.07_블트깡출시_ASC_전환_video,(마스터ASC)[제과_블트하] 26.07_블트깡출시_ASC_전환_video,[26.08]F_V_BT칩_전환_블트깡출시_신규BP_브랜든배너형BP_var3.릴스_맥주안주1티어.할인추가.X_2P_최재원_260814_제과_최재원,8,0,114.0,0
2026-08-24,[칩] (마스터ASC)[제과_블트하] 26.07_블트칩출시_ASC_전환_video,[칩] (마스터ASC)[제과_블트하] 26.07_블트칩출시_ASC_전환_video,[26.08]F_V_BT칩_전환_블트칩출시_네고형_현장네고형.이국주.KR1_var2.릴스_크래커.슬기.X_1P_최나영_260814_제과_피재은,67,3,1128.0,0
2026-08-24,[제과_블트하] 26.07_블트깡출시_수동_전환_image_전체타겟,0819_유행실체이국주_블트칩출시  (KR1/2),[26.08]F_I_BT깡_전환_블트칩출시_유명인권위형_이국주.KR1_.배너_구체적수치.10일만에5만개.__김소희_260819_제과_김수정,63,0,2242.0,0
2026-08-24,(ASC) [제과_블트하] 26.08_블트깡출시_ASC_전환_image,(ASC) [제과_블트하] 26.08_블트하출시_ASC_전환_image,[26.08]F_I_BT칩_전환_블트칩출시_혜택강조형_이국주.KR2_.배너_비싼원재료강조.먹어본와인안주중에.__김소희_260820_제과_김수정,34,0,353.0,0
2026-08-25,[칩] (마스터ASC)[제과_블트하] 26.07_블트칩출시_ASC_전환_video,[칩] (마스터ASC)[제과_블트하] 26.07_블트칩출시_ASC_전환_video,[26.08]F_V_BT혼_전환_블트칩출시_신규BP_풀리오BP.KR1_var2.릴스_외부BP후킹.남편.X_2P_최나영_260801_제과_이봄1,4,0,81.0,0
2026-08-25,[제과_치즈팝콘] 26.08_치즈팝콘출시_수동_전환_video_전체타겟,(0805) 네고형_치즈팝콘출시 (KR2) (재은님),[26.08]F_V_PC치_전환_치즈팝콘출시_네고형_네고형_var5.릴스_페인포인트.슬기.X_1P_권미정_260805_제과_피재은,121960,1287,1048678.0,73
2026-08-25,[칩] (마스터ASC)[제과_블트하] 26.07_블트칩출시_ASC_전환_video,[칩] (마스터ASC)[제과_블트하] 26.07_블트칩출시_ASC_전환_video,[26.08]F_V_BT칩_전환_블트칩출시_네고형_현장네고형.이국주.KR1_var2.릴스_크래커.슬기.X_1P_최나영_260814_제과_피재은,90,2,2118.0,0
2026-08-26,[제과_치즈팝콘] 26.08_치즈팝콘출시_수동_전환_video_전체타겟,(0805) 네고형_치즈팝콘출시 (KR2) (재은님),[26.08]F_V_PC치_전환_치즈팝콘출시_네고형_네고형_var5.릴스_페인포인트.슬기.X_1P_권미정_260805_제과_피재은,21884,296,212263.0,18
2026-08-26,(ASC) [제과_블트하] 26.08_블트깡출시_ASC_전환_image,(ASC) [제과_블트하] 26.08_블트하출시_ASC_전환_image,[26.08]F_I_BT깡_전환_블트칩출시_유명인권위형_이국주.KR1_.릴스_혜택맛비주얼강조.원재료강조.__김소희_260813_제과_김수정,2,0,26.0,0
2026-08-26,(마스터ASC)[제과_블트하] 26.07_블트깡출시_ASC_전환_video,(마스터ASC)[제과_블트하] 26.07_블트깡출시_ASC_전환_video,[26.08]F_V_BT칩_전환_블트깡출시_신규BP_브랜든배너형BP_var3.릴스_맥주안주1티어.할인추가.X_2P_최재원_260814_제과_최재원,4,0,34.0,0
2026-08-26,[제과_블트하] 26.07_블트깡출시_수동_전환_video_전체타겟,0814_현장네고형_블트칩출시 (이국주) (KR1),[26.08]F_V_BT칩_전환_블트칩출시_네고형_현장네고형.이국주.KR1_main.릴스_이국주.슬기.X_1P_최나영_260814_제과_피재은,33,0,848.0,0
2026-08-26,[칩] (마스터ASC)[제과_블트하] 26.07_블트칩출시_ASC_전환_video,[칩] (마스터ASC)[제과_블트하] 26.07_블트칩출시_ASC_전환_video,[26.08]F_V_BT칩_전환_블트칩출시_네고형_현장네고형.이국주.KR1_var2.릴스_크래커.슬기.X_1P_최나영_260814_제과_피재은,1607,32,42787.0,4
2026-08-26,[제과_블트하] 26.07_블트깡출시_수동_전환_image_전체타겟,0825_트러플권위_블트칩출시 (KR2),[26.08]F_I_BT깡_전환_블트칩출시_혜택강조형_KR2.진짜트러플비교_.배너_소비자보이스.리뷰형.__김소희_260825_제과_박서연,735,5,12909.0,2
2026-08-27,(ASC) [제과_블트하] 26.07_블트칩출시_ASC_전환_image,(ASC)[제과_블트하] 26.07_블트칩출시_ASC_전환_image,[26.07]F_I_BT혼_전환_블트칩출시_혜택강조형_KR2_.릴스_냄새맡고옆자리동료.__김소희_260729_제과_김수정,708,9,19355.0,1
2026-08-27,[제과_치즈팝콘] 26.08_치즈팝콘출시_수동_전환_video_전체타겟,(0805) 네고형_치즈팝콘출시 (KR2) (재은님),[26.08]F_V_PC치_전환_치즈팝콘출시_네고형_네고형_var5.릴스_페인포인트.슬기.X_1P_권미정_260805_제과_피재은,15076,218,148427.0,14
2026-08-27,(마스터ASC)[제과_블트하] 26.07_블트깡출시_ASC_전환_video,(마스터ASC)[제과_블트하] 26.07_블트깡출시_ASC_전환_video,[26.08]F_V_BT깡_전환_블트깡출시_네고형_지인네고형.김그릇BP_var1.릴스_맛.X_1P_김소희_260807_제과_강경연,1,0,83.0,0
2026-08-27,(마스터ASC)[제과_블트하] 26.07_블트깡출시_ASC_전환_video,(마스터ASC)[제과_블트하] 26.07_블트깡출시_ASC_전환_video,[26.08]F_V_BT칩_전환_블트깡출시_신규BP_브랜든배너형BP_var3.릴스_맥주안주1티어.할인추가.X_2P_최재원_260814_제과_최재원,5,0,86.0,0
2026-08-27,[제과_블트하] 26.07_블트깡출시_수동_전환_video_전체타겟,0814_현장네고형_블트칩출시 (이국주) (KR1),[26.08]F_V_BT칩_전환_블트칩출시_네고형_현장네고형.이국주.KR1_main.릴스_이국주.슬기.X_1P_최나영_260814_제과_피재은,16,0,459.0,0
2026-08-27,[칩] (마스터ASC)[제과_블트하] 26.07_블트칩출시_ASC_전환_video,[칩] (마스터ASC)[제과_블트하] 26.07_블트칩출시_ASC_전환_video,[26.08]F_V_BT칩_전환_블트칩출시_네고형_현장네고형.이국주.KR1_var2.릴스_크래커.슬기.X_1P_최나영_260814_제과_피재은,1675,29,41888.0,2
2026-08-27,(ASC) [제과_블트하] 26.08_블트깡출시_ASC_전환_image,(ASC) [제과_블트하] 26.08_블트하출시_ASC_전환_image,[26.08]F_I_BT칩_전환_블트칩출시_혜택강조형_이국주.KR2_.배너_비싼원재료강조.먹어본와인안주중에.__김소희_260820_제과_김수정,18,0,294.0,0
2026-08-27,[제과_블트하] 26.07_블트깡출시_수동_전환_image_전체타겟,0825_트러플권위_블트칩출시 (KR2),[26.08]F_I_BT깡_전환_블트칩출시_혜택강조형_KR2.진짜트러플비교_.배너_소비자보이스.리뷰형.__김소희_260825_제과_박서연,1747,24,39577.0,5
2026-08-28,(ASC) [제과_블트하] 26.07_블트칩출시_ASC_전환_image,(ASC)[제과_블트하] 26.07_블트칩출시_ASC_전환_image,[26.07]F_I_BT혼_전환_블트칩출시_혜택강조형_KR2_.릴스_냄새맡고옆자리동료.__김소희_260729_제과_김수정,631,13,15414.0,0
2026-08-28,[제과_치즈팝콘] 26.08_치즈팝콘출시_수동_전환_video_전체타겟,(0805) 네고형_치즈팝콘출시 (KR2) (재은님),[26.08]F_V_PC치_전환_치즈팝콘출시_네고형_네고형_var5.릴스_페인포인트.슬기.X_1P_권미정_260805_제과_피재은,31231,367,260540.0,20
2026-08-28,(ASC) [제과_블트하] 26.08_블트깡출시_ASC_전환_image,(ASC) [제과_블트하] 26.08_블트하출시_ASC_전환_image,[26.08]F_I_BT깡_전환_블트칩출시_유명인권위형_이국주.KR1_.릴스_혜택맛비주얼강조.원재료강조.__김소희_260813_제과_김수정,5,0,187.0,0
2026-08-28,[제과_블트하] 26.07_블트깡출시_수동_전환_image_전체타겟,0825_트러플권위_블트칩출시 (KR2),[26.08]F_I_BT깡_전환_블트칩출시_혜택강조형_KR2.진짜트러플비교_.배너_소비자보이스.리뷰형.__김소희_260825_제과_박서연,541,6,11659.0,0
2026-08-28,[제과_블트하] 26.07_블트깡출시_수동_전환_image_전체타겟,0828_맛피아100%_블트칩출시 (신규KR),[26.08]F_I_BT혼_전환_블트칩출시_혜택강조형_나폴리맛피아.신규_.배너_브랜디드.맛피아원픽과자.__김소희_260828_제과_김수정,65,1,1512.0,0
2026-08-28,(마스터ASC) [제과_블트하] 26.09_블트깡출시_ASC_전환_image,(마스터ASC) [제과_블트하] 26.09_블트깡출시_ASC_전환_image,[26.08]F_I_BT칩_전환_블트칩출시_혜택강조형_나폴리맛피아.신규_.배너_브랜디드.이탈리아살던시절이떠오르는.__김소희_260828_제과_김수정,2,0,33.0,0
2026-08-28,(마스터ASC)[제과_블트하] 26.07_블트깡출시_ASC_전환_video,(마스터ASC)[제과_블트하] 26.07_블트깡출시_ASC_전환_video,[26.09]F_V_BT칩_전환_블트깡출시_쩜오건_나폴리맛피아.KR2_var2.릴스_원조.슬기.X_1P__260901_제과_피재은,45,2,747.0,0
2026-08-29,[제과_치즈팝콘] 26.08_치즈팝콘출시_수동_전환_video_전체타겟,(0805) 네고형_치즈팝콘출시 (KR2) (재은님),[26.08]F_V_PC치_전환_치즈팝콘출시_네고형_네고형_var5.릴스_페인포인트.슬기.X_1P_권미정_260805_제과_피재은,69219,780,488399.0,44
2026-08-29,(마스터ASC)[제과_블트하] 26.07_블트깡출시_ASC_전환_video,(마스터ASC)[제과_블트하] 26.07_블트깡출시_ASC_전환_video,[26.08]F_V_BT깡_전환_블트깡출시_네고형_지인네고형.김그릇BP_var1.릴스_맛.X_1P_김소희_260807_제과_강경연,1,0,10.0,0
2026-08-29,[제과_블트하] 26.07_블트깡출시_수동_전환_image_전체타겟,0825_트러플권위_블트칩출시 (KR2),[26.08]F_I_BT깡_전환_블트칩출시_혜택강조형_KR2.진짜트러플비교_.배너_소비자보이스.리뷰형.__김소희_260825_제과_박서연,152,2,3967.0,0
2026-08-29,[제과_블트하] 26.07_블트깡출시_수동_전환_image_전체타겟,0828_맛피아100%_블트칩출시 (신규KR),[26.08]F_I_BT혼_전환_블트칩출시_혜택강조형_나폴리맛피아.신규_.배너_브랜디드.맛피아원픽과자.__김소희_260828_제과_김수정,49,0,1705.0,0
2026-08-29,(마스터ASC) [제과_블트하] 26.09_블트깡출시_ASC_전환_image,(마스터ASC) [제과_블트하] 26.09_블트깡출시_ASC_전환_image,[26.08]F_I_BT칩_전환_블트칩출시_혜택강조형_나폴리맛피아.신규_.배너_브랜디드.이탈리아살던시절이떠오르는.__김소희_260828_제과_김수정,40,1,821.0,0
2026-08-29,(마스터ASC) [제과_블트하] 26.09_블트깡출시_ASC_전환_image,(마스터ASC) [제과_블트하] 26.09_블트깡출시_ASC_전환_image,[26.08]F_I_BT칩_전환_블트칩출시_혜택강조형_나폴리맛피아.신규_.릴스_브랜디드.현지트러플향그대로.__김소희_260828_제과_김수정,571,8,18040.0,1
2026-08-29,(마스터ASC)[제과_블트하] 26.07_블트깡출시_ASC_전환_video,(마스터ASC)[제과_블트하] 26.07_블트깡출시_ASC_전환_video,[26.09]F_V_BT칩_전환_블트깡출시_쩜오건_나폴리맛피아.KR2_var2.릴스_원조.슬기.X_1P__260901_제과_피재은,300,4,4994.0,0
2026-08-30,[제과_치즈팝콘] 26.08_치즈팝콘출시_수동_전환_video_전체타겟,(0805) 네고형_치즈팝콘출시 (KR2) (재은님),[26.08]F_V_PC치_전환_치즈팝콘출시_네고형_네고형_var5.릴스_페인포인트.슬기.X_1P_권미정_260805_제과_피재은,88728,929,658329.0,47
2026-08-30,[제과_블트하] 26.07_블트깡출시_수동_전환_image_전체타겟,0825_트러플권위_블트칩출시 (KR2),[26.08]F_I_BT깡_전환_블트칩출시_혜택강조형_KR2.진짜트러플비교_.배너_소비자보이스.리뷰형.__김소희_260825_제과_박서연,91,0,1561.0,0
2026-08-30,[제과_블트하] 26.07_블트깡출시_수동_전환_image_전체타겟,0828_맛피아100%_블트칩출시 (신규KR),[26.08]F_I_BT혼_전환_블트칩출시_혜택강조형_나폴리맛피아.신규_.배너_브랜디드.맛피아원픽과자.__김소희_260828_제과_김수정,60,0,1550.0,0
2026-08-30,(마스터ASC) [제과_블트하] 26.09_블트깡출시_ASC_전환_image,(마스터ASC) [제과_블트하] 26.09_블트깡출시_ASC_전환_image,[26.08]F_I_BT칩_전환_블트칩출시_혜택강조형_나폴리맛피아.신규_.배너_브랜디드.이탈리아살던시절이떠오르는.__김소희_260828_제과_김수정,33,0,813.0,0
2026-08-30,(마스터ASC)[제과_블트하] 26.07_블트깡출시_ASC_전환_video,(마스터ASC)[제과_블트하] 26.07_블트깡출시_ASC_전환_video,[26.09]F_V_BT칩_전환_블트깡출시_쩜오건_나폴리맛피아.KR2_var2.릴스_원조.슬기.X_1P__260901_제과_피재은,117,1,2031.0,0
2026-08-31,[칩] (마스터ASC)[제과_블트하] 26.07_블트칩출시_ASC_전환_video,[칩] (마스터ASC)[제과_블트하] 26.07_블트칩출시_ASC_전환_video,[26.08]F_V_BT혼_전환_블트칩출시_신규BP_풀리오BP.KR1_var2.릴스_외부BP후킹.남편.X_2P_최나영_260801_제과_이봄1,1042,27,49442.0,3
2026-08-31,[제과_치즈팝콘] 26.08_치즈팝콘출시_수동_전환_video_전체타겟,(0805) 네고형_치즈팝콘출시 (KR2) (재은님),[26.08]F_V_PC치_전환_치즈팝콘출시_네고형_네고형_var5.릴스_페인포인트.슬기.X_1P_권미정_260805_제과_피재은,83794,900,593919.0,48
2026-08-31,(ASC) [제과_블트하] 26.08_블트깡출시_ASC_전환_image,(ASC) [제과_블트하] 26.08_블트하출시_ASC_전환_image,[26.08]F_I_BT깡_전환_블트칩출시_유명인권위형_이국주.KR1_.릴스_혜택맛비주얼강조.원재료강조.__김소희_260813_제과_김수정,36,1,755.0,0
2026-08-31,[제과_블트하] 26.07_블트깡출시_수동_전환_video_전체타겟,0814_현장네고형_블트칩출시 (이국주) (KR1),[26.08]F_V_BT칩_전환_블트칩출시_네고형_현장네고형.이국주.KR1_main.릴스_이국주.슬기.X_1P_최나영_260814_제과_피재은,112,1,3604.0,0
2026-08-31,[제과_블트하] 26.07_블트깡출시_수동_전환_image_전체타겟,0825_트러플권위_블트칩출시 (KR2),[26.08]F_I_BT깡_전환_블트칩출시_혜택강조형_KR2.진짜트러플비교_.배너_소비자보이스.리뷰형.__김소희_260825_제과_박서연,75,1,2275.0,0
2026-08-31,[제과_블트하] 26.07_블트깡출시_수동_전환_image_전체타겟,0828_맛피아100%_블트칩출시 (신규KR),[26.08]F_I_BT혼_전환_블트칩출시_혜택강조형_나폴리맛피아.신규_.배너_브랜디드.맛피아원픽과자.__김소희_260828_제과_김수정,90,1,1153.0,0
2026-08-31,(마스터ASC) [제과_블트하] 26.09_블트깡출시_ASC_전환_image,(마스터ASC) [제과_블트하] 26.09_블트깡출시_ASC_전환_image,[26.08]F_I_BT칩_전환_블트칩출시_혜택강조형_나폴리맛피아.신규_.배너_브랜디드.이탈리아살던시절이떠오르는.__김소희_260828_제과_김수정,177,5,4238.0,1
2026-08-31,(마스터ASC)[제과_블트하] 26.07_블트깡출시_ASC_전환_video,(마스터ASC)[제과_블트하] 26.07_블트깡출시_ASC_전환_video,[26.09]F_V_BT칩_전환_블트깡출시_쩜오건_나폴리맛피아.KR2_var2.릴스_원조.슬기.X_1P__260901_제과_피재은,110,0,1768.0,0
2026-09-01,[제과_치즈팝콘] 26.08_치즈팝콘출시_수동_전환_video_전체타겟,(0805) 네고형_치즈팝콘출시 (KR2) (재은님),[26.08]F_V_PC치_전환_치즈팝콘출시_네고형_네고형_var5.릴스_페인포인트.슬기.X_1P_권미정_260805_제과_피재은,128374,1230,905419.0,66
2026-09-01,(마스터ASC)[제과_블트하] 26.07_블트깡출시_ASC_전환_video,(마스터ASC)[제과_블트하] 26.07_블트깡출시_ASC_전환_video,[26.08]F_V_BT깡_전환_블트깡출시_네고형_지인네고형.김그릇BP_var1.릴스_맛.X_1P_김소희_260807_제과_강경연,1,0,16.0,0
2026-09-01,(ASC) [제과_블트하] 26.08_블트깡출시_ASC_전환_image,(ASC) [제과_블트하] 26.08_블트하출시_ASC_전환_image,[26.08]F_I_BT깡_전환_블트칩출시_유명인권위형_이국주.KR1_.릴스_혜택맛비주얼강조.원재료강조.__김소희_260813_제과_김수정,27,0,1506.0,0
2026-09-01,(마스터ASC)[제과_블트하] 26.07_블트깡출시_ASC_전환_video,(마스터ASC)[제과_블트하] 26.07_블트깡출시_ASC_전환_video,[26.08]F_V_BT칩_전환_블트깡출시_신규BP_브랜든배너형BP_var3.릴스_맥주안주1티어.할인추가.X_2P_최재원_260814_제과_최재원,11,0,286.0,0
2026-09-01,[제과_블트하] 26.07_블트깡출시_수동_전환_video_전체타겟,0814_현장네고형_블트칩출시 (이국주) (KR1),[26.08]F_V_BT칩_전환_블트칩출시_네고형_현장네고형.이국주.KR1_main.릴스_이국주.슬기.X_1P_최나영_260814_제과_피재은,104,1,3026.0,1
2026-09-01,(ASC) [제과_블트하] 26.08_블트깡출시_ASC_전환_image,(ASC) [제과_블트하] 26.08_블트하출시_ASC_전환_image,[26.08]F_I_BT칩_전환_블트칩출시_혜택강조형_이국주.KR2_.배너_비싼원재료강조.먹어본와인안주중에.__김소희_260820_제과_김수정,6,0,72.0,0
2026-09-01,[제과_블트하] 26.07_블트깡출시_수동_전환_image_전체타겟,0825_트러플권위_블트칩출시 (KR2),[26.08]F_I_BT깡_전환_블트칩출시_혜택강조형_KR2.진짜트러플비교_.배너_소비자보이스.리뷰형.__김소희_260825_제과_박서연,33,0,448.0,0
2026-09-01,[제과_블트하] 26.07_블트깡출시_수동_전환_image_전체타겟,0828_맛피아100%_블트칩출시 (신규KR),[26.08]F_I_BT혼_전환_블트칩출시_혜택강조형_나폴리맛피아.신규_.배너_브랜디드.맛피아원픽과자.__김소희_260828_제과_김수정,98,0,2896.0,0
2026-09-01,(마스터ASC) [제과_블트하] 26.09_블트깡출시_ASC_전환_image,(마스터ASC) [제과_블트하] 26.09_블트깡출시_ASC_전환_image,[26.08]F_I_BT칩_전환_블트칩출시_혜택강조형_나폴리맛피아.신규_.배너_브랜디드.이탈리아살던시절이떠오르는.__김소희_260828_제과_김수정,142,0,3601.0,0
2026-09-01,(마스터ASC)[제과_블트하] 26.07_블트깡출시_ASC_전환_video,(마스터ASC)[제과_블트하] 26.07_블트깡출시_ASC_전환_video,[26.09]F_V_BT칩_전환_블트깡출시_쩜오건_나폴리맛피아.KR2_var2.릴스_원조.슬기.X_1P__260901_제과_피재은,113,2,2202.0,1
2026-08-24,[제과_블트하] 26.07_블트깡출시_수동_전환_video_전체타겟,0725_클룹BP_블트칩출시 (KR1),[26.07]F_V_BT혼_전환_블트칩출시_기타_클룹BP.KR1_var3.릴스_맛SP.슬기.X_1P_최나영_260723_제과_피재은,1887,19,26324.0,2
2026-08-24,[제과_블트하] 26.07_블트깡출시_수동_전환_video_전체타겟,0807_인덕션BP_블트칩출시 (KR1),[26.08]F_V_BT칩_전환_블트칩출시_신규BP_인덕션BP.KR1_var4.릴스_일반취식.X_1P_김소희_260807_제과_이봄1,4,0,123.0,0
2026-08-24,[제과_블트하] 26.07_블트깡출시_수동_전환_image_전체타겟,0820_이국주(~0912)_블트칩출시 (KR1),[26.08]F_I_BT깡_전환_블트칩출시_유명인권위형_이국주.KR1_.릴스_제2의두쫀쿠.유행강조.__김소희_260814_제과_김수정,287,10,9790.0,1
2026-08-24,[제과_블트하] 26.07_블트깡출시_수동_전환_video_전체타겟,0818_유인맨즈BP_블트깡출시 (이국주) (KR1),[26.08]F_V_BT깡_전환_블트깡출시_혜택희소성_유인맨즈BP.이국주.KR1_var1.릴스_버리기.슬기.X_1P_최나영_260818_제과_피재은,691,13,20584.0,1
2026-08-24,[제과_블트하] 26.07_블트깡출시_수동_전환_video_전체타겟,0821_물류대세감_블트칩출시 (이국주) (KR1),[26.08]F_V_BT칩_전환_블트칩출시_혜택희소성_물류대세감.이국주.KR1_main.릴스_메인.시즈닝강조.슬기.X_1P__260821_제과_문형민,3475,134,95626.0,6
2026-08-24,(ASC) [제과_블트하] 26.08_블트깡출시_ASC_전환_image,(ASC) [제과_블트하] 26.08_블트하출시_ASC_전환_image,[26.08]F_I_BT깡_전환_블트칩출시_혜택강조형_이국주.KR1_.배너_긴급성심리자극.긴급공지.__김소희_260821_제과_김수정,22,0,831.0,0
2026-08-25,[제과_블트하] 26.07_블트깡출시_수동_전환_video_전체타겟,0725_클룹BP_블트칩출시 (KR1),[26.07]F_V_BT혼_전환_블트칩출시_기타_클룹BP.KR1_var3.릴스_맛SP.슬기.X_1P_최나영_260723_제과_피재은,24465,268,314100.0,21
2026-08-25,(마스터ASC)[제과_블트하] 26.07_블트깡출시_ASC_전환_video,(마스터ASC)[제과_블트하] 26.07_블트깡출시_ASC_전환_video,[26.08]F_V_BT깡_전환_블트깡출시_네고형_지인네고형.김그릇BP_var4.릴스_가성비.X_1P_김소희_260807_제과_강경연,1,0,70.0,0
2026-08-25,[제과_블트하] 26.07_블트깡출시_수동_전환_image_전체타겟,0820_이국주(~0912)_블트칩출시 (KR1),[26.08]F_I_BT깡_전환_블트칩출시_유명인권위형_이국주.KR1_.릴스_제2의두쫀쿠.유행강조.__김소희_260814_제과_김수정,120,1,4171.0,0
2026-08-25,[제과_블트하] 26.07_블트깡출시_수동_전환_video_전체타겟,0818_유인맨즈BP_블트깡출시 (이국주) (KR1),[26.08]F_V_BT깡_전환_블트깡출시_혜택희소성_유인맨즈BP.이국주.KR1_var1.릴스_버리기.슬기.X_1P_최나영_260818_제과_피재은,4965,165,181102.0,11
2026-08-25,[제과_블트하] 26.07_블트깡출시_수동_전환_video_전체타겟,0821_물류대세감_블트칩출시 (이국주) (KR1),[26.08]F_V_BT칩_전환_블트칩출시_혜택희소성_물류대세감.이국주.KR1_main.릴스_메인.시즈닝강조.슬기.X_1P__260821_제과_문형민,15110,388,402676.0,24
2026-08-25,(ASC) [제과_블트하] 26.08_블트깡출시_ASC_전환_image,(ASC) [제과_블트하] 26.08_블트하출시_ASC_전환_image,[26.08]F_I_BT깡_전환_블트칩출시_혜택강조형_이국주.KR1_.배너_긴급성심리자극.긴급공지.__김소희_260821_제과_김수정,11,0,410.0,0
2026-08-26,[제과_블트하] 26.07_블트깡출시_수동_전환_video_전체타겟,0725_클룹BP_블트칩출시 (KR1),[26.07]F_V_BT혼_전환_블트칩출시_기타_클룹BP.KR1_var3.릴스_맛SP.슬기.X_1P_최나영_260723_제과_피재은,29016,324,369676.0,23
2026-08-26,[제과_블트하] 26.07_블트깡출시_수동_전환_video_전체타겟,0807_인덕션BP_블트칩출시 (KR1),[26.08]F_V_BT칩_전환_블트칩출시_신규BP_인덕션BP.KR1_var4.릴스_일반취식.X_1P_김소희_260807_제과_이봄1,4,0,23.0,0
2026-08-26,[제과_블트하] 26.07_블트깡출시_수동_전환_image_전체타겟,0820_이국주(~0912)_블트칩출시 (KR1),[26.08]F_I_BT깡_전환_블트칩출시_유명인권위형_이국주.KR1_.릴스_제2의두쫀쿠.유행강조.__김소희_260814_제과_김수정,738,8,26580.0,1
2026-08-26,[제과_블트하] 26.07_블트깡출시_수동_전환_video_전체타겟,0818_유인맨즈BP_블트깡출시 (이국주) (KR1),[26.08]F_V_BT깡_전환_블트깡출시_혜택희소성_유인맨즈BP.이국주.KR1_var1.릴스_버리기.슬기.X_1P_최나영_260818_제과_피재은,594,14,22221.0,1
2026-08-26,(마스터ASC)[제과_블트하] 26.07_블트깡출시_ASC_전환_video,(마스터ASC)[제과_블트하] 26.07_블트깡출시_ASC_전환_video,[26.08]F_V_BT깡_전환_블트깡출시_쩜오건_시즈닝강조.이국주.KR1_var3.릴스_블트깡.트러플.슬기.X_1P__260820_제과_문형민,1,0,12.0,0
2026-08-26,[제과_블트하] 26.07_블트깡출시_수동_전환_video_전체타겟,0821_물류대세감_블트칩출시 (이국주) (KR1),[26.08]F_V_BT칩_전환_블트칩출시_혜택희소성_물류대세감.이국주.KR1_main.릴스_메인.시즈닝강조.슬기.X_1P__260821_제과_문형민,49246,1113,1015858.0,54
2026-08-26,(ASC) [제과_블트하] 26.08_블트깡출시_ASC_전환_image,(ASC) [제과_블트하] 26.08_블트하출시_ASC_전환_image,[26.08]F_I_BT깡_전환_블트칩출시_혜택강조형_이국주.KR1_.배너_긴급성심리자극.긴급공지.__김소희_260821_제과_김수정,8,0,111.0,0
2026-08-26,[제과_블트하] 26.07_블트깡출시_수동_전환_image_전체타겟,0826_트러플권위_블트칩출시  (KR1),[26.08]F_I_BT혼_전환_블트칩출시_혜택강조형_KR1.이탈리아_.배너_이탈리아현지에서먹었던.__김소희_260826_제과_김수정,154,1,5432.0,0
2026-08-27,[제과_블트하] 26.07_블트깡출시_수동_전환_video_전체타겟,0725_클룹BP_블트칩출시 (KR1),[26.07]F_V_BT혼_전환_블트칩출시_기타_클룹BP.KR1_var3.릴스_맛SP.슬기.X_1P_최나영_260723_제과_피재은,12164,166,173527.0,11
2026-08-27,[제과_블트하] 26.07_블트깡출시_수동_전환_image_전체타겟,0820_이국주(~0912)_블트칩출시 (KR1),[26.08]F_I_BT깡_전환_블트칩출시_유명인권위형_이국주.KR1_.릴스_제2의두쫀쿠.유행강조.__김소희_260814_제과_김수정,11,0,389.0,0
2026-08-27,[제과_블트하] 26.07_블트깡출시_수동_전환_video_전체타겟,0818_유인맨즈BP_블트깡출시 (이국주) (KR1),[26.08]F_V_BT깡_전환_블트깡출시_혜택희소성_유인맨즈BP.이국주.KR1_var1.릴스_버리기.슬기.X_1P_최나영_260818_제과_피재은,1713,58,57086.0,1
2026-08-27,(ASC) [제과_블트하] 26.08_블트깡출시_ASC_전환_image,(ASC) [제과_블트하] 26.08_블트하출시_ASC_전환_image,[26.08]F_I_BT칩_전환_블트칩출시_혜택강조형_이국주.KR2_.배너_내부상황.대기열실체.__김소희_260819_제과_김수정,2,0,115.0,0
2026-08-27,[제과_블트하] 26.07_블트깡출시_수동_전환_video_전체타겟,0821_물류대세감_블트칩출시 (이국주) (KR1),[26.08]F_V_BT칩_전환_블트칩출시_혜택희소성_물류대세감.이국주.KR1_main.릴스_메인.시즈닝강조.슬기.X_1P__260821_제과_문형민,6197,159,144256.0,8
2026-08-27,(ASC) [제과_블트하] 26.08_블트깡출시_ASC_전환_image,(ASC) [제과_블트하] 26.08_블트하출시_ASC_전환_image,[26.08]F_I_BT깡_전환_블트칩출시_혜택강조형_이국주.KR1_.배너_긴급성심리자극.긴급공지.__김소희_260821_제과_김수정,1,0,14.0,0
2026-08-27,[제과_블트하] 26.07_블트깡출시_수동_전환_image_전체타겟,0826_트러플권위_블트칩출시  (KR1),[26.08]F_I_BT혼_전환_블트칩출시_혜택강조형_KR1.이탈리아_.배너_이탈리아현지에서먹었던.__김소희_260826_제과_김수정,608,9,16648.0,0
2026-08-28,[제과_블트하] 26.07_블트깡출시_수동_전환_video_전체타겟,0725_클룹BP_블트칩출시 (KR1),[26.07]F_V_BT혼_전환_블트칩출시_기타_클룹BP.KR1_var3.릴스_맛SP.슬기.X_1P_최나영_260723_제과_피재은,25922,331,360651.0,18
2026-08-28,(ASC) [제과_블트하] 26.07_블트칩출시_ASC_전환_image,(ASC)[제과_블트하] 26.07_블트칩출시_ASC_전환_image,[26.07]F_I_BT깡_전환_블트칩출시_혜택강조형_KR1_.피드_이번주안에.__김소희_260728_제과_김수정,2,0,17.0,0
2026-08-28,[제과_블트하] 26.07_블트깡출시_수동_전환_video_전체타겟,0821_물류대세감_블트칩출시 (이국주) (KR1),[26.08]F_V_BT칩_전환_블트칩출시_혜택희소성_물류대세감.이국주.KR1_main.릴스_메인.시즈닝강조.슬기.X_1P__260821_제과_문형민,2691,57,61204.0,1
2026-08-28,(ASC) [제과_블트하] 26.08_블트깡출시_ASC_전환_image,(ASC) [제과_블트하] 26.08_블트하출시_ASC_전환_image,[26.08]F_I_BT깡_전환_블트칩출시_혜택강조형_이국주.KR1_.배너_긴급성심리자극.긴급공지.__김소희_260821_제과_김수정,5,1,203.0,0
2026-08-28,(마스터ASC)[제과_블트하] 26.07_블트깡출시_ASC_전환_video,(마스터ASC)[제과_블트하] 26.07_블트깡출시_ASC_전환_video,[26.09]F_V_BT깡_전환_블트깡출시_쩜오건_나폴리맛피아.KR1_var2.릴스_실체생략.슬기.X_1P__260901_제과_문형민,8,1,795.0,0
2026-08-28,[제과_블트하] 26.07_블트깡출시_수동_전환_image_전체타겟,0901_맛피아디벨롭_블트칩출시  (KR1/2),[26.08]F_I_BT깡_전환_블트칩출시_혜택강조형_나폴리맛피아.KR2_.배너_이탈리아권위.맛피아트러플은원래.__김소희_260828_제과_박서연,102,3,2019.0,0
2026-08-28,[제과_블트하] 26.07_블트깡출시_수동_전환_image_전체타겟,0901_맛피아디벨롭_블트칩출시  (KR1/2),[26.08]F_I_BT깡_전환_블트칩출시_혜택강조형_나폴리맛피아.KR2_.배너_향풍미강조.한봉지뜯는순간.__김소희_260828_제과_박서연,328,6,7435.0,1
2026-08-28,(마스터ASC) [제과_블트하] 26.09_블트깡출시_ASC_전환_image,(마스터ASC) [제과_블트하] 26.09_블트깡출시_ASC_전환_image,[26.08]F_I_BT깡_전환_블트칩출시_혜택강조형_나폴리맛피아.KR2_.배너_맛피아권위.맛피아도인정한.__김소희_260828_제과_박서연,1,0,17.0,0
2026-08-28,(마스터ASC) [제과_블트하] 26.09_블트깡출시_ASC_전환_image,(마스터ASC) [제과_블트하] 26.09_블트깡출시_ASC_전환_image,[26.08]F_I_BT칩_전환_블트칩출시_혜택강조형_나폴리맛피아.KR1_.배너_기존콜라보실체.채팅창.__김소희_260828_제과_김수정,1,0,17.0,0
2026-08-29,[제과_블트하] 26.07_블트깡출시_수동_전환_video_전체타겟,0725_클룹BP_블트칩출시 (KR1),[26.07]F_V_BT혼_전환_블트칩출시_기타_클룹BP.KR1_var3.릴스_맛SP.슬기.X_1P_최나영_260723_제과_피재은,1971,17,26384.0,2
2026-08-29,(ASC) [제과_블트하] 26.08_블트깡출시_ASC_전환_image,(ASC) [제과_블트하] 26.08_블트하출시_ASC_전환_image,[26.08]F_I_BT칩_전환_블트칩출시_혜택강조형_이국주.KR2_.배너_내부상황.대기열실체.__김소희_260819_제과_김수정,22,0,569.0,0
2026-08-29,[제과_블트하] 26.07_블트깡출시_수동_전환_video_전체타겟,0821_물류대세감_블트칩출시 (이국주) (KR1),[26.08]F_V_BT칩_전환_블트칩출시_혜택희소성_물류대세감.이국주.KR1_main.릴스_메인.시즈닝강조.슬기.X_1P__260821_제과_문형민,4087,102,85584.0,5
2026-08-29,(마스터ASC)[제과_블트하] 26.07_블트깡출시_ASC_전환_video,(마스터ASC)[제과_블트하] 26.07_블트깡출시_ASC_전환_video,[26.09]F_V_BT깡_전환_블트깡출시_쩜오건_나폴리맛피아.KR1_var2.릴스_실체생략.슬기.X_1P__260901_제과_문형민,32,0,1481.0,0
2026-08-29,[제과_블트하] 26.07_블트깡출시_수동_전환_image_전체타겟,0901_맛피아디벨롭_블트칩출시  (KR1/2),[26.08]F_I_BT깡_전환_블트칩출시_혜택강조형_나폴리맛피아.KR2_.배너_이탈리아권위.맛피아트러플은원래.__김소희_260828_제과_박서연,672,7,18668.0,1
2026-08-29,[제과_블트하] 26.07_블트깡출시_수동_전환_image_전체타겟,0901_맛피아디벨롭_블트칩출시  (KR1/2),[26.08]F_I_BT깡_전환_블트칩출시_혜택강조형_나폴리맛피아.KR2_.배너_향풍미강조.한봉지뜯는순간.__김소희_260828_제과_박서연,600,10,18454.0,0
2026-08-29,(마스터ASC) [제과_블트하] 26.09_블트깡출시_ASC_전환_image,(마스터ASC) [제과_블트하] 26.09_블트깡출시_ASC_전환_image,[26.08]F_I_BT깡_전환_블트칩출시_혜택강조형_나폴리맛피아.KR2_.배너_이탈리아권위.나폴리맛피아가.__김소희_260828_제과_박서연,475,9,12534.0,1
2026-08-29,(마스터ASC) [제과_블트하] 26.09_블트깡출시_ASC_전환_image,(마스터ASC) [제과_블트하] 26.09_블트깡출시_ASC_전환_image,[26.08]F_I_BT깡_전환_블트칩출시_혜택강조형_나폴리맛피아.KR2_.배너_맛피아권위.맛피아도인정한.__김소희_260828_제과_박서연,23,0,453.0,0
2026-08-29,(마스터ASC) [제과_블트하] 26.09_블트깡출시_ASC_전환_image,(마스터ASC) [제과_블트하] 26.09_블트깡출시_ASC_전환_image,[26.08]F_I_BT칩_전환_블트칩출시_혜택강조형_나폴리맛피아.KR1_.배너_기존콜라보실체.채팅창.__김소희_260828_제과_김수정,105,1,2229.0,0
2026-08-29,(마스터ASC) [제과_블트하] 26.09_블트깡출시_ASC_전환_image,(마스터ASC) [제과_블트하] 26.09_블트깡출시_ASC_전환_image,[26.08]F_I_BT혼_전환_블트칩출시_혜택강조형_나폴리맛피아.신규_.배너_브랜디드.맛피아트러플하몽시리즈.__김소희_260828_제과_김수정,1208,15,29984.0,2
2026-08-30,[제과_블트하] 26.07_블트깡출시_수동_전환_video_전체타겟,0725_클룹BP_블트칩출시 (KR1),[26.07]F_V_BT혼_전환_블트칩출시_기타_클룹BP.KR1_var3.릴스_맛SP.슬기.X_1P_최나영_260723_제과_피재은,8282,126,132016.0,14
2026-08-30,(마스터ASC)[제과_블트하] 26.07_블트깡출시_ASC_전환_video,(마스터ASC)[제과_블트하] 26.07_블트깡출시_ASC_전환_video,[26.08]F_V_BT깡_전환_블트깡출시_네고형_지인네고형.김그릇BP_var4.릴스_가성비.X_1P_김소희_260807_제과_강경연,6,0,178.0,0
2026-08-30,(마스터ASC)[제과_블트하] 26.07_블트깡출시_ASC_전환_video,(마스터ASC)[제과_블트하] 26.07_블트깡출시_ASC_전환_video,[26.08]F_V_BT깡_전환_블트깡출시_쩜오건_시즈닝강조.이국주.KR1_var3.릴스_블트깡.트러플.슬기.X_1P__260820_제과_문형민,13,0,199.0,0
2026-08-30,[제과_블트하] 26.07_블트깡출시_수동_전환_video_전체타겟,0821_물류대세감_블트칩출시 (이국주) (KR1),[26.08]F_V_BT칩_전환_블트칩출시_혜택희소성_물류대세감.이국주.KR1_main.릴스_메인.시즈닝강조.슬기.X_1P__260821_제과_문형민,1002,29,23910.0,1
2026-08-30,(마스터ASC)[제과_블트하] 26.07_블트깡출시_ASC_전환_video,(마스터ASC)[제과_블트하] 26.07_블트깡출시_ASC_전환_video,[26.09]F_V_BT깡_전환_블트깡출시_쩜오건_나폴리맛피아.KR1_var2.릴스_실체생략.슬기.X_1P__260901_제과_문형민,1079,12,24035.0,1
2026-08-30,(마스터ASC) [제과_블트하] 26.09_블트깡출시_ASC_전환_image,(마스터ASC) [제과_블트하] 26.09_블트깡출시_ASC_전환_image,[26.08]F_I_BT깡_전환_블트칩출시_혜택강조형_나폴리맛피아.KR2_.배너_이탈리아권위.나폴리맛피아가.__김소희_260828_제과_박서연,106,1,2062.0,0
2026-08-30,(마스터ASC) [제과_블트하] 26.09_블트깡출시_ASC_전환_image,(마스터ASC) [제과_블트하] 26.09_블트깡출시_ASC_전환_image,[26.08]F_I_BT깡_전환_블트칩출시_혜택강조형_나폴리맛피아.KR2_.배너_맛피아권위.맛피아도인정한.__김소희_260828_제과_박서연,1,0,118.0,0
2026-08-30,(마스터ASC) [제과_블트하] 26.09_블트깡출시_ASC_전환_image,(마스터ASC) [제과_블트하] 26.09_블트깡출시_ASC_전환_image,[26.08]F_I_BT칩_전환_블트칩출시_혜택강조형_나폴리맛피아.KR1_.배너_기존콜라보실체.채팅창.__김소희_260828_제과_김수정,19,0,275.0,0
2026-08-30,(마스터ASC) [제과_블트하] 26.09_블트깡출시_ASC_전환_image,(마스터ASC) [제과_블트하] 26.09_블트깡출시_ASC_전환_image,[26.08]F_I_BT혼_전환_블트칩출시_혜택강조형_나폴리맛피아.신규_.배너_브랜디드.맛피아트러플하몽시리즈.__김소희_260828_제과_김수정,926,9,20664.0,1
2026-08-31,[제과_블트하] 26.07_블트깡출시_수동_전환_video_전체타겟,0725_클룹BP_블트칩출시 (KR1),[26.07]F_V_BT혼_전환_블트칩출시_기타_클룹BP.KR1_var3.릴스_맛SP.슬기.X_1P_최나영_260723_제과_피재은,30447,404,452854.0,28
2026-08-31,(ASC) [제과_블트하] 26.08_블트깡출시_ASC_전환_image,(ASC) [제과_블트하] 26.08_블트하출시_ASC_전환_image,[26.08]F_I_BT깡_전환_블트칩출시_혜택강조형_이국주.KR1_.배너_긴급성심리자극.긴급공지.__김소희_260821_제과_김수정,263,0,5325.0,0
2026-08-31,(마스터ASC) [제과_블트하] 26.09_블트깡출시_ASC_전환_image,(마스터ASC) [제과_블트하] 26.09_블트깡출시_ASC_전환_image,[26.08]F_I_BT깡_전환_블트칩출시_혜택강조형_나폴리맛피아.KR2_.배너_이탈리아권위.나폴리맛피아가.__김소희_260828_제과_박서연,821,10,15211.0,2
2026-08-31,(마스터ASC) [제과_블트하] 26.09_블트깡출시_ASC_전환_image,(마스터ASC) [제과_블트하] 26.09_블트깡출시_ASC_전환_image,[26.08]F_I_BT깡_전환_블트칩출시_혜택강조형_나폴리맛피아.KR2_.배너_맛피아권위.맛피아도인정한.__김소희_260828_제과_박서연,11,0,279.0,0
2026-08-31,(마스터ASC) [제과_블트하] 26.09_블트깡출시_ASC_전환_image,(마스터ASC) [제과_블트하] 26.09_블트깡출시_ASC_전환_image,[26.08]F_I_BT칩_전환_블트칩출시_혜택강조형_나폴리맛피아.KR1_.배너_기존콜라보실체.채팅창.__김소희_260828_제과_김수정,10,0,257.0,0
2026-09-01,[제과_블트하] 26.07_블트깡출시_수동_전환_video_전체타겟,0725_클룹BP_블트칩출시 (KR1),[26.07]F_V_BT혼_전환_블트칩출시_기타_클룹BP.KR1_var3.릴스_맛SP.슬기.X_1P_최나영_260723_제과_피재은,7667,91,127419.0,6
2026-09-01,(ASC) [제과_블트하] 26.08_블트깡출시_ASC_전환_image,(ASC) [제과_블트하] 26.08_블트하출시_ASC_전환_image,[26.08]F_I_BT칩_전환_블트칩출시_혜택강조형_이국주.KR2_.배너_내부상황.대기열실체.__김소희_260819_제과_김수정,18,0,682.0,0
2026-09-01,(마스터ASC)[제과_블트하] 26.07_블트깡출시_ASC_전환_video,(마스터ASC)[제과_블트하] 26.07_블트깡출시_ASC_전환_video,[26.08]F_V_BT깡_전환_블트깡출시_쩜오건_시즈닝강조.이국주.KR1_var3.릴스_블트깡.트러플.슬기.X_1P__260820_제과_문형민,1,0,8.0,0
2026-09-01,(ASC) [제과_블트하] 26.08_블트깡출시_ASC_전환_image,(ASC) [제과_블트하] 26.08_블트하출시_ASC_전환_image,[26.08]F_I_BT깡_전환_블트칩출시_혜택강조형_이국주.KR1_.배너_긴급성심리자극.긴급공지.__김소희_260821_제과_김수정,49,0,1430.0,0
2026-09-01,(마스터ASC) [제과_블트하] 26.09_블트깡출시_ASC_전환_image,(마스터ASC) [제과_블트하] 26.09_블트깡출시_ASC_전환_image,[26.08]F_I_BT깡_전환_블트칩출시_혜택강조형_나폴리맛피아.KR2_.배너_이탈리아권위.나폴리맛피아가.__김소희_260828_제과_박서연,110,1,1463.0,0
2026-09-01,(고효율 재러닝)[제과_블트하] 26.08_블트깡출시_ASC_전환_image/video_8M1W,(고효율 재러닝)[제과_블트하] 26.08_블트깡출시_ASC_전환_image/video_8M1W,[26.07]F_I_BT혼_전환_블트칩출시_혜택강조형_KR2_.배너_다시는없습니다.뜯자마자뺏기는1천원대.__김소희_260803_제과_김수정,4,0,130.0,0
2026-08-24,(ASC) [제과_블트하] 26.07_블트칩출시_ASC_전환_image,(ASC)[제과_블트하] 26.07_블트칩출시_ASC_전환_image,[26.07]F_I_BT칩_전환_블트칩출시_혜택강조형_KR2_.피드_시어머니가 신신당부..확장__김소희_260728_제과_박서연,857,10,13742.0,1
2026-08-24,(ASC) [제과_블트하] 26.07_블트깡출시_ASC_전환_image,(ASC)[제과_블트하] 26.07_블트깡출시_ASC_전환_image,[26.07]F_I_BT칩_전환_블트칩출시_혜택강조형_KR2_.배너_뜯자마자옆자리동료.__최나영_260730_제과_김수정,53,0,839.0,0
2026-08-24,(ASC) [제과_블트하] 26.08_블트깡출시_ASC_전환_image,(ASC) [제과_블트하] 26.08_블트하출시_ASC_전환_image,[26.08]F_I_BT깡_전환_블트칩출시_유명인권위형_이국주.KR1_.배너_공지문.카테고리어렵게.__김소희_260813_제과_김수정,16,0,362.0,0
2026-08-24,[제과_블트하] 26.07_블트깡출시_수동_전환_video_전체타겟,0814_고효율재편집_블트깡출시,[26.08]F_V_BT깡_전환_블트깡출시_취식강조형_먹방.KR2_main.릴스_맛표현앞으로.(재)_2P_김소희_260814_제과_이미진,67,0,1274.0,0
2026-08-24,[제과_블트하] 26.07_블트깡출시_수동_전환_image_전체타겟,0818_GFA유효배너_블트칩출시,[26.08]F_I_BT깡_전환_블트칩출시_혜택강조형_GFA베리_.배너_딱한봉지만먹을자신이없어요.__최나영_260818_제과_박서연,4,0,57.0,0
2026-08-24,(마스터ASC)[제과_블트하] 26.07_블트깡출시_ASC_전환_video,(마스터ASC)[제과_블트하] 26.07_블트깡출시_ASC_전환_video,[26.08]F_V_BT깡_전환_블트깡출시_쩜오건_시즈닝강조.이국주.KR1_var2.릴스_블트깡.반전.슬기.X_1P__260820_제과_문형민,86,3,1594.0,0
2026-08-24,[제과_블트하] 26.07_블트깡출시_수동_전환_video_전체타겟,0821_물류대세감_블트칩출시 (이국주) (KR1),[26.08]F_V_BT칩_전환_블트칩출시_혜택희소성_물류대세감.이국주.KR1_var2.릴스_죄송.시즈닝강조.슬기.X_1P__260821_제과_문형민,58,3,1635.0,2
2026-08-24,(마스터ASC)[제과_치즈팝콘] 26.08_치즈팝콘출시_ASC_전환_image_전체타겟,(마스터ASC)[제과_치즈팝콘] 26.08_치즈팝콘출시_ASC_전환_image_전체타겟,[26.08]F_I_PC치_전환_치즈팝콘재입고_혜택강조형_KR1.재입고이슈_.배너_공지문.재입고이슈.__권미정_260824_제과_박서연,4,0,96.0,0
2026-08-25,(ASC) [제과_블트하] 26.07_블트칩출시_ASC_전환_image,(ASC)[제과_블트하] 26.07_블트칩출시_ASC_전환_image,[26.07]F_I_BT칩_전환_블트칩출시_혜택강조형_KR2_.피드_시어머니가 신신당부..확장__김소희_260728_제과_박서연,241,3,3381.0,0
2026-08-25,(ASC) [제과_블트하] 26.07_블트깡출시_ASC_전환_image,(ASC)[제과_블트하] 26.07_블트깡출시_ASC_전환_image,[26.07]F_I_BT칩_전환_블트칩출시_혜택강조형_KR2_.배너_뜯자마자옆자리동료.__최나영_260730_제과_김수정,2732,34,43854.0,1
2026-08-25,(ASC) [제과_블트하] 26.08_블트깡출시_ASC_전환_image,(ASC) [제과_블트하] 26.08_블트하출시_ASC_전환_image,[26.08]F_I_BT깡_전환_블트칩출시_유명인권위형_이국주.KR1_.배너_공지문.카테고리어렵게.__김소희_260813_제과_김수정,16,0,347.0,0
2026-08-25,(마스터ASC)[제과_블트하] 26.07_블트깡출시_ASC_전환_video,(마스터ASC)[제과_블트하] 26.07_블트깡출시_ASC_전환_video,[26.08]F_V_BT혼_전환_블트칩출시_신규BP_젤리백BP.이국주.KR1_var1.릴스_본론.이국주만.X_2P_최나영_260814_제과_이봄1,1,0,40.0,0
2026-08-25,[제과_블트하] 26.07_블트깡출시_수동_전환_video_전체타겟,0814_고효율재편집_블트깡출시,[26.08]F_V_BT깡_전환_블트깡출시_취식강조형_먹방.KR2_main.릴스_맛표현앞으로.(재)_2P_김소희_260814_제과_이미진,166,0,3608.0,0
2026-08-25,(마스터ASC)[제과_블트하] 26.07_블트깡출시_ASC_전환_video,(마스터ASC)[제과_블트하] 26.07_블트깡출시_ASC_전환_video,[26.08]F_V_BT깡_전환_블트깡출시_쩜오건_시즈닝강조.이국주.KR1_var2.릴스_블트깡.반전.슬기.X_1P__260820_제과_문형민,17,0,272.0,0
2026-08-25,[제과_블트하] 26.07_블트깡출시_수동_전환_video_전체타겟,0821_물류대세감_블트칩출시 (이국주) (KR1),[26.08]F_V_BT칩_전환_블트칩출시_혜택희소성_물류대세감.이국주.KR1_var2.릴스_죄송.시즈닝강조.슬기.X_1P__260821_제과_문형민,107,1,2866.0,0
2026-08-25,(마스터ASC)[제과_치즈팝콘] 26.08_치즈팝콘출시_ASC_전환_image_전체타겟,(마스터ASC)[제과_치즈팝콘] 26.08_치즈팝콘출시_ASC_전환_image_전체타겟,[26.08]F_I_PC치_전환_치즈팝콘재입고_혜택강조형_KR1.재입고이슈_.배너_공지문.재입고이슈.__권미정_260824_제과_박서연,99,1,3091.0,0
2026-08-26,(ASC) [제과_블트하] 26.07_블트칩출시_ASC_전환_image,(ASC)[제과_블트하] 26.07_블트칩출시_ASC_전환_image,[26.07]F_I_BT칩_전환_블트칩출시_혜택강조형_KR2_.피드_시어머니가 신신당부..확장__김소희_260728_제과_박서연,1055,7,14962.0,0
2026-08-26,(ASC) [제과_블트하] 26.07_블트깡출시_ASC_전환_image,(ASC)[제과_블트하] 26.07_블트깡출시_ASC_전환_image,[26.07]F_I_BT칩_전환_블트칩출시_혜택강조형_KR2_.배너_뜯자마자옆자리동료.__최나영_260730_제과_김수정,8967,91,136083.0,8
2026-08-26,(ASC) [제과_블트하] 26.08_블트깡출시_ASC_전환_image,(ASC) [제과_블트하] 26.08_블트하출시_ASC_전환_image,[26.08]F_I_BT깡_전환_블트칩출시_유명인권위형_이국주.KR1_.배너_공지문.카테고리어렵게.__김소희_260813_제과_김수정,2,0,55.0,0
2026-08-26,[제과_블트하] 26.07_블트깡출시_수동_전환_video_전체타겟,0814_고효율재편집_블트깡출시,[26.08]F_V_BT깡_전환_블트깡출시_취식강조형_먹방.KR2_main.릴스_맛표현앞으로.(재)_2P_김소희_260814_제과_이미진,42,1,883.0,0
2026-08-26,[제과_블트하] 26.07_블트깡출시_수동_전환_image_전체타겟,0818_GFA유효배너_블트칩출시,[26.08]F_I_BT깡_전환_블트칩출시_혜택강조형_GFA베리_.배너_딱한봉지만먹을자신이없어요.__최나영_260818_제과_박서연,1,0,11.0,0
2026-08-26,(마스터ASC)[제과_블트하] 26.07_블트깡출시_ASC_전환_video,(마스터ASC)[제과_블트하] 26.07_블트깡출시_ASC_전환_video,[26.08]F_V_BT깡_전환_블트깡출시_쩜오건_시즈닝강조.이국주.KR1_var2.릴스_블트깡.반전.슬기.X_1P__260820_제과_문형민,4,0,33.0,0
2026-08-26,[제과_블트하] 26.07_블트깡출시_수동_전환_video_전체타겟,0821_물류대세감_블트칩출시 (이국주) (KR1),[26.08]F_V_BT칩_전환_블트칩출시_혜택희소성_물류대세감.이국주.KR1_var2.릴스_죄송.시즈닝강조.슬기.X_1P__260821_제과_문형민,506,10,11034.0,2
2026-08-26,(마스터ASC)[제과_치즈팝콘] 26.08_치즈팝콘출시_ASC_전환_image_전체타겟,(마스터ASC)[제과_치즈팝콘] 26.08_치즈팝콘출시_ASC_전환_image_전체타겟,[26.08]F_I_PC치_전환_치즈팝콘재입고_혜택강조형_KR1.재입고이슈_.배너_공지문.재입고이슈.__권미정_260824_제과_박서연,54,0,1030.0,0
2026-08-26,[제과_블트하] 26.07_블트깡출시_수동_전환_image_전체타겟,0826_트러플비교_블트칩출시  (KR2),[26.08]F_I_BT칩_전환_블트칩출시_혜택강조형_KR2.진짜트러플비교_.배너_제작자.원가감수.뜯자마자퍼지는.__김소희_260826_제과_박서연,2,0,0.0,0
2026-08-26,(ASC) [제과_블트하] 26.08_블트깡출시_ASC_전환_image,(ASC) [제과_블트하] 26.08_블트하출시_ASC_전환_image,[26.08]F_I_BT혼_전환_블트칩출시_혜택강조형_KR1.이탈리아_.배너_이탈리아현지에서먹었던.__김소희_260826_제과_김수정,18,0,414.0,0
2026-08-27,(ASC) [제과_블트하] 26.07_블트칩출시_ASC_전환_image,(ASC)[제과_블트하] 26.07_블트칩출시_ASC_전환_image,[26.07]F_I_BT칩_전환_블트칩출시_혜택강조형_KR2_.피드_시어머니가 신신당부..확장__김소희_260728_제과_박서연,12,0,269.0,0
2026-08-27,(ASC) [제과_블트하] 26.07_블트깡출시_ASC_전환_image,(ASC)[제과_블트하] 26.07_블트깡출시_ASC_전환_image,[26.07]F_I_BT칩_전환_블트칩출시_혜택강조형_KR2_.배너_뜯자마자옆자리동료.__최나영_260730_제과_김수정,638,6,9717.0,0
2026-08-27,(ASC) [제과_블트하] 26.08_블트깡출시_ASC_전환_image,(ASC) [제과_블트하] 26.08_블트하출시_ASC_전환_image,[26.08]F_I_BT깡_전환_블트칩출시_유명인권위형_이국주.KR1_.배너_공지문.카테고리어렵게.__김소희_260813_제과_김수정,45,1,1294.0,0
2026-08-27,[제과_블트하] 26.07_블트깡출시_수동_전환_video_전체타겟,0814_고효율재편집_블트깡출시,[26.08]F_V_BT깡_전환_블트깡출시_취식강조형_먹방.KR2_main.릴스_맛표현앞으로.(재)_2P_김소희_260814_제과_이미진,25,0,336.0,0
2026-08-27,[제과_블트하] 26.07_블트깡출시_수동_전환_video_전체타겟,0820_공구네고형_블트칩출시 (KR2),[26.08]F_V_BT칩_전환_블트칩출시_네고형_공구네고형.이국주.KR2_var2.릴스_BP.X_1P_최나영_260820_제과_피재은,1227,28,35198.0,2
2026-08-27,[제과_블트하] 26.07_블트깡출시_수동_전환_video_전체타겟,0821_물류대세감_블트칩출시 (이국주) (KR1),[26.08]F_V_BT칩_전환_블트칩출시_혜택희소성_물류대세감.이국주.KR1_var2.릴스_죄송.시즈닝강조.슬기.X_1P__260821_제과_문형민,15,0,358.0,0
2026-08-27,(마스터ASC)[제과_치즈팝콘] 26.08_치즈팝콘출시_ASC_전환_image_전체타겟,(마스터ASC)[제과_치즈팝콘] 26.08_치즈팝콘출시_ASC_전환_image_전체타겟,[26.08]F_I_PC치_전환_치즈팝콘재입고_혜택강조형_KR1.재입고이슈_.배너_공지문.재입고이슈.__권미정_260824_제과_박서연,13,0,308.0,0
2026-08-27,[제과_블트하] 26.07_블트깡출시_수동_전환_image_전체타겟,0826_트러플비교_블트칩출시  (KR2),[26.08]F_I_BT칩_전환_블트칩출시_혜택강조형_KR2.진짜트러플비교_.배너_제작자.원가감수.뜯자마자퍼지는.__김소희_260826_제과_박서연,459,9,11024.0,0
2026-08-27,(ASC) [제과_블트하] 26.08_블트깡출시_ASC_전환_image,(ASC) [제과_블트하] 26.08_블트하출시_ASC_전환_image,[26.08]F_I_BT혼_전환_블트칩출시_혜택강조형_KR1.이탈리아_.배너_이탈리아현지에서먹었던.__김소희_260826_제과_김수정,60,0,1705.0,0
2026-08-28,(ASC) [제과_블트하] 26.07_블트깡출시_ASC_전환_image,(ASC)[제과_블트하] 26.07_블트깡출시_ASC_전환_image,[26.07]F_I_BT칩_전환_블트칩출시_혜택강조형_KR2_.배너_뜯자마자옆자리동료.__최나영_260730_제과_김수정,982,15,19378.0,1
2026-08-28,(ASC) [제과_블트하] 26.08_블트깡출시_ASC_전환_image,(ASC) [제과_블트하] 26.08_블트하출시_ASC_전환_image,[26.08]F_I_BT깡_전환_블트칩출시_유명인권위형_이국주.KR1_.배너_공지문.카테고리어렵게.__김소희_260813_제과_김수정,2,0,39.0,0
2026-08-28,[제과_블트하] 26.07_블트깡출시_수동_전환_video_전체타겟,0814_고효율재편집_블트깡출시,[26.08]F_V_BT깡_전환_블트깡출시_취식강조형_먹방.KR2_main.릴스_맛표현앞으로.(재)_2P_김소희_260814_제과_이미진,3,0,53.0,0
2026-08-28,[제과_블트하] 26.07_블트깡출시_수동_전환_video_전체타겟,0821_물류대세감_블트칩출시 (이국주) (KR1),[26.08]F_V_BT칩_전환_블트칩출시_혜택희소성_물류대세감.이국주.KR1_var2.릴스_죄송.시즈닝강조.슬기.X_1P__260821_제과_문형민,29,1,834.0,0
2026-08-28,[제과_블트하] 26.07_블트깡출시_수동_전환_image_전체타겟,0826_트러플비교_블트칩출시  (KR2),[26.08]F_I_BT칩_전환_블트칩출시_혜택강조형_KR2.진짜트러플비교_.배너_제작자.원가감수.뜯자마자퍼지는.__김소희_260826_제과_박서연,102,1,1924.0,1
2026-08-28,(ASC) [제과_블트하] 26.08_블트깡출시_ASC_전환_image,(ASC) [제과_블트하] 26.08_블트하출시_ASC_전환_image,[26.08]F_I_BT혼_전환_블트칩출시_혜택강조형_KR1.이탈리아_.배너_이탈리아현지에서먹었던.__김소희_260826_제과_김수정,3,0,23.0,0
2026-08-28,[제과_블트하] 26.07_블트깡출시_수동_전환_image_전체타겟,0828_맛피아100%_블트칩출시 (신규KR),[26.08]F_I_BT칩_전환_블트칩출시_혜택강조형_나폴리맛피아.신규_.릴스_브랜디드.이탈리아떠올리게만드는.__김소희_260828_제과_김수정,521,15,13850.0,0
2026-08-28,[제과_블트하] 26.07_블트깡출시_수동_전환_video_전체타겟,0828_베이직BP_블트깡출시 (맛피아) (KR1),[26.09]F_V_BT칩_전환_블트깡출시_신규BP_베이직BP.나폴리맛피아.KR1_var1.릴스_이탈리아트러플.X_1P__260901_제과_문형민,1559,42,35807.0,1
2026-08-29,(ASC) [제과_블트하] 26.08_블트깡출시_ASC_전환_image,(ASC) [제과_블트하] 26.08_블트하출시_ASC_전환_image,[26.08]F_I_BT깡_전환_블트칩출시_유명인권위형_이국주.KR1_.배너_공지문.카테고리어렵게.__김소희_260813_제과_김수정,21,1,350.0,0
2026-08-29,(마스터ASC)[제과_블트하] 26.07_블트깡출시_ASC_전환_video,(마스터ASC)[제과_블트하] 26.07_블트깡출시_ASC_전환_video,[26.08]F_V_BT깡_전환_블트깡출시_쩜오건_시즈닝강조.이국주.KR1_var2.릴스_블트깡.반전.슬기.X_1P__260820_제과_문형민,1,0,9.0,0
2026-08-29,[제과_블트하] 26.07_블트깡출시_수동_전환_video_전체타겟,0820_공구네고형_블트칩출시 (KR2),[26.08]F_V_BT칩_전환_블트칩출시_네고형_공구네고형.이국주.KR2_var2.릴스_BP.X_1P_최나영_260820_제과_피재은,2626,55,80187.0,5
2026-08-29,[제과_블트하] 26.07_블트깡출시_수동_전환_video_전체타겟,0821_물류대세감_블트칩출시 (이국주) (KR1),[26.08]F_V_BT칩_전환_블트칩출시_혜택희소성_물류대세감.이국주.KR1_var2.릴스_죄송.시즈닝강조.슬기.X_1P__260821_제과_문형민,118,2,1695.0,0
2026-08-29,[제과_블트하] 26.07_블트깡출시_수동_전환_image_전체타겟,0826_트러플비교_블트칩출시  (KR2),[26.08]F_I_BT칩_전환_블트칩출시_혜택강조형_KR2.진짜트러플비교_.배너_제작자.원가감수.뜯자마자퍼지는.__김소희_260826_제과_박서연,420,9,10436.0,0
2026-08-29,[제과_블트하] 26.07_블트깡출시_수동_전환_image_전체타겟,0828_맛피아100%_블트칩출시 (신규KR),[26.08]F_I_BT칩_전환_블트칩출시_혜택강조형_나폴리맛피아.신규_.릴스_브랜디드.이탈리아떠올리게만드는.__김소희_260828_제과_김수정,339,8,10715.0,0
2026-08-29,[제과_블트하] 26.07_블트깡출시_수동_전환_video_전체타겟,0828_베이직BP_블트깡출시 (맛피아) (KR1),[26.09]F_V_BT칩_전환_블트깡출시_신규BP_베이직BP.나폴리맛피아.KR1_var1.릴스_이탈리아트러플.X_1P__260901_제과_문형민,2377,44,59040.0,3
2026-08-30,(마스터ASC)[제과_블트하] 26.07_블트깡출시_ASC_전환_video,(마스터ASC)[제과_블트하] 26.07_블트깡출시_ASC_전환_video,[26.08]F_V_BT깡_전환_블트깡출시_라이브커머스형_라이브커머스형.KR1_main.릴스_찐템강조.메인.슬기.X_1P_김소희_260811_제과_피재은,7,0,103.0,0
2026-08-30,[제과_블트하] 26.07_블트깡출시_수동_전환_video_전체타겟,0814_고효율재편집_블트깡출시,[26.08]F_V_BT깡_전환_블트깡출시_취식강조형_먹방.KR2_main.릴스_맛표현앞으로.(재)_2P_김소희_260814_제과_이미진,5,0,146.0,0
2026-08-30,[제과_블트하] 26.07_블트깡출시_수동_전환_video_전체타겟,0821_물류대세감_블트칩출시 (이국주) (KR1),[26.08]F_V_BT칩_전환_블트칩출시_혜택희소성_물류대세감.이국주.KR1_var2.릴스_죄송.시즈닝강조.슬기.X_1P__260821_제과_문형민,1,0,14.0,0
2026-08-30,(마스터ASC)[제과_치즈팝콘] 26.08_치즈팝콘출시_ASC_전환_image_전체타겟,(마스터ASC)[제과_치즈팝콘] 26.08_치즈팝콘출시_ASC_전환_image_전체타겟,[26.08]F_I_PC치_전환_치즈팝콘재입고_혜택강조형_KR1.재입고이슈_.배너_공지문.재입고이슈.__권미정_260824_제과_박서연,13,0,234.0,0
2026-08-31,(ASC) [제과_블트하] 26.08_블트깡출시_ASC_전환_image,(ASC) [제과_블트하] 26.08_블트하출시_ASC_전환_image,[26.08]F_I_BT깡_전환_블트칩출시_유명인권위형_이국주.KR1_.배너_공지문.카테고리어렵게.__김소희_260813_제과_김수정,278,1,6704.0,0
2026-08-31,(마스터ASC)[제과_블트하] 26.07_블트깡출시_ASC_전환_video,(마스터ASC)[제과_블트하] 26.07_블트깡출시_ASC_전환_video,[26.08]F_V_BT깡_전환_블트깡출시_쩜오건_시즈닝강조.이국주.KR1_var2.릴스_블트깡.반전.슬기.X_1P__260820_제과_문형민,2,0,6.0,0
2026-08-31,(마스터ASC)[제과_치즈팝콘] 26.08_치즈팝콘출시_ASC_전환_image_전체타겟,(마스터ASC)[제과_치즈팝콘] 26.08_치즈팝콘출시_ASC_전환_image_전체타겟,[26.08]F_I_PC치_전환_치즈팝콘재입고_혜택강조형_KR1.재입고이슈_.배너_공지문.재입고이슈.__권미정_260824_제과_박서연,26,1,417.0,0
2026-09-01,(ASC) [제과_블트하] 26.08_블트깡출시_ASC_전환_image,(ASC) [제과_블트하] 26.08_블트하출시_ASC_전환_image,[26.08]F_I_BT깡_전환_블트칩출시_유명인권위형_이국주.KR1_.배너_공지문.카테고리어렵게.__김소희_260813_제과_김수정,470,3,9590.0,0
2026-09-01,(마스터ASC)[제과_치즈팝콘] 26.08_치즈팝콘출시_ASC_전환_image_전체타겟,(마스터ASC)[제과_치즈팝콘] 26.08_치즈팝콘출시_ASC_전환_image_전체타겟,[26.08]F_I_PC치_전환_치즈팝콘재입고_혜택강조형_KR1.재입고이슈_.배너_공지문.재입고이슈.__권미정_260824_제과_박서연,7,0,151.0,0
2026-09-01,(ASC) [제과_블트하] 26.08_블트깡출시_ASC_전환_image,(ASC) [제과_블트하] 26.08_블트하출시_ASC_전환_image,[26.08]F_I_BT혼_전환_블트칩출시_혜택강조형_KR1.이탈리아_.배너_이탈리아현지에서먹었던.__김소희_260826_제과_김수정,6,0,75.0,0
2026-09-01,(고효율 재러닝)[제과_블트하] 26.08_블트깡출시_ASC_전환_image/video_8M1W,(고효율 재러닝)[제과_블트하] 26.08_블트깡출시_ASC_전환_image/video_8M1W,[26.07]F_I_BT깡_전환_블트칩출시_혜택강조형_KR1_.릴스_군것질안하던남편.__김소희_260729_제과_김수정,164,3,2939.0,0
2026-09-01,(고효율 재러닝)[제과_블트하] 26.08_블트깡출시_ASC_전환_image/video_8M1W,(고효율 재러닝)[제과_블트하] 26.08_블트깡출시_ASC_전환_image/video_8M1W,[26.08]F_V_BT깡_전환_블트깡출시_혜택희소성_유인맨즈BP.이국주.KR1_var1.릴스_버리기.슬기.X_1P_최나영_260818_제과_피재은,54,5,1951.0,0
2026-09-01,[제과_블트하] 26.07_블트깡출시_수동_전환_image_전체타겟,0901_맛피아디벨롭_블트칩출시  (KR1/2),[26.08]F_I_BT칩_전환_블트칩출시_혜택강조형_나폴리맛피아.KR1_.배너_불편감수.다이어트중에도포기못해.__김소희_260901_제과_김수정,20,0,767.0,0
2026-08-24,(ASC) [제과_블트하] 26.07_블트칩출시_ASC_전환_image,(ASC)[제과_블트하] 26.07_블트칩출시_ASC_전환_image,[26.07]F_I_BT깡_전환_블트칩출시_혜택강조형_KR2_.피드_주변인.탕비실.확장__김소희_260727_제과_박서연,3,0,18.0,0
2026-08-24,(ASC) [제과_블트하] 26.07_블트칩출시_ASC_전환_image,(ASC)[제과_블트하] 26.07_블트칩출시_ASC_전환_image,[26.07]F_I_BT칩_전환_블트칩출시_혜택강조형_KR2_.릴스_모션.회사에서맛잘알.__김소희_260729_제과_박서연,968,14,21079.0,3
2026-08-24,(ASC) [제과_블트하] 26.08_블트깡출시_ASC_전환_image,(ASC) [제과_블트하] 26.08_블트하출시_ASC_전환_image,[26.08]F_I_BT칩_전환_블트칩출시_혜택강조형_KR1_.피드_리뷰형.오마카세급.__김소희_260806_제과_박서연,4,0,94.0,0
2026-08-24,(마스터ASC)[제과_블트하] 26.07_블트깡출시_ASC_전환_video,(마스터ASC)[제과_블트하] 26.07_블트깡출시_ASC_전환_video,[26.08]F_V_BT칩_전환_블트칩출시_신규BP_인덕션BP.KR1_main.릴스_본론.X_1P_김소희_260807_제과_이봄1,73460,2078,1735000.0,124
2026-08-24,(ASC) [제과_블트하] 26.08_블트깡출시_ASC_전환_image,(ASC) [제과_블트하] 26.08_블트하출시_ASC_전환_image,[26.08]F_I_BT칩_전환_블트칩출시_혜택강조형_KR1_.릴스_시간한정강조.야무진며느리라칭찬.__김소희_260807_제과_김수정,392,3,7716.0,0
2026-08-24,(ASC) [제과_블트하] 26.08_블트깡출시_ASC_전환_image,(ASC) [제과_블트하] 26.08_블트하출시_ASC_전환_image,[26.08]F_I_BT칩_전환_블트칩출시_혜택강조형_KR1_.릴스_메세지강조.야무진며느리라칭찬.__김소희_260807_제과_김수정,56,1,1472.0,0
2026-08-24,(ASC) [제과_블트하] 26.08_블트깡출시_ASC_전환_image,(ASC) [제과_블트하] 26.08_블트하출시_ASC_전환_image,[26.08]F_I_BT칩_전환_블트칩출시_혜택강조형_KR1_.릴스_살림권위.살림10년싼티나는선물.__김소희_260811_제과_김수정,58,0,1024.0,0
2026-08-24,(마스터ASC)[제과_블트하] 26.07_블트깡출시_ASC_전환_video,(마스터ASC)[제과_블트하] 26.07_블트깡출시_ASC_전환_video,[26.08]F_V_BT혼_전환_블트칩출시_신규BP_젤리백BP.이국주.KR1_var4.릴스_이국주+조합.X_2P_최나영_260814_제과_이봄1,14,0,443.0,0
2026-08-24,[칩] (마스터ASC)[제과_블트하] 26.07_블트칩출시_ASC_전환_video,[칩] (마스터ASC)[제과_블트하] 26.07_블트칩출시_ASC_전환_video,[26.08]F_V_BT칩_전환_블트칩출시_신규BP_도리토스BP.이국주.KR2_main.릴스_본론.X_2P_김소희_260821_제과_이봄1,2,0,9.0,0
2026-08-24,(마스터ASC)[제과_치즈팝콘] 26.08_치즈팝콘출시_ASC_전환_video_전체타겟,(마스터ASC)[제과_치즈팝콘] 26.08_치즈팝콘출시_ASC_전환_video_전체타겟,[26.08]F_V_PC치_전환_치즈팝콘재입고_신규BP_열두달식탁BP.KR1_main.릴스_메인.X_2P_권미정_260824_제과_윤성미,63,1,1122.0,0
2026-08-24,[제과_치즈팝콘] 26.08_치즈팝콘출시_수동_전환_image_전체타겟,(0824) 혜택강조형_물림페인포인트_치즈팝콘재입고 (KR2) (서연님),[26.08]F_I_PC치_전환_치즈팝콘재입고_혜택강조형_KR2.물림페포_.배너_공지문.물리지않는맛.__권미정_260824_제과_박서연,222,9,5328.0,0
2026-08-25,(ASC) [제과_블트하] 26.07_블트칩출시_ASC_전환_image,(ASC)[제과_블트하] 26.07_블트칩출시_ASC_전환_image,[26.07]F_I_BT칩_전환_블트칩출시_혜택강조형_KR2_.릴스_모션.회사에서맛잘알.__김소희_260729_제과_박서연,206,5,5065.0,0
2026-08-25,(마스터ASC)[제과_치즈팝콘] 26.08_치즈팝콘출시_ASC_전환_video_전체타겟,(마스터ASC)[제과_치즈팝콘] 26.08_치즈팝콘출시_ASC_전환_video_전체타겟,[26.08]F_V_PC치_전환_치즈팝콘출시_쩜오건_초코송이BP_var1.릴스_맥주.안주.X_2P_권미정_260805_제과_윤성미,111,2,1436.0,1
2026-08-25,(마스터ASC)[제과_블트하] 26.07_블트깡출시_ASC_전환_video,(마스터ASC)[제과_블트하] 26.07_블트깡출시_ASC_전환_video,[26.08]F_V_BT칩_전환_블트칩출시_신규BP_인덕션BP.KR1_main.릴스_본론.X_1P_김소희_260807_제과_이봄1,40105,1117,960037.0,63
2026-08-25,(ASC) [제과_블트하] 26.08_블트깡출시_ASC_전환_image,(ASC) [제과_블트하] 26.08_블트하출시_ASC_전환_image,[26.08]F_I_BT칩_전환_블트칩출시_혜택강조형_KR1_.릴스_시간한정강조.야무진며느리라칭찬.__김소희_260807_제과_김수정,529,4,13004.0,1
2026-08-25,(ASC) [제과_블트하] 26.08_블트깡출시_ASC_전환_image,(ASC) [제과_블트하] 26.08_블트하출시_ASC_전환_image,[26.08]F_I_BT칩_전환_블트칩출시_혜택강조형_KR1_.릴스_메세지강조.야무진며느리라칭찬.__김소희_260807_제과_김수정,65,1,1712.0,0
2026-08-25,(ASC) [제과_블트하] 26.08_블트깡출시_ASC_전환_image,(ASC) [제과_블트하] 26.08_블트하출시_ASC_전환_image,[26.08]F_I_BT칩_전환_블트칩출시_혜택강조형_KR1_.릴스_살림권위.살림10년싼티나는선물.__김소희_260811_제과_김수정,70,0,1417.0,0
2026-08-25,(마스터ASC)[제과_블트하] 26.07_블트깡출시_ASC_전환_video,(마스터ASC)[제과_블트하] 26.07_블트깡출시_ASC_전환_video,[26.08]F_V_BT혼_전환_블트칩출시_신규BP_젤리백BP.이국주.KR1_var4.릴스_이국주+조합.X_2P_최나영_260814_제과_이봄1,4,0,25.0,0
2026-08-25,(마스터ASC)[제과_치즈팝콘] 26.08_치즈팝콘출시_ASC_전환_video_전체타겟,(마스터ASC)[제과_치즈팝콘] 26.08_치즈팝콘출시_ASC_전환_video_전체타겟,[26.08]F_V_PC치_전환_치즈팝콘재입고_신규BP_열두달식탁BP.KR1_main.릴스_메인.X_2P_권미정_260824_제과_윤성미,20,0,488.0,0
2026-08-25,[제과_치즈팝콘] 26.08_치즈팝콘출시_수동_전환_image_전체타겟,(0824) 혜택강조형_물림페인포인트_치즈팝콘재입고 (KR2) (서연님),[26.08]F_I_PC치_전환_치즈팝콘재입고_혜택강조형_KR2.물림페포_.배너_공지문.물리지않는맛.__권미정_260824_제과_박서연,3132,45,65770.0,7
2026-08-26,(ASC) [제과_블트하] 26.07_블트칩출시_ASC_전환_image,(ASC)[제과_블트하] 26.07_블트칩출시_ASC_전환_image,[26.07]F_I_BT칩_전환_블트칩출시_혜택강조형_KR2_.릴스_모션.회사에서맛잘알.__김소희_260729_제과_박서연,536,10,11621.0,1
2026-08-26,(마스터ASC)[제과_치즈팝콘] 26.08_치즈팝콘출시_ASC_전환_video_전체타겟,(마스터ASC)[제과_치즈팝콘] 26.08_치즈팝콘출시_ASC_전환_video_전체타겟,[26.08]F_V_PC치_전환_치즈팝콘출시_쩜오건_초코송이BP_var1.릴스_맥주.안주.X_2P_권미정_260805_제과_윤성미,580,4,6480.0,1
2026-08-26,(마스터ASC)[제과_블트하] 26.07_블트깡출시_ASC_전환_video,(마스터ASC)[제과_블트하] 26.07_블트깡출시_ASC_전환_video,[26.08]F_V_BT칩_전환_블트칩출시_신규BP_인덕션BP.KR1_main.릴스_본론.X_1P_김소희_260807_제과_이봄1,83772,2244,1748753.0,108
2026-08-26,(ASC) [제과_블트하] 26.08_블트깡출시_ASC_전환_image,(ASC) [제과_블트하] 26.08_블트하출시_ASC_전환_image,[26.08]F_I_BT칩_전환_블트칩출시_혜택강조형_KR1_.릴스_메세지강조.야무진며느리라칭찬.__김소희_260807_제과_김수정,68,2,1469.0,0
2026-08-26,(ASC) [제과_블트하] 26.08_블트깡출시_ASC_전환_image,(ASC) [제과_블트하] 26.08_블트하출시_ASC_전환_image,[26.08]F_I_BT칩_전환_블트칩출시_혜택강조형_KR1_.릴스_살림권위.살림10년싼티나는선물.__김소희_260811_제과_김수정,92,0,1962.0,0
2026-08-26,(마스터ASC)[제과_치즈팝콘] 26.08_치즈팝콘출시_ASC_전환_video_전체타겟,(마스터ASC)[제과_치즈팝콘] 26.08_치즈팝콘출시_ASC_전환_video_전체타겟,[26.08]F_V_PC치_전환_치즈팝콘재입고_신규BP_열두달식탁BP.KR1_main.릴스_메인.X_2P_권미정_260824_제과_윤성미,12,0,148.0,0
2026-08-26,[제과_치즈팝콘] 26.08_치즈팝콘출시_수동_전환_image_전체타겟,(0824) 혜택강조형_물림페인포인트_치즈팝콘재입고 (KR2) (서연님),[26.08]F_I_PC치_전환_치즈팝콘재입고_혜택강조형_KR2.물림페포_.배너_공지문.물리지않는맛.__권미정_260824_제과_박서연,2092,33,42422.0,6
2026-08-26,(ASC) [제과_블트하] 26.08_블트깡출시_ASC_전환_image,(ASC) [제과_블트하] 26.08_블트하출시_ASC_전환_image,[26.08]F_I_BT칩_전환_블트칩출시_혜택강조형_KR2.진짜트러플비교_.배너_제작자.미식가개발자.__김소희_260826_제과_박서연,38,1,1079.0,0
2026-08-27,(마스터ASC)[제과_치즈팝콘] 26.08_치즈팝콘출시_ASC_전환_video_전체타겟,(마스터ASC)[제과_치즈팝콘] 26.08_치즈팝콘출시_ASC_전환_video_전체타겟,[26.08]F_V_PC치_전환_치즈팝콘출시_쩜오건_초코송이BP_var1.릴스_맥주.안주.X_2P_권미정_260805_제과_윤성미,278,1,3096.0,0
2026-08-27,(ASC) [제과_블트하] 26.08_블트깡출시_ASC_전환_image,(ASC) [제과_블트하] 26.08_블트하출시_ASC_전환_image,[26.08]F_I_BT칩_전환_블트칩출시_혜택강조형_KR1_.피드_리뷰형.오마카세급.__김소희_260806_제과_박서연,36,1,455.0,0
2026-08-27,(마스터ASC)[제과_블트하] 26.07_블트깡출시_ASC_전환_video,(마스터ASC)[제과_블트하] 26.07_블트깡출시_ASC_전환_video,[26.08]F_V_BT칩_전환_블트칩출시_신규BP_인덕션BP.KR1_main.릴스_본론.X_1P_김소희_260807_제과_이봄1,13735,362,240028.0,16
2026-08-27,(ASC) [제과_블트하] 26.08_블트깡출시_ASC_전환_image,(ASC) [제과_블트하] 26.08_블트하출시_ASC_전환_image,[26.08]F_I_BT칩_전환_블트칩출시_혜택강조형_KR1_.릴스_메세지강조.야무진며느리라칭찬.__김소희_260807_제과_김수정,63,2,1706.0,1
2026-08-27,(ASC) [제과_블트하] 26.08_블트깡출시_ASC_전환_image,(ASC) [제과_블트하] 26.08_블트하출시_ASC_전환_image,[26.08]F_I_BT칩_전환_블트칩출시_혜택강조형_KR1_.릴스_살림권위.살림10년싼티나는선물.__김소희_260811_제과_김수정,237,5,6043.0,2
2026-08-27,[제과_치즈팝콘] 26.08_치즈팝콘출시_수동_전환_image_전체타겟,(0824) 혜택강조형_물림페인포인트_치즈팝콘재입고 (KR2) (서연님),[26.08]F_I_PC치_전환_치즈팝콘재입고_혜택강조형_KR2.물림페포_.배너_공지문.물리지않는맛.__권미정_260824_제과_박서연,1628,20,32487.0,2
2026-08-27,(ASC) [제과_블트하] 26.08_블트깡출시_ASC_전환_image,(ASC) [제과_블트하] 26.08_블트하출시_ASC_전환_image,[26.08]F_I_BT칩_전환_블트칩출시_혜택강조형_KR2.진짜트러플비교_.배너_제작자.미식가개발자.__김소희_260826_제과_박서연,238,0,4590.0,1
2026-08-28,(마스터ASC)[제과_치즈팝콘] 26.08_치즈팝콘출시_ASC_전환_video_전체타겟,(마스터ASC)[제과_치즈팝콘] 26.08_치즈팝콘출시_ASC_전환_video_전체타겟,[26.08]F_V_PC치_전환_치즈팝콘출시_쩜오건_초코송이BP_var1.릴스_맥주.안주.X_2P_권미정_260805_제과_윤성미,123,0,1269.0,0
2026-08-28,(마스터ASC)[제과_블트하] 26.07_블트깡출시_ASC_전환_video,(마스터ASC)[제과_블트하] 26.07_블트깡출시_ASC_전환_video,[26.08]F_V_BT칩_전환_블트칩출시_신규BP_인덕션BP.KR1_main.릴스_본론.X_1P_김소희_260807_제과_이봄1,18498,526,380680.0,27
2026-08-28,(ASC) [제과_블트하] 26.08_블트깡출시_ASC_전환_image,(ASC) [제과_블트하] 26.08_블트하출시_ASC_전환_image,[26.08]F_I_BT칩_전환_블트칩출시_혜택강조형_KR1_.릴스_메세지강조.야무진며느리라칭찬.__김소희_260807_제과_김수정,12,0,397.0,0
2026-08-28,(ASC) [제과_블트하] 26.08_블트깡출시_ASC_전환_image,(ASC) [제과_블트하] 26.08_블트하출시_ASC_전환_image,[26.08]F_I_BT칩_전환_블트칩출시_혜택강조형_KR1_.릴스_살림권위.살림10년싼티나는선물.__김소희_260811_제과_김수정,70,1,1034.0,0
2026-08-28,(ASC) [제과_블트하] 26.08_블트깡출시_ASC_전환_image,(ASC) [제과_블트하] 26.08_블트하출시_ASC_전환_image,[26.08]F_I_BT칩_전환_블트칩출시_혜택강조형_KR2.진짜트러플비교_.배너_제작자.미식가개발자.__김소희_260826_제과_박서연,12,0,286.0,0
2026-08-28,[제과_블트하] 26.07_블트깡출시_수동_전환_image_전체타겟,0828_맛피아100%_블트칩출시 (신규KR),[26.08]F_I_BT칩_전환_블트칩출시_혜택강조형_나폴리맛피아.신규_.릴스_브랜디드.뜯자마자트러플향가득.__김소희_260828_제과_김수정,138,2,4529.0,0
2026-08-28,(마스터ASC)[제과_치즈팝콘] 26.08_치즈팝콘출시_ASC_전환_video_전체타겟,(마스터ASC)[제과_치즈팝콘] 26.08_치즈팝콘출시_ASC_전환_video_전체타겟,[26.09]F_V_PC치_전환_치즈팝콘재입고_인플루언서형_인플루언서.KR1_var1.릴스_배달팝콘강조.X_2P_권미정_260901_제과_이미진,30,0,258.0,0
2026-08-29,(마스터ASC)[제과_치즈팝콘] 26.08_치즈팝콘출시_ASC_전환_video_전체타겟,(마스터ASC)[제과_치즈팝콘] 26.08_치즈팝콘출시_ASC_전환_video_전체타겟,[26.08]F_V_PC치_전환_치즈팝콘출시_쩜오건_초코송이BP_var1.릴스_맥주.안주.X_2P_권미정_260805_제과_윤성미,217,2,1998.0,0
2026-08-29,(ASC) [제과_블트하] 26.08_블트깡출시_ASC_전환_image,(ASC) [제과_블트하] 26.08_블트하출시_ASC_전환_image,[26.08]F_I_BT칩_전환_블트칩출시_혜택강조형_KR1_.피드_리뷰형.오마카세급.__김소희_260806_제과_박서연,6,0,96.0,0
2026-08-29,(마스터ASC)[제과_블트하] 26.07_블트깡출시_ASC_전환_video,(마스터ASC)[제과_블트하] 26.07_블트깡출시_ASC_전환_video,[26.08]F_V_BT칩_전환_블트칩출시_신규BP_인덕션BP.KR1_main.릴스_본론.X_1P_김소희_260807_제과_이봄1,14153,376,308566.0,20
2026-08-29,(ASC) [제과_블트하] 26.08_블트깡출시_ASC_전환_image,(ASC) [제과_블트하] 26.08_블트하출시_ASC_전환_image,[26.08]F_I_BT칩_전환_블트칩출시_혜택강조형_KR1_.릴스_메세지강조.야무진며느리라칭찬.__김소희_260807_제과_김수정,198,2,4914.0,0
2026-08-29,(ASC) [제과_블트하] 26.08_블트깡출시_ASC_전환_image,(ASC) [제과_블트하] 26.08_블트하출시_ASC_전환_image,[26.08]F_I_BT칩_전환_블트칩출시_혜택강조형_KR1_.릴스_살림권위.살림10년싼티나는선물.__김소희_260811_제과_김수정,556,8,13113.0,1
2026-08-29,[칩] (마스터ASC)[제과_블트하] 26.07_블트칩출시_ASC_전환_video,[칩] (마스터ASC)[제과_블트하] 26.07_블트칩출시_ASC_전환_video,[26.08]F_V_BT칩_전환_블트칩출시_신규BP_도리토스BP.이국주.KR2_main.릴스_본론.X_2P_김소희_260821_제과_이봄1,3,0,115.0,0
2026-08-29,(마스터ASC)[제과_치즈팝콘] 26.08_치즈팝콘출시_ASC_전환_video_전체타겟,(마스터ASC)[제과_치즈팝콘] 26.08_치즈팝콘출시_ASC_전환_video_전체타겟,[26.08]F_V_PC치_전환_치즈팝콘재입고_신규BP_열두달식탁BP.KR1_main.릴스_메인.X_2P_권미정_260824_제과_윤성미,1,0,9.0,0
2026-08-29,(ASC) [제과_블트하] 26.08_블트깡출시_ASC_전환_image,(ASC) [제과_블트하] 26.08_블트하출시_ASC_전환_image,[26.08]F_I_BT칩_전환_블트칩출시_혜택강조형_KR2.진짜트러플비교_.배너_제작자.미식가개발자.__김소희_260826_제과_박서연,182,1,2817.0,0
2026-08-29,[제과_블트하] 26.07_블트깡출시_수동_전환_image_전체타겟,0828_맛피아100%_블트칩출시 (신규KR),[26.08]F_I_BT칩_전환_블트칩출시_혜택강조형_나폴리맛피아.신규_.릴스_브랜디드.뜯자마자트러플향가득.__김소희_260828_제과_김수정,65,0,1299.0,0
2026-08-29,(마스터ASC)[제과_치즈팝콘] 26.08_치즈팝콘출시_ASC_전환_video_전체타겟,(마스터ASC)[제과_치즈팝콘] 26.08_치즈팝콘출시_ASC_전환_video_전체타겟,[26.09]F_V_PC치_전환_치즈팝콘재입고_인플루언서형_인플루언서.KR1_var1.릴스_배달팝콘강조.X_2P_권미정_260901_제과_이미진,46,1,576.0,0
2026-08-30,(마스터ASC)[제과_치즈팝콘] 26.08_치즈팝콘출시_ASC_전환_video_전체타겟,(마스터ASC)[제과_치즈팝콘] 26.08_치즈팝콘출시_ASC_전환_video_전체타겟,[26.08]F_V_PC치_전환_치즈팝콘출시_쩜오건_초코송이BP_var1.릴스_맥주.안주.X_2P_권미정_260805_제과_윤성미,1851,15,19442.0,2
2026-08-30,(마스터ASC)[제과_블트하] 26.07_블트깡출시_ASC_전환_video,(마스터ASC)[제과_블트하] 26.07_블트깡출시_ASC_전환_video,[26.08]F_V_BT칩_전환_블트칩출시_신규BP_인덕션BP.KR1_main.릴스_본론.X_1P_김소희_260807_제과_이봄1,14917,417,343779.0,19
2026-08-30,(ASC) [제과_블트하] 26.08_블트깡출시_ASC_전환_image,(ASC) [제과_블트하] 26.08_블트하출시_ASC_전환_image,[26.08]F_I_BT칩_전환_블트칩출시_혜택강조형_KR1_.릴스_메세지강조.야무진며느리라칭찬.__김소희_260807_제과_김수정,189,1,4648.0,1
2026-08-30,(ASC) [제과_블트하] 26.08_블트깡출시_ASC_전환_image,(ASC) [제과_블트하] 26.08_블트하출시_ASC_전환_image,[26.08]F_I_BT칩_전환_블트칩출시_혜택강조형_KR1_.릴스_살림권위.살림10년싼티나는선물.__김소희_260811_제과_김수정,438,6,13081.0,0
2026-08-30,(마스터ASC)[제과_블트하] 26.07_블트깡출시_ASC_전환_video,(마스터ASC)[제과_블트하] 26.07_블트깡출시_ASC_전환_video,[26.08]F_V_BT혼_전환_블트칩출시_신규BP_젤리백BP.이국주.KR1_var4.릴스_이국주+조합.X_2P_최나영_260814_제과_이봄1,4,0,97.0,0
2026-08-30,(ASC) [제과_블트하] 26.08_블트깡출시_ASC_전환_image,(ASC) [제과_블트하] 26.08_블트하출시_ASC_전환_image,[26.08]F_I_BT칩_전환_블트칩출시_혜택강조형_KR2.진짜트러플비교_.배너_제작자.미식가개발자.__김소희_260826_제과_박서연,13,1,272.0,0
2026-08-30,[제과_블트하] 26.07_블트깡출시_수동_전환_image_전체타겟,0828_맛피아100%_블트칩출시 (신규KR),[26.08]F_I_BT칩_전환_블트칩출시_혜택강조형_나폴리맛피아.신규_.릴스_브랜디드.뜯자마자트러플향가득.__김소희_260828_제과_김수정,412,4,17220.0,3
2026-08-30,(마스터ASC)[제과_치즈팝콘] 26.08_치즈팝콘출시_ASC_전환_video_전체타겟,(마스터ASC)[제과_치즈팝콘] 26.08_치즈팝콘출시_ASC_전환_video_전체타겟,[26.09]F_V_PC치_전환_치즈팝콘재입고_인플루언서형_인플루언서.KR1_var1.릴스_배달팝콘강조.X_2P_권미정_260901_제과_이미진,23,0,325.0,0
2026-08-31,(마스터ASC)[제과_치즈팝콘] 26.08_치즈팝콘출시_ASC_전환_video_전체타겟,(마스터ASC)[제과_치즈팝콘] 26.08_치즈팝콘출시_ASC_전환_video_전체타겟,[26.08]F_V_PC치_전환_치즈팝콘출시_쩜오건_초코송이BP_var1.릴스_맥주.안주.X_2P_권미정_260805_제과_윤성미,3637,25,35604.0,3
2026-08-31,(마스터ASC)[제과_블트하] 26.07_블트깡출시_ASC_전환_video,(마스터ASC)[제과_블트하] 26.07_블트깡출시_ASC_전환_video,[26.08]F_V_BT칩_전환_블트칩출시_신규BP_인덕션BP.KR1_main.릴스_본론.X_1P_김소희_260807_제과_이봄1,28606,838,784073.0,54
2026-08-31,(ASC) [제과_블트하] 26.08_블트깡출시_ASC_전환_image,(ASC) [제과_블트하] 26.08_블트하출시_ASC_전환_image,[26.08]F_I_BT칩_전환_블트칩출시_혜택강조형_KR1_.릴스_메세지강조.야무진며느리라칭찬.__김소희_260807_제과_김수정,294,4,6110.0,0
2026-08-31,(ASC) [제과_블트하] 26.08_블트깡출시_ASC_전환_image,(ASC) [제과_블트하] 26.08_블트하출시_ASC_전환_image,[26.08]F_I_BT칩_전환_블트칩출시_혜택강조형_KR1_.릴스_살림권위.살림10년싼티나는선물.__김소희_260811_제과_김수정,417,5,11418.0,0
2026-08-31,[제과_치즈팝콘] 26.08_치즈팝콘출시_수동_전환_image_전체타겟,(0824) 혜택강조형_물림페인포인트_치즈팝콘재입고 (KR2) (서연님),[26.08]F_I_PC치_전환_치즈팝콘재입고_혜택강조형_KR2.물림페포_.배너_공지문.물리지않는맛.__권미정_260824_제과_박서연,191,1,3471.0,0
2026-08-31,(ASC) [제과_블트하] 26.08_블트깡출시_ASC_전환_image,(ASC) [제과_블트하] 26.08_블트하출시_ASC_전환_image,[26.08]F_I_BT칩_전환_블트칩출시_혜택강조형_KR2.진짜트러플비교_.배너_제작자.미식가개발자.__김소희_260826_제과_박서연,144,0,2394.0,0
2026-08-31,[제과_블트하] 26.07_블트깡출시_수동_전환_image_전체타겟,0828_맛피아100%_블트칩출시 (신규KR),[26.08]F_I_BT칩_전환_블트칩출시_혜택강조형_나폴리맛피아.신규_.릴스_브랜디드.뜯자마자트러플향가득.__김소희_260828_제과_김수정,481,9,26640.0,1
2026-08-31,(마스터ASC)[제과_치즈팝콘] 26.08_치즈팝콘출시_ASC_전환_video_전체타겟,(마스터ASC)[제과_치즈팝콘] 26.08_치즈팝콘출시_ASC_전환_video_전체타겟,[26.09]F_V_PC치_전환_치즈팝콘재입고_인플루언서형_인플루언서.KR1_var1.릴스_배달팝콘강조.X_2P_권미정_260901_제과_이미진,1,0,0.0,0
2026-09-01,(마스터ASC)[제과_치즈팝콘] 26.08_치즈팝콘출시_ASC_전환_video_전체타겟,(마스터ASC)[제과_치즈팝콘] 26.08_치즈팝콘출시_ASC_전환_video_전체타겟,[26.08]F_V_PC치_전환_치즈팝콘출시_쩜오건_초코송이BP_var1.릴스_맥주.안주.X_2P_권미정_260805_제과_윤성미,8705,64,88455.0,6
2026-09-01,(ASC) [제과_블트하] 26.08_블트깡출시_ASC_전환_image,(ASC) [제과_블트하] 26.08_블트하출시_ASC_전환_image,[26.08]F_I_BT칩_전환_블트칩출시_혜택강조형_KR1_.피드_리뷰형.오마카세급.__김소희_260806_제과_박서연,44,0,849.0,0
2026-09-01,(마스터ASC)[제과_블트하] 26.07_블트깡출시_ASC_전환_video,(마스터ASC)[제과_블트하] 26.07_블트깡출시_ASC_전환_video,[26.08]F_V_BT칩_전환_블트칩출시_신규BP_인덕션BP.KR1_main.릴스_본론.X_1P_김소희_260807_제과_이봄1,28574,824,730020.0,42
2026-09-01,(ASC) [제과_블트하] 26.08_블트깡출시_ASC_전환_image,(ASC) [제과_블트하] 26.08_블트하출시_ASC_전환_image,[26.08]F_I_BT칩_전환_블트칩출시_혜택강조형_KR1_.릴스_메세지강조.야무진며느리라칭찬.__김소희_260807_제과_김수정,761,8,18587.0,0
2026-09-01,(마스터ASC)[제과_블트하] 26.07_블트깡출시_ASC_전환_video,(마스터ASC)[제과_블트하] 26.07_블트깡출시_ASC_전환_video,[26.08]F_V_BT혼_전환_블트칩출시_신규BP_젤리백BP.이국주.KR1_var4.릴스_이국주+조합.X_2P_최나영_260814_제과_이봄1,1,0,3.0,0
2026-09-01,[칩] (마스터ASC)[제과_블트하] 26.07_블트칩출시_ASC_전환_video,[칩] (마스터ASC)[제과_블트하] 26.07_블트칩출시_ASC_전환_video,[26.08]F_V_BT칩_전환_블트칩출시_신규BP_도리토스BP.이국주.KR2_main.릴스_본론.X_2P_김소희_260821_제과_이봄1,28,0,611.0,0
2026-09-01,[제과_치즈팝콘] 26.08_치즈팝콘출시_수동_전환_image_전체타겟,(0824) 혜택강조형_물림페인포인트_치즈팝콘재입고 (KR2) (서연님),[26.08]F_I_PC치_전환_치즈팝콘재입고_혜택강조형_KR2.물림페포_.배너_공지문.물리지않는맛.__권미정_260824_제과_박서연,1778,18,28800.0,4
2026-09-01,(ASC) [제과_블트하] 26.08_블트깡출시_ASC_전환_image,(ASC) [제과_블트하] 26.08_블트하출시_ASC_전환_image,[26.08]F_I_BT칩_전환_블트칩출시_혜택강조형_KR2.진짜트러플비교_.배너_제작자.미식가개발자.__김소희_260826_제과_박서연,495,8,10081.0,0
2026-09-01,(마스터ASC)[제과_치즈팝콘] 26.08_치즈팝콘출시_ASC_전환_video_전체타겟,(마스터ASC)[제과_치즈팝콘] 26.08_치즈팝콘출시_ASC_전환_video_전체타겟,[26.09]F_V_PC치_전환_치즈팝콘재입고_인플루언서형_인플루언서.KR1_var1.릴스_배달팝콘강조.X_2P_권미정_260901_제과_이미진,2,0,44.0,0
2026-09-01,(고효율 재러닝)[제과_블트하] 26.08_블트깡출시_ASC_전환_image/video_8M1W,(고효율 재러닝)[제과_블트하] 26.08_블트깡출시_ASC_전환_image/video_8M1W,[26.08]F_I_BT칩_전환_블트칩출시_혜택강조형_KR1_.릴스_살림권위.맛가성비살림고수.__김소희_260811_제과_김수정,367,6,7804.0,0
2026-08-24,(ASC) [제과_블트하] 26.07_블트칩출시_ASC_전환_image,(ASC)[제과_블트하] 26.07_블트칩출시_ASC_전환_image,[26.07]F_I_BT칩_전환_블트칩출시_혜택강조형_KR1_.피드_과자안먹는남편박스째.__김소희_260728_제과_김수정,5,0,56.0,0
2026-08-24,[칩] (마스터ASC)[제과_블트하] 26.07_블트칩출시_ASC_전환_video,[칩] (마스터ASC)[제과_블트하] 26.07_블트칩출시_ASC_전환_video,[26.07]F_V_BT혼_전환_블트칩출시_기타_클룹BP.KR1_var3.릴스_맛SP.슬기.X_1P_최나영_260723_제과_피재은,3041,35,41947.0,3
2026-08-24,(마스터ASC)[제과_치즈팝콘] 26.08_치즈팝콘출시_ASC_전환_video_전체타겟,(마스터ASC)[제과_치즈팝콘] 26.08_치즈팝콘출시_ASC_전환_video_전체타겟,[26.08]F_V_PC치_전환_치즈팝콘출시_네고형_네고형_var6.릴스_악플.슬기.X_1P_권미정_260805_제과_피재은,52,2,747.0,0
2026-08-24,(마스터ASC)[제과_블트하] 26.07_블트깡출시_ASC_전환_video,(마스터ASC)[제과_블트하] 26.07_블트깡출시_ASC_전환_video,[26.08]F_V_BT칩_전환_블트칩출시_신규BP_인덕션BP.KR1_var5.릴스_여러상황.X_1P_김소희_260807_제과_이봄1,1,0,5.0,0
2026-08-24,(ASC) [제과_블트하] 26.08_블트깡출시_ASC_전환_image,(ASC) [제과_블트하] 26.08_블트하출시_ASC_전환_image,[26.08]F_I_BT칩_전환_블트칩출시_혜택강조형_KR1_.릴스_메세지강조.똑소리난대요.__김소희_260807_제과_김수정,28,0,812.0,0
2026-08-24,[제과_블트하] 26.07_블트깡출시_수동_전환_image_전체타겟,0820_이국주(~0912)_블트칩출시 (KR1),[26.08]F_I_BT깡_전환_블트칩출시_유명인권위형_이국주.KR1_.릴스_원재료강조.유행강조.__김소희_260814_제과_김수정,821,10,38673.0,1
2026-08-24,(마스터ASC)[제과_치즈팝콘] 26.08_치즈팝콘출시_ASC_전환_video_전체타겟,(마스터ASC)[제과_치즈팝콘] 26.08_치즈팝콘출시_ASC_전환_video_전체타겟,[26.08]F_V_PC치_전환_치즈팝콘재입고_네고형_CS전화네고.KR2_main.릴스_공통시작.X_2P_권미정_260824_제과_이미진,87,2,1945.0,0
2026-08-24,[제과_치즈팝콘] 26.08_치즈팝콘출시_수동_전환_image_전체타겟,(0824) 혜택강조형_물림페인포인트_치즈팝콘재입고 (KR2) (서연님),[26.08]F_I_PC치_전환_치즈팝콘재입고_혜택강조형_KR2.물림페포_.배너_사분할.개당1천원대.__권미정_260824_제과_박서연,147,5,3022.0,0
2026-08-25,(ASC) [제과_블트하] 26.07_블트칩출시_ASC_전환_image,(ASC)[제과_블트하] 26.07_블트칩출시_ASC_전환_image,[26.07]F_I_BT칩_전환_블트칩출시_혜택강조형_KR1_.피드_과자안먹는남편박스째.__김소희_260728_제과_김수정,6,0,51.0,0
2026-08-25,[칩] (마스터ASC)[제과_블트하] 26.07_블트칩출시_ASC_전환_video,[칩] (마스터ASC)[제과_블트하] 26.07_블트칩출시_ASC_전환_video,[26.07]F_V_BT혼_전환_블트칩출시_기타_클룹BP.KR1_var3.릴스_맛SP.슬기.X_1P_최나영_260723_제과_피재은,1574,16,22863.0,0
2026-08-25,[제과_치즈팝콘] 26.08_치즈팝콘출시_수동_전환_video_전체타겟,(0805) 네고형_치즈팝콘출시 (KR2) (재은님),[26.08]F_V_PC치_전환_치즈팝콘출시_네고형_네고형_var2.릴스_1초.슬기.X_1P_권미정_260805_제과_피재은,5019,63,51838.0,3
2026-08-25,(마스터ASC)[제과_치즈팝콘] 26.08_치즈팝콘출시_ASC_전환_video_전체타겟,(마스터ASC)[제과_치즈팝콘] 26.08_치즈팝콘출시_ASC_전환_video_전체타겟,[26.08]F_V_PC치_전환_치즈팝콘출시_네고형_네고형_var6.릴스_악플.슬기.X_1P_권미정_260805_제과_피재은,382,3,6425.0,1
2026-08-25,[칩] (마스터ASC)[제과_블트하] 26.07_블트칩출시_ASC_전환_video,[칩] (마스터ASC)[제과_블트하] 26.07_블트칩출시_ASC_전환_video,[26.08]F_V_BT혼_전환_블트칩출시_신규BP_무아스BP_var4.릴스_할인.주부페르소나.KR1.X_2P_최나영_260807_제과_이미진,3,0,18.0,0
2026-08-25,(ASC) [제과_블트하] 26.08_블트깡출시_ASC_전환_image,(ASC) [제과_블트하] 26.08_블트하출시_ASC_전환_image,[26.08]F_I_BT칩_전환_블트칩출시_혜택강조형_KR1_.릴스_메세지강조.똑소리난대요.__김소희_260807_제과_김수정,27,0,286.0,0
2026-08-25,(ASC) [제과_블트하] 26.08_블트깡출시_ASC_전환_image,(ASC) [제과_블트하] 26.08_블트하출시_ASC_전환_image,[26.08]F_I_BT깡_전환_블트칩출시_유명인권위형_이국주.KR2_.릴스_주변구매.엄마들모임.__김소희_260813_제과_김수정,3,0,30.0,0
2026-08-25,[제과_블트하] 26.07_블트깡출시_수동_전환_image_전체타겟,0820_이국주(~0912)_블트칩출시 (KR1),[26.08]F_I_BT깡_전환_블트칩출시_유명인권위형_이국주.KR1_.릴스_원재료강조.유행강조.__김소희_260814_제과_김수정,1,0,22.0,0
2026-08-25,[제과_블트하] 26.07_블트깡출시_수동_전환_video_전체타겟,0820_검증포맷이식_블트깡출시 (KR1),[26.08]F_V_BT칩_전환_블트칩출시_쩜오건_시즈닝강조.이국주.KR1_var9.릴스_블트칩.확산맛조합.슬기.X_1P__260820_제과_문형민,2500,37,38926.0,3
2026-08-25,(마스터ASC)[제과_치즈팝콘] 26.08_치즈팝콘출시_ASC_전환_video_전체타겟,(마스터ASC)[제과_치즈팝콘] 26.08_치즈팝콘출시_ASC_전환_video_전체타겟,[26.08]F_V_PC치_전환_치즈팝콘재입고_네고형_CS전화네고.KR2_main.릴스_공통시작.X_2P_권미정_260824_제과_이미진,272,4,4223.0,1
2026-08-25,[제과_치즈팝콘] 26.08_치즈팝콘출시_수동_전환_image_전체타겟,(0824) 혜택강조형_물림페인포인트_치즈팝콘재입고 (KR2) (서연님),[26.08]F_I_PC치_전환_치즈팝콘재입고_혜택강조형_KR2.물림페포_.배너_사분할.개당1천원대.__권미정_260824_제과_박서연,1346,21,26292.0,2
2026-08-26,(ASC) [제과_블트하] 26.07_블트칩출시_ASC_전환_image,(ASC)[제과_블트하] 26.07_블트칩출시_ASC_전환_image,[26.07]F_I_BT칩_전환_블트칩출시_혜택강조형_KR1_.피드_과자안먹는남편박스째.__김소희_260728_제과_김수정,137,0,3062.0,0
2026-08-26,(마스터ASC)[제과_치즈팝콘] 26.08_치즈팝콘출시_ASC_전환_video_전체타겟,(마스터ASC)[제과_치즈팝콘] 26.08_치즈팝콘출시_ASC_전환_video_전체타겟,[26.08]F_V_PC치_전환_치즈팝콘출시_네고형_네고형_var6.릴스_악플.슬기.X_1P_권미정_260805_제과_피재은,1248,19,19374.0,1
2026-08-26,[칩] (마스터ASC)[제과_블트하] 26.07_블트칩출시_ASC_전환_video,[칩] (마스터ASC)[제과_블트하] 26.07_블트칩출시_ASC_전환_video,[26.08]F_V_BT혼_전환_블트칩출시_신규BP_무아스BP_var4.릴스_할인.주부페르소나.KR1.X_2P_최나영_260807_제과_이미진,461,11,8110.0,0
2026-08-26,(마스터ASC)[제과_블트하] 26.07_블트깡출시_ASC_전환_video,(마스터ASC)[제과_블트하] 26.07_블트깡출시_ASC_전환_video,[26.08]F_V_BT칩_전환_블트칩출시_신규BP_인덕션BP.KR1_var5.릴스_여러상황.X_1P_김소희_260807_제과_이봄1,5,0,286.0,0
2026-08-26,(ASC) [제과_블트하] 26.08_블트깡출시_ASC_전환_image,(ASC) [제과_블트하] 26.08_블트하출시_ASC_전환_image,[26.08]F_I_BT칩_전환_블트칩출시_혜택강조형_KR1_.릴스_메세지강조.똑소리난대요.__김소희_260807_제과_김수정,7,0,88.0,0
2026-08-26,[제과_블트하] 26.07_블트깡출시_수동_전환_video_전체타겟,0820_검증포맷이식_블트깡출시 (KR1),[26.08]F_V_BT칩_전환_블트칩출시_쩜오건_시즈닝강조.이국주.KR1_var9.릴스_블트칩.확산맛조합.슬기.X_1P__260820_제과_문형민,12085,134,201497.0,13
2026-08-26,(마스터ASC)[제과_치즈팝콘] 26.08_치즈팝콘출시_ASC_전환_video_전체타겟,(마스터ASC)[제과_치즈팝콘] 26.08_치즈팝콘출시_ASC_전환_video_전체타겟,[26.08]F_V_PC치_전환_치즈팝콘재입고_네고형_CS전화네고.KR2_main.릴스_공통시작.X_2P_권미정_260824_제과_이미진,386,8,5977.0,1
2026-08-26,[제과_치즈팝콘] 26.08_치즈팝콘출시_수동_전환_image_전체타겟,(0824) 혜택강조형_물림페인포인트_치즈팝콘재입고 (KR2) (서연님),[26.08]F_I_PC치_전환_치즈팝콘재입고_혜택강조형_KR2.물림페포_.배너_사분할.개당1천원대.__권미정_260824_제과_박서연,290,5,4610.0,0
2026-08-26,(ASC) [제과_블트하] 26.08_블트깡출시_ASC_전환_image,(ASC) [제과_블트하] 26.08_블트하출시_ASC_전환_image,[26.08]F_I_BT깡_전환_블트칩출시_혜택강조형_KR1.이탈리아_.배너_희소성.키로당수백만원.__김소희_260826_제과_김수정,167,0,3401.0,0
2026-08-27,(ASC) [제과_블트하] 26.07_블트칩출시_ASC_전환_image,(ASC)[제과_블트하] 26.07_블트칩출시_ASC_전환_image,[26.07]F_I_BT칩_전환_블트칩출시_혜택강조형_KR1_.피드_과자안먹는남편박스째.__김소희_260728_제과_김수정,15,1,126.0,0
2026-08-27,(마스터ASC)[제과_치즈팝콘] 26.08_치즈팝콘출시_ASC_전환_video_전체타겟,(마스터ASC)[제과_치즈팝콘] 26.08_치즈팝콘출시_ASC_전환_video_전체타겟,[26.08]F_V_PC치_전환_치즈팝콘출시_네고형_네고형_var6.릴스_악플.슬기.X_1P_권미정_260805_제과_피재은,1402,26,18837.0,4
2026-08-27,[칩] (마스터ASC)[제과_블트하] 26.07_블트칩출시_ASC_전환_video,[칩] (마스터ASC)[제과_블트하] 26.07_블트칩출시_ASC_전환_video,[26.08]F_V_BT혼_전환_블트칩출시_신규BP_무아스BP_var4.릴스_할인.주부페르소나.KR1.X_2P_최나영_260807_제과_이미진,1703,21,30784.0,1
2026-08-27,(ASC) [제과_블트하] 26.08_블트깡출시_ASC_전환_image,(ASC) [제과_블트하] 26.08_블트하출시_ASC_전환_image,[26.08]F_I_BT칩_전환_블트칩출시_혜택강조형_KR1_.릴스_메세지강조.똑소리난대요.__김소희_260807_제과_김수정,23,0,548.0,0
2026-08-27,[제과_블트하] 26.07_블트깡출시_수동_전환_video_전체타겟,0820_검증포맷이식_블트깡출시 (KR1),[26.08]F_V_BT칩_전환_블트칩출시_쩜오건_시즈닝강조.이국주.KR1_var9.릴스_블트칩.확산맛조합.슬기.X_1P__260820_제과_문형민,2462,34,38223.0,1
2026-08-27,(마스터ASC)[제과_치즈팝콘] 26.08_치즈팝콘출시_ASC_전환_video_전체타겟,(마스터ASC)[제과_치즈팝콘] 26.08_치즈팝콘출시_ASC_전환_video_전체타겟,[26.08]F_V_PC치_전환_치즈팝콘재입고_네고형_CS전화네고.KR2_main.릴스_공통시작.X_2P_권미정_260824_제과_이미진,32,0,495.0,0
2026-08-27,[제과_치즈팝콘] 26.08_치즈팝콘출시_수동_전환_image_전체타겟,(0824) 혜택강조형_물림페인포인트_치즈팝콘재입고 (KR2) (서연님),[26.08]F_I_PC치_전환_치즈팝콘재입고_혜택강조형_KR2.물림페포_.배너_사분할.개당1천원대.__권미정_260824_제과_박서연,105,0,2185.0,0
2026-08-27,(ASC) [제과_블트하] 26.08_블트깡출시_ASC_전환_image,(ASC) [제과_블트하] 26.08_블트하출시_ASC_전환_image,[26.08]F_I_BT깡_전환_블트칩출시_혜택강조형_KR1.이탈리아_.배너_희소성.키로당수백만원.__김소희_260826_제과_김수정,53,1,1292.0,0
2026-08-28,(ASC) [제과_블트하] 26.07_블트칩출시_ASC_전환_image,(ASC)[제과_블트하] 26.07_블트칩출시_ASC_전환_image,[26.07]F_I_BT칩_전환_블트칩출시_혜택강조형_KR1_.피드_과자안먹는남편박스째.__김소희_260728_제과_김수정,4,0,40.0,0
2026-08-28,(마스터ASC)[제과_치즈팝콘] 26.08_치즈팝콘출시_ASC_전환_video_전체타겟,(마스터ASC)[제과_치즈팝콘] 26.08_치즈팝콘출시_ASC_전환_video_전체타겟,[26.08]F_V_PC치_전환_치즈팝콘출시_네고형_네고형_var6.릴스_악플.슬기.X_1P_권미정_260805_제과_피재은,5206,47,50790.0,5
2026-08-28,[제과_블트하] 26.07_블트깡출시_수동_전환_video_전체타겟,0820_검증포맷이식_블트깡출시 (KR1),[26.08]F_V_BT칩_전환_블트칩출시_쩜오건_시즈닝강조.이국주.KR1_var9.릴스_블트칩.확산맛조합.슬기.X_1P__260820_제과_문형민,1641,18,21993.0,1
2026-08-28,(마스터ASC)[제과_치즈팝콘] 26.08_치즈팝콘출시_ASC_전환_video_전체타겟,(마스터ASC)[제과_치즈팝콘] 26.08_치즈팝콘출시_ASC_전환_video_전체타겟,[26.08]F_V_PC치_전환_치즈팝콘재입고_네고형_CS전화네고.KR2_main.릴스_공통시작.X_2P_권미정_260824_제과_이미진,8,0,204.0,0
2026-08-28,[제과_치즈팝콘] 26.08_치즈팝콘출시_수동_전환_image_전체타겟,(0824) 혜택강조형_물림페인포인트_치즈팝콘재입고 (KR2) (서연님),[26.08]F_I_PC치_전환_치즈팝콘재입고_혜택강조형_KR2.물림페포_.배너_사분할.개당1천원대.__권미정_260824_제과_박서연,152,0,2036.0,0
2026-08-28,(ASC) [제과_블트하] 26.08_블트깡출시_ASC_전환_image,(ASC) [제과_블트하] 26.08_블트하출시_ASC_전환_image,[26.08]F_I_BT깡_전환_블트칩출시_혜택강조형_KR1.이탈리아_.배너_희소성.키로당수백만원.__김소희_260826_제과_김수정,6,0,52.0,0
2026-08-28,[제과_블트하] 26.07_블트깡출시_수동_전환_image_전체타겟,0828_맛피아100%_블트칩출시 (신규KR),[26.08]F_I_BT칩_전환_블트칩출시_혜택강조형_나폴리맛피아.신규_.릴스_브랜디드.궁금하면먹어봐.__김소희_260828_제과_김수정,256,4,5838.0,0
2026-08-28,(마스터ASC)[제과_블트하] 26.07_블트깡출시_ASC_전환_video,(마스터ASC)[제과_블트하] 26.07_블트깡출시_ASC_전환_video,[26.09]F_V_BT칩_전환_블트깡출시_신규BP_베이직BP.나폴리맛피아.KR1_var1.릴스_이탈리아트러플.X_1P__260901_제과_문형민,186,3,4382.0,0
2026-08-28,(마스터ASC)[제과_블트하] 26.07_블트깡출시_ASC_전환_video,(마스터ASC)[제과_블트하] 26.07_블트깡출시_ASC_전환_video,[26.09]F_V_BT칩_전환_블트깡출시_기타_배너.메시지검증_var3.배너_가격.2안.X_2P__260901_제과_최재원,2,0,33.0,0
2026-08-28,[제과_블트하] 26.07_블트깡출시_수동_전환_video_전체타겟,0828_문제공감형_블트칩출시 (신규KR),[26.09]F_V_BT깡_전환_블트깡출시_문제공감형_원룸만들기BP.나폴리맛피아.신규_main.릴스_본론.X_2P__260901_제과_이봄1,1859,42,50829.0,3
2026-08-29,(마스터ASC)[제과_치즈팝콘] 26.08_치즈팝콘출시_ASC_전환_video_전체타겟,(마스터ASC)[제과_치즈팝콘] 26.08_치즈팝콘출시_ASC_전환_video_전체타겟,[26.08]F_V_PC치_전환_치즈팝콘출시_네고형_네고형_var6.릴스_악플.슬기.X_1P_권미정_260805_제과_피재은,1075,12,10843.0,0
2026-08-29,(마스터ASC)[제과_치즈팝콘] 26.08_치즈팝콘출시_ASC_전환_video_전체타겟,(마스터ASC)[제과_치즈팝콘] 26.08_치즈팝콘출시_ASC_전환_video_전체타겟,[26.08]F_V_PC치_전환_치즈팝콘재입고_네고형_CS전화네고.KR2_main.릴스_공통시작.X_2P_권미정_260824_제과_이미진,6,0,99.0,0
2026-08-29,[제과_치즈팝콘] 26.08_치즈팝콘출시_수동_전환_image_전체타겟,(0824) 혜택강조형_물림페인포인트_치즈팝콘재입고 (KR2) (서연님),[26.08]F_I_PC치_전환_치즈팝콘재입고_혜택강조형_KR2.물림페포_.배너_사분할.개당1천원대.__권미정_260824_제과_박서연,144,0,2293.0,0
2026-08-29,(ASC) [제과_블트하] 26.08_블트깡출시_ASC_전환_image,(ASC) [제과_블트하] 26.08_블트하출시_ASC_전환_image,[26.08]F_I_BT깡_전환_블트칩출시_혜택강조형_KR1.이탈리아_.배너_희소성.키로당수백만원.__김소희_260826_제과_김수정,76,1,2817.0,0
2026-08-29,[제과_블트하] 26.07_블트깡출시_수동_전환_image_전체타겟,0828_맛피아100%_블트칩출시 (신규KR),[26.08]F_I_BT칩_전환_블트칩출시_혜택강조형_나폴리맛피아.신규_.릴스_브랜디드.궁금하면먹어봐.__김소희_260828_제과_김수정,188,4,6321.0,0
2026-08-29,(마스터ASC)[제과_블트하] 26.07_블트깡출시_ASC_전환_video,(마스터ASC)[제과_블트하] 26.07_블트깡출시_ASC_전환_video,[26.09]F_V_BT칩_전환_블트깡출시_신규BP_베이직BP.나폴리맛피아.KR1_var1.릴스_이탈리아트러플.X_1P__260901_제과_문형민,691,13,16152.0,0
2026-08-29,(마스터ASC)[제과_블트하] 26.07_블트깡출시_ASC_전환_video,(마스터ASC)[제과_블트하] 26.07_블트깡출시_ASC_전환_video,[26.09]F_V_BT칩_전환_블트깡출시_기타_배너.메시지검증_var3.배너_가격.2안.X_2P__260901_제과_최재원,3,0,21.0,0
2026-08-29,[제과_블트하] 26.07_블트깡출시_수동_전환_video_전체타겟,0828_문제공감형_블트칩출시 (신규KR),[26.09]F_V_BT깡_전환_블트깡출시_문제공감형_원룸만들기BP.나폴리맛피아.신규_main.릴스_본론.X_2P__260901_제과_이봄1,1048,24,31505.0,4
2026-08-30,(ASC) [제과_블트하] 26.08_블트깡출시_ASC_전환_image,(ASC) [제과_블트하] 26.08_블트하출시_ASC_전환_image,[26.08]F_I_BT칩_전환_블트칩출시_혜택강조형_KR1_.릴스_메세지강조.똑소리난대요.__김소희_260807_제과_김수정,23,0,1009.0,0
2026-08-30,(ASC) [제과_블트하] 26.08_블트깡출시_ASC_전환_image,(ASC) [제과_블트하] 26.08_블트하출시_ASC_전환_image,[26.08]F_I_BT깡_전환_블트칩출시_유명인권위형_이국주.KR2_.릴스_주변구매.엄마들모임.__김소희_260813_제과_김수정,1,0,18.0,0
2026-08-30,[제과_치즈팝콘] 26.08_치즈팝콘출시_수동_전환_image_전체타겟,(0824) 혜택강조형_물림페인포인트_치즈팝콘재입고 (KR2) (서연님),[26.08]F_I_PC치_전환_치즈팝콘재입고_혜택강조형_KR2.물림페포_.배너_사분할.개당1천원대.__권미정_260824_제과_박서연,681,10,12696.0,0
2026-08-30,(ASC) [제과_블트하] 26.08_블트깡출시_ASC_전환_image,(ASC) [제과_블트하] 26.08_블트하출시_ASC_전환_image,[26.08]F_I_BT깡_전환_블트칩출시_혜택강조형_KR1.이탈리아_.배너_희소성.키로당수백만원.__김소희_260826_제과_김수정,10,0,150.0,0
2026-08-30,[제과_블트하] 26.07_블트깡출시_수동_전환_image_전체타겟,0828_맛피아100%_블트칩출시 (신규KR),[26.08]F_I_BT칩_전환_블트칩출시_혜택강조형_나폴리맛피아.신규_.릴스_브랜디드.궁금하면먹어봐.__김소희_260828_제과_김수정,456,3,12405.0,0
2026-08-30,(마스터ASC)[제과_블트하] 26.07_블트깡출시_ASC_전환_video,(마스터ASC)[제과_블트하] 26.07_블트깡출시_ASC_전환_video,[26.09]F_V_BT칩_전환_블트깡출시_기타_배너.메시지검증_var3.배너_가격.2안.X_2P__260901_제과_최재원,7,0,104.0,0
2026-08-30,[제과_블트하] 26.07_블트깡출시_수동_전환_video_전체타겟,0828_문제공감형_블트칩출시 (신규KR),[26.09]F_V_BT깡_전환_블트깡출시_문제공감형_원룸만들기BP.나폴리맛피아.신규_main.릴스_본론.X_2P__260901_제과_이봄1,488,10,13924.0,0
2026-08-31,(마스터ASC)[제과_블트하] 26.07_블트깡출시_ASC_전환_video,(마스터ASC)[제과_블트하] 26.07_블트깡출시_ASC_전환_video,[26.08]F_V_BT칩_전환_블트칩출시_신규BP_인덕션BP.KR1_var5.릴스_여러상황.X_1P_김소희_260807_제과_이봄1,2,0,11.0,0
2026-08-31,(ASC) [제과_블트하] 26.08_블트깡출시_ASC_전환_image,(ASC) [제과_블트하] 26.08_블트하출시_ASC_전환_image,[26.08]F_I_BT칩_전환_블트칩출시_혜택강조형_KR1_.릴스_메세지강조.똑소리난대요.__김소희_260807_제과_김수정,22,1,925.0,1
2026-08-31,(마스터ASC)[제과_치즈팝콘] 26.08_치즈팝콘출시_ASC_전환_video_전체타겟,(마스터ASC)[제과_치즈팝콘] 26.08_치즈팝콘출시_ASC_전환_video_전체타겟,[26.08]F_V_PC치_전환_치즈팝콘재입고_네고형_CS전화네고.KR2_main.릴스_공통시작.X_2P_권미정_260824_제과_이미진,2,0,9.0,0
2026-08-31,[제과_치즈팝콘] 26.08_치즈팝콘출시_수동_전환_image_전체타겟,(0824) 혜택강조형_물림페인포인트_치즈팝콘재입고 (KR2) (서연님),[26.08]F_I_PC치_전환_치즈팝콘재입고_혜택강조형_KR2.물림페포_.배너_사분할.개당1천원대.__권미정_260824_제과_박서연,543,2,7824.0,0
2026-08-31,(ASC) [제과_블트하] 26.08_블트깡출시_ASC_전환_image,(ASC) [제과_블트하] 26.08_블트하출시_ASC_전환_image,[26.08]F_I_BT깡_전환_블트칩출시_혜택강조형_KR1.이탈리아_.배너_희소성.키로당수백만원.__김소희_260826_제과_김수정,5,0,59.0,0
2026-09-01,(ASC) [제과_블트하] 26.08_블트깡출시_ASC_전환_image,(ASC) [제과_블트하] 26.08_블트하출시_ASC_전환_image,[26.08]F_I_BT칩_전환_블트칩출시_혜택강조형_KR1_.릴스_메세지강조.똑소리난대요.__김소희_260807_제과_김수정,28,0,587.0,0
2026-09-01,(마스터ASC)[제과_치즈팝콘] 26.08_치즈팝콘출시_ASC_전환_video_전체타겟,(마스터ASC)[제과_치즈팝콘] 26.08_치즈팝콘출시_ASC_전환_video_전체타겟,[26.08]F_V_PC치_전환_치즈팝콘재입고_네고형_CS전화네고.KR2_main.릴스_공통시작.X_2P_권미정_260824_제과_이미진,3,0,66.0,0
2026-09-01,[제과_치즈팝콘] 26.08_치즈팝콘출시_수동_전환_image_전체타겟,(0824) 혜택강조형_물림페인포인트_치즈팝콘재입고 (KR2) (서연님),[26.08]F_I_PC치_전환_치즈팝콘재입고_혜택강조형_KR2.물림페포_.배너_사분할.개당1천원대.__권미정_260824_제과_박서연,1322,9,16874.0,1
2026-09-01,(ASC) [제과_블트하] 26.08_블트깡출시_ASC_전환_image,(ASC) [제과_블트하] 26.08_블트하출시_ASC_전환_image,[26.08]F_I_BT깡_전환_블트칩출시_혜택강조형_KR1.이탈리아_.배너_희소성.키로당수백만원.__김소희_260826_제과_김수정,106,0,2356.0,0
2026-09-01,[제과_블트하] 26.07_블트깡출시_수동_전환_image_전체타겟,0901_맛피아디벨롭_블트칩출시  (KR1/2),[26.08]F_I_BT칩_전환_블트칩출시_혜택강조형_나폴리맛피아.KR1_.릴스_사적소비실체.싹쓸어감.__김소희_260901_제과_김수정,56,1,1379.0,0
2026-08-24,(ASC) [제과_블트하] 26.07_블트칩출시_ASC_전환_image,(ASC)[제과_블트하] 26.07_블트칩출시_ASC_전환_image,[26.07]F_I_BT깡_전환_블트칩출시_혜택강조형_KR2_.피드_집들이때가져가면맛잘알인정.확장__김소희_260728_제과_박서연,1202,9,14992.0,0
2026-08-24,(ASC) [제과_블트하] 26.08_블트깡출시_ASC_전환_image,(ASC) [제과_블트하] 26.08_블트하출시_ASC_전환_image,[26.08]F_I_BT칩_전환_블트칩출시_혜택강조형_KR1_.피드_리뷰형.깐깐한시어머니.__김소희_260806_제과_박서연,247,3,3653.0,1
2026-08-24,[칩] (마스터ASC)[제과_블트하] 26.07_블트칩출시_ASC_전환_video,[칩] (마스터ASC)[제과_블트하] 26.07_블트칩출시_ASC_전환_video,[26.08]F_V_BT혼_전환_블트칩출시_신규BP_무아스BP_var2.릴스_일상고민해결.주부페르소나.KR1.X_2P_최나영_260807_제과_이미진,4,0,116.0,0
2026-08-24,[제과_콘스프맛 팝콘] 26.05_콘스프맛팝콘출시_수동_전환_video,공구네고형(다이어터 입터짐.페인포인트)_0814,[26.08]F_V_PC혼_전환_상시_네고형_공구네고형_main.릴스_공통.X_1P_권미정_260814_제과_강경연,20033,190,193840.0,16
2026-08-24,(마스터ASC)[제과_블트하] 26.07_블트깡출시_ASC_전환_video,(마스터ASC)[제과_블트하] 26.07_블트깡출시_ASC_전환_video,[26.08]F_V_BT칩_전환_블트칩출시_제조과정형_제조과정형.이국주.KR2_var3.릴스_카테고리.X_1P__260821_제과_피재은,2509,24,30612.0,3
2026-08-25,(ASC) [제과_블트하] 26.07_블트칩출시_ASC_전환_image,(ASC)[제과_블트하] 26.07_블트칩출시_ASC_전환_image,[26.07]F_I_BT깡_전환_블트칩출시_혜택강조형_KR1_.피드_4분할.__김소희_260728_제과_김수정,1,0,1.0,0
2026-08-25,(ASC) [제과_블트하] 26.07_블트칩출시_ASC_전환_image,(ASC)[제과_블트하] 26.07_블트칩출시_ASC_전환_image,[26.07]F_I_BT깡_전환_블트칩출시_혜택강조형_KR2_.피드_집들이때가져가면맛잘알인정.확장__김소희_260728_제과_박서연,24,0,309.0,0
2026-08-25,(ASC) [제과_블트하] 26.08_블트깡출시_ASC_전환_image,(ASC) [제과_블트하] 26.08_블트하출시_ASC_전환_image,[26.08]F_I_BT칩_전환_블트칩출시_혜택강조형_KR1_.피드_리뷰형.깐깐한시어머니.__김소희_260806_제과_박서연,485,6,8500.0,1
2026-08-25,[칩] (마스터ASC)[제과_블트하] 26.07_블트칩출시_ASC_전환_video,[칩] (마스터ASC)[제과_블트하] 26.07_블트칩출시_ASC_전환_video,[26.08]F_V_BT혼_전환_블트칩출시_신규BP_무아스BP_var2.릴스_일상고민해결.주부페르소나.KR1.X_2P_최나영_260807_제과_이미진,3,0,77.0,0
2026-08-25,[제과_콘스프맛 팝콘] 26.05_콘스프맛팝콘출시_수동_전환_video,공구네고형(다이어터 입터짐.페인포인트)_0814,[26.08]F_V_PC혼_전환_상시_네고형_공구네고형_main.릴스_공통.X_1P_권미정_260814_제과_강경연,32751,362,328790.0,27
2026-08-25,(마스터ASC)[제과_블트하] 26.07_블트깡출시_ASC_전환_video,(마스터ASC)[제과_블트하] 26.07_블트깡출시_ASC_전환_video,[26.08]F_V_BT칩_전환_블트칩출시_제조과정형_제조과정형.이국주.KR2_var3.릴스_카테고리.X_1P__260821_제과_피재은,612,4,9215.0,0
2026-08-26,(ASC) [제과_블트하] 26.08_블트깡출시_ASC_전환_image,(ASC) [제과_블트하] 26.08_블트하출시_ASC_전환_image,[26.08]F_I_BT칩_전환_블트칩출시_혜택강조형_KR1_.피드_리뷰형.깐깐한시어머니.__김소희_260806_제과_박서연,47,1,444.0,0
2026-08-26,[칩] (마스터ASC)[제과_블트하] 26.07_블트칩출시_ASC_전환_video,[칩] (마스터ASC)[제과_블트하] 26.07_블트칩출시_ASC_전환_video,[26.08]F_V_BT혼_전환_블트칩출시_신규BP_무아스BP_var2.릴스_일상고민해결.주부페르소나.KR1.X_2P_최나영_260807_제과_이미진,2,2,40.0,0
2026-08-26,(ASC) [제과_블트하] 26.08_블트깡출시_ASC_전환_image,(ASC) [제과_블트하] 26.08_블트하출시_ASC_전환_image,[26.08]F_I_BT깡_전환_블트칩출시_유명인권위형_이국주.KR1_.배너_공지문.제과카테고리.__김소희_260813_제과_김수정,169,8,4603.0,0
2026-08-26,[제과_콘스프맛 팝콘] 26.05_콘스프맛팝콘출시_수동_전환_video,공구네고형(다이어터 입터짐.페인포인트)_0814,[26.08]F_V_PC혼_전환_상시_네고형_공구네고형_main.릴스_공통.X_1P_권미정_260814_제과_강경연,41336,575,398631.0,31
2026-08-26,[칩] (마스터ASC)[제과_블트하] 26.07_블트칩출시_ASC_전환_video,[칩] (마스터ASC)[제과_블트하] 26.07_블트칩출시_ASC_전환_video,[26.08]F_V_BT혼_전환_블트깡출시_신규BP_오프아워BP.이국주.KR1_var2.릴스_댓글.X_2P_김소희_260814_제과_이미진,27,0,498.0,0
2026-08-26,(마스터ASC)[제과_블트하] 26.07_블트깡출시_ASC_전환_video,(마스터ASC)[제과_블트하] 26.07_블트깡출시_ASC_전환_video,[26.08]F_V_BT칩_전환_블트칩출시_제조과정형_제조과정형.이국주.KR2_var3.릴스_카테고리.X_1P__260821_제과_피재은,404,6,6352.0,1
2026-08-27,(ASC) [제과_블트하] 26.08_블트깡출시_ASC_전환_image,(ASC) [제과_블트하] 26.08_블트하출시_ASC_전환_image,[26.08]F_I_BT칩_전환_블트칩출시_혜택강조형_KR1_.피드_리뷰형.깐깐한시어머니.__김소희_260806_제과_박서연,184,1,3559.0,0
2026-08-27,[칩] (마스터ASC)[제과_블트하] 26.07_블트칩출시_ASC_전환_video,[칩] (마스터ASC)[제과_블트하] 26.07_블트칩출시_ASC_전환_video,[26.08]F_V_BT혼_전환_블트칩출시_신규BP_무아스BP_var2.릴스_일상고민해결.주부페르소나.KR1.X_2P_최나영_260807_제과_이미진,99,2,3779.0,0
2026-08-27,(ASC) [제과_블트하] 26.08_블트깡출시_ASC_전환_image,(ASC) [제과_블트하] 26.08_블트하출시_ASC_전환_image,[26.08]F_I_BT깡_전환_블트칩출시_유명인권위형_이국주.KR1_.배너_공지문.제과카테고리.__김소희_260813_제과_김수정,470,5,9648.0,0
2026-08-27,[제과_콘스프맛 팝콘] 26.05_콘스프맛팝콘출시_수동_전환_video,공구네고형(다이어터 입터짐.페인포인트)_0814,[26.08]F_V_PC혼_전환_상시_네고형_공구네고형_main.릴스_공통.X_1P_권미정_260814_제과_강경연,13204,198,145819.0,11
2026-08-27,[제과_블트하] 26.07_블트깡출시_수동_전환_video_전체타겟,0820_공구네고형_블트칩출시 (KR2),[26.08]F_V_BT칩_전환_블트칩출시_네고형_공구네고형.이국주.KR2_var4.릴스_고급안주.X_1P_최나영_260820_제과_피재은,1,0,1.0,0
2026-08-27,(마스터ASC)[제과_블트하] 26.07_블트깡출시_ASC_전환_video,(마스터ASC)[제과_블트하] 26.07_블트깡출시_ASC_전환_video,[26.08]F_V_BT칩_전환_블트칩출시_제조과정형_제조과정형.이국주.KR2_var3.릴스_카테고리.X_1P__260821_제과_피재은,104,4,1951.0,0
2026-08-28,(ASC) [제과_블트하] 26.07_블트칩출시_ASC_전환_image,(ASC)[제과_블트하] 26.07_블트칩출시_ASC_전환_image,[26.07]F_I_BT깡_전환_블트칩출시_혜택강조형_KR1_.피드_4분할.__김소희_260728_제과_김수정,151,1,1736.0,0
2026-08-28,(ASC) [제과_블트하] 26.08_블트깡출시_ASC_전환_image,(ASC) [제과_블트하] 26.08_블트하출시_ASC_전환_image,[26.08]F_I_BT칩_전환_블트칩출시_혜택강조형_KR1_.피드_리뷰형.깐깐한시어머니.__김소희_260806_제과_박서연,4,0,9.0,0
2026-08-28,[칩] (마스터ASC)[제과_블트하] 26.07_블트칩출시_ASC_전환_video,[칩] (마스터ASC)[제과_블트하] 26.07_블트칩출시_ASC_전환_video,[26.08]F_V_BT혼_전환_블트칩출시_신규BP_무아스BP_var2.릴스_일상고민해결.주부페르소나.KR1.X_2P_최나영_260807_제과_이미진,48,2,1243.0,1
2026-08-28,(ASC) [제과_블트하] 26.08_블트깡출시_ASC_전환_image,(ASC) [제과_블트하] 26.08_블트하출시_ASC_전환_image,[26.08]F_I_BT깡_전환_블트칩출시_유명인권위형_이국주.KR1_.배너_공지문.제과카테고리.__김소희_260813_제과_김수정,87,3,1551.0,0
2026-08-28,(마스터ASC)[제과_블트하] 26.07_블트깡출시_ASC_전환_video,(마스터ASC)[제과_블트하] 26.07_블트깡출시_ASC_전환_video,[26.08]F_V_BT칩_전환_블트칩출시_제조과정형_제조과정형.이국주.KR2_var3.릴스_카테고리.X_1P__260821_제과_피재은,40,0,996.0,0
2026-08-28,[제과_블트하] 26.07_블트깡출시_수동_전환_image_전체타겟,0901_맛피아디벨롭_블트칩출시  (KR1/2),[26.08]F_I_BT깡_전환_블트칩출시_혜택강조형_나폴리맛피아.KR2_.배너_이탈리아권위.나폴리맛피아가.__김소희_260828_제과_박서연,365,7,9692.0,0
2026-08-28,(마스터ASC) [제과_블트하] 26.09_블트깡출시_ASC_전환_image,(마스터ASC) [제과_블트하] 26.09_블트깡출시_ASC_전환_image,[26.08]F_I_BT깡_전환_블트칩출시_혜택강조형_나폴리맛피아.KR1_.배너_기존콜라보실체.콜라보감다살.__김소희_260828_제과_김수정,3,0,31.0,0
2026-08-28,[칩] (마스터ASC)[제과_블트하] 26.07_블트칩출시_ASC_전환_video,[칩] (마스터ASC)[제과_블트하] 26.07_블트칩출시_ASC_전환_video,[26.09]F_V_BT칩_전환_블트깡출시_기타_백정BP.나폴리맛피아.KR2_var2.릴스_이태리.X_1P__260901_제과_피재은,2902,43,48883.0,1
2026-08-29,(ASC) [제과_블트하] 26.07_블트칩출시_ASC_전환_image,(ASC)[제과_블트하] 26.07_블트칩출시_ASC_전환_image,[26.07]F_I_BT깡_전환_블트칩출시_혜택강조형_KR1_.피드_4분할.__김소희_260728_제과_김수정,17,0,207.0,0
2026-08-29,[칩] (마스터ASC)[제과_블트하] 26.07_블트칩출시_ASC_전환_video,[칩] (마스터ASC)[제과_블트하] 26.07_블트칩출시_ASC_전환_video,[26.08]F_V_BT혼_전환_블트칩출시_신규BP_무아스BP_var2.릴스_일상고민해결.주부페르소나.KR1.X_2P_최나영_260807_제과_이미진,6,0,167.0,0
2026-08-29,(ASC) [제과_블트하] 26.08_블트깡출시_ASC_전환_image,(ASC) [제과_블트하] 26.08_블트하출시_ASC_전환_image,[26.08]F_I_BT깡_전환_블트칩출시_유명인권위형_이국주.KR1_.배너_공지문.제과카테고리.__김소희_260813_제과_김수정,430,7,11202.0,0
2026-08-29,[칩] (마스터ASC)[제과_블트하] 26.07_블트칩출시_ASC_전환_video,[칩] (마스터ASC)[제과_블트하] 26.07_블트칩출시_ASC_전환_video,[26.08]F_V_BT혼_전환_블트깡출시_신규BP_오프아워BP.이국주.KR1_var2.릴스_댓글.X_2P_김소희_260814_제과_이미진,1,0,6.0,0
2026-08-29,(마스터ASC)[제과_블트하] 26.07_블트깡출시_ASC_전환_video,(마스터ASC)[제과_블트하] 26.07_블트깡출시_ASC_전환_video,[26.08]F_V_BT칩_전환_블트칩출시_제조과정형_제조과정형.이국주.KR2_var3.릴스_카테고리.X_1P__260821_제과_피재은,1,0,22.0,0
2026-08-29,[제과_블트하] 26.07_블트깡출시_수동_전환_image_전체타겟,0901_맛피아디벨롭_블트칩출시  (KR1/2),[26.08]F_I_BT깡_전환_블트칩출시_혜택강조형_나폴리맛피아.KR2_.배너_이탈리아권위.나폴리맛피아가.__김소희_260828_제과_박서연,473,2,13267.0,1
2026-08-29,(마스터ASC) [제과_블트하] 26.09_블트깡출시_ASC_전환_image,(마스터ASC) [제과_블트하] 26.09_블트깡출시_ASC_전환_image,[26.08]F_I_BT깡_전환_블트칩출시_혜택강조형_나폴리맛피아.KR2_.배너_파인다이닝프레임.파인다이닝급.__김소희_260828_제과_박서연,8,0,116.0,0
2026-08-29,(마스터ASC) [제과_블트하] 26.09_블트깡출시_ASC_전환_image,(마스터ASC) [제과_블트하] 26.09_블트깡출시_ASC_전환_image,[26.08]F_I_BT깡_전환_블트칩출시_혜택강조형_나폴리맛피아.KR1_.배너_기존콜라보실체.콜라보감다살.__김소희_260828_제과_김수정,1079,8,26114.0,1
2026-08-29,[칩] (마스터ASC)[제과_블트하] 26.07_블트칩출시_ASC_전환_video,[칩] (마스터ASC)[제과_블트하] 26.07_블트칩출시_ASC_전환_video,[26.09]F_V_BT칩_전환_블트깡출시_기타_백정BP.나폴리맛피아.KR2_var2.릴스_이태리.X_1P__260901_제과_피재은,39975,793,555744.0,26
2026-08-30,[칩] (마스터ASC)[제과_블트하] 26.07_블트칩출시_ASC_전환_video,[칩] (마스터ASC)[제과_블트하] 26.07_블트칩출시_ASC_전환_video,[26.08]F_V_BT혼_전환_블트칩출시_신규BP_무아스BP_var2.릴스_일상고민해결.주부페르소나.KR1.X_2P_최나영_260807_제과_이미진,3,0,109.0,0
2026-08-30,(마스터ASC)[제과_블트하] 26.07_블트깡출시_ASC_전환_video,(마스터ASC)[제과_블트하] 26.07_블트깡출시_ASC_전환_video,[26.08]F_V_BT칩_전환_블트칩출시_제조과정형_제조과정형.이국주.KR2_var3.릴스_카테고리.X_1P__260821_제과_피재은,24,0,313.0,0
2026-08-30,[제과_블트하] 26.07_블트깡출시_수동_전환_image_전체타겟,0901_맛피아디벨롭_블트칩출시  (KR1/2),[26.08]F_I_BT깡_전환_블트칩출시_혜택강조형_나폴리맛피아.KR2_.배너_이탈리아권위.나폴리맛피아가.__김소희_260828_제과_박서연,592,5,14022.0,0
2026-08-30,(마스터ASC) [제과_블트하] 26.09_블트깡출시_ASC_전환_image,(마스터ASC) [제과_블트하] 26.09_블트깡출시_ASC_전환_image,[26.08]F_I_BT깡_전환_블트칩출시_혜택강조형_나폴리맛피아.KR2_.배너_파인다이닝프레임.파인다이닝급.__김소희_260828_제과_박서연,1,1,75.0,0
2026-08-31,[칩] (마스터ASC)[제과_블트하] 26.07_블트칩출시_ASC_전환_video,[칩] (마스터ASC)[제과_블트하] 26.07_블트칩출시_ASC_전환_video,[26.08]F_V_BT혼_전환_블트칩출시_신규BP_무아스BP_var2.릴스_일상고민해결.주부페르소나.KR1.X_2P_최나영_260807_제과_이미진,2,0,11.0,0
2026-08-31,[칩] (마스터ASC)[제과_블트하] 26.07_블트칩출시_ASC_전환_video,[칩] (마스터ASC)[제과_블트하] 26.07_블트칩출시_ASC_전환_video,[26.08]F_V_BT혼_전환_블트깡출시_신규BP_오프아워BP.이국주.KR1_var2.릴스_댓글.X_2P_김소희_260814_제과_이미진,1,0,2.0,0
2026-08-31,(ASC) [제과_블트하] 26.08_블트깡출시_ASC_전환_image,(ASC) [제과_블트하] 26.08_블트하출시_ASC_전환_image,[26.08]F_I_BT칩_전환_블트칩출시_혜택강조형_이국주.KR1_.배너_권위보이스.뉴스.__김소희_260819_제과_김수정,7,0,355.0,0
2026-08-31,(마스터ASC)[제과_블트하] 26.07_블트깡출시_ASC_전환_video,(마스터ASC)[제과_블트하] 26.07_블트깡출시_ASC_전환_video,[26.08]F_V_BT칩_전환_블트칩출시_제조과정형_제조과정형.이국주.KR2_var3.릴스_카테고리.X_1P__260821_제과_피재은,89,0,1069.0,0
2026-09-01,(ASC) [제과_블트하] 26.08_블트깡출시_ASC_전환_image,(ASC) [제과_블트하] 26.08_블트하출시_ASC_전환_image,[26.08]F_I_BT칩_전환_블트칩출시_혜택강조형_KR1_.피드_리뷰형.깐깐한시어머니.__김소희_260806_제과_박서연,11,0,171.0,0
2026-09-01,[칩] (마스터ASC)[제과_블트하] 26.07_블트칩출시_ASC_전환_video,[칩] (마스터ASC)[제과_블트하] 26.07_블트칩출시_ASC_전환_video,[26.08]F_V_BT혼_전환_블트깡출시_신규BP_오프아워BP.이국주.KR1_var2.릴스_댓글.X_2P_김소희_260814_제과_이미진,7,0,279.0,0
2026-09-01,(마스터ASC)[제과_블트하] 26.07_블트깡출시_ASC_전환_video,(마스터ASC)[제과_블트하] 26.07_블트깡출시_ASC_전환_video,[26.08]F_V_BT칩_전환_블트칩출시_제조과정형_제조과정형.이국주.KR2_var3.릴스_카테고리.X_1P__260821_제과_피재은,26,0,521.0,0
2026-08-24,(ASC) [제과_블트하] 26.07_블트칩출시_ASC_전환_image,(ASC)[제과_블트하] 26.07_블트칩출시_ASC_전환_image,[26.07]F_I_BT깡_전환_블트칩출시_혜택강조형_KR2_.피드_주변인.옆자리동료.확장__김소희_260727_제과_박서연,15,0,329.0,0
2026-08-24,(ASC) [제과_블트하] 26.07_블트깡출시_ASC_전환_image,(ASC)[제과_블트하] 26.07_블트깡출시_ASC_전환_image,[26.07]F_I_BT칩_전환_블트칩출시_혜택강조형_KR2_.배너_야구장옆자리가.__최나영_260730_제과_김수정,5,0,39.0,0
2026-08-24,(ASC) [제과_블트하] 26.08_블트깡출시_ASC_전환_image,(ASC) [제과_블트하] 26.08_블트하출시_ASC_전환_image,[26.08]F_I_BT혼_전환_블트칩출시_혜택강조형_KR1_.피드_마진포기.트러플하몽향제대로.__김소희_260806_제과_김수정,83,0,1591.0,0
2026-08-24,(ASC) [제과_블트하] 26.08_블트깡출시_ASC_전환_image,(ASC) [제과_블트하] 26.08_블트하출시_ASC_전환_image,[26.08]F_I_BT깡_전환_블트칩출시_유명인권위형_이국주.KR1_.릴스_원재료강조.유행강조.__김소희_260814_제과_김수정,1,0,5.0,0
2026-08-24,[제과_블트하] 26.07_블트깡출시_수동_전환_image_전체타겟,0825_트러플권위_블트칩출시 (KR2),[26.08]F_I_BT깡_전환_블트칩출시_유명인권위형_이국주.KR2_.릴스_없어서못사먹는다는.유행강조.__김소희_260814_제과_김수정,120,3,5967.0,0
2026-08-24,[칩] (마스터ASC)[제과_블트하] 26.07_블트칩출시_ASC_전환_video,[칩] (마스터ASC)[제과_블트하] 26.07_블트칩출시_ASC_전환_video,[26.08]F_V_BT칩_전환_블트칩출시_네고형_공구네고형.이국주.KR2_main.릴스_메인.X_1P_최나영_260820_제과_피재은,2,0,25.0,0
2026-08-24,[제과_블트하] 26.07_블트깡출시_수동_전환_image_전체타겟,0821_유행긴급성_블트칩출시 (KR1/2),[26.08]F_I_BT깡_전환_블트칩출시_혜택강조형_이국주.KR1_.배너_유행실체.2주째편의점품절대란.__김소희_260821_제과_김수정,29,0,499.0,0
2026-08-25,(마스터ASC)[제과_치즈팝콘] 26.08_치즈팝콘출시_ASC_전환_image_전체타겟,(마스터ASC)[제과_치즈팝콘] 26.08_치즈팝콘출시_ASC_전환_image_전체타겟,[26.07]F_I_PC치_전환_치즈팝콘출시_혜택강조형_KR1_.피드_이니1.소비상황.sns형.__권미정_260805_제과_박서연,32,1,287.0,0
2026-08-25,(ASC) [제과_블트하] 26.08_블트깡출시_ASC_전환_image,(ASC) [제과_블트하] 26.08_블트하출시_ASC_전환_image,[26.08]F_I_BT혼_전환_블트칩출시_혜택강조형_KR1_.피드_마진포기.트러플하몽향제대로.__김소희_260806_제과_김수정,10,0,105.0,0
2026-08-25,(ASC) [제과_블트하] 26.08_블트깡출시_ASC_전환_image,(ASC) [제과_블트하] 26.08_블트하출시_ASC_전환_image,[26.08]F_I_BT깡_전환_블트칩출시_유명인권위형_이국주.KR1_.릴스_원재료강조.유행강조.__김소희_260814_제과_김수정,28,1,1070.0,1
2026-08-25,(ASC) [제과_블트하] 26.08_블트깡출시_ASC_전환_image,(ASC) [제과_블트하] 26.08_블트하출시_ASC_전환_image,[26.08]F_I_BT깡_전환_블트칩출시_유명인권위형_이국주.KR1_.릴스_제2의두쫀쿠.유행강조.__김소희_260814_제과_김수정,5,0,58.0,0
2026-08-25,[제과_블트하] 26.07_블트깡출시_수동_전환_image_전체타겟,0825_트러플권위_블트칩출시 (KR2),[26.08]F_I_BT깡_전환_블트칩출시_유명인권위형_이국주.KR2_.릴스_없어서못사먹는다는.유행강조.__김소희_260814_제과_김수정,58,1,2135.0,0
2026-08-25,[제과_블트하] 26.07_블트깡출시_수동_전환_image_전체타겟,0821_유행긴급성_블트칩출시 (KR1/2),[26.08]F_I_BT깡_전환_블트칩출시_혜택강조형_이국주.KR1_.배너_유행실체.2주째편의점품절대란.__김소희_260821_제과_김수정,35,0,890.0,0
2026-08-26,(ASC) [제과_블트하] 26.07_블트깡출시_ASC_전환_image,(ASC)[제과_블트하] 26.07_블트깡출시_ASC_전환_image,[26.07]F_I_BT칩_전환_블트칩출시_혜택강조형_KR2_.배너_야구장옆자리가.__최나영_260730_제과_김수정,2,0,7.0,0
2026-08-26,(마스터ASC)[제과_치즈팝콘] 26.08_치즈팝콘출시_ASC_전환_image_전체타겟,(마스터ASC)[제과_치즈팝콘] 26.08_치즈팝콘출시_ASC_전환_image_전체타겟,[26.07]F_I_PC치_전환_치즈팝콘출시_혜택강조형_KR1_.피드_이니1.소비상황.sns형.__권미정_260805_제과_박서연,2,0,17.0,0
2026-08-26,(ASC) [제과_블트하] 26.08_블트깡출시_ASC_전환_image,(ASC) [제과_블트하] 26.08_블트하출시_ASC_전환_image,[26.08]F_I_BT깡_전환_블트칩출시_유명인권위형_이국주.KR1_.릴스_원재료강조.유행강조.__김소희_260814_제과_김수정,188,3,6137.0,1
2026-08-26,(ASC) [제과_블트하] 26.08_블트깡출시_ASC_전환_image,(ASC) [제과_블트하] 26.08_블트하출시_ASC_전환_image,[26.08]F_I_BT깡_전환_블트칩출시_유명인권위형_이국주.KR1_.릴스_제2의두쫀쿠.유행강조.__김소희_260814_제과_김수정,8,0,488.0,0
2026-08-26,(ASC) [제과_블트하] 26.08_블트깡출시_ASC_전환_image,(ASC) [제과_블트하] 26.08_블트하출시_ASC_전환_image,[26.08]F_I_BT깡_전환_블트칩출시_유명인권위형_이국주.KR1_.릴스_알고리즘지배한.유행강조.__김소희_260814_제과_김수정,3,0,57.0,0
2026-08-26,[제과_블트하] 26.07_블트깡출시_수동_전환_image_전체타겟,0825_트러플권위_블트칩출시 (KR2),[26.08]F_I_BT깡_전환_블트칩출시_유명인권위형_이국주.KR2_.릴스_없어서못사먹는다는.유행강조.__김소희_260814_제과_김수정,55,1,2545.0,0
2026-08-26,[칩] (마스터ASC)[제과_블트하] 26.07_블트칩출시_ASC_전환_video,[칩] (마스터ASC)[제과_블트하] 26.07_블트칩출시_ASC_전환_video,[26.08]F_V_BT칩_전환_블트칩출시_네고형_현장네고형.이국주.KR1_main.릴스_이국주.슬기.X_1P_최나영_260814_제과_피재은,649,9,13098.0,0
2026-08-26,(ASC) [제과_블트하] 26.08_블트깡출시_ASC_전환_image,(ASC) [제과_블트하] 26.08_블트하출시_ASC_전환_image,[26.08]F_I_BT깡_전환_블트칩출시_혜택강조형_GFA베리_.배너_이거중독됐어요.__최나영_260818_제과_박서연,4,0,17.0,0
2026-08-26,[제과_블트하] 26.07_블트깡출시_수동_전환_image_전체타겟,0821_유행긴급성_블트칩출시 (KR1/2),[26.08]F_I_BT깡_전환_블트칩출시_혜택강조형_이국주.KR1_.배너_유행실체.2주째편의점품절대란.__김소희_260821_제과_김수정,4,0,157.0,0
2026-08-26,(ASC) [제과_블트하] 26.08_블트깡출시_ASC_전환_image,(ASC) [제과_블트하] 26.08_블트하출시_ASC_전환_image,[26.08]F_I_BT깡_전환_블트칩출시_혜택강조형_KR1.이탈리아_.배너_미슐랭에서쓴다는.__김소희_260826_제과_김수정,9,0,197.0,0
2026-08-26,(ASC) [제과_블트하] 26.08_블트깡출시_ASC_전환_image,(ASC) [제과_블트하] 26.08_블트하출시_ASC_전환_image,[26.08]F_I_BT깡_전환_블트칩출시_혜택강조형_KR1.이탈리아_.배너_희소성.딱3달만.__김소희_260826_제과_김수정,24,0,498.0,0
2026-08-27,(ASC) [제과_블트하] 26.07_블트깡출시_ASC_전환_image,(ASC)[제과_블트하] 26.07_블트깡출시_ASC_전환_image,[26.07]F_I_BT칩_전환_블트칩출시_혜택강조형_KR2_.배너_야구장옆자리가.__최나영_260730_제과_김수정,13,0,144.0,0
2026-08-27,(마스터ASC)[제과_치즈팝콘] 26.08_치즈팝콘출시_ASC_전환_image_전체타겟,(마스터ASC)[제과_치즈팝콘] 26.08_치즈팝콘출시_ASC_전환_image_전체타겟,[26.07]F_I_PC치_전환_치즈팝콘출시_혜택강조형_KR1_.피드_이니1.소비상황.sns형.__권미정_260805_제과_박서연,2,0,23.0,0
2026-08-27,(ASC) [제과_블트하] 26.08_블트깡출시_ASC_전환_image,(ASC) [제과_블트하] 26.08_블트하출시_ASC_전환_image,[26.08]F_I_BT깡_전환_블트칩출시_유명인권위형_이국주.KR1_.릴스_원재료강조.유행강조.__김소희_260814_제과_김수정,30,0,576.0,0
2026-08-27,(ASC) [제과_블트하] 26.08_블트깡출시_ASC_전환_image,(ASC) [제과_블트하] 26.08_블트하출시_ASC_전환_image,[26.08]F_I_BT깡_전환_블트칩출시_유명인권위형_이국주.KR1_.릴스_제2의두쫀쿠.유행강조.__김소희_260814_제과_김수정,87,0,2656.0,0
2026-08-27,(ASC) [제과_블트하] 26.08_블트깡출시_ASC_전환_image,(ASC) [제과_블트하] 26.08_블트하출시_ASC_전환_image,[26.08]F_I_BT깡_전환_블트칩출시_유명인권위형_이국주.KR1_.릴스_알고리즘지배한.유행강조.__김소희_260814_제과_김수정,1,0,0.0,0
2026-08-27,[제과_블트하] 26.07_블트깡출시_수동_전환_image_전체타겟,0825_트러플권위_블트칩출시 (KR2),[26.08]F_I_BT깡_전환_블트칩출시_유명인권위형_이국주.KR2_.릴스_없어서못사먹는다는.유행강조.__김소희_260814_제과_김수정,28,0,828.0,0
2026-08-27,[칩] (마스터ASC)[제과_블트하] 26.07_블트칩출시_ASC_전환_video,[칩] (마스터ASC)[제과_블트하] 26.07_블트칩출시_ASC_전환_video,[26.08]F_V_BT칩_전환_블트칩출시_네고형_현장네고형.이국주.KR1_main.릴스_이국주.슬기.X_1P_최나영_260814_제과_피재은,6,0,144.0,0
2026-08-27,[칩] (마스터ASC)[제과_블트하] 26.07_블트칩출시_ASC_전환_video,[칩] (마스터ASC)[제과_블트하] 26.07_블트칩출시_ASC_전환_video,[26.08]F_V_BT칩_전환_블트칩출시_네고형_공구네고형.이국주.KR2_main.릴스_메인.X_1P_최나영_260820_제과_피재은,146,6,2856.0,1
2026-08-27,(ASC) [제과_블트하] 26.08_블트깡출시_ASC_전환_image,(ASC) [제과_블트하] 26.08_블트하출시_ASC_전환_image,[26.08]F_I_BT깡_전환_블트칩출시_혜택강조형_KR1.이탈리아_.배너_미슐랭에서쓴다는.__김소희_260826_제과_김수정,7,0,460.0,0
2026-08-27,(ASC) [제과_블트하] 26.08_블트깡출시_ASC_전환_image,(ASC) [제과_블트하] 26.08_블트하출시_ASC_전환_image,[26.08]F_I_BT깡_전환_블트칩출시_혜택강조형_KR1.이탈리아_.배너_희소성.딱3달만.__김소희_260826_제과_김수정,33,0,855.0,0
2026-08-28,(ASC) [제과_블트하] 26.08_블트깡출시_ASC_전환_image,(ASC) [제과_블트하] 26.08_블트하출시_ASC_전환_image,[26.08]F_I_BT혼_전환_블트칩출시_혜택강조형_KR1_.피드_마진포기.트러플하몽향제대로.__김소희_260806_제과_김수정,27,0,939.0,0
2026-08-28,(ASC) [제과_블트하] 26.08_블트깡출시_ASC_전환_image,(ASC) [제과_블트하] 26.08_블트하출시_ASC_전환_image,[26.08]F_I_BT깡_전환_블트칩출시_유명인권위형_이국주.KR1_.릴스_원재료강조.유행강조.__김소희_260814_제과_김수정,3,0,106.0,0
2026-08-28,[제과_블트하] 26.07_블트깡출시_수동_전환_image_전체타겟,0825_트러플권위_블트칩출시 (KR2),[26.08]F_I_BT깡_전환_블트칩출시_유명인권위형_이국주.KR2_.릴스_없어서못사먹는다는.유행강조.__김소희_260814_제과_김수정,4,0,77.0,0
2026-08-28,(ASC) [제과_블트하] 26.08_블트깡출시_ASC_전환_image,(ASC) [제과_블트하] 26.08_블트하출시_ASC_전환_image,[26.08]F_I_BT깡_전환_블트칩출시_혜택강조형_GFA베리_.배너_이거중독됐어요.__최나영_260818_제과_박서연,2,0,5.0,0
2026-08-28,[칩] (마스터ASC)[제과_블트하] 26.07_블트칩출시_ASC_전환_video,[칩] (마스터ASC)[제과_블트하] 26.07_블트칩출시_ASC_전환_video,[26.08]F_V_BT칩_전환_블트칩출시_네고형_공구네고형.이국주.KR2_main.릴스_메인.X_1P_최나영_260820_제과_피재은,193,5,5553.0,1
2026-08-28,(ASC) [제과_블트하] 26.08_블트깡출시_ASC_전환_image,(ASC) [제과_블트하] 26.08_블트하출시_ASC_전환_image,[26.08]F_I_BT깡_전환_블트칩출시_혜택강조형_KR1.이탈리아_.배너_미슐랭에서쓴다는.__김소희_260826_제과_김수정,1,0,39.0,0
2026-08-28,(ASC) [제과_블트하] 26.08_블트깡출시_ASC_전환_image,(ASC) [제과_블트하] 26.08_블트하출시_ASC_전환_image,[26.08]F_I_BT깡_전환_블트칩출시_혜택강조형_KR1.이탈리아_.배너_희소성.딱3달만.__김소희_260826_제과_김수정,1,0,74.0,0
2026-08-28,[제과_블트하] 26.07_블트깡출시_수동_전환_image_전체타겟,0901_맛피아디벨롭_블트칩출시  (KR1/2),[26.08]F_I_BT혼_전환_블트칩출시_혜택강조형_나폴리맛피아.KR1_.배너_기존콜라보실체.콜라보했다하면.__김소희_260828_제과_김수정,85,0,2121.0,0
2026-08-28,(마스터ASC) [제과_블트하] 26.09_블트깡출시_ASC_전환_image,(마스터ASC) [제과_블트하] 26.09_블트깡출시_ASC_전환_image,[26.08]F_I_BT칩_전환_블트칩출시_혜택강조형_나폴리맛피아.신규_.배너_브랜디드.맛피아가깎았어요네고.__김소희_260828_제과_김수정,2,0,41.0,0
2026-08-28,[제과_치즈팝콘] 26.08_치즈팝콘출시_수동_전환_image_전체타겟,(0824) 혜택강조형_물림페인포인트_치즈팝콘재입고 (KR2) (서연님),[26.08]F_I_PC치_전환_치즈팝콘재입고_혜택강조형__.배너_갈릭감칠맛으로.__고민지_260828_제과_박서연,386,4,6562.0,1
2026-08-28,(마스터ASC)[제과_블트하] 26.07_블트깡출시_ASC_전환_video,(마스터ASC)[제과_블트하] 26.07_블트깡출시_ASC_전환_video,[26.09]F_V_BT칩_전환_블트깡출시_쩜오건_나폴리맛피아.KR2_var4.릴스_비하인드.렉카.슬기.X_1P__260901_제과_피재은,11,0,199.0,0
2026-08-28,[칩] (마스터ASC)[제과_블트하] 26.07_블트칩출시_ASC_전환_video,[칩] (마스터ASC)[제과_블트하] 26.07_블트칩출시_ASC_전환_video,[26.09]F_V_BT깡_전환_블트깡출시_문제공감형_원룸만들기BP.나폴리맛피아.신규_main.릴스_본론.X_2P__260901_제과_이봄1,1708,26,39331.0,5
2026-08-29,(ASC) [제과_블트하] 26.07_블트깡출시_ASC_전환_image,(ASC)[제과_블트하] 26.07_블트깡출시_ASC_전환_image,[26.07]F_I_BT칩_전환_블트칩출시_혜택강조형_KR2_.배너_야구장옆자리가.__최나영_260730_제과_김수정,31,2,1186.0,1
2026-08-29,(ASC) [제과_블트하] 26.08_블트깡출시_ASC_전환_image,(ASC) [제과_블트하] 26.08_블트하출시_ASC_전환_image,[26.08]F_I_BT혼_전환_블트칩출시_혜택강조형_KR1_.피드_마진포기.트러플하몽향제대로.__김소희_260806_제과_김수정,2,0,48.0,0
2026-08-29,(ASC) [제과_블트하] 26.08_블트깡출시_ASC_전환_image,(ASC) [제과_블트하] 26.08_블트하출시_ASC_전환_image,[26.08]F_I_BT깡_전환_블트칩출시_유명인권위형_이국주.KR1_.릴스_원재료강조.유행강조.__김소희_260814_제과_김수정,1,0,7.0,0
2026-08-29,(ASC) [제과_블트하] 26.08_블트깡출시_ASC_전환_image,(ASC) [제과_블트하] 26.08_블트하출시_ASC_전환_image,[26.08]F_I_BT깡_전환_블트칩출시_유명인권위형_이국주.KR1_.릴스_제2의두쫀쿠.유행강조.__김소희_260814_제과_김수정,5,0,228.0,0
2026-08-29,[칩] (마스터ASC)[제과_블트하] 26.07_블트칩출시_ASC_전환_video,[칩] (마스터ASC)[제과_블트하] 26.07_블트칩출시_ASC_전환_video,[26.08]F_V_BT칩_전환_블트칩출시_네고형_공구네고형.이국주.KR2_main.릴스_메인.X_1P_최나영_260820_제과_피재은,410,9,10866.0,2
2026-08-29,[제과_블트하] 26.07_블트깡출시_수동_전환_image_전체타겟,0901_맛피아디벨롭_블트칩출시  (KR1/2),[26.08]F_I_BT혼_전환_블트칩출시_혜택강조형_나폴리맛피아.KR1_.배너_기존콜라보실체.콜라보했다하면.__김소희_260828_제과_김수정,127,0,4158.0,0
2026-08-29,(마스터ASC) [제과_블트하] 26.09_블트깡출시_ASC_전환_image,(마스터ASC) [제과_블트하] 26.09_블트깡출시_ASC_전환_image,[26.08]F_I_BT칩_전환_블트칩출시_혜택강조형_나폴리맛피아.신규_.배너_브랜디드.맛피아가깎았어요네고.__김소희_260828_제과_김수정,201,7,7795.0,1
2026-08-29,[제과_치즈팝콘] 26.08_치즈팝콘출시_수동_전환_image_전체타겟,(0824) 혜택강조형_물림페인포인트_치즈팝콘재입고 (KR2) (서연님),[26.08]F_I_PC치_전환_치즈팝콘재입고_혜택강조형__.배너_갈릭감칠맛으로.__고민지_260828_제과_박서연,250,1,3863.0,0
2026-08-29,(마스터ASC)[제과_블트하] 26.07_블트깡출시_ASC_전환_video,(마스터ASC)[제과_블트하] 26.07_블트깡출시_ASC_전환_video,[26.09]F_V_BT칩_전환_블트깡출시_쩜오건_나폴리맛피아.KR2_var4.릴스_비하인드.렉카.슬기.X_1P__260901_제과_피재은,404,8,9400.0,1
2026-08-29,[칩] (마스터ASC)[제과_블트하] 26.07_블트칩출시_ASC_전환_video,[칩] (마스터ASC)[제과_블트하] 26.07_블트칩출시_ASC_전환_video,[26.09]F_V_BT깡_전환_블트깡출시_문제공감형_원룸만들기BP.나폴리맛피아.신규_main.릴스_본론.X_2P__260901_제과_이봄1,578,9,15942.0,1
2026-08-30,(ASC) [제과_블트하] 26.07_블트깡출시_ASC_전환_image,(ASC)[제과_블트하] 26.07_블트깡출시_ASC_전환_image,[26.07]F_I_BT칩_전환_블트칩출시_혜택강조형_KR2_.배너_야구장옆자리가.__최나영_260730_제과_김수정,7,0,152.0,0
2026-08-30,(마스터ASC)[제과_치즈팝콘] 26.08_치즈팝콘출시_ASC_전환_image_전체타겟,(마스터ASC)[제과_치즈팝콘] 26.08_치즈팝콘출시_ASC_전환_image_전체타겟,[26.07]F_I_PC치_전환_치즈팝콘출시_혜택강조형_KR1_.피드_이니1.소비상황.sns형.__권미정_260805_제과_박서연,45,0,349.0,0
2026-08-30,(ASC) [제과_블트하] 26.08_블트깡출시_ASC_전환_image,(ASC) [제과_블트하] 26.08_블트하출시_ASC_전환_image,[26.08]F_I_BT깡_전환_블트칩출시_유명인권위형_이국주.KR1_.릴스_알고리즘지배한.유행강조.__김소희_260814_제과_김수정,5,1,182.0,0
2026-08-30,[칩] (마스터ASC)[제과_블트하] 26.07_블트칩출시_ASC_전환_video,[칩] (마스터ASC)[제과_블트하] 26.07_블트칩출시_ASC_전환_video,[26.08]F_V_BT칩_전환_블트칩출시_네고형_공구네고형.이국주.KR2_main.릴스_메인.X_1P_최나영_260820_제과_피재은,726,11,18963.0,1
2026-08-30,[제과_블트하] 26.07_블트깡출시_수동_전환_image_전체타겟,0901_맛피아디벨롭_블트칩출시  (KR1/2),[26.08]F_I_BT혼_전환_블트칩출시_혜택강조형_나폴리맛피아.KR1_.배너_기존콜라보실체.콜라보했다하면.__김소희_260828_제과_김수정,32,0,695.0,0
2026-08-30,(마스터ASC) [제과_블트하] 26.09_블트깡출시_ASC_전환_image,(마스터ASC) [제과_블트하] 26.09_블트깡출시_ASC_전환_image,[26.08]F_I_BT칩_전환_블트칩출시_혜택강조형_나폴리맛피아.신규_.배너_브랜디드.맛피아가깎았어요네고.__김소희_260828_제과_김수정,342,6,9577.0,0
2026-08-30,[제과_치즈팝콘] 26.08_치즈팝콘출시_수동_전환_image_전체타겟,(0824) 혜택강조형_물림페인포인트_치즈팝콘재입고 (KR2) (서연님),[26.08]F_I_PC치_전환_치즈팝콘재입고_혜택강조형__.배너_갈릭감칠맛으로.__고민지_260828_제과_박서연,411,3,8371.0,1
2026-08-30,(마스터ASC)[제과_블트하] 26.07_블트깡출시_ASC_전환_video,(마스터ASC)[제과_블트하] 26.07_블트깡출시_ASC_전환_video,[26.09]F_V_BT칩_전환_블트깡출시_쩜오건_나폴리맛피아.KR2_var4.릴스_비하인드.렉카.슬기.X_1P__260901_제과_피재은,197,1,5692.0,0
2026-08-31,(마스터ASC)[제과_치즈팝콘] 26.08_치즈팝콘출시_ASC_전환_image_전체타겟,(마스터ASC)[제과_치즈팝콘] 26.08_치즈팝콘출시_ASC_전환_image_전체타겟,[26.07]F_I_PC치_전환_치즈팝콘출시_혜택강조형_KR1_.피드_이니1.소비상황.sns형.__권미정_260805_제과_박서연,4,0,48.0,0
2026-08-31,(ASC) [제과_블트하] 26.08_블트깡출시_ASC_전환_image,(ASC) [제과_블트하] 26.08_블트하출시_ASC_전환_image,[26.08]F_I_BT혼_전환_블트칩출시_혜택강조형_KR1_.피드_마진포기.트러플하몽향제대로.__김소희_260806_제과_김수정,15,0,405.0,0
2026-08-31,(ASC) [제과_블트하] 26.08_블트깡출시_ASC_전환_image,(ASC) [제과_블트하] 26.08_블트하출시_ASC_전환_image,[26.08]F_I_BT깡_전환_블트칩출시_유명인권위형_이국주.KR1_.릴스_원재료강조.유행강조.__김소희_260814_제과_김수정,141,3,4923.0,1
2026-08-31,[제과_블트하] 26.07_블트깡출시_수동_전환_image_전체타겟,0825_트러플권위_블트칩출시 (KR2),[26.08]F_I_BT깡_전환_블트칩출시_유명인권위형_이국주.KR2_.릴스_없어서못사먹는다는.유행강조.__김소희_260814_제과_김수정,2,0,263.0,0
2026-08-31,(ASC) [제과_블트하] 26.08_블트깡출시_ASC_전환_image,(ASC) [제과_블트하] 26.08_블트하출시_ASC_전환_image,[26.08]F_I_BT깡_전환_블트칩출시_혜택강조형_GFA베리_.배너_이거중독됐어요.__최나영_260818_제과_박서연,47,0,958.0,0
2026-08-31,[칩] (마스터ASC)[제과_블트하] 26.07_블트칩출시_ASC_전환_video,[칩] (마스터ASC)[제과_블트하] 26.07_블트칩출시_ASC_전환_video,[26.08]F_V_BT칩_전환_블트칩출시_네고형_공구네고형.이국주.KR2_main.릴스_메인.X_1P_최나영_260820_제과_피재은,1395,15,25662.0,0
2026-08-31,(ASC) [제과_블트하] 26.08_블트깡출시_ASC_전환_image,(ASC) [제과_블트하] 26.08_블트하출시_ASC_전환_image,[26.08]F_I_BT깡_전환_블트칩출시_혜택강조형_KR1.이탈리아_.배너_미슐랭에서쓴다는.__김소희_260826_제과_김수정,1,0,6.0,0
2026-08-31,(ASC) [제과_블트하] 26.08_블트깡출시_ASC_전환_image,(ASC) [제과_블트하] 26.08_블트하출시_ASC_전환_image,[26.08]F_I_BT깡_전환_블트칩출시_혜택강조형_KR1.이탈리아_.배너_희소성.딱3달만.__김소희_260826_제과_김수정,793,5,16422.0,0
2026-08-31,[제과_블트하] 26.07_블트깡출시_수동_전환_image_전체타겟,0901_맛피아디벨롭_블트칩출시  (KR1/2),[26.08]F_I_BT혼_전환_블트칩출시_혜택강조형_나폴리맛피아.KR1_.배너_기존콜라보실체.콜라보했다하면.__김소희_260828_제과_김수정,99,0,3045.0,0
2026-08-31,(마스터ASC) [제과_블트하] 26.09_블트깡출시_ASC_전환_image,(마스터ASC) [제과_블트하] 26.09_블트깡출시_ASC_전환_image,[26.08]F_I_BT칩_전환_블트칩출시_혜택강조형_나폴리맛피아.신규_.배너_브랜디드.맛피아가깎았어요네고.__김소희_260828_제과_김수정,4983,79,124922.0,8
2026-08-31,[제과_치즈팝콘] 26.08_치즈팝콘출시_수동_전환_image_전체타겟,(0824) 혜택강조형_물림페인포인트_치즈팝콘재입고 (KR2) (서연님),[26.08]F_I_PC치_전환_치즈팝콘재입고_혜택강조형__.배너_갈릭감칠맛으로.__고민지_260828_제과_박서연,69,0,1164.0,0
2026-08-31,(마스터ASC)[제과_블트하] 26.07_블트깡출시_ASC_전환_video,(마스터ASC)[제과_블트하] 26.07_블트깡출시_ASC_전환_video,[26.09]F_V_BT칩_전환_블트깡출시_쩜오건_나폴리맛피아.KR2_var4.릴스_비하인드.렉카.슬기.X_1P__260901_제과_피재은,189,5,5440.0,1
2026-09-01,(ASC) [제과_블트하] 26.07_블트깡출시_ASC_전환_image,(ASC)[제과_블트하] 26.07_블트깡출시_ASC_전환_image,[26.07]F_I_BT칩_전환_블트칩출시_혜택강조형_KR2_.배너_야구장옆자리가.__최나영_260730_제과_김수정,11,0,193.0,0
2026-09-01,(마스터ASC)[제과_치즈팝콘] 26.08_치즈팝콘출시_ASC_전환_image_전체타겟,(마스터ASC)[제과_치즈팝콘] 26.08_치즈팝콘출시_ASC_전환_image_전체타겟,[26.07]F_I_PC치_전환_치즈팝콘출시_혜택강조형_KR1_.피드_이니1.소비상황.sns형.__권미정_260805_제과_박서연,5,0,67.0,0
2026-09-01,(ASC) [제과_블트하] 26.08_블트깡출시_ASC_전환_image,(ASC) [제과_블트하] 26.08_블트하출시_ASC_전환_image,[26.08]F_I_BT혼_전환_블트칩출시_혜택강조형_KR1_.피드_마진포기.트러플하몽향제대로.__김소희_260806_제과_김수정,28,0,671.0,0
2026-09-01,(ASC) [제과_블트하] 26.08_블트깡출시_ASC_전환_image,(ASC) [제과_블트하] 26.08_블트하출시_ASC_전환_image,[26.08]F_I_BT깡_전환_블트칩출시_유명인권위형_이국주.KR1_.릴스_원재료강조.유행강조.__김소희_260814_제과_김수정,122,2,3897.0,0
2026-09-01,(ASC) [제과_블트하] 26.08_블트깡출시_ASC_전환_image,(ASC) [제과_블트하] 26.08_블트하출시_ASC_전환_image,[26.08]F_I_BT깡_전환_블트칩출시_유명인권위형_이국주.KR1_.릴스_제2의두쫀쿠.유행강조.__김소희_260814_제과_김수정,40,0,1905.0,0
2026-09-01,(ASC) [제과_블트하] 26.08_블트깡출시_ASC_전환_image,(ASC) [제과_블트하] 26.08_블트하출시_ASC_전환_image,[26.08]F_I_BT깡_전환_블트칩출시_유명인권위형_이국주.KR1_.릴스_알고리즘지배한.유행강조.__김소희_260814_제과_김수정,1,0,24.0,0
2026-09-01,(ASC) [제과_블트하] 26.08_블트깡출시_ASC_전환_image,(ASC) [제과_블트하] 26.08_블트하출시_ASC_전환_image,[26.08]F_I_BT깡_전환_블트칩출시_혜택강조형_GFA베리_.배너_이거중독됐어요.__최나영_260818_제과_박서연,4,0,48.0,0
2026-09-01,(ASC) [제과_블트하] 26.08_블트깡출시_ASC_전환_image,(ASC) [제과_블트하] 26.08_블트하출시_ASC_전환_image,[26.08]F_I_BT깡_전환_블트칩출시_혜택강조형_KR1.이탈리아_.배너_미슐랭에서쓴다는.__김소희_260826_제과_김수정,8,0,220.0,0
2026-09-01,[제과_블트하] 26.07_블트깡출시_수동_전환_image_전체타겟,0901_맛피아디벨롭_블트칩출시  (KR1/2),[26.08]F_I_BT혼_전환_블트칩출시_혜택강조형_나폴리맛피아.KR1_.배너_기존콜라보실체.콜라보했다하면.__김소희_260828_제과_김수정,44,0,1624.0,0
2026-09-01,(마스터ASC) [제과_블트하] 26.09_블트깡출시_ASC_전환_image,(마스터ASC) [제과_블트하] 26.09_블트깡출시_ASC_전환_image,[26.08]F_I_BT칩_전환_블트칩출시_혜택강조형_나폴리맛피아.신규_.배너_브랜디드.맛피아가깎았어요네고.__김소희_260828_제과_김수정,3669,55,89689.0,5
2026-09-01,[제과_치즈팝콘] 26.08_치즈팝콘출시_수동_전환_image_전체타겟,(0824) 혜택강조형_물림페인포인트_치즈팝콘재입고 (KR2) (서연님),[26.08]F_I_PC치_전환_치즈팝콘재입고_혜택강조형__.배너_갈릭감칠맛으로.__고민지_260828_제과_박서연,72,0,1227.0,0
2026-09-01,(마스터ASC)[제과_블트하] 26.07_블트깡출시_ASC_전환_video,(마스터ASC)[제과_블트하] 26.07_블트깡출시_ASC_전환_video,[26.09]F_V_BT칩_전환_블트깡출시_쩜오건_나폴리맛피아.KR2_var4.릴스_비하인드.렉카.슬기.X_1P__260901_제과_피재은,698,15,16254.0,1
2026-08-24,(ASC) [제과_블트하] 26.07_블트칩출시_ASC_전환_image,(ASC)[제과_블트하] 26.07_블트칩출시_ASC_전환_image,[26.07]F_I_BT혼_전환_블트칩출시_혜택강조형_KR2_.릴스_모션.쌀때쟁이세요.__김소희_260729_제과_박서연,7,0,196.0,0
2026-08-24,(ASC) [제과_블트하] 26.07_블트깡출시_ASC_전환_image,(ASC)[제과_블트하] 26.07_블트깡출시_ASC_전환_image,[26.07]F_I_BT칩_전환_블트칩출시_혜택강조형_KR2_.배너_급구개당1천원대.__김소희_260731_제과_김수정,185,3,3589.0,1
2026-08-24,(마스터ASC)[제과_블트하] 26.07_블트깡출시_ASC_전환_video,(마스터ASC)[제과_블트하] 26.07_블트깡출시_ASC_전환_video,[26.08]F_V_BT깡_전환_블트깡출시_라이브커머스형_라이브커머스형.KR1_var3.릴스_찐템강조.댓글.슬기.X_1P_김소희_260811_제과_피재은,2,0,32.0,0
2026-08-24,[제과_블트하] 26.07_블트깡출시_수동_전환_video_전체타겟,0820_검증포맷이식_블트깡출시 (KR1),[26.08]F_V_BT깡_전환_블트깡출시_쩜오건_시즈닝강조.이국주.KR1_main.릴스_블트깡.메인.슬기.X_1P__260820_제과_문형민,1506,14,28046.0,1
2026-08-24,[제과_블트하] 26.07_블트깡출시_수동_전환_video_전체타겟,0820_검증포맷이식_블트깡출시 (KR1),[26.08]F_V_BT칩_전환_블트칩출시_쩜오건_시즈닝강조.이국주.KR1_var5.릴스_블트칩.메인.슬기.X_1P__260820_제과_문형민,8529,104,136317.0,10
2026-08-25,(ASC) [제과_블트하] 26.07_블트깡출시_ASC_전환_image,(ASC)[제과_블트하] 26.07_블트깡출시_ASC_전환_image,[26.07]F_I_BT칩_전환_블트칩출시_혜택강조형_KR2_.배너_급구개당1천원대.__김소희_260731_제과_김수정,526,6,14427.0,0
2026-08-25,[제과_블트하] 26.07_블트깡출시_수동_전환_video_전체타겟,0820_검증포맷이식_블트깡출시 (KR1),[26.08]F_V_BT칩_전환_블트칩출시_쩜오건_시즈닝강조.이국주.KR1_var5.릴스_블트칩.메인.슬기.X_1P__260820_제과_문형민,3333,34,49301.0,2
2026-08-25,(마스터ASC)[제과_치즈팝콘] 26.08_치즈팝콘출시_ASC_전환_image_전체타겟,(마스터ASC)[제과_치즈팝콘] 26.08_치즈팝콘출시_ASC_전환_image_전체타겟,[26.08]F_I_PC치_전환_치즈팝콘재입고_혜택강조형_KR1.재입고이슈_.배너_끝없이손이가는치즈갈릭.__권미정_260824_제과_박서연,30,1,884.0,1
2026-08-25,(마스터ASC)[제과_치즈팝콘] 26.08_치즈팝콘출시_ASC_전환_image_전체타겟,(마스터ASC)[제과_치즈팝콘] 26.08_치즈팝콘출시_ASC_전환_image_전체타겟,[26.08]F_I_PC치_전환_치즈팝콘재입고_혜택강조형_KR2.물림페포_.배너_급구.맨날손이가는인간사료.__권미정_260824_제과_박서연,37,2,971.0,0
2026-08-26,(ASC) [제과_블트하] 26.07_블트깡출시_ASC_전환_image,(ASC)[제과_블트하] 26.07_블트깡출시_ASC_전환_image,[26.07]F_I_BT칩_전환_블트칩출시_혜택강조형_KR2_.배너_급구개당1천원대.__김소희_260731_제과_김수정,620,7,13865.0,1
2026-08-26,(마스터ASC)[제과_치즈팝콘] 26.08_치즈팝콘출시_ASC_전환_image_전체타겟,(마스터ASC)[제과_치즈팝콘] 26.08_치즈팝콘출시_ASC_전환_image_전체타겟,[26.08]F_I_PC치_전환_치즈팝콘재입고_혜택강조형_KR1.재입고이슈_.배너_끝없이손이가는치즈갈릭.__권미정_260824_제과_박서연,2,0,55.0,0
2026-08-26,(마스터ASC)[제과_치즈팝콘] 26.08_치즈팝콘출시_ASC_전환_image_전체타겟,(마스터ASC)[제과_치즈팝콘] 26.08_치즈팝콘출시_ASC_전환_image_전체타겟,[26.08]F_I_PC치_전환_치즈팝콘재입고_혜택강조형_KR2.물림페포_.배너_급구.맨날손이가는인간사료.__권미정_260824_제과_박서연,1,0,7.0,0
2026-08-26,(ASC) [제과_블트하] 26.08_블트깡출시_ASC_전환_image,(ASC) [제과_블트하] 26.08_블트하출시_ASC_전환_image,[26.08]F_I_BT깡_전환_블트칩출시_혜택강조형_KR1.이탈리아_.배너_희소성.미슐랭셰프.__김소희_260825_제과_김수정,736,14,14770.0,0
2026-08-27,(ASC) [제과_블트하] 26.07_블트깡출시_ASC_전환_image,(ASC)[제과_블트하] 26.07_블트깡출시_ASC_전환_image,[26.07]F_I_BT칩_전환_블트칩출시_혜택강조형_KR2_.배너_급구개당1천원대.__김소희_260731_제과_김수정,180,2,2652.0,0
2026-08-27,(마스터ASC)[제과_치즈팝콘] 26.08_치즈팝콘출시_ASC_전환_image_전체타겟,(마스터ASC)[제과_치즈팝콘] 26.08_치즈팝콘출시_ASC_전환_image_전체타겟,[26.08]F_I_PC치_전환_치즈팝콘재입고_혜택강조형_KR1.재입고이슈_.배너_끝없이손이가는치즈갈릭.__권미정_260824_제과_박서연,1,0,16.0,0
2026-08-27,(ASC) [제과_블트하] 26.08_블트깡출시_ASC_전환_image,(ASC) [제과_블트하] 26.08_블트하출시_ASC_전환_image,[26.08]F_I_BT깡_전환_블트칩출시_혜택강조형_KR1.이탈리아_.배너_희소성.미슐랭셰프.__김소희_260825_제과_김수정,648,11,18053.0,1
2026-08-27,(ASC) [제과_블트하] 26.08_블트깡출시_ASC_전환_image,(ASC) [제과_블트하] 26.08_블트하출시_ASC_전환_image,[26.08]F_I_BT칩_전환_블트칩출시_혜택강조형_KR2.진짜트러플비교_.배너_제작자.아무트러플이나쓰지않습니다.__김소희_260826_제과_박서연,3,0,53.0,0
2026-08-28,(ASC) [제과_블트하] 26.07_블트깡출시_ASC_전환_image,(ASC)[제과_블트하] 26.07_블트깡출시_ASC_전환_image,[26.07]F_I_BT칩_전환_블트칩출시_혜택강조형_KR2_.배너_급구개당1천원대.__김소희_260731_제과_김수정,254,4,5596.0,0
2026-08-28,(ASC) [제과_블트하] 26.08_블트깡출시_ASC_전환_image,(ASC) [제과_블트하] 26.08_블트하출시_ASC_전환_image,[26.08]F_I_BT깡_전환_블트칩출시_혜택강조형_GFA베리_.배너_지금사세요이젠팔고싶어도.__최나영_260818_제과_박서연,1,0,10.0,0
2026-08-28,(ASC) [제과_블트하] 26.08_블트깡출시_ASC_전환_image,(ASC) [제과_블트하] 26.08_블트하출시_ASC_전환_image,[26.08]F_I_BT깡_전환_블트칩출시_혜택강조형_GFA베리_.배너_육퇴후야식으로일주일만에.__최나영_260818_제과_박서연,2,0,13.0,0
2026-08-28,(마스터ASC)[제과_치즈팝콘] 26.08_치즈팝콘출시_ASC_전환_image_전체타겟,(마스터ASC)[제과_치즈팝콘] 26.08_치즈팝콘출시_ASC_전환_image_전체타겟,[26.08]F_I_PC치_전환_치즈팝콘재입고_혜택강조형_KR1.재입고이슈_.배너_끝없이손이가는치즈갈릭.__권미정_260824_제과_박서연,6,0,78.0,0
2026-08-28,(마스터ASC) [제과_블트하] 26.09_블트깡출시_ASC_전환_image,(마스터ASC) [제과_블트하] 26.09_블트깡출시_ASC_전환_image,[26.08]F_I_BT깡_전환_블트칩출시_혜택강조형_나폴리맛피아.KR2_.배너_이탈리아권위.맛피아트러플은원래.__김소희_260828_제과_박서연,6,0,82.0,0
2026-08-28,[칩] (마스터ASC)[제과_블트하] 26.07_블트칩출시_ASC_전환_video,[칩] (마스터ASC)[제과_블트하] 26.07_블트칩출시_ASC_전환_video,[26.09]F_V_BT칩_전환_블트깡출시_기타_백정BP.나폴리맛피아.KR2_var3.릴스_대기업카피.X_1P__260901_제과_피재은,249,3,6160.0,0
2026-08-29,(ASC) [제과_블트하] 26.07_블트깡출시_ASC_전환_image,(ASC)[제과_블트하] 26.07_블트깡출시_ASC_전환_image,[26.07]F_I_BT칩_전환_블트칩출시_혜택강조형_KR2_.배너_급구개당1천원대.__김소희_260731_제과_김수정,394,5,9482.0,0
2026-08-29,(마스터ASC)[제과_치즈팝콘] 26.08_치즈팝콘출시_ASC_전환_image_전체타겟,(마스터ASC)[제과_치즈팝콘] 26.08_치즈팝콘출시_ASC_전환_image_전체타겟,[26.08]F_I_PC치_전환_치즈팝콘재입고_혜택강조형_KR1.재입고이슈_.배너_끝없이손이가는치즈갈릭.__권미정_260824_제과_박서연,10,0,159.0,0
2026-08-29,(마스터ASC) [제과_블트하] 26.09_블트깡출시_ASC_전환_image,(마스터ASC) [제과_블트하] 26.09_블트깡출시_ASC_전환_image,[26.08]F_I_BT깡_전환_블트칩출시_혜택강조형_나폴리맛피아.KR2_.배너_이탈리아권위.맛피아트러플은원래.__김소희_260828_제과_박서연,127,0,3453.0,0
2026-08-29,(마스터ASC) [제과_블트하] 26.09_블트깡출시_ASC_전환_image,(마스터ASC) [제과_블트하] 26.09_블트깡출시_ASC_전환_image,[26.08]F_I_BT혼_전환_블트칩출시_혜택강조형_나폴리맛피아.신규_.배너_브랜디드.트러플하몽칩역대급할인.__김소희_260828_제과_김수정,145,5,3845.0,0
2026-08-29,(마스터ASC) [제과_블트하] 26.09_블트깡출시_ASC_전환_image,(마스터ASC) [제과_블트하] 26.09_블트깡출시_ASC_전환_image,[26.08]F_I_BT칩_전환_블트칩출시_혜택강조형_나폴리맛피아.신규_.릴스_브랜디드.이탈리아떠올리게만드는.__김소희_260828_제과_김수정,889,8,22496.0,2
2026-08-29,[칩] (마스터ASC)[제과_블트하] 26.07_블트칩출시_ASC_전환_video,[칩] (마스터ASC)[제과_블트하] 26.07_블트칩출시_ASC_전환_video,[26.09]F_V_BT칩_전환_블트깡출시_기타_백정BP.나폴리맛피아.KR2_var3.릴스_대기업카피.X_1P__260901_제과_피재은,233,3,5513.0,0
2026-08-30,(ASC) [제과_블트하] 26.07_블트깡출시_ASC_전환_image,(ASC)[제과_블트하] 26.07_블트깡출시_ASC_전환_image,[26.07]F_I_BT칩_전환_블트칩출시_혜택강조형_KR2_.배너_급구개당1천원대.__김소희_260731_제과_김수정,711,7,16760.0,1
2026-08-30,(마스터ASC)[제과_블트하] 26.07_블트깡출시_ASC_전환_video,(마스터ASC)[제과_블트하] 26.07_블트깡출시_ASC_전환_video,[26.08]F_V_BT깡_전환_블트깡출시_라이브커머스형_라이브커머스형.KR1_var3.릴스_찐템강조.댓글.슬기.X_1P_김소희_260811_제과_피재은,5,0,87.0,0
2026-08-30,(마스터ASC)[제과_치즈팝콘] 26.08_치즈팝콘출시_ASC_전환_image_전체타겟,(마스터ASC)[제과_치즈팝콘] 26.08_치즈팝콘출시_ASC_전환_image_전체타겟,[26.08]F_I_PC치_전환_치즈팝콘재입고_혜택강조형_KR1.재입고이슈_.배너_끝없이손이가는치즈갈릭.__권미정_260824_제과_박서연,30,2,941.0,0
2026-08-30,(마스터ASC)[제과_치즈팝콘] 26.08_치즈팝콘출시_ASC_전환_image_전체타겟,(마스터ASC)[제과_치즈팝콘] 26.08_치즈팝콘출시_ASC_전환_image_전체타겟,[26.08]F_I_PC치_전환_치즈팝콘재입고_혜택강조형_KR2.물림페포_.배너_급구.맨날손이가는인간사료.__권미정_260824_제과_박서연,4,0,140.0,0
2026-08-30,(마스터ASC) [제과_블트하] 26.09_블트깡출시_ASC_전환_image,(마스터ASC) [제과_블트하] 26.09_블트깡출시_ASC_전환_image,[26.08]F_I_BT깡_전환_블트칩출시_혜택강조형_나폴리맛피아.KR2_.배너_이탈리아권위.맛피아트러플은원래.__김소희_260828_제과_박서연,5,0,45.0,0
2026-08-30,(마스터ASC) [제과_블트하] 26.09_블트깡출시_ASC_전환_image,(마스터ASC) [제과_블트하] 26.09_블트깡출시_ASC_전환_image,[26.08]F_I_BT혼_전환_블트칩출시_혜택강조형_나폴리맛피아.신규_.배너_브랜디드.트러플하몽칩역대급할인.__김소희_260828_제과_김수정,51,1,1602.0,0
2026-08-30,(마스터ASC) [제과_블트하] 26.09_블트깡출시_ASC_전환_image,(마스터ASC) [제과_블트하] 26.09_블트깡출시_ASC_전환_image,[26.08]F_I_BT칩_전환_블트칩출시_혜택강조형_나폴리맛피아.신규_.릴스_브랜디드.이탈리아떠올리게만드는.__김소희_260828_제과_김수정,844,12,26906.0,2
2026-08-30,[칩] (마스터ASC)[제과_블트하] 26.07_블트칩출시_ASC_전환_video,[칩] (마스터ASC)[제과_블트하] 26.07_블트칩출시_ASC_전환_video,[26.09]F_V_BT칩_전환_블트깡출시_기타_백정BP.나폴리맛피아.KR2_var3.릴스_대기업카피.X_1P__260901_제과_피재은,291,3,6622.0,0
2026-08-31,(ASC) [제과_블트하] 26.07_블트깡출시_ASC_전환_image,(ASC)[제과_블트하] 26.07_블트깡출시_ASC_전환_image,[26.07]F_I_BT칩_전환_블트칩출시_혜택강조형_KR2_.배너_급구개당1천원대.__김소희_260731_제과_김수정,541,5,14919.0,0
2026-08-31,(ASC) [제과_블트하] 26.08_블트깡출시_ASC_전환_image,(ASC) [제과_블트하] 26.08_블트하출시_ASC_전환_image,[26.08]F_I_BT깡_전환_블트칩출시_혜택강조형_GFA베리_.배너_지금사세요이젠팔고싶어도.__최나영_260818_제과_박서연,11,1,401.0,0
2026-08-31,(ASC) [제과_블트하] 26.08_블트깡출시_ASC_전환_image,(ASC) [제과_블트하] 26.08_블트하출시_ASC_전환_image,[26.08]F_I_BT깡_전환_블트칩출시_혜택강조형_GFA베리_.배너_육퇴후야식으로일주일만에.__최나영_260818_제과_박서연,5,0,47.0,0
2026-08-31,(마스터ASC)[제과_치즈팝콘] 26.08_치즈팝콘출시_ASC_전환_image_전체타겟,(마스터ASC)[제과_치즈팝콘] 26.08_치즈팝콘출시_ASC_전환_image_전체타겟,[26.08]F_I_PC치_전환_치즈팝콘재입고_혜택강조형_KR1.재입고이슈_.배너_끝없이손이가는치즈갈릭.__권미정_260824_제과_박서연,169,0,2662.0,0
2026-08-31,(마스터ASC) [제과_블트하] 26.09_블트깡출시_ASC_전환_image,(마스터ASC) [제과_블트하] 26.09_블트깡출시_ASC_전환_image,[26.08]F_I_BT깡_전환_블트칩출시_혜택강조형_나폴리맛피아.KR2_.배너_이탈리아권위.맛피아트러플은원래.__김소희_260828_제과_박서연,26,2,594.0,0
2026-08-31,(마스터ASC) [제과_블트하] 26.09_블트깡출시_ASC_전환_image,(마스터ASC) [제과_블트하] 26.09_블트깡출시_ASC_전환_image,[26.08]F_I_BT혼_전환_블트칩출시_혜택강조형_나폴리맛피아.신규_.배너_브랜디드.트러플하몽칩역대급할인.__김소희_260828_제과_김수정,81,1,1924.0,0
2026-08-31,(마스터ASC) [제과_블트하] 26.09_블트깡출시_ASC_전환_image,(마스터ASC) [제과_블트하] 26.09_블트깡출시_ASC_전환_image,[26.08]F_I_BT칩_전환_블트칩출시_혜택강조형_나폴리맛피아.신규_.릴스_브랜디드.이탈리아떠올리게만드는.__김소희_260828_제과_김수정,880,16,33158.0,2
2026-08-31,[칩] (마스터ASC)[제과_블트하] 26.07_블트칩출시_ASC_전환_video,[칩] (마스터ASC)[제과_블트하] 26.07_블트칩출시_ASC_전환_video,[26.09]F_V_BT칩_전환_블트깡출시_기타_백정BP.나폴리맛피아.KR2_var3.릴스_대기업카피.X_1P__260901_제과_피재은,8192,91,162482.0,11
2026-09-01,(마스터ASC)[제과_블트하] 26.07_블트깡출시_ASC_전환_video,(마스터ASC)[제과_블트하] 26.07_블트깡출시_ASC_전환_video,[26.08]F_V_BT깡_전환_블트깡출시_라이브커머스형_라이브커머스형.KR1_var3.릴스_찐템강조.댓글.슬기.X_1P_김소희_260811_제과_피재은,1,0,10.0,0
2026-09-01,(마스터ASC)[제과_치즈팝콘] 26.08_치즈팝콘출시_ASC_전환_image_전체타겟,(마스터ASC)[제과_치즈팝콘] 26.08_치즈팝콘출시_ASC_전환_image_전체타겟,[26.08]F_I_PC치_전환_치즈팝콘재입고_혜택강조형_KR1.재입고이슈_.배너_끝없이손이가는치즈갈릭.__권미정_260824_제과_박서연,101,1,1682.0,1
2026-09-01,(마스터ASC) [제과_블트하] 26.09_블트깡출시_ASC_전환_image,(마스터ASC) [제과_블트하] 26.09_블트깡출시_ASC_전환_image,[26.08]F_I_BT깡_전환_블트칩출시_혜택강조형_나폴리맛피아.KR2_.배너_이탈리아권위.맛피아트러플은원래.__김소희_260828_제과_박서연,3,0,42.0,0
2026-09-01,(마스터ASC) [제과_블트하] 26.09_블트깡출시_ASC_전환_image,(마스터ASC) [제과_블트하] 26.09_블트깡출시_ASC_전환_image,[26.08]F_I_BT혼_전환_블트칩출시_혜택강조형_나폴리맛피아.신규_.배너_브랜디드.트러플하몽칩역대급할인.__김소희_260828_제과_김수정,28,0,564.0,0
2026-09-01,[칩] (마스터ASC)[제과_블트하] 26.07_블트칩출시_ASC_전환_video,[칩] (마스터ASC)[제과_블트하] 26.07_블트칩출시_ASC_전환_video,[26.09]F_V_BT칩_전환_블트깡출시_기타_백정BP.나폴리맛피아.KR2_var3.릴스_대기업카피.X_1P__260901_제과_피재은,38904,443,675102.0,46
2026-09-01,[제과_블트하] 26.07_블트깡출시_수동_전환_image_전체타겟,0901_맛피아디벨롭_블트칩출시  (KR1/2),[26.08]F_I_BT칩_전환_블트칩출시_혜택강조형_나폴리맛피아.KR1_.릴스_사적소비실체.편의점갈때마다.__김소희_260901_제과_김수정,41,0,865.0,0
2026-08-24,(ASC) [제과_블트하] 26.07_블트칩출시_ASC_전환_image,(ASC)[제과_블트하] 26.07_블트칩출시_ASC_전환_image,[26.07]F_I_BT칩_전환_블트칩출시_혜택강조형_KR2_.릴스_모션.옆짐맘들맛잘알.__김소희_260729_제과_박서연,914,12,19374.0,1
2026-08-24,[제과_블트하] 26.07_블트깡출시_수동_전환_image_전체타겟,0820_이국주(~0912)_블트칩출시 (KR1),[26.08]F_I_BT깡_전환_블트칩출시_유명인권위형_이국주.KR1_.릴스_품절대란이라.유행강조.__김소희_260814_제과_김수정,39,0,1255.0,0
2026-08-24,[제과_블트하] 26.07_블트깡출시_수동_전환_video_전체타겟,0820_공구네고형_블트칩출시 (KR2),[26.08]F_V_BT칩_전환_블트칩출시_네고형_공구네고형.이국주.KR2_main.릴스_메인.X_1P_최나영_260820_제과_피재은,161,1,4004.0,0
2026-08-24,[칩] (마스터ASC)[제과_블트하] 26.07_블트칩출시_ASC_전환_video,[칩] (마스터ASC)[제과_블트하] 26.07_블트칩출시_ASC_전환_video,[26.08]F_V_BT칩_전환_블트칩출시_혜택희소성_물류대세감.이국주.KR1_var2.릴스_죄송.시즈닝강조.슬기.X_1P__260821_제과_문형민,91,0,2349.0,0
2026-08-24,[제과_치즈팝콘] 26.08_치즈팝콘출시_수동_전환_image_전체타겟,(0824) 혜택강조형_재입고이슈_치즈팝콘재입고 (KR2) (서연님),[26.08]F_I_PC치_전환_치즈팝콘재입고_혜택강조형_KR1.재입고이슈_.배너_공지문.재입고이슈.__권미정_260824_제과_박서연,45,1,1120.0,0
2026-08-25,(ASC) [제과_블트하] 26.07_블트칩출시_ASC_전환_image,(ASC)[제과_블트하] 26.07_블트칩출시_ASC_전환_image,[26.07]F_I_BT칩_전환_블트칩출시_혜택강조형_KR2_.릴스_모션.옆짐맘들맛잘알.__김소희_260729_제과_박서연,972,15,25382.0,1
2026-08-25,[제과_블트하] 26.07_블트깡출시_수동_전환_image_전체타겟,0820_이국주(~0912)_블트칩출시 (KR1),[26.08]F_I_BT깡_전환_블트칩출시_유명인권위형_이국주.KR1_.릴스_품절대란이라.유행강조.__김소희_260814_제과_김수정,7,0,136.0,0
2026-08-25,[칩] (마스터ASC)[제과_블트하] 26.07_블트칩출시_ASC_전환_video,[칩] (마스터ASC)[제과_블트하] 26.07_블트칩출시_ASC_전환_video,[26.08]F_V_BT칩_전환_블트칩출시_혜택희소성_물류대세감.이국주.KR1_var2.릴스_죄송.시즈닝강조.슬기.X_1P__260821_제과_문형민,116,2,2113.0,0
2026-08-25,[제과_치즈팝콘] 26.08_치즈팝콘출시_수동_전환_image_전체타겟,(0824) 혜택강조형_재입고이슈_치즈팝콘재입고 (KR2) (서연님),[26.08]F_I_PC치_전환_치즈팝콘재입고_혜택강조형_KR1.재입고이슈_.배너_공지문.재입고이슈.__권미정_260824_제과_박서연,1243,21,24943.0,3
2026-08-26,(마스터ASC)[제과_치즈팝콘] 26.08_치즈팝콘출시_ASC_전환_image_전체타겟,(마스터ASC)[제과_치즈팝콘] 26.08_치즈팝콘출시_ASC_전환_image_전체타겟,[26.07]F_I_PC치_전환_치즈팝콘출시_혜택강조형_KR1_.피드_이니1.소비상황.댓글형.__권미정_260805_제과_박서연,13,1,153.0,0
2026-08-26,(ASC) [제과_블트하] 26.08_블트깡출시_ASC_전환_image,(ASC) [제과_블트하] 26.08_블트하출시_ASC_전환_image,[26.08]F_I_BT칩_전환_블트칩출시_혜택강조형_KR1_.피드_리뷰형.학부모밴드.__김소희_260806_제과_박서연,102,0,1610.0,0
2026-08-26,[제과_블트하] 26.07_블트깡출시_수동_전환_video_전체타겟,0820_공구네고형_블트칩출시 (KR2),[26.08]F_V_BT칩_전환_블트칩출시_네고형_공구네고형.이국주.KR2_main.릴스_메인.X_1P_최나영_260820_제과_피재은,5,0,271.0,0
2026-08-26,[칩] (마스터ASC)[제과_블트하] 26.07_블트칩출시_ASC_전환_video,[칩] (마스터ASC)[제과_블트하] 26.07_블트칩출시_ASC_전환_video,[26.08]F_V_BT칩_전환_블트칩출시_혜택희소성_물류대세감.이국주.KR1_var2.릴스_죄송.시즈닝강조.슬기.X_1P__260821_제과_문형민,1812,22,45655.0,4
2026-08-26,[제과_치즈팝콘] 26.08_치즈팝콘출시_수동_전환_image_전체타겟,(0824) 혜택강조형_재입고이슈_치즈팝콘재입고 (KR2) (서연님),[26.08]F_I_PC치_전환_치즈팝콘재입고_혜택강조형_KR1.재입고이슈_.배너_공지문.재입고이슈.__권미정_260824_제과_박서연,1188,20,20129.0,2
2026-08-27,(ASC) [제과_블트하] 26.08_블트깡출시_ASC_전환_image,(ASC) [제과_블트하] 26.08_블트하출시_ASC_전환_image,[26.08]F_I_BT칩_전환_블트칩출시_혜택강조형_KR1_.피드_리뷰형.학부모밴드.__김소희_260806_제과_박서연,142,1,2391.0,0
2026-08-27,[제과_블트하] 26.07_블트깡출시_수동_전환_video_전체타겟,0820_공구네고형_블트칩출시 (KR2),[26.08]F_V_BT칩_전환_블트칩출시_네고형_공구네고형.이국주.KR2_main.릴스_메인.X_1P_최나영_260820_제과_피재은,2,0,25.0,0
2026-08-27,[칩] (마스터ASC)[제과_블트하] 26.07_블트칩출시_ASC_전환_video,[칩] (마스터ASC)[제과_블트하] 26.07_블트칩출시_ASC_전환_video,[26.08]F_V_BT칩_전환_블트칩출시_혜택희소성_물류대세감.이국주.KR1_var2.릴스_죄송.시즈닝강조.슬기.X_1P__260821_제과_문형민,9532,103,184015.0,8
2026-08-28,(ASC) [제과_블트하] 26.08_블트깡출시_ASC_전환_image,(ASC) [제과_블트하] 26.08_블트하출시_ASC_전환_image,[26.08]F_I_BT칩_전환_블트칩출시_혜택강조형_KR1_.피드_리뷰형.학부모밴드.__김소희_260806_제과_박서연,14,0,268.0,0
2026-08-28,[칩] (마스터ASC)[제과_블트하] 26.07_블트칩출시_ASC_전환_video,[칩] (마스터ASC)[제과_블트하] 26.07_블트칩출시_ASC_전환_video,[26.08]F_V_BT칩_전환_블트칩출시_혜택희소성_물류대세감.이국주.KR1_var2.릴스_죄송.시즈닝강조.슬기.X_1P__260821_제과_문형민,3700,50,69475.0,3
2026-08-28,(마스터ASC)[제과_블트하] 26.07_블트깡출시_ASC_전환_video,(마스터ASC)[제과_블트하] 26.07_블트깡출시_ASC_전환_video,[26.09]F_V_BT깡_전환_블트깡출시_쩜오건_나폴리맛피아.KR1_var3.릴스_BP그대로.슬기.X_1P__260901_제과_문형민,63,0,1429.0,0
2026-08-28,[제과_블트하] 26.07_블트깡출시_수동_전환_image_전체타겟,0901_맛피아디벨롭_블트칩출시  (KR1/2),[26.08]F_I_BT깡_전환_블트칩출시_혜택강조형_나폴리맛피아.KR2_.배너_파인다이닝프레임.이탈리아트러플.__김소희_260828_제과_박서연,6,0,46.0,0
2026-08-28,[제과_블트하] 26.07_블트깡출시_수동_전환_image_전체타겟,0901_맛피아디벨롭_블트칩출시  (KR1/2),[26.08]F_I_BT깡_전환_블트칩출시_혜택강조형_나폴리맛피아.KR2_.배너_파인다이닝프레임.파인다이닝급.__김소희_260828_제과_박서연,49,1,1038.0,0
2026-08-28,(마스터ASC) [제과_블트하] 26.09_블트깡출시_ASC_전환_image,(마스터ASC) [제과_블트하] 26.09_블트깡출시_ASC_전환_image,[26.08]F_I_BT칩_전환_블트칩출시_혜택강조형_나폴리맛피아.신규_.배너_브랜디드.1천원대까지깎았.__김소희_260828_제과_김수정,24,0,862.0,0
2026-08-29,(마스터ASC)[제과_치즈팝콘] 26.08_치즈팝콘출시_ASC_전환_image_전체타겟,(마스터ASC)[제과_치즈팝콘] 26.08_치즈팝콘출시_ASC_전환_image_전체타겟,[26.07]F_I_PC치_전환_치즈팝콘출시_혜택강조형_KR1_.피드_이니1.소비상황.댓글형.__권미정_260805_제과_박서연,44,0,641.0,0
2026-08-29,[제과_블트하] 26.07_블트깡출시_수동_전환_video_전체타겟,0820_공구네고형_블트칩출시 (KR2),[26.08]F_V_BT칩_전환_블트칩출시_네고형_공구네고형.이국주.KR2_main.릴스_메인.X_1P_최나영_260820_제과_피재은,46,1,1064.0,0
2026-08-29,(마스터ASC)[제과_블트하] 26.07_블트깡출시_ASC_전환_video,(마스터ASC)[제과_블트하] 26.07_블트깡출시_ASC_전환_video,[26.09]F_V_BT깡_전환_블트깡출시_쩜오건_나폴리맛피아.KR1_var3.릴스_BP그대로.슬기.X_1P__260901_제과_문형민,344,2,5557.0,0
2026-08-29,[제과_블트하] 26.07_블트깡출시_수동_전환_image_전체타겟,0901_맛피아디벨롭_블트칩출시  (KR1/2),[26.08]F_I_BT깡_전환_블트칩출시_혜택강조형_나폴리맛피아.KR2_.배너_파인다이닝프레임.이탈리아트러플.__김소희_260828_제과_박서연,104,2,4948.0,0
2026-08-29,[제과_블트하] 26.07_블트깡출시_수동_전환_image_전체타겟,0901_맛피아디벨롭_블트칩출시  (KR1/2),[26.08]F_I_BT깡_전환_블트칩출시_혜택강조형_나폴리맛피아.KR2_.배너_파인다이닝프레임.파인다이닝급.__김소희_260828_제과_박서연,137,2,4609.0,0
2026-08-29,(마스터ASC) [제과_블트하] 26.09_블트깡출시_ASC_전환_image,(마스터ASC) [제과_블트하] 26.09_블트깡출시_ASC_전환_image,[26.08]F_I_BT칩_전환_블트칩출시_혜택강조형_나폴리맛피아.신규_.배너_브랜디드.1천원대까지깎았.__김소희_260828_제과_김수정,775,11,26122.0,2
2026-08-30,(마스터ASC)[제과_블트하] 26.07_블트깡출시_ASC_전환_video,(마스터ASC)[제과_블트하] 26.07_블트깡출시_ASC_전환_video,[26.09]F_V_BT깡_전환_블트깡출시_쩜오건_나폴리맛피아.KR1_var3.릴스_BP그대로.슬기.X_1P__260901_제과_문형민,1018,3,17758.0,1
2026-08-30,[제과_블트하] 26.07_블트깡출시_수동_전환_image_전체타겟,0901_맛피아디벨롭_블트칩출시  (KR1/2),[26.08]F_I_BT깡_전환_블트칩출시_혜택강조형_나폴리맛피아.KR2_.배너_파인다이닝프레임.이탈리아트러플.__김소희_260828_제과_박서연,25,0,659.0,0
2026-08-30,[제과_블트하] 26.07_블트깡출시_수동_전환_image_전체타겟,0901_맛피아디벨롭_블트칩출시  (KR1/2),[26.08]F_I_BT깡_전환_블트칩출시_혜택강조형_나폴리맛피아.KR2_.배너_파인다이닝프레임.파인다이닝급.__김소희_260828_제과_박서연,38,0,1026.0,0
2026-08-30,(마스터ASC) [제과_블트하] 26.09_블트깡출시_ASC_전환_image,(마스터ASC) [제과_블트하] 26.09_블트깡출시_ASC_전환_image,[26.08]F_I_BT칩_전환_블트칩출시_혜택강조형_나폴리맛피아.신규_.배너_브랜디드.1천원대까지깎았.__김소희_260828_제과_김수정,620,8,17027.0,0
2026-08-31,(마스터ASC)[제과_치즈팝콘] 26.08_치즈팝콘출시_ASC_전환_image_전체타겟,(마스터ASC)[제과_치즈팝콘] 26.08_치즈팝콘출시_ASC_전환_image_전체타겟,[26.07]F_I_PC치_전환_치즈팝콘출시_혜택강조형_KR1_.피드_이니1.소비상황.댓글형.__권미정_260805_제과_박서연,64,0,709.0,0
2026-08-31,[제과_블트하] 26.07_블트깡출시_수동_전환_image_전체타겟,0901_맛피아디벨롭_블트칩출시  (KR1/2),[26.08]F_I_BT깡_전환_블트칩출시_혜택강조형_나폴리맛피아.KR2_.배너_파인다이닝프레임.이탈리아트러플.__김소희_260828_제과_박서연,343,6,10923.0,0
2026-08-31,[제과_블트하] 26.07_블트깡출시_수동_전환_image_전체타겟,0901_맛피아디벨롭_블트칩출시  (KR1/2),[26.08]F_I_BT깡_전환_블트칩출시_혜택강조형_나폴리맛피아.KR2_.배너_파인다이닝프레임.파인다이닝급.__김소희_260828_제과_박서연,111,0,3143.0,0
2026-09-01,(마스터ASC)[제과_치즈팝콘] 26.08_치즈팝콘출시_ASC_전환_image_전체타겟,(마스터ASC)[제과_치즈팝콘] 26.08_치즈팝콘출시_ASC_전환_image_전체타겟,[26.07]F_I_PC치_전환_치즈팝콘출시_혜택강조형_KR1_.피드_이니1.소비상황.댓글형.__권미정_260805_제과_박서연,10,0,106.0,0
2026-09-01,(ASC) [제과_블트하] 26.08_블트깡출시_ASC_전환_image,(ASC) [제과_블트하] 26.08_블트하출시_ASC_전환_image,[26.08]F_I_BT칩_전환_블트칩출시_혜택강조형_KR1_.피드_리뷰형.학부모밴드.__김소희_260806_제과_박서연,6,0,90.0,0
2026-09-01,[제과_블트하] 26.07_블트깡출시_수동_전환_image_전체타겟,0820_이국주(~0912)_블트칩출시 (KR1),[26.08]F_I_BT깡_전환_블트칩출시_유명인권위형_이국주.KR1_.릴스_품절대란이라.유행강조.__김소희_260814_제과_김수정,221,3,8125.0,1
2026-09-01,[제과_블트하] 26.07_블트깡출시_수동_전환_image_전체타겟,0901_맛피아디벨롭_블트칩출시  (KR1/2),[26.08]F_I_BT깡_전환_블트칩출시_혜택강조형_나폴리맛피아.KR2_.배너_파인다이닝프레임.이탈리아트러플.__김소희_260828_제과_박서연,868,9,18989.0,0
2026-09-01,[제과_블트하] 26.07_블트깡출시_수동_전환_image_전체타겟,0901_맛피아디벨롭_블트칩출시  (KR1/2),[26.08]F_I_BT깡_전환_블트칩출시_혜택강조형_나폴리맛피아.KR2_.배너_파인다이닝프레임.파인다이닝급.__김소희_260828_제과_박서연,42,0,903.0,0
2026-09-01,(고효율 재러닝)[제과_블트하] 26.08_블트깡출시_ASC_전환_image/video_8M1W,(고효율 재러닝)[제과_블트하] 26.08_블트깡출시_ASC_전환_image/video_8M1W,[26.08]F_V_BT칩_전환_블트칩출시_혜택희소성_물류대세감.이국주.KR1_main.릴스_메인.시즈닝강조.슬기.X_1P__260821_제과_문형민,54,2,1321.0,0
2026-09-01,[제과_블트하] 26.07_블트깡출시_수동_전환_video_전체타겟,0828_백정BP_블트칩출시 (맛피아) (KR2),[26.09]F_V_BT칩_전환_블트칩출시_기타_백정BP.나폴리맛피아.KR2_main.릴스_메인.(재).X_1P__260901_제과_피재은,891,11,14573.0,0
2026-08-24,(ASC) [제과_블트하] 26.07_블트칩출시_ASC_전환_image,(ASC)[제과_블트하] 26.07_블트칩출시_ASC_전환_image,[26.07]F_I_BT칩_전환_블트칩출시_혜택강조형_KR1_.피드_과자안먹는남편내돈내산.__김소희_260728_제과_김수정,241,4,3639.0,1
2026-08-24,(ASC) [제과_블트하] 26.08_블트깡출시_ASC_전환_image,(ASC) [제과_블트하] 26.08_블트하출시_ASC_전환_image,[26.08]F_I_BT혼_전환_블트칩출시_혜택강조형_KR1_.피드_마진포기합니다.하몽풍미감칠맛.__김소희_260806_제과_김수정,11,0,162.0,0
2026-08-24,(마스터ASC)[제과_블트하] 26.07_블트깡출시_ASC_전환_video,(마스터ASC)[제과_블트하] 26.07_블트깡출시_ASC_전환_video,[26.08]F_V_BT깡_전환_블트깡출시_라이브커머스형_라이브커머스형.KR1_var7.릴스_전체.스페인산.슬기.X_1P_김소희_260812_제과_피재은,1,0,0.0,0
2026-08-25,(ASC) [제과_블트하] 26.07_블트칩출시_ASC_전환_image,(ASC)[제과_블트하] 26.07_블트칩출시_ASC_전환_image,[26.07]F_I_BT칩_전환_블트칩출시_혜택강조형_KR1_.피드_과자안먹는남편내돈내산.__김소희_260728_제과_김수정,50,2,900.0,0
2026-08-25,(ASC) [제과_블트하] 26.07_블트칩출시_ASC_전환_image,(ASC)[제과_블트하] 26.07_블트칩출시_ASC_전환_image,[26.07]F_I_BT칩_전환_블트칩출시_혜택강조형_KR2_.릴스_안다르bp.냄새맡고옆자리동료.__김소희_260729_제과_박서연,13,0,385.0,0
2026-08-25,(ASC) [제과_블트하] 26.08_블트깡출시_ASC_전환_image,(ASC) [제과_블트하] 26.08_블트하출시_ASC_전환_image,[26.08]F_I_BT깡_전환_블트칩출시_유명인권위형_이국주.KR2_.릴스_옆자리에서.유행강조.__김소희_260814_제과_김수정,2,0,2.0,0
2026-08-25,(마스터ASC)[제과_치즈팝콘] 26.08_치즈팝콘출시_ASC_전환_image_전체타겟,(마스터ASC)[제과_치즈팝콘] 26.08_치즈팝콘출시_ASC_전환_image_전체타겟,[26.08]F_I_PC치_전환_치즈팝콘재입고_혜택강조형_KR2.물림페포_.배너_손가락에묻은치즈갈릭시즈닝까지.__권미정_260824_제과_박서연,38,0,1184.0,0
2026-08-26,(ASC) [제과_블트하] 26.07_블트칩출시_ASC_전환_image,(ASC)[제과_블트하] 26.07_블트칩출시_ASC_전환_image,[26.07]F_I_BT칩_전환_블트칩출시_혜택강조형_KR1_.피드_과자안먹는남편내돈내산.__김소희_260728_제과_김수정,519,4,7914.0,0
2026-08-26,(ASC) [제과_블트하] 26.07_블트칩출시_ASC_전환_image,(ASC)[제과_블트하] 26.07_블트칩출시_ASC_전환_image,[26.07]F_I_BT칩_전환_블트칩출시_혜택강조형_KR2_.릴스_안다르bp.냄새맡고옆자리동료.__김소희_260729_제과_박서연,1,0,4.0,0
2026-08-26,(마스터ASC)[제과_블트하] 26.07_블트깡출시_ASC_전환_video,(마스터ASC)[제과_블트하] 26.07_블트깡출시_ASC_전환_video,[26.08]F_V_BT깡_전환_블트깡출시_라이브커머스형_라이브커머스형.KR1_var1.릴스_찐템강조.주변.슬기.X_1P_김소희_260811_제과_피재은,3,0,86.0,0
2026-08-26,(마스터ASC)[제과_치즈팝콘] 26.08_치즈팝콘출시_ASC_전환_image_전체타겟,(마스터ASC)[제과_치즈팝콘] 26.08_치즈팝콘출시_ASC_전환_image_전체타겟,[26.08]F_I_PC치_전환_치즈팝콘재입고_혜택강조형_KR2.물림페포_.배너_손가락에묻은치즈갈릭시즈닝까지.__권미정_260824_제과_박서연,1,0,10.0,0
2026-08-26,[제과_블트하] 26.07_블트깡출시_수동_전환_image_전체타겟,0826_트러플비교_블트칩출시  (KR2),[26.08]F_I_BT칩_전환_블트칩출시_혜택강조형_KR2.진짜트러플비교_.배너_제작자.맛페포.이거트러플향만들었네.__김소희_260826_제과_박서연,3,0,46.0,0
2026-08-27,(ASC) [제과_블트하] 26.07_블트칩출시_ASC_전환_image,(ASC)[제과_블트하] 26.07_블트칩출시_ASC_전환_image,[26.07]F_I_BT칩_전환_블트칩출시_혜택강조형_KR1_.피드_과자안먹는남편내돈내산.__김소희_260728_제과_김수정,1883,15,22712.0,0
2026-08-27,(ASC) [제과_블트하] 26.08_블트깡출시_ASC_전환_image,(ASC) [제과_블트하] 26.08_블트하출시_ASC_전환_image,[26.08]F_I_BT혼_전환_블트칩출시_혜택강조형_KR1_.피드_마진포기합니다.하몽풍미감칠맛.__김소희_260806_제과_김수정,68,2,1332.0,0
2026-08-27,[제과_블트하] 26.07_블트깡출시_수동_전환_image_전체타겟,0826_트러플비교_블트칩출시  (KR2),[26.08]F_I_BT칩_전환_블트칩출시_혜택강조형_KR2.진짜트러플비교_.배너_제작자.맛페포.이거트러플향만들었네.__김소희_260826_제과_박서연,362,6,10954.0,0
2026-08-27,[제과_블트하] 26.07_블트깡출시_수동_전환_image_전체타겟,0826_트러플비교_블트칩출시  (KR2),[26.08]F_I_BT칩_전환_블트칩출시_혜택강조형_KR2.진짜트러플비교_.배너_제작자.아무트러플이나쓰지않습니다.__김소희_260826_제과_박서연,31,1,1028.0,0
2026-08-28,(ASC) [제과_블트하] 26.07_블트칩출시_ASC_전환_image,(ASC)[제과_블트하] 26.07_블트칩출시_ASC_전환_image,[26.07]F_I_BT칩_전환_블트칩출시_혜택강조형_KR1_.피드_과자안먹는남편내돈내산.__김소희_260728_제과_김수정,648,7,8392.0,0
2026-08-28,(ASC) [제과_블트하] 26.08_블트깡출시_ASC_전환_image,(ASC) [제과_블트하] 26.08_블트하출시_ASC_전환_image,[26.08]F_I_BT혼_전환_블트칩출시_혜택강조형_KR1_.피드_마진포기합니다.하몽풍미감칠맛.__김소희_260806_제과_김수정,3,0,59.0,0
2026-08-28,(마스터ASC)[제과_블트하] 26.07_블트깡출시_ASC_전환_video,(마스터ASC)[제과_블트하] 26.07_블트깡출시_ASC_전환_video,[26.08]F_V_BT깡_전환_블트깡출시_라이브커머스형_라이브커머스형.KR1_var1.릴스_찐템강조.주변.슬기.X_1P_김소희_260811_제과_피재은,4,0,228.0,0
2026-08-28,[제과_블트하] 26.07_블트깡출시_수동_전환_image_전체타겟,0826_트러플비교_블트칩출시  (KR2),[26.08]F_I_BT칩_전환_블트칩출시_혜택강조형_KR2.진짜트러플비교_.배너_제작자.맛페포.이거트러플향만들었네.__김소희_260826_제과_박서연,245,0,5294.0,0
2026-08-28,[제과_블트하] 26.07_블트깡출시_수동_전환_image_전체타겟,0826_트러플비교_블트칩출시  (KR2),[26.08]F_I_BT칩_전환_블트칩출시_혜택강조형_KR2.진짜트러플비교_.배너_제작자.아무트러플이나쓰지않습니다.__김소희_260826_제과_박서연,2,0,65.0,0
2026-08-28,[제과_블트하] 26.07_블트깡출시_수동_전환_image_전체타겟,0901_맛피아디벨롭_블트칩출시  (KR1/2),[26.08]F_I_BT깡_전환_블트칩출시_혜택강조형_나폴리맛피아.KR1_.배너_기존콜라보실체.콜라보감다살.__김소희_260828_제과_김수정,912,10,17289.0,0
2026-08-29,(ASC) [제과_블트하] 26.07_블트칩출시_ASC_전환_image,(ASC)[제과_블트하] 26.07_블트칩출시_ASC_전환_image,[26.07]F_I_BT칩_전환_블트칩출시_혜택강조형_KR1_.피드_과자안먹는남편내돈내산.__김소희_260728_제과_김수정,564,6,11970.0,0
2026-08-29,(ASC) [제과_블트하] 26.08_블트깡출시_ASC_전환_image,(ASC) [제과_블트하] 26.08_블트하출시_ASC_전환_image,[26.08]F_I_BT혼_전환_블트칩출시_혜택강조형_KR1_.피드_마진포기합니다.하몽풍미감칠맛.__김소희_260806_제과_김수정,31,0,797.0,0
2026-08-29,[제과_블트하] 26.07_블트깡출시_수동_전환_image_전체타겟,0826_트러플비교_블트칩출시  (KR2),[26.08]F_I_BT칩_전환_블트칩출시_혜택강조형_KR2.진짜트러플비교_.배너_제작자.맛페포.이거트러플향만들었네.__김소희_260826_제과_박서연,644,7,16751.0,0
2026-08-29,[제과_블트하] 26.07_블트깡출시_수동_전환_image_전체타겟,0826_트러플비교_블트칩출시  (KR2),[26.08]F_I_BT칩_전환_블트칩출시_혜택강조형_KR2.진짜트러플비교_.배너_제작자.아무트러플이나쓰지않습니다.__김소희_260826_제과_박서연,2,0,19.0,0
2026-08-29,(마스터ASC) [제과_블트하] 26.09_블트깡출시_ASC_전환_image,(마스터ASC) [제과_블트하] 26.09_블트깡출시_ASC_전환_image,[26.08]F_I_BT혼_전환_블트칩출시_혜택강조형_나폴리맛피아.신규_.배너_브랜디드.맛피아원픽과자.__김소희_260828_제과_김수정,14,0,470.0,0
2026-08-30,(ASC) [제과_블트하] 26.08_블트깡출시_ASC_전환_image,(ASC) [제과_블트하] 26.08_블트하출시_ASC_전환_image,[26.08]F_I_BT혼_전환_블트칩출시_혜택강조형_KR1_.피드_마진포기합니다.하몽풍미감칠맛.__김소희_260806_제과_김수정,1,0,4.0,0
2026-08-30,(마스터ASC)[제과_블트하] 26.07_블트깡출시_ASC_전환_video,(마스터ASC)[제과_블트하] 26.07_블트깡출시_ASC_전환_video,[26.08]F_V_BT깡_전환_블트깡출시_라이브커머스형_라이브커머스형.KR1_var7.릴스_전체.스페인산.슬기.X_1P_김소희_260812_제과_피재은,2,0,55.0,0
2026-08-30,(ASC) [제과_블트하] 26.08_블트깡출시_ASC_전환_image,(ASC) [제과_블트하] 26.08_블트하출시_ASC_전환_image,[26.08]F_I_BT칩_전환_블트칩출시_혜택강조형_GFA베리_.배너_퇴근후앉은자리3봉순삭.__최나영_260818_제과_박서연,3,0,134.0,0
2026-08-30,(마스터ASC)[제과_치즈팝콘] 26.08_치즈팝콘출시_ASC_전환_image_전체타겟,(마스터ASC)[제과_치즈팝콘] 26.08_치즈팝콘출시_ASC_전환_image_전체타겟,[26.08]F_I_PC치_전환_치즈팝콘재입고_혜택강조형_KR2.물림페포_.배너_손가락에묻은치즈갈릭시즈닝까지.__권미정_260824_제과_박서연,1,0,86.0,0
2026-08-30,(마스터ASC) [제과_블트하] 26.09_블트깡출시_ASC_전환_image,(마스터ASC) [제과_블트하] 26.09_블트깡출시_ASC_전환_image,[26.08]F_I_BT혼_전환_블트칩출시_혜택강조형_나폴리맛피아.신규_.배너_브랜디드.맛피아원픽과자.__김소희_260828_제과_김수정,2,0,59.0,0
2026-08-31,(ASC) [제과_블트하] 26.08_블트깡출시_ASC_전환_image,(ASC) [제과_블트하] 26.08_블트하출시_ASC_전환_image,[26.08]F_I_BT혼_전환_블트칩출시_혜택강조형_KR1_.피드_마진포기합니다.하몽풍미감칠맛.__김소희_260806_제과_김수정,481,13,8891.0,0
2026-08-31,(마스터ASC)[제과_블트하] 26.07_블트깡출시_ASC_전환_video,(마스터ASC)[제과_블트하] 26.07_블트깡출시_ASC_전환_video,[26.08]F_V_BT깡_전환_블트깡출시_라이브커머스형_라이브커머스형.KR1_var1.릴스_찐템강조.주변.슬기.X_1P_김소희_260811_제과_피재은,1,0,4.0,0
2026-08-31,(ASC) [제과_블트하] 26.08_블트깡출시_ASC_전환_image,(ASC) [제과_블트하] 26.08_블트하출시_ASC_전환_image,[26.08]F_I_BT깡_전환_블트칩출시_유명인권위형_이국주.KR2_.릴스_옆자리에서.유행강조.__김소희_260814_제과_김수정,2,0,15.0,0
2026-08-31,(마스터ASC)[제과_치즈팝콘] 26.08_치즈팝콘출시_ASC_전환_image_전체타겟,(마스터ASC)[제과_치즈팝콘] 26.08_치즈팝콘출시_ASC_전환_image_전체타겟,[26.08]F_I_PC치_전환_치즈팝콘재입고_혜택강조형_KR2.물림페포_.배너_손가락에묻은치즈갈릭시즈닝까지.__권미정_260824_제과_박서연,2,0,15.0,0
2026-08-31,(마스터ASC) [제과_블트하] 26.09_블트깡출시_ASC_전환_image,(마스터ASC) [제과_블트하] 26.09_블트깡출시_ASC_전환_image,[26.08]F_I_BT혼_전환_블트칩출시_혜택강조형_나폴리맛피아.신규_.배너_브랜디드.맛피아원픽과자.__김소희_260828_제과_김수정,1,0,18.0,0
2026-09-01,(ASC) [제과_블트하] 26.08_블트깡출시_ASC_전환_image,(ASC) [제과_블트하] 26.08_블트하출시_ASC_전환_image,[26.08]F_I_BT혼_전환_블트칩출시_혜택강조형_KR1_.피드_마진포기합니다.하몽풍미감칠맛.__김소희_260806_제과_김수정,6184,86,112861.0,9
2026-09-01,(마스터ASC)[제과_블트하] 26.07_블트깡출시_ASC_전환_video,(마스터ASC)[제과_블트하] 26.07_블트깡출시_ASC_전환_video,[26.08]F_V_BT깡_전환_블트깡출시_라이브커머스형_라이브커머스형.KR1_var7.릴스_전체.스페인산.슬기.X_1P_김소희_260812_제과_피재은,1,0,11.0,0
2026-09-01,(ASC) [제과_블트하] 26.08_블트깡출시_ASC_전환_image,(ASC) [제과_블트하] 26.08_블트하출시_ASC_전환_image,[26.08]F_I_BT깡_전환_블트칩출시_유명인권위형_이국주.KR2_.릴스_옆자리에서.유행강조.__김소희_260814_제과_김수정,1,0,14.0,0
2026-09-01,(마스터ASC) [제과_블트하] 26.09_블트깡출시_ASC_전환_image,(마스터ASC) [제과_블트하] 26.09_블트깡출시_ASC_전환_image,[26.08]F_I_BT혼_전환_블트칩출시_혜택강조형_나폴리맛피아.신규_.배너_브랜디드.맛피아원픽과자.__김소희_260828_제과_김수정,3,0,42.0,0
2026-08-24,(ASC) [제과_블트하] 26.07_블트칩출시_ASC_전환_image,(ASC)[제과_블트하] 26.07_블트칩출시_ASC_전환_image,[26.07]F_I_BT칩_전환_블트칩출시_혜택강조형_KR2_.피드_옆자리회사동료가뺏어감..확장__김소희_260728_제과_박서연,77,1,1241.0,0
2026-08-24,(ASC) [제과_블트하] 26.07_블트깡출시_ASC_전환_image,(ASC)[제과_블트하] 26.07_블트깡출시_ASC_전환_image,[26.07]F_I_BT혼_전환_블트칩출시_혜택강조형_KR1_.배너_공지문.이가격다신없습니다.__김소희_260731_제과_김수정,215,5,7793.0,0
2026-08-24,(마스터ASC)[제과_블트하] 26.07_블트깡출시_ASC_전환_video,(마스터ASC)[제과_블트하] 26.07_블트깡출시_ASC_전환_video,[26.08]F_V_BT칩_전환_블트칩출시_신규BP_아린이네BP.KR1_main.릴스_공구형.메인.X_2P_최나영_260811_제과_윤성미,5,0,173.0,0
2026-08-25,(ASC) [제과_블트하] 26.07_블트칩출시_ASC_전환_image,(ASC)[제과_블트하] 26.07_블트칩출시_ASC_전환_image,[26.07]F_I_BT칩_전환_블트칩출시_혜택강조형_KR2_.피드_옆자리회사동료가뺏어감..확장__김소희_260728_제과_박서연,16,1,367.0,0
2026-08-25,(ASC) [제과_블트하] 26.07_블트깡출시_ASC_전환_image,(ASC)[제과_블트하] 26.07_블트깡출시_ASC_전환_image,[26.07]F_I_BT혼_전환_블트칩출시_혜택강조형_KR1_.배너_공지문.이가격다신없습니다.__김소희_260731_제과_김수정,2460,41,85730.0,7
2026-08-25,(마스터ASC)[제과_블트하] 26.07_블트깡출시_ASC_전환_video,(마스터ASC)[제과_블트하] 26.07_블트깡출시_ASC_전환_video,[26.08]F_V_BT칩_전환_블트칩출시_신규BP_아린이네BP.KR1_main.릴스_공구형.메인.X_2P_최나영_260811_제과_윤성미,3,0,36.0,0
2026-08-25,(ASC) [제과_블트하] 26.08_블트깡출시_ASC_전환_image,(ASC) [제과_블트하] 26.08_블트하출시_ASC_전환_image,[26.08]F_I_BT깡_전환_블트칩출시_유명인권위형_이국주.KR1_.배너_내부상황.매번품절대란이라.__김소희_260819_제과_김수정,2,0,21.0,0
2026-08-26,(ASC) [제과_블트하] 26.07_블트칩출시_ASC_전환_image,(ASC)[제과_블트하] 26.07_블트칩출시_ASC_전환_image,[26.07]F_I_BT칩_전환_블트칩출시_혜택강조형_KR2_.피드_옆자리회사동료가뺏어감..확장__김소희_260728_제과_박서연,263,1,4726.0,0
2026-08-26,(ASC) [제과_블트하] 26.07_블트깡출시_ASC_전환_image,(ASC)[제과_블트하] 26.07_블트깡출시_ASC_전환_image,[26.07]F_I_BT혼_전환_블트칩출시_혜택강조형_KR1_.배너_공지문.이가격다신없습니다.__김소희_260731_제과_김수정,2265,30,69383.0,7
2026-08-26,(마스터ASC)[제과_치즈팝콘] 26.08_치즈팝콘출시_ASC_전환_video_전체타겟,(마스터ASC)[제과_치즈팝콘] 26.08_치즈팝콘출시_ASC_전환_video_전체타겟,[26.08]F_V_PC치_전환_치즈팝콘출시_쩜오건_육포깡BP_var2.릴스_크림.X_1P_권미정_260805_제과_피재은,2,0,68.0,0
2026-08-26,(마스터ASC)[제과_블트하] 26.07_블트깡출시_ASC_전환_video,(마스터ASC)[제과_블트하] 26.07_블트깡출시_ASC_전환_video,[26.08]F_V_BT칩_전환_블트칩출시_신규BP_아린이네BP.KR1_main.릴스_공구형.메인.X_2P_최나영_260811_제과_윤성미,7,1,112.0,1
2026-08-26,(마스터ASC)[제과_블트하] 26.07_블트깡출시_ASC_전환_video,(마스터ASC)[제과_블트하] 26.07_블트깡출시_ASC_전환_video,[26.08]F_V_BT깡_전환_블트깡출시_라이브커머스형_라이브커머스형.KR1_var6.릴스_전체.상황극.슬기.X_1P_김소희_260812_제과_피재은,4,0,74.0,0
2026-08-27,(ASC) [제과_블트하] 26.07_블트칩출시_ASC_전환_image,(ASC)[제과_블트하] 26.07_블트칩출시_ASC_전환_image,[26.07]F_I_BT칩_전환_블트칩출시_혜택강조형_KR2_.피드_옆자리회사동료가뺏어감..확장__김소희_260728_제과_박서연,679,7,12633.0,0
2026-08-27,(ASC) [제과_블트하] 26.07_블트깡출시_ASC_전환_image,(ASC)[제과_블트하] 26.07_블트깡출시_ASC_전환_image,[26.07]F_I_BT혼_전환_블트칩출시_혜택강조형_KR1_.배너_공지문.이가격다신없습니다.__김소희_260731_제과_김수정,731,7,21042.0,1
2026-08-27,(마스터ASC)[제과_치즈팝콘] 26.08_치즈팝콘출시_ASC_전환_video_전체타겟,(마스터ASC)[제과_치즈팝콘] 26.08_치즈팝콘출시_ASC_전환_video_전체타겟,[26.08]F_V_PC치_전환_치즈팝콘출시_쩜오건_육포깡BP_var2.릴스_크림.X_1P_권미정_260805_제과_피재은,161,2,2389.0,2
2026-08-28,(ASC) [제과_블트하] 26.07_블트칩출시_ASC_전환_image,(ASC)[제과_블트하] 26.07_블트칩출시_ASC_전환_image,[26.07]F_I_BT칩_전환_블트칩출시_혜택강조형_KR2_.피드_옆자리회사동료가뺏어감..확장__김소희_260728_제과_박서연,583,9,12792.0,0
2026-08-28,(ASC) [제과_블트하] 26.07_블트깡출시_ASC_전환_image,(ASC)[제과_블트하] 26.07_블트깡출시_ASC_전환_image,[26.07]F_I_BT혼_전환_블트칩출시_혜택강조형_KR1_.배너_공지문.이가격다신없습니다.__김소희_260731_제과_김수정,1043,15,31757.0,2
2026-08-28,(마스터ASC)[제과_치즈팝콘] 26.08_치즈팝콘출시_ASC_전환_video_전체타겟,(마스터ASC)[제과_치즈팝콘] 26.08_치즈팝콘출시_ASC_전환_video_전체타겟,[26.08]F_V_PC치_전환_치즈팝콘출시_쩜오건_육포깡BP_var2.릴스_크림.X_1P_권미정_260805_제과_피재은,38,0,553.0,0
2026-08-28,(마스터ASC)[제과_블트하] 26.07_블트깡출시_ASC_전환_video,(마스터ASC)[제과_블트하] 26.07_블트깡출시_ASC_전환_video,[26.08]F_V_BT깡_전환_블트깡출시_라이브커머스형_라이브커머스형.KR1_var6.릴스_전체.상황극.슬기.X_1P_김소희_260812_제과_피재은,1,0,3.0,0
2026-08-28,[제과_블트하] 26.07_블트깡출시_수동_전환_image_전체타겟,0828_맛피아100%_블트칩출시 (신규KR),[26.08]F_I_BT칩_전환_블트칩출시_혜택강조형_나폴리맛피아.신규_.배너_브랜디드.맛피아가선택한.__김소희_260828_제과_김수정,122,2,3375.0,0
2026-08-28,[제과_블트하] 26.07_블트깡출시_수동_전환_image_전체타겟,0828_맛피아100%_블트칩출시 (신규KR),[26.08]F_I_BT칩_전환_블트칩출시_혜택강조형_나폴리맛피아.신규_.배너_브랜디드.1천원대까지깎았.__김소희_260828_제과_김수정,277,3,4376.0,0
2026-08-28,[제과_치즈팝콘] 26.08_치즈팝콘출시_수동_전환_image_전체타겟,(0824) 혜택강조형_재입고이슈_치즈팝콘재입고 (KR2) (서연님),[26.08]F_I_PC치_전환_치즈팝콘재입고_혜택강조형__.배너_직원가보다싼.__고민지_260828_제과_박서연,209,1,3482.0,0
2026-08-28,[제과_블트하] 26.07_블트깡출시_수동_전환_video_전체타겟,0828_베이직BP_블트깡출시 (맛피아) (KR1),[26.09]F_V_BT칩_전환_블트깡출시_신규BP_베이직BP.나폴리맛피아.KR1_var3.릴스_이탈리아트러플.맛피아.X_1P__260901_제과_문형민,89,3,2426.0,0
2026-08-28,(마스터ASC)[제과_블트하] 26.07_블트깡출시_ASC_전환_video,(마스터ASC)[제과_블트하] 26.07_블트깡출시_ASC_전환_video,[26.09]F_V_BT칩_전환_블트깡출시_쩜오건_나폴리맛피아.KR2_var5.릴스_렉카.슬기.X_1P__260901_제과_피재은,33,0,348.0,0
2026-08-29,(ASC) [제과_블트하] 26.07_블트칩출시_ASC_전환_image,(ASC)[제과_블트하] 26.07_블트칩출시_ASC_전환_image,[26.07]F_I_BT칩_전환_블트칩출시_혜택강조형_KR2_.피드_옆자리회사동료가뺏어감..확장__김소희_260728_제과_박서연,1016,13,18663.0,0
2026-08-29,(ASC) [제과_블트하] 26.07_블트깡출시_ASC_전환_image,(ASC)[제과_블트하] 26.07_블트깡출시_ASC_전환_image,[26.07]F_I_BT혼_전환_블트칩출시_혜택강조형_KR1_.배너_공지문.이가격다신없습니다.__김소희_260731_제과_김수정,1131,28,46446.0,2
2026-08-29,(마스터ASC)[제과_치즈팝콘] 26.08_치즈팝콘출시_ASC_전환_video_전체타겟,(마스터ASC)[제과_치즈팝콘] 26.08_치즈팝콘출시_ASC_전환_video_전체타겟,[26.08]F_V_PC치_전환_치즈팝콘출시_쩜오건_육포깡BP_var2.릴스_크림.X_1P_권미정_260805_제과_피재은,761,11,6463.0,0
2026-08-29,[제과_블트하] 26.07_블트깡출시_수동_전환_image_전체타겟,0828_맛피아100%_블트칩출시 (신규KR),[26.08]F_I_BT칩_전환_블트칩출시_혜택강조형_나폴리맛피아.신규_.배너_브랜디드.맛피아가선택한.__김소희_260828_제과_김수정,50,0,701.0,0
2026-08-29,[제과_블트하] 26.07_블트깡출시_수동_전환_image_전체타겟,0828_맛피아100%_블트칩출시 (신규KR),[26.08]F_I_BT칩_전환_블트칩출시_혜택강조형_나폴리맛피아.신규_.배너_브랜디드.1천원대까지깎았.__김소희_260828_제과_김수정,208,2,4998.0,0
2026-08-29,[제과_치즈팝콘] 26.08_치즈팝콘출시_수동_전환_image_전체타겟,(0824) 혜택강조형_재입고이슈_치즈팝콘재입고 (KR2) (서연님),[26.08]F_I_PC치_전환_치즈팝콘재입고_혜택강조형__.배너_직원가보다싼.__고민지_260828_제과_박서연,36,1,395.0,0
2026-08-29,[제과_블트하] 26.07_블트깡출시_수동_전환_video_전체타겟,0828_베이직BP_블트깡출시 (맛피아) (KR1),[26.09]F_V_BT칩_전환_블트깡출시_신규BP_베이직BP.나폴리맛피아.KR1_var3.릴스_이탈리아트러플.맛피아.X_1P__260901_제과_문형민,632,9,16744.0,1
2026-08-29,(마스터ASC)[제과_블트하] 26.07_블트깡출시_ASC_전환_video,(마스터ASC)[제과_블트하] 26.07_블트깡출시_ASC_전환_video,[26.09]F_V_BT칩_전환_블트깡출시_쩜오건_나폴리맛피아.KR2_var5.릴스_렉카.슬기.X_1P__260901_제과_피재은,141,3,2551.0,1
2026-08-30,(마스터ASC)[제과_치즈팝콘] 26.08_치즈팝콘출시_ASC_전환_video_전체타겟,(마스터ASC)[제과_치즈팝콘] 26.08_치즈팝콘출시_ASC_전환_video_전체타겟,[26.08]F_V_PC치_전환_치즈팝콘출시_쩜오건_육포깡BP_var2.릴스_크림.X_1P_권미정_260805_제과_피재은,4078,17,36569.0,0
2026-08-30,(마스터ASC)[제과_블트하] 26.07_블트깡출시_ASC_전환_video,(마스터ASC)[제과_블트하] 26.07_블트깡출시_ASC_전환_video,[26.08]F_V_BT깡_전환_블트깡출시_라이브커머스형_라이브커머스형.KR1_var6.릴스_전체.상황극.슬기.X_1P_김소희_260812_제과_피재은,1,0,2.0,0
2026-08-30,[제과_블트하] 26.07_블트깡출시_수동_전환_image_전체타겟,0828_맛피아100%_블트칩출시 (신규KR),[26.08]F_I_BT칩_전환_블트칩출시_혜택강조형_나폴리맛피아.신규_.배너_브랜디드.맛피아가선택한.__김소희_260828_제과_김수정,33,0,707.0,0
2026-08-30,[제과_블트하] 26.07_블트깡출시_수동_전환_image_전체타겟,0828_맛피아100%_블트칩출시 (신규KR),[26.08]F_I_BT칩_전환_블트칩출시_혜택강조형_나폴리맛피아.신규_.배너_브랜디드.1천원대까지깎았.__김소희_260828_제과_김수정,254,6,5088.0,0
2026-08-30,[제과_치즈팝콘] 26.08_치즈팝콘출시_수동_전환_image_전체타겟,(0824) 혜택강조형_재입고이슈_치즈팝콘재입고 (KR2) (서연님),[26.08]F_I_PC치_전환_치즈팝콘재입고_혜택강조형__.배너_직원가보다싼.__고민지_260828_제과_박서연,21,1,325.0,0
2026-08-30,[제과_블트하] 26.07_블트깡출시_수동_전환_video_전체타겟,0828_베이직BP_블트깡출시 (맛피아) (KR1),[26.09]F_V_BT칩_전환_블트깡출시_신규BP_베이직BP.나폴리맛피아.KR1_var3.릴스_이탈리아트러플.맛피아.X_1P__260901_제과_문형민,378,5,8897.0,1
2026-08-30,(마스터ASC)[제과_블트하] 26.07_블트깡출시_ASC_전환_video,(마스터ASC)[제과_블트하] 26.07_블트깡출시_ASC_전환_video,[26.09]F_V_BT칩_전환_블트깡출시_쩜오건_나폴리맛피아.KR2_var5.릴스_렉카.슬기.X_1P__260901_제과_피재은,490,7,7304.0,1
2026-08-31,(마스터ASC)[제과_블트하] 26.07_블트깡출시_ASC_전환_video,(마스터ASC)[제과_블트하] 26.07_블트깡출시_ASC_전환_video,[26.08]F_V_BT칩_전환_블트깡출시_신규BP_브랜든배너형BP_var4.릴스_손님간식1티어.할인추가.X_2P_최재원_260814_제과_최재원,1,0,5.0,0
2026-08-31,[제과_블트하] 26.07_블트깡출시_수동_전환_image_전체타겟,0828_맛피아100%_블트칩출시 (신규KR),[26.08]F_I_BT칩_전환_블트칩출시_혜택강조형_나폴리맛피아.신규_.배너_브랜디드.맛피아가선택한.__김소희_260828_제과_김수정,78,1,1347.0,0
2026-08-31,[제과_블트하] 26.07_블트깡출시_수동_전환_image_전체타겟,0828_맛피아100%_블트칩출시 (신규KR),[26.08]F_I_BT칩_전환_블트칩출시_혜택강조형_나폴리맛피아.신규_.배너_브랜디드.1천원대까지깎았.__김소희_260828_제과_김수정,642,8,12335.0,0
2026-08-31,[제과_치즈팝콘] 26.08_치즈팝콘출시_수동_전환_image_전체타겟,(0824) 혜택강조형_재입고이슈_치즈팝콘재입고 (KR2) (서연님),[26.08]F_I_PC치_전환_치즈팝콘재입고_혜택강조형__.배너_직원가보다싼.__고민지_260828_제과_박서연,4,0,45.0,0
2026-08-31,[제과_블트하] 26.07_블트깡출시_수동_전환_video_전체타겟,0828_베이직BP_블트깡출시 (맛피아) (KR1),[26.09]F_V_BT칩_전환_블트깡출시_신규BP_베이직BP.나폴리맛피아.KR1_var3.릴스_이탈리아트러플.맛피아.X_1P__260901_제과_문형민,8011,135,127374.0,6
2026-08-31,(마스터ASC)[제과_블트하] 26.07_블트깡출시_ASC_전환_video,(마스터ASC)[제과_블트하] 26.07_블트깡출시_ASC_전환_video,[26.09]F_V_BT칩_전환_블트깡출시_쩜오건_나폴리맛피아.KR2_var5.릴스_렉카.슬기.X_1P__260901_제과_피재은,1500,11,20766.0,0
2026-09-01,(마스터ASC)[제과_블트하] 26.07_블트깡출시_ASC_전환_video,(마스터ASC)[제과_블트하] 26.07_블트깡출시_ASC_전환_video,[26.08]F_V_BT칩_전환_블트칩출시_신규BP_아린이네BP.KR1_main.릴스_공구형.메인.X_2P_최나영_260811_제과_윤성미,7,0,77.0,0
2026-09-01,[제과_블트하] 26.07_블트깡출시_수동_전환_image_전체타겟,0828_맛피아100%_블트칩출시 (신규KR),[26.08]F_I_BT칩_전환_블트칩출시_혜택강조형_나폴리맛피아.신규_.배너_브랜디드.맛피아가선택한.__김소희_260828_제과_김수정,189,4,6151.0,0
2026-09-01,[제과_치즈팝콘] 26.08_치즈팝콘출시_수동_전환_image_전체타겟,(0824) 혜택강조형_재입고이슈_치즈팝콘재입고 (KR2) (서연님),[26.08]F_I_PC치_전환_치즈팝콘재입고_혜택강조형__.배너_직원가보다싼.__고민지_260828_제과_박서연,1,0,30.0,0
2026-09-01,[제과_블트하] 26.07_블트깡출시_수동_전환_video_전체타겟,0828_베이직BP_블트깡출시 (맛피아) (KR1),[26.09]F_V_BT칩_전환_블트깡출시_신규BP_베이직BP.나폴리맛피아.KR1_var3.릴스_이탈리아트러플.맛피아.X_1P__260901_제과_문형민,7174,96,105847.0,5
2026-09-01,[제과_블트하] 26.07_블트깡출시_수동_전환_image_전체타겟,0901_맛피아디벨롭_블트칩출시  (KR1/2),[26.08]F_I_BT칩_전환_블트칩출시_혜택강조형_나폴리맛피아.KR2_.릴스_직접경험.원조트러플하몽맛집.__김소희_260901_제과_김수정,8,0,471.0,0
2026-08-24,(ASC) [제과_블트하] 26.07_블트칩출시_ASC_전환_image,(ASC)[제과_블트하] 26.07_블트칩출시_ASC_전환_image,[26.07]F_I_BT칩_전환_블트칩출시_혜택강조형_KR2_.피드_주변인.친척모임.확장__김소희_260727_제과_박서연,2,0,157.0,0
2026-08-24,(ASC) [제과_블트하] 26.07_블트깡출시_ASC_전환_image,(ASC)[제과_블트하] 26.07_블트깡출시_ASC_전환_image,[26.07]F_I_BT칩_전환_블트칩출시_혜택강조형_KR2_.배너_탕비실에두면.__최나영_260730_제과_김수정,6,0,103.0,0
2026-08-24,(마스터ASC)[제과_치즈팝콘] 26.08_치즈팝콘출시_ASC_전환_video_전체타겟,(마스터ASC)[제과_치즈팝콘] 26.08_치즈팝콘출시_ASC_전환_video_전체타겟,[26.08]F_V_PC치_전환_치즈팝콘출시_쩜오건_초코송이BP_main.릴스_메인.맥주.X_2P_권미정_260805_제과_윤성미,10409,124,80879.0,9
2026-08-24,(ASC) [제과_블트하] 26.08_블트깡출시_ASC_전환_image,(ASC) [제과_블트하] 26.08_블트하출시_ASC_전환_image,[26.08]F_I_BT칩_전환_블트칩출시_혜택강조형_KR1_.릴스_맛도리만쏙쏙골라먹는.__김소희_260807_제과_박서연,134,1,3421.0,0
2026-08-24,(마스터ASC)[제과_블트하] 26.07_블트깡출시_ASC_전환_video,(마스터ASC)[제과_블트하] 26.07_블트깡출시_ASC_전환_video,[26.08]F_V_BT칩_전환_블트칩출시_신규BP_아린이네BP.KR1_var3.릴스_공구형.페인포인트.맛.X_2P_최나영_260811_제과_윤성미,1,0,22.0,0
2026-08-24,[제과_블트하] 26.07_블트깡출시_수동_전환_image_전체타겟,0818_GFA유효배너_블트칩출시,[26.08]F_I_BT깡_전환_블트칩출시_혜택강조형_GFA베리_.배너_지금사세요이젠팔고싶어도.__최나영_260818_제과_박서연,294,3,6872.0,1
2026-08-25,(ASC) [제과_블트하] 26.07_블트칩출시_ASC_전환_image,(ASC)[제과_블트하] 26.07_블트칩출시_ASC_전환_image,[26.07]F_I_BT칩_전환_블트칩출시_혜택강조형_KR2_.피드_주변인.친척모임.확장__김소희_260727_제과_박서연,5,0,111.0,0
2026-08-25,(ASC) [제과_블트하] 26.07_블트칩출시_ASC_전환_image,(ASC)[제과_블트하] 26.07_블트칩출시_ASC_전환_image,[26.07]F_I_BT칩_전환_블트칩출시_바이럴형_KR1_.피드_남편인정.캠핑.확장__김소희_260727_제과_김수정,35,1,1247.0,0
2026-08-25,(ASC) [제과_블트하] 26.07_블트깡출시_ASC_전환_image,(ASC)[제과_블트하] 26.07_블트깡출시_ASC_전환_image,[26.07]F_I_BT칩_전환_블트칩출시_혜택강조형_KR2_.배너_탕비실에두면.__최나영_260730_제과_김수정,33,0,428.0,0
2026-08-25,(마스터ASC)[제과_치즈팝콘] 26.08_치즈팝콘출시_ASC_전환_video_전체타겟,(마스터ASC)[제과_치즈팝콘] 26.08_치즈팝콘출시_ASC_전환_video_전체타겟,[26.08]F_V_PC치_전환_치즈팝콘출시_제조과정형_노력수치강조형_var1.릴스_대세감후킹.슬기.X_1P_권미정_260805_제과_강경연,11,0,107.0,0
2026-08-25,(마스터ASC)[제과_치즈팝콘] 26.08_치즈팝콘출시_ASC_전환_video_전체타겟,(마스터ASC)[제과_치즈팝콘] 26.08_치즈팝콘출시_ASC_전환_video_전체타겟,[26.08]F_V_PC치_전환_치즈팝콘출시_쩜오건_초코송이BP_main.릴스_메인.맥주.X_2P_권미정_260805_제과_윤성미,146273,1361,1073550.0,97
2026-08-25,(ASC) [제과_블트하] 26.08_블트깡출시_ASC_전환_image,(ASC) [제과_블트하] 26.08_블트하출시_ASC_전환_image,[26.08]F_I_BT칩_전환_블트칩출시_혜택강조형_KR1_.릴스_맛도리만쏙쏙골라먹는.__김소희_260807_제과_박서연,16,0,979.0,0
2026-08-25,(마스터ASC)[제과_블트하] 26.07_블트깡출시_ASC_전환_video,(마스터ASC)[제과_블트하] 26.07_블트깡출시_ASC_전환_video,[26.08]F_V_BT칩_전환_블트칩출시_신규BP_아린이네BP.KR1_var3.릴스_공구형.페인포인트.맛.X_2P_최나영_260811_제과_윤성미,1,0,1.0,0
2026-08-25,(ASC) [제과_블트하] 26.08_블트깡출시_ASC_전환_image,(ASC) [제과_블트하] 26.08_블트하출시_ASC_전환_image,[26.08]F_I_BT깡_전환_블트칩출시_유명인권위형_이국주.KR1_.릴스_혜택강조.호불호없는.__김소희_260813_제과_김수정,5,0,36.0,0
2026-08-25,[제과_블트하] 26.07_블트깡출시_수동_전환_image_전체타겟,0818_GFA유효배너_블트칩출시,[26.08]F_I_BT깡_전환_블트칩출시_혜택강조형_GFA베리_.배너_지금사세요이젠팔고싶어도.__최나영_260818_제과_박서연,890,17,28718.0,2
2026-08-26,(ASC) [제과_블트하] 26.07_블트칩출시_ASC_전환_image,(ASC)[제과_블트하] 26.07_블트칩출시_ASC_전환_image,[26.07]F_I_BT칩_전환_블트칩출시_바이럴형_KR1_.피드_남편인정.캠핑.확장__김소희_260727_제과_김수정,85,3,1199.0,0
2026-08-26,(ASC) [제과_블트하] 26.07_블트깡출시_ASC_전환_image,(ASC)[제과_블트하] 26.07_블트깡출시_ASC_전환_image,[26.07]F_I_BT칩_전환_블트칩출시_혜택강조형_KR2_.배너_탕비실에두면.__최나영_260730_제과_김수정,2713,31,44589.0,0
2026-08-26,(마스터ASC)[제과_치즈팝콘] 26.08_치즈팝콘출시_ASC_전환_video_전체타겟,(마스터ASC)[제과_치즈팝콘] 26.08_치즈팝콘출시_ASC_전환_video_전체타겟,[26.08]F_V_PC치_전환_치즈팝콘출시_제조과정형_노력수치강조형_var1.릴스_대세감후킹.슬기.X_1P_권미정_260805_제과_강경연,381,4,6244.0,0
2026-08-26,(마스터ASC)[제과_치즈팝콘] 26.08_치즈팝콘출시_ASC_전환_video_전체타겟,(마스터ASC)[제과_치즈팝콘] 26.08_치즈팝콘출시_ASC_전환_video_전체타겟,[26.08]F_V_PC치_전환_치즈팝콘출시_쩜오건_초코송이BP_main.릴스_메인.맥주.X_2P_권미정_260805_제과_윤성미,117943,1098,873752.0,77
2026-08-26,(ASC) [제과_블트하] 26.08_블트깡출시_ASC_전환_image,(ASC) [제과_블트하] 26.08_블트하출시_ASC_전환_image,[26.08]F_I_BT칩_전환_블트칩출시_혜택강조형_KR1_.릴스_맛도리만쏙쏙골라먹는.__김소희_260807_제과_박서연,15,0,172.0,0
2026-08-26,(ASC) [제과_블트하] 26.08_블트깡출시_ASC_전환_image,(ASC) [제과_블트하] 26.08_블트하출시_ASC_전환_image,[26.08]F_I_BT깡_전환_블트칩출시_유명인권위형_이국주.KR1_.릴스_호불호없는.__김소희_260813_제과_김수정,219,2,5909.0,0
2026-08-26,[제과_블트하] 26.07_블트깡출시_수동_전환_image_전체타겟,0818_GFA유효배너_블트칩출시,[26.08]F_I_BT깡_전환_블트칩출시_혜택강조형_GFA베리_.배너_지금사세요이젠팔고싶어도.__최나영_260818_제과_박서연,555,12,15666.0,2
2026-08-27,(마스터ASC)[제과_치즈팝콘] 26.08_치즈팝콘출시_ASC_전환_video_전체타겟,(마스터ASC)[제과_치즈팝콘] 26.08_치즈팝콘출시_ASC_전환_video_전체타겟,[26.08]F_V_PC치_전환_치즈팝콘출시_제조과정형_노력수치강조형_var1.릴스_대세감후킹.슬기.X_1P_권미정_260805_제과_강경연,1143,15,14296.0,1
2026-08-27,(마스터ASC)[제과_치즈팝콘] 26.08_치즈팝콘출시_ASC_전환_video_전체타겟,(마스터ASC)[제과_치즈팝콘] 26.08_치즈팝콘출시_ASC_전환_video_전체타겟,[26.08]F_V_PC치_전환_치즈팝콘출시_쩜오건_초코송이BP_main.릴스_메인.맥주.X_2P_권미정_260805_제과_윤성미,87269,853,665183.0,52
2026-08-27,(ASC) [제과_블트하] 26.08_블트깡출시_ASC_전환_image,(ASC) [제과_블트하] 26.08_블트하출시_ASC_전환_image,[26.08]F_I_BT칩_전환_블트칩출시_혜택강조형_KR1_.릴스_맛도리만쏙쏙골라먹는.__김소희_260807_제과_박서연,15,0,437.0,0
2026-08-27,(ASC) [제과_블트하] 26.08_블트깡출시_ASC_전환_image,(ASC) [제과_블트하] 26.08_블트하출시_ASC_전환_image,[26.08]F_I_BT깡_전환_블트칩출시_유명인권위형_이국주.KR1_.릴스_호불호없는.__김소희_260813_제과_김수정,55,0,1306.0,0
2026-08-27,(ASC) [제과_블트하] 26.08_블트깡출시_ASC_전환_image,(ASC) [제과_블트하] 26.08_블트하출시_ASC_전환_image,[26.08]F_I_BT깡_전환_블트칩출시_유명인권위형_이국주.KR1_.릴스_혜택강조.호불호없는.__김소희_260813_제과_김수정,2,0,112.0,0
2026-08-27,[제과_블트하] 26.07_블트깡출시_수동_전환_image_전체타겟,0818_GFA유효배너_블트칩출시,[26.08]F_I_BT깡_전환_블트칩출시_혜택강조형_GFA베리_.배너_지금사세요이젠팔고싶어도.__최나영_260818_제과_박서연,134,1,3430.0,0
2026-08-28,(마스터ASC)[제과_치즈팝콘] 26.08_치즈팝콘출시_ASC_전환_video_전체타겟,(마스터ASC)[제과_치즈팝콘] 26.08_치즈팝콘출시_ASC_전환_video_전체타겟,[26.08]F_V_PC치_전환_치즈팝콘출시_제조과정형_노력수치강조형_var1.릴스_대세감후킹.슬기.X_1P_권미정_260805_제과_강경연,1436,9,16489.0,2
2026-08-28,(마스터ASC)[제과_치즈팝콘] 26.08_치즈팝콘출시_ASC_전환_video_전체타겟,(마스터ASC)[제과_치즈팝콘] 26.08_치즈팝콘출시_ASC_전환_video_전체타겟,[26.08]F_V_PC치_전환_치즈팝콘출시_쩜오건_초코송이BP_main.릴스_메인.맥주.X_2P_권미정_260805_제과_윤성미,51742,456,373902.0,23
2026-08-28,(ASC) [제과_블트하] 26.08_블트깡출시_ASC_전환_image,(ASC) [제과_블트하] 26.08_블트하출시_ASC_전환_image,[26.08]F_I_BT깡_전환_블트칩출시_유명인권위형_이국주.KR1_.릴스_호불호없는.__김소희_260813_제과_김수정,22,0,718.0,0
2026-08-28,[제과_블트하] 26.07_블트깡출시_수동_전환_video_전체타겟,0828_미나미BP_블트깡출시 (맛피아) (KR1),[26.09]F_V_BT깡_전환_블트깡출시_쩜오건_나폴리맛피아.KR1_var3.릴스_BP그대로.슬기.X_1P__260901_제과_문형민,2500,29,47098.0,1
2026-08-28,(마스터ASC) [제과_블트하] 26.09_블트깡출시_ASC_전환_image,(마스터ASC) [제과_블트하] 26.09_블트깡출시_ASC_전환_image,[26.08]F_I_BT깡_전환_블트칩출시_혜택강조형_나폴리맛피아.KR1_.배너_기존콜라보실체.4분할.__김소희_260828_제과_김수정,62,1,1778.0,0
2026-08-28,[제과_블트하] 26.07_블트깡출시_수동_전환_video_전체타겟,0828_베이직BP_블트깡출시 (맛피아) (KR1),[26.09]F_V_BT칩_전환_블트깡출시_신규BP_베이직BP.나폴리맛피아.KR1_var5.릴스_맛피아실체2.X_1P__260901_제과_문형민,862,14,18126.0,0
2026-08-28,[제과_블트하] 26.07_블트깡출시_수동_전환_video_전체타겟,0828_재원님재편집_블트칩출시 (맛피아) (신규KR),[26.09]F_V_BT칩_전환_블트깡출시_기타_배너.메시지검증_var3.배너_가격.2안.X_2P__260901_제과_최재원,295,5,6377.0,3
2026-08-29,(마스터ASC)[제과_치즈팝콘] 26.08_치즈팝콘출시_ASC_전환_video_전체타겟,(마스터ASC)[제과_치즈팝콘] 26.08_치즈팝콘출시_ASC_전환_video_전체타겟,[26.08]F_V_PC치_전환_치즈팝콘출시_제조과정형_노력수치강조형_var1.릴스_대세감후킹.슬기.X_1P_권미정_260805_제과_강경연,2936,17,28308.0,1
2026-08-29,[제과_블트하] 26.07_블트깡출시_수동_전환_video_전체타겟,0828_미나미BP_블트깡출시 (맛피아) (KR1),[26.09]F_V_BT깡_전환_블트깡출시_쩜오건_나폴리맛피아.KR1_var3.릴스_BP그대로.슬기.X_1P__260901_제과_문형민,9219,83,166183.0,12
2026-08-29,(마스터ASC) [제과_블트하] 26.09_블트깡출시_ASC_전환_image,(마스터ASC) [제과_블트하] 26.09_블트깡출시_ASC_전환_image,[26.08]F_I_BT깡_전환_블트칩출시_혜택강조형_나폴리맛피아.KR1_.배너_기존콜라보실체.4분할.__김소희_260828_제과_김수정,363,1,8796.0,0
2026-08-29,[제과_블트하] 26.07_블트깡출시_수동_전환_video_전체타겟,0828_베이직BP_블트깡출시 (맛피아) (KR1),[26.09]F_V_BT칩_전환_블트깡출시_신규BP_베이직BP.나폴리맛피아.KR1_var5.릴스_맛피아실체2.X_1P__260901_제과_문형민,549,10,12385.0,0
2026-08-29,(마스터ASC)[제과_블트하] 26.07_블트깡출시_ASC_전환_video,(마스터ASC)[제과_블트하] 26.07_블트깡출시_ASC_전환_video,[26.09]F_V_BT칩_전환_블트깡출시_기타_배너.메시지검증_var2.배너_가격.1안.X_2P__260901_제과_최재원,4,0,65.0,0
2026-08-29,[제과_블트하] 26.07_블트깡출시_수동_전환_video_전체타겟,0828_재원님재편집_블트칩출시 (맛피아) (신규KR),[26.09]F_V_BT칩_전환_블트깡출시_기타_배너.메시지검증_var3.배너_가격.2안.X_2P__260901_제과_최재원,285,0,5674.0,0
2026-08-30,(ASC) [제과_블트하] 26.08_블트깡출시_ASC_전환_image,(ASC) [제과_블트하] 26.08_블트하출시_ASC_전환_image,[26.08]F_I_BT깡_전환_블트칩출시_유명인권위형_이국주.KR1_.릴스_혜택강조.호불호없는.__김소희_260813_제과_김수정,5,0,374.0,0
2026-08-30,[제과_블트하] 26.07_블트깡출시_수동_전환_video_전체타겟,0828_미나미BP_블트깡출시 (맛피아) (KR1),[26.09]F_V_BT깡_전환_블트깡출시_쩜오건_나폴리맛피아.KR1_var3.릴스_BP그대로.슬기.X_1P__260901_제과_문형민,1600,17,31550.0,0
2026-08-30,(마스터ASC) [제과_블트하] 26.09_블트깡출시_ASC_전환_image,(마스터ASC) [제과_블트하] 26.09_블트깡출시_ASC_전환_image,[26.08]F_I_BT깡_전환_블트칩출시_혜택강조형_나폴리맛피아.KR1_.배너_기존콜라보실체.4분할.__김소희_260828_제과_김수정,52,2,1014.0,0
2026-08-30,(마스터ASC)[제과_블트하] 26.07_블트깡출시_ASC_전환_video,(마스터ASC)[제과_블트하] 26.07_블트깡출시_ASC_전환_video,[26.09]F_V_BT칩_전환_블트깡출시_기타_배너.메시지검증_var2.배너_가격.1안.X_2P__260901_제과_최재원,10,1,198.0,0
2026-08-30,[제과_블트하] 26.07_블트깡출시_수동_전환_video_전체타겟,0828_재원님재편집_블트칩출시 (맛피아) (신규KR),[26.09]F_V_BT칩_전환_블트깡출시_기타_배너.메시지검증_var3.배너_가격.2안.X_2P__260901_제과_최재원,93,1,1767.0,0
2026-08-31,(ASC) [제과_블트하] 26.08_블트깡출시_ASC_전환_image,(ASC) [제과_블트하] 26.08_블트하출시_ASC_전환_image,[26.08]F_I_BT칩_전환_블트칩출시_혜택강조형_KR1_.릴스_맛도리만쏙쏙골라먹는.__김소희_260807_제과_박서연,277,2,6756.0,2
2026-08-31,(ASC) [제과_블트하] 26.08_블트깡출시_ASC_전환_image,(ASC) [제과_블트하] 26.08_블트하출시_ASC_전환_image,[26.08]F_I_BT깡_전환_블트칩출시_유명인권위형_이국주.KR1_.릴스_호불호없는.__김소희_260813_제과_김수정,254,2,8647.0,0
2026-08-31,(마스터ASC) [제과_블트하] 26.09_블트깡출시_ASC_전환_image,(마스터ASC) [제과_블트하] 26.09_블트깡출시_ASC_전환_image,[26.08]F_I_BT깡_전환_블트칩출시_혜택강조형_나폴리맛피아.KR1_.배너_기존콜라보실체.4분할.__김소희_260828_제과_김수정,500,7,10323.0,0
2026-08-31,(마스터ASC)[제과_블트하] 26.07_블트깡출시_ASC_전환_video,(마스터ASC)[제과_블트하] 26.07_블트깡출시_ASC_전환_video,[26.09]F_V_BT칩_전환_블트깡출시_기타_배너.메시지검증_var2.배너_가격.1안.X_2P__260901_제과_최재원,2,0,67.0,0
2026-08-31,[제과_블트하] 26.07_블트깡출시_수동_전환_video_전체타겟,0828_재원님재편집_블트칩출시 (맛피아) (신규KR),[26.09]F_V_BT칩_전환_블트깡출시_기타_배너.메시지검증_var3.배너_가격.2안.X_2P__260901_제과_최재원,360,1,5927.0,0
2026-09-01,(마스터ASC)[제과_치즈팝콘] 26.08_치즈팝콘출시_ASC_전환_video_전체타겟,(마스터ASC)[제과_치즈팝콘] 26.08_치즈팝콘출시_ASC_전환_video_전체타겟,[26.08]F_V_PC치_전환_치즈팝콘출시_쩜오건_초코송이BP_main.릴스_메인.맥주.X_2P_권미정_260805_제과_윤성미,3,0,6.0,1
2026-09-01,(ASC) [제과_블트하] 26.08_블트깡출시_ASC_전환_image,(ASC) [제과_블트하] 26.08_블트하출시_ASC_전환_image,[26.08]F_I_BT칩_전환_블트칩출시_혜택강조형_KR1_.릴스_맛도리만쏙쏙골라먹는.__김소희_260807_제과_박서연,689,4,16295.0,0
2026-09-01,(ASC) [제과_블트하] 26.08_블트깡출시_ASC_전환_image,(ASC) [제과_블트하] 26.08_블트하출시_ASC_전환_image,[26.08]F_I_BT깡_전환_블트칩출시_유명인권위형_이국주.KR1_.릴스_호불호없는.__김소희_260813_제과_김수정,137,3,4011.0,0
2026-09-01,(마스터ASC) [제과_블트하] 26.09_블트깡출시_ASC_전환_image,(마스터ASC) [제과_블트하] 26.09_블트깡출시_ASC_전환_image,[26.08]F_I_BT깡_전환_블트칩출시_혜택강조형_나폴리맛피아.KR1_.배너_기존콜라보실체.4분할.__김소희_260828_제과_김수정,175,1,3790.0,1
2026-09-01,(마스터ASC)[제과_블트하] 26.07_블트깡출시_ASC_전환_video,(마스터ASC)[제과_블트하] 26.07_블트깡출시_ASC_전환_video,[26.09]F_V_BT칩_전환_블트깡출시_기타_배너.메시지검증_var2.배너_가격.1안.X_2P__260901_제과_최재원,3,0,32.0,0
2026-09-01,[제과_블트하] 26.07_블트깡출시_수동_전환_video_전체타겟,0828_재원님재편집_블트칩출시 (맛피아) (신규KR),[26.09]F_V_BT칩_전환_블트깡출시_기타_배너.메시지검증_var3.배너_가격.2안.X_2P__260901_제과_최재원,663,3,10629.0,0
2026-09-01,(고효율 재러닝)[제과_블트하] 26.08_블트깡출시_ASC_전환_image/video_8M1W,(고효율 재러닝)[제과_블트하] 26.08_블트깡출시_ASC_전환_image/video_8M1W,[26.08]F_V_BT칩_전환_블트칩출시_네고형_직원네고형.이국주.KR1_var1.릴스_ver1.시즈닝강조.슬기.X_1P__260821_제과_문형민,886,13,14413.0,0
2026-09-01,[제과_블트하] 26.07_블트깡출시_수동_전환_image_전체타겟,0901_맛피아디벨롭_블트칩출시  (KR1/2),[26.08]F_I_BT칩_전환_블트칩출시_혜택강조형_나폴리맛피아.KR2_.배너_직접경험.고급트러플간식기준.__김소희_260901_제과_김수정,10,1,444.0,0
2026-08-24,(ASC) [제과_블트하] 26.07_블트칩출시_ASC_전환_image,(ASC)[제과_블트하] 26.07_블트칩출시_ASC_전환_image,[26.07]F_I_BT칩_전환_블트칩출시_혜택강조형_KR2_.피드_주변인.깐깐한시어머니.확장__김소희_260727_제과_박서연,8,0,183.0,0
2026-08-24,(ASC) [제과_블트하] 26.07_블트칩출시_ASC_전환_image,(ASC)[제과_블트하] 26.07_블트칩출시_ASC_전환_image,[26.07]F_I_BT혼_전환_블트칩출시_혜택강조형_KR2_.릴스_모션.지금이젤싸요.__김소희_260729_제과_박서연,476,5,9392.0,0
2026-08-24,(마스터ASC)[제과_블트하] 26.07_블트깡출시_ASC_전환_video,(마스터ASC)[제과_블트하] 26.07_블트깡출시_ASC_전환_video,[26.08]F_V_BT깡_전환_블트깡출시_네고형_지인네고형.김그릇BP_main.릴스_공통.X_1P_김소희_260807_제과_강경연,3,0,182.0,0
2026-08-24,(ASC) [제과_블트하] 26.08_블트깡출시_ASC_전환_image,(ASC) [제과_블트하] 26.08_블트하출시_ASC_전환_image,[26.08]F_I_BT칩_전환_블트칩출시_혜택강조형_KR1_.릴스_시댁에트러플하몽칩가져갔더니.__김소희_260807_제과_박서연,1428,12,36175.0,2
2026-08-24,(마스터ASC)[제과_블트하] 26.07_블트깡출시_ASC_전환_video,(마스터ASC)[제과_블트하] 26.07_블트깡출시_ASC_전환_video,[26.08]F_V_BT칩_전환_블트칩출시_신규BP_아린이네BP.KR1_var5.릴스_공구형.주변인인정.X_2P_최나영_260811_제과_윤성미,7,0,105.0,0
2026-08-24,[제과_블트하] 26.07_블트깡출시_수동_전환_image_전체타겟,0825_트러플권위_블트칩출시 (KR2),[26.08]F_I_BT깡_전환_블트칩출시_유명인권위형_이국주.KR2_.배너_희소성.편의점주.__김소희_260813_제과_김수정,24,1,1317.0,1
2026-08-24,[제과_블트하] 26.07_블트깡출시_수동_전환_image_전체타겟,0819_유행실체이국주_블트칩출시  (KR1/2),[26.08]F_I_BT깡_전환_블트칩출시_혜택강조형_이국주.KR1_.배너_내부상황.대기열실체.__김소희_260819_제과_김수정,12,0,301.0,0
2026-08-24,(마스터ASC)[제과_블트하] 26.07_블트깡출시_ASC_전환_video,(마스터ASC)[제과_블트하] 26.07_블트깡출시_ASC_전환_video,[26.08]F_V_BT칩_전환_블트칩출시_쩜오건_시즈닝강조.이국주.KR1_var9.릴스_블트칩.확산맛조합.슬기.X_1P__260820_제과_문형민,5,0,56.0,0
2026-08-24,[제과_블트하] 26.07_블트깡출시_수동_전환_video_전체타겟,0821_직원네고형_블트칩출시 (이국주) (KR1),[26.08]F_V_BT칩_전환_블트칩출시_네고형_직원네고형.이국주.KR1_main.릴스_메인.시즈닝강조.슬기.X_1P__260821_제과_문형민,662,8,16571.0,0
2026-08-24,[칩] (마스터ASC)[제과_블트하] 26.07_블트칩출시_ASC_전환_video,[칩] (마스터ASC)[제과_블트하] 26.07_블트칩출시_ASC_전환_video,[26.08]F_V_BT칩_전환_블트칩출시_혜택희소성_물류대세감.이국주.KR1_main.릴스_메인.시즈닝강조.슬기.X_1P__260821_제과_문형민,3126,81,82491.0,4
2026-08-25,(ASC) [제과_블트하] 26.07_블트칩출시_ASC_전환_image,(ASC)[제과_블트하] 26.07_블트칩출시_ASC_전환_image,[26.07]F_I_BT혼_전환_블트칩출시_혜택강조형_KR2_.릴스_모션.지금이젤싸요.__김소희_260729_제과_박서연,381,9,8673.0,0
2026-08-25,(마스터ASC)[제과_치즈팝콘] 26.08_치즈팝콘출시_ASC_전환_image_전체타겟,(마스터ASC)[제과_치즈팝콘] 26.08_치즈팝콘출시_ASC_전환_image_전체타겟,[26.07]F_I_PC치_전환_치즈팝콘출시_혜택강조형_KR1_.피드_이니1.맛강조.매거진형.__권미정_260805_제과_박서연,798,5,7447.0,1
2026-08-25,(ASC) [제과_블트하] 26.08_블트깡출시_ASC_전환_image,(ASC) [제과_블트하] 26.08_블트하출시_ASC_전환_image,[26.08]F_I_BT칩_전환_블트칩출시_혜택강조형_KR1_.릴스_시댁에트러플하몽칩가져갔더니.__김소희_260807_제과_박서연,1752,27,54236.0,3
2026-08-25,[제과_블트하] 26.07_블트깡출시_수동_전환_image_전체타겟,0825_트러플권위_블트칩출시 (KR2),[26.08]F_I_BT깡_전환_블트칩출시_유명인권위형_이국주.KR2_.배너_희소성.편의점주.__김소희_260813_제과_김수정,4,0,181.0,0
2026-08-25,(마스터ASC)[제과_치즈팝콘] 26.08_치즈팝콘출시_ASC_전환_image_전체타겟,(마스터ASC)[제과_치즈팝콘] 26.08_치즈팝콘출시_ASC_전환_image_전체타겟,[26.08]F_I_PC치_전환_치즈팝콘재입고_혜택강조형_KR1.재입고이슈_.배너_역대급중독적인맛.__권미정_260824_제과_박서연,22,0,564.0,0
2026-08-26,(ASC) [제과_블트하] 26.07_블트칩출시_ASC_전환_image,(ASC)[제과_블트하] 26.07_블트칩출시_ASC_전환_image,[26.07]F_I_BT혼_전환_블트칩출시_혜택강조형_KR2_.릴스_모션.지금이젤싸요.__김소희_260729_제과_박서연,399,1,7224.0,1
2026-08-26,(마스터ASC)[제과_치즈팝콘] 26.08_치즈팝콘출시_ASC_전환_image_전체타겟,(마스터ASC)[제과_치즈팝콘] 26.08_치즈팝콘출시_ASC_전환_image_전체타겟,[26.07]F_I_PC치_전환_치즈팝콘출시_혜택강조형_KR1_.피드_이니1.맛강조.매거진형.__권미정_260805_제과_박서연,422,10,4730.0,1
2026-08-26,(마스터ASC)[제과_블트하] 26.07_블트깡출시_ASC_전환_video,(마스터ASC)[제과_블트하] 26.07_블트깡출시_ASC_전환_video,[26.08]F_V_BT깡_전환_블트깡출시_네고형_지인네고형.김그릇BP_main.릴스_공통.X_1P_김소희_260807_제과_강경연,3,0,35.0,0
2026-08-26,(ASC) [제과_블트하] 26.08_블트깡출시_ASC_전환_image,(ASC) [제과_블트하] 26.08_블트하출시_ASC_전환_image,[26.08]F_I_BT칩_전환_블트칩출시_혜택강조형_KR1_.릴스_시댁에트러플하몽칩가져갔더니.__김소희_260807_제과_박서연,1424,18,36980.0,2
2026-08-26,(마스터ASC)[제과_블트하] 26.07_블트깡출시_ASC_전환_video,(마스터ASC)[제과_블트하] 26.07_블트깡출시_ASC_전환_video,[26.08]F_V_BT칩_전환_블트칩출시_신규BP_아린이네BP.KR1_var5.릴스_공구형.주변인인정.X_2P_최나영_260811_제과_윤성미,7,0,170.0,0
2026-08-26,[제과_블트하] 26.07_블트깡출시_수동_전환_image_전체타겟,0825_트러플권위_블트칩출시 (KR2),[26.08]F_I_BT깡_전환_블트칩출시_유명인권위형_이국주.KR2_.배너_희소성.편의점주.__김소희_260813_제과_김수정,6,0,295.0,0
2026-08-26,(마스터ASC)[제과_블트하] 26.07_블트깡출시_ASC_전환_video,(마스터ASC)[제과_블트하] 26.07_블트깡출시_ASC_전환_video,[26.08]F_V_BT칩_전환_블트칩출시_쩜오건_시즈닝강조.이국주.KR1_var9.릴스_블트칩.확산맛조합.슬기.X_1P__260820_제과_문형민,2,0,6.0,0
2026-08-26,(마스터ASC)[제과_치즈팝콘] 26.08_치즈팝콘출시_ASC_전환_image_전체타겟,(마스터ASC)[제과_치즈팝콘] 26.08_치즈팝콘출시_ASC_전환_image_전체타겟,[26.08]F_I_PC치_전환_치즈팝콘재입고_혜택강조형_KR1.재입고이슈_.배너_역대급중독적인맛.__권미정_260824_제과_박서연,65,1,1334.0,0
2026-08-26,[제과_블트하] 26.07_블트깡출시_수동_전환_image_전체타겟,0825_트러플권위_블트칩출시 (KR2),[26.08]F_I_BT칩_전환_블트칩출시_혜택강조형_KR2.진짜트러플비교_.배너_소비자보이스.트위터형.__김소희_260825_제과_박서연,309,3,5992.0,0
2026-08-26,(ASC) [제과_블트하] 26.08_블트깡출시_ASC_전환_image,(ASC) [제과_블트하] 26.08_블트하출시_ASC_전환_image,[26.08]F_I_BT칩_전환_블트칩출시_혜택강조형_KR2.진짜트러플비교_.배너_제작자.원가감수.뜯자마자퍼지는.__김소희_260826_제과_박서연,1,0,2.0,0
2026-08-26,(ASC) [제과_블트하] 26.08_블트깡출시_ASC_전환_image,(ASC) [제과_블트하] 26.08_블트하출시_ASC_전환_image,[26.08]F_I_BT깡_전환_블트칩출시_혜택강조형_KR1.이탈리아_.배너_트러플본고장은다르니까.__김소희_260826_제과_김수정,2,0,30.0,0
2026-08-27,(마스터ASC)[제과_치즈팝콘] 26.08_치즈팝콘출시_ASC_전환_image_전체타겟,(마스터ASC)[제과_치즈팝콘] 26.08_치즈팝콘출시_ASC_전환_image_전체타겟,[26.07]F_I_PC치_전환_치즈팝콘출시_혜택강조형_KR1_.피드_이니1.맛강조.매거진형.__권미정_260805_제과_박서연,1186,12,14689.0,0
2026-08-27,(ASC) [제과_블트하] 26.08_블트깡출시_ASC_전환_image,(ASC) [제과_블트하] 26.08_블트하출시_ASC_전환_image,[26.08]F_I_BT칩_전환_블트칩출시_혜택강조형_KR1_.릴스_시댁에트러플하몽칩가져갔더니.__김소희_260807_제과_박서연,912,13,27588.0,1
2026-08-27,(마스터ASC)[제과_블트하] 26.07_블트깡출시_ASC_전환_video,(마스터ASC)[제과_블트하] 26.07_블트깡출시_ASC_전환_video,[26.08]F_V_BT칩_전환_블트칩출시_신규BP_아린이네BP.KR1_var5.릴스_공구형.주변인인정.X_2P_최나영_260811_제과_윤성미,3,0,44.0,0
2026-08-27,(ASC) [제과_블트하] 26.08_블트깡출시_ASC_전환_image,(ASC) [제과_블트하] 26.08_블트하출시_ASC_전환_image,[26.08]F_I_BT칩_전환_블트칩출시_혜택강조형_KR1_.배너_긴급성심리자극.구매갯수제한예정.__김소희_260821_제과_김수정,4,0,190.0,0
2026-08-27,(마스터ASC)[제과_치즈팝콘] 26.08_치즈팝콘출시_ASC_전환_image_전체타겟,(마스터ASC)[제과_치즈팝콘] 26.08_치즈팝콘출시_ASC_전환_image_전체타겟,[26.08]F_I_PC치_전환_치즈팝콘재입고_혜택강조형_KR1.재입고이슈_.배너_역대급중독적인맛.__권미정_260824_제과_박서연,28,1,440.0,0
2026-08-27,[제과_블트하] 26.07_블트깡출시_수동_전환_image_전체타겟,0825_트러플권위_블트칩출시 (KR2),[26.08]F_I_BT칩_전환_블트칩출시_혜택강조형_KR2.진짜트러플비교_.배너_소비자보이스.트위터형.__김소희_260825_제과_박서연,122,1,2117.0,0
2026-08-27,(ASC) [제과_블트하] 26.08_블트깡출시_ASC_전환_image,(ASC) [제과_블트하] 26.08_블트하출시_ASC_전환_image,[26.08]F_I_BT칩_전환_블트칩출시_혜택강조형_KR2.진짜트러플비교_.배너_제작자.원가감수.뜯자마자퍼지는.__김소희_260826_제과_박서연,34,1,1332.0,0
2026-08-27,(ASC) [제과_블트하] 26.08_블트깡출시_ASC_전환_image,(ASC) [제과_블트하] 26.08_블트하출시_ASC_전환_image,[26.08]F_I_BT깡_전환_블트칩출시_혜택강조형_KR1.이탈리아_.배너_트러플본고장은다르니까.__김소희_260826_제과_김수정,7,0,277.0,0
2026-08-28,(마스터ASC)[제과_치즈팝콘] 26.08_치즈팝콘출시_ASC_전환_image_전체타겟,(마스터ASC)[제과_치즈팝콘] 26.08_치즈팝콘출시_ASC_전환_image_전체타겟,[26.07]F_I_PC치_전환_치즈팝콘출시_혜택강조형_KR1_.피드_이니1.맛강조.매거진형.__권미정_260805_제과_박서연,1988,17,24015.0,1
2026-08-28,(마스터ASC)[제과_치즈팝콘] 26.08_치즈팝콘출시_ASC_전환_image_전체타겟,(마스터ASC)[제과_치즈팝콘] 26.08_치즈팝콘출시_ASC_전환_image_전체타겟,[26.08]F_I_PC치_전환_치즈팝콘재입고_혜택강조형_KR1.재입고이슈_.배너_역대급중독적인맛.__권미정_260824_제과_박서연,77,2,1346.0,0
2026-08-28,[제과_블트하] 26.07_블트깡출시_수동_전환_image_전체타겟,0825_트러플권위_블트칩출시 (KR2),[26.08]F_I_BT칩_전환_블트칩출시_혜택강조형_KR2.진짜트러플비교_.배너_소비자보이스.트위터형.__김소희_260825_제과_박서연,3,0,62.0,0
2026-08-28,(ASC) [제과_블트하] 26.08_블트깡출시_ASC_전환_image,(ASC) [제과_블트하] 26.08_블트하출시_ASC_전환_image,[26.08]F_I_BT칩_전환_블트칩출시_혜택강조형_KR2.진짜트러플비교_.배너_제작자.원가감수.뜯자마자퍼지는.__김소희_260826_제과_박서연,21,1,911.0,0
2026-08-28,(마스터ASC)[제과_블트하] 26.07_블트깡출시_ASC_전환_video,(마스터ASC)[제과_블트하] 26.07_블트깡출시_ASC_전환_video,[26.09]F_V_BT칩_전환_블트깡출시_쩜오건_나폴리맛피아.KR2_var3.릴스_비하인드.슬기.X_1P__260901_제과_피재은,59,2,895.0,0
2026-08-28,[칩] (마스터ASC)[제과_블트하] 26.07_블트칩출시_ASC_전환_video,[칩] (마스터ASC)[제과_블트하] 26.07_블트칩출시_ASC_전환_video,[26.09]F_V_BT칩_전환_블트깡출시_기타_백정BP.나폴리맛피아.KR2_main.릴스_메인.X_1P__260901_제과_피재은,623,9,11222.0,0
2026-08-29,(마스터ASC)[제과_치즈팝콘] 26.08_치즈팝콘출시_ASC_전환_image_전체타겟,(마스터ASC)[제과_치즈팝콘] 26.08_치즈팝콘출시_ASC_전환_image_전체타겟,[26.08]F_I_PC치_전환_치즈팝콘재입고_혜택강조형_KR1.재입고이슈_.배너_역대급중독적인맛.__권미정_260824_제과_박서연,12,0,100.0,0
2026-08-29,(마스터ASC)[제과_블트하] 26.07_블트깡출시_ASC_전환_video,(마스터ASC)[제과_블트하] 26.07_블트깡출시_ASC_전환_video,[26.09]F_V_BT칩_전환_블트깡출시_쩜오건_나폴리맛피아.KR2_var3.릴스_비하인드.슬기.X_1P__260901_제과_피재은,683,13,16244.0,4
2026-08-29,[칩] (마스터ASC)[제과_블트하] 26.07_블트칩출시_ASC_전환_video,[칩] (마스터ASC)[제과_블트하] 26.07_블트칩출시_ASC_전환_video,[26.09]F_V_BT칩_전환_블트깡출시_기타_백정BP.나폴리맛피아.KR2_main.릴스_메인.X_1P__260901_제과_피재은,16227,218,288817.0,15
2026-08-30,(마스터ASC)[제과_블트하] 26.07_블트깡출시_ASC_전환_video,(마스터ASC)[제과_블트하] 26.07_블트깡출시_ASC_전환_video,[26.08]F_V_BT깡_전환_블트깡출시_네고형_지인네고형.김그릇BP_main.릴스_공통.X_1P_김소희_260807_제과_강경연,4,0,94.0,0
2026-08-30,(마스터ASC)[제과_블트하] 26.07_블트깡출시_ASC_전환_video,(마스터ASC)[제과_블트하] 26.07_블트깡출시_ASC_전환_video,[26.08]F_V_BT칩_전환_블트칩출시_신규BP_아린이네BP.KR1_var5.릴스_공구형.주변인인정.X_2P_최나영_260811_제과_윤성미,24,0,411.0,0
2026-08-30,(마스터ASC)[제과_치즈팝콘] 26.08_치즈팝콘출시_ASC_전환_image_전체타겟,(마스터ASC)[제과_치즈팝콘] 26.08_치즈팝콘출시_ASC_전환_image_전체타겟,[26.08]F_I_PC치_전환_치즈팝콘재입고_혜택강조형_KR1.재입고이슈_.배너_역대급중독적인맛.__권미정_260824_제과_박서연,6,0,89.0,0
2026-08-30,(마스터ASC)[제과_블트하] 26.07_블트깡출시_ASC_전환_video,(마스터ASC)[제과_블트하] 26.07_블트깡출시_ASC_전환_video,[26.09]F_V_BT칩_전환_블트깡출시_쩜오건_나폴리맛피아.KR2_var3.릴스_비하인드.슬기.X_1P__260901_제과_피재은,521,6,12697.0,2
2026-08-31,[제과_블트하] 26.07_블트깡출시_수동_전환_image_전체타겟,0825_트러플권위_블트칩출시 (KR2),[26.08]F_I_BT깡_전환_블트칩출시_유명인권위형_이국주.KR2_.배너_희소성.편의점주.__김소희_260813_제과_김수정,1,0,15.0,0
2026-08-31,(마스터ASC)[제과_치즈팝콘] 26.08_치즈팝콘출시_ASC_전환_image_전체타겟,(마스터ASC)[제과_치즈팝콘] 26.08_치즈팝콘출시_ASC_전환_image_전체타겟,[26.08]F_I_PC치_전환_치즈팝콘재입고_혜택강조형_KR1.재입고이슈_.배너_역대급중독적인맛.__권미정_260824_제과_박서연,5,0,110.0,0
2026-08-31,[제과_블트하] 26.07_블트깡출시_수동_전환_image_전체타겟,0825_트러플권위_블트칩출시 (KR2),[26.08]F_I_BT칩_전환_블트칩출시_혜택강조형_KR2.진짜트러플비교_.배너_소비자보이스.트위터형.__김소희_260825_제과_박서연,2,0,25.0,0
2026-08-31,(ASC) [제과_블트하] 26.08_블트깡출시_ASC_전환_image,(ASC) [제과_블트하] 26.08_블트하출시_ASC_전환_image,[26.08]F_I_BT깡_전환_블트칩출시_혜택강조형_KR1.이탈리아_.배너_트러플본고장은다르니까.__김소희_260826_제과_김수정,39,1,1256.0,0
2026-08-31,(마스터ASC)[제과_블트하] 26.07_블트깡출시_ASC_전환_video,(마스터ASC)[제과_블트하] 26.07_블트깡출시_ASC_전환_video,[26.09]F_V_BT칩_전환_블트깡출시_쩜오건_나폴리맛피아.KR2_var3.릴스_비하인드.슬기.X_1P__260901_제과_피재은,350,8,8815.0,2
2026-09-01,(마스터ASC)[제과_블트하] 26.07_블트깡출시_ASC_전환_video,(마스터ASC)[제과_블트하] 26.07_블트깡출시_ASC_전환_video,[26.08]F_V_BT깡_전환_블트깡출시_네고형_지인네고형.김그릇BP_main.릴스_공통.X_1P_김소희_260807_제과_강경연,1,0,5.0,0
2026-09-01,(마스터ASC)[제과_블트하] 26.07_블트깡출시_ASC_전환_video,(마스터ASC)[제과_블트하] 26.07_블트깡출시_ASC_전환_video,[26.08]F_V_BT칩_전환_블트칩출시_신규BP_아린이네BP.KR1_var5.릴스_공구형.주변인인정.X_2P_최나영_260811_제과_윤성미,1,0,32.0,0
2026-09-01,(ASC) [제과_블트하] 26.08_블트깡출시_ASC_전환_image,(ASC) [제과_블트하] 26.08_블트하출시_ASC_전환_image,[26.08]F_I_BT칩_전환_블트칩출시_혜택강조형_KR1_.배너_긴급성심리자극.구매갯수제한예정.__김소희_260821_제과_김수정,1,0,3.0,0
2026-09-01,(마스터ASC)[제과_치즈팝콘] 26.08_치즈팝콘출시_ASC_전환_image_전체타겟,(마스터ASC)[제과_치즈팝콘] 26.08_치즈팝콘출시_ASC_전환_image_전체타겟,[26.08]F_I_PC치_전환_치즈팝콘재입고_혜택강조형_KR1.재입고이슈_.배너_역대급중독적인맛.__권미정_260824_제과_박서연,10,0,110.0,0
2026-09-01,(ASC) [제과_블트하] 26.08_블트깡출시_ASC_전환_image,(ASC) [제과_블트하] 26.08_블트하출시_ASC_전환_image,[26.08]F_I_BT칩_전환_블트칩출시_혜택강조형_KR2.진짜트러플비교_.배너_제작자.원가감수.뜯자마자퍼지는.__김소희_260826_제과_박서연,111,0,1958.0,0
2026-09-01,(ASC) [제과_블트하] 26.08_블트깡출시_ASC_전환_image,(ASC) [제과_블트하] 26.08_블트하출시_ASC_전환_image,[26.08]F_I_BT깡_전환_블트칩출시_혜택강조형_KR1.이탈리아_.배너_트러플본고장은다르니까.__김소희_260826_제과_김수정,10,0,540.0,0
2026-09-01,(마스터ASC)[제과_블트하] 26.07_블트깡출시_ASC_전환_video,(마스터ASC)[제과_블트하] 26.07_블트깡출시_ASC_전환_video,[26.09]F_V_BT칩_전환_블트깡출시_쩜오건_나폴리맛피아.KR2_var3.릴스_비하인드.슬기.X_1P__260901_제과_피재은,1031,10,24660.0,0
2026-08-24,(ASC) [제과_블트하] 26.07_블트칩출시_ASC_전환_image,(ASC)[제과_블트하] 26.07_블트칩출시_ASC_전환_image,[26.07]F_I_BT혼_전환_블트칩출시_혜택강조형_KR2_.피드_주변인.친구.확장__김소희_260727_제과_박지현,148,2,3822.0,0
2026-08-24,(ASC) [제과_블트하] 26.07_블트칩출시_ASC_전환_image,(ASC)[제과_블트하] 26.07_블트칩출시_ASC_전환_image,[26.07]F_I_BT칩_전환_블트칩출시_혜택강조형_KR1_.피드_입맛까다로운남편도.__김소희_260728_제과_김수정,9,0,65.0,0
2026-08-24,[제과_치즈팝콘] 26.08_치즈팝콘출시_수동_전환_video_전체타겟,"(0805) 쩜오건_치즈팝콘출시 (KR1) (재은,성미님)",[26.08]F_V_PC치_전환_치즈팝콘출시_쩜오건_초코송이BP_var1.릴스_맥주.안주.X_2P_권미정_260805_제과_윤성미,143,3,1636.0,0
2026-08-24,(ASC) [제과_블트하] 26.08_블트깡출시_ASC_전환_image,(ASC) [제과_블트하] 26.08_블트하출시_ASC_전환_image,[26.08]F_I_BT칩_전환_블트칩출시_혜택강조형_KR1_.릴스_시간한정강조.똑소리난대요.__김소희_260807_제과_김수정,46,2,1619.0,0
2026-08-24,[제과_블트하] 26.07_블트깡출시_수동_전환_image_전체타겟,0820_이국주(~0912)_블트칩출시 (KR1),[26.08]F_I_BT깡_전환_블트칩출시_유명인권위형_이국주.KR1_.릴스_국민간식.유행강조.__김소희_260814_제과_김수정,13,0,419.0,0
2026-08-24,[제과_블트하] 26.07_블트깡출시_수동_전환_video_전체타겟,0820_공구네고형_블트칩출시 (KR2),[26.08]F_V_BT칩_전환_블트칩출시_네고형_공구네고형.이국주.KR2_var1.릴스_이국주.X_1P_최나영_260820_제과_피재은,9,0,152.0,0
2026-08-24,[칩] (마스터ASC)[제과_블트하] 26.07_블트칩출시_ASC_전환_video,[칩] (마스터ASC)[제과_블트하] 26.07_블트칩출시_ASC_전환_video,[26.08]F_V_BT칩_전환_블트칩출시_네고형_공구네고형.이국주.KR2_var1.릴스_이국주.X_1P_최나영_260820_제과_피재은,2,0,11.0,0
2026-08-25,(ASC) [제과_블트하] 26.07_블트칩출시_ASC_전환_image,(ASC)[제과_블트하] 26.07_블트칩출시_ASC_전환_image,[26.07]F_I_BT혼_전환_블트칩출시_혜택강조형_KR2_.피드_주변인.친구.확장__김소희_260727_제과_박지현,41,2,1236.0,0
2026-08-25,(ASC) [제과_블트하] 26.07_블트칩출시_ASC_전환_image,(ASC)[제과_블트하] 26.07_블트칩출시_ASC_전환_image,[26.07]F_I_BT칩_전환_블트칩출시_혜택강조형_KR1_.피드_입맛까다로운남편도.__김소희_260728_제과_김수정,2,0,221.0,0
2026-08-25,(ASC) [제과_블트하] 26.07_블트칩출시_ASC_전환_image,(ASC)[제과_블트하] 26.07_블트칩출시_ASC_전환_image,[26.07]F_I_BT혼_전환_블트칩출시_혜택강조형_KR2_.릴스_모션.트민맘등극템.__김소희_260729_제과_박서연,7,0,243.0,0
2026-08-25,[제과_치즈팝콘] 26.08_치즈팝콘출시_수동_전환_video_전체타겟,"(0805) 쩜오건_치즈팝콘출시 (KR1) (재은,성미님)",[26.08]F_V_PC치_전환_치즈팝콘출시_쩜오건_초코송이BP_var1.릴스_맥주.안주.X_2P_권미정_260805_제과_윤성미,287,4,3521.0,0
2026-08-25,(ASC) [제과_블트하] 26.08_블트깡출시_ASC_전환_image,(ASC) [제과_블트하] 26.08_블트하출시_ASC_전환_image,[26.08]F_I_BT칩_전환_블트칩출시_혜택강조형_KR1_.릴스_시간한정강조.똑소리난대요.__김소희_260807_제과_김수정,105,2,2586.0,0
2026-08-25,[제과_블트하] 26.07_블트깡출시_수동_전환_image_전체타겟,0820_이국주(~0912)_블트칩출시 (KR1),[26.08]F_I_BT깡_전환_블트칩출시_유명인권위형_이국주.KR1_.릴스_국민간식.유행강조.__김소희_260814_제과_김수정,5,1,498.0,0
2026-08-25,(마스터ASC)[제과_치즈팝콘] 26.08_치즈팝콘출시_ASC_전환_image_전체타겟,(마스터ASC)[제과_치즈팝콘] 26.08_치즈팝콘출시_ASC_전환_image_전체타겟,[26.08]F_I_PC치_전환_치즈팝콘재입고_혜택강조형_KR2.물림페포_.배너_치즈싫어하는친구도.__권미정_260824_제과_박서연,33,1,408.0,0
2026-08-26,(ASC) [제과_블트하] 26.07_블트칩출시_ASC_전환_image,(ASC)[제과_블트하] 26.07_블트칩출시_ASC_전환_image,[26.07]F_I_BT혼_전환_블트칩출시_혜택강조형_KR2_.피드_주변인.친구.확장__김소희_260727_제과_박지현,82,2,3098.0,1
2026-08-26,(ASC) [제과_블트하] 26.07_블트칩출시_ASC_전환_image,(ASC)[제과_블트하] 26.07_블트칩출시_ASC_전환_image,[26.07]F_I_BT칩_전환_블트칩출시_혜택강조형_KR1_.피드_입맛까다로운남편도.__김소희_260728_제과_김수정,60,0,1100.0,0
2026-08-26,(ASC) [제과_블트하] 26.07_블트칩출시_ASC_전환_image,(ASC)[제과_블트하] 26.07_블트칩출시_ASC_전환_image,[26.07]F_I_BT혼_전환_블트칩출시_혜택강조형_KR2_.릴스_모션.트민맘등극템.__김소희_260729_제과_박서연,226,3,4830.0,1
2026-08-26,[칩] (마스터ASC)[제과_블트하] 26.07_블트칩출시_ASC_전환_video,[칩] (마스터ASC)[제과_블트하] 26.07_블트칩출시_ASC_전환_video,[26.08]F_V_BT혼_전환_블트칩출시_신규BP_풀리오BP.KR1_var5.릴스_중독성후킹.남편.X_2P_최나영_260801_제과_이봄1,26,0,285.0,0
2026-08-26,[제과_치즈팝콘] 26.08_치즈팝콘출시_수동_전환_video_전체타겟,"(0805) 쩜오건_치즈팝콘출시 (KR1) (재은,성미님)",[26.08]F_V_PC치_전환_치즈팝콘출시_쩜오건_육포깡BP_var2.릴스_크림.X_1P_권미정_260805_제과_피재은,6,0,49.0,0
2026-08-26,[제과_치즈팝콘] 26.08_치즈팝콘출시_수동_전환_video_전체타겟,"(0805) 쩜오건_치즈팝콘출시 (KR1) (재은,성미님)",[26.08]F_V_PC치_전환_치즈팝콘출시_쩜오건_초코송이BP_var1.릴스_맥주.안주.X_2P_권미정_260805_제과_윤성미,340,2,3626.0,0
2026-08-26,(ASC) [제과_블트하] 26.08_블트깡출시_ASC_전환_image,(ASC) [제과_블트하] 26.08_블트하출시_ASC_전환_image,[26.08]F_I_BT칩_전환_블트칩출시_혜택강조형_KR1_.릴스_시간한정강조.똑소리난대요.__김소희_260807_제과_김수정,38,0,635.0,0
2026-08-26,[제과_블트하] 26.07_블트깡출시_수동_전환_image_전체타겟,0820_이국주(~0912)_블트칩출시 (KR1),[26.08]F_I_BT깡_전환_블트칩출시_유명인권위형_이국주.KR1_.릴스_국민간식.유행강조.__김소희_260814_제과_김수정,108,5,4176.0,1
2026-08-26,(마스터ASC)[제과_치즈팝콘] 26.08_치즈팝콘출시_ASC_전환_image_전체타겟,(마스터ASC)[제과_치즈팝콘] 26.08_치즈팝콘출시_ASC_전환_image_전체타겟,[26.08]F_I_PC치_전환_치즈팝콘재입고_혜택강조형_KR2.물림페포_.배너_치즈싫어하는친구도.__권미정_260824_제과_박서연,1,0,7.0,0
2026-08-27,(ASC) [제과_블트하] 26.07_블트칩출시_ASC_전환_image,(ASC)[제과_블트하] 26.07_블트칩출시_ASC_전환_image,[26.07]F_I_BT칩_전환_블트칩출시_혜택강조형_KR1_.피드_입맛까다로운남편도.__김소희_260728_제과_김수정,86,1,1479.0,0
2026-08-27,(ASC) [제과_블트하] 26.07_블트칩출시_ASC_전환_image,(ASC)[제과_블트하] 26.07_블트칩출시_ASC_전환_image,[26.07]F_I_BT혼_전환_블트칩출시_혜택강조형_KR2_.릴스_모션.트민맘등극템.__김소희_260729_제과_박서연,707,11,16626.0,0
2026-08-27,[제과_치즈팝콘] 26.08_치즈팝콘출시_수동_전환_video_전체타겟,"(0805) 쩜오건_치즈팝콘출시 (KR1) (재은,성미님)",[26.08]F_V_PC치_전환_치즈팝콘출시_쩜오건_육포깡BP_var2.릴스_크림.X_1P_권미정_260805_제과_피재은,188,2,2434.0,0
2026-08-27,[제과_치즈팝콘] 26.08_치즈팝콘출시_수동_전환_video_전체타겟,"(0805) 쩜오건_치즈팝콘출시 (KR1) (재은,성미님)",[26.08]F_V_PC치_전환_치즈팝콘출시_쩜오건_초코송이BP_var1.릴스_맥주.안주.X_2P_권미정_260805_제과_윤성미,105,0,1273.0,0
2026-08-27,(ASC) [제과_블트하] 26.08_블트깡출시_ASC_전환_image,(ASC) [제과_블트하] 26.08_블트하출시_ASC_전환_image,[26.08]F_I_BT칩_전환_블트칩출시_혜택강조형_KR1_.릴스_시간한정강조.똑소리난대요.__김소희_260807_제과_김수정,22,0,478.0,0
2026-08-27,[제과_블트하] 26.07_블트깡출시_수동_전환_image_전체타겟,0820_이국주(~0912)_블트칩출시 (KR1),[26.08]F_I_BT깡_전환_블트칩출시_유명인권위형_이국주.KR1_.릴스_국민간식.유행강조.__김소희_260814_제과_김수정,59,1,2194.0,0
2026-08-27,[칩] (마스터ASC)[제과_블트하] 26.07_블트칩출시_ASC_전환_video,[칩] (마스터ASC)[제과_블트하] 26.07_블트칩출시_ASC_전환_video,[26.08]F_V_BT칩_전환_블트칩출시_네고형_공구네고형.이국주.KR2_var1.릴스_이국주.X_1P_최나영_260820_제과_피재은,10,0,119.0,0
2026-08-28,(ASC) [제과_블트하] 26.07_블트칩출시_ASC_전환_image,(ASC)[제과_블트하] 26.07_블트칩출시_ASC_전환_image,[26.07]F_I_BT칩_전환_블트칩출시_혜택강조형_KR1_.피드_입맛까다로운남편도.__김소희_260728_제과_김수정,2,0,10.0,0
2026-08-28,[제과_치즈팝콘] 26.08_치즈팝콘출시_수동_전환_video_전체타겟,"(0805) 쩜오건_치즈팝콘출시 (KR1) (재은,성미님)",[26.08]F_V_PC치_전환_치즈팝콘출시_쩜오건_육포깡BP_var2.릴스_크림.X_1P_권미정_260805_제과_피재은,113,1,1185.0,1
2026-08-28,[제과_치즈팝콘] 26.08_치즈팝콘출시_수동_전환_video_전체타겟,"(0805) 쩜오건_치즈팝콘출시 (KR1) (재은,성미님)",[26.08]F_V_PC치_전환_치즈팝콘출시_쩜오건_초코송이BP_var1.릴스_맥주.안주.X_2P_권미정_260805_제과_윤성미,54,1,724.0,0
2026-08-28,(ASC) [제과_블트하] 26.08_블트깡출시_ASC_전환_image,(ASC) [제과_블트하] 26.08_블트하출시_ASC_전환_image,[26.08]F_I_BT칩_전환_블트칩출시_혜택강조형_KR1_.릴스_시간한정강조.똑소리난대요.__김소희_260807_제과_김수정,1,0,6.0,0
2026-08-28,[제과_콘스프맛 팝콘] 26.05_콘스프맛팝콘출시_수동_전환_video,공구네고형(다이어터 입터짐.페인포인트)_0814,[26.08]F_V_PC혼_전환_상시_네고형_공구네고형_var1.릴스_맛후킹.페르소나강조.X_1P_권미정_260814_제과_강경연,340,0,3092.0,0
2026-08-28,[제과_블트하] 26.07_블트깡출시_수동_전환_image_전체타겟,0820_이국주(~0912)_블트칩출시 (KR1),[26.08]F_I_BT깡_전환_블트칩출시_유명인권위형_이국주.KR1_.릴스_국민간식.유행강조.__김소희_260814_제과_김수정,366,6,13634.0,1
2026-08-28,[제과_블트하] 26.07_블트깡출시_수동_전환_image_전체타겟,0901_맛피아디벨롭_블트칩출시  (KR1/2),[26.08]F_I_BT깡_전환_블트칩출시_혜택강조형_나폴리맛피아.KR1_.배너_기존콜라보실체.4분할.__김소희_260828_제과_김수정,149,3,3199.0,0
2026-08-28,[제과_블트하] 26.07_블트깡출시_수동_전환_video_전체타겟,0828_백정BP_블트칩출시 (맛피아) (KR2),[26.09]F_V_BT칩_전환_블트깡출시_기타_백정BP.나폴리맛피아.KR2_var1.릴스_맛피아.X_1P__260901_제과_피재은,128,3,3744.0,0
2026-08-29,[칩] (마스터ASC)[제과_블트하] 26.07_블트칩출시_ASC_전환_video,[칩] (마스터ASC)[제과_블트하] 26.07_블트칩출시_ASC_전환_video,[26.08]F_V_BT혼_전환_블트칩출시_신규BP_풀리오BP.KR1_var5.릴스_중독성후킹.남편.X_2P_최나영_260801_제과_이봄1,16,0,498.0,0
2026-08-29,[제과_치즈팝콘] 26.08_치즈팝콘출시_수동_전환_video_전체타겟,"(0805) 쩜오건_치즈팝콘출시 (KR1) (재은,성미님)",[26.08]F_V_PC치_전환_치즈팝콘출시_쩜오건_육포깡BP_var2.릴스_크림.X_1P_권미정_260805_제과_피재은,157,1,1228.0,0
2026-08-29,[제과_치즈팝콘] 26.08_치즈팝콘출시_수동_전환_video_전체타겟,"(0805) 쩜오건_치즈팝콘출시 (KR1) (재은,성미님)",[26.08]F_V_PC치_전환_치즈팝콘출시_쩜오건_초코송이BP_var1.릴스_맥주.안주.X_2P_권미정_260805_제과_윤성미,122,2,1239.0,0
2026-08-29,(ASC) [제과_블트하] 26.08_블트깡출시_ASC_전환_image,(ASC) [제과_블트하] 26.08_블트하출시_ASC_전환_image,[26.08]F_I_BT칩_전환_블트칩출시_혜택강조형_KR1_.릴스_시간한정강조.똑소리난대요.__김소희_260807_제과_김수정,1,0,6.0,0
2026-08-29,[제과_콘스프맛 팝콘] 26.05_콘스프맛팝콘출시_수동_전환_video,공구네고형(다이어터 입터짐.페인포인트)_0814,[26.08]F_V_PC혼_전환_상시_네고형_공구네고형_var1.릴스_맛후킹.페르소나강조.X_1P_권미정_260814_제과_강경연,4036,35,42849.0,1
2026-08-29,[제과_블트하] 26.07_블트깡출시_수동_전환_image_전체타겟,0820_이국주(~0912)_블트칩출시 (KR1),[26.08]F_I_BT깡_전환_블트칩출시_유명인권위형_이국주.KR1_.릴스_국민간식.유행강조.__김소희_260814_제과_김수정,54,1,1950.0,0
2026-08-29,(마스터ASC)[제과_블트하] 26.07_블트깡출시_ASC_전환_video,(마스터ASC)[제과_블트하] 26.07_블트깡출시_ASC_전환_video,[26.08]F_V_BT칩_전환_블트칩출시_쩜오건_시즈닝강조.이국주.KR1_var8.릴스_블트칩.트러플.슬기.X_1P__260820_제과_문형민,3,0,32.0,0
2026-08-29,[제과_블트하] 26.07_블트깡출시_수동_전환_video_전체타겟,0820_공구네고형_블트칩출시 (KR2),[26.08]F_V_BT칩_전환_블트칩출시_네고형_공구네고형.이국주.KR2_var1.릴스_이국주.X_1P_최나영_260820_제과_피재은,6,0,253.0,0
2026-08-29,[제과_블트하] 26.07_블트깡출시_수동_전환_image_전체타겟,0901_맛피아디벨롭_블트칩출시  (KR1/2),[26.08]F_I_BT깡_전환_블트칩출시_혜택강조형_나폴리맛피아.KR1_.배너_기존콜라보실체.4분할.__김소희_260828_제과_김수정,98,1,2390.0,0
2026-08-29,[제과_블트하] 26.07_블트깡출시_수동_전환_video_전체타겟,0828_백정BP_블트칩출시 (맛피아) (KR2),[26.09]F_V_BT칩_전환_블트깡출시_기타_백정BP.나폴리맛피아.KR2_var1.릴스_맛피아.X_1P__260901_제과_피재은,1184,15,23743.0,0
2026-08-30,[제과_치즈팝콘] 26.08_치즈팝콘출시_수동_전환_video_전체타겟,"(0805) 쩜오건_치즈팝콘출시 (KR1) (재은,성미님)",[26.08]F_V_PC치_전환_치즈팝콘출시_쩜오건_육포깡BP_var2.릴스_크림.X_1P_권미정_260805_제과_피재은,1019,10,8762.0,1
2026-08-30,[제과_치즈팝콘] 26.08_치즈팝콘출시_수동_전환_video_전체타겟,"(0805) 쩜오건_치즈팝콘출시 (KR1) (재은,성미님)",[26.08]F_V_PC치_전환_치즈팝콘출시_쩜오건_초코송이BP_var1.릴스_맥주.안주.X_2P_권미정_260805_제과_윤성미,218,0,2814.0,0
2026-08-30,[제과_블트하] 26.07_블트깡출시_수동_전환_image_전체타겟,0820_이국주(~0912)_블트칩출시 (KR1),[26.08]F_I_BT깡_전환_블트칩출시_유명인권위형_이국주.KR1_.릴스_국민간식.유행강조.__김소희_260814_제과_김수정,345,2,11942.0,0
2026-08-30,(마스터ASC)[제과_블트하] 26.07_블트깡출시_ASC_전환_video,(마스터ASC)[제과_블트하] 26.07_블트깡출시_ASC_전환_video,[26.08]F_V_BT칩_전환_블트칩출시_쩜오건_시즈닝강조.이국주.KR1_var8.릴스_블트칩.트러플.슬기.X_1P__260820_제과_문형민,5,0,277.0,0
2026-08-30,(마스터ASC)[제과_치즈팝콘] 26.08_치즈팝콘출시_ASC_전환_image_전체타겟,(마스터ASC)[제과_치즈팝콘] 26.08_치즈팝콘출시_ASC_전환_image_전체타겟,[26.08]F_I_PC치_전환_치즈팝콘재입고_혜택강조형_KR2.물림페포_.배너_치즈싫어하는친구도.__권미정_260824_제과_박서연,17,0,324.0,0
2026-08-30,[제과_블트하] 26.07_블트깡출시_수동_전환_image_전체타겟,0901_맛피아디벨롭_블트칩출시  (KR1/2),[26.08]F_I_BT깡_전환_블트칩출시_혜택강조형_나폴리맛피아.KR1_.배너_기존콜라보실체.4분할.__김소희_260828_제과_김수정,91,0,1889.0,0
2026-08-31,[제과_치즈팝콘] 26.08_치즈팝콘출시_수동_전환_video_전체타겟,"(0805) 쩜오건_치즈팝콘출시 (KR1) (재은,성미님)",[26.08]F_V_PC치_전환_치즈팝콘출시_쩜오건_육포깡BP_var2.릴스_크림.X_1P_권미정_260805_제과_피재은,22239,127,160564.0,14
2026-08-31,[제과_치즈팝콘] 26.08_치즈팝콘출시_수동_전환_video_전체타겟,"(0805) 쩜오건_치즈팝콘출시 (KR1) (재은,성미님)",[26.08]F_V_PC치_전환_치즈팝콘출시_쩜오건_초코송이BP_var1.릴스_맥주.안주.X_2P_권미정_260805_제과_윤성미,542,1,6448.0,0
2026-08-31,[제과_콘스프맛 팝콘] 26.05_콘스프맛팝콘출시_수동_전환_video,공구네고형(다이어터 입터짐.페인포인트)_0814,[26.08]F_V_PC혼_전환_상시_네고형_공구네고형_var1.릴스_맛후킹.페르소나강조.X_1P_권미정_260814_제과_강경연,647,1,7871.0,0
2026-08-31,[칩] (마스터ASC)[제과_블트하] 26.07_블트칩출시_ASC_전환_video,[칩] (마스터ASC)[제과_블트하] 26.07_블트칩출시_ASC_전환_video,[26.08]F_V_BT칩_전환_블트칩출시_네고형_공구네고형.이국주.KR2_var1.릴스_이국주.X_1P_최나영_260820_제과_피재은,12,1,180.0,0
2026-08-31,[제과_블트하] 26.07_블트깡출시_수동_전환_image_전체타겟,0901_맛피아디벨롭_블트칩출시  (KR1/2),[26.08]F_I_BT깡_전환_블트칩출시_혜택강조형_나폴리맛피아.KR1_.배너_기존콜라보실체.4분할.__김소희_260828_제과_김수정,974,13,18437.0,0
2026-09-01,[제과_치즈팝콘] 26.08_치즈팝콘출시_수동_전환_video_전체타겟,"(0805) 쩜오건_치즈팝콘출시 (KR1) (재은,성미님)",[26.08]F_V_PC치_전환_치즈팝콘출시_쩜오건_육포깡BP_var2.릴스_크림.X_1P_권미정_260805_제과_피재은,31287,177,226382.0,23
2026-09-01,[제과_치즈팝콘] 26.08_치즈팝콘출시_수동_전환_video_전체타겟,"(0805) 쩜오건_치즈팝콘출시 (KR1) (재은,성미님)",[26.08]F_V_PC치_전환_치즈팝콘출시_쩜오건_초코송이BP_var1.릴스_맥주.안주.X_2P_권미정_260805_제과_윤성미,465,7,5787.0,1
2026-09-01,(ASC) [제과_블트하] 26.08_블트깡출시_ASC_전환_image,(ASC) [제과_블트하] 26.08_블트하출시_ASC_전환_image,[26.08]F_I_BT칩_전환_블트칩출시_혜택강조형_KR1_.릴스_시간한정강조.똑소리난대요.__김소희_260807_제과_김수정,9,1,114.0,0
2026-09-01,[제과_콘스프맛 팝콘] 26.05_콘스프맛팝콘출시_수동_전환_video,공구네고형(다이어터 입터짐.페인포인트)_0814,[26.08]F_V_PC혼_전환_상시_네고형_공구네고형_var1.릴스_맛후킹.페르소나강조.X_1P_권미정_260814_제과_강경연,384,6,4962.0,0
2026-08-24,(ASC) [제과_블트하] 26.07_블트칩출시_ASC_전환_image,(ASC)[제과_블트하] 26.07_블트칩출시_ASC_전환_image,[26.07]F_I_BT혼_전환_블트칩출시_혜택강조형_KR1_.피드_남편.깐깐.확장__김소희_260727_제과_박지현,981,18,23598.0,3
2026-08-24,[제과_블트하] 26.07_블트깡출시_수동_전환_video_전체타겟,0811_라이브커머스형_블트깡출시 (KR1),[26.08]F_V_BT깡_전환_블트깡출시_라이브커머스형_라이브커머스형.KR1_var2.릴스_찐템강조.남편.슬기.X_1P_김소희_260811_제과_피재은,1,0,196.0,0
2026-08-24,[제과_블트하] 26.07_블트깡출시_수동_전환_image_전체타겟,0820_이국주(~0912)_블트칩출시 (KR1),[26.08]F_I_BT깡_전환_블트칩출시_유명인권위형_이국주.KR1_.릴스_편의점오픈런실패.유행강조.__김소희_260814_제과_김수정,4,0,53.0,0
2026-08-24,[제과_블트하] 26.07_블트깡출시_수동_전환_image_전체타겟,0818_GFA유효배너_블트칩출시,[26.08]F_I_BT깡_전환_블트칩출시_혜택강조형_GFA베리_.배너_넷플보다가한박스순삭해서.__최나영_260818_제과_박서연,290,1,6038.0,0
2026-08-24,(마스터ASC)[제과_치즈팝콘] 26.08_치즈팝콘출시_ASC_전환_image_전체타겟,(마스터ASC)[제과_치즈팝콘] 26.08_치즈팝콘출시_ASC_전환_image_전체타겟,[26.08]F_I_PC치_전환_치즈팝콘재입고_혜택강조형_KR2.물림페포_.배너_사분할.개당1천원대.__권미정_260824_제과_박서연,6,0,55.0,0
2026-08-25,(ASC) [제과_블트하] 26.07_블트칩출시_ASC_전환_image,(ASC)[제과_블트하] 26.07_블트칩출시_ASC_전환_image,[26.07]F_I_BT혼_전환_블트칩출시_혜택강조형_KR1_.피드_남편.깐깐.확장__김소희_260727_제과_박지현,279,7,5391.0,1
2026-08-25,[제과_블트하] 26.07_블트깡출시_수동_전환_image_전체타겟,0820_이국주(~0912)_블트칩출시 (KR1),[26.08]F_I_BT깡_전환_블트칩출시_유명인권위형_이국주.KR1_.릴스_편의점오픈런실패.유행강조.__김소희_260814_제과_김수정,5,0,265.0,0
2026-08-25,[제과_블트하] 26.07_블트깡출시_수동_전환_image_전체타겟,0818_GFA유효배너_블트칩출시,[26.08]F_I_BT깡_전환_블트칩출시_혜택강조형_GFA베리_.배너_넷플보다가한박스순삭해서.__최나영_260818_제과_박서연,137,1,5033.0,0
2026-08-25,(마스터ASC)[제과_치즈팝콘] 26.08_치즈팝콘출시_ASC_전환_image_전체타겟,(마스터ASC)[제과_치즈팝콘] 26.08_치즈팝콘출시_ASC_전환_image_전체타겟,[26.08]F_I_PC치_전환_치즈팝콘재입고_혜택강조형_KR2.물림페포_.배너_사분할.개당1천원대.__권미정_260824_제과_박서연,438,8,10010.0,0
2026-08-26,(ASC) [제과_블트하] 26.07_블트칩출시_ASC_전환_image,(ASC)[제과_블트하] 26.07_블트칩출시_ASC_전환_image,[26.07]F_I_BT혼_전환_블트칩출시_혜택강조형_KR1_.피드_남편.깐깐.확장__김소희_260727_제과_박지현,487,11,12473.0,1
2026-08-26,[제과_블트하] 26.07_블트깡출시_수동_전환_image_전체타겟,0820_이국주(~0912)_블트칩출시 (KR1),[26.08]F_I_BT깡_전환_블트칩출시_유명인권위형_이국주.KR1_.릴스_편의점오픈런실패.유행강조.__김소희_260814_제과_김수정,15,0,448.0,0
2026-08-26,[제과_블트하] 26.07_블트깡출시_수동_전환_image_전체타겟,0818_GFA유효배너_블트칩출시,[26.08]F_I_BT깡_전환_블트칩출시_혜택강조형_GFA베리_.배너_넷플보다가한박스순삭해서.__최나영_260818_제과_박서연,135,1,4395.0,0
2026-08-26,(ASC) [제과_블트하] 26.08_블트깡출시_ASC_전환_image,(ASC) [제과_블트하] 26.08_블트하출시_ASC_전환_image,[26.08]F_I_BT칩_전환_블트칩출시_혜택강조형_KR2.진짜트러플비교_.배너_제작자.원가감수.트러플값만몇십배.__김소희_260826_제과_박서연,58,1,1140.0,0
2026-08-27,[제과_블트하] 26.07_블트깡출시_수동_전환_image_전체타겟,0820_이국주(~0912)_블트칩출시 (KR1),[26.08]F_I_BT깡_전환_블트칩출시_유명인권위형_이국주.KR1_.릴스_편의점오픈런실패.유행강조.__김소희_260814_제과_김수정,2,0,38.0,0
2026-08-27,[제과_블트하] 26.07_블트깡출시_수동_전환_image_전체타겟,0818_GFA유효배너_블트칩출시,[26.08]F_I_BT깡_전환_블트칩출시_혜택강조형_GFA베리_.배너_넷플보다가한박스순삭해서.__최나영_260818_제과_박서연,19,1,532.0,0
2026-08-27,(ASC) [제과_블트하] 26.08_블트깡출시_ASC_전환_image,(ASC) [제과_블트하] 26.08_블트하출시_ASC_전환_image,[26.08]F_I_BT칩_전환_블트칩출시_혜택강조형_KR2.진짜트러플비교_.배너_제작자.원가감수.트러플값만몇십배.__김소희_260826_제과_박서연,136,2,3339.0,0
2026-08-28,[제과_블트하] 26.07_블트깡출시_수동_전환_image_전체타겟,0820_이국주(~0912)_블트칩출시 (KR1),[26.08]F_I_BT깡_전환_블트칩출시_유명인권위형_이국주.KR1_.릴스_편의점오픈런실패.유행강조.__김소희_260814_제과_김수정,2,1,120.0,0
2026-08-28,(ASC) [제과_블트하] 26.08_블트깡출시_ASC_전환_image,(ASC) [제과_블트하] 26.08_블트하출시_ASC_전환_image,[26.08]F_I_BT칩_전환_블트칩출시_혜택강조형_KR2.진짜트러플비교_.배너_제작자.원가감수.트러플값만몇십배.__김소희_260826_제과_박서연,528,13,14010.0,0
2026-08-28,(마스터ASC)[제과_블트하] 26.07_블트깡출시_ASC_전환_video,(마스터ASC)[제과_블트하] 26.07_블트깡출시_ASC_전환_video,[26.09]F_V_BT깡_전환_블트깡출시_쩜오건_나폴리맛피아.KR1_var4.릴스_var4.슬기.X_1P__260901_제과_문형민,53,1,988.0,0
2026-08-28,[제과_블트하] 26.07_블트깡출시_수동_전환_image_전체타겟,0828_맛피아100%_블트칩출시 (신규KR),[26.08]F_I_BT깡_전환_블트칩출시_혜택강조형_나폴리맛피아.신규_.배너_브랜디드.맛피아트러플하몽칩.__김소희_260828_제과_김수정,75,0,863.0,0
2026-08-28,[제과_블트하] 26.07_블트깡출시_수동_전환_video_전체타겟,0828_베이직BP_블트깡출시 (맛피아) (KR1),[26.09]F_V_BT칩_전환_블트깡출시_신규BP_베이직BP.나폴리맛피아.KR1_var2.릴스_섞기연출.맛피아.X_1P__260901_제과_문형민,143,2,2317.0,0
2026-08-28,[제과_블트하] 26.07_블트깡출시_수동_전환_video_전체타겟,0828_추성훈BP_블트칩출시 (맛피아) (KR2),[26.09]F_V_BT칩_전환_블트깡출시_쩜오건_나폴리맛피아.KR2_var2.릴스_원조.슬기.X_1P__260901_제과_피재은,1362,26,29152.0,0
2026-08-28,[제과_블트하] 26.07_블트깡출시_수동_전환_video_전체타겟,0828_백정BP_블트칩출시 (맛피아) (KR2),[26.09]F_V_BT칩_전환_블트깡출시_기타_백정BP.나폴리맛피아.KR2_main.릴스_메인.X_1P__260901_제과_피재은,302,6,6479.0,1
2026-08-28,[제과_블트하] 26.07_블트깡출시_수동_전환_video_전체타겟,0828_백정BP_블트칩출시 (맛피아) (KR2),[26.09]F_V_BT칩_전환_블트깡출시_기타_백정BP.나폴리맛피아.KR2_var3.릴스_대기업카피.X_1P__260901_제과_피재은,28,0,562.0,0
2026-08-28,[제과_블트하] 26.07_블트깡출시_수동_전환_video_전체타겟,0828_백정BP_블트칩출시 (맛피아) (KR2),[26.09]F_V_BT칩_전환_블트깡출시_기타_백정BP.나폴리맛피아.KR2_var4.릴스_진짜이태리.X_1P__260901_제과_피재은,152,3,3975.0,0
2026-08-29,(마스터ASC)[제과_블트하] 26.07_블트깡출시_ASC_전환_video,(마스터ASC)[제과_블트하] 26.07_블트깡출시_ASC_전환_video,[26.09]F_V_BT깡_전환_블트깡출시_쩜오건_나폴리맛피아.KR1_var4.릴스_var4.슬기.X_1P__260901_제과_문형민,93,2,1576.0,0
2026-08-29,[제과_블트하] 26.07_블트깡출시_수동_전환_image_전체타겟,0828_맛피아100%_블트칩출시 (신규KR),[26.08]F_I_BT깡_전환_블트칩출시_혜택강조형_나폴리맛피아.신규_.배너_브랜디드.맛피아트러플하몽칩.__김소희_260828_제과_김수정,40,0,370.0,0
2026-08-29,[제과_블트하] 26.07_블트깡출시_수동_전환_video_전체타겟,0828_베이직BP_블트깡출시 (맛피아) (KR1),[26.09]F_V_BT칩_전환_블트깡출시_신규BP_베이직BP.나폴리맛피아.KR1_var2.릴스_섞기연출.맛피아.X_1P__260901_제과_문형민,314,3,7733.0,0
2026-08-29,[제과_블트하] 26.07_블트깡출시_수동_전환_video_전체타겟,0828_추성훈BP_블트칩출시 (맛피아) (KR2),[26.09]F_V_BT칩_전환_블트깡출시_쩜오건_나폴리맛피아.KR2_var2.릴스_원조.슬기.X_1P__260901_제과_피재은,1216,14,27323.0,2
2026-08-29,[제과_블트하] 26.07_블트깡출시_수동_전환_video_전체타겟,0828_백정BP_블트칩출시 (맛피아) (KR2),[26.09]F_V_BT칩_전환_블트깡출시_기타_백정BP.나폴리맛피아.KR2_main.릴스_메인.X_1P__260901_제과_피재은,4783,110,98584.0,9
2026-08-29,[제과_블트하] 26.07_블트깡출시_수동_전환_video_전체타겟,0828_백정BP_블트칩출시 (맛피아) (KR2),[26.09]F_V_BT칩_전환_블트깡출시_기타_백정BP.나폴리맛피아.KR2_var3.릴스_대기업카피.X_1P__260901_제과_피재은,61,1,1442.0,0
2026-08-29,[제과_블트하] 26.07_블트깡출시_수동_전환_video_전체타겟,0828_백정BP_블트칩출시 (맛피아) (KR2),[26.09]F_V_BT칩_전환_블트깡출시_기타_백정BP.나폴리맛피아.KR2_var4.릴스_진짜이태리.X_1P__260901_제과_피재은,35,0,1032.0,0
2026-08-30,[제과_블트하] 26.07_블트깡출시_수동_전환_image_전체타겟,0820_이국주(~0912)_블트칩출시 (KR1),[26.08]F_I_BT깡_전환_블트칩출시_유명인권위형_이국주.KR1_.릴스_편의점오픈런실패.유행강조.__김소희_260814_제과_김수정,2,0,42.0,0
2026-08-30,(마스터ASC)[제과_블트하] 26.07_블트깡출시_ASC_전환_video,(마스터ASC)[제과_블트하] 26.07_블트깡출시_ASC_전환_video,[26.09]F_V_BT깡_전환_블트깡출시_쩜오건_나폴리맛피아.KR1_var4.릴스_var4.슬기.X_1P__260901_제과_문형민,57,0,956.0,0
2026-08-30,[제과_블트하] 26.07_블트깡출시_수동_전환_image_전체타겟,0828_맛피아100%_블트칩출시 (신규KR),[26.08]F_I_BT깡_전환_블트칩출시_혜택강조형_나폴리맛피아.신규_.배너_브랜디드.맛피아트러플하몽칩.__김소희_260828_제과_김수정,20,0,244.0,0
2026-08-30,[제과_블트하] 26.07_블트깡출시_수동_전환_video_전체타겟,0828_베이직BP_블트깡출시 (맛피아) (KR1),[26.09]F_V_BT칩_전환_블트깡출시_신규BP_베이직BP.나폴리맛피아.KR1_var2.릴스_섞기연출.맛피아.X_1P__260901_제과_문형민,551,11,13030.0,1
2026-08-30,[제과_블트하] 26.07_블트깡출시_수동_전환_video_전체타겟,0828_추성훈BP_블트칩출시 (맛피아) (KR2),[26.09]F_V_BT칩_전환_블트깡출시_쩜오건_나폴리맛피아.KR2_var2.릴스_원조.슬기.X_1P__260901_제과_피재은,1333,15,27761.0,0
2026-08-30,[제과_블트하] 26.07_블트깡출시_수동_전환_video_전체타겟,0828_백정BP_블트칩출시 (맛피아) (KR2),[26.09]F_V_BT칩_전환_블트깡출시_기타_백정BP.나폴리맛피아.KR2_main.릴스_메인.X_1P__260901_제과_피재은,17476,467,241990.0,16
2026-08-30,[제과_블트하] 26.07_블트깡출시_수동_전환_video_전체타겟,0828_백정BP_블트칩출시 (맛피아) (KR2),[26.09]F_V_BT칩_전환_블트깡출시_기타_백정BP.나폴리맛피아.KR2_var3.릴스_대기업카피.X_1P__260901_제과_피재은,72,3,1098.0,0
2026-08-30,[제과_블트하] 26.07_블트깡출시_수동_전환_video_전체타겟,0828_백정BP_블트칩출시 (맛피아) (KR2),[26.09]F_V_BT칩_전환_블트깡출시_기타_백정BP.나폴리맛피아.KR2_var4.릴스_진짜이태리.X_1P__260901_제과_피재은,23,0,749.0,0
2026-08-31,(마스터ASC)[제과_블트하] 26.07_블트깡출시_ASC_전환_video,(마스터ASC)[제과_블트하] 26.07_블트깡출시_ASC_전환_video,[26.09]F_V_BT깡_전환_블트깡출시_쩜오건_나폴리맛피아.KR1_var4.릴스_var4.슬기.X_1P__260901_제과_문형민,11,3,332.0,0
2026-08-31,[제과_블트하] 26.07_블트깡출시_수동_전환_video_전체타겟,0828_베이직BP_블트깡출시 (맛피아) (KR1),[26.09]F_V_BT칩_전환_블트깡출시_신규BP_베이직BP.나폴리맛피아.KR1_var2.릴스_섞기연출.맛피아.X_1P__260901_제과_문형민,667,11,15087.0,0
2026-08-31,[제과_블트하] 26.07_블트깡출시_수동_전환_video_전체타겟,0828_백정BP_블트칩출시 (맛피아) (KR2),[26.09]F_V_BT칩_전환_블트깡출시_기타_백정BP.나폴리맛피아.KR2_main.릴스_메인.X_1P__260901_제과_피재은,15398,537,182316.0,11
2026-08-31,[제과_블트하] 26.07_블트깡출시_수동_전환_video_전체타겟,0828_백정BP_블트칩출시 (맛피아) (KR2),[26.09]F_V_BT칩_전환_블트깡출시_기타_백정BP.나폴리맛피아.KR2_var3.릴스_대기업카피.X_1P__260901_제과_피재은,7,1,106.0,0
2026-08-31,[제과_블트하] 26.07_블트깡출시_수동_전환_video_전체타겟,0828_백정BP_블트칩출시 (맛피아) (KR2),[26.09]F_V_BT칩_전환_블트깡출시_기타_백정BP.나폴리맛피아.KR2_var4.릴스_진짜이태리.X_1P__260901_제과_피재은,1,0,5.0,0
2026-09-01,(마스터ASC)[제과_블트하] 26.07_블트깡출시_ASC_전환_video,(마스터ASC)[제과_블트하] 26.07_블트깡출시_ASC_전환_video,[26.09]F_V_BT깡_전환_블트깡출시_쩜오건_나폴리맛피아.KR1_var4.릴스_var4.슬기.X_1P__260901_제과_문형민,28,0,383.0,0
2026-09-01,[제과_블트하] 26.07_블트깡출시_수동_전환_image_전체타겟,0828_맛피아100%_블트칩출시 (신규KR),[26.08]F_I_BT깡_전환_블트칩출시_혜택강조형_나폴리맛피아.신규_.배너_브랜디드.맛피아트러플하몽칩.__김소희_260828_제과_김수정,88,1,2144.0,0
2026-09-01,[제과_블트하] 26.07_블트깡출시_수동_전환_video_전체타겟,0828_백정BP_블트칩출시 (맛피아) (KR2),[26.09]F_V_BT칩_전환_블트깡출시_기타_백정BP.나폴리맛피아.KR2_main.릴스_메인.X_1P__260901_제과_피재은,17972,421,342284.0,23
2026-09-01,[제과_블트하] 26.07_블트깡출시_수동_전환_video_전체타겟,0828_백정BP_블트칩출시 (맛피아) (KR2),[26.09]F_V_BT칩_전환_블트깡출시_기타_백정BP.나폴리맛피아.KR2_var3.릴스_대기업카피.X_1P__260901_제과_피재은,101,0,2371.0,0
2026-09-01,[제과_블트하] 26.07_블트깡출시_수동_전환_video_전체타겟,0828_백정BP_블트칩출시 (맛피아) (KR2),[26.09]F_V_BT칩_전환_블트깡출시_기타_백정BP.나폴리맛피아.KR2_var4.릴스_진짜이태리.X_1P__260901_제과_피재은,4,1,307.0,0
2026-09-01,(고효율 재러닝)[제과_블트하] 26.08_블트깡출시_ASC_전환_image/video_8M1W,(고효율 재러닝)[제과_블트하] 26.08_블트깡출시_ASC_전환_image/video_8M1W,[26.08]F_I_BT칩_전환_블트칩출시_혜택강조형_KR2_.릴스_긴급성심리자극.원물넣겠다고공장까지.__김소희_260821_제과_김수정,1,0,2.0,0
2026-09-01,[칩] (마스터ASC)[제과_블트하] 26.07_블트칩출시_ASC_전환_video,[칩] (마스터ASC)[제과_블트하] 26.07_블트칩출시_ASC_전환_video,[26.09]F_V_BT칩_전환_블트칩출시_기타_백정BP.나폴리맛피아.KR2_main.릴스_메인.(재).X_1P__260901_제과_피재은,3707,59,69306.0,3
2026-09-01,[칩] (마스터ASC)[제과_블트하] 26.07_블트칩출시_ASC_전환_video,[칩] (마스터ASC)[제과_블트하] 26.07_블트칩출시_ASC_전환_video,[26.09]F_V_BT칩_전환_블트칩출시_기타_백정BP.나폴리맛피아.KR2_var1.릴스_이태리.(재).X_1P__260901_제과_피재은,2774,29,35063.0,3
2026-08-24,(ASC) [제과_블트하] 26.07_블트칩출시_ASC_전환_image,(ASC)[제과_블트하] 26.07_블트칩출시_ASC_전환_image,[26.07]F_I_BT혼_전환_블트칩출시_혜택강조형_KR1_.피드_더사달라구졸라요떼샷.__김소희_260728_제과_김수정,2,0,32.0,0
2026-08-24,(ASC) [제과_블트하] 26.08_블트깡출시_ASC_전환_image,(ASC) [제과_블트하] 26.08_블트하출시_ASC_전환_image,[26.08]F_I_BT깡_전환_블트칩출시_혜택강조형_KR1_.피드_원가이하판매중.치킨필요없음.__김소희_260806_제과_김수정,1,0,8.0,0
2026-08-24,(ASC) [제과_블트하] 26.08_블트깡출시_ASC_전환_image,(ASC) [제과_블트하] 26.08_블트하출시_ASC_전환_image,[26.08]F_I_BT혼_전환_블트칩출시_혜택강조형_KR1_.피드_원가이하할인중.하몽갈아넣은.__김소희_260806_제과_김수정,48,2,1554.0,0
2026-08-24,(ASC) [제과_블트하] 26.08_블트깡출시_ASC_전환_image,(ASC) [제과_블트하] 26.08_블트하출시_ASC_전환_image,[26.08]F_I_BT깡_전환_블트칩출시_유명인권위형_이국주.KR2_.릴스_주변구매.회사.__김소희_260813_제과_김수정,6,0,23.0,0
2026-08-24,[제과_블트하] 26.07_블트깡출시_수동_전환_image_전체타겟,0821_유행긴급성_블트칩출시 (KR1/2),[26.08]F_I_BT칩_전환_블트칩출시_혜택강조형_KR1_.배너_긴급성심리자극.단독선공개.__김소희_260821_제과_김수정,988,18,21708.0,1
2026-08-24,(마스터ASC)[제과_치즈팝콘] 26.08_치즈팝콘출시_ASC_전환_video_전체타겟,(마스터ASC)[제과_치즈팝콘] 26.08_치즈팝콘출시_ASC_전환_video_전체타겟,[26.08]F_V_PC치_전환_치즈팝콘재입고_신규BP_열두달식탁BP.KR1_var2.릴스_일상포착.X_2P_권미정_260824_제과_윤성미,161,0,2710.0,0
2026-08-24,(마스터ASC)[제과_치즈팝콘] 26.08_치즈팝콘출시_ASC_전환_video_전체타겟,(마스터ASC)[제과_치즈팝콘] 26.08_치즈팝콘출시_ASC_전환_video_전체타겟,[26.08]F_V_PC치_전환_치즈팝콘재입고_신규BP_열두달식탁BP.KR1_var1.릴스_권유.X_2P_권미정_260824_제과_윤성미,13,1,392.0,0
2026-08-24,[제과_치즈팝콘] 26.08_치즈팝콘출시_수동_전환_image_전체타겟,(0824) 혜택강조형_물림페인포인트_치즈팝콘재입고 (KR2) (서연님),[26.08]F_I_PC치_전환_치즈팝콘재입고_혜택강조형_KR2.물림페포_.배너_치즈싫어하는친구도.__권미정_260824_제과_박서연,60,0,1166.0,0
2026-08-25,[제과_치즈팝콘] 26.08_치즈팝콘출시_수동_전환_video_전체타겟,"(0805) 쩜오건_치즈팝콘출시 (KR1) (재은,성미님)",[26.08]F_V_PC치_전환_치즈팝콘출시_쩜오건_초코송이BP_main.릴스_메인.맥주.X_2P_권미정_260805_제과_윤성미,27216,258,209366.0,20
2026-08-25,(ASC) [제과_블트하] 26.08_블트깡출시_ASC_전환_image,(ASC) [제과_블트하] 26.08_블트하출시_ASC_전환_image,[26.08]F_I_BT깡_전환_블트칩출시_혜택강조형_KR1_.피드_원가이하판매중.치킨필요없음.__김소희_260806_제과_김수정,4,0,27.0,0
2026-08-25,(ASC) [제과_블트하] 26.08_블트깡출시_ASC_전환_image,(ASC) [제과_블트하] 26.08_블트하출시_ASC_전환_image,[26.08]F_I_BT혼_전환_블트칩출시_혜택강조형_KR1_.피드_원가이하할인중.하몽갈아넣은.__김소희_260806_제과_김수정,21,2,671.0,0
2026-08-25,(마스터ASC)[제과_치즈팝콘] 26.08_치즈팝콘출시_ASC_전환_video_전체타겟,(마스터ASC)[제과_치즈팝콘] 26.08_치즈팝콘출시_ASC_전환_video_전체타겟,[26.08]F_V_PC치_전환_치즈팝콘재입고_신규BP_열두달식탁BP.KR1_var2.릴스_일상포착.X_2P_권미정_260824_제과_윤성미,6,1,98.0,0
2026-08-25,(마스터ASC)[제과_치즈팝콘] 26.08_치즈팝콘출시_ASC_전환_video_전체타겟,(마스터ASC)[제과_치즈팝콘] 26.08_치즈팝콘출시_ASC_전환_video_전체타겟,[26.08]F_V_PC치_전환_치즈팝콘재입고_신규BP_열두달식탁BP.KR1_var1.릴스_권유.X_2P_권미정_260824_제과_윤성미,2,0,14.0,0
2026-08-25,[제과_치즈팝콘] 26.08_치즈팝콘출시_수동_전환_image_전체타겟,(0824) 혜택강조형_물림페인포인트_치즈팝콘재입고 (KR2) (서연님),[26.08]F_I_PC치_전환_치즈팝콘재입고_혜택강조형_KR2.물림페포_.배너_치즈싫어하는친구도.__권미정_260824_제과_박서연,497,12,10184.0,1
2026-08-26,[제과_치즈팝콘] 26.08_치즈팝콘출시_수동_전환_video_전체타겟,"(0805) 쩜오건_치즈팝콘출시 (KR1) (재은,성미님)",[26.08]F_V_PC치_전환_치즈팝콘출시_쩜오건_초코송이BP_main.릴스_메인.맥주.X_2P_권미정_260805_제과_윤성미,90073,841,678211.0,60
2026-08-26,(ASC) [제과_블트하] 26.08_블트깡출시_ASC_전환_image,(ASC) [제과_블트하] 26.08_블트하출시_ASC_전환_image,[26.08]F_I_BT깡_전환_블트칩출시_혜택강조형_KR1_.피드_원가이하판매중.치킨필요없음.__김소희_260806_제과_김수정,4,0,68.0,0
2026-08-26,(ASC) [제과_블트하] 26.08_블트깡출시_ASC_전환_image,(ASC) [제과_블트하] 26.08_블트하출시_ASC_전환_image,[26.08]F_I_BT혼_전환_블트칩출시_혜택강조형_KR1_.피드_원가이하할인중.하몽갈아넣은.__김소희_260806_제과_김수정,2,0,42.0,0
2026-08-26,(ASC) [제과_블트하] 26.08_블트깡출시_ASC_전환_image,(ASC) [제과_블트하] 26.08_블트하출시_ASC_전환_image,[26.08]F_I_BT깡_전환_블트칩출시_유명인권위형_이국주.KR2_.릴스_주변구매.회사.__김소희_260813_제과_김수정,1,0,8.0,0
2026-08-26,(마스터ASC)[제과_치즈팝콘] 26.08_치즈팝콘출시_ASC_전환_video_전체타겟,(마스터ASC)[제과_치즈팝콘] 26.08_치즈팝콘출시_ASC_전환_video_전체타겟,[26.08]F_V_PC치_전환_치즈팝콘재입고_신규BP_열두달식탁BP.KR1_var2.릴스_일상포착.X_2P_권미정_260824_제과_윤성미,7,0,33.0,0
2026-08-26,(마스터ASC)[제과_치즈팝콘] 26.08_치즈팝콘출시_ASC_전환_video_전체타겟,(마스터ASC)[제과_치즈팝콘] 26.08_치즈팝콘출시_ASC_전환_video_전체타겟,[26.08]F_V_PC치_전환_치즈팝콘재입고_신규BP_열두달식탁BP.KR1_var1.릴스_권유.X_2P_권미정_260824_제과_윤성미,8,0,161.0,0
2026-08-26,[제과_치즈팝콘] 26.08_치즈팝콘출시_수동_전환_image_전체타겟,(0824) 혜택강조형_물림페인포인트_치즈팝콘재입고 (KR2) (서연님),[26.08]F_I_PC치_전환_치즈팝콘재입고_혜택강조형_KR2.물림페포_.배너_치즈싫어하는친구도.__권미정_260824_제과_박서연,589,9,10895.0,0
2026-08-27,[제과_치즈팝콘] 26.08_치즈팝콘출시_수동_전환_video_전체타겟,"(0805) 쩜오건_치즈팝콘출시 (KR1) (재은,성미님)",[26.08]F_V_PC치_전환_치즈팝콘출시_쩜오건_초코송이BP_main.릴스_메인.맥주.X_2P_권미정_260805_제과_윤성미,110808,991,844387.0,65
2026-08-27,(ASC) [제과_블트하] 26.08_블트깡출시_ASC_전환_image,(ASC) [제과_블트하] 26.08_블트하출시_ASC_전환_image,[26.08]F_I_BT깡_전환_블트칩출시_혜택강조형_KR1_.피드_원가이하판매중.치킨필요없음.__김소희_260806_제과_김수정,18,1,548.0,0
2026-08-27,(ASC) [제과_블트하] 26.08_블트깡출시_ASC_전환_image,(ASC) [제과_블트하] 26.08_블트하출시_ASC_전환_image,[26.08]F_I_BT혼_전환_블트칩출시_혜택강조형_KR1_.피드_원가이하할인중.하몽갈아넣은.__김소희_260806_제과_김수정,23,1,1366.0,0
2026-08-27,(마스터ASC)[제과_치즈팝콘] 26.08_치즈팝콘출시_ASC_전환_video_전체타겟,(마스터ASC)[제과_치즈팝콘] 26.08_치즈팝콘출시_ASC_전환_video_전체타겟,[26.08]F_V_PC치_전환_치즈팝콘재입고_신규BP_열두달식탁BP.KR1_var1.릴스_권유.X_2P_권미정_260824_제과_윤성미,11,2,327.0,0
2026-08-27,[제과_치즈팝콘] 26.08_치즈팝콘출시_수동_전환_image_전체타겟,(0824) 혜택강조형_물림페인포인트_치즈팝콘재입고 (KR2) (서연님),[26.08]F_I_PC치_전환_치즈팝콘재입고_혜택강조형_KR2.물림페포_.배너_치즈싫어하는친구도.__권미정_260824_제과_박서연,610,8,9416.0,0
2026-08-28,[제과_치즈팝콘] 26.08_치즈팝콘출시_수동_전환_video_전체타겟,"(0805) 쩜오건_치즈팝콘출시 (KR1) (재은,성미님)",[26.08]F_V_PC치_전환_치즈팝콘출시_쩜오건_초코송이BP_main.릴스_메인.맥주.X_2P_권미정_260805_제과_윤성미,116997,899,832943.0,72
2026-08-28,(ASC) [제과_블트하] 26.08_블트깡출시_ASC_전환_image,(ASC) [제과_블트하] 26.08_블트하출시_ASC_전환_image,[26.08]F_I_BT혼_전환_블트칩출시_혜택강조형_KR1_.피드_원가이하할인중.하몽갈아넣은.__김소희_260806_제과_김수정,3,0,136.0,0
2026-08-28,[제과_치즈팝콘] 26.08_치즈팝콘출시_수동_전환_image_전체타겟,(0824) 혜택강조형_물림페인포인트_치즈팝콘재입고 (KR2) (서연님),[26.08]F_I_PC치_전환_치즈팝콘재입고_혜택강조형_KR2.물림페포_.배너_치즈싫어하는친구도.__권미정_260824_제과_박서연,1450,7,20249.0,0
2026-08-28,(마스터ASC) [제과_블트하] 26.09_블트깡출시_ASC_전환_image,(마스터ASC) [제과_블트하] 26.09_블트깡출시_ASC_전환_image,[26.08]F_I_BT깡_전환_블트칩출시_혜택강조형_나폴리맛피아.KR2_.배너_향풍미강조.한봉지뜯는순간.__김소희_260828_제과_박서연,11,1,377.0,0
2026-08-28,(마스터ASC)[제과_치즈팝콘] 26.08_치즈팝콘출시_ASC_전환_image_전체타겟,(마스터ASC)[제과_치즈팝콘] 26.08_치즈팝콘출시_ASC_전환_image_전체타겟,[26.08]F_I_PC치_전환_치즈팝콘재입고_혜택강조형__.배너_인공향료질색.__고민지_260828_제과_박서연,5,0,28.0,0
2026-08-28,[제과_치즈팝콘] 26.08_치즈팝콘출시_수동_전환_image_전체타겟,(0824) 혜택강조형_물림페인포인트_치즈팝콘재입고 (KR2) (서연님),[26.08]F_I_PC치_전환_치즈팝콘재입고_혜택강조형__.배너_인공향료질색.__고민지_260828_제과_박서연,301,3,7150.0,0
2026-08-28,(마스터ASC)[제과_블트하] 26.07_블트깡출시_ASC_전환_video,(마스터ASC)[제과_블트하] 26.07_블트깡출시_ASC_전환_video,[26.09]F_V_BT칩_전환_블트깡출시_신규BP_베이직BP.나폴리맛피아.KR1_var2.릴스_섞기연출.맛피아.X_1P__260901_제과_문형민,20,0,200.0,0
2026-08-28,[제과_블트하] 26.07_블트깡출시_수동_전환_video_전체타겟,0828_재원님재편집_블트칩출시 (맛피아) (신규KR),[26.09]F_V_BT칩_전환_블트깡출시_기타_배너.메시지검증_var4.배너_범용성.1안.X_2P__260901_제과_최재원,225,3,5752.0,0
2026-08-28,[제과_블트하] 26.07_블트깡출시_수동_전환_video_전체타겟,0828_재원님재편집_블트칩출시 (맛피아) (신규KR),[26.09]F_V_BT칩_전환_블트깡출시_단순소구형_마미케어BP.나폴리맛피아.KR4_var1.릴스_맛피아찐템모먼트.X_2P__260901_제과_최재원,2917,39,71590.0,3
2026-08-28,[제과_블트하] 26.07_블트깡출시_수동_전환_video_전체타겟,0828_재원님재편집_블트칩출시 (맛피아) (신규KR),[26.09]F_V_BT칩_전환_블트깡출시_단순소구형_마미케어BP.나폴리맛피아.KR4_main.릴스_맛피아가져가도돼요.X_2P__260901_제과_최재원,3343,44,65151.0,2
2026-08-29,(ASC) [제과_블트하] 26.07_블트칩출시_ASC_전환_image,(ASC)[제과_블트하] 26.07_블트칩출시_ASC_전환_image,[26.07]F_I_BT혼_전환_블트칩출시_혜택강조형_KR1_.피드_더사달라구졸라요떼샷.__김소희_260728_제과_김수정,17,0,378.0,0
2026-08-29,[제과_치즈팝콘] 26.08_치즈팝콘출시_수동_전환_video_전체타겟,"(0805) 쩜오건_치즈팝콘출시 (KR1) (재은,성미님)",[26.08]F_V_PC치_전환_치즈팝콘출시_쩜오건_초코송이BP_main.릴스_메인.맥주.X_2P_권미정_260805_제과_윤성미,100470,644,705359.0,54
2026-08-29,(ASC) [제과_블트하] 26.08_블트깡출시_ASC_전환_image,(ASC) [제과_블트하] 26.08_블트하출시_ASC_전환_image,[26.08]F_I_BT혼_전환_블트칩출시_혜택강조형_KR1_.피드_원가이하할인중.하몽갈아넣은.__김소희_260806_제과_김수정,2,0,97.0,0
2026-08-29,(마스터ASC)[제과_치즈팝콘] 26.08_치즈팝콘출시_ASC_전환_video_전체타겟,(마스터ASC)[제과_치즈팝콘] 26.08_치즈팝콘출시_ASC_전환_video_전체타겟,[26.08]F_V_PC치_전환_치즈팝콘재입고_신규BP_열두달식탁BP.KR1_var1.릴스_권유.X_2P_권미정_260824_제과_윤성미,1,0,8.0,0
2026-08-29,[제과_치즈팝콘] 26.08_치즈팝콘출시_수동_전환_image_전체타겟,(0824) 혜택강조형_물림페인포인트_치즈팝콘재입고 (KR2) (서연님),[26.08]F_I_PC치_전환_치즈팝콘재입고_혜택강조형_KR2.물림페포_.배너_치즈싫어하는친구도.__권미정_260824_제과_박서연,1342,10,23211.0,0
2026-08-29,(마스터ASC) [제과_블트하] 26.09_블트깡출시_ASC_전환_image,(마스터ASC) [제과_블트하] 26.09_블트깡출시_ASC_전환_image,[26.08]F_I_BT깡_전환_블트칩출시_혜택강조형_나폴리맛피아.KR2_.배너_향풍미강조.한봉지뜯는순간.__김소희_260828_제과_박서연,111,0,3937.0,0
2026-08-29,(마스터ASC) [제과_블트하] 26.09_블트깡출시_ASC_전환_image,(마스터ASC) [제과_블트하] 26.09_블트깡출시_ASC_전환_image,[26.08]F_I_BT깡_전환_블트칩출시_혜택강조형_나폴리맛피아.신규_.배너_브랜디드.맛피아트러플하몽칩.__김소희_260828_제과_김수정,42,2,1475.0,2
2026-08-29,(마스터ASC)[제과_치즈팝콘] 26.08_치즈팝콘출시_ASC_전환_image_전체타겟,(마스터ASC)[제과_치즈팝콘] 26.08_치즈팝콘출시_ASC_전환_image_전체타겟,[26.08]F_I_PC치_전환_치즈팝콘재입고_혜택강조형__.배너_인공향료질색.__고민지_260828_제과_박서연,16,0,224.0,0
2026-08-29,[제과_치즈팝콘] 26.08_치즈팝콘출시_수동_전환_image_전체타겟,(0824) 혜택강조형_물림페인포인트_치즈팝콘재입고 (KR2) (서연님),[26.08]F_I_PC치_전환_치즈팝콘재입고_혜택강조형__.배너_인공향료질색.__고민지_260828_제과_박서연,285,1,6162.0,1
2026-08-29,(마스터ASC)[제과_블트하] 26.07_블트깡출시_ASC_전환_video,(마스터ASC)[제과_블트하] 26.07_블트깡출시_ASC_전환_video,[26.09]F_V_BT칩_전환_블트깡출시_신규BP_베이직BP.나폴리맛피아.KR1_var2.릴스_섞기연출.맛피아.X_1P__260901_제과_문형민,16,1,296.0,0
2026-08-29,[제과_블트하] 26.07_블트깡출시_수동_전환_video_전체타겟,0828_재원님재편집_블트칩출시 (맛피아) (신규KR),[26.09]F_V_BT칩_전환_블트깡출시_기타_배너.메시지검증_var4.배너_범용성.1안.X_2P__260901_제과_최재원,131,2,4591.0,1
2026-08-29,[제과_블트하] 26.07_블트깡출시_수동_전환_video_전체타겟,0828_재원님재편집_블트칩출시 (맛피아) (신규KR),[26.09]F_V_BT칩_전환_블트깡출시_단순소구형_마미케어BP.나폴리맛피아.KR4_var1.릴스_맛피아찐템모먼트.X_2P__260901_제과_최재원,627,13,18692.0,1
2026-08-29,[제과_블트하] 26.07_블트깡출시_수동_전환_video_전체타겟,0828_재원님재편집_블트칩출시 (맛피아) (신규KR),[26.09]F_V_BT칩_전환_블트깡출시_단순소구형_마미케어BP.나폴리맛피아.KR4_main.릴스_맛피아가져가도돼요.X_2P__260901_제과_최재원,10533,134,199604.0,13
2026-08-30,[제과_치즈팝콘] 26.08_치즈팝콘출시_수동_전환_video_전체타겟,"(0805) 쩜오건_치즈팝콘출시 (KR1) (재은,성미님)",[26.08]F_V_PC치_전환_치즈팝콘출시_쩜오건_초코송이BP_main.릴스_메인.맥주.X_2P_권미정_260805_제과_윤성미,59124,467,519319.0,37
2026-08-30,(ASC) [제과_블트하] 26.08_블트깡출시_ASC_전환_image,(ASC) [제과_블트하] 26.08_블트하출시_ASC_전환_image,[26.08]F_I_BT깡_전환_블트칩출시_혜택강조형_KR1_.피드_원가이하판매중.치킨필요없음.__김소희_260806_제과_김수정,5,0,82.0,0
2026-08-30,(ASC) [제과_블트하] 26.08_블트깡출시_ASC_전환_image,(ASC) [제과_블트하] 26.08_블트하출시_ASC_전환_image,[26.08]F_I_BT깡_전환_블트칩출시_유명인권위형_이국주.KR2_.릴스_주변구매.회사.__김소희_260813_제과_김수정,1,0,3.0,0
2026-08-30,(마스터ASC)[제과_치즈팝콘] 26.08_치즈팝콘출시_ASC_전환_video_전체타겟,(마스터ASC)[제과_치즈팝콘] 26.08_치즈팝콘출시_ASC_전환_video_전체타겟,[26.08]F_V_PC치_전환_치즈팝콘재입고_신규BP_열두달식탁BP.KR1_var2.릴스_일상포착.X_2P_권미정_260824_제과_윤성미,1,0,0.0,0
2026-08-30,[제과_치즈팝콘] 26.08_치즈팝콘출시_수동_전환_image_전체타겟,(0824) 혜택강조형_물림페인포인트_치즈팝콘재입고 (KR2) (서연님),[26.08]F_I_PC치_전환_치즈팝콘재입고_혜택강조형_KR2.물림페포_.배너_치즈싫어하는친구도.__권미정_260824_제과_박서연,1157,8,20783.0,1
2026-08-30,(마스터ASC) [제과_블트하] 26.09_블트깡출시_ASC_전환_image,(마스터ASC) [제과_블트하] 26.09_블트깡출시_ASC_전환_image,[26.08]F_I_BT깡_전환_블트칩출시_혜택강조형_나폴리맛피아.KR2_.배너_향풍미강조.한봉지뜯는순간.__김소희_260828_제과_박서연,8,0,79.0,0
2026-08-30,(마스터ASC) [제과_블트하] 26.09_블트깡출시_ASC_전환_image,(마스터ASC) [제과_블트하] 26.09_블트깡출시_ASC_전환_image,[26.08]F_I_BT깡_전환_블트칩출시_혜택강조형_나폴리맛피아.신규_.배너_브랜디드.맛피아트러플하몽칩.__김소희_260828_제과_김수정,8,0,98.0,0
2026-08-30,(마스터ASC)[제과_치즈팝콘] 26.08_치즈팝콘출시_ASC_전환_image_전체타겟,(마스터ASC)[제과_치즈팝콘] 26.08_치즈팝콘출시_ASC_전환_image_전체타겟,[26.08]F_I_PC치_전환_치즈팝콘재입고_혜택강조형__.배너_인공향료질색.__고민지_260828_제과_박서연,14,0,204.0,0
2026-08-30,[제과_치즈팝콘] 26.08_치즈팝콘출시_수동_전환_image_전체타겟,(0824) 혜택강조형_물림페인포인트_치즈팝콘재입고 (KR2) (서연님),[26.08]F_I_PC치_전환_치즈팝콘재입고_혜택강조형__.배너_인공향료질색.__고민지_260828_제과_박서연,117,1,2417.0,0
2026-08-30,(마스터ASC)[제과_블트하] 26.07_블트깡출시_ASC_전환_video,(마스터ASC)[제과_블트하] 26.07_블트깡출시_ASC_전환_video,[26.09]F_V_BT칩_전환_블트깡출시_신규BP_베이직BP.나폴리맛피아.KR1_var2.릴스_섞기연출.맛피아.X_1P__260901_제과_문형민,16,0,354.0,0
2026-08-30,[제과_블트하] 26.07_블트깡출시_수동_전환_video_전체타겟,0828_재원님재편집_블트칩출시 (맛피아) (신규KR),[26.09]F_V_BT칩_전환_블트깡출시_기타_배너.메시지검증_var4.배너_범용성.1안.X_2P__260901_제과_최재원,371,4,8740.0,0
2026-08-30,[제과_블트하] 26.07_블트깡출시_수동_전환_video_전체타겟,0828_재원님재편집_블트칩출시 (맛피아) (신규KR),[26.09]F_V_BT칩_전환_블트깡출시_단순소구형_마미케어BP.나폴리맛피아.KR4_main.릴스_맛피아가져가도돼요.X_2P__260901_제과_최재원,11223,174,232788.0,16
2026-08-31,[제과_치즈팝콘] 26.08_치즈팝콘출시_수동_전환_video_전체타겟,"(0805) 쩜오건_치즈팝콘출시 (KR1) (재은,성미님)",[26.08]F_V_PC치_전환_치즈팝콘출시_쩜오건_초코송이BP_main.릴스_메인.맥주.X_2P_권미정_260805_제과_윤성미,10533,71,88463.0,8
2026-08-31,(ASC) [제과_블트하] 26.08_블트깡출시_ASC_전환_image,(ASC) [제과_블트하] 26.08_블트하출시_ASC_전환_image,[26.08]F_I_BT혼_전환_블트칩출시_혜택강조형_KR1_.피드_원가이하할인중.하몽갈아넣은.__김소희_260806_제과_김수정,991,15,25389.0,2
2026-08-31,(마스터ASC)[제과_치즈팝콘] 26.08_치즈팝콘출시_ASC_전환_video_전체타겟,(마스터ASC)[제과_치즈팝콘] 26.08_치즈팝콘출시_ASC_전환_video_전체타겟,[26.08]F_V_PC치_전환_치즈팝콘재입고_신규BP_열두달식탁BP.KR1_var2.릴스_일상포착.X_2P_권미정_260824_제과_윤성미,2,0,80.0,0
2026-08-31,(마스터ASC) [제과_블트하] 26.09_블트깡출시_ASC_전환_image,(마스터ASC) [제과_블트하] 26.09_블트깡출시_ASC_전환_image,[26.08]F_I_BT깡_전환_블트칩출시_혜택강조형_나폴리맛피아.KR2_.배너_향풍미강조.한봉지뜯는순간.__김소희_260828_제과_박서연,62,0,1935.0,0
2026-08-31,(마스터ASC) [제과_블트하] 26.09_블트깡출시_ASC_전환_image,(마스터ASC) [제과_블트하] 26.09_블트깡출시_ASC_전환_image,[26.08]F_I_BT깡_전환_블트칩출시_혜택강조형_나폴리맛피아.신규_.배너_브랜디드.맛피아트러플하몽칩.__김소희_260828_제과_김수정,35,0,800.0,0
2026-08-31,[제과_치즈팝콘] 26.08_치즈팝콘출시_수동_전환_image_전체타겟,(0824) 혜택강조형_물림페인포인트_치즈팝콘재입고 (KR2) (서연님),[26.08]F_I_PC치_전환_치즈팝콘재입고_혜택강조형__.배너_인공향료질색.__고민지_260828_제과_박서연,26,0,494.0,0
2026-08-31,(마스터ASC)[제과_블트하] 26.07_블트깡출시_ASC_전환_video,(마스터ASC)[제과_블트하] 26.07_블트깡출시_ASC_전환_video,[26.09]F_V_BT칩_전환_블트깡출시_신규BP_베이직BP.나폴리맛피아.KR1_var2.릴스_섞기연출.맛피아.X_1P__260901_제과_문형민,4,0,121.0,0
2026-08-31,[제과_블트하] 26.07_블트깡출시_수동_전환_video_전체타겟,0828_재원님재편집_블트칩출시 (맛피아) (신규KR),[26.09]F_V_BT칩_전환_블트깡출시_단순소구형_마미케어BP.나폴리맛피아.KR4_main.릴스_맛피아가져가도돼요.X_2P__260901_제과_최재원,1402,19,23125.0,1
2026-09-01,(마스터ASC) [제과_블트하] 26.09_블트깡출시_ASC_전환_image,(마스터ASC) [제과_블트하] 26.09_블트깡출시_ASC_전환_image,[26.08]F_I_BT깡_전환_블트칩출시_혜택강조형_나폴리맛피아.KR2_.배너_향풍미강조.한봉지뜯는순간.__김소희_260828_제과_박서연,3,0,27.0,0
2026-09-01,(마스터ASC) [제과_블트하] 26.09_블트깡출시_ASC_전환_image,(마스터ASC) [제과_블트하] 26.09_블트깡출시_ASC_전환_image,[26.08]F_I_BT깡_전환_블트칩출시_혜택강조형_나폴리맛피아.신규_.배너_브랜디드.맛피아트러플하몽칩.__김소희_260828_제과_김수정,8,0,216.0,0
2026-09-01,[제과_치즈팝콘] 26.08_치즈팝콘출시_수동_전환_image_전체타겟,(0824) 혜택강조형_물림페인포인트_치즈팝콘재입고 (KR2) (서연님),[26.08]F_I_PC치_전환_치즈팝콘재입고_혜택강조형__.배너_인공향료질색.__고민지_260828_제과_박서연,13,0,906.0,0
2026-09-01,[제과_블트하] 26.07_블트깡출시_수동_전환_video_전체타겟,0828_재원님재편집_블트칩출시 (맛피아) (신규KR),[26.09]F_V_BT칩_전환_블트깡출시_단순소구형_마미케어BP.나폴리맛피아.KR4_main.릴스_맛피아가져가도돼요.X_2P__260901_제과_최재원,37614,603,864379.0,54
2026-09-01,(고효율 재러닝)[제과_블트하] 26.08_블트깡출시_ASC_전환_image/video_8M1W,(고효율 재러닝)[제과_블트하] 26.08_블트깡출시_ASC_전환_image/video_8M1W,[26.07]F_I_BT혼_전환_블트칩출시_혜택강조형_KR1_.배너_공지문.카테고리1등실체.남편안주추천템.__김소희_260803_제과_김수정,30,0,561.0,0
2026-09-01,[제과_블트하] 26.07_블트깡출시_수동_전환_image_전체타겟,0901_맛피아디벨롭_블트칩출시  (KR1/2),[26.08]F_I_BT칩_전환_블트칩출시_혜택강조형_나폴리맛피아.KR1_.릴스_가벼운캐릭터.나폴리호소인.__김소희_260901_제과_김수정,35,1,587.0,0
2026-08-24,(ASC) [제과_블트하] 26.07_블트칩출시_ASC_전환_image,(ASC)[제과_블트하] 26.07_블트칩출시_ASC_전환_image,[26.07]F_I_BT칩_전환_블트칩출시_혜택강조형_KR2_.릴스_안다르bp.맛잘알트민맘.__김소희_260729_제과_박서연,187,1,3150.0,1
2026-08-24,(마스터ASC)[제과_블트하] 26.07_블트깡출시_ASC_전환_video,(마스터ASC)[제과_블트하] 26.07_블트깡출시_ASC_전환_video,[26.08]F_V_BT칩_전환_블트칩출시_신규BP_인덕션BP.KR1_var1.릴스_주변인정.X_1P_김소희_260807_제과_이봄1,1,0,32.0,0
2026-08-24,(마스터ASC)[제과_블트하] 26.07_블트깡출시_ASC_전환_video,(마스터ASC)[제과_블트하] 26.07_블트깡출시_ASC_전환_video,[26.08]F_V_BT깡_전환_블트깡출시_라이브커머스형_라이브커머스형.KR1_var4.릴스_전체.메인.슬기.X_1P_김소희_260812_제과_피재은,2,0,8.0,0
2026-08-24,(마스터ASC)[제과_블트하] 26.07_블트깡출시_ASC_전환_video,(마스터ASC)[제과_블트하] 26.07_블트깡출시_ASC_전환_video,[26.08]F_V_BT칩_전환_블트칩출시_쩜오건_시즈닝강조.이국주.KR1_var6.릴스_블트칩.시즈닝신상.슬기.X_1P__260820_제과_문형민,2,0,15.0,0
2026-08-24,(ASC) [제과_블트하] 26.08_블트깡출시_ASC_전환_image,(ASC) [제과_블트하] 26.08_블트하출시_ASC_전환_image,[26.08]F_I_BT혼_전환_블트칩출시_혜택강조형_이국주.KR2_.배너_비싼원재료강조.진짜죄송합니다.__김소희_260820_제과_김수정,22,1,399.0,0
2026-08-24,[제과_치즈팝콘] 26.08_치즈팝콘출시_수동_전환_video_전체타겟,(0824) CS전화네고형_치즈팝콘재입고 (KR2) (미진님),[26.08]F_V_PC치_전환_치즈팝콘재입고_네고형_CS전화네고.KR2_var3.릴스_안정형.X_2P_권미정_260824_제과_이미진,1370,18,21552.0,1
2026-08-25,(ASC) [제과_블트하] 26.07_블트칩출시_ASC_전환_image,(ASC)[제과_블트하] 26.07_블트칩출시_ASC_전환_image,[26.07]F_I_BT칩_전환_블트칩출시_혜택강조형_KR2_.릴스_안다르bp.맛잘알트민맘.__김소희_260729_제과_박서연,22,0,261.0,0
2026-08-25,(마스터ASC)[제과_블트하] 26.07_블트깡출시_ASC_전환_video,(마스터ASC)[제과_블트하] 26.07_블트깡출시_ASC_전환_video,[26.08]F_V_BT칩_전환_블트칩출시_신규BP_인덕션BP.KR1_var1.릴스_주변인정.X_1P_김소희_260807_제과_이봄1,1,0,9.0,0
2026-08-25,[제과_블트하] 26.07_블트깡출시_수동_전환_image_전체타겟,0818_GFA유효배너_블트칩출시,[26.08]F_I_BT깡_전환_블트칩출시_혜택강조형_GFA베리_.배너_트러플하몽칩먹어보고.__최나영_260818_제과_박서연,12,0,676.0,0
2026-08-25,(ASC) [제과_블트하] 26.08_블트깡출시_ASC_전환_image,(ASC) [제과_블트하] 26.08_블트하출시_ASC_전환_image,[26.08]F_I_BT혼_전환_블트칩출시_혜택강조형_이국주.KR2_.배너_비싼원재료강조.진짜죄송합니다.__김소희_260820_제과_김수정,48,1,1516.0,0
2026-08-25,[제과_치즈팝콘] 26.08_치즈팝콘출시_수동_전환_video_전체타겟,(0824) CS전화네고형_치즈팝콘재입고 (KR2) (미진님),[26.08]F_V_PC치_전환_치즈팝콘재입고_네고형_CS전화네고.KR2_var3.릴스_안정형.X_2P_권미정_260824_제과_이미진,7093,78,123124.0,9
2026-08-26,(ASC) [제과_블트하] 26.07_블트칩출시_ASC_전환_image,(ASC)[제과_블트하] 26.07_블트칩출시_ASC_전환_image,[26.07]F_I_BT깡_전환_블트칩출시_혜택강조형_KR1_.피드_3박스더사달래요.__김소희_260728_제과_김수정,59,0,806.0,0
2026-08-26,(ASC) [제과_블트하] 26.07_블트칩출시_ASC_전환_image,(ASC)[제과_블트하] 26.07_블트칩출시_ASC_전환_image,[26.07]F_I_BT칩_전환_블트칩출시_혜택강조형_KR2_.릴스_안다르bp.맛잘알트민맘.__김소희_260729_제과_박서연,178,0,3630.0,0
2026-08-26,(마스터ASC)[제과_치즈팝콘] 26.08_치즈팝콘출시_ASC_전환_image_전체타겟,(마스터ASC)[제과_치즈팝콘] 26.08_치즈팝콘출시_ASC_전환_image_전체타겟,[26.07]F_I_PC치_전환_치즈팝콘출시_혜택강조형_KR1_.피드_이니1.맛강조.sns형.__권미정_260805_제과_박서연,7,0,62.0,0
2026-08-26,[제과_블트하] 26.07_블트깡출시_수동_전환_image_전체타겟,0818_GFA유효배너_블트칩출시,[26.08]F_I_BT깡_전환_블트칩출시_혜택강조형_GFA베리_.배너_트러플하몽칩먹어보고.__최나영_260818_제과_박서연,4,1,165.0,1
2026-08-26,(ASC) [제과_블트하] 26.08_블트깡출시_ASC_전환_image,(ASC) [제과_블트하] 26.08_블트하출시_ASC_전환_image,[26.08]F_I_BT혼_전환_블트칩출시_혜택강조형_이국주.KR2_.배너_비싼원재료강조.진짜죄송합니다.__김소희_260820_제과_김수정,250,1,5776.0,1
2026-08-26,[제과_치즈팝콘] 26.08_치즈팝콘출시_수동_전환_video_전체타겟,(0824) CS전화네고형_치즈팝콘재입고 (KR2) (미진님),[26.08]F_V_PC치_전환_치즈팝콘재입고_네고형_CS전화네고.KR2_var3.릴스_안정형.X_2P_권미정_260824_제과_이미진,929,13,11485.0,2
2026-08-27,(ASC) [제과_블트하] 26.07_블트칩출시_ASC_전환_image,(ASC)[제과_블트하] 26.07_블트칩출시_ASC_전환_image,[26.07]F_I_BT칩_전환_블트칩출시_혜택강조형_KR2_.릴스_안다르bp.맛잘알트민맘.__김소희_260729_제과_박서연,169,2,3764.0,0
2026-08-27,(마스터ASC)[제과_치즈팝콘] 26.08_치즈팝콘출시_ASC_전환_image_전체타겟,(마스터ASC)[제과_치즈팝콘] 26.08_치즈팝콘출시_ASC_전환_image_전체타겟,[26.07]F_I_PC치_전환_치즈팝콘출시_혜택강조형_KR1_.피드_이니1.맛강조.sns형.__권미정_260805_제과_박서연,15,0,165.0,0
2026-08-27,[제과_블트하] 26.07_블트깡출시_수동_전환_image_전체타겟,0818_GFA유효배너_블트칩출시,[26.08]F_I_BT깡_전환_블트칩출시_혜택강조형_GFA베리_.배너_트러플하몽칩먹어보고.__최나영_260818_제과_박서연,1,0,4.0,0
2026-08-27,(ASC) [제과_블트하] 26.08_블트깡출시_ASC_전환_image,(ASC) [제과_블트하] 26.08_블트하출시_ASC_전환_image,[26.08]F_I_BT혼_전환_블트칩출시_혜택강조형_이국주.KR2_.배너_비싼원재료강조.진짜죄송합니다.__김소희_260820_제과_김수정,97,4,2428.0,1
2026-08-27,[제과_치즈팝콘] 26.08_치즈팝콘출시_수동_전환_video_전체타겟,(0824) CS전화네고형_치즈팝콘재입고 (KR2) (미진님),[26.08]F_V_PC치_전환_치즈팝콘재입고_네고형_CS전화네고.KR2_var3.릴스_안정형.X_2P_권미정_260824_제과_이미진,1026,12,16575.0,0
2026-08-27,[제과_블트하] 26.07_블트깡출시_수동_전환_image_전체타겟,0826_트러플비교_블트칩출시  (KR2),[26.08]F_I_BT칩_전환_블트칩출시_혜택강조형_KR2.진짜트러플비교_.배너_제작자.원가감수.남는게없어요.__김소희_260826_제과_박서연,335,5,13626.0,0
2026-08-28,(ASC) [제과_블트하] 26.07_블트칩출시_ASC_전환_image,(ASC)[제과_블트하] 26.07_블트칩출시_ASC_전환_image,[26.07]F_I_BT칩_전환_블트칩출시_혜택강조형_KR2_.릴스_안다르bp.맛잘알트민맘.__김소희_260729_제과_박서연,153,2,2983.0,0
2026-08-28,(ASC) [제과_블트하] 26.08_블트깡출시_ASC_전환_image,(ASC) [제과_블트하] 26.08_블트하출시_ASC_전환_image,[26.08]F_I_BT혼_전환_블트칩출시_혜택강조형_이국주.KR2_.배너_비싼원재료강조.진짜죄송합니다.__김소희_260820_제과_김수정,7,0,31.0,0
2026-08-29,(ASC) [제과_블트하] 26.07_블트칩출시_ASC_전환_image,(ASC)[제과_블트하] 26.07_블트칩출시_ASC_전환_image,[26.07]F_I_BT칩_전환_블트칩출시_혜택강조형_KR2_.릴스_안다르bp.맛잘알트민맘.__김소희_260729_제과_박서연,608,6,18796.0,0
2026-08-29,(마스터ASC)[제과_치즈팝콘] 26.08_치즈팝콘출시_ASC_전환_image_전체타겟,(마스터ASC)[제과_치즈팝콘] 26.08_치즈팝콘출시_ASC_전환_image_전체타겟,[26.07]F_I_PC치_전환_치즈팝콘출시_혜택강조형_KR1_.피드_이니1.맛강조.sns형.__권미정_260805_제과_박서연,10,0,64.0,0
2026-08-31,(마스터ASC)[제과_치즈팝콘] 26.08_치즈팝콘출시_ASC_전환_image_전체타겟,(마스터ASC)[제과_치즈팝콘] 26.08_치즈팝콘출시_ASC_전환_image_전체타겟,[26.07]F_I_PC치_전환_치즈팝콘출시_혜택강조형_KR1_.피드_이니1.맛강조.sns형.__권미정_260805_제과_박서연,4,0,35.0,0
2026-08-31,(마스터ASC)[제과_블트하] 26.07_블트깡출시_ASC_전환_video,(마스터ASC)[제과_블트하] 26.07_블트깡출시_ASC_전환_video,[26.08]F_V_BT칩_전환_블트칩출시_신규BP_인덕션BP.KR1_var1.릴스_주변인정.X_1P_김소희_260807_제과_이봄1,1,0,20.0,0
2026-08-31,(ASC) [제과_블트하] 26.08_블트깡출시_ASC_전환_image,(ASC) [제과_블트하] 26.08_블트하출시_ASC_전환_image,[26.08]F_I_BT깡_전환_블트칩출시_혜택강조형_GFA베리_.배너_트러플하몽칩먹어보고.__최나영_260818_제과_박서연,1,0,36.0,0
2026-09-01,(마스터ASC)[제과_치즈팝콘] 26.08_치즈팝콘출시_ASC_전환_image_전체타겟,(마스터ASC)[제과_치즈팝콘] 26.08_치즈팝콘출시_ASC_전환_image_전체타겟,[26.07]F_I_PC치_전환_치즈팝콘출시_혜택강조형_KR1_.피드_이니1.맛강조.sns형.__권미정_260805_제과_박서연,12,0,98.0,0
2026-09-01,(ASC) [제과_블트하] 26.08_블트깡출시_ASC_전환_image,(ASC) [제과_블트하] 26.08_블트하출시_ASC_전환_image,[26.08]F_I_BT혼_전환_블트칩출시_혜택강조형_이국주.KR2_.배너_비싼원재료강조.진짜죄송합니다.__김소희_260820_제과_김수정,421,8,10613.0,1
2026-08-24,(ASC) [제과_블트하] 26.07_블트칩출시_ASC_전환_image,(ASC)[제과_블트하] 26.07_블트칩출시_ASC_전환_image,[26.07]F_I_BT깡_전환_블트칩출시_혜택강조형_KR2_.피드_주변인.팀장님.확장__김소희_260727_제과_박서연,12,0,105.0,0
2026-08-24,(ASC) [제과_블트하] 26.07_블트칩출시_ASC_전환_image,(ASC)[제과_블트하] 26.07_블트칩출시_ASC_전환_image,[26.07]F_I_BT칩_전환_블트칩출시_혜택강조형_KR1_.피드_초딩입맛인정최고안주.__김소희_260728_제과_김수정,1,0,2.0,0
2026-08-24,(ASC) [제과_블트하] 26.08_블트깡출시_ASC_전환_image,(ASC) [제과_블트하] 26.08_블트하출시_ASC_전환_image,[26.08]F_I_BT혼_전환_블트칩출시_혜택강조형_KR1_.피드_팔수록손해.고급진트러플하몽풍미.__김소희_260806_제과_김수정,80,1,1738.0,0
2026-08-24,(마스터ASC)[제과_블트하] 26.07_블트깡출시_ASC_전환_video,(마스터ASC)[제과_블트하] 26.07_블트깡출시_ASC_전환_video,[26.08]F_V_BT칩_전환_블트깡출시_신규BP_브랜든배너형BP_main.릴스_맥주안주1티어.X_2P_최재원_260813_제과_최재원,24,1,308.0,0
2026-08-24,[제과_블트하] 26.07_블트깡출시_수동_전환_image_전체타겟,0820_이국주(~0912)_블트칩출시 (KR1),[26.08]F_I_BT깡_전환_블트칩출시_유명인권위형_이국주.KR1_.릴스_알고리즘지배한.유행강조.__김소희_260814_제과_김수정,54,0,1914.0,0
2026-08-24,[제과_블트하] 26.07_블트깡출시_수동_전환_image_전체타겟,0818_GFA유효배너_블트칩출시,[26.08]F_I_BT칩_전환_블트칩출시_혜택강조형_GFA베리_.배너_새벽에야식으로3봉씩.__최나영_260818_제과_박서연,20,0,491.0,0
2026-08-24,[제과_블트하] 26.07_블트깡출시_수동_전환_video_전체타겟,0821_제조과정형_블트깡출시 (이국주) (KR2),[26.08]F_V_BT칩_전환_블트칩출시_제조과정형_제조과정형.이국주.KR2_main.릴스_메인.X_1P__260821_제과_피재은,9974,133,196724.0,12
2026-08-24,[제과_치즈팝콘] 26.08_치즈팝콘출시_수동_전환_video_전체타겟,(0824) 열두달식탁BP_치즈팝콘재입고 (KR1) (성미님),[26.08]F_V_PC치_전환_치즈팝콘재입고_신규BP_열두달식탁BP.KR1_var2.릴스_일상포착.X_2P_권미정_260824_제과_윤성미,1095,27,16103.0,3
2026-08-25,(ASC) [제과_블트하] 26.08_블트깡출시_ASC_전환_image,(ASC) [제과_블트하] 26.08_블트하출시_ASC_전환_image,[26.08]F_I_BT혼_전환_블트칩출시_혜택강조형_KR1_.피드_팔수록손해.고급진트러플하몽풍미.__김소희_260806_제과_김수정,16,0,188.0,0
2026-08-25,(마스터ASC)[제과_블트하] 26.07_블트깡출시_ASC_전환_video,(마스터ASC)[제과_블트하] 26.07_블트깡출시_ASC_전환_video,[26.08]F_V_BT칩_전환_블트깡출시_신규BP_브랜든배너형BP_main.릴스_맥주안주1티어.X_2P_최재원_260813_제과_최재원,98,0,2551.0,0
2026-08-25,[제과_블트하] 26.07_블트깡출시_수동_전환_image_전체타겟,0820_이국주(~0912)_블트칩출시 (KR1),[26.08]F_I_BT깡_전환_블트칩출시_유명인권위형_이국주.KR1_.릴스_알고리즘지배한.유행강조.__김소희_260814_제과_김수정,11,0,675.0,0
2026-08-25,[제과_블트하] 26.07_블트깡출시_수동_전환_image_전체타겟,0818_GFA유효배너_블트칩출시,[26.08]F_I_BT칩_전환_블트칩출시_혜택강조형_GFA베리_.배너_새벽에야식으로3봉씩.__최나영_260818_제과_박서연,114,2,3048.0,0
2026-08-25,[제과_블트하] 26.07_블트깡출시_수동_전환_video_전체타겟,0821_제조과정형_블트깡출시 (이국주) (KR2),[26.08]F_V_BT칩_전환_블트칩출시_제조과정형_제조과정형.이국주.KR2_main.릴스_메인.X_1P__260821_제과_피재은,11639,128,214138.0,13
2026-08-25,[제과_치즈팝콘] 26.08_치즈팝콘출시_수동_전환_video_전체타겟,(0824) 열두달식탁BP_치즈팝콘재입고 (KR1) (성미님),[26.08]F_V_PC치_전환_치즈팝콘재입고_신규BP_열두달식탁BP.KR1_var2.릴스_일상포착.X_2P_권미정_260824_제과_윤성미,3758,43,75502.0,4
2026-08-26,(마스터ASC)[제과_블트하] 26.07_블트깡출시_ASC_전환_video,(마스터ASC)[제과_블트하] 26.07_블트깡출시_ASC_전환_video,[26.08]F_V_BT칩_전환_블트깡출시_신규BP_브랜든배너형BP_main.릴스_맥주안주1티어.X_2P_최재원_260813_제과_최재원,48,0,615.0,0
2026-08-26,[제과_블트하] 26.07_블트깡출시_수동_전환_image_전체타겟,0820_이국주(~0912)_블트칩출시 (KR1),[26.08]F_I_BT깡_전환_블트칩출시_유명인권위형_이국주.KR1_.릴스_알고리즘지배한.유행강조.__김소희_260814_제과_김수정,28,0,1402.0,0
2026-08-26,[제과_블트하] 26.07_블트깡출시_수동_전환_image_전체타겟,0818_GFA유효배너_블트칩출시,[26.08]F_I_BT칩_전환_블트칩출시_혜택강조형_GFA베리_.배너_새벽에야식으로3봉씩.__최나영_260818_제과_박서연,221,6,5485.0,1
2026-08-26,[제과_블트하] 26.07_블트깡출시_수동_전환_video_전체타겟,0821_제조과정형_블트깡출시 (이국주) (KR2),[26.08]F_V_BT칩_전환_블트칩출시_제조과정형_제조과정형.이국주.KR2_main.릴스_메인.X_1P__260821_제과_피재은,17901,228,296404.0,19
2026-08-26,[제과_치즈팝콘] 26.08_치즈팝콘출시_수동_전환_video_전체타겟,(0824) 열두달식탁BP_치즈팝콘재입고 (KR1) (성미님),[26.08]F_V_PC치_전환_치즈팝콘재입고_신규BP_열두달식탁BP.KR1_var2.릴스_일상포착.X_2P_권미정_260824_제과_윤성미,1455,23,27755.0,3
2026-08-26,[제과_블트하] 26.07_블트깡출시_수동_전환_image_전체타겟,0826_트러플권위_블트칩출시  (KR1),[26.08]F_I_BT혼_전환_블트칩출시_혜택강조형_KR1.이탈리아_.배너_트러플잘아는사람들은.__김소희_260826_제과_김수정,4,0,109.0,0
2026-08-27,(ASC) [제과_블트하] 26.07_블트칩출시_ASC_전환_image,(ASC)[제과_블트하] 26.07_블트칩출시_ASC_전환_image,[26.07]F_I_BT칩_전환_블트칩출시_혜택강조형_KR1_.피드_초딩입맛인정최고안주.__김소희_260728_제과_김수정,45,1,848.0,0
2026-08-27,(ASC) [제과_블트하] 26.08_블트깡출시_ASC_전환_image,(ASC) [제과_블트하] 26.08_블트하출시_ASC_전환_image,[26.08]F_I_BT혼_전환_블트칩출시_혜택강조형_KR1_.피드_팔수록손해.고급진트러플하몽풍미.__김소희_260806_제과_김수정,162,7,4443.0,0
2026-08-27,(마스터ASC)[제과_블트하] 26.07_블트깡출시_ASC_전환_video,(마스터ASC)[제과_블트하] 26.07_블트깡출시_ASC_전환_video,[26.08]F_V_BT칩_전환_블트깡출시_신규BP_브랜든배너형BP_main.릴스_맥주안주1티어.X_2P_최재원_260813_제과_최재원,5,0,70.0,0
2026-08-27,[제과_블트하] 26.07_블트깡출시_수동_전환_image_전체타겟,0820_이국주(~0912)_블트칩출시 (KR1),[26.08]F_I_BT깡_전환_블트칩출시_유명인권위형_이국주.KR1_.릴스_알고리즘지배한.유행강조.__김소희_260814_제과_김수정,10,1,1087.0,0
2026-08-27,[제과_블트하] 26.07_블트깡출시_수동_전환_image_전체타겟,0818_GFA유효배너_블트칩출시,[26.08]F_I_BT칩_전환_블트칩출시_혜택강조형_GFA베리_.배너_새벽에야식으로3봉씩.__최나영_260818_제과_박서연,22,0,526.0,0
2026-08-27,[제과_블트하] 26.07_블트깡출시_수동_전환_video_전체타겟,0821_제조과정형_블트깡출시 (이국주) (KR2),[26.08]F_V_BT칩_전환_블트칩출시_제조과정형_제조과정형.이국주.KR2_main.릴스_메인.X_1P__260821_제과_피재은,8439,86,133664.0,5
2026-08-27,[제과_치즈팝콘] 26.08_치즈팝콘출시_수동_전환_video_전체타겟,(0824) 열두달식탁BP_치즈팝콘재입고 (KR1) (성미님),[26.08]F_V_PC치_전환_치즈팝콘재입고_신규BP_열두달식탁BP.KR1_var2.릴스_일상포착.X_2P_권미정_260824_제과_윤성미,6371,88,133729.0,14
2026-08-27,[제과_블트하] 26.07_블트깡출시_수동_전환_image_전체타겟,0826_트러플권위_블트칩출시  (KR1),[26.08]F_I_BT혼_전환_블트칩출시_혜택강조형_KR1.이탈리아_.배너_트러플잘아는사람들은.__김소희_260826_제과_김수정,298,5,8522.0,0
2026-08-28,(ASC) [제과_블트하] 26.08_블트깡출시_ASC_전환_image,(ASC) [제과_블트하] 26.08_블트하출시_ASC_전환_image,[26.08]F_I_BT혼_전환_블트칩출시_혜택강조형_KR1_.피드_팔수록손해.고급진트러플하몽풍미.__김소희_260806_제과_김수정,250,4,5828.0,0
2026-08-28,(ASC) [제과_블트하] 26.08_블트깡출시_ASC_전환_image,(ASC) [제과_블트하] 26.08_블트하출시_ASC_전환_image,[26.08]F_I_BT깡_전환_블트칩출시_유명인권위형_이국주.KR2_.배너_희소성.주부인플루언서.__김소희_260813_제과_김수정,2,0,41.0,0
2026-08-28,[제과_블트하] 26.07_블트깡출시_수동_전환_image_전체타겟,0820_이국주(~0912)_블트칩출시 (KR1),[26.08]F_I_BT깡_전환_블트칩출시_유명인권위형_이국주.KR1_.릴스_알고리즘지배한.유행강조.__김소희_260814_제과_김수정,8,0,693.0,0
2026-08-28,[제과_블트하] 26.07_블트깡출시_수동_전환_video_전체타겟,0821_제조과정형_블트깡출시 (이국주) (KR2),[26.08]F_V_BT칩_전환_블트칩출시_제조과정형_제조과정형.이국주.KR2_main.릴스_메인.X_1P__260821_제과_피재은,284,2,6236.0,0
2026-08-28,[제과_치즈팝콘] 26.08_치즈팝콘출시_수동_전환_video_전체타겟,(0824) 열두달식탁BP_치즈팝콘재입고 (KR1) (성미님),[26.08]F_V_PC치_전환_치즈팝콘재입고_신규BP_열두달식탁BP.KR1_var2.릴스_일상포착.X_2P_권미정_260824_제과_윤성미,6384,67,120396.0,7
2026-08-28,[제과_블트하] 26.07_블트깡출시_수동_전환_image_전체타겟,0826_트러플권위_블트칩출시  (KR1),[26.08]F_I_BT혼_전환_블트칩출시_혜택강조형_KR1.이탈리아_.배너_트러플잘아는사람들은.__김소희_260826_제과_김수정,142,4,4045.0,0
2026-08-28,[제과_블트하] 26.07_블트깡출시_수동_전환_image_전체타겟,0828_맛피아100%_블트칩출시 (신규KR),[26.08]F_I_BT칩_전환_블트칩출시_혜택강조형_나폴리맛피아.신규_.배너_브랜디드.이태리유학파.__김소희_260828_제과_김수정,120,2,2523.0,0
2026-08-28,[제과_블트하] 26.07_블트깡출시_수동_전환_image_전체타겟,0828_맛피아100%_블트칩출시 (신규KR),[26.08]F_I_BT칩_전환_블트칩출시_혜택강조형_나폴리맛피아.신규_.배너_브랜디드.이탈리아살던시절이떠오르는.__김소희_260828_제과_김수정,38,1,932.0,0
2026-08-28,(마스터ASC)[제과_블트하] 26.07_블트깡출시_ASC_전환_video,(마스터ASC)[제과_블트하] 26.07_블트깡출시_ASC_전환_video,[26.09]F_V_BT칩_전환_블트깡출시_신규BP_베이직BP.나폴리맛피아.KR1_var3.릴스_이탈리아트러플.맛피아.X_1P__260901_제과_문형민,5,0,65.0,0
2026-08-28,[칩] (마스터ASC)[제과_블트하] 26.07_블트칩출시_ASC_전환_video,[칩] (마스터ASC)[제과_블트하] 26.07_블트칩출시_ASC_전환_video,[26.09]F_V_BT깡_전환_블트깡출시_문제공감형_원룸만들기BP.나폴리맛피아.신규_var3.릴스_실생활.X_2P__260901_제과_이봄1,1895,30,46633.0,4
2026-08-29,(ASC) [제과_블트하] 26.07_블트칩출시_ASC_전환_image,(ASC)[제과_블트하] 26.07_블트칩출시_ASC_전환_image,[26.07]F_I_BT칩_전환_블트칩출시_혜택강조형_KR1_.피드_초딩입맛인정최고안주.__김소희_260728_제과_김수정,2,0,12.0,0
2026-08-29,(ASC) [제과_블트하] 26.08_블트깡출시_ASC_전환_image,(ASC) [제과_블트하] 26.08_블트하출시_ASC_전환_image,[26.08]F_I_BT혼_전환_블트칩출시_혜택강조형_KR1_.피드_팔수록손해.고급진트러플하몽풍미.__김소희_260806_제과_김수정,1033,22,27438.0,1
2026-08-29,[제과_블트하] 26.07_블트깡출시_수동_전환_video_전체타겟,0821_제조과정형_블트깡출시 (이국주) (KR2),[26.08]F_V_BT칩_전환_블트칩출시_제조과정형_제조과정형.이국주.KR2_main.릴스_메인.X_1P__260821_제과_피재은,4055,51,77733.0,3
2026-08-29,[제과_치즈팝콘] 26.08_치즈팝콘출시_수동_전환_video_전체타겟,(0824) 열두달식탁BP_치즈팝콘재입고 (KR1) (성미님),[26.08]F_V_PC치_전환_치즈팝콘재입고_신규BP_열두달식탁BP.KR1_var2.릴스_일상포착.X_2P_권미정_260824_제과_윤성미,905,8,16549.0,0
2026-08-29,[제과_블트하] 26.07_블트깡출시_수동_전환_image_전체타겟,0826_트러플권위_블트칩출시  (KR1),[26.08]F_I_BT혼_전환_블트칩출시_혜택강조형_KR1.이탈리아_.배너_트러플잘아는사람들은.__김소희_260826_제과_김수정,98,1,4887.0,0
2026-08-29,[제과_블트하] 26.07_블트깡출시_수동_전환_image_전체타겟,0828_맛피아100%_블트칩출시 (신규KR),[26.08]F_I_BT칩_전환_블트칩출시_혜택강조형_나폴리맛피아.신규_.배너_브랜디드.이태리유학파.__김소희_260828_제과_김수정,36,0,368.0,0
2026-08-29,[제과_블트하] 26.07_블트깡출시_수동_전환_image_전체타겟,0828_맛피아100%_블트칩출시 (신규KR),[26.08]F_I_BT칩_전환_블트칩출시_혜택강조형_나폴리맛피아.신규_.배너_브랜디드.이탈리아살던시절이떠오르는.__김소희_260828_제과_김수정,32,1,971.0,0
2026-08-29,(마스터ASC)[제과_블트하] 26.07_블트깡출시_ASC_전환_video,(마스터ASC)[제과_블트하] 26.07_블트깡출시_ASC_전환_video,[26.09]F_V_BT칩_전환_블트깡출시_신규BP_베이직BP.나폴리맛피아.KR1_var3.릴스_이탈리아트러플.맛피아.X_1P__260901_제과_문형민,60,1,1178.0,1
2026-08-29,[칩] (마스터ASC)[제과_블트하] 26.07_블트칩출시_ASC_전환_video,[칩] (마스터ASC)[제과_블트하] 26.07_블트칩출시_ASC_전환_video,[26.09]F_V_BT깡_전환_블트깡출시_문제공감형_원룸만들기BP.나폴리맛피아.신규_var3.릴스_실생활.X_2P__260901_제과_이봄1,227,3,7318.0,0
2026-08-30,(마스터ASC)[제과_블트하] 26.07_블트깡출시_ASC_전환_video,(마스터ASC)[제과_블트하] 26.07_블트깡출시_ASC_전환_video,[26.08]F_V_BT깡_전환_블트깡출시_네고형_지인네고형.김그릇BP_var3.릴스_취식상황.X_1P_김소희_260807_제과_강경연,1,0,201.0,0
2026-08-30,[제과_블트하] 26.07_블트깡출시_수동_전환_image_전체타겟,0828_맛피아100%_블트칩출시 (신규KR),[26.08]F_I_BT칩_전환_블트칩출시_혜택강조형_나폴리맛피아.신규_.배너_브랜디드.이태리유학파.__김소희_260828_제과_김수정,44,0,630.0,0
2026-08-30,[제과_블트하] 26.07_블트깡출시_수동_전환_image_전체타겟,0828_맛피아100%_블트칩출시 (신규KR),[26.08]F_I_BT칩_전환_블트칩출시_혜택강조형_나폴리맛피아.신규_.배너_브랜디드.이탈리아살던시절이떠오르는.__김소희_260828_제과_김수정,40,1,869.0,0
2026-08-30,(마스터ASC)[제과_블트하] 26.07_블트깡출시_ASC_전환_video,(마스터ASC)[제과_블트하] 26.07_블트깡출시_ASC_전환_video,[26.09]F_V_BT칩_전환_블트깡출시_신규BP_베이직BP.나폴리맛피아.KR1_var3.릴스_이탈리아트러플.맛피아.X_1P__260901_제과_문형민,44,1,808.0,0
2026-08-30,[칩] (마스터ASC)[제과_블트하] 26.07_블트칩출시_ASC_전환_video,[칩] (마스터ASC)[제과_블트하] 26.07_블트칩출시_ASC_전환_video,[26.09]F_V_BT깡_전환_블트깡출시_문제공감형_원룸만들기BP.나폴리맛피아.신규_var3.릴스_실생활.X_2P__260901_제과_이봄1,65,2,2351.0,0
2026-08-31,(마스터ASC)[제과_블트하] 26.07_블트깡출시_ASC_전환_video,(마스터ASC)[제과_블트하] 26.07_블트깡출시_ASC_전환_video,[26.08]F_V_BT깡_전환_블트깡출시_네고형_지인네고형.김그릇BP_var3.릴스_취식상황.X_1P_김소희_260807_제과_강경연,1,0,29.0,0
2026-08-31,(ASC) [제과_블트하] 26.08_블트깡출시_ASC_전환_image,(ASC) [제과_블트하] 26.08_블트하출시_ASC_전환_image,[26.08]F_I_BT깡_전환_블트칩출시_유명인권위형_이국주.KR2_.배너_희소성.주부인플루언서.__김소희_260813_제과_김수정,3,0,184.0,0
2026-08-31,(마스터ASC)[제과_블트하] 26.07_블트깡출시_ASC_전환_video,(마스터ASC)[제과_블트하] 26.07_블트깡출시_ASC_전환_video,[26.08]F_V_BT칩_전환_블트깡출시_신규BP_브랜든배너형BP_main.릴스_맥주안주1티어.X_2P_최재원_260813_제과_최재원,10,0,216.0,0
2026-08-31,[제과_치즈팝콘] 26.08_치즈팝콘출시_수동_전환_video_전체타겟,(0824) 열두달식탁BP_치즈팝콘재입고 (KR1) (성미님),[26.08]F_V_PC치_전환_치즈팝콘재입고_신규BP_열두달식탁BP.KR1_var2.릴스_일상포착.X_2P_권미정_260824_제과_윤성미,1418,14,27503.0,1
2026-08-31,[제과_블트하] 26.07_블트깡출시_수동_전환_image_전체타겟,0828_맛피아100%_블트칩출시 (신규KR),[26.08]F_I_BT칩_전환_블트칩출시_혜택강조형_나폴리맛피아.신규_.배너_브랜디드.이태리유학파.__김소희_260828_제과_김수정,704,12,18104.0,0
2026-08-31,[제과_블트하] 26.07_블트깡출시_수동_전환_image_전체타겟,0828_맛피아100%_블트칩출시 (신규KR),[26.08]F_I_BT칩_전환_블트칩출시_혜택강조형_나폴리맛피아.신규_.배너_브랜디드.이탈리아살던시절이떠오르는.__김소희_260828_제과_김수정,474,5,10700.0,1
2026-08-31,(마스터ASC)[제과_블트하] 26.07_블트깡출시_ASC_전환_video,(마스터ASC)[제과_블트하] 26.07_블트깡출시_ASC_전환_video,[26.09]F_V_BT칩_전환_블트깡출시_신규BP_베이직BP.나폴리맛피아.KR1_var3.릴스_이탈리아트러플.맛피아.X_1P__260901_제과_문형민,249,6,3241.0,0
2026-08-31,[칩] (마스터ASC)[제과_블트하] 26.07_블트칩출시_ASC_전환_video,[칩] (마스터ASC)[제과_블트하] 26.07_블트칩출시_ASC_전환_video,[26.09]F_V_BT깡_전환_블트깡출시_문제공감형_원룸만들기BP.나폴리맛피아.신규_var3.릴스_실생활.X_2P__260901_제과_이봄1,767,17,23134.0,1
2026-09-01,(마스터ASC)[제과_블트하] 26.07_블트깡출시_ASC_전환_video,(마스터ASC)[제과_블트하] 26.07_블트깡출시_ASC_전환_video,[26.08]F_V_BT깡_전환_블트깡출시_네고형_지인네고형.김그릇BP_var3.릴스_취식상황.X_1P_김소희_260807_제과_강경연,2,0,90.0,0
2026-09-01,[제과_치즈팝콘] 26.08_치즈팝콘출시_수동_전환_video_전체타겟,(0824) 열두달식탁BP_치즈팝콘재입고 (KR1) (성미님),[26.08]F_V_PC치_전환_치즈팝콘재입고_신규BP_열두달식탁BP.KR1_var2.릴스_일상포착.X_2P_권미정_260824_제과_윤성미,889,9,17357.0,1
2026-09-01,[제과_블트하] 26.07_블트깡출시_수동_전환_image_전체타겟,0828_맛피아100%_블트칩출시 (신규KR),[26.08]F_I_BT칩_전환_블트칩출시_혜택강조형_나폴리맛피아.신규_.배너_브랜디드.이탈리아살던시절이떠오르는.__김소희_260828_제과_김수정,728,8,16208.0,0
2026-09-01,(마스터ASC)[제과_블트하] 26.07_블트깡출시_ASC_전환_video,(마스터ASC)[제과_블트하] 26.07_블트깡출시_ASC_전환_video,[26.09]F_V_BT칩_전환_블트깡출시_신규BP_베이직BP.나폴리맛피아.KR1_var3.릴스_이탈리아트러플.맛피아.X_1P__260901_제과_문형민,1955,16,27643.0,0
2026-09-01,[칩] (마스터ASC)[제과_블트하] 26.07_블트칩출시_ASC_전환_video,[칩] (마스터ASC)[제과_블트하] 26.07_블트칩출시_ASC_전환_video,[26.09]F_V_BT깡_전환_블트깡출시_문제공감형_원룸만들기BP.나폴리맛피아.신규_var3.릴스_실생활.X_2P__260901_제과_이봄1,4,0,52.0,1
2026-08-24,(ASC) [제과_블트하] 26.08_블트깡출시_ASC_전환_image,(ASC) [제과_블트하] 26.08_블트하출시_ASC_전환_image,[26.08]F_I_BT칩_전환_블트칩출시_혜택강조형_KR1_.릴스_엄마들모임에챙겨갔더니.__김소희_260807_제과_박서연,318,6,7411.0,0
2026-08-24,[제과_블트하] 26.07_블트깡출시_수동_전환_video_전체타겟,0820_검증포맷이식_블트깡출시 (KR1),[26.08]F_V_BT칩_전환_블트칩출시_쩜오건_시즈닝강조.이국주.KR1_var8.릴스_블트칩.트러플.슬기.X_1P__260820_제과_문형민,96,3,1878.0,1
2026-08-24,(ASC) [제과_블트하] 26.08_블트깡출시_ASC_전환_image,(ASC) [제과_블트하] 26.08_블트하출시_ASC_전환_image,[26.08]F_I_BT칩_전환_블트칩출시_혜택강조형_KR2_.릴스_긴급성심리자극.원물넣겠다고공장까지.__김소희_260821_제과_김수정,1584,15,32037.0,4
2026-08-24,[제과_블트하] 26.07_블트깡출시_수동_전환_image_전체타겟,0821_유행긴급성_블트칩출시 (KR1/2),[26.08]F_I_BT칩_전환_블트칩출시_혜택강조형_KR1_.배너_긴급성심리자극.구매갯수제한예정.__김소희_260821_제과_김수정,16,0,434.0,0
2026-08-24,[제과_블트하] 26.07_블트깡출시_수동_전환_video_전체타겟,0821_도리토스BP_블트칩출시 (KR2),[26.08]F_V_BT칩_전환_블트칩출시_신규BP_도리토스BP.이국주.KR2_main.릴스_본론.X_2P_김소희_260821_제과_이봄1,4,0,95.0,0
2026-08-24,(마스터ASC)[제과_치즈팝콘] 26.08_치즈팝콘출시_ASC_전환_video_전체타겟,(마스터ASC)[제과_치즈팝콘] 26.08_치즈팝콘출시_ASC_전환_video_전체타겟,[26.08]F_V_PC치_전환_치즈팝콘재입고_네고형_CS전화네고.KR2_var1.릴스_취식.X_2P_권미정_260824_제과_이미진,217,3,3984.0,0
2026-08-25,(ASC) [제과_블트하] 26.08_블트깡출시_ASC_전환_image,(ASC) [제과_블트하] 26.08_블트하출시_ASC_전환_image,[26.08]F_I_BT칩_전환_블트칩출시_혜택강조형_KR1_.릴스_엄마들모임에챙겨갔더니.__김소희_260807_제과_박서연,131,0,2675.0,0
2026-08-25,(마스터ASC)[제과_블트하] 26.07_블트깡출시_ASC_전환_video,(마스터ASC)[제과_블트하] 26.07_블트깡출시_ASC_전환_video,[26.08]F_V_BT깡_전환_블트깡출시_라이브커머스형_라이브커머스형.KR1_var2.릴스_찐템강조.남편.슬기.X_1P_김소희_260811_제과_피재은,1,0,6.0,0
2026-08-25,[제과_블트하] 26.07_블트깡출시_수동_전환_video_전체타겟,0820_검증포맷이식_블트깡출시 (KR1),[26.08]F_V_BT칩_전환_블트칩출시_쩜오건_시즈닝강조.이국주.KR1_var8.릴스_블트칩.트러플.슬기.X_1P__260820_제과_문형민,49,1,1659.0,1
2026-08-25,(ASC) [제과_블트하] 26.08_블트깡출시_ASC_전환_image,(ASC) [제과_블트하] 26.08_블트하출시_ASC_전환_image,[26.08]F_I_BT칩_전환_블트칩출시_혜택강조형_KR2_.릴스_긴급성심리자극.원물넣겠다고공장까지.__김소희_260821_제과_김수정,2967,35,57513.0,4
2026-08-25,[제과_블트하] 26.07_블트깡출시_수동_전환_image_전체타겟,0821_유행긴급성_블트칩출시 (KR1/2),[26.08]F_I_BT칩_전환_블트칩출시_혜택강조형_KR1_.배너_긴급성심리자극.구매갯수제한예정.__김소희_260821_제과_김수정,34,0,3329.0,0
2026-08-25,[제과_블트하] 26.07_블트깡출시_수동_전환_video_전체타겟,0821_도리토스BP_블트칩출시 (KR2),[26.08]F_V_BT칩_전환_블트칩출시_신규BP_도리토스BP.이국주.KR2_main.릴스_본론.X_2P_김소희_260821_제과_이봄1,1,0,34.0,0
2026-08-25,(마스터ASC)[제과_치즈팝콘] 26.08_치즈팝콘출시_ASC_전환_video_전체타겟,(마스터ASC)[제과_치즈팝콘] 26.08_치즈팝콘출시_ASC_전환_video_전체타겟,[26.08]F_V_PC치_전환_치즈팝콘재입고_네고형_CS전화네고.KR2_var1.릴스_취식.X_2P_권미정_260824_제과_이미진,117,1,1630.0,0
2026-08-26,(ASC) [제과_블트하] 26.08_블트깡출시_ASC_전환_image,(ASC) [제과_블트하] 26.08_블트하출시_ASC_전환_image,[26.08]F_I_BT칩_전환_블트칩출시_혜택강조형_KR1_.릴스_엄마들모임에챙겨갔더니.__김소희_260807_제과_박서연,12,0,419.0,0
2026-08-26,(ASC) [제과_블트하] 26.08_블트깡출시_ASC_전환_image,(ASC) [제과_블트하] 26.08_블트하출시_ASC_전환_image,[26.08]F_I_BT깡_전환_블트칩출시_혜택강조형_GFA베리_.배너_드라마볼때한봉지뚝딱.__최나영_260818_제과_박서연,2,0,14.0,0
2026-08-26,[제과_블트하] 26.07_블트깡출시_수동_전환_video_전체타겟,0820_검증포맷이식_블트깡출시 (KR1),[26.08]F_V_BT칩_전환_블트칩출시_쩜오건_시즈닝강조.이국주.KR1_var8.릴스_블트칩.트러플.슬기.X_1P__260820_제과_문형민,363,4,6488.0,0
2026-08-26,(ASC) [제과_블트하] 26.08_블트깡출시_ASC_전환_image,(ASC) [제과_블트하] 26.08_블트하출시_ASC_전환_image,[26.08]F_I_BT칩_전환_블트칩출시_혜택강조형_KR2_.릴스_긴급성심리자극.원물넣겠다고공장까지.__김소희_260821_제과_김수정,4226,55,77394.0,7
2026-08-26,[제과_블트하] 26.07_블트깡출시_수동_전환_image_전체타겟,0821_유행긴급성_블트칩출시 (KR1/2),[26.08]F_I_BT칩_전환_블트칩출시_혜택강조형_KR1_.배너_긴급성심리자극.구매갯수제한예정.__김소희_260821_제과_김수정,9,0,796.0,0
2026-08-26,(마스터ASC)[제과_치즈팝콘] 26.08_치즈팝콘출시_ASC_전환_video_전체타겟,(마스터ASC)[제과_치즈팝콘] 26.08_치즈팝콘출시_ASC_전환_video_전체타겟,[26.08]F_V_PC치_전환_치즈팝콘재입고_네고형_CS전화네고.KR2_var1.릴스_취식.X_2P_권미정_260824_제과_이미진,88,0,1786.0,0
2026-08-27,(ASC) [제과_블트하] 26.08_블트깡출시_ASC_전환_image,(ASC) [제과_블트하] 26.08_블트하출시_ASC_전환_image,[26.08]F_I_BT칩_전환_블트칩출시_혜택강조형_KR1_.릴스_엄마들모임에챙겨갔더니.__김소희_260807_제과_박서연,5,0,56.0,0
2026-08-27,[제과_블트하] 26.07_블트깡출시_수동_전환_video_전체타겟,0820_검증포맷이식_블트깡출시 (KR1),[26.08]F_V_BT칩_전환_블트칩출시_쩜오건_시즈닝강조.이국주.KR1_var8.릴스_블트칩.트러플.슬기.X_1P__260820_제과_문형민,23,0,211.0,0
2026-08-27,(ASC) [제과_블트하] 26.08_블트깡출시_ASC_전환_image,(ASC) [제과_블트하] 26.08_블트하출시_ASC_전환_image,[26.08]F_I_BT칩_전환_블트칩출시_혜택강조형_KR2_.릴스_긴급성심리자극.원물넣겠다고공장까지.__김소희_260821_제과_김수정,4922,51,98922.0,7
2026-08-27,(마스터ASC)[제과_치즈팝콘] 26.08_치즈팝콘출시_ASC_전환_video_전체타겟,(마스터ASC)[제과_치즈팝콘] 26.08_치즈팝콘출시_ASC_전환_video_전체타겟,[26.08]F_V_PC치_전환_치즈팝콘재입고_네고형_CS전화네고.KR2_var1.릴스_취식.X_2P_권미정_260824_제과_이미진,2,0,19.0,0
2026-08-28,[제과_블트하] 26.07_블트깡출시_수동_전환_video_전체타겟,0820_검증포맷이식_블트깡출시 (KR1),[26.08]F_V_BT칩_전환_블트칩출시_쩜오건_시즈닝강조.이국주.KR1_var8.릴스_블트칩.트러플.슬기.X_1P__260820_제과_문형민,27,0,676.0,0
2026-08-28,(ASC) [제과_블트하] 26.08_블트깡출시_ASC_전환_image,(ASC) [제과_블트하] 26.08_블트하출시_ASC_전환_image,[26.08]F_I_BT칩_전환_블트칩출시_혜택강조형_KR2_.릴스_긴급성심리자극.원물넣겠다고공장까지.__김소희_260821_제과_김수정,934,11,18388.0,1
2026-08-28,(마스터ASC)[제과_치즈팝콘] 26.08_치즈팝콘출시_ASC_전환_video_전체타겟,(마스터ASC)[제과_치즈팝콘] 26.08_치즈팝콘출시_ASC_전환_video_전체타겟,[26.08]F_V_PC치_전환_치즈팝콘재입고_네고형_CS전화네고.KR2_var1.릴스_취식.X_2P_권미정_260824_제과_이미진,1,1,5.0,0
2026-08-28,(마스터ASC)[제과_치즈팝콘] 26.08_치즈팝콘출시_ASC_전환_video_전체타겟,(마스터ASC)[제과_치즈팝콘] 26.08_치즈팝콘출시_ASC_전환_video_전체타겟,[26.09]F_V_PC치_전환_치즈팝콘재입고_인플루언서형_인플루언서.KR1_var2.릴스_치즈덕후강조.X_2P_권미정_260901_제과_이미진,35,1,673.0,0
2026-08-28,[제과_치즈팝콘] 26.08_치즈팝콘출시_수동_전환_video_전체타겟,(0828) 인플루언서형_치즈팝콘재입고 (KR1) (미진님),[26.09]F_V_PC치_전환_치즈팝콘재입고_인플루언서형_인플루언서.KR1_var3.릴스_공통시작.X_2P_권미정_260901_제과_이미진,790,6,11817.0,0
2026-08-28,[제과_블트하] 26.07_블트깡출시_수동_전환_image_전체타겟,0901_맛피아디벨롭_블트칩출시  (KR1/2),[26.08]F_I_BT칩_전환_블트칩출시_혜택강조형_나폴리맛피아.KR1_.배너_손해감수.맛피아도놀란.__김소희_260828_제과_김수정,33,0,1386.0,0
2026-08-28,(마스터ASC) [제과_블트하] 26.09_블트깡출시_ASC_전환_image,(마스터ASC) [제과_블트하] 26.09_블트깡출시_ASC_전환_image,[26.08]F_I_BT칩_전환_블트칩출시_혜택강조형_나폴리맛피아.KR1_.배너_손해감수.가스냄새말고.__김소희_260828_제과_김수정,1,1,31.0,0
2026-08-29,(ASC) [제과_블트하] 26.08_블트깡출시_ASC_전환_image,(ASC) [제과_블트하] 26.08_블트하출시_ASC_전환_image,[26.08]F_I_BT깡_전환_블트칩출시_혜택강조형_GFA베리_.배너_드라마볼때한봉지뚝딱.__최나영_260818_제과_박서연,1,0,46.0,0
2026-08-29,(ASC) [제과_블트하] 26.08_블트깡출시_ASC_전환_image,(ASC) [제과_블트하] 26.08_블트하출시_ASC_전환_image,[26.08]F_I_BT칩_전환_블트칩출시_혜택강조형_KR2_.릴스_긴급성심리자극.원물넣겠다고공장까지.__김소희_260821_제과_김수정,3740,53,80237.0,5
2026-08-29,(마스터ASC)[제과_치즈팝콘] 26.08_치즈팝콘출시_ASC_전환_video_전체타겟,(마스터ASC)[제과_치즈팝콘] 26.08_치즈팝콘출시_ASC_전환_video_전체타겟,[26.08]F_V_PC치_전환_치즈팝콘재입고_네고형_CS전화네고.KR2_var1.릴스_취식.X_2P_권미정_260824_제과_이미진,7,0,39.0,0
2026-08-29,(마스터ASC)[제과_치즈팝콘] 26.08_치즈팝콘출시_ASC_전환_video_전체타겟,(마스터ASC)[제과_치즈팝콘] 26.08_치즈팝콘출시_ASC_전환_video_전체타겟,[26.09]F_V_PC치_전환_치즈팝콘재입고_인플루언서형_인플루언서.KR1_var2.릴스_치즈덕후강조.X_2P_권미정_260901_제과_이미진,32,0,387.0,0
2026-08-29,[제과_치즈팝콘] 26.08_치즈팝콘출시_수동_전환_video_전체타겟,(0828) 인플루언서형_치즈팝콘재입고 (KR1) (미진님),[26.09]F_V_PC치_전환_치즈팝콘재입고_인플루언서형_인플루언서.KR1_var3.릴스_공통시작.X_2P_권미정_260901_제과_이미진,839,5,13718.0,1
2026-08-29,[제과_블트하] 26.07_블트깡출시_수동_전환_image_전체타겟,0901_맛피아디벨롭_블트칩출시  (KR1/2),[26.08]F_I_BT칩_전환_블트칩출시_혜택강조형_나폴리맛피아.KR1_.배너_손해감수.맛피아도놀란.__김소희_260828_제과_김수정,135,5,6783.0,0
2026-08-29,(마스터ASC) [제과_블트하] 26.09_블트깡출시_ASC_전환_image,(마스터ASC) [제과_블트하] 26.09_블트깡출시_ASC_전환_image,[26.08]F_I_BT칩_전환_블트칩출시_혜택강조형_나폴리맛피아.KR1_.배너_손해감수.가스냄새말고.__김소희_260828_제과_김수정,69,0,2637.0,0
2026-08-30,(ASC) [제과_블트하] 26.08_블트깡출시_ASC_전환_image,(ASC) [제과_블트하] 26.08_블트하출시_ASC_전환_image,[26.08]F_I_BT칩_전환_블트칩출시_혜택강조형_KR1_.릴스_엄마들모임에챙겨갔더니.__김소희_260807_제과_박서연,16,0,252.0,0
2026-08-30,(ASC) [제과_블트하] 26.08_블트깡출시_ASC_전환_image,(ASC) [제과_블트하] 26.08_블트하출시_ASC_전환_image,[26.08]F_I_BT칩_전환_블트칩출시_혜택강조형_KR2_.릴스_긴급성심리자극.원물넣겠다고공장까지.__김소희_260821_제과_김수정,3240,45,65038.0,3
2026-08-30,(마스터ASC)[제과_치즈팝콘] 26.08_치즈팝콘출시_ASC_전환_video_전체타겟,(마스터ASC)[제과_치즈팝콘] 26.08_치즈팝콘출시_ASC_전환_video_전체타겟,[26.08]F_V_PC치_전환_치즈팝콘재입고_네고형_CS전화네고.KR2_var1.릴스_취식.X_2P_권미정_260824_제과_이미진,3,0,9.0,0
2026-08-30,(마스터ASC)[제과_치즈팝콘] 26.08_치즈팝콘출시_ASC_전환_video_전체타겟,(마스터ASC)[제과_치즈팝콘] 26.08_치즈팝콘출시_ASC_전환_video_전체타겟,[26.09]F_V_PC치_전환_치즈팝콘재입고_인플루언서형_인플루언서.KR1_var2.릴스_치즈덕후강조.X_2P_권미정_260901_제과_이미진,22,0,335.0,0
2026-08-30,[제과_치즈팝콘] 26.08_치즈팝콘출시_수동_전환_video_전체타겟,(0828) 인플루언서형_치즈팝콘재입고 (KR1) (미진님),[26.09]F_V_PC치_전환_치즈팝콘재입고_인플루언서형_인플루언서.KR1_var3.릴스_공통시작.X_2P_권미정_260901_제과_이미진,230,1,5015.0,1
2026-08-30,[제과_블트하] 26.07_블트깡출시_수동_전환_image_전체타겟,0901_맛피아디벨롭_블트칩출시  (KR1/2),[26.08]F_I_BT칩_전환_블트칩출시_혜택강조형_나폴리맛피아.KR1_.배너_손해감수.맛피아도놀란.__김소희_260828_제과_김수정,192,5,8799.0,2
2026-08-30,(마스터ASC) [제과_블트하] 26.09_블트깡출시_ASC_전환_image,(마스터ASC) [제과_블트하] 26.09_블트깡출시_ASC_전환_image,[26.08]F_I_BT칩_전환_블트칩출시_혜택강조형_나폴리맛피아.KR1_.배너_손해감수.가스냄새말고.__김소희_260828_제과_김수정,1,0,75.0,0
2026-08-31,(ASC) [제과_블트하] 26.08_블트깡출시_ASC_전환_image,(ASC) [제과_블트하] 26.08_블트하출시_ASC_전환_image,[26.08]F_I_BT칩_전환_블트칩출시_혜택강조형_KR1_.릴스_엄마들모임에챙겨갔더니.__김소희_260807_제과_박서연,39,0,663.0,0
2026-08-31,(ASC) [제과_블트하] 26.08_블트깡출시_ASC_전환_image,(ASC) [제과_블트하] 26.08_블트하출시_ASC_전환_image,[26.08]F_I_BT칩_전환_블트칩출시_혜택강조형_KR2_.릴스_긴급성심리자극.원물넣겠다고공장까지.__김소희_260821_제과_김수정,12099,137,208181.0,14
2026-08-31,(마스터ASC)[제과_치즈팝콘] 26.08_치즈팝콘출시_ASC_전환_video_전체타겟,(마스터ASC)[제과_치즈팝콘] 26.08_치즈팝콘출시_ASC_전환_video_전체타겟,[26.08]F_V_PC치_전환_치즈팝콘재입고_네고형_CS전화네고.KR2_var1.릴스_취식.X_2P_권미정_260824_제과_이미진,5,0,40.0,0
2026-08-31,[제과_치즈팝콘] 26.08_치즈팝콘출시_수동_전환_video_전체타겟,(0828) 인플루언서형_치즈팝콘재입고 (KR1) (미진님),[26.09]F_V_PC치_전환_치즈팝콘재입고_인플루언서형_인플루언서.KR1_var3.릴스_공통시작.X_2P_권미정_260901_제과_이미진,846,10,14527.0,3
2026-08-31,[제과_블트하] 26.07_블트깡출시_수동_전환_image_전체타겟,0901_맛피아디벨롭_블트칩출시  (KR1/2),[26.08]F_I_BT칩_전환_블트칩출시_혜택강조형_나폴리맛피아.KR1_.배너_손해감수.맛피아도놀란.__김소희_260828_제과_김수정,750,16,34445.0,2
2026-08-31,(마스터ASC) [제과_블트하] 26.09_블트깡출시_ASC_전환_image,(마스터ASC) [제과_블트하] 26.09_블트깡출시_ASC_전환_image,[26.08]F_I_BT칩_전환_블트칩출시_혜택강조형_나폴리맛피아.KR1_.배너_손해감수.가스냄새말고.__김소희_260828_제과_김수정,1,0,58.0,0
2026-09-01,(ASC) [제과_블트하] 26.08_블트깡출시_ASC_전환_image,(ASC) [제과_블트하] 26.08_블트하출시_ASC_전환_image,[26.08]F_I_BT칩_전환_블트칩출시_혜택강조형_KR1_.릴스_엄마들모임에챙겨갔더니.__김소희_260807_제과_박서연,71,0,1875.0,0
2026-09-01,(마스터ASC)[제과_블트하] 26.07_블트깡출시_ASC_전환_video,(마스터ASC)[제과_블트하] 26.07_블트깡출시_ASC_전환_video,[26.08]F_V_BT깡_전환_블트깡출시_라이브커머스형_라이브커머스형.KR1_var2.릴스_찐템강조.남편.슬기.X_1P_김소희_260811_제과_피재은,1,0,0.0,0
2026-09-01,(ASC) [제과_블트하] 26.08_블트깡출시_ASC_전환_image,(ASC) [제과_블트하] 26.08_블트하출시_ASC_전환_image,[26.08]F_I_BT깡_전환_블트칩출시_혜택강조형_GFA베리_.배너_드라마볼때한봉지뚝딱.__최나영_260818_제과_박서연,4,0,37.0,0
2026-09-01,(ASC) [제과_블트하] 26.08_블트깡출시_ASC_전환_image,(ASC) [제과_블트하] 26.08_블트하출시_ASC_전환_image,[26.08]F_I_BT칩_전환_블트칩출시_혜택강조형_KR2_.릴스_긴급성심리자극.원물넣겠다고공장까지.__김소희_260821_제과_김수정,35532,274,554601.0,31
2026-09-01,[제과_치즈팝콘] 26.08_치즈팝콘출시_수동_전환_video_전체타겟,(0828) 인플루언서형_치즈팝콘재입고 (KR1) (미진님),[26.09]F_V_PC치_전환_치즈팝콘재입고_인플루언서형_인플루언서.KR1_var3.릴스_공통시작.X_2P_권미정_260901_제과_이미진,600,12,10996.0,0
2026-09-01,[제과_블트하] 26.07_블트깡출시_수동_전환_image_전체타겟,0901_맛피아디벨롭_블트칩출시  (KR1/2),[26.08]F_I_BT칩_전환_블트칩출시_혜택강조형_나폴리맛피아.KR1_.배너_손해감수.맛피아도놀란.__김소희_260828_제과_김수정,445,8,18462.0,1
2026-09-01,(고효율 재러닝)[제과_블트하] 26.08_블트깡출시_ASC_전환_image/video_8M1W,(고효율 재러닝)[제과_블트하] 26.08_블트깡출시_ASC_전환_image/video_8M1W,[26.08]F_V_BT칩_전환_블트칩출시_네고형_현장네고형.이국주.KR1_var3.릴스_물류.슬기.X_1P_최나영_260814_제과_피재은,220,5,6164.0,0
2026-09-01,[제과_블트하] 26.07_블트깡출시_수동_전환_image_전체타겟,0901_맛피아디벨롭_블트칩출시  (KR1/2),[26.08]F_I_BT칩_전환_블트칩출시_혜택강조형_나폴리맛피아.KR2_.릴스_직접경험.편의점에서딱하나.__김소희_260901_제과_김수정,44,1,1453.0,0
2026-08-24,[제과_블트하] 26.07_블트깡출시_수동_전환_image_전체타겟,0825_트러플권위_블트칩출시 (KR2),[26.08]F_I_BT깡_전환_블트칩출시_유명인권위형_이국주.KR2_.릴스_주변구매.회사.__김소희_260813_제과_김수정,658,4,26406.0,0
2026-08-24,(마스터ASC)[제과_블트하] 26.07_블트깡출시_ASC_전환_video,(마스터ASC)[제과_블트하] 26.07_블트깡출시_ASC_전환_video,[26.08]F_V_BT칩_전환_블트칩출시_제조과정형_제조과정형.이국주.KR2_var2.릴스_CU.X_1P__260821_제과_피재은,1420,20,19743.0,3
2026-08-24,[제과_블트하] 26.07_블트깡출시_수동_전환_image_전체타겟,0821_유행긴급성_블트칩출시 (KR1/2),[26.08]F_I_BT칩_전환_블트칩출시_혜택강조형_이국주.KR2_.배너_유행실체.58세도.__김소희_260821_제과_김수정,726,12,19545.0,2
2026-08-24,[제과_치즈팝콘] 26.08_치즈팝콘출시_수동_전환_image_전체타겟,(0824) 혜택강조형_재입고이슈_치즈팝콘재입고 (KR2) (서연님),[26.08]F_I_PC치_전환_치즈팝콘재입고_혜택강조형_KR1.재입고이슈_.배너_또품절되기전에쟁이세요.__권미정_260824_제과_박서연,260,3,4572.0,0
2026-08-24,[제과_치즈팝콘] 26.08_치즈팝콘출시_수동_전환_image_전체타겟,(0824) 혜택강조형_물림페인포인트_치즈팝콘재입고 (KR2) (서연님),[26.08]F_I_PC치_전환_치즈팝콘재입고_혜택강조형_KR2.물림페포_.배너_손가락에묻은치즈갈릭시즈닝까지.__권미정_260824_제과_박서연,11,1,424.0,0
2026-08-25,(마스터ASC)[제과_블트하] 26.07_블트깡출시_ASC_전환_video,(마스터ASC)[제과_블트하] 26.07_블트깡출시_ASC_전환_video,[26.08]F_V_BT칩_전환_블트칩출시_제조과정형_제조과정형.이국주.KR2_var2.릴스_CU.X_1P__260821_제과_피재은,856,13,13818.0,4
2026-08-25,[제과_블트하] 26.07_블트깡출시_수동_전환_image_전체타겟,0821_유행긴급성_블트칩출시 (KR1/2),[26.08]F_I_BT칩_전환_블트칩출시_혜택강조형_이국주.KR2_.배너_유행실체.58세도.__김소희_260821_제과_김수정,1692,20,37089.0,2
2026-08-25,[제과_치즈팝콘] 26.08_치즈팝콘출시_수동_전환_image_전체타겟,(0824) 혜택강조형_재입고이슈_치즈팝콘재입고 (KR2) (서연님),[26.08]F_I_PC치_전환_치즈팝콘재입고_혜택강조형_KR1.재입고이슈_.배너_또품절되기전에쟁이세요.__권미정_260824_제과_박서연,449,5,10383.0,1
2026-08-25,[제과_치즈팝콘] 26.08_치즈팝콘출시_수동_전환_image_전체타겟,(0824) 혜택강조형_물림페인포인트_치즈팝콘재입고 (KR2) (서연님),[26.08]F_I_PC치_전환_치즈팝콘재입고_혜택강조형_KR2.물림페포_.배너_손가락에묻은치즈갈릭시즈닝까지.__권미정_260824_제과_박서연,230,6,6170.0,2
2026-08-26,(마스터ASC)[제과_블트하] 26.07_블트깡출시_ASC_전환_video,(마스터ASC)[제과_블트하] 26.07_블트깡출시_ASC_전환_video,[26.08]F_V_BT칩_전환_블트칩출시_제조과정형_제조과정형.이국주.KR2_var2.릴스_CU.X_1P__260821_제과_피재은,997,6,13680.0,0
2026-08-26,[제과_블트하] 26.07_블트깡출시_수동_전환_image_전체타겟,0821_유행긴급성_블트칩출시 (KR1/2),[26.08]F_I_BT칩_전환_블트칩출시_혜택강조형_이국주.KR2_.배너_유행실체.58세도.__김소희_260821_제과_김수정,1954,24,37973.0,2
2026-08-26,[제과_치즈팝콘] 26.08_치즈팝콘출시_수동_전환_image_전체타겟,(0824) 혜택강조형_재입고이슈_치즈팝콘재입고 (KR2) (서연님),[26.08]F_I_PC치_전환_치즈팝콘재입고_혜택강조형_KR1.재입고이슈_.배너_또품절되기전에쟁이세요.__권미정_260824_제과_박서연,108,0,1752.0,0
2026-08-26,[제과_치즈팝콘] 26.08_치즈팝콘출시_수동_전환_image_전체타겟,(0824) 혜택강조형_물림페인포인트_치즈팝콘재입고 (KR2) (서연님),[26.08]F_I_PC치_전환_치즈팝콘재입고_혜택강조형_KR2.물림페포_.배너_손가락에묻은치즈갈릭시즈닝까지.__권미정_260824_제과_박서연,255,3,6821.0,1
2026-08-27,(마스터ASC)[제과_블트하] 26.07_블트깡출시_ASC_전환_video,(마스터ASC)[제과_블트하] 26.07_블트깡출시_ASC_전환_video,[26.08]F_V_BT칩_전환_블트칩출시_제조과정형_제조과정형.이국주.KR2_var2.릴스_CU.X_1P__260821_제과_피재은,186,5,4341.0,1
2026-08-27,[제과_치즈팝콘] 26.08_치즈팝콘출시_수동_전환_image_전체타겟,(0824) 혜택강조형_재입고이슈_치즈팝콘재입고 (KR2) (서연님),[26.08]F_I_PC치_전환_치즈팝콘재입고_혜택강조형_KR1.재입고이슈_.배너_또품절되기전에쟁이세요.__권미정_260824_제과_박서연,340,2,7179.0,0
2026-08-27,[제과_치즈팝콘] 26.08_치즈팝콘출시_수동_전환_image_전체타겟,(0824) 혜택강조형_물림페인포인트_치즈팝콘재입고 (KR2) (서연님),[26.08]F_I_PC치_전환_치즈팝콘재입고_혜택강조형_KR2.물림페포_.배너_손가락에묻은치즈갈릭시즈닝까지.__권미정_260824_제과_박서연,55,0,1049.0,0
2026-08-28,(마스터ASC)[제과_블트하] 26.07_블트깡출시_ASC_전환_video,(마스터ASC)[제과_블트하] 26.07_블트깡출시_ASC_전환_video,[26.08]F_V_BT칩_전환_블트칩출시_제조과정형_제조과정형.이국주.KR2_var2.릴스_CU.X_1P__260821_제과_피재은,43,1,925.0,0
2026-08-28,[제과_치즈팝콘] 26.08_치즈팝콘출시_수동_전환_image_전체타겟,(0824) 혜택강조형_재입고이슈_치즈팝콘재입고 (KR2) (서연님),[26.08]F_I_PC치_전환_치즈팝콘재입고_혜택강조형_KR1.재입고이슈_.배너_또품절되기전에쟁이세요.__권미정_260824_제과_박서연,99,2,1691.0,0
2026-08-28,[제과_치즈팝콘] 26.08_치즈팝콘출시_수동_전환_image_전체타겟,(0824) 혜택강조형_물림페인포인트_치즈팝콘재입고 (KR2) (서연님),[26.08]F_I_PC치_전환_치즈팝콘재입고_혜택강조형_KR2.물림페포_.배너_손가락에묻은치즈갈릭시즈닝까지.__권미정_260824_제과_박서연,26,3,460.0,0
2026-08-28,[제과_블트하] 26.07_블트깡출시_수동_전환_video_전체타겟,0828_미나미BP_블트깡출시 (맛피아) (KR1),[26.09]F_V_BT깡_전환_블트깡출시_쩜오건_나폴리맛피아.KR1_var4.릴스_var4.슬기.X_1P__260901_제과_문형민,36,1,1469.0,0
2026-08-28,[제과_블트하] 26.07_블트깡출시_수동_전환_image_전체타겟,0901_맛피아디벨롭_블트칩출시  (KR1/2),[26.08]F_I_BT깡_전환_블트칩출시_혜택강조형_나폴리맛피아.KR2_.배너_향풍미강조.맛피아도반한.__김소희_260828_제과_박서연,14,0,433.0,0
2026-08-28,(마스터ASC) [제과_블트하] 26.09_블트깡출시_ASC_전환_image,(마스터ASC) [제과_블트하] 26.09_블트깡출시_ASC_전환_image,[26.08]F_I_BT혼_전환_블트칩출시_혜택강조형_나폴리맛피아.KR1_.배너_기존콜라보실체.콜라보했다하면.__김소희_260828_제과_김수정,5,0,131.0,0
2026-08-28,[제과_블트하] 26.07_블트깡출시_수동_전환_video_전체타겟,0828_추성훈BP_블트칩출시 (맛피아) (KR2),[26.09]F_V_BT칩_전환_블트깡출시_쩜오건_나폴리맛피아.KR2_var1.릴스_이태리.슬기.X_1P__260901_제과_피재은,1133,19,21897.0,2
2026-08-28,[제과_치즈팝콘] 26.08_치즈팝콘출시_수동_전환_video_전체타겟,(0828) 인플루언서형_치즈팝콘재입고 (KR1) (미진님),[26.09]F_V_PC치_전환_치즈팝콘재입고_인플루언서형_인플루언서.KR1_main.릴스_치즈갈릭조합강조.X_2P_권미정_260901_제과_이미진,338,5,5192.0,0
2026-08-29,(마스터ASC)[제과_블트하] 26.07_블트깡출시_ASC_전환_video,(마스터ASC)[제과_블트하] 26.07_블트깡출시_ASC_전환_video,[26.08]F_V_BT칩_전환_블트칩출시_제조과정형_제조과정형.이국주.KR2_var2.릴스_CU.X_1P__260821_제과_피재은,4,0,42.0,0
2026-08-29,[제과_치즈팝콘] 26.08_치즈팝콘출시_수동_전환_image_전체타겟,(0824) 혜택강조형_재입고이슈_치즈팝콘재입고 (KR2) (서연님),[26.08]F_I_PC치_전환_치즈팝콘재입고_혜택강조형_KR1.재입고이슈_.배너_또품절되기전에쟁이세요.__권미정_260824_제과_박서연,25,0,497.0,0
2026-08-29,[제과_치즈팝콘] 26.08_치즈팝콘출시_수동_전환_image_전체타겟,(0824) 혜택강조형_물림페인포인트_치즈팝콘재입고 (KR2) (서연님),[26.08]F_I_PC치_전환_치즈팝콘재입고_혜택강조형_KR2.물림페포_.배너_손가락에묻은치즈갈릭시즈닝까지.__권미정_260824_제과_박서연,38,0,887.0,0
2026-08-29,[제과_블트하] 26.07_블트깡출시_수동_전환_video_전체타겟,0828_미나미BP_블트깡출시 (맛피아) (KR1),[26.09]F_V_BT깡_전환_블트깡출시_쩜오건_나폴리맛피아.KR1_var4.릴스_var4.슬기.X_1P__260901_제과_문형민,32,0,844.0,0
2026-08-29,[제과_블트하] 26.07_블트깡출시_수동_전환_image_전체타겟,0901_맛피아디벨롭_블트칩출시  (KR1/2),[26.08]F_I_BT깡_전환_블트칩출시_혜택강조형_나폴리맛피아.KR2_.배너_향풍미강조.맛피아도반한.__김소희_260828_제과_박서연,16,0,574.0,0
2026-08-29,(마스터ASC) [제과_블트하] 26.09_블트깡출시_ASC_전환_image,(마스터ASC) [제과_블트하] 26.09_블트깡출시_ASC_전환_image,[26.08]F_I_BT혼_전환_블트칩출시_혜택강조형_나폴리맛피아.KR1_.배너_기존콜라보실체.콜라보했다하면.__김소희_260828_제과_김수정,377,6,10175.0,0
2026-08-29,[제과_블트하] 26.07_블트깡출시_수동_전환_video_전체타겟,0828_추성훈BP_블트칩출시 (맛피아) (KR2),[26.09]F_V_BT칩_전환_블트깡출시_쩜오건_나폴리맛피아.KR2_var1.릴스_이태리.슬기.X_1P__260901_제과_피재은,513,6,12049.0,0
2026-08-29,[제과_치즈팝콘] 26.08_치즈팝콘출시_수동_전환_video_전체타겟,(0828) 인플루언서형_치즈팝콘재입고 (KR1) (미진님),[26.09]F_V_PC치_전환_치즈팝콘재입고_인플루언서형_인플루언서.KR1_main.릴스_치즈갈릭조합강조.X_2P_권미정_260901_제과_이미진,643,6,9368.0,1
2026-08-30,(마스터ASC)[제과_블트하] 26.07_블트깡출시_ASC_전환_video,(마스터ASC)[제과_블트하] 26.07_블트깡출시_ASC_전환_video,[26.08]F_V_BT칩_전환_블트칩출시_제조과정형_제조과정형.이국주.KR2_var2.릴스_CU.X_1P__260821_제과_피재은,26,0,338.0,0
2026-08-30,[제과_치즈팝콘] 26.08_치즈팝콘출시_수동_전환_image_전체타겟,(0824) 혜택강조형_물림페인포인트_치즈팝콘재입고 (KR2) (서연님),[26.08]F_I_PC치_전환_치즈팝콘재입고_혜택강조형_KR2.물림페포_.배너_손가락에묻은치즈갈릭시즈닝까지.__권미정_260824_제과_박서연,190,1,3988.0,2
2026-08-30,[제과_블트하] 26.07_블트깡출시_수동_전환_video_전체타겟,0828_미나미BP_블트깡출시 (맛피아) (KR1),[26.09]F_V_BT깡_전환_블트깡출시_쩜오건_나폴리맛피아.KR1_var4.릴스_var4.슬기.X_1P__260901_제과_문형민,6,0,78.0,0
2026-08-30,[제과_블트하] 26.07_블트깡출시_수동_전환_image_전체타겟,0901_맛피아디벨롭_블트칩출시  (KR1/2),[26.08]F_I_BT깡_전환_블트칩출시_혜택강조형_나폴리맛피아.KR2_.배너_향풍미강조.맛피아도반한.__김소희_260828_제과_박서연,8,0,297.0,0
2026-08-30,(마스터ASC) [제과_블트하] 26.09_블트깡출시_ASC_전환_image,(마스터ASC) [제과_블트하] 26.09_블트깡출시_ASC_전환_image,[26.08]F_I_BT혼_전환_블트칩출시_혜택강조형_나폴리맛피아.KR1_.배너_기존콜라보실체.콜라보했다하면.__김소희_260828_제과_김수정,220,1,5538.0,1
2026-08-30,[제과_블트하] 26.07_블트깡출시_수동_전환_video_전체타겟,0828_추성훈BP_블트칩출시 (맛피아) (KR2),[26.09]F_V_BT칩_전환_블트깡출시_쩜오건_나폴리맛피아.KR2_var1.릴스_이태리.슬기.X_1P__260901_제과_피재은,543,8,12771.0,1
2026-08-30,[제과_치즈팝콘] 26.08_치즈팝콘출시_수동_전환_video_전체타겟,(0828) 인플루언서형_치즈팝콘재입고 (KR1) (미진님),[26.09]F_V_PC치_전환_치즈팝콘재입고_인플루언서형_인플루언서.KR1_main.릴스_치즈갈릭조합강조.X_2P_권미정_260901_제과_이미진,131,1,2386.0,0
2026-08-31,(마스터ASC)[제과_블트하] 26.07_블트깡출시_ASC_전환_video,(마스터ASC)[제과_블트하] 26.07_블트깡출시_ASC_전환_video,[26.08]F_V_BT칩_전환_블트칩출시_제조과정형_제조과정형.이국주.KR2_var2.릴스_CU.X_1P__260821_제과_피재은,29,0,499.0,0
2026-08-31,[제과_치즈팝콘] 26.08_치즈팝콘출시_수동_전환_image_전체타겟,(0824) 혜택강조형_재입고이슈_치즈팝콘재입고 (KR2) (서연님),[26.08]F_I_PC치_전환_치즈팝콘재입고_혜택강조형_KR1.재입고이슈_.배너_또품절되기전에쟁이세요.__권미정_260824_제과_박서연,2,0,25.0,0
2026-08-31,[제과_치즈팝콘] 26.08_치즈팝콘출시_수동_전환_image_전체타겟,(0824) 혜택강조형_물림페인포인트_치즈팝콘재입고 (KR2) (서연님),[26.08]F_I_PC치_전환_치즈팝콘재입고_혜택강조형_KR2.물림페포_.배너_손가락에묻은치즈갈릭시즈닝까지.__권미정_260824_제과_박서연,39,2,672.0,1
2026-08-31,[제과_블트하] 26.07_블트깡출시_수동_전환_image_전체타겟,0901_맛피아디벨롭_블트칩출시  (KR1/2),[26.08]F_I_BT깡_전환_블트칩출시_혜택강조형_나폴리맛피아.KR2_.배너_향풍미강조.맛피아도반한.__김소희_260828_제과_박서연,7,0,130.0,0
2026-08-31,(마스터ASC) [제과_블트하] 26.09_블트깡출시_ASC_전환_image,(마스터ASC) [제과_블트하] 26.09_블트깡출시_ASC_전환_image,[26.08]F_I_BT혼_전환_블트칩출시_혜택강조형_나폴리맛피아.KR1_.배너_기존콜라보실체.콜라보했다하면.__김소희_260828_제과_김수정,111,0,2972.0,0
2026-08-31,[제과_치즈팝콘] 26.08_치즈팝콘출시_수동_전환_video_전체타겟,(0828) 인플루언서형_치즈팝콘재입고 (KR1) (미진님),[26.09]F_V_PC치_전환_치즈팝콘재입고_인플루언서형_인플루언서.KR1_main.릴스_치즈갈릭조합강조.X_2P_권미정_260901_제과_이미진,296,3,5089.0,0
2026-09-01,(마스터ASC)[제과_블트하] 26.07_블트깡출시_ASC_전환_video,(마스터ASC)[제과_블트하] 26.07_블트깡출시_ASC_전환_video,[26.08]F_V_BT칩_전환_블트칩출시_제조과정형_제조과정형.이국주.KR2_var2.릴스_CU.X_1P__260821_제과_피재은,87,2,1276.0,1
2026-09-01,[제과_치즈팝콘] 26.08_치즈팝콘출시_수동_전환_image_전체타겟,(0824) 혜택강조형_재입고이슈_치즈팝콘재입고 (KR2) (서연님),[26.08]F_I_PC치_전환_치즈팝콘재입고_혜택강조형_KR1.재입고이슈_.배너_또품절되기전에쟁이세요.__권미정_260824_제과_박서연,2,0,25.0,0
2026-09-01,[제과_치즈팝콘] 26.08_치즈팝콘출시_수동_전환_image_전체타겟,(0824) 혜택강조형_물림페인포인트_치즈팝콘재입고 (KR2) (서연님),[26.08]F_I_PC치_전환_치즈팝콘재입고_혜택강조형_KR2.물림페포_.배너_손가락에묻은치즈갈릭시즈닝까지.__권미정_260824_제과_박서연,98,1,2136.0,0
2026-09-01,(마스터ASC) [제과_블트하] 26.09_블트깡출시_ASC_전환_image,(마스터ASC) [제과_블트하] 26.09_블트깡출시_ASC_전환_image,[26.08]F_I_BT혼_전환_블트칩출시_혜택강조형_나폴리맛피아.KR1_.배너_기존콜라보실체.콜라보했다하면.__김소희_260828_제과_김수정,21,0,351.0,0
2026-09-01,[제과_치즈팝콘] 26.08_치즈팝콘출시_수동_전환_video_전체타겟,(0828) 인플루언서형_치즈팝콘재입고 (KR1) (미진님),[26.09]F_V_PC치_전환_치즈팝콘재입고_인플루언서형_인플루언서.KR1_main.릴스_치즈갈릭조합강조.X_2P_권미정_260901_제과_이미진,220,3,3542.0,0
