date,campaign_name,adset_name,ad_name,impressions,clicks,spend,conversions
2026-07-16,(마스터ASC)[제과_콘스프맛 팝콘] 26.05_콘스프맛팝콘출시_ASC_전환_video,(마스터ASC)[콘스프맛 팝콘] 26.05_콘스프맛팝콘출시_ASC_전환_video,[26.07]F_V_PC콘_전환_팝콘할인페스타_네고형_공구네고형.다이어트_var4.릴스_속세맛.슬기.X_1P_김소희_260702_제과_강경연,1900,27,21066.0,3
2026-07-16,(마스터ASC)[제과_블트하] 26.07_블트깡출시_ASC_전환_video,(마스터ASC)[제과_블트하] 26.07_블트깡출시_ASC_전환_video,[26.07]F_V_BT깡_전환_블트깡출시_제조과정형_CS제조과정형.KR2_var1.릴스_중국산.슬기.X_1P_김소희_260715_제과_피재은,732,22,15086.0,3
2026-07-16,(마스터ASC)[제과_블트하] 26.07_블트깡출시_ASC_전환_video,(마스터ASC)[제과_블트하] 26.07_블트깡출시_ASC_전환_video,[26.07]F_V_BT깡_전환_블트깡출시_제조과정형_CS제조과정형.KR2_var3.릴스_트러플.슬기.X_1P_김소희_260715_제과_피재은,148,0,2396.0,0
2026-07-16,[제과_블트하] 26.07_블트깡출시_수동_전환_video_전체타겟,BP이식형2_블트깡출시 (KR1/2),[26.07]F_V_BT깡_전환_블트깡출시_쩜오건_대세감실체.KR1_var2.릴스_여배우유튜브.X_1P_김소희_260715_제과_문형민,13,0,252.0,0
2026-07-16,(마스터ASC)[제과_블트하] 26.07_블트깡출시_ASC_전환_video,(마스터ASC)[제과_블트하] 26.07_블트깡출시_ASC_전환_video,[26.07]F_V_BT깡_전환_블트깡출시_쩜오건_리액션과장.KR1_var4.릴스_출시.제품후킹.X_1P_김소희_260715_제과_문형민,72,1,783.0,0
2026-07-16,[제과_블트하] 26.07_블트깡출시_수동_전환_image_전체타겟,3040대세감_블트깡출시 (KR1),[26.07]F_I_BT깡_전환_블트깡출시_혜택강조형_혜택강조형_.배너_창고형마트에서무조건쟁이는.검증__김소희_260715_제과_박서연,73,2,2089.0,2
2026-07-16,[제과_블트하] 26.07_블트깡출시_수동_전환_image_전체타겟,원산지권위_블트깡출시 (KR2),[26.07]F_I_BT깡_전환_블트깡출시_바이럴형_KR2_.배너_원산지페포.무물.검증__김소희_260715_제과_김수정,694,18,12640.0,0
2026-07-16,(마스터ASC)[제과_블트하] 26.07_블트깡출시_ASC_전환_image,(마스터ASC)[제과_블트하] 26.07_블트깡출시_ASC_전환_image,[26.07]F_I_BT깡_전환_블트깡출시_바이럴형_KR2_.배너_원산지페포.맛잘알친구가줌.검증__김소희_260715_제과_김수정,36,0,639.0,0
2026-07-16,[제과_블트하] 26.07_블트깡출시_수동_전환_image_전체타겟,원산지권위_블트깡출시 (KR2),[26.07]F_I_BT깡_전환_블트깡출시_바이럴형_KR2_.배너_원산지페포.진짜먹고싶을때만먹다가.검증__김소희_260715_제과_김수정,5,0,31.0,0
2026-07-16,(마스터ASC)[제과_블트하] 26.07_블트깡출시_ASC_전환_image,(마스터ASC)[제과_블트하] 26.07_블트깡출시_ASC_전환_image,[26.07]F_I_BT깡_전환_블트깡출시_매거진형_KR1_.배너_판매량.짭제품.검증__김소희_260715_제과_김수정,13,0,275.0,0
2026-07-16,[제과_블트하] 26.07_블트깡출시_수동_전환_image_전체타겟,집단유행/유명인_블트깡출시 (KR1),[26.07]F_I_BT깡_전환_블트깡출시_바이럴형_KR1_.배너_일반특정집단.탕비실난리.검증__김소희_260715_제과_김수정,3,0,28.0,0
2026-07-17,(마스터ASC)[제과_콘스프맛 팝콘] 26.05_콘스프맛팝콘출시_ASC_전환_video,(마스터ASC)[콘스프맛 팝콘] 26.05_콘스프맛팝콘출시_ASC_전환_video,[26.06]F_V_PC콘_전환_팝콘더블특가_인플루언서형_올리브BP.다이어트_main.릴스_메인.슬기.X_1P_최나영_260625_제과_강경연,10,0,120.0,0
2026-07-17,(마스터ASC)[제과_콘스프맛 팝콘] 26.05_콘스프맛팝콘출시_ASC_전환_video,(마스터ASC)[콘스프맛 팝콘] 26.05_콘스프맛팝콘출시_ASC_전환_video,[26.06]F_V_PC콘_전환_팝콘더블특가_인플루언서형_올리브BP.다이어트_var4.릴스_뾰족한타겟.슬기.X_1P_최나영_260625_제과_강경연,231,1,2432.0,0
2026-07-17,(마스터ASC)[제과_콘스프맛 팝콘] 26.05_콘스프맛팝콘출시_ASC_전환_video,(마스터ASC)[콘스프맛 팝콘] 26.05_콘스프맛팝콘출시_ASC_전환_video,[26.07]F_V_PC콘_전환_팝콘할인페스타_네고형_공구네고형.다이어트_var4.릴스_속세맛.슬기.X_1P_김소희_260702_제과_강경연,249,6,3609.0,1
2026-07-17,(마스터2) [제과_단백질 쉐이크] 26.07_단백질쉐이크출시_ASC_전환_image,(마스터2) [제과_단백질 쉐이크] 26.07_단백질쉐이크출시_ASC_전환_image,[26.07]F_I_SK초_전환_단백질쉐이크출시_제품강조형_원재료강조_.배너_생초코로기둥세운.속세맛신작.가격비교O.아몬드스윗삭제.확장__이유빈_260707_제과_김수정,5,0,111.0,0
2026-07-17,(마스터2) [제과_단백질 쉐이크] 26.07_단백질쉐이크출시_ASC_전환_image,(마스터2) [제과_단백질 쉐이크] 26.07_단백질쉐이크출시_ASC_전환_image,[26.07]F_I_SK혼_전환_단백질쉐이크출시_혜택강조형_파우치.개당가강조_.배너_대용량페포.메세지테스트.어디갈때마다.통단쉐.확장__이유빈_260707_제과_김수정,3,0,80.0,0
2026-07-17,[제과_단백질 쉐이크] 26.06_단백질쉐이크출시_ASC_전환_video,[제과_단백질 쉐이크] 26.06_단백질쉐이크출시_ASC_전환_video,[26.07]F_V_SK혼_전환_단백질쉐이크출시_신규BP_문제공감형.파우치.개당가강조_var7.릴스_기간비교강조.X_2P_이유빈_260710_제과_이봄1,5,0,112.0,0
2026-07-17,(마스터ASC)[제과_블트하] 26.07_블트깡출시_ASC_전환_video,(마스터ASC)[제과_블트하] 26.07_블트깡출시_ASC_전환_video,[26.07]F_V_BT깡_전환_블트깡출시_제조과정형_CS제조과정형.KR2_var1.릴스_중국산.슬기.X_1P_김소희_260715_제과_피재은,1649,69,36589.0,14
2026-07-17,(마스터ASC)[제과_블트하] 26.07_블트깡출시_ASC_전환_video,(마스터ASC)[제과_블트하] 26.07_블트깡출시_ASC_전환_video,[26.07]F_V_BT깡_전환_블트깡출시_제조과정형_CS제조과정형.KR2_var3.릴스_트러플.슬기.X_1P_김소희_260715_제과_피재은,38,5,778.0,1
2026-07-17,[제과_블트하] 26.07_블트깡출시_수동_전환_video_전체타겟,BP이식형2_블트깡출시 (KR1/2),[26.07]F_V_BT깡_전환_블트깡출시_쩜오건_대세감실체.KR1_var2.릴스_여배우유튜브.X_1P_김소희_260715_제과_문형민,2,0,17.0,0
2026-07-17,(마스터ASC)[제과_블트하] 26.07_블트깡출시_ASC_전환_video,(마스터ASC)[제과_블트하] 26.07_블트깡출시_ASC_전환_video,[26.07]F_V_BT깡_전환_블트깡출시_쩜오건_리액션과장.KR1_var4.릴스_출시.제품후킹.X_1P_김소희_260715_제과_문형민,1401,43,21257.0,4
2026-07-17,[제과_블트하] 26.07_블트깡출시_수동_전환_image_전체타겟,3040대세감_블트깡출시 (KR1),[26.07]F_I_BT깡_전환_블트깡출시_혜택강조형_혜택강조형_.배너_창고형마트에서무조건쟁이는.검증__김소희_260715_제과_박서연,3,0,61.0,0
2026-07-17,(마스터ASC)[제과_블트하] 26.07_블트깡출시_ASC_전환_image,(마스터ASC)[제과_블트하] 26.07_블트깡출시_ASC_전환_image,[26.07]F_I_BT깡_전환_블트깡출시_바이럴형_KR2_.배너_원산지페포.맛잘알친구가줌.검증__김소희_260715_제과_김수정,2,1,20.0,0
2026-07-17,[제과_블트하] 26.07_블트깡출시_수동_전환_image_전체타겟,원산지권위_블트깡출시 (KR2),[26.07]F_I_BT깡_전환_블트깡출시_바이럴형_KR2_.배너_원산지페포.진짜먹고싶을때만먹다가.검증__김소희_260715_제과_김수정,1,0,3.0,0
2026-07-17,(마스터ASC)[제과_블트하] 26.07_블트깡출시_ASC_전환_video,(마스터ASC)[제과_블트하] 26.07_블트깡출시_ASC_전환_video,[26.07]F_V_BT깡_전환_블트깡출시_인물리뷰형_에어프라이기BP.KR1_var3.릴스_프리미엄.슬기.X_1P_최나영_260716_제과_피재은,107,0,1992.0,0
2026-07-17,(마스터ASC)[제과_블트하] 26.07_블트깡출시_ASC_전환_image,(마스터ASC)[제과_블트하] 26.07_블트깡출시_ASC_전환_image,[26.07]F_I_BT깡_전환_블트깡출시_바이럴형_KR1_.배너_3040소비상황.원재료깐깐하게따지는.검증__김소희_260716_제과_김수정,2637,73,33932.0,9
2026-07-17,[제과_블트하] 26.07_블트깡출시_수동_전환_image_전체타겟,3040대세감_블트깡출시 (KR1),[26.07]F_I_BT깡_전환_블트깡출시_바이럴형_KR1_.배너_3040소비상황.주말넷플릭스.검증__김소희_260716_제과_김수정,7092,109,93242.0,8
2026-07-17,(마스터ASC)[제과_블트하] 26.07_블트깡출시_ASC_전환_image,(마스터ASC)[제과_블트하] 26.07_블트깡출시_ASC_전환_image,[26.07]F_I_BT깡_전환_블트깡출시_바이럴형_KR1_.배너_창고형마트.할인안해도.확장__김소희_260716_제과_김수정,52,0,1540.0,0
2026-07-17,(마스터ASC)[제과_블트하] 26.07_블트깡출시_ASC_전환_image,(마스터ASC)[제과_블트하] 26.07_블트깡출시_ASC_전환_image,[26.07]F_I_BT깡_전환_블트깡출시_바이럴형_KR1_.배너_맘카페.맘카페입소문마트품절대란.확장__김소희_260716_제과_김수정,37,2,1690.0,0
2026-07-18,(마스터ASC)[제과_콘스프맛 팝콘] 26.05_콘스프맛팝콘출시_ASC_전환_video,(마스터ASC)[콘스프맛 팝콘] 26.05_콘스프맛팝콘출시_ASC_전환_video,[26.07]F_V_PC콘_전환_팝콘할인페스타_네고형_공구네고형.다이어트_var4.릴스_속세맛.슬기.X_1P_김소희_260702_제과_강경연,143,1,1078.0,0
2026-07-18,(마스터ASC)[제과_블트하] 26.07_블트깡출시_ASC_전환_video,(마스터ASC)[제과_블트하] 26.07_블트깡출시_ASC_전환_video,[26.07]F_V_BT깡_전환_블트깡출시_제조과정형_CS제조과정형.KR2_var1.릴스_중국산.슬기.X_1P_김소희_260715_제과_피재은,430,16,9680.0,6
2026-07-18,(마스터ASC)[제과_블트하] 26.07_블트깡출시_ASC_전환_video,(마스터ASC)[제과_블트하] 26.07_블트깡출시_ASC_전환_video,[26.07]F_V_BT깡_전환_블트깡출시_쩜오건_리액션과장.KR1_var4.릴스_출시.제품후킹.X_1P_김소희_260715_제과_문형민,194,6,2973.0,0
2026-07-18,(마스터ASC)[제과_블트하] 26.07_블트깡출시_ASC_전환_video,(마스터ASC)[제과_블트하] 26.07_블트깡출시_ASC_전환_video,[26.07]F_V_BT깡_전환_블트깡출시_인물리뷰형_에어프라이기BP.KR1_var3.릴스_프리미엄.슬기.X_1P_최나영_260716_제과_피재은,3,0,42.0,0
2026-07-18,(마스터ASC)[제과_블트하] 26.07_블트깡출시_ASC_전환_image,(마스터ASC)[제과_블트하] 26.07_블트깡출시_ASC_전환_image,[26.07]F_I_BT깡_전환_블트깡출시_바이럴형_KR1_.배너_3040소비상황.원재료깐깐하게따지는.검증__김소희_260716_제과_김수정,1783,56,25331.0,6
2026-07-18,(마스터ASC)[제과_블트하] 26.07_블트깡출시_ASC_전환_image,(마스터ASC)[제과_블트하] 26.07_블트깡출시_ASC_전환_image,[26.07]F_I_BT깡_전환_블트깡출시_바이럴형_KR1_.배너_창고형마트.할인안해도.확장__김소희_260716_제과_김수정,5,0,131.0,0
2026-07-18,(마스터ASC)[제과_블트하] 26.07_블트깡출시_ASC_전환_image,(마스터ASC)[제과_블트하] 26.07_블트깡출시_ASC_전환_image,[26.07]F_I_BT깡_전환_블트깡출시_바이럴형_KR1_.배너_맘카페.맘카페입소문마트품절대란.확장__김소희_260716_제과_김수정,5,0,331.0,0
2026-07-19,(마스터ASC)[제과_콘스프맛 팝콘] 26.05_콘스프맛팝콘출시_ASC_전환_video,(마스터ASC)[콘스프맛 팝콘] 26.05_콘스프맛팝콘출시_ASC_전환_video,[26.07]F_V_PC콘_전환_팝콘할인페스타_네고형_공구네고형.다이어트_var4.릴스_속세맛.슬기.X_1P_김소희_260702_제과_강경연,51,1,420.0,0
2026-07-19,[제과_단백질 쉐이크] 26.06_단백질쉐이크출시_ASC_전환_video,[제과_단백질 쉐이크] 26.06_단백질쉐이크출시_ASC_전환_video,[26.07]F_V_SK혼_전환_단백질쉐이크출시_신규BP_문제공감형.파우치.개당가강조_var7.릴스_기간비교강조.X_2P_이유빈_260710_제과_이봄1,5,1,285.0,0
2026-07-19,(마스터ASC)[제과_블트하] 26.07_블트깡출시_ASC_전환_video,(마스터ASC)[제과_블트하] 26.07_블트깡출시_ASC_전환_video,[26.07]F_V_BT깡_전환_블트깡출시_제조과정형_CS제조과정형.KR2_var1.릴스_중국산.슬기.X_1P_김소희_260715_제과_피재은,164,7,2923.0,1
2026-07-19,[제과_블트하] 26.07_블트깡출시_수동_전환_video_전체타겟,BP이식형2_블트깡출시 (KR1/2),[26.07]F_V_BT깡_전환_블트깡출시_쩜오건_대세감실체.KR1_var2.릴스_여배우유튜브.X_1P_김소희_260715_제과_문형민,10,2,339.0,0
2026-07-19,(마스터ASC)[제과_블트하] 26.07_블트깡출시_ASC_전환_video,(마스터ASC)[제과_블트하] 26.07_블트깡출시_ASC_전환_video,[26.07]F_V_BT깡_전환_블트깡출시_쩜오건_리액션과장.KR1_var4.릴스_출시.제품후킹.X_1P_김소희_260715_제과_문형민,23,0,259.0,0
2026-07-19,(마스터ASC)[제과_블트하] 26.07_블트깡출시_ASC_전환_image,(마스터ASC)[제과_블트하] 26.07_블트깡출시_ASC_전환_image,[26.07]F_I_BT깡_전환_블트깡출시_바이럴형_KR1_.배너_3040소비상황.원재료깐깐하게따지는.검증__김소희_260716_제과_김수정,7283,240,106589.0,32
2026-07-16,[제과_단백질 쉐이크] 26.06_단백질쉐이크출시_수동_전환_video,네고형_0702,[26.07]F_V_SK혼_전환_단백질쉐이크출시_네고형_역네고형_main.릴스_가격강조아몬드스윗삭제.(재)_2P_이유빈_260707_제과_이미진,9068,318,137511.0,15
2026-07-16,[제과_단백질 쉐이크] 26.06_단백질쉐이크출시_수동_전환_video,문제공감형_0710,[26.07]F_V_SK혼_전환_단백질쉐이크출시_신규BP_문제공감형.파우치.개당가강조_main.릴스_본론.X_2P_이유빈_260710_제과_이봄1,5751,178,66903.0,7
2026-07-16,[제과_단백질 쉐이크] 26.06_단백질쉐이크출시_ASC_전환_video,[제과_단백질 쉐이크] 26.06_단백질쉐이크출시_ASC_전환_video,[26.07]F_V_SK혼_전환_단백질쉐이크출시_신규BP_문제공감형.파우치.개당가강조_var4.릴스_노력강조.올리브영.X_2P_이유빈_260710_제과_이봄1,818,20,12148.0,2
2026-07-16,[제과_블트하] 26.07_블트깡출시_수동_전환_video_전체타겟,오터BP_블트깡출시 (KR2),[26.07]F_V_BT깡_전환_블트깡출시_제조과정형_CS제조과정형.KR2_var2.릴스_대세감.슬기.X_1P_김소희_260715_제과_피재은,114,2,2504.0,0
2026-07-16,[제과_블트하] 26.07_블트깡출시_수동_전환_video_전체타겟,미틀리에BP_블트깡출시 (KR2),[26.07]F_V_BT깡_전환_블트깡출시_원가강조형_미틀리에BP.KR2_main.릴스_BP그대로.X_1P_최나영_260715_제과_강경연,11423,329,209835.0,42
2026-07-16,[제과_블트하] 26.07_블트깡출시_수동_전환_video_전체타겟,BP이식형2_블트깡출시 (KR1/2),[26.07]F_V_BT깡_전환_블트깡출시_쩜오건_맛조합맥주.KR1_var1.릴스_맛후킹.X_1P_김소희_260715_제과_문형민,101933,3281,1273907.0,286
2026-07-16,(마스터ASC)[제과_블트하] 26.07_블트깡출시_ASC_전환_image,(마스터ASC)[제과_블트하] 26.07_블트깡출시_ASC_전환_image,[26.07]F_I_BT깡_전환_블트깡출시_혜택강조형_혜택강조형_.배너_마트기둥하나세웠다는.검증__김소희_260715_제과_박서연,76,0,1545.0,0
2026-07-16,[제과_블트하] 26.07_블트깡출시_수동_전환_image_전체타겟,판매량/화제_블트깡출시 (KR1),[26.07]F_I_BT깡_전환_블트깡출시_바이럴형_KR1_.배너_유행.혼술홈파티.검증__김소희_260715_제과_김수정,309,3,6545.0,0
2026-07-16,[제과_블트하] 26.07_블트깡출시_수동_전환_image_전체타겟,판매량/화제_블트깡출시 (KR1),[26.07]F_I_BT깡_전환_블트깡출시_매거진형_KR1_.배너_판매량.품절이라못먹어본사람많다는.검증__김소희_260715_제과_김수정,551,14,13981.0,3
2026-07-16,(마스터ASC)[제과_블트하] 26.07_블트깡출시_ASC_전환_image,(마스터ASC)[제과_블트하] 26.07_블트깡출시_ASC_전환_image,[26.07]F_I_BT깡_전환_블트깡출시_바이럴형_KR1_.배너_일반특정집단.회사에서몰래먹다가.검증__김소희_260715_제과_김수정,273,6,7733.0,1
2026-07-16,(마스터ASC)[제과_블트하] 26.07_블트깡출시_ASC_전환_image,(마스터ASC)[제과_블트하] 26.07_블트깡출시_ASC_전환_image,[26.07]F_I_BT깡_전환_블트깡출시_바이럴형_KR1_.배너_연예인권위.과자안먹을것같은.검증__김소희_260715_제과_김수정,51,2,1061.0,0
2026-07-16,(마스터ASC)[제과_블트하] 26.07_블트깡출시_ASC_전환_image,(마스터ASC)[제과_블트하] 26.07_블트깡출시_ASC_전환_image,[26.07]F_I_BT깡_전환_블트깡출시_바이럴형_KR1_.배너_일반특정집단.맘카페재구매인증.검증__김소희_260715_제과_김수정,35,4,1381.0,0
2026-07-16,[제과_블트하] 26.07_블트깡출시_수동_전환_video_전체타겟,BP이식형2_블트깡출시 (KR1/2),[26.07]F_V_BT깡_전환_블트깡출시_쩜오건_맛조합맥주.KR1_var3.릴스_맥주후킹1.X_1P_김소희_260715_제과_문형민,328,8,5386.0,2
2026-07-16,[제과_단백질 쉐이크] 26.06_단백질쉐이크출시_수동_전환_image,올영최저가비교_0715,[26.07]F_I_SK곡_전환_단백질쉐이크출시_혜택강조형_올영최저가비교_.배너_흘리고귀찮고불편하시죠.파우치가더싸요.확장__이유빈_260715_제과_문다현,164,5,3794.0,0
2026-07-16,(마스터ASC)[제과_블트하] 26.07_블트깡출시_ASC_전환_image,(마스터ASC)[제과_블트하] 26.07_블트깡출시_ASC_전환_image,[26.07]F_I_BT깡_전환_블트깡출시_혜택강조형_KR2_.배너_원산지권위.세계4대진미.검증__김소희_260715_제과_김수정,407,13,8132.0,4
2026-07-17,(마스터ASC)[제과_콘스프맛 팝콘] 26.05_콘스프맛팝콘출시_ASC_전환_video,(마스터ASC)[콘스프맛 팝콘] 26.05_콘스프맛팝콘출시_ASC_전환_video,[26.06]F_V_PC콘_전환_팝콘더블특가_인플루언서형_올리브BP.다이어트_var3.릴스_페르소나.슬기.X_1P_최나영_260625_제과_강경연,7,0,123.0,0
2026-07-17,[제과_단백질 쉐이크] 26.06_단백질쉐이크출시_수동_전환_video,네고형_0702,[26.07]F_V_SK혼_전환_단백질쉐이크출시_네고형_역네고형_main.릴스_가격강조아몬드스윗삭제.(재)_2P_이유빈_260707_제과_이미진,1912,77,37673.0,4
2026-07-17,[제과_단백질 쉐이크] 26.06_단백질쉐이크출시_수동_전환_video,문제공감형_0710,[26.07]F_V_SK혼_전환_단백질쉐이크출시_신규BP_문제공감형.파우치.개당가강조_main.릴스_본론.X_2P_이유빈_260710_제과_이봄1,1618,44,17736.0,1
2026-07-17,[제과_단백질 쉐이크] 26.06_단백질쉐이크출시_ASC_전환_video,[제과_단백질 쉐이크] 26.06_단백질쉐이크출시_ASC_전환_video,[26.07]F_V_SK혼_전환_단백질쉐이크출시_신규BP_문제공감형.파우치.개당가강조_var4.릴스_노력강조.올리브영.X_2P_이유빈_260710_제과_이봄1,3198,103,50447.0,5
2026-07-17,[제과_블트하] 26.07_블트깡출시_수동_전환_video_전체타겟,오터BP_블트깡출시 (KR2),[26.07]F_V_BT깡_전환_블트깡출시_제조과정형_CS제조과정형.KR2_var2.릴스_대세감.슬기.X_1P_김소희_260715_제과_피재은,13,2,433.0,0
2026-07-17,[제과_블트하] 26.07_블트깡출시_수동_전환_video_전체타겟,BP이식형2_블트깡출시 (KR1/2),[26.07]F_V_BT깡_전환_블트깡출시_쩜오건_맛조합맥주.KR1_var1.릴스_맛후킹.X_1P_김소희_260715_제과_문형민,113608,4151,1571011.0,323
2026-07-17,(마스터ASC)[제과_블트하] 26.07_블트깡출시_ASC_전환_image,(마스터ASC)[제과_블트하] 26.07_블트깡출시_ASC_전환_image,[26.07]F_I_BT깡_전환_블트깡출시_혜택강조형_혜택강조형_.배너_마트기둥하나세웠다는.검증__김소희_260715_제과_박서연,1,0,25.0,0
2026-07-17,[제과_블트하] 26.07_블트깡출시_수동_전환_image_전체타겟,판매량/화제_블트깡출시 (KR1),[26.07]F_I_BT깡_전환_블트깡출시_매거진형_KR1_.배너_판매량.품절이라못먹어본사람많다는.검증__김소희_260715_제과_김수정,1979,29,38081.0,1
2026-07-17,(마스터ASC)[제과_블트하] 26.07_블트깡출시_ASC_전환_image,(마스터ASC)[제과_블트하] 26.07_블트깡출시_ASC_전환_image,[26.07]F_I_BT깡_전환_블트깡출시_바이럴형_KR1_.배너_일반특정집단.맘카페재구매인증.검증__김소희_260715_제과_김수정,29,0,945.0,0
2026-07-17,[제과_블트하] 26.07_블트깡출시_수동_전환_video_전체타겟,BP이식형2_블트깡출시 (KR1/2),[26.07]F_V_BT깡_전환_블트깡출시_쩜오건_맛조합맥주.KR1_var3.릴스_맥주후킹1.X_1P_김소희_260715_제과_문형민,62,3,743.0,0
2026-07-17,[제과_단백질 쉐이크] 26.06_단백질쉐이크출시_수동_전환_image,올영최저가비교_0715,[26.07]F_I_SK곡_전환_단백질쉐이크출시_혜택강조형_올영최저가비교_.배너_흘리고귀찮고불편하시죠.파우치가더싸요.확장__이유빈_260715_제과_문다현,114,5,2753.0,0
2026-07-17,(마스터ASC)[제과_블트하] 26.07_블트깡출시_ASC_전환_image,(마스터ASC)[제과_블트하] 26.07_블트깡출시_ASC_전환_image,[26.07]F_I_BT깡_전환_블트깡출시_혜택강조형_KR2_.배너_원산지권위.세계4대진미.검증__김소희_260715_제과_김수정,197,11,4980.0,4
2026-07-17,[제과_블트하] 26.07_블트깡출시_수동_전환_video_전체타겟,에어프라이기BP_블트깡출시 (KR1),[26.07]F_V_BT깡_전환_블트깡출시_인물리뷰형_에어프라이기BP.KR1_var1.릴스_조합.슬기.X_1P_최나영_260716_제과_피재은,200,5,5396.0,0
2026-07-17,(마스터ASC)[제과_블트하] 26.07_블트깡출시_ASC_전환_image,(마스터ASC)[제과_블트하] 26.07_블트깡출시_ASC_전환_image,[26.07]F_I_BT깡_전환_블트깡출시_바이럴형_KR1_.배너_3040소비상황.남편안주로샀다가.검증__김소희_260716_제과_김수정,748,7,7725.0,1
2026-07-17,[제과_블트하] 26.07_블트깡출시_수동_전환_image_전체타겟,3040대세감_블트깡출시 (KR1),[26.07]F_I_BT깡_전환_블트깡출시_바이럴형_KR1_.배너_창고형마트.할인안해도.확장__김소희_260716_제과_김수정,96,0,1036.0,0
2026-07-17,[제과_블트하] 26.07_블트깡출시_수동_전환_image_전체타겟,3040대세감_블트깡출시 (KR1),[26.07]F_I_BT깡_전환_블트깡출시_바이럴형_KR1_.배너_창고형마트.무조건사야한다는.확장__김소희_260716_제과_김수정,16,1,452.0,0
2026-07-17,[제과_블트하] 26.07_블트깡출시_수동_전환_image_전체타겟,3040대세감_블트깡출시 (KR1),[26.07]F_I_BT깡_전환_블트깡출시_바이럴형_KR1_.배너_맘카페.맘카페입소문마트품절대란.확장__김소희_260716_제과_김수정,686,25,17476.0,2
2026-07-17,[제과_블트하] 26.07_블트깡출시_수동_전환_image_전체타겟,3040대세감_블트깡출시 (KR1),[26.07]F_I_BT깡_전환_블트깡출시_바이럴형_KR1_.배너_3040소비상황.원재료깐깐하게따지는.검증__김소희_260716_제과_김수정,578,15,12418.0,1
2026-07-17,[제과_블트하] 26.07_블트깡출시_수동_전환_image_전체타겟,3040대세감_블트깡출시 (KR1),[26.07]F_I_BT깡_전환_블트깡출시_바이럴형_KR1_.배너_3040소비상황.집들이안주로추천.검증__김소희_260716_제과_김수정,226,7,8205.0,1
2026-07-17,(마스터ASC)[제과_블트하] 26.07_블트깡출시_ASC_전환_image,(마스터ASC)[제과_블트하] 26.07_블트깡출시_ASC_전환_image,[26.07]F_I_BT깡_전환_블트깡출시_바이럴형_KR1_.배너_창고형마트.무조건사야한다는.확장__김소희_260716_제과_김수정,71,2,1766.0,0
2026-07-17,(마스터ASC)[제과_블트하] 26.07_블트깡출시_ASC_전환_image,(마스터ASC)[제과_블트하] 26.07_블트깡출시_ASC_전환_image,[26.07]F_I_BT깡_전환_블트깡출시_바이럴형_KR1_.배너_맘카페.맘카페입난리솔직후기.확장__김소희_260716_제과_김수정,4,0,163.0,0
2026-07-17,(마스터ASC)[제과_블트하] 26.07_블트깡출시_ASC_전환_image,(마스터ASC)[제과_블트하] 26.07_블트깡출시_ASC_전환_image,[26.07]F_I_BT깡_전환_블트깡출시_바이럴형_KR1_.배너_맘카페.맘카페창고형마트계인간사료.확장__김소희_260716_제과_김수정,25,0,453.0,0
2026-07-17,(마스터ASC)[제과_블트하] 26.07_블트깡출시_ASC_전환_image,(마스터ASC)[제과_블트하] 26.07_블트깡출시_ASC_전환_image,[26.07]F_I_BT깡_전환_블트깡출시_바이럴형_KR1_.배너_창고형마트.대란템.확장__김소희_260716_제과_김수정,275,11,6047.0,1
2026-07-18,[제과_단백질 쉐이크] 26.06_단백질쉐이크출시_수동_전환_video,네고형_0702,[26.07]F_V_SK혼_전환_단백질쉐이크출시_네고형_역네고형_main.릴스_가격강조아몬드스윗삭제.(재)_2P_이유빈_260707_제과_이미진,1756,92,26233.0,0
2026-07-18,[제과_단백질 쉐이크] 26.06_단백질쉐이크출시_ASC_전환_video,[제과_단백질 쉐이크] 26.06_단백질쉐이크출시_ASC_전환_video,[26.07]F_V_SK혼_전환_단백질쉐이크출시_신규BP_문제공감형.파우치.개당가강조_var4.릴스_노력강조.올리브영.X_2P_이유빈_260710_제과_이봄1,5910,209,81545.0,7
2026-07-18,[제과_블트하] 26.07_블트깡출시_수동_전환_video_전체타겟,BP이식형2_블트깡출시 (KR1/2),[26.07]F_V_BT깡_전환_블트깡출시_쩜오건_맛조합맥주.KR1_var1.릴스_맛후킹.X_1P_김소희_260715_제과_문형민,99987,4411,1651086.0,501
2026-07-18,[제과_블트하] 26.07_블트깡출시_수동_전환_video_전체타겟,BP이식형2_블트깡출시 (KR1/2),[26.07]F_V_BT깡_전환_블트깡출시_쩜오건_맛조합맥주.KR1_var3.릴스_맥주후킹1.X_1P_김소희_260715_제과_문형민,98,7,1747.0,4
2026-07-18,(마스터ASC)[제과_블트하] 26.07_블트깡출시_ASC_전환_image,(마스터ASC)[제과_블트하] 26.07_블트깡출시_ASC_전환_image,[26.07]F_I_BT깡_전환_블트깡출시_혜택강조형_KR2_.배너_원산지권위.세계4대진미.검증__김소희_260715_제과_김수정,33,1,524.0,0
2026-07-18,[제과_블트하] 26.07_블트깡출시_수동_전환_video_전체타겟,에어프라이기BP_블트깡출시 (KR1),[26.07]F_V_BT깡_전환_블트깡출시_인물리뷰형_에어프라이기BP.KR1_var1.릴스_조합.슬기.X_1P_최나영_260716_제과_피재은,440,12,10375.0,6
2026-07-18,[제과_블트하] 26.07_블트깡출시_수동_전환_image_전체타겟,3040대세감_블트깡출시 (KR1),[26.07]F_I_BT깡_전환_블트깡출시_바이럴형_KR1_.배너_창고형마트.할인안해도.확장__김소희_260716_제과_김수정,4,0,257.0,0
2026-07-18,[제과_블트하] 26.07_블트깡출시_수동_전환_image_전체타겟,3040대세감_블트깡출시 (KR1),[26.07]F_I_BT깡_전환_블트깡출시_바이럴형_KR1_.배너_창고형마트.무조건사야한다는.확장__김소희_260716_제과_김수정,11,0,278.0,0
2026-07-18,(마스터ASC)[제과_블트하] 26.07_블트깡출시_ASC_전환_image,(마스터ASC)[제과_블트하] 26.07_블트깡출시_ASC_전환_image,[26.07]F_I_BT깡_전환_블트깡출시_바이럴형_KR1_.배너_창고형마트.무조건사야한다는.확장__김소희_260716_제과_김수정,2,0,43.0,0
2026-07-18,(마스터ASC)[제과_블트하] 26.07_블트깡출시_ASC_전환_image,(마스터ASC)[제과_블트하] 26.07_블트깡출시_ASC_전환_image,[26.07]F_I_BT깡_전환_블트깡출시_바이럴형_KR1_.배너_맘카페.맘카페입난리솔직후기.확장__김소희_260716_제과_김수정,1,0,45.0,0
2026-07-19,[제과_단백질 쉐이크] 26.06_단백질쉐이크출시_수동_전환_video,네고형_0702,[26.07]F_V_SK혼_전환_단백질쉐이크출시_네고형_역네고형_main.릴스_가격강조아몬드스윗삭제.(재)_2P_이유빈_260707_제과_이미진,4846,348,56536.0,9
2026-07-19,[제과_단백질 쉐이크] 26.06_단백질쉐이크출시_ASC_전환_video,[제과_단백질 쉐이크] 26.06_단백질쉐이크출시_ASC_전환_video,[26.07]F_V_SK혼_전환_단백질쉐이크출시_신규BP_문제공감형.파우치.개당가강조_var4.릴스_노력강조.올리브영.X_2P_이유빈_260710_제과_이봄1,4515,186,66905.0,13
2026-07-19,[제과_블트하] 26.07_블트깡출시_수동_전환_video_전체타겟,미틀리에BP_블트깡출시 (KR2),[26.07]F_V_BT깡_전환_블트깡출시_원가강조형_미틀리에BP.KR2_main.릴스_BP그대로.X_1P_최나영_260715_제과_강경연,6469,277,93562.0,22
2026-07-19,[제과_블트하] 26.07_블트깡출시_수동_전환_video_전체타겟,BP이식형2_블트깡출시 (KR1/2),[26.07]F_V_BT깡_전환_블트깡출시_쩜오건_맛조합맥주.KR1_var1.릴스_맛후킹.X_1P_김소희_260715_제과_문형민,39883,1910,648328.0,191
2026-07-19,(마스터ASC)[제과_블트하] 26.07_블트깡출시_ASC_전환_image,(마스터ASC)[제과_블트하] 26.07_블트깡출시_ASC_전환_image,[26.07]F_I_BT깡_전환_블트깡출시_바이럴형_KR1_.배너_일반특정집단.맘카페재구매인증.검증__김소희_260715_제과_김수정,61,2,1594.0,0
2026-07-19,[제과_블트하] 26.07_블트깡출시_수동_전환_video_전체타겟,BP이식형2_블트깡출시 (KR1/2),[26.07]F_V_BT깡_전환_블트깡출시_쩜오건_맛조합맥주.KR1_var3.릴스_맥주후킹1.X_1P_김소희_260715_제과_문형민,106,1,1515.0,2
2026-07-19,(마스터ASC)[제과_블트하] 26.07_블트깡출시_ASC_전환_image,(마스터ASC)[제과_블트하] 26.07_블트깡출시_ASC_전환_image,[26.07]F_I_BT깡_전환_블트깡출시_혜택강조형_KR2_.배너_원산지권위.세계4대진미.검증__김소희_260715_제과_김수정,636,18,12183.0,4
2026-07-19,[제과_블트하] 26.07_블트깡출시_수동_전환_video_전체타겟,에어프라이기BP_블트깡출시 (KR1),[26.07]F_V_BT깡_전환_블트깡출시_인물리뷰형_에어프라이기BP.KR1_var1.릴스_조합.슬기.X_1P_최나영_260716_제과_피재은,5,0,33.0,0
2026-07-16,(마스터ASC)[제과_콘스프맛 팝콘] 26.05_콘스프맛팝콘출시_ASC_전환_video,(마스터ASC)[콘스프맛 팝콘] 26.05_콘스프맛팝콘출시_ASC_전환_video,[26.06]F_V_PC콘_전환_팝콘더블특가_네고형_지인네고형.다이어트_var1.릴스_취식상황강조1.슬기.X_1P_최나영_260626_제과_문형민,390,5,7139.0,0
2026-07-16,(마스터ASC)[제과_콘스프맛 팝콘] 26.05_콘스프맛팝콘출시_ASC_전환_video,(마스터ASC)[콘스프맛 팝콘] 26.05_콘스프맛팝콘출시_ASC_전환_video,[26.07]F_V_PC콘_전환_팝콘할인페스타_네고형_지인네고형.다이어트_var2.릴스_운동상황강조ver2.슬기.X_1P_김소희_260703_제과_문형민,2248,32,23401.0,4
2026-07-16,(마스터ASC)[제과_블트하] 26.07_블트깡출시_ASC_전환_video,(마스터ASC)[제과_블트하] 26.07_블트깡출시_ASC_전환_video,[26.07]F_V_BT깡_전환_블트깡출시_원가강조형_미틀리에BP.KR2_var1.릴스_비교프레임.X_1P_최나영_260715_제과_강경연,1177,30,18784.0,3
2026-07-16,(마스터ASC)[제과_블트하] 26.07_블트깡출시_ASC_전환_video,(마스터ASC)[제과_블트하] 26.07_블트깡출시_ASC_전환_video,[26.07]F_V_BT깡_전환_블트깡출시_신규BP_브릭샌드BP.KR1_var4.릴스_두쫀쿠버터떡.X_2P_김소희_260715_제과_윤성미,1412,28,19100.0,4
2026-07-16,[제과_블트하] 26.07_블트깡출시_수동_전환_image_전체타겟,원산지권위추가건_블트깡출시 (KR2),[26.07]F_I_BT깡_전환_블트깡출시_혜택강조형_KR2_.배너_원산지권위.비싼거때려넣음.검증__김소희_260715_제과_김수정,8588,225,197487.0,45
2026-07-17,(마스터ASC)[제과_콘스프맛 팝콘] 26.05_콘스프맛팝콘출시_ASC_전환_video,(마스터ASC)[콘스프맛 팝콘] 26.05_콘스프맛팝콘출시_ASC_전환_video,[26.06]F_V_PC콘_전환_팝콘더블특가_네고형_지인네고형.다이어트_var1.릴스_취식상황강조1.슬기.X_1P_최나영_260626_제과_문형민,29,0,968.0,0
2026-07-17,(마스터ASC)[제과_블트하] 26.07_블트깡출시_ASC_전환_video,(마스터ASC)[제과_블트하] 26.07_블트깡출시_ASC_전환_video,[26.07]F_V_BT깡_전환_블트깡출시_신규BP_브릭샌드BP.KR1_var4.릴스_두쫀쿠버터떡.X_2P_김소희_260715_제과_윤성미,10326,333,136304.0,43
2026-07-17,[제과_블트하] 26.07_블트깡출시_수동_전환_image_전체타겟,원산지권위추가건_블트깡출시 (KR2),[26.07]F_I_BT깡_전환_블트깡출시_혜택강조형_KR2_.배너_원산지권위.비싼거때려넣음.검증__김소희_260715_제과_김수정,4787,148,105565.0,15
2026-07-17,[제과_블트하] 26.07_블트깡출시_수동_전환_video_전체타겟,에어프라이기BP_블트깡출시 (KR1),[26.07]F_V_BT깡_전환_블트깡출시_인물리뷰형_에어프라이기BP.KR1_main.릴스_메인.슬기.X_1P_최나영_260716_제과_피재은,40,1,795.0,0
2026-07-17,(마스터ASC)[제과_블트하] 26.07_블트깡출시_ASC_전환_video,(마스터ASC)[제과_블트하] 26.07_블트깡출시_ASC_전환_video,[26.07]F_V_BT깡_전환_블트깡출시_인물리뷰형_에어프라이기BP.KR1_var1.릴스_조합.슬기.X_1P_최나영_260716_제과_피재은,353,7,8252.0,5
2026-07-17,(마스터ASC)[제과_블트하] 26.07_블트깡출시_ASC_전환_video,(마스터ASC)[제과_블트하] 26.07_블트깡출시_ASC_전환_video,[26.07]F_V_BT깡_전환_블트깡출시_인물리뷰형_에어프라이기BP.KR1_main.릴스_메인.슬기.X_1P_최나영_260716_제과_피재은,65,0,1413.0,0
2026-07-17,(마스터ASC)[제과_블트하] 26.07_블트깡출시_ASC_전환_video,(마스터ASC)[제과_블트하] 26.07_블트깡출시_ASC_전환_video,[26.07]F_V_BT깡_전환_블트깡출시_인물리뷰형_에어프라이기BP.KR1_var2.릴스_원물.슬기.X_1P_최나영_260716_제과_피재은,203,3,4648.0,1
2026-07-17,[제과_블트하] 26.07_블트깡출시_수동_전환_video_전체타겟,에어프라이기BP_블트깡출시 (KR1),[26.07]F_V_BT깡_전환_블트깡출시_인물리뷰형_에어프라이기BP.KR1_var2.릴스_원물.슬기.X_1P_최나영_260716_제과_피재은,237,4,6556.0,0
2026-07-17,[제과_블트하] 26.07_블트깡출시_수동_전환_video_전체타겟,에어프라이기BP_블트깡출시 (KR1),[26.07]F_V_BT깡_전환_블트깡출시_인물리뷰형_에어프라이기BP.KR1_var3.릴스_프리미엄.슬기.X_1P_최나영_260716_제과_피재은,487,9,9819.0,1
2026-07-17,[제과_블트하] 26.07_블트깡출시_수동_전환_video_전체타겟,에어프라이기BP_블트깡출시 (KR1),[26.07]F_V_BT깡_전환_블트깡출시_인물리뷰형_에어프라이기BP.KR1_var4.릴스_맥주.슬기.X_1P_최나영_260716_제과_피재은,253,5,6758.0,0
2026-07-17,[제과_블트하] 26.07_블트깡출시_수동_전환_video_전체타겟,에어프라이기BP_블트깡출시 (KR1),[26.07]F_V_BT깡_전환_블트깡출시_인물리뷰형_에어프라이기BP.KR1_var5.릴스_상황.슬기.X_1P_최나영_260716_제과_피재은,1089,35,27929.0,5
2026-07-17,(마스터ASC)[제과_블트하] 26.07_블트깡출시_ASC_전환_video,(마스터ASC)[제과_블트하] 26.07_블트깡출시_ASC_전환_video,[26.07]F_V_BT깡_전환_블트깡출시_인물리뷰형_에어프라이기BP.KR1_var4.릴스_맥주.슬기.X_1P_최나영_260716_제과_피재은,6173,174,115607.0,29
2026-07-17,(마스터ASC)[제과_블트하] 26.07_블트깡출시_ASC_전환_video,(마스터ASC)[제과_블트하] 26.07_블트깡출시_ASC_전환_video,[26.07]F_V_BT깡_전환_블트깡출시_인물리뷰형_에어프라이기BP.KR1_var5.릴스_상황.슬기.X_1P_최나영_260716_제과_피재은,8248,232,153974.0,34
2026-07-17,[제과_블트하] 26.07_블트깡출시_수동_전환_video_전체타겟,에어프라이기BP_블트깡출시 (KR1),[26.07]F_V_BT깡_전환_블트깡출시_인물리뷰형_에어프라이기BP.KR1_var5.릴스_BP그대로.슬기.X_1P_최나영_260716_제과_피재은,381,9,8897.0,1
2026-07-17,(마스터ASC)[제과_블트하] 26.07_블트깡출시_ASC_전환_video,(마스터ASC)[제과_블트하] 26.07_블트깡출시_ASC_전환_video,[26.07]F_V_BT깡_전환_블트깡출시_인물리뷰형_에어프라이기BP.KR1_var5.릴스_BP그대로.슬기.X_1P_최나영_260716_제과_피재은,1547,21,25453.0,3
2026-07-17,(마스터ASC)[제과_블트하] 26.07_블트깡출시_ASC_전환_image,(마스터ASC)[제과_블트하] 26.07_블트깡출시_ASC_전환_image,[26.07]F_I_BT깡_전환_블트깡출시_바이럴형_KR1_.배너_3040소비상황.스레드에서난리난.검증__김소희_260716_제과_김수정,116,5,3240.0,0
2026-07-17,(마스터ASC)[제과_블트하] 26.07_블트깡출시_ASC_전환_image,(마스터ASC)[제과_블트하] 26.07_블트깡출시_ASC_전환_image,[26.07]F_I_BT깡_전환_블트깡출시_바이럴형_KR1_.배너_3040소비상황.스레드에계속떠서스레드템플릿.검증__김소희_260716_제과_김수정,22,0,174.0,0
2026-07-17,[제과_블트하] 26.07_블트깡출시_수동_전환_image_전체타겟,3040대세감_블트깡출시 (KR1),[26.07]F_I_BT깡_전환_블트깡출시_혜택강조형_KR1_.배너_엄마들단톡방.애들재우고남편이랑1인1봉.확장__김소희_260716_제과_문다현,33,0,469.0,0
2026-07-17,[제과_블트하] 26.07_블트깡출시_수동_전환_image_전체타겟,3040대세감_블트깡출시 (KR1),[26.07]F_I_BT깡_전환_블트깡출시_혜택강조형_KR1_.배너_원산지표기.맘카페.육퇴.확장__김소희_260716_제과_문다현,405,9,3775.0,0
2026-07-17,[제과_블트하] 26.07_블트깡출시_수동_전환_image_전체타겟,3040대세감_블트깡출시 (KR1),[26.07]F_I_BT깡_전환_블트깡출시_혜택강조형_KR1_.배너_맘카페.드디어저희동네.야식순삭.확장__김소희_260716_제과_문다현,48,2,1506.0,0
2026-07-17,[제과_블트하] 26.07_블트깡출시_수동_전환_image_전체타겟,3040대세감_블트깡출시 (KR1),[26.07]F_I_BT깡_전환_블트깡출시_바이럴형_KR1_.배너_3040소비상황.스레드에계속떠서스레드템플릿.검증__김소희_260716_제과_김수정,57,1,1383.0,0
2026-07-17,[제과_블트하] 26.07_블트깡출시_수동_전환_image_전체타겟,3040대세감_블트깡출시 (KR1),[26.07]F_I_BT깡_전환_블트깡출시_바이럴형_KR1_.배너_3040소비상황.남편안주로샀다가.검증__김소희_260716_제과_김수정,220,6,5385.0,3
2026-07-17,[제과_블트하] 26.07_블트깡출시_수동_전환_image_전체타겟,3040대세감_블트깡출시 (KR1),[26.07]F_I_BT깡_전환_블트깡출시_바이럴형_KR1_.배너_3040소비상황.스레드에서난리난.검증__김소희_260716_제과_김수정,763,32,23029.0,5
2026-07-17,(마스터ASC)[제과_블트하] 26.07_블트깡출시_ASC_전환_image,(마스터ASC)[제과_블트하] 26.07_블트깡출시_ASC_전환_image,[26.07]F_I_BT깡_전환_블트깡출시_바이럴형_KR1_.배너_3040소비상황.맘카페가족간식추천템.검증__김소희_260716_제과_김수정,1017,37,24400.0,6
2026-07-17,(마스터ASC)[제과_블트하] 26.07_블트깡출시_ASC_전환_image,(마스터ASC)[제과_블트하] 26.07_블트깡출시_ASC_전환_image,[26.07]F_I_BT깡_전환_블트깡출시_바이럴형_KR1_.배너_3040소비상황.주말넷플릭스.검증__김소희_260716_제과_김수정,807,9,11673.0,1
2026-07-17,[제과_블트하] 26.07_블트깡출시_수동_전환_image_전체타겟,3040대세감_블트깡출시 (KR1),[26.07]F_I_BT깡_전환_블트깡출시_바이럴형_KR1_.배너_맘카페.맘카페입난리솔직후기.확장__김소희_260716_제과_김수정,31,1,1407.0,0
2026-07-17,[제과_블트하] 26.07_블트깡출시_수동_전환_image_전체타겟,3040대세감_블트깡출시 (KR1),[26.07]F_I_BT깡_전환_블트깡출시_바이럴형_KR1_.배너_3040소비상황.맘카페가족간식추천템.검증__김소희_260716_제과_김수정,453,21,10655.0,1
2026-07-17,[제과_블트하] 26.07_블트깡출시_수동_전환_image_전체타겟,3040대세감_블트깡출시 (KR1),[26.07]F_I_BT깡_전환_블트깡출시_바이럴형_KR1_.배너_창고형마트.대란템.확장__김소희_260716_제과_김수정,176,9,4556.0,0
2026-07-17,(마스터ASC)[제과_블트하] 26.07_블트깡출시_ASC_전환_image,(마스터ASC)[제과_블트하] 26.07_블트깡출시_ASC_전환_image,[26.07]F_I_BT깡_전환_블트깡출시_바이럴형_KR1_.배너_3040소비상황.집들이안주로추천.검증__김소희_260716_제과_김수정,75,0,2183.0,0
2026-07-17,[제과_블트하] 26.07_블트깡출시_수동_전환_image_전체타겟,3040대세감_블트깡출시 (KR1),[26.07]F_I_BT깡_전환_블트깡출시_바이럴형_KR1_.배너_맘카페.맘카페창고형마트계인간사료.확장__김소희_260716_제과_김수정,19,1,399.0,0
2026-07-17,(마스터ASC)[제과_블트하] 26.07_블트깡출시_ASC_전환_image,(마스터ASC)[제과_블트하] 26.07_블트깡출시_ASC_전환_image,[26.07]F_I_BT깡_전환_블트깡출시_혜택강조형_KR1_.배너_동네맘카페.인생간식.확장__김소희_260716_제과_문다현,109,5,2351.0,1
2026-07-17,[제과_블트하] 26.07_블트깡출시_수동_전환_image_전체타겟,3040대세감_블트깡출시 (KR1),[26.07]F_I_BT깡_전환_블트깡출시_혜택강조형_KR1_.배너_동네맘카페.인생간식.확장__김소희_260716_제과_문다현,32,1,744.0,0
2026-07-17,(마스터ASC)[제과_블트하] 26.07_블트깡출시_ASC_전환_image,(마스터ASC)[제과_블트하] 26.07_블트깡출시_ASC_전환_image,[26.07]F_I_BT깡_전환_블트깡출시_혜택강조형_KR1_.배너_맘카페.드디어저희동네.야식순삭.확장__김소희_260716_제과_문다현,17,0,491.0,0
2026-07-17,(마스터ASC)[제과_블트하] 26.07_블트깡출시_ASC_전환_image,(마스터ASC)[제과_블트하] 26.07_블트깡출시_ASC_전환_image,[26.07]F_I_BT깡_전환_블트깡출시_혜택강조형_KR1_.배너_엄마들단톡방.애들재우고남편이랑1인1봉.확장__김소희_260716_제과_문다현,33,1,978.0,0
2026-07-17,(마스터ASC)[제과_블트하] 26.07_블트깡출시_ASC_전환_image,(마스터ASC)[제과_블트하] 26.07_블트깡출시_ASC_전환_image,[26.07]F_I_BT깡_전환_블트깡출시_혜택강조형_KR1_.배너_원산지표기.맘카페.육퇴.확장__김소희_260716_제과_문다현,750,15,14356.0,2
2026-07-18,(마스터ASC)[제과_콘스프맛 팝콘] 26.05_콘스프맛팝콘출시_ASC_전환_video,(마스터ASC)[콘스프맛 팝콘] 26.05_콘스프맛팝콘출시_ASC_전환_video,[26.06]F_V_PC콘_전환_팝콘더블특가_네고형_지인네고형.다이어트_var1.릴스_취식상황강조1.슬기.X_1P_최나영_260626_제과_문형민,42,1,720.0,0
2026-07-18,(마스터ASC)[제과_블트하] 26.07_블트깡출시_ASC_전환_video,(마스터ASC)[제과_블트하] 26.07_블트깡출시_ASC_전환_video,[26.07]F_V_BT깡_전환_블트깡출시_신규BP_브릭샌드BP.KR1_var4.릴스_두쫀쿠버터떡.X_2P_김소희_260715_제과_윤성미,1397,46,22616.0,3
2026-07-18,[제과_블트하] 26.07_블트깡출시_수동_전환_image_전체타겟,원산지권위추가건_블트깡출시 (KR2),[26.07]F_I_BT깡_전환_블트깡출시_혜택강조형_KR2_.배너_원산지권위.비싼거때려넣음.검증__김소희_260715_제과_김수정,707,19,18115.0,3
2026-07-18,[제과_블트하] 26.07_블트깡출시_수동_전환_video_전체타겟,에어프라이기BP_블트깡출시 (KR1),[26.07]F_V_BT깡_전환_블트깡출시_인물리뷰형_에어프라이기BP.KR1_main.릴스_메인.슬기.X_1P_최나영_260716_제과_피재은,16,0,304.0,0
2026-07-18,(마스터ASC)[제과_블트하] 26.07_블트깡출시_ASC_전환_video,(마스터ASC)[제과_블트하] 26.07_블트깡출시_ASC_전환_video,[26.07]F_V_BT깡_전환_블트깡출시_인물리뷰형_에어프라이기BP.KR1_var1.릴스_조합.슬기.X_1P_최나영_260716_제과_피재은,22,0,333.0,0
2026-07-18,(마스터ASC)[제과_블트하] 26.07_블트깡출시_ASC_전환_video,(마스터ASC)[제과_블트하] 26.07_블트깡출시_ASC_전환_video,[26.07]F_V_BT깡_전환_블트깡출시_인물리뷰형_에어프라이기BP.KR1_main.릴스_메인.슬기.X_1P_최나영_260716_제과_피재은,4,0,16.0,0
2026-07-18,(마스터ASC)[제과_블트하] 26.07_블트깡출시_ASC_전환_video,(마스터ASC)[제과_블트하] 26.07_블트깡출시_ASC_전환_video,[26.07]F_V_BT깡_전환_블트깡출시_인물리뷰형_에어프라이기BP.KR1_var2.릴스_원물.슬기.X_1P_최나영_260716_제과_피재은,8,0,114.0,1
2026-07-18,[제과_블트하] 26.07_블트깡출시_수동_전환_video_전체타겟,에어프라이기BP_블트깡출시 (KR1),[26.07]F_V_BT깡_전환_블트깡출시_인물리뷰형_에어프라이기BP.KR1_var5.릴스_상황.슬기.X_1P_최나영_260716_제과_피재은,6523,189,137241.0,32
2026-07-18,(마스터ASC)[제과_블트하] 26.07_블트깡출시_ASC_전환_video,(마스터ASC)[제과_블트하] 26.07_블트깡출시_ASC_전환_video,[26.07]F_V_BT깡_전환_블트깡출시_인물리뷰형_에어프라이기BP.KR1_var4.릴스_맥주.슬기.X_1P_최나영_260716_제과_피재은,376,13,7780.0,3
2026-07-18,(마스터ASC)[제과_블트하] 26.07_블트깡출시_ASC_전환_video,(마스터ASC)[제과_블트하] 26.07_블트깡출시_ASC_전환_video,[26.07]F_V_BT깡_전환_블트깡출시_인물리뷰형_에어프라이기BP.KR1_var5.릴스_상황.슬기.X_1P_최나영_260716_제과_피재은,3477,68,60204.0,10
2026-07-18,(마스터ASC)[제과_블트하] 26.07_블트깡출시_ASC_전환_image,(마스터ASC)[제과_블트하] 26.07_블트깡출시_ASC_전환_image,[26.07]F_I_BT깡_전환_블트깡출시_바이럴형_KR1_.배너_3040소비상황.스레드에서난리난.검증__김소희_260716_제과_김수정,5,0,47.0,0
2026-07-18,(마스터ASC)[제과_블트하] 26.07_블트깡출시_ASC_전환_image,(마스터ASC)[제과_블트하] 26.07_블트깡출시_ASC_전환_image,[26.07]F_I_BT깡_전환_블트깡출시_바이럴형_KR1_.배너_3040소비상황.스레드에계속떠서스레드템플릿.검증__김소희_260716_제과_김수정,1,0,2.0,0
2026-07-18,[제과_블트하] 26.07_블트깡출시_수동_전환_image_전체타겟,3040대세감_블트깡출시 (KR1),[26.07]F_I_BT깡_전환_블트깡출시_혜택강조형_KR1_.배너_엄마들단톡방.애들재우고남편이랑1인1봉.확장__김소희_260716_제과_문다현,9,0,376.0,0
2026-07-18,[제과_블트하] 26.07_블트깡출시_수동_전환_image_전체타겟,3040대세감_블트깡출시 (KR1),[26.07]F_I_BT깡_전환_블트깡출시_혜택강조형_KR1_.배너_원산지표기.맘카페.육퇴.확장__김소희_260716_제과_문다현,154,6,2730.0,2
2026-07-18,[제과_블트하] 26.07_블트깡출시_수동_전환_image_전체타겟,3040대세감_블트깡출시 (KR1),[26.07]F_I_BT깡_전환_블트깡출시_혜택강조형_KR1_.배너_맘카페.드디어저희동네.야식순삭.확장__김소희_260716_제과_문다현,82,1,1934.0,0
2026-07-18,[제과_블트하] 26.07_블트깡출시_수동_전환_image_전체타겟,3040대세감_블트깡출시 (KR1),[26.07]F_I_BT깡_전환_블트깡출시_바이럴형_KR1_.배너_3040소비상황.스레드에계속떠서스레드템플릿.검증__김소희_260716_제과_김수정,50,1,820.0,0
2026-07-18,[제과_블트하] 26.07_블트깡출시_수동_전환_image_전체타겟,3040대세감_블트깡출시 (KR1),[26.07]F_I_BT깡_전환_블트깡출시_바이럴형_KR1_.배너_3040소비상황.남편안주로샀다가.검증__김소희_260716_제과_김수정,194,3,4341.0,1
2026-07-18,[제과_블트하] 26.07_블트깡출시_수동_전환_image_전체타겟,3040대세감_블트깡출시 (KR1),[26.07]F_I_BT깡_전환_블트깡출시_바이럴형_KR1_.배너_3040소비상황.스레드에서난리난.검증__김소희_260716_제과_김수정,2499,55,57784.0,12
2026-07-18,(마스터ASC)[제과_블트하] 26.07_블트깡출시_ASC_전환_image,(마스터ASC)[제과_블트하] 26.07_블트깡출시_ASC_전환_image,[26.07]F_I_BT깡_전환_블트깡출시_바이럴형_KR1_.배너_3040소비상황.맘카페가족간식추천템.검증__김소희_260716_제과_김수정,308,13,6969.0,2
2026-07-18,[제과_블트하] 26.07_블트깡출시_수동_전환_image_전체타겟,3040대세감_블트깡출시 (KR1),[26.07]F_I_BT깡_전환_블트깡출시_바이럴형_KR1_.배너_맘카페.맘카페입난리솔직후기.확장__김소희_260716_제과_김수정,6,1,210.0,0
2026-07-18,[제과_블트하] 26.07_블트깡출시_수동_전환_image_전체타겟,3040대세감_블트깡출시 (KR1),[26.07]F_I_BT깡_전환_블트깡출시_바이럴형_KR1_.배너_창고형마트.대란템.확장__김소희_260716_제과_김수정,229,10,6843.0,2
2026-07-18,(마스터ASC)[제과_블트하] 26.07_블트깡출시_ASC_전환_image,(마스터ASC)[제과_블트하] 26.07_블트깡출시_ASC_전환_image,[26.07]F_I_BT깡_전환_블트깡출시_바이럴형_KR1_.배너_3040소비상황.집들이안주로추천.검증__김소희_260716_제과_김수정,19,1,383.0,0
2026-07-18,[제과_블트하] 26.07_블트깡출시_수동_전환_image_전체타겟,3040대세감_블트깡출시 (KR1),[26.07]F_I_BT깡_전환_블트깡출시_바이럴형_KR1_.배너_맘카페.맘카페창고형마트계인간사료.확장__김소희_260716_제과_김수정,5,0,105.0,0
2026-07-18,(마스터ASC)[제과_블트하] 26.07_블트깡출시_ASC_전환_image,(마스터ASC)[제과_블트하] 26.07_블트깡출시_ASC_전환_image,[26.07]F_I_BT깡_전환_블트깡출시_혜택강조형_KR1_.배너_동네맘카페.인생간식.확장__김소희_260716_제과_문다현,33,5,828.0,1
2026-07-18,[제과_블트하] 26.07_블트깡출시_수동_전환_image_전체타겟,3040대세감_블트깡출시 (KR1),[26.07]F_I_BT깡_전환_블트깡출시_혜택강조형_KR1_.배너_동네맘카페.인생간식.확장__김소희_260716_제과_문다현,14,0,250.0,0
2026-07-18,(마스터ASC)[제과_블트하] 26.07_블트깡출시_ASC_전환_image,(마스터ASC)[제과_블트하] 26.07_블트깡출시_ASC_전환_image,[26.07]F_I_BT깡_전환_블트깡출시_혜택강조형_KR1_.배너_엄마들단톡방.애들재우고남편이랑1인1봉.확장__김소희_260716_제과_문다현,11,0,319.0,0
2026-07-19,(마스터ASC)[제과_콘스프맛 팝콘] 26.05_콘스프맛팝콘출시_ASC_전환_video,(마스터ASC)[콘스프맛 팝콘] 26.05_콘스프맛팝콘출시_ASC_전환_video,[26.06]F_V_PC콘_전환_팝콘더블특가_네고형_지인네고형.다이어트_var1.릴스_취식상황강조1.슬기.X_1P_최나영_260626_제과_문형민,6,0,28.0,0
2026-07-19,(마스터ASC)[제과_블트하] 26.07_블트깡출시_ASC_전환_video,(마스터ASC)[제과_블트하] 26.07_블트깡출시_ASC_전환_video,[26.07]F_V_BT깡_전환_블트깡출시_신규BP_브릭샌드BP.KR1_var4.릴스_두쫀쿠버터떡.X_2P_김소희_260715_제과_윤성미,669,34,12122.0,4
2026-07-19,[제과_블트하] 26.07_블트깡출시_수동_전환_image_전체타겟,원산지권위추가건_블트깡출시 (KR2),[26.07]F_I_BT깡_전환_블트깡출시_혜택강조형_KR2_.배너_원산지권위.비싼거때려넣음.검증__김소희_260715_제과_김수정,3619,137,90862.0,25
2026-07-19,[제과_블트하] 26.07_블트깡출시_수동_전환_video_전체타겟,에어프라이기BP_블트깡출시 (KR1),[26.07]F_V_BT깡_전환_블트깡출시_인물리뷰형_에어프라이기BP.KR1_var5.릴스_상황.슬기.X_1P_최나영_260716_제과_피재은,475,17,11151.0,2
2026-07-19,(마스터ASC)[제과_블트하] 26.07_블트깡출시_ASC_전환_video,(마스터ASC)[제과_블트하] 26.07_블트깡출시_ASC_전환_video,[26.07]F_V_BT깡_전환_블트깡출시_인물리뷰형_에어프라이기BP.KR1_var4.릴스_맥주.슬기.X_1P_최나영_260716_제과_피재은,64,1,1578.0,1
2026-07-19,[제과_블트하] 26.07_블트깡출시_수동_전환_image_전체타겟,3040대세감_블트깡출시 (KR1),[26.07]F_I_BT깡_전환_블트깡출시_혜택강조형_KR1_.배너_원산지표기.맘카페.육퇴.확장__김소희_260716_제과_문다현,38,2,548.0,0
2026-07-19,[제과_블트하] 26.07_블트깡출시_수동_전환_image_전체타겟,3040대세감_블트깡출시 (KR1),[26.07]F_I_BT깡_전환_블트깡출시_혜택강조형_KR1_.배너_맘카페.드디어저희동네.야식순삭.확장__김소희_260716_제과_문다현,294,9,5106.0,2
2026-07-19,[제과_블트하] 26.07_블트깡출시_수동_전환_image_전체타겟,3040대세감_블트깡출시 (KR1),[26.07]F_I_BT깡_전환_블트깡출시_바이럴형_KR1_.배너_3040소비상황.스레드에계속떠서스레드템플릿.검증__김소희_260716_제과_김수정,5,1,62.0,0
2026-07-19,[제과_블트하] 26.07_블트깡출시_수동_전환_image_전체타겟,3040대세감_블트깡출시 (KR1),[26.07]F_I_BT깡_전환_블트깡출시_바이럴형_KR1_.배너_3040소비상황.남편안주로샀다가.검증__김소희_260716_제과_김수정,119,5,1684.0,0
2026-07-19,[제과_블트하] 26.07_블트깡출시_수동_전환_image_전체타겟,3040대세감_블트깡출시 (KR1),[26.07]F_I_BT깡_전환_블트깡출시_바이럴형_KR1_.배너_3040소비상황.스레드에서난리난.검증__김소희_260716_제과_김수정,1288,36,20695.0,4
2026-07-19,(마스터ASC)[제과_블트하] 26.07_블트깡출시_ASC_전환_image,(마스터ASC)[제과_블트하] 26.07_블트깡출시_ASC_전환_image,[26.07]F_I_BT깡_전환_블트깡출시_바이럴형_KR1_.배너_3040소비상황.맘카페가족간식추천템.검증__김소희_260716_제과_김수정,495,19,9254.0,0
2026-07-19,[제과_블트하] 26.07_블트깡출시_수동_전환_image_전체타겟,3040대세감_블트깡출시 (KR1),[26.07]F_I_BT깡_전환_블트깡출시_바이럴형_KR1_.배너_맘카페.맘카페입난리솔직후기.확장__김소희_260716_제과_김수정,1,0,4.0,0
2026-07-19,[제과_블트하] 26.07_블트깡출시_수동_전환_image_전체타겟,3040대세감_블트깡출시 (KR1),[26.07]F_I_BT깡_전환_블트깡출시_바이럴형_KR1_.배너_창고형마트.대란템.확장__김소희_260716_제과_김수정,234,10,6095.0,1
2026-07-19,(마스터ASC)[제과_블트하] 26.07_블트깡출시_ASC_전환_image,(마스터ASC)[제과_블트하] 26.07_블트깡출시_ASC_전환_image,[26.07]F_I_BT깡_전환_블트깡출시_바이럴형_KR1_.배너_3040소비상황.집들이안주로추천.검증__김소희_260716_제과_김수정,12,0,143.0,0
2026-07-19,(마스터ASC)[제과_블트하] 26.07_블트깡출시_ASC_전환_image,(마스터ASC)[제과_블트하] 26.07_블트깡출시_ASC_전환_image,[26.07]F_I_BT깡_전환_블트깡출시_혜택강조형_KR1_.배너_동네맘카페.인생간식.확장__김소희_260716_제과_문다현,12,0,211.0,0
2026-07-19,(마스터ASC)[제과_블트하] 26.07_블트깡출시_ASC_전환_image,(마스터ASC)[제과_블트하] 26.07_블트깡출시_ASC_전환_image,[26.07]F_I_BT깡_전환_블트깡출시_혜택강조형_KR1_.배너_맘카페.드디어저희동네.야식순삭.확장__김소희_260716_제과_문다현,20,0,425.0,0
2026-07-16,[제과_단백질 쉐이크] 26.06_단백질쉐이크출시_ASC_전환_video,[제과_단백질 쉐이크] 26.06_단백질쉐이크출시_ASC_전환_video,[26.07]F_V_SK혼_전환_단백질쉐이크출시_신규BP_고객검증형_main.릴스_직접문의.혜택변경.(재)_2P_이유빈_260707_제과_윤성미,1945,43,24581.0,3
2026-07-16,[제과_단백질 쉐이크] 26.06_단백질쉐이크출시_수동_전환_video,문제공감형_0710,[26.07]F_V_SK혼_전환_단백질쉐이크출시_신규BP_문제공감형.파우치.개당가강조_var6.릴스_소분비교강조.X_2P_이유빈_260710_제과_이봄1,343,14,6873.0,0
2026-07-16,(마스터2) [제과_단백질 쉐이크] 26.07_단백질쉐이크출시_ASC_전환_image,(마스터2) [제과_단백질 쉐이크] 26.07_단백질쉐이크출시_ASC_전환_image,[26.07]F_I_SK초_전환_단백질쉐이크출시_혜택강조형_올영최저가비교_.배너_핑크박스.네고형.수량소진시정상가.확장__이유빈_260714_제과_문다현,32,0,469.0,0
2026-07-16,(마스터2) [제과_단백질 쉐이크] 26.07_단백질쉐이크출시_ASC_전환_image,(마스터2) [제과_단백질 쉐이크] 26.07_단백질쉐이크출시_ASC_전환_image,[26.07]F_I_SK혼_전환_단백질쉐이크출시_혜택강조형_올영최저가비교_.배너_올영보다쌀때쟁이세요.네고형.팝콘.확장__이유빈_260714_제과_문다현,40,2,816.0,0
2026-07-16,(마스터2) [제과_단백질 쉐이크] 26.07_단백질쉐이크출시_ASC_전환_image,(마스터2) [제과_단백질 쉐이크] 26.07_단백질쉐이크출시_ASC_전환_image,[26.07]F_I_SK혼_전환_단백질쉐이크출시_혜택강조형_올영최저가비교_.배너_안사고버티길잘했다.네고형.확장__이유빈_260714_제과_문다현,4,0,60.0,0
2026-07-16,(마스터2) [제과_단백질 쉐이크] 26.07_단백질쉐이크출시_ASC_전환_image,(마스터2) [제과_단백질 쉐이크] 26.07_단백질쉐이크출시_ASC_전환_image,[26.07]F_I_SK혼_전환_단백질쉐이크출시_혜택강조형_올영최저가비교_.배너_네컷.네고형.확장__이유빈_260714_제과_문다현,360,4,5087.0,0
2026-07-16,(마스터2) [제과_단백질 쉐이크] 26.07_단백질쉐이크출시_ASC_전환_image,(마스터2) [제과_단백질 쉐이크] 26.07_단백질쉐이크출시_ASC_전환_image,[26.07]F_I_SK혼_전환_단백질쉐이크출시_혜택강조형_올영최저가비교_.배너_이제다른데서비싸게사지마세요.네고형.확장__이유빈_260714_제과_문다현,391,4,5644.0,0
2026-07-16,(마스터ASC)[제과_블트하] 26.07_블트깡출시_ASC_전환_video,(마스터ASC)[제과_블트하] 26.07_블트깡출시_ASC_전환_video,[26.07]F_V_BT깡_전환_블트깡출시_쩜오건_리액션과장.KR1_var5.릴스_출시.맛후킹.X_1P_김소희_260715_제과_문형민,10592,270,133023.0,26
2026-07-16,(마스터ASC)[제과_블트하] 26.07_블트깡출시_ASC_전환_image,(마스터ASC)[제과_블트하] 26.07_블트깡출시_ASC_전환_image,[26.07]F_I_BT깡_전환_블트깡출시_혜택강조형_혜택강조형_.배너_비싼이탈리아블랙트러플.검증__김소희_260715_제과_박서연,24,0,576.0,0
2026-07-16,[제과_블트하] 26.07_블트깡출시_수동_전환_image_전체타겟,판매량/화제_블트깡출시 (KR1),[26.07]F_I_BT깡_전환_블트깡출시_바이럴형_KR1_.배너_유행.안먹은사람은있어도.검증__김소희_260715_제과_김수정,295,5,9733.0,0
2026-07-16,(마스터ASC)[제과_블트하] 26.07_블트깡출시_ASC_전환_image,(마스터ASC)[제과_블트하] 26.07_블트깡출시_ASC_전환_image,[26.07]F_I_BT깡_전환_블트깡출시_바이럴형_KR1_.배너_유행.안먹은사람은있어도.검증__김소희_260715_제과_김수정,83,3,3246.0,0
2026-07-16,[제과_블트하] 26.07_블트깡출시_수동_전환_image_전체타겟,판매량/화제_블트깡출시 (KR1),[26.07]F_I_BT깡_전환_블트깡출시_매거진형_KR1_.배너_판매량.한봉지사겠다고.검증__김소희_260715_제과_김수정,843,13,14572.0,2
2026-07-16,[제과_블트하] 26.07_블트깡출시_수동_전환_image_전체타겟,판매량/화제_블트깡출시 (KR1),[26.07]F_I_BT깡_전환_블트깡출시_매거진형_KR1_.배너_판매량.리셀대란.검증__김소희_260715_제과_김수정,864,24,17757.0,3
2026-07-16,(마스터ASC)[제과_블트하] 26.07_블트깡출시_ASC_전환_image,(마스터ASC)[제과_블트하] 26.07_블트깡출시_ASC_전환_image,[26.07]F_I_BT깡_전환_블트깡출시_매거진형_KR1_.배너_유행.와인맥주안주로알고리즘탄.검증__김소희_260715_제과_김수정,168,0,2567.0,0
2026-07-16,(마스터ASC)[제과_블트하] 26.07_블트깡출시_ASC_전환_image,(마스터ASC)[제과_블트하] 26.07_블트깡출시_ASC_전환_image,[26.07]F_I_BT깡_전환_블트깡출시_바이럴형_KR1_.배너_일반특정집단.안주좀먹어봤다면.검증__김소희_260715_제과_김수정,79,4,1052.0,0
2026-07-16,(마스터ASC)[제과_블트하] 26.07_블트깡출시_ASC_전환_image,(마스터ASC)[제과_블트하] 26.07_블트깡출시_ASC_전환_image,[26.07]F_I_BT깡_전환_블트깡출시_바이럴형_KR1_.배너_일반특정집단.맘카페에서입소문시작.검증__김소희_260715_제과_김수정,2822,76,43066.0,5
2026-07-16,(마스터2) [제과_단백질 쉐이크] 26.07_단백질쉐이크출시_ASC_전환_image,(마스터2) [제과_단백질 쉐이크] 26.07_단백질쉐이크출시_ASC_전환_image,[26.07]F_I_SK초_전환_단백질쉐이크출시_혜택강조형_올영최저가비교_.배너_매번소분하기무겁고.커다란대용량그만.확장__이유빈_260715_제과_문다현,361,10,10281.0,1
2026-07-16,(마스터ASC)[제과_블트하] 26.07_블트깡출시_ASC_전환_image,(마스터ASC)[제과_블트하] 26.07_블트깡출시_ASC_전환_image,[26.07]F_I_BT깡_전환_블트깡출시_혜택강조형_KR2_.배너_원산지권위.비싼거때려넣음.검증__김소희_260715_제과_김수정,253,5,7924.0,1
2026-07-16,(마스터ASC)[제과_블트하] 26.07_블트깡출시_ASC_전환_image,(마스터ASC)[제과_블트하] 26.07_블트깡출시_ASC_전환_image,[26.07]F_I_BT깡_전환_블트깡출시_혜택강조형_KR2_.배너_원산지권위.에르메스급.검증__김소희_260715_제과_김수정,972,22,18835.0,3
2026-07-16,[제과_블트하] 26.07_블트깡출시_수동_전환_image_전체타겟,원산지권위추가건_블트깡출시 (KR2),[26.07]F_I_BT깡_전환_블트깡출시_혜택강조형_KR2_.배너_원산지권위.에르메스급.검증__김소희_260715_제과_김수정,789,22,17735.0,8
2026-07-16,[제과_블트하] 26.07_블트깡출시_수동_전환_image_전체타겟,원산지권위추가건_블트깡출시 (KR2),[26.07]F_I_BT깡_전환_블트깡출시_혜택강조형_KR2_.배너_원산지권위.마진포기.검증__김소희_260715_제과_김수정,405,7,6190.0,0
2026-07-16,(마스터ASC)[제과_블트하] 26.07_블트깡출시_ASC_전환_image,(마스터ASC)[제과_블트하] 26.07_블트깡출시_ASC_전환_image,[26.07]F_I_BT깡_전환_블트깡출시_혜택강조형_KR2_.배너_원산지권위.다시는없어요.검증__김소희_260715_제과_김수정,41,0,1241.0,0
2026-07-16,(마스터ASC)[제과_블트하] 26.07_블트깡출시_ASC_전환_image,(마스터ASC)[제과_블트하] 26.07_블트깡출시_ASC_전환_image,[26.07]F_I_BT깡_전환_블트깡출시_혜택강조형_KR2_.배너_원산지권위.원가진짜비싸다는.검증__김소희_260715_제과_김수정,67,1,1618.0,0
2026-07-16,[제과_블트하] 26.07_블트깡출시_수동_전환_image_전체타겟,원산지권위추가건_블트깡출시 (KR2),[26.07]F_I_BT깡_전환_블트깡출시_혜택강조형_KR2_.배너_원산지권위.원가진짜비싸다는.검증__김소희_260715_제과_김수정,166,2,4398.0,0
2026-07-16,[제과_블트하] 26.07_블트깡출시_수동_전환_image_전체타겟,원산지권위추가건_블트깡출시 (KR2),[26.07]F_I_BT깡_전환_블트깡출시_혜택강조형_KR2_.배너_원산지권위.세계4대진미.검증__김소희_260715_제과_김수정,841,22,17477.0,2
2026-07-16,[제과_블트하] 26.07_블트깡출시_수동_전환_image_전체타겟,원산지권위추가건_블트깡출시 (KR2),[26.07]F_I_BT깡_전환_블트깡출시_혜택강조형_KR2_.배너_원산지권위.다시는없어요.검증__김소희_260715_제과_김수정,160,7,5545.0,2
2026-07-16,(마스터ASC)[제과_블트하] 26.07_블트깡출시_ASC_전환_image,(마스터ASC)[제과_블트하] 26.07_블트깡출시_ASC_전환_image,[26.07]F_I_BT깡_전환_블트깡출시_혜택강조형_KR2_.배너_원산지권위.특가기간조정.검증__김소희_260715_제과_김수정,464,20,10153.0,1
2026-07-16,(마스터ASC)[제과_블트하] 26.07_블트깡출시_ASC_전환_image,(마스터ASC)[제과_블트하] 26.07_블트깡출시_ASC_전환_image,[26.07]F_I_BT깡_전환_블트깡출시_혜택강조형_KR2_.배너_원산지권위.1키로에수백만.검증__김소희_260715_제과_김수정,74,0,1585.0,0
2026-07-16,[제과_블트하] 26.07_블트깡출시_수동_전환_image_전체타겟,원산지권위추가건_블트깡출시 (KR2),[26.07]F_I_BT깡_전환_블트깡출시_혜택강조형_KR2_.배너_원산지권위.1키로에수백만.검증__김소희_260715_제과_김수정,232,3,5779.0,0
2026-07-17,[제과_단백질 쉐이크] 26.06_단백질쉐이크출시_ASC_전환_video,[제과_단백질 쉐이크] 26.06_단백질쉐이크출시_ASC_전환_video,[26.07]F_V_SK혼_전환_단백질쉐이크출시_신규BP_고객검증형_main.릴스_직접문의.혜택변경.(재)_2P_이유빈_260707_제과_윤성미,1062,39,13655.0,3
2026-07-17,[제과_단백질 쉐이크] 26.06_단백질쉐이크출시_수동_전환_video,문제공감형_0710,[26.07]F_V_SK혼_전환_단백질쉐이크출시_신규BP_문제공감형.파우치.개당가강조_var6.릴스_소분비교강조.X_2P_이유빈_260710_제과_이봄1,30,1,728.0,0
2026-07-17,(마스터2) [제과_단백질 쉐이크] 26.07_단백질쉐이크출시_ASC_전환_image,(마스터2) [제과_단백질 쉐이크] 26.07_단백질쉐이크출시_ASC_전환_image,[26.07]F_I_SK혼_전환_단백질쉐이크출시_혜택강조형_올영최저가비교_.배너_네컷.네고형.확장__이유빈_260714_제과_문다현,65,3,1479.0,0
2026-07-17,(마스터2) [제과_단백질 쉐이크] 26.07_단백질쉐이크출시_ASC_전환_image,(마스터2) [제과_단백질 쉐이크] 26.07_단백질쉐이크출시_ASC_전환_image,[26.07]F_I_SK혼_전환_단백질쉐이크출시_혜택강조형_올영최저가비교_.배너_이제다른데서비싸게사지마세요.네고형.확장__이유빈_260714_제과_문다현,23,0,644.0,0
2026-07-17,(마스터ASC)[제과_블트하] 26.07_블트깡출시_ASC_전환_video,(마스터ASC)[제과_블트하] 26.07_블트깡출시_ASC_전환_video,[26.07]F_V_BT깡_전환_블트깡출시_쩜오건_리액션과장.KR1_var5.릴스_출시.맛후킹.X_1P_김소희_260715_제과_문형민,22231,791,305336.0,97
2026-07-17,(마스터ASC)[제과_블트하] 26.07_블트깡출시_ASC_전환_image,(마스터ASC)[제과_블트하] 26.07_블트깡출시_ASC_전환_image,[26.07]F_I_BT깡_전환_블트깡출시_혜택강조형_혜택강조형_.배너_비싼이탈리아블랙트러플.검증__김소희_260715_제과_박서연,1,0,16.0,0
2026-07-17,(마스터ASC)[제과_블트하] 26.07_블트깡출시_ASC_전환_image,(마스터ASC)[제과_블트하] 26.07_블트깡출시_ASC_전환_image,[26.07]F_I_BT깡_전환_블트깡출시_바이럴형_KR1_.배너_유행.안먹은사람은있어도.검증__김소희_260715_제과_김수정,4,0,86.0,0
2026-07-17,[제과_블트하] 26.07_블트깡출시_수동_전환_image_전체타겟,판매량/화제_블트깡출시 (KR1),[26.07]F_I_BT깡_전환_블트깡출시_매거진형_KR1_.배너_판매량.리셀대란.검증__김소희_260715_제과_김수정,616,15,12255.0,2
2026-07-17,(마스터ASC)[제과_블트하] 26.07_블트깡출시_ASC_전환_image,(마스터ASC)[제과_블트하] 26.07_블트깡출시_ASC_전환_image,[26.07]F_I_BT깡_전환_블트깡출시_매거진형_KR1_.배너_유행.와인맥주안주로알고리즘탄.검증__김소희_260715_제과_김수정,83,3,1611.0,0
2026-07-17,[제과_블트하] 26.07_블트깡출시_수동_전환_image_전체타겟,원산지권위추가건_블트깡출시 (KR2),[26.07]F_I_BT깡_전환_블트깡출시_혜택강조형_KR2_.배너_원산지권위.에르메스급.검증__김소희_260715_제과_김수정,937,25,18336.0,2
2026-07-17,[제과_블트하] 26.07_블트깡출시_수동_전환_image_전체타겟,원산지권위추가건_블트깡출시 (KR2),[26.07]F_I_BT깡_전환_블트깡출시_혜택강조형_KR2_.배너_원산지권위.원가진짜비싸다는.검증__김소희_260715_제과_김수정,2,0,109.0,0
2026-07-17,[제과_블트하] 26.07_블트깡출시_수동_전환_image_전체타겟,원산지권위추가건_블트깡출시 (KR2),[26.07]F_I_BT깡_전환_블트깡출시_혜택강조형_KR2_.배너_원산지권위.다시는없어요.검증__김소희_260715_제과_김수정,77,2,2654.0,1
2026-07-17,(마스터ASC)[제과_블트하] 26.07_블트깡출시_ASC_전환_image,(마스터ASC)[제과_블트하] 26.07_블트깡출시_ASC_전환_image,[26.07]F_I_BT깡_전환_블트깡출시_혜택강조형_KR2_.배너_원산지권위.1키로에수백만.검증__김소희_260715_제과_김수정,9,1,132.0,0
2026-07-17,[제과_블트하] 26.07_블트깡출시_수동_전환_image_전체타겟,원산지권위추가건_블트깡출시 (KR2),[26.07]F_I_BT깡_전환_블트깡출시_혜택강조형_KR2_.배너_원산지권위.1키로에수백만.검증__김소희_260715_제과_김수정,2,0,24.0,0
2026-07-18,[제과_단백질 쉐이크] 26.06_단백질쉐이크출시_ASC_전환_video,[제과_단백질 쉐이크] 26.06_단백질쉐이크출시_ASC_전환_video,[26.07]F_V_SK혼_전환_단백질쉐이크출시_신규BP_고객검증형_main.릴스_직접문의.혜택변경.(재)_2P_이유빈_260707_제과_윤성미,286,6,2976.0,0
2026-07-18,(마스터2) [제과_단백질 쉐이크] 26.07_단백질쉐이크출시_ASC_전환_image,(마스터2) [제과_단백질 쉐이크] 26.07_단백질쉐이크출시_ASC_전환_image,[26.07]F_I_SK혼_전환_단백질쉐이크출시_혜택강조형_올영최저가비교_.배너_네컷.네고형.확장__이유빈_260714_제과_문다현,339,10,6312.0,1
2026-07-18,(마스터2) [제과_단백질 쉐이크] 26.07_단백질쉐이크출시_ASC_전환_image,(마스터2) [제과_단백질 쉐이크] 26.07_단백질쉐이크출시_ASC_전환_image,[26.07]F_I_SK혼_전환_단백질쉐이크출시_혜택강조형_올영최저가비교_.배너_이제다른데서비싸게사지마세요.네고형.확장__이유빈_260714_제과_문다현,9,0,107.0,0
2026-07-18,(마스터ASC)[제과_블트하] 26.07_블트깡출시_ASC_전환_video,(마스터ASC)[제과_블트하] 26.07_블트깡출시_ASC_전환_video,[26.07]F_V_BT깡_전환_블트깡출시_쩜오건_리액션과장.KR1_var5.릴스_출시.맛후킹.X_1P_김소희_260715_제과_문형민,936,24,14089.0,4
2026-07-18,(마스터ASC)[제과_블트하] 26.07_블트깡출시_ASC_전환_image,(마스터ASC)[제과_블트하] 26.07_블트깡출시_ASC_전환_image,[26.07]F_I_BT깡_전환_블트깡출시_매거진형_KR1_.배너_유행.와인맥주안주로알고리즘탄.검증__김소희_260715_제과_김수정,2,0,32.0,0
2026-07-18,[제과_블트하] 26.07_블트깡출시_수동_전환_image_전체타겟,원산지권위추가건_블트깡출시 (KR2),[26.07]F_I_BT깡_전환_블트깡출시_혜택강조형_KR2_.배너_원산지권위.에르메스급.검증__김소희_260715_제과_김수정,137,5,2258.0,3
2026-07-18,[제과_블트하] 26.07_블트깡출시_수동_전환_image_전체타겟,원산지권위추가건_블트깡출시 (KR2),[26.07]F_I_BT깡_전환_블트깡출시_혜택강조형_KR2_.배너_원산지권위.다시는없어요.검증__김소희_260715_제과_김수정,36,1,781.0,0
2026-07-19,[제과_단백질 쉐이크] 26.06_단백질쉐이크출시_ASC_전환_video,[제과_단백질 쉐이크] 26.06_단백질쉐이크출시_ASC_전환_video,[26.07]F_V_SK혼_전환_단백질쉐이크출시_신규BP_고객검증형_main.릴스_직접문의.혜택변경.(재)_2P_이유빈_260707_제과_윤성미,5349,230,59550.0,7
2026-07-19,(마스터2) [제과_단백질 쉐이크] 26.07_단백질쉐이크출시_ASC_전환_image,(마스터2) [제과_단백질 쉐이크] 26.07_단백질쉐이크출시_ASC_전환_image,[26.07]F_I_SK혼_전환_단백질쉐이크출시_혜택강조형_올영최저가비교_.배너_올영보다쌀때쟁이세요.네고형.팝콘.확장__이유빈_260714_제과_문다현,1,0,2.0,0
2026-07-19,(마스터2) [제과_단백질 쉐이크] 26.07_단백질쉐이크출시_ASC_전환_image,(마스터2) [제과_단백질 쉐이크] 26.07_단백질쉐이크출시_ASC_전환_image,[26.07]F_I_SK혼_전환_단백질쉐이크출시_혜택강조형_올영최저가비교_.배너_네컷.네고형.확장__이유빈_260714_제과_문다현,1239,29,22806.0,1
2026-07-19,(마스터2) [제과_단백질 쉐이크] 26.07_단백질쉐이크출시_ASC_전환_image,(마스터2) [제과_단백질 쉐이크] 26.07_단백질쉐이크출시_ASC_전환_image,[26.07]F_I_SK혼_전환_단백질쉐이크출시_혜택강조형_올영최저가비교_.배너_이제다른데서비싸게사지마세요.네고형.확장__이유빈_260714_제과_문다현,16,0,236.0,0
2026-07-19,(마스터ASC)[제과_블트하] 26.07_블트깡출시_ASC_전환_image,(마스터ASC)[제과_블트하] 26.07_블트깡출시_ASC_전환_image,[26.07]F_I_BT깡_전환_블트깡출시_혜택강조형_혜택강조형_.배너_비싼이탈리아블랙트러플.검증__김소희_260715_제과_박서연,39,2,1709.0,0
2026-07-19,(마스터ASC)[제과_블트하] 26.07_블트깡출시_ASC_전환_image,(마스터ASC)[제과_블트하] 26.07_블트깡출시_ASC_전환_image,[26.07]F_I_BT깡_전환_블트깡출시_바이럴형_KR1_.배너_유행.안먹은사람은있어도.검증__김소희_260715_제과_김수정,1,0,25.0,0
2026-07-19,(마스터ASC)[제과_블트하] 26.07_블트깡출시_ASC_전환_image,(마스터ASC)[제과_블트하] 26.07_블트깡출시_ASC_전환_image,[26.07]F_I_BT깡_전환_블트깡출시_매거진형_KR1_.배너_유행.와인맥주안주로알고리즘탄.검증__김소희_260715_제과_김수정,45,2,815.0,0
2026-07-19,[제과_블트하] 26.07_블트깡출시_수동_전환_image_전체타겟,원산지권위추가건_블트깡출시 (KR2),[26.07]F_I_BT깡_전환_블트깡출시_혜택강조형_KR2_.배너_원산지권위.에르메스급.검증__김소희_260715_제과_김수정,63,1,1581.0,0
2026-07-19,(마스터ASC)[제과_블트하] 26.07_블트깡출시_ASC_전환_image,(마스터ASC)[제과_블트하] 26.07_블트깡출시_ASC_전환_image,[26.07]F_I_BT깡_전환_블트깡출시_혜택강조형_KR2_.배너_원산지권위.다시는없어요.검증__김소희_260715_제과_김수정,1,0,2.0,0
2026-07-19,[제과_블트하] 26.07_블트깡출시_수동_전환_image_전체타겟,원산지권위추가건_블트깡출시 (KR2),[26.07]F_I_BT깡_전환_블트깡출시_혜택강조형_KR2_.배너_원산지권위.원가진짜비싸다는.검증__김소희_260715_제과_김수정,2,0,70.0,0
2026-07-19,[제과_블트하] 26.07_블트깡출시_수동_전환_image_전체타겟,원산지권위추가건_블트깡출시 (KR2),[26.07]F_I_BT깡_전환_블트깡출시_혜택강조형_KR2_.배너_원산지권위.다시는없어요.검증__김소희_260715_제과_김수정,38,3,1342.0,0
2026-07-16,[제과_블트하] 26.07_블트깡출시_수동_전환_video_전체타겟,미틀리에BP_블트깡출시 (KR2),[26.07]F_V_BT깡_전환_블트깡출시_원가강조형_미틀리에BP.KR2_var2.릴스_맛.X_1P_최나영_260715_제과_강경연,11185,364,206201.0,33
2026-07-16,[제과_블트하] 26.07_블트깡출시_수동_전환_video_전체타겟,BP이식형2_블트깡출시 (KR1/2),[26.07]F_V_BT깡_전환_블트깡출시_쩜오건_대세감실체.KR1_var1.릴스_유명남돌라방.X_1P_김소희_260715_제과_문형민,41,1,570.0,0
2026-07-16,(마스터ASC)[제과_블트하] 26.07_블트깡출시_ASC_전환_video,(마스터ASC)[제과_블트하] 26.07_블트깡출시_ASC_전환_video,[26.07]F_V_BT깡_전환_블트깡출시_쩜오건_내돈내산리뷰.KR1_var2.릴스_SNS.X_1P_김소희_260715_제과_문형민,216,4,3175.0,1
2026-07-16,[제과_블트하] 26.07_블트깡출시_수동_전환_image_전체타겟,집단유행/유명인_블트깡출시 (KR1),[26.07]F_I_BT깡_전환_블트깡출시_바이럴형_KR1_.배너_일반특정집단.맘카페에서입소문시작.검증__김소희_260715_제과_김수정,18348,592,275962.0,58
2026-07-16,[제과_블트하] 26.07_블트깡출시_수동_전환_image_전체타겟,집단유행/유명인_블트깡출시 (KR1),[26.07]F_I_BT깡_전환_블트깡출시_매거진형_KR1_.배너_일반특정집단.3040사이에서.검증__김소희_260715_제과_김수정,11,0,379.0,0
2026-07-16,(마스터ASC)[제과_블트하] 26.07_블트깡출시_ASC_전환_image,(마스터ASC)[제과_블트하] 26.07_블트깡출시_ASC_전환_image,[26.07]F_I_BT깡_전환_블트깡출시_바이럴형_KR1_.배너_일반특정집단.고급진데가성비좋은와인안주.검증__김소희_260715_제과_김수정,17,0,266.0,0
2026-07-16,[제과_블트하] 26.07_블트깡출시_수동_전환_image_전체타겟,집단유행/유명인_블트깡출시 (KR1),[26.07]F_I_BT깡_전환_블트깡출시_바이럴형_KR1_.배너_연예인권위.맛잘알남돌.검증__김소희_260715_제과_김수정,6,0,66.0,0
2026-07-16,[제과_블트하] 26.07_블트깡출시_수동_전환_image_전체타겟,집단유행/유명인_블트깡출시 (KR1),[26.07]F_I_BT깡_전환_블트깡출시_바이럴형_KR1_.배너_일반특정집단.회사에서몰래먹다가.검증__김소희_260715_제과_김수정,1,0,5.0,0
2026-07-16,(마스터ASC)[제과_블트하] 26.07_블트깡출시_ASC_전환_image,(마스터ASC)[제과_블트하] 26.07_블트깡출시_ASC_전환_image,[26.07]F_I_BT깡_전환_블트깡출시_바이럴형_KR1_.배너_일반특정집단.맘카페추천템.검증__김소희_260715_제과_김수정,59,0,1217.0,0
2026-07-16,[제과_블트하] 26.07_블트깡출시_수동_전환_image_전체타겟,집단유행/유명인_블트깡출시 (KR1),[26.07]F_I_BT깡_전환_블트깡출시_바이럴형_KR1_.배너_연예인권위.과자안먹을것같은.검증__김소희_260715_제과_김수정,2,0,100.0,0
2026-07-16,[제과_블트하] 26.07_블트깡출시_수동_전환_image_전체타겟,집단유행/유명인_블트깡출시 (KR1),[26.07]F_I_BT깡_전환_블트깡출시_바이럴형_KR1_.배너_일반특정집단.고급진데가성비좋은와인안주.검증__김소희_260715_제과_김수정,6,1,176.0,0
2026-07-16,[제과_블트하] 26.07_블트깡출시_수동_전환_image_전체타겟,집단유행/유명인_블트깡출시 (KR1),[26.07]F_I_BT깡_전환_블트깡출시_바이럴형_KR1_.배너_일반특정집단.안주좀먹어봤다면.검증__김소희_260715_제과_김수정,2,0,100.0,0
2026-07-16,[제과_블트하] 26.07_블트깡출시_수동_전환_image_전체타겟,집단유행/유명인_블트깡출시 (KR1),[26.07]F_I_BT깡_전환_블트깡출시_바이럴형_KR1_.배너_일반특정집단.맘카페재구매인증.검증__김소희_260715_제과_김수정,4,0,353.0,0
2026-07-16,[제과_블트하] 26.07_블트깡출시_수동_전환_image_전체타겟,집단유행/유명인_블트깡출시 (KR1),[26.07]F_I_BT깡_전환_블트깡출시_바이럴형_KR1_.배너_일반특정집단.맘카페추천템.검증__김소희_260715_제과_김수정,11,0,138.0,0
2026-07-16,(마스터ASC)[제과_블트하] 26.07_블트깡출시_ASC_전환_image,(마스터ASC)[제과_블트하] 26.07_블트깡출시_ASC_전환_image,[26.07]F_I_BT깡_전환_블트깡출시_매거진형_KR1_.배너_일반특정집단.3040사이에서.검증__김소희_260715_제과_김수정,520,13,11615.0,1
2026-07-16,[제과_블트하] 26.07_블트깡출시_수동_전환_video_전체타겟,BP이식형2_블트깡출시 (KR1/2),[26.07]F_V_BT깡_전환_블트깡출시_쩜오건_맛조합맥주.KR1_var4.릴스_맥주후킹1.X_1P_김소희_260715_제과_문형민,218,3,3449.0,0
2026-07-16,(마스터ASC)[제과_블트하] 26.07_블트깡출시_ASC_전환_video,(마스터ASC)[제과_블트하] 26.07_블트깡출시_ASC_전환_video,[26.07]F_V_BT깡_전환_블트깡출시_쩜오건_맛조합맥주.KR1_var4.릴스_맥주후킹1.X_1P_김소희_260715_제과_문형민,682,14,9208.0,0
2026-07-16,(마스터ASC)[제과_블트하] 26.07_블트깡출시_ASC_전환_video,(마스터ASC)[제과_블트하] 26.07_블트깡출시_ASC_전환_video,[26.07]F_V_BT깡_전환_블트깡출시_쩜오건_맛조합맥주.KR1_var3.릴스_맥주후킹1.X_1P_김소희_260715_제과_문형민,625,8,6849.0,1
2026-07-16,[제과_단백질 쉐이크] 26.06_단백질쉐이크출시_수동_전환_image,올영최저가비교_0715,[26.07]F_I_SK혼_전환_단백질쉐이크출시_혜택강조형_올영최저가비교_.배너_급구.올영보다싸다.확장__이유빈_260715_제과_문다현,313,10,10893.0,1
2026-07-16,[제과_단백질 쉐이크] 26.06_단백질쉐이크출시_수동_전환_image,올영최저가비교_0715,[26.07]F_I_SK혼_전환_단백질쉐이크출시_매거진형_올영최저가비교_.배너_귀찮으셨죠.쟁여요.확장__이유빈_260715_제과_문다현,1316,30,29997.0,4
2026-07-16,(마스터2) [제과_단백질 쉐이크] 26.07_단백질쉐이크출시_ASC_전환_image,(마스터2) [제과_단백질 쉐이크] 26.07_단백질쉐이크출시_ASC_전환_image,[26.07]F_I_SK혼_전환_단백질쉐이크출시_혜택강조형_올영최저가비교_.배너_급구.올영보다싸다.확장__이유빈_260715_제과_문다현,243,8,11023.0,0
2026-07-16,(마스터2) [제과_단백질 쉐이크] 26.07_단백질쉐이크출시_ASC_전환_image,(마스터2) [제과_단백질 쉐이크] 26.07_단백질쉐이크출시_ASC_전환_image,[26.07]F_I_SK혼_전환_단백질쉐이크출시_매거진형_올영최저가비교_.배너_귀찮으셨죠.쟁여요.확장__이유빈_260715_제과_문다현,446,14,11411.0,0
2026-07-16,[제과_단백질 쉐이크] 26.06_단백질쉐이크출시_수동_전환_image,올영최저가비교_0715,[26.07]F_I_SK곡_전환_단백질쉐이크출시_혜택강조형_올영최저가비교_.배너_위아래초록.불편한대용량.갈아탈기회.확장__이유빈_260715_제과_문다현,341,5,8364.0,0
2026-07-16,[제과_단백질 쉐이크] 26.06_단백질쉐이크출시_수동_전환_image,올영최저가비교_0715,[26.07]F_I_SK혼_전환_단백질쉐이크출시_혜택강조형_올영최저가비교_.배너_크고불편한대용량손절기회.확장__이유빈_260715_제과_문다현,220,6,5285.0,0
2026-07-16,[제과_단백질 쉐이크] 26.06_단백질쉐이크출시_수동_전환_image,올영최저가비교_0715,[26.07]F_I_SK초_전환_단백질쉐이크출시_혜택강조형_올영최저가비교_.배너_매번소분하기무겁고.커다란대용량그만.확장__이유빈_260715_제과_문다현,74,2,3962.0,1
2026-07-16,[제과_단백질 쉐이크] 26.06_단백질쉐이크출시_수동_전환_image,올영최저가비교_0715,[26.07]F_I_SK혼_전환_단백질쉐이크출시_혜택강조형_올영최저가비교_.배너_올영보다싼파우치특가.설거지귀찮아.확장__이유빈_260715_제과_문다현,127,3,3919.0,0
2026-07-16,[제과_단백질 쉐이크] 26.06_단백질쉐이크출시_수동_전환_image,올영최저가비교_0715,[26.07]F_I_SK혼_전환_단백질쉐이크출시_혜택강조형_올영최저가비교_.배너_하트제목.덜어먹기귀찮은ㄷㄷ.확장__이유빈_260715_제과_문다현,184,6,3914.0,0
2026-07-16,[제과_단백질 쉐이크] 26.06_단백질쉐이크출시_수동_전환_image,올영최저가비교_0715,[26.07]F_I_SK혼_전환_단백질쉐이크출시_혜택강조형_올영최저가비교_.배너_헬스장라커에못들고가는.확장__이유빈_260715_제과_문다현,139,1,4321.0,0
2026-07-16,[제과_단백질 쉐이크] 26.06_단백질쉐이크출시_수동_전환_image,올영최저가비교_0715,[26.07]F_I_SK초_전환_단백질쉐이크출시_혜택강조형_올영최저가비교_.배너_크고불편하시죠.더싼거드세요.확장__이유빈_260715_제과_문다현,154,2,4091.0,0
2026-07-16,(마스터2) [제과_단백질 쉐이크] 26.07_단백질쉐이크출시_ASC_전환_image,(마스터2) [제과_단백질 쉐이크] 26.07_단백질쉐이크출시_ASC_전환_image,[26.07]F_I_SK곡_전환_단백질쉐이크출시_혜택강조형_올영최저가비교_.배너_흘리고귀찮고불편하시죠.파우치가더싸요.확장__이유빈_260715_제과_문다현,1226,34,27226.0,3
2026-07-16,(마스터2) [제과_단백질 쉐이크] 26.07_단백질쉐이크출시_ASC_전환_image,(마스터2) [제과_단백질 쉐이크] 26.07_단백질쉐이크출시_ASC_전환_image,[26.07]F_I_SK곡_전환_단백질쉐이크출시_혜택강조형_올영최저가비교_.배너_위아래초록.불편한대용량.갈아탈기회.확장__이유빈_260715_제과_문다현,407,14,10428.0,1
2026-07-16,(마스터2) [제과_단백질 쉐이크] 26.07_단백질쉐이크출시_ASC_전환_image,(마스터2) [제과_단백질 쉐이크] 26.07_단백질쉐이크출시_ASC_전환_image,[26.07]F_I_SK혼_전환_단백질쉐이크출시_혜택강조형_올영최저가비교_.배너_크고불편한대용량손절기회.확장__이유빈_260715_제과_문다현,426,13,8601.0,0
2026-07-16,(마스터2) [제과_단백질 쉐이크] 26.07_단백질쉐이크출시_ASC_전환_image,(마스터2) [제과_단백질 쉐이크] 26.07_단백질쉐이크출시_ASC_전환_image,[26.07]F_I_SK혼_전환_단백질쉐이크출시_혜택강조형_올영최저가비교_.배너_하트제목.덜어먹기귀찮은ㄷㄷ.확장__이유빈_260715_제과_문다현,302,3,8539.0,0
2026-07-16,(마스터2) [제과_단백질 쉐이크] 26.07_단백질쉐이크출시_ASC_전환_image,(마스터2) [제과_단백질 쉐이크] 26.07_단백질쉐이크출시_ASC_전환_image,[26.07]F_I_SK혼_전환_단백질쉐이크출시_혜택강조형_올영최저가비교_.배너_올영보다싼파우치특가.설거지귀찮아.확장__이유빈_260715_제과_문다현,337,16,9714.0,0
2026-07-16,(마스터2) [제과_단백질 쉐이크] 26.07_단백질쉐이크출시_ASC_전환_image,(마스터2) [제과_단백질 쉐이크] 26.07_단백질쉐이크출시_ASC_전환_image,[26.07]F_I_SK혼_전환_단백질쉐이크출시_혜택강조형_올영최저가비교_.배너_헬스장라커에못들고가는.확장__이유빈_260715_제과_문다현,368,9,11912.0,1
2026-07-16,(마스터2) [제과_단백질 쉐이크] 26.07_단백질쉐이크출시_ASC_전환_image,(마스터2) [제과_단백질 쉐이크] 26.07_단백질쉐이크출시_ASC_전환_image,[26.07]F_I_SK초_전환_단백질쉐이크출시_혜택강조형_올영최저가비교_.배너_크고불편하시죠.더싼거드세요.확장__이유빈_260715_제과_문다현,1091,16,23169.0,2
2026-07-17,[제과_콘스프맛 팝콘] 26.05_콘스프맛팝콘출시_수동_전환_image,속세맛간식공감_콘스프맛팝콘_상시,[26.07]F_I_PC혼_전환_콘스프맛팝콘출시_혜택강조형__.배너_사무실 간식 주워먹다 3kg 쪘다?.확장__김소희_260713_제과_박서연,4,0,36.0,0
2026-07-17,[제과_블트하] 26.07_블트깡출시_수동_전환_video_전체타겟,BP이식형2_블트깡출시 (KR1/2),[26.07]F_V_BT깡_전환_블트깡출시_쩜오건_대세감실체.KR1_var1.릴스_유명남돌라방.X_1P_김소희_260715_제과_문형민,80,4,1187.0,1
2026-07-17,(마스터ASC)[제과_블트하] 26.07_블트깡출시_ASC_전환_video,(마스터ASC)[제과_블트하] 26.07_블트깡출시_ASC_전환_video,[26.07]F_V_BT깡_전환_블트깡출시_쩜오건_내돈내산리뷰.KR1_var2.릴스_SNS.X_1P_김소희_260715_제과_문형민,35,1,460.0,0
2026-07-17,[제과_블트하] 26.07_블트깡출시_수동_전환_image_전체타겟,집단유행/유명인_블트깡출시 (KR1),[26.07]F_I_BT깡_전환_블트깡출시_바이럴형_KR1_.배너_일반특정집단.맘카페에서입소문시작.검증__김소희_260715_제과_김수정,3309,98,48191.0,7
2026-07-17,[제과_블트하] 26.07_블트깡출시_수동_전환_image_전체타겟,집단유행/유명인_블트깡출시 (KR1),[26.07]F_I_BT깡_전환_블트깡출시_매거진형_KR1_.배너_일반특정집단.3040사이에서.검증__김소희_260715_제과_김수정,3,0,50.0,0
2026-07-17,[제과_블트하] 26.07_블트깡출시_수동_전환_image_전체타겟,집단유행/유명인_블트깡출시 (KR1),[26.07]F_I_BT깡_전환_블트깡출시_바이럴형_KR1_.배너_일반특정집단.안주좀먹어봤다면.검증__김소희_260715_제과_김수정,1,0,3.0,0
2026-07-17,[제과_블트하] 26.07_블트깡출시_수동_전환_image_전체타겟,집단유행/유명인_블트깡출시 (KR1),[26.07]F_I_BT깡_전환_블트깡출시_바이럴형_KR1_.배너_일반특정집단.맘카페재구매인증.검증__김소희_260715_제과_김수정,1,0,20.0,0
2026-07-17,[제과_블트하] 26.07_블트깡출시_수동_전환_image_전체타겟,집단유행/유명인_블트깡출시 (KR1),[26.07]F_I_BT깡_전환_블트깡출시_바이럴형_KR1_.배너_일반특정집단.맘카페추천템.검증__김소희_260715_제과_김수정,1,0,2.0,0
2026-07-17,[제과_블트하] 26.07_블트깡출시_수동_전환_video_전체타겟,BP이식형2_블트깡출시 (KR1/2),[26.07]F_V_BT깡_전환_블트깡출시_쩜오건_맛조합맥주.KR1_var4.릴스_맥주후킹1.X_1P_김소희_260715_제과_문형민,191,8,3030.0,0
2026-07-17,[제과_단백질 쉐이크] 26.06_단백질쉐이크출시_수동_전환_image,올영최저가비교_0715,[26.07]F_I_SK혼_전환_단백질쉐이크출시_매거진형_올영최저가비교_.배너_귀찮으셨죠.쟁여요.확장__이유빈_260715_제과_문다현,1102,36,24190.0,1
2026-07-17,[제과_단백질 쉐이크] 26.06_단백질쉐이크출시_수동_전환_image,올영최저가비교_0715,[26.07]F_I_SK혼_전환_단백질쉐이크출시_혜택강조형_올영최저가비교_.배너_크고불편한대용량손절기회.확장__이유빈_260715_제과_문다현,242,8,5469.0,0
2026-07-17,[제과_단백질 쉐이크] 26.06_단백질쉐이크출시_수동_전환_image,올영최저가비교_0715,[26.07]F_I_SK초_전환_단백질쉐이크출시_혜택강조형_올영최저가비교_.배너_매번소분하기무겁고.커다란대용량그만.확장__이유빈_260715_제과_문다현,16,1,782.0,0
2026-07-17,[제과_단백질 쉐이크] 26.06_단백질쉐이크출시_수동_전환_image,올영최저가비교_0715,[26.07]F_I_SK혼_전환_단백질쉐이크출시_혜택강조형_올영최저가비교_.배너_올영보다싼파우치특가.설거지귀찮아.확장__이유빈_260715_제과_문다현,77,3,1851.0,0
2026-07-17,[제과_단백질 쉐이크] 26.06_단백질쉐이크출시_수동_전환_image,올영최저가비교_0715,[26.07]F_I_SK혼_전환_단백질쉐이크출시_혜택강조형_올영최저가비교_.배너_하트제목.덜어먹기귀찮은ㄷㄷ.확장__이유빈_260715_제과_문다현,52,1,883.0,0
2026-07-17,[제과_단백질 쉐이크] 26.06_단백질쉐이크출시_수동_전환_image,올영최저가비교_0715,[26.07]F_I_SK혼_전환_단백질쉐이크출시_혜택강조형_올영최저가비교_.배너_헬스장라커에못들고가는.확장__이유빈_260715_제과_문다현,28,0,897.0,0
2026-07-17,[제과_단백질 쉐이크] 26.06_단백질쉐이크출시_수동_전환_image,올영최저가비교_0715,[26.07]F_I_SK초_전환_단백질쉐이크출시_혜택강조형_올영최저가비교_.배너_크고불편하시죠.더싼거드세요.확장__이유빈_260715_제과_문다현,36,0,1270.0,0
2026-07-18,[제과_블트하] 26.07_블트깡출시_수동_전환_video_전체타겟,BP이식형2_블트깡출시 (KR1/2),[26.07]F_V_BT깡_전환_블트깡출시_쩜오건_대세감실체.KR1_var1.릴스_유명남돌라방.X_1P_김소희_260715_제과_문형민,19,1,256.0,0
2026-07-18,(마스터ASC)[제과_블트하] 26.07_블트깡출시_ASC_전환_video,(마스터ASC)[제과_블트하] 26.07_블트깡출시_ASC_전환_video,[26.07]F_V_BT깡_전환_블트깡출시_쩜오건_내돈내산리뷰.KR1_var2.릴스_SNS.X_1P_김소희_260715_제과_문형민,40,0,830.0,0
2026-07-18,[제과_블트하] 26.07_블트깡출시_수동_전환_image_전체타겟,집단유행/유명인_블트깡출시 (KR1),[26.07]F_I_BT깡_전환_블트깡출시_바이럴형_KR1_.배너_일반특정집단.맘카페에서입소문시작.검증__김소희_260715_제과_김수정,3230,108,56652.0,13
2026-07-18,[제과_블트하] 26.07_블트깡출시_수동_전환_image_전체타겟,집단유행/유명인_블트깡출시 (KR1),[26.07]F_I_BT깡_전환_블트깡출시_바이럴형_KR1_.배너_연예인권위.과자안먹을것같은.검증__김소희_260715_제과_김수정,3,1,123.0,0
2026-07-18,[제과_블트하] 26.07_블트깡출시_수동_전환_image_전체타겟,집단유행/유명인_블트깡출시 (KR1),[26.07]F_I_BT깡_전환_블트깡출시_바이럴형_KR1_.배너_일반특정집단.맘카페추천템.검증__김소희_260715_제과_김수정,7,0,158.0,0
2026-07-18,[제과_블트하] 26.07_블트깡출시_수동_전환_video_전체타겟,BP이식형2_블트깡출시 (KR1/2),[26.07]F_V_BT깡_전환_블트깡출시_쩜오건_맛조합맥주.KR1_var4.릴스_맥주후킹1.X_1P_김소희_260715_제과_문형민,41,2,880.0,0
2026-07-19,[제과_콘스프맛 팝콘] 26.05_콘스프맛팝콘출시_수동_전환_image,속세맛간식공감_콘스프맛팝콘_상시,[26.07]F_I_PC혼_전환_콘스프맛팝콘출시_혜택강조형__.배너_사무실 간식 주워먹다 3kg 쪘다?.확장__김소희_260713_제과_박서연,1,0,11.0,0
2026-07-19,[제과_블트하] 26.07_블트깡출시_수동_전환_video_전체타겟,BP이식형2_블트깡출시 (KR1/2),[26.07]F_V_BT깡_전환_블트깡출시_쩜오건_대세감실체.KR1_var1.릴스_유명남돌라방.X_1P_김소희_260715_제과_문형민,5,0,55.0,0
2026-07-19,[제과_블트하] 26.07_블트깡출시_수동_전환_image_전체타겟,집단유행/유명인_블트깡출시 (KR1),[26.07]F_I_BT깡_전환_블트깡출시_바이럴형_KR1_.배너_일반특정집단.맘카페에서입소문시작.검증__김소희_260715_제과_김수정,739,33,12216.0,3
2026-07-19,[제과_블트하] 26.07_블트깡출시_수동_전환_video_전체타겟,BP이식형2_블트깡출시 (KR1/2),[26.07]F_V_BT깡_전환_블트깡출시_쩜오건_맛조합맥주.KR1_var4.릴스_맥주후킹1.X_1P_김소희_260715_제과_문형민,9,1,64.0,0
2026-07-16,(마스터ASC)[제과_블트하] 26.07_블트깡출시_ASC_전환_video,(마스터ASC)[제과_블트하] 26.07_블트깡출시_ASC_전환_video,[26.07]F_V_BT깡_전환_블트깡출시_쩜오건_리액션과장.KR1_var1.릴스_트러플하몽.맛후킹.X_1P_김소희_260715_제과_문형민,631,13,7077.0,2
2026-07-16,(마스터ASC)[제과_블트하] 26.07_블트깡출시_ASC_전환_image,(마스터ASC)[제과_블트하] 26.07_블트깡출시_ASC_전환_image,[26.07]F_I_BT깡_전환_블트깡출시_혜택강조형_혜택강조형_.배너_SNS에서난리났던그조합.검증__김소희_260715_제과_박서연,20,1,381.0,0
2026-07-16,[제과_블트하] 26.07_블트깡출시_수동_전환_image_전체타겟,3040대세감_블트깡출시 (KR1),[26.07]F_I_BT깡_전환_블트깡출시_혜택강조형_혜택강조형_.배너_비싼이탈리아블랙트러플.검증__김소희_260715_제과_박서연,115,5,3630.0,0
2026-07-16,(마스터ASC)[제과_블트하] 26.07_블트깡출시_ASC_전환_image,(마스터ASC)[제과_블트하] 26.07_블트깡출시_ASC_전환_image,[26.07]F_I_BT깡_전환_블트깡출시_혜택강조형_혜택강조형_.배너_와인좋아하는사람들은다안다는.검증__김소희_260715_제과_박서연,216,3,3325.0,1
2026-07-16,(마스터ASC)[제과_블트하] 26.07_블트깡출시_ASC_전환_image,(마스터ASC)[제과_블트하] 26.07_블트깡출시_ASC_전환_image,[26.07]F_I_BT깡_전환_블트깡출시_혜택강조형_혜택강조형_.배너_짝퉁나올만큼유명한..검증__김소희_260715_제과_박서연,125,2,2213.0,0
2026-07-16,[제과_블트하] 26.07_블트깡출시_수동_전환_image_전체타겟,3040대세감_블트깡출시 (KR1),[26.07]F_I_BT깡_전환_블트깡출시_혜택강조형_혜택강조형_.배너_짝퉁나올만큼유명한..검증__김소희_260715_제과_박서연,354,8,8005.0,0
2026-07-16,[제과_블트하] 26.07_블트깡출시_수동_전환_image_전체타겟,원산지권위_블트깡출시 (KR2),[26.07]F_I_BT깡_전환_블트깡출시_바이럴형_KR2_.배너_원산지페포.유행이라먹어보고싶은데.검증__김소희_260715_제과_김수정,28,0,395.0,0
2026-07-16,[제과_블트하] 26.07_블트깡출시_수동_전환_image_전체타겟,원산지권위_블트깡출시 (KR2),[26.07]F_I_BT깡_전환_블트깡출시_바이럴형_KR2_.배너_원산지페포.좋아하는데원산지가.검증__김소희_260715_제과_김수정,25,0,567.0,0
2026-07-16,[제과_블트하] 26.07_블트깡출시_수동_전환_image_전체타겟,원산지권위_블트깡출시 (KR2),[26.07]F_I_BT깡_전환_블트깡출시_바이럴형_KR2_.배너_원산지페포.맛잘알친구가줌.검증__김소희_260715_제과_김수정,17,0,204.0,0
2026-07-16,[제과_블트하] 26.07_블트깡출시_수동_전환_image_전체타겟,원산지권위_블트깡출시 (KR2),[26.07]F_I_BT깡_전환_블트깡출시__KR2_.배너_원산지권위.공식문서형.광고본모든사람들.검증__김소희_260715_제과_김수정,292,5,5970.0,1
2026-07-16,(마스터ASC)[제과_블트하] 26.07_블트깡출시_ASC_전환_image,(마스터ASC)[제과_블트하] 26.07_블트깡출시_ASC_전환_image,[26.07]F_I_BT깡_전환_블트깡출시_바이럴형_KR2_.배너_원산지페포.좋아하는데원산지가.검증__김소희_260715_제과_김수정,5,0,42.0,0
2026-07-16,(마스터ASC)[제과_블트하] 26.07_블트깡출시_ASC_전환_image,(마스터ASC)[제과_블트하] 26.07_블트깡출시_ASC_전환_image,[26.07]F_I_BT깡_전환_블트깡출시__KR2_.배너_원산지권위.공식문서형.광고본모든사람들.검증__김소희_260715_제과_김수정,166,3,2896.0,1
2026-07-16,(마스터ASC)[제과_블트하] 26.07_블트깡출시_ASC_전환_image,(마스터ASC)[제과_블트하] 26.07_블트깡출시_ASC_전환_image,[26.07]F_I_BT깡_전환_블트깡출시_바이럴형_KR2_.배너_원산지페포.유행이라먹어보고싶은데.검증__김소희_260715_제과_김수정,4,0,30.0,0
2026-07-16,(마스터ASC)[제과_블트하] 26.07_블트깡출시_ASC_전환_image,(마스터ASC)[제과_블트하] 26.07_블트깡출시_ASC_전환_image,[26.07]F_I_BT깡_전환_블트깡출시_바이럴형_KR2_.배너_원산지페포.무물.검증__김소희_260715_제과_김수정,268,9,6534.0,0
2026-07-16,[제과_블트하] 26.07_블트깡출시_수동_전환_image_전체타겟,원산지권위_블트깡출시 (KR2),[26.07]F_I_BT깡_전환_블트깡출시_바이럴형_KR2_.배너_원산지페포.요즘난리난.검증__김소희_260715_제과_김수정,1652,48,38164.0,7
2026-07-16,(마스터ASC)[제과_블트하] 26.07_블트깡출시_ASC_전환_image,(마스터ASC)[제과_블트하] 26.07_블트깡출시_ASC_전환_image,[26.07]F_I_BT깡_전환_블트깡출시__KR2_.배너_원산지권위.공식문서형.마진포기하고.검증__김소희_260715_제과_김수정,11,1,197.0,0
2026-07-16,(마스터ASC)[제과_블트하] 26.07_블트깡출시_ASC_전환_image,(마스터ASC)[제과_블트하] 26.07_블트깡출시_ASC_전환_image,[26.07]F_I_BT깡_전환_블트깡출시_바이럴형_KR2_.배너_원산지페포.요즘난리난.검증__김소희_260715_제과_김수정,73,4,1105.0,0
2026-07-16,[제과_블트하] 26.07_블트깡출시_수동_전환_image_전체타겟,판매량/화제_블트깡출시 (KR1),[26.07]F_I_BT깡_전환_블트깡출시_매거진형_KR1_.배너_판매량.짭제품.검증__김소희_260715_제과_김수정,295,3,6944.0,0
2026-07-16,[제과_블트하] 26.07_블트깡출시_수동_전환_image_전체타겟,판매량/화제_블트깡출시 (KR1),[26.07]F_I_BT깡_전환_블트깡출시_매거진형_KR1_.배너_판매량.창고형마트오픈런기록.검증__김소희_260715_제과_김수정,1049,36,23008.0,9
2026-07-16,[제과_블트하] 26.07_블트깡출시_수동_전환_image_전체타겟,판매량/화제_블트깡출시 (KR1),[26.07]F_I_BT깡_전환_블트깡출시_매거진형_KR1_.배너_판매량.창고형마트기둥하나.검증__김소희_260715_제과_김수정,405,12,8791.0,3
2026-07-16,(마스터ASC)[제과_블트하] 26.07_블트깡출시_ASC_전환_image,(마스터ASC)[제과_블트하] 26.07_블트깡출시_ASC_전환_image,[26.07]F_I_BT깡_전환_블트깡출시_바이럴형_KR1_.배너_유행.창고형마트에서보이면무조건담으라던.검증__김소희_260715_제과_김수정,28,2,993.0,0
2026-07-16,(마스터ASC)[제과_블트하] 26.07_블트깡출시_ASC_전환_image,(마스터ASC)[제과_블트하] 26.07_블트깡출시_ASC_전환_image,[26.07]F_I_BT깡_전환_블트깡출시_바이럴형_KR1_.배너_유행.요새난리난.검증__김소희_260715_제과_김수정,62,0,1530.0,0
2026-07-16,(마스터ASC)[제과_블트하] 26.07_블트깡출시_ASC_전환_image,(마스터ASC)[제과_블트하] 26.07_블트깡출시_ASC_전환_image,[26.07]F_I_BT깡_전환_블트깡출시_바이럴형_KR1_.배너_유행.혼술홈파티.검증__김소희_260715_제과_김수정,241,4,4773.0,0
2026-07-16,(마스터ASC)[제과_블트하] 26.07_블트깡출시_ASC_전환_image,(마스터ASC)[제과_블트하] 26.07_블트깡출시_ASC_전환_image,[26.07]F_I_BT깡_전환_블트깡출시_매거진형_KR1_.배너_판매량.리셀대란.검증__김소희_260715_제과_김수정,25,2,551.0,1
2026-07-16,(마스터ASC)[제과_블트하] 26.07_블트깡출시_ASC_전환_image,(마스터ASC)[제과_블트하] 26.07_블트깡출시_ASC_전환_image,[26.07]F_I_BT깡_전환_블트깡출시_매거진형_KR1_.배너_판매량.창고형마트오픈런기록.검증__김소희_260715_제과_김수정,128,4,2418.0,1
2026-07-16,(마스터ASC)[제과_블트하] 26.07_블트깡출시_ASC_전환_image,(마스터ASC)[제과_블트하] 26.07_블트깡출시_ASC_전환_image,[26.07]F_I_BT깡_전환_블트깡출시_매거진형_KR1_.배너_판매량.창고형마트기둥하나.검증__김소희_260715_제과_김수정,405,8,10160.0,0
2026-07-16,[제과_블트하] 26.07_블트깡출시_수동_전환_image_전체타겟,판매량/화제_블트깡출시 (KR1),[26.07]F_I_BT깡_전환_블트깡출시_바이럴형_KR1_.배너_유행.계속보여서사봤는데.검증__김소희_260715_제과_김수정,476,8,10423.0,1
2026-07-16,(마스터ASC)[제과_블트하] 26.07_블트깡출시_ASC_전환_image,(마스터ASC)[제과_블트하] 26.07_블트깡출시_ASC_전환_image,[26.07]F_I_BT깡_전환_블트깡출시_매거진형_KR1_.배너_판매량.한봉지사겠다고.검증__김소희_260715_제과_김수정,85,3,1756.0,1
2026-07-16,(마스터ASC)[제과_블트하] 26.07_블트깡출시_ASC_전환_image,(마스터ASC)[제과_블트하] 26.07_블트깡출시_ASC_전환_image,[26.07]F_I_BT깡_전환_블트깡출시_바이럴형_KR1_.배너_유행.신상추천.검증__김소희_260715_제과_김수정,79,2,1581.0,0
2026-07-16,(마스터ASC)[제과_블트하] 26.07_블트깡출시_ASC_전환_image,(마스터ASC)[제과_블트하] 26.07_블트깡출시_ASC_전환_image,[26.07]F_I_BT깡_전환_블트깡출시_매거진형_KR1_.배너_판매량.품절이라못먹어본사람많다는.검증__김소희_260715_제과_김수정,28,0,458.0,0
2026-07-16,[제과_블트하] 26.07_블트깡출시_수동_전환_image_전체타겟,판매량/화제_블트깡출시 (KR1),[26.07]F_I_BT깡_전환_블트깡출시_매거진형_KR1_.배너_유행.와인맥주안주로알고리즘탄.검증__김소희_260715_제과_김수정,272,4,6102.0,1
2026-07-16,(마스터ASC)[제과_블트하] 26.07_블트깡출시_ASC_전환_image,(마스터ASC)[제과_블트하] 26.07_블트깡출시_ASC_전환_image,[26.07]F_I_BT깡_전환_블트깡출시_바이럴형_KR1_.배너_유행.계속보여서사봤는데.검증__김소희_260715_제과_김수정,22,2,558.0,0
2026-07-16,(마스터ASC)[제과_블트하] 26.07_블트깡출시_ASC_전환_image,(마스터ASC)[제과_블트하] 26.07_블트깡출시_ASC_전환_image,[26.07]F_I_BT깡_전환_블트깡출시_바이럴형_KR1_.배너_연예인권위.맛잘알남돌.검증__김소희_260715_제과_김수정,37,1,979.0,0
2026-07-16,(마스터ASC)[제과_블트하] 26.07_블트깡출시_ASC_전환_image,(마스터ASC)[제과_블트하] 26.07_블트깡출시_ASC_전환_image,[26.07]F_I_BT깡_전환_블트깡출시_바이럴형_KR1_.배너_일반특정집단.탕비실난리.검증__김소희_260715_제과_김수정,150,7,3897.0,1
2026-07-17,(마스터ASC)[제과_블트하] 26.07_블트깡출시_ASC_전환_video,(마스터ASC)[제과_블트하] 26.07_블트깡출시_ASC_전환_video,[26.07]F_V_BT깡_전환_블트깡출시_쩜오건_리액션과장.KR1_var1.릴스_트러플하몽.맛후킹.X_1P_김소희_260715_제과_문형민,747,19,7131.0,3
2026-07-17,(마스터ASC)[제과_블트하] 26.07_블트깡출시_ASC_전환_image,(마스터ASC)[제과_블트하] 26.07_블트깡출시_ASC_전환_image,[26.07]F_I_BT깡_전환_블트깡출시_혜택강조형_혜택강조형_.배너_SNS에서난리났던그조합.검증__김소희_260715_제과_박서연,2,0,78.0,0
2026-07-17,[제과_블트하] 26.07_블트깡출시_수동_전환_image_전체타겟,3040대세감_블트깡출시 (KR1),[26.07]F_I_BT깡_전환_블트깡출시_혜택강조형_혜택강조형_.배너_비싼이탈리아블랙트러플.검증__김소희_260715_제과_박서연,6,0,209.0,0
2026-07-17,(마스터ASC)[제과_블트하] 26.07_블트깡출시_ASC_전환_image,(마스터ASC)[제과_블트하] 26.07_블트깡출시_ASC_전환_image,[26.07]F_I_BT깡_전환_블트깡출시_혜택강조형_혜택강조형_.배너_와인좋아하는사람들은다안다는.검증__김소희_260715_제과_박서연,22,1,486.0,0
2026-07-17,(마스터ASC)[제과_블트하] 26.07_블트깡출시_ASC_전환_image,(마스터ASC)[제과_블트하] 26.07_블트깡출시_ASC_전환_image,[26.07]F_I_BT깡_전환_블트깡출시_혜택강조형_혜택강조형_.배너_짝퉁나올만큼유명한..검증__김소희_260715_제과_박서연,5,0,188.0,0
2026-07-17,[제과_블트하] 26.07_블트깡출시_수동_전환_image_전체타겟,원산지권위_블트깡출시 (KR2),[26.07]F_I_BT깡_전환_블트깡출시_바이럴형_KR2_.배너_원산지페포.유행이라먹어보고싶은데.검증__김소희_260715_제과_김수정,10,0,59.0,0
2026-07-17,[제과_블트하] 26.07_블트깡출시_수동_전환_image_전체타겟,원산지권위_블트깡출시 (KR2),[26.07]F_I_BT깡_전환_블트깡출시_바이럴형_KR2_.배너_원산지페포.좋아하는데원산지가.검증__김소희_260715_제과_김수정,2,0,21.0,0
2026-07-17,[제과_블트하] 26.07_블트깡출시_수동_전환_image_전체타겟,원산지권위_블트깡출시 (KR2),[26.07]F_I_BT깡_전환_블트깡출시__KR2_.배너_원산지권위.공식문서형.광고본모든사람들.검증__김소희_260715_제과_김수정,45,0,748.0,0
2026-07-17,(마스터ASC)[제과_블트하] 26.07_블트깡출시_ASC_전환_image,(마스터ASC)[제과_블트하] 26.07_블트깡출시_ASC_전환_image,[26.07]F_I_BT깡_전환_블트깡출시_바이럴형_KR2_.배너_원산지페포.좋아하는데원산지가.검증__김소희_260715_제과_김수정,5,0,128.0,0
2026-07-17,(마스터ASC)[제과_블트하] 26.07_블트깡출시_ASC_전환_image,(마스터ASC)[제과_블트하] 26.07_블트깡출시_ASC_전환_image,[26.07]F_I_BT깡_전환_블트깡출시__KR2_.배너_원산지권위.공식문서형.광고본모든사람들.검증__김소희_260715_제과_김수정,23,0,285.0,0
2026-07-17,(마스터ASC)[제과_블트하] 26.07_블트깡출시_ASC_전환_image,(마스터ASC)[제과_블트하] 26.07_블트깡출시_ASC_전환_image,[26.07]F_I_BT깡_전환_블트깡출시_바이럴형_KR2_.배너_원산지페포.유행이라먹어보고싶은데.검증__김소희_260715_제과_김수정,6,0,41.0,0
2026-07-17,[제과_블트하] 26.07_블트깡출시_수동_전환_image_전체타겟,원산지권위_블트깡출시 (KR2),[26.07]F_I_BT깡_전환_블트깡출시_바이럴형_KR2_.배너_원산지페포.요즘난리난.검증__김소희_260715_제과_김수정,1909,51,42657.0,3
2026-07-17,[제과_블트하] 26.07_블트깡출시_수동_전환_image_전체타겟,판매량/화제_블트깡출시 (KR1),[26.07]F_I_BT깡_전환_블트깡출시_매거진형_KR1_.배너_판매량.창고형마트오픈런기록.검증__김소희_260715_제과_김수정,807,22,19490.0,0
2026-07-17,[제과_블트하] 26.07_블트깡출시_수동_전환_image_전체타겟,판매량/화제_블트깡출시 (KR1),[26.07]F_I_BT깡_전환_블트깡출시_매거진형_KR1_.배너_판매량.창고형마트기둥하나.검증__김소희_260715_제과_김수정,200,3,3261.0,0
2026-07-17,(마스터ASC)[제과_블트하] 26.07_블트깡출시_ASC_전환_image,(마스터ASC)[제과_블트하] 26.07_블트깡출시_ASC_전환_image,[26.07]F_I_BT깡_전환_블트깡출시_바이럴형_KR1_.배너_유행.요새난리난.검증__김소희_260715_제과_김수정,2,0,100.0,0
2026-07-17,(마스터ASC)[제과_블트하] 26.07_블트깡출시_ASC_전환_image,(마스터ASC)[제과_블트하] 26.07_블트깡출시_ASC_전환_image,[26.07]F_I_BT깡_전환_블트깡출시_바이럴형_KR1_.배너_유행.혼술홈파티.검증__김소희_260715_제과_김수정,75,2,1894.0,0
2026-07-17,(마스터ASC)[제과_블트하] 26.07_블트깡출시_ASC_전환_image,(마스터ASC)[제과_블트하] 26.07_블트깡출시_ASC_전환_image,[26.07]F_I_BT깡_전환_블트깡출시_매거진형_KR1_.배너_판매량.리셀대란.검증__김소희_260715_제과_김수정,25,1,454.0,0
2026-07-17,(마스터ASC)[제과_블트하] 26.07_블트깡출시_ASC_전환_image,(마스터ASC)[제과_블트하] 26.07_블트깡출시_ASC_전환_image,[26.07]F_I_BT깡_전환_블트깡출시_매거진형_KR1_.배너_판매량.창고형마트오픈런기록.검증__김소희_260715_제과_김수정,26,0,637.0,0
2026-07-17,(마스터ASC)[제과_블트하] 26.07_블트깡출시_ASC_전환_image,(마스터ASC)[제과_블트하] 26.07_블트깡출시_ASC_전환_image,[26.07]F_I_BT깡_전환_블트깡출시_매거진형_KR1_.배너_판매량.한봉지사겠다고.검증__김소희_260715_제과_김수정,144,3,2990.0,1
2026-07-17,(마스터ASC)[제과_블트하] 26.07_블트깡출시_ASC_전환_image,(마스터ASC)[제과_블트하] 26.07_블트깡출시_ASC_전환_image,[26.07]F_I_BT깡_전환_블트깡출시_바이럴형_KR1_.배너_유행.계속보여서사봤는데.검증__김소희_260715_제과_김수정,15,1,229.0,0
2026-07-17,(마스터ASC)[제과_블트하] 26.07_블트깡출시_ASC_전환_image,(마스터ASC)[제과_블트하] 26.07_블트깡출시_ASC_전환_image,[26.07]F_I_BT깡_전환_블트깡출시_바이럴형_KR1_.배너_연예인권위.맛잘알남돌.검증__김소희_260715_제과_김수정,11,0,349.0,0
2026-07-17,(마스터ASC)[제과_블트하] 26.07_블트깡출시_ASC_전환_image,(마스터ASC)[제과_블트하] 26.07_블트깡출시_ASC_전환_image,[26.07]F_I_BT깡_전환_블트깡출시_바이럴형_KR1_.배너_일반특정집단.탕비실난리.검증__김소희_260715_제과_김수정,57,3,2135.0,2
2026-07-18,(마스터ASC)[제과_블트하] 26.07_블트깡출시_ASC_전환_video,(마스터ASC)[제과_블트하] 26.07_블트깡출시_ASC_전환_video,[26.07]F_V_BT깡_전환_블트깡출시_쩜오건_리액션과장.KR1_var1.릴스_트러플하몽.맛후킹.X_1P_김소희_260715_제과_문형민,194,3,2069.0,0
2026-07-18,(마스터ASC)[제과_블트하] 26.07_블트깡출시_ASC_전환_image,(마스터ASC)[제과_블트하] 26.07_블트깡출시_ASC_전환_image,[26.07]F_I_BT깡_전환_블트깡출시_혜택강조형_혜택강조형_.배너_SNS에서난리났던그조합.검증__김소희_260715_제과_박서연,1,0,44.0,0
2026-07-18,(마스터ASC)[제과_블트하] 26.07_블트깡출시_ASC_전환_image,(마스터ASC)[제과_블트하] 26.07_블트깡출시_ASC_전환_image,[26.07]F_I_BT깡_전환_블트깡출시_혜택강조형_혜택강조형_.배너_와인좋아하는사람들은다안다는.검증__김소희_260715_제과_박서연,5,0,214.0,0
2026-07-18,(마스터ASC)[제과_블트하] 26.07_블트깡출시_ASC_전환_image,(마스터ASC)[제과_블트하] 26.07_블트깡출시_ASC_전환_image,[26.07]F_I_BT깡_전환_블트깡출시_혜택강조형_혜택강조형_.배너_짝퉁나올만큼유명한..검증__김소희_260715_제과_박서연,1,0,6.0,0
2026-07-18,(마스터ASC)[제과_블트하] 26.07_블트깡출시_ASC_전환_image,(마스터ASC)[제과_블트하] 26.07_블트깡출시_ASC_전환_image,[26.07]F_I_BT깡_전환_블트깡출시_바이럴형_KR1_.배너_유행.혼술홈파티.검증__김소희_260715_제과_김수정,77,2,1717.0,0
2026-07-18,(마스터ASC)[제과_블트하] 26.07_블트깡출시_ASC_전환_image,(마스터ASC)[제과_블트하] 26.07_블트깡출시_ASC_전환_image,[26.07]F_I_BT깡_전환_블트깡출시_매거진형_KR1_.배너_판매량.리셀대란.검증__김소희_260715_제과_김수정,20,0,670.0,0
2026-07-18,(마스터ASC)[제과_블트하] 26.07_블트깡출시_ASC_전환_image,(마스터ASC)[제과_블트하] 26.07_블트깡출시_ASC_전환_image,[26.07]F_I_BT깡_전환_블트깡출시_매거진형_KR1_.배너_판매량.한봉지사겠다고.검증__김소희_260715_제과_김수정,5,0,87.0,0
2026-07-18,(마스터ASC)[제과_블트하] 26.07_블트깡출시_ASC_전환_image,(마스터ASC)[제과_블트하] 26.07_블트깡출시_ASC_전환_image,[26.07]F_I_BT깡_전환_블트깡출시_바이럴형_KR1_.배너_일반특정집단.탕비실난리.검증__김소희_260715_제과_김수정,2,0,36.0,0
2026-07-19,(마스터ASC)[제과_블트하] 26.07_블트깡출시_ASC_전환_video,(마스터ASC)[제과_블트하] 26.07_블트깡출시_ASC_전환_video,[26.07]F_V_BT깡_전환_블트깡출시_쩜오건_리액션과장.KR1_var1.릴스_트러플하몽.맛후킹.X_1P_김소희_260715_제과_문형민,7,0,49.0,0
2026-07-19,(마스터ASC)[제과_블트하] 26.07_블트깡출시_ASC_전환_image,(마스터ASC)[제과_블트하] 26.07_블트깡출시_ASC_전환_image,[26.07]F_I_BT깡_전환_블트깡출시_혜택강조형_혜택강조형_.배너_SNS에서난리났던그조합.검증__김소희_260715_제과_박서연,34,2,694.0,0
2026-07-19,(마스터ASC)[제과_블트하] 26.07_블트깡출시_ASC_전환_image,(마스터ASC)[제과_블트하] 26.07_블트깡출시_ASC_전환_image,[26.07]F_I_BT깡_전환_블트깡출시_혜택강조형_혜택강조형_.배너_와인좋아하는사람들은다안다는.검증__김소희_260715_제과_박서연,22,2,531.0,1
2026-07-19,(마스터ASC)[제과_블트하] 26.07_블트깡출시_ASC_전환_image,(마스터ASC)[제과_블트하] 26.07_블트깡출시_ASC_전환_image,[26.07]F_I_BT깡_전환_블트깡출시_바이럴형_KR2_.배너_원산지페포.유행이라먹어보고싶은데.검증__김소희_260715_제과_김수정,16,1,332.0,0
2026-07-19,(마스터ASC)[제과_블트하] 26.07_블트깡출시_ASC_전환_image,(마스터ASC)[제과_블트하] 26.07_블트깡출시_ASC_전환_image,[26.07]F_I_BT깡_전환_블트깡출시__KR2_.배너_원산지권위.공식문서형.마진포기하고.검증__김소희_260715_제과_김수정,3,0,138.0,0
2026-07-19,(마스터ASC)[제과_블트하] 26.07_블트깡출시_ASC_전환_image,(마스터ASC)[제과_블트하] 26.07_블트깡출시_ASC_전환_image,[26.07]F_I_BT깡_전환_블트깡출시_바이럴형_KR1_.배너_유행.창고형마트에서보이면무조건담으라던.검증__김소희_260715_제과_김수정,46,0,838.0,0
2026-07-19,(마스터ASC)[제과_블트하] 26.07_블트깡출시_ASC_전환_image,(마스터ASC)[제과_블트하] 26.07_블트깡출시_ASC_전환_image,[26.07]F_I_BT깡_전환_블트깡출시_바이럴형_KR1_.배너_유행.혼술홈파티.검증__김소희_260715_제과_김수정,14,0,425.0,0
2026-07-19,(마스터ASC)[제과_블트하] 26.07_블트깡출시_ASC_전환_image,(마스터ASC)[제과_블트하] 26.07_블트깡출시_ASC_전환_image,[26.07]F_I_BT깡_전환_블트깡출시_매거진형_KR1_.배너_판매량.리셀대란.검증__김소희_260715_제과_김수정,42,0,1054.0,0
2026-07-19,(마스터ASC)[제과_블트하] 26.07_블트깡출시_ASC_전환_image,(마스터ASC)[제과_블트하] 26.07_블트깡출시_ASC_전환_image,[26.07]F_I_BT깡_전환_블트깡출시_매거진형_KR1_.배너_판매량.한봉지사겠다고.검증__김소희_260715_제과_김수정,131,1,2513.0,0
2026-07-19,(마스터ASC)[제과_블트하] 26.07_블트깡출시_ASC_전환_image,(마스터ASC)[제과_블트하] 26.07_블트깡출시_ASC_전환_image,[26.07]F_I_BT깡_전환_블트깡출시_바이럴형_KR1_.배너_유행.계속보여서사봤는데.검증__김소희_260715_제과_김수정,16,0,225.0,0
2026-07-19,(마스터ASC)[제과_블트하] 26.07_블트깡출시_ASC_전환_image,(마스터ASC)[제과_블트하] 26.07_블트깡출시_ASC_전환_image,[26.07]F_I_BT깡_전환_블트깡출시_바이럴형_KR1_.배너_일반특정집단.탕비실난리.검증__김소희_260715_제과_김수정,521,15,11781.0,1
2026-07-16,[제과_단백질 쉐이크] 26.06_단백질쉐이크출시_수동_전환_image,올영최저가비교_0714,[26.07]F_I_SK혼_전환_단백질쉐이크출시_혜택강조형_올영최저가비교_.배너_재고소진임박.네고형.확장__이유빈_260714_제과_문다현,117,7,1609.0,1
2026-07-16,(마스터2) [제과_단백질 쉐이크] 26.07_단백질쉐이크출시_ASC_전환_image,(마스터2) [제과_단백질 쉐이크] 26.07_단백질쉐이크출시_ASC_전환_image,[26.07]F_I_SK혼_전환_단백질쉐이크출시_혜택강조형_올영최저가비교_.배너_폭싹깎았어요.네고형.확장__이유빈_260714_제과_문다현,660,11,10396.0,0
2026-07-16,(마스터ASC)[제과_블트하] 26.07_블트깡출시_ASC_전환_video,(마스터ASC)[제과_블트하] 26.07_블트깡출시_ASC_전환_video,[26.07]F_V_BT깡_전환_블트깡출시_제조과정형_CS제조과정형.KR2_main.릴스_메인.슬기.X_1P_김소희_260715_제과_피재은,67,0,850.0,0
2026-07-16,(마스터ASC)[제과_블트하] 26.07_블트깡출시_ASC_전환_video,(마스터ASC)[제과_블트하] 26.07_블트깡출시_ASC_전환_video,[26.07]F_V_BT깡_전환_블트깡출시_신규BP_브릭샌드BP.KR1_var1.릴스_창고형마트.X_2P_김소희_260715_제과_윤성미,13,0,248.0,0
2026-07-16,[제과_블트하] 26.07_블트깡출시_수동_전환_video_전체타겟,BP이식형2_블트깡출시 (KR1/2),[26.07]F_V_BT깡_전환_블트깡출시_쩜오건_대세감실체.KR1_main.릴스_창고형매장실체.X_1P_김소희_260715_제과_문형민,22,0,480.0,0
2026-07-16,(마스터ASC)[제과_블트하] 26.07_블트깡출시_ASC_전환_video,(마스터ASC)[제과_블트하] 26.07_블트깡출시_ASC_전환_video,[26.07]F_V_BT깡_전환_블트깡출시_쩜오건_대세감실체.KR1_var2.릴스_여배우유튜브.X_1P_김소희_260715_제과_문형민,50,2,822.0,1
2026-07-16,(마스터ASC)[제과_블트하] 26.07_블트깡출시_ASC_전환_video,(마스터ASC)[제과_블트하] 26.07_블트깡출시_ASC_전환_video,[26.07]F_V_BT깡_전환_블트깡출시_쩜오건_대세감실체.KR1_main.릴스_창고형매장실체.X_1P_김소희_260715_제과_문형민,17,1,186.0,0
2026-07-16,[제과_블트하] 26.07_블트깡출시_수동_전환_video_전체타겟,BP이식형2_블트깡출시 (KR1/2),[26.07]F_V_BT깡_전환_블트깡출시_쩜오건_맛조합맥주.KR1_main.릴스_제품후킹.X_1P_김소희_260715_제과_문형민,912,40,11903.0,7
2026-07-16,(마스터ASC)[제과_블트하] 26.07_블트깡출시_ASC_전환_video,(마스터ASC)[제과_블트하] 26.07_블트깡출시_ASC_전환_video,[26.07]F_V_BT깡_전환_블트깡출시_쩜오건_맛조합맥주.KR1_main.릴스_제품후킹.X_1P_김소희_260715_제과_문형민,5185,179,71743.0,17
2026-07-16,(마스터ASC)[제과_블트하] 26.07_블트깡출시_ASC_전환_video,(마스터ASC)[제과_블트하] 26.07_블트깡출시_ASC_전환_video,[26.07]F_V_BT깡_전환_블트깡출시_쩜오건_원재료강조.KR2_main.릴스_자르는ver.X_1P_김소희_260715_제과_문형민,626,9,7743.0,0
2026-07-16,[제과_블트하] 26.07_블트깡출시_수동_전환_video_전체타겟,BP이식형2_블트깡출시 (KR1/2),[26.07]F_V_BT깡_전환_블트깡출시_쩜오건_원재료강조.KR2_main.릴스_자르는ver.X_1P_김소희_260715_제과_문형민,199,3,2699.0,0
2026-07-16,(마스터ASC)[제과_블트하] 26.07_블트깡출시_ASC_전환_video,(마스터ASC)[제과_블트하] 26.07_블트깡출시_ASC_전환_video,[26.07]F_V_BT깡_전환_블트깡출시_쩜오건_원재료강조.KR2_var1.릴스_떨어지는ver.X_1P_김소희_260715_제과_문형민,84,3,801.0,0
2026-07-16,[제과_블트하] 26.07_블트깡출시_수동_전환_video_전체타겟,BP이식형2_블트깡출시 (KR1/2),[26.07]F_V_BT깡_전환_블트깡출시_쩜오건_원재료강조.KR2_var1.릴스_떨어지는ver.X_1P_김소희_260715_제과_문형민,402,16,5314.0,3
2026-07-16,[제과_블트하] 26.07_블트깡출시_수동_전환_video_전체타겟,BP이식형_블트깡출시 (KR1),[26.07]F_V_BT깡_전환_블트깡출시_쩜오건_내돈내산리뷰.KR1_var1.릴스_역대급.X_1P_김소희_260715_제과_문형민,330,9,4769.0,1
2026-07-16,[제과_블트하] 26.07_블트깡출시_수동_전환_video_전체타겟,BP이식형_블트깡출시 (KR1),[26.07]F_V_BT깡_전환_블트깡출시_쩜오건_내돈내산리뷰.KR1_main.릴스_조용히출시.X_1P_김소희_260715_제과_문형민,64,1,846.0,0
2026-07-16,[제과_블트하] 26.07_블트깡출시_수동_전환_video_전체타겟,BP이식형_블트깡출시 (KR1),[26.07]F_V_BT깡_전환_블트깡출시_쩜오건_내돈내산리뷰.KR1_var2.릴스_SNS.X_1P_김소희_260715_제과_문형민,39,1,420.0,0
2026-07-16,[제과_블트하] 26.07_블트깡출시_수동_전환_video_전체타겟,BP이식형_블트깡출시 (KR1),[26.07]F_V_BT깡_전환_블트깡출시_쩜오건_리액션과장.KR1_var4.릴스_출시.제품후킹.X_1P_김소희_260715_제과_문형민,26,0,328.0,0
2026-07-16,[제과_블트하] 26.07_블트깡출시_수동_전환_video_전체타겟,BP이식형_블트깡출시 (KR1),[26.07]F_V_BT깡_전환_블트깡출시_쩜오건_리액션과장.KR1_var1.릴스_트러플하몽.맛후킹.X_1P_김소희_260715_제과_문형민,87236,2516,1318507.0,282
2026-07-16,[제과_블트하] 26.07_블트깡출시_수동_전환_video_전체타겟,BP이식형_블트깡출시 (KR1),[26.07]F_V_BT깡_전환_블트깡출시_쩜오건_리액션과장.KR1_var2.릴스_SNS.제품후킹.X_1P_김소희_260715_제과_문형민,545,16,6458.0,3
2026-07-16,[제과_블트하] 26.07_블트깡출시_수동_전환_video_전체타겟,BP이식형_블트깡출시 (KR1),[26.07]F_V_BT깡_전환_블트깡출시_쩜오건_리액션과장.KR1_main.릴스_트러플하몽.제품후킹.X_1P_김소희_260715_제과_문형민,47,2,729.0,1
2026-07-16,(마스터ASC)[제과_블트하] 26.07_블트깡출시_ASC_전환_video,(마스터ASC)[제과_블트하] 26.07_블트깡출시_ASC_전환_video,[26.07]F_V_BT깡_전환_블트깡출시_쩜오건_내돈내산리뷰.KR1_var1.릴스_역대급.X_1P_김소희_260715_제과_문형민,753,11,10101.0,2
2026-07-16,(마스터ASC)[제과_블트하] 26.07_블트깡출시_ASC_전환_video,(마스터ASC)[제과_블트하] 26.07_블트깡출시_ASC_전환_video,[26.07]F_V_BT깡_전환_블트깡출시_쩜오건_내돈내산리뷰.KR1_main.릴스_조용히출시.X_1P_김소희_260715_제과_문형민,210,3,2980.0,0
2026-07-16,[제과_블트하] 26.07_블트깡출시_수동_전환_video_전체타겟,BP이식형_블트깡출시 (KR1),[26.07]F_V_BT깡_전환_블트깡출시_쩜오건_리액션과장.KR1_var3.릴스_SNS.맛후킹.X_1P_김소희_260715_제과_문형민,523,14,8018.0,1
2026-07-16,[제과_블트하] 26.07_블트깡출시_수동_전환_video_전체타겟,BP이식형_블트깡출시 (KR1),[26.07]F_V_BT깡_전환_블트깡출시_쩜오건_리액션과장.KR1_var5.릴스_출시.맛후킹.X_1P_김소희_260715_제과_문형민,11377,275,134702.0,36
2026-07-16,(마스터ASC)[제과_블트하] 26.07_블트깡출시_ASC_전환_video,(마스터ASC)[제과_블트하] 26.07_블트깡출시_ASC_전환_video,[26.07]F_V_BT깡_전환_블트깡출시_쩜오건_리액션과장.KR1_main.릴스_트러플하몽.제품후킹.X_1P_김소희_260715_제과_문형민,406,11,5791.0,0
2026-07-16,(마스터ASC)[제과_블트하] 26.07_블트깡출시_ASC_전환_video,(마스터ASC)[제과_블트하] 26.07_블트깡출시_ASC_전환_video,[26.07]F_V_BT깡_전환_블트깡출시_쩜오건_리액션과장.KR1_var2.릴스_SNS.제품후킹.X_1P_김소희_260715_제과_문형민,116,3,1396.0,1
2026-07-16,(마스터ASC)[제과_블트하] 26.07_블트깡출시_ASC_전환_video,(마스터ASC)[제과_블트하] 26.07_블트깡출시_ASC_전환_video,[26.07]F_V_BT깡_전환_블트깡출시_쩜오건_리액션과장.KR1_var3.릴스_SNS.맛후킹.X_1P_김소희_260715_제과_문형민,434,13,6163.0,1
2026-07-16,(마스터ASC)[제과_블트하] 26.07_블트깡출시_ASC_전환_image,(마스터ASC)[제과_블트하] 26.07_블트깡출시_ASC_전환_image,[26.07]F_I_BT깡_전환_블트깡출시_혜택강조형_혜택강조형_.배너_창고형마트에서무조건쟁이는.검증__김소희_260715_제과_박서연,104,2,3401.0,0
2026-07-16,(마스터ASC)[제과_블트하] 26.07_블트깡출시_ASC_전환_image,(마스터ASC)[제과_블트하] 26.07_블트깡출시_ASC_전환_image,[26.07]F_I_BT깡_전환_블트깡출시_혜택강조형_혜택강조형_.배너_18000-_개당천원대.7일만할인해요.검증__김소희_260715_제과_박서연,177,7,2909.0,3
2026-07-16,(마스터ASC)[제과_블트하] 26.07_블트깡출시_ASC_전환_image,(마스터ASC)[제과_블트하] 26.07_블트깡출시_ASC_전환_image,[26.07]F_I_BT깡_전환_블트깡출시_혜택강조형_혜택강조형_.배너_프리미엄.고급진신상.검증__김소희_260715_제과_박서연,142,3,2715.0,0
2026-07-16,(마스터ASC)[제과_블트하] 26.07_블트깡출시_ASC_전환_image,(마스터ASC)[제과_블트하] 26.07_블트깡출시_ASC_전환_image,[26.07]F_I_BT깡_전환_블트깡출시_혜택강조형_혜택강조형_.배너_구하러발품팔던..검증__김소희_260715_제과_박서연,56,1,791.0,0
2026-07-16,[제과_블트하] 26.07_블트깡출시_수동_전환_image_전체타겟,3040대세감_블트깡출시 (KR1),[26.07]F_I_BT깡_전환_블트깡출시_혜택강조형_혜택강조형_.배너_SNS에서난리났던그조합.검증__김소희_260715_제과_박서연,148,4,3694.0,1
2026-07-16,[제과_블트하] 26.07_블트깡출시_수동_전환_image_전체타겟,3040대세감_블트깡출시 (KR1),[26.07]F_I_BT깡_전환_블트깡출시_혜택강조형_혜택강조형_.배너_18000-_개당천원대.7일만할인해요.검증__김소희_260715_제과_박서연,3116,85,68480.0,13
2026-07-16,[제과_블트하] 26.07_블트깡출시_수동_전환_image_전체타겟,3040대세감_블트깡출시 (KR1),[26.07]F_I_BT깡_전환_블트깡출시_혜택강조형_혜택강조형_.배너_프리미엄.고급진신상.검증__김소희_260715_제과_박서연,318,9,8908.0,3
2026-07-16,[제과_블트하] 26.07_블트깡출시_수동_전환_image_전체타겟,3040대세감_블트깡출시 (KR1),[26.07]F_I_BT깡_전환_블트깡출시_혜택강조형_혜택강조형_.배너_마트기둥하나세웠다는.검증__김소희_260715_제과_박서연,3387,84,80921.0,15
2026-07-16,[제과_블트하] 26.07_블트깡출시_수동_전환_image_전체타겟,3040대세감_블트깡출시 (KR1),[26.07]F_I_BT깡_전환_블트깡출시_혜택강조형_혜택강조형_.배너_맘카페추천템으로등극된레전드조합.검증__김소희_260715_제과_박서연,293,5,6899.0,2
2026-07-16,(마스터ASC)[제과_블트하] 26.07_블트깡출시_ASC_전환_image,(마스터ASC)[제과_블트하] 26.07_블트깡출시_ASC_전환_image,[26.07]F_I_BT깡_전환_블트깡출시_혜택강조형_혜택강조형_.배너_맘카페추천템으로등극된레전드조합.검증__김소희_260715_제과_박서연,30,0,584.0,0
2026-07-17,[제과_단백질 쉐이크] 26.06_단백질쉐이크출시_수동_전환_image,올영최저가비교_0714,[26.07]F_I_SK혼_전환_단백질쉐이크출시_혜택강조형_올영최저가비교_.배너_재고소진임박.네고형.확장__이유빈_260714_제과_문다현,15,0,324.0,0
2026-07-17,(마스터ASC)[제과_블트하] 26.07_블트깡출시_ASC_전환_video,(마스터ASC)[제과_블트하] 26.07_블트깡출시_ASC_전환_video,[26.07]F_V_BT깡_전환_블트깡출시_제조과정형_CS제조과정형.KR2_main.릴스_메인.슬기.X_1P_김소희_260715_제과_피재은,69,1,1135.0,0
2026-07-17,(마스터ASC)[제과_블트하] 26.07_블트깡출시_ASC_전환_video,(마스터ASC)[제과_블트하] 26.07_블트깡출시_ASC_전환_video,[26.07]F_V_BT깡_전환_블트깡출시_신규BP_브릭샌드BP.KR1_var1.릴스_창고형마트.X_2P_김소희_260715_제과_윤성미,1,0,3.0,0
2026-07-17,[제과_블트하] 26.07_블트깡출시_수동_전환_video_전체타겟,BP이식형2_블트깡출시 (KR1/2),[26.07]F_V_BT깡_전환_블트깡출시_쩜오건_대세감실체.KR1_main.릴스_창고형매장실체.X_1P_김소희_260715_제과_문형민,121,2,2163.0,0
2026-07-17,(마스터ASC)[제과_블트하] 26.07_블트깡출시_ASC_전환_video,(마스터ASC)[제과_블트하] 26.07_블트깡출시_ASC_전환_video,[26.07]F_V_BT깡_전환_블트깡출시_쩜오건_대세감실체.KR1_var2.릴스_여배우유튜브.X_1P_김소희_260715_제과_문형민,129,0,1551.0,0
2026-07-17,(마스터ASC)[제과_블트하] 26.07_블트깡출시_ASC_전환_video,(마스터ASC)[제과_블트하] 26.07_블트깡출시_ASC_전환_video,[26.07]F_V_BT깡_전환_블트깡출시_쩜오건_대세감실체.KR1_main.릴스_창고형매장실체.X_1P_김소희_260715_제과_문형민,10,1,195.0,1
2026-07-17,[제과_블트하] 26.07_블트깡출시_수동_전환_video_전체타겟,BP이식형2_블트깡출시 (KR1/2),[26.07]F_V_BT깡_전환_블트깡출시_쩜오건_맛조합맥주.KR1_main.릴스_제품후킹.X_1P_김소희_260715_제과_문형민,1837,77,25537.0,11
2026-07-17,(마스터ASC)[제과_블트하] 26.07_블트깡출시_ASC_전환_video,(마스터ASC)[제과_블트하] 26.07_블트깡출시_ASC_전환_video,[26.07]F_V_BT깡_전환_블트깡출시_쩜오건_맛조합맥주.KR1_main.릴스_제품후킹.X_1P_김소희_260715_제과_문형민,1981,59,28418.0,4
2026-07-17,[제과_블트하] 26.07_블트깡출시_수동_전환_video_전체타겟,BP이식형2_블트깡출시 (KR1/2),[26.07]F_V_BT깡_전환_블트깡출시_쩜오건_원재료강조.KR2_main.릴스_자르는ver.X_1P_김소희_260715_제과_문형민,432,16,4207.0,2
2026-07-17,(마스터ASC)[제과_블트하] 26.07_블트깡출시_ASC_전환_video,(마스터ASC)[제과_블트하] 26.07_블트깡출시_ASC_전환_video,[26.07]F_V_BT깡_전환_블트깡출시_쩜오건_원재료강조.KR2_var1.릴스_떨어지는ver.X_1P_김소희_260715_제과_문형민,974,18,11521.0,0
2026-07-17,[제과_블트하] 26.07_블트깡출시_수동_전환_video_전체타겟,BP이식형2_블트깡출시 (KR1/2),[26.07]F_V_BT깡_전환_블트깡출시_쩜오건_원재료강조.KR2_var1.릴스_떨어지는ver.X_1P_김소희_260715_제과_문형민,1025,30,15052.0,5
2026-07-17,[제과_블트하] 26.07_블트깡출시_수동_전환_video_전체타겟,BP이식형_블트깡출시 (KR1),[26.07]F_V_BT깡_전환_블트깡출시_쩜오건_내돈내산리뷰.KR1_var1.릴스_역대급.X_1P_김소희_260715_제과_문형민,214,3,3339.0,1
2026-07-17,[제과_블트하] 26.07_블트깡출시_수동_전환_video_전체타겟,BP이식형_블트깡출시 (KR1),[26.07]F_V_BT깡_전환_블트깡출시_쩜오건_내돈내산리뷰.KR1_main.릴스_조용히출시.X_1P_김소희_260715_제과_문형민,16,0,370.0,0
2026-07-17,[제과_블트하] 26.07_블트깡출시_수동_전환_video_전체타겟,BP이식형_블트깡출시 (KR1),[26.07]F_V_BT깡_전환_블트깡출시_쩜오건_내돈내산리뷰.KR1_var2.릴스_SNS.X_1P_김소희_260715_제과_문형민,63,0,925.0,0
2026-07-17,[제과_블트하] 26.07_블트깡출시_수동_전환_video_전체타겟,BP이식형_블트깡출시 (KR1),[26.07]F_V_BT깡_전환_블트깡출시_쩜오건_리액션과장.KR1_var4.릴스_출시.제품후킹.X_1P_김소희_260715_제과_문형민,32,0,431.0,0
2026-07-17,[제과_블트하] 26.07_블트깡출시_수동_전환_video_전체타겟,BP이식형_블트깡출시 (KR1),[26.07]F_V_BT깡_전환_블트깡출시_쩜오건_리액션과장.KR1_var1.릴스_트러플하몽.맛후킹.X_1P_김소희_260715_제과_문형민,54164,1936,898774.0,199
2026-07-17,[제과_블트하] 26.07_블트깡출시_수동_전환_video_전체타겟,BP이식형_블트깡출시 (KR1),[26.07]F_V_BT깡_전환_블트깡출시_쩜오건_리액션과장.KR1_var2.릴스_SNS.제품후킹.X_1P_김소희_260715_제과_문형민,1465,23,13528.0,1
2026-07-17,[제과_블트하] 26.07_블트깡출시_수동_전환_video_전체타겟,BP이식형_블트깡출시 (KR1),[26.07]F_V_BT깡_전환_블트깡출시_쩜오건_리액션과장.KR1_main.릴스_트러플하몽.제품후킹.X_1P_김소희_260715_제과_문형민,45,3,884.0,0
2026-07-17,(마스터ASC)[제과_블트하] 26.07_블트깡출시_ASC_전환_video,(마스터ASC)[제과_블트하] 26.07_블트깡출시_ASC_전환_video,[26.07]F_V_BT깡_전환_블트깡출시_쩜오건_내돈내산리뷰.KR1_var1.릴스_역대급.X_1P_김소희_260715_제과_문형민,165,3,2256.0,1
2026-07-17,(마스터ASC)[제과_블트하] 26.07_블트깡출시_ASC_전환_video,(마스터ASC)[제과_블트하] 26.07_블트깡출시_ASC_전환_video,[26.07]F_V_BT깡_전환_블트깡출시_쩜오건_내돈내산리뷰.KR1_main.릴스_조용히출시.X_1P_김소희_260715_제과_문형민,5,0,74.0,0
2026-07-17,[제과_블트하] 26.07_블트깡출시_수동_전환_video_전체타겟,BP이식형_블트깡출시 (KR1),[26.07]F_V_BT깡_전환_블트깡출시_쩜오건_리액션과장.KR1_var5.릴스_출시.맛후킹.X_1P_김소희_260715_제과_문형민,5362,169,73720.0,24
2026-07-17,(마스터ASC)[제과_블트하] 26.07_블트깡출시_ASC_전환_video,(마스터ASC)[제과_블트하] 26.07_블트깡출시_ASC_전환_video,[26.07]F_V_BT깡_전환_블트깡출시_쩜오건_리액션과장.KR1_var2.릴스_SNS.제품후킹.X_1P_김소희_260715_제과_문형민,42,2,552.0,0
2026-07-17,(마스터ASC)[제과_블트하] 26.07_블트깡출시_ASC_전환_image,(마스터ASC)[제과_블트하] 26.07_블트깡출시_ASC_전환_image,[26.07]F_I_BT깡_전환_블트깡출시_혜택강조형_혜택강조형_.배너_창고형마트에서무조건쟁이는.검증__김소희_260715_제과_박서연,406,13,9384.0,1
2026-07-17,(마스터ASC)[제과_블트하] 26.07_블트깡출시_ASC_전환_image,(마스터ASC)[제과_블트하] 26.07_블트깡출시_ASC_전환_image,[26.07]F_I_BT깡_전환_블트깡출시_혜택강조형_혜택강조형_.배너_18000-_개당천원대.7일만할인해요.검증__김소희_260715_제과_박서연,36,2,1059.0,0
2026-07-17,(마스터ASC)[제과_블트하] 26.07_블트깡출시_ASC_전환_image,(마스터ASC)[제과_블트하] 26.07_블트깡출시_ASC_전환_image,[26.07]F_I_BT깡_전환_블트깡출시_혜택강조형_혜택강조형_.배너_프리미엄.고급진신상.검증__김소희_260715_제과_박서연,3,1,36.0,0
2026-07-17,(마스터ASC)[제과_블트하] 26.07_블트깡출시_ASC_전환_image,(마스터ASC)[제과_블트하] 26.07_블트깡출시_ASC_전환_image,[26.07]F_I_BT깡_전환_블트깡출시_혜택강조형_혜택강조형_.배너_구하러발품팔던..검증__김소희_260715_제과_박서연,18,1,309.0,1
2026-07-17,[제과_블트하] 26.07_블트깡출시_수동_전환_image_전체타겟,3040대세감_블트깡출시 (KR1),[26.07]F_I_BT깡_전환_블트깡출시_혜택강조형_혜택강조형_.배너_SNS에서난리났던그조합.검증__김소희_260715_제과_박서연,11,2,366.0,0
2026-07-17,[제과_블트하] 26.07_블트깡출시_수동_전환_image_전체타겟,3040대세감_블트깡출시 (KR1),[26.07]F_I_BT깡_전환_블트깡출시_혜택강조형_혜택강조형_.배너_18000-_개당천원대.7일만할인해요.검증__김소희_260715_제과_박서연,913,24,26231.0,5
2026-07-17,[제과_블트하] 26.07_블트깡출시_수동_전환_image_전체타겟,3040대세감_블트깡출시 (KR1),[26.07]F_I_BT깡_전환_블트깡출시_혜택강조형_혜택강조형_.배너_프리미엄.고급진신상.검증__김소희_260715_제과_박서연,16,1,190.0,0
2026-07-17,[제과_블트하] 26.07_블트깡출시_수동_전환_image_전체타겟,3040대세감_블트깡출시 (KR1),[26.07]F_I_BT깡_전환_블트깡출시_혜택강조형_혜택강조형_.배너_맘카페추천템으로등극된레전드조합.검증__김소희_260715_제과_박서연,13,1,549.0,0
2026-07-17,(마스터ASC)[제과_블트하] 26.07_블트깡출시_ASC_전환_image,(마스터ASC)[제과_블트하] 26.07_블트깡출시_ASC_전환_image,[26.07]F_I_BT깡_전환_블트깡출시_혜택강조형_혜택강조형_.배너_맘카페추천템으로등극된레전드조합.검증__김소희_260715_제과_박서연,15,1,746.0,0
2026-07-18,(마스터ASC)[제과_블트하] 26.07_블트깡출시_ASC_전환_video,(마스터ASC)[제과_블트하] 26.07_블트깡출시_ASC_전환_video,[26.07]F_V_BT깡_전환_블트깡출시_제조과정형_CS제조과정형.KR2_main.릴스_메인.슬기.X_1P_김소희_260715_제과_피재은,65,1,1264.0,0
2026-07-18,[제과_블트하] 26.07_블트깡출시_수동_전환_video_전체타겟,BP이식형2_블트깡출시 (KR1/2),[26.07]F_V_BT깡_전환_블트깡출시_쩜오건_대세감실체.KR1_main.릴스_창고형매장실체.X_1P_김소희_260715_제과_문형민,32,0,537.0,0
2026-07-18,(마스터ASC)[제과_블트하] 26.07_블트깡출시_ASC_전환_video,(마스터ASC)[제과_블트하] 26.07_블트깡출시_ASC_전환_video,[26.07]F_V_BT깡_전환_블트깡출시_쩜오건_대세감실체.KR1_var2.릴스_여배우유튜브.X_1P_김소희_260715_제과_문형민,5,0,96.0,0
2026-07-18,(마스터ASC)[제과_블트하] 26.07_블트깡출시_ASC_전환_video,(마스터ASC)[제과_블트하] 26.07_블트깡출시_ASC_전환_video,[26.07]F_V_BT깡_전환_블트깡출시_쩜오건_대세감실체.KR1_main.릴스_창고형매장실체.X_1P_김소희_260715_제과_문형민,8,0,106.0,0
2026-07-18,[제과_블트하] 26.07_블트깡출시_수동_전환_video_전체타겟,BP이식형2_블트깡출시 (KR1/2),[26.07]F_V_BT깡_전환_블트깡출시_쩜오건_맛조합맥주.KR1_main.릴스_제품후킹.X_1P_김소희_260715_제과_문형민,2173,127,45531.0,17
2026-07-18,[제과_블트하] 26.07_블트깡출시_수동_전환_video_전체타겟,BP이식형2_블트깡출시 (KR1/2),[26.07]F_V_BT깡_전환_블트깡출시_쩜오건_원재료강조.KR2_main.릴스_자르는ver.X_1P_김소희_260715_제과_문형민,351,18,5378.0,3
2026-07-18,(마스터ASC)[제과_블트하] 26.07_블트깡출시_ASC_전환_video,(마스터ASC)[제과_블트하] 26.07_블트깡출시_ASC_전환_video,[26.07]F_V_BT깡_전환_블트깡출시_쩜오건_원재료강조.KR2_var1.릴스_떨어지는ver.X_1P_김소희_260715_제과_문형민,57,1,929.0,0
2026-07-18,[제과_블트하] 26.07_블트깡출시_수동_전환_video_전체타겟,BP이식형2_블트깡출시 (KR1/2),[26.07]F_V_BT깡_전환_블트깡출시_쩜오건_원재료강조.KR2_var1.릴스_떨어지는ver.X_1P_김소희_260715_제과_문형민,1551,69,28085.0,11
2026-07-18,[제과_블트하] 26.07_블트깡출시_수동_전환_video_전체타겟,BP이식형_블트깡출시 (KR1),[26.07]F_V_BT깡_전환_블트깡출시_쩜오건_내돈내산리뷰.KR1_var1.릴스_역대급.X_1P_김소희_260715_제과_문형민,48,2,818.0,0
2026-07-18,[제과_블트하] 26.07_블트깡출시_수동_전환_video_전체타겟,BP이식형_블트깡출시 (KR1),[26.07]F_V_BT깡_전환_블트깡출시_쩜오건_내돈내산리뷰.KR1_main.릴스_조용히출시.X_1P_김소희_260715_제과_문형민,4,0,29.0,0
2026-07-18,[제과_블트하] 26.07_블트깡출시_수동_전환_video_전체타겟,BP이식형_블트깡출시 (KR1),[26.07]F_V_BT깡_전환_블트깡출시_쩜오건_리액션과장.KR1_var1.릴스_트러플하몽.맛후킹.X_1P_김소희_260715_제과_문형민,9243,412,167308.0,44
2026-07-18,(마스터ASC)[제과_블트하] 26.07_블트깡출시_ASC_전환_video,(마스터ASC)[제과_블트하] 26.07_블트깡출시_ASC_전환_video,[26.07]F_V_BT깡_전환_블트깡출시_쩜오건_내돈내산리뷰.KR1_var1.릴스_역대급.X_1P_김소희_260715_제과_문형민,28,2,664.0,0
2026-07-18,(마스터ASC)[제과_블트하] 26.07_블트깡출시_ASC_전환_video,(마스터ASC)[제과_블트하] 26.07_블트깡출시_ASC_전환_video,[26.07]F_V_BT깡_전환_블트깡출시_쩜오건_내돈내산리뷰.KR1_main.릴스_조용히출시.X_1P_김소희_260715_제과_문형민,2,0,43.0,0
2026-07-18,[제과_블트하] 26.07_블트깡출시_수동_전환_video_전체타겟,BP이식형_블트깡출시 (KR1),[26.07]F_V_BT깡_전환_블트깡출시_쩜오건_리액션과장.KR1_var5.릴스_출시.맛후킹.X_1P_김소희_260715_제과_문형민,5452,139,73506.0,17
2026-07-18,[제과_블트하] 26.07_블트깡출시_수동_전환_image_전체타겟,3040대세감_블트깡출시 (KR1),[26.07]F_I_BT깡_전환_블트깡출시_혜택강조형_혜택강조형_.배너_18000-_개당천원대.7일만할인해요.검증__김소희_260715_제과_박서연,861,29,22318.0,5
2026-07-18,[제과_블트하] 26.07_블트깡출시_수동_전환_image_전체타겟,3040대세감_블트깡출시 (KR1),[26.07]F_I_BT깡_전환_블트깡출시_혜택강조형_혜택강조형_.배너_마트기둥하나세웠다는.검증__김소희_260715_제과_박서연,162,3,4138.0,1
2026-07-18,[제과_블트하] 26.07_블트깡출시_수동_전환_image_전체타겟,3040대세감_블트깡출시 (KR1),[26.07]F_I_BT깡_전환_블트깡출시_혜택강조형_혜택강조형_.배너_맘카페추천템으로등극된레전드조합.검증__김소희_260715_제과_박서연,5,0,27.0,0
2026-07-19,[제과_단백질 쉐이크] 26.06_단백질쉐이크출시_수동_전환_image,올영최저가비교_0714,[26.07]F_I_SK혼_전환_단백질쉐이크출시_혜택강조형_올영최저가비교_.배너_재고소진임박.네고형.확장__이유빈_260714_제과_문다현,664,14,8703.0,1
2026-07-19,[제과_블트하] 26.07_블트깡출시_수동_전환_video_전체타겟,BP이식형2_블트깡출시 (KR1/2),[26.07]F_V_BT깡_전환_블트깡출시_쩜오건_대세감실체.KR1_main.릴스_창고형매장실체.X_1P_김소희_260715_제과_문형민,62,0,1710.0,0
2026-07-19,(마스터ASC)[제과_블트하] 26.07_블트깡출시_ASC_전환_video,(마스터ASC)[제과_블트하] 26.07_블트깡출시_ASC_전환_video,[26.07]F_V_BT깡_전환_블트깡출시_쩜오건_대세감실체.KR1_var2.릴스_여배우유튜브.X_1P_김소희_260715_제과_문형민,5,1,52.0,0
2026-07-19,[제과_블트하] 26.07_블트깡출시_수동_전환_video_전체타겟,BP이식형2_블트깡출시 (KR1/2),[26.07]F_V_BT깡_전환_블트깡출시_쩜오건_맛조합맥주.KR1_main.릴스_제품후킹.X_1P_김소희_260715_제과_문형민,1846,92,35337.0,10
2026-07-19,[제과_블트하] 26.07_블트깡출시_수동_전환_video_전체타겟,BP이식형2_블트깡출시 (KR1/2),[26.07]F_V_BT깡_전환_블트깡출시_쩜오건_원재료강조.KR2_main.릴스_자르는ver.X_1P_김소희_260715_제과_문형민,206,9,4461.0,2
2026-07-19,(마스터ASC)[제과_블트하] 26.07_블트깡출시_ASC_전환_video,(마스터ASC)[제과_블트하] 26.07_블트깡출시_ASC_전환_video,[26.07]F_V_BT깡_전환_블트깡출시_쩜오건_원재료강조.KR2_var1.릴스_떨어지는ver.X_1P_김소희_260715_제과_문형민,8,0,133.0,0
2026-07-19,[제과_블트하] 26.07_블트깡출시_수동_전환_video_전체타겟,BP이식형2_블트깡출시 (KR1/2),[26.07]F_V_BT깡_전환_블트깡출시_쩜오건_원재료강조.KR2_var1.릴스_떨어지는ver.X_1P_김소희_260715_제과_문형민,643,26,13408.0,6
2026-07-19,[제과_블트하] 26.07_블트깡출시_수동_전환_video_전체타겟,BP이식형_블트깡출시 (KR1),[26.07]F_V_BT깡_전환_블트깡출시_쩜오건_내돈내산리뷰.KR1_var1.릴스_역대급.X_1P_김소희_260715_제과_문형민,362,13,5981.0,1
2026-07-19,[제과_블트하] 26.07_블트깡출시_수동_전환_video_전체타겟,BP이식형_블트깡출시 (KR1),[26.07]F_V_BT깡_전환_블트깡출시_쩜오건_내돈내산리뷰.KR1_main.릴스_조용히출시.X_1P_김소희_260715_제과_문형민,254,5,5108.0,0
2026-07-19,[제과_블트하] 26.07_블트깡출시_수동_전환_video_전체타겟,BP이식형_블트깡출시 (KR1),[26.07]F_V_BT깡_전환_블트깡출시_쩜오건_내돈내산리뷰.KR1_var2.릴스_SNS.X_1P_김소희_260715_제과_문형민,1,0,10.0,0
2026-07-19,[제과_블트하] 26.07_블트깡출시_수동_전환_video_전체타겟,BP이식형_블트깡출시 (KR1),[26.07]F_V_BT깡_전환_블트깡출시_쩜오건_리액션과장.KR1_var4.릴스_출시.제품후킹.X_1P_김소희_260715_제과_문형민,3,0,40.0,0
2026-07-19,[제과_블트하] 26.07_블트깡출시_수동_전환_video_전체타겟,BP이식형_블트깡출시 (KR1),[26.07]F_V_BT깡_전환_블트깡출시_쩜오건_리액션과장.KR1_var1.릴스_트러플하몽.맛후킹.X_1P_김소희_260715_제과_문형민,27949,1104,507638.0,131
2026-07-19,[제과_블트하] 26.07_블트깡출시_수동_전환_video_전체타겟,BP이식형_블트깡출시 (KR1),[26.07]F_V_BT깡_전환_블트깡출시_쩜오건_리액션과장.KR1_main.릴스_트러플하몽.제품후킹.X_1P_김소희_260715_제과_문형민,1,0,7.0,0
2026-07-19,(마스터ASC)[제과_블트하] 26.07_블트깡출시_ASC_전환_video,(마스터ASC)[제과_블트하] 26.07_블트깡출시_ASC_전환_video,[26.07]F_V_BT깡_전환_블트깡출시_쩜오건_내돈내산리뷰.KR1_var1.릴스_역대급.X_1P_김소희_260715_제과_문형민,4,0,105.0,0
2026-07-19,[제과_블트하] 26.07_블트깡출시_수동_전환_video_전체타겟,BP이식형_블트깡출시 (KR1),[26.07]F_V_BT깡_전환_블트깡출시_쩜오건_리액션과장.KR1_var5.릴스_출시.맛후킹.X_1P_김소희_260715_제과_문형민,12055,347,166325.0,43
2026-07-19,(마스터ASC)[제과_블트하] 26.07_블트깡출시_ASC_전환_image,(마스터ASC)[제과_블트하] 26.07_블트깡출시_ASC_전환_image,[26.07]F_I_BT깡_전환_블트깡출시_혜택강조형_혜택강조형_.배너_18000-_개당천원대.7일만할인해요.검증__김소희_260715_제과_박서연,54,1,964.0,0
2026-07-19,(마스터ASC)[제과_블트하] 26.07_블트깡출시_ASC_전환_image,(마스터ASC)[제과_블트하] 26.07_블트깡출시_ASC_전환_image,[26.07]F_I_BT깡_전환_블트깡출시_혜택강조형_혜택강조형_.배너_프리미엄.고급진신상.검증__김소희_260715_제과_박서연,41,1,705.0,0
2026-07-19,[제과_블트하] 26.07_블트깡출시_수동_전환_image_전체타겟,3040대세감_블트깡출시 (KR1),[26.07]F_I_BT깡_전환_블트깡출시_혜택강조형_혜택강조형_.배너_마트기둥하나세웠다는.검증__김소희_260715_제과_박서연,1623,36,28081.0,3
2026-07-16,[제과_단백질 쉐이크] 26.06_단백질쉐이크출시_ASC_전환_video,[제과_단백질 쉐이크] 26.06_단백질쉐이크출시_ASC_전환_video,[26.07]F_V_SK혼_전환_단백질쉐이크출시_ai형_ai캐릭터.파우치.개당가강조_var4.릴스_팝콘캐릭터산책.X_2P_이유빈_260713_제과_이미진,64,1,699.0,0
2026-07-16,[제과_콘스프맛 팝콘] 26.05_콘스프맛팝콘출시_수동_전환_image,속세맛간식공감_콘스프맛팝콘_상시,[26.07]F_I_PC혼_전환_콘스프맛팝콘출시_혜택강조형__.배너_죽어라 운동해서 태운 칼로리 걱정이라면 간식부터 바꾸세요.확장__김소희_260713_제과_박서연,3,0,70.0,0
2026-07-16,[제과_단백질 쉐이크] 26.06_단백질쉐이크출시_수동_전환_image,올영최저가비교_0714,[26.07]F_I_SK혼_전환_단백질쉐이크출시_혜택강조형_올영최저가비교_.배너_지금어느정도싸냐면.네고형.확장__이유빈_260714_제과_문다현,21,1,311.0,0
2026-07-16,(마스터2) [제과_단백질 쉐이크] 26.07_단백질쉐이크출시_ASC_전환_image,(마스터2) [제과_단백질 쉐이크] 26.07_단백질쉐이크출시_ASC_전환_image,[26.07]F_I_SK곡_전환_단백질쉐이크출시_혜택강조형_올영최저가비교_.배너_글자그라데이션.쌀때젱이세요.네고형.팝콘.확장__이유빈_260714_제과_문다현,48,0,1103.0,0
2026-07-16,(마스터2) [제과_단백질 쉐이크] 26.07_단백질쉐이크출시_ASC_전환_image,(마스터2) [제과_단백질 쉐이크] 26.07_단백질쉐이크출시_ASC_전환_image,[26.07]F_I_SK혼_전환_단백질쉐이크출시_혜택강조형_올영최저가비교_.배너_지금어느정도싸냐면.네고형.확장__이유빈_260714_제과_문다현,107,2,1902.0,0
2026-07-16,(마스터2) [제과_단백질 쉐이크] 26.07_단백질쉐이크출시_ASC_전환_image,(마스터2) [제과_단백질 쉐이크] 26.07_단백질쉐이크출시_ASC_전환_image,[26.07]F_I_SK혼_전환_단백질쉐이크출시_혜택강조형_올영최저가비교_.배너_사이렌.네고형.팝콘.확장__이유빈_260714_제과_문다현,52,0,877.0,0
2026-07-16,(마스터2) [제과_단백질 쉐이크] 26.07_단백질쉐이크출시_ASC_전환_image,(마스터2) [제과_단백질 쉐이크] 26.07_단백질쉐이크출시_ASC_전환_image,[26.07]F_I_SK혼_전환_단백질쉐이크출시_혜택강조형_올영최저가비교_.배너_지금이제일저렴합니다.네고형.팝콘.확장__이유빈_260714_제과_문다현,230,6,4845.0,0
2026-07-16,[제과_블트하] 26.07_블트깡출시_수동_전환_video_전체타겟,오터BP_블트깡출시 (KR2),[26.07]F_V_BT깡_전환_블트깡출시_제조과정형_CS제조과정형.KR2_var1.릴스_중국산.슬기.X_1P_김소희_260715_제과_피재은,27985,841,532715.0,125
2026-07-16,[제과_블트하] 26.07_블트깡출시_수동_전환_video_전체타겟,오터BP_블트깡출시 (KR2),[26.07]F_V_BT깡_전환_블트깡출시_제조과정형_CS제조과정형.KR2_main.릴스_메인.슬기.X_1P_김소희_260715_제과_피재은,448,17,8069.0,0
2026-07-16,[제과_블트하] 26.07_블트깡출시_수동_전환_video_전체타겟,오터BP_블트깡출시 (KR2),[26.07]F_V_BT깡_전환_블트깡출시_제조과정형_CS제조과정형.KR2_var4.릴스_하몽.슬기.X_1P_김소희_260715_제과_피재은,577,13,11728.0,4
2026-07-16,[제과_블트하] 26.07_블트깡출시_수동_전환_video_전체타겟,오터BP_블트깡출시 (KR2),[26.07]F_V_BT깡_전환_블트깡출시_제조과정형_CS제조과정형.KR2_var3.릴스_트러플.슬기.X_1P_김소희_260715_제과_피재은,297,5,5235.0,0
2026-07-16,(마스터ASC)[제과_블트하] 26.07_블트깡출시_ASC_전환_video,(마스터ASC)[제과_블트하] 26.07_블트깡출시_ASC_전환_video,[26.07]F_V_BT깡_전환_블트깡출시_제조과정형_CS제조과정형.KR2_var4.릴스_하몽.슬기.X_1P_김소희_260715_제과_피재은,140,1,2760.0,0
2026-07-16,(마스터ASC)[제과_블트하] 26.07_블트깡출시_ASC_전환_video,(마스터ASC)[제과_블트하] 26.07_블트깡출시_ASC_전환_video,[26.07]F_V_BT깡_전환_블트깡출시_원가강조형_미틀리에BP.KR2_main.릴스_BP그대로.X_1P_최나영_260715_제과_강경연,11216,293,197939.0,38
2026-07-16,(마스터ASC)[제과_블트하] 26.07_블트깡출시_ASC_전환_video,(마스터ASC)[제과_블트하] 26.07_블트깡출시_ASC_전환_video,[26.07]F_V_BT깡_전환_블트깡출시_원가강조형_미틀리에BP.KR2_var2.릴스_맛.X_1P_최나영_260715_제과_강경연,985,33,14300.0,3
2026-07-16,[제과_블트하] 26.07_블트깡출시_수동_전환_video_전체타겟,미틀리에BP_블트깡출시 (KR2),[26.07]F_V_BT깡_전환_블트깡출시_원가강조형_미틀리에BP.KR2_var1.릴스_비교프레임.X_1P_최나영_260715_제과_강경연,13291,396,231526.0,51
2026-07-16,[제과_블트하] 26.07_블트깡출시_수동_전환_video_전체타겟,브릭샌드BP_블트깡출시 (KR1),[26.07]F_V_BT깡_전환_블트깡출시_신규BP_브릭샌드BP.KR1_var4.릴스_두쫀쿠버터떡.X_2P_김소희_260715_제과_윤성미,3260,83,49183.0,12
2026-07-16,(마스터ASC)[제과_블트하] 26.07_블트깡출시_ASC_전환_video,(마스터ASC)[제과_블트하] 26.07_블트깡출시_ASC_전환_video,[26.07]F_V_BT깡_전환_블트깡출시_신규BP_브릭샌드BP.KR1_main.릴스_메인.X_2P_김소희_260715_제과_윤성미,279,4,6205.0,0
2026-07-16,(마스터ASC)[제과_블트하] 26.07_블트깡출시_ASC_전환_video,(마스터ASC)[제과_블트하] 26.07_블트깡출시_ASC_전환_video,[26.07]F_V_BT깡_전환_블트깡출시_신규BP_브릭샌드BP.KR1_var2.릴스_연예인추천템.X_2P_김소희_260715_제과_윤성미,28,1,527.0,0
2026-07-16,[제과_블트하] 26.07_블트깡출시_수동_전환_video_전체타겟,브릭샌드BP_블트깡출시 (KR1),[26.07]F_V_BT깡_전환_블트깡출시_신규BP_브릭샌드BP.KR1_main.릴스_메인.X_2P_김소희_260715_제과_윤성미,7071,168,122946.0,24
2026-07-16,(마스터ASC)[제과_블트하] 26.07_블트깡출시_ASC_전환_video,(마스터ASC)[제과_블트하] 26.07_블트깡출시_ASC_전환_video,[26.07]F_V_BT깡_전환_블트깡출시_신규BP_브릭샌드BP.KR1_var3.릴스_트위터.X_2P_김소희_260715_제과_윤성미,280,7,6070.0,0
2026-07-16,[제과_블트하] 26.07_블트깡출시_수동_전환_video_전체타겟,브릭샌드BP_블트깡출시 (KR1),[26.07]F_V_BT깡_전환_블트깡출시_신규BP_브릭샌드BP.KR1_var1.릴스_창고형마트.X_2P_김소희_260715_제과_윤성미,291,7,5531.0,1
2026-07-16,(마스터ASC)[제과_블트하] 26.07_블트깡출시_ASC_전환_video,(마스터ASC)[제과_블트하] 26.07_블트깡출시_ASC_전환_video,[26.07]F_V_BT깡_전환_블트깡출시_쩜오건_대세감실체.KR1_var1.릴스_유명남돌라방.X_1P_김소희_260715_제과_문형민,8,1,119.0,0
2026-07-17,(마스터2) [제과_단백질 쉐이크] 26.07_단백질쉐이크출시_ASC_전환_image,(마스터2) [제과_단백질 쉐이크] 26.07_단백질쉐이크출시_ASC_전환_image,[26.07]F_I_SK혼_전환_단백질쉐이크출시_혜택강조형_파우치.개당가강조_.배너_특정시점.대형할인급.네고왕기다릴필요.확장__이유빈_260707_제과_김수정,39,2,1375.0,2
2026-07-17,[제과_단백질 쉐이크] 26.06_단백질쉐이크출시_ASC_전환_video,[제과_단백질 쉐이크] 26.06_단백질쉐이크출시_ASC_전환_video,[26.07]F_V_SK혼_전환_단백질쉐이크출시_신규BP_고객검증형.파우치.개당가강조_var3.릴스_비싼단쉐천원.X_2P_이유빈_260710_제과_이미진,1,0,12.0,0
2026-07-17,[제과_단백질 쉐이크] 26.06_단백질쉐이크출시_ASC_전환_video,[제과_단백질 쉐이크] 26.06_단백질쉐이크출시_ASC_전환_video,[26.07]F_V_SK혼_전환_단백질쉐이크출시_ai형_ai캐릭터.파우치.개당가강조_var4.릴스_팝콘캐릭터산책.X_2P_이유빈_260713_제과_이미진,7,0,110.0,0
2026-07-17,[제과_단백질 쉐이크] 26.06_단백질쉐이크출시_수동_전환_image,올영최저가비교_0714,[26.07]F_I_SK혼_전환_단백질쉐이크출시_혜택강조형_올영최저가비교_.배너_지금어느정도싸냐면.네고형.확장__이유빈_260714_제과_문다현,3,0,51.0,0
2026-07-17,[제과_블트하] 26.07_블트깡출시_수동_전환_video_전체타겟,오터BP_블트깡출시 (KR2),[26.07]F_V_BT깡_전환_블트깡출시_제조과정형_CS제조과정형.KR2_var1.릴스_중국산.슬기.X_1P_김소희_260715_제과_피재은,10015,280,223879.0,37
2026-07-17,[제과_블트하] 26.07_블트깡출시_수동_전환_video_전체타겟,오터BP_블트깡출시 (KR2),[26.07]F_V_BT깡_전환_블트깡출시_제조과정형_CS제조과정형.KR2_var4.릴스_하몽.슬기.X_1P_김소희_260715_제과_피재은,83,0,1137.0,0
2026-07-17,(마스터ASC)[제과_블트하] 26.07_블트깡출시_ASC_전환_video,(마스터ASC)[제과_블트하] 26.07_블트깡출시_ASC_전환_video,[26.07]F_V_BT깡_전환_블트깡출시_제조과정형_CS제조과정형.KR2_var4.릴스_하몽.슬기.X_1P_김소희_260715_제과_피재은,32,1,755.0,0
2026-07-17,(마스터ASC)[제과_블트하] 26.07_블트깡출시_ASC_전환_video,(마스터ASC)[제과_블트하] 26.07_블트깡출시_ASC_전환_video,[26.07]F_V_BT깡_전환_블트깡출시_원가강조형_미틀리에BP.KR2_main.릴스_BP그대로.X_1P_최나영_260715_제과_강경연,4781,171,84463.0,17
2026-07-17,(마스터ASC)[제과_블트하] 26.07_블트깡출시_ASC_전환_video,(마스터ASC)[제과_블트하] 26.07_블트깡출시_ASC_전환_video,[26.07]F_V_BT깡_전환_블트깡출시_원가강조형_미틀리에BP.KR2_var2.릴스_맛.X_1P_최나영_260715_제과_강경연,62790,2248,944332.0,285
2026-07-17,[제과_블트하] 26.07_블트깡출시_수동_전환_video_전체타겟,미틀리에BP_블트깡출시 (KR2),[26.07]F_V_BT깡_전환_블트깡출시_원가강조형_미틀리에BP.KR2_var1.릴스_비교프레임.X_1P_최나영_260715_제과_강경연,16848,540,306458.0,43
2026-07-17,[제과_블트하] 26.07_블트깡출시_수동_전환_video_전체타겟,브릭샌드BP_블트깡출시 (KR1),[26.07]F_V_BT깡_전환_블트깡출시_신규BP_브릭샌드BP.KR1_var4.릴스_두쫀쿠버터떡.X_2P_김소희_260715_제과_윤성미,3298,73,50036.0,10
2026-07-17,(마스터ASC)[제과_블트하] 26.07_블트깡출시_ASC_전환_video,(마스터ASC)[제과_블트하] 26.07_블트깡출시_ASC_전환_video,[26.07]F_V_BT깡_전환_블트깡출시_신규BP_브릭샌드BP.KR1_var2.릴스_연예인추천템.X_2P_김소희_260715_제과_윤성미,8,0,155.0,0
2026-07-17,[제과_블트하] 26.07_블트깡출시_수동_전환_video_전체타겟,브릭샌드BP_블트깡출시 (KR1),[26.07]F_V_BT깡_전환_블트깡출시_신규BP_브릭샌드BP.KR1_main.릴스_메인.X_2P_김소희_260715_제과_윤성미,1006,18,15364.0,1
2026-07-17,(마스터ASC)[제과_블트하] 26.07_블트깡출시_ASC_전환_video,(마스터ASC)[제과_블트하] 26.07_블트깡출시_ASC_전환_video,[26.07]F_V_BT깡_전환_블트깡출시_쩜오건_대세감실체.KR1_var1.릴스_유명남돌라방.X_1P_김소희_260715_제과_문형민,3,0,59.0,0
2026-07-18,[제과_콘스프맛 팝콘] 26.05_콘스프맛팝콘출시_수동_전환_image,속세맛간식공감_콘스프맛팝콘_상시,[26.07]F_I_PC혼_전환_콘스프맛팝콘출시_혜택강조형__.배너_죽어라 운동해서 태운 칼로리 걱정이라면 간식부터 바꾸세요.확장__김소희_260713_제과_박서연,9,1,203.0,0
2026-07-18,[제과_블트하] 26.07_블트깡출시_수동_전환_video_전체타겟,오터BP_블트깡출시 (KR2),[26.07]F_V_BT깡_전환_블트깡출시_제조과정형_CS제조과정형.KR2_var1.릴스_중국산.슬기.X_1P_김소희_260715_제과_피재은,3406,133,79712.0,13
2026-07-18,[제과_블트하] 26.07_블트깡출시_수동_전환_video_전체타겟,오터BP_블트깡출시 (KR2),[26.07]F_V_BT깡_전환_블트깡출시_제조과정형_CS제조과정형.KR2_var4.릴스_하몽.슬기.X_1P_김소희_260715_제과_피재은,9,0,116.0,0
2026-07-18,(마스터ASC)[제과_블트하] 26.07_블트깡출시_ASC_전환_video,(마스터ASC)[제과_블트하] 26.07_블트깡출시_ASC_전환_video,[26.07]F_V_BT깡_전환_블트깡출시_제조과정형_CS제조과정형.KR2_var4.릴스_하몽.슬기.X_1P_김소희_260715_제과_피재은,48,6,1142.0,2
2026-07-18,(마스터ASC)[제과_블트하] 26.07_블트깡출시_ASC_전환_video,(마스터ASC)[제과_블트하] 26.07_블트깡출시_ASC_전환_video,[26.07]F_V_BT깡_전환_블트깡출시_원가강조형_미틀리에BP.KR2_var2.릴스_맛.X_1P_최나영_260715_제과_강경연,16764,793,333798.0,99
2026-07-18,[제과_블트하] 26.07_블트깡출시_수동_전환_video_전체타겟,미틀리에BP_블트깡출시 (KR2),[26.07]F_V_BT깡_전환_블트깡출시_원가강조형_미틀리에BP.KR2_var1.릴스_비교프레임.X_1P_최나영_260715_제과_강경연,8497,393,162795.0,43
2026-07-18,[제과_블트하] 26.07_블트깡출시_수동_전환_video_전체타겟,브릭샌드BP_블트깡출시 (KR1),[26.07]F_V_BT깡_전환_블트깡출시_신규BP_브릭샌드BP.KR1_var4.릴스_두쫀쿠버터떡.X_2P_김소희_260715_제과_윤성미,7339,230,120018.0,32
2026-07-18,(마스터ASC)[제과_블트하] 26.07_블트깡출시_ASC_전환_video,(마스터ASC)[제과_블트하] 26.07_블트깡출시_ASC_전환_video,[26.07]F_V_BT깡_전환_블트깡출시_신규BP_브릭샌드BP.KR1_var2.릴스_연예인추천템.X_2P_김소희_260715_제과_윤성미,45,2,1377.0,0
2026-07-19,(마스터2) [제과_단백질 쉐이크] 26.07_단백질쉐이크출시_ASC_전환_image,(마스터2) [제과_단백질 쉐이크] 26.07_단백질쉐이크출시_ASC_전환_image,[26.07]F_I_SK혼_전환_단백질쉐이크출시_혜택강조형_파우치.개당가강조_.배너_특정시점.대형할인급.네고왕기다릴필요.확장__이유빈_260707_제과_김수정,238,6,4554.0,0
2026-07-19,[제과_단백질 쉐이크] 26.06_단백질쉐이크출시_ASC_전환_video,[제과_단백질 쉐이크] 26.06_단백질쉐이크출시_ASC_전환_video,[26.07]F_V_SK혼_전환_단백질쉐이크출시_신규BP_고객검증형.파우치.개당가강조_var3.릴스_비싼단쉐천원.X_2P_이유빈_260710_제과_이미진,14,1,282.0,0
2026-07-19,[제과_콘스프맛 팝콘] 26.05_콘스프맛팝콘출시_수동_전환_image,속세맛간식공감_콘스프맛팝콘_상시,[26.07]F_I_PC혼_전환_콘스프맛팝콘출시_혜택강조형__.배너_죽어라 운동해서 태운 칼로리 걱정이라면 간식부터 바꾸세요.확장__김소희_260713_제과_박서연,2,0,59.0,0
2026-07-19,[제과_단백질 쉐이크] 26.06_단백질쉐이크출시_수동_전환_image,올영최저가비교_0714,[26.07]F_I_SK혼_전환_단백질쉐이크출시_혜택강조형_올영최저가비교_.배너_지금어느정도싸냐면.네고형.확장__이유빈_260714_제과_문다현,36,1,915.0,0
2026-07-19,[제과_블트하] 26.07_블트깡출시_수동_전환_video_전체타겟,오터BP_블트깡출시 (KR2),[26.07]F_V_BT깡_전환_블트깡출시_제조과정형_CS제조과정형.KR2_var1.릴스_중국산.슬기.X_1P_김소희_260715_제과_피재은,5487,230,121245.0,32
2026-07-19,[제과_블트하] 26.07_블트깡출시_수동_전환_video_전체타겟,오터BP_블트깡출시 (KR2),[26.07]F_V_BT깡_전환_블트깡출시_제조과정형_CS제조과정형.KR2_var4.릴스_하몽.슬기.X_1P_김소희_260715_제과_피재은,30,1,907.0,0
2026-07-19,(마스터ASC)[제과_블트하] 26.07_블트깡출시_ASC_전환_video,(마스터ASC)[제과_블트하] 26.07_블트깡출시_ASC_전환_video,[26.07]F_V_BT깡_전환_블트깡출시_제조과정형_CS제조과정형.KR2_var4.릴스_하몽.슬기.X_1P_김소희_260715_제과_피재은,25,1,632.0,0
2026-07-19,(마스터ASC)[제과_블트하] 26.07_블트깡출시_ASC_전환_video,(마스터ASC)[제과_블트하] 26.07_블트깡출시_ASC_전환_video,[26.07]F_V_BT깡_전환_블트깡출시_원가강조형_미틀리에BP.KR2_var2.릴스_맛.X_1P_최나영_260715_제과_강경연,2436,117,41287.0,5
2026-07-19,[제과_블트하] 26.07_블트깡출시_수동_전환_video_전체타겟,미틀리에BP_블트깡출시 (KR2),[26.07]F_V_BT깡_전환_블트깡출시_원가강조형_미틀리에BP.KR2_var1.릴스_비교프레임.X_1P_최나영_260715_제과_강경연,39291,1674,496094.0,141
2026-07-19,[제과_블트하] 26.07_블트깡출시_수동_전환_video_전체타겟,브릭샌드BP_블트깡출시 (KR1),[26.07]F_V_BT깡_전환_블트깡출시_신규BP_브릭샌드BP.KR1_var4.릴스_두쫀쿠버터떡.X_2P_김소희_260715_제과_윤성미,694,18,10133.0,1
2026-07-16,[제과_콘스프맛 팝콘] 26.05_콘스프맛팝콘출시_수동_전환_video,전화네고형_팝콘더블특가_콘스프맛 (~7/1),[26.06]F_V_PC콘_전환_팝콘더블특가_네고형_전화네고형.다이어트_var3.릴스_SP.슬기.X_1P_최나영_260625_제과_피재은,637,10,7132.0,2
2026-07-16,[제과_콘스프맛 팝콘] 26.05_콘스프맛팝콘출시_수동_전환_image,속세맛간식공감_콘스프맛팝콘_상시,[26.07]F_I_PC혼_전환_콘스프맛팝콘출시_혜택강조형__.배너_사과문.시즈닝가루.뿌링클급.개당1천원대.확장__김소희_260710_제과_문다현,21,1,241.0,0
2026-07-16,[제과_단백질 쉐이크] 26.06_단백질쉐이크출시_수동_전환_image,올영최저가비교_0714,[26.07]F_I_SK초_전환_단백질쉐이크출시_혜택강조형_올영최저가비교_.배너_세일기다리시는분들.네고형.확장__이유빈_260714_제과_문다현,6612,141,96466.0,12
2026-07-16,[제과_단백질 쉐이크] 26.06_단백질쉐이크출시_수동_전환_image,올영최저가비교_0714,[26.07]F_I_SK혼_전환_단백질쉐이크출시_혜택강조형_올영최저가비교_.배너_이제다른데서비싸게사지마세요.네고형.확장__이유빈_260714_제과_문다현,7,0,154.0,0
2026-07-16,[제과_단백질 쉐이크] 26.06_단백질쉐이크출시_수동_전환_image,올영최저가비교_0714,[26.07]F_I_SK초_전환_단백질쉐이크출시_혜택강조형_올영최저가비교_.배너_핑크박스.네고형.수량소진시정상가.확장__이유빈_260714_제과_문다현,25,1,566.0,0
2026-07-16,[제과_단백질 쉐이크] 26.06_단백질쉐이크출시_수동_전환_image,올영최저가비교_0714,[26.07]F_I_SK혼_전환_단백질쉐이크출시_혜택강조형_올영최저가비교_.배너_올영보다쌀때쟁이세요.네고형.팝콘.확장__이유빈_260714_제과_문다현,14,0,463.0,0
2026-07-16,(마스터2) [제과_단백질 쉐이크] 26.07_단백질쉐이크출시_ASC_전환_image,(마스터2) [제과_단백질 쉐이크] 26.07_단백질쉐이크출시_ASC_전환_image,[26.07]F_I_SK혼_전환_단백질쉐이크출시_혜택강조형_올영최저가비교_.배너_초록그라데이션.기다리는분들.여기가더싸요.네고형.확장__이유빈_260714_제과_문다현,657,3,14744.0,0
2026-07-16,[제과_단백질 쉐이크] 26.06_단백질쉐이크출시_수동_전환_image,올영최저가비교_0714,[26.07]F_I_SK혼_전환_단백질쉐이크출시_혜택강조형_올영최저가비교_.배너_초록그라데이션.기다리는분들.여기가더싸요.네고형.확장__이유빈_260714_제과_문다현,7,0,63.0,0
2026-07-16,[제과_단백질 쉐이크] 26.06_단백질쉐이크출시_수동_전환_image,올영최저가비교_0714,[26.07]F_I_SK혼_전환_단백질쉐이크출시_혜택강조형_올영최저가비교_.배너_곧종료됩니다.네고형.팝콘.확장__이유빈_260714_제과_문다현,14,1,215.0,0
2026-07-16,[제과_단백질 쉐이크] 26.06_단백질쉐이크출시_수동_전환_image,올영최저가비교_0714,[26.07]F_I_SK혼_전환_단백질쉐이크출시_혜택강조형_올영최저가비교_.배너_다시는없어요.네고형.확장__이유빈_260714_제과_문다현,133,3,3250.0,0
2026-07-16,[제과_단백질 쉐이크] 26.06_단백질쉐이크출시_수동_전환_image,올영최저가비교_0714,[26.07]F_I_SK곡_전환_단백질쉐이크출시_혜택강조형_올영최저가비교_.배너_느낌표.네고형.팝콘.확장__이유빈_260714_제과_문다현,44,1,755.0,0
2026-07-16,(마스터2) [제과_단백질 쉐이크] 26.07_단백질쉐이크출시_ASC_전환_image,(마스터2) [제과_단백질 쉐이크] 26.07_단백질쉐이크출시_ASC_전환_image,[26.07]F_I_SK혼_전환_단백질쉐이크출시_혜택강조형_올영최저가비교_.배너_재고소진임박.네고형.확장__이유빈_260714_제과_문다현,474,7,8669.0,0
2026-07-16,[제과_단백질 쉐이크] 26.06_단백질쉐이크출시_수동_전환_image,올영최저가비교_0714,[26.07]F_I_SK혼_전환_단백질쉐이크출시_혜택강조형_올영최저가비교_.배너_폭싹깎았어요.네고형.확장__이유빈_260714_제과_문다현,19,0,391.0,0
2026-07-16,[제과_단백질 쉐이크] 26.06_단백질쉐이크출시_수동_전환_image,올영최저가비교_0714,[26.07]F_I_SK곡_전환_단백질쉐이크출시_혜택강조형_올영최저가비교_.배너_글자그라데이션.쌀때젱이세요.네고형.팝콘.확장__이유빈_260714_제과_문다현,52,0,1032.0,0
2026-07-16,[제과_단백질 쉐이크] 26.06_단백질쉐이크출시_수동_전환_image,올영최저가비교_0714,[26.07]F_I_SK혼_전환_단백질쉐이크출시_혜택강조형_올영최저가비교_.배너_사이렌.네고형.팝콘.확장__이유빈_260714_제과_문다현,82,2,1723.0,3
2026-07-16,[제과_단백질 쉐이크] 26.06_단백질쉐이크출시_수동_전환_image,올영최저가비교_0714,[26.07]F_I_SK혼_전환_단백질쉐이크출시_혜택강조형_올영최저가비교_.배너_안사고버티길잘했다.네고형.확장__이유빈_260714_제과_문다현,517,16,10571.0,0
2026-07-16,[제과_단백질 쉐이크] 26.06_단백질쉐이크출시_수동_전환_image,올영최저가비교_0714,[26.07]F_I_SK혼_전환_단백질쉐이크출시_혜택강조형_올영최저가비교_.배너_네컷.네고형.확장__이유빈_260714_제과_문다현,33,0,740.0,0
2026-07-16,[제과_단백질 쉐이크] 26.06_단백질쉐이크출시_수동_전환_image,올영최저가비교_0714,[26.07]F_I_SK혼_전환_단백질쉐이크출시_혜택강조형_올영최저가비교_.배너_지금이제일저렴합니다.네고형.팝콘.확장__이유빈_260714_제과_문다현,2116,38,34555.0,2
2026-07-16,[제과_단백질 쉐이크] 26.06_단백질쉐이크출시_수동_전환_image,올영최저가비교_0714,[26.07]F_I_SK혼_전환_단백질쉐이크출시_혜택강조형_올영최저가비교_.배너_남들보다훨씬싸게.네고형.확장__이유빈_260714_제과_문다현,24,0,594.0,0
2026-07-16,(마스터2) [제과_단백질 쉐이크] 26.07_단백질쉐이크출시_ASC_전환_image,(마스터2) [제과_단백질 쉐이크] 26.07_단백질쉐이크출시_ASC_전환_image,[26.07]F_I_SK혼_전환_단백질쉐이크출시_혜택강조형_올영최저가비교_.배너_시말서는미리써뒀습니다.네고형.확장__이유빈_260714_제과_문다현,3425,59,52824.0,4
2026-07-16,(마스터2) [제과_단백질 쉐이크] 26.07_단백질쉐이크출시_ASC_전환_image,(마스터2) [제과_단백질 쉐이크] 26.07_단백질쉐이크출시_ASC_전환_image,[26.07]F_I_SK초_전환_단백질쉐이크출시_혜택강조형_올영최저가비교_.배너_세일기다리시는분들.네고형.확장__이유빈_260714_제과_문다현,62,2,1454.0,0
2026-07-16,(마스터2) [제과_단백질 쉐이크] 26.07_단백질쉐이크출시_ASC_전환_image,(마스터2) [제과_단백질 쉐이크] 26.07_단백질쉐이크출시_ASC_전환_image,[26.07]F_I_SK혼_전환_단백질쉐이크출시_혜택강조형_올영최저가비교_.배너_곧종료됩니다.네고형.팝콘.확장__이유빈_260714_제과_문다현,370,9,4940.0,1
2026-07-16,(마스터2) [제과_단백질 쉐이크] 26.07_단백질쉐이크출시_ASC_전환_image,(마스터2) [제과_단백질 쉐이크] 26.07_단백질쉐이크출시_ASC_전환_image,[26.07]F_I_SK혼_전환_단백질쉐이크출시_혜택강조형_올영최저가비교_.배너_다시는없어요.네고형.확장__이유빈_260714_제과_문다현,189,0,3294.0,0
2026-07-16,(마스터2) [제과_단백질 쉐이크] 26.07_단백질쉐이크출시_ASC_전환_image,(마스터2) [제과_단백질 쉐이크] 26.07_단백질쉐이크출시_ASC_전환_image,[26.07]F_I_SK초_전환_단백질쉐이크출시_혜택강조형_올영최저가비교_.배너_별제목.네고형.팝콘.확장__이유빈_260714_제과_문다현,57,0,1199.0,0
2026-07-17,[제과_콘스프맛 팝콘] 26.05_콘스프맛팝콘출시_수동_전환_video,전화네고형_팝콘더블특가_콘스프맛 (~7/1),[26.06]F_V_PC콘_전환_팝콘더블특가_네고형_전화네고형.다이어트_var3.릴스_SP.슬기.X_1P_최나영_260625_제과_피재은,47,0,756.0,0
2026-07-17,[제과_콘스프맛 팝콘] 26.05_콘스프맛팝콘출시_수동_전환_image,속세맛간식공감_콘스프맛팝콘_상시,[26.07]F_I_PC혼_전환_콘스프맛팝콘출시_혜택강조형__.배너_사과문.시즈닝가루.뿌링클급.개당1천원대.확장__김소희_260710_제과_문다현,70,4,1005.0,0
2026-07-17,[제과_단백질 쉐이크] 26.06_단백질쉐이크출시_수동_전환_image,올영최저가비교_0714,[26.07]F_I_SK초_전환_단백질쉐이크출시_혜택강조형_올영최저가비교_.배너_세일기다리시는분들.네고형.확장__이유빈_260714_제과_문다현,3043,80,54835.0,2
2026-07-17,[제과_단백질 쉐이크] 26.06_단백질쉐이크출시_수동_전환_image,올영최저가비교_0714,[26.07]F_I_SK혼_전환_단백질쉐이크출시_혜택강조형_올영최저가비교_.배너_다시는없어요.네고형.확장__이유빈_260714_제과_문다현,5,0,334.0,0
2026-07-17,[제과_단백질 쉐이크] 26.06_단백질쉐이크출시_수동_전환_image,올영최저가비교_0714,[26.07]F_I_SK곡_전환_단백질쉐이크출시_혜택강조형_올영최저가비교_.배너_느낌표.네고형.팝콘.확장__이유빈_260714_제과_문다현,2,0,51.0,0
2026-07-17,[제과_단백질 쉐이크] 26.06_단백질쉐이크출시_수동_전환_image,올영최저가비교_0714,[26.07]F_I_SK혼_전환_단백질쉐이크출시_혜택강조형_올영최저가비교_.배너_폭싹깎았어요.네고형.확장__이유빈_260714_제과_문다현,4,0,58.0,0
2026-07-17,[제과_단백질 쉐이크] 26.06_단백질쉐이크출시_수동_전환_image,올영최저가비교_0714,[26.07]F_I_SK혼_전환_단백질쉐이크출시_혜택강조형_올영최저가비교_.배너_사이렌.네고형.팝콘.확장__이유빈_260714_제과_문다현,15,0,482.0,0
2026-07-17,[제과_단백질 쉐이크] 26.06_단백질쉐이크출시_수동_전환_image,올영최저가비교_0714,[26.07]F_I_SK혼_전환_단백질쉐이크출시_혜택강조형_올영최저가비교_.배너_안사고버티길잘했다.네고형.확장__이유빈_260714_제과_문다현,194,10,4535.0,1
2026-07-17,[제과_단백질 쉐이크] 26.06_단백질쉐이크출시_수동_전환_image,올영최저가비교_0714,[26.07]F_I_SK혼_전환_단백질쉐이크출시_혜택강조형_올영최저가비교_.배너_네컷.네고형.확장__이유빈_260714_제과_문다현,1,0,2.0,0
2026-07-17,(마스터2) [제과_단백질 쉐이크] 26.07_단백질쉐이크출시_ASC_전환_image,(마스터2) [제과_단백질 쉐이크] 26.07_단백질쉐이크출시_ASC_전환_image,[26.07]F_I_SK혼_전환_단백질쉐이크출시_혜택강조형_올영최저가비교_.배너_시말서는미리써뒀습니다.네고형.확장__이유빈_260714_제과_문다현,364,6,7153.0,3
2026-07-17,(마스터2) [제과_단백질 쉐이크] 26.07_단백질쉐이크출시_ASC_전환_image,(마스터2) [제과_단백질 쉐이크] 26.07_단백질쉐이크출시_ASC_전환_image,[26.07]F_I_SK혼_전환_단백질쉐이크출시_혜택강조형_올영최저가비교_.배너_곧종료됩니다.네고형.팝콘.확장__이유빈_260714_제과_문다현,131,3,2667.0,0
2026-07-17,(마스터2) [제과_단백질 쉐이크] 26.07_단백질쉐이크출시_ASC_전환_image,(마스터2) [제과_단백질 쉐이크] 26.07_단백질쉐이크출시_ASC_전환_image,[26.07]F_I_SK혼_전환_단백질쉐이크출시_혜택강조형_올영최저가비교_.배너_다시는없어요.네고형.확장__이유빈_260714_제과_문다현,108,3,2290.0,0
2026-07-18,[제과_단백질 쉐이크] 26.06_단백질쉐이크출시_수동_전환_image,올영최저가비교_0714,[26.07]F_I_SK초_전환_단백질쉐이크출시_혜택강조형_올영최저가비교_.배너_세일기다리시는분들.네고형.확장__이유빈_260714_제과_문다현,1131,31,15846.0,2
2026-07-18,[제과_단백질 쉐이크] 26.06_단백질쉐이크출시_수동_전환_image,올영최저가비교_0714,[26.07]F_I_SK혼_전환_단백질쉐이크출시_혜택강조형_올영최저가비교_.배너_올영보다쌀때쟁이세요.네고형.팝콘.확장__이유빈_260714_제과_문다현,39,2,995.0,0
2026-07-18,[제과_단백질 쉐이크] 26.06_단백질쉐이크출시_수동_전환_image,올영최저가비교_0714,[26.07]F_I_SK혼_전환_단백질쉐이크출시_혜택강조형_올영최저가비교_.배너_다시는없어요.네고형.확장__이유빈_260714_제과_문다현,448,16,7931.0,0
2026-07-18,[제과_단백질 쉐이크] 26.06_단백질쉐이크출시_수동_전환_image,올영최저가비교_0714,[26.07]F_I_SK혼_전환_단백질쉐이크출시_혜택강조형_올영최저가비교_.배너_안사고버티길잘했다.네고형.확장__이유빈_260714_제과_문다현,395,21,7301.0,1
2026-07-18,[제과_단백질 쉐이크] 26.06_단백질쉐이크출시_수동_전환_image,올영최저가비교_0714,[26.07]F_I_SK혼_전환_단백질쉐이크출시_혜택강조형_올영최저가비교_.배너_남들보다훨씬싸게.네고형.확장__이유빈_260714_제과_문다현,62,3,1132.0,0
2026-07-18,(마스터2) [제과_단백질 쉐이크] 26.07_단백질쉐이크출시_ASC_전환_image,(마스터2) [제과_단백질 쉐이크] 26.07_단백질쉐이크출시_ASC_전환_image,[26.07]F_I_SK혼_전환_단백질쉐이크출시_혜택강조형_올영최저가비교_.배너_곧종료됩니다.네고형.팝콘.확장__이유빈_260714_제과_문다현,342,14,8068.0,0
2026-07-18,(마스터2) [제과_단백질 쉐이크] 26.07_단백질쉐이크출시_ASC_전환_image,(마스터2) [제과_단백질 쉐이크] 26.07_단백질쉐이크출시_ASC_전환_image,[26.07]F_I_SK혼_전환_단백질쉐이크출시_혜택강조형_올영최저가비교_.배너_다시는없어요.네고형.확장__이유빈_260714_제과_문다현,27,0,640.0,0
2026-07-19,[제과_콘스프맛 팝콘] 26.05_콘스프맛팝콘출시_수동_전환_video,전화네고형_팝콘더블특가_콘스프맛 (~7/1),[26.06]F_V_PC콘_전환_팝콘더블특가_네고형_전화네고형.다이어트_var3.릴스_SP.슬기.X_1P_최나영_260625_제과_피재은,95,0,996.0,0
2026-07-19,[제과_단백질 쉐이크] 26.06_단백질쉐이크출시_수동_전환_image,올영최저가비교_0714,[26.07]F_I_SK혼_전환_단백질쉐이크출시_혜택강조형_올영최저가비교_.배너_이제다른데서비싸게사지마세요.네고형.확장__이유빈_260714_제과_문다현,142,10,2761.0,0
2026-07-19,[제과_단백질 쉐이크] 26.06_단백질쉐이크출시_수동_전환_image,올영최저가비교_0714,[26.07]F_I_SK혼_전환_단백질쉐이크출시_혜택강조형_올영최저가비교_.배너_올영보다쌀때쟁이세요.네고형.팝콘.확장__이유빈_260714_제과_문다현,72,3,1154.0,0
2026-07-19,[제과_단백질 쉐이크] 26.06_단백질쉐이크출시_수동_전환_image,올영최저가비교_0714,[26.07]F_I_SK혼_전환_단백질쉐이크출시_혜택강조형_올영최저가비교_.배너_초록그라데이션.기다리는분들.여기가더싸요.네고형.확장__이유빈_260714_제과_문다현,7,0,351.0,0
2026-07-19,[제과_단백질 쉐이크] 26.06_단백질쉐이크출시_수동_전환_image,올영최저가비교_0714,[26.07]F_I_SK혼_전환_단백질쉐이크출시_혜택강조형_올영최저가비교_.배너_곧종료됩니다.네고형.팝콘.확장__이유빈_260714_제과_문다현,20,1,409.0,0
2026-07-19,[제과_단백질 쉐이크] 26.06_단백질쉐이크출시_수동_전환_image,올영최저가비교_0714,[26.07]F_I_SK혼_전환_단백질쉐이크출시_혜택강조형_올영최저가비교_.배너_다시는없어요.네고형.확장__이유빈_260714_제과_문다현,772,20,15791.0,2
2026-07-19,[제과_단백질 쉐이크] 26.06_단백질쉐이크출시_수동_전환_image,올영최저가비교_0714,[26.07]F_I_SK혼_전환_단백질쉐이크출시_혜택강조형_올영최저가비교_.배너_폭싹깎았어요.네고형.확장__이유빈_260714_제과_문다현,7,0,70.0,0
2026-07-19,[제과_단백질 쉐이크] 26.06_단백질쉐이크출시_수동_전환_image,올영최저가비교_0714,[26.07]F_I_SK혼_전환_단백질쉐이크출시_혜택강조형_올영최저가비교_.배너_사이렌.네고형.팝콘.확장__이유빈_260714_제과_문다현,28,0,392.0,0
2026-07-19,[제과_단백질 쉐이크] 26.06_단백질쉐이크출시_수동_전환_image,올영최저가비교_0714,[26.07]F_I_SK혼_전환_단백질쉐이크출시_혜택강조형_올영최저가비교_.배너_남들보다훨씬싸게.네고형.확장__이유빈_260714_제과_문다현,13,0,372.0,0
2026-07-19,(마스터2) [제과_단백질 쉐이크] 26.07_단백질쉐이크출시_ASC_전환_image,(마스터2) [제과_단백질 쉐이크] 26.07_단백질쉐이크출시_ASC_전환_image,[26.07]F_I_SK혼_전환_단백질쉐이크출시_혜택강조형_올영최저가비교_.배너_다시는없어요.네고형.확장__이유빈_260714_제과_문다현,79,0,1361.0,0
2026-07-16,(마스터2) [제과_단백질 쉐이크] 26.07_단백질쉐이크출시_ASC_전환_image,(마스터2) [제과_단백질 쉐이크] 26.07_단백질쉐이크출시_ASC_전환_image,[26.07]F_I_SK초_전환_단백질쉐이크출시_혜택강조형_파우치.개당가강조_.배너_특정시점.대형할인급.올영원쁠원이긴.확장__이유빈_260707_제과_김수정,41,0,653.0,0
2026-07-16,[제과_단백질 쉐이크] 26.06_단백질쉐이크출시_수동_전환_video,AI캐릭터형_0713,[26.07]F_V_SK혼_전환_단백질쉐이크출시_ai형_ai캐릭터.파우치.개당가강조_var3.릴스_먹방코코볼단쉐.X_2P_이유빈_260713_제과_이미진,1150,37,21408.0,0
2026-07-16,[제과_단백질 쉐이크] 26.06_단백질쉐이크출시_ASC_전환_video,[제과_단백질 쉐이크] 26.06_단백질쉐이크출시_ASC_전환_video,[26.07]F_V_SK혼_전환_단백질쉐이크출시_ai형_ai캐릭터.파우치.개당가강조_var5.릴스_팝콘산책.X_2P_이유빈_260713_제과_이미진,7,0,82.0,0
2026-07-16,[제과_단백질 쉐이크] 26.06_단백질쉐이크출시_ASC_전환_video,[제과_단백질 쉐이크] 26.06_단백질쉐이크출시_ASC_전환_video,[26.07]F_V_SK혼_전환_단백질쉐이크출시_ai형_ai캐릭터.파우치.개당가강조_var1.릴스_제품코코볼단쉐.X_2P_이유빈_260713_제과_이미진,6,0,32.0,0
2026-07-16,[제과_단백질 쉐이크] 26.06_단백질쉐이크출시_ASC_전환_video,[제과_단백질 쉐이크] 26.06_단백질쉐이크출시_ASC_전환_video,[26.07]F_V_SK혼_전환_단백질쉐이크출시_ai형_ai캐릭터.파우치.개당가강조_main.릴스_제품대용량비교.X_2P_이유빈_260713_제과_이미진,21,0,262.0,0
2026-07-16,[제과_콘스프맛 팝콘] 26.05_콘스프맛팝콘출시_수동_전환_image,속세맛간식공감_콘스프맛팝콘_상시,"[26.07]F_I_PC혼_전환_콘스프맛팝콘출시_혜택강조형__.배너_당은 2g, 죄책감은 0g .확장__김소희_260713_제과_박서연",2,0,18.0,0
2026-07-16,[제과_콘스프맛 팝콘] 26.05_콘스프맛팝콘출시_수동_전환_image,속세맛간식공감_콘스프맛팝콘_상시,[26.07]F_I_PC혼_전환_콘스프맛팝콘출시_혜택강조형__.배너_쌀때쟁이세요.확장__김소희_260713_제과_박서연,10,0,269.0,0
2026-07-16,[제과_콘스프맛 팝콘] 26.05_콘스프맛팝콘출시_수동_전환_image,속세맛간식공감_콘스프맛팝콘_상시,"[26.07]F_I_PC혼_전환_콘스프맛팝콘출시_혜택강조형__.배너_오늘 뛴 5km, 과자한봉이면 리셋?.확장__김소희_260713_제과_박서연",14,0,312.0,0
2026-07-16,[제과_단백질 쉐이크] 26.06_단백질쉐이크출시_수동_전환_image,최저가비교_0713,[26.07]F_I_SK초_전환_단백질쉐이크출시_혜택강조형_개당최저가비교_.배너_사진비교.다이소급으로싼.타사.확장__이유빈_260713_제과_문다현,4,0,32.0,0
2026-07-16,[제과_단백질 쉐이크] 26.06_단백질쉐이크출시_수동_전환_image,최저가비교_0713,[26.07]F_I_SK곡_전환_단백질쉐이크출시_매거진형_개당최저가비교_.배너_토핑계속씹히는얼음동동.확장__이유빈_260713_제과_문다현,9,0,356.0,0
2026-07-16,[제과_단백질 쉐이크] 26.06_단백질쉐이크출시_수동_전환_image,최저가비교_0713,[26.07]F_I_SK혼_전환_단백질쉐이크출시_혜택강조형_개당최저가비교_.배너_제가졌습니다.확장__이유빈_260713_제과_문다현,21,0,491.0,0
2026-07-16,[제과_단백질 쉐이크] 26.06_단백질쉐이크출시_수동_전환_image,최저가비교_0713,[26.07]F_I_SK곡_전환_단백질쉐이크출시_혜택강조형_개당최저가비교_.배너_사진비교.대용량쉐이크.확장__이유빈_260713_제과_문다현,4,0,27.0,0
2026-07-16,(마스터2) [제과_단백질 쉐이크] 26.07_단백질쉐이크출시_ASC_전환_image,(마스터2) [제과_단백질 쉐이크] 26.07_단백질쉐이크출시_ASC_전환_image,[26.07]F_I_SK곡_전환_단백질쉐이크출시_매거진형_개당최저가비교_.배너_토핑계속씹히는얼음동동.확장__이유빈_260713_제과_문다현,13,0,279.0,0
2026-07-16,[제과_단백질 쉐이크] 26.06_단백질쉐이크출시_수동_전환_image,최저가비교_0713,[26.07]F_I_SK혼_전환_단백질쉐이크출시_혜택강조형_개당최저가비교_.배너_다먹을때까지쭉씹혀요.초특가.빨강그라데이션.확장__이유빈_260713_제과_문다현,2,0,12.0,0
2026-07-16,[제과_단백질 쉐이크] 26.06_단백질쉐이크출시_수동_전환_image,최저가비교_0713,[26.07]F_I_SK혼_전환_단백질쉐이크출시_혜택강조형_개당최저가비교_.배너_올영보다싸다.1천원대.핑크박스 .확장__이유빈_260713_제과_문다현,479,13,9140.0,1
2026-07-17,[제과_콘스프맛 팝콘] 26.05_콘스프맛팝콘출시_수동_전환_image,속세맛간식공감_콘스프맛팝콘_상시,"[26.07]F_I_PC혼_전환_콘스프맛팝콘출시_혜택강조형__.배너_당은 2g, 죄책감은 0g .확장__김소희_260713_제과_박서연",39,1,788.0,0
2026-07-17,[제과_콘스프맛 팝콘] 26.05_콘스프맛팝콘출시_수동_전환_image,속세맛간식공감_콘스프맛팝콘_상시,[26.07]F_I_PC혼_전환_콘스프맛팝콘출시_혜택강조형__.배너_쌀때쟁이세요.확장__김소희_260713_제과_박서연,56,2,873.0,0
2026-07-17,[제과_콘스프맛 팝콘] 26.05_콘스프맛팝콘출시_수동_전환_image,속세맛간식공감_콘스프맛팝콘_상시,"[26.07]F_I_PC혼_전환_콘스프맛팝콘출시_혜택강조형__.배너_오늘 뛴 5km, 과자한봉이면 리셋?.확장__김소희_260713_제과_박서연",33,1,785.0,0
2026-07-17,[제과_콘스프맛 팝콘] 26.05_콘스프맛팝콘출시_수동_전환_image,속세맛간식공감_콘스프맛팝콘_상시,[26.07]F_I_PC혼_전환_콘스프맛팝콘출시_혜택강조형__.배너_다음날 눈바디 지켜주는.확장__김소희_260713_제과_박서연,9,0,174.0,0
2026-07-18,[제과_단백질 쉐이크] 26.06_단백질쉐이크출시_ASC_전환_video,[제과_단백질 쉐이크] 26.06_단백질쉐이크출시_ASC_전환_video,[26.07]F_V_SK혼_전환_단백질쉐이크출시_ai형_ai캐릭터.파우치.개당가강조_var1.릴스_제품코코볼단쉐.X_2P_이유빈_260713_제과_이미진,22,2,547.0,0
2026-07-18,[제과_콘스프맛 팝콘] 26.05_콘스프맛팝콘출시_수동_전환_image,속세맛간식공감_콘스프맛팝콘_상시,"[26.07]F_I_PC혼_전환_콘스프맛팝콘출시_혜택강조형__.배너_당은 2g, 죄책감은 0g .확장__김소희_260713_제과_박서연",8,1,132.0,0
2026-07-18,[제과_콘스프맛 팝콘] 26.05_콘스프맛팝콘출시_수동_전환_image,속세맛간식공감_콘스프맛팝콘_상시,[26.07]F_I_PC혼_전환_콘스프맛팝콘출시_혜택강조형__.배너_쌀때쟁이세요.확장__김소희_260713_제과_박서연,1,0,5.0,0
2026-07-18,[제과_콘스프맛 팝콘] 26.05_콘스프맛팝콘출시_수동_전환_image,속세맛간식공감_콘스프맛팝콘_상시,"[26.07]F_I_PC혼_전환_콘스프맛팝콘출시_혜택강조형__.배너_오늘 뛴 5km, 과자한봉이면 리셋?.확장__김소희_260713_제과_박서연",28,1,601.0,0
2026-07-18,[제과_콘스프맛 팝콘] 26.05_콘스프맛팝콘출시_수동_전환_image,속세맛간식공감_콘스프맛팝콘_상시,[26.07]F_I_PC혼_전환_콘스프맛팝콘출시_혜택강조형__.배너_다음날 눈바디 지켜주는.확장__김소희_260713_제과_박서연,7,0,252.0,0
2026-07-19,[제과_단백질 쉐이크] 26.06_단백질쉐이크출시_ASC_전환_video,[제과_단백질 쉐이크] 26.06_단백질쉐이크출시_ASC_전환_video,[26.07]F_V_SK혼_전환_단백질쉐이크출시_ai형_ai캐릭터.파우치.개당가강조_var1.릴스_제품코코볼단쉐.X_2P_이유빈_260713_제과_이미진,11,3,217.0,0
2026-07-19,[제과_콘스프맛 팝콘] 26.05_콘스프맛팝콘출시_수동_전환_image,속세맛간식공감_콘스프맛팝콘_상시,"[26.07]F_I_PC혼_전환_콘스프맛팝콘출시_혜택강조형__.배너_오늘 뛴 5km, 과자한봉이면 리셋?.확장__김소희_260713_제과_박서연",9,1,374.0,0
2026-07-16,[제과_콘스프맛 팝콘] 26.05_콘스프맛팝콘출시_수동_전환_video,전화네고형_팝콘더블특가_콘스프맛 (~7/1),[26.06]F_V_PC콘_전환_팝콘더블특가_네고형_전화네고형.다이어트_main.릴스_메인.슬기.X_1P_최나영_260625_제과_피재은,6293,115,95062.0,12
2026-07-16,(마스터ASC)[제과_콘스프맛 팝콘] 26.05_콘스프맛팝콘출시_ASC_전환_video,(마스터ASC)[콘스프맛 팝콘] 26.05_콘스프맛팝콘출시_ASC_전환_video,[26.07]F_V_PC콘_전환_팝콘할인페스타_네고형_지인네고형.다이어트_main.릴스_메인.슬기.X_1P_김소희_260703_제과_문형민,342,6,6734.0,3
2026-07-16,(마스터2) [제과_단백질 쉐이크] 26.07_단백질쉐이크출시_ASC_전환_image,(마스터2) [제과_단백질 쉐이크] 26.07_단백질쉐이크출시_ASC_전환_image,[26.07]F_I_SK혼_전환_단백질쉐이크출시_혜택강조형_파우치.개당가강조_.배너_1+1보다싼.네고형.개당1천원대.팝콘.확장__이유빈_260710_제과_문다현,45,0,1210.0,0
2026-07-17,[제과_콘스프맛 팝콘] 26.05_콘스프맛팝콘출시_수동_전환_video,전화네고형_팝콘더블특가_콘스프맛 (~7/1),[26.06]F_V_PC콘_전환_팝콘더블특가_네고형_전화네고형.다이어트_main.릴스_메인.슬기.X_1P_최나영_260625_제과_피재은,7703,131,115361.0,7
2026-07-17,(마스터ASC)[제과_콘스프맛 팝콘] 26.05_콘스프맛팝콘출시_ASC_전환_video,(마스터ASC)[콘스프맛 팝콘] 26.05_콘스프맛팝콘출시_ASC_전환_video,[26.07]F_V_PC콘_전환_팝콘할인페스타_네고형_지인네고형.다이어트_main.릴스_메인.슬기.X_1P_김소희_260703_제과_문형민,7,0,198.0,0
2026-07-17,(마스터2) [제과_단백질 쉐이크] 26.07_단백질쉐이크출시_ASC_전환_image,(마스터2) [제과_단백질 쉐이크] 26.07_단백질쉐이크출시_ASC_전환_image,[26.07]F_I_SK혼_전환_단백질쉐이크출시_혜택강조형_파우치.개당가강조_.배너_특정시점.대형할인급.개당1천원대로.확장__이유빈_260707_제과_김수정,1,0,17.0,0
2026-07-17,(마스터2) [제과_단백질 쉐이크] 26.07_단백질쉐이크출시_ASC_전환_image,(마스터2) [제과_단백질 쉐이크] 26.07_단백질쉐이크출시_ASC_전환_image,[26.07]F_I_SK혼_전환_단백질쉐이크출시_혜택강조형_파우치.개당가강조_.배너_1+1보다싼.네고형.개당1천원대.팝콘.확장__이유빈_260710_제과_문다현,1089,18,22099.0,2
2026-07-18,[제과_콘스프맛 팝콘] 26.05_콘스프맛팝콘출시_수동_전환_video,전화네고형_팝콘더블특가_콘스프맛 (~7/1),[26.06]F_V_PC콘_전환_팝콘더블특가_네고형_전화네고형.다이어트_main.릴스_메인.슬기.X_1P_최나영_260625_제과_피재은,13528,329,174982.0,27
2026-07-18,(마스터ASC)[제과_콘스프맛 팝콘] 26.05_콘스프맛팝콘출시_ASC_전환_video,(마스터ASC)[콘스프맛 팝콘] 26.05_콘스프맛팝콘출시_ASC_전환_video,[26.07]F_V_PC콘_전환_팝콘할인페스타_네고형_지인네고형.다이어트_main.릴스_메인.슬기.X_1P_김소희_260703_제과_문형민,32,1,646.0,1
2026-07-19,[제과_콘스프맛 팝콘] 26.05_콘스프맛팝콘출시_수동_전환_video,전화네고형_팝콘더블특가_콘스프맛 (~7/1),[26.06]F_V_PC콘_전환_팝콘더블특가_네고형_전화네고형.다이어트_main.릴스_메인.슬기.X_1P_최나영_260625_제과_피재은,3110,119,46062.0,8
2026-07-19,(마스터ASC)[제과_콘스프맛 팝콘] 26.05_콘스프맛팝콘출시_ASC_전환_video,(마스터ASC)[콘스프맛 팝콘] 26.05_콘스프맛팝콘출시_ASC_전환_video,[26.07]F_V_PC콘_전환_팝콘할인페스타_네고형_지인네고형.다이어트_main.릴스_메인.슬기.X_1P_김소희_260703_제과_문형민,4,0,15.0,0
2026-07-16,[제과_단백질 쉐이크] 26.06_단백질쉐이크출시_ASC_전환_video,[제과_단백질 쉐이크] 26.06_단백질쉐이크출시_ASC_전환_video,[26.07]F_V_SK혼_전환_단백질쉐이크출시_신규BP_문제공감형.파우치.개당가강조_var1.릴스_토핑강조.X_2P_이유빈_260710_제과_이봄1,4,0,28.0,0
2026-07-17,(마스터ASC)[제과_콘스프맛 팝콘] 26.05_콘스프맛팝콘출시_ASC_전환_video,(마스터ASC)[콘스프맛 팝콘] 26.05_콘스프맛팝콘출시_ASC_전환_video,[26.07]F_V_PC콘_전환_팝콘할인페스타_네고형_공구네고형.다이어트_main.릴스_메인.슬기.X_1P_김소희_260702_제과_강경연,37,0,772.0,0
2026-07-17,[제과_단백질 쉐이크] 26.06_단백질쉐이크출시_ASC_전환_video,[제과_단백질 쉐이크] 26.06_단백질쉐이크출시_ASC_전환_video,[26.07]F_V_SK혼_전환_단백질쉐이크출시_신규BP_문제공감형.파우치.개당가강조_var3.릴스_노력강조.네고왕.X_2P_이유빈_260710_제과_이봄1,3,0,88.0,0
2026-07-19,(마스터2) [제과_단백질 쉐이크] 26.07_단백질쉐이크출시_ASC_전환_image,(마스터2) [제과_단백질 쉐이크] 26.07_단백질쉐이크출시_ASC_전환_image,[26.07]F_I_SK초_전환_단백질쉐이크출시_혜택강조형_파우치.개당가강조_.배너_불편하지않아도.언제소분설거지.검증__이유빈_260706_제과_김수정,213,9,4420.0,0
2026-07-19,[제과_단백질 쉐이크] 26.06_단백질쉐이크출시_ASC_전환_video,[제과_단백질 쉐이크] 26.06_단백질쉐이크출시_ASC_전환_video,[26.07]F_V_SK혼_전환_단백질쉐이크출시_신규BP_문제공감형.파우치.개당가강조_var3.릴스_노력강조.네고왕.X_2P_이유빈_260710_제과_이봄1,11,1,197.0,0
2026-07-16,[제과_단백질 쉐이크] 26.06_단백질쉐이크출시_ASC_전환_video,[제과_단백질 쉐이크] 26.06_단백질쉐이크출시_ASC_전환_video,[26.07]F_V_SK혼_전환_단백질쉐이크출시_네고형_지인네고형_main.릴스_가격강조아몬드스윗삭제.(재)_2P_이유빈_260707_제과_이봄1,3110,152,43449.0,4
2026-07-16,(마스터ASC)[제과_콘스프맛 팝콘] 26.05_콘스프맛팝콘출시_ASC_전환_video,(마스터ASC)[콘스프맛 팝콘] 26.05_콘스프맛팝콘출시_ASC_전환_video,[26.07]F_V_PC콘_전환_콘스프맛팝콘출시_네고형_지인네고형.다이어트_var1.릴스_취식상황강조1.슬기.(재)_1P_김소희_260710_제과_문형민,2,0,50.0,0
2026-07-16,(마스터ASC)[제과_콘스프맛 팝콘] 26.05_콘스프맛팝콘출시_ASC_전환_video,(마스터ASC)[콘스프맛 팝콘] 26.05_콘스프맛팝콘출시_ASC_전환_video,[26.07]F_V_PC콘_전환_콘스프맛팝콘출시_네고형_지인네고형.다이어트_var3.릴스_운동상황강조1.슬기.(재)_1P_김소희_260710_제과_문형민,6,0,82.0,0
2026-07-16,(마스터ASC)[제과_콘스프맛 팝콘] 26.05_콘스프맛팝콘출시_ASC_전환_video,(마스터ASC)[콘스프맛 팝콘] 26.05_콘스프맛팝콘출시_ASC_전환_video,[26.07]F_V_PC콘_전환_콘스프맛팝콘출시_네고형_지인네고형.다이어트_var4.릴스_운동상황강조2.슬기.(재)_1P_김소희_260710_제과_문형민,19,0,260.0,0
2026-07-17,[제과_단백질 쉐이크] 26.06_단백질쉐이크출시_ASC_전환_video,[제과_단백질 쉐이크] 26.06_단백질쉐이크출시_ASC_전환_video,[26.07]F_V_SK혼_전환_단백질쉐이크출시_네고형_지인네고형_main.릴스_가격강조아몬드스윗삭제.(재)_2P_이유빈_260707_제과_이봄1,5025,274,68224.0,3
2026-07-17,(마스터ASC)[제과_콘스프맛 팝콘] 26.05_콘스프맛팝콘출시_ASC_전환_video,(마스터ASC)[콘스프맛 팝콘] 26.05_콘스프맛팝콘출시_ASC_전환_video,[26.07]F_V_PC콘_전환_콘스프맛팝콘출시_네고형_지인네고형.다이어트_var4.릴스_운동상황강조2.슬기.(재)_1P_김소희_260710_제과_문형민,13,0,277.0,0
2026-07-17,[제과_콘스프맛 팝콘] 26.05_콘스프맛팝콘출시_수동_전환_image,속세맛간식공감_콘스프맛팝콘_상시,[26.07]F_I_PC혼_전환_콘스프맛팝콘출시_혜택강조형__.배너_곧최저가마감.45프로할인.확장__김소희_260710_제과_김수정,29,0,545.0,0
2026-07-18,[제과_콘스프맛 팝콘] 26.05_콘스프맛팝콘출시_수동_전환_image,속세맛간식공감_콘스프맛팝콘_상시,[26.07]F_I_PC혼_전환_콘스프맛팝콘출시_혜택강조형__.배너_곧최저가마감.45프로할인.확장__김소희_260710_제과_김수정,57,3,973.0,0
2026-07-19,(마스터ASC)[제과_콘스프맛 팝콘] 26.05_콘스프맛팝콘출시_ASC_전환_video,(마스터ASC)[콘스프맛 팝콘] 26.05_콘스프맛팝콘출시_ASC_전환_video,[26.07]F_V_PC콘_전환_콘스프맛팝콘출시_네고형_지인네고형.다이어트_var2.릴스_취식상황강조2.슬기.(재)_1P_김소희_260710_제과_문형민,64,1,1769.0,0
2026-07-19,(마스터ASC)[제과_콘스프맛 팝콘] 26.05_콘스프맛팝콘출시_ASC_전환_video,(마스터ASC)[콘스프맛 팝콘] 26.05_콘스프맛팝콘출시_ASC_전환_video,[26.07]F_V_PC콘_전환_콘스프맛팝콘출시_네고형_지인네고형.다이어트_var4.릴스_운동상황강조2.슬기.(재)_1P_김소희_260710_제과_문형민,407,13,6342.0,3
2026-07-19,[제과_콘스프맛 팝콘] 26.05_콘스프맛팝콘출시_수동_전환_image,속세맛간식공감_콘스프맛팝콘_상시,[26.07]F_I_PC혼_전환_콘스프맛팝콘출시_혜택강조형__.배너_곧최저가마감.45프로할인.확장__김소희_260710_제과_김수정,242,7,4011.0,1
2026-07-17,[제과_단백질 쉐이크] 26.06_단백질쉐이크출시_수동_전환_image,파우치개당가강조_0706,[26.07]F_I_SK초_전환_단백질쉐이크출시_혜택강조형_파우치.개당가강조_.배너_특정시점.직구보다빠른데.검증__이유빈_260706_제과_김수정,1,0,6.0,0
2026-07-16,(마스터ASC)[제과_콘스프맛 팝콘] 26.05_콘스프맛팝콘출시_ASC_전환_video,(마스터ASC)[콘스프맛 팝콘] 26.05_콘스프맛팝콘출시_ASC_전환_video,[26.06]F_V_PC콘_전환_팝콘더블특가_고객후기형_김부각BP.메시지검증.다이어트_main.릴스_공통.추가건PJ_1P_최나영_260626_제과_강경연,723,8,12371.0,0
2026-07-16,[제과_콘스프맛 팝콘] 26.05_콘스프맛팝콘출시_수동_전환_image,속세맛간식공감_콘스프맛팝콘_상시,[26.07]F_I_PC혼_전환_상시_매거진형_다이어트_.배너_맛타협페인포인트.밍밍다이어트과자.입터짐방지용.검증__김소희_260708_제과_문다현,36,1,1029.0,1
2026-07-16,[제과_콘스프맛 팝콘] 26.05_콘스프맛팝콘출시_수동_전환_image,속세맛간식공감_콘스프맛팝콘_상시,[26.07]F_I_PC혼_전환_상시_매거진형_다이어트_.배너_운동보상페인포인트.죽어라운동.날릴수없잖아.다먹어도당당.검증__김소희_260708_제과_문다현,1406,21,21057.0,2
2026-07-17,(마스터ASC)[제과_콘스프맛 팝콘] 26.05_콘스프맛팝콘출시_ASC_전환_video,(마스터ASC)[콘스프맛 팝콘] 26.05_콘스프맛팝콘출시_ASC_전환_video,[26.06]F_V_PC콘_전환_팝콘더블특가_고객후기형_김부각BP.메시지검증.다이어트_main.릴스_공통.추가건PJ_1P_최나영_260626_제과_강경연,94,6,1693.0,2
2026-07-17,[제과_콘스프맛 팝콘] 26.05_콘스프맛팝콘출시_수동_전환_image,속세맛간식공감_콘스프맛팝콘_상시,[26.07]F_I_PC혼_전환_상시_매거진형_다이어트_.배너_맛타협페인포인트.밍밍다이어트과자.입터짐방지용.검증__김소희_260708_제과_문다현,41,3,836.0,0
2026-07-17,[제과_콘스프맛 팝콘] 26.05_콘스프맛팝콘출시_수동_전환_image,속세맛간식공감_콘스프맛팝콘_상시,[26.07]F_I_PC혼_전환_상시_매거진형_다이어트_.배너_양조절실패페인포인트.한입만.한봉지순삭.마음껏즐기자.검증__김소희_260708_제과_문다현,8,0,247.0,0
2026-07-17,[제과_콘스프맛 팝콘] 26.05_콘스프맛팝콘출시_수동_전환_image,속세맛간식공감_콘스프맛팝콘_상시,[26.07]F_I_PC혼_전환_상시_매거진형_다이어트_.배너_운동보상페인포인트.죽어라운동.날릴수없잖아.다먹어도당당.검증__김소희_260708_제과_문다현,1091,19,16468.0,1
2026-07-17,[제과_단백질 쉐이크] 26.06_단백질쉐이크출시_수동_전환_video,아몬드스윗.삭제,[26.07]F_V_SK혼_전환_단백질쉐이크출시_신규BP_고객검증형.개당가메리트_var1.릴스_기대감.혜택변경.(재)_2P_이유빈_260707_제과_윤성미,5932,228,86142.0,13
2026-07-18,(마스터ASC)[제과_콘스프맛 팝콘] 26.05_콘스프맛팝콘출시_ASC_전환_video,(마스터ASC)[콘스프맛 팝콘] 26.05_콘스프맛팝콘출시_ASC_전환_video,[26.06]F_V_PC콘_전환_팝콘더블특가_고객후기형_김부각BP.메시지검증.다이어트_main.릴스_공통.추가건PJ_1P_최나영_260626_제과_강경연,24,1,172.0,0
2026-07-18,[제과_콘스프맛 팝콘] 26.05_콘스프맛팝콘출시_수동_전환_image,속세맛간식공감_콘스프맛팝콘_상시,[26.07]F_I_PC혼_전환_상시_매거진형_다이어트_.배너_맛타협페인포인트.밍밍다이어트과자.입터짐방지용.검증__김소희_260708_제과_문다현,2,0,15.0,0
2026-07-18,[제과_콘스프맛 팝콘] 26.05_콘스프맛팝콘출시_수동_전환_image,속세맛간식공감_콘스프맛팝콘_상시,[26.07]F_I_PC혼_전환_상시_매거진형_다이어트_.배너_양조절실패페인포인트.한입만.한봉지순삭.마음껏즐기자.검증__김소희_260708_제과_문다현,29,1,493.0,1
2026-07-18,[제과_콘스프맛 팝콘] 26.05_콘스프맛팝콘출시_수동_전환_image,속세맛간식공감_콘스프맛팝콘_상시,[26.07]F_I_PC혼_전환_상시_매거진형_다이어트_.배너_운동보상페인포인트.죽어라운동.날릴수없잖아.다먹어도당당.검증__김소희_260708_제과_문다현,3264,67,43746.0,5
2026-07-19,(마스터ASC)[제과_콘스프맛 팝콘] 26.05_콘스프맛팝콘출시_ASC_전환_video,(마스터ASC)[콘스프맛 팝콘] 26.05_콘스프맛팝콘출시_ASC_전환_video,[26.06]F_V_PC콘_전환_팝콘더블특가_고객후기형_김부각BP.메시지검증.다이어트_main.릴스_공통.추가건PJ_1P_최나영_260626_제과_강경연,13,1,132.0,0
2026-07-19,[제과_콘스프맛 팝콘] 26.05_콘스프맛팝콘출시_수동_전환_image,속세맛간식공감_콘스프맛팝콘_상시,[26.07]F_I_PC혼_전환_상시_매거진형_다이어트_.배너_양조절실패페인포인트.한입만.한봉지순삭.마음껏즐기자.검증__김소희_260708_제과_문다현,16,0,240.0,0
2026-07-19,[제과_콘스프맛 팝콘] 26.05_콘스프맛팝콘출시_수동_전환_image,속세맛간식공감_콘스프맛팝콘_상시,[26.07]F_I_PC혼_전환_상시_매거진형_다이어트_.배너_운동보상페인포인트.죽어라운동.날릴수없잖아.다먹어도당당.검증__김소희_260708_제과_문다현,1366,31,21620.0,4
2026-07-19,[제과_단백질 쉐이크] 26.06_단백질쉐이크출시_수동_전환_video,아몬드스윗.삭제,[26.07]F_V_SK혼_전환_단백질쉐이크출시_신규BP_고객검증형.개당가메리트_var1.릴스_기대감.혜택변경.(재)_2P_이유빈_260707_제과_윤성미,684,29,8043.0,1
2026-07-17,[제과_단백질 쉐이크] 26.06_단백질쉐이크출시_수동_전환_image,파우치개당가강조_0706,[26.07]F_I_SK혼_전환_단백질쉐이크출시_혜택강조형_파우치.개당가강조_.배너_대용량페포.메세지테스트.물조절실패.통단쉐.확장__이유빈_260707_제과_김수정,1,0,15.0,0
2026-07-17,(마스터2) [제과_단백질 쉐이크] 26.07_단백질쉐이크출시_ASC_전환_image,(마스터2) [제과_단백질 쉐이크] 26.07_단백질쉐이크출시_ASC_전환_image,[26.07]F_I_SK혼_전환_단백질쉐이크출시_혜택강조형_파우치.개당가강조_.배너_대용량페포.메세지테스트.가격강조.통단쉐.확장__이유빈_260707_제과_김수정,33,0,606.0,0
2026-07-17,(마스터2) [제과_단백질 쉐이크] 26.07_단백질쉐이크출시_ASC_전환_image,(마스터2) [제과_단백질 쉐이크] 26.07_단백질쉐이크출시_ASC_전환_image,[26.07]F_I_SK혼_전환_단백질쉐이크출시_혜택강조형_파우치.개당가강조_.배너_대용량페포.어디갈때마다.확장__이유빈_260707_제과_김수정,1,0,5.0,0
2026-07-18,(마스터2) [제과_단백질 쉐이크] 26.07_단백질쉐이크출시_ASC_전환_image,(마스터2) [제과_단백질 쉐이크] 26.07_단백질쉐이크출시_ASC_전환_image,[26.07]F_I_SK혼_전환_단백질쉐이크출시_혜택강조형_파우치.개당가강조_.배너_대용량페포.메세지테스트.가격강조.통단쉐.확장__이유빈_260707_제과_김수정,83,2,1222.0,0
2026-07-19,(마스터2) [제과_단백질 쉐이크] 26.07_단백질쉐이크출시_ASC_전환_image,(마스터2) [제과_단백질 쉐이크] 26.07_단백질쉐이크출시_ASC_전환_image,[26.07]F_I_SK초_전환_단백질쉐이크출시_혜택강조형_파우치.개당가강조_.배너_대용랑페포.가루쏟은이미지.확장__이유빈_260707_제과_김수정,71,1,1493.0,0
2026-07-19,(마스터2) [제과_단백질 쉐이크] 26.07_단백질쉐이크출시_ASC_전환_image,(마스터2) [제과_단백질 쉐이크] 26.07_단백질쉐이크출시_ASC_전환_image,[26.07]F_I_SK혼_전환_단백질쉐이크출시_혜택강조형_파우치.개당가강조_.배너_대용량페포.메세지테스트.가격강조.통단쉐.확장__이유빈_260707_제과_김수정,246,2,5426.0,0
2026-07-19,(마스터2) [제과_단백질 쉐이크] 26.07_단백질쉐이크출시_ASC_전환_image,(마스터2) [제과_단백질 쉐이크] 26.07_단백질쉐이크출시_ASC_전환_image,[26.07]F_I_SK혼_전환_단백질쉐이크출시_혜택강조형_파우치.개당가강조_.배너_대용량페포.메세지테스트.물조절실패.통단쉐.확장__이유빈_260707_제과_김수정,1,0,9.0,0
2026-07-16,(마스터2) [제과_단백질 쉐이크] 26.07_단백질쉐이크출시_ASC_전환_image,(마스터2) [제과_단백질 쉐이크] 26.07_단백질쉐이크출시_ASC_전환_image,[26.07]F_I_SK초_전환_단백질쉐이크출시_혜택강조형_파우치.개당가강조_.배너_불편하지않아도.통쉐이크보다파우치형이싸다고.검증__이유빈_260706_제과_김수정,3,0,22.0,0
2026-07-17,(마스터2) [제과_단백질 쉐이크] 26.07_단백질쉐이크출시_ASC_전환_image,(마스터2) [제과_단백질 쉐이크] 26.07_단백질쉐이크출시_ASC_전환_image,[26.07]F_I_SK초_전환_단백질쉐이크출시_혜택강조형_파우치.개당가강조_.배너_불편하지않아도.미개봉새상품아니어도.검증__이유빈_260706_제과_김수정,1,0,14.0,0
2026-07-17,(마스터2) [제과_단백질 쉐이크] 26.07_단백질쉐이크출시_ASC_전환_image,(마스터2) [제과_단백질 쉐이크] 26.07_단백질쉐이크출시_ASC_전환_image,[26.07]F_I_SK초_전환_단백질쉐이크출시_혜택강조형_파우치.개당가강조_.배너_특정시점.공구가보다싼.검증__이유빈_260706_제과_김수정,13,0,398.0,0
2026-07-18,(마스터2) [제과_단백질 쉐이크] 26.07_단백질쉐이크출시_ASC_전환_image,(마스터2) [제과_단백질 쉐이크] 26.07_단백질쉐이크출시_ASC_전환_image,[26.07]F_I_SK초_전환_단백질쉐이크출시_혜택강조형_파우치.개당가강조_.배너_불편하지않아도.통쉐이크보다파우치형이싸다고.검증__이유빈_260706_제과_김수정,30,2,811.0,0
2026-07-19,(마스터2) [제과_단백질 쉐이크] 26.07_단백질쉐이크출시_ASC_전환_image,(마스터2) [제과_단백질 쉐이크] 26.07_단백질쉐이크출시_ASC_전환_image,[26.07]F_I_SK초_전환_단백질쉐이크출시_혜택강조형_파우치.개당가강조_.배너_불편하지않아도.통쉐이크보다파우치형이싸다고.검증__이유빈_260706_제과_김수정,9,0,96.0,0
2026-07-19,(마스터2) [제과_단백질 쉐이크] 26.07_단백질쉐이크출시_ASC_전환_image,(마스터2) [제과_단백질 쉐이크] 26.07_단백질쉐이크출시_ASC_전환_image,[26.07]F_I_SK초_전환_단백질쉐이크출시_혜택강조형_파우치.개당가강조_.배너_불편하지않아도.쿠팡보다싼.검증__이유빈_260706_제과_김수정,516,14,10643.0,0
2026-07-16,(마스터ASC)[제과_콘스프맛 팝콘] 26.05_콘스프맛팝콘출시_ASC_전환_video,(마스터ASC)[콘스프맛 팝콘] 26.05_콘스프맛팝콘출시_ASC_전환_video,[26.07]F_V_PC콘_전환_팝콘할인페스타_네고형_공구네고형.다이어트_var5.릴스_BP그대로.슬기.X_1P_김소희_260702_제과_강경연,1194,22,20916.0,0
2026-07-17,(마스터ASC)[제과_콘스프맛 팝콘] 26.05_콘스프맛팝콘출시_ASC_전환_video,(마스터ASC)[콘스프맛 팝콘] 26.05_콘스프맛팝콘출시_ASC_전환_video,[26.07]F_V_PC콘_전환_팝콘할인페스타_네고형_공구네고형.다이어트_var5.릴스_BP그대로.슬기.X_1P_김소희_260702_제과_강경연,145,4,2894.0,1
2026-07-18,(마스터ASC)[제과_콘스프맛 팝콘] 26.05_콘스프맛팝콘출시_ASC_전환_video,(마스터ASC)[콘스프맛 팝콘] 26.05_콘스프맛팝콘출시_ASC_전환_video,[26.07]F_V_PC콘_전환_팝콘할인페스타_네고형_공구네고형.다이어트_var5.릴스_BP그대로.슬기.X_1P_김소희_260702_제과_강경연,9,0,228.0,0
2026-07-19,(마스터ASC)[제과_콘스프맛 팝콘] 26.05_콘스프맛팝콘출시_ASC_전환_video,(마스터ASC)[콘스프맛 팝콘] 26.05_콘스프맛팝콘출시_ASC_전환_video,[26.07]F_V_PC콘_전환_팝콘할인페스타_네고형_공구네고형.다이어트_var5.릴스_BP그대로.슬기.X_1P_김소희_260702_제과_강경연,8,0,266.0,0
2026-07-16,[제과_단백질 쉐이크] 26.06_단백질쉐이크출시_수동_전환_video,지인네고형_0702,[26.07]F_V_SK혼_전환_단백질쉐이크출시_네고형_지인네고형_main.릴스_가격강조아몬드스윗삭제.(재)_2P_이유빈_260707_제과_이봄1 (1),503,35,9908.0,1
2026-07-18,[제과_단백질 쉐이크] 26.06_단백질쉐이크출시_수동_전환_video,지인네고형_0702,[26.07]F_V_SK혼_전환_단백질쉐이크출시_네고형_지인네고형_main.릴스_가격강조아몬드스윗삭제.(재)_2P_이유빈_260707_제과_이봄1 (1),2316,173,35501.0,4
2026-07-19,[제과_단백질 쉐이크] 26.06_단백질쉐이크출시_수동_전환_video,지인네고형_0702,[26.07]F_V_SK혼_전환_단백질쉐이크출시_네고형_지인네고형_main.릴스_가격강조아몬드스윗삭제.(재)_2P_이유빈_260707_제과_이봄1 (1),7632,503,91057.0,18
2026-07-19,(마스터ASC)[제과_콘스프맛 팝콘] 26.05_콘스프맛팝콘출시_ASC_전환_video,(마스터ASC)[콘스프맛 팝콘] 26.05_콘스프맛팝콘출시_ASC_전환_video,[26.07]F_V_PC콘_전환_팝콘할인페스타_네고형_지인네고형.다이어트_var1.릴스_운동상황강조ver1.슬기.X_1P_김소희_260703_제과_문형민,19,1,712.0,0
2026-07-16,(마스터ASC)[제과_콘스프맛 팝콘] 26.05_콘스프맛팝콘출시_ASC_전환_video,(마스터ASC)[콘스프맛 팝콘] 26.05_콘스프맛팝콘출시_ASC_전환_video,[26.07]F_V_PC콘_전환_팝콘할인페스타_네고형_공구네고형.다이어트_var1.릴스_숏버전.슬기.X_1P_김소희_260702_제과_강경연,532,12,8697.0,2
2026-07-16,(마스터ASC)[제과_콘스프맛 팝콘] 26.05_콘스프맛팝콘출시_ASC_전환_video,(마스터ASC)[콘스프맛 팝콘] 26.05_콘스프맛팝콘출시_ASC_전환_video,[26.07]F_V_PC콘_전환_팝콘할인페스타_네고형_공구네고형.다이어트_var3.릴스_여름관리템다이어트.슬기.X_1P_김소희_260702_제과_강경연,4,0,75.0,0
2026-07-17,(마스터ASC)[제과_콘스프맛 팝콘] 26.05_콘스프맛팝콘출시_ASC_전환_video,(마스터ASC)[콘스프맛 팝콘] 26.05_콘스프맛팝콘출시_ASC_전환_video,[26.07]F_V_PC콘_전환_팝콘할인페스타_네고형_공구네고형.다이어트_var1.릴스_숏버전.슬기.X_1P_김소희_260702_제과_강경연,22,0,328.0,0
2026-07-18,(마스터ASC)[제과_콘스프맛 팝콘] 26.05_콘스프맛팝콘출시_ASC_전환_video,(마스터ASC)[콘스프맛 팝콘] 26.05_콘스프맛팝콘출시_ASC_전환_video,[26.07]F_V_PC콘_전환_팝콘할인페스타_네고형_공구네고형.다이어트_var1.릴스_숏버전.슬기.X_1P_김소희_260702_제과_강경연,88,4,1432.0,1
2026-07-19,(마스터ASC)[제과_콘스프맛 팝콘] 26.05_콘스프맛팝콘출시_ASC_전환_video,(마스터ASC)[콘스프맛 팝콘] 26.05_콘스프맛팝콘출시_ASC_전환_video,[26.07]F_V_PC콘_전환_팝콘할인페스타_네고형_공구네고형.다이어트_var1.릴스_숏버전.슬기.X_1P_김소희_260702_제과_강경연,26,0,180.0,0
2026-07-19,(마스터ASC)[제과_콘스프맛 팝콘] 26.05_콘스프맛팝콘출시_ASC_전환_video,(마스터ASC)[콘스프맛 팝콘] 26.05_콘스프맛팝콘출시_ASC_전환_video,[26.06]F_V_PC콘_전환_팝콘더블특가_네고형_전화네고형.다이어트_var1.릴스_다이어트.슬기.X_1P_최나영_260625_제과_피재은,266,8,3986.0,0
2026-07-19,(마스터ASC)[제과_콘스프맛 팝콘] 26.05_콘스프맛팝콘출시_ASC_전환_video,(마스터ASC)[콘스프맛 팝콘] 26.05_콘스프맛팝콘출시_ASC_전환_video,[26.06]F_V_PC콘_전환_팝콘더블특가_문제공감형_삼팔당땡BP.다이어트_main.릴스_메인.추가건PJ_1P_최나영_260626_제과_피재은,153,5,3229.0,0
2026-07-16,(마스터ASC)[제과_콘스프맛 팝콘] 26.05_콘스프맛팝콘출시_ASC_전환_video,(마스터ASC)[콘스프맛 팝콘] 26.05_콘스프맛팝콘출시_ASC_전환_video,[26.06]F_V_PC콘_전환_팝콘더블특가_고객후기형_김부각BP.메시지검증.다이어트_var1.릴스_대표가빡쳐서.추가건PJ_1P_최나영_260626_제과_강경연,39507,459,453935.0,61
2026-07-16,[제과_콘스프맛 팝콘] 26.05_콘스프맛팝콘출시_수동_전환_video,지인네고형_팝콘더블특가_콘스프맛 (~7/1),[26.06]F_V_PC콘_전환_팝콘더블특가_네고형_지인네고형.다이어트_main.릴스_메인.슬기.X_1P_최나영_260626_제과_문형민,1116,29,17723.0,1
2026-07-17,(마스터ASC)[제과_콘스프맛 팝콘] 26.05_콘스프맛팝콘출시_ASC_전환_video,(마스터ASC)[콘스프맛 팝콘] 26.05_콘스프맛팝콘출시_ASC_전환_video,[26.06]F_V_PC콘_전환_팝콘더블특가_고객후기형_김부각BP.메시지검증.다이어트_var1.릴스_대표가빡쳐서.추가건PJ_1P_최나영_260626_제과_강경연,6948,89,79604.0,6
2026-07-18,(마스터ASC)[제과_콘스프맛 팝콘] 26.05_콘스프맛팝콘출시_ASC_전환_video,(마스터ASC)[콘스프맛 팝콘] 26.05_콘스프맛팝콘출시_ASC_전환_video,[26.06]F_V_PC콘_전환_팝콘더블특가_고객후기형_김부각BP.메시지검증.다이어트_var1.릴스_대표가빡쳐서.추가건PJ_1P_최나영_260626_제과_강경연,6283,78,68050.0,6
2026-07-19,(마스터ASC)[제과_콘스프맛 팝콘] 26.05_콘스프맛팝콘출시_ASC_전환_video,(마스터ASC)[콘스프맛 팝콘] 26.05_콘스프맛팝콘출시_ASC_전환_video,[26.06]F_V_PC콘_전환_팝콘더블특가_고객후기형_김부각BP.메시지검증.다이어트_var1.릴스_대표가빡쳐서.추가건PJ_1P_최나영_260626_제과_강경연,5598,78,61932.0,4
2026-07-16,[제과_콘스프맛 팝콘] 26.05_콘스프맛팝콘출시_수동_전환_video,전화네고형_팝콘더블특가_콘스프맛 (~7/1),[26.06]F_V_PC콘_전환_팝콘더블특가_네고형_전화네고형.다이어트_var1.릴스_다이어트.슬기.X_1P_최나영_260625_제과_피재은,42,0,827.0,0
2026-07-16,(마스터ASC)[제과_콘스프맛 팝콘] 26.05_콘스프맛팝콘출시_ASC_전환_video,(마스터ASC)[콘스프맛 팝콘] 26.05_콘스프맛팝콘출시_ASC_전환_video,[26.06]F_V_PC콘_전환_팝콘더블특가_네고형_전화네고형.다이어트_var2.릴스_속세맛.슬기.X_1P_최나영_260625_제과_피재은,2431,31,32107.0,3
2026-07-17,[제과_콘스프맛 팝콘] 26.05_콘스프맛팝콘출시_수동_전환_video,전화네고형_팝콘더블특가_콘스프맛 (~7/1),[26.06]F_V_PC콘_전환_팝콘더블특가_네고형_전화네고형.다이어트_var1.릴스_다이어트.슬기.X_1P_최나영_260625_제과_피재은,1,0,5.0,0
2026-07-19,[제과_콘스프맛 팝콘] 26.05_콘스프맛팝콘출시_수동_전환_video,전화네고형_팝콘더블특가_콘스프맛 (~7/1),[26.06]F_V_PC콘_전환_팝콘더블특가_네고형_전화네고형.다이어트_var1.릴스_다이어트.슬기.X_1P_최나영_260625_제과_피재은,4,0,25.0,0
2026-07-16,[제과_콘스프맛 팝콘] 26.05_콘스프맛팝콘출시_ASC_전환_video_네고형_0506,[콘스프맛 팝콘] 26.05_콘스프맛팝콘출시_ASC_전환_video_네고형_0506,[26.05]F_V_PC콘_전환_콘스프맛팝콘출시_네고형_네고형_main.릴스_공통.형민.형민PJ1_3C_박현지_260506_3T_이수민,18443,183,154653.0,19
2026-07-17,[제과_콘스프맛 팝콘] 26.05_콘스프맛팝콘출시_ASC_전환_video_네고형_0506,[콘스프맛 팝콘] 26.05_콘스프맛팝콘출시_ASC_전환_video_네고형_0506,[26.05]F_V_PC콘_전환_콘스프맛팝콘출시_네고형_네고형_main.릴스_공통.형민.형민PJ1_3C_박현지_260506_3T_이수민,65413,709,492159.0,54
2026-07-18,[제과_콘스프맛 팝콘] 26.05_콘스프맛팝콘출시_ASC_전환_video_네고형_0506,[콘스프맛 팝콘] 26.05_콘스프맛팝콘출시_ASC_전환_video_네고형_0506,[26.05]F_V_PC콘_전환_콘스프맛팝콘출시_네고형_네고형_main.릴스_공통.형민.형민PJ1_3C_박현지_260506_3T_이수민,41768,394,298346.0,38
2026-07-19,[제과_콘스프맛 팝콘] 26.05_콘스프맛팝콘출시_ASC_전환_video_네고형_0506,[콘스프맛 팝콘] 26.05_콘스프맛팝콘출시_ASC_전환_video_네고형_0506,[26.05]F_V_PC콘_전환_콘스프맛팝콘출시_네고형_네고형_main.릴스_공통.형민.형민PJ1_3C_박현지_260506_3T_이수민,7068,67,45201.0,7
2026-07-16,[제과_콘스프맛 팝콘] 26.05_콘스프맛팝콘출시_수동_전환_video,네고형_콘스프맛_(통합),[26.05]F_V_PC콘_전환_콘스프맛팝콘출시_네고형_공구네고형_main.릴스_공통.(연)강민경.고현정.슬기.X_4C_박현지_260515_1T_강경연,57406,1066,649690.0,84
2026-07-17,[제과_콘스프맛 팝콘] 26.05_콘스프맛팝콘출시_수동_전환_video,네고형_콘스프맛_(통합),[26.05]F_V_PC콘_전환_콘스프맛팝콘출시_네고형_공구네고형_main.릴스_공통.(연)강민경.고현정.슬기.X_4C_박현지_260515_1T_강경연,28127,507,274211.0,35
2026-07-18,[제과_콘스프맛 팝콘] 26.05_콘스프맛팝콘출시_수동_전환_video,네고형_콘스프맛_(통합),[26.05]F_V_PC콘_전환_콘스프맛팝콘출시_네고형_공구네고형_main.릴스_공통.(연)강민경.고현정.슬기.X_4C_박현지_260515_1T_강경연,128261,2636,1090957.0,186
2026-07-19,[제과_콘스프맛 팝콘] 26.05_콘스프맛팝콘출시_수동_전환_video,네고형_콘스프맛_(통합),[26.05]F_V_PC콘_전환_콘스프맛팝콘출시_네고형_공구네고형_main.릴스_공통.(연)강민경.고현정.슬기.X_4C_박현지_260515_1T_강경연,66879,1601,506459.0,102
