date,campaign_name,adset_name,ad_name,impressions,clicks,spend,conversions
2026-07-14,[제과_콘스프맛 팝콘] 26.05_콘스프맛팝콘출시_수동_전환_image,속세맛간식공감_콘스프맛팝콘_상시,[26.07]F_I_PC혼_전환_콘스프맛팝콘출시_혜택강조형__.배너_사무실 간식 주워먹다 3kg 쪘다?.확장__김소희_260713_제과_박서연,10,0,254.0,0
2026-07-15,[제과_콘스프맛 팝콘] 26.05_콘스프맛팝콘출시_수동_전환_image,속세맛간식공감_콘스프맛팝콘_상시,[26.07]F_I_PC혼_전환_콘스프맛팝콘출시_혜택강조형__.배너_사무실 간식 주워먹다 3kg 쪘다?.확장__김소희_260713_제과_박서연,4,0,122.0,0
2026-07-15,(마스터ASC)[제과_블트하] 26.07_블트깡출시_ASC_전환_video,(마스터ASC)[제과_블트하] 26.07_블트깡출시_ASC_전환_video,[26.07]F_V_BT깡_전환_블트깡출시_쩜오건_리액션과장.KR1_var5.릴스_출시.맛후킹.X_1P_김소희_260715_제과_문형민,4,0,83.0,0
2026-07-15,(마스터ASC)[제과_블트하] 26.07_블트깡출시_ASC_전환_image,(마스터ASC)[제과_블트하] 26.07_블트깡출시_ASC_전환_image,[26.07]F_I_BT깡_전환_블트깡출시_혜택강조형_혜택강조형_.배너_비싼이탈리아블랙트러플.검증__김소희_260715_제과_박서연,32,1,925.0,0
2026-07-15,(마스터ASC)[제과_블트하] 26.07_블트깡출시_ASC_전환_image,(마스터ASC)[제과_블트하] 26.07_블트깡출시_ASC_전환_image,[26.07]F_I_BT깡_전환_블트깡출시_혜택강조형_KR2_.배너_원산지권위.비싼거때려넣음.검증__김소희_260715_제과_김수정,6,0,59.0,0
2026-07-15,[제과_블트하] 26.07_블트깡출시_수동_전환_video_전체타겟,미틀리에BP_블트깡출시 (KR2),[26.07]F_V_BT깡_전환_블트깡출시_원가강조형_미틀리에BP.KR2_var2.릴스_맛.X_1P_최나영_260715_제과_강경연,4814,155,76952.0,14
2026-07-15,[제과_블트하] 26.07_블트깡출시_수동_전환_video_전체타겟,BP이식형2_블트깡출시 (KR1/2),[26.07]F_V_BT깡_전환_블트깡출시_쩜오건_대세감실체.KR1_var1.릴스_유명남돌라방.X_1P_김소희_260715_제과_문형민,45,3,567.0,0
2026-07-15,(마스터ASC)[제과_블트하] 26.07_블트깡출시_ASC_전환_video,(마스터ASC)[제과_블트하] 26.07_블트깡출시_ASC_전환_video,[26.07]F_V_BT깡_전환_블트깡출시_쩜오건_내돈내산리뷰.KR1_var2.릴스_SNS.X_1P_김소희_260715_제과_문형민,54,2,645.0,0
2026-07-15,(마스터ASC)[제과_블트하] 26.07_블트깡출시_ASC_전환_image,(마스터ASC)[제과_블트하] 26.07_블트깡출시_ASC_전환_image,[26.07]F_I_BT깡_전환_블트깡출시_바이럴형_KR2_.배너_원산지페포.진짜먹고싶을때만먹다가.검증__김소희_260715_제과_김수정,14,0,147.0,0
2026-07-15,[제과_블트하] 26.07_블트깡출시_수동_전환_image_전체타겟,원산지권위_블트깡출시 (KR2),[26.07]F_I_BT깡_전환_블트깡출시__KR2_.배너_원산지권위.공식문서형.마진포기하고.검증__김소희_260715_제과_김수정,214,5,3084.0,0
2026-07-15,[제과_블트하] 26.07_블트깡출시_수동_전환_image_전체타겟,판매량/화제_블트깡출시 (KR1),[26.07]F_I_BT깡_전환_블트깡출시_바이럴형_KR1_.배너_유행.안먹은사람은있어도.검증__김소희_260715_제과_김수정,5,0,92.0,0
2026-07-15,[제과_블트하] 26.07_블트깡출시_수동_전환_image_전체타겟,판매량/화제_블트깡출시 (KR1),[26.07]F_I_BT깡_전환_블트깡출시_바이럴형_KR1_.배너_유행.창고형마트에서보이면무조건담으라던.검증__김소희_260715_제과_김수정,109,1,1256.0,0
2026-07-15,(마스터ASC)[제과_블트하] 26.07_블트깡출시_ASC_전환_image,(마스터ASC)[제과_블트하] 26.07_블트깡출시_ASC_전환_image,[26.07]F_I_BT깡_전환_블트깡출시_매거진형_KR1_.배너_판매량.리셀대란.검증__김소희_260715_제과_김수정,42,1,907.0,0
2026-07-15,(마스터ASC)[제과_블트하] 26.07_블트깡출시_ASC_전환_image,(마스터ASC)[제과_블트하] 26.07_블트깡출시_ASC_전환_image,[26.07]F_I_BT깡_전환_블트깡출시_바이럴형_KR1_.배너_유행.신상추천.검증__김소희_260715_제과_김수정,22,0,246.0,0
2026-07-15,(마스터ASC)[제과_블트하] 26.07_블트깡출시_ASC_전환_image,(마스터ASC)[제과_블트하] 26.07_블트깡출시_ASC_전환_image,[26.07]F_I_BT깡_전환_블트깡출시_바이럴형_KR1_.배너_일반특정집단.탕비실난리.검증__김소희_260715_제과_김수정,7,0,69.0,0
2026-07-15,[제과_블트하] 26.07_블트깡출시_수동_전환_image_전체타겟,집단유행/유명인_블트깡출시 (KR1),[26.07]F_I_BT깡_전환_블트깡출시_바이럴형_KR1_.배너_일반특정집단.맘카페에서입소문시작.검증__김소희_260715_제과_김수정,3861,108,43768.0,12
2026-07-15,[제과_블트하] 26.07_블트깡출시_수동_전환_image_전체타겟,집단유행/유명인_블트깡출시 (KR1),[26.07]F_I_BT깡_전환_블트깡출시_매거진형_KR1_.배너_일반특정집단.3040사이에서.검증__김소희_260715_제과_김수정,6,0,60.0,0
2026-07-15,[제과_블트하] 26.07_블트깡출시_수동_전환_image_전체타겟,집단유행/유명인_블트깡출시 (KR1),[26.07]F_I_BT깡_전환_블트깡출시_바이럴형_KR1_.배너_연예인권위.맛잘알남돌.검증__김소희_260715_제과_김수정,8,0,469.0,0
2026-07-15,[제과_블트하] 26.07_블트깡출시_수동_전환_image_전체타겟,집단유행/유명인_블트깡출시 (KR1),[26.07]F_I_BT깡_전환_블트깡출시_바이럴형_KR1_.배너_일반특정집단.회사에서몰래먹다가.검증__김소희_260715_제과_김수정,12,0,99.0,0
2026-07-15,[제과_블트하] 26.07_블트깡출시_수동_전환_image_전체타겟,집단유행/유명인_블트깡출시 (KR1),[26.07]F_I_BT깡_전환_블트깡출시_바이럴형_KR1_.배너_일반특정집단.탕비실난리.검증__김소희_260715_제과_김수정,42,0,573.0,0
2026-07-15,[제과_블트하] 26.07_블트깡출시_수동_전환_image_전체타겟,집단유행/유명인_블트깡출시 (KR1),[26.07]F_I_BT깡_전환_블트깡출시_바이럴형_KR1_.배너_연예인권위.과자안먹을것같은.검증__김소희_260715_제과_김수정,23,0,341.0,0
2026-07-15,[제과_블트하] 26.07_블트깡출시_수동_전환_image_전체타겟,집단유행/유명인_블트깡출시 (KR1),[26.07]F_I_BT깡_전환_블트깡출시_바이럴형_KR1_.배너_일반특정집단.고급진데가성비좋은와인안주.검증__김소희_260715_제과_김수정,24,0,209.0,0
2026-07-15,[제과_블트하] 26.07_블트깡출시_수동_전환_image_전체타겟,집단유행/유명인_블트깡출시 (KR1),[26.07]F_I_BT깡_전환_블트깡출시_바이럴형_KR1_.배너_일반특정집단.안주좀먹어봤다면.검증__김소희_260715_제과_김수정,21,0,261.0,0
2026-07-15,[제과_블트하] 26.07_블트깡출시_수동_전환_image_전체타겟,집단유행/유명인_블트깡출시 (KR1),[26.07]F_I_BT깡_전환_블트깡출시_바이럴형_KR1_.배너_일반특정집단.맘카페재구매인증.검증__김소희_260715_제과_김수정,6,0,85.0,0
2026-07-15,[제과_블트하] 26.07_블트깡출시_수동_전환_image_전체타겟,집단유행/유명인_블트깡출시 (KR1),[26.07]F_I_BT깡_전환_블트깡출시_바이럴형_KR1_.배너_일반특정집단.맘카페추천템.검증__김소희_260715_제과_김수정,1,0,12.0,0
2026-07-15,[제과_블트하] 26.07_블트깡출시_수동_전환_video_전체타겟,BP이식형2_블트깡출시 (KR1/2),[26.07]F_V_BT깡_전환_블트깡출시_쩜오건_맛조합맥주.KR1_var3.릴스_맥주후킹1.X_1P_김소희_260715_제과_문형민,74,4,873.0,0
2026-07-15,[제과_블트하] 26.07_블트깡출시_수동_전환_video_전체타겟,BP이식형2_블트깡출시 (KR1/2),[26.07]F_V_BT깡_전환_블트깡출시_쩜오건_맛조합맥주.KR1_var4.릴스_맥주후킹1.X_1P_김소희_260715_제과_문형민,35,0,502.0,0
2026-07-15,(마스터ASC)[제과_블트하] 26.07_블트깡출시_ASC_전환_video,(마스터ASC)[제과_블트하] 26.07_블트깡출시_ASC_전환_video,[26.07]F_V_BT깡_전환_블트깡출시_쩜오건_맛조합맥주.KR1_var4.릴스_맥주후킹1.X_1P_김소희_260715_제과_문형민,33,3,354.0,2
2026-07-15,(마스터ASC)[제과_블트하] 26.07_블트깡출시_ASC_전환_video,(마스터ASC)[제과_블트하] 26.07_블트깡출시_ASC_전환_video,[26.07]F_V_BT깡_전환_블트깡출시_쩜오건_맛조합맥주.KR1_var3.릴스_맥주후킹1.X_1P_김소희_260715_제과_문형민,90,4,1135.0,1
2026-07-15,[제과_블트하] 26.07_블트깡출시_수동_전환_image_전체타겟,혜택강조형_블트깡출시,[26.07]F_I_BT깡_전환_블트깡출시_혜택강조형_혜택강조형_.배너_비싼이탈리아블랙트러플.검증__김소희_260715_제과_박서연,44,1,720.0,0
2026-07-15,[제과_블트하] 26.07_블트깡출시_수동_전환_image_전체타겟,혜택강조형_블트깡출시,[26.07]F_I_BT깡_전환_블트깡출시_혜택강조형_혜택강조형_.배너_와인좋아하는사람들은다안다는.검증__김소희_260715_제과_박서연,269,7,3913.0,2
2026-07-15,(마스터ASC)[제과_블트하] 26.07_블트깡출시_ASC_전환_image,(마스터ASC)[제과_블트하] 26.07_블트깡출시_ASC_전환_image,[26.07]F_I_BT깡_전환_블트깡출시_혜택강조형_혜택강조형_.배너_와인좋아하는사람들은다안다는.검증__김소희_260715_제과_박서연,419,7,6915.0,0
2026-07-15,[제과_블트하] 26.07_블트깡출시_수동_전환_image_전체타겟,혜택강조형_블트깡출시,[26.07]F_I_BT깡_전환_블트깡출시_혜택강조형_혜택강조형_.배너_짝퉁나올만큼유명한..검증__김소희_260715_제과_박서연,125,1,2054.0,0
2026-07-15,[제과_블트하] 26.07_블트깡출시_수동_전환_image_전체타겟,원산지권위_블트깡출시 (KR2),[26.07]F_I_BT깡_전환_블트깡출시_바이럴형_KR2_.배너_원산지페포.유행이라먹어보고싶은데.검증__김소희_260715_제과_김수정,27,0,211.0,0
2026-07-15,[제과_블트하] 26.07_블트깡출시_수동_전환_image_전체타겟,원산지권위_블트깡출시 (KR2),[26.07]F_I_BT깡_전환_블트깡출시_바이럴형_KR2_.배너_원산지페포.좋아하는데원산지가.검증__김소희_260715_제과_김수정,56,1,789.0,1
2026-07-15,[제과_블트하] 26.07_블트깡출시_수동_전환_image_전체타겟,원산지권위_블트깡출시 (KR2),[26.07]F_I_BT깡_전환_블트깡출시_바이럴형_KR2_.배너_원산지페포.맛잘알친구가줌.검증__김소희_260715_제과_김수정,135,3,1821.0,0
2026-07-15,[제과_블트하] 26.07_블트깡출시_수동_전환_image_전체타겟,원산지권위_블트깡출시 (KR2),[26.07]F_I_BT깡_전환_블트깡출시__KR2_.배너_원산지권위.공식문서형.사과문.검증__김소희_260715_제과_김수정,587,15,9261.0,0
2026-07-15,[제과_블트하] 26.07_블트깡출시_수동_전환_image_전체타겟,원산지권위_블트깡출시 (KR2),[26.07]F_I_BT깡_전환_블트깡출시__KR2_.배너_원산지권위.공식문서형.광고본모든사람들.검증__김소희_260715_제과_김수정,210,2,2461.0,0
2026-07-15,[제과_블트하] 26.07_블트깡출시_수동_전환_image_전체타겟,원산지권위_블트깡출시 (KR2),[26.07]F_I_BT깡_전환_블트깡출시_바이럴형_KR2_.배너_원산지페포.무물.검증__김소희_260715_제과_김수정,143,3,2284.0,0
2026-07-15,(마스터ASC)[제과_블트하] 26.07_블트깡출시_ASC_전환_image,(마스터ASC)[제과_블트하] 26.07_블트깡출시_ASC_전환_image,[26.07]F_I_BT깡_전환_블트깡출시_바이럴형_KR2_.배너_원산지페포.좋아하는데원산지가.검증__김소희_260715_제과_김수정,16,2,171.0,0
2026-07-15,[제과_블트하] 26.07_블트깡출시_수동_전환_image_전체타겟,원산지권위_블트깡출시 (KR2),[26.07]F_I_BT깡_전환_블트깡출시_바이럴형_KR2_.배너_원산지페포.진짜먹고싶을때만먹다가.검증__김소희_260715_제과_김수정,57,0,430.0,0
2026-07-15,(마스터ASC)[제과_블트하] 26.07_블트깡출시_ASC_전환_image,(마스터ASC)[제과_블트하] 26.07_블트깡출시_ASC_전환_image,[26.07]F_I_BT깡_전환_블트깡출시__KR2_.배너_원산지권위.공식문서형.사과문.검증__김소희_260715_제과_김수정,334,6,5198.0,0
2026-07-15,[제과_블트하] 26.07_블트깡출시_수동_전환_image_전체타겟,원산지권위_블트깡출시 (KR2),[26.07]F_I_BT깡_전환_블트깡출시_바이럴형_KR2_.배너_원산지페포.요즘난리난.검증__김소희_260715_제과_김수정,705,12,9612.0,2
2026-07-15,(마스터ASC)[제과_블트하] 26.07_블트깡출시_ASC_전환_image,(마스터ASC)[제과_블트하] 26.07_블트깡출시_ASC_전환_image,[26.07]F_I_BT깡_전환_블트깡출시__KR2_.배너_원산지권위.공식문서형.마진포기하고.검증__김소희_260715_제과_김수정,320,5,4860.0,0
2026-07-15,[제과_블트하] 26.07_블트깡출시_수동_전환_image_전체타겟,판매량/화제_블트깡출시 (KR1),[26.07]F_I_BT깡_전환_블트깡출시_바이럴형_KR1_.배너_유행.요새난리난.검증__김소희_260715_제과_김수정,486,4,6180.0,1
2026-07-15,[제과_블트하] 26.07_블트깡출시_수동_전환_image_전체타겟,판매량/화제_블트깡출시 (KR1),[26.07]F_I_BT깡_전환_블트깡출시_매거진형_KR1_.배너_판매량.짭제품.검증__김소희_260715_제과_김수정,1,0,19.0,0
2026-07-15,[제과_블트하] 26.07_블트깡출시_수동_전환_image_전체타겟,판매량/화제_블트깡출시 (KR1),[26.07]F_I_BT깡_전환_블트깡출시_매거진형_KR1_.배너_판매량.창고형마트기둥하나.검증__김소희_260715_제과_김수정,78,0,1287.0,0
2026-07-15,[제과_블트하] 26.07_블트깡출시_수동_전환_image_전체타겟,판매량/화제_블트깡출시 (KR1),[26.07]F_I_BT깡_전환_블트깡출시_매거진형_KR1_.배너_판매량.한봉지사겠다고.검증__김소희_260715_제과_김수정,234,3,2723.0,0
2026-07-15,[제과_블트하] 26.07_블트깡출시_수동_전환_image_전체타겟,판매량/화제_블트깡출시 (KR1),[26.07]F_I_BT깡_전환_블트깡출시_매거진형_KR1_.배너_판매량.리셀대란.검증__김소희_260715_제과_김수정,207,2,3303.0,0
2026-07-15,(마스터ASC)[제과_블트하] 26.07_블트깡출시_ASC_전환_image,(마스터ASC)[제과_블트하] 26.07_블트깡출시_ASC_전환_image,[26.07]F_I_BT깡_전환_블트깡출시_매거진형_KR1_.배너_판매량.짭제품.검증__김소희_260715_제과_김수정,78,1,1074.0,0
2026-07-15,[제과_블트하] 26.07_블트깡출시_수동_전환_image_전체타겟,판매량/화제_블트깡출시 (KR1),[26.07]F_I_BT깡_전환_블트깡출시_바이럴형_KR1_.배너_유행.계속보여서사봤는데.검증__김소희_260715_제과_김수정,23,0,481.0,0
2026-07-15,(마스터ASC)[제과_블트하] 26.07_블트깡출시_ASC_전환_image,(마스터ASC)[제과_블트하] 26.07_블트깡출시_ASC_전환_image,[26.07]F_I_BT깡_전환_블트깡출시_매거진형_KR1_.배너_판매량.품절이라못먹어본사람많다는.검증__김소희_260715_제과_김수정,142,0,2016.0,0
2026-07-15,[제과_블트하] 26.07_블트깡출시_수동_전환_image_전체타겟,판매량/화제_블트깡출시 (KR1),[26.07]F_I_BT깡_전환_블트깡출시_매거진형_KR1_.배너_유행.와인맥주안주로알고리즘탄.검증__김소희_260715_제과_김수정,5,1,138.0,0
2026-07-15,(마스터2) [제과_단백질 쉐이크] 26.07_단백질쉐이크출시_ASC_전환_image,(마스터2) [제과_단백질 쉐이크] 26.07_단백질쉐이크출시_ASC_전환_image,[26.07]F_I_SK혼_전환_단백질쉐이크출시_혜택강조형_올영최저가비교_.배너_폭싹깎았어요.네고형.확장__이유빈_260714_제과_문다현,86,3,1909.0,0
2026-07-15,(마스터ASC)[제과_블트하] 26.07_블트깡출시_ASC_전환_video,(마스터ASC)[제과_블트하] 26.07_블트깡출시_ASC_전환_video,[26.07]F_V_BT깡_전환_블트깡출시_쩜오건_대세감실체.KR1_main.릴스_창고형매장실체.X_1P_김소희_260715_제과_문형민,64,1,593.0,0
2026-07-15,[제과_블트하] 26.07_블트깡출시_수동_전환_video_전체타겟,BP이식형2_블트깡출시 (KR1/2),[26.07]F_V_BT깡_전환_블트깡출시_쩜오건_맛조합맥주.KR1_main.릴스_제품후킹.X_1P_김소희_260715_제과_문형민,64,3,1033.0,1
2026-07-15,[제과_블트하] 26.07_블트깡출시_수동_전환_video_전체타겟,BP이식형2_블트깡출시 (KR1/2),[26.07]F_V_BT깡_전환_블트깡출시_쩜오건_맛조합맥주.KR1_var1.릴스_맛후킹.X_1P_김소희_260715_제과_문형민,4514,163,52057.0,26
2026-07-15,(마스터ASC)[제과_블트하] 26.07_블트깡출시_ASC_전환_video,(마스터ASC)[제과_블트하] 26.07_블트깡출시_ASC_전환_video,[26.07]F_V_BT깡_전환_블트깡출시_쩜오건_원재료강조.KR2_main.릴스_자르는ver.X_1P_김소희_260715_제과_문형민,94,3,923.0,0
2026-07-15,[제과_블트하] 26.07_블트깡출시_수동_전환_video_전체타겟,BP이식형2_블트깡출시 (KR1/2),[26.07]F_V_BT깡_전환_블트깡출시_쩜오건_원재료강조.KR2_main.릴스_자르는ver.X_1P_김소희_260715_제과_문형민,23,1,344.0,0
2026-07-15,[제과_블트하] 26.07_블트깡출시_수동_전환_video_전체타겟,BP이식형2_블트깡출시 (KR1/2),[26.07]F_V_BT깡_전환_블트깡출시_쩜오건_원재료강조.KR2_var1.릴스_떨어지는ver.X_1P_김소희_260715_제과_문형민,23,2,195.0,0
2026-07-15,[제과_블트하] 26.07_블트깡출시_수동_전환_video_전체타겟,BP이식형_블트깡출시 (KR1),[26.07]F_V_BT깡_전환_블트깡출시_쩜오건_내돈내산리뷰.KR1_var1.릴스_역대급.X_1P_김소희_260715_제과_문형민,1486,38,19464.0,2
2026-07-15,[제과_블트하] 26.07_블트깡출시_수동_전환_video_전체타겟,BP이식형_블트깡출시 (KR1),[26.07]F_V_BT깡_전환_블트깡출시_쩜오건_내돈내산리뷰.KR1_main.릴스_조용히출시.X_1P_김소희_260715_제과_문형민,4,0,43.0,0
2026-07-15,[제과_블트하] 26.07_블트깡출시_수동_전환_video_전체타겟,BP이식형_블트깡출시 (KR1),[26.07]F_V_BT깡_전환_블트깡출시_쩜오건_내돈내산리뷰.KR1_var2.릴스_SNS.X_1P_김소희_260715_제과_문형민,8,0,43.0,0
2026-07-15,[제과_블트하] 26.07_블트깡출시_수동_전환_video_전체타겟,BP이식형_블트깡출시 (KR1),[26.07]F_V_BT깡_전환_블트깡출시_쩜오건_리액션과장.KR1_var4.릴스_출시.제품후킹.X_1P_김소희_260715_제과_문형민,76,1,737.0,0
2026-07-15,(마스터ASC)[제과_블트하] 26.07_블트깡출시_ASC_전환_video,(마스터ASC)[제과_블트하] 26.07_블트깡출시_ASC_전환_video,[26.07]F_V_BT깡_전환_블트깡출시_쩜오건_리액션과장.KR1_var4.릴스_출시.제품후킹.X_1P_김소희_260715_제과_문형민,5,0,20.0,0
2026-07-15,[제과_블트하] 26.07_블트깡출시_수동_전환_video_전체타겟,BP이식형_블트깡출시 (KR1),[26.07]F_V_BT깡_전환_블트깡출시_쩜오건_리액션과장.KR1_var1.릴스_트러플하몽.맛후킹.X_1P_김소희_260715_제과_문형민,586,18,6270.0,3
2026-07-15,[제과_블트하] 26.07_블트깡출시_수동_전환_video_전체타겟,BP이식형_블트깡출시 (KR1),[26.07]F_V_BT깡_전환_블트깡출시_쩜오건_리액션과장.KR1_var2.릴스_SNS.제품후킹.X_1P_김소희_260715_제과_문형민,16,1,437.0,0
2026-07-15,[제과_블트하] 26.07_블트깡출시_수동_전환_video_전체타겟,BP이식형_블트깡출시 (KR1),[26.07]F_V_BT깡_전환_블트깡출시_쩜오건_리액션과장.KR1_main.릴스_트러플하몽.제품후킹.X_1P_김소희_260715_제과_문형민,8,0,154.0,0
2026-07-15,(마스터ASC)[제과_블트하] 26.07_블트깡출시_ASC_전환_video,(마스터ASC)[제과_블트하] 26.07_블트깡출시_ASC_전환_video,[26.07]F_V_BT깡_전환_블트깡출시_쩜오건_내돈내산리뷰.KR1_var1.릴스_역대급.X_1P_김소희_260715_제과_문형민,54,3,594.0,0
2026-07-15,(마스터ASC)[제과_블트하] 26.07_블트깡출시_ASC_전환_video,(마스터ASC)[제과_블트하] 26.07_블트깡출시_ASC_전환_video,[26.07]F_V_BT깡_전환_블트깡출시_쩜오건_내돈내산리뷰.KR1_main.릴스_조용히출시.X_1P_김소희_260715_제과_문형민,23,1,307.0,2
2026-07-15,[제과_블트하] 26.07_블트깡출시_수동_전환_video_전체타겟,BP이식형_블트깡출시 (KR1),[26.07]F_V_BT깡_전환_블트깡출시_쩜오건_리액션과장.KR1_var3.릴스_SNS.맛후킹.X_1P_김소희_260715_제과_문형민,361,14,6187.0,2
2026-07-15,[제과_블트하] 26.07_블트깡출시_수동_전환_video_전체타겟,BP이식형_블트깡출시 (KR1),[26.07]F_V_BT깡_전환_블트깡출시_쩜오건_리액션과장.KR1_var5.릴스_출시.맛후킹.X_1P_김소희_260715_제과_문형민,17,0,116.0,0
2026-07-15,(마스터ASC)[제과_블트하] 26.07_블트깡출시_ASC_전환_video,(마스터ASC)[제과_블트하] 26.07_블트깡출시_ASC_전환_video,[26.07]F_V_BT깡_전환_블트깡출시_쩜오건_리액션과장.KR1_var2.릴스_SNS.제품후킹.X_1P_김소희_260715_제과_문형민,2,0,17.0,0
2026-07-15,(마스터ASC)[제과_블트하] 26.07_블트깡출시_ASC_전환_video,(마스터ASC)[제과_블트하] 26.07_블트깡출시_ASC_전환_video,[26.07]F_V_BT깡_전환_블트깡출시_쩜오건_리액션과장.KR1_var3.릴스_SNS.맛후킹.X_1P_김소희_260715_제과_문형민,17,2,123.0,0
2026-07-15,[제과_블트하] 26.07_블트깡출시_수동_전환_image_전체타겟,혜택강조형_블트깡출시,[26.07]F_I_BT깡_전환_블트깡출시_혜택강조형_혜택강조형_.배너_SNS에서난리났던그조합.검증__김소희_260715_제과_박서연,31,0,506.0,0
2026-07-15,[제과_블트하] 26.07_블트깡출시_수동_전환_image_전체타겟,혜택강조형_블트깡출시,[26.07]F_I_BT깡_전환_블트깡출시_혜택강조형_혜택강조형_.배너_18000-_개당천원대.7일만할인해요.검증__김소희_260715_제과_박서연,85,2,1279.0,0
2026-07-15,[제과_블트하] 26.07_블트깡출시_수동_전환_image_전체타겟,혜택강조형_블트깡출시,[26.07]F_I_BT깡_전환_블트깡출시_혜택강조형_혜택강조형_.배너_프리미엄.고급진신상.검증__김소희_260715_제과_박서연,14,0,59.0,0
2026-07-15,[제과_블트하] 26.07_블트깡출시_수동_전환_image_전체타겟,혜택강조형_블트깡출시,[26.07]F_I_BT깡_전환_블트깡출시_혜택강조형_혜택강조형_.배너_창고형마트에서무조건쟁이는.검증__김소희_260715_제과_박서연,171,3,3205.0,1
2026-07-15,[제과_블트하] 26.07_블트깡출시_수동_전환_image_전체타겟,혜택강조형_블트깡출시,[26.07]F_I_BT깡_전환_블트깡출시_혜택강조형_혜택강조형_.배너_구하러발품팔던..검증__김소희_260715_제과_박서연,221,8,4615.0,0
2026-07-15,(마스터ASC)[제과_블트하] 26.07_블트깡출시_ASC_전환_image,(마스터ASC)[제과_블트하] 26.07_블트깡출시_ASC_전환_image,[26.07]F_I_BT깡_전환_블트깡출시_혜택강조형_혜택강조형_.배너_마트기둥하나세웠다는.검증__김소희_260715_제과_박서연,26,2,371.0,0
2026-07-15,[제과_블트하] 26.07_블트깡출시_수동_전환_image_전체타겟,혜택강조형_블트깡출시,[26.07]F_I_BT깡_전환_블트깡출시_혜택강조형_혜택강조형_.배너_마트기둥하나세웠다는.검증__김소희_260715_제과_박서연,317,9,5378.0,0
2026-07-15,[제과_블트하] 26.07_블트깡출시_수동_전환_image_전체타겟,혜택강조형_블트깡출시,[26.07]F_I_BT깡_전환_블트깡출시_혜택강조형_혜택강조형_.배너_맘카페추천템으로등극된레전드조합.검증__김소희_260715_제과_박서연,6,0,87.0,0
2026-07-04,[제과_단백질 쉐이크] 26.06_단백질쉐이크출시_수동_전환_video,네고형_0702,[26.07]F_V_SK혼_전환_단백질쉐이크출시_네고형_역네고형_var1.릴스_타사비교.X_2P_이유빈_260703_제과_이미진,458,16,8991.0,1
2026-07-04,[제과_단백질 쉐이크] 26.06_단백질쉐이크출시_수동_전환_video,지인네고형_0702,[26.07]F_V_SK혼_전환_단백질쉐이크출시_네고형_지인네고형_var1.릴스_취식.X_2P_이유빈_260703_제과_이봄1,505,15,7844.0,1
2026-07-05,[제과_단백질 쉐이크] 26.06_단백질쉐이크출시_수동_전환_video,네고형_0702,[26.07]F_V_SK혼_전환_단백질쉐이크출시_네고형_역네고형_var1.릴스_타사비교.X_2P_이유빈_260703_제과_이미진,49,5,1153.0,3
2026-07-06,[제과_단백질 쉐이크] 26.06_단백질쉐이크출시_수동_전환_video,네고형_0702,[26.07]F_V_SK혼_전환_단백질쉐이크출시_네고형_역네고형_var1.릴스_타사비교.X_2P_이유빈_260703_제과_이미진,48,0,1020.0,0
2026-07-07,[제과_단백질 쉐이크] 26.06_단백질쉐이크출시_수동_전환_video,네고형_0702,[26.07]F_V_SK혼_전환_단백질쉐이크출시_네고형_역네고형_var1.릴스_타사비교.X_2P_이유빈_260703_제과_이미진,35,1,539.0,0
2026-07-07,[제과_단백질 쉐이크] 26.06_단백질쉐이크출시_수동_전환_video,지인네고형_0702,[26.07]F_V_SK혼_전환_단백질쉐이크출시_네고형_지인네고형_var1.릴스_취식.X_2P_이유빈_260703_제과_이봄1,64,2,1678.0,0
2026-07-07,(마스터2) [제과_단백질 쉐이크] 26.07_단백질쉐이크출시_ASC_전환_image,(마스터2) [제과_단백질 쉐이크] 26.07_단백질쉐이크출시_ASC_전환_image,[26.07]F_I_SK초_전환_단백질쉐이크출시_혜택강조형_파우치.개당가강조_.배너_특정시점.네고왕안해도.검증__이유빈_260706_제과_김수정,750,34,18823.0,2
2026-07-08,[제과_단백질 쉐이크] 26.06_단백질쉐이크출시_수동_전환_video,네고형_0702,[26.07]F_V_SK혼_전환_단백질쉐이크출시_네고형_역네고형_var1.릴스_타사비교.X_2P_이유빈_260703_제과_이미진,7,0,195.0,0
2026-07-08,(마스터2) [제과_단백질 쉐이크] 26.07_단백질쉐이크출시_ASC_전환_image,(마스터2) [제과_단백질 쉐이크] 26.07_단백질쉐이크출시_ASC_전환_image,[26.07]F_I_SK초_전환_단백질쉐이크출시_혜택강조형_파우치.개당가강조_.배너_특정시점.네고왕안해도.검증__이유빈_260706_제과_김수정,59,1,1766.0,0
2026-07-09,[제과_단백질 쉐이크] 26.06_단백질쉐이크출시_수동_전환_video,네고형_0702,[26.07]F_V_SK혼_전환_단백질쉐이크출시_네고형_역네고형_var1.릴스_타사비교.X_2P_이유빈_260703_제과_이미진,62,2,1227.0,0
2026-07-10,[제과_콘스프맛 팝콘] 26.05_콘스프맛팝콘출시_수동_전환_image,속세맛간식공감_콘스프맛팝콘_상시,[26.07]F_I_PC혼_전환_콘스프맛팝콘출시_혜택강조형__.배너_초특가10개입.12900.마감전까지만.확장__김소희_260710_제과_문다현,1061,17,18580.0,5
2026-07-11,[제과_콘스프맛 팝콘] 26.05_콘스프맛팝콘출시_수동_전환_image,속세맛간식공감_콘스프맛팝콘_상시,[26.07]F_I_PC혼_전환_콘스프맛팝콘출시_혜택강조형__.배너_초특가10개입.12900.마감전까지만.확장__김소희_260710_제과_문다현,657,13,12147.0,3
2026-07-12,[제과_콘스프맛 팝콘] 26.05_콘스프맛팝콘출시_수동_전환_image,속세맛간식공감_콘스프맛팝콘_상시,[26.07]F_I_PC혼_전환_콘스프맛팝콘출시_혜택강조형__.배너_초특가10개입.12900.마감전까지만.확장__김소희_260710_제과_문다현,2577,62,44949.0,8
2026-07-13,[제과_콘스프맛 팝콘] 26.05_콘스프맛팝콘출시_수동_전환_image,속세맛간식공감_콘스프맛팝콘_상시,[26.07]F_I_PC혼_전환_콘스프맛팝콘출시_혜택강조형__.배너_초특가10개입.12900.마감전까지만.확장__김소희_260710_제과_문다현,1277,24,21055.0,5
2026-07-14,[제과_콘스프맛 팝콘] 26.05_콘스프맛팝콘출시_수동_전환_image,속세맛간식공감_콘스프맛팝콘_상시,[26.07]F_I_PC혼_전환_콘스프맛팝콘출시_혜택강조형__.배너_초특가10개입.12900.마감전까지만.확장__김소희_260710_제과_문다현,6467,123,109446.0,22
2026-07-14,[제과_콘스프맛 팝콘] 26.05_콘스프맛팝콘출시_수동_전환_image,속세맛간식공감_콘스프맛팝콘_상시,[26.07]F_I_PC혼_전환_콘스프맛팝콘출시_혜택강조형__.배너_죽어라 운동해서 태운 칼로리 걱정이라면 간식부터 바꾸세요.확장__김소희_260713_제과_박서연,59,1,1359.0,3
2026-07-15,[제과_콘스프맛 팝콘] 26.05_콘스프맛팝콘출시_수동_전환_image,속세맛간식공감_콘스프맛팝콘_상시,[26.07]F_I_PC혼_전환_콘스프맛팝콘출시_혜택강조형__.배너_초특가10개입.12900.마감전까지만.확장__김소희_260710_제과_문다현,2213,35,27493.0,4
2026-07-15,[제과_콘스프맛 팝콘] 26.05_콘스프맛팝콘출시_수동_전환_image,속세맛간식공감_콘스프맛팝콘_상시,[26.07]F_I_PC혼_전환_콘스프맛팝콘출시_혜택강조형__.배너_죽어라 운동해서 태운 칼로리 걱정이라면 간식부터 바꾸세요.확장__김소희_260713_제과_박서연,25,0,706.0,0
2026-07-15,[제과_단백질 쉐이크] 26.06_단백질쉐이크출시_수동_전환_image,올영최저가비교_0714,[26.07]F_I_SK혼_전환_단백질쉐이크출시_혜택강조형_올영최저가비교_.배너_재고소진임박.네고형.확장__이유빈_260714_제과_문다현,76,2,1344.0,0
2026-07-15,[제과_단백질 쉐이크] 26.06_단백질쉐이크출시_수동_전환_image,올영최저가비교_0714,[26.07]F_I_SK혼_전환_단백질쉐이크출시_혜택강조형_올영최저가비교_.배너_올영보다싸요.네고형.확장__이유빈_260714_제과_문다현,735,24,12981.0,1
2026-07-15,[제과_블트하] 26.07_블트깡출시_수동_전환_video_전체타겟,오터BP_블트깡출시 (KR2),[26.07]F_V_BT깡_전환_블트깡출시_제조과정형_CS제조과정형.KR2_var1.릴스_중국산.슬기.X_1P_김소희_260715_제과_피재은,967,32,16897.0,6
2026-07-15,[제과_블트하] 26.07_블트깡출시_수동_전환_video_전체타겟,오터BP_블트깡출시 (KR2),[26.07]F_V_BT깡_전환_블트깡출시_제조과정형_CS제조과정형.KR2_main.릴스_메인.슬기.X_1P_김소희_260715_제과_피재은,43,2,1008.0,0
2026-07-15,(마스터ASC)[제과_블트하] 26.07_블트깡출시_ASC_전환_video,(마스터ASC)[제과_블트하] 26.07_블트깡출시_ASC_전환_video,[26.07]F_V_BT깡_전환_블트깡출시_제조과정형_CS제조과정형.KR2_var1.릴스_중국산.슬기.X_1P_김소희_260715_제과_피재은,148,1,2184.0,0
2026-07-15,[제과_블트하] 26.07_블트깡출시_수동_전환_video_전체타겟,오터BP_블트깡출시 (KR2),[26.07]F_V_BT깡_전환_블트깡출시_제조과정형_CS제조과정형.KR2_var2.릴스_대세감.슬기.X_1P_김소희_260715_제과_피재은,426,8,7573.0,3
2026-07-15,(마스터ASC)[제과_블트하] 26.07_블트깡출시_ASC_전환_video,(마스터ASC)[제과_블트하] 26.07_블트깡출시_ASC_전환_video,[26.07]F_V_BT깡_전환_블트깡출시_제조과정형_CS제조과정형.KR2_var2.릴스_대세감.슬기.X_1P_김소희_260715_제과_피재은,607,4,8298.0,0
2026-07-15,[제과_블트하] 26.07_블트깡출시_수동_전환_video_전체타겟,오터BP_블트깡출시 (KR2),[26.07]F_V_BT깡_전환_블트깡출시_제조과정형_CS제조과정형.KR2_var4.릴스_하몽.슬기.X_1P_김소희_260715_제과_피재은,147,1,2806.0,0
2026-07-15,[제과_블트하] 26.07_블트깡출시_수동_전환_video_전체타겟,오터BP_블트깡출시 (KR2),[26.07]F_V_BT깡_전환_블트깡출시_제조과정형_CS제조과정형.KR2_var3.릴스_트러플.슬기.X_1P_김소희_260715_제과_피재은,89,1,1660.0,0
2026-07-15,(마스터ASC)[제과_블트하] 26.07_블트깡출시_ASC_전환_video,(마스터ASC)[제과_블트하] 26.07_블트깡출시_ASC_전환_video,[26.07]F_V_BT깡_전환_블트깡출시_제조과정형_CS제조과정형.KR2_var3.릴스_트러플.슬기.X_1P_김소희_260715_제과_피재은,6,0,128.0,0
2026-07-15,(마스터ASC)[제과_블트하] 26.07_블트깡출시_ASC_전환_video,(마스터ASC)[제과_블트하] 26.07_블트깡출시_ASC_전환_video,[26.07]F_V_BT깡_전환_블트깡출시_원가강조형_미틀리에BP.KR2_main.릴스_BP그대로.X_1P_최나영_260715_제과_강경연,31,1,529.0,0
2026-07-15,(마스터ASC)[제과_블트하] 26.07_블트깡출시_ASC_전환_video,(마스터ASC)[제과_블트하] 26.07_블트깡출시_ASC_전환_video,[26.07]F_V_BT깡_전환_블트깡출시_원가강조형_미틀리에BP.KR2_var2.릴스_맛.X_1P_최나영_260715_제과_강경연,25,2,262.0,0
2026-07-15,[제과_블트하] 26.07_블트깡출시_수동_전환_video_전체타겟,미틀리에BP_블트깡출시 (KR2),[26.07]F_V_BT깡_전환_블트깡출시_원가강조형_미틀리에BP.KR2_var1.릴스_비교프레임.X_1P_최나영_260715_제과_강경연,10,0,84.0,0
2026-07-15,[제과_블트하] 26.07_블트깡출시_수동_전환_video_전체타겟,브릭샌드BP_블트깡출시 (KR1),[26.07]F_V_BT깡_전환_블트깡출시_신규BP_브릭샌드BP.KR1_var4.릴스_두쫀쿠버터떡.X_2P_김소희_260715_제과_윤성미,242,3,3075.0,0
2026-07-15,(마스터ASC)[제과_블트하] 26.07_블트깡출시_ASC_전환_video,(마스터ASC)[제과_블트하] 26.07_블트깡출시_ASC_전환_video,[26.07]F_V_BT깡_전환_블트깡출시_신규BP_브릭샌드BP.KR1_main.릴스_메인.X_2P_김소희_260715_제과_윤성미,1,0,4.0,0
2026-07-15,[제과_블트하] 26.07_블트깡출시_수동_전환_video_전체타겟,브릭샌드BP_블트깡출시 (KR1),[26.07]F_V_BT깡_전환_블트깡출시_신규BP_브릭샌드BP.KR1_var2.릴스_연예인추천템.X_2P_김소희_260715_제과_윤성미,262,4,5153.0,0
2026-07-15,[제과_블트하] 26.07_블트깡출시_수동_전환_video_전체타겟,브릭샌드BP_블트깡출시 (KR1),[26.07]F_V_BT깡_전환_블트깡출시_신규BP_브릭샌드BP.KR1_main.릴스_메인.X_2P_김소희_260715_제과_윤성미,325,2,3641.0,2
2026-07-15,[제과_블트하] 26.07_블트깡출시_수동_전환_video_전체타겟,브릭샌드BP_블트깡출시 (KR1),[26.07]F_V_BT깡_전환_블트깡출시_신규BP_브릭샌드BP.KR1_var3.릴스_트위터.X_2P_김소희_260715_제과_윤성미,869,36,14733.0,1
2026-07-15,[제과_블트하] 26.07_블트깡출시_수동_전환_video_전체타겟,브릭샌드BP_블트깡출시 (KR1),[26.07]F_V_BT깡_전환_블트깡출시_신규BP_브릭샌드BP.KR1_var1.릴스_창고형마트.X_2P_김소희_260715_제과_윤성미,46,0,1436.0,0
2026-07-15,[제과_블트하] 26.07_블트깡출시_수동_전환_video_전체타겟,BP이식형2_블트깡출시 (KR1/2),[26.07]F_V_BT깡_전환_블트깡출시_쩜오건_대세감실체.KR1_main.릴스_창고형매장실체.X_1P_김소희_260715_제과_문형민,15,0,160.0,0
2026-07-15,(마스터ASC)[제과_블트하] 26.07_블트깡출시_ASC_전환_video,(마스터ASC)[제과_블트하] 26.07_블트깡출시_ASC_전환_video,[26.07]F_V_BT깡_전환_블트깡출시_쩜오건_대세감실체.KR1_var2.릴스_여배우유튜브.X_1P_김소희_260715_제과_문형민,18,1,258.0,0
2026-07-15,[제과_블트하] 26.07_블트깡출시_수동_전환_video_전체타겟,BP이식형2_블트깡출시 (KR1/2),[26.07]F_V_BT깡_전환_블트깡출시_쩜오건_대세감실체.KR1_var2.릴스_여배우유튜브.X_1P_김소희_260715_제과_문형민,13,3,487.0,1
2026-07-01,[제과_단백질 쉐이크] 26.06_단백질쉐이크출시_ASC_전환_video,[제과_단백질 쉐이크] 26.06_단백질쉐이크출시_ASC_전환_video,[26.06]F_V_SK곡_전환_단백질쉐이크출시_신규BP_쉐이크베이비.건강자극_vaar3.릴스_라라권위.X_2P_이유빈_260626_제과_이미진,441,10,10455.0,3
2026-07-02,[제과_단백질 쉐이크] 26.06_단백질쉐이크출시_ASC_전환_video,[제과_단백질 쉐이크] 26.06_단백질쉐이크출시_ASC_전환_video,[26.06]F_V_SK곡_전환_단백질쉐이크출시_신규BP_쉐이크베이비.건강자극_vaar3.릴스_라라권위.X_2P_이유빈_260626_제과_이미진,2431,66,67560.0,6
2026-07-07,(마스터2) [제과_단백질 쉐이크] 26.07_단백질쉐이크출시_ASC_전환_image,(마스터2) [제과_단백질 쉐이크] 26.07_단백질쉐이크출시_ASC_전환_image,[26.07]F_I_SK초_전환_단백질쉐이크출시_혜택강조형_파우치.개당가강조_.릴스_파우치대용량비교.가격시작.확장__이유빈_260707_제과_김수정,240,7,4421.0,2
2026-07-07,(마스터2) [제과_단백질 쉐이크] 26.07_단백질쉐이크출시_ASC_전환_image,(마스터2) [제과_단백질 쉐이크] 26.07_단백질쉐이크출시_ASC_전환_image,[26.07]F_I_SK혼_전환_단백질쉐이크출시_혜택강조형_파우치.개당가강조_.배너_특정시점.대형할인급.네고왕기다릴필요.확장__이유빈_260707_제과_김수정,89,3,2626.0,0
2026-07-08,(마스터2) [제과_단백질 쉐이크] 26.07_단백질쉐이크출시_ASC_전환_image,(마스터2) [제과_단백질 쉐이크] 26.07_단백질쉐이크출시_ASC_전환_image,[26.07]F_I_SK초_전환_단백질쉐이크출시_혜택강조형_파우치.개당가강조_.릴스_파우치대용량비교.가격시작.확장__이유빈_260707_제과_김수정,1236,33,24305.0,1
2026-07-08,(마스터2) [제과_단백질 쉐이크] 26.07_단백질쉐이크출시_ASC_전환_image,(마스터2) [제과_단백질 쉐이크] 26.07_단백질쉐이크출시_ASC_전환_image,[26.07]F_I_SK혼_전환_단백질쉐이크출시_혜택강조형_파우치.개당가강조_.배너_특정시점.대형할인급.네고왕기다릴필요.확장__이유빈_260707_제과_김수정,125,1,3506.0,0
2026-07-09,(마스터2) [제과_단백질 쉐이크] 26.07_단백질쉐이크출시_ASC_전환_image,(마스터2) [제과_단백질 쉐이크] 26.07_단백질쉐이크출시_ASC_전환_image,[26.07]F_I_SK초_전환_단백질쉐이크출시_혜택강조형_파우치.개당가강조_.릴스_파우치대용량비교.가격시작.확장__이유빈_260707_제과_김수정,4167,93,77095.0,8
2026-07-09,(마스터2) [제과_단백질 쉐이크] 26.07_단백질쉐이크출시_ASC_전환_image,(마스터2) [제과_단백질 쉐이크] 26.07_단백질쉐이크출시_ASC_전환_image,[26.07]F_I_SK혼_전환_단백질쉐이크출시_혜택강조형_파우치.개당가강조_.배너_특정시점.대형할인급.네고왕기다릴필요.확장__이유빈_260707_제과_김수정,47,3,1581.0,1
2026-07-10,(마스터2) [제과_단백질 쉐이크] 26.07_단백질쉐이크출시_ASC_전환_image,(마스터2) [제과_단백질 쉐이크] 26.07_단백질쉐이크출시_ASC_전환_image,[26.07]F_I_SK초_전환_단백질쉐이크출시_혜택강조형_파우치.개당가강조_.릴스_파우치대용량비교.가격시작.확장__이유빈_260707_제과_김수정,915,14,17177.0,2
2026-07-10,(마스터2) [제과_단백질 쉐이크] 26.07_단백질쉐이크출시_ASC_전환_image,(마스터2) [제과_단백질 쉐이크] 26.07_단백질쉐이크출시_ASC_전환_image,[26.07]F_I_SK혼_전환_단백질쉐이크출시_혜택강조형_파우치.개당가강조_.배너_특정시점.대형할인급.네고왕기다릴필요.확장__이유빈_260707_제과_김수정,25,0,519.0,0
2026-07-10,[제과_단백질 쉐이크] 26.06_단백질쉐이크출시_ASC_전환_video,[제과_단백질 쉐이크] 26.06_단백질쉐이크출시_ASC_전환_video,[26.07]F_V_SK혼_전환_단백질쉐이크출시_신규BP_고객검증형.파우치.개당가강조_var3.릴스_비싼단쉐천원.X_2P_이유빈_260710_제과_이미진,148,1,2052.0,0
2026-07-11,[제과_단백질 쉐이크] 26.06_단백질쉐이크출시_ASC_전환_video,[제과_단백질 쉐이크] 26.06_단백질쉐이크출시_ASC_전환_video,[26.07]F_V_SK혼_전환_단백질쉐이크출시_신규BP_고객검증형.파우치.개당가강조_var3.릴스_비싼단쉐천원.X_2P_이유빈_260710_제과_이미진,27,2,448.0,0
2026-07-12,(마스터2) [제과_단백질 쉐이크] 26.07_단백질쉐이크출시_ASC_전환_image,(마스터2) [제과_단백질 쉐이크] 26.07_단백질쉐이크출시_ASC_전환_image,[26.07]F_I_SK초_전환_단백질쉐이크출시_혜택강조형_파우치.개당가강조_.릴스_파우치대용량비교.가격시작.확장__이유빈_260707_제과_김수정,857,22,13053.0,0
2026-07-12,(마스터2) [제과_단백질 쉐이크] 26.07_단백질쉐이크출시_ASC_전환_image,(마스터2) [제과_단백질 쉐이크] 26.07_단백질쉐이크출시_ASC_전환_image,[26.07]F_I_SK혼_전환_단백질쉐이크출시_혜택강조형_파우치.개당가강조_.배너_특정시점.대형할인급.네고왕기다릴필요.확장__이유빈_260707_제과_김수정,11,0,230.0,0
2026-07-12,[제과_단백질 쉐이크] 26.06_단백질쉐이크출시_ASC_전환_video,[제과_단백질 쉐이크] 26.06_단백질쉐이크출시_ASC_전환_video,[26.07]F_V_SK혼_전환_단백질쉐이크출시_신규BP_고객검증형.파우치.개당가강조_var3.릴스_비싼단쉐천원.X_2P_이유빈_260710_제과_이미진,42,2,1004.0,0
2026-07-13,[제과_단백질 쉐이크] 26.06_단백질쉐이크출시_ASC_전환_video,[제과_단백질 쉐이크] 26.06_단백질쉐이크출시_ASC_전환_video,[26.07]F_V_SK혼_전환_단백질쉐이크출시_신규BP_고객검증형.파우치.개당가강조_var3.릴스_비싼단쉐천원.X_2P_이유빈_260710_제과_이미진,4,0,21.0,0
2026-07-14,(마스터2) [제과_단백질 쉐이크] 26.07_단백질쉐이크출시_ASC_전환_image,(마스터2) [제과_단백질 쉐이크] 26.07_단백질쉐이크출시_ASC_전환_image,[26.07]F_I_SK혼_전환_단백질쉐이크출시_혜택강조형_파우치.개당가강조_.배너_특정시점.대형할인급.네고왕기다릴필요.확장__이유빈_260707_제과_김수정,1,0,4.0,0
2026-07-14,[제과_단백질 쉐이크] 26.06_단백질쉐이크출시_ASC_전환_video,[제과_단백질 쉐이크] 26.06_단백질쉐이크출시_ASC_전환_video,[26.07]F_V_SK혼_전환_단백질쉐이크출시_신규BP_고객검증형.파우치.개당가강조_var3.릴스_비싼단쉐천원.X_2P_이유빈_260710_제과_이미진,6,0,59.0,0
2026-07-14,[제과_단백질 쉐이크] 26.06_단백질쉐이크출시_ASC_전환_video,[제과_단백질 쉐이크] 26.06_단백질쉐이크출시_ASC_전환_video,[26.07]F_V_SK혼_전환_단백질쉐이크출시_ai형_ai캐릭터.파우치.개당가강조_var4.릴스_팝콘캐릭터산책.X_2P_이유빈_260713_제과_이미진,916,12,12499.0,2
2026-07-15,[제과_단백질 쉐이크] 26.06_단백질쉐이크출시_ASC_전환_video,[제과_단백질 쉐이크] 26.06_단백질쉐이크출시_ASC_전환_video,[26.07]F_V_SK혼_전환_단백질쉐이크출시_ai형_ai캐릭터.파우치.개당가강조_var4.릴스_팝콘캐릭터산책.X_2P_이유빈_260713_제과_이미진,147,2,2391.0,0
2026-07-15,(마스터2) [제과_단백질 쉐이크] 26.07_단백질쉐이크출시_ASC_전환_image,(마스터2) [제과_단백질 쉐이크] 26.07_단백질쉐이크출시_ASC_전환_image,[26.07]F_I_SK혼_전환_단백질쉐이크출시_혜택강조형_올영최저가비교_.배너_올영보다쌀때쟁이세요.네고형.팝콘.확장__이유빈_260714_제과_문다현,158,5,3057.0,2
2026-07-15,[제과_단백질 쉐이크] 26.06_단백질쉐이크출시_수동_전환_image,올영최저가비교_0714,[26.07]F_I_SK혼_전환_단백질쉐이크출시_혜택강조형_올영최저가비교_.배너_올영보다쌀때쟁이세요.네고형.팝콘.확장__이유빈_260714_제과_문다현,35,0,830.0,0
2026-07-15,(마스터2) [제과_단백질 쉐이크] 26.07_단백질쉐이크출시_ASC_전환_image,(마스터2) [제과_단백질 쉐이크] 26.07_단백질쉐이크출시_ASC_전환_image,[26.07]F_I_SK혼_전환_단백질쉐이크출시_혜택강조형_올영최저가비교_.배너_초록그라데이션.기다리는분들.여기가더싸요.네고형.확장__이유빈_260714_제과_문다현,50,2,1916.0,0
2026-07-15,[제과_단백질 쉐이크] 26.06_단백질쉐이크출시_수동_전환_image,올영최저가비교_0714,[26.07]F_I_SK혼_전환_단백질쉐이크출시_혜택강조형_올영최저가비교_.배너_초록그라데이션.기다리는분들.여기가더싸요.네고형.확장__이유빈_260714_제과_문다현,12,0,422.0,0
2026-07-15,[제과_단백질 쉐이크] 26.06_단백질쉐이크출시_수동_전환_image,올영최저가비교_0714,[26.07]F_I_SK혼_전환_단백질쉐이크출시_혜택강조형_올영최저가비교_.배너_곧종료됩니다.네고형.팝콘.확장__이유빈_260714_제과_문다현,10,0,161.0,0
2026-07-15,[제과_단백질 쉐이크] 26.06_단백질쉐이크출시_수동_전환_image,올영최저가비교_0714,[26.07]F_I_SK혼_전환_단백질쉐이크출시_혜택강조형_올영최저가비교_.배너_다시는없어요.네고형.확장__이유빈_260714_제과_문다현,19,0,187.0,0
2026-07-15,[제과_단백질 쉐이크] 26.06_단백질쉐이크출시_수동_전환_image,올영최저가비교_0714,[26.07]F_I_SK곡_전환_단백질쉐이크출시_혜택강조형_올영최저가비교_.배너_느낌표.네고형.팝콘.확장__이유빈_260714_제과_문다현,84,2,2092.0,2
2026-07-15,[제과_단백질 쉐이크] 26.06_단백질쉐이크출시_수동_전환_image,올영최저가비교_0714,[26.07]F_I_SK초_전환_단백질쉐이크출시_혜택강조형_올영최저가비교_.배너_별제목.네고형.팝콘.확장__이유빈_260714_제과_문다현,628,14,9548.0,0
2026-07-15,(마스터2) [제과_단백질 쉐이크] 26.07_단백질쉐이크출시_ASC_전환_image,(마스터2) [제과_단백질 쉐이크] 26.07_단백질쉐이크출시_ASC_전환_image,[26.07]F_I_SK혼_전환_단백질쉐이크출시_혜택강조형_올영최저가비교_.배너_재고소진임박.네고형.확장__이유빈_260714_제과_문다현,23,0,519.0,0
2026-07-15,[제과_단백질 쉐이크] 26.06_단백질쉐이크출시_수동_전환_image,올영최저가비교_0714,[26.07]F_I_SK혼_전환_단백질쉐이크출시_혜택강조형_올영최저가비교_.배너_폭싹깎았어요.네고형.확장__이유빈_260714_제과_문다현,27,0,563.0,0
2026-07-15,(마스터2) [제과_단백질 쉐이크] 26.07_단백질쉐이크출시_ASC_전환_image,(마스터2) [제과_단백질 쉐이크] 26.07_단백질쉐이크출시_ASC_전환_image,[26.07]F_I_SK혼_전환_단백질쉐이크출시_혜택강조형_올영최저가비교_.배너_올영보다싸요.네고형.확장__이유빈_260714_제과_문다현,569,23,12307.0,1
2026-07-15,[제과_단백질 쉐이크] 26.06_단백질쉐이크출시_수동_전환_image,올영최저가비교_0714,[26.07]F_I_SK혼_전환_단백질쉐이크출시_혜택강조형_올영최저가비교_.배너_지금어느정도싸냐면.네고형.확장__이유빈_260714_제과_문다현,34,0,486.0,0
2026-07-15,[제과_단백질 쉐이크] 26.06_단백질쉐이크출시_수동_전환_image,올영최저가비교_0714,[26.07]F_I_SK곡_전환_단백질쉐이크출시_혜택강조형_올영최저가비교_.배너_글자그라데이션.쌀때젱이세요.네고형.팝콘.확장__이유빈_260714_제과_문다현,32,2,760.0,0
2026-07-15,[제과_단백질 쉐이크] 26.06_단백질쉐이크출시_수동_전환_image,올영최저가비교_0714,[26.07]F_I_SK혼_전환_단백질쉐이크출시_혜택강조형_올영최저가비교_.배너_사이렌.네고형.팝콘.확장__이유빈_260714_제과_문다현,70,0,1733.0,0
2026-07-15,[제과_단백질 쉐이크] 26.06_단백질쉐이크출시_수동_전환_image,올영최저가비교_0714,[26.07]F_I_SK혼_전환_단백질쉐이크출시_혜택강조형_올영최저가비교_.배너_안사고버티길잘했다.네고형.확장__이유빈_260714_제과_문다현,542,22,10978.0,3
2026-07-15,(마스터2) [제과_단백질 쉐이크] 26.07_단백질쉐이크출시_ASC_전환_image,(마스터2) [제과_단백질 쉐이크] 26.07_단백질쉐이크출시_ASC_전환_image,[26.07]F_I_SK혼_전환_단백질쉐이크출시_혜택강조형_올영최저가비교_.배너_안사고버티길잘했다.네고형.확장__이유빈_260714_제과_문다현,71,3,1838.0,0
2026-07-15,[제과_단백질 쉐이크] 26.06_단백질쉐이크출시_수동_전환_image,올영최저가비교_0714,[26.07]F_I_SK혼_전환_단백질쉐이크출시_혜택강조형_올영최저가비교_.배너_네컷.네고형.확장__이유빈_260714_제과_문다현,44,0,1063.0,0
2026-07-15,(마스터2) [제과_단백질 쉐이크] 26.07_단백질쉐이크출시_ASC_전환_image,(마스터2) [제과_단백질 쉐이크] 26.07_단백질쉐이크출시_ASC_전환_image,[26.07]F_I_SK혼_전환_단백질쉐이크출시_혜택강조형_올영최저가비교_.배너_네컷.네고형.확장__이유빈_260714_제과_문다현,42,4,1053.0,0
2026-07-15,[제과_단백질 쉐이크] 26.06_단백질쉐이크출시_수동_전환_image,올영최저가비교_0714,[26.07]F_I_SK혼_전환_단백질쉐이크출시_혜택강조형_올영최저가비교_.배너_지금이제일저렴합니다.네고형.팝콘.확장__이유빈_260714_제과_문다현,116,3,2794.0,0
2026-07-15,[제과_단백질 쉐이크] 26.06_단백질쉐이크출시_수동_전환_image,올영최저가비교_0714,[26.07]F_I_SK혼_전환_단백질쉐이크출시_혜택강조형_올영최저가비교_.배너_남들보다훨씬싸게.네고형.확장__이유빈_260714_제과_문다현,25,0,1053.0,0
2026-07-15,(마스터2) [제과_단백질 쉐이크] 26.07_단백질쉐이크출시_ASC_전환_image,(마스터2) [제과_단백질 쉐이크] 26.07_단백질쉐이크출시_ASC_전환_image,[26.07]F_I_SK혼_전환_단백질쉐이크출시_혜택강조형_올영최저가비교_.배너_시말서는미리써뒀습니다.네고형.확장__이유빈_260714_제과_문다현,371,14,10732.0,2
2026-07-15,(마스터2) [제과_단백질 쉐이크] 26.07_단백질쉐이크출시_ASC_전환_image,(마스터2) [제과_단백질 쉐이크] 26.07_단백질쉐이크출시_ASC_전환_image,[26.07]F_I_SK초_전환_단백질쉐이크출시_혜택강조형_올영최저가비교_.배너_세일기다리시는분들.네고형.확장__이유빈_260714_제과_문다현,77,3,2297.0,0
2026-07-15,(마스터2) [제과_단백질 쉐이크] 26.07_단백질쉐이크출시_ASC_전환_image,(마스터2) [제과_단백질 쉐이크] 26.07_단백질쉐이크출시_ASC_전환_image,[26.07]F_I_SK혼_전환_단백질쉐이크출시_혜택강조형_올영최저가비교_.배너_이제다른데서비싸게사지마세요.네고형.확장__이유빈_260714_제과_문다현,68,1,1697.0,0
2026-07-15,(마스터2) [제과_단백질 쉐이크] 26.07_단백질쉐이크출시_ASC_전환_image,(마스터2) [제과_단백질 쉐이크] 26.07_단백질쉐이크출시_ASC_전환_image,[26.07]F_I_SK곡_전환_단백질쉐이크출시_혜택강조형_올영최저가비교_.배너_느낌표.네고형.팝콘.확장__이유빈_260714_제과_문다현,320,8,8309.0,0
2026-07-15,(마스터2) [제과_단백질 쉐이크] 26.07_단백질쉐이크출시_ASC_전환_image,(마스터2) [제과_단백질 쉐이크] 26.07_단백질쉐이크출시_ASC_전환_image,[26.07]F_I_SK혼_전환_단백질쉐이크출시_혜택강조형_올영최저가비교_.배너_곧종료됩니다.네고형.팝콘.확장__이유빈_260714_제과_문다현,38,1,836.0,0
2026-07-15,(마스터2) [제과_단백질 쉐이크] 26.07_단백질쉐이크출시_ASC_전환_image,(마스터2) [제과_단백질 쉐이크] 26.07_단백질쉐이크출시_ASC_전환_image,[26.07]F_I_SK혼_전환_단백질쉐이크출시_혜택강조형_올영최저가비교_.배너_다시는없어요.네고형.확장__이유빈_260714_제과_문다현,16,0,318.0,0
2026-07-15,(마스터2) [제과_단백질 쉐이크] 26.07_단백질쉐이크출시_ASC_전환_image,(마스터2) [제과_단백질 쉐이크] 26.07_단백질쉐이크출시_ASC_전환_image,[26.07]F_I_SK곡_전환_단백질쉐이크출시_혜택강조형_올영최저가비교_.배너_글자그라데이션.쌀때젱이세요.네고형.팝콘.확장__이유빈_260714_제과_문다현,42,0,954.0,0
2026-07-15,(마스터2) [제과_단백질 쉐이크] 26.07_단백질쉐이크출시_ASC_전환_image,(마스터2) [제과_단백질 쉐이크] 26.07_단백질쉐이크출시_ASC_전환_image,[26.07]F_I_SK혼_전환_단백질쉐이크출시_혜택강조형_올영최저가비교_.배너_지금어느정도싸냐면.네고형.확장__이유빈_260714_제과_문다현,19,0,517.0,0
2026-07-15,(마스터2) [제과_단백질 쉐이크] 26.07_단백질쉐이크출시_ASC_전환_image,(마스터2) [제과_단백질 쉐이크] 26.07_단백질쉐이크출시_ASC_전환_image,[26.07]F_I_SK초_전환_단백질쉐이크출시_혜택강조형_올영최저가비교_.배너_별제목.네고형.팝콘.확장__이유빈_260714_제과_문다현,97,2,2192.0,0
2026-07-15,(마스터2) [제과_단백질 쉐이크] 26.07_단백질쉐이크출시_ASC_전환_image,(마스터2) [제과_단백질 쉐이크] 26.07_단백질쉐이크출시_ASC_전환_image,[26.07]F_I_SK혼_전환_단백질쉐이크출시_혜택강조형_올영최저가비교_.배너_사이렌.네고형.팝콘.확장__이유빈_260714_제과_문다현,34,1,981.0,0
2026-07-15,(마스터2) [제과_단백질 쉐이크] 26.07_단백질쉐이크출시_ASC_전환_image,(마스터2) [제과_단백질 쉐이크] 26.07_단백질쉐이크출시_ASC_전환_image,[26.07]F_I_SK혼_전환_단백질쉐이크출시_혜택강조형_올영최저가비교_.배너_남들보다훨씬싸게.네고형.확장__이유빈_260714_제과_문다현,273,8,9248.0,1
2026-07-15,(마스터2) [제과_단백질 쉐이크] 26.07_단백질쉐이크출시_ASC_전환_image,(마스터2) [제과_단백질 쉐이크] 26.07_단백질쉐이크출시_ASC_전환_image,[26.07]F_I_SK혼_전환_단백질쉐이크출시_혜택강조형_올영최저가비교_.배너_지금이제일저렴합니다.네고형.팝콘.확장__이유빈_260714_제과_문다현,215,7,5602.0,0
2026-07-02,[콘스프맛 팝콘] 26.05_콘스프맛팝콘출시_ASC_전환_image (old),[콘스프맛 팝콘] 26.05_콘스프맛팝콘출시_ASC_전환_image (old),[26.06]F_I_PC혼_전환_팝콘더블특가_매거진형_페인포인트_.배너_이외상황.영화관.__김소희_260624_제과_김나현,3,0,20.0,0
2026-07-03,[제과_콘스프맛 팝콘] 26.05_콘스프맛팝콘출시_수동_전환_video,전화네고형_팝콘더블특가_콘스프맛 (~7/1),[26.06]F_V_PC콘_전환_팝콘더블특가_네고형_전화네고형.다이어트_var3.릴스_SP.슬기.X_1P_최나영_260625_제과_피재은,16,0,389.0,0
2026-07-03,(마스터ASC)[제과_콘스프맛 팝콘] 26.07_콘스프맛팝콘출시_ASC_전환_image (NEW),(마스터ASC)[콘스프맛 팝콘] 26.07_콘스프맛팝콘출시_ASC_전환_image (NEW),[26.07]F_I_PC혼_전환_팝콘할인페스타_혜택강조형_다이어트_.배너_공지문.가격실수안내.중복할인.선착순300명한정.확장__김소희_260703_제과_문다현,35,1,352.0,0
2026-07-04,(마스터ASC)[제과_콘스프맛 팝콘] 26.07_콘스프맛팝콘출시_ASC_전환_image (NEW),(마스터ASC)[콘스프맛 팝콘] 26.07_콘스프맛팝콘출시_ASC_전환_image (NEW),[26.07]F_I_PC혼_전환_팝콘할인페스타_혜택강조형_다이어트_.배너_공지문.가격실수안내.중복할인.선착순300명한정.확장__김소희_260703_제과_문다현,1960,42,27365.0,3
2026-07-04,[제과_단백질 쉐이크] 26.06_단백질쉐이크출시_ASC_전환_video,[제과_단백질 쉐이크] 26.06_단백질쉐이크출시_ASC_전환_video,[26.07]F_V_SK곡_전환_단백질쉐이크출시_네고형_전화네고형_var2.릴스_1천원대.X_2P_이유빈_260703_제과_윤성미,4,0,52.0,0
2026-07-04,[제과_단백질 쉐이크] 26.06_단백질쉐이크출시_ASC_전환_video,[제과_단백질 쉐이크] 26.06_단백질쉐이크출시_ASC_전환_video,[26.07]F_V_SK곡_전환_단백질쉐이크출시_네고형_전화네고형_main.릴스_본론.X_2P_이유빈_260703_제과_윤성미,18,0,320.0,0
2026-07-05,[제과_단백질 쉐이크] 26.06_단백질쉐이크출시_ASC_전환_video,[제과_단백질 쉐이크] 26.06_단백질쉐이크출시_ASC_전환_video,[26.07]F_V_SK곡_전환_단백질쉐이크출시_네고형_전화네고형_var2.릴스_1천원대.X_2P_이유빈_260703_제과_윤성미,1,0,3.0,0
2026-07-05,[제과_단백질 쉐이크] 26.06_단백질쉐이크출시_ASC_전환_video,[제과_단백질 쉐이크] 26.06_단백질쉐이크출시_ASC_전환_video,[26.07]F_V_SK곡_전환_단백질쉐이크출시_네고형_전화네고형_main.릴스_본론.X_2P_이유빈_260703_제과_윤성미,3,0,21.0,0
2026-07-06,[제과_단백질 쉐이크] 26.06_단백질쉐이크출시_ASC_전환_video,[제과_단백질 쉐이크] 26.06_단백질쉐이크출시_ASC_전환_video,[26.07]F_V_SK곡_전환_단백질쉐이크출시_네고형_전화네고형_main.릴스_본론.X_2P_이유빈_260703_제과_윤성미,10,2,365.0,0
2026-07-07,(마스터2) [제과_단백질 쉐이크] 26.07_단백질쉐이크출시_ASC_전환_image,(마스터2) [제과_단백질 쉐이크] 26.07_단백질쉐이크출시_ASC_전환_image,[26.07]F_I_SK초_전환_단백질쉐이크출시_혜택강조형_파우치.개당가강조_.배너_특정시점.대형할인급.올영원쁠원이긴.확장__이유빈_260707_제과_김수정,12,3,312.0,0
2026-07-07,(마스터2) [제과_단백질 쉐이크] 26.07_단백질쉐이크출시_ASC_전환_image,(마스터2) [제과_단백질 쉐이크] 26.07_단백질쉐이크출시_ASC_전환_image,[26.07]F_I_SK혼_전환_단백질쉐이크출시_혜택강조형_파우치.개당가강조_.배너_대용량페포.메세지테스트.물조절실패.통단쉐.확장__이유빈_260707_제과_김수정 (1),254,6,4493.0,0
2026-07-08,[제과_콘스프맛 팝콘] 26.05_콘스프맛팝콘출시_수동_전환_video,전화네고형_팝콘더블특가_콘스프맛 (~7/1),[26.06]F_V_PC콘_전환_팝콘더블특가_네고형_전화네고형.다이어트_var3.릴스_SP.슬기.X_1P_최나영_260625_제과_피재은,7,1,247.0,1
2026-07-08,[제과_단백질 쉐이크] 26.06_단백질쉐이크출시_ASC_전환_video,[제과_단백질 쉐이크] 26.06_단백질쉐이크출시_ASC_전환_video,[26.07]F_V_SK곡_전환_단백질쉐이크출시_네고형_전화네고형_var2.릴스_1천원대.X_2P_이유빈_260703_제과_윤성미,36,3,869.0,0
2026-07-08,[제과_단백질 쉐이크] 26.06_단백질쉐이크출시_ASC_전환_video,[제과_단백질 쉐이크] 26.06_단백질쉐이크출시_ASC_전환_video,[26.07]F_V_SK곡_전환_단백질쉐이크출시_네고형_전화네고형_main.릴스_본론.X_2P_이유빈_260703_제과_윤성미,14,0,614.0,0
2026-07-08,(마스터2) [제과_단백질 쉐이크] 26.07_단백질쉐이크출시_ASC_전환_image,(마스터2) [제과_단백질 쉐이크] 26.07_단백질쉐이크출시_ASC_전환_image,[26.07]F_I_SK초_전환_단백질쉐이크출시_혜택강조형_파우치.개당가강조_.배너_특정시점.대형할인급.올영원쁠원이긴.확장__이유빈_260707_제과_김수정,11,2,332.0,0
2026-07-08,(마스터2) [제과_단백질 쉐이크] 26.07_단백질쉐이크출시_ASC_전환_image,(마스터2) [제과_단백질 쉐이크] 26.07_단백질쉐이크출시_ASC_전환_image,[26.07]F_I_SK혼_전환_단백질쉐이크출시_혜택강조형_파우치.개당가강조_.배너_대용량페포.메세지테스트.물조절실패.통단쉐.확장__이유빈_260707_제과_김수정 (1),218,4,5402.0,0
2026-07-08,[제과_단백질 쉐이크] 26.06_단백질쉐이크출시_수동_전환_image,파우치개당가강조_0706,[26.07]F_I_SK초_전환_단백질쉐이크출시_혜택강조형_파우치.개당가강조_.배너_특정시점.원쁠원안기다려도.검증__이유빈_260706_제과_김수정,76,5,1681.0,4
2026-07-09,[제과_콘스프맛 팝콘] 26.05_콘스프맛팝콘출시_수동_전환_video,전화네고형_팝콘더블특가_콘스프맛 (~7/1),[26.06]F_V_PC콘_전환_팝콘더블특가_네고형_전화네고형.다이어트_var3.릴스_SP.슬기.X_1P_최나영_260625_제과_피재은,59,1,1244.0,1
2026-07-09,[제과_단백질 쉐이크] 26.06_단백질쉐이크출시_ASC_전환_video,[제과_단백질 쉐이크] 26.06_단백질쉐이크출시_ASC_전환_video,[26.07]F_V_SK곡_전환_단백질쉐이크출시_네고형_전화네고형_var2.릴스_1천원대.X_2P_이유빈_260703_제과_윤성미,7,1,135.0,0
2026-07-09,(마스터2) [제과_단백질 쉐이크] 26.07_단백질쉐이크출시_ASC_전환_image,(마스터2) [제과_단백질 쉐이크] 26.07_단백질쉐이크출시_ASC_전환_image,[26.07]F_I_SK초_전환_단백질쉐이크출시_혜택강조형_파우치.개당가강조_.배너_특정시점.대형할인급.올영원쁠원이긴.확장__이유빈_260707_제과_김수정,72,2,1585.0,0
2026-07-09,[제과_단백질 쉐이크] 26.06_단백질쉐이크출시_수동_전환_image,파우치개당가강조_0706,[26.07]F_I_SK초_전환_단백질쉐이크출시_혜택강조형_파우치.개당가강조_.배너_특정시점.원쁠원안기다려도.검증__이유빈_260706_제과_김수정,109,1,3235.0,0
2026-07-09,(마스터2) [제과_단백질 쉐이크] 26.07_단백질쉐이크출시_ASC_전환_image,(마스터2) [제과_단백질 쉐이크] 26.07_단백질쉐이크출시_ASC_전환_image,[26.07]F_I_SK혼_전환_단백질쉐이크출시_매거진형_파우치.개당가강조_.배너_가격페인포인트.대용량하나살돈으로.코코볼폭탄.검증__이유빈_260709_제과_문다현,148,6,2443.0,0
2026-07-10,[제과_콘스프맛 팝콘] 26.05_콘스프맛팝콘출시_수동_전환_video,전화네고형_팝콘더블특가_콘스프맛 (~7/1),[26.06]F_V_PC콘_전환_팝콘더블특가_네고형_전화네고형.다이어트_var3.릴스_SP.슬기.X_1P_최나영_260625_제과_피재은,172,7,3639.0,0
2026-07-10,(마스터2) [제과_단백질 쉐이크] 26.07_단백질쉐이크출시_ASC_전환_image,(마스터2) [제과_단백질 쉐이크] 26.07_단백질쉐이크출시_ASC_전환_image,[26.07]F_I_SK초_전환_단백질쉐이크출시_혜택강조형_파우치.개당가강조_.배너_특정시점.대형할인급.올영원쁠원이긴.확장__이유빈_260707_제과_김수정,35,3,768.0,0
2026-07-10,[제과_단백질 쉐이크] 26.06_단백질쉐이크출시_수동_전환_image,파우치개당가강조_0706,[26.07]F_I_SK초_전환_단백질쉐이크출시_혜택강조형_파우치.개당가강조_.배너_특정시점.원쁠원안기다려도.검증__이유빈_260706_제과_김수정,1,0,82.0,0
2026-07-10,(마스터2) [제과_단백질 쉐이크] 26.07_단백질쉐이크출시_ASC_전환_image,(마스터2) [제과_단백질 쉐이크] 26.07_단백질쉐이크출시_ASC_전환_image,[26.07]F_I_SK혼_전환_단백질쉐이크출시_매거진형_파우치.개당가강조_.배너_가격페인포인트.대용량하나살돈으로.코코볼폭탄.검증__이유빈_260709_제과_문다현,814,34,17004.0,0
2026-07-10,[제과_콘스프맛 팝콘] 26.05_콘스프맛팝콘출시_수동_전환_image,속세맛간식공감_콘스프맛팝콘_상시,[26.07]F_I_PC혼_전환_콘스프맛팝콘출시_혜택강조형__.배너_사과문.시즈닝가루.뿌링클급.개당1천원대.확장__김소희_260710_제과_문다현,100,1,2465.0,0
2026-07-10,(마스터2) [제과_단백질 쉐이크] 26.07_단백질쉐이크출시_ASC_전환_image,(마스터2) [제과_단백질 쉐이크] 26.07_단백질쉐이크출시_ASC_전환_image,[26.07]F_I_SK혼_전환_단백질쉐이크출시_혜택강조형_파우치.개당가강조_.배너_대용량1개살가격으로.무제한급.팝콘무료.개당1천원대.주황.확장__이유빈_260710_제과_문다현,17,0,220.0,0
2026-07-11,[제과_콘스프맛 팝콘] 26.05_콘스프맛팝콘출시_수동_전환_video,전화네고형_팝콘더블특가_콘스프맛 (~7/1),[26.06]F_V_PC콘_전환_팝콘더블특가_네고형_전화네고형.다이어트_var3.릴스_SP.슬기.X_1P_최나영_260625_제과_피재은,252,7,4488.0,3
2026-07-11,[제과_단백질 쉐이크] 26.06_단백질쉐이크출시_수동_전환_image,파우치개당가강조_0706,[26.07]F_I_SK초_전환_단백질쉐이크출시_혜택강조형_파우치.개당가강조_.배너_특정시점.원쁠원안기다려도.검증__이유빈_260706_제과_김수정,92,3,3313.0,0
2026-07-11,[제과_콘스프맛 팝콘] 26.05_콘스프맛팝콘출시_수동_전환_image,속세맛간식공감_콘스프맛팝콘_상시,[26.07]F_I_PC혼_전환_콘스프맛팝콘출시_혜택강조형__.배너_사과문.시즈닝가루.뿌링클급.개당1천원대.확장__김소희_260710_제과_문다현,36,0,672.0,0
2026-07-11,(마스터2) [제과_단백질 쉐이크] 26.07_단백질쉐이크출시_ASC_전환_image,(마스터2) [제과_단백질 쉐이크] 26.07_단백질쉐이크출시_ASC_전환_image,[26.07]F_I_SK혼_전환_단백질쉐이크출시_혜택강조형_파우치.개당가강조_.배너_대용량1개살가격으로.무제한급.팝콘무료.개당1천원대.주황.확장__이유빈_260710_제과_문다현,148,3,4495.0,0
2026-07-11,[제과_단백질 쉐이크] 26.06_단백질쉐이크출시_ASC_전환_video,[제과_단백질 쉐이크] 26.06_단백질쉐이크출시_ASC_전환_video,[26.07]F_V_SK혼_전환_단백질쉐이크출시_신규BP_문제공감형.파우치.개당가강조_var4.릴스_노력강조.올리브영.X_2P_이유빈_260710_제과_이봄1,93,7,1853.0,2
2026-07-11,[제과_단백질 쉐이크] 26.06_단백질쉐이크출시_수동_전환_video,문제공감형_0710,[26.07]F_V_SK혼_전환_단백질쉐이크출시_신규BP_문제공감형.파우치.개당가강조_var5.릴스_노력강조.셋다.X_2P_이유빈_260710_제과_이봄1,231,10,8504.0,1
2026-07-12,[제과_콘스프맛 팝콘] 26.05_콘스프맛팝콘출시_수동_전환_video,전화네고형_팝콘더블특가_콘스프맛 (~7/1),[26.06]F_V_PC콘_전환_팝콘더블특가_네고형_전화네고형.다이어트_var3.릴스_SP.슬기.X_1P_최나영_260625_제과_피재은,516,11,9098.0,4
2026-07-12,[제과_콘스프맛 팝콘] 26.05_콘스프맛팝콘출시_수동_전환_image,속세맛간식공감_콘스프맛팝콘_상시,[26.07]F_I_PC혼_전환_콘스프맛팝콘출시_혜택강조형__.배너_사과문.시즈닝가루.뿌링클급.개당1천원대.확장__김소희_260710_제과_문다현,12,0,249.0,0
2026-07-12,(마스터2) [제과_단백질 쉐이크] 26.07_단백질쉐이크출시_ASC_전환_image,(마스터2) [제과_단백질 쉐이크] 26.07_단백질쉐이크출시_ASC_전환_image,[26.07]F_I_SK혼_전환_단백질쉐이크출시_혜택강조형_파우치.개당가강조_.배너_대용량1개살가격으로.무제한급.팝콘무료.개당1천원대.주황.확장__이유빈_260710_제과_문다현,245,12,6984.0,0
2026-07-12,[제과_단백질 쉐이크] 26.06_단백질쉐이크출시_ASC_전환_video,[제과_단백질 쉐이크] 26.06_단백질쉐이크출시_ASC_전환_video,[26.07]F_V_SK혼_전환_단백질쉐이크출시_신규BP_문제공감형.파우치.개당가강조_var4.릴스_노력강조.올리브영.X_2P_이유빈_260710_제과_이봄1,3892,120,65662.0,9
2026-07-13,[제과_콘스프맛 팝콘] 26.05_콘스프맛팝콘출시_수동_전환_video,전화네고형_팝콘더블특가_콘스프맛 (~7/1),[26.06]F_V_PC콘_전환_팝콘더블특가_네고형_전화네고형.다이어트_var3.릴스_SP.슬기.X_1P_최나영_260625_제과_피재은,226,5,3699.0,1
2026-07-13,(마스터2) [제과_단백질 쉐이크] 26.07_단백질쉐이크출시_ASC_전환_image,(마스터2) [제과_단백질 쉐이크] 26.07_단백질쉐이크출시_ASC_전환_image,[26.07]F_I_SK초_전환_단백질쉐이크출시_혜택강조형_파우치.개당가강조_.배너_특정시점.대형할인급.올영원쁠원이긴.확장__이유빈_260707_제과_김수정,135,3,3018.0,0
2026-07-13,[제과_콘스프맛 팝콘] 26.05_콘스프맛팝콘출시_수동_전환_image,속세맛간식공감_콘스프맛팝콘_상시,[26.07]F_I_PC혼_전환_콘스프맛팝콘출시_혜택강조형__.배너_사과문.시즈닝가루.뿌링클급.개당1천원대.확장__김소희_260710_제과_문다현,4,0,75.0,0
2026-07-13,[제과_단백질 쉐이크] 26.06_단백질쉐이크출시_ASC_전환_video,[제과_단백질 쉐이크] 26.06_단백질쉐이크출시_ASC_전환_video,[26.07]F_V_SK혼_전환_단백질쉐이크출시_신규BP_문제공감형.파우치.개당가강조_var4.릴스_노력강조.올리브영.X_2P_이유빈_260710_제과_이봄1,3262,109,61687.0,8
2026-07-13,(마스터2) [제과_단백질 쉐이크] 26.07_단백질쉐이크출시_ASC_전환_image,(마스터2) [제과_단백질 쉐이크] 26.07_단백질쉐이크출시_ASC_전환_image,[26.07]F_I_SK혼_전환_단백질쉐이크출시_혜택강조형_개당최저가비교_.배너_제가졌습니다.확장__이유빈_260713_제과_문다현,882,21,19535.0,2
2026-07-13,(마스터2) [제과_단백질 쉐이크] 26.07_단백질쉐이크출시_ASC_전환_image,(마스터2) [제과_단백질 쉐이크] 26.07_단백질쉐이크출시_ASC_전환_image,[26.07]F_I_SK곡_전환_단백질쉐이크출시_매거진형_개당최저가비교_.배너_토핑계속씹히는얼음동동.확장__이유빈_260713_제과_문다현,216,5,5433.0,0
2026-07-13,(마스터2) [제과_단백질 쉐이크] 26.07_단백질쉐이크출시_ASC_전환_image,(마스터2) [제과_단백질 쉐이크] 26.07_단백질쉐이크출시_ASC_전환_image,[26.07]F_I_SK초_전환_단백질쉐이크출시_혜택강조형_개당최저가비교_.배너_사진비교.다이소급으로싼.타사.확장__이유빈_260713_제과_문다현,199,4,4854.0,0
2026-07-13,(마스터2) [제과_단백질 쉐이크] 26.07_단백질쉐이크출시_ASC_전환_image,(마스터2) [제과_단백질 쉐이크] 26.07_단백질쉐이크출시_ASC_전환_image,[26.07]F_I_SK곡_전환_단백질쉐이크출시_혜택강조형_개당최저가비교_.배너_사진비교.대용량쉐이크.확장__이유빈_260713_제과_문다현,48,0,1753.0,0
2026-07-13,(마스터2) [제과_단백질 쉐이크] 26.07_단백질쉐이크출시_ASC_전환_image,(마스터2) [제과_단백질 쉐이크] 26.07_단백질쉐이크출시_ASC_전환_image,[26.07]F_I_SK혼_전환_단백질쉐이크출시_혜택강조형_개당최저가비교_.배너_배부른단쉐.다이소급으로싸다.확장__이유빈_260713_제과_문다현,173,3,3864.0,0
2026-07-13,(마스터2) [제과_단백질 쉐이크] 26.07_단백질쉐이크출시_ASC_전환_image,(마스터2) [제과_단백질 쉐이크] 26.07_단백질쉐이크출시_ASC_전환_image,[26.07]F_I_SK혼_전환_단백질쉐이크출시_혜택강조형_개당최저가비교_.배너_대용량보다싼토핑폭탄.개당1천원대할인중.확장__이유빈_260713_제과_문다현,114,4,3048.0,0
2026-07-13,(마스터2) [제과_단백질 쉐이크] 26.07_단백질쉐이크출시_ASC_전환_image,(마스터2) [제과_단백질 쉐이크] 26.07_단백질쉐이크출시_ASC_전환_image,[26.07]F_I_SK혼_전환_단백질쉐이크출시_혜택강조형_개당최저가비교_.배너_다먹을때까지쭉씹혀요.초특가.빨강그라데이션.확장__이유빈_260713_제과_문다현,170,4,4033.0,0
2026-07-13,(마스터2) [제과_단백질 쉐이크] 26.07_단백질쉐이크출시_ASC_전환_image,(마스터2) [제과_단백질 쉐이크] 26.07_단백질쉐이크출시_ASC_전환_image,[26.07]F_I_SK혼_전환_단백질쉐이크출시_혜택강조형_개당최저가비교_.배너_올영보다싸다.1천원대.핑크박스 .확장__이유빈_260713_제과_문다현,705,23,17184.0,0
2026-07-14,[제과_콘스프맛 팝콘] 26.05_콘스프맛팝콘출시_수동_전환_video,전화네고형_팝콘더블특가_콘스프맛 (~7/1),[26.06]F_V_PC콘_전환_팝콘더블특가_네고형_전화네고형.다이어트_var3.릴스_SP.슬기.X_1P_최나영_260625_제과_피재은,1964,35,29493.0,7
2026-07-14,(마스터2) [제과_단백질 쉐이크] 26.07_단백질쉐이크출시_ASC_전환_image,(마스터2) [제과_단백질 쉐이크] 26.07_단백질쉐이크출시_ASC_전환_image,[26.07]F_I_SK초_전환_단백질쉐이크출시_혜택강조형_파우치.개당가강조_.배너_특정시점.대형할인급.올영원쁠원이긴.확장__이유빈_260707_제과_김수정,80,4,2737.0,0
2026-07-14,[제과_콘스프맛 팝콘] 26.05_콘스프맛팝콘출시_수동_전환_image,속세맛간식공감_콘스프맛팝콘_상시,[26.07]F_I_PC혼_전환_콘스프맛팝콘출시_혜택강조형__.배너_사과문.시즈닝가루.뿌링클급.개당1천원대.확장__김소희_260710_제과_문다현,5,1,128.0,1
2026-07-14,[제과_단백질 쉐이크] 26.06_단백질쉐이크출시_ASC_전환_video,[제과_단백질 쉐이크] 26.06_단백질쉐이크출시_ASC_전환_video,[26.07]F_V_SK혼_전환_단백질쉐이크출시_신규BP_문제공감형.파우치.개당가강조_var4.릴스_노력강조.올리브영.X_2P_이유빈_260710_제과_이봄1,7260,254,109741.0,12
2026-07-14,[제과_단백질 쉐이크] 26.06_단백질쉐이크출시_수동_전환_image,최저가비교_0713,[26.07]F_I_SK혼_전환_단백질쉐이크출시_혜택강조형_개당최저가비교_.배너_대용량보다싼토핑폭탄.개당1천원대할인중.확장__이유빈_260713_제과_문다현,100,0,1882.0,0
2026-07-14,[제과_단백질 쉐이크] 26.06_단백질쉐이크출시_수동_전환_image,최저가비교_0713,[26.07]F_I_SK혼_전환_단백질쉐이크출시_혜택강조형_개당최저가비교_.배너_배부른단쉐.다이소급으로싸다.확장__이유빈_260713_제과_문다현,417,10,10652.0,0
2026-07-14,(마스터2) [제과_단백질 쉐이크] 26.07_단백질쉐이크출시_ASC_전환_image,(마스터2) [제과_단백질 쉐이크] 26.07_단백질쉐이크출시_ASC_전환_image,[26.07]F_I_SK곡_전환_단백질쉐이크출시_매거진형_개당최저가비교_.배너_토핑계속씹히는얼음동동.확장__이유빈_260713_제과_문다현,396,14,10353.0,3
2026-07-14,(마스터2) [제과_단백질 쉐이크] 26.07_단백질쉐이크출시_ASC_전환_image,(마스터2) [제과_단백질 쉐이크] 26.07_단백질쉐이크출시_ASC_전환_image,[26.07]F_I_SK초_전환_단백질쉐이크출시_혜택강조형_개당최저가비교_.배너_사진비교.다이소급으로싼.타사.확장__이유빈_260713_제과_문다현,645,6,12952.0,2
2026-07-14,[제과_단백질 쉐이크] 26.06_단백질쉐이크출시_수동_전환_image,최저가비교_0713,[26.07]F_I_SK혼_전환_단백질쉐이크출시_혜택강조형_개당최저가비교_.배너_다먹을때까지쭉씹혀요.초특가.빨강그라데이션.확장__이유빈_260713_제과_문다현,187,3,4853.0,0
2026-07-14,[제과_단백질 쉐이크] 26.06_단백질쉐이크출시_수동_전환_image,최저가비교_0713,[26.07]F_I_SK혼_전환_단백질쉐이크출시_혜택강조형_개당최저가비교_.배너_올영보다싸다.1천원대.핑크박스 .확장__이유빈_260713_제과_문다현,2402,68,49399.0,6
2026-07-14,(마스터2) [제과_단백질 쉐이크] 26.07_단백질쉐이크출시_ASC_전환_image,(마스터2) [제과_단백질 쉐이크] 26.07_단백질쉐이크출시_ASC_전환_image,[26.07]F_I_SK곡_전환_단백질쉐이크출시_혜택강조형_개당최저가비교_.배너_사진비교.대용량쉐이크.확장__이유빈_260713_제과_문다현,94,1,2838.0,0
2026-07-14,(마스터2) [제과_단백질 쉐이크] 26.07_단백질쉐이크출시_ASC_전환_image,(마스터2) [제과_단백질 쉐이크] 26.07_단백질쉐이크출시_ASC_전환_image,[26.07]F_I_SK혼_전환_단백질쉐이크출시_혜택강조형_개당최저가비교_.배너_배부른단쉐.다이소급으로싸다.확장__이유빈_260713_제과_문다현,366,8,9185.0,1
2026-07-14,(마스터2) [제과_단백질 쉐이크] 26.07_단백질쉐이크출시_ASC_전환_image,(마스터2) [제과_단백질 쉐이크] 26.07_단백질쉐이크출시_ASC_전환_image,[26.07]F_I_SK혼_전환_단백질쉐이크출시_혜택강조형_개당최저가비교_.배너_대용량보다싼토핑폭탄.개당1천원대할인중.확장__이유빈_260713_제과_문다현,1097,22,25363.0,2
2026-07-14,(마스터2) [제과_단백질 쉐이크] 26.07_단백질쉐이크출시_ASC_전환_image,(마스터2) [제과_단백질 쉐이크] 26.07_단백질쉐이크출시_ASC_전환_image,[26.07]F_I_SK혼_전환_단백질쉐이크출시_혜택강조형_개당최저가비교_.배너_다먹을때까지쭉씹혀요.초특가.빨강그라데이션.확장__이유빈_260713_제과_문다현,404,7,11130.0,0
2026-07-15,[제과_콘스프맛 팝콘] 26.05_콘스프맛팝콘출시_수동_전환_video,전화네고형_팝콘더블특가_콘스프맛 (~7/1),[26.06]F_V_PC콘_전환_팝콘더블특가_네고형_전화네고형.다이어트_var3.릴스_SP.슬기.X_1P_최나영_260625_제과_피재은,40,2,398.0,0
2026-07-15,(마스터2) [제과_단백질 쉐이크] 26.07_단백질쉐이크출시_ASC_전환_image,(마스터2) [제과_단백질 쉐이크] 26.07_단백질쉐이크출시_ASC_전환_image,[26.07]F_I_SK초_전환_단백질쉐이크출시_혜택강조형_파우치.개당가강조_.배너_특정시점.대형할인급.올영원쁠원이긴.확장__이유빈_260707_제과_김수정,50,3,1120.0,0
2026-07-15,[제과_단백질 쉐이크] 26.06_단백질쉐이크출시_ASC_전환_video,[제과_단백질 쉐이크] 26.06_단백질쉐이크출시_ASC_전환_video,[26.07]F_V_SK혼_전환_단백질쉐이크출시_신규BP_문제공감형.파우치.개당가강조_var4.릴스_노력강조.올리브영.X_2P_이유빈_260710_제과_이봄1,3086,85,50326.0,7
2026-07-15,[제과_단백질 쉐이크] 26.06_단백질쉐이크출시_수동_전환_image,최저가비교_0713,[26.07]F_I_SK혼_전환_단백질쉐이크출시_혜택강조형_개당최저가비교_.배너_대용량보다싼토핑폭탄.개당1천원대할인중.확장__이유빈_260713_제과_문다현,33,2,766.0,0
2026-07-15,(마스터2) [제과_단백질 쉐이크] 26.07_단백질쉐이크출시_ASC_전환_image,(마스터2) [제과_단백질 쉐이크] 26.07_단백질쉐이크출시_ASC_전환_image,[26.07]F_I_SK곡_전환_단백질쉐이크출시_매거진형_개당최저가비교_.배너_토핑계속씹히는얼음동동.확장__이유빈_260713_제과_문다현,51,1,1121.0,0
2026-07-15,[제과_단백질 쉐이크] 26.06_단백질쉐이크출시_수동_전환_image,최저가비교_0713,[26.07]F_I_SK혼_전환_단백질쉐이크출시_혜택강조형_개당최저가비교_.배너_다먹을때까지쭉씹혀요.초특가.빨강그라데이션.확장__이유빈_260713_제과_문다현,42,0,812.0,0
2026-07-15,[제과_단백질 쉐이크] 26.06_단백질쉐이크출시_수동_전환_image,최저가비교_0713,[26.07]F_I_SK혼_전환_단백질쉐이크출시_혜택강조형_개당최저가비교_.배너_올영보다싸다.1천원대.핑크박스 .확장__이유빈_260713_제과_문다현,4283,123,84534.0,7
2026-07-15,(마스터2) [제과_단백질 쉐이크] 26.07_단백질쉐이크출시_ASC_전환_image,(마스터2) [제과_단백질 쉐이크] 26.07_단백질쉐이크출시_ASC_전환_image,[26.07]F_I_SK곡_전환_단백질쉐이크출시_혜택강조형_개당최저가비교_.배너_사진비교.대용량쉐이크.확장__이유빈_260713_제과_문다현,4,0,95.0,0
2026-07-15,[제과_단백질 쉐이크] 26.06_단백질쉐이크출시_수동_전환_image,올영최저가비교_0714,[26.07]F_I_SK초_전환_단백질쉐이크출시_혜택강조형_올영최저가비교_.배너_세일기다리시는분들.네고형.확장__이유빈_260714_제과_문다현,190,8,4509.0,2
2026-07-15,[제과_단백질 쉐이크] 26.06_단백질쉐이크출시_수동_전환_image,올영최저가비교_0714,[26.07]F_I_SK혼_전환_단백질쉐이크출시_혜택강조형_올영최저가비교_.배너_시말서는미리써뒀습니다.네고형.확장__이유빈_260714_제과_문다현,260,11,8836.0,1
2026-07-15,[제과_단백질 쉐이크] 26.06_단백질쉐이크출시_수동_전환_image,올영최저가비교_0714,[26.07]F_I_SK혼_전환_단백질쉐이크출시_혜택강조형_올영최저가비교_.배너_이제다른데서비싸게사지마세요.네고형.확장__이유빈_260714_제과_문다현,23,1,344.0,0
2026-07-15,(마스터2) [제과_단백질 쉐이크] 26.07_단백질쉐이크출시_ASC_전환_image,(마스터2) [제과_단백질 쉐이크] 26.07_단백질쉐이크출시_ASC_전환_image,[26.07]F_I_SK초_전환_단백질쉐이크출시_혜택강조형_올영최저가비교_.배너_핑크박스.네고형.수량소진시정상가.확장__이유빈_260714_제과_문다현,306,3,6255.0,0
2026-07-15,[제과_단백질 쉐이크] 26.06_단백질쉐이크출시_수동_전환_image,올영최저가비교_0714,[26.07]F_I_SK초_전환_단백질쉐이크출시_혜택강조형_올영최저가비교_.배너_핑크박스.네고형.수량소진시정상가.확장__이유빈_260714_제과_문다현,11,2,463.0,1
2026-07-01,[제과_콘스프맛 팝콘] 26.05_콘스프맛팝콘출시_수동_전환_video,인플루언서형_콘스프맛_(통합),[26.05]F_V_PC콘_전환_콘스프맛팝콘출시_인플루언서형_인플루언서형_var1.릴스_이중코팅강조.형민PJ1_3C_박현지_260506_3T_이수민,63432,520,569214.0,110
2026-07-02,[제과_콘스프맛 팝콘] 26.05_콘스프맛팝콘출시_수동_전환_video,인플루언서형_콘스프맛_(통합),[26.05]F_V_PC콘_전환_콘스프맛팝콘출시_인플루언서형_인플루언서형_var1.릴스_이중코팅강조.형민PJ1_3C_박현지_260506_3T_이수민,13350,105,114952.0,15
2026-07-02,[제과_콘스프맛 팝콘] 26.05_콘스프맛팝콘출시_수동_전환_image,오늘까지만_앵콜더블특가 (~7/1),[26.06]F_I_PC혼_전환_팝콘더블특가_매거진형_다이어트_.배너_오늘만이가격.요요.입터짐방지템.단계적할인.확장__김소희_260701_제과_문다현,125,5,2999.0,0
2026-07-03,[제과_콘스프맛 팝콘] 26.05_콘스프맛팝콘출시_수동_전환_video,인플루언서형_콘스프맛_(통합),[26.05]F_V_PC콘_전환_콘스프맛팝콘출시_인플루언서형_인플루언서형_var1.릴스_이중코팅강조.형민PJ1_3C_박현지_260506_3T_이수민,8238,56,64280.0,1
2026-07-04,(마스터ASC)[제과_콘스프맛 팝콘] 26.05_콘스프맛팝콘출시_ASC_전환_video,(마스터ASC)[콘스프맛 팝콘] 26.05_콘스프맛팝콘출시_ASC_전환_video,[26.07]F_V_PC콘_전환_팝콘할인페스타_네고형_지인네고형.다이어트_var2.릴스_운동상황강조ver2.슬기.X_1P_김소희_260703_제과_문형민,1047,19,14510.0,4
2026-07-04,[제과_단백질 쉐이크] 26.06_단백질쉐이크출시_ASC_전환_video,[제과_단백질 쉐이크] 26.06_단백질쉐이크출시_ASC_전환_video,[26.07]F_V_SK혼_전환_단백질쉐이크출시_네고형_지인네고형_var2.릴스_선택지.X_2P_이유빈_260703_제과_이봄1,67,4,1323.0,1
2026-07-05,(마스터ASC)[제과_콘스프맛 팝콘] 26.05_콘스프맛팝콘출시_ASC_전환_video,(마스터ASC)[콘스프맛 팝콘] 26.05_콘스프맛팝콘출시_ASC_전환_video,[26.07]F_V_PC콘_전환_팝콘할인페스타_네고형_지인네고형.다이어트_var2.릴스_운동상황강조ver2.슬기.X_1P_김소희_260703_제과_문형민,174,4,3316.0,0
2026-07-05,[제과_단백질 쉐이크] 26.06_단백질쉐이크출시_ASC_전환_video,[제과_단백질 쉐이크] 26.06_단백질쉐이크출시_ASC_전환_video,[26.07]F_V_SK혼_전환_단백질쉐이크출시_네고형_지인네고형_var2.릴스_선택지.X_2P_이유빈_260703_제과_이봄1,36,0,743.0,0
2026-07-06,(마스터ASC)[제과_콘스프맛 팝콘] 26.05_콘스프맛팝콘출시_ASC_전환_video,(마스터ASC)[콘스프맛 팝콘] 26.05_콘스프맛팝콘출시_ASC_전환_video,[26.07]F_V_PC콘_전환_팝콘할인페스타_네고형_지인네고형.다이어트_var2.릴스_운동상황강조ver2.슬기.X_1P_김소희_260703_제과_문형민,273,8,4835.0,0
2026-07-06,[제과_단백질 쉐이크] 26.06_단백질쉐이크출시_ASC_전환_video,[제과_단백질 쉐이크] 26.06_단백질쉐이크출시_ASC_전환_video,[26.07]F_V_SK혼_전환_단백질쉐이크출시_네고형_지인네고형_var2.릴스_선택지.X_2P_이유빈_260703_제과_이봄1,72,3,1744.0,1
2026-07-07,(마스터ASC)[제과_콘스프맛 팝콘] 26.05_콘스프맛팝콘출시_ASC_전환_video,(마스터ASC)[콘스프맛 팝콘] 26.05_콘스프맛팝콘출시_ASC_전환_video,[26.07]F_V_PC콘_전환_팝콘할인페스타_네고형_지인네고형.다이어트_var2.릴스_운동상황강조ver2.슬기.X_1P_김소희_260703_제과_문형민,26,1,398.0,0
2026-07-07,[제과_단백질 쉐이크] 26.06_단백질쉐이크출시_ASC_전환_video,[제과_단백질 쉐이크] 26.06_단백질쉐이크출시_ASC_전환_video,[26.07]F_V_SK혼_전환_단백질쉐이크출시_네고형_지인네고형_var2.릴스_선택지.X_2P_이유빈_260703_제과_이봄1,29,2,828.0,0
2026-07-07,(마스터2) [제과_단백질 쉐이크] 26.07_단백질쉐이크출시_ASC_전환_image,(마스터2) [제과_단백질 쉐이크] 26.07_단백질쉐이크출시_ASC_전환_image,[26.07]F_I_SK혼_전환_단백질쉐이크출시_혜택강조형_파우치.개당가강조_.배너_대용량페포.가격강조.확장__이유빈_260707_제과_김수정,99,1,1600.0,0
2026-07-07,(마스터2) [제과_단백질 쉐이크] 26.07_단백질쉐이크출시_ASC_전환_image,(마스터2) [제과_단백질 쉐이크] 26.07_단백질쉐이크출시_ASC_전환_image,[26.07]F_I_SK혼_전환_단백질쉐이크출시_혜택강조형_파우치.개당가강조_.배너_특정시점.대형할인급.개당1천원대로.확장__이유빈_260707_제과_김수정,15,0,408.0,0
2026-07-08,(마스터ASC)[제과_콘스프맛 팝콘] 26.05_콘스프맛팝콘출시_ASC_전환_video,(마스터ASC)[콘스프맛 팝콘] 26.05_콘스프맛팝콘출시_ASC_전환_video,[26.07]F_V_PC콘_전환_팝콘할인페스타_네고형_지인네고형.다이어트_var2.릴스_운동상황강조ver2.슬기.X_1P_김소희_260703_제과_문형민,2,0,8.0,0
2026-07-08,[제과_단백질 쉐이크] 26.06_단백질쉐이크출시_ASC_전환_video,[제과_단백질 쉐이크] 26.06_단백질쉐이크출시_ASC_전환_video,[26.07]F_V_SK혼_전환_단백질쉐이크출시_네고형_지인네고형_var2.릴스_선택지.X_2P_이유빈_260703_제과_이봄1,30,0,1475.0,0
2026-07-08,(마스터2) [제과_단백질 쉐이크] 26.07_단백질쉐이크출시_ASC_전환_image,(마스터2) [제과_단백질 쉐이크] 26.07_단백질쉐이크출시_ASC_전환_image,[26.07]F_I_SK혼_전환_단백질쉐이크출시_혜택강조형_파우치.개당가강조_.배너_대용량페포.가격강조.확장__이유빈_260707_제과_김수정,108,3,1685.0,0
2026-07-08,(마스터2) [제과_단백질 쉐이크] 26.07_단백질쉐이크출시_ASC_전환_image,(마스터2) [제과_단백질 쉐이크] 26.07_단백질쉐이크출시_ASC_전환_image,[26.07]F_I_SK혼_전환_단백질쉐이크출시_혜택강조형_파우치.개당가강조_.배너_특정시점.대형할인급.개당1천원대로.확장__이유빈_260707_제과_김수정,9,0,117.0,0
2026-07-08,[제과_단백질 쉐이크] 26.06_단백질쉐이크출시_수동_전환_image,브랜드강조_0629,[26.06]F_I_SK초_전환_단백질쉐이크출시_혜택강조형_개당가메리트_.배너_브랜드강조.토핑국밥.__이유빈_260629_제과_박지현,337,6,7284.0,1
2026-07-09,(마스터ASC)[제과_콘스프맛 팝콘] 26.05_콘스프맛팝콘출시_ASC_전환_video,(마스터ASC)[콘스프맛 팝콘] 26.05_콘스프맛팝콘출시_ASC_전환_video,[26.07]F_V_PC콘_전환_팝콘할인페스타_네고형_지인네고형.다이어트_var2.릴스_운동상황강조ver2.슬기.X_1P_김소희_260703_제과_문형민,3,0,21.0,0
2026-07-09,(마스터2) [제과_단백질 쉐이크] 26.07_단백질쉐이크출시_ASC_전환_image,(마스터2) [제과_단백질 쉐이크] 26.07_단백질쉐이크출시_ASC_전환_image,[26.07]F_I_SK혼_전환_단백질쉐이크출시_혜택강조형_파우치.개당가강조_.배너_대용량페포.가격강조.확장__이유빈_260707_제과_김수정,117,4,2148.0,0
2026-07-09,(마스터2) [제과_단백질 쉐이크] 26.07_단백질쉐이크출시_ASC_전환_image,(마스터2) [제과_단백질 쉐이크] 26.07_단백질쉐이크출시_ASC_전환_image,[26.07]F_I_SK혼_전환_단백질쉐이크출시_혜택강조형_파우치.개당가강조_.배너_특정시점.대형할인급.개당1천원대로.확장__이유빈_260707_제과_김수정,9,0,503.0,0
2026-07-09,[제과_단백질 쉐이크] 26.06_단백질쉐이크출시_수동_전환_image,브랜드강조_0629,[26.06]F_I_SK초_전환_단백질쉐이크출시_혜택강조형_개당가메리트_.배너_브랜드강조.토핑국밥.__이유빈_260629_제과_박지현,363,5,8441.0,1
2026-07-09,(마스터2) [제과_단백질 쉐이크] 26.07_단백질쉐이크출시_ASC_전환_image,(마스터2) [제과_단백질 쉐이크] 26.07_단백질쉐이크출시_ASC_전환_image,[26.07]F_I_SK혼_전환_단백질쉐이크출시_매거진형_파우치.개당가강조_.배너_포만감페인포인트.통쉐이크토핑넘적어.검증__이유빈_260709_제과_문다현,38,2,1054.0,0
2026-07-09,(마스터2) [제과_단백질 쉐이크] 26.07_단백질쉐이크출시_ASC_전환_image,(마스터2) [제과_단백질 쉐이크] 26.07_단백질쉐이크출시_ASC_전환_image,[26.07]F_I_SK혼_전환_단백질쉐이크출시_혜택강조형_라라권위_.배너_코코볼양봐라.팝콘증정.확장__이유빈_260709_제과_문다현,21,0,518.0,0
2026-07-10,(마스터2) [제과_단백질 쉐이크] 26.07_단백질쉐이크출시_ASC_전환_image,(마스터2) [제과_단백질 쉐이크] 26.07_단백질쉐이크출시_ASC_전환_image,[26.07]F_I_SK혼_전환_단백질쉐이크출시_혜택강조형_파우치.개당가강조_.배너_대용량페포.가격강조.확장__이유빈_260707_제과_김수정,15,0,387.0,0
2026-07-10,[제과_단백질 쉐이크] 26.06_단백질쉐이크출시_수동_전환_image,브랜드강조_0629,[26.06]F_I_SK초_전환_단백질쉐이크출시_혜택강조형_개당가메리트_.배너_브랜드강조.토핑국밥.__이유빈_260629_제과_박지현,312,6,8267.0,0
2026-07-10,(마스터2) [제과_단백질 쉐이크] 26.07_단백질쉐이크출시_ASC_전환_image,(마스터2) [제과_단백질 쉐이크] 26.07_단백질쉐이크출시_ASC_전환_image,[26.07]F_I_SK혼_전환_단백질쉐이크출시_매거진형_파우치.개당가강조_.배너_포만감페인포인트.통쉐이크토핑넘적어.검증__이유빈_260709_제과_문다현,472,8,9991.0,0
2026-07-10,(마스터2) [제과_단백질 쉐이크] 26.07_단백질쉐이크출시_ASC_전환_image,(마스터2) [제과_단백질 쉐이크] 26.07_단백질쉐이크출시_ASC_전환_image,[26.07]F_I_SK혼_전환_단백질쉐이크출시_혜택강조형_라라권위_.배너_코코볼양봐라.팝콘증정.확장__이유빈_260709_제과_문다현,98,3,3159.0,1
2026-07-10,[제과_단쉐_990] 26.07_깜짝990딜_ASC_전환_video,[제과_단쉐_990] 26.07_깜짝990딜_ASC_전환_video,[26.07]F_V_SK혼_전환_단쉐990원_원데이건_캡컷_var2.릴스_대용량비교.X_2P_이유빈_260710_제과_이미진,521,28,6215.0,2
2026-07-11,(마스터2) [제과_단백질 쉐이크] 26.07_단백질쉐이크출시_ASC_전환_image,(마스터2) [제과_단백질 쉐이크] 26.07_단백질쉐이크출시_ASC_전환_image,[26.07]F_I_SK혼_전환_단백질쉐이크출시_혜택강조형_라라권위_.배너_코코볼양봐라.팝콘증정.확장__이유빈_260709_제과_문다현,31,2,1142.0,0
2026-07-11,[제과_콘스프맛 팝콘] 26.05_콘스프맛팝콘출시_수동_전환_video,지인네고형_팝콘더블특가_콘스프맛 (~7/1),[26.07]F_V_PC콘_전환_콘스프맛팝콘출시_네고형_지인네고형.다이어트_main.릴스_메인.슬기.(재)_1P_김소희_260710_제과_문형민,7595,135,120912.0,27
2026-07-11,(마스터2) [제과_단백질 쉐이크] 26.07_단백질쉐이크출시_ASC_전환_image,(마스터2) [제과_단백질 쉐이크] 26.07_단백질쉐이크출시_ASC_전환_image,[26.07]F_I_SK혼_전환_단백질쉐이크출시_혜택강조형_파우치.개당가강조_.배너_1+1보다싼.네고형.개당1천원대.팝콘.확장__이유빈_260710_제과_문다현,163,1,4301.0,0
2026-07-11,[제과_단쉐_990] 26.07_깜짝990딜_ASC_전환_video,[제과_단쉐_990] 26.07_깜짝990딜_ASC_전환_video,[26.07]F_V_SK혼_전환_단쉐990원_원데이건_캡컷_var2.릴스_대용량비교.X_2P_이유빈_260710_제과_이미진,12979,621,127450.0,15
2026-07-11,[제과_단백질 쉐이크] 26.06_단백질쉐이크출시_수동_전환_video,문제공감형_0710,[26.07]F_V_SK혼_전환_단백질쉐이크출시_신규BP_문제공감형.파우치.개당가강조_var1.릴스_토핑강조.X_2P_이유빈_260710_제과_이봄1,37,3,1078.0,0
2026-07-12,(마스터ASC)[제과_콘스프맛 팝콘] 26.05_콘스프맛팝콘출시_ASC_전환_video,(마스터ASC)[콘스프맛 팝콘] 26.05_콘스프맛팝콘출시_ASC_전환_video,[26.07]F_V_PC콘_전환_팝콘할인페스타_네고형_지인네고형.다이어트_var2.릴스_운동상황강조ver2.슬기.X_1P_김소희_260703_제과_문형민,17,0,159.0,0
2026-07-12,(마스터2) [제과_단백질 쉐이크] 26.07_단백질쉐이크출시_ASC_전환_image,(마스터2) [제과_단백질 쉐이크] 26.07_단백질쉐이크출시_ASC_전환_image,[26.07]F_I_SK혼_전환_단백질쉐이크출시_혜택강조형_라라권위_.배너_코코볼양봐라.팝콘증정.확장__이유빈_260709_제과_문다현,37,2,958.0,0
2026-07-12,[제과_콘스프맛 팝콘] 26.05_콘스프맛팝콘출시_수동_전환_video,지인네고형_팝콘더블특가_콘스프맛 (~7/1),[26.07]F_V_PC콘_전환_콘스프맛팝콘출시_네고형_지인네고형.다이어트_main.릴스_메인.슬기.(재)_1P_김소희_260710_제과_문형민,3977,91,69214.0,17
2026-07-12,(마스터2) [제과_단백질 쉐이크] 26.07_단백질쉐이크출시_ASC_전환_image,(마스터2) [제과_단백질 쉐이크] 26.07_단백질쉐이크출시_ASC_전환_image,[26.07]F_I_SK혼_전환_단백질쉐이크출시_혜택강조형_파우치.개당가강조_.배너_1+1보다싼.네고형.개당1천원대.팝콘.확장__이유빈_260710_제과_문다현,52,1,1591.0,0
2026-07-12,[제과_단쉐_990] 26.07_깜짝990딜_ASC_전환_video,[제과_단쉐_990] 26.07_깜짝990딜_ASC_전환_video,[26.07]F_V_SK혼_전환_단쉐990원_원데이건_캡컷_var2.릴스_대용량비교.X_2P_이유빈_260710_제과_이미진,1485,74,12508.0,1
2026-07-12,[제과_단백질 쉐이크] 26.06_단백질쉐이크출시_수동_전환_video,문제공감형_0710,[26.07]F_V_SK혼_전환_단백질쉐이크출시_신규BP_문제공감형.파우치.개당가강조_var1.릴스_토핑강조.X_2P_이유빈_260710_제과_이봄1,2,0,8.0,0
2026-07-13,(마스터ASC)[제과_콘스프맛 팝콘] 26.05_콘스프맛팝콘출시_ASC_전환_video,(마스터ASC)[콘스프맛 팝콘] 26.05_콘스프맛팝콘출시_ASC_전환_video,[26.07]F_V_PC콘_전환_팝콘할인페스타_네고형_지인네고형.다이어트_var2.릴스_운동상황강조ver2.슬기.X_1P_김소희_260703_제과_문형민,8,1,189.0,0
2026-07-13,(마스터2) [제과_단백질 쉐이크] 26.07_단백질쉐이크출시_ASC_전환_image,(마스터2) [제과_단백질 쉐이크] 26.07_단백질쉐이크출시_ASC_전환_image,[26.07]F_I_SK혼_전환_단백질쉐이크출시_혜택강조형_파우치.개당가강조_.배너_대용량페포.가격강조.확장__이유빈_260707_제과_김수정,736,10,16255.0,1
2026-07-13,(마스터2) [제과_단백질 쉐이크] 26.07_단백질쉐이크출시_ASC_전환_image,(마스터2) [제과_단백질 쉐이크] 26.07_단백질쉐이크출시_ASC_전환_image,[26.07]F_I_SK혼_전환_단백질쉐이크출시_혜택강조형_파우치.개당가강조_.배너_특정시점.대형할인급.개당1천원대로.확장__이유빈_260707_제과_김수정,9,0,491.0,0
2026-07-13,(마스터2) [제과_단백질 쉐이크] 26.07_단백질쉐이크출시_ASC_전환_image,(마스터2) [제과_단백질 쉐이크] 26.07_단백질쉐이크출시_ASC_전환_image,[26.07]F_I_SK혼_전환_단백질쉐이크출시_혜택강조형_라라권위_.배너_코코볼양봐라.팝콘증정.확장__이유빈_260709_제과_문다현,235,5,7420.0,0
2026-07-13,[제과_콘스프맛 팝콘] 26.05_콘스프맛팝콘출시_수동_전환_video,지인네고형_팝콘더블특가_콘스프맛 (~7/1),[26.07]F_V_PC콘_전환_콘스프맛팝콘출시_네고형_지인네고형.다이어트_main.릴스_메인.슬기.(재)_1P_김소희_260710_제과_문형민,2062,20,29330.0,5
2026-07-13,(마스터2) [제과_단백질 쉐이크] 26.07_단백질쉐이크출시_ASC_전환_image,(마스터2) [제과_단백질 쉐이크] 26.07_단백질쉐이크출시_ASC_전환_image,[26.07]F_I_SK혼_전환_단백질쉐이크출시_혜택강조형_파우치.개당가강조_.배너_1+1보다싼.네고형.개당1천원대.팝콘.확장__이유빈_260710_제과_문다현,3195,76,76178.0,10
2026-07-13,[제과_단쉐_990] 26.07_깜짝990딜_ASC_전환_video,[제과_단쉐_990] 26.07_깜짝990딜_ASC_전환_video,[26.07]F_V_SK혼_전환_단쉐990원_원데이건_캡컷_var2.릴스_대용량비교.X_2P_이유빈_260710_제과_이미진,8284,341,90957.0,9
2026-07-13,[제과_단백질 쉐이크] 26.06_단백질쉐이크출시_수동_전환_video,문제공감형_0710,[26.07]F_V_SK혼_전환_단백질쉐이크출시_신규BP_문제공감형.파우치.개당가강조_var1.릴스_토핑강조.X_2P_이유빈_260710_제과_이봄1,1,0,6.0,0
2026-07-14,(마스터ASC)[제과_콘스프맛 팝콘] 26.05_콘스프맛팝콘출시_ASC_전환_video,(마스터ASC)[콘스프맛 팝콘] 26.05_콘스프맛팝콘출시_ASC_전환_video,[26.07]F_V_PC콘_전환_팝콘할인페스타_네고형_지인네고형.다이어트_var2.릴스_운동상황강조ver2.슬기.X_1P_김소희_260703_제과_문형민,2,0,11.0,0
2026-07-14,[제과_콘스프맛 팝콘] 26.05_콘스프맛팝콘출시_수동_전환_video,지인네고형_팝콘더블특가_콘스프맛 (~7/1),[26.07]F_V_PC콘_전환_콘스프맛팝콘출시_네고형_지인네고형.다이어트_main.릴스_메인.슬기.(재)_1P_김소희_260710_제과_문형민,148,2,1730.0,1
2026-07-14,(마스터2) [제과_단백질 쉐이크] 26.07_단백질쉐이크출시_ASC_전환_image,(마스터2) [제과_단백질 쉐이크] 26.07_단백질쉐이크출시_ASC_전환_image,[26.07]F_I_SK혼_전환_단백질쉐이크출시_혜택강조형_파우치.개당가강조_.배너_1+1보다싼.네고형.개당1천원대.팝콘.확장__이유빈_260710_제과_문다현,369,11,10704.0,4
2026-07-14,[제과_단백질 쉐이크] 26.06_단백질쉐이크출시_수동_전환_video,AI캐릭터형_0713,[26.07]F_V_SK혼_전환_단백질쉐이크출시_ai형_ai캐릭터.파우치.개당가강조_var3.릴스_먹방코코볼단쉐.X_2P_이유빈_260713_제과_이미진,1568,31,29125.0,5
2026-07-14,[제과_단백질 쉐이크] 26.06_단백질쉐이크출시_수동_전환_video,AI캐릭터형_0713,[26.07]F_V_SK혼_전환_단백질쉐이크출시_ai형_ai캐릭터.파우치.개당가강조_var5.릴스_팝콘산책.X_2P_이유빈_260713_제과_이미진,1097,20,21063.0,0
2026-07-14,[제과_단백질 쉐이크] 26.06_단백질쉐이크출시_ASC_전환_video,[제과_단백질 쉐이크] 26.06_단백질쉐이크출시_ASC_전환_video,[26.07]F_V_SK혼_전환_단백질쉐이크출시_ai형_ai캐릭터.파우치.개당가강조_var3.릴스_먹방코코볼단쉐.X_2P_이유빈_260713_제과_이미진,74,3,955.0,0
2026-07-14,[제과_단백질 쉐이크] 26.06_단백질쉐이크출시_ASC_전환_video,[제과_단백질 쉐이크] 26.06_단백질쉐이크출시_ASC_전환_video,[26.07]F_V_SK혼_전환_단백질쉐이크출시_ai형_ai캐릭터.파우치.개당가강조_var2.릴스_먹방대용량비교.X_2P_이유빈_260713_제과_이미진,554,11,7212.0,0
2026-07-14,[제과_단백질 쉐이크] 26.06_단백질쉐이크출시_수동_전환_video,AI캐릭터형_0713,[26.07]F_V_SK혼_전환_단백질쉐이크출시_ai형_ai캐릭터.파우치.개당가강조_var4.릴스_팝콘캐릭터산책.X_2P_이유빈_260713_제과_이미진,904,20,13669.0,0
2026-07-14,[제과_단백질 쉐이크] 26.06_단백질쉐이크출시_수동_전환_video,AI캐릭터형_0713,[26.07]F_V_SK혼_전환_단백질쉐이크출시_ai형_ai캐릭터.파우치.개당가강조_var2.릴스_먹방대용량비교.X_2P_이유빈_260713_제과_이미진,938,24,15131.0,0
2026-07-14,[제과_단백질 쉐이크] 26.06_단백질쉐이크출시_ASC_전환_video,[제과_단백질 쉐이크] 26.06_단백질쉐이크출시_ASC_전환_video,[26.07]F_V_SK혼_전환_단백질쉐이크출시_ai형_ai캐릭터.파우치.개당가강조_var5.릴스_팝콘산책.X_2P_이유빈_260713_제과_이미진,170,0,2602.0,2
2026-07-14,[제과_단백질 쉐이크] 26.06_단백질쉐이크출시_ASC_전환_video,[제과_단백질 쉐이크] 26.06_단백질쉐이크출시_ASC_전환_video,[26.07]F_V_SK혼_전환_단백질쉐이크출시_ai형_ai캐릭터.파우치.개당가강조_var1.릴스_제품코코볼단쉐.X_2P_이유빈_260713_제과_이미진,174,1,2643.0,0
2026-07-14,[제과_단백질 쉐이크] 26.06_단백질쉐이크출시_수동_전환_video,AI캐릭터형_0713,[26.07]F_V_SK혼_전환_단백질쉐이크출시_ai형_ai캐릭터.파우치.개당가강조_main.릴스_제품대용량비교.X_2P_이유빈_260713_제과_이미진,934,21,16492.0,1
2026-07-14,[제과_단백질 쉐이크] 26.06_단백질쉐이크출시_ASC_전환_video,[제과_단백질 쉐이크] 26.06_단백질쉐이크출시_ASC_전환_video,[26.07]F_V_SK혼_전환_단백질쉐이크출시_ai형_ai캐릭터.파우치.개당가강조_main.릴스_제품대용량비교.X_2P_이유빈_260713_제과_이미진,123,1,1772.0,0
2026-07-14,[제과_단백질 쉐이크] 26.06_단백질쉐이크출시_수동_전환_video,AI캐릭터형_0713,[26.07]F_V_SK혼_전환_단백질쉐이크출시_ai형_ai캐릭터.파우치.개당가강조_var1.릴스_제품코코볼단쉐.X_2P_이유빈_260713_제과_이미진,1413,32,21358.0,2
2026-07-14,(마스터ASC)[제과_콘스프맛 팝콘] 26.07_콘스프맛팝콘출시_ASC_전환_image (NEW),(마스터ASC)[콘스프맛 팝콘] 26.07_콘스프맛팝콘출시_ASC_전환_image (NEW),[26.07]F_I_PC혼_전환_콘스프맛팝콘출시_혜택강조형__.배너_쌀때쟁이세요.확장__김소희_260713_제과_박서연,901,21,21047.0,4
2026-07-14,(마스터ASC)[제과_콘스프맛 팝콘] 26.07_콘스프맛팝콘출시_ASC_전환_image (NEW),(마스터ASC)[콘스프맛 팝콘] 26.07_콘스프맛팝콘출시_ASC_전환_image (NEW),[26.07]F_I_PC혼_전환_콘스프맛팝콘출시_혜택강조형__.배너_죽어라 운동해서 태운 칼로리 걱정이라면 간식부터 바꾸세요.확장__김소희_260713_제과_박서연,282,3,6723.0,0
2026-07-14,(마스터ASC)[제과_콘스프맛 팝콘] 26.07_콘스프맛팝콘출시_ASC_전환_image (NEW),(마스터ASC)[콘스프맛 팝콘] 26.07_콘스프맛팝콘출시_ASC_전환_image (NEW),"[26.07]F_I_PC혼_전환_콘스프맛팝콘출시_혜택강조형__.배너_당은 2g, 죄책감은 0g .확장__김소희_260713_제과_박서연",203,1,5804.0,0
2026-07-14,[제과_콘스프맛 팝콘] 26.05_콘스프맛팝콘출시_수동_전환_image,속세맛간식공감_콘스프맛팝콘_상시,"[26.07]F_I_PC혼_전환_콘스프맛팝콘출시_혜택강조형__.배너_당은 2g, 죄책감은 0g .확장__김소희_260713_제과_박서연",80,2,2013.0,0
2026-07-14,[제과_콘스프맛 팝콘] 26.05_콘스프맛팝콘출시_수동_전환_image,속세맛간식공감_콘스프맛팝콘_상시,[26.07]F_I_PC혼_전환_콘스프맛팝콘출시_혜택강조형__.배너_쌀때쟁이세요.확장__김소희_260713_제과_박서연,81,0,1662.0,1
2026-07-14,[제과_콘스프맛 팝콘] 26.05_콘스프맛팝콘출시_수동_전환_image,속세맛간식공감_콘스프맛팝콘_상시,"[26.07]F_I_PC혼_전환_콘스프맛팝콘출시_혜택강조형__.배너_오늘 뛴 5km, 과자한봉이면 리셋?.확장__김소희_260713_제과_박서연",189,4,4197.0,0
2026-07-14,(마스터ASC)[제과_콘스프맛 팝콘] 26.07_콘스프맛팝콘출시_ASC_전환_image (NEW),(마스터ASC)[콘스프맛 팝콘] 26.07_콘스프맛팝콘출시_ASC_전환_image (NEW),"[26.07]F_I_PC혼_전환_콘스프맛팝콘출시_혜택강조형__.배너_오늘 뛴 5km, 과자한봉이면 리셋?.확장__김소희_260713_제과_박서연",343,6,6572.0,1
2026-07-14,[제과_콘스프맛 팝콘] 26.05_콘스프맛팝콘출시_수동_전환_image,속세맛간식공감_콘스프맛팝콘_상시,[26.07]F_I_PC혼_전환_콘스프맛팝콘출시_혜택강조형__.배너_다음날 눈바디 지켜주는.확장__김소희_260713_제과_박서연,99,1,1627.0,0
2026-07-14,(마스터ASC)[제과_콘스프맛 팝콘] 26.07_콘스프맛팝콘출시_ASC_전환_image (NEW),(마스터ASC)[콘스프맛 팝콘] 26.07_콘스프맛팝콘출시_ASC_전환_image (NEW),[26.07]F_I_PC혼_전환_콘스프맛팝콘출시_혜택강조형__.배너_다음날 눈바디 지켜주는.확장__김소희_260713_제과_박서연,133,1,2761.0,3
2026-07-14,(마스터ASC)[제과_콘스프맛 팝콘] 26.07_콘스프맛팝콘출시_ASC_전환_image (NEW),(마스터ASC)[콘스프맛 팝콘] 26.07_콘스프맛팝콘출시_ASC_전환_image (NEW),[26.07]F_I_PC혼_전환_콘스프맛팝콘출시_혜택강조형__.배너_사무실 간식 주워먹다 3kg 쪘다?.확장__김소희_260713_제과_박서연,113,4,3640.0,2
2026-07-14,[제과_단백질 쉐이크] 26.06_단백질쉐이크출시_수동_전환_image,최저가비교_0713,[26.07]F_I_SK초_전환_단백질쉐이크출시_혜택강조형_개당최저가비교_.배너_사진비교.다이소급으로싼.타사.확장__이유빈_260713_제과_문다현,121,2,2780.0,0
2026-07-14,[제과_단백질 쉐이크] 26.06_단백질쉐이크출시_수동_전환_image,최저가비교_0713,[26.07]F_I_SK곡_전환_단백질쉐이크출시_매거진형_개당최저가비교_.배너_토핑계속씹히는얼음동동.확장__이유빈_260713_제과_문다현,183,5,4926.0,0
2026-07-14,[제과_단백질 쉐이크] 26.06_단백질쉐이크출시_수동_전환_image,최저가비교_0713,[26.07]F_I_SK혼_전환_단백질쉐이크출시_혜택강조형_개당최저가비교_.배너_제가졌습니다.확장__이유빈_260713_제과_문다현,369,9,7670.0,0
2026-07-14,[제과_단백질 쉐이크] 26.06_단백질쉐이크출시_수동_전환_image,최저가비교_0713,[26.07]F_I_SK곡_전환_단백질쉐이크출시_혜택강조형_개당최저가비교_.배너_사진비교.대용량쉐이크.확장__이유빈_260713_제과_문다현,120,4,3190.0,0
2026-07-15,(마스터ASC)[제과_콘스프맛 팝콘] 26.05_콘스프맛팝콘출시_ASC_전환_video,(마스터ASC)[콘스프맛 팝콘] 26.05_콘스프맛팝콘출시_ASC_전환_video,[26.07]F_V_PC콘_전환_팝콘할인페스타_네고형_지인네고형.다이어트_var2.릴스_운동상황강조ver2.슬기.X_1P_김소희_260703_제과_문형민,487,5,6096.0,2
2026-07-15,(마스터2) [제과_단백질 쉐이크] 26.07_단백질쉐이크출시_ASC_전환_image,(마스터2) [제과_단백질 쉐이크] 26.07_단백질쉐이크출시_ASC_전환_image,[26.07]F_I_SK혼_전환_단백질쉐이크출시_혜택강조형_파우치.개당가강조_.배너_특정시점.대형할인급.개당1천원대로.확장__이유빈_260707_제과_김수정,1,0,17.0,0
2026-07-15,[제과_콘스프맛 팝콘] 26.05_콘스프맛팝콘출시_수동_전환_video,지인네고형_팝콘더블특가_콘스프맛 (~7/1),[26.07]F_V_PC콘_전환_콘스프맛팝콘출시_네고형_지인네고형.다이어트_main.릴스_메인.슬기.(재)_1P_김소희_260710_제과_문형민,83,2,806.0,0
2026-07-15,(마스터2) [제과_단백질 쉐이크] 26.07_단백질쉐이크출시_ASC_전환_image,(마스터2) [제과_단백질 쉐이크] 26.07_단백질쉐이크출시_ASC_전환_image,[26.07]F_I_SK혼_전환_단백질쉐이크출시_혜택강조형_파우치.개당가강조_.배너_1+1보다싼.네고형.개당1천원대.팝콘.확장__이유빈_260710_제과_문다현,312,9,8950.0,0
2026-07-15,[제과_단백질 쉐이크] 26.06_단백질쉐이크출시_수동_전환_video,AI캐릭터형_0713,[26.07]F_V_SK혼_전환_단백질쉐이크출시_ai형_ai캐릭터.파우치.개당가강조_var3.릴스_먹방코코볼단쉐.X_2P_이유빈_260713_제과_이미진,581,10,9940.0,0
2026-07-15,[제과_단백질 쉐이크] 26.06_단백질쉐이크출시_ASC_전환_video,[제과_단백질 쉐이크] 26.06_단백질쉐이크출시_ASC_전환_video,[26.07]F_V_SK혼_전환_단백질쉐이크출시_ai형_ai캐릭터.파우치.개당가강조_var3.릴스_먹방코코볼단쉐.X_2P_이유빈_260713_제과_이미진,37,1,568.0,0
2026-07-15,[제과_단백질 쉐이크] 26.06_단백질쉐이크출시_ASC_전환_video,[제과_단백질 쉐이크] 26.06_단백질쉐이크출시_ASC_전환_video,[26.07]F_V_SK혼_전환_단백질쉐이크출시_ai형_ai캐릭터.파우치.개당가강조_var5.릴스_팝콘산책.X_2P_이유빈_260713_제과_이미진,25,1,529.0,0
2026-07-15,[제과_단백질 쉐이크] 26.06_단백질쉐이크출시_ASC_전환_video,[제과_단백질 쉐이크] 26.06_단백질쉐이크출시_ASC_전환_video,[26.07]F_V_SK혼_전환_단백질쉐이크출시_ai형_ai캐릭터.파우치.개당가강조_var1.릴스_제품코코볼단쉐.X_2P_이유빈_260713_제과_이미진,12,0,96.0,0
2026-07-15,[제과_단백질 쉐이크] 26.06_단백질쉐이크출시_ASC_전환_video,[제과_단백질 쉐이크] 26.06_단백질쉐이크출시_ASC_전환_video,[26.07]F_V_SK혼_전환_단백질쉐이크출시_ai형_ai캐릭터.파우치.개당가강조_main.릴스_제품대용량비교.X_2P_이유빈_260713_제과_이미진,15,2,362.0,0
2026-07-15,(마스터ASC)[제과_콘스프맛 팝콘] 26.07_콘스프맛팝콘출시_ASC_전환_image (NEW),(마스터ASC)[콘스프맛 팝콘] 26.07_콘스프맛팝콘출시_ASC_전환_image (NEW),[26.07]F_I_PC혼_전환_콘스프맛팝콘출시_혜택강조형__.배너_쌀때쟁이세요.확장__김소희_260713_제과_박서연,1823,25,25618.0,5
2026-07-15,(마스터ASC)[제과_콘스프맛 팝콘] 26.07_콘스프맛팝콘출시_ASC_전환_image (NEW),(마스터ASC)[콘스프맛 팝콘] 26.07_콘스프맛팝콘출시_ASC_전환_image (NEW),[26.07]F_I_PC혼_전환_콘스프맛팝콘출시_혜택강조형__.배너_죽어라 운동해서 태운 칼로리 걱정이라면 간식부터 바꾸세요.확장__김소희_260713_제과_박서연,168,5,2226.0,1
2026-07-15,[제과_콘스프맛 팝콘] 26.05_콘스프맛팝콘출시_수동_전환_image,속세맛간식공감_콘스프맛팝콘_상시,"[26.07]F_I_PC혼_전환_콘스프맛팝콘출시_혜택강조형__.배너_당은 2g, 죄책감은 0g .확장__김소희_260713_제과_박서연",138,3,3461.0,0
2026-07-15,[제과_콘스프맛 팝콘] 26.05_콘스프맛팝콘출시_수동_전환_image,속세맛간식공감_콘스프맛팝콘_상시,[26.07]F_I_PC혼_전환_콘스프맛팝콘출시_혜택강조형__.배너_쌀때쟁이세요.확장__김소희_260713_제과_박서연,107,5,2582.0,3
2026-07-15,[제과_콘스프맛 팝콘] 26.05_콘스프맛팝콘출시_수동_전환_image,속세맛간식공감_콘스프맛팝콘_상시,"[26.07]F_I_PC혼_전환_콘스프맛팝콘출시_혜택강조형__.배너_오늘 뛴 5km, 과자한봉이면 리셋?.확장__김소희_260713_제과_박서연",229,4,3654.0,2
2026-07-15,[제과_콘스프맛 팝콘] 26.05_콘스프맛팝콘출시_수동_전환_image,속세맛간식공감_콘스프맛팝콘_상시,[26.07]F_I_PC혼_전환_콘스프맛팝콘출시_혜택강조형__.배너_다음날 눈바디 지켜주는.확장__김소희_260713_제과_박서연,27,0,751.0,0
2026-07-15,(마스터ASC)[제과_콘스프맛 팝콘] 26.07_콘스프맛팝콘출시_ASC_전환_image (NEW),(마스터ASC)[콘스프맛 팝콘] 26.07_콘스프맛팝콘출시_ASC_전환_image (NEW),[26.07]F_I_PC혼_전환_콘스프맛팝콘출시_혜택강조형__.배너_다음날 눈바디 지켜주는.확장__김소희_260713_제과_박서연,316,2,4468.0,0
2026-07-15,(마스터ASC)[제과_콘스프맛 팝콘] 26.07_콘스프맛팝콘출시_ASC_전환_image (NEW),(마스터ASC)[콘스프맛 팝콘] 26.07_콘스프맛팝콘출시_ASC_전환_image (NEW),[26.07]F_I_PC혼_전환_콘스프맛팝콘출시_혜택강조형__.배너_사무실 간식 주워먹다 3kg 쪘다?.확장__김소희_260713_제과_박서연,87,1,1393.0,0
2026-07-15,[제과_단백질 쉐이크] 26.06_단백질쉐이크출시_수동_전환_image,최저가비교_0713,[26.07]F_I_SK초_전환_단백질쉐이크출시_혜택강조형_개당최저가비교_.배너_사진비교.다이소급으로싼.타사.확장__이유빈_260713_제과_문다현,33,0,626.0,0
2026-07-15,[제과_단백질 쉐이크] 26.06_단백질쉐이크출시_수동_전환_image,최저가비교_0713,[26.07]F_I_SK곡_전환_단백질쉐이크출시_매거진형_개당최저가비교_.배너_토핑계속씹히는얼음동동.확장__이유빈_260713_제과_문다현,63,2,1566.0,0
2026-07-15,[제과_단백질 쉐이크] 26.06_단백질쉐이크출시_수동_전환_image,최저가비교_0713,[26.07]F_I_SK혼_전환_단백질쉐이크출시_혜택강조형_개당최저가비교_.배너_제가졌습니다.확장__이유빈_260713_제과_문다현,103,1,2596.0,0
2026-07-15,[제과_단백질 쉐이크] 26.06_단백질쉐이크출시_수동_전환_image,최저가비교_0713,[26.07]F_I_SK곡_전환_단백질쉐이크출시_혜택강조형_개당최저가비교_.배너_사진비교.대용량쉐이크.확장__이유빈_260713_제과_문다현,47,2,1814.0,0
2026-07-01,[제과_콘스프맛 팝콘] 26.05_콘스프맛팝콘출시_수동_전환_video,전화네고형_팝콘더블특가_콘스프맛 (~7/1),[26.06]F_V_PC콘_전환_팝콘더블특가_네고형_전화네고형.다이어트_main.릴스_메인.슬기.X_1P_최나영_260625_제과_피재은,16657,373,293636.0,77
2026-07-01,(마스터ASC)[제과_콘스프맛 팝콘] 26.05_콘스프맛팝콘출시_ASC_전환_video,(마스터ASC)[콘스프맛 팝콘] 26.05_콘스프맛팝콘출시_ASC_전환_video,[26.06]F_V_PC콘_전환_팝콘더블특가_네고형_지인네고형.다이어트_main.릴스_메인.슬기.X_1P_최나영_260626_제과_문형민,8957,149,141471.0,22
2026-07-01,[제과_단백질 쉐이크] 26.06_단백질쉐이크출시_수동_전환_video,안다르BP_0626,[26.06]F_V_SK곡_전환_단백질쉐이크출시_신규BP_안다르.건강자극_var2.릴스_MZ미숫가루.X_2P_이유빈_260626_제과_이봄1,14614,421,388664.0,42
2026-07-01,[제과_단백질 쉐이크] 26.06_단백질쉐이크출시_ASC_전환_video,[제과_단백질 쉐이크] 26.06_단백질쉐이크출시_ASC_전환_video,[26.06]F_V_SK곡_전환_단백질쉐이크출시_신규BP_안다르.건강자극_var4.릴스_라라출시.X_2P_이유빈_260626_제과_이봄1,2,0,47.0,0
2026-07-01,[제과_단백질 쉐이크] 26.06_단백질쉐이크출시_ASC_전환_video,[제과_단백질 쉐이크] 26.06_단백질쉐이크출시_ASC_전환_video,[26.06]F_V_SK곡_전환_단백질쉐이크출시_신규BP_개당가메리트.재편집_var4.릴스_뭐먹을지모르겠다.X_2P_이유빈_260629_제과_이미진,1430,18,25923.0,2
2026-07-01,(미사용) [제과_단백질 쉐이크] 26.06_단백질쉐이크출시_ASC_전환_image,[제과_단백질 쉐이크] 26.06_단백질쉐이크출시_ASC_전환_image,[26.06]F_I_SK곡_전환_단백질쉐이크출시_제품강조형_라라권위_.배너_달달꼬소방앗간미숫가루.가격비교X.__이유빈_260701_제과_문다현,164,3,2826.0,0
2026-07-02,[제과_콘스프맛 팝콘] 26.05_콘스프맛팝콘출시_수동_전환_video,전화네고형_팝콘더블특가_콘스프맛 (~7/1),[26.06]F_V_PC콘_전환_팝콘더블특가_네고형_전화네고형.다이어트_main.릴스_메인.슬기.X_1P_최나영_260625_제과_피재은,7119,136,130635.0,22
2026-07-02,[제과_단백질 쉐이크] 26.06_단백질쉐이크출시_ASC_전환_video,[제과_단백질 쉐이크] 26.06_단백질쉐이크출시_ASC_전환_video,[26.06]F_V_SK곡_전환_단백질쉐이크출시_신규BP_안다르.건강자극_var4.릴스_라라출시.X_2P_이유빈_260626_제과_이봄1,32,4,796.0,0
2026-07-02,(미사용) [제과_단백질 쉐이크] 26.06_단백질쉐이크출시_ASC_전환_image,[제과_단백질 쉐이크] 26.06_단백질쉐이크출시_ASC_전환_image,[26.06]F_I_SK곡_전환_단백질쉐이크출시_제품강조형_라라권위_.배너_달달꼬소방앗간미숫가루.가격비교X.__이유빈_260701_제과_문다현,1,0,2.0,0
2026-07-02,[제과_콘스프맛 팝콘] 26.05_콘스프맛팝콘출시_수동_전환_image,오늘까지만_앵콜더블특가 (~7/1),[26.06]F_I_PC혼_전환_팝콘더블특가_매거진형_다이어트_.배너_이할인오늘끝.요요.입터짐방지템.확장__김소희_260701_제과_문다현,258,6,4447.0,0
2026-07-02,(마스터ASC)[제과_콘스프맛 팝콘] 26.05_콘스프맛팝콘출시_ASC_전환_video,(마스터ASC)[콘스프맛 팝콘] 26.05_콘스프맛팝콘출시_ASC_전환_video,[26.07]F_V_PC콘_전환_팝콘할인페스타_네고형_공구네고형.다이어트_main.릴스_메인.슬기.X_1P_김소희_260702_제과_강경연,109,1,1727.0,0
2026-07-03,[제과_콘스프맛 팝콘] 26.05_콘스프맛팝콘출시_수동_전환_video,전화네고형_팝콘더블특가_콘스프맛 (~7/1),[26.06]F_V_PC콘_전환_팝콘더블특가_네고형_전화네고형.다이어트_main.릴스_메인.슬기.X_1P_최나영_260625_제과_피재은,6966,149,139415.0,24
2026-07-03,[제과_단백질 쉐이크] 26.06_단백질쉐이크출시_수동_전환_video,안다르BP_0626,[26.06]F_V_SK곡_전환_단백질쉐이크출시_신규BP_안다르.건강자극_var2.릴스_MZ미숫가루.X_2P_이유빈_260626_제과_이봄1,353,12,9351.0,2
2026-07-03,(미사용) [제과_단백질 쉐이크] 26.06_단백질쉐이크출시_ASC_전환_image,[제과_단백질 쉐이크] 26.06_단백질쉐이크출시_ASC_전환_image,[26.06]F_I_SK곡_전환_단백질쉐이크출시_제품강조형_라라권위_.배너_달달꼬소방앗간미숫가루.가격비교X.__이유빈_260701_제과_문다현,2,0,27.0,0
2026-07-03,(마스터ASC)[제과_콘스프맛 팝콘] 26.05_콘스프맛팝콘출시_ASC_전환_video,(마스터ASC)[콘스프맛 팝콘] 26.05_콘스프맛팝콘출시_ASC_전환_video,[26.07]F_V_PC콘_전환_팝콘할인페스타_네고형_공구네고형.다이어트_main.릴스_메인.슬기.X_1P_김소희_260702_제과_강경연,2,0,54.0,0
2026-07-03,(마스터ASC)[제과_콘스프맛 팝콘] 26.07_콘스프맛팝콘출시_ASC_전환_image (NEW),(마스터ASC)[콘스프맛 팝콘] 26.07_콘스프맛팝콘출시_ASC_전환_image (NEW),[26.07]F_I_PC혼_전환_팝콘할인페스타_혜택강조형_다이어트_.배너_선착순300명한정.더블로드려요.초록색.확장__김소희_260702_제과_문다현,19,2,427.0,0
2026-07-04,[제과_콘스프맛 팝콘] 26.05_콘스프맛팝콘출시_수동_전환_video,전화네고형_팝콘더블특가_콘스프맛 (~7/1),[26.06]F_V_PC콘_전환_팝콘더블특가_네고형_전화네고형.다이어트_main.릴스_메인.슬기.X_1P_최나영_260625_제과_피재은,4497,141,84185.0,10
2026-07-04,[제과_단백질 쉐이크] 26.06_단백질쉐이크출시_수동_전환_video,안다르BP_0626,[26.06]F_V_SK곡_전환_단백질쉐이크출시_신규BP_안다르.건강자극_var2.릴스_MZ미숫가루.X_2P_이유빈_260626_제과_이봄1,1948,72,51741.0,8
2026-07-04,(마스터ASC)[제과_콘스프맛 팝콘] 26.05_콘스프맛팝콘출시_ASC_전환_video,(마스터ASC)[콘스프맛 팝콘] 26.05_콘스프맛팝콘출시_ASC_전환_video,[26.07]F_V_PC콘_전환_팝콘할인페스타_네고형_공구네고형.다이어트_main.릴스_메인.슬기.X_1P_김소희_260702_제과_강경연,2,0,20.0,0
2026-07-04,(마스터ASC)[제과_콘스프맛 팝콘] 26.05_콘스프맛팝콘출시_ASC_전환_video,(마스터ASC)[콘스프맛 팝콘] 26.05_콘스프맛팝콘출시_ASC_전환_video,[26.07]F_V_PC콘_전환_팝콘할인페스타_네고형_지인네고형.다이어트_main.릴스_메인.슬기.X_1P_김소희_260703_제과_문형민,130,1,2150.0,0
2026-07-04,[제과_단백질 쉐이크] 26.06_단백질쉐이크출시_ASC_전환_video,[제과_단백질 쉐이크] 26.06_단백질쉐이크출시_ASC_전환_video,[26.07]F_V_SK혼_전환_단백질쉐이크출시_네고형_지인네고형_var4.릴스_맛.미숫가루.X_2P_이유빈_260703_제과_이봄1,14,2,339.0,0
2026-07-04,[제과_단백질 쉐이크] 26.06_단백질쉐이크출시_ASC_전환_video,[제과_단백질 쉐이크] 26.06_단백질쉐이크출시_ASC_전환_video,[26.07]F_V_SK곡_전환_단백질쉐이크출시_네고형_전화네고형_var6.릴스_원물실체.X_2P_이유빈_260703_제과_윤성미,7,0,148.0,0
2026-07-04,[제과_단백질 쉐이크] 26.06_단백질쉐이크출시_ASC_전환_video,[제과_단백질 쉐이크] 26.06_단백질쉐이크출시_ASC_전환_video,[26.07]F_V_SK곡_전환_단백질쉐이크출시_네고형_전화네고형_var4.릴스_토핑.가격.X_2P_이유빈_260703_제과_윤성미,201,11,4648.0,0
2026-07-04,[제과_단백질 쉐이크] 26.06_단백질쉐이크출시_ASC_전환_video,[제과_단백질 쉐이크] 26.06_단백질쉐이크출시_ASC_전환_video,[26.07]F_V_SK곡_전환_단백질쉐이크출시_네고형_전화네고형_var3.릴스_취식.X_2P_이유빈_260703_제과_윤성미,8,1,266.0,0
2026-07-05,[제과_콘스프맛 팝콘] 26.05_콘스프맛팝콘출시_수동_전환_video,전화네고형_팝콘더블특가_콘스프맛 (~7/1),[26.06]F_V_PC콘_전환_팝콘더블특가_네고형_전화네고형.다이어트_main.릴스_메인.슬기.X_1P_최나영_260625_제과_피재은,1457,44,27049.0,2
2026-07-05,[제과_단백질 쉐이크] 26.06_단백질쉐이크출시_수동_전환_video,안다르BP_0626,[26.06]F_V_SK곡_전환_단백질쉐이크출시_신규BP_안다르.건강자극_var2.릴스_MZ미숫가루.X_2P_이유빈_260626_제과_이봄1,3837,126,100495.0,13
2026-07-05,[제과_단백질 쉐이크] 26.06_단백질쉐이크출시_ASC_전환_video,[제과_단백질 쉐이크] 26.06_단백질쉐이크출시_ASC_전환_video,[26.06]F_V_SK곡_전환_단백질쉐이크출시_신규BP_안다르.건강자극_var4.릴스_라라출시.X_2P_이유빈_260626_제과_이봄1,1,0,14.0,0
2026-07-05,(마스터ASC)[제과_콘스프맛 팝콘] 26.05_콘스프맛팝콘출시_ASC_전환_video,(마스터ASC)[콘스프맛 팝콘] 26.05_콘스프맛팝콘출시_ASC_전환_video,[26.07]F_V_PC콘_전환_팝콘할인페스타_네고형_공구네고형.다이어트_main.릴스_메인.슬기.X_1P_김소희_260702_제과_강경연,1,0,4.0,0
2026-07-05,(마스터ASC)[제과_콘스프맛 팝콘] 26.05_콘스프맛팝콘출시_ASC_전환_video,(마스터ASC)[콘스프맛 팝콘] 26.05_콘스프맛팝콘출시_ASC_전환_video,[26.07]F_V_PC콘_전환_팝콘할인페스타_네고형_지인네고형.다이어트_main.릴스_메인.슬기.X_1P_김소희_260703_제과_문형민,2,0,19.0,0
2026-07-05,[제과_단백질 쉐이크] 26.06_단백질쉐이크출시_ASC_전환_video,[제과_단백질 쉐이크] 26.06_단백질쉐이크출시_ASC_전환_video,[26.07]F_V_SK혼_전환_단백질쉐이크출시_네고형_지인네고형_var4.릴스_맛.미숫가루.X_2P_이유빈_260703_제과_이봄1,1,0,3.0,0
2026-07-05,[제과_단백질 쉐이크] 26.06_단백질쉐이크출시_ASC_전환_video,[제과_단백질 쉐이크] 26.06_단백질쉐이크출시_ASC_전환_video,[26.07]F_V_SK곡_전환_단백질쉐이크출시_네고형_전화네고형_var6.릴스_원물실체.X_2P_이유빈_260703_제과_윤성미,1,0,4.0,0
2026-07-05,[제과_단백질 쉐이크] 26.06_단백질쉐이크출시_ASC_전환_video,[제과_단백질 쉐이크] 26.06_단백질쉐이크출시_ASC_전환_video,[26.07]F_V_SK곡_전환_단백질쉐이크출시_네고형_전화네고형_var4.릴스_토핑.가격.X_2P_이유빈_260703_제과_윤성미,219,6,3822.0,2
2026-07-05,[제과_단백질 쉐이크] 26.06_단백질쉐이크출시_ASC_전환_video,[제과_단백질 쉐이크] 26.06_단백질쉐이크출시_ASC_전환_video,[26.07]F_V_SK곡_전환_단백질쉐이크출시_네고형_전화네고형_var3.릴스_취식.X_2P_이유빈_260703_제과_윤성미,4,1,155.0,2
2026-07-06,[제과_콘스프맛 팝콘] 26.05_콘스프맛팝콘출시_수동_전환_video,전화네고형_팝콘더블특가_콘스프맛 (~7/1),[26.06]F_V_PC콘_전환_팝콘더블특가_네고형_전화네고형.다이어트_main.릴스_메인.슬기.X_1P_최나영_260625_제과_피재은,1075,27,15361.0,2
2026-07-06,(마스터ASC)[제과_콘스프맛 팝콘] 26.05_콘스프맛팝콘출시_ASC_전환_video,(마스터ASC)[콘스프맛 팝콘] 26.05_콘스프맛팝콘출시_ASC_전환_video,[26.07]F_V_PC콘_전환_팝콘할인페스타_네고형_지인네고형.다이어트_main.릴스_메인.슬기.X_1P_김소희_260703_제과_문형민,20,1,360.0,0
2026-07-06,[제과_단백질 쉐이크] 26.06_단백질쉐이크출시_ASC_전환_video,[제과_단백질 쉐이크] 26.06_단백질쉐이크출시_ASC_전환_video,[26.07]F_V_SK혼_전환_단백질쉐이크출시_네고형_지인네고형_var4.릴스_맛.미숫가루.X_2P_이유빈_260703_제과_이봄1,1,0,33.0,0
2026-07-07,[제과_콘스프맛 팝콘] 26.05_콘스프맛팝콘출시_수동_전환_video,전화네고형_팝콘더블특가_콘스프맛 (~7/1),[26.06]F_V_PC콘_전환_팝콘더블특가_네고형_전화네고형.다이어트_main.릴스_메인.슬기.X_1P_최나영_260625_제과_피재은,904,23,15518.0,2
2026-07-07,[제과_단백질 쉐이크] 26.06_단백질쉐이크출시_수동_전환_video,안다르BP_0626,[26.06]F_V_SK곡_전환_단백질쉐이크출시_신규BP_안다르.건강자극_var2.릴스_MZ미숫가루.X_2P_이유빈_260626_제과_이봄1,684,26,16772.0,0
2026-07-07,[제과_단백질 쉐이크] 26.06_단백질쉐이크출시_ASC_전환_video,[제과_단백질 쉐이크] 26.06_단백질쉐이크출시_ASC_전환_video,[26.06]F_V_SK곡_전환_단백질쉐이크출시_신규BP_안다르.건강자극_var4.릴스_라라출시.X_2P_이유빈_260626_제과_이봄1,1,0,18.0,0
2026-07-07,(미사용) [제과_단백질 쉐이크] 26.06_단백질쉐이크출시_ASC_전환_image,[제과_단백질 쉐이크] 26.06_단백질쉐이크출시_ASC_전환_image,[26.06]F_I_SK곡_전환_단백질쉐이크출시_제품강조형_라라권위_.배너_달달꼬소방앗간미숫가루.가격비교X.__이유빈_260701_제과_문다현,365,9,11105.0,1
2026-07-07,(마스터ASC)[제과_콘스프맛 팝콘] 26.05_콘스프맛팝콘출시_ASC_전환_video,(마스터ASC)[콘스프맛 팝콘] 26.05_콘스프맛팝콘출시_ASC_전환_video,[26.07]F_V_PC콘_전환_팝콘할인페스타_네고형_공구네고형.다이어트_main.릴스_메인.슬기.X_1P_김소희_260702_제과_강경연,1,0,13.0,0
2026-07-07,[제과_단백질 쉐이크] 26.06_단백질쉐이크출시_ASC_전환_video,[제과_단백질 쉐이크] 26.06_단백질쉐이크출시_ASC_전환_video,[26.07]F_V_SK곡_전환_단백질쉐이크출시_네고형_전화네고형_var4.릴스_토핑.가격.X_2P_이유빈_260703_제과_윤성미,201,7,5265.0,0
2026-07-08,[제과_콘스프맛 팝콘] 26.05_콘스프맛팝콘출시_수동_전환_video,전화네고형_팝콘더블특가_콘스프맛 (~7/1),[26.06]F_V_PC콘_전환_팝콘더블특가_네고형_전화네고형.다이어트_main.릴스_메인.슬기.X_1P_최나영_260625_제과_피재은,1603,45,28918.0,4
2026-07-08,[제과_단백질 쉐이크] 26.06_단백질쉐이크출시_수동_전환_video,안다르BP_0626,[26.06]F_V_SK곡_전환_단백질쉐이크출시_신규BP_안다르.건강자극_var2.릴스_MZ미숫가루.X_2P_이유빈_260626_제과_이봄1,2418,87,54683.0,5
2026-07-08,[제과_단백질 쉐이크] 26.06_단백질쉐이크출시_ASC_전환_video,[제과_단백질 쉐이크] 26.06_단백질쉐이크출시_ASC_전환_video,[26.06]F_V_SK곡_전환_단백질쉐이크출시_신규BP_안다르.건강자극_var4.릴스_라라출시.X_2P_이유빈_260626_제과_이봄1,58,1,1161.0,0
2026-07-08,(마스터ASC)[제과_콘스프맛 팝콘] 26.07_콘스프맛팝콘출시_ASC_전환_image (NEW),(마스터ASC)[콘스프맛 팝콘] 26.07_콘스프맛팝콘출시_ASC_전환_image (NEW),[26.07]F_I_PC혼_전환_팝콘할인페스타_혜택강조형_다이어트_.배너_선착순300명한정.더블로드려요.초록색.확장__김소희_260702_제과_문다현,664,25,9507.0,5
2026-07-08,[제과_단백질 쉐이크] 26.06_단백질쉐이크출시_ASC_전환_video,[제과_단백질 쉐이크] 26.06_단백질쉐이크출시_ASC_전환_video,[26.07]F_V_SK곡_전환_단백질쉐이크출시_네고형_전화네고형_var4.릴스_토핑.가격.X_2P_이유빈_260703_제과_윤성미,317,14,7679.0,0
2026-07-09,[제과_콘스프맛 팝콘] 26.05_콘스프맛팝콘출시_수동_전환_video,전화네고형_팝콘더블특가_콘스프맛 (~7/1),[26.06]F_V_PC콘_전환_팝콘더블특가_네고형_전화네고형.다이어트_main.릴스_메인.슬기.X_1P_최나영_260625_제과_피재은,23233,668,407216.0,102
2026-07-09,[제과_단백질 쉐이크] 26.06_단백질쉐이크출시_ASC_전환_video,[제과_단백질 쉐이크] 26.06_단백질쉐이크출시_ASC_전환_video,[26.06]F_V_SK곡_전환_단백질쉐이크출시_신규BP_안다르.건강자극_var4.릴스_라라출시.X_2P_이유빈_260626_제과_이봄1,11,0,294.0,0
2026-07-09,(마스터ASC)[제과_콘스프맛 팝콘] 26.07_콘스프맛팝콘출시_ASC_전환_image (NEW),(마스터ASC)[콘스프맛 팝콘] 26.07_콘스프맛팝콘출시_ASC_전환_image (NEW),[26.07]F_I_PC혼_전환_팝콘할인페스타_혜택강조형_다이어트_.배너_선착순300명한정.더블로드려요.초록색.확장__김소희_260702_제과_문다현,282,6,6893.0,1
2026-07-09,(마스터ASC)[제과_콘스프맛 팝콘] 26.05_콘스프맛팝콘출시_ASC_전환_video,(마스터ASC)[콘스프맛 팝콘] 26.05_콘스프맛팝콘출시_ASC_전환_video,[26.07]F_V_PC콘_전환_팝콘할인페스타_네고형_지인네고형.다이어트_main.릴스_메인.슬기.X_1P_김소희_260703_제과_문형민,2,0,28.0,0
2026-07-09,(마스터2) [제과_단백질 쉐이크] 26.07_단백질쉐이크출시_ASC_전환_image,(마스터2) [제과_단백질 쉐이크] 26.07_단백질쉐이크출시_ASC_전환_image,[26.07]F_I_SK혼_전환_단백질쉐이크출시_혜택강조형_파우치.개당가강조_.배너_대용량1개살돈으로무제한.외파우치같이.확장__고민지_260708_제과_김수정,295,6,8426.0,0
2026-07-09,[제과_콘스프맛 팝콘] 26.05_콘스프맛팝콘출시_수동_전환_image,속세맛간식공감_콘스프맛팝콘_상시,[26.07]F_I_PC혼_전환_상시_매거진형_다이어트_.배너_야식콘텐츠페인포인트.넷플릭스과자.죄책감.걱정없는야식.검증__김소희_260708_제과_문다현,358,8,6230.0,1
2026-07-09,(마스터2) [제과_단백질 쉐이크] 26.07_단백질쉐이크출시_ASC_전환_image,(마스터2) [제과_단백질 쉐이크] 26.07_단백질쉐이크출시_ASC_전환_image,[26.07]F_I_SK혼_전환_단백질쉐이크출시_매거진형_파우치.개당가강조_.배너_맛없페인포인트.비린맛단쉐.찐한생초코.역대최저가.검증__이유빈_260709_제과_문다현,5,0,108.0,0
2026-07-09,(마스터2) [제과_단백질 쉐이크] 26.07_단백질쉐이크출시_ASC_전환_image,(마스터2) [제과_단백질 쉐이크] 26.07_단백질쉐이크출시_ASC_전환_image,[26.07]F_I_SK혼_전환_단백질쉐이크출시_혜택강조형_라라권위_.배너_저당맛집라라스윗다운.팝콘증정.확장__이유빈_260709_제과_문다현,14,0,246.0,0
2026-07-10,[제과_콘스프맛 팝콘] 26.05_콘스프맛팝콘출시_수동_전환_video,전화네고형_팝콘더블특가_콘스프맛 (~7/1),[26.06]F_V_PC콘_전환_팝콘더블특가_네고형_전화네고형.다이어트_main.릴스_메인.슬기.X_1P_최나영_260625_제과_피재은,32321,773,527614.0,101
2026-07-10,(마스터ASC)[제과_콘스프맛 팝콘] 26.05_콘스프맛팝콘출시_ASC_전환_video,(마스터ASC)[콘스프맛 팝콘] 26.05_콘스프맛팝콘출시_ASC_전환_video,[26.07]F_V_PC콘_전환_팝콘할인페스타_네고형_지인네고형.다이어트_main.릴스_메인.슬기.X_1P_김소희_260703_제과_문형민,565,18,11848.0,3
2026-07-10,(마스터2) [제과_단백질 쉐이크] 26.07_단백질쉐이크출시_ASC_전환_image,(마스터2) [제과_단백질 쉐이크] 26.07_단백질쉐이크출시_ASC_전환_image,[26.07]F_I_SK혼_전환_단백질쉐이크출시_매거진형_파우치.개당가강조_.배너_맛없페인포인트.비린맛단쉐.찐한생초코.역대최저가.검증__이유빈_260709_제과_문다현,451,12,11592.0,0
2026-07-10,(마스터2) [제과_단백질 쉐이크] 26.07_단백질쉐이크출시_ASC_전환_image,(마스터2) [제과_단백질 쉐이크] 26.07_단백질쉐이크출시_ASC_전환_image,[26.07]F_I_SK혼_전환_단백질쉐이크출시_혜택강조형_라라권위_.배너_저당맛집라라스윗다운.팝콘증정.확장__이유빈_260709_제과_문다현,117,2,2551.0,1
2026-07-10,[제과_콘스프맛 팝콘] 26.05_콘스프맛팝콘출시_수동_전환_image,속세맛간식공감_콘스프맛팝콘_상시,[26.07]F_I_PC혼_전환_콘스프맛팝콘출시_혜택강조형__.릴스_먼저사신분들.죄송.개당1천원대.확장__김소희_260710_제과_김수정,1035,23,16904.0,4
2026-07-10,[제과_단백질 쉐이크] 26.06_단백질쉐이크출시_ASC_전환_video,[제과_단백질 쉐이크] 26.06_단백질쉐이크출시_ASC_전환_video,[26.07]F_V_SK혼_전환_단백질쉐이크출시_신규BP_고객검증형.파우치.개당가강조_main.릴스_통단쉐귀찮음.X_2P_이유빈_260710_제과_이미진,104,5,1553.0,0
2026-07-10,[제과_단쉐_990] 26.07_깜짝990딜_수동_전환_image,990딜_0710,[26.07]F_I_SK혼_전환_단쉐990원_혜택강조형__.배너_몇개를더담든개당가.다이소보다싸요.핑크.확장__이유빈_260710_제과_문다현,69,5,1957.0,0
2026-07-11,[제과_콘스프맛 팝콘] 26.05_콘스프맛팝콘출시_수동_전환_video,전화네고형_팝콘더블특가_콘스프맛 (~7/1),[26.06]F_V_PC콘_전환_팝콘더블특가_네고형_전화네고형.다이어트_main.릴스_메인.슬기.X_1P_최나영_260625_제과_피재은,15942,388,284283.0,55
2026-07-11,(마스터ASC)[제과_콘스프맛 팝콘] 26.05_콘스프맛팝콘출시_ASC_전환_video,(마스터ASC)[콘스프맛 팝콘] 26.05_콘스프맛팝콘출시_ASC_전환_video,[26.07]F_V_PC콘_전환_팝콘할인페스타_네고형_지인네고형.다이어트_main.릴스_메인.슬기.X_1P_김소희_260703_제과_문형민,1,0,26.0,0
2026-07-11,(마스터2) [제과_단백질 쉐이크] 26.07_단백질쉐이크출시_ASC_전환_image,(마스터2) [제과_단백질 쉐이크] 26.07_단백질쉐이크출시_ASC_전환_image,[26.07]F_I_SK혼_전환_단백질쉐이크출시_혜택강조형_라라권위_.배너_저당맛집라라스윗다운.팝콘증정.확장__이유빈_260709_제과_문다현,10,0,303.0,0
2026-07-11,(마스터ASC)[제과_콘스프맛 팝콘] 26.07_콘스프맛팝콘출시_ASC_전환_image (NEW),(마스터ASC)[콘스프맛 팝콘] 26.07_콘스프맛팝콘출시_ASC_전환_image (NEW),[26.07]F_I_PC혼_전환_콘스프맛팝콘출시_혜택강조형__.배너_초특가10개입.12900.마감전까지만.확장__김소희_260710_제과_문다현,109,4,2266.0,0
2026-07-11,[제과_콘스프맛 팝콘] 26.05_콘스프맛팝콘출시_수동_전환_image,속세맛간식공감_콘스프맛팝콘_상시,[26.07]F_I_PC혼_전환_콘스프맛팝콘출시_혜택강조형__.릴스_먼저사신분들.죄송.개당1천원대.확장__김소희_260710_제과_김수정,693,19,12931.0,0
2026-07-11,[제과_단백질 쉐이크] 26.06_단백질쉐이크출시_ASC_전환_video,[제과_단백질 쉐이크] 26.06_단백질쉐이크출시_ASC_전환_video,[26.07]F_V_SK혼_전환_단백질쉐이크출시_신규BP_고객검증형.파우치.개당가강조_main.릴스_통단쉐귀찮음.X_2P_이유빈_260710_제과_이미진,223,7,4414.0,0
2026-07-11,[제과_단쉐_990] 26.07_깜짝990딜_수동_전환_image,990딜_0710,[26.07]F_I_SK혼_전환_단쉐990원_혜택강조형__.배너_몇개를더담든개당가.다이소보다싸요.핑크.확장__이유빈_260710_제과_문다현,196,11,4177.0,0
2026-07-11,[제과_단백질 쉐이크] 26.06_단백질쉐이크출시_수동_전환_video,문제공감형_0710,[26.07]F_V_SK혼_전환_단백질쉐이크출시_신규BP_문제공감형.파우치.개당가강조_var4.릴스_노력강조.올리브영.X_2P_이유빈_260710_제과_이봄1,29,0,972.0,0
2026-07-11,[제과_단백질 쉐이크] 26.06_단백질쉐이크출시_ASC_전환_video,[제과_단백질 쉐이크] 26.06_단백질쉐이크출시_ASC_전환_video,[26.07]F_V_SK혼_전환_단백질쉐이크출시_신규BP_문제공감형.파우치.개당가강조_var2.릴스_가격강조.X_2P_이유빈_260710_제과_이봄1,395,10,8521.0,1
2026-07-11,[제과_단백질 쉐이크] 26.06_단백질쉐이크출시_수동_전환_video,문제공감형_0710,[26.07]F_V_SK혼_전환_단백질쉐이크출시_신규BP_문제공감형.파우치.개당가강조_var7.릴스_기간비교강조.X_2P_이유빈_260710_제과_이봄1,102,1,2583.0,0
2026-07-12,[제과_콘스프맛 팝콘] 26.05_콘스프맛팝콘출시_수동_전환_video,전화네고형_팝콘더블특가_콘스프맛 (~7/1),[26.06]F_V_PC콘_전환_팝콘더블특가_네고형_전화네고형.다이어트_main.릴스_메인.슬기.X_1P_최나영_260625_제과_피재은,16836,461,301228.0,76
2026-07-12,(마스터ASC)[제과_콘스프맛 팝콘] 26.05_콘스프맛팝콘출시_ASC_전환_video,(마스터ASC)[콘스프맛 팝콘] 26.05_콘스프맛팝콘출시_ASC_전환_video,[26.07]F_V_PC콘_전환_팝콘할인페스타_네고형_공구네고형.다이어트_main.릴스_메인.슬기.X_1P_김소희_260702_제과_강경연,7,0,51.0,0
2026-07-12,(마스터ASC)[제과_콘스프맛 팝콘] 26.07_콘스프맛팝콘출시_ASC_전환_image (NEW),(마스터ASC)[콘스프맛 팝콘] 26.07_콘스프맛팝콘출시_ASC_전환_image (NEW),[26.07]F_I_PC혼_전환_콘스프맛팝콘출시_혜택강조형__.배너_초특가10개입.12900.마감전까지만.확장__김소희_260710_제과_문다현,1292,32,21516.0,4
2026-07-12,[제과_콘스프맛 팝콘] 26.05_콘스프맛팝콘출시_수동_전환_image,속세맛간식공감_콘스프맛팝콘_상시,[26.07]F_I_PC혼_전환_콘스프맛팝콘출시_혜택강조형__.릴스_먼저사신분들.죄송.개당1천원대.확장__김소희_260710_제과_김수정,707,14,13601.0,2
2026-07-12,[제과_단백질 쉐이크] 26.06_단백질쉐이크출시_ASC_전환_video,[제과_단백질 쉐이크] 26.06_단백질쉐이크출시_ASC_전환_video,[26.07]F_V_SK혼_전환_단백질쉐이크출시_신규BP_고객검증형.파우치.개당가강조_main.릴스_통단쉐귀찮음.X_2P_이유빈_260710_제과_이미진,468,7,8328.0,0
2026-07-12,[제과_단백질 쉐이크] 26.06_단백질쉐이크출시_수동_전환_video,문제공감형_0710,[26.07]F_V_SK혼_전환_단백질쉐이크출시_신규BP_문제공감형.파우치.개당가강조_var4.릴스_노력강조.올리브영.X_2P_이유빈_260710_제과_이봄1,1,0,5.0,0
2026-07-12,[제과_단백질 쉐이크] 26.06_단백질쉐이크출시_수동_전환_video,문제공감형_0710,[26.07]F_V_SK혼_전환_단백질쉐이크출시_신규BP_문제공감형.파우치.개당가강조_var7.릴스_기간비교강조.X_2P_이유빈_260710_제과_이봄1,1,0,7.0,0
2026-07-13,[제과_콘스프맛 팝콘] 26.05_콘스프맛팝콘출시_수동_전환_video,전화네고형_팝콘더블특가_콘스프맛 (~7/1),[26.06]F_V_PC콘_전환_팝콘더블특가_네고형_전화네고형.다이어트_main.릴스_메인.슬기.X_1P_최나영_260625_제과_피재은,2402,81,47609.0,12
2026-07-13,(마스터ASC)[제과_콘스프맛 팝콘] 26.05_콘스프맛팝콘출시_ASC_전환_video,(마스터ASC)[콘스프맛 팝콘] 26.05_콘스프맛팝콘출시_ASC_전환_video,[26.07]F_V_PC콘_전환_팝콘할인페스타_네고형_지인네고형.다이어트_main.릴스_메인.슬기.X_1P_김소희_260703_제과_문형민,10,0,97.0,0
2026-07-13,(마스터2) [제과_단백질 쉐이크] 26.07_단백질쉐이크출시_ASC_전환_image,(마스터2) [제과_단백질 쉐이크] 26.07_단백질쉐이크출시_ASC_전환_image,[26.07]F_I_SK혼_전환_단백질쉐이크출시_혜택강조형_라라권위_.배너_저당맛집라라스윗다운.팝콘증정.확장__이유빈_260709_제과_문다현,13,0,239.0,0
2026-07-13,(마스터ASC)[제과_콘스프맛 팝콘] 26.07_콘스프맛팝콘출시_ASC_전환_image (NEW),(마스터ASC)[콘스프맛 팝콘] 26.07_콘스프맛팝콘출시_ASC_전환_image (NEW),[26.07]F_I_PC혼_전환_콘스프맛팝콘출시_혜택강조형__.배너_초특가10개입.12900.마감전까지만.확장__김소희_260710_제과_문다현,810,19,14380.0,3
2026-07-13,[제과_단백질 쉐이크] 26.06_단백질쉐이크출시_ASC_전환_video,[제과_단백질 쉐이크] 26.06_단백질쉐이크출시_ASC_전환_video,[26.07]F_V_SK혼_전환_단백질쉐이크출시_신규BP_고객검증형.파우치.개당가강조_main.릴스_통단쉐귀찮음.X_2P_이유빈_260710_제과_이미진,171,4,2466.0,0
2026-07-13,[제과_단쉐_990] 26.07_깜짝990딜_수동_전환_image,990딜_0710,[26.07]F_I_SK혼_전환_단쉐990원_혜택강조형__.배너_몇개를더담든개당가.다이소보다싸요.핑크.확장__이유빈_260710_제과_문다현,18,0,329.0,0
2026-07-14,[제과_콘스프맛 팝콘] 26.05_콘스프맛팝콘출시_수동_전환_video,전화네고형_팝콘더블특가_콘스프맛 (~7/1),[26.06]F_V_PC콘_전환_팝콘더블특가_네고형_전화네고형.다이어트_main.릴스_메인.슬기.X_1P_최나영_260625_제과_피재은,34701,707,526433.0,114
2026-07-14,(마스터ASC)[제과_콘스프맛 팝콘] 26.07_콘스프맛팝콘출시_ASC_전환_image (NEW),(마스터ASC)[콘스프맛 팝콘] 26.07_콘스프맛팝콘출시_ASC_전환_image (NEW),[26.07]F_I_PC혼_전환_콘스프맛팝콘출시_혜택강조형__.배너_초특가10개입.12900.마감전까지만.확장__김소희_260710_제과_문다현,3135,62,54098.0,9
2026-07-15,[제과_콘스프맛 팝콘] 26.05_콘스프맛팝콘출시_수동_전환_video,전화네고형_팝콘더블특가_콘스프맛 (~7/1),[26.06]F_V_PC콘_전환_팝콘더블특가_네고형_전화네고형.다이어트_main.릴스_메인.슬기.X_1P_최나영_260625_제과_피재은,4279,77,59398.0,13
2026-07-15,(마스터ASC)[제과_콘스프맛 팝콘] 26.05_콘스프맛팝콘출시_ASC_전환_video,(마스터ASC)[콘스프맛 팝콘] 26.05_콘스프맛팝콘출시_ASC_전환_video,[26.07]F_V_PC콘_전환_팝콘할인페스타_네고형_공구네고형.다이어트_main.릴스_메인.슬기.X_1P_김소희_260702_제과_강경연,14,1,159.0,0
2026-07-15,(마스터ASC)[제과_콘스프맛 팝콘] 26.05_콘스프맛팝콘출시_ASC_전환_video,(마스터ASC)[콘스프맛 팝콘] 26.05_콘스프맛팝콘출시_ASC_전환_video,[26.07]F_V_PC콘_전환_팝콘할인페스타_네고형_지인네고형.다이어트_main.릴스_메인.슬기.X_1P_김소희_260703_제과_문형민,4,0,25.0,0
2026-07-07,(마스터2) [제과_단백질 쉐이크] 26.07_단백질쉐이크출시_ASC_전환_image,(마스터2) [제과_단백질 쉐이크] 26.07_단백질쉐이크출시_ASC_전환_image,[26.07]F_I_SK초_전환_단백질쉐이크출시_혜택강조형_파우치.개당가강조_.배너_불편하지않아도.언제소분설거지.검증__이유빈_260706_제과_김수정,4,0,52.0,0
2026-07-07,(마스터2) [제과_단백질 쉐이크] 26.07_단백질쉐이크출시_ASC_전환_image,(마스터2) [제과_단백질 쉐이크] 26.07_단백질쉐이크출시_ASC_전환_image,[26.07]F_I_SK초_전환_단백질쉐이크출시_혜택강조형_파우치.개당가강조_.배너_대용랑페포.가루쏟은이미지.확장__이유빈_260707_제과_김수정,5,0,73.0,0
2026-07-08,(마스터2) [제과_단백질 쉐이크] 26.07_단백질쉐이크출시_ASC_전환_image,(마스터2) [제과_단백질 쉐이크] 26.07_단백질쉐이크출시_ASC_전환_image,[26.07]F_I_SK초_전환_단백질쉐이크출시_혜택강조형_파우치.개당가강조_.배너_불편하지않아도.언제소분설거지.검증__이유빈_260706_제과_김수정,147,1,2497.0,0
2026-07-08,(마스터2) [제과_단백질 쉐이크] 26.07_단백질쉐이크출시_ASC_전환_image,(마스터2) [제과_단백질 쉐이크] 26.07_단백질쉐이크출시_ASC_전환_image,[26.07]F_I_SK초_전환_단백질쉐이크출시_혜택강조형_파우치.개당가강조_.배너_대용랑페포.가루쏟은이미지.확장__이유빈_260707_제과_김수정,220,7,6098.0,1
2026-07-09,(마스터2) [제과_단백질 쉐이크] 26.07_단백질쉐이크출시_ASC_전환_image,(마스터2) [제과_단백질 쉐이크] 26.07_단백질쉐이크출시_ASC_전환_image,[26.07]F_I_SK초_전환_단백질쉐이크출시_혜택강조형_파우치.개당가강조_.배너_불편하지않아도.언제소분설거지.검증__이유빈_260706_제과_김수정,3,0,94.0,0
2026-07-09,(마스터2) [제과_단백질 쉐이크] 26.07_단백질쉐이크출시_ASC_전환_image,(마스터2) [제과_단백질 쉐이크] 26.07_단백질쉐이크출시_ASC_전환_image,[26.07]F_I_SK초_전환_단백질쉐이크출시_혜택강조형_파우치.개당가강조_.배너_대용랑페포.가루쏟은이미지.확장__이유빈_260707_제과_김수정,140,3,2884.0,0
2026-07-10,[제과_단백질 쉐이크] 26.06_단백질쉐이크출시_수동_전환_image,파우치개당가강조(2)_0709,[26.07]F_I_SK혼_전환_단백질쉐이크출시_매거진형_파우치.개당가강조_.배너_포만감페인포인트.물만넣어도뚝딱.팝콘증정.검증__이유빈_260709_제과_문다현,14,0,226.0,0
2026-07-10,(마스터2) [제과_단백질 쉐이크] 26.07_단백질쉐이크출시_ASC_전환_image,(마스터2) [제과_단백질 쉐이크] 26.07_단백질쉐이크출시_ASC_전환_image,[26.07]F_I_SK혼_전환_단백질쉐이크출시_혜택강조형_파우치.개당가강조_.배너_통쉐이크살돈으로.1천원대단쉐.팝콘.확장__이유빈_260710_제과_문다현,8,0,206.0,0
2026-07-10,[제과_단쉐_990] 26.07_깜짝990딜_수동_전환_image,990딜_0710,[26.07]F_I_SK혼_전환_단쉐990원_혜택강조형__.배너_다이소쇼핑보다짜릿.990원털기.다시는없습니다.확장__이유빈_260710_제과_문다현,191,10,3951.0,0
2026-07-10,[제과_단쉐_990] 26.07_깜짝990딜_ASC_전환_image,[제과_단쉐_990] 26.07_깜짝990딜_ASC_전환_image,[26.07]F_I_SK혼_전환_단쉐990원_혜택강조형__.배너_다이소쇼핑보다짜릿.990원털기.다시는없습니다.확장__이유빈_260710_제과_문다현,182,13,3633.0,2
2026-07-10,[제과_단쉐_990] 26.07_깜짝990딜_수동_전환_image,990딜_0710,[26.07]F_I_SK혼_전환_단쉐990원_혜택강조형__.배너_다이소보다쌈.네고형.토핑국밥.확장__이유빈_260710_제과_문다현,962,54,14067.0,1
2026-07-10,[제과_단쉐_990] 26.07_깜짝990딜_수동_전환_image,990딜_0710,[26.07]F_I_SK혼_전환_단쉐990원_혜택강조형__.배너_다이소보다싼.990원.토핑폭탄.품절전쟁이기.주황.확장__이유빈_260710_제과_문다현,159,5,2903.0,0
2026-07-10,[제과_단쉐_990] 26.07_깜짝990딜_ASC_전환_image,[제과_단쉐_990] 26.07_깜짝990딜_ASC_전환_image,[26.07]F_I_SK혼_전환_단쉐990원_혜택강조형__.배너_다이소보다싼.990원.토핑폭탄.품절전쟁이기.주황.확장__이유빈_260710_제과_문다현,175,4,3916.0,1
2026-07-10,[제과_단쉐_990] 26.07_깜짝990딜_ASC_전환_image,[제과_단쉐_990] 26.07_깜짝990딜_ASC_전환_image,[26.07]F_I_SK혼_전환_단쉐990원_혜택강조형__.배너_다이소보다쌈.네고형.토핑국밥.확장__이유빈_260710_제과_문다현,429,28,6482.0,0
2026-07-10,[제과_단쉐_990] 26.07_깜짝990딜_ASC_전환_image,[제과_단쉐_990] 26.07_깜짝990딜_ASC_전환_image,[26.07]F_I_SK혼_전환_단쉐990원_혜택강조형__.배너_몇개를더담든개당가.다이소보다싸요.핑크.확장__이유빈_260710_제과_문다현,83,3,2294.0,0
2026-07-10,[제과_단쉐_990] 26.07_깜짝990딜_수동_전환_image,990딜_0710,[26.07]F_I_SK혼_전환_단쉐990원_혜택강조형__.배너_지금쟁여두세요.다이소보다싼.무제한990원.확장__이유빈_260710_제과_문다현,79,7,1546.0,0
2026-07-10,[제과_단쉐_990] 26.07_깜짝990딜_ASC_전환_image,[제과_단쉐_990] 26.07_깜짝990딜_ASC_전환_image,[26.07]F_I_SK혼_전환_단쉐990원_혜택강조형__.배너_지금쟁여두세요.다이소보다싼.무제한990원.확장__이유빈_260710_제과_문다현,133,5,3251.0,0
2026-07-10,[제과_단쉐_990] 26.07_깜짝990딜_ASC_전환_image,[제과_단쉐_990] 26.07_깜짝990딜_ASC_전환_image,[26.07]F_I_SK혼_전환_단쉐990원_혜택강조형__.배너_토핑와르르.개당990원찬스.한정수량.검정색에빨강.확장__이유빈_260710_제과_문다현,86,7,1686.0,0
2026-07-10,[제과_단쉐_990] 26.07_깜짝990딜_수동_전환_image,990딜_0710,[26.07]F_I_SK혼_전환_단쉐990원_혜택강조형__.배너_토핑와르르.개당990원찬스.한정수량.검정색에빨강.확장__이유빈_260710_제과_문다현,71,1,1246.0,0
2026-07-10,[제과_단쉐_990] 26.07_깜짝990딜_ASC_전환_image,[제과_단쉐_990] 26.07_깜짝990딜_ASC_전환_image,[26.07]F_I_SK혼_전환_단쉐990원_혜택강조형__.배너_고퀄인데다이소보다싼.얼마나담든.개당990원딜.확장__이유빈_260710_제과_문다현,177,5,3858.0,0
2026-07-10,[제과_단쉐_990] 26.07_깜짝990딜_수동_전환_image,990딜_0710,[26.07]F_I_SK혼_전환_단쉐990원_혜택강조형__.배너_고퀄인데다이소보다싼.얼마나담든.개당990원딜.확장__이유빈_260710_제과_문다현,1205,62,21693.0,1
2026-07-10,[제과_단쉐_990] 26.07_깜짝990딜_수동_전환_video,쩜오건_0710,[26.07]F_V_SK혼_전환_단쉐990원_원데이건_캡컷_var1.릴스_다이소제품.X_2P_이유빈_260710_제과_이미진,1049,75,13198.0,1
2026-07-10,[제과_단쉐_990] 26.07_깜짝990딜_ASC_전환_video,[제과_단쉐_990] 26.07_깜짝990딜_ASC_전환_video,[26.07]F_V_SK혼_전환_단쉐990원_원데이건_캡컷_var1.릴스_다이소제품.X_2P_이유빈_260710_제과_이미진,1517,113,19787.0,0
2026-07-10,[제과_단쉐_990] 26.07_깜짝990딜_수동_전환_video,쩜오건_0710,[26.07]F_V_SK혼_전환_단쉐990원_원데이건_캡컷_main.릴스_계속담아도.X_2P_이유빈_260710_제과_이미진,319,29,4152.0,1
2026-07-10,[제과_단쉐_990] 26.07_깜짝990딜_ASC_전환_video,[제과_단쉐_990] 26.07_깜짝990딜_ASC_전환_video,[26.07]F_V_SK혼_전환_단쉐990원_원데이건_캡컷_var2.릴스_다이소사람.X_2P_이유빈_260710_제과_이미진,80,4,1253.0,0
2026-07-10,[제과_단쉐_990] 26.07_깜짝990딜_수동_전환_video,쩜오건_0710,[26.07]F_V_SK혼_전환_단쉐990원_원데이건_캡컷_var2.릴스_다이소사람.X_2P_이유빈_260710_제과_이미진,31,1,457.0,0
2026-07-10,[제과_단쉐_990] 26.07_깜짝990딜_ASC_전환_video,[제과_단쉐_990] 26.07_깜짝990딜_ASC_전환_video,[26.07]F_V_SK혼_전환_단쉐990원_원데이건_캡컷_main.릴스_계속담아도.X_2P_이유빈_260710_제과_이미진,18,0,379.0,0
2026-07-10,[제과_단쉐_990] 26.07_깜짝990딜_수동_전환_video,쩜오건_0710,[26.07]F_V_SK혼_전환_단쉐990원_원데이건_캡컷_var2.릴스_대용량비교.X_2P_이유빈_260710_제과_이미진,2796,203,33865.0,3
2026-07-11,[제과_단백질 쉐이크] 26.06_단백질쉐이크출시_수동_전환_image,파우치개당가강조(2)_0709,[26.07]F_I_SK혼_전환_단백질쉐이크출시_매거진형_파우치.개당가강조_.배너_포만감페인포인트.물만넣어도뚝딱.팝콘증정.검증__이유빈_260709_제과_문다현,39,1,1059.0,0
2026-07-11,[제과_단백질 쉐이크] 26.06_단백질쉐이크출시_수동_전환_image,파우치개당가강조(2)_0709,[26.07]F_I_SK혼_전환_단백질쉐이크출시_혜택강조형_파우치.개당가강조_.배너_대용량보다싼파우치단쉐.개당1천원대.팝콘.확장__이유빈_260710_제과_문다현,583,9,14931.0,4
2026-07-11,(마스터2) [제과_단백질 쉐이크] 26.07_단백질쉐이크출시_ASC_전환_image,(마스터2) [제과_단백질 쉐이크] 26.07_단백질쉐이크출시_ASC_전환_image,[26.07]F_I_SK혼_전환_단백질쉐이크출시_혜택강조형_파우치.개당가강조_.배너_대용량보다싼파우치단쉐.개당1천원대.팝콘.확장__이유빈_260710_제과_문다현,172,3,5682.0,0
2026-07-11,(마스터2) [제과_단백질 쉐이크] 26.07_단백질쉐이크출시_ASC_전환_image,(마스터2) [제과_단백질 쉐이크] 26.07_단백질쉐이크출시_ASC_전환_image,[26.07]F_I_SK혼_전환_단백질쉐이크출시_혜택강조형_파우치.개당가강조_.배너_지금쟁여두세요.개당1천원대.팝콘.확장__이유빈_260710_제과_문다현,345,9,10242.0,1
2026-07-11,[제과_단백질 쉐이크] 26.06_단백질쉐이크출시_수동_전환_image,파우치개당가강조(2)_0709,[26.07]F_I_SK혼_전환_단백질쉐이크출시_혜택강조형_파우치.개당가강조_.배너_지금쟁여두세요.개당1천원대.팝콘.확장__이유빈_260710_제과_문다현,909,23,19563.0,0
2026-07-11,(마스터2) [제과_단백질 쉐이크] 26.07_단백질쉐이크출시_ASC_전환_image,(마스터2) [제과_단백질 쉐이크] 26.07_단백질쉐이크출시_ASC_전환_image,[26.07]F_I_SK혼_전환_단백질쉐이크출시_혜택강조형_파우치.개당가강조_.배너_코코볼한가득인데개당1천원대.핑크.팝콘.확장__이유빈_260710_제과_문다현,103,3,2958.0,0
2026-07-11,(마스터2) [제과_단백질 쉐이크] 26.07_단백질쉐이크출시_ASC_전환_image,(마스터2) [제과_단백질 쉐이크] 26.07_단백질쉐이크출시_ASC_전환_image,[26.07]F_I_SK혼_전환_단백질쉐이크출시_혜택강조형_파우치.개당가강조_.배너_통쉐이크살돈으로.1천원대단쉐.팝콘.확장__이유빈_260710_제과_문다현,35,0,1353.0,0
2026-07-11,[제과_단백질 쉐이크] 26.06_단백질쉐이크출시_수동_전환_image,파우치개당가강조(2)_0709,[26.07]F_I_SK혼_전환_단백질쉐이크출시_혜택강조형_파우치.개당가강조_.배너_통쉐이크살돈으로.1천원대단쉐.팝콘.확장__이유빈_260710_제과_문다현,226,11,9553.0,0
2026-07-11,[제과_단쉐_990] 26.07_깜짝990딜_수동_전환_image,990딜_0710,[26.07]F_I_SK혼_전환_단쉐990원_혜택강조형__.배너_다이소쇼핑보다짜릿.990원털기.다시는없습니다.확장__이유빈_260710_제과_문다현,404,19,7559.0,1
2026-07-11,[제과_단쉐_990] 26.07_깜짝990딜_ASC_전환_image,[제과_단쉐_990] 26.07_깜짝990딜_ASC_전환_image,[26.07]F_I_SK혼_전환_단쉐990원_혜택강조형__.배너_다이소쇼핑보다짜릿.990원털기.다시는없습니다.확장__이유빈_260710_제과_문다현,2919,94,42725.0,4
2026-07-11,[제과_단쉐_990] 26.07_깜짝990딜_수동_전환_image,990딜_0710,[26.07]F_I_SK혼_전환_단쉐990원_혜택강조형__.배너_다이소보다쌈.네고형.토핑국밥.확장__이유빈_260710_제과_문다현,3201,123,39011.0,5
2026-07-11,[제과_단쉐_990] 26.07_깜짝990딜_수동_전환_image,990딜_0710,[26.07]F_I_SK혼_전환_단쉐990원_혜택강조형__.배너_다이소보다싼.990원.토핑폭탄.품절전쟁이기.주황.확장__이유빈_260710_제과_문다현,293,7,6399.0,0
2026-07-11,[제과_단쉐_990] 26.07_깜짝990딜_ASC_전환_image,[제과_단쉐_990] 26.07_깜짝990딜_ASC_전환_image,[26.07]F_I_SK혼_전환_단쉐990원_혜택강조형__.배너_다이소보다싼.990원.토핑폭탄.품절전쟁이기.주황.확장__이유빈_260710_제과_문다현,1164,48,23062.0,3
2026-07-11,[제과_단쉐_990] 26.07_깜짝990딜_ASC_전환_image,[제과_단쉐_990] 26.07_깜짝990딜_ASC_전환_image,[26.07]F_I_SK혼_전환_단쉐990원_혜택강조형__.배너_다이소보다쌈.네고형.토핑국밥.확장__이유빈_260710_제과_문다현,7765,512,102557.0,10
2026-07-11,[제과_단쉐_990] 26.07_깜짝990딜_ASC_전환_image,[제과_단쉐_990] 26.07_깜짝990딜_ASC_전환_image,[26.07]F_I_SK혼_전환_단쉐990원_혜택강조형__.배너_몇개를더담든개당가.다이소보다싸요.핑크.확장__이유빈_260710_제과_문다현,239,15,5912.0,0
2026-07-11,[제과_단쉐_990] 26.07_깜짝990딜_수동_전환_image,990딜_0710,[26.07]F_I_SK혼_전환_단쉐990원_혜택강조형__.배너_지금쟁여두세요.다이소보다싼.무제한990원.확장__이유빈_260710_제과_문다현,404,32,8307.0,0
2026-07-11,[제과_단쉐_990] 26.07_깜짝990딜_ASC_전환_image,[제과_단쉐_990] 26.07_깜짝990딜_ASC_전환_image,[26.07]F_I_SK혼_전환_단쉐990원_혜택강조형__.배너_지금쟁여두세요.다이소보다싼.무제한990원.확장__이유빈_260710_제과_문다현,3302,174,53693.0,4
2026-07-11,[제과_단쉐_990] 26.07_깜짝990딜_ASC_전환_image,[제과_단쉐_990] 26.07_깜짝990딜_ASC_전환_image,[26.07]F_I_SK혼_전환_단쉐990원_혜택강조형__.배너_토핑와르르.개당990원찬스.한정수량.검정색에빨강.확장__이유빈_260710_제과_문다현,1004,31,12673.0,0
2026-07-11,[제과_단쉐_990] 26.07_깜짝990딜_수동_전환_image,990딜_0710,[26.07]F_I_SK혼_전환_단쉐990원_혜택강조형__.배너_토핑와르르.개당990원찬스.한정수량.검정색에빨강.확장__이유빈_260710_제과_문다현,2745,128,36893.0,3
2026-07-11,[제과_단쉐_990] 26.07_깜짝990딜_ASC_전환_image,[제과_단쉐_990] 26.07_깜짝990딜_ASC_전환_image,[26.07]F_I_SK혼_전환_단쉐990원_혜택강조형__.배너_고퀄인데다이소보다싼.얼마나담든.개당990원딜.확장__이유빈_260710_제과_문다현,2717,98,44213.0,6
2026-07-11,[제과_단쉐_990] 26.07_깜짝990딜_수동_전환_image,990딜_0710,[26.07]F_I_SK혼_전환_단쉐990원_혜택강조형__.배너_고퀄인데다이소보다싼.얼마나담든.개당990원딜.확장__이유빈_260710_제과_문다현,173,6,2795.0,0
2026-07-11,[제과_단쉐_990] 26.07_깜짝990딜_수동_전환_video,쩜오건_0710,[26.07]F_V_SK혼_전환_단쉐990원_원데이건_캡컷_var1.릴스_다이소제품.X_2P_이유빈_260710_제과_이미진,211,19,2375.0,0
2026-07-11,[제과_단쉐_990] 26.07_깜짝990딜_ASC_전환_video,[제과_단쉐_990] 26.07_깜짝990딜_ASC_전환_video,[26.07]F_V_SK혼_전환_단쉐990원_원데이건_캡컷_var1.릴스_다이소제품.X_2P_이유빈_260710_제과_이미진,224,14,2552.0,2
2026-07-11,[제과_단쉐_990] 26.07_깜짝990딜_수동_전환_video,쩜오건_0710,[26.07]F_V_SK혼_전환_단쉐990원_원데이건_캡컷_main.릴스_계속담아도.X_2P_이유빈_260710_제과_이미진,4578,234,44898.0,4
2026-07-11,[제과_단쉐_990] 26.07_깜짝990딜_ASC_전환_video,[제과_단쉐_990] 26.07_깜짝990딜_ASC_전환_video,[26.07]F_V_SK혼_전환_단쉐990원_원데이건_캡컷_var2.릴스_다이소사람.X_2P_이유빈_260710_제과_이미진,895,33,9187.0,0
2026-07-11,[제과_단쉐_990] 26.07_깜짝990딜_수동_전환_video,쩜오건_0710,[26.07]F_V_SK혼_전환_단쉐990원_원데이건_캡컷_var2.릴스_다이소사람.X_2P_이유빈_260710_제과_이미진,476,13,4311.0,0
2026-07-11,[제과_단쉐_990] 26.07_깜짝990딜_ASC_전환_video,[제과_단쉐_990] 26.07_깜짝990딜_ASC_전환_video,[26.07]F_V_SK혼_전환_단쉐990원_원데이건_캡컷_main.릴스_계속담아도.X_2P_이유빈_260710_제과_이미진,99,8,1203.0,0
2026-07-11,[제과_단쉐_990] 26.07_깜짝990딜_수동_전환_video,쩜오건_0710,[26.07]F_V_SK혼_전환_단쉐990원_원데이건_캡컷_var2.릴스_대용량비교.X_2P_이유빈_260710_제과_이미진,828,44,8411.0,0
2026-07-11,[제과_단백질 쉐이크] 26.06_단백질쉐이크출시_수동_전환_video,문제공감형_0710,[26.07]F_V_SK혼_전환_단백질쉐이크출시_신규BP_문제공감형.파우치.개당가강조_var6.릴스_소분비교강조.X_2P_이유빈_260710_제과_이봄1,61,4,1663.0,1
2026-07-11,[제과_단백질 쉐이크] 26.06_단백질쉐이크출시_수동_전환_video,문제공감형_0710,[26.07]F_V_SK혼_전환_단백질쉐이크출시_신규BP_문제공감형.파우치.개당가강조_main.릴스_본론.X_2P_이유빈_260710_제과_이봄1,20899,603,309706.0,47
2026-07-11,[제과_단백질 쉐이크] 26.06_단백질쉐이크출시_수동_전환_video,문제공감형_0710,[26.07]F_V_SK혼_전환_단백질쉐이크출시_신규BP_문제공감형.파우치.개당가강조_var2.릴스_가격강조.X_2P_이유빈_260710_제과_이봄1,625,28,15073.0,0
2026-07-11,[제과_단백질 쉐이크] 26.06_단백질쉐이크출시_ASC_전환_video,[제과_단백질 쉐이크] 26.06_단백질쉐이크출시_ASC_전환_video,[26.07]F_V_SK혼_전환_단백질쉐이크출시_신규BP_문제공감형.파우치.개당가강조_main.릴스_본론.X_2P_이유빈_260710_제과_이봄1,927,29,16876.0,1
2026-07-11,[제과_단백질 쉐이크] 26.06_단백질쉐이크출시_ASC_전환_video,[제과_단백질 쉐이크] 26.06_단백질쉐이크출시_ASC_전환_video,[26.07]F_V_SK혼_전환_단백질쉐이크출시_신규BP_문제공감형.파우치.개당가강조_var1.릴스_토핑강조.X_2P_이유빈_260710_제과_이봄1,13,2,494.0,0
2026-07-11,[제과_단백질 쉐이크] 26.06_단백질쉐이크출시_ASC_전환_video,[제과_단백질 쉐이크] 26.06_단백질쉐이크출시_ASC_전환_video,[26.07]F_V_SK혼_전환_단백질쉐이크출시_신규BP_문제공감형.파우치.개당가강조_var5.릴스_노력강조.셋다.X_2P_이유빈_260710_제과_이봄1,127,2,2781.0,0
2026-07-11,[제과_단백질 쉐이크] 26.06_단백질쉐이크출시_ASC_전환_video,[제과_단백질 쉐이크] 26.06_단백질쉐이크출시_ASC_전환_video,[26.07]F_V_SK혼_전환_단백질쉐이크출시_신규BP_문제공감형.파우치.개당가강조_var3.릴스_노력강조.네고왕.X_2P_이유빈_260710_제과_이봄1,6,0,95.0,0
2026-07-11,[제과_단백질 쉐이크] 26.06_단백질쉐이크출시_ASC_전환_video,[제과_단백질 쉐이크] 26.06_단백질쉐이크출시_ASC_전환_video,[26.07]F_V_SK혼_전환_단백질쉐이크출시_신규BP_문제공감형.파우치.개당가강조_var6.릴스_소분비교강조.X_2P_이유빈_260710_제과_이봄1,11,0,148.0,0
2026-07-11,[제과_단백질 쉐이크] 26.06_단백질쉐이크출시_수동_전환_video,문제공감형_0710,[26.07]F_V_SK혼_전환_단백질쉐이크출시_신규BP_문제공감형.파우치.개당가강조_var3.릴스_노력강조.네고왕.X_2P_이유빈_260710_제과_이봄1,108,0,2230.0,0
2026-07-11,[제과_단백질 쉐이크] 26.06_단백질쉐이크출시_ASC_전환_video,[제과_단백질 쉐이크] 26.06_단백질쉐이크출시_ASC_전환_video,[26.07]F_V_SK혼_전환_단백질쉐이크출시_신규BP_문제공감형.파우치.개당가강조_var7.릴스_기간비교강조.X_2P_이유빈_260710_제과_이봄1,35,1,493.0,0
2026-07-12,[제과_단백질 쉐이크] 26.06_단백질쉐이크출시_수동_전환_image,파우치개당가강조(2)_0709,[26.07]F_I_SK혼_전환_단백질쉐이크출시_매거진형_파우치.개당가강조_.배너_포만감페인포인트.물만넣어도뚝딱.팝콘증정.검증__이유빈_260709_제과_문다현,606,11,11177.0,1
2026-07-12,[제과_단백질 쉐이크] 26.06_단백질쉐이크출시_수동_전환_image,파우치개당가강조(2)_0709,[26.07]F_I_SK혼_전환_단백질쉐이크출시_혜택강조형_파우치.개당가강조_.배너_대용량보다싼파우치단쉐.개당1천원대.팝콘.확장__이유빈_260710_제과_문다현,1047,39,26727.0,4
2026-07-12,(마스터2) [제과_단백질 쉐이크] 26.07_단백질쉐이크출시_ASC_전환_image,(마스터2) [제과_단백질 쉐이크] 26.07_단백질쉐이크출시_ASC_전환_image,[26.07]F_I_SK혼_전환_단백질쉐이크출시_혜택강조형_파우치.개당가강조_.배너_대용량보다싼파우치단쉐.개당1천원대.팝콘.확장__이유빈_260710_제과_문다현,222,10,7244.0,0
2026-07-12,(마스터2) [제과_단백질 쉐이크] 26.07_단백질쉐이크출시_ASC_전환_image,(마스터2) [제과_단백질 쉐이크] 26.07_단백질쉐이크출시_ASC_전환_image,[26.07]F_I_SK혼_전환_단백질쉐이크출시_혜택강조형_파우치.개당가강조_.배너_코코볼한가득인데개당1천원대.핑크.팝콘.확장__이유빈_260710_제과_문다현,212,12,5897.0,0
2026-07-12,(마스터2) [제과_단백질 쉐이크] 26.07_단백질쉐이크출시_ASC_전환_image,(마스터2) [제과_단백질 쉐이크] 26.07_단백질쉐이크출시_ASC_전환_image,[26.07]F_I_SK혼_전환_단백질쉐이크출시_혜택강조형_파우치.개당가강조_.배너_통쉐이크살돈으로.1천원대단쉐.팝콘.확장__이유빈_260710_제과_문다현,102,2,2854.0,0
2026-07-12,[제과_단쉐_990] 26.07_깜짝990딜_ASC_전환_image,[제과_단쉐_990] 26.07_깜짝990딜_ASC_전환_image,[26.07]F_I_SK혼_전환_단쉐990원_혜택강조형__.배너_다이소보다싼.990원.토핑폭탄.품절전쟁이기.주황.확장__이유빈_260710_제과_문다현,630,22,11036.0,1
2026-07-12,[제과_단쉐_990] 26.07_깜짝990딜_ASC_전환_image,[제과_단쉐_990] 26.07_깜짝990딜_ASC_전환_image,[26.07]F_I_SK혼_전환_단쉐990원_혜택강조형__.배너_몇개를더담든개당가.다이소보다싸요.핑크.확장__이유빈_260710_제과_문다현,820,32,21696.0,5
2026-07-12,[제과_단쉐_990] 26.07_깜짝990딜_ASC_전환_image,[제과_단쉐_990] 26.07_깜짝990딜_ASC_전환_image,[26.07]F_I_SK혼_전환_단쉐990원_혜택강조형__.배너_토핑와르르.개당990원찬스.한정수량.검정색에빨강.확장__이유빈_260710_제과_문다현,12044,336,144036.0,15
2026-07-12,[제과_단쉐_990] 26.07_깜짝990딜_ASC_전환_image,[제과_단쉐_990] 26.07_깜짝990딜_ASC_전환_image,[26.07]F_I_SK혼_전환_단쉐990원_혜택강조형__.배너_고퀄인데다이소보다싼.얼마나담든.개당990원딜.확장__이유빈_260710_제과_문다현,4888,163,85240.0,6
2026-07-12,[제과_단쉐_990] 26.07_깜짝990딜_ASC_전환_video,[제과_단쉐_990] 26.07_깜짝990딜_ASC_전환_video,[26.07]F_V_SK혼_전환_단쉐990원_원데이건_캡컷_main.릴스_계속담아도.X_2P_이유빈_260710_제과_이미진,8429,366,92284.0,12
2026-07-12,[제과_단백질 쉐이크] 26.06_단백질쉐이크출시_수동_전환_video,문제공감형_0710,[26.07]F_V_SK혼_전환_단백질쉐이크출시_신규BP_문제공감형.파우치.개당가강조_var6.릴스_소분비교강조.X_2P_이유빈_260710_제과_이봄1,10,0,183.0,0
2026-07-12,[제과_단백질 쉐이크] 26.06_단백질쉐이크출시_수동_전환_video,문제공감형_0710,[26.07]F_V_SK혼_전환_단백질쉐이크출시_신규BP_문제공감형.파우치.개당가강조_main.릴스_본론.X_2P_이유빈_260710_제과_이봄1,13958,392,146365.0,14
2026-07-12,[제과_단백질 쉐이크] 26.06_단백질쉐이크출시_ASC_전환_video,[제과_단백질 쉐이크] 26.06_단백질쉐이크출시_ASC_전환_video,[26.07]F_V_SK혼_전환_단백질쉐이크출시_신규BP_문제공감형.파우치.개당가강조_var1.릴스_토핑강조.X_2P_이유빈_260710_제과_이봄1,50,1,1092.0,0
2026-07-12,[제과_단백질 쉐이크] 26.06_단백질쉐이크출시_ASC_전환_video,[제과_단백질 쉐이크] 26.06_단백질쉐이크출시_ASC_전환_video,[26.07]F_V_SK혼_전환_단백질쉐이크출시_신규BP_문제공감형.파우치.개당가강조_var5.릴스_노력강조.셋다.X_2P_이유빈_260710_제과_이봄1,1664,66,30519.0,2
2026-07-12,[제과_단백질 쉐이크] 26.06_단백질쉐이크출시_ASC_전환_video,[제과_단백질 쉐이크] 26.06_단백질쉐이크출시_ASC_전환_video,[26.07]F_V_SK혼_전환_단백질쉐이크출시_신규BP_문제공감형.파우치.개당가강조_var3.릴스_노력강조.네고왕.X_2P_이유빈_260710_제과_이봄1,11,1,229.0,0
2026-07-12,[제과_단백질 쉐이크] 26.06_단백질쉐이크출시_ASC_전환_video,[제과_단백질 쉐이크] 26.06_단백질쉐이크출시_ASC_전환_video,[26.07]F_V_SK혼_전환_단백질쉐이크출시_신규BP_문제공감형.파우치.개당가강조_var6.릴스_소분비교강조.X_2P_이유빈_260710_제과_이봄1,131,8,2870.0,0
2026-07-12,[제과_단백질 쉐이크] 26.06_단백질쉐이크출시_ASC_전환_video,[제과_단백질 쉐이크] 26.06_단백질쉐이크출시_ASC_전환_video,[26.07]F_V_SK혼_전환_단백질쉐이크출시_신규BP_문제공감형.파우치.개당가강조_var7.릴스_기간비교강조.X_2P_이유빈_260710_제과_이봄1,35,1,1087.0,0
2026-07-13,[제과_단백질 쉐이크] 26.06_단백질쉐이크출시_수동_전환_image,파우치개당가강조(2)_0709,[26.07]F_I_SK혼_전환_단백질쉐이크출시_혜택강조형_파우치.개당가강조_.배너_대용량보다싼파우치단쉐.개당1천원대.팝콘.확장__이유빈_260710_제과_문다현,479,11,11766.0,0
2026-07-13,(마스터2) [제과_단백질 쉐이크] 26.07_단백질쉐이크출시_ASC_전환_image,(마스터2) [제과_단백질 쉐이크] 26.07_단백질쉐이크출시_ASC_전환_image,[26.07]F_I_SK혼_전환_단백질쉐이크출시_혜택강조형_파우치.개당가강조_.배너_통쉐이크살돈으로.1천원대단쉐.팝콘.확장__이유빈_260710_제과_문다현,375,17,11499.0,0
2026-07-13,[제과_단쉐_990] 26.07_깜짝990딜_ASC_전환_image,[제과_단쉐_990] 26.07_깜짝990딜_ASC_전환_image,[26.07]F_I_SK혼_전환_단쉐990원_혜택강조형__.배너_다이소쇼핑보다짜릿.990원털기.다시는없습니다.확장__이유빈_260710_제과_문다현,3656,94,68310.0,5
2026-07-13,[제과_단쉐_990] 26.07_깜짝990딜_수동_전환_image,990딜_0710,[26.07]F_I_SK혼_전환_단쉐990원_혜택강조형__.배너_다이소보다쌈.네고형.토핑국밥.확장__이유빈_260710_제과_문다현,9641,419,141991.0,11
2026-07-13,[제과_단쉐_990] 26.07_깜짝990딜_수동_전환_image,990딜_0710,[26.07]F_I_SK혼_전환_단쉐990원_혜택강조형__.배너_다이소보다싼.990원.토핑폭탄.품절전쟁이기.주황.확장__이유빈_260710_제과_문다현,80,6,1444.0,0
2026-07-13,[제과_단쉐_990] 26.07_깜짝990딜_ASC_전환_image,[제과_단쉐_990] 26.07_깜짝990딜_ASC_전환_image,[26.07]F_I_SK혼_전환_단쉐990원_혜택강조형__.배너_다이소보다싼.990원.토핑폭탄.품절전쟁이기.주황.확장__이유빈_260710_제과_문다현,1276,39,29383.0,2
2026-07-13,[제과_단쉐_990] 26.07_깜짝990딜_ASC_전환_image,[제과_단쉐_990] 26.07_깜짝990딜_ASC_전환_image,[26.07]F_I_SK혼_전환_단쉐990원_혜택강조형__.배너_몇개를더담든개당가.다이소보다싸요.핑크.확장__이유빈_260710_제과_문다현,785,22,19293.0,3
2026-07-13,[제과_단쉐_990] 26.07_깜짝990딜_수동_전환_video,쩜오건_0710,[26.07]F_V_SK혼_전환_단쉐990원_원데이건_캡컷_main.릴스_계속담아도.X_2P_이유빈_260710_제과_이미진,2077,87,21187.0,8
2026-07-13,[제과_단쉐_990] 26.07_깜짝990딜_수동_전환_video,쩜오건_0710,[26.07]F_V_SK혼_전환_단쉐990원_원데이건_캡컷_var2.릴스_다이소사람.X_2P_이유빈_260710_제과_이미진,222,5,1921.0,0
2026-07-13,[제과_단쉐_990] 26.07_깜짝990딜_ASC_전환_video,[제과_단쉐_990] 26.07_깜짝990딜_ASC_전환_video,[26.07]F_V_SK혼_전환_단쉐990원_원데이건_캡컷_main.릴스_계속담아도.X_2P_이유빈_260710_제과_이미진,3676,134,37347.0,3
2026-07-13,[제과_단백질 쉐이크] 26.06_단백질쉐이크출시_수동_전환_video,문제공감형_0710,[26.07]F_V_SK혼_전환_단백질쉐이크출시_신규BP_문제공감형.파우치.개당가강조_main.릴스_본론.X_2P_이유빈_260710_제과_이봄1,2357,51,25454.0,4
2026-07-13,[제과_단백질 쉐이크] 26.06_단백질쉐이크출시_ASC_전환_video,[제과_단백질 쉐이크] 26.06_단백질쉐이크출시_ASC_전환_video,[26.07]F_V_SK혼_전환_단백질쉐이크출시_신규BP_문제공감형.파우치.개당가강조_var1.릴스_토핑강조.X_2P_이유빈_260710_제과_이봄1,2,0,25.0,0
2026-07-13,[제과_단백질 쉐이크] 26.06_단백질쉐이크출시_ASC_전환_video,[제과_단백질 쉐이크] 26.06_단백질쉐이크출시_ASC_전환_video,[26.07]F_V_SK혼_전환_단백질쉐이크출시_신규BP_문제공감형.파우치.개당가강조_var6.릴스_소분비교강조.X_2P_이유빈_260710_제과_이봄1,234,14,5466.0,0
2026-07-13,[제과_단백질 쉐이크] 26.06_단백질쉐이크출시_ASC_전환_video,[제과_단백질 쉐이크] 26.06_단백질쉐이크출시_ASC_전환_video,[26.07]F_V_SK혼_전환_단백질쉐이크출시_신규BP_문제공감형.파우치.개당가강조_var7.릴스_기간비교강조.X_2P_이유빈_260710_제과_이봄1,3,0,43.0,0
2026-07-14,(마스터2) [제과_단백질 쉐이크] 26.07_단백질쉐이크출시_ASC_전환_image,(마스터2) [제과_단백질 쉐이크] 26.07_단백질쉐이크출시_ASC_전환_image,[26.07]F_I_SK초_전환_단백질쉐이크출시_혜택강조형_파우치.개당가강조_.배너_불편하지않아도.언제소분설거지.검증__이유빈_260706_제과_김수정,5,0,359.0,0
2026-07-14,[제과_단백질 쉐이크] 26.06_단백질쉐이크출시_수동_전환_image,파우치개당가강조(2)_0709,[26.07]F_I_SK혼_전환_단백질쉐이크출시_혜택강조형_파우치.개당가강조_.배너_대용량보다싼파우치단쉐.개당1천원대.팝콘.확장__이유빈_260710_제과_문다현,363,7,9759.0,0
2026-07-14,[제과_단백질 쉐이크] 26.06_단백질쉐이크출시_수동_전환_video,문제공감형_0710,[26.07]F_V_SK혼_전환_단백질쉐이크출시_신규BP_문제공감형.파우치.개당가강조_var6.릴스_소분비교강조.X_2P_이유빈_260710_제과_이봄1,6,0,76.0,0
2026-07-14,[제과_단백질 쉐이크] 26.06_단백질쉐이크출시_수동_전환_video,문제공감형_0710,[26.07]F_V_SK혼_전환_단백질쉐이크출시_신규BP_문제공감형.파우치.개당가강조_main.릴스_본론.X_2P_이유빈_260710_제과_이봄1,3787,123,42960.0,6
2026-07-14,[제과_단백질 쉐이크] 26.06_단백질쉐이크출시_ASC_전환_video,[제과_단백질 쉐이크] 26.06_단백질쉐이크출시_ASC_전환_video,[26.07]F_V_SK혼_전환_단백질쉐이크출시_신규BP_문제공감형.파우치.개당가강조_var1.릴스_토핑강조.X_2P_이유빈_260710_제과_이봄1,35,1,1004.0,0
2026-07-14,[제과_단백질 쉐이크] 26.06_단백질쉐이크출시_ASC_전환_video,[제과_단백질 쉐이크] 26.06_단백질쉐이크출시_ASC_전환_video,[26.07]F_V_SK혼_전환_단백질쉐이크출시_신규BP_문제공감형.파우치.개당가강조_var3.릴스_노력강조.네고왕.X_2P_이유빈_260710_제과_이봄1,1,0,4.0,0
2026-07-14,[제과_단백질 쉐이크] 26.06_단백질쉐이크출시_ASC_전환_video,[제과_단백질 쉐이크] 26.06_단백질쉐이크출시_ASC_전환_video,[26.07]F_V_SK혼_전환_단백질쉐이크출시_신규BP_문제공감형.파우치.개당가강조_var7.릴스_기간비교강조.X_2P_이유빈_260710_제과_이봄1,1,0,5.0,0
2026-07-15,[제과_단백질 쉐이크] 26.06_단백질쉐이크출시_수동_전환_image,파우치개당가강조(2)_0709,[26.07]F_I_SK혼_전환_단백질쉐이크출시_혜택강조형_파우치.개당가강조_.배너_대용량보다싼파우치단쉐.개당1천원대.팝콘.확장__이유빈_260710_제과_문다현,658,5,16555.0,0
2026-07-15,[제과_단백질 쉐이크] 26.06_단백질쉐이크출시_수동_전환_video,문제공감형_0710,[26.07]F_V_SK혼_전환_단백질쉐이크출시_신규BP_문제공감형.파우치.개당가강조_main.릴스_본론.X_2P_이유빈_260710_제과_이봄1,5617,164,55819.0,5
2026-07-01,(마스터ASC)[제과_콘스프맛 팝콘] 26.05_콘스프맛팝콘출시_ASC_전환_video,(마스터ASC)[콘스프맛 팝콘] 26.05_콘스프맛팝콘출시_ASC_전환_video,[26.06]F_V_PC콘_전환_팝콘더블특가_인플루언서형_올리브BP.다이어트_var3.릴스_페르소나.슬기.X_1P_최나영_260625_제과_강경연,1,0,10.0,0
2026-07-01,(미사용) [제과_단백질 쉐이크] 26.06_단백질쉐이크출시_ASC_전환_image,[제과_단백질 쉐이크] 26.06_단백질쉐이크출시_ASC_전환_image,[26.06]F_I_SK초_전환_단백질쉐이크출시_제품강조형_라라권위_.배너_생초코잔뜩넣은쫀득파르페.가격비교O.__이유빈_260701_제과_문다현,32,0,1086.0,0
2026-07-02,(마스터ASC)[제과_콘스프맛 팝콘] 26.05_콘스프맛팝콘출시_ASC_전환_video,(마스터ASC)[콘스프맛 팝콘] 26.05_콘스프맛팝콘출시_ASC_전환_video,[26.06]F_V_PC콘_전환_팝콘더블특가_인플루언서형_올리브BP.다이어트_var3.릴스_페르소나.슬기.X_1P_최나영_260625_제과_강경연,7,0,353.0,0
2026-07-02,(미사용) [제과_단백질 쉐이크] 26.06_단백질쉐이크출시_ASC_전환_image,[제과_단백질 쉐이크] 26.06_단백질쉐이크출시_ASC_전환_image,[26.06]F_I_SK초_전환_단백질쉐이크출시_제품강조형_라라권위_.배너_생초코잔뜩넣은쫀득파르페.가격비교O.__이유빈_260701_제과_문다현,6,0,92.0,0
2026-07-03,(미사용) [제과_단백질 쉐이크] 26.06_단백질쉐이크출시_ASC_전환_image,[제과_단백질 쉐이크] 26.06_단백질쉐이크출시_ASC_전환_image,[26.06]F_I_SK초_전환_단백질쉐이크출시_제품강조형_라라권위_.배너_생초코잔뜩넣은쫀득파르페.가격비교O.__이유빈_260701_제과_문다현,1,0,22.0,0
2026-07-04,(마스터ASC)[제과_콘스프맛 팝콘] 26.07_콘스프맛팝콘출시_ASC_전환_image (NEW),(마스터ASC)[콘스프맛 팝콘] 26.07_콘스프맛팝콘출시_ASC_전환_image (NEW),[26.07]F_I_PC혼_전환_팝콘할인페스타_혜택강조형_다이어트_.배너_선착순300명한정.비밀링크.확장__김소희_260703_제과_문다현,62,0,1699.0,0
2026-07-05,(마스터ASC)[제과_콘스프맛 팝콘] 26.05_콘스프맛팝콘출시_ASC_전환_video,(마스터ASC)[콘스프맛 팝콘] 26.05_콘스프맛팝콘출시_ASC_전환_video,[26.06]F_V_PC콘_전환_팝콘더블특가_인플루언서형_올리브BP.다이어트_var3.릴스_페르소나.슬기.X_1P_최나영_260625_제과_강경연,233,1,5155.0,0
2026-07-05,(마스터ASC)[제과_콘스프맛 팝콘] 26.07_콘스프맛팝콘출시_ASC_전환_image (NEW),(마스터ASC)[콘스프맛 팝콘] 26.07_콘스프맛팝콘출시_ASC_전환_image (NEW),[26.07]F_I_PC혼_전환_팝콘할인페스타_혜택강조형_다이어트_.배너_선착순300명한정.비밀링크.확장__김소희_260703_제과_문다현,22,0,465.0,0
2026-07-06,(마스터ASC)[제과_콘스프맛 팝콘] 26.05_콘스프맛팝콘출시_ASC_전환_video,(마스터ASC)[콘스프맛 팝콘] 26.05_콘스프맛팝콘출시_ASC_전환_video,[26.06]F_V_PC콘_전환_팝콘더블특가_인플루언서형_올리브BP.다이어트_var3.릴스_페르소나.슬기.X_1P_최나영_260625_제과_강경연,106,0,2088.0,0
2026-07-06,(마스터ASC)[제과_콘스프맛 팝콘] 26.07_콘스프맛팝콘출시_ASC_전환_image (NEW),(마스터ASC)[콘스프맛 팝콘] 26.07_콘스프맛팝콘출시_ASC_전환_image (NEW),[26.07]F_I_PC혼_전환_팝콘할인페스타_혜택강조형_다이어트_.배너_선착순300명한정.비밀링크.확장__김소희_260703_제과_문다현,8,0,238.0,0
2026-07-07,(마스터ASC)[제과_콘스프맛 팝콘] 26.05_콘스프맛팝콘출시_ASC_전환_video,(마스터ASC)[콘스프맛 팝콘] 26.05_콘스프맛팝콘출시_ASC_전환_video,[26.06]F_V_PC콘_전환_팝콘더블특가_인플루언서형_올리브BP.다이어트_var3.릴스_페르소나.슬기.X_1P_최나영_260625_제과_강경연,18,0,362.0,0
2026-07-07,(마스터ASC)[제과_콘스프맛 팝콘] 26.07_콘스프맛팝콘출시_ASC_전환_image (NEW),(마스터ASC)[콘스프맛 팝콘] 26.07_콘스프맛팝콘출시_ASC_전환_image (NEW),[26.07]F_I_PC혼_전환_팝콘할인페스타_혜택강조형_다이어트_.배너_선착순300명한정.비밀링크.확장__김소희_260703_제과_문다현,22,1,354.0,0
2026-07-07,(마스터ASC)[제과_콘스프맛 팝콘] 26.07_콘스프맛팝콘출시_ASC_전환_image (NEW),(마스터ASC)[콘스프맛 팝콘] 26.07_콘스프맛팝콘출시_ASC_전환_image (NEW),[26.07]F_I_PC혼_전환_팝콘할인페스타_혜택강조형_다이어트_.배너_긴급공지.올립니다.물량감당.마감전.남은수량까지만.확장__김소희_260707_제과_문다현,32,0,495.0,0
2026-07-08,(미사용) [제과_단백질 쉐이크] 26.06_단백질쉐이크출시_ASC_전환_image,[제과_단백질 쉐이크] 26.06_단백질쉐이크출시_ASC_전환_image,[26.06]F_I_SK초_전환_단백질쉐이크출시_제품강조형_라라권위_.배너_생초코잔뜩넣은쫀득파르페.가격비교O.__이유빈_260701_제과_문다현,244,7,6833.0,0
2026-07-08,[제과_단백질 쉐이크] 26.06_단백질쉐이크출시_ASC_전환_video,[제과_단백질 쉐이크] 26.06_단백질쉐이크출시_ASC_전환_video,[26.07]F_V_SK혼_전환_단백질쉐이크출시_네고형_지인네고형_main.릴스_가격강조아몬드스윗삭제.(재)_2P_이유빈_260707_제과_이봄1,3981,190,61705.0,5
2026-07-08,(마스터ASC)[제과_콘스프맛 팝콘] 26.07_콘스프맛팝콘출시_ASC_전환_image (NEW),(마스터ASC)[콘스프맛 팝콘] 26.07_콘스프맛팝콘출시_ASC_전환_image (NEW),[26.07]F_I_PC혼_전환_팝콘할인페스타_혜택강조형_다이어트_.배너_긴급공지.올립니다.물량감당.마감전.남은수량까지만.확장__김소희_260707_제과_문다현,115,1,3968.0,0
2026-07-09,(미사용) [제과_단백질 쉐이크] 26.06_단백질쉐이크출시_ASC_전환_image,[제과_단백질 쉐이크] 26.06_단백질쉐이크출시_ASC_전환_image,[26.06]F_I_SK초_전환_단백질쉐이크출시_제품강조형_라라권위_.배너_생초코잔뜩넣은쫀득파르페.가격비교O.__이유빈_260701_제과_문다현,228,11,8612.0,0
2026-07-09,(마스터ASC)[제과_콘스프맛 팝콘] 26.07_콘스프맛팝콘출시_ASC_전환_image (NEW),(마스터ASC)[콘스프맛 팝콘] 26.07_콘스프맛팝콘출시_ASC_전환_image (NEW),[26.07]F_I_PC혼_전환_팝콘할인페스타_혜택강조형_다이어트_.배너_선착순300명한정.비밀링크.확장__김소희_260703_제과_문다현,1821,24,31334.0,4
2026-07-09,[제과_단백질 쉐이크] 26.06_단백질쉐이크출시_ASC_전환_video,[제과_단백질 쉐이크] 26.06_단백질쉐이크출시_ASC_전환_video,[26.07]F_V_SK혼_전환_단백질쉐이크출시_네고형_지인네고형_main.릴스_가격강조아몬드스윗삭제.(재)_2P_이유빈_260707_제과_이봄1,1034,49,15138.0,2
2026-07-09,(마스터ASC)[제과_콘스프맛 팝콘] 26.07_콘스프맛팝콘출시_ASC_전환_image (NEW),(마스터ASC)[콘스프맛 팝콘] 26.07_콘스프맛팝콘출시_ASC_전환_image (NEW),[26.07]F_I_PC혼_전환_팝콘할인페스타_혜택강조형_다이어트_.배너_긴급공지.올립니다.물량감당.마감전.남은수량까지만.확장__김소희_260707_제과_문다현,76,1,2439.0,0
2026-07-09,(마스터ASC)[제과_콘스프맛 팝콘] 26.07_콘스프맛팝콘출시_ASC_전환_image (NEW),(마스터ASC)[콘스프맛 팝콘] 26.07_콘스프맛팝콘출시_ASC_전환_image (NEW),[26.07]F_I_PC혼_전환_상시_매거진형_다이어트_.배너_죄책감덜기페인포인트.맛있는거포기못하면.죄책감없이.먹는행복지켜.검증__김소희_260708_제과_문다현,82,1,1958.0,2
2026-07-09,[제과_단백질 쉐이크] 26.06_단백질쉐이크출시_수동_전환_video,아몬드스윗.삭제,[26.07]F_V_SK혼_전환_단백질쉐이크출시_네고형_역네고형_main.릴스_가격강조아몬드스윗삭제.(재)_2P_이유빈_260707_제과_이미진,114,1,1554.0,0
2026-07-10,[제과_단백질 쉐이크] 26.06_단백질쉐이크출시_ASC_전환_video,[제과_단백질 쉐이크] 26.06_단백질쉐이크출시_ASC_전환_video,[26.07]F_V_SK혼_전환_단백질쉐이크출시_네고형_지인네고형_main.릴스_가격강조아몬드스윗삭제.(재)_2P_이유빈_260707_제과_이봄1,5002,200,66861.0,9
2026-07-10,(마스터ASC)[제과_콘스프맛 팝콘] 26.07_콘스프맛팝콘출시_ASC_전환_image (NEW),(마스터ASC)[콘스프맛 팝콘] 26.07_콘스프맛팝콘출시_ASC_전환_image (NEW),[26.07]F_I_PC혼_전환_상시_매거진형_다이어트_.배너_죄책감덜기페인포인트.맛있는거포기못하면.죄책감없이.먹는행복지켜.검증__김소희_260708_제과_문다현,452,10,9517.0,2
2026-07-10,[제과_단백질 쉐이크] 26.06_단백질쉐이크출시_수동_전환_video,아몬드스윗.삭제,[26.07]F_V_SK혼_전환_단백질쉐이크출시_네고형_역네고형_main.릴스_가격강조아몬드스윗삭제.(재)_2P_이유빈_260707_제과_이미진,947,38,16147.0,1
2026-07-10,(마스터ASC)[제과_콘스프맛 팝콘] 26.05_콘스프맛팝콘출시_ASC_전환_video,(마스터ASC)[콘스프맛 팝콘] 26.05_콘스프맛팝콘출시_ASC_전환_video,[26.07]F_V_PC콘_전환_콘스프맛팝콘출시_네고형_지인네고형.다이어트_main.릴스_메인.슬기.(재)_1P_김소희_260710_제과_문형민,8245,133,133709.0,28
2026-07-10,(마스터ASC)[제과_콘스프맛 팝콘] 26.05_콘스프맛팝콘출시_ASC_전환_video,(마스터ASC)[콘스프맛 팝콘] 26.05_콘스프맛팝콘출시_ASC_전환_video,[26.07]F_V_PC콘_전환_콘스프맛팝콘출시_네고형_지인네고형.다이어트_var2.릴스_취식상황강조2.슬기.(재)_1P_김소희_260710_제과_문형민,3,0,146.0,0
2026-07-10,(마스터ASC)[제과_콘스프맛 팝콘] 26.05_콘스프맛팝콘출시_ASC_전환_video,(마스터ASC)[콘스프맛 팝콘] 26.05_콘스프맛팝콘출시_ASC_전환_video,[26.07]F_V_PC콘_전환_콘스프맛팝콘출시_네고형_지인네고형.다이어트_var3.릴스_운동상황강조1.슬기.(재)_1P_김소희_260710_제과_문형민,2,0,243.0,0
2026-07-10,(마스터ASC)[제과_콘스프맛 팝콘] 26.05_콘스프맛팝콘출시_ASC_전환_video,(마스터ASC)[콘스프맛 팝콘] 26.05_콘스프맛팝콘출시_ASC_전환_video,[26.07]F_V_PC콘_전환_콘스프맛팝콘출시_네고형_지인네고형.다이어트_var4.릴스_운동상황강조2.슬기.(재)_1P_김소희_260710_제과_문형민,25,1,395.0,0
2026-07-10,[제과_콘스프맛 팝콘] 26.05_콘스프맛팝콘출시_수동_전환_image,속세맛간식공감_콘스프맛팝콘_상시,[26.07]F_I_PC혼_전환_콘스프맛팝콘출시_혜택강조형__.배너_개당1천원대.계단형.마감전까지만.12900.확장__김소희_260710_제과_문다현,4464,95,67087.0,11
2026-07-10,[제과_콘스프맛 팝콘] 26.05_콘스프맛팝콘출시_수동_전환_image,속세맛간식공감_콘스프맛팝콘_상시,[26.07]F_I_PC혼_전환_콘스프맛팝콘출시_혜택강조형__.배너_곧최저가마감.45프로할인.확장__김소희_260710_제과_김수정,89,3,2245.0,0
2026-07-10,[제과_단백질 쉐이크] 26.06_단백질쉐이크출시_수동_전환_video,고객상황형_0710,[26.07]F_V_SK혼_전환_단백질쉐이크출시_신규BP_고객검증형.파우치.개당가강조_var1.릴스_통단쉐가격비교.X_2P_이유빈_260710_제과_이미진,83,2,1031.0,0
2026-07-10,[제과_단백질 쉐이크] 26.06_단백질쉐이크출시_수동_전환_video,고객상황형_0710,[26.07]F_V_SK혼_전환_단백질쉐이크출시_신규BP_고객검증형.파우치.개당가강조_var2.릴스_한통으로두달.X_2P_이유빈_260710_제과_이미진,34,3,547.0,0
2026-07-10,[제과_단백질 쉐이크] 26.06_단백질쉐이크출시_ASC_전환_video,[제과_단백질 쉐이크] 26.06_단백질쉐이크출시_ASC_전환_video,[26.07]F_V_SK혼_전환_단백질쉐이크출시_신규BP_고객검증형.파우치.개당가강조_var4.릴스_공구보다싼.X_2P_이유빈_260710_제과_이미진,343,13,5348.0,0
2026-07-10,[제과_단백질 쉐이크] 26.06_단백질쉐이크출시_ASC_전환_video,[제과_단백질 쉐이크] 26.06_단백질쉐이크출시_ASC_전환_video,[26.07]F_V_SK혼_전환_단백질쉐이크출시_신규BP_고객검증형.파우치.개당가강조_var2.릴스_한통으로두달.X_2P_이유빈_260710_제과_이미진,56,3,756.0,0
2026-07-10,[제과_단백질 쉐이크] 26.06_단백질쉐이크출시_수동_전환_video,고객상황형_0710,[26.07]F_V_SK혼_전환_단백질쉐이크출시_신규BP_고객검증형.파우치.개당가강조_main.릴스_통단쉐귀찮음.X_2P_이유빈_260710_제과_이미진,122,2,1973.0,0
2026-07-10,[제과_단백질 쉐이크] 26.06_단백질쉐이크출시_수동_전환_video,고객상황형_0710,[26.07]F_V_SK혼_전환_단백질쉐이크출시_신규BP_고객검증형.파우치.개당가강조_var4.릴스_공구보다싼.X_2P_이유빈_260710_제과_이미진,1257,24,20990.0,1
2026-07-10,[제과_단백질 쉐이크] 26.06_단백질쉐이크출시_수동_전환_video,고객상황형_0710,[26.07]F_V_SK혼_전환_단백질쉐이크출시_신규BP_고객검증형.파우치.개당가강조_var3.릴스_비싼단쉐천원.X_2P_이유빈_260710_제과_이미진,163,1,1862.0,0
2026-07-10,[제과_단백질 쉐이크] 26.06_단백질쉐이크출시_ASC_전환_video,[제과_단백질 쉐이크] 26.06_단백질쉐이크출시_ASC_전환_video,[26.07]F_V_SK혼_전환_단백질쉐이크출시_신규BP_고객검증형.파우치.개당가강조_var1.릴스_통단쉐가격비교.X_2P_이유빈_260710_제과_이미진,8,1,131.0,0
2026-07-10,(마스터2) [제과_단백질 쉐이크] 26.07_단백질쉐이크출시_ASC_전환_image,(마스터2) [제과_단백질 쉐이크] 26.07_단백질쉐이크출시_ASC_전환_image,[26.07]F_I_SK혼_전환_단백질쉐이크출시_혜택강조형_파우치.개당가강조_.배너_대용량보다싸다니ㄷㄷ.비밀인데.팝콘.확장__이유빈_260710_제과_문다현,37,1,840.0,0
2026-07-11,[제과_단백질 쉐이크] 26.06_단백질쉐이크출시_ASC_전환_video,[제과_단백질 쉐이크] 26.06_단백질쉐이크출시_ASC_전환_video,[26.07]F_V_SK혼_전환_단백질쉐이크출시_네고형_지인네고형_main.릴스_가격강조아몬드스윗삭제.(재)_2P_이유빈_260707_제과_이봄1,7458,358,105058.0,13
2026-07-11,(마스터ASC)[제과_콘스프맛 팝콘] 26.07_콘스프맛팝콘출시_ASC_전환_image (NEW),(마스터ASC)[콘스프맛 팝콘] 26.07_콘스프맛팝콘출시_ASC_전환_image (NEW),[26.07]F_I_PC혼_전환_상시_매거진형_다이어트_.배너_죄책감덜기페인포인트.맛있는거포기못하면.죄책감없이.먹는행복지켜.검증__김소희_260708_제과_문다현,51,1,1068.0,0
2026-07-11,(마스터ASC)[제과_콘스프맛 팝콘] 26.05_콘스프맛팝콘출시_ASC_전환_video,(마스터ASC)[콘스프맛 팝콘] 26.05_콘스프맛팝콘출시_ASC_전환_video,[26.07]F_V_PC콘_전환_콘스프맛팝콘출시_네고형_지인네고형.다이어트_main.릴스_메인.슬기.(재)_1P_김소희_260710_제과_문형민,3431,65,61744.0,8
2026-07-11,[제과_콘스프맛 팝콘] 26.05_콘스프맛팝콘출시_수동_전환_video,지인네고형_팝콘더블특가_콘스프맛 (~7/1),[26.07]F_V_PC콘_전환_콘스프맛팝콘출시_네고형_지인네고형.다이어트_var1.릴스_취식상황강조1.슬기.(재)_1P_김소희_260710_제과_문형민,2,0,32.0,0
2026-07-11,(마스터ASC)[제과_콘스프맛 팝콘] 26.05_콘스프맛팝콘출시_ASC_전환_video,(마스터ASC)[콘스프맛 팝콘] 26.05_콘스프맛팝콘출시_ASC_전환_video,[26.07]F_V_PC콘_전환_콘스프맛팝콘출시_네고형_지인네고형.다이어트_var2.릴스_취식상황강조2.슬기.(재)_1P_김소희_260710_제과_문형민,1,0,2.0,0
2026-07-11,[제과_콘스프맛 팝콘] 26.05_콘스프맛팝콘출시_수동_전환_video,지인네고형_팝콘더블특가_콘스프맛 (~7/1),[26.07]F_V_PC콘_전환_콘스프맛팝콘출시_네고형_지인네고형.다이어트_var2.릴스_취식상황강조2.슬기.(재)_1P_김소희_260710_제과_문형민,33,0,532.0,0
2026-07-11,(마스터ASC)[제과_콘스프맛 팝콘] 26.05_콘스프맛팝콘출시_ASC_전환_video,(마스터ASC)[콘스프맛 팝콘] 26.05_콘스프맛팝콘출시_ASC_전환_video,[26.07]F_V_PC콘_전환_콘스프맛팝콘출시_네고형_지인네고형.다이어트_var3.릴스_운동상황강조1.슬기.(재)_1P_김소희_260710_제과_문형민,7,0,208.0,0
2026-07-11,(마스터ASC)[제과_콘스프맛 팝콘] 26.05_콘스프맛팝콘출시_ASC_전환_video,(마스터ASC)[콘스프맛 팝콘] 26.05_콘스프맛팝콘출시_ASC_전환_video,[26.07]F_V_PC콘_전환_콘스프맛팝콘출시_네고형_지인네고형.다이어트_var4.릴스_운동상황강조2.슬기.(재)_1P_김소희_260710_제과_문형민,22,0,303.0,0
2026-07-11,[제과_콘스프맛 팝콘] 26.05_콘스프맛팝콘출시_수동_전환_video,지인네고형_팝콘더블특가_콘스프맛 (~7/1),[26.07]F_V_PC콘_전환_콘스프맛팝콘출시_네고형_지인네고형.다이어트_var3.릴스_운동상황강조1.슬기.(재)_1P_김소희_260710_제과_문형민,19,0,254.0,0
2026-07-11,[제과_콘스프맛 팝콘] 26.05_콘스프맛팝콘출시_수동_전환_video,지인네고형_팝콘더블특가_콘스프맛 (~7/1),[26.07]F_V_PC콘_전환_콘스프맛팝콘출시_네고형_지인네고형.다이어트_var4.릴스_운동상황강조2.슬기.(재)_1P_김소희_260710_제과_문형민,40,0,960.0,0
2026-07-11,(마스터ASC)[제과_콘스프맛 팝콘] 26.07_콘스프맛팝콘출시_ASC_전환_image (NEW),(마스터ASC)[콘스프맛 팝콘] 26.07_콘스프맛팝콘출시_ASC_전환_image (NEW),[26.07]F_I_PC혼_전환_콘스프맛팝콘출시_혜택강조형__.배너_사과문.시즈닝가루.뿌링클급.개당1천원대.확장__김소희_260710_제과_문다현,318,5,6385.0,0
2026-07-11,(마스터ASC)[제과_콘스프맛 팝콘] 26.07_콘스프맛팝콘출시_ASC_전환_image (NEW),(마스터ASC)[콘스프맛 팝콘] 26.07_콘스프맛팝콘출시_ASC_전환_image (NEW),[26.07]F_I_PC혼_전환_콘스프맛팝콘출시_혜택강조형__.배너_개당1천원대.계단형.마감전까지만.12900.확장__김소희_260710_제과_문다현,562,4,8887.0,0
2026-07-11,(마스터ASC)[제과_콘스프맛 팝콘] 26.07_콘스프맛팝콘출시_ASC_전환_image (NEW),(마스터ASC)[콘스프맛 팝콘] 26.07_콘스프맛팝콘출시_ASC_전환_image (NEW),[26.07]F_I_PC혼_전환_콘스프맛팝콘출시_혜택강조형__.릴스_먼저사신분들.죄송.개당1천원대.확장__김소희_260710_제과_김수정,254,1,5041.0,0
2026-07-11,(마스터ASC)[제과_콘스프맛 팝콘] 26.07_콘스프맛팝콘출시_ASC_전환_image (NEW),(마스터ASC)[콘스프맛 팝콘] 26.07_콘스프맛팝콘출시_ASC_전환_image (NEW),[26.07]F_I_PC혼_전환_콘스프맛팝콘출시_혜택강조형__.배너_곧최저가마감.45프로할인.확장__김소희_260710_제과_김수정,71,3,1414.0,0
2026-07-11,[제과_콘스프맛 팝콘] 26.05_콘스프맛팝콘출시_수동_전환_image,속세맛간식공감_콘스프맛팝콘_상시,[26.07]F_I_PC혼_전환_콘스프맛팝콘출시_혜택강조형__.배너_곧최저가마감.45프로할인.확장__김소희_260710_제과_김수정,130,8,4139.0,0
2026-07-11,[제과_단백질 쉐이크] 26.06_단백질쉐이크출시_수동_전환_video,고객상황형_0710,[26.07]F_V_SK혼_전환_단백질쉐이크출시_신규BP_고객검증형.파우치.개당가강조_var1.릴스_통단쉐가격비교.X_2P_이유빈_260710_제과_이미진,461,7,7719.0,0
2026-07-11,[제과_단백질 쉐이크] 26.06_단백질쉐이크출시_수동_전환_video,고객상황형_0710,[26.07]F_V_SK혼_전환_단백질쉐이크출시_신규BP_고객검증형.파우치.개당가강조_var2.릴스_한통으로두달.X_2P_이유빈_260710_제과_이미진,1540,82,27020.0,0
2026-07-11,[제과_단백질 쉐이크] 26.06_단백질쉐이크출시_ASC_전환_video,[제과_단백질 쉐이크] 26.06_단백질쉐이크출시_ASC_전환_video,[26.07]F_V_SK혼_전환_단백질쉐이크출시_신규BP_고객검증형.파우치.개당가강조_var4.릴스_공구보다싼.X_2P_이유빈_260710_제과_이미진,424,4,10167.0,0
2026-07-11,[제과_단백질 쉐이크] 26.06_단백질쉐이크출시_ASC_전환_video,[제과_단백질 쉐이크] 26.06_단백질쉐이크출시_ASC_전환_video,[26.07]F_V_SK혼_전환_단백질쉐이크출시_신규BP_고객검증형.파우치.개당가강조_var2.릴스_한통으로두달.X_2P_이유빈_260710_제과_이미진,5944,168,77617.0,10
2026-07-11,[제과_단백질 쉐이크] 26.06_단백질쉐이크출시_수동_전환_video,고객상황형_0710,[26.07]F_V_SK혼_전환_단백질쉐이크출시_신규BP_고객검증형.파우치.개당가강조_main.릴스_통단쉐귀찮음.X_2P_이유빈_260710_제과_이미진,2852,51,49256.0,4
2026-07-11,[제과_단백질 쉐이크] 26.06_단백질쉐이크출시_수동_전환_video,고객상황형_0710,[26.07]F_V_SK혼_전환_단백질쉐이크출시_신규BP_고객검증형.파우치.개당가강조_var3.릴스_비싼단쉐천원.X_2P_이유빈_260710_제과_이미진,273,8,5425.0,0
2026-07-11,[제과_단백질 쉐이크] 26.06_단백질쉐이크출시_ASC_전환_video,[제과_단백질 쉐이크] 26.06_단백질쉐이크출시_ASC_전환_video,[26.07]F_V_SK혼_전환_단백질쉐이크출시_신규BP_고객검증형.파우치.개당가강조_var1.릴스_통단쉐가격비교.X_2P_이유빈_260710_제과_이미진,25,0,213.0,0
2026-07-11,[제과_단백질 쉐이크] 26.06_단백질쉐이크출시_수동_전환_image,파우치개당가강조(2)_0709,[26.07]F_I_SK혼_전환_단백질쉐이크출시_혜택강조형_파우치.개당가강조_.배너_대용량1개살가격으로.무제한급.팝콘무료.개당1천원대.주황.확장__이유빈_260710_제과_문다현,408,11,10121.0,0
2026-07-11,[제과_단백질 쉐이크] 26.06_단백질쉐이크출시_수동_전환_image,파우치개당가강조(2)_0709,[26.07]F_I_SK혼_전환_단백질쉐이크출시_혜택강조형_파우치.개당가강조_.배너_1+1보다싼.네고형.개당1천원대.팝콘.확장__이유빈_260710_제과_문다현,358,12,9554.0,0
2026-07-11,[제과_단백질 쉐이크] 26.06_단백질쉐이크출시_수동_전환_image,파우치개당가강조(2)_0709,[26.07]F_I_SK혼_전환_단백질쉐이크출시_혜택강조형_파우치.개당가강조_.배너_대용량보다싸다니ㄷㄷ.비밀인데.팝콘.확장__이유빈_260710_제과_문다현,220,3,4903.0,0
2026-07-11,(마스터2) [제과_단백질 쉐이크] 26.07_단백질쉐이크출시_ASC_전환_image,(마스터2) [제과_단백질 쉐이크] 26.07_단백질쉐이크출시_ASC_전환_image,[26.07]F_I_SK혼_전환_단백질쉐이크출시_혜택강조형_파우치.개당가강조_.배너_대용량보다싸다니ㄷㄷ.비밀인데.팝콘.확장__이유빈_260710_제과_문다현,557,15,15859.0,1
2026-07-11,[제과_단백질 쉐이크] 26.06_단백질쉐이크출시_수동_전환_image,파우치개당가강조(2)_0709,[26.07]F_I_SK혼_전환_단백질쉐이크출시_혜택강조형_파우치.개당가강조_.배너_코코볼한가득인데개당1천원대.핑크.팝콘.확장__이유빈_260710_제과_문다현,369,12,12792.0,1
2026-07-12,(마스터ASC)[제과_콘스프맛 팝콘] 26.05_콘스프맛팝콘출시_ASC_전환_video,(마스터ASC)[콘스프맛 팝콘] 26.05_콘스프맛팝콘출시_ASC_전환_video,[26.06]F_V_PC콘_전환_팝콘더블특가_인플루언서형_올리브BP.다이어트_var3.릴스_페르소나.슬기.X_1P_최나영_260625_제과_강경연,5,0,52.0,0
2026-07-12,[제과_단백질 쉐이크] 26.06_단백질쉐이크출시_ASC_전환_video,[제과_단백질 쉐이크] 26.06_단백질쉐이크출시_ASC_전환_video,[26.07]F_V_SK혼_전환_단백질쉐이크출시_네고형_지인네고형_main.릴스_가격강조아몬드스윗삭제.(재)_2P_이유빈_260707_제과_이봄1,11370,560,152429.0,18
2026-07-12,(마스터ASC)[제과_콘스프맛 팝콘] 26.07_콘스프맛팝콘출시_ASC_전환_image (NEW),(마스터ASC)[콘스프맛 팝콘] 26.07_콘스프맛팝콘출시_ASC_전환_image (NEW),[26.07]F_I_PC혼_전환_상시_매거진형_다이어트_.배너_죄책감덜기페인포인트.맛있는거포기못하면.죄책감없이.먹는행복지켜.검증__김소희_260708_제과_문다현,259,8,5454.0,1
2026-07-12,(마스터ASC)[제과_콘스프맛 팝콘] 26.05_콘스프맛팝콘출시_ASC_전환_video,(마스터ASC)[콘스프맛 팝콘] 26.05_콘스프맛팝콘출시_ASC_전환_video,[26.07]F_V_PC콘_전환_콘스프맛팝콘출시_네고형_지인네고형.다이어트_main.릴스_메인.슬기.(재)_1P_김소희_260710_제과_문형민,2350,42,45370.0,7
2026-07-12,(마스터ASC)[제과_콘스프맛 팝콘] 26.05_콘스프맛팝콘출시_ASC_전환_video,(마스터ASC)[콘스프맛 팝콘] 26.05_콘스프맛팝콘출시_ASC_전환_video,[26.07]F_V_PC콘_전환_콘스프맛팝콘출시_네고형_지인네고형.다이어트_var2.릴스_취식상황강조2.슬기.(재)_1P_김소희_260710_제과_문형민,4,0,25.0,0
2026-07-12,[제과_콘스프맛 팝콘] 26.05_콘스프맛팝콘출시_수동_전환_video,지인네고형_팝콘더블특가_콘스프맛 (~7/1),[26.07]F_V_PC콘_전환_콘스프맛팝콘출시_네고형_지인네고형.다이어트_var2.릴스_취식상황강조2.슬기.(재)_1P_김소희_260710_제과_문형민,5,0,48.0,0
2026-07-12,(마스터ASC)[제과_콘스프맛 팝콘] 26.05_콘스프맛팝콘출시_ASC_전환_video,(마스터ASC)[콘스프맛 팝콘] 26.05_콘스프맛팝콘출시_ASC_전환_video,[26.07]F_V_PC콘_전환_콘스프맛팝콘출시_네고형_지인네고형.다이어트_var3.릴스_운동상황강조1.슬기.(재)_1P_김소희_260710_제과_문형민,9,0,357.0,0
2026-07-12,(마스터ASC)[제과_콘스프맛 팝콘] 26.05_콘스프맛팝콘출시_ASC_전환_video,(마스터ASC)[콘스프맛 팝콘] 26.05_콘스프맛팝콘출시_ASC_전환_video,[26.07]F_V_PC콘_전환_콘스프맛팝콘출시_네고형_지인네고형.다이어트_var4.릴스_운동상황강조2.슬기.(재)_1P_김소희_260710_제과_문형민,33,0,577.0,0
2026-07-12,[제과_콘스프맛 팝콘] 26.05_콘스프맛팝콘출시_수동_전환_video,지인네고형_팝콘더블특가_콘스프맛 (~7/1),[26.07]F_V_PC콘_전환_콘스프맛팝콘출시_네고형_지인네고형.다이어트_var3.릴스_운동상황강조1.슬기.(재)_1P_김소희_260710_제과_문형민,19,1,434.0,0
2026-07-12,[제과_콘스프맛 팝콘] 26.05_콘스프맛팝콘출시_수동_전환_video,지인네고형_팝콘더블특가_콘스프맛 (~7/1),[26.07]F_V_PC콘_전환_콘스프맛팝콘출시_네고형_지인네고형.다이어트_var4.릴스_운동상황강조2.슬기.(재)_1P_김소희_260710_제과_문형민,12,0,278.0,0
2026-07-12,(마스터ASC)[제과_콘스프맛 팝콘] 26.07_콘스프맛팝콘출시_ASC_전환_image (NEW),(마스터ASC)[콘스프맛 팝콘] 26.07_콘스프맛팝콘출시_ASC_전환_image (NEW),[26.07]F_I_PC혼_전환_콘스프맛팝콘출시_혜택강조형__.릴스_먼저사신분들.죄송.개당1천원대.확장__김소희_260710_제과_김수정,134,4,3370.0,1
2026-07-12,(마스터ASC)[제과_콘스프맛 팝콘] 26.07_콘스프맛팝콘출시_ASC_전환_image (NEW),(마스터ASC)[콘스프맛 팝콘] 26.07_콘스프맛팝콘출시_ASC_전환_image (NEW),[26.07]F_I_PC혼_전환_콘스프맛팝콘출시_혜택강조형__.배너_곧최저가마감.45프로할인.확장__김소희_260710_제과_김수정,84,0,1403.0,0
2026-07-12,[제과_콘스프맛 팝콘] 26.05_콘스프맛팝콘출시_수동_전환_image,속세맛간식공감_콘스프맛팝콘_상시,[26.07]F_I_PC혼_전환_콘스프맛팝콘출시_혜택강조형__.배너_곧최저가마감.45프로할인.확장__김소희_260710_제과_김수정,247,11,6895.0,2
2026-07-12,[제과_단백질 쉐이크] 26.06_단백질쉐이크출시_ASC_전환_video,[제과_단백질 쉐이크] 26.06_단백질쉐이크출시_ASC_전환_video,[26.07]F_V_SK혼_전환_단백질쉐이크출시_신규BP_고객검증형.파우치.개당가강조_var2.릴스_한통으로두달.X_2P_이유빈_260710_제과_이미진,2481,71,27644.0,3
2026-07-12,[제과_단백질 쉐이크] 26.06_단백질쉐이크출시_ASC_전환_video,[제과_단백질 쉐이크] 26.06_단백질쉐이크출시_ASC_전환_video,[26.07]F_V_SK혼_전환_단백질쉐이크출시_신규BP_고객검증형.파우치.개당가강조_var1.릴스_통단쉐가격비교.X_2P_이유빈_260710_제과_이미진,161,4,2845.0,0
2026-07-12,[제과_단백질 쉐이크] 26.06_단백질쉐이크출시_수동_전환_image,파우치개당가강조(2)_0709,[26.07]F_I_SK혼_전환_단백질쉐이크출시_혜택강조형_파우치.개당가강조_.배너_대용량보다싸다니ㄷㄷ.비밀인데.팝콘.확장__이유빈_260710_제과_문다현,266,12,8484.0,0
2026-07-13,(마스터ASC)[제과_콘스프맛 팝콘] 26.05_콘스프맛팝콘출시_ASC_전환_video,(마스터ASC)[콘스프맛 팝콘] 26.05_콘스프맛팝콘출시_ASC_전환_video,[26.06]F_V_PC콘_전환_팝콘더블특가_인플루언서형_올리브BP.다이어트_var3.릴스_페르소나.슬기.X_1P_최나영_260625_제과_강경연,6,0,224.0,0
2026-07-13,[제과_단백질 쉐이크] 26.06_단백질쉐이크출시_ASC_전환_video,[제과_단백질 쉐이크] 26.06_단백질쉐이크출시_ASC_전환_video,[26.07]F_V_SK혼_전환_단백질쉐이크출시_네고형_지인네고형_main.릴스_가격강조아몬드스윗삭제.(재)_2P_이유빈_260707_제과_이봄1,15526,777,234973.0,31
2026-07-13,(마스터ASC)[제과_콘스프맛 팝콘] 26.07_콘스프맛팝콘출시_ASC_전환_image (NEW),(마스터ASC)[콘스프맛 팝콘] 26.07_콘스프맛팝콘출시_ASC_전환_image (NEW),[26.07]F_I_PC혼_전환_상시_매거진형_다이어트_.배너_죄책감덜기페인포인트.맛있는거포기못하면.죄책감없이.먹는행복지켜.검증__김소희_260708_제과_문다현,216,2,4089.0,1
2026-07-13,(마스터ASC)[제과_콘스프맛 팝콘] 26.05_콘스프맛팝콘출시_ASC_전환_video,(마스터ASC)[콘스프맛 팝콘] 26.05_콘스프맛팝콘출시_ASC_전환_video,[26.07]F_V_PC콘_전환_콘스프맛팝콘출시_네고형_지인네고형.다이어트_main.릴스_메인.슬기.(재)_1P_김소희_260710_제과_문형민,1713,30,26789.0,2
2026-07-13,(마스터ASC)[제과_콘스프맛 팝콘] 26.05_콘스프맛팝콘출시_ASC_전환_video,(마스터ASC)[콘스프맛 팝콘] 26.05_콘스프맛팝콘출시_ASC_전환_video,[26.07]F_V_PC콘_전환_콘스프맛팝콘출시_네고형_지인네고형.다이어트_var4.릴스_운동상황강조2.슬기.(재)_1P_김소희_260710_제과_문형민,1,0,3.0,0
2026-07-13,[제과_콘스프맛 팝콘] 26.05_콘스프맛팝콘출시_수동_전환_video,지인네고형_팝콘더블특가_콘스프맛 (~7/1),[26.07]F_V_PC콘_전환_콘스프맛팝콘출시_네고형_지인네고형.다이어트_var4.릴스_운동상황강조2.슬기.(재)_1P_김소희_260710_제과_문형민,1,0,11.0,0
2026-07-13,(마스터ASC)[제과_콘스프맛 팝콘] 26.07_콘스프맛팝콘출시_ASC_전환_image (NEW),(마스터ASC)[콘스프맛 팝콘] 26.07_콘스프맛팝콘출시_ASC_전환_image (NEW),[26.07]F_I_PC혼_전환_콘스프맛팝콘출시_혜택강조형__.릴스_먼저사신분들.죄송.개당1천원대.확장__김소희_260710_제과_김수정,38,0,1078.0,0
2026-07-13,(마스터ASC)[제과_콘스프맛 팝콘] 26.07_콘스프맛팝콘출시_ASC_전환_image (NEW),(마스터ASC)[콘스프맛 팝콘] 26.07_콘스프맛팝콘출시_ASC_전환_image (NEW),[26.07]F_I_PC혼_전환_콘스프맛팝콘출시_혜택강조형__.배너_곧최저가마감.45프로할인.확장__김소희_260710_제과_김수정,18,0,458.0,0
2026-07-13,[제과_콘스프맛 팝콘] 26.05_콘스프맛팝콘출시_수동_전환_image,속세맛간식공감_콘스프맛팝콘_상시,[26.07]F_I_PC혼_전환_콘스프맛팝콘출시_혜택강조형__.배너_곧최저가마감.45프로할인.확장__김소희_260710_제과_김수정,37,1,1078.0,0
2026-07-13,[제과_단백질 쉐이크] 26.06_단백질쉐이크출시_ASC_전환_video,[제과_단백질 쉐이크] 26.06_단백질쉐이크출시_ASC_전환_video,[26.07]F_V_SK혼_전환_단백질쉐이크출시_신규BP_고객검증형.파우치.개당가강조_var1.릴스_통단쉐가격비교.X_2P_이유빈_260710_제과_이미진,149,5,2386.0,0
2026-07-14,[제과_단백질 쉐이크] 26.06_단백질쉐이크출시_ASC_전환_video,[제과_단백질 쉐이크] 26.06_단백질쉐이크출시_ASC_전환_video,[26.07]F_V_SK혼_전환_단백질쉐이크출시_네고형_지인네고형_main.릴스_가격강조아몬드스윗삭제.(재)_2P_이유빈_260707_제과_이봄1,3444,135,44421.0,6
2026-07-14,(마스터ASC)[제과_콘스프맛 팝콘] 26.07_콘스프맛팝콘출시_ASC_전환_image (NEW),(마스터ASC)[콘스프맛 팝콘] 26.07_콘스프맛팝콘출시_ASC_전환_image (NEW),[26.07]F_I_PC혼_전환_상시_매거진형_다이어트_.배너_죄책감덜기페인포인트.맛있는거포기못하면.죄책감없이.먹는행복지켜.검증__김소희_260708_제과_문다현,454,11,9400.0,1
2026-07-14,(마스터ASC)[제과_콘스프맛 팝콘] 26.05_콘스프맛팝콘출시_ASC_전환_video,(마스터ASC)[콘스프맛 팝콘] 26.05_콘스프맛팝콘출시_ASC_전환_video,[26.07]F_V_PC콘_전환_콘스프맛팝콘출시_네고형_지인네고형.다이어트_var3.릴스_운동상황강조1.슬기.(재)_1P_김소희_260710_제과_문형민,2,0,23.0,0
2026-07-14,(마스터ASC)[제과_콘스프맛 팝콘] 26.07_콘스프맛팝콘출시_ASC_전환_image (NEW),(마스터ASC)[콘스프맛 팝콘] 26.07_콘스프맛팝콘출시_ASC_전환_image (NEW),[26.07]F_I_PC혼_전환_콘스프맛팝콘출시_혜택강조형__.릴스_먼저사신분들.죄송.개당1천원대.확장__김소희_260710_제과_김수정,115,5,2105.0,1
2026-07-14,[제과_콘스프맛 팝콘] 26.05_콘스프맛팝콘출시_수동_전환_image,속세맛간식공감_콘스프맛팝콘_상시,[26.07]F_I_PC혼_전환_콘스프맛팝콘출시_혜택강조형__.배너_곧최저가마감.45프로할인.확장__김소희_260710_제과_김수정,28,1,822.0,0
2026-07-14,[제과_단백질 쉐이크] 26.06_단백질쉐이크출시_ASC_전환_video,[제과_단백질 쉐이크] 26.06_단백질쉐이크출시_ASC_전환_video,[26.07]F_V_SK혼_전환_단백질쉐이크출시_신규BP_고객검증형.파우치.개당가강조_var1.릴스_통단쉐가격비교.X_2P_이유빈_260710_제과_이미진,722,14,10572.0,0
2026-07-15,(마스터ASC)[제과_콘스프맛 팝콘] 26.05_콘스프맛팝콘출시_ASC_전환_video,(마스터ASC)[콘스프맛 팝콘] 26.05_콘스프맛팝콘출시_ASC_전환_video,[26.06]F_V_PC콘_전환_팝콘더블특가_인플루언서형_올리브BP.다이어트_var3.릴스_페르소나.슬기.X_1P_최나영_260625_제과_강경연,41,0,528.0,0
2026-07-15,[제과_단백질 쉐이크] 26.06_단백질쉐이크출시_ASC_전환_video,[제과_단백질 쉐이크] 26.06_단백질쉐이크출시_ASC_전환_video,[26.07]F_V_SK혼_전환_단백질쉐이크출시_네고형_지인네고형_main.릴스_가격강조아몬드스윗삭제.(재)_2P_이유빈_260707_제과_이봄1,4231,190,51573.0,5
2026-07-15,(마스터ASC)[제과_콘스프맛 팝콘] 26.05_콘스프맛팝콘출시_ASC_전환_video,(마스터ASC)[콘스프맛 팝콘] 26.05_콘스프맛팝콘출시_ASC_전환_video,[26.07]F_V_PC콘_전환_콘스프맛팝콘출시_네고형_지인네고형.다이어트_var4.릴스_운동상황강조2.슬기.(재)_1P_김소희_260710_제과_문형민,33,0,461.0,0
2026-07-15,(마스터ASC)[제과_콘스프맛 팝콘] 26.07_콘스프맛팝콘출시_ASC_전환_image (NEW),(마스터ASC)[콘스프맛 팝콘] 26.07_콘스프맛팝콘출시_ASC_전환_image (NEW),[26.07]F_I_PC혼_전환_콘스프맛팝콘출시_혜택강조형__.릴스_먼저사신분들.죄송.개당1천원대.확장__김소희_260710_제과_김수정,110,1,1519.0,0
2026-07-15,(마스터ASC)[제과_콘스프맛 팝콘] 26.07_콘스프맛팝콘출시_ASC_전환_image (NEW),(마스터ASC)[콘스프맛 팝콘] 26.07_콘스프맛팝콘출시_ASC_전환_image (NEW),[26.07]F_I_PC혼_전환_콘스프맛팝콘출시_혜택강조형__.배너_곧최저가마감.45프로할인.확장__김소희_260710_제과_김수정,2,0,6.0,0
2026-07-15,[제과_콘스프맛 팝콘] 26.05_콘스프맛팝콘출시_수동_전환_image,속세맛간식공감_콘스프맛팝콘_상시,[26.07]F_I_PC혼_전환_콘스프맛팝콘출시_혜택강조형__.배너_곧최저가마감.45프로할인.확장__김소희_260710_제과_김수정,1,0,7.0,0
2026-07-01,[제과_단백질 쉐이크] 26.06_단백질쉐이크출시_수동_전환_video,고객검증형(재)_0629,[26.06]F_V_SK혼_전환_단백질쉐이크출시_신규BP_개당가메리트.재편집_var2.릴스_커피한잔값.X_2P_이유빈_260629_제과_윤성미,20268,405,362135.0,39
2026-07-01,[제과_단백질 쉐이크] 26.06_단백질쉐이크출시_ASC_전환_video,[제과_단백질 쉐이크] 26.06_단백질쉐이크출시_ASC_전환_video,[26.06]F_V_SK곡_전환_단백질쉐이크출시_신규BP_개당가메리트.재편집_var2.릴스_토핑국밥.X_2P_이유빈_260629_제과_이미진,1222,21,24994.0,2
2026-07-02,[제과_단백질 쉐이크] 26.06_단백질쉐이크출시_수동_전환_video,고객검증형(재)_0629,[26.06]F_V_SK혼_전환_단백질쉐이크출시_신규BP_개당가메리트.재편집_var2.릴스_커피한잔값.X_2P_이유빈_260629_제과_윤성미,2760,64,47269.0,8
2026-07-02,[제과_단백질 쉐이크] 26.06_단백질쉐이크출시_ASC_전환_video,[제과_단백질 쉐이크] 26.06_단백질쉐이크출시_ASC_전환_video,[26.06]F_V_SK곡_전환_단백질쉐이크출시_신규BP_개당가메리트.재편집_var2.릴스_토핑국밥.X_2P_이유빈_260629_제과_이미진,608,11,12538.0,1
2026-07-03,[제과_단백질 쉐이크] 26.06_단백질쉐이크출시_수동_전환_video,고객검증형(재)_0629,[26.06]F_V_SK혼_전환_단백질쉐이크출시_신규BP_개당가메리트.재편집_var2.릴스_커피한잔값.X_2P_이유빈_260629_제과_윤성미,4202,96,70088.0,5
2026-07-03,[제과_콘스프맛 팝콘] 26.05_콘스프맛팝콘출시_수동_전환_image,일상다이어트_팝콘할인페스타 (~7/8),[26.07]F_I_PC혼_전환_팝콘할인페스타_혜택강조형_다이어트_.배너_시즈닝팍팍.선착순300명.어차피먹을과자.확장__김소희_260702_제과_문다현,4019,118,71924.0,11
2026-07-04,[제과_단백질 쉐이크] 26.06_단백질쉐이크출시_수동_전환_video,고객검증형(재)_0629,[26.06]F_V_SK혼_전환_단백질쉐이크출시_신규BP_개당가메리트.재편집_var2.릴스_커피한잔값.X_2P_이유빈_260629_제과_윤성미,6957,194,111986.0,18
2026-07-04,[제과_콘스프맛 팝콘] 26.05_콘스프맛팝콘출시_수동_전환_image,일상다이어트_팝콘할인페스타 (~7/8),[26.07]F_I_PC혼_전환_팝콘할인페스타_혜택강조형_다이어트_.배너_시즈닝팍팍.선착순300명.어차피먹을과자.확장__김소희_260702_제과_문다현,1060,27,20739.0,3
2026-07-04,[제과_단백질 쉐이크] 26.06_단백질쉐이크출시_수동_전환_video,지인네고형_0702,[26.07]F_V_SK혼_전환_단백질쉐이크출시_네고형_지인네고형_var7.릴스_브랜드강조.X_2P_이유빈_260703_제과_이봄1,117,5,2095.0,0
2026-07-05,[제과_단백질 쉐이크] 26.06_단백질쉐이크출시_수동_전환_video,고객검증형(재)_0629,[26.06]F_V_SK혼_전환_단백질쉐이크출시_신규BP_개당가메리트.재편집_var2.릴스_커피한잔값.X_2P_이유빈_260629_제과_윤성미,5972,201,106268.0,18
2026-07-05,[제과_콘스프맛 팝콘] 26.05_콘스프맛팝콘출시_수동_전환_image,일상다이어트_팝콘할인페스타 (~7/8),[26.07]F_I_PC혼_전환_팝콘할인페스타_혜택강조형_다이어트_.배너_시즈닝팍팍.선착순300명.어차피먹을과자.확장__김소희_260702_제과_문다현,1140,33,24922.0,2
2026-07-05,[제과_단백질 쉐이크] 26.06_단백질쉐이크출시_수동_전환_video,지인네고형_0702,[26.07]F_V_SK혼_전환_단백질쉐이크출시_네고형_지인네고형_var7.릴스_브랜드강조.X_2P_이유빈_260703_제과_이봄1,6,0,159.0,0
2026-07-06,[제과_단백질 쉐이크] 26.06_단백질쉐이크출시_수동_전환_video,고객검증형(재)_0629,[26.06]F_V_SK혼_전환_단백질쉐이크출시_신규BP_개당가메리트.재편집_var2.릴스_커피한잔값.X_2P_이유빈_260629_제과_윤성미,17221,362,253402.0,37
2026-07-07,[제과_단백질 쉐이크] 26.06_단백질쉐이크출시_수동_전환_video,고객검증형(재)_0629,[26.06]F_V_SK혼_전환_단백질쉐이크출시_신규BP_개당가메리트.재편집_var2.릴스_커피한잔값.X_2P_이유빈_260629_제과_윤성미,8097,137,115803.0,17
2026-07-07,[제과_단백질 쉐이크] 26.06_단백질쉐이크출시_수동_전환_video,지인네고형_0702,[26.07]F_V_SK혼_전환_단백질쉐이크출시_네고형_지인네고형_var7.릴스_브랜드강조.X_2P_이유빈_260703_제과_이봄1,24,1,446.0,0
2026-07-08,[제과_단백질 쉐이크] 26.06_단백질쉐이크출시_수동_전환_video,고객검증형(재)_0629,[26.06]F_V_SK혼_전환_단백질쉐이크출시_신규BP_개당가메리트.재편집_var2.릴스_커피한잔값.X_2P_이유빈_260629_제과_윤성미,16673,313,196897.0,26
2026-07-08,[제과_단백질 쉐이크] 26.06_단백질쉐이크출시_수동_전환_video,지인네고형_0702,[26.07]F_V_SK혼_전환_단백질쉐이크출시_네고형_지인네고형_var7.릴스_브랜드강조.X_2P_이유빈_260703_제과_이봄1,1,0,81.0,0
2026-07-08,[제과_단백질 쉐이크] 26.06_단백질쉐이크출시_수동_전환_image,가격메리트(개당1천원대),[26.07]F_I_SK곡_전환_단백질쉐이크출시_매거진형_라라스윗권위_.배너_저당.개당1천원대확대.확장__이유빈_260708_제과_김수정,190,5,5813.0,1
2026-07-09,[제과_단백질 쉐이크] 26.06_단백질쉐이크출시_수동_전환_video,고객검증형(재)_0629,[26.06]F_V_SK혼_전환_단백질쉐이크출시_신규BP_개당가메리트.재편집_var2.릴스_커피한잔값.X_2P_이유빈_260629_제과_윤성미,1555,42,20199.0,3
2026-07-09,[제과_단백질 쉐이크] 26.06_단백질쉐이크출시_수동_전환_video,지인네고형_0702,[26.07]F_V_SK혼_전환_단백질쉐이크출시_네고형_지인네고형_var7.릴스_브랜드강조.X_2P_이유빈_260703_제과_이봄1,32,1,969.0,0
2026-07-09,[제과_단백질 쉐이크] 26.06_단백질쉐이크출시_수동_전환_image,가격메리트(개당1천원대),[26.07]F_I_SK곡_전환_단백질쉐이크출시_매거진형_라라스윗권위_.배너_저당.개당1천원대확대.확장__이유빈_260708_제과_김수정,428,14,10927.0,0
2026-07-09,(마스터2) [제과_단백질 쉐이크] 26.07_단백질쉐이크출시_ASC_전환_image,(마스터2) [제과_단백질 쉐이크] 26.07_단백질쉐이크출시_ASC_전환_image,[26.07]F_I_SK혼_전환_단백질쉐이크출시_매거진형_파우치.개당가강조_.배너_맛없페인포인트.밍밍단쉐멈춰.찐한속세미숫가루.검증__이유빈_260709_제과_문다현,194,8,5285.0,0
2026-07-09,(마스터2) [제과_단백질 쉐이크] 26.07_단백질쉐이크출시_ASC_전환_image,(마스터2) [제과_단백질 쉐이크] 26.07_단백질쉐이크출시_ASC_전환_image,[26.07]F_I_SK혼_전환_단백질쉐이크출시_매거진형_파우치.개당가강조_.배너_맛없페인포인트.얼먹하면꾸덕.검증__이유빈_260709_제과_문다현,32,0,584.0,0
2026-07-09,(마스터2) [제과_단백질 쉐이크] 26.07_단백질쉐이크출시_ASC_전환_image,(마스터2) [제과_단백질 쉐이크] 26.07_단백질쉐이크출시_ASC_전환_image,[26.07]F_I_SK혼_전환_단백질쉐이크출시_매거진형_파우치.개당가강조_.배너_포만감페인포인트.단쉐는금방배고파지는데.이건먹다남음.검증__이유빈_260709_제과_문다현,7,0,272.0,0
2026-07-09,(마스터2) [제과_단백질 쉐이크] 26.07_단백질쉐이크출시_ASC_전환_image,(마스터2) [제과_단백질 쉐이크] 26.07_단백질쉐이크출시_ASC_전환_image,[26.07]F_I_SK혼_전환_단백질쉐이크출시_매거진형_파우치.개당가강조_.배너_포만감페인포인트.물만넣어도뚝딱.팝콘증정.검증__이유빈_260709_제과_문다현,11,1,386.0,0
2026-07-09,(마스터2) [제과_단백질 쉐이크] 26.07_단백질쉐이크출시_ASC_전환_image,(마스터2) [제과_단백질 쉐이크] 26.07_단백질쉐이크출시_ASC_전환_image,[26.07]F_I_SK혼_전환_단백질쉐이크출시_매거진형_파우치.개당가강조_.배너_가격페인포인트.최저가찾기지친다.검증__이유빈_260709_제과_문다현,11,0,389.0,0
2026-07-09,(마스터2) [제과_단백질 쉐이크] 26.07_단백질쉐이크출시_ASC_전환_image,(마스터2) [제과_단백질 쉐이크] 26.07_단백질쉐이크출시_ASC_전환_image,[26.07]F_I_SK혼_전환_단백질쉐이크출시_매거진형_파우치.개당가강조_.배너_맛없페인포인트.디저트먹는데살이걍빠짐.검증__이유빈_260709_제과_문다현,64,3,1454.0,0
2026-07-09,(마스터2) [제과_단백질 쉐이크] 26.07_단백질쉐이크출시_ASC_전환_image,(마스터2) [제과_단백질 쉐이크] 26.07_단백질쉐이크출시_ASC_전환_image,[26.07]F_I_SK혼_전환_단백질쉐이크출시_매거진형_파우치.개당가강조_.배너_맛없페인포인트.맛없는단쉐로다이어트못합니다.검증__이유빈_260709_제과_문다현,11,1,269.0,0
2026-07-09,(마스터2) [제과_단백질 쉐이크] 26.07_단백질쉐이크출시_ASC_전환_image,(마스터2) [제과_단백질 쉐이크] 26.07_단백질쉐이크출시_ASC_전환_image,[26.07]F_I_SK혼_전환_단백질쉐이크출시_매거진형_파우치.개당가강조_.배너_가격페인포인트.대용량하나가격에.곡물6종두달치.검증__이유빈_260709_제과_문다현,814,20,15351.0,0
2026-07-09,(마스터2) [제과_단백질 쉐이크] 26.07_단백질쉐이크출시_ASC_전환_image,(마스터2) [제과_단백질 쉐이크] 26.07_단백질쉐이크출시_ASC_전환_image,[26.07]F_I_SK혼_전환_단백질쉐이크출시_매거진형_파우치.개당가강조_.배너_가격페인포인트.토핑폭탄보통얼마.팝콘증정.검증__이유빈_260709_제과_문다현,5,0,108.0,0
2026-07-09,(마스터2) [제과_단백질 쉐이크] 26.07_단백질쉐이크출시_ASC_전환_image,(마스터2) [제과_단백질 쉐이크] 26.07_단백질쉐이크출시_ASC_전환_image,[26.07]F_I_SK혼_전환_단백질쉐이크출시_매거진형_파우치.개당가강조_.배너_가격페인포인트.핫딜검색고생.검증__이유빈_260709_제과_문다현,33,3,1011.0,0
2026-07-10,[제과_단백질 쉐이크] 26.06_단백질쉐이크출시_수동_전환_image,파우치개당가강조(2)_0709,[26.07]F_I_SK혼_전환_단백질쉐이크출시_매거진형_파우치.개당가강조_.배너_가격페인포인트.대용량하나살돈으로.코코볼폭탄.검증__이유빈_260709_제과_문다현,394,15,8410.0,0
2026-07-10,[제과_단백질 쉐이크] 26.06_단백질쉐이크출시_수동_전환_image,파우치개당가강조(2)_0709,[26.07]F_I_SK혼_전환_단백질쉐이크출시_매거진형_파우치.개당가강조_.배너_맛없페인포인트.비린맛단쉐.찐한생초코.역대최저가.검증__이유빈_260709_제과_문다현,47,1,617.0,0
2026-07-10,(마스터2) [제과_단백질 쉐이크] 26.07_단백질쉐이크출시_ASC_전환_image,(마스터2) [제과_단백질 쉐이크] 26.07_단백질쉐이크출시_ASC_전환_image,[26.07]F_I_SK혼_전환_단백질쉐이크출시_매거진형_파우치.개당가강조_.배너_맛없페인포인트.밍밍단쉐멈춰.찐한속세미숫가루.검증__이유빈_260709_제과_문다현,331,9,7292.0,0
2026-07-10,[제과_단백질 쉐이크] 26.06_단백질쉐이크출시_수동_전환_image,파우치개당가강조(2)_0709,[26.07]F_I_SK혼_전환_단백질쉐이크출시_매거진형_파우치.개당가강조_.배너_포만감페인포인트.단쉐는금방배고파지는데.이건먹다남음.검증__이유빈_260709_제과_문다현,11,0,149.0,0
2026-07-10,(마스터2) [제과_단백질 쉐이크] 26.07_단백질쉐이크출시_ASC_전환_image,(마스터2) [제과_단백질 쉐이크] 26.07_단백질쉐이크출시_ASC_전환_image,[26.07]F_I_SK혼_전환_단백질쉐이크출시_매거진형_파우치.개당가강조_.배너_맛없페인포인트.얼먹하면꾸덕.검증__이유빈_260709_제과_문다현,294,1,6619.0,0
2026-07-10,(마스터2) [제과_단백질 쉐이크] 26.07_단백질쉐이크출시_ASC_전환_image,(마스터2) [제과_단백질 쉐이크] 26.07_단백질쉐이크출시_ASC_전환_image,[26.07]F_I_SK혼_전환_단백질쉐이크출시_매거진형_파우치.개당가강조_.배너_포만감페인포인트.단쉐는금방배고파지는데.이건먹다남음.검증__이유빈_260709_제과_문다현,240,7,6672.0,0
2026-07-10,[제과_단백질 쉐이크] 26.06_단백질쉐이크출시_수동_전환_image,파우치개당가강조(2)_0709,[26.07]F_I_SK혼_전환_단백질쉐이크출시_매거진형_파우치.개당가강조_.배너_맛없페인포인트.얼먹하면꾸덕.검증__이유빈_260709_제과_문다현SK,91,2,1821.0,0
2026-07-10,[제과_단백질 쉐이크] 26.06_단백질쉐이크출시_수동_전환_image,파우치개당가강조(2)_0709,[26.07]F_I_SK혼_전환_단백질쉐이크출시_매거진형_파우치.개당가강조_.배너_가격페인포인트.토핑폭탄보통얼마.팝콘증정.검증__이유빈_260709_제과_문다현,3,0,16.0,0
2026-07-10,[제과_단백질 쉐이크] 26.06_단백질쉐이크출시_수동_전환_image,파우치개당가강조(2)_0709,[26.07]F_I_SK혼_전환_단백질쉐이크출시_매거진형_파우치.개당가강조_.배너_가격페인포인트.핫딜검색고생.검증__이유빈_260709_제과_문다현,11,1,196.0,0
2026-07-10,(마스터2) [제과_단백질 쉐이크] 26.07_단백질쉐이크출시_ASC_전환_image,(마스터2) [제과_단백질 쉐이크] 26.07_단백질쉐이크출시_ASC_전환_image,[26.07]F_I_SK혼_전환_단백질쉐이크출시_매거진형_파우치.개당가강조_.배너_포만감페인포인트.물만넣어도뚝딱.팝콘증정.검증__이유빈_260709_제과_문다현,1933,37,36595.0,4
2026-07-10,[제과_단백질 쉐이크] 26.06_단백질쉐이크출시_수동_전환_image,파우치개당가강조(2)_0709,[26.07]F_I_SK혼_전환_단백질쉐이크출시_매거진형_파우치.개당가강조_.배너_가격페인포인트.최저가찾기지친다.검증__이유빈_260709_제과_문다현,19,1,333.0,0
2026-07-10,[제과_단백질 쉐이크] 26.06_단백질쉐이크출시_수동_전환_image,파우치개당가강조(2)_0709,[26.07]F_I_SK혼_전환_단백질쉐이크출시_매거진형_파우치.개당가강조_.배너_포만감페인포인트.통쉐이크토핑넘적어.검증__이유빈_260709_제과_문다현,11,0,136.0,0
2026-07-10,(마스터2) [제과_단백질 쉐이크] 26.07_단백질쉐이크출시_ASC_전환_image,(마스터2) [제과_단백질 쉐이크] 26.07_단백질쉐이크출시_ASC_전환_image,[26.07]F_I_SK혼_전환_단백질쉐이크출시_매거진형_파우치.개당가강조_.배너_가격페인포인트.최저가찾기지친다.검증__이유빈_260709_제과_문다현,517,6,10394.0,0
2026-07-10,[제과_단백질 쉐이크] 26.06_단백질쉐이크출시_수동_전환_image,파우치개당가강조(2)_0709,[26.07]F_I_SK혼_전환_단백질쉐이크출시_매거진형_파우치.개당가강조_.배너_맛없페인포인트.디저트먹는데살이걍빠짐.검증__이유빈_260709_제과_문다현,17,0,751.0,0
2026-07-10,[제과_단백질 쉐이크] 26.06_단백질쉐이크출시_수동_전환_image,파우치개당가강조(2)_0709,[26.07]F_I_SK혼_전환_단백질쉐이크출시_매거진형_파우치.개당가강조_.배너_가격페인포인트.대용량하나가격에.곡물6종두달치.검증__이유빈_260709_제과_문다현,27,1,452.0,0
2026-07-10,[제과_단백질 쉐이크] 26.06_단백질쉐이크출시_수동_전환_image,브랜드강조_0629,[26.07]F_I_SK혼_전환_단백질쉐이크출시_혜택강조형_라라권위_.배너_코코볼양봐라.팝콘증정.확장__이유빈_260709_제과_문다현,195,5,6492.0,0
2026-07-10,(마스터2) [제과_단백질 쉐이크] 26.07_단백질쉐이크출시_ASC_전환_image,(마스터2) [제과_단백질 쉐이크] 26.07_단백질쉐이크출시_ASC_전환_image,[26.07]F_I_SK혼_전환_단백질쉐이크출시_매거진형_파우치.개당가강조_.배너_맛없페인포인트.디저트먹는데살이걍빠짐.검증__이유빈_260709_제과_문다현,449,14,10703.0,0
2026-07-10,[제과_단백질 쉐이크] 26.06_단백질쉐이크출시_수동_전환_image,브랜드강조_0629,[26.07]F_I_SK혼_전환_단백질쉐이크출시_혜택강조형_라라권위_.배너_저당맛집라라스윗다운.팝콘증정.확장__이유빈_260709_제과_문다현,324,8,11926.0,1
2026-07-10,(마스터2) [제과_단백질 쉐이크] 26.07_단백질쉐이크출시_ASC_전환_image,(마스터2) [제과_단백질 쉐이크] 26.07_단백질쉐이크출시_ASC_전환_image,[26.07]F_I_SK혼_전환_단백질쉐이크출시_매거진형_파우치.개당가강조_.배너_맛없페인포인트.맛없는단쉐로다이어트못합니다.검증__이유빈_260709_제과_문다현,421,12,8678.0,0
2026-07-10,(마스터2) [제과_단백질 쉐이크] 26.07_단백질쉐이크출시_ASC_전환_image,(마스터2) [제과_단백질 쉐이크] 26.07_단백질쉐이크출시_ASC_전환_image,[26.07]F_I_SK혼_전환_단백질쉐이크출시_매거진형_파우치.개당가강조_.배너_가격페인포인트.대용량하나가격에.곡물6종두달치.검증__이유빈_260709_제과_문다현,1012,21,17791.0,0
2026-07-10,[제과_단백질 쉐이크] 26.06_단백질쉐이크출시_수동_전환_image,파우치개당가강조(2)_0709,[26.07]F_I_SK혼_전환_단백질쉐이크출시_매거진형_파우치.개당가강조_.배너_맛없페인포인트.맛없는단쉐로다이어트못합니다.검증__이유빈_260709_제과_문다현,3,0,17.0,0
2026-07-10,(마스터2) [제과_단백질 쉐이크] 26.07_단백질쉐이크출시_ASC_전환_image,(마스터2) [제과_단백질 쉐이크] 26.07_단백질쉐이크출시_ASC_전환_image,[26.07]F_I_SK혼_전환_단백질쉐이크출시_매거진형_파우치.개당가강조_.배너_가격페인포인트.토핑폭탄보통얼마.팝콘증정.검증__이유빈_260709_제과_문다현,42,1,2345.0,0
2026-07-10,(마스터2) [제과_단백질 쉐이크] 26.07_단백질쉐이크출시_ASC_전환_image,(마스터2) [제과_단백질 쉐이크] 26.07_단백질쉐이크출시_ASC_전환_image,[26.07]F_I_SK혼_전환_단백질쉐이크출시_매거진형_파우치.개당가강조_.배너_가격페인포인트.핫딜검색고생.검증__이유빈_260709_제과_문다현,85,1,3131.0,0
2026-07-11,[제과_단백질 쉐이크] 26.06_단백질쉐이크출시_수동_전환_image,파우치개당가강조(2)_0709,[26.07]F_I_SK혼_전환_단백질쉐이크출시_매거진형_파우치.개당가강조_.배너_맛없페인포인트.비린맛단쉐.찐한생초코.역대최저가.검증__이유빈_260709_제과_문다현,46,2,870.0,0
2026-07-11,[제과_단백질 쉐이크] 26.06_단백질쉐이크출시_수동_전환_image,파우치개당가강조(2)_0709,[26.07]F_I_SK혼_전환_단백질쉐이크출시_매거진형_파우치.개당가강조_.배너_포만감페인포인트.단쉐는금방배고파지는데.이건먹다남음.검증__이유빈_260709_제과_문다현,9,1,266.0,0
2026-07-11,[제과_단백질 쉐이크] 26.06_단백질쉐이크출시_수동_전환_image,파우치개당가강조(2)_0709,[26.07]F_I_SK혼_전환_단백질쉐이크출시_매거진형_파우치.개당가강조_.배너_맛없페인포인트.얼먹하면꾸덕.검증__이유빈_260709_제과_문다현SK,444,2,8388.0,0
2026-07-11,[제과_단백질 쉐이크] 26.06_단백질쉐이크출시_수동_전환_image,파우치개당가강조(2)_0709,[26.07]F_I_SK혼_전환_단백질쉐이크출시_매거진형_파우치.개당가강조_.배너_가격페인포인트.토핑폭탄보통얼마.팝콘증정.검증__이유빈_260709_제과_문다현,23,0,649.0,0
2026-07-11,[제과_단백질 쉐이크] 26.06_단백질쉐이크출시_수동_전환_image,파우치개당가강조(2)_0709,[26.07]F_I_SK혼_전환_단백질쉐이크출시_매거진형_파우치.개당가강조_.배너_가격페인포인트.핫딜검색고생.검증__이유빈_260709_제과_문다현,282,9,6717.0,1
2026-07-11,[제과_단백질 쉐이크] 26.06_단백질쉐이크출시_수동_전환_image,파우치개당가강조(2)_0709,[26.07]F_I_SK혼_전환_단백질쉐이크출시_매거진형_파우치.개당가강조_.배너_가격페인포인트.최저가찾기지친다.검증__이유빈_260709_제과_문다현,52,1,1285.0,0
2026-07-11,[제과_단백질 쉐이크] 26.06_단백질쉐이크출시_수동_전환_image,파우치개당가강조(2)_0709,[26.07]F_I_SK혼_전환_단백질쉐이크출시_매거진형_파우치.개당가강조_.배너_포만감페인포인트.통쉐이크토핑넘적어.검증__이유빈_260709_제과_문다현,18,1,473.0,0
2026-07-11,[제과_단백질 쉐이크] 26.06_단백질쉐이크출시_수동_전환_image,파우치개당가강조(2)_0709,[26.07]F_I_SK혼_전환_단백질쉐이크출시_매거진형_파우치.개당가강조_.배너_맛없페인포인트.디저트먹는데살이걍빠짐.검증__이유빈_260709_제과_문다현,32,1,796.0,0
2026-07-11,[제과_단백질 쉐이크] 26.06_단백질쉐이크출시_수동_전환_image,파우치개당가강조(2)_0709,[26.07]F_I_SK혼_전환_단백질쉐이크출시_매거진형_파우치.개당가강조_.배너_가격페인포인트.대용량하나가격에.곡물6종두달치.검증__이유빈_260709_제과_문다현,312,7,7745.0,1
2026-07-11,[제과_단백질 쉐이크] 26.06_단백질쉐이크출시_수동_전환_image,파우치개당가강조(2)_0709,[26.07]F_I_SK혼_전환_단백질쉐이크출시_매거진형_파우치.개당가강조_.배너_맛없페인포인트.맛없는단쉐로다이어트못합니다.검증__이유빈_260709_제과_문다현,4,0,326.0,0
2026-07-12,[제과_단백질 쉐이크] 26.06_단백질쉐이크출시_수동_전환_image,파우치개당가강조(2)_0709,[26.07]F_I_SK혼_전환_단백질쉐이크출시_매거진형_파우치.개당가강조_.배너_맛없페인포인트.비린맛단쉐.찐한생초코.역대최저가.검증__이유빈_260709_제과_문다현,420,6,6662.0,0
2026-07-12,[제과_단백질 쉐이크] 26.06_단백질쉐이크출시_수동_전환_image,파우치개당가강조(2)_0709,[26.07]F_I_SK혼_전환_단백질쉐이크출시_매거진형_파우치.개당가강조_.배너_포만감페인포인트.단쉐는금방배고파지는데.이건먹다남음.검증__이유빈_260709_제과_문다현,422,12,10291.0,1
2026-07-12,[제과_단백질 쉐이크] 26.06_단백질쉐이크출시_수동_전환_image,파우치개당가강조(2)_0709,[26.07]F_I_SK혼_전환_단백질쉐이크출시_매거진형_파우치.개당가강조_.배너_가격페인포인트.토핑폭탄보통얼마.팝콘증정.검증__이유빈_260709_제과_문다현,1,0,4.0,0
2026-07-12,[제과_단백질 쉐이크] 26.06_단백질쉐이크출시_수동_전환_image,파우치개당가강조(2)_0709,[26.07]F_I_SK혼_전환_단백질쉐이크출시_매거진형_파우치.개당가강조_.배너_가격페인포인트.핫딜검색고생.검증__이유빈_260709_제과_문다현,6451,135,131117.0,11
2026-07-12,[제과_단백질 쉐이크] 26.06_단백질쉐이크출시_수동_전환_image,파우치개당가강조(2)_0709,[26.07]F_I_SK혼_전환_단백질쉐이크출시_매거진형_파우치.개당가강조_.배너_가격페인포인트.최저가찾기지친다.검증__이유빈_260709_제과_문다현,20,0,224.0,0
2026-07-12,[제과_단백질 쉐이크] 26.06_단백질쉐이크출시_수동_전환_image,파우치개당가강조(2)_0709,[26.07]F_I_SK혼_전환_단백질쉐이크출시_매거진형_파우치.개당가강조_.배너_포만감페인포인트.통쉐이크토핑넘적어.검증__이유빈_260709_제과_문다현,306,5,6700.0,1
2026-07-12,[제과_단백질 쉐이크] 26.06_단백질쉐이크출시_수동_전환_image,파우치개당가강조(2)_0709,[26.07]F_I_SK혼_전환_단백질쉐이크출시_매거진형_파우치.개당가강조_.배너_맛없페인포인트.디저트먹는데살이걍빠짐.검증__이유빈_260709_제과_문다현,267,7,5475.0,4
2026-07-13,[제과_단백질 쉐이크] 26.06_단백질쉐이크출시_수동_전환_image,파우치개당가강조(2)_0709,[26.07]F_I_SK혼_전환_단백질쉐이크출시_매거진형_파우치.개당가강조_.배너_맛없페인포인트.비린맛단쉐.찐한생초코.역대최저가.검증__이유빈_260709_제과_문다현,1303,23,22686.0,0
2026-07-13,[제과_단백질 쉐이크] 26.06_단백질쉐이크출시_수동_전환_image,파우치개당가강조(2)_0709,[26.07]F_I_SK혼_전환_단백질쉐이크출시_매거진형_파우치.개당가강조_.배너_가격페인포인트.토핑폭탄보통얼마.팝콘증정.검증__이유빈_260709_제과_문다현,94,1,1844.0,0
2026-07-13,[제과_단백질 쉐이크] 26.06_단백질쉐이크출시_수동_전환_image,파우치개당가강조(2)_0709,[26.07]F_I_SK혼_전환_단백질쉐이크출시_매거진형_파우치.개당가강조_.배너_가격페인포인트.최저가찾기지친다.검증__이유빈_260709_제과_문다현,4167,91,82465.0,7
2026-07-13,[제과_단백질 쉐이크] 26.06_단백질쉐이크출시_수동_전환_image,파우치개당가강조(2)_0709,[26.07]F_I_SK혼_전환_단백질쉐이크출시_매거진형_파우치.개당가강조_.배너_포만감페인포인트.통쉐이크토핑넘적어.검증__이유빈_260709_제과_문다현,4166,95,82204.0,2
2026-07-13,[제과_단백질 쉐이크] 26.06_단백질쉐이크출시_수동_전환_image,파우치개당가강조(2)_0709,[26.07]F_I_SK혼_전환_단백질쉐이크출시_매거진형_파우치.개당가강조_.배너_맛없페인포인트.디저트먹는데살이걍빠짐.검증__이유빈_260709_제과_문다현,546,9,13789.0,1
2026-07-14,[제과_단백질 쉐이크] 26.06_단백질쉐이크출시_수동_전환_image,파우치개당가강조(2)_0709,[26.07]F_I_SK혼_전환_단백질쉐이크출시_매거진형_파우치.개당가강조_.배너_가격페인포인트.토핑폭탄보통얼마.팝콘증정.검증__이유빈_260709_제과_문다현,1,0,16.0,0
2026-07-14,[제과_단백질 쉐이크] 26.06_단백질쉐이크출시_수동_전환_image,파우치개당가강조(2)_0709,[26.07]F_I_SK혼_전환_단백질쉐이크출시_매거진형_파우치.개당가강조_.배너_맛없페인포인트.디저트먹는데살이걍빠짐.검증__이유빈_260709_제과_문다현,297,8,8934.0,0
2026-07-15,[제과_단백질 쉐이크] 26.06_단백질쉐이크출시_수동_전환_image,파우치개당가강조(2)_0709,[26.07]F_I_SK혼_전환_단백질쉐이크출시_매거진형_파우치.개당가강조_.배너_가격페인포인트.토핑폭탄보통얼마.팝콘증정.검증__이유빈_260709_제과_문다현,233,2,3574.0,0
2026-07-15,[제과_단백질 쉐이크] 26.06_단백질쉐이크출시_수동_전환_image,파우치개당가강조(2)_0709,[26.07]F_I_SK혼_전환_단백질쉐이크출시_매거진형_파우치.개당가강조_.배너_맛없페인포인트.디저트먹는데살이걍빠짐.검증__이유빈_260709_제과_문다현,678,22,17420.0,1
2026-07-15,[제과_단백질 쉐이크] 26.06_단백질쉐이크출시_수동_전환_image,파우치개당가강조(2)_0709,[26.07]F_I_SK혼_전환_단백질쉐이크출시_매거진형_파우치.개당가강조_.배너_가격페인포인트.대용량하나가격에.곡물6종두달치.검증__이유빈_260709_제과_문다현,164,6,2673.0,0
2026-07-01,[콘스프맛 팝콘] 26.05_콘스프맛팝콘출시_ASC_전환_image (old),[콘스프맛 팝콘] 26.05_콘스프맛팝콘출시_ASC_전환_image (old),[26.06]F_I_PC혼_전환_팝콘더블특가_매거진형_페인포인트_.배너_간식.당칼로리.__김소희_260624_제과_김나현,17,0,418.0,0
2026-07-01,[제과_단백질 쉐이크] 26.06_단백질쉐이크출시_ASC_전환_video,[제과_단백질 쉐이크] 26.06_단백질쉐이크출시_ASC_전환_video,[26.06]F_P_SK혼_전환_단백질쉐이크출시_신규BP_파트너쉽_.릴스_.X__이유빈_260624_제과_와뜨기,973,12,15708.0,0
2026-07-01,[콘스프맛 팝콘] 26.05_콘스프맛팝콘출시_ASC_전환_image (old),[콘스프맛 팝콘] 26.05_콘스프맛팝콘출시_ASC_전환_image (old),[26.06]F_I_PC혼_전환_팝콘더블특가_혜택강조형_다이어트_.배너_반값보다더싸요.__김소희_260626_제과_김수정,21,0,634.0,0
2026-07-01,(미사용) [제과_단백질 쉐이크] 26.06_단백질쉐이크출시_ASC_전환_image,[제과_단백질 쉐이크] 26.06_단백질쉐이크출시_ASC_전환_image,[26.06]F_I_SK초_전환_단백질쉐이크출시_제품강조형_라라권위_.배너_빠삐코에코코볼.단계적할인.가격비교X.__이유빈_260701_제과_문다현,239,6,4888.0,0
2026-07-01,(미사용) [제과_단백질 쉐이크] 26.06_단백질쉐이크출시_ASC_전환_image,[제과_단백질 쉐이크] 26.06_단백질쉐이크출시_ASC_전환_image,[26.06]F_I_SK곡_전환_단백질쉐이크출시_제품강조형_원재료강조_.배너_이게가능.국밥보다든든.가격비교X.__이유빈_260701_제과_문다현,2,0,24.0,0
2026-07-02,(마스터ASC)[제과_콘스프맛 팝콘] 26.05_콘스프맛팝콘출시_ASC_전환_video,(마스터ASC)[콘스프맛 팝콘] 26.05_콘스프맛팝콘출시_ASC_전환_video,[26.06]F_V_PC콘_전환_팝콘더블특가_고객후기형_김부각BP.메시지검증.다이어트_main.릴스_공통.추가건PJ_1P_최나영_260626_제과_강경연,489,4,7371.0,0
2026-07-02,(미사용) [제과_단백질 쉐이크] 26.06_단백질쉐이크출시_ASC_전환_image,[제과_단백질 쉐이크] 26.06_단백질쉐이크출시_ASC_전환_image,[26.06]F_I_SK초_전환_단백질쉐이크출시_제품강조형_라라권위_.배너_빠삐코에코코볼.단계적할인.가격비교X.__이유빈_260701_제과_문다현,499,13,10503.0,0
2026-07-02,(미사용) [제과_단백질 쉐이크] 26.06_단백질쉐이크출시_ASC_전환_image,[제과_단백질 쉐이크] 26.06_단백질쉐이크출시_ASC_전환_image,[26.06]F_I_SK곡_전환_단백질쉐이크출시_제품강조형_원재료강조_.배너_이게가능.국밥보다든든.가격비교X.__이유빈_260701_제과_문다현,15,0,423.0,0
2026-07-02,(미사용) [제과_단백질 쉐이크] 26.06_단백질쉐이크출시_ASC_전환_image,[제과_단백질 쉐이크] 26.06_단백질쉐이크출시_ASC_전환_image,[26.06]F_I_SK혼_전환_단백질쉐이크출시_제품강조형_타사비교_.배너_저가비교.씹는맛이없다고.__이유빈_260701_제과_김수정,87,1,2729.0,0
2026-07-03,(마스터ASC)[제과_콘스프맛 팝콘] 26.05_콘스프맛팝콘출시_ASC_전환_video,(마스터ASC)[콘스프맛 팝콘] 26.05_콘스프맛팝콘출시_ASC_전환_video,[26.06]F_V_PC콘_전환_팝콘더블특가_고객후기형_김부각BP.메시지검증.다이어트_main.릴스_공통.추가건PJ_1P_최나영_260626_제과_강경연,3,0,19.0,0
2026-07-03,(마스터ASC)[제과_콘스프맛 팝콘] 26.07_콘스프맛팝콘출시_ASC_전환_image (NEW),(마스터ASC)[콘스프맛 팝콘] 26.07_콘스프맛팝콘출시_ASC_전환_image (NEW),[26.07]F_I_PC혼_전환_팝콘할인페스타_혜택강조형_다이어트_.배너_입터짐방지팝콘.선착순300명한정.확장__김소희_260702_제과_문다현,9,1,275.0,0
2026-07-03,(마스터ASC)[제과_콘스프맛 팝콘] 26.07_콘스프맛팝콘출시_ASC_전환_image (NEW),(마스터ASC)[콘스프맛 팝콘] 26.07_콘스프맛팝콘출시_ASC_전환_image (NEW),[26.07]F_I_PC혼_전환_팝콘할인페스타_혜택강조형_다이어트_.배너_살찔걱정x.핑크박스.선착순300명한정.확장__김소희_260703_제과_문다현,13,2,295.0,0
2026-07-04,(마스터ASC)[제과_콘스프맛 팝콘] 26.05_콘스프맛팝콘출시_ASC_전환_video,(마스터ASC)[콘스프맛 팝콘] 26.05_콘스프맛팝콘출시_ASC_전환_video,[26.06]F_V_PC콘_전환_팝콘더블특가_고객후기형_김부각BP.메시지검증.다이어트_main.릴스_공통.추가건PJ_1P_최나영_260626_제과_강경연,56,1,803.0,0
2026-07-04,(미사용) [제과_단백질 쉐이크] 26.06_단백질쉐이크출시_ASC_전환_image,[제과_단백질 쉐이크] 26.06_단백질쉐이크출시_ASC_전환_image,[26.06]F_I_SK곡_전환_단백질쉐이크출시_제품강조형_원재료강조_.배너_이게가능.국밥보다든든.가격비교X.__이유빈_260701_제과_문다현,4,0,67.0,0
2026-07-04,[제과_단백질 쉐이크] 26.06_단백질쉐이크출시_수동_전환_video,네고형_0702,[26.07]F_V_SK혼_전환_단백질쉐이크출시_네고형_역네고형_main.릴스_공통시작.X_2P_이유빈_260703_제과_이미진,2266,100,56514.0,9
2026-07-04,(마스터ASC)[제과_콘스프맛 팝콘] 26.07_콘스프맛팝콘출시_ASC_전환_image (NEW),(마스터ASC)[콘스프맛 팝콘] 26.07_콘스프맛팝콘출시_ASC_전환_image (NEW),[26.07]F_I_PC혼_전환_팝콘할인페스타_혜택강조형_다이어트_.배너_살찔걱정x.핑크박스.선착순300명한정.확장__김소희_260703_제과_문다현,405,21,8701.0,1
2026-07-04,(마스터ASC)[제과_콘스프맛 팝콘] 26.07_콘스프맛팝콘출시_ASC_전환_image (NEW),(마스터ASC)[콘스프맛 팝콘] 26.07_콘스프맛팝콘출시_ASC_전환_image (NEW),[26.07]F_I_PC혼_전환_팝콘할인페스타_혜택강조형_다이어트_.배너_죄송합니다.혼나는캐릭터.AI.확장__김소희_260703_제과_문다현,1316,38,25027.0,1
2026-07-04,[제과_단백질 쉐이크] 26.06_단백질쉐이크출시_수동_전환_video,지인네고형_0702,[26.07]F_V_SK혼_전환_단백질쉐이크출시_네고형_지인네고형_var3.릴스_맛.생초코.X_2P_이유빈_260703_제과_이봄1,77,3,1288.0,0
2026-07-04,[제과_단백질 쉐이크] 26.06_단백질쉐이크출시_수동_전환_video,지인네고형_0702,[26.07]F_V_SK혼_전환_단백질쉐이크출시_네고형_지인네고형_var6.릴스_토핑강조.X_2P_이유빈_260703_제과_이봄1,100,0,1548.0,0
2026-07-04,[제과_단백질 쉐이크] 26.06_단백질쉐이크출시_ASC_전환_video,[제과_단백질 쉐이크] 26.06_단백질쉐이크출시_ASC_전환_video,[26.07]F_V_SK곡_전환_단백질쉐이크출시_네고형_전화네고형_var1.릴스_가격.3개.X_2P_이유빈_260703_제과_윤성미,3,0,53.0,0
2026-07-05,(마스터ASC)[제과_콘스프맛 팝콘] 26.05_콘스프맛팝콘출시_ASC_전환_video,(마스터ASC)[콘스프맛 팝콘] 26.05_콘스프맛팝콘출시_ASC_전환_video,[26.06]F_V_PC콘_전환_팝콘더블특가_고객후기형_김부각BP.메시지검증.다이어트_main.릴스_공통.추가건PJ_1P_최나영_260626_제과_강경연,36,0,482.0,0
2026-07-05,(마스터ASC)[제과_콘스프맛 팝콘] 26.07_콘스프맛팝콘출시_ASC_전환_image (NEW),(마스터ASC)[콘스프맛 팝콘] 26.07_콘스프맛팝콘출시_ASC_전환_image (NEW),[26.07]F_I_PC혼_전환_팝콘할인페스타_혜택강조형_다이어트_.배너_입터짐방지팝콘.선착순300명한정.확장__김소희_260702_제과_문다현,62,1,1278.0,0
2026-07-05,[제과_단백질 쉐이크] 26.06_단백질쉐이크출시_수동_전환_video,네고형_0702,[26.07]F_V_SK혼_전환_단백질쉐이크출시_네고형_역네고형_main.릴스_공통시작.X_2P_이유빈_260703_제과_이미진,75,2,1851.0,1
2026-07-05,[제과_단백질 쉐이크] 26.06_단백질쉐이크출시_수동_전환_video,지인네고형_0702,[26.07]F_V_SK혼_전환_단백질쉐이크출시_네고형_지인네고형_var3.릴스_맛.생초코.X_2P_이유빈_260703_제과_이봄1,28,0,481.0,0
2026-07-05,[제과_단백질 쉐이크] 26.06_단백질쉐이크출시_수동_전환_video,지인네고형_0702,[26.07]F_V_SK혼_전환_단백질쉐이크출시_네고형_지인네고형_var6.릴스_토핑강조.X_2P_이유빈_260703_제과_이봄1,2,0,39.0,0
2026-07-05,[제과_단백질 쉐이크] 26.06_단백질쉐이크출시_ASC_전환_video,[제과_단백질 쉐이크] 26.06_단백질쉐이크출시_ASC_전환_video,[26.07]F_V_SK곡_전환_단백질쉐이크출시_네고형_전화네고형_var1.릴스_가격.3개.X_2P_이유빈_260703_제과_윤성미,1,0,7.0,0
2026-07-06,(마스터ASC)[제과_콘스프맛 팝콘] 26.05_콘스프맛팝콘출시_ASC_전환_video,(마스터ASC)[콘스프맛 팝콘] 26.05_콘스프맛팝콘출시_ASC_전환_video,[26.06]F_V_PC콘_전환_팝콘더블특가_고객후기형_김부각BP.메시지검증.다이어트_main.릴스_공통.추가건PJ_1P_최나영_260626_제과_강경연,206,3,2743.0,0
2026-07-06,(미사용) [제과_단백질 쉐이크] 26.06_단백질쉐이크출시_ASC_전환_image,[제과_단백질 쉐이크] 26.06_단백질쉐이크출시_ASC_전환_image,[26.06]F_I_SK곡_전환_단백질쉐이크출시_제품강조형_원재료강조_.배너_이게가능.국밥보다든든.가격비교X.__이유빈_260701_제과_문다현,18,2,471.0,0
2026-07-06,(마스터ASC)[제과_콘스프맛 팝콘] 26.07_콘스프맛팝콘출시_ASC_전환_image (NEW),(마스터ASC)[콘스프맛 팝콘] 26.07_콘스프맛팝콘출시_ASC_전환_image (NEW),[26.07]F_I_PC혼_전환_팝콘할인페스타_혜택강조형_다이어트_.배너_입터짐방지팝콘.선착순300명한정.확장__김소희_260702_제과_문다현,221,5,4802.0,0
2026-07-06,[제과_단백질 쉐이크] 26.06_단백질쉐이크출시_수동_전환_video,네고형_0702,[26.07]F_V_SK혼_전환_단백질쉐이크출시_네고형_역네고형_main.릴스_공통시작.X_2P_이유빈_260703_제과_이미진,271,12,7069.0,0
2026-07-06,[제과_단백질 쉐이크] 26.06_단백질쉐이크출시_수동_전환_video,지인네고형_0702,[26.07]F_V_SK혼_전환_단백질쉐이크출시_네고형_지인네고형_var3.릴스_맛.생초코.X_2P_이유빈_260703_제과_이봄1,13,0,485.0,0
2026-07-06,[제과_단백질 쉐이크] 26.06_단백질쉐이크출시_수동_전환_video,지인네고형_0702,[26.07]F_V_SK혼_전환_단백질쉐이크출시_네고형_지인네고형_var6.릴스_토핑강조.X_2P_이유빈_260703_제과_이봄1,3,0,63.0,0
2026-07-07,(마스터ASC)[제과_콘스프맛 팝콘] 26.05_콘스프맛팝콘출시_ASC_전환_video,(마스터ASC)[콘스프맛 팝콘] 26.05_콘스프맛팝콘출시_ASC_전환_video,[26.06]F_V_PC콘_전환_팝콘더블특가_고객후기형_김부각BP.메시지검증.다이어트_main.릴스_공통.추가건PJ_1P_최나영_260626_제과_강경연,106,2,2114.0,0
2026-07-07,(마스터ASC)[제과_콘스프맛 팝콘] 26.07_콘스프맛팝콘출시_ASC_전환_image (NEW),(마스터ASC)[콘스프맛 팝콘] 26.07_콘스프맛팝콘출시_ASC_전환_image (NEW),[26.07]F_I_PC혼_전환_팝콘할인페스타_혜택강조형_다이어트_.배너_입터짐방지팝콘.선착순300명한정.확장__김소희_260702_제과_문다현,386,12,7598.0,2
2026-07-07,[제과_단백질 쉐이크] 26.06_단백질쉐이크출시_수동_전환_video,네고형_0702,[26.07]F_V_SK혼_전환_단백질쉐이크출시_네고형_역네고형_main.릴스_공통시작.X_2P_이유빈_260703_제과_이미진,196,5,6308.0,0
2026-07-07,[제과_단백질 쉐이크] 26.06_단백질쉐이크출시_수동_전환_video,지인네고형_0702,[26.07]F_V_SK혼_전환_단백질쉐이크출시_네고형_지인네고형_var3.릴스_맛.생초코.X_2P_이유빈_260703_제과_이봄1,19,1,516.0,1
2026-07-07,(마스터ASC)[제과_콘스프맛 팝콘] 26.07_콘스프맛팝콘출시_ASC_전환_image (NEW),(마스터ASC)[콘스프맛 팝콘] 26.07_콘스프맛팝콘출시_ASC_전환_image (NEW),[26.07]F_I_PC혼_전환_팝콘할인페스타_혜택강조형_다이어트_.배너_초록.선착순300명할인마감임박.늦은시간.자극속세맛.확장__김소희_260706_제과_문다현,942,28,17677.0,8
2026-07-07,(마스터2) [제과_단백질 쉐이크] 26.07_단백질쉐이크출시_ASC_전환_image,(마스터2) [제과_단백질 쉐이크] 26.07_단백질쉐이크출시_ASC_전환_image,[26.07]F_I_SK초_전환_단백질쉐이크출시_혜택강조형_파우치.개당가강조_.배너_불편하지않아도.할인조건없음.검증__이유빈_260706_제과_김수정,14,1,657.0,0
2026-07-07,(마스터ASC)[제과_콘스프맛 팝콘] 26.07_콘스프맛팝콘출시_ASC_전환_image (NEW),(마스터ASC)[콘스프맛 팝콘] 26.07_콘스프맛팝콘출시_ASC_전환_image (NEW),[26.07]F_I_PC혼_전환_팝콘할인페스타_혜택강조형_다이어트_.배너_공지.가격실수안내.다이어트커뮤니티입소문.공장풀가동.확장__김소희_260707_제과_문다현,258,8,4346.0,0
2026-07-08,(마스터ASC)[제과_콘스프맛 팝콘] 26.05_콘스프맛팝콘출시_ASC_전환_video,(마스터ASC)[콘스프맛 팝콘] 26.05_콘스프맛팝콘출시_ASC_전환_video,[26.06]F_V_PC콘_전환_팝콘더블특가_고객후기형_김부각BP.메시지검증.다이어트_main.릴스_공통.추가건PJ_1P_최나영_260626_제과_강경연,5,0,19.0,0
2026-07-08,[제과_단백질 쉐이크] 26.06_단백질쉐이크출시_수동_전환_video,네고형_0702,[26.07]F_V_SK혼_전환_단백질쉐이크출시_네고형_역네고형_main.릴스_공통시작.X_2P_이유빈_260703_제과_이미진,110,2,2583.0,0
2026-07-08,(마스터ASC)[제과_콘스프맛 팝콘] 26.07_콘스프맛팝콘출시_ASC_전환_image (NEW),(마스터ASC)[콘스프맛 팝콘] 26.07_콘스프맛팝콘출시_ASC_전환_image (NEW),[26.07]F_I_PC혼_전환_팝콘할인페스타_혜택강조형_다이어트_.배너_초록.선착순300명할인마감임박.늦은시간.자극속세맛.확장__김소희_260706_제과_문다현,333,11,6642.0,1
2026-07-08,(마스터2) [제과_단백질 쉐이크] 26.07_단백질쉐이크출시_ASC_전환_image,(마스터2) [제과_단백질 쉐이크] 26.07_단백질쉐이크출시_ASC_전환_image,[26.07]F_I_SK초_전환_단백질쉐이크출시_혜택강조형_파우치.개당가강조_.배너_불편하지않아도.할인조건없음.검증__이유빈_260706_제과_김수정,54,1,1009.0,0
2026-07-08,(마스터ASC)[제과_콘스프맛 팝콘] 26.07_콘스프맛팝콘출시_ASC_전환_image (NEW),(마스터ASC)[콘스프맛 팝콘] 26.07_콘스프맛팝콘출시_ASC_전환_image (NEW),[26.07]F_I_PC혼_전환_팝콘할인페스타_혜택강조형_다이어트_.배너_군것질생각너무나지만.살걱정.마감직전.빠른속도로.소진중.확장__김소희_260707_제과_문다현,126,2,1596.0,0
2026-07-08,(마스터ASC)[제과_콘스프맛 팝콘] 26.07_콘스프맛팝콘출시_ASC_전환_image (NEW),(마스터ASC)[콘스프맛 팝콘] 26.07_콘스프맛팝콘출시_ASC_전환_image (NEW),[26.07]F_I_PC혼_전환_팝콘할인페스타_혜택강조형_다이어트_.배너_공지.가격실수안내.다이어트커뮤니티입소문.공장풀가동.확장__김소희_260707_제과_문다현,8246,138,92006.0,17
2026-07-08,[제과_단백질 쉐이크] 26.06_단백질쉐이크출시_수동_전환_image,파우치개당가강조_0706,[26.07]F_I_SK초_전환_단백질쉐이크출시_제품강조형_원재료강조_.배너_생초코로기둥세운.속세맛신작.가격비교O.아몬드스윗삭제.확장__이유빈_260707_제과_김수정,9,1,154.0,0
2026-07-08,[제과_단백질 쉐이크] 26.06_단백질쉐이크출시_수동_전환_image,파우치개당가강조_0706,[26.07]F_I_SK초_전환_단백질쉐이크출시_혜택강조형_파우치.개당가강조_.배너_특정시점.직구보다빠른데.검증__이유빈_260706_제과_김수정,70,1,2654.0,0
2026-07-08,(마스터ASC)[제과_콘스프맛 팝콘] 26.07_콘스프맛팝콘출시_ASC_전환_image (NEW),(마스터ASC)[콘스프맛 팝콘] 26.07_콘스프맛팝콘출시_ASC_전환_image (NEW),[26.07]F_I_PC혼_전환_상시_매거진형_다이어트_.배너_야식콘텐츠페인포인트.넷플릭스과자.죄책감.걱정없는야식.검증__김소희_260708_제과_문다현,338,5,5173.0,0
2026-07-09,(마스터ASC)[제과_콘스프맛 팝콘] 26.05_콘스프맛팝콘출시_ASC_전환_video,(마스터ASC)[콘스프맛 팝콘] 26.05_콘스프맛팝콘출시_ASC_전환_video,[26.06]F_V_PC콘_전환_팝콘더블특가_고객후기형_김부각BP.메시지검증.다이어트_main.릴스_공통.추가건PJ_1P_최나영_260626_제과_강경연,259,2,4227.0,1
2026-07-09,[제과_단백질 쉐이크] 26.06_단백질쉐이크출시_수동_전환_video,네고형_0702,[26.07]F_V_SK혼_전환_단백질쉐이크출시_네고형_역네고형_main.릴스_공통시작.X_2P_이유빈_260703_제과_이미진,4,1,150.0,0
2026-07-09,(마스터ASC)[제과_콘스프맛 팝콘] 26.07_콘스프맛팝콘출시_ASC_전환_image (NEW),(마스터ASC)[콘스프맛 팝콘] 26.07_콘스프맛팝콘출시_ASC_전환_image (NEW),[26.07]F_I_PC혼_전환_팝콘할인페스타_혜택강조형_다이어트_.배너_초록.선착순300명할인마감임박.늦은시간.자극속세맛.확장__김소희_260706_제과_문다현,1869,22,26208.0,8
2026-07-09,(마스터2) [제과_단백질 쉐이크] 26.07_단백질쉐이크출시_ASC_전환_image,(마스터2) [제과_단백질 쉐이크] 26.07_단백질쉐이크출시_ASC_전환_image,[26.07]F_I_SK초_전환_단백질쉐이크출시_혜택강조형_파우치.개당가강조_.배너_불편하지않아도.할인조건없음.검증__이유빈_260706_제과_김수정,1,0,3.0,0
2026-07-09,(마스터ASC)[제과_콘스프맛 팝콘] 26.07_콘스프맛팝콘출시_ASC_전환_image (NEW),(마스터ASC)[콘스프맛 팝콘] 26.07_콘스프맛팝콘출시_ASC_전환_image (NEW),[26.07]F_I_PC혼_전환_팝콘할인페스타_혜택강조형_다이어트_.배너_군것질생각너무나지만.살걱정.마감직전.빠른속도로.소진중.확장__김소희_260707_제과_문다현,50,0,1207.0,0
2026-07-09,[제과_단백질 쉐이크] 26.06_단백질쉐이크출시_수동_전환_image,파우치개당가강조_0706,[26.07]F_I_SK초_전환_단백질쉐이크출시_제품강조형_원재료강조_.배너_생초코로기둥세운.속세맛신작.가격비교O.아몬드스윗삭제.확장__이유빈_260707_제과_김수정,123,3,2379.0,0
2026-07-09,[제과_단백질 쉐이크] 26.06_단백질쉐이크출시_수동_전환_image,파우치개당가강조_0706,[26.07]F_I_SK초_전환_단백질쉐이크출시_혜택강조형_파우치.개당가강조_.배너_특정시점.직구보다빠른데.검증__이유빈_260706_제과_김수정,206,3,6296.0,0
2026-07-09,(마스터ASC)[제과_콘스프맛 팝콘] 26.07_콘스프맛팝콘출시_ASC_전환_image (NEW),(마스터ASC)[콘스프맛 팝콘] 26.07_콘스프맛팝콘출시_ASC_전환_image (NEW),[26.07]F_I_PC혼_전환_상시_매거진형_다이어트_.배너_강박감완화페인포인트.몸무게앞자리.불안.다먹어도당당.검증__김소희_260708_제과_문다현,465,4,7222.0,1
2026-07-09,(마스터ASC)[제과_콘스프맛 팝콘] 26.07_콘스프맛팝콘출시_ASC_전환_image (NEW),(마스터ASC)[콘스프맛 팝콘] 26.07_콘스프맛팝콘출시_ASC_전환_image (NEW),[26.07]F_I_PC혼_전환_상시_매거진형_다이어트_.배너_야식콘텐츠페인포인트.넷플릭스과자.죄책감.걱정없는야식.검증__김소희_260708_제과_문다현,307,4,4976.0,1
2026-07-09,[제과_콘스프맛 팝콘] 26.05_콘스프맛팝콘출시_수동_전환_image,속세맛간식공감_콘스프맛팝콘_상시,[26.07]F_I_PC혼_전환_상시_매거진형_다이어트_.배너_운동보상페인포인트.죽어라운동.날릴수없잖아.다먹어도당당.검증__김소희_260708_제과_문다현,4085,69,68808.0,20
2026-07-09,[제과_콘스프맛 팝콘] 26.05_콘스프맛팝콘출시_수동_전환_image,속세맛간식공감_콘스프맛팝콘_상시,[26.07]F_I_PC혼_전환_상시_매거진형_다이어트_.배너_죄책감덜기페인포인트.맛있는거포기못하면.죄책감없이.먹는행복지켜.검증__김소희_260708_제과_문다현,207,1,5212.0,0
2026-07-09,[제과_단백질 쉐이크] 26.06_단백질쉐이크출시_수동_전환_video,아몬드스윗.삭제,[26.07]F_V_SK혼_전환_단백질쉐이크출시_신규BP_고객검증형_main.릴스_직접문의.혜택변경.(재)_2P_이유빈_260707_제과_윤성미,161,4,2215.0,0
2026-07-09,[제과_단백질 쉐이크] 26.06_단백질쉐이크출시_수동_전환_video,아몬드스윗.삭제,[26.07]F_V_SK혼_전환_단백질쉐이크출시_신규BP_고객검증형.개당가메리트_var1.릴스_기대감.혜택변경.(재)_2P_이유빈_260707_제과_윤성미,143,4,1777.0,0
2026-07-09,[제과_단백질 쉐이크] 26.06_단백질쉐이크출시_수동_전환_video,아몬드스윗.삭제,[26.07]F_V_SK혼_전환_단백질쉐이크출시_네고형_지인네고형_main.릴스_가격강조아몬드스윗삭제.(재)_2P_이유빈_260707_제과_이봄1,388,19,5602.0,0
2026-07-10,(마스터ASC)[제과_콘스프맛 팝콘] 26.05_콘스프맛팝콘출시_ASC_전환_video,(마스터ASC)[콘스프맛 팝콘] 26.05_콘스프맛팝콘출시_ASC_전환_video,[26.06]F_V_PC콘_전환_팝콘더블특가_고객후기형_김부각BP.메시지검증.다이어트_main.릴스_공통.추가건PJ_1P_최나영_260626_제과_강경연,132,1,1717.0,0
2026-07-10,(마스터2) [제과_단백질 쉐이크] 26.07_단백질쉐이크출시_ASC_전환_image,(마스터2) [제과_단백질 쉐이크] 26.07_단백질쉐이크출시_ASC_전환_image,[26.07]F_I_SK초_전환_단백질쉐이크출시_혜택강조형_파우치.개당가강조_.배너_불편하지않아도.할인조건없음.검증__이유빈_260706_제과_김수정,13,0,400.0,0
2026-07-10,(마스터ASC)[제과_콘스프맛 팝콘] 26.07_콘스프맛팝콘출시_ASC_전환_image (NEW),(마스터ASC)[콘스프맛 팝콘] 26.07_콘스프맛팝콘출시_ASC_전환_image (NEW),[26.07]F_I_PC혼_전환_상시_매거진형_다이어트_.배너_야식콘텐츠페인포인트.넷플릭스과자.죄책감.걱정없는야식.검증__김소희_260708_제과_문다현,2045,36,41052.0,2
2026-07-10,[제과_콘스프맛 팝콘] 26.05_콘스프맛팝콘출시_수동_전환_image,속세맛간식공감_콘스프맛팝콘_상시,[26.07]F_I_PC혼_전환_상시_매거진형_다이어트_.배너_운동보상페인포인트.죽어라운동.날릴수없잖아.다먹어도당당.검증__김소희_260708_제과_문다현,4641,67,79447.0,18
2026-07-10,[제과_단백질 쉐이크] 26.06_단백질쉐이크출시_수동_전환_video,아몬드스윗.삭제,[26.07]F_V_SK혼_전환_단백질쉐이크출시_신규BP_고객검증형_main.릴스_직접문의.혜택변경.(재)_2P_이유빈_260707_제과_윤성미,1083,19,16692.0,1
2026-07-10,[제과_단백질 쉐이크] 26.06_단백질쉐이크출시_수동_전환_video,아몬드스윗.삭제,[26.07]F_V_SK혼_전환_단백질쉐이크출시_신규BP_고객검증형.개당가메리트_var1.릴스_기대감.혜택변경.(재)_2P_이유빈_260707_제과_윤성미,4488,102,59503.0,7
2026-07-10,[제과_단백질 쉐이크] 26.06_단백질쉐이크출시_수동_전환_video,아몬드스윗.삭제,[26.07]F_V_SK혼_전환_단백질쉐이크출시_네고형_지인네고형_main.릴스_가격강조아몬드스윗삭제.(재)_2P_이유빈_260707_제과_이봄1,3625,217,57155.0,5
2026-07-10,[제과_단백질 쉐이크] 26.06_단백질쉐이크출시_수동_전환_image,파우치개당가강조(2)_0709,[26.07]F_I_SK혼_전환_단백질쉐이크출시_매거진형_파우치.개당가강조_.배너_맛없페인포인트.밍밍단쉐멈춰.찐한속세미숫가루.검증__이유빈_260709_제과_문다현,6,0,115.0,0
2026-07-11,(마스터ASC)[제과_콘스프맛 팝콘] 26.05_콘스프맛팝콘출시_ASC_전환_video,(마스터ASC)[콘스프맛 팝콘] 26.05_콘스프맛팝콘출시_ASC_전환_video,[26.06]F_V_PC콘_전환_팝콘더블특가_고객후기형_김부각BP.메시지검증.다이어트_main.릴스_공통.추가건PJ_1P_최나영_260626_제과_강경연,35,0,927.0,0
2026-07-11,(마스터ASC)[제과_콘스프맛 팝콘] 26.07_콘스프맛팝콘출시_ASC_전환_image (NEW),(마스터ASC)[콘스프맛 팝콘] 26.07_콘스프맛팝콘출시_ASC_전환_image (NEW),[26.07]F_I_PC혼_전환_상시_매거진형_다이어트_.배너_야식콘텐츠페인포인트.넷플릭스과자.죄책감.걱정없는야식.검증__김소희_260708_제과_문다현,447,16,8766.0,6
2026-07-11,[제과_콘스프맛 팝콘] 26.05_콘스프맛팝콘출시_수동_전환_image,속세맛간식공감_콘스프맛팝콘_상시,[26.07]F_I_PC혼_전환_상시_매거진형_다이어트_.배너_운동보상페인포인트.죽어라운동.날릴수없잖아.다먹어도당당.검증__김소희_260708_제과_문다현,951,19,19921.0,4
2026-07-11,[제과_단백질 쉐이크] 26.06_단백질쉐이크출시_수동_전환_video,아몬드스윗.삭제,[26.07]F_V_SK혼_전환_단백질쉐이크출시_신규BP_고객검증형.개당가메리트_var1.릴스_기대감.혜택변경.(재)_2P_이유빈_260707_제과_윤성미,6955,173,86591.0,11
2026-07-11,[제과_단백질 쉐이크] 26.06_단백질쉐이크출시_수동_전환_video,아몬드스윗.삭제,[26.07]F_V_SK혼_전환_단백질쉐이크출시_네고형_지인네고형_main.릴스_가격강조아몬드스윗삭제.(재)_2P_이유빈_260707_제과_이봄1,1090,33,15239.0,2
2026-07-11,[제과_단백질 쉐이크] 26.06_단백질쉐이크출시_수동_전환_image,파우치개당가강조(2)_0709,[26.07]F_I_SK혼_전환_단백질쉐이크출시_매거진형_파우치.개당가강조_.배너_맛없페인포인트.밍밍단쉐멈춰.찐한속세미숫가루.검증__이유빈_260709_제과_문다현,8,0,199.0,0
2026-07-12,(마스터2) [제과_단백질 쉐이크] 26.07_단백질쉐이크출시_ASC_전환_image,(마스터2) [제과_단백질 쉐이크] 26.07_단백질쉐이크출시_ASC_전환_image,[26.07]F_I_SK초_전환_단백질쉐이크출시_혜택강조형_파우치.개당가강조_.배너_불편하지않아도.할인조건없음.검증__이유빈_260706_제과_김수정,29,1,1044.0,1
2026-07-12,(마스터ASC)[제과_콘스프맛 팝콘] 26.07_콘스프맛팝콘출시_ASC_전환_image (NEW),(마스터ASC)[콘스프맛 팝콘] 26.07_콘스프맛팝콘출시_ASC_전환_image (NEW),[26.07]F_I_PC혼_전환_상시_매거진형_다이어트_.배너_야식콘텐츠페인포인트.넷플릭스과자.죄책감.걱정없는야식.검증__김소희_260708_제과_문다현,453,2,7220.0,1
2026-07-12,[제과_콘스프맛 팝콘] 26.05_콘스프맛팝콘출시_수동_전환_image,속세맛간식공감_콘스프맛팝콘_상시,[26.07]F_I_PC혼_전환_상시_매거진형_다이어트_.배너_운동보상페인포인트.죽어라운동.날릴수없잖아.다먹어도당당.검증__김소희_260708_제과_문다현,1024,16,16568.0,3
2026-07-13,(마스터ASC)[제과_콘스프맛 팝콘] 26.05_콘스프맛팝콘출시_ASC_전환_video,(마스터ASC)[콘스프맛 팝콘] 26.05_콘스프맛팝콘출시_ASC_전환_video,[26.06]F_V_PC콘_전환_팝콘더블특가_고객후기형_김부각BP.메시지검증.다이어트_main.릴스_공통.추가건PJ_1P_최나영_260626_제과_강경연,6,0,182.0,0
2026-07-13,(마스터2) [제과_단백질 쉐이크] 26.07_단백질쉐이크출시_ASC_전환_image,(마스터2) [제과_단백질 쉐이크] 26.07_단백질쉐이크출시_ASC_전환_image,[26.07]F_I_SK초_전환_단백질쉐이크출시_혜택강조형_파우치.개당가강조_.배너_불편하지않아도.할인조건없음.검증__이유빈_260706_제과_김수정,323,9,7534.0,0
2026-07-13,(마스터ASC)[제과_콘스프맛 팝콘] 26.07_콘스프맛팝콘출시_ASC_전환_image (NEW),(마스터ASC)[콘스프맛 팝콘] 26.07_콘스프맛팝콘출시_ASC_전환_image (NEW),[26.07]F_I_PC혼_전환_상시_매거진형_다이어트_.배너_야식콘텐츠페인포인트.넷플릭스과자.죄책감.걱정없는야식.검증__김소희_260708_제과_문다현,1160,15,17217.0,0
2026-07-13,[제과_콘스프맛 팝콘] 26.05_콘스프맛팝콘출시_수동_전환_image,속세맛간식공감_콘스프맛팝콘_상시,[26.07]F_I_PC혼_전환_상시_매거진형_다이어트_.배너_운동보상페인포인트.죽어라운동.날릴수없잖아.다먹어도당당.검증__김소희_260708_제과_문다현,672,8,11496.0,0
2026-07-13,[제과_단백질 쉐이크] 26.06_단백질쉐이크출시_수동_전환_video,아몬드스윗.삭제,[26.07]F_V_SK혼_전환_단백질쉐이크출시_신규BP_고객검증형.개당가메리트_var1.릴스_기대감.혜택변경.(재)_2P_이유빈_260707_제과_윤성미,1131,42,16208.0,3
2026-07-13,[제과_단백질 쉐이크] 26.06_단백질쉐이크출시_수동_전환_image,파우치개당가강조(2)_0709,[26.07]F_I_SK혼_전환_단백질쉐이크출시_매거진형_파우치.개당가강조_.배너_맛없페인포인트.밍밍단쉐멈춰.찐한속세미숫가루.검증__이유빈_260709_제과_문다현,441,12,12134.0,0
2026-07-14,(마스터ASC)[제과_콘스프맛 팝콘] 26.05_콘스프맛팝콘출시_ASC_전환_video,(마스터ASC)[콘스프맛 팝콘] 26.05_콘스프맛팝콘출시_ASC_전환_video,[26.06]F_V_PC콘_전환_팝콘더블특가_고객후기형_김부각BP.메시지검증.다이어트_main.릴스_공통.추가건PJ_1P_최나영_260626_제과_강경연,181,5,3837.0,0
2026-07-14,(마스터ASC)[제과_콘스프맛 팝콘] 26.07_콘스프맛팝콘출시_ASC_전환_image (NEW),(마스터ASC)[콘스프맛 팝콘] 26.07_콘스프맛팝콘출시_ASC_전환_image (NEW),[26.07]F_I_PC혼_전환_상시_매거진형_다이어트_.배너_야식콘텐츠페인포인트.넷플릭스과자.죄책감.걱정없는야식.검증__김소희_260708_제과_문다현,329,6,6316.0,1
2026-07-14,[제과_콘스프맛 팝콘] 26.05_콘스프맛팝콘출시_수동_전환_image,속세맛간식공감_콘스프맛팝콘_상시,[26.07]F_I_PC혼_전환_상시_매거진형_다이어트_.배너_운동보상페인포인트.죽어라운동.날릴수없잖아.다먹어도당당.검증__김소희_260708_제과_문다현,7664,68,91198.0,16
2026-07-14,[제과_단백질 쉐이크] 26.06_단백질쉐이크출시_수동_전환_video,아몬드스윗.삭제,[26.07]F_V_SK혼_전환_단백질쉐이크출시_신규BP_고객검증형.개당가메리트_var1.릴스_기대감.혜택변경.(재)_2P_이유빈_260707_제과_윤성미,989,39,14283.0,1
2026-07-15,(마스터ASC)[제과_콘스프맛 팝콘] 26.05_콘스프맛팝콘출시_ASC_전환_video,(마스터ASC)[콘스프맛 팝콘] 26.05_콘스프맛팝콘출시_ASC_전환_video,[26.06]F_V_PC콘_전환_팝콘더블특가_고객후기형_김부각BP.메시지검증.다이어트_main.릴스_공통.추가건PJ_1P_최나영_260626_제과_강경연,57,3,965.0,0
2026-07-15,[제과_콘스프맛 팝콘] 26.05_콘스프맛팝콘출시_수동_전환_image,속세맛간식공감_콘스프맛팝콘_상시,[26.07]F_I_PC혼_전환_상시_매거진형_다이어트_.배너_운동보상페인포인트.죽어라운동.날릴수없잖아.다먹어도당당.검증__김소희_260708_제과_문다현,1154,8,13421.0,0
2026-07-15,[제과_단백질 쉐이크] 26.06_단백질쉐이크출시_수동_전환_video,아몬드스윗.삭제,[26.07]F_V_SK혼_전환_단백질쉐이크출시_신규BP_고객검증형.개당가메리트_var1.릴스_기대감.혜택변경.(재)_2P_이유빈_260707_제과_윤성미,2473,71,30314.0,3
2026-07-07,(마스터2) [제과_단백질 쉐이크] 26.07_단백질쉐이크출시_ASC_전환_image,(마스터2) [제과_단백질 쉐이크] 26.07_단백질쉐이크출시_ASC_전환_image,[26.07]F_I_SK혼_전환_단백질쉐이크출시_혜택강조형_파우치.개당가강조_.배너_대용량페포.물조절실패.확장__이유빈_260707_제과_김수정,111,2,1824.0,0
2026-07-08,(마스터2) [제과_단백질 쉐이크] 26.07_단백질쉐이크출시_ASC_전환_image,(마스터2) [제과_단백질 쉐이크] 26.07_단백질쉐이크출시_ASC_전환_image,[26.07]F_I_SK혼_전환_단백질쉐이크출시_혜택강조형_파우치.개당가강조_.배너_대용량페포.물조절실패.확장__이유빈_260707_제과_김수정,452,14,8348.0,1
2026-07-08,[제과_단백질 쉐이크] 26.06_단백질쉐이크출시_수동_전환_image,파우치개당가강조_0706,[26.07]F_I_SK혼_전환_단백질쉐이크출시_혜택강조형_파우치.개당가강조_.배너_대용량페포.메세지테스트.어디갈때마다.통단쉐.확장__이유빈_260707_제과_김수정,14,0,241.0,0
2026-07-08,[제과_단백질 쉐이크] 26.06_단백질쉐이크출시_수동_전환_image,파우치개당가강조_0706,[26.07]F_I_SK혼_전환_단백질쉐이크출시_혜택강조형_파우치.개당가강조_.배너_대용량페포.메세지테스트.물조절실패.통단쉐.확장__이유빈_260707_제과_김수정,47,4,895.0,0
2026-07-08,[제과_단백질 쉐이크] 26.06_단백질쉐이크출시_수동_전환_image,가격메리트(개당1천원대),[26.07]F_I_SK초_전환_단백질쉐이크출시_혜택강조형_가격메리트_.배너_가성비페인포인트.먹은것같지않음씹어먹는.확장__이유빈_260702_제과_김수정,295,7,7119.0,2
2026-07-08,[제과_단백질 쉐이크] 26.06_단백질쉐이크출시_수동_전환_image,가격메리트(개당1천원대),[26.07]F_I_SK초_전환_단백질쉐이크출시_혜택강조형_가격메리트_.배너_육각형.토핑채우고가격뺀.확장__이유빈_260702_제과_김수정,1146,25,28925.0,5
2026-07-08,[제과_단백질 쉐이크] 26.06_단백질쉐이크출시_수동_전환_image,브랜드강조_0629,[26.06]F_I_SK곡_전환_단백질쉐이크출시_혜택강조형_개당가메리트_.배너_브랜드강조.괴물토핑꼬숩.__이유빈_260629_제과_박지현,219,7,5021.0,0
2026-07-08,[제과_단백질 쉐이크] 26.06_단백질쉐이크출시_수동_전환_image,브랜드강조_0629,[26.06]F_I_SK곡_전환_단백질쉐이크출시_혜택강조형_개당가메리트_.배너_브랜드강조.원물26.__이유빈_260629_제과_박지현,149,1,3832.0,0
2026-07-08,[제과_단백질 쉐이크] 26.06_단백질쉐이크출시_수동_전환_image,브랜드강조_0629,[26.06]F_I_SK초_전환_단백질쉐이크출시_혜택강조형_개당가메리트_.배너_브랜드강조.생초코맛.__이유빈_260629_제과_박지현,287,4,6439.0,1
2026-07-08,[제과_단백질 쉐이크] 26.06_단백질쉐이크출시_수동_전환_image,브랜드강조_0624,[26.06]F_I_SK초_전환_단백질쉐이크출시_매거진형_라라스윗권위_.배너_저당.__이유빈_260623_제과_김나현,470,11,6341.0,0
2026-07-08,[제과_단백질 쉐이크] 26.06_단백질쉐이크출시_수동_전환_image,브랜드강조_0624,[26.06]F_I_SK곡_전환_단백질쉐이크출시_매거진형_라라스윗권위_.배너_저당.__이유빈_260623_제과_김나현,220,4,3727.0,0
2026-07-08,[제과_단백질 쉐이크] 26.06_단백질쉐이크출시_수동_전환_image,브랜드강조_0624,[26.06]F_I_SK혼_전환_단백질쉐이크출시_매거진형_라라스윗권위_.배너_저당.__이유빈_260623_제과_김나현,96,1,1495.0,0
2026-07-08,[제과_단백질 쉐이크] 26.06_단백질쉐이크출시_수동_전환_image,브랜드강조_0624,[26.06]F_I_SK혼_전환_단백질쉐이크출시_매거진형_라라스윗권위_.배너_속세맛.__이유빈_260623_제과_김나현,534,12,7532.0,3
2026-07-08,[제과_단백질 쉐이크] 26.06_단백질쉐이크출시_수동_전환_image,파우치개당가강조_0706,[26.07]F_I_SK혼_전환_단백질쉐이크출시_혜택강조형_파우치.개당가강조_.배너_대용량1개살돈으로무제한.외파우치같이.확장__고민지_260708_제과_김수정,13,0,291.0,0
2026-07-08,[제과_단백질 쉐이크] 26.06_단백질쉐이크출시_수동_전환_image,파우치개당가강조_0706,[26.07]F_I_SK혼_전환_단백질쉐이크출시_혜택강조형_파우치.개당가강조_.배너_대용량1개살돈으로무제한.토핑비주얼같이.확장__고민지_260708_제과_김수정,5,0,53.0,0
2026-07-08,[제과_단백질 쉐이크] 26.06_단백질쉐이크출시_수동_전환_image,파우치개당가강조_0706,[26.07]F_I_SK혼_전환_단백질쉐이크출시_혜택강조형_파우치.개당가강조_.배너_대용량1개살돈으로무제한.박스규모감.확장__고민지_260708_제과_김수정,101,5,3059.0,1
2026-07-08,(마스터ASC)[제과_콘스프맛 팝콘] 26.07_콘스프맛팝콘출시_ASC_전환_image (NEW),(마스터ASC)[콘스프맛 팝콘] 26.07_콘스프맛팝콘출시_ASC_전환_image (NEW),[26.07]F_I_PC혼_전환_상시_매거진형_다이어트_.배너_스트레스형페인포인트.퇴근후.참지말고속세맛.다비워도저당.검증__김소희_260708_제과_문다현,299,3,6015.0,0
2026-07-08,(마스터ASC)[제과_콘스프맛 팝콘] 26.07_콘스프맛팝콘출시_ASC_전환_image (NEW),(마스터ASC)[콘스프맛 팝콘] 26.07_콘스프맛팝콘출시_ASC_전환_image (NEW),[26.07]F_I_PC혼_전환_상시_매거진형_다이어트_.배너_자극부족페인포인트.삼삼한식단.자극적.속세그대로.검증__김소희_260708_제과_문다현,80,1,1471.0,0
2026-07-09,[제과_단백질 쉐이크] 26.06_단백질쉐이크출시_수동_전환_image,파우치개당가강조_0706,[26.07]F_I_SK혼_전환_단백질쉐이크출시_혜택강조형_파우치.개당가강조_.배너_대용량페포.메세지테스트.어디갈때마다.통단쉐.확장__이유빈_260707_제과_김수정,524,15,10603.0,0
2026-07-09,[제과_단백질 쉐이크] 26.06_단백질쉐이크출시_수동_전환_image,파우치개당가강조_0706,[26.07]F_I_SK혼_전환_단백질쉐이크출시_혜택강조형_파우치.개당가강조_.배너_대용량페포.메세지테스트.물조절실패.통단쉐.확장__이유빈_260707_제과_김수정,622,6,13217.0,2
2026-07-09,[제과_단백질 쉐이크] 26.06_단백질쉐이크출시_수동_전환_image,가격메리트(개당1천원대),[26.07]F_I_SK초_전환_단백질쉐이크출시_혜택강조형_가격메리트_.배너_가성비페인포인트.먹은것같지않음씹어먹는.확장__이유빈_260702_제과_김수정,60,2,1865.0,0
2026-07-09,[제과_단백질 쉐이크] 26.06_단백질쉐이크출시_수동_전환_image,가격메리트(개당1천원대),[26.07]F_I_SK초_전환_단백질쉐이크출시_혜택강조형_가격메리트_.배너_육각형.토핑채우고가격뺀.확장__이유빈_260702_제과_김수정,348,6,11508.0,1
2026-07-09,[제과_단백질 쉐이크] 26.06_단백질쉐이크출시_수동_전환_image,브랜드강조_0629,[26.06]F_I_SK곡_전환_단백질쉐이크출시_혜택강조형_개당가메리트_.배너_브랜드강조.괴물토핑꼬숩.__이유빈_260629_제과_박지현,191,3,4663.0,1
2026-07-09,[제과_단백질 쉐이크] 26.06_단백질쉐이크출시_수동_전환_image,브랜드강조_0629,[26.06]F_I_SK곡_전환_단백질쉐이크출시_혜택강조형_개당가메리트_.배너_브랜드강조.원물26.__이유빈_260629_제과_박지현,58,1,1191.0,0
2026-07-09,[제과_단백질 쉐이크] 26.06_단백질쉐이크출시_수동_전환_image,브랜드강조_0629,[26.06]F_I_SK초_전환_단백질쉐이크출시_혜택강조형_개당가메리트_.배너_브랜드강조.생초코맛.__이유빈_260629_제과_박지현,203,5,4770.0,0
2026-07-09,[제과_단백질 쉐이크] 26.06_단백질쉐이크출시_수동_전환_image,브랜드강조_0624,[26.06]F_I_SK초_전환_단백질쉐이크출시_매거진형_라라스윗권위_.배너_저당.__이유빈_260623_제과_김나현,269,8,4485.0,0
2026-07-09,[제과_단백질 쉐이크] 26.06_단백질쉐이크출시_수동_전환_image,브랜드강조_0624,[26.06]F_I_SK곡_전환_단백질쉐이크출시_매거진형_라라스윗권위_.배너_저당.__이유빈_260623_제과_김나현,51,1,724.0,0
2026-07-09,[제과_단백질 쉐이크] 26.06_단백질쉐이크출시_수동_전환_image,브랜드강조_0624,[26.06]F_I_SK혼_전환_단백질쉐이크출시_매거진형_라라스윗권위_.배너_저당.__이유빈_260623_제과_김나현,13,0,200.0,0
2026-07-09,[제과_단백질 쉐이크] 26.06_단백질쉐이크출시_수동_전환_image,브랜드강조_0624,[26.06]F_I_SK혼_전환_단백질쉐이크출시_매거진형_라라스윗권위_.배너_속세맛.__이유빈_260623_제과_김나현,114,1,1880.0,0
2026-07-09,[제과_단백질 쉐이크] 26.06_단백질쉐이크출시_수동_전환_image,파우치개당가강조_0706,[26.07]F_I_SK혼_전환_단백질쉐이크출시_혜택강조형_파우치.개당가강조_.배너_대용량1개살돈으로무제한.외파우치같이.확장__고민지_260708_제과_김수정,4253,99,86824.0,5
2026-07-09,(마스터2) [제과_단백질 쉐이크] 26.07_단백질쉐이크출시_ASC_전환_image,(마스터2) [제과_단백질 쉐이크] 26.07_단백질쉐이크출시_ASC_전환_image,[26.07]F_I_SK혼_전환_단백질쉐이크출시_혜택강조형_파우치.개당가강조_.배너_대용량1개살돈으로무제한.토핑비주얼같이.확장__고민지_260708_제과_김수정,236,9,7397.0,0
2026-07-09,[제과_단백질 쉐이크] 26.06_단백질쉐이크출시_수동_전환_image,파우치개당가강조_0706,[26.07]F_I_SK혼_전환_단백질쉐이크출시_혜택강조형_파우치.개당가강조_.배너_대용량1개살돈으로무제한.토핑비주얼같이.확장__고민지_260708_제과_김수정,185,1,6393.0,0
2026-07-09,(마스터2) [제과_단백질 쉐이크] 26.07_단백질쉐이크출시_ASC_전환_image,(마스터2) [제과_단백질 쉐이크] 26.07_단백질쉐이크출시_ASC_전환_image,[26.07]F_I_SK혼_전환_단백질쉐이크출시_혜택강조형_파우치.개당가강조_.배너_대용량1개살돈으로무제한.박스규모감.확장__고민지_260708_제과_김수정,5054,160,85450.0,13
2026-07-09,[제과_단백질 쉐이크] 26.06_단백질쉐이크출시_수동_전환_image,파우치개당가강조_0706,[26.07]F_I_SK혼_전환_단백질쉐이크출시_혜택강조형_파우치.개당가강조_.배너_대용량1개살돈으로무제한.박스규모감.확장__고민지_260708_제과_김수정,7209,265,115241.0,12
2026-07-09,(마스터2) [제과_단백질 쉐이크] 26.07_단백질쉐이크출시_ASC_전환_image,(마스터2) [제과_단백질 쉐이크] 26.07_단백질쉐이크출시_ASC_전환_image,[26.07]F_I_SK곡_전환_단백질쉐이크출시_매거진형_라라스윗권위_.배너_저당.개당1천원대확대.확장__이유빈_260708_제과_김수정,438,10,9068.0,0
2026-07-09,(마스터ASC)[제과_콘스프맛 팝콘] 26.07_콘스프맛팝콘출시_ASC_전환_image (NEW),(마스터ASC)[콘스프맛 팝콘] 26.07_콘스프맛팝콘출시_ASC_전환_image (NEW),[26.07]F_I_PC혼_전환_상시_매거진형_다이어트_.배너_스트레스형페인포인트.퇴근후.참지말고속세맛.다비워도저당.검증__김소희_260708_제과_문다현,204,1,4308.0,0
2026-07-09,[제과_콘스프맛 팝콘] 26.05_콘스프맛팝콘출시_수동_전환_image,속세맛간식공감_콘스프맛팝콘_상시,[26.07]F_I_PC혼_전환_상시_매거진형_다이어트_.배너_스트레스형페인포인트.퇴근후.참지말고속세맛.다비워도저당.검증__김소희_260708_제과_문다현,401,5,9504.0,0
2026-07-09,(마스터ASC)[제과_콘스프맛 팝콘] 26.07_콘스프맛팝콘출시_ASC_전환_image (NEW),(마스터ASC)[콘스프맛 팝콘] 26.07_콘스프맛팝콘출시_ASC_전환_image (NEW),[26.07]F_I_PC혼_전환_상시_매거진형_다이어트_.배너_맛타협페인포인트.밍밍다이어트과자.입터짐방지용.검증__김소희_260708_제과_문다현,25,0,239.0,0
2026-07-09,[제과_콘스프맛 팝콘] 26.05_콘스프맛팝콘출시_수동_전환_image,속세맛간식공감_콘스프맛팝콘_상시,[26.07]F_I_PC혼_전환_상시_매거진형_다이어트_.배너_맛타협페인포인트.밍밍다이어트과자.입터짐방지용.검증__김소희_260708_제과_문다현,222,8,5422.0,2
2026-07-09,(마스터ASC)[제과_콘스프맛 팝콘] 26.07_콘스프맛팝콘출시_ASC_전환_image (NEW),(마스터ASC)[콘스프맛 팝콘] 26.07_콘스프맛팝콘출시_ASC_전환_image (NEW),[26.07]F_I_PC혼_전환_상시_매거진형_다이어트_.배너_자극부족페인포인트.삼삼한식단.자극적.속세그대로.검증__김소희_260708_제과_문다현,53,3,1021.0,0
2026-07-09,[제과_콘스프맛 팝콘] 26.05_콘스프맛팝콘출시_수동_전환_image,속세맛간식공감_콘스프맛팝콘_상시,[26.07]F_I_PC혼_전환_상시_매거진형_다이어트_.배너_자극부족페인포인트.삼삼한식단.자극적.속세그대로.검증__김소희_260708_제과_문다현,604,9,14056.0,2
2026-07-09,[제과_콘스프맛 팝콘] 26.05_콘스프맛팝콘출시_수동_전환_image,속세맛간식공감_콘스프맛팝콘_상시,[26.07]F_I_PC혼_전환_상시_매거진형_다이어트_.배너_칼로리가성비페인포인트.시중과자칼로리.맛그대로.칼로리절반이하.검증__김소희_260708_제과_문다현,237,3,5580.0,0
2026-07-09,(마스터ASC)[제과_콘스프맛 팝콘] 26.07_콘스프맛팝콘출시_ASC_전환_image (NEW),(마스터ASC)[콘스프맛 팝콘] 26.07_콘스프맛팝콘출시_ASC_전환_image (NEW),[26.07]F_I_PC혼_전환_상시_매거진형_다이어트_.배너_칼로리가성비페인포인트.시중과자칼로리.맛그대로.칼로리절반이하.검증__김소희_260708_제과_문다현,423,7,7220.0,1
2026-07-09,[제과_콘스프맛 팝콘] 26.05_콘스프맛팝콘출시_수동_전환_image,속세맛간식공감_콘스프맛팝콘_상시,[26.07]F_I_PC혼_전환_상시_매거진형_다이어트_.배너_강박감완화페인포인트.몸무게앞자리.불안.다먹어도당당.검증__김소희_260708_제과_문다현,341,6,7812.0,1
2026-07-09,[제과_콘스프맛 팝콘] 26.05_콘스프맛팝콘출시_수동_전환_image,속세맛간식공감_콘스프맛팝콘_상시,[26.07]F_I_PC혼_전환_상시_매거진형_다이어트_.배너_양조절실패페인포인트.한입만.한봉지순삭.마음껏즐기자.검증__김소희_260708_제과_문다현,143,1,4114.0,1
2026-07-09,(마스터ASC)[제과_콘스프맛 팝콘] 26.07_콘스프맛팝콘출시_ASC_전환_image (NEW),(마스터ASC)[콘스프맛 팝콘] 26.07_콘스프맛팝콘출시_ASC_전환_image (NEW),[26.07]F_I_PC혼_전환_상시_매거진형_다이어트_.배너_양조절실패페인포인트.한입만.한봉지순삭.마음껏즐기자.검증__김소희_260708_제과_문다현,51,1,751.0,0
2026-07-09,(마스터ASC)[제과_콘스프맛 팝콘] 26.07_콘스프맛팝콘출시_ASC_전환_image (NEW),(마스터ASC)[콘스프맛 팝콘] 26.07_콘스프맛팝콘출시_ASC_전환_image (NEW),[26.07]F_I_PC혼_전환_상시_매거진형_다이어트_.배너_운동보상페인포인트.죽어라운동.날릴수없잖아.다먹어도당당.검증__김소희_260708_제과_문다현,278,5,3810.0,1
2026-07-10,[제과_단백질 쉐이크] 26.06_단백질쉐이크출시_수동_전환_image,파우치개당가강조_0706,[26.07]F_I_SK혼_전환_단백질쉐이크출시_혜택강조형_파우치.개당가강조_.배너_대용량페포.메세지테스트.물조절실패.통단쉐.확장__이유빈_260707_제과_김수정,2,0,24.0,0
2026-07-10,[제과_단백질 쉐이크] 26.06_단백질쉐이크출시_수동_전환_image,가격메리트(개당1천원대),[26.07]F_I_SK초_전환_단백질쉐이크출시_혜택강조형_가격메리트_.배너_가성비페인포인트.먹은것같지않음씹어먹는.확장__이유빈_260702_제과_김수정,38,0,706.0,0
2026-07-10,[제과_단백질 쉐이크] 26.06_단백질쉐이크출시_수동_전환_image,가격메리트(개당1천원대),[26.07]F_I_SK초_전환_단백질쉐이크출시_혜택강조형_가격메리트_.배너_육각형.토핑채우고가격뺀.확장__이유빈_260702_제과_김수정,510,11,16236.0,1
2026-07-10,[제과_단백질 쉐이크] 26.06_단백질쉐이크출시_수동_전환_image,브랜드강조_0629,[26.06]F_I_SK곡_전환_단백질쉐이크출시_혜택강조형_개당가메리트_.배너_브랜드강조.원물26.__이유빈_260629_제과_박지현,2783,42,65239.0,8
2026-07-10,[제과_단백질 쉐이크] 26.06_단백질쉐이크출시_수동_전환_image,브랜드강조_0624,[26.06]F_I_SK곡_전환_단백질쉐이크출시_매거진형_라라스윗권위_.배너_저당.__이유빈_260623_제과_김나현,77,0,1591.0,0
2026-07-10,[제과_단백질 쉐이크] 26.06_단백질쉐이크출시_수동_전환_image,브랜드강조_0624,[26.06]F_I_SK혼_전환_단백질쉐이크출시_매거진형_라라스윗권위_.배너_저당.__이유빈_260623_제과_김나현,33,0,441.0,0
2026-07-10,[제과_단백질 쉐이크] 26.06_단백질쉐이크출시_수동_전환_image,브랜드강조_0624,[26.06]F_I_SK혼_전환_단백질쉐이크출시_매거진형_라라스윗권위_.배너_속세맛.__이유빈_260623_제과_김나현,572,12,8983.0,0
2026-07-10,(마스터2) [제과_단백질 쉐이크] 26.07_단백질쉐이크출시_ASC_전환_image,(마스터2) [제과_단백질 쉐이크] 26.07_단백질쉐이크출시_ASC_전환_image,[26.07]F_I_SK혼_전환_단백질쉐이크출시_혜택강조형_파우치.개당가강조_.배너_대용량1개살돈으로무제한.박스규모감.확장__고민지_260708_제과_김수정,947,31,18675.0,2
2026-07-10,[제과_단백질 쉐이크] 26.06_단백질쉐이크출시_수동_전환_image,파우치개당가강조_0706,[26.07]F_I_SK혼_전환_단백질쉐이크출시_혜택강조형_파우치.개당가강조_.배너_대용량1개살돈으로무제한.박스규모감.확장__고민지_260708_제과_김수정,5239,144,78712.0,10
2026-07-10,(마스터ASC)[제과_콘스프맛 팝콘] 26.07_콘스프맛팝콘출시_ASC_전환_image (NEW),(마스터ASC)[콘스프맛 팝콘] 26.07_콘스프맛팝콘출시_ASC_전환_image (NEW),[26.07]F_I_PC혼_전환_상시_매거진형_다이어트_.배너_스트레스형페인포인트.퇴근후.참지말고속세맛.다비워도저당.검증__김소희_260708_제과_문다현,88,2,1727.0,0
2026-07-10,[제과_콘스프맛 팝콘] 26.05_콘스프맛팝콘출시_수동_전환_image,속세맛간식공감_콘스프맛팝콘_상시,[26.07]F_I_PC혼_전환_상시_매거진형_다이어트_.배너_맛타협페인포인트.밍밍다이어트과자.입터짐방지용.검증__김소희_260708_제과_문다현,278,6,5126.0,0
2026-07-10,(마스터ASC)[제과_콘스프맛 팝콘] 26.07_콘스프맛팝콘출시_ASC_전환_image (NEW),(마스터ASC)[콘스프맛 팝콘] 26.07_콘스프맛팝콘출시_ASC_전환_image (NEW),[26.07]F_I_PC혼_전환_상시_매거진형_다이어트_.배너_자극부족페인포인트.삼삼한식단.자극적.속세그대로.검증__김소희_260708_제과_문다현,15,0,379.0,0
2026-07-10,[제과_콘스프맛 팝콘] 26.05_콘스프맛팝콘출시_수동_전환_image,속세맛간식공감_콘스프맛팝콘_상시,[26.07]F_I_PC혼_전환_상시_매거진형_다이어트_.배너_양조절실패페인포인트.한입만.한봉지순삭.마음껏즐기자.검증__김소희_260708_제과_문다현,79,1,1696.0,1
2026-07-10,(마스터ASC)[제과_콘스프맛 팝콘] 26.07_콘스프맛팝콘출시_ASC_전환_image (NEW),(마스터ASC)[콘스프맛 팝콘] 26.07_콘스프맛팝콘출시_ASC_전환_image (NEW),[26.07]F_I_PC혼_전환_상시_매거진형_다이어트_.배너_양조절실패페인포인트.한입만.한봉지순삭.마음껏즐기자.검증__김소희_260708_제과_문다현,13,0,194.0,0
2026-07-10,(마스터ASC)[제과_콘스프맛 팝콘] 26.07_콘스프맛팝콘출시_ASC_전환_image (NEW),(마스터ASC)[콘스프맛 팝콘] 26.07_콘스프맛팝콘출시_ASC_전환_image (NEW),[26.07]F_I_PC혼_전환_상시_매거진형_다이어트_.배너_운동보상페인포인트.죽어라운동.날릴수없잖아.다먹어도당당.검증__김소희_260708_제과_문다현,502,8,7228.0,1
2026-07-11,[제과_단백질 쉐이크] 26.06_단백질쉐이크출시_수동_전환_image,가격메리트(개당1천원대),[26.07]F_I_SK초_전환_단백질쉐이크출시_혜택강조형_가격메리트_.배너_가성비페인포인트.먹은것같지않음씹어먹는.확장__이유빈_260702_제과_김수정,259,8,9855.0,0
2026-07-11,[제과_단백질 쉐이크] 26.06_단백질쉐이크출시_수동_전환_image,브랜드강조_0629,[26.06]F_I_SK곡_전환_단백질쉐이크출시_혜택강조형_개당가메리트_.배너_브랜드강조.원물26.__이유빈_260629_제과_박지현,760,14,19412.0,2
2026-07-11,(마스터2) [제과_단백질 쉐이크] 26.07_단백질쉐이크출시_ASC_전환_image,(마스터2) [제과_단백질 쉐이크] 26.07_단백질쉐이크출시_ASC_전환_image,[26.07]F_I_SK혼_전환_단백질쉐이크출시_혜택강조형_파우치.개당가강조_.배너_대용량1개살돈으로무제한.박스규모감.확장__고민지_260708_제과_김수정,1398,36,27191.0,2
2026-07-11,[제과_단백질 쉐이크] 26.06_단백질쉐이크출시_수동_전환_image,파우치개당가강조_0706,[26.07]F_I_SK혼_전환_단백질쉐이크출시_혜택강조형_파우치.개당가강조_.배너_대용량1개살돈으로무제한.박스규모감.확장__고민지_260708_제과_김수정,1390,50,19130.0,1
2026-07-11,[제과_콘스프맛 팝콘] 26.05_콘스프맛팝콘출시_수동_전환_image,속세맛간식공감_콘스프맛팝콘_상시,[26.07]F_I_PC혼_전환_상시_매거진형_다이어트_.배너_맛타협페인포인트.밍밍다이어트과자.입터짐방지용.검증__김소희_260708_제과_문다현,11,0,189.0,0
2026-07-11,(마스터ASC)[제과_콘스프맛 팝콘] 26.07_콘스프맛팝콘출시_ASC_전환_image (NEW),(마스터ASC)[콘스프맛 팝콘] 26.07_콘스프맛팝콘출시_ASC_전환_image (NEW),[26.07]F_I_PC혼_전환_상시_매거진형_다이어트_.배너_운동보상페인포인트.죽어라운동.날릴수없잖아.다먹어도당당.검증__김소희_260708_제과_문다현,2,0,32.0,0
2026-07-12,(마스터ASC)[제과_콘스프맛 팝콘] 26.07_콘스프맛팝콘출시_ASC_전환_image (NEW),(마스터ASC)[콘스프맛 팝콘] 26.07_콘스프맛팝콘출시_ASC_전환_image (NEW),[26.07]F_I_PC혼_전환_상시_매거진형_다이어트_.배너_스트레스형페인포인트.퇴근후.참지말고속세맛.다비워도저당.검증__김소희_260708_제과_문다현,102,3,1718.0,0
2026-07-12,[제과_콘스프맛 팝콘] 26.05_콘스프맛팝콘출시_수동_전환_image,속세맛간식공감_콘스프맛팝콘_상시,[26.07]F_I_PC혼_전환_상시_매거진형_다이어트_.배너_맛타협페인포인트.밍밍다이어트과자.입터짐방지용.검증__김소희_260708_제과_문다현,3,0,9.0,0
2026-07-12,[제과_콘스프맛 팝콘] 26.05_콘스프맛팝콘출시_수동_전환_image,속세맛간식공감_콘스프맛팝콘_상시,[26.07]F_I_PC혼_전환_상시_매거진형_다이어트_.배너_양조절실패페인포인트.한입만.한봉지순삭.마음껏즐기자.검증__김소희_260708_제과_문다현,1,0,14.0,0
2026-07-12,(마스터ASC)[제과_콘스프맛 팝콘] 26.07_콘스프맛팝콘출시_ASC_전환_image (NEW),(마스터ASC)[콘스프맛 팝콘] 26.07_콘스프맛팝콘출시_ASC_전환_image (NEW),[26.07]F_I_PC혼_전환_상시_매거진형_다이어트_.배너_운동보상페인포인트.죽어라운동.날릴수없잖아.다먹어도당당.검증__김소희_260708_제과_문다현,18,0,290.0,0
2026-07-13,(마스터ASC)[제과_콘스프맛 팝콘] 26.07_콘스프맛팝콘출시_ASC_전환_image (NEW),(마스터ASC)[콘스프맛 팝콘] 26.07_콘스프맛팝콘출시_ASC_전환_image (NEW),[26.07]F_I_PC혼_전환_상시_매거진형_다이어트_.배너_스트레스형페인포인트.퇴근후.참지말고속세맛.다비워도저당.검증__김소희_260708_제과_문다현,73,0,1653.0,0
2026-07-13,(마스터ASC)[제과_콘스프맛 팝콘] 26.07_콘스프맛팝콘출시_ASC_전환_image (NEW),(마스터ASC)[콘스프맛 팝콘] 26.07_콘스프맛팝콘출시_ASC_전환_image (NEW),[26.07]F_I_PC혼_전환_상시_매거진형_다이어트_.배너_자극부족페인포인트.삼삼한식단.자극적.속세그대로.검증__김소희_260708_제과_문다현,3,0,88.0,0
2026-07-14,[제과_단백질 쉐이크] 26.06_단백질쉐이크출시_수동_전환_image,파우치개당가강조_0706,[26.07]F_I_SK혼_전환_단백질쉐이크출시_혜택강조형_파우치.개당가강조_.배너_대용량1개살돈으로무제한.박스규모감.확장__고민지_260708_제과_김수정,878,34,17966.0,1
2026-07-14,(마스터ASC)[제과_콘스프맛 팝콘] 26.07_콘스프맛팝콘출시_ASC_전환_image (NEW),(마스터ASC)[콘스프맛 팝콘] 26.07_콘스프맛팝콘출시_ASC_전환_image (NEW),[26.07]F_I_PC혼_전환_상시_매거진형_다이어트_.배너_스트레스형페인포인트.퇴근후.참지말고속세맛.다비워도저당.검증__김소희_260708_제과_문다현,40,0,715.0,0
2026-07-14,[제과_콘스프맛 팝콘] 26.05_콘스프맛팝콘출시_수동_전환_image,속세맛간식공감_콘스프맛팝콘_상시,[26.07]F_I_PC혼_전환_상시_매거진형_다이어트_.배너_맛타협페인포인트.밍밍다이어트과자.입터짐방지용.검증__김소희_260708_제과_문다현,8,0,107.0,0
2026-07-14,(마스터ASC)[제과_콘스프맛 팝콘] 26.07_콘스프맛팝콘출시_ASC_전환_image (NEW),(마스터ASC)[콘스프맛 팝콘] 26.07_콘스프맛팝콘출시_ASC_전환_image (NEW),[26.07]F_I_PC혼_전환_상시_매거진형_다이어트_.배너_양조절실패페인포인트.한입만.한봉지순삭.마음껏즐기자.검증__김소희_260708_제과_문다현,4,0,116.0,0
2026-07-14,(마스터ASC)[제과_콘스프맛 팝콘] 26.07_콘스프맛팝콘출시_ASC_전환_image (NEW),(마스터ASC)[콘스프맛 팝콘] 26.07_콘스프맛팝콘출시_ASC_전환_image (NEW),[26.07]F_I_PC혼_전환_상시_매거진형_다이어트_.배너_운동보상페인포인트.죽어라운동.날릴수없잖아.다먹어도당당.검증__김소희_260708_제과_문다현,99,3,1560.0,2
2026-07-15,(마스터ASC)[제과_콘스프맛 팝콘] 26.07_콘스프맛팝콘출시_ASC_전환_image (NEW),(마스터ASC)[콘스프맛 팝콘] 26.07_콘스프맛팝콘출시_ASC_전환_image (NEW),[26.07]F_I_PC혼_전환_상시_매거진형_다이어트_.배너_스트레스형페인포인트.퇴근후.참지말고속세맛.다비워도저당.검증__김소희_260708_제과_문다현,103,1,981.0,0
2026-07-15,(마스터ASC)[제과_콘스프맛 팝콘] 26.07_콘스프맛팝콘출시_ASC_전환_image (NEW),(마스터ASC)[콘스프맛 팝콘] 26.07_콘스프맛팝콘출시_ASC_전환_image (NEW),[26.07]F_I_PC혼_전환_상시_매거진형_다이어트_.배너_자극부족페인포인트.삼삼한식단.자극적.속세그대로.검증__김소희_260708_제과_문다현,503,6,6507.0,0
2026-07-15,(마스터ASC)[제과_콘스프맛 팝콘] 26.07_콘스프맛팝콘출시_ASC_전환_image (NEW),(마스터ASC)[콘스프맛 팝콘] 26.07_콘스프맛팝콘출시_ASC_전환_image (NEW),[26.07]F_I_PC혼_전환_상시_매거진형_다이어트_.배너_양조절실패페인포인트.한입만.한봉지순삭.마음껏즐기자.검증__김소희_260708_제과_문다현,11,0,123.0,0
2026-07-15,(마스터ASC)[제과_콘스프맛 팝콘] 26.07_콘스프맛팝콘출시_ASC_전환_image (NEW),(마스터ASC)[콘스프맛 팝콘] 26.07_콘스프맛팝콘출시_ASC_전환_image (NEW),[26.07]F_I_PC혼_전환_상시_매거진형_다이어트_.배너_운동보상페인포인트.죽어라운동.날릴수없잖아.다먹어도당당.검증__김소희_260708_제과_문다현,94,2,948.0,0
2026-07-01,[제과_단백질 쉐이크] 26.06_단백질쉐이크출시_ASC_전환_video,[제과_단백질 쉐이크] 26.06_단백질쉐이크출시_ASC_전환_video,[26.06]F_V_SK혼_전환_단백질쉐이크출시_신규BP_인플루언서_var5.릴스_초코바1위 권위.X_2P_이유빈_260624_제과_이봄1,1677,35,45721.0,8
2026-07-01,[콘스프맛 팝콘] 26.05_콘스프맛팝콘출시_ASC_전환_image (old),[콘스프맛 팝콘] 26.05_콘스프맛팝콘출시_ASC_전환_image (old),[26.06]F_I_PC혼_전환_팝콘더블특가_매거진형_다이어트_.배너_관리할때.과자양적음.감질맛.답답.인플루언서.AI.__김소희_260625_제과_문다현,344,3,8615.0,0
2026-07-02,[제과_단백질 쉐이크] 26.06_단백질쉐이크출시_ASC_전환_video,[제과_단백질 쉐이크] 26.06_단백질쉐이크출시_ASC_전환_video,[26.06]F_V_SK혼_전환_단백질쉐이크출시_신규BP_인플루언서_var5.릴스_초코바1위 권위.X_2P_이유빈_260624_제과_이봄1,1655,27,38268.0,5
2026-07-02,[콘스프맛 팝콘] 26.05_콘스프맛팝콘출시_ASC_전환_image (old),[콘스프맛 팝콘] 26.05_콘스프맛팝콘출시_ASC_전환_image (old),[26.06]F_I_PC혼_전환_팝콘더블특가_매거진형_다이어트_.배너_관리할때.과자양적음.감질맛.답답.인플루언서.AI.__김소희_260625_제과_문다현,7,0,193.0,0
2026-07-02,(미사용) [제과_단백질 쉐이크] 26.06_단백질쉐이크출시_ASC_전환_image,[제과_단백질 쉐이크] 26.06_단백질쉐이크출시_ASC_전환_image,[26.07]F_I_SK초_전환_단백질쉐이크출시_혜택강조형_가격메리트_.배너_코코볼.초코시장기강잡는.확장__이유빈_260702_제과_김수정,7,0,85.0,0
2026-07-03,[제과_단백질 쉐이크] 26.06_단백질쉐이크출시_ASC_전환_video,[제과_단백질 쉐이크] 26.06_단백질쉐이크출시_ASC_전환_video,[26.06]F_V_SK혼_전환_단백질쉐이크출시_신규BP_인플루언서_var5.릴스_초코바1위 권위.X_2P_이유빈_260624_제과_이봄1,343,12,8156.0,0
2026-07-03,(미사용) [제과_단백질 쉐이크] 26.06_단백질쉐이크출시_ASC_전환_image,[제과_단백질 쉐이크] 26.06_단백질쉐이크출시_ASC_전환_image,[26.07]F_I_SK초_전환_단백질쉐이크출시_혜택강조형_가격메리트_.배너_코코볼.초코시장기강잡는.확장__이유빈_260702_제과_김수정,30,0,471.0,0
2026-07-03,(마스터ASC)[제과_콘스프맛 팝콘] 26.07_콘스프맛팝콘출시_ASC_전환_image (NEW),(마스터ASC)[콘스프맛 팝콘] 26.07_콘스프맛팝콘출시_ASC_전환_image (NEW),[26.07]F_I_PC혼_전환_팝콘할인페스타_혜택강조형_다이어트_.배너_공지문.현장감.곧품절예상.선착순300명한정.확장__김소희_260703_제과_문다현,13,0,161.0,0
2026-07-04,(미사용) [제과_단백질 쉐이크] 26.06_단백질쉐이크출시_ASC_전환_image,[제과_단백질 쉐이크] 26.06_단백질쉐이크출시_ASC_전환_image,[26.07]F_I_SK초_전환_단백질쉐이크출시_혜택강조형_가격메리트_.배너_코코볼.초코시장기강잡는.확장__이유빈_260702_제과_김수정,1,0,474.0,0
2026-07-04,(마스터ASC)[제과_콘스프맛 팝콘] 26.07_콘스프맛팝콘출시_ASC_전환_image (NEW),(마스터ASC)[콘스프맛 팝콘] 26.07_콘스프맛팝콘출시_ASC_전환_image (NEW),[26.07]F_I_PC혼_전환_팝콘할인페스타_혜택강조형_다이어트_.배너_공지문.현장감.곧품절예상.선착순300명한정.확장__김소희_260703_제과_문다현,60,1,1393.0,0
2026-07-04,[제과_단백질 쉐이크] 26.06_단백질쉐이크출시_수동_전환_video,전화네고형_0702,[26.07]F_V_SK곡_전환_단백질쉐이크출시_네고형_전화네고형_var7.릴스_본론.숏.X_2P_이유빈_260703_제과_윤성미,248,8,4213.0,2
2026-07-05,[제과_단백질 쉐이크] 26.06_단백질쉐이크출시_ASC_전환_video,[제과_단백질 쉐이크] 26.06_단백질쉐이크출시_ASC_전환_video,[26.06]F_V_SK혼_전환_단백질쉐이크출시_신규BP_인플루언서_var5.릴스_초코바1위 권위.X_2P_이유빈_260624_제과_이봄1,3,0,192.0,0
2026-07-05,(마스터ASC)[제과_콘스프맛 팝콘] 26.07_콘스프맛팝콘출시_ASC_전환_image (NEW),(마스터ASC)[콘스프맛 팝콘] 26.07_콘스프맛팝콘출시_ASC_전환_image (NEW),[26.07]F_I_PC혼_전환_팝콘할인페스타_혜택강조형_다이어트_.배너_공지문.현장감.곧품절예상.선착순300명한정.확장__김소희_260703_제과_문다현,43,0,793.0,0
2026-07-05,[제과_단백질 쉐이크] 26.06_단백질쉐이크출시_수동_전환_video,전화네고형_0702,[26.07]F_V_SK곡_전환_단백질쉐이크출시_네고형_전화네고형_var7.릴스_본론.숏.X_2P_이유빈_260703_제과_윤성미,906,41,20620.0,4
2026-07-06,(마스터ASC)[제과_콘스프맛 팝콘] 26.07_콘스프맛팝콘출시_ASC_전환_image (NEW),(마스터ASC)[콘스프맛 팝콘] 26.07_콘스프맛팝콘출시_ASC_전환_image (NEW),[26.07]F_I_PC혼_전환_팝콘할인페스타_혜택강조형_다이어트_.배너_공지문.현장감.곧품절예상.선착순300명한정.확장__김소희_260703_제과_문다현,2,0,37.0,0
2026-07-06,[제과_단백질 쉐이크] 26.06_단백질쉐이크출시_수동_전환_video,전화네고형_0702,[26.07]F_V_SK곡_전환_단백질쉐이크출시_네고형_전화네고형_var7.릴스_본론.숏.X_2P_이유빈_260703_제과_윤성미,96,4,2666.0,1
2026-07-07,[제과_단백질 쉐이크] 26.06_단백질쉐이크출시_ASC_전환_video,[제과_단백질 쉐이크] 26.06_단백질쉐이크출시_ASC_전환_video,[26.06]F_V_SK혼_전환_단백질쉐이크출시_신규BP_인플루언서_var5.릴스_초코바1위 권위.X_2P_이유빈_260624_제과_이봄1,2,0,35.0,0
2026-07-07,[제과_단백질 쉐이크] 26.06_단백질쉐이크출시_수동_전환_video,전화네고형_0702,[26.07]F_V_SK곡_전환_단백질쉐이크출시_네고형_전화네고형_var7.릴스_본론.숏.X_2P_이유빈_260703_제과_윤성미,652,29,17384.0,1
2026-07-07,(마스터2) [제과_단백질 쉐이크] 26.07_단백질쉐이크출시_ASC_전환_image,(마스터2) [제과_단백질 쉐이크] 26.07_단백질쉐이크출시_ASC_전환_image,[26.07]F_I_SK초_전환_단백질쉐이크출시_혜택강조형_파우치.개당가강조_.배너_특정시점.원쁠원안기다려도.검증__이유빈_260706_제과_김수정,229,2,6351.0,1
2026-07-07,(마스터2) [제과_단백질 쉐이크] 26.07_단백질쉐이크출시_ASC_전환_image,(마스터2) [제과_단백질 쉐이크] 26.07_단백질쉐이크출시_ASC_전환_image,[26.07]F_I_SK혼_전환_단백질쉐이크출시_혜택강조형_파우치.개당가강조_.배너_대용량페포.메세지테스트.물조절실패.통단쉐.확장__이유빈_260707_제과_김수정,1159,22,22446.0,6
2026-07-07,(마스터2) [제과_단백질 쉐이크] 26.07_단백질쉐이크출시_ASC_전환_image,(마스터2) [제과_단백질 쉐이크] 26.07_단백질쉐이크출시_ASC_전환_image,[26.07]F_I_SK혼_전환_단백질쉐이크출시_혜택강조형_파우치.개당가강조_.배너_대용량페포.메세지테스트.어디갈때마다.통단쉐.확장__이유빈_260707_제과_김수정,11,0,223.0,0
2026-07-07,(마스터2) [제과_단백질 쉐이크] 26.07_단백질쉐이크출시_ASC_전환_image,(마스터2) [제과_단백질 쉐이크] 26.07_단백질쉐이크출시_ASC_전환_image,[26.07]F_I_SK혼_전환_단백질쉐이크출시_혜택강조형_파우치.개당가강조_.배너_대용량페포.어디갈때마다.확장__이유빈_260707_제과_김수정,14,0,446.0,0
2026-07-07,(마스터2) [제과_단백질 쉐이크] 26.07_단백질쉐이크출시_ASC_전환_image,(마스터2) [제과_단백질 쉐이크] 26.07_단백질쉐이크출시_ASC_전환_image,[26.07]F_I_SK초_전환_단백질쉐이크출시_혜택강조형_파우치.개당가강조_.릴스_파우치대용량비교.여러분이거가격.확장__이유빈_260707_제과_김수정,1112,15,19369.0,1
2026-07-07,(마스터2) [제과_단백질 쉐이크] 26.07_단백질쉐이크출시_ASC_전환_image,(마스터2) [제과_단백질 쉐이크] 26.07_단백질쉐이크출시_ASC_전환_image,[26.07]F_I_SK곡_전환_단백질쉐이크출시_매거진형_라라스윗권위_.배너_저당.개당1천원대수정.확장__이유빈_260707_제과_김수정,81,2,1217.0,0
2026-07-07,(마스터2) [제과_단백질 쉐이크] 26.07_단백질쉐이크출시_ASC_전환_image,(마스터2) [제과_단백질 쉐이크] 26.07_단백질쉐이크출시_ASC_전환_image,[26.07]F_I_SK초_전환_단백질쉐이크출시_제품강조형_원재료강조_.배너_생초코로기둥세운.속세맛신작.가격비교O.아몬드스윗삭제.확장__이유빈_260707_제과_김수정,22,0,450.0,0
2026-07-07,(마스터2) [제과_단백질 쉐이크] 26.07_단백질쉐이크출시_ASC_전환_image,(마스터2) [제과_단백질 쉐이크] 26.07_단백질쉐이크출시_ASC_전환_image,[26.07]F_I_SK초_전환_단백질쉐이크출시_혜택강조형_파우치.개당가강조_.배너_특정시점.대형할인급.네고왕급역대최저가.확장__이유빈_260707_제과_김수정,30,0,378.0,0
2026-07-07,(마스터2) [제과_단백질 쉐이크] 26.07_단백질쉐이크출시_ASC_전환_image,(마스터2) [제과_단백질 쉐이크] 26.07_단백질쉐이크출시_ASC_전환_image,[26.07]F_I_SK혼_전환_단백질쉐이크출시_혜택강조형_파우치.개당가강조_.배너_특정시점.대형할인급.올영세일제일싸다고.확장__이유빈_260707_제과_김수정,74,1,1344.0,0
2026-07-07,(마스터2) [제과_단백질 쉐이크] 26.07_단백질쉐이크출시_ASC_전환_image,(마스터2) [제과_단백질 쉐이크] 26.07_단백질쉐이크출시_ASC_전환_image,[26.07]F_I_SK혼_전환_단백질쉐이크출시_혜택강조형_파우치.개당가강조_.배너_특정시점.대형할인급.올영원쁠원보다싼.확장__이유빈_260707_제과_김수정,52,2,1006.0,0
2026-07-08,[제과_단백질 쉐이크] 26.06_단백질쉐이크출시_ASC_전환_video,[제과_단백질 쉐이크] 26.06_단백질쉐이크출시_ASC_전환_video,[26.06]F_V_SK혼_전환_단백질쉐이크출시_신규BP_인플루언서_var5.릴스_초코바1위 권위.X_2P_이유빈_260624_제과_이봄1,314,6,6637.0,0
2026-07-08,(미사용) [제과_단백질 쉐이크] 26.06_단백질쉐이크출시_ASC_전환_image,[제과_단백질 쉐이크] 26.06_단백질쉐이크출시_ASC_전환_image,[26.07]F_I_SK초_전환_단백질쉐이크출시_혜택강조형_가격메리트_.배너_코코볼.초코시장기강잡는.확장__이유빈_260702_제과_김수정,14,0,234.0,0
2026-07-08,(마스터ASC)[제과_콘스프맛 팝콘] 26.07_콘스프맛팝콘출시_ASC_전환_image (NEW),(마스터ASC)[콘스프맛 팝콘] 26.07_콘스프맛팝콘출시_ASC_전환_image (NEW),[26.07]F_I_PC혼_전환_팝콘할인페스타_혜택강조형_다이어트_.배너_공지문.현장감.곧품절예상.선착순300명한정.확장__김소희_260703_제과_문다현,2564,34,36311.0,1
2026-07-08,(마스터2) [제과_단백질 쉐이크] 26.07_단백질쉐이크출시_ASC_전환_image,(마스터2) [제과_단백질 쉐이크] 26.07_단백질쉐이크출시_ASC_전환_image,[26.07]F_I_SK초_전환_단백질쉐이크출시_혜택강조형_파우치.개당가강조_.배너_특정시점.원쁠원안기다려도.검증__이유빈_260706_제과_김수정,45,1,1297.0,0
2026-07-08,(마스터ASC)[제과_콘스프맛 팝콘] 26.07_콘스프맛팝콘출시_ASC_전환_image (NEW),(마스터ASC)[콘스프맛 팝콘] 26.07_콘스프맛팝콘출시_ASC_전환_image (NEW),[26.07]F_I_PC혼_전환_팝콘할인페스타_혜택강조형_다이어트_.배너_통곡의사과문.영화관팝콘보다자극.sns야식템.샤라웃.확장__김소희_260707_제과_문다현,476,8,12247.0,0
2026-07-08,(마스터2) [제과_단백질 쉐이크] 26.07_단백질쉐이크출시_ASC_전환_image,(마스터2) [제과_단백질 쉐이크] 26.07_단백질쉐이크출시_ASC_전환_image,[26.07]F_I_SK혼_전환_단백질쉐이크출시_혜택강조형_파우치.개당가강조_.배너_대용량페포.메세지테스트.물조절실패.통단쉐.확장__이유빈_260707_제과_김수정,883,16,15935.0,0
2026-07-08,(마스터2) [제과_단백질 쉐이크] 26.07_단백질쉐이크출시_ASC_전환_image,(마스터2) [제과_단백질 쉐이크] 26.07_단백질쉐이크출시_ASC_전환_image,[26.07]F_I_SK혼_전환_단백질쉐이크출시_혜택강조형_파우치.개당가강조_.배너_대용량페포.메세지테스트.어디갈때마다.통단쉐.확장__이유빈_260707_제과_김수정,72,0,1255.0,0
2026-07-08,(마스터2) [제과_단백질 쉐이크] 26.07_단백질쉐이크출시_ASC_전환_image,(마스터2) [제과_단백질 쉐이크] 26.07_단백질쉐이크출시_ASC_전환_image,[26.07]F_I_SK혼_전환_단백질쉐이크출시_혜택강조형_파우치.개당가강조_.배너_대용량페포.어디갈때마다.확장__이유빈_260707_제과_김수정,31,0,466.0,0
2026-07-08,(마스터2) [제과_단백질 쉐이크] 26.07_단백질쉐이크출시_ASC_전환_image,(마스터2) [제과_단백질 쉐이크] 26.07_단백질쉐이크출시_ASC_전환_image,[26.07]F_I_SK곡_전환_단백질쉐이크출시_매거진형_라라스윗권위_.배너_저당.개당1천원대수정.확장__이유빈_260707_제과_김수정,335,5,6118.0,0
2026-07-08,(마스터2) [제과_단백질 쉐이크] 26.07_단백질쉐이크출시_ASC_전환_image,(마스터2) [제과_단백질 쉐이크] 26.07_단백질쉐이크출시_ASC_전환_image,[26.07]F_I_SK초_전환_단백질쉐이크출시_제품강조형_원재료강조_.배너_생초코로기둥세운.속세맛신작.가격비교O.아몬드스윗삭제.확장__이유빈_260707_제과_김수정,37,1,931.0,0
2026-07-08,(마스터2) [제과_단백질 쉐이크] 26.07_단백질쉐이크출시_ASC_전환_image,(마스터2) [제과_단백질 쉐이크] 26.07_단백질쉐이크출시_ASC_전환_image,[26.07]F_I_SK초_전환_단백질쉐이크출시_혜택강조형_파우치.개당가강조_.배너_특정시점.대형할인급.네고왕급역대최저가.확장__이유빈_260707_제과_김수정,20,0,447.0,0
2026-07-08,(마스터2) [제과_단백질 쉐이크] 26.07_단백질쉐이크출시_ASC_전환_image,(마스터2) [제과_단백질 쉐이크] 26.07_단백질쉐이크출시_ASC_전환_image,[26.07]F_I_SK혼_전환_단백질쉐이크출시_혜택강조형_파우치.개당가강조_.배너_특정시점.대형할인급.올영세일제일싸다고.확장__이유빈_260707_제과_김수정,75,1,1951.0,0
2026-07-08,(마스터2) [제과_단백질 쉐이크] 26.07_단백질쉐이크출시_ASC_전환_image,(마스터2) [제과_단백질 쉐이크] 26.07_단백질쉐이크출시_ASC_전환_image,[26.07]F_I_SK혼_전환_단백질쉐이크출시_혜택강조형_파우치.개당가강조_.배너_특정시점.대형할인급.올영원쁠원보다싼.확장__이유빈_260707_제과_김수정,479,10,14214.0,1
2026-07-08,[제과_단백질 쉐이크] 26.06_단백질쉐이크출시_수동_전환_image,파우치개당가강조_0706,[26.07]F_I_SK곡_전환_단백질쉐이크출시_매거진형_라라스윗권위_.배너_저당.개당1천원대수정.확장__이유빈_260707_제과_김수정,638,10,9435.0,0
2026-07-08,[제과_단백질 쉐이크] 26.06_단백질쉐이크출시_수동_전환_image,파우치개당가강조_0706,[26.07]F_I_SK초_전환_단백질쉐이크출시_혜택강조형_파우치.개당가강조_.배너_불편하지않아도.할인조건없음.검증__이유빈_260706_제과_김수정,2,0,37.0,0
2026-07-08,[제과_단백질 쉐이크] 26.06_단백질쉐이크출시_수동_전환_image,파우치개당가강조_0706,[26.07]F_I_SK초_전환_단백질쉐이크출시_혜택강조형_파우치.개당가강조_.릴스_파우치대용량비교.가격시작.확장__이유빈_260707_제과_김수정,574,21,9401.0,0
2026-07-08,[제과_단백질 쉐이크] 26.06_단백질쉐이크출시_수동_전환_image,파우치개당가강조_0706,[26.07]F_I_SK혼_전환_단백질쉐이크출시_혜택강조형_파우치.개당가강조_.배너_특정시점.대형할인급.올영세일제일싸다고.확장__이유빈_260707_제과_김수정,30,4,1024.0,0
2026-07-08,[제과_단백질 쉐이크] 26.06_단백질쉐이크출시_수동_전환_image,파우치개당가강조_0706,[26.07]F_I_SK초_전환_단백질쉐이크출시_혜택강조형_파우치.개당가강조_.릴스_파우치대용량비교.여러분이거가격.확장__이유빈_260707_제과_김수정,537,18,9169.0,4
2026-07-08,[제과_단백질 쉐이크] 26.06_단백질쉐이크출시_수동_전환_image,파우치개당가강조_0706,[26.07]F_I_SK혼_전환_단백질쉐이크출시_혜택강조형_파우치.개당가강조_.배너_특정시점.대형할인급.올영원쁠원보다싼.확장__이유빈_260707_제과_김수정,43,0,873.0,0
2026-07-08,[제과_단백질 쉐이크] 26.06_단백질쉐이크출시_수동_전환_image,파우치개당가강조_0706,[26.07]F_I_SK혼_전환_단백질쉐이크출시_혜택강조형_파우치.개당가강조_.배너_대용량페포.어디갈때마다.확장__이유빈_260707_제과_김수정,29,1,669.0,0
2026-07-08,[제과_단백질 쉐이크] 26.06_단백질쉐이크출시_수동_전환_image,파우치개당가강조_0706,[26.07]F_I_SK혼_전환_단백질쉐이크출시_혜택강조형_파우치.개당가강조_.배너_대용량페포.물조절실패.확장__이유빈_260707_제과_김수정,34,1,1052.0,1
2026-07-08,[제과_단백질 쉐이크] 26.06_단백질쉐이크출시_수동_전환_image,파우치개당가강조_0706,[26.07]F_I_SK혼_전환_단백질쉐이크출시_혜택강조형_파우치.개당가강조_.배너_특정시점.대형할인급.네고왕기다릴필요.확장__이유빈_260707_제과_김수정,9,2,265.0,0
2026-07-08,[제과_단백질 쉐이크] 26.06_단백질쉐이크출시_수동_전환_image,파우치개당가강조_0706,[26.07]F_I_SK초_전환_단백질쉐이크출시_혜택강조형_파우치.개당가강조_.배너_불편하지않아도.미개봉새상품아니어도.검증__이유빈_260706_제과_김수정,10,0,366.0,0
2026-07-08,[제과_단백질 쉐이크] 26.06_단백질쉐이크출시_수동_전환_image,파우치개당가강조_0706,[26.07]F_I_SK초_전환_단백질쉐이크출시_혜택강조형_파우치.개당가강조_.배너_대용랑페포.가루쏟은이미지.확장__이유빈_260707_제과_김수정,25,0,680.0,0
2026-07-08,[제과_단백질 쉐이크] 26.06_단백질쉐이크출시_수동_전환_image,파우치개당가강조_0706,[26.07]F_I_SK혼_전환_단백질쉐이크출시_혜택강조형_파우치.개당가강조_.배너_특정시점.대형할인급.개당1천원대로.확장__이유빈_260707_제과_김수정,18,1,430.0,0
2026-07-08,[제과_단백질 쉐이크] 26.06_단백질쉐이크출시_수동_전환_image,파우치개당가강조_0706,[26.07]F_I_SK초_전환_단백질쉐이크출시_혜택강조형_파우치.개당가강조_.배너_특정시점.네고왕안해도.검증__이유빈_260706_제과_김수정,9,1,327.0,1
2026-07-08,[제과_단백질 쉐이크] 26.06_단백질쉐이크출시_수동_전환_image,파우치개당가강조_0706,[26.07]F_I_SK초_전환_단백질쉐이크출시_혜택강조형_파우치.개당가강조_.배너_특정시점.대형할인급.네고왕급역대최저가.확장__이유빈_260707_제과_김수정,6,1,108.0,0
2026-07-09,[제과_단백질 쉐이크] 26.06_단백질쉐이크출시_ASC_전환_video,[제과_단백질 쉐이크] 26.06_단백질쉐이크출시_ASC_전환_video,[26.06]F_V_SK혼_전환_단백질쉐이크출시_신규BP_인플루언서_var5.릴스_초코바1위 권위.X_2P_이유빈_260624_제과_이봄1,51,3,1188.0,1
2026-07-09,(마스터ASC)[제과_콘스프맛 팝콘] 26.07_콘스프맛팝콘출시_ASC_전환_image (NEW),(마스터ASC)[콘스프맛 팝콘] 26.07_콘스프맛팝콘출시_ASC_전환_image (NEW),[26.07]F_I_PC혼_전환_팝콘할인페스타_혜택강조형_다이어트_.배너_공지문.현장감.곧품절예상.선착순300명한정.확장__김소희_260703_제과_문다현,1093,10,17495.0,0
2026-07-09,(마스터2) [제과_단백질 쉐이크] 26.07_단백질쉐이크출시_ASC_전환_image,(마스터2) [제과_단백질 쉐이크] 26.07_단백질쉐이크출시_ASC_전환_image,[26.07]F_I_SK초_전환_단백질쉐이크출시_혜택강조형_파우치.개당가강조_.배너_특정시점.원쁠원안기다려도.검증__이유빈_260706_제과_김수정,11,0,180.0,0
2026-07-09,(마스터ASC)[제과_콘스프맛 팝콘] 26.07_콘스프맛팝콘출시_ASC_전환_image (NEW),(마스터ASC)[콘스프맛 팝콘] 26.07_콘스프맛팝콘출시_ASC_전환_image (NEW),[26.07]F_I_PC혼_전환_팝콘할인페스타_혜택강조형_다이어트_.배너_통곡의사과문.영화관팝콘보다자극.sns야식템.샤라웃.확장__김소희_260707_제과_문다현,106,4,2570.0,1
2026-07-09,(마스터2) [제과_단백질 쉐이크] 26.07_단백질쉐이크출시_ASC_전환_image,(마스터2) [제과_단백질 쉐이크] 26.07_단백질쉐이크출시_ASC_전환_image,[26.07]F_I_SK혼_전환_단백질쉐이크출시_혜택강조형_파우치.개당가강조_.배너_대용량페포.메세지테스트.물조절실패.통단쉐.확장__이유빈_260707_제과_김수정,976,22,21504.0,3
2026-07-09,(마스터2) [제과_단백질 쉐이크] 26.07_단백질쉐이크출시_ASC_전환_image,(마스터2) [제과_단백질 쉐이크] 26.07_단백질쉐이크출시_ASC_전환_image,[26.07]F_I_SK혼_전환_단백질쉐이크출시_혜택강조형_파우치.개당가강조_.배너_대용량페포.메세지테스트.어디갈때마다.통단쉐.확장__이유빈_260707_제과_김수정,120,1,2020.0,0
2026-07-09,(마스터2) [제과_단백질 쉐이크] 26.07_단백질쉐이크출시_ASC_전환_image,(마스터2) [제과_단백질 쉐이크] 26.07_단백질쉐이크출시_ASC_전환_image,[26.07]F_I_SK혼_전환_단백질쉐이크출시_혜택강조형_파우치.개당가강조_.배너_대용량페포.어디갈때마다.확장__이유빈_260707_제과_김수정,1,0,2.0,0
2026-07-09,(마스터2) [제과_단백질 쉐이크] 26.07_단백질쉐이크출시_ASC_전환_image,(마스터2) [제과_단백질 쉐이크] 26.07_단백질쉐이크출시_ASC_전환_image,[26.07]F_I_SK곡_전환_단백질쉐이크출시_매거진형_라라스윗권위_.배너_저당.개당1천원대수정.확장__이유빈_260707_제과_김수정,864,17,16052.0,2
2026-07-09,(마스터2) [제과_단백질 쉐이크] 26.07_단백질쉐이크출시_ASC_전환_image,(마스터2) [제과_단백질 쉐이크] 26.07_단백질쉐이크출시_ASC_전환_image,[26.07]F_I_SK초_전환_단백질쉐이크출시_제품강조형_원재료강조_.배너_생초코로기둥세운.속세맛신작.가격비교O.아몬드스윗삭제.확장__이유빈_260707_제과_김수정,7,0,173.0,0
2026-07-09,(마스터2) [제과_단백질 쉐이크] 26.07_단백질쉐이크출시_ASC_전환_image,(마스터2) [제과_단백질 쉐이크] 26.07_단백질쉐이크출시_ASC_전환_image,[26.07]F_I_SK초_전환_단백질쉐이크출시_혜택강조형_파우치.개당가강조_.배너_특정시점.대형할인급.네고왕급역대최저가.확장__이유빈_260707_제과_김수정,5,1,206.0,0
2026-07-09,(마스터2) [제과_단백질 쉐이크] 26.07_단백질쉐이크출시_ASC_전환_image,(마스터2) [제과_단백질 쉐이크] 26.07_단백질쉐이크출시_ASC_전환_image,[26.07]F_I_SK혼_전환_단백질쉐이크출시_혜택강조형_파우치.개당가강조_.배너_특정시점.대형할인급.올영세일제일싸다고.확장__이유빈_260707_제과_김수정,70,3,2013.0,0
2026-07-09,[제과_단백질 쉐이크] 26.06_단백질쉐이크출시_수동_전환_image,파우치개당가강조_0706,[26.07]F_I_SK곡_전환_단백질쉐이크출시_매거진형_라라스윗권위_.배너_저당.개당1천원대수정.확장__이유빈_260707_제과_김수정,5171,80,77607.0,7
2026-07-09,[제과_단백질 쉐이크] 26.06_단백질쉐이크출시_수동_전환_image,파우치개당가강조_0706,[26.07]F_I_SK초_전환_단백질쉐이크출시_혜택강조형_파우치.개당가강조_.배너_불편하지않아도.할인조건없음.검증__이유빈_260706_제과_김수정,18,0,720.0,0
2026-07-09,[제과_단백질 쉐이크] 26.06_단백질쉐이크출시_수동_전환_image,파우치개당가강조_0706,[26.07]F_I_SK혼_전환_단백질쉐이크출시_혜택강조형_파우치.개당가강조_.배너_특정시점.대형할인급.올영세일제일싸다고.확장__이유빈_260707_제과_김수정,508,10,13292.0,0
2026-07-09,[제과_단백질 쉐이크] 26.06_단백질쉐이크출시_수동_전환_image,파우치개당가강조_0706,[26.07]F_I_SK혼_전환_단백질쉐이크출시_혜택강조형_파우치.개당가강조_.배너_특정시점.대형할인급.올영원쁠원보다싼.확장__이유빈_260707_제과_김수정,248,2,7031.0,0
2026-07-09,[제과_단백질 쉐이크] 26.06_단백질쉐이크출시_수동_전환_image,파우치개당가강조_0706,[26.07]F_I_SK혼_전환_단백질쉐이크출시_혜택강조형_파우치.개당가강조_.배너_대용량페포.어디갈때마다.확장__이유빈_260707_제과_김수정,470,10,10987.0,0
2026-07-09,[제과_단백질 쉐이크] 26.06_단백질쉐이크출시_수동_전환_image,파우치개당가강조_0706,[26.07]F_I_SK혼_전환_단백질쉐이크출시_혜택강조형_파우치.개당가강조_.배너_대용량페포.물조절실패.확장__이유빈_260707_제과_김수정,215,3,6284.0,0
2026-07-09,[제과_단백질 쉐이크] 26.06_단백질쉐이크출시_수동_전환_image,파우치개당가강조_0706,[26.07]F_I_SK혼_전환_단백질쉐이크출시_혜택강조형_파우치.개당가강조_.배너_특정시점.대형할인급.네고왕기다릴필요.확장__이유빈_260707_제과_김수정,71,0,1588.0,0
2026-07-09,[제과_단백질 쉐이크] 26.06_단백질쉐이크출시_수동_전환_image,파우치개당가강조_0706,[26.07]F_I_SK초_전환_단백질쉐이크출시_혜택강조형_파우치.개당가강조_.배너_불편하지않아도.미개봉새상품아니어도.검증__이유빈_260706_제과_김수정,384,10,8933.0,1
2026-07-09,[제과_단백질 쉐이크] 26.06_단백질쉐이크출시_수동_전환_image,파우치개당가강조_0706,[26.07]F_I_SK초_전환_단백질쉐이크출시_혜택강조형_파우치.개당가강조_.배너_대용랑페포.가루쏟은이미지.확장__이유빈_260707_제과_김수정,181,5,4723.0,0
2026-07-09,[제과_단백질 쉐이크] 26.06_단백질쉐이크출시_수동_전환_image,파우치개당가강조_0706,[26.07]F_I_SK혼_전환_단백질쉐이크출시_혜택강조형_파우치.개당가강조_.배너_특정시점.대형할인급.개당1천원대로.확장__이유빈_260707_제과_김수정,60,3,3215.0,0
2026-07-09,[제과_단백질 쉐이크] 26.06_단백질쉐이크출시_수동_전환_image,파우치개당가강조_0706,[26.07]F_I_SK초_전환_단백질쉐이크출시_혜택강조형_파우치.개당가강조_.배너_특정시점.네고왕안해도.검증__이유빈_260706_제과_김수정,114,7,3464.0,0
2026-07-09,[제과_단백질 쉐이크] 26.06_단백질쉐이크출시_수동_전환_image,파우치개당가강조_0706,[26.07]F_I_SK초_전환_단백질쉐이크출시_혜택강조형_파우치.개당가강조_.배너_특정시점.대형할인급.네고왕급역대최저가.확장__이유빈_260707_제과_김수정,188,1,3879.0,0
2026-07-10,(마스터2) [제과_단백질 쉐이크] 26.07_단백질쉐이크출시_ASC_전환_image,(마스터2) [제과_단백질 쉐이크] 26.07_단백질쉐이크출시_ASC_전환_image,[26.07]F_I_SK초_전환_단백질쉐이크출시_혜택강조형_파우치.개당가강조_.배너_특정시점.원쁠원안기다려도.검증__이유빈_260706_제과_김수정,1,0,36.0,0
2026-07-10,(마스터2) [제과_단백질 쉐이크] 26.07_단백질쉐이크출시_ASC_전환_image,(마스터2) [제과_단백질 쉐이크] 26.07_단백질쉐이크출시_ASC_전환_image,[26.07]F_I_SK혼_전환_단백질쉐이크출시_혜택강조형_파우치.개당가강조_.배너_대용량페포.메세지테스트.물조절실패.통단쉐.확장__이유빈_260707_제과_김수정,521,7,10256.0,0
2026-07-10,(마스터2) [제과_단백질 쉐이크] 26.07_단백질쉐이크출시_ASC_전환_image,(마스터2) [제과_단백질 쉐이크] 26.07_단백질쉐이크출시_ASC_전환_image,[26.07]F_I_SK혼_전환_단백질쉐이크출시_혜택강조형_파우치.개당가강조_.배너_대용량페포.메세지테스트.어디갈때마다.통단쉐.확장__이유빈_260707_제과_김수정,38,0,873.0,0
2026-07-10,(마스터2) [제과_단백질 쉐이크] 26.07_단백질쉐이크출시_ASC_전환_image,(마스터2) [제과_단백질 쉐이크] 26.07_단백질쉐이크출시_ASC_전환_image,[26.07]F_I_SK혼_전환_단백질쉐이크출시_혜택강조형_파우치.개당가강조_.배너_대용량페포.어디갈때마다.확장__이유빈_260707_제과_김수정,1,0,11.0,0
2026-07-10,(마스터2) [제과_단백질 쉐이크] 26.07_단백질쉐이크출시_ASC_전환_image,(마스터2) [제과_단백질 쉐이크] 26.07_단백질쉐이크출시_ASC_전환_image,[26.07]F_I_SK곡_전환_단백질쉐이크출시_매거진형_라라스윗권위_.배너_저당.개당1천원대수정.확장__이유빈_260707_제과_김수정,1184,26,22074.0,2
2026-07-10,(마스터2) [제과_단백질 쉐이크] 26.07_단백질쉐이크출시_ASC_전환_image,(마스터2) [제과_단백질 쉐이크] 26.07_단백질쉐이크출시_ASC_전환_image,[26.07]F_I_SK초_전환_단백질쉐이크출시_제품강조형_원재료강조_.배너_생초코로기둥세운.속세맛신작.가격비교O.아몬드스윗삭제.확장__이유빈_260707_제과_김수정,1,0,49.0,0
2026-07-10,(마스터2) [제과_단백질 쉐이크] 26.07_단백질쉐이크출시_ASC_전환_image,(마스터2) [제과_단백질 쉐이크] 26.07_단백질쉐이크출시_ASC_전환_image,[26.07]F_I_SK혼_전환_단백질쉐이크출시_혜택강조형_파우치.개당가강조_.배너_특정시점.대형할인급.올영세일제일싸다고.확장__이유빈_260707_제과_김수정,86,2,3134.0,0
2026-07-10,[제과_단백질 쉐이크] 26.06_단백질쉐이크출시_수동_전환_image,파우치개당가강조_0706,[26.07]F_I_SK초_전환_단백질쉐이크출시_혜택강조형_파우치.개당가강조_.릴스_파우치대용량비교.여러분이거가격.확장__이유빈_260707_제과_김수정,639,19,11441.0,1
2026-07-10,[제과_단백질 쉐이크] 26.06_단백질쉐이크출시_수동_전환_image,파우치개당가강조_0706,[26.07]F_I_SK혼_전환_단백질쉐이크출시_혜택강조형_파우치.개당가강조_.배너_특정시점.대형할인급.올영원쁠원보다싼.확장__이유빈_260707_제과_김수정,15,0,433.0,0
2026-07-10,[제과_단백질 쉐이크] 26.06_단백질쉐이크출시_수동_전환_image,파우치개당가강조_0706,[26.07]F_I_SK혼_전환_단백질쉐이크출시_혜택강조형_파우치.개당가강조_.배너_대용량페포.물조절실패.확장__이유빈_260707_제과_김수정,8,0,213.0,0
2026-07-10,[제과_단백질 쉐이크] 26.06_단백질쉐이크출시_수동_전환_image,파우치개당가강조_0706,[26.07]F_I_SK혼_전환_단백질쉐이크출시_혜택강조형_파우치.개당가강조_.배너_특정시점.대형할인급.네고왕기다릴필요.확장__이유빈_260707_제과_김수정,1,0,3.0,0
2026-07-10,[제과_단백질 쉐이크] 26.06_단백질쉐이크출시_수동_전환_image,파우치개당가강조_0706,[26.07]F_I_SK초_전환_단백질쉐이크출시_혜택강조형_파우치.개당가강조_.배너_대용랑페포.가루쏟은이미지.확장__이유빈_260707_제과_김수정,1,0,27.0,0
2026-07-10,[제과_단백질 쉐이크] 26.06_단백질쉐이크출시_수동_전환_image,파우치개당가강조_0706,[26.07]F_I_SK초_전환_단백질쉐이크출시_혜택강조형_파우치.개당가강조_.배너_특정시점.네고왕안해도.검증__이유빈_260706_제과_김수정,1,0,7.0,0
2026-07-10,[제과_단백질 쉐이크] 26.06_단백질쉐이크출시_수동_전환_image,파우치개당가강조_0706,[26.07]F_I_SK초_전환_단백질쉐이크출시_혜택강조형_파우치.개당가강조_.배너_특정시점.대형할인급.네고왕급역대최저가.확장__이유빈_260707_제과_김수정,10,0,122.0,0
2026-07-11,(마스터2) [제과_단백질 쉐이크] 26.07_단백질쉐이크출시_ASC_전환_image,(마스터2) [제과_단백질 쉐이크] 26.07_단백질쉐이크출시_ASC_전환_image,[26.07]F_I_SK혼_전환_단백질쉐이크출시_혜택강조형_파우치.개당가강조_.배너_대용량페포.메세지테스트.어디갈때마다.통단쉐.확장__이유빈_260707_제과_김수정,32,1,409.0,0
2026-07-11,[제과_단백질 쉐이크] 26.06_단백질쉐이크출시_수동_전환_image,파우치개당가강조_0706,[26.07]F_I_SK초_전환_단백질쉐이크출시_혜택강조형_파우치.개당가강조_.릴스_파우치대용량비교.여러분이거가격.확장__이유빈_260707_제과_김수정,634,14,9205.0,1
2026-07-11,[제과_단백질 쉐이크] 26.06_단백질쉐이크출시_수동_전환_image,파우치개당가강조_0706,[26.07]F_I_SK혼_전환_단백질쉐이크출시_혜택강조형_파우치.개당가강조_.배너_특정시점.대형할인급.올영원쁠원보다싼.확장__이유빈_260707_제과_김수정,2,0,17.0,0
2026-07-11,[제과_단백질 쉐이크] 26.06_단백질쉐이크출시_수동_전환_image,파우치개당가강조_0706,[26.07]F_I_SK혼_전환_단백질쉐이크출시_혜택강조형_파우치.개당가강조_.배너_대용량페포.물조절실패.확장__이유빈_260707_제과_김수정,805,21,15626.0,1
2026-07-11,[제과_단백질 쉐이크] 26.06_단백질쉐이크출시_수동_전환_image,파우치개당가강조_0706,[26.07]F_I_SK초_전환_단백질쉐이크출시_혜택강조형_파우치.개당가강조_.배너_대용랑페포.가루쏟은이미지.확장__이유빈_260707_제과_김수정,1,0,13.0,0
2026-07-11,[제과_단백질 쉐이크] 26.06_단백질쉐이크출시_수동_전환_image,파우치개당가강조_0706,[26.07]F_I_SK초_전환_단백질쉐이크출시_혜택강조형_파우치.개당가강조_.배너_특정시점.네고왕안해도.검증__이유빈_260706_제과_김수정,1,0,3.0,0
2026-07-11,[제과_단백질 쉐이크] 26.06_단백질쉐이크출시_수동_전환_image,파우치개당가강조_0706,[26.07]F_I_SK초_전환_단백질쉐이크출시_혜택강조형_파우치.개당가강조_.배너_특정시점.대형할인급.네고왕급역대최저가.확장__이유빈_260707_제과_김수정,1,0,19.0,0
2026-07-13,(마스터2) [제과_단백질 쉐이크] 26.07_단백질쉐이크출시_ASC_전환_image,(마스터2) [제과_단백질 쉐이크] 26.07_단백질쉐이크출시_ASC_전환_image,[26.07]F_I_SK혼_전환_단백질쉐이크출시_혜택강조형_파우치.개당가강조_.배너_대용량페포.메세지테스트.어디갈때마다.통단쉐.확장__이유빈_260707_제과_김수정,30,0,525.0,0
2026-07-13,(마스터2) [제과_단백질 쉐이크] 26.07_단백질쉐이크출시_ASC_전환_image,(마스터2) [제과_단백질 쉐이크] 26.07_단백질쉐이크출시_ASC_전환_image,[26.07]F_I_SK혼_전환_단백질쉐이크출시_혜택강조형_파우치.개당가강조_.배너_대용량페포.어디갈때마다.확장__이유빈_260707_제과_김수정,120,1,2300.0,0
2026-07-13,(마스터2) [제과_단백질 쉐이크] 26.07_단백질쉐이크출시_ASC_전환_image,(마스터2) [제과_단백질 쉐이크] 26.07_단백질쉐이크출시_ASC_전환_image,[26.07]F_I_SK혼_전환_단백질쉐이크출시_혜택강조형_파우치.개당가강조_.배너_대용량페포.메세지테스트.물조절실패.통단쉐.확장__이유빈_260707_제과_김수정,47,1,1318.0,0
2026-07-13,(마스터2) [제과_단백질 쉐이크] 26.07_단백질쉐이크출시_ASC_전환_image,(마스터2) [제과_단백질 쉐이크] 26.07_단백질쉐이크출시_ASC_전환_image,[26.07]F_I_SK초_전환_단백질쉐이크출시_제품강조형_원재료강조_.배너_생초코로기둥세운.속세맛신작.가격비교O.아몬드스윗삭제.확장__이유빈_260707_제과_김수정,106,2,2312.0,0
2026-07-13,(마스터2) [제과_단백질 쉐이크] 26.07_단백질쉐이크출시_ASC_전환_image,(마스터2) [제과_단백질 쉐이크] 26.07_단백질쉐이크출시_ASC_전환_image,[26.07]F_I_SK초_전환_단백질쉐이크출시_혜택강조형_파우치.개당가강조_.배너_특정시점.대형할인급.네고왕급역대최저가.확장__이유빈_260707_제과_김수정,309,7,7199.0,1
2026-07-14,(마스터2) [제과_단백질 쉐이크] 26.07_단백질쉐이크출시_ASC_전환_image,(마스터2) [제과_단백질 쉐이크] 26.07_단백질쉐이크출시_ASC_전환_image,[26.07]F_I_SK초_전환_단백질쉐이크출시_혜택강조형_파우치.개당가강조_.배너_특정시점.원쁠원안기다려도.검증__이유빈_260706_제과_김수정,12,0,280.0,0
2026-07-14,(마스터2) [제과_단백질 쉐이크] 26.07_단백질쉐이크출시_ASC_전환_image,(마스터2) [제과_단백질 쉐이크] 26.07_단백질쉐이크출시_ASC_전환_image,[26.07]F_I_SK혼_전환_단백질쉐이크출시_혜택강조형_파우치.개당가강조_.배너_대용량페포.메세지테스트.어디갈때마다.통단쉐.확장__이유빈_260707_제과_김수정,529,4,10850.0,0
2026-07-14,(마스터2) [제과_단백질 쉐이크] 26.07_단백질쉐이크출시_ASC_전환_image,(마스터2) [제과_단백질 쉐이크] 26.07_단백질쉐이크출시_ASC_전환_image,[26.07]F_I_SK혼_전환_단백질쉐이크출시_혜택강조형_파우치.개당가강조_.배너_대용량페포.가격강조.확장__이유빈_260707_제과_김수정,287,5,6936.0,1
2026-07-14,(마스터2) [제과_단백질 쉐이크] 26.07_단백질쉐이크출시_ASC_전환_image,(마스터2) [제과_단백질 쉐이크] 26.07_단백질쉐이크출시_ASC_전환_image,[26.07]F_I_SK혼_전환_단백질쉐이크출시_혜택강조형_파우치.개당가강조_.배너_대용량페포.메세지테스트.물조절실패.통단쉐.확장__이유빈_260707_제과_김수정,11,0,261.0,0
2026-07-14,(마스터2) [제과_단백질 쉐이크] 26.07_단백질쉐이크출시_ASC_전환_image,(마스터2) [제과_단백질 쉐이크] 26.07_단백질쉐이크출시_ASC_전환_image,[26.07]F_I_SK초_전환_단백질쉐이크출시_제품강조형_원재료강조_.배너_생초코로기둥세운.속세맛신작.가격비교O.아몬드스윗삭제.확장__이유빈_260707_제과_김수정,3,0,82.0,0
2026-07-14,(마스터2) [제과_단백질 쉐이크] 26.07_단백질쉐이크출시_ASC_전환_image,(마스터2) [제과_단백질 쉐이크] 26.07_단백질쉐이크출시_ASC_전환_image,[26.07]F_I_SK초_전환_단백질쉐이크출시_혜택강조형_파우치.개당가강조_.배너_특정시점.대형할인급.네고왕급역대최저가.확장__이유빈_260707_제과_김수정,115,3,2647.0,0
2026-07-14,[제과_단백질 쉐이크] 26.06_단백질쉐이크출시_수동_전환_image,파우치개당가강조_0706,[26.07]F_I_SK혼_전환_단백질쉐이크출시_혜택강조형_파우치.개당가강조_.배너_특정시점.대형할인급.네고왕기다릴필요.확장__이유빈_260707_제과_김수정,1,0,11.0,0
2026-07-15,(마스터2) [제과_단백질 쉐이크] 26.07_단백질쉐이크출시_ASC_전환_image,(마스터2) [제과_단백질 쉐이크] 26.07_단백질쉐이크출시_ASC_전환_image,[26.07]F_I_SK혼_전환_단백질쉐이크출시_혜택강조형_파우치.개당가강조_.배너_대용량페포.어디갈때마다.확장__이유빈_260707_제과_김수정,1,0,88.0,0
2026-07-15,(마스터2) [제과_단백질 쉐이크] 26.07_단백질쉐이크출시_ASC_전환_image,(마스터2) [제과_단백질 쉐이크] 26.07_단백질쉐이크출시_ASC_전환_image,[26.07]F_I_SK초_전환_단백질쉐이크출시_제품강조형_원재료강조_.배너_생초코로기둥세운.속세맛신작.가격비교O.아몬드스윗삭제.확장__이유빈_260707_제과_김수정,2,1,37.0,0
2026-07-15,(마스터2) [제과_단백질 쉐이크] 26.07_단백질쉐이크출시_ASC_전환_image,(마스터2) [제과_단백질 쉐이크] 26.07_단백질쉐이크출시_ASC_전환_image,[26.07]F_I_SK혼_전환_단백질쉐이크출시_혜택강조형_파우치.개당가강조_.배너_대용량페포.메세지테스트.어디갈때마다.통단쉐.확장__이유빈_260707_제과_김수정,2,0,33.0,0
2026-07-01,[제과_단백질 쉐이크] 26.06_단백질쉐이크출시_ASC_전환_video,[제과_단백질 쉐이크] 26.06_단백질쉐이크출시_ASC_전환_video,[26.06]F_V_SK혼_전환_단백질쉐이크출시_신규BP_인플루언서_main.릴스_본론.X_2P_이유빈_260624_제과_이봄1,351,11,9183.0,2
2026-07-01,(미사용) [제과_단백질 쉐이크] 26.06_단백질쉐이크출시_ASC_전환_image,[제과_단백질 쉐이크] 26.06_단백질쉐이크출시_ASC_전환_image,[26.06]F_I_SK곡_전환_단백질쉐이크출시_제품강조형_건강자극_.배너_시럽.__이유빈_260626_제과_김나현,3,0,66.0,0
2026-07-01,[제과_단백질 쉐이크] 26.06_단백질쉐이크출시_ASC_전환_video,[제과_단백질 쉐이크] 26.06_단백질쉐이크출시_ASC_전환_video,[26.06]F_V_SK혼_전환_단백질쉐이크출시_신규BP_개당가메리트.재편집_var3.릴스_기존.취식.X_2P_이유빈_260629_제과_이봄1,25505,489,470971.0,58
2026-07-01,(미사용) [제과_단백질 쉐이크] 26.06_단백질쉐이크출시_ASC_전환_image,[제과_단백질 쉐이크] 26.06_단백질쉐이크출시_ASC_전환_image,[26.06]F_I_SK곡_전환_단백질쉐이크출시_제품강조형_라라권위_.배너_할머니가꿀때려넣은찐한.가격비교O.__이유빈_260701_제과_문다현,448,17,10458.0,0
2026-07-01,(미사용) [제과_단백질 쉐이크] 26.06_단백질쉐이크출시_ASC_전환_image,[제과_단백질 쉐이크] 26.06_단백질쉐이크출시_ASC_전환_image,[26.06]F_I_SK곡_전환_단백질쉐이크출시_제품강조형_원재료강조_.배너_검정쌀.설탕넣고살얼음.가격비교O.__이유빈_260701_제과_문다현,51,1,903.0,0
2026-07-01,(미사용) [제과_단백질 쉐이크] 26.06_단백질쉐이크출시_ASC_전환_image,[제과_단백질 쉐이크] 26.06_단백질쉐이크출시_ASC_전환_image,[26.06]F_I_SK초_전환_단백질쉐이크출시_제품강조형_원재료강조_.배너_초코향흉내에지쳤다면.진짜생초코.가격비교X.__이유빈_260701_제과_문다현,181,4,4115.0,0
2026-07-02,[제과_단백질 쉐이크] 26.06_단백질쉐이크출시_ASC_전환_video,[제과_단백질 쉐이크] 26.06_단백질쉐이크출시_ASC_전환_video,[26.06]F_V_SK혼_전환_단백질쉐이크출시_신규BP_인플루언서_main.릴스_본론.X_2P_이유빈_260624_제과_이봄1,535,4,11752.0,0
2026-07-02,[제과_단백질 쉐이크] 26.06_단백질쉐이크출시_ASC_전환_video,[제과_단백질 쉐이크] 26.06_단백질쉐이크출시_ASC_전환_video,[26.06]F_V_SK혼_전환_단백질쉐이크출시_신규BP_개당가메리트.재편집_var3.릴스_기존.취식.X_2P_이유빈_260629_제과_이봄1,26240,464,419317.0,63
2026-07-02,(미사용) [제과_단백질 쉐이크] 26.06_단백질쉐이크출시_ASC_전환_image,[제과_단백질 쉐이크] 26.06_단백질쉐이크출시_ASC_전환_image,[26.06]F_I_SK곡_전환_단백질쉐이크출시_제품강조형_원재료강조_.배너_검정쌀.설탕넣고살얼음.가격비교O.__이유빈_260701_제과_문다현,62,1,1605.0,0
2026-07-02,(미사용) [제과_단백질 쉐이크] 26.06_단백질쉐이크출시_ASC_전환_image,[제과_단백질 쉐이크] 26.06_단백질쉐이크출시_ASC_전환_image,[26.06]F_I_SK초_전환_단백질쉐이크출시_제품강조형_원재료강조_.배너_초코향흉내에지쳤다면.진짜생초코.가격비교X.__이유빈_260701_제과_문다현,43,2,1262.0,0
2026-07-03,[제과_단백질 쉐이크] 26.06_단백질쉐이크출시_ASC_전환_video,[제과_단백질 쉐이크] 26.06_단백질쉐이크출시_ASC_전환_video,[26.06]F_V_SK혼_전환_단백질쉐이크출시_신규BP_개당가메리트.재편집_var3.릴스_기존.취식.X_2P_이유빈_260629_제과_이봄1,5667,122,100369.0,11
2026-07-03,(미사용) [제과_단백질 쉐이크] 26.06_단백질쉐이크출시_ASC_전환_image,[제과_단백질 쉐이크] 26.06_단백질쉐이크출시_ASC_전환_image,[26.06]F_I_SK곡_전환_단백질쉐이크출시_제품강조형_원재료강조_.배너_검정쌀.설탕넣고살얼음.가격비교O.__이유빈_260701_제과_문다현,1,0,18.0,0
2026-07-03,(미사용) [제과_단백질 쉐이크] 26.06_단백질쉐이크출시_ASC_전환_image,[제과_단백질 쉐이크] 26.06_단백질쉐이크출시_ASC_전환_image,[26.06]F_I_SK초_전환_단백질쉐이크출시_제품강조형_원재료강조_.배너_초코향흉내에지쳤다면.진짜생초코.가격비교X.__이유빈_260701_제과_문다현,112,1,3011.0,0
2026-07-03,(마스터ASC)[제과_콘스프맛 팝콘] 26.07_콘스프맛팝콘출시_ASC_전환_image (NEW),(마스터ASC)[콘스프맛 팝콘] 26.07_콘스프맛팝콘출시_ASC_전환_image (NEW),[26.07]F_I_PC혼_전환_팝콘할인페스타_혜택강조형_다이어트_.배너_시즈닝팍팍.선착순300명.어차피먹을과자.확장__김소희_260702_제과_문다현,43,3,1095.0,0
2026-07-04,(미사용) [제과_단백질 쉐이크] 26.06_단백질쉐이크출시_ASC_전환_image,[제과_단백질 쉐이크] 26.06_단백질쉐이크출시_ASC_전환_image,[26.06]F_I_SK곡_전환_단백질쉐이크출시_제품강조형_건강자극_.배너_시럽.__이유빈_260626_제과_김나현,76,0,2294.0,0
2026-07-04,[제과_단백질 쉐이크] 26.06_단백질쉐이크출시_ASC_전환_video,[제과_단백질 쉐이크] 26.06_단백질쉐이크출시_ASC_전환_video,[26.06]F_V_SK혼_전환_단백질쉐이크출시_신규BP_개당가메리트.재편집_var3.릴스_기존.취식.X_2P_이유빈_260629_제과_이봄1,127,5,2923.0,1
2026-07-04,(미사용) [제과_단백질 쉐이크] 26.06_단백질쉐이크출시_ASC_전환_image,[제과_단백질 쉐이크] 26.06_단백질쉐이크출시_ASC_전환_image,[26.06]F_I_SK곡_전환_단백질쉐이크출시_제품강조형_원재료강조_.배너_검정쌀.설탕넣고살얼음.가격비교O.__이유빈_260701_제과_문다현,4,0,171.0,0
2026-07-04,(마스터ASC)[제과_콘스프맛 팝콘] 26.07_콘스프맛팝콘출시_ASC_전환_image (NEW),(마스터ASC)[콘스프맛 팝콘] 26.07_콘스프맛팝콘출시_ASC_전환_image (NEW),[26.07]F_I_PC혼_전환_팝콘할인페스타_혜택강조형_다이어트_.배너_시즈닝팍팍.선착순300명.어차피먹을과자.확장__김소희_260702_제과_문다현,1,0,6.0,0
2026-07-05,[제과_단백질 쉐이크] 26.06_단백질쉐이크출시_ASC_전환_video,[제과_단백질 쉐이크] 26.06_단백질쉐이크출시_ASC_전환_video,[26.06]F_V_SK혼_전환_단백질쉐이크출시_신규BP_개당가메리트.재편집_var3.릴스_기존.취식.X_2P_이유빈_260629_제과_이봄1,66,2,1559.0,1
2026-07-05,(마스터ASC)[제과_콘스프맛 팝콘] 26.07_콘스프맛팝콘출시_ASC_전환_image (NEW),(마스터ASC)[콘스프맛 팝콘] 26.07_콘스프맛팝콘출시_ASC_전환_image (NEW),[26.07]F_I_PC혼_전환_팝콘할인페스타_혜택강조형_다이어트_.배너_시즈닝팍팍.선착순300명.어차피먹을과자.확장__김소희_260702_제과_문다현,20,0,279.0,0
2026-07-06,[제과_단백질 쉐이크] 26.06_단백질쉐이크출시_ASC_전환_video,[제과_단백질 쉐이크] 26.06_단백질쉐이크출시_ASC_전환_video,[26.06]F_V_SK혼_전환_단백질쉐이크출시_신규BP_개당가메리트.재편집_var3.릴스_기존.취식.X_2P_이유빈_260629_제과_이봄1,141,4,2775.0,0
2026-07-06,(미사용) [제과_단백질 쉐이크] 26.06_단백질쉐이크출시_ASC_전환_image,[제과_단백질 쉐이크] 26.06_단백질쉐이크출시_ASC_전환_image,[26.06]F_I_SK곡_전환_단백질쉐이크출시_제품강조형_원재료강조_.배너_검정쌀.설탕넣고살얼음.가격비교O.__이유빈_260701_제과_문다현,1,0,21.0,0
2026-07-06,(마스터ASC)[제과_콘스프맛 팝콘] 26.07_콘스프맛팝콘출시_ASC_전환_image (NEW),(마스터ASC)[콘스프맛 팝콘] 26.07_콘스프맛팝콘출시_ASC_전환_image (NEW),[26.07]F_I_PC혼_전환_팝콘할인페스타_혜택강조형_다이어트_.배너_시즈닝팍팍.선착순300명.어차피먹을과자.확장__김소희_260702_제과_문다현,9,0,142.0,0
2026-07-06,[제과_콘스프맛 팝콘] 26.05_콘스프맛팝콘출시_수동_전환_image,긴급성강조_할인페스타 (~7/8),[26.07]F_I_PC혼_전환_팝콘할인페스타_혜택강조형_다이어트_.배너_선착순할인주문폭주.요요없는.확장__김소희_260706_제과_문다현,1,0,17.0,0
2026-07-07,[제과_단백질 쉐이크] 26.06_단백질쉐이크출시_ASC_전환_video,[제과_단백질 쉐이크] 26.06_단백질쉐이크출시_ASC_전환_video,[26.06]F_V_SK혼_전환_단백질쉐이크출시_신규BP_개당가메리트.재편집_var3.릴스_기존.취식.X_2P_이유빈_260629_제과_이봄1,130,1,2861.0,0
2026-07-07,(미사용) [제과_단백질 쉐이크] 26.06_단백질쉐이크출시_ASC_전환_image,[제과_단백질 쉐이크] 26.06_단백질쉐이크출시_ASC_전환_image,[26.06]F_I_SK곡_전환_단백질쉐이크출시_제품강조형_원재료강조_.배너_검정쌀.설탕넣고살얼음.가격비교O.__이유빈_260701_제과_문다현,6,0,193.0,0
2026-07-07,(마스터ASC)[제과_콘스프맛 팝콘] 26.07_콘스프맛팝콘출시_ASC_전환_image (NEW),(마스터ASC)[콘스프맛 팝콘] 26.07_콘스프맛팝콘출시_ASC_전환_image (NEW),[26.07]F_I_PC혼_전환_팝콘할인페스타_혜택강조형_다이어트_.배너_팝콘선착순추가할인.마감임박.요요.상품컷4개.확장__김소희_260706_제과_문다현,1482,20,24691.0,2
2026-07-07,[제과_콘스프맛 팝콘] 26.05_콘스프맛팝콘출시_수동_전환_image,긴급성강조_할인페스타 (~7/8),[26.07]F_I_PC혼_전환_팝콘할인페스타_혜택강조형_다이어트_.배너_선착순할인주문폭주.요요없는.확장__김소희_260706_제과_문다현,190,3,5615.0,0
2026-07-07,[제과_단백질 쉐이크] 26.06_단백질쉐이크출시_수동_전환_video,고객검증형(재)_0629,[26.07]F_V_SK혼_전환_단백질쉐이크출시_신규BP_고객검증형_main.릴스_직접문의.혜택변경.(재)_2P_이유빈_260707_제과_윤성미,258,11,5520.0,3
2026-07-07,[제과_단백질 쉐이크] 26.06_단백질쉐이크출시_수동_전환_video,고객검증형(재)_0629,[26.07]F_V_SK혼_전환_단백질쉐이크출시_신규BP_고객검증형.개당가메리트_var1.릴스_기대감.혜택변경.(재)_2P_이유빈_260707_제과_윤성미,2451,54,46636.0,3
2026-07-07,[제과_단백질 쉐이크] 26.06_단백질쉐이크출시_수동_전환_video,지인네고형_0702,[26.07]F_V_SK혼_전환_단백질쉐이크출시_네고형_지인네고형_main.릴스_가격강조아몬드스윗삭제.(재)_2P_이유빈_260707_제과_이봄1,8212,374,126533.0,17
2026-07-07,(마스터ASC)[제과_콘스프맛 팝콘] 26.07_콘스프맛팝콘출시_ASC_전환_image (NEW),(마스터ASC)[콘스프맛 팝콘] 26.07_콘스프맛팝콘출시_ASC_전환_image (NEW),[26.07]F_I_PC혼_전환_팝콘할인페스타_혜택강조형_다이어트_.배너_공지.가격실수안내.유명헬스뷰티스토어.대형유튜버.확장__김소희_260707_제과_문다현,39,1,399.0,0
2026-07-07,(마스터ASC)[제과_콘스프맛 팝콘] 26.07_콘스프맛팝콘출시_ASC_전환_image (NEW),(마스터ASC)[콘스프맛 팝콘] 26.07_콘스프맛팝콘출시_ASC_전환_image (NEW),[26.07]F_I_PC혼_전환_팝콘할인페스타_혜택강조형_다이어트_.배너_공지.가격실수안내.유명크리에이터.다이어터.확장__김소희_260707_제과_문다현,435,10,6134.0,0
2026-07-07,(마스터ASC)[제과_콘스프맛 팝콘] 26.07_콘스프맛팝콘출시_ASC_전환_image (NEW),(마스터ASC)[콘스프맛 팝콘] 26.07_콘스프맛팝콘출시_ASC_전환_image (NEW),[26.07]F_I_PC혼_전환_팝콘할인페스타_혜택강조형_다이어트_.배너_사과문.결제창동시폭주.300명카운트마감될때까지.확장__김소희_260707_제과_문다현,38,0,744.0,0
2026-07-07,(마스터ASC)[제과_콘스프맛 팝콘] 26.07_콘스프맛팝콘출시_ASC_전환_image (NEW),(마스터ASC)[콘스프맛 팝콘] 26.07_콘스프맛팝콘출시_ASC_전환_image (NEW),[26.07]F_I_PC혼_전환_팝콘할인페스타_혜택강조형_다이어트_.배너_밤만되면터져대는입.300명마감임박.실시간급감중.확장__김소희_260707_제과_문다현,81,1,1437.0,0
2026-07-07,(마스터ASC)[제과_콘스프맛 팝콘] 26.07_콘스프맛팝콘출시_ASC_전환_image (NEW),(마스터ASC)[콘스프맛 팝콘] 26.07_콘스프맛팝콘출시_ASC_전환_image (NEW),[26.07]F_I_PC혼_전환_팝콘할인페스타_혜택강조형_다이어트_.배너_죄책감없고싶다면.도달시할인종료.실시간소진중.확장__김소희_260707_제과_문다현,141,1,1903.0,0
2026-07-07,(마스터2) [제과_단백질 쉐이크] 26.07_단백질쉐이크출시_ASC_전환_image,(마스터2) [제과_단백질 쉐이크] 26.07_단백질쉐이크출시_ASC_전환_image,[26.07]F_I_SK혼_전환_단백질쉐이크출시_혜택강조형_파우치.개당가강조_.배너_대용량페포.메세지테스트.가격강조.통단쉐.확장__이유빈_260707_제과_김수정,64,0,733.0,0
2026-07-08,[제과_단백질 쉐이크] 26.06_단백질쉐이크출시_ASC_전환_video,[제과_단백질 쉐이크] 26.06_단백질쉐이크출시_ASC_전환_video,[26.06]F_V_SK혼_전환_단백질쉐이크출시_신규BP_개당가메리트.재편집_var3.릴스_기존.취식.X_2P_이유빈_260629_제과_이봄1,447,13,7731.0,4
2026-07-08,(마스터ASC)[제과_콘스프맛 팝콘] 26.07_콘스프맛팝콘출시_ASC_전환_image (NEW),(마스터ASC)[콘스프맛 팝콘] 26.07_콘스프맛팝콘출시_ASC_전환_image (NEW),[26.07]F_I_PC혼_전환_팝콘할인페스타_혜택강조형_다이어트_.배너_시즈닝팍팍.선착순300명.어차피먹을과자.확장__김소희_260702_제과_문다현,150,2,2315.0,0
2026-07-08,[제과_콘스프맛 팝콘] 26.05_콘스프맛팝콘출시_수동_전환_image,긴급성강조_할인페스타 (~7/8),[26.07]F_I_PC혼_전환_팝콘할인페스타_혜택강조형_다이어트_.배너_선착순할인주문폭주.요요없는.확장__김소희_260706_제과_문다현,30,2,997.0,0
2026-07-08,[제과_단백질 쉐이크] 26.06_단백질쉐이크출시_수동_전환_video,고객검증형(재)_0629,[26.07]F_V_SK혼_전환_단백질쉐이크출시_신규BP_고객검증형_main.릴스_직접문의.혜택변경.(재)_2P_이유빈_260707_제과_윤성미,386,8,8239.0,1
2026-07-08,[제과_단백질 쉐이크] 26.06_단백질쉐이크출시_ASC_전환_video,[제과_단백질 쉐이크] 26.06_단백질쉐이크출시_ASC_전환_video,[26.07]F_V_SK혼_전환_단백질쉐이크출시_신규BP_고객검증형_main.릴스_직접문의.혜택변경.(재)_2P_이유빈_260707_제과_윤성미,5389,152,87140.0,6
2026-07-08,[제과_단백질 쉐이크] 26.06_단백질쉐이크출시_ASC_전환_video,[제과_단백질 쉐이크] 26.06_단백질쉐이크출시_ASC_전환_video,[26.07]F_V_SK혼_전환_단백질쉐이크출시_신규BP_고객검증형.개당가메리트_var1.릴스_기대감.혜택변경.(재)_2P_이유빈_260707_제과_윤성미,6077,161,68976.0,8
2026-07-08,[제과_단백질 쉐이크] 26.06_단백질쉐이크출시_수동_전환_video,고객검증형(재)_0629,[26.07]F_V_SK혼_전환_단백질쉐이크출시_신규BP_고객검증형.개당가메리트_var1.릴스_기대감.혜택변경.(재)_2P_이유빈_260707_제과_윤성미,1758,50,29324.0,3
2026-07-08,[제과_단백질 쉐이크] 26.06_단백질쉐이크출시_수동_전환_video,지인네고형_0702,[26.07]F_V_SK혼_전환_단백질쉐이크출시_네고형_지인네고형_main.릴스_가격강조아몬드스윗삭제.(재)_2P_이유빈_260707_제과_이봄1,3768,168,55421.0,5
2026-07-08,[제과_콘스프맛 팝콘] 26.05_콘스프맛팝콘출시_수동_전환_image,가격한정&공지문_할인페스타(~7/8),[26.07]F_I_PC혼_전환_팝콘할인페스타_혜택강조형_다이어트_.배너_공지.가격실수안내.유명헬스뷰티스토어.대형유튜버.확장__김소희_260707_제과_문다현,68,1,983.0,0
2026-07-08,(마스터ASC)[제과_콘스프맛 팝콘] 26.07_콘스프맛팝콘출시_ASC_전환_image (NEW),(마스터ASC)[콘스프맛 팝콘] 26.07_콘스프맛팝콘출시_ASC_전환_image (NEW),[26.07]F_I_PC혼_전환_팝콘할인페스타_혜택강조형_다이어트_.배너_공지.가격실수안내.유명헬스뷰티스토어.대형유튜버.확장__김소희_260707_제과_문다현,2396,83,36303.0,5
2026-07-08,[제과_콘스프맛 팝콘] 26.05_콘스프맛팝콘출시_수동_전환_image,가격한정&공지문_할인페스타(~7/8),[26.07]F_I_PC혼_전환_팝콘할인페스타_혜택강조형_다이어트_.배너_공지.가격실수안내.다이어트커뮤니티입소문.공장풀가동.확장__김소희_260707_제과_문다현,551,25,9542.0,1
2026-07-08,[제과_콘스프맛 팝콘] 26.05_콘스프맛팝콘출시_수동_전환_image,가격한정&공지문_할인페스타(~7/8),[26.07]F_I_PC혼_전환_팝콘할인페스타_혜택강조형_다이어트_.배너_군것질생각너무나지만.살걱정.마감직전.빠른속도로.소진중.확장__김소희_260707_제과_문다현,2,1,117.0,0
2026-07-08,[제과_콘스프맛 팝콘] 26.05_콘스프맛팝콘출시_수동_전환_image,가격한정&공지문_할인페스타(~7/8),[26.07]F_I_PC혼_전환_팝콘할인페스타_혜택강조형_다이어트_.배너_공지.가격실수안내.유명크리에이터.다이어터.확장__김소희_260707_제과_문다현,74,4,1369.0,0
2026-07-08,(마스터ASC)[제과_콘스프맛 팝콘] 26.07_콘스프맛팝콘출시_ASC_전환_image (NEW),(마스터ASC)[콘스프맛 팝콘] 26.07_콘스프맛팝콘출시_ASC_전환_image (NEW),[26.07]F_I_PC혼_전환_팝콘할인페스타_혜택강조형_다이어트_.배너_공지.가격실수안내.유명크리에이터.다이어터.확장__김소희_260707_제과_문다현,3522,135,56812.0,9
2026-07-08,[제과_콘스프맛 팝콘] 26.05_콘스프맛팝콘출시_수동_전환_image,가격한정&공지문_할인페스타(~7/8),[26.07]F_I_PC혼_전환_팝콘할인페스타_혜택강조형_다이어트_.배너_긴급공지.올립니다.물량감당.마감전.남은수량까지만.확장__김소희_260707_제과_문다현,27,2,1286.0,0
2026-07-08,[제과_콘스프맛 팝콘] 26.05_콘스프맛팝콘출시_수동_전환_image,가격한정&공지문_할인페스타(~7/8),[26.07]F_I_PC혼_전환_팝콘할인페스타_혜택강조형_다이어트_.배너_사과문.결제창동시폭주.300명카운트마감될때까지.확장__김소희_260707_제과_문다현,35,1,619.0,0
2026-07-08,(마스터ASC)[제과_콘스프맛 팝콘] 26.07_콘스프맛팝콘출시_ASC_전환_image (NEW),(마스터ASC)[콘스프맛 팝콘] 26.07_콘스프맛팝콘출시_ASC_전환_image (NEW),[26.07]F_I_PC혼_전환_팝콘할인페스타_혜택강조형_다이어트_.배너_사과문.결제창동시폭주.300명카운트마감될때까지.확장__김소희_260707_제과_문다현,816,13,16667.0,1
2026-07-08,[제과_콘스프맛 팝콘] 26.05_콘스프맛팝콘출시_수동_전환_image,가격한정&공지문_할인페스타(~7/8),[26.07]F_I_PC혼_전환_팝콘할인페스타_혜택강조형_다이어트_.배너_통곡의사과문.영화관팝콘보다자극.sns야식템.샤라웃.확장__김소희_260707_제과_문다현,25,0,880.0,0
2026-07-08,(마스터ASC)[제과_콘스프맛 팝콘] 26.07_콘스프맛팝콘출시_ASC_전환_image (NEW),(마스터ASC)[콘스프맛 팝콘] 26.07_콘스프맛팝콘출시_ASC_전환_image (NEW),[26.07]F_I_PC혼_전환_팝콘할인페스타_혜택강조형_다이어트_.배너_밤만되면터져대는입.300명마감임박.실시간급감중.확장__김소희_260707_제과_문다현,830,16,16122.0,4
2026-07-08,(마스터ASC)[제과_콘스프맛 팝콘] 26.07_콘스프맛팝콘출시_ASC_전환_image (NEW),(마스터ASC)[콘스프맛 팝콘] 26.07_콘스프맛팝콘출시_ASC_전환_image (NEW),[26.07]F_I_PC혼_전환_팝콘할인페스타_혜택강조형_다이어트_.배너_죄책감없고싶다면.도달시할인종료.실시간소진중.확장__김소희_260707_제과_문다현,383,8,7046.0,4
2026-07-08,[제과_콘스프맛 팝콘] 26.05_콘스프맛팝콘출시_수동_전환_image,가격한정&공지문_할인페스타(~7/8),[26.07]F_I_PC혼_전환_팝콘할인페스타_혜택강조형_다이어트_.배너_밤만되면터져대는입.300명마감임박.실시간급감중.확장__김소희_260707_제과_문다현,16,1,315.0,0
2026-07-08,[제과_콘스프맛 팝콘] 26.05_콘스프맛팝콘출시_수동_전환_image,가격한정&공지문_할인페스타(~7/8),[26.07]F_I_PC혼_전환_팝콘할인페스타_혜택강조형_다이어트_.배너_죄책감없고싶다면.도달시할인종료.실시간소진중.확장__김소희_260707_제과_문다현,4,0,86.0,0
2026-07-08,(마스터2) [제과_단백질 쉐이크] 26.07_단백질쉐이크출시_ASC_전환_image,(마스터2) [제과_단백질 쉐이크] 26.07_단백질쉐이크출시_ASC_전환_image,[26.07]F_I_SK혼_전환_단백질쉐이크출시_혜택강조형_파우치.개당가강조_.배너_대용량페포.메세지테스트.가격강조.통단쉐.확장__이유빈_260707_제과_김수정,14,1,208.0,0
2026-07-08,(마스터2) [제과_단백질 쉐이크] 26.07_단백질쉐이크출시_ASC_전환_image,(마스터2) [제과_단백질 쉐이크] 26.07_단백질쉐이크출시_ASC_전환_image,[26.07]F_I_SK초_전환_단백질쉐이크출시_혜택강조형_파우치.개당가강조_.릴스_파우치대용량비교.여러분이거가격.확장__이유빈_260707_제과_김수정,603,15,10916.0,0
2026-07-09,[제과_단백질 쉐이크] 26.06_단백질쉐이크출시_ASC_전환_video,[제과_단백질 쉐이크] 26.06_단백질쉐이크출시_ASC_전환_video,[26.06]F_V_SK혼_전환_단백질쉐이크출시_신규BP_개당가메리트.재편집_var3.릴스_기존.취식.X_2P_이유빈_260629_제과_이봄1,96,2,1715.0,0
2026-07-09,(미사용) [제과_단백질 쉐이크] 26.06_단백질쉐이크출시_ASC_전환_image,[제과_단백질 쉐이크] 26.06_단백질쉐이크출시_ASC_전환_image,[26.06]F_I_SK곡_전환_단백질쉐이크출시_제품강조형_원재료강조_.배너_검정쌀.설탕넣고살얼음.가격비교O.__이유빈_260701_제과_문다현,97,3,2022.0,0
2026-07-09,(마스터ASC)[제과_콘스프맛 팝콘] 26.07_콘스프맛팝콘출시_ASC_전환_image (NEW),(마스터ASC)[콘스프맛 팝콘] 26.07_콘스프맛팝콘출시_ASC_전환_image (NEW),[26.07]F_I_PC혼_전환_팝콘할인페스타_혜택강조형_다이어트_.배너_시즈닝팍팍.선착순300명.어차피먹을과자.확장__김소희_260702_제과_문다현,22,0,248.0,0
2026-07-09,[제과_단백질 쉐이크] 26.06_단백질쉐이크출시_수동_전환_video,고객검증형(재)_0629,[26.07]F_V_SK혼_전환_단백질쉐이크출시_신규BP_고객검증형_main.릴스_직접문의.혜택변경.(재)_2P_이유빈_260707_제과_윤성미,5715,131,72950.0,7
2026-07-09,[제과_단백질 쉐이크] 26.06_단백질쉐이크출시_ASC_전환_video,[제과_단백질 쉐이크] 26.06_단백질쉐이크출시_ASC_전환_video,[26.07]F_V_SK혼_전환_단백질쉐이크출시_신규BP_고객검증형_main.릴스_직접문의.혜택변경.(재)_2P_이유빈_260707_제과_윤성미,7925,209,106814.0,19
2026-07-09,[제과_단백질 쉐이크] 26.06_단백질쉐이크출시_ASC_전환_video,[제과_단백질 쉐이크] 26.06_단백질쉐이크출시_ASC_전환_video,[26.07]F_V_SK혼_전환_단백질쉐이크출시_신규BP_고객검증형.개당가메리트_var1.릴스_기대감.혜택변경.(재)_2P_이유빈_260707_제과_윤성미,1487,29,16579.0,2
2026-07-09,[제과_단백질 쉐이크] 26.06_단백질쉐이크출시_수동_전환_video,지인네고형_0702,[26.07]F_V_SK혼_전환_단백질쉐이크출시_네고형_지인네고형_main.릴스_가격강조아몬드스윗삭제.(재)_2P_이유빈_260707_제과_이봄1,22113,695,321417.0,29
2026-07-09,[제과_콘스프맛 팝콘] 26.05_콘스프맛팝콘출시_수동_전환_image,가격한정&공지문_할인페스타(~7/8),[26.07]F_I_PC혼_전환_팝콘할인페스타_혜택강조형_다이어트_.배너_공지.가격실수안내.유명헬스뷰티스토어.대형유튜버.확장__김소희_260707_제과_문다현,326,8,7059.0,1
2026-07-09,[제과_콘스프맛 팝콘] 26.05_콘스프맛팝콘출시_수동_전환_image,가격한정&공지문_할인페스타(~7/8),[26.07]F_I_PC혼_전환_팝콘할인페스타_혜택강조형_다이어트_.배너_군것질생각너무나지만.살걱정.마감직전.빠른속도로.소진중.확장__김소희_260707_제과_문다현,4,0,24.0,0
2026-07-09,[제과_콘스프맛 팝콘] 26.05_콘스프맛팝콘출시_수동_전환_image,가격한정&공지문_할인페스타(~7/8),[26.07]F_I_PC혼_전환_팝콘할인페스타_혜택강조형_다이어트_.배너_공지.가격실수안내.유명크리에이터.다이어터.확장__김소희_260707_제과_문다현,280,5,4249.0,1
2026-07-09,[제과_콘스프맛 팝콘] 26.05_콘스프맛팝콘출시_수동_전환_image,가격한정&공지문_할인페스타(~7/8),[26.07]F_I_PC혼_전환_팝콘할인페스타_혜택강조형_다이어트_.배너_긴급공지.올립니다.물량감당.마감전.남은수량까지만.확장__김소희_260707_제과_문다현,48,1,1858.0,0
2026-07-09,[제과_콘스프맛 팝콘] 26.05_콘스프맛팝콘출시_수동_전환_image,가격한정&공지문_할인페스타(~7/8),[26.07]F_I_PC혼_전환_팝콘할인페스타_혜택강조형_다이어트_.배너_사과문.결제창동시폭주.300명카운트마감될때까지.확장__김소희_260707_제과_문다현,100,2,1765.0,0
2026-07-09,(마스터ASC)[제과_콘스프맛 팝콘] 26.07_콘스프맛팝콘출시_ASC_전환_image (NEW),(마스터ASC)[콘스프맛 팝콘] 26.07_콘스프맛팝콘출시_ASC_전환_image (NEW),[26.07]F_I_PC혼_전환_팝콘할인페스타_혜택강조형_다이어트_.배너_사과문.결제창동시폭주.300명카운트마감될때까지.확장__김소희_260707_제과_문다현,93,1,1835.0,0
2026-07-09,[제과_콘스프맛 팝콘] 26.05_콘스프맛팝콘출시_수동_전환_image,가격한정&공지문_할인페스타(~7/8),[26.07]F_I_PC혼_전환_팝콘할인페스타_혜택강조형_다이어트_.배너_통곡의사과문.영화관팝콘보다자극.sns야식템.샤라웃.확장__김소희_260707_제과_문다현,18,1,481.0,0
2026-07-09,(마스터ASC)[제과_콘스프맛 팝콘] 26.07_콘스프맛팝콘출시_ASC_전환_image (NEW),(마스터ASC)[콘스프맛 팝콘] 26.07_콘스프맛팝콘출시_ASC_전환_image (NEW),[26.07]F_I_PC혼_전환_팝콘할인페스타_혜택강조형_다이어트_.배너_밤만되면터져대는입.300명마감임박.실시간급감중.확장__김소희_260707_제과_문다현,1091,19,20657.0,3
2026-07-09,(마스터ASC)[제과_콘스프맛 팝콘] 26.07_콘스프맛팝콘출시_ASC_전환_image (NEW),(마스터ASC)[콘스프맛 팝콘] 26.07_콘스프맛팝콘출시_ASC_전환_image (NEW),[26.07]F_I_PC혼_전환_팝콘할인페스타_혜택강조형_다이어트_.배너_죄책감없고싶다면.도달시할인종료.실시간소진중.확장__김소희_260707_제과_문다현,281,5,6138.0,6
2026-07-09,[제과_콘스프맛 팝콘] 26.05_콘스프맛팝콘출시_수동_전환_image,가격한정&공지문_할인페스타(~7/8),[26.07]F_I_PC혼_전환_팝콘할인페스타_혜택강조형_다이어트_.배너_밤만되면터져대는입.300명마감임박.실시간급감중.확장__김소희_260707_제과_문다현,10,0,323.0,0
2026-07-09,[제과_콘스프맛 팝콘] 26.05_콘스프맛팝콘출시_수동_전환_image,가격한정&공지문_할인페스타(~7/8),[26.07]F_I_PC혼_전환_팝콘할인페스타_혜택강조형_다이어트_.배너_죄책감없고싶다면.도달시할인종료.실시간소진중.확장__김소희_260707_제과_문다현,6,1,130.0,0
2026-07-09,(마스터2) [제과_단백질 쉐이크] 26.07_단백질쉐이크출시_ASC_전환_image,(마스터2) [제과_단백질 쉐이크] 26.07_단백질쉐이크출시_ASC_전환_image,[26.07]F_I_SK혼_전환_단백질쉐이크출시_혜택강조형_파우치.개당가강조_.배너_대용량페포.메세지테스트.가격강조.통단쉐.확장__이유빈_260707_제과_김수정,6,1,120.0,0
2026-07-10,[제과_단백질 쉐이크] 26.06_단백질쉐이크출시_수동_전환_video,고객검증형(재)_0629,[26.07]F_V_SK혼_전환_단백질쉐이크출시_신규BP_고객검증형_main.릴스_직접문의.혜택변경.(재)_2P_이유빈_260707_제과_윤성미,1192,31,16195.0,1
2026-07-10,[제과_단백질 쉐이크] 26.06_단백질쉐이크출시_ASC_전환_video,[제과_단백질 쉐이크] 26.06_단백질쉐이크출시_ASC_전환_video,[26.07]F_V_SK혼_전환_단백질쉐이크출시_신규BP_고객검증형_main.릴스_직접문의.혜택변경.(재)_2P_이유빈_260707_제과_윤성미,3260,89,41011.0,5
2026-07-10,[제과_단백질 쉐이크] 26.06_단백질쉐이크출시_ASC_전환_video,[제과_단백질 쉐이크] 26.06_단백질쉐이크출시_ASC_전환_video,[26.07]F_V_SK혼_전환_단백질쉐이크출시_신규BP_고객검증형.개당가메리트_var1.릴스_기대감.혜택변경.(재)_2P_이유빈_260707_제과_윤성미,2334,52,27476.0,4
2026-07-10,[제과_단백질 쉐이크] 26.06_단백질쉐이크출시_수동_전환_video,지인네고형_0702,[26.07]F_V_SK혼_전환_단백질쉐이크출시_네고형_지인네고형_main.릴스_가격강조아몬드스윗삭제.(재)_2P_이유빈_260707_제과_이봄1,4642,224,65956.0,8
2026-07-10,(마스터2) [제과_단백질 쉐이크] 26.07_단백질쉐이크출시_ASC_전환_image,(마스터2) [제과_단백질 쉐이크] 26.07_단백질쉐이크출시_ASC_전환_image,[26.07]F_I_SK혼_전환_단백질쉐이크출시_혜택강조형_파우치.개당가강조_.배너_대용량페포.메세지테스트.가격강조.통단쉐.확장__이유빈_260707_제과_김수정,42,1,888.0,0
2026-07-11,[제과_단백질 쉐이크] 26.06_단백질쉐이크출시_수동_전환_video,고객검증형(재)_0629,[26.07]F_V_SK혼_전환_단백질쉐이크출시_신규BP_고객검증형_main.릴스_직접문의.혜택변경.(재)_2P_이유빈_260707_제과_윤성미,2683,72,34743.0,1
2026-07-11,[제과_단백질 쉐이크] 26.06_단백질쉐이크출시_ASC_전환_video,[제과_단백질 쉐이크] 26.06_단백질쉐이크출시_ASC_전환_video,[26.07]F_V_SK혼_전환_단백질쉐이크출시_신규BP_고객검증형_main.릴스_직접문의.혜택변경.(재)_2P_이유빈_260707_제과_윤성미,3978,91,48065.0,3
2026-07-11,[제과_단백질 쉐이크] 26.06_단백질쉐이크출시_ASC_전환_video,[제과_단백질 쉐이크] 26.06_단백질쉐이크출시_ASC_전환_video,[26.07]F_V_SK혼_전환_단백질쉐이크출시_신규BP_고객검증형.개당가메리트_var1.릴스_기대감.혜택변경.(재)_2P_이유빈_260707_제과_윤성미,1654,34,21509.0,4
2026-07-12,[제과_단백질 쉐이크] 26.06_단백질쉐이크출시_ASC_전환_video,[제과_단백질 쉐이크] 26.06_단백질쉐이크출시_ASC_전환_video,[26.07]F_V_SK혼_전환_단백질쉐이크출시_신규BP_고객검증형.개당가메리트_var1.릴스_기대감.혜택변경.(재)_2P_이유빈_260707_제과_윤성미,652,16,8851.0,1
2026-07-12,[제과_단백질 쉐이크] 26.06_단백질쉐이크출시_수동_전환_video,지인네고형_0702,[26.07]F_V_SK혼_전환_단백질쉐이크출시_네고형_지인네고형_main.릴스_가격강조아몬드스윗삭제.(재)_2P_이유빈_260707_제과_이봄1,14059,517,195141.0,15
2026-07-12,(마스터2) [제과_단백질 쉐이크] 26.07_단백질쉐이크출시_ASC_전환_image,(마스터2) [제과_단백질 쉐이크] 26.07_단백질쉐이크출시_ASC_전환_image,[26.07]F_I_SK혼_전환_단백질쉐이크출시_혜택강조형_파우치.개당가강조_.배너_대용량페포.메세지테스트.가격강조.통단쉐.확장__이유빈_260707_제과_김수정,1,0,7.0,0
2026-07-13,[제과_단백질 쉐이크] 26.06_단백질쉐이크출시_ASC_전환_video,[제과_단백질 쉐이크] 26.06_단백질쉐이크출시_ASC_전환_video,[26.07]F_V_SK혼_전환_단백질쉐이크출시_신규BP_고객검증형.개당가메리트_var1.릴스_기대감.혜택변경.(재)_2P_이유빈_260707_제과_윤성미,3737,118,46840.0,5
2026-07-13,(마스터2) [제과_단백질 쉐이크] 26.07_단백질쉐이크출시_ASC_전환_image,(마스터2) [제과_단백질 쉐이크] 26.07_단백질쉐이크출시_ASC_전환_image,[26.07]F_I_SK혼_전환_단백질쉐이크출시_혜택강조형_파우치.개당가강조_.배너_대용량페포.메세지테스트.가격강조.통단쉐.확장__이유빈_260707_제과_김수정,29,0,440.0,0
2026-07-14,[제과_단백질 쉐이크] 26.06_단백질쉐이크출시_수동_전환_video,지인네고형_0702,[26.07]F_V_SK혼_전환_단백질쉐이크출시_네고형_지인네고형_main.릴스_가격강조아몬드스윗삭제.(재)_2P_이유빈_260707_제과_이봄1,1621,77,23645.0,2
2026-07-14,(마스터2) [제과_단백질 쉐이크] 26.07_단백질쉐이크출시_ASC_전환_image,(마스터2) [제과_단백질 쉐이크] 26.07_단백질쉐이크출시_ASC_전환_image,[26.07]F_I_SK초_전환_단백질쉐이크출시_혜택강조형_파우치.개당가강조_.배너_대용랑페포.가루쏟은이미지.확장__이유빈_260707_제과_김수정,9,1,370.0,0
2026-07-14,(마스터2) [제과_단백질 쉐이크] 26.07_단백질쉐이크출시_ASC_전환_image,(마스터2) [제과_단백질 쉐이크] 26.07_단백질쉐이크출시_ASC_전환_image,[26.07]F_I_SK혼_전환_단백질쉐이크출시_혜택강조형_파우치.개당가강조_.배너_대용량페포.메세지테스트.가격강조.통단쉐.확장__이유빈_260707_제과_김수정,12,0,201.0,0
2026-07-15,[제과_단백질 쉐이크] 26.06_단백질쉐이크출시_ASC_전환_video,[제과_단백질 쉐이크] 26.06_단백질쉐이크출시_ASC_전환_video,[26.07]F_V_SK혼_전환_단백질쉐이크출시_신규BP_고객검증형_main.릴스_직접문의.혜택변경.(재)_2P_이유빈_260707_제과_윤성미,612,16,7330.0,4
2026-07-15,[제과_단백질 쉐이크] 26.06_단백질쉐이크출시_ASC_전환_video,[제과_단백질 쉐이크] 26.06_단백질쉐이크출시_ASC_전환_video,[26.07]F_V_SK혼_전환_단백질쉐이크출시_신규BP_고객검증형.개당가메리트_var1.릴스_기대감.혜택변경.(재)_2P_이유빈_260707_제과_윤성미,539,20,7467.0,0
2026-07-01,(미사용) [제과_단백질 쉐이크] 26.06_단백질쉐이크출시_ASC_전환_image,[제과_단백질 쉐이크] 26.06_단백질쉐이크출시_ASC_전환_image,[26.06]F_I_SK곡_전환_단백질쉐이크출시_제품강조형_라라권위_.배너_토핑26%폭탄수준.가격비교X.__이유빈_260701_제과_문다현,40,1,1194.0,0
2026-07-01,(미사용) [제과_단백질 쉐이크] 26.06_단백질쉐이크출시_ASC_전환_image,[제과_단백질 쉐이크] 26.06_단백질쉐이크출시_ASC_전환_image,[26.06]F_I_SK초_전환_단백질쉐이크출시_제품강조형_라라권위_.배너_초코우유에코코볼말먹.가격비교O.__이유빈_260701_제과_문다현,114,4,2802.0,1
2026-07-02,(미사용) [제과_단백질 쉐이크] 26.06_단백질쉐이크출시_ASC_전환_image,[제과_단백질 쉐이크] 26.06_단백질쉐이크출시_ASC_전환_image,[26.06]F_I_SK초_전환_단백질쉐이크출시_제품강조형_라라권위_.배너_초코우유에코코볼말먹.가격비교O.__이유빈_260701_제과_문다현,1,0,4.0,0
2026-07-02,(미사용) [제과_단백질 쉐이크] 26.06_단백질쉐이크출시_ASC_전환_image,[제과_단백질 쉐이크] 26.06_단백질쉐이크출시_ASC_전환_image,[26.07]F_I_SK초_전환_단백질쉐이크출시_혜택강조형_가격메리트_.배너_육각형.1천원대육각형단쉐.확장__이유빈_260702_제과_김수정,2,0,29.0,0
2026-07-02,(미사용) [제과_단백질 쉐이크] 26.06_단백질쉐이크출시_ASC_전환_image,[제과_단백질 쉐이크] 26.06_단백질쉐이크출시_ASC_전환_image,[26.07]F_I_SK초_전환_단백질쉐이크출시_혜택강조형_가격메리트_.배너_코코볼.추억의코코볼.확장__이유빈_260702_제과_김수정,22,0,640.0,0
2026-07-03,(미사용) [제과_단백질 쉐이크] 26.06_단백질쉐이크출시_ASC_전환_image,[제과_단백질 쉐이크] 26.06_단백질쉐이크출시_ASC_전환_image,[26.07]F_I_SK초_전환_단백질쉐이크출시_혜택강조형_가격메리트_.배너_육각형.1천원대육각형단쉐.확장__이유빈_260702_제과_김수정,162,3,4432.0,0
2026-07-03,(미사용) [제과_단백질 쉐이크] 26.06_단백질쉐이크출시_ASC_전환_image,[제과_단백질 쉐이크] 26.06_단백질쉐이크출시_ASC_전환_image,[26.07]F_I_SK초_전환_단백질쉐이크출시_혜택강조형_가격메리트_.배너_코코볼.추억의코코볼.확장__이유빈_260702_제과_김수정,26,0,419.0,0
2026-07-04,(미사용) [제과_단백질 쉐이크] 26.06_단백질쉐이크출시_ASC_전환_image,[제과_단백질 쉐이크] 26.06_단백질쉐이크출시_ASC_전환_image,[26.06]F_I_SK곡_전환_단백질쉐이크출시_제품강조형_라라권위_.배너_토핑26%폭탄수준.가격비교X.__이유빈_260701_제과_문다현,19,0,598.0,0
2026-07-04,(미사용) [제과_단백질 쉐이크] 26.06_단백질쉐이크출시_ASC_전환_image,[제과_단백질 쉐이크] 26.06_단백질쉐이크출시_ASC_전환_image,[26.07]F_I_SK초_전환_단백질쉐이크출시_혜택강조형_가격메리트_.배너_육각형.1천원대육각형단쉐.확장__이유빈_260702_제과_김수정,276,5,6353.0,1
2026-07-04,(미사용) [제과_단백질 쉐이크] 26.06_단백질쉐이크출시_ASC_전환_image,[제과_단백질 쉐이크] 26.06_단백질쉐이크출시_ASC_전환_image,[26.07]F_I_SK초_전환_단백질쉐이크출시_혜택강조형_가격메리트_.배너_코코볼.추억의코코볼.확장__이유빈_260702_제과_김수정,3,0,39.0,0
2026-07-04,[제과_콘스프맛 팝콘] 26.05_콘스프맛팝콘출시_수동_전환_video,지인네고형(러닝)_팝콘할인페스타_콘스프맛 (~7/8),[26.07]F_V_PC콘_전환_팝콘할인페스타_네고형_지인네고형.다이어트_var2.릴스_운동상황강조ver2.슬기.X_1P_김소희_260703_제과_문형민,393,7,9647.0,0
2026-07-04,[제과_단백질 쉐이크] 26.06_단백질쉐이크출시_수동_전환_video,전화네고형_0702,[26.07]F_V_SK곡_전환_단백질쉐이크출시_네고형_전화네고형_var4.릴스_토핑.가격.X_2P_이유빈_260703_제과_윤성미,4172,178,81874.0,9
2026-07-05,[제과_콘스프맛 팝콘] 26.05_콘스프맛팝콘출시_수동_전환_video,지인네고형(러닝)_팝콘할인페스타_콘스프맛 (~7/8),[26.07]F_V_PC콘_전환_팝콘할인페스타_네고형_지인네고형.다이어트_var2.릴스_운동상황강조ver2.슬기.X_1P_김소희_260703_제과_문형민,1972,31,37776.0,4
2026-07-05,[제과_단백질 쉐이크] 26.06_단백질쉐이크출시_수동_전환_video,전화네고형_0702,[26.07]F_V_SK곡_전환_단백질쉐이크출시_네고형_전화네고형_var4.릴스_토핑.가격.X_2P_이유빈_260703_제과_윤성미,721,33,13776.0,0
2026-07-06,(미사용) [제과_단백질 쉐이크] 26.06_단백질쉐이크출시_ASC_전환_image,[제과_단백질 쉐이크] 26.06_단백질쉐이크출시_ASC_전환_image,[26.06]F_I_SK곡_전환_단백질쉐이크출시_제품강조형_라라권위_.배너_토핑26%폭탄수준.가격비교X.__이유빈_260701_제과_문다현,24,0,519.0,0
2026-07-06,(미사용) [제과_단백질 쉐이크] 26.06_단백질쉐이크출시_ASC_전환_image,[제과_단백질 쉐이크] 26.06_단백질쉐이크출시_ASC_전환_image,[26.07]F_I_SK초_전환_단백질쉐이크출시_혜택강조형_가격메리트_.배너_육각형.1천원대육각형단쉐.확장__이유빈_260702_제과_김수정,72,4,2025.0,0
2026-07-06,[제과_콘스프맛 팝콘] 26.05_콘스프맛팝콘출시_수동_전환_video,지인네고형(러닝)_팝콘할인페스타_콘스프맛 (~7/8),[26.07]F_V_PC콘_전환_팝콘할인페스타_네고형_지인네고형.다이어트_var2.릴스_운동상황강조ver2.슬기.X_1P_김소희_260703_제과_문형민,872,14,16448.0,2
2026-07-07,(미사용) [제과_단백질 쉐이크] 26.06_단백질쉐이크출시_ASC_전환_image,[제과_단백질 쉐이크] 26.06_단백질쉐이크출시_ASC_전환_image,[26.06]F_I_SK곡_전환_단백질쉐이크출시_제품강조형_라라권위_.배너_토핑26%폭탄수준.가격비교X.__이유빈_260701_제과_문다현,1,0,23.0,0
2026-07-07,(미사용) [제과_단백질 쉐이크] 26.06_단백질쉐이크출시_ASC_전환_image,[제과_단백질 쉐이크] 26.06_단백질쉐이크출시_ASC_전환_image,[26.06]F_I_SK초_전환_단백질쉐이크출시_제품강조형_라라권위_.배너_초코우유에코코볼말먹.가격비교O.__이유빈_260701_제과_문다현,1145,26,30845.0,5
2026-07-07,[제과_콘스프맛 팝콘] 26.05_콘스프맛팝콘출시_수동_전환_video,지인네고형(러닝)_팝콘할인페스타_콘스프맛 (~7/8),[26.07]F_V_PC콘_전환_팝콘할인페스타_네고형_지인네고형.다이어트_var2.릴스_운동상황강조ver2.슬기.X_1P_김소희_260703_제과_문형민,19675,295,313616.0,41
2026-07-07,[제과_콘스프맛 팝콘] 26.05_콘스프맛팝콘출시_수동_전환_image,긴급성강조_할인페스타 (~7/8),[26.07]F_I_PC혼_전환_팝콘할인페스타_혜택강조형_다이어트_.배너_팝콘선착순추가할인.마감임박.요요.상품컷4개.확장__김소희_260706_제과_문다현,1340,32,27338.0,4
2026-07-07,[제과_콘스프맛 팝콘] 26.05_콘스프맛팝콘출시_수동_전환_image,긴급성강조_할인페스타 (~7/8),[26.07]F_I_PC혼_전환_팝콘할인페스타_혜택강조형_다이어트_.배너_사과문.입터짐방지용.확장__김소희_260706_제과_문다현,781,26,19153.0,2
2026-07-07,(마스터ASC)[제과_콘스프맛 팝콘] 26.07_콘스프맛팝콘출시_ASC_전환_image (NEW),(마스터ASC)[콘스프맛 팝콘] 26.07_콘스프맛팝콘출시_ASC_전환_image (NEW),[26.07]F_I_PC혼_전환_팝콘할인페스타_혜택강조형_다이어트_.배너_사과문.입터짐방지용.확장__김소희_260706_제과_문다현,265,8,6487.0,0
2026-07-07,[제과_콘스프맛 팝콘] 26.05_콘스프맛팝콘출시_수동_전환_image,긴급성강조_할인페스타 (~7/8),[26.07]F_I_PC혼_전환_팝콘할인페스타_혜택강조형_다이어트_.배너_초록.선착순300명할인마감임박.늦은시간.자극속세맛.확장__김소희_260706_제과_문다현,246,5,6703.0,1
2026-07-07,[제과_콘스프맛 팝콘] 26.05_콘스프맛팝콘출시_수동_전환_image,긴급성강조_할인페스타 (~7/8),[26.07]F_I_PC혼_전환_팝콘할인페스타_혜택강조형_다이어트_.배너_아무리먹어도요요없는.선착순할인마감임박.8천원이득.확장__김소희_260706_제과_문다현,113,3,3004.0,0
2026-07-07,(마스터ASC)[제과_콘스프맛 팝콘] 26.07_콘스프맛팝콘출시_ASC_전환_image (NEW),(마스터ASC)[콘스프맛 팝콘] 26.07_콘스프맛팝콘출시_ASC_전환_image (NEW),[26.07]F_I_PC혼_전환_팝콘할인페스타_혜택강조형_다이어트_.배너_아무리먹어도요요없는.선착순할인마감임박.8천원이득.확장__김소희_260706_제과_문다현,218,5,4595.0,0
2026-07-07,(마스터ASC)[제과_콘스프맛 팝콘] 26.07_콘스프맛팝콘출시_ASC_전환_image (NEW),(마스터ASC)[콘스프맛 팝콘] 26.07_콘스프맛팝콘출시_ASC_전환_image (NEW),[26.07]F_I_PC혼_전환_팝콘할인페스타_혜택강조형_다이어트_.배너_선착순할인주문폭주.요요없는.확장__김소희_260706_제과_문다현,176,5,4209.0,0
2026-07-07,[제과_콘스프맛 팝콘] 26.05_콘스프맛팝콘출시_수동_전환_image,긴급성강조_할인페스타 (~7/8),[26.07]F_I_PC혼_전환_팝콘할인페스타_혜택강조형_다이어트_.배너_요요없는.시즈닝팍팍.죄책감없는.마감임박.확장__김소희_260706_제과_문다현,1784,38,33387.0,8
2026-07-07,(마스터ASC)[제과_콘스프맛 팝콘] 26.07_콘스프맛팝콘출시_ASC_전환_image (NEW),(마스터ASC)[콘스프맛 팝콘] 26.07_콘스프맛팝콘출시_ASC_전환_image (NEW),[26.07]F_I_PC혼_전환_팝콘할인페스타_혜택강조형_다이어트_.배너_요요없는.시즈닝팍팍.죄책감없는.마감임박.확장__김소희_260706_제과_문다현,374,4,6757.0,1
2026-07-07,[제과_콘스프맛 팝콘] 26.05_콘스프맛팝콘출시_수동_전환_image,긴급성강조_할인페스타 (~7/8),[26.07]F_I_PC혼_전환_팝콘할인페스타_혜택강조형_다이어트_.배너_선착순할인주문폭주.요요없는.빨간박스.확장__김소희_260706_제과_문다현,462,6,9092.0,2
2026-07-07,(마스터ASC)[제과_콘스프맛 팝콘] 26.07_콘스프맛팝콘출시_ASC_전환_image (NEW),(마스터ASC)[콘스프맛 팝콘] 26.07_콘스프맛팝콘출시_ASC_전환_image (NEW),[26.07]F_I_PC혼_전환_팝콘할인페스타_혜택강조형_다이어트_.배너_선착순할인주문폭주.요요없는.빨간박스.확장__김소희_260706_제과_문다현,277,3,6390.0,0
2026-07-07,(마스터ASC)[제과_콘스프맛 팝콘] 26.07_콘스프맛팝콘출시_ASC_전환_image (NEW),(마스터ASC)[콘스프맛 팝콘] 26.07_콘스프맛팝콘출시_ASC_전환_image (NEW),[26.07]F_I_PC혼_전환_팝콘할인페스타_혜택강조형_다이어트_.배너_선착순추가할인.마감임박안내.요요안온다고소문.안내정보.확장__김소희_260706_제과_문다현,1424,16,18860.0,3
2026-07-07,[제과_콘스프맛 팝콘] 26.05_콘스프맛팝콘출시_수동_전환_image,긴급성강조_할인페스타 (~7/8),[26.07]F_I_PC혼_전환_팝콘할인페스타_혜택강조형_다이어트_.배너_선착순추가할인.마감임박안내.요요안온다고소문.안내정보.확장__김소희_260706_제과_문다현,493,3,7087.0,1
2026-07-07,(마스터2) [제과_단백질 쉐이크] 26.07_단백질쉐이크출시_ASC_전환_image,(마스터2) [제과_단백질 쉐이크] 26.07_단백질쉐이크출시_ASC_전환_image,[26.07]F_I_SK초_전환_단백질쉐이크출시_혜택강조형_파우치.개당가강조_.배너_특정시점.직구보다빠른데.검증__이유빈_260706_제과_김수정,579,11,13174.0,0
2026-07-07,(마스터2) [제과_단백질 쉐이크] 26.07_단백질쉐이크출시_ASC_전환_image,(마스터2) [제과_단백질 쉐이크] 26.07_단백질쉐이크출시_ASC_전환_image,[26.07]F_I_SK초_전환_단백질쉐이크출시_혜택강조형_파우치.개당가강조_.배너_불편하지않아도.미개봉새상품아니어도.검증__이유빈_260706_제과_김수정,39,1,986.0,0
2026-07-07,(마스터2) [제과_단백질 쉐이크] 26.07_단백질쉐이크출시_ASC_전환_image,(마스터2) [제과_단백질 쉐이크] 26.07_단백질쉐이크출시_ASC_전환_image,[26.07]F_I_SK초_전환_단백질쉐이크출시_혜택강조형_파우치.개당가강조_.배너_특정시점.라방알림설정필요없음.검증__이유빈_260706_제과_김수정,268,9,9348.0,0
2026-07-07,(마스터2) [제과_단백질 쉐이크] 26.07_단백질쉐이크출시_ASC_전환_image,(마스터2) [제과_단백질 쉐이크] 26.07_단백질쉐이크출시_ASC_전환_image,[26.07]F_I_SK초_전환_단백질쉐이크출시_혜택강조형_파우치.개당가강조_.배너_불편하지않아도.통쉐이크보다파우치형이싸다고.검증__이유빈_260706_제과_김수정,1,0,14.0,0
2026-07-07,(마스터2) [제과_단백질 쉐이크] 26.07_단백질쉐이크출시_ASC_전환_image,(마스터2) [제과_단백질 쉐이크] 26.07_단백질쉐이크출시_ASC_전환_image,[26.07]F_I_SK초_전환_단백질쉐이크출시_혜택강조형_파우치.개당가강조_.배너_불편하지않아도.쿠팡보다싼.검증__이유빈_260706_제과_김수정,3,0,30.0,0
2026-07-07,(마스터2) [제과_단백질 쉐이크] 26.07_단백질쉐이크출시_ASC_전환_image,(마스터2) [제과_단백질 쉐이크] 26.07_단백질쉐이크출시_ASC_전환_image,[26.07]F_I_SK초_전환_단백질쉐이크출시_혜택강조형_파우치.개당가강조_.배너_특정시점.공구가보다싼.검증__이유빈_260706_제과_김수정,1,0,19.0,0
2026-07-07,[제과_단백질 쉐이크] 26.06_단백질쉐이크출시_수동_전환_video,네고형_0702,[26.07]F_V_SK혼_전환_단백질쉐이크출시_네고형_역네고형_main.릴스_가격강조아몬드스윗삭제.(재)_2P_이유빈_260707_제과_이미진,29774,1239,443198.0,81
2026-07-08,(미사용) [제과_단백질 쉐이크] 26.06_단백질쉐이크출시_ASC_전환_image,[제과_단백질 쉐이크] 26.06_단백질쉐이크출시_ASC_전환_image,[26.07]F_I_SK초_전환_단백질쉐이크출시_혜택강조형_가격메리트_.배너_코코볼.추억의코코볼.확장__이유빈_260702_제과_김수정,1,0,12.0,0
2026-07-08,[제과_콘스프맛 팝콘] 26.05_콘스프맛팝콘출시_수동_전환_video,지인네고형(러닝)_팝콘할인페스타_콘스프맛 (~7/8),[26.07]F_V_PC콘_전환_팝콘할인페스타_네고형_지인네고형.다이어트_var2.릴스_운동상황강조ver2.슬기.X_1P_김소희_260703_제과_문형민,18292,259,267535.0,44
2026-07-08,[제과_콘스프맛 팝콘] 26.05_콘스프맛팝콘출시_수동_전환_image,긴급성강조_할인페스타 (~7/8),[26.07]F_I_PC혼_전환_팝콘할인페스타_혜택강조형_다이어트_.배너_아무리먹어도요요없는.선착순할인마감임박.8천원이득.확장__김소희_260706_제과_문다현,14,0,290.0,1
2026-07-08,(마스터ASC)[제과_콘스프맛 팝콘] 26.07_콘스프맛팝콘출시_ASC_전환_image (NEW),(마스터ASC)[콘스프맛 팝콘] 26.07_콘스프맛팝콘출시_ASC_전환_image (NEW),[26.07]F_I_PC혼_전환_팝콘할인페스타_혜택강조형_다이어트_.배너_아무리먹어도요요없는.선착순할인마감임박.8천원이득.확장__김소희_260706_제과_문다현,5,0,59.0,0
2026-07-08,(마스터ASC)[제과_콘스프맛 팝콘] 26.07_콘스프맛팝콘출시_ASC_전환_image (NEW),(마스터ASC)[콘스프맛 팝콘] 26.07_콘스프맛팝콘출시_ASC_전환_image (NEW),[26.07]F_I_PC혼_전환_팝콘할인페스타_혜택강조형_다이어트_.배너_선착순할인주문폭주.요요없는.확장__김소희_260706_제과_문다현,218,9,5476.0,0
2026-07-08,[제과_콘스프맛 팝콘] 26.05_콘스프맛팝콘출시_수동_전환_image,긴급성강조_할인페스타 (~7/8),[26.07]F_I_PC혼_전환_팝콘할인페스타_혜택강조형_다이어트_.배너_요요없는.시즈닝팍팍.죄책감없는.마감임박.확장__김소희_260706_제과_문다현,305,4,7510.0,0
2026-07-08,[제과_콘스프맛 팝콘] 26.05_콘스프맛팝콘출시_수동_전환_image,긴급성강조_할인페스타 (~7/8),[26.07]F_I_PC혼_전환_팝콘할인페스타_혜택강조형_다이어트_.배너_선착순할인주문폭주.요요없는.빨간박스.확장__김소희_260706_제과_문다현,64,0,950.0,0
2026-07-08,[제과_콘스프맛 팝콘] 26.05_콘스프맛팝콘출시_수동_전환_image,긴급성강조_할인페스타 (~7/8),[26.07]F_I_PC혼_전환_팝콘할인페스타_혜택강조형_다이어트_.배너_선착순추가할인.마감임박안내.요요안온다고소문.안내정보.확장__김소희_260706_제과_문다현,94,3,1481.0,0
2026-07-08,(마스터2) [제과_단백질 쉐이크] 26.07_단백질쉐이크출시_ASC_전환_image,(마스터2) [제과_단백질 쉐이크] 26.07_단백질쉐이크출시_ASC_전환_image,[26.07]F_I_SK초_전환_단백질쉐이크출시_혜택강조형_파우치.개당가강조_.배너_특정시점.직구보다빠른데.검증__이유빈_260706_제과_김수정,473,18,12981.0,0
2026-07-08,(마스터2) [제과_단백질 쉐이크] 26.07_단백질쉐이크출시_ASC_전환_image,(마스터2) [제과_단백질 쉐이크] 26.07_단백질쉐이크출시_ASC_전환_image,[26.07]F_I_SK초_전환_단백질쉐이크출시_혜택강조형_파우치.개당가강조_.배너_불편하지않아도.미개봉새상품아니어도.검증__이유빈_260706_제과_김수정,53,0,1122.0,0
2026-07-08,(마스터2) [제과_단백질 쉐이크] 26.07_단백질쉐이크출시_ASC_전환_image,(마스터2) [제과_단백질 쉐이크] 26.07_단백질쉐이크출시_ASC_전환_image,[26.07]F_I_SK초_전환_단백질쉐이크출시_혜택강조형_파우치.개당가강조_.배너_불편하지않아도.통쉐이크보다파우치형이싸다고.검증__이유빈_260706_제과_김수정,69,1,2001.0,0
2026-07-08,(마스터2) [제과_단백질 쉐이크] 26.07_단백질쉐이크출시_ASC_전환_image,(마스터2) [제과_단백질 쉐이크] 26.07_단백질쉐이크출시_ASC_전환_image,[26.07]F_I_SK초_전환_단백질쉐이크출시_혜택강조형_파우치.개당가강조_.배너_불편하지않아도.쿠팡보다싼.검증__이유빈_260706_제과_김수정,4,0,101.0,0
2026-07-08,(마스터2) [제과_단백질 쉐이크] 26.07_단백질쉐이크출시_ASC_전환_image,(마스터2) [제과_단백질 쉐이크] 26.07_단백질쉐이크출시_ASC_전환_image,[26.07]F_I_SK초_전환_단백질쉐이크출시_혜택강조형_파우치.개당가강조_.배너_특정시점.공구가보다싼.검증__이유빈_260706_제과_김수정,235,5,4500.0,0
2026-07-08,[제과_단백질 쉐이크] 26.06_단백질쉐이크출시_수동_전환_video,네고형_0702,[26.07]F_V_SK혼_전환_단백질쉐이크출시_네고형_역네고형_main.릴스_가격강조아몬드스윗삭제.(재)_2P_이유빈_260707_제과_이미진,24268,811,335397.0,39
2026-07-08,[제과_단백질 쉐이크] 26.06_단백질쉐이크출시_ASC_전환_video,[제과_단백질 쉐이크] 26.06_단백질쉐이크출시_ASC_전환_video,[26.07]F_V_SK혼_전환_단백질쉐이크출시_네고형_역네고형_main.릴스_가격강조아몬드스윗삭제.(재)_2P_이유빈_260707_제과_이미진,663,31,11622.0,0
2026-07-09,[제과_콘스프맛 팝콘] 26.05_콘스프맛팝콘출시_수동_전환_video,지인네고형(러닝)_팝콘할인페스타_콘스프맛 (~7/8),[26.07]F_V_PC콘_전환_팝콘할인페스타_네고형_지인네고형.다이어트_var2.릴스_운동상황강조ver2.슬기.X_1P_김소희_260703_제과_문형민,4018,70,49787.0,8
2026-07-09,(마스터ASC)[제과_콘스프맛 팝콘] 26.07_콘스프맛팝콘출시_ASC_전환_image (NEW),(마스터ASC)[콘스프맛 팝콘] 26.07_콘스프맛팝콘출시_ASC_전환_image (NEW),[26.07]F_I_PC혼_전환_팝콘할인페스타_혜택강조형_다이어트_.배너_선착순할인주문폭주.요요없는.확장__김소희_260706_제과_문다현,38,0,1289.0,0
2026-07-09,(마스터2) [제과_단백질 쉐이크] 26.07_단백질쉐이크출시_ASC_전환_image,(마스터2) [제과_단백질 쉐이크] 26.07_단백질쉐이크출시_ASC_전환_image,[26.07]F_I_SK초_전환_단백질쉐이크출시_혜택강조형_파우치.개당가강조_.배너_불편하지않아도.미개봉새상품아니어도.검증__이유빈_260706_제과_김수정,7,0,137.0,0
2026-07-09,(마스터2) [제과_단백질 쉐이크] 26.07_단백질쉐이크출시_ASC_전환_image,(마스터2) [제과_단백질 쉐이크] 26.07_단백질쉐이크출시_ASC_전환_image,[26.07]F_I_SK초_전환_단백질쉐이크출시_혜택강조형_파우치.개당가강조_.배너_불편하지않아도.통쉐이크보다파우치형이싸다고.검증__이유빈_260706_제과_김수정,1,0,23.0,0
2026-07-09,(마스터2) [제과_단백질 쉐이크] 26.07_단백질쉐이크출시_ASC_전환_image,(마스터2) [제과_단백질 쉐이크] 26.07_단백질쉐이크출시_ASC_전환_image,[26.07]F_I_SK초_전환_단백질쉐이크출시_혜택강조형_파우치.개당가강조_.배너_특정시점.공구가보다싼.검증__이유빈_260706_제과_김수정,3,0,178.0,0
2026-07-09,[제과_단백질 쉐이크] 26.06_단백질쉐이크출시_수동_전환_video,네고형_0702,[26.07]F_V_SK혼_전환_단백질쉐이크출시_네고형_역네고형_main.릴스_가격강조아몬드스윗삭제.(재)_2P_이유빈_260707_제과_이미진,23350,823,333584.0,47
2026-07-09,[제과_단백질 쉐이크] 26.06_단백질쉐이크출시_ASC_전환_video,[제과_단백질 쉐이크] 26.06_단백질쉐이크출시_ASC_전환_video,[26.07]F_V_SK혼_전환_단백질쉐이크출시_네고형_역네고형_main.릴스_가격강조아몬드스윗삭제.(재)_2P_이유빈_260707_제과_이미진,1194,25,14991.0,1
2026-07-10,[제과_콘스프맛 팝콘] 26.05_콘스프맛팝콘출시_수동_전환_video,지인네고형(러닝)_팝콘할인페스타_콘스프맛 (~7/8),[26.07]F_V_PC콘_전환_팝콘할인페스타_네고형_지인네고형.다이어트_var2.릴스_운동상황강조ver2.슬기.X_1P_김소희_260703_제과_문형민,1227,20,13323.0,2
2026-07-10,(마스터2) [제과_단백질 쉐이크] 26.07_단백질쉐이크출시_ASC_전환_image,(마스터2) [제과_단백질 쉐이크] 26.07_단백질쉐이크출시_ASC_전환_image,[26.07]F_I_SK초_전환_단백질쉐이크출시_혜택강조형_파우치.개당가강조_.배너_불편하지않아도.미개봉새상품아니어도.검증__이유빈_260706_제과_김수정,2,0,47.0,0
2026-07-10,[제과_단백질 쉐이크] 26.06_단백질쉐이크출시_수동_전환_video,네고형_0702,[26.07]F_V_SK혼_전환_단백질쉐이크출시_네고형_역네고형_main.릴스_가격강조아몬드스윗삭제.(재)_2P_이유빈_260707_제과_이미진,12123,348,189673.0,18
2026-07-10,[제과_단백질 쉐이크] 26.06_단백질쉐이크출시_ASC_전환_video,[제과_단백질 쉐이크] 26.06_단백질쉐이크출시_ASC_전환_video,[26.07]F_V_SK혼_전환_단백질쉐이크출시_네고형_역네고형_main.릴스_가격강조아몬드스윗삭제.(재)_2P_이유빈_260707_제과_이미진,969,27,10719.0,1
2026-07-11,[제과_콘스프맛 팝콘] 26.05_콘스프맛팝콘출시_수동_전환_video,지인네고형(러닝)_팝콘할인페스타_콘스프맛 (~7/8),[26.07]F_V_PC콘_전환_팝콘할인페스타_네고형_지인네고형.다이어트_var2.릴스_운동상황강조ver2.슬기.X_1P_김소희_260703_제과_문형민,3595,52,39450.0,3
2026-07-12,[제과_콘스프맛 팝콘] 26.05_콘스프맛팝콘출시_수동_전환_video,지인네고형(러닝)_팝콘할인페스타_콘스프맛 (~7/8),[26.07]F_V_PC콘_전환_팝콘할인페스타_네고형_지인네고형.다이어트_var2.릴스_운동상황강조ver2.슬기.X_1P_김소희_260703_제과_문형민,2089,20,20381.0,2
2026-07-12,(마스터2) [제과_단백질 쉐이크] 26.07_단백질쉐이크출시_ASC_전환_image,(마스터2) [제과_단백질 쉐이크] 26.07_단백질쉐이크출시_ASC_전환_image,[26.07]F_I_SK초_전환_단백질쉐이크출시_혜택강조형_파우치.개당가강조_.배너_특정시점.공구가보다싼.검증__이유빈_260706_제과_김수정,4,0,234.0,0
2026-07-13,[제과_콘스프맛 팝콘] 26.05_콘스프맛팝콘출시_수동_전환_video,지인네고형(러닝)_팝콘할인페스타_콘스프맛 (~7/8),[26.07]F_V_PC콘_전환_팝콘할인페스타_네고형_지인네고형.다이어트_var2.릴스_운동상황강조ver2.슬기.X_1P_김소희_260703_제과_문형민,1115,10,10317.0,1
2026-07-13,(마스터2) [제과_단백질 쉐이크] 26.07_단백질쉐이크출시_ASC_전환_image,(마스터2) [제과_단백질 쉐이크] 26.07_단백질쉐이크출시_ASC_전환_image,[26.07]F_I_SK초_전환_단백질쉐이크출시_혜택강조형_파우치.개당가강조_.배너_불편하지않아도.미개봉새상품아니어도.검증__이유빈_260706_제과_김수정,103,2,2505.0,0
2026-07-13,(마스터2) [제과_단백질 쉐이크] 26.07_단백질쉐이크출시_ASC_전환_image,(마스터2) [제과_단백질 쉐이크] 26.07_단백질쉐이크출시_ASC_전환_image,[26.07]F_I_SK초_전환_단백질쉐이크출시_혜택강조형_파우치.개당가강조_.배너_특정시점.공구가보다싼.검증__이유빈_260706_제과_김수정,174,3,4290.0,0
2026-07-14,[제과_콘스프맛 팝콘] 26.05_콘스프맛팝콘출시_수동_전환_video,지인네고형(러닝)_팝콘할인페스타_콘스프맛 (~7/8),[26.07]F_V_PC콘_전환_팝콘할인페스타_네고형_지인네고형.다이어트_var2.릴스_운동상황강조ver2.슬기.X_1P_김소희_260703_제과_문형민,1167,24,14051.0,1
2026-07-14,(마스터2) [제과_단백질 쉐이크] 26.07_단백질쉐이크출시_ASC_전환_image,(마스터2) [제과_단백질 쉐이크] 26.07_단백질쉐이크출시_ASC_전환_image,[26.07]F_I_SK초_전환_단백질쉐이크출시_혜택강조형_파우치.개당가강조_.배너_불편하지않아도.미개봉새상품아니어도.검증__이유빈_260706_제과_김수정,7,1,214.0,0
2026-07-14,(마스터2) [제과_단백질 쉐이크] 26.07_단백질쉐이크출시_ASC_전환_image,(마스터2) [제과_단백질 쉐이크] 26.07_단백질쉐이크출시_ASC_전환_image,[26.07]F_I_SK초_전환_단백질쉐이크출시_혜택강조형_파우치.개당가강조_.배너_불편하지않아도.통쉐이크보다파우치형이싸다고.검증__이유빈_260706_제과_김수정,1,0,6.0,0
2026-07-14,(마스터2) [제과_단백질 쉐이크] 26.07_단백질쉐이크출시_ASC_전환_image,(마스터2) [제과_단백질 쉐이크] 26.07_단백질쉐이크출시_ASC_전환_image,[26.07]F_I_SK초_전환_단백질쉐이크출시_혜택강조형_파우치.개당가강조_.배너_불편하지않아도.쿠팡보다싼.검증__이유빈_260706_제과_김수정,18,1,959.0,0
2026-07-14,(마스터2) [제과_단백질 쉐이크] 26.07_단백질쉐이크출시_ASC_전환_image,(마스터2) [제과_단백질 쉐이크] 26.07_단백질쉐이크출시_ASC_전환_image,[26.07]F_I_SK초_전환_단백질쉐이크출시_혜택강조형_파우치.개당가강조_.배너_특정시점.공구가보다싼.검증__이유빈_260706_제과_김수정,19,0,513.0,0
2026-07-15,(마스터2) [제과_단백질 쉐이크] 26.07_단백질쉐이크출시_ASC_전환_image,(마스터2) [제과_단백질 쉐이크] 26.07_단백질쉐이크출시_ASC_전환_image,[26.07]F_I_SK초_전환_단백질쉐이크출시_혜택강조형_파우치.개당가강조_.배너_특정시점.공구가보다싼.검증__이유빈_260706_제과_김수정,16,0,638.0,0
2026-07-01,(미사용) [제과_단백질 쉐이크] 26.06_단백질쉐이크출시_ASC_전환_image,[제과_단백질 쉐이크] 26.06_단백질쉐이크출시_ASC_전환_image,[26.06]F_I_SK곡_전환_단백질쉐이크출시_혜택강조형_맛강조_.배너_곡물단쉐.__이유빈_260626_제과_김나현,47,1,1132.0,0
2026-07-01,[제과_콘스프맛 팝콘] 26.05_콘스프맛팝콘출시_수동_전환_image,메세지&반값_팝콘더블특가 (~7/1),[26.06]F_I_PC혼_전환_팝콘더블특가_혜택강조형_다이어트_.릴스_죄송합니다반복.__김소희_260626_제과_김수정,876,10,13814.0,0
2026-07-01,(미사용) [제과_단백질 쉐이크] 26.06_단백질쉐이크출시_ASC_전환_image,[제과_단백질 쉐이크] 26.06_단백질쉐이크출시_ASC_전환_image,[26.06]F_I_SK곡_전환_단백질쉐이크출시_제품강조형_원재료강조_.배너_미숫가루보다맛있는데단백질.가격비교O.__이유빈_260701_제과_문다현,13,0,369.0,0
2026-07-02,(미사용) [제과_단백질 쉐이크] 26.06_단백질쉐이크출시_ASC_전환_image,[제과_단백질 쉐이크] 26.06_단백질쉐이크출시_ASC_전환_image,[26.06]F_I_SK곡_전환_단백질쉐이크출시_제품강조형_원재료강조_.배너_미숫가루보다맛있는데단백질.가격비교O.__이유빈_260701_제과_문다현,19,1,665.0,0
2026-07-02,(마스터ASC)[제과_콘스프맛 팝콘] 26.05_콘스프맛팝콘출시_ASC_전환_video,(마스터ASC)[콘스프맛 팝콘] 26.05_콘스프맛팝콘출시_ASC_전환_video,[26.07]F_V_PC콘_전환_팝콘할인페스타_네고형_공구네고형.다이어트_var5.릴스_BP그대로.슬기.X_1P_김소희_260702_제과_강경연,337,10,7485.0,4
2026-07-03,(마스터ASC)[제과_콘스프맛 팝콘] 26.05_콘스프맛팝콘출시_ASC_전환_video,(마스터ASC)[콘스프맛 팝콘] 26.05_콘스프맛팝콘출시_ASC_전환_video,[26.07]F_V_PC콘_전환_팝콘할인페스타_네고형_공구네고형.다이어트_var5.릴스_BP그대로.슬기.X_1P_김소희_260702_제과_강경연,51,1,1395.0,0
2026-07-03,(마스터ASC)[제과_콘스프맛 팝콘] 26.07_콘스프맛팝콘출시_ASC_전환_image (NEW),(마스터ASC)[콘스프맛 팝콘] 26.07_콘스프맛팝콘출시_ASC_전환_image (NEW),[26.07]F_I_PC혼_전환_팝콘할인페스타_혜택강조형_다이어트_.배너_살찔까봐걱정이세요?.선착순.확장__김소희_260702_제과_문다현,27,0,842.0,0
2026-07-03,(마스터ASC)[제과_콘스프맛 팝콘] 26.07_콘스프맛팝콘출시_ASC_전환_image (NEW),(마스터ASC)[콘스프맛 팝콘] 26.07_콘스프맛팝콘출시_ASC_전환_image (NEW),[26.07]F_I_PC혼_전환_팝콘할인페스타_혜택강조형_다이어트_.배너_매거진형.군것질하고픈데살걱정.선착순.확장__김소희_260702_제과_문다현,41,0,1205.0,0
2026-07-04,(미사용) [제과_단백질 쉐이크] 26.06_단백질쉐이크출시_ASC_전환_image,[제과_단백질 쉐이크] 26.06_단백질쉐이크출시_ASC_전환_image,[26.06]F_I_SK곡_전환_단백질쉐이크출시_제품강조형_건강자극_.배너_설탕.__이유빈_260626_제과_김나현,1,0,26.0,0
2026-07-04,(미사용) [제과_단백질 쉐이크] 26.06_단백질쉐이크출시_ASC_전환_image,[제과_단백질 쉐이크] 26.06_단백질쉐이크출시_ASC_전환_image,[26.06]F_I_SK곡_전환_단백질쉐이크출시_제품강조형_원재료강조_.배너_미숫가루보다맛있는데단백질.가격비교O.__이유빈_260701_제과_문다현,4,0,47.0,0
2026-07-04,(마스터ASC)[제과_콘스프맛 팝콘] 26.05_콘스프맛팝콘출시_ASC_전환_video,(마스터ASC)[콘스프맛 팝콘] 26.05_콘스프맛팝콘출시_ASC_전환_video,[26.07]F_V_PC콘_전환_팝콘할인페스타_네고형_공구네고형.다이어트_var5.릴스_BP그대로.슬기.X_1P_김소희_260702_제과_강경연,15,0,233.0,0
2026-07-04,(마스터ASC)[제과_콘스프맛 팝콘] 26.07_콘스프맛팝콘출시_ASC_전환_image (NEW),(마스터ASC)[콘스프맛 팝콘] 26.07_콘스프맛팝콘출시_ASC_전환_image (NEW),[26.07]F_I_PC혼_전환_팝콘할인페스타_혜택강조형_다이어트_.배너_매거진형.군것질하고픈데살걱정.선착순.확장__김소희_260702_제과_문다현,2,0,23.0,0
2026-07-04,[제과_단백질 쉐이크] 26.06_단백질쉐이크출시_ASC_전환_video,[제과_단백질 쉐이크] 26.06_단백질쉐이크출시_ASC_전환_video,[26.07]F_V_SK혼_전환_단백질쉐이크출시_네고형_역네고형_var1.릴스_타사비교.X_2P_이유빈_260703_제과_이미진,22,4,395.0,0
2026-07-04,[제과_콘스프맛 팝콘] 26.05_콘스프맛팝콘출시_수동_전환_image,선착순강조_팝콘할인페스타 (~7/8),[26.07]F_I_PC혼_전환_팝콘할인페스타_혜택강조형_다이어트_.배너_공지문.현장감.곧품절예상.선착순300명한정.확장__김소희_260703_제과_문다현,3110,50,61800.0,9
2026-07-04,[제과_단백질 쉐이크] 26.06_단백질쉐이크출시_수동_전환_video,전화네고형_0702,[26.07]F_V_SK곡_전환_단백질쉐이크출시_네고형_전화네고형_var5.릴스_선택지.숏.X_2P_이유빈_260703_제과_윤성미,1675,46,28946.0,4
2026-07-05,(마스터ASC)[제과_콘스프맛 팝콘] 26.07_콘스프맛팝콘출시_ASC_전환_image (NEW),(마스터ASC)[콘스프맛 팝콘] 26.07_콘스프맛팝콘출시_ASC_전환_image (NEW),[26.07]F_I_PC혼_전환_팝콘할인페스타_혜택강조형_다이어트_.배너_매거진형.군것질하고픈데살걱정.선착순.확장__김소희_260702_제과_문다현,3,0,43.0,0
2026-07-05,[제과_단백질 쉐이크] 26.06_단백질쉐이크출시_수동_전환_video,전화네고형_0702,[26.07]F_V_SK곡_전환_단백질쉐이크출시_네고형_전화네고형_var5.릴스_선택지.숏.X_2P_이유빈_260703_제과_윤성미,863,25,15649.0,3
2026-07-05,[제과_콘스프맛 팝콘] 26.05_콘스프맛팝콘출시_수동_전환_image,선착순강조_팝콘할인페스타 (~7/8) (재세팅),[26.07]F_I_PC혼_전환_팝콘할인페스타_혜택강조형_다이어트_.배너_살찔걱정x.핑크박스.선착순300명한정.확장__김소희_260703_제과_문다현,265,10,5463.0,0
2026-07-05,[제과_콘스프맛 팝콘] 26.05_콘스프맛팝콘출시_수동_전환_image,선착순강조_팝콘할인페스타 (~7/8) (재세팅),[26.07]F_I_PC혼_전환_팝콘할인페스타_혜택강조형_다이어트_.배너_네컷.선착순300명한정.품절대란.확장__김소희_260703_제과_문다현,1061,24,16285.0,2
2026-07-05,[제과_콘스프맛 팝콘] 26.05_콘스프맛팝콘출시_수동_전환_image,선착순강조_팝콘할인페스타 (~7/8) (재세팅),[26.07]F_I_PC혼_전환_팝콘할인페스타_혜택강조형_다이어트_.배너_주황박스.선착순300명한정.확장__김소희_260703_제과_문다현,110,2,1921.0,0
2026-07-05,[제과_콘스프맛 팝콘] 26.05_콘스프맛팝콘출시_수동_전환_image,선착순강조_팝콘할인페스타 (~7/8) (재세팅),[26.07]F_I_PC혼_전환_팝콘할인페스타_혜택강조형_다이어트_.배너_공지문.가격실수안내.중복할인.선착순300명한정.확장__김소희_260703_제과_문다현,457,12,8896.0,1
2026-07-05,[제과_콘스프맛 팝콘] 26.05_콘스프맛팝콘출시_수동_전환_image,선착순강조_팝콘할인페스타 (~7/8) (재세팅),[26.07]F_I_PC혼_전환_팝콘할인페스타_혜택강조형_다이어트_.배너_선착순300명한정.비밀링크.확장__김소희_260703_제과_문다현,56,1,1127.0,0
2026-07-05,[제과_콘스프맛 팝콘] 26.05_콘스프맛팝콘출시_수동_전환_image,선착순강조_팝콘할인페스타 (~7/8) (재세팅),[26.07]F_I_PC혼_전환_팝콘할인페스타_혜택강조형_다이어트_.배너_죄송합니다.혼나는캐릭터.AI.확장__김소희_260703_제과_문다현,163,5,3228.0,1
2026-07-06,(미사용) [제과_단백질 쉐이크] 26.06_단백질쉐이크출시_ASC_전환_image,[제과_단백질 쉐이크] 26.06_단백질쉐이크출시_ASC_전환_image,[26.06]F_I_SK곡_전환_단백질쉐이크출시_제품강조형_원재료강조_.배너_미숫가루보다맛있는데단백질.가격비교O.__이유빈_260701_제과_문다현,24,1,611.0,0
2026-07-06,(마스터ASC)[제과_콘스프맛 팝콘] 26.05_콘스프맛팝콘출시_ASC_전환_video,(마스터ASC)[콘스프맛 팝콘] 26.05_콘스프맛팝콘출시_ASC_전환_video,[26.07]F_V_PC콘_전환_팝콘할인페스타_네고형_공구네고형.다이어트_var5.릴스_BP그대로.슬기.X_1P_김소희_260702_제과_강경연,2,0,42.0,0
2026-07-06,(마스터ASC)[제과_콘스프맛 팝콘] 26.07_콘스프맛팝콘출시_ASC_전환_image (NEW),(마스터ASC)[콘스프맛 팝콘] 26.07_콘스프맛팝콘출시_ASC_전환_image (NEW),[26.07]F_I_PC혼_전환_팝콘할인페스타_혜택강조형_다이어트_.배너_살찔까봐걱정이세요?.선착순.확장__김소희_260702_제과_문다현,1,0,20.0,0
2026-07-06,[제과_단백질 쉐이크] 26.06_단백질쉐이크출시_ASC_전환_video,[제과_단백질 쉐이크] 26.06_단백질쉐이크출시_ASC_전환_video,[26.07]F_V_SK혼_전환_단백질쉐이크출시_네고형_역네고형_var1.릴스_타사비교.X_2P_이유빈_260703_제과_이미진,4,0,25.0,0
2026-07-06,[제과_단백질 쉐이크] 26.06_단백질쉐이크출시_수동_전환_video,전화네고형_0702,[26.07]F_V_SK곡_전환_단백질쉐이크출시_네고형_전화네고형_var5.릴스_선택지.숏.X_2P_이유빈_260703_제과_윤성미,108,2,1793.0,0
2026-07-06,[제과_콘스프맛 팝콘] 26.05_콘스프맛팝콘출시_수동_전환_image,선착순강조_팝콘할인페스타 (~7/8) (재세팅),[26.07]F_I_PC혼_전환_팝콘할인페스타_혜택강조형_다이어트_.배너_살찔걱정x.핑크박스.선착순300명한정.확장__김소희_260703_제과_문다현,414,21,10331.0,0
2026-07-06,[제과_콘스프맛 팝콘] 26.05_콘스프맛팝콘출시_수동_전환_image,선착순강조_팝콘할인페스타 (~7/8) (재세팅),[26.07]F_I_PC혼_전환_팝콘할인페스타_혜택강조형_다이어트_.배너_주황박스.선착순300명한정.확장__김소희_260703_제과_문다현,95,1,2075.0,0
2026-07-06,[제과_콘스프맛 팝콘] 26.05_콘스프맛팝콘출시_수동_전환_image,선착순강조_팝콘할인페스타 (~7/8) (재세팅),[26.07]F_I_PC혼_전환_팝콘할인페스타_혜택강조형_다이어트_.배너_선착순300명한정.비밀링크.확장__김소희_260703_제과_문다현,52,1,1921.0,0
2026-07-06,[제과_콘스프맛 팝콘] 26.05_콘스프맛팝콘출시_수동_전환_image,선착순강조_팝콘할인페스타 (~7/8) (재세팅),[26.07]F_I_PC혼_전환_팝콘할인페스타_혜택강조형_다이어트_.배너_죄송합니다.혼나는캐릭터.AI.확장__김소희_260703_제과_문다현,120,4,2652.0,2
2026-07-07,(미사용) [제과_단백질 쉐이크] 26.06_단백질쉐이크출시_ASC_전환_image,[제과_단백질 쉐이크] 26.06_단백질쉐이크출시_ASC_전환_image,[26.06]F_I_SK곡_전환_단백질쉐이크출시_제품강조형_건강자극_.배너_설탕.__이유빈_260626_제과_김나현,1,0,37.0,0
2026-07-07,(미사용) [제과_단백질 쉐이크] 26.06_단백질쉐이크출시_ASC_전환_image,[제과_단백질 쉐이크] 26.06_단백질쉐이크출시_ASC_전환_image,[26.06]F_I_SK곡_전환_단백질쉐이크출시_제품강조형_원재료강조_.배너_미숫가루보다맛있는데단백질.가격비교O.__이유빈_260701_제과_문다현,296,3,7423.0,0
2026-07-07,(마스터ASC)[제과_콘스프맛 팝콘] 26.07_콘스프맛팝콘출시_ASC_전환_image (NEW),(마스터ASC)[콘스프맛 팝콘] 26.07_콘스프맛팝콘출시_ASC_전환_image (NEW),[26.07]F_I_PC혼_전환_팝콘할인페스타_혜택강조형_다이어트_.배너_살찔까봐걱정이세요?.선착순.확장__김소희_260702_제과_문다현,4162,67,62314.0,12
2026-07-07,(마스터ASC)[제과_콘스프맛 팝콘] 26.07_콘스프맛팝콘출시_ASC_전환_image (NEW),(마스터ASC)[콘스프맛 팝콘] 26.07_콘스프맛팝콘출시_ASC_전환_image (NEW),[26.07]F_I_PC혼_전환_팝콘할인페스타_혜택강조형_다이어트_.배너_매거진형.군것질하고픈데살걱정.선착순.확장__김소희_260702_제과_문다현,402,7,5089.0,1
2026-07-07,[제과_단백질 쉐이크] 26.06_단백질쉐이크출시_수동_전환_video,전화네고형_0702,[26.07]F_V_SK곡_전환_단백질쉐이크출시_네고형_전화네고형_var5.릴스_선택지.숏.X_2P_이유빈_260703_제과_윤성미,550,12,10757.0,0
2026-07-08,(마스터ASC)[제과_콘스프맛 팝콘] 26.07_콘스프맛팝콘출시_ASC_전환_image (NEW),(마스터ASC)[콘스프맛 팝콘] 26.07_콘스프맛팝콘출시_ASC_전환_image (NEW),[26.07]F_I_PC혼_전환_팝콘할인페스타_혜택강조형_다이어트_.배너_살찔까봐걱정이세요?.선착순.확장__김소희_260702_제과_문다현,1226,17,16226.0,6
2026-07-08,(마스터ASC)[제과_콘스프맛 팝콘] 26.07_콘스프맛팝콘출시_ASC_전환_image (NEW),(마스터ASC)[콘스프맛 팝콘] 26.07_콘스프맛팝콘출시_ASC_전환_image (NEW),[26.07]F_I_PC혼_전환_팝콘할인페스타_혜택강조형_다이어트_.배너_매거진형.군것질하고픈데살걱정.선착순.확장__김소희_260702_제과_문다현,247,1,3026.0,1
2026-07-09,(미사용) [제과_단백질 쉐이크] 26.06_단백질쉐이크출시_ASC_전환_image,[제과_단백질 쉐이크] 26.06_단백질쉐이크출시_ASC_전환_image,[26.06]F_I_SK곡_전환_단백질쉐이크출시_제품강조형_건강자극_.배너_설탕.__이유빈_260626_제과_김나현,10,0,218.0,0
2026-07-09,(마스터ASC)[제과_콘스프맛 팝콘] 26.05_콘스프맛팝콘출시_ASC_전환_video,(마스터ASC)[콘스프맛 팝콘] 26.05_콘스프맛팝콘출시_ASC_전환_video,[26.07]F_V_PC콘_전환_팝콘할인페스타_네고형_공구네고형.다이어트_var5.릴스_BP그대로.슬기.X_1P_김소희_260702_제과_강경연,50,2,877.0,0
2026-07-09,(마스터ASC)[제과_콘스프맛 팝콘] 26.07_콘스프맛팝콘출시_ASC_전환_image (NEW),(마스터ASC)[콘스프맛 팝콘] 26.07_콘스프맛팝콘출시_ASC_전환_image (NEW),[26.07]F_I_PC혼_전환_팝콘할인페스타_혜택강조형_다이어트_.배너_살찔까봐걱정이세요?.선착순.확장__김소희_260702_제과_문다현,780,11,12449.0,1
2026-07-09,(마스터ASC)[제과_콘스프맛 팝콘] 26.07_콘스프맛팝콘출시_ASC_전환_image (NEW),(마스터ASC)[콘스프맛 팝콘] 26.07_콘스프맛팝콘출시_ASC_전환_image (NEW),[26.07]F_I_PC혼_전환_팝콘할인페스타_혜택강조형_다이어트_.배너_매거진형.군것질하고픈데살걱정.선착순.확장__김소희_260702_제과_문다현,242,2,3277.0,0
2026-07-10,(마스터ASC)[제과_콘스프맛 팝콘] 26.05_콘스프맛팝콘출시_ASC_전환_video,(마스터ASC)[콘스프맛 팝콘] 26.05_콘스프맛팝콘출시_ASC_전환_video,[26.07]F_V_PC콘_전환_팝콘할인페스타_네고형_공구네고형.다이어트_var5.릴스_BP그대로.슬기.X_1P_김소희_260702_제과_강경연,2,0,41.0,0
2026-07-11,(마스터ASC)[제과_콘스프맛 팝콘] 26.05_콘스프맛팝콘출시_ASC_전환_video,(마스터ASC)[콘스프맛 팝콘] 26.05_콘스프맛팝콘출시_ASC_전환_video,[26.07]F_V_PC콘_전환_팝콘할인페스타_네고형_공구네고형.다이어트_var5.릴스_BP그대로.슬기.X_1P_김소희_260702_제과_강경연,3,0,69.0,0
2026-07-01,[제과_단백질 쉐이크] 26.06_단백질쉐이크출시_ASC_전환_video,[제과_단백질 쉐이크] 26.06_단백질쉐이크출시_ASC_전환_video,[26.06]F_V_SK혼_전환_단백질쉐이크출시_신규BP_개당가메리트.재편집_var4.릴스_기존.라라스윗권위.X_2P_이유빈_260629_제과_이봄1,78,0,4160.0,0
2026-07-02,[제과_단백질 쉐이크] 26.06_단백질쉐이크출시_ASC_전환_video,[제과_단백질 쉐이크] 26.06_단백질쉐이크출시_ASC_전환_video,[26.06]F_V_SK혼_전환_단백질쉐이크출시_신규BP_개당가메리트.재편집_var4.릴스_기존.라라스윗권위.X_2P_이유빈_260629_제과_이봄1,16,1,368.0,0
2026-07-03,[제과_단백질 쉐이크] 26.06_단백질쉐이크출시_ASC_전환_video,[제과_단백질 쉐이크] 26.06_단백질쉐이크출시_ASC_전환_video,[26.06]F_V_SK혼_전환_단백질쉐이크출시_신규BP_개당가메리트.재편집_var4.릴스_기존.라라스윗권위.X_2P_이유빈_260629_제과_이봄1,1,0,11.0,0
2026-07-03,(마스터ASC)[제과_콘스프맛 팝콘] 26.07_콘스프맛팝콘출시_ASC_전환_image (NEW),(마스터ASC)[콘스프맛 팝콘] 26.07_콘스프맛팝콘출시_ASC_전환_image (NEW),[26.07]F_I_PC혼_전환_팝콘할인페스타_혜택강조형_다이어트_.배너_네컷.선착순300명한정.품절대란.확장__김소희_260703_제과_문다현,32,1,571.0,0
2026-07-03,(마스터ASC)[제과_콘스프맛 팝콘] 26.07_콘스프맛팝콘출시_ASC_전환_image (NEW),(마스터ASC)[콘스프맛 팝콘] 26.07_콘스프맛팝콘출시_ASC_전환_image (NEW),[26.07]F_I_PC혼_전환_팝콘할인페스타_혜택강조형_다이어트_.배너_주황박스.선착순300명한정.확장__김소희_260703_제과_문다현,18,0,267.0,0
2026-07-04,[제과_단백질 쉐이크] 26.06_단백질쉐이크출시_ASC_전환_video,[제과_단백질 쉐이크] 26.06_단백질쉐이크출시_ASC_전환_video,[26.07]F_V_SK혼_전환_단백질쉐이크출시_네고형_역네고형_var2.릴스_취식.X_2P_이유빈_260703_제과_이미진,76,5,878.0,0
2026-07-04,(마스터ASC)[제과_콘스프맛 팝콘] 26.07_콘스프맛팝콘출시_ASC_전환_image (NEW),(마스터ASC)[콘스프맛 팝콘] 26.07_콘스프맛팝콘출시_ASC_전환_image (NEW),[26.07]F_I_PC혼_전환_팝콘할인페스타_혜택강조형_다이어트_.배너_네컷.선착순300명한정.품절대란.확장__김소희_260703_제과_문다현,382,7,5590.0,1
2026-07-04,(마스터ASC)[제과_콘스프맛 팝콘] 26.07_콘스프맛팝콘출시_ASC_전환_image (NEW),(마스터ASC)[콘스프맛 팝콘] 26.07_콘스프맛팝콘출시_ASC_전환_image (NEW),[26.07]F_I_PC혼_전환_팝콘할인페스타_혜택강조형_다이어트_.배너_주황박스.선착순300명한정.확장__김소희_260703_제과_문다현,143,2,3231.0,0
2026-07-04,(마스터ASC)[제과_콘스프맛 팝콘] 26.07_콘스프맛팝콘출시_ASC_전환_image (NEW),(마스터ASC)[콘스프맛 팝콘] 26.07_콘스프맛팝콘출시_ASC_전환_image (NEW),[26.07]F_I_PC혼_전환_팝콘할인페스타_혜택강조형_다이어트_.배너_선착순300명.달리는캐릭터.AI.확장__김소희_260703_제과_문다현,2155,33,27576.0,4
2026-07-04,[제과_단백질 쉐이크] 26.06_단백질쉐이크출시_ASC_전환_video,[제과_단백질 쉐이크] 26.06_단백질쉐이크출시_ASC_전환_video,[26.07]F_V_SK혼_전환_단백질쉐이크출시_네고형_지인네고형_var1.릴스_취식.X_2P_이유빈_260703_제과_이봄1,148,7,3058.0,0
2026-07-04,[제과_단백질 쉐이크] 26.06_단백질쉐이크출시_ASC_전환_video,[제과_단백질 쉐이크] 26.06_단백질쉐이크출시_ASC_전환_video,[26.07]F_V_SK혼_전환_단백질쉐이크출시_네고형_지인네고형_main.릴스_본론.X_2P_이유빈_260703_제과_이봄1,161,5,2884.0,0
2026-07-04,[제과_단백질 쉐이크] 26.06_단백질쉐이크출시_수동_전환_video,지인네고형_0702,[26.07]F_V_SK혼_전환_단백질쉐이크출시_네고형_지인네고형_main.릴스_본론.X_2P_이유빈_260703_제과_이봄1,1509,55,29234.0,5
2026-07-04,[제과_단백질 쉐이크] 26.06_단백질쉐이크출시_수동_전환_video,지인네고형_0702,[26.07]F_V_SK혼_전환_단백질쉐이크출시_네고형_지인네고형_var2.릴스_선택지.X_2P_이유빈_260703_제과_이봄1,425,24,6780.0,1
2026-07-04,[제과_단백질 쉐이크] 26.06_단백질쉐이크출시_ASC_전환_video,[제과_단백질 쉐이크] 26.06_단백질쉐이크출시_ASC_전환_video,[26.07]F_V_SK혼_전환_단백질쉐이크출시_네고형_지인네고형_var3.릴스_맛.생초코.X_2P_이유빈_260703_제과_이봄1,34,3,573.0,0
2026-07-04,[제과_단백질 쉐이크] 26.06_단백질쉐이크출시_ASC_전환_video,[제과_단백질 쉐이크] 26.06_단백질쉐이크출시_ASC_전환_video,[26.07]F_V_SK혼_전환_단백질쉐이크출시_네고형_지인네고형_var5.릴스_통쉐이크.X_2P_이유빈_260703_제과_이봄1,25473,1766,313244.0,76
2026-07-04,[제과_단백질 쉐이크] 26.06_단백질쉐이크출시_수동_전환_video,지인네고형_0702,[26.07]F_V_SK혼_전환_단백질쉐이크출시_네고형_지인네고형_main.릴스_가격강조아몬드스윗삭제.(재)_2P_이유빈_260707_제과_이봄1 (1),14785,1118,197540.0,59
2026-07-04,[제과_단백질 쉐이크] 26.06_단백질쉐이크출시_수동_전환_video,지인네고형_0702,[26.07]F_V_SK혼_전환_단백질쉐이크출시_네고형_지인네고형_var4.릴스_맛.미숫가루.X_2P_이유빈_260703_제과_이봄1,57,1,832.0,0
2026-07-04,[제과_단백질 쉐이크] 26.06_단백질쉐이크출시_ASC_전환_video,[제과_단백질 쉐이크] 26.06_단백질쉐이크출시_ASC_전환_video,[26.07]F_V_SK혼_전환_단백질쉐이크출시_네고형_지인네고형_var6.릴스_토핑강조.X_2P_이유빈_260703_제과_이봄1,13,2,315.0,0
2026-07-04,[제과_단백질 쉐이크] 26.06_단백질쉐이크출시_ASC_전환_video,[제과_단백질 쉐이크] 26.06_단백질쉐이크출시_ASC_전환_video,[26.07]F_V_SK혼_전환_단백질쉐이크출시_네고형_지인네고형_var7.릴스_브랜드강조.X_2P_이유빈_260703_제과_이봄1,33,1,626.0,0
2026-07-04,[제과_단백질 쉐이크] 26.06_단백질쉐이크출시_ASC_전환_video,[제과_단백질 쉐이크] 26.06_단백질쉐이크출시_ASC_전환_video,[26.07]F_V_SK곡_전환_단백질쉐이크출시_네고형_전화네고형_var7.릴스_본론.숏.X_2P_이유빈_260703_제과_윤성미,5,0,184.0,0
2026-07-04,[제과_단백질 쉐이크] 26.06_단백질쉐이크출시_수동_전환_video,전화네고형_0702,[26.07]F_V_SK곡_전환_단백질쉐이크출시_네고형_전화네고형_var6.릴스_원물실체.X_2P_이유빈_260703_제과_윤성미,113,3,3056.0,0
2026-07-04,[제과_단백질 쉐이크] 26.06_단백질쉐이크출시_ASC_전환_video,[제과_단백질 쉐이크] 26.06_단백질쉐이크출시_ASC_전환_video,[26.07]F_V_SK곡_전환_단백질쉐이크출시_네고형_전화네고형_var5.릴스_선택지.숏.X_2P_이유빈_260703_제과_윤성미,81,3,1860.0,0
2026-07-04,[제과_단백질 쉐이크] 26.06_단백질쉐이크출시_수동_전환_video,전화네고형_0702,[26.07]F_V_SK곡_전환_단백질쉐이크출시_네고형_전화네고형_var3.릴스_취식.X_2P_이유빈_260703_제과_윤성미,206,9,4299.0,1
2026-07-04,[제과_단백질 쉐이크] 26.06_단백질쉐이크출시_수동_전환_video,전화네고형_0702,[26.07]F_V_SK곡_전환_단백질쉐이크출시_네고형_전화네고형_var2.릴스_1천원대.X_2P_이유빈_260703_제과_윤성미,1432,63,29050.0,4
2026-07-04,[제과_단백질 쉐이크] 26.06_단백질쉐이크출시_수동_전환_video,전화네고형_0702,[26.07]F_V_SK곡_전환_단백질쉐이크출시_네고형_전화네고형_main.릴스_본론.X_2P_이유빈_260703_제과_윤성미,374,7,8082.0,0
2026-07-04,[제과_단백질 쉐이크] 26.06_단백질쉐이크출시_수동_전환_video,전화네고형_0702,[26.07]F_V_SK곡_전환_단백질쉐이크출시_네고형_전화네고형_var1.릴스_가격.3개.X_2P_이유빈_260703_제과_윤성미,90,1,2659.0,0
2026-07-04,(미사용) [제과_단백질 쉐이크] 26.06_단백질쉐이크출시_ASC_전환_image,[제과_단백질 쉐이크] 26.06_단백질쉐이크출시_ASC_전환_image,[26.07]F_I_SK초_전환_단백질쉐이크출시_혜택강조형_가격메리트_.릴스_브랜드권위강조.확장__이유빈_260703_제과_김수정,443,14,8979.0,0
2026-07-04,(미사용) [제과_단백질 쉐이크] 26.06_단백질쉐이크출시_ASC_전환_image,[제과_단백질 쉐이크] 26.06_단백질쉐이크출시_ASC_전환_image,[26.07]F_I_SK초_전환_단백질쉐이크출시_혜택강조형_가격메리트_.릴스_후킹질문강조.확장__이유빈_260703_제과_김수정,603,15,11453.0,0
2026-07-04,(미사용) [제과_단백질 쉐이크] 26.06_단백질쉐이크출시_ASC_전환_image,[제과_단백질 쉐이크] 26.06_단백질쉐이크출시_ASC_전환_image,[26.07]F_I_SK초_전환_단백질쉐이크출시_혜택강조형_가격메리트_.릴스_초반가격강조.확장__이유빈_260703_제과_김수정,1208,28,23107.0,4
2026-07-05,[제과_단백질 쉐이크] 26.06_단백질쉐이크출시_ASC_전환_video,[제과_단백질 쉐이크] 26.06_단백질쉐이크출시_ASC_전환_video,[26.07]F_V_SK혼_전환_단백질쉐이크출시_네고형_역네고형_var2.릴스_취식.X_2P_이유빈_260703_제과_이미진,9,1,210.0,0
2026-07-05,(마스터ASC)[제과_콘스프맛 팝콘] 26.07_콘스프맛팝콘출시_ASC_전환_image (NEW),(마스터ASC)[콘스프맛 팝콘] 26.07_콘스프맛팝콘출시_ASC_전환_image (NEW),[26.07]F_I_PC혼_전환_팝콘할인페스타_혜택강조형_다이어트_.배너_네컷.선착순300명한정.품절대란.확장__김소희_260703_제과_문다현,395,3,5695.0,0
2026-07-05,(마스터ASC)[제과_콘스프맛 팝콘] 26.07_콘스프맛팝콘출시_ASC_전환_image (NEW),(마스터ASC)[콘스프맛 팝콘] 26.07_콘스프맛팝콘출시_ASC_전환_image (NEW),[26.07]F_I_PC혼_전환_팝콘할인페스타_혜택강조형_다이어트_.배너_주황박스.선착순300명한정.확장__김소희_260703_제과_문다현,165,5,2857.0,1
2026-07-05,(마스터ASC)[제과_콘스프맛 팝콘] 26.07_콘스프맛팝콘출시_ASC_전환_image (NEW),(마스터ASC)[콘스프맛 팝콘] 26.07_콘스프맛팝콘출시_ASC_전환_image (NEW),[26.07]F_I_PC혼_전환_팝콘할인페스타_혜택강조형_다이어트_.배너_선착순300명.달리는캐릭터.AI.확장__김소희_260703_제과_문다현,2296,58,36738.0,3
2026-07-05,[제과_단백질 쉐이크] 26.06_단백질쉐이크출시_ASC_전환_video,[제과_단백질 쉐이크] 26.06_단백질쉐이크출시_ASC_전환_video,[26.07]F_V_SK혼_전환_단백질쉐이크출시_네고형_지인네고형_var1.릴스_취식.X_2P_이유빈_260703_제과_이봄1,23,0,338.0,0
2026-07-05,[제과_단백질 쉐이크] 26.06_단백질쉐이크출시_ASC_전환_video,[제과_단백질 쉐이크] 26.06_단백질쉐이크출시_ASC_전환_video,[26.07]F_V_SK혼_전환_단백질쉐이크출시_네고형_지인네고형_main.릴스_본론.X_2P_이유빈_260703_제과_이봄1,13,0,180.0,0
2026-07-05,[제과_단백질 쉐이크] 26.06_단백질쉐이크출시_수동_전환_video,지인네고형_0702,[26.07]F_V_SK혼_전환_단백질쉐이크출시_네고형_지인네고형_main.릴스_본론.X_2P_이유빈_260703_제과_이봄1,135,5,2688.0,3
2026-07-05,[제과_단백질 쉐이크] 26.06_단백질쉐이크출시_ASC_전환_video,[제과_단백질 쉐이크] 26.06_단백질쉐이크출시_ASC_전환_video,[26.07]F_V_SK혼_전환_단백질쉐이크출시_네고형_지인네고형_var5.릴스_통쉐이크.X_2P_이유빈_260703_제과_이봄1,69655,4180,782059.0,138
2026-07-05,[제과_단백질 쉐이크] 26.06_단백질쉐이크출시_수동_전환_video,지인네고형_0702,[26.07]F_V_SK혼_전환_단백질쉐이크출시_네고형_지인네고형_main.릴스_가격강조아몬드스윗삭제.(재)_2P_이유빈_260707_제과_이봄1 (1),37282,2424,441494.0,70
2026-07-05,[제과_단백질 쉐이크] 26.06_단백질쉐이크출시_수동_전환_video,지인네고형_0702,[26.07]F_V_SK혼_전환_단백질쉐이크출시_네고형_지인네고형_var4.릴스_맛.미숫가루.X_2P_이유빈_260703_제과_이봄1,2,0,3.0,0
2026-07-05,[제과_단백질 쉐이크] 26.06_단백질쉐이크출시_ASC_전환_video,[제과_단백질 쉐이크] 26.06_단백질쉐이크출시_ASC_전환_video,[26.07]F_V_SK혼_전환_단백질쉐이크출시_네고형_지인네고형_var7.릴스_브랜드강조.X_2P_이유빈_260703_제과_이봄1,1,0,2.0,0
2026-07-05,[제과_단백질 쉐이크] 26.06_단백질쉐이크출시_수동_전환_video,전화네고형_0702,[26.07]F_V_SK곡_전환_단백질쉐이크출시_네고형_전화네고형_var6.릴스_원물실체.X_2P_이유빈_260703_제과_윤성미,29,0,570.0,0
2026-07-05,[제과_단백질 쉐이크] 26.06_단백질쉐이크출시_ASC_전환_video,[제과_단백질 쉐이크] 26.06_단백질쉐이크출시_ASC_전환_video,[26.07]F_V_SK곡_전환_단백질쉐이크출시_네고형_전화네고형_var5.릴스_선택지.숏.X_2P_이유빈_260703_제과_윤성미,37,4,907.0,1
2026-07-05,[제과_단백질 쉐이크] 26.06_단백질쉐이크출시_수동_전환_video,전화네고형_0702,[26.07]F_V_SK곡_전환_단백질쉐이크출시_네고형_전화네고형_var3.릴스_취식.X_2P_이유빈_260703_제과_윤성미,330,18,7893.0,4
2026-07-05,[제과_단백질 쉐이크] 26.06_단백질쉐이크출시_수동_전환_video,전화네고형_0702,[26.07]F_V_SK곡_전환_단백질쉐이크출시_네고형_전화네고형_var2.릴스_1천원대.X_2P_이유빈_260703_제과_윤성미,4200,210,100984.0,28
2026-07-05,[제과_단백질 쉐이크] 26.06_단백질쉐이크출시_수동_전환_video,전화네고형_0702,[26.07]F_V_SK곡_전환_단백질쉐이크출시_네고형_전화네고형_var1.릴스_가격.3개.X_2P_이유빈_260703_제과_윤성미,5,0,64.0,0
2026-07-05,(미사용) [제과_단백질 쉐이크] 26.06_단백질쉐이크출시_ASC_전환_image,[제과_단백질 쉐이크] 26.06_단백질쉐이크출시_ASC_전환_image,[26.07]F_I_SK초_전환_단백질쉐이크출시_혜택강조형_가격메리트_.릴스_초반가격강조.확장__이유빈_260703_제과_김수정,1719,53,27212.0,2
2026-07-06,(마스터ASC)[제과_콘스프맛 팝콘] 26.07_콘스프맛팝콘출시_ASC_전환_image (NEW),(마스터ASC)[콘스프맛 팝콘] 26.07_콘스프맛팝콘출시_ASC_전환_image (NEW),[26.07]F_I_PC혼_전환_팝콘할인페스타_혜택강조형_다이어트_.배너_네컷.선착순300명한정.품절대란.확장__김소희_260703_제과_문다현,201,3,3040.0,2
2026-07-06,(마스터ASC)[제과_콘스프맛 팝콘] 26.07_콘스프맛팝콘출시_ASC_전환_image (NEW),(마스터ASC)[콘스프맛 팝콘] 26.07_콘스프맛팝콘출시_ASC_전환_image (NEW),[26.07]F_I_PC혼_전환_팝콘할인페스타_혜택강조형_다이어트_.배너_주황박스.선착순300명한정.확장__김소희_260703_제과_문다현,45,2,1680.0,0
2026-07-06,[제과_단백질 쉐이크] 26.06_단백질쉐이크출시_ASC_전환_video,[제과_단백질 쉐이크] 26.06_단백질쉐이크출시_ASC_전환_video,[26.07]F_V_SK혼_전환_단백질쉐이크출시_네고형_지인네고형_var1.릴스_취식.X_2P_이유빈_260703_제과_이봄1,1,0,2.0,0
2026-07-06,[제과_단백질 쉐이크] 26.06_단백질쉐이크출시_ASC_전환_video,[제과_단백질 쉐이크] 26.06_단백질쉐이크출시_ASC_전환_video,[26.07]F_V_SK혼_전환_단백질쉐이크출시_네고형_지인네고형_main.릴스_본론.X_2P_이유빈_260703_제과_이봄1,61,0,1063.0,0
2026-07-06,[제과_단백질 쉐이크] 26.06_단백질쉐이크출시_수동_전환_video,지인네고형_0702,[26.07]F_V_SK혼_전환_단백질쉐이크출시_네고형_지인네고형_main.릴스_본론.X_2P_이유빈_260703_제과_이봄1,214,14,5516.0,1
2026-07-06,[제과_단백질 쉐이크] 26.06_단백질쉐이크출시_수동_전환_video,지인네고형_0702,[26.07]F_V_SK혼_전환_단백질쉐이크출시_네고형_지인네고형_var2.릴스_선택지.X_2P_이유빈_260703_제과_이봄1,445,21,10066.0,1
2026-07-06,[제과_단백질 쉐이크] 26.06_단백질쉐이크출시_ASC_전환_video,[제과_단백질 쉐이크] 26.06_단백질쉐이크출시_ASC_전환_video,[26.07]F_V_SK혼_전환_단백질쉐이크출시_네고형_지인네고형_var3.릴스_맛.생초코.X_2P_이유빈_260703_제과_이봄1,4,0,26.0,0
2026-07-06,[제과_단백질 쉐이크] 26.06_단백질쉐이크출시_ASC_전환_video,[제과_단백질 쉐이크] 26.06_단백질쉐이크출시_ASC_전환_video,[26.07]F_V_SK혼_전환_단백질쉐이크출시_네고형_지인네고형_var5.릴스_통쉐이크.X_2P_이유빈_260703_제과_이봄1,47484,2177,588737.0,95
2026-07-06,[제과_단백질 쉐이크] 26.06_단백질쉐이크출시_수동_전환_video,지인네고형_0702,[26.07]F_V_SK혼_전환_단백질쉐이크출시_네고형_지인네고형_main.릴스_가격강조아몬드스윗삭제.(재)_2P_이유빈_260707_제과_이봄1 (1),81327,3964,1004479.0,168
2026-07-06,[제과_단백질 쉐이크] 26.06_단백질쉐이크출시_수동_전환_video,지인네고형_0702,[26.07]F_V_SK혼_전환_단백질쉐이크출시_네고형_지인네고형_var4.릴스_맛.미숫가루.X_2P_이유빈_260703_제과_이봄1,7,0,245.0,0
2026-07-06,[제과_단백질 쉐이크] 26.06_단백질쉐이크출시_ASC_전환_video,[제과_단백질 쉐이크] 26.06_단백질쉐이크출시_ASC_전환_video,[26.07]F_V_SK곡_전환_단백질쉐이크출시_네고형_전화네고형_var7.릴스_본론.숏.X_2P_이유빈_260703_제과_윤성미,7,0,257.0,0
2026-07-06,[제과_단백질 쉐이크] 26.06_단백질쉐이크출시_수동_전환_video,전화네고형_0702,[26.07]F_V_SK곡_전환_단백질쉐이크출시_네고형_전화네고형_var6.릴스_원물실체.X_2P_이유빈_260703_제과_윤성미,2,0,74.0,0
2026-07-06,[제과_단백질 쉐이크] 26.06_단백질쉐이크출시_ASC_전환_video,[제과_단백질 쉐이크] 26.06_단백질쉐이크출시_ASC_전환_video,[26.07]F_V_SK곡_전환_단백질쉐이크출시_네고형_전화네고형_var5.릴스_선택지.숏.X_2P_이유빈_260703_제과_윤성미,15,0,289.0,0
2026-07-06,[제과_단백질 쉐이크] 26.06_단백질쉐이크출시_수동_전환_video,전화네고형_0702,[26.07]F_V_SK곡_전환_단백질쉐이크출시_네고형_전화네고형_var3.릴스_취식.X_2P_이유빈_260703_제과_윤성미,65,1,1343.0,0
2026-07-06,[제과_단백질 쉐이크] 26.06_단백질쉐이크출시_수동_전환_video,전화네고형_0702,[26.07]F_V_SK곡_전환_단백질쉐이크출시_네고형_전화네고형_var2.릴스_1천원대.X_2P_이유빈_260703_제과_윤성미,1032,45,23147.0,3
2026-07-06,(미사용) [제과_단백질 쉐이크] 26.06_단백질쉐이크출시_ASC_전환_image,[제과_단백질 쉐이크] 26.06_단백질쉐이크출시_ASC_전환_image,[26.07]F_I_SK초_전환_단백질쉐이크출시_혜택강조형_가격메리트_.릴스_초반가격강조.확장__이유빈_260703_제과_김수정,1695,30,23648.0,0
2026-07-07,[제과_단백질 쉐이크] 26.06_단백질쉐이크출시_ASC_전환_video,[제과_단백질 쉐이크] 26.06_단백질쉐이크출시_ASC_전환_video,[26.07]F_V_SK혼_전환_단백질쉐이크출시_네고형_역네고형_var2.릴스_취식.X_2P_이유빈_260703_제과_이미진,1,0,27.0,0
2026-07-07,(마스터ASC)[제과_콘스프맛 팝콘] 26.07_콘스프맛팝콘출시_ASC_전환_image (NEW),(마스터ASC)[콘스프맛 팝콘] 26.07_콘스프맛팝콘출시_ASC_전환_image (NEW),[26.07]F_I_PC혼_전환_팝콘할인페스타_혜택강조형_다이어트_.배너_네컷.선착순300명한정.품절대란.확장__김소희_260703_제과_문다현,1021,16,17159.0,5
2026-07-07,(마스터ASC)[제과_콘스프맛 팝콘] 26.07_콘스프맛팝콘출시_ASC_전환_image (NEW),(마스터ASC)[콘스프맛 팝콘] 26.07_콘스프맛팝콘출시_ASC_전환_image (NEW),[26.07]F_I_PC혼_전환_팝콘할인페스타_혜택강조형_다이어트_.배너_주황박스.선착순300명한정.확장__김소희_260703_제과_문다현,34,1,606.0,0
2026-07-07,[제과_단백질 쉐이크] 26.06_단백질쉐이크출시_수동_전환_video,지인네고형_0702,[26.07]F_V_SK혼_전환_단백질쉐이크출시_네고형_지인네고형_main.릴스_본론.X_2P_이유빈_260703_제과_이봄1,144,8,4499.0,0
2026-07-07,[제과_단백질 쉐이크] 26.06_단백질쉐이크출시_수동_전환_video,지인네고형_0702,[26.07]F_V_SK혼_전환_단백질쉐이크출시_네고형_지인네고형_var2.릴스_선택지.X_2P_이유빈_260703_제과_이봄1,1825,54,39483.0,7
2026-07-07,[제과_단백질 쉐이크] 26.06_단백질쉐이크출시_ASC_전환_video,[제과_단백질 쉐이크] 26.06_단백질쉐이크출시_ASC_전환_video,[26.07]F_V_SK혼_전환_단백질쉐이크출시_네고형_지인네고형_var5.릴스_통쉐이크.X_2P_이유빈_260703_제과_이봄1,3733,202,53531.0,9
2026-07-07,[제과_단백질 쉐이크] 26.06_단백질쉐이크출시_수동_전환_video,지인네고형_0702,[26.07]F_V_SK혼_전환_단백질쉐이크출시_네고형_지인네고형_main.릴스_가격강조아몬드스윗삭제.(재)_2P_이유빈_260707_제과_이봄1 (1),42117,2216,615567.0,83
2026-07-07,[제과_단백질 쉐이크] 26.06_단백질쉐이크출시_수동_전환_video,지인네고형_0702,[26.07]F_V_SK혼_전환_단백질쉐이크출시_네고형_지인네고형_var4.릴스_맛.미숫가루.X_2P_이유빈_260703_제과_이봄1,4,1,102.0,0
2026-07-07,[제과_단백질 쉐이크] 26.06_단백질쉐이크출시_ASC_전환_video,[제과_단백질 쉐이크] 26.06_단백질쉐이크출시_ASC_전환_video,[26.07]F_V_SK혼_전환_단백질쉐이크출시_네고형_지인네고형_var7.릴스_브랜드강조.X_2P_이유빈_260703_제과_이봄1,1,0,2.0,0
2026-07-07,[제과_단백질 쉐이크] 26.06_단백질쉐이크출시_ASC_전환_video,[제과_단백질 쉐이크] 26.06_단백질쉐이크출시_ASC_전환_video,[26.07]F_V_SK곡_전환_단백질쉐이크출시_네고형_전화네고형_var5.릴스_선택지.숏.X_2P_이유빈_260703_제과_윤성미,5,0,55.0,0
2026-07-07,[제과_단백질 쉐이크] 26.06_단백질쉐이크출시_수동_전환_video,전화네고형_0702,[26.07]F_V_SK곡_전환_단백질쉐이크출시_네고형_전화네고형_var3.릴스_취식.X_2P_이유빈_260703_제과_윤성미,122,3,3449.0,0
2026-07-07,[제과_단백질 쉐이크] 26.06_단백질쉐이크출시_수동_전환_video,전화네고형_0702,[26.07]F_V_SK곡_전환_단백질쉐이크출시_네고형_전화네고형_var1.릴스_가격.3개.X_2P_이유빈_260703_제과_윤성미,1,0,9.0,0
2026-07-08,(마스터ASC)[제과_콘스프맛 팝콘] 26.07_콘스프맛팝콘출시_ASC_전환_image (NEW),(마스터ASC)[콘스프맛 팝콘] 26.07_콘스프맛팝콘출시_ASC_전환_image (NEW),[26.07]F_I_PC혼_전환_팝콘할인페스타_혜택강조형_다이어트_.배너_주황박스.선착순300명한정.확장__김소희_260703_제과_문다현,260,5,4305.0,0
2026-07-08,[제과_단백질 쉐이크] 26.06_단백질쉐이크출시_ASC_전환_video,[제과_단백질 쉐이크] 26.06_단백질쉐이크출시_ASC_전환_video,[26.07]F_V_SK혼_전환_단백질쉐이크출시_네고형_지인네고형_main.릴스_본론.X_2P_이유빈_260703_제과_이봄1,1,0,24.0,0
2026-07-08,[제과_단백질 쉐이크] 26.06_단백질쉐이크출시_수동_전환_video,지인네고형_0702,[26.07]F_V_SK혼_전환_단백질쉐이크출시_네고형_지인네고형_main.릴스_본론.X_2P_이유빈_260703_제과_이봄1,93,3,2280.0,1
2026-07-08,[제과_단백질 쉐이크] 26.06_단백질쉐이크출시_수동_전환_video,지인네고형_0702,[26.07]F_V_SK혼_전환_단백질쉐이크출시_네고형_지인네고형_var2.릴스_선택지.X_2P_이유빈_260703_제과_이봄1,513,19,10698.0,2
2026-07-08,[제과_단백질 쉐이크] 26.06_단백질쉐이크출시_ASC_전환_video,[제과_단백질 쉐이크] 26.06_단백질쉐이크출시_ASC_전환_video,[26.07]F_V_SK혼_전환_단백질쉐이크출시_네고형_지인네고형_var5.릴스_통쉐이크.X_2P_이유빈_260703_제과_이봄1,19117,920,267019.0,36
2026-07-08,[제과_단백질 쉐이크] 26.06_단백질쉐이크출시_수동_전환_video,지인네고형_0702,[26.07]F_V_SK혼_전환_단백질쉐이크출시_네고형_지인네고형_main.릴스_가격강조아몬드스윗삭제.(재)_2P_이유빈_260707_제과_이봄1 (1),43595,1890,560085.0,69
2026-07-08,[제과_단백질 쉐이크] 26.06_단백질쉐이크출시_수동_전환_video,지인네고형_0702,[26.07]F_V_SK혼_전환_단백질쉐이크출시_네고형_지인네고형_var4.릴스_맛.미숫가루.X_2P_이유빈_260703_제과_이봄1,6,0,255.0,0
2026-07-08,[제과_단백질 쉐이크] 26.06_단백질쉐이크출시_ASC_전환_video,[제과_단백질 쉐이크] 26.06_단백질쉐이크출시_ASC_전환_video,[26.07]F_V_SK혼_전환_단백질쉐이크출시_네고형_지인네고형_var6.릴스_토핑강조.X_2P_이유빈_260703_제과_이봄1,13,0,385.0,0
2026-07-08,[제과_단백질 쉐이크] 26.06_단백질쉐이크출시_ASC_전환_video,[제과_단백질 쉐이크] 26.06_단백질쉐이크출시_ASC_전환_video,[26.07]F_V_SK곡_전환_단백질쉐이크출시_네고형_전화네고형_var5.릴스_선택지.숏.X_2P_이유빈_260703_제과_윤성미,46,2,1230.0,0
2026-07-09,(마스터ASC)[제과_콘스프맛 팝콘] 26.07_콘스프맛팝콘출시_ASC_전환_image (NEW),(마스터ASC)[콘스프맛 팝콘] 26.07_콘스프맛팝콘출시_ASC_전환_image (NEW),[26.07]F_I_PC혼_전환_팝콘할인페스타_혜택강조형_다이어트_.배너_주황박스.선착순300명한정.확장__김소희_260703_제과_문다현,105,1,1377.0,0
2026-07-09,[제과_단백질 쉐이크] 26.06_단백질쉐이크출시_수동_전환_video,지인네고형_0702,[26.07]F_V_SK혼_전환_단백질쉐이크출시_네고형_지인네고형_main.릴스_본론.X_2P_이유빈_260703_제과_이봄1,34,2,724.0,0
2026-07-09,[제과_단백질 쉐이크] 26.06_단백질쉐이크출시_수동_전환_video,지인네고형_0702,[26.07]F_V_SK혼_전환_단백질쉐이크출시_네고형_지인네고형_var2.릴스_선택지.X_2P_이유빈_260703_제과_이봄1,46,1,970.0,0
2026-07-09,[제과_단백질 쉐이크] 26.06_단백질쉐이크출시_ASC_전환_video,[제과_단백질 쉐이크] 26.06_단백질쉐이크출시_ASC_전환_video,[26.07]F_V_SK혼_전환_단백질쉐이크출시_네고형_지인네고형_var5.릴스_통쉐이크.X_2P_이유빈_260703_제과_이봄1,8523,483,122054.0,27
2026-07-09,[제과_단백질 쉐이크] 26.06_단백질쉐이크출시_수동_전환_video,지인네고형_0702,[26.07]F_V_SK혼_전환_단백질쉐이크출시_네고형_지인네고형_main.릴스_가격강조아몬드스윗삭제.(재)_2P_이유빈_260707_제과_이봄1 (1),20290,731,298525.0,31
2026-07-09,[제과_단백질 쉐이크] 26.06_단백질쉐이크출시_수동_전환_video,전화네고형_0702,[26.07]F_V_SK곡_전환_단백질쉐이크출시_네고형_전화네고형_var3.릴스_취식.X_2P_이유빈_260703_제과_윤성미,2856,117,68692.0,7
2026-07-10,[제과_단백질 쉐이크] 26.06_단백질쉐이크출시_수동_전환_video,지인네고형_0702,[26.07]F_V_SK혼_전환_단백질쉐이크출시_네고형_지인네고형_main.릴스_가격강조아몬드스윗삭제.(재)_2P_이유빈_260707_제과_이봄1 (1),8690,327,116045.0,20
2026-07-11,[제과_단백질 쉐이크] 26.06_단백질쉐이크출시_수동_전환_video,지인네고형_0702,[26.07]F_V_SK혼_전환_단백질쉐이크출시_네고형_지인네고형_main.릴스_가격강조아몬드스윗삭제.(재)_2P_이유빈_260707_제과_이봄1 (1),4011,166,65102.0,10
2026-07-12,[제과_단백질 쉐이크] 26.06_단백질쉐이크출시_수동_전환_video,지인네고형_0702,[26.07]F_V_SK혼_전환_단백질쉐이크출시_네고형_지인네고형_main.릴스_가격강조아몬드스윗삭제.(재)_2P_이유빈_260707_제과_이봄1 (1),3355,175,58833.0,10
2026-07-13,[제과_단백질 쉐이크] 26.06_단백질쉐이크출시_수동_전환_video,지인네고형_0702,[26.07]F_V_SK혼_전환_단백질쉐이크출시_네고형_지인네고형_main.릴스_가격강조아몬드스윗삭제.(재)_2P_이유빈_260707_제과_이봄1 (1),825,40,15830.0,1
2026-07-14,[제과_단백질 쉐이크] 26.06_단백질쉐이크출시_수동_전환_video,지인네고형_0702,[26.07]F_V_SK혼_전환_단백질쉐이크출시_네고형_지인네고형_main.릴스_가격강조아몬드스윗삭제.(재)_2P_이유빈_260707_제과_이봄1 (1),11536,449,168207.0,16
2026-07-15,[제과_단백질 쉐이크] 26.06_단백질쉐이크출시_수동_전환_video,지인네고형_0702,[26.07]F_V_SK혼_전환_단백질쉐이크출시_네고형_지인네고형_main.릴스_가격강조아몬드스윗삭제.(재)_2P_이유빈_260707_제과_이봄1 (1),7281,344,117356.0,12
2026-07-01,(마스터ASC)[제과_콘스프맛 팝콘] 26.05_콘스프맛팝콘출시_ASC_전환_video,(마스터ASC)[콘스프맛 팝콘] 26.05_콘스프맛팝콘출시_ASC_전환_video,[26.06]F_V_PC혼_전환_팝콘더블특가_기타_꼬막BP_var1.릴스_ver1.슬기.추가건PJ_1P_최나영_260623_제과_문형민,2046,26,25736.0,4
2026-07-01,(미사용) [제과_단백질 쉐이크] 26.06_단백질쉐이크출시_ASC_전환_image,[제과_단백질 쉐이크] 26.06_단백질쉐이크출시_ASC_전환_image,[26.06]F_I_SK초_전환_단백질쉐이크출시_제품강조형_라라권위_.배너_빠삐코에코코볼부은맛알죠.가격비교O.__이유빈_260701_제과_문다현,9,0,302.0,0
2026-07-02,(마스터ASC)[제과_콘스프맛 팝콘] 26.05_콘스프맛팝콘출시_ASC_전환_video,(마스터ASC)[콘스프맛 팝콘] 26.05_콘스프맛팝콘출시_ASC_전환_video,[26.06]F_V_PC혼_전환_팝콘더블특가_기타_꼬막BP_var1.릴스_ver1.슬기.추가건PJ_1P_최나영_260623_제과_문형민,4011,59,53105.0,14
2026-07-02,(미사용) [제과_단백질 쉐이크] 26.06_단백질쉐이크출시_ASC_전환_image,[제과_단백질 쉐이크] 26.06_단백질쉐이크출시_ASC_전환_image,[26.06]F_I_SK초_전환_단백질쉐이크출시_제품강조형_타사비교_.배너_5천원대랑똑같은토핑량에.__이유빈_260701_제과_김수정,32,2,1052.0,0
2026-07-02,(미사용) [제과_단백질 쉐이크] 26.06_단백질쉐이크출시_ASC_전환_image,[제과_단백질 쉐이크] 26.06_단백질쉐이크출시_ASC_전환_image,[26.06]F_I_SK초_전환_단백질쉐이크출시_제품강조형_라라권위_.배너_빠삐코에코코볼부은맛알죠.가격비교O.__이유빈_260701_제과_문다현,47,1,1372.0,0
2026-07-02,(미사용) [제과_단백질 쉐이크] 26.06_단백질쉐이크출시_ASC_전환_image,[제과_단백질 쉐이크] 26.06_단백질쉐이크출시_ASC_전환_image,[26.07]F_I_SK초_전환_단백질쉐이크출시_혜택강조형_가격메리트_.배너_육각형.3세대단쉐.확장__이유빈_260702_제과_김수정,12,1,250.0,0
2026-07-02,(미사용) [제과_단백질 쉐이크] 26.06_단백질쉐이크출시_ASC_전환_image,[제과_단백질 쉐이크] 26.06_단백질쉐이크출시_ASC_전환_image,[26.07]F_I_SK초_전환_단백질쉐이크출시_혜택강조형_가격메리트_.배너_가성비페인포인트.눅눅바삭.확장__이유빈_260702_제과_김수정,4,0,49.0,0
2026-07-02,(미사용) [제과_단백질 쉐이크] 26.06_단백질쉐이크출시_ASC_전환_image,[제과_단백질 쉐이크] 26.06_단백질쉐이크출시_ASC_전환_image,[26.07]F_I_SK초_전환_단백질쉐이크출시_혜택강조형_가격메리트_.배너_코코볼.2배찐한.확장__이유빈_260702_제과_김수정,11,0,162.0,0
2026-07-02,(미사용) [제과_단백질 쉐이크] 26.06_단백질쉐이크출시_ASC_전환_image,[제과_단백질 쉐이크] 26.06_단백질쉐이크출시_ASC_전환_image,[26.07]F_I_SK초_전환_단백질쉐이크출시_혜택강조형_가격메리트_.배너_가성비페인포인트.씹는맛이영식감부자.확장__이유빈_260702_제과_김수정,1,0,78.0,0
2026-07-02,(미사용) [제과_단백질 쉐이크] 26.06_단백질쉐이크출시_ASC_전환_image,[제과_단백질 쉐이크] 26.06_단백질쉐이크출시_ASC_전환_image,[26.07]F_I_SK초_전환_단백질쉐이크출시_혜택강조형_가격메리트_.배너_육각형.토핑채우고가격뺀.확장__이유빈_260702_제과_김수정,42,1,964.0,0
2026-07-03,(마스터ASC)[제과_콘스프맛 팝콘] 26.05_콘스프맛팝콘출시_ASC_전환_video,(마스터ASC)[콘스프맛 팝콘] 26.05_콘스프맛팝콘출시_ASC_전환_video,[26.06]F_V_PC혼_전환_팝콘더블특가_기타_꼬막BP_var1.릴스_ver1.슬기.추가건PJ_1P_최나영_260623_제과_문형민,301,3,2996.0,0
2026-07-03,(미사용) [제과_단백질 쉐이크] 26.06_단백질쉐이크출시_ASC_전환_image,[제과_단백질 쉐이크] 26.06_단백질쉐이크출시_ASC_전환_image,[26.06]F_I_SK초_전환_단백질쉐이크출시_제품강조형_타사비교_.배너_5천원대랑똑같은토핑량에.__이유빈_260701_제과_김수정,1,0,19.0,0
2026-07-03,(미사용) [제과_단백질 쉐이크] 26.06_단백질쉐이크출시_ASC_전환_image,[제과_단백질 쉐이크] 26.06_단백질쉐이크출시_ASC_전환_image,[26.06]F_I_SK초_전환_단백질쉐이크출시_제품강조형_라라권위_.배너_빠삐코에코코볼부은맛알죠.가격비교O.__이유빈_260701_제과_문다현,5,1,115.0,0
2026-07-03,[제과_콘스프맛 팝콘] 26.05_콘스프맛팝콘출시_수동_전환_image,일상다이어트_팝콘할인페스타 (~7/8),[26.07]F_I_PC혼_전환_팝콘할인페스타_혜택강조형_다이어트_.배너_당2g단짠속세맛.계단식할인.선착순.확장__김소희_260702_제과_문다현,223,4,6339.0,1
2026-07-03,(마스터ASC)[제과_콘스프맛 팝콘] 26.07_콘스프맛팝콘출시_ASC_전환_image (NEW),(마스터ASC)[콘스프맛 팝콘] 26.07_콘스프맛팝콘출시_ASC_전환_image (NEW),[26.07]F_I_PC혼_전환_팝콘할인페스타_혜택강조형_다이어트_.배너_선착순300명은또할인.pt받고먹어도됨.확장__김소희_260702_제과_문다현,227,7,3905.0,0
2026-07-03,[제과_콘스프맛 팝콘] 26.05_콘스프맛팝콘출시_수동_전환_image,일상다이어트_팝콘할인페스타 (~7/8),[26.07]F_I_PC혼_전환_팝콘할인페스타_혜택강조형_다이어트_.배너_선착순300명한정.더블로드려요.초록색.확장__김소희_260702_제과_문다현,45,2,1352.0,1
2026-07-03,[제과_콘스프맛 팝콘] 26.05_콘스프맛팝콘출시_수동_전환_image,일상다이어트_팝콘할인페스타 (~7/8),[26.07]F_I_PC혼_전환_팝콘할인페스타_혜택강조형_다이어트_.배너_선착순300명은또할인.pt받고먹어도됨.확장__김소희_260702_제과_문다현,362,9,7431.0,0
2026-07-03,(미사용) [제과_단백질 쉐이크] 26.06_단백질쉐이크출시_ASC_전환_image,[제과_단백질 쉐이크] 26.06_단백질쉐이크출시_ASC_전환_image,[26.07]F_I_SK초_전환_단백질쉐이크출시_혜택강조형_가격메리트_.배너_육각형.3세대단쉐.확장__이유빈_260702_제과_김수정,448,5,10240.0,1
2026-07-03,(미사용) [제과_단백질 쉐이크] 26.06_단백질쉐이크출시_ASC_전환_image,[제과_단백질 쉐이크] 26.06_단백질쉐이크출시_ASC_전환_image,[26.07]F_I_SK초_전환_단백질쉐이크출시_혜택강조형_가격메리트_.배너_가성비페인포인트.눅눅바삭.확장__이유빈_260702_제과_김수정,53,1,1571.0,0
2026-07-03,(미사용) [제과_단백질 쉐이크] 26.06_단백질쉐이크출시_ASC_전환_image,[제과_단백질 쉐이크] 26.06_단백질쉐이크출시_ASC_전환_image,[26.07]F_I_SK초_전환_단백질쉐이크출시_혜택강조형_가격메리트_.배너_가성비페인포인트.빨리배고픔배부른.확장__이유빈_260702_제과_김수정,12,0,368.0,0
2026-07-03,(미사용) [제과_단백질 쉐이크] 26.06_단백질쉐이크출시_ASC_전환_image,[제과_단백질 쉐이크] 26.06_단백질쉐이크출시_ASC_전환_image,[26.07]F_I_SK초_전환_단백질쉐이크출시_혜택강조형_가격메리트_.배너_가성비페인포인트.먹은것같지않음씹어먹는.확장__이유빈_260702_제과_김수정,27,0,596.0,0
2026-07-03,(미사용) [제과_단백질 쉐이크] 26.06_단백질쉐이크출시_ASC_전환_image,[제과_단백질 쉐이크] 26.06_단백질쉐이크출시_ASC_전환_image,[26.07]F_I_SK초_전환_단백질쉐이크출시_혜택강조형_가격메리트_.배너_육각형.요즘단쉐고작1천원대.확장__이유빈_260702_제과_김수정,926,24,20050.0,0
2026-07-03,(미사용) [제과_단백질 쉐이크] 26.06_단백질쉐이크출시_ASC_전환_image,[제과_단백질 쉐이크] 26.06_단백질쉐이크출시_ASC_전환_image,[26.07]F_I_SK초_전환_단백질쉐이크출시_혜택강조형_가격메리트_.배너_코코볼.2배찐한.확장__이유빈_260702_제과_김수정,10,0,155.0,0
2026-07-03,(미사용) [제과_단백질 쉐이크] 26.06_단백질쉐이크출시_ASC_전환_image,[제과_단백질 쉐이크] 26.06_단백질쉐이크출시_ASC_전환_image,[26.07]F_I_SK초_전환_단백질쉐이크출시_혜택강조형_가격메리트_.배너_가성비페인포인트.씹는맛이영식감부자.확장__이유빈_260702_제과_김수정,1,0,12.0,0
2026-07-03,(미사용) [제과_단백질 쉐이크] 26.06_단백질쉐이크출시_ASC_전환_image,[제과_단백질 쉐이크] 26.06_단백질쉐이크출시_ASC_전환_image,[26.07]F_I_SK초_전환_단백질쉐이크출시_혜택강조형_가격메리트_.배너_육각형.토핑채우고가격뺀.확장__이유빈_260702_제과_김수정,63,0,1601.0,0
2026-07-04,(마스터ASC)[제과_콘스프맛 팝콘] 26.05_콘스프맛팝콘출시_ASC_전환_video,(마스터ASC)[콘스프맛 팝콘] 26.05_콘스프맛팝콘출시_ASC_전환_video,[26.06]F_V_PC혼_전환_팝콘더블특가_기타_꼬막BP_var1.릴스_ver1.슬기.추가건PJ_1P_최나영_260623_제과_문형민,475,5,5670.0,0
2026-07-04,(미사용) [제과_단백질 쉐이크] 26.06_단백질쉐이크출시_ASC_전환_image,[제과_단백질 쉐이크] 26.06_단백질쉐이크출시_ASC_전환_image,[26.06]F_I_SK초_전환_단백질쉐이크출시_제품강조형_라라권위_.배너_빠삐코에코코볼부은맛알죠.가격비교O.__이유빈_260701_제과_문다현,122,1,2535.0,0
2026-07-04,(마스터ASC)[제과_콘스프맛 팝콘] 26.07_콘스프맛팝콘출시_ASC_전환_image (NEW),(마스터ASC)[콘스프맛 팝콘] 26.07_콘스프맛팝콘출시_ASC_전환_image (NEW),[26.07]F_I_PC혼_전환_팝콘할인페스타_혜택강조형_다이어트_.배너_선착순300명은또할인.pt받고먹어도됨.확장__김소희_260702_제과_문다현,813,7,14666.0,3
2026-07-04,[제과_콘스프맛 팝콘] 26.05_콘스프맛팝콘출시_수동_전환_image,일상다이어트_팝콘할인페스타 (~7/8),[26.07]F_I_PC혼_전환_팝콘할인페스타_혜택강조형_다이어트_.배너_선착순300명한정.더블로드려요.초록색.확장__김소희_260702_제과_문다현,17,1,595.0,0
2026-07-04,(미사용) [제과_단백질 쉐이크] 26.06_단백질쉐이크출시_ASC_전환_image,[제과_단백질 쉐이크] 26.06_단백질쉐이크출시_ASC_전환_image,[26.07]F_I_SK초_전환_단백질쉐이크출시_혜택강조형_가격메리트_.배너_가성비페인포인트.눅눅바삭.확장__이유빈_260702_제과_김수정,49,0,938.0,0
2026-07-04,(미사용) [제과_단백질 쉐이크] 26.06_단백질쉐이크출시_ASC_전환_image,[제과_단백질 쉐이크] 26.06_단백질쉐이크출시_ASC_전환_image,[26.07]F_I_SK초_전환_단백질쉐이크출시_혜택강조형_가격메리트_.배너_가성비페인포인트.빨리배고픔배부른.확장__이유빈_260702_제과_김수정,18,1,216.0,0
2026-07-04,(미사용) [제과_단백질 쉐이크] 26.06_단백질쉐이크출시_ASC_전환_image,[제과_단백질 쉐이크] 26.06_단백질쉐이크출시_ASC_전환_image,[26.07]F_I_SK초_전환_단백질쉐이크출시_혜택강조형_가격메리트_.배너_가성비페인포인트.먹은것같지않음씹어먹는.확장__이유빈_260702_제과_김수정,7,0,278.0,0
2026-07-04,(미사용) [제과_단백질 쉐이크] 26.06_단백질쉐이크출시_ASC_전환_image,[제과_단백질 쉐이크] 26.06_단백질쉐이크출시_ASC_전환_image,[26.07]F_I_SK초_전환_단백질쉐이크출시_혜택강조형_가격메리트_.배너_코코볼.2배찐한.확장__이유빈_260702_제과_김수정,126,2,2899.0,0
2026-07-04,(미사용) [제과_단백질 쉐이크] 26.06_단백질쉐이크출시_ASC_전환_image,[제과_단백질 쉐이크] 26.06_단백질쉐이크출시_ASC_전환_image,[26.07]F_I_SK초_전환_단백질쉐이크출시_혜택강조형_가격메리트_.배너_가성비페인포인트.씹는맛이영식감부자.확장__이유빈_260702_제과_김수정,4,0,134.0,0
2026-07-04,(미사용) [제과_단백질 쉐이크] 26.06_단백질쉐이크출시_ASC_전환_image,[제과_단백질 쉐이크] 26.06_단백질쉐이크출시_ASC_전환_image,[26.07]F_I_SK초_전환_단백질쉐이크출시_혜택강조형_가격메리트_.배너_육각형.토핑채우고가격뺀.확장__이유빈_260702_제과_김수정,82,3,1846.0,0
2026-07-04,[제과_콘스프맛 팝콘] 26.05_콘스프맛팝콘출시_수동_전환_video,지인네고형(러닝)_팝콘할인페스타_콘스프맛 (~7/8),[26.07]F_V_PC콘_전환_팝콘할인페스타_네고형_지인네고형.다이어트_main.릴스_메인.슬기.X_1P_김소희_260703_제과_문형민,367,3,6146.0,0
2026-07-04,[제과_콘스프맛 팝콘] 26.05_콘스프맛팝콘출시_수동_전환_video,지인네고형(러닝)_팝콘할인페스타_콘스프맛 (~7/8),[26.07]F_V_PC콘_전환_팝콘할인페스타_네고형_지인네고형.다이어트_var1.릴스_운동상황강조ver1.슬기.X_1P_김소희_260703_제과_문형민,808,16,19624.0,0
2026-07-04,(마스터ASC)[제과_콘스프맛 팝콘] 26.05_콘스프맛팝콘출시_ASC_전환_video,(마스터ASC)[콘스프맛 팝콘] 26.05_콘스프맛팝콘출시_ASC_전환_video,[26.07]F_V_PC콘_전환_팝콘할인페스타_네고형_지인네고형.다이어트_var1.릴스_운동상황강조ver1.슬기.X_1P_김소희_260703_제과_문형민,27,3,878.0,0
2026-07-04,[제과_단백질 쉐이크] 26.06_단백질쉐이크출시_ASC_전환_video,[제과_단백질 쉐이크] 26.06_단백질쉐이크출시_ASC_전환_video,[26.07]F_V_SK혼_전환_단백질쉐이크출시_네고형_역네고형_var4.릴스_가격강조.X_2P_이유빈_260703_제과_이미진,460,37,8309.0,5
2026-07-04,[제과_단백질 쉐이크] 26.06_단백질쉐이크출시_ASC_전환_video,[제과_단백질 쉐이크] 26.06_단백질쉐이크출시_ASC_전환_video,[26.07]F_V_SK혼_전환_단백질쉐이크출시_네고형_역네고형_var3.릴스_신상강조.X_2P_이유빈_260703_제과_이미진,395,27,6499.0,1
2026-07-04,[제과_단백질 쉐이크] 26.06_단백질쉐이크출시_ASC_전환_video,[제과_단백질 쉐이크] 26.06_단백질쉐이크출시_ASC_전환_video,[26.07]F_V_SK혼_전환_단백질쉐이크출시_네고형_역네고형_main.릴스_공통시작.X_2P_이유빈_260703_제과_이미진,170,5,3685.0,0
2026-07-04,[제과_단백질 쉐이크] 26.06_단백질쉐이크출시_수동_전환_video,네고형_0702,[26.07]F_V_SK혼_전환_단백질쉐이크출시_네고형_역네고형_main.릴스_가격강조아몬드스윗삭제.(재)_2P_이유빈_260707_제과_이미진,4461,214,82150.0,17
2026-07-04,[제과_단백질 쉐이크] 26.06_단백질쉐이크출시_수동_전환_video,네고형_0702,[26.07]F_V_SK혼_전환_단백질쉐이크출시_네고형_역네고형_var3.릴스_신상강조.X_2P_이유빈_260703_제과_이미진,1768,119,30372.0,1
2026-07-04,[제과_단백질 쉐이크] 26.06_단백질쉐이크출시_수동_전환_video,네고형_0702,[26.07]F_V_SK혼_전환_단백질쉐이크출시_네고형_역네고형_var2.릴스_취식.X_2P_이유빈_260703_제과_이미진,704,26,11349.0,1
2026-07-05,(마스터ASC)[제과_콘스프맛 팝콘] 26.05_콘스프맛팝콘출시_ASC_전환_video,(마스터ASC)[콘스프맛 팝콘] 26.05_콘스프맛팝콘출시_ASC_전환_video,[26.06]F_V_PC혼_전환_팝콘더블특가_기타_꼬막BP_var1.릴스_ver1.슬기.추가건PJ_1P_최나영_260623_제과_문형민,150,1,1701.0,0
2026-07-05,(미사용) [제과_단백질 쉐이크] 26.06_단백질쉐이크출시_ASC_전환_image,[제과_단백질 쉐이크] 26.06_단백질쉐이크출시_ASC_전환_image,[26.06]F_I_SK초_전환_단백질쉐이크출시_제품강조형_라라권위_.배너_빠삐코에코코볼부은맛알죠.가격비교O.__이유빈_260701_제과_문다현,86,3,1681.0,0
2026-07-05,(마스터ASC)[제과_콘스프맛 팝콘] 26.07_콘스프맛팝콘출시_ASC_전환_image (NEW),(마스터ASC)[콘스프맛 팝콘] 26.07_콘스프맛팝콘출시_ASC_전환_image (NEW),[26.07]F_I_PC혼_전환_팝콘할인페스타_혜택강조형_다이어트_.배너_선착순300명은또할인.pt받고먹어도됨.확장__김소희_260702_제과_문다현,632,18,12889.0,1
2026-07-05,[제과_콘스프맛 팝콘] 26.05_콘스프맛팝콘출시_수동_전환_image,일상다이어트_팝콘할인페스타 (~7/8),[26.07]F_I_PC혼_전환_팝콘할인페스타_혜택강조형_다이어트_.배너_선착순300명한정.더블로드려요.초록색.확장__김소희_260702_제과_문다현,9,0,329.0,0
2026-07-05,(미사용) [제과_단백질 쉐이크] 26.06_단백질쉐이크출시_ASC_전환_image,[제과_단백질 쉐이크] 26.06_단백질쉐이크출시_ASC_전환_image,[26.07]F_I_SK초_전환_단백질쉐이크출시_혜택강조형_가격메리트_.배너_코코볼.2배찐한.확장__이유빈_260702_제과_김수정,27,0,535.0,0
2026-07-05,[제과_콘스프맛 팝콘] 26.05_콘스프맛팝콘출시_수동_전환_video,지인네고형(러닝)_팝콘할인페스타_콘스프맛 (~7/8),[26.07]F_V_PC콘_전환_팝콘할인페스타_네고형_지인네고형.다이어트_main.릴스_메인.슬기.X_1P_김소희_260703_제과_문형민,19,1,418.0,1
2026-07-05,[제과_콘스프맛 팝콘] 26.05_콘스프맛팝콘출시_수동_전환_video,지인네고형(러닝)_팝콘할인페스타_콘스프맛 (~7/8),[26.07]F_V_PC콘_전환_팝콘할인페스타_네고형_지인네고형.다이어트_var1.릴스_운동상황강조ver1.슬기.X_1P_김소희_260703_제과_문형민,171,6,4346.0,0
2026-07-05,(마스터ASC)[제과_콘스프맛 팝콘] 26.05_콘스프맛팝콘출시_ASC_전환_video,(마스터ASC)[콘스프맛 팝콘] 26.05_콘스프맛팝콘출시_ASC_전환_video,[26.07]F_V_PC콘_전환_팝콘할인페스타_네고형_지인네고형.다이어트_var1.릴스_운동상황강조ver1.슬기.X_1P_김소희_260703_제과_문형민,33,0,895.0,0
2026-07-05,[제과_단백질 쉐이크] 26.06_단백질쉐이크출시_ASC_전환_video,[제과_단백질 쉐이크] 26.06_단백질쉐이크출시_ASC_전환_video,[26.07]F_V_SK혼_전환_단백질쉐이크출시_네고형_역네고형_var4.릴스_가격강조.X_2P_이유빈_260703_제과_이미진,473,24,7684.0,2
2026-07-05,[제과_단백질 쉐이크] 26.06_단백질쉐이크출시_ASC_전환_video,[제과_단백질 쉐이크] 26.06_단백질쉐이크출시_ASC_전환_video,[26.07]F_V_SK혼_전환_단백질쉐이크출시_네고형_역네고형_var3.릴스_신상강조.X_2P_이유빈_260703_제과_이미진,610,34,10595.0,1
2026-07-05,[제과_단백질 쉐이크] 26.06_단백질쉐이크출시_ASC_전환_video,[제과_단백질 쉐이크] 26.06_단백질쉐이크출시_ASC_전환_video,[26.07]F_V_SK혼_전환_단백질쉐이크출시_네고형_역네고형_main.릴스_공통시작.X_2P_이유빈_260703_제과_이미진,8,2,157.0,0
2026-07-05,[제과_단백질 쉐이크] 26.06_단백질쉐이크출시_수동_전환_video,네고형_0702,[26.07]F_V_SK혼_전환_단백질쉐이크출시_네고형_역네고형_main.릴스_가격강조아몬드스윗삭제.(재)_2P_이유빈_260707_제과_이미진,23085,1126,316374.0,61
2026-07-06,(마스터ASC)[제과_콘스프맛 팝콘] 26.05_콘스프맛팝콘출시_ASC_전환_video,(마스터ASC)[콘스프맛 팝콘] 26.05_콘스프맛팝콘출시_ASC_전환_video,[26.06]F_V_PC혼_전환_팝콘더블특가_기타_꼬막BP_var1.릴스_ver1.슬기.추가건PJ_1P_최나영_260623_제과_문형민,3107,31,29390.0,5
2026-07-06,(미사용) [제과_단백질 쉐이크] 26.06_단백질쉐이크출시_ASC_전환_image,[제과_단백질 쉐이크] 26.06_단백질쉐이크출시_ASC_전환_image,[26.06]F_I_SK초_전환_단백질쉐이크출시_제품강조형_타사비교_.배너_5천원대랑똑같은토핑량에.__이유빈_260701_제과_김수정,316,7,8423.0,1
2026-07-06,(미사용) [제과_단백질 쉐이크] 26.06_단백질쉐이크출시_ASC_전환_image,[제과_단백질 쉐이크] 26.06_단백질쉐이크출시_ASC_전환_image,[26.06]F_I_SK초_전환_단백질쉐이크출시_제품강조형_라라권위_.배너_빠삐코에코코볼부은맛알죠.가격비교O.__이유빈_260701_제과_문다현,525,15,9371.0,1
2026-07-06,(미사용) [제과_단백질 쉐이크] 26.06_단백질쉐이크출시_ASC_전환_image,[제과_단백질 쉐이크] 26.06_단백질쉐이크출시_ASC_전환_image,[26.07]F_I_SK초_전환_단백질쉐이크출시_혜택강조형_가격메리트_.배너_코코볼.2배찐한.확장__이유빈_260702_제과_김수정,12,0,348.0,0
2026-07-06,(미사용) [제과_단백질 쉐이크] 26.06_단백질쉐이크출시_ASC_전환_image,[제과_단백질 쉐이크] 26.06_단백질쉐이크출시_ASC_전환_image,[26.07]F_I_SK초_전환_단백질쉐이크출시_혜택강조형_가격메리트_.배너_육각형.토핑채우고가격뺀.확장__이유빈_260702_제과_김수정,2,0,39.0,0
2026-07-06,[제과_콘스프맛 팝콘] 26.05_콘스프맛팝콘출시_수동_전환_video,지인네고형(러닝)_팝콘할인페스타_콘스프맛 (~7/8),[26.07]F_V_PC콘_전환_팝콘할인페스타_네고형_지인네고형.다이어트_main.릴스_메인.슬기.X_1P_김소희_260703_제과_문형민,51,2,1090.0,0
2026-07-06,[제과_콘스프맛 팝콘] 26.05_콘스프맛팝콘출시_수동_전환_video,지인네고형(러닝)_팝콘할인페스타_콘스프맛 (~7/8),[26.07]F_V_PC콘_전환_팝콘할인페스타_네고형_지인네고형.다이어트_var1.릴스_운동상황강조ver1.슬기.X_1P_김소희_260703_제과_문형민,99,4,2719.0,0
2026-07-06,(마스터ASC)[제과_콘스프맛 팝콘] 26.05_콘스프맛팝콘출시_ASC_전환_video,(마스터ASC)[콘스프맛 팝콘] 26.05_콘스프맛팝콘출시_ASC_전환_video,[26.07]F_V_PC콘_전환_팝콘할인페스타_네고형_지인네고형.다이어트_var1.릴스_운동상황강조ver1.슬기.X_1P_김소희_260703_제과_문형민,14,0,238.0,0
2026-07-06,[제과_단백질 쉐이크] 26.06_단백질쉐이크출시_ASC_전환_video,[제과_단백질 쉐이크] 26.06_단백질쉐이크출시_ASC_전환_video,[26.07]F_V_SK혼_전환_단백질쉐이크출시_네고형_역네고형_var4.릴스_가격강조.X_2P_이유빈_260703_제과_이미진,1965,70,35979.0,6
2026-07-06,[제과_단백질 쉐이크] 26.06_단백질쉐이크출시_ASC_전환_video,[제과_단백질 쉐이크] 26.06_단백질쉐이크출시_ASC_전환_video,[26.07]F_V_SK혼_전환_단백질쉐이크출시_네고형_역네고형_main.릴스_공통시작.X_2P_이유빈_260703_제과_이미진,2,0,79.0,0
2026-07-06,[제과_단백질 쉐이크] 26.06_단백질쉐이크출시_수동_전환_video,네고형_0702,[26.07]F_V_SK혼_전환_단백질쉐이크출시_네고형_역네고형_main.릴스_가격강조아몬드스윗삭제.(재)_2P_이유빈_260707_제과_이미진,45001,1775,650335.0,121
2026-07-07,(마스터ASC)[제과_콘스프맛 팝콘] 26.05_콘스프맛팝콘출시_ASC_전환_video,(마스터ASC)[콘스프맛 팝콘] 26.05_콘스프맛팝콘출시_ASC_전환_video,[26.06]F_V_PC혼_전환_팝콘더블특가_기타_꼬막BP_var1.릴스_ver1.슬기.추가건PJ_1P_최나영_260623_제과_문형민,1504,20,14819.0,4
2026-07-07,(미사용) [제과_단백질 쉐이크] 26.06_단백질쉐이크출시_ASC_전환_image,[제과_단백질 쉐이크] 26.06_단백질쉐이크출시_ASC_전환_image,[26.06]F_I_SK초_전환_단백질쉐이크출시_제품강조형_타사비교_.배너_5천원대랑똑같은토핑량에.__이유빈_260701_제과_김수정,404,5,9339.0,0
2026-07-07,(미사용) [제과_단백질 쉐이크] 26.06_단백질쉐이크출시_ASC_전환_image,[제과_단백질 쉐이크] 26.06_단백질쉐이크출시_ASC_전환_image,[26.07]F_I_SK초_전환_단백질쉐이크출시_혜택강조형_가격메리트_.배너_가성비페인포인트.먹은것같지않음씹어먹는.확장__이유빈_260702_제과_김수정,177,4,5355.0,0
2026-07-07,(미사용) [제과_단백질 쉐이크] 26.06_단백질쉐이크출시_ASC_전환_image,[제과_단백질 쉐이크] 26.06_단백질쉐이크출시_ASC_전환_image,[26.07]F_I_SK초_전환_단백질쉐이크출시_혜택강조형_가격메리트_.배너_코코볼.2배찐한.확장__이유빈_260702_제과_김수정,7,0,109.0,0
2026-07-07,(미사용) [제과_단백질 쉐이크] 26.06_단백질쉐이크출시_ASC_전환_image,[제과_단백질 쉐이크] 26.06_단백질쉐이크출시_ASC_전환_image,[26.07]F_I_SK초_전환_단백질쉐이크출시_혜택강조형_가격메리트_.배너_가성비페인포인트.씹는맛이영식감부자.확장__이유빈_260702_제과_김수정,17,0,451.0,0
2026-07-07,(미사용) [제과_단백질 쉐이크] 26.06_단백질쉐이크출시_ASC_전환_image,[제과_단백질 쉐이크] 26.06_단백질쉐이크출시_ASC_전환_image,[26.07]F_I_SK초_전환_단백질쉐이크출시_혜택강조형_가격메리트_.배너_육각형.토핑채우고가격뺀.확장__이유빈_260702_제과_김수정,477,11,12492.0,0
2026-07-07,[제과_콘스프맛 팝콘] 26.05_콘스프맛팝콘출시_수동_전환_video,지인네고형(러닝)_팝콘할인페스타_콘스프맛 (~7/8),[26.07]F_V_PC콘_전환_팝콘할인페스타_네고형_지인네고형.다이어트_main.릴스_메인.슬기.X_1P_김소희_260703_제과_문형민,1343,19,33593.0,6
2026-07-07,[제과_콘스프맛 팝콘] 26.05_콘스프맛팝콘출시_수동_전환_video,지인네고형(러닝)_팝콘할인페스타_콘스프맛 (~7/8),[26.07]F_V_PC콘_전환_팝콘할인페스타_네고형_지인네고형.다이어트_var1.릴스_운동상황강조ver1.슬기.X_1P_김소희_260703_제과_문형민,972,21,23324.0,5
2026-07-07,(마스터ASC)[제과_콘스프맛 팝콘] 26.05_콘스프맛팝콘출시_ASC_전환_video,(마스터ASC)[콘스프맛 팝콘] 26.05_콘스프맛팝콘출시_ASC_전환_video,[26.07]F_V_PC콘_전환_팝콘할인페스타_네고형_지인네고형.다이어트_var1.릴스_운동상황강조ver1.슬기.X_1P_김소희_260703_제과_문형민,1,0,7.0,0
2026-07-07,[제과_단백질 쉐이크] 26.06_단백질쉐이크출시_ASC_전환_video,[제과_단백질 쉐이크] 26.06_단백질쉐이크출시_ASC_전환_video,[26.07]F_V_SK혼_전환_단백질쉐이크출시_네고형_역네고형_var4.릴스_가격강조.X_2P_이유빈_260703_제과_이미진,388,18,9787.0,1
2026-07-07,[제과_단백질 쉐이크] 26.06_단백질쉐이크출시_ASC_전환_video,[제과_단백질 쉐이크] 26.06_단백질쉐이크출시_ASC_전환_video,[26.07]F_V_SK혼_전환_단백질쉐이크출시_네고형_역네고형_main.릴스_공통시작.X_2P_이유빈_260703_제과_이미진,1,0,27.0,0
2026-07-08,(마스터ASC)[제과_콘스프맛 팝콘] 26.05_콘스프맛팝콘출시_ASC_전환_video,(마스터ASC)[콘스프맛 팝콘] 26.05_콘스프맛팝콘출시_ASC_전환_video,[26.06]F_V_PC혼_전환_팝콘더블특가_기타_꼬막BP_var1.릴스_ver1.슬기.추가건PJ_1P_최나영_260623_제과_문형민,46,2,1031.0,0
2026-07-08,(미사용) [제과_단백질 쉐이크] 26.06_단백질쉐이크출시_ASC_전환_image,[제과_단백질 쉐이크] 26.06_단백질쉐이크출시_ASC_전환_image,[26.07]F_I_SK초_전환_단백질쉐이크출시_혜택강조형_가격메리트_.배너_가성비페인포인트.먹은것같지않음씹어먹는.확장__이유빈_260702_제과_김수정,64,2,2128.0,0
2026-07-08,(미사용) [제과_단백질 쉐이크] 26.06_단백질쉐이크출시_ASC_전환_image,[제과_단백질 쉐이크] 26.06_단백질쉐이크출시_ASC_전환_image,[26.07]F_I_SK초_전환_단백질쉐이크출시_혜택강조형_가격메리트_.배너_코코볼.2배찐한.확장__이유빈_260702_제과_김수정,9,0,138.0,0
2026-07-08,(미사용) [제과_단백질 쉐이크] 26.06_단백질쉐이크출시_ASC_전환_image,[제과_단백질 쉐이크] 26.06_단백질쉐이크출시_ASC_전환_image,[26.07]F_I_SK초_전환_단백질쉐이크출시_혜택강조형_가격메리트_.배너_가성비페인포인트.씹는맛이영식감부자.확장__이유빈_260702_제과_김수정,5,0,55.0,0
2026-07-08,[제과_콘스프맛 팝콘] 26.05_콘스프맛팝콘출시_수동_전환_video,지인네고형(러닝)_팝콘할인페스타_콘스프맛 (~7/8),[26.07]F_V_PC콘_전환_팝콘할인페스타_네고형_지인네고형.다이어트_main.릴스_메인.슬기.X_1P_김소희_260703_제과_문형민,186,5,4712.0,2
2026-07-08,[제과_콘스프맛 팝콘] 26.05_콘스프맛팝콘출시_수동_전환_video,지인네고형(러닝)_팝콘할인페스타_콘스프맛 (~7/8),[26.07]F_V_PC콘_전환_팝콘할인페스타_네고형_지인네고형.다이어트_var1.릴스_운동상황강조ver1.슬기.X_1P_김소희_260703_제과_문형민,106,3,2910.0,0
2026-07-08,[제과_단백질 쉐이크] 26.06_단백질쉐이크출시_ASC_전환_video,[제과_단백질 쉐이크] 26.06_단백질쉐이크출시_ASC_전환_video,[26.07]F_V_SK혼_전환_단백질쉐이크출시_네고형_역네고형_var4.릴스_가격강조.X_2P_이유빈_260703_제과_이미진,781,23,14912.0,1
2026-07-09,(마스터ASC)[제과_콘스프맛 팝콘] 26.05_콘스프맛팝콘출시_ASC_전환_video,(마스터ASC)[콘스프맛 팝콘] 26.05_콘스프맛팝콘출시_ASC_전환_video,[26.06]F_V_PC혼_전환_팝콘더블특가_기타_꼬막BP_var1.릴스_ver1.슬기.추가건PJ_1P_최나영_260623_제과_문형민,1651,31,18560.0,2
2026-07-09,(미사용) [제과_단백질 쉐이크] 26.06_단백질쉐이크출시_ASC_전환_image,[제과_단백질 쉐이크] 26.06_단백질쉐이크출시_ASC_전환_image,[26.07]F_I_SK초_전환_단백질쉐이크출시_혜택강조형_가격메리트_.배너_가성비페인포인트.눅눅바삭.확장__이유빈_260702_제과_김수정,66,1,1645.0,0
2026-07-09,(미사용) [제과_단백질 쉐이크] 26.06_단백질쉐이크출시_ASC_전환_image,[제과_단백질 쉐이크] 26.06_단백질쉐이크출시_ASC_전환_image,[26.07]F_I_SK초_전환_단백질쉐이크출시_혜택강조형_가격메리트_.배너_가성비페인포인트.먹은것같지않음씹어먹는.확장__이유빈_260702_제과_김수정,292,7,9080.0,1
2026-07-09,(미사용) [제과_단백질 쉐이크] 26.06_단백질쉐이크출시_ASC_전환_image,[제과_단백질 쉐이크] 26.06_단백질쉐이크출시_ASC_전환_image,[26.07]F_I_SK초_전환_단백질쉐이크출시_혜택강조형_가격메리트_.배너_코코볼.2배찐한.확장__이유빈_260702_제과_김수정,8,0,253.0,0
2026-07-09,(미사용) [제과_단백질 쉐이크] 26.06_단백질쉐이크출시_ASC_전환_image,[제과_단백질 쉐이크] 26.06_단백질쉐이크출시_ASC_전환_image,[26.07]F_I_SK초_전환_단백질쉐이크출시_혜택강조형_가격메리트_.배너_가성비페인포인트.씹는맛이영식감부자.확장__이유빈_260702_제과_김수정,40,1,1134.0,0
2026-07-09,[제과_콘스프맛 팝콘] 26.05_콘스프맛팝콘출시_수동_전환_video,지인네고형(러닝)_팝콘할인페스타_콘스프맛 (~7/8),[26.07]F_V_PC콘_전환_팝콘할인페스타_네고형_지인네고형.다이어트_main.릴스_메인.슬기.X_1P_김소희_260703_제과_문형민,40,1,785.0,2
2026-07-09,[제과_콘스프맛 팝콘] 26.05_콘스프맛팝콘출시_수동_전환_video,지인네고형(러닝)_팝콘할인페스타_콘스프맛 (~7/8),[26.07]F_V_PC콘_전환_팝콘할인페스타_네고형_지인네고형.다이어트_var1.릴스_운동상황강조ver1.슬기.X_1P_김소희_260703_제과_문형민,2,0,61.0,0
2026-07-09,[제과_단백질 쉐이크] 26.06_단백질쉐이크출시_ASC_전환_video,[제과_단백질 쉐이크] 26.06_단백질쉐이크출시_ASC_전환_video,[26.07]F_V_SK혼_전환_단백질쉐이크출시_네고형_역네고형_main.릴스_공통시작.X_2P_이유빈_260703_제과_이미진,3,0,41.0,0
2026-07-10,[제과_콘스프맛 팝콘] 26.05_콘스프맛팝콘출시_수동_전환_video,지인네고형(러닝)_팝콘할인페스타_콘스프맛 (~7/8),[26.07]F_V_PC콘_전환_팝콘할인페스타_네고형_지인네고형.다이어트_main.릴스_메인.슬기.X_1P_김소희_260703_제과_문형민,3,0,169.0,0
2026-07-11,[제과_단백질 쉐이크] 26.06_단백질쉐이크출시_수동_전환_video,네고형_0702,[26.07]F_V_SK혼_전환_단백질쉐이크출시_네고형_역네고형_main.릴스_가격강조아몬드스윗삭제.(재)_2P_이유빈_260707_제과_이미진,16805,605,263933.0,38
2026-07-12,[제과_콘스프맛 팝콘] 26.05_콘스프맛팝콘출시_수동_전환_video,지인네고형(러닝)_팝콘할인페스타_콘스프맛 (~7/8),[26.07]F_V_PC콘_전환_팝콘할인페스타_네고형_지인네고형.다이어트_main.릴스_메인.슬기.X_1P_김소희_260703_제과_문형민,53,3,1386.0,0
2026-07-12,[제과_콘스프맛 팝콘] 26.05_콘스프맛팝콘출시_수동_전환_video,지인네고형(러닝)_팝콘할인페스타_콘스프맛 (~7/8),[26.07]F_V_PC콘_전환_팝콘할인페스타_네고형_지인네고형.다이어트_var1.릴스_운동상황강조ver1.슬기.X_1P_김소희_260703_제과_문형민,2,0,16.0,0
2026-07-12,[제과_단백질 쉐이크] 26.06_단백질쉐이크출시_수동_전환_video,네고형_0702,[26.07]F_V_SK혼_전환_단백질쉐이크출시_네고형_역네고형_main.릴스_가격강조아몬드스윗삭제.(재)_2P_이유빈_260707_제과_이미진,2905,115,46769.0,5
2026-07-13,[제과_콘스프맛 팝콘] 26.05_콘스프맛팝콘출시_수동_전환_video,지인네고형(러닝)_팝콘할인페스타_콘스프맛 (~7/8),[26.07]F_V_PC콘_전환_팝콘할인페스타_네고형_지인네고형.다이어트_main.릴스_메인.슬기.X_1P_김소희_260703_제과_문형민,58,1,981.0,0
2026-07-13,[제과_단백질 쉐이크] 26.06_단백질쉐이크출시_수동_전환_video,네고형_0702,[26.07]F_V_SK혼_전환_단백질쉐이크출시_네고형_역네고형_main.릴스_가격강조아몬드스윗삭제.(재)_2P_이유빈_260707_제과_이미진,1187,52,23213.0,4
2026-07-14,[제과_콘스프맛 팝콘] 26.05_콘스프맛팝콘출시_수동_전환_video,지인네고형(러닝)_팝콘할인페스타_콘스프맛 (~7/8),[26.07]F_V_PC콘_전환_팝콘할인페스타_네고형_지인네고형.다이어트_main.릴스_메인.슬기.X_1P_김소희_260703_제과_문형민,71,0,1301.0,0
2026-07-14,[제과_단백질 쉐이크] 26.06_단백질쉐이크출시_수동_전환_video,네고형_0702,[26.07]F_V_SK혼_전환_단백질쉐이크출시_네고형_역네고형_main.릴스_가격강조아몬드스윗삭제.(재)_2P_이유빈_260707_제과_이미진,5617,236,89780.0,12
2026-07-15,[제과_단백질 쉐이크] 26.06_단백질쉐이크출시_수동_전환_video,네고형_0702,[26.07]F_V_SK혼_전환_단백질쉐이크출시_네고형_역네고형_main.릴스_가격강조아몬드스윗삭제.(재)_2P_이유빈_260707_제과_이미진,3217,124,53647.0,8
2026-07-01,(미사용) [제과_단백질 쉐이크] 26.06_단백질쉐이크출시_ASC_전환_image,[제과_단백질 쉐이크] 26.06_단백질쉐이크출시_ASC_전환_image,[26.06]F_I_SK초_전환_단백질쉐이크출시_제품강조형_밍밍함.페인포인트_.배너_진한맛.__이유빈_260623_제과_김나현,2525,33,41841.0,7
2026-07-01,(미사용) [제과_단백질 쉐이크] 26.06_단백질쉐이크출시_ASC_전환_image,[제과_단백질 쉐이크] 26.06_단백질쉐이크출시_ASC_전환_image,[26.06]F_I_SK곡_전환_단백질쉐이크출시_제품강조형_원재료강조_.배너_검정쌀현미파로볼.토핑6종.가격비교O.__이유빈_260701_제과_문다현,18,1,598.0,0
2026-07-02,(미사용) [제과_단백질 쉐이크] 26.06_단백질쉐이크출시_ASC_전환_image,[제과_단백질 쉐이크] 26.06_단백질쉐이크출시_ASC_전환_image,[26.06]F_I_SK초_전환_단백질쉐이크출시_제품강조형_밍밍함.페인포인트_.배너_진한맛.__이유빈_260623_제과_김나현,4,1,215.0,0
2026-07-02,(미사용) [제과_단백질 쉐이크] 26.06_단백질쉐이크출시_ASC_전환_image,[제과_단백질 쉐이크] 26.06_단백질쉐이크출시_ASC_전환_image,[26.06]F_I_SK곡_전환_단백질쉐이크출시_제품강조형_원재료강조_.배너_검정쌀현미파로볼.토핑6종.가격비교O.__이유빈_260701_제과_문다현,41,0,1387.0,0
2026-07-02,[제과_콘스프맛 팝콘] 26.05_콘스프맛팝콘출시_수동_전환_image,오늘까지만_앵콜더블특가 (~7/1),[26.06]F_I_PC혼_전환_팝콘더블특가_매거진형_다이어트_.배너_오늘자정마감.해시태그.요요.입터짐방지템.확장__김소희_260701_제과_문다현,35,1,1073.0,0
2026-07-02,(미사용) [제과_단백질 쉐이크] 26.06_단백질쉐이크출시_ASC_전환_image,[제과_단백질 쉐이크] 26.06_단백질쉐이크출시_ASC_전환_image,[26.06]F_I_SK곡_전환_단백질쉐이크출시_제품강조형_타사비교_.배너_저가비교.가격저렴하면.__이유빈_260701_제과_김수정,21,1,634.0,0
2026-07-02,(미사용) [제과_단백질 쉐이크] 26.06_단백질쉐이크출시_ASC_전환_image,[제과_단백질 쉐이크] 26.06_단백질쉐이크출시_ASC_전환_image,[26.06]F_I_SK곡_전환_단백질쉐이크출시_제품강조형_타사비교_.배너_저가비교.시리얼말먹수준토핑.__이유빈_260701_제과_김수정,25,1,433.0,0
2026-07-02,(미사용) [제과_단백질 쉐이크] 26.06_단백질쉐이크출시_ASC_전환_image,[제과_단백질 쉐이크] 26.06_단백질쉐이크출시_ASC_전환_image,[26.06]F_I_SK초_전환_단백질쉐이크출시_제품강조형_타사비교_.배너_저가비교.가성비단쉐중.__이유빈_260701_제과_김수정,512,17,14804.0,3
2026-07-02,(미사용) [제과_단백질 쉐이크] 26.06_단백질쉐이크출시_ASC_전환_image,[제과_단백질 쉐이크] 26.06_단백질쉐이크출시_ASC_전환_image,[26.06]F_I_SK초_전환_단백질쉐이크출시_제품강조형_타사비교_.배너_저가비교.이만한토핑양이1천원대.__이유빈_260701_제과_김수정,104,3,3215.0,0
2026-07-02,(미사용) [제과_단백질 쉐이크] 26.06_단백질쉐이크출시_ASC_전환_image,[제과_단백질 쉐이크] 26.06_단백질쉐이크출시_ASC_전환_image,[26.06]F_I_SK혼_전환_단백질쉐이크출시_제품강조형_타사비교_.배너_저가비교.남들싸게판다고.__이유빈_260701_제과_김수정,680,20,21012.0,2
2026-07-02,(미사용) [제과_단백질 쉐이크] 26.06_단백질쉐이크출시_ASC_전환_image,[제과_단백질 쉐이크] 26.06_단백질쉐이크출시_ASC_전환_image,[26.06]F_I_SK혼_전환_단백질쉐이크출시_제품강조형_타사비교_.배너_저가비교.싸면토핑도적어서.__이유빈_260701_제과_김수정,43,1,1117.0,0
2026-07-02,[제과_콘스프맛 팝콘] 26.05_콘스프맛팝콘출시_수동_전환_video,공구네고형_팝콘할인페스타 (~7/8),[26.07]F_V_PC콘_전환_팝콘할인페스타_네고형_공구네고형.다이어트_var2.릴스_성분당류.슬기.X_1P_김소희_260702_제과_강경연,617,12,10664.0,2
2026-07-02,[제과_콘스프맛 팝콘] 26.05_콘스프맛팝콘출시_수동_전환_video,공구네고형_팝콘할인페스타 (~7/8),[26.07]F_V_PC콘_전환_팝콘할인페스타_네고형_공구네고형.다이어트_var1.릴스_숏버전.슬기.X_1P_김소희_260702_제과_강경연,3,0,211.0,0
2026-07-02,[제과_콘스프맛 팝콘] 26.05_콘스프맛팝콘출시_수동_전환_video,공구네고형_팝콘할인페스타 (~7/8),[26.07]F_V_PC콘_전환_팝콘할인페스타_네고형_공구네고형.다이어트_main.릴스_메인.슬기.X_1P_김소희_260702_제과_강경연,82,1,1582.0,0
2026-07-02,(마스터ASC)[제과_콘스프맛 팝콘] 26.05_콘스프맛팝콘출시_ASC_전환_video,(마스터ASC)[콘스프맛 팝콘] 26.05_콘스프맛팝콘출시_ASC_전환_video,[26.07]F_V_PC콘_전환_팝콘할인페스타_네고형_공구네고형.다이어트_var1.릴스_숏버전.슬기.X_1P_김소희_260702_제과_강경연,272,5,4689.0,0
2026-07-02,(마스터ASC)[제과_콘스프맛 팝콘] 26.05_콘스프맛팝콘출시_ASC_전환_video,(마스터ASC)[콘스프맛 팝콘] 26.05_콘스프맛팝콘출시_ASC_전환_video,[26.07]F_V_PC콘_전환_팝콘할인페스타_네고형_공구네고형.다이어트_var2.릴스_성분당류.슬기.X_1P_김소희_260702_제과_강경연,1330,34,24915.0,6
2026-07-02,[제과_콘스프맛 팝콘] 26.05_콘스프맛팝콘출시_수동_전환_video,공구네고형_팝콘할인페스타 (~7/8),[26.07]F_V_PC콘_전환_팝콘할인페스타_네고형_공구네고형.다이어트_var4.릴스_속세맛.슬기.X_1P_김소희_260702_제과_강경연,433,9,7139.0,2
2026-07-02,[제과_콘스프맛 팝콘] 26.05_콘스프맛팝콘출시_수동_전환_video,공구네고형_팝콘할인페스타 (~7/8),[26.07]F_V_PC콘_전환_팝콘할인페스타_네고형_공구네고형.다이어트_var5.릴스_BP그대로.슬기.X_1P_김소희_260702_제과_강경연,440,5,8095.0,0
2026-07-02,[제과_콘스프맛 팝콘] 26.05_콘스프맛팝콘출시_수동_전환_video,공구네고형_팝콘할인페스타 (~7/8),[26.07]F_V_PC콘_전환_팝콘할인페스타_네고형_공구네고형.다이어트_var3.릴스_여름관리템다이어트.슬기.X_1P_김소희_260702_제과_강경연,689,15,11109.0,1
2026-07-02,(마스터ASC)[제과_콘스프맛 팝콘] 26.05_콘스프맛팝콘출시_ASC_전환_video,(마스터ASC)[콘스프맛 팝콘] 26.05_콘스프맛팝콘출시_ASC_전환_video,[26.07]F_V_PC콘_전환_팝콘할인페스타_네고형_공구네고형.다이어트_var4.릴스_속세맛.슬기.X_1P_김소희_260702_제과_강경연,1682,33,27779.0,2
2026-07-02,(마스터ASC)[제과_콘스프맛 팝콘] 26.05_콘스프맛팝콘출시_ASC_전환_video,(마스터ASC)[콘스프맛 팝콘] 26.05_콘스프맛팝콘출시_ASC_전환_video,[26.07]F_V_PC콘_전환_팝콘할인페스타_네고형_공구네고형.다이어트_var3.릴스_여름관리템다이어트.슬기.X_1P_김소희_260702_제과_강경연,142,3,2775.0,0
2026-07-03,(미사용) [제과_단백질 쉐이크] 26.06_단백질쉐이크출시_ASC_전환_image,[제과_단백질 쉐이크] 26.06_단백질쉐이크출시_ASC_전환_image,[26.06]F_I_SK초_전환_단백질쉐이크출시_제품강조형_밍밍함.페인포인트_.배너_진한맛.__이유빈_260623_제과_김나현,49,0,803.0,0
2026-07-03,(미사용) [제과_단백질 쉐이크] 26.06_단백질쉐이크출시_ASC_전환_image,[제과_단백질 쉐이크] 26.06_단백질쉐이크출시_ASC_전환_image,[26.06]F_I_SK곡_전환_단백질쉐이크출시_제품강조형_타사비교_.배너_저가비교.가격저렴하면.__이유빈_260701_제과_김수정,1,0,35.0,0
2026-07-03,(미사용) [제과_단백질 쉐이크] 26.06_단백질쉐이크출시_ASC_전환_image,[제과_단백질 쉐이크] 26.06_단백질쉐이크출시_ASC_전환_image,[26.06]F_I_SK곡_전환_단백질쉐이크출시_제품강조형_타사비교_.배너_저가비교.시리얼말먹수준토핑.__이유빈_260701_제과_김수정,1,0,6.0,0
2026-07-03,(미사용) [제과_단백질 쉐이크] 26.06_단백질쉐이크출시_ASC_전환_image,[제과_단백질 쉐이크] 26.06_단백질쉐이크출시_ASC_전환_image,[26.06]F_I_SK초_전환_단백질쉐이크출시_제품강조형_타사비교_.배너_저가비교.이만한토핑양이1천원대.__이유빈_260701_제과_김수정,13,1,256.0,0
2026-07-03,(미사용) [제과_단백질 쉐이크] 26.06_단백질쉐이크출시_ASC_전환_image,[제과_단백질 쉐이크] 26.06_단백질쉐이크출시_ASC_전환_image,[26.06]F_I_SK혼_전환_단백질쉐이크출시_제품강조형_타사비교_.배너_저가비교.싸면토핑도적어서.__이유빈_260701_제과_김수정,4,0,105.0,0
2026-07-03,[제과_콘스프맛 팝콘] 26.05_콘스프맛팝콘출시_수동_전환_video,공구네고형_팝콘할인페스타 (~7/8),[26.07]F_V_PC콘_전환_팝콘할인페스타_네고형_공구네고형.다이어트_var2.릴스_성분당류.슬기.X_1P_김소희_260702_제과_강경연,532,6,8576.0,1
2026-07-03,[제과_콘스프맛 팝콘] 26.05_콘스프맛팝콘출시_수동_전환_video,공구네고형_팝콘할인페스타 (~7/8),[26.07]F_V_PC콘_전환_팝콘할인페스타_네고형_공구네고형.다이어트_var1.릴스_숏버전.슬기.X_1P_김소희_260702_제과_강경연,7,0,76.0,0
2026-07-03,[제과_콘스프맛 팝콘] 26.05_콘스프맛팝콘출시_수동_전환_video,공구네고형_팝콘할인페스타 (~7/8),[26.07]F_V_PC콘_전환_팝콘할인페스타_네고형_공구네고형.다이어트_main.릴스_메인.슬기.X_1P_김소희_260702_제과_강경연,29,0,635.0,0
2026-07-03,(마스터ASC)[제과_콘스프맛 팝콘] 26.05_콘스프맛팝콘출시_ASC_전환_video,(마스터ASC)[콘스프맛 팝콘] 26.05_콘스프맛팝콘출시_ASC_전환_video,[26.07]F_V_PC콘_전환_팝콘할인페스타_네고형_공구네고형.다이어트_var1.릴스_숏버전.슬기.X_1P_김소희_260702_제과_강경연,122,1,1654.0,0
2026-07-03,(마스터ASC)[제과_콘스프맛 팝콘] 26.05_콘스프맛팝콘출시_ASC_전환_video,(마스터ASC)[콘스프맛 팝콘] 26.05_콘스프맛팝콘출시_ASC_전환_video,[26.07]F_V_PC콘_전환_팝콘할인페스타_네고형_공구네고형.다이어트_var2.릴스_성분당류.슬기.X_1P_김소희_260702_제과_강경연,881,19,16751.0,1
2026-07-03,[제과_콘스프맛 팝콘] 26.05_콘스프맛팝콘출시_수동_전환_video,공구네고형_팝콘할인페스타 (~7/8),[26.07]F_V_PC콘_전환_팝콘할인페스타_네고형_공구네고형.다이어트_var4.릴스_속세맛.슬기.X_1P_김소희_260702_제과_강경연,533,10,9563.0,1
2026-07-03,(마스터ASC)[제과_콘스프맛 팝콘] 26.05_콘스프맛팝콘출시_ASC_전환_video,(마스터ASC)[콘스프맛 팝콘] 26.05_콘스프맛팝콘출시_ASC_전환_video,[26.07]F_V_PC콘_전환_팝콘할인페스타_네고형_공구네고형.다이어트_var4.릴스_속세맛.슬기.X_1P_김소희_260702_제과_강경연,858,15,14190.0,0
2026-07-03,(마스터ASC)[제과_콘스프맛 팝콘] 26.05_콘스프맛팝콘출시_ASC_전환_video,(마스터ASC)[콘스프맛 팝콘] 26.05_콘스프맛팝콘출시_ASC_전환_video,[26.07]F_V_PC콘_전환_팝콘할인페스타_네고형_공구네고형.다이어트_var3.릴스_여름관리템다이어트.슬기.X_1P_김소희_260702_제과_강경연,43,2,860.0,1
2026-07-03,[제과_콘스프맛 팝콘] 26.05_콘스프맛팝콘출시_수동_전환_image,일상다이어트_팝콘할인페스타 (~7/8),[26.07]F_I_PC혼_전환_팝콘할인페스타_혜택강조형_다이어트_.배너_살찔까봐걱정이세요?.선착순.확장__김소희_260702_제과_문다현,215,6,3896.0,0
2026-07-03,(마스터ASC)[제과_콘스프맛 팝콘] 26.07_콘스프맛팝콘출시_ASC_전환_image (NEW),(마스터ASC)[콘스프맛 팝콘] 26.07_콘스프맛팝콘출시_ASC_전환_image (NEW),[26.07]F_I_PC혼_전환_팝콘할인페스타_혜택강조형_다이어트_.배너_야식먹고싶을때.선착순300명한정중복할인.확장__김소희_260702_제과_문다현,14,0,397.0,0
2026-07-03,[제과_콘스프맛 팝콘] 26.05_콘스프맛팝콘출시_수동_전환_image,일상다이어트_팝콘할인페스타 (~7/8),[26.07]F_I_PC혼_전환_팝콘할인페스타_혜택강조형_다이어트_.배너_야식먹고싶을때.선착순300명한정중복할인.확장__김소희_260702_제과_문다현,201,6,5854.0,0
2026-07-03,[제과_콘스프맛 팝콘] 26.05_콘스프맛팝콘출시_수동_전환_image,일상다이어트_팝콘할인페스타 (~7/8),[26.07]F_I_PC혼_전환_팝콘할인페스타_혜택강조형_다이어트_.배너_급구.입터짐경보.후회말고이거드세요.선착순.확장__김소희_260702_제과_문다현,206,7,5713.0,0
2026-07-03,(마스터ASC)[제과_콘스프맛 팝콘] 26.07_콘스프맛팝콘출시_ASC_전환_image (NEW),(마스터ASC)[콘스프맛 팝콘] 26.07_콘스프맛팝콘출시_ASC_전환_image (NEW),[26.07]F_I_PC혼_전환_팝콘할인페스타_혜택강조형_다이어트_.배너_급구.입터짐경보.후회말고이거드세요.선착순.확장__김소희_260702_제과_문다현,11,0,206.0,0
2026-07-03,[제과_콘스프맛 팝콘] 26.05_콘스프맛팝콘출시_수동_전환_image,일상다이어트_팝콘할인페스타 (~7/8),[26.07]F_I_PC혼_전환_팝콘할인페스타_혜택강조형_다이어트_.배너_입터짐방지팝콘.선착순300명한정.확장__김소희_260702_제과_문다현,256,17,6631.0,0
2026-07-03,[제과_콘스프맛 팝콘] 26.05_콘스프맛팝콘출시_수동_전환_image,일상다이어트_팝콘할인페스타 (~7/8),[26.07]F_I_PC혼_전환_팝콘할인페스타_혜택강조형_다이어트_.배너_매거진형.군것질하고픈데살걱정.선착순.확장__김소희_260702_제과_문다현,135,2,2812.0,0
2026-07-03,(마스터ASC)[제과_콘스프맛 팝콘] 26.07_콘스프맛팝콘출시_ASC_전환_image (NEW),(마스터ASC)[콘스프맛 팝콘] 26.07_콘스프맛팝콘출시_ASC_전환_image (NEW),[26.07]F_I_PC혼_전환_팝콘할인페스타_혜택강조형_다이어트_.배너_당2g단짠속세맛.계단식할인.선착순.확장__김소희_260702_제과_문다현,223,4,5206.0,0
2026-07-04,(미사용) [제과_단백질 쉐이크] 26.06_단백질쉐이크출시_ASC_전환_image,[제과_단백질 쉐이크] 26.06_단백질쉐이크출시_ASC_전환_image,[26.06]F_I_SK초_전환_단백질쉐이크출시_제품강조형_밍밍함.페인포인트_.배너_진한맛.__이유빈_260623_제과_김나현,4,0,154.0,0
2026-07-04,(미사용) [제과_단백질 쉐이크] 26.06_단백질쉐이크출시_ASC_전환_image,[제과_단백질 쉐이크] 26.06_단백질쉐이크출시_ASC_전환_image,[26.06]F_I_SK곡_전환_단백질쉐이크출시_제품강조형_타사비교_.배너_저가비교.가격저렴하면.__이유빈_260701_제과_김수정,3,0,25.0,0
2026-07-04,[제과_콘스프맛 팝콘] 26.05_콘스프맛팝콘출시_수동_전환_video,공구네고형_팝콘할인페스타 (~7/8),[26.07]F_V_PC콘_전환_팝콘할인페스타_네고형_공구네고형.다이어트_var1.릴스_숏버전.슬기.X_1P_김소희_260702_제과_강경연,70,1,1654.0,0
2026-07-04,(마스터ASC)[제과_콘스프맛 팝콘] 26.05_콘스프맛팝콘출시_ASC_전환_video,(마스터ASC)[콘스프맛 팝콘] 26.05_콘스프맛팝콘출시_ASC_전환_video,[26.07]F_V_PC콘_전환_팝콘할인페스타_네고형_공구네고형.다이어트_var1.릴스_숏버전.슬기.X_1P_김소희_260702_제과_강경연,30,0,679.0,0
2026-07-04,(마스터ASC)[제과_콘스프맛 팝콘] 26.05_콘스프맛팝콘출시_ASC_전환_video,(마스터ASC)[콘스프맛 팝콘] 26.05_콘스프맛팝콘출시_ASC_전환_video,[26.07]F_V_PC콘_전환_팝콘할인페스타_네고형_공구네고형.다이어트_var2.릴스_성분당류.슬기.X_1P_김소희_260702_제과_강경연,480,11,8605.0,1
2026-07-04,[제과_콘스프맛 팝콘] 26.05_콘스프맛팝콘출시_수동_전환_video,공구네고형_팝콘할인페스타 (~7/8),[26.07]F_V_PC콘_전환_팝콘할인페스타_네고형_공구네고형.다이어트_var4.릴스_속세맛.슬기.X_1P_김소희_260702_제과_강경연,2202,19,35184.0,2
2026-07-04,(마스터ASC)[제과_콘스프맛 팝콘] 26.05_콘스프맛팝콘출시_ASC_전환_video,(마스터ASC)[콘스프맛 팝콘] 26.05_콘스프맛팝콘출시_ASC_전환_video,[26.07]F_V_PC콘_전환_팝콘할인페스타_네고형_공구네고형.다이어트_var4.릴스_속세맛.슬기.X_1P_김소희_260702_제과_강경연,207,2,3726.0,0
2026-07-04,(마스터ASC)[제과_콘스프맛 팝콘] 26.05_콘스프맛팝콘출시_ASC_전환_video,(마스터ASC)[콘스프맛 팝콘] 26.05_콘스프맛팝콘출시_ASC_전환_video,[26.07]F_V_PC콘_전환_팝콘할인페스타_네고형_공구네고형.다이어트_var3.릴스_여름관리템다이어트.슬기.X_1P_김소희_260702_제과_강경연,28,1,546.0,0
2026-07-04,[제과_콘스프맛 팝콘] 26.05_콘스프맛팝콘출시_수동_전환_image,일상다이어트_팝콘할인페스타 (~7/8),[26.07]F_I_PC혼_전환_팝콘할인페스타_혜택강조형_다이어트_.배너_살찔까봐걱정이세요?.선착순.확장__김소희_260702_제과_문다현,48,0,977.0,0
2026-07-04,[제과_콘스프맛 팝콘] 26.05_콘스프맛팝콘출시_수동_전환_image,일상다이어트_팝콘할인페스타 (~7/8),[26.07]F_I_PC혼_전환_팝콘할인페스타_혜택강조형_다이어트_.배너_야식먹고싶을때.선착순300명한정중복할인.확장__김소희_260702_제과_문다현,43,1,1446.0,0
2026-07-04,[제과_콘스프맛 팝콘] 26.05_콘스프맛팝콘출시_수동_전환_image,일상다이어트_팝콘할인페스타 (~7/8),[26.07]F_I_PC혼_전환_팝콘할인페스타_혜택강조형_다이어트_.배너_급구.입터짐경보.후회말고이거드세요.선착순.확장__김소희_260702_제과_문다현,67,4,1978.0,0
2026-07-04,[제과_콘스프맛 팝콘] 26.05_콘스프맛팝콘출시_수동_전환_image,일상다이어트_팝콘할인페스타 (~7/8),[26.07]F_I_PC혼_전환_팝콘할인페스타_혜택강조형_다이어트_.배너_매거진형.군것질하고픈데살걱정.선착순.확장__김소희_260702_제과_문다현,18,0,395.0,0
2026-07-04,(마스터ASC)[제과_콘스프맛 팝콘] 26.07_콘스프맛팝콘출시_ASC_전환_image (NEW),(마스터ASC)[콘스프맛 팝콘] 26.07_콘스프맛팝콘출시_ASC_전환_image (NEW),[26.07]F_I_PC혼_전환_팝콘할인페스타_혜택강조형_다이어트_.배너_당2g단짠속세맛.계단식할인.선착순.확장__김소희_260702_제과_문다현,58,4,1853.0,2
2026-07-05,[제과_콘스프맛 팝콘] 26.05_콘스프맛팝콘출시_수동_전환_video,공구네고형_팝콘할인페스타 (~7/8),[26.07]F_V_PC콘_전환_팝콘할인페스타_네고형_공구네고형.다이어트_var1.릴스_숏버전.슬기.X_1P_김소희_260702_제과_강경연,28,2,1564.0,0
2026-07-05,[제과_콘스프맛 팝콘] 26.05_콘스프맛팝콘출시_수동_전환_video,공구네고형_팝콘할인페스타 (~7/8),[26.07]F_V_PC콘_전환_팝콘할인페스타_네고형_공구네고형.다이어트_var4.릴스_속세맛.슬기.X_1P_김소희_260702_제과_강경연,2343,27,34556.0,4
2026-07-05,(마스터ASC)[제과_콘스프맛 팝콘] 26.05_콘스프맛팝콘출시_ASC_전환_video,(마스터ASC)[콘스프맛 팝콘] 26.05_콘스프맛팝콘출시_ASC_전환_video,[26.07]F_V_PC콘_전환_팝콘할인페스타_네고형_공구네고형.다이어트_var4.릴스_속세맛.슬기.X_1P_김소희_260702_제과_강경연,34,0,573.0,0
2026-07-05,[제과_콘스프맛 팝콘] 26.05_콘스프맛팝콘출시_수동_전환_image,일상다이어트_팝콘할인페스타 (~7/8),[26.07]F_I_PC혼_전환_팝콘할인페스타_혜택강조형_다이어트_.배너_살찔까봐걱정이세요?.선착순.확장__김소희_260702_제과_문다현,23,1,814.0,0
2026-07-05,[제과_콘스프맛 팝콘] 26.05_콘스프맛팝콘출시_수동_전환_image,일상다이어트_팝콘할인페스타 (~7/8),[26.07]F_I_PC혼_전환_팝콘할인페스타_혜택강조형_다이어트_.배너_야식먹고싶을때.선착순300명한정중복할인.확장__김소희_260702_제과_문다현,16,0,473.0,0
2026-07-05,[제과_콘스프맛 팝콘] 26.05_콘스프맛팝콘출시_수동_전환_image,일상다이어트_팝콘할인페스타 (~7/8),[26.07]F_I_PC혼_전환_팝콘할인페스타_혜택강조형_다이어트_.배너_급구.입터짐경보.후회말고이거드세요.선착순.확장__김소희_260702_제과_문다현,38,0,781.0,0
2026-07-05,[제과_콘스프맛 팝콘] 26.05_콘스프맛팝콘출시_수동_전환_image,일상다이어트_팝콘할인페스타 (~7/8),[26.07]F_I_PC혼_전환_팝콘할인페스타_혜택강조형_다이어트_.배너_매거진형.군것질하고픈데살걱정.선착순.확장__김소희_260702_제과_문다현,1,0,3.0,0
2026-07-05,(마스터ASC)[제과_콘스프맛 팝콘] 26.07_콘스프맛팝콘출시_ASC_전환_image (NEW),(마스터ASC)[콘스프맛 팝콘] 26.07_콘스프맛팝콘출시_ASC_전환_image (NEW),[26.07]F_I_PC혼_전환_팝콘할인페스타_혜택강조형_다이어트_.배너_당2g단짠속세맛.계단식할인.선착순.확장__김소희_260702_제과_문다현,209,5,4343.0,0
2026-07-06,(미사용) [제과_단백질 쉐이크] 26.06_단백질쉐이크출시_ASC_전환_image,[제과_단백질 쉐이크] 26.06_단백질쉐이크출시_ASC_전환_image,[26.06]F_I_SK초_전환_단백질쉐이크출시_제품강조형_밍밍함.페인포인트_.배너_진한맛.__이유빈_260623_제과_김나현,23,0,463.0,0
2026-07-06,(미사용) [제과_단백질 쉐이크] 26.06_단백질쉐이크출시_ASC_전환_image,[제과_단백질 쉐이크] 26.06_단백질쉐이크출시_ASC_전환_image,[26.06]F_I_SK초_전환_단백질쉐이크출시_제품강조형_타사비교_.배너_저가비교.이만한토핑양이1천원대.__이유빈_260701_제과_김수정,741,20,18366.0,2
2026-07-06,(마스터ASC)[제과_콘스프맛 팝콘] 26.05_콘스프맛팝콘출시_ASC_전환_video,(마스터ASC)[콘스프맛 팝콘] 26.05_콘스프맛팝콘출시_ASC_전환_video,[26.07]F_V_PC콘_전환_팝콘할인페스타_네고형_공구네고형.다이어트_var1.릴스_숏버전.슬기.X_1P_김소희_260702_제과_강경연,25,1,979.0,1
2026-07-06,(마스터ASC)[제과_콘스프맛 팝콘] 26.05_콘스프맛팝콘출시_ASC_전환_video,(마스터ASC)[콘스프맛 팝콘] 26.05_콘스프맛팝콘출시_ASC_전환_video,[26.07]F_V_PC콘_전환_팝콘할인페스타_네고형_공구네고형.다이어트_var4.릴스_속세맛.슬기.X_1P_김소희_260702_제과_강경연,226,3,3422.0,3
2026-07-06,(마스터ASC)[제과_콘스프맛 팝콘] 26.07_콘스프맛팝콘출시_ASC_전환_image (NEW),(마스터ASC)[콘스프맛 팝콘] 26.07_콘스프맛팝콘출시_ASC_전환_image (NEW),[26.07]F_I_PC혼_전환_팝콘할인페스타_혜택강조형_다이어트_.배너_야식먹고싶을때.선착순300명한정중복할인.확장__김소희_260702_제과_문다현,3,0,197.0,0
2026-07-06,(마스터ASC)[제과_콘스프맛 팝콘] 26.07_콘스프맛팝콘출시_ASC_전환_image (NEW),(마스터ASC)[콘스프맛 팝콘] 26.07_콘스프맛팝콘출시_ASC_전환_image (NEW),[26.07]F_I_PC혼_전환_팝콘할인페스타_혜택강조형_다이어트_.배너_당2g단짠속세맛.계단식할인.선착순.확장__김소희_260702_제과_문다현,572,13,11698.0,0
2026-07-07,(미사용) [제과_단백질 쉐이크] 26.06_단백질쉐이크출시_ASC_전환_image,[제과_단백질 쉐이크] 26.06_단백질쉐이크출시_ASC_전환_image,[26.06]F_I_SK초_전환_단백질쉐이크출시_제품강조형_밍밍함.페인포인트_.배너_진한맛.__이유빈_260623_제과_김나현,64,1,1112.0,0
2026-07-07,(미사용) [제과_단백질 쉐이크] 26.06_단백질쉐이크출시_ASC_전환_image,[제과_단백질 쉐이크] 26.06_단백질쉐이크출시_ASC_전환_image,[26.06]F_I_SK곡_전환_단백질쉐이크출시_제품강조형_원재료강조_.배너_검정쌀현미파로볼.토핑6종.가격비교O.__이유빈_260701_제과_문다현,1,0,26.0,0
2026-07-07,(미사용) [제과_단백질 쉐이크] 26.06_단백질쉐이크출시_ASC_전환_image,[제과_단백질 쉐이크] 26.06_단백질쉐이크출시_ASC_전환_image,[26.06]F_I_SK곡_전환_단백질쉐이크출시_제품강조형_타사비교_.배너_저가비교.가격저렴하면.__이유빈_260701_제과_김수정,629,12,18978.0,2
2026-07-07,(미사용) [제과_단백질 쉐이크] 26.06_단백질쉐이크출시_ASC_전환_image,[제과_단백질 쉐이크] 26.06_단백질쉐이크출시_ASC_전환_image,[26.06]F_I_SK곡_전환_단백질쉐이크출시_제품강조형_타사비교_.배너_저가비교.시리얼말먹수준토핑.__이유빈_260701_제과_김수정,2,0,19.0,0
2026-07-07,(미사용) [제과_단백질 쉐이크] 26.06_단백질쉐이크출시_ASC_전환_image,[제과_단백질 쉐이크] 26.06_단백질쉐이크출시_ASC_전환_image,[26.06]F_I_SK혼_전환_단백질쉐이크출시_제품강조형_타사비교_.배너_저가비교.싸면토핑도적어서.__이유빈_260701_제과_김수정,59,0,1432.0,0
2026-07-07,(마스터ASC)[제과_콘스프맛 팝콘] 26.05_콘스프맛팝콘출시_ASC_전환_video,(마스터ASC)[콘스프맛 팝콘] 26.05_콘스프맛팝콘출시_ASC_전환_video,[26.07]F_V_PC콘_전환_팝콘할인페스타_네고형_공구네고형.다이어트_var1.릴스_숏버전.슬기.X_1P_김소희_260702_제과_강경연,1,1,178.0,0
2026-07-07,(마스터ASC)[제과_콘스프맛 팝콘] 26.05_콘스프맛팝콘출시_ASC_전환_video,(마스터ASC)[콘스프맛 팝콘] 26.05_콘스프맛팝콘출시_ASC_전환_video,[26.07]F_V_PC콘_전환_팝콘할인페스타_네고형_공구네고형.다이어트_var4.릴스_속세맛.슬기.X_1P_김소희_260702_제과_강경연,18,1,415.0,0
2026-07-07,(마스터ASC)[제과_콘스프맛 팝콘] 26.07_콘스프맛팝콘출시_ASC_전환_image (NEW),(마스터ASC)[콘스프맛 팝콘] 26.07_콘스프맛팝콘출시_ASC_전환_image (NEW),[26.07]F_I_PC혼_전환_팝콘할인페스타_혜택강조형_다이어트_.배너_급구.입터짐경보.후회말고이거드세요.선착순.확장__김소희_260702_제과_문다현,700,8,10418.0,0
2026-07-08,(미사용) [제과_단백질 쉐이크] 26.06_단백질쉐이크출시_ASC_전환_image,[제과_단백질 쉐이크] 26.06_단백질쉐이크출시_ASC_전환_image,[26.06]F_I_SK초_전환_단백질쉐이크출시_제품강조형_밍밍함.페인포인트_.배너_진한맛.__이유빈_260623_제과_김나현,2283,36,38616.0,4
2026-07-08,(미사용) [제과_단백질 쉐이크] 26.06_단백질쉐이크출시_ASC_전환_image,[제과_단백질 쉐이크] 26.06_단백질쉐이크출시_ASC_전환_image,[26.06]F_I_SK곡_전환_단백질쉐이크출시_제품강조형_타사비교_.배너_저가비교.가격저렴하면.__이유빈_260701_제과_김수정,1777,20,39459.0,5
2026-07-08,(미사용) [제과_단백질 쉐이크] 26.06_단백질쉐이크출시_ASC_전환_image,[제과_단백질 쉐이크] 26.06_단백질쉐이크출시_ASC_전환_image,[26.06]F_I_SK곡_전환_단백질쉐이크출시_제품강조형_타사비교_.배너_저가비교.시리얼말먹수준토핑.__이유빈_260701_제과_김수정,219,2,5068.0,0
2026-07-08,(미사용) [제과_단백질 쉐이크] 26.06_단백질쉐이크출시_ASC_전환_image,[제과_단백질 쉐이크] 26.06_단백질쉐이크출시_ASC_전환_image,[26.06]F_I_SK혼_전환_단백질쉐이크출시_제품강조형_타사비교_.배너_저가비교.싸면토핑도적어서.__이유빈_260701_제과_김수정,314,8,7764.0,0
2026-07-08,(마스터ASC)[제과_콘스프맛 팝콘] 26.07_콘스프맛팝콘출시_ASC_전환_image (NEW),(마스터ASC)[콘스프맛 팝콘] 26.07_콘스프맛팝콘출시_ASC_전환_image (NEW),[26.07]F_I_PC혼_전환_팝콘할인페스타_혜택강조형_다이어트_.배너_야식먹고싶을때.선착순300명한정중복할인.확장__김소희_260702_제과_문다현,9,0,226.0,0
2026-07-08,(마스터ASC)[제과_콘스프맛 팝콘] 26.07_콘스프맛팝콘출시_ASC_전환_image (NEW),(마스터ASC)[콘스프맛 팝콘] 26.07_콘스프맛팝콘출시_ASC_전환_image (NEW),[26.07]F_I_PC혼_전환_팝콘할인페스타_혜택강조형_다이어트_.배너_급구.입터짐경보.후회말고이거드세요.선착순.확장__김소희_260702_제과_문다현,164,3,3134.0,3
2026-07-09,(미사용) [제과_단백질 쉐이크] 26.06_단백질쉐이크출시_ASC_전환_image,[제과_단백질 쉐이크] 26.06_단백질쉐이크출시_ASC_전환_image,[26.06]F_I_SK곡_전환_단백질쉐이크출시_제품강조형_타사비교_.배너_저가비교.시리얼말먹수준토핑.__이유빈_260701_제과_김수정,2729,25,48960.0,1
2026-07-09,(마스터ASC)[제과_콘스프맛 팝콘] 26.05_콘스프맛팝콘출시_ASC_전환_video,(마스터ASC)[콘스프맛 팝콘] 26.05_콘스프맛팝콘출시_ASC_전환_video,[26.07]F_V_PC콘_전환_팝콘할인페스타_네고형_공구네고형.다이어트_var3.릴스_여름관리템다이어트.슬기.X_1P_김소희_260702_제과_강경연,10,0,220.0,0
2026-07-09,(마스터ASC)[제과_콘스프맛 팝콘] 26.07_콘스프맛팝콘출시_ASC_전환_image (NEW),(마스터ASC)[콘스프맛 팝콘] 26.07_콘스프맛팝콘출시_ASC_전환_image (NEW),[26.07]F_I_PC혼_전환_팝콘할인페스타_혜택강조형_다이어트_.배너_급구.입터짐경보.후회말고이거드세요.선착순.확장__김소희_260702_제과_문다현,58,0,1258.0,0
2026-07-10,(마스터ASC)[제과_콘스프맛 팝콘] 26.05_콘스프맛팝콘출시_ASC_전환_video,(마스터ASC)[콘스프맛 팝콘] 26.05_콘스프맛팝콘출시_ASC_전환_video,[26.07]F_V_PC콘_전환_팝콘할인페스타_네고형_공구네고형.다이어트_var1.릴스_숏버전.슬기.X_1P_김소희_260702_제과_강경연,42,1,1637.0,0
2026-07-10,(마스터ASC)[제과_콘스프맛 팝콘] 26.05_콘스프맛팝콘출시_ASC_전환_video,(마스터ASC)[콘스프맛 팝콘] 26.05_콘스프맛팝콘출시_ASC_전환_video,[26.07]F_V_PC콘_전환_팝콘할인페스타_네고형_공구네고형.다이어트_var4.릴스_속세맛.슬기.X_1P_김소희_260702_제과_강경연,21,0,289.0,0
2026-07-11,(마스터ASC)[제과_콘스프맛 팝콘] 26.05_콘스프맛팝콘출시_ASC_전환_video,(마스터ASC)[콘스프맛 팝콘] 26.05_콘스프맛팝콘출시_ASC_전환_video,[26.07]F_V_PC콘_전환_팝콘할인페스타_네고형_공구네고형.다이어트_var3.릴스_여름관리템다이어트.슬기.X_1P_김소희_260702_제과_강경연,14,0,177.0,0
2026-07-13,(마스터ASC)[제과_콘스프맛 팝콘] 26.05_콘스프맛팝콘출시_ASC_전환_video,(마스터ASC)[콘스프맛 팝콘] 26.05_콘스프맛팝콘출시_ASC_전환_video,[26.07]F_V_PC콘_전환_팝콘할인페스타_네고형_공구네고형.다이어트_var1.릴스_숏버전.슬기.X_1P_김소희_260702_제과_강경연,12,0,261.0,0
2026-07-13,(마스터ASC)[제과_콘스프맛 팝콘] 26.05_콘스프맛팝콘출시_ASC_전환_video,(마스터ASC)[콘스프맛 팝콘] 26.05_콘스프맛팝콘출시_ASC_전환_video,[26.07]F_V_PC콘_전환_팝콘할인페스타_네고형_공구네고형.다이어트_var4.릴스_속세맛.슬기.X_1P_김소희_260702_제과_강경연,71,0,1219.0,0
2026-07-14,(마스터ASC)[제과_콘스프맛 팝콘] 26.05_콘스프맛팝콘출시_ASC_전환_video,(마스터ASC)[콘스프맛 팝콘] 26.05_콘스프맛팝콘출시_ASC_전환_video,[26.07]F_V_PC콘_전환_팝콘할인페스타_네고형_공구네고형.다이어트_var4.릴스_속세맛.슬기.X_1P_김소희_260702_제과_강경연,5,0,49.0,0
2026-07-14,(마스터ASC)[제과_콘스프맛 팝콘] 26.05_콘스프맛팝콘출시_ASC_전환_video,(마스터ASC)[콘스프맛 팝콘] 26.05_콘스프맛팝콘출시_ASC_전환_video,[26.07]F_V_PC콘_전환_팝콘할인페스타_네고형_공구네고형.다이어트_var3.릴스_여름관리템다이어트.슬기.X_1P_김소희_260702_제과_강경연,15,0,342.0,0
2026-07-15,(마스터ASC)[제과_콘스프맛 팝콘] 26.05_콘스프맛팝콘출시_ASC_전환_video,(마스터ASC)[콘스프맛 팝콘] 26.05_콘스프맛팝콘출시_ASC_전환_video,[26.07]F_V_PC콘_전환_팝콘할인페스타_네고형_공구네고형.다이어트_var1.릴스_숏버전.슬기.X_1P_김소희_260702_제과_강경연,1,0,17.0,0
2026-07-15,(마스터ASC)[제과_콘스프맛 팝콘] 26.05_콘스프맛팝콘출시_ASC_전환_video,(마스터ASC)[콘스프맛 팝콘] 26.05_콘스프맛팝콘출시_ASC_전환_video,[26.07]F_V_PC콘_전환_팝콘할인페스타_네고형_공구네고형.다이어트_var4.릴스_속세맛.슬기.X_1P_김소희_260702_제과_강경연,5,0,93.0,0
2026-07-01,(미사용) [제과_단백질 쉐이크] 26.06_단백질쉐이크출시_ASC_전환_image,[제과_단백질 쉐이크] 26.06_단백질쉐이크출시_ASC_전환_image,[26.06]F_I_SK곡_전환_단백질쉐이크출시_제품강조형_라라권위_.배너_극강의토핑폭탄.가격비교O.__이유빈_260701_제과_문다현,479,7,9771.0,0
2026-07-01,(미사용) [제과_단백질 쉐이크] 26.06_단백질쉐이크출시_ASC_전환_image,[제과_단백질 쉐이크] 26.06_단백질쉐이크출시_ASC_전환_image,[26.06]F_I_SK곡_전환_단백질쉐이크출시_제품강조형_라라권위_.배너_꼬숩괴물토핑.단계적할인.가격비교X.__이유빈_260701_제과_문다현,246,6,4225.0,0
2026-07-01,(미사용) [제과_단백질 쉐이크] 26.06_단백질쉐이크출시_ASC_전환_image,[제과_단백질 쉐이크] 26.06_단백질쉐이크출시_ASC_전환_image,[26.06]F_I_SK초_전환_단백질쉐이크출시_제품강조형_라라권위_.배너_일본생초콜릿녹여낸.가격비교X.__이유빈_260701_제과_문다현,55,3,866.0,0
2026-07-01,(미사용) [제과_단백질 쉐이크] 26.06_단백질쉐이크출시_ASC_전환_image,[제과_단백질 쉐이크] 26.06_단백질쉐이크출시_ASC_전환_image,[26.06]F_I_SK곡_전환_단백질쉐이크출시_제품강조형_원재료강조_.배너_검정쌀현미파로볼.가득씹히는.단계적할인.가격비교X.__이유빈_260701_제과_문다현,17,0,285.0,0
2026-07-01,(미사용) [제과_단백질 쉐이크] 26.06_단백질쉐이크출시_ASC_전환_image,[제과_단백질 쉐이크] 26.06_단백질쉐이크출시_ASC_전환_image,[26.06]F_I_SK곡_전환_단백질쉐이크출시_제품강조형_원재료강조_.배너_일반단쉐랑차원이다른.검정쌀로꽉.가격비교X.__이유빈_260701_제과_문다현,9,0,171.0,0
2026-07-01,(미사용) [제과_단백질 쉐이크] 26.06_단백질쉐이크출시_ASC_전환_image,[제과_단백질 쉐이크] 26.06_단백질쉐이크출시_ASC_전환_image,[26.06]F_I_SK초_전환_단백질쉐이크출시_제품강조형_원재료강조_.배너_거의국밥급.코코볼잔뜩.가격비교O.__이유빈_260701_제과_문다현,6,0,141.0,0
2026-07-01,(미사용) [제과_단백질 쉐이크] 26.06_단백질쉐이크출시_ASC_전환_image,[제과_단백질 쉐이크] 26.06_단백질쉐이크출시_ASC_전환_image,[26.06]F_I_SK초_전환_단백질쉐이크출시_제품강조형_원재료강조_.배너_찐생초코가득.코코볼와르르.단계적할인.가격비교X.__이유빈_260701_제과_문다현,169,4,4010.0,0
2026-07-01,(미사용) [제과_단백질 쉐이크] 26.06_단백질쉐이크출시_ASC_전환_image,[제과_단백질 쉐이크] 26.06_단백질쉐이크출시_ASC_전환_image,[26.06]F_I_SK초_전환_단백질쉐이크출시_제품강조형_원재료강조_.배너_초코볼코코볼폭탄.생초코넣은.가격비교O.__이유빈_260701_제과_문다현,41,2,1229.0,0
2026-07-01,(미사용) [제과_단백질 쉐이크] 26.06_단백질쉐이크출시_ASC_전환_image,[제과_단백질 쉐이크] 26.06_단백질쉐이크출시_ASC_전환_image,[26.06]F_I_SK초_전환_단백질쉐이크출시_제품강조형_원재료강조_.배너_초코볼코코볼와르르.마지막입까지바삭.가격비교X.__이유빈_260701_제과_문다현,97,1,1509.0,0
2026-07-01,(미사용) [제과_단백질 쉐이크] 26.06_단백질쉐이크출시_ASC_전환_image,[제과_단백질 쉐이크] 26.06_단백질쉐이크출시_ASC_전환_image,[26.06]F_I_SK초_전환_단백질쉐이크출시_제품강조형_원재료강조_.배너_오도독씹히는맛예술.속세맛인데저당.가격비교O.__이유빈_260701_제과_문다현,1,0,57.0,0
2026-07-01,(미사용) [제과_단백질 쉐이크] 26.06_단백질쉐이크출시_ASC_전환_image,[제과_단백질 쉐이크] 26.06_단백질쉐이크출시_ASC_전환_image,[26.06]F_I_SK초_전환_단백질쉐이크출시_제품강조형_원재료강조_.배너_생초코로기둥세운.속세맛신작.가격비교O.__이유빈_260701_제과_문다현,7,0,135.0,0
2026-07-01,(미사용) [제과_단백질 쉐이크] 26.06_단백질쉐이크출시_ASC_전환_image,[제과_단백질 쉐이크] 26.06_단백질쉐이크출시_ASC_전환_image,[26.06]F_I_SK곡_전환_단백질쉐이크출시_제품강조형_원재료강조_.배너_검정쌀현미파로볼.토핑6종.가격비교X.__이유빈_260701_제과_문다현,9,1,508.0,0
2026-07-01,(미사용) [제과_단백질 쉐이크] 26.06_단백질쉐이크출시_ASC_전환_image,[제과_단백질 쉐이크] 26.06_단백질쉐이크출시_ASC_전환_image,[26.06]F_I_SK곡_전환_단백질쉐이크출시_제품강조형_라라권위_.배너_미숫가루맛에괴물토핑.가격비교O.__이유빈_260701_제과_문다현,403,8,13148.0,0
2026-07-01,[콘스프맛 팝콘] 26.05_콘스프맛팝콘출시_ASC_전환_image (old),[콘스프맛 팝콘] 26.05_콘스프맛팝콘출시_ASC_전환_image (old),[26.06]F_I_PC혼_전환_팝콘더블특가_매거진형_다이어트_.배너_딱오늘하루만진행.요요.입터짐방지템.확장__김소희_260701_제과_문다현,162,1,4282.0,0
2026-07-01,[콘스프맛 팝콘] 26.05_콘스프맛팝콘출시_ASC_전환_image (old),[콘스프맛 팝콘] 26.05_콘스프맛팝콘출시_ASC_전환_image (old),[26.06]F_I_PC혼_전환_팝콘더블특가_매거진형_다이어트_.배너_오늘만이가격.요요.입터짐방지템.단계적할인.확장__김소희_260701_제과_문다현,125,6,2338.0,2
2026-07-01,[콘스프맛 팝콘] 26.05_콘스프맛팝콘출시_ASC_전환_image (old),[콘스프맛 팝콘] 26.05_콘스프맛팝콘출시_ASC_전환_image (old),[26.06]F_I_PC혼_전환_팝콘더블특가_매거진형_다이어트_.배너_오늘종료서두르세요.요요.입터짐방지템.확장__김소희_260701_제과_문다현,1115,20,22193.0,1
2026-07-01,[콘스프맛 팝콘] 26.05_콘스프맛팝콘출시_ASC_전환_image (old),[콘스프맛 팝콘] 26.05_콘스프맛팝콘출시_ASC_전환_image (old),[26.06]F_I_PC혼_전환_팝콘더블특가_매거진형_다이어트_.배너_오늘까지에요.요요.입터짐방지템.단계적할인.확장__김소희_260701_제과_문다현,252,9,6118.0,1
2026-07-01,[콘스프맛 팝콘] 26.05_콘스프맛팝콘출시_ASC_전환_image (old),[콘스프맛 팝콘] 26.05_콘스프맛팝콘출시_ASC_전환_image (old),[26.06]F_I_PC혼_전환_팝콘더블특가_매거진형_다이어트_.배너_오늘마감.요요.입터짐방지템.확장__김소희_260701_제과_문다현,153,1,4960.0,0
2026-07-01,[콘스프맛 팝콘] 26.05_콘스프맛팝콘출시_ASC_전환_image (old),[콘스프맛 팝콘] 26.05_콘스프맛팝콘출시_ASC_전환_image (old),[26.06]F_I_PC혼_전환_팝콘더블특가_매거진형_다이어트_.배너_오늘자정마감.해시태그.요요.입터짐방지템.확장__김소희_260701_제과_문다현,290,6,7168.0,0
2026-07-01,[콘스프맛 팝콘] 26.05_콘스프맛팝콘출시_ASC_전환_image (old),[콘스프맛 팝콘] 26.05_콘스프맛팝콘출시_ASC_전환_image (old),[26.06]F_I_PC혼_전환_팝콘더블특가_매거진형_다이어트_.배너_오늘까지만할인.요요.입터짐방지템.확장__김소희_260701_제과_문다현,11,0,283.0,0
2026-07-01,[콘스프맛 팝콘] 26.05_콘스프맛팝콘출시_ASC_전환_image (old),[콘스프맛 팝콘] 26.05_콘스프맛팝콘출시_ASC_전환_image (old),[26.06]F_I_PC혼_전환_팝콘더블특가_매거진형_다이어트_.배너_41%.17%.오늘마감죄송합니다.요요.입터짐방지템.확장__김소희_260701_제과_문다현,162,5,4841.0,0
2026-07-01,[콘스프맛 팝콘] 26.05_콘스프맛팝콘출시_ASC_전환_image (old),[콘스프맛 팝콘] 26.05_콘스프맛팝콘출시_ASC_전환_image (old),[26.06]F_I_PC혼_전환_팝콘더블특가_매거진형_다이어트_.배너_오늘종료됩니다.요요.입터짐방지템.확장__김소희_260701_제과_문다현,83,2,2432.0,0
2026-07-01,[콘스프맛 팝콘] 26.05_콘스프맛팝콘출시_ASC_전환_image (old),[콘스프맛 팝콘] 26.05_콘스프맛팝콘출시_ASC_전환_image (old),[26.06]F_I_PC혼_전환_팝콘더블특가_매거진형_다이어트_.배너_이할인오늘끝.요요.입터짐방지템.확장__김소희_260701_제과_문다현,925,28,16570.0,2
2026-07-02,(미사용) [제과_단백질 쉐이크] 26.06_단백질쉐이크출시_ASC_전환_image,[제과_단백질 쉐이크] 26.06_단백질쉐이크출시_ASC_전환_image,[26.06]F_I_SK혼_전환_단백질쉐이크출시_제품강조형_타사비교_.배너_아무리토핑폭탄이어도.__이유빈_260701_제과_김수정,16,0,602.0,0
2026-07-02,(미사용) [제과_단백질 쉐이크] 26.06_단백질쉐이크출시_ASC_전환_image,[제과_단백질 쉐이크] 26.06_단백질쉐이크출시_ASC_전환_image,[26.06]F_I_SK초_전환_단백질쉐이크출시_제품강조형_타사비교_.배너_밥대신먹는다고토핑늘리고.__이유빈_260701_제과_김수정,1134,38,28855.0,3
2026-07-02,(미사용) [제과_단백질 쉐이크] 26.06_단백질쉐이크출시_ASC_전환_image,[제과_단백질 쉐이크] 26.06_단백질쉐이크출시_ASC_전환_image,[26.06]F_I_SK곡_전환_단백질쉐이크출시_제품강조형_라라권위_.배너_꼬숩괴물토핑.단계적할인.가격비교X.__이유빈_260701_제과_문다현,326,7,8792.0,0
2026-07-02,(미사용) [제과_단백질 쉐이크] 26.06_단백질쉐이크출시_ASC_전환_image,[제과_단백질 쉐이크] 26.06_단백질쉐이크출시_ASC_전환_image,[26.06]F_I_SK초_전환_단백질쉐이크출시_제품강조형_라라권위_.배너_일본생초콜릿녹여낸.가격비교X.__이유빈_260701_제과_문다현,7,2,109.0,0
2026-07-02,(미사용) [제과_단백질 쉐이크] 26.06_단백질쉐이크출시_ASC_전환_image,[제과_단백질 쉐이크] 26.06_단백질쉐이크출시_ASC_전환_image,[26.06]F_I_SK곡_전환_단백질쉐이크출시_제품강조형_원재료강조_.배너_검정쌀현미파로볼.가득씹히는.단계적할인.가격비교X.__이유빈_260701_제과_문다현,6,0,390.0,0
2026-07-02,(미사용) [제과_단백질 쉐이크] 26.06_단백질쉐이크출시_ASC_전환_image,[제과_단백질 쉐이크] 26.06_단백질쉐이크출시_ASC_전환_image,[26.06]F_I_SK곡_전환_단백질쉐이크출시_제품강조형_원재료강조_.배너_일반단쉐랑차원이다른.검정쌀로꽉.가격비교X.__이유빈_260701_제과_문다현,12,0,387.0,0
2026-07-02,(미사용) [제과_단백질 쉐이크] 26.06_단백질쉐이크출시_ASC_전환_image,[제과_단백질 쉐이크] 26.06_단백질쉐이크출시_ASC_전환_image,[26.06]F_I_SK초_전환_단백질쉐이크출시_제품강조형_원재료강조_.배너_거의국밥급.코코볼잔뜩.가격비교O.__이유빈_260701_제과_문다현,20,0,574.0,0
2026-07-02,(미사용) [제과_단백질 쉐이크] 26.06_단백질쉐이크출시_ASC_전환_image,[제과_단백질 쉐이크] 26.06_단백질쉐이크출시_ASC_전환_image,[26.06]F_I_SK초_전환_단백질쉐이크출시_제품강조형_원재료강조_.배너_찐생초코가득.코코볼와르르.단계적할인.가격비교X.__이유빈_260701_제과_문다현,19,0,380.0,0
2026-07-02,(미사용) [제과_단백질 쉐이크] 26.06_단백질쉐이크출시_ASC_전환_image,[제과_단백질 쉐이크] 26.06_단백질쉐이크출시_ASC_전환_image,[26.06]F_I_SK초_전환_단백질쉐이크출시_제품강조형_원재료강조_.배너_초코볼코코볼폭탄.생초코넣은.가격비교O.__이유빈_260701_제과_문다현,7,0,196.0,0
2026-07-02,(미사용) [제과_단백질 쉐이크] 26.06_단백질쉐이크출시_ASC_전환_image,[제과_단백질 쉐이크] 26.06_단백질쉐이크출시_ASC_전환_image,[26.06]F_I_SK초_전환_단백질쉐이크출시_제품강조형_원재료강조_.배너_초코볼코코볼와르르.마지막입까지바삭.가격비교X.__이유빈_260701_제과_문다현,5,0,76.0,0
2026-07-02,(미사용) [제과_단백질 쉐이크] 26.06_단백질쉐이크출시_ASC_전환_image,[제과_단백질 쉐이크] 26.06_단백질쉐이크출시_ASC_전환_image,[26.06]F_I_SK초_전환_단백질쉐이크출시_제품강조형_원재료강조_.배너_오도독씹히는맛예술.속세맛인데저당.가격비교O.__이유빈_260701_제과_문다현,3,0,118.0,0
2026-07-02,(미사용) [제과_단백질 쉐이크] 26.06_단백질쉐이크출시_ASC_전환_image,[제과_단백질 쉐이크] 26.06_단백질쉐이크출시_ASC_전환_image,[26.06]F_I_SK초_전환_단백질쉐이크출시_제품강조형_원재료강조_.배너_생초코로기둥세운.속세맛신작.가격비교O.__이유빈_260701_제과_문다현,14,0,462.0,0
2026-07-02,[제과_콘스프맛 팝콘] 26.05_콘스프맛팝콘출시_수동_전환_image,오늘까지만_앵콜더블특가 (~7/1),[26.06]F_I_PC혼_전환_팝콘더블특가_매거진형_다이어트_.배너_딱오늘하루만진행.요요.입터짐방지템.확장__김소희_260701_제과_문다현,22,1,545.0,1
2026-07-02,[제과_콘스프맛 팝콘] 26.05_콘스프맛팝콘출시_수동_전환_image,오늘까지만_앵콜더블특가 (~7/1),[26.06]F_I_PC혼_전환_팝콘더블특가_매거진형_다이어트_.배너_오늘종료서두르세요.요요.입터짐방지템.확장__김소희_260701_제과_문다현,99,1,2195.0,1
2026-07-02,[제과_콘스프맛 팝콘] 26.05_콘스프맛팝콘출시_수동_전환_image,오늘까지만_앵콜더블특가 (~7/1),[26.06]F_I_PC혼_전환_팝콘더블특가_매거진형_다이어트_.배너_오늘마감.요요.입터짐방지템.확장__김소희_260701_제과_문다현,5,0,298.0,0
2026-07-02,[제과_콘스프맛 팝콘] 26.05_콘스프맛팝콘출시_수동_전환_image,오늘까지만_앵콜더블특가 (~7/1),[26.06]F_I_PC혼_전환_팝콘더블특가_매거진형_다이어트_.배너_오늘까지에요.요요.입터짐방지템.단계적할인.확장__김소희_260701_제과_문다현,82,2,2244.0,2
2026-07-02,[콘스프맛 팝콘] 26.05_콘스프맛팝콘출시_ASC_전환_image (old),[콘스프맛 팝콘] 26.05_콘스프맛팝콘출시_ASC_전환_image (old),[26.06]F_I_PC혼_전환_팝콘더블특가_매거진형_다이어트_.배너_오늘만이가격.요요.입터짐방지템.단계적할인.확장__김소희_260701_제과_문다현,23,1,460.0,0
2026-07-02,[콘스프맛 팝콘] 26.05_콘스프맛팝콘출시_ASC_전환_image (old),[콘스프맛 팝콘] 26.05_콘스프맛팝콘출시_ASC_전환_image (old),[26.06]F_I_PC혼_전환_팝콘더블특가_매거진형_다이어트_.배너_오늘종료서두르세요.요요.입터짐방지템.확장__김소희_260701_제과_문다현,859,11,16195.0,3
2026-07-02,[콘스프맛 팝콘] 26.05_콘스프맛팝콘출시_ASC_전환_image (old),[콘스프맛 팝콘] 26.05_콘스프맛팝콘출시_ASC_전환_image (old),[26.06]F_I_PC혼_전환_팝콘더블특가_매거진형_다이어트_.배너_오늘까지에요.요요.입터짐방지템.단계적할인.확장__김소희_260701_제과_문다현,522,23,11157.0,4
2026-07-02,[콘스프맛 팝콘] 26.05_콘스프맛팝콘출시_ASC_전환_image (old),[콘스프맛 팝콘] 26.05_콘스프맛팝콘출시_ASC_전환_image (old),[26.06]F_I_PC혼_전환_팝콘더블특가_매거진형_다이어트_.배너_오늘마감.요요.입터짐방지템.확장__김소희_260701_제과_문다현,21,0,574.0,0
2026-07-02,[제과_콘스프맛 팝콘] 26.05_콘스프맛팝콘출시_수동_전환_image,오늘까지만_앵콜더블특가 (~7/1),[26.06]F_I_PC혼_전환_팝콘더블특가_매거진형_다이어트_.배너_오늘까지만할인.요요.입터짐방지템.확장__김소희_260701_제과_문다현,16,1,353.0,0
2026-07-02,[콘스프맛 팝콘] 26.05_콘스프맛팝콘출시_ASC_전환_image (old),[콘스프맛 팝콘] 26.05_콘스프맛팝콘출시_ASC_전환_image (old),[26.06]F_I_PC혼_전환_팝콘더블특가_매거진형_다이어트_.배너_오늘까지만할인.요요.입터짐방지템.확장__김소희_260701_제과_문다현,15,0,409.0,0
2026-07-02,[제과_콘스프맛 팝콘] 26.05_콘스프맛팝콘출시_수동_전환_image,오늘까지만_앵콜더블특가 (~7/1),[26.06]F_I_PC혼_전환_팝콘더블특가_매거진형_다이어트_.배너_41%.17%.오늘마감죄송합니다.요요.입터짐방지템.확장__김소희_260701_제과_문다현,171,14,5221.0,0
2026-07-02,[콘스프맛 팝콘] 26.05_콘스프맛팝콘출시_ASC_전환_image (old),[콘스프맛 팝콘] 26.05_콘스프맛팝콘출시_ASC_전환_image (old),[26.06]F_I_PC혼_전환_팝콘더블특가_매거진형_다이어트_.배너_41%.17%.오늘마감죄송합니다.요요.입터짐방지템.확장__김소희_260701_제과_문다현,248,6,5069.0,2
2026-07-02,[콘스프맛 팝콘] 26.05_콘스프맛팝콘출시_ASC_전환_image (old),[콘스프맛 팝콘] 26.05_콘스프맛팝콘출시_ASC_전환_image (old),[26.06]F_I_PC혼_전환_팝콘더블특가_매거진형_다이어트_.배너_오늘종료됩니다.요요.입터짐방지템.확장__김소희_260701_제과_문다현,4,0,82.0,0
2026-07-02,[제과_콘스프맛 팝콘] 26.05_콘스프맛팝콘출시_수동_전환_image,오늘까지만_앵콜더블특가 (~7/1),[26.06]F_I_PC혼_전환_팝콘더블특가_매거진형_다이어트_.배너_오늘종료됩니다.요요.입터짐방지템.확장__김소희_260701_제과_문다현,11,2,581.0,0
2026-07-02,(미사용) [제과_단백질 쉐이크] 26.06_단백질쉐이크출시_ASC_전환_image,[제과_단백질 쉐이크] 26.06_단백질쉐이크출시_ASC_전환_image,[26.06]F_I_SK곡_전환_단백질쉐이크출시_제품강조형_타사비교_.배너_저가비교.토핑적은데3천원인.__이유빈_260701_제과_김수정,632,24,16698.0,1
2026-07-03,(미사용) [제과_단백질 쉐이크] 26.06_단백질쉐이크출시_ASC_전환_image,[제과_단백질 쉐이크] 26.06_단백질쉐이크출시_ASC_전환_image,[26.06]F_I_SK혼_전환_단백질쉐이크출시_제품강조형_타사비교_.배너_아무리토핑폭탄이어도.__이유빈_260701_제과_김수정,1,0,27.0,0
2026-07-03,(미사용) [제과_단백질 쉐이크] 26.06_단백질쉐이크출시_ASC_전환_image,[제과_단백질 쉐이크] 26.06_단백질쉐이크출시_ASC_전환_image,[26.06]F_I_SK초_전환_단백질쉐이크출시_제품강조형_라라권위_.배너_일본생초콜릿녹여낸.가격비교X.__이유빈_260701_제과_문다현,3,0,34.0,0
2026-07-03,(미사용) [제과_단백질 쉐이크] 26.06_단백질쉐이크출시_ASC_전환_image,[제과_단백질 쉐이크] 26.06_단백질쉐이크출시_ASC_전환_image,[26.06]F_I_SK초_전환_단백질쉐이크출시_제품강조형_원재료강조_.배너_찐생초코가득.코코볼와르르.단계적할인.가격비교X.__이유빈_260701_제과_문다현,27,0,428.0,0
2026-07-03,(미사용) [제과_단백질 쉐이크] 26.06_단백질쉐이크출시_ASC_전환_image,[제과_단백질 쉐이크] 26.06_단백질쉐이크출시_ASC_전환_image,[26.06]F_I_SK초_전환_단백질쉐이크출시_제품강조형_원재료강조_.배너_생초코로기둥세운.속세맛신작.가격비교O.__이유빈_260701_제과_문다현,2,0,84.0,0
2026-07-03,(미사용) [제과_단백질 쉐이크] 26.06_단백질쉐이크출시_ASC_전환_image,[제과_단백질 쉐이크] 26.06_단백질쉐이크출시_ASC_전환_image,[26.06]F_I_SK곡_전환_단백질쉐이크출시_제품강조형_원재료강조_.배너_검정쌀현미파로볼.토핑6종.가격비교X.__이유빈_260701_제과_문다현,2,0,34.0,0
2026-07-04,(미사용) [제과_단백질 쉐이크] 26.06_단백질쉐이크출시_ASC_전환_image,[제과_단백질 쉐이크] 26.06_단백질쉐이크출시_ASC_전환_image,[26.06]F_I_SK혼_전환_단백질쉐이크출시_제품강조형_타사비교_.배너_아무리토핑폭탄이어도.__이유빈_260701_제과_김수정,10,0,125.0,0
2026-07-04,(미사용) [제과_단백질 쉐이크] 26.06_단백질쉐이크출시_ASC_전환_image,[제과_단백질 쉐이크] 26.06_단백질쉐이크출시_ASC_전환_image,[26.06]F_I_SK초_전환_단백질쉐이크출시_제품강조형_원재료강조_.배너_초코볼코코볼폭탄.생초코넣은.가격비교O.__이유빈_260701_제과_문다현,1,0,13.0,0
2026-07-04,(미사용) [제과_단백질 쉐이크] 26.06_단백질쉐이크출시_ASC_전환_image,[제과_단백질 쉐이크] 26.06_단백질쉐이크출시_ASC_전환_image,[26.06]F_I_SK초_전환_단백질쉐이크출시_제품강조형_원재료강조_.배너_초코볼코코볼와르르.마지막입까지바삭.가격비교X.__이유빈_260701_제과_문다현,13,0,413.0,0
2026-07-05,(미사용) [제과_단백질 쉐이크] 26.06_단백질쉐이크출시_ASC_전환_image,[제과_단백질 쉐이크] 26.06_단백질쉐이크출시_ASC_전환_image,[26.06]F_I_SK초_전환_단백질쉐이크출시_제품강조형_라라권위_.배너_일본생초콜릿녹여낸.가격비교X.__이유빈_260701_제과_문다현,5,0,30.0,0
2026-07-05,(미사용) [제과_단백질 쉐이크] 26.06_단백질쉐이크출시_ASC_전환_image,[제과_단백질 쉐이크] 26.06_단백질쉐이크출시_ASC_전환_image,[26.06]F_I_SK초_전환_단백질쉐이크출시_제품강조형_원재료강조_.배너_생초코로기둥세운.속세맛신작.가격비교O.__이유빈_260701_제과_문다현,6,0,258.0,0
2026-07-06,(미사용) [제과_단백질 쉐이크] 26.06_단백질쉐이크출시_ASC_전환_image,[제과_단백질 쉐이크] 26.06_단백질쉐이크출시_ASC_전환_image,[26.06]F_I_SK혼_전환_단백질쉐이크출시_제품강조형_타사비교_.배너_아무리토핑폭탄이어도.__이유빈_260701_제과_김수정,63,1,1455.0,0
2026-07-06,(미사용) [제과_단백질 쉐이크] 26.06_단백질쉐이크출시_ASC_전환_image,[제과_단백질 쉐이크] 26.06_단백질쉐이크출시_ASC_전환_image,[26.06]F_I_SK초_전환_단백질쉐이크출시_제품강조형_라라권위_.배너_일본생초콜릿녹여낸.가격비교X.__이유빈_260701_제과_문다현,8,0,181.0,0
2026-07-06,(미사용) [제과_단백질 쉐이크] 26.06_단백질쉐이크출시_ASC_전환_image,[제과_단백질 쉐이크] 26.06_단백질쉐이크출시_ASC_전환_image,[26.06]F_I_SK곡_전환_단백질쉐이크출시_제품강조형_원재료강조_.배너_일반단쉐랑차원이다른.검정쌀로꽉.가격비교X.__이유빈_260701_제과_문다현,126,0,2908.0,0
2026-07-06,(미사용) [제과_단백질 쉐이크] 26.06_단백질쉐이크출시_ASC_전환_image,[제과_단백질 쉐이크] 26.06_단백질쉐이크출시_ASC_전환_image,[26.06]F_I_SK초_전환_단백질쉐이크출시_제품강조형_원재료강조_.배너_거의국밥급.코코볼잔뜩.가격비교O.__이유빈_260701_제과_문다현,2,0,76.0,0
2026-07-06,(미사용) [제과_단백질 쉐이크] 26.06_단백질쉐이크출시_ASC_전환_image,[제과_단백질 쉐이크] 26.06_단백질쉐이크출시_ASC_전환_image,[26.06]F_I_SK초_전환_단백질쉐이크출시_제품강조형_원재료강조_.배너_초코볼코코볼와르르.마지막입까지바삭.가격비교X.__이유빈_260701_제과_문다현,94,2,1777.0,0
2026-07-06,(미사용) [제과_단백질 쉐이크] 26.06_단백질쉐이크출시_ASC_전환_image,[제과_단백질 쉐이크] 26.06_단백질쉐이크출시_ASC_전환_image,[26.06]F_I_SK초_전환_단백질쉐이크출시_제품강조형_원재료강조_.배너_생초코로기둥세운.속세맛신작.가격비교O.__이유빈_260701_제과_문다현,2,0,19.0,0
2026-07-07,(미사용) [제과_단백질 쉐이크] 26.06_단백질쉐이크출시_ASC_전환_image,[제과_단백질 쉐이크] 26.06_단백질쉐이크출시_ASC_전환_image,[26.06]F_I_SK혼_전환_단백질쉐이크출시_제품강조형_타사비교_.배너_아무리토핑폭탄이어도.__이유빈_260701_제과_김수정,45,5,1462.0,0
2026-07-07,(미사용) [제과_단백질 쉐이크] 26.06_단백질쉐이크출시_ASC_전환_image,[제과_단백질 쉐이크] 26.06_단백질쉐이크출시_ASC_전환_image,[26.06]F_I_SK곡_전환_단백질쉐이크출시_제품강조형_원재료강조_.배너_검정쌀현미파로볼.가득씹히는.단계적할인.가격비교X.__이유빈_260701_제과_문다현,26,0,1403.0,0
2026-07-07,(미사용) [제과_단백질 쉐이크] 26.06_단백질쉐이크출시_ASC_전환_image,[제과_단백질 쉐이크] 26.06_단백질쉐이크출시_ASC_전환_image,[26.06]F_I_SK곡_전환_단백질쉐이크출시_제품강조형_원재료강조_.배너_일반단쉐랑차원이다른.검정쌀로꽉.가격비교X.__이유빈_260701_제과_문다현,41,0,1045.0,0
2026-07-07,(미사용) [제과_단백질 쉐이크] 26.06_단백질쉐이크출시_ASC_전환_image,[제과_단백질 쉐이크] 26.06_단백질쉐이크출시_ASC_전환_image,[26.06]F_I_SK초_전환_단백질쉐이크출시_제품강조형_원재료강조_.배너_거의국밥급.코코볼잔뜩.가격비교O.__이유빈_260701_제과_문다현,11,0,405.0,0
2026-07-07,(미사용) [제과_단백질 쉐이크] 26.06_단백질쉐이크출시_ASC_전환_image,[제과_단백질 쉐이크] 26.06_단백질쉐이크출시_ASC_전환_image,[26.06]F_I_SK초_전환_단백질쉐이크출시_제품강조형_원재료강조_.배너_찐생초코가득.코코볼와르르.단계적할인.가격비교X.__이유빈_260701_제과_문다현,147,4,3474.0,0
2026-07-07,(미사용) [제과_단백질 쉐이크] 26.06_단백질쉐이크출시_ASC_전환_image,[제과_단백질 쉐이크] 26.06_단백질쉐이크출시_ASC_전환_image,[26.06]F_I_SK초_전환_단백질쉐이크출시_제품강조형_원재료강조_.배너_초코볼코코볼폭탄.생초코넣은.가격비교O.__이유빈_260701_제과_문다현,105,2,2627.0,1
2026-07-07,(미사용) [제과_단백질 쉐이크] 26.06_단백질쉐이크출시_ASC_전환_image,[제과_단백질 쉐이크] 26.06_단백질쉐이크출시_ASC_전환_image,[26.06]F_I_SK초_전환_단백질쉐이크출시_제품강조형_원재료강조_.배너_초코볼코코볼와르르.마지막입까지바삭.가격비교X.__이유빈_260701_제과_문다현,7,0,173.0,0
2026-07-07,(미사용) [제과_단백질 쉐이크] 26.06_단백질쉐이크출시_ASC_전환_image,[제과_단백질 쉐이크] 26.06_단백질쉐이크출시_ASC_전환_image,[26.06]F_I_SK초_전환_단백질쉐이크출시_제품강조형_원재료강조_.배너_오도독씹히는맛예술.속세맛인데저당.가격비교O.__이유빈_260701_제과_문다현,947,32,29937.0,3
2026-07-07,(미사용) [제과_단백질 쉐이크] 26.06_단백질쉐이크출시_ASC_전환_image,[제과_단백질 쉐이크] 26.06_단백질쉐이크출시_ASC_전환_image,[26.06]F_I_SK초_전환_단백질쉐이크출시_제품강조형_원재료강조_.배너_생초코로기둥세운.속세맛신작.가격비교O.__이유빈_260701_제과_문다현,10,0,86.0,0
2026-07-07,(미사용) [제과_단백질 쉐이크] 26.06_단백질쉐이크출시_ASC_전환_image,[제과_단백질 쉐이크] 26.06_단백질쉐이크출시_ASC_전환_image,[26.06]F_I_SK곡_전환_단백질쉐이크출시_제품강조형_원재료강조_.배너_검정쌀현미파로볼.토핑6종.가격비교X.__이유빈_260701_제과_문다현,190,1,4001.0,0
2026-07-08,(미사용) [제과_단백질 쉐이크] 26.06_단백질쉐이크출시_ASC_전환_image,[제과_단백질 쉐이크] 26.06_단백질쉐이크출시_ASC_전환_image,[26.06]F_I_SK혼_전환_단백질쉐이크출시_제품강조형_타사비교_.배너_아무리토핑폭탄이어도.__이유빈_260701_제과_김수정,348,10,8542.0,0
2026-07-08,(미사용) [제과_단백질 쉐이크] 26.06_단백질쉐이크출시_ASC_전환_image,[제과_단백질 쉐이크] 26.06_단백질쉐이크출시_ASC_전환_image,[26.06]F_I_SK초_전환_단백질쉐이크출시_제품강조형_원재료강조_.배너_거의국밥급.코코볼잔뜩.가격비교O.__이유빈_260701_제과_문다현,7,0,183.0,0
2026-07-08,(미사용) [제과_단백질 쉐이크] 26.06_단백질쉐이크출시_ASC_전환_image,[제과_단백질 쉐이크] 26.06_단백질쉐이크출시_ASC_전환_image,[26.06]F_I_SK초_전환_단백질쉐이크출시_제품강조형_원재료강조_.배너_초코볼코코볼폭탄.생초코넣은.가격비교O.__이유빈_260701_제과_문다현,25,1,678.0,0
2026-07-09,(미사용) [제과_단백질 쉐이크] 26.06_단백질쉐이크출시_ASC_전환_image,[제과_단백질 쉐이크] 26.06_단백질쉐이크출시_ASC_전환_image,[26.06]F_I_SK초_전환_단백질쉐이크출시_제품강조형_원재료강조_.배너_초코볼코코볼폭탄.생초코넣은.가격비교O.__이유빈_260701_제과_문다현,318,4,8784.0,1
2026-07-01,[제과_단백질 쉐이크] 26.06_단백질쉐이크출시_ASC_전환_video,[제과_단백질 쉐이크] 26.06_단백질쉐이크출시_ASC_전환_video,[26.06]F_V_SK혼_전환_단백질쉐이크출시_신규BP_고객검증형_var2.릴스_패인포인트.X_2P_이유빈_260624_제과_윤성미,378,9,10450.0,0
2026-07-01,[제과_콘스프맛 팝콘] 26.05_콘스프맛팝콘출시_수동_전환_image,입터짐방지_팝콘더블특가 (~7/1) (재세팅),[26.06]F_I_PC혼_전환_팝콘더블특가_혜택강조형__.배너_혜택강조형.반값보다싸요규모감.__김소희_260629_제과_김수정,1378,45,25310.0,3
2026-07-01,[제과_콘스프맛 팝콘] 26.05_콘스프맛팝콘출시_수동_전환_image,입터짐방지_팝콘더블특가 (~7/1) (재세팅),[26.06]F_I_PC혼_전환_팝콘더블특가_혜택강조형_다이어트_.배너_입터짐방지템.요요.__김소희_260629_제과_김수정,118,4,3313.0,2
2026-07-01,[제과_콘스프맛 팝콘] 26.05_콘스프맛팝콘출시_수동_전환_image,입터짐방지_팝콘더블특가 (~7/1) (재세팅),[26.06]F_I_PC혼_전환_팝콘더블특가_혜택강조형_다이어트_.배너_입터짐방지템.입터져서.__김소희_260629_제과_김수정,46,1,1025.0,0
2026-07-01,[제과_콘스프맛 팝콘] 26.05_콘스프맛팝콘출시_수동_전환_image,입터짐방지_팝콘더블특가 (~7/1) (재세팅),[26.06]F_I_PC혼_전환_팝콘더블특가_혜택강조형__.배너_혜택강조형.반값보다싸요.__김소희_260629_제과_김수정,506,24,13353.0,2
2026-07-01,[제과_콘스프맛 팝콘] 26.05_콘스프맛팝콘출시_수동_전환_image,입터짐방지_팝콘더블특가 (~7/1) (재세팅),[26.06]F_I_PC혼_전환_팝콘더블특가_혜택강조형_다이어트_.배너_입터짐방지템.위고비.__김소희_260629_제과_김수정,59,3,2684.0,3
2026-07-01,[제과_콘스프맛 팝콘] 26.05_콘스프맛팝콘출시_수동_전환_image,입터짐방지_팝콘더블특가 (~7/1) (재세팅),[26.06]F_I_PC혼_전환_팝콘더블특가_혜택강조형_다이어트_.배너_입터짐방지템.가짜배고픔.__김소희_260629_제과_김수정,28,1,822.0,0
2026-07-01,[제과_콘스프맛 팝콘] 26.05_콘스프맛팝콘출시_수동_전환_image,입터짐방지_팝콘더블특가 (~7/1) (재세팅),[26.06]F_I_PC혼_전환_팝콘더블특가_혜택강조형__.배너_혜택강조형.반값에쟁이세요.__김소희_260629_제과_김수정,742,25,19980.0,0
2026-07-01,[제과_콘스프맛 팝콘] 26.05_콘스프맛팝콘출시_수동_전환_image,입터짐방지_팝콘더블특가 (~7/1) (재세팅),[26.06]F_I_PC혼_전환_팝콘더블특가_혜택강조형_다이어트_.배너_입터짐방지템.짭짤한거땡길때.__김소희_260629_제과_김수정,43,4,1775.0,1
2026-07-01,(미사용) [제과_단백질 쉐이크] 26.06_단백질쉐이크출시_ASC_전환_image,[제과_단백질 쉐이크] 26.06_단백질쉐이크출시_ASC_전환_image,[26.06]F_I_SK곡_전환_단백질쉐이크출시_제품강조형_타사비교_.배너_부르주아.__이유빈_260701_제과_김수정,7,0,76.0,0
2026-07-01,(미사용) [제과_단백질 쉐이크] 26.06_단백질쉐이크출시_ASC_전환_image,[제과_단백질 쉐이크] 26.06_단백질쉐이크출시_ASC_전환_image,[26.06]F_I_SK혼_전환_단백질쉐이크출시_제품강조형_타사비교_.배너_1+1해도3천원.__이유빈_260701_제과_김수정,19,1,940.0,0
2026-07-01,(미사용) [제과_단백질 쉐이크] 26.06_단백질쉐이크출시_ASC_전환_image,[제과_단백질 쉐이크] 26.06_단백질쉐이크출시_ASC_전환_image,[26.06]F_I_SK곡_전환_단백질쉐이크출시_제품강조형_타사비교_.배너_최저가도전합니다.__이유빈_260701_제과_김수정,200,3,4080.0,0
2026-07-01,(미사용) [제과_단백질 쉐이크] 26.06_단백질쉐이크출시_ASC_전환_image,[제과_단백질 쉐이크] 26.06_단백질쉐이크출시_ASC_전환_image,[26.06]F_I_SK초_전환_단백질쉐이크출시_제품강조형_타사비교_.배너_크런치토핑폭탄6천원이.__이유빈_260701_제과_김수정,1,0,22.0,0
2026-07-01,(미사용) [제과_단백질 쉐이크] 26.06_단백질쉐이크출시_ASC_전환_image,[제과_단백질 쉐이크] 26.06_단백질쉐이크출시_ASC_전환_image,[26.06]F_I_SK곡_전환_단백질쉐이크출시_제품강조형_타사비교_.배너_다른브랜드는이정도토핑에.__이유빈_260701_제과_김수정,5,0,32.0,0
2026-07-01,(미사용) [제과_단백질 쉐이크] 26.06_단백질쉐이크출시_ASC_전환_image,[제과_단백질 쉐이크] 26.06_단백질쉐이크출시_ASC_전환_image,[26.06]F_I_SK곡_전환_단백질쉐이크출시_제품강조형_타사비교_.배너_토핑이만큼많아서.__이유빈_260701_제과_김수정,145,2,2657.0,0
2026-07-01,(미사용) [제과_단백질 쉐이크] 26.06_단백질쉐이크출시_ASC_전환_image,[제과_단백질 쉐이크] 26.06_단백질쉐이크출시_ASC_전환_image,[26.06]F_I_SK곡_전환_단백질쉐이크출시_제품강조형_타사비교_.배너_토핑좀많이넣었다고.__이유빈_260701_제과_김수정,61,2,1705.0,0
2026-07-01,(미사용) [제과_단백질 쉐이크] 26.06_단백질쉐이크출시_ASC_전환_image,[제과_단백질 쉐이크] 26.06_단백질쉐이크출시_ASC_전환_image,[26.06]F_I_SK곡_전환_단백질쉐이크출시_제품강조형_라라권위_.배너_찐~하게흔든미숫가루.가격비교X.__이유빈_260701_제과_문다현,41,1,807.0,0
2026-07-01,(미사용) [제과_단백질 쉐이크] 26.06_단백질쉐이크출시_ASC_전환_image,[제과_단백질 쉐이크] 26.06_단백질쉐이크출시_ASC_전환_image,[26.06]F_I_SK곡_전환_단백질쉐이크출시_제품강조형_라라권위_.배너_찐~하게흔든미숫가루.가격비교O.__이유빈_260701_제과_문다현,123,8,3855.0,1
2026-07-01,(미사용) [제과_단백질 쉐이크] 26.06_단백질쉐이크출시_ASC_전환_image,[제과_단백질 쉐이크] 26.06_단백질쉐이크출시_ASC_전환_image,[26.06]F_I_SK곡_전환_단백질쉐이크출시_제품강조형_라라권위_.배너_26%압도적토핑량.가격비교O.__이유빈_260701_제과_문다현,124,2,3325.0,0
2026-07-01,(미사용) [제과_단백질 쉐이크] 26.06_단백질쉐이크출시_ASC_전환_image,[제과_단백질 쉐이크] 26.06_단백질쉐이크출시_ASC_전환_image,[26.06]F_I_SK초_전환_단백질쉐이크출시_제품강조형_라라권위_.배너_찐한제티에코코볼.가격비교X.__이유빈_260701_제과_문다현,2662,50,46751.0,5
2026-07-02,[제과_콘스프맛 팝콘] 26.05_콘스프맛팝콘출시_수동_전환_image,입터짐방지_팝콘더블특가 (~7/1) (재세팅),[26.06]F_I_PC혼_전환_팝콘더블특가_혜택강조형_다이어트_.배너_입터짐방지템.요요.__김소희_260629_제과_김수정,144,3,5057.0,0
2026-07-02,[제과_콘스프맛 팝콘] 26.05_콘스프맛팝콘출시_수동_전환_image,입터짐방지_팝콘더블특가 (~7/1) (재세팅),[26.06]F_I_PC혼_전환_팝콘더블특가_혜택강조형_다이어트_.배너_입터짐방지템.입터져서.__김소희_260629_제과_김수정,3,0,190.0,0
2026-07-02,[제과_콘스프맛 팝콘] 26.05_콘스프맛팝콘출시_수동_전환_image,입터짐방지_팝콘더블특가 (~7/1) (재세팅),[26.06]F_I_PC혼_전환_팝콘더블특가_혜택강조형_다이어트_.배너_입터짐방지템.위고비.__김소희_260629_제과_김수정,29,1,1592.0,0
2026-07-02,[제과_콘스프맛 팝콘] 26.05_콘스프맛팝콘출시_수동_전환_image,입터짐방지_팝콘더블특가 (~7/1) (재세팅),[26.06]F_I_PC혼_전환_팝콘더블특가_혜택강조형__.배너_혜택강조형.반값에쟁이세요.__김소희_260629_제과_김수정,150,5,5041.0,0
2026-07-02,[제과_콘스프맛 팝콘] 26.05_콘스프맛팝콘출시_수동_전환_image,입터짐방지_팝콘더블특가 (~7/1) (재세팅),[26.06]F_I_PC혼_전환_팝콘더블특가_혜택강조형_다이어트_.배너_입터짐방지템.짭짤한거땡길때.__김소희_260629_제과_김수정,30,1,610.0,0
2026-07-02,(미사용) [제과_단백질 쉐이크] 26.06_단백질쉐이크출시_ASC_전환_image,[제과_단백질 쉐이크] 26.06_단백질쉐이크출시_ASC_전환_image,[26.06]F_I_SK곡_전환_단백질쉐이크출시_제품강조형_타사비교_.배너_부르주아.__이유빈_260701_제과_김수정,69,1,1731.0,0
2026-07-02,(미사용) [제과_단백질 쉐이크] 26.06_단백질쉐이크출시_ASC_전환_image,[제과_단백질 쉐이크] 26.06_단백질쉐이크출시_ASC_전환_image,[26.06]F_I_SK혼_전환_단백질쉐이크출시_제품강조형_타사비교_.배너_1개살돈으로3개.__이유빈_260701_제과_김수정,105,7,5013.0,1
2026-07-02,(미사용) [제과_단백질 쉐이크] 26.06_단백질쉐이크출시_ASC_전환_image,[제과_단백질 쉐이크] 26.06_단백질쉐이크출시_ASC_전환_image,[26.06]F_I_SK혼_전환_단백질쉐이크출시_제품강조형_타사비교_.배너_1+1해도3천원.__이유빈_260701_제과_김수정,167,10,3967.0,0
2026-07-02,(미사용) [제과_단백질 쉐이크] 26.06_단백질쉐이크출시_ASC_전환_image,[제과_단백질 쉐이크] 26.06_단백질쉐이크출시_ASC_전환_image,[26.06]F_I_SK곡_전환_단백질쉐이크출시_제품강조형_타사비교_.배너_6천원이라비싸서못샀던.__이유빈_260701_제과_김수정,266,4,7099.0,0
2026-07-02,(미사용) [제과_단백질 쉐이크] 26.06_단백질쉐이크출시_ASC_전환_image,[제과_단백질 쉐이크] 26.06_단백질쉐이크출시_ASC_전환_image,[26.06]F_I_SK초_전환_단백질쉐이크출시_제품강조형_타사비교_.배너_크런치토핑폭탄6천원이.__이유빈_260701_제과_김수정,593,22,14392.0,0
2026-07-02,(미사용) [제과_단백질 쉐이크] 26.06_단백질쉐이크출시_ASC_전환_image,[제과_단백질 쉐이크] 26.06_단백질쉐이크출시_ASC_전환_image,[26.06]F_I_SK곡_전환_단백질쉐이크출시_제품강조형_타사비교_.배너_다른브랜드는이정도토핑에.__이유빈_260701_제과_김수정,185,5,5116.0,0
2026-07-02,(미사용) [제과_단백질 쉐이크] 26.06_단백질쉐이크출시_ASC_전환_image,[제과_단백질 쉐이크] 26.06_단백질쉐이크출시_ASC_전환_image,[26.06]F_I_SK곡_전환_단백질쉐이크출시_제품강조형_타사비교_.배너_토핑이만큼많아서.__이유빈_260701_제과_김수정,212,4,5114.0,1
2026-07-02,(미사용) [제과_단백질 쉐이크] 26.06_단백질쉐이크출시_ASC_전환_image,[제과_단백질 쉐이크] 26.06_단백질쉐이크출시_ASC_전환_image,[26.06]F_I_SK곡_전환_단백질쉐이크출시_제품강조형_타사비교_.배너_토핑좀많이넣었다고.__이유빈_260701_제과_김수정,2134,72,45297.0,5
2026-07-02,(미사용) [제과_단백질 쉐이크] 26.06_단백질쉐이크출시_ASC_전환_image,[제과_단백질 쉐이크] 26.06_단백질쉐이크출시_ASC_전환_image,[26.06]F_I_SK곡_전환_단백질쉐이크출시_제품강조형_라라권위_.배너_찐~하게흔든미숫가루.가격비교X.__이유빈_260701_제과_문다현,5,0,62.0,0
2026-07-02,(미사용) [제과_단백질 쉐이크] 26.06_단백질쉐이크출시_ASC_전환_image,[제과_단백질 쉐이크] 26.06_단백질쉐이크출시_ASC_전환_image,[26.06]F_I_SK곡_전환_단백질쉐이크출시_제품강조형_라라권위_.배너_찐~하게흔든미숫가루.가격비교O.__이유빈_260701_제과_문다현,17,1,988.0,0
2026-07-02,(미사용) [제과_단백질 쉐이크] 26.06_단백질쉐이크출시_ASC_전환_image,[제과_단백질 쉐이크] 26.06_단백질쉐이크출시_ASC_전환_image,[26.06]F_I_SK곡_전환_단백질쉐이크출시_제품강조형_라라권위_.배너_26%압도적토핑량.가격비교O.__이유빈_260701_제과_문다현,5,0,147.0,0
2026-07-02,(미사용) [제과_단백질 쉐이크] 26.06_단백질쉐이크출시_ASC_전환_image,[제과_단백질 쉐이크] 26.06_단백질쉐이크출시_ASC_전환_image,[26.06]F_I_SK초_전환_단백질쉐이크출시_제품강조형_라라권위_.배너_찐한제티에코코볼.가격비교X.__이유빈_260701_제과_문다현,375,8,7685.0,1
2026-07-03,(미사용) [제과_단백질 쉐이크] 26.06_단백질쉐이크출시_ASC_전환_image,[제과_단백질 쉐이크] 26.06_단백질쉐이크출시_ASC_전환_image,[26.06]F_I_SK혼_전환_단백질쉐이크출시_제품강조형_타사비교_.배너_1개살돈으로3개.__이유빈_260701_제과_김수정,56,2,2742.0,0
2026-07-03,(미사용) [제과_단백질 쉐이크] 26.06_단백질쉐이크출시_ASC_전환_image,[제과_단백질 쉐이크] 26.06_단백질쉐이크출시_ASC_전환_image,[26.06]F_I_SK혼_전환_단백질쉐이크출시_제품강조형_타사비교_.배너_1+1해도3천원.__이유빈_260701_제과_김수정,164,6,5463.0,0
2026-07-03,(미사용) [제과_단백질 쉐이크] 26.06_단백질쉐이크출시_ASC_전환_image,[제과_단백질 쉐이크] 26.06_단백질쉐이크출시_ASC_전환_image,[26.06]F_I_SK곡_전환_단백질쉐이크출시_제품강조형_타사비교_.배너_6천원이라비싸서못샀던.__이유빈_260701_제과_김수정,154,7,4144.0,0
2026-07-03,(미사용) [제과_단백질 쉐이크] 26.06_단백질쉐이크출시_ASC_전환_image,[제과_단백질 쉐이크] 26.06_단백질쉐이크출시_ASC_전환_image,[26.06]F_I_SK곡_전환_단백질쉐이크출시_제품강조형_타사비교_.배너_다른브랜드는이정도토핑에.__이유빈_260701_제과_김수정,3,0,97.0,0
2026-07-03,(미사용) [제과_단백질 쉐이크] 26.06_단백질쉐이크출시_ASC_전환_image,[제과_단백질 쉐이크] 26.06_단백질쉐이크출시_ASC_전환_image,[26.06]F_I_SK곡_전환_단백질쉐이크출시_제품강조형_타사비교_.배너_토핑이만큼많아서.__이유빈_260701_제과_김수정,262,6,6904.0,2
2026-07-03,(미사용) [제과_단백질 쉐이크] 26.06_단백질쉐이크출시_ASC_전환_image,[제과_단백질 쉐이크] 26.06_단백질쉐이크출시_ASC_전환_image,[26.06]F_I_SK곡_전환_단백질쉐이크출시_제품강조형_라라권위_.배너_찐~하게흔든미숫가루.가격비교O.__이유빈_260701_제과_문다현,109,0,2960.0,0
2026-07-03,(미사용) [제과_단백질 쉐이크] 26.06_단백질쉐이크출시_ASC_전환_image,[제과_단백질 쉐이크] 26.06_단백질쉐이크출시_ASC_전환_image,[26.06]F_I_SK곡_전환_단백질쉐이크출시_제품강조형_라라권위_.배너_26%압도적토핑량.가격비교O.__이유빈_260701_제과_문다현,1,0,9.0,0
2026-07-04,(미사용) [제과_단백질 쉐이크] 26.06_단백질쉐이크출시_ASC_전환_image,[제과_단백질 쉐이크] 26.06_단백질쉐이크출시_ASC_전환_image,[26.06]F_I_SK혼_전환_단백질쉐이크출시_제품강조형_타사비교_.배너_1개살돈으로3개.__이유빈_260701_제과_김수정,37,3,1560.0,1
2026-07-04,(미사용) [제과_단백질 쉐이크] 26.06_단백질쉐이크출시_ASC_전환_image,[제과_단백질 쉐이크] 26.06_단백질쉐이크출시_ASC_전환_image,[26.06]F_I_SK곡_전환_단백질쉐이크출시_제품강조형_타사비교_.배너_다른브랜드는이정도토핑에.__이유빈_260701_제과_김수정,8,0,271.0,0
2026-07-04,(미사용) [제과_단백질 쉐이크] 26.06_단백질쉐이크출시_ASC_전환_image,[제과_단백질 쉐이크] 26.06_단백질쉐이크출시_ASC_전환_image,[26.06]F_I_SK곡_전환_단백질쉐이크출시_제품강조형_타사비교_.배너_토핑이만큼많아서.__이유빈_260701_제과_김수정,209,7,4916.0,1
2026-07-04,(미사용) [제과_단백질 쉐이크] 26.06_단백질쉐이크출시_ASC_전환_image,[제과_단백질 쉐이크] 26.06_단백질쉐이크출시_ASC_전환_image,[26.06]F_I_SK곡_전환_단백질쉐이크출시_제품강조형_라라권위_.배너_찐~하게흔든미숫가루.가격비교O.__이유빈_260701_제과_문다현,12,0,544.0,0
2026-07-05,(미사용) [제과_단백질 쉐이크] 26.06_단백질쉐이크출시_ASC_전환_image,[제과_단백질 쉐이크] 26.06_단백질쉐이크출시_ASC_전환_image,[26.06]F_I_SK혼_전환_단백질쉐이크출시_제품강조형_타사비교_.배너_1개살돈으로3개.__이유빈_260701_제과_김수정,3,0,68.0,0
2026-07-05,(미사용) [제과_단백질 쉐이크] 26.06_단백질쉐이크출시_ASC_전환_image,[제과_단백질 쉐이크] 26.06_단백질쉐이크출시_ASC_전환_image,[26.06]F_I_SK곡_전환_단백질쉐이크출시_제품강조형_타사비교_.배너_최저가도전합니다.__이유빈_260701_제과_김수정,2,0,47.0,0
2026-07-05,(미사용) [제과_단백질 쉐이크] 26.06_단백질쉐이크출시_ASC_전환_image,[제과_단백질 쉐이크] 26.06_단백질쉐이크출시_ASC_전환_image,[26.06]F_I_SK곡_전환_단백질쉐이크출시_제품강조형_타사비교_.배너_토핑이만큼많아서.__이유빈_260701_제과_김수정,5,0,220.0,0
2026-07-06,(미사용) [제과_단백질 쉐이크] 26.06_단백질쉐이크출시_ASC_전환_image,[제과_단백질 쉐이크] 26.06_단백질쉐이크출시_ASC_전환_image,[26.06]F_I_SK혼_전환_단백질쉐이크출시_제품강조형_타사비교_.배너_1개살돈으로3개.__이유빈_260701_제과_김수정,2,0,177.0,0
2026-07-06,(미사용) [제과_단백질 쉐이크] 26.06_단백질쉐이크출시_ASC_전환_image,[제과_단백질 쉐이크] 26.06_단백질쉐이크출시_ASC_전환_image,[26.06]F_I_SK곡_전환_단백질쉐이크출시_제품강조형_타사비교_.배너_최저가도전합니다.__이유빈_260701_제과_김수정,113,4,3353.0,0
2026-07-06,(미사용) [제과_단백질 쉐이크] 26.06_단백질쉐이크출시_ASC_전환_image,[제과_단백질 쉐이크] 26.06_단백질쉐이크출시_ASC_전환_image,[26.06]F_I_SK곡_전환_단백질쉐이크출시_제품강조형_타사비교_.배너_토핑이만큼많아서.__이유빈_260701_제과_김수정,626,11,14192.0,1
2026-07-06,(미사용) [제과_단백질 쉐이크] 26.06_단백질쉐이크출시_ASC_전환_image,[제과_단백질 쉐이크] 26.06_단백질쉐이크출시_ASC_전환_image,[26.06]F_I_SK곡_전환_단백질쉐이크출시_제품강조형_라라권위_.배너_찐~하게흔든미숫가루.가격비교O.__이유빈_260701_제과_문다현,11,0,283.0,0
2026-07-07,(미사용) [제과_단백질 쉐이크] 26.06_단백질쉐이크출시_ASC_전환_image,[제과_단백질 쉐이크] 26.06_단백질쉐이크출시_ASC_전환_image,[26.06]F_I_SK곡_전환_단백질쉐이크출시_제품강조형_타사비교_.배너_부르주아.__이유빈_260701_제과_김수정,865,9,20989.0,2
2026-07-07,(미사용) [제과_단백질 쉐이크] 26.06_단백질쉐이크출시_ASC_전환_image,[제과_단백질 쉐이크] 26.06_단백질쉐이크출시_ASC_전환_image,[26.06]F_I_SK혼_전환_단백질쉐이크출시_제품강조형_타사비교_.배너_1개살돈으로3개.__이유빈_260701_제과_김수정,304,6,8463.0,0
2026-07-07,(미사용) [제과_단백질 쉐이크] 26.06_단백질쉐이크출시_ASC_전환_image,[제과_단백질 쉐이크] 26.06_단백질쉐이크출시_ASC_전환_image,[26.06]F_I_SK곡_전환_단백질쉐이크출시_제품강조형_타사비교_.배너_최저가도전합니다.__이유빈_260701_제과_김수정,260,6,7259.0,0
2026-07-07,(미사용) [제과_단백질 쉐이크] 26.06_단백질쉐이크출시_ASC_전환_image,[제과_단백질 쉐이크] 26.06_단백질쉐이크출시_ASC_전환_image,[26.06]F_I_SK곡_전환_단백질쉐이크출시_제품강조형_타사비교_.배너_다른브랜드는이정도토핑에.__이유빈_260701_제과_김수정,804,14,17634.0,0
2026-07-07,(미사용) [제과_단백질 쉐이크] 26.06_단백질쉐이크출시_ASC_전환_image,[제과_단백질 쉐이크] 26.06_단백질쉐이크출시_ASC_전환_image,[26.06]F_I_SK곡_전환_단백질쉐이크출시_제품강조형_라라권위_.배너_미숫가루맛에괴물토핑.가격비교O.__이유빈_260701_제과_문다현,2,0,78.0,0
2026-07-07,(미사용) [제과_단백질 쉐이크] 26.06_단백질쉐이크출시_ASC_전환_image,[제과_단백질 쉐이크] 26.06_단백질쉐이크출시_ASC_전환_image,[26.06]F_I_SK곡_전환_단백질쉐이크출시_제품강조형_라라권위_.배너_찐~하게흔든미숫가루.가격비교X.__이유빈_260701_제과_문다현,71,2,1901.0,0
2026-07-07,(미사용) [제과_단백질 쉐이크] 26.06_단백질쉐이크출시_ASC_전환_image,[제과_단백질 쉐이크] 26.06_단백질쉐이크출시_ASC_전환_image,[26.06]F_I_SK곡_전환_단백질쉐이크출시_제품강조형_라라권위_.배너_찐~하게흔든미숫가루.가격비교O.__이유빈_260701_제과_문다현,330,8,8965.0,1
2026-07-07,(미사용) [제과_단백질 쉐이크] 26.06_단백질쉐이크출시_ASC_전환_image,[제과_단백질 쉐이크] 26.06_단백질쉐이크출시_ASC_전환_image,[26.06]F_I_SK곡_전환_단백질쉐이크출시_제품강조형_라라권위_.배너_26%압도적토핑량.가격비교O.__이유빈_260701_제과_문다현,2,0,67.0,0
2026-07-08,(미사용) [제과_단백질 쉐이크] 26.06_단백질쉐이크출시_ASC_전환_image,[제과_단백질 쉐이크] 26.06_단백질쉐이크출시_ASC_전환_image,[26.06]F_I_SK곡_전환_단백질쉐이크출시_제품강조형_라라권위_.배너_미숫가루맛에괴물토핑.가격비교O.__이유빈_260701_제과_문다현,260,3,8630.0,0
2026-07-08,(미사용) [제과_단백질 쉐이크] 26.06_단백질쉐이크출시_ASC_전환_image,[제과_단백질 쉐이크] 26.06_단백질쉐이크출시_ASC_전환_image,[26.06]F_I_SK곡_전환_단백질쉐이크출시_제품강조형_라라권위_.배너_찐~하게흔든미숫가루.가격비교O.__이유빈_260701_제과_문다현,432,12,10777.0,0
2026-07-08,(미사용) [제과_단백질 쉐이크] 26.06_단백질쉐이크출시_ASC_전환_image,[제과_단백질 쉐이크] 26.06_단백질쉐이크출시_ASC_전환_image,[26.06]F_I_SK곡_전환_단백질쉐이크출시_제품강조형_라라권위_.배너_26%압도적토핑량.가격비교O.__이유빈_260701_제과_문다현,305,5,6314.0,0
2026-07-09,(미사용) [제과_단백질 쉐이크] 26.06_단백질쉐이크출시_ASC_전환_image,[제과_단백질 쉐이크] 26.06_단백질쉐이크출시_ASC_전환_image,[26.06]F_I_SK곡_전환_단백질쉐이크출시_제품강조형_라라권위_.배너_26%압도적토핑량.가격비교O.__이유빈_260701_제과_문다현,2298,42,58139.0,9
2026-07-01,[콘스프맛 팝콘] 26.05_콘스프맛팝콘출시_ASC_전환_image (old),[콘스프맛 팝콘] 26.05_콘스프맛팝콘출시_ASC_전환_image (old),[26.06]F_I_PC혼_전환_팝콘더블특가_혜택강조형_페인포인트_.배너_이외상황.영화관.__김소희_260624_제과_김나현,664,9,14516.0,1
2026-07-01,[콘스프맛 팝콘] 26.05_콘스프맛팝콘출시_ASC_전환_image (old),[콘스프맛 팝콘] 26.05_콘스프맛팝콘출시_ASC_전환_image (old),[26.06]F_I_PC혼_전환_팝콘더블특가_혜택강조형__.배너_반값보다싸요.실제팝콘컷.__김소희_260625_제과_문다현,720,16,13229.0,4
2026-07-01,[콘스프맛 팝콘] 26.05_콘스프맛팝콘출시_ASC_전환_image (old),[콘스프맛 팝콘] 26.05_콘스프맛팝콘출시_ASC_전환_image (old),[26.06]F_I_PC혼_전환_팝콘더블특가_매거진형_다이어트_.배너_일상상황공감.다이어트간식치고.AI.__김소희_260625_제과_김수정,87,2,1564.0,0
2026-07-01,[제과_단백질 쉐이크] 26.06_단백질쉐이크출시_수동_전환_video,취식형(재)_0629,[26.06]F_V_SK곡_전환_단백질쉐이크출시_신규BP_개당가메리트.재편집_var4.릴스_뭐먹을지모르겠다.X_2P_이유빈_260629_제과_이미진,990,17,23422.0,1
2026-07-01,[콘스프맛 팝콘] 26.05_콘스프맛팝콘출시_ASC_전환_image (old),[콘스프맛 팝콘] 26.05_콘스프맛팝콘출시_ASC_전환_image (old),[26.06]F_I_PC혼_전환_팝콘더블특가_혜택강조형_다이어트_.배너_입터짐방지템.입터져서.__김소희_260629_제과_김수정,31,0,819.0,1
2026-07-01,[콘스프맛 팝콘] 26.05_콘스프맛팝콘출시_ASC_전환_image (old),[콘스프맛 팝콘] 26.05_콘스프맛팝콘출시_ASC_전환_image (old),[26.06]F_I_PC혼_전환_팝콘더블특가_혜택강조형_다이어트_.배너_입터짐방지템.짭짤한거땡길때.__김소희_260629_제과_김수정,66,2,3823.0,0
2026-07-01,[제과_단백질 쉐이크] 26.06_단백질쉐이크출시_수동_전환_video,인플루언서형(재)_0629,[26.06]F_V_SK혼_전환_단백질쉐이크출시_신규BP_개당가메리트.재편집_var2.릴스_기존.혜택.X_2P_이유빈_260629_제과_이봄1,496,2,13284.0,1
2026-07-01,[제과_단백질 쉐이크] 26.06_단백질쉐이크출시_수동_전환_video,인플루언서형(재)_0629,[26.06]F_V_SK혼_전환_단백질쉐이크출시_신규BP_개당가메리트.재편집_var3.릴스_기존.취식.X_2P_이유빈_260629_제과_이봄1,492,4,12042.0,0
2026-07-01,[제과_단백질 쉐이크] 26.06_단백질쉐이크출시_수동_전환_video,인플루언서형(재)_0629,[26.06]F_V_SK혼_전환_단백질쉐이크출시_신규BP_개당가메리트.재편집_var4.릴스_기존.라라스윗권위.X_2P_이유빈_260629_제과_이봄1,15,0,273.0,0
2026-07-02,[콘스프맛 팝콘] 26.05_콘스프맛팝콘출시_ASC_전환_image (old),[콘스프맛 팝콘] 26.05_콘스프맛팝콘출시_ASC_전환_image (old),[26.06]F_I_PC혼_전환_팝콘더블특가_혜택강조형__.배너_반값보다싸요.실제팝콘컷.__김소희_260625_제과_문다현,259,4,4467.0,0
2026-07-02,[콘스프맛 팝콘] 26.05_콘스프맛팝콘출시_ASC_전환_image (old),[콘스프맛 팝콘] 26.05_콘스프맛팝콘출시_ASC_전환_image (old),[26.06]F_I_PC혼_전환_팝콘더블특가_혜택강조형_다이어트_.배너_입터짐방지템.입터져서.__김소희_260629_제과_김수정,4,0,84.0,0
2026-07-02,[콘스프맛 팝콘] 26.05_콘스프맛팝콘출시_ASC_전환_image (old),[콘스프맛 팝콘] 26.05_콘스프맛팝콘출시_ASC_전환_image (old),[26.06]F_I_PC혼_전환_팝콘더블특가_혜택강조형_다이어트_.배너_입터짐방지템.짭짤한거땡길때.__김소희_260629_제과_김수정,2,0,70.0,0
2026-07-01,[제과_단백질 쉐이크] 26.06_단백질쉐이크출시_수동_전환_video,고객검증형(재)_0629,[26.06]F_V_SK혼_전환_단백질쉐이크출시_신규BP_개당가메리트.재편집_var1.릴스_토핑국밥.X_2P_이유빈_260629_제과_윤성미,116,1,2539.0,0
2026-07-01,[제과_단백질 쉐이크] 26.06_단백질쉐이크출시_ASC_전환_video,[제과_단백질 쉐이크] 26.06_단백질쉐이크출시_ASC_전환_video,[26.06]F_V_SK혼_전환_단백질쉐이크출시_신규BP_개당가메리트.재편집_var2.릴스_커피한잔값.X_2P_이유빈_260629_제과_윤성미,6342,140,113102.0,13
2026-07-01,[제과_단백질 쉐이크] 26.06_단백질쉐이크출시_수동_전환_video,취식형(재)_0629,[26.06]F_V_SK곡_전환_단백질쉐이크출시_신규BP_개당가메리트.재편집_var2.릴스_토핑국밥.X_2P_이유빈_260629_제과_이미진,480,7,9964.0,1
2026-07-01,[콘스프맛 팝콘] 26.05_콘스프맛팝콘출시_ASC_전환_image (old),[콘스프맛 팝콘] 26.05_콘스프맛팝콘출시_ASC_전환_image (old),[26.06]F_I_PC혼_전환_팝콘더블특가_혜택강조형__.배너_혜택강조형.영수증.__김소희_260629_제과_김수정,657,17,16398.0,4
2026-07-01,[콘스프맛 팝콘] 26.05_콘스프맛팝콘출시_ASC_전환_image (old),[콘스프맛 팝콘] 26.05_콘스프맛팝콘출시_ASC_전환_image (old),[26.06]F_I_PC혼_전환_팝콘더블특가_혜택강조형__.배너_혜택강조형.반값보다싸요.__김소희_260629_제과_김수정,410,7,8325.0,0
2026-07-01,[콘스프맛 팝콘] 26.05_콘스프맛팝콘출시_ASC_전환_image (old),[콘스프맛 팝콘] 26.05_콘스프맛팝콘출시_ASC_전환_image (old),[26.06]F_I_PC혼_전환_팝콘더블특가_혜택강조형__.배너_혜택강조형.찐속세맛보시라고.__김소희_260629_제과_김수정,390,11,11664.0,2
2026-07-01,[콘스프맛 팝콘] 26.05_콘스프맛팝콘출시_ASC_전환_image (old),[콘스프맛 팝콘] 26.05_콘스프맛팝콘출시_ASC_전환_image (old),[26.06]F_I_PC혼_전환_팝콘더블특가_혜택강조형__.배너_혜택강조형.반값에쟁이세요.__김소희_260629_제과_김수정,453,9,9743.0,0
2026-07-01,[콘스프맛 팝콘] 26.05_콘스프맛팝콘출시_ASC_전환_image (old),[콘스프맛 팝콘] 26.05_콘스프맛팝콘출시_ASC_전환_image (old),[26.06]F_I_PC혼_전환_팝콘더블특가_혜택강조형_다이어트_.배너_입터짐방지템.요요.__김소희_260629_제과_김수정,230,7,7567.0,2
2026-07-02,[제과_단백질 쉐이크] 26.06_단백질쉐이크출시_수동_전환_video,고객검증형(재)_0629,[26.06]F_V_SK혼_전환_단백질쉐이크출시_신규BP_개당가메리트.재편집_var1.릴스_토핑국밥.X_2P_이유빈_260629_제과_윤성미,2,0,19.0,0
2026-07-02,[콘스프맛 팝콘] 26.05_콘스프맛팝콘출시_ASC_전환_image (old),[콘스프맛 팝콘] 26.05_콘스프맛팝콘출시_ASC_전환_image (old),[26.06]F_I_PC혼_전환_팝콘더블특가_혜택강조형__.배너_혜택강조형.영수증.__김소희_260629_제과_김수정,19,0,513.0,0
2026-07-02,[콘스프맛 팝콘] 26.05_콘스프맛팝콘출시_ASC_전환_image (old),[콘스프맛 팝콘] 26.05_콘스프맛팝콘출시_ASC_전환_image (old),[26.06]F_I_PC혼_전환_팝콘더블특가_혜택강조형__.배너_혜택강조형.반값보다싸요.__김소희_260629_제과_김수정,17,0,245.0,0
2026-07-02,[콘스프맛 팝콘] 26.05_콘스프맛팝콘출시_ASC_전환_image (old),[콘스프맛 팝콘] 26.05_콘스프맛팝콘출시_ASC_전환_image (old),[26.06]F_I_PC혼_전환_팝콘더블특가_혜택강조형__.배너_혜택강조형.찐속세맛보시라고.__김소희_260629_제과_김수정,15,0,535.0,0
2026-07-02,[콘스프맛 팝콘] 26.05_콘스프맛팝콘출시_ASC_전환_image (old),[콘스프맛 팝콘] 26.05_콘스프맛팝콘출시_ASC_전환_image (old),[26.06]F_I_PC혼_전환_팝콘더블특가_혜택강조형__.배너_혜택강조형.반값에쟁이세요.__김소희_260629_제과_김수정,24,2,471.0,0
2026-07-03,[제과_단백질 쉐이크] 26.06_단백질쉐이크출시_수동_전환_video,취식형(재)_0629,[26.06]F_V_SK곡_전환_단백질쉐이크출시_신규BP_개당가메리트.재편집_var2.릴스_토핑국밥.X_2P_이유빈_260629_제과_이미진,547,8,14883.0,0
2026-07-08,[제과_단백질 쉐이크] 26.06_단백질쉐이크출시_수동_전환_video,고객검증형(재)_0629,[26.06]F_V_SK혼_전환_단백질쉐이크출시_신규BP_개당가메리트.재편집_var1.릴스_토핑국밥.X_2P_이유빈_260629_제과_윤성미,97,5,3370.0,1
2026-07-01,[제과_단백질 쉐이크] 26.06_단백질쉐이크출시_ASC_전환_video,[제과_단백질 쉐이크] 26.06_단백질쉐이크출시_ASC_전환_video,[26.06]F_V_SK혼_전환_단백질쉐이크출시_맛인지형_먹스타_main.릴스_브랜드권위.X_2P_이유빈_260624_제과_이미진,5531,61,72103.0,4
2026-07-01,[제과_단백질 쉐이크] 26.06_단백질쉐이크출시_ASC_전환_video,[제과_단백질 쉐이크] 26.06_단백질쉐이크출시_ASC_전환_video,[26.06]F_V_SK혼_전환_단백질쉐이크출시_맛인지형_먹스타_var2.릴스_곡물맛강조.X_2P_이유빈_260624_제과_이미진,14,0,314.0,0
2026-07-01,[제과_콘스프맛 팝콘] 26.05_콘스프맛팝콘출시_수동_전환_video,지인네고형_팝콘더블특가_콘스프맛 (~7/1),[26.06]F_V_PC콘_전환_팝콘더블특가_네고형_지인네고형.다이어트_var1.릴스_취식상황강조1.슬기.X_1P_최나영_260626_제과_문형민,68,1,1775.0,0
2026-07-01,[제과_단백질 쉐이크] 26.06_단백질쉐이크출시_수동_전환_video,취식강조형_0626,[26.06]F_V_SK곡_전환_단백질쉐이크출시_신규BP_쉐이크베이비.건강자극_vaar3.릴스_라라권위.X_2P_이유빈_260626_제과_이미진,984,26,21672.0,4
2026-07-01,[제과_단백질 쉐이크] 26.06_단백질쉐이크출시_ASC_전환_video,[제과_단백질 쉐이크] 26.06_단백질쉐이크출시_ASC_전환_video,[26.06]F_V_SK곡_전환_단백질쉐이크출시_신규BP_쉐이크베이비.건강자극_main.릴스_미숫가루설탕.X_2P_이유빈_260626_제과_이미진,3204,106,83763.0,5
2026-07-02,(마스터ASC)[제과_콘스프맛 팝콘] 26.05_콘스프맛팝콘출시_ASC_전환_video,(마스터ASC)[콘스프맛 팝콘] 26.05_콘스프맛팝콘출시_ASC_전환_video,[26.06]F_V_PC콘_전환_팝콘더블특가_네고형_전화네고형.다이어트_var1.릴스_다이어트.슬기.X_1P_최나영_260625_제과_피재은,2246,29,38266.0,4
2026-07-02,[제과_콘스프맛 팝콘] 26.05_콘스프맛팝콘출시_수동_전환_video,지인네고형_팝콘더블특가_콘스프맛 (~7/1),[26.06]F_V_PC콘_전환_팝콘더블특가_네고형_지인네고형.다이어트_var1.릴스_취식상황강조1.슬기.X_1P_최나영_260626_제과_문형민,12,0,297.0,1
2026-07-02,[제과_단백질 쉐이크] 26.06_단백질쉐이크출시_수동_전환_video,취식강조형_0626,[26.06]F_V_SK곡_전환_단백질쉐이크출시_신규BP_쉐이크베이비.건강자극_vaar3.릴스_라라권위.X_2P_이유빈_260626_제과_이미진,1175,37,33511.0,5
2026-07-03,[제과_단백질 쉐이크] 26.06_단백질쉐이크출시_ASC_전환_video,[제과_단백질 쉐이크] 26.06_단백질쉐이크출시_ASC_전환_video,[26.06]F_V_SK혼_전환_단백질쉐이크출시_맛인지형_먹스타_var2.릴스_곡물맛강조.X_2P_이유빈_260624_제과_이미진,66,0,1377.0,0
2026-07-03,(마스터ASC)[제과_콘스프맛 팝콘] 26.05_콘스프맛팝콘출시_ASC_전환_video,(마스터ASC)[콘스프맛 팝콘] 26.05_콘스프맛팝콘출시_ASC_전환_video,[26.06]F_V_PC콘_전환_팝콘더블특가_네고형_전화네고형.다이어트_var1.릴스_다이어트.슬기.X_1P_최나영_260625_제과_피재은,73,0,1346.0,1
2026-07-03,[제과_단백질 쉐이크] 26.06_단백질쉐이크출시_수동_전환_video,취식강조형_0626,[26.06]F_V_SK곡_전환_단백질쉐이크출시_신규BP_쉐이크베이비.건강자극_vaar3.릴스_라라권위.X_2P_이유빈_260626_제과_이미진,1600,56,40469.0,4
2026-07-04,(마스터ASC)[제과_콘스프맛 팝콘] 26.05_콘스프맛팝콘출시_ASC_전환_video,(마스터ASC)[콘스프맛 팝콘] 26.05_콘스프맛팝콘출시_ASC_전환_video,[26.06]F_V_PC콘_전환_팝콘더블특가_네고형_전화네고형.다이어트_var1.릴스_다이어트.슬기.X_1P_최나영_260625_제과_피재은,94,0,1502.0,0
2026-07-05,[제과_단백질 쉐이크] 26.06_단백질쉐이크출시_ASC_전환_video,[제과_단백질 쉐이크] 26.06_단백질쉐이크출시_ASC_전환_video,[26.06]F_V_SK혼_전환_단백질쉐이크출시_맛인지형_먹스타_var2.릴스_곡물맛강조.X_2P_이유빈_260624_제과_이미진,1,0,10.0,0
2026-07-05,(마스터ASC)[제과_콘스프맛 팝콘] 26.05_콘스프맛팝콘출시_ASC_전환_video,(마스터ASC)[콘스프맛 팝콘] 26.05_콘스프맛팝콘출시_ASC_전환_video,[26.06]F_V_PC콘_전환_팝콘더블특가_네고형_전화네고형.다이어트_var1.릴스_다이어트.슬기.X_1P_최나영_260625_제과_피재은,141,2,2407.0,3
2026-07-05,[제과_콘스프맛 팝콘] 26.05_콘스프맛팝콘출시_수동_전환_video,지인네고형_팝콘더블특가_콘스프맛 (~7/1),[26.06]F_V_PC콘_전환_팝콘더블특가_네고형_지인네고형.다이어트_var1.릴스_취식상황강조1.슬기.X_1P_최나영_260626_제과_문형민,5,0,230.0,0
2026-07-06,(마스터ASC)[제과_콘스프맛 팝콘] 26.05_콘스프맛팝콘출시_ASC_전환_video,(마스터ASC)[콘스프맛 팝콘] 26.05_콘스프맛팝콘출시_ASC_전환_video,[26.06]F_V_PC콘_전환_팝콘더블특가_네고형_전화네고형.다이어트_var1.릴스_다이어트.슬기.X_1P_최나영_260625_제과_피재은,896,15,14947.0,5
2026-07-07,(마스터ASC)[제과_콘스프맛 팝콘] 26.05_콘스프맛팝콘출시_ASC_전환_video,(마스터ASC)[콘스프맛 팝콘] 26.05_콘스프맛팝콘출시_ASC_전환_video,[26.06]F_V_PC콘_전환_팝콘더블특가_네고형_전화네고형.다이어트_var1.릴스_다이어트.슬기.X_1P_최나영_260625_제과_피재은,245,3,4486.0,0
2026-07-08,[제과_단백질 쉐이크] 26.06_단백질쉐이크출시_ASC_전환_video,[제과_단백질 쉐이크] 26.06_단백질쉐이크출시_ASC_전환_video,[26.06]F_V_SK혼_전환_단백질쉐이크출시_맛인지형_먹스타_var2.릴스_곡물맛강조.X_2P_이유빈_260624_제과_이미진,2,0,32.0,0
2026-07-08,(마스터ASC)[제과_콘스프맛 팝콘] 26.05_콘스프맛팝콘출시_ASC_전환_video,(마스터ASC)[콘스프맛 팝콘] 26.05_콘스프맛팝콘출시_ASC_전환_video,[26.06]F_V_PC콘_전환_팝콘더블특가_네고형_전화네고형.다이어트_var1.릴스_다이어트.슬기.X_1P_최나영_260625_제과_피재은,10,2,143.0,2
2026-07-08,[제과_콘스프맛 팝콘] 26.05_콘스프맛팝콘출시_수동_전환_video,지인네고형_팝콘더블특가_콘스프맛 (~7/1),[26.06]F_V_PC콘_전환_팝콘더블특가_네고형_지인네고형.다이어트_var1.릴스_취식상황강조1.슬기.X_1P_최나영_260626_제과_문형민,44,0,1048.0,0
2026-07-09,(마스터ASC)[제과_콘스프맛 팝콘] 26.05_콘스프맛팝콘출시_ASC_전환_video,(마스터ASC)[콘스프맛 팝콘] 26.05_콘스프맛팝콘출시_ASC_전환_video,[26.06]F_V_PC콘_전환_팝콘더블특가_네고형_전화네고형.다이어트_var1.릴스_다이어트.슬기.X_1P_최나영_260625_제과_피재은,5,0,113.0,0
2026-07-09,[제과_콘스프맛 팝콘] 26.05_콘스프맛팝콘출시_수동_전환_video,지인네고형_팝콘더블특가_콘스프맛 (~7/1),[26.06]F_V_PC콘_전환_팝콘더블특가_네고형_지인네고형.다이어트_var1.릴스_취식상황강조1.슬기.X_1P_최나영_260626_제과_문형민,6,1,226.0,1
2026-07-10,[제과_콘스프맛 팝콘] 26.05_콘스프맛팝콘출시_수동_전환_video,지인네고형_팝콘더블특가_콘스프맛 (~7/1),[26.06]F_V_PC콘_전환_팝콘더블특가_네고형_지인네고형.다이어트_var1.릴스_취식상황강조1.슬기.X_1P_최나영_260626_제과_문형민,1,0,6.0,0
2026-07-13,[제과_콘스프맛 팝콘] 26.05_콘스프맛팝콘출시_수동_전환_video,지인네고형_팝콘더블특가_콘스프맛 (~7/1),[26.06]F_V_PC콘_전환_팝콘더블특가_네고형_지인네고형.다이어트_var1.릴스_취식상황강조1.슬기.X_1P_최나영_260626_제과_문형민,108,1,1939.0,0
2026-07-14,(마스터ASC)[제과_콘스프맛 팝콘] 26.05_콘스프맛팝콘출시_ASC_전환_video,(마스터ASC)[콘스프맛 팝콘] 26.05_콘스프맛팝콘출시_ASC_전환_video,[26.06]F_V_PC콘_전환_팝콘더블특가_네고형_전화네고형.다이어트_var1.릴스_다이어트.슬기.X_1P_최나영_260625_제과_피재은,6,0,35.0,0
2026-07-14,[제과_콘스프맛 팝콘] 26.05_콘스프맛팝콘출시_수동_전환_video,지인네고형_팝콘더블특가_콘스프맛 (~7/1),[26.06]F_V_PC콘_전환_팝콘더블특가_네고형_지인네고형.다이어트_var1.릴스_취식상황강조1.슬기.X_1P_최나영_260626_제과_문형민,1,0,17.0,0
2026-07-01,(마스터ASC)[제과_콘스프맛 팝콘] 26.05_콘스프맛팝콘출시_ASC_전환_video,(마스터ASC)[콘스프맛 팝콘] 26.05_콘스프맛팝콘출시_ASC_전환_video,[26.06]F_V_PC콘_전환_팝콘더블특가_네고형_지인네고형.다이어트_var3.릴스_운동상황강조1.슬기.X_1P_최나영_260626_제과_문형민,678,20,14979.0,7
2026-07-01,(마스터ASC)[제과_콘스프맛 팝콘] 26.05_콘스프맛팝콘출시_ASC_전환_video,(마스터ASC)[콘스프맛 팝콘] 26.05_콘스프맛팝콘출시_ASC_전환_video,[26.06]F_V_PC콘_전환_팝콘더블특가_네고형_지인네고형.다이어트_var4.릴스_운동상황강조2.슬기.X_1P_최나영_260626_제과_문형민,226,7,4666.0,1
2026-07-01,[제과_콘스프맛 팝콘] 26.05_콘스프맛팝콘출시_수동_전환_video,지인네고형_팝콘더블특가_콘스프맛 (~7/1),[26.06]F_V_PC콘_전환_팝콘더블특가_네고형_지인네고형.다이어트_main.릴스_메인.슬기.X_1P_최나영_260626_제과_문형민,45310,914,717893.0,158
2026-07-01,(미사용) [제과_단백질 쉐이크] 26.06_단백질쉐이크출시_ASC_전환_image,[제과_단백질 쉐이크] 26.06_단백질쉐이크출시_ASC_전환_image,[26.06]F_I_SK곡_전환_단백질쉐이크출시_제품강조형_건강자극_.배너_말티톨.__이유빈_260626_제과_김나현,2,0,93.0,0
2026-07-01,[콘스프맛 팝콘] 26.05_콘스프맛팝콘출시_ASC_전환_image (old),[콘스프맛 팝콘] 26.05_콘스프맛팝콘출시_ASC_전환_image (old),[26.06]F_I_PC혼_전환_팝콘더블특가_혜택강조형_다이어트_.배너_메세지테스트.51%.패키지박스.__김소희_260626_제과_김수정,16,0,224.0,0
2026-07-01,[제과_콘스프맛 팝콘] 26.05_콘스프맛팝콘출시_수동_전환_image,메세지&반값_팝콘더블특가 (~7/1),[26.06]F_I_PC혼_전환_팝콘더블특가_혜택강조형_다이어트_.배너_메세지테스트.51%.패키지박스.__김소희_260626_제과_김수정,81,6,2589.0,1
2026-07-01,[콘스프맛 팝콘] 26.05_콘스프맛팝콘출시_ASC_전환_image (old),[콘스프맛 팝콘] 26.05_콘스프맛팝콘출시_ASC_전환_image (old),[26.06]F_I_PC혼_전환_팝콘더블특가_혜택강조형_다이어트_.릴스_가격네고타이핑.__김소희_260626_제과_김수정,80,1,813.0,0
2026-07-01,[콘스프맛 팝콘] 26.05_콘스프맛팝콘출시_ASC_전환_image (old),[콘스프맛 팝콘] 26.05_콘스프맛팝콘출시_ASC_전환_image (old),[26.06]F_I_PC혼_전환_팝콘더블특가_혜택강조형_다이어트_.릴스_죄송합니다반복.__김소희_260626_제과_김수정,1,0,8.0,0
2026-07-02,(마스터ASC)[제과_콘스프맛 팝콘] 26.05_콘스프맛팝콘출시_ASC_전환_video,(마스터ASC)[콘스프맛 팝콘] 26.05_콘스프맛팝콘출시_ASC_전환_video,[26.06]F_V_PC콘_전환_팝콘더블특가_네고형_지인네고형.다이어트_var3.릴스_운동상황강조1.슬기.X_1P_최나영_260626_제과_문형민,1251,25,23947.0,3
2026-07-02,(마스터ASC)[제과_콘스프맛 팝콘] 26.05_콘스프맛팝콘출시_ASC_전환_video,(마스터ASC)[콘스프맛 팝콘] 26.05_콘스프맛팝콘출시_ASC_전환_video,[26.06]F_V_PC콘_전환_팝콘더블특가_네고형_지인네고형.다이어트_var4.릴스_운동상황강조2.슬기.X_1P_최나영_260626_제과_문형민,877,17,13884.0,6
2026-07-02,[제과_콘스프맛 팝콘] 26.05_콘스프맛팝콘출시_수동_전환_video,지인네고형_팝콘더블특가_콘스프맛 (~7/1),[26.06]F_V_PC콘_전환_팝콘더블특가_네고형_지인네고형.다이어트_main.릴스_메인.슬기.X_1P_최나영_260626_제과_문형민,18239,343,286260.0,51
2026-07-02,(마스터ASC)[제과_콘스프맛 팝콘] 26.05_콘스프맛팝콘출시_ASC_전환_video,(마스터ASC)[콘스프맛 팝콘] 26.05_콘스프맛팝콘출시_ASC_전환_video,[26.06]F_V_PC콘_전환_팝콘더블특가_문제공감형_삼팔당땡BP.다이어트_main.릴스_메인.추가건PJ_1P_최나영_260626_제과_피재은,488,11,9125.0,1
2026-07-02,[콘스프맛 팝콘] 26.05_콘스프맛팝콘출시_ASC_전환_image (old),[콘스프맛 팝콘] 26.05_콘스프맛팝콘출시_ASC_전환_image (old),[26.06]F_I_PC혼_전환_팝콘더블특가_혜택강조형_다이어트_.배너_메세지테스트.51%.패키지규모감.__김소희_260626_제과_김수정,284,6,5688.0,1
2026-07-02,[콘스프맛 팝콘] 26.05_콘스프맛팝콘출시_ASC_전환_image (old),[콘스프맛 팝콘] 26.05_콘스프맛팝콘출시_ASC_전환_image (old),[26.06]F_I_PC혼_전환_팝콘더블특가_혜택강조형_다이어트_.배너_네고.최대51%할인.__김소희_260626_제과_김수정,70,0,848.0,0
2026-07-02,[콘스프맛 팝콘] 26.05_콘스프맛팝콘출시_ASC_전환_image (old),[콘스프맛 팝콘] 26.05_콘스프맛팝콘출시_ASC_전환_image (old),[26.06]F_I_PC혼_전환_팝콘더블특가_혜택강조형_다이어트_.배너_메세지테스트.더블할인.패키지박스.__김소희_260626_제과_김수정,1,0,17.0,0
2026-07-02,[콘스프맛 팝콘] 26.05_콘스프맛팝콘출시_ASC_전환_image (old),[콘스프맛 팝콘] 26.05_콘스프맛팝콘출시_ASC_전환_image (old),[26.06]F_I_PC혼_전환_팝콘더블특가_혜택강조형_다이어트_.배너_반값보다싸요.__김소희_260626_제과_김수정,37,0,832.0,0
2026-07-02,[콘스프맛 팝콘] 26.05_콘스프맛팝콘출시_ASC_전환_image (old),[콘스프맛 팝콘] 26.05_콘스프맛팝콘출시_ASC_전환_image (old),[26.06]F_I_PC혼_전환_팝콘더블특가_혜택강조형_다이어트_.릴스_죄송합니다반복.__김소희_260626_제과_김수정,491,10,6041.0,3
2026-07-03,(마스터ASC)[제과_콘스프맛 팝콘] 26.05_콘스프맛팝콘출시_ASC_전환_video,(마스터ASC)[콘스프맛 팝콘] 26.05_콘스프맛팝콘출시_ASC_전환_video,[26.06]F_V_PC콘_전환_팝콘더블특가_네고형_지인네고형.다이어트_var3.릴스_운동상황강조1.슬기.X_1P_최나영_260626_제과_문형민,113,4,2263.0,0
2026-07-03,(마스터ASC)[제과_콘스프맛 팝콘] 26.05_콘스프맛팝콘출시_ASC_전환_video,(마스터ASC)[콘스프맛 팝콘] 26.05_콘스프맛팝콘출시_ASC_전환_video,[26.06]F_V_PC콘_전환_팝콘더블특가_네고형_지인네고형.다이어트_var4.릴스_운동상황강조2.슬기.X_1P_최나영_260626_제과_문형민,17,0,232.0,0
2026-07-03,[제과_콘스프맛 팝콘] 26.05_콘스프맛팝콘출시_수동_전환_video,지인네고형_팝콘더블특가_콘스프맛 (~7/1),[26.06]F_V_PC콘_전환_팝콘더블특가_네고형_지인네고형.다이어트_main.릴스_메인.슬기.X_1P_최나영_260626_제과_문형민,11429,224,174182.0,30
2026-07-03,(마스터ASC)[제과_콘스프맛 팝콘] 26.05_콘스프맛팝콘출시_ASC_전환_video,(마스터ASC)[콘스프맛 팝콘] 26.05_콘스프맛팝콘출시_ASC_전환_video,[26.06]F_V_PC콘_전환_팝콘더블특가_문제공감형_삼팔당땡BP.다이어트_main.릴스_메인.추가건PJ_1P_최나영_260626_제과_피재은,4,0,47.0,0
2026-07-04,(마스터ASC)[제과_콘스프맛 팝콘] 26.05_콘스프맛팝콘출시_ASC_전환_video,(마스터ASC)[콘스프맛 팝콘] 26.05_콘스프맛팝콘출시_ASC_전환_video,[26.06]F_V_PC콘_전환_팝콘더블특가_네고형_지인네고형.다이어트_var3.릴스_운동상황강조1.슬기.X_1P_최나영_260626_제과_문형민,348,11,7993.0,1
2026-07-04,(마스터ASC)[제과_콘스프맛 팝콘] 26.05_콘스프맛팝콘출시_ASC_전환_video,(마스터ASC)[콘스프맛 팝콘] 26.05_콘스프맛팝콘출시_ASC_전환_video,[26.06]F_V_PC콘_전환_팝콘더블특가_네고형_지인네고형.다이어트_var4.릴스_운동상황강조2.슬기.X_1P_최나영_260626_제과_문형민,572,13,9451.0,0
2026-07-04,[제과_콘스프맛 팝콘] 26.05_콘스프맛팝콘출시_수동_전환_video,지인네고형_팝콘더블특가_콘스프맛 (~7/1),[26.06]F_V_PC콘_전환_팝콘더블특가_네고형_지인네고형.다이어트_main.릴스_메인.슬기.X_1P_최나영_260626_제과_문형민,19323,359,277204.0,42
2026-07-04,(미사용) [제과_단백질 쉐이크] 26.06_단백질쉐이크출시_ASC_전환_image,[제과_단백질 쉐이크] 26.06_단백질쉐이크출시_ASC_전환_image,[26.06]F_I_SK곡_전환_단백질쉐이크출시_제품강조형_건강자극_.배너_말티톨.__이유빈_260626_제과_김나현,3,0,33.0,0
2026-07-04,(미사용) [제과_단백질 쉐이크] 26.06_단백질쉐이크출시_ASC_전환_image,[제과_단백질 쉐이크] 26.06_단백질쉐이크출시_ASC_전환_image,[26.06]F_I_SK곡_전환_단백질쉐이크출시_혜택강조형_맛강조_.배너_찐한.__이유빈_260626_제과_김나현,4,0,73.0,0
2026-07-04,(마스터ASC)[제과_콘스프맛 팝콘] 26.05_콘스프맛팝콘출시_ASC_전환_video,(마스터ASC)[콘스프맛 팝콘] 26.05_콘스프맛팝콘출시_ASC_전환_video,[26.06]F_V_PC콘_전환_팝콘더블특가_문제공감형_삼팔당땡BP.다이어트_main.릴스_메인.추가건PJ_1P_최나영_260626_제과_피재은,337,6,5475.0,1
2026-07-05,[제과_콘스프맛 팝콘] 26.05_콘스프맛팝콘출시_수동_전환_video,지인네고형_팝콘더블특가_콘스프맛 (~7/1),[26.06]F_V_PC콘_전환_팝콘더블특가_네고형_지인네고형.다이어트_main.릴스_메인.슬기.X_1P_최나영_260626_제과_문형민,15738,365,236422.0,40
2026-07-05,(마스터ASC)[제과_콘스프맛 팝콘] 26.05_콘스프맛팝콘출시_ASC_전환_video,(마스터ASC)[콘스프맛 팝콘] 26.05_콘스프맛팝콘출시_ASC_전환_video,[26.06]F_V_PC콘_전환_팝콘더블특가_문제공감형_삼팔당땡BP.다이어트_main.릴스_메인.추가건PJ_1P_최나영_260626_제과_피재은,355,5,5193.0,0
2026-07-06,[제과_콘스프맛 팝콘] 26.05_콘스프맛팝콘출시_수동_전환_video,지인네고형_팝콘더블특가_콘스프맛 (~7/1),[26.06]F_V_PC콘_전환_팝콘더블특가_네고형_지인네고형.다이어트_main.릴스_메인.슬기.X_1P_최나영_260626_제과_문형민,19086,362,276864.0,49
2026-07-06,(미사용) [제과_단백질 쉐이크] 26.06_단백질쉐이크출시_ASC_전환_image,[제과_단백질 쉐이크] 26.06_단백질쉐이크출시_ASC_전환_image,[26.06]F_I_SK곡_전환_단백질쉐이크출시_제품강조형_건강자극_.배너_말티톨.__이유빈_260626_제과_김나현,2,0,26.0,0
2026-07-06,(미사용) [제과_단백질 쉐이크] 26.06_단백질쉐이크출시_ASC_전환_image,[제과_단백질 쉐이크] 26.06_단백질쉐이크출시_ASC_전환_image,[26.06]F_I_SK곡_전환_단백질쉐이크출시_혜택강조형_맛강조_.배너_찐한.__이유빈_260626_제과_김나현,1,0,12.0,0
2026-07-06,(마스터ASC)[제과_콘스프맛 팝콘] 26.05_콘스프맛팝콘출시_ASC_전환_video,(마스터ASC)[콘스프맛 팝콘] 26.05_콘스프맛팝콘출시_ASC_전환_video,[26.06]F_V_PC콘_전환_팝콘더블특가_문제공감형_삼팔당땡BP.다이어트_main.릴스_메인.추가건PJ_1P_최나영_260626_제과_피재은,377,5,5451.0,0
2026-07-07,[제과_콘스프맛 팝콘] 26.05_콘스프맛팝콘출시_수동_전환_video,지인네고형_팝콘더블특가_콘스프맛 (~7/1),[26.06]F_V_PC콘_전환_팝콘더블특가_네고형_지인네고형.다이어트_main.릴스_메인.슬기.X_1P_최나영_260626_제과_문형민,31433,655,473624.0,77
2026-07-07,(미사용) [제과_단백질 쉐이크] 26.06_단백질쉐이크출시_ASC_전환_image,[제과_단백질 쉐이크] 26.06_단백질쉐이크출시_ASC_전환_image,[26.06]F_I_SK곡_전환_단백질쉐이크출시_제품강조형_건강자극_.배너_말티톨.__이유빈_260626_제과_김나현,1,0,18.0,0
2026-07-07,(마스터ASC)[제과_콘스프맛 팝콘] 26.05_콘스프맛팝콘출시_ASC_전환_video,(마스터ASC)[콘스프맛 팝콘] 26.05_콘스프맛팝콘출시_ASC_전환_video,[26.06]F_V_PC콘_전환_팝콘더블특가_문제공감형_삼팔당땡BP.다이어트_main.릴스_메인.추가건PJ_1P_최나영_260626_제과_피재은,45,0,799.0,0
2026-07-08,[제과_콘스프맛 팝콘] 26.05_콘스프맛팝콘출시_수동_전환_video,지인네고형_팝콘더블특가_콘스프맛 (~7/1),[26.06]F_V_PC콘_전환_팝콘더블특가_네고형_지인네고형.다이어트_main.릴스_메인.슬기.X_1P_최나영_260626_제과_문형민,50611,1101,764099.0,145
2026-07-08,(미사용) [제과_단백질 쉐이크] 26.06_단백질쉐이크출시_ASC_전환_image,[제과_단백질 쉐이크] 26.06_단백질쉐이크출시_ASC_전환_image,[26.06]F_I_SK곡_전환_단백질쉐이크출시_제품강조형_건강자극_.배너_말티톨.__이유빈_260626_제과_김나현,7,0,213.0,0
2026-07-09,[제과_콘스프맛 팝콘] 26.05_콘스프맛팝콘출시_수동_전환_video,지인네고형_팝콘더블특가_콘스프맛 (~7/1),[26.06]F_V_PC콘_전환_팝콘더블특가_네고형_지인네고형.다이어트_main.릴스_메인.슬기.X_1P_최나영_260626_제과_문형민,35945,853,540306.0,125
2026-07-09,(미사용) [제과_단백질 쉐이크] 26.06_단백질쉐이크출시_ASC_전환_image,[제과_단백질 쉐이크] 26.06_단백질쉐이크출시_ASC_전환_image,[26.06]F_I_SK곡_전환_단백질쉐이크출시_제품강조형_건강자극_.배너_말티톨.__이유빈_260626_제과_김나현,7,0,247.0,0
2026-07-09,(마스터ASC)[제과_콘스프맛 팝콘] 26.05_콘스프맛팝콘출시_ASC_전환_video,(마스터ASC)[콘스프맛 팝콘] 26.05_콘스프맛팝콘출시_ASC_전환_video,[26.06]F_V_PC콘_전환_팝콘더블특가_문제공감형_삼팔당땡BP.다이어트_main.릴스_메인.추가건PJ_1P_최나영_260626_제과_피재은,3,0,18.0,0
2026-07-10,[제과_콘스프맛 팝콘] 26.05_콘스프맛팝콘출시_수동_전환_video,지인네고형_팝콘더블특가_콘스프맛 (~7/1),[26.06]F_V_PC콘_전환_팝콘더블특가_네고형_지인네고형.다이어트_main.릴스_메인.슬기.X_1P_최나영_260626_제과_문형민,6562,121,96444.0,16
2026-07-11,[제과_콘스프맛 팝콘] 26.05_콘스프맛팝콘출시_수동_전환_video,지인네고형_팝콘더블특가_콘스프맛 (~7/1),[26.06]F_V_PC콘_전환_팝콘더블특가_네고형_지인네고형.다이어트_main.릴스_메인.슬기.X_1P_최나영_260626_제과_문형민,23598,504,356190.0,67
2026-07-12,[제과_콘스프맛 팝콘] 26.05_콘스프맛팝콘출시_수동_전환_video,지인네고형_팝콘더블특가_콘스프맛 (~7/1),[26.06]F_V_PC콘_전환_팝콘더블특가_네고형_지인네고형.다이어트_main.릴스_메인.슬기.X_1P_최나영_260626_제과_문형민,28151,551,397137.0,74
2026-07-13,[제과_콘스프맛 팝콘] 26.05_콘스프맛팝콘출시_수동_전환_video,지인네고형_팝콘더블특가_콘스프맛 (~7/1),[26.06]F_V_PC콘_전환_팝콘더블특가_네고형_지인네고형.다이어트_main.릴스_메인.슬기.X_1P_최나영_260626_제과_문형민,48840,904,703591.0,154
2026-07-14,[제과_콘스프맛 팝콘] 26.05_콘스프맛팝콘출시_수동_전환_video,지인네고형_팝콘더블특가_콘스프맛 (~7/1),[26.06]F_V_PC콘_전환_팝콘더블특가_네고형_지인네고형.다이어트_main.릴스_메인.슬기.X_1P_최나영_260626_제과_문형민,7383,140,115113.0,24
2026-07-14,(마스터ASC)[제과_콘스프맛 팝콘] 26.05_콘스프맛팝콘출시_ASC_전환_video,(마스터ASC)[콘스프맛 팝콘] 26.05_콘스프맛팝콘출시_ASC_전환_video,[26.06]F_V_PC콘_전환_팝콘더블특가_문제공감형_삼팔당땡BP.다이어트_main.릴스_메인.추가건PJ_1P_최나영_260626_제과_피재은,5,1,84.0,0
2026-07-15,[제과_콘스프맛 팝콘] 26.05_콘스프맛팝콘출시_수동_전환_video,지인네고형_팝콘더블특가_콘스프맛 (~7/1),[26.06]F_V_PC콘_전환_팝콘더블특가_네고형_지인네고형.다이어트_main.릴스_메인.슬기.X_1P_최나영_260626_제과_문형민,4584,96,59289.0,11
2026-07-01,[제과_팝콘프로모션] 26.05_팝콘프로모션_수동_전환_video,금주건AI_팝콘더블특가,[26.06]F_V_PC콘_전환_팝콘더블특가_ai형_전화네고형.다이어트_var3.배너_._1P_최나영_260626_제과_피재은,1199,21,25725.0,3
2026-07-01,(마스터ASC)[제과_콘스프맛 팝콘] 26.05_콘스프맛팝콘출시_ASC_전환_video,(마스터ASC)[콘스프맛 팝콘] 26.05_콘스프맛팝콘출시_ASC_전환_video,[26.06]F_V_PC콘_전환_팝콘더블특가_네고형_지인네고형.다이어트_var1.릴스_취식상황강조1.슬기.X_1P_최나영_260626_제과_문형민,194,5,4692.0,2
2026-07-02,(마스터ASC)[제과_콘스프맛 팝콘] 26.05_콘스프맛팝콘출시_ASC_전환_video,(마스터ASC)[콘스프맛 팝콘] 26.05_콘스프맛팝콘출시_ASC_전환_video,[26.06]F_V_PC콘_전환_팝콘더블특가_고객후기형_김부각BP.메시지검증.다이어트_var2.릴스_바나나한조각.추가건PJ_1P_최나영_260626_제과_강경연,203,5,3671.0,0
2026-07-02,(마스터ASC)[제과_콘스프맛 팝콘] 26.05_콘스프맛팝콘출시_ASC_전환_video,(마스터ASC)[콘스프맛 팝콘] 26.05_콘스프맛팝콘출시_ASC_전환_video,[26.06]F_V_PC콘_전환_팝콘더블특가_고객후기형_김부각BP.메시지검증.다이어트_var1.릴스_대표가빡쳐서.추가건PJ_1P_최나영_260626_제과_강경연,19,0,234.0,0
2026-07-02,(마스터ASC)[제과_콘스프맛 팝콘] 26.05_콘스프맛팝콘출시_ASC_전환_video,(마스터ASC)[콘스프맛 팝콘] 26.05_콘스프맛팝콘출시_ASC_전환_video,[26.06]F_V_PC콘_전환_팝콘더블특가_네고형_지인네고형.다이어트_var1.릴스_취식상황강조1.슬기.X_1P_최나영_260626_제과_문형민,30,0,495.0,0
2026-07-03,(마스터ASC)[제과_콘스프맛 팝콘] 26.05_콘스프맛팝콘출시_ASC_전환_video,(마스터ASC)[콘스프맛 팝콘] 26.05_콘스프맛팝콘출시_ASC_전환_video,[26.06]F_V_PC콘_전환_팝콘더블특가_네고형_지인네고형.다이어트_var1.릴스_취식상황강조1.슬기.X_1P_최나영_260626_제과_문형민,1,0,18.0,0
2026-07-04,(마스터ASC)[제과_콘스프맛 팝콘] 26.05_콘스프맛팝콘출시_ASC_전환_video,(마스터ASC)[콘스프맛 팝콘] 26.05_콘스프맛팝콘출시_ASC_전환_video,[26.06]F_V_PC콘_전환_팝콘더블특가_고객후기형_김부각BP.메시지검증.다이어트_var2.릴스_바나나한조각.추가건PJ_1P_최나영_260626_제과_강경연,374,7,4830.0,0
2026-07-04,(마스터ASC)[제과_콘스프맛 팝콘] 26.05_콘스프맛팝콘출시_ASC_전환_video,(마스터ASC)[콘스프맛 팝콘] 26.05_콘스프맛팝콘출시_ASC_전환_video,[26.06]F_V_PC콘_전환_팝콘더블특가_고객후기형_김부각BP.메시지검증.다이어트_var1.릴스_대표가빡쳐서.추가건PJ_1P_최나영_260626_제과_강경연,3,0,35.0,0
2026-07-05,(마스터ASC)[제과_콘스프맛 팝콘] 26.05_콘스프맛팝콘출시_ASC_전환_video,(마스터ASC)[콘스프맛 팝콘] 26.05_콘스프맛팝콘출시_ASC_전환_video,[26.06]F_V_PC콘_전환_팝콘더블특가_고객후기형_김부각BP.메시지검증.다이어트_var2.릴스_바나나한조각.추가건PJ_1P_최나영_260626_제과_강경연,859,21,12092.0,3
2026-07-05,(마스터ASC)[제과_콘스프맛 팝콘] 26.05_콘스프맛팝콘출시_ASC_전환_video,(마스터ASC)[콘스프맛 팝콘] 26.05_콘스프맛팝콘출시_ASC_전환_video,[26.06]F_V_PC콘_전환_팝콘더블특가_고객후기형_김부각BP.메시지검증.다이어트_var1.릴스_대표가빡쳐서.추가건PJ_1P_최나영_260626_제과_강경연,1539,24,20188.0,7
2026-07-05,(마스터ASC)[제과_콘스프맛 팝콘] 26.05_콘스프맛팝콘출시_ASC_전환_video,(마스터ASC)[콘스프맛 팝콘] 26.05_콘스프맛팝콘출시_ASC_전환_video,[26.06]F_V_PC콘_전환_팝콘더블특가_네고형_지인네고형.다이어트_var1.릴스_취식상황강조1.슬기.X_1P_최나영_260626_제과_문형민,3,0,44.0,0
2026-07-06,(마스터ASC)[제과_콘스프맛 팝콘] 26.05_콘스프맛팝콘출시_ASC_전환_video,(마스터ASC)[콘스프맛 팝콘] 26.05_콘스프맛팝콘출시_ASC_전환_video,[26.06]F_V_PC콘_전환_팝콘더블특가_고객후기형_김부각BP.메시지검증.다이어트_var1.릴스_대표가빡쳐서.추가건PJ_1P_최나영_260626_제과_강경연,4583,88,62544.0,19
2026-07-06,(마스터ASC)[제과_콘스프맛 팝콘] 26.05_콘스프맛팝콘출시_ASC_전환_video,(마스터ASC)[콘스프맛 팝콘] 26.05_콘스프맛팝콘출시_ASC_전환_video,[26.06]F_V_PC콘_전환_팝콘더블특가_네고형_지인네고형.다이어트_var1.릴스_취식상황강조1.슬기.X_1P_최나영_260626_제과_문형민,279,2,4990.0,0
2026-07-07,(마스터ASC)[제과_콘스프맛 팝콘] 26.05_콘스프맛팝콘출시_ASC_전환_video,(마스터ASC)[콘스프맛 팝콘] 26.05_콘스프맛팝콘출시_ASC_전환_video,[26.06]F_V_PC콘_전환_팝콘더블특가_고객후기형_김부각BP.메시지검증.다이어트_var1.릴스_대표가빡쳐서.추가건PJ_1P_최나영_260626_제과_강경연,1766,40,27443.0,9
2026-07-07,(마스터ASC)[제과_콘스프맛 팝콘] 26.05_콘스프맛팝콘출시_ASC_전환_video,(마스터ASC)[콘스프맛 팝콘] 26.05_콘스프맛팝콘출시_ASC_전환_video,[26.06]F_V_PC콘_전환_팝콘더블특가_네고형_지인네고형.다이어트_var1.릴스_취식상황강조1.슬기.X_1P_최나영_260626_제과_문형민,67,2,1578.0,0
2026-07-08,(마스터ASC)[제과_콘스프맛 팝콘] 26.05_콘스프맛팝콘출시_ASC_전환_video,(마스터ASC)[콘스프맛 팝콘] 26.05_콘스프맛팝콘출시_ASC_전환_video,[26.06]F_V_PC콘_전환_팝콘더블특가_고객후기형_김부각BP.메시지검증.다이어트_var1.릴스_대표가빡쳐서.추가건PJ_1P_최나영_260626_제과_강경연,277,8,2995.0,0
2026-07-08,(마스터ASC)[제과_콘스프맛 팝콘] 26.05_콘스프맛팝콘출시_ASC_전환_video,(마스터ASC)[콘스프맛 팝콘] 26.05_콘스프맛팝콘출시_ASC_전환_video,[26.06]F_V_PC콘_전환_팝콘더블특가_네고형_지인네고형.다이어트_var1.릴스_취식상황강조1.슬기.X_1P_최나영_260626_제과_문형민,2,0,21.0,0
2026-07-09,(마스터ASC)[제과_콘스프맛 팝콘] 26.05_콘스프맛팝콘출시_ASC_전환_video,(마스터ASC)[콘스프맛 팝콘] 26.05_콘스프맛팝콘출시_ASC_전환_video,[26.06]F_V_PC콘_전환_팝콘더블특가_고객후기형_김부각BP.메시지검증.다이어트_var1.릴스_대표가빡쳐서.추가건PJ_1P_최나영_260626_제과_강경연,7165,112,90607.0,22
2026-07-09,(마스터ASC)[제과_콘스프맛 팝콘] 26.05_콘스프맛팝콘출시_ASC_전환_video,(마스터ASC)[콘스프맛 팝콘] 26.05_콘스프맛팝콘출시_ASC_전환_video,[26.06]F_V_PC콘_전환_팝콘더블특가_네고형_지인네고형.다이어트_var1.릴스_취식상황강조1.슬기.X_1P_최나영_260626_제과_문형민,2,0,32.0,0
2026-07-10,(마스터ASC)[제과_콘스프맛 팝콘] 26.05_콘스프맛팝콘출시_ASC_전환_video,(마스터ASC)[콘스프맛 팝콘] 26.05_콘스프맛팝콘출시_ASC_전환_video,[26.06]F_V_PC콘_전환_팝콘더블특가_고객후기형_김부각BP.메시지검증.다이어트_var1.릴스_대표가빡쳐서.추가건PJ_1P_최나영_260626_제과_강경연,5226,71,61714.0,8
2026-07-10,(마스터ASC)[제과_콘스프맛 팝콘] 26.05_콘스프맛팝콘출시_ASC_전환_video,(마스터ASC)[콘스프맛 팝콘] 26.05_콘스프맛팝콘출시_ASC_전환_video,[26.06]F_V_PC콘_전환_팝콘더블특가_네고형_지인네고형.다이어트_var1.릴스_취식상황강조1.슬기.X_1P_최나영_260626_제과_문형민,31,1,735.0,0
2026-07-11,(마스터ASC)[제과_콘스프맛 팝콘] 26.05_콘스프맛팝콘출시_ASC_전환_video,(마스터ASC)[콘스프맛 팝콘] 26.05_콘스프맛팝콘출시_ASC_전환_video,[26.06]F_V_PC콘_전환_팝콘더블특가_고객후기형_김부각BP.메시지검증.다이어트_var1.릴스_대표가빡쳐서.추가건PJ_1P_최나영_260626_제과_강경연,1709,24,23814.0,2
2026-07-12,(마스터ASC)[제과_콘스프맛 팝콘] 26.05_콘스프맛팝콘출시_ASC_전환_video,(마스터ASC)[콘스프맛 팝콘] 26.05_콘스프맛팝콘출시_ASC_전환_video,[26.06]F_V_PC콘_전환_팝콘더블특가_고객후기형_김부각BP.메시지검증.다이어트_var1.릴스_대표가빡쳐서.추가건PJ_1P_최나영_260626_제과_강경연,529,7,7558.0,0
2026-07-13,(마스터ASC)[제과_콘스프맛 팝콘] 26.05_콘스프맛팝콘출시_ASC_전환_video,(마스터ASC)[콘스프맛 팝콘] 26.05_콘스프맛팝콘출시_ASC_전환_video,[26.06]F_V_PC콘_전환_팝콘더블특가_고객후기형_김부각BP.메시지검증.다이어트_var1.릴스_대표가빡쳐서.추가건PJ_1P_최나영_260626_제과_강경연,3551,53,46871.0,11
2026-07-13,(마스터ASC)[제과_콘스프맛 팝콘] 26.05_콘스프맛팝콘출시_ASC_전환_video,(마스터ASC)[콘스프맛 팝콘] 26.05_콘스프맛팝콘출시_ASC_전환_video,[26.06]F_V_PC콘_전환_팝콘더블특가_네고형_지인네고형.다이어트_var1.릴스_취식상황강조1.슬기.X_1P_최나영_260626_제과_문형민,23,0,440.0,0
2026-07-14,(마스터ASC)[제과_콘스프맛 팝콘] 26.05_콘스프맛팝콘출시_ASC_전환_video,(마스터ASC)[콘스프맛 팝콘] 26.05_콘스프맛팝콘출시_ASC_전환_video,[26.06]F_V_PC콘_전환_팝콘더블특가_고객후기형_김부각BP.메시지검증.다이어트_var1.릴스_대표가빡쳐서.추가건PJ_1P_최나영_260626_제과_강경연,7879,109,97824.0,21
2026-07-14,(마스터ASC)[제과_콘스프맛 팝콘] 26.05_콘스프맛팝콘출시_ASC_전환_video,(마스터ASC)[콘스프맛 팝콘] 26.05_콘스프맛팝콘출시_ASC_전환_video,[26.06]F_V_PC콘_전환_팝콘더블특가_네고형_지인네고형.다이어트_var1.릴스_취식상황강조1.슬기.X_1P_최나영_260626_제과_문형민,2,0,38.0,0
2026-07-15,(마스터ASC)[제과_콘스프맛 팝콘] 26.05_콘스프맛팝콘출시_ASC_전환_video,(마스터ASC)[콘스프맛 팝콘] 26.05_콘스프맛팝콘출시_ASC_전환_video,[26.06]F_V_PC콘_전환_팝콘더블특가_고객후기형_김부각BP.메시지검증.다이어트_var1.릴스_대표가빡쳐서.추가건PJ_1P_최나영_260626_제과_강경연,9548,107,116616.0,19
2026-07-01,(마스터ASC)[제과_콘스프맛 팝콘] 26.05_콘스프맛팝콘출시_ASC_전환_video,(마스터ASC)[콘스프맛 팝콘] 26.05_콘스프맛팝콘출시_ASC_전환_video,[26.06]F_V_PC콘_전환_팝콘더블특가_인플루언서형_올리브BP.다이어트_var4.릴스_뾰족한타겟.슬기.X_1P_최나영_260625_제과_강경연,91,2,2242.0,0
2026-07-01,[콘스프맛 팝콘] 26.05_콘스프맛팝콘출시_ASC_전환_image (old),[콘스프맛 팝콘] 26.05_콘스프맛팝콘출시_ASC_전환_image (old),[26.06]F_I_PC혼_전환_팝콘더블특가_매거진형_다이어트_.배너_관리할때.과자양적음.피드속간식.인플루언서.AI.__김소희_260625_제과_문다현,8,0,512.0,0
2026-07-01,[콘스프맛 팝콘] 26.05_콘스프맛팝콘출시_ASC_전환_image (old),[콘스프맛 팝콘] 26.05_콘스프맛팝콘출시_ASC_전환_image (old),[26.06]F_I_PC혼_전환_팝콘더블특가_매거진형__.배너_반값보다싸요.팝콘실제컷패키지.__김소희_260625_제과_김수정,863,11,14930.0,3
2026-07-01,[콘스프맛 팝콘] 26.05_콘스프맛팝콘출시_ASC_전환_image (old),[콘스프맛 팝콘] 26.05_콘스프맛팝콘출시_ASC_전환_image (old),[26.06]F_I_PC혼_전환_팝콘더블특가_매거진형__.배너_반값보다싸요.팝콘패키지규모감.__김소희_260625_제과_김수정,26,3,673.0,0
2026-07-01,[콘스프맛 팝콘] 26.05_콘스프맛팝콘출시_ASC_전환_image (old),[콘스프맛 팝콘] 26.05_콘스프맛팝콘출시_ASC_전환_image (old),[26.06]F_I_PC혼_전환_팝콘더블특가_혜택강조형__.배너_반값보다싸요.압도적수량.__김소희_260625_제과_문다현,10384,235,158204.0,35
2026-07-01,[콘스프맛 팝콘] 26.05_콘스프맛팝콘출시_ASC_전환_image (old),[콘스프맛 팝콘] 26.05_콘스프맛팝콘출시_ASC_전환_image (old),[26.06]F_I_PC혼_전환_팝콘더블특가_매거진형_다이어트_.배너_일상상황공감.입터짐방지템.AI.__김소희_260625_제과_김수정,5,0,82.0,0
2026-07-01,[콘스프맛 팝콘] 26.05_콘스프맛팝콘출시_ASC_전환_image (old),[콘스프맛 팝콘] 26.05_콘스프맛팝콘출시_ASC_전환_image (old),[26.06]F_I_PC혼_전환_팝콘더블특가_매거진형_다이어트_.배너_일상상황공감.밥은끊어도.AI.__김소희_260625_제과_김수정,269,3,5028.0,0
2026-07-01,[콘스프맛 팝콘] 26.05_콘스프맛팝콘출시_ASC_전환_image (old),[콘스프맛 팝콘] 26.05_콘스프맛팝콘출시_ASC_전환_image (old),[26.06]F_I_PC혼_전환_팝콘더블특가_매거진형_다이어트_.배너_일상상황공감.밍밍한데이건속세맛.AI.__김소희_260625_제과_김수정,8,0,94.0,0
2026-07-02,(마스터ASC)[제과_콘스프맛 팝콘] 26.05_콘스프맛팝콘출시_ASC_전환_video,(마스터ASC)[콘스프맛 팝콘] 26.05_콘스프맛팝콘출시_ASC_전환_video,[26.06]F_V_PC콘_전환_팝콘더블특가_인플루언서형_올리브BP.다이어트_main.릴스_메인.슬기.X_1P_최나영_260625_제과_강경연,3,0,30.0,0
2026-07-02,(마스터ASC)[제과_콘스프맛 팝콘] 26.05_콘스프맛팝콘출시_ASC_전환_video,(마스터ASC)[콘스프맛 팝콘] 26.05_콘스프맛팝콘출시_ASC_전환_video,[26.06]F_V_PC콘_전환_팝콘더블특가_인플루언서형_올리브BP.다이어트_var4.릴스_뾰족한타겟.슬기.X_1P_최나영_260625_제과_강경연,103,3,1938.0,0
2026-07-02,[콘스프맛 팝콘] 26.05_콘스프맛팝콘출시_ASC_전환_image (old),[콘스프맛 팝콘] 26.05_콘스프맛팝콘출시_ASC_전환_image (old),[26.06]F_I_PC혼_전환_팝콘더블특가_매거진형__.배너_반값보다싸요.팝콘실제컷패키지.__김소희_260625_제과_김수정,22,0,512.0,0
2026-07-02,[콘스프맛 팝콘] 26.05_콘스프맛팝콘출시_ASC_전환_image (old),[콘스프맛 팝콘] 26.05_콘스프맛팝콘출시_ASC_전환_image (old),[26.06]F_I_PC혼_전환_팝콘더블특가_매거진형__.배너_반값보다싸요.팝콘패키지규모감.__김소희_260625_제과_김수정,310,5,5079.0,0
2026-07-02,[콘스프맛 팝콘] 26.05_콘스프맛팝콘출시_ASC_전환_image (old),[콘스프맛 팝콘] 26.05_콘스프맛팝콘출시_ASC_전환_image (old),[26.06]F_I_PC혼_전환_팝콘더블특가_혜택강조형__.배너_반값보다싸요.압도적수량.__김소희_260625_제과_문다현,2214,62,29667.0,3
2026-07-02,[콘스프맛 팝콘] 26.05_콘스프맛팝콘출시_ASC_전환_image (old),[콘스프맛 팝콘] 26.05_콘스프맛팝콘출시_ASC_전환_image (old),[26.06]F_I_PC혼_전환_팝콘더블특가_매거진형_다이어트_.배너_일상상황공감.입터짐방지템.AI.__김소희_260625_제과_김수정,1,0,19.0,0
2026-07-02,[콘스프맛 팝콘] 26.05_콘스프맛팝콘출시_ASC_전환_image (old),[콘스프맛 팝콘] 26.05_콘스프맛팝콘출시_ASC_전환_image (old),[26.06]F_I_PC혼_전환_팝콘더블특가_매거진형_다이어트_.배너_일상상황공감.밥은끊어도.AI.__김소희_260625_제과_김수정,51,0,896.0,0
2026-07-05,(마스터ASC)[제과_콘스프맛 팝콘] 26.05_콘스프맛팝콘출시_ASC_전환_video,(마스터ASC)[콘스프맛 팝콘] 26.05_콘스프맛팝콘출시_ASC_전환_video,[26.06]F_V_PC콘_전환_팝콘더블특가_인플루언서형_올리브BP.다이어트_main.릴스_메인.슬기.X_1P_최나영_260625_제과_강경연,11,1,97.0,1
2026-07-05,(마스터ASC)[제과_콘스프맛 팝콘] 26.05_콘스프맛팝콘출시_ASC_전환_video,(마스터ASC)[콘스프맛 팝콘] 26.05_콘스프맛팝콘출시_ASC_전환_video,[26.06]F_V_PC콘_전환_팝콘더블특가_인플루언서형_올리브BP.다이어트_var4.릴스_뾰족한타겟.슬기.X_1P_최나영_260625_제과_강경연,5,0,100.0,0
2026-07-07,(마스터ASC)[제과_콘스프맛 팝콘] 26.05_콘스프맛팝콘출시_ASC_전환_video,(마스터ASC)[콘스프맛 팝콘] 26.05_콘스프맛팝콘출시_ASC_전환_video,[26.06]F_V_PC콘_전환_팝콘더블특가_인플루언서형_올리브BP.다이어트_main.릴스_메인.슬기.X_1P_최나영_260625_제과_강경연,2,0,16.0,0
2026-07-07,(마스터ASC)[제과_콘스프맛 팝콘] 26.05_콘스프맛팝콘출시_ASC_전환_video,(마스터ASC)[콘스프맛 팝콘] 26.05_콘스프맛팝콘출시_ASC_전환_video,[26.06]F_V_PC콘_전환_팝콘더블특가_인플루언서형_올리브BP.다이어트_var4.릴스_뾰족한타겟.슬기.X_1P_최나영_260625_제과_강경연,1,0,11.0,0
2026-07-12,(마스터ASC)[제과_콘스프맛 팝콘] 26.05_콘스프맛팝콘출시_ASC_전환_video,(마스터ASC)[콘스프맛 팝콘] 26.05_콘스프맛팝콘출시_ASC_전환_video,[26.06]F_V_PC콘_전환_팝콘더블특가_인플루언서형_올리브BP.다이어트_main.릴스_메인.슬기.X_1P_최나영_260625_제과_강경연,17,0,177.0,0
2026-07-12,(마스터ASC)[제과_콘스프맛 팝콘] 26.05_콘스프맛팝콘출시_ASC_전환_video,(마스터ASC)[콘스프맛 팝콘] 26.05_콘스프맛팝콘출시_ASC_전환_video,[26.06]F_V_PC콘_전환_팝콘더블특가_인플루언서형_올리브BP.다이어트_var4.릴스_뾰족한타겟.슬기.X_1P_최나영_260625_제과_강경연,41,0,513.0,0
2026-07-13,(마스터ASC)[제과_콘스프맛 팝콘] 26.05_콘스프맛팝콘출시_ASC_전환_video,(마스터ASC)[콘스프맛 팝콘] 26.05_콘스프맛팝콘출시_ASC_전환_video,[26.06]F_V_PC콘_전환_팝콘더블특가_인플루언서형_올리브BP.다이어트_main.릴스_메인.슬기.X_1P_최나영_260625_제과_강경연,4,0,24.0,0
2026-07-15,(마스터ASC)[제과_콘스프맛 팝콘] 26.05_콘스프맛팝콘출시_ASC_전환_video,(마스터ASC)[콘스프맛 팝콘] 26.05_콘스프맛팝콘출시_ASC_전환_video,[26.06]F_V_PC콘_전환_팝콘더블특가_인플루언서형_올리브BP.다이어트_main.릴스_메인.슬기.X_1P_최나영_260625_제과_강경연,7,0,64.0,0
2026-07-15,(마스터ASC)[제과_콘스프맛 팝콘] 26.05_콘스프맛팝콘출시_ASC_전환_video,(마스터ASC)[콘스프맛 팝콘] 26.05_콘스프맛팝콘출시_ASC_전환_video,[26.06]F_V_PC콘_전환_팝콘더블특가_인플루언서형_올리브BP.다이어트_var4.릴스_뾰족한타겟.슬기.X_1P_최나영_260625_제과_강경연,2,0,14.0,0
2026-07-01,(미사용) [제과_단백질 쉐이크] 26.06_단백질쉐이크출시_ASC_전환_image,[제과_단백질 쉐이크] 26.06_단백질쉐이크출시_ASC_전환_image,[26.06]F_I_SK곡_전환_단백질쉐이크출시_제품강조형_곡물아는맛_.배너_꼬숩두유.__이유빈_260623_제과_김나현,1929,33,29479.0,3
2026-07-01,(마스터ASC)[제과_콘스프맛 팝콘] 26.05_콘스프맛팝콘출시_ASC_전환_video,(마스터ASC)[콘스프맛 팝콘] 26.05_콘스프맛팝콘출시_ASC_전환_video,[26.06]F_V_PC콘_전환_팝콘더블특가_네고형_전화네고형.다이어트_main.릴스_메인.슬기.X_1P_최나영_260625_제과_피재은,14233,329,291688.0,61
2026-07-01,[제과_콘스프맛 팝콘] 26.05_콘스프맛팝콘출시_수동_전환_video,전화네고형_팝콘더블특가_콘스프맛 (~7/1),[26.06]F_V_PC콘_전환_팝콘더블특가_네고형_전화네고형.다이어트_var1.릴스_다이어트.슬기.X_1P_최나영_260625_제과_피재은,649,10,11478.0,1
2026-07-01,(마스터ASC)[제과_콘스프맛 팝콘] 26.05_콘스프맛팝콘출시_ASC_전환_video,(마스터ASC)[콘스프맛 팝콘] 26.05_콘스프맛팝콘출시_ASC_전환_video,[26.06]F_V_PC콘_전환_팝콘더블특가_네고형_전화네고형.다이어트_var2.릴스_속세맛.슬기.X_1P_최나영_260625_제과_피재은,157,2,3512.0,0
2026-07-01,(마스터ASC)[제과_콘스프맛 팝콘] 26.05_콘스프맛팝콘출시_ASC_전환_video,(마스터ASC)[콘스프맛 팝콘] 26.05_콘스프맛팝콘출시_ASC_전환_video,[26.06]F_V_PC콘_전환_팝콘더블특가_인플루언서형_올리브BP.다이어트_var2.릴스_혜택.슬기.X_1P_최나영_260625_제과_강경연,636,14,14733.0,4
2026-07-02,(마스터ASC)[제과_콘스프맛 팝콘] 26.05_콘스프맛팝콘출시_ASC_전환_video,(마스터ASC)[콘스프맛 팝콘] 26.05_콘스프맛팝콘출시_ASC_전환_video,[26.06]F_V_PC콘_전환_팝콘더블특가_네고형_전화네고형.다이어트_main.릴스_메인.슬기.X_1P_최나영_260625_제과_피재은,28433,617,550427.0,106
2026-07-02,[제과_콘스프맛 팝콘] 26.05_콘스프맛팝콘출시_수동_전환_video,전화네고형_팝콘더블특가_콘스프맛 (~7/1),[26.06]F_V_PC콘_전환_팝콘더블특가_네고형_전화네고형.다이어트_var1.릴스_다이어트.슬기.X_1P_최나영_260625_제과_피재은,85,2,1697.0,0
2026-07-02,(마스터ASC)[제과_콘스프맛 팝콘] 26.05_콘스프맛팝콘출시_ASC_전환_video,(마스터ASC)[콘스프맛 팝콘] 26.05_콘스프맛팝콘출시_ASC_전환_video,[26.06]F_V_PC콘_전환_팝콘더블특가_네고형_전화네고형.다이어트_var2.릴스_속세맛.슬기.X_1P_최나영_260625_제과_피재은,24,0,345.0,0
2026-07-02,(마스터ASC)[제과_콘스프맛 팝콘] 26.05_콘스프맛팝콘출시_ASC_전환_video,(마스터ASC)[콘스프맛 팝콘] 26.05_콘스프맛팝콘출시_ASC_전환_video,[26.06]F_V_PC콘_전환_팝콘더블특가_인플루언서형_올리브BP.다이어트_var2.릴스_혜택.슬기.X_1P_최나영_260625_제과_강경연,712,15,14056.0,5
2026-07-03,(마스터ASC)[제과_콘스프맛 팝콘] 26.05_콘스프맛팝콘출시_ASC_전환_video,(마스터ASC)[콘스프맛 팝콘] 26.05_콘스프맛팝콘출시_ASC_전환_video,[26.06]F_V_PC콘_전환_팝콘더블특가_네고형_전화네고형.다이어트_main.릴스_메인.슬기.X_1P_최나영_260625_제과_피재은,4205,100,96426.0,19
2026-07-03,[제과_콘스프맛 팝콘] 26.05_콘스프맛팝콘출시_수동_전환_video,전화네고형_팝콘더블특가_콘스프맛 (~7/1),[26.06]F_V_PC콘_전환_팝콘더블특가_네고형_전화네고형.다이어트_var1.릴스_다이어트.슬기.X_1P_최나영_260625_제과_피재은,51,2,1148.0,0
2026-07-03,(마스터ASC)[제과_콘스프맛 팝콘] 26.05_콘스프맛팝콘출시_ASC_전환_video,(마스터ASC)[콘스프맛 팝콘] 26.05_콘스프맛팝콘출시_ASC_전환_video,[26.06]F_V_PC콘_전환_팝콘더블특가_인플루언서형_올리브BP.다이어트_var2.릴스_혜택.슬기.X_1P_최나영_260625_제과_강경연,66,0,1104.0,0
2026-07-04,(마스터ASC)[제과_콘스프맛 팝콘] 26.05_콘스프맛팝콘출시_ASC_전환_video,(마스터ASC)[콘스프맛 팝콘] 26.05_콘스프맛팝콘출시_ASC_전환_video,[26.06]F_V_PC콘_전환_팝콘더블특가_네고형_전화네고형.다이어트_main.릴스_메인.슬기.X_1P_최나영_260625_제과_피재은,11423,339,245168.0,38
2026-07-04,[제과_콘스프맛 팝콘] 26.05_콘스프맛팝콘출시_수동_전환_video,전화네고형_팝콘더블특가_콘스프맛 (~7/1),[26.06]F_V_PC콘_전환_팝콘더블특가_네고형_전화네고형.다이어트_var1.릴스_다이어트.슬기.X_1P_최나영_260625_제과_피재은,19,0,364.0,0
2026-07-04,(마스터ASC)[제과_콘스프맛 팝콘] 26.05_콘스프맛팝콘출시_ASC_전환_video,(마스터ASC)[콘스프맛 팝콘] 26.05_콘스프맛팝콘출시_ASC_전환_video,[26.06]F_V_PC콘_전환_팝콘더블특가_인플루언서형_올리브BP.다이어트_var2.릴스_혜택.슬기.X_1P_최나영_260625_제과_강경연,263,6,5719.0,1
2026-07-05,(마스터ASC)[제과_콘스프맛 팝콘] 26.05_콘스프맛팝콘출시_ASC_전환_video,(마스터ASC)[콘스프맛 팝콘] 26.05_콘스프맛팝콘출시_ASC_전환_video,[26.06]F_V_PC콘_전환_팝콘더블특가_네고형_전화네고형.다이어트_main.릴스_메인.슬기.X_1P_최나영_260625_제과_피재은,43388,995,766941.0,132
2026-07-05,(마스터ASC)[제과_콘스프맛 팝콘] 26.05_콘스프맛팝콘출시_ASC_전환_video,(마스터ASC)[콘스프맛 팝콘] 26.05_콘스프맛팝콘출시_ASC_전환_video,[26.06]F_V_PC콘_전환_팝콘더블특가_인플루언서형_올리브BP.다이어트_var2.릴스_혜택.슬기.X_1P_최나영_260625_제과_강경연,1156,32,20582.0,4
2026-07-06,(마스터ASC)[제과_콘스프맛 팝콘] 26.05_콘스프맛팝콘출시_ASC_전환_video,(마스터ASC)[콘스프맛 팝콘] 26.05_콘스프맛팝콘출시_ASC_전환_video,[26.06]F_V_PC콘_전환_팝콘더블특가_네고형_전화네고형.다이어트_main.릴스_메인.슬기.X_1P_최나영_260625_제과_피재은,51815,1171,874868.0,142
2026-07-06,[제과_콘스프맛 팝콘] 26.05_콘스프맛팝콘출시_수동_전환_video,전화네고형_팝콘더블특가_콘스프맛 (~7/1),[26.06]F_V_PC콘_전환_팝콘더블특가_네고형_전화네고형.다이어트_var1.릴스_다이어트.슬기.X_1P_최나영_260625_제과_피재은,7,0,243.0,0
2026-07-06,(마스터ASC)[제과_콘스프맛 팝콘] 26.05_콘스프맛팝콘출시_ASC_전환_video,(마스터ASC)[콘스프맛 팝콘] 26.05_콘스프맛팝콘출시_ASC_전환_video,[26.06]F_V_PC콘_전환_팝콘더블특가_네고형_전화네고형.다이어트_var2.릴스_속세맛.슬기.X_1P_최나영_260625_제과_피재은,48,0,476.0,0
2026-07-06,(마스터ASC)[제과_콘스프맛 팝콘] 26.05_콘스프맛팝콘출시_ASC_전환_video,(마스터ASC)[콘스프맛 팝콘] 26.05_콘스프맛팝콘출시_ASC_전환_video,[26.06]F_V_PC콘_전환_팝콘더블특가_인플루언서형_올리브BP.다이어트_var2.릴스_혜택.슬기.X_1P_최나영_260625_제과_강경연,2862,55,55220.0,6
2026-07-07,(마스터ASC)[제과_콘스프맛 팝콘] 26.05_콘스프맛팝콘출시_ASC_전환_video,(마스터ASC)[콘스프맛 팝콘] 26.05_콘스프맛팝콘출시_ASC_전환_video,[26.06]F_V_PC콘_전환_팝콘더블특가_네고형_전화네고형.다이어트_main.릴스_메인.슬기.X_1P_최나영_260625_제과_피재은,16957,469,321079.0,50
2026-07-07,(마스터ASC)[제과_콘스프맛 팝콘] 26.05_콘스프맛팝콘출시_ASC_전환_video,(마스터ASC)[콘스프맛 팝콘] 26.05_콘스프맛팝콘출시_ASC_전환_video,[26.06]F_V_PC콘_전환_팝콘더블특가_인플루언서형_올리브BP.다이어트_var2.릴스_혜택.슬기.X_1P_최나영_260625_제과_강경연,436,7,9397.0,1
2026-07-08,(마스터ASC)[제과_콘스프맛 팝콘] 26.05_콘스프맛팝콘출시_ASC_전환_video,(마스터ASC)[콘스프맛 팝콘] 26.05_콘스프맛팝콘출시_ASC_전환_video,[26.06]F_V_PC콘_전환_팝콘더블특가_네고형_전화네고형.다이어트_main.릴스_메인.슬기.X_1P_최나영_260625_제과_피재은,1677,69,33612.0,4
2026-07-09,(마스터ASC)[제과_콘스프맛 팝콘] 26.05_콘스프맛팝콘출시_ASC_전환_video,(마스터ASC)[콘스프맛 팝콘] 26.05_콘스프맛팝콘출시_ASC_전환_video,[26.06]F_V_PC콘_전환_팝콘더블특가_네고형_전화네고형.다이어트_main.릴스_메인.슬기.X_1P_최나영_260625_제과_피재은,13210,432,272930.0,64
2026-07-09,[제과_콘스프맛 팝콘] 26.05_콘스프맛팝콘출시_수동_전환_video,전화네고형_팝콘더블특가_콘스프맛 (~7/1),[26.06]F_V_PC콘_전환_팝콘더블특가_네고형_전화네고형.다이어트_var1.릴스_다이어트.슬기.X_1P_최나영_260625_제과_피재은,30,0,810.0,0
2026-07-10,[제과_콘스프맛 팝콘] 26.05_콘스프맛팝콘출시_수동_전환_video,전화네고형_팝콘더블특가_콘스프맛 (~7/1),[26.06]F_V_PC콘_전환_팝콘더블특가_네고형_전화네고형.다이어트_var1.릴스_다이어트.슬기.X_1P_최나영_260625_제과_피재은,37,0,441.0,0
2026-07-10,(마스터ASC)[제과_콘스프맛 팝콘] 26.05_콘스프맛팝콘출시_ASC_전환_video,(마스터ASC)[콘스프맛 팝콘] 26.05_콘스프맛팝콘출시_ASC_전환_video,[26.06]F_V_PC콘_전환_팝콘더블특가_네고형_전화네고형.다이어트_var2.릴스_속세맛.슬기.X_1P_최나영_260625_제과_피재은,289,4,4561.0,1
2026-07-11,(마스터ASC)[제과_콘스프맛 팝콘] 26.05_콘스프맛팝콘출시_ASC_전환_video,(마스터ASC)[콘스프맛 팝콘] 26.05_콘스프맛팝콘출시_ASC_전환_video,[26.06]F_V_PC콘_전환_팝콘더블특가_네고형_전화네고형.다이어트_var2.릴스_속세맛.슬기.X_1P_최나영_260625_제과_피재은,3,0,34.0,0
2026-07-12,[제과_콘스프맛 팝콘] 26.05_콘스프맛팝콘출시_수동_전환_video,전화네고형_팝콘더블특가_콘스프맛 (~7/1),[26.06]F_V_PC콘_전환_팝콘더블특가_네고형_전화네고형.다이어트_var1.릴스_다이어트.슬기.X_1P_최나영_260625_제과_피재은,5,0,16.0,0
2026-07-13,(마스터ASC)[제과_콘스프맛 팝콘] 26.05_콘스프맛팝콘출시_ASC_전환_video,(마스터ASC)[콘스프맛 팝콘] 26.05_콘스프맛팝콘출시_ASC_전환_video,[26.06]F_V_PC콘_전환_팝콘더블특가_네고형_전화네고형.다이어트_var2.릴스_속세맛.슬기.X_1P_최나영_260625_제과_피재은,27,1,776.0,0
2026-07-14,[제과_콘스프맛 팝콘] 26.05_콘스프맛팝콘출시_수동_전환_video,전화네고형_팝콘더블특가_콘스프맛 (~7/1),[26.06]F_V_PC콘_전환_팝콘더블특가_네고형_전화네고형.다이어트_var1.릴스_다이어트.슬기.X_1P_최나영_260625_제과_피재은,14,2,260.0,0
2026-07-14,(마스터ASC)[제과_콘스프맛 팝콘] 26.05_콘스프맛팝콘출시_ASC_전환_video,(마스터ASC)[콘스프맛 팝콘] 26.05_콘스프맛팝콘출시_ASC_전환_video,[26.06]F_V_PC콘_전환_팝콘더블특가_네고형_전화네고형.다이어트_var2.릴스_속세맛.슬기.X_1P_최나영_260625_제과_피재은,2,0,69.0,0
2026-07-01,[콘스프맛 팝콘] 26.05_콘스프맛팝콘출시_ASC_전환_image (old),[콘스프맛 팝콘] 26.05_콘스프맛팝콘출시_ASC_전환_image (old),[26.06]F_I_PC혼_전환_팝콘더블특가_매거진형_페인포인트_.배너_관리.식단.__김소희_260624_제과_김나현,2,0,42.0,0
2026-07-01,[콘스프맛 팝콘] 26.05_콘스프맛팝콘출시_ASC_전환_image (old),[콘스프맛 팝콘] 26.05_콘스프맛팝콘출시_ASC_전환_image (old),[26.06]F_I_PC혼_전환_팝콘더블특가_혜택강조형_페인포인트_.배너_관리.식단.__김소희_260624_제과_김나현,7,0,138.0,0
2026-07-01,[콘스프맛 팝콘] 26.05_콘스프맛팝콘출시_ASC_전환_image (old),[콘스프맛 팝콘] 26.05_콘스프맛팝콘출시_ASC_전환_image (old),[26.06]F_I_PC혼_전환_팝콘더블특가_혜택강조형_페인포인트_.배너_간식.못끊음.__김소희_260624_제과_김나현,10,0,88.0,0
2026-07-01,[콘스프맛 팝콘] 26.05_콘스프맛팝콘출시_ASC_전환_image (old),[콘스프맛 팝콘] 26.05_콘스프맛팝콘출시_ASC_전환_image (old),[26.06]F_I_PC혼_전환_팝콘더블특가_매거진형_페인포인트_.배너_관리.PT.__김소희_260624_제과_김나현,1,1,47.0,0
2026-07-01,[콘스프맛 팝콘] 26.05_콘스프맛팝콘출시_ASC_전환_image (old),[콘스프맛 팝콘] 26.05_콘스프맛팝콘출시_ASC_전환_image (old),[26.06]F_I_PC혼_전환_팝콘더블특가_매거진형_페인포인트_.배너_간식.입터짐.__김소희_260624_제과_김나현,8,0,153.0,0
2026-07-01,[제과_단백질 쉐이크] 26.06_단백질쉐이크출시_ASC_전환_video,[제과_단백질 쉐이크] 26.06_단백질쉐이크출시_ASC_전환_video,[26.06]F_V_SK혼_전환_단백질쉐이크출시_신규BP_인플루언서_var2.릴스_라라스윗 권위.X_2P_이유빈_260624_제과_이봄1,14,0,632.0,0
2026-07-01,[제과_단백질 쉐이크] 26.06_단백질쉐이크출시_ASC_전환_video,[제과_단백질 쉐이크] 26.06_단백질쉐이크출시_ASC_전환_video,[26.06]F_V_SK혼_전환_단백질쉐이크출시_신규BP_인플루언서_var1.릴스_다이어트 권위.X_2P_이유빈_260624_제과_이봄1,441,12,14984.0,1
2026-07-01,[제과_단백질 쉐이크] 26.06_단백질쉐이크출시_ASC_전환_video,[제과_단백질 쉐이크] 26.06_단백질쉐이크출시_ASC_전환_video,[26.06]F_V_SK혼_전환_단백질쉐이크출시_맛인지형_먹스타_var5.릴스_다이어터.X_2P_이유빈_260624_제과_이미진,817,14,13228.0,0
2026-07-01,[제과_단백질 쉐이크] 26.06_단백질쉐이크출시_ASC_전환_video,[제과_단백질 쉐이크] 26.06_단백질쉐이크출시_ASC_전환_video,[26.06]F_V_SK혼_전환_단백질쉐이크출시_맛인지형_먹스타_var1.릴스_초코맛강조.X_2P_이유빈_260624_제과_이미진,15,1,286.0,0
2026-07-01,[제과_단백질 쉐이크] 26.06_단백질쉐이크출시_수동_전환_video,고객검증형_0624,[26.06]F_V_SK혼_전환_단백질쉐이크출시_신규BP_고객검증형_var1.릴스_브랜드권위.X_2P_이유빈_260624_제과_윤성미,4163,65,46462.0,2
2026-07-01,[제과_단백질 쉐이크] 26.06_단백질쉐이크출시_수동_전환_video,고객검증형_0624,[26.06]F_V_SK혼_전환_단백질쉐이크출시_신규BP_고객검증형_var8.릴스_기대감.X_2P_이유빈_260624_제과_윤성미,882,30,9729.0,1
2026-07-01,[제과_단백질 쉐이크] 26.06_단백질쉐이크출시_수동_전환_video,고객검증형_0624,[26.06]F_V_SK혼_전환_단백질쉐이크출시_신규BP_고객검증형_var7.릴스_소비자VOC.숏.X_2P_이유빈_260624_제과_윤성미,112708,3170,1244883.0,170
2026-07-02,[콘스프맛 팝콘] 26.05_콘스프맛팝콘출시_ASC_전환_image (old),[콘스프맛 팝콘] 26.05_콘스프맛팝콘출시_ASC_전환_image (old),[26.06]F_I_PC혼_전환_팝콘더블특가_혜택강조형_페인포인트_.배너_관리.식단.__김소희_260624_제과_김나현,6,1,52.0,0
2026-07-02,[콘스프맛 팝콘] 26.05_콘스프맛팝콘출시_ASC_전환_image (old),[콘스프맛 팝콘] 26.05_콘스프맛팝콘출시_ASC_전환_image (old),[26.06]F_I_PC혼_전환_팝콘더블특가_매거진형_페인포인트_.배너_간식.입터짐.__김소희_260624_제과_김나현,2,0,15.0,0
2026-07-02,[제과_단백질 쉐이크] 26.06_단백질쉐이크출시_ASC_전환_video,[제과_단백질 쉐이크] 26.06_단백질쉐이크출시_ASC_전환_video,[26.06]F_V_SK혼_전환_단백질쉐이크출시_맛인지형_먹스타_var5.릴스_다이어터.X_2P_이유빈_260624_제과_이미진,832,10,13635.0,1
2026-07-02,[제과_단백질 쉐이크] 26.06_단백질쉐이크출시_ASC_전환_video,[제과_단백질 쉐이크] 26.06_단백질쉐이크출시_ASC_전환_video,[26.06]F_V_SK혼_전환_단백질쉐이크출시_맛인지형_먹스타_var1.릴스_초코맛강조.X_2P_이유빈_260624_제과_이미진,2200,24,30366.0,1
2026-07-02,[제과_단백질 쉐이크] 26.06_단백질쉐이크출시_수동_전환_video,고객검증형_0624,[26.06]F_V_SK혼_전환_단백질쉐이크출시_신규BP_고객검증형_var8.릴스_기대감.X_2P_이유빈_260624_제과_윤성미,1540,36,16251.0,2
2026-07-02,[제과_단백질 쉐이크] 26.06_단백질쉐이크출시_수동_전환_video,고객검증형_0624,[26.06]F_V_SK혼_전환_단백질쉐이크출시_신규BP_고객검증형_var7.릴스_소비자VOC.숏.X_2P_이유빈_260624_제과_윤성미,41198,1216,499103.0,119
2026-07-03,[제과_단백질 쉐이크] 26.06_단백질쉐이크출시_ASC_전환_video,[제과_단백질 쉐이크] 26.06_단백질쉐이크출시_ASC_전환_video,[26.06]F_V_SK혼_전환_단백질쉐이크출시_신규BP_인플루언서_var2.릴스_라라스윗 권위.X_2P_이유빈_260624_제과_이봄1,5,0,152.0,0
2026-07-03,[제과_단백질 쉐이크] 26.06_단백질쉐이크출시_수동_전환_video,고객검증형_0624,[26.06]F_V_SK혼_전환_단백질쉐이크출시_신규BP_고객검증형_var7.릴스_소비자VOC.숏.X_2P_이유빈_260624_제과_윤성미,34839,981,422194.0,80
2026-07-04,[제과_단백질 쉐이크] 26.06_단백질쉐이크출시_수동_전환_video,고객검증형_0624,[26.06]F_V_SK혼_전환_단백질쉐이크출시_신규BP_고객검증형_var7.릴스_소비자VOC.숏.X_2P_이유빈_260624_제과_윤성미,3799,113,47146.0,6
2026-07-06,[제과_단백질 쉐이크] 26.06_단백질쉐이크출시_ASC_전환_video,[제과_단백질 쉐이크] 26.06_단백질쉐이크출시_ASC_전환_video,[26.06]F_V_SK혼_전환_단백질쉐이크출시_신규BP_인플루언서_var2.릴스_라라스윗 권위.X_2P_이유빈_260624_제과_이봄1,2,0,9.0,0
2026-07-06,[제과_단백질 쉐이크] 26.06_단백질쉐이크출시_수동_전환_video,고객검증형_0624,[26.06]F_V_SK혼_전환_단백질쉐이크출시_신규BP_고객검증형_var7.릴스_소비자VOC.숏.X_2P_이유빈_260624_제과_윤성미,19795,435,239367.0,41
2026-07-07,[제과_단백질 쉐이크] 26.06_단백질쉐이크출시_수동_전환_video,고객검증형_0624,[26.06]F_V_SK혼_전환_단백질쉐이크출시_신규BP_고객검증형_var7.릴스_소비자VOC.숏.X_2P_이유빈_260624_제과_윤성미,2498,59,32707.0,4
2026-07-08,[제과_단백질 쉐이크] 26.06_단백질쉐이크출시_수동_전환_video,고객검증형_0624,[26.06]F_V_SK혼_전환_단백질쉐이크출시_신규BP_고객검증형_var7.릴스_소비자VOC.숏.X_2P_이유빈_260624_제과_윤성미,14097,354,161747.0,15
2026-07-09,[제과_단백질 쉐이크] 26.06_단백질쉐이크출시_수동_전환_video,고객검증형_0624,[26.06]F_V_SK혼_전환_단백질쉐이크출시_신규BP_고객검증형_var7.릴스_소비자VOC.숏.X_2P_이유빈_260624_제과_윤성미,4805,143,61586.0,6
2026-07-10,[제과_단백질 쉐이크] 26.06_단백질쉐이크출시_수동_전환_video,고객검증형_0624,[26.06]F_V_SK혼_전환_단백질쉐이크출시_신규BP_고객검증형_var7.릴스_소비자VOC.숏.X_2P_이유빈_260624_제과_윤성미,2398,38,36483.0,4
2026-07-01,[콘스프맛 팝콘] 26.05_콘스프맛팝콘출시_ASC_전환_image (old),[콘스프맛 팝콘] 26.05_콘스프맛팝콘출시_ASC_전환_image (old),[26.06]F_I_PC혼_전환_팝콘더블특가_혜택강조형_할인율_.배너_더큰할인.__김소희_260623_제과_김나현,212,2,4394.0,0
2026-07-01,[콘스프맛 팝콘] 26.05_콘스프맛팝콘출시_ASC_전환_image (old),[콘스프맛 팝콘] 26.05_콘스프맛팝콘출시_ASC_전환_image (old),[26.06]F_I_PC혼_전환_팝콘더블특가_혜택강조형_추가할인_.배너_딱일주일.__김소희_260623_제과_김나현,16,2,269.0,0
2026-07-02,[콘스프맛 팝콘] 26.05_콘스프맛팝콘출시_ASC_전환_image (old),[콘스프맛 팝콘] 26.05_콘스프맛팝콘출시_ASC_전환_image (old),[26.06]F_I_PC혼_전환_팝콘더블특가_혜택강조형_할인율_.배너_더큰할인.__김소희_260623_제과_김나현,51,1,968.0,0
2026-07-01,(마스터ASC)[제과_콘스프맛 팝콘] 26.05_콘스프맛팝콘출시_ASC_전환_video,(마스터ASC)[콘스프맛 팝콘] 26.05_콘스프맛팝콘출시_ASC_전환_video,[26.06]F_V_PC혼_전환_팝콘더블특가_기타_꼬막BP_var2.릴스_ver2.슬기.추가건PJ_1P_최나영_260623_제과_문형민,16,3,250.0,1
2026-07-02,(마스터ASC)[제과_콘스프맛 팝콘] 26.05_콘스프맛팝콘출시_ASC_전환_video,(마스터ASC)[콘스프맛 팝콘] 26.05_콘스프맛팝콘출시_ASC_전환_video,[26.06]F_V_PC혼_전환_팝콘더블특가_기타_꼬막BP_var2.릴스_ver2.슬기.추가건PJ_1P_최나영_260623_제과_문형민,53,0,931.0,0
2026-07-03,(미사용) [제과_단백질 쉐이크] 26.06_단백질쉐이크출시_ASC_전환_image,[제과_단백질 쉐이크] 26.06_단백질쉐이크출시_ASC_전환_image,[26.06]F_I_SK혼_전환_단백질쉐이크출시_혜택강조형_스타터팩_.배너_딱.__이유빈_260623_제과_김나현,123,3,2504.0,0
2026-07-03,(마스터ASC)[제과_콘스프맛 팝콘] 26.05_콘스프맛팝콘출시_ASC_전환_video,(마스터ASC)[콘스프맛 팝콘] 26.05_콘스프맛팝콘출시_ASC_전환_video,[26.06]F_V_PC혼_전환_팝콘더블특가_기타_꼬막BP_var2.릴스_ver2.슬기.추가건PJ_1P_최나영_260623_제과_문형민,52,0,626.0,0
2026-07-04,(미사용) [제과_단백질 쉐이크] 26.06_단백질쉐이크출시_ASC_전환_image,[제과_단백질 쉐이크] 26.06_단백질쉐이크출시_ASC_전환_image,[26.06]F_I_SK혼_전환_단백질쉐이크출시_혜택강조형_스타터팩_.배너_딱.__이유빈_260623_제과_김나현,28,3,1001.0,0
2026-07-04,(마스터ASC)[제과_콘스프맛 팝콘] 26.05_콘스프맛팝콘출시_ASC_전환_video,(마스터ASC)[콘스프맛 팝콘] 26.05_콘스프맛팝콘출시_ASC_전환_video,[26.06]F_V_PC혼_전환_팝콘더블특가_기타_꼬막BP_var2.릴스_ver2.슬기.추가건PJ_1P_최나영_260623_제과_문형민,852,14,12182.0,1
2026-07-05,(미사용) [제과_단백질 쉐이크] 26.06_단백질쉐이크출시_ASC_전환_image,[제과_단백질 쉐이크] 26.06_단백질쉐이크출시_ASC_전환_image,[26.06]F_I_SK혼_전환_단백질쉐이크출시_혜택강조형_스타터팩_.배너_딱.__이유빈_260623_제과_김나현,19,1,392.0,0
2026-07-05,(마스터ASC)[제과_콘스프맛 팝콘] 26.05_콘스프맛팝콘출시_ASC_전환_video,(마스터ASC)[콘스프맛 팝콘] 26.05_콘스프맛팝콘출시_ASC_전환_video,[26.06]F_V_PC혼_전환_팝콘더블특가_기타_꼬막BP_var2.릴스_ver2.슬기.추가건PJ_1P_최나영_260623_제과_문형민,996,29,14980.0,3
2026-07-06,(미사용) [제과_단백질 쉐이크] 26.06_단백질쉐이크출시_ASC_전환_image,[제과_단백질 쉐이크] 26.06_단백질쉐이크출시_ASC_전환_image,[26.06]F_I_SK혼_전환_단백질쉐이크출시_혜택강조형_스타터팩_.배너_딱.__이유빈_260623_제과_김나현,3,0,100.0,0
2026-07-06,(마스터ASC)[제과_콘스프맛 팝콘] 26.05_콘스프맛팝콘출시_ASC_전환_video,(마스터ASC)[콘스프맛 팝콘] 26.05_콘스프맛팝콘출시_ASC_전환_video,[26.06]F_V_PC혼_전환_팝콘더블특가_기타_꼬막BP_var2.릴스_ver2.슬기.추가건PJ_1P_최나영_260623_제과_문형민,7470,111,79663.0,22
2026-07-07,(미사용) [제과_단백질 쉐이크] 26.06_단백질쉐이크출시_ASC_전환_image,[제과_단백질 쉐이크] 26.06_단백질쉐이크출시_ASC_전환_image,[26.06]F_I_SK혼_전환_단백질쉐이크출시_혜택강조형_스타터팩_.배너_딱.__이유빈_260623_제과_김나현,1,0,6.0,0
2026-07-07,(마스터ASC)[제과_콘스프맛 팝콘] 26.05_콘스프맛팝콘출시_ASC_전환_video,(마스터ASC)[콘스프맛 팝콘] 26.05_콘스프맛팝콘출시_ASC_전환_video,[26.06]F_V_PC혼_전환_팝콘더블특가_기타_꼬막BP_var2.릴스_ver2.슬기.추가건PJ_1P_최나영_260623_제과_문형민,3235,38,35411.0,2
2026-07-01,[제과_콘스프맛 팝콘] 26.05_콘스프맛팝콘출시_ASC_전환_video_네고형_0506,[콘스프맛 팝콘] 26.05_콘스프맛팝콘출시_ASC_전환_video_네고형_0506,[26.05]F_V_PC콘_전환_콘스프맛팝콘출시_네고형_네고형_main.릴스_공통.형민.형민PJ1_3C_박현지_260506_3T_이수민,34591,365,322959.0,55
2026-07-02,[제과_콘스프맛 팝콘] 26.05_콘스프맛팝콘출시_ASC_전환_video_네고형_0506,[콘스프맛 팝콘] 26.05_콘스프맛팝콘출시_ASC_전환_video_네고형_0506,[26.05]F_V_PC콘_전환_콘스프맛팝콘출시_네고형_네고형_main.릴스_공통.형민.형민PJ1_3C_박현지_260506_3T_이수민,12196,131,117176.0,20
2026-07-03,[제과_콘스프맛 팝콘] 26.05_콘스프맛팝콘출시_ASC_전환_video_네고형_0506,[콘스프맛 팝콘] 26.05_콘스프맛팝콘출시_ASC_전환_video_네고형_0506,[26.05]F_V_PC콘_전환_콘스프맛팝콘출시_네고형_네고형_main.릴스_공통.형민.형민PJ1_3C_박현지_260506_3T_이수민,3387,44,31392.0,6
2026-07-04,[제과_콘스프맛 팝콘] 26.05_콘스프맛팝콘출시_ASC_전환_video_네고형_0506,[콘스프맛 팝콘] 26.05_콘스프맛팝콘출시_ASC_전환_video_네고형_0506,[26.05]F_V_PC콘_전환_콘스프맛팝콘출시_네고형_네고형_main.릴스_공통.형민.형민PJ1_3C_박현지_260506_3T_이수민,32801,323,284997.0,45
2026-07-05,[제과_콘스프맛 팝콘] 26.05_콘스프맛팝콘출시_ASC_전환_video_네고형_0506,[콘스프맛 팝콘] 26.05_콘스프맛팝콘출시_ASC_전환_video_네고형_0506,[26.05]F_V_PC콘_전환_콘스프맛팝콘출시_네고형_네고형_main.릴스_공통.형민.형민PJ1_3C_박현지_260506_3T_이수민,47980,502,388704.0,68
2026-07-06,[제과_콘스프맛 팝콘] 26.05_콘스프맛팝콘출시_ASC_전환_video_네고형_0506,[콘스프맛 팝콘] 26.05_콘스프맛팝콘출시_ASC_전환_video_네고형_0506,[26.05]F_V_PC콘_전환_콘스프맛팝콘출시_네고형_네고형_main.릴스_공통.형민.형민PJ1_3C_박현지_260506_3T_이수민,8248,92,63537.0,8
2026-07-07,[제과_콘스프맛 팝콘] 26.05_콘스프맛팝콘출시_ASC_전환_video_네고형_0506,[콘스프맛 팝콘] 26.05_콘스프맛팝콘출시_ASC_전환_video_네고형_0506,[26.05]F_V_PC콘_전환_콘스프맛팝콘출시_네고형_네고형_main.릴스_공통.형민.형민PJ1_3C_박현지_260506_3T_이수민,4944,40,44551.0,7
2026-07-08,[제과_콘스프맛 팝콘] 26.05_콘스프맛팝콘출시_ASC_전환_video_네고형_0506,[콘스프맛 팝콘] 26.05_콘스프맛팝콘출시_ASC_전환_video_네고형_0506,[26.05]F_V_PC콘_전환_콘스프맛팝콘출시_네고형_네고형_main.릴스_공통.형민.형민PJ1_3C_박현지_260506_3T_이수민,86817,1050,822887.0,164
2026-07-09,[제과_콘스프맛 팝콘] 26.05_콘스프맛팝콘출시_ASC_전환_video_네고형_0506,[콘스프맛 팝콘] 26.05_콘스프맛팝콘출시_ASC_전환_video_네고형_0506,[26.05]F_V_PC콘_전환_콘스프맛팝콘출시_네고형_네고형_main.릴스_공통.형민.형민PJ1_3C_박현지_260506_3T_이수민,28351,334,258800.0,63
2026-07-10,[제과_콘스프맛 팝콘] 26.05_콘스프맛팝콘출시_ASC_전환_video_네고형_0506,[콘스프맛 팝콘] 26.05_콘스프맛팝콘출시_ASC_전환_video_네고형_0506,[26.05]F_V_PC콘_전환_콘스프맛팝콘출시_네고형_네고형_main.릴스_공통.형민.형민PJ1_3C_박현지_260506_3T_이수민,5252,52,45205.0,5
2026-07-11,[제과_콘스프맛 팝콘] 26.05_콘스프맛팝콘출시_ASC_전환_video_네고형_0506,[콘스프맛 팝콘] 26.05_콘스프맛팝콘출시_ASC_전환_video_네고형_0506,[26.05]F_V_PC콘_전환_콘스프맛팝콘출시_네고형_네고형_main.릴스_공통.형민.형민PJ1_3C_박현지_260506_3T_이수민,9420,94,83018.0,21
2026-07-12,[제과_콘스프맛 팝콘] 26.05_콘스프맛팝콘출시_ASC_전환_video_네고형_0506,[콘스프맛 팝콘] 26.05_콘스프맛팝콘출시_ASC_전환_video_네고형_0506,[26.05]F_V_PC콘_전환_콘스프맛팝콘출시_네고형_네고형_main.릴스_공통.형민.형민PJ1_3C_박현지_260506_3T_이수민,12087,147,111303.0,23
2026-07-13,[제과_콘스프맛 팝콘] 26.05_콘스프맛팝콘출시_ASC_전환_video_네고형_0506,[콘스프맛 팝콘] 26.05_콘스프맛팝콘출시_ASC_전환_video_네고형_0506,[26.05]F_V_PC콘_전환_콘스프맛팝콘출시_네고형_네고형_main.릴스_공통.형민.형민PJ1_3C_박현지_260506_3T_이수민,43863,451,397219.0,90
2026-07-14,[제과_콘스프맛 팝콘] 26.05_콘스프맛팝콘출시_ASC_전환_video_네고형_0506,[콘스프맛 팝콘] 26.05_콘스프맛팝콘출시_ASC_전환_video_네고형_0506,[26.05]F_V_PC콘_전환_콘스프맛팝콘출시_네고형_네고형_main.릴스_공통.형민.형민PJ1_3C_박현지_260506_3T_이수민,1377,9,11390.0,2
2026-07-15,[제과_콘스프맛 팝콘] 26.05_콘스프맛팝콘출시_ASC_전환_video_네고형_0506,[콘스프맛 팝콘] 26.05_콘스프맛팝콘출시_ASC_전환_video_네고형_0506,[26.05]F_V_PC콘_전환_콘스프맛팝콘출시_네고형_네고형_main.릴스_공통.형민.형민PJ1_3C_박현지_260506_3T_이수민,41590,403,348091.0,64
2026-07-01,[제과_콘스프맛 팝콘] 26.05_콘스프맛팝콘출시_수동_전환_video,네고형_콘스프맛_(통합),[26.05]F_V_PC콘_전환_콘스프맛팝콘출시_네고형_공구네고형_main.릴스_공통.(연)강민경.고현정.슬기.X_4C_박현지_260515_1T_강경연,88485,1793,1084618.0,263
2026-07-02,[제과_콘스프맛 팝콘] 26.05_콘스프맛팝콘출시_수동_전환_video,네고형_콘스프맛_(통합),[26.05]F_V_PC콘_전환_콘스프맛팝콘출시_네고형_공구네고형_main.릴스_공통.(연)강민경.고현정.슬기.X_4C_박현지_260515_1T_강경연,42141,783,480297.0,90
2026-07-03,[제과_콘스프맛 팝콘] 26.05_콘스프맛팝콘출시_수동_전환_video,네고형_콘스프맛_(통합),[26.05]F_V_PC콘_전환_콘스프맛팝콘출시_네고형_공구네고형_main.릴스_공통.(연)강민경.고현정.슬기.X_4C_박현지_260515_1T_강경연,45759,934,449245.0,81
2026-07-04,[제과_콘스프맛 팝콘] 26.05_콘스프맛팝콘출시_수동_전환_video,네고형_콘스프맛_(통합),[26.05]F_V_PC콘_전환_콘스프맛팝콘출시_네고형_공구네고형_main.릴스_공통.(연)강민경.고현정.슬기.X_4C_박현지_260515_1T_강경연,7829,175,83057.0,10
2026-07-05,[제과_콘스프맛 팝콘] 26.05_콘스프맛팝콘출시_수동_전환_video,네고형_콘스프맛_(통합),[26.05]F_V_PC콘_전환_콘스프맛팝콘출시_네고형_공구네고형_main.릴스_공통.(연)강민경.고현정.슬기.X_4C_박현지_260515_1T_강경연,10340,276,111980.0,21
2026-07-06,[제과_콘스프맛 팝콘] 26.05_콘스프맛팝콘출시_수동_전환_video,네고형_콘스프맛_(통합),[26.05]F_V_PC콘_전환_콘스프맛팝콘출시_네고형_공구네고형_main.릴스_공통.(연)강민경.고현정.슬기.X_4C_박현지_260515_1T_강경연,20989,475,220235.0,40
2026-07-07,[제과_콘스프맛 팝콘] 26.05_콘스프맛팝콘출시_수동_전환_video,네고형_콘스프맛_(통합),[26.05]F_V_PC콘_전환_콘스프맛팝콘출시_네고형_공구네고형_main.릴스_공통.(연)강민경.고현정.슬기.X_4C_박현지_260515_1T_강경연,61169,1253,688930.0,124
2026-07-08,[제과_콘스프맛 팝콘] 26.05_콘스프맛팝콘출시_수동_전환_video,네고형_콘스프맛_(통합),[26.05]F_V_PC콘_전환_콘스프맛팝콘출시_네고형_공구네고형_main.릴스_공통.(연)강민경.고현정.슬기.X_4C_박현지_260515_1T_강경연,16539,353,189626.0,37
2026-07-09,[제과_콘스프맛 팝콘] 26.05_콘스프맛팝콘출시_수동_전환_video,네고형_콘스프맛_(통합),[26.05]F_V_PC콘_전환_콘스프맛팝콘출시_네고형_공구네고형_main.릴스_공통.(연)강민경.고현정.슬기.X_4C_박현지_260515_1T_강경연,18661,372,184991.0,47
2026-07-10,[제과_콘스프맛 팝콘] 26.05_콘스프맛팝콘출시_수동_전환_video,네고형_콘스프맛_(통합),[26.05]F_V_PC콘_전환_콘스프맛팝콘출시_네고형_공구네고형_main.릴스_공통.(연)강민경.고현정.슬기.X_4C_박현지_260515_1T_강경연,132484,2368,1417842.0,312
2026-07-11,[제과_콘스프맛 팝콘] 26.05_콘스프맛팝콘출시_수동_전환_video,네고형_콘스프맛_(통합),[26.05]F_V_PC콘_전환_콘스프맛팝콘출시_네고형_공구네고형_main.릴스_공통.(연)강민경.고현정.슬기.X_4C_박현지_260515_1T_강경연,103196,1997,986199.0,218
2026-07-12,[제과_콘스프맛 팝콘] 26.05_콘스프맛팝콘출시_수동_전환_video,네고형_콘스프맛_(통합),[26.05]F_V_PC콘_전환_콘스프맛팝콘출시_네고형_공구네고형_main.릴스_공통.(연)강민경.고현정.슬기.X_4C_박현지_260515_1T_강경연,56966,1157,628462.0,132
2026-07-13,[제과_콘스프맛 팝콘] 26.05_콘스프맛팝콘출시_수동_전환_video,네고형_콘스프맛_(통합),[26.05]F_V_PC콘_전환_콘스프맛팝콘출시_네고형_공구네고형_main.릴스_공통.(연)강민경.고현정.슬기.X_4C_박현지_260515_1T_강경연,36199,657,399405.0,92
2026-07-14,[제과_콘스프맛 팝콘] 26.05_콘스프맛팝콘출시_수동_전환_video,네고형_콘스프맛_(통합),[26.05]F_V_PC콘_전환_콘스프맛팝콘출시_네고형_공구네고형_main.릴스_공통.(연)강민경.고현정.슬기.X_4C_박현지_260515_1T_강경연,61980,1123,694347.0,172
2026-07-15,[제과_콘스프맛 팝콘] 26.05_콘스프맛팝콘출시_수동_전환_video,네고형_콘스프맛_(통합),[26.05]F_V_PC콘_전환_콘스프맛팝콘출시_네고형_공구네고형_main.릴스_공통.(연)강민경.고현정.슬기.X_4C_박현지_260515_1T_강경연,20713,362,243837.0,43
