date,campaign_name,adset_name,ad_name,impressions,clicks,spend,conversions
2026-07-01,(미사용) [제과_단백질 쉐이크] 26.06_단백질쉐이크출시_ASC_전환_image,[제과_단백질 쉐이크] 26.06_단백질쉐이크출시_ASC_전환_image,[26.06]F_I_SK곡_전환_단백질쉐이크출시_제품강조형_라라권위_.배너_찐~하게흔든미숫가루.가격비교O.__이유빈_260701_제과_문다현,123,8,3855.0,1
2026-07-02,(미사용) [제과_단백질 쉐이크] 26.06_단백질쉐이크출시_ASC_전환_image,[제과_단백질 쉐이크] 26.06_단백질쉐이크출시_ASC_전환_image,[26.06]F_I_SK곡_전환_단백질쉐이크출시_제품강조형_라라권위_.배너_찐~하게흔든미숫가루.가격비교O.__이유빈_260701_제과_문다현,17,1,988.0,0
2026-07-02,[제과_콘스프맛 팝콘] 26.05_콘스프맛팝콘출시_수동_전환_image,오늘까지만_앵콜더블특가 (~7/1),[26.06]F_I_PC혼_전환_팝콘더블특가_매거진형_다이어트_.배너_오늘까지에요.요요.입터짐방지템.단계적할인.확장__김소희_260701_제과_문다현,82,2,2244.0,2
2026-07-03,(미사용) [제과_단백질 쉐이크] 26.06_단백질쉐이크출시_ASC_전환_image,[제과_단백질 쉐이크] 26.06_단백질쉐이크출시_ASC_전환_image,[26.06]F_I_SK곡_전환_단백질쉐이크출시_제품강조형_라라권위_.배너_찐~하게흔든미숫가루.가격비교O.__이유빈_260701_제과_문다현,109,0,2960.0,0
2026-07-04,(미사용) [제과_단백질 쉐이크] 26.06_단백질쉐이크출시_ASC_전환_image,[제과_단백질 쉐이크] 26.06_단백질쉐이크출시_ASC_전환_image,[26.06]F_I_SK곡_전환_단백질쉐이크출시_제품강조형_라라권위_.배너_찐~하게흔든미숫가루.가격비교O.__이유빈_260701_제과_문다현,12,0,544.0,0
2026-07-06,(미사용) [제과_단백질 쉐이크] 26.06_단백질쉐이크출시_ASC_전환_image,[제과_단백질 쉐이크] 26.06_단백질쉐이크출시_ASC_전환_image,[26.06]F_I_SK곡_전환_단백질쉐이크출시_제품강조형_라라권위_.배너_찐~하게흔든미숫가루.가격비교O.__이유빈_260701_제과_문다현,11,0,283.0,0
2026-07-07,(미사용) [제과_단백질 쉐이크] 26.06_단백질쉐이크출시_ASC_전환_image,[제과_단백질 쉐이크] 26.06_단백질쉐이크출시_ASC_전환_image,[26.06]F_I_SK곡_전환_단백질쉐이크출시_제품강조형_라라권위_.배너_찐~하게흔든미숫가루.가격비교O.__이유빈_260701_제과_문다현,330,8,8965.0,1
2026-07-07,(마스터2) [제과_단백질 쉐이크] 26.07_단백질쉐이크출시_ASC_전환_image,(마스터2) [제과_단백질 쉐이크] 26.07_단백질쉐이크출시_ASC_전환_image,[26.07]F_I_SK초_전환_단백질쉐이크출시_혜택강조형_파우치.개당가강조_.배너_불편하지않아도.언제소분설거지.검증__이유빈_260706_제과_김수정,4,0,52.0,0
2026-07-08,(미사용) [제과_단백질 쉐이크] 26.06_단백질쉐이크출시_ASC_전환_image,[제과_단백질 쉐이크] 26.06_단백질쉐이크출시_ASC_전환_image,[26.06]F_I_SK곡_전환_단백질쉐이크출시_제품강조형_라라권위_.배너_찐~하게흔든미숫가루.가격비교O.__이유빈_260701_제과_문다현,432,12,10777.0,0
2026-07-08,(마스터2) [제과_단백질 쉐이크] 26.07_단백질쉐이크출시_ASC_전환_image,(마스터2) [제과_단백질 쉐이크] 26.07_단백질쉐이크출시_ASC_전환_image,[26.07]F_I_SK초_전환_단백질쉐이크출시_혜택강조형_파우치.개당가강조_.배너_불편하지않아도.언제소분설거지.검증__이유빈_260706_제과_김수정,147,1,2497.0,0
2026-07-09,(마스터2) [제과_단백질 쉐이크] 26.07_단백질쉐이크출시_ASC_전환_image,(마스터2) [제과_단백질 쉐이크] 26.07_단백질쉐이크출시_ASC_전환_image,[26.07]F_I_SK초_전환_단백질쉐이크출시_혜택강조형_파우치.개당가강조_.배너_불편하지않아도.언제소분설거지.검증__이유빈_260706_제과_김수정,3,0,94.0,0
2026-07-09,[제과_콘스프맛 팝콘] 26.05_콘스프맛팝콘출시_수동_전환_image,속세맛간식공감_콘스프맛팝콘_상시,[26.07]F_I_PC혼_전환_상시_매거진형_다이어트_.배너_자극부족페인포인트.삼삼한식단.자극적.속세그대로.검증__김소희_260708_제과_문다현,604,9,14056.0,2
2026-07-10,[제과_단백질 쉐이크] 26.06_단백질쉐이크출시_수동_전환_video,고객상황형_0710,[26.07]F_V_SK혼_전환_단백질쉐이크출시_신규BP_고객검증형.파우치.개당가강조_var3.릴스_비싼단쉐천원.X_2P_이유빈_260710_제과_이미진,163,1,1862.0,0
2026-07-11,[제과_단백질 쉐이크] 26.06_단백질쉐이크출시_수동_전환_video,고객상황형_0710,[26.07]F_V_SK혼_전환_단백질쉐이크출시_신규BP_고객검증형.파우치.개당가강조_var3.릴스_비싼단쉐천원.X_2P_이유빈_260710_제과_이미진,273,8,5425.0,0
2026-07-14,(마스터2) [제과_단백질 쉐이크] 26.07_단백질쉐이크출시_ASC_전환_image,(마스터2) [제과_단백질 쉐이크] 26.07_단백질쉐이크출시_ASC_전환_image,[26.07]F_I_SK초_전환_단백질쉐이크출시_혜택강조형_파우치.개당가강조_.배너_불편하지않아도.언제소분설거지.검증__이유빈_260706_제과_김수정,5,0,359.0,0
2026-07-19,(마스터2) [제과_단백질 쉐이크] 26.07_단백질쉐이크출시_ASC_전환_image,(마스터2) [제과_단백질 쉐이크] 26.07_단백질쉐이크출시_ASC_전환_image,[26.07]F_I_SK초_전환_단백질쉐이크출시_혜택강조형_파우치.개당가강조_.배너_불편하지않아도.언제소분설거지.검증__이유빈_260706_제과_김수정,213,9,4420.0,0
2026-07-20,(마스터2) [제과_단백질 쉐이크] 26.07_단백질쉐이크출시_ASC_전환_image,(마스터2) [제과_단백질 쉐이크] 26.07_단백질쉐이크출시_ASC_전환_image,[26.07]F_I_SK초_전환_단백질쉐이크출시_혜택강조형_파우치.개당가강조_.배너_불편하지않아도.언제소분설거지.검증__이유빈_260706_제과_김수정,374,10,9796.0,0
2026-07-22,[칩] (마스터ASC)[제과_블트하] 26.07_블트칩출시_ASC_전환_image,[칩] (마스터ASC)[제과_블트하] 26.07_블트칩출시_ASC_전환_image,[26.07]F_I_BT칩_전환_블트칩출시_바이럴형_KR1_.배너_맘카페페르소나.지면테스트.재고들어왔는지.검증__김소희_260722_제과_김수정,206,8,3329.0,1
2026-07-22,[칩] (마스터ASC)[제과_블트하] 26.07_블트칩출시_ASC_전환_image,[칩] (마스터ASC)[제과_블트하] 26.07_블트칩출시_ASC_전환_image,[26.07]F_I_BT칩_전환_블트칩출시_혜택강조형_KR2_.배너_세계4대진미개당1천원대.칩깡동시소구.사분할형.지면테스트..검증__김소희_260722_제과_박서연,89,4,1801.0,0
2026-07-23,[칩] (마스터ASC)[제과_블트하] 26.07_블트칩출시_ASC_전환_image,[칩] (마스터ASC)[제과_블트하] 26.07_블트칩출시_ASC_전환_image,[26.07]F_I_BT칩_전환_블트칩출시_바이럴형_KR1_.배너_맘카페페르소나.지면테스트.재고들어왔는지.검증__김소희_260722_제과_김수정,78,1,1343.0,0
2026-07-23,[칩] (마스터ASC)[제과_블트하] 26.07_블트칩출시_ASC_전환_image,[칩] (마스터ASC)[제과_블트하] 26.07_블트칩출시_ASC_전환_image,[26.07]F_I_BT칩_전환_블트칩출시_혜택강조형_KR2_.배너_세계4대진미개당1천원대.칩깡동시소구.사분할형.지면테스트..검증__김소희_260722_제과_박서연,29,1,541.0,0
2026-07-24,[칩] (마스터ASC)[제과_블트하] 26.07_블트칩출시_ASC_전환_image,[칩] (마스터ASC)[제과_블트하] 26.07_블트칩출시_ASC_전환_image,[26.07]F_I_BT칩_전환_블트칩출시_혜택강조형_KR2_.배너_세계4대진미개당1천원대.칩깡동시소구.사분할형.지면테스트..검증__김소희_260722_제과_박서연,2,0,39.0,0
2026-07-24,[칩] (마스터ASC)[제과_블트하] 26.07_블트칩출시_ASC_전환_video,[칩] (마스터ASC)[제과_블트하] 26.07_블트칩출시_ASC_전환_video,[26.07]F_V_BT칩_전환_블트칩출시_쩜오건_미쯔BP.KR1_main.릴스_대세감.꿀조합.X_2P_최나영_260724_제과_윤성미,408,13,5248.0,0
2026-07-25,[칩] (마스터ASC)[제과_블트하] 26.07_블트칩출시_ASC_전환_image,[칩] (마스터ASC)[제과_블트하] 26.07_블트칩출시_ASC_전환_image,[26.07]F_I_BT칩_전환_블트칩출시_혜택강조형_KR2_.배너_세계4대진미개당1천원대.칩깡동시소구.사분할형.지면테스트..검증__김소희_260722_제과_박서연,1,0,26.0,0
2026-07-25,[칩] (마스터ASC)[제과_블트하] 26.07_블트칩출시_ASC_전환_video,[칩] (마스터ASC)[제과_블트하] 26.07_블트칩출시_ASC_전환_video,[26.07]F_V_BT칩_전환_블트칩출시_쩜오건_미쯔BP.KR1_main.릴스_대세감.꿀조합.X_2P_최나영_260724_제과_윤성미,676,20,12233.0,1
2026-07-26,[칩] (마스터ASC)[제과_블트하] 26.07_블트칩출시_ASC_전환_video,[칩] (마스터ASC)[제과_블트하] 26.07_블트칩출시_ASC_전환_video,[26.07]F_V_BT칩_전환_블트칩출시_쩜오건_미쯔BP.KR1_main.릴스_대세감.꿀조합.X_2P_최나영_260724_제과_윤성미,788,26,15774.0,1
2026-07-27,[칩] (마스터ASC)[제과_블트하] 26.07_블트칩출시_ASC_전환_video,[칩] (마스터ASC)[제과_블트하] 26.07_블트칩출시_ASC_전환_video,[26.07]F_V_BT칩_전환_블트칩출시_쩜오건_미쯔BP.KR1_main.릴스_대세감.꿀조합.X_2P_최나영_260724_제과_윤성미,1537,31,22031.0,0
2026-07-28,[칩] (마스터ASC)[제과_블트하] 26.07_블트칩출시_ASC_전환_video,[칩] (마스터ASC)[제과_블트하] 26.07_블트칩출시_ASC_전환_video,[26.07]F_V_BT칩_전환_블트칩출시_쩜오건_미쯔BP.KR1_main.릴스_대세감.꿀조합.X_2P_최나영_260724_제과_윤성미,421,10,9162.0,1
2026-07-01,(마스터ASC)[제과_콘스프맛 팝콘] 26.05_콘스프맛팝콘출시_ASC_전환_video,(마스터ASC)[콘스프맛 팝콘] 26.05_콘스프맛팝콘출시_ASC_전환_video,[26.06]F_V_PC혼_전환_팝콘더블특가_기타_꼬막BP_var2.릴스_ver2.슬기.추가건PJ_1P_최나영_260623_제과_문형민,16,3,250.0,1
2026-07-02,(마스터ASC)[제과_콘스프맛 팝콘] 26.05_콘스프맛팝콘출시_ASC_전환_video,(마스터ASC)[콘스프맛 팝콘] 26.05_콘스프맛팝콘출시_ASC_전환_video,[26.06]F_V_PC혼_전환_팝콘더블특가_기타_꼬막BP_var2.릴스_ver2.슬기.추가건PJ_1P_최나영_260623_제과_문형민,53,0,931.0,0
2026-07-03,(마스터ASC)[제과_콘스프맛 팝콘] 26.05_콘스프맛팝콘출시_ASC_전환_video,(마스터ASC)[콘스프맛 팝콘] 26.05_콘스프맛팝콘출시_ASC_전환_video,[26.06]F_V_PC혼_전환_팝콘더블특가_기타_꼬막BP_var2.릴스_ver2.슬기.추가건PJ_1P_최나영_260623_제과_문형민,52,0,626.0,0
2026-07-03,[제과_콘스프맛 팝콘] 26.05_콘스프맛팝콘출시_수동_전환_image,일상다이어트_팝콘할인페스타 (~7/8),[26.07]F_I_PC혼_전환_팝콘할인페스타_혜택강조형_다이어트_.배너_야식먹고싶을때.선착순300명한정중복할인.확장__김소희_260702_제과_문다현,201,6,5854.0,0
2026-07-03,(마스터ASC)[제과_콘스프맛 팝콘] 26.07_콘스프맛팝콘출시_ASC_전환_image (NEW),(마스터ASC)[콘스프맛 팝콘] 26.07_콘스프맛팝콘출시_ASC_전환_image (NEW),[26.07]F_I_PC혼_전환_팝콘할인페스타_혜택강조형_다이어트_.배너_당2g단짠속세맛.계단식할인.선착순.확장__김소희_260702_제과_문다현,223,4,5206.0,0
2026-07-04,(마스터ASC)[제과_콘스프맛 팝콘] 26.05_콘스프맛팝콘출시_ASC_전환_video,(마스터ASC)[콘스프맛 팝콘] 26.05_콘스프맛팝콘출시_ASC_전환_video,[26.06]F_V_PC혼_전환_팝콘더블특가_기타_꼬막BP_var2.릴스_ver2.슬기.추가건PJ_1P_최나영_260623_제과_문형민,852,14,12182.0,1
2026-07-04,[제과_콘스프맛 팝콘] 26.05_콘스프맛팝콘출시_수동_전환_image,일상다이어트_팝콘할인페스타 (~7/8),[26.07]F_I_PC혼_전환_팝콘할인페스타_혜택강조형_다이어트_.배너_야식먹고싶을때.선착순300명한정중복할인.확장__김소희_260702_제과_문다현,43,1,1446.0,0
2026-07-04,(마스터ASC)[제과_콘스프맛 팝콘] 26.07_콘스프맛팝콘출시_ASC_전환_image (NEW),(마스터ASC)[콘스프맛 팝콘] 26.07_콘스프맛팝콘출시_ASC_전환_image (NEW),[26.07]F_I_PC혼_전환_팝콘할인페스타_혜택강조형_다이어트_.배너_당2g단짠속세맛.계단식할인.선착순.확장__김소희_260702_제과_문다현,58,4,1853.0,2
2026-07-05,(마스터ASC)[제과_콘스프맛 팝콘] 26.05_콘스프맛팝콘출시_ASC_전환_video,(마스터ASC)[콘스프맛 팝콘] 26.05_콘스프맛팝콘출시_ASC_전환_video,[26.06]F_V_PC혼_전환_팝콘더블특가_기타_꼬막BP_var2.릴스_ver2.슬기.추가건PJ_1P_최나영_260623_제과_문형민,996,29,14980.0,3
2026-07-05,[제과_콘스프맛 팝콘] 26.05_콘스프맛팝콘출시_수동_전환_image,일상다이어트_팝콘할인페스타 (~7/8),[26.07]F_I_PC혼_전환_팝콘할인페스타_혜택강조형_다이어트_.배너_야식먹고싶을때.선착순300명한정중복할인.확장__김소희_260702_제과_문다현,16,0,473.0,0
2026-07-05,(마스터ASC)[제과_콘스프맛 팝콘] 26.07_콘스프맛팝콘출시_ASC_전환_image (NEW),(마스터ASC)[콘스프맛 팝콘] 26.07_콘스프맛팝콘출시_ASC_전환_image (NEW),[26.07]F_I_PC혼_전환_팝콘할인페스타_혜택강조형_다이어트_.배너_당2g단짠속세맛.계단식할인.선착순.확장__김소희_260702_제과_문다현,209,5,4343.0,0
2026-07-06,(마스터ASC)[제과_콘스프맛 팝콘] 26.05_콘스프맛팝콘출시_ASC_전환_video,(마스터ASC)[콘스프맛 팝콘] 26.05_콘스프맛팝콘출시_ASC_전환_video,[26.06]F_V_PC혼_전환_팝콘더블특가_기타_꼬막BP_var2.릴스_ver2.슬기.추가건PJ_1P_최나영_260623_제과_문형민,7470,111,79663.0,22
2026-07-06,(마스터ASC)[제과_콘스프맛 팝콘] 26.07_콘스프맛팝콘출시_ASC_전환_image (NEW),(마스터ASC)[콘스프맛 팝콘] 26.07_콘스프맛팝콘출시_ASC_전환_image (NEW),[26.07]F_I_PC혼_전환_팝콘할인페스타_혜택강조형_다이어트_.배너_당2g단짠속세맛.계단식할인.선착순.확장__김소희_260702_제과_문다현,572,13,11698.0,0
2026-07-07,(마스터ASC)[제과_콘스프맛 팝콘] 26.05_콘스프맛팝콘출시_ASC_전환_video,(마스터ASC)[콘스프맛 팝콘] 26.05_콘스프맛팝콘출시_ASC_전환_video,[26.06]F_V_PC혼_전환_팝콘더블특가_기타_꼬막BP_var2.릴스_ver2.슬기.추가건PJ_1P_최나영_260623_제과_문형민,3235,38,35411.0,2
2026-07-14,[제과_콘스프맛 팝콘] 26.05_콘스프맛팝콘출시_수동_전환_image,속세맛간식공감_콘스프맛팝콘_상시,[26.07]F_I_PC혼_전환_콘스프맛팝콘출시_혜택강조형__.배너_쌀때쟁이세요.확장__김소희_260713_제과_박서연,81,0,1662.0,1
2026-07-15,[제과_콘스프맛 팝콘] 26.05_콘스프맛팝콘출시_수동_전환_image,속세맛간식공감_콘스프맛팝콘_상시,[26.07]F_I_PC혼_전환_콘스프맛팝콘출시_혜택강조형__.배너_쌀때쟁이세요.확장__김소희_260713_제과_박서연,108,5,2597.0,3
2026-07-15,(마스터ASC)[제과_블트하] 26.07_블트깡출시_ASC_전환_video,(마스터ASC)[제과_블트하] 26.07_블트깡출시_ASC_전환_video,[26.07]F_V_BT깡_전환_블트깡출시_쩜오건_리액션과장.KR1_var2.릴스_SNS.제품후킹.X_1P_김소희_260715_제과_문형민,5,1,121.0,0
2026-07-16,[제과_콘스프맛 팝콘] 26.05_콘스프맛팝콘출시_수동_전환_image,속세맛간식공감_콘스프맛팝콘_상시,[26.07]F_I_PC혼_전환_콘스프맛팝콘출시_혜택강조형__.배너_쌀때쟁이세요.확장__김소희_260713_제과_박서연,10,0,269.0,0
2026-07-16,(마스터ASC)[제과_블트하] 26.07_블트깡출시_ASC_전환_video,(마스터ASC)[제과_블트하] 26.07_블트깡출시_ASC_전환_video,[26.07]F_V_BT깡_전환_블트깡출시_쩜오건_리액션과장.KR1_var2.릴스_SNS.제품후킹.X_1P_김소희_260715_제과_문형민,116,3,1396.0,1
2026-07-16,[제과_단백질 쉐이크] 26.06_단백질쉐이크출시_수동_전환_image,올영최저가비교_0715,[26.07]F_I_SK혼_전환_단백질쉐이크출시_혜택강조형_올영최저가비교_.배너_하트제목.덜어먹기귀찮은ㄷㄷ.확장__이유빈_260715_제과_문다현,184,6,3914.0,0
2026-07-17,[제과_콘스프맛 팝콘] 26.05_콘스프맛팝콘출시_수동_전환_image,속세맛간식공감_콘스프맛팝콘_상시,[26.07]F_I_PC혼_전환_콘스프맛팝콘출시_혜택강조형__.배너_쌀때쟁이세요.확장__김소희_260713_제과_박서연,56,2,873.0,0
2026-07-17,(마스터ASC)[제과_블트하] 26.07_블트깡출시_ASC_전환_video,(마스터ASC)[제과_블트하] 26.07_블트깡출시_ASC_전환_video,[26.07]F_V_BT깡_전환_블트깡출시_쩜오건_리액션과장.KR1_var2.릴스_SNS.제품후킹.X_1P_김소희_260715_제과_문형민,42,2,552.0,0
2026-07-17,[제과_단백질 쉐이크] 26.06_단백질쉐이크출시_수동_전환_image,올영최저가비교_0715,[26.07]F_I_SK혼_전환_단백질쉐이크출시_혜택강조형_올영최저가비교_.배너_하트제목.덜어먹기귀찮은ㄷㄷ.확장__이유빈_260715_제과_문다현,52,1,883.0,0
2026-07-17,[제과_블트하] 26.07_블트깡출시_수동_전환_video_전체타겟,에어프라이기BP_블트깡출시 (KR1),[26.07]F_V_BT깡_전환_블트깡출시_인물리뷰형_에어프라이기BP.KR1_var1.릴스_조합.슬기.X_1P_최나영_260716_제과_피재은,200,5,5396.0,0
2026-07-18,[제과_콘스프맛 팝콘] 26.05_콘스프맛팝콘출시_수동_전환_image,속세맛간식공감_콘스프맛팝콘_상시,[26.07]F_I_PC혼_전환_콘스프맛팝콘출시_혜택강조형__.배너_쌀때쟁이세요.확장__김소희_260713_제과_박서연,1,0,5.0,0
2026-07-18,[제과_블트하] 26.07_블트깡출시_수동_전환_video_전체타겟,에어프라이기BP_블트깡출시 (KR1),[26.07]F_V_BT깡_전환_블트깡출시_인물리뷰형_에어프라이기BP.KR1_var1.릴스_조합.슬기.X_1P_최나영_260716_제과_피재은,440,12,10375.0,6
2026-07-19,[제과_블트하] 26.07_블트깡출시_수동_전환_video_전체타겟,에어프라이기BP_블트깡출시 (KR1),[26.07]F_V_BT깡_전환_블트깡출시_인물리뷰형_에어프라이기BP.KR1_var1.릴스_조합.슬기.X_1P_최나영_260716_제과_피재은,5,0,33.0,0
2026-07-20,(마스터ASC)[제과_블트하] 26.07_블트깡출시_ASC_전환_video,(마스터ASC)[제과_블트하] 26.07_블트깡출시_ASC_전환_video,[26.07]F_V_BT깡_전환_블트깡출시_쩜오건_리액션과장.KR1_var2.릴스_SNS.제품후킹.X_1P_김소희_260715_제과_문형민,49,0,731.0,0
2026-07-20,[제과_단백질 쉐이크] 26.06_단백질쉐이크출시_수동_전환_image,올영최저가비교_0715,[26.07]F_I_SK혼_전환_단백질쉐이크출시_혜택강조형_올영최저가비교_.배너_하트제목.덜어먹기귀찮은ㄷㄷ.확장__이유빈_260715_제과_문다현,188,4,3511.0,0
2026-07-20,[제과_블트하] 26.07_블트깡출시_수동_전환_video_전체타겟,에어프라이기BP_블트깡출시 (KR1),[26.07]F_V_BT깡_전환_블트깡출시_인물리뷰형_에어프라이기BP.KR1_var1.릴스_조합.슬기.X_1P_최나영_260716_제과_피재은,82,3,2067.0,1
2026-07-21,(마스터ASC)[제과_블트하] 26.07_블트깡출시_ASC_전환_video,(마스터ASC)[제과_블트하] 26.07_블트깡출시_ASC_전환_video,[26.07]F_V_BT깡_전환_블트깡출시_쩜오건_리액션과장.KR1_var2.릴스_SNS.제품후킹.X_1P_김소희_260715_제과_문형민,338,9,6568.0,2
2026-07-21,[제과_단백질 쉐이크] 26.06_단백질쉐이크출시_수동_전환_image,올영최저가비교_0715,[26.07]F_I_SK혼_전환_단백질쉐이크출시_혜택강조형_올영최저가비교_.배너_하트제목.덜어먹기귀찮은ㄷㄷ.확장__이유빈_260715_제과_문다현,710,19,14636.0,0
2026-07-21,[제과_블트하] 26.07_블트깡출시_수동_전환_video_전체타겟,에어프라이기BP_블트깡출시 (KR1),[26.07]F_V_BT깡_전환_블트깡출시_인물리뷰형_에어프라이기BP.KR1_var1.릴스_조합.슬기.X_1P_최나영_260716_제과_피재은,2,0,23.0,0
2026-07-22,[제과_콘스프맛 팝콘] 26.05_콘스프맛팝콘출시_수동_전환_image,속세맛간식공감_콘스프맛팝콘_상시,[26.07]F_I_PC혼_전환_콘스프맛팝콘출시_혜택강조형__.배너_쌀때쟁이세요.확장__김소희_260713_제과_박서연,132,4,3109.0,0
2026-07-22,(마스터ASC)[제과_블트하] 26.07_블트깡출시_ASC_전환_video,(마스터ASC)[제과_블트하] 26.07_블트깡출시_ASC_전환_video,[26.07]F_V_BT깡_전환_블트깡출시_쩜오건_리액션과장.KR1_var2.릴스_SNS.제품후킹.X_1P_김소희_260715_제과_문형민,68,3,1556.0,1
2026-07-22,[칩] (마스터ASC)[제과_블트하] 26.07_블트칩출시_ASC_전환_image,[칩] (마스터ASC)[제과_블트하] 26.07_블트칩출시_ASC_전환_image,[26.07]F_I_BT칩_전환_블트칩출시_바이럴형_KR1_.배너_맘카페페르소나.지면테스트.애들이랑같이먹기좋은.검증__김소희_260722_제과_김수정,123,4,2334.0,1
2026-07-23,[제과_콘스프맛 팝콘] 26.05_콘스프맛팝콘출시_수동_전환_image,속세맛간식공감_콘스프맛팝콘_상시,[26.07]F_I_PC혼_전환_콘스프맛팝콘출시_혜택강조형__.배너_쌀때쟁이세요.확장__김소희_260713_제과_박서연,4,0,55.0,1
2026-07-23,(마스터ASC)[제과_블트하] 26.07_블트깡출시_ASC_전환_video,(마스터ASC)[제과_블트하] 26.07_블트깡출시_ASC_전환_video,[26.07]F_V_BT깡_전환_블트깡출시_쩜오건_리액션과장.KR1_var2.릴스_SNS.제품후킹.X_1P_김소희_260715_제과_문형민,46,1,1071.0,0
2026-07-23,[칩] (마스터ASC)[제과_블트하] 26.07_블트칩출시_ASC_전환_image,[칩] (마스터ASC)[제과_블트하] 26.07_블트칩출시_ASC_전환_image,[26.07]F_I_BT칩_전환_블트칩출시_바이럴형_KR1_.배너_맘카페페르소나.지면테스트.애들이랑같이먹기좋은.검증__김소희_260722_제과_김수정,22,1,581.0,0
2026-07-24,[제과_콘스프맛 팝콘] 26.05_콘스프맛팝콘출시_수동_전환_image,속세맛간식공감_콘스프맛팝콘_상시,[26.07]F_I_PC혼_전환_콘스프맛팝콘출시_혜택강조형__.배너_쌀때쟁이세요.확장__김소희_260713_제과_박서연,464,12,8839.0,0
2026-07-24,(마스터ASC)[제과_블트하] 26.07_블트깡출시_ASC_전환_video,(마스터ASC)[제과_블트하] 26.07_블트깡출시_ASC_전환_video,[26.07]F_V_BT깡_전환_블트깡출시_쩜오건_리액션과장.KR1_var2.릴스_SNS.제품후킹.X_1P_김소희_260715_제과_문형민,37,2,562.0,0
2026-07-24,[칩] (마스터ASC)[제과_블트하] 26.07_블트칩출시_ASC_전환_image,[칩] (마스터ASC)[제과_블트하] 26.07_블트칩출시_ASC_전환_image,[26.07]F_I_BT칩_전환_블트칩출시_바이럴형_KR1_.배너_맘카페페르소나.지면테스트.애들이랑같이먹기좋은.검증__김소희_260722_제과_김수정,3,0,42.0,0
2026-07-25,[제과_콘스프맛 팝콘] 26.05_콘스프맛팝콘출시_수동_전환_image,속세맛간식공감_콘스프맛팝콘_상시,[26.07]F_I_PC혼_전환_콘스프맛팝콘출시_혜택강조형__.배너_쌀때쟁이세요.확장__김소희_260713_제과_박서연,56,2,1658.0,0
2026-07-25,(마스터ASC)[제과_블트하] 26.07_블트깡출시_ASC_전환_video,(마스터ASC)[제과_블트하] 26.07_블트깡출시_ASC_전환_video,[26.07]F_V_BT깡_전환_블트깡출시_쩜오건_리액션과장.KR1_var2.릴스_SNS.제품후킹.X_1P_김소희_260715_제과_문형민,111,2,2061.0,0
2026-07-25,[제과_블트하] 26.07_블트깡출시_수동_전환_video_전체타겟,에어프라이기BP_블트깡출시 (KR1),[26.07]F_V_BT깡_전환_블트깡출시_인물리뷰형_에어프라이기BP.KR1_var1.릴스_조합.슬기.X_1P_최나영_260716_제과_피재은,144,1,3455.0,0
2026-07-25,[칩] (마스터ASC)[제과_블트하] 26.07_블트칩출시_ASC_전환_image,[칩] (마스터ASC)[제과_블트하] 26.07_블트칩출시_ASC_전환_image,[26.07]F_I_BT칩_전환_블트칩출시_바이럴형_KR1_.배너_맘카페페르소나.지면테스트.애들이랑같이먹기좋은.검증__김소희_260722_제과_김수정,1,0,41.0,0
2026-07-26,[제과_콘스프맛 팝콘] 26.05_콘스프맛팝콘출시_수동_전환_image,속세맛간식공감_콘스프맛팝콘_상시,[26.07]F_I_PC혼_전환_콘스프맛팝콘출시_혜택강조형__.배너_쌀때쟁이세요.확장__김소희_260713_제과_박서연,73,2,2200.0,0
2026-07-26,(마스터ASC)[제과_블트하] 26.07_블트깡출시_ASC_전환_video,(마스터ASC)[제과_블트하] 26.07_블트깡출시_ASC_전환_video,[26.07]F_V_BT깡_전환_블트깡출시_쩜오건_리액션과장.KR1_var2.릴스_SNS.제품후킹.X_1P_김소희_260715_제과_문형민,44,1,885.0,0
2026-07-27,(마스터ASC)[제과_블트하] 26.07_블트깡출시_ASC_전환_video,(마스터ASC)[제과_블트하] 26.07_블트깡출시_ASC_전환_video,[26.07]F_V_BT깡_전환_블트깡출시_쩜오건_리액션과장.KR1_var2.릴스_SNS.제품후킹.X_1P_김소희_260715_제과_문형민,130,3,1997.0,0
2026-07-28,[제과_콘스프맛 팝콘] 26.05_콘스프맛팝콘출시_수동_전환_image,속세맛간식공감_콘스프맛팝콘_상시,[26.07]F_I_PC혼_전환_콘스프맛팝콘출시_혜택강조형__.배너_쌀때쟁이세요.확장__김소희_260713_제과_박서연,8,0,153.0,0
2026-07-28,(마스터ASC)[제과_블트하] 26.07_블트깡출시_ASC_전환_video,(마스터ASC)[제과_블트하] 26.07_블트깡출시_ASC_전환_video,[26.07]F_V_BT깡_전환_블트깡출시_쩜오건_리액션과장.KR1_var2.릴스_SNS.제품후킹.X_1P_김소희_260715_제과_문형민,290,1,6451.0,0
2026-07-01,[콘스프맛 팝콘] 26.05_콘스프맛팝콘출시_ASC_전환_image (old),[콘스프맛 팝콘] 26.05_콘스프맛팝콘출시_ASC_전환_image (old),[26.06]F_I_PC혼_전환_팝콘더블특가_매거진형_페인포인트_.배너_관리.PT.__김소희_260624_제과_김나현,1,1,47.0,0
2026-07-01,[제과_단백질 쉐이크] 26.06_단백질쉐이크출시_ASC_전환_video,[제과_단백질 쉐이크] 26.06_단백질쉐이크출시_ASC_전환_video,[26.06]F_V_SK혼_전환_단백질쉐이크출시_신규BP_개당가메리트.재편집_var4.릴스_기존.라라스윗권위.X_2P_이유빈_260629_제과_이봄1,78,0,4160.0,0
2026-07-02,[제과_단백질 쉐이크] 26.06_단백질쉐이크출시_ASC_전환_video,[제과_단백질 쉐이크] 26.06_단백질쉐이크출시_ASC_전환_video,[26.06]F_V_SK혼_전환_단백질쉐이크출시_신규BP_개당가메리트.재편집_var4.릴스_기존.라라스윗권위.X_2P_이유빈_260629_제과_이봄1,16,1,368.0,0
2026-07-03,[제과_단백질 쉐이크] 26.06_단백질쉐이크출시_ASC_전환_video,[제과_단백질 쉐이크] 26.06_단백질쉐이크출시_ASC_전환_video,[26.06]F_V_SK혼_전환_단백질쉐이크출시_신규BP_개당가메리트.재편집_var4.릴스_기존.라라스윗권위.X_2P_이유빈_260629_제과_이봄1,1,0,11.0,0
2026-07-08,[제과_콘스프맛 팝콘] 26.05_콘스프맛팝콘출시_수동_전환_image,가격한정&공지문_할인페스타(~7/8),[26.07]F_I_PC혼_전환_팝콘할인페스타_혜택강조형_다이어트_.배너_공지.가격실수안내.다이어트커뮤니티입소문.공장풀가동.확장__김소희_260707_제과_문다현,551,25,9542.0,1
2026-07-08,[제과_단백질 쉐이크] 26.06_단백질쉐이크출시_수동_전환_image,파우치개당가강조_0706,[26.07]F_I_SK곡_전환_단백질쉐이크출시_매거진형_라라스윗권위_.배너_저당.개당1천원대수정.확장__이유빈_260707_제과_김수정,638,10,9435.0,0
2026-07-09,[제과_단백질 쉐이크] 26.06_단백질쉐이크출시_수동_전환_image,파우치개당가강조_0706,[26.07]F_I_SK곡_전환_단백질쉐이크출시_매거진형_라라스윗권위_.배너_저당.개당1천원대수정.확장__이유빈_260707_제과_김수정,5171,80,77607.0,7
2026-07-10,[제과_단쉐_990] 26.07_깜짝990딜_수동_전환_video,쩜오건_0710,[26.07]F_V_SK혼_전환_단쉐990원_원데이건_캡컷_var2.릴스_다이소사람.X_2P_이유빈_260710_제과_이미진,31,1,457.0,0
2026-07-11,[제과_단쉐_990] 26.07_깜짝990딜_수동_전환_video,쩜오건_0710,[26.07]F_V_SK혼_전환_단쉐990원_원데이건_캡컷_var2.릴스_다이소사람.X_2P_이유빈_260710_제과_이미진,476,13,4311.0,0
2026-07-11,[제과_단백질 쉐이크] 26.06_단백질쉐이크출시_수동_전환_video,문제공감형_0710,[26.07]F_V_SK혼_전환_단백질쉐이크출시_신규BP_문제공감형.파우치.개당가강조_var1.릴스_토핑강조.X_2P_이유빈_260710_제과_이봄1,37,3,1078.0,0
2026-07-12,[제과_단백질 쉐이크] 26.06_단백질쉐이크출시_수동_전환_video,문제공감형_0710,[26.07]F_V_SK혼_전환_단백질쉐이크출시_신규BP_문제공감형.파우치.개당가강조_var1.릴스_토핑강조.X_2P_이유빈_260710_제과_이봄1,2,0,8.0,0
2026-07-13,[제과_단쉐_990] 26.07_깜짝990딜_수동_전환_video,쩜오건_0710,[26.07]F_V_SK혼_전환_단쉐990원_원데이건_캡컷_var2.릴스_다이소사람.X_2P_이유빈_260710_제과_이미진,222,5,1921.0,0
2026-07-13,[제과_단백질 쉐이크] 26.06_단백질쉐이크출시_수동_전환_video,문제공감형_0710,[26.07]F_V_SK혼_전환_단백질쉐이크출시_신규BP_문제공감형.파우치.개당가강조_var1.릴스_토핑강조.X_2P_이유빈_260710_제과_이봄1,1,0,6.0,0
2026-07-14,(마스터ASC)[제과_콘스프맛 팝콘] 26.07_콘스프맛팝콘출시_ASC_전환_image (NEW),(마스터ASC)[콘스프맛 팝콘] 26.07_콘스프맛팝콘출시_ASC_전환_image (NEW),"[26.07]F_I_PC혼_전환_콘스프맛팝콘출시_혜택강조형__.배너_오늘 뛴 5km, 과자한봉이면 리셋?.확장__김소희_260713_제과_박서연",343,6,6572.0,1
2026-07-15,[제과_단백질 쉐이크] 26.06_단백질쉐이크출시_수동_전환_image,올영최저가비교_0714,[26.07]F_I_SK혼_전환_단백질쉐이크출시_혜택강조형_올영최저가비교_.배너_남들보다훨씬싸게.네고형.확장__이유빈_260714_제과_문다현,25,0,1053.0,0
2026-07-15,[제과_블트하] 26.07_블트깡출시_수동_전환_video_전체타겟,BP이식형2_블트깡출시 (KR1/2),[26.07]F_V_BT깡_전환_블트깡출시_쩜오건_대세감실체.KR1_var1.릴스_유명남돌라방.X_1P_김소희_260715_제과_문형민,107,3,1259.0,0
2026-07-15,[제과_블트하] 26.07_블트깡출시_수동_전환_image_전체타겟,맘카페페르소나_블트깡출시 (KR1),[26.07]F_I_BT깡_전환_블트깡출시_바이럴형_KR1_.배너_유행.창고형마트에서보이면무조건담으라던.검증__김소희_260715_제과_김수정,352,4,6614.0,0
2026-07-16,[제과_단백질 쉐이크] 26.06_단백질쉐이크출시_수동_전환_image,올영최저가비교_0714,[26.07]F_I_SK혼_전환_단백질쉐이크출시_혜택강조형_올영최저가비교_.배너_남들보다훨씬싸게.네고형.확장__이유빈_260714_제과_문다현,24,0,594.0,0
2026-07-16,[제과_블트하] 26.07_블트깡출시_수동_전환_video_전체타겟,BP이식형2_블트깡출시 (KR1/2),[26.07]F_V_BT깡_전환_블트깡출시_쩜오건_대세감실체.KR1_var1.릴스_유명남돌라방.X_1P_김소희_260715_제과_문형민,41,1,570.0,0
2026-07-17,[제과_블트하] 26.07_블트깡출시_수동_전환_video_전체타겟,BP이식형2_블트깡출시 (KR1/2),[26.07]F_V_BT깡_전환_블트깡출시_쩜오건_대세감실체.KR1_var1.릴스_유명남돌라방.X_1P_김소희_260715_제과_문형민,80,4,1187.0,1
2026-07-17,(마스터ASC)[제과_블트하] 26.07_블트깡출시_ASC_전환_image,(마스터ASC)[제과_블트하] 26.07_블트깡출시_ASC_전환_image,[26.07]F_I_BT깡_전환_블트깡출시_바이럴형_KR1_.배너_맘카페.맘카페입난리솔직후기.확장__김소희_260716_제과_김수정,4,0,163.0,0
2026-07-18,[제과_단백질 쉐이크] 26.06_단백질쉐이크출시_수동_전환_image,올영최저가비교_0714,[26.07]F_I_SK혼_전환_단백질쉐이크출시_혜택강조형_올영최저가비교_.배너_남들보다훨씬싸게.네고형.확장__이유빈_260714_제과_문다현,62,3,1132.0,0
2026-07-18,[제과_블트하] 26.07_블트깡출시_수동_전환_video_전체타겟,BP이식형2_블트깡출시 (KR1/2),[26.07]F_V_BT깡_전환_블트깡출시_쩜오건_대세감실체.KR1_var1.릴스_유명남돌라방.X_1P_김소희_260715_제과_문형민,19,1,256.0,0
2026-07-18,(마스터ASC)[제과_블트하] 26.07_블트깡출시_ASC_전환_image,(마스터ASC)[제과_블트하] 26.07_블트깡출시_ASC_전환_image,[26.07]F_I_BT깡_전환_블트깡출시_바이럴형_KR1_.배너_맘카페.맘카페입난리솔직후기.확장__김소희_260716_제과_김수정,1,0,45.0,0
2026-07-19,[제과_단백질 쉐이크] 26.06_단백질쉐이크출시_수동_전환_image,올영최저가비교_0714,[26.07]F_I_SK혼_전환_단백질쉐이크출시_혜택강조형_올영최저가비교_.배너_남들보다훨씬싸게.네고형.확장__이유빈_260714_제과_문다현,13,0,372.0,0
2026-07-19,[제과_블트하] 26.07_블트깡출시_수동_전환_video_전체타겟,BP이식형2_블트깡출시 (KR1/2),[26.07]F_V_BT깡_전환_블트깡출시_쩜오건_대세감실체.KR1_var1.릴스_유명남돌라방.X_1P_김소희_260715_제과_문형민,5,0,55.0,0
2026-07-20,[제과_블트하] 26.07_블트깡출시_수동_전환_video_전체타겟,BP이식형2_블트깡출시 (KR1/2),[26.07]F_V_BT깡_전환_블트깡출시_쩜오건_대세감실체.KR1_var1.릴스_유명남돌라방.X_1P_김소희_260715_제과_문형민,28,1,437.0,0
2026-07-21,[제과_블트하] 26.07_블트깡출시_수동_전환_video_전체타겟,BP이식형2_블트깡출시 (KR1/2),[26.07]F_V_BT깡_전환_블트깡출시_쩜오건_대세감실체.KR1_var1.릴스_유명남돌라방.X_1P_김소희_260715_제과_문형민,5,0,161.0,0
2026-07-22,[제과_블트하] 26.07_블트깡출시_수동_전환_video_전체타겟,BP이식형2_블트깡출시 (KR1/2),[26.07]F_V_BT깡_전환_블트깡출시_쩜오건_대세감실체.KR1_var1.릴스_유명남돌라방.X_1P_김소희_260715_제과_문형민,18,0,267.0,0
2026-07-22,(마스터ASC)[제과_블트하] 26.07_블트깡출시_ASC_전환_image,(마스터ASC)[제과_블트하] 26.07_블트깡출시_ASC_전환_image,[26.07]F_I_BT깡_전환_블트깡출시_바이럴형_KR1_.배너_맘카페.맘카페입난리솔직후기.확장__김소희_260716_제과_김수정,8,0,210.0,0
2026-07-23,[제과_블트하] 26.07_블트깡출시_수동_전환_video_전체타겟,BP이식형2_블트깡출시 (KR1/2),[26.07]F_V_BT깡_전환_블트깡출시_쩜오건_대세감실체.KR1_var1.릴스_유명남돌라방.X_1P_김소희_260715_제과_문형민,4,0,39.0,0
2026-07-23,(마스터ASC)[제과_블트하] 26.07_블트깡출시_ASC_전환_image,(마스터ASC)[제과_블트하] 26.07_블트깡출시_ASC_전환_image,[26.07]F_I_BT깡_전환_블트깡출시_바이럴형_KR1_.배너_맘카페.맘카페입난리솔직후기.확장__김소희_260716_제과_김수정,3,0,30.0,0
2026-07-23,[제과_블트하] 26.07_블트깡출시_수동_전환_image_전체타겟,(칩)맘카페캐러셀_블트칩출시 (KR1),[26.07]F_I_BT칩_전환_블트칩출시_매거진형_KR1_.배너_아무거나안먹는맘카페엄마들이.핑크텍스트.확장__김소희_260722_제과_박서연,331,15,6252.0,1
2026-07-28,[제과_블트하] 26.07_블트깡출시_수동_전환_image_전체타겟,주변인인정_블트칩출시 (KR2) (0728),[26.07]F_I_BT깡_전환_블트칩출시_혜택강조형_KR2_.피드_집들이때가져가면맛잘알인정.확장__김소희_260728_제과_박서연,32,0,603.0,0
2026-07-01,[제과_단백질 쉐이크] 26.06_단백질쉐이크출시_ASC_전환_video,[제과_단백질 쉐이크] 26.06_단백질쉐이크출시_ASC_전환_video,[26.06]F_P_SK혼_전환_단백질쉐이크출시_신규BP_파트너쉽_.릴스_.X__이유빈_260624_제과_와뜨기,973,12,15708.0,0
2026-07-02,(미사용) [제과_단백질 쉐이크] 26.06_단백질쉐이크출시_ASC_전환_image,[제과_단백질 쉐이크] 26.06_단백질쉐이크출시_ASC_전환_image,[26.06]F_I_SK초_전환_단백질쉐이크출시_제품강조형_타사비교_.배너_5천원대랑똑같은토핑량에.__이유빈_260701_제과_김수정,32,2,1052.0,0
2026-07-03,(미사용) [제과_단백질 쉐이크] 26.06_단백질쉐이크출시_ASC_전환_image,[제과_단백질 쉐이크] 26.06_단백질쉐이크출시_ASC_전환_image,[26.06]F_I_SK초_전환_단백질쉐이크출시_제품강조형_타사비교_.배너_5천원대랑똑같은토핑량에.__이유빈_260701_제과_김수정,1,0,19.0,0
2026-07-04,[제과_단백질 쉐이크] 26.06_단백질쉐이크출시_ASC_전환_video,[제과_단백질 쉐이크] 26.06_단백질쉐이크출시_ASC_전환_video,[26.07]F_V_SK혼_전환_단백질쉐이크출시_네고형_지인네고형_var5.릴스_통쉐이크.X_2P_이유빈_260703_제과_이봄1,25473,1766,313244.0,76
2026-07-04,[제과_단백질 쉐이크] 26.06_단백질쉐이크출시_수동_전환_video,지인네고형_0702,[26.07]F_V_SK혼_전환_단백질쉐이크출시_네고형_지인네고형_var4.릴스_맛.미숫가루.X_2P_이유빈_260703_제과_이봄1,57,1,832.0,0
2026-07-04,[제과_단백질 쉐이크] 26.06_단백질쉐이크출시_ASC_전환_video,[제과_단백질 쉐이크] 26.06_단백질쉐이크출시_ASC_전환_video,[26.07]F_V_SK곡_전환_단백질쉐이크출시_네고형_전화네고형_var6.릴스_원물실체.X_2P_이유빈_260703_제과_윤성미,7,0,148.0,0
2026-07-04,[제과_단백질 쉐이크] 26.06_단백질쉐이크출시_수동_전환_video,전화네고형_0702,[26.07]F_V_SK곡_전환_단백질쉐이크출시_네고형_전화네고형_var6.릴스_원물실체.X_2P_이유빈_260703_제과_윤성미,113,3,3056.0,0
2026-07-04,[제과_단백질 쉐이크] 26.06_단백질쉐이크출시_ASC_전환_video,[제과_단백질 쉐이크] 26.06_단백질쉐이크출시_ASC_전환_video,[26.07]F_V_SK곡_전환_단백질쉐이크출시_네고형_전화네고형_var1.릴스_가격.3개.X_2P_이유빈_260703_제과_윤성미,3,0,53.0,0
2026-07-05,[제과_단백질 쉐이크] 26.06_단백질쉐이크출시_ASC_전환_video,[제과_단백질 쉐이크] 26.06_단백질쉐이크출시_ASC_전환_video,[26.07]F_V_SK혼_전환_단백질쉐이크출시_네고형_지인네고형_var5.릴스_통쉐이크.X_2P_이유빈_260703_제과_이봄1,69655,4180,782059.0,138
2026-07-05,[제과_단백질 쉐이크] 26.06_단백질쉐이크출시_수동_전환_video,지인네고형_0702,[26.07]F_V_SK혼_전환_단백질쉐이크출시_네고형_지인네고형_var4.릴스_맛.미숫가루.X_2P_이유빈_260703_제과_이봄1,2,0,3.0,0
2026-07-05,[제과_단백질 쉐이크] 26.06_단백질쉐이크출시_ASC_전환_video,[제과_단백질 쉐이크] 26.06_단백질쉐이크출시_ASC_전환_video,[26.07]F_V_SK곡_전환_단백질쉐이크출시_네고형_전화네고형_var6.릴스_원물실체.X_2P_이유빈_260703_제과_윤성미,1,0,4.0,0
2026-07-05,[제과_단백질 쉐이크] 26.06_단백질쉐이크출시_수동_전환_video,전화네고형_0702,[26.07]F_V_SK곡_전환_단백질쉐이크출시_네고형_전화네고형_var6.릴스_원물실체.X_2P_이유빈_260703_제과_윤성미,29,0,570.0,0
2026-07-05,[제과_단백질 쉐이크] 26.06_단백질쉐이크출시_ASC_전환_video,[제과_단백질 쉐이크] 26.06_단백질쉐이크출시_ASC_전환_video,[26.07]F_V_SK곡_전환_단백질쉐이크출시_네고형_전화네고형_var1.릴스_가격.3개.X_2P_이유빈_260703_제과_윤성미,1,0,7.0,0
2026-07-05,[제과_콘스프맛 팝콘] 26.05_콘스프맛팝콘출시_수동_전환_image,선착순강조_팝콘할인페스타 (~7/8) (재세팅),[26.07]F_I_PC혼_전환_팝콘할인페스타_혜택강조형_다이어트_.배너_네컷.선착순300명한정.품절대란.확장__김소희_260703_제과_문다현,1061,24,16285.0,2
2026-07-06,(미사용) [제과_단백질 쉐이크] 26.06_단백질쉐이크출시_ASC_전환_image,[제과_단백질 쉐이크] 26.06_단백질쉐이크출시_ASC_전환_image,[26.06]F_I_SK초_전환_단백질쉐이크출시_제품강조형_타사비교_.배너_5천원대랑똑같은토핑량에.__이유빈_260701_제과_김수정,316,7,8423.0,1
2026-07-06,[제과_단백질 쉐이크] 26.06_단백질쉐이크출시_ASC_전환_video,[제과_단백질 쉐이크] 26.06_단백질쉐이크출시_ASC_전환_video,[26.07]F_V_SK혼_전환_단백질쉐이크출시_네고형_지인네고형_var5.릴스_통쉐이크.X_2P_이유빈_260703_제과_이봄1,47484,2177,588737.0,95
2026-07-06,[제과_단백질 쉐이크] 26.06_단백질쉐이크출시_수동_전환_video,지인네고형_0702,[26.07]F_V_SK혼_전환_단백질쉐이크출시_네고형_지인네고형_var4.릴스_맛.미숫가루.X_2P_이유빈_260703_제과_이봄1,7,0,245.0,0
2026-07-06,[제과_단백질 쉐이크] 26.06_단백질쉐이크출시_수동_전환_video,전화네고형_0702,[26.07]F_V_SK곡_전환_단백질쉐이크출시_네고형_전화네고형_var6.릴스_원물실체.X_2P_이유빈_260703_제과_윤성미,2,0,74.0,0
2026-07-07,(미사용) [제과_단백질 쉐이크] 26.06_단백질쉐이크출시_ASC_전환_image,[제과_단백질 쉐이크] 26.06_단백질쉐이크출시_ASC_전환_image,[26.06]F_I_SK초_전환_단백질쉐이크출시_제품강조형_타사비교_.배너_5천원대랑똑같은토핑량에.__이유빈_260701_제과_김수정,404,5,9339.0,0
2026-07-07,[제과_단백질 쉐이크] 26.06_단백질쉐이크출시_ASC_전환_video,[제과_단백질 쉐이크] 26.06_단백질쉐이크출시_ASC_전환_video,[26.07]F_V_SK혼_전환_단백질쉐이크출시_네고형_지인네고형_var5.릴스_통쉐이크.X_2P_이유빈_260703_제과_이봄1,3733,202,53531.0,9
2026-07-07,[제과_단백질 쉐이크] 26.06_단백질쉐이크출시_수동_전환_video,지인네고형_0702,[26.07]F_V_SK혼_전환_단백질쉐이크출시_네고형_지인네고형_var4.릴스_맛.미숫가루.X_2P_이유빈_260703_제과_이봄1,4,1,102.0,0
2026-07-08,[제과_단백질 쉐이크] 26.06_단백질쉐이크출시_ASC_전환_video,[제과_단백질 쉐이크] 26.06_단백질쉐이크출시_ASC_전환_video,[26.07]F_V_SK혼_전환_단백질쉐이크출시_네고형_지인네고형_var5.릴스_통쉐이크.X_2P_이유빈_260703_제과_이봄1,19117,920,267019.0,36
2026-07-08,[제과_단백질 쉐이크] 26.06_단백질쉐이크출시_수동_전환_video,지인네고형_0702,[26.07]F_V_SK혼_전환_단백질쉐이크출시_네고형_지인네고형_var4.릴스_맛.미숫가루.X_2P_이유빈_260703_제과_이봄1,6,0,255.0,0
2026-07-09,[제과_단백질 쉐이크] 26.06_단백질쉐이크출시_ASC_전환_video,[제과_단백질 쉐이크] 26.06_단백질쉐이크출시_ASC_전환_video,[26.07]F_V_SK혼_전환_단백질쉐이크출시_네고형_지인네고형_var5.릴스_통쉐이크.X_2P_이유빈_260703_제과_이봄1,8523,483,122054.0,27
2026-07-15,(마스터ASC)[제과_블트하] 26.07_블트깡출시_ASC_전환_video,(마스터ASC)[제과_블트하] 26.07_블트깡출시_ASC_전환_video,[26.07]F_V_BT깡_전환_블트깡출시_신규BP_브릭샌드BP.KR1_var4.릴스_두쫀쿠버터떡.X_2P_김소희_260715_제과_윤성미,1,0,5.0,0
2026-07-16,(마스터ASC)[제과_블트하] 26.07_블트깡출시_ASC_전환_video,(마스터ASC)[제과_블트하] 26.07_블트깡출시_ASC_전환_video,[26.07]F_V_BT깡_전환_블트깡출시_신규BP_브릭샌드BP.KR1_var4.릴스_두쫀쿠버터떡.X_2P_김소희_260715_제과_윤성미,1412,28,19100.0,4
2026-07-17,(마스터ASC)[제과_블트하] 26.07_블트깡출시_ASC_전환_video,(마스터ASC)[제과_블트하] 26.07_블트깡출시_ASC_전환_video,[26.07]F_V_BT깡_전환_블트깡출시_신규BP_브릭샌드BP.KR1_var4.릴스_두쫀쿠버터떡.X_2P_김소희_260715_제과_윤성미,10326,333,136304.0,43
2026-07-18,(마스터ASC)[제과_블트하] 26.07_블트깡출시_ASC_전환_video,(마스터ASC)[제과_블트하] 26.07_블트깡출시_ASC_전환_video,[26.07]F_V_BT깡_전환_블트깡출시_신규BP_브릭샌드BP.KR1_var4.릴스_두쫀쿠버터떡.X_2P_김소희_260715_제과_윤성미,1397,46,22616.0,3
2026-07-19,(마스터ASC)[제과_블트하] 26.07_블트깡출시_ASC_전환_video,(마스터ASC)[제과_블트하] 26.07_블트깡출시_ASC_전환_video,[26.07]F_V_BT깡_전환_블트깡출시_신규BP_브릭샌드BP.KR1_var4.릴스_두쫀쿠버터떡.X_2P_김소희_260715_제과_윤성미,669,34,12122.0,4
2026-07-20,(마스터ASC)[제과_블트하] 26.07_블트깡출시_ASC_전환_video,(마스터ASC)[제과_블트하] 26.07_블트깡출시_ASC_전환_video,[26.07]F_V_BT깡_전환_블트깡출시_신규BP_브릭샌드BP.KR1_var4.릴스_두쫀쿠버터떡.X_2P_김소희_260715_제과_윤성미,14465,443,227093.0,53
2026-07-21,(마스터ASC)[제과_블트하] 26.07_블트깡출시_ASC_전환_video,(마스터ASC)[제과_블트하] 26.07_블트깡출시_ASC_전환_video,[26.07]F_V_BT깡_전환_블트깡출시_신규BP_브릭샌드BP.KR1_var4.릴스_두쫀쿠버터떡.X_2P_김소희_260715_제과_윤성미,19987,560,309581.0,59
2026-07-22,(마스터ASC)[제과_블트하] 26.07_블트깡출시_ASC_전환_video,(마스터ASC)[제과_블트하] 26.07_블트깡출시_ASC_전환_video,[26.07]F_V_BT깡_전환_블트깡출시_신규BP_브릭샌드BP.KR1_var4.릴스_두쫀쿠버터떡.X_2P_김소희_260715_제과_윤성미,15590,397,282913.0,55
2026-07-23,(마스터ASC)[제과_블트하] 26.07_블트깡출시_ASC_전환_video,(마스터ASC)[제과_블트하] 26.07_블트깡출시_ASC_전환_video,[26.07]F_V_BT깡_전환_블트깡출시_신규BP_브릭샌드BP.KR1_var4.릴스_두쫀쿠버터떡.X_2P_김소희_260715_제과_윤성미,3657,88,72872.0,9
2026-07-23,[제과_블트하] 26.07_블트깡출시_수동_전환_image_전체타겟,(칩)맘카페캐러셀_블트칩출시 (KR1),[26.07]F_I_BT칩_전환_블트칩출시__KR1_.배너_맛비주얼공지문.맘카페입소문.확장__김소희_260722_제과_김수정,130,5,2662.0,0
2026-07-24,(마스터ASC)[제과_블트하] 26.07_블트깡출시_ASC_전환_video,(마스터ASC)[제과_블트하] 26.07_블트깡출시_ASC_전환_video,[26.07]F_V_BT깡_전환_블트깡출시_신규BP_브릭샌드BP.KR1_var4.릴스_두쫀쿠버터떡.X_2P_김소희_260715_제과_윤성미,3117,92,64462.0,3
2026-07-24,[제과_블트하] 26.07_블트깡출시_수동_전환_image_전체타겟,(칩)맘카페캐러셀_블트칩출시 (KR1),[26.07]F_I_BT칩_전환_블트칩출시__KR1_.배너_맛비주얼공지문.맘카페입소문.확장__김소희_260722_제과_김수정,10,0,145.0,0
2026-07-24,[제과_블트하] 26.07_블트깡출시_수동_전환_image_전체타겟,(시리즈) 맘카페&혜택강조형_블트칩출시 (KR1) (0723),[26.07]F_I_BT혼_전환_블트칩출시_혜택강조형_KR1_.배너_가격실수안내.현장감.확장__김소희_260723_제과_김수정,164,4,3694.0,2
2026-07-24,[칩] (마스터ASC)[제과_블트하] 26.07_블트칩출시_ASC_전환_image,[칩] (마스터ASC)[제과_블트하] 26.07_블트칩출시_ASC_전환_image,[26.07]F_I_BT칩_전환_블트칩출시_혜택강조형_KR2_.릴스_상황연출.야구장.확장__김소희_260724_제과_박서연,203,6,2640.0,0
2026-07-25,(마스터ASC)[제과_블트하] 26.07_블트깡출시_ASC_전환_video,(마스터ASC)[제과_블트하] 26.07_블트깡출시_ASC_전환_video,[26.07]F_V_BT깡_전환_블트깡출시_신규BP_브릭샌드BP.KR1_var4.릴스_두쫀쿠버터떡.X_2P_김소희_260715_제과_윤성미,788,16,14966.0,0
2026-07-25,[제과_블트하] 26.07_블트깡출시_수동_전환_image_전체타겟,(칩)맘카페캐러셀_블트칩출시 (KR1),[26.07]F_I_BT칩_전환_블트칩출시__KR1_.배너_맛비주얼공지문.맘카페입소문.확장__김소희_260722_제과_김수정,9,0,185.0,0
2026-07-25,[제과_블트하] 26.07_블트깡출시_수동_전환_image_전체타겟,(시리즈) 맘카페&혜택강조형_블트칩출시 (KR1) (0723),[26.07]F_I_BT혼_전환_블트칩출시_혜택강조형_KR1_.배너_가격실수안내.현장감.확장__김소희_260723_제과_김수정,524,17,12670.0,2
2026-07-25,[칩] (마스터ASC)[제과_블트하] 26.07_블트칩출시_ASC_전환_image,[칩] (마스터ASC)[제과_블트하] 26.07_블트칩출시_ASC_전환_image,[26.07]F_I_BT칩_전환_블트칩출시_혜택강조형_KR2_.릴스_상황연출.야구장.확장__김소희_260724_제과_박서연,391,4,7026.0,1
2026-07-26,(마스터ASC)[제과_블트하] 26.07_블트깡출시_ASC_전환_video,(마스터ASC)[제과_블트하] 26.07_블트깡출시_ASC_전환_video,[26.07]F_V_BT깡_전환_블트깡출시_신규BP_브릭샌드BP.KR1_var4.릴스_두쫀쿠버터떡.X_2P_김소희_260715_제과_윤성미,3152,68,85563.0,3
2026-07-26,[제과_블트하] 26.07_블트깡출시_수동_전환_image_전체타겟,(시리즈) 맘카페&혜택강조형_블트칩출시 (KR1) (0723),[26.07]F_I_BT혼_전환_블트칩출시_혜택강조형_KR1_.배너_가격실수안내.현장감.확장__김소희_260723_제과_김수정,3684,122,109576.0,10
2026-07-27,(마스터ASC)[제과_블트하] 26.07_블트깡출시_ASC_전환_video,(마스터ASC)[제과_블트하] 26.07_블트깡출시_ASC_전환_video,[26.07]F_V_BT깡_전환_블트깡출시_신규BP_브릭샌드BP.KR1_var4.릴스_두쫀쿠버터떡.X_2P_김소희_260715_제과_윤성미,6194,111,169343.0,10
2026-07-27,[제과_블트하] 26.07_블트깡출시_수동_전환_image_전체타겟,(시리즈) 맘카페&혜택강조형_블트칩출시 (KR1) (0723),[26.07]F_I_BT혼_전환_블트칩출시_혜택강조형_KR1_.배너_가격실수안내.현장감.확장__김소희_260723_제과_김수정,14852,396,427702.0,29
2026-07-28,(마스터ASC)[제과_블트하] 26.07_블트깡출시_ASC_전환_video,(마스터ASC)[제과_블트하] 26.07_블트깡출시_ASC_전환_video,[26.07]F_V_BT깡_전환_블트깡출시_신규BP_브릭샌드BP.KR1_var4.릴스_두쫀쿠버터떡.X_2P_김소희_260715_제과_윤성미,1817,36,57347.0,3
2026-07-28,[제과_블트하] 26.07_블트깡출시_수동_전환_image_전체타겟,(시리즈) 맘카페&혜택강조형_블트칩출시 (KR1) (0723),[26.07]F_I_BT혼_전환_블트칩출시_혜택강조형_KR1_.배너_가격실수안내.현장감.확장__김소희_260723_제과_김수정,15478,471,416496.0,36
2026-07-01,[제과_단백질 쉐이크] 26.06_단백질쉐이크출시_ASC_전환_video,[제과_단백질 쉐이크] 26.06_단백질쉐이크출시_ASC_전환_video,[26.06]F_V_SK혼_전환_단백질쉐이크출시_맛인지형_먹스타_var5.릴스_다이어터.X_2P_이유빈_260624_제과_이미진,817,14,13228.0,0
2026-07-01,[콘스프맛 팝콘] 26.05_콘스프맛팝콘출시_ASC_전환_image (old),[콘스프맛 팝콘] 26.05_콘스프맛팝콘출시_ASC_전환_image (old),[26.06]F_I_PC혼_전환_팝콘더블특가_매거진형_다이어트_.배너_이할인오늘끝.요요.입터짐방지템.확장__김소희_260701_제과_문다현,925,28,16570.0,2
2026-07-02,[제과_단백질 쉐이크] 26.06_단백질쉐이크출시_ASC_전환_video,[제과_단백질 쉐이크] 26.06_단백질쉐이크출시_ASC_전환_video,[26.06]F_V_SK혼_전환_단백질쉐이크출시_맛인지형_먹스타_var5.릴스_다이어터.X_2P_이유빈_260624_제과_이미진,832,10,13635.0,1
2026-07-07,(마스터2) [제과_단백질 쉐이크] 26.07_단백질쉐이크출시_ASC_전환_image,(마스터2) [제과_단백질 쉐이크] 26.07_단백질쉐이크출시_ASC_전환_image,[26.07]F_I_SK혼_전환_단백질쉐이크출시_혜택강조형_파우치.개당가강조_.배너_특정시점.대형할인급.개당1천원대로.확장__이유빈_260707_제과_김수정,15,0,408.0,0
2026-07-08,(마스터2) [제과_단백질 쉐이크] 26.07_단백질쉐이크출시_ASC_전환_image,(마스터2) [제과_단백질 쉐이크] 26.07_단백질쉐이크출시_ASC_전환_image,[26.07]F_I_SK혼_전환_단백질쉐이크출시_혜택강조형_파우치.개당가강조_.배너_특정시점.대형할인급.개당1천원대로.확장__이유빈_260707_제과_김수정,9,0,117.0,0
2026-07-09,(마스터2) [제과_단백질 쉐이크] 26.07_단백질쉐이크출시_ASC_전환_image,(마스터2) [제과_단백질 쉐이크] 26.07_단백질쉐이크출시_ASC_전환_image,[26.07]F_I_SK혼_전환_단백질쉐이크출시_혜택강조형_파우치.개당가강조_.배너_특정시점.대형할인급.개당1천원대로.확장__이유빈_260707_제과_김수정,9,0,503.0,0
2026-07-09,(마스터2) [제과_단백질 쉐이크] 26.07_단백질쉐이크출시_ASC_전환_image,(마스터2) [제과_단백질 쉐이크] 26.07_단백질쉐이크출시_ASC_전환_image,[26.07]F_I_SK혼_전환_단백질쉐이크출시_혜택강조형_파우치.개당가강조_.배너_대용량1개살돈으로무제한.박스규모감.확장__고민지_260708_제과_김수정,5054,160,85450.0,13
2026-07-10,(마스터2) [제과_단백질 쉐이크] 26.07_단백질쉐이크출시_ASC_전환_image,(마스터2) [제과_단백질 쉐이크] 26.07_단백질쉐이크출시_ASC_전환_image,[26.07]F_I_SK혼_전환_단백질쉐이크출시_혜택강조형_파우치.개당가강조_.배너_대용량1개살돈으로무제한.박스규모감.확장__고민지_260708_제과_김수정,947,31,18675.0,2
2026-07-10,[제과_단백질 쉐이크] 26.06_단백질쉐이크출시_수동_전환_image,파우치개당가강조(2)_0709,[26.07]F_I_SK혼_전환_단백질쉐이크출시_매거진형_파우치.개당가강조_.배너_포만감페인포인트.단쉐는금방배고파지는데.이건먹다남음.검증__이유빈_260709_제과_문다현,11,0,149.0,0
2026-07-10,[제과_단쉐_990] 26.07_깜짝990딜_수동_전환_image,990딜_0710,[26.07]F_I_SK혼_전환_단쉐990원_혜택강조형__.배너_다이소보다쌈.네고형.토핑국밥.확장__이유빈_260710_제과_문다현,962,54,14067.0,1
2026-07-11,(마스터2) [제과_단백질 쉐이크] 26.07_단백질쉐이크출시_ASC_전환_image,(마스터2) [제과_단백질 쉐이크] 26.07_단백질쉐이크출시_ASC_전환_image,[26.07]F_I_SK혼_전환_단백질쉐이크출시_혜택강조형_파우치.개당가강조_.배너_대용량1개살돈으로무제한.박스규모감.확장__고민지_260708_제과_김수정,1398,36,27191.0,2
2026-07-11,[제과_단백질 쉐이크] 26.06_단백질쉐이크출시_수동_전환_image,파우치개당가강조(2)_0709,[26.07]F_I_SK혼_전환_단백질쉐이크출시_매거진형_파우치.개당가강조_.배너_포만감페인포인트.단쉐는금방배고파지는데.이건먹다남음.검증__이유빈_260709_제과_문다현,9,1,266.0,0
2026-07-11,[제과_단쉐_990] 26.07_깜짝990딜_수동_전환_image,990딜_0710,[26.07]F_I_SK혼_전환_단쉐990원_혜택강조형__.배너_다이소보다쌈.네고형.토핑국밥.확장__이유빈_260710_제과_문다현,3201,123,39011.0,5
2026-07-12,[제과_단백질 쉐이크] 26.06_단백질쉐이크출시_수동_전환_image,파우치개당가강조(2)_0709,[26.07]F_I_SK혼_전환_단백질쉐이크출시_매거진형_파우치.개당가강조_.배너_포만감페인포인트.단쉐는금방배고파지는데.이건먹다남음.검증__이유빈_260709_제과_문다현,422,12,10291.0,1
2026-07-13,(마스터2) [제과_단백질 쉐이크] 26.07_단백질쉐이크출시_ASC_전환_image,(마스터2) [제과_단백질 쉐이크] 26.07_단백질쉐이크출시_ASC_전환_image,[26.07]F_I_SK혼_전환_단백질쉐이크출시_혜택강조형_파우치.개당가강조_.배너_특정시점.대형할인급.개당1천원대로.확장__이유빈_260707_제과_김수정,9,0,491.0,0
2026-07-13,[제과_단쉐_990] 26.07_깜짝990딜_수동_전환_image,990딜_0710,[26.07]F_I_SK혼_전환_단쉐990원_혜택강조형__.배너_다이소보다쌈.네고형.토핑국밥.확장__이유빈_260710_제과_문다현,9641,419,141991.0,11
2026-07-14,[제과_단백질 쉐이크] 26.06_단백질쉐이크출시_ASC_전환_video,[제과_단백질 쉐이크] 26.06_단백질쉐이크출시_ASC_전환_video,[26.07]F_V_SK혼_전환_단백질쉐이크출시_ai형_ai캐릭터.파우치.개당가강조_var3.릴스_먹방코코볼단쉐.X_2P_이유빈_260713_제과_이미진,74,3,955.0,0
2026-07-14,(마스터ASC)[제과_콘스프맛 팝콘] 26.07_콘스프맛팝콘출시_ASC_전환_image (NEW),(마스터ASC)[콘스프맛 팝콘] 26.07_콘스프맛팝콘출시_ASC_전환_image (NEW),[26.07]F_I_PC혼_전환_콘스프맛팝콘출시_혜택강조형__.배너_사무실 간식 주워먹다 3kg 쪘다?.확장__김소희_260713_제과_박서연,113,4,3640.0,2
2026-07-15,(마스터2) [제과_단백질 쉐이크] 26.07_단백질쉐이크출시_ASC_전환_image,(마스터2) [제과_단백질 쉐이크] 26.07_단백질쉐이크출시_ASC_전환_image,[26.07]F_I_SK혼_전환_단백질쉐이크출시_혜택강조형_파우치.개당가강조_.배너_특정시점.대형할인급.개당1천원대로.확장__이유빈_260707_제과_김수정,1,0,17.0,0
2026-07-15,[제과_단백질 쉐이크] 26.06_단백질쉐이크출시_ASC_전환_video,[제과_단백질 쉐이크] 26.06_단백질쉐이크출시_ASC_전환_video,[26.07]F_V_SK혼_전환_단백질쉐이크출시_ai형_ai캐릭터.파우치.개당가강조_var3.릴스_먹방코코볼단쉐.X_2P_이유빈_260713_제과_이미진,37,1,568.0,0
2026-07-15,(마스터ASC)[제과_콘스프맛 팝콘] 26.07_콘스프맛팝콘출시_ASC_전환_image (NEW),(마스터ASC)[콘스프맛 팝콘] 26.07_콘스프맛팝콘출시_ASC_전환_image (NEW),[26.07]F_I_PC혼_전환_콘스프맛팝콘출시_혜택강조형__.배너_사무실 간식 주워먹다 3kg 쪘다?.확장__김소희_260713_제과_박서연,87,1,1393.0,0
2026-07-15,(마스터2) [제과_단백질 쉐이크] 26.07_단백질쉐이크출시_ASC_전환_image,(마스터2) [제과_단백질 쉐이크] 26.07_단백질쉐이크출시_ASC_전환_image,[26.07]F_I_SK초_전환_단백질쉐이크출시_혜택강조형_올영최저가비교_.배너_별제목.네고형.팝콘.확장__이유빈_260714_제과_문다현,97,2,2192.0,0
2026-07-15,(마스터ASC)[제과_블트하] 26.07_블트깡출시_ASC_전환_video,(마스터ASC)[제과_블트하] 26.07_블트깡출시_ASC_전환_video,[26.07]F_V_BT깡_전환_블트깡출시_제조과정형_CS제조과정형.KR2_var4.릴스_하몽.슬기.X_1P_김소희_260715_제과_피재은,30,0,487.0,0
2026-07-15,(마스터ASC)[제과_블트하] 26.07_블트깡출시_ASC_전환_image,(마스터ASC)[제과_블트하] 26.07_블트깡출시_ASC_전환_image,[26.07]F_I_BT깡_전환_블트깡출시_매거진형_KR1_.배너_판매량.창고형마트기둥하나.검증__김소희_260715_제과_김수정,29,2,666.0,0
2026-07-16,(마스터2) [제과_단백질 쉐이크] 26.07_단백질쉐이크출시_ASC_전환_image,(마스터2) [제과_단백질 쉐이크] 26.07_단백질쉐이크출시_ASC_전환_image,[26.07]F_I_SK초_전환_단백질쉐이크출시_혜택강조형_올영최저가비교_.배너_별제목.네고형.팝콘.확장__이유빈_260714_제과_문다현,57,0,1199.0,0
2026-07-16,(마스터ASC)[제과_블트하] 26.07_블트깡출시_ASC_전환_video,(마스터ASC)[제과_블트하] 26.07_블트깡출시_ASC_전환_video,[26.07]F_V_BT깡_전환_블트깡출시_제조과정형_CS제조과정형.KR2_var4.릴스_하몽.슬기.X_1P_김소희_260715_제과_피재은,140,1,2760.0,0
2026-07-16,(마스터ASC)[제과_블트하] 26.07_블트깡출시_ASC_전환_image,(마스터ASC)[제과_블트하] 26.07_블트깡출시_ASC_전환_image,[26.07]F_I_BT깡_전환_블트깡출시_매거진형_KR1_.배너_판매량.창고형마트기둥하나.검증__김소희_260715_제과_김수정,405,8,10160.0,0
2026-07-17,(마스터2) [제과_단백질 쉐이크] 26.07_단백질쉐이크출시_ASC_전환_image,(마스터2) [제과_단백질 쉐이크] 26.07_단백질쉐이크출시_ASC_전환_image,[26.07]F_I_SK혼_전환_단백질쉐이크출시_혜택강조형_파우치.개당가강조_.배너_특정시점.대형할인급.개당1천원대로.확장__이유빈_260707_제과_김수정,1,0,17.0,0
2026-07-17,(마스터ASC)[제과_블트하] 26.07_블트깡출시_ASC_전환_video,(마스터ASC)[제과_블트하] 26.07_블트깡출시_ASC_전환_video,[26.07]F_V_BT깡_전환_블트깡출시_제조과정형_CS제조과정형.KR2_var4.릴스_하몽.슬기.X_1P_김소희_260715_제과_피재은,32,1,755.0,0
2026-07-17,[제과_블트하] 26.07_블트깡출시_수동_전환_image_전체타겟,3040대세감_블트깡출시 (KR1),[26.07]F_I_BT깡_전환_블트깡출시_바이럴형_KR1_.배너_맘카페.맘카페입난리솔직후기.확장__김소희_260716_제과_김수정,31,1,1407.0,0
2026-07-17,[제과_블트하] 26.07_블트깡출시_수동_전환_image_전체타겟,3040대세감_블트깡출시 (KR1),[26.07]F_I_BT깡_전환_블트깡출시_바이럴형_KR1_.배너_3040소비상황.원재료깐깐하게따지는.검증__김소희_260716_제과_김수정,578,15,12418.0,1
2026-07-18,(마스터ASC)[제과_블트하] 26.07_블트깡출시_ASC_전환_video,(마스터ASC)[제과_블트하] 26.07_블트깡출시_ASC_전환_video,[26.07]F_V_BT깡_전환_블트깡출시_제조과정형_CS제조과정형.KR2_var4.릴스_하몽.슬기.X_1P_김소희_260715_제과_피재은,48,6,1142.0,2
2026-07-18,[제과_블트하] 26.07_블트깡출시_수동_전환_image_전체타겟,3040대세감_블트깡출시 (KR1),[26.07]F_I_BT깡_전환_블트깡출시_바이럴형_KR1_.배너_맘카페.맘카페입난리솔직후기.확장__김소희_260716_제과_김수정,6,1,210.0,0
2026-07-19,(마스터ASC)[제과_블트하] 26.07_블트깡출시_ASC_전환_video,(마스터ASC)[제과_블트하] 26.07_블트깡출시_ASC_전환_video,[26.07]F_V_BT깡_전환_블트깡출시_제조과정형_CS제조과정형.KR2_var4.릴스_하몽.슬기.X_1P_김소희_260715_제과_피재은,25,1,632.0,0
2026-07-19,[제과_블트하] 26.07_블트깡출시_수동_전환_image_전체타겟,3040대세감_블트깡출시 (KR1),[26.07]F_I_BT깡_전환_블트깡출시_바이럴형_KR1_.배너_맘카페.맘카페입난리솔직후기.확장__김소희_260716_제과_김수정,1,0,4.0,0
2026-07-20,(마스터2) [제과_단백질 쉐이크] 26.07_단백질쉐이크출시_ASC_전환_image,(마스터2) [제과_단백질 쉐이크] 26.07_단백질쉐이크출시_ASC_전환_image,[26.07]F_I_SK혼_전환_단백질쉐이크출시_혜택강조형_파우치.개당가강조_.배너_특정시점.대형할인급.개당1천원대로.확장__이유빈_260707_제과_김수정,610,14,13231.0,0
2026-07-20,[제과_단백질 쉐이크] 26.06_단백질쉐이크출시_ASC_전환_video,[제과_단백질 쉐이크] 26.06_단백질쉐이크출시_ASC_전환_video,[26.07]F_V_SK혼_전환_단백질쉐이크출시_ai형_ai캐릭터.파우치.개당가강조_var3.릴스_먹방코코볼단쉐.X_2P_이유빈_260713_제과_이미진,1317,32,20251.0,0
2026-07-20,(마스터ASC)[제과_블트하] 26.07_블트깡출시_ASC_전환_video,(마스터ASC)[제과_블트하] 26.07_블트깡출시_ASC_전환_video,[26.07]F_V_BT깡_전환_블트깡출시_제조과정형_CS제조과정형.KR2_var4.릴스_하몽.슬기.X_1P_김소희_260715_제과_피재은,2971,79,61006.0,12
2026-07-21,[제과_단백질 쉐이크] 26.06_단백질쉐이크출시_ASC_전환_video,[제과_단백질 쉐이크] 26.06_단백질쉐이크출시_ASC_전환_video,[26.07]F_V_SK혼_전환_단백질쉐이크출시_ai형_ai캐릭터.파우치.개당가강조_var3.릴스_먹방코코볼단쉐.X_2P_이유빈_260713_제과_이미진,62,1,1298.0,0
2026-07-21,(마스터ASC)[제과_블트하] 26.07_블트깡출시_ASC_전환_video,(마스터ASC)[제과_블트하] 26.07_블트깡출시_ASC_전환_video,[26.07]F_V_BT깡_전환_블트깡출시_제조과정형_CS제조과정형.KR2_var4.릴스_하몽.슬기.X_1P_김소희_260715_제과_피재은,4151,110,76096.0,12
2026-07-22,[제과_블트하] 26.07_블트깡출시_수동_전환_image_전체타겟,3040대세감_블트깡출시 (KR1),[26.07]F_I_BT깡_전환_블트깡출시_바이럴형_KR1_.배너_맘카페.맘카페입난리솔직후기.확장__김소희_260716_제과_김수정,3,0,41.0,0
2026-07-22,[제과_블트하] 26.07_블트깡출시_수동_전환_image_전체타겟,[칩] 맘카페.페르소나_블트칩출시 (KR1),[26.07]F_I_BT칩_전환_블트칩출시_바이럴형_KR1_.배너_맘카페페르소나.지면테스트.무조건담으라고.검증__김소희_260722_제과_김수정,294,9,5543.0,2
2026-07-23,(마스터ASC)[제과_블트하] 26.07_블트깡출시_ASC_전환_video,(마스터ASC)[제과_블트하] 26.07_블트깡출시_ASC_전환_video,[26.07]F_V_BT깡_전환_블트깡출시_제조과정형_CS제조과정형.KR2_var4.릴스_하몽.슬기.X_1P_김소희_260715_제과_피재은,3090,93,56190.0,3
2026-07-23,[제과_블트하] 26.07_블트깡출시_수동_전환_image_전체타겟,[칩] 맘카페.페르소나_블트칩출시 (KR1),[26.07]F_I_BT칩_전환_블트칩출시_바이럴형_KR1_.배너_맘카페페르소나.지면테스트.무조건담으라고.검증__김소희_260722_제과_김수정,43,3,1526.0,0
2026-07-23,[칩] (마스터ASC)[제과_블트하] 26.07_블트칩출시_ASC_전환_image,[칩] (마스터ASC)[제과_블트하] 26.07_블트칩출시_ASC_전환_image,[26.07]F_I_BT칩_전환_블트칩출시_혜택강조형_KR2_.배너_고급권위실체.확장__김소희_260723_제과_박지현,50,2,942.0,0
2026-07-23,[칩] (마스터ASC)[제과_블트하] 26.07_블트칩출시_ASC_전환_image,[칩] (마스터ASC)[제과_블트하] 26.07_블트칩출시_ASC_전환_image,[26.07]F_I_BT칩_전환_블트칩출시_혜택강조형_KR1_.배너_7일만할인해요.확장__김소희_260723_제과_박서연,2,0,56.0,0
2026-07-24,(마스터ASC)[제과_블트하] 26.07_블트깡출시_ASC_전환_video,(마스터ASC)[제과_블트하] 26.07_블트깡출시_ASC_전환_video,[26.07]F_V_BT깡_전환_블트깡출시_제조과정형_CS제조과정형.KR2_var4.릴스_하몽.슬기.X_1P_김소희_260715_제과_피재은,3757,113,46229.0,5
2026-07-24,[제과_블트하] 26.07_블트깡출시_수동_전환_image_전체타겟,[칩] 맘카페.페르소나_블트칩출시 (KR1),[26.07]F_I_BT칩_전환_블트칩출시_바이럴형_KR1_.배너_맘카페페르소나.지면테스트.무조건담으라고.검증__김소희_260722_제과_김수정,46,0,928.0,0
2026-07-24,[칩] (마스터ASC)[제과_블트하] 26.07_블트칩출시_ASC_전환_image,[칩] (마스터ASC)[제과_블트하] 26.07_블트칩출시_ASC_전환_image,[26.07]F_I_BT칩_전환_블트칩출시_혜택강조형_KR2_.배너_고급권위실체.확장__김소희_260723_제과_박지현,853,28,18257.0,0
2026-07-24,[칩] (마스터ASC)[제과_블트하] 26.07_블트칩출시_ASC_전환_image,[칩] (마스터ASC)[제과_블트하] 26.07_블트칩출시_ASC_전환_image,[26.07]F_I_BT칩_전환_블트칩출시_혜택강조형_KR1_.배너_7일만할인해요.확장__김소희_260723_제과_박서연,697,19,17550.0,1
2026-07-24,[칩] (마스터ASC)[제과_블트하] 26.07_블트칩출시_ASC_전환_video,[칩] (마스터ASC)[제과_블트하] 26.07_블트칩출시_ASC_전환_video,[26.07]F_V_BT칩_전환_블트칩출시_쩜오건_오감자BP.KR1_var2.릴스_맘카페.X_2P_최나영_260724_제과_윤성미,62,2,679.0,0
2026-07-25,(마스터ASC)[제과_블트하] 26.07_블트깡출시_ASC_전환_video,(마스터ASC)[제과_블트하] 26.07_블트깡출시_ASC_전환_video,[26.07]F_V_BT깡_전환_블트깡출시_제조과정형_CS제조과정형.KR2_var4.릴스_하몽.슬기.X_1P_김소희_260715_제과_피재은,1374,40,17287.0,1
2026-07-25,[칩] (마스터ASC)[제과_블트하] 26.07_블트칩출시_ASC_전환_image,[칩] (마스터ASC)[제과_블트하] 26.07_블트칩출시_ASC_전환_image,[26.07]F_I_BT칩_전환_블트칩출시_혜택강조형_KR1_.배너_7일만할인해요.확장__김소희_260723_제과_박서연,116,3,3468.0,0
2026-07-25,[칩] (마스터ASC)[제과_블트하] 26.07_블트칩출시_ASC_전환_video,[칩] (마스터ASC)[제과_블트하] 26.07_블트칩출시_ASC_전환_video,[26.07]F_V_BT칩_전환_블트칩출시_쩜오건_오감자BP.KR1_var2.릴스_맘카페.X_2P_최나영_260724_제과_윤성미,10,0,327.0,0
2026-07-26,(마스터ASC)[제과_블트하] 26.07_블트깡출시_ASC_전환_video,(마스터ASC)[제과_블트하] 26.07_블트깡출시_ASC_전환_video,[26.07]F_V_BT깡_전환_블트깡출시_제조과정형_CS제조과정형.KR2_var4.릴스_하몽.슬기.X_1P_김소희_260715_제과_피재은,2188,47,59840.0,3
2026-07-27,(마스터ASC)[제과_블트하] 26.07_블트깡출시_ASC_전환_video,(마스터ASC)[제과_블트하] 26.07_블트깡출시_ASC_전환_video,[26.07]F_V_BT깡_전환_블트깡출시_제조과정형_CS제조과정형.KR2_var4.릴스_하몽.슬기.X_1P_김소희_260715_제과_피재은,7606,124,139638.0,6
2026-07-27,[칩] (마스터ASC)[제과_블트하] 26.07_블트칩출시_ASC_전환_image,[칩] (마스터ASC)[제과_블트하] 26.07_블트칩출시_ASC_전환_image,[26.07]F_I_BT혼_전환_블트칩출시_혜택강조형_KR2_.피드_주변인.동료.확장__김소희_260727_제과_박지현,16,0,219.0,0
2026-07-27,[칩] (마스터ASC)[제과_블트하] 26.07_블트칩출시_ASC_전환_image,[칩] (마스터ASC)[제과_블트하] 26.07_블트칩출시_ASC_전환_image,[26.07]F_I_BT칩_전환_블트칩출시_바이럴형_KR1_.피드_남편인정.야구장.확장__김소희_260727_제과_김수정,2,0,5.0,0
2026-07-28,(마스터ASC)[제과_블트하] 26.07_블트깡출시_ASC_전환_video,(마스터ASC)[제과_블트하] 26.07_블트깡출시_ASC_전환_video,[26.07]F_V_BT깡_전환_블트깡출시_제조과정형_CS제조과정형.KR2_var4.릴스_하몽.슬기.X_1P_김소희_260715_제과_피재은,3052,46,56510.0,6
2026-07-28,[칩] (마스터ASC)[제과_블트하] 26.07_블트칩출시_ASC_전환_image,[칩] (마스터ASC)[제과_블트하] 26.07_블트칩출시_ASC_전환_image,[26.07]F_I_BT혼_전환_블트칩출시_혜택강조형_KR2_.피드_주변인.동료.확장__김소희_260727_제과_박지현,9,0,130.0,0
2026-07-28,[칩] (마스터ASC)[제과_블트하] 26.07_블트칩출시_ASC_전환_image,[칩] (마스터ASC)[제과_블트하] 26.07_블트칩출시_ASC_전환_image,[26.07]F_I_BT칩_전환_블트칩출시_바이럴형_KR1_.피드_남편인정.야구장.확장__김소희_260727_제과_김수정,8,0,140.0,0
2026-07-01,[제과_단백질 쉐이크] 26.06_단백질쉐이크출시_수동_전환_video,고객검증형_0624,[26.06]F_V_SK혼_전환_단백질쉐이크출시_신규BP_고객검증형_var7.릴스_소비자VOC.숏.X_2P_이유빈_260624_제과_윤성미,112708,3170,1244883.0,170
2026-07-01,(미사용) [제과_단백질 쉐이크] 26.06_단백질쉐이크출시_ASC_전환_image,[제과_단백질 쉐이크] 26.06_단백질쉐이크출시_ASC_전환_image,[26.06]F_I_SK초_전환_단백질쉐이크출시_제품강조형_원재료강조_.배너_생초코로기둥세운.속세맛신작.가격비교O.__이유빈_260701_제과_문다현,7,0,135.0,0
2026-07-01,[콘스프맛 팝콘] 26.05_콘스프맛팝콘출시_ASC_전환_image (old),[콘스프맛 팝콘] 26.05_콘스프맛팝콘출시_ASC_전환_image (old),[26.06]F_I_PC혼_전환_팝콘더블특가_매거진형_다이어트_.배너_딱오늘하루만진행.요요.입터짐방지템.확장__김소희_260701_제과_문다현,162,1,4282.0,0
2026-07-02,[제과_단백질 쉐이크] 26.06_단백질쉐이크출시_수동_전환_video,고객검증형_0624,[26.06]F_V_SK혼_전환_단백질쉐이크출시_신규BP_고객검증형_var7.릴스_소비자VOC.숏.X_2P_이유빈_260624_제과_윤성미,41198,1216,499103.0,119
2026-07-02,(미사용) [제과_단백질 쉐이크] 26.06_단백질쉐이크출시_ASC_전환_image,[제과_단백질 쉐이크] 26.06_단백질쉐이크출시_ASC_전환_image,[26.06]F_I_SK초_전환_단백질쉐이크출시_제품강조형_원재료강조_.배너_생초코로기둥세운.속세맛신작.가격비교O.__이유빈_260701_제과_문다현,14,0,462.0,0
2026-07-03,[제과_단백질 쉐이크] 26.06_단백질쉐이크출시_수동_전환_video,고객검증형_0624,[26.06]F_V_SK혼_전환_단백질쉐이크출시_신규BP_고객검증형_var7.릴스_소비자VOC.숏.X_2P_이유빈_260624_제과_윤성미,34839,981,422194.0,80
2026-07-03,(미사용) [제과_단백질 쉐이크] 26.06_단백질쉐이크출시_ASC_전환_image,[제과_단백질 쉐이크] 26.06_단백질쉐이크출시_ASC_전환_image,[26.06]F_I_SK초_전환_단백질쉐이크출시_제품강조형_원재료강조_.배너_생초코로기둥세운.속세맛신작.가격비교O.__이유빈_260701_제과_문다현,2,0,84.0,0
2026-07-04,[제과_단백질 쉐이크] 26.06_단백질쉐이크출시_수동_전환_video,고객검증형_0624,[26.06]F_V_SK혼_전환_단백질쉐이크출시_신규BP_고객검증형_var7.릴스_소비자VOC.숏.X_2P_이유빈_260624_제과_윤성미,3799,113,47146.0,6
2026-07-04,[제과_단백질 쉐이크] 26.06_단백질쉐이크출시_ASC_전환_video,[제과_단백질 쉐이크] 26.06_단백질쉐이크출시_ASC_전환_video,[26.07]F_V_SK혼_전환_단백질쉐이크출시_네고형_역네고형_main.릴스_공통시작.X_2P_이유빈_260703_제과_이미진,170,5,3685.0,0
2026-07-05,(미사용) [제과_단백질 쉐이크] 26.06_단백질쉐이크출시_ASC_전환_image,[제과_단백질 쉐이크] 26.06_단백질쉐이크출시_ASC_전환_image,[26.06]F_I_SK초_전환_단백질쉐이크출시_제품강조형_원재료강조_.배너_생초코로기둥세운.속세맛신작.가격비교O.__이유빈_260701_제과_문다현,6,0,258.0,0
2026-07-05,[제과_단백질 쉐이크] 26.06_단백질쉐이크출시_ASC_전환_video,[제과_단백질 쉐이크] 26.06_단백질쉐이크출시_ASC_전환_video,[26.07]F_V_SK혼_전환_단백질쉐이크출시_네고형_역네고형_main.릴스_공통시작.X_2P_이유빈_260703_제과_이미진,8,2,157.0,0
2026-07-06,[제과_단백질 쉐이크] 26.06_단백질쉐이크출시_수동_전환_video,고객검증형_0624,[26.06]F_V_SK혼_전환_단백질쉐이크출시_신규BP_고객검증형_var7.릴스_소비자VOC.숏.X_2P_이유빈_260624_제과_윤성미,19795,435,239367.0,41
2026-07-06,(미사용) [제과_단백질 쉐이크] 26.06_단백질쉐이크출시_ASC_전환_image,[제과_단백질 쉐이크] 26.06_단백질쉐이크출시_ASC_전환_image,[26.06]F_I_SK초_전환_단백질쉐이크출시_제품강조형_원재료강조_.배너_생초코로기둥세운.속세맛신작.가격비교O.__이유빈_260701_제과_문다현,2,0,19.0,0
2026-07-06,[제과_단백질 쉐이크] 26.06_단백질쉐이크출시_ASC_전환_video,[제과_단백질 쉐이크] 26.06_단백질쉐이크출시_ASC_전환_video,[26.07]F_V_SK혼_전환_단백질쉐이크출시_네고형_역네고형_main.릴스_공통시작.X_2P_이유빈_260703_제과_이미진,2,0,79.0,0
2026-07-07,[제과_단백질 쉐이크] 26.06_단백질쉐이크출시_수동_전환_video,고객검증형_0624,[26.06]F_V_SK혼_전환_단백질쉐이크출시_신규BP_고객검증형_var7.릴스_소비자VOC.숏.X_2P_이유빈_260624_제과_윤성미,2498,59,32707.0,4
2026-07-07,(미사용) [제과_단백질 쉐이크] 26.06_단백질쉐이크출시_ASC_전환_image,[제과_단백질 쉐이크] 26.06_단백질쉐이크출시_ASC_전환_image,[26.06]F_I_SK초_전환_단백질쉐이크출시_제품강조형_원재료강조_.배너_생초코로기둥세운.속세맛신작.가격비교O.__이유빈_260701_제과_문다현,10,0,86.0,0
2026-07-07,[제과_단백질 쉐이크] 26.06_단백질쉐이크출시_ASC_전환_video,[제과_단백질 쉐이크] 26.06_단백질쉐이크출시_ASC_전환_video,[26.07]F_V_SK혼_전환_단백질쉐이크출시_네고형_역네고형_main.릴스_공통시작.X_2P_이유빈_260703_제과_이미진,1,0,27.0,0
2026-07-07,(마스터2) [제과_단백질 쉐이크] 26.07_단백질쉐이크출시_ASC_전환_image,(마스터2) [제과_단백질 쉐이크] 26.07_단백질쉐이크출시_ASC_전환_image,[26.07]F_I_SK초_전환_단백질쉐이크출시_혜택강조형_파우치.개당가강조_.배너_특정시점.라방알림설정필요없음.검증__이유빈_260706_제과_김수정,268,9,9348.0,0
2026-07-07,(마스터2) [제과_단백질 쉐이크] 26.07_단백질쉐이크출시_ASC_전환_image,(마스터2) [제과_단백질 쉐이크] 26.07_단백질쉐이크출시_ASC_전환_image,[26.07]F_I_SK혼_전환_단백질쉐이크출시_혜택강조형_파우치.개당가강조_.배너_대용량페포.메세지테스트.어디갈때마다.통단쉐.확장__이유빈_260707_제과_김수정,11,0,223.0,0
2026-07-08,[제과_단백질 쉐이크] 26.06_단백질쉐이크출시_수동_전환_video,고객검증형_0624,[26.06]F_V_SK혼_전환_단백질쉐이크출시_신규BP_고객검증형_var7.릴스_소비자VOC.숏.X_2P_이유빈_260624_제과_윤성미,14097,354,161747.0,15
2026-07-08,(마스터2) [제과_단백질 쉐이크] 26.07_단백질쉐이크출시_ASC_전환_image,(마스터2) [제과_단백질 쉐이크] 26.07_단백질쉐이크출시_ASC_전환_image,[26.07]F_I_SK혼_전환_단백질쉐이크출시_혜택강조형_파우치.개당가강조_.배너_대용량페포.메세지테스트.어디갈때마다.통단쉐.확장__이유빈_260707_제과_김수정,72,0,1255.0,0
2026-07-08,(마스터ASC)[제과_콘스프맛 팝콘] 26.07_콘스프맛팝콘출시_ASC_전환_image (NEW),(마스터ASC)[콘스프맛 팝콘] 26.07_콘스프맛팝콘출시_ASC_전환_image (NEW),[26.07]F_I_PC혼_전환_상시_매거진형_다이어트_.배너_스트레스형페인포인트.퇴근후.참지말고속세맛.다비워도저당.검증__김소희_260708_제과_문다현,299,3,6015.0,0
2026-07-09,[제과_단백질 쉐이크] 26.06_단백질쉐이크출시_수동_전환_video,고객검증형_0624,[26.06]F_V_SK혼_전환_단백질쉐이크출시_신규BP_고객검증형_var7.릴스_소비자VOC.숏.X_2P_이유빈_260624_제과_윤성미,4805,143,61586.0,6
2026-07-09,[제과_단백질 쉐이크] 26.06_단백질쉐이크출시_ASC_전환_video,[제과_단백질 쉐이크] 26.06_단백질쉐이크출시_ASC_전환_video,[26.07]F_V_SK혼_전환_단백질쉐이크출시_네고형_역네고형_main.릴스_공통시작.X_2P_이유빈_260703_제과_이미진,3,0,41.0,0
2026-07-09,(마스터2) [제과_단백질 쉐이크] 26.07_단백질쉐이크출시_ASC_전환_image,(마스터2) [제과_단백질 쉐이크] 26.07_단백질쉐이크출시_ASC_전환_image,[26.07]F_I_SK혼_전환_단백질쉐이크출시_혜택강조형_파우치.개당가강조_.배너_대용량페포.메세지테스트.어디갈때마다.통단쉐.확장__이유빈_260707_제과_김수정,120,1,2020.0,0
2026-07-09,(마스터ASC)[제과_콘스프맛 팝콘] 26.07_콘스프맛팝콘출시_ASC_전환_image (NEW),(마스터ASC)[콘스프맛 팝콘] 26.07_콘스프맛팝콘출시_ASC_전환_image (NEW),[26.07]F_I_PC혼_전환_상시_매거진형_다이어트_.배너_스트레스형페인포인트.퇴근후.참지말고속세맛.다비워도저당.검증__김소희_260708_제과_문다현,204,1,4308.0,0
2026-07-10,[제과_단백질 쉐이크] 26.06_단백질쉐이크출시_수동_전환_video,고객검증형_0624,[26.06]F_V_SK혼_전환_단백질쉐이크출시_신규BP_고객검증형_var7.릴스_소비자VOC.숏.X_2P_이유빈_260624_제과_윤성미,2398,38,36483.0,4
2026-07-10,(마스터2) [제과_단백질 쉐이크] 26.07_단백질쉐이크출시_ASC_전환_image,(마스터2) [제과_단백질 쉐이크] 26.07_단백질쉐이크출시_ASC_전환_image,[26.07]F_I_SK혼_전환_단백질쉐이크출시_혜택강조형_파우치.개당가강조_.배너_대용량페포.메세지테스트.어디갈때마다.통단쉐.확장__이유빈_260707_제과_김수정,38,0,873.0,0
2026-07-10,(마스터ASC)[제과_콘스프맛 팝콘] 26.07_콘스프맛팝콘출시_ASC_전환_image (NEW),(마스터ASC)[콘스프맛 팝콘] 26.07_콘스프맛팝콘출시_ASC_전환_image (NEW),[26.07]F_I_PC혼_전환_상시_매거진형_다이어트_.배너_스트레스형페인포인트.퇴근후.참지말고속세맛.다비워도저당.검증__김소희_260708_제과_문다현,88,2,1727.0,0
2026-07-10,[제과_단백질 쉐이크] 26.06_단백질쉐이크출시_수동_전환_image,파우치개당가강조(2)_0709,[26.07]F_I_SK혼_전환_단백질쉐이크출시_매거진형_파우치.개당가강조_.배너_맛없페인포인트.밍밍단쉐멈춰.찐한속세미숫가루.검증__이유빈_260709_제과_문다현,6,0,115.0,0
2026-07-10,(마스터2) [제과_단백질 쉐이크] 26.07_단백질쉐이크출시_ASC_전환_image,(마스터2) [제과_단백질 쉐이크] 26.07_단백질쉐이크출시_ASC_전환_image,[26.07]F_I_SK혼_전환_단백질쉐이크출시_혜택강조형_파우치.개당가강조_.배너_대용량보다싸다니ㄷㄷ.비밀인데.팝콘.확장__이유빈_260710_제과_문다현,37,1,840.0,0
2026-07-10,[제과_단쉐_990] 26.07_깜짝990딜_ASC_전환_image,[제과_단쉐_990] 26.07_깜짝990딜_ASC_전환_image,[26.07]F_I_SK혼_전환_단쉐990원_혜택강조형__.배너_다이소보다싼.990원.토핑폭탄.품절전쟁이기.주황.확장__이유빈_260710_제과_문다현,175,4,3916.0,1
2026-07-11,(마스터2) [제과_단백질 쉐이크] 26.07_단백질쉐이크출시_ASC_전환_image,(마스터2) [제과_단백질 쉐이크] 26.07_단백질쉐이크출시_ASC_전환_image,[26.07]F_I_SK혼_전환_단백질쉐이크출시_혜택강조형_파우치.개당가강조_.배너_대용량페포.메세지테스트.어디갈때마다.통단쉐.확장__이유빈_260707_제과_김수정,32,1,409.0,0
2026-07-11,[제과_단백질 쉐이크] 26.06_단백질쉐이크출시_수동_전환_image,파우치개당가강조(2)_0709,[26.07]F_I_SK혼_전환_단백질쉐이크출시_매거진형_파우치.개당가강조_.배너_맛없페인포인트.밍밍단쉐멈춰.찐한속세미숫가루.검증__이유빈_260709_제과_문다현,8,0,199.0,0
2026-07-11,(마스터2) [제과_단백질 쉐이크] 26.07_단백질쉐이크출시_ASC_전환_image,(마스터2) [제과_단백질 쉐이크] 26.07_단백질쉐이크출시_ASC_전환_image,[26.07]F_I_SK혼_전환_단백질쉐이크출시_혜택강조형_파우치.개당가강조_.배너_대용량보다싸다니ㄷㄷ.비밀인데.팝콘.확장__이유빈_260710_제과_문다현,557,15,15859.0,1
2026-07-11,[제과_단쉐_990] 26.07_깜짝990딜_ASC_전환_image,[제과_단쉐_990] 26.07_깜짝990딜_ASC_전환_image,[26.07]F_I_SK혼_전환_단쉐990원_혜택강조형__.배너_다이소보다싼.990원.토핑폭탄.품절전쟁이기.주황.확장__이유빈_260710_제과_문다현,1164,48,23062.0,3
2026-07-12,(마스터ASC)[제과_콘스프맛 팝콘] 26.07_콘스프맛팝콘출시_ASC_전환_image (NEW),(마스터ASC)[콘스프맛 팝콘] 26.07_콘스프맛팝콘출시_ASC_전환_image (NEW),[26.07]F_I_PC혼_전환_상시_매거진형_다이어트_.배너_스트레스형페인포인트.퇴근후.참지말고속세맛.다비워도저당.검증__김소희_260708_제과_문다현,102,3,1718.0,0
2026-07-12,[제과_단쉐_990] 26.07_깜짝990딜_ASC_전환_image,[제과_단쉐_990] 26.07_깜짝990딜_ASC_전환_image,[26.07]F_I_SK혼_전환_단쉐990원_혜택강조형__.배너_다이소보다싼.990원.토핑폭탄.품절전쟁이기.주황.확장__이유빈_260710_제과_문다현,630,22,11036.0,1
2026-07-13,(마스터2) [제과_단백질 쉐이크] 26.07_단백질쉐이크출시_ASC_전환_image,(마스터2) [제과_단백질 쉐이크] 26.07_단백질쉐이크출시_ASC_전환_image,[26.07]F_I_SK혼_전환_단백질쉐이크출시_혜택강조형_파우치.개당가강조_.배너_대용량페포.메세지테스트.어디갈때마다.통단쉐.확장__이유빈_260707_제과_김수정,30,0,525.0,0
2026-07-13,(마스터ASC)[제과_콘스프맛 팝콘] 26.07_콘스프맛팝콘출시_ASC_전환_image (NEW),(마스터ASC)[콘스프맛 팝콘] 26.07_콘스프맛팝콘출시_ASC_전환_image (NEW),[26.07]F_I_PC혼_전환_상시_매거진형_다이어트_.배너_스트레스형페인포인트.퇴근후.참지말고속세맛.다비워도저당.검증__김소희_260708_제과_문다현,73,0,1653.0,0
2026-07-13,[제과_단백질 쉐이크] 26.06_단백질쉐이크출시_수동_전환_image,파우치개당가강조(2)_0709,[26.07]F_I_SK혼_전환_단백질쉐이크출시_매거진형_파우치.개당가강조_.배너_맛없페인포인트.밍밍단쉐멈춰.찐한속세미숫가루.검증__이유빈_260709_제과_문다현,441,12,12134.0,0
2026-07-13,[제과_단쉐_990] 26.07_깜짝990딜_ASC_전환_image,[제과_단쉐_990] 26.07_깜짝990딜_ASC_전환_image,[26.07]F_I_SK혼_전환_단쉐990원_혜택강조형__.배너_다이소보다싼.990원.토핑폭탄.품절전쟁이기.주황.확장__이유빈_260710_제과_문다현,1276,39,29383.0,2
2026-07-14,(마스터2) [제과_단백질 쉐이크] 26.07_단백질쉐이크출시_ASC_전환_image,(마스터2) [제과_단백질 쉐이크] 26.07_단백질쉐이크출시_ASC_전환_image,[26.07]F_I_SK혼_전환_단백질쉐이크출시_혜택강조형_파우치.개당가강조_.배너_대용량페포.메세지테스트.어디갈때마다.통단쉐.확장__이유빈_260707_제과_김수정,529,4,10850.0,0
2026-07-14,(마스터ASC)[제과_콘스프맛 팝콘] 26.07_콘스프맛팝콘출시_ASC_전환_image (NEW),(마스터ASC)[콘스프맛 팝콘] 26.07_콘스프맛팝콘출시_ASC_전환_image (NEW),[26.07]F_I_PC혼_전환_상시_매거진형_다이어트_.배너_스트레스형페인포인트.퇴근후.참지말고속세맛.다비워도저당.검증__김소희_260708_제과_문다현,40,0,715.0,0
2026-07-15,(마스터ASC)[제과_콘스프맛 팝콘] 26.07_콘스프맛팝콘출시_ASC_전환_image (NEW),(마스터ASC)[콘스프맛 팝콘] 26.07_콘스프맛팝콘출시_ASC_전환_image (NEW),[26.07]F_I_PC혼_전환_상시_매거진형_다이어트_.배너_스트레스형페인포인트.퇴근후.참지말고속세맛.다비워도저당.검증__김소희_260708_제과_문다현,103,1,981.0,0
2026-07-15,(마스터ASC)[제과_블트하] 26.07_블트깡출시_ASC_전환_video,(마스터ASC)[제과_블트하] 26.07_블트깡출시_ASC_전환_video,[26.07]F_V_BT깡_전환_블트깡출시_쩜오건_맛조합맥주.KR1_var1.릴스_맛후킹.X_1P_김소희_260715_제과_문형민,649,18,8512.0,1
2026-07-15,(마스터ASC)[제과_블트하] 26.07_블트깡출시_ASC_전환_image,(마스터ASC)[제과_블트하] 26.07_블트깡출시_ASC_전환_image,[26.07]F_I_BT깡_전환_블트깡출시_혜택강조형_혜택강조형_.배너_SNS에서난리났던그조합.검증__김소희_260715_제과_박서연,7,1,149.0,0
2026-07-16,(마스터ASC)[제과_블트하] 26.07_블트깡출시_ASC_전환_image,(마스터ASC)[제과_블트하] 26.07_블트깡출시_ASC_전환_image,[26.07]F_I_BT깡_전환_블트깡출시_혜택강조형_혜택강조형_.배너_SNS에서난리났던그조합.검증__김소희_260715_제과_박서연,20,1,381.0,0
2026-07-16,[제과_단백질 쉐이크] 26.06_단백질쉐이크출시_수동_전환_image,올영최저가비교_0715,[26.07]F_I_SK혼_전환_단백질쉐이크출시_매거진형_올영최저가비교_.배너_귀찮으셨죠.쟁여요.확장__이유빈_260715_제과_문다현,1316,30,29997.0,4
2026-07-17,(마스터ASC)[제과_블트하] 26.07_블트깡출시_ASC_전환_image,(마스터ASC)[제과_블트하] 26.07_블트깡출시_ASC_전환_image,[26.07]F_I_BT깡_전환_블트깡출시_혜택강조형_혜택강조형_.배너_SNS에서난리났던그조합.검증__김소희_260715_제과_박서연,2,0,78.0,0
2026-07-17,[제과_단백질 쉐이크] 26.06_단백질쉐이크출시_수동_전환_image,올영최저가비교_0715,[26.07]F_I_SK혼_전환_단백질쉐이크출시_매거진형_올영최저가비교_.배너_귀찮으셨죠.쟁여요.확장__이유빈_260715_제과_문다현,1102,36,24190.0,1
2026-07-17,[제과_블트하] 26.07_블트깡출시_수동_전환_image_전체타겟,3040대세감_블트깡출시 (KR1),[26.07]F_I_BT깡_전환_블트깡출시_바이럴형_KR1_.배너_3040소비상황.스레드에서난리난.검증__김소희_260716_제과_김수정,763,32,23029.0,5
2026-07-18,(마스터ASC)[제과_블트하] 26.07_블트깡출시_ASC_전환_image,(마스터ASC)[제과_블트하] 26.07_블트깡출시_ASC_전환_image,[26.07]F_I_BT깡_전환_블트깡출시_혜택강조형_혜택강조형_.배너_SNS에서난리났던그조합.검증__김소희_260715_제과_박서연,1,0,44.0,0
2026-07-18,[제과_블트하] 26.07_블트깡출시_수동_전환_image_전체타겟,3040대세감_블트깡출시 (KR1),[26.07]F_I_BT깡_전환_블트깡출시_바이럴형_KR1_.배너_3040소비상황.스레드에서난리난.검증__김소희_260716_제과_김수정,2499,55,57784.0,12
2026-07-19,(마스터ASC)[제과_블트하] 26.07_블트깡출시_ASC_전환_image,(마스터ASC)[제과_블트하] 26.07_블트깡출시_ASC_전환_image,[26.07]F_I_BT깡_전환_블트깡출시_혜택강조형_혜택강조형_.배너_SNS에서난리났던그조합.검증__김소희_260715_제과_박서연,34,2,694.0,0
2026-07-19,[제과_블트하] 26.07_블트깡출시_수동_전환_image_전체타겟,3040대세감_블트깡출시 (KR1),[26.07]F_I_BT깡_전환_블트깡출시_바이럴형_KR1_.배너_3040소비상황.스레드에서난리난.검증__김소희_260716_제과_김수정,1289,36,20700.0,4
2026-07-20,(마스터ASC)[제과_블트하] 26.07_블트깡출시_ASC_전환_image,(마스터ASC)[제과_블트하] 26.07_블트깡출시_ASC_전환_image,[26.07]F_I_BT깡_전환_블트깡출시_혜택강조형_혜택강조형_.배너_SNS에서난리났던그조합.검증__김소희_260715_제과_박서연,1,0,11.0,0
2026-07-20,[제과_블트하] 26.07_블트깡출시_수동_전환_image_전체타겟,3040대세감_블트깡출시 (KR1),[26.07]F_I_BT깡_전환_블트깡출시_바이럴형_KR1_.배너_3040소비상황.스레드에서난리난.검증__김소희_260716_제과_김수정,1486,30,18494.0,4
2026-07-21,[제과_블트하] 26.07_블트깡출시_수동_전환_image_전체타겟,3040대세감_블트깡출시 (KR1),[26.07]F_I_BT깡_전환_블트깡출시_바이럴형_KR1_.배너_3040소비상황.스레드에서난리난.검증__김소희_260716_제과_김수정,4281,113,85287.0,24
2026-07-21,[제과_블트하] 26.07_블트깡출시_수동_전환_image_전체타겟,맘카페페르소나_블트깡출시 (KR1),[26.07]F_I_BT깡_전환_블트깡출시_바이럴형_KR1_.배너_맘카페.원산지강조.검증__김소희_260720_제과_박지현,106,3,2043.0,1
2026-07-22,[제과_블트하] 26.07_블트깡출시_수동_전환_image_전체타겟,3040대세감_블트깡출시 (KR1),[26.07]F_I_BT깡_전환_블트깡출시_바이럴형_KR1_.배너_3040소비상황.스레드에서난리난.검증__김소희_260716_제과_김수정,1577,41,27436.0,5
2026-07-22,[제과_블트하] 26.07_블트깡출시_수동_전환_image_전체타겟,맘카페페르소나_블트깡출시 (KR1),[26.07]F_I_BT깡_전환_블트깡출시_바이럴형_KR1_.배너_맘카페.원산지강조.검증__김소희_260720_제과_박지현,16,3,243.0,0
2026-07-22,[제과_블트하] 26.07_블트깡출시_수동_전환_image_전체타겟,남편인정소비_블트깡출시 (KR1) (0728),[26.07]F_I_BT깡_전환_블트깡출시_바이럴형_KR1_.릴스_맘카페페르소나.지면테스트.재입고만기다린다는.검증__김소희_260721_제과_김수정,141,4,3163.0,0
2026-07-22,[제과_블트하] 26.07_블트깡출시_수동_전환_image_전체타겟,남편인정소비_블트깡출시 (KR1) (0728),[26.07]F_I_BT깡_전환_블트깡출시__KR1_.배너_공지문.제품력.확장__김소희_260721_제과_김수정,10004,317,176974.0,33
2026-07-22,[제과_블트하] 26.07_블트깡출시_수동_전환_image_전체타겟,주변인인정_블트칩출시 (KR2) (0728),[26.07]F_I_BT칩_전환_블트칩출시_혜택강조형_KR2_.배너_중국산과자랑차원이다른.지면테스트..검증__김소희_260722_제과_박서연,73,1,1194.0,0
2026-07-23,(마스터ASC)[제과_블트하] 26.07_블트깡출시_ASC_전환_image,(마스터ASC)[제과_블트하] 26.07_블트깡출시_ASC_전환_image,[26.07]F_I_BT깡_전환_블트깡출시_혜택강조형_혜택강조형_.배너_SNS에서난리났던그조합.검증__김소희_260715_제과_박서연,9,0,238.0,0
2026-07-23,[제과_블트하] 26.07_블트깡출시_수동_전환_image_전체타겟,남편인정소비_블트깡출시 (KR1) (0728),[26.07]F_I_BT깡_전환_블트깡출시_바이럴형_KR1_.릴스_맘카페페르소나.지면테스트.재입고만기다린다는.검증__김소희_260721_제과_김수정,5,0,92.0,0
2026-07-23,[제과_블트하] 26.07_블트깡출시_수동_전환_image_전체타겟,남편인정소비_블트깡출시 (KR1) (0728),[26.07]F_I_BT깡_전환_블트깡출시__KR1_.배너_공지문.제품력.확장__김소희_260721_제과_김수정,922,36,17207.0,4
2026-07-23,[제과_블트하] 26.07_블트깡출시_수동_전환_image_전체타겟,주변인인정_블트칩출시 (KR2) (0728),[26.07]F_I_BT칩_전환_블트칩출시_혜택강조형_KR2_.배너_중국산과자랑차원이다른.지면테스트..검증__김소희_260722_제과_박서연,74,1,1149.0,0
2026-07-24,[제과_블트하] 26.07_블트깡출시_수동_전환_image_전체타겟,남편인정소비_블트깡출시 (KR1) (0728),[26.07]F_I_BT깡_전환_블트깡출시__KR1_.배너_공지문.제품력.확장__김소희_260721_제과_김수정,30,0,752.0,0
2026-07-24,[제과_블트하] 26.07_블트깡출시_수동_전환_image_전체타겟,주변인인정_블트칩출시 (KR2) (0728),[26.07]F_I_BT칩_전환_블트칩출시_혜택강조형_KR2_.배너_중국산과자랑차원이다른.지면테스트..검증__김소희_260722_제과_박서연,57,2,875.0,0
2026-07-25,[제과_블트하] 26.07_블트깡출시_수동_전환_image_전체타겟,남편인정소비_블트깡출시 (KR1) (0728),[26.07]F_I_BT깡_전환_블트깡출시__KR1_.배너_공지문.제품력.확장__김소희_260721_제과_김수정,252,5,4576.0,0
2026-07-26,[제과_블트하] 26.07_블트깡출시_수동_전환_image_전체타겟,남편인정소비_블트깡출시 (KR1) (0728),[26.07]F_I_BT깡_전환_블트깡출시__KR1_.배너_공지문.제품력.확장__김소희_260721_제과_김수정,120,2,1919.0,3
2026-07-27,[제과_블트하] 26.07_블트깡출시_수동_전환_image_전체타겟,남편인정소비_블트깡출시 (KR1) (0728),[26.07]F_I_BT깡_전환_블트깡출시__KR1_.배너_공지문.제품력.확장__김소희_260721_제과_김수정,290,5,6118.0,0
2026-07-28,[제과_블트하] 26.07_블트깡출시_수동_전환_image_전체타겟,남편인정소비_블트깡출시 (KR1) (0728),[26.07]F_I_BT깡_전환_블트깡출시__KR1_.배너_공지문.제품력.확장__김소희_260721_제과_김수정,332,8,6534.0,0
2026-07-28,[제과_블트하] 26.07_블트깡출시_수동_전환_image_전체타겟,주변인인정_블트칩출시 (KR2) (0728),[26.07]F_I_BT깡_전환_블트칩출시_혜택강조형_KR2_.피드_시댁갈때맛잘알며느리.확장__김소희_260728_제과_박서연,11,0,128.0,0
2026-07-01,(마스터ASC)[제과_콘스프맛 팝콘] 26.05_콘스프맛팝콘출시_ASC_전환_video,(마스터ASC)[콘스프맛 팝콘] 26.05_콘스프맛팝콘출시_ASC_전환_video,[26.06]F_V_PC콘_전환_팝콘더블특가_네고형_지인네고형.다이어트_var4.릴스_운동상황강조2.슬기.X_1P_최나영_260626_제과_문형민,226,7,4666.0,1
2026-07-01,[제과_단백질 쉐이크] 26.06_단백질쉐이크출시_수동_전환_video,취식강조형_0626,[26.06]F_V_SK곡_전환_단백질쉐이크출시_신규BP_쉐이크베이비.건강자극_vaar3.릴스_라라권위.X_2P_이유빈_260626_제과_이미진,984,26,21672.0,4
2026-07-02,(마스터ASC)[제과_콘스프맛 팝콘] 26.05_콘스프맛팝콘출시_ASC_전환_video,(마스터ASC)[콘스프맛 팝콘] 26.05_콘스프맛팝콘출시_ASC_전환_video,[26.06]F_V_PC콘_전환_팝콘더블특가_네고형_지인네고형.다이어트_var4.릴스_운동상황강조2.슬기.X_1P_최나영_260626_제과_문형민,877,17,13884.0,6
2026-07-02,[제과_단백질 쉐이크] 26.06_단백질쉐이크출시_수동_전환_video,취식강조형_0626,[26.06]F_V_SK곡_전환_단백질쉐이크출시_신규BP_쉐이크베이비.건강자극_vaar3.릴스_라라권위.X_2P_이유빈_260626_제과_이미진,1175,37,33511.0,5
2026-07-02,[제과_콘스프맛 팝콘] 26.05_콘스프맛팝콘출시_수동_전환_image,오늘까지만_앵콜더블특가 (~7/1),[26.06]F_I_PC혼_전환_팝콘더블특가_매거진형_다이어트_.배너_오늘마감.요요.입터짐방지템.확장__김소희_260701_제과_문다현,5,0,298.0,0
2026-07-03,(마스터ASC)[제과_콘스프맛 팝콘] 26.05_콘스프맛팝콘출시_ASC_전환_video,(마스터ASC)[콘스프맛 팝콘] 26.05_콘스프맛팝콘출시_ASC_전환_video,[26.06]F_V_PC콘_전환_팝콘더블특가_네고형_지인네고형.다이어트_var4.릴스_운동상황강조2.슬기.X_1P_최나영_260626_제과_문형민,17,0,232.0,0
2026-07-03,[제과_단백질 쉐이크] 26.06_단백질쉐이크출시_수동_전환_video,취식강조형_0626,[26.06]F_V_SK곡_전환_단백질쉐이크출시_신규BP_쉐이크베이비.건강자극_vaar3.릴스_라라권위.X_2P_이유빈_260626_제과_이미진,1600,56,40469.0,4
2026-07-04,(마스터ASC)[제과_콘스프맛 팝콘] 26.05_콘스프맛팝콘출시_ASC_전환_video,(마스터ASC)[콘스프맛 팝콘] 26.05_콘스프맛팝콘출시_ASC_전환_video,[26.06]F_V_PC콘_전환_팝콘더블특가_네고형_지인네고형.다이어트_var4.릴스_운동상황강조2.슬기.X_1P_최나영_260626_제과_문형민,572,13,9451.0,0
2026-07-10,(마스터2) [제과_단백질 쉐이크] 26.07_단백질쉐이크출시_ASC_전환_image,(마스터2) [제과_단백질 쉐이크] 26.07_단백질쉐이크출시_ASC_전환_image,[26.07]F_I_SK혼_전환_단백질쉐이크출시_혜택강조형_파우치.개당가강조_.배너_대용량1개살가격으로.무제한급.팝콘무료.개당1천원대.주황.확장__이유빈_260710_제과_문다현,17,0,220.0,0
2026-07-11,(마스터2) [제과_단백질 쉐이크] 26.07_단백질쉐이크출시_ASC_전환_image,(마스터2) [제과_단백질 쉐이크] 26.07_단백질쉐이크출시_ASC_전환_image,[26.07]F_I_SK혼_전환_단백질쉐이크출시_혜택강조형_파우치.개당가강조_.배너_대용량1개살가격으로.무제한급.팝콘무료.개당1천원대.주황.확장__이유빈_260710_제과_문다현,148,3,4495.0,0
2026-07-12,(마스터2) [제과_단백질 쉐이크] 26.07_단백질쉐이크출시_ASC_전환_image,(마스터2) [제과_단백질 쉐이크] 26.07_단백질쉐이크출시_ASC_전환_image,[26.07]F_I_SK혼_전환_단백질쉐이크출시_혜택강조형_파우치.개당가강조_.배너_대용량1개살가격으로.무제한급.팝콘무료.개당1천원대.주황.확장__이유빈_260710_제과_문다현,245,12,6984.0,0
2026-07-22,[제과_블트하] 26.07_블트깡출시_수동_전환_image_전체타겟,남편인정소비_블트깡출시 (KR1) (0728),[26.07]F_I_BT깡_전환_블트깡출시_바이럴형_KR1_.릴스_맘카페페르소나.지면테스트.공구뜨면품절.검증__김소희_260721_제과_김수정,48,0,753.0,0
2026-07-23,[제과_블트하] 26.07_블트깡출시_수동_전환_image_전체타겟,(칩)맘카페캐러셀_블트칩출시 (KR1),[26.07]F_I_BT칩_전환_블트칩출시__KR1_.배너_맛비주얼공지문.창고형마트원산지.확장__김소희_260722_제과_김수정,1377,50,19825.0,4
2026-07-24,[제과_블트하] 26.07_블트깡출시_수동_전환_image_전체타겟,(칩)맘카페캐러셀_블트칩출시 (KR1),[26.07]F_I_BT칩_전환_블트칩출시__KR1_.배너_맛비주얼공지문.창고형마트원산지.확장__김소희_260722_제과_김수정,89,1,1498.0,0
2026-07-27,[제과_블트하] 26.07_블트깡출시_수동_전환_image_전체타겟,[혼합] 주변인 상황연출_블트칩출시 (KR2) (0727),[26.07]F_I_BT혼_전환_블트칩출시_혜택강조형_KR2_.피드_주변인.친구.확장__김소희_260727_제과_박지현,58,2,1313.0,0
2026-07-28,[제과_블트하] 26.07_블트깡출시_수동_전환_image_전체타겟,[혼합] 주변인 상황연출_블트칩출시 (KR2) (0727),[26.07]F_I_BT혼_전환_블트칩출시_혜택강조형_KR2_.피드_주변인.친구.확장__김소희_260727_제과_박지현,702,14,18662.0,0
2026-07-28,[제과_블트하] 26.07_블트깡출시_수동_전환_image_전체타겟,주변인인정_블트칩출시 (KR2) (0728),[26.07]F_I_BT칩_전환_블트칩출시_혜택강조형_KR2_.피드_옆집맘들한테맛잘알인정..확장__김소희_260728_제과_박서연,6,0,74.0,0
2026-07-01,[제과_콘스프맛 팝콘] 26.05_콘스프맛팝콘출시_수동_전환_video,인플루언서형_콘스프맛_(통합),[26.05]F_V_PC콘_전환_콘스프맛팝콘출시_인플루언서형_인플루언서형_var1.릴스_이중코팅강조.형민PJ1_3C_박현지_260506_3T_이수민,63432,520,569214.0,110
2026-07-02,[제과_콘스프맛 팝콘] 26.05_콘스프맛팝콘출시_수동_전환_video,인플루언서형_콘스프맛_(통합),[26.05]F_V_PC콘_전환_콘스프맛팝콘출시_인플루언서형_인플루언서형_var1.릴스_이중코팅강조.형민PJ1_3C_박현지_260506_3T_이수민,13350,105,114952.0,15
2026-07-03,[제과_콘스프맛 팝콘] 26.05_콘스프맛팝콘출시_수동_전환_video,인플루언서형_콘스프맛_(통합),[26.05]F_V_PC콘_전환_콘스프맛팝콘출시_인플루언서형_인플루언서형_var1.릴스_이중코팅강조.형민PJ1_3C_박현지_260506_3T_이수민,8238,56,64280.0,1
2026-07-08,[제과_단백질 쉐이크] 26.06_단백질쉐이크출시_수동_전환_image,파우치개당가강조_0706,[26.07]F_I_SK초_전환_단백질쉐이크출시_혜택강조형_파우치.개당가강조_.배너_특정시점.원쁠원안기다려도.검증__이유빈_260706_제과_김수정,76,5,1681.0,4
2026-07-09,[제과_단백질 쉐이크] 26.06_단백질쉐이크출시_수동_전환_image,파우치개당가강조_0706,[26.07]F_I_SK초_전환_단백질쉐이크출시_혜택강조형_파우치.개당가강조_.배너_특정시점.원쁠원안기다려도.검증__이유빈_260706_제과_김수정,109,1,3235.0,0
2026-07-10,[제과_단백질 쉐이크] 26.06_단백질쉐이크출시_수동_전환_image,파우치개당가강조_0706,[26.07]F_I_SK초_전환_단백질쉐이크출시_혜택강조형_파우치.개당가강조_.배너_특정시점.원쁠원안기다려도.검증__이유빈_260706_제과_김수정,1,0,82.0,0
2026-07-11,[제과_단백질 쉐이크] 26.06_단백질쉐이크출시_수동_전환_image,파우치개당가강조_0706,[26.07]F_I_SK초_전환_단백질쉐이크출시_혜택강조형_파우치.개당가강조_.배너_특정시점.원쁠원안기다려도.검증__이유빈_260706_제과_김수정,92,3,3313.0,0
2026-07-14,[제과_단백질 쉐이크] 26.06_단백질쉐이크출시_수동_전환_video,AI캐릭터형_0713,[26.07]F_V_SK혼_전환_단백질쉐이크출시_ai형_ai캐릭터.파우치.개당가강조_var4.릴스_팝콘캐릭터산책.X_2P_이유빈_260713_제과_이미진,904,20,13669.0,0
2026-07-15,(마스터2) [제과_단백질 쉐이크] 26.07_단백질쉐이크출시_ASC_전환_image,(마스터2) [제과_단백질 쉐이크] 26.07_단백질쉐이크출시_ASC_전환_image,[26.07]F_I_SK혼_전환_단백질쉐이크출시_혜택강조형_올영최저가비교_.배너_곧종료됩니다.네고형.팝콘.확장__이유빈_260714_제과_문다현,38,1,836.0,0
2026-07-16,(마스터2) [제과_단백질 쉐이크] 26.07_단백질쉐이크출시_ASC_전환_image,(마스터2) [제과_단백질 쉐이크] 26.07_단백질쉐이크출시_ASC_전환_image,[26.07]F_I_SK혼_전환_단백질쉐이크출시_혜택강조형_올영최저가비교_.배너_곧종료됩니다.네고형.팝콘.확장__이유빈_260714_제과_문다현,370,9,4940.0,1
2026-07-16,(마스터ASC)[제과_블트하] 26.07_블트깡출시_ASC_전환_video,(마스터ASC)[제과_블트하] 26.07_블트깡출시_ASC_전환_video,[26.07]F_V_BT깡_전환_블트깡출시_쩜오건_대세감실체.KR1_var1.릴스_유명남돌라방.X_1P_김소희_260715_제과_문형민,8,1,119.0,0
2026-07-16,[제과_단백질 쉐이크] 26.06_단백질쉐이크출시_수동_전환_image,올영최저가비교_0715,[26.07]F_I_SK혼_전환_단백질쉐이크출시_혜택강조형_올영최저가비교_.배너_헬스장라커에못들고가는.확장__이유빈_260715_제과_문다현,139,1,4321.0,0
2026-07-17,(마스터2) [제과_단백질 쉐이크] 26.07_단백질쉐이크출시_ASC_전환_image,(마스터2) [제과_단백질 쉐이크] 26.07_단백질쉐이크출시_ASC_전환_image,[26.07]F_I_SK혼_전환_단백질쉐이크출시_혜택강조형_올영최저가비교_.배너_곧종료됩니다.네고형.팝콘.확장__이유빈_260714_제과_문다현,131,3,2667.0,0
2026-07-17,(마스터ASC)[제과_블트하] 26.07_블트깡출시_ASC_전환_video,(마스터ASC)[제과_블트하] 26.07_블트깡출시_ASC_전환_video,[26.07]F_V_BT깡_전환_블트깡출시_쩜오건_대세감실체.KR1_var1.릴스_유명남돌라방.X_1P_김소희_260715_제과_문형민,3,0,59.0,0
2026-07-17,[제과_단백질 쉐이크] 26.06_단백질쉐이크출시_수동_전환_image,올영최저가비교_0715,[26.07]F_I_SK혼_전환_단백질쉐이크출시_혜택강조형_올영최저가비교_.배너_헬스장라커에못들고가는.확장__이유빈_260715_제과_문다현,28,0,897.0,0
2026-07-18,(마스터2) [제과_단백질 쉐이크] 26.07_단백질쉐이크출시_ASC_전환_image,(마스터2) [제과_단백질 쉐이크] 26.07_단백질쉐이크출시_ASC_전환_image,[26.07]F_I_SK혼_전환_단백질쉐이크출시_혜택강조형_올영최저가비교_.배너_곧종료됩니다.네고형.팝콘.확장__이유빈_260714_제과_문다현,342,14,8068.0,0
2026-07-20,(마스터ASC)[제과_블트하] 26.07_블트깡출시_ASC_전환_video,(마스터ASC)[제과_블트하] 26.07_블트깡출시_ASC_전환_video,[26.07]F_V_BT깡_전환_블트깡출시_쩜오건_대세감실체.KR1_var1.릴스_유명남돌라방.X_1P_김소희_260715_제과_문형민,9,0,101.0,0
2026-07-21,(마스터ASC)[제과_블트하] 26.07_블트깡출시_ASC_전환_video,(마스터ASC)[제과_블트하] 26.07_블트깡출시_ASC_전환_video,[26.07]F_V_BT깡_전환_블트깡출시_쩜오건_대세감실체.KR1_var1.릴스_유명남돌라방.X_1P_김소희_260715_제과_문형민,412,12,10311.0,2
2026-07-22,(마스터ASC)[제과_블트하] 26.07_블트깡출시_ASC_전환_video,(마스터ASC)[제과_블트하] 26.07_블트깡출시_ASC_전환_video,[26.07]F_V_BT깡_전환_블트깡출시_쩜오건_대세감실체.KR1_var1.릴스_유명남돌라방.X_1P_김소희_260715_제과_문형민,39,3,1377.0,1
2026-07-22,[제과_블트하] 26.07_블트깡출시_수동_전환_image_전체타겟,남편인정소비_블트깡출시 (KR1) (0728),[26.07]F_I_BT깡_전환_블트깡출시_바이럴형_KR1_.릴스_맘카페페르소나.지면테스트.재고들어왔는지.검증__김소희_260721_제과_김수정,183,3,3403.0,0
2026-07-22,[제과_블트하] 26.07_블트깡출시_수동_전환_image_전체타겟,주변인인정_블트칩출시 (KR2) (0728),[26.07]F_I_BT칩_전환_블트칩출시_혜택강조형_KR2_.배너_비싼거때려넣은.칩깡동시소구.사분할형.지면테스트..검증__김소희_260722_제과_박서연,140,7,2347.0,0
2026-07-22,[칩] (마스터ASC)[제과_블트하] 26.07_블트칩출시_ASC_전환_image,[칩] (마스터ASC)[제과_블트하] 26.07_블트칩출시_ASC_전환_image,[26.07]F_I_BT칩_전환_블트칩출시_혜택강조형_KR2_.배너_실제로갈아넣었느데딱이번주만.지면테스트..검증__김소희_260722_제과_박서연,135,3,2411.0,0
2026-07-23,(마스터ASC)[제과_블트하] 26.07_블트깡출시_ASC_전환_video,(마스터ASC)[제과_블트하] 26.07_블트깡출시_ASC_전환_video,[26.07]F_V_BT깡_전환_블트깡출시_쩜오건_대세감실체.KR1_var1.릴스_유명남돌라방.X_1P_김소희_260715_제과_문형민,36,1,1076.0,0
2026-07-23,[제과_블트하] 26.07_블트깡출시_수동_전환_image_전체타겟,남편인정소비_블트깡출시 (KR1) (0728),[26.07]F_I_BT깡_전환_블트깡출시_바이럴형_KR1_.릴스_맘카페페르소나.지면테스트.재고들어왔는지.검증__김소희_260721_제과_김수정,2,0,22.0,0
2026-07-23,[제과_블트하] 26.07_블트깡출시_수동_전환_image_전체타겟,주변인인정_블트칩출시 (KR2) (0728),[26.07]F_I_BT칩_전환_블트칩출시_혜택강조형_KR2_.배너_비싼거때려넣은.칩깡동시소구.사분할형.지면테스트..검증__김소희_260722_제과_박서연,383,6,6426.0,0
2026-07-23,[칩] (마스터ASC)[제과_블트하] 26.07_블트칩출시_ASC_전환_image,[칩] (마스터ASC)[제과_블트하] 26.07_블트칩출시_ASC_전환_image,[26.07]F_I_BT칩_전환_블트칩출시_혜택강조형_KR2_.배너_실제로갈아넣었느데딱이번주만.지면테스트..검증__김소희_260722_제과_박서연,11,1,150.0,0
2026-07-24,(마스터ASC)[제과_블트하] 26.07_블트깡출시_ASC_전환_video,(마스터ASC)[제과_블트하] 26.07_블트깡출시_ASC_전환_video,[26.07]F_V_BT깡_전환_블트깡출시_쩜오건_대세감실체.KR1_var1.릴스_유명남돌라방.X_1P_김소희_260715_제과_문형민,24,1,752.0,0
2026-07-24,[칩] (마스터ASC)[제과_블트하] 26.07_블트칩출시_ASC_전환_image,[칩] (마스터ASC)[제과_블트하] 26.07_블트칩출시_ASC_전환_image,[26.07]F_I_BT칩_전환_블트칩출시_혜택강조형_KR2_.배너_실제로갈아넣었느데딱이번주만.지면테스트..검증__김소희_260722_제과_박서연,1,0,20.0,0
2026-07-25,(마스터ASC)[제과_블트하] 26.07_블트깡출시_ASC_전환_video,(마스터ASC)[제과_블트하] 26.07_블트깡출시_ASC_전환_video,[26.07]F_V_BT깡_전환_블트깡출시_쩜오건_대세감실체.KR1_var1.릴스_유명남돌라방.X_1P_김소희_260715_제과_문형민,11,0,383.0,0
2026-07-27,(마스터ASC)[제과_블트하] 26.07_블트깡출시_ASC_전환_video,(마스터ASC)[제과_블트하] 26.07_블트깡출시_ASC_전환_video,[26.07]F_V_BT깡_전환_블트깡출시_쩜오건_대세감실체.KR1_var1.릴스_유명남돌라방.X_1P_김소희_260715_제과_문형민,2,0,43.0,0
2026-07-27,[제과_블트하] 26.07_블트깡출시_수동_전환_image_전체타겟,[혼합] 남편상황연출_블트칩출시 (KR1) (0727),[26.07]F_I_BT칩_전환_블트칩출시_바이럴형_KR1_.피드_남편인정.캠핑.확장__김소희_260727_제과_김수정,143,2,3330.0,0
2026-07-28,(마스터ASC)[제과_블트하] 26.07_블트깡출시_ASC_전환_video,(마스터ASC)[제과_블트하] 26.07_블트깡출시_ASC_전환_video,[26.07]F_V_BT깡_전환_블트깡출시_쩜오건_대세감실체.KR1_var1.릴스_유명남돌라방.X_1P_김소희_260715_제과_문형민,6,0,182.0,0
2026-07-28,[제과_블트하] 26.07_블트깡출시_수동_전환_image_전체타겟,[혼합] 남편상황연출_블트칩출시 (KR1) (0727),[26.07]F_I_BT칩_전환_블트칩출시_바이럴형_KR1_.피드_남편인정.캠핑.확장__김소희_260727_제과_김수정,197,0,2300.0,0
2026-07-01,[콘스프맛 팝콘] 26.05_콘스프맛팝콘출시_ASC_전환_image (old),[콘스프맛 팝콘] 26.05_콘스프맛팝콘출시_ASC_전환_image (old),[26.06]F_I_PC혼_전환_팝콘더블특가_매거진형_다이어트_.배너_관리할때.과자양적음.감질맛.답답.인플루언서.AI.__김소희_260625_제과_문다현,344,3,8615.0,0
2026-07-02,[콘스프맛 팝콘] 26.05_콘스프맛팝콘출시_ASC_전환_image (old),[콘스프맛 팝콘] 26.05_콘스프맛팝콘출시_ASC_전환_image (old),[26.06]F_I_PC혼_전환_팝콘더블특가_매거진형_다이어트_.배너_관리할때.과자양적음.감질맛.답답.인플루언서.AI.__김소희_260625_제과_문다현,7,0,193.0,0
2026-07-10,[제과_단쉐_990] 26.07_깜짝990딜_ASC_전환_video,[제과_단쉐_990] 26.07_깜짝990딜_ASC_전환_video,[26.07]F_V_SK혼_전환_단쉐990원_원데이건_캡컷_var2.릴스_다이소사람.X_2P_이유빈_260710_제과_이미진,80,4,1253.0,0
2026-07-11,[제과_단쉐_990] 26.07_깜짝990딜_ASC_전환_video,[제과_단쉐_990] 26.07_깜짝990딜_ASC_전환_video,[26.07]F_V_SK혼_전환_단쉐990원_원데이건_캡컷_var2.릴스_다이소사람.X_2P_이유빈_260710_제과_이미진,895,33,9187.0,0
2026-07-14,[제과_단백질 쉐이크] 26.06_단백질쉐이크출시_수동_전환_image,최저가비교_0713,[26.07]F_I_SK초_전환_단백질쉐이크출시_혜택강조형_개당최저가비교_.배너_사진비교.다이소급으로싼.타사.확장__이유빈_260713_제과_문다현,121,2,2780.0,0
2026-07-15,[제과_단백질 쉐이크] 26.06_단백질쉐이크출시_수동_전환_image,최저가비교_0713,[26.07]F_I_SK초_전환_단백질쉐이크출시_혜택강조형_개당최저가비교_.배너_사진비교.다이소급으로싼.타사.확장__이유빈_260713_제과_문다현,33,0,626.0,0
2026-07-16,[제과_단백질 쉐이크] 26.06_단백질쉐이크출시_수동_전환_image,최저가비교_0713,[26.07]F_I_SK초_전환_단백질쉐이크출시_혜택강조형_개당최저가비교_.배너_사진비교.다이소급으로싼.타사.확장__이유빈_260713_제과_문다현,4,0,32.0,0
2026-07-17,(마스터ASC)[제과_블트하] 26.07_블트깡출시_ASC_전환_image,(마스터ASC)[제과_블트하] 26.07_블트깡출시_ASC_전환_image,[26.07]F_I_BT깡_전환_블트깡출시_바이럴형_KR1_.배너_3040소비상황.원재료깐깐하게따지는.검증__김소희_260716_제과_김수정,2637,73,33932.0,9
2026-07-18,(마스터ASC)[제과_블트하] 26.07_블트깡출시_ASC_전환_image,(마스터ASC)[제과_블트하] 26.07_블트깡출시_ASC_전환_image,[26.07]F_I_BT깡_전환_블트깡출시_바이럴형_KR1_.배너_3040소비상황.원재료깐깐하게따지는.검증__김소희_260716_제과_김수정,1783,56,25331.0,6
2026-07-19,(마스터ASC)[제과_블트하] 26.07_블트깡출시_ASC_전환_image,(마스터ASC)[제과_블트하] 26.07_블트깡출시_ASC_전환_image,[26.07]F_I_BT깡_전환_블트깡출시_바이럴형_KR1_.배너_3040소비상황.원재료깐깐하게따지는.검증__김소희_260716_제과_김수정,7283,240,106589.0,32
2026-07-20,(마스터ASC)[제과_블트하] 26.07_블트깡출시_ASC_전환_image,(마스터ASC)[제과_블트하] 26.07_블트깡출시_ASC_전환_image,[26.07]F_I_BT깡_전환_블트깡출시_바이럴형_KR1_.배너_3040소비상황.원재료깐깐하게따지는.검증__김소희_260716_제과_김수정,3161,80,40122.0,6
2026-07-21,(마스터ASC)[제과_블트하] 26.07_블트깡출시_ASC_전환_image,(마스터ASC)[제과_블트하] 26.07_블트깡출시_ASC_전환_image,[26.07]F_I_BT깡_전환_블트깡출시_바이럴형_KR1_.배너_3040소비상황.원재료깐깐하게따지는.검증__김소희_260716_제과_김수정,646,22,9478.0,1
2026-07-21,(마스터ASC)[제과_콘스프맛 팝콘] 26.05_콘스프맛팝콘출시_ASC_전환_video,(마스터ASC)[콘스프맛 팝콘] 26.05_콘스프맛팝콘출시_ASC_전환_video,[26.07]F_V_PC콘_전환_콘스프맛팝콘출시_네고형_책상지인네고형_var3.릴스_공통부터.X_2P_이유빈_260721_제과_이미진,461,7,6702.0,0
2026-07-22,(마스터ASC)[제과_콘스프맛 팝콘] 26.05_콘스프맛팝콘출시_ASC_전환_video,(마스터ASC)[콘스프맛 팝콘] 26.05_콘스프맛팝콘출시_ASC_전환_video,[26.07]F_V_PC콘_전환_콘스프맛팝콘출시_네고형_책상지인네고형_var3.릴스_공통부터.X_2P_이유빈_260721_제과_이미진,675,13,12073.0,5
2026-07-23,(마스터ASC)[제과_콘스프맛 팝콘] 26.05_콘스프맛팝콘출시_ASC_전환_video,(마스터ASC)[콘스프맛 팝콘] 26.05_콘스프맛팝콘출시_ASC_전환_video,[26.07]F_V_PC콘_전환_콘스프맛팝콘출시_네고형_책상지인네고형_var3.릴스_공통부터.X_2P_이유빈_260721_제과_이미진,1006,17,17489.0,4
2026-07-23,[제과_블트하] 26.07_블트깡출시_수동_전환_image_전체타겟,(칩)맘카페캐러셀_블트칩출시 (KR1),[26.07]F_I_BT칩_전환_블트칩출시_매거진형_KR1_.배너_맘카페대란템트러플하몽칩.노랑텍스트..확장__김소희_260722_제과_박서연,83,2,1078.0,0
2026-07-24,(마스터ASC)[제과_콘스프맛 팝콘] 26.05_콘스프맛팝콘출시_ASC_전환_video,(마스터ASC)[콘스프맛 팝콘] 26.05_콘스프맛팝콘출시_ASC_전환_video,[26.07]F_V_PC콘_전환_콘스프맛팝콘출시_네고형_책상지인네고형_var3.릴스_공통부터.X_2P_이유빈_260721_제과_이미진,27,0,427.0,0
2026-07-24,[제과_블트하] 26.07_블트깡출시_수동_전환_image_전체타겟,(칩)맘카페캐러셀_블트칩출시 (KR1),[26.07]F_I_BT칩_전환_블트칩출시_매거진형_KR1_.배너_맘카페대란템트러플하몽칩.노랑텍스트..확장__김소희_260722_제과_박서연,6,0,60.0,0
2026-07-25,(마스터ASC)[제과_콘스프맛 팝콘] 26.05_콘스프맛팝콘출시_ASC_전환_video,(마스터ASC)[콘스프맛 팝콘] 26.05_콘스프맛팝콘출시_ASC_전환_video,[26.07]F_V_PC콘_전환_콘스프맛팝콘출시_네고형_책상지인네고형_var3.릴스_공통부터.X_2P_이유빈_260721_제과_이미진,69,0,742.0,0
2026-07-25,[제과_블트하] 26.07_블트깡출시_수동_전환_image_전체타겟,(칩)맘카페캐러셀_블트칩출시 (KR1),[26.07]F_I_BT칩_전환_블트칩출시_매거진형_KR1_.배너_맘카페대란템트러플하몽칩.노랑텍스트..확장__김소희_260722_제과_박서연,20,1,382.0,0
2026-07-26,(마스터ASC)[제과_콘스프맛 팝콘] 26.05_콘스프맛팝콘출시_ASC_전환_video,(마스터ASC)[콘스프맛 팝콘] 26.05_콘스프맛팝콘출시_ASC_전환_video,[26.07]F_V_PC콘_전환_콘스프맛팝콘출시_네고형_책상지인네고형_var3.릴스_공통부터.X_2P_이유빈_260721_제과_이미진,1,0,18.0,0
2026-07-27,(마스터ASC)[제과_콘스프맛 팝콘] 26.05_콘스프맛팝콘출시_ASC_전환_video,(마스터ASC)[콘스프맛 팝콘] 26.05_콘스프맛팝콘출시_ASC_전환_video,[26.07]F_V_PC콘_전환_콘스프맛팝콘출시_네고형_책상지인네고형_var3.릴스_공통부터.X_2P_이유빈_260721_제과_이미진,1,0,8.0,0
2026-07-27,[칩] (마스터ASC)[제과_블트하] 26.07_블트칩출시_ASC_전환_image,[칩] (마스터ASC)[제과_블트하] 26.07_블트칩출시_ASC_전환_image,[26.07]F_I_BT깡_전환_블트깡출시_바이럴형_KR1_.피드_남편인정.육퇴.확장__김소희_260727_제과_김수정,9,0,181.0,0
2026-07-28,(마스터ASC)[제과_콘스프맛 팝콘] 26.05_콘스프맛팝콘출시_ASC_전환_video,(마스터ASC)[콘스프맛 팝콘] 26.05_콘스프맛팝콘출시_ASC_전환_video,[26.07]F_V_PC콘_전환_콘스프맛팝콘출시_네고형_책상지인네고형_var3.릴스_공통부터.X_2P_이유빈_260721_제과_이미진,3,0,50.0,0
2026-07-28,[칩] (마스터ASC)[제과_블트하] 26.07_블트칩출시_ASC_전환_image,[칩] (마스터ASC)[제과_블트하] 26.07_블트칩출시_ASC_전환_image,[26.07]F_I_BT깡_전환_블트깡출시_바이럴형_KR1_.피드_남편인정.육퇴.확장__김소희_260727_제과_김수정,25,2,449.0,0
2026-07-02,(미사용) [제과_단백질 쉐이크] 26.06_단백질쉐이크출시_ASC_전환_image,[제과_단백질 쉐이크] 26.06_단백질쉐이크출시_ASC_전환_image,[26.07]F_I_SK초_전환_단백질쉐이크출시_혜택강조형_가격메리트_.배너_가성비페인포인트.씹는맛이영식감부자.확장__이유빈_260702_제과_김수정,1,0,78.0,0
2026-07-03,(미사용) [제과_단백질 쉐이크] 26.06_단백질쉐이크출시_ASC_전환_image,[제과_단백질 쉐이크] 26.06_단백질쉐이크출시_ASC_전환_image,[26.07]F_I_SK초_전환_단백질쉐이크출시_혜택강조형_가격메리트_.배너_가성비페인포인트.씹는맛이영식감부자.확장__이유빈_260702_제과_김수정,1,0,12.0,0
2026-07-04,(미사용) [제과_단백질 쉐이크] 26.06_단백질쉐이크출시_ASC_전환_image,[제과_단백질 쉐이크] 26.06_단백질쉐이크출시_ASC_전환_image,[26.07]F_I_SK초_전환_단백질쉐이크출시_혜택강조형_가격메리트_.배너_가성비페인포인트.씹는맛이영식감부자.확장__이유빈_260702_제과_김수정,4,0,134.0,0
2026-07-07,(미사용) [제과_단백질 쉐이크] 26.06_단백질쉐이크출시_ASC_전환_image,[제과_단백질 쉐이크] 26.06_단백질쉐이크출시_ASC_전환_image,[26.07]F_I_SK초_전환_단백질쉐이크출시_혜택강조형_가격메리트_.배너_가성비페인포인트.씹는맛이영식감부자.확장__이유빈_260702_제과_김수정,17,0,451.0,0
2026-07-08,(미사용) [제과_단백질 쉐이크] 26.06_단백질쉐이크출시_ASC_전환_image,[제과_단백질 쉐이크] 26.06_단백질쉐이크출시_ASC_전환_image,[26.07]F_I_SK초_전환_단백질쉐이크출시_혜택강조형_가격메리트_.배너_가성비페인포인트.씹는맛이영식감부자.확장__이유빈_260702_제과_김수정,5,0,55.0,0
2026-07-09,(미사용) [제과_단백질 쉐이크] 26.06_단백질쉐이크출시_ASC_전환_image,[제과_단백질 쉐이크] 26.06_단백질쉐이크출시_ASC_전환_image,[26.07]F_I_SK초_전환_단백질쉐이크출시_혜택강조형_가격메리트_.배너_가성비페인포인트.씹는맛이영식감부자.확장__이유빈_260702_제과_김수정,40,1,1134.0,0
2026-07-09,[제과_콘스프맛 팝콘] 26.05_콘스프맛팝콘출시_수동_전환_image,속세맛간식공감_콘스프맛팝콘_상시,[26.07]F_I_PC혼_전환_상시_매거진형_다이어트_.배너_강박감완화페인포인트.몸무게앞자리.불안.다먹어도당당.검증__김소희_260708_제과_문다현,341,6,7812.0,1
2026-07-10,[제과_콘스프맛 팝콘] 26.05_콘스프맛팝콘출시_수동_전환_image,속세맛간식공감_콘스프맛팝콘_상시,[26.07]F_I_PC혼_전환_콘스프맛팝콘출시_혜택강조형__.배너_개당1천원대.계단형.마감전까지만.12900.확장__김소희_260710_제과_문다현,4464,95,67087.0,11
2026-07-13,(마스터2) [제과_단백질 쉐이크] 26.07_단백질쉐이크출시_ASC_전환_image,(마스터2) [제과_단백질 쉐이크] 26.07_단백질쉐이크출시_ASC_전환_image,[26.07]F_I_SK곡_전환_단백질쉐이크출시_매거진형_개당최저가비교_.배너_토핑계속씹히는얼음동동.확장__이유빈_260713_제과_문다현,216,5,5433.0,0
2026-07-14,(마스터2) [제과_단백질 쉐이크] 26.07_단백질쉐이크출시_ASC_전환_image,(마스터2) [제과_단백질 쉐이크] 26.07_단백질쉐이크출시_ASC_전환_image,[26.07]F_I_SK곡_전환_단백질쉐이크출시_매거진형_개당최저가비교_.배너_토핑계속씹히는얼음동동.확장__이유빈_260713_제과_문다현,396,14,10353.0,3
2026-07-15,(마스터2) [제과_단백질 쉐이크] 26.07_단백질쉐이크출시_ASC_전환_image,(마스터2) [제과_단백질 쉐이크] 26.07_단백질쉐이크출시_ASC_전환_image,[26.07]F_I_SK곡_전환_단백질쉐이크출시_매거진형_개당최저가비교_.배너_토핑계속씹히는얼음동동.확장__이유빈_260713_제과_문다현,51,1,1121.0,0
2026-07-16,(마스터2) [제과_단백질 쉐이크] 26.07_단백질쉐이크출시_ASC_전환_image,(마스터2) [제과_단백질 쉐이크] 26.07_단백질쉐이크출시_ASC_전환_image,[26.07]F_I_SK곡_전환_단백질쉐이크출시_매거진형_개당최저가비교_.배너_토핑계속씹히는얼음동동.확장__이유빈_260713_제과_문다현,13,0,279.0,0
2026-07-21,[제과_블트하] 26.07_블트깡출시_수동_전환_image_전체타겟,맘카페페르소나_블트깡출시 (KR1),[26.07]F_I_BT깡_전환_블트깡출시_바이럴형_KR1_.배너_맘카페.중국산강조.검증__김소희_260720_제과_박지현,1658,49,28419.0,7
2026-07-21,(마스터ASC)[제과_블트하] 26.07_블트깡출시_ASC_전환_video,(마스터ASC)[제과_블트하] 26.07_블트깡출시_ASC_전환_video,[26.07]F_V_BT깡_전환_블트깡출시_인물리뷰형_맥주BP.KR1_var3.릴스_취식.슬기.X_1P_최나영_260721_제과_피재은,202,7,4302.0,4
2026-07-22,[제과_블트하] 26.07_블트깡출시_수동_전환_image_전체타겟,맘카페페르소나_블트깡출시 (KR1),[26.07]F_I_BT깡_전환_블트깡출시_바이럴형_KR1_.배너_맘카페.중국산강조.검증__김소희_260720_제과_박지현,2319,76,39813.0,8
2026-07-22,(마스터ASC)[제과_블트하] 26.07_블트깡출시_ASC_전환_video,(마스터ASC)[제과_블트하] 26.07_블트깡출시_ASC_전환_video,[26.07]F_V_BT깡_전환_블트깡출시_인물리뷰형_맥주BP.KR1_var3.릴스_취식.슬기.X_1P_최나영_260721_제과_피재은,36,1,665.0,1
2026-07-23,(마스터ASC)[제과_블트하] 26.07_블트깡출시_ASC_전환_video,(마스터ASC)[제과_블트하] 26.07_블트깡출시_ASC_전환_video,[26.07]F_V_BT깡_전환_블트깡출시_인물리뷰형_맥주BP.KR1_var3.릴스_취식.슬기.X_1P_최나영_260721_제과_피재은,70,1,1511.0,0
2026-07-01,[제과_단백질 쉐이크] 26.06_단백질쉐이크출시_ASC_전환_video,[제과_단백질 쉐이크] 26.06_단백질쉐이크출시_ASC_전환_video,[26.06]F_V_SK곡_전환_단백질쉐이크출시_신규BP_개당가메리트.재편집_var4.릴스_뭐먹을지모르겠다.X_2P_이유빈_260629_제과_이미진,1430,18,25923.0,2
2026-07-01,(미사용) [제과_단백질 쉐이크] 26.06_단백질쉐이크출시_ASC_전환_image,[제과_단백질 쉐이크] 26.06_단백질쉐이크출시_ASC_전환_image,[26.06]F_I_SK곡_전환_단백질쉐이크출시_제품강조형_라라권위_.배너_26%압도적토핑량.가격비교O.__이유빈_260701_제과_문다현,124,2,3325.0,0
2026-07-02,(미사용) [제과_단백질 쉐이크] 26.06_단백질쉐이크출시_ASC_전환_image,[제과_단백질 쉐이크] 26.06_단백질쉐이크출시_ASC_전환_image,[26.06]F_I_SK곡_전환_단백질쉐이크출시_제품강조형_라라권위_.배너_26%압도적토핑량.가격비교O.__이유빈_260701_제과_문다현,5,0,147.0,0
2026-07-02,(마스터ASC)[제과_콘스프맛 팝콘] 26.05_콘스프맛팝콘출시_ASC_전환_video,(마스터ASC)[콘스프맛 팝콘] 26.05_콘스프맛팝콘출시_ASC_전환_video,[26.07]F_V_PC콘_전환_팝콘할인페스타_네고형_공구네고형.다이어트_var5.릴스_BP그대로.슬기.X_1P_김소희_260702_제과_강경연,337,10,7485.0,4
2026-07-02,(미사용) [제과_단백질 쉐이크] 26.06_단백질쉐이크출시_ASC_전환_image,[제과_단백질 쉐이크] 26.06_단백질쉐이크출시_ASC_전환_image,[26.07]F_I_SK초_전환_단백질쉐이크출시_혜택강조형_가격메리트_.배너_코코볼.2배찐한.확장__이유빈_260702_제과_김수정,11,0,162.0,0
2026-07-03,(미사용) [제과_단백질 쉐이크] 26.06_단백질쉐이크출시_ASC_전환_image,[제과_단백질 쉐이크] 26.06_단백질쉐이크출시_ASC_전환_image,[26.06]F_I_SK곡_전환_단백질쉐이크출시_제품강조형_라라권위_.배너_26%압도적토핑량.가격비교O.__이유빈_260701_제과_문다현,1,0,9.0,0
2026-07-03,(마스터ASC)[제과_콘스프맛 팝콘] 26.05_콘스프맛팝콘출시_ASC_전환_video,(마스터ASC)[콘스프맛 팝콘] 26.05_콘스프맛팝콘출시_ASC_전환_video,[26.07]F_V_PC콘_전환_팝콘할인페스타_네고형_공구네고형.다이어트_var5.릴스_BP그대로.슬기.X_1P_김소희_260702_제과_강경연,51,1,1395.0,0
2026-07-03,(미사용) [제과_단백질 쉐이크] 26.06_단백질쉐이크출시_ASC_전환_image,[제과_단백질 쉐이크] 26.06_단백질쉐이크출시_ASC_전환_image,[26.07]F_I_SK초_전환_단백질쉐이크출시_혜택강조형_가격메리트_.배너_코코볼.2배찐한.확장__이유빈_260702_제과_김수정,10,0,155.0,0
2026-07-04,(마스터ASC)[제과_콘스프맛 팝콘] 26.05_콘스프맛팝콘출시_ASC_전환_video,(마스터ASC)[콘스프맛 팝콘] 26.05_콘스프맛팝콘출시_ASC_전환_video,[26.07]F_V_PC콘_전환_팝콘할인페스타_네고형_공구네고형.다이어트_var5.릴스_BP그대로.슬기.X_1P_김소희_260702_제과_강경연,15,0,233.0,0
2026-07-04,(미사용) [제과_단백질 쉐이크] 26.06_단백질쉐이크출시_ASC_전환_image,[제과_단백질 쉐이크] 26.06_단백질쉐이크출시_ASC_전환_image,[26.07]F_I_SK초_전환_단백질쉐이크출시_혜택강조형_가격메리트_.배너_코코볼.2배찐한.확장__이유빈_260702_제과_김수정,126,2,2899.0,0
2026-07-05,(미사용) [제과_단백질 쉐이크] 26.06_단백질쉐이크출시_ASC_전환_image,[제과_단백질 쉐이크] 26.06_단백질쉐이크출시_ASC_전환_image,[26.07]F_I_SK초_전환_단백질쉐이크출시_혜택강조형_가격메리트_.배너_코코볼.2배찐한.확장__이유빈_260702_제과_김수정,27,0,535.0,0
2026-07-06,(마스터ASC)[제과_콘스프맛 팝콘] 26.05_콘스프맛팝콘출시_ASC_전환_video,(마스터ASC)[콘스프맛 팝콘] 26.05_콘스프맛팝콘출시_ASC_전환_video,[26.07]F_V_PC콘_전환_팝콘할인페스타_네고형_공구네고형.다이어트_var5.릴스_BP그대로.슬기.X_1P_김소희_260702_제과_강경연,2,0,42.0,0
2026-07-06,(미사용) [제과_단백질 쉐이크] 26.06_단백질쉐이크출시_ASC_전환_image,[제과_단백질 쉐이크] 26.06_단백질쉐이크출시_ASC_전환_image,[26.07]F_I_SK초_전환_단백질쉐이크출시_혜택강조형_가격메리트_.배너_코코볼.2배찐한.확장__이유빈_260702_제과_김수정,12,0,348.0,0
2026-07-07,(미사용) [제과_단백질 쉐이크] 26.06_단백질쉐이크출시_ASC_전환_image,[제과_단백질 쉐이크] 26.06_단백질쉐이크출시_ASC_전환_image,[26.06]F_I_SK곡_전환_단백질쉐이크출시_제품강조형_라라권위_.배너_26%압도적토핑량.가격비교O.__이유빈_260701_제과_문다현,2,0,67.0,0
2026-07-07,(미사용) [제과_단백질 쉐이크] 26.06_단백질쉐이크출시_ASC_전환_image,[제과_단백질 쉐이크] 26.06_단백질쉐이크출시_ASC_전환_image,[26.07]F_I_SK초_전환_단백질쉐이크출시_혜택강조형_가격메리트_.배너_코코볼.2배찐한.확장__이유빈_260702_제과_김수정,7,0,109.0,0
2026-07-07,(마스터2) [제과_단백질 쉐이크] 26.07_단백질쉐이크출시_ASC_전환_image,(마스터2) [제과_단백질 쉐이크] 26.07_단백질쉐이크출시_ASC_전환_image,[26.07]F_I_SK혼_전환_단백질쉐이크출시_혜택강조형_파우치.개당가강조_.배너_특정시점.대형할인급.네고왕기다릴필요.확장__이유빈_260707_제과_김수정,89,3,2626.0,0
2026-07-08,(미사용) [제과_단백질 쉐이크] 26.06_단백질쉐이크출시_ASC_전환_image,[제과_단백질 쉐이크] 26.06_단백질쉐이크출시_ASC_전환_image,[26.06]F_I_SK곡_전환_단백질쉐이크출시_제품강조형_라라권위_.배너_26%압도적토핑량.가격비교O.__이유빈_260701_제과_문다현,305,5,6314.0,0
2026-07-08,(미사용) [제과_단백질 쉐이크] 26.06_단백질쉐이크출시_ASC_전환_image,[제과_단백질 쉐이크] 26.06_단백질쉐이크출시_ASC_전환_image,[26.07]F_I_SK초_전환_단백질쉐이크출시_혜택강조형_가격메리트_.배너_코코볼.2배찐한.확장__이유빈_260702_제과_김수정,9,0,138.0,0
2026-07-08,(마스터2) [제과_단백질 쉐이크] 26.07_단백질쉐이크출시_ASC_전환_image,(마스터2) [제과_단백질 쉐이크] 26.07_단백질쉐이크출시_ASC_전환_image,[26.07]F_I_SK혼_전환_단백질쉐이크출시_혜택강조형_파우치.개당가강조_.배너_특정시점.대형할인급.네고왕기다릴필요.확장__이유빈_260707_제과_김수정,125,1,3506.0,0
2026-07-09,(미사용) [제과_단백질 쉐이크] 26.06_단백질쉐이크출시_ASC_전환_image,[제과_단백질 쉐이크] 26.06_단백질쉐이크출시_ASC_전환_image,[26.06]F_I_SK곡_전환_단백질쉐이크출시_제품강조형_라라권위_.배너_26%압도적토핑량.가격비교O.__이유빈_260701_제과_문다현,2298,42,58139.0,9
2026-07-09,(마스터ASC)[제과_콘스프맛 팝콘] 26.05_콘스프맛팝콘출시_ASC_전환_video,(마스터ASC)[콘스프맛 팝콘] 26.05_콘스프맛팝콘출시_ASC_전환_video,[26.07]F_V_PC콘_전환_팝콘할인페스타_네고형_공구네고형.다이어트_var5.릴스_BP그대로.슬기.X_1P_김소희_260702_제과_강경연,50,2,877.0,0
2026-07-09,(미사용) [제과_단백질 쉐이크] 26.06_단백질쉐이크출시_ASC_전환_image,[제과_단백질 쉐이크] 26.06_단백질쉐이크출시_ASC_전환_image,[26.07]F_I_SK초_전환_단백질쉐이크출시_혜택강조형_가격메리트_.배너_코코볼.2배찐한.확장__이유빈_260702_제과_김수정,8,0,253.0,0
2026-07-09,(마스터2) [제과_단백질 쉐이크] 26.07_단백질쉐이크출시_ASC_전환_image,(마스터2) [제과_단백질 쉐이크] 26.07_단백질쉐이크출시_ASC_전환_image,[26.07]F_I_SK혼_전환_단백질쉐이크출시_혜택강조형_파우치.개당가강조_.배너_특정시점.대형할인급.네고왕기다릴필요.확장__이유빈_260707_제과_김수정,47,3,1581.0,1
2026-07-09,(마스터2) [제과_단백질 쉐이크] 26.07_단백질쉐이크출시_ASC_전환_image,(마스터2) [제과_단백질 쉐이크] 26.07_단백질쉐이크출시_ASC_전환_image,[26.07]F_I_SK혼_전환_단백질쉐이크출시_혜택강조형_파우치.개당가강조_.배너_대용량1개살돈으로무제한.외파우치같이.확장__고민지_260708_제과_김수정,295,6,8426.0,0
2026-07-10,(마스터ASC)[제과_콘스프맛 팝콘] 26.05_콘스프맛팝콘출시_ASC_전환_video,(마스터ASC)[콘스프맛 팝콘] 26.05_콘스프맛팝콘출시_ASC_전환_video,[26.07]F_V_PC콘_전환_팝콘할인페스타_네고형_공구네고형.다이어트_var5.릴스_BP그대로.슬기.X_1P_김소희_260702_제과_강경연,2,0,41.0,0
2026-07-10,(마스터2) [제과_단백질 쉐이크] 26.07_단백질쉐이크출시_ASC_전환_image,(마스터2) [제과_단백질 쉐이크] 26.07_단백질쉐이크출시_ASC_전환_image,[26.07]F_I_SK혼_전환_단백질쉐이크출시_혜택강조형_파우치.개당가강조_.배너_특정시점.대형할인급.네고왕기다릴필요.확장__이유빈_260707_제과_김수정,25,0,519.0,0
2026-07-11,(마스터ASC)[제과_콘스프맛 팝콘] 26.05_콘스프맛팝콘출시_ASC_전환_video,(마스터ASC)[콘스프맛 팝콘] 26.05_콘스프맛팝콘출시_ASC_전환_video,[26.07]F_V_PC콘_전환_팝콘할인페스타_네고형_공구네고형.다이어트_var5.릴스_BP그대로.슬기.X_1P_김소희_260702_제과_강경연,3,0,69.0,0
2026-07-12,(마스터2) [제과_단백질 쉐이크] 26.07_단백질쉐이크출시_ASC_전환_image,(마스터2) [제과_단백질 쉐이크] 26.07_단백질쉐이크출시_ASC_전환_image,[26.07]F_I_SK혼_전환_단백질쉐이크출시_혜택강조형_파우치.개당가강조_.배너_특정시점.대형할인급.네고왕기다릴필요.확장__이유빈_260707_제과_김수정,11,0,230.0,0
2026-07-14,(마스터2) [제과_단백질 쉐이크] 26.07_단백질쉐이크출시_ASC_전환_image,(마스터2) [제과_단백질 쉐이크] 26.07_단백질쉐이크출시_ASC_전환_image,[26.07]F_I_SK혼_전환_단백질쉐이크출시_혜택강조형_파우치.개당가강조_.배너_특정시점.대형할인급.네고왕기다릴필요.확장__이유빈_260707_제과_김수정,1,0,4.0,0
2026-07-16,(마스터ASC)[제과_콘스프맛 팝콘] 26.05_콘스프맛팝콘출시_ASC_전환_video,(마스터ASC)[콘스프맛 팝콘] 26.05_콘스프맛팝콘출시_ASC_전환_video,[26.07]F_V_PC콘_전환_팝콘할인페스타_네고형_공구네고형.다이어트_var5.릴스_BP그대로.슬기.X_1P_김소희_260702_제과_강경연,1194,22,20916.0,0
2026-07-17,(마스터ASC)[제과_콘스프맛 팝콘] 26.05_콘스프맛팝콘출시_ASC_전환_video,(마스터ASC)[콘스프맛 팝콘] 26.05_콘스프맛팝콘출시_ASC_전환_video,[26.07]F_V_PC콘_전환_팝콘할인페스타_네고형_공구네고형.다이어트_var5.릴스_BP그대로.슬기.X_1P_김소희_260702_제과_강경연,145,4,2894.0,1
2026-07-17,(마스터2) [제과_단백질 쉐이크] 26.07_단백질쉐이크출시_ASC_전환_image,(마스터2) [제과_단백질 쉐이크] 26.07_단백질쉐이크출시_ASC_전환_image,[26.07]F_I_SK혼_전환_단백질쉐이크출시_혜택강조형_파우치.개당가강조_.배너_특정시점.대형할인급.네고왕기다릴필요.확장__이유빈_260707_제과_김수정,39,2,1375.0,2
2026-07-18,(마스터ASC)[제과_콘스프맛 팝콘] 26.05_콘스프맛팝콘출시_ASC_전환_video,(마스터ASC)[콘스프맛 팝콘] 26.05_콘스프맛팝콘출시_ASC_전환_video,[26.07]F_V_PC콘_전환_팝콘할인페스타_네고형_공구네고형.다이어트_var5.릴스_BP그대로.슬기.X_1P_김소희_260702_제과_강경연,9,0,228.0,0
2026-07-19,(마스터ASC)[제과_콘스프맛 팝콘] 26.05_콘스프맛팝콘출시_ASC_전환_video,(마스터ASC)[콘스프맛 팝콘] 26.05_콘스프맛팝콘출시_ASC_전환_video,[26.07]F_V_PC콘_전환_팝콘할인페스타_네고형_공구네고형.다이어트_var5.릴스_BP그대로.슬기.X_1P_김소희_260702_제과_강경연,8,0,266.0,0
2026-07-19,(마스터2) [제과_단백질 쉐이크] 26.07_단백질쉐이크출시_ASC_전환_image,(마스터2) [제과_단백질 쉐이크] 26.07_단백질쉐이크출시_ASC_전환_image,[26.07]F_I_SK혼_전환_단백질쉐이크출시_혜택강조형_파우치.개당가강조_.배너_특정시점.대형할인급.네고왕기다릴필요.확장__이유빈_260707_제과_김수정,238,6,4554.0,0
2026-07-20,(마스터ASC)[제과_콘스프맛 팝콘] 26.05_콘스프맛팝콘출시_ASC_전환_video,(마스터ASC)[콘스프맛 팝콘] 26.05_콘스프맛팝콘출시_ASC_전환_video,[26.07]F_V_PC콘_전환_팝콘할인페스타_네고형_공구네고형.다이어트_var5.릴스_BP그대로.슬기.X_1P_김소희_260702_제과_강경연,29,2,968.0,0
2026-07-20,(마스터2) [제과_단백질 쉐이크] 26.07_단백질쉐이크출시_ASC_전환_image,(마스터2) [제과_단백질 쉐이크] 26.07_단백질쉐이크출시_ASC_전환_image,[26.07]F_I_SK혼_전환_단백질쉐이크출시_혜택강조형_파우치.개당가강조_.배너_특정시점.대형할인급.네고왕기다릴필요.확장__이유빈_260707_제과_김수정,1726,42,27413.0,1
2026-07-21,(마스터2) [제과_단백질 쉐이크] 26.07_단백질쉐이크출시_ASC_전환_image,(마스터2) [제과_단백질 쉐이크] 26.07_단백질쉐이크출시_ASC_전환_image,[26.07]F_I_SK혼_전환_단백질쉐이크출시_혜택강조형_파우치.개당가강조_.배너_특정시점.대형할인급.네고왕기다릴필요.확장__이유빈_260707_제과_김수정,471,14,11618.0,2
2026-07-23,[제과_블트하] 26.07_블트깡출시_수동_전환_image_전체타겟,(칩)맘카페캐러셀_블트칩출시 (KR1),[26.07]F_I_BT칩_전환_블트칩출시_매거진형_KR1_.배너_맘카페에서대유행중인.민트텍스트..확장__김소희_260722_제과_박서연,207,6,3565.0,0
2026-07-24,(마스터ASC)[제과_콘스프맛 팝콘] 26.05_콘스프맛팝콘출시_ASC_전환_video,(마스터ASC)[콘스프맛 팝콘] 26.05_콘스프맛팝콘출시_ASC_전환_video,[26.07]F_V_PC콘_전환_팝콘할인페스타_네고형_공구네고형.다이어트_var5.릴스_BP그대로.슬기.X_1P_김소희_260702_제과_강경연,259,8,3789.0,2
2026-07-24,[제과_블트하] 26.07_블트깡출시_수동_전환_image_전체타겟,(칩)맘카페캐러셀_블트칩출시 (KR1),[26.07]F_I_BT칩_전환_블트칩출시_매거진형_KR1_.배너_맘카페에서대유행중인.민트텍스트..확장__김소희_260722_제과_박서연,14,1,409.0,0
2026-07-24,[제과_블트하] 26.07_블트깡출시_수동_전환_image_전체타겟,(칩) 상황연출_호기심유발_블트칩출시(릴스형) (KR2),[26.07]F_I_BT칩_전환_블트칩출시_혜택강조형_KR2_.릴스_상황연출.야구장.확장__김소희_260724_제과_박서연,73,3,857.0,1
2026-07-25,(마스터ASC)[제과_콘스프맛 팝콘] 26.05_콘스프맛팝콘출시_ASC_전환_video,(마스터ASC)[콘스프맛 팝콘] 26.05_콘스프맛팝콘출시_ASC_전환_video,[26.07]F_V_PC콘_전환_팝콘할인페스타_네고형_공구네고형.다이어트_var5.릴스_BP그대로.슬기.X_1P_김소희_260702_제과_강경연,21,0,252.0,0
2026-07-25,[제과_블트하] 26.07_블트깡출시_수동_전환_image_전체타겟,(칩)맘카페캐러셀_블트칩출시 (KR1),[26.07]F_I_BT칩_전환_블트칩출시_매거진형_KR1_.배너_맘카페에서대유행중인.민트텍스트..확장__김소희_260722_제과_박서연,34,1,1181.0,0
2026-07-25,[제과_블트하] 26.07_블트깡출시_수동_전환_image_전체타겟,(칩) 상황연출_호기심유발_블트칩출시(릴스형) (KR2),[26.07]F_I_BT칩_전환_블트칩출시_혜택강조형_KR2_.릴스_상황연출.야구장.확장__김소희_260724_제과_박서연,526,16,13775.0,1
2026-07-26,(마스터ASC)[제과_콘스프맛 팝콘] 26.05_콘스프맛팝콘출시_ASC_전환_video,(마스터ASC)[콘스프맛 팝콘] 26.05_콘스프맛팝콘출시_ASC_전환_video,[26.07]F_V_PC콘_전환_팝콘할인페스타_네고형_공구네고형.다이어트_var5.릴스_BP그대로.슬기.X_1P_김소희_260702_제과_강경연,6,1,72.0,0
2026-07-28,(마스터ASC)[제과_콘스프맛 팝콘] 26.05_콘스프맛팝콘출시_ASC_전환_video,(마스터ASC)[콘스프맛 팝콘] 26.05_콘스프맛팝콘출시_ASC_전환_video,[26.07]F_V_PC콘_전환_팝콘할인페스타_네고형_공구네고형.다이어트_var5.릴스_BP그대로.슬기.X_1P_김소희_260702_제과_강경연,2,1,92.0,0
2026-07-01,[제과_팝콘프로모션] 26.05_팝콘프로모션_수동_전환_video,금주건AI_팝콘더블특가,[26.06]F_V_PC콘_전환_팝콘더블특가_ai형_전화네고형.다이어트_var3.배너_._1P_최나영_260626_제과_피재은,1199,21,25725.0,3
2026-07-01,(미사용) [제과_단백질 쉐이크] 26.06_단백질쉐이크출시_ASC_전환_image,[제과_단백질 쉐이크] 26.06_단백질쉐이크출시_ASC_전환_image,[26.06]F_I_SK곡_전환_단백질쉐이크출시_제품강조형_라라권위_.배너_미숫가루맛에괴물토핑.가격비교O.__이유빈_260701_제과_문다현,403,8,13148.0,0
2026-07-02,[콘스프맛 팝콘] 26.05_콘스프맛팝콘출시_ASC_전환_image (old),[콘스프맛 팝콘] 26.05_콘스프맛팝콘출시_ASC_전환_image (old),[26.06]F_I_PC혼_전환_팝콘더블특가_혜택강조형_다이어트_.배너_메세지테스트.51%.패키지규모감.__김소희_260626_제과_김수정,284,6,5688.0,1
2026-07-07,(미사용) [제과_단백질 쉐이크] 26.06_단백질쉐이크출시_ASC_전환_image,[제과_단백질 쉐이크] 26.06_단백질쉐이크출시_ASC_전환_image,[26.06]F_I_SK곡_전환_단백질쉐이크출시_제품강조형_라라권위_.배너_미숫가루맛에괴물토핑.가격비교O.__이유빈_260701_제과_문다현,2,0,78.0,0
2026-07-08,(미사용) [제과_단백질 쉐이크] 26.06_단백질쉐이크출시_ASC_전환_image,[제과_단백질 쉐이크] 26.06_단백질쉐이크출시_ASC_전환_image,[26.06]F_I_SK곡_전환_단백질쉐이크출시_제품강조형_라라권위_.배너_미숫가루맛에괴물토핑.가격비교O.__이유빈_260701_제과_문다현,260,3,8630.0,0
2026-07-09,(마스터ASC)[제과_콘스프맛 팝콘] 26.07_콘스프맛팝콘출시_ASC_전환_image (NEW),(마스터ASC)[콘스프맛 팝콘] 26.07_콘스프맛팝콘출시_ASC_전환_image (NEW),[26.07]F_I_PC혼_전환_상시_매거진형_다이어트_.배너_강박감완화페인포인트.몸무게앞자리.불안.다먹어도당당.검증__김소희_260708_제과_문다현,465,4,7222.0,1
2026-07-09,[제과_콘스프맛 팝콘] 26.05_콘스프맛팝콘출시_수동_전환_image,속세맛간식공감_콘스프맛팝콘_상시,[26.07]F_I_PC혼_전환_상시_매거진형_다이어트_.배너_운동보상페인포인트.죽어라운동.날릴수없잖아.다먹어도당당.검증__김소희_260708_제과_문다현,4085,69,68808.0,20
2026-07-10,[제과_콘스프맛 팝콘] 26.05_콘스프맛팝콘출시_수동_전환_image,속세맛간식공감_콘스프맛팝콘_상시,[26.07]F_I_PC혼_전환_상시_매거진형_다이어트_.배너_운동보상페인포인트.죽어라운동.날릴수없잖아.다먹어도당당.검증__김소희_260708_제과_문다현,4641,67,79447.0,18
2026-07-10,[제과_단백질 쉐이크] 26.06_단백질쉐이크출시_수동_전환_image,파우치개당가강조(2)_0709,[26.07]F_I_SK혼_전환_단백질쉐이크출시_매거진형_파우치.개당가강조_.배너_가격페인포인트.토핑폭탄보통얼마.팝콘증정.검증__이유빈_260709_제과_문다현,3,0,16.0,0
2026-07-10,[제과_단백질 쉐이크] 26.06_단백질쉐이크출시_수동_전환_video,고객상황형_0710,[26.07]F_V_SK혼_전환_단백질쉐이크출시_신규BP_고객검증형.파우치.개당가강조_var2.릴스_한통으로두달.X_2P_이유빈_260710_제과_이미진,34,3,547.0,0
2026-07-10,[제과_단백질 쉐이크] 26.06_단백질쉐이크출시_ASC_전환_video,[제과_단백질 쉐이크] 26.06_단백질쉐이크출시_ASC_전환_video,[26.07]F_V_SK혼_전환_단백질쉐이크출시_신규BP_고객검증형.파우치.개당가강조_var4.릴스_공구보다싼.X_2P_이유빈_260710_제과_이미진,343,13,5348.0,0
2026-07-11,[제과_콘스프맛 팝콘] 26.05_콘스프맛팝콘출시_수동_전환_image,속세맛간식공감_콘스프맛팝콘_상시,[26.07]F_I_PC혼_전환_상시_매거진형_다이어트_.배너_운동보상페인포인트.죽어라운동.날릴수없잖아.다먹어도당당.검증__김소희_260708_제과_문다현,951,19,19921.0,4
2026-07-11,[제과_단백질 쉐이크] 26.06_단백질쉐이크출시_수동_전환_image,파우치개당가강조(2)_0709,[26.07]F_I_SK혼_전환_단백질쉐이크출시_매거진형_파우치.개당가강조_.배너_가격페인포인트.토핑폭탄보통얼마.팝콘증정.검증__이유빈_260709_제과_문다현,23,0,649.0,0
2026-07-11,[제과_단백질 쉐이크] 26.06_단백질쉐이크출시_수동_전환_video,고객상황형_0710,[26.07]F_V_SK혼_전환_단백질쉐이크출시_신규BP_고객검증형.파우치.개당가강조_var2.릴스_한통으로두달.X_2P_이유빈_260710_제과_이미진,1540,82,27020.0,0
2026-07-11,[제과_단백질 쉐이크] 26.06_단백질쉐이크출시_ASC_전환_video,[제과_단백질 쉐이크] 26.06_단백질쉐이크출시_ASC_전환_video,[26.07]F_V_SK혼_전환_단백질쉐이크출시_신규BP_고객검증형.파우치.개당가강조_var4.릴스_공구보다싼.X_2P_이유빈_260710_제과_이미진,424,4,10167.0,0
2026-07-11,[제과_단백질 쉐이크] 26.06_단백질쉐이크출시_수동_전환_video,문제공감형_0710,[26.07]F_V_SK혼_전환_단백질쉐이크출시_신규BP_문제공감형.파우치.개당가강조_main.릴스_본론.X_2P_이유빈_260710_제과_이봄1,20899,603,309706.0,47
2026-07-12,[제과_콘스프맛 팝콘] 26.05_콘스프맛팝콘출시_수동_전환_image,속세맛간식공감_콘스프맛팝콘_상시,[26.07]F_I_PC혼_전환_상시_매거진형_다이어트_.배너_운동보상페인포인트.죽어라운동.날릴수없잖아.다먹어도당당.검증__김소희_260708_제과_문다현,1024,16,16568.0,3
2026-07-12,[제과_단백질 쉐이크] 26.06_단백질쉐이크출시_수동_전환_image,파우치개당가강조(2)_0709,[26.07]F_I_SK혼_전환_단백질쉐이크출시_매거진형_파우치.개당가강조_.배너_가격페인포인트.토핑폭탄보통얼마.팝콘증정.검증__이유빈_260709_제과_문다현,1,0,4.0,0
2026-07-12,[제과_단백질 쉐이크] 26.06_단백질쉐이크출시_수동_전환_video,문제공감형_0710,[26.07]F_V_SK혼_전환_단백질쉐이크출시_신규BP_문제공감형.파우치.개당가강조_main.릴스_본론.X_2P_이유빈_260710_제과_이봄1,13958,392,146365.0,14
2026-07-13,[제과_콘스프맛 팝콘] 26.05_콘스프맛팝콘출시_수동_전환_image,속세맛간식공감_콘스프맛팝콘_상시,[26.07]F_I_PC혼_전환_상시_매거진형_다이어트_.배너_운동보상페인포인트.죽어라운동.날릴수없잖아.다먹어도당당.검증__김소희_260708_제과_문다현,672,8,11496.0,0
2026-07-13,[제과_단백질 쉐이크] 26.06_단백질쉐이크출시_수동_전환_image,파우치개당가강조(2)_0709,[26.07]F_I_SK혼_전환_단백질쉐이크출시_매거진형_파우치.개당가강조_.배너_가격페인포인트.토핑폭탄보통얼마.팝콘증정.검증__이유빈_260709_제과_문다현,94,1,1844.0,0
2026-07-13,[제과_단백질 쉐이크] 26.06_단백질쉐이크출시_수동_전환_video,문제공감형_0710,[26.07]F_V_SK혼_전환_단백질쉐이크출시_신규BP_문제공감형.파우치.개당가강조_main.릴스_본론.X_2P_이유빈_260710_제과_이봄1,2357,51,25454.0,4
2026-07-14,[제과_콘스프맛 팝콘] 26.05_콘스프맛팝콘출시_수동_전환_image,속세맛간식공감_콘스프맛팝콘_상시,[26.07]F_I_PC혼_전환_상시_매거진형_다이어트_.배너_운동보상페인포인트.죽어라운동.날릴수없잖아.다먹어도당당.검증__김소희_260708_제과_문다현,7664,68,91198.0,16
2026-07-14,[제과_단백질 쉐이크] 26.06_단백질쉐이크출시_수동_전환_image,파우치개당가강조(2)_0709,[26.07]F_I_SK혼_전환_단백질쉐이크출시_매거진형_파우치.개당가강조_.배너_가격페인포인트.토핑폭탄보통얼마.팝콘증정.검증__이유빈_260709_제과_문다현,1,0,16.0,0
2026-07-14,[제과_단백질 쉐이크] 26.06_단백질쉐이크출시_수동_전환_video,문제공감형_0710,[26.07]F_V_SK혼_전환_단백질쉐이크출시_신규BP_문제공감형.파우치.개당가강조_main.릴스_본론.X_2P_이유빈_260710_제과_이봄1,3787,123,42960.0,6
2026-07-15,[제과_콘스프맛 팝콘] 26.05_콘스프맛팝콘출시_수동_전환_image,속세맛간식공감_콘스프맛팝콘_상시,[26.07]F_I_PC혼_전환_상시_매거진형_다이어트_.배너_운동보상페인포인트.죽어라운동.날릴수없잖아.다먹어도당당.검증__김소희_260708_제과_문다현,2167,17,25323.0,0
2026-07-15,[제과_단백질 쉐이크] 26.06_단백질쉐이크출시_수동_전환_image,파우치개당가강조(2)_0709,[26.07]F_I_SK혼_전환_단백질쉐이크출시_매거진형_파우치.개당가강조_.배너_가격페인포인트.토핑폭탄보통얼마.팝콘증정.검증__이유빈_260709_제과_문다현,233,2,3574.0,0
2026-07-15,[제과_단백질 쉐이크] 26.06_단백질쉐이크출시_수동_전환_video,문제공감형_0710,[26.07]F_V_SK혼_전환_단백질쉐이크출시_신규BP_문제공감형.파우치.개당가강조_main.릴스_본론.X_2P_이유빈_260710_제과_이봄1,5617,164,55819.0,5
2026-07-15,[제과_단백질 쉐이크] 26.06_단백질쉐이크출시_수동_전환_image,올영최저가비교_0714,[26.07]F_I_SK혼_전환_단백질쉐이크출시_혜택강조형_올영최저가비교_.배너_지금어느정도싸냐면.네고형.확장__이유빈_260714_제과_문다현,34,0,486.0,0
2026-07-16,[제과_콘스프맛 팝콘] 26.05_콘스프맛팝콘출시_수동_전환_image,속세맛간식공감_콘스프맛팝콘_상시,[26.07]F_I_PC혼_전환_상시_매거진형_다이어트_.배너_운동보상페인포인트.죽어라운동.날릴수없잖아.다먹어도당당.검증__김소희_260708_제과_문다현,1406,21,21057.0,2
2026-07-16,[제과_단백질 쉐이크] 26.06_단백질쉐이크출시_수동_전환_video,문제공감형_0710,[26.07]F_V_SK혼_전환_단백질쉐이크출시_신규BP_문제공감형.파우치.개당가강조_main.릴스_본론.X_2P_이유빈_260710_제과_이봄1,5751,178,66903.0,7
2026-07-16,[제과_단백질 쉐이크] 26.06_단백질쉐이크출시_수동_전환_image,올영최저가비교_0714,[26.07]F_I_SK혼_전환_단백질쉐이크출시_혜택강조형_올영최저가비교_.배너_지금어느정도싸냐면.네고형.확장__이유빈_260714_제과_문다현,21,1,311.0,0
2026-07-17,[제과_콘스프맛 팝콘] 26.05_콘스프맛팝콘출시_수동_전환_image,속세맛간식공감_콘스프맛팝콘_상시,[26.07]F_I_PC혼_전환_상시_매거진형_다이어트_.배너_운동보상페인포인트.죽어라운동.날릴수없잖아.다먹어도당당.검증__김소희_260708_제과_문다현,1091,19,16468.0,1
2026-07-17,[제과_단백질 쉐이크] 26.06_단백질쉐이크출시_수동_전환_video,문제공감형_0710,[26.07]F_V_SK혼_전환_단백질쉐이크출시_신규BP_문제공감형.파우치.개당가강조_main.릴스_본론.X_2P_이유빈_260710_제과_이봄1,1618,44,17736.0,1
2026-07-17,[제과_단백질 쉐이크] 26.06_단백질쉐이크출시_수동_전환_image,올영최저가비교_0714,[26.07]F_I_SK혼_전환_단백질쉐이크출시_혜택강조형_올영최저가비교_.배너_지금어느정도싸냐면.네고형.확장__이유빈_260714_제과_문다현,3,0,51.0,0
2026-07-18,[제과_콘스프맛 팝콘] 26.05_콘스프맛팝콘출시_수동_전환_image,속세맛간식공감_콘스프맛팝콘_상시,[26.07]F_I_PC혼_전환_상시_매거진형_다이어트_.배너_운동보상페인포인트.죽어라운동.날릴수없잖아.다먹어도당당.검증__김소희_260708_제과_문다현,3264,67,43746.0,5
2026-07-19,[제과_콘스프맛 팝콘] 26.05_콘스프맛팝콘출시_수동_전환_image,속세맛간식공감_콘스프맛팝콘_상시,[26.07]F_I_PC혼_전환_상시_매거진형_다이어트_.배너_운동보상페인포인트.죽어라운동.날릴수없잖아.다먹어도당당.검증__김소희_260708_제과_문다현,1366,31,21620.0,4
2026-07-19,[제과_단백질 쉐이크] 26.06_단백질쉐이크출시_수동_전환_image,올영최저가비교_0714,[26.07]F_I_SK혼_전환_단백질쉐이크출시_혜택강조형_올영최저가비교_.배너_지금어느정도싸냐면.네고형.확장__이유빈_260714_제과_문다현,36,1,915.0,0
2026-07-20,[제과_콘스프맛 팝콘] 26.05_콘스프맛팝콘출시_수동_전환_image,속세맛간식공감_콘스프맛팝콘_상시,[26.07]F_I_PC혼_전환_상시_매거진형_다이어트_.배너_운동보상페인포인트.죽어라운동.날릴수없잖아.다먹어도당당.검증__김소희_260708_제과_문다현,1691,32,25768.0,2
2026-07-20,[제과_단백질 쉐이크] 26.06_단백질쉐이크출시_수동_전환_image,올영최저가비교_0714,[26.07]F_I_SK혼_전환_단백질쉐이크출시_혜택강조형_올영최저가비교_.배너_지금어느정도싸냐면.네고형.확장__이유빈_260714_제과_문다현,39,4,1264.0,0
2026-07-21,[제과_단백질 쉐이크] 26.06_단백질쉐이크출시_수동_전환_image,올영최저가비교_0714,[26.07]F_I_SK혼_전환_단백질쉐이크출시_혜택강조형_올영최저가비교_.배너_지금어느정도싸냐면.네고형.확장__이유빈_260714_제과_문다현,57,2,1471.0,0
2026-07-25,[제과_콘스프맛 팝콘] 26.05_콘스프맛팝콘출시_수동_전환_image,속세맛간식공감_콘스프맛팝콘_상시,[26.07]F_I_PC혼_전환_상시_매거진형_다이어트_.배너_운동보상페인포인트.죽어라운동.날릴수없잖아.다먹어도당당.검증__김소희_260708_제과_문다현,744,18,14640.0,0
2026-07-02,(미사용) [제과_단백질 쉐이크] 26.06_단백질쉐이크출시_ASC_전환_image,[제과_단백질 쉐이크] 26.06_단백질쉐이크출시_ASC_전환_image,[26.07]F_I_SK초_전환_단백질쉐이크출시_혜택강조형_가격메리트_.배너_가성비페인포인트.눅눅바삭.확장__이유빈_260702_제과_김수정,4,0,49.0,0
2026-07-03,(미사용) [제과_단백질 쉐이크] 26.06_단백질쉐이크출시_ASC_전환_image,[제과_단백질 쉐이크] 26.06_단백질쉐이크출시_ASC_전환_image,[26.07]F_I_SK초_전환_단백질쉐이크출시_혜택강조형_가격메리트_.배너_가성비페인포인트.눅눅바삭.확장__이유빈_260702_제과_김수정,53,1,1571.0,0
2026-07-04,(미사용) [제과_단백질 쉐이크] 26.06_단백질쉐이크출시_ASC_전환_image,[제과_단백질 쉐이크] 26.06_단백질쉐이크출시_ASC_전환_image,[26.07]F_I_SK초_전환_단백질쉐이크출시_혜택강조형_가격메리트_.배너_가성비페인포인트.눅눅바삭.확장__이유빈_260702_제과_김수정,49,0,938.0,0
2026-07-04,(마스터ASC)[제과_콘스프맛 팝콘] 26.05_콘스프맛팝콘출시_ASC_전환_video,(마스터ASC)[콘스프맛 팝콘] 26.05_콘스프맛팝콘출시_ASC_전환_video,[26.07]F_V_PC콘_전환_팝콘할인페스타_네고형_지인네고형.다이어트_var2.릴스_운동상황강조ver2.슬기.X_1P_김소희_260703_제과_문형민,1047,19,14510.0,4
2026-07-05,(마스터ASC)[제과_콘스프맛 팝콘] 26.05_콘스프맛팝콘출시_ASC_전환_video,(마스터ASC)[콘스프맛 팝콘] 26.05_콘스프맛팝콘출시_ASC_전환_video,[26.07]F_V_PC콘_전환_팝콘할인페스타_네고형_지인네고형.다이어트_var2.릴스_운동상황강조ver2.슬기.X_1P_김소희_260703_제과_문형민,174,4,3316.0,0
2026-07-06,(마스터ASC)[제과_콘스프맛 팝콘] 26.05_콘스프맛팝콘출시_ASC_전환_video,(마스터ASC)[콘스프맛 팝콘] 26.05_콘스프맛팝콘출시_ASC_전환_video,[26.07]F_V_PC콘_전환_팝콘할인페스타_네고형_지인네고형.다이어트_var2.릴스_운동상황강조ver2.슬기.X_1P_김소희_260703_제과_문형민,273,8,4835.0,0
2026-07-07,(마스터ASC)[제과_콘스프맛 팝콘] 26.05_콘스프맛팝콘출시_ASC_전환_video,(마스터ASC)[콘스프맛 팝콘] 26.05_콘스프맛팝콘출시_ASC_전환_video,[26.07]F_V_PC콘_전환_팝콘할인페스타_네고형_지인네고형.다이어트_var2.릴스_운동상황강조ver2.슬기.X_1P_김소희_260703_제과_문형민,26,1,398.0,0
2026-07-07,(마스터2) [제과_단백질 쉐이크] 26.07_단백질쉐이크출시_ASC_전환_image,(마스터2) [제과_단백질 쉐이크] 26.07_단백질쉐이크출시_ASC_전환_image,[26.07]F_I_SK초_전환_단백질쉐이크출시_혜택강조형_파우치.개당가강조_.릴스_파우치대용량비교.가격시작.확장__이유빈_260707_제과_김수정,240,7,4421.0,2
2026-07-08,(마스터ASC)[제과_콘스프맛 팝콘] 26.05_콘스프맛팝콘출시_ASC_전환_video,(마스터ASC)[콘스프맛 팝콘] 26.05_콘스프맛팝콘출시_ASC_전환_video,[26.07]F_V_PC콘_전환_팝콘할인페스타_네고형_지인네고형.다이어트_var2.릴스_운동상황강조ver2.슬기.X_1P_김소희_260703_제과_문형민,2,0,8.0,0
2026-07-08,(마스터2) [제과_단백질 쉐이크] 26.07_단백질쉐이크출시_ASC_전환_image,(마스터2) [제과_단백질 쉐이크] 26.07_단백질쉐이크출시_ASC_전환_image,[26.07]F_I_SK초_전환_단백질쉐이크출시_혜택강조형_파우치.개당가강조_.릴스_파우치대용량비교.가격시작.확장__이유빈_260707_제과_김수정,1236,33,24305.0,1
2026-07-09,(미사용) [제과_단백질 쉐이크] 26.06_단백질쉐이크출시_ASC_전환_image,[제과_단백질 쉐이크] 26.06_단백질쉐이크출시_ASC_전환_image,[26.07]F_I_SK초_전환_단백질쉐이크출시_혜택강조형_가격메리트_.배너_가성비페인포인트.눅눅바삭.확장__이유빈_260702_제과_김수정,66,1,1645.0,0
2026-07-09,(마스터ASC)[제과_콘스프맛 팝콘] 26.05_콘스프맛팝콘출시_ASC_전환_video,(마스터ASC)[콘스프맛 팝콘] 26.05_콘스프맛팝콘출시_ASC_전환_video,[26.07]F_V_PC콘_전환_팝콘할인페스타_네고형_지인네고형.다이어트_var2.릴스_운동상황강조ver2.슬기.X_1P_김소희_260703_제과_문형민,3,0,21.0,0
2026-07-09,(마스터2) [제과_단백질 쉐이크] 26.07_단백질쉐이크출시_ASC_전환_image,(마스터2) [제과_단백질 쉐이크] 26.07_단백질쉐이크출시_ASC_전환_image,[26.07]F_I_SK초_전환_단백질쉐이크출시_혜택강조형_파우치.개당가강조_.릴스_파우치대용량비교.가격시작.확장__이유빈_260707_제과_김수정,4167,93,77095.0,8
2026-07-10,(마스터2) [제과_단백질 쉐이크] 26.07_단백질쉐이크출시_ASC_전환_image,(마스터2) [제과_단백질 쉐이크] 26.07_단백질쉐이크출시_ASC_전환_image,[26.07]F_I_SK초_전환_단백질쉐이크출시_혜택강조형_파우치.개당가강조_.릴스_파우치대용량비교.가격시작.확장__이유빈_260707_제과_김수정,915,14,17177.0,2
2026-07-12,(마스터ASC)[제과_콘스프맛 팝콘] 26.05_콘스프맛팝콘출시_ASC_전환_video,(마스터ASC)[콘스프맛 팝콘] 26.05_콘스프맛팝콘출시_ASC_전환_video,[26.07]F_V_PC콘_전환_팝콘할인페스타_네고형_지인네고형.다이어트_var2.릴스_운동상황강조ver2.슬기.X_1P_김소희_260703_제과_문형민,17,0,159.0,0
2026-07-12,(마스터2) [제과_단백질 쉐이크] 26.07_단백질쉐이크출시_ASC_전환_image,(마스터2) [제과_단백질 쉐이크] 26.07_단백질쉐이크출시_ASC_전환_image,[26.07]F_I_SK초_전환_단백질쉐이크출시_혜택강조형_파우치.개당가강조_.릴스_파우치대용량비교.가격시작.확장__이유빈_260707_제과_김수정,857,22,13053.0,0
2026-07-13,(마스터ASC)[제과_콘스프맛 팝콘] 26.05_콘스프맛팝콘출시_ASC_전환_video,(마스터ASC)[콘스프맛 팝콘] 26.05_콘스프맛팝콘출시_ASC_전환_video,[26.07]F_V_PC콘_전환_팝콘할인페스타_네고형_지인네고형.다이어트_var2.릴스_운동상황강조ver2.슬기.X_1P_김소희_260703_제과_문형민,8,1,189.0,0
2026-07-14,(마스터ASC)[제과_콘스프맛 팝콘] 26.05_콘스프맛팝콘출시_ASC_전환_video,(마스터ASC)[콘스프맛 팝콘] 26.05_콘스프맛팝콘출시_ASC_전환_video,[26.07]F_V_PC콘_전환_팝콘할인페스타_네고형_지인네고형.다이어트_var2.릴스_운동상황강조ver2.슬기.X_1P_김소희_260703_제과_문형민,2,0,11.0,0
2026-07-15,(마스터ASC)[제과_콘스프맛 팝콘] 26.05_콘스프맛팝콘출시_ASC_전환_video,(마스터ASC)[콘스프맛 팝콘] 26.05_콘스프맛팝콘출시_ASC_전환_video,[26.07]F_V_PC콘_전환_팝콘할인페스타_네고형_지인네고형.다이어트_var2.릴스_운동상황강조ver2.슬기.X_1P_김소희_260703_제과_문형민,487,5,6096.0,2
2026-07-15,[제과_블트하] 26.07_블트깡출시_수동_전환_video_전체타겟,BP이식형2_블트깡출시 (KR1/2),[26.07]F_V_BT깡_전환_블트깡출시_쩜오건_맛조합맥주.KR1_var3.릴스_맥주후킹1.X_1P_김소희_260715_제과_문형민,333,9,4391.0,1
2026-07-16,(마스터ASC)[제과_콘스프맛 팝콘] 26.05_콘스프맛팝콘출시_ASC_전환_video,(마스터ASC)[콘스프맛 팝콘] 26.05_콘스프맛팝콘출시_ASC_전환_video,[26.07]F_V_PC콘_전환_팝콘할인페스타_네고형_지인네고형.다이어트_var2.릴스_운동상황강조ver2.슬기.X_1P_김소희_260703_제과_문형민,2248,32,23401.0,4
2026-07-16,[제과_블트하] 26.07_블트깡출시_수동_전환_video_전체타겟,BP이식형2_블트깡출시 (KR1/2),[26.07]F_V_BT깡_전환_블트깡출시_쩜오건_맛조합맥주.KR1_var3.릴스_맥주후킹1.X_1P_김소희_260715_제과_문형민,328,8,5386.0,2
2026-07-17,[제과_블트하] 26.07_블트깡출시_수동_전환_video_전체타겟,BP이식형2_블트깡출시 (KR1/2),[26.07]F_V_BT깡_전환_블트깡출시_쩜오건_맛조합맥주.KR1_var3.릴스_맥주후킹1.X_1P_김소희_260715_제과_문형민,62,3,743.0,0
2026-07-18,[제과_블트하] 26.07_블트깡출시_수동_전환_video_전체타겟,BP이식형2_블트깡출시 (KR1/2),[26.07]F_V_BT깡_전환_블트깡출시_쩜오건_맛조합맥주.KR1_var3.릴스_맥주후킹1.X_1P_김소희_260715_제과_문형민,98,7,1747.0,4
2026-07-19,[제과_블트하] 26.07_블트깡출시_수동_전환_video_전체타겟,BP이식형2_블트깡출시 (KR1/2),[26.07]F_V_BT깡_전환_블트깡출시_쩜오건_맛조합맥주.KR1_var3.릴스_맥주후킹1.X_1P_김소희_260715_제과_문형민,106,1,1515.0,2
2026-07-20,[제과_블트하] 26.07_블트깡출시_수동_전환_video_전체타겟,BP이식형2_블트깡출시 (KR1/2),[26.07]F_V_BT깡_전환_블트깡출시_쩜오건_맛조합맥주.KR1_var3.릴스_맥주후킹1.X_1P_김소희_260715_제과_문형민,61,2,1078.0,0
2026-07-21,(마스터ASC)[제과_콘스프맛 팝콘] 26.05_콘스프맛팝콘출시_ASC_전환_video,(마스터ASC)[콘스프맛 팝콘] 26.05_콘스프맛팝콘출시_ASC_전환_video,[26.07]F_V_PC콘_전환_팝콘할인페스타_네고형_지인네고형.다이어트_var2.릴스_운동상황강조ver2.슬기.X_1P_김소희_260703_제과_문형민,1072,9,9447.0,0
2026-07-21,[제과_블트하] 26.07_블트깡출시_수동_전환_video_전체타겟,BP이식형2_블트깡출시 (KR1/2),[26.07]F_V_BT깡_전환_블트깡출시_쩜오건_맛조합맥주.KR1_var3.릴스_맥주후킹1.X_1P_김소희_260715_제과_문형민,9,2,124.0,0
2026-07-22,(마스터ASC)[제과_콘스프맛 팝콘] 26.05_콘스프맛팝콘출시_ASC_전환_video,(마스터ASC)[콘스프맛 팝콘] 26.05_콘스프맛팝콘출시_ASC_전환_video,[26.07]F_V_PC콘_전환_팝콘할인페스타_네고형_지인네고형.다이어트_var2.릴스_운동상황강조ver2.슬기.X_1P_김소희_260703_제과_문형민,542,11,5112.0,0
2026-07-22,[제과_블트하] 26.07_블트깡출시_수동_전환_video_전체타겟,BP이식형2_블트깡출시 (KR1/2),[26.07]F_V_BT깡_전환_블트깡출시_쩜오건_맛조합맥주.KR1_var3.릴스_맥주후킹1.X_1P_김소희_260715_제과_문형민,10,0,48.0,0
2026-07-22,(마스터ASC)[제과_블트하] 26.07_블트깡출시_ASC_전환_image,(마스터ASC)[제과_블트하] 26.07_블트깡출시_ASC_전환_image,[26.07]F_I_BT깡_전환_블트깡출시_바이럴형_KR1_.릴스_맘카페페르소나.지면테스트.재입고만기다린다는.검증__김소희_260721_제과_김수정,349,14,7763.0,2
2026-07-23,(마스터ASC)[제과_콘스프맛 팝콘] 26.05_콘스프맛팝콘출시_ASC_전환_video,(마스터ASC)[콘스프맛 팝콘] 26.05_콘스프맛팝콘출시_ASC_전환_video,[26.07]F_V_PC콘_전환_팝콘할인페스타_네고형_지인네고형.다이어트_var2.릴스_운동상황강조ver2.슬기.X_1P_김소희_260703_제과_문형민,122,1,1049.0,0
2026-07-23,(마스터ASC)[제과_블트하] 26.07_블트깡출시_ASC_전환_image,(마스터ASC)[제과_블트하] 26.07_블트깡출시_ASC_전환_image,[26.07]F_I_BT깡_전환_블트깡출시_바이럴형_KR1_.릴스_맘카페페르소나.지면테스트.재입고만기다린다는.검증__김소희_260721_제과_김수정,21,0,350.0,2
2026-07-24,(마스터ASC)[제과_블트하] 26.07_블트깡출시_ASC_전환_image,(마스터ASC)[제과_블트하] 26.07_블트깡출시_ASC_전환_image,[26.07]F_I_BT깡_전환_블트깡출시_바이럴형_KR1_.릴스_맘카페페르소나.지면테스트.재입고만기다린다는.검증__김소희_260721_제과_김수정,3,0,59.0,0
2026-07-24,[제과_블트하] 26.07_블트깡출시_수동_전환_video_전체타겟,먹스타_블트칩출시 (파트너쉽),[26.07]F_P_BT혼_전환_블트칩출시_기타_파트너쉽_.릴스_.X__김소희_260724_제과_푸드의먹스타그램,393,20,4553.0,2
2026-07-25,[제과_블트하] 26.07_블트깡출시_수동_전환_video_전체타겟,BP이식형2_블트깡출시 (KR1/2),[26.07]F_V_BT깡_전환_블트깡출시_쩜오건_맛조합맥주.KR1_var3.릴스_맥주후킹1.X_1P_김소희_260715_제과_문형민,453,13,9812.0,1
2026-07-25,[제과_블트하] 26.07_블트깡출시_수동_전환_video_전체타겟,먹스타_블트칩출시 (파트너쉽),[26.07]F_P_BT혼_전환_블트칩출시_기타_파트너쉽_.릴스_.X__김소희_260724_제과_푸드의먹스타그램,1056,17,17661.0,0
2026-07-27,(마스터ASC)[제과_블트하] 26.07_블트깡출시_ASC_전환_image,(마스터ASC)[제과_블트하] 26.07_블트깡출시_ASC_전환_image,[26.07]F_I_BT깡_전환_블트깡출시_바이럴형_KR1_.릴스_맘카페페르소나.지면테스트.재입고만기다린다는.검증__김소희_260721_제과_김수정,128,2,4196.0,0
2026-07-28,(마스터ASC)[제과_블트하] 26.07_블트깡출시_ASC_전환_image,(마스터ASC)[제과_블트하] 26.07_블트깡출시_ASC_전환_image,[26.07]F_I_BT깡_전환_블트깡출시_바이럴형_KR1_.릴스_맘카페페르소나.지면테스트.재입고만기다린다는.검증__김소희_260721_제과_김수정,11,0,536.0,0
2026-07-01,(마스터ASC)[제과_콘스프맛 팝콘] 26.05_콘스프맛팝콘출시_ASC_전환_video,(마스터ASC)[콘스프맛 팝콘] 26.05_콘스프맛팝콘출시_ASC_전환_video,[26.06]F_V_PC콘_전환_팝콘더블특가_네고형_지인네고형.다이어트_main.릴스_메인.슬기.X_1P_최나영_260626_제과_문형민,8957,149,141471.0,22
2026-07-03,(마스터ASC)[제과_콘스프맛 팝콘] 26.07_콘스프맛팝콘출시_ASC_전환_image (NEW),(마스터ASC)[콘스프맛 팝콘] 26.07_콘스프맛팝콘출시_ASC_전환_image (NEW),[26.07]F_I_PC혼_전환_팝콘할인페스타_혜택강조형_다이어트_.배너_시즈닝팍팍.선착순300명.어차피먹을과자.확장__김소희_260702_제과_문다현,43,3,1095.0,0
2026-07-04,(마스터ASC)[제과_콘스프맛 팝콘] 26.07_콘스프맛팝콘출시_ASC_전환_image (NEW),(마스터ASC)[콘스프맛 팝콘] 26.07_콘스프맛팝콘출시_ASC_전환_image (NEW),[26.07]F_I_PC혼_전환_팝콘할인페스타_혜택강조형_다이어트_.배너_시즈닝팍팍.선착순300명.어차피먹을과자.확장__김소희_260702_제과_문다현,1,0,6.0,0
2026-07-04,[제과_단백질 쉐이크] 26.06_단백질쉐이크출시_ASC_전환_video,[제과_단백질 쉐이크] 26.06_단백질쉐이크출시_ASC_전환_video,[26.07]F_V_SK혼_전환_단백질쉐이크출시_네고형_지인네고형_var6.릴스_토핑강조.X_2P_이유빈_260703_제과_이봄1,13,2,315.0,0
2026-07-05,(마스터ASC)[제과_콘스프맛 팝콘] 26.07_콘스프맛팝콘출시_ASC_전환_image (NEW),(마스터ASC)[콘스프맛 팝콘] 26.07_콘스프맛팝콘출시_ASC_전환_image (NEW),[26.07]F_I_PC혼_전환_팝콘할인페스타_혜택강조형_다이어트_.배너_시즈닝팍팍.선착순300명.어차피먹을과자.확장__김소희_260702_제과_문다현,20,0,279.0,0
2026-07-06,(마스터ASC)[제과_콘스프맛 팝콘] 26.07_콘스프맛팝콘출시_ASC_전환_image (NEW),(마스터ASC)[콘스프맛 팝콘] 26.07_콘스프맛팝콘출시_ASC_전환_image (NEW),[26.07]F_I_PC혼_전환_팝콘할인페스타_혜택강조형_다이어트_.배너_시즈닝팍팍.선착순300명.어차피먹을과자.확장__김소희_260702_제과_문다현,9,0,142.0,0
2026-07-08,(마스터ASC)[제과_콘스프맛 팝콘] 26.07_콘스프맛팝콘출시_ASC_전환_image (NEW),(마스터ASC)[콘스프맛 팝콘] 26.07_콘스프맛팝콘출시_ASC_전환_image (NEW),[26.07]F_I_PC혼_전환_팝콘할인페스타_혜택강조형_다이어트_.배너_시즈닝팍팍.선착순300명.어차피먹을과자.확장__김소희_260702_제과_문다현,150,2,2315.0,0
2026-07-08,[제과_단백질 쉐이크] 26.06_단백질쉐이크출시_ASC_전환_video,[제과_단백질 쉐이크] 26.06_단백질쉐이크출시_ASC_전환_video,[26.07]F_V_SK혼_전환_단백질쉐이크출시_네고형_지인네고형_var6.릴스_토핑강조.X_2P_이유빈_260703_제과_이봄1,13,0,385.0,0
2026-07-09,(마스터ASC)[제과_콘스프맛 팝콘] 26.07_콘스프맛팝콘출시_ASC_전환_image (NEW),(마스터ASC)[콘스프맛 팝콘] 26.07_콘스프맛팝콘출시_ASC_전환_image (NEW),[26.07]F_I_PC혼_전환_팝콘할인페스타_혜택강조형_다이어트_.배너_시즈닝팍팍.선착순300명.어차피먹을과자.확장__김소희_260702_제과_문다현,22,0,248.0,0
2026-07-09,(마스터ASC)[제과_콘스프맛 팝콘] 26.07_콘스프맛팝콘출시_ASC_전환_image (NEW),(마스터ASC)[콘스프맛 팝콘] 26.07_콘스프맛팝콘출시_ASC_전환_image (NEW),[26.07]F_I_PC혼_전환_상시_매거진형_다이어트_.배너_칼로리가성비페인포인트.시중과자칼로리.맛그대로.칼로리절반이하.검증__김소희_260708_제과_문다현,423,7,7220.0,1
2026-07-09,[제과_콘스프맛 팝콘] 26.05_콘스프맛팝콘출시_수동_전환_image,속세맛간식공감_콘스프맛팝콘_상시,[26.07]F_I_PC혼_전환_상시_매거진형_다이어트_.배너_죄책감덜기페인포인트.맛있는거포기못하면.죄책감없이.먹는행복지켜.검증__김소희_260708_제과_문다현,207,1,5212.0,0
2026-07-15,(마스터2) [제과_단백질 쉐이크] 26.07_단백질쉐이크출시_ASC_전환_image,(마스터2) [제과_단백질 쉐이크] 26.07_단백질쉐이크출시_ASC_전환_image,[26.07]F_I_SK혼_전환_단백질쉐이크출시_혜택강조형_파우치.개당가강조_.배너_대용량페포.메세지테스트.어디갈때마다.통단쉐.확장__이유빈_260707_제과_김수정,2,0,33.0,0
2026-07-15,(마스터ASC)[제과_블트하] 26.07_블트깡출시_ASC_전환_video,(마스터ASC)[제과_블트하] 26.07_블트깡출시_ASC_전환_video,[26.07]F_V_BT깡_전환_블트깡출시_제조과정형_CS제조과정형.KR2_main.릴스_메인.슬기.X_1P_김소희_260715_제과_피재은,16,0,398.0,0
2026-07-15,[제과_블트하] 26.07_블트깡출시_수동_전환_image_전체타겟,3040대세감_블트깡출시 (KR1),[26.07]F_I_BT깡_전환_블트깡출시_혜택강조형_혜택강조형_.배너_창고형마트에서무조건쟁이는.검증__김소희_260715_제과_박서연,183,3,3369.0,1
2026-07-15,[제과_블트하] 26.07_블트깡출시_수동_전환_image_전체타겟,3040대세감_블트깡출시 (KR1),[26.07]F_I_BT깡_전환_블트깡출시_혜택강조형_혜택강조형_.배너_마트기둥하나세웠다는.검증__김소희_260715_제과_박서연,708,17,11569.0,2
2026-07-15,[제과_블트하] 26.07_블트깡출시_수동_전환_image_전체타겟,원산지권위_블트깡출시 (KR2),[26.07]F_I_BT깡_전환_블트깡출시__KR2_.배너_원산지권위.공식문서형.광고본모든사람들.검증__김소희_260715_제과_김수정,512,9,7699.0,2
2026-07-16,(마스터ASC)[제과_블트하] 26.07_블트깡출시_ASC_전환_video,(마스터ASC)[제과_블트하] 26.07_블트깡출시_ASC_전환_video,[26.07]F_V_BT깡_전환_블트깡출시_제조과정형_CS제조과정형.KR2_main.릴스_메인.슬기.X_1P_김소희_260715_제과_피재은,67,0,850.0,0
2026-07-16,[제과_블트하] 26.07_블트깡출시_수동_전환_image_전체타겟,3040대세감_블트깡출시 (KR1),[26.07]F_I_BT깡_전환_블트깡출시_혜택강조형_혜택강조형_.배너_창고형마트에서무조건쟁이는.검증__김소희_260715_제과_박서연,73,2,2089.0,2
2026-07-16,[제과_블트하] 26.07_블트깡출시_수동_전환_image_전체타겟,3040대세감_블트깡출시 (KR1),[26.07]F_I_BT깡_전환_블트깡출시_혜택강조형_혜택강조형_.배너_마트기둥하나세웠다는.검증__김소희_260715_제과_박서연,3387,84,80921.0,15
2026-07-16,[제과_블트하] 26.07_블트깡출시_수동_전환_image_전체타겟,원산지권위_블트깡출시 (KR2),[26.07]F_I_BT깡_전환_블트깡출시__KR2_.배너_원산지권위.공식문서형.광고본모든사람들.검증__김소희_260715_제과_김수정,292,5,5970.0,1
2026-07-17,(마스터2) [제과_단백질 쉐이크] 26.07_단백질쉐이크출시_ASC_전환_image,(마스터2) [제과_단백질 쉐이크] 26.07_단백질쉐이크출시_ASC_전환_image,[26.07]F_I_SK혼_전환_단백질쉐이크출시_혜택강조형_파우치.개당가강조_.배너_대용량페포.메세지테스트.어디갈때마다.통단쉐.확장__이유빈_260707_제과_김수정,3,0,80.0,0
2026-07-17,(마스터ASC)[제과_블트하] 26.07_블트깡출시_ASC_전환_video,(마스터ASC)[제과_블트하] 26.07_블트깡출시_ASC_전환_video,[26.07]F_V_BT깡_전환_블트깡출시_제조과정형_CS제조과정형.KR2_main.릴스_메인.슬기.X_1P_김소희_260715_제과_피재은,69,1,1135.0,0
2026-07-17,[제과_블트하] 26.07_블트깡출시_수동_전환_image_전체타겟,3040대세감_블트깡출시 (KR1),[26.07]F_I_BT깡_전환_블트깡출시_혜택강조형_혜택강조형_.배너_창고형마트에서무조건쟁이는.검증__김소희_260715_제과_박서연,3,0,61.0,0
2026-07-17,[제과_블트하] 26.07_블트깡출시_수동_전환_image_전체타겟,원산지권위_블트깡출시 (KR2),[26.07]F_I_BT깡_전환_블트깡출시__KR2_.배너_원산지권위.공식문서형.광고본모든사람들.검증__김소희_260715_제과_김수정,45,0,748.0,0
2026-07-17,[제과_블트하] 26.07_블트깡출시_수동_전환_video_전체타겟,에어프라이기BP_블트깡출시 (KR1),[26.07]F_V_BT깡_전환_블트깡출시_인물리뷰형_에어프라이기BP.KR1_main.릴스_메인.슬기.X_1P_최나영_260716_제과_피재은,40,1,795.0,0
2026-07-18,(마스터ASC)[제과_블트하] 26.07_블트깡출시_ASC_전환_video,(마스터ASC)[제과_블트하] 26.07_블트깡출시_ASC_전환_video,[26.07]F_V_BT깡_전환_블트깡출시_제조과정형_CS제조과정형.KR2_main.릴스_메인.슬기.X_1P_김소희_260715_제과_피재은,65,1,1264.0,0
2026-07-18,[제과_블트하] 26.07_블트깡출시_수동_전환_image_전체타겟,3040대세감_블트깡출시 (KR1),[26.07]F_I_BT깡_전환_블트깡출시_혜택강조형_혜택강조형_.배너_마트기둥하나세웠다는.검증__김소희_260715_제과_박서연,162,3,4138.0,1
2026-07-18,[제과_블트하] 26.07_블트깡출시_수동_전환_video_전체타겟,에어프라이기BP_블트깡출시 (KR1),[26.07]F_V_BT깡_전환_블트깡출시_인물리뷰형_에어프라이기BP.KR1_main.릴스_메인.슬기.X_1P_최나영_260716_제과_피재은,16,0,304.0,0
2026-07-19,[제과_블트하] 26.07_블트깡출시_수동_전환_image_전체타겟,3040대세감_블트깡출시 (KR1),[26.07]F_I_BT깡_전환_블트깡출시_혜택강조형_혜택강조형_.배너_마트기둥하나세웠다는.검증__김소희_260715_제과_박서연,1625,37,28106.0,3
2026-07-20,(마스터2) [제과_단백질 쉐이크] 26.07_단백질쉐이크출시_ASC_전환_image,(마스터2) [제과_단백질 쉐이크] 26.07_단백질쉐이크출시_ASC_전환_image,[26.07]F_I_SK혼_전환_단백질쉐이크출시_혜택강조형_파우치.개당가강조_.배너_대용량페포.메세지테스트.어디갈때마다.통단쉐.확장__이유빈_260707_제과_김수정,22,2,192.0,0
2026-07-20,(마스터ASC)[제과_블트하] 26.07_블트깡출시_ASC_전환_video,(마스터ASC)[제과_블트하] 26.07_블트깡출시_ASC_전환_video,[26.07]F_V_BT깡_전환_블트깡출시_제조과정형_CS제조과정형.KR2_main.릴스_메인.슬기.X_1P_김소희_260715_제과_피재은,9,0,109.0,0
2026-07-20,[제과_블트하] 26.07_블트깡출시_수동_전환_image_전체타겟,3040대세감_블트깡출시 (KR1),[26.07]F_I_BT깡_전환_블트깡출시_혜택강조형_혜택강조형_.배너_마트기둥하나세웠다는.검증__김소희_260715_제과_박서연,792,17,15405.0,1
2026-07-20,[제과_블트하] 26.07_블트깡출시_수동_전환_video_전체타겟,에어프라이기BP_블트깡출시 (KR1),[26.07]F_V_BT깡_전환_블트깡출시_인물리뷰형_에어프라이기BP.KR1_main.릴스_메인.슬기.X_1P_최나영_260716_제과_피재은,5,0,92.0,0
2026-07-21,(마스터2) [제과_단백질 쉐이크] 26.07_단백질쉐이크출시_ASC_전환_image,(마스터2) [제과_단백질 쉐이크] 26.07_단백질쉐이크출시_ASC_전환_image,[26.07]F_I_SK혼_전환_단백질쉐이크출시_혜택강조형_파우치.개당가강조_.배너_대용량페포.메세지테스트.어디갈때마다.통단쉐.확장__이유빈_260707_제과_김수정,349,12,7387.0,1
2026-07-21,(마스터ASC)[제과_블트하] 26.07_블트깡출시_ASC_전환_video,(마스터ASC)[제과_블트하] 26.07_블트깡출시_ASC_전환_video,[26.07]F_V_BT깡_전환_블트깡출시_제조과정형_CS제조과정형.KR2_main.릴스_메인.슬기.X_1P_김소희_260715_제과_피재은,318,7,5437.0,0
2026-07-21,[제과_블트하] 26.07_블트깡출시_수동_전환_image_전체타겟,3040대세감_블트깡출시 (KR1),[26.07]F_I_BT깡_전환_블트깡출시_혜택강조형_혜택강조형_.배너_창고형마트에서무조건쟁이는.검증__김소희_260715_제과_박서연,182,10,4863.0,2
2026-07-22,[제과_블트하] 26.07_블트깡출시_수동_전환_image_전체타겟,3040대세감_블트깡출시 (KR1),[26.07]F_I_BT깡_전환_블트깡출시_혜택강조형_혜택강조형_.배너_창고형마트에서무조건쟁이는.검증__김소희_260715_제과_박서연,107,3,2059.0,0
2026-07-22,[제과_블트하] 26.07_블트깡출시_수동_전환_image_전체타겟,[칩] 맘카페.페르소나_블트칩출시 (KR1),[26.07]F_I_BT칩_전환_블트칩출시_바이럴형_KR1_.배너_맘카페페르소나.지면테스트.엄마들단톡.검증__김소희_260722_제과_김수정,30,2,462.0,0
2026-07-22,[제과_블트하] 26.07_블트깡출시_수동_전환_image_전체타겟,주변인인정_블트칩출시 (KR2) (0728),[26.07]F_I_BT칩_전환_블트칩출시_혜택강조형_KR2_.배너_다른중국산과자들이랑다르게.사분할.지면테스트..검증__김소희_260722_제과_박서연,304,8,3731.0,1
2026-07-22,[칩] (마스터ASC)[제과_블트하] 26.07_블트칩출시_ASC_전환_image,[칩] (마스터ASC)[제과_블트하] 26.07_블트칩출시_ASC_전환_image,[26.07]F_I_BT칩_전환_블트칩출시_매거진형_KR1_.배너_맘카페난리진짜맛있을까.원산지.확장__김소희_260722_제과_김수정,39,4,570.0,0
2026-07-23,[제과_블트하] 26.07_블트깡출시_수동_전환_image_전체타겟,[칩] 맘카페.페르소나_블트칩출시 (KR1),[26.07]F_I_BT칩_전환_블트칩출시_바이럴형_KR1_.배너_맘카페페르소나.지면테스트.엄마들단톡.검증__김소희_260722_제과_김수정,23,0,965.0,0
2026-07-23,[제과_블트하] 26.07_블트깡출시_수동_전환_image_전체타겟,주변인인정_블트칩출시 (KR2) (0728),[26.07]F_I_BT칩_전환_블트칩출시_혜택강조형_KR2_.배너_다른중국산과자들이랑다르게.사분할.지면테스트..검증__김소희_260722_제과_박서연,2169,37,25678.0,3
2026-07-23,[칩] (마스터ASC)[제과_블트하] 26.07_블트칩출시_ASC_전환_image,[칩] (마스터ASC)[제과_블트하] 26.07_블트칩출시_ASC_전환_image,[26.07]F_I_BT칩_전환_블트칩출시_매거진형_KR1_.배너_맘카페난리진짜맛있을까.원산지.확장__김소희_260722_제과_김수정,884,16,8811.0,1
2026-07-24,[제과_블트하] 26.07_블트깡출시_수동_전환_image_전체타겟,[칩] 맘카페.페르소나_블트칩출시 (KR1),[26.07]F_I_BT칩_전환_블트칩출시_바이럴형_KR1_.배너_맘카페페르소나.지면테스트.엄마들단톡.검증__김소희_260722_제과_김수정,38,1,1456.0,0
2026-07-24,(마스터ASC)[제과_블트하] 26.07_블트깡출시_ASC_전환_video,(마스터ASC)[제과_블트하] 26.07_블트깡출시_ASC_전환_video,[26.07]F_V_BT깡_전환_블트깡출시_취식강조형_먹방.KR2_var1.릴스_원재료.X_2P_김소희_260724_제과_이미진,19,3,319.0,0
2026-07-25,(마스터ASC)[제과_콘스프맛 팝콘] 26.05_콘스프맛팝콘출시_ASC_전환_video,(마스터ASC)[콘스프맛 팝콘] 26.05_콘스프맛팝콘출시_ASC_전환_video,[26.06]F_V_PC혼_전환_콘스프맛팝콘출시_네고형_관계성네고형_var3.릴스_취식강조.X_2P_박현지_260612_제과_이미진,877,8,11484.0,0
2026-07-25,(마스터ASC)[제과_블트하] 26.07_블트깡출시_ASC_전환_video,(마스터ASC)[제과_블트하] 26.07_블트깡출시_ASC_전환_video,[26.07]F_V_BT깡_전환_블트깡출시_취식강조형_먹방.KR2_var1.릴스_원재료.X_2P_김소희_260724_제과_이미진,197,5,4883.0,0
2026-07-01,[콘스프맛 팝콘] 26.05_콘스프맛팝콘출시_ASC_전환_image (old),[콘스프맛 팝콘] 26.05_콘스프맛팝콘출시_ASC_전환_image (old),[26.06]F_I_PC혼_전환_팝콘더블특가_혜택강조형_페인포인트_.배너_관리.식단.__김소희_260624_제과_김나현,7,0,138.0,0
2026-07-01,(미사용) [제과_단백질 쉐이크] 26.06_단백질쉐이크출시_ASC_전환_image,[제과_단백질 쉐이크] 26.06_단백질쉐이크출시_ASC_전환_image,[26.06]F_I_SK초_전환_단백질쉐이크출시_제품강조형_라라권위_.배너_초코우유에코코볼말먹.가격비교O.__이유빈_260701_제과_문다현,114,4,2802.0,1
2026-07-02,[콘스프맛 팝콘] 26.05_콘스프맛팝콘출시_ASC_전환_image (old),[콘스프맛 팝콘] 26.05_콘스프맛팝콘출시_ASC_전환_image (old),[26.06]F_I_PC혼_전환_팝콘더블특가_혜택강조형_페인포인트_.배너_관리.식단.__김소희_260624_제과_김나현,6,1,52.0,0
2026-07-02,(미사용) [제과_단백질 쉐이크] 26.06_단백질쉐이크출시_ASC_전환_image,[제과_단백질 쉐이크] 26.06_단백질쉐이크출시_ASC_전환_image,[26.06]F_I_SK초_전환_단백질쉐이크출시_제품강조형_라라권위_.배너_초코우유에코코볼말먹.가격비교O.__이유빈_260701_제과_문다현,1,0,4.0,0
2026-07-07,(미사용) [제과_단백질 쉐이크] 26.06_단백질쉐이크출시_ASC_전환_image,[제과_단백질 쉐이크] 26.06_단백질쉐이크출시_ASC_전환_image,[26.06]F_I_SK초_전환_단백질쉐이크출시_제품강조형_라라권위_.배너_초코우유에코코볼말먹.가격비교O.__이유빈_260701_제과_문다현,1145,26,30845.0,5
2026-07-07,[제과_콘스프맛 팝콘] 26.05_콘스프맛팝콘출시_수동_전환_image,긴급성강조_할인페스타 (~7/8),[26.07]F_I_PC혼_전환_팝콘할인페스타_혜택강조형_다이어트_.배너_사과문.입터짐방지용.확장__김소희_260706_제과_문다현,781,26,19153.0,2
2026-07-08,[제과_단백질 쉐이크] 26.06_단백질쉐이크출시_수동_전환_image,브랜드강조_0624,[26.06]F_I_SK곡_전환_단백질쉐이크출시_매거진형_라라스윗권위_.배너_저당.__이유빈_260623_제과_김나현,220,4,3727.0,0
2026-07-09,[제과_단백질 쉐이크] 26.06_단백질쉐이크출시_수동_전환_image,브랜드강조_0624,[26.06]F_I_SK곡_전환_단백질쉐이크출시_매거진형_라라스윗권위_.배너_저당.__이유빈_260623_제과_김나현,51,1,724.0,0
2026-07-10,[제과_단백질 쉐이크] 26.06_단백질쉐이크출시_수동_전환_image,브랜드강조_0624,[26.06]F_I_SK곡_전환_단백질쉐이크출시_매거진형_라라스윗권위_.배너_저당.__이유빈_260623_제과_김나현,77,0,1591.0,0
2026-07-11,[제과_단백질 쉐이크] 26.06_단백질쉐이크출시_수동_전환_image,파우치개당가강조(2)_0709,[26.07]F_I_SK혼_전환_단백질쉐이크출시_혜택강조형_파우치.개당가강조_.배너_코코볼한가득인데개당1천원대.핑크.팝콘.확장__이유빈_260710_제과_문다현,369,12,12792.0,1
2026-07-15,[제과_블트하] 26.07_블트깡출시_수동_전환_video_전체타겟,BP이식형_블트깡출시 (KR1),[26.07]F_V_BT깡_전환_블트깡출시_쩜오건_리액션과장.KR1_main.릴스_트러플하몽.제품후킹.X_1P_김소희_260715_제과_문형민,11,0,205.0,0
2026-07-15,(마스터ASC)[제과_블트하] 26.07_블트깡출시_ASC_전환_image,(마스터ASC)[제과_블트하] 26.07_블트깡출시_ASC_전환_image,[26.07]F_I_BT깡_전환_블트깡출시_혜택강조형_혜택강조형_.배너_창고형마트에서무조건쟁이는.검증__김소희_260715_제과_박서연,49,2,1142.0,1
2026-07-15,[제과_블트하] 26.07_블트깡출시_수동_전환_image_전체타겟,원산지권위_블트깡출시 (KR2),[26.07]F_I_BT깡_전환_블트깡출시_바이럴형_KR2_.배너_원산지페포.유행이라먹어보고싶은데.검증__김소희_260715_제과_김수정,61,0,746.0,0
2026-07-16,[제과_블트하] 26.07_블트깡출시_수동_전환_video_전체타겟,BP이식형_블트깡출시 (KR1),[26.07]F_V_BT깡_전환_블트깡출시_쩜오건_리액션과장.KR1_main.릴스_트러플하몽.제품후킹.X_1P_김소희_260715_제과_문형민,47,2,729.0,1
2026-07-16,(마스터ASC)[제과_블트하] 26.07_블트깡출시_ASC_전환_image,(마스터ASC)[제과_블트하] 26.07_블트깡출시_ASC_전환_image,[26.07]F_I_BT깡_전환_블트깡출시_혜택강조형_혜택강조형_.배너_창고형마트에서무조건쟁이는.검증__김소희_260715_제과_박서연,104,2,3401.0,0
2026-07-16,[제과_블트하] 26.07_블트깡출시_수동_전환_image_전체타겟,원산지권위_블트깡출시 (KR2),[26.07]F_I_BT깡_전환_블트깡출시_바이럴형_KR2_.배너_원산지페포.유행이라먹어보고싶은데.검증__김소희_260715_제과_김수정,28,0,395.0,0
2026-07-16,[제과_단백질 쉐이크] 26.06_단백질쉐이크출시_수동_전환_image,올영최저가비교_0715,[26.07]F_I_SK곡_전환_단백질쉐이크출시_혜택강조형_올영최저가비교_.배너_위아래초록.불편한대용량.갈아탈기회.확장__이유빈_260715_제과_문다현,341,5,8364.0,0
2026-07-17,[제과_블트하] 26.07_블트깡출시_수동_전환_video_전체타겟,BP이식형_블트깡출시 (KR1),[26.07]F_V_BT깡_전환_블트깡출시_쩜오건_리액션과장.KR1_main.릴스_트러플하몽.제품후킹.X_1P_김소희_260715_제과_문형민,45,3,884.0,0
2026-07-17,(마스터ASC)[제과_블트하] 26.07_블트깡출시_ASC_전환_image,(마스터ASC)[제과_블트하] 26.07_블트깡출시_ASC_전환_image,[26.07]F_I_BT깡_전환_블트깡출시_혜택강조형_혜택강조형_.배너_창고형마트에서무조건쟁이는.검증__김소희_260715_제과_박서연,406,13,9384.0,1
2026-07-17,[제과_블트하] 26.07_블트깡출시_수동_전환_image_전체타겟,원산지권위_블트깡출시 (KR2),[26.07]F_I_BT깡_전환_블트깡출시_바이럴형_KR2_.배너_원산지페포.유행이라먹어보고싶은데.검증__김소희_260715_제과_김수정,10,0,59.0,0
2026-07-17,(마스터ASC)[제과_블트하] 26.07_블트깡출시_ASC_전환_image,(마스터ASC)[제과_블트하] 26.07_블트깡출시_ASC_전환_image,[26.07]F_I_BT깡_전환_블트깡출시_혜택강조형_KR1_.배너_원산지표기.맘카페.육퇴.확장__김소희_260716_제과_문다현,750,15,14356.0,2
2026-07-19,[제과_블트하] 26.07_블트깡출시_수동_전환_video_전체타겟,BP이식형_블트깡출시 (KR1),[26.07]F_V_BT깡_전환_블트깡출시_쩜오건_리액션과장.KR1_main.릴스_트러플하몽.제품후킹.X_1P_김소희_260715_제과_문형민,1,0,7.0,0
2026-07-21,(마스터ASC)[제과_콘스프맛 팝콘] 26.05_콘스프맛팝콘출시_ASC_전환_video,(마스터ASC)[콘스프맛 팝콘] 26.05_콘스프맛팝콘출시_ASC_전환_video,[26.07]F_V_PC콘_전환_콘스프맛팝콘출시_네고형_책상지인네고형_var2.렉카_15키로감량.X_2P_이유빈_260721_제과_이미진,1839,44,28520.0,8
2026-07-22,[제과_블트하] 26.07_블트깡출시_수동_전환_video_전체타겟,BP이식형_블트깡출시 (KR1),[26.07]F_V_BT깡_전환_블트깡출시_쩜오건_리액션과장.KR1_main.릴스_트러플하몽.제품후킹.X_1P_김소희_260715_제과_문형민,15,0,410.0,0
2026-07-22,(마스터ASC)[제과_콘스프맛 팝콘] 26.05_콘스프맛팝콘출시_ASC_전환_video,(마스터ASC)[콘스프맛 팝콘] 26.05_콘스프맛팝콘출시_ASC_전환_video,[26.07]F_V_PC콘_전환_콘스프맛팝콘출시_네고형_책상지인네고형_var2.렉카_15키로감량.X_2P_이유빈_260721_제과_이미진,4336,136,78629.0,14
2026-07-22,(마스터ASC)[제과_블트하] 26.07_블트깡출시_ASC_전환_image,(마스터ASC)[제과_블트하] 26.07_블트깡출시_ASC_전환_image,[26.07]F_I_BT깡_전환_블트깡출시__KR1_.배너_공지문.원산지.확장__김소희_260721_제과_김수정,2094,81,42791.0,8
2026-07-23,[제과_블트하] 26.07_블트깡출시_수동_전환_video_전체타겟,BP이식형_블트깡출시 (KR1),[26.07]F_V_BT깡_전환_블트깡출시_쩜오건_리액션과장.KR1_main.릴스_트러플하몽.제품후킹.X_1P_김소희_260715_제과_문형민,73,4,1293.0,0
2026-07-23,(마스터ASC)[제과_콘스프맛 팝콘] 26.05_콘스프맛팝콘출시_ASC_전환_video,(마스터ASC)[콘스프맛 팝콘] 26.05_콘스프맛팝콘출시_ASC_전환_video,[26.07]F_V_PC콘_전환_콘스프맛팝콘출시_네고형_책상지인네고형_var2.렉카_15키로감량.X_2P_이유빈_260721_제과_이미진,1285,36,24951.0,1
2026-07-23,(마스터ASC)[제과_블트하] 26.07_블트깡출시_ASC_전환_image,(마스터ASC)[제과_블트하] 26.07_블트깡출시_ASC_전환_image,[26.07]F_I_BT깡_전환_블트깡출시__KR1_.배너_공지문.원산지.확장__김소희_260721_제과_김수정,2023,55,47701.0,7
2026-07-24,(마스터ASC)[제과_콘스프맛 팝콘] 26.05_콘스프맛팝콘출시_ASC_전환_video,(마스터ASC)[콘스프맛 팝콘] 26.05_콘스프맛팝콘출시_ASC_전환_video,[26.07]F_V_PC콘_전환_콘스프맛팝콘출시_네고형_책상지인네고형_var2.렉카_15키로감량.X_2P_이유빈_260721_제과_이미진,842,28,18563.0,2
2026-07-24,(마스터ASC)[제과_블트하] 26.07_블트깡출시_ASC_전환_image,(마스터ASC)[제과_블트하] 26.07_블트깡출시_ASC_전환_image,[26.07]F_I_BT깡_전환_블트깡출시__KR1_.배너_공지문.원산지.확장__김소희_260721_제과_김수정,88,1,1699.0,0
2026-07-25,[제과_블트하] 26.07_블트깡출시_수동_전환_video_전체타겟,BP이식형_블트깡출시 (KR1),[26.07]F_V_BT깡_전환_블트깡출시_쩜오건_리액션과장.KR1_main.릴스_트러플하몽.제품후킹.X_1P_김소희_260715_제과_문형민,3,0,53.0,0
2026-07-25,(마스터ASC)[제과_콘스프맛 팝콘] 26.05_콘스프맛팝콘출시_ASC_전환_video,(마스터ASC)[콘스프맛 팝콘] 26.05_콘스프맛팝콘출시_ASC_전환_video,[26.07]F_V_PC콘_전환_콘스프맛팝콘출시_네고형_책상지인네고형_var2.렉카_15키로감량.X_2P_이유빈_260721_제과_이미진,596,13,11409.0,0
2026-07-25,(마스터ASC)[제과_블트하] 26.07_블트깡출시_ASC_전환_image,(마스터ASC)[제과_블트하] 26.07_블트깡출시_ASC_전환_image,[26.07]F_I_BT깡_전환_블트깡출시__KR1_.배너_공지문.원산지.확장__김소희_260721_제과_김수정,400,11,10293.0,1
2026-07-26,(마스터ASC)[제과_블트하] 26.07_블트깡출시_ASC_전환_image,(마스터ASC)[제과_블트하] 26.07_블트깡출시_ASC_전환_image,[26.07]F_I_BT깡_전환_블트깡출시__KR1_.배너_공지문.원산지.확장__김소희_260721_제과_김수정,962,28,29788.0,1
2026-07-27,(마스터ASC)[제과_블트하] 26.07_블트깡출시_ASC_전환_image,(마스터ASC)[제과_블트하] 26.07_블트깡출시_ASC_전환_image,[26.07]F_I_BT깡_전환_블트깡출시__KR1_.배너_공지문.원산지.확장__김소희_260721_제과_김수정,852,14,23992.0,0
2026-07-27,[칩] (마스터ASC)[제과_블트하] 26.07_블트칩출시_ASC_전환_image,[칩] (마스터ASC)[제과_블트하] 26.07_블트칩출시_ASC_전환_image,[26.07]F_I_BT칩_전환_블트칩출시_혜택강조형_KR2_.피드_주변인.집들이.확장__김소희_260727_제과_박지현,5,1,230.0,0
2026-07-28,[칩] (마스터ASC)[제과_블트하] 26.07_블트칩출시_ASC_전환_image,[칩] (마스터ASC)[제과_블트하] 26.07_블트칩출시_ASC_전환_image,[26.07]F_I_BT칩_전환_블트칩출시_혜택강조형_KR2_.피드_주변인.집들이.확장__김소희_260727_제과_박지현,10,0,262.0,0
2026-07-01,[제과_단백질 쉐이크] 26.06_단백질쉐이크출시_수동_전환_video,인플루언서형(재)_0629,[26.06]F_V_SK혼_전환_단백질쉐이크출시_신규BP_개당가메리트.재편집_var2.릴스_기존.혜택.X_2P_이유빈_260629_제과_이봄1,496,2,13284.0,1
2026-07-01,[콘스프맛 팝콘] 26.05_콘스프맛팝콘출시_ASC_전환_image (old),[콘스프맛 팝콘] 26.05_콘스프맛팝콘출시_ASC_전환_image (old),[26.06]F_I_PC혼_전환_팝콘더블특가_매거진형_다이어트_.배너_오늘종료서두르세요.요요.입터짐방지템.확장__김소희_260701_제과_문다현,1115,20,22193.0,1
2026-07-02,[콘스프맛 팝콘] 26.05_콘스프맛팝콘출시_ASC_전환_image (old),[콘스프맛 팝콘] 26.05_콘스프맛팝콘출시_ASC_전환_image (old),[26.06]F_I_PC혼_전환_팝콘더블특가_매거진형_다이어트_.배너_오늘종료서두르세요.요요.입터짐방지템.확장__김소희_260701_제과_문다현,859,11,16195.0,3
2026-07-02,(미사용) [제과_단백질 쉐이크] 26.06_단백질쉐이크출시_ASC_전환_image,[제과_단백질 쉐이크] 26.06_단백질쉐이크출시_ASC_전환_image,[26.06]F_I_SK곡_전환_단백질쉐이크출시_제품강조형_타사비교_.배너_저가비교.가격저렴하면.__이유빈_260701_제과_김수정,21,1,634.0,0
2026-07-03,(미사용) [제과_단백질 쉐이크] 26.06_단백질쉐이크출시_ASC_전환_image,[제과_단백질 쉐이크] 26.06_단백질쉐이크출시_ASC_전환_image,[26.06]F_I_SK곡_전환_단백질쉐이크출시_제품강조형_타사비교_.배너_저가비교.가격저렴하면.__이유빈_260701_제과_김수정,1,0,35.0,0
2026-07-04,(미사용) [제과_단백질 쉐이크] 26.06_단백질쉐이크출시_ASC_전환_image,[제과_단백질 쉐이크] 26.06_단백질쉐이크출시_ASC_전환_image,[26.06]F_I_SK곡_전환_단백질쉐이크출시_제품강조형_타사비교_.배너_저가비교.가격저렴하면.__이유빈_260701_제과_김수정,3,0,25.0,0
2026-07-07,(미사용) [제과_단백질 쉐이크] 26.06_단백질쉐이크출시_ASC_전환_image,[제과_단백질 쉐이크] 26.06_단백질쉐이크출시_ASC_전환_image,[26.06]F_I_SK곡_전환_단백질쉐이크출시_제품강조형_타사비교_.배너_저가비교.가격저렴하면.__이유빈_260701_제과_김수정,629,12,18978.0,2
2026-07-07,(마스터ASC)[제과_콘스프맛 팝콘] 26.07_콘스프맛팝콘출시_ASC_전환_image (NEW),(마스터ASC)[콘스프맛 팝콘] 26.07_콘스프맛팝콘출시_ASC_전환_image (NEW),[26.07]F_I_PC혼_전환_팝콘할인페스타_혜택강조형_다이어트_.배너_공지.가격실수안내.유명헬스뷰티스토어.대형유튜버.확장__김소희_260707_제과_문다현,39,1,399.0,0
2026-07-08,(미사용) [제과_단백질 쉐이크] 26.06_단백질쉐이크출시_ASC_전환_image,[제과_단백질 쉐이크] 26.06_단백질쉐이크출시_ASC_전환_image,[26.06]F_I_SK곡_전환_단백질쉐이크출시_제품강조형_타사비교_.배너_저가비교.가격저렴하면.__이유빈_260701_제과_김수정,1777,20,39459.0,5
2026-07-08,(마스터ASC)[제과_콘스프맛 팝콘] 26.07_콘스프맛팝콘출시_ASC_전환_image (NEW),(마스터ASC)[콘스프맛 팝콘] 26.07_콘스프맛팝콘출시_ASC_전환_image (NEW),[26.07]F_I_PC혼_전환_팝콘할인페스타_혜택강조형_다이어트_.배너_공지.가격실수안내.유명헬스뷰티스토어.대형유튜버.확장__김소희_260707_제과_문다현,2396,83,36303.0,5
2026-07-11,[제과_콘스프맛 팝콘] 26.05_콘스프맛팝콘출시_수동_전환_video,지인네고형_팝콘더블특가_콘스프맛 (~7/1),[26.07]F_V_PC콘_전환_콘스프맛팝콘출시_네고형_지인네고형.다이어트_var2.릴스_취식상황강조2.슬기.(재)_1P_김소희_260710_제과_문형민,33,0,532.0,0
2026-07-11,(마스터ASC)[제과_콘스프맛 팝콘] 26.07_콘스프맛팝콘출시_ASC_전환_image (NEW),(마스터ASC)[콘스프맛 팝콘] 26.07_콘스프맛팝콘출시_ASC_전환_image (NEW),[26.07]F_I_PC혼_전환_콘스프맛팝콘출시_혜택강조형__.배너_개당1천원대.계단형.마감전까지만.12900.확장__김소희_260710_제과_문다현,562,4,8887.0,0
2026-07-12,[제과_콘스프맛 팝콘] 26.05_콘스프맛팝콘출시_수동_전환_video,지인네고형_팝콘더블특가_콘스프맛 (~7/1),[26.07]F_V_PC콘_전환_콘스프맛팝콘출시_네고형_지인네고형.다이어트_var2.릴스_취식상황강조2.슬기.(재)_1P_김소희_260710_제과_문형민,5,0,48.0,0
2026-07-14,[제과_단백질 쉐이크] 26.06_단백질쉐이크출시_수동_전환_image,최저가비교_0713,[26.07]F_I_SK곡_전환_단백질쉐이크출시_매거진형_개당최저가비교_.배너_토핑계속씹히는얼음동동.확장__이유빈_260713_제과_문다현,183,5,4926.0,0
2026-07-15,[제과_콘스프맛 팝콘] 26.05_콘스프맛팝콘출시_수동_전환_video,지인네고형_팝콘더블특가_콘스프맛 (~7/1),[26.07]F_V_PC콘_전환_콘스프맛팝콘출시_네고형_지인네고형.다이어트_var2.릴스_취식상황강조2.슬기.(재)_1P_김소희_260710_제과_문형민,13,0,397.0,0
2026-07-15,[제과_단백질 쉐이크] 26.06_단백질쉐이크출시_수동_전환_image,최저가비교_0713,[26.07]F_I_SK곡_전환_단백질쉐이크출시_매거진형_개당최저가비교_.배너_토핑계속씹히는얼음동동.확장__이유빈_260713_제과_문다현,63,2,1566.0,0
2026-07-15,(마스터ASC)[제과_블트하] 26.07_블트깡출시_ASC_전환_image,(마스터ASC)[제과_블트하] 26.07_블트깡출시_ASC_전환_image,[26.07]F_I_BT깡_전환_블트깡출시_매거진형_KR1_.배너_판매량.리셀대란.검증__김소희_260715_제과_김수정,57,1,1264.0,0
2026-07-15,(마스터ASC)[제과_블트하] 26.07_블트깡출시_ASC_전환_image,(마스터ASC)[제과_블트하] 26.07_블트깡출시_ASC_전환_image,[26.07]F_I_BT깡_전환_블트깡출시_바이럴형_KR1_.배너_연예인권위.과자안먹을것같은.검증__김소희_260715_제과_김수정,8,0,103.0,0
2026-07-16,[제과_단백질 쉐이크] 26.06_단백질쉐이크출시_수동_전환_image,최저가비교_0713,[26.07]F_I_SK곡_전환_단백질쉐이크출시_매거진형_개당최저가비교_.배너_토핑계속씹히는얼음동동.확장__이유빈_260713_제과_문다현,9,0,356.0,0
2026-07-16,(마스터ASC)[제과_블트하] 26.07_블트깡출시_ASC_전환_image,(마스터ASC)[제과_블트하] 26.07_블트깡출시_ASC_전환_image,[26.07]F_I_BT깡_전환_블트깡출시_매거진형_KR1_.배너_판매량.리셀대란.검증__김소희_260715_제과_김수정,25,2,551.0,1
2026-07-16,(마스터ASC)[제과_블트하] 26.07_블트깡출시_ASC_전환_image,(마스터ASC)[제과_블트하] 26.07_블트깡출시_ASC_전환_image,[26.07]F_I_BT깡_전환_블트깡출시_바이럴형_KR1_.배너_연예인권위.과자안먹을것같은.검증__김소희_260715_제과_김수정,51,2,1061.0,0
2026-07-17,(마스터ASC)[제과_블트하] 26.07_블트깡출시_ASC_전환_image,(마스터ASC)[제과_블트하] 26.07_블트깡출시_ASC_전환_image,[26.07]F_I_BT깡_전환_블트깡출시_매거진형_KR1_.배너_판매량.리셀대란.검증__김소희_260715_제과_김수정,25,1,454.0,0
2026-07-17,(마스터ASC)[제과_블트하] 26.07_블트깡출시_ASC_전환_image,(마스터ASC)[제과_블트하] 26.07_블트깡출시_ASC_전환_image,[26.07]F_I_BT깡_전환_블트깡출시_바이럴형_KR1_.배너_3040소비상황.스레드에계속떠서스레드템플릿.검증__김소희_260716_제과_김수정,22,0,174.0,0
2026-07-17,(마스터ASC)[제과_블트하] 26.07_블트깡출시_ASC_전환_image,(마스터ASC)[제과_블트하] 26.07_블트깡출시_ASC_전환_image,[26.07]F_I_BT깡_전환_블트깡출시_바이럴형_KR1_.배너_맘카페.맘카페창고형마트계인간사료.확장__김소희_260716_제과_김수정,25,0,453.0,0
2026-07-18,(마스터ASC)[제과_블트하] 26.07_블트깡출시_ASC_전환_image,(마스터ASC)[제과_블트하] 26.07_블트깡출시_ASC_전환_image,[26.07]F_I_BT깡_전환_블트깡출시_매거진형_KR1_.배너_판매량.리셀대란.검증__김소희_260715_제과_김수정,20,0,670.0,0
2026-07-18,(마스터ASC)[제과_블트하] 26.07_블트깡출시_ASC_전환_image,(마스터ASC)[제과_블트하] 26.07_블트깡출시_ASC_전환_image,[26.07]F_I_BT깡_전환_블트깡출시_바이럴형_KR1_.배너_3040소비상황.스레드에계속떠서스레드템플릿.검증__김소희_260716_제과_김수정,1,0,2.0,0
2026-07-19,(마스터ASC)[제과_블트하] 26.07_블트깡출시_ASC_전환_image,(마스터ASC)[제과_블트하] 26.07_블트깡출시_ASC_전환_image,[26.07]F_I_BT깡_전환_블트깡출시_매거진형_KR1_.배너_판매량.리셀대란.검증__김소희_260715_제과_김수정,42,0,1054.0,0
2026-07-20,(마스터ASC)[제과_블트하] 26.07_블트깡출시_ASC_전환_image,(마스터ASC)[제과_블트하] 26.07_블트깡출시_ASC_전환_image,[26.07]F_I_BT깡_전환_블트깡출시_매거진형_KR1_.배너_판매량.리셀대란.검증__김소희_260715_제과_김수정,25,0,470.0,0
2026-07-21,(마스터ASC)[제과_블트하] 26.07_블트깡출시_ASC_전환_image,(마스터ASC)[제과_블트하] 26.07_블트깡출시_ASC_전환_image,[26.07]F_I_BT깡_전환_블트깡출시_매거진형_KR1_.배너_판매량.리셀대란.검증__김소희_260715_제과_김수정,1,0,55.0,0
2026-07-22,[칩] (마스터ASC)[제과_블트하] 26.07_블트칩출시_ASC_전환_image,[칩] (마스터ASC)[제과_블트하] 26.07_블트칩출시_ASC_전환_image,[26.07]F_I_BT칩_전환_블트칩출시_혜택강조형_KR2_.배너_비싼거때려넣은.사분할.지면테스트..검증__김소희_260722_제과_박서연,291,14,4411.0,0
2026-07-23,(마스터ASC)[제과_블트하] 26.07_블트깡출시_ASC_전환_image,(마스터ASC)[제과_블트하] 26.07_블트깡출시_ASC_전환_image,[26.07]F_I_BT깡_전환_블트깡출시_매거진형_KR1_.배너_판매량.리셀대란.검증__김소희_260715_제과_김수정,42,1,1051.0,0
2026-07-23,(마스터ASC)[제과_블트하] 26.07_블트깡출시_ASC_전환_image,(마스터ASC)[제과_블트하] 26.07_블트깡출시_ASC_전환_image,[26.07]F_I_BT깡_전환_블트깡출시_바이럴형_KR1_.배너_연예인권위.과자안먹을것같은.검증__김소희_260715_제과_김수정,3,0,5.0,0
2026-07-23,(마스터ASC)[제과_블트하] 26.07_블트깡출시_ASC_전환_image,(마스터ASC)[제과_블트하] 26.07_블트깡출시_ASC_전환_image,[26.07]F_I_BT깡_전환_블트깡출시_바이럴형_KR1_.배너_3040소비상황.스레드에계속떠서스레드템플릿.검증__김소희_260716_제과_김수정,1,0,4.0,0
2026-07-23,(마스터ASC)[제과_블트하] 26.07_블트깡출시_ASC_전환_image,(마스터ASC)[제과_블트하] 26.07_블트깡출시_ASC_전환_image,[26.07]F_I_BT깡_전환_블트깡출시_바이럴형_KR1_.배너_맘카페.맘카페창고형마트계인간사료.확장__김소희_260716_제과_김수정,3,0,31.0,0
2026-07-23,[칩] (마스터ASC)[제과_블트하] 26.07_블트칩출시_ASC_전환_image,[칩] (마스터ASC)[제과_블트하] 26.07_블트칩출시_ASC_전환_image,[26.07]F_I_BT칩_전환_블트칩출시_혜택강조형_KR2_.배너_비싼거때려넣은.사분할.지면테스트..검증__김소희_260722_제과_박서연,1145,39,17585.0,3
2026-07-24,[칩] (마스터ASC)[제과_블트하] 26.07_블트칩출시_ASC_전환_image,[칩] (마스터ASC)[제과_블트하] 26.07_블트칩출시_ASC_전환_image,[26.07]F_I_BT칩_전환_블트칩출시_혜택강조형_KR2_.배너_비싼거때려넣은.사분할.지면테스트..검증__김소희_260722_제과_박서연,928,14,14742.0,1
2026-07-25,[칩] (마스터ASC)[제과_블트하] 26.07_블트칩출시_ASC_전환_image,[칩] (마스터ASC)[제과_블트하] 26.07_블트칩출시_ASC_전환_image,[26.07]F_I_BT칩_전환_블트칩출시_혜택강조형_KR2_.배너_비싼거때려넣은.사분할.지면테스트..검증__김소희_260722_제과_박서연,279,3,5180.0,0
2026-07-01,(마스터ASC)[제과_콘스프맛 팝콘] 26.05_콘스프맛팝콘출시_ASC_전환_video,(마스터ASC)[콘스프맛 팝콘] 26.05_콘스프맛팝콘출시_ASC_전환_video,[26.06]F_V_PC콘_전환_팝콘더블특가_인플루언서형_올리브BP.다이어트_var3.릴스_페르소나.슬기.X_1P_최나영_260625_제과_강경연,1,0,10.0,0
2026-07-01,[콘스프맛 팝콘] 26.05_콘스프맛팝콘출시_ASC_전환_image (old),[콘스프맛 팝콘] 26.05_콘스프맛팝콘출시_ASC_전환_image (old),[26.06]F_I_PC혼_전환_팝콘더블특가_매거진형__.배너_반값보다싸요.팝콘실제컷패키지.__김소희_260625_제과_김수정,863,11,14930.0,3
2026-07-01,[제과_콘스프맛 팝콘] 26.05_콘스프맛팝콘출시_수동_전환_image,입터짐방지_팝콘더블특가 (~7/1) (재세팅),[26.06]F_I_PC혼_전환_팝콘더블특가_혜택강조형_다이어트_.배너_입터짐방지템.가짜배고픔.__김소희_260629_제과_김수정,28,1,822.0,0
2026-07-02,(마스터ASC)[제과_콘스프맛 팝콘] 26.05_콘스프맛팝콘출시_ASC_전환_video,(마스터ASC)[콘스프맛 팝콘] 26.05_콘스프맛팝콘출시_ASC_전환_video,[26.06]F_V_PC콘_전환_팝콘더블특가_인플루언서형_올리브BP.다이어트_var3.릴스_페르소나.슬기.X_1P_최나영_260625_제과_강경연,7,0,353.0,0
2026-07-02,[콘스프맛 팝콘] 26.05_콘스프맛팝콘출시_ASC_전환_image (old),[콘스프맛 팝콘] 26.05_콘스프맛팝콘출시_ASC_전환_image (old),[26.06]F_I_PC혼_전환_팝콘더블특가_매거진형__.배너_반값보다싸요.팝콘실제컷패키지.__김소희_260625_제과_김수정,22,0,512.0,0
2026-07-04,(미사용) [제과_단백질 쉐이크] 26.06_단백질쉐이크출시_ASC_전환_image,[제과_단백질 쉐이크] 26.06_단백질쉐이크출시_ASC_전환_image,[26.07]F_I_SK초_전환_단백질쉐이크출시_혜택강조형_가격메리트_.릴스_후킹질문강조.확장__이유빈_260703_제과_김수정,603,15,11453.0,0
2026-07-05,(마스터ASC)[제과_콘스프맛 팝콘] 26.05_콘스프맛팝콘출시_ASC_전환_video,(마스터ASC)[콘스프맛 팝콘] 26.05_콘스프맛팝콘출시_ASC_전환_video,[26.06]F_V_PC콘_전환_팝콘더블특가_인플루언서형_올리브BP.다이어트_var3.릴스_페르소나.슬기.X_1P_최나영_260625_제과_강경연,233,1,5155.0,0
2026-07-06,(마스터ASC)[제과_콘스프맛 팝콘] 26.05_콘스프맛팝콘출시_ASC_전환_video,(마스터ASC)[콘스프맛 팝콘] 26.05_콘스프맛팝콘출시_ASC_전환_video,[26.06]F_V_PC콘_전환_팝콘더블특가_인플루언서형_올리브BP.다이어트_var3.릴스_페르소나.슬기.X_1P_최나영_260625_제과_강경연,106,0,2088.0,0
2026-07-07,(마스터ASC)[제과_콘스프맛 팝콘] 26.05_콘스프맛팝콘출시_ASC_전환_video,(마스터ASC)[콘스프맛 팝콘] 26.05_콘스프맛팝콘출시_ASC_전환_video,[26.06]F_V_PC콘_전환_팝콘더블특가_인플루언서형_올리브BP.다이어트_var3.릴스_페르소나.슬기.X_1P_최나영_260625_제과_강경연,18,0,362.0,0
2026-07-07,[제과_단백질 쉐이크] 26.06_단백질쉐이크출시_수동_전환_video,지인네고형_0702,[26.07]F_V_SK혼_전환_단백질쉐이크출시_네고형_지인네고형_main.릴스_가격강조아몬드스윗삭제.(재)_2P_이유빈_260707_제과_이봄1,8212,374,126533.0,17
2026-07-07,(마스터2) [제과_단백질 쉐이크] 26.07_단백질쉐이크출시_ASC_전환_image,(마스터2) [제과_단백질 쉐이크] 26.07_단백질쉐이크출시_ASC_전환_image,[26.07]F_I_SK초_전환_단백질쉐이크출시_혜택강조형_파우치.개당가강조_.릴스_파우치대용량비교.여러분이거가격.확장__이유빈_260707_제과_김수정,1112,15,19369.0,1
2026-07-08,[제과_단백질 쉐이크] 26.06_단백질쉐이크출시_수동_전환_video,지인네고형_0702,[26.07]F_V_SK혼_전환_단백질쉐이크출시_네고형_지인네고형_main.릴스_가격강조아몬드스윗삭제.(재)_2P_이유빈_260707_제과_이봄1,3768,168,55421.0,5
2026-07-08,(마스터ASC)[제과_콘스프맛 팝콘] 26.07_콘스프맛팝콘출시_ASC_전환_image (NEW),(마스터ASC)[콘스프맛 팝콘] 26.07_콘스프맛팝콘출시_ASC_전환_image (NEW),[26.07]F_I_PC혼_전환_팝콘할인페스타_혜택강조형_다이어트_.배너_군것질생각너무나지만.살걱정.마감직전.빠른속도로.소진중.확장__김소희_260707_제과_문다현,126,2,1596.0,0
2026-07-08,(마스터2) [제과_단백질 쉐이크] 26.07_단백질쉐이크출시_ASC_전환_image,(마스터2) [제과_단백질 쉐이크] 26.07_단백질쉐이크출시_ASC_전환_image,[26.07]F_I_SK초_전환_단백질쉐이크출시_혜택강조형_파우치.개당가강조_.릴스_파우치대용량비교.여러분이거가격.확장__이유빈_260707_제과_김수정,603,15,10916.0,0
2026-07-09,[제과_단백질 쉐이크] 26.06_단백질쉐이크출시_수동_전환_video,지인네고형_0702,[26.07]F_V_SK혼_전환_단백질쉐이크출시_네고형_지인네고형_main.릴스_가격강조아몬드스윗삭제.(재)_2P_이유빈_260707_제과_이봄1,22113,695,321417.0,29
2026-07-09,(마스터ASC)[제과_콘스프맛 팝콘] 26.07_콘스프맛팝콘출시_ASC_전환_image (NEW),(마스터ASC)[콘스프맛 팝콘] 26.07_콘스프맛팝콘출시_ASC_전환_image (NEW),[26.07]F_I_PC혼_전환_팝콘할인페스타_혜택강조형_다이어트_.배너_군것질생각너무나지만.살걱정.마감직전.빠른속도로.소진중.확장__김소희_260707_제과_문다현,50,0,1207.0,0
2026-07-09,[제과_단백질 쉐이크] 26.06_단백질쉐이크출시_수동_전환_video,아몬드스윗.삭제,[26.07]F_V_SK혼_전환_단백질쉐이크출시_네고형_지인네고형_main.릴스_가격강조아몬드스윗삭제.(재)_2P_이유빈_260707_제과_이봄1,388,19,5602.0,0
2026-07-09,(마스터2) [제과_단백질 쉐이크] 26.07_단백질쉐이크출시_ASC_전환_image,(마스터2) [제과_단백질 쉐이크] 26.07_단백질쉐이크출시_ASC_전환_image,[26.07]F_I_SK혼_전환_단백질쉐이크출시_매거진형_파우치.개당가강조_.배너_포만감페인포인트.단쉐는금방배고파지는데.이건먹다남음.검증__이유빈_260709_제과_문다현,7,0,272.0,0
2026-07-10,[제과_단백질 쉐이크] 26.06_단백질쉐이크출시_수동_전환_video,지인네고형_0702,[26.07]F_V_SK혼_전환_단백질쉐이크출시_네고형_지인네고형_main.릴스_가격강조아몬드스윗삭제.(재)_2P_이유빈_260707_제과_이봄1,4642,224,65956.0,8
2026-07-10,[제과_단백질 쉐이크] 26.06_단백질쉐이크출시_수동_전환_video,아몬드스윗.삭제,[26.07]F_V_SK혼_전환_단백질쉐이크출시_네고형_지인네고형_main.릴스_가격강조아몬드스윗삭제.(재)_2P_이유빈_260707_제과_이봄1,3625,217,57155.0,5
2026-07-10,(마스터2) [제과_단백질 쉐이크] 26.07_단백질쉐이크출시_ASC_전환_image,(마스터2) [제과_단백질 쉐이크] 26.07_단백질쉐이크출시_ASC_전환_image,[26.07]F_I_SK혼_전환_단백질쉐이크출시_매거진형_파우치.개당가강조_.배너_포만감페인포인트.단쉐는금방배고파지는데.이건먹다남음.검증__이유빈_260709_제과_문다현,240,7,6672.0,0
2026-07-10,(마스터ASC)[제과_콘스프맛 팝콘] 26.05_콘스프맛팝콘출시_ASC_전환_video,(마스터ASC)[콘스프맛 팝콘] 26.05_콘스프맛팝콘출시_ASC_전환_video,[26.07]F_V_PC콘_전환_콘스프맛팝콘출시_네고형_지인네고형.다이어트_var3.릴스_운동상황강조1.슬기.(재)_1P_김소희_260710_제과_문형민,2,0,243.0,0
2026-07-11,[제과_단백질 쉐이크] 26.06_단백질쉐이크출시_수동_전환_video,아몬드스윗.삭제,[26.07]F_V_SK혼_전환_단백질쉐이크출시_네고형_지인네고형_main.릴스_가격강조아몬드스윗삭제.(재)_2P_이유빈_260707_제과_이봄1,1090,33,15239.0,2
2026-07-11,(마스터ASC)[제과_콘스프맛 팝콘] 26.05_콘스프맛팝콘출시_ASC_전환_video,(마스터ASC)[콘스프맛 팝콘] 26.05_콘스프맛팝콘출시_ASC_전환_video,[26.07]F_V_PC콘_전환_콘스프맛팝콘출시_네고형_지인네고형.다이어트_var3.릴스_운동상황강조1.슬기.(재)_1P_김소희_260710_제과_문형민,7,0,208.0,0
2026-07-11,(마스터2) [제과_단백질 쉐이크] 26.07_단백질쉐이크출시_ASC_전환_image,(마스터2) [제과_단백질 쉐이크] 26.07_단백질쉐이크출시_ASC_전환_image,[26.07]F_I_SK혼_전환_단백질쉐이크출시_혜택강조형_파우치.개당가강조_.배너_코코볼한가득인데개당1천원대.핑크.팝콘.확장__이유빈_260710_제과_문다현,103,3,2958.0,0
2026-07-12,(마스터ASC)[제과_콘스프맛 팝콘] 26.05_콘스프맛팝콘출시_ASC_전환_video,(마스터ASC)[콘스프맛 팝콘] 26.05_콘스프맛팝콘출시_ASC_전환_video,[26.06]F_V_PC콘_전환_팝콘더블특가_인플루언서형_올리브BP.다이어트_var3.릴스_페르소나.슬기.X_1P_최나영_260625_제과_강경연,5,0,52.0,0
2026-07-12,[제과_단백질 쉐이크] 26.06_단백질쉐이크출시_수동_전환_video,지인네고형_0702,[26.07]F_V_SK혼_전환_단백질쉐이크출시_네고형_지인네고형_main.릴스_가격강조아몬드스윗삭제.(재)_2P_이유빈_260707_제과_이봄1,14059,517,195141.0,15
2026-07-12,(마스터ASC)[제과_콘스프맛 팝콘] 26.05_콘스프맛팝콘출시_ASC_전환_video,(마스터ASC)[콘스프맛 팝콘] 26.05_콘스프맛팝콘출시_ASC_전환_video,[26.07]F_V_PC콘_전환_콘스프맛팝콘출시_네고형_지인네고형.다이어트_var3.릴스_운동상황강조1.슬기.(재)_1P_김소희_260710_제과_문형민,9,0,357.0,0
2026-07-12,(마스터2) [제과_단백질 쉐이크] 26.07_단백질쉐이크출시_ASC_전환_image,(마스터2) [제과_단백질 쉐이크] 26.07_단백질쉐이크출시_ASC_전환_image,[26.07]F_I_SK혼_전환_단백질쉐이크출시_혜택강조형_파우치.개당가강조_.배너_코코볼한가득인데개당1천원대.핑크.팝콘.확장__이유빈_260710_제과_문다현,212,12,5897.0,0
2026-07-13,(마스터ASC)[제과_콘스프맛 팝콘] 26.05_콘스프맛팝콘출시_ASC_전환_video,(마스터ASC)[콘스프맛 팝콘] 26.05_콘스프맛팝콘출시_ASC_전환_video,[26.06]F_V_PC콘_전환_팝콘더블특가_인플루언서형_올리브BP.다이어트_var3.릴스_페르소나.슬기.X_1P_최나영_260625_제과_강경연,6,0,224.0,0
2026-07-14,[제과_단백질 쉐이크] 26.06_단백질쉐이크출시_수동_전환_video,지인네고형_0702,[26.07]F_V_SK혼_전환_단백질쉐이크출시_네고형_지인네고형_main.릴스_가격강조아몬드스윗삭제.(재)_2P_이유빈_260707_제과_이봄1,1621,77,23645.0,2
2026-07-14,(마스터ASC)[제과_콘스프맛 팝콘] 26.05_콘스프맛팝콘출시_ASC_전환_video,(마스터ASC)[콘스프맛 팝콘] 26.05_콘스프맛팝콘출시_ASC_전환_video,[26.07]F_V_PC콘_전환_콘스프맛팝콘출시_네고형_지인네고형.다이어트_var3.릴스_운동상황강조1.슬기.(재)_1P_김소희_260710_제과_문형민,2,0,23.0,0
2026-07-15,(마스터ASC)[제과_콘스프맛 팝콘] 26.05_콘스프맛팝콘출시_ASC_전환_video,(마스터ASC)[콘스프맛 팝콘] 26.05_콘스프맛팝콘출시_ASC_전환_video,[26.06]F_V_PC콘_전환_팝콘더블특가_인플루언서형_올리브BP.다이어트_var3.릴스_페르소나.슬기.X_1P_최나영_260625_제과_강경연,41,0,528.0,0
2026-07-16,(마스터ASC)[제과_콘스프맛 팝콘] 26.05_콘스프맛팝콘출시_ASC_전환_video,(마스터ASC)[콘스프맛 팝콘] 26.05_콘스프맛팝콘출시_ASC_전환_video,[26.07]F_V_PC콘_전환_콘스프맛팝콘출시_네고형_지인네고형.다이어트_var3.릴스_운동상황강조1.슬기.(재)_1P_김소희_260710_제과_문형민,6,0,82.0,0
2026-07-16,(마스터ASC)[제과_블트하] 26.07_블트깡출시_ASC_전환_image,(마스터ASC)[제과_블트하] 26.07_블트깡출시_ASC_전환_image,[26.07]F_I_BT깡_전환_블트깡출시_바이럴형_KR1_.배너_일반특정집단.맘카페추천템.검증__김소희_260715_제과_김수정,59,0,1217.0,0
2026-07-16,(마스터2) [제과_단백질 쉐이크] 26.07_단백질쉐이크출시_ASC_전환_image,(마스터2) [제과_단백질 쉐이크] 26.07_단백질쉐이크출시_ASC_전환_image,[26.07]F_I_SK혼_전환_단백질쉐이크출시_혜택강조형_올영최저가비교_.배너_헬스장라커에못들고가는.확장__이유빈_260715_제과_문다현,368,9,11912.0,1
2026-07-17,(마스터ASC)[제과_콘스프맛 팝콘] 26.05_콘스프맛팝콘출시_ASC_전환_video,(마스터ASC)[콘스프맛 팝콘] 26.05_콘스프맛팝콘출시_ASC_전환_video,[26.06]F_V_PC콘_전환_팝콘더블특가_인플루언서형_올리브BP.다이어트_var3.릴스_페르소나.슬기.X_1P_최나영_260625_제과_강경연,7,0,123.0,0
2026-07-17,(마스터ASC)[제과_블트하] 26.07_블트깡출시_ASC_전환_image,(마스터ASC)[제과_블트하] 26.07_블트깡출시_ASC_전환_image,[26.07]F_I_BT깡_전환_블트깡출시_바이럴형_KR1_.배너_창고형마트.대란템.확장__김소희_260716_제과_김수정,275,11,6047.0,1
2026-07-20,(마스터ASC)[제과_콘스프맛 팝콘] 26.05_콘스프맛팝콘출시_ASC_전환_video,(마스터ASC)[콘스프맛 팝콘] 26.05_콘스프맛팝콘출시_ASC_전환_video,[26.06]F_V_PC콘_전환_팝콘더블특가_인플루언서형_올리브BP.다이어트_var3.릴스_페르소나.슬기.X_1P_최나영_260625_제과_강경연,312,6,4827.0,0
2026-07-20,(마스터ASC)[제과_콘스프맛 팝콘] 26.05_콘스프맛팝콘출시_ASC_전환_video,(마스터ASC)[콘스프맛 팝콘] 26.05_콘스프맛팝콘출시_ASC_전환_video,[26.07]F_V_PC콘_전환_콘스프맛팝콘출시_네고형_지인네고형.다이어트_var3.릴스_운동상황강조1.슬기.(재)_1P_김소희_260710_제과_문형민,3068,72,47648.0,7
2026-07-21,(마스터ASC)[제과_콘스프맛 팝콘] 26.05_콘스프맛팝콘출시_ASC_전환_video,(마스터ASC)[콘스프맛 팝콘] 26.05_콘스프맛팝콘출시_ASC_전환_video,[26.06]F_V_PC콘_전환_팝콘더블특가_인플루언서형_올리브BP.다이어트_var3.릴스_페르소나.슬기.X_1P_최나영_260625_제과_강경연,65,0,794.0,0
2026-07-22,(마스터ASC)[제과_콘스프맛 팝콘] 26.05_콘스프맛팝콘출시_ASC_전환_video,(마스터ASC)[콘스프맛 팝콘] 26.05_콘스프맛팝콘출시_ASC_전환_video,[26.06]F_V_PC콘_전환_팝콘더블특가_인플루언서형_올리브BP.다이어트_var3.릴스_페르소나.슬기.X_1P_최나영_260625_제과_강경연,12,0,227.0,0
2026-07-22,(마스터ASC)[제과_콘스프맛 팝콘] 26.05_콘스프맛팝콘출시_ASC_전환_video,(마스터ASC)[콘스프맛 팝콘] 26.05_콘스프맛팝콘출시_ASC_전환_video,[26.07]F_V_PC콘_전환_콘스프맛팝콘출시_네고형_지인네고형.다이어트_var3.릴스_운동상황강조1.슬기.(재)_1P_김소희_260710_제과_문형민,207,3,5803.0,2
2026-07-22,(마스터ASC)[제과_블트하] 26.07_블트깡출시_ASC_전환_image,(마스터ASC)[제과_블트하] 26.07_블트깡출시_ASC_전환_image,[26.07]F_I_BT깡_전환_블트깡출시_바이럴형_KR1_.릴스_맘카페페르소나.지면테스트.육퇴후간식.검증__김소희_260721_제과_김수정,47,1,1073.0,0
2026-07-23,(마스터ASC)[제과_콘스프맛 팝콘] 26.05_콘스프맛팝콘출시_ASC_전환_video,(마스터ASC)[콘스프맛 팝콘] 26.05_콘스프맛팝콘출시_ASC_전환_video,[26.06]F_V_PC콘_전환_팝콘더블특가_인플루언서형_올리브BP.다이어트_var3.릴스_페르소나.슬기.X_1P_최나영_260625_제과_강경연,1,0,26.0,0
2026-07-23,(마스터ASC)[제과_블트하] 26.07_블트깡출시_ASC_전환_image,(마스터ASC)[제과_블트하] 26.07_블트깡출시_ASC_전환_image,[26.07]F_I_BT깡_전환_블트깡출시_바이럴형_KR1_.릴스_맘카페페르소나.지면테스트.육퇴후간식.검증__김소희_260721_제과_김수정,3,0,19.0,0
2026-07-24,(마스터ASC)[제과_콘스프맛 팝콘] 26.05_콘스프맛팝콘출시_ASC_전환_video,(마스터ASC)[콘스프맛 팝콘] 26.05_콘스프맛팝콘출시_ASC_전환_video,[26.06]F_V_PC콘_전환_팝콘더블특가_인플루언서형_올리브BP.다이어트_var3.릴스_페르소나.슬기.X_1P_최나영_260625_제과_강경연,171,5,2276.0,1
2026-07-24,(마스터ASC)[제과_콘스프맛 팝콘] 26.05_콘스프맛팝콘출시_ASC_전환_video,(마스터ASC)[콘스프맛 팝콘] 26.05_콘스프맛팝콘출시_ASC_전환_video,[26.07]F_V_PC콘_전환_콘스프맛팝콘출시_네고형_지인네고형.다이어트_var3.릴스_운동상황강조1.슬기.(재)_1P_김소희_260710_제과_문형민,10,1,187.0,0
2026-07-24,[칩] (마스터ASC)[제과_블트하] 26.07_블트칩출시_ASC_전환_video,[칩] (마스터ASC)[제과_블트하] 26.07_블트칩출시_ASC_전환_video,[26.07]F_P_BT칩_전환_블트칩출시_기타_파트너쉽_.릴스_.X__김소희_260724_제과_잇고잉,272,10,4020.0,0
2026-07-25,(마스터ASC)[제과_콘스프맛 팝콘] 26.05_콘스프맛팝콘출시_ASC_전환_video,(마스터ASC)[콘스프맛 팝콘] 26.05_콘스프맛팝콘출시_ASC_전환_video,[26.06]F_V_PC콘_전환_팝콘더블특가_인플루언서형_올리브BP.다이어트_var3.릴스_페르소나.슬기.X_1P_최나영_260625_제과_강경연,7,0,49.0,0
2026-07-25,[칩] (마스터ASC)[제과_블트하] 26.07_블트칩출시_ASC_전환_video,[칩] (마스터ASC)[제과_블트하] 26.07_블트칩출시_ASC_전환_video,[26.07]F_P_BT칩_전환_블트칩출시_기타_파트너쉽_.릴스_.X__김소희_260724_제과_잇고잉,825,33,15849.0,3
2026-07-26,(마스터ASC)[제과_콘스프맛 팝콘] 26.05_콘스프맛팝콘출시_ASC_전환_video,(마스터ASC)[콘스프맛 팝콘] 26.05_콘스프맛팝콘출시_ASC_전환_video,[26.06]F_V_PC콘_전환_팝콘더블특가_인플루언서형_올리브BP.다이어트_var3.릴스_페르소나.슬기.X_1P_최나영_260625_제과_강경연,10,0,345.0,0
2026-07-26,(마스터ASC)[제과_콘스프맛 팝콘] 26.05_콘스프맛팝콘출시_ASC_전환_video,(마스터ASC)[콘스프맛 팝콘] 26.05_콘스프맛팝콘출시_ASC_전환_video,[26.07]F_V_PC콘_전환_콘스프맛팝콘출시_네고형_지인네고형.다이어트_var3.릴스_운동상황강조1.슬기.(재)_1P_김소희_260710_제과_문형민,10,0,529.0,0
2026-07-26,[칩] (마스터ASC)[제과_블트하] 26.07_블트칩출시_ASC_전환_video,[칩] (마스터ASC)[제과_블트하] 26.07_블트칩출시_ASC_전환_video,[26.07]F_P_BT칩_전환_블트칩출시_기타_파트너쉽_.릴스_.X__김소희_260724_제과_잇고잉,770,12,14627.0,2
2026-07-27,(마스터ASC)[제과_콘스프맛 팝콘] 26.05_콘스프맛팝콘출시_ASC_전환_video,(마스터ASC)[콘스프맛 팝콘] 26.05_콘스프맛팝콘출시_ASC_전환_video,[26.06]F_V_PC콘_전환_팝콘더블특가_인플루언서형_올리브BP.다이어트_var3.릴스_페르소나.슬기.X_1P_최나영_260625_제과_강경연,1,0,33.0,0
2026-07-27,[칩] (마스터ASC)[제과_블트하] 26.07_블트칩출시_ASC_전환_video,[칩] (마스터ASC)[제과_블트하] 26.07_블트칩출시_ASC_전환_video,[26.07]F_P_BT칩_전환_블트칩출시_기타_파트너쉽_.릴스_.X__김소희_260724_제과_잇고잉,1862,54,34414.0,7
2026-07-27,[칩] (마스터ASC)[제과_블트하] 26.07_블트칩출시_ASC_전환_image,[칩] (마스터ASC)[제과_블트하] 26.07_블트칩출시_ASC_전환_image,[26.07]F_I_BT칩_전환_블트칩출시_바이럴형_KR1_.피드_남편인정.친구모임.확장__김소희_260727_제과_김수정,32,0,965.0,0
2026-07-28,[칩] (마스터ASC)[제과_블트하] 26.07_블트칩출시_ASC_전환_video,[칩] (마스터ASC)[제과_블트하] 26.07_블트칩출시_ASC_전환_video,[26.07]F_P_BT칩_전환_블트칩출시_기타_파트너쉽_.릴스_.X__김소희_260724_제과_잇고잉,1140,34,23409.0,1
2026-07-28,[칩] (마스터ASC)[제과_블트하] 26.07_블트칩출시_ASC_전환_image,[칩] (마스터ASC)[제과_블트하] 26.07_블트칩출시_ASC_전환_image,[26.07]F_I_BT칩_전환_블트칩출시_바이럴형_KR1_.피드_남편인정.친구모임.확장__김소희_260727_제과_김수정,10,0,271.0,0
2026-07-02,(미사용) [제과_단백질 쉐이크] 26.06_단백질쉐이크출시_ASC_전환_image,[제과_단백질 쉐이크] 26.06_단백질쉐이크출시_ASC_전환_image,[26.06]F_I_SK혼_전환_단백질쉐이크출시_제품강조형_타사비교_.배너_1개살돈으로3개.__이유빈_260701_제과_김수정,105,7,5013.0,1
2026-07-03,(미사용) [제과_단백질 쉐이크] 26.06_단백질쉐이크출시_ASC_전환_image,[제과_단백질 쉐이크] 26.06_단백질쉐이크출시_ASC_전환_image,[26.06]F_I_SK혼_전환_단백질쉐이크출시_제품강조형_타사비교_.배너_1개살돈으로3개.__이유빈_260701_제과_김수정,56,2,2742.0,0
2026-07-04,(미사용) [제과_단백질 쉐이크] 26.06_단백질쉐이크출시_ASC_전환_image,[제과_단백질 쉐이크] 26.06_단백질쉐이크출시_ASC_전환_image,[26.06]F_I_SK혼_전환_단백질쉐이크출시_제품강조형_타사비교_.배너_1개살돈으로3개.__이유빈_260701_제과_김수정,37,3,1560.0,1
2026-07-05,(미사용) [제과_단백질 쉐이크] 26.06_단백질쉐이크출시_ASC_전환_image,[제과_단백질 쉐이크] 26.06_단백질쉐이크출시_ASC_전환_image,[26.06]F_I_SK혼_전환_단백질쉐이크출시_제품강조형_타사비교_.배너_1개살돈으로3개.__이유빈_260701_제과_김수정,3,0,68.0,0
2026-07-06,(미사용) [제과_단백질 쉐이크] 26.06_단백질쉐이크출시_ASC_전환_image,[제과_단백질 쉐이크] 26.06_단백질쉐이크출시_ASC_전환_image,[26.06]F_I_SK혼_전환_단백질쉐이크출시_제품강조형_타사비교_.배너_1개살돈으로3개.__이유빈_260701_제과_김수정,2,0,177.0,0
2026-07-07,(미사용) [제과_단백질 쉐이크] 26.06_단백질쉐이크출시_ASC_전환_image,[제과_단백질 쉐이크] 26.06_단백질쉐이크출시_ASC_전환_image,[26.06]F_I_SK혼_전환_단백질쉐이크출시_제품강조형_타사비교_.배너_1개살돈으로3개.__이유빈_260701_제과_김수정,304,6,8463.0,0
2026-07-08,[제과_단백질 쉐이크] 26.06_단백질쉐이크출시_수동_전환_image,파우치개당가강조_0706,[26.07]F_I_SK혼_전환_단백질쉐이크출시_혜택강조형_파우치.개당가강조_.배너_특정시점.대형할인급.개당1천원대로.확장__이유빈_260707_제과_김수정,18,1,430.0,0
2026-07-09,[제과_단백질 쉐이크] 26.06_단백질쉐이크출시_수동_전환_image,파우치개당가강조_0706,[26.07]F_I_SK혼_전환_단백질쉐이크출시_혜택강조형_파우치.개당가강조_.배너_특정시점.대형할인급.개당1천원대로.확장__이유빈_260707_제과_김수정,60,3,3215.0,0
2026-07-09,(마스터ASC)[제과_콘스프맛 팝콘] 26.07_콘스프맛팝콘출시_ASC_전환_image (NEW),(마스터ASC)[콘스프맛 팝콘] 26.07_콘스프맛팝콘출시_ASC_전환_image (NEW),[26.07]F_I_PC혼_전환_상시_매거진형_다이어트_.배너_양조절실패페인포인트.한입만.한봉지순삭.마음껏즐기자.검증__김소희_260708_제과_문다현,51,1,751.0,0
2026-07-10,(마스터ASC)[제과_콘스프맛 팝콘] 26.07_콘스프맛팝콘출시_ASC_전환_image (NEW),(마스터ASC)[콘스프맛 팝콘] 26.07_콘스프맛팝콘출시_ASC_전환_image (NEW),[26.07]F_I_PC혼_전환_상시_매거진형_다이어트_.배너_양조절실패페인포인트.한입만.한봉지순삭.마음껏즐기자.검증__김소희_260708_제과_문다현,13,0,194.0,0
2026-07-10,[제과_단백질 쉐이크] 26.06_단백질쉐이크출시_수동_전환_image,파우치개당가강조(2)_0709,[26.07]F_I_SK혼_전환_단백질쉐이크출시_매거진형_파우치.개당가강조_.배너_가격페인포인트.대용량하나살돈으로.코코볼폭탄.검증__이유빈_260709_제과_문다현,394,15,8410.0,0
2026-07-11,[제과_단백질 쉐이크] 26.06_단백질쉐이크출시_수동_전환_image,파우치개당가강조(2)_0709,[26.07]F_I_SK혼_전환_단백질쉐이크출시_혜택강조형_파우치.개당가강조_.배너_대용량보다싼파우치단쉐.개당1천원대.팝콘.확장__이유빈_260710_제과_문다현,583,9,14931.0,4
2026-07-12,[제과_단백질 쉐이크] 26.06_단백질쉐이크출시_수동_전환_image,파우치개당가강조(2)_0709,[26.07]F_I_SK혼_전환_단백질쉐이크출시_혜택강조형_파우치.개당가강조_.배너_대용량보다싼파우치단쉐.개당1천원대.팝콘.확장__이유빈_260710_제과_문다현,1047,39,26727.0,4
2026-07-13,[제과_단백질 쉐이크] 26.06_단백질쉐이크출시_수동_전환_image,파우치개당가강조(2)_0709,[26.07]F_I_SK혼_전환_단백질쉐이크출시_혜택강조형_파우치.개당가강조_.배너_대용량보다싼파우치단쉐.개당1천원대.팝콘.확장__이유빈_260710_제과_문다현,479,11,11766.0,0
2026-07-14,(마스터ASC)[제과_콘스프맛 팝콘] 26.07_콘스프맛팝콘출시_ASC_전환_image (NEW),(마스터ASC)[콘스프맛 팝콘] 26.07_콘스프맛팝콘출시_ASC_전환_image (NEW),[26.07]F_I_PC혼_전환_상시_매거진형_다이어트_.배너_양조절실패페인포인트.한입만.한봉지순삭.마음껏즐기자.검증__김소희_260708_제과_문다현,4,0,116.0,0
2026-07-14,[제과_단백질 쉐이크] 26.06_단백질쉐이크출시_수동_전환_image,파우치개당가강조(2)_0709,[26.07]F_I_SK혼_전환_단백질쉐이크출시_혜택강조형_파우치.개당가강조_.배너_대용량보다싼파우치단쉐.개당1천원대.팝콘.확장__이유빈_260710_제과_문다현,363,7,9759.0,0
2026-07-15,(마스터ASC)[제과_콘스프맛 팝콘] 26.07_콘스프맛팝콘출시_ASC_전환_image (NEW),(마스터ASC)[콘스프맛 팝콘] 26.07_콘스프맛팝콘출시_ASC_전환_image (NEW),[26.07]F_I_PC혼_전환_상시_매거진형_다이어트_.배너_양조절실패페인포인트.한입만.한봉지순삭.마음껏즐기자.검증__김소희_260708_제과_문다현,11,0,123.0,0
2026-07-15,[제과_단백질 쉐이크] 26.06_단백질쉐이크출시_수동_전환_image,파우치개당가강조(2)_0709,[26.07]F_I_SK혼_전환_단백질쉐이크출시_혜택강조형_파우치.개당가강조_.배너_대용량보다싼파우치단쉐.개당1천원대.팝콘.확장__이유빈_260710_제과_문다현,658,5,16555.0,0
2026-07-15,(마스터2) [제과_단백질 쉐이크] 26.07_단백질쉐이크출시_ASC_전환_image,(마스터2) [제과_단백질 쉐이크] 26.07_단백질쉐이크출시_ASC_전환_image,[26.07]F_I_SK혼_전환_단백질쉐이크출시_혜택강조형_올영최저가비교_.배너_재고소진임박.네고형.확장__이유빈_260714_제과_문다현,23,0,519.0,0
2026-07-16,(마스터2) [제과_단백질 쉐이크] 26.07_단백질쉐이크출시_ASC_전환_image,(마스터2) [제과_단백질 쉐이크] 26.07_단백질쉐이크출시_ASC_전환_image,[26.07]F_I_SK혼_전환_단백질쉐이크출시_혜택강조형_올영최저가비교_.배너_재고소진임박.네고형.확장__이유빈_260714_제과_문다현,474,7,8669.0,0
2026-07-23,[제과_블트하] 26.07_블트깡출시_수동_전환_video_전체타겟,(0725) [칩] 클룹BP_블트칩출시 (KR1) (재은님),[26.07]F_V_BT혼_전환_블트칩출시_기타_클룹BP.KR1_var2.릴스_중국산.슬기.X_1P_최나영_260723_제과_피재은,329,14,5644.0,1
2026-07-24,[제과_블트하] 26.07_블트깡출시_수동_전환_video_전체타겟,(0725) [칩] 클룹BP_블트칩출시 (KR1) (재은님),[26.07]F_V_BT혼_전환_블트칩출시_기타_클룹BP.KR1_var2.릴스_중국산.슬기.X_1P_최나영_260723_제과_피재은,225,8,4721.0,1
2026-07-24,(마스터ASC)[제과_블트하] 26.07_블트깡출시_ASC_전환_image,(마스터ASC)[제과_블트하] 26.07_블트깡출시_ASC_전환_image,[26.07]F_I_BT혼_전환_블트칩출시_혜택강조형_KR1_.배너_비싼거때려넣음.칩깡동시소구.확장__김소희_260723_제과_박서연,245,8,6266.0,0
2026-07-24,[제과_블트하] 26.07_블트깡출시_수동_전환_video_전체타겟,(0725) 취식강조형_블트깡출시 (KR2) (미진님),[26.07]F_V_BT깡_전환_블트깡출시_취식강조형_먹방.KR2_var2.릴스_와인페어링.X_2P_김소희_260724_제과_이미진,3823,64,69164.0,6
2026-07-25,[제과_블트하] 26.07_블트깡출시_수동_전환_video_전체타겟,(0725) [칩] 클룹BP_블트칩출시 (KR1) (재은님),[26.07]F_V_BT혼_전환_블트칩출시_기타_클룹BP.KR1_var2.릴스_중국산.슬기.X_1P_최나영_260723_제과_피재은,51,2,1174.0,0
2026-07-25,[제과_블트하] 26.07_블트깡출시_수동_전환_video_전체타겟,(0725) 취식강조형_블트깡출시 (KR2) (미진님),[26.07]F_V_BT깡_전환_블트깡출시_취식강조형_먹방.KR2_var2.릴스_와인페어링.X_2P_김소희_260724_제과_이미진,1113,36,25271.0,1
2026-07-26,[제과_블트하] 26.07_블트깡출시_수동_전환_video_전체타겟,(0725) 취식강조형_블트깡출시 (KR2) (미진님),[26.07]F_V_BT깡_전환_블트깡출시_취식강조형_먹방.KR2_var2.릴스_와인페어링.X_2P_김소희_260724_제과_이미진,1816,38,48633.0,3
2026-07-27,[제과_블트하] 26.07_블트깡출시_수동_전환_video_전체타겟,(0725) [칩] 클룹BP_블트칩출시 (KR1) (재은님),[26.07]F_V_BT혼_전환_블트칩출시_기타_클룹BP.KR1_var2.릴스_중국산.슬기.X_1P_최나영_260723_제과_피재은,239,6,3861.0,0
2026-07-27,[제과_블트하] 26.07_블트깡출시_수동_전환_video_전체타겟,(0725) 취식강조형_블트깡출시 (KR2) (미진님),[26.07]F_V_BT깡_전환_블트깡출시_취식강조형_먹방.KR2_var2.릴스_와인페어링.X_2P_김소희_260724_제과_이미진,10446,183,263345.0,31
2026-07-27,[칩] (마스터ASC)[제과_블트하] 26.07_블트칩출시_ASC_전환_image,[칩] (마스터ASC)[제과_블트하] 26.07_블트칩출시_ASC_전환_image,[26.07]F_I_BT칩_전환_블트칩출시_혜택강조형_KR2_.피드_주변인.집들이안주.확장__김소희_260727_제과_박서연,12,0,276.0,0
2026-07-28,[제과_블트하] 26.07_블트깡출시_수동_전환_video_전체타겟,(0725) [칩] 클룹BP_블트칩출시 (KR1) (재은님),[26.07]F_V_BT혼_전환_블트칩출시_기타_클룹BP.KR1_var2.릴스_중국산.슬기.X_1P_최나영_260723_제과_피재은,413,6,7586.0,1
2026-07-28,[제과_블트하] 26.07_블트깡출시_수동_전환_video_전체타겟,(0725) 취식강조형_블트깡출시 (KR2) (미진님),[26.07]F_V_BT깡_전환_블트깡출시_취식강조형_먹방.KR2_var2.릴스_와인페어링.X_2P_김소희_260724_제과_이미진,5157,72,131377.0,8
2026-07-28,[칩] (마스터ASC)[제과_블트하] 26.07_블트칩출시_ASC_전환_image,[칩] (마스터ASC)[제과_블트하] 26.07_블트칩출시_ASC_전환_image,[26.07]F_I_BT칩_전환_블트칩출시_혜택강조형_KR2_.피드_주변인.집들이안주.확장__김소희_260727_제과_박서연,7,0,139.0,0
2026-07-28,[제과_블트하] 26.07_블트깡출시_수동_전환_image_전체타겟,남편인정소비_블트깡출시 (KR1) (0728),[26.07]F_I_BT칩_전환_블트칩출시_혜택강조형_KR1_.피드_초딩입맛우리남편.__김소희_260728_제과_김수정,2,0,10.0,0
2026-07-28,[제과_블트하] 26.07_블트깡출시_수동_전환_image_전체타겟,주변인인정_블트칩출시 (KR2) (0728),[26.07]F_I_BT혼_전환_블트칩출시_혜택강조형_KR2_.피드_새로운맛도리.트민맘등극템..확장__김소희_260728_제과_박서연,4,0,24.0,0
2026-07-01,[제과_콘스프맛 팝콘] 26.05_콘스프맛팝콘출시_수동_전환_video,지인네고형_팝콘더블특가_콘스프맛 (~7/1),[26.06]F_V_PC콘_전환_팝콘더블특가_네고형_지인네고형.다이어트_main.릴스_메인.슬기.X_1P_최나영_260626_제과_문형민,45310,914,717893.0,158
2026-07-01,[콘스프맛 팝콘] 26.05_콘스프맛팝콘출시_ASC_전환_image (old),[콘스프맛 팝콘] 26.05_콘스프맛팝콘출시_ASC_전환_image (old),[26.06]F_I_PC혼_전환_팝콘더블특가_혜택강조형__.배너_혜택강조형.반값보다싸요.__김소희_260629_제과_김수정,410,7,8325.0,0
2026-07-01,[제과_콘스프맛 팝콘] 26.05_콘스프맛팝콘출시_수동_전환_image,입터짐방지_팝콘더블특가 (~7/1) (재세팅),[26.06]F_I_PC혼_전환_팝콘더블특가_혜택강조형_다이어트_.배너_입터짐방지템.위고비.__김소희_260629_제과_김수정,59,3,2684.0,3
2026-07-02,[제과_콘스프맛 팝콘] 26.05_콘스프맛팝콘출시_수동_전환_video,지인네고형_팝콘더블특가_콘스프맛 (~7/1),[26.06]F_V_PC콘_전환_팝콘더블특가_네고형_지인네고형.다이어트_main.릴스_메인.슬기.X_1P_최나영_260626_제과_문형민,18239,343,286260.0,51
2026-07-02,[콘스프맛 팝콘] 26.05_콘스프맛팝콘출시_ASC_전환_image (old),[콘스프맛 팝콘] 26.05_콘스프맛팝콘출시_ASC_전환_image (old),[26.06]F_I_PC혼_전환_팝콘더블특가_혜택강조형__.배너_혜택강조형.반값보다싸요.__김소희_260629_제과_김수정,17,0,245.0,0
2026-07-02,[제과_콘스프맛 팝콘] 26.05_콘스프맛팝콘출시_수동_전환_image,입터짐방지_팝콘더블특가 (~7/1) (재세팅),[26.06]F_I_PC혼_전환_팝콘더블특가_혜택강조형_다이어트_.배너_입터짐방지템.위고비.__김소희_260629_제과_김수정,29,1,1592.0,0
2026-07-03,[제과_콘스프맛 팝콘] 26.05_콘스프맛팝콘출시_수동_전환_video,지인네고형_팝콘더블특가_콘스프맛 (~7/1),[26.06]F_V_PC콘_전환_팝콘더블특가_네고형_지인네고형.다이어트_main.릴스_메인.슬기.X_1P_최나영_260626_제과_문형민,11429,224,174182.0,30
2026-07-04,[제과_콘스프맛 팝콘] 26.05_콘스프맛팝콘출시_수동_전환_video,지인네고형_팝콘더블특가_콘스프맛 (~7/1),[26.06]F_V_PC콘_전환_팝콘더블특가_네고형_지인네고형.다이어트_main.릴스_메인.슬기.X_1P_최나영_260626_제과_문형민,19323,359,277204.0,42
2026-07-04,[제과_콘스프맛 팝콘] 26.05_콘스프맛팝콘출시_수동_전환_image,선착순강조_팝콘할인페스타 (~7/8),[26.07]F_I_PC혼_전환_팝콘할인페스타_혜택강조형_다이어트_.배너_공지문.현장감.곧품절예상.선착순300명한정.확장__김소희_260703_제과_문다현,3110,50,61800.0,9
2026-07-05,[제과_콘스프맛 팝콘] 26.05_콘스프맛팝콘출시_수동_전환_video,지인네고형_팝콘더블특가_콘스프맛 (~7/1),[26.06]F_V_PC콘_전환_팝콘더블특가_네고형_지인네고형.다이어트_main.릴스_메인.슬기.X_1P_최나영_260626_제과_문형민,15738,365,236422.0,40
2026-07-05,[제과_콘스프맛 팝콘] 26.05_콘스프맛팝콘출시_수동_전환_image,선착순강조_팝콘할인페스타 (~7/8) (재세팅),[26.07]F_I_PC혼_전환_팝콘할인페스타_혜택강조형_다이어트_.배너_죄송합니다.혼나는캐릭터.AI.확장__김소희_260703_제과_문다현,163,5,3228.0,1
2026-07-06,[제과_콘스프맛 팝콘] 26.05_콘스프맛팝콘출시_수동_전환_video,지인네고형_팝콘더블특가_콘스프맛 (~7/1),[26.06]F_V_PC콘_전환_팝콘더블특가_네고형_지인네고형.다이어트_main.릴스_메인.슬기.X_1P_최나영_260626_제과_문형민,19086,362,276864.0,49
2026-07-06,[제과_콘스프맛 팝콘] 26.05_콘스프맛팝콘출시_수동_전환_image,선착순강조_팝콘할인페스타 (~7/8) (재세팅),[26.07]F_I_PC혼_전환_팝콘할인페스타_혜택강조형_다이어트_.배너_죄송합니다.혼나는캐릭터.AI.확장__김소희_260703_제과_문다현,120,4,2652.0,2
2026-07-07,[제과_콘스프맛 팝콘] 26.05_콘스프맛팝콘출시_수동_전환_video,지인네고형_팝콘더블특가_콘스프맛 (~7/1),[26.06]F_V_PC콘_전환_팝콘더블특가_네고형_지인네고형.다이어트_main.릴스_메인.슬기.X_1P_최나영_260626_제과_문형민,31433,655,473624.0,77
2026-07-07,[제과_콘스프맛 팝콘] 26.05_콘스프맛팝콘출시_수동_전환_image,긴급성강조_할인페스타 (~7/8),[26.07]F_I_PC혼_전환_팝콘할인페스타_혜택강조형_다이어트_.배너_초록.선착순300명할인마감임박.늦은시간.자극속세맛.확장__김소희_260706_제과_문다현,246,5,6703.0,1
2026-07-07,[제과_콘스프맛 팝콘] 26.05_콘스프맛팝콘출시_수동_전환_image,긴급성강조_할인페스타 (~7/8),[26.07]F_I_PC혼_전환_팝콘할인페스타_혜택강조형_다이어트_.배너_선착순할인주문폭주.요요없는.빨간박스.확장__김소희_260706_제과_문다현,462,6,9092.0,2
2026-07-07,(마스터2) [제과_단백질 쉐이크] 26.07_단백질쉐이크출시_ASC_전환_image,(마스터2) [제과_단백질 쉐이크] 26.07_단백질쉐이크출시_ASC_전환_image,[26.07]F_I_SK초_전환_단백질쉐이크출시_혜택강조형_파우치.개당가강조_.배너_특정시점.원쁠원안기다려도.검증__이유빈_260706_제과_김수정,229,2,6351.0,1
2026-07-07,(마스터ASC)[제과_콘스프맛 팝콘] 26.07_콘스프맛팝콘출시_ASC_전환_image (NEW),(마스터ASC)[콘스프맛 팝콘] 26.07_콘스프맛팝콘출시_ASC_전환_image (NEW),[26.07]F_I_PC혼_전환_팝콘할인페스타_혜택강조형_다이어트_.배너_사과문.결제창동시폭주.300명카운트마감될때까지.확장__김소희_260707_제과_문다현,38,0,744.0,0
2026-07-08,[제과_콘스프맛 팝콘] 26.05_콘스프맛팝콘출시_수동_전환_video,지인네고형_팝콘더블특가_콘스프맛 (~7/1),[26.06]F_V_PC콘_전환_팝콘더블특가_네고형_지인네고형.다이어트_main.릴스_메인.슬기.X_1P_최나영_260626_제과_문형민,50611,1101,764099.0,145
2026-07-08,[제과_콘스프맛 팝콘] 26.05_콘스프맛팝콘출시_수동_전환_image,긴급성강조_할인페스타 (~7/8),[26.07]F_I_PC혼_전환_팝콘할인페스타_혜택강조형_다이어트_.배너_선착순할인주문폭주.요요없는.빨간박스.확장__김소희_260706_제과_문다현,64,0,950.0,0
2026-07-08,(마스터2) [제과_단백질 쉐이크] 26.07_단백질쉐이크출시_ASC_전환_image,(마스터2) [제과_단백질 쉐이크] 26.07_단백질쉐이크출시_ASC_전환_image,[26.07]F_I_SK초_전환_단백질쉐이크출시_혜택강조형_파우치.개당가강조_.배너_특정시점.원쁠원안기다려도.검증__이유빈_260706_제과_김수정,45,1,1297.0,0
2026-07-08,(마스터ASC)[제과_콘스프맛 팝콘] 26.07_콘스프맛팝콘출시_ASC_전환_image (NEW),(마스터ASC)[콘스프맛 팝콘] 26.07_콘스프맛팝콘출시_ASC_전환_image (NEW),[26.07]F_I_PC혼_전환_팝콘할인페스타_혜택강조형_다이어트_.배너_사과문.결제창동시폭주.300명카운트마감될때까지.확장__김소희_260707_제과_문다현,816,13,16667.0,1
2026-07-08,[제과_단백질 쉐이크] 26.06_단백질쉐이크출시_수동_전환_image,파우치개당가강조_0706,[26.07]F_I_SK초_전환_단백질쉐이크출시_혜택강조형_파우치.개당가강조_.릴스_파우치대용량비교.가격시작.확장__이유빈_260707_제과_김수정,574,21,9401.0,0
2026-07-09,[제과_콘스프맛 팝콘] 26.05_콘스프맛팝콘출시_수동_전환_video,지인네고형_팝콘더블특가_콘스프맛 (~7/1),[26.06]F_V_PC콘_전환_팝콘더블특가_네고형_지인네고형.다이어트_main.릴스_메인.슬기.X_1P_최나영_260626_제과_문형민,35945,853,540306.0,125
2026-07-09,(마스터2) [제과_단백질 쉐이크] 26.07_단백질쉐이크출시_ASC_전환_image,(마스터2) [제과_단백질 쉐이크] 26.07_단백질쉐이크출시_ASC_전환_image,[26.07]F_I_SK초_전환_단백질쉐이크출시_혜택강조형_파우치.개당가강조_.배너_특정시점.원쁠원안기다려도.검증__이유빈_260706_제과_김수정,11,0,180.0,0
2026-07-09,(마스터ASC)[제과_콘스프맛 팝콘] 26.07_콘스프맛팝콘출시_ASC_전환_image (NEW),(마스터ASC)[콘스프맛 팝콘] 26.07_콘스프맛팝콘출시_ASC_전환_image (NEW),[26.07]F_I_PC혼_전환_팝콘할인페스타_혜택강조형_다이어트_.배너_사과문.결제창동시폭주.300명카운트마감될때까지.확장__김소희_260707_제과_문다현,93,1,1835.0,0
2026-07-10,[제과_콘스프맛 팝콘] 26.05_콘스프맛팝콘출시_수동_전환_video,지인네고형_팝콘더블특가_콘스프맛 (~7/1),[26.06]F_V_PC콘_전환_팝콘더블특가_네고형_지인네고형.다이어트_main.릴스_메인.슬기.X_1P_최나영_260626_제과_문형민,6562,121,96444.0,16
2026-07-10,(마스터2) [제과_단백질 쉐이크] 26.07_단백질쉐이크출시_ASC_전환_image,(마스터2) [제과_단백질 쉐이크] 26.07_단백질쉐이크출시_ASC_전환_image,[26.07]F_I_SK초_전환_단백질쉐이크출시_혜택강조형_파우치.개당가강조_.배너_특정시점.원쁠원안기다려도.검증__이유빈_260706_제과_김수정,1,0,36.0,0
2026-07-10,[제과_단쉐_990] 26.07_깜짝990딜_수동_전환_image,990딜_0710,[26.07]F_I_SK혼_전환_단쉐990원_혜택강조형__.배너_지금쟁여두세요.다이소보다싼.무제한990원.확장__이유빈_260710_제과_문다현,79,7,1546.0,0
2026-07-11,[제과_콘스프맛 팝콘] 26.05_콘스프맛팝콘출시_수동_전환_video,지인네고형_팝콘더블특가_콘스프맛 (~7/1),[26.06]F_V_PC콘_전환_팝콘더블특가_네고형_지인네고형.다이어트_main.릴스_메인.슬기.X_1P_최나영_260626_제과_문형민,23598,504,356190.0,67
2026-07-11,[제과_단백질 쉐이크] 26.06_단백질쉐이크출시_수동_전환_image,파우치개당가강조(2)_0709,[26.07]F_I_SK혼_전환_단백질쉐이크출시_혜택강조형_파우치.개당가강조_.배너_1+1보다싼.네고형.개당1천원대.팝콘.확장__이유빈_260710_제과_문다현,358,12,9554.0,0
2026-07-11,[제과_단쉐_990] 26.07_깜짝990딜_수동_전환_image,990딜_0710,[26.07]F_I_SK혼_전환_단쉐990원_혜택강조형__.배너_지금쟁여두세요.다이소보다싼.무제한990원.확장__이유빈_260710_제과_문다현,404,32,8307.0,0
2026-07-12,[제과_콘스프맛 팝콘] 26.05_콘스프맛팝콘출시_수동_전환_video,지인네고형_팝콘더블특가_콘스프맛 (~7/1),[26.06]F_V_PC콘_전환_팝콘더블특가_네고형_지인네고형.다이어트_main.릴스_메인.슬기.X_1P_최나영_260626_제과_문형민,28151,551,397137.0,74
2026-07-13,[제과_콘스프맛 팝콘] 26.05_콘스프맛팝콘출시_수동_전환_video,지인네고형_팝콘더블특가_콘스프맛 (~7/1),[26.06]F_V_PC콘_전환_팝콘더블특가_네고형_지인네고형.다이어트_main.릴스_메인.슬기.X_1P_최나영_260626_제과_문형민,48840,904,703591.0,154
2026-07-14,[제과_콘스프맛 팝콘] 26.05_콘스프맛팝콘출시_수동_전환_video,지인네고형_팝콘더블특가_콘스프맛 (~7/1),[26.06]F_V_PC콘_전환_팝콘더블특가_네고형_지인네고형.다이어트_main.릴스_메인.슬기.X_1P_최나영_260626_제과_문형민,7383,140,115113.0,24
2026-07-14,(마스터2) [제과_단백질 쉐이크] 26.07_단백질쉐이크출시_ASC_전환_image,(마스터2) [제과_단백질 쉐이크] 26.07_단백질쉐이크출시_ASC_전환_image,[26.07]F_I_SK초_전환_단백질쉐이크출시_혜택강조형_파우치.개당가강조_.배너_특정시점.원쁠원안기다려도.검증__이유빈_260706_제과_김수정,12,0,280.0,0
2026-07-15,[제과_콘스프맛 팝콘] 26.05_콘스프맛팝콘출시_수동_전환_video,지인네고형_팝콘더블특가_콘스프맛 (~7/1),[26.06]F_V_PC콘_전환_팝콘더블특가_네고형_지인네고형.다이어트_main.릴스_메인.슬기.X_1P_최나영_260626_제과_문형민,8596,188,120056.0,17
2026-07-16,[제과_콘스프맛 팝콘] 26.05_콘스프맛팝콘출시_수동_전환_video,지인네고형_팝콘더블특가_콘스프맛 (~7/1),[26.06]F_V_PC콘_전환_팝콘더블특가_네고형_지인네고형.다이어트_main.릴스_메인.슬기.X_1P_최나영_260626_제과_문형민,1116,29,17723.0,1
2026-07-17,[제과_블트하] 26.07_블트깡출시_수동_전환_video_전체타겟,에어프라이기BP_블트깡출시 (KR1),[26.07]F_V_BT깡_전환_블트깡출시_인물리뷰형_에어프라이기BP.KR1_var3.릴스_프리미엄.슬기.X_1P_최나영_260716_제과_피재은,487,9,9819.0,1
2026-07-21,[제과_블트하] 26.07_블트깡출시_수동_전환_video_전체타겟,브릭색드&맥주BP_블트깡출시 (KR1),[26.07]F_V_BT깡_전환_블트깡출시_인물리뷰형_맥주BP.KR1_var3.릴스_취식.슬기.X_1P_최나영_260721_제과_피재은,6,0,241.0,0
2026-07-22,[제과_블트하] 26.07_블트깡출시_수동_전환_video_전체타겟,브릭색드&맥주BP_블트깡출시 (KR1),[26.07]F_V_BT깡_전환_블트깡출시_인물리뷰형_맥주BP.KR1_var3.릴스_취식.슬기.X_1P_최나영_260721_제과_피재은,1,0,6.0,0
2026-07-22,[칩] (마스터ASC)[제과_블트하] 26.07_블트칩출시_ASC_전환_image,[칩] (마스터ASC)[제과_블트하] 26.07_블트칩출시_ASC_전환_image,[26.07]F_I_BT칩_전환_블트칩출시_혜택강조형_KR2_.배너_중국산과자랑차원이다른.지면테스트..검증__김소희_260722_제과_박서연,10,0,210.0,0
2026-07-23,[칩] (마스터ASC)[제과_블트하] 26.07_블트칩출시_ASC_전환_image,[칩] (마스터ASC)[제과_블트하] 26.07_블트칩출시_ASC_전환_image,[26.07]F_I_BT칩_전환_블트칩출시_혜택강조형_KR2_.배너_중국산과자랑차원이다른.지면테스트..검증__김소희_260722_제과_박서연,10,0,88.0,0
2026-07-28,[제과_블트하] 26.07_블트깡출시_수동_전환_image_전체타겟,남편인정소비_블트깡출시 (KR1) (0728),[26.07]F_I_BT깡_전환_블트칩출시_혜택강조형_KR1_.피드_이번주안에.__김소희_260728_제과_김수정,8,0,236.0,0
2026-07-01,(미사용) [제과_단백질 쉐이크] 26.06_단백질쉐이크출시_ASC_전환_image,[제과_단백질 쉐이크] 26.06_단백질쉐이크출시_ASC_전환_image,[26.06]F_I_SK곡_전환_단백질쉐이크출시_제품강조형_원재료강조_.배너_검정쌀.설탕넣고살얼음.가격비교O.__이유빈_260701_제과_문다현,51,1,903.0,0
2026-07-01,(미사용) [제과_단백질 쉐이크] 26.06_단백질쉐이크출시_ASC_전환_image,[제과_단백질 쉐이크] 26.06_단백질쉐이크출시_ASC_전환_image,[26.06]F_I_SK초_전환_단백질쉐이크출시_제품강조형_원재료강조_.배너_초코향흉내에지쳤다면.진짜생초코.가격비교X.__이유빈_260701_제과_문다현,181,4,4115.0,0
2026-07-01,[콘스프맛 팝콘] 26.05_콘스프맛팝콘출시_ASC_전환_image (old),[콘스프맛 팝콘] 26.05_콘스프맛팝콘출시_ASC_전환_image (old),[26.06]F_I_PC혼_전환_팝콘더블특가_매거진형_다이어트_.배너_오늘자정마감.해시태그.요요.입터짐방지템.확장__김소희_260701_제과_문다현,290,6,7168.0,0
2026-07-02,(미사용) [제과_단백질 쉐이크] 26.06_단백질쉐이크출시_ASC_전환_image,[제과_단백질 쉐이크] 26.06_단백질쉐이크출시_ASC_전환_image,[26.06]F_I_SK곡_전환_단백질쉐이크출시_제품강조형_원재료강조_.배너_검정쌀.설탕넣고살얼음.가격비교O.__이유빈_260701_제과_문다현,62,1,1605.0,0
2026-07-02,(미사용) [제과_단백질 쉐이크] 26.06_단백질쉐이크출시_ASC_전환_image,[제과_단백질 쉐이크] 26.06_단백질쉐이크출시_ASC_전환_image,[26.06]F_I_SK초_전환_단백질쉐이크출시_제품강조형_원재료강조_.배너_초코향흉내에지쳤다면.진짜생초코.가격비교X.__이유빈_260701_제과_문다현,43,2,1262.0,0
2026-07-02,[제과_콘스프맛 팝콘] 26.05_콘스프맛팝콘출시_수동_전환_video,공구네고형_팝콘할인페스타 (~7/8),[26.07]F_V_PC콘_전환_팝콘할인페스타_네고형_공구네고형.다이어트_var1.릴스_숏버전.슬기.X_1P_김소희_260702_제과_강경연,3,0,211.0,0
2026-07-03,(미사용) [제과_단백질 쉐이크] 26.06_단백질쉐이크출시_ASC_전환_image,[제과_단백질 쉐이크] 26.06_단백질쉐이크출시_ASC_전환_image,[26.06]F_I_SK곡_전환_단백질쉐이크출시_제품강조형_원재료강조_.배너_검정쌀.설탕넣고살얼음.가격비교O.__이유빈_260701_제과_문다현,1,0,18.0,0
2026-07-03,(미사용) [제과_단백질 쉐이크] 26.06_단백질쉐이크출시_ASC_전환_image,[제과_단백질 쉐이크] 26.06_단백질쉐이크출시_ASC_전환_image,[26.06]F_I_SK초_전환_단백질쉐이크출시_제품강조형_원재료강조_.배너_초코향흉내에지쳤다면.진짜생초코.가격비교X.__이유빈_260701_제과_문다현,112,1,3011.0,0
2026-07-03,[제과_콘스프맛 팝콘] 26.05_콘스프맛팝콘출시_수동_전환_video,공구네고형_팝콘할인페스타 (~7/8),[26.07]F_V_PC콘_전환_팝콘할인페스타_네고형_공구네고형.다이어트_var1.릴스_숏버전.슬기.X_1P_김소희_260702_제과_강경연,7,0,76.0,0
2026-07-03,(마스터ASC)[제과_콘스프맛 팝콘] 26.07_콘스프맛팝콘출시_ASC_전환_image (NEW),(마스터ASC)[콘스프맛 팝콘] 26.07_콘스프맛팝콘출시_ASC_전환_image (NEW),[26.07]F_I_PC혼_전환_팝콘할인페스타_혜택강조형_다이어트_.배너_살찔까봐걱정이세요?.선착순.확장__김소희_260702_제과_문다현,27,0,842.0,0
2026-07-04,(미사용) [제과_단백질 쉐이크] 26.06_단백질쉐이크출시_ASC_전환_image,[제과_단백질 쉐이크] 26.06_단백질쉐이크출시_ASC_전환_image,[26.06]F_I_SK곡_전환_단백질쉐이크출시_제품강조형_원재료강조_.배너_검정쌀.설탕넣고살얼음.가격비교O.__이유빈_260701_제과_문다현,4,0,171.0,0
2026-07-04,[제과_콘스프맛 팝콘] 26.05_콘스프맛팝콘출시_수동_전환_video,공구네고형_팝콘할인페스타 (~7/8),[26.07]F_V_PC콘_전환_팝콘할인페스타_네고형_공구네고형.다이어트_var1.릴스_숏버전.슬기.X_1P_김소희_260702_제과_강경연,70,1,1654.0,0
2026-07-04,[제과_단백질 쉐이크] 26.06_단백질쉐이크출시_ASC_전환_video,[제과_단백질 쉐이크] 26.06_단백질쉐이크출시_ASC_전환_video,[26.07]F_V_SK혼_전환_단백질쉐이크출시_네고형_역네고형_var4.릴스_가격강조.X_2P_이유빈_260703_제과_이미진,460,37,8309.0,5
2026-07-04,[제과_단백질 쉐이크] 26.06_단백질쉐이크출시_수동_전환_video,지인네고형_0702,[26.07]F_V_SK혼_전환_단백질쉐이크출시_네고형_지인네고형_var1.릴스_취식.X_2P_이유빈_260703_제과_이봄1,505,15,7844.0,1
2026-07-05,[제과_콘스프맛 팝콘] 26.05_콘스프맛팝콘출시_수동_전환_video,공구네고형_팝콘할인페스타 (~7/8),[26.07]F_V_PC콘_전환_팝콘할인페스타_네고형_공구네고형.다이어트_var1.릴스_숏버전.슬기.X_1P_김소희_260702_제과_강경연,28,2,1564.0,0
2026-07-05,[제과_단백질 쉐이크] 26.06_단백질쉐이크출시_ASC_전환_video,[제과_단백질 쉐이크] 26.06_단백질쉐이크출시_ASC_전환_video,[26.07]F_V_SK혼_전환_단백질쉐이크출시_네고형_역네고형_var4.릴스_가격강조.X_2P_이유빈_260703_제과_이미진,473,24,7684.0,2
2026-07-06,(미사용) [제과_단백질 쉐이크] 26.06_단백질쉐이크출시_ASC_전환_image,[제과_단백질 쉐이크] 26.06_단백질쉐이크출시_ASC_전환_image,[26.06]F_I_SK곡_전환_단백질쉐이크출시_제품강조형_원재료강조_.배너_검정쌀.설탕넣고살얼음.가격비교O.__이유빈_260701_제과_문다현,1,0,21.0,0
2026-07-06,(마스터ASC)[제과_콘스프맛 팝콘] 26.07_콘스프맛팝콘출시_ASC_전환_image (NEW),(마스터ASC)[콘스프맛 팝콘] 26.07_콘스프맛팝콘출시_ASC_전환_image (NEW),[26.07]F_I_PC혼_전환_팝콘할인페스타_혜택강조형_다이어트_.배너_살찔까봐걱정이세요?.선착순.확장__김소희_260702_제과_문다현,1,0,20.0,0
2026-07-06,[제과_단백질 쉐이크] 26.06_단백질쉐이크출시_ASC_전환_video,[제과_단백질 쉐이크] 26.06_단백질쉐이크출시_ASC_전환_video,[26.07]F_V_SK혼_전환_단백질쉐이크출시_네고형_역네고형_var4.릴스_가격강조.X_2P_이유빈_260703_제과_이미진,1965,70,35979.0,6
2026-07-07,(미사용) [제과_단백질 쉐이크] 26.06_단백질쉐이크출시_ASC_전환_image,[제과_단백질 쉐이크] 26.06_단백질쉐이크출시_ASC_전환_image,[26.06]F_I_SK곡_전환_단백질쉐이크출시_제품강조형_원재료강조_.배너_검정쌀.설탕넣고살얼음.가격비교O.__이유빈_260701_제과_문다현,6,0,193.0,0
2026-07-07,(마스터ASC)[제과_콘스프맛 팝콘] 26.07_콘스프맛팝콘출시_ASC_전환_image (NEW),(마스터ASC)[콘스프맛 팝콘] 26.07_콘스프맛팝콘출시_ASC_전환_image (NEW),[26.07]F_I_PC혼_전환_팝콘할인페스타_혜택강조형_다이어트_.배너_살찔까봐걱정이세요?.선착순.확장__김소희_260702_제과_문다현,4162,67,62314.0,12
2026-07-07,[제과_단백질 쉐이크] 26.06_단백질쉐이크출시_ASC_전환_video,[제과_단백질 쉐이크] 26.06_단백질쉐이크출시_ASC_전환_video,[26.07]F_V_SK혼_전환_단백질쉐이크출시_네고형_역네고형_var4.릴스_가격강조.X_2P_이유빈_260703_제과_이미진,388,18,9787.0,1
2026-07-07,[제과_단백질 쉐이크] 26.06_단백질쉐이크출시_수동_전환_video,지인네고형_0702,[26.07]F_V_SK혼_전환_단백질쉐이크출시_네고형_지인네고형_var1.릴스_취식.X_2P_이유빈_260703_제과_이봄1,64,2,1678.0,0
2026-07-08,(마스터ASC)[제과_콘스프맛 팝콘] 26.07_콘스프맛팝콘출시_ASC_전환_image (NEW),(마스터ASC)[콘스프맛 팝콘] 26.07_콘스프맛팝콘출시_ASC_전환_image (NEW),[26.07]F_I_PC혼_전환_팝콘할인페스타_혜택강조형_다이어트_.배너_살찔까봐걱정이세요?.선착순.확장__김소희_260702_제과_문다현,1226,17,16226.0,6
2026-07-08,[제과_단백질 쉐이크] 26.06_단백질쉐이크출시_ASC_전환_video,[제과_단백질 쉐이크] 26.06_단백질쉐이크출시_ASC_전환_video,[26.07]F_V_SK혼_전환_단백질쉐이크출시_네고형_역네고형_var4.릴스_가격강조.X_2P_이유빈_260703_제과_이미진,781,23,14912.0,1
2026-07-09,(미사용) [제과_단백질 쉐이크] 26.06_단백질쉐이크출시_ASC_전환_image,[제과_단백질 쉐이크] 26.06_단백질쉐이크출시_ASC_전환_image,[26.06]F_I_SK곡_전환_단백질쉐이크출시_제품강조형_원재료강조_.배너_검정쌀.설탕넣고살얼음.가격비교O.__이유빈_260701_제과_문다현,97,3,2022.0,0
2026-07-09,(마스터ASC)[제과_콘스프맛 팝콘] 26.07_콘스프맛팝콘출시_ASC_전환_image (NEW),(마스터ASC)[콘스프맛 팝콘] 26.07_콘스프맛팝콘출시_ASC_전환_image (NEW),[26.07]F_I_PC혼_전환_팝콘할인페스타_혜택강조형_다이어트_.배너_살찔까봐걱정이세요?.선착순.확장__김소희_260702_제과_문다현,780,11,12449.0,1
2026-07-09,(마스터2) [제과_단백질 쉐이크] 26.07_단백질쉐이크출시_ASC_전환_image,(마스터2) [제과_단백질 쉐이크] 26.07_단백질쉐이크출시_ASC_전환_image,[26.07]F_I_SK혼_전환_단백질쉐이크출시_매거진형_파우치.개당가강조_.배너_맛없페인포인트.디저트먹는데살이걍빠짐.검증__이유빈_260709_제과_문다현,64,3,1454.0,0
2026-07-10,(마스터2) [제과_단백질 쉐이크] 26.07_단백질쉐이크출시_ASC_전환_image,(마스터2) [제과_단백질 쉐이크] 26.07_단백질쉐이크출시_ASC_전환_image,[26.07]F_I_SK혼_전환_단백질쉐이크출시_매거진형_파우치.개당가강조_.배너_맛없페인포인트.디저트먹는데살이걍빠짐.검증__이유빈_260709_제과_문다현,449,14,10703.0,0
2026-07-10,[제과_단백질 쉐이크] 26.06_단백질쉐이크출시_ASC_전환_video,[제과_단백질 쉐이크] 26.06_단백질쉐이크출시_ASC_전환_video,[26.07]F_V_SK혼_전환_단백질쉐이크출시_신규BP_고객검증형.파우치.개당가강조_var2.릴스_한통으로두달.X_2P_이유빈_260710_제과_이미진,56,3,756.0,0
2026-07-11,[제과_단백질 쉐이크] 26.06_단백질쉐이크출시_ASC_전환_video,[제과_단백질 쉐이크] 26.06_단백질쉐이크출시_ASC_전환_video,[26.07]F_V_SK혼_전환_단백질쉐이크출시_신규BP_고객검증형.파우치.개당가강조_var2.릴스_한통으로두달.X_2P_이유빈_260710_제과_이미진,5944,168,77617.0,10
2026-07-12,[제과_단백질 쉐이크] 26.06_단백질쉐이크출시_ASC_전환_video,[제과_단백질 쉐이크] 26.06_단백질쉐이크출시_ASC_전환_video,[26.07]F_V_SK혼_전환_단백질쉐이크출시_신규BP_고객검증형.파우치.개당가강조_var2.릴스_한통으로두달.X_2P_이유빈_260710_제과_이미진,2481,71,27644.0,3
2026-07-14,[제과_단백질 쉐이크] 26.06_단백질쉐이크출시_ASC_전환_video,[제과_단백질 쉐이크] 26.06_단백질쉐이크출시_ASC_전환_video,[26.07]F_V_SK혼_전환_단백질쉐이크출시_ai형_ai캐릭터.파우치.개당가강조_var4.릴스_팝콘캐릭터산책.X_2P_이유빈_260713_제과_이미진,916,12,12499.0,2
2026-07-15,[제과_단백질 쉐이크] 26.06_단백질쉐이크출시_ASC_전환_video,[제과_단백질 쉐이크] 26.06_단백질쉐이크출시_ASC_전환_video,[26.07]F_V_SK혼_전환_단백질쉐이크출시_ai형_ai캐릭터.파우치.개당가강조_var4.릴스_팝콘캐릭터산책.X_2P_이유빈_260713_제과_이미진,147,2,2391.0,0
2026-07-15,[제과_단백질 쉐이크] 26.06_단백질쉐이크출시_수동_전환_image,올영최저가비교_0714,[26.07]F_I_SK초_전환_단백질쉐이크출시_혜택강조형_올영최저가비교_.배너_별제목.네고형.팝콘.확장__이유빈_260714_제과_문다현,629,14,9624.0,1
2026-07-15,(마스터2) [제과_단백질 쉐이크] 26.07_단백질쉐이크출시_ASC_전환_image,(마스터2) [제과_단백질 쉐이크] 26.07_단백질쉐이크출시_ASC_전환_image,[26.07]F_I_SK혼_전환_단백질쉐이크출시_혜택강조형_올영최저가비교_.배너_다시는없어요.네고형.확장__이유빈_260714_제과_문다현,16,0,318.0,0
2026-07-15,[제과_블트하] 26.07_블트깡출시_수동_전환_video_전체타겟,BP이식형_블트깡출시 (KR1),[26.07]F_V_BT깡_전환_블트깡출시_쩜오건_리액션과장.KR1_var4.릴스_출시.제품후킹.X_1P_김소희_260715_제과_문형민,156,3,2263.0,0
2026-07-15,[제과_블트하] 26.07_블트깡출시_수동_전환_video_전체타겟,BP이식형_블트깡출시 (KR1),[26.07]F_V_BT깡_전환_블트깡출시_쩜오건_리액션과장.KR1_var2.릴스_SNS.제품후킹.X_1P_김소희_260715_제과_문형민,437,16,5826.0,1
2026-07-15,(마스터ASC)[제과_블트하] 26.07_블트깡출시_ASC_전환_image,(마스터ASC)[제과_블트하] 26.07_블트깡출시_ASC_전환_image,[26.07]F_I_BT깡_전환_블트깡출시_혜택강조형_혜택강조형_.배너_짝퉁나올만큼유명한..검증__김소희_260715_제과_박서연,25,1,419.0,0
2026-07-16,[제과_단백질 쉐이크] 26.06_단백질쉐이크출시_ASC_전환_video,[제과_단백질 쉐이크] 26.06_단백질쉐이크출시_ASC_전환_video,[26.07]F_V_SK혼_전환_단백질쉐이크출시_ai형_ai캐릭터.파우치.개당가강조_var4.릴스_팝콘캐릭터산책.X_2P_이유빈_260713_제과_이미진,64,1,699.0,0
2026-07-16,(마스터2) [제과_단백질 쉐이크] 26.07_단백질쉐이크출시_ASC_전환_image,(마스터2) [제과_단백질 쉐이크] 26.07_단백질쉐이크출시_ASC_전환_image,[26.07]F_I_SK혼_전환_단백질쉐이크출시_혜택강조형_올영최저가비교_.배너_다시는없어요.네고형.확장__이유빈_260714_제과_문다현,189,0,3294.0,0
2026-07-16,[제과_블트하] 26.07_블트깡출시_수동_전환_video_전체타겟,BP이식형_블트깡출시 (KR1),[26.07]F_V_BT깡_전환_블트깡출시_쩜오건_리액션과장.KR1_var4.릴스_출시.제품후킹.X_1P_김소희_260715_제과_문형민,26,0,328.0,0
2026-07-16,[제과_블트하] 26.07_블트깡출시_수동_전환_video_전체타겟,BP이식형_블트깡출시 (KR1),[26.07]F_V_BT깡_전환_블트깡출시_쩜오건_리액션과장.KR1_var2.릴스_SNS.제품후킹.X_1P_김소희_260715_제과_문형민,545,16,6458.0,3
2026-07-16,(마스터ASC)[제과_블트하] 26.07_블트깡출시_ASC_전환_image,(마스터ASC)[제과_블트하] 26.07_블트깡출시_ASC_전환_image,[26.07]F_I_BT깡_전환_블트깡출시_혜택강조형_혜택강조형_.배너_짝퉁나올만큼유명한..검증__김소희_260715_제과_박서연,125,2,2213.0,0
2026-07-16,(마스터2) [제과_단백질 쉐이크] 26.07_단백질쉐이크출시_ASC_전환_image,(마스터2) [제과_단백질 쉐이크] 26.07_단백질쉐이크출시_ASC_전환_image,[26.07]F_I_SK혼_전환_단백질쉐이크출시_매거진형_올영최저가비교_.배너_귀찮으셨죠.쟁여요.확장__이유빈_260715_제과_문다현,446,14,11411.0,0
2026-07-16,(마스터2) [제과_단백질 쉐이크] 26.07_단백질쉐이크출시_ASC_전환_image,(마스터2) [제과_단백질 쉐이크] 26.07_단백질쉐이크출시_ASC_전환_image,[26.07]F_I_SK초_전환_단백질쉐이크출시_혜택강조형_올영최저가비교_.배너_크고불편하시죠.더싼거드세요.확장__이유빈_260715_제과_문다현,1091,16,23169.0,2
2026-07-17,[제과_단백질 쉐이크] 26.06_단백질쉐이크출시_ASC_전환_video,[제과_단백질 쉐이크] 26.06_단백질쉐이크출시_ASC_전환_video,[26.07]F_V_SK혼_전환_단백질쉐이크출시_ai형_ai캐릭터.파우치.개당가강조_var4.릴스_팝콘캐릭터산책.X_2P_이유빈_260713_제과_이미진,7,0,110.0,0
2026-07-17,(마스터2) [제과_단백질 쉐이크] 26.07_단백질쉐이크출시_ASC_전환_image,(마스터2) [제과_단백질 쉐이크] 26.07_단백질쉐이크출시_ASC_전환_image,[26.07]F_I_SK혼_전환_단백질쉐이크출시_혜택강조형_올영최저가비교_.배너_다시는없어요.네고형.확장__이유빈_260714_제과_문다현,108,3,2290.0,0
2026-07-17,[제과_블트하] 26.07_블트깡출시_수동_전환_video_전체타겟,BP이식형_블트깡출시 (KR1),[26.07]F_V_BT깡_전환_블트깡출시_쩜오건_리액션과장.KR1_var4.릴스_출시.제품후킹.X_1P_김소희_260715_제과_문형민,32,0,431.0,0
2026-07-17,[제과_블트하] 26.07_블트깡출시_수동_전환_video_전체타겟,BP이식형_블트깡출시 (KR1),[26.07]F_V_BT깡_전환_블트깡출시_쩜오건_리액션과장.KR1_var2.릴스_SNS.제품후킹.X_1P_김소희_260715_제과_문형민,1465,23,13528.0,1
2026-07-17,(마스터ASC)[제과_블트하] 26.07_블트깡출시_ASC_전환_image,(마스터ASC)[제과_블트하] 26.07_블트깡출시_ASC_전환_image,[26.07]F_I_BT깡_전환_블트깡출시_혜택강조형_혜택강조형_.배너_짝퉁나올만큼유명한..검증__김소희_260715_제과_박서연,5,0,188.0,0
2026-07-17,[제과_블트하] 26.07_블트깡출시_수동_전환_video_전체타겟,에어프라이기BP_블트깡출시 (KR1),[26.07]F_V_BT깡_전환_블트깡출시_인물리뷰형_에어프라이기BP.KR1_var5.릴스_BP그대로.슬기.X_1P_최나영_260716_제과_피재은,381,9,8897.0,1
2026-07-17,(마스터ASC)[제과_블트하] 26.07_블트깡출시_ASC_전환_image,(마스터ASC)[제과_블트하] 26.07_블트깡출시_ASC_전환_image,[26.07]F_I_BT깡_전환_블트깡출시_바이럴형_KR1_.배너_3040소비상황.집들이안주로추천.검증__김소희_260716_제과_김수정,75,0,2183.0,0
2026-07-18,(마스터2) [제과_단백질 쉐이크] 26.07_단백질쉐이크출시_ASC_전환_image,(마스터2) [제과_단백질 쉐이크] 26.07_단백질쉐이크출시_ASC_전환_image,[26.07]F_I_SK혼_전환_단백질쉐이크출시_혜택강조형_올영최저가비교_.배너_다시는없어요.네고형.확장__이유빈_260714_제과_문다현,27,0,640.0,0
2026-07-18,(마스터ASC)[제과_블트하] 26.07_블트깡출시_ASC_전환_image,(마스터ASC)[제과_블트하] 26.07_블트깡출시_ASC_전환_image,[26.07]F_I_BT깡_전환_블트깡출시_혜택강조형_혜택강조형_.배너_짝퉁나올만큼유명한..검증__김소희_260715_제과_박서연,1,0,6.0,0
2026-07-18,(마스터ASC)[제과_블트하] 26.07_블트깡출시_ASC_전환_image,(마스터ASC)[제과_블트하] 26.07_블트깡출시_ASC_전환_image,[26.07]F_I_BT깡_전환_블트깡출시_바이럴형_KR1_.배너_3040소비상황.집들이안주로추천.검증__김소희_260716_제과_김수정,19,1,383.0,0
2026-07-19,(마스터2) [제과_단백질 쉐이크] 26.07_단백질쉐이크출시_ASC_전환_image,(마스터2) [제과_단백질 쉐이크] 26.07_단백질쉐이크출시_ASC_전환_image,[26.07]F_I_SK혼_전환_단백질쉐이크출시_혜택강조형_올영최저가비교_.배너_다시는없어요.네고형.확장__이유빈_260714_제과_문다현,79,0,1361.0,0
2026-07-19,[제과_블트하] 26.07_블트깡출시_수동_전환_video_전체타겟,BP이식형_블트깡출시 (KR1),[26.07]F_V_BT깡_전환_블트깡출시_쩜오건_리액션과장.KR1_var4.릴스_출시.제품후킹.X_1P_김소희_260715_제과_문형민,3,0,40.0,0
2026-07-19,(마스터ASC)[제과_블트하] 26.07_블트깡출시_ASC_전환_image,(마스터ASC)[제과_블트하] 26.07_블트깡출시_ASC_전환_image,[26.07]F_I_BT깡_전환_블트깡출시_바이럴형_KR1_.배너_3040소비상황.집들이안주로추천.검증__김소희_260716_제과_김수정,12,0,143.0,0
2026-07-20,[제과_단백질 쉐이크] 26.06_단백질쉐이크출시_ASC_전환_video,[제과_단백질 쉐이크] 26.06_단백질쉐이크출시_ASC_전환_video,[26.07]F_V_SK혼_전환_단백질쉐이크출시_ai형_ai캐릭터.파우치.개당가강조_var4.릴스_팝콘캐릭터산책.X_2P_이유빈_260713_제과_이미진,2860,44,35537.0,2
2026-07-20,(마스터2) [제과_단백질 쉐이크] 26.07_단백질쉐이크출시_ASC_전환_image,(마스터2) [제과_단백질 쉐이크] 26.07_단백질쉐이크출시_ASC_전환_image,[26.07]F_I_SK혼_전환_단백질쉐이크출시_혜택강조형_올영최저가비교_.배너_다시는없어요.네고형.확장__이유빈_260714_제과_문다현,199,8,2594.0,3
2026-07-20,(마스터ASC)[제과_블트하] 26.07_블트깡출시_ASC_전환_image,(마스터ASC)[제과_블트하] 26.07_블트깡출시_ASC_전환_image,[26.07]F_I_BT깡_전환_블트깡출시_바이럴형_KR1_.배너_3040소비상황.집들이안주로추천.검증__김소희_260716_제과_김수정,34,1,1161.0,0
2026-07-21,(마스터2) [제과_단백질 쉐이크] 26.07_단백질쉐이크출시_ASC_전환_image,(마스터2) [제과_단백질 쉐이크] 26.07_단백질쉐이크출시_ASC_전환_image,[26.07]F_I_SK혼_전환_단백질쉐이크출시_혜택강조형_올영최저가비교_.배너_다시는없어요.네고형.확장__이유빈_260714_제과_문다현,603,27,13801.0,1
2026-07-21,(마스터ASC)[제과_블트하] 26.07_블트깡출시_ASC_전환_image,(마스터ASC)[제과_블트하] 26.07_블트깡출시_ASC_전환_image,[26.07]F_I_BT깡_전환_블트깡출시_바이럴형_KR1_.배너_3040소비상황.집들이안주로추천.검증__김소희_260716_제과_김수정,2,0,9.0,0
2026-07-22,(마스터ASC)[제과_블트하] 26.07_블트깡출시_ASC_전환_image,(마스터ASC)[제과_블트하] 26.07_블트깡출시_ASC_전환_image,[26.07]F_I_BT깡_전환_블트깡출시_바이럴형_KR1_.배너_3040소비상황.집들이안주로추천.검증__김소희_260716_제과_김수정,1,0,11.0,0
2026-07-22,[칩] (마스터ASC)[제과_블트하] 26.07_블트칩출시_ASC_전환_image,[칩] (마스터ASC)[제과_블트하] 26.07_블트칩출시_ASC_전환_image,[26.07]F_I_BT칩_전환_블트칩출시_바이럴형_KR1_.배너_맘카페페르소나.지면테스트.엄마들단톡.검증__김소희_260722_제과_김수정,8,0,164.0,0
2026-07-22,[제과_블트하] 26.07_블트깡출시_수동_전환_image_전체타겟,[칩] 맘카페.페르소나_블트칩출시 (KR1),[26.07]F_I_BT칩_전환_블트칩출시_바이럴형_KR1_.배너_맘카페페르소나.지면테스트.육퇴후간식.검증__김소희_260722_제과_김수정,270,9,4575.0,1
2026-07-22,[제과_블트하] 26.07_블트깡출시_수동_전환_image_전체타겟,주변인인정_블트칩출시 (KR2) (0728),[26.07]F_I_BT칩_전환_블트칩출시_혜택강조형_KR2_.배너_최고급스페인산하몽.사분할.지면테스트..검증__김소희_260722_제과_박서연,94,6,1189.0,1
2026-07-22,[칩] (마스터ASC)[제과_블트하] 26.07_블트칩출시_ASC_전환_image,[칩] (마스터ASC)[제과_블트하] 26.07_블트칩출시_ASC_전환_image,[26.07]F_I_BT칩_전환_블트칩출시_혜택강조형_KR2_.배너_세계4대진미7일만할인해요.칩깡동시소구.지면테스트..검증__김소희_260722_제과_박서연,54,3,1838.0,0
2026-07-23,[제과_블트하] 26.07_블트깡출시_수동_전환_video_전체타겟,BP이식형_블트깡출시 (KR1),[26.07]F_V_BT깡_전환_블트깡출시_쩜오건_리액션과장.KR1_var2.릴스_SNS.제품후킹.X_1P_김소희_260715_제과_문형민,2,0,12.0,0
2026-07-23,(마스터ASC)[제과_블트하] 26.07_블트깡출시_ASC_전환_image,(마스터ASC)[제과_블트하] 26.07_블트깡출시_ASC_전환_image,[26.07]F_I_BT깡_전환_블트깡출시_혜택강조형_혜택강조형_.배너_짝퉁나올만큼유명한..검증__김소희_260715_제과_박서연,4,1,210.0,0
2026-07-23,(마스터ASC)[제과_블트하] 26.07_블트깡출시_ASC_전환_image,(마스터ASC)[제과_블트하] 26.07_블트깡출시_ASC_전환_image,[26.07]F_I_BT깡_전환_블트깡출시_바이럴형_KR1_.배너_3040소비상황.집들이안주로추천.검증__김소희_260716_제과_김수정,13,0,204.0,0
2026-07-23,[칩] (마스터ASC)[제과_블트하] 26.07_블트칩출시_ASC_전환_image,[칩] (마스터ASC)[제과_블트하] 26.07_블트칩출시_ASC_전환_image,[26.07]F_I_BT칩_전환_블트칩출시_바이럴형_KR1_.배너_맘카페페르소나.지면테스트.엄마들단톡.검증__김소희_260722_제과_김수정,2,0,47.0,0
2026-07-23,[제과_블트하] 26.07_블트깡출시_수동_전환_image_전체타겟,[칩] 맘카페.페르소나_블트칩출시 (KR1),[26.07]F_I_BT칩_전환_블트칩출시_바이럴형_KR1_.배너_맘카페페르소나.지면테스트.육퇴후간식.검증__김소희_260722_제과_김수정,714,20,15358.0,1
2026-07-23,[제과_블트하] 26.07_블트깡출시_수동_전환_image_전체타겟,주변인인정_블트칩출시 (KR2) (0728),[26.07]F_I_BT칩_전환_블트칩출시_혜택강조형_KR2_.배너_최고급스페인산하몽.사분할.지면테스트..검증__김소희_260722_제과_박서연,317,5,5030.0,0
2026-07-23,[칩] (마스터ASC)[제과_블트하] 26.07_블트칩출시_ASC_전환_image,[칩] (마스터ASC)[제과_블트하] 26.07_블트칩출시_ASC_전환_image,[26.07]F_I_BT칩_전환_블트칩출시_혜택강조형_KR2_.배너_세계4대진미7일만할인해요.칩깡동시소구.지면테스트..검증__김소희_260722_제과_박서연,25,0,1145.0,0
2026-07-23,[제과_블트하] 26.07_블트깡출시_수동_전환_video_전체타겟,(0725) [칩] BP이식형_블트칩출시 (KR1) (경연님/성미님),[26.07]F_V_BT칩_전환_블트칩출시_쩜오건_3040페르소나강조.풀매수_var1.릴스_육아.X_1P_김소희_260723_제과_강경연,1020,30,16940.0,0
2026-07-23,[제과_블트하] 26.07_블트깡출시_수동_전환_image_전체타겟,남편인정소비_블트깡출시 (KR1) (0728),[26.07]F_I_BT칩_전환_블트칩출시_혜택강조형_KR1_.배너_맘카페.고급권위실체.확장__김소희_260723_제과_박지현,1290,51,22994.0,1
2026-07-24,[제과_블트하] 26.07_블트깡출시_수동_전환_video_전체타겟,(0725) [칩] BP이식형_블트칩출시 (KR1) (경연님/성미님),[26.07]F_V_BT칩_전환_블트칩출시_쩜오건_3040페르소나강조.풀매수_var1.릴스_육아.X_1P_김소희_260723_제과_강경연,3278,122,59200.0,3
2026-07-24,[제과_블트하] 26.07_블트깡출시_수동_전환_image_전체타겟,남편인정소비_블트깡출시 (KR1) (0728),[26.07]F_I_BT칩_전환_블트칩출시_혜택강조형_KR1_.배너_맘카페.고급권위실체.확장__김소희_260723_제과_박지현,1894,58,32243.0,0
2026-07-24,[제과_블트하] 26.07_블트깡출시_수동_전환_video_전체타겟,(0725) [칩] BP이식형_블트칩출시 (KR1) (경연님/성미님),[26.07]F_V_BT칩_전환_블트칩출시_쩜오건_오감자BP.KR1_var3.릴스_중국산.X_2P_최나영_260724_제과_윤성미,14,0,318.0,0
2026-07-25,(마스터ASC)[제과_블트하] 26.07_블트깡출시_ASC_전환_image,(마스터ASC)[제과_블트하] 26.07_블트깡출시_ASC_전환_image,[26.07]F_I_BT깡_전환_블트깡출시_바이럴형_KR1_.배너_3040소비상황.집들이안주로추천.검증__김소희_260716_제과_김수정,158,4,4272.0,0
2026-07-25,[제과_블트하] 26.07_블트깡출시_수동_전환_video_전체타겟,(0725) [칩] BP이식형_블트칩출시 (KR1) (경연님/성미님),[26.07]F_V_BT칩_전환_블트칩출시_쩜오건_3040페르소나강조.풀매수_var1.릴스_육아.X_1P_김소희_260723_제과_강경연,13,0,425.0,0
2026-07-25,[제과_블트하] 26.07_블트깡출시_수동_전환_video_전체타겟,(0725) [칩] BP이식형_블트칩출시 (KR1) (경연님/성미님),[26.07]F_V_BT칩_전환_블트칩출시_쩜오건_오감자BP.KR1_var3.릴스_중국산.X_2P_최나영_260724_제과_윤성미,304,17,8447.0,1
2026-07-26,[제과_블트하] 26.07_블트깡출시_수동_전환_video_전체타겟,BP이식형_블트깡출시 (KR1),[26.07]F_V_BT깡_전환_블트깡출시_쩜오건_리액션과장.KR1_var2.릴스_SNS.제품후킹.X_1P_김소희_260715_제과_문형민,82,1,2234.0,0
2026-07-27,[제과_블트하] 26.07_블트깡출시_수동_전환_video_전체타겟,BP이식형_블트깡출시 (KR1),[26.07]F_V_BT깡_전환_블트깡출시_쩜오건_리액션과장.KR1_var2.릴스_SNS.제품후킹.X_1P_김소희_260715_제과_문형민,554,10,10321.0,1
2026-07-28,[제과_블트하] 26.07_블트깡출시_수동_전환_video_전체타겟,BP이식형_블트깡출시 (KR1),[26.07]F_V_BT깡_전환_블트깡출시_쩜오건_리액션과장.KR1_var2.릴스_SNS.제품후킹.X_1P_김소희_260715_제과_문형민,1334,19,28370.0,2
2026-07-01,(마스터ASC)[제과_콘스프맛 팝콘] 26.05_콘스프맛팝콘출시_ASC_전환_video,(마스터ASC)[콘스프맛 팝콘] 26.05_콘스프맛팝콘출시_ASC_전환_video,[26.06]F_V_PC콘_전환_팝콘더블특가_인플루언서형_올리브BP.다이어트_var2.릴스_혜택.슬기.X_1P_최나영_260625_제과_강경연,636,14,14733.0,4
2026-07-01,[콘스프맛 팝콘] 26.05_콘스프맛팝콘출시_ASC_전환_image (old),[콘스프맛 팝콘] 26.05_콘스프맛팝콘출시_ASC_전환_image (old),[26.06]F_I_PC혼_전환_팝콘더블특가_매거진형_다이어트_.배너_오늘만이가격.요요.입터짐방지템.단계적할인.확장__김소희_260701_제과_문다현,125,6,2338.0,2
2026-07-02,(마스터ASC)[제과_콘스프맛 팝콘] 26.05_콘스프맛팝콘출시_ASC_전환_video,(마스터ASC)[콘스프맛 팝콘] 26.05_콘스프맛팝콘출시_ASC_전환_video,[26.06]F_V_PC콘_전환_팝콘더블특가_인플루언서형_올리브BP.다이어트_var2.릴스_혜택.슬기.X_1P_최나영_260625_제과_강경연,712,15,14056.0,5
2026-07-02,(마스터ASC)[제과_콘스프맛 팝콘] 26.05_콘스프맛팝콘출시_ASC_전환_video,(마스터ASC)[콘스프맛 팝콘] 26.05_콘스프맛팝콘출시_ASC_전환_video,[26.06]F_V_PC콘_전환_팝콘더블특가_문제공감형_삼팔당땡BP.다이어트_main.릴스_메인.추가건PJ_1P_최나영_260626_제과_피재은,488,11,9125.0,1
2026-07-02,[제과_콘스프맛 팝콘] 26.05_콘스프맛팝콘출시_수동_전환_image,오늘까지만_앵콜더블특가 (~7/1),[26.06]F_I_PC혼_전환_팝콘더블특가_매거진형_다이어트_.배너_오늘종료서두르세요.요요.입터짐방지템.확장__김소희_260701_제과_문다현,99,1,2195.0,1
2026-07-02,[콘스프맛 팝콘] 26.05_콘스프맛팝콘출시_ASC_전환_image (old),[콘스프맛 팝콘] 26.05_콘스프맛팝콘출시_ASC_전환_image (old),[26.06]F_I_PC혼_전환_팝콘더블특가_매거진형_다이어트_.배너_오늘만이가격.요요.입터짐방지템.단계적할인.확장__김소희_260701_제과_문다현,23,1,460.0,0
2026-07-03,(마스터ASC)[제과_콘스프맛 팝콘] 26.05_콘스프맛팝콘출시_ASC_전환_video,(마스터ASC)[콘스프맛 팝콘] 26.05_콘스프맛팝콘출시_ASC_전환_video,[26.06]F_V_PC콘_전환_팝콘더블특가_인플루언서형_올리브BP.다이어트_var2.릴스_혜택.슬기.X_1P_최나영_260625_제과_강경연,66,0,1104.0,0
2026-07-03,(마스터ASC)[제과_콘스프맛 팝콘] 26.05_콘스프맛팝콘출시_ASC_전환_video,(마스터ASC)[콘스프맛 팝콘] 26.05_콘스프맛팝콘출시_ASC_전환_video,[26.06]F_V_PC콘_전환_팝콘더블특가_문제공감형_삼팔당땡BP.다이어트_main.릴스_메인.추가건PJ_1P_최나영_260626_제과_피재은,4,0,47.0,0
2026-07-03,(마스터ASC)[제과_콘스프맛 팝콘] 26.07_콘스프맛팝콘출시_ASC_전환_image (NEW),(마스터ASC)[콘스프맛 팝콘] 26.07_콘스프맛팝콘출시_ASC_전환_image (NEW),[26.07]F_I_PC혼_전환_팝콘할인페스타_혜택강조형_다이어트_.배너_입터짐방지팝콘.선착순300명한정.확장__김소희_260702_제과_문다현,9,1,275.0,0
2026-07-03,(마스터ASC)[제과_콘스프맛 팝콘] 26.07_콘스프맛팝콘출시_ASC_전환_image (NEW),(마스터ASC)[콘스프맛 팝콘] 26.07_콘스프맛팝콘출시_ASC_전환_image (NEW),[26.07]F_I_PC혼_전환_팝콘할인페스타_혜택강조형_다이어트_.배너_네컷.선착순300명한정.품절대란.확장__김소희_260703_제과_문다현,32,1,571.0,0
2026-07-04,(마스터ASC)[제과_콘스프맛 팝콘] 26.05_콘스프맛팝콘출시_ASC_전환_video,(마스터ASC)[콘스프맛 팝콘] 26.05_콘스프맛팝콘출시_ASC_전환_video,[26.06]F_V_PC콘_전환_팝콘더블특가_인플루언서형_올리브BP.다이어트_var2.릴스_혜택.슬기.X_1P_최나영_260625_제과_강경연,263,6,5719.0,1
2026-07-04,(마스터ASC)[제과_콘스프맛 팝콘] 26.05_콘스프맛팝콘출시_ASC_전환_video,(마스터ASC)[콘스프맛 팝콘] 26.05_콘스프맛팝콘출시_ASC_전환_video,[26.06]F_V_PC콘_전환_팝콘더블특가_문제공감형_삼팔당땡BP.다이어트_main.릴스_메인.추가건PJ_1P_최나영_260626_제과_피재은,337,6,5475.0,1
2026-07-04,[제과_단백질 쉐이크] 26.06_단백질쉐이크출시_ASC_전환_video,[제과_단백질 쉐이크] 26.06_단백질쉐이크출시_ASC_전환_video,[26.07]F_V_SK혼_전환_단백질쉐이크출시_네고형_역네고형_var1.릴스_타사비교.X_2P_이유빈_260703_제과_이미진,22,4,395.0,0
2026-07-04,(마스터ASC)[제과_콘스프맛 팝콘] 26.07_콘스프맛팝콘출시_ASC_전환_image (NEW),(마스터ASC)[콘스프맛 팝콘] 26.07_콘스프맛팝콘출시_ASC_전환_image (NEW),[26.07]F_I_PC혼_전환_팝콘할인페스타_혜택강조형_다이어트_.배너_네컷.선착순300명한정.품절대란.확장__김소희_260703_제과_문다현,382,7,5590.0,1
2026-07-05,(마스터ASC)[제과_콘스프맛 팝콘] 26.05_콘스프맛팝콘출시_ASC_전환_video,(마스터ASC)[콘스프맛 팝콘] 26.05_콘스프맛팝콘출시_ASC_전환_video,[26.06]F_V_PC콘_전환_팝콘더블특가_인플루언서형_올리브BP.다이어트_var2.릴스_혜택.슬기.X_1P_최나영_260625_제과_강경연,1156,32,20582.0,4
2026-07-05,(마스터ASC)[제과_콘스프맛 팝콘] 26.05_콘스프맛팝콘출시_ASC_전환_video,(마스터ASC)[콘스프맛 팝콘] 26.05_콘스프맛팝콘출시_ASC_전환_video,[26.06]F_V_PC콘_전환_팝콘더블특가_문제공감형_삼팔당땡BP.다이어트_main.릴스_메인.추가건PJ_1P_최나영_260626_제과_피재은,355,5,5193.0,0
2026-07-05,(마스터ASC)[제과_콘스프맛 팝콘] 26.07_콘스프맛팝콘출시_ASC_전환_image (NEW),(마스터ASC)[콘스프맛 팝콘] 26.07_콘스프맛팝콘출시_ASC_전환_image (NEW),[26.07]F_I_PC혼_전환_팝콘할인페스타_혜택강조형_다이어트_.배너_입터짐방지팝콘.선착순300명한정.확장__김소희_260702_제과_문다현,62,1,1278.0,0
2026-07-05,(마스터ASC)[제과_콘스프맛 팝콘] 26.07_콘스프맛팝콘출시_ASC_전환_image (NEW),(마스터ASC)[콘스프맛 팝콘] 26.07_콘스프맛팝콘출시_ASC_전환_image (NEW),[26.07]F_I_PC혼_전환_팝콘할인페스타_혜택강조형_다이어트_.배너_네컷.선착순300명한정.품절대란.확장__김소희_260703_제과_문다현,395,3,5695.0,0
2026-07-06,(마스터ASC)[제과_콘스프맛 팝콘] 26.05_콘스프맛팝콘출시_ASC_전환_video,(마스터ASC)[콘스프맛 팝콘] 26.05_콘스프맛팝콘출시_ASC_전환_video,[26.06]F_V_PC콘_전환_팝콘더블특가_인플루언서형_올리브BP.다이어트_var2.릴스_혜택.슬기.X_1P_최나영_260625_제과_강경연,2862,55,55220.0,6
2026-07-06,(마스터ASC)[제과_콘스프맛 팝콘] 26.05_콘스프맛팝콘출시_ASC_전환_video,(마스터ASC)[콘스프맛 팝콘] 26.05_콘스프맛팝콘출시_ASC_전환_video,[26.06]F_V_PC콘_전환_팝콘더블특가_문제공감형_삼팔당땡BP.다이어트_main.릴스_메인.추가건PJ_1P_최나영_260626_제과_피재은,377,5,5451.0,0
2026-07-06,(마스터ASC)[제과_콘스프맛 팝콘] 26.07_콘스프맛팝콘출시_ASC_전환_image (NEW),(마스터ASC)[콘스프맛 팝콘] 26.07_콘스프맛팝콘출시_ASC_전환_image (NEW),[26.07]F_I_PC혼_전환_팝콘할인페스타_혜택강조형_다이어트_.배너_입터짐방지팝콘.선착순300명한정.확장__김소희_260702_제과_문다현,221,5,4802.0,0
2026-07-06,[제과_단백질 쉐이크] 26.06_단백질쉐이크출시_ASC_전환_video,[제과_단백질 쉐이크] 26.06_단백질쉐이크출시_ASC_전환_video,[26.07]F_V_SK혼_전환_단백질쉐이크출시_네고형_역네고형_var1.릴스_타사비교.X_2P_이유빈_260703_제과_이미진,4,0,25.0,0
2026-07-06,(마스터ASC)[제과_콘스프맛 팝콘] 26.07_콘스프맛팝콘출시_ASC_전환_image (NEW),(마스터ASC)[콘스프맛 팝콘] 26.07_콘스프맛팝콘출시_ASC_전환_image (NEW),[26.07]F_I_PC혼_전환_팝콘할인페스타_혜택강조형_다이어트_.배너_네컷.선착순300명한정.품절대란.확장__김소희_260703_제과_문다현,201,3,3040.0,2
2026-07-07,(마스터ASC)[제과_콘스프맛 팝콘] 26.05_콘스프맛팝콘출시_ASC_전환_video,(마스터ASC)[콘스프맛 팝콘] 26.05_콘스프맛팝콘출시_ASC_전환_video,[26.06]F_V_PC콘_전환_팝콘더블특가_인플루언서형_올리브BP.다이어트_var2.릴스_혜택.슬기.X_1P_최나영_260625_제과_강경연,436,7,9397.0,1
2026-07-07,(마스터ASC)[제과_콘스프맛 팝콘] 26.05_콘스프맛팝콘출시_ASC_전환_video,(마스터ASC)[콘스프맛 팝콘] 26.05_콘스프맛팝콘출시_ASC_전환_video,[26.06]F_V_PC콘_전환_팝콘더블특가_문제공감형_삼팔당땡BP.다이어트_main.릴스_메인.추가건PJ_1P_최나영_260626_제과_피재은,45,0,799.0,0
2026-07-07,(마스터ASC)[제과_콘스프맛 팝콘] 26.07_콘스프맛팝콘출시_ASC_전환_image (NEW),(마스터ASC)[콘스프맛 팝콘] 26.07_콘스프맛팝콘출시_ASC_전환_image (NEW),[26.07]F_I_PC혼_전환_팝콘할인페스타_혜택강조형_다이어트_.배너_입터짐방지팝콘.선착순300명한정.확장__김소희_260702_제과_문다현,386,12,7598.0,2
2026-07-07,(마스터ASC)[제과_콘스프맛 팝콘] 26.07_콘스프맛팝콘출시_ASC_전환_image (NEW),(마스터ASC)[콘스프맛 팝콘] 26.07_콘스프맛팝콘출시_ASC_전환_image (NEW),[26.07]F_I_PC혼_전환_팝콘할인페스타_혜택강조형_다이어트_.배너_네컷.선착순300명한정.품절대란.확장__김소희_260703_제과_문다현,1021,16,17159.0,5
2026-07-07,(마스터ASC)[제과_콘스프맛 팝콘] 26.07_콘스프맛팝콘출시_ASC_전환_image (NEW),(마스터ASC)[콘스프맛 팝콘] 26.07_콘스프맛팝콘출시_ASC_전환_image (NEW),[26.07]F_I_PC혼_전환_팝콘할인페스타_혜택강조형_다이어트_.배너_선착순할인주문폭주.요요없는.빨간박스.확장__김소희_260706_제과_문다현,277,3,6390.0,0
2026-07-09,(마스터ASC)[제과_콘스프맛 팝콘] 26.05_콘스프맛팝콘출시_ASC_전환_video,(마스터ASC)[콘스프맛 팝콘] 26.05_콘스프맛팝콘출시_ASC_전환_video,[26.06]F_V_PC콘_전환_팝콘더블특가_문제공감형_삼팔당땡BP.다이어트_main.릴스_메인.추가건PJ_1P_최나영_260626_제과_피재은,3,0,18.0,0
2026-07-09,[제과_콘스프맛 팝콘] 26.05_콘스프맛팝콘출시_수동_전환_image,속세맛간식공감_콘스프맛팝콘_상시,[26.07]F_I_PC혼_전환_상시_매거진형_다이어트_.배너_맛타협페인포인트.밍밍다이어트과자.입터짐방지용.검증__김소희_260708_제과_문다현,222,8,5422.0,2
2026-07-10,[제과_콘스프맛 팝콘] 26.05_콘스프맛팝콘출시_수동_전환_image,속세맛간식공감_콘스프맛팝콘_상시,[26.07]F_I_PC혼_전환_상시_매거진형_다이어트_.배너_맛타협페인포인트.밍밍다이어트과자.입터짐방지용.검증__김소희_260708_제과_문다현,278,6,5126.0,0
2026-07-11,[제과_콘스프맛 팝콘] 26.05_콘스프맛팝콘출시_수동_전환_image,속세맛간식공감_콘스프맛팝콘_상시,[26.07]F_I_PC혼_전환_상시_매거진형_다이어트_.배너_맛타협페인포인트.밍밍다이어트과자.입터짐방지용.검증__김소희_260708_제과_문다현,11,0,189.0,0
2026-07-11,[제과_콘스프맛 팝콘] 26.05_콘스프맛팝콘출시_수동_전환_video,지인네고형_팝콘더블특가_콘스프맛 (~7/1),[26.07]F_V_PC콘_전환_콘스프맛팝콘출시_네고형_지인네고형.다이어트_var4.릴스_운동상황강조2.슬기.(재)_1P_김소희_260710_제과_문형민,40,0,960.0,0
2026-07-11,[제과_단백질 쉐이크] 26.06_단백질쉐이크출시_수동_전환_image,파우치개당가강조(2)_0709,[26.07]F_I_SK혼_전환_단백질쉐이크출시_혜택강조형_파우치.개당가강조_.배너_대용량1개살가격으로.무제한급.팝콘무료.개당1천원대.주황.확장__이유빈_260710_제과_문다현,408,11,10121.0,0
2026-07-11,(마스터2) [제과_단백질 쉐이크] 26.07_단백질쉐이크출시_ASC_전환_image,(마스터2) [제과_단백질 쉐이크] 26.07_단백질쉐이크출시_ASC_전환_image,[26.07]F_I_SK혼_전환_단백질쉐이크출시_혜택강조형_파우치.개당가강조_.배너_대용량보다싼파우치단쉐.개당1천원대.팝콘.확장__이유빈_260710_제과_문다현,172,3,5682.0,0
2026-07-11,[제과_단백질 쉐이크] 26.06_단백질쉐이크출시_ASC_전환_video,[제과_단백질 쉐이크] 26.06_단백질쉐이크출시_ASC_전환_video,[26.07]F_V_SK혼_전환_단백질쉐이크출시_신규BP_문제공감형.파우치.개당가강조_var1.릴스_토핑강조.X_2P_이유빈_260710_제과_이봄1,13,2,494.0,0
2026-07-11,[제과_단백질 쉐이크] 26.06_단백질쉐이크출시_수동_전환_video,문제공감형_0710,[26.07]F_V_SK혼_전환_단백질쉐이크출시_신규BP_문제공감형.파우치.개당가강조_var3.릴스_노력강조.네고왕.X_2P_이유빈_260710_제과_이봄1,108,0,2230.0,0
2026-07-12,[제과_콘스프맛 팝콘] 26.05_콘스프맛팝콘출시_수동_전환_image,속세맛간식공감_콘스프맛팝콘_상시,[26.07]F_I_PC혼_전환_상시_매거진형_다이어트_.배너_맛타협페인포인트.밍밍다이어트과자.입터짐방지용.검증__김소희_260708_제과_문다현,3,0,9.0,0
2026-07-12,[제과_콘스프맛 팝콘] 26.05_콘스프맛팝콘출시_수동_전환_video,지인네고형_팝콘더블특가_콘스프맛 (~7/1),[26.07]F_V_PC콘_전환_콘스프맛팝콘출시_네고형_지인네고형.다이어트_var4.릴스_운동상황강조2.슬기.(재)_1P_김소희_260710_제과_문형민,12,0,278.0,0
2026-07-12,(마스터2) [제과_단백질 쉐이크] 26.07_단백질쉐이크출시_ASC_전환_image,(마스터2) [제과_단백질 쉐이크] 26.07_단백질쉐이크출시_ASC_전환_image,[26.07]F_I_SK혼_전환_단백질쉐이크출시_혜택강조형_파우치.개당가강조_.배너_대용량보다싼파우치단쉐.개당1천원대.팝콘.확장__이유빈_260710_제과_문다현,222,10,7244.0,0
2026-07-12,[제과_단백질 쉐이크] 26.06_단백질쉐이크출시_ASC_전환_video,[제과_단백질 쉐이크] 26.06_단백질쉐이크출시_ASC_전환_video,[26.07]F_V_SK혼_전환_단백질쉐이크출시_신규BP_문제공감형.파우치.개당가강조_var1.릴스_토핑강조.X_2P_이유빈_260710_제과_이봄1,50,1,1092.0,0
2026-07-13,[제과_콘스프맛 팝콘] 26.05_콘스프맛팝콘출시_수동_전환_video,지인네고형_팝콘더블특가_콘스프맛 (~7/1),[26.07]F_V_PC콘_전환_콘스프맛팝콘출시_네고형_지인네고형.다이어트_var4.릴스_운동상황강조2.슬기.(재)_1P_김소희_260710_제과_문형민,1,0,11.0,0
2026-07-13,[제과_단백질 쉐이크] 26.06_단백질쉐이크출시_ASC_전환_video,[제과_단백질 쉐이크] 26.06_단백질쉐이크출시_ASC_전환_video,[26.07]F_V_SK혼_전환_단백질쉐이크출시_신규BP_문제공감형.파우치.개당가강조_var1.릴스_토핑강조.X_2P_이유빈_260710_제과_이봄1,2,0,25.0,0
2026-07-14,(마스터ASC)[제과_콘스프맛 팝콘] 26.05_콘스프맛팝콘출시_ASC_전환_video,(마스터ASC)[콘스프맛 팝콘] 26.05_콘스프맛팝콘출시_ASC_전환_video,[26.06]F_V_PC콘_전환_팝콘더블특가_문제공감형_삼팔당땡BP.다이어트_main.릴스_메인.추가건PJ_1P_최나영_260626_제과_피재은,5,1,84.0,0
2026-07-14,[제과_콘스프맛 팝콘] 26.05_콘스프맛팝콘출시_수동_전환_image,속세맛간식공감_콘스프맛팝콘_상시,[26.07]F_I_PC혼_전환_상시_매거진형_다이어트_.배너_맛타협페인포인트.밍밍다이어트과자.입터짐방지용.검증__김소희_260708_제과_문다현,8,0,107.0,0
2026-07-14,[제과_단백질 쉐이크] 26.06_단백질쉐이크출시_ASC_전환_video,[제과_단백질 쉐이크] 26.06_단백질쉐이크출시_ASC_전환_video,[26.07]F_V_SK혼_전환_단백질쉐이크출시_신규BP_문제공감형.파우치.개당가강조_var1.릴스_토핑강조.X_2P_이유빈_260710_제과_이봄1,35,1,1004.0,0
2026-07-14,[제과_단백질 쉐이크] 26.06_단백질쉐이크출시_수동_전환_video,AI캐릭터형_0713,[26.07]F_V_SK혼_전환_단백질쉐이크출시_ai형_ai캐릭터.파우치.개당가강조_var5.릴스_팝콘산책.X_2P_이유빈_260713_제과_이미진,1097,20,21063.0,0
2026-07-14,[제과_단백질 쉐이크] 26.06_단백질쉐이크출시_수동_전환_image,최저가비교_0713,[26.07]F_I_SK혼_전환_단백질쉐이크출시_혜택강조형_개당최저가비교_.배너_다먹을때까지쭉씹혀요.초특가.빨강그라데이션.확장__이유빈_260713_제과_문다현,187,3,4853.0,0
2026-07-15,[제과_단백질 쉐이크] 26.06_단백질쉐이크출시_수동_전환_image,최저가비교_0713,[26.07]F_I_SK혼_전환_단백질쉐이크출시_혜택강조형_개당최저가비교_.배너_다먹을때까지쭉씹혀요.초특가.빨강그라데이션.확장__이유빈_260713_제과_문다현,43,0,896.0,0
2026-07-15,(마스터2) [제과_단백질 쉐이크] 26.07_단백질쉐이크출시_ASC_전환_image,(마스터2) [제과_단백질 쉐이크] 26.07_단백질쉐이크출시_ASC_전환_image,[26.07]F_I_SK혼_전환_단백질쉐이크출시_혜택강조형_올영최저가비교_.배너_시말서는미리써뒀습니다.네고형.확장__이유빈_260714_제과_문다현,372,14,10809.0,2
2026-07-15,(마스터ASC)[제과_블트하] 26.07_블트깡출시_ASC_전환_video,(마스터ASC)[제과_블트하] 26.07_블트깡출시_ASC_전환_video,[26.07]F_V_BT깡_전환_블트깡출시_쩜오건_대세감실체.KR1_var2.릴스_여배우유튜브.X_1P_김소희_260715_제과_문형민,150,5,2486.0,0
2026-07-15,[제과_블트하] 26.07_블트깡출시_수동_전환_image_전체타겟,원산지권위추가건_블트깡출시 (KR2),[26.07]F_I_BT깡_전환_블트깡출시_혜택강조형_KR2_.배너_원산지권위.비싼거때려넣음.검증__김소희_260715_제과_김수정,81,3,2311.0,0
2026-07-16,[제과_콘스프맛 팝콘] 26.05_콘스프맛팝콘출시_수동_전환_image,속세맛간식공감_콘스프맛팝콘_상시,[26.07]F_I_PC혼_전환_상시_매거진형_다이어트_.배너_맛타협페인포인트.밍밍다이어트과자.입터짐방지용.검증__김소희_260708_제과_문다현,36,1,1029.0,1
2026-07-16,[제과_단백질 쉐이크] 26.06_단백질쉐이크출시_ASC_전환_video,[제과_단백질 쉐이크] 26.06_단백질쉐이크출시_ASC_전환_video,[26.07]F_V_SK혼_전환_단백질쉐이크출시_신규BP_문제공감형.파우치.개당가강조_var1.릴스_토핑강조.X_2P_이유빈_260710_제과_이봄1,4,0,28.0,0
2026-07-16,[제과_단백질 쉐이크] 26.06_단백질쉐이크출시_수동_전환_image,최저가비교_0713,[26.07]F_I_SK혼_전환_단백질쉐이크출시_혜택강조형_개당최저가비교_.배너_다먹을때까지쭉씹혀요.초특가.빨강그라데이션.확장__이유빈_260713_제과_문다현,2,0,12.0,0
2026-07-16,(마스터2) [제과_단백질 쉐이크] 26.07_단백질쉐이크출시_ASC_전환_image,(마스터2) [제과_단백질 쉐이크] 26.07_단백질쉐이크출시_ASC_전환_image,[26.07]F_I_SK혼_전환_단백질쉐이크출시_혜택강조형_올영최저가비교_.배너_시말서는미리써뒀습니다.네고형.확장__이유빈_260714_제과_문다현,3425,59,52824.0,4
2026-07-16,(마스터ASC)[제과_블트하] 26.07_블트깡출시_ASC_전환_video,(마스터ASC)[제과_블트하] 26.07_블트깡출시_ASC_전환_video,[26.07]F_V_BT깡_전환_블트깡출시_쩜오건_대세감실체.KR1_var2.릴스_여배우유튜브.X_1P_김소희_260715_제과_문형민,50,2,822.0,1
2026-07-16,[제과_블트하] 26.07_블트깡출시_수동_전환_image_전체타겟,원산지권위추가건_블트깡출시 (KR2),[26.07]F_I_BT깡_전환_블트깡출시_혜택강조형_KR2_.배너_원산지권위.비싼거때려넣음.검증__김소희_260715_제과_김수정,8588,225,197487.0,45
2026-07-17,[제과_콘스프맛 팝콘] 26.05_콘스프맛팝콘출시_수동_전환_image,속세맛간식공감_콘스프맛팝콘_상시,[26.07]F_I_PC혼_전환_상시_매거진형_다이어트_.배너_맛타협페인포인트.밍밍다이어트과자.입터짐방지용.검증__김소희_260708_제과_문다현,41,3,836.0,0
2026-07-17,(마스터2) [제과_단백질 쉐이크] 26.07_단백질쉐이크출시_ASC_전환_image,(마스터2) [제과_단백질 쉐이크] 26.07_단백질쉐이크출시_ASC_전환_image,[26.07]F_I_SK혼_전환_단백질쉐이크출시_혜택강조형_올영최저가비교_.배너_시말서는미리써뒀습니다.네고형.확장__이유빈_260714_제과_문다현,364,6,7153.0,3
2026-07-17,(마스터ASC)[제과_블트하] 26.07_블트깡출시_ASC_전환_video,(마스터ASC)[제과_블트하] 26.07_블트깡출시_ASC_전환_video,[26.07]F_V_BT깡_전환_블트깡출시_쩜오건_대세감실체.KR1_var2.릴스_여배우유튜브.X_1P_김소희_260715_제과_문형민,129,0,1551.0,0
2026-07-17,[제과_블트하] 26.07_블트깡출시_수동_전환_image_전체타겟,원산지권위추가건_블트깡출시 (KR2),[26.07]F_I_BT깡_전환_블트깡출시_혜택강조형_KR2_.배너_원산지권위.비싼거때려넣음.검증__김소희_260715_제과_김수정,4787,148,105565.0,15
2026-07-17,(마스터ASC)[제과_블트하] 26.07_블트깡출시_ASC_전환_image,(마스터ASC)[제과_블트하] 26.07_블트깡출시_ASC_전환_image,[26.07]F_I_BT깡_전환_블트깡출시_혜택강조형_KR1_.배너_맘카페.드디어저희동네.야식순삭.확장__김소희_260716_제과_문다현,17,0,491.0,0
2026-07-18,[제과_콘스프맛 팝콘] 26.05_콘스프맛팝콘출시_수동_전환_image,속세맛간식공감_콘스프맛팝콘_상시,[26.07]F_I_PC혼_전환_상시_매거진형_다이어트_.배너_맛타협페인포인트.밍밍다이어트과자.입터짐방지용.검증__김소희_260708_제과_문다현,2,0,15.0,0
2026-07-18,(마스터ASC)[제과_블트하] 26.07_블트깡출시_ASC_전환_video,(마스터ASC)[제과_블트하] 26.07_블트깡출시_ASC_전환_video,[26.07]F_V_BT깡_전환_블트깡출시_쩜오건_대세감실체.KR1_var2.릴스_여배우유튜브.X_1P_김소희_260715_제과_문형민,5,0,96.0,0
2026-07-18,[제과_블트하] 26.07_블트깡출시_수동_전환_image_전체타겟,원산지권위추가건_블트깡출시 (KR2),[26.07]F_I_BT깡_전환_블트깡출시_혜택강조형_KR2_.배너_원산지권위.비싼거때려넣음.검증__김소희_260715_제과_김수정,707,19,18115.0,3
2026-07-19,(마스터ASC)[제과_콘스프맛 팝콘] 26.05_콘스프맛팝콘출시_ASC_전환_video,(마스터ASC)[콘스프맛 팝콘] 26.05_콘스프맛팝콘출시_ASC_전환_video,[26.06]F_V_PC콘_전환_팝콘더블특가_문제공감형_삼팔당땡BP.다이어트_main.릴스_메인.추가건PJ_1P_최나영_260626_제과_피재은,153,5,3229.0,0
2026-07-19,(마스터ASC)[제과_블트하] 26.07_블트깡출시_ASC_전환_video,(마스터ASC)[제과_블트하] 26.07_블트깡출시_ASC_전환_video,[26.07]F_V_BT깡_전환_블트깡출시_쩜오건_대세감실체.KR1_var2.릴스_여배우유튜브.X_1P_김소희_260715_제과_문형민,5,1,52.0,0
2026-07-19,[제과_블트하] 26.07_블트깡출시_수동_전환_image_전체타겟,원산지권위추가건_블트깡출시 (KR2),[26.07]F_I_BT깡_전환_블트깡출시_혜택강조형_KR2_.배너_원산지권위.비싼거때려넣음.검증__김소희_260715_제과_김수정,3619,137,90862.0,25
2026-07-19,(마스터ASC)[제과_블트하] 26.07_블트깡출시_ASC_전환_image,(마스터ASC)[제과_블트하] 26.07_블트깡출시_ASC_전환_image,[26.07]F_I_BT깡_전환_블트깡출시_혜택강조형_KR1_.배너_맘카페.드디어저희동네.야식순삭.확장__김소희_260716_제과_문다현,20,0,425.0,0
2026-07-20,(마스터ASC)[제과_콘스프맛 팝콘] 26.05_콘스프맛팝콘출시_ASC_전환_video,(마스터ASC)[콘스프맛 팝콘] 26.05_콘스프맛팝콘출시_ASC_전환_video,[26.06]F_V_PC콘_전환_팝콘더블특가_문제공감형_삼팔당땡BP.다이어트_main.릴스_메인.추가건PJ_1P_최나영_260626_제과_피재은,878,21,12098.0,7
2026-07-20,[제과_단백질 쉐이크] 26.06_단백질쉐이크출시_수동_전환_video,문제공감형_0710,[26.07]F_V_SK혼_전환_단백질쉐이크출시_신규BP_문제공감형.파우치.개당가강조_var3.릴스_노력강조.네고왕.X_2P_이유빈_260710_제과_이봄1,774,29,15340.0,0
2026-07-20,(마스터ASC)[제과_블트하] 26.07_블트깡출시_ASC_전환_video,(마스터ASC)[제과_블트하] 26.07_블트깡출시_ASC_전환_video,[26.07]F_V_BT깡_전환_블트깡출시_쩜오건_대세감실체.KR1_var2.릴스_여배우유튜브.X_1P_김소희_260715_제과_문형민,37,1,595.0,0
2026-07-20,[제과_블트하] 26.07_블트깡출시_수동_전환_image_전체타겟,원산지권위추가건_블트깡출시 (KR2),[26.07]F_I_BT깡_전환_블트깡출시_혜택강조형_KR2_.배너_원산지권위.비싼거때려넣음.검증__김소희_260715_제과_김수정,2281,69,44367.0,8
2026-07-20,(마스터ASC)[제과_블트하] 26.07_블트깡출시_ASC_전환_image,(마스터ASC)[제과_블트하] 26.07_블트깡출시_ASC_전환_image,[26.07]F_I_BT깡_전환_블트깡출시_혜택강조형_KR1_.배너_맘카페.드디어저희동네.야식순삭.확장__김소희_260716_제과_문다현,2,0,16.0,0
2026-07-21,(마스터ASC)[제과_콘스프맛 팝콘] 26.05_콘스프맛팝콘출시_ASC_전환_video,(마스터ASC)[콘스프맛 팝콘] 26.05_콘스프맛팝콘출시_ASC_전환_video,[26.06]F_V_PC콘_전환_팝콘더블특가_문제공감형_삼팔당땡BP.다이어트_main.릴스_메인.추가건PJ_1P_최나영_260626_제과_피재은,964,20,16206.0,3
2026-07-21,[제과_콘스프맛 팝콘] 26.05_콘스프맛팝콘출시_수동_전환_image,속세맛간식공감_콘스프맛팝콘_상시,[26.07]F_I_PC혼_전환_상시_매거진형_다이어트_.배너_맛타협페인포인트.밍밍다이어트과자.입터짐방지용.검증__김소희_260708_제과_문다현,210,9,4211.0,2
2026-07-21,[제과_단백질 쉐이크] 26.06_단백질쉐이크출시_ASC_전환_video,[제과_단백질 쉐이크] 26.06_단백질쉐이크출시_ASC_전환_video,[26.07]F_V_SK혼_전환_단백질쉐이크출시_신규BP_문제공감형.파우치.개당가강조_var1.릴스_토핑강조.X_2P_이유빈_260710_제과_이봄1,724,31,15635.0,4
2026-07-21,[제과_단백질 쉐이크] 26.06_단백질쉐이크출시_수동_전환_video,문제공감형_0710,[26.07]F_V_SK혼_전환_단백질쉐이크출시_신규BP_문제공감형.파우치.개당가강조_var3.릴스_노력강조.네고왕.X_2P_이유빈_260710_제과_이봄1,76,2,1925.0,1
2026-07-21,(마스터ASC)[제과_블트하] 26.07_블트깡출시_ASC_전환_video,(마스터ASC)[제과_블트하] 26.07_블트깡출시_ASC_전환_video,[26.07]F_V_BT깡_전환_블트깡출시_쩜오건_대세감실체.KR1_var2.릴스_여배우유튜브.X_1P_김소희_260715_제과_문형민,205,9,4924.0,3
2026-07-21,[제과_블트하] 26.07_블트깡출시_수동_전환_image_전체타겟,원산지권위추가건_블트깡출시 (KR2),[26.07]F_I_BT깡_전환_블트깡출시_혜택강조형_KR2_.배너_원산지권위.비싼거때려넣음.검증__김소희_260715_제과_김수정,928,33,18189.0,2
2026-07-21,(마스터ASC)[제과_콘스프맛 팝콘] 26.05_콘스프맛팝콘출시_ASC_전환_video,(마스터ASC)[콘스프맛 팝콘] 26.05_콘스프맛팝콘출시_ASC_전환_video,[26.07]F_V_PC콘_전환_콘스프맛팝콘출시_문제공감형_문제공감네고형_var2.릴스_혜택.X_2P_이유빈_260721_제과_이봄1,2478,50,38788.0,4
2026-07-22,(마스터ASC)[제과_콘스프맛 팝콘] 26.05_콘스프맛팝콘출시_ASC_전환_video,(마스터ASC)[콘스프맛 팝콘] 26.05_콘스프맛팝콘출시_ASC_전환_video,[26.06]F_V_PC콘_전환_팝콘더블특가_문제공감형_삼팔당땡BP.다이어트_main.릴스_메인.추가건PJ_1P_최나영_260626_제과_피재은,260,9,4792.0,0
2026-07-22,[제과_콘스프맛 팝콘] 26.05_콘스프맛팝콘출시_수동_전환_image,속세맛간식공감_콘스프맛팝콘_상시,[26.07]F_I_PC혼_전환_상시_매거진형_다이어트_.배너_맛타협페인포인트.밍밍다이어트과자.입터짐방지용.검증__김소희_260708_제과_문다현,198,5,3993.0,0
2026-07-22,(마스터ASC)[제과_블트하] 26.07_블트깡출시_ASC_전환_video,(마스터ASC)[제과_블트하] 26.07_블트깡출시_ASC_전환_video,[26.07]F_V_BT깡_전환_블트깡출시_쩜오건_대세감실체.KR1_var2.릴스_여배우유튜브.X_1P_김소희_260715_제과_문형민,564,20,11479.0,0
2026-07-22,(마스터ASC)[제과_블트하] 26.07_블트깡출시_ASC_전환_image,(마스터ASC)[제과_블트하] 26.07_블트깡출시_ASC_전환_image,[26.07]F_I_BT깡_전환_블트깡출시_혜택강조형_KR1_.배너_맘카페.드디어저희동네.야식순삭.확장__김소희_260716_제과_문다현,219,6,4998.0,1
2026-07-22,[제과_블트하] 26.07_블트깡출시_수동_전환_image_전체타겟,남편인정소비_블트깡출시 (KR1) (0728),[26.07]F_I_BT깡_전환_블트깡출시_바이럴형_KR1_.릴스_맘카페페르소나.지면테스트.애들이랑같이먹기좋은.검증__김소희_260721_제과_김수정,656,17,14121.0,3
2026-07-22,[칩] (마스터ASC)[제과_블트하] 26.07_블트칩출시_ASC_전환_image,[칩] (마스터ASC)[제과_블트하] 26.07_블트칩출시_ASC_전환_image,[26.07]F_I_BT칩_전환_블트칩출시_혜택강조형_KR2_.배너_다른중국산과자들이랑다르게.사분할.지면테스트..검증__김소희_260722_제과_박서연,214,6,2803.0,0
2026-07-23,(마스터ASC)[제과_콘스프맛 팝콘] 26.05_콘스프맛팝콘출시_ASC_전환_video,(마스터ASC)[콘스프맛 팝콘] 26.05_콘스프맛팝콘출시_ASC_전환_video,[26.06]F_V_PC콘_전환_팝콘더블특가_문제공감형_삼팔당땡BP.다이어트_main.릴스_메인.추가건PJ_1P_최나영_260626_제과_피재은,148,10,3094.0,2
2026-07-23,[제과_콘스프맛 팝콘] 26.05_콘스프맛팝콘출시_수동_전환_image,속세맛간식공감_콘스프맛팝콘_상시,[26.07]F_I_PC혼_전환_상시_매거진형_다이어트_.배너_맛타협페인포인트.밍밍다이어트과자.입터짐방지용.검증__김소희_260708_제과_문다현,79,0,1375.0,0
2026-07-23,(마스터ASC)[제과_블트하] 26.07_블트깡출시_ASC_전환_video,(마스터ASC)[제과_블트하] 26.07_블트깡출시_ASC_전환_video,[26.07]F_V_BT깡_전환_블트깡출시_쩜오건_대세감실체.KR1_var2.릴스_여배우유튜브.X_1P_김소희_260715_제과_문형민,117,4,3456.0,0
2026-07-23,(마스터ASC)[제과_블트하] 26.07_블트깡출시_ASC_전환_image,(마스터ASC)[제과_블트하] 26.07_블트깡출시_ASC_전환_image,[26.07]F_I_BT깡_전환_블트깡출시_혜택강조형_KR1_.배너_맘카페.드디어저희동네.야식순삭.확장__김소희_260716_제과_문다현,10,0,379.0,0
2026-07-23,[제과_블트하] 26.07_블트깡출시_수동_전환_image_전체타겟,남편인정소비_블트깡출시 (KR1) (0728),[26.07]F_I_BT깡_전환_블트깡출시_바이럴형_KR1_.릴스_맘카페페르소나.지면테스트.애들이랑같이먹기좋은.검증__김소희_260721_제과_김수정,12,0,615.0,0
2026-07-23,[칩] (마스터ASC)[제과_블트하] 26.07_블트칩출시_ASC_전환_image,[칩] (마스터ASC)[제과_블트하] 26.07_블트칩출시_ASC_전환_image,[26.07]F_I_BT칩_전환_블트칩출시_혜택강조형_KR2_.배너_다른중국산과자들이랑다르게.사분할.지면테스트..검증__김소희_260722_제과_박서연,55,1,954.0,0
2026-07-23,[칩] (마스터ASC)[제과_블트하] 26.07_블트칩출시_ASC_전환_video,[칩] (마스터ASC)[제과_블트하] 26.07_블트칩출시_ASC_전환_video,[26.07]F_V_BT혼_전환_블트칩출시_기타_클룹BP.KR1_main.릴스_메인.슬기.X_1P_최나영_260723_제과_피재은,1227,29,20349.0,0
2026-07-24,(마스터ASC)[제과_콘스프맛 팝콘] 26.05_콘스프맛팝콘출시_ASC_전환_video,(마스터ASC)[콘스프맛 팝콘] 26.05_콘스프맛팝콘출시_ASC_전환_video,[26.06]F_V_PC콘_전환_팝콘더블특가_문제공감형_삼팔당땡BP.다이어트_main.릴스_메인.추가건PJ_1P_최나영_260626_제과_피재은,132,4,2215.0,0
2026-07-24,[제과_콘스프맛 팝콘] 26.05_콘스프맛팝콘출시_수동_전환_image,속세맛간식공감_콘스프맛팝콘_상시,[26.07]F_I_PC혼_전환_상시_매거진형_다이어트_.배너_맛타협페인포인트.밍밍다이어트과자.입터짐방지용.검증__김소희_260708_제과_문다현,557,4,8659.0,0
2026-07-24,[제과_블트하] 26.07_블트깡출시_수동_전환_image_전체타겟,남편인정소비_블트깡출시 (KR1) (0728),[26.07]F_I_BT깡_전환_블트깡출시_바이럴형_KR1_.릴스_맘카페페르소나.지면테스트.애들이랑같이먹기좋은.검증__김소희_260721_제과_김수정,4,0,52.0,0
2026-07-24,[칩] (마스터ASC)[제과_블트하] 26.07_블트칩출시_ASC_전환_image,[칩] (마스터ASC)[제과_블트하] 26.07_블트칩출시_ASC_전환_image,[26.07]F_I_BT칩_전환_블트칩출시_혜택강조형_KR2_.배너_다른중국산과자들이랑다르게.사분할.지면테스트..검증__김소희_260722_제과_박서연,2,0,31.0,0
2026-07-24,[칩] (마스터ASC)[제과_블트하] 26.07_블트칩출시_ASC_전환_video,[칩] (마스터ASC)[제과_블트하] 26.07_블트칩출시_ASC_전환_video,[26.07]F_V_BT혼_전환_블트칩출시_기타_클룹BP.KR1_main.릴스_메인.슬기.X_1P_최나영_260723_제과_피재은,97,5,1489.0,0
2026-07-24,(마스터ASC)[제과_블트하] 26.07_블트깡출시_ASC_전환_video,(마스터ASC)[제과_블트하] 26.07_블트깡출시_ASC_전환_video,[26.07]F_V_BT깡_전환_블트깡출시_네고형_지인네고형.KR2_var3.릴스_중국산2.슬기.X_1P_최나영_260724_제과_피재은,1597,46,33455.0,1
2026-07-24,[칩] (마스터ASC)[제과_블트하] 26.07_블트칩출시_ASC_전환_image,[칩] (마스터ASC)[제과_블트하] 26.07_블트칩출시_ASC_전환_image,[26.07]F_I_BT칩_전환_블트칩출시_혜택강조형_KR2_.릴스_상황연출.캠핑.확장__김소희_260724_제과_박서연,765,23,13517.0,1
2026-07-25,(마스터ASC)[제과_콘스프맛 팝콘] 26.05_콘스프맛팝콘출시_ASC_전환_video,(마스터ASC)[콘스프맛 팝콘] 26.05_콘스프맛팝콘출시_ASC_전환_video,[26.06]F_V_PC콘_전환_팝콘더블특가_문제공감형_삼팔당땡BP.다이어트_main.릴스_메인.추가건PJ_1P_최나영_260626_제과_피재은,541,7,10111.0,1
2026-07-25,[제과_콘스프맛 팝콘] 26.05_콘스프맛팝콘출시_수동_전환_image,속세맛간식공감_콘스프맛팝콘_상시,[26.07]F_I_PC혼_전환_상시_매거진형_다이어트_.배너_맛타협페인포인트.밍밍다이어트과자.입터짐방지용.검증__김소희_260708_제과_문다현,24,0,885.0,0
2026-07-25,[제과_블트하] 26.07_블트깡출시_수동_전환_image_전체타겟,남편인정소비_블트깡출시 (KR1) (0728),[26.07]F_I_BT깡_전환_블트깡출시_바이럴형_KR1_.릴스_맘카페페르소나.지면테스트.애들이랑같이먹기좋은.검증__김소희_260721_제과_김수정,3,0,49.0,0
2026-07-25,[칩] (마스터ASC)[제과_블트하] 26.07_블트칩출시_ASC_전환_image,[칩] (마스터ASC)[제과_블트하] 26.07_블트칩출시_ASC_전환_image,[26.07]F_I_BT칩_전환_블트칩출시_혜택강조형_KR2_.배너_다른중국산과자들이랑다르게.사분할.지면테스트..검증__김소희_260722_제과_박서연,17,0,204.0,0
2026-07-25,[칩] (마스터ASC)[제과_블트하] 26.07_블트칩출시_ASC_전환_video,[칩] (마스터ASC)[제과_블트하] 26.07_블트칩출시_ASC_전환_video,[26.07]F_V_BT혼_전환_블트칩출시_기타_클룹BP.KR1_main.릴스_메인.슬기.X_1P_최나영_260723_제과_피재은,13,2,267.0,0
2026-07-25,(마스터ASC)[제과_블트하] 26.07_블트깡출시_ASC_전환_video,(마스터ASC)[제과_블트하] 26.07_블트깡출시_ASC_전환_video,[26.07]F_V_BT깡_전환_블트깡출시_네고형_지인네고형.KR2_var3.릴스_중국산2.슬기.X_1P_최나영_260724_제과_피재은,17,0,537.0,0
2026-07-25,[칩] (마스터ASC)[제과_블트하] 26.07_블트칩출시_ASC_전환_image,[칩] (마스터ASC)[제과_블트하] 26.07_블트칩출시_ASC_전환_image,[26.07]F_I_BT칩_전환_블트칩출시_혜택강조형_KR2_.릴스_상황연출.캠핑.확장__김소희_260724_제과_박서연,742,15,15162.0,0
2026-07-26,(마스터ASC)[제과_콘스프맛 팝콘] 26.05_콘스프맛팝콘출시_ASC_전환_video,(마스터ASC)[콘스프맛 팝콘] 26.05_콘스프맛팝콘출시_ASC_전환_video,[26.06]F_V_PC콘_전환_팝콘더블특가_문제공감형_삼팔당땡BP.다이어트_main.릴스_메인.추가건PJ_1P_최나영_260626_제과_피재은,31,1,529.0,0
2026-07-26,[제과_콘스프맛 팝콘] 26.05_콘스프맛팝콘출시_수동_전환_image,속세맛간식공감_콘스프맛팝콘_상시,[26.07]F_I_PC혼_전환_상시_매거진형_다이어트_.배너_맛타협페인포인트.밍밍다이어트과자.입터짐방지용.검증__김소희_260708_제과_문다현,101,2,2404.0,0
2026-07-26,[제과_블트하] 26.07_블트깡출시_수동_전환_image_전체타겟,남편인정소비_블트깡출시 (KR1) (0728),[26.07]F_I_BT깡_전환_블트깡출시_바이럴형_KR1_.릴스_맘카페페르소나.지면테스트.애들이랑같이먹기좋은.검증__김소희_260721_제과_김수정,3,0,154.0,0
2026-07-26,(마스터ASC)[제과_블트하] 26.07_블트깡출시_ASC_전환_video,(마스터ASC)[제과_블트하] 26.07_블트깡출시_ASC_전환_video,[26.07]F_V_BT깡_전환_블트깡출시_네고형_지인네고형.KR2_var3.릴스_중국산2.슬기.X_1P_최나영_260724_제과_피재은,111,3,4110.0,1
2026-07-27,(마스터ASC)[제과_콘스프맛 팝콘] 26.05_콘스프맛팝콘출시_ASC_전환_video,(마스터ASC)[콘스프맛 팝콘] 26.05_콘스프맛팝콘출시_ASC_전환_video,[26.06]F_V_PC콘_전환_팝콘더블특가_문제공감형_삼팔당땡BP.다이어트_main.릴스_메인.추가건PJ_1P_최나영_260626_제과_피재은,9,1,131.0,0
2026-07-27,(마스터ASC)[제과_블트하] 26.07_블트깡출시_ASC_전환_video,(마스터ASC)[제과_블트하] 26.07_블트깡출시_ASC_전환_video,[26.07]F_V_BT깡_전환_블트깡출시_쩜오건_대세감실체.KR1_var2.릴스_여배우유튜브.X_1P_김소희_260715_제과_문형민,104,0,1381.0,0
2026-07-27,[칩] (마스터ASC)[제과_블트하] 26.07_블트칩출시_ASC_전환_image,[칩] (마스터ASC)[제과_블트하] 26.07_블트칩출시_ASC_전환_image,[26.07]F_I_BT깡_전환_블트깡출시_바이럴형_KR1_.피드_남편인정.맥주한잔.확장__김소희_260727_제과_김수정,9,0,176.0,0
2026-07-28,(마스터ASC)[제과_콘스프맛 팝콘] 26.05_콘스프맛팝콘출시_ASC_전환_video,(마스터ASC)[콘스프맛 팝콘] 26.05_콘스프맛팝콘출시_ASC_전환_video,[26.06]F_V_PC콘_전환_팝콘더블특가_문제공감형_삼팔당땡BP.다이어트_main.릴스_메인.추가건PJ_1P_최나영_260626_제과_피재은,502,8,10741.0,1
2026-07-28,[제과_콘스프맛 팝콘] 26.05_콘스프맛팝콘출시_수동_전환_image,속세맛간식공감_콘스프맛팝콘_상시,[26.07]F_I_PC혼_전환_상시_매거진형_다이어트_.배너_맛타협페인포인트.밍밍다이어트과자.입터짐방지용.검증__김소희_260708_제과_문다현,7,0,73.0,0
2026-07-28,(마스터ASC)[제과_블트하] 26.07_블트깡출시_ASC_전환_video,(마스터ASC)[제과_블트하] 26.07_블트깡출시_ASC_전환_video,[26.07]F_V_BT깡_전환_블트깡출시_쩜오건_대세감실체.KR1_var2.릴스_여배우유튜브.X_1P_김소희_260715_제과_문형민,18,0,286.0,0
2026-07-28,[칩] (마스터ASC)[제과_블트하] 26.07_블트칩출시_ASC_전환_image,[칩] (마스터ASC)[제과_블트하] 26.07_블트칩출시_ASC_전환_image,[26.07]F_I_BT깡_전환_블트깡출시_바이럴형_KR1_.피드_남편인정.맥주한잔.확장__김소희_260727_제과_김수정,21,0,676.0,0
2026-07-01,[콘스프맛 팝콘] 26.05_콘스프맛팝콘출시_ASC_전환_image (old),[콘스프맛 팝콘] 26.05_콘스프맛팝콘출시_ASC_전환_image (old),[26.06]F_I_PC혼_전환_팝콘더블특가_매거진형_페인포인트_.배너_간식.당칼로리.__김소희_260624_제과_김나현,17,0,418.0,0
2026-07-01,[제과_단백질 쉐이크] 26.06_단백질쉐이크출시_ASC_전환_video,[제과_단백질 쉐이크] 26.06_단백질쉐이크출시_ASC_전환_video,[26.06]F_V_SK혼_전환_단백질쉐이크출시_신규BP_인플루언서_var2.릴스_라라스윗 권위.X_2P_이유빈_260624_제과_이봄1,14,0,632.0,0
2026-07-01,(미사용) [제과_단백질 쉐이크] 26.06_단백질쉐이크출시_ASC_전환_image,[제과_단백질 쉐이크] 26.06_단백질쉐이크출시_ASC_전환_image,[26.06]F_I_SK초_전환_단백질쉐이크출시_제품강조형_라라권위_.배너_일본생초콜릿녹여낸.가격비교X.__이유빈_260701_제과_문다현,55,3,866.0,0
2026-07-01,(미사용) [제과_단백질 쉐이크] 26.06_단백질쉐이크출시_ASC_전환_image,[제과_단백질 쉐이크] 26.06_단백질쉐이크출시_ASC_전환_image,[26.06]F_I_SK곡_전환_단백질쉐이크출시_제품강조형_원재료강조_.배너_일반단쉐랑차원이다른.검정쌀로꽉.가격비교X.__이유빈_260701_제과_문다현,9,0,171.0,0
2026-07-02,(미사용) [제과_단백질 쉐이크] 26.06_단백질쉐이크출시_ASC_전환_image,[제과_단백질 쉐이크] 26.06_단백질쉐이크출시_ASC_전환_image,[26.06]F_I_SK초_전환_단백질쉐이크출시_제품강조형_라라권위_.배너_일본생초콜릿녹여낸.가격비교X.__이유빈_260701_제과_문다현,7,2,109.0,0
2026-07-02,(미사용) [제과_단백질 쉐이크] 26.06_단백질쉐이크출시_ASC_전환_image,[제과_단백질 쉐이크] 26.06_단백질쉐이크출시_ASC_전환_image,[26.06]F_I_SK곡_전환_단백질쉐이크출시_제품강조형_원재료강조_.배너_일반단쉐랑차원이다른.검정쌀로꽉.가격비교X.__이유빈_260701_제과_문다현,12,0,387.0,0
2026-07-03,[제과_단백질 쉐이크] 26.06_단백질쉐이크출시_ASC_전환_video,[제과_단백질 쉐이크] 26.06_단백질쉐이크출시_ASC_전환_video,[26.06]F_V_SK혼_전환_단백질쉐이크출시_신규BP_인플루언서_var2.릴스_라라스윗 권위.X_2P_이유빈_260624_제과_이봄1,5,0,152.0,0
2026-07-03,(미사용) [제과_단백질 쉐이크] 26.06_단백질쉐이크출시_ASC_전환_image,[제과_단백질 쉐이크] 26.06_단백질쉐이크출시_ASC_전환_image,[26.06]F_I_SK초_전환_단백질쉐이크출시_제품강조형_라라권위_.배너_일본생초콜릿녹여낸.가격비교X.__이유빈_260701_제과_문다현,3,0,34.0,0
2026-07-05,(미사용) [제과_단백질 쉐이크] 26.06_단백질쉐이크출시_ASC_전환_image,[제과_단백질 쉐이크] 26.06_단백질쉐이크출시_ASC_전환_image,[26.06]F_I_SK초_전환_단백질쉐이크출시_제품강조형_라라권위_.배너_일본생초콜릿녹여낸.가격비교X.__이유빈_260701_제과_문다현,5,0,30.0,0
2026-07-06,[제과_단백질 쉐이크] 26.06_단백질쉐이크출시_ASC_전환_video,[제과_단백질 쉐이크] 26.06_단백질쉐이크출시_ASC_전환_video,[26.06]F_V_SK혼_전환_단백질쉐이크출시_신규BP_인플루언서_var2.릴스_라라스윗 권위.X_2P_이유빈_260624_제과_이봄1,2,0,9.0,0
2026-07-06,(미사용) [제과_단백질 쉐이크] 26.06_단백질쉐이크출시_ASC_전환_image,[제과_단백질 쉐이크] 26.06_단백질쉐이크출시_ASC_전환_image,[26.06]F_I_SK초_전환_단백질쉐이크출시_제품강조형_라라권위_.배너_일본생초콜릿녹여낸.가격비교X.__이유빈_260701_제과_문다현,8,0,181.0,0
2026-07-06,(미사용) [제과_단백질 쉐이크] 26.06_단백질쉐이크출시_ASC_전환_image,[제과_단백질 쉐이크] 26.06_단백질쉐이크출시_ASC_전환_image,[26.06]F_I_SK곡_전환_단백질쉐이크출시_제품강조형_원재료강조_.배너_일반단쉐랑차원이다른.검정쌀로꽉.가격비교X.__이유빈_260701_제과_문다현,126,0,2908.0,0
2026-07-07,(미사용) [제과_단백질 쉐이크] 26.06_단백질쉐이크출시_ASC_전환_image,[제과_단백질 쉐이크] 26.06_단백질쉐이크출시_ASC_전환_image,[26.06]F_I_SK곡_전환_단백질쉐이크출시_제품강조형_원재료강조_.배너_일반단쉐랑차원이다른.검정쌀로꽉.가격비교X.__이유빈_260701_제과_문다현,41,0,1045.0,0
2026-07-07,(마스터ASC)[제과_콘스프맛 팝콘] 26.07_콘스프맛팝콘출시_ASC_전환_image (NEW),(마스터ASC)[콘스프맛 팝콘] 26.07_콘스프맛팝콘출시_ASC_전환_image (NEW),[26.07]F_I_PC혼_전환_팝콘할인페스타_혜택강조형_다이어트_.배너_사과문.입터짐방지용.확장__김소희_260706_제과_문다현,265,8,6487.0,0
2026-07-07,[제과_콘스프맛 팝콘] 26.05_콘스프맛팝콘출시_수동_전환_image,긴급성강조_할인페스타 (~7/8),[26.07]F_I_PC혼_전환_팝콘할인페스타_혜택강조형_다이어트_.배너_요요없는.시즈닝팍팍.죄책감없는.마감임박.확장__김소희_260706_제과_문다현,1784,38,33387.0,8
2026-07-07,(마스터2) [제과_단백질 쉐이크] 26.07_단백질쉐이크출시_ASC_전환_image,(마스터2) [제과_단백질 쉐이크] 26.07_단백질쉐이크출시_ASC_전환_image,[26.07]F_I_SK초_전환_단백질쉐이크출시_혜택강조형_파우치.개당가강조_.배너_특정시점.네고왕안해도.검증__이유빈_260706_제과_김수정,750,34,18823.0,2
2026-07-08,[제과_콘스프맛 팝콘] 26.05_콘스프맛팝콘출시_수동_전환_image,긴급성강조_할인페스타 (~7/8),[26.07]F_I_PC혼_전환_팝콘할인페스타_혜택강조형_다이어트_.배너_요요없는.시즈닝팍팍.죄책감없는.마감임박.확장__김소희_260706_제과_문다현,305,4,7510.0,0
2026-07-08,(마스터2) [제과_단백질 쉐이크] 26.07_단백질쉐이크출시_ASC_전환_image,(마스터2) [제과_단백질 쉐이크] 26.07_단백질쉐이크출시_ASC_전환_image,[26.07]F_I_SK초_전환_단백질쉐이크출시_혜택강조형_파우치.개당가강조_.배너_특정시점.네고왕안해도.검증__이유빈_260706_제과_김수정,59,1,1766.0,0
2026-07-08,[제과_단백질 쉐이크] 26.06_단백질쉐이크출시_수동_전환_image,브랜드강조_0624,[26.06]F_I_SK혼_전환_단백질쉐이크출시_매거진형_라라스윗권위_.배너_저당.__이유빈_260623_제과_김나현,96,1,1495.0,0
2026-07-09,[제과_단백질 쉐이크] 26.06_단백질쉐이크출시_수동_전환_image,브랜드강조_0624,[26.06]F_I_SK혼_전환_단백질쉐이크출시_매거진형_라라스윗권위_.배너_저당.__이유빈_260623_제과_김나현,13,0,200.0,0
2026-07-10,[제과_단백질 쉐이크] 26.06_단백질쉐이크출시_수동_전환_image,브랜드강조_0624,[26.06]F_I_SK혼_전환_단백질쉐이크출시_매거진형_라라스윗권위_.배너_저당.__이유빈_260623_제과_김나현,33,0,441.0,0
2026-07-10,(마스터ASC)[제과_콘스프맛 팝콘] 26.05_콘스프맛팝콘출시_ASC_전환_video,(마스터ASC)[콘스프맛 팝콘] 26.05_콘스프맛팝콘출시_ASC_전환_video,[26.07]F_V_PC콘_전환_콘스프맛팝콘출시_네고형_지인네고형.다이어트_main.릴스_메인.슬기.(재)_1P_김소희_260710_제과_문형민,8245,133,133709.0,28
2026-07-11,(마스터ASC)[제과_콘스프맛 팝콘] 26.05_콘스프맛팝콘출시_ASC_전환_video,(마스터ASC)[콘스프맛 팝콘] 26.05_콘스프맛팝콘출시_ASC_전환_video,[26.07]F_V_PC콘_전환_콘스프맛팝콘출시_네고형_지인네고형.다이어트_main.릴스_메인.슬기.(재)_1P_김소희_260710_제과_문형민,3431,65,61744.0,8
2026-07-12,(마스터ASC)[제과_콘스프맛 팝콘] 26.05_콘스프맛팝콘출시_ASC_전환_video,(마스터ASC)[콘스프맛 팝콘] 26.05_콘스프맛팝콘출시_ASC_전환_video,[26.07]F_V_PC콘_전환_콘스프맛팝콘출시_네고형_지인네고형.다이어트_main.릴스_메인.슬기.(재)_1P_김소희_260710_제과_문형민,2350,42,45370.0,7
2026-07-13,(마스터ASC)[제과_콘스프맛 팝콘] 26.05_콘스프맛팝콘출시_ASC_전환_video,(마스터ASC)[콘스프맛 팝콘] 26.05_콘스프맛팝콘출시_ASC_전환_video,[26.07]F_V_PC콘_전환_콘스프맛팝콘출시_네고형_지인네고형.다이어트_main.릴스_메인.슬기.(재)_1P_김소희_260710_제과_문형민,1713,30,26789.0,2
2026-07-15,(마스터ASC)[제과_블트하] 26.07_블트깡출시_ASC_전환_video,(마스터ASC)[제과_블트하] 26.07_블트깡출시_ASC_전환_video,[26.07]F_V_BT깡_전환_블트깡출시_신규BP_브릭샌드BP.KR1_var2.릴스_연예인추천템.X_2P_김소희_260715_제과_윤성미,7,0,108.0,0
2026-07-15,(마스터ASC)[제과_블트하] 26.07_블트깡출시_ASC_전환_video,(마스터ASC)[제과_블트하] 26.07_블트깡출시_ASC_전환_video,[26.07]F_V_BT깡_전환_블트깡출시_쩜오건_대세감실체.KR1_main.릴스_창고형매장실체.X_1P_김소희_260715_제과_문형민,66,1,662.0,0
2026-07-15,[제과_블트하] 26.07_블트깡출시_수동_전환_video_전체타겟,BP이식형_블트깡출시 (KR1),[26.07]F_V_BT깡_전환_블트깡출시_쩜오건_리액션과장.KR1_var1.릴스_트러플하몽.맛후킹.X_1P_김소희_260715_제과_문형민,2580,72,33950.0,6
2026-07-15,(마스터ASC)[제과_블트하] 26.07_블트깡출시_ASC_전환_video,(마스터ASC)[제과_블트하] 26.07_블트깡출시_ASC_전환_video,[26.07]F_V_BT깡_전환_블트깡출시_쩜오건_맛조합맥주.KR1_var4.릴스_맥주후킹1.X_1P_김소희_260715_제과_문형민,33,3,354.0,2
2026-07-16,(마스터ASC)[제과_블트하] 26.07_블트깡출시_ASC_전환_video,(마스터ASC)[제과_블트하] 26.07_블트깡출시_ASC_전환_video,[26.07]F_V_BT깡_전환_블트깡출시_신규BP_브릭샌드BP.KR1_var2.릴스_연예인추천템.X_2P_김소희_260715_제과_윤성미,28,1,527.0,0
2026-07-16,(마스터ASC)[제과_블트하] 26.07_블트깡출시_ASC_전환_video,(마스터ASC)[제과_블트하] 26.07_블트깡출시_ASC_전환_video,[26.07]F_V_BT깡_전환_블트깡출시_쩜오건_대세감실체.KR1_main.릴스_창고형매장실체.X_1P_김소희_260715_제과_문형민,17,1,186.0,0
2026-07-16,[제과_블트하] 26.07_블트깡출시_수동_전환_video_전체타겟,BP이식형_블트깡출시 (KR1),[26.07]F_V_BT깡_전환_블트깡출시_쩜오건_리액션과장.KR1_var1.릴스_트러플하몽.맛후킹.X_1P_김소희_260715_제과_문형민,87236,2516,1318507.0,282
2026-07-16,(마스터ASC)[제과_블트하] 26.07_블트깡출시_ASC_전환_video,(마스터ASC)[제과_블트하] 26.07_블트깡출시_ASC_전환_video,[26.07]F_V_BT깡_전환_블트깡출시_쩜오건_맛조합맥주.KR1_var4.릴스_맥주후킹1.X_1P_김소희_260715_제과_문형민,682,14,9208.0,0
2026-07-16,(마스터2) [제과_단백질 쉐이크] 26.07_단백질쉐이크출시_ASC_전환_image,(마스터2) [제과_단백질 쉐이크] 26.07_단백질쉐이크출시_ASC_전환_image,[26.07]F_I_SK혼_전환_단백질쉐이크출시_혜택강조형_올영최저가비교_.배너_하트제목.덜어먹기귀찮은ㄷㄷ.확장__이유빈_260715_제과_문다현,302,3,8539.0,0
2026-07-16,(마스터2) [제과_단백질 쉐이크] 26.07_단백질쉐이크출시_ASC_전환_image,(마스터2) [제과_단백질 쉐이크] 26.07_단백질쉐이크출시_ASC_전환_image,[26.07]F_I_SK초_전환_단백질쉐이크출시_혜택강조형_올영최저가비교_.배너_매번소분하기무겁고.커다란대용량그만.확장__이유빈_260715_제과_문다현,361,10,10281.0,1
2026-07-17,(마스터ASC)[제과_블트하] 26.07_블트깡출시_ASC_전환_video,(마스터ASC)[제과_블트하] 26.07_블트깡출시_ASC_전환_video,[26.07]F_V_BT깡_전환_블트깡출시_신규BP_브릭샌드BP.KR1_var2.릴스_연예인추천템.X_2P_김소희_260715_제과_윤성미,8,0,155.0,0
2026-07-17,(마스터ASC)[제과_블트하] 26.07_블트깡출시_ASC_전환_video,(마스터ASC)[제과_블트하] 26.07_블트깡출시_ASC_전환_video,[26.07]F_V_BT깡_전환_블트깡출시_쩜오건_대세감실체.KR1_main.릴스_창고형매장실체.X_1P_김소희_260715_제과_문형민,10,1,195.0,1
2026-07-17,[제과_블트하] 26.07_블트깡출시_수동_전환_video_전체타겟,BP이식형_블트깡출시 (KR1),[26.07]F_V_BT깡_전환_블트깡출시_쩜오건_리액션과장.KR1_var1.릴스_트러플하몽.맛후킹.X_1P_김소희_260715_제과_문형민,54164,1936,898774.0,199
2026-07-17,[제과_블트하] 26.07_블트깡출시_수동_전환_image_전체타겟,3040대세감_블트깡출시 (KR1),[26.07]F_I_BT깡_전환_블트깡출시_혜택강조형_KR1_.배너_맘카페.드디어저희동네.야식순삭.확장__김소희_260716_제과_문다현,48,2,1506.0,0
2026-07-17,[제과_블트하] 26.07_블트깡출시_수동_전환_image_전체타겟,3040대세감_블트깡출시 (KR1),[26.07]F_I_BT깡_전환_블트깡출시_바이럴형_KR1_.배너_창고형마트.할인안해도.확장__김소희_260716_제과_김수정,96,0,1036.0,0
2026-07-18,(마스터ASC)[제과_블트하] 26.07_블트깡출시_ASC_전환_video,(마스터ASC)[제과_블트하] 26.07_블트깡출시_ASC_전환_video,[26.07]F_V_BT깡_전환_블트깡출시_신규BP_브릭샌드BP.KR1_var2.릴스_연예인추천템.X_2P_김소희_260715_제과_윤성미,45,2,1377.0,0
2026-07-18,(마스터ASC)[제과_블트하] 26.07_블트깡출시_ASC_전환_video,(마스터ASC)[제과_블트하] 26.07_블트깡출시_ASC_전환_video,[26.07]F_V_BT깡_전환_블트깡출시_쩜오건_대세감실체.KR1_main.릴스_창고형매장실체.X_1P_김소희_260715_제과_문형민,8,0,106.0,0
2026-07-18,[제과_블트하] 26.07_블트깡출시_수동_전환_video_전체타겟,BP이식형_블트깡출시 (KR1),[26.07]F_V_BT깡_전환_블트깡출시_쩜오건_리액션과장.KR1_var1.릴스_트러플하몽.맛후킹.X_1P_김소희_260715_제과_문형민,9243,412,167308.0,44
2026-07-18,[제과_블트하] 26.07_블트깡출시_수동_전환_image_전체타겟,3040대세감_블트깡출시 (KR1),[26.07]F_I_BT깡_전환_블트깡출시_혜택강조형_KR1_.배너_맘카페.드디어저희동네.야식순삭.확장__김소희_260716_제과_문다현,82,1,1934.0,0
2026-07-18,[제과_블트하] 26.07_블트깡출시_수동_전환_image_전체타겟,3040대세감_블트깡출시 (KR1),[26.07]F_I_BT깡_전환_블트깡출시_바이럴형_KR1_.배너_창고형마트.할인안해도.확장__김소희_260716_제과_김수정,4,0,257.0,0
2026-07-19,[제과_블트하] 26.07_블트깡출시_수동_전환_video_전체타겟,BP이식형_블트깡출시 (KR1),[26.07]F_V_BT깡_전환_블트깡출시_쩜오건_리액션과장.KR1_var1.릴스_트러플하몽.맛후킹.X_1P_김소희_260715_제과_문형민,27955,1104,507703.0,131
2026-07-19,[제과_블트하] 26.07_블트깡출시_수동_전환_image_전체타겟,3040대세감_블트깡출시 (KR1),[26.07]F_I_BT깡_전환_블트깡출시_혜택강조형_KR1_.배너_맘카페.드디어저희동네.야식순삭.확장__김소희_260716_제과_문다현,294,9,5106.0,2
2026-07-20,(마스터ASC)[제과_블트하] 26.07_블트깡출시_ASC_전환_video,(마스터ASC)[제과_블트하] 26.07_블트깡출시_ASC_전환_video,[26.07]F_V_BT깡_전환_블트깡출시_신규BP_브릭샌드BP.KR1_var2.릴스_연예인추천템.X_2P_김소희_260715_제과_윤성미,10,0,178.0,0
2026-07-20,[제과_블트하] 26.07_블트깡출시_수동_전환_video_전체타겟,BP이식형_블트깡출시 (KR1),[26.07]F_V_BT깡_전환_블트깡출시_쩜오건_리액션과장.KR1_var1.릴스_트러플하몽.맛후킹.X_1P_김소희_260715_제과_문형민,21402,846,394209.0,92
2026-07-20,[제과_블트하] 26.07_블트깡출시_수동_전환_image_전체타겟,3040대세감_블트깡출시 (KR1),[26.07]F_I_BT깡_전환_블트깡출시_혜택강조형_KR1_.배너_맘카페.드디어저희동네.야식순삭.확장__김소희_260716_제과_문다현,94,1,1362.0,1
2026-07-20,[제과_블트하] 26.07_블트깡출시_수동_전환_image_전체타겟,3040대세감_블트깡출시 (KR1),[26.07]F_I_BT깡_전환_블트깡출시_바이럴형_KR1_.배너_창고형마트.할인안해도.확장__김소희_260716_제과_김수정,9,1,336.0,0
2026-07-21,(마스터ASC)[제과_블트하] 26.07_블트깡출시_ASC_전환_video,(마스터ASC)[제과_블트하] 26.07_블트깡출시_ASC_전환_video,[26.07]F_V_BT깡_전환_블트깡출시_신규BP_브릭샌드BP.KR1_var2.릴스_연예인추천템.X_2P_김소희_260715_제과_윤성미,2,0,28.0,0
2026-07-21,(마스터ASC)[제과_블트하] 26.07_블트깡출시_ASC_전환_video,(마스터ASC)[제과_블트하] 26.07_블트깡출시_ASC_전환_video,[26.07]F_V_BT깡_전환_블트깡출시_쩜오건_대세감실체.KR1_main.릴스_창고형매장실체.X_1P_김소희_260715_제과_문형민,319,5,7886.0,0
2026-07-21,[제과_블트하] 26.07_블트깡출시_수동_전환_video_전체타겟,BP이식형_블트깡출시 (KR1),[26.07]F_V_BT깡_전환_블트깡출시_쩜오건_리액션과장.KR1_var1.릴스_트러플하몽.맛후킹.X_1P_김소희_260715_제과_문형민,23598,725,421513.0,73
2026-07-21,[제과_블트하] 26.07_블트깡출시_수동_전환_image_전체타겟,3040대세감_블트깡출시 (KR1),[26.07]F_I_BT깡_전환_블트깡출시_혜택강조형_KR1_.배너_맘카페.드디어저희동네.야식순삭.확장__김소희_260716_제과_문다현,252,3,6231.0,0
2026-07-21,(마스터ASC)[제과_콘스프맛 팝콘] 26.05_콘스프맛팝콘출시_ASC_전환_video,(마스터ASC)[콘스프맛 팝콘] 26.05_콘스프맛팝콘출시_ASC_전환_video,[26.07]F_V_PC콘_전환_콘스프맛팝콘출시_문제공감형_문제공감네고형_var5.릴스_유명인.X_2P_이유빈_260721_제과_이봄1,434,13,7597.0,0
2026-07-22,[제과_블트하] 26.07_블트깡출시_수동_전환_video_전체타겟,BP이식형_블트깡출시 (KR1),[26.07]F_V_BT깡_전환_블트깡출시_쩜오건_리액션과장.KR1_var1.릴스_트러플하몽.맛후킹.X_1P_김소희_260715_제과_문형민,17220,616,313340.0,69
2026-07-22,[제과_블트하] 26.07_블트깡출시_수동_전환_image_전체타겟,3040대세감_블트깡출시 (KR1),[26.07]F_I_BT깡_전환_블트깡출시_바이럴형_KR1_.배너_창고형마트.할인안해도.확장__김소희_260716_제과_김수정,12,0,104.0,0
2026-07-22,(마스터ASC)[제과_콘스프맛 팝콘] 26.05_콘스프맛팝콘출시_ASC_전환_video,(마스터ASC)[콘스프맛 팝콘] 26.05_콘스프맛팝콘출시_ASC_전환_video,[26.07]F_V_PC콘_전환_콘스프맛팝콘출시_문제공감형_문제공감네고형_var5.릴스_유명인.X_2P_이유빈_260721_제과_이봄1,480,11,6982.0,0
2026-07-22,[칩] (마스터ASC)[제과_블트하] 26.07_블트칩출시_ASC_전환_image,[칩] (마스터ASC)[제과_블트하] 26.07_블트칩출시_ASC_전환_image,[26.07]F_I_BT칩_전환_블트칩출시_혜택강조형_KR2_.배너_에르X스급개당1천원대.이미지강조.지면테스트..검증__김소희_260722_제과_박서연,202,7,4856.0,2
2026-07-23,[제과_블트하] 26.07_블트깡출시_수동_전환_video_전체타겟,BP이식형_블트깡출시 (KR1),[26.07]F_V_BT깡_전환_블트깡출시_쩜오건_리액션과장.KR1_var1.릴스_트러플하몽.맛후킹.X_1P_김소희_260715_제과_문형민,6793,210,120647.0,21
2026-07-23,[칩] (마스터ASC)[제과_블트하] 26.07_블트칩출시_ASC_전환_image,[칩] (마스터ASC)[제과_블트하] 26.07_블트칩출시_ASC_전환_image,[26.07]F_I_BT칩_전환_블트칩출시_혜택강조형_KR2_.배너_에르X스급개당1천원대.이미지강조.지면테스트..검증__김소희_260722_제과_박서연,286,9,6834.0,1
2026-07-23,[제과_블트하] 26.07_블트깡출시_수동_전환_image_전체타겟,(칩)맘카페캐러셀_블트칩출시 (KR1),[26.07]F_I_BT칩_전환_블트칩출시_매거진형_KR1_.배너_대체뭐길래다산대_.연두텍스트..확장__김소희_260722_제과_박서연,219,4,3145.0,0
2026-07-23,[제과_블트하] 26.07_블트깡출시_수동_전환_video_전체타겟,(0725) [칩] 클룹BP_블트칩출시 (KR1) (재은님),[26.07]F_V_BT혼_전환_블트칩출시_기타_클룹BP.KR1_var1.릴스_남편.슬기.X_1P_최나영_260723_제과_피재은,100,5,2701.0,0
2026-07-23,[칩] (마스터ASC)[제과_블트하] 26.07_블트칩출시_ASC_전환_video,[칩] (마스터ASC)[제과_블트하] 26.07_블트칩출시_ASC_전환_video,[26.07]F_V_BT칩_전환_블트칩출시_쩜오건_3040페르소나강조.풀매수_main.릴스_BP그대로.X_1P_김소희_260723_제과_강경연,43,5,768.0,1
2026-07-24,[제과_블트하] 26.07_블트깡출시_수동_전환_video_전체타겟,BP이식형_블트깡출시 (KR1),[26.07]F_V_BT깡_전환_블트깡출시_쩜오건_리액션과장.KR1_var1.릴스_트러플하몽.맛후킹.X_1P_김소희_260715_제과_문형민,3062,107,63162.0,3
2026-07-24,[칩] (마스터ASC)[제과_블트하] 26.07_블트칩출시_ASC_전환_image,[칩] (마스터ASC)[제과_블트하] 26.07_블트칩출시_ASC_전환_image,[26.07]F_I_BT칩_전환_블트칩출시_혜택강조형_KR2_.배너_에르X스급개당1천원대.이미지강조.지면테스트..검증__김소희_260722_제과_박서연,139,2,3803.0,1
2026-07-24,[제과_블트하] 26.07_블트깡출시_수동_전환_image_전체타겟,(칩)맘카페캐러셀_블트칩출시 (KR1),[26.07]F_I_BT칩_전환_블트칩출시_매거진형_KR1_.배너_대체뭐길래다산대_.연두텍스트..확장__김소희_260722_제과_박서연,76,0,1132.0,0
2026-07-24,[제과_블트하] 26.07_블트깡출시_수동_전환_video_전체타겟,(0725) [칩] 클룹BP_블트칩출시 (KR1) (재은님),[26.07]F_V_BT혼_전환_블트칩출시_기타_클룹BP.KR1_var1.릴스_남편.슬기.X_1P_최나영_260723_제과_피재은,572,34,13082.0,1
2026-07-24,[칩] (마스터ASC)[제과_블트하] 26.07_블트칩출시_ASC_전환_video,[칩] (마스터ASC)[제과_블트하] 26.07_블트칩출시_ASC_전환_video,[26.07]F_V_BT칩_전환_블트칩출시_쩜오건_3040페르소나강조.풀매수_main.릴스_BP그대로.X_1P_김소희_260723_제과_강경연,667,18,11457.0,0
2026-07-24,[제과_블트하] 26.07_블트깡출시_수동_전환_image_전체타겟,(시리즈) 맘카페&혜택강조형_블트칩출시 (KR1) (0723),[26.07]F_I_BT혼_전환_블트칩출시_혜택강조형_KR1_.배너_가격실수안내.2분할.확장__김소희_260723_제과_김수정,27,0,504.0,0
2026-07-24,[제과_블트하] 26.07_블트깡출시_수동_전환_video_전체타겟,(0725) 지인네고형_블트깡출시 (KR2) (재은님),[26.07]F_V_BT깡_전환_블트깡출시_네고형_지인네고형.KR2_main.릴스_메인.슬기.X_1P_최나영_260724_제과_피재은,4679,180,114909.0,7
2026-07-24,[칩] (마스터ASC)[제과_블트하] 26.07_블트칩출시_ASC_전환_image,[칩] (마스터ASC)[제과_블트하] 26.07_블트칩출시_ASC_전환_image,[26.07]F_I_BT칩_전환_블트칩출시_혜택강조형_KR2_.릴스_상황연출.배너형.불금넷플.확장__김소희_260724_제과_김수정,43,2,1073.0,0
2026-07-25,[제과_블트하] 26.07_블트깡출시_수동_전환_video_전체타겟,BP이식형_블트깡출시 (KR1),[26.07]F_V_BT깡_전환_블트깡출시_쩜오건_리액션과장.KR1_var1.릴스_트러플하몽.맛후킹.X_1P_김소희_260715_제과_문형민,845,32,18645.0,1
2026-07-25,[칩] (마스터ASC)[제과_블트하] 26.07_블트칩출시_ASC_전환_image,[칩] (마스터ASC)[제과_블트하] 26.07_블트칩출시_ASC_전환_image,[26.07]F_I_BT칩_전환_블트칩출시_혜택강조형_KR2_.배너_에르X스급개당1천원대.이미지강조.지면테스트..검증__김소희_260722_제과_박서연,36,0,988.0,0
2026-07-25,[제과_블트하] 26.07_블트깡출시_수동_전환_image_전체타겟,(칩)맘카페캐러셀_블트칩출시 (KR1),[26.07]F_I_BT칩_전환_블트칩출시_매거진형_KR1_.배너_대체뭐길래다산대_.연두텍스트..확장__김소희_260722_제과_박서연,91,4,1724.0,0
2026-07-25,[제과_블트하] 26.07_블트깡출시_수동_전환_video_전체타겟,(0725) [칩] 클룹BP_블트칩출시 (KR1) (재은님),[26.07]F_V_BT혼_전환_블트칩출시_기타_클룹BP.KR1_var1.릴스_남편.슬기.X_1P_최나영_260723_제과_피재은,189,12,6371.0,0
2026-07-25,[칩] (마스터ASC)[제과_블트하] 26.07_블트칩출시_ASC_전환_video,[칩] (마스터ASC)[제과_블트하] 26.07_블트칩출시_ASC_전환_video,[26.07]F_V_BT칩_전환_블트칩출시_쩜오건_3040페르소나강조.풀매수_main.릴스_BP그대로.X_1P_김소희_260723_제과_강경연,53,0,1534.0,0
2026-07-25,[제과_블트하] 26.07_블트깡출시_수동_전환_image_전체타겟,(시리즈) 맘카페&혜택강조형_블트칩출시 (KR1) (0723),[26.07]F_I_BT혼_전환_블트칩출시_혜택강조형_KR1_.배너_가격실수안내.2분할.확장__김소희_260723_제과_김수정,12,0,305.0,0
2026-07-25,[제과_블트하] 26.07_블트깡출시_수동_전환_video_전체타겟,(0725) 지인네고형_블트깡출시 (KR2) (재은님),[26.07]F_V_BT깡_전환_블트깡출시_네고형_지인네고형.KR2_main.릴스_메인.슬기.X_1P_최나영_260724_제과_피재은,3412,136,107797.0,8
2026-07-25,[칩] (마스터ASC)[제과_블트하] 26.07_블트칩출시_ASC_전환_image,[칩] (마스터ASC)[제과_블트하] 26.07_블트칩출시_ASC_전환_image,[26.07]F_I_BT칩_전환_블트칩출시_혜택강조형_KR2_.릴스_상황연출.배너형.불금넷플.확장__김소희_260724_제과_김수정,117,3,4106.0,0
2026-07-26,[제과_블트하] 26.07_블트깡출시_수동_전환_video_전체타겟,BP이식형_블트깡출시 (KR1),[26.07]F_V_BT깡_전환_블트깡출시_쩜오건_리액션과장.KR1_var1.릴스_트러플하몽.맛후킹.X_1P_김소희_260715_제과_문형민,21808,539,638417.0,42
2026-07-26,[제과_블트하] 26.07_블트깡출시_수동_전환_video_전체타겟,(0725) 지인네고형_블트깡출시 (KR2) (재은님),[26.07]F_V_BT깡_전환_블트깡출시_네고형_지인네고형.KR2_main.릴스_메인.슬기.X_1P_최나영_260724_제과_피재은,6205,296,264409.0,20
2026-07-27,[제과_블트하] 26.07_블트깡출시_수동_전환_video_전체타겟,BP이식형_블트깡출시 (KR1),[26.07]F_V_BT깡_전환_블트깡출시_쩜오건_리액션과장.KR1_var1.릴스_트러플하몽.맛후킹.X_1P_김소희_260715_제과_문형민,1217,28,30862.0,3
2026-07-27,[제과_블트하] 26.07_블트깡출시_수동_전환_video_전체타겟,(0725) 지인네고형_블트깡출시 (KR2) (재은님),[26.07]F_V_BT깡_전환_블트깡출시_네고형_지인네고형.KR2_main.릴스_메인.슬기.X_1P_최나영_260724_제과_피재은,30030,1007,1168830.0,89
2026-07-27,[제과_블트하] 26.07_블트깡출시_수동_전환_image_전체타겟,[혼합] 남편상황연출_블트칩출시 (KR1) (0727),[26.07]F_I_BT칩_전환_블트칩출시_바이럴형_KR1_.피드_남편인정.야구장.확장__김소희_260727_제과_김수정,115,2,2476.0,0
2026-07-28,[제과_블트하] 26.07_블트깡출시_수동_전환_video_전체타겟,(0725) 지인네고형_블트깡출시 (KR2) (재은님),[26.07]F_V_BT깡_전환_블트깡출시_네고형_지인네고형.KR2_main.릴스_메인.슬기.X_1P_최나영_260724_제과_피재은,64314,1819,1916170.0,140
2026-07-28,[제과_블트하] 26.07_블트깡출시_수동_전환_image_전체타겟,[혼합] 남편상황연출_블트칩출시 (KR1) (0727),[26.07]F_I_BT칩_전환_블트칩출시_바이럴형_KR1_.피드_남편인정.야구장.확장__김소희_260727_제과_김수정,235,5,4751.0,1
2026-07-28,[제과_블트하] 26.07_블트깡출시_수동_전환_image_전체타겟,주변인인정_블트칩출시 (KR2) (0728),[26.07]F_I_BT깡_전환_블트칩출시_혜택강조형_KR2_.피드_탕비실족족바닥..확장__김소희_260728_제과_박서연,90,1,2021.0,0
2026-07-02,(마스터ASC)[제과_콘스프맛 팝콘] 26.05_콘스프맛팝콘출시_ASC_전환_video,(마스터ASC)[콘스프맛 팝콘] 26.05_콘스프맛팝콘출시_ASC_전환_video,[26.07]F_V_PC콘_전환_팝콘할인페스타_네고형_공구네고형.다이어트_var1.릴스_숏버전.슬기.X_1P_김소희_260702_제과_강경연,272,5,4689.0,0
2026-07-03,(마스터ASC)[제과_콘스프맛 팝콘] 26.05_콘스프맛팝콘출시_ASC_전환_video,(마스터ASC)[콘스프맛 팝콘] 26.05_콘스프맛팝콘출시_ASC_전환_video,[26.07]F_V_PC콘_전환_팝콘할인페스타_네고형_공구네고형.다이어트_var1.릴스_숏버전.슬기.X_1P_김소희_260702_제과_강경연,122,1,1654.0,0
2026-07-04,(마스터ASC)[제과_콘스프맛 팝콘] 26.05_콘스프맛팝콘출시_ASC_전환_video,(마스터ASC)[콘스프맛 팝콘] 26.05_콘스프맛팝콘출시_ASC_전환_video,[26.07]F_V_PC콘_전환_팝콘할인페스타_네고형_공구네고형.다이어트_var1.릴스_숏버전.슬기.X_1P_김소희_260702_제과_강경연,30,0,679.0,0
2026-07-04,[제과_단백질 쉐이크] 26.06_단백질쉐이크출시_수동_전환_video,지인네고형_0702,[26.07]F_V_SK혼_전환_단백질쉐이크출시_네고형_지인네고형_main.릴스_가격강조아몬드스윗삭제.(재)_2P_이유빈_260707_제과_이봄1 (1),14785,1118,197540.0,59
2026-07-05,[제과_단백질 쉐이크] 26.06_단백질쉐이크출시_수동_전환_video,지인네고형_0702,[26.07]F_V_SK혼_전환_단백질쉐이크출시_네고형_지인네고형_main.릴스_가격강조아몬드스윗삭제.(재)_2P_이유빈_260707_제과_이봄1 (1),37282,2424,441494.0,70
2026-07-06,(마스터ASC)[제과_콘스프맛 팝콘] 26.05_콘스프맛팝콘출시_ASC_전환_video,(마스터ASC)[콘스프맛 팝콘] 26.05_콘스프맛팝콘출시_ASC_전환_video,[26.07]F_V_PC콘_전환_팝콘할인페스타_네고형_공구네고형.다이어트_var1.릴스_숏버전.슬기.X_1P_김소희_260702_제과_강경연,25,1,979.0,1
2026-07-06,[제과_단백질 쉐이크] 26.06_단백질쉐이크출시_수동_전환_video,지인네고형_0702,[26.07]F_V_SK혼_전환_단백질쉐이크출시_네고형_지인네고형_main.릴스_가격강조아몬드스윗삭제.(재)_2P_이유빈_260707_제과_이봄1 (1),81327,3964,1004479.0,168
2026-07-07,(마스터ASC)[제과_콘스프맛 팝콘] 26.05_콘스프맛팝콘출시_ASC_전환_video,(마스터ASC)[콘스프맛 팝콘] 26.05_콘스프맛팝콘출시_ASC_전환_video,[26.07]F_V_PC콘_전환_팝콘할인페스타_네고형_공구네고형.다이어트_var1.릴스_숏버전.슬기.X_1P_김소희_260702_제과_강경연,1,1,178.0,0
2026-07-07,[제과_단백질 쉐이크] 26.06_단백질쉐이크출시_수동_전환_video,지인네고형_0702,[26.07]F_V_SK혼_전환_단백질쉐이크출시_네고형_지인네고형_main.릴스_가격강조아몬드스윗삭제.(재)_2P_이유빈_260707_제과_이봄1 (1),42117,2216,615567.0,83
2026-07-08,[제과_단백질 쉐이크] 26.06_단백질쉐이크출시_수동_전환_video,지인네고형_0702,[26.07]F_V_SK혼_전환_단백질쉐이크출시_네고형_지인네고형_main.릴스_가격강조아몬드스윗삭제.(재)_2P_이유빈_260707_제과_이봄1 (1),43595,1890,560085.0,69
2026-07-09,[제과_단백질 쉐이크] 26.06_단백질쉐이크출시_수동_전환_video,지인네고형_0702,[26.07]F_V_SK혼_전환_단백질쉐이크출시_네고형_지인네고형_main.릴스_가격강조아몬드스윗삭제.(재)_2P_이유빈_260707_제과_이봄1 (1),20290,731,298525.0,31
2026-07-10,(마스터ASC)[제과_콘스프맛 팝콘] 26.05_콘스프맛팝콘출시_ASC_전환_video,(마스터ASC)[콘스프맛 팝콘] 26.05_콘스프맛팝콘출시_ASC_전환_video,[26.07]F_V_PC콘_전환_팝콘할인페스타_네고형_공구네고형.다이어트_var1.릴스_숏버전.슬기.X_1P_김소희_260702_제과_강경연,42,1,1637.0,0
2026-07-10,[제과_단백질 쉐이크] 26.06_단백질쉐이크출시_수동_전환_video,지인네고형_0702,[26.07]F_V_SK혼_전환_단백질쉐이크출시_네고형_지인네고형_main.릴스_가격강조아몬드스윗삭제.(재)_2P_이유빈_260707_제과_이봄1 (1),8690,327,116045.0,20
2026-07-11,[제과_단백질 쉐이크] 26.06_단백질쉐이크출시_수동_전환_video,지인네고형_0702,[26.07]F_V_SK혼_전환_단백질쉐이크출시_네고형_지인네고형_main.릴스_가격강조아몬드스윗삭제.(재)_2P_이유빈_260707_제과_이봄1 (1),4011,166,65102.0,10
2026-07-12,[제과_단백질 쉐이크] 26.06_단백질쉐이크출시_수동_전환_video,지인네고형_0702,[26.07]F_V_SK혼_전환_단백질쉐이크출시_네고형_지인네고형_main.릴스_가격강조아몬드스윗삭제.(재)_2P_이유빈_260707_제과_이봄1 (1),3355,175,58833.0,10
2026-07-13,(마스터ASC)[제과_콘스프맛 팝콘] 26.05_콘스프맛팝콘출시_ASC_전환_video,(마스터ASC)[콘스프맛 팝콘] 26.05_콘스프맛팝콘출시_ASC_전환_video,[26.07]F_V_PC콘_전환_팝콘할인페스타_네고형_공구네고형.다이어트_var1.릴스_숏버전.슬기.X_1P_김소희_260702_제과_강경연,12,0,261.0,0
2026-07-13,[제과_단백질 쉐이크] 26.06_단백질쉐이크출시_수동_전환_video,지인네고형_0702,[26.07]F_V_SK혼_전환_단백질쉐이크출시_네고형_지인네고형_main.릴스_가격강조아몬드스윗삭제.(재)_2P_이유빈_260707_제과_이봄1 (1),825,40,15830.0,1
2026-07-14,[제과_단백질 쉐이크] 26.06_단백질쉐이크출시_수동_전환_video,지인네고형_0702,[26.07]F_V_SK혼_전환_단백질쉐이크출시_네고형_지인네고형_main.릴스_가격강조아몬드스윗삭제.(재)_2P_이유빈_260707_제과_이봄1 (1),11536,449,168207.0,16
2026-07-14,(마스터ASC)[제과_콘스프맛 팝콘] 26.07_콘스프맛팝콘출시_ASC_전환_image (NEW),(마스터ASC)[콘스프맛 팝콘] 26.07_콘스프맛팝콘출시_ASC_전환_image (NEW),[26.07]F_I_PC혼_전환_콘스프맛팝콘출시_혜택강조형__.배너_죽어라 운동해서 태운 칼로리 걱정이라면 간식부터 바꾸세요.확장__김소희_260713_제과_박서연,282,3,6723.0,0
2026-07-15,(마스터ASC)[제과_콘스프맛 팝콘] 26.05_콘스프맛팝콘출시_ASC_전환_video,(마스터ASC)[콘스프맛 팝콘] 26.05_콘스프맛팝콘출시_ASC_전환_video,[26.07]F_V_PC콘_전환_팝콘할인페스타_네고형_공구네고형.다이어트_var1.릴스_숏버전.슬기.X_1P_김소희_260702_제과_강경연,1,0,17.0,0
2026-07-15,[제과_단백질 쉐이크] 26.06_단백질쉐이크출시_수동_전환_video,지인네고형_0702,[26.07]F_V_SK혼_전환_단백질쉐이크출시_네고형_지인네고형_main.릴스_가격강조아몬드스윗삭제.(재)_2P_이유빈_260707_제과_이봄1 (1),7284,344,117395.0,13
2026-07-15,(마스터ASC)[제과_콘스프맛 팝콘] 26.07_콘스프맛팝콘출시_ASC_전환_image (NEW),(마스터ASC)[콘스프맛 팝콘] 26.07_콘스프맛팝콘출시_ASC_전환_image (NEW),[26.07]F_I_PC혼_전환_콘스프맛팝콘출시_혜택강조형__.배너_죽어라 운동해서 태운 칼로리 걱정이라면 간식부터 바꾸세요.확장__김소희_260713_제과_박서연,169,5,2235.0,1
2026-07-15,[제과_블트하] 26.07_블트깡출시_수동_전환_video_전체타겟,BP이식형2_블트깡출시 (KR1/2),[26.07]F_V_BT깡_전환_블트깡출시_쩜오건_맛조합맥주.KR1_main.릴스_제품후킹.X_1P_김소희_260715_제과_문형민,934,45,12520.0,6
2026-07-15,(마스터ASC)[제과_블트하] 26.07_블트깡출시_ASC_전환_image,(마스터ASC)[제과_블트하] 26.07_블트깡출시_ASC_전환_image,[26.07]F_I_BT깡_전환_블트깡출시_혜택강조형_혜택강조형_.배너_와인좋아하는사람들은다안다는.검증__김소희_260715_제과_박서연,2094,38,33869.0,6
2026-07-15,(마스터ASC)[제과_블트하] 26.07_블트깡출시_ASC_전환_image,(마스터ASC)[제과_블트하] 26.07_블트깡출시_ASC_전환_image,[26.07]F_I_BT깡_전환_블트깡출시_바이럴형_KR2_.배너_원산지페포.진짜먹고싶을때만먹다가.검증__김소희_260715_제과_김수정,14,0,147.0,0
2026-07-15,[제과_블트하] 26.07_블트깡출시_수동_전환_image_전체타겟,원산지권위추가건_블트깡출시 (KR2),[26.07]F_I_BT깡_전환_블트깡출시_혜택강조형_KR2_.배너_원산지권위.다시는없어요.검증__김소희_260715_제과_김수정,22,0,309.0,0
2026-07-15,(마스터ASC)[제과_블트하] 26.07_블트깡출시_ASC_전환_image,(마스터ASC)[제과_블트하] 26.07_블트깡출시_ASC_전환_image,[26.07]F_I_BT깡_전환_블트깡출시_혜택강조형_KR2_.배너_원산지권위.특가기간조정.검증__김소희_260715_제과_김수정,1128,23,18006.0,5
2026-07-16,(마스터ASC)[제과_콘스프맛 팝콘] 26.05_콘스프맛팝콘출시_ASC_전환_video,(마스터ASC)[콘스프맛 팝콘] 26.05_콘스프맛팝콘출시_ASC_전환_video,[26.07]F_V_PC콘_전환_팝콘할인페스타_네고형_공구네고형.다이어트_var1.릴스_숏버전.슬기.X_1P_김소희_260702_제과_강경연,532,12,8697.0,2
2026-07-16,[제과_단백질 쉐이크] 26.06_단백질쉐이크출시_수동_전환_video,지인네고형_0702,[26.07]F_V_SK혼_전환_단백질쉐이크출시_네고형_지인네고형_main.릴스_가격강조아몬드스윗삭제.(재)_2P_이유빈_260707_제과_이봄1 (1),503,35,9908.0,1
2026-07-16,[제과_블트하] 26.07_블트깡출시_수동_전환_video_전체타겟,BP이식형2_블트깡출시 (KR1/2),[26.07]F_V_BT깡_전환_블트깡출시_쩜오건_맛조합맥주.KR1_main.릴스_제품후킹.X_1P_김소희_260715_제과_문형민,912,40,11903.0,7
2026-07-16,(마스터ASC)[제과_블트하] 26.07_블트깡출시_ASC_전환_image,(마스터ASC)[제과_블트하] 26.07_블트깡출시_ASC_전환_image,[26.07]F_I_BT깡_전환_블트깡출시_혜택강조형_혜택강조형_.배너_와인좋아하는사람들은다안다는.검증__김소희_260715_제과_박서연,216,3,3325.0,1
2026-07-16,[제과_블트하] 26.07_블트깡출시_수동_전환_image_전체타겟,원산지권위추가건_블트깡출시 (KR2),[26.07]F_I_BT깡_전환_블트깡출시_혜택강조형_KR2_.배너_원산지권위.다시는없어요.검증__김소희_260715_제과_김수정,160,7,5545.0,2
2026-07-16,(마스터ASC)[제과_블트하] 26.07_블트깡출시_ASC_전환_image,(마스터ASC)[제과_블트하] 26.07_블트깡출시_ASC_전환_image,[26.07]F_I_BT깡_전환_블트깡출시_혜택강조형_KR2_.배너_원산지권위.특가기간조정.검증__김소희_260715_제과_김수정,464,20,10153.0,1
2026-07-17,(마스터ASC)[제과_콘스프맛 팝콘] 26.05_콘스프맛팝콘출시_ASC_전환_video,(마스터ASC)[콘스프맛 팝콘] 26.05_콘스프맛팝콘출시_ASC_전환_video,[26.07]F_V_PC콘_전환_팝콘할인페스타_네고형_공구네고형.다이어트_var1.릴스_숏버전.슬기.X_1P_김소희_260702_제과_강경연,22,0,328.0,0
2026-07-17,[제과_블트하] 26.07_블트깡출시_수동_전환_video_전체타겟,BP이식형2_블트깡출시 (KR1/2),[26.07]F_V_BT깡_전환_블트깡출시_쩜오건_맛조합맥주.KR1_main.릴스_제품후킹.X_1P_김소희_260715_제과_문형민,1837,77,25537.0,11
2026-07-17,(마스터ASC)[제과_블트하] 26.07_블트깡출시_ASC_전환_image,(마스터ASC)[제과_블트하] 26.07_블트깡출시_ASC_전환_image,[26.07]F_I_BT깡_전환_블트깡출시_혜택강조형_혜택강조형_.배너_와인좋아하는사람들은다안다는.검증__김소희_260715_제과_박서연,22,1,486.0,0
2026-07-17,[제과_블트하] 26.07_블트깡출시_수동_전환_image_전체타겟,원산지권위추가건_블트깡출시 (KR2),[26.07]F_I_BT깡_전환_블트깡출시_혜택강조형_KR2_.배너_원산지권위.다시는없어요.검증__김소희_260715_제과_김수정,77,2,2654.0,1
2026-07-18,(마스터ASC)[제과_콘스프맛 팝콘] 26.05_콘스프맛팝콘출시_ASC_전환_video,(마스터ASC)[콘스프맛 팝콘] 26.05_콘스프맛팝콘출시_ASC_전환_video,[26.07]F_V_PC콘_전환_팝콘할인페스타_네고형_공구네고형.다이어트_var1.릴스_숏버전.슬기.X_1P_김소희_260702_제과_강경연,88,4,1432.0,1
2026-07-18,[제과_단백질 쉐이크] 26.06_단백질쉐이크출시_수동_전환_video,지인네고형_0702,[26.07]F_V_SK혼_전환_단백질쉐이크출시_네고형_지인네고형_main.릴스_가격강조아몬드스윗삭제.(재)_2P_이유빈_260707_제과_이봄1 (1),2316,173,35501.0,4
2026-07-18,[제과_블트하] 26.07_블트깡출시_수동_전환_video_전체타겟,BP이식형2_블트깡출시 (KR1/2),[26.07]F_V_BT깡_전환_블트깡출시_쩜오건_맛조합맥주.KR1_main.릴스_제품후킹.X_1P_김소희_260715_제과_문형민,2173,127,45531.0,17
2026-07-18,(마스터ASC)[제과_블트하] 26.07_블트깡출시_ASC_전환_image,(마스터ASC)[제과_블트하] 26.07_블트깡출시_ASC_전환_image,[26.07]F_I_BT깡_전환_블트깡출시_혜택강조형_혜택강조형_.배너_와인좋아하는사람들은다안다는.검증__김소희_260715_제과_박서연,5,0,214.0,0
2026-07-18,[제과_블트하] 26.07_블트깡출시_수동_전환_image_전체타겟,원산지권위추가건_블트깡출시 (KR2),[26.07]F_I_BT깡_전환_블트깡출시_혜택강조형_KR2_.배너_원산지권위.다시는없어요.검증__김소희_260715_제과_김수정,36,1,781.0,0
2026-07-19,(마스터ASC)[제과_콘스프맛 팝콘] 26.05_콘스프맛팝콘출시_ASC_전환_video,(마스터ASC)[콘스프맛 팝콘] 26.05_콘스프맛팝콘출시_ASC_전환_video,[26.07]F_V_PC콘_전환_팝콘할인페스타_네고형_공구네고형.다이어트_var1.릴스_숏버전.슬기.X_1P_김소희_260702_제과_강경연,26,0,180.0,0
2026-07-19,[제과_단백질 쉐이크] 26.06_단백질쉐이크출시_수동_전환_video,지인네고형_0702,[26.07]F_V_SK혼_전환_단백질쉐이크출시_네고형_지인네고형_main.릴스_가격강조아몬드스윗삭제.(재)_2P_이유빈_260707_제과_이봄1 (1),7633,503,91088.0,18
2026-07-19,[제과_블트하] 26.07_블트깡출시_수동_전환_video_전체타겟,BP이식형2_블트깡출시 (KR1/2),[26.07]F_V_BT깡_전환_블트깡출시_쩜오건_맛조합맥주.KR1_main.릴스_제품후킹.X_1P_김소희_260715_제과_문형민,1847,92,35351.0,10
2026-07-19,(마스터ASC)[제과_블트하] 26.07_블트깡출시_ASC_전환_image,(마스터ASC)[제과_블트하] 26.07_블트깡출시_ASC_전환_image,[26.07]F_I_BT깡_전환_블트깡출시_혜택강조형_혜택강조형_.배너_와인좋아하는사람들은다안다는.검증__김소희_260715_제과_박서연,22,2,531.0,1
2026-07-19,[제과_블트하] 26.07_블트깡출시_수동_전환_image_전체타겟,원산지권위추가건_블트깡출시 (KR2),[26.07]F_I_BT깡_전환_블트깡출시_혜택강조형_KR2_.배너_원산지권위.다시는없어요.검증__김소희_260715_제과_김수정,38,3,1342.0,0
2026-07-20,(마스터ASC)[제과_콘스프맛 팝콘] 26.05_콘스프맛팝콘출시_ASC_전환_video,(마스터ASC)[콘스프맛 팝콘] 26.05_콘스프맛팝콘출시_ASC_전환_video,[26.07]F_V_PC콘_전환_팝콘할인페스타_네고형_공구네고형.다이어트_var1.릴스_숏버전.슬기.X_1P_김소희_260702_제과_강경연,307,3,3888.0,0
2026-07-20,[제과_단백질 쉐이크] 26.06_단백질쉐이크출시_수동_전환_video,지인네고형_0702,[26.07]F_V_SK혼_전환_단백질쉐이크출시_네고형_지인네고형_main.릴스_가격강조아몬드스윗삭제.(재)_2P_이유빈_260707_제과_이봄1 (1),979,81,12058.0,0
2026-07-20,[제과_블트하] 26.07_블트깡출시_수동_전환_video_전체타겟,BP이식형2_블트깡출시 (KR1/2),[26.07]F_V_BT깡_전환_블트깡출시_쩜오건_맛조합맥주.KR1_main.릴스_제품후킹.X_1P_김소희_260715_제과_문형민,1509,42,31199.0,2
2026-07-20,(마스터ASC)[제과_블트하] 26.07_블트깡출시_ASC_전환_image,(마스터ASC)[제과_블트하] 26.07_블트깡출시_ASC_전환_image,[26.07]F_I_BT깡_전환_블트깡출시_혜택강조형_혜택강조형_.배너_와인좋아하는사람들은다안다는.검증__김소희_260715_제과_박서연,12,1,287.0,0
2026-07-20,(마스터ASC)[제과_블트하] 26.07_블트깡출시_ASC_전환_image,(마스터ASC)[제과_블트하] 26.07_블트깡출시_ASC_전환_image,[26.07]F_I_BT깡_전환_블트깡출시_바이럴형_KR2_.배너_원산지페포.진짜먹고싶을때만먹다가.검증__김소희_260715_제과_김수정,35,2,557.0,0
2026-07-20,[제과_블트하] 26.07_블트깡출시_수동_전환_image_전체타겟,원산지권위추가건_블트깡출시 (KR2),[26.07]F_I_BT깡_전환_블트깡출시_혜택강조형_KR2_.배너_원산지권위.다시는없어요.검증__김소희_260715_제과_김수정,42,1,929.0,1
2026-07-21,(마스터ASC)[제과_콘스프맛 팝콘] 26.05_콘스프맛팝콘출시_ASC_전환_video,(마스터ASC)[콘스프맛 팝콘] 26.05_콘스프맛팝콘출시_ASC_전환_video,[26.07]F_V_PC콘_전환_팝콘할인페스타_네고형_공구네고형.다이어트_var1.릴스_숏버전.슬기.X_1P_김소희_260702_제과_강경연,12507,244,136030.0,35
2026-07-21,[제과_단백질 쉐이크] 26.06_단백질쉐이크출시_수동_전환_video,지인네고형_0702,[26.07]F_V_SK혼_전환_단백질쉐이크출시_네고형_지인네고형_main.릴스_가격강조아몬드스윗삭제.(재)_2P_이유빈_260707_제과_이봄1 (1),1913,141,26111.0,0
2026-07-21,(마스터ASC)[제과_블트하] 26.07_블트깡출시_ASC_전환_image,(마스터ASC)[제과_블트하] 26.07_블트깡출시_ASC_전환_image,[26.07]F_I_BT깡_전환_블트깡출시_혜택강조형_혜택강조형_.배너_와인좋아하는사람들은다안다는.검증__김소희_260715_제과_박서연,7,0,154.0,0
2026-07-21,(마스터ASC)[제과_블트하] 26.07_블트깡출시_ASC_전환_image,(마스터ASC)[제과_블트하] 26.07_블트깡출시_ASC_전환_image,[26.07]F_I_BT깡_전환_블트깡출시_바이럴형_KR2_.배너_원산지페포.진짜먹고싶을때만먹다가.검증__김소희_260715_제과_김수정,3,0,51.0,0
2026-07-21,[제과_블트하] 26.07_블트깡출시_수동_전환_image_전체타겟,원산지권위추가건_블트깡출시 (KR2),[26.07]F_I_BT깡_전환_블트깡출시_혜택강조형_KR2_.배너_원산지권위.다시는없어요.검증__김소희_260715_제과_김수정,10,2,169.0,0
2026-07-21,[제과_블트하] 26.07_블트깡출시_수동_전환_video_전체타겟,브릭색드&맥주BP_블트깡출시 (KR1),[26.07]F_V_BT깡_전환_블트깡출시_인물리뷰형_맥주BP.KR1_main.릴스_메인.슬기.X_1P_최나영_260721_제과_피재은,2877,110,62697.0,9
2026-07-22,(마스터ASC)[제과_콘스프맛 팝콘] 26.05_콘스프맛팝콘출시_ASC_전환_video,(마스터ASC)[콘스프맛 팝콘] 26.05_콘스프맛팝콘출시_ASC_전환_video,[26.07]F_V_PC콘_전환_팝콘할인페스타_네고형_공구네고형.다이어트_var1.릴스_숏버전.슬기.X_1P_김소희_260702_제과_강경연,12195,180,95723.0,17
2026-07-22,(마스터ASC)[제과_블트하] 26.07_블트깡출시_ASC_전환_image,(마스터ASC)[제과_블트하] 26.07_블트깡출시_ASC_전환_image,[26.07]F_I_BT깡_전환_블트깡출시_혜택강조형_혜택강조형_.배너_와인좋아하는사람들은다안다는.검증__김소희_260715_제과_박서연,1,0,0.0,0
2026-07-22,[제과_콘스프맛 팝콘] 26.05_콘스프맛팝콘출시_수동_전환_video,문제공감형(운동.페인포인트)_0721,[26.07]F_V_PC콘_전환_콘스프맛팝콘출시_문제공감형_문제공감네고형_var4.릴스_고정관념.X_2P_이유빈_260721_제과_이봄1,754,19,13617.0,2
2026-07-22,[제과_블트하] 26.07_블트깡출시_수동_전환_image_전체타겟,주변인인정_블트칩출시 (KR2) (0728),[26.07]F_I_BT칩_전환_블트칩출시_혜택강조형_KR2_.배너_세계4대진미7일만할인해요.칩깡동시소구.지면테스트..검증__김소희_260722_제과_박서연,459,22,11726.0,2
2026-07-22,[제과_블트하] 26.07_블트깡출시_수동_전환_image_전체타겟,주변인인정_블트칩출시 (KR2) (0728),[26.07]F_I_BT칩_전환_블트칩출시_혜택강조형_KR2_.배너_실제로갈아넣었느데딱이번주만.지면테스트..검증__김소희_260722_제과_박서연,32,1,440.0,0
2026-07-22,[칩] (마스터ASC)[제과_블트하] 26.07_블트칩출시_ASC_전환_image,[칩] (마스터ASC)[제과_블트하] 26.07_블트칩출시_ASC_전환_image,[26.07]F_I_BT칩_전환_블트칩출시_혜택강조형_KR2_.배너_1키로에수백만원.이미지강조.지면테스트..검증__김소희_260722_제과_박서연,261,10,5908.0,0
2026-07-22,[제과_블트하] 26.07_블트깡출시_수동_전환_image_전체타겟,주변인인정_블트칩출시 (KR2) (0728),[26.07]F_I_BT칩_전환_블트칩출시_혜택강조형_KR2_.배너_비싼거때려넣은.사분할.지면테스트..검증__김소희_260722_제과_박서연,109,4,1140.0,1
2026-07-23,(마스터ASC)[제과_콘스프맛 팝콘] 26.05_콘스프맛팝콘출시_ASC_전환_video,(마스터ASC)[콘스프맛 팝콘] 26.05_콘스프맛팝콘출시_ASC_전환_video,[26.07]F_V_PC콘_전환_팝콘할인페스타_네고형_공구네고형.다이어트_var1.릴스_숏버전.슬기.X_1P_김소희_260702_제과_강경연,32046,589,312308.0,37
2026-07-23,[제과_콘스프맛 팝콘] 26.05_콘스프맛팝콘출시_수동_전환_video,문제공감형(운동.페인포인트)_0721,[26.07]F_V_PC콘_전환_콘스프맛팝콘출시_문제공감형_문제공감네고형_var4.릴스_고정관념.X_2P_이유빈_260721_제과_이봄1,571,15,12589.0,1
2026-07-23,[제과_블트하] 26.07_블트깡출시_수동_전환_image_전체타겟,주변인인정_블트칩출시 (KR2) (0728),[26.07]F_I_BT칩_전환_블트칩출시_혜택강조형_KR2_.배너_세계4대진미7일만할인해요.칩깡동시소구.지면테스트..검증__김소희_260722_제과_박서연,5252,196,114903.0,17
2026-07-23,[제과_블트하] 26.07_블트깡출시_수동_전환_image_전체타겟,주변인인정_블트칩출시 (KR2) (0728),[26.07]F_I_BT칩_전환_블트칩출시_혜택강조형_KR2_.배너_실제로갈아넣었느데딱이번주만.지면테스트..검증__김소희_260722_제과_박서연,87,2,1973.0,1
2026-07-23,[칩] (마스터ASC)[제과_블트하] 26.07_블트칩출시_ASC_전환_image,[칩] (마스터ASC)[제과_블트하] 26.07_블트칩출시_ASC_전환_image,[26.07]F_I_BT칩_전환_블트칩출시_혜택강조형_KR2_.배너_1키로에수백만원.이미지강조.지면테스트..검증__김소희_260722_제과_박서연,637,28,15769.0,2
2026-07-23,[제과_블트하] 26.07_블트깡출시_수동_전환_image_전체타겟,주변인인정_블트칩출시 (KR2) (0728),[26.07]F_I_BT칩_전환_블트칩출시_혜택강조형_KR2_.배너_비싼거때려넣은.사분할.지면테스트..검증__김소희_260722_제과_박서연,373,16,5840.0,0
2026-07-24,(마스터ASC)[제과_콘스프맛 팝콘] 26.05_콘스프맛팝콘출시_ASC_전환_video,(마스터ASC)[콘스프맛 팝콘] 26.05_콘스프맛팝콘출시_ASC_전환_video,[26.07]F_V_PC콘_전환_팝콘할인페스타_네고형_공구네고형.다이어트_var1.릴스_숏버전.슬기.X_1P_김소희_260702_제과_강경연,32194,604,356875.0,21
2026-07-24,[제과_블트하] 26.07_블트깡출시_수동_전환_video_전체타겟,BP이식형2_블트깡출시 (KR1/2),[26.07]F_V_BT깡_전환_블트깡출시_쩜오건_맛조합맥주.KR1_main.릴스_제품후킹.X_1P_김소희_260715_제과_문형민,614,30,12702.0,1
2026-07-24,[제과_콘스프맛 팝콘] 26.05_콘스프맛팝콘출시_수동_전환_video,문제공감형(운동.페인포인트)_0721,[26.07]F_V_PC콘_전환_콘스프맛팝콘출시_문제공감형_문제공감네고형_var4.릴스_고정관념.X_2P_이유빈_260721_제과_이봄1,220,4,5303.0,0
2026-07-24,[제과_블트하] 26.07_블트깡출시_수동_전환_image_전체타겟,주변인인정_블트칩출시 (KR2) (0728),[26.07]F_I_BT칩_전환_블트칩출시_혜택강조형_KR2_.배너_세계4대진미7일만할인해요.칩깡동시소구.지면테스트..검증__김소희_260722_제과_박서연,5586,279,151974.0,12
2026-07-24,[제과_블트하] 26.07_블트깡출시_수동_전환_image_전체타겟,주변인인정_블트칩출시 (KR2) (0728),[26.07]F_I_BT칩_전환_블트칩출시_혜택강조형_KR2_.배너_실제로갈아넣었느데딱이번주만.지면테스트..검증__김소희_260722_제과_박서연,339,10,7588.0,0
2026-07-24,[칩] (마스터ASC)[제과_블트하] 26.07_블트칩출시_ASC_전환_image,[칩] (마스터ASC)[제과_블트하] 26.07_블트칩출시_ASC_전환_image,[26.07]F_I_BT칩_전환_블트칩출시_혜택강조형_KR2_.배너_1키로에수백만원.이미지강조.지면테스트..검증__김소희_260722_제과_박서연,1006,38,22167.0,2
2026-07-24,(마스터ASC)[제과_블트하] 26.07_블트깡출시_ASC_전환_image,(마스터ASC)[제과_블트하] 26.07_블트깡출시_ASC_전환_image,[26.07]F_I_BT혼_전환_블트칩출시_혜택강조형_KR1_.배너_에르X스급.칩깡동시소구.확장__김소희_260723_제과_박서연,47,1,979.0,0
2026-07-24,[칩] (마스터ASC)[제과_블트하] 26.07_블트칩출시_ASC_전환_image,[칩] (마스터ASC)[제과_블트하] 26.07_블트칩출시_ASC_전환_image,[26.07]F_I_BT칩_전환_블트칩출시_혜택강조형_KR2_.릴스_상황연출.배너형.신혼부부.확장__김소희_260724_제과_김수정,413,18,10036.0,2
2026-07-25,(마스터ASC)[제과_콘스프맛 팝콘] 26.05_콘스프맛팝콘출시_ASC_전환_video,(마스터ASC)[콘스프맛 팝콘] 26.05_콘스프맛팝콘출시_ASC_전환_video,[26.07]F_V_PC콘_전환_팝콘할인페스타_네고형_공구네고형.다이어트_var1.릴스_숏버전.슬기.X_1P_김소희_260702_제과_강경연,5946,135,83530.0,3
2026-07-25,[제과_블트하] 26.07_블트깡출시_수동_전환_video_전체타겟,BP이식형2_블트깡출시 (KR1/2),[26.07]F_V_BT깡_전환_블트깡출시_쩜오건_맛조합맥주.KR1_main.릴스_제품후킹.X_1P_김소희_260715_제과_문형민,454,15,11230.0,1
2026-07-25,[제과_블트하] 26.07_블트깡출시_수동_전환_image_전체타겟,주변인인정_블트칩출시 (KR2) (0728),[26.07]F_I_BT칩_전환_블트칩출시_혜택강조형_KR2_.배너_세계4대진미7일만할인해요.칩깡동시소구.지면테스트..검증__김소희_260722_제과_박서연,1289,58,37628.0,1
2026-07-25,[칩] (마스터ASC)[제과_블트하] 26.07_블트칩출시_ASC_전환_image,[칩] (마스터ASC)[제과_블트하] 26.07_블트칩출시_ASC_전환_image,[26.07]F_I_BT칩_전환_블트칩출시_혜택강조형_KR2_.배너_1키로에수백만원.이미지강조.지면테스트..검증__김소희_260722_제과_박서연,613,16,16381.0,0
2026-07-25,(마스터ASC)[제과_블트하] 26.07_블트깡출시_ASC_전환_image,(마스터ASC)[제과_블트하] 26.07_블트깡출시_ASC_전환_image,[26.07]F_I_BT혼_전환_블트칩출시_혜택강조형_KR1_.배너_에르X스급.칩깡동시소구.확장__김소희_260723_제과_박서연,22,1,569.0,0
2026-07-25,[칩] (마스터ASC)[제과_블트하] 26.07_블트칩출시_ASC_전환_image,[칩] (마스터ASC)[제과_블트하] 26.07_블트칩출시_ASC_전환_image,[26.07]F_I_BT칩_전환_블트칩출시_혜택강조형_KR2_.릴스_상황연출.배너형.신혼부부.확장__김소희_260724_제과_김수정,3582,109,115940.0,8
2026-07-26,(마스터ASC)[제과_콘스프맛 팝콘] 26.05_콘스프맛팝콘출시_ASC_전환_video,(마스터ASC)[콘스프맛 팝콘] 26.05_콘스프맛팝콘출시_ASC_전환_video,[26.07]F_V_PC콘_전환_팝콘할인페스타_네고형_공구네고형.다이어트_var1.릴스_숏버전.슬기.X_1P_김소희_260702_제과_강경연,34152,624,603695.0,41
2026-07-26,[제과_블트하] 26.07_블트깡출시_수동_전환_video_전체타겟,BP이식형2_블트깡출시 (KR1/2),[26.07]F_V_BT깡_전환_블트깡출시_쩜오건_맛조합맥주.KR1_main.릴스_제품후킹.X_1P_김소희_260715_제과_문형민,23,0,394.0,0
2026-07-26,(마스터ASC)[제과_블트하] 26.07_블트깡출시_ASC_전환_image,(마스터ASC)[제과_블트하] 26.07_블트깡출시_ASC_전환_image,[26.07]F_I_BT깡_전환_블트깡출시_혜택강조형_혜택강조형_.배너_와인좋아하는사람들은다안다는.검증__김소희_260715_제과_박서연,616,14,20967.0,6
2026-07-26,[제과_블트하] 26.07_블트깡출시_수동_전환_image_전체타겟,주변인인정_블트칩출시 (KR2) (0728),[26.07]F_I_BT칩_전환_블트칩출시_혜택강조형_KR2_.배너_세계4대진미7일만할인해요.칩깡동시소구.지면테스트..검증__김소희_260722_제과_박서연,1027,47,31406.0,0
2026-07-26,[칩] (마스터ASC)[제과_블트하] 26.07_블트칩출시_ASC_전환_image,[칩] (마스터ASC)[제과_블트하] 26.07_블트칩출시_ASC_전환_image,[26.07]F_I_BT칩_전환_블트칩출시_혜택강조형_KR2_.배너_1키로에수백만원.이미지강조.지면테스트..검증__김소희_260722_제과_박서연,166,3,5588.0,0
2026-07-26,[칩] (마스터ASC)[제과_블트하] 26.07_블트칩출시_ASC_전환_image,[칩] (마스터ASC)[제과_블트하] 26.07_블트칩출시_ASC_전환_image,[26.07]F_I_BT칩_전환_블트칩출시_혜택강조형_KR2_.릴스_상황연출.배너형.신혼부부.확장__김소희_260724_제과_김수정,800,33,36109.0,2
2026-07-27,(마스터ASC)[제과_콘스프맛 팝콘] 26.05_콘스프맛팝콘출시_ASC_전환_video,(마스터ASC)[콘스프맛 팝콘] 26.05_콘스프맛팝콘출시_ASC_전환_video,[26.07]F_V_PC콘_전환_팝콘할인페스타_네고형_공구네고형.다이어트_var1.릴스_숏버전.슬기.X_1P_김소희_260702_제과_강경연,33015,477,552871.0,21
2026-07-27,[제과_블트하] 26.07_블트깡출시_수동_전환_video_전체타겟,BP이식형2_블트깡출시 (KR1/2),[26.07]F_V_BT깡_전환_블트깡출시_쩜오건_맛조합맥주.KR1_main.릴스_제품후킹.X_1P_김소희_260715_제과_문형민,843,21,20465.0,2
2026-07-27,(마스터ASC)[제과_블트하] 26.07_블트깡출시_ASC_전환_image,(마스터ASC)[제과_블트하] 26.07_블트깡출시_ASC_전환_image,[26.07]F_I_BT깡_전환_블트깡출시_혜택강조형_혜택강조형_.배너_와인좋아하는사람들은다안다는.검증__김소희_260715_제과_박서연,580,14,24034.0,4
2026-07-27,[제과_블트하] 26.07_블트깡출시_수동_전환_image_전체타겟,주변인인정_블트칩출시 (KR2) (0728),[26.07]F_I_BT칩_전환_블트칩출시_혜택강조형_KR2_.배너_세계4대진미7일만할인해요.칩깡동시소구.지면테스트..검증__김소희_260722_제과_박서연,319,24,13794.0,1
2026-07-27,[칩] (마스터ASC)[제과_블트하] 26.07_블트칩출시_ASC_전환_image,[칩] (마스터ASC)[제과_블트하] 26.07_블트칩출시_ASC_전환_image,[26.07]F_I_BT칩_전환_블트칩출시_혜택강조형_KR2_.배너_1키로에수백만원.이미지강조.지면테스트..검증__김소희_260722_제과_박서연,1201,25,31739.0,3
2026-07-27,[칩] (마스터ASC)[제과_블트하] 26.07_블트칩출시_ASC_전환_image,[칩] (마스터ASC)[제과_블트하] 26.07_블트칩출시_ASC_전환_image,[26.07]F_I_BT칩_전환_블트칩출시_혜택강조형_KR2_.릴스_상황연출.배너형.신혼부부.확장__김소희_260724_제과_김수정,1103,29,39996.0,1
2026-07-27,[제과_블트하] 26.07_블트깡출시_수동_전환_image_전체타겟,[혼합] 주변인 상황연출_블트칩출시 (KR2) (0727),[26.07]F_I_BT칩_전환_블트칩출시_혜택강조형_KR2_.피드_주변인.집들이.확장__김소희_260727_제과_박지현,49,0,1563.0,0
2026-07-27,[칩] (마스터ASC)[제과_블트하] 26.07_블트칩출시_ASC_전환_image,[칩] (마스터ASC)[제과_블트하] 26.07_블트칩출시_ASC_전환_image,[26.07]F_I_BT깡_전환_블트깡출시_바이럴형_KR1_.피드_남편인정.회사.확장__김소희_260727_제과_김수정,18,1,410.0,0
2026-07-27,[칩] (마스터ASC)[제과_블트하] 26.07_블트칩출시_ASC_전환_image,[칩] (마스터ASC)[제과_블트하] 26.07_블트칩출시_ASC_전환_image,[26.07]F_I_BT혼_전환_블트칩출시_혜택강조형_KR1_.피드_남편.맥주안주.확장__김소희_260727_제과_박지현,20,0,309.0,0
2026-07-28,(마스터ASC)[제과_콘스프맛 팝콘] 26.05_콘스프맛팝콘출시_ASC_전환_video,(마스터ASC)[콘스프맛 팝콘] 26.05_콘스프맛팝콘출시_ASC_전환_video,[26.07]F_V_PC콘_전환_팝콘할인페스타_네고형_공구네고형.다이어트_var1.릴스_숏버전.슬기.X_1P_김소희_260702_제과_강경연,34066,536,568307.0,33
2026-07-28,[제과_블트하] 26.07_블트깡출시_수동_전환_video_전체타겟,BP이식형2_블트깡출시 (KR1/2),[26.07]F_V_BT깡_전환_블트깡출시_쩜오건_맛조합맥주.KR1_main.릴스_제품후킹.X_1P_김소희_260715_제과_문형민,425,10,7773.0,0
2026-07-28,(마스터ASC)[제과_블트하] 26.07_블트깡출시_ASC_전환_image,(마스터ASC)[제과_블트하] 26.07_블트깡출시_ASC_전환_image,[26.07]F_I_BT깡_전환_블트깡출시_혜택강조형_혜택강조형_.배너_와인좋아하는사람들은다안다는.검증__김소희_260715_제과_박서연,34,0,1048.0,0
2026-07-28,[칩] (마스터ASC)[제과_블트하] 26.07_블트칩출시_ASC_전환_image,[칩] (마스터ASC)[제과_블트하] 26.07_블트칩출시_ASC_전환_image,[26.07]F_I_BT칩_전환_블트칩출시_혜택강조형_KR2_.배너_1키로에수백만원.이미지강조.지면테스트..검증__김소희_260722_제과_박서연,454,13,11513.0,0
2026-07-28,[칩] (마스터ASC)[제과_블트하] 26.07_블트칩출시_ASC_전환_image,[칩] (마스터ASC)[제과_블트하] 26.07_블트칩출시_ASC_전환_image,[26.07]F_I_BT칩_전환_블트칩출시_혜택강조형_KR2_.릴스_상황연출.배너형.신혼부부.확장__김소희_260724_제과_김수정,732,17,40064.0,0
2026-07-28,[제과_블트하] 26.07_블트깡출시_수동_전환_image_전체타겟,[혼합] 주변인 상황연출_블트칩출시 (KR2) (0727),[26.07]F_I_BT칩_전환_블트칩출시_혜택강조형_KR2_.피드_주변인.집들이.확장__김소희_260727_제과_박지현,1233,26,34539.0,6
2026-07-28,[칩] (마스터ASC)[제과_블트하] 26.07_블트칩출시_ASC_전환_image,[칩] (마스터ASC)[제과_블트하] 26.07_블트칩출시_ASC_전환_image,[26.07]F_I_BT깡_전환_블트깡출시_바이럴형_KR1_.피드_남편인정.회사.확장__김소희_260727_제과_김수정,42,1,1308.0,0
2026-07-28,[칩] (마스터ASC)[제과_블트하] 26.07_블트칩출시_ASC_전환_image,[칩] (마스터ASC)[제과_블트하] 26.07_블트칩출시_ASC_전환_image,[26.07]F_I_BT혼_전환_블트칩출시_혜택강조형_KR1_.피드_남편.맥주안주.확장__김소희_260727_제과_박지현,77,0,1520.0,0
2026-07-01,(미사용) [제과_단백질 쉐이크] 26.06_단백질쉐이크출시_ASC_전환_image,[제과_단백질 쉐이크] 26.06_단백질쉐이크출시_ASC_전환_image,[26.06]F_I_SK곡_전환_단백질쉐이크출시_제품강조형_곡물아는맛_.배너_꼬숩두유.__이유빈_260623_제과_김나현,1929,33,29479.0,3
2026-07-01,[제과_콘스프맛 팝콘] 26.05_콘스프맛팝콘출시_수동_전환_image,입터짐방지_팝콘더블특가 (~7/1) (재세팅),[26.06]F_I_PC혼_전환_팝콘더블특가_혜택강조형_다이어트_.배너_입터짐방지템.짭짤한거땡길때.__김소희_260629_제과_김수정,43,4,1775.0,1
2026-07-02,[제과_콘스프맛 팝콘] 26.05_콘스프맛팝콘출시_수동_전환_image,입터짐방지_팝콘더블특가 (~7/1) (재세팅),[26.06]F_I_PC혼_전환_팝콘더블특가_혜택강조형_다이어트_.배너_입터짐방지템.짭짤한거땡길때.__김소희_260629_제과_김수정,30,1,610.0,0
2026-07-04,(마스터ASC)[제과_콘스프맛 팝콘] 26.05_콘스프맛팝콘출시_ASC_전환_video,(마스터ASC)[콘스프맛 팝콘] 26.05_콘스프맛팝콘출시_ASC_전환_video,[26.07]F_V_PC콘_전환_팝콘할인페스타_네고형_지인네고형.다이어트_main.릴스_메인.슬기.X_1P_김소희_260703_제과_문형민,130,1,2150.0,0
2026-07-04,[제과_단백질 쉐이크] 26.06_단백질쉐이크출시_ASC_전환_video,[제과_단백질 쉐이크] 26.06_단백질쉐이크출시_ASC_전환_video,[26.07]F_V_SK혼_전환_단백질쉐이크출시_네고형_지인네고형_var2.릴스_선택지.X_2P_이유빈_260703_제과_이봄1,67,4,1323.0,1
2026-07-05,(마스터ASC)[제과_콘스프맛 팝콘] 26.05_콘스프맛팝콘출시_ASC_전환_video,(마스터ASC)[콘스프맛 팝콘] 26.05_콘스프맛팝콘출시_ASC_전환_video,[26.07]F_V_PC콘_전환_팝콘할인페스타_네고형_지인네고형.다이어트_main.릴스_메인.슬기.X_1P_김소희_260703_제과_문형민,2,0,19.0,0
2026-07-05,[제과_단백질 쉐이크] 26.06_단백질쉐이크출시_ASC_전환_video,[제과_단백질 쉐이크] 26.06_단백질쉐이크출시_ASC_전환_video,[26.07]F_V_SK혼_전환_단백질쉐이크출시_네고형_지인네고형_var2.릴스_선택지.X_2P_이유빈_260703_제과_이봄1,36,0,743.0,0
2026-07-06,(마스터ASC)[제과_콘스프맛 팝콘] 26.05_콘스프맛팝콘출시_ASC_전환_video,(마스터ASC)[콘스프맛 팝콘] 26.05_콘스프맛팝콘출시_ASC_전환_video,[26.07]F_V_PC콘_전환_팝콘할인페스타_네고형_지인네고형.다이어트_main.릴스_메인.슬기.X_1P_김소희_260703_제과_문형민,20,1,360.0,0
2026-07-06,[제과_단백질 쉐이크] 26.06_단백질쉐이크출시_ASC_전환_video,[제과_단백질 쉐이크] 26.06_단백질쉐이크출시_ASC_전환_video,[26.07]F_V_SK혼_전환_단백질쉐이크출시_네고형_지인네고형_var2.릴스_선택지.X_2P_이유빈_260703_제과_이봄1,72,3,1744.0,1
2026-07-07,[제과_단백질 쉐이크] 26.06_단백질쉐이크출시_ASC_전환_video,[제과_단백질 쉐이크] 26.06_단백질쉐이크출시_ASC_전환_video,[26.07]F_V_SK혼_전환_단백질쉐이크출시_네고형_지인네고형_var2.릴스_선택지.X_2P_이유빈_260703_제과_이봄1,29,2,828.0,0
2026-07-08,[제과_단백질 쉐이크] 26.06_단백질쉐이크출시_ASC_전환_video,[제과_단백질 쉐이크] 26.06_단백질쉐이크출시_ASC_전환_video,[26.07]F_V_SK혼_전환_단백질쉐이크출시_네고형_지인네고형_var2.릴스_선택지.X_2P_이유빈_260703_제과_이봄1,30,0,1475.0,0
2026-07-08,[제과_콘스프맛 팝콘] 26.05_콘스프맛팝콘출시_수동_전환_image,가격한정&공지문_할인페스타(~7/8),[26.07]F_I_PC혼_전환_팝콘할인페스타_혜택강조형_다이어트_.배너_군것질생각너무나지만.살걱정.마감직전.빠른속도로.소진중.확장__김소희_260707_제과_문다현,2,1,117.0,0
2026-07-09,(마스터ASC)[제과_콘스프맛 팝콘] 26.05_콘스프맛팝콘출시_ASC_전환_video,(마스터ASC)[콘스프맛 팝콘] 26.05_콘스프맛팝콘출시_ASC_전환_video,[26.07]F_V_PC콘_전환_팝콘할인페스타_네고형_지인네고형.다이어트_main.릴스_메인.슬기.X_1P_김소희_260703_제과_문형민,2,0,28.0,0
2026-07-09,[제과_콘스프맛 팝콘] 26.05_콘스프맛팝콘출시_수동_전환_image,가격한정&공지문_할인페스타(~7/8),[26.07]F_I_PC혼_전환_팝콘할인페스타_혜택강조형_다이어트_.배너_군것질생각너무나지만.살걱정.마감직전.빠른속도로.소진중.확장__김소희_260707_제과_문다현,4,0,24.0,0
2026-07-10,(마스터ASC)[제과_콘스프맛 팝콘] 26.05_콘스프맛팝콘출시_ASC_전환_video,(마스터ASC)[콘스프맛 팝콘] 26.05_콘스프맛팝콘출시_ASC_전환_video,[26.07]F_V_PC콘_전환_팝콘할인페스타_네고형_지인네고형.다이어트_main.릴스_메인.슬기.X_1P_김소희_260703_제과_문형민,565,18,11848.0,3
2026-07-11,(마스터ASC)[제과_콘스프맛 팝콘] 26.05_콘스프맛팝콘출시_ASC_전환_video,(마스터ASC)[콘스프맛 팝콘] 26.05_콘스프맛팝콘출시_ASC_전환_video,[26.07]F_V_PC콘_전환_팝콘할인페스타_네고형_지인네고형.다이어트_main.릴스_메인.슬기.X_1P_김소희_260703_제과_문형민,1,0,26.0,0
2026-07-13,(마스터ASC)[제과_콘스프맛 팝콘] 26.05_콘스프맛팝콘출시_ASC_전환_video,(마스터ASC)[콘스프맛 팝콘] 26.05_콘스프맛팝콘출시_ASC_전환_video,[26.07]F_V_PC콘_전환_팝콘할인페스타_네고형_지인네고형.다이어트_main.릴스_메인.슬기.X_1P_김소희_260703_제과_문형민,10,0,97.0,0
2026-07-15,(마스터ASC)[제과_콘스프맛 팝콘] 26.05_콘스프맛팝콘출시_ASC_전환_video,(마스터ASC)[콘스프맛 팝콘] 26.05_콘스프맛팝콘출시_ASC_전환_video,[26.07]F_V_PC콘_전환_팝콘할인페스타_네고형_지인네고형.다이어트_main.릴스_메인.슬기.X_1P_김소희_260703_제과_문형민,4,0,25.0,0
2026-07-15,[제과_단백질 쉐이크] 26.06_단백질쉐이크출시_수동_전환_image,올영최저가비교_0714,[26.07]F_I_SK혼_전환_단백질쉐이크출시_혜택강조형_올영최저가비교_.배너_안사고버티길잘했다.네고형.확장__이유빈_260714_제과_문다현,542,22,10978.0,3
2026-07-15,[제과_블트하] 26.07_블트깡출시_수동_전환_video_전체타겟,브릭색드&맥주BP_블트깡출시 (KR1),[26.07]F_V_BT깡_전환_블트깡출시_신규BP_브릭샌드BP.KR1_var3.릴스_트위터.X_2P_김소희_260715_제과_윤성미,1078,44,18703.0,3
2026-07-15,[제과_블트하] 26.07_블트깡출시_수동_전환_image_전체타겟,원산지권위_블트깡출시 (KR2),[26.07]F_I_BT깡_전환_블트깡출시_바이럴형_KR2_.배너_원산지페포.좋아하는데원산지가.검증__김소희_260715_제과_김수정,70,3,1073.0,1
2026-07-15,(마스터ASC)[제과_블트하] 26.07_블트깡출시_ASC_전환_image,(마스터ASC)[제과_블트하] 26.07_블트깡출시_ASC_전환_image,[26.07]F_I_BT깡_전환_블트깡출시__KR2_.배너_원산지권위.공식문서형.사과문.검증__김소희_260715_제과_김수정,495,17,8786.0,0
2026-07-15,(마스터ASC)[제과_블트하] 26.07_블트깡출시_ASC_전환_image,(마스터ASC)[제과_블트하] 26.07_블트깡출시_ASC_전환_image,[26.07]F_I_BT깡_전환_블트깡출시_바이럴형_KR1_.배너_연예인권위.맛잘알남돌.검증__김소희_260715_제과_김수정,1,0,32.0,0
2026-07-16,(마스터ASC)[제과_콘스프맛 팝콘] 26.05_콘스프맛팝콘출시_ASC_전환_video,(마스터ASC)[콘스프맛 팝콘] 26.05_콘스프맛팝콘출시_ASC_전환_video,[26.07]F_V_PC콘_전환_팝콘할인페스타_네고형_지인네고형.다이어트_main.릴스_메인.슬기.X_1P_김소희_260703_제과_문형민,342,6,6734.0,3
2026-07-16,[제과_단백질 쉐이크] 26.06_단백질쉐이크출시_수동_전환_image,올영최저가비교_0714,[26.07]F_I_SK혼_전환_단백질쉐이크출시_혜택강조형_올영최저가비교_.배너_안사고버티길잘했다.네고형.확장__이유빈_260714_제과_문다현,517,16,10571.0,0
2026-07-16,[제과_블트하] 26.07_블트깡출시_수동_전환_image_전체타겟,원산지권위_블트깡출시 (KR2),[26.07]F_I_BT깡_전환_블트깡출시_바이럴형_KR2_.배너_원산지페포.좋아하는데원산지가.검증__김소희_260715_제과_김수정,25,0,567.0,0
2026-07-16,(마스터ASC)[제과_블트하] 26.07_블트깡출시_ASC_전환_image,(마스터ASC)[제과_블트하] 26.07_블트깡출시_ASC_전환_image,[26.07]F_I_BT깡_전환_블트깡출시_바이럴형_KR1_.배너_연예인권위.맛잘알남돌.검증__김소희_260715_제과_김수정,37,1,979.0,0
2026-07-17,(마스터ASC)[제과_콘스프맛 팝콘] 26.05_콘스프맛팝콘출시_ASC_전환_video,(마스터ASC)[콘스프맛 팝콘] 26.05_콘스프맛팝콘출시_ASC_전환_video,[26.07]F_V_PC콘_전환_팝콘할인페스타_네고형_지인네고형.다이어트_main.릴스_메인.슬기.X_1P_김소희_260703_제과_문형민,7,0,198.0,0
2026-07-17,[제과_단백질 쉐이크] 26.06_단백질쉐이크출시_수동_전환_image,올영최저가비교_0714,[26.07]F_I_SK혼_전환_단백질쉐이크출시_혜택강조형_올영최저가비교_.배너_안사고버티길잘했다.네고형.확장__이유빈_260714_제과_문다현,194,10,4535.0,1
2026-07-17,[제과_블트하] 26.07_블트깡출시_수동_전환_image_전체타겟,원산지권위_블트깡출시 (KR2),[26.07]F_I_BT깡_전환_블트깡출시_바이럴형_KR2_.배너_원산지페포.좋아하는데원산지가.검증__김소희_260715_제과_김수정,2,0,21.0,0
2026-07-17,(마스터ASC)[제과_블트하] 26.07_블트깡출시_ASC_전환_image,(마스터ASC)[제과_블트하] 26.07_블트깡출시_ASC_전환_image,[26.07]F_I_BT깡_전환_블트깡출시_바이럴형_KR1_.배너_연예인권위.맛잘알남돌.검증__김소희_260715_제과_김수정,11,0,349.0,0
2026-07-18,(마스터ASC)[제과_콘스프맛 팝콘] 26.05_콘스프맛팝콘출시_ASC_전환_video,(마스터ASC)[콘스프맛 팝콘] 26.05_콘스프맛팝콘출시_ASC_전환_video,[26.07]F_V_PC콘_전환_팝콘할인페스타_네고형_지인네고형.다이어트_main.릴스_메인.슬기.X_1P_김소희_260703_제과_문형민,32,1,646.0,1
2026-07-18,[제과_단백질 쉐이크] 26.06_단백질쉐이크출시_수동_전환_image,올영최저가비교_0714,[26.07]F_I_SK혼_전환_단백질쉐이크출시_혜택강조형_올영최저가비교_.배너_안사고버티길잘했다.네고형.확장__이유빈_260714_제과_문다현,395,21,7301.0,1
2026-07-19,(마스터ASC)[제과_콘스프맛 팝콘] 26.05_콘스프맛팝콘출시_ASC_전환_video,(마스터ASC)[콘스프맛 팝콘] 26.05_콘스프맛팝콘출시_ASC_전환_video,[26.07]F_V_PC콘_전환_팝콘할인페스타_네고형_지인네고형.다이어트_main.릴스_메인.슬기.X_1P_김소희_260703_제과_문형민,4,0,15.0,0
2026-07-21,(마스터ASC)[제과_콘스프맛 팝콘] 26.05_콘스프맛팝콘출시_ASC_전환_video,(마스터ASC)[콘스프맛 팝콘] 26.05_콘스프맛팝콘출시_ASC_전환_video,[26.07]F_V_PC콘_전환_팝콘할인페스타_네고형_지인네고형.다이어트_main.릴스_메인.슬기.X_1P_김소희_260703_제과_문형민,282,6,5915.0,0
2026-07-21,[제과_단백질 쉐이크] 26.06_단백질쉐이크출시_수동_전환_image,올영최저가비교_0714,[26.07]F_I_SK혼_전환_단백질쉐이크출시_혜택강조형_올영최저가비교_.배너_안사고버티길잘했다.네고형.확장__이유빈_260714_제과_문다현,58,1,639.0,0
2026-07-21,(마스터ASC)[제과_블트하] 26.07_블트깡출시_ASC_전환_image,(마스터ASC)[제과_블트하] 26.07_블트깡출시_ASC_전환_image,[26.07]F_I_BT깡_전환_블트깡출시_바이럴형_KR1_.배너_연예인권위.맛잘알남돌.검증__김소희_260715_제과_김수정,6,0,226.0,0
2026-07-21,(마스터ASC)[제과_블트하] 26.07_블트깡출시_ASC_전환_video,(마스터ASC)[제과_블트하] 26.07_블트깡출시_ASC_전환_video,[26.07]F_V_BT깡_전환_블트깡출시_인물리뷰형_맥주BP.KR1_var1.릴스_페르소나.슬기.X_1P_최나영_260721_제과_피재은,313,6,7170.0,4
2026-07-22,(마스터ASC)[제과_콘스프맛 팝콘] 26.05_콘스프맛팝콘출시_ASC_전환_video,(마스터ASC)[콘스프맛 팝콘] 26.05_콘스프맛팝콘출시_ASC_전환_video,[26.07]F_V_PC콘_전환_팝콘할인페스타_네고형_지인네고형.다이어트_main.릴스_메인.슬기.X_1P_김소희_260703_제과_문형민,64,4,1742.0,1
2026-07-22,(마스터ASC)[제과_블트하] 26.07_블트깡출시_ASC_전환_image,(마스터ASC)[제과_블트하] 26.07_블트깡출시_ASC_전환_image,[26.07]F_I_BT깡_전환_블트깡출시_바이럴형_KR1_.배너_연예인권위.맛잘알남돌.검증__김소희_260715_제과_김수정,10,0,727.0,0
2026-07-22,(마스터ASC)[제과_블트하] 26.07_블트깡출시_ASC_전환_video,(마스터ASC)[제과_블트하] 26.07_블트깡출시_ASC_전환_video,[26.07]F_V_BT깡_전환_블트깡출시_인물리뷰형_맥주BP.KR1_var1.릴스_페르소나.슬기.X_1P_최나영_260721_제과_피재은,23,0,446.0,0
2026-07-23,(마스터ASC)[제과_콘스프맛 팝콘] 26.05_콘스프맛팝콘출시_ASC_전환_video,(마스터ASC)[콘스프맛 팝콘] 26.05_콘스프맛팝콘출시_ASC_전환_video,[26.07]F_V_PC콘_전환_팝콘할인페스타_네고형_지인네고형.다이어트_main.릴스_메인.슬기.X_1P_김소희_260703_제과_문형민,94,7,2208.0,2
2026-07-23,(마스터ASC)[제과_블트하] 26.07_블트깡출시_ASC_전환_image,(마스터ASC)[제과_블트하] 26.07_블트깡출시_ASC_전환_image,[26.07]F_I_BT깡_전환_블트깡출시_바이럴형_KR1_.배너_연예인권위.맛잘알남돌.검증__김소희_260715_제과_김수정,21,0,282.0,0
2026-07-23,(마스터ASC)[제과_블트하] 26.07_블트깡출시_ASC_전환_video,(마스터ASC)[제과_블트하] 26.07_블트깡출시_ASC_전환_video,[26.07]F_V_BT깡_전환_블트깡출시_인물리뷰형_맥주BP.KR1_var1.릴스_페르소나.슬기.X_1P_최나영_260721_제과_피재은,64,2,1766.0,1
2026-07-24,(마스터ASC)[제과_콘스프맛 팝콘] 26.05_콘스프맛팝콘출시_ASC_전환_video,(마스터ASC)[콘스프맛 팝콘] 26.05_콘스프맛팝콘출시_ASC_전환_video,[26.07]F_V_PC콘_전환_팝콘할인페스타_네고형_지인네고형.다이어트_main.릴스_메인.슬기.X_1P_김소희_260703_제과_문형민,139,6,2818.0,2
2026-07-25,(마스터ASC)[제과_콘스프맛 팝콘] 26.05_콘스프맛팝콘출시_ASC_전환_video,(마스터ASC)[콘스프맛 팝콘] 26.05_콘스프맛팝콘출시_ASC_전환_video,[26.07]F_V_PC콘_전환_팝콘할인페스타_네고형_지인네고형.다이어트_main.릴스_메인.슬기.X_1P_김소희_260703_제과_문형민,65,3,1422.0,1
2026-07-25,(마스터ASC)[제과_블트하] 26.07_블트깡출시_ASC_전환_image,(마스터ASC)[제과_블트하] 26.07_블트깡출시_ASC_전환_image,[26.07]F_I_BT깡_전환_블트깡출시_바이럴형_KR1_.배너_연예인권위.맛잘알남돌.검증__김소희_260715_제과_김수정,10,0,123.0,0
2026-07-25,(마스터ASC)[제과_블트하] 26.07_블트깡출시_ASC_전환_video,(마스터ASC)[제과_블트하] 26.07_블트깡출시_ASC_전환_video,[26.07]F_V_BT깡_전환_블트깡출시_인물리뷰형_맥주BP.KR1_var1.릴스_페르소나.슬기.X_1P_최나영_260721_제과_피재은,4,0,80.0,0
2026-07-26,(마스터ASC)[제과_콘스프맛 팝콘] 26.05_콘스프맛팝콘출시_ASC_전환_video,(마스터ASC)[콘스프맛 팝콘] 26.05_콘스프맛팝콘출시_ASC_전환_video,[26.07]F_V_PC콘_전환_팝콘할인페스타_네고형_지인네고형.다이어트_main.릴스_메인.슬기.X_1P_김소희_260703_제과_문형민,39,0,968.0,0
2026-07-26,(마스터ASC)[제과_블트하] 26.07_블트깡출시_ASC_전환_video,(마스터ASC)[제과_블트하] 26.07_블트깡출시_ASC_전환_video,[26.07]F_V_BT깡_전환_블트깡출시_인물리뷰형_맥주BP.KR1_var1.릴스_페르소나.슬기.X_1P_최나영_260721_제과_피재은,22,1,434.0,0
2026-07-27,(마스터ASC)[제과_콘스프맛 팝콘] 26.05_콘스프맛팝콘출시_ASC_전환_video,(마스터ASC)[콘스프맛 팝콘] 26.05_콘스프맛팝콘출시_ASC_전환_video,[26.07]F_V_PC콘_전환_팝콘할인페스타_네고형_지인네고형.다이어트_main.릴스_메인.슬기.X_1P_김소희_260703_제과_문형민,45,1,1429.0,0
2026-07-28,(마스터ASC)[제과_콘스프맛 팝콘] 26.05_콘스프맛팝콘출시_ASC_전환_video,(마스터ASC)[콘스프맛 팝콘] 26.05_콘스프맛팝콘출시_ASC_전환_video,[26.07]F_V_PC콘_전환_팝콘할인페스타_네고형_지인네고형.다이어트_main.릴스_메인.슬기.X_1P_김소희_260703_제과_문형민,13,0,233.0,0
2026-07-01,[콘스프맛 팝콘] 26.05_콘스프맛팝콘출시_ASC_전환_image (old),[콘스프맛 팝콘] 26.05_콘스프맛팝콘출시_ASC_전환_image (old),[26.06]F_I_PC혼_전환_팝콘더블특가_매거진형_다이어트_.배너_오늘까지에요.요요.입터짐방지템.단계적할인.확장__김소희_260701_제과_문다현,252,9,6118.0,1
2026-07-02,[콘스프맛 팝콘] 26.05_콘스프맛팝콘출시_ASC_전환_image (old),[콘스프맛 팝콘] 26.05_콘스프맛팝콘출시_ASC_전환_image (old),[26.06]F_I_PC혼_전환_팝콘더블특가_혜택강조형_다이어트_.배너_네고.최대51%할인.__김소희_260626_제과_김수정,70,0,848.0,0
2026-07-02,[콘스프맛 팝콘] 26.05_콘스프맛팝콘출시_ASC_전환_image (old),[콘스프맛 팝콘] 26.05_콘스프맛팝콘출시_ASC_전환_image (old),[26.06]F_I_PC혼_전환_팝콘더블특가_매거진형_다이어트_.배너_오늘까지에요.요요.입터짐방지템.단계적할인.확장__김소희_260701_제과_문다현,522,23,11157.0,4
2026-07-07,[제과_콘스프맛 팝콘] 26.05_콘스프맛팝콘출시_수동_전환_image,긴급성강조_할인페스타 (~7/8),[26.07]F_I_PC혼_전환_팝콘할인페스타_혜택강조형_다이어트_.배너_팝콘선착순추가할인.마감임박.요요.상품컷4개.확장__김소희_260706_제과_문다현,1340,32,27338.0,4
2026-07-08,(마스터ASC)[제과_콘스프맛 팝콘] 26.07_콘스프맛팝콘출시_ASC_전환_image (NEW),(마스터ASC)[콘스프맛 팝콘] 26.07_콘스프맛팝콘출시_ASC_전환_image (NEW),[26.07]F_I_PC혼_전환_팝콘할인페스타_혜택강조형_다이어트_.배너_통곡의사과문.영화관팝콘보다자극.sns야식템.샤라웃.확장__김소희_260707_제과_문다현,476,8,12247.0,0
2026-07-09,(마스터ASC)[제과_콘스프맛 팝콘] 26.07_콘스프맛팝콘출시_ASC_전환_image (NEW),(마스터ASC)[콘스프맛 팝콘] 26.07_콘스프맛팝콘출시_ASC_전환_image (NEW),[26.07]F_I_PC혼_전환_팝콘할인페스타_혜택강조형_다이어트_.배너_통곡의사과문.영화관팝콘보다자극.sns야식템.샤라웃.확장__김소희_260707_제과_문다현,106,4,2570.0,1
2026-07-09,(마스터2) [제과_단백질 쉐이크] 26.07_단백질쉐이크출시_ASC_전환_image,(마스터2) [제과_단백질 쉐이크] 26.07_단백질쉐이크출시_ASC_전환_image,[26.07]F_I_SK혼_전환_단백질쉐이크출시_매거진형_파우치.개당가강조_.배너_가격페인포인트.대용량하나살돈으로.코코볼폭탄.검증__이유빈_260709_제과_문다현,148,6,2443.0,0
2026-07-10,(마스터2) [제과_단백질 쉐이크] 26.07_단백질쉐이크출시_ASC_전환_image,(마스터2) [제과_단백질 쉐이크] 26.07_단백질쉐이크출시_ASC_전환_image,[26.07]F_I_SK혼_전환_단백질쉐이크출시_매거진형_파우치.개당가강조_.배너_가격페인포인트.대용량하나살돈으로.코코볼폭탄.검증__이유빈_260709_제과_문다현,814,34,17004.0,0
2026-07-10,[제과_단백질 쉐이크] 26.06_단백질쉐이크출시_ASC_전환_video,[제과_단백질 쉐이크] 26.06_단백질쉐이크출시_ASC_전환_video,[26.07]F_V_SK혼_전환_단백질쉐이크출시_신규BP_고객검증형.파우치.개당가강조_var1.릴스_통단쉐가격비교.X_2P_이유빈_260710_제과_이미진,8,1,131.0,0
2026-07-11,[제과_단백질 쉐이크] 26.06_단백질쉐이크출시_ASC_전환_video,[제과_단백질 쉐이크] 26.06_단백질쉐이크출시_ASC_전환_video,[26.07]F_V_SK혼_전환_단백질쉐이크출시_신규BP_고객검증형.파우치.개당가강조_var1.릴스_통단쉐가격비교.X_2P_이유빈_260710_제과_이미진,25,0,213.0,0
2026-07-12,[제과_단백질 쉐이크] 26.06_단백질쉐이크출시_ASC_전환_video,[제과_단백질 쉐이크] 26.06_단백질쉐이크출시_ASC_전환_video,[26.07]F_V_SK혼_전환_단백질쉐이크출시_신규BP_고객검증형.파우치.개당가강조_var1.릴스_통단쉐가격비교.X_2P_이유빈_260710_제과_이미진,161,4,2845.0,0
2026-07-13,[제과_단백질 쉐이크] 26.06_단백질쉐이크출시_ASC_전환_video,[제과_단백질 쉐이크] 26.06_단백질쉐이크출시_ASC_전환_video,[26.07]F_V_SK혼_전환_단백질쉐이크출시_신규BP_고객검증형.파우치.개당가강조_var1.릴스_통단쉐가격비교.X_2P_이유빈_260710_제과_이미진,149,5,2386.0,0
2026-07-14,[제과_단백질 쉐이크] 26.06_단백질쉐이크출시_ASC_전환_video,[제과_단백질 쉐이크] 26.06_단백질쉐이크출시_ASC_전환_video,[26.07]F_V_SK혼_전환_단백질쉐이크출시_신규BP_고객검증형.파우치.개당가강조_var1.릴스_통단쉐가격비교.X_2P_이유빈_260710_제과_이미진,722,14,10572.0,0
2026-07-15,[제과_블트하] 26.07_블트깡출시_수동_전환_video_전체타겟,브릭색드&맥주BP_블트깡출시 (KR1),[26.07]F_V_BT깡_전환_블트깡출시_신규BP_브릭샌드BP.KR1_var2.릴스_연예인추천템.X_2P_김소희_260715_제과_윤성미,772,20,14949.0,2
2026-07-16,(마스터ASC)[제과_블트하] 26.07_블트깡출시_ASC_전환_video,(마스터ASC)[제과_블트하] 26.07_블트깡출시_ASC_전환_video,[26.07]F_V_BT깡_전환_블트깡출시_쩜오건_원재료강조.KR2_var1.릴스_떨어지는ver.X_1P_김소희_260715_제과_문형민,84,3,801.0,0
2026-07-17,(마스터ASC)[제과_블트하] 26.07_블트깡출시_ASC_전환_video,(마스터ASC)[제과_블트하] 26.07_블트깡출시_ASC_전환_video,[26.07]F_V_BT깡_전환_블트깡출시_쩜오건_원재료강조.KR2_var1.릴스_떨어지는ver.X_1P_김소희_260715_제과_문형민,974,18,11521.0,0
2026-07-17,(마스터ASC)[제과_블트하] 26.07_블트깡출시_ASC_전환_image,(마스터ASC)[제과_블트하] 26.07_블트깡출시_ASC_전환_image,[26.07]F_I_BT깡_전환_블트깡출시_바이럴형_KR1_.배너_3040소비상황.스레드에서난리난.검증__김소희_260716_제과_김수정,116,5,3240.0,0
2026-07-18,(마스터ASC)[제과_블트하] 26.07_블트깡출시_ASC_전환_video,(마스터ASC)[제과_블트하] 26.07_블트깡출시_ASC_전환_video,[26.07]F_V_BT깡_전환_블트깡출시_쩜오건_원재료강조.KR2_var1.릴스_떨어지는ver.X_1P_김소희_260715_제과_문형민,57,1,929.0,0
2026-07-18,(마스터ASC)[제과_블트하] 26.07_블트깡출시_ASC_전환_image,(마스터ASC)[제과_블트하] 26.07_블트깡출시_ASC_전환_image,[26.07]F_I_BT깡_전환_블트깡출시_바이럴형_KR1_.배너_3040소비상황.스레드에서난리난.검증__김소희_260716_제과_김수정,5,0,47.0,0
2026-07-19,(마스터ASC)[제과_블트하] 26.07_블트깡출시_ASC_전환_video,(마스터ASC)[제과_블트하] 26.07_블트깡출시_ASC_전환_video,[26.07]F_V_BT깡_전환_블트깡출시_쩜오건_원재료강조.KR2_var1.릴스_떨어지는ver.X_1P_김소희_260715_제과_문형민,8,0,133.0,0
2026-07-20,(마스터ASC)[제과_블트하] 26.07_블트깡출시_ASC_전환_video,(마스터ASC)[제과_블트하] 26.07_블트깡출시_ASC_전환_video,[26.07]F_V_BT깡_전환_블트깡출시_쩜오건_원재료강조.KR2_var1.릴스_떨어지는ver.X_1P_김소희_260715_제과_문형민,205,4,5577.0,0
2026-07-23,(마스터ASC)[제과_블트하] 26.07_블트깡출시_ASC_전환_image,(마스터ASC)[제과_블트하] 26.07_블트깡출시_ASC_전환_image,[26.07]F_I_BT깡_전환_블트깡출시_바이럴형_KR1_.배너_3040소비상황.스레드에서난리난.검증__김소희_260716_제과_김수정,11,0,158.0,0
2026-07-24,[제과_블트하] 26.07_블트깡출시_수동_전환_image_전체타겟,(칩) 맘카페&혜택강조형_블트칩출시 (0723),[26.07]F_I_BT칩_전환_블트칩출시_혜택강조형_KR1_.배너_비싼트러플에50년전통.확장__김소희_260723_제과_박서연,139,2,2675.0,0
2026-07-24,[제과_블트하] 26.07_블트깡출시_수동_전환_image_전체타겟,(시리즈) 맘카페&혜택강조형_블트칩출시 (KR1) (0723),[26.07]F_I_BT혼_전환_블트칩출시_혜택강조형_KR1_.배너_편의점안내문.재입고미정.확장__김소희_260723_제과_김수정,284,9,5945.0,0
2026-07-24,[제과_블트하] 26.07_블트깡출시_수동_전환_image_전체타겟,(칩) 상황연출_배너카피형_블트칩출시 (릴스형) (KR2),[26.07]F_I_BT칩_전환_블트칩출시_혜택강조형_KR2_.릴스_상황연출.배너형.육퇴.확장__김소희_260724_제과_김수정,377,13,9869.0,0
2026-07-25,[제과_블트하] 26.07_블트깡출시_수동_전환_image_전체타겟,(칩) 맘카페&혜택강조형_블트칩출시 (0723),[26.07]F_I_BT칩_전환_블트칩출시_혜택강조형_KR1_.배너_비싼트러플에50년전통.확장__김소희_260723_제과_박서연,12,0,204.0,0
2026-07-25,[제과_블트하] 26.07_블트깡출시_수동_전환_image_전체타겟,(시리즈) 맘카페&혜택강조형_블트칩출시 (KR1) (0723),[26.07]F_I_BT혼_전환_블트칩출시_혜택강조형_KR1_.배너_편의점안내문.재입고미정.확장__김소희_260723_제과_김수정,551,17,13413.0,1
2026-07-25,[제과_블트하] 26.07_블트깡출시_수동_전환_image_전체타겟,(칩) 상황연출_배너카피형_블트칩출시 (릴스형) (KR2),[26.07]F_I_BT칩_전환_블트칩출시_혜택강조형_KR2_.릴스_상황연출.배너형.육퇴.확장__김소희_260724_제과_김수정,316,11,11176.0,0
2026-07-26,[제과_블트하] 26.07_블트깡출시_수동_전환_image_전체타겟,(시리즈) 맘카페&혜택강조형_블트칩출시 (KR1) (0723),[26.07]F_I_BT혼_전환_블트칩출시_혜택강조형_KR1_.배너_편의점안내문.재입고미정.확장__김소희_260723_제과_김수정,3576,105,107551.0,7
2026-07-27,[제과_블트하] 26.07_블트깡출시_수동_전환_image_전체타겟,(시리즈) 맘카페&혜택강조형_블트칩출시 (KR1) (0723),[26.07]F_I_BT혼_전환_블트칩출시_혜택강조형_KR1_.배너_편의점안내문.재입고미정.확장__김소희_260723_제과_김수정,763,18,22745.0,2
2026-07-28,[제과_블트하] 26.07_블트깡출시_수동_전환_image_전체타겟,(시리즈) 맘카페&혜택강조형_블트칩출시 (KR1) (0723),[26.07]F_I_BT혼_전환_블트칩출시_혜택강조형_KR1_.배너_편의점안내문.재입고미정.확장__김소희_260723_제과_김수정,983,23,26110.0,3
2026-07-28,[제과_블트하] 26.07_블트깡출시_수동_전환_image_전체타겟,남편인정소비_블트깡출시 (KR1) (0728),[26.07]F_I_BT깡_전환_블트칩출시_혜택강조형_KR1_.피드_우리가족잘산템.__김소희_260728_제과_김수정,3,0,131.0,0
2026-07-08,[제과_단백질 쉐이크] 26.06_단백질쉐이크출시_ASC_전환_video,[제과_단백질 쉐이크] 26.06_단백질쉐이크출시_ASC_전환_video,[26.07]F_V_SK혼_전환_단백질쉐이크출시_신규BP_고객검증형_main.릴스_직접문의.혜택변경.(재)_2P_이유빈_260707_제과_윤성미,5389,152,87140.0,6
2026-07-08,[제과_단백질 쉐이크] 26.06_단백질쉐이크출시_수동_전환_image,파우치개당가강조_0706,[26.07]F_I_SK초_전환_단백질쉐이크출시_혜택강조형_파우치.개당가강조_.배너_특정시점.대형할인급.네고왕급역대최저가.확장__이유빈_260707_제과_김수정,6,1,108.0,0
2026-07-08,[제과_단백질 쉐이크] 26.06_단백질쉐이크출시_수동_전환_image,브랜드강조_0629,[26.06]F_I_SK초_전환_단백질쉐이크출시_혜택강조형_개당가메리트_.배너_브랜드강조.생초코맛.__이유빈_260629_제과_박지현,287,4,6439.0,1
2026-07-09,[제과_단백질 쉐이크] 26.06_단백질쉐이크출시_ASC_전환_video,[제과_단백질 쉐이크] 26.06_단백질쉐이크출시_ASC_전환_video,[26.07]F_V_SK혼_전환_단백질쉐이크출시_신규BP_고객검증형_main.릴스_직접문의.혜택변경.(재)_2P_이유빈_260707_제과_윤성미,7925,209,106814.0,19
2026-07-09,[제과_단백질 쉐이크] 26.06_단백질쉐이크출시_수동_전환_image,파우치개당가강조_0706,[26.07]F_I_SK초_전환_단백질쉐이크출시_혜택강조형_파우치.개당가강조_.배너_특정시점.대형할인급.네고왕급역대최저가.확장__이유빈_260707_제과_김수정,188,1,3879.0,0
2026-07-09,[제과_단백질 쉐이크] 26.06_단백질쉐이크출시_수동_전환_image,브랜드강조_0629,[26.06]F_I_SK초_전환_단백질쉐이크출시_혜택강조형_개당가메리트_.배너_브랜드강조.생초코맛.__이유빈_260629_제과_박지현,203,5,4770.0,0
2026-07-10,[제과_단백질 쉐이크] 26.06_단백질쉐이크출시_ASC_전환_video,[제과_단백질 쉐이크] 26.06_단백질쉐이크출시_ASC_전환_video,[26.07]F_V_SK혼_전환_단백질쉐이크출시_신규BP_고객검증형_main.릴스_직접문의.혜택변경.(재)_2P_이유빈_260707_제과_윤성미,3260,89,41011.0,5
2026-07-10,[제과_단백질 쉐이크] 26.06_단백질쉐이크출시_수동_전환_image,파우치개당가강조_0706,[26.07]F_I_SK초_전환_단백질쉐이크출시_혜택강조형_파우치.개당가강조_.배너_특정시점.대형할인급.네고왕급역대최저가.확장__이유빈_260707_제과_김수정,10,0,122.0,0
2026-07-11,[제과_단백질 쉐이크] 26.06_단백질쉐이크출시_ASC_전환_video,[제과_단백질 쉐이크] 26.06_단백질쉐이크출시_ASC_전환_video,[26.07]F_V_SK혼_전환_단백질쉐이크출시_신규BP_고객검증형_main.릴스_직접문의.혜택변경.(재)_2P_이유빈_260707_제과_윤성미,3978,91,48065.0,3
2026-07-11,[제과_단백질 쉐이크] 26.06_단백질쉐이크출시_수동_전환_image,파우치개당가강조_0706,[26.07]F_I_SK초_전환_단백질쉐이크출시_혜택강조형_파우치.개당가강조_.배너_특정시점.대형할인급.네고왕급역대최저가.확장__이유빈_260707_제과_김수정,1,0,19.0,0
2026-07-11,(마스터2) [제과_단백질 쉐이크] 26.07_단백질쉐이크출시_ASC_전환_image,(마스터2) [제과_단백질 쉐이크] 26.07_단백질쉐이크출시_ASC_전환_image,[26.07]F_I_SK혼_전환_단백질쉐이크출시_혜택강조형_파우치.개당가강조_.배너_지금쟁여두세요.개당1천원대.팝콘.확장__이유빈_260710_제과_문다현,345,9,10242.0,1
2026-07-13,(마스터2) [제과_단백질 쉐이크] 26.07_단백질쉐이크출시_ASC_전환_image,(마스터2) [제과_단백질 쉐이크] 26.07_단백질쉐이크출시_ASC_전환_image,[26.07]F_I_SK혼_전환_단백질쉐이크출시_혜택강조형_개당최저가비교_.배너_대용량보다싼토핑폭탄.개당1천원대할인중.확장__이유빈_260713_제과_문다현,114,4,3048.0,0
2026-07-14,(마스터2) [제과_단백질 쉐이크] 26.07_단백질쉐이크출시_ASC_전환_image,(마스터2) [제과_단백질 쉐이크] 26.07_단백질쉐이크출시_ASC_전환_image,[26.07]F_I_SK혼_전환_단백질쉐이크출시_혜택강조형_개당최저가비교_.배너_대용량보다싼토핑폭탄.개당1천원대할인중.확장__이유빈_260713_제과_문다현,1097,22,25363.0,2
2026-07-15,[제과_단백질 쉐이크] 26.06_단백질쉐이크출시_ASC_전환_video,[제과_단백질 쉐이크] 26.06_단백질쉐이크출시_ASC_전환_video,[26.07]F_V_SK혼_전환_단백질쉐이크출시_신규BP_고객검증형_main.릴스_직접문의.혜택변경.(재)_2P_이유빈_260707_제과_윤성미,612,16,7330.0,4
2026-07-16,[제과_단백질 쉐이크] 26.06_단백질쉐이크출시_ASC_전환_video,[제과_단백질 쉐이크] 26.06_단백질쉐이크출시_ASC_전환_video,[26.07]F_V_SK혼_전환_단백질쉐이크출시_신규BP_고객검증형_main.릴스_직접문의.혜택변경.(재)_2P_이유빈_260707_제과_윤성미,1945,43,24581.0,3
2026-07-17,[제과_단백질 쉐이크] 26.06_단백질쉐이크출시_ASC_전환_video,[제과_단백질 쉐이크] 26.06_단백질쉐이크출시_ASC_전환_video,[26.07]F_V_SK혼_전환_단백질쉐이크출시_신규BP_고객검증형_main.릴스_직접문의.혜택변경.(재)_2P_이유빈_260707_제과_윤성미,1062,39,13655.0,3
2026-07-18,[제과_단백질 쉐이크] 26.06_단백질쉐이크출시_ASC_전환_video,[제과_단백질 쉐이크] 26.06_단백질쉐이크출시_ASC_전환_video,[26.07]F_V_SK혼_전환_단백질쉐이크출시_신규BP_고객검증형_main.릴스_직접문의.혜택변경.(재)_2P_이유빈_260707_제과_윤성미,286,6,2976.0,0
2026-07-19,[제과_단백질 쉐이크] 26.06_단백질쉐이크출시_ASC_전환_video,[제과_단백질 쉐이크] 26.06_단백질쉐이크출시_ASC_전환_video,[26.07]F_V_SK혼_전환_단백질쉐이크출시_신규BP_고객검증형_main.릴스_직접문의.혜택변경.(재)_2P_이유빈_260707_제과_윤성미,5349,230,59550.0,7
2026-07-20,[제과_단백질 쉐이크] 26.06_단백질쉐이크출시_ASC_전환_video,[제과_단백질 쉐이크] 26.06_단백질쉐이크출시_ASC_전환_video,[26.07]F_V_SK혼_전환_단백질쉐이크출시_신규BP_고객검증형_main.릴스_직접문의.혜택변경.(재)_2P_이유빈_260707_제과_윤성미,1097,39,11676.0,0
2026-07-21,[제과_단백질 쉐이크] 26.06_단백질쉐이크출시_ASC_전환_video,[제과_단백질 쉐이크] 26.06_단백질쉐이크출시_ASC_전환_video,[26.07]F_V_SK혼_전환_단백질쉐이크출시_신규BP_고객검증형_main.릴스_직접문의.혜택변경.(재)_2P_이유빈_260707_제과_윤성미,3576,125,44891.0,6
2026-07-22,[칩] (마스터ASC)[제과_블트하] 26.07_블트칩출시_ASC_전환_image,[칩] (마스터ASC)[제과_블트하] 26.07_블트칩출시_ASC_전환_image,[26.07]F_I_BT칩_전환_블트칩출시_바이럴형_KR1_.배너_맘카페페르소나.지면테스트.육퇴후간식.검증__김소희_260722_제과_김수정,10,3,239.0,0
2026-07-23,[칩] (마스터ASC)[제과_블트하] 26.07_블트칩출시_ASC_전환_image,[칩] (마스터ASC)[제과_블트하] 26.07_블트칩출시_ASC_전환_image,[26.07]F_I_BT칩_전환_블트칩출시_바이럴형_KR1_.배너_맘카페페르소나.지면테스트.육퇴후간식.검증__김소희_260722_제과_김수정,29,0,684.0,0
2026-07-23,[칩] (마스터ASC)[제과_블트하] 26.07_블트칩출시_ASC_전환_video,[칩] (마스터ASC)[제과_블트하] 26.07_블트칩출시_ASC_전환_video,[26.07]F_V_BT칩_전환_블트칩출시_쩜오건_3040페르소나강조.풀매수_var1.릴스_육아.X_1P_김소희_260723_제과_강경연,36,1,542.0,0
2026-07-23,[칩] (마스터ASC)[제과_블트하] 26.07_블트칩출시_ASC_전환_image,[칩] (마스터ASC)[제과_블트하] 26.07_블트칩출시_ASC_전환_image,[26.07]F_I_BT칩_전환_블트칩출시_혜택강조형_KR1_.배너_입맛까다로운엄마들사이에서.사분할형.확장__김소희_260723_제과_박서연,20,0,206.0,0
2026-07-24,[칩] (마스터ASC)[제과_블트하] 26.07_블트칩출시_ASC_전환_video,[칩] (마스터ASC)[제과_블트하] 26.07_블트칩출시_ASC_전환_video,[26.07]F_V_BT칩_전환_블트칩출시_쩜오건_3040페르소나강조.풀매수_var1.릴스_육아.X_1P_김소희_260723_제과_강경연,770,23,14336.0,3
2026-07-24,[칩] (마스터ASC)[제과_블트하] 26.07_블트칩출시_ASC_전환_image,[칩] (마스터ASC)[제과_블트하] 26.07_블트칩출시_ASC_전환_image,[26.07]F_I_BT칩_전환_블트칩출시_혜택강조형_KR1_.배너_입맛까다로운엄마들사이에서.사분할형.확장__김소희_260723_제과_박서연,34,2,813.0,0
2026-07-24,[칩] (마스터ASC)[제과_블트하] 26.07_블트칩출시_ASC_전환_video,[칩] (마스터ASC)[제과_블트하] 26.07_블트칩출시_ASC_전환_video,[26.07]F_V_BT칩_전환_블트칩출시_쩜오건_3040페르소나강조.리셀.KR1_var1.릴스_중국산비교.X_1P_김소희_260724_제과_강경연,799,19,14171.0,1
2026-07-25,[칩] (마스터ASC)[제과_블트하] 26.07_블트칩출시_ASC_전환_video,[칩] (마스터ASC)[제과_블트하] 26.07_블트칩출시_ASC_전환_video,[26.07]F_V_BT칩_전환_블트칩출시_쩜오건_3040페르소나강조.풀매수_var1.릴스_육아.X_1P_김소희_260723_제과_강경연,659,29,14304.0,2
2026-07-25,[칩] (마스터ASC)[제과_블트하] 26.07_블트칩출시_ASC_전환_image,[칩] (마스터ASC)[제과_블트하] 26.07_블트칩출시_ASC_전환_image,[26.07]F_I_BT칩_전환_블트칩출시_혜택강조형_KR1_.배너_입맛까다로운엄마들사이에서.사분할형.확장__김소희_260723_제과_박서연,7,0,79.0,0
2026-07-25,[칩] (마스터ASC)[제과_블트하] 26.07_블트칩출시_ASC_전환_video,[칩] (마스터ASC)[제과_블트하] 26.07_블트칩출시_ASC_전환_video,[26.07]F_V_BT칩_전환_블트칩출시_쩜오건_3040페르소나강조.리셀.KR1_var1.릴스_중국산비교.X_1P_김소희_260724_제과_강경연,424,12,8680.0,3
2026-07-26,[칩] (마스터ASC)[제과_블트하] 26.07_블트칩출시_ASC_전환_video,[칩] (마스터ASC)[제과_블트하] 26.07_블트칩출시_ASC_전환_video,[26.07]F_V_BT칩_전환_블트칩출시_쩜오건_3040페르소나강조.풀매수_var1.릴스_육아.X_1P_김소희_260723_제과_강경연,3122,69,70619.0,3
2026-07-27,[칩] (마스터ASC)[제과_블트하] 26.07_블트칩출시_ASC_전환_video,[칩] (마스터ASC)[제과_블트하] 26.07_블트칩출시_ASC_전환_video,[26.07]F_V_BT칩_전환_블트칩출시_쩜오건_3040페르소나강조.풀매수_var1.릴스_육아.X_1P_김소희_260723_제과_강경연,11944,263,208350.0,27
2026-07-27,[칩] (마스터ASC)[제과_블트하] 26.07_블트칩출시_ASC_전환_video,[칩] (마스터ASC)[제과_블트하] 26.07_블트칩출시_ASC_전환_video,[26.07]F_V_BT칩_전환_블트칩출시_쩜오건_3040페르소나강조.리셀.KR1_var1.릴스_중국산비교.X_1P_김소희_260724_제과_강경연,204,5,4648.0,1
2026-07-27,[제과_블트하] 26.07_블트깡출시_수동_전환_image_전체타겟,[혼합] 주변인 상황연출_블트칩출시 (KR2) (0727),[26.07]F_I_BT칩_전환_블트칩출시_혜택강조형_KR2_.피드_주변인.얼집맘모임.확장__김소희_260727_제과_박서연,10,0,330.0,0
2026-07-28,[칩] (마스터ASC)[제과_블트하] 26.07_블트칩출시_ASC_전환_video,[칩] (마스터ASC)[제과_블트하] 26.07_블트칩출시_ASC_전환_video,[26.07]F_V_BT칩_전환_블트칩출시_쩜오건_3040페르소나강조.풀매수_var1.릴스_육아.X_1P_김소희_260723_제과_강경연,7092,160,137641.0,16
2026-07-28,[칩] (마스터ASC)[제과_블트하] 26.07_블트칩출시_ASC_전환_video,[칩] (마스터ASC)[제과_블트하] 26.07_블트칩출시_ASC_전환_video,[26.07]F_V_BT칩_전환_블트칩출시_쩜오건_3040페르소나강조.리셀.KR1_var1.릴스_중국산비교.X_1P_김소희_260724_제과_강경연,220,5,4802.0,0
2026-07-28,[제과_블트하] 26.07_블트깡출시_수동_전환_image_전체타겟,[혼합] 주변인 상황연출_블트칩출시 (KR2) (0727),[26.07]F_I_BT칩_전환_블트칩출시_혜택강조형_KR2_.피드_주변인.얼집맘모임.확장__김소희_260727_제과_박서연,161,2,4181.0,1
2026-07-01,[제과_콘스프맛 팝콘] 26.05_콘스프맛팝콘출시_수동_전환_image,입터짐방지_팝콘더블특가 (~7/1) (재세팅),[26.06]F_I_PC혼_전환_팝콘더블특가_혜택강조형_다이어트_.배너_입터짐방지템.입터져서.__김소희_260629_제과_김수정,46,1,1025.0,0
2026-07-01,(미사용) [제과_단백질 쉐이크] 26.06_단백질쉐이크출시_ASC_전환_image,[제과_단백질 쉐이크] 26.06_단백질쉐이크출시_ASC_전환_image,[26.06]F_I_SK초_전환_단백질쉐이크출시_제품강조형_원재료강조_.배너_초코볼코코볼와르르.마지막입까지바삭.가격비교X.__이유빈_260701_제과_문다현,97,1,1509.0,0
2026-07-02,[제과_콘스프맛 팝콘] 26.05_콘스프맛팝콘출시_수동_전환_image,입터짐방지_팝콘더블특가 (~7/1) (재세팅),[26.06]F_I_PC혼_전환_팝콘더블특가_혜택강조형_다이어트_.배너_입터짐방지템.입터져서.__김소희_260629_제과_김수정,3,0,190.0,0
2026-07-02,(미사용) [제과_단백질 쉐이크] 26.06_단백질쉐이크출시_ASC_전환_image,[제과_단백질 쉐이크] 26.06_단백질쉐이크출시_ASC_전환_image,[26.06]F_I_SK초_전환_단백질쉐이크출시_제품강조형_원재료강조_.배너_초코볼코코볼와르르.마지막입까지바삭.가격비교X.__이유빈_260701_제과_문다현,5,0,76.0,0
2026-07-02,[제과_콘스프맛 팝콘] 26.05_콘스프맛팝콘출시_수동_전환_image,오늘까지만_앵콜더블특가 (~7/1),[26.06]F_I_PC혼_전환_팝콘더블특가_매거진형_다이어트_.배너_이할인오늘끝.요요.입터짐방지템.확장__김소희_260701_제과_문다현,258,6,4447.0,0
2026-07-04,(미사용) [제과_단백질 쉐이크] 26.06_단백질쉐이크출시_ASC_전환_image,[제과_단백질 쉐이크] 26.06_단백질쉐이크출시_ASC_전환_image,[26.06]F_I_SK초_전환_단백질쉐이크출시_제품강조형_원재료강조_.배너_초코볼코코볼와르르.마지막입까지바삭.가격비교X.__이유빈_260701_제과_문다현,13,0,413.0,0
2026-07-06,(미사용) [제과_단백질 쉐이크] 26.06_단백질쉐이크출시_ASC_전환_image,[제과_단백질 쉐이크] 26.06_단백질쉐이크출시_ASC_전환_image,[26.06]F_I_SK초_전환_단백질쉐이크출시_제품강조형_원재료강조_.배너_초코볼코코볼와르르.마지막입까지바삭.가격비교X.__이유빈_260701_제과_문다현,94,2,1777.0,0
2026-07-07,(미사용) [제과_단백질 쉐이크] 26.06_단백질쉐이크출시_ASC_전환_image,[제과_단백질 쉐이크] 26.06_단백질쉐이크출시_ASC_전환_image,[26.06]F_I_SK초_전환_단백질쉐이크출시_제품강조형_원재료강조_.배너_초코볼코코볼와르르.마지막입까지바삭.가격비교X.__이유빈_260701_제과_문다현,7,0,173.0,0
2026-07-10,[제과_콘스프맛 팝콘] 26.05_콘스프맛팝콘출시_수동_전환_image,속세맛간식공감_콘스프맛팝콘_상시,[26.07]F_I_PC혼_전환_콘스프맛팝콘출시_혜택강조형__.배너_곧최저가마감.45프로할인.확장__김소희_260710_제과_김수정,89,3,2245.0,0
2026-07-11,[제과_콘스프맛 팝콘] 26.05_콘스프맛팝콘출시_수동_전환_image,속세맛간식공감_콘스프맛팝콘_상시,[26.07]F_I_PC혼_전환_콘스프맛팝콘출시_혜택강조형__.배너_곧최저가마감.45프로할인.확장__김소희_260710_제과_김수정,130,8,4139.0,0
2026-07-12,[제과_콘스프맛 팝콘] 26.05_콘스프맛팝콘출시_수동_전환_image,속세맛간식공감_콘스프맛팝콘_상시,[26.07]F_I_PC혼_전환_콘스프맛팝콘출시_혜택강조형__.배너_곧최저가마감.45프로할인.확장__김소희_260710_제과_김수정,247,11,6895.0,2
2026-07-13,[제과_콘스프맛 팝콘] 26.05_콘스프맛팝콘출시_수동_전환_image,속세맛간식공감_콘스프맛팝콘_상시,[26.07]F_I_PC혼_전환_콘스프맛팝콘출시_혜택강조형__.배너_곧최저가마감.45프로할인.확장__김소희_260710_제과_김수정,37,1,1078.0,0
2026-07-14,[제과_콘스프맛 팝콘] 26.05_콘스프맛팝콘출시_수동_전환_image,속세맛간식공감_콘스프맛팝콘_상시,[26.07]F_I_PC혼_전환_콘스프맛팝콘출시_혜택강조형__.배너_곧최저가마감.45프로할인.확장__김소희_260710_제과_김수정,28,1,822.0,0
2026-07-15,[제과_콘스프맛 팝콘] 26.05_콘스프맛팝콘출시_수동_전환_image,속세맛간식공감_콘스프맛팝콘_상시,[26.07]F_I_PC혼_전환_콘스프맛팝콘출시_혜택강조형__.배너_곧최저가마감.45프로할인.확장__김소희_260710_제과_김수정,1,0,7.0,0
2026-07-17,[제과_콘스프맛 팝콘] 26.05_콘스프맛팝콘출시_수동_전환_image,속세맛간식공감_콘스프맛팝콘_상시,[26.07]F_I_PC혼_전환_콘스프맛팝콘출시_혜택강조형__.배너_곧최저가마감.45프로할인.확장__김소희_260710_제과_김수정,29,0,545.0,0
2026-07-18,[제과_콘스프맛 팝콘] 26.05_콘스프맛팝콘출시_수동_전환_image,속세맛간식공감_콘스프맛팝콘_상시,[26.07]F_I_PC혼_전환_콘스프맛팝콘출시_혜택강조형__.배너_곧최저가마감.45프로할인.확장__김소희_260710_제과_김수정,57,3,973.0,0
2026-07-19,[제과_콘스프맛 팝콘] 26.05_콘스프맛팝콘출시_수동_전환_image,속세맛간식공감_콘스프맛팝콘_상시,[26.07]F_I_PC혼_전환_콘스프맛팝콘출시_혜택강조형__.배너_곧최저가마감.45프로할인.확장__김소희_260710_제과_김수정,242,7,4011.0,1
2026-07-20,[제과_콘스프맛 팝콘] 26.05_콘스프맛팝콘출시_수동_전환_image,속세맛간식공감_콘스프맛팝콘_상시,[26.07]F_I_PC혼_전환_콘스프맛팝콘출시_혜택강조형__.배너_곧최저가마감.45프로할인.확장__김소희_260710_제과_김수정,683,21,10859.0,0
2026-07-07,(마스터ASC)[제과_콘스프맛 팝콘] 26.07_콘스프맛팝콘출시_ASC_전환_image (NEW),(마스터ASC)[콘스프맛 팝콘] 26.07_콘스프맛팝콘출시_ASC_전환_image (NEW),[26.07]F_I_PC혼_전환_팝콘할인페스타_혜택강조형_다이어트_.배너_밤만되면터져대는입.300명마감임박.실시간급감중.확장__김소희_260707_제과_문다현,81,1,1437.0,0
2026-07-08,(마스터ASC)[제과_콘스프맛 팝콘] 26.07_콘스프맛팝콘출시_ASC_전환_image (NEW),(마스터ASC)[콘스프맛 팝콘] 26.07_콘스프맛팝콘출시_ASC_전환_image (NEW),[26.07]F_I_PC혼_전환_팝콘할인페스타_혜택강조형_다이어트_.배너_밤만되면터져대는입.300명마감임박.실시간급감중.확장__김소희_260707_제과_문다현,830,16,16122.0,4
2026-07-09,(마스터ASC)[제과_콘스프맛 팝콘] 26.07_콘스프맛팝콘출시_ASC_전환_image (NEW),(마스터ASC)[콘스프맛 팝콘] 26.07_콘스프맛팝콘출시_ASC_전환_image (NEW),[26.07]F_I_PC혼_전환_팝콘할인페스타_혜택강조형_다이어트_.배너_밤만되면터져대는입.300명마감임박.실시간급감중.확장__김소희_260707_제과_문다현,1091,19,20657.0,3
2026-07-14,[제과_단백질 쉐이크] 26.06_단백질쉐이크출시_ASC_전환_video,[제과_단백질 쉐이크] 26.06_단백질쉐이크출시_ASC_전환_video,[26.07]F_V_SK혼_전환_단백질쉐이크출시_ai형_ai캐릭터.파우치.개당가강조_var2.릴스_먹방대용량비교.X_2P_이유빈_260713_제과_이미진,554,11,7212.0,0
2026-07-14,(마스터ASC)[제과_콘스프맛 팝콘] 26.07_콘스프맛팝콘출시_ASC_전환_image (NEW),(마스터ASC)[콘스프맛 팝콘] 26.07_콘스프맛팝콘출시_ASC_전환_image (NEW),[26.07]F_I_PC혼_전환_콘스프맛팝콘출시_혜택강조형__.배너_쌀때쟁이세요.확장__김소희_260713_제과_박서연,901,21,21047.0,4
2026-07-15,(마스터ASC)[제과_콘스프맛 팝콘] 26.07_콘스프맛팝콘출시_ASC_전환_image (NEW),(마스터ASC)[콘스프맛 팝콘] 26.07_콘스프맛팝콘출시_ASC_전환_image (NEW),[26.07]F_I_PC혼_전환_콘스프맛팝콘출시_혜택강조형__.배너_쌀때쟁이세요.확장__김소희_260713_제과_박서연,1833,25,25837.0,5
2026-07-15,(마스터2) [제과_단백질 쉐이크] 26.07_단백질쉐이크출시_ASC_전환_image,(마스터2) [제과_단백질 쉐이크] 26.07_단백질쉐이크출시_ASC_전환_image,[26.07]F_I_SK혼_전환_단백질쉐이크출시_혜택강조형_올영최저가비교_.배너_초록그라데이션.기다리는분들.여기가더싸요.네고형.확장__이유빈_260714_제과_문다현,50,2,1916.0,0
2026-07-15,[제과_블트하] 26.07_블트깡출시_수동_전환_video_전체타겟,BP이식형_블트깡출시 (KR1),[26.07]F_V_BT깡_전환_블트깡출시_쩜오건_내돈내산리뷰.KR1_main.릴스_조용히출시.X_1P_김소희_260715_제과_문형민,5,0,64.0,0
2026-07-15,[제과_블트하] 26.07_블트깡출시_수동_전환_image_전체타겟,원산지권위추가건_블트깡출시 (KR2),[26.07]F_I_BT깡_전환_블트깡출시_혜택강조형_KR2_.배너_원산지권위.에르메스급.검증__김소희_260715_제과_김수정,90,3,1388.0,0
2026-07-16,(마스터2) [제과_단백질 쉐이크] 26.07_단백질쉐이크출시_ASC_전환_image,(마스터2) [제과_단백질 쉐이크] 26.07_단백질쉐이크출시_ASC_전환_image,[26.07]F_I_SK혼_전환_단백질쉐이크출시_혜택강조형_올영최저가비교_.배너_초록그라데이션.기다리는분들.여기가더싸요.네고형.확장__이유빈_260714_제과_문다현,657,3,14744.0,0
2026-07-16,[제과_블트하] 26.07_블트깡출시_수동_전환_video_전체타겟,BP이식형_블트깡출시 (KR1),[26.07]F_V_BT깡_전환_블트깡출시_쩜오건_내돈내산리뷰.KR1_main.릴스_조용히출시.X_1P_김소희_260715_제과_문형민,64,1,846.0,0
2026-07-16,(마스터ASC)[제과_블트하] 26.07_블트깡출시_ASC_전환_image,(마스터ASC)[제과_블트하] 26.07_블트깡출시_ASC_전환_image,[26.07]F_I_BT깡_전환_블트깡출시_바이럴형_KR1_.배너_유행.혼술홈파티.검증__김소희_260715_제과_김수정,241,4,4773.0,0
2026-07-16,[제과_블트하] 26.07_블트깡출시_수동_전환_image_전체타겟,원산지권위추가건_블트깡출시 (KR2),[26.07]F_I_BT깡_전환_블트깡출시_혜택강조형_KR2_.배너_원산지권위.에르메스급.검증__김소희_260715_제과_김수정,789,22,17735.0,8
2026-07-17,[제과_블트하] 26.07_블트깡출시_수동_전환_video_전체타겟,BP이식형_블트깡출시 (KR1),[26.07]F_V_BT깡_전환_블트깡출시_쩜오건_내돈내산리뷰.KR1_main.릴스_조용히출시.X_1P_김소희_260715_제과_문형민,16,0,370.0,0
2026-07-17,(마스터ASC)[제과_블트하] 26.07_블트깡출시_ASC_전환_image,(마스터ASC)[제과_블트하] 26.07_블트깡출시_ASC_전환_image,[26.07]F_I_BT깡_전환_블트깡출시_바이럴형_KR1_.배너_유행.혼술홈파티.검증__김소희_260715_제과_김수정,75,2,1894.0,0
2026-07-17,[제과_블트하] 26.07_블트깡출시_수동_전환_image_전체타겟,원산지권위추가건_블트깡출시 (KR2),[26.07]F_I_BT깡_전환_블트깡출시_혜택강조형_KR2_.배너_원산지권위.에르메스급.검증__김소희_260715_제과_김수정,937,25,18336.0,2
2026-07-18,[제과_블트하] 26.07_블트깡출시_수동_전환_video_전체타겟,BP이식형_블트깡출시 (KR1),[26.07]F_V_BT깡_전환_블트깡출시_쩜오건_내돈내산리뷰.KR1_main.릴스_조용히출시.X_1P_김소희_260715_제과_문형민,4,0,29.0,0
2026-07-18,(마스터ASC)[제과_블트하] 26.07_블트깡출시_ASC_전환_image,(마스터ASC)[제과_블트하] 26.07_블트깡출시_ASC_전환_image,[26.07]F_I_BT깡_전환_블트깡출시_바이럴형_KR1_.배너_유행.혼술홈파티.검증__김소희_260715_제과_김수정,77,2,1717.0,0
2026-07-18,[제과_블트하] 26.07_블트깡출시_수동_전환_image_전체타겟,원산지권위추가건_블트깡출시 (KR2),[26.07]F_I_BT깡_전환_블트깡출시_혜택강조형_KR2_.배너_원산지권위.에르메스급.검증__김소희_260715_제과_김수정,137,5,2258.0,3
2026-07-19,[제과_블트하] 26.07_블트깡출시_수동_전환_video_전체타겟,BP이식형_블트깡출시 (KR1),[26.07]F_V_BT깡_전환_블트깡출시_쩜오건_내돈내산리뷰.KR1_main.릴스_조용히출시.X_1P_김소희_260715_제과_문형민,254,5,5108.0,0
2026-07-19,(마스터ASC)[제과_블트하] 26.07_블트깡출시_ASC_전환_image,(마스터ASC)[제과_블트하] 26.07_블트깡출시_ASC_전환_image,[26.07]F_I_BT깡_전환_블트깡출시_바이럴형_KR1_.배너_유행.혼술홈파티.검증__김소희_260715_제과_김수정,14,0,425.0,0
2026-07-19,[제과_블트하] 26.07_블트깡출시_수동_전환_image_전체타겟,원산지권위추가건_블트깡출시 (KR2),[26.07]F_I_BT깡_전환_블트깡출시_혜택강조형_KR2_.배너_원산지권위.에르메스급.검증__김소희_260715_제과_김수정,63,1,1581.0,0
2026-07-20,[제과_블트하] 26.07_블트깡출시_수동_전환_video_전체타겟,BP이식형_블트깡출시 (KR1),[26.07]F_V_BT깡_전환_블트깡출시_쩜오건_내돈내산리뷰.KR1_main.릴스_조용히출시.X_1P_김소희_260715_제과_문형민,104,4,1733.0,2
2026-07-20,(마스터ASC)[제과_블트하] 26.07_블트깡출시_ASC_전환_image,(마스터ASC)[제과_블트하] 26.07_블트깡출시_ASC_전환_image,[26.07]F_I_BT깡_전환_블트깡출시_바이럴형_KR1_.배너_유행.혼술홈파티.검증__김소희_260715_제과_김수정,9,1,80.0,1
2026-07-20,[제과_블트하] 26.07_블트깡출시_수동_전환_image_전체타겟,원산지권위추가건_블트깡출시 (KR2),[26.07]F_I_BT깡_전환_블트깡출시_혜택강조형_KR2_.배너_원산지권위.에르메스급.검증__김소희_260715_제과_김수정,89,2,1787.0,0
2026-07-21,[제과_블트하] 26.07_블트깡출시_수동_전환_video_전체타겟,BP이식형_블트깡출시 (KR1),[26.07]F_V_BT깡_전환_블트깡출시_쩜오건_내돈내산리뷰.KR1_main.릴스_조용히출시.X_1P_김소희_260715_제과_문형민,17,0,259.0,0
2026-07-21,[제과_블트하] 26.07_블트깡출시_수동_전환_image_전체타겟,원산지권위추가건_블트깡출시 (KR2),[26.07]F_I_BT깡_전환_블트깡출시_혜택강조형_KR2_.배너_원산지권위.에르메스급.검증__김소희_260715_제과_김수정,6,0,75.0,1
2026-07-22,[제과_블트하] 26.07_블트깡출시_수동_전환_video_전체타겟,BP이식형_블트깡출시 (KR1),[26.07]F_V_BT깡_전환_블트깡출시_쩜오건_내돈내산리뷰.KR1_main.릴스_조용히출시.X_1P_김소희_260715_제과_문형민,65,0,1074.0,0
2026-07-22,[칩] (마스터ASC)[제과_블트하] 26.07_블트칩출시_ASC_전환_image,[칩] (마스터ASC)[제과_블트하] 26.07_블트칩출시_ASC_전환_image,[26.07]F_I_BT칩_전환_블트칩출시_매거진형_KR1_.배너_아무거나안먹는맘카페엄마들이.핑크텍스트.확장__김소희_260722_제과_박서연,37,3,720.0,0
2026-07-23,[제과_블트하] 26.07_블트깡출시_수동_전환_video_전체타겟,BP이식형_블트깡출시 (KR1),[26.07]F_V_BT깡_전환_블트깡출시_쩜오건_내돈내산리뷰.KR1_main.릴스_조용히출시.X_1P_김소희_260715_제과_문형민,53,4,960.0,0
2026-07-23,[칩] (마스터ASC)[제과_블트하] 26.07_블트칩출시_ASC_전환_image,[칩] (마스터ASC)[제과_블트하] 26.07_블트칩출시_ASC_전환_image,[26.07]F_I_BT칩_전환_블트칩출시_매거진형_KR1_.배너_아무거나안먹는맘카페엄마들이.핑크텍스트.확장__김소희_260722_제과_박서연,107,2,1805.0,0
2026-07-24,[칩] (마스터ASC)[제과_블트하] 26.07_블트칩출시_ASC_전환_image,[칩] (마스터ASC)[제과_블트하] 26.07_블트칩출시_ASC_전환_image,[26.07]F_I_BT칩_전환_블트칩출시_매거진형_KR1_.배너_아무거나안먹는맘카페엄마들이.핑크텍스트.확장__김소희_260722_제과_박서연,19,2,451.0,1
2026-07-25,[칩] (마스터ASC)[제과_블트하] 26.07_블트칩출시_ASC_전환_image,[칩] (마스터ASC)[제과_블트하] 26.07_블트칩출시_ASC_전환_image,[26.07]F_I_BT칩_전환_블트칩출시_매거진형_KR1_.배너_아무거나안먹는맘카페엄마들이.핑크텍스트.확장__김소희_260722_제과_박서연,2,0,17.0,0
2026-07-01,[제과_단백질 쉐이크] 26.06_단백질쉐이크출시_ASC_전환_video,[제과_단백질 쉐이크] 26.06_단백질쉐이크출시_ASC_전환_video,[26.06]F_V_SK혼_전환_단백질쉐이크출시_맛인지형_먹스타_var2.릴스_곡물맛강조.X_2P_이유빈_260624_제과_이미진,14,0,314.0,0
2026-07-01,[제과_단백질 쉐이크] 26.06_단백질쉐이크출시_수동_전환_video,고객검증형_0624,[26.06]F_V_SK혼_전환_단백질쉐이크출시_신규BP_고객검증형_var1.릴스_브랜드권위.X_2P_이유빈_260624_제과_윤성미,4163,65,46462.0,2
2026-07-01,[제과_단백질 쉐이크] 26.06_단백질쉐이크출시_수동_전환_video,안다르BP_0626,[26.06]F_V_SK곡_전환_단백질쉐이크출시_신규BP_안다르.건강자극_var2.릴스_MZ미숫가루.X_2P_이유빈_260626_제과_이봄1,14614,421,388664.0,42
2026-07-02,[제과_콘스프맛 팝콘] 26.05_콘스프맛팝콘출시_수동_전환_video,공구네고형_팝콘할인페스타 (~7/8),[26.07]F_V_PC콘_전환_팝콘할인페스타_네고형_공구네고형.다이어트_var4.릴스_속세맛.슬기.X_1P_김소희_260702_제과_강경연,433,9,7139.0,2
2026-07-02,[제과_콘스프맛 팝콘] 26.05_콘스프맛팝콘출시_수동_전환_video,공구네고형_팝콘할인페스타 (~7/8),[26.07]F_V_PC콘_전환_팝콘할인페스타_네고형_공구네고형.다이어트_var5.릴스_BP그대로.슬기.X_1P_김소희_260702_제과_강경연,440,5,8095.0,0
2026-07-03,[제과_단백질 쉐이크] 26.06_단백질쉐이크출시_ASC_전환_video,[제과_단백질 쉐이크] 26.06_단백질쉐이크출시_ASC_전환_video,[26.06]F_V_SK혼_전환_단백질쉐이크출시_맛인지형_먹스타_var2.릴스_곡물맛강조.X_2P_이유빈_260624_제과_이미진,66,0,1377.0,0
2026-07-03,[제과_단백질 쉐이크] 26.06_단백질쉐이크출시_수동_전환_video,안다르BP_0626,[26.06]F_V_SK곡_전환_단백질쉐이크출시_신규BP_안다르.건강자극_var2.릴스_MZ미숫가루.X_2P_이유빈_260626_제과_이봄1,353,12,9351.0,2
2026-07-03,[제과_콘스프맛 팝콘] 26.05_콘스프맛팝콘출시_수동_전환_video,공구네고형_팝콘할인페스타 (~7/8),[26.07]F_V_PC콘_전환_팝콘할인페스타_네고형_공구네고형.다이어트_var4.릴스_속세맛.슬기.X_1P_김소희_260702_제과_강경연,533,10,9563.0,1
2026-07-04,[제과_단백질 쉐이크] 26.06_단백질쉐이크출시_수동_전환_video,안다르BP_0626,[26.06]F_V_SK곡_전환_단백질쉐이크출시_신규BP_안다르.건강자극_var2.릴스_MZ미숫가루.X_2P_이유빈_260626_제과_이봄1,1948,72,51741.0,8
2026-07-04,[제과_콘스프맛 팝콘] 26.05_콘스프맛팝콘출시_수동_전환_video,공구네고형_팝콘할인페스타 (~7/8),[26.07]F_V_PC콘_전환_팝콘할인페스타_네고형_공구네고형.다이어트_var4.릴스_속세맛.슬기.X_1P_김소희_260702_제과_강경연,2202,19,35184.0,2
2026-07-04,[제과_단백질 쉐이크] 26.06_단백질쉐이크출시_ASC_전환_video,[제과_단백질 쉐이크] 26.06_단백질쉐이크출시_ASC_전환_video,[26.07]F_V_SK혼_전환_단백질쉐이크출시_네고형_역네고형_var3.릴스_신상강조.X_2P_이유빈_260703_제과_이미진,395,27,6499.0,1
2026-07-04,[제과_단백질 쉐이크] 26.06_단백질쉐이크출시_ASC_전환_video,[제과_단백질 쉐이크] 26.06_단백질쉐이크출시_ASC_전환_video,[26.07]F_V_SK혼_전환_단백질쉐이크출시_네고형_지인네고형_var1.릴스_취식.X_2P_이유빈_260703_제과_이봄1,148,7,3058.0,0
2026-07-05,[제과_단백질 쉐이크] 26.06_단백질쉐이크출시_ASC_전환_video,[제과_단백질 쉐이크] 26.06_단백질쉐이크출시_ASC_전환_video,[26.06]F_V_SK혼_전환_단백질쉐이크출시_맛인지형_먹스타_var2.릴스_곡물맛강조.X_2P_이유빈_260624_제과_이미진,1,0,10.0,0
2026-07-05,[제과_단백질 쉐이크] 26.06_단백질쉐이크출시_수동_전환_video,안다르BP_0626,[26.06]F_V_SK곡_전환_단백질쉐이크출시_신규BP_안다르.건강자극_var2.릴스_MZ미숫가루.X_2P_이유빈_260626_제과_이봄1,3837,126,100495.0,13
2026-07-05,[제과_콘스프맛 팝콘] 26.05_콘스프맛팝콘출시_수동_전환_video,공구네고형_팝콘할인페스타 (~7/8),[26.07]F_V_PC콘_전환_팝콘할인페스타_네고형_공구네고형.다이어트_var4.릴스_속세맛.슬기.X_1P_김소희_260702_제과_강경연,2343,27,34556.0,4
2026-07-05,[제과_단백질 쉐이크] 26.06_단백질쉐이크출시_ASC_전환_video,[제과_단백질 쉐이크] 26.06_단백질쉐이크출시_ASC_전환_video,[26.07]F_V_SK혼_전환_단백질쉐이크출시_네고형_역네고형_var3.릴스_신상강조.X_2P_이유빈_260703_제과_이미진,610,34,10595.0,1
2026-07-05,[제과_단백질 쉐이크] 26.06_단백질쉐이크출시_ASC_전환_video,[제과_단백질 쉐이크] 26.06_단백질쉐이크출시_ASC_전환_video,[26.07]F_V_SK혼_전환_단백질쉐이크출시_네고형_지인네고형_var1.릴스_취식.X_2P_이유빈_260703_제과_이봄1,23,0,338.0,0
2026-07-06,[제과_단백질 쉐이크] 26.06_단백질쉐이크출시_ASC_전환_video,[제과_단백질 쉐이크] 26.06_단백질쉐이크출시_ASC_전환_video,[26.07]F_V_SK혼_전환_단백질쉐이크출시_네고형_지인네고형_var1.릴스_취식.X_2P_이유빈_260703_제과_이봄1,1,0,2.0,0
2026-07-07,[제과_단백질 쉐이크] 26.06_단백질쉐이크출시_수동_전환_video,안다르BP_0626,[26.06]F_V_SK곡_전환_단백질쉐이크출시_신규BP_안다르.건강자극_var2.릴스_MZ미숫가루.X_2P_이유빈_260626_제과_이봄1,684,26,16772.0,0
2026-07-07,(마스터2) [제과_단백질 쉐이크] 26.07_단백질쉐이크출시_ASC_전환_image,(마스터2) [제과_단백질 쉐이크] 26.07_단백질쉐이크출시_ASC_전환_image,[26.07]F_I_SK혼_전환_단백질쉐이크출시_혜택강조형_파우치.개당가강조_.배너_대용량페포.메세지테스트.가격강조.통단쉐.확장__이유빈_260707_제과_김수정,64,0,733.0,0
2026-07-08,[제과_단백질 쉐이크] 26.06_단백질쉐이크출시_ASC_전환_video,[제과_단백질 쉐이크] 26.06_단백질쉐이크출시_ASC_전환_video,[26.06]F_V_SK혼_전환_단백질쉐이크출시_맛인지형_먹스타_var2.릴스_곡물맛강조.X_2P_이유빈_260624_제과_이미진,2,0,32.0,0
2026-07-08,[제과_단백질 쉐이크] 26.06_단백질쉐이크출시_수동_전환_video,안다르BP_0626,[26.06]F_V_SK곡_전환_단백질쉐이크출시_신규BP_안다르.건강자극_var2.릴스_MZ미숫가루.X_2P_이유빈_260626_제과_이봄1,2418,87,54683.0,5
2026-07-08,[제과_콘스프맛 팝콘] 26.05_콘스프맛팝콘출시_수동_전환_image,가격한정&공지문_할인페스타(~7/8),[26.07]F_I_PC혼_전환_팝콘할인페스타_혜택강조형_다이어트_.배너_긴급공지.올립니다.물량감당.마감전.남은수량까지만.확장__김소희_260707_제과_문다현,27,2,1286.0,0
2026-07-08,[제과_콘스프맛 팝콘] 26.05_콘스프맛팝콘출시_수동_전환_image,가격한정&공지문_할인페스타(~7/8),[26.07]F_I_PC혼_전환_팝콘할인페스타_혜택강조형_다이어트_.배너_통곡의사과문.영화관팝콘보다자극.sns야식템.샤라웃.확장__김소희_260707_제과_문다현,25,0,880.0,0
2026-07-08,(마스터2) [제과_단백질 쉐이크] 26.07_단백질쉐이크출시_ASC_전환_image,(마스터2) [제과_단백질 쉐이크] 26.07_단백질쉐이크출시_ASC_전환_image,[26.07]F_I_SK혼_전환_단백질쉐이크출시_혜택강조형_파우치.개당가강조_.배너_대용량페포.메세지테스트.가격강조.통단쉐.확장__이유빈_260707_제과_김수정,14,1,208.0,0
2026-07-09,[제과_콘스프맛 팝콘] 26.05_콘스프맛팝콘출시_수동_전환_image,가격한정&공지문_할인페스타(~7/8),[26.07]F_I_PC혼_전환_팝콘할인페스타_혜택강조형_다이어트_.배너_긴급공지.올립니다.물량감당.마감전.남은수량까지만.확장__김소희_260707_제과_문다현,48,1,1858.0,0
2026-07-09,[제과_콘스프맛 팝콘] 26.05_콘스프맛팝콘출시_수동_전환_image,가격한정&공지문_할인페스타(~7/8),[26.07]F_I_PC혼_전환_팝콘할인페스타_혜택강조형_다이어트_.배너_통곡의사과문.영화관팝콘보다자극.sns야식템.샤라웃.확장__김소희_260707_제과_문다현,18,1,481.0,0
2026-07-09,(마스터2) [제과_단백질 쉐이크] 26.07_단백질쉐이크출시_ASC_전환_image,(마스터2) [제과_단백질 쉐이크] 26.07_단백질쉐이크출시_ASC_전환_image,[26.07]F_I_SK혼_전환_단백질쉐이크출시_혜택강조형_파우치.개당가강조_.배너_대용량페포.메세지테스트.가격강조.통단쉐.확장__이유빈_260707_제과_김수정,6,1,120.0,0
2026-07-09,(마스터2) [제과_단백질 쉐이크] 26.07_단백질쉐이크출시_ASC_전환_image,(마스터2) [제과_단백질 쉐이크] 26.07_단백질쉐이크출시_ASC_전환_image,[26.07]F_I_SK혼_전환_단백질쉐이크출시_혜택강조형_라라권위_.배너_코코볼양봐라.팝콘증정.확장__이유빈_260709_제과_문다현,21,0,518.0,0
2026-07-10,(마스터2) [제과_단백질 쉐이크] 26.07_단백질쉐이크출시_ASC_전환_image,(마스터2) [제과_단백질 쉐이크] 26.07_단백질쉐이크출시_ASC_전환_image,[26.07]F_I_SK혼_전환_단백질쉐이크출시_혜택강조형_파우치.개당가강조_.배너_대용량페포.메세지테스트.가격강조.통단쉐.확장__이유빈_260707_제과_김수정,42,1,888.0,0
2026-07-10,(마스터2) [제과_단백질 쉐이크] 26.07_단백질쉐이크출시_ASC_전환_image,(마스터2) [제과_단백질 쉐이크] 26.07_단백질쉐이크출시_ASC_전환_image,[26.07]F_I_SK혼_전환_단백질쉐이크출시_혜택강조형_라라권위_.배너_코코볼양봐라.팝콘증정.확장__이유빈_260709_제과_문다현,98,3,3159.0,1
2026-07-10,[제과_단백질 쉐이크] 26.06_단백질쉐이크출시_ASC_전환_video,[제과_단백질 쉐이크] 26.06_단백질쉐이크출시_ASC_전환_video,[26.07]F_V_SK혼_전환_단백질쉐이크출시_신규BP_고객검증형.파우치.개당가강조_var3.릴스_비싼단쉐천원.X_2P_이유빈_260710_제과_이미진,148,1,2052.0,0
2026-07-11,(마스터2) [제과_단백질 쉐이크] 26.07_단백질쉐이크출시_ASC_전환_image,(마스터2) [제과_단백질 쉐이크] 26.07_단백질쉐이크출시_ASC_전환_image,[26.07]F_I_SK혼_전환_단백질쉐이크출시_혜택강조형_라라권위_.배너_코코볼양봐라.팝콘증정.확장__이유빈_260709_제과_문다현,31,2,1142.0,0
2026-07-11,[제과_단백질 쉐이크] 26.06_단백질쉐이크출시_ASC_전환_video,[제과_단백질 쉐이크] 26.06_단백질쉐이크출시_ASC_전환_video,[26.07]F_V_SK혼_전환_단백질쉐이크출시_신규BP_고객검증형.파우치.개당가강조_var3.릴스_비싼단쉐천원.X_2P_이유빈_260710_제과_이미진,27,2,448.0,0
2026-07-12,(마스터2) [제과_단백질 쉐이크] 26.07_단백질쉐이크출시_ASC_전환_image,(마스터2) [제과_단백질 쉐이크] 26.07_단백질쉐이크출시_ASC_전환_image,[26.07]F_I_SK혼_전환_단백질쉐이크출시_혜택강조형_파우치.개당가강조_.배너_대용량페포.메세지테스트.가격강조.통단쉐.확장__이유빈_260707_제과_김수정,1,0,7.0,0
2026-07-12,(마스터2) [제과_단백질 쉐이크] 26.07_단백질쉐이크출시_ASC_전환_image,(마스터2) [제과_단백질 쉐이크] 26.07_단백질쉐이크출시_ASC_전환_image,[26.07]F_I_SK혼_전환_단백질쉐이크출시_혜택강조형_라라권위_.배너_코코볼양봐라.팝콘증정.확장__이유빈_260709_제과_문다현,37,2,958.0,0
2026-07-12,[제과_단백질 쉐이크] 26.06_단백질쉐이크출시_ASC_전환_video,[제과_단백질 쉐이크] 26.06_단백질쉐이크출시_ASC_전환_video,[26.07]F_V_SK혼_전환_단백질쉐이크출시_신규BP_고객검증형.파우치.개당가강조_var3.릴스_비싼단쉐천원.X_2P_이유빈_260710_제과_이미진,42,2,1004.0,0
2026-07-13,(마스터2) [제과_단백질 쉐이크] 26.07_단백질쉐이크출시_ASC_전환_image,(마스터2) [제과_단백질 쉐이크] 26.07_단백질쉐이크출시_ASC_전환_image,[26.07]F_I_SK혼_전환_단백질쉐이크출시_혜택강조형_파우치.개당가강조_.배너_대용량페포.메세지테스트.가격강조.통단쉐.확장__이유빈_260707_제과_김수정,29,0,440.0,0
2026-07-13,(마스터2) [제과_단백질 쉐이크] 26.07_단백질쉐이크출시_ASC_전환_image,(마스터2) [제과_단백질 쉐이크] 26.07_단백질쉐이크출시_ASC_전환_image,[26.07]F_I_SK혼_전환_단백질쉐이크출시_혜택강조형_라라권위_.배너_코코볼양봐라.팝콘증정.확장__이유빈_260709_제과_문다현,235,5,7420.0,0
2026-07-13,[제과_단백질 쉐이크] 26.06_단백질쉐이크출시_ASC_전환_video,[제과_단백질 쉐이크] 26.06_단백질쉐이크출시_ASC_전환_video,[26.07]F_V_SK혼_전환_단백질쉐이크출시_신규BP_고객검증형.파우치.개당가강조_var3.릴스_비싼단쉐천원.X_2P_이유빈_260710_제과_이미진,4,0,21.0,0
2026-07-14,(마스터2) [제과_단백질 쉐이크] 26.07_단백질쉐이크출시_ASC_전환_image,(마스터2) [제과_단백질 쉐이크] 26.07_단백질쉐이크출시_ASC_전환_image,[26.07]F_I_SK혼_전환_단백질쉐이크출시_혜택강조형_파우치.개당가강조_.배너_대용량페포.메세지테스트.가격강조.통단쉐.확장__이유빈_260707_제과_김수정,12,0,201.0,0
2026-07-14,[제과_단백질 쉐이크] 26.06_단백질쉐이크출시_ASC_전환_video,[제과_단백질 쉐이크] 26.06_단백질쉐이크출시_ASC_전환_video,[26.07]F_V_SK혼_전환_단백질쉐이크출시_신규BP_고객검증형.파우치.개당가강조_var3.릴스_비싼단쉐천원.X_2P_이유빈_260710_제과_이미진,6,0,59.0,0
2026-07-14,(마스터ASC)[제과_콘스프맛 팝콘] 26.07_콘스프맛팝콘출시_ASC_전환_image (NEW),(마스터ASC)[콘스프맛 팝콘] 26.07_콘스프맛팝콘출시_ASC_전환_image (NEW),[26.07]F_I_PC혼_전환_콘스프맛팝콘출시_혜택강조형__.배너_다음날 눈바디 지켜주는.확장__김소희_260713_제과_박서연,133,1,2761.0,3
2026-07-15,(마스터ASC)[제과_콘스프맛 팝콘] 26.07_콘스프맛팝콘출시_ASC_전환_image (NEW),(마스터ASC)[콘스프맛 팝콘] 26.07_콘스프맛팝콘출시_ASC_전환_image (NEW),[26.07]F_I_PC혼_전환_콘스프맛팝콘출시_혜택강조형__.배너_다음날 눈바디 지켜주는.확장__김소희_260713_제과_박서연,317,2,4475.0,1
2026-07-17,(마스터2) [제과_단백질 쉐이크] 26.07_단백질쉐이크출시_ASC_전환_image,(마스터2) [제과_단백질 쉐이크] 26.07_단백질쉐이크출시_ASC_전환_image,[26.07]F_I_SK혼_전환_단백질쉐이크출시_혜택강조형_파우치.개당가강조_.배너_대용량페포.메세지테스트.가격강조.통단쉐.확장__이유빈_260707_제과_김수정,33,0,606.0,0
2026-07-17,[제과_단백질 쉐이크] 26.06_단백질쉐이크출시_ASC_전환_video,[제과_단백질 쉐이크] 26.06_단백질쉐이크출시_ASC_전환_video,[26.07]F_V_SK혼_전환_단백질쉐이크출시_신규BP_고객검증형.파우치.개당가강조_var3.릴스_비싼단쉐천원.X_2P_이유빈_260710_제과_이미진,1,0,12.0,0
2026-07-17,[제과_블트하] 26.07_블트깡출시_수동_전환_image_전체타겟,3040대세감_블트깡출시 (KR1),[26.07]F_I_BT깡_전환_블트깡출시_혜택강조형_KR1_.배너_엄마들단톡방.애들재우고남편이랑1인1봉.확장__김소희_260716_제과_문다현,33,0,469.0,0
2026-07-18,(마스터2) [제과_단백질 쉐이크] 26.07_단백질쉐이크출시_ASC_전환_image,(마스터2) [제과_단백질 쉐이크] 26.07_단백질쉐이크출시_ASC_전환_image,[26.07]F_I_SK혼_전환_단백질쉐이크출시_혜택강조형_파우치.개당가강조_.배너_대용량페포.메세지테스트.가격강조.통단쉐.확장__이유빈_260707_제과_김수정,83,2,1222.0,0
2026-07-18,[제과_블트하] 26.07_블트깡출시_수동_전환_image_전체타겟,3040대세감_블트깡출시 (KR1),[26.07]F_I_BT깡_전환_블트깡출시_혜택강조형_KR1_.배너_엄마들단톡방.애들재우고남편이랑1인1봉.확장__김소희_260716_제과_문다현,9,0,376.0,0
2026-07-19,(마스터2) [제과_단백질 쉐이크] 26.07_단백질쉐이크출시_ASC_전환_image,(마스터2) [제과_단백질 쉐이크] 26.07_단백질쉐이크출시_ASC_전환_image,[26.07]F_I_SK혼_전환_단백질쉐이크출시_혜택강조형_파우치.개당가강조_.배너_대용량페포.메세지테스트.가격강조.통단쉐.확장__이유빈_260707_제과_김수정,246,2,5426.0,0
2026-07-19,[제과_단백질 쉐이크] 26.06_단백질쉐이크출시_ASC_전환_video,[제과_단백질 쉐이크] 26.06_단백질쉐이크출시_ASC_전환_video,[26.07]F_V_SK혼_전환_단백질쉐이크출시_신규BP_고객검증형.파우치.개당가강조_var3.릴스_비싼단쉐천원.X_2P_이유빈_260710_제과_이미진,14,1,282.0,0
2026-07-20,(마스터2) [제과_단백질 쉐이크] 26.07_단백질쉐이크출시_ASC_전환_image,(마스터2) [제과_단백질 쉐이크] 26.07_단백질쉐이크출시_ASC_전환_image,[26.07]F_I_SK혼_전환_단백질쉐이크출시_혜택강조형_파우치.개당가강조_.배너_대용량페포.메세지테스트.가격강조.통단쉐.확장__이유빈_260707_제과_김수정,557,5,8461.0,0
2026-07-20,[제과_단백질 쉐이크] 26.06_단백질쉐이크출시_ASC_전환_video,[제과_단백질 쉐이크] 26.06_단백질쉐이크출시_ASC_전환_video,[26.07]F_V_SK혼_전환_단백질쉐이크출시_신규BP_고객검증형.파우치.개당가강조_var3.릴스_비싼단쉐천원.X_2P_이유빈_260710_제과_이미진,9261,182,144460.0,4
2026-07-20,[제과_블트하] 26.07_블트깡출시_수동_전환_image_전체타겟,3040대세감_블트깡출시 (KR1),[26.07]F_I_BT깡_전환_블트깡출시_혜택강조형_KR1_.배너_엄마들단톡방.애들재우고남편이랑1인1봉.확장__김소희_260716_제과_문다현,2,0,6.0,0
2026-07-21,[제과_블트하] 26.07_블트깡출시_수동_전환_image_전체타겟,3040대세감_블트깡출시 (KR1),[26.07]F_I_BT깡_전환_블트깡출시_혜택강조형_KR1_.배너_엄마들단톡방.애들재우고남편이랑1인1봉.확장__김소희_260716_제과_문다현,3,0,34.0,0
2026-07-22,[제과_콘스프맛 팝콘] 26.05_콘스프맛팝콘출시_수동_전환_video,문제공감형(운동.페인포인트)_0721,[26.07]F_V_PC콘_전환_콘스프맛팝콘출시_문제공감형_문제공감네고형_var2.릴스_혜택.X_2P_이유빈_260721_제과_이봄1,5892,95,84702.0,12
2026-07-24,[제과_콘스프맛 팝콘] 26.05_콘스프맛팝콘출시_수동_전환_video,문제공감형(운동.페인포인트)_0721,[26.07]F_V_PC콘_전환_콘스프맛팝콘출시_문제공감형_문제공감네고형_var2.릴스_혜택.X_2P_이유빈_260721_제과_이봄1,1512,23,31022.0,0
2026-07-01,[제과_단백질 쉐이크] 26.06_단백질쉐이크출시_ASC_전환_video,[제과_단백질 쉐이크] 26.06_단백질쉐이크출시_ASC_전환_video,[26.06]F_V_SK혼_전환_단백질쉐이크출시_신규BP_개당가메리트.재편집_var2.릴스_커피한잔값.X_2P_이유빈_260629_제과_윤성미,6342,140,113102.0,13
2026-07-02,[제과_콘스프맛 팝콘] 26.05_콘스프맛팝콘출시_수동_전환_image,오늘까지만_앵콜더블특가 (~7/1),[26.06]F_I_PC혼_전환_팝콘더블특가_매거진형_다이어트_.배너_오늘자정마감.해시태그.요요.입터짐방지템.확장__김소희_260701_제과_문다현,35,1,1073.0,0
2026-07-02,(미사용) [제과_단백질 쉐이크] 26.06_단백질쉐이크출시_ASC_전환_image,[제과_단백질 쉐이크] 26.06_단백질쉐이크출시_ASC_전환_image,[26.07]F_I_SK초_전환_단백질쉐이크출시_혜택강조형_가격메리트_.배너_코코볼.추억의코코볼.확장__이유빈_260702_제과_김수정,22,0,640.0,0
2026-07-03,(미사용) [제과_단백질 쉐이크] 26.06_단백질쉐이크출시_ASC_전환_image,[제과_단백질 쉐이크] 26.06_단백질쉐이크출시_ASC_전환_image,[26.07]F_I_SK초_전환_단백질쉐이크출시_혜택강조형_가격메리트_.배너_가성비페인포인트.빨리배고픔배부른.확장__이유빈_260702_제과_김수정,12,0,368.0,0
2026-07-03,(미사용) [제과_단백질 쉐이크] 26.06_단백질쉐이크출시_ASC_전환_image,[제과_단백질 쉐이크] 26.06_단백질쉐이크출시_ASC_전환_image,[26.07]F_I_SK초_전환_단백질쉐이크출시_혜택강조형_가격메리트_.배너_코코볼.추억의코코볼.확장__이유빈_260702_제과_김수정,26,0,419.0,0
2026-07-04,(미사용) [제과_단백질 쉐이크] 26.06_단백질쉐이크출시_ASC_전환_image,[제과_단백질 쉐이크] 26.06_단백질쉐이크출시_ASC_전환_image,[26.07]F_I_SK초_전환_단백질쉐이크출시_혜택강조형_가격메리트_.배너_가성비페인포인트.빨리배고픔배부른.확장__이유빈_260702_제과_김수정,18,1,216.0,0
2026-07-04,(미사용) [제과_단백질 쉐이크] 26.06_단백질쉐이크출시_ASC_전환_image,[제과_단백질 쉐이크] 26.06_단백질쉐이크출시_ASC_전환_image,[26.07]F_I_SK초_전환_단백질쉐이크출시_혜택강조형_가격메리트_.배너_코코볼.추억의코코볼.확장__이유빈_260702_제과_김수정,3,0,39.0,0
2026-07-05,[제과_콘스프맛 팝콘] 26.05_콘스프맛팝콘출시_수동_전환_image,선착순강조_팝콘할인페스타 (~7/8) (재세팅),[26.07]F_I_PC혼_전환_팝콘할인페스타_혜택강조형_다이어트_.배너_선착순300명한정.비밀링크.확장__김소희_260703_제과_문다현,56,1,1127.0,0
2026-07-06,[제과_콘스프맛 팝콘] 26.05_콘스프맛팝콘출시_수동_전환_image,선착순강조_팝콘할인페스타 (~7/8) (재세팅),[26.07]F_I_PC혼_전환_팝콘할인페스타_혜택강조형_다이어트_.배너_선착순300명한정.비밀링크.확장__김소희_260703_제과_문다현,52,1,1921.0,0
2026-07-07,(마스터2) [제과_단백질 쉐이크] 26.07_단백질쉐이크출시_ASC_전환_image,(마스터2) [제과_단백질 쉐이크] 26.07_단백질쉐이크출시_ASC_전환_image,[26.07]F_I_SK초_전환_단백질쉐이크출시_혜택강조형_파우치.개당가강조_.배너_불편하지않아도.쿠팡보다싼.검증__이유빈_260706_제과_김수정,3,0,30.0,0
2026-07-08,(미사용) [제과_단백질 쉐이크] 26.06_단백질쉐이크출시_ASC_전환_image,[제과_단백질 쉐이크] 26.06_단백질쉐이크출시_ASC_전환_image,[26.07]F_I_SK초_전환_단백질쉐이크출시_혜택강조형_가격메리트_.배너_코코볼.추억의코코볼.확장__이유빈_260702_제과_김수정,1,0,12.0,0
2026-07-08,(마스터2) [제과_단백질 쉐이크] 26.07_단백질쉐이크출시_ASC_전환_image,(마스터2) [제과_단백질 쉐이크] 26.07_단백질쉐이크출시_ASC_전환_image,[26.07]F_I_SK초_전환_단백질쉐이크출시_혜택강조형_파우치.개당가강조_.배너_불편하지않아도.쿠팡보다싼.검증__이유빈_260706_제과_김수정,4,0,101.0,0
2026-07-08,[제과_단백질 쉐이크] 26.06_단백질쉐이크출시_수동_전환_image,파우치개당가강조_0706,[26.07]F_I_SK초_전환_단백질쉐이크출시_혜택강조형_파우치.개당가강조_.배너_특정시점.네고왕안해도.검증__이유빈_260706_제과_김수정,9,1,327.0,1
2026-07-08,[제과_단백질 쉐이크] 26.06_단백질쉐이크출시_수동_전환_image,브랜드강조_0629,[26.06]F_I_SK곡_전환_단백질쉐이크출시_혜택강조형_개당가메리트_.배너_브랜드강조.원물26.__이유빈_260629_제과_박지현,149,1,3832.0,0
2026-07-08,[제과_단백질 쉐이크] 26.06_단백질쉐이크출시_수동_전환_image,파우치개당가강조_0706,[26.07]F_I_SK혼_전환_단백질쉐이크출시_혜택강조형_파우치.개당가강조_.배너_대용량1개살돈으로무제한.외파우치같이.확장__고민지_260708_제과_김수정,13,0,291.0,0
2026-07-09,[제과_단백질 쉐이크] 26.06_단백질쉐이크출시_수동_전환_image,파우치개당가강조_0706,[26.07]F_I_SK초_전환_단백질쉐이크출시_혜택강조형_파우치.개당가강조_.배너_특정시점.네고왕안해도.검증__이유빈_260706_제과_김수정,114,7,3464.0,0
2026-07-09,[제과_단백질 쉐이크] 26.06_단백질쉐이크출시_수동_전환_image,브랜드강조_0629,[26.06]F_I_SK곡_전환_단백질쉐이크출시_혜택강조형_개당가메리트_.배너_브랜드강조.원물26.__이유빈_260629_제과_박지현,58,1,1191.0,0
2026-07-09,[제과_단백질 쉐이크] 26.06_단백질쉐이크출시_수동_전환_image,파우치개당가강조_0706,[26.07]F_I_SK혼_전환_단백질쉐이크출시_혜택강조형_파우치.개당가강조_.배너_대용량1개살돈으로무제한.외파우치같이.확장__고민지_260708_제과_김수정,4253,99,86824.0,5
2026-07-10,[제과_단백질 쉐이크] 26.06_단백질쉐이크출시_수동_전환_image,파우치개당가강조_0706,[26.07]F_I_SK초_전환_단백질쉐이크출시_혜택강조형_파우치.개당가강조_.배너_특정시점.네고왕안해도.검증__이유빈_260706_제과_김수정,1,0,7.0,0
2026-07-10,[제과_단백질 쉐이크] 26.06_단백질쉐이크출시_수동_전환_image,브랜드강조_0629,[26.06]F_I_SK곡_전환_단백질쉐이크출시_혜택강조형_개당가메리트_.배너_브랜드강조.원물26.__이유빈_260629_제과_박지현,2783,42,65239.0,8
2026-07-11,[제과_단백질 쉐이크] 26.06_단백질쉐이크출시_수동_전환_image,파우치개당가강조_0706,[26.07]F_I_SK초_전환_단백질쉐이크출시_혜택강조형_파우치.개당가강조_.배너_특정시점.네고왕안해도.검증__이유빈_260706_제과_김수정,1,0,3.0,0
2026-07-11,[제과_단백질 쉐이크] 26.06_단백질쉐이크출시_수동_전환_image,브랜드강조_0629,[26.06]F_I_SK곡_전환_단백질쉐이크출시_혜택강조형_개당가메리트_.배너_브랜드강조.원물26.__이유빈_260629_제과_박지현,760,14,19412.0,2
2026-07-14,(마스터2) [제과_단백질 쉐이크] 26.07_단백질쉐이크출시_ASC_전환_image,(마스터2) [제과_단백질 쉐이크] 26.07_단백질쉐이크출시_ASC_전환_image,[26.07]F_I_SK초_전환_단백질쉐이크출시_혜택강조형_파우치.개당가강조_.배너_불편하지않아도.쿠팡보다싼.검증__이유빈_260706_제과_김수정,18,1,959.0,0
2026-07-15,[제과_단백질 쉐이크] 26.06_단백질쉐이크출시_수동_전환_image,올영최저가비교_0714,[26.07]F_I_SK혼_전환_단백질쉐이크출시_혜택강조형_올영최저가비교_.배너_사이렌.네고형.팝콘.확장__이유빈_260714_제과_문다현,70,0,1733.0,0
2026-07-15,(마스터ASC)[제과_블트하] 26.07_블트깡출시_ASC_전환_image,(마스터ASC)[제과_블트하] 26.07_블트깡출시_ASC_전환_image,[26.07]F_I_BT깡_전환_블트깡출시_바이럴형_KR1_.배너_유행.창고형마트에서보이면무조건담으라던.검증__김소희_260715_제과_김수정,1,0,19.0,0
2026-07-15,(마스터ASC)[제과_블트하] 26.07_블트깡출시_ASC_전환_image,(마스터ASC)[제과_블트하] 26.07_블트깡출시_ASC_전환_image,[26.07]F_I_BT깡_전환_블트깡출시_혜택강조형_KR2_.배너_원산지권위.세계4대진미.검증__김소희_260715_제과_김수정,703,17,10985.0,4
2026-07-16,[제과_단백질 쉐이크] 26.06_단백질쉐이크출시_수동_전환_image,올영최저가비교_0714,[26.07]F_I_SK혼_전환_단백질쉐이크출시_혜택강조형_올영최저가비교_.배너_사이렌.네고형.팝콘.확장__이유빈_260714_제과_문다현,82,2,1723.0,3
2026-07-16,(마스터ASC)[제과_블트하] 26.07_블트깡출시_ASC_전환_image,(마스터ASC)[제과_블트하] 26.07_블트깡출시_ASC_전환_image,[26.07]F_I_BT깡_전환_블트깡출시_바이럴형_KR1_.배너_유행.창고형마트에서보이면무조건담으라던.검증__김소희_260715_제과_김수정,28,2,993.0,0
2026-07-16,(마스터2) [제과_단백질 쉐이크] 26.07_단백질쉐이크출시_ASC_전환_image,(마스터2) [제과_단백질 쉐이크] 26.07_단백질쉐이크출시_ASC_전환_image,[26.07]F_I_SK곡_전환_단백질쉐이크출시_혜택강조형_올영최저가비교_.배너_흘리고귀찮고불편하시죠.파우치가더싸요.확장__이유빈_260715_제과_문다현,1226,34,27226.0,3
2026-07-16,(마스터ASC)[제과_블트하] 26.07_블트깡출시_ASC_전환_image,(마스터ASC)[제과_블트하] 26.07_블트깡출시_ASC_전환_image,[26.07]F_I_BT깡_전환_블트깡출시_혜택강조형_KR2_.배너_원산지권위.세계4대진미.검증__김소희_260715_제과_김수정,407,13,8132.0,4
2026-07-17,[제과_단백질 쉐이크] 26.06_단백질쉐이크출시_수동_전환_image,올영최저가비교_0714,[26.07]F_I_SK혼_전환_단백질쉐이크출시_혜택강조형_올영최저가비교_.배너_사이렌.네고형.팝콘.확장__이유빈_260714_제과_문다현,15,0,482.0,0
2026-07-17,(마스터ASC)[제과_블트하] 26.07_블트깡출시_ASC_전환_image,(마스터ASC)[제과_블트하] 26.07_블트깡출시_ASC_전환_image,[26.07]F_I_BT깡_전환_블트깡출시_혜택강조형_KR2_.배너_원산지권위.세계4대진미.검증__김소희_260715_제과_김수정,197,11,4980.0,4
2026-07-18,(마스터ASC)[제과_블트하] 26.07_블트깡출시_ASC_전환_image,(마스터ASC)[제과_블트하] 26.07_블트깡출시_ASC_전환_image,[26.07]F_I_BT깡_전환_블트깡출시_혜택강조형_KR2_.배너_원산지권위.세계4대진미.검증__김소희_260715_제과_김수정,33,1,524.0,0
2026-07-19,(마스터2) [제과_단백질 쉐이크] 26.07_단백질쉐이크출시_ASC_전환_image,(마스터2) [제과_단백질 쉐이크] 26.07_단백질쉐이크출시_ASC_전환_image,[26.07]F_I_SK초_전환_단백질쉐이크출시_혜택강조형_파우치.개당가강조_.배너_불편하지않아도.쿠팡보다싼.검증__이유빈_260706_제과_김수정,516,14,10643.0,0
2026-07-19,[제과_단백질 쉐이크] 26.06_단백질쉐이크출시_수동_전환_image,올영최저가비교_0714,[26.07]F_I_SK혼_전환_단백질쉐이크출시_혜택강조형_올영최저가비교_.배너_사이렌.네고형.팝콘.확장__이유빈_260714_제과_문다현,28,0,392.0,0
2026-07-19,(마스터ASC)[제과_블트하] 26.07_블트깡출시_ASC_전환_image,(마스터ASC)[제과_블트하] 26.07_블트깡출시_ASC_전환_image,[26.07]F_I_BT깡_전환_블트깡출시_바이럴형_KR1_.배너_유행.창고형마트에서보이면무조건담으라던.검증__김소희_260715_제과_김수정,46,0,838.0,0
2026-07-19,(마스터ASC)[제과_블트하] 26.07_블트깡출시_ASC_전환_image,(마스터ASC)[제과_블트하] 26.07_블트깡출시_ASC_전환_image,[26.07]F_I_BT깡_전환_블트깡출시_혜택강조형_KR2_.배너_원산지권위.세계4대진미.검증__김소희_260715_제과_김수정,636,18,12183.0,4
2026-07-20,(마스터2) [제과_단백질 쉐이크] 26.07_단백질쉐이크출시_ASC_전환_image,(마스터2) [제과_단백질 쉐이크] 26.07_단백질쉐이크출시_ASC_전환_image,[26.07]F_I_SK초_전환_단백질쉐이크출시_혜택강조형_파우치.개당가강조_.배너_불편하지않아도.쿠팡보다싼.검증__이유빈_260706_제과_김수정,344,9,8392.0,0
2026-07-20,[제과_단백질 쉐이크] 26.06_단백질쉐이크출시_수동_전환_image,올영최저가비교_0714,[26.07]F_I_SK혼_전환_단백질쉐이크출시_혜택강조형_올영최저가비교_.배너_사이렌.네고형.팝콘.확장__이유빈_260714_제과_문다현,293,4,3875.0,0
2026-07-20,(마스터ASC)[제과_블트하] 26.07_블트깡출시_ASC_전환_image,(마스터ASC)[제과_블트하] 26.07_블트깡출시_ASC_전환_image,[26.07]F_I_BT깡_전환_블트깡출시_바이럴형_KR1_.배너_유행.창고형마트에서보이면무조건담으라던.검증__김소희_260715_제과_김수정,2,0,19.0,0
2026-07-20,(마스터ASC)[제과_블트하] 26.07_블트깡출시_ASC_전환_image,(마스터ASC)[제과_블트하] 26.07_블트깡출시_ASC_전환_image,[26.07]F_I_BT깡_전환_블트깡출시_혜택강조형_KR2_.배너_원산지권위.세계4대진미.검증__김소희_260715_제과_김수정,226,10,5462.0,1
2026-07-21,[제과_단백질 쉐이크] 26.06_단백질쉐이크출시_수동_전환_image,올영최저가비교_0714,[26.07]F_I_SK혼_전환_단백질쉐이크출시_혜택강조형_올영최저가비교_.배너_사이렌.네고형.팝콘.확장__이유빈_260714_제과_문다현,15,1,453.0,0
2026-07-22,(마스터ASC)[제과_블트하] 26.07_블트깡출시_ASC_전환_image,(마스터ASC)[제과_블트하] 26.07_블트깡출시_ASC_전환_image,[26.07]F_I_BT깡_전환_블트깡출시_바이럴형_KR1_.배너_유행.창고형마트에서보이면무조건담으라던.검증__김소희_260715_제과_김수정,18,0,307.0,0
2026-07-22,[제과_블트하] 26.07_블트깡출시_수동_전환_image_전체타겟,남편인정소비_블트깡출시 (KR1) (0728),[26.07]F_I_BT깡_전환_블트깡출시_바이럴형_KR1_.릴스_맘카페페르소나.지면테스트.카페회원님들추천.검증__김소희_260721_제과_김수정,132,6,3248.0,3
2026-07-23,[제과_블트하] 26.07_블트깡출시_수동_전환_image_전체타겟,남편인정소비_블트깡출시 (KR1) (0728),[26.07]F_I_BT깡_전환_블트깡출시_바이럴형_KR1_.릴스_맘카페페르소나.지면테스트.카페회원님들추천.검증__김소희_260721_제과_김수정,19,0,241.0,0
2026-07-23,[칩] (마스터ASC)[제과_블트하] 26.07_블트칩출시_ASC_전환_video,[칩] (마스터ASC)[제과_블트하] 26.07_블트칩출시_ASC_전환_video,[26.07]F_V_BT혼_전환_블트칩출시_기타_클룹BP.KR1_var3.릴스_맛SP.슬기.X_1P_최나영_260723_제과_피재은,494,25,9761.0,0
2026-07-24,[제과_블트하] 26.07_블트깡출시_수동_전환_image_전체타겟,남편인정소비_블트깡출시 (KR1) (0728),[26.07]F_I_BT깡_전환_블트깡출시_바이럴형_KR1_.릴스_맘카페페르소나.지면테스트.카페회원님들추천.검증__김소희_260721_제과_김수정,2,0,44.0,0
2026-07-24,[칩] (마스터ASC)[제과_블트하] 26.07_블트칩출시_ASC_전환_video,[칩] (마스터ASC)[제과_블트하] 26.07_블트칩출시_ASC_전환_video,[26.07]F_V_BT혼_전환_블트칩출시_기타_클룹BP.KR1_var3.릴스_맛SP.슬기.X_1P_최나영_260723_제과_피재은,1572,64,27921.0,1
2026-07-26,[칩] (마스터ASC)[제과_블트하] 26.07_블트칩출시_ASC_전환_video,[칩] (마스터ASC)[제과_블트하] 26.07_블트칩출시_ASC_전환_video,[26.07]F_V_BT혼_전환_블트칩출시_기타_클룹BP.KR1_var3.릴스_맛SP.슬기.X_1P_최나영_260723_제과_피재은,2747,82,85043.0,5
2026-07-27,[칩] (마스터ASC)[제과_블트하] 26.07_블트칩출시_ASC_전환_video,[칩] (마스터ASC)[제과_블트하] 26.07_블트칩출시_ASC_전환_video,[26.07]F_V_BT혼_전환_블트칩출시_기타_클룹BP.KR1_var3.릴스_맛SP.슬기.X_1P_최나영_260723_제과_피재은,84238,1741,1647630.0,135
2026-07-28,[칩] (마스터ASC)[제과_블트하] 26.07_블트칩출시_ASC_전환_video,[칩] (마스터ASC)[제과_블트하] 26.07_블트칩출시_ASC_전환_video,[26.07]F_V_BT혼_전환_블트칩출시_기타_클룹BP.KR1_var3.릴스_맛SP.슬기.X_1P_최나영_260723_제과_피재은,135566,2429,2102574.0,151
2026-07-01,(미사용) [제과_단백질 쉐이크] 26.06_단백질쉐이크출시_ASC_전환_image,[제과_단백질 쉐이크] 26.06_단백질쉐이크출시_ASC_전환_image,[26.06]F_I_SK곡_전환_단백질쉐이크출시_제품강조형_타사비교_.배너_최저가도전합니다.__이유빈_260701_제과_김수정,200,3,4080.0,0
2026-07-03,(마스터ASC)[제과_콘스프맛 팝콘] 26.07_콘스프맛팝콘출시_ASC_전환_image (NEW),(마스터ASC)[콘스프맛 팝콘] 26.07_콘스프맛팝콘출시_ASC_전환_image (NEW),[26.07]F_I_PC혼_전환_팝콘할인페스타_혜택강조형_다이어트_.배너_공지문.현장감.곧품절예상.선착순300명한정.확장__김소희_260703_제과_문다현,13,0,161.0,0
2026-07-04,(마스터ASC)[제과_콘스프맛 팝콘] 26.07_콘스프맛팝콘출시_ASC_전환_image (NEW),(마스터ASC)[콘스프맛 팝콘] 26.07_콘스프맛팝콘출시_ASC_전환_image (NEW),[26.07]F_I_PC혼_전환_팝콘할인페스타_혜택강조형_다이어트_.배너_공지문.현장감.곧품절예상.선착순300명한정.확장__김소희_260703_제과_문다현,60,1,1393.0,0
2026-07-04,[제과_단백질 쉐이크] 26.06_단백질쉐이크출시_수동_전환_video,지인네고형_0702,[26.07]F_V_SK혼_전환_단백질쉐이크출시_네고형_지인네고형_var3.릴스_맛.생초코.X_2P_이유빈_260703_제과_이봄1,77,3,1288.0,0
2026-07-05,(미사용) [제과_단백질 쉐이크] 26.06_단백질쉐이크출시_ASC_전환_image,[제과_단백질 쉐이크] 26.06_단백질쉐이크출시_ASC_전환_image,[26.06]F_I_SK곡_전환_단백질쉐이크출시_제품강조형_타사비교_.배너_최저가도전합니다.__이유빈_260701_제과_김수정,2,0,47.0,0
2026-07-05,(마스터ASC)[제과_콘스프맛 팝콘] 26.07_콘스프맛팝콘출시_ASC_전환_image (NEW),(마스터ASC)[콘스프맛 팝콘] 26.07_콘스프맛팝콘출시_ASC_전환_image (NEW),[26.07]F_I_PC혼_전환_팝콘할인페스타_혜택강조형_다이어트_.배너_공지문.현장감.곧품절예상.선착순300명한정.확장__김소희_260703_제과_문다현,43,0,793.0,0
2026-07-05,[제과_단백질 쉐이크] 26.06_단백질쉐이크출시_수동_전환_video,지인네고형_0702,[26.07]F_V_SK혼_전환_단백질쉐이크출시_네고형_지인네고형_var3.릴스_맛.생초코.X_2P_이유빈_260703_제과_이봄1,28,0,481.0,0
2026-07-06,(미사용) [제과_단백질 쉐이크] 26.06_단백질쉐이크출시_ASC_전환_image,[제과_단백질 쉐이크] 26.06_단백질쉐이크출시_ASC_전환_image,[26.06]F_I_SK곡_전환_단백질쉐이크출시_제품강조형_타사비교_.배너_최저가도전합니다.__이유빈_260701_제과_김수정,113,4,3353.0,0
2026-07-06,(마스터ASC)[제과_콘스프맛 팝콘] 26.07_콘스프맛팝콘출시_ASC_전환_image (NEW),(마스터ASC)[콘스프맛 팝콘] 26.07_콘스프맛팝콘출시_ASC_전환_image (NEW),[26.07]F_I_PC혼_전환_팝콘할인페스타_혜택강조형_다이어트_.배너_공지문.현장감.곧품절예상.선착순300명한정.확장__김소희_260703_제과_문다현,2,0,37.0,0
2026-07-06,[제과_단백질 쉐이크] 26.06_단백질쉐이크출시_수동_전환_video,지인네고형_0702,[26.07]F_V_SK혼_전환_단백질쉐이크출시_네고형_지인네고형_var3.릴스_맛.생초코.X_2P_이유빈_260703_제과_이봄1,13,0,485.0,0
2026-07-07,(미사용) [제과_단백질 쉐이크] 26.06_단백질쉐이크출시_ASC_전환_image,[제과_단백질 쉐이크] 26.06_단백질쉐이크출시_ASC_전환_image,[26.06]F_I_SK곡_전환_단백질쉐이크출시_제품강조형_타사비교_.배너_최저가도전합니다.__이유빈_260701_제과_김수정,260,6,7259.0,0
2026-07-07,[제과_단백질 쉐이크] 26.06_단백질쉐이크출시_수동_전환_video,지인네고형_0702,[26.07]F_V_SK혼_전환_단백질쉐이크출시_네고형_지인네고형_var3.릴스_맛.생초코.X_2P_이유빈_260703_제과_이봄1,19,1,516.0,1
2026-07-08,(마스터ASC)[제과_콘스프맛 팝콘] 26.07_콘스프맛팝콘출시_ASC_전환_image (NEW),(마스터ASC)[콘스프맛 팝콘] 26.07_콘스프맛팝콘출시_ASC_전환_image (NEW),[26.07]F_I_PC혼_전환_팝콘할인페스타_혜택강조형_다이어트_.배너_공지문.현장감.곧품절예상.선착순300명한정.확장__김소희_260703_제과_문다현,2564,34,36311.0,1
2026-07-09,(마스터ASC)[제과_콘스프맛 팝콘] 26.07_콘스프맛팝콘출시_ASC_전환_image (NEW),(마스터ASC)[콘스프맛 팝콘] 26.07_콘스프맛팝콘출시_ASC_전환_image (NEW),[26.07]F_I_PC혼_전환_팝콘할인페스타_혜택강조형_다이어트_.배너_공지문.현장감.곧품절예상.선착순300명한정.확장__김소희_260703_제과_문다현,1093,10,17495.0,0
2026-07-09,(마스터2) [제과_단백질 쉐이크] 26.07_단백질쉐이크출시_ASC_전환_image,(마스터2) [제과_단백질 쉐이크] 26.07_단백질쉐이크출시_ASC_전환_image,[26.07]F_I_SK혼_전환_단백질쉐이크출시_매거진형_파우치.개당가강조_.배너_맛없페인포인트.비린맛단쉐.찐한생초코.역대최저가.검증__이유빈_260709_제과_문다현,5,0,108.0,0
2026-07-10,(마스터2) [제과_단백질 쉐이크] 26.07_단백질쉐이크출시_ASC_전환_image,(마스터2) [제과_단백질 쉐이크] 26.07_단백질쉐이크출시_ASC_전환_image,[26.07]F_I_SK혼_전환_단백질쉐이크출시_매거진형_파우치.개당가강조_.배너_맛없페인포인트.비린맛단쉐.찐한생초코.역대최저가.검증__이유빈_260709_제과_문다현,451,12,11592.0,0
2026-07-10,[제과_단백질 쉐이크] 26.06_단백질쉐이크출시_ASC_전환_video,[제과_단백질 쉐이크] 26.06_단백질쉐이크출시_ASC_전환_video,[26.07]F_V_SK혼_전환_단백질쉐이크출시_신규BP_고객검증형.파우치.개당가강조_main.릴스_통단쉐귀찮음.X_2P_이유빈_260710_제과_이미진,104,5,1553.0,0
2026-07-10,[제과_단쉐_990] 26.07_깜짝990딜_ASC_전환_image,[제과_단쉐_990] 26.07_깜짝990딜_ASC_전환_image,[26.07]F_I_SK혼_전환_단쉐990원_혜택강조형__.배너_지금쟁여두세요.다이소보다싼.무제한990원.확장__이유빈_260710_제과_문다현,133,5,3251.0,0
2026-07-11,[제과_단백질 쉐이크] 26.06_단백질쉐이크출시_ASC_전환_video,[제과_단백질 쉐이크] 26.06_단백질쉐이크출시_ASC_전환_video,[26.07]F_V_SK혼_전환_단백질쉐이크출시_신규BP_고객검증형.파우치.개당가강조_main.릴스_통단쉐귀찮음.X_2P_이유빈_260710_제과_이미진,223,7,4414.0,0
2026-07-11,[제과_단쉐_990] 26.07_깜짝990딜_ASC_전환_image,[제과_단쉐_990] 26.07_깜짝990딜_ASC_전환_image,[26.07]F_I_SK혼_전환_단쉐990원_혜택강조형__.배너_지금쟁여두세요.다이소보다싼.무제한990원.확장__이유빈_260710_제과_문다현,3302,174,53693.0,4
2026-07-12,[제과_단백질 쉐이크] 26.06_단백질쉐이크출시_ASC_전환_video,[제과_단백질 쉐이크] 26.06_단백질쉐이크출시_ASC_전환_video,[26.07]F_V_SK혼_전환_단백질쉐이크출시_신규BP_고객검증형.파우치.개당가강조_main.릴스_통단쉐귀찮음.X_2P_이유빈_260710_제과_이미진,468,7,8328.0,0
2026-07-13,[제과_단백질 쉐이크] 26.06_단백질쉐이크출시_ASC_전환_video,[제과_단백질 쉐이크] 26.06_단백질쉐이크출시_ASC_전환_video,[26.07]F_V_SK혼_전환_단백질쉐이크출시_신규BP_고객검증형.파우치.개당가강조_main.릴스_통단쉐귀찮음.X_2P_이유빈_260710_제과_이미진,171,4,2466.0,0
2026-07-14,[제과_단백질 쉐이크] 26.06_단백질쉐이크출시_수동_전환_video,AI캐릭터형_0713,[26.07]F_V_SK혼_전환_단백질쉐이크출시_ai형_ai캐릭터.파우치.개당가강조_var3.릴스_먹방코코볼단쉐.X_2P_이유빈_260713_제과_이미진,1568,31,29125.0,5
2026-07-15,[제과_단백질 쉐이크] 26.06_단백질쉐이크출시_수동_전환_video,AI캐릭터형_0713,[26.07]F_V_SK혼_전환_단백질쉐이크출시_ai형_ai캐릭터.파우치.개당가강조_var3.릴스_먹방코코볼단쉐.X_2P_이유빈_260713_제과_이미진,581,10,9940.0,0
2026-07-15,(마스터2) [제과_단백질 쉐이크] 26.07_단백질쉐이크출시_ASC_전환_image,(마스터2) [제과_단백질 쉐이크] 26.07_단백질쉐이크출시_ASC_전환_image,[26.07]F_I_SK혼_전환_단백질쉐이크출시_혜택강조형_올영최저가비교_.배너_올영보다싸요.네고형.확장__이유빈_260714_제과_문다현,569,23,12307.0,1
2026-07-15,(마스터2) [제과_단백질 쉐이크] 26.07_단백질쉐이크출시_ASC_전환_image,(마스터2) [제과_단백질 쉐이크] 26.07_단백질쉐이크출시_ASC_전환_image,[26.07]F_I_SK곡_전환_단백질쉐이크출시_혜택강조형_올영최저가비교_.배너_글자그라데이션.쌀때젱이세요.네고형.팝콘.확장__이유빈_260714_제과_문다현,42,0,954.0,0
2026-07-15,[제과_블트하] 26.07_블트깡출시_수동_전환_video_전체타겟,BP이식형2_블트깡출시 (KR1/2),[26.07]F_V_BT깡_전환_블트깡출시_쩜오건_맛조합맥주.KR1_var1.릴스_맛후킹.X_1P_김소희_260715_제과_문형민,15716,676,207236.0,95
2026-07-15,[제과_블트하] 26.07_블트깡출시_수동_전환_video_전체타겟,BP이식형2_블트깡출시 (KR1/2),[26.07]F_V_BT깡_전환_블트깡출시_쩜오건_원재료강조.KR2_var1.릴스_떨어지는ver.X_1P_김소희_260715_제과_문형민,36,2,315.0,0
2026-07-16,[제과_단백질 쉐이크] 26.06_단백질쉐이크출시_수동_전환_video,AI캐릭터형_0713,[26.07]F_V_SK혼_전환_단백질쉐이크출시_ai형_ai캐릭터.파우치.개당가강조_var3.릴스_먹방코코볼단쉐.X_2P_이유빈_260713_제과_이미진,1150,37,21408.0,0
2026-07-16,(마스터2) [제과_단백질 쉐이크] 26.07_단백질쉐이크출시_ASC_전환_image,(마스터2) [제과_단백질 쉐이크] 26.07_단백질쉐이크출시_ASC_전환_image,[26.07]F_I_SK곡_전환_단백질쉐이크출시_혜택강조형_올영최저가비교_.배너_글자그라데이션.쌀때젱이세요.네고형.팝콘.확장__이유빈_260714_제과_문다현,48,0,1103.0,0
2026-07-16,[제과_블트하] 26.07_블트깡출시_수동_전환_video_전체타겟,BP이식형2_블트깡출시 (KR1/2),[26.07]F_V_BT깡_전환_블트깡출시_쩜오건_맛조합맥주.KR1_var1.릴스_맛후킹.X_1P_김소희_260715_제과_문형민,101933,3281,1273907.0,286
2026-07-16,[제과_블트하] 26.07_블트깡출시_수동_전환_video_전체타겟,BP이식형2_블트깡출시 (KR1/2),[26.07]F_V_BT깡_전환_블트깡출시_쩜오건_원재료강조.KR2_var1.릴스_떨어지는ver.X_1P_김소희_260715_제과_문형민,402,16,5314.0,3
2026-07-17,[제과_블트하] 26.07_블트깡출시_수동_전환_video_전체타겟,BP이식형2_블트깡출시 (KR1/2),[26.07]F_V_BT깡_전환_블트깡출시_쩜오건_맛조합맥주.KR1_var1.릴스_맛후킹.X_1P_김소희_260715_제과_문형민,113608,4151,1571011.0,323
2026-07-17,[제과_블트하] 26.07_블트깡출시_수동_전환_video_전체타겟,BP이식형2_블트깡출시 (KR1/2),[26.07]F_V_BT깡_전환_블트깡출시_쩜오건_원재료강조.KR2_var1.릴스_떨어지는ver.X_1P_김소희_260715_제과_문형민,1025,30,15052.0,5
2026-07-18,[제과_블트하] 26.07_블트깡출시_수동_전환_video_전체타겟,BP이식형2_블트깡출시 (KR1/2),[26.07]F_V_BT깡_전환_블트깡출시_쩜오건_맛조합맥주.KR1_var1.릴스_맛후킹.X_1P_김소희_260715_제과_문형민,99987,4411,1651086.0,501
2026-07-18,[제과_블트하] 26.07_블트깡출시_수동_전환_video_전체타겟,BP이식형2_블트깡출시 (KR1/2),[26.07]F_V_BT깡_전환_블트깡출시_쩜오건_원재료강조.KR2_var1.릴스_떨어지는ver.X_1P_김소희_260715_제과_문형민,1551,69,28085.0,11
2026-07-19,[제과_블트하] 26.07_블트깡출시_수동_전환_video_전체타겟,BP이식형2_블트깡출시 (KR1/2),[26.07]F_V_BT깡_전환_블트깡출시_쩜오건_맛조합맥주.KR1_var1.릴스_맛후킹.X_1P_김소희_260715_제과_문형민,39900,1910,648690.0,191
2026-07-19,[제과_블트하] 26.07_블트깡출시_수동_전환_video_전체타겟,BP이식형2_블트깡출시 (KR1/2),[26.07]F_V_BT깡_전환_블트깡출시_쩜오건_원재료강조.KR2_var1.릴스_떨어지는ver.X_1P_김소희_260715_제과_문형민,643,26,13408.0,6
2026-07-20,[제과_블트하] 26.07_블트깡출시_수동_전환_video_전체타겟,BP이식형2_블트깡출시 (KR1/2),[26.07]F_V_BT깡_전환_블트깡출시_쩜오건_맛조합맥주.KR1_var1.릴스_맛후킹.X_1P_김소희_260715_제과_문형민,29570,1312,499710.0,119
2026-07-20,[제과_블트하] 26.07_블트깡출시_수동_전환_video_전체타겟,BP이식형2_블트깡출시 (KR1/2),[26.07]F_V_BT깡_전환_블트깡출시_쩜오건_원재료강조.KR2_var1.릴스_떨어지는ver.X_1P_김소희_260715_제과_문형민,444,14,9538.0,4
2026-07-21,[제과_블트하] 26.07_블트깡출시_수동_전환_video_전체타겟,BP이식형2_블트깡출시 (KR1/2),[26.07]F_V_BT깡_전환_블트깡출시_쩜오건_맛조합맥주.KR1_var1.릴스_맛후킹.X_1P_김소희_260715_제과_문형민,39617,1804,652205.0,156
2026-07-21,[제과_블트하] 26.07_블트깡출시_수동_전환_video_전체타겟,BP이식형2_블트깡출시 (KR1/2),[26.07]F_V_BT깡_전환_블트깡출시_쩜오건_원재료강조.KR2_var1.릴스_떨어지는ver.X_1P_김소희_260715_제과_문형민,181,10,4684.0,1
2026-07-22,[제과_블트하] 26.07_블트깡출시_수동_전환_video_전체타겟,BP이식형2_블트깡출시 (KR1/2),[26.07]F_V_BT깡_전환_블트깡출시_쩜오건_맛조합맥주.KR1_var1.릴스_맛후킹.X_1P_김소희_260715_제과_문형민,28056,1134,457773.0,99
2026-07-22,[제과_블트하] 26.07_블트깡출시_수동_전환_video_전체타겟,BP이식형2_블트깡출시 (KR1/2),[26.07]F_V_BT깡_전환_블트깡출시_쩜오건_원재료강조.KR2_var1.릴스_떨어지는ver.X_1P_김소희_260715_제과_문형민,249,15,5090.0,2
2026-07-22,[제과_블트하] 26.07_블트깡출시_수동_전환_image_전체타겟,[칩] 맘카페.페르소나_블트칩출시 (KR1),[26.07]F_I_BT칩_전환_블트칩출시_바이럴형_KR1_.배너_맘카페페르소나.지면테스트.카페회원님들추천.검증__김소희_260722_제과_김수정,313,6,6266.0,0
2026-07-22,[칩] (마스터ASC)[제과_블트하] 26.07_블트칩출시_ASC_전환_image,[칩] (마스터ASC)[제과_블트하] 26.07_블트칩출시_ASC_전환_image,[26.07]F_I_BT칩_전환_블트칩출시_매거진형_KR1_.배너_맘카페에서대유행중인.민트텍스트..확장__김소희_260722_제과_박서연,1,0,7.0,0
2026-07-22,[칩] (마스터ASC)[제과_블트하] 26.07_블트칩출시_ASC_전환_image,[칩] (마스터ASC)[제과_블트하] 26.07_블트칩출시_ASC_전환_image,[26.07]F_I_BT칩_전환_블트칩출시_매거진형_KR1_.배너_입맛깐깐에르메스급.확장__김소희_260722_제과_김수정,31,3,566.0,0
2026-07-22,[칩] (마스터ASC)[제과_블트하] 26.07_블트칩출시_ASC_전환_image,[칩] (마스터ASC)[제과_블트하] 26.07_블트칩출시_ASC_전환_image,[26.07]F_I_BT칩_전환_블트칩출시__KR1_.배너_맛비주얼공지문.창고형마트품절대란.확장__김소희_260722_제과_김수정,3,0,17.0,0
2026-07-23,[제과_블트하] 26.07_블트깡출시_수동_전환_video_전체타겟,BP이식형2_블트깡출시 (KR1/2),[26.07]F_V_BT깡_전환_블트깡출시_쩜오건_맛조합맥주.KR1_var1.릴스_맛후킹.X_1P_김소희_260715_제과_문형민,15184,570,259007.0,35
2026-07-23,[제과_블트하] 26.07_블트깡출시_수동_전환_video_전체타겟,BP이식형2_블트깡출시 (KR1/2),[26.07]F_V_BT깡_전환_블트깡출시_쩜오건_원재료강조.KR2_var1.릴스_떨어지는ver.X_1P_김소희_260715_제과_문형민,164,7,4057.0,0
2026-07-23,[제과_블트하] 26.07_블트깡출시_수동_전환_image_전체타겟,[칩] 맘카페.페르소나_블트칩출시 (KR1),[26.07]F_I_BT칩_전환_블트칩출시_바이럴형_KR1_.배너_맘카페페르소나.지면테스트.카페회원님들추천.검증__김소희_260722_제과_김수정,39,0,696.0,0
2026-07-23,[칩] (마스터ASC)[제과_블트하] 26.07_블트칩출시_ASC_전환_image,[칩] (마스터ASC)[제과_블트하] 26.07_블트칩출시_ASC_전환_image,[26.07]F_I_BT칩_전환_블트칩출시_매거진형_KR1_.배너_맘카페에서대유행중인.민트텍스트..확장__김소희_260722_제과_박서연,42,3,609.0,0
2026-07-23,[칩] (마스터ASC)[제과_블트하] 26.07_블트칩출시_ASC_전환_image,[칩] (마스터ASC)[제과_블트하] 26.07_블트칩출시_ASC_전환_image,[26.07]F_I_BT칩_전환_블트칩출시_매거진형_KR1_.배너_입맛깐깐에르메스급.확장__김소희_260722_제과_김수정,462,17,9469.0,1
2026-07-23,[칩] (마스터ASC)[제과_블트하] 26.07_블트칩출시_ASC_전환_image,[칩] (마스터ASC)[제과_블트하] 26.07_블트칩출시_ASC_전환_image,[26.07]F_I_BT칩_전환_블트칩출시__KR1_.배너_맛비주얼공지문.창고형마트품절대란.확장__김소희_260722_제과_김수정,1172,37,16942.0,2
2026-07-24,[제과_블트하] 26.07_블트깡출시_수동_전환_video_전체타겟,BP이식형2_블트깡출시 (KR1/2),[26.07]F_V_BT깡_전환_블트깡출시_쩜오건_맛조합맥주.KR1_var1.릴스_맛후킹.X_1P_김소희_260715_제과_문형민,7557,327,141796.0,9
2026-07-24,[제과_블트하] 26.07_블트깡출시_수동_전환_video_전체타겟,BP이식형2_블트깡출시 (KR1/2),[26.07]F_V_BT깡_전환_블트깡출시_쩜오건_원재료강조.KR2_var1.릴스_떨어지는ver.X_1P_김소희_260715_제과_문형민,128,3,2643.0,0
2026-07-24,[칩] (마스터ASC)[제과_블트하] 26.07_블트칩출시_ASC_전환_image,[칩] (마스터ASC)[제과_블트하] 26.07_블트칩출시_ASC_전환_image,[26.07]F_I_BT칩_전환_블트칩출시_매거진형_KR1_.배너_맘카페에서대유행중인.민트텍스트..확장__김소희_260722_제과_박서연,5,0,91.0,0
2026-07-24,[칩] (마스터ASC)[제과_블트하] 26.07_블트칩출시_ASC_전환_image,[칩] (마스터ASC)[제과_블트하] 26.07_블트칩출시_ASC_전환_image,[26.07]F_I_BT칩_전환_블트칩출시__KR1_.배너_맛비주얼공지문.창고형마트품절대란.확장__김소희_260722_제과_김수정,628,14,10974.0,0
2026-07-24,[제과_블트하] 26.07_블트깡출시_수동_전환_video_전체타겟,먹스타_블트칩출시 (파트너쉽),[26.07]F_P_BT칩_전환_블트칩출시_기타_파트너쉽_.릴스_.X__김소희_260724_제과_잇고잉,1250,44,17414.0,0
2026-07-24,[칩] (마스터ASC)[제과_블트하] 26.07_블트칩출시_ASC_전환_image,[칩] (마스터ASC)[제과_블트하] 26.07_블트칩출시_ASC_전환_image,[26.07]F_I_BT칩_전환_블트칩출시_혜택강조형_KR2_.릴스_상황연출.영상형.신혼부부.확장__김소희_260724_제과_김수정,141,6,2939.0,0
2026-07-25,[제과_블트하] 26.07_블트깡출시_수동_전환_video_전체타겟,BP이식형2_블트깡출시 (KR1/2),[26.07]F_V_BT깡_전환_블트깡출시_쩜오건_맛조합맥주.KR1_var1.릴스_맛후킹.X_1P_김소희_260715_제과_문형민,9429,347,233522.0,18
2026-07-25,[제과_블트하] 26.07_블트깡출시_수동_전환_video_전체타겟,BP이식형2_블트깡출시 (KR1/2),[26.07]F_V_BT깡_전환_블트깡출시_쩜오건_원재료강조.KR2_var1.릴스_떨어지는ver.X_1P_김소희_260715_제과_문형민,119,3,3099.0,0
2026-07-25,[칩] (마스터ASC)[제과_블트하] 26.07_블트칩출시_ASC_전환_image,[칩] (마스터ASC)[제과_블트하] 26.07_블트칩출시_ASC_전환_image,[26.07]F_I_BT칩_전환_블트칩출시_매거진형_KR1_.배너_맘카페에서대유행중인.민트텍스트..확장__김소희_260722_제과_박서연,2,0,32.0,0
2026-07-25,[칩] (마스터ASC)[제과_블트하] 26.07_블트칩출시_ASC_전환_image,[칩] (마스터ASC)[제과_블트하] 26.07_블트칩출시_ASC_전환_image,[26.07]F_I_BT칩_전환_블트칩출시__KR1_.배너_맛비주얼공지문.창고형마트품절대란.확장__김소희_260722_제과_김수정,35,1,402.0,0
2026-07-25,[제과_블트하] 26.07_블트깡출시_수동_전환_video_전체타겟,먹스타_블트칩출시 (파트너쉽),[26.07]F_P_BT칩_전환_블트칩출시_기타_파트너쉽_.릴스_.X__김소희_260724_제과_잇고잉,7395,227,147630.0,10
2026-07-25,[칩] (마스터ASC)[제과_블트하] 26.07_블트칩출시_ASC_전환_image,[칩] (마스터ASC)[제과_블트하] 26.07_블트칩출시_ASC_전환_image,[26.07]F_I_BT칩_전환_블트칩출시_혜택강조형_KR2_.릴스_상황연출.영상형.신혼부부.확장__김소희_260724_제과_김수정,356,16,12286.0,0
2026-07-26,[제과_블트하] 26.07_블트깡출시_수동_전환_video_전체타겟,BP이식형2_블트깡출시 (KR1/2),[26.07]F_V_BT깡_전환_블트깡출시_쩜오건_맛조합맥주.KR1_var1.릴스_맛후킹.X_1P_김소희_260715_제과_문형민,5874,185,170075.0,9
2026-07-26,[제과_블트하] 26.07_블트깡출시_수동_전환_video_전체타겟,먹스타_블트칩출시 (파트너쉽),[26.07]F_P_BT칩_전환_블트칩출시_기타_파트너쉽_.릴스_.X__김소희_260724_제과_잇고잉,2231,84,48900.0,5
2026-07-27,[제과_블트하] 26.07_블트깡출시_수동_전환_video_전체타겟,BP이식형2_블트깡출시 (KR1/2),[26.07]F_V_BT깡_전환_블트깡출시_쩜오건_맛조합맥주.KR1_var1.릴스_맛후킹.X_1P_김소희_260715_제과_문형민,41295,991,1052592.0,66
2026-07-27,[제과_블트하] 26.07_블트깡출시_수동_전환_video_전체타겟,BP이식형2_블트깡출시 (KR1/2),[26.07]F_V_BT깡_전환_블트깡출시_쩜오건_원재료강조.KR2_var1.릴스_떨어지는ver.X_1P_김소희_260715_제과_문형민,230,8,5067.0,0
2026-07-27,[제과_블트하] 26.07_블트깡출시_수동_전환_video_전체타겟,먹스타_블트칩출시 (파트너쉽),[26.07]F_P_BT칩_전환_블트칩출시_기타_파트너쉽_.릴스_.X__김소희_260724_제과_잇고잉,739,22,18719.0,0
2026-07-27,[제과_블트하] 26.07_블트깡출시_수동_전환_image_전체타겟,[혼합] 남편상황연출_블트칩출시 (KR1) (0727),[26.07]F_I_BT혼_전환_블트칩출시_혜택강조형_KR1_.피드_남편.깐깐.확장__김소희_260727_제과_박지현,81,3,2070.0,1
2026-07-28,[제과_블트하] 26.07_블트깡출시_수동_전환_video_전체타겟,BP이식형2_블트깡출시 (KR1/2),[26.07]F_V_BT깡_전환_블트깡출시_쩜오건_맛조합맥주.KR1_var1.릴스_맛후킹.X_1P_김소희_260715_제과_문형민,21533,499,403174.0,31
2026-07-28,[제과_블트하] 26.07_블트깡출시_수동_전환_video_전체타겟,BP이식형2_블트깡출시 (KR1/2),[26.07]F_V_BT깡_전환_블트깡출시_쩜오건_원재료강조.KR2_var1.릴스_떨어지는ver.X_1P_김소희_260715_제과_문형민,183,2,4200.0,0
2026-07-28,[제과_블트하] 26.07_블트깡출시_수동_전환_image_전체타겟,[혼합] 남편상황연출_블트칩출시 (KR1) (0727),[26.07]F_I_BT혼_전환_블트칩출시_혜택강조형_KR1_.피드_남편.깐깐.확장__김소희_260727_제과_박지현,347,1,12743.0,0
2026-07-01,[콘스프맛 팝콘] 26.05_콘스프맛팝콘출시_ASC_전환_image (old),[콘스프맛 팝콘] 26.05_콘스프맛팝콘출시_ASC_전환_image (old),[26.06]F_I_PC혼_전환_팝콘더블특가_혜택강조형_추가할인_.배너_딱일주일.__김소희_260623_제과_김나현,16,2,269.0,0
2026-07-01,[제과_단백질 쉐이크] 26.06_단백질쉐이크출시_수동_전환_video,고객검증형(재)_0629,[26.06]F_V_SK혼_전환_단백질쉐이크출시_신규BP_개당가메리트.재편집_var1.릴스_토핑국밥.X_2P_이유빈_260629_제과_윤성미,116,1,2539.0,0
2026-07-01,(미사용) [제과_단백질 쉐이크] 26.06_단백질쉐이크출시_ASC_전환_image,[제과_단백질 쉐이크] 26.06_단백질쉐이크출시_ASC_전환_image,[26.06]F_I_SK혼_전환_단백질쉐이크출시_제품강조형_타사비교_.배너_1+1해도3천원.__이유빈_260701_제과_김수정,19,1,940.0,0
2026-07-01,(미사용) [제과_단백질 쉐이크] 26.06_단백질쉐이크출시_ASC_전환_image,[제과_단백질 쉐이크] 26.06_단백질쉐이크출시_ASC_전환_image,[26.06]F_I_SK곡_전환_단백질쉐이크출시_제품강조형_원재료강조_.배너_검정쌀현미파로볼.가득씹히는.단계적할인.가격비교X.__이유빈_260701_제과_문다현,17,0,285.0,0
2026-07-01,[콘스프맛 팝콘] 26.05_콘스프맛팝콘출시_ASC_전환_image (old),[콘스프맛 팝콘] 26.05_콘스프맛팝콘출시_ASC_전환_image (old),[26.06]F_I_PC혼_전환_팝콘더블특가_매거진형_다이어트_.배너_오늘종료됩니다.요요.입터짐방지템.확장__김소희_260701_제과_문다현,83,2,2432.0,0
2026-07-02,[제과_단백질 쉐이크] 26.06_단백질쉐이크출시_수동_전환_video,고객검증형(재)_0629,[26.06]F_V_SK혼_전환_단백질쉐이크출시_신규BP_개당가메리트.재편집_var1.릴스_토핑국밥.X_2P_이유빈_260629_제과_윤성미,2,0,19.0,0
2026-07-02,(미사용) [제과_단백질 쉐이크] 26.06_단백질쉐이크출시_ASC_전환_image,[제과_단백질 쉐이크] 26.06_단백질쉐이크출시_ASC_전환_image,[26.06]F_I_SK혼_전환_단백질쉐이크출시_제품강조형_타사비교_.배너_1+1해도3천원.__이유빈_260701_제과_김수정,167,10,3967.0,0
2026-07-02,(미사용) [제과_단백질 쉐이크] 26.06_단백질쉐이크출시_ASC_전환_image,[제과_단백질 쉐이크] 26.06_단백질쉐이크출시_ASC_전환_image,[26.06]F_I_SK곡_전환_단백질쉐이크출시_제품강조형_원재료강조_.배너_검정쌀현미파로볼.가득씹히는.단계적할인.가격비교X.__이유빈_260701_제과_문다현,6,0,390.0,0
2026-07-02,[콘스프맛 팝콘] 26.05_콘스프맛팝콘출시_ASC_전환_image (old),[콘스프맛 팝콘] 26.05_콘스프맛팝콘출시_ASC_전환_image (old),[26.06]F_I_PC혼_전환_팝콘더블특가_매거진형_다이어트_.배너_오늘종료됩니다.요요.입터짐방지템.확장__김소희_260701_제과_문다현,4,0,82.0,0
2026-07-02,(미사용) [제과_단백질 쉐이크] 26.06_단백질쉐이크출시_ASC_전환_image,[제과_단백질 쉐이크] 26.06_단백질쉐이크출시_ASC_전환_image,[26.06]F_I_SK혼_전환_단백질쉐이크출시_제품강조형_타사비교_.배너_저가비교.씹는맛이없다고.__이유빈_260701_제과_김수정,87,1,2729.0,0
2026-07-03,(미사용) [제과_단백질 쉐이크] 26.06_단백질쉐이크출시_ASC_전환_image,[제과_단백질 쉐이크] 26.06_단백질쉐이크출시_ASC_전환_image,[26.06]F_I_SK혼_전환_단백질쉐이크출시_제품강조형_타사비교_.배너_1+1해도3천원.__이유빈_260701_제과_김수정,164,6,5463.0,0
2026-07-07,(미사용) [제과_단백질 쉐이크] 26.06_단백질쉐이크출시_ASC_전환_image,[제과_단백질 쉐이크] 26.06_단백질쉐이크출시_ASC_전환_image,[26.06]F_I_SK곡_전환_단백질쉐이크출시_제품강조형_원재료강조_.배너_검정쌀현미파로볼.가득씹히는.단계적할인.가격비교X.__이유빈_260701_제과_문다현,26,0,1403.0,0
2026-07-07,(마스터2) [제과_단백질 쉐이크] 26.07_단백질쉐이크출시_ASC_전환_image,(마스터2) [제과_단백질 쉐이크] 26.07_단백질쉐이크출시_ASC_전환_image,[26.07]F_I_SK초_전환_단백질쉐이크출시_혜택강조형_파우치.개당가강조_.배너_특정시점.대형할인급.네고왕급역대최저가.확장__이유빈_260707_제과_김수정,30,0,378.0,0
2026-07-08,[제과_단백질 쉐이크] 26.06_단백질쉐이크출시_수동_전환_video,고객검증형(재)_0629,[26.06]F_V_SK혼_전환_단백질쉐이크출시_신규BP_개당가메리트.재편집_var1.릴스_토핑국밥.X_2P_이유빈_260629_제과_윤성미,97,5,3370.0,1
2026-07-08,(마스터2) [제과_단백질 쉐이크] 26.07_단백질쉐이크출시_ASC_전환_image,(마스터2) [제과_단백질 쉐이크] 26.07_단백질쉐이크출시_ASC_전환_image,[26.07]F_I_SK초_전환_단백질쉐이크출시_혜택강조형_파우치.개당가강조_.배너_특정시점.대형할인급.네고왕급역대최저가.확장__이유빈_260707_제과_김수정,20,0,447.0,0
2026-07-08,(마스터ASC)[제과_콘스프맛 팝콘] 26.07_콘스프맛팝콘출시_ASC_전환_image (NEW),(마스터ASC)[콘스프맛 팝콘] 26.07_콘스프맛팝콘출시_ASC_전환_image (NEW),[26.07]F_I_PC혼_전환_상시_매거진형_다이어트_.배너_야식콘텐츠페인포인트.넷플릭스과자.죄책감.걱정없는야식.검증__김소희_260708_제과_문다현,338,5,5173.0,0
2026-07-09,(마스터2) [제과_단백질 쉐이크] 26.07_단백질쉐이크출시_ASC_전환_image,(마스터2) [제과_단백질 쉐이크] 26.07_단백질쉐이크출시_ASC_전환_image,[26.07]F_I_SK초_전환_단백질쉐이크출시_혜택강조형_파우치.개당가강조_.배너_특정시점.대형할인급.네고왕급역대최저가.확장__이유빈_260707_제과_김수정,5,1,206.0,0
2026-07-09,(마스터ASC)[제과_콘스프맛 팝콘] 26.07_콘스프맛팝콘출시_ASC_전환_image (NEW),(마스터ASC)[콘스프맛 팝콘] 26.07_콘스프맛팝콘출시_ASC_전환_image (NEW),[26.07]F_I_PC혼_전환_상시_매거진형_다이어트_.배너_야식콘텐츠페인포인트.넷플릭스과자.죄책감.걱정없는야식.검증__김소희_260708_제과_문다현,307,4,4976.0,1
2026-07-09,(마스터2) [제과_단백질 쉐이크] 26.07_단백질쉐이크출시_ASC_전환_image,(마스터2) [제과_단백질 쉐이크] 26.07_단백질쉐이크출시_ASC_전환_image,[26.07]F_I_SK혼_전환_단백질쉐이크출시_매거진형_파우치.개당가강조_.배너_맛없페인포인트.밍밍단쉐멈춰.찐한속세미숫가루.검증__이유빈_260709_제과_문다현,194,8,5285.0,0
2026-07-09,(마스터2) [제과_단백질 쉐이크] 26.07_단백질쉐이크출시_ASC_전환_image,(마스터2) [제과_단백질 쉐이크] 26.07_단백질쉐이크출시_ASC_전환_image,[26.07]F_I_SK혼_전환_단백질쉐이크출시_매거진형_파우치.개당가강조_.배너_가격페인포인트.토핑폭탄보통얼마.팝콘증정.검증__이유빈_260709_제과_문다현,5,0,108.0,0
2026-07-10,(마스터ASC)[제과_콘스프맛 팝콘] 26.07_콘스프맛팝콘출시_ASC_전환_image (NEW),(마스터ASC)[콘스프맛 팝콘] 26.07_콘스프맛팝콘출시_ASC_전환_image (NEW),[26.07]F_I_PC혼_전환_상시_매거진형_다이어트_.배너_야식콘텐츠페인포인트.넷플릭스과자.죄책감.걱정없는야식.검증__김소희_260708_제과_문다현,2045,36,41052.0,2
2026-07-10,(마스터2) [제과_단백질 쉐이크] 26.07_단백질쉐이크출시_ASC_전환_image,(마스터2) [제과_단백질 쉐이크] 26.07_단백질쉐이크출시_ASC_전환_image,[26.07]F_I_SK혼_전환_단백질쉐이크출시_매거진형_파우치.개당가강조_.배너_맛없페인포인트.밍밍단쉐멈춰.찐한속세미숫가루.검증__이유빈_260709_제과_문다현,331,9,7292.0,0
2026-07-10,[제과_단백질 쉐이크] 26.06_단백질쉐이크출시_수동_전환_image,브랜드강조_0629,[26.07]F_I_SK혼_전환_단백질쉐이크출시_혜택강조형_라라권위_.배너_코코볼양봐라.팝콘증정.확장__이유빈_260709_제과_문다현,195,5,6492.0,0
2026-07-10,(마스터2) [제과_단백질 쉐이크] 26.07_단백질쉐이크출시_ASC_전환_image,(마스터2) [제과_단백질 쉐이크] 26.07_단백질쉐이크출시_ASC_전환_image,[26.07]F_I_SK혼_전환_단백질쉐이크출시_매거진형_파우치.개당가강조_.배너_가격페인포인트.토핑폭탄보통얼마.팝콘증정.검증__이유빈_260709_제과_문다현,42,1,2345.0,0
2026-07-11,(마스터ASC)[제과_콘스프맛 팝콘] 26.07_콘스프맛팝콘출시_ASC_전환_image (NEW),(마스터ASC)[콘스프맛 팝콘] 26.07_콘스프맛팝콘출시_ASC_전환_image (NEW),[26.07]F_I_PC혼_전환_상시_매거진형_다이어트_.배너_야식콘텐츠페인포인트.넷플릭스과자.죄책감.걱정없는야식.검증__김소희_260708_제과_문다현,447,16,8766.0,6
2026-07-12,(마스터ASC)[제과_콘스프맛 팝콘] 26.07_콘스프맛팝콘출시_ASC_전환_image (NEW),(마스터ASC)[콘스프맛 팝콘] 26.07_콘스프맛팝콘출시_ASC_전환_image (NEW),[26.07]F_I_PC혼_전환_상시_매거진형_다이어트_.배너_야식콘텐츠페인포인트.넷플릭스과자.죄책감.걱정없는야식.검증__김소희_260708_제과_문다현,453,2,7220.0,1
2026-07-13,(마스터2) [제과_단백질 쉐이크] 26.07_단백질쉐이크출시_ASC_전환_image,(마스터2) [제과_단백질 쉐이크] 26.07_단백질쉐이크출시_ASC_전환_image,[26.07]F_I_SK초_전환_단백질쉐이크출시_혜택강조형_파우치.개당가강조_.배너_특정시점.대형할인급.네고왕급역대최저가.확장__이유빈_260707_제과_김수정,309,7,7199.0,1
2026-07-13,(마스터ASC)[제과_콘스프맛 팝콘] 26.07_콘스프맛팝콘출시_ASC_전환_image (NEW),(마스터ASC)[콘스프맛 팝콘] 26.07_콘스프맛팝콘출시_ASC_전환_image (NEW),[26.07]F_I_PC혼_전환_상시_매거진형_다이어트_.배너_야식콘텐츠페인포인트.넷플릭스과자.죄책감.걱정없는야식.검증__김소희_260708_제과_문다현,1160,15,17217.0,0
2026-07-14,(마스터2) [제과_단백질 쉐이크] 26.07_단백질쉐이크출시_ASC_전환_image,(마스터2) [제과_단백질 쉐이크] 26.07_단백질쉐이크출시_ASC_전환_image,[26.07]F_I_SK초_전환_단백질쉐이크출시_혜택강조형_파우치.개당가강조_.배너_특정시점.대형할인급.네고왕급역대최저가.확장__이유빈_260707_제과_김수정,115,3,2647.0,0
2026-07-14,(마스터ASC)[제과_콘스프맛 팝콘] 26.07_콘스프맛팝콘출시_ASC_전환_image (NEW),(마스터ASC)[콘스프맛 팝콘] 26.07_콘스프맛팝콘출시_ASC_전환_image (NEW),[26.07]F_I_PC혼_전환_상시_매거진형_다이어트_.배너_야식콘텐츠페인포인트.넷플릭스과자.죄책감.걱정없는야식.검증__김소희_260708_제과_문다현,329,6,6316.0,1
2026-07-15,(마스터ASC)[제과_블트하] 26.07_블트깡출시_ASC_전환_video,(마스터ASC)[제과_블트하] 26.07_블트깡출시_ASC_전환_video,[26.07]F_V_BT깡_전환_블트깡출시_쩜오건_내돈내산리뷰.KR1_main.릴스_조용히출시.X_1P_김소희_260715_제과_문형민,23,1,307.0,2
2026-07-16,(마스터ASC)[제과_블트하] 26.07_블트깡출시_ASC_전환_video,(마스터ASC)[제과_블트하] 26.07_블트깡출시_ASC_전환_video,[26.07]F_V_BT깡_전환_블트깡출시_쩜오건_내돈내산리뷰.KR1_main.릴스_조용히출시.X_1P_김소희_260715_제과_문형민,210,3,2980.0,0
2026-07-16,[제과_단백질 쉐이크] 26.06_단백질쉐이크출시_수동_전환_image,올영최저가비교_0715,[26.07]F_I_SK혼_전환_단백질쉐이크출시_혜택강조형_올영최저가비교_.배너_크고불편한대용량손절기회.확장__이유빈_260715_제과_문다현,220,6,5285.0,0
2026-07-17,(마스터ASC)[제과_블트하] 26.07_블트깡출시_ASC_전환_video,(마스터ASC)[제과_블트하] 26.07_블트깡출시_ASC_전환_video,[26.07]F_V_BT깡_전환_블트깡출시_쩜오건_내돈내산리뷰.KR1_main.릴스_조용히출시.X_1P_김소희_260715_제과_문형민,5,0,74.0,0
2026-07-17,[제과_단백질 쉐이크] 26.06_단백질쉐이크출시_수동_전환_image,올영최저가비교_0715,[26.07]F_I_SK혼_전환_단백질쉐이크출시_혜택강조형_올영최저가비교_.배너_크고불편한대용량손절기회.확장__이유빈_260715_제과_문다현,242,8,5469.0,0
2026-07-18,(마스터ASC)[제과_블트하] 26.07_블트깡출시_ASC_전환_video,(마스터ASC)[제과_블트하] 26.07_블트깡출시_ASC_전환_video,[26.07]F_V_BT깡_전환_블트깡출시_쩜오건_내돈내산리뷰.KR1_main.릴스_조용히출시.X_1P_김소희_260715_제과_문형민,2,0,43.0,0
2026-07-21,(마스터ASC)[제과_블트하] 26.07_블트깡출시_ASC_전환_video,(마스터ASC)[제과_블트하] 26.07_블트깡출시_ASC_전환_video,[26.07]F_V_BT깡_전환_블트깡출시_쩜오건_내돈내산리뷰.KR1_main.릴스_조용히출시.X_1P_김소희_260715_제과_문형민,735,24,14702.0,5
2026-07-22,(마스터ASC)[제과_블트하] 26.07_블트깡출시_ASC_전환_video,(마스터ASC)[제과_블트하] 26.07_블트깡출시_ASC_전환_video,[26.07]F_V_BT깡_전환_블트깡출시_쩜오건_내돈내산리뷰.KR1_main.릴스_조용히출시.X_1P_김소희_260715_제과_문형민,403,16,7004.0,1
2026-07-22,(마스터ASC)[제과_블트하] 26.07_블트깡출시_ASC_전환_image,(마스터ASC)[제과_블트하] 26.07_블트깡출시_ASC_전환_image,[26.07]F_I_BT깡_전환_블트깡출시_바이럴형_KR1_.릴스_맘카페페르소나.지면테스트.애들이랑같이먹기좋은.검증__김소희_260721_제과_김수정,980,29,26372.0,6
2026-07-23,(마스터ASC)[제과_블트하] 26.07_블트깡출시_ASC_전환_image,(마스터ASC)[제과_블트하] 26.07_블트깡출시_ASC_전환_image,[26.07]F_I_BT깡_전환_블트깡출시_바이럴형_KR1_.릴스_맘카페페르소나.지면테스트.애들이랑같이먹기좋은.검증__김소희_260721_제과_김수정,77,1,1878.0,0
2026-07-24,(마스터ASC)[제과_블트하] 26.07_블트깡출시_ASC_전환_video,(마스터ASC)[제과_블트하] 26.07_블트깡출시_ASC_전환_video,[26.07]F_V_BT깡_전환_블트깡출시_쩜오건_내돈내산리뷰.KR1_main.릴스_조용히출시.X_1P_김소희_260715_제과_문형민,126,3,2141.0,0
2026-07-24,(마스터ASC)[제과_블트하] 26.07_블트깡출시_ASC_전환_image,(마스터ASC)[제과_블트하] 26.07_블트깡출시_ASC_전환_image,[26.07]F_I_BT깡_전환_블트깡출시_바이럴형_KR1_.릴스_맘카페페르소나.지면테스트.애들이랑같이먹기좋은.검증__김소희_260721_제과_김수정,3,0,135.0,0
2026-07-25,(마스터ASC)[제과_블트하] 26.07_블트깡출시_ASC_전환_video,(마스터ASC)[제과_블트하] 26.07_블트깡출시_ASC_전환_video,[26.07]F_V_BT깡_전환_블트깡출시_쩜오건_내돈내산리뷰.KR1_main.릴스_조용히출시.X_1P_김소희_260715_제과_문형민,25,0,690.0,0
2026-07-26,(마스터ASC)[제과_블트하] 26.07_블트깡출시_ASC_전환_video,(마스터ASC)[제과_블트하] 26.07_블트깡출시_ASC_전환_video,[26.07]F_V_BT깡_전환_블트깡출시_쩜오건_내돈내산리뷰.KR1_main.릴스_조용히출시.X_1P_김소희_260715_제과_문형민,132,2,2906.0,0
2026-07-27,(마스터ASC)[제과_블트하] 26.07_블트깡출시_ASC_전환_video,(마스터ASC)[제과_블트하] 26.07_블트깡출시_ASC_전환_video,[26.07]F_V_BT깡_전환_블트깡출시_쩜오건_내돈내산리뷰.KR1_main.릴스_조용히출시.X_1P_김소희_260715_제과_문형민,508,4,9916.0,0
2026-07-27,[제과_블트하] 26.07_블트깡출시_수동_전환_image_전체타겟,[혼합] 남편상황연출_블트칩출시 (KR1) (0727),[26.07]F_I_BT혼_전환_블트칩출시_혜택강조형_KR1_.피드_남편.맥주안주2.확장__김소희_260727_제과_박지현,214,4,5193.0,0
2026-07-27,[제과_블트하] 26.07_블트깡출시_수동_전환_image_전체타겟,[혼합] 주변인 상황연출_블트칩출시 (KR2) (0727),[26.07]F_I_BT깡_전환_블트칩출시_혜택강조형_KR2_.피드_주변인.팀장님.확장__김소희_260727_제과_박서연,65,1,2109.0,0
2026-07-28,(마스터ASC)[제과_블트하] 26.07_블트깡출시_ASC_전환_video,(마스터ASC)[제과_블트하] 26.07_블트깡출시_ASC_전환_video,[26.07]F_V_BT깡_전환_블트깡출시_쩜오건_내돈내산리뷰.KR1_main.릴스_조용히출시.X_1P_김소희_260715_제과_문형민,859,17,18952.0,2
2026-07-28,[제과_블트하] 26.07_블트깡출시_수동_전환_image_전체타겟,[혼합] 남편상황연출_블트칩출시 (KR1) (0727),[26.07]F_I_BT혼_전환_블트칩출시_혜택강조형_KR1_.피드_남편.맥주안주2.확장__김소희_260727_제과_박지현,834,18,21751.0,1
2026-07-28,[제과_블트하] 26.07_블트깡출시_수동_전환_image_전체타겟,[혼합] 주변인 상황연출_블트칩출시 (KR2) (0727),[26.07]F_I_BT깡_전환_블트칩출시_혜택강조형_KR2_.피드_주변인.팀장님.확장__김소희_260727_제과_박서연,558,5,15908.0,0
2026-07-28,[제과_블트하] 26.07_블트깡출시_수동_전환_image_전체타겟,남편인정소비_블트깡출시 (KR1) (0728),[26.07]F_I_BT칩_전환_블트칩출시_혜택강조형_KR1_.피드_이제다시는없습니다.__김소희_260728_제과_김수정,3,0,227.0,0
2026-07-02,[콘스프맛 팝콘] 26.05_콘스프맛팝콘출시_ASC_전환_image (old),[콘스프맛 팝콘] 26.05_콘스프맛팝콘출시_ASC_전환_image (old),[26.06]F_I_PC혼_전환_팝콘더블특가_매거진형_페인포인트_.배너_이외상황.영화관.__김소희_260624_제과_김나현,3,0,20.0,0
2026-07-04,[제과_단백질 쉐이크] 26.06_단백질쉐이크출시_수동_전환_video,전화네고형_0702,[26.07]F_V_SK곡_전환_단백질쉐이크출시_네고형_전화네고형_var7.릴스_본론.숏.X_2P_이유빈_260703_제과_윤성미,248,8,4213.0,2
2026-07-05,[제과_단백질 쉐이크] 26.06_단백질쉐이크출시_수동_전환_video,전화네고형_0702,[26.07]F_V_SK곡_전환_단백질쉐이크출시_네고형_전화네고형_var7.릴스_본론.숏.X_2P_이유빈_260703_제과_윤성미,906,41,20620.0,4
2026-07-06,[제과_단백질 쉐이크] 26.06_단백질쉐이크출시_수동_전환_video,전화네고형_0702,[26.07]F_V_SK곡_전환_단백질쉐이크출시_네고형_전화네고형_var7.릴스_본론.숏.X_2P_이유빈_260703_제과_윤성미,96,4,2666.0,1
2026-07-07,[제과_단백질 쉐이크] 26.06_단백질쉐이크출시_수동_전환_video,전화네고형_0702,[26.07]F_V_SK곡_전환_단백질쉐이크출시_네고형_전화네고형_var7.릴스_본론.숏.X_2P_이유빈_260703_제과_윤성미,652,29,17384.0,1
2026-07-07,[제과_콘스프맛 팝콘] 26.05_콘스프맛팝콘출시_수동_전환_image,긴급성강조_할인페스타 (~7/8),[26.07]F_I_PC혼_전환_팝콘할인페스타_혜택강조형_다이어트_.배너_선착순추가할인.마감임박안내.요요안온다고소문.안내정보.확장__김소희_260706_제과_문다현,493,3,7087.0,1
2026-07-08,[제과_콘스프맛 팝콘] 26.05_콘스프맛팝콘출시_수동_전환_image,긴급성강조_할인페스타 (~7/8),[26.07]F_I_PC혼_전환_팝콘할인페스타_혜택강조형_다이어트_.배너_선착순추가할인.마감임박안내.요요안온다고소문.안내정보.확장__김소희_260706_제과_문다현,94,3,1481.0,0
2026-07-08,[제과_단백질 쉐이크] 26.06_단백질쉐이크출시_수동_전환_image,파우치개당가강조_0706,[26.07]F_I_SK초_전환_단백질쉐이크출시_혜택강조형_파우치.개당가강조_.배너_불편하지않아도.할인조건없음.검증__이유빈_260706_제과_김수정,2,0,37.0,0
2026-07-08,[제과_단백질 쉐이크] 26.06_단백질쉐이크출시_수동_전환_image,파우치개당가강조_0706,[26.07]F_I_SK초_전환_단백질쉐이크출시_혜택강조형_파우치.개당가강조_.배너_대용랑페포.가루쏟은이미지.확장__이유빈_260707_제과_김수정,25,0,680.0,0
2026-07-09,[제과_단백질 쉐이크] 26.06_단백질쉐이크출시_수동_전환_image,파우치개당가강조_0706,[26.07]F_I_SK초_전환_단백질쉐이크출시_혜택강조형_파우치.개당가강조_.배너_불편하지않아도.할인조건없음.검증__이유빈_260706_제과_김수정,18,0,720.0,0
2026-07-09,[제과_단백질 쉐이크] 26.06_단백질쉐이크출시_수동_전환_image,파우치개당가강조_0706,[26.07]F_I_SK초_전환_단백질쉐이크출시_혜택강조형_파우치.개당가강조_.배너_대용랑페포.가루쏟은이미지.확장__이유빈_260707_제과_김수정,181,5,4723.0,0
2026-07-09,(마스터2) [제과_단백질 쉐이크] 26.07_단백질쉐이크출시_ASC_전환_image,(마스터2) [제과_단백질 쉐이크] 26.07_단백질쉐이크출시_ASC_전환_image,[26.07]F_I_SK혼_전환_단백질쉐이크출시_혜택강조형_파우치.개당가강조_.배너_대용량1개살돈으로무제한.토핑비주얼같이.확장__고민지_260708_제과_김수정,236,9,7397.0,0
2026-07-10,[제과_단백질 쉐이크] 26.06_단백질쉐이크출시_수동_전환_image,파우치개당가강조_0706,[26.07]F_I_SK초_전환_단백질쉐이크출시_혜택강조형_파우치.개당가강조_.배너_대용랑페포.가루쏟은이미지.확장__이유빈_260707_제과_김수정,1,0,27.0,0
2026-07-10,[제과_단백질 쉐이크] 26.06_단백질쉐이크출시_수동_전환_image,파우치개당가강조(2)_0709,[26.07]F_I_SK혼_전환_단백질쉐이크출시_매거진형_파우치.개당가강조_.배너_가격페인포인트.대용량하나가격에.곡물6종두달치.검증__이유빈_260709_제과_문다현,27,1,452.0,0
2026-07-11,[제과_단백질 쉐이크] 26.06_단백질쉐이크출시_수동_전환_image,파우치개당가강조_0706,[26.07]F_I_SK초_전환_단백질쉐이크출시_혜택강조형_파우치.개당가강조_.배너_대용랑페포.가루쏟은이미지.확장__이유빈_260707_제과_김수정,1,0,13.0,0
2026-07-11,[제과_단백질 쉐이크] 26.06_단백질쉐이크출시_수동_전환_image,파우치개당가강조(2)_0709,[26.07]F_I_SK혼_전환_단백질쉐이크출시_매거진형_파우치.개당가강조_.배너_가격페인포인트.대용량하나가격에.곡물6종두달치.검증__이유빈_260709_제과_문다현,312,7,7745.0,1
2026-07-11,[제과_단백질 쉐이크] 26.06_단백질쉐이크출시_수동_전환_video,문제공감형_0710,[26.07]F_V_SK혼_전환_단백질쉐이크출시_신규BP_문제공감형.파우치.개당가강조_var2.릴스_가격강조.X_2P_이유빈_260710_제과_이봄1,625,28,15073.0,0
2026-07-15,[제과_단백질 쉐이크] 26.06_단백질쉐이크출시_수동_전환_image,파우치개당가강조(2)_0709,[26.07]F_I_SK혼_전환_단백질쉐이크출시_매거진형_파우치.개당가강조_.배너_가격페인포인트.대용량하나가격에.곡물6종두달치.검증__이유빈_260709_제과_문다현,165,6,2697.0,0
2026-07-15,[제과_블트하] 26.07_블트깡출시_수동_전환_video_전체타겟,오터BP_블트깡출시 (KR2),[26.07]F_V_BT깡_전환_블트깡출시_제조과정형_CS제조과정형.KR2_var3.릴스_트러플.슬기.X_1P_김소희_260715_제과_피재은,265,5,5078.0,2
2026-07-15,[제과_블트하] 26.07_블트깡출시_수동_전환_video_전체타겟,브릭색드&맥주BP_블트깡출시 (KR1),[26.07]F_V_BT깡_전환_블트깡출시_신규BP_브릭샌드BP.KR1_var4.릴스_두쫀쿠버터떡.X_2P_김소희_260715_제과_윤성미,1004,27,16833.0,6
2026-07-15,(마스터ASC)[제과_블트하] 26.07_블트깡출시_ASC_전환_image,(마스터ASC)[제과_블트하] 26.07_블트깡출시_ASC_전환_image,[26.07]F_I_BT깡_전환_블트깡출시_혜택강조형_혜택강조형_.배너_프리미엄.고급진신상.검증__김소희_260715_제과_박서연,40,0,541.0,0
2026-07-15,[제과_블트하] 26.07_블트깡출시_수동_전환_image_전체타겟,원산지권위추가건_블트깡출시 (KR2),[26.07]F_I_BT깡_전환_블트깡출시_혜택강조형_KR2_.배너_원산지권위.1키로에수백만.검증__김소희_260715_제과_김수정,66,0,1409.0,0
2026-07-16,(마스터ASC)[제과_콘스프맛 팝콘] 26.05_콘스프맛팝콘출시_ASC_전환_video,(마스터ASC)[콘스프맛 팝콘] 26.05_콘스프맛팝콘출시_ASC_전환_video,[26.07]F_V_PC콘_전환_콘스프맛팝콘출시_네고형_지인네고형.다이어트_var1.릴스_취식상황강조1.슬기.(재)_1P_김소희_260710_제과_문형민,2,0,50.0,0
2026-07-16,[제과_블트하] 26.07_블트깡출시_수동_전환_video_전체타겟,오터BP_블트깡출시 (KR2),[26.07]F_V_BT깡_전환_블트깡출시_제조과정형_CS제조과정형.KR2_var3.릴스_트러플.슬기.X_1P_김소희_260715_제과_피재은,297,5,5235.0,0
2026-07-16,[제과_블트하] 26.07_블트깡출시_수동_전환_video_전체타겟,브릭색드&맥주BP_블트깡출시 (KR1),[26.07]F_V_BT깡_전환_블트깡출시_신규BP_브릭샌드BP.KR1_var4.릴스_두쫀쿠버터떡.X_2P_김소희_260715_제과_윤성미,3260,83,49183.0,12
2026-07-16,(마스터ASC)[제과_블트하] 26.07_블트깡출시_ASC_전환_image,(마스터ASC)[제과_블트하] 26.07_블트깡출시_ASC_전환_image,[26.07]F_I_BT깡_전환_블트깡출시_혜택강조형_혜택강조형_.배너_프리미엄.고급진신상.검증__김소희_260715_제과_박서연,142,3,2715.0,0
2026-07-16,[제과_블트하] 26.07_블트깡출시_수동_전환_image_전체타겟,원산지권위추가건_블트깡출시 (KR2),[26.07]F_I_BT깡_전환_블트깡출시_혜택강조형_KR2_.배너_원산지권위.1키로에수백만.검증__김소희_260715_제과_김수정,232,3,5779.0,0
2026-07-17,[제과_블트하] 26.07_블트깡출시_수동_전환_video_전체타겟,브릭색드&맥주BP_블트깡출시 (KR1),[26.07]F_V_BT깡_전환_블트깡출시_신규BP_브릭샌드BP.KR1_var4.릴스_두쫀쿠버터떡.X_2P_김소희_260715_제과_윤성미,3298,73,50036.0,10
2026-07-17,(마스터ASC)[제과_블트하] 26.07_블트깡출시_ASC_전환_image,(마스터ASC)[제과_블트하] 26.07_블트깡출시_ASC_전환_image,[26.07]F_I_BT깡_전환_블트깡출시_혜택강조형_혜택강조형_.배너_프리미엄.고급진신상.검증__김소희_260715_제과_박서연,3,1,36.0,0
2026-07-17,[제과_블트하] 26.07_블트깡출시_수동_전환_image_전체타겟,원산지권위추가건_블트깡출시 (KR2),[26.07]F_I_BT깡_전환_블트깡출시_혜택강조형_KR2_.배너_원산지권위.1키로에수백만.검증__김소희_260715_제과_김수정,2,0,24.0,0
2026-07-18,[제과_블트하] 26.07_블트깡출시_수동_전환_video_전체타겟,브릭색드&맥주BP_블트깡출시 (KR1),[26.07]F_V_BT깡_전환_블트깡출시_신규BP_브릭샌드BP.KR1_var4.릴스_두쫀쿠버터떡.X_2P_김소희_260715_제과_윤성미,7339,230,120018.0,32
2026-07-19,[제과_블트하] 26.07_블트깡출시_수동_전환_video_전체타겟,브릭색드&맥주BP_블트깡출시 (KR1),[26.07]F_V_BT깡_전환_블트깡출시_신규BP_브릭샌드BP.KR1_var4.릴스_두쫀쿠버터떡.X_2P_김소희_260715_제과_윤성미,694,18,10133.0,1
2026-07-19,(마스터ASC)[제과_블트하] 26.07_블트깡출시_ASC_전환_image,(마스터ASC)[제과_블트하] 26.07_블트깡출시_ASC_전환_image,[26.07]F_I_BT깡_전환_블트깡출시_혜택강조형_혜택강조형_.배너_프리미엄.고급진신상.검증__김소희_260715_제과_박서연,41,1,705.0,0
2026-07-20,(마스터ASC)[제과_블트하] 26.07_블트깡출시_ASC_전환_image,(마스터ASC)[제과_블트하] 26.07_블트깡출시_ASC_전환_image,[26.07]F_I_BT깡_전환_블트깡출시_혜택강조형_혜택강조형_.배너_프리미엄.고급진신상.검증__김소희_260715_제과_박서연,2,0,6.0,0
2026-07-21,(마스터ASC)[제과_콘스프맛 팝콘] 26.05_콘스프맛팝콘출시_ASC_전환_video,(마스터ASC)[콘스프맛 팝콘] 26.05_콘스프맛팝콘출시_ASC_전환_video,[26.07]F_V_PC콘_전환_콘스프맛팝콘출시_네고형_지인네고형.다이어트_var1.릴스_취식상황강조1.슬기.(재)_1P_김소희_260710_제과_문형민,23,1,512.0,0
2026-07-21,[제과_블트하] 26.07_블트깡출시_수동_전환_video_전체타겟,브릭색드&맥주BP_블트깡출시 (KR1),[26.07]F_V_BT깡_전환_블트깡출시_신규BP_브릭샌드BP.KR1_var4.릴스_두쫀쿠버터떡.X_2P_김소희_260715_제과_윤성미,1666,38,25964.0,5
2026-07-21,(마스터ASC)[제과_블트하] 26.07_블트깡출시_ASC_전환_image,(마스터ASC)[제과_블트하] 26.07_블트깡출시_ASC_전환_image,[26.07]F_I_BT깡_전환_블트깡출시_혜택강조형_혜택강조형_.배너_프리미엄.고급진신상.검증__김소희_260715_제과_박서연,1,0,9.0,0
2026-07-22,(마스터ASC)[제과_콘스프맛 팝콘] 26.05_콘스프맛팝콘출시_ASC_전환_video,(마스터ASC)[콘스프맛 팝콘] 26.05_콘스프맛팝콘출시_ASC_전환_video,[26.07]F_V_PC콘_전환_콘스프맛팝콘출시_네고형_지인네고형.다이어트_var1.릴스_취식상황강조1.슬기.(재)_1P_김소희_260710_제과_문형민,1,0,31.0,0
2026-07-22,[제과_블트하] 26.07_블트깡출시_수동_전환_video_전체타겟,브릭색드&맥주BP_블트깡출시 (KR1),[26.07]F_V_BT깡_전환_블트깡출시_신규BP_브릭샌드BP.KR1_var4.릴스_두쫀쿠버터떡.X_2P_김소희_260715_제과_윤성미,1272,36,25179.0,3
2026-07-22,[제과_블트하] 26.07_블트깡출시_수동_전환_image_전체타겟,남편인정소비_블트깡출시 (KR1) (0728),[26.07]F_I_BT깡_전환_블트깡출시_바이럴형_KR1_.릴스_맘카페페르소나.지면테스트.맛성분가격.검증__김소희_260721_제과_김수정,223,5,5580.0,1
2026-07-23,[제과_블트하] 26.07_블트깡출시_수동_전환_image_전체타겟,남편인정소비_블트깡출시 (KR1) (0728),[26.07]F_I_BT깡_전환_블트깡출시_바이럴형_KR1_.릴스_맘카페페르소나.지면테스트.맛성분가격.검증__김소희_260721_제과_김수정,14,1,248.0,1
2026-07-24,[칩] (마스터ASC)[제과_블트하] 26.07_블트칩출시_ASC_전환_image,[칩] (마스터ASC)[제과_블트하] 26.07_블트칩출시_ASC_전환_image,[26.07]F_I_BT칩_전환_블트칩출시_혜택강조형_KR1_.배너_비싼트러플에50년전통.확장__김소희_260723_제과_박서연,44,2,574.0,0
2026-07-25,(마스터ASC)[제과_콘스프맛 팝콘] 26.05_콘스프맛팝콘출시_ASC_전환_video,(마스터ASC)[콘스프맛 팝콘] 26.05_콘스프맛팝콘출시_ASC_전환_video,[26.07]F_V_PC콘_전환_콘스프맛팝콘출시_네고형_지인네고형.다이어트_var1.릴스_취식상황강조1.슬기.(재)_1P_김소희_260710_제과_문형민,2,0,9.0,0
2026-07-25,[제과_블트하] 26.07_블트깡출시_수동_전환_video_전체타겟,브릭색드&맥주BP_블트깡출시 (KR1),[26.07]F_V_BT깡_전환_블트깡출시_신규BP_브릭샌드BP.KR1_var4.릴스_두쫀쿠버터떡.X_2P_김소희_260715_제과_윤성미,515,10,14451.0,0
2026-07-25,[제과_블트하] 26.07_블트깡출시_수동_전환_image_전체타겟,남편인정소비_블트깡출시 (KR1) (0728),[26.07]F_I_BT깡_전환_블트깡출시_바이럴형_KR1_.릴스_맘카페페르소나.지면테스트.맛성분가격.검증__김소희_260721_제과_김수정,21,1,994.0,0
2026-07-25,[칩] (마스터ASC)[제과_블트하] 26.07_블트칩출시_ASC_전환_image,[칩] (마스터ASC)[제과_블트하] 26.07_블트칩출시_ASC_전환_image,[26.07]F_I_BT칩_전환_블트칩출시_혜택강조형_KR1_.배너_비싼트러플에50년전통.확장__김소희_260723_제과_박서연,18,0,348.0,1
2026-07-01,(미사용) [제과_단백질 쉐이크] 26.06_단백질쉐이크출시_ASC_전환_image,[제과_단백질 쉐이크] 26.06_단백질쉐이크출시_ASC_전환_image,[26.06]F_I_SK곡_전환_단백질쉐이크출시_제품강조형_라라권위_.배너_토핑26%폭탄수준.가격비교X.__이유빈_260701_제과_문다현,40,1,1194.0,0
2026-07-01,(미사용) [제과_단백질 쉐이크] 26.06_단백질쉐이크출시_ASC_전환_image,[제과_단백질 쉐이크] 26.06_단백질쉐이크출시_ASC_전환_image,[26.06]F_I_SK초_전환_단백질쉐이크출시_제품강조형_라라권위_.배너_생초코잔뜩넣은쫀득파르페.가격비교O.__이유빈_260701_제과_문다현,32,0,1086.0,0
2026-07-02,(미사용) [제과_단백질 쉐이크] 26.06_단백질쉐이크출시_ASC_전환_image,[제과_단백질 쉐이크] 26.06_단백질쉐이크출시_ASC_전환_image,[26.06]F_I_SK초_전환_단백질쉐이크출시_제품강조형_라라권위_.배너_생초코잔뜩넣은쫀득파르페.가격비교O.__이유빈_260701_제과_문다현,6,0,92.0,0
2026-07-02,(미사용) [제과_단백질 쉐이크] 26.06_단백질쉐이크출시_ASC_전환_image,[제과_단백질 쉐이크] 26.06_단백질쉐이크출시_ASC_전환_image,[26.06]F_I_SK곡_전환_단백질쉐이크출시_제품강조형_타사비교_.배너_저가비교.토핑적은데3천원인.__이유빈_260701_제과_김수정,632,24,16698.0,1
2026-07-03,(미사용) [제과_단백질 쉐이크] 26.06_단백질쉐이크출시_ASC_전환_image,[제과_단백질 쉐이크] 26.06_단백질쉐이크출시_ASC_전환_image,[26.06]F_I_SK초_전환_단백질쉐이크출시_제품강조형_라라권위_.배너_생초코잔뜩넣은쫀득파르페.가격비교O.__이유빈_260701_제과_문다현,1,0,22.0,0
2026-07-04,(미사용) [제과_단백질 쉐이크] 26.06_단백질쉐이크출시_ASC_전환_image,[제과_단백질 쉐이크] 26.06_단백질쉐이크출시_ASC_전환_image,[26.06]F_I_SK곡_전환_단백질쉐이크출시_제품강조형_라라권위_.배너_토핑26%폭탄수준.가격비교X.__이유빈_260701_제과_문다현,19,0,598.0,0
2026-07-04,[제과_단백질 쉐이크] 26.06_단백질쉐이크출시_ASC_전환_video,[제과_단백질 쉐이크] 26.06_단백질쉐이크출시_ASC_전환_video,[26.07]F_V_SK혼_전환_단백질쉐이크출시_네고형_역네고형_var2.릴스_취식.X_2P_이유빈_260703_제과_이미진,76,5,878.0,0
2026-07-05,[제과_단백질 쉐이크] 26.06_단백질쉐이크출시_ASC_전환_video,[제과_단백질 쉐이크] 26.06_단백질쉐이크출시_ASC_전환_video,[26.07]F_V_SK혼_전환_단백질쉐이크출시_네고형_역네고형_var2.릴스_취식.X_2P_이유빈_260703_제과_이미진,9,1,210.0,0
2026-07-06,(미사용) [제과_단백질 쉐이크] 26.06_단백질쉐이크출시_ASC_전환_image,[제과_단백질 쉐이크] 26.06_단백질쉐이크출시_ASC_전환_image,[26.06]F_I_SK곡_전환_단백질쉐이크출시_제품강조형_라라권위_.배너_토핑26%폭탄수준.가격비교X.__이유빈_260701_제과_문다현,24,0,519.0,0
2026-07-07,(미사용) [제과_단백질 쉐이크] 26.06_단백질쉐이크출시_ASC_전환_image,[제과_단백질 쉐이크] 26.06_단백질쉐이크출시_ASC_전환_image,[26.06]F_I_SK곡_전환_단백질쉐이크출시_제품강조형_라라권위_.배너_토핑26%폭탄수준.가격비교X.__이유빈_260701_제과_문다현,1,0,23.0,0
2026-07-07,[제과_단백질 쉐이크] 26.06_단백질쉐이크출시_ASC_전환_video,[제과_단백질 쉐이크] 26.06_단백질쉐이크출시_ASC_전환_video,[26.07]F_V_SK혼_전환_단백질쉐이크출시_네고형_역네고형_var2.릴스_취식.X_2P_이유빈_260703_제과_이미진,1,0,27.0,0
2026-07-07,(마스터2) [제과_단백질 쉐이크] 26.07_단백질쉐이크출시_ASC_전환_image,(마스터2) [제과_단백질 쉐이크] 26.07_단백질쉐이크출시_ASC_전환_image,[26.07]F_I_SK혼_전환_단백질쉐이크출시_혜택강조형_파우치.개당가강조_.배너_대용량페포.어디갈때마다.확장__이유빈_260707_제과_김수정,14,0,446.0,0
2026-07-08,(미사용) [제과_단백질 쉐이크] 26.06_단백질쉐이크출시_ASC_전환_image,[제과_단백질 쉐이크] 26.06_단백질쉐이크출시_ASC_전환_image,[26.06]F_I_SK초_전환_단백질쉐이크출시_제품강조형_라라권위_.배너_생초코잔뜩넣은쫀득파르페.가격비교O.__이유빈_260701_제과_문다현,244,7,6833.0,0
2026-07-08,[제과_콘스프맛 팝콘] 26.05_콘스프맛팝콘출시_수동_전환_image,가격한정&공지문_할인페스타(~7/8),[26.07]F_I_PC혼_전환_팝콘할인페스타_혜택강조형_다이어트_.배너_공지.가격실수안내.유명헬스뷰티스토어.대형유튜버.확장__김소희_260707_제과_문다현,68,1,983.0,0
2026-07-08,(마스터2) [제과_단백질 쉐이크] 26.07_단백질쉐이크출시_ASC_전환_image,(마스터2) [제과_단백질 쉐이크] 26.07_단백질쉐이크출시_ASC_전환_image,[26.07]F_I_SK혼_전환_단백질쉐이크출시_혜택강조형_파우치.개당가강조_.배너_대용량페포.어디갈때마다.확장__이유빈_260707_제과_김수정,31,0,466.0,0
2026-07-09,(미사용) [제과_단백질 쉐이크] 26.06_단백질쉐이크출시_ASC_전환_image,[제과_단백질 쉐이크] 26.06_단백질쉐이크출시_ASC_전환_image,[26.06]F_I_SK초_전환_단백질쉐이크출시_제품강조형_라라권위_.배너_생초코잔뜩넣은쫀득파르페.가격비교O.__이유빈_260701_제과_문다현,228,11,8612.0,0
2026-07-09,[제과_콘스프맛 팝콘] 26.05_콘스프맛팝콘출시_수동_전환_image,가격한정&공지문_할인페스타(~7/8),[26.07]F_I_PC혼_전환_팝콘할인페스타_혜택강조형_다이어트_.배너_공지.가격실수안내.유명헬스뷰티스토어.대형유튜버.확장__김소희_260707_제과_문다현,326,8,7059.0,1
2026-07-09,(마스터2) [제과_단백질 쉐이크] 26.07_단백질쉐이크출시_ASC_전환_image,(마스터2) [제과_단백질 쉐이크] 26.07_단백질쉐이크출시_ASC_전환_image,[26.07]F_I_SK혼_전환_단백질쉐이크출시_혜택강조형_파우치.개당가강조_.배너_대용량페포.어디갈때마다.확장__이유빈_260707_제과_김수정,1,0,2.0,0
2026-07-09,(마스터2) [제과_단백질 쉐이크] 26.07_단백질쉐이크출시_ASC_전환_image,(마스터2) [제과_단백질 쉐이크] 26.07_단백질쉐이크출시_ASC_전환_image,[26.07]F_I_SK곡_전환_단백질쉐이크출시_매거진형_라라스윗권위_.배너_저당.개당1천원대확대.확장__이유빈_260708_제과_김수정,438,10,9068.0,0
2026-07-09,[제과_단백질 쉐이크] 26.06_단백질쉐이크출시_수동_전환_video,아몬드스윗.삭제,[26.07]F_V_SK혼_전환_단백질쉐이크출시_신규BP_고객검증형.개당가메리트_var1.릴스_기대감.혜택변경.(재)_2P_이유빈_260707_제과_윤성미,143,4,1777.0,0
2026-07-10,(마스터2) [제과_단백질 쉐이크] 26.07_단백질쉐이크출시_ASC_전환_image,(마스터2) [제과_단백질 쉐이크] 26.07_단백질쉐이크출시_ASC_전환_image,[26.07]F_I_SK혼_전환_단백질쉐이크출시_혜택강조형_파우치.개당가강조_.배너_대용량페포.어디갈때마다.확장__이유빈_260707_제과_김수정,1,0,11.0,0
2026-07-10,[제과_단백질 쉐이크] 26.06_단백질쉐이크출시_수동_전환_video,아몬드스윗.삭제,[26.07]F_V_SK혼_전환_단백질쉐이크출시_신규BP_고객검증형.개당가메리트_var1.릴스_기대감.혜택변경.(재)_2P_이유빈_260707_제과_윤성미,4488,102,59503.0,7
2026-07-11,[제과_단백질 쉐이크] 26.06_단백질쉐이크출시_수동_전환_video,아몬드스윗.삭제,[26.07]F_V_SK혼_전환_단백질쉐이크출시_신규BP_고객검증형.개당가메리트_var1.릴스_기대감.혜택변경.(재)_2P_이유빈_260707_제과_윤성미,6955,173,86591.0,11
2026-07-13,(마스터2) [제과_단백질 쉐이크] 26.07_단백질쉐이크출시_ASC_전환_image,(마스터2) [제과_단백질 쉐이크] 26.07_단백질쉐이크출시_ASC_전환_image,[26.07]F_I_SK혼_전환_단백질쉐이크출시_혜택강조형_파우치.개당가강조_.배너_대용량페포.어디갈때마다.확장__이유빈_260707_제과_김수정,120,1,2300.0,0
2026-07-13,[제과_단백질 쉐이크] 26.06_단백질쉐이크출시_수동_전환_video,아몬드스윗.삭제,[26.07]F_V_SK혼_전환_단백질쉐이크출시_신규BP_고객검증형.개당가메리트_var1.릴스_기대감.혜택변경.(재)_2P_이유빈_260707_제과_윤성미,1131,42,16208.0,3
2026-07-14,[제과_단백질 쉐이크] 26.06_단백질쉐이크출시_수동_전환_video,아몬드스윗.삭제,[26.07]F_V_SK혼_전환_단백질쉐이크출시_신규BP_고객검증형.개당가메리트_var1.릴스_기대감.혜택변경.(재)_2P_이유빈_260707_제과_윤성미,989,39,14283.0,1
2026-07-15,(마스터2) [제과_단백질 쉐이크] 26.07_단백질쉐이크출시_ASC_전환_image,(마스터2) [제과_단백질 쉐이크] 26.07_단백질쉐이크출시_ASC_전환_image,[26.07]F_I_SK혼_전환_단백질쉐이크출시_혜택강조형_파우치.개당가강조_.배너_대용량페포.어디갈때마다.확장__이유빈_260707_제과_김수정,1,0,88.0,0
2026-07-15,[제과_단백질 쉐이크] 26.06_단백질쉐이크출시_수동_전환_video,아몬드스윗.삭제,[26.07]F_V_SK혼_전환_단백질쉐이크출시_신규BP_고객검증형.개당가메리트_var1.릴스_기대감.혜택변경.(재)_2P_이유빈_260707_제과_윤성미,2473,71,30314.0,3
2026-07-15,[제과_단백질 쉐이크] 26.06_단백질쉐이크출시_수동_전환_image,올영최저가비교_0714,[26.07]F_I_SK혼_전환_단백질쉐이크출시_혜택강조형_올영최저가비교_.배너_올영보다쌀때쟁이세요.네고형.팝콘.확장__이유빈_260714_제과_문다현,35,0,830.0,0
2026-07-15,[제과_블트하] 26.07_블트깡출시_수동_전환_video_전체타겟,오터BP_블트깡출시 (KR2),[26.07]F_V_BT깡_전환_블트깡출시_제조과정형_CS제조과정형.KR2_main.릴스_메인.슬기.X_1P_김소희_260715_제과_피재은,275,9,5825.0,1
2026-07-15,[제과_블트하] 26.07_블트깡출시_수동_전환_video_전체타겟,BP이식형_블트깡출시 (KR1),[26.07]F_V_BT깡_전환_블트깡출시_쩜오건_리액션과장.KR1_var5.릴스_출시.맛후킹.X_1P_김소희_260715_제과_문형민,357,11,4948.0,1
2026-07-15,[제과_블트하] 26.07_블트깡출시_수동_전환_image_전체타겟,3040대세감_블트깡출시 (KR1),[26.07]F_I_BT깡_전환_블트깡출시_혜택강조형_혜택강조형_.배너_프리미엄.고급진신상.검증__김소희_260715_제과_박서연,90,0,796.0,0
2026-07-15,(마스터ASC)[제과_블트하] 26.07_블트깡출시_ASC_전환_image,(마스터ASC)[제과_블트하] 26.07_블트깡출시_ASC_전환_image,[26.07]F_I_BT깡_전환_블트깡출시_매거진형_KR1_.배너_판매량.품절이라못먹어본사람많다는.검증__김소희_260715_제과_김수정,156,0,2137.0,0
2026-07-16,[제과_단백질 쉐이크] 26.06_단백질쉐이크출시_수동_전환_image,올영최저가비교_0714,[26.07]F_I_SK혼_전환_단백질쉐이크출시_혜택강조형_올영최저가비교_.배너_올영보다쌀때쟁이세요.네고형.팝콘.확장__이유빈_260714_제과_문다현,14,0,463.0,0
2026-07-16,[제과_블트하] 26.07_블트깡출시_수동_전환_video_전체타겟,오터BP_블트깡출시 (KR2),[26.07]F_V_BT깡_전환_블트깡출시_제조과정형_CS제조과정형.KR2_main.릴스_메인.슬기.X_1P_김소희_260715_제과_피재은,448,17,8069.0,0
2026-07-16,[제과_블트하] 26.07_블트깡출시_수동_전환_video_전체타겟,BP이식형_블트깡출시 (KR1),[26.07]F_V_BT깡_전환_블트깡출시_쩜오건_리액션과장.KR1_var5.릴스_출시.맛후킹.X_1P_김소희_260715_제과_문형민,11377,275,134702.0,36
2026-07-16,[제과_블트하] 26.07_블트깡출시_수동_전환_image_전체타겟,3040대세감_블트깡출시 (KR1),[26.07]F_I_BT깡_전환_블트깡출시_혜택강조형_혜택강조형_.배너_프리미엄.고급진신상.검증__김소희_260715_제과_박서연,318,9,8908.0,3
2026-07-16,(마스터ASC)[제과_블트하] 26.07_블트깡출시_ASC_전환_image,(마스터ASC)[제과_블트하] 26.07_블트깡출시_ASC_전환_image,[26.07]F_I_BT깡_전환_블트깡출시_매거진형_KR1_.배너_판매량.품절이라못먹어본사람많다는.검증__김소희_260715_제과_김수정,28,0,458.0,0
2026-07-17,(마스터2) [제과_단백질 쉐이크] 26.07_단백질쉐이크출시_ASC_전환_image,(마스터2) [제과_단백질 쉐이크] 26.07_단백질쉐이크출시_ASC_전환_image,[26.07]F_I_SK혼_전환_단백질쉐이크출시_혜택강조형_파우치.개당가강조_.배너_대용량페포.어디갈때마다.확장__이유빈_260707_제과_김수정,1,0,5.0,0
2026-07-17,[제과_단백질 쉐이크] 26.06_단백질쉐이크출시_수동_전환_video,아몬드스윗.삭제,[26.07]F_V_SK혼_전환_단백질쉐이크출시_신규BP_고객검증형.개당가메리트_var1.릴스_기대감.혜택변경.(재)_2P_이유빈_260707_제과_윤성미,5932,228,86142.0,13
2026-07-17,[제과_블트하] 26.07_블트깡출시_수동_전환_video_전체타겟,BP이식형_블트깡출시 (KR1),[26.07]F_V_BT깡_전환_블트깡출시_쩜오건_리액션과장.KR1_var5.릴스_출시.맛후킹.X_1P_김소희_260715_제과_문형민,5362,169,73720.0,24
2026-07-17,[제과_블트하] 26.07_블트깡출시_수동_전환_image_전체타겟,3040대세감_블트깡출시 (KR1),[26.07]F_I_BT깡_전환_블트깡출시_혜택강조형_혜택강조형_.배너_프리미엄.고급진신상.검증__김소희_260715_제과_박서연,16,1,190.0,0
2026-07-17,(마스터ASC)[제과_블트하] 26.07_블트깡출시_ASC_전환_video,(마스터ASC)[제과_블트하] 26.07_블트깡출시_ASC_전환_video,[26.07]F_V_BT깡_전환_블트깡출시_인물리뷰형_에어프라이기BP.KR1_var2.릴스_원물.슬기.X_1P_최나영_260716_제과_피재은,203,3,4648.0,1
2026-07-18,[제과_단백질 쉐이크] 26.06_단백질쉐이크출시_수동_전환_image,올영최저가비교_0714,[26.07]F_I_SK혼_전환_단백질쉐이크출시_혜택강조형_올영최저가비교_.배너_올영보다쌀때쟁이세요.네고형.팝콘.확장__이유빈_260714_제과_문다현,39,2,995.0,0
2026-07-18,[제과_블트하] 26.07_블트깡출시_수동_전환_video_전체타겟,BP이식형_블트깡출시 (KR1),[26.07]F_V_BT깡_전환_블트깡출시_쩜오건_리액션과장.KR1_var5.릴스_출시.맛후킹.X_1P_김소희_260715_제과_문형민,5452,139,73506.0,17
2026-07-18,(마스터ASC)[제과_블트하] 26.07_블트깡출시_ASC_전환_video,(마스터ASC)[제과_블트하] 26.07_블트깡출시_ASC_전환_video,[26.07]F_V_BT깡_전환_블트깡출시_인물리뷰형_에어프라이기BP.KR1_var2.릴스_원물.슬기.X_1P_최나영_260716_제과_피재은,8,0,114.0,1
2026-07-19,[제과_단백질 쉐이크] 26.06_단백질쉐이크출시_수동_전환_video,아몬드스윗.삭제,[26.07]F_V_SK혼_전환_단백질쉐이크출시_신규BP_고객검증형.개당가메리트_var1.릴스_기대감.혜택변경.(재)_2P_이유빈_260707_제과_윤성미,684,29,8043.0,1
2026-07-19,[제과_단백질 쉐이크] 26.06_단백질쉐이크출시_수동_전환_image,올영최저가비교_0714,[26.07]F_I_SK혼_전환_단백질쉐이크출시_혜택강조형_올영최저가비교_.배너_올영보다쌀때쟁이세요.네고형.팝콘.확장__이유빈_260714_제과_문다현,72,3,1154.0,0
2026-07-19,[제과_블트하] 26.07_블트깡출시_수동_전환_video_전체타겟,BP이식형_블트깡출시 (KR1),[26.07]F_V_BT깡_전환_블트깡출시_쩜오건_리액션과장.KR1_var5.릴스_출시.맛후킹.X_1P_김소희_260715_제과_문형민,12058,347,166356.0,43
2026-07-20,(마스터2) [제과_단백질 쉐이크] 26.07_단백질쉐이크출시_ASC_전환_image,(마스터2) [제과_단백질 쉐이크] 26.07_단백질쉐이크출시_ASC_전환_image,[26.07]F_I_SK혼_전환_단백질쉐이크출시_혜택강조형_파우치.개당가강조_.배너_대용량페포.어디갈때마다.확장__이유빈_260707_제과_김수정,967,13,12549.0,1
2026-07-20,[제과_단백질 쉐이크] 26.06_단백질쉐이크출시_수동_전환_video,아몬드스윗.삭제,[26.07]F_V_SK혼_전환_단백질쉐이크출시_신규BP_고객검증형.개당가메리트_var1.릴스_기대감.혜택변경.(재)_2P_이유빈_260707_제과_윤성미,9484,307,105231.0,11
2026-07-20,[제과_단백질 쉐이크] 26.06_단백질쉐이크출시_수동_전환_image,올영최저가비교_0714,[26.07]F_I_SK혼_전환_단백질쉐이크출시_혜택강조형_올영최저가비교_.배너_올영보다쌀때쟁이세요.네고형.팝콘.확장__이유빈_260714_제과_문다현,1,0,26.0,0
2026-07-20,[제과_블트하] 26.07_블트깡출시_수동_전환_video_전체타겟,BP이식형_블트깡출시 (KR1),[26.07]F_V_BT깡_전환_블트깡출시_쩜오건_리액션과장.KR1_var5.릴스_출시.맛후킹.X_1P_김소희_260715_제과_문형민,3353,106,42025.0,7
2026-07-20,(마스터ASC)[제과_블트하] 26.07_블트깡출시_ASC_전환_image,(마스터ASC)[제과_블트하] 26.07_블트깡출시_ASC_전환_image,[26.07]F_I_BT깡_전환_블트깡출시_매거진형_KR1_.배너_판매량.품절이라못먹어본사람많다는.검증__김소희_260715_제과_김수정,1,1,52.0,0
2026-07-20,(마스터ASC)[제과_블트하] 26.07_블트깡출시_ASC_전환_video,(마스터ASC)[제과_블트하] 26.07_블트깡출시_ASC_전환_video,[26.07]F_V_BT깡_전환_블트깡출시_인물리뷰형_에어프라이기BP.KR1_var2.릴스_원물.슬기.X_1P_최나영_260716_제과_피재은,2,0,49.0,0
2026-07-21,[제과_단백질 쉐이크] 26.06_단백질쉐이크출시_수동_전환_video,아몬드스윗.삭제,[26.07]F_V_SK혼_전환_단백질쉐이크출시_신규BP_고객검증형.개당가메리트_var1.릴스_기대감.혜택변경.(재)_2P_이유빈_260707_제과_윤성미,2001,88,20211.0,2
2026-07-21,[제과_단백질 쉐이크] 26.06_단백질쉐이크출시_수동_전환_image,올영최저가비교_0714,[26.07]F_I_SK혼_전환_단백질쉐이크출시_혜택강조형_올영최저가비교_.배너_올영보다쌀때쟁이세요.네고형.팝콘.확장__이유빈_260714_제과_문다현,23,0,464.0,0
2026-07-21,[제과_블트하] 26.07_블트깡출시_수동_전환_image_전체타겟,3040대세감_블트깡출시 (KR1),[26.07]F_I_BT깡_전환_블트깡출시_혜택강조형_혜택강조형_.배너_프리미엄.고급진신상.검증__김소희_260715_제과_박서연,512,17,13302.0,2
2026-07-21,(마스터ASC)[제과_블트하] 26.07_블트깡출시_ASC_전환_image,(마스터ASC)[제과_블트하] 26.07_블트깡출시_ASC_전환_image,[26.07]F_I_BT깡_전환_블트깡출시_매거진형_KR1_.배너_판매량.품절이라못먹어본사람많다는.검증__김소희_260715_제과_김수정,129,3,2320.0,1
2026-07-22,(마스터ASC)[제과_블트하] 26.07_블트깡출시_ASC_전환_image,(마스터ASC)[제과_블트하] 26.07_블트깡출시_ASC_전환_image,[26.07]F_I_BT깡_전환_블트깡출시_매거진형_KR1_.배너_판매량.품절이라못먹어본사람많다는.검증__김소희_260715_제과_김수정,18,1,246.0,0
2026-07-22,(마스터ASC)[제과_블트하] 26.07_블트깡출시_ASC_전환_video,(마스터ASC)[제과_블트하] 26.07_블트깡출시_ASC_전환_video,[26.07]F_V_BT깡_전환_블트깡출시_인물리뷰형_에어프라이기BP.KR1_var2.릴스_원물.슬기.X_1P_최나영_260716_제과_피재은,3,0,62.0,0
2026-07-23,[제과_블트하] 26.07_블트깡출시_수동_전환_video_전체타겟,BP이식형_블트깡출시 (KR1),[26.07]F_V_BT깡_전환_블트깡출시_쩜오건_리액션과장.KR1_var5.릴스_출시.맛후킹.X_1P_김소희_260715_제과_문형민,821,23,11505.0,2
2026-07-23,(마스터ASC)[제과_블트하] 26.07_블트깡출시_ASC_전환_image,(마스터ASC)[제과_블트하] 26.07_블트깡출시_ASC_전환_image,[26.07]F_I_BT깡_전환_블트깡출시_매거진형_KR1_.배너_판매량.품절이라못먹어본사람많다는.검증__김소희_260715_제과_김수정,93,2,1037.0,0
2026-07-23,[제과_블트하] 26.07_블트깡출시_수동_전환_image_전체타겟,(칩)맘카페캐러셀_블트칩출시 (KR1),[26.07]F_I_BT칩_전환_블트칩출시__KR1_.배너_맛비주얼공지문.창고형마트품절대란.확장__김소희_260722_제과_김수정,377,9,5229.0,0
2026-07-23,[칩] (마스터ASC)[제과_블트하] 26.07_블트칩출시_ASC_전환_image,[칩] (마스터ASC)[제과_블트하] 26.07_블트칩출시_ASC_전환_image,[26.07]F_I_BT칩_전환_블트칩출시_혜택강조형_KR1_.배너_비싼거때려넣음.확장__김소희_260723_제과_박서연,95,1,1836.0,0
2026-07-24,[제과_블트하] 26.07_블트깡출시_수동_전환_video_전체타겟,BP이식형_블트깡출시 (KR1),[26.07]F_V_BT깡_전환_블트깡출시_쩜오건_리액션과장.KR1_var5.릴스_출시.맛후킹.X_1P_김소희_260715_제과_문형민,1058,34,15997.0,1
2026-07-24,[제과_블트하] 26.07_블트깡출시_수동_전환_image_전체타겟,(칩) 맘카페&혜택강조형_블트칩출시 (0723),[26.07]F_I_BT칩_전환_블트칩출시_혜택강조형_KR1_.배너_비싼거때려넣음.확장__김소희_260723_제과_박서연,723,16,15737.0,2
2026-07-24,[칩] (마스터ASC)[제과_블트하] 26.07_블트칩출시_ASC_전환_image,[칩] (마스터ASC)[제과_블트하] 26.07_블트칩출시_ASC_전환_image,[26.07]F_I_BT칩_전환_블트칩출시_혜택강조형_KR1_.배너_비싼거때려넣음.확장__김소희_260723_제과_박서연,643,16,11846.0,0
2026-07-24,[제과_블트하] 26.07_블트깡출시_수동_전환_video_전체타겟,(0725) [칩] BP이식형_블트칩출시 (KR1) (경연님/성미님),[26.07]F_V_BT칩_전환_블트칩출시_쩜오건_오감자BP.KR1_var2.릴스_맘카페.X_2P_최나영_260724_제과_윤성미,94,0,1551.0,0
2026-07-25,[제과_블트하] 26.07_블트깡출시_수동_전환_video_전체타겟,BP이식형_블트깡출시 (KR1),[26.07]F_V_BT깡_전환_블트깡출시_쩜오건_리액션과장.KR1_var5.릴스_출시.맛후킹.X_1P_김소희_260715_제과_문형민,393,8,9102.0,0
2026-07-25,[제과_블트하] 26.07_블트깡출시_수동_전환_image_전체타겟,(칩) 맘카페&혜택강조형_블트칩출시 (0723),[26.07]F_I_BT칩_전환_블트칩출시_혜택강조형_KR1_.배너_비싼거때려넣음.확장__김소희_260723_제과_박서연,476,15,13776.0,0
2026-07-25,[칩] (마스터ASC)[제과_블트하] 26.07_블트칩출시_ASC_전환_image,[칩] (마스터ASC)[제과_블트하] 26.07_블트칩출시_ASC_전환_image,[26.07]F_I_BT칩_전환_블트칩출시_혜택강조형_KR1_.배너_비싼거때려넣음.확장__김소희_260723_제과_박서연,165,4,3653.0,0
2026-07-25,[제과_블트하] 26.07_블트깡출시_수동_전환_video_전체타겟,(0725) [칩] BP이식형_블트칩출시 (KR1) (경연님/성미님),[26.07]F_V_BT칩_전환_블트칩출시_쩜오건_오감자BP.KR1_var2.릴스_맘카페.X_2P_최나영_260724_제과_윤성미,339,4,6107.0,0
2026-07-26,[제과_블트하] 26.07_블트깡출시_수동_전환_video_전체타겟,BP이식형_블트깡출시 (KR1),[26.07]F_V_BT깡_전환_블트깡출시_쩜오건_리액션과장.KR1_var5.릴스_출시.맛후킹.X_1P_김소희_260715_제과_문형민,621,11,12281.0,0
2026-07-26,[제과_블트하] 26.07_블트깡출시_수동_전환_image_전체타겟,(칩) 맘카페&혜택강조형_블트칩출시 (0723),[26.07]F_I_BT칩_전환_블트칩출시_혜택강조형_KR1_.배너_비싼거때려넣음.확장__김소희_260723_제과_박서연,116,1,2970.0,1
2026-07-27,[제과_블트하] 26.07_블트깡출시_수동_전환_video_전체타겟,BP이식형_블트깡출시 (KR1),[26.07]F_V_BT깡_전환_블트깡출시_쩜오건_리액션과장.KR1_var5.릴스_출시.맛후킹.X_1P_김소희_260715_제과_문형민,21860,375,423077.0,32
2026-07-27,[제과_블트하] 26.07_블트깡출시_수동_전환_image_전체타겟,(칩) 맘카페&혜택강조형_블트칩출시 (0723),[26.07]F_I_BT칩_전환_블트칩출시_혜택강조형_KR1_.배너_비싼거때려넣음.확장__김소희_260723_제과_박서연,140,4,4180.0,0
2026-07-27,[제과_블트하] 26.07_블트깡출시_수동_전환_image_전체타겟,[혼합] 주변인 상황연출_블트칩출시 (KR2) (0727),[26.07]F_I_BT깡_전환_블트칩출시_혜택강조형_KR2_.피드_주변인.탕비실.확장__김소희_260727_제과_박서연,50,0,861.0,0
2026-07-28,[제과_블트하] 26.07_블트깡출시_수동_전환_video_전체타겟,BP이식형_블트깡출시 (KR1),[26.07]F_V_BT깡_전환_블트깡출시_쩜오건_리액션과장.KR1_var5.릴스_출시.맛후킹.X_1P_김소희_260715_제과_문형민,30883,604,599410.0,46
2026-07-28,[제과_블트하] 26.07_블트깡출시_수동_전환_image_전체타겟,[혼합] 주변인 상황연출_블트칩출시 (KR2) (0727),[26.07]F_I_BT깡_전환_블트칩출시_혜택강조형_KR2_.피드_주변인.탕비실.확장__김소희_260727_제과_박서연,642,12,18225.0,0
2026-07-02,[제과_콘스프맛 팝콘] 26.05_콘스프맛팝콘출시_수동_전환_image,오늘까지만_앵콜더블특가 (~7/1),[26.06]F_I_PC혼_전환_팝콘더블특가_매거진형_다이어트_.배너_오늘까지만할인.요요.입터짐방지템.확장__김소희_260701_제과_문다현,16,1,353.0,0
2026-07-03,(마스터ASC)[제과_콘스프맛 팝콘] 26.07_콘스프맛팝콘출시_ASC_전환_image (NEW),(마스터ASC)[콘스프맛 팝콘] 26.07_콘스프맛팝콘출시_ASC_전환_image (NEW),[26.07]F_I_PC혼_전환_팝콘할인페스타_혜택강조형_다이어트_.배너_매거진형.군것질하고픈데살걱정.선착순.확장__김소희_260702_제과_문다현,41,0,1205.0,0
2026-07-04,(미사용) [제과_단백질 쉐이크] 26.06_단백질쉐이크출시_ASC_전환_image,[제과_단백질 쉐이크] 26.06_단백질쉐이크출시_ASC_전환_image,[26.06]F_I_SK곡_전환_단백질쉐이크출시_혜택강조형_맛강조_.배너_찐한.__이유빈_260626_제과_김나현,4,0,73.0,0
2026-07-04,(마스터ASC)[제과_콘스프맛 팝콘] 26.07_콘스프맛팝콘출시_ASC_전환_image (NEW),(마스터ASC)[콘스프맛 팝콘] 26.07_콘스프맛팝콘출시_ASC_전환_image (NEW),[26.07]F_I_PC혼_전환_팝콘할인페스타_혜택강조형_다이어트_.배너_매거진형.군것질하고픈데살걱정.선착순.확장__김소희_260702_제과_문다현,2,0,23.0,0
2026-07-05,(마스터ASC)[제과_콘스프맛 팝콘] 26.07_콘스프맛팝콘출시_ASC_전환_image (NEW),(마스터ASC)[콘스프맛 팝콘] 26.07_콘스프맛팝콘출시_ASC_전환_image (NEW),[26.07]F_I_PC혼_전환_팝콘할인페스타_혜택강조형_다이어트_.배너_매거진형.군것질하고픈데살걱정.선착순.확장__김소희_260702_제과_문다현,3,0,43.0,0
2026-07-06,(미사용) [제과_단백질 쉐이크] 26.06_단백질쉐이크출시_ASC_전환_image,[제과_단백질 쉐이크] 26.06_단백질쉐이크출시_ASC_전환_image,[26.06]F_I_SK곡_전환_단백질쉐이크출시_혜택강조형_맛강조_.배너_찐한.__이유빈_260626_제과_김나현,1,0,12.0,0
2026-07-07,(마스터ASC)[제과_콘스프맛 팝콘] 26.07_콘스프맛팝콘출시_ASC_전환_image (NEW),(마스터ASC)[콘스프맛 팝콘] 26.07_콘스프맛팝콘출시_ASC_전환_image (NEW),[26.07]F_I_PC혼_전환_팝콘할인페스타_혜택강조형_다이어트_.배너_매거진형.군것질하고픈데살걱정.선착순.확장__김소희_260702_제과_문다현,402,7,5089.0,1
2026-07-08,(마스터ASC)[제과_콘스프맛 팝콘] 26.07_콘스프맛팝콘출시_ASC_전환_image (NEW),(마스터ASC)[콘스프맛 팝콘] 26.07_콘스프맛팝콘출시_ASC_전환_image (NEW),[26.07]F_I_PC혼_전환_팝콘할인페스타_혜택강조형_다이어트_.배너_매거진형.군것질하고픈데살걱정.선착순.확장__김소희_260702_제과_문다현,247,1,3026.0,1
2026-07-08,[제과_단백질 쉐이크] 26.06_단백질쉐이크출시_ASC_전환_video,[제과_단백질 쉐이크] 26.06_단백질쉐이크출시_ASC_전환_video,[26.07]F_V_SK혼_전환_단백질쉐이크출시_네고형_지인네고형_main.릴스_가격강조아몬드스윗삭제.(재)_2P_이유빈_260707_제과_이봄1,3981,190,61705.0,5
2026-07-09,(마스터ASC)[제과_콘스프맛 팝콘] 26.07_콘스프맛팝콘출시_ASC_전환_image (NEW),(마스터ASC)[콘스프맛 팝콘] 26.07_콘스프맛팝콘출시_ASC_전환_image (NEW),[26.07]F_I_PC혼_전환_팝콘할인페스타_혜택강조형_다이어트_.배너_매거진형.군것질하고픈데살걱정.선착순.확장__김소희_260702_제과_문다현,242,2,3277.0,0
2026-07-09,[제과_단백질 쉐이크] 26.06_단백질쉐이크출시_ASC_전환_video,[제과_단백질 쉐이크] 26.06_단백질쉐이크출시_ASC_전환_video,[26.07]F_V_SK혼_전환_단백질쉐이크출시_네고형_지인네고형_main.릴스_가격강조아몬드스윗삭제.(재)_2P_이유빈_260707_제과_이봄1,1034,49,15138.0,2
2026-07-10,[제과_단백질 쉐이크] 26.06_단백질쉐이크출시_ASC_전환_video,[제과_단백질 쉐이크] 26.06_단백질쉐이크출시_ASC_전환_video,[26.07]F_V_SK혼_전환_단백질쉐이크출시_네고형_지인네고형_main.릴스_가격강조아몬드스윗삭제.(재)_2P_이유빈_260707_제과_이봄1,5002,200,66861.0,9
2026-07-10,[제과_단백질 쉐이크] 26.06_단백질쉐이크출시_수동_전환_image,파우치개당가강조(2)_0709,[26.07]F_I_SK혼_전환_단백질쉐이크출시_매거진형_파우치.개당가강조_.배너_맛없페인포인트.디저트먹는데살이걍빠짐.검증__이유빈_260709_제과_문다현,17,0,751.0,0
2026-07-10,[제과_단쉐_990] 26.07_깜짝990딜_ASC_전환_image,[제과_단쉐_990] 26.07_깜짝990딜_ASC_전환_image,[26.07]F_I_SK혼_전환_단쉐990원_혜택강조형__.배너_다이소보다쌈.네고형.토핑국밥.확장__이유빈_260710_제과_문다현,429,28,6482.0,0
2026-07-11,[제과_단백질 쉐이크] 26.06_단백질쉐이크출시_ASC_전환_video,[제과_단백질 쉐이크] 26.06_단백질쉐이크출시_ASC_전환_video,[26.07]F_V_SK혼_전환_단백질쉐이크출시_네고형_지인네고형_main.릴스_가격강조아몬드스윗삭제.(재)_2P_이유빈_260707_제과_이봄1,7458,358,105058.0,13
2026-07-11,[제과_단백질 쉐이크] 26.06_단백질쉐이크출시_수동_전환_image,파우치개당가강조(2)_0709,[26.07]F_I_SK혼_전환_단백질쉐이크출시_매거진형_파우치.개당가강조_.배너_맛없페인포인트.디저트먹는데살이걍빠짐.검증__이유빈_260709_제과_문다현,32,1,796.0,0
2026-07-11,[제과_단쉐_990] 26.07_깜짝990딜_ASC_전환_image,[제과_단쉐_990] 26.07_깜짝990딜_ASC_전환_image,[26.07]F_I_SK혼_전환_단쉐990원_혜택강조형__.배너_다이소보다쌈.네고형.토핑국밥.확장__이유빈_260710_제과_문다현,7765,512,102557.0,10
2026-07-11,[제과_단백질 쉐이크] 26.06_단백질쉐이크출시_수동_전환_video,문제공감형_0710,[26.07]F_V_SK혼_전환_단백질쉐이크출시_신규BP_문제공감형.파우치.개당가강조_var5.릴스_노력강조.셋다.X_2P_이유빈_260710_제과_이봄1,231,10,8504.0,1
2026-07-12,[제과_단백질 쉐이크] 26.06_단백질쉐이크출시_ASC_전환_video,[제과_단백질 쉐이크] 26.06_단백질쉐이크출시_ASC_전환_video,[26.07]F_V_SK혼_전환_단백질쉐이크출시_네고형_지인네고형_main.릴스_가격강조아몬드스윗삭제.(재)_2P_이유빈_260707_제과_이봄1,11370,560,152429.0,18
2026-07-12,[제과_단백질 쉐이크] 26.06_단백질쉐이크출시_수동_전환_image,파우치개당가강조(2)_0709,[26.07]F_I_SK혼_전환_단백질쉐이크출시_매거진형_파우치.개당가강조_.배너_맛없페인포인트.디저트먹는데살이걍빠짐.검증__이유빈_260709_제과_문다현,267,7,5475.0,4
2026-07-13,[제과_단백질 쉐이크] 26.06_단백질쉐이크출시_ASC_전환_video,[제과_단백질 쉐이크] 26.06_단백질쉐이크출시_ASC_전환_video,[26.07]F_V_SK혼_전환_단백질쉐이크출시_네고형_지인네고형_main.릴스_가격강조아몬드스윗삭제.(재)_2P_이유빈_260707_제과_이봄1,15526,777,234973.0,31
2026-07-13,[제과_단백질 쉐이크] 26.06_단백질쉐이크출시_수동_전환_image,파우치개당가강조(2)_0709,[26.07]F_I_SK혼_전환_단백질쉐이크출시_매거진형_파우치.개당가강조_.배너_맛없페인포인트.디저트먹는데살이걍빠짐.검증__이유빈_260709_제과_문다현,546,9,13789.0,1
2026-07-14,[제과_단백질 쉐이크] 26.06_단백질쉐이크출시_ASC_전환_video,[제과_단백질 쉐이크] 26.06_단백질쉐이크출시_ASC_전환_video,[26.07]F_V_SK혼_전환_단백질쉐이크출시_네고형_지인네고형_main.릴스_가격강조아몬드스윗삭제.(재)_2P_이유빈_260707_제과_이봄1,3444,135,44421.0,6
2026-07-14,[제과_단백질 쉐이크] 26.06_단백질쉐이크출시_수동_전환_image,파우치개당가강조(2)_0709,[26.07]F_I_SK혼_전환_단백질쉐이크출시_매거진형_파우치.개당가강조_.배너_맛없페인포인트.디저트먹는데살이걍빠짐.검증__이유빈_260709_제과_문다현,297,8,8934.0,0
2026-07-15,[제과_단백질 쉐이크] 26.06_단백질쉐이크출시_ASC_전환_video,[제과_단백질 쉐이크] 26.06_단백질쉐이크출시_ASC_전환_video,[26.07]F_V_SK혼_전환_단백질쉐이크출시_네고형_지인네고형_main.릴스_가격강조아몬드스윗삭제.(재)_2P_이유빈_260707_제과_이봄1,4231,190,51573.0,5
2026-07-15,[제과_단백질 쉐이크] 26.06_단백질쉐이크출시_수동_전환_image,파우치개당가강조(2)_0709,[26.07]F_I_SK혼_전환_단백질쉐이크출시_매거진형_파우치.개당가강조_.배너_맛없페인포인트.디저트먹는데살이걍빠짐.검증__이유빈_260709_제과_문다현,678,22,17420.0,1
2026-07-15,(마스터ASC)[제과_블트하] 26.07_블트깡출시_ASC_전환_video,(마스터ASC)[제과_블트하] 26.07_블트깡출시_ASC_전환_video,[26.07]F_V_BT깡_전환_블트깡출시_쩜오건_내돈내산리뷰.KR1_var2.릴스_SNS.X_1P_김소희_260715_제과_문형민,183,5,2326.0,0
2026-07-15,(마스터ASC)[제과_블트하] 26.07_블트깡출시_ASC_전환_image,(마스터ASC)[제과_블트하] 26.07_블트깡출시_ASC_전환_image,[26.07]F_I_BT깡_전환_블트깡출시_혜택강조형_혜택강조형_.배너_마트기둥하나세웠다는.검증__김소희_260715_제과_박서연,43,2,729.0,0
2026-07-16,[제과_단백질 쉐이크] 26.06_단백질쉐이크출시_ASC_전환_video,[제과_단백질 쉐이크] 26.06_단백질쉐이크출시_ASC_전환_video,[26.07]F_V_SK혼_전환_단백질쉐이크출시_네고형_지인네고형_main.릴스_가격강조아몬드스윗삭제.(재)_2P_이유빈_260707_제과_이봄1,3110,152,43449.0,4
2026-07-16,(마스터ASC)[제과_블트하] 26.07_블트깡출시_ASC_전환_video,(마스터ASC)[제과_블트하] 26.07_블트깡출시_ASC_전환_video,[26.07]F_V_BT깡_전환_블트깡출시_쩜오건_내돈내산리뷰.KR1_var2.릴스_SNS.X_1P_김소희_260715_제과_문형민,216,4,3175.0,1
2026-07-16,(마스터ASC)[제과_블트하] 26.07_블트깡출시_ASC_전환_image,(마스터ASC)[제과_블트하] 26.07_블트깡출시_ASC_전환_image,[26.07]F_I_BT깡_전환_블트깡출시_혜택강조형_혜택강조형_.배너_마트기둥하나세웠다는.검증__김소희_260715_제과_박서연,76,0,1545.0,0
2026-07-17,[제과_단백질 쉐이크] 26.06_단백질쉐이크출시_ASC_전환_video,[제과_단백질 쉐이크] 26.06_단백질쉐이크출시_ASC_전환_video,[26.07]F_V_SK혼_전환_단백질쉐이크출시_네고형_지인네고형_main.릴스_가격강조아몬드스윗삭제.(재)_2P_이유빈_260707_제과_이봄1,5025,274,68224.0,3
2026-07-17,(마스터ASC)[제과_블트하] 26.07_블트깡출시_ASC_전환_video,(마스터ASC)[제과_블트하] 26.07_블트깡출시_ASC_전환_video,[26.07]F_V_BT깡_전환_블트깡출시_쩜오건_내돈내산리뷰.KR1_var2.릴스_SNS.X_1P_김소희_260715_제과_문형민,35,1,460.0,0
2026-07-17,(마스터ASC)[제과_블트하] 26.07_블트깡출시_ASC_전환_image,(마스터ASC)[제과_블트하] 26.07_블트깡출시_ASC_전환_image,[26.07]F_I_BT깡_전환_블트깡출시_혜택강조형_혜택강조형_.배너_마트기둥하나세웠다는.검증__김소희_260715_제과_박서연,1,0,25.0,0
2026-07-17,[제과_블트하] 26.07_블트깡출시_수동_전환_video_전체타겟,에어프라이기BP_블트깡출시 (KR1),[26.07]F_V_BT깡_전환_블트깡출시_인물리뷰형_에어프라이기BP.KR1_var2.릴스_원물.슬기.X_1P_최나영_260716_제과_피재은,237,4,6556.0,0
2026-07-17,[제과_블트하] 26.07_블트깡출시_수동_전환_image_전체타겟,3040대세감_블트깡출시 (KR1),[26.07]F_I_BT깡_전환_블트깡출시_바이럴형_KR1_.배너_3040소비상황.스레드에계속떠서스레드템플릿.검증__김소희_260716_제과_김수정,57,1,1383.0,0
2026-07-18,(마스터ASC)[제과_블트하] 26.07_블트깡출시_ASC_전환_video,(마스터ASC)[제과_블트하] 26.07_블트깡출시_ASC_전환_video,[26.07]F_V_BT깡_전환_블트깡출시_쩜오건_내돈내산리뷰.KR1_var2.릴스_SNS.X_1P_김소희_260715_제과_문형민,40,0,830.0,0
2026-07-18,[제과_블트하] 26.07_블트깡출시_수동_전환_image_전체타겟,3040대세감_블트깡출시 (KR1),[26.07]F_I_BT깡_전환_블트깡출시_바이럴형_KR1_.배너_3040소비상황.스레드에계속떠서스레드템플릿.검증__김소희_260716_제과_김수정,50,1,820.0,0
2026-07-19,[제과_블트하] 26.07_블트깡출시_수동_전환_image_전체타겟,3040대세감_블트깡출시 (KR1),[26.07]F_I_BT깡_전환_블트깡출시_바이럴형_KR1_.배너_3040소비상황.스레드에계속떠서스레드템플릿.검증__김소희_260716_제과_김수정,5,1,62.0,0
2026-07-20,(마스터ASC)[제과_블트하] 26.07_블트깡출시_ASC_전환_video,(마스터ASC)[제과_블트하] 26.07_블트깡출시_ASC_전환_video,[26.07]F_V_BT깡_전환_블트깡출시_쩜오건_내돈내산리뷰.KR1_var2.릴스_SNS.X_1P_김소희_260715_제과_문형민,11,1,226.0,1
2026-07-20,(마스터ASC)[제과_블트하] 26.07_블트깡출시_ASC_전환_image,(마스터ASC)[제과_블트하] 26.07_블트깡출시_ASC_전환_image,[26.07]F_I_BT깡_전환_블트깡출시_혜택강조형_혜택강조형_.배너_마트기둥하나세웠다는.검증__김소희_260715_제과_박서연,3,0,50.0,0
2026-07-20,[제과_블트하] 26.07_블트깡출시_수동_전환_image_전체타겟,3040대세감_블트깡출시 (KR1),[26.07]F_I_BT깡_전환_블트깡출시_바이럴형_KR1_.배너_3040소비상황.스레드에계속떠서스레드템플릿.검증__김소희_260716_제과_김수정,12,0,93.0,0
2026-07-21,(마스터ASC)[제과_블트하] 26.07_블트깡출시_ASC_전환_video,(마스터ASC)[제과_블트하] 26.07_블트깡출시_ASC_전환_video,[26.07]F_V_BT깡_전환_블트깡출시_쩜오건_내돈내산리뷰.KR1_var2.릴스_SNS.X_1P_김소희_260715_제과_문형민,1025,20,18026.0,2
2026-07-21,(마스터ASC)[제과_블트하] 26.07_블트깡출시_ASC_전환_image,(마스터ASC)[제과_블트하] 26.07_블트깡출시_ASC_전환_image,[26.07]F_I_BT깡_전환_블트깡출시_혜택강조형_혜택강조형_.배너_마트기둥하나세웠다는.검증__김소희_260715_제과_박서연,1,0,27.0,0
2026-07-21,[제과_블트하] 26.07_블트깡출시_수동_전환_image_전체타겟,맘카페페르소나_블트깡출시 (KR1),[26.07]F_I_BT깡_전환_블트깡출시_바이럴형_KR1_.배너_맘카페.남편안주.검증__김소희_260720_제과_박지현,38,1,941.0,0
2026-07-21,[제과_콘스프맛 팝콘] 26.05_콘스프맛팝콘출시_수동_전환_video,책상지인네고형(운동.페인포인트)_0721,[26.07]F_V_PC콘_전환_콘스프맛팝콘출시_네고형_책상지인네고형_main.릴스_대세감.X_2P_이유빈_260721_제과_이미진,2157,38,26310.0,0
2026-07-21,(마스터ASC)[제과_콘스프맛 팝콘] 26.05_콘스프맛팝콘출시_ASC_전환_video,(마스터ASC)[콘스프맛 팝콘] 26.05_콘스프맛팝콘출시_ASC_전환_video,[26.07]F_V_PC콘_전환_콘스프맛팝콘출시_문제공감형_문제공감네고형_main.릴스_본론.X_2P_이유빈_260721_제과_이봄1,75,1,2157.0,0
2026-07-22,(마스터ASC)[제과_블트하] 26.07_블트깡출시_ASC_전환_image,(마스터ASC)[제과_블트하] 26.07_블트깡출시_ASC_전환_image,[26.07]F_I_BT깡_전환_블트깡출시_혜택강조형_혜택강조형_.배너_마트기둥하나세웠다는.검증__김소희_260715_제과_박서연,8,1,476.0,2
2026-07-22,[제과_블트하] 26.07_블트깡출시_수동_전환_image_전체타겟,3040대세감_블트깡출시 (KR1),[26.07]F_I_BT깡_전환_블트깡출시_바이럴형_KR1_.배너_3040소비상황.스레드에계속떠서스레드템플릿.검증__김소희_260716_제과_김수정,3,0,19.0,0
2026-07-22,[제과_블트하] 26.07_블트깡출시_수동_전환_image_전체타겟,맘카페페르소나_블트깡출시 (KR1),[26.07]F_I_BT깡_전환_블트깡출시_바이럴형_KR1_.배너_맘카페.남편안주.검증__김소희_260720_제과_박지현,1,0,45.0,0
2026-07-22,(마스터ASC)[제과_콘스프맛 팝콘] 26.05_콘스프맛팝콘출시_ASC_전환_video,(마스터ASC)[콘스프맛 팝콘] 26.05_콘스프맛팝콘출시_ASC_전환_video,[26.07]F_V_PC콘_전환_콘스프맛팝콘출시_문제공감형_문제공감네고형_main.릴스_본론.X_2P_이유빈_260721_제과_이봄1,24,1,549.0,0
2026-07-22,[칩] (마스터ASC)[제과_블트하] 26.07_블트칩출시_ASC_전환_image,[칩] (마스터ASC)[제과_블트하] 26.07_블트칩출시_ASC_전환_image,[26.07]F_I_BT칩_전환_블트칩출시_혜택강조형_KR2_.배너_최고급스페인산하몽.사분할.지면테스트..검증__김소희_260722_제과_박서연,175,8,2612.0,0
2026-07-23,(마스터ASC)[제과_블트하] 26.07_블트깡출시_ASC_전환_image,(마스터ASC)[제과_블트하] 26.07_블트깡출시_ASC_전환_image,[26.07]F_I_BT깡_전환_블트깡출시_혜택강조형_혜택강조형_.배너_마트기둥하나세웠다는.검증__김소희_260715_제과_박서연,42,1,669.0,0
2026-07-23,(마스터ASC)[제과_콘스프맛 팝콘] 26.05_콘스프맛팝콘출시_ASC_전환_video,(마스터ASC)[콘스프맛 팝콘] 26.05_콘스프맛팝콘출시_ASC_전환_video,[26.07]F_V_PC콘_전환_콘스프맛팝콘출시_문제공감형_문제공감네고형_main.릴스_본론.X_2P_이유빈_260721_제과_이봄1,70,0,1737.0,0
2026-07-23,[칩] (마스터ASC)[제과_블트하] 26.07_블트칩출시_ASC_전환_image,[칩] (마스터ASC)[제과_블트하] 26.07_블트칩출시_ASC_전환_image,[26.07]F_I_BT칩_전환_블트칩출시_혜택강조형_KR2_.배너_최고급스페인산하몽.사분할.지면테스트..검증__김소희_260722_제과_박서연,126,3,2431.0,0
2026-07-23,[제과_블트하] 26.07_블트깡출시_수동_전환_image_전체타겟,남편인정소비_블트깡출시 (KR1) (0728),[26.07]F_I_BT칩_전환_블트칩출시_혜택강조형_KR2_.배너_고급권위실체.확장__김소희_260723_제과_박지현,120,3,1891.0,0
2026-07-24,(마스터ASC)[제과_콘스프맛 팝콘] 26.05_콘스프맛팝콘출시_ASC_전환_video,(마스터ASC)[콘스프맛 팝콘] 26.05_콘스프맛팝콘출시_ASC_전환_video,[26.07]F_V_PC콘_전환_콘스프맛팝콘출시_문제공감형_문제공감네고형_main.릴스_본론.X_2P_이유빈_260721_제과_이봄1,2,0,16.0,0
2026-07-24,[칩] (마스터ASC)[제과_블트하] 26.07_블트칩출시_ASC_전환_image,[칩] (마스터ASC)[제과_블트하] 26.07_블트칩출시_ASC_전환_image,[26.07]F_I_BT칩_전환_블트칩출시_혜택강조형_KR2_.배너_최고급스페인산하몽.사분할.지면테스트..검증__김소희_260722_제과_박서연,24,1,424.0,0
2026-07-24,[제과_블트하] 26.07_블트깡출시_수동_전환_image_전체타겟,남편인정소비_블트깡출시 (KR1) (0728),[26.07]F_I_BT칩_전환_블트칩출시_혜택강조형_KR2_.배너_고급권위실체.확장__김소희_260723_제과_박지현,364,19,9895.0,0
2026-07-25,(마스터ASC)[제과_블트하] 26.07_블트깡출시_ASC_전환_image,(마스터ASC)[제과_블트하] 26.07_블트깡출시_ASC_전환_image,[26.07]F_I_BT깡_전환_블트깡출시_혜택강조형_혜택강조형_.배너_마트기둥하나세웠다는.검증__김소희_260715_제과_박서연,5,0,78.0,0
2026-07-25,[칩] (마스터ASC)[제과_블트하] 26.07_블트칩출시_ASC_전환_image,[칩] (마스터ASC)[제과_블트하] 26.07_블트칩출시_ASC_전환_image,[26.07]F_I_BT칩_전환_블트칩출시_혜택강조형_KR2_.배너_최고급스페인산하몽.사분할.지면테스트..검증__김소희_260722_제과_박서연,28,1,777.0,0
2026-07-25,[제과_블트하] 26.07_블트깡출시_수동_전환_image_전체타겟,남편인정소비_블트깡출시 (KR1) (0728),[26.07]F_I_BT칩_전환_블트칩출시_혜택강조형_KR2_.배너_고급권위실체.확장__김소희_260723_제과_박지현,816,46,29722.0,1
2026-07-28,(마스터ASC)[제과_블트하] 26.07_블트깡출시_ASC_전환_video,(마스터ASC)[제과_블트하] 26.07_블트깡출시_ASC_전환_video,[26.07]F_V_BT깡_전환_블트깡출시_쩜오건_내돈내산리뷰.KR1_var2.릴스_SNS.X_1P_김소희_260715_제과_문형민,125,1,2103.0,0
2026-07-28,[제과_블트하] 26.07_블트깡출시_수동_전환_image_전체타겟,주변인인정_블트칩출시 (KR2) (0728),[26.07]F_I_BT칩_전환_블트칩출시_혜택강조형_KR2_.피드_옆자리회사동료가뺏어감..확장__김소희_260728_제과_박서연,10,0,145.0,0
2026-07-01,[제과_콘스프맛 팝콘] 26.05_콘스프맛팝콘출시_ASC_전환_video_네고형_0506,[콘스프맛 팝콘] 26.05_콘스프맛팝콘출시_ASC_전환_video_네고형_0506,[26.05]F_V_PC콘_전환_콘스프맛팝콘출시_네고형_네고형_main.릴스_공통.형민.형민PJ1_3C_박현지_260506_3T_이수민,34591,365,322959.0,55
2026-07-01,(마스터ASC)[제과_콘스프맛 팝콘] 26.05_콘스프맛팝콘출시_ASC_전환_video,(마스터ASC)[콘스프맛 팝콘] 26.05_콘스프맛팝콘출시_ASC_전환_video,[26.06]F_V_PC콘_전환_팝콘더블특가_네고형_지인네고형.다이어트_var3.릴스_운동상황강조1.슬기.X_1P_최나영_260626_제과_문형민,678,20,14979.0,7
2026-07-01,[제과_콘스프맛 팝콘] 26.05_콘스프맛팝콘출시_수동_전환_image,입터짐방지_팝콘더블특가 (~7/1) (재세팅),[26.06]F_I_PC혼_전환_팝콘더블특가_혜택강조형_다이어트_.배너_입터짐방지템.요요.__김소희_260629_제과_김수정,118,4,3313.0,2
2026-07-02,[제과_콘스프맛 팝콘] 26.05_콘스프맛팝콘출시_ASC_전환_video_네고형_0506,[콘스프맛 팝콘] 26.05_콘스프맛팝콘출시_ASC_전환_video_네고형_0506,[26.05]F_V_PC콘_전환_콘스프맛팝콘출시_네고형_네고형_main.릴스_공통.형민.형민PJ1_3C_박현지_260506_3T_이수민,12196,131,117176.0,20
2026-07-02,(마스터ASC)[제과_콘스프맛 팝콘] 26.05_콘스프맛팝콘출시_ASC_전환_video,(마스터ASC)[콘스프맛 팝콘] 26.05_콘스프맛팝콘출시_ASC_전환_video,[26.06]F_V_PC콘_전환_팝콘더블특가_네고형_지인네고형.다이어트_var3.릴스_운동상황강조1.슬기.X_1P_최나영_260626_제과_문형민,1251,25,23947.0,3
2026-07-02,[제과_콘스프맛 팝콘] 26.05_콘스프맛팝콘출시_수동_전환_image,입터짐방지_팝콘더블특가 (~7/1) (재세팅),[26.06]F_I_PC혼_전환_팝콘더블특가_혜택강조형_다이어트_.배너_입터짐방지템.요요.__김소희_260629_제과_김수정,144,3,5057.0,0
2026-07-03,[제과_콘스프맛 팝콘] 26.05_콘스프맛팝콘출시_ASC_전환_video_네고형_0506,[콘스프맛 팝콘] 26.05_콘스프맛팝콘출시_ASC_전환_video_네고형_0506,[26.05]F_V_PC콘_전환_콘스프맛팝콘출시_네고형_네고형_main.릴스_공통.형민.형민PJ1_3C_박현지_260506_3T_이수민,3387,44,31392.0,6
2026-07-03,(마스터ASC)[제과_콘스프맛 팝콘] 26.05_콘스프맛팝콘출시_ASC_전환_video,(마스터ASC)[콘스프맛 팝콘] 26.05_콘스프맛팝콘출시_ASC_전환_video,[26.06]F_V_PC콘_전환_팝콘더블특가_네고형_지인네고형.다이어트_var3.릴스_운동상황강조1.슬기.X_1P_최나영_260626_제과_문형민,113,4,2263.0,0
2026-07-04,[제과_콘스프맛 팝콘] 26.05_콘스프맛팝콘출시_ASC_전환_video_네고형_0506,[콘스프맛 팝콘] 26.05_콘스프맛팝콘출시_ASC_전환_video_네고형_0506,[26.05]F_V_PC콘_전환_콘스프맛팝콘출시_네고형_네고형_main.릴스_공통.형민.형민PJ1_3C_박현지_260506_3T_이수민,32801,323,284997.0,45
2026-07-04,(마스터ASC)[제과_콘스프맛 팝콘] 26.05_콘스프맛팝콘출시_ASC_전환_video,(마스터ASC)[콘스프맛 팝콘] 26.05_콘스프맛팝콘출시_ASC_전환_video,[26.06]F_V_PC콘_전환_팝콘더블특가_네고형_지인네고형.다이어트_var3.릴스_운동상황강조1.슬기.X_1P_최나영_260626_제과_문형민,348,11,7993.0,1
2026-07-05,[제과_콘스프맛 팝콘] 26.05_콘스프맛팝콘출시_ASC_전환_video_네고형_0506,[콘스프맛 팝콘] 26.05_콘스프맛팝콘출시_ASC_전환_video_네고형_0506,[26.05]F_V_PC콘_전환_콘스프맛팝콘출시_네고형_네고형_main.릴스_공통.형민.형민PJ1_3C_박현지_260506_3T_이수민,47980,502,388704.0,68
2026-07-06,[제과_콘스프맛 팝콘] 26.05_콘스프맛팝콘출시_ASC_전환_video_네고형_0506,[콘스프맛 팝콘] 26.05_콘스프맛팝콘출시_ASC_전환_video_네고형_0506,[26.05]F_V_PC콘_전환_콘스프맛팝콘출시_네고형_네고형_main.릴스_공통.형민.형민PJ1_3C_박현지_260506_3T_이수민,8248,92,63537.0,8
2026-07-07,[제과_콘스프맛 팝콘] 26.05_콘스프맛팝콘출시_ASC_전환_video_네고형_0506,[콘스프맛 팝콘] 26.05_콘스프맛팝콘출시_ASC_전환_video_네고형_0506,[26.05]F_V_PC콘_전환_콘스프맛팝콘출시_네고형_네고형_main.릴스_공통.형민.형민PJ1_3C_박현지_260506_3T_이수민,4944,40,44551.0,7
2026-07-07,(마스터2) [제과_단백질 쉐이크] 26.07_단백질쉐이크출시_ASC_전환_image,(마스터2) [제과_단백질 쉐이크] 26.07_단백질쉐이크출시_ASC_전환_image,[26.07]F_I_SK초_전환_단백질쉐이크출시_혜택강조형_파우치.개당가강조_.배너_불편하지않아도.할인조건없음.검증__이유빈_260706_제과_김수정,14,1,657.0,0
2026-07-08,[제과_콘스프맛 팝콘] 26.05_콘스프맛팝콘출시_ASC_전환_video_네고형_0506,[콘스프맛 팝콘] 26.05_콘스프맛팝콘출시_ASC_전환_video_네고형_0506,[26.05]F_V_PC콘_전환_콘스프맛팝콘출시_네고형_네고형_main.릴스_공통.형민.형민PJ1_3C_박현지_260506_3T_이수민,86817,1050,822887.0,164
2026-07-08,(마스터2) [제과_단백질 쉐이크] 26.07_단백질쉐이크출시_ASC_전환_image,(마스터2) [제과_단백질 쉐이크] 26.07_단백질쉐이크출시_ASC_전환_image,[26.07]F_I_SK초_전환_단백질쉐이크출시_혜택강조형_파우치.개당가강조_.배너_불편하지않아도.할인조건없음.검증__이유빈_260706_제과_김수정,54,1,1009.0,0
2026-07-09,[제과_콘스프맛 팝콘] 26.05_콘스프맛팝콘출시_ASC_전환_video_네고형_0506,[콘스프맛 팝콘] 26.05_콘스프맛팝콘출시_ASC_전환_video_네고형_0506,[26.05]F_V_PC콘_전환_콘스프맛팝콘출시_네고형_네고형_main.릴스_공통.형민.형민PJ1_3C_박현지_260506_3T_이수민,28351,334,258800.0,63
2026-07-09,(마스터2) [제과_단백질 쉐이크] 26.07_단백질쉐이크출시_ASC_전환_image,(마스터2) [제과_단백질 쉐이크] 26.07_단백질쉐이크출시_ASC_전환_image,[26.07]F_I_SK초_전환_단백질쉐이크출시_혜택강조형_파우치.개당가강조_.배너_불편하지않아도.할인조건없음.검증__이유빈_260706_제과_김수정,1,0,3.0,0
2026-07-10,[제과_콘스프맛 팝콘] 26.05_콘스프맛팝콘출시_ASC_전환_video_네고형_0506,[콘스프맛 팝콘] 26.05_콘스프맛팝콘출시_ASC_전환_video_네고형_0506,[26.05]F_V_PC콘_전환_콘스프맛팝콘출시_네고형_네고형_main.릴스_공통.형민.형민PJ1_3C_박현지_260506_3T_이수민,5252,52,45205.0,5
2026-07-10,(마스터2) [제과_단백질 쉐이크] 26.07_단백질쉐이크출시_ASC_전환_image,(마스터2) [제과_단백질 쉐이크] 26.07_단백질쉐이크출시_ASC_전환_image,[26.07]F_I_SK초_전환_단백질쉐이크출시_혜택강조형_파우치.개당가강조_.배너_불편하지않아도.할인조건없음.검증__이유빈_260706_제과_김수정,13,0,400.0,0
2026-07-11,[제과_콘스프맛 팝콘] 26.05_콘스프맛팝콘출시_ASC_전환_video_네고형_0506,[콘스프맛 팝콘] 26.05_콘스프맛팝콘출시_ASC_전환_video_네고형_0506,[26.05]F_V_PC콘_전환_콘스프맛팝콘출시_네고형_네고형_main.릴스_공통.형민.형민PJ1_3C_박현지_260506_3T_이수민,9420,94,83018.0,21
2026-07-11,[제과_단백질 쉐이크] 26.06_단백질쉐이크출시_수동_전환_image,파우치개당가강조(2)_0709,[26.07]F_I_SK혼_전환_단백질쉐이크출시_혜택강조형_파우치.개당가강조_.배너_지금쟁여두세요.개당1천원대.팝콘.확장__이유빈_260710_제과_문다현,909,23,19563.0,0
2026-07-12,[제과_콘스프맛 팝콘] 26.05_콘스프맛팝콘출시_ASC_전환_video_네고형_0506,[콘스프맛 팝콘] 26.05_콘스프맛팝콘출시_ASC_전환_video_네고형_0506,[26.05]F_V_PC콘_전환_콘스프맛팝콘출시_네고형_네고형_main.릴스_공통.형민.형민PJ1_3C_박현지_260506_3T_이수민,12087,147,111303.0,23
2026-07-12,(마스터2) [제과_단백질 쉐이크] 26.07_단백질쉐이크출시_ASC_전환_image,(마스터2) [제과_단백질 쉐이크] 26.07_단백질쉐이크출시_ASC_전환_image,[26.07]F_I_SK초_전환_단백질쉐이크출시_혜택강조형_파우치.개당가강조_.배너_불편하지않아도.할인조건없음.검증__이유빈_260706_제과_김수정,29,1,1044.0,1
2026-07-13,[제과_콘스프맛 팝콘] 26.05_콘스프맛팝콘출시_ASC_전환_video_네고형_0506,[콘스프맛 팝콘] 26.05_콘스프맛팝콘출시_ASC_전환_video_네고형_0506,[26.05]F_V_PC콘_전환_콘스프맛팝콘출시_네고형_네고형_main.릴스_공통.형민.형민PJ1_3C_박현지_260506_3T_이수민,43863,451,397219.0,90
2026-07-13,(마스터2) [제과_단백질 쉐이크] 26.07_단백질쉐이크출시_ASC_전환_image,(마스터2) [제과_단백질 쉐이크] 26.07_단백질쉐이크출시_ASC_전환_image,[26.07]F_I_SK초_전환_단백질쉐이크출시_혜택강조형_파우치.개당가강조_.배너_불편하지않아도.할인조건없음.검증__이유빈_260706_제과_김수정,323,9,7534.0,0
2026-07-14,[제과_콘스프맛 팝콘] 26.05_콘스프맛팝콘출시_ASC_전환_video_네고형_0506,[콘스프맛 팝콘] 26.05_콘스프맛팝콘출시_ASC_전환_video_네고형_0506,[26.05]F_V_PC콘_전환_콘스프맛팝콘출시_네고형_네고형_main.릴스_공통.형민.형민PJ1_3C_박현지_260506_3T_이수민,1377,9,11390.0,2
2026-07-15,[제과_콘스프맛 팝콘] 26.05_콘스프맛팝콘출시_ASC_전환_video_네고형_0506,[콘스프맛 팝콘] 26.05_콘스프맛팝콘출시_ASC_전환_video_네고형_0506,[26.05]F_V_PC콘_전환_콘스프맛팝콘출시_네고형_네고형_main.릴스_공통.형민.형민PJ1_3C_박현지_260506_3T_이수민,64320,652,567210.0,93
2026-07-15,(마스터2) [제과_단백질 쉐이크] 26.07_단백질쉐이크출시_ASC_전환_image,(마스터2) [제과_단백질 쉐이크] 26.07_단백질쉐이크출시_ASC_전환_image,[26.07]F_I_SK혼_전환_단백질쉐이크출시_혜택강조형_올영최저가비교_.배너_올영보다쌀때쟁이세요.네고형.팝콘.확장__이유빈_260714_제과_문다현,158,5,3057.0,2
2026-07-15,(마스터ASC)[제과_블트하] 26.07_블트깡출시_ASC_전환_video,(마스터ASC)[제과_블트하] 26.07_블트깡출시_ASC_전환_video,[26.07]F_V_BT깡_전환_블트깡출시_원가강조형_미틀리에BP.KR2_var2.릴스_맛.X_1P_최나영_260715_제과_강경연,31,2,465.0,0
2026-07-15,[제과_블트하] 26.07_블트깡출시_수동_전환_image_전체타겟,집단유행/유명인_블트깡출시 (KR1),[26.07]F_I_BT깡_전환_블트깡출시_바이럴형_KR1_.배너_일반특정집단.안주좀먹어봤다면.검증__김소희_260715_제과_김수정,26,0,297.0,0
2026-07-16,[제과_콘스프맛 팝콘] 26.05_콘스프맛팝콘출시_ASC_전환_video_네고형_0506,[콘스프맛 팝콘] 26.05_콘스프맛팝콘출시_ASC_전환_video_네고형_0506,[26.05]F_V_PC콘_전환_콘스프맛팝콘출시_네고형_네고형_main.릴스_공통.형민.형민PJ1_3C_박현지_260506_3T_이수민,18443,183,154653.0,19
2026-07-16,(마스터2) [제과_단백질 쉐이크] 26.07_단백질쉐이크출시_ASC_전환_image,(마스터2) [제과_단백질 쉐이크] 26.07_단백질쉐이크출시_ASC_전환_image,[26.07]F_I_SK혼_전환_단백질쉐이크출시_혜택강조형_올영최저가비교_.배너_올영보다쌀때쟁이세요.네고형.팝콘.확장__이유빈_260714_제과_문다현,40,2,816.0,0
2026-07-16,(마스터ASC)[제과_블트하] 26.07_블트깡출시_ASC_전환_video,(마스터ASC)[제과_블트하] 26.07_블트깡출시_ASC_전환_video,[26.07]F_V_BT깡_전환_블트깡출시_원가강조형_미틀리에BP.KR2_var2.릴스_맛.X_1P_최나영_260715_제과_강경연,985,33,14300.0,3
2026-07-16,[제과_블트하] 26.07_블트깡출시_수동_전환_image_전체타겟,집단유행/유명인_블트깡출시 (KR1),[26.07]F_I_BT깡_전환_블트깡출시_바이럴형_KR1_.배너_일반특정집단.안주좀먹어봤다면.검증__김소희_260715_제과_김수정,2,0,100.0,0
2026-07-17,[제과_콘스프맛 팝콘] 26.05_콘스프맛팝콘출시_ASC_전환_video_네고형_0506,[콘스프맛 팝콘] 26.05_콘스프맛팝콘출시_ASC_전환_video_네고형_0506,[26.05]F_V_PC콘_전환_콘스프맛팝콘출시_네고형_네고형_main.릴스_공통.형민.형민PJ1_3C_박현지_260506_3T_이수민,65413,709,492159.0,54
2026-07-17,(마스터ASC)[제과_블트하] 26.07_블트깡출시_ASC_전환_video,(마스터ASC)[제과_블트하] 26.07_블트깡출시_ASC_전환_video,[26.07]F_V_BT깡_전환_블트깡출시_원가강조형_미틀리에BP.KR2_var2.릴스_맛.X_1P_최나영_260715_제과_강경연,62790,2248,944332.0,285
2026-07-17,[제과_블트하] 26.07_블트깡출시_수동_전환_image_전체타겟,집단유행/유명인_블트깡출시 (KR1),[26.07]F_I_BT깡_전환_블트깡출시_바이럴형_KR1_.배너_일반특정집단.안주좀먹어봤다면.검증__김소희_260715_제과_김수정,1,0,3.0,0
2026-07-18,[제과_콘스프맛 팝콘] 26.05_콘스프맛팝콘출시_ASC_전환_video_네고형_0506,[콘스프맛 팝콘] 26.05_콘스프맛팝콘출시_ASC_전환_video_네고형_0506,[26.05]F_V_PC콘_전환_콘스프맛팝콘출시_네고형_네고형_main.릴스_공통.형민.형민PJ1_3C_박현지_260506_3T_이수민,41768,394,298346.0,38
2026-07-18,(마스터ASC)[제과_블트하] 26.07_블트깡출시_ASC_전환_video,(마스터ASC)[제과_블트하] 26.07_블트깡출시_ASC_전환_video,[26.07]F_V_BT깡_전환_블트깡출시_원가강조형_미틀리에BP.KR2_var2.릴스_맛.X_1P_최나영_260715_제과_강경연,16764,793,333798.0,99
2026-07-19,[제과_콘스프맛 팝콘] 26.05_콘스프맛팝콘출시_ASC_전환_video_네고형_0506,[콘스프맛 팝콘] 26.05_콘스프맛팝콘출시_ASC_전환_video_네고형_0506,[26.05]F_V_PC콘_전환_콘스프맛팝콘출시_네고형_네고형_main.릴스_공통.형민.형민PJ1_3C_박현지_260506_3T_이수민,7068,67,45201.0,7
2026-07-19,(마스터2) [제과_단백질 쉐이크] 26.07_단백질쉐이크출시_ASC_전환_image,(마스터2) [제과_단백질 쉐이크] 26.07_단백질쉐이크출시_ASC_전환_image,[26.07]F_I_SK혼_전환_단백질쉐이크출시_혜택강조형_올영최저가비교_.배너_올영보다쌀때쟁이세요.네고형.팝콘.확장__이유빈_260714_제과_문다현,1,0,2.0,0
2026-07-19,(마스터ASC)[제과_블트하] 26.07_블트깡출시_ASC_전환_video,(마스터ASC)[제과_블트하] 26.07_블트깡출시_ASC_전환_video,[26.07]F_V_BT깡_전환_블트깡출시_원가강조형_미틀리에BP.KR2_var2.릴스_맛.X_1P_최나영_260715_제과_강경연,2436,117,41287.0,5
2026-07-20,[제과_콘스프맛 팝콘] 26.05_콘스프맛팝콘출시_ASC_전환_video_네고형_0506,[콘스프맛 팝콘] 26.05_콘스프맛팝콘출시_ASC_전환_video_네고형_0506,[26.05]F_V_PC콘_전환_콘스프맛팝콘출시_네고형_네고형_main.릴스_공통.형민.형민PJ1_3C_박현지_260506_3T_이수민,5440,48,41593.0,2
2026-07-21,[제과_블트하] 26.07_블트깡출시_수동_전환_image_전체타겟,집단유행/유명인_블트깡출시 (KR1),[26.07]F_I_BT깡_전환_블트깡출시_바이럴형_KR1_.배너_일반특정집단.안주좀먹어봤다면.검증__김소희_260715_제과_김수정,4,0,296.0,0
2026-07-22,(마스터ASC)[제과_블트하] 26.07_블트깡출시_ASC_전환_image,(마스터ASC)[제과_블트하] 26.07_블트깡출시_ASC_전환_image,[26.07]F_I_BT깡_전환_블트깡출시_바이럴형_KR1_.릴스_맘카페페르소나.지면테스트.중독성극찬.검증__김소희_260721_제과_김수정,561,25,12655.0,5
2026-07-22,[칩] (마스터ASC)[제과_블트하] 26.07_블트칩출시_ASC_전환_image,[칩] (마스터ASC)[제과_블트하] 26.07_블트칩출시_ASC_전환_image,[26.07]F_I_BT칩_전환_블트칩출시__KR1_.배너_맛비주얼공지문.맘카페입소문.확장__김소희_260722_제과_김수정,1,1,13.0,0
2026-07-23,(마스터ASC)[제과_블트하] 26.07_블트깡출시_ASC_전환_image,(마스터ASC)[제과_블트하] 26.07_블트깡출시_ASC_전환_image,[26.07]F_I_BT깡_전환_블트깡출시_바이럴형_KR1_.릴스_맘카페페르소나.지면테스트.중독성극찬.검증__김소희_260721_제과_김수정,282,4,7523.0,0
2026-07-23,[칩] (마스터ASC)[제과_블트하] 26.07_블트칩출시_ASC_전환_image,[칩] (마스터ASC)[제과_블트하] 26.07_블트칩출시_ASC_전환_image,[26.07]F_I_BT칩_전환_블트칩출시__KR1_.배너_맛비주얼공지문.맘카페입소문.확장__김소희_260722_제과_김수정,25,0,671.0,0
2026-07-24,[제과_콘스프맛 팝콘] 26.05_콘스프맛팝콘출시_ASC_전환_video_네고형_0506,[콘스프맛 팝콘] 26.05_콘스프맛팝콘출시_ASC_전환_video_네고형_0506,[26.05]F_V_PC콘_전환_콘스프맛팝콘출시_네고형_네고형_main.릴스_공통.형민.형민PJ1_3C_박현지_260506_3T_이수민,10299,105,87560.0,4
2026-07-24,(마스터ASC)[제과_블트하] 26.07_블트깡출시_ASC_전환_image,(마스터ASC)[제과_블트하] 26.07_블트깡출시_ASC_전환_image,[26.07]F_I_BT깡_전환_블트깡출시_바이럴형_KR1_.릴스_맘카페페르소나.지면테스트.중독성극찬.검증__김소희_260721_제과_김수정,15,0,464.0,0
2026-07-24,[칩] (마스터ASC)[제과_블트하] 26.07_블트칩출시_ASC_전환_image,[칩] (마스터ASC)[제과_블트하] 26.07_블트칩출시_ASC_전환_image,[26.07]F_I_BT칩_전환_블트칩출시__KR1_.배너_맛비주얼공지문.맘카페입소문.확장__김소희_260722_제과_김수정,13,0,126.0,0
2026-07-24,[제과_블트하] 26.07_블트깡출시_수동_전환_image_전체타겟,(칩) 상황연출_배너카피형_블트칩출시 (릴스형) (KR2),[26.07]F_I_BT칩_전환_블트칩출시_혜택강조형_KR2_.릴스_상황연출.배너형.불금넷플.확장__김소희_260724_제과_김수정,191,6,6023.0,1
2026-07-25,[칩] (마스터ASC)[제과_블트하] 26.07_블트칩출시_ASC_전환_image,[칩] (마스터ASC)[제과_블트하] 26.07_블트칩출시_ASC_전환_image,[26.07]F_I_BT칩_전환_블트칩출시__KR1_.배너_맛비주얼공지문.맘카페입소문.확장__김소희_260722_제과_김수정,2,0,75.0,0
2026-07-25,[제과_블트하] 26.07_블트깡출시_수동_전환_image_전체타겟,(칩) 상황연출_배너카피형_블트칩출시 (릴스형) (KR2),[26.07]F_I_BT칩_전환_블트칩출시_혜택강조형_KR2_.릴스_상황연출.배너형.불금넷플.확장__김소희_260724_제과_김수정,110,1,3295.0,0
2026-07-26,(마스터ASC)[제과_블트하] 26.07_블트깡출시_ASC_전환_video,(마스터ASC)[제과_블트하] 26.07_블트깡출시_ASC_전환_video,[26.07]F_V_BT깡_전환_블트깡출시_원가강조형_미틀리에BP.KR2_var2.릴스_맛.X_1P_최나영_260715_제과_강경연,30401,877,705626.0,53
2026-07-27,(마스터ASC)[제과_블트하] 26.07_블트깡출시_ASC_전환_video,(마스터ASC)[제과_블트하] 26.07_블트깡출시_ASC_전환_video,[26.07]F_V_BT깡_전환_블트깡출시_원가강조형_미틀리에BP.KR2_var2.릴스_맛.X_1P_최나영_260715_제과_강경연,110056,2508,1865496.0,159
2026-07-28,[제과_콘스프맛 팝콘] 26.05_콘스프맛팝콘출시_ASC_전환_video_네고형_0506,[콘스프맛 팝콘] 26.05_콘스프맛팝콘출시_ASC_전환_video_네고형_0506,[26.05]F_V_PC콘_전환_콘스프맛팝콘출시_네고형_네고형_main.릴스_공통.형민.형민PJ1_3C_박현지_260506_3T_이수민,23543,185,216318.0,28
2026-07-28,(마스터ASC)[제과_블트하] 26.07_블트깡출시_ASC_전환_video,(마스터ASC)[제과_블트하] 26.07_블트깡출시_ASC_전환_video,[26.07]F_V_BT깡_전환_블트깡출시_원가강조형_미틀리에BP.KR2_var2.릴스_맛.X_1P_최나영_260715_제과_강경연,96465,2465,1765558.0,144
2026-07-01,[콘스프맛 팝콘] 26.05_콘스프맛팝콘출시_ASC_전환_image (old),[콘스프맛 팝콘] 26.05_콘스프맛팝콘출시_ASC_전환_image (old),[26.06]F_I_PC혼_전환_팝콘더블특가_매거진형_다이어트_.배너_일상상황공감.밥은끊어도.AI.__김소희_260625_제과_김수정,269,3,5028.0,0
2026-07-01,[콘스프맛 팝콘] 26.05_콘스프맛팝콘출시_ASC_전환_image (old),[콘스프맛 팝콘] 26.05_콘스프맛팝콘출시_ASC_전환_image (old),[26.06]F_I_PC혼_전환_팝콘더블특가_혜택강조형_다이어트_.배너_입터짐방지템.입터져서.__김소희_260629_제과_김수정,31,0,819.0,1
2026-07-02,[콘스프맛 팝콘] 26.05_콘스프맛팝콘출시_ASC_전환_image (old),[콘스프맛 팝콘] 26.05_콘스프맛팝콘출시_ASC_전환_image (old),[26.06]F_I_PC혼_전환_팝콘더블특가_매거진형_다이어트_.배너_일상상황공감.밥은끊어도.AI.__김소희_260625_제과_김수정,51,0,896.0,0
2026-07-02,[콘스프맛 팝콘] 26.05_콘스프맛팝콘출시_ASC_전환_image (old),[콘스프맛 팝콘] 26.05_콘스프맛팝콘출시_ASC_전환_image (old),[26.06]F_I_PC혼_전환_팝콘더블특가_혜택강조형_다이어트_.배너_입터짐방지템.입터져서.__김소희_260629_제과_김수정,4,0,84.0,0
2026-07-07,(마스터2) [제과_단백질 쉐이크] 26.07_단백질쉐이크출시_ASC_전환_image,(마스터2) [제과_단백질 쉐이크] 26.07_단백질쉐이크출시_ASC_전환_image,[26.07]F_I_SK초_전환_단백질쉐이크출시_혜택강조형_파우치.개당가강조_.배너_특정시점.직구보다빠른데.검증__이유빈_260706_제과_김수정,579,11,13174.0,0
2026-07-08,(마스터2) [제과_단백질 쉐이크] 26.07_단백질쉐이크출시_ASC_전환_image,(마스터2) [제과_단백질 쉐이크] 26.07_단백질쉐이크출시_ASC_전환_image,[26.07]F_I_SK초_전환_단백질쉐이크출시_혜택강조형_파우치.개당가강조_.배너_특정시점.직구보다빠른데.검증__이유빈_260706_제과_김수정,473,18,12981.0,0
2026-07-10,[제과_단쉐_990] 26.07_깜짝990딜_수동_전환_image,990딜_0710,[26.07]F_I_SK혼_전환_단쉐990원_혜택강조형__.배너_토핑와르르.개당990원찬스.한정수량.검정색에빨강.확장__이유빈_260710_제과_문다현,71,1,1246.0,0
2026-07-11,[제과_단쉐_990] 26.07_깜짝990딜_수동_전환_image,990딜_0710,[26.07]F_I_SK혼_전환_단쉐990원_혜택강조형__.배너_토핑와르르.개당990원찬스.한정수량.검정색에빨강.확장__이유빈_260710_제과_문다현,2745,128,36893.0,3
2026-07-13,(마스터2) [제과_단백질 쉐이크] 26.07_단백질쉐이크출시_ASC_전환_image,(마스터2) [제과_단백질 쉐이크] 26.07_단백질쉐이크출시_ASC_전환_image,[26.07]F_I_SK혼_전환_단백질쉐이크출시_혜택강조형_개당최저가비교_.배너_올영보다싸다.1천원대.핑크박스 .확장__이유빈_260713_제과_문다현,705,23,17184.0,0
2026-07-15,[제과_블트하] 26.07_블트깡출시_수동_전환_video_전체타겟,브릭색드&맥주BP_블트깡출시 (KR1),[26.07]F_V_BT깡_전환_블트깡출시_신규BP_브릭샌드BP.KR1_var1.릴스_창고형마트.X_2P_김소희_260715_제과_윤성미,156,2,3605.0,0
2026-07-15,(마스터ASC)[제과_블트하] 26.07_블트깡출시_ASC_전환_video,(마스터ASC)[제과_블트하] 26.07_블트깡출시_ASC_전환_video,[26.07]F_V_BT깡_전환_블트깡출시_쩜오건_원재료강조.KR2_main.릴스_자르는ver.X_1P_김소희_260715_제과_문형민,434,12,5269.0,1
2026-07-16,[제과_블트하] 26.07_블트깡출시_수동_전환_video_전체타겟,브릭색드&맥주BP_블트깡출시 (KR1),[26.07]F_V_BT깡_전환_블트깡출시_신규BP_브릭샌드BP.KR1_var1.릴스_창고형마트.X_2P_김소희_260715_제과_윤성미,291,7,5531.0,1
2026-07-16,(마스터ASC)[제과_블트하] 26.07_블트깡출시_ASC_전환_video,(마스터ASC)[제과_블트하] 26.07_블트깡출시_ASC_전환_video,[26.07]F_V_BT깡_전환_블트깡출시_쩜오건_원재료강조.KR2_main.릴스_자르는ver.X_1P_김소희_260715_제과_문형민,626,9,7743.0,0
2026-07-24,(마스터ASC)[제과_블트하] 26.07_블트깡출시_ASC_전환_video,(마스터ASC)[제과_블트하] 26.07_블트깡출시_ASC_전환_video,[26.07]F_V_BT깡_전환_블트깡출시_네고형_지인네고형.KR2_var2.릴스_남편.슬기.X_1P_최나영_260724_제과_피재은,259,13,5811.0,0
2026-07-25,(마스터ASC)[제과_블트하] 26.07_블트깡출시_ASC_전환_video,(마스터ASC)[제과_블트하] 26.07_블트깡출시_ASC_전환_video,[26.07]F_V_BT깡_전환_블트깡출시_네고형_지인네고형.KR2_var2.릴스_남편.슬기.X_1P_최나영_260724_제과_피재은,912,41,31098.0,0
2026-07-26,(마스터ASC)[제과_콘스프맛 팝콘] 26.05_콘스프맛팝콘출시_ASC_전환_video,(마스터ASC)[콘스프맛 팝콘] 26.05_콘스프맛팝콘출시_ASC_전환_video,[26.06]F_V_PC혼_전환_콘스프맛팝콘출시_네고형_관계성네고형_var4.릴스_공통시작.X_2P_박현지_260612_제과_이미진,154,6,3009.0,1
2026-07-26,(마스터ASC)[제과_블트하] 26.07_블트깡출시_ASC_전환_video,(마스터ASC)[제과_블트하] 26.07_블트깡출시_ASC_전환_video,[26.07]F_V_BT깡_전환_블트깡출시_네고형_지인네고형.KR2_var2.릴스_남편.슬기.X_1P_최나영_260724_제과_피재은,400,16,17257.0,1
2026-07-27,(마스터ASC)[제과_콘스프맛 팝콘] 26.05_콘스프맛팝콘출시_ASC_전환_video,(마스터ASC)[콘스프맛 팝콘] 26.05_콘스프맛팝콘출시_ASC_전환_video,[26.06]F_V_PC혼_전환_콘스프맛팝콘출시_네고형_관계성네고형_var4.릴스_공통시작.X_2P_박현지_260612_제과_이미진,219,3,3604.0,0
2026-07-28,(마스터ASC)[제과_콘스프맛 팝콘] 26.05_콘스프맛팝콘출시_ASC_전환_video,(마스터ASC)[콘스프맛 팝콘] 26.05_콘스프맛팝콘출시_ASC_전환_video,[26.06]F_V_PC혼_전환_콘스프맛팝콘출시_네고형_관계성네고형_var4.릴스_공통시작.X_2P_박현지_260612_제과_이미진,819,24,15509.0,3
2026-07-03,(마스터ASC)[제과_콘스프맛 팝콘] 26.07_콘스프맛팝콘출시_ASC_전환_image (NEW),(마스터ASC)[콘스프맛 팝콘] 26.07_콘스프맛팝콘출시_ASC_전환_image (NEW),[26.07]F_I_PC혼_전환_팝콘할인페스타_혜택강조형_다이어트_.배너_야식먹고싶을때.선착순300명한정중복할인.확장__김소희_260702_제과_문다현,14,0,397.0,0
2026-07-03,[제과_콘스프맛 팝콘] 26.05_콘스프맛팝콘출시_수동_전환_image,일상다이어트_팝콘할인페스타 (~7/8),[26.07]F_I_PC혼_전환_팝콘할인페스타_혜택강조형_다이어트_.배너_매거진형.군것질하고픈데살걱정.선착순.확장__김소희_260702_제과_문다현,135,2,2812.0,0
2026-07-04,[제과_콘스프맛 팝콘] 26.05_콘스프맛팝콘출시_수동_전환_image,일상다이어트_팝콘할인페스타 (~7/8),[26.07]F_I_PC혼_전환_팝콘할인페스타_혜택강조형_다이어트_.배너_매거진형.군것질하고픈데살걱정.선착순.확장__김소희_260702_제과_문다현,18,0,395.0,0
2026-07-04,[제과_콘스프맛 팝콘] 26.05_콘스프맛팝콘출시_수동_전환_video,지인네고형(러닝)_팝콘할인페스타_콘스프맛 (~7/8),[26.07]F_V_PC콘_전환_팝콘할인페스타_네고형_지인네고형.다이어트_main.릴스_메인.슬기.X_1P_김소희_260703_제과_문형민,367,3,6146.0,0
2026-07-05,[제과_콘스프맛 팝콘] 26.05_콘스프맛팝콘출시_수동_전환_image,일상다이어트_팝콘할인페스타 (~7/8),[26.07]F_I_PC혼_전환_팝콘할인페스타_혜택강조형_다이어트_.배너_매거진형.군것질하고픈데살걱정.선착순.확장__김소희_260702_제과_문다현,1,0,3.0,0
2026-07-05,[제과_콘스프맛 팝콘] 26.05_콘스프맛팝콘출시_수동_전환_video,지인네고형(러닝)_팝콘할인페스타_콘스프맛 (~7/8),[26.07]F_V_PC콘_전환_팝콘할인페스타_네고형_지인네고형.다이어트_main.릴스_메인.슬기.X_1P_김소희_260703_제과_문형민,19,1,418.0,1
2026-07-06,(마스터ASC)[제과_콘스프맛 팝콘] 26.07_콘스프맛팝콘출시_ASC_전환_image (NEW),(마스터ASC)[콘스프맛 팝콘] 26.07_콘스프맛팝콘출시_ASC_전환_image (NEW),[26.07]F_I_PC혼_전환_팝콘할인페스타_혜택강조형_다이어트_.배너_야식먹고싶을때.선착순300명한정중복할인.확장__김소희_260702_제과_문다현,3,0,197.0,0
2026-07-06,[제과_콘스프맛 팝콘] 26.05_콘스프맛팝콘출시_수동_전환_video,지인네고형(러닝)_팝콘할인페스타_콘스프맛 (~7/8),[26.07]F_V_PC콘_전환_팝콘할인페스타_네고형_지인네고형.다이어트_main.릴스_메인.슬기.X_1P_김소희_260703_제과_문형민,51,2,1090.0,0
2026-07-07,[제과_콘스프맛 팝콘] 26.05_콘스프맛팝콘출시_수동_전환_video,지인네고형(러닝)_팝콘할인페스타_콘스프맛 (~7/8),[26.07]F_V_PC콘_전환_팝콘할인페스타_네고형_지인네고형.다이어트_main.릴스_메인.슬기.X_1P_김소희_260703_제과_문형민,1343,19,33593.0,6
2026-07-08,(마스터ASC)[제과_콘스프맛 팝콘] 26.07_콘스프맛팝콘출시_ASC_전환_image (NEW),(마스터ASC)[콘스프맛 팝콘] 26.07_콘스프맛팝콘출시_ASC_전환_image (NEW),[26.07]F_I_PC혼_전환_팝콘할인페스타_혜택강조형_다이어트_.배너_야식먹고싶을때.선착순300명한정중복할인.확장__김소희_260702_제과_문다현,9,0,226.0,0
2026-07-08,[제과_콘스프맛 팝콘] 26.05_콘스프맛팝콘출시_수동_전환_video,지인네고형(러닝)_팝콘할인페스타_콘스프맛 (~7/8),[26.07]F_V_PC콘_전환_팝콘할인페스타_네고형_지인네고형.다이어트_main.릴스_메인.슬기.X_1P_김소희_260703_제과_문형민,186,5,4712.0,2
2026-07-08,[제과_콘스프맛 팝콘] 26.05_콘스프맛팝콘출시_수동_전환_image,가격한정&공지문_할인페스타(~7/8),[26.07]F_I_PC혼_전환_팝콘할인페스타_혜택강조형_다이어트_.배너_밤만되면터져대는입.300명마감임박.실시간급감중.확장__김소희_260707_제과_문다현,16,1,315.0,0
2026-07-09,[제과_콘스프맛 팝콘] 26.05_콘스프맛팝콘출시_수동_전환_video,지인네고형(러닝)_팝콘할인페스타_콘스프맛 (~7/8),[26.07]F_V_PC콘_전환_팝콘할인페스타_네고형_지인네고형.다이어트_main.릴스_메인.슬기.X_1P_김소희_260703_제과_문형민,40,1,785.0,2
2026-07-09,[제과_콘스프맛 팝콘] 26.05_콘스프맛팝콘출시_수동_전환_image,가격한정&공지문_할인페스타(~7/8),[26.07]F_I_PC혼_전환_팝콘할인페스타_혜택강조형_다이어트_.배너_밤만되면터져대는입.300명마감임박.실시간급감중.확장__김소희_260707_제과_문다현,10,0,323.0,0
2026-07-10,[제과_콘스프맛 팝콘] 26.05_콘스프맛팝콘출시_수동_전환_video,지인네고형(러닝)_팝콘할인페스타_콘스프맛 (~7/8),[26.07]F_V_PC콘_전환_팝콘할인페스타_네고형_지인네고형.다이어트_main.릴스_메인.슬기.X_1P_김소희_260703_제과_문형민,3,0,169.0,0
2026-07-12,[제과_콘스프맛 팝콘] 26.05_콘스프맛팝콘출시_수동_전환_video,지인네고형(러닝)_팝콘할인페스타_콘스프맛 (~7/8),[26.07]F_V_PC콘_전환_팝콘할인페스타_네고형_지인네고형.다이어트_main.릴스_메인.슬기.X_1P_김소희_260703_제과_문형민,53,3,1386.0,0
2026-07-13,[제과_콘스프맛 팝콘] 26.05_콘스프맛팝콘출시_수동_전환_video,지인네고형(러닝)_팝콘할인페스타_콘스프맛 (~7/8),[26.07]F_V_PC콘_전환_팝콘할인페스타_네고형_지인네고형.다이어트_main.릴스_메인.슬기.X_1P_김소희_260703_제과_문형민,58,1,981.0,0
2026-07-14,[제과_콘스프맛 팝콘] 26.05_콘스프맛팝콘출시_수동_전환_video,지인네고형(러닝)_팝콘할인페스타_콘스프맛 (~7/8),[26.07]F_V_PC콘_전환_팝콘할인페스타_네고형_지인네고형.다이어트_main.릴스_메인.슬기.X_1P_김소희_260703_제과_문형민,71,0,1301.0,0
2026-07-16,(마스터ASC)[제과_블트하] 26.07_블트깡출시_ASC_전환_image,(마스터ASC)[제과_블트하] 26.07_블트깡출시_ASC_전환_image,[26.07]F_I_BT깡_전환_블트깡출시_매거진형_KR1_.배너_유행.와인맥주안주로알고리즘탄.검증__김소희_260715_제과_김수정,168,0,2567.0,0
2026-07-17,(마스터ASC)[제과_블트하] 26.07_블트깡출시_ASC_전환_image,(마스터ASC)[제과_블트하] 26.07_블트깡출시_ASC_전환_image,[26.07]F_I_BT깡_전환_블트깡출시_매거진형_KR1_.배너_유행.와인맥주안주로알고리즘탄.검증__김소희_260715_제과_김수정,83,3,1611.0,0
2026-07-18,(마스터ASC)[제과_블트하] 26.07_블트깡출시_ASC_전환_image,(마스터ASC)[제과_블트하] 26.07_블트깡출시_ASC_전환_image,[26.07]F_I_BT깡_전환_블트깡출시_매거진형_KR1_.배너_유행.와인맥주안주로알고리즘탄.검증__김소희_260715_제과_김수정,2,0,32.0,0
2026-07-19,(마스터ASC)[제과_블트하] 26.07_블트깡출시_ASC_전환_image,(마스터ASC)[제과_블트하] 26.07_블트깡출시_ASC_전환_image,[26.07]F_I_BT깡_전환_블트깡출시_매거진형_KR1_.배너_유행.와인맥주안주로알고리즘탄.검증__김소희_260715_제과_김수정,45,2,815.0,0
2026-07-20,(마스터ASC)[제과_블트하] 26.07_블트깡출시_ASC_전환_image,(마스터ASC)[제과_블트하] 26.07_블트깡출시_ASC_전환_image,[26.07]F_I_BT깡_전환_블트깡출시_매거진형_KR1_.배너_유행.와인맥주안주로알고리즘탄.검증__김소희_260715_제과_김수정,14,0,328.0,0
2026-07-21,(마스터ASC)[제과_블트하] 26.07_블트깡출시_ASC_전환_image,(마스터ASC)[제과_블트하] 26.07_블트깡출시_ASC_전환_image,[26.07]F_I_BT깡_전환_블트깡출시_매거진형_KR1_.배너_유행.와인맥주안주로알고리즘탄.검증__김소희_260715_제과_김수정,4,1,304.0,0
2026-07-23,(마스터ASC)[제과_블트하] 26.07_블트깡출시_ASC_전환_image,(마스터ASC)[제과_블트하] 26.07_블트깡출시_ASC_전환_image,[26.07]F_I_BT깡_전환_블트깡출시_매거진형_KR1_.배너_유행.와인맥주안주로알고리즘탄.검증__김소희_260715_제과_김수정,6,0,192.0,0
2026-07-01,[콘스프맛 팝콘] 26.05_콘스프맛팝콘출시_ASC_전환_image (old),[콘스프맛 팝콘] 26.05_콘스프맛팝콘출시_ASC_전환_image (old),[26.06]F_I_PC혼_전환_팝콘더블특가_매거진형__.배너_반값보다싸요.팝콘패키지규모감.__김소희_260625_제과_김수정,26,3,673.0,0
2026-07-02,[콘스프맛 팝콘] 26.05_콘스프맛팝콘출시_ASC_전환_image (old),[콘스프맛 팝콘] 26.05_콘스프맛팝콘출시_ASC_전환_image (old),[26.06]F_I_PC혼_전환_팝콘더블특가_매거진형__.배너_반값보다싸요.팝콘패키지규모감.__김소희_260625_제과_김수정,310,5,5079.0,0
2026-07-04,(미사용) [제과_단백질 쉐이크] 26.06_단백질쉐이크출시_ASC_전환_image,[제과_단백질 쉐이크] 26.06_단백질쉐이크출시_ASC_전환_image,[26.07]F_I_SK초_전환_단백질쉐이크출시_혜택강조형_가격메리트_.릴스_브랜드권위강조.확장__이유빈_260703_제과_김수정,443,14,8979.0,0
2026-07-05,[제과_콘스프맛 팝콘] 26.05_콘스프맛팝콘출시_수동_전환_image,선착순강조_팝콘할인페스타 (~7/8) (재세팅),[26.07]F_I_PC혼_전환_팝콘할인페스타_혜택강조형_다이어트_.배너_살찔걱정x.핑크박스.선착순300명한정.확장__김소희_260703_제과_문다현,265,10,5463.0,0
2026-07-06,[제과_콘스프맛 팝콘] 26.05_콘스프맛팝콘출시_수동_전환_image,선착순강조_팝콘할인페스타 (~7/8) (재세팅),[26.07]F_I_PC혼_전환_팝콘할인페스타_혜택강조형_다이어트_.배너_살찔걱정x.핑크박스.선착순300명한정.확장__김소희_260703_제과_문다현,414,21,10331.0,0
2026-07-07,(마스터2) [제과_단백질 쉐이크] 26.07_단백질쉐이크출시_ASC_전환_image,(마스터2) [제과_단백질 쉐이크] 26.07_단백질쉐이크출시_ASC_전환_image,[26.07]F_I_SK혼_전환_단백질쉐이크출시_혜택강조형_파우치.개당가강조_.배너_대용량페포.가격강조.확장__이유빈_260707_제과_김수정,99,1,1600.0,0
2026-07-07,(마스터2) [제과_단백질 쉐이크] 26.07_단백질쉐이크출시_ASC_전환_image,(마스터2) [제과_단백질 쉐이크] 26.07_단백질쉐이크출시_ASC_전환_image,[26.07]F_I_SK곡_전환_단백질쉐이크출시_매거진형_라라스윗권위_.배너_저당.개당1천원대수정.확장__이유빈_260707_제과_김수정,81,2,1217.0,0
2026-07-08,(마스터2) [제과_단백질 쉐이크] 26.07_단백질쉐이크출시_ASC_전환_image,(마스터2) [제과_단백질 쉐이크] 26.07_단백질쉐이크출시_ASC_전환_image,[26.07]F_I_SK혼_전환_단백질쉐이크출시_혜택강조형_파우치.개당가강조_.배너_대용량페포.가격강조.확장__이유빈_260707_제과_김수정,108,3,1685.0,0
2026-07-08,(마스터2) [제과_단백질 쉐이크] 26.07_단백질쉐이크출시_ASC_전환_image,(마스터2) [제과_단백질 쉐이크] 26.07_단백질쉐이크출시_ASC_전환_image,[26.07]F_I_SK곡_전환_단백질쉐이크출시_매거진형_라라스윗권위_.배너_저당.개당1천원대수정.확장__이유빈_260707_제과_김수정,335,5,6118.0,0
2026-07-08,[제과_단백질 쉐이크] 26.06_단백질쉐이크출시_수동_전환_image,파우치개당가강조_0706,[26.07]F_I_SK혼_전환_단백질쉐이크출시_혜택강조형_파우치.개당가강조_.배너_특정시점.대형할인급.올영세일제일싸다고.확장__이유빈_260707_제과_김수정,30,4,1024.0,0
2026-07-09,(마스터2) [제과_단백질 쉐이크] 26.07_단백질쉐이크출시_ASC_전환_image,(마스터2) [제과_단백질 쉐이크] 26.07_단백질쉐이크출시_ASC_전환_image,[26.07]F_I_SK혼_전환_단백질쉐이크출시_혜택강조형_파우치.개당가강조_.배너_대용량페포.가격강조.확장__이유빈_260707_제과_김수정,117,4,2148.0,0
2026-07-09,(마스터2) [제과_단백질 쉐이크] 26.07_단백질쉐이크출시_ASC_전환_image,(마스터2) [제과_단백질 쉐이크] 26.07_단백질쉐이크출시_ASC_전환_image,[26.07]F_I_SK곡_전환_단백질쉐이크출시_매거진형_라라스윗권위_.배너_저당.개당1천원대수정.확장__이유빈_260707_제과_김수정,864,17,16052.0,2
2026-07-09,[제과_단백질 쉐이크] 26.06_단백질쉐이크출시_수동_전환_image,파우치개당가강조_0706,[26.07]F_I_SK혼_전환_단백질쉐이크출시_혜택강조형_파우치.개당가강조_.배너_특정시점.대형할인급.올영세일제일싸다고.확장__이유빈_260707_제과_김수정,508,10,13292.0,0
2026-07-10,(마스터2) [제과_단백질 쉐이크] 26.07_단백질쉐이크출시_ASC_전환_image,(마스터2) [제과_단백질 쉐이크] 26.07_단백질쉐이크출시_ASC_전환_image,[26.07]F_I_SK혼_전환_단백질쉐이크출시_혜택강조형_파우치.개당가강조_.배너_대용량페포.가격강조.확장__이유빈_260707_제과_김수정,15,0,387.0,0
2026-07-10,(마스터2) [제과_단백질 쉐이크] 26.07_단백질쉐이크출시_ASC_전환_image,(마스터2) [제과_단백질 쉐이크] 26.07_단백질쉐이크출시_ASC_전환_image,[26.07]F_I_SK곡_전환_단백질쉐이크출시_매거진형_라라스윗권위_.배너_저당.개당1천원대수정.확장__이유빈_260707_제과_김수정,1184,26,22074.0,2
2026-07-11,[제과_단백질 쉐이크] 26.06_단백질쉐이크출시_수동_전환_image,파우치개당가강조(2)_0709,[26.07]F_I_SK혼_전환_단백질쉐이크출시_혜택강조형_파우치.개당가강조_.배너_대용량보다싸다니ㄷㄷ.비밀인데.팝콘.확장__이유빈_260710_제과_문다현,220,3,4903.0,0
2026-07-11,[제과_단백질 쉐이크] 26.06_단백질쉐이크출시_ASC_전환_video,[제과_단백질 쉐이크] 26.06_단백질쉐이크출시_ASC_전환_video,[26.07]F_V_SK혼_전환_단백질쉐이크출시_신규BP_문제공감형.파우치.개당가강조_var2.릴스_가격강조.X_2P_이유빈_260710_제과_이봄1,395,10,8521.0,1
2026-07-11,[제과_단백질 쉐이크] 26.06_단백질쉐이크출시_ASC_전환_video,[제과_단백질 쉐이크] 26.06_단백질쉐이크출시_ASC_전환_video,[26.07]F_V_SK혼_전환_단백질쉐이크출시_신규BP_문제공감형.파우치.개당가강조_var5.릴스_노력강조.셋다.X_2P_이유빈_260710_제과_이봄1,127,2,2781.0,0
2026-07-12,[제과_단백질 쉐이크] 26.06_단백질쉐이크출시_수동_전환_image,파우치개당가강조(2)_0709,[26.07]F_I_SK혼_전환_단백질쉐이크출시_혜택강조형_파우치.개당가강조_.배너_대용량보다싸다니ㄷㄷ.비밀인데.팝콘.확장__이유빈_260710_제과_문다현,266,12,8484.0,0
2026-07-12,[제과_단백질 쉐이크] 26.06_단백질쉐이크출시_ASC_전환_video,[제과_단백질 쉐이크] 26.06_단백질쉐이크출시_ASC_전환_video,[26.07]F_V_SK혼_전환_단백질쉐이크출시_신규BP_문제공감형.파우치.개당가강조_var5.릴스_노력강조.셋다.X_2P_이유빈_260710_제과_이봄1,1664,66,30519.0,2
2026-07-13,(마스터2) [제과_단백질 쉐이크] 26.07_단백질쉐이크출시_ASC_전환_image,(마스터2) [제과_단백질 쉐이크] 26.07_단백질쉐이크출시_ASC_전환_image,[26.07]F_I_SK혼_전환_단백질쉐이크출시_혜택강조형_파우치.개당가강조_.배너_대용량페포.가격강조.확장__이유빈_260707_제과_김수정,736,10,16255.0,1
2026-07-14,[제과_단백질 쉐이크] 26.06_단백질쉐이크출시_수동_전환_image,최저가비교_0713,[26.07]F_I_SK혼_전환_단백질쉐이크출시_혜택강조형_개당최저가비교_.배너_제가졌습니다.확장__이유빈_260713_제과_문다현,369,9,7670.0,0
2026-07-15,[제과_단백질 쉐이크] 26.06_단백질쉐이크출시_수동_전환_image,최저가비교_0713,[26.07]F_I_SK혼_전환_단백질쉐이크출시_혜택강조형_개당최저가비교_.배너_제가졌습니다.확장__이유빈_260713_제과_문다현,103,1,2596.0,0
2026-07-15,(마스터ASC)[제과_블트하] 26.07_블트깡출시_ASC_전환_video,(마스터ASC)[제과_블트하] 26.07_블트깡출시_ASC_전환_video,[26.07]F_V_BT깡_전환_블트깡출시_제조과정형_CS제조과정형.KR2_var1.릴스_중국산.슬기.X_1P_김소희_260715_제과_피재은,1139,34,17596.0,6
2026-07-16,[제과_단백질 쉐이크] 26.06_단백질쉐이크출시_수동_전환_image,최저가비교_0713,[26.07]F_I_SK혼_전환_단백질쉐이크출시_혜택강조형_개당최저가비교_.배너_제가졌습니다.확장__이유빈_260713_제과_문다현,21,0,491.0,0
2026-07-16,(마스터ASC)[제과_블트하] 26.07_블트깡출시_ASC_전환_video,(마스터ASC)[제과_블트하] 26.07_블트깡출시_ASC_전환_video,[26.07]F_V_BT깡_전환_블트깡출시_제조과정형_CS제조과정형.KR2_var1.릴스_중국산.슬기.X_1P_김소희_260715_제과_피재은,732,22,15086.0,3
2026-07-16,[제과_단백질 쉐이크] 26.06_단백질쉐이크출시_수동_전환_image,올영최저가비교_0715,[26.07]F_I_SK곡_전환_단백질쉐이크출시_혜택강조형_올영최저가비교_.배너_흘리고귀찮고불편하시죠.파우치가더싸요.확장__이유빈_260715_제과_문다현,164,5,3794.0,0
2026-07-17,(마스터ASC)[제과_블트하] 26.07_블트깡출시_ASC_전환_video,(마스터ASC)[제과_블트하] 26.07_블트깡출시_ASC_전환_video,[26.07]F_V_BT깡_전환_블트깡출시_제조과정형_CS제조과정형.KR2_var1.릴스_중국산.슬기.X_1P_김소희_260715_제과_피재은,1649,69,36589.0,14
2026-07-17,[제과_단백질 쉐이크] 26.06_단백질쉐이크출시_수동_전환_image,올영최저가비교_0715,[26.07]F_I_SK곡_전환_단백질쉐이크출시_혜택강조형_올영최저가비교_.배너_흘리고귀찮고불편하시죠.파우치가더싸요.확장__이유빈_260715_제과_문다현,114,5,2753.0,0
2026-07-17,[제과_블트하] 26.07_블트깡출시_수동_전환_image_전체타겟,3040대세감_블트깡출시 (KR1),[26.07]F_I_BT깡_전환_블트깡출시_바이럴형_KR1_.배너_창고형마트.대란템.확장__김소희_260716_제과_김수정,176,9,4556.0,0
2026-07-18,(마스터ASC)[제과_블트하] 26.07_블트깡출시_ASC_전환_video,(마스터ASC)[제과_블트하] 26.07_블트깡출시_ASC_전환_video,[26.07]F_V_BT깡_전환_블트깡출시_제조과정형_CS제조과정형.KR2_var1.릴스_중국산.슬기.X_1P_김소희_260715_제과_피재은,430,16,9680.0,6
2026-07-18,[제과_블트하] 26.07_블트깡출시_수동_전환_image_전체타겟,3040대세감_블트깡출시 (KR1),[26.07]F_I_BT깡_전환_블트깡출시_바이럴형_KR1_.배너_창고형마트.대란템.확장__김소희_260716_제과_김수정,229,10,6843.0,2
2026-07-19,(마스터ASC)[제과_블트하] 26.07_블트깡출시_ASC_전환_video,(마스터ASC)[제과_블트하] 26.07_블트깡출시_ASC_전환_video,[26.07]F_V_BT깡_전환_블트깡출시_제조과정형_CS제조과정형.KR2_var1.릴스_중국산.슬기.X_1P_김소희_260715_제과_피재은,164,7,2923.0,1
2026-07-19,[제과_블트하] 26.07_블트깡출시_수동_전환_image_전체타겟,3040대세감_블트깡출시 (KR1),[26.07]F_I_BT깡_전환_블트깡출시_바이럴형_KR1_.배너_창고형마트.대란템.확장__김소희_260716_제과_김수정,234,10,6095.0,1
2026-07-20,(마스터ASC)[제과_블트하] 26.07_블트깡출시_ASC_전환_video,(마스터ASC)[제과_블트하] 26.07_블트깡출시_ASC_전환_video,[26.07]F_V_BT깡_전환_블트깡출시_제조과정형_CS제조과정형.KR2_var1.릴스_중국산.슬기.X_1P_김소희_260715_제과_피재은,1424,45,29816.0,9
2026-07-21,[제과_단백질 쉐이크] 26.06_단백질쉐이크출시_수동_전환_image,올영최저가비교_0715,[26.07]F_I_SK곡_전환_단백질쉐이크출시_혜택강조형_올영최저가비교_.배너_흘리고귀찮고불편하시죠.파우치가더싸요.확장__이유빈_260715_제과_문다현,501,20,14443.0,2
2026-07-22,[칩] (마스터ASC)[제과_블트하] 26.07_블트칩출시_ASC_전환_image,[칩] (마스터ASC)[제과_블트하] 26.07_블트칩출시_ASC_전환_image,[26.07]F_I_BT칩_전환_블트칩출시_혜택강조형_KR2_.배너_비싼거때려넣은.칩깡동시소구.사분할형.지면테스트..검증__김소희_260722_제과_박서연,44,1,767.0,0
2026-07-23,[칩] (마스터ASC)[제과_블트하] 26.07_블트칩출시_ASC_전환_image,[칩] (마스터ASC)[제과_블트하] 26.07_블트칩출시_ASC_전환_image,[26.07]F_I_BT칩_전환_블트칩출시_혜택강조형_KR2_.배너_비싼거때려넣은.칩깡동시소구.사분할형.지면테스트..검증__김소희_260722_제과_박서연,34,1,550.0,0
2026-07-28,(마스터ASC)[제과_블트하] 26.07_블트깡출시_ASC_전환_video,(마스터ASC)[제과_블트하] 26.07_블트깡출시_ASC_전환_video,[26.07]F_V_BT깡_전환_블트깡출시_제조과정형_CS제조과정형.KR2_var1.릴스_중국산.슬기.X_1P_김소희_260715_제과_피재은,14585,232,326006.0,31
2026-07-28,[제과_블트하] 26.07_블트깡출시_수동_전환_image_전체타겟,남편인정소비_블트깡출시 (KR1) (0728),[26.07]F_I_BT깡_전환_블트칩출시_혜택강조형_KR1_.피드_지금이젤싸요.__김소희_260728_제과_김수정,3,0,34.0,0
2026-07-01,[콘스프맛 팝콘] 26.05_콘스프맛팝콘출시_ASC_전환_image (old),[콘스프맛 팝콘] 26.05_콘스프맛팝콘출시_ASC_전환_image (old),[26.06]F_I_PC혼_전환_팝콘더블특가_매거진형_다이어트_.배너_관리할때.과자양적음.피드속간식.인플루언서.AI.__김소희_260625_제과_문다현,8,0,512.0,0
2026-07-01,(미사용) [제과_단백질 쉐이크] 26.06_단백질쉐이크출시_ASC_전환_image,[제과_단백질 쉐이크] 26.06_단백질쉐이크출시_ASC_전환_image,[26.06]F_I_SK초_전환_단백질쉐이크출시_제품강조형_타사비교_.배너_크런치토핑폭탄6천원이.__이유빈_260701_제과_김수정,1,0,22.0,0
2026-07-01,[콘스프맛 팝콘] 26.05_콘스프맛팝콘출시_ASC_전환_image (old),[콘스프맛 팝콘] 26.05_콘스프맛팝콘출시_ASC_전환_image (old),[26.06]F_I_PC혼_전환_팝콘더블특가_매거진형_다이어트_.배너_오늘마감.요요.입터짐방지템.확장__김소희_260701_제과_문다현,153,1,4960.0,0
2026-07-02,(미사용) [제과_단백질 쉐이크] 26.06_단백질쉐이크출시_ASC_전환_image,[제과_단백질 쉐이크] 26.06_단백질쉐이크출시_ASC_전환_image,[26.06]F_I_SK초_전환_단백질쉐이크출시_제품강조형_타사비교_.배너_크런치토핑폭탄6천원이.__이유빈_260701_제과_김수정,593,22,14392.0,0
2026-07-02,[콘스프맛 팝콘] 26.05_콘스프맛팝콘출시_ASC_전환_image (old),[콘스프맛 팝콘] 26.05_콘스프맛팝콘출시_ASC_전환_image (old),[26.06]F_I_PC혼_전환_팝콘더블특가_매거진형_다이어트_.배너_오늘마감.요요.입터짐방지템.확장__김소희_260701_제과_문다현,21,0,574.0,0
2026-07-02,(미사용) [제과_단백질 쉐이크] 26.06_단백질쉐이크출시_ASC_전환_image,[제과_단백질 쉐이크] 26.06_단백질쉐이크출시_ASC_전환_image,[26.06]F_I_SK초_전환_단백질쉐이크출시_제품강조형_타사비교_.배너_저가비교.가성비단쉐중.__이유빈_260701_제과_김수정,512,17,14804.0,3
2026-07-02,(미사용) [제과_단백질 쉐이크] 26.06_단백질쉐이크출시_ASC_전환_image,[제과_단백질 쉐이크] 26.06_단백질쉐이크출시_ASC_전환_image,[26.06]F_I_SK초_전환_단백질쉐이크출시_제품강조형_타사비교_.배너_저가비교.이만한토핑양이1천원대.__이유빈_260701_제과_김수정,104,3,3215.0,0
2026-07-02,(미사용) [제과_단백질 쉐이크] 26.06_단백질쉐이크출시_ASC_전환_image,[제과_단백질 쉐이크] 26.06_단백질쉐이크출시_ASC_전환_image,[26.06]F_I_SK혼_전환_단백질쉐이크출시_제품강조형_타사비교_.배너_저가비교.남들싸게판다고.__이유빈_260701_제과_김수정,680,20,21012.0,2
2026-07-03,(미사용) [제과_단백질 쉐이크] 26.06_단백질쉐이크출시_ASC_전환_image,[제과_단백질 쉐이크] 26.06_단백질쉐이크출시_ASC_전환_image,[26.06]F_I_SK초_전환_단백질쉐이크출시_제품강조형_타사비교_.배너_저가비교.이만한토핑양이1천원대.__이유빈_260701_제과_김수정,13,1,256.0,0
2026-07-06,(미사용) [제과_단백질 쉐이크] 26.06_단백질쉐이크출시_ASC_전환_image,[제과_단백질 쉐이크] 26.06_단백질쉐이크출시_ASC_전환_image,[26.06]F_I_SK초_전환_단백질쉐이크출시_제품강조형_타사비교_.배너_저가비교.이만한토핑양이1천원대.__이유빈_260701_제과_김수정,741,20,18366.0,2
2026-07-08,[제과_단백질 쉐이크] 26.06_단백질쉐이크출시_수동_전환_image,브랜드강조_0629,[26.06]F_I_SK초_전환_단백질쉐이크출시_혜택강조형_개당가메리트_.배너_브랜드강조.토핑국밥.__이유빈_260629_제과_박지현,337,6,7284.0,1
2026-07-09,[제과_단백질 쉐이크] 26.06_단백질쉐이크출시_수동_전환_image,브랜드강조_0629,[26.06]F_I_SK초_전환_단백질쉐이크출시_혜택강조형_개당가메리트_.배너_브랜드강조.토핑국밥.__이유빈_260629_제과_박지현,363,5,8441.0,1
2026-07-10,[제과_단백질 쉐이크] 26.06_단백질쉐이크출시_수동_전환_image,브랜드강조_0629,[26.06]F_I_SK초_전환_단백질쉐이크출시_혜택강조형_개당가메리트_.배너_브랜드강조.토핑국밥.__이유빈_260629_제과_박지현,312,6,8267.0,0
2026-07-11,(마스터ASC)[제과_콘스프맛 팝콘] 26.07_콘스프맛팝콘출시_ASC_전환_image (NEW),(마스터ASC)[콘스프맛 팝콘] 26.07_콘스프맛팝콘출시_ASC_전환_image (NEW),[26.07]F_I_PC혼_전환_콘스프맛팝콘출시_혜택강조형__.배너_사과문.시즈닝가루.뿌링클급.개당1천원대.확장__김소희_260710_제과_문다현,318,5,6385.0,0
2026-07-24,[제과_블트하] 26.07_블트깡출시_수동_전환_video_전체타겟,(0725) [칩] BP이식형_블트칩출시 (KR1) (경연님/성미님),[26.07]F_V_BT칩_전환_블트칩출시_쩜오건_3040페르소나강조.리셀.KR1_var1.릴스_중국산비교.X_1P_김소희_260724_제과_강경연,417,20,7326.0,1
2026-07-25,[제과_블트하] 26.07_블트깡출시_수동_전환_video_전체타겟,(0725) [칩] BP이식형_블트칩출시 (KR1) (경연님/성미님),[26.07]F_V_BT칩_전환_블트칩출시_쩜오건_3040페르소나강조.리셀.KR1_var1.릴스_중국산비교.X_1P_김소희_260724_제과_강경연,343,8,7632.0,0
2026-07-01,(마스터ASC)[제과_콘스프맛 팝콘] 26.05_콘스프맛팝콘출시_ASC_전환_video,(마스터ASC)[콘스프맛 팝콘] 26.05_콘스프맛팝콘출시_ASC_전환_video,[26.06]F_V_PC콘_전환_팝콘더블특가_네고형_전화네고형.다이어트_var2.릴스_속세맛.슬기.X_1P_최나영_260625_제과_피재은,157,2,3512.0,0
2026-07-01,(미사용) [제과_단백질 쉐이크] 26.06_단백질쉐이크출시_ASC_전환_image,[제과_단백질 쉐이크] 26.06_단백질쉐이크출시_ASC_전환_image,[26.06]F_I_SK곡_전환_단백질쉐이크출시_제품강조형_타사비교_.배너_토핑좀많이넣었다고.__이유빈_260701_제과_김수정,61,2,1705.0,0
2026-07-02,(마스터ASC)[제과_콘스프맛 팝콘] 26.05_콘스프맛팝콘출시_ASC_전환_video,(마스터ASC)[콘스프맛 팝콘] 26.05_콘스프맛팝콘출시_ASC_전환_video,[26.06]F_V_PC콘_전환_팝콘더블특가_네고형_전화네고형.다이어트_var2.릴스_속세맛.슬기.X_1P_최나영_260625_제과_피재은,24,0,345.0,0
2026-07-02,(미사용) [제과_단백질 쉐이크] 26.06_단백질쉐이크출시_ASC_전환_image,[제과_단백질 쉐이크] 26.06_단백질쉐이크출시_ASC_전환_image,[26.06]F_I_SK곡_전환_단백질쉐이크출시_제품강조형_타사비교_.배너_토핑좀많이넣었다고.__이유빈_260701_제과_김수정,2134,72,45297.0,5
2026-07-06,(마스터ASC)[제과_콘스프맛 팝콘] 26.05_콘스프맛팝콘출시_ASC_전환_video,(마스터ASC)[콘스프맛 팝콘] 26.05_콘스프맛팝콘출시_ASC_전환_video,[26.06]F_V_PC콘_전환_팝콘더블특가_네고형_전화네고형.다이어트_var2.릴스_속세맛.슬기.X_1P_최나영_260625_제과_피재은,48,0,476.0,0
2026-07-08,[제과_단백질 쉐이크] 26.06_단백질쉐이크출시_수동_전환_image,브랜드강조_0624,[26.06]F_I_SK초_전환_단백질쉐이크출시_매거진형_라라스윗권위_.배너_저당.__이유빈_260623_제과_김나현,470,11,6341.0,0
2026-07-09,[제과_단백질 쉐이크] 26.06_단백질쉐이크출시_수동_전환_image,브랜드강조_0624,[26.06]F_I_SK초_전환_단백질쉐이크출시_매거진형_라라스윗권위_.배너_저당.__이유빈_260623_제과_김나현,269,8,4485.0,0
2026-07-09,[제과_단백질 쉐이크] 26.06_단백질쉐이크출시_수동_전환_video,아몬드스윗.삭제,[26.07]F_V_SK혼_전환_단백질쉐이크출시_신규BP_고객검증형_main.릴스_직접문의.혜택변경.(재)_2P_이유빈_260707_제과_윤성미,161,4,2215.0,0
2026-07-10,(마스터ASC)[제과_콘스프맛 팝콘] 26.05_콘스프맛팝콘출시_ASC_전환_video,(마스터ASC)[콘스프맛 팝콘] 26.05_콘스프맛팝콘출시_ASC_전환_video,[26.06]F_V_PC콘_전환_팝콘더블특가_네고형_전화네고형.다이어트_var2.릴스_속세맛.슬기.X_1P_최나영_260625_제과_피재은,289,4,4561.0,1
2026-07-10,[제과_단백질 쉐이크] 26.06_단백질쉐이크출시_수동_전환_video,아몬드스윗.삭제,[26.07]F_V_SK혼_전환_단백질쉐이크출시_신규BP_고객검증형_main.릴스_직접문의.혜택변경.(재)_2P_이유빈_260707_제과_윤성미,1083,19,16692.0,1
2026-07-11,(마스터ASC)[제과_콘스프맛 팝콘] 26.05_콘스프맛팝콘출시_ASC_전환_video,(마스터ASC)[콘스프맛 팝콘] 26.05_콘스프맛팝콘출시_ASC_전환_video,[26.06]F_V_PC콘_전환_팝콘더블특가_네고형_전화네고형.다이어트_var2.릴스_속세맛.슬기.X_1P_최나영_260625_제과_피재은,3,0,34.0,0
2026-07-13,(마스터ASC)[제과_콘스프맛 팝콘] 26.05_콘스프맛팝콘출시_ASC_전환_video,(마스터ASC)[콘스프맛 팝콘] 26.05_콘스프맛팝콘출시_ASC_전환_video,[26.06]F_V_PC콘_전환_팝콘더블특가_네고형_전화네고형.다이어트_var2.릴스_속세맛.슬기.X_1P_최나영_260625_제과_피재은,27,1,776.0,0
2026-07-14,(마스터ASC)[제과_콘스프맛 팝콘] 26.05_콘스프맛팝콘출시_ASC_전환_video,(마스터ASC)[콘스프맛 팝콘] 26.05_콘스프맛팝콘출시_ASC_전환_video,[26.06]F_V_PC콘_전환_팝콘더블특가_네고형_전화네고형.다이어트_var2.릴스_속세맛.슬기.X_1P_최나영_260625_제과_피재은,2,0,69.0,0
2026-07-15,(마스터ASC)[제과_블트하] 26.07_블트깡출시_ASC_전환_video,(마스터ASC)[제과_블트하] 26.07_블트깡출시_ASC_전환_video,[26.07]F_V_BT깡_전환_블트깡출시_쩜오건_리액션과장.KR1_var4.릴스_출시.제품후킹.X_1P_김소희_260715_제과_문형민,56,2,589.0,0
2026-07-16,(마스터ASC)[제과_콘스프맛 팝콘] 26.05_콘스프맛팝콘출시_ASC_전환_video,(마스터ASC)[콘스프맛 팝콘] 26.05_콘스프맛팝콘출시_ASC_전환_video,[26.06]F_V_PC콘_전환_팝콘더블특가_네고형_전화네고형.다이어트_var2.릴스_속세맛.슬기.X_1P_최나영_260625_제과_피재은,2431,31,32107.0,3
2026-07-16,(마스터ASC)[제과_블트하] 26.07_블트깡출시_ASC_전환_video,(마스터ASC)[제과_블트하] 26.07_블트깡출시_ASC_전환_video,[26.07]F_V_BT깡_전환_블트깡출시_쩜오건_리액션과장.KR1_var4.릴스_출시.제품후킹.X_1P_김소희_260715_제과_문형민,72,1,783.0,0
2026-07-17,(마스터ASC)[제과_블트하] 26.07_블트깡출시_ASC_전환_video,(마스터ASC)[제과_블트하] 26.07_블트깡출시_ASC_전환_video,[26.07]F_V_BT깡_전환_블트깡출시_쩜오건_리액션과장.KR1_var4.릴스_출시.제품후킹.X_1P_김소희_260715_제과_문형민,1401,43,21257.0,4
2026-07-18,(마스터ASC)[제과_블트하] 26.07_블트깡출시_ASC_전환_video,(마스터ASC)[제과_블트하] 26.07_블트깡출시_ASC_전환_video,[26.07]F_V_BT깡_전환_블트깡출시_쩜오건_리액션과장.KR1_var4.릴스_출시.제품후킹.X_1P_김소희_260715_제과_문형민,194,6,2973.0,0
2026-07-19,(마스터ASC)[제과_블트하] 26.07_블트깡출시_ASC_전환_video,(마스터ASC)[제과_블트하] 26.07_블트깡출시_ASC_전환_video,[26.07]F_V_BT깡_전환_블트깡출시_쩜오건_리액션과장.KR1_var4.릴스_출시.제품후킹.X_1P_김소희_260715_제과_문형민,23,0,259.0,0
2026-07-20,(마스터ASC)[제과_블트하] 26.07_블트깡출시_ASC_전환_video,(마스터ASC)[제과_블트하] 26.07_블트깡출시_ASC_전환_video,[26.07]F_V_BT깡_전환_블트깡출시_쩜오건_리액션과장.KR1_var4.릴스_출시.제품후킹.X_1P_김소희_260715_제과_문형민,419,8,8685.0,3
2026-07-21,(마스터ASC)[제과_블트하] 26.07_블트깡출시_ASC_전환_video,(마스터ASC)[제과_블트하] 26.07_블트깡출시_ASC_전환_video,[26.07]F_V_BT깡_전환_블트깡출시_쩜오건_리액션과장.KR1_var4.릴스_출시.제품후킹.X_1P_김소희_260715_제과_문형민,262,6,5318.0,0
2026-07-22,(마스터ASC)[제과_블트하] 26.07_블트깡출시_ASC_전환_image,(마스터ASC)[제과_블트하] 26.07_블트깡출시_ASC_전환_image,[26.07]F_I_BT깡_전환_블트깡출시_바이럴형_KR1_.릴스_맘카페페르소나.지면테스트.공구뜨면품절.검증__김소희_260721_제과_김수정,43,0,790.0,0
2026-07-23,(마스터ASC)[제과_블트하] 26.07_블트깡출시_ASC_전환_image,(마스터ASC)[제과_블트하] 26.07_블트깡출시_ASC_전환_image,[26.07]F_I_BT깡_전환_블트깡출시_바이럴형_KR1_.릴스_맘카페페르소나.지면테스트.공구뜨면품절.검증__김소희_260721_제과_김수정,2,0,37.0,0
2026-07-23,[제과_블트하] 26.07_블트깡출시_수동_전환_image_전체타겟,(칩)맘카페캐러셀_블트칩출시 (KR1),[26.07]F_I_BT칩_전환_블트칩출시_매거진형_KR1_.배너_맘카페난리진짜맛있을까.맛.확장__김소희_260722_제과_김수정,3744,111,64436.0,9
2026-07-23,(마스터ASC)[제과_블트하] 26.07_블트깡출시_ASC_전환_image,(마스터ASC)[제과_블트하] 26.07_블트깡출시_ASC_전환_image,[26.07]F_I_BT혼_전환_블트칩출시_혜택강조형_KR1_.배너_가격실수안내.서브웨이BP.확장__김소희_260723_제과_김수정,1,0,21.0,0
2026-07-24,[제과_블트하] 26.07_블트깡출시_수동_전환_image_전체타겟,(칩)맘카페캐러셀_블트칩출시 (KR1),[26.07]F_I_BT칩_전환_블트칩출시_매거진형_KR1_.배너_맘카페난리진짜맛있을까.맛.확장__김소희_260722_제과_김수정,2611,85,47337.0,4
2026-07-24,(마스터ASC)[제과_블트하] 26.07_블트깡출시_ASC_전환_image,(마스터ASC)[제과_블트하] 26.07_블트깡출시_ASC_전환_image,[26.07]F_I_BT혼_전환_블트칩출시_혜택강조형_KR1_.배너_가격실수안내.서브웨이BP.확장__김소희_260723_제과_김수정,6,1,102.0,0
2026-07-25,[제과_블트하] 26.07_블트깡출시_수동_전환_image_전체타겟,(칩)맘카페캐러셀_블트칩출시 (KR1),[26.07]F_I_BT칩_전환_블트칩출시_매거진형_KR1_.배너_맘카페난리진짜맛있을까.맛.확장__김소희_260722_제과_김수정,1052,23,23474.0,1
2026-07-25,(마스터ASC)[제과_블트하] 26.07_블트깡출시_ASC_전환_image,(마스터ASC)[제과_블트하] 26.07_블트깡출시_ASC_전환_image,[26.07]F_I_BT혼_전환_블트칩출시_혜택강조형_KR1_.배너_가격실수안내.서브웨이BP.확장__김소희_260723_제과_김수정,9,0,182.0,0
2026-07-27,(마스터ASC)[제과_블트하] 26.07_블트깡출시_ASC_전환_video,(마스터ASC)[제과_블트하] 26.07_블트깡출시_ASC_전환_video,[26.07]F_V_BT깡_전환_블트깡출시_쩜오건_리액션과장.KR1_var4.릴스_출시.제품후킹.X_1P_김소희_260715_제과_문형민,364,5,5963.0,1
2026-07-28,(마스터ASC)[제과_블트하] 26.07_블트깡출시_ASC_전환_video,(마스터ASC)[제과_블트하] 26.07_블트깡출시_ASC_전환_video,[26.07]F_V_BT깡_전환_블트깡출시_쩜오건_리액션과장.KR1_var4.릴스_출시.제품후킹.X_1P_김소희_260715_제과_문형민,597,8,11157.0,1
2026-07-28,[제과_블트하] 26.07_블트깡출시_수동_전환_image_전체타겟,남편인정소비_블트깡출시 (KR1) (0728),[26.07]F_I_BT깡_전환_블트칩출시_혜택강조형_KR1_.피드_3박스더사달래요.__김소희_260728_제과_김수정,59,1,1941.0,0
2026-07-01,[제과_단백질 쉐이크] 26.06_단백질쉐이크출시_ASC_전환_video,[제과_단백질 쉐이크] 26.06_단백질쉐이크출시_ASC_전환_video,[26.06]F_V_SK혼_전환_단백질쉐이크출시_맛인지형_먹스타_main.릴스_브랜드권위.X_2P_이유빈_260624_제과_이미진,5531,61,72103.0,4
2026-07-01,[제과_콘스프맛 팝콘] 26.05_콘스프맛팝콘출시_수동_전환_video,전화네고형_팝콘더블특가_콘스프맛 (~7/1),[26.06]F_V_PC콘_전환_팝콘더블특가_네고형_전화네고형.다이어트_var1.릴스_다이어트.슬기.X_1P_최나영_260625_제과_피재은,649,10,11478.0,1
2026-07-01,(미사용) [제과_단백질 쉐이크] 26.06_단백질쉐이크출시_ASC_전환_image,[제과_단백질 쉐이크] 26.06_단백질쉐이크출시_ASC_전환_image,[26.06]F_I_SK곡_전환_단백질쉐이크출시_혜택강조형_맛강조_.배너_곡물단쉐.__이유빈_260626_제과_김나현,47,1,1132.0,0
2026-07-02,[제과_콘스프맛 팝콘] 26.05_콘스프맛팝콘출시_수동_전환_video,전화네고형_팝콘더블특가_콘스프맛 (~7/1),[26.06]F_V_PC콘_전환_팝콘더블특가_네고형_전화네고형.다이어트_var1.릴스_다이어트.슬기.X_1P_최나영_260625_제과_피재은,85,2,1697.0,0
2026-07-03,[제과_콘스프맛 팝콘] 26.05_콘스프맛팝콘출시_수동_전환_video,전화네고형_팝콘더블특가_콘스프맛 (~7/1),[26.06]F_V_PC콘_전환_팝콘더블특가_네고형_전화네고형.다이어트_var1.릴스_다이어트.슬기.X_1P_최나영_260625_제과_피재은,51,2,1148.0,0
2026-07-04,[제과_콘스프맛 팝콘] 26.05_콘스프맛팝콘출시_수동_전환_video,전화네고형_팝콘더블특가_콘스프맛 (~7/1),[26.06]F_V_PC콘_전환_팝콘더블특가_네고형_전화네고형.다이어트_var1.릴스_다이어트.슬기.X_1P_최나영_260625_제과_피재은,19,0,364.0,0
2026-07-04,[제과_단백질 쉐이크] 26.06_단백질쉐이크출시_ASC_전환_video,[제과_단백질 쉐이크] 26.06_단백질쉐이크출시_ASC_전환_video,[26.07]F_V_SK혼_전환_단백질쉐이크출시_네고형_지인네고형_var3.릴스_맛.생초코.X_2P_이유빈_260703_제과_이봄1,34,3,573.0,0
2026-07-04,[제과_단백질 쉐이크] 26.06_단백질쉐이크출시_ASC_전환_video,[제과_단백질 쉐이크] 26.06_단백질쉐이크출시_ASC_전환_video,[26.07]F_V_SK혼_전환_단백질쉐이크출시_네고형_지인네고형_var7.릴스_브랜드강조.X_2P_이유빈_260703_제과_이봄1,33,1,626.0,0
2026-07-05,[제과_단백질 쉐이크] 26.06_단백질쉐이크출시_ASC_전환_video,[제과_단백질 쉐이크] 26.06_단백질쉐이크출시_ASC_전환_video,[26.07]F_V_SK혼_전환_단백질쉐이크출시_네고형_지인네고형_var7.릴스_브랜드강조.X_2P_이유빈_260703_제과_이봄1,1,0,2.0,0
2026-07-06,[제과_콘스프맛 팝콘] 26.05_콘스프맛팝콘출시_수동_전환_video,전화네고형_팝콘더블특가_콘스프맛 (~7/1),[26.06]F_V_PC콘_전환_팝콘더블특가_네고형_전화네고형.다이어트_var1.릴스_다이어트.슬기.X_1P_최나영_260625_제과_피재은,7,0,243.0,0
2026-07-06,[제과_단백질 쉐이크] 26.06_단백질쉐이크출시_ASC_전환_video,[제과_단백질 쉐이크] 26.06_단백질쉐이크출시_ASC_전환_video,[26.07]F_V_SK혼_전환_단백질쉐이크출시_네고형_지인네고형_var3.릴스_맛.생초코.X_2P_이유빈_260703_제과_이봄1,4,0,26.0,0
2026-07-07,[제과_단백질 쉐이크] 26.06_단백질쉐이크출시_ASC_전환_video,[제과_단백질 쉐이크] 26.06_단백질쉐이크출시_ASC_전환_video,[26.07]F_V_SK혼_전환_단백질쉐이크출시_네고형_지인네고형_var7.릴스_브랜드강조.X_2P_이유빈_260703_제과_이봄1,1,0,2.0,0
2026-07-09,[제과_콘스프맛 팝콘] 26.05_콘스프맛팝콘출시_수동_전환_video,전화네고형_팝콘더블특가_콘스프맛 (~7/1),[26.06]F_V_PC콘_전환_팝콘더블특가_네고형_전화네고형.다이어트_var1.릴스_다이어트.슬기.X_1P_최나영_260625_제과_피재은,30,0,810.0,0
2026-07-10,[제과_콘스프맛 팝콘] 26.05_콘스프맛팝콘출시_수동_전환_video,전화네고형_팝콘더블특가_콘스프맛 (~7/1),[26.06]F_V_PC콘_전환_팝콘더블특가_네고형_전화네고형.다이어트_var1.릴스_다이어트.슬기.X_1P_최나영_260625_제과_피재은,37,0,441.0,0
2026-07-12,[제과_콘스프맛 팝콘] 26.05_콘스프맛팝콘출시_수동_전환_video,전화네고형_팝콘더블특가_콘스프맛 (~7/1),[26.06]F_V_PC콘_전환_팝콘더블특가_네고형_전화네고형.다이어트_var1.릴스_다이어트.슬기.X_1P_최나영_260625_제과_피재은,5,0,16.0,0
2026-07-14,[제과_콘스프맛 팝콘] 26.05_콘스프맛팝콘출시_수동_전환_video,전화네고형_팝콘더블특가_콘스프맛 (~7/1),[26.06]F_V_PC콘_전환_팝콘더블특가_네고형_전화네고형.다이어트_var1.릴스_다이어트.슬기.X_1P_최나영_260625_제과_피재은,14,2,260.0,0
2026-07-15,[제과_콘스프맛 팝콘] 26.05_콘스프맛팝콘출시_수동_전환_video,전화네고형_팝콘더블특가_콘스프맛 (~7/1),[26.06]F_V_PC콘_전환_팝콘더블특가_네고형_전화네고형.다이어트_var1.릴스_다이어트.슬기.X_1P_최나영_260625_제과_피재은,74,1,1273.0,0
2026-07-15,[제과_단백질 쉐이크] 26.06_단백질쉐이크출시_수동_전환_image,올영최저가비교_0714,[26.07]F_I_SK초_전환_단백질쉐이크출시_혜택강조형_올영최저가비교_.배너_세일기다리시는분들.네고형.확장__이유빈_260714_제과_문다현,191,8,4547.0,2
2026-07-15,(마스터2) [제과_단백질 쉐이크] 26.07_단백질쉐이크출시_ASC_전환_image,(마스터2) [제과_단백질 쉐이크] 26.07_단백질쉐이크출시_ASC_전환_image,[26.07]F_I_SK혼_전환_단백질쉐이크출시_혜택강조형_올영최저가비교_.배너_네컷.네고형.확장__이유빈_260714_제과_문다현,42,4,1053.0,0
2026-07-15,[제과_블트하] 26.07_블트깡출시_수동_전환_video_전체타겟,오터BP_블트깡출시 (KR2),[26.07]F_V_BT깡_전환_블트깡출시_제조과정형_CS제조과정형.KR2_var4.릴스_하몽.슬기.X_1P_김소희_260715_제과_피재은,362,4,6400.0,0
2026-07-15,(마스터ASC)[제과_블트하] 26.07_블트깡출시_ASC_전환_image,(마스터ASC)[제과_블트하] 26.07_블트깡출시_ASC_전환_image,[26.07]F_I_BT깡_전환_블트깡출시_혜택강조형_혜택강조형_.배너_구하러발품팔던..검증__김소희_260715_제과_박서연,16,1,428.0,0
2026-07-15,[제과_블트하] 26.07_블트깡출시_수동_전환_image_전체타겟,맘카페페르소나_블트깡출시 (KR1),[26.07]F_I_BT깡_전환_블트깡출시_매거진형_KR1_.배너_유행.와인맥주안주로알고리즘탄.검증__김소희_260715_제과_김수정,11,1,250.0,0
2026-07-16,[제과_콘스프맛 팝콘] 26.05_콘스프맛팝콘출시_수동_전환_video,전화네고형_팝콘더블특가_콘스프맛 (~7/1),[26.06]F_V_PC콘_전환_팝콘더블특가_네고형_전화네고형.다이어트_var1.릴스_다이어트.슬기.X_1P_최나영_260625_제과_피재은,42,0,827.0,0
2026-07-16,[제과_단백질 쉐이크] 26.06_단백질쉐이크출시_수동_전환_image,올영최저가비교_0714,[26.07]F_I_SK초_전환_단백질쉐이크출시_혜택강조형_올영최저가비교_.배너_세일기다리시는분들.네고형.확장__이유빈_260714_제과_문다현,6612,141,96466.0,12
2026-07-16,(마스터2) [제과_단백질 쉐이크] 26.07_단백질쉐이크출시_ASC_전환_image,(마스터2) [제과_단백질 쉐이크] 26.07_단백질쉐이크출시_ASC_전환_image,[26.07]F_I_SK혼_전환_단백질쉐이크출시_혜택강조형_올영최저가비교_.배너_네컷.네고형.확장__이유빈_260714_제과_문다현,360,4,5087.0,0
2026-07-16,[제과_블트하] 26.07_블트깡출시_수동_전환_video_전체타겟,오터BP_블트깡출시 (KR2),[26.07]F_V_BT깡_전환_블트깡출시_제조과정형_CS제조과정형.KR2_var4.릴스_하몽.슬기.X_1P_김소희_260715_제과_피재은,577,13,11728.0,4
2026-07-16,(마스터ASC)[제과_블트하] 26.07_블트깡출시_ASC_전환_image,(마스터ASC)[제과_블트하] 26.07_블트깡출시_ASC_전환_image,[26.07]F_I_BT깡_전환_블트깡출시_혜택강조형_혜택강조형_.배너_구하러발품팔던..검증__김소희_260715_제과_박서연,56,1,791.0,0
2026-07-16,(마스터ASC)[제과_블트하] 26.07_블트깡출시_ASC_전환_image,(마스터ASC)[제과_블트하] 26.07_블트깡출시_ASC_전환_image,[26.07]F_I_BT깡_전환_블트깡출시_바이럴형_KR2_.배너_원산지페포.유행이라먹어보고싶은데.검증__김소희_260715_제과_김수정,4,0,30.0,0
2026-07-16,[제과_블트하] 26.07_블트깡출시_수동_전환_image_전체타겟,맘카페페르소나_블트깡출시 (KR1),[26.07]F_I_BT깡_전환_블트깡출시_매거진형_KR1_.배너_유행.와인맥주안주로알고리즘탄.검증__김소희_260715_제과_김수정,272,4,6102.0,1
2026-07-17,[제과_콘스프맛 팝콘] 26.05_콘스프맛팝콘출시_수동_전환_video,전화네고형_팝콘더블특가_콘스프맛 (~7/1),[26.06]F_V_PC콘_전환_팝콘더블특가_네고형_전화네고형.다이어트_var1.릴스_다이어트.슬기.X_1P_최나영_260625_제과_피재은,1,0,5.0,0
2026-07-17,[제과_단백질 쉐이크] 26.06_단백질쉐이크출시_수동_전환_image,올영최저가비교_0714,[26.07]F_I_SK초_전환_단백질쉐이크출시_혜택강조형_올영최저가비교_.배너_세일기다리시는분들.네고형.확장__이유빈_260714_제과_문다현,3043,80,54835.0,2
2026-07-17,(마스터2) [제과_단백질 쉐이크] 26.07_단백질쉐이크출시_ASC_전환_image,(마스터2) [제과_단백질 쉐이크] 26.07_단백질쉐이크출시_ASC_전환_image,[26.07]F_I_SK혼_전환_단백질쉐이크출시_혜택강조형_올영최저가비교_.배너_네컷.네고형.확장__이유빈_260714_제과_문다현,65,3,1479.0,0
2026-07-17,[제과_블트하] 26.07_블트깡출시_수동_전환_video_전체타겟,오터BP_블트깡출시 (KR2),[26.07]F_V_BT깡_전환_블트깡출시_제조과정형_CS제조과정형.KR2_var4.릴스_하몽.슬기.X_1P_김소희_260715_제과_피재은,83,0,1137.0,0
2026-07-17,(마스터ASC)[제과_블트하] 26.07_블트깡출시_ASC_전환_image,(마스터ASC)[제과_블트하] 26.07_블트깡출시_ASC_전환_image,[26.07]F_I_BT깡_전환_블트깡출시_혜택강조형_혜택강조형_.배너_구하러발품팔던..검증__김소희_260715_제과_박서연,18,1,309.0,1
2026-07-17,(마스터ASC)[제과_블트하] 26.07_블트깡출시_ASC_전환_image,(마스터ASC)[제과_블트하] 26.07_블트깡출시_ASC_전환_image,[26.07]F_I_BT깡_전환_블트깡출시_바이럴형_KR2_.배너_원산지페포.유행이라먹어보고싶은데.검증__김소희_260715_제과_김수정,6,0,41.0,0
2026-07-18,[제과_단백질 쉐이크] 26.06_단백질쉐이크출시_수동_전환_image,올영최저가비교_0714,[26.07]F_I_SK초_전환_단백질쉐이크출시_혜택강조형_올영최저가비교_.배너_세일기다리시는분들.네고형.확장__이유빈_260714_제과_문다현,1131,31,15846.0,2
2026-07-18,(마스터2) [제과_단백질 쉐이크] 26.07_단백질쉐이크출시_ASC_전환_image,(마스터2) [제과_단백질 쉐이크] 26.07_단백질쉐이크출시_ASC_전환_image,[26.07]F_I_SK혼_전환_단백질쉐이크출시_혜택강조형_올영최저가비교_.배너_네컷.네고형.확장__이유빈_260714_제과_문다현,339,10,6312.0,1
2026-07-18,[제과_블트하] 26.07_블트깡출시_수동_전환_video_전체타겟,오터BP_블트깡출시 (KR2),[26.07]F_V_BT깡_전환_블트깡출시_제조과정형_CS제조과정형.KR2_var4.릴스_하몽.슬기.X_1P_김소희_260715_제과_피재은,9,0,116.0,0
2026-07-19,[제과_콘스프맛 팝콘] 26.05_콘스프맛팝콘출시_수동_전환_video,전화네고형_팝콘더블특가_콘스프맛 (~7/1),[26.06]F_V_PC콘_전환_팝콘더블특가_네고형_전화네고형.다이어트_var1.릴스_다이어트.슬기.X_1P_최나영_260625_제과_피재은,4,0,25.0,0
2026-07-19,(마스터2) [제과_단백질 쉐이크] 26.07_단백질쉐이크출시_ASC_전환_image,(마스터2) [제과_단백질 쉐이크] 26.07_단백질쉐이크출시_ASC_전환_image,[26.07]F_I_SK혼_전환_단백질쉐이크출시_혜택강조형_올영최저가비교_.배너_네컷.네고형.확장__이유빈_260714_제과_문다현,1239,29,22806.0,1
2026-07-19,[제과_블트하] 26.07_블트깡출시_수동_전환_video_전체타겟,오터BP_블트깡출시 (KR2),[26.07]F_V_BT깡_전환_블트깡출시_제조과정형_CS제조과정형.KR2_var4.릴스_하몽.슬기.X_1P_김소희_260715_제과_피재은,31,1,932.0,0
2026-07-19,(마스터ASC)[제과_블트하] 26.07_블트깡출시_ASC_전환_image,(마스터ASC)[제과_블트하] 26.07_블트깡출시_ASC_전환_image,[26.07]F_I_BT깡_전환_블트깡출시_바이럴형_KR2_.배너_원산지페포.유행이라먹어보고싶은데.검증__김소희_260715_제과_김수정,16,1,332.0,0
2026-07-20,[제과_블트하] 26.07_블트깡출시_수동_전환_video_전체타겟,오터BP_블트깡출시 (KR2),[26.07]F_V_BT깡_전환_블트깡출시_제조과정형_CS제조과정형.KR2_var4.릴스_하몽.슬기.X_1P_김소희_260715_제과_피재은,1,0,58.0,0
2026-07-20,(마스터ASC)[제과_블트하] 26.07_블트깡출시_ASC_전환_image,(마스터ASC)[제과_블트하] 26.07_블트깡출시_ASC_전환_image,[26.07]F_I_BT깡_전환_블트깡출시_혜택강조형_혜택강조형_.배너_구하러발품팔던..검증__김소희_260715_제과_박서연,112,6,4127.0,2
2026-07-20,(마스터ASC)[제과_블트하] 26.07_블트깡출시_ASC_전환_image,(마스터ASC)[제과_블트하] 26.07_블트깡출시_ASC_전환_image,[26.07]F_I_BT깡_전환_블트깡출시_바이럴형_KR2_.배너_원산지페포.유행이라먹어보고싶은데.검증__김소희_260715_제과_김수정,4,0,51.0,0
2026-07-21,[제과_블트하] 26.07_블트깡출시_수동_전환_video_전체타겟,오터BP_블트깡출시 (KR2),[26.07]F_V_BT깡_전환_블트깡출시_제조과정형_CS제조과정형.KR2_var4.릴스_하몽.슬기.X_1P_김소희_260715_제과_피재은,2,3,277.0,0
2026-07-21,(마스터ASC)[제과_블트하] 26.07_블트깡출시_ASC_전환_image,(마스터ASC)[제과_블트하] 26.07_블트깡출시_ASC_전환_image,[26.07]F_I_BT깡_전환_블트깡출시_혜택강조형_혜택강조형_.배너_구하러발품팔던..검증__김소희_260715_제과_박서연,29,3,1051.0,0
2026-07-21,(마스터ASC)[제과_블트하] 26.07_블트깡출시_ASC_전환_image,(마스터ASC)[제과_블트하] 26.07_블트깡출시_ASC_전환_image,[26.07]F_I_BT깡_전환_블트깡출시_바이럴형_KR2_.배너_원산지페포.유행이라먹어보고싶은데.검증__김소희_260715_제과_김수정,1,0,23.0,0
2026-07-22,(마스터ASC)[제과_블트하] 26.07_블트깡출시_ASC_전환_image,(마스터ASC)[제과_블트하] 26.07_블트깡출시_ASC_전환_image,[26.07]F_I_BT깡_전환_블트깡출시_혜택강조형_혜택강조형_.배너_구하러발품팔던..검증__김소희_260715_제과_박서연,10,0,214.0,0
2026-07-23,[제과_블트하] 26.07_블트깡출시_수동_전환_video_전체타겟,오터BP_블트깡출시 (KR2),[26.07]F_V_BT깡_전환_블트깡출시_제조과정형_CS제조과정형.KR2_var4.릴스_하몽.슬기.X_1P_김소희_260715_제과_피재은,17,0,201.0,0
2026-07-23,(마스터ASC)[제과_블트하] 26.07_블트깡출시_ASC_전환_image,(마스터ASC)[제과_블트하] 26.07_블트깡출시_ASC_전환_image,[26.07]F_I_BT깡_전환_블트깡출시_혜택강조형_혜택강조형_.배너_구하러발품팔던..검증__김소희_260715_제과_박서연,17,1,348.0,0
2026-07-24,[제과_블트하] 26.07_블트깡출시_수동_전환_video_전체타겟,(0725) [칩] BP이식형_블트칩출시 (KR1) (경연님/성미님),[26.07]F_V_BT칩_전환_블트칩출시_쩜오건_오감자BP.KR1_var1.릴스_트러플하몽대세감.X_2P_최나영_260724_제과_윤성미,118,3,1444.0,0
2026-07-25,[제과_블트하] 26.07_블트깡출시_수동_전환_video_전체타겟,(0725) [칩] BP이식형_블트칩출시 (KR1) (경연님/성미님),[26.07]F_V_BT칩_전환_블트칩출시_쩜오건_오감자BP.KR1_var1.릴스_트러플하몽대세감.X_2P_최나영_260724_제과_윤성미,1221,34,19112.0,1
2026-07-01,[제과_단백질 쉐이크] 26.06_단백질쉐이크출시_수동_전환_video,취식형(재)_0629,[26.06]F_V_SK곡_전환_단백질쉐이크출시_신규BP_개당가메리트.재편집_var4.릴스_뭐먹을지모르겠다.X_2P_이유빈_260629_제과_이미진,990,17,23422.0,1
2026-07-01,(미사용) [제과_단백질 쉐이크] 26.06_단백질쉐이크출시_ASC_전환_image,[제과_단백질 쉐이크] 26.06_단백질쉐이크출시_ASC_전환_image,[26.06]F_I_SK초_전환_단백질쉐이크출시_제품강조형_라라권위_.배너_빠삐코에코코볼부은맛알죠.가격비교O.__이유빈_260701_제과_문다현,9,0,302.0,0
2026-07-02,(미사용) [제과_단백질 쉐이크] 26.06_단백질쉐이크출시_ASC_전환_image,[제과_단백질 쉐이크] 26.06_단백질쉐이크출시_ASC_전환_image,[26.06]F_I_SK혼_전환_단백질쉐이크출시_제품강조형_타사비교_.배너_아무리토핑폭탄이어도.__이유빈_260701_제과_김수정,16,0,602.0,0
2026-07-02,(미사용) [제과_단백질 쉐이크] 26.06_단백질쉐이크출시_ASC_전환_image,[제과_단백질 쉐이크] 26.06_단백질쉐이크출시_ASC_전환_image,[26.06]F_I_SK초_전환_단백질쉐이크출시_제품강조형_라라권위_.배너_빠삐코에코코볼부은맛알죠.가격비교O.__이유빈_260701_제과_문다현,47,1,1372.0,0
2026-07-03,[제과_콘스프맛 팝콘] 26.05_콘스프맛팝콘출시_수동_전환_video,전화네고형_팝콘더블특가_콘스프맛 (~7/1),[26.06]F_V_PC콘_전환_팝콘더블특가_네고형_전화네고형.다이어트_var3.릴스_SP.슬기.X_1P_최나영_260625_제과_피재은,16,0,389.0,0
2026-07-03,(미사용) [제과_단백질 쉐이크] 26.06_단백질쉐이크출시_ASC_전환_image,[제과_단백질 쉐이크] 26.06_단백질쉐이크출시_ASC_전환_image,[26.06]F_I_SK혼_전환_단백질쉐이크출시_제품강조형_타사비교_.배너_아무리토핑폭탄이어도.__이유빈_260701_제과_김수정,1,0,27.0,0
2026-07-03,(미사용) [제과_단백질 쉐이크] 26.06_단백질쉐이크출시_ASC_전환_image,[제과_단백질 쉐이크] 26.06_단백질쉐이크출시_ASC_전환_image,[26.06]F_I_SK초_전환_단백질쉐이크출시_제품강조형_라라권위_.배너_빠삐코에코코볼부은맛알죠.가격비교O.__이유빈_260701_제과_문다현,5,1,115.0,0
2026-07-04,(미사용) [제과_단백질 쉐이크] 26.06_단백질쉐이크출시_ASC_전환_image,[제과_단백질 쉐이크] 26.06_단백질쉐이크출시_ASC_전환_image,[26.06]F_I_SK혼_전환_단백질쉐이크출시_제품강조형_타사비교_.배너_아무리토핑폭탄이어도.__이유빈_260701_제과_김수정,10,0,125.0,0
2026-07-04,(미사용) [제과_단백질 쉐이크] 26.06_단백질쉐이크출시_ASC_전환_image,[제과_단백질 쉐이크] 26.06_단백질쉐이크출시_ASC_전환_image,[26.06]F_I_SK초_전환_단백질쉐이크출시_제품강조형_라라권위_.배너_빠삐코에코코볼부은맛알죠.가격비교O.__이유빈_260701_제과_문다현,122,1,2535.0,0
2026-07-04,[제과_단백질 쉐이크] 26.06_단백질쉐이크출시_수동_전환_video,네고형_0702,[26.07]F_V_SK혼_전환_단백질쉐이크출시_네고형_역네고형_main.릴스_공통시작.X_2P_이유빈_260703_제과_이미진,2266,100,56514.0,9
2026-07-04,[제과_단백질 쉐이크] 26.06_단백질쉐이크출시_수동_전환_video,네고형_0702,[26.07]F_V_SK혼_전환_단백질쉐이크출시_네고형_역네고형_var1.릴스_타사비교.X_2P_이유빈_260703_제과_이미진,458,16,8991.0,1
2026-07-04,(마스터ASC)[제과_콘스프맛 팝콘] 26.07_콘스프맛팝콘출시_ASC_전환_image (NEW),(마스터ASC)[콘스프맛 팝콘] 26.07_콘스프맛팝콘출시_ASC_전환_image (NEW),[26.07]F_I_PC혼_전환_팝콘할인페스타_혜택강조형_다이어트_.배너_선착순300명한정.비밀링크.확장__김소희_260703_제과_문다현,62,0,1699.0,0
2026-07-05,(미사용) [제과_단백질 쉐이크] 26.06_단백질쉐이크출시_ASC_전환_image,[제과_단백질 쉐이크] 26.06_단백질쉐이크출시_ASC_전환_image,[26.06]F_I_SK초_전환_단백질쉐이크출시_제품강조형_라라권위_.배너_빠삐코에코코볼부은맛알죠.가격비교O.__이유빈_260701_제과_문다현,86,3,1681.0,0
2026-07-05,[제과_단백질 쉐이크] 26.06_단백질쉐이크출시_수동_전환_video,네고형_0702,[26.07]F_V_SK혼_전환_단백질쉐이크출시_네고형_역네고형_main.릴스_공통시작.X_2P_이유빈_260703_제과_이미진,75,2,1851.0,1
2026-07-05,[제과_단백질 쉐이크] 26.06_단백질쉐이크출시_수동_전환_video,네고형_0702,[26.07]F_V_SK혼_전환_단백질쉐이크출시_네고형_역네고형_var1.릴스_타사비교.X_2P_이유빈_260703_제과_이미진,49,5,1153.0,3
2026-07-05,(마스터ASC)[제과_콘스프맛 팝콘] 26.07_콘스프맛팝콘출시_ASC_전환_image (NEW),(마스터ASC)[콘스프맛 팝콘] 26.07_콘스프맛팝콘출시_ASC_전환_image (NEW),[26.07]F_I_PC혼_전환_팝콘할인페스타_혜택강조형_다이어트_.배너_선착순300명한정.비밀링크.확장__김소희_260703_제과_문다현,22,0,465.0,0
2026-07-06,(미사용) [제과_단백질 쉐이크] 26.06_단백질쉐이크출시_ASC_전환_image,[제과_단백질 쉐이크] 26.06_단백질쉐이크출시_ASC_전환_image,[26.06]F_I_SK혼_전환_단백질쉐이크출시_제품강조형_타사비교_.배너_아무리토핑폭탄이어도.__이유빈_260701_제과_김수정,63,1,1455.0,0
2026-07-06,(미사용) [제과_단백질 쉐이크] 26.06_단백질쉐이크출시_ASC_전환_image,[제과_단백질 쉐이크] 26.06_단백질쉐이크출시_ASC_전환_image,[26.06]F_I_SK초_전환_단백질쉐이크출시_제품강조형_라라권위_.배너_빠삐코에코코볼부은맛알죠.가격비교O.__이유빈_260701_제과_문다현,525,15,9371.0,1
2026-07-06,[제과_단백질 쉐이크] 26.06_단백질쉐이크출시_수동_전환_video,네고형_0702,[26.07]F_V_SK혼_전환_단백질쉐이크출시_네고형_역네고형_main.릴스_공통시작.X_2P_이유빈_260703_제과_이미진,271,12,7069.0,0
2026-07-06,[제과_단백질 쉐이크] 26.06_단백질쉐이크출시_수동_전환_video,네고형_0702,[26.07]F_V_SK혼_전환_단백질쉐이크출시_네고형_역네고형_var1.릴스_타사비교.X_2P_이유빈_260703_제과_이미진,48,0,1020.0,0
2026-07-06,(마스터ASC)[제과_콘스프맛 팝콘] 26.07_콘스프맛팝콘출시_ASC_전환_image (NEW),(마스터ASC)[콘스프맛 팝콘] 26.07_콘스프맛팝콘출시_ASC_전환_image (NEW),[26.07]F_I_PC혼_전환_팝콘할인페스타_혜택강조형_다이어트_.배너_선착순300명한정.비밀링크.확장__김소희_260703_제과_문다현,8,0,238.0,0
2026-07-07,(미사용) [제과_단백질 쉐이크] 26.06_단백질쉐이크출시_ASC_전환_image,[제과_단백질 쉐이크] 26.06_단백질쉐이크출시_ASC_전환_image,[26.06]F_I_SK혼_전환_단백질쉐이크출시_제품강조형_타사비교_.배너_아무리토핑폭탄이어도.__이유빈_260701_제과_김수정,45,5,1462.0,0
2026-07-07,[제과_단백질 쉐이크] 26.06_단백질쉐이크출시_수동_전환_video,네고형_0702,[26.07]F_V_SK혼_전환_단백질쉐이크출시_네고형_역네고형_main.릴스_공통시작.X_2P_이유빈_260703_제과_이미진,196,5,6308.0,0
2026-07-07,[제과_단백질 쉐이크] 26.06_단백질쉐이크출시_수동_전환_video,네고형_0702,[26.07]F_V_SK혼_전환_단백질쉐이크출시_네고형_역네고형_var1.릴스_타사비교.X_2P_이유빈_260703_제과_이미진,35,1,539.0,0
2026-07-07,(마스터ASC)[제과_콘스프맛 팝콘] 26.07_콘스프맛팝콘출시_ASC_전환_image (NEW),(마스터ASC)[콘스프맛 팝콘] 26.07_콘스프맛팝콘출시_ASC_전환_image (NEW),[26.07]F_I_PC혼_전환_팝콘할인페스타_혜택강조형_다이어트_.배너_선착순300명한정.비밀링크.확장__김소희_260703_제과_문다현,22,1,354.0,0
2026-07-08,[제과_콘스프맛 팝콘] 26.05_콘스프맛팝콘출시_수동_전환_video,전화네고형_팝콘더블특가_콘스프맛 (~7/1),[26.06]F_V_PC콘_전환_팝콘더블특가_네고형_전화네고형.다이어트_var3.릴스_SP.슬기.X_1P_최나영_260625_제과_피재은,7,1,247.0,1
2026-07-08,(미사용) [제과_단백질 쉐이크] 26.06_단백질쉐이크출시_ASC_전환_image,[제과_단백질 쉐이크] 26.06_단백질쉐이크출시_ASC_전환_image,[26.06]F_I_SK혼_전환_단백질쉐이크출시_제품강조형_타사비교_.배너_아무리토핑폭탄이어도.__이유빈_260701_제과_김수정,348,10,8542.0,0
2026-07-08,[제과_단백질 쉐이크] 26.06_단백질쉐이크출시_수동_전환_video,네고형_0702,[26.07]F_V_SK혼_전환_단백질쉐이크출시_네고형_역네고형_main.릴스_공통시작.X_2P_이유빈_260703_제과_이미진,110,2,2583.0,0
2026-07-08,[제과_단백질 쉐이크] 26.06_단백질쉐이크출시_수동_전환_video,네고형_0702,[26.07]F_V_SK혼_전환_단백질쉐이크출시_네고형_역네고형_var1.릴스_타사비교.X_2P_이유빈_260703_제과_이미진,7,0,195.0,0
2026-07-09,[제과_콘스프맛 팝콘] 26.05_콘스프맛팝콘출시_수동_전환_video,전화네고형_팝콘더블특가_콘스프맛 (~7/1),[26.06]F_V_PC콘_전환_팝콘더블특가_네고형_전화네고형.다이어트_var3.릴스_SP.슬기.X_1P_최나영_260625_제과_피재은,59,1,1244.0,1
2026-07-09,[제과_단백질 쉐이크] 26.06_단백질쉐이크출시_수동_전환_video,네고형_0702,[26.07]F_V_SK혼_전환_단백질쉐이크출시_네고형_역네고형_main.릴스_공통시작.X_2P_이유빈_260703_제과_이미진,4,1,150.0,0
2026-07-09,[제과_단백질 쉐이크] 26.06_단백질쉐이크출시_수동_전환_video,네고형_0702,[26.07]F_V_SK혼_전환_단백질쉐이크출시_네고형_역네고형_var1.릴스_타사비교.X_2P_이유빈_260703_제과_이미진,62,2,1227.0,0
2026-07-09,(마스터ASC)[제과_콘스프맛 팝콘] 26.07_콘스프맛팝콘출시_ASC_전환_image (NEW),(마스터ASC)[콘스프맛 팝콘] 26.07_콘스프맛팝콘출시_ASC_전환_image (NEW),[26.07]F_I_PC혼_전환_팝콘할인페스타_혜택강조형_다이어트_.배너_선착순300명한정.비밀링크.확장__김소희_260703_제과_문다현,1821,24,31334.0,4
2026-07-10,[제과_콘스프맛 팝콘] 26.05_콘스프맛팝콘출시_수동_전환_video,전화네고형_팝콘더블특가_콘스프맛 (~7/1),[26.06]F_V_PC콘_전환_팝콘더블특가_네고형_전화네고형.다이어트_var3.릴스_SP.슬기.X_1P_최나영_260625_제과_피재은,172,7,3639.0,0
2026-07-11,[제과_콘스프맛 팝콘] 26.05_콘스프맛팝콘출시_수동_전환_video,전화네고형_팝콘더블특가_콘스프맛 (~7/1),[26.06]F_V_PC콘_전환_팝콘더블특가_네고형_전화네고형.다이어트_var3.릴스_SP.슬기.X_1P_최나영_260625_제과_피재은,252,7,4488.0,3
2026-07-11,[제과_단백질 쉐이크] 26.06_단백질쉐이크출시_ASC_전환_video,[제과_단백질 쉐이크] 26.06_단백질쉐이크출시_ASC_전환_video,[26.07]F_V_SK혼_전환_단백질쉐이크출시_신규BP_문제공감형.파우치.개당가강조_var4.릴스_노력강조.올리브영.X_2P_이유빈_260710_제과_이봄1,93,7,1853.0,2
2026-07-12,[제과_콘스프맛 팝콘] 26.05_콘스프맛팝콘출시_수동_전환_video,전화네고형_팝콘더블특가_콘스프맛 (~7/1),[26.06]F_V_PC콘_전환_팝콘더블특가_네고형_전화네고형.다이어트_var3.릴스_SP.슬기.X_1P_최나영_260625_제과_피재은,516,11,9098.0,4
2026-07-12,[제과_단백질 쉐이크] 26.06_단백질쉐이크출시_ASC_전환_video,[제과_단백질 쉐이크] 26.06_단백질쉐이크출시_ASC_전환_video,[26.07]F_V_SK혼_전환_단백질쉐이크출시_신규BP_문제공감형.파우치.개당가강조_var4.릴스_노력강조.올리브영.X_2P_이유빈_260710_제과_이봄1,3892,120,65662.0,9
2026-07-13,[제과_콘스프맛 팝콘] 26.05_콘스프맛팝콘출시_수동_전환_video,전화네고형_팝콘더블특가_콘스프맛 (~7/1),[26.06]F_V_PC콘_전환_팝콘더블특가_네고형_전화네고형.다이어트_var3.릴스_SP.슬기.X_1P_최나영_260625_제과_피재은,226,5,3699.0,1
2026-07-13,[제과_단백질 쉐이크] 26.06_단백질쉐이크출시_ASC_전환_video,[제과_단백질 쉐이크] 26.06_단백질쉐이크출시_ASC_전환_video,[26.07]F_V_SK혼_전환_단백질쉐이크출시_신규BP_문제공감형.파우치.개당가강조_var4.릴스_노력강조.올리브영.X_2P_이유빈_260710_제과_이봄1,3262,109,61687.0,8
2026-07-14,[제과_콘스프맛 팝콘] 26.05_콘스프맛팝콘출시_수동_전환_video,전화네고형_팝콘더블특가_콘스프맛 (~7/1),[26.06]F_V_PC콘_전환_팝콘더블특가_네고형_전화네고형.다이어트_var3.릴스_SP.슬기.X_1P_최나영_260625_제과_피재은,1964,35,29493.0,7
2026-07-14,[제과_단백질 쉐이크] 26.06_단백질쉐이크출시_ASC_전환_video,[제과_단백질 쉐이크] 26.06_단백질쉐이크출시_ASC_전환_video,[26.07]F_V_SK혼_전환_단백질쉐이크출시_신규BP_문제공감형.파우치.개당가강조_var4.릴스_노력강조.올리브영.X_2P_이유빈_260710_제과_이봄1,7261,254,109746.0,12
2026-07-14,[제과_단백질 쉐이크] 26.06_단백질쉐이크출시_수동_전환_image,최저가비교_0713,[26.07]F_I_SK혼_전환_단백질쉐이크출시_혜택강조형_개당최저가비교_.배너_대용량보다싼토핑폭탄.개당1천원대할인중.확장__이유빈_260713_제과_문다현,100,0,1882.0,0
2026-07-15,[제과_콘스프맛 팝콘] 26.05_콘스프맛팝콘출시_수동_전환_video,전화네고형_팝콘더블특가_콘스프맛 (~7/1),[26.06]F_V_PC콘_전환_팝콘더블특가_네고형_전화네고형.다이어트_var3.릴스_SP.슬기.X_1P_최나영_260625_제과_피재은,536,11,7898.0,1
2026-07-15,[제과_단백질 쉐이크] 26.06_단백질쉐이크출시_ASC_전환_video,[제과_단백질 쉐이크] 26.06_단백질쉐이크출시_ASC_전환_video,[26.07]F_V_SK혼_전환_단백질쉐이크출시_신규BP_문제공감형.파우치.개당가강조_var4.릴스_노력강조.올리브영.X_2P_이유빈_260710_제과_이봄1,3086,85,50326.0,8
2026-07-15,[제과_단백질 쉐이크] 26.06_단백질쉐이크출시_수동_전환_image,최저가비교_0713,[26.07]F_I_SK혼_전환_단백질쉐이크출시_혜택강조형_개당최저가비교_.배너_대용량보다싼토핑폭탄.개당1천원대할인중.확장__이유빈_260713_제과_문다현,33,2,766.0,0
2026-07-15,[제과_단백질 쉐이크] 26.06_단백질쉐이크출시_수동_전환_image,올영최저가비교_0714,[26.07]F_I_SK혼_전환_단백질쉐이크출시_혜택강조형_올영최저가비교_.배너_올영보다싸요.네고형.확장__이유빈_260714_제과_문다현,736,24,12990.0,1
2026-07-15,(마스터ASC)[제과_블트하] 26.07_블트깡출시_ASC_전환_video,(마스터ASC)[제과_블트하] 26.07_블트깡출시_ASC_전환_video,[26.07]F_V_BT깡_전환_블트깡출시_제조과정형_CS제조과정형.KR2_var3.릴스_트러플.슬기.X_1P_김소희_260715_제과_피재은,104,2,1723.0,0
2026-07-15,[제과_블트하] 26.07_블트깡출시_수동_전환_image_전체타겟,원산지권위_블트깡출시 (KR2),[26.07]F_I_BT깡_전환_블트깡출시_바이럴형_KR2_.배너_원산지페포.요즘난리난.검증__김소희_260715_제과_김수정,2829,68,48551.0,12
2026-07-16,[제과_콘스프맛 팝콘] 26.05_콘스프맛팝콘출시_수동_전환_video,전화네고형_팝콘더블특가_콘스프맛 (~7/1),[26.06]F_V_PC콘_전환_팝콘더블특가_네고형_전화네고형.다이어트_var3.릴스_SP.슬기.X_1P_최나영_260625_제과_피재은,637,10,7132.0,2
2026-07-16,[제과_단백질 쉐이크] 26.06_단백질쉐이크출시_ASC_전환_video,[제과_단백질 쉐이크] 26.06_단백질쉐이크출시_ASC_전환_video,[26.07]F_V_SK혼_전환_단백질쉐이크출시_신규BP_문제공감형.파우치.개당가강조_var4.릴스_노력강조.올리브영.X_2P_이유빈_260710_제과_이봄1,818,20,12148.0,2
2026-07-16,(마스터ASC)[제과_블트하] 26.07_블트깡출시_ASC_전환_video,(마스터ASC)[제과_블트하] 26.07_블트깡출시_ASC_전환_video,[26.07]F_V_BT깡_전환_블트깡출시_제조과정형_CS제조과정형.KR2_var3.릴스_트러플.슬기.X_1P_김소희_260715_제과_피재은,148,0,2396.0,0
2026-07-16,[제과_블트하] 26.07_블트깡출시_수동_전환_image_전체타겟,원산지권위_블트깡출시 (KR2),[26.07]F_I_BT깡_전환_블트깡출시_바이럴형_KR2_.배너_원산지페포.요즘난리난.검증__김소희_260715_제과_김수정,1652,48,38164.0,7
2026-07-17,[제과_콘스프맛 팝콘] 26.05_콘스프맛팝콘출시_수동_전환_video,전화네고형_팝콘더블특가_콘스프맛 (~7/1),[26.06]F_V_PC콘_전환_팝콘더블특가_네고형_전화네고형.다이어트_var3.릴스_SP.슬기.X_1P_최나영_260625_제과_피재은,47,0,756.0,0
2026-07-17,[제과_단백질 쉐이크] 26.06_단백질쉐이크출시_ASC_전환_video,[제과_단백질 쉐이크] 26.06_단백질쉐이크출시_ASC_전환_video,[26.07]F_V_SK혼_전환_단백질쉐이크출시_신규BP_문제공감형.파우치.개당가강조_var4.릴스_노력강조.올리브영.X_2P_이유빈_260710_제과_이봄1,3198,103,50447.0,5
2026-07-17,(마스터ASC)[제과_블트하] 26.07_블트깡출시_ASC_전환_video,(마스터ASC)[제과_블트하] 26.07_블트깡출시_ASC_전환_video,[26.07]F_V_BT깡_전환_블트깡출시_제조과정형_CS제조과정형.KR2_var3.릴스_트러플.슬기.X_1P_김소희_260715_제과_피재은,38,5,778.0,1
2026-07-17,[제과_블트하] 26.07_블트깡출시_수동_전환_image_전체타겟,원산지권위_블트깡출시 (KR2),[26.07]F_I_BT깡_전환_블트깡출시_바이럴형_KR2_.배너_원산지페포.요즘난리난.검증__김소희_260715_제과_김수정,1909,51,42657.0,3
2026-07-17,[제과_블트하] 26.07_블트깡출시_수동_전환_image_전체타겟,3040대세감_블트깡출시 (KR1),[26.07]F_I_BT깡_전환_블트깡출시_바이럴형_KR1_.배너_3040소비상황.맘카페가족간식추천템.검증__김소희_260716_제과_김수정,453,21,10655.0,1
2026-07-18,[제과_단백질 쉐이크] 26.06_단백질쉐이크출시_ASC_전환_video,[제과_단백질 쉐이크] 26.06_단백질쉐이크출시_ASC_전환_video,[26.07]F_V_SK혼_전환_단백질쉐이크출시_신규BP_문제공감형.파우치.개당가강조_var4.릴스_노력강조.올리브영.X_2P_이유빈_260710_제과_이봄1,5910,209,81545.0,7
2026-07-19,[제과_콘스프맛 팝콘] 26.05_콘스프맛팝콘출시_수동_전환_video,전화네고형_팝콘더블특가_콘스프맛 (~7/1),[26.06]F_V_PC콘_전환_팝콘더블특가_네고형_전화네고형.다이어트_var3.릴스_SP.슬기.X_1P_최나영_260625_제과_피재은,95,0,996.0,0
2026-07-19,[제과_단백질 쉐이크] 26.06_단백질쉐이크출시_ASC_전환_video,[제과_단백질 쉐이크] 26.06_단백질쉐이크출시_ASC_전환_video,[26.07]F_V_SK혼_전환_단백질쉐이크출시_신규BP_문제공감형.파우치.개당가강조_var4.릴스_노력강조.올리브영.X_2P_이유빈_260710_제과_이봄1,4515,186,66905.0,13
2026-07-20,[제과_콘스프맛 팝콘] 26.05_콘스프맛팝콘출시_수동_전환_video,전화네고형_팝콘더블특가_콘스프맛 (~7/1),[26.06]F_V_PC콘_전환_팝콘더블특가_네고형_전화네고형.다이어트_var3.릴스_SP.슬기.X_1P_최나영_260625_제과_피재은,49,4,574.0,0
2026-07-20,[제과_단백질 쉐이크] 26.06_단백질쉐이크출시_ASC_전환_video,[제과_단백질 쉐이크] 26.06_단백질쉐이크출시_ASC_전환_video,[26.07]F_V_SK혼_전환_단백질쉐이크출시_신규BP_문제공감형.파우치.개당가강조_var4.릴스_노력강조.올리브영.X_2P_이유빈_260710_제과_이봄1,1449,73,21581.0,0
2026-07-20,(마스터ASC)[제과_블트하] 26.07_블트깡출시_ASC_전환_video,(마스터ASC)[제과_블트하] 26.07_블트깡출시_ASC_전환_video,[26.07]F_V_BT깡_전환_블트깡출시_제조과정형_CS제조과정형.KR2_var3.릴스_트러플.슬기.X_1P_김소희_260715_제과_피재은,104,5,1698.0,0
2026-07-21,[제과_단백질 쉐이크] 26.06_단백질쉐이크출시_ASC_전환_video,[제과_단백질 쉐이크] 26.06_단백질쉐이크출시_ASC_전환_video,[26.07]F_V_SK혼_전환_단백질쉐이크출시_신규BP_문제공감형.파우치.개당가강조_var4.릴스_노력강조.올리브영.X_2P_이유빈_260710_제과_이봄1,3220,114,49231.0,5
2026-07-21,(마스터ASC)[제과_블트하] 26.07_블트깡출시_ASC_전환_video,(마스터ASC)[제과_블트하] 26.07_블트깡출시_ASC_전환_video,[26.07]F_V_BT깡_전환_블트깡출시_제조과정형_CS제조과정형.KR2_var3.릴스_트러플.슬기.X_1P_김소희_260715_제과_피재은,260,6,5664.0,0
2026-07-22,[칩] (마스터ASC)[제과_블트하] 26.07_블트칩출시_ASC_전환_image,[칩] (마스터ASC)[제과_블트하] 26.07_블트칩출시_ASC_전환_image,[26.07]F_I_BT칩_전환_블트칩출시_혜택강조형_KR2_.배너_비싼거때려넣음.칩깡동시소구.지면테스트..검증__김소희_260722_제과_박서연,436,11,10387.0,1
2026-07-23,[칩] (마스터ASC)[제과_블트하] 26.07_블트칩출시_ASC_전환_image,[칩] (마스터ASC)[제과_블트하] 26.07_블트칩출시_ASC_전환_image,[26.07]F_I_BT칩_전환_블트칩출시_혜택강조형_KR2_.배너_비싼거때려넣음.칩깡동시소구.지면테스트..검증__김소희_260722_제과_박서연,1118,23,21124.0,5
2026-07-24,[칩] (마스터ASC)[제과_블트하] 26.07_블트칩출시_ASC_전환_image,[칩] (마스터ASC)[제과_블트하] 26.07_블트칩출시_ASC_전환_image,[26.07]F_I_BT칩_전환_블트칩출시_혜택강조형_KR2_.배너_비싼거때려넣음.칩깡동시소구.지면테스트..검증__김소희_260722_제과_박서연,93,3,2436.0,0
2026-07-24,[제과_블트하] 26.07_블트깡출시_수동_전환_video_전체타겟,(0725) 취식강조형_블트깡출시 (KR2) (미진님),[26.07]F_V_BT깡_전환_블트깡출시_취식강조형_먹방.KR2_var1.릴스_원재료.X_2P_김소희_260724_제과_이미진,1645,26,31185.0,0
2026-07-25,[칩] (마스터ASC)[제과_블트하] 26.07_블트칩출시_ASC_전환_image,[칩] (마스터ASC)[제과_블트하] 26.07_블트칩출시_ASC_전환_image,[26.07]F_I_BT칩_전환_블트칩출시_혜택강조형_KR2_.배너_비싼거때려넣음.칩깡동시소구.지면테스트..검증__김소희_260722_제과_박서연,59,1,1505.0,1
2026-07-25,[제과_블트하] 26.07_블트깡출시_수동_전환_video_전체타겟,(0725) 취식강조형_블트깡출시 (KR2) (미진님),[26.07]F_V_BT깡_전환_블트깡출시_취식강조형_먹방.KR2_var1.릴스_원재료.X_2P_김소희_260724_제과_이미진,571,13,12007.0,1
2026-07-01,[제과_단백질 쉐이크] 26.06_단백질쉐이크출시_ASC_전환_video,[제과_단백질 쉐이크] 26.06_단백질쉐이크출시_ASC_전환_video,[26.06]F_V_SK혼_전환_단백질쉐이크출시_신규BP_인플루언서_var1.릴스_다이어트 권위.X_2P_이유빈_260624_제과_이봄1,441,12,14984.0,1
2026-07-04,[제과_단백질 쉐이크] 26.06_단백질쉐이크출시_수동_전환_video,네고형_0702,[26.07]F_V_SK혼_전환_단백질쉐이크출시_네고형_역네고형_var2.릴스_취식.X_2P_이유빈_260703_제과_이미진,704,26,11349.0,1
2026-07-07,(마스터ASC)[제과_콘스프맛 팝콘] 26.07_콘스프맛팝콘출시_ASC_전환_image (NEW),(마스터ASC)[콘스프맛 팝콘] 26.07_콘스프맛팝콘출시_ASC_전환_image (NEW),[26.07]F_I_PC혼_전환_팝콘할인페스타_혜택강조형_다이어트_.배너_공지.가격실수안내.다이어트커뮤니티입소문.공장풀가동.확장__김소희_260707_제과_문다현,258,8,4346.0,0
2026-07-08,(마스터ASC)[제과_콘스프맛 팝콘] 26.07_콘스프맛팝콘출시_ASC_전환_image (NEW),(마스터ASC)[콘스프맛 팝콘] 26.07_콘스프맛팝콘출시_ASC_전환_image (NEW),[26.07]F_I_PC혼_전환_팝콘할인페스타_혜택강조형_다이어트_.배너_공지.가격실수안내.다이어트커뮤니티입소문.공장풀가동.확장__김소희_260707_제과_문다현,8246,138,92006.0,17
2026-07-08,[제과_단백질 쉐이크] 26.06_단백질쉐이크출시_수동_전환_image,파우치개당가강조_0706,[26.07]F_I_SK초_전환_단백질쉐이크출시_혜택강조형_파우치.개당가강조_.배너_불편하지않아도.미개봉새상품아니어도.검증__이유빈_260706_제과_김수정,10,0,366.0,0
2026-07-09,[제과_단백질 쉐이크] 26.06_단백질쉐이크출시_수동_전환_image,파우치개당가강조_0706,[26.07]F_I_SK초_전환_단백질쉐이크출시_혜택강조형_파우치.개당가강조_.배너_불편하지않아도.미개봉새상품아니어도.검증__이유빈_260706_제과_김수정,384,10,8933.0,1
2026-07-10,[제과_콘스프맛 팝콘] 26.05_콘스프맛팝콘출시_수동_전환_image,속세맛간식공감_콘스프맛팝콘_상시,[26.07]F_I_PC혼_전환_콘스프맛팝콘출시_혜택강조형__.릴스_먼저사신분들.죄송.개당1천원대.확장__김소희_260710_제과_김수정,1035,23,16904.0,4
2026-07-10,[제과_단쉐_990] 26.07_깜짝990딜_수동_전환_image,990딜_0710,[26.07]F_I_SK혼_전환_단쉐990원_혜택강조형__.배너_다이소보다싼.990원.토핑폭탄.품절전쟁이기.주황.확장__이유빈_260710_제과_문다현,159,5,2903.0,0
2026-07-10,[제과_단쉐_990] 26.07_깜짝990딜_수동_전환_video,쩜오건_0710,[26.07]F_V_SK혼_전환_단쉐990원_원데이건_캡컷_var1.릴스_다이소제품.X_2P_이유빈_260710_제과_이미진,1049,75,13198.0,1
2026-07-10,[제과_단쉐_990] 26.07_깜짝990딜_ASC_전환_video,[제과_단쉐_990] 26.07_깜짝990딜_ASC_전환_video,[26.07]F_V_SK혼_전환_단쉐990원_원데이건_캡컷_main.릴스_계속담아도.X_2P_이유빈_260710_제과_이미진,18,0,379.0,0
2026-07-11,[제과_콘스프맛 팝콘] 26.05_콘스프맛팝콘출시_수동_전환_image,속세맛간식공감_콘스프맛팝콘_상시,[26.07]F_I_PC혼_전환_콘스프맛팝콘출시_혜택강조형__.릴스_먼저사신분들.죄송.개당1천원대.확장__김소희_260710_제과_김수정,693,19,12931.0,0
2026-07-11,[제과_단쉐_990] 26.07_깜짝990딜_수동_전환_image,990딜_0710,[26.07]F_I_SK혼_전환_단쉐990원_혜택강조형__.배너_다이소보다싼.990원.토핑폭탄.품절전쟁이기.주황.확장__이유빈_260710_제과_문다현,293,7,6399.0,0
2026-07-11,[제과_단쉐_990] 26.07_깜짝990딜_수동_전환_video,쩜오건_0710,[26.07]F_V_SK혼_전환_단쉐990원_원데이건_캡컷_var1.릴스_다이소제품.X_2P_이유빈_260710_제과_이미진,211,19,2375.0,0
2026-07-11,[제과_단쉐_990] 26.07_깜짝990딜_ASC_전환_video,[제과_단쉐_990] 26.07_깜짝990딜_ASC_전환_video,[26.07]F_V_SK혼_전환_단쉐990원_원데이건_캡컷_main.릴스_계속담아도.X_2P_이유빈_260710_제과_이미진,99,8,1203.0,0
2026-07-12,[제과_콘스프맛 팝콘] 26.05_콘스프맛팝콘출시_수동_전환_image,속세맛간식공감_콘스프맛팝콘_상시,[26.07]F_I_PC혼_전환_콘스프맛팝콘출시_혜택강조형__.릴스_먼저사신분들.죄송.개당1천원대.확장__김소희_260710_제과_김수정,707,14,13601.0,2
2026-07-12,[제과_단쉐_990] 26.07_깜짝990딜_ASC_전환_video,[제과_단쉐_990] 26.07_깜짝990딜_ASC_전환_video,[26.07]F_V_SK혼_전환_단쉐990원_원데이건_캡컷_main.릴스_계속담아도.X_2P_이유빈_260710_제과_이미진,8429,366,92284.0,12
2026-07-13,[제과_단쉐_990] 26.07_깜짝990딜_수동_전환_image,990딜_0710,[26.07]F_I_SK혼_전환_단쉐990원_혜택강조형__.배너_다이소보다싼.990원.토핑폭탄.품절전쟁이기.주황.확장__이유빈_260710_제과_문다현,80,6,1444.0,0
2026-07-13,[제과_단쉐_990] 26.07_깜짝990딜_ASC_전환_video,[제과_단쉐_990] 26.07_깜짝990딜_ASC_전환_video,[26.07]F_V_SK혼_전환_단쉐990원_원데이건_캡컷_main.릴스_계속담아도.X_2P_이유빈_260710_제과_이미진,3676,134,37347.0,3
2026-07-15,(마스터ASC)[제과_블트하] 26.07_블트깡출시_ASC_전환_video,(마스터ASC)[제과_블트하] 26.07_블트깡출시_ASC_전환_video,[26.07]F_V_BT깡_전환_블트깡출시_원가강조형_미틀리에BP.KR2_main.릴스_BP그대로.X_1P_최나영_260715_제과_강경연,105,7,1831.0,1
2026-07-15,(마스터ASC)[제과_블트하] 26.07_블트깡출시_ASC_전환_image,(마스터ASC)[제과_블트하] 26.07_블트깡출시_ASC_전환_image,[26.07]F_I_BT깡_전환_블트깡출시_혜택강조형_혜택강조형_.배너_비싼이탈리아블랙트러플.검증__김소희_260715_제과_박서연,40,1,1073.0,0
2026-07-15,[제과_블트하] 26.07_블트깡출시_수동_전환_image_전체타겟,원산지권위_블트깡출시 (KR2),[26.07]F_I_BT깡_전환_블트깡출시__KR2_.배너_원산지권위.공식문서형.사과문.검증__김소희_260715_제과_김수정,592,15,9368.0,0
2026-07-15,[제과_블트하] 26.07_블트깡출시_수동_전환_image_전체타겟,원산지권위_블트깡출시 (KR2),[26.07]F_I_BT깡_전환_블트깡출시_바이럴형_KR2_.배너_원산지페포.진짜먹고싶을때만먹다가.검증__김소희_260715_제과_김수정,71,0,546.0,0
2026-07-15,(마스터ASC)[제과_블트하] 26.07_블트깡출시_ASC_전환_image,(마스터ASC)[제과_블트하] 26.07_블트깡출시_ASC_전환_image,[26.07]F_I_BT깡_전환_블트깡출시_혜택강조형_KR2_.배너_원산지권위.원가진짜비싸다는.검증__김소희_260715_제과_김수정,86,1,2178.0,0
2026-07-16,(마스터ASC)[제과_블트하] 26.07_블트깡출시_ASC_전환_video,(마스터ASC)[제과_블트하] 26.07_블트깡출시_ASC_전환_video,[26.07]F_V_BT깡_전환_블트깡출시_원가강조형_미틀리에BP.KR2_main.릴스_BP그대로.X_1P_최나영_260715_제과_강경연,11216,293,197939.0,38
2026-07-16,(마스터ASC)[제과_블트하] 26.07_블트깡출시_ASC_전환_image,(마스터ASC)[제과_블트하] 26.07_블트깡출시_ASC_전환_image,[26.07]F_I_BT깡_전환_블트깡출시_혜택강조형_혜택강조형_.배너_비싼이탈리아블랙트러플.검증__김소희_260715_제과_박서연,24,0,576.0,0
2026-07-16,[제과_블트하] 26.07_블트깡출시_수동_전환_image_전체타겟,원산지권위_블트깡출시 (KR2),[26.07]F_I_BT깡_전환_블트깡출시_바이럴형_KR2_.배너_원산지페포.진짜먹고싶을때만먹다가.검증__김소희_260715_제과_김수정,5,0,31.0,0
2026-07-16,(마스터ASC)[제과_블트하] 26.07_블트깡출시_ASC_전환_image,(마스터ASC)[제과_블트하] 26.07_블트깡출시_ASC_전환_image,[26.07]F_I_BT깡_전환_블트깡출시_바이럴형_KR1_.배너_유행.요새난리난.검증__김소희_260715_제과_김수정,62,0,1530.0,0
2026-07-16,(마스터ASC)[제과_블트하] 26.07_블트깡출시_ASC_전환_image,(마스터ASC)[제과_블트하] 26.07_블트깡출시_ASC_전환_image,[26.07]F_I_BT깡_전환_블트깡출시_매거진형_KR1_.배너_일반특정집단.3040사이에서.검증__김소희_260715_제과_김수정,520,13,11615.0,1
2026-07-16,(마스터ASC)[제과_블트하] 26.07_블트깡출시_ASC_전환_image,(마스터ASC)[제과_블트하] 26.07_블트깡출시_ASC_전환_image,[26.07]F_I_BT깡_전환_블트깡출시_혜택강조형_KR2_.배너_원산지권위.원가진짜비싸다는.검증__김소희_260715_제과_김수정,67,1,1618.0,0
2026-07-17,(마스터ASC)[제과_블트하] 26.07_블트깡출시_ASC_전환_video,(마스터ASC)[제과_블트하] 26.07_블트깡출시_ASC_전환_video,[26.07]F_V_BT깡_전환_블트깡출시_원가강조형_미틀리에BP.KR2_main.릴스_BP그대로.X_1P_최나영_260715_제과_강경연,4781,171,84463.0,17
2026-07-17,(마스터ASC)[제과_블트하] 26.07_블트깡출시_ASC_전환_image,(마스터ASC)[제과_블트하] 26.07_블트깡출시_ASC_전환_image,[26.07]F_I_BT깡_전환_블트깡출시_혜택강조형_혜택강조형_.배너_비싼이탈리아블랙트러플.검증__김소희_260715_제과_박서연,1,0,16.0,0
2026-07-17,[제과_블트하] 26.07_블트깡출시_수동_전환_image_전체타겟,원산지권위_블트깡출시 (KR2),[26.07]F_I_BT깡_전환_블트깡출시_바이럴형_KR2_.배너_원산지페포.진짜먹고싶을때만먹다가.검증__김소희_260715_제과_김수정,1,0,3.0,0
2026-07-17,(마스터ASC)[제과_블트하] 26.07_블트깡출시_ASC_전환_image,(마스터ASC)[제과_블트하] 26.07_블트깡출시_ASC_전환_image,[26.07]F_I_BT깡_전환_블트깡출시_바이럴형_KR1_.배너_유행.요새난리난.검증__김소희_260715_제과_김수정,2,0,100.0,0
2026-07-19,(마스터ASC)[제과_블트하] 26.07_블트깡출시_ASC_전환_image,(마스터ASC)[제과_블트하] 26.07_블트깡출시_ASC_전환_image,[26.07]F_I_BT깡_전환_블트깡출시_혜택강조형_혜택강조형_.배너_비싼이탈리아블랙트러플.검증__김소희_260715_제과_박서연,39,2,1709.0,0
2026-07-20,(마스터ASC)[제과_블트하] 26.07_블트깡출시_ASC_전환_image,(마스터ASC)[제과_블트하] 26.07_블트깡출시_ASC_전환_image,[26.07]F_I_BT깡_전환_블트깡출시_혜택강조형_혜택강조형_.배너_비싼이탈리아블랙트러플.검증__김소희_260715_제과_박서연,3,0,98.0,0
2026-07-21,(마스터ASC)[제과_블트하] 26.07_블트깡출시_ASC_전환_video,(마스터ASC)[제과_블트하] 26.07_블트깡출시_ASC_전환_video,[26.07]F_V_BT깡_전환_블트깡출시_인물리뷰형_맥주BP.KR1_var2.릴스_대세감.슬기.X_1P_최나영_260721_제과_피재은,1422,49,33709.0,9
2026-07-22,(마스터ASC)[제과_블트하] 26.07_블트깡출시_ASC_전환_image,(마스터ASC)[제과_블트하] 26.07_블트깡출시_ASC_전환_image,[26.07]F_I_BT깡_전환_블트깡출시_혜택강조형_혜택강조형_.배너_비싼이탈리아블랙트러플.검증__김소희_260715_제과_박서연,4,3,151.0,0
2026-07-22,(마스터ASC)[제과_블트하] 26.07_블트깡출시_ASC_전환_video,(마스터ASC)[제과_블트하] 26.07_블트깡출시_ASC_전환_video,[26.07]F_V_BT깡_전환_블트깡출시_인물리뷰형_맥주BP.KR1_var2.릴스_대세감.슬기.X_1P_최나영_260721_제과_피재은,507,21,12753.0,7
2026-07-22,(마스터ASC)[제과_블트하] 26.07_블트깡출시_ASC_전환_image,(마스터ASC)[제과_블트하] 26.07_블트깡출시_ASC_전환_image,[26.07]F_I_BT깡_전환_블트깡출시_바이럴형_KR1_.릴스_맘카페페르소나.지면테스트.무조건담으락로.검증__김소희_260721_제과_김수정,246,5,6546.0,1
2026-07-22,[제과_블트하] 26.07_블트깡출시_수동_전환_image_전체타겟,남편인정소비_블트깡출시 (KR1) (0728),[26.07]F_I_BT깡_전환_블트깡출시__KR1_.배너_공지문.원산지.확장__김소희_260721_제과_김수정,558,18,11096.0,2
2026-07-23,(마스터ASC)[제과_블트하] 26.07_블트깡출시_ASC_전환_image,(마스터ASC)[제과_블트하] 26.07_블트깡출시_ASC_전환_image,[26.07]F_I_BT깡_전환_블트깡출시_혜택강조형_KR2_.배너_원산지권위.원가진짜비싸다는.검증__김소희_260715_제과_김수정,9,0,139.0,0
2026-07-23,(마스터ASC)[제과_블트하] 26.07_블트깡출시_ASC_전환_video,(마스터ASC)[제과_블트하] 26.07_블트깡출시_ASC_전환_video,[26.07]F_V_BT깡_전환_블트깡출시_인물리뷰형_맥주BP.KR1_var2.릴스_대세감.슬기.X_1P_최나영_260721_제과_피재은,697,13,21393.0,1
2026-07-23,(마스터ASC)[제과_블트하] 26.07_블트깡출시_ASC_전환_image,(마스터ASC)[제과_블트하] 26.07_블트깡출시_ASC_전환_image,[26.07]F_I_BT깡_전환_블트깡출시_바이럴형_KR1_.릴스_맘카페페르소나.지면테스트.무조건담으락로.검증__김소희_260721_제과_김수정,48,4,1377.0,0
2026-07-23,[제과_블트하] 26.07_블트깡출시_수동_전환_image_전체타겟,남편인정소비_블트깡출시 (KR1) (0728),[26.07]F_I_BT깡_전환_블트깡출시__KR1_.배너_공지문.원산지.확장__김소희_260721_제과_김수정,289,8,4348.0,0
2026-07-23,[제과_블트하] 26.07_블트깡출시_수동_전환_image_전체타겟,(칩)맘카페캐러셀_블트칩출시 (KR1),[26.07]F_I_BT칩_전환_블트칩출시_매거진형_KR1_.배너_입맛깐깐먹어보고후회.확장__김소희_260722_제과_김수정,760,36,14393.0,2
2026-07-24,(마스터ASC)[제과_블트하] 26.07_블트깡출시_ASC_전환_video,(마스터ASC)[제과_블트하] 26.07_블트깡출시_ASC_전환_video,[26.07]F_V_BT깡_전환_블트깡출시_인물리뷰형_맥주BP.KR1_var2.릴스_대세감.슬기.X_1P_최나영_260721_제과_피재은,28,3,808.0,0
2026-07-24,[제과_블트하] 26.07_블트깡출시_수동_전환_image_전체타겟,남편인정소비_블트깡출시 (KR1) (0728),[26.07]F_I_BT깡_전환_블트깡출시__KR1_.배너_공지문.원산지.확장__김소희_260721_제과_김수정,3,0,18.0,0
2026-07-24,[제과_블트하] 26.07_블트깡출시_수동_전환_image_전체타겟,(칩)맘카페캐러셀_블트칩출시 (KR1),[26.07]F_I_BT칩_전환_블트칩출시_매거진형_KR1_.배너_입맛깐깐먹어보고후회.확장__김소희_260722_제과_김수정,82,3,1996.0,0
2026-07-24,[제과_블트하] 26.07_블트깡출시_수동_전환_image_전체타겟,(칩) 맘카페&혜택강조형_블트칩출시 (0723),[26.07]F_I_BT칩_전환_블트칩출시_혜택강조형_KR1_.배너_에르X스급.확장__김소희_260723_제과_박서연,268,7,5778.0,1
2026-07-24,[칩] (마스터ASC)[제과_블트하] 26.07_블트칩출시_ASC_전환_video,[칩] (마스터ASC)[제과_블트하] 26.07_블트칩출시_ASC_전환_video,[26.07]F_V_BT칩_전환_블트칩출시_쩜오건_오감자BP.KR1_main.릴스_신상.X_2P_최나영_260724_제과_윤성미,11,0,102.0,0
2026-07-25,(마스터ASC)[제과_블트하] 26.07_블트깡출시_ASC_전환_video,(마스터ASC)[제과_블트하] 26.07_블트깡출시_ASC_전환_video,[26.07]F_V_BT깡_전환_블트깡출시_인물리뷰형_맥주BP.KR1_var2.릴스_대세감.슬기.X_1P_최나영_260721_제과_피재은,33,1,797.0,0
2026-07-25,[제과_블트하] 26.07_블트깡출시_수동_전환_image_전체타겟,(칩) 맘카페&혜택강조형_블트칩출시 (0723),[26.07]F_I_BT칩_전환_블트칩출시_혜택강조형_KR1_.배너_에르X스급.확장__김소희_260723_제과_박서연,55,2,1399.0,0
2026-07-25,[칩] (마스터ASC)[제과_블트하] 26.07_블트칩출시_ASC_전환_video,[칩] (마스터ASC)[제과_블트하] 26.07_블트칩출시_ASC_전환_video,[26.07]F_V_BT칩_전환_블트칩출시_쩜오건_오감자BP.KR1_main.릴스_신상.X_2P_최나영_260724_제과_윤성미,3,0,17.0,0
2026-07-26,(마스터ASC)[제과_블트하] 26.07_블트깡출시_ASC_전환_video,(마스터ASC)[제과_블트하] 26.07_블트깡출시_ASC_전환_video,[26.07]F_V_BT깡_전환_블트깡출시_인물리뷰형_맥주BP.KR1_var2.릴스_대세감.슬기.X_1P_최나영_260721_제과_피재은,97,3,2839.0,0
2026-07-26,[제과_블트하] 26.07_블트깡출시_수동_전환_image_전체타겟,남편인정소비_블트깡출시 (KR1) (0728),[26.07]F_I_BT깡_전환_블트깡출시__KR1_.배너_공지문.원산지.확장__김소희_260721_제과_김수정,2,0,53.0,0
2026-07-27,(마스터ASC)[제과_블트하] 26.07_블트깡출시_ASC_전환_video,(마스터ASC)[제과_블트하] 26.07_블트깡출시_ASC_전환_video,[26.07]F_V_BT깡_전환_블트깡출시_인물리뷰형_맥주BP.KR1_var2.릴스_대세감.슬기.X_1P_최나영_260721_제과_피재은,9,0,430.0,0
2026-07-27,[제과_블트하] 26.07_블트깡출시_수동_전환_image_전체타겟,남편인정소비_블트깡출시 (KR1) (0728),[26.07]F_I_BT깡_전환_블트깡출시__KR1_.배너_공지문.원산지.확장__김소희_260721_제과_김수정,205,2,5814.0,0
2026-07-28,[제과_블트하] 26.07_블트깡출시_수동_전환_image_전체타겟,남편인정소비_블트깡출시 (KR1) (0728),[26.07]F_I_BT깡_전환_블트깡출시__KR1_.배너_공지문.원산지.확장__김소희_260721_제과_김수정,3,0,34.0,0
2026-07-01,(미사용) [제과_단백질 쉐이크] 26.06_단백질쉐이크출시_ASC_전환_image,[제과_단백질 쉐이크] 26.06_단백질쉐이크출시_ASC_전환_image,[26.06]F_I_SK곡_전환_단백질쉐이크출시_제품강조형_건강자극_.배너_시럽.__이유빈_260626_제과_김나현,3,0,66.0,0
2026-07-01,[제과_단백질 쉐이크] 26.06_단백질쉐이크출시_ASC_전환_video,[제과_단백질 쉐이크] 26.06_단백질쉐이크출시_ASC_전환_video,[26.06]F_V_SK혼_전환_단백질쉐이크출시_신규BP_개당가메리트.재편집_var3.릴스_기존.취식.X_2P_이유빈_260629_제과_이봄1,25505,489,470971.0,58
2026-07-01,(미사용) [제과_단백질 쉐이크] 26.06_단백질쉐이크출시_ASC_전환_image,[제과_단백질 쉐이크] 26.06_단백질쉐이크출시_ASC_전환_image,[26.06]F_I_SK초_전환_단백질쉐이크출시_제품강조형_원재료강조_.배너_초코볼코코볼폭탄.생초코넣은.가격비교O.__이유빈_260701_제과_문다현,41,2,1229.0,0
2026-07-01,(미사용) [제과_단백질 쉐이크] 26.06_단백질쉐이크출시_ASC_전환_image,[제과_단백질 쉐이크] 26.06_단백질쉐이크출시_ASC_전환_image,[26.06]F_I_SK곡_전환_단백질쉐이크출시_제품강조형_원재료강조_.배너_미숫가루보다맛있는데단백질.가격비교O.__이유빈_260701_제과_문다현,13,0,369.0,0
2026-07-02,[제과_단백질 쉐이크] 26.06_단백질쉐이크출시_ASC_전환_video,[제과_단백질 쉐이크] 26.06_단백질쉐이크출시_ASC_전환_video,[26.06]F_V_SK혼_전환_단백질쉐이크출시_신규BP_개당가메리트.재편집_var3.릴스_기존.취식.X_2P_이유빈_260629_제과_이봄1,26240,464,419317.0,63
2026-07-02,(미사용) [제과_단백질 쉐이크] 26.06_단백질쉐이크출시_ASC_전환_image,[제과_단백질 쉐이크] 26.06_단백질쉐이크출시_ASC_전환_image,[26.06]F_I_SK초_전환_단백질쉐이크출시_제품강조형_원재료강조_.배너_초코볼코코볼폭탄.생초코넣은.가격비교O.__이유빈_260701_제과_문다현,7,0,196.0,0
2026-07-02,(미사용) [제과_단백질 쉐이크] 26.06_단백질쉐이크출시_ASC_전환_image,[제과_단백질 쉐이크] 26.06_단백질쉐이크출시_ASC_전환_image,[26.06]F_I_SK곡_전환_단백질쉐이크출시_제품강조형_원재료강조_.배너_미숫가루보다맛있는데단백질.가격비교O.__이유빈_260701_제과_문다현,19,1,665.0,0
2026-07-02,[제과_콘스프맛 팝콘] 26.05_콘스프맛팝콘출시_수동_전환_video,공구네고형_팝콘할인페스타 (~7/8),[26.07]F_V_PC콘_전환_팝콘할인페스타_네고형_공구네고형.다이어트_main.릴스_메인.슬기.X_1P_김소희_260702_제과_강경연,82,1,1582.0,0
2026-07-03,[제과_단백질 쉐이크] 26.06_단백질쉐이크출시_ASC_전환_video,[제과_단백질 쉐이크] 26.06_단백질쉐이크출시_ASC_전환_video,[26.06]F_V_SK혼_전환_단백질쉐이크출시_신규BP_개당가메리트.재편집_var3.릴스_기존.취식.X_2P_이유빈_260629_제과_이봄1,5667,122,100369.0,11
2026-07-03,[제과_콘스프맛 팝콘] 26.05_콘스프맛팝콘출시_수동_전환_video,공구네고형_팝콘할인페스타 (~7/8),[26.07]F_V_PC콘_전환_팝콘할인페스타_네고형_공구네고형.다이어트_main.릴스_메인.슬기.X_1P_김소희_260702_제과_강경연,29,0,635.0,0
2026-07-03,(마스터ASC)[제과_콘스프맛 팝콘] 26.07_콘스프맛팝콘출시_ASC_전환_image (NEW),(마스터ASC)[콘스프맛 팝콘] 26.07_콘스프맛팝콘출시_ASC_전환_image (NEW),[26.07]F_I_PC혼_전환_팝콘할인페스타_혜택강조형_다이어트_.배너_공지문.가격실수안내.중복할인.선착순300명한정.확장__김소희_260703_제과_문다현,35,1,352.0,0
2026-07-04,(미사용) [제과_단백질 쉐이크] 26.06_단백질쉐이크출시_ASC_전환_image,[제과_단백질 쉐이크] 26.06_단백질쉐이크출시_ASC_전환_image,[26.06]F_I_SK곡_전환_단백질쉐이크출시_제품강조형_건강자극_.배너_시럽.__이유빈_260626_제과_김나현,76,0,2294.0,0
2026-07-04,[제과_단백질 쉐이크] 26.06_단백질쉐이크출시_ASC_전환_video,[제과_단백질 쉐이크] 26.06_단백질쉐이크출시_ASC_전환_video,[26.06]F_V_SK혼_전환_단백질쉐이크출시_신규BP_개당가메리트.재편집_var3.릴스_기존.취식.X_2P_이유빈_260629_제과_이봄1,127,5,2923.0,1
2026-07-04,(미사용) [제과_단백질 쉐이크] 26.06_단백질쉐이크출시_ASC_전환_image,[제과_단백질 쉐이크] 26.06_단백질쉐이크출시_ASC_전환_image,[26.06]F_I_SK초_전환_단백질쉐이크출시_제품강조형_원재료강조_.배너_초코볼코코볼폭탄.생초코넣은.가격비교O.__이유빈_260701_제과_문다현,1,0,13.0,0
2026-07-04,(미사용) [제과_단백질 쉐이크] 26.06_단백질쉐이크출시_ASC_전환_image,[제과_단백질 쉐이크] 26.06_단백질쉐이크출시_ASC_전환_image,[26.06]F_I_SK곡_전환_단백질쉐이크출시_제품강조형_원재료강조_.배너_미숫가루보다맛있는데단백질.가격비교O.__이유빈_260701_제과_문다현,4,0,47.0,0
2026-07-04,(마스터ASC)[제과_콘스프맛 팝콘] 26.05_콘스프맛팝콘출시_ASC_전환_video,(마스터ASC)[콘스프맛 팝콘] 26.05_콘스프맛팝콘출시_ASC_전환_video,[26.07]F_V_PC콘_전환_팝콘할인페스타_네고형_지인네고형.다이어트_var1.릴스_운동상황강조ver1.슬기.X_1P_김소희_260703_제과_문형민,27,3,878.0,0
2026-07-04,(마스터ASC)[제과_콘스프맛 팝콘] 26.07_콘스프맛팝콘출시_ASC_전환_image (NEW),(마스터ASC)[콘스프맛 팝콘] 26.07_콘스프맛팝콘출시_ASC_전환_image (NEW),[26.07]F_I_PC혼_전환_팝콘할인페스타_혜택강조형_다이어트_.배너_공지문.가격실수안내.중복할인.선착순300명한정.확장__김소희_260703_제과_문다현,1960,42,27365.0,3
2026-07-04,[제과_단백질 쉐이크] 26.06_단백질쉐이크출시_수동_전환_video,전화네고형_0702,[26.07]F_V_SK곡_전환_단백질쉐이크출시_네고형_전화네고형_var3.릴스_취식.X_2P_이유빈_260703_제과_윤성미,206,9,4299.0,1
2026-07-05,[제과_단백질 쉐이크] 26.06_단백질쉐이크출시_ASC_전환_video,[제과_단백질 쉐이크] 26.06_단백질쉐이크출시_ASC_전환_video,[26.06]F_V_SK혼_전환_단백질쉐이크출시_신규BP_개당가메리트.재편집_var3.릴스_기존.취식.X_2P_이유빈_260629_제과_이봄1,66,2,1559.0,1
2026-07-05,(마스터ASC)[제과_콘스프맛 팝콘] 26.05_콘스프맛팝콘출시_ASC_전환_video,(마스터ASC)[콘스프맛 팝콘] 26.05_콘스프맛팝콘출시_ASC_전환_video,[26.07]F_V_PC콘_전환_팝콘할인페스타_네고형_지인네고형.다이어트_var1.릴스_운동상황강조ver1.슬기.X_1P_김소희_260703_제과_문형민,33,0,895.0,0
2026-07-05,[제과_단백질 쉐이크] 26.06_단백질쉐이크출시_수동_전환_video,전화네고형_0702,[26.07]F_V_SK곡_전환_단백질쉐이크출시_네고형_전화네고형_var3.릴스_취식.X_2P_이유빈_260703_제과_윤성미,330,18,7893.0,4
2026-07-06,[제과_단백질 쉐이크] 26.06_단백질쉐이크출시_ASC_전환_video,[제과_단백질 쉐이크] 26.06_단백질쉐이크출시_ASC_전환_video,[26.06]F_V_SK혼_전환_단백질쉐이크출시_신규BP_개당가메리트.재편집_var3.릴스_기존.취식.X_2P_이유빈_260629_제과_이봄1,141,4,2775.0,0
2026-07-06,(미사용) [제과_단백질 쉐이크] 26.06_단백질쉐이크출시_ASC_전환_image,[제과_단백질 쉐이크] 26.06_단백질쉐이크출시_ASC_전환_image,[26.06]F_I_SK곡_전환_단백질쉐이크출시_제품강조형_원재료강조_.배너_미숫가루보다맛있는데단백질.가격비교O.__이유빈_260701_제과_문다현,24,1,611.0,0
2026-07-06,(마스터ASC)[제과_콘스프맛 팝콘] 26.05_콘스프맛팝콘출시_ASC_전환_video,(마스터ASC)[콘스프맛 팝콘] 26.05_콘스프맛팝콘출시_ASC_전환_video,[26.07]F_V_PC콘_전환_팝콘할인페스타_네고형_지인네고형.다이어트_var1.릴스_운동상황강조ver1.슬기.X_1P_김소희_260703_제과_문형민,14,0,238.0,0
2026-07-06,[제과_단백질 쉐이크] 26.06_단백질쉐이크출시_수동_전환_video,전화네고형_0702,[26.07]F_V_SK곡_전환_단백질쉐이크출시_네고형_전화네고형_var3.릴스_취식.X_2P_이유빈_260703_제과_윤성미,65,1,1343.0,0
2026-07-07,[제과_단백질 쉐이크] 26.06_단백질쉐이크출시_ASC_전환_video,[제과_단백질 쉐이크] 26.06_단백질쉐이크출시_ASC_전환_video,[26.06]F_V_SK혼_전환_단백질쉐이크출시_신규BP_개당가메리트.재편집_var3.릴스_기존.취식.X_2P_이유빈_260629_제과_이봄1,130,1,2861.0,0
2026-07-07,(미사용) [제과_단백질 쉐이크] 26.06_단백질쉐이크출시_ASC_전환_image,[제과_단백질 쉐이크] 26.06_단백질쉐이크출시_ASC_전환_image,[26.06]F_I_SK초_전환_단백질쉐이크출시_제품강조형_원재료강조_.배너_초코볼코코볼폭탄.생초코넣은.가격비교O.__이유빈_260701_제과_문다현,105,2,2627.0,1
2026-07-07,(미사용) [제과_단백질 쉐이크] 26.06_단백질쉐이크출시_ASC_전환_image,[제과_단백질 쉐이크] 26.06_단백질쉐이크출시_ASC_전환_image,[26.06]F_I_SK곡_전환_단백질쉐이크출시_제품강조형_원재료강조_.배너_미숫가루보다맛있는데단백질.가격비교O.__이유빈_260701_제과_문다현,296,3,7423.0,0
2026-07-07,(마스터ASC)[제과_콘스프맛 팝콘] 26.05_콘스프맛팝콘출시_ASC_전환_video,(마스터ASC)[콘스프맛 팝콘] 26.05_콘스프맛팝콘출시_ASC_전환_video,[26.07]F_V_PC콘_전환_팝콘할인페스타_네고형_지인네고형.다이어트_var1.릴스_운동상황강조ver1.슬기.X_1P_김소희_260703_제과_문형민,1,0,7.0,0
2026-07-07,[제과_단백질 쉐이크] 26.06_단백질쉐이크출시_수동_전환_video,전화네고형_0702,[26.07]F_V_SK곡_전환_단백질쉐이크출시_네고형_전화네고형_var3.릴스_취식.X_2P_이유빈_260703_제과_윤성미,122,3,3449.0,0
2026-07-07,(마스터2) [제과_단백질 쉐이크] 26.07_단백질쉐이크출시_ASC_전환_image,(마스터2) [제과_단백질 쉐이크] 26.07_단백질쉐이크출시_ASC_전환_image,[26.07]F_I_SK혼_전환_단백질쉐이크출시_혜택강조형_파우치.개당가강조_.배너_대용량페포.메세지테스트.물조절실패.통단쉐.확장__이유빈_260707_제과_김수정 (1),254,6,4493.0,0
2026-07-08,[제과_단백질 쉐이크] 26.06_단백질쉐이크출시_ASC_전환_video,[제과_단백질 쉐이크] 26.06_단백질쉐이크출시_ASC_전환_video,[26.06]F_V_SK혼_전환_단백질쉐이크출시_신규BP_개당가메리트.재편집_var3.릴스_기존.취식.X_2P_이유빈_260629_제과_이봄1,447,13,7731.0,4
2026-07-08,(미사용) [제과_단백질 쉐이크] 26.06_단백질쉐이크출시_ASC_전환_image,[제과_단백질 쉐이크] 26.06_단백질쉐이크출시_ASC_전환_image,[26.06]F_I_SK초_전환_단백질쉐이크출시_제품강조형_원재료강조_.배너_초코볼코코볼폭탄.생초코넣은.가격비교O.__이유빈_260701_제과_문다현,25,1,678.0,0
2026-07-08,(마스터2) [제과_단백질 쉐이크] 26.07_단백질쉐이크출시_ASC_전환_image,(마스터2) [제과_단백질 쉐이크] 26.07_단백질쉐이크출시_ASC_전환_image,[26.07]F_I_SK혼_전환_단백질쉐이크출시_혜택강조형_파우치.개당가강조_.배너_대용량페포.메세지테스트.물조절실패.통단쉐.확장__이유빈_260707_제과_김수정 (1),218,4,5402.0,0
2026-07-09,[제과_단백질 쉐이크] 26.06_단백질쉐이크출시_ASC_전환_video,[제과_단백질 쉐이크] 26.06_단백질쉐이크출시_ASC_전환_video,[26.06]F_V_SK혼_전환_단백질쉐이크출시_신규BP_개당가메리트.재편집_var3.릴스_기존.취식.X_2P_이유빈_260629_제과_이봄1,96,2,1715.0,0
2026-07-09,(미사용) [제과_단백질 쉐이크] 26.06_단백질쉐이크출시_ASC_전환_image,[제과_단백질 쉐이크] 26.06_단백질쉐이크출시_ASC_전환_image,[26.06]F_I_SK초_전환_단백질쉐이크출시_제품강조형_원재료강조_.배너_초코볼코코볼폭탄.생초코넣은.가격비교O.__이유빈_260701_제과_문다현,318,4,8784.0,1
2026-07-09,[제과_단백질 쉐이크] 26.06_단백질쉐이크출시_수동_전환_video,전화네고형_0702,[26.07]F_V_SK곡_전환_단백질쉐이크출시_네고형_전화네고형_var3.릴스_취식.X_2P_이유빈_260703_제과_윤성미,2856,117,68692.0,7
2026-07-10,[제과_단백질 쉐이크] 26.06_단백질쉐이크출시_수동_전환_image,파우치개당가강조(2)_0709,[26.07]F_I_SK혼_전환_단백질쉐이크출시_매거진형_파우치.개당가강조_.배너_맛없페인포인트.비린맛단쉐.찐한생초코.역대최저가.검증__이유빈_260709_제과_문다현,47,1,617.0,0
2026-07-10,(마스터2) [제과_단백질 쉐이크] 26.07_단백질쉐이크출시_ASC_전환_image,(마스터2) [제과_단백질 쉐이크] 26.07_단백질쉐이크출시_ASC_전환_image,[26.07]F_I_SK혼_전환_단백질쉐이크출시_혜택강조형_파우치.개당가강조_.배너_통쉐이크살돈으로.1천원대단쉐.팝콘.확장__이유빈_260710_제과_문다현,8,0,206.0,0
2026-07-11,[제과_단백질 쉐이크] 26.06_단백질쉐이크출시_수동_전환_image,파우치개당가강조(2)_0709,[26.07]F_I_SK혼_전환_단백질쉐이크출시_매거진형_파우치.개당가강조_.배너_맛없페인포인트.비린맛단쉐.찐한생초코.역대최저가.검증__이유빈_260709_제과_문다현,46,2,870.0,0
2026-07-11,(마스터2) [제과_단백질 쉐이크] 26.07_단백질쉐이크출시_ASC_전환_image,(마스터2) [제과_단백질 쉐이크] 26.07_단백질쉐이크출시_ASC_전환_image,[26.07]F_I_SK혼_전환_단백질쉐이크출시_혜택강조형_파우치.개당가강조_.배너_통쉐이크살돈으로.1천원대단쉐.팝콘.확장__이유빈_260710_제과_문다현,35,0,1353.0,0
2026-07-12,[제과_단백질 쉐이크] 26.06_단백질쉐이크출시_수동_전환_image,파우치개당가강조(2)_0709,[26.07]F_I_SK혼_전환_단백질쉐이크출시_매거진형_파우치.개당가강조_.배너_맛없페인포인트.비린맛단쉐.찐한생초코.역대최저가.검증__이유빈_260709_제과_문다현,420,6,6662.0,0
2026-07-12,(마스터2) [제과_단백질 쉐이크] 26.07_단백질쉐이크출시_ASC_전환_image,(마스터2) [제과_단백질 쉐이크] 26.07_단백질쉐이크출시_ASC_전환_image,[26.07]F_I_SK혼_전환_단백질쉐이크출시_혜택강조형_파우치.개당가강조_.배너_통쉐이크살돈으로.1천원대단쉐.팝콘.확장__이유빈_260710_제과_문다현,102,2,2854.0,0
2026-07-13,[제과_단백질 쉐이크] 26.06_단백질쉐이크출시_수동_전환_image,파우치개당가강조(2)_0709,[26.07]F_I_SK혼_전환_단백질쉐이크출시_매거진형_파우치.개당가강조_.배너_맛없페인포인트.비린맛단쉐.찐한생초코.역대최저가.검증__이유빈_260709_제과_문다현,1303,23,22686.0,0
2026-07-13,(마스터2) [제과_단백질 쉐이크] 26.07_단백질쉐이크출시_ASC_전환_image,(마스터2) [제과_단백질 쉐이크] 26.07_단백질쉐이크출시_ASC_전환_image,[26.07]F_I_SK혼_전환_단백질쉐이크출시_혜택강조형_파우치.개당가강조_.배너_통쉐이크살돈으로.1천원대단쉐.팝콘.확장__이유빈_260710_제과_문다현,375,17,11499.0,0
2026-07-15,[제과_단백질 쉐이크] 26.06_단백질쉐이크출시_수동_전환_image,올영최저가비교_0714,[26.07]F_I_SK곡_전환_단백질쉐이크출시_혜택강조형_올영최저가비교_.배너_느낌표.네고형.팝콘.확장__이유빈_260714_제과_문다현,84,2,2092.0,2
2026-07-15,(마스터ASC)[제과_블트하] 26.07_블트깡출시_ASC_전환_image,(마스터ASC)[제과_블트하] 26.07_블트깡출시_ASC_전환_image,[26.07]F_I_BT깡_전환_블트깡출시_혜택강조형_KR2_.배너_원산지권위.비싼거때려넣음.검증__김소희_260715_제과_김수정,114,1,1910.0,0
2026-07-16,[제과_단백질 쉐이크] 26.06_단백질쉐이크출시_수동_전환_image,올영최저가비교_0714,[26.07]F_I_SK곡_전환_단백질쉐이크출시_혜택강조형_올영최저가비교_.배너_느낌표.네고형.팝콘.확장__이유빈_260714_제과_문다현,44,1,755.0,0
2026-07-16,(마스터ASC)[제과_블트하] 26.07_블트깡출시_ASC_전환_image,(마스터ASC)[제과_블트하] 26.07_블트깡출시_ASC_전환_image,[26.07]F_I_BT깡_전환_블트깡출시_혜택강조형_KR2_.배너_원산지권위.비싼거때려넣음.검증__김소희_260715_제과_김수정,253,5,7924.0,1
2026-07-17,[제과_단백질 쉐이크] 26.06_단백질쉐이크출시_수동_전환_image,올영최저가비교_0714,[26.07]F_I_SK곡_전환_단백질쉐이크출시_혜택강조형_올영최저가비교_.배너_느낌표.네고형.팝콘.확장__이유빈_260714_제과_문다현,2,0,51.0,0
2026-07-17,(마스터ASC)[제과_블트하] 26.07_블트깡출시_ASC_전환_image,(마스터ASC)[제과_블트하] 26.07_블트깡출시_ASC_전환_image,[26.07]F_I_BT깡_전환_블트깡출시_바이럴형_KR1_.배너_창고형마트.무조건사야한다는.확장__김소희_260716_제과_김수정,71,2,1766.0,0
2026-07-18,(마스터ASC)[제과_블트하] 26.07_블트깡출시_ASC_전환_image,(마스터ASC)[제과_블트하] 26.07_블트깡출시_ASC_전환_image,[26.07]F_I_BT깡_전환_블트깡출시_바이럴형_KR1_.배너_창고형마트.무조건사야한다는.확장__김소희_260716_제과_김수정,2,0,43.0,0
2026-07-19,(마스터ASC)[제과_콘스프맛 팝콘] 26.05_콘스프맛팝콘출시_ASC_전환_video,(마스터ASC)[콘스프맛 팝콘] 26.05_콘스프맛팝콘출시_ASC_전환_video,[26.07]F_V_PC콘_전환_팝콘할인페스타_네고형_지인네고형.다이어트_var1.릴스_운동상황강조ver1.슬기.X_1P_김소희_260703_제과_문형민,19,1,712.0,0
2026-07-20,(마스터ASC)[제과_콘스프맛 팝콘] 26.05_콘스프맛팝콘출시_ASC_전환_video,(마스터ASC)[콘스프맛 팝콘] 26.05_콘스프맛팝콘출시_ASC_전환_video,[26.07]F_V_PC콘_전환_팝콘할인페스타_네고형_지인네고형.다이어트_var1.릴스_운동상황강조ver1.슬기.X_1P_김소희_260703_제과_문형민,932,30,16080.0,2
2026-07-21,[제과_단백질 쉐이크] 26.06_단백질쉐이크출시_수동_전환_image,올영최저가비교_0714,[26.07]F_I_SK곡_전환_단백질쉐이크출시_혜택강조형_올영최저가비교_.배너_느낌표.네고형.팝콘.확장__이유빈_260714_제과_문다현,5,1,87.0,0
2026-07-22,(마스터ASC)[제과_블트하] 26.07_블트깡출시_ASC_전환_image,(마스터ASC)[제과_블트하] 26.07_블트깡출시_ASC_전환_image,[26.07]F_I_BT깡_전환_블트깡출시_바이럴형_KR1_.배너_창고형마트.무조건사야한다는.확장__김소희_260716_제과_김수정,69,1,1424.0,0
2026-07-22,[칩] (마스터ASC)[제과_블트하] 26.07_블트칩출시_ASC_전환_image,[칩] (마스터ASC)[제과_블트하] 26.07_블트칩출시_ASC_전환_image,[26.07]F_I_BT칩_전환_블트칩출시_바이럴형_KR1_.배너_맘카페페르소나.지면테스트.무조건담으라고.검증__김소희_260722_제과_김수정,87,1,1703.0,0
2026-07-22,[칩] (마스터ASC)[제과_블트하] 26.07_블트칩출시_ASC_전환_image,[칩] (마스터ASC)[제과_블트하] 26.07_블트칩출시_ASC_전환_image,[26.07]F_I_BT칩_전환_블트칩출시_혜택강조형_KR2_.배너_세계4대진미7일만할인해요.지면테스트..검증__김소희_260722_제과_박서연,12,0,254.0,0
2026-07-22,[칩] (마스터ASC)[제과_블트하] 26.07_블트칩출시_ASC_전환_image,[칩] (마스터ASC)[제과_블트하] 26.07_블트칩출시_ASC_전환_image,[26.07]F_I_BT칩_전환_블트칩출시_매거진형_KR1_.배너_맘카페난리진짜맛있을까.맛.확장__김소희_260722_제과_김수정,30,1,389.0,0
2026-07-23,[칩] (마스터ASC)[제과_블트하] 26.07_블트칩출시_ASC_전환_image,[칩] (마스터ASC)[제과_블트하] 26.07_블트칩출시_ASC_전환_image,[26.07]F_I_BT칩_전환_블트칩출시_바이럴형_KR1_.배너_맘카페페르소나.지면테스트.무조건담으라고.검증__김소희_260722_제과_김수정,4,0,127.0,0
2026-07-23,[칩] (마스터ASC)[제과_블트하] 26.07_블트칩출시_ASC_전환_image,[칩] (마스터ASC)[제과_블트하] 26.07_블트칩출시_ASC_전환_image,[26.07]F_I_BT칩_전환_블트칩출시_혜택강조형_KR2_.배너_세계4대진미7일만할인해요.지면테스트..검증__김소희_260722_제과_박서연,29,4,747.0,0
2026-07-23,[제과_블트하] 26.07_블트깡출시_수동_전환_image_전체타겟,(칩)맘카페캐러셀_블트칩출시 (KR1),[26.07]F_I_BT칩_전환_블트칩출시_매거진형_KR1_.배너_맘카페난리진짜맛있을까.원산지.확장__김소희_260722_제과_김수정,1839,62,29773.0,7
2026-07-23,[칩] (마스터ASC)[제과_블트하] 26.07_블트칩출시_ASC_전환_image,[칩] (마스터ASC)[제과_블트하] 26.07_블트칩출시_ASC_전환_image,[26.07]F_I_BT칩_전환_블트칩출시_매거진형_KR1_.배너_맘카페난리진짜맛있을까.맛.확장__김소희_260722_제과_김수정,1475,51,23634.0,4
2026-07-24,[제과_블트하] 26.07_블트깡출시_수동_전환_image_전체타겟,(칩)맘카페캐러셀_블트칩출시 (KR1),[26.07]F_I_BT칩_전환_블트칩출시_매거진형_KR1_.배너_맘카페난리진짜맛있을까.원산지.확장__김소희_260722_제과_김수정,699,22,13855.0,0
2026-07-24,[칩] (마스터ASC)[제과_블트하] 26.07_블트칩출시_ASC_전환_image,[칩] (마스터ASC)[제과_블트하] 26.07_블트칩출시_ASC_전환_image,[26.07]F_I_BT칩_전환_블트칩출시_매거진형_KR1_.배너_맘카페난리진짜맛있을까.맛.확장__김소희_260722_제과_김수정,2088,55,35437.0,2
2026-07-24,[제과_블트하] 26.07_블트깡출시_수동_전환_image_전체타겟,(칩) 상황연출_배너카피형_블트칩출시 (릴스형) (KR2),[26.07]F_I_BT칩_전환_블트칩출시_혜택강조형_KR2_.릴스_상황연출.배너형.신혼부부.확장__김소희_260724_제과_김수정,238,8,6175.0,0
2026-07-24,[칩] (마스터ASC)[제과_블트하] 26.07_블트칩출시_ASC_전환_image,[칩] (마스터ASC)[제과_블트하] 26.07_블트칩출시_ASC_전환_image,[26.07]F_I_BT칩_전환_블트칩출시_혜택강조형_KR2_.릴스_상황연출.배너형.육퇴.확장__김소희_260724_제과_김수정,314,10,7613.0,0
2026-07-25,[칩] (마스터ASC)[제과_블트하] 26.07_블트칩출시_ASC_전환_image,[칩] (마스터ASC)[제과_블트하] 26.07_블트칩출시_ASC_전환_image,[26.07]F_I_BT칩_전환_블트칩출시_매거진형_KR1_.배너_맘카페난리진짜맛있을까.맛.확장__김소희_260722_제과_김수정,1859,40,37149.0,2
2026-07-25,[제과_블트하] 26.07_블트깡출시_수동_전환_image_전체타겟,(칩) 상황연출_배너카피형_블트칩출시 (릴스형) (KR2),[26.07]F_I_BT칩_전환_블트칩출시_혜택강조형_KR2_.릴스_상황연출.배너형.신혼부부.확장__김소희_260724_제과_김수정,812,21,22185.0,1
2026-07-25,[칩] (마스터ASC)[제과_블트하] 26.07_블트칩출시_ASC_전환_image,[칩] (마스터ASC)[제과_블트하] 26.07_블트칩출시_ASC_전환_image,[26.07]F_I_BT칩_전환_블트칩출시_혜택강조형_KR2_.릴스_상황연출.배너형.육퇴.확장__김소희_260724_제과_김수정,270,13,8049.0,0
2026-07-26,[칩] (마스터ASC)[제과_블트하] 26.07_블트칩출시_ASC_전환_image,[칩] (마스터ASC)[제과_블트하] 26.07_블트칩출시_ASC_전환_image,[26.07]F_I_BT칩_전환_블트칩출시_매거진형_KR1_.배너_맘카페난리진짜맛있을까.맛.확장__김소희_260722_제과_김수정,227,5,5513.0,2
2026-07-27,[칩] (마스터ASC)[제과_블트하] 26.07_블트칩출시_ASC_전환_image,[칩] (마스터ASC)[제과_블트하] 26.07_블트칩출시_ASC_전환_image,[26.07]F_I_BT칩_전환_블트칩출시_매거진형_KR1_.배너_맘카페난리진짜맛있을까.맛.확장__김소희_260722_제과_김수정,3603,65,82827.0,4
2026-07-27,[제과_블트하] 26.07_블트깡출시_수동_전환_image_전체타겟,[혼합] 남편상황연출_블트칩출시 (KR1) (0727),[26.07]F_I_BT깡_전환_블트깡출시_바이럴형_KR1_.피드_남편인정.회사.확장__김소희_260727_제과_김수정,93,2,1809.0,0
2026-07-28,[칩] (마스터ASC)[제과_블트하] 26.07_블트칩출시_ASC_전환_image,[칩] (마스터ASC)[제과_블트하] 26.07_블트칩출시_ASC_전환_image,[26.07]F_I_BT칩_전환_블트칩출시_매거진형_KR1_.배너_맘카페난리진짜맛있을까.맛.확장__김소희_260722_제과_김수정,4390,56,98771.0,7
2026-07-28,[제과_블트하] 26.07_블트깡출시_수동_전환_image_전체타겟,[혼합] 남편상황연출_블트칩출시 (KR1) (0727),[26.07]F_I_BT깡_전환_블트깡출시_바이럴형_KR1_.피드_남편인정.회사.확장__김소희_260727_제과_김수정,288,4,5746.0,1
2026-07-01,[제과_단백질 쉐이크] 26.06_단백질쉐이크출시_수동_전환_video,인플루언서형(재)_0629,[26.06]F_V_SK혼_전환_단백질쉐이크출시_신규BP_개당가메리트.재편집_var4.릴스_기존.라라스윗권위.X_2P_이유빈_260629_제과_이봄1,15,0,273.0,0
2026-07-01,(미사용) [제과_단백질 쉐이크] 26.06_단백질쉐이크출시_ASC_전환_image,[제과_단백질 쉐이크] 26.06_단백질쉐이크출시_ASC_전환_image,[26.06]F_I_SK곡_전환_단백질쉐이크출시_제품강조형_타사비교_.배너_다른브랜드는이정도토핑에.__이유빈_260701_제과_김수정,5,0,32.0,0
2026-07-02,(미사용) [제과_단백질 쉐이크] 26.06_단백질쉐이크출시_ASC_전환_image,[제과_단백질 쉐이크] 26.06_단백질쉐이크출시_ASC_전환_image,[26.06]F_I_SK곡_전환_단백질쉐이크출시_제품강조형_타사비교_.배너_다른브랜드는이정도토핑에.__이유빈_260701_제과_김수정,185,5,5116.0,0
2026-07-03,(미사용) [제과_단백질 쉐이크] 26.06_단백질쉐이크출시_ASC_전환_image,[제과_단백질 쉐이크] 26.06_단백질쉐이크출시_ASC_전환_image,[26.06]F_I_SK곡_전환_단백질쉐이크출시_제품강조형_타사비교_.배너_다른브랜드는이정도토핑에.__이유빈_260701_제과_김수정,3,0,97.0,0
2026-07-04,(미사용) [제과_단백질 쉐이크] 26.06_단백질쉐이크출시_ASC_전환_image,[제과_단백질 쉐이크] 26.06_단백질쉐이크출시_ASC_전환_image,[26.06]F_I_SK곡_전환_단백질쉐이크출시_제품강조형_타사비교_.배너_다른브랜드는이정도토핑에.__이유빈_260701_제과_김수정,8,0,271.0,0
2026-07-07,(미사용) [제과_단백질 쉐이크] 26.06_단백질쉐이크출시_ASC_전환_image,[제과_단백질 쉐이크] 26.06_단백질쉐이크출시_ASC_전환_image,[26.06]F_I_SK곡_전환_단백질쉐이크출시_제품강조형_타사비교_.배너_다른브랜드는이정도토핑에.__이유빈_260701_제과_김수정,804,14,17634.0,0
2026-07-08,[제과_단백질 쉐이크] 26.06_단백질쉐이크출시_수동_전환_image,가격메리트(개당1천원대),[26.07]F_I_SK초_전환_단백질쉐이크출시_혜택강조형_가격메리트_.배너_육각형.토핑채우고가격뺀.확장__이유빈_260702_제과_김수정,1146,25,28925.0,5
2026-07-09,[제과_단백질 쉐이크] 26.06_단백질쉐이크출시_수동_전환_image,가격메리트(개당1천원대),[26.07]F_I_SK초_전환_단백질쉐이크출시_혜택강조형_가격메리트_.배너_육각형.토핑채우고가격뺀.확장__이유빈_260702_제과_김수정,348,6,11508.0,1
2026-07-09,[제과_콘스프맛 팝콘] 26.05_콘스프맛팝콘출시_수동_전환_image,속세맛간식공감_콘스프맛팝콘_상시,[26.07]F_I_PC혼_전환_상시_매거진형_다이어트_.배너_스트레스형페인포인트.퇴근후.참지말고속세맛.다비워도저당.검증__김소희_260708_제과_문다현,401,5,9504.0,0
2026-07-10,[제과_단백질 쉐이크] 26.06_단백질쉐이크출시_수동_전환_image,가격메리트(개당1천원대),[26.07]F_I_SK초_전환_단백질쉐이크출시_혜택강조형_가격메리트_.배너_육각형.토핑채우고가격뺀.확장__이유빈_260702_제과_김수정,510,11,16236.0,1
2026-07-10,[제과_단백질 쉐이크] 26.06_단백질쉐이크출시_수동_전환_image,파우치개당가강조(2)_0709,[26.07]F_I_SK혼_전환_단백질쉐이크출시_매거진형_파우치.개당가강조_.배너_맛없페인포인트.얼먹하면꾸덕.검증__이유빈_260709_제과_문다현SK,91,2,1821.0,0
2026-07-10,[제과_단백질 쉐이크] 26.06_단백질쉐이크출시_수동_전환_video,고객상황형_0710,[26.07]F_V_SK혼_전환_단백질쉐이크출시_신규BP_고객검증형.파우치.개당가강조_var1.릴스_통단쉐가격비교.X_2P_이유빈_260710_제과_이미진,83,2,1031.0,0
2026-07-11,[제과_단백질 쉐이크] 26.06_단백질쉐이크출시_수동_전환_image,파우치개당가강조(2)_0709,[26.07]F_I_SK혼_전환_단백질쉐이크출시_매거진형_파우치.개당가강조_.배너_맛없페인포인트.얼먹하면꾸덕.검증__이유빈_260709_제과_문다현SK,444,2,8388.0,0
2026-07-11,[제과_단백질 쉐이크] 26.06_단백질쉐이크출시_수동_전환_video,고객상황형_0710,[26.07]F_V_SK혼_전환_단백질쉐이크출시_신규BP_고객검증형.파우치.개당가강조_var1.릴스_통단쉐가격비교.X_2P_이유빈_260710_제과_이미진,461,7,7719.0,0
2026-07-14,[제과_콘스프맛 팝콘] 26.05_콘스프맛팝콘출시_수동_전환_image,속세맛간식공감_콘스프맛팝콘_상시,"[26.07]F_I_PC혼_전환_콘스프맛팝콘출시_혜택강조형__.배너_오늘 뛴 5km, 과자한봉이면 리셋?.확장__김소희_260713_제과_박서연",189,4,4197.0,0
2026-07-15,[제과_콘스프맛 팝콘] 26.05_콘스프맛팝콘출시_수동_전환_image,속세맛간식공감_콘스프맛팝콘_상시,"[26.07]F_I_PC혼_전환_콘스프맛팝콘출시_혜택강조형__.배너_오늘 뛴 5km, 과자한봉이면 리셋?.확장__김소희_260713_제과_박서연",233,4,3711.0,2
2026-07-15,[제과_단백질 쉐이크] 26.06_단백질쉐이크출시_수동_전환_image,올영최저가비교_0714,[26.07]F_I_SK혼_전환_단백질쉐이크출시_혜택강조형_올영최저가비교_.배너_곧종료됩니다.네고형.팝콘.확장__이유빈_260714_제과_문다현,10,0,161.0,0
2026-07-15,[제과_블트하] 26.07_블트깡출시_수동_전환_image_전체타겟,맘카페페르소나_블트깡출시 (KR1),[26.07]F_I_BT깡_전환_블트깡출시_매거진형_KR1_.배너_판매량.짭제품.검증__김소희_260715_제과_김수정,314,5,5132.0,1
2026-07-15,[제과_블트하] 26.07_블트깡출시_수동_전환_image_전체타겟,맘카페페르소나_블트깡출시 (KR1),[26.07]F_I_BT깡_전환_블트깡출시_바이럴형_KR1_.배너_유행.신상추천.검증__김소희_260715_제과_김수정,691,7,11654.0,0
2026-07-15,(마스터ASC)[제과_블트하] 26.07_블트깡출시_ASC_전환_image,(마스터ASC)[제과_블트하] 26.07_블트깡출시_ASC_전환_image,[26.07]F_I_BT깡_전환_블트깡출시_바이럴형_KR1_.배너_일반특정집단.탕비실난리.검증__김소희_260715_제과_김수정,7,0,69.0,0
2026-07-15,(마스터ASC)[제과_블트하] 26.07_블트깡출시_ASC_전환_image,(마스터ASC)[제과_블트하] 26.07_블트깡출시_ASC_전환_image,[26.07]F_I_BT깡_전환_블트깡출시_혜택강조형_KR2_.배너_원산지권위.다시는없어요.검증__김소희_260715_제과_김수정,37,1,497.0,0
2026-07-16,[제과_콘스프맛 팝콘] 26.05_콘스프맛팝콘출시_수동_전환_image,속세맛간식공감_콘스프맛팝콘_상시,"[26.07]F_I_PC혼_전환_콘스프맛팝콘출시_혜택강조형__.배너_오늘 뛴 5km, 과자한봉이면 리셋?.확장__김소희_260713_제과_박서연",14,0,312.0,0
2026-07-16,[제과_단백질 쉐이크] 26.06_단백질쉐이크출시_수동_전환_image,올영최저가비교_0714,[26.07]F_I_SK혼_전환_단백질쉐이크출시_혜택강조형_올영최저가비교_.배너_곧종료됩니다.네고형.팝콘.확장__이유빈_260714_제과_문다현,14,1,215.0,0
2026-07-16,(마스터ASC)[제과_블트하] 26.07_블트깡출시_ASC_전환_image,(마스터ASC)[제과_블트하] 26.07_블트깡출시_ASC_전환_image,[26.07]F_I_BT깡_전환_블트깡출시_바이럴형_KR2_.배너_원산지페포.무물.검증__김소희_260715_제과_김수정,268,9,6534.0,0
2026-07-16,(마스터ASC)[제과_블트하] 26.07_블트깡출시_ASC_전환_image,(마스터ASC)[제과_블트하] 26.07_블트깡출시_ASC_전환_image,[26.07]F_I_BT깡_전환_블트깡출시_바이럴형_KR2_.배너_원산지페포.요즘난리난.검증__김소희_260715_제과_김수정,73,4,1105.0,0
2026-07-16,[제과_블트하] 26.07_블트깡출시_수동_전환_image_전체타겟,맘카페페르소나_블트깡출시 (KR1),[26.07]F_I_BT깡_전환_블트깡출시_매거진형_KR1_.배너_판매량.짭제품.검증__김소희_260715_제과_김수정,295,3,6944.0,0
2026-07-16,(마스터ASC)[제과_블트하] 26.07_블트깡출시_ASC_전환_image,(마스터ASC)[제과_블트하] 26.07_블트깡출시_ASC_전환_image,[26.07]F_I_BT깡_전환_블트깡출시_바이럴형_KR1_.배너_일반특정집단.탕비실난리.검증__김소희_260715_제과_김수정,150,7,3897.0,1
2026-07-16,(마스터ASC)[제과_블트하] 26.07_블트깡출시_ASC_전환_image,(마스터ASC)[제과_블트하] 26.07_블트깡출시_ASC_전환_image,[26.07]F_I_BT깡_전환_블트깡출시_혜택강조형_KR2_.배너_원산지권위.다시는없어요.검증__김소희_260715_제과_김수정,41,0,1241.0,0
2026-07-17,[제과_콘스프맛 팝콘] 26.05_콘스프맛팝콘출시_수동_전환_image,속세맛간식공감_콘스프맛팝콘_상시,"[26.07]F_I_PC혼_전환_콘스프맛팝콘출시_혜택강조형__.배너_오늘 뛴 5km, 과자한봉이면 리셋?.확장__김소희_260713_제과_박서연",33,1,785.0,0
2026-07-17,(마스터ASC)[제과_블트하] 26.07_블트깡출시_ASC_전환_image,(마스터ASC)[제과_블트하] 26.07_블트깡출시_ASC_전환_image,[26.07]F_I_BT깡_전환_블트깡출시_바이럴형_KR1_.배너_일반특정집단.탕비실난리.검증__김소희_260715_제과_김수정,57,3,2135.0,2
2026-07-18,[제과_콘스프맛 팝콘] 26.05_콘스프맛팝콘출시_수동_전환_image,속세맛간식공감_콘스프맛팝콘_상시,"[26.07]F_I_PC혼_전환_콘스프맛팝콘출시_혜택강조형__.배너_오늘 뛴 5km, 과자한봉이면 리셋?.확장__김소희_260713_제과_박서연",28,1,601.0,0
2026-07-18,(마스터ASC)[제과_블트하] 26.07_블트깡출시_ASC_전환_image,(마스터ASC)[제과_블트하] 26.07_블트깡출시_ASC_전환_image,[26.07]F_I_BT깡_전환_블트깡출시_바이럴형_KR1_.배너_일반특정집단.탕비실난리.검증__김소희_260715_제과_김수정,2,0,36.0,0
2026-07-19,[제과_콘스프맛 팝콘] 26.05_콘스프맛팝콘출시_수동_전환_image,속세맛간식공감_콘스프맛팝콘_상시,"[26.07]F_I_PC혼_전환_콘스프맛팝콘출시_혜택강조형__.배너_오늘 뛴 5km, 과자한봉이면 리셋?.확장__김소희_260713_제과_박서연",9,1,374.0,0
2026-07-19,[제과_단백질 쉐이크] 26.06_단백질쉐이크출시_수동_전환_image,올영최저가비교_0714,[26.07]F_I_SK혼_전환_단백질쉐이크출시_혜택강조형_올영최저가비교_.배너_곧종료됩니다.네고형.팝콘.확장__이유빈_260714_제과_문다현,20,1,409.0,0
2026-07-19,(마스터ASC)[제과_블트하] 26.07_블트깡출시_ASC_전환_image,(마스터ASC)[제과_블트하] 26.07_블트깡출시_ASC_전환_image,[26.07]F_I_BT깡_전환_블트깡출시_바이럴형_KR1_.배너_일반특정집단.탕비실난리.검증__김소희_260715_제과_김수정,521,15,11781.0,1
2026-07-19,(마스터ASC)[제과_블트하] 26.07_블트깡출시_ASC_전환_image,(마스터ASC)[제과_블트하] 26.07_블트깡출시_ASC_전환_image,[26.07]F_I_BT깡_전환_블트깡출시_혜택강조형_KR2_.배너_원산지권위.다시는없어요.검증__김소희_260715_제과_김수정,1,0,2.0,0
2026-07-20,[제과_콘스프맛 팝콘] 26.05_콘스프맛팝콘출시_수동_전환_image,속세맛간식공감_콘스프맛팝콘_상시,"[26.07]F_I_PC혼_전환_콘스프맛팝콘출시_혜택강조형__.배너_오늘 뛴 5km, 과자한봉이면 리셋?.확장__김소희_260713_제과_박서연",12,0,287.0,0
2026-07-20,[제과_단백질 쉐이크] 26.06_단백질쉐이크출시_수동_전환_image,올영최저가비교_0714,[26.07]F_I_SK혼_전환_단백질쉐이크출시_혜택강조형_올영최저가비교_.배너_곧종료됩니다.네고형.팝콘.확장__이유빈_260714_제과_문다현,18,2,373.0,0
2026-07-20,(마스터ASC)[제과_블트하] 26.07_블트깡출시_ASC_전환_image,(마스터ASC)[제과_블트하] 26.07_블트깡출시_ASC_전환_image,[26.07]F_I_BT깡_전환_블트깡출시_바이럴형_KR1_.배너_일반특정집단.탕비실난리.검증__김소희_260715_제과_김수정,194,2,4527.0,0
2026-07-21,[제과_콘스프맛 팝콘] 26.05_콘스프맛팝콘출시_수동_전환_image,속세맛간식공감_콘스프맛팝콘_상시,"[26.07]F_I_PC혼_전환_콘스프맛팝콘출시_혜택강조형__.배너_오늘 뛴 5km, 과자한봉이면 리셋?.확장__김소희_260713_제과_박서연",708,15,11167.0,1
2026-07-21,[제과_단백질 쉐이크] 26.06_단백질쉐이크출시_수동_전환_image,올영최저가비교_0714,[26.07]F_I_SK혼_전환_단백질쉐이크출시_혜택강조형_올영최저가비교_.배너_곧종료됩니다.네고형.팝콘.확장__이유빈_260714_제과_문다현,157,4,2581.0,0
2026-07-21,(마스터ASC)[제과_블트하] 26.07_블트깡출시_ASC_전환_image,(마스터ASC)[제과_블트하] 26.07_블트깡출시_ASC_전환_image,[26.07]F_I_BT깡_전환_블트깡출시_바이럴형_KR1_.배너_일반특정집단.탕비실난리.검증__김소희_260715_제과_김수정,196,7,3806.0,0
2026-07-21,(마스터ASC)[제과_블트하] 26.07_블트깡출시_ASC_전환_image,(마스터ASC)[제과_블트하] 26.07_블트깡출시_ASC_전환_image,[26.07]F_I_BT깡_전환_블트깡출시_혜택강조형_KR2_.배너_원산지권위.다시는없어요.검증__김소희_260715_제과_김수정,2,0,89.0,0
2026-07-21,[제과_블트하] 26.07_블트깡출시_수동_전환_image_전체타겟,맘카페페르소나_블트깡출시 (KR1),[26.07]F_I_BT깡_전환_블트깡출시_바이럴형_KR1_.배너_맘카페.하몽실체강조.검증__김소희_260720_제과_박지현,239,4,4207.0,1
2026-07-22,[제과_콘스프맛 팝콘] 26.05_콘스프맛팝콘출시_수동_전환_image,속세맛간식공감_콘스프맛팝콘_상시,"[26.07]F_I_PC혼_전환_콘스프맛팝콘출시_혜택강조형__.배너_오늘 뛴 5km, 과자한봉이면 리셋?.확장__김소희_260713_제과_박서연",7433,135,120521.0,22
2026-07-22,(마스터ASC)[제과_블트하] 26.07_블트깡출시_ASC_전환_image,(마스터ASC)[제과_블트하] 26.07_블트깡출시_ASC_전환_image,[26.07]F_I_BT깡_전환_블트깡출시_바이럴형_KR1_.배너_일반특정집단.탕비실난리.검증__김소희_260715_제과_김수정,276,11,4603.0,4
2026-07-22,(마스터ASC)[제과_블트하] 26.07_블트깡출시_ASC_전환_image,(마스터ASC)[제과_블트하] 26.07_블트깡출시_ASC_전환_image,[26.07]F_I_BT깡_전환_블트깡출시_혜택강조형_KR2_.배너_원산지권위.다시는없어요.검증__김소희_260715_제과_김수정,158,5,3851.0,0
2026-07-22,[제과_블트하] 26.07_블트깡출시_수동_전환_image_전체타겟,맘카페페르소나_블트깡출시 (KR1),[26.07]F_I_BT깡_전환_블트깡출시_바이럴형_KR1_.배너_맘카페.하몽실체강조.검증__김소희_260720_제과_박지현,10,0,153.0,0
2026-07-22,[제과_블트하] 26.07_블트깡출시_수동_전환_image_전체타겟,[칩] 맘카페.페르소나_블트칩출시 (KR1),[26.07]F_I_BT칩_전환_블트칩출시_바이럴형_KR1_.배너_맘카페페르소나.지면테스트.재고들어왔는지.검증__김소희_260722_제과_김수정,262,12,4943.0,1
2026-07-22,[제과_블트하] 26.07_블트깡출시_수동_전환_image_전체타겟,주변인인정_블트칩출시 (KR2) (0728),[26.07]F_I_BT칩_전환_블트칩출시_혜택강조형_KR2_.배너_파인다이닝에서쓰는.지면테스트..검증__김소희_260722_제과_박서연,59,5,1462.0,2
2026-07-22,[칩] (마스터ASC)[제과_블트하] 26.07_블트칩출시_ASC_전환_image,[칩] (마스터ASC)[제과_블트하] 26.07_블트칩출시_ASC_전환_image,[26.07]F_I_BT칩_전환_블트칩출시_매거진형_KR1_.배너_입맛깐깐먹어보고후회.확장__김소희_260722_제과_김수정,49,6,800.0,0
2026-07-23,[제과_콘스프맛 팝콘] 26.05_콘스프맛팝콘출시_수동_전환_image,속세맛간식공감_콘스프맛팝콘_상시,"[26.07]F_I_PC혼_전환_콘스프맛팝콘출시_혜택강조형__.배너_오늘 뛴 5km, 과자한봉이면 리셋?.확장__김소희_260713_제과_박서연",12302,189,175188.0,25
2026-07-23,(마스터ASC)[제과_블트하] 26.07_블트깡출시_ASC_전환_image,(마스터ASC)[제과_블트하] 26.07_블트깡출시_ASC_전환_image,[26.07]F_I_BT깡_전환_블트깡출시_바이럴형_KR1_.배너_일반특정집단.탕비실난리.검증__김소희_260715_제과_김수정,44,0,840.0,0
2026-07-23,(마스터ASC)[제과_블트하] 26.07_블트깡출시_ASC_전환_image,(마스터ASC)[제과_블트하] 26.07_블트깡출시_ASC_전환_image,[26.07]F_I_BT깡_전환_블트깡출시_혜택강조형_KR2_.배너_원산지권위.다시는없어요.검증__김소희_260715_제과_김수정,14,0,311.0,0
2026-07-23,[제과_블트하] 26.07_블트깡출시_수동_전환_image_전체타겟,[칩] 맘카페.페르소나_블트칩출시 (KR1),[26.07]F_I_BT칩_전환_블트칩출시_바이럴형_KR1_.배너_맘카페페르소나.지면테스트.재고들어왔는지.검증__김소희_260722_제과_김수정,414,10,8519.0,1
2026-07-23,[제과_블트하] 26.07_블트깡출시_수동_전환_image_전체타겟,주변인인정_블트칩출시 (KR2) (0728),[26.07]F_I_BT칩_전환_블트칩출시_혜택강조형_KR2_.배너_파인다이닝에서쓰는.지면테스트..검증__김소희_260722_제과_박서연,361,14,8113.0,1
2026-07-23,[칩] (마스터ASC)[제과_블트하] 26.07_블트칩출시_ASC_전환_image,[칩] (마스터ASC)[제과_블트하] 26.07_블트칩출시_ASC_전환_image,[26.07]F_I_BT칩_전환_블트칩출시_매거진형_KR1_.배너_입맛깐깐먹어보고후회.확장__김소희_260722_제과_김수정,740,24,11782.0,1
2026-07-23,[칩] (마스터ASC)[제과_블트하] 26.07_블트칩출시_ASC_전환_image,[칩] (마스터ASC)[제과_블트하] 26.07_블트칩출시_ASC_전환_image,[26.07]F_I_BT칩_전환_블트칩출시_혜택강조형_KR1_.배너_맘카페.고급권위실체.확장__김소희_260723_제과_박지현,182,9,3692.0,0
2026-07-24,[제과_콘스프맛 팝콘] 26.05_콘스프맛팝콘출시_수동_전환_image,속세맛간식공감_콘스프맛팝콘_상시,"[26.07]F_I_PC혼_전환_콘스프맛팝콘출시_혜택강조형__.배너_오늘 뛴 5km, 과자한봉이면 리셋?.확장__김소희_260713_제과_박서연",7363,103,114681.0,2
2026-07-24,(마스터ASC)[제과_블트하] 26.07_블트깡출시_ASC_전환_image,(마스터ASC)[제과_블트하] 26.07_블트깡출시_ASC_전환_image,[26.07]F_I_BT깡_전환_블트깡출시_혜택강조형_KR2_.배너_원산지권위.다시는없어요.검증__김소희_260715_제과_김수정,3,0,77.0,0
2026-07-24,[제과_블트하] 26.07_블트깡출시_수동_전환_image_전체타겟,주변인인정_블트칩출시 (KR2) (0728),[26.07]F_I_BT칩_전환_블트칩출시_혜택강조형_KR2_.배너_파인다이닝에서쓰는.지면테스트..검증__김소희_260722_제과_박서연,839,32,19588.0,1
2026-07-24,[칩] (마스터ASC)[제과_블트하] 26.07_블트칩출시_ASC_전환_image,[칩] (마스터ASC)[제과_블트하] 26.07_블트칩출시_ASC_전환_image,[26.07]F_I_BT칩_전환_블트칩출시_혜택강조형_KR1_.배너_맘카페.고급권위실체.확장__김소희_260723_제과_박지현,1575,32,32502.0,0
2026-07-24,[제과_블트하] 26.07_블트깡출시_수동_전환_image_전체타겟,(시리즈) 맘카페&혜택강조형_블트칩출시 (KR1) (0723),[26.07]F_I_BT혼_전환_블트칩출시_혜택강조형_KR1_.배너_공구인플루언서공지.확장__김소희_260723_제과_김수정,347,11,5953.0,0
2026-07-25,[제과_콘스프맛 팝콘] 26.05_콘스프맛팝콘출시_수동_전환_image,속세맛간식공감_콘스프맛팝콘_상시,"[26.07]F_I_PC혼_전환_콘스프맛팝콘출시_혜택강조형__.배너_오늘 뛴 5km, 과자한봉이면 리셋?.확장__김소희_260713_제과_박서연",4396,62,82521.0,5
2026-07-25,[제과_블트하] 26.07_블트깡출시_수동_전환_image_전체타겟,주변인인정_블트칩출시 (KR2) (0728),[26.07]F_I_BT칩_전환_블트칩출시_혜택강조형_KR2_.배너_파인다이닝에서쓰는.지면테스트..검증__김소희_260722_제과_박서연,11,0,171.0,0
2026-07-25,[칩] (마스터ASC)[제과_블트하] 26.07_블트칩출시_ASC_전환_image,[칩] (마스터ASC)[제과_블트하] 26.07_블트칩출시_ASC_전환_image,[26.07]F_I_BT칩_전환_블트칩출시_혜택강조형_KR1_.배너_맘카페.고급권위실체.확장__김소희_260723_제과_박지현,1161,49,30523.0,4
2026-07-25,[제과_블트하] 26.07_블트깡출시_수동_전환_image_전체타겟,(시리즈) 맘카페&혜택강조형_블트칩출시 (KR1) (0723),[26.07]F_I_BT혼_전환_블트칩출시_혜택강조형_KR1_.배너_공구인플루언서공지.확장__김소희_260723_제과_김수정,122,2,3936.0,0
2026-07-26,[제과_콘스프맛 팝콘] 26.05_콘스프맛팝콘출시_수동_전환_image,속세맛간식공감_콘스프맛팝콘_상시,"[26.07]F_I_PC혼_전환_콘스프맛팝콘출시_혜택강조형__.배너_오늘 뛴 5km, 과자한봉이면 리셋?.확장__김소희_260713_제과_박서연",3017,51,72527.0,4
2026-07-26,[칩] (마스터ASC)[제과_블트하] 26.07_블트칩출시_ASC_전환_image,[칩] (마스터ASC)[제과_블트하] 26.07_블트칩출시_ASC_전환_image,[26.07]F_I_BT칩_전환_블트칩출시_혜택강조형_KR1_.배너_맘카페.고급권위실체.확장__김소희_260723_제과_박지현,127,4,3905.0,0
2026-07-27,(마스터ASC)[제과_블트하] 26.07_블트깡출시_ASC_전환_image,(마스터ASC)[제과_블트하] 26.07_블트깡출시_ASC_전환_image,[26.07]F_I_BT깡_전환_블트깡출시_바이럴형_KR1_.배너_일반특정집단.탕비실난리.검증__김소희_260715_제과_김수정,3564,55,64874.0,4
2026-07-27,[칩] (마스터ASC)[제과_블트하] 26.07_블트칩출시_ASC_전환_image,[칩] (마스터ASC)[제과_블트하] 26.07_블트칩출시_ASC_전환_image,[26.07]F_I_BT칩_전환_블트칩출시_혜택강조형_KR1_.배너_맘카페.고급권위실체.확장__김소희_260723_제과_박지현,1072,16,31641.0,0
2026-07-27,[제과_블트하] 26.07_블트깡출시_수동_전환_image_전체타겟,[혼합] 주변인 상황연출_블트칩출시 (KR2) (0727),[26.07]F_I_BT칩_전환_블트칩출시_혜택강조형_KR2_.피드_주변인.친척모임.확장__김소희_260727_제과_박서연,9,1,174.0,0
2026-07-27,[칩] (마스터ASC)[제과_블트하] 26.07_블트칩출시_ASC_전환_image,[칩] (마스터ASC)[제과_블트하] 26.07_블트칩출시_ASC_전환_image,[26.07]F_I_BT칩_전환_블트칩출시_혜택강조형_KR2_.피드_주변인.얼집맘모임.확장__김소희_260727_제과_박서연,4,0,382.0,0
2026-07-28,[제과_콘스프맛 팝콘] 26.05_콘스프맛팝콘출시_수동_전환_image,속세맛간식공감_콘스프맛팝콘_상시,"[26.07]F_I_PC혼_전환_콘스프맛팝콘출시_혜택강조형__.배너_오늘 뛴 5km, 과자한봉이면 리셋?.확장__김소희_260713_제과_박서연",4299,68,75268.0,3
2026-07-28,(마스터ASC)[제과_블트하] 26.07_블트깡출시_ASC_전환_image,(마스터ASC)[제과_블트하] 26.07_블트깡출시_ASC_전환_image,[26.07]F_I_BT깡_전환_블트깡출시_바이럴형_KR1_.배너_일반특정집단.탕비실난리.검증__김소희_260715_제과_김수정,342,7,6841.0,1
2026-07-28,[칩] (마스터ASC)[제과_블트하] 26.07_블트칩출시_ASC_전환_image,[칩] (마스터ASC)[제과_블트하] 26.07_블트칩출시_ASC_전환_image,[26.07]F_I_BT칩_전환_블트칩출시_혜택강조형_KR1_.배너_맘카페.고급권위실체.확장__김소희_260723_제과_박지현,469,4,10434.0,0
2026-07-28,[제과_블트하] 26.07_블트깡출시_수동_전환_image_전체타겟,[혼합] 주변인 상황연출_블트칩출시 (KR2) (0727),[26.07]F_I_BT칩_전환_블트칩출시_혜택강조형_KR2_.피드_주변인.친척모임.확장__김소희_260727_제과_박서연,499,7,15397.0,1
2026-07-28,[칩] (마스터ASC)[제과_블트하] 26.07_블트칩출시_ASC_전환_image,[칩] (마스터ASC)[제과_블트하] 26.07_블트칩출시_ASC_전환_image,[26.07]F_I_BT칩_전환_블트칩출시_혜택강조형_KR2_.피드_주변인.얼집맘모임.확장__김소희_260727_제과_박서연,3,0,191.0,0
2026-07-01,[제과_콘스프맛 팝콘] 26.05_콘스프맛팝콘출시_수동_전환_image,메세지&반값_팝콘더블특가 (~7/1),[26.06]F_I_PC혼_전환_팝콘더블특가_혜택강조형_다이어트_.릴스_죄송합니다반복.__김소희_260626_제과_김수정,876,10,13814.0,0
2026-07-01,(미사용) [제과_단백질 쉐이크] 26.06_단백질쉐이크출시_ASC_전환_image,[제과_단백질 쉐이크] 26.06_단백질쉐이크출시_ASC_전환_image,[26.06]F_I_SK초_전환_단백질쉐이크출시_제품강조형_라라권위_.배너_빠삐코에코코볼.단계적할인.가격비교X.__이유빈_260701_제과_문다현,239,6,4888.0,0
2026-07-01,(미사용) [제과_단백질 쉐이크] 26.06_단백질쉐이크출시_ASC_전환_image,[제과_단백질 쉐이크] 26.06_단백질쉐이크출시_ASC_전환_image,[26.06]F_I_SK초_전환_단백질쉐이크출시_제품강조형_원재료강조_.배너_찐생초코가득.코코볼와르르.단계적할인.가격비교X.__이유빈_260701_제과_문다현,169,4,4010.0,0
2026-07-02,(미사용) [제과_단백질 쉐이크] 26.06_단백질쉐이크출시_ASC_전환_image,[제과_단백질 쉐이크] 26.06_단백질쉐이크출시_ASC_전환_image,[26.06]F_I_SK초_전환_단백질쉐이크출시_제품강조형_라라권위_.배너_빠삐코에코코볼.단계적할인.가격비교X.__이유빈_260701_제과_문다현,499,13,10503.0,0
2026-07-02,(미사용) [제과_단백질 쉐이크] 26.06_단백질쉐이크출시_ASC_전환_image,[제과_단백질 쉐이크] 26.06_단백질쉐이크출시_ASC_전환_image,[26.06]F_I_SK초_전환_단백질쉐이크출시_제품강조형_원재료강조_.배너_찐생초코가득.코코볼와르르.단계적할인.가격비교X.__이유빈_260701_제과_문다현,19,0,380.0,0
2026-07-02,[제과_콘스프맛 팝콘] 26.05_콘스프맛팝콘출시_수동_전환_video,공구네고형_팝콘할인페스타 (~7/8),[26.07]F_V_PC콘_전환_팝콘할인페스타_네고형_공구네고형.다이어트_var2.릴스_성분당류.슬기.X_1P_김소희_260702_제과_강경연,617,12,10664.0,2
2026-07-03,(미사용) [제과_단백질 쉐이크] 26.06_단백질쉐이크출시_ASC_전환_image,[제과_단백질 쉐이크] 26.06_단백질쉐이크출시_ASC_전환_image,[26.06]F_I_SK초_전환_단백질쉐이크출시_제품강조형_원재료강조_.배너_찐생초코가득.코코볼와르르.단계적할인.가격비교X.__이유빈_260701_제과_문다현,27,0,428.0,0
2026-07-03,[제과_콘스프맛 팝콘] 26.05_콘스프맛팝콘출시_수동_전환_video,공구네고형_팝콘할인페스타 (~7/8),[26.07]F_V_PC콘_전환_팝콘할인페스타_네고형_공구네고형.다이어트_var2.릴스_성분당류.슬기.X_1P_김소희_260702_제과_강경연,532,6,8576.0,1
2026-07-03,(마스터ASC)[제과_콘스프맛 팝콘] 26.07_콘스프맛팝콘출시_ASC_전환_image (NEW),(마스터ASC)[콘스프맛 팝콘] 26.07_콘스프맛팝콘출시_ASC_전환_image (NEW),[26.07]F_I_PC혼_전환_팝콘할인페스타_혜택강조형_다이어트_.배너_급구.입터짐경보.후회말고이거드세요.선착순.확장__김소희_260702_제과_문다현,11,0,206.0,0
2026-07-07,(미사용) [제과_단백질 쉐이크] 26.06_단백질쉐이크출시_ASC_전환_image,[제과_단백질 쉐이크] 26.06_단백질쉐이크출시_ASC_전환_image,[26.06]F_I_SK초_전환_단백질쉐이크출시_제품강조형_원재료강조_.배너_찐생초코가득.코코볼와르르.단계적할인.가격비교X.__이유빈_260701_제과_문다현,147,4,3474.0,0
2026-07-07,(마스터ASC)[제과_콘스프맛 팝콘] 26.07_콘스프맛팝콘출시_ASC_전환_image (NEW),(마스터ASC)[콘스프맛 팝콘] 26.07_콘스프맛팝콘출시_ASC_전환_image (NEW),[26.07]F_I_PC혼_전환_팝콘할인페스타_혜택강조형_다이어트_.배너_급구.입터짐경보.후회말고이거드세요.선착순.확장__김소희_260702_제과_문다현,700,8,10418.0,0
2026-07-08,(마스터ASC)[제과_콘스프맛 팝콘] 26.07_콘스프맛팝콘출시_ASC_전환_image (NEW),(마스터ASC)[콘스프맛 팝콘] 26.07_콘스프맛팝콘출시_ASC_전환_image (NEW),[26.07]F_I_PC혼_전환_팝콘할인페스타_혜택강조형_다이어트_.배너_급구.입터짐경보.후회말고이거드세요.선착순.확장__김소희_260702_제과_문다현,164,3,3134.0,3
2026-07-09,(마스터ASC)[제과_콘스프맛 팝콘] 26.07_콘스프맛팝콘출시_ASC_전환_image (NEW),(마스터ASC)[콘스프맛 팝콘] 26.07_콘스프맛팝콘출시_ASC_전환_image (NEW),[26.07]F_I_PC혼_전환_팝콘할인페스타_혜택강조형_다이어트_.배너_급구.입터짐경보.후회말고이거드세요.선착순.확장__김소희_260702_제과_문다현,58,0,1258.0,0
2026-07-10,[제과_단백질 쉐이크] 26.06_단백질쉐이크출시_수동_전환_image,브랜드강조_0629,[26.07]F_I_SK혼_전환_단백질쉐이크출시_혜택강조형_라라권위_.배너_저당맛집라라스윗다운.팝콘증정.확장__이유빈_260709_제과_문다현,324,8,11926.0,1
2026-07-11,[제과_단백질 쉐이크] 26.06_단백질쉐이크출시_ASC_전환_video,[제과_단백질 쉐이크] 26.06_단백질쉐이크출시_ASC_전환_video,[26.07]F_V_SK혼_전환_단백질쉐이크출시_신규BP_문제공감형.파우치.개당가강조_var6.릴스_소분비교강조.X_2P_이유빈_260710_제과_이봄1,11,0,148.0,0
2026-07-12,[제과_단백질 쉐이크] 26.06_단백질쉐이크출시_ASC_전환_video,[제과_단백질 쉐이크] 26.06_단백질쉐이크출시_ASC_전환_video,[26.07]F_V_SK혼_전환_단백질쉐이크출시_신규BP_문제공감형.파우치.개당가강조_var6.릴스_소분비교강조.X_2P_이유빈_260710_제과_이봄1,131,8,2870.0,0
2026-07-13,[제과_단백질 쉐이크] 26.06_단백질쉐이크출시_ASC_전환_video,[제과_단백질 쉐이크] 26.06_단백질쉐이크출시_ASC_전환_video,[26.07]F_V_SK혼_전환_단백질쉐이크출시_신규BP_문제공감형.파우치.개당가강조_var6.릴스_소분비교강조.X_2P_이유빈_260710_제과_이봄1,234,14,5466.0,0
2026-07-14,[제과_단백질 쉐이크] 26.06_단백질쉐이크출시_ASC_전환_video,[제과_단백질 쉐이크] 26.06_단백질쉐이크출시_ASC_전환_video,[26.07]F_V_SK혼_전환_단백질쉐이크출시_ai형_ai캐릭터.파우치.개당가강조_var1.릴스_제품코코볼단쉐.X_2P_이유빈_260713_제과_이미진,174,1,2643.0,0
2026-07-15,[제과_단백질 쉐이크] 26.06_단백질쉐이크출시_ASC_전환_video,[제과_단백질 쉐이크] 26.06_단백질쉐이크출시_ASC_전환_video,[26.07]F_V_SK혼_전환_단백질쉐이크출시_ai형_ai캐릭터.파우치.개당가강조_var1.릴스_제품코코볼단쉐.X_2P_이유빈_260713_제과_이미진,12,0,96.0,0
2026-07-15,[제과_블트하] 26.07_블트깡출시_수동_전환_video_전체타겟,BP이식형2_블트깡출시 (KR1/2),[26.07]F_V_BT깡_전환_블트깡출시_쩜오건_맛조합맥주.KR1_var4.릴스_맥주후킹1.X_1P_김소희_260715_제과_문형민,267,12,3573.0,0
2026-07-16,[제과_단백질 쉐이크] 26.06_단백질쉐이크출시_ASC_전환_video,[제과_단백질 쉐이크] 26.06_단백질쉐이크출시_ASC_전환_video,[26.07]F_V_SK혼_전환_단백질쉐이크출시_ai형_ai캐릭터.파우치.개당가강조_var1.릴스_제품코코볼단쉐.X_2P_이유빈_260713_제과_이미진,6,0,32.0,0
2026-07-16,[제과_블트하] 26.07_블트깡출시_수동_전환_video_전체타겟,BP이식형2_블트깡출시 (KR1/2),[26.07]F_V_BT깡_전환_블트깡출시_쩜오건_맛조합맥주.KR1_var4.릴스_맥주후킹1.X_1P_김소희_260715_제과_문형민,218,3,3449.0,0
2026-07-17,[제과_블트하] 26.07_블트깡출시_수동_전환_video_전체타겟,BP이식형2_블트깡출시 (KR1/2),[26.07]F_V_BT깡_전환_블트깡출시_쩜오건_맛조합맥주.KR1_var4.릴스_맥주후킹1.X_1P_김소희_260715_제과_문형민,191,8,3030.0,0
2026-07-18,[제과_단백질 쉐이크] 26.06_단백질쉐이크출시_ASC_전환_video,[제과_단백질 쉐이크] 26.06_단백질쉐이크출시_ASC_전환_video,[26.07]F_V_SK혼_전환_단백질쉐이크출시_ai형_ai캐릭터.파우치.개당가강조_var1.릴스_제품코코볼단쉐.X_2P_이유빈_260713_제과_이미진,22,2,547.0,0
2026-07-18,[제과_블트하] 26.07_블트깡출시_수동_전환_video_전체타겟,BP이식형2_블트깡출시 (KR1/2),[26.07]F_V_BT깡_전환_블트깡출시_쩜오건_맛조합맥주.KR1_var4.릴스_맥주후킹1.X_1P_김소희_260715_제과_문형민,41,2,880.0,0
2026-07-19,[제과_단백질 쉐이크] 26.06_단백질쉐이크출시_ASC_전환_video,[제과_단백질 쉐이크] 26.06_단백질쉐이크출시_ASC_전환_video,[26.07]F_V_SK혼_전환_단백질쉐이크출시_ai형_ai캐릭터.파우치.개당가강조_var1.릴스_제품코코볼단쉐.X_2P_이유빈_260713_제과_이미진,11,3,217.0,0
2026-07-19,[제과_블트하] 26.07_블트깡출시_수동_전환_video_전체타겟,BP이식형2_블트깡출시 (KR1/2),[26.07]F_V_BT깡_전환_블트깡출시_쩜오건_맛조합맥주.KR1_var4.릴스_맥주후킹1.X_1P_김소희_260715_제과_문형민,9,1,64.0,0
2026-07-20,[제과_단백질 쉐이크] 26.06_단백질쉐이크출시_ASC_전환_video,[제과_단백질 쉐이크] 26.06_단백질쉐이크출시_ASC_전환_video,[26.07]F_V_SK혼_전환_단백질쉐이크출시_ai형_ai캐릭터.파우치.개당가강조_var1.릴스_제품코코볼단쉐.X_2P_이유빈_260713_제과_이미진,10222,232,146866.0,17
2026-07-20,[제과_블트하] 26.07_블트깡출시_수동_전환_video_전체타겟,BP이식형2_블트깡출시 (KR1/2),[26.07]F_V_BT깡_전환_블트깡출시_쩜오건_맛조합맥주.KR1_var4.릴스_맥주후킹1.X_1P_김소희_260715_제과_문형민,25,2,393.0,1
2026-07-21,[제과_단백질 쉐이크] 26.06_단백질쉐이크출시_ASC_전환_video,[제과_단백질 쉐이크] 26.06_단백질쉐이크출시_ASC_전환_video,[26.07]F_V_SK혼_전환_단백질쉐이크출시_ai형_ai캐릭터.파우치.개당가강조_var1.릴스_제품코코볼단쉐.X_2P_이유빈_260713_제과_이미진,1237,24,22506.0,4
2026-07-21,[제과_블트하] 26.07_블트깡출시_수동_전환_video_전체타겟,BP이식형2_블트깡출시 (KR1/2),[26.07]F_V_BT깡_전환_블트깡출시_쩜오건_맛조합맥주.KR1_var4.릴스_맥주후킹1.X_1P_김소희_260715_제과_문형민,2,0,41.0,0
2026-07-21,[제과_블트하] 26.07_블트깡출시_수동_전환_image_전체타겟,맘카페페르소나_블트깡출시 (KR1),[26.07]F_I_BT깡_전환_블트깡출시_바이럴형_KR1_.배너_맘카페.입소문시작.릴스.검증__김소희_260720_제과_박지현,440,4,7634.0,0
2026-07-22,[제과_블트하] 26.07_블트깡출시_수동_전환_video_전체타겟,BP이식형2_블트깡출시 (KR1/2),[26.07]F_V_BT깡_전환_블트깡출시_쩜오건_맛조합맥주.KR1_var4.릴스_맥주후킹1.X_1P_김소희_260715_제과_문형민,1,0,4.0,0
2026-07-22,(마스터ASC)[제과_블트하] 26.07_블트깡출시_ASC_전환_image,(마스터ASC)[제과_블트하] 26.07_블트깡출시_ASC_전환_image,[26.07]F_I_BT깡_전환_블트깡출시_바이럴형_KR1_.릴스_맘카페페르소나.지면테스트.맛성분가격.검증__김소희_260721_제과_김수정,1361,30,34654.0,1
2026-07-22,[제과_블트하] 26.07_블트깡출시_수동_전환_image_전체타겟,[칩] 맘카페.페르소나_블트칩출시 (KR1),[26.07]F_I_BT칩_전환_블트칩출시_바이럴형_KR1_.배너_맘카페페르소나.지면테스트.맛성분가격.검증__김소희_260722_제과_김수정,692,27,11597.0,2
2026-07-23,(마스터ASC)[제과_블트하] 26.07_블트깡출시_ASC_전환_image,(마스터ASC)[제과_블트하] 26.07_블트깡출시_ASC_전환_image,[26.07]F_I_BT깡_전환_블트깡출시_바이럴형_KR1_.릴스_맘카페페르소나.지면테스트.맛성분가격.검증__김소희_260721_제과_김수정,183,5,4061.0,0
2026-07-23,[제과_블트하] 26.07_블트깡출시_수동_전환_image_전체타겟,[칩] 맘카페.페르소나_블트칩출시 (KR1),[26.07]F_I_BT칩_전환_블트칩출시_바이럴형_KR1_.배너_맘카페페르소나.지면테스트.맛성분가격.검증__김소희_260722_제과_김수정,2086,61,39057.0,7
2026-07-23,[칩] (마스터ASC)[제과_블트하] 26.07_블트칩출시_ASC_전환_image,[칩] (마스터ASC)[제과_블트하] 26.07_블트칩출시_ASC_전환_image,[26.07]F_I_BT칩_전환_블트칩출시_매거진형_KR1_.배너_대체뭐길래다산대_.연두텍스트..확장__김소희_260722_제과_박서연,134,1,2658.0,0
2026-07-23,[제과_블트하] 26.07_블트깡출시_수동_전환_video_전체타겟,(0725) [칩] 클룹BP_블트칩출시 (KR1) (재은님),[26.07]F_V_BT혼_전환_블트칩출시_기타_클룹BP.KR1_var3.릴스_맛SP.슬기.X_1P_최나영_260723_제과_피재은,1109,41,20230.0,2
2026-07-24,[제과_블트하] 26.07_블트깡출시_수동_전환_image_전체타겟,[칩] 맘카페.페르소나_블트칩출시 (KR1),[26.07]F_I_BT칩_전환_블트칩출시_바이럴형_KR1_.배너_맘카페페르소나.지면테스트.맛성분가격.검증__김소희_260722_제과_김수정,927,24,24312.0,0
2026-07-24,[칩] (마스터ASC)[제과_블트하] 26.07_블트칩출시_ASC_전환_image,[칩] (마스터ASC)[제과_블트하] 26.07_블트칩출시_ASC_전환_image,[26.07]F_I_BT칩_전환_블트칩출시_매거진형_KR1_.배너_대체뭐길래다산대_.연두텍스트..확장__김소희_260722_제과_박서연,36,0,723.0,0
2026-07-24,[제과_블트하] 26.07_블트깡출시_수동_전환_video_전체타겟,(0725) [칩] 클룹BP_블트칩출시 (KR1) (재은님),[26.07]F_V_BT혼_전환_블트칩출시_기타_클룹BP.KR1_var3.릴스_맛SP.슬기.X_1P_최나영_260723_제과_피재은,18810,691,347764.0,28
2026-07-24,(마스터ASC)[제과_블트하] 26.07_블트깡출시_ASC_전환_image,(마스터ASC)[제과_블트하] 26.07_블트깡출시_ASC_전환_image,[26.07]F_I_BT혼_전환_블트칩출시_혜택강조형_KR1_.배너_가격실수안내.현장감.확장__김소희_260723_제과_김수정,145,3,3180.0,0
2026-07-24,[칩] (마스터ASC)[제과_블트하] 26.07_블트칩출시_ASC_전환_image,[칩] (마스터ASC)[제과_블트하] 26.07_블트칩출시_ASC_전환_image,[26.07]F_I_BT칩_전환_블트칩출시_혜택강조형_KR2_.릴스_상황연출.영상형.육퇴.확장__김소희_260724_제과_김수정,2116,83,47433.0,1
2026-07-25,[제과_블트하] 26.07_블트깡출시_수동_전환_video_전체타겟,BP이식형2_블트깡출시 (KR1/2),[26.07]F_V_BT깡_전환_블트깡출시_쩜오건_맛조합맥주.KR1_var4.릴스_맥주후킹1.X_1P_김소희_260715_제과_문형민,5,0,73.0,0
2026-07-25,[칩] (마스터ASC)[제과_블트하] 26.07_블트칩출시_ASC_전환_image,[칩] (마스터ASC)[제과_블트하] 26.07_블트칩출시_ASC_전환_image,[26.07]F_I_BT칩_전환_블트칩출시_매거진형_KR1_.배너_대체뭐길래다산대_.연두텍스트..확장__김소희_260722_제과_박서연,5,0,108.0,0
2026-07-25,[제과_블트하] 26.07_블트깡출시_수동_전환_video_전체타겟,(0725) [칩] 클룹BP_블트칩출시 (KR1) (재은님),[26.07]F_V_BT혼_전환_블트칩출시_기타_클룹BP.KR1_var3.릴스_맛SP.슬기.X_1P_최나영_260723_제과_피재은,4348,163,105837.0,10
2026-07-25,(마스터ASC)[제과_블트하] 26.07_블트깡출시_ASC_전환_image,(마스터ASC)[제과_블트하] 26.07_블트깡출시_ASC_전환_image,[26.07]F_I_BT혼_전환_블트칩출시_혜택강조형_KR1_.배너_가격실수안내.현장감.확장__김소희_260723_제과_김수정,547,21,13040.0,0
2026-07-25,[칩] (마스터ASC)[제과_블트하] 26.07_블트칩출시_ASC_전환_image,[칩] (마스터ASC)[제과_블트하] 26.07_블트칩출시_ASC_전환_image,[26.07]F_I_BT칩_전환_블트칩출시_혜택강조형_KR2_.릴스_상황연출.영상형.육퇴.확장__김소희_260724_제과_김수정,811,25,21337.0,0
2026-07-26,[제과_블트하] 26.07_블트깡출시_수동_전환_video_전체타겟,(0725) [칩] 클룹BP_블트칩출시 (KR1) (재은님),[26.07]F_V_BT혼_전환_블트칩출시_기타_클룹BP.KR1_var3.릴스_맛SP.슬기.X_1P_최나영_260723_제과_피재은,50340,1501,1469946.0,106
2026-07-26,[칩] (마스터ASC)[제과_블트하] 26.07_블트칩출시_ASC_전환_image,[칩] (마스터ASC)[제과_블트하] 26.07_블트칩출시_ASC_전환_image,[26.07]F_I_BT칩_전환_블트칩출시_혜택강조형_KR2_.릴스_상황연출.영상형.육퇴.확장__김소희_260724_제과_김수정,510,15,17819.0,0
2026-07-27,[제과_블트하] 26.07_블트깡출시_수동_전환_video_전체타겟,(0725) [칩] 클룹BP_블트칩출시 (KR1) (재은님),[26.07]F_V_BT혼_전환_블트칩출시_기타_클룹BP.KR1_var3.릴스_맛SP.슬기.X_1P_최나영_260723_제과_피재은,24135,565,517827.0,38
2026-07-28,[제과_블트하] 26.07_블트깡출시_수동_전환_video_전체타겟,(0725) [칩] 클룹BP_블트칩출시 (KR1) (재은님),[26.07]F_V_BT혼_전환_블트칩출시_기타_클룹BP.KR1_var3.릴스_맛SP.슬기.X_1P_최나영_260723_제과_피재은,120931,2357,1965441.0,150
2026-07-01,(미사용) [제과_단백질 쉐이크] 26.06_단백질쉐이크출시_ASC_전환_image,[제과_단백질 쉐이크] 26.06_단백질쉐이크출시_ASC_전환_image,[26.06]F_I_SK곡_전환_단백질쉐이크출시_제품강조형_타사비교_.배너_부르주아.__이유빈_260701_제과_김수정,7,0,76.0,0
2026-07-02,(미사용) [제과_단백질 쉐이크] 26.06_단백질쉐이크출시_ASC_전환_image,[제과_단백질 쉐이크] 26.06_단백질쉐이크출시_ASC_전환_image,[26.06]F_I_SK곡_전환_단백질쉐이크출시_제품강조형_타사비교_.배너_부르주아.__이유빈_260701_제과_김수정,69,1,1731.0,0
2026-07-07,(미사용) [제과_단백질 쉐이크] 26.06_단백질쉐이크출시_ASC_전환_image,[제과_단백질 쉐이크] 26.06_단백질쉐이크출시_ASC_전환_image,[26.06]F_I_SK곡_전환_단백질쉐이크출시_제품강조형_타사비교_.배너_부르주아.__이유빈_260701_제과_김수정,865,9,20989.0,2
2026-07-08,[제과_단백질 쉐이크] 26.06_단백질쉐이크출시_수동_전환_image,파우치개당가강조_0706,[26.07]F_I_SK초_전환_단백질쉐이크출시_제품강조형_원재료강조_.배너_생초코로기둥세운.속세맛신작.가격비교O.아몬드스윗삭제.확장__이유빈_260707_제과_김수정,9,1,154.0,0
2026-07-09,[제과_단백질 쉐이크] 26.06_단백질쉐이크출시_수동_전환_image,파우치개당가강조_0706,[26.07]F_I_SK초_전환_단백질쉐이크출시_제품강조형_원재료강조_.배너_생초코로기둥세운.속세맛신작.가격비교O.아몬드스윗삭제.확장__이유빈_260707_제과_김수정,123,3,2379.0,0
2026-07-11,(마스터ASC)[제과_콘스프맛 팝콘] 26.07_콘스프맛팝콘출시_ASC_전환_image (NEW),(마스터ASC)[콘스프맛 팝콘] 26.07_콘스프맛팝콘출시_ASC_전환_image (NEW),[26.07]F_I_PC혼_전환_콘스프맛팝콘출시_혜택강조형__.릴스_먼저사신분들.죄송.개당1천원대.확장__김소희_260710_제과_김수정,254,1,5041.0,0
2026-07-12,(마스터ASC)[제과_콘스프맛 팝콘] 26.07_콘스프맛팝콘출시_ASC_전환_image (NEW),(마스터ASC)[콘스프맛 팝콘] 26.07_콘스프맛팝콘출시_ASC_전환_image (NEW),[26.07]F_I_PC혼_전환_콘스프맛팝콘출시_혜택강조형__.릴스_먼저사신분들.죄송.개당1천원대.확장__김소희_260710_제과_김수정,134,4,3370.0,1
2026-07-13,(마스터ASC)[제과_콘스프맛 팝콘] 26.07_콘스프맛팝콘출시_ASC_전환_image (NEW),(마스터ASC)[콘스프맛 팝콘] 26.07_콘스프맛팝콘출시_ASC_전환_image (NEW),[26.07]F_I_PC혼_전환_콘스프맛팝콘출시_혜택강조형__.릴스_먼저사신분들.죄송.개당1천원대.확장__김소희_260710_제과_김수정,38,0,1078.0,0
2026-07-14,(마스터ASC)[제과_콘스프맛 팝콘] 26.07_콘스프맛팝콘출시_ASC_전환_image (NEW),(마스터ASC)[콘스프맛 팝콘] 26.07_콘스프맛팝콘출시_ASC_전환_image (NEW),[26.07]F_I_PC혼_전환_콘스프맛팝콘출시_혜택강조형__.릴스_먼저사신분들.죄송.개당1천원대.확장__김소희_260710_제과_김수정,115,5,2105.0,1
2026-07-14,[제과_단백질 쉐이크] 26.06_단백질쉐이크출시_ASC_전환_video,[제과_단백질 쉐이크] 26.06_단백질쉐이크출시_ASC_전환_video,[26.07]F_V_SK혼_전환_단백질쉐이크출시_ai형_ai캐릭터.파우치.개당가강조_main.릴스_제품대용량비교.X_2P_이유빈_260713_제과_이미진,123,1,1772.0,0
2026-07-15,(마스터ASC)[제과_콘스프맛 팝콘] 26.07_콘스프맛팝콘출시_ASC_전환_image (NEW),(마스터ASC)[콘스프맛 팝콘] 26.07_콘스프맛팝콘출시_ASC_전환_image (NEW),[26.07]F_I_PC혼_전환_콘스프맛팝콘출시_혜택강조형__.릴스_먼저사신분들.죄송.개당1천원대.확장__김소희_260710_제과_김수정,110,1,1519.0,0
2026-07-15,[제과_단백질 쉐이크] 26.06_단백질쉐이크출시_ASC_전환_video,[제과_단백질 쉐이크] 26.06_단백질쉐이크출시_ASC_전환_video,[26.07]F_V_SK혼_전환_단백질쉐이크출시_ai형_ai캐릭터.파우치.개당가강조_main.릴스_제품대용량비교.X_2P_이유빈_260713_제과_이미진,15,2,362.0,0
2026-07-16,[제과_단백질 쉐이크] 26.06_단백질쉐이크출시_ASC_전환_video,[제과_단백질 쉐이크] 26.06_단백질쉐이크출시_ASC_전환_video,[26.07]F_V_SK혼_전환_단백질쉐이크출시_ai형_ai캐릭터.파우치.개당가강조_main.릴스_제품대용량비교.X_2P_이유빈_260713_제과_이미진,21,0,262.0,0
2026-07-16,(마스터ASC)[제과_블트하] 26.07_블트깡출시_ASC_전환_image,(마스터ASC)[제과_블트하] 26.07_블트깡출시_ASC_전환_image,[26.07]F_I_BT깡_전환_블트깡출시_혜택강조형_혜택강조형_.배너_맘카페추천템으로등극된레전드조합.검증__김소희_260715_제과_박서연,30,0,584.0,0
2026-07-17,(마스터ASC)[제과_블트하] 26.07_블트깡출시_ASC_전환_image,(마스터ASC)[제과_블트하] 26.07_블트깡출시_ASC_전환_image,[26.07]F_I_BT깡_전환_블트깡출시_혜택강조형_혜택강조형_.배너_맘카페추천템으로등극된레전드조합.검증__김소희_260715_제과_박서연,15,1,746.0,0
2026-07-20,[제과_단백질 쉐이크] 26.06_단백질쉐이크출시_ASC_전환_video,[제과_단백질 쉐이크] 26.06_단백질쉐이크출시_ASC_전환_video,[26.07]F_V_SK혼_전환_단백질쉐이크출시_ai형_ai캐릭터.파우치.개당가강조_main.릴스_제품대용량비교.X_2P_이유빈_260713_제과_이미진,33,3,739.0,0
2026-07-20,(마스터ASC)[제과_블트하] 26.07_블트깡출시_ASC_전환_image,(마스터ASC)[제과_블트하] 26.07_블트깡출시_ASC_전환_image,[26.07]F_I_BT깡_전환_블트깡출시_혜택강조형_혜택강조형_.배너_맘카페추천템으로등극된레전드조합.검증__김소희_260715_제과_박서연,2,0,18.0,0
2026-07-21,[제과_단백질 쉐이크] 26.06_단백질쉐이크출시_ASC_전환_video,[제과_단백질 쉐이크] 26.06_단백질쉐이크출시_ASC_전환_video,[26.07]F_V_SK혼_전환_단백질쉐이크출시_ai형_ai캐릭터.파우치.개당가강조_main.릴스_제품대용량비교.X_2P_이유빈_260713_제과_이미진,155,6,2008.0,1
2026-07-21,[제과_콘스프맛 팝콘] 26.05_콘스프맛팝콘출시_수동_전환_video,책상지인네고형(운동.페인포인트)_0721,[26.07]F_V_PC콘_전환_콘스프맛팝콘출시_네고형_책상지인네고형_var1.릴스_요요.X_2P_이유빈_260721_제과_이미진,816,18,10927.0,1
2026-07-22,[제과_콘스프맛 팝콘] 26.05_콘스프맛팝콘출시_수동_전환_video,책상지인네고형(운동.페인포인트)_0721,[26.07]F_V_PC콘_전환_콘스프맛팝콘출시_네고형_책상지인네고형_var1.릴스_요요.X_2P_이유빈_260721_제과_이미진,19447,342,226496.0,40
2026-07-23,[제과_콘스프맛 팝콘] 26.05_콘스프맛팝콘출시_수동_전환_video,책상지인네고형(운동.페인포인트)_0721,[26.07]F_V_PC콘_전환_콘스프맛팝콘출시_네고형_책상지인네고형_var1.릴스_요요.X_2P_이유빈_260721_제과_이미진,2778,39,28450.0,4
2026-07-24,[제과_콘스프맛 팝콘] 26.05_콘스프맛팝콘출시_수동_전환_video,책상지인네고형(운동.페인포인트)_0721,[26.07]F_V_PC콘_전환_콘스프맛팝콘출시_네고형_책상지인네고형_var1.릴스_요요.X_2P_이유빈_260721_제과_이미진,15621,286,179817.0,8
2026-07-24,[제과_블트하] 26.07_블트깡출시_수동_전환_image_전체타겟,(칩) 맘카페&혜택강조형_블트칩출시 (0723),[26.07]F_I_BT칩_전환_블트칩출시_혜택강조형_KR1_.배너_공구인플루언서공지.확장__김소희_260723_제과_김수정,168,7,3449.0,0
2026-07-24,(마스터ASC)[제과_블트하] 26.07_블트깡출시_ASC_전환_image,(마스터ASC)[제과_블트하] 26.07_블트깡출시_ASC_전환_image,[26.07]F_I_BT혼_전환_블트칩출시_혜택강조형_KR1_.배너_공구인플루언서공지.확장__김소희_260723_제과_김수정,56,1,1343.0,0
2026-07-24,[칩] (마스터ASC)[제과_블트하] 26.07_블트칩출시_ASC_전환_video,[칩] (마스터ASC)[제과_블트하] 26.07_블트칩출시_ASC_전환_video,[26.07]F_V_BT칩_전환_블트칩출시_쩜오건_오감자BP.KR1_var1.릴스_트러플하몽대세감.X_2P_최나영_260724_제과_윤성미,237,12,3048.0,3
2026-07-24,[제과_블트하] 26.07_블트깡출시_수동_전환_video_전체타겟,(0725) [칩] BP이식형_블트칩출시 (KR1) (경연님/성미님),[26.07]F_V_BT칩_전환_블트칩출시_쩜오건_3040페르소나강조.리셀.KR1_main.릴스_공통.X_1P_김소희_260724_제과_강경연,42,4,720.0,0
2026-07-25,[제과_콘스프맛 팝콘] 26.05_콘스프맛팝콘출시_수동_전환_video,책상지인네고형(운동.페인포인트)_0721,[26.07]F_V_PC콘_전환_콘스프맛팝콘출시_네고형_책상지인네고형_var1.릴스_요요.X_2P_이유빈_260721_제과_이미진,16828,209,210925.0,12
2026-07-25,[제과_블트하] 26.07_블트깡출시_수동_전환_image_전체타겟,(칩) 맘카페&혜택강조형_블트칩출시 (0723),[26.07]F_I_BT칩_전환_블트칩출시_혜택강조형_KR1_.배너_공구인플루언서공지.확장__김소희_260723_제과_김수정,41,1,943.0,0
2026-07-25,(마스터ASC)[제과_블트하] 26.07_블트깡출시_ASC_전환_image,(마스터ASC)[제과_블트하] 26.07_블트깡출시_ASC_전환_image,[26.07]F_I_BT혼_전환_블트칩출시_혜택강조형_KR1_.배너_공구인플루언서공지.확장__김소희_260723_제과_김수정,24,1,698.0,0
2026-07-25,[칩] (마스터ASC)[제과_블트하] 26.07_블트칩출시_ASC_전환_video,[칩] (마스터ASC)[제과_블트하] 26.07_블트칩출시_ASC_전환_video,[26.07]F_V_BT칩_전환_블트칩출시_쩜오건_오감자BP.KR1_var1.릴스_트러플하몽대세감.X_2P_최나영_260724_제과_윤성미,1003,32,16870.0,1
2026-07-25,[제과_블트하] 26.07_블트깡출시_수동_전환_video_전체타겟,(0725) [칩] BP이식형_블트칩출시 (KR1) (경연님/성미님),[26.07]F_V_BT칩_전환_블트칩출시_쩜오건_3040페르소나강조.리셀.KR1_main.릴스_공통.X_1P_김소희_260724_제과_강경연,603,18,10309.0,1
2026-07-26,[제과_콘스프맛 팝콘] 26.05_콘스프맛팝콘출시_수동_전환_video,책상지인네고형(운동.페인포인트)_0721,[26.07]F_V_PC콘_전환_콘스프맛팝콘출시_네고형_책상지인네고형_var1.릴스_요요.X_2P_이유빈_260721_제과_이미진,4281,57,77628.0,3
2026-07-27,[칩] (마스터ASC)[제과_블트하] 26.07_블트칩출시_ASC_전환_video,[칩] (마스터ASC)[제과_블트하] 26.07_블트칩출시_ASC_전환_video,[26.07]F_V_BT칩_전환_블트칩출시_쩜오건_오감자BP.KR1_var1.릴스_트러플하몽대세감.X_2P_최나영_260724_제과_윤성미,3923,74,73293.0,3
2026-07-28,[제과_콘스프맛 팝콘] 26.05_콘스프맛팝콘출시_수동_전환_video,책상지인네고형(운동.페인포인트)_0721,[26.07]F_V_PC콘_전환_콘스프맛팝콘출시_네고형_책상지인네고형_var1.릴스_요요.X_2P_이유빈_260721_제과_이미진,3747,51,58691.0,4
2026-07-28,[칩] (마스터ASC)[제과_블트하] 26.07_블트칩출시_ASC_전환_video,[칩] (마스터ASC)[제과_블트하] 26.07_블트칩출시_ASC_전환_video,[26.07]F_V_BT칩_전환_블트칩출시_쩜오건_오감자BP.KR1_var1.릴스_트러플하몽대세감.X_2P_최나영_260724_제과_윤성미,5416,79,66923.0,10
2026-07-01,[제과_단백질 쉐이크] 26.06_단백질쉐이크출시_수동_전환_video,고객검증형(재)_0629,[26.06]F_V_SK혼_전환_단백질쉐이크출시_신규BP_개당가메리트.재편집_var2.릴스_커피한잔값.X_2P_이유빈_260629_제과_윤성미,20268,405,362135.0,39
2026-07-02,(마스터ASC)[제과_콘스프맛 팝콘] 26.05_콘스프맛팝콘출시_ASC_전환_video,(마스터ASC)[콘스프맛 팝콘] 26.05_콘스프맛팝콘출시_ASC_전환_video,[26.06]F_V_PC콘_전환_팝콘더블특가_고객후기형_김부각BP.메시지검증.다이어트_var1.릴스_대표가빡쳐서.추가건PJ_1P_최나영_260626_제과_강경연,19,0,234.0,0
2026-07-02,[제과_단백질 쉐이크] 26.06_단백질쉐이크출시_수동_전환_video,고객검증형(재)_0629,[26.06]F_V_SK혼_전환_단백질쉐이크출시_신규BP_개당가메리트.재편집_var2.릴스_커피한잔값.X_2P_이유빈_260629_제과_윤성미,2760,64,47269.0,8
2026-07-03,[제과_단백질 쉐이크] 26.06_단백질쉐이크출시_수동_전환_video,고객검증형(재)_0629,[26.06]F_V_SK혼_전환_단백질쉐이크출시_신규BP_개당가메리트.재편집_var2.릴스_커피한잔값.X_2P_이유빈_260629_제과_윤성미,4202,96,70088.0,5
2026-07-03,[제과_콘스프맛 팝콘] 26.05_콘스프맛팝콘출시_수동_전환_image,일상다이어트_팝콘할인페스타 (~7/8),[26.07]F_I_PC혼_전환_팝콘할인페스타_혜택강조형_다이어트_.배너_시즈닝팍팍.선착순300명.어차피먹을과자.확장__김소희_260702_제과_문다현,4019,118,71924.0,11
2026-07-04,(마스터ASC)[제과_콘스프맛 팝콘] 26.05_콘스프맛팝콘출시_ASC_전환_video,(마스터ASC)[콘스프맛 팝콘] 26.05_콘스프맛팝콘출시_ASC_전환_video,[26.06]F_V_PC콘_전환_팝콘더블특가_고객후기형_김부각BP.메시지검증.다이어트_var1.릴스_대표가빡쳐서.추가건PJ_1P_최나영_260626_제과_강경연,3,0,35.0,0
2026-07-04,[제과_단백질 쉐이크] 26.06_단백질쉐이크출시_수동_전환_video,고객검증형(재)_0629,[26.06]F_V_SK혼_전환_단백질쉐이크출시_신규BP_개당가메리트.재편집_var2.릴스_커피한잔값.X_2P_이유빈_260629_제과_윤성미,6957,194,111986.0,18
2026-07-04,[제과_콘스프맛 팝콘] 26.05_콘스프맛팝콘출시_수동_전환_image,일상다이어트_팝콘할인페스타 (~7/8),[26.07]F_I_PC혼_전환_팝콘할인페스타_혜택강조형_다이어트_.배너_시즈닝팍팍.선착순300명.어차피먹을과자.확장__김소희_260702_제과_문다현,1060,27,20739.0,3
2026-07-04,[제과_단백질 쉐이크] 26.06_단백질쉐이크출시_ASC_전환_video,[제과_단백질 쉐이크] 26.06_단백질쉐이크출시_ASC_전환_video,[26.07]F_V_SK곡_전환_단백질쉐이크출시_네고형_전화네고형_var3.릴스_취식.X_2P_이유빈_260703_제과_윤성미,8,1,266.0,0
2026-07-05,(마스터ASC)[제과_콘스프맛 팝콘] 26.05_콘스프맛팝콘출시_ASC_전환_video,(마스터ASC)[콘스프맛 팝콘] 26.05_콘스프맛팝콘출시_ASC_전환_video,[26.06]F_V_PC콘_전환_팝콘더블특가_고객후기형_김부각BP.메시지검증.다이어트_var1.릴스_대표가빡쳐서.추가건PJ_1P_최나영_260626_제과_강경연,1539,24,20188.0,7
2026-07-05,[제과_단백질 쉐이크] 26.06_단백질쉐이크출시_수동_전환_video,고객검증형(재)_0629,[26.06]F_V_SK혼_전환_단백질쉐이크출시_신규BP_개당가메리트.재편집_var2.릴스_커피한잔값.X_2P_이유빈_260629_제과_윤성미,5972,201,106268.0,18
2026-07-05,[제과_콘스프맛 팝콘] 26.05_콘스프맛팝콘출시_수동_전환_image,일상다이어트_팝콘할인페스타 (~7/8),[26.07]F_I_PC혼_전환_팝콘할인페스타_혜택강조형_다이어트_.배너_시즈닝팍팍.선착순300명.어차피먹을과자.확장__김소희_260702_제과_문다현,1140,33,24922.0,2
2026-07-05,[제과_단백질 쉐이크] 26.06_단백질쉐이크출시_ASC_전환_video,[제과_단백질 쉐이크] 26.06_단백질쉐이크출시_ASC_전환_video,[26.07]F_V_SK곡_전환_단백질쉐이크출시_네고형_전화네고형_var3.릴스_취식.X_2P_이유빈_260703_제과_윤성미,4,1,155.0,2
2026-07-06,(마스터ASC)[제과_콘스프맛 팝콘] 26.05_콘스프맛팝콘출시_ASC_전환_video,(마스터ASC)[콘스프맛 팝콘] 26.05_콘스프맛팝콘출시_ASC_전환_video,[26.06]F_V_PC콘_전환_팝콘더블특가_고객후기형_김부각BP.메시지검증.다이어트_var1.릴스_대표가빡쳐서.추가건PJ_1P_최나영_260626_제과_강경연,4583,88,62544.0,19
2026-07-06,[제과_단백질 쉐이크] 26.06_단백질쉐이크출시_수동_전환_video,고객검증형(재)_0629,[26.06]F_V_SK혼_전환_단백질쉐이크출시_신규BP_개당가메리트.재편집_var2.릴스_커피한잔값.X_2P_이유빈_260629_제과_윤성미,17221,362,253402.0,37
2026-07-07,(마스터ASC)[제과_콘스프맛 팝콘] 26.05_콘스프맛팝콘출시_ASC_전환_video,(마스터ASC)[콘스프맛 팝콘] 26.05_콘스프맛팝콘출시_ASC_전환_video,[26.06]F_V_PC콘_전환_팝콘더블특가_고객후기형_김부각BP.메시지검증.다이어트_var1.릴스_대표가빡쳐서.추가건PJ_1P_최나영_260626_제과_강경연,1766,40,27443.0,9
2026-07-07,[제과_단백질 쉐이크] 26.06_단백질쉐이크출시_수동_전환_video,고객검증형(재)_0629,[26.06]F_V_SK혼_전환_단백질쉐이크출시_신규BP_개당가메리트.재편집_var2.릴스_커피한잔값.X_2P_이유빈_260629_제과_윤성미,8097,137,115803.0,17
2026-07-08,(마스터ASC)[제과_콘스프맛 팝콘] 26.05_콘스프맛팝콘출시_ASC_전환_video,(마스터ASC)[콘스프맛 팝콘] 26.05_콘스프맛팝콘출시_ASC_전환_video,[26.06]F_V_PC콘_전환_팝콘더블특가_고객후기형_김부각BP.메시지검증.다이어트_var1.릴스_대표가빡쳐서.추가건PJ_1P_최나영_260626_제과_강경연,277,8,2995.0,0
2026-07-08,[제과_단백질 쉐이크] 26.06_단백질쉐이크출시_수동_전환_video,고객검증형(재)_0629,[26.06]F_V_SK혼_전환_단백질쉐이크출시_신규BP_개당가메리트.재편집_var2.릴스_커피한잔값.X_2P_이유빈_260629_제과_윤성미,16673,313,196897.0,26
2026-07-09,(마스터ASC)[제과_콘스프맛 팝콘] 26.05_콘스프맛팝콘출시_ASC_전환_video,(마스터ASC)[콘스프맛 팝콘] 26.05_콘스프맛팝콘출시_ASC_전환_video,[26.06]F_V_PC콘_전환_팝콘더블특가_고객후기형_김부각BP.메시지검증.다이어트_var1.릴스_대표가빡쳐서.추가건PJ_1P_최나영_260626_제과_강경연,7165,112,90607.0,22
2026-07-09,[제과_단백질 쉐이크] 26.06_단백질쉐이크출시_수동_전환_video,고객검증형(재)_0629,[26.06]F_V_SK혼_전환_단백질쉐이크출시_신규BP_개당가메리트.재편집_var2.릴스_커피한잔값.X_2P_이유빈_260629_제과_윤성미,1555,42,20199.0,3
2026-07-10,(마스터ASC)[제과_콘스프맛 팝콘] 26.05_콘스프맛팝콘출시_ASC_전환_video,(마스터ASC)[콘스프맛 팝콘] 26.05_콘스프맛팝콘출시_ASC_전환_video,[26.06]F_V_PC콘_전환_팝콘더블특가_고객후기형_김부각BP.메시지검증.다이어트_var1.릴스_대표가빡쳐서.추가건PJ_1P_최나영_260626_제과_강경연,5226,71,61714.0,8
2026-07-11,(마스터ASC)[제과_콘스프맛 팝콘] 26.05_콘스프맛팝콘출시_ASC_전환_video,(마스터ASC)[콘스프맛 팝콘] 26.05_콘스프맛팝콘출시_ASC_전환_video,[26.06]F_V_PC콘_전환_팝콘더블특가_고객후기형_김부각BP.메시지검증.다이어트_var1.릴스_대표가빡쳐서.추가건PJ_1P_최나영_260626_제과_강경연,1709,24,23814.0,2
2026-07-12,(마스터ASC)[제과_콘스프맛 팝콘] 26.05_콘스프맛팝콘출시_ASC_전환_video,(마스터ASC)[콘스프맛 팝콘] 26.05_콘스프맛팝콘출시_ASC_전환_video,[26.06]F_V_PC콘_전환_팝콘더블특가_고객후기형_김부각BP.메시지검증.다이어트_var1.릴스_대표가빡쳐서.추가건PJ_1P_최나영_260626_제과_강경연,529,7,7558.0,0
2026-07-13,(마스터ASC)[제과_콘스프맛 팝콘] 26.05_콘스프맛팝콘출시_ASC_전환_video,(마스터ASC)[콘스프맛 팝콘] 26.05_콘스프맛팝콘출시_ASC_전환_video,[26.06]F_V_PC콘_전환_팝콘더블특가_고객후기형_김부각BP.메시지검증.다이어트_var1.릴스_대표가빡쳐서.추가건PJ_1P_최나영_260626_제과_강경연,3551,53,46871.0,11
2026-07-14,(마스터ASC)[제과_콘스프맛 팝콘] 26.05_콘스프맛팝콘출시_ASC_전환_video,(마스터ASC)[콘스프맛 팝콘] 26.05_콘스프맛팝콘출시_ASC_전환_video,[26.06]F_V_PC콘_전환_팝콘더블특가_고객후기형_김부각BP.메시지검증.다이어트_var1.릴스_대표가빡쳐서.추가건PJ_1P_최나영_260626_제과_강경연,7880,109,97858.0,21
2026-07-15,(마스터ASC)[제과_콘스프맛 팝콘] 26.05_콘스프맛팝콘출시_ASC_전환_video,(마스터ASC)[콘스프맛 팝콘] 26.05_콘스프맛팝콘출시_ASC_전환_video,[26.06]F_V_PC콘_전환_팝콘더블특가_고객후기형_김부각BP.메시지검증.다이어트_var1.릴스_대표가빡쳐서.추가건PJ_1P_최나영_260626_제과_강경연,9555,108,116721.0,20
2026-07-15,(마스터ASC)[제과_블트하] 26.07_블트깡출시_ASC_전환_video,(마스터ASC)[제과_블트하] 26.07_블트깡출시_ASC_전환_video,[26.07]F_V_BT깡_전환_블트깡출시_원가강조형_미틀리에BP.KR2_var1.릴스_비교프레임.X_1P_최나영_260715_제과_강경연,472,17,8016.0,3
2026-07-15,[제과_블트하] 26.07_블트깡출시_수동_전환_image_전체타겟,원산지권위_블트깡출시 (KR2),[26.07]F_I_BT깡_전환_블트깡출시_바이럴형_KR2_.배너_원산지페포.맛잘알친구가줌.검증__김소희_260715_제과_김수정,178,3,2608.0,1
2026-07-16,(마스터ASC)[제과_콘스프맛 팝콘] 26.05_콘스프맛팝콘출시_ASC_전환_video,(마스터ASC)[콘스프맛 팝콘] 26.05_콘스프맛팝콘출시_ASC_전환_video,[26.06]F_V_PC콘_전환_팝콘더블특가_고객후기형_김부각BP.메시지검증.다이어트_var1.릴스_대표가빡쳐서.추가건PJ_1P_최나영_260626_제과_강경연,39507,459,453935.0,61
2026-07-16,(마스터ASC)[제과_블트하] 26.07_블트깡출시_ASC_전환_video,(마스터ASC)[제과_블트하] 26.07_블트깡출시_ASC_전환_video,[26.07]F_V_BT깡_전환_블트깡출시_원가강조형_미틀리에BP.KR2_var1.릴스_비교프레임.X_1P_최나영_260715_제과_강경연,1177,30,18784.0,3
2026-07-16,[제과_블트하] 26.07_블트깡출시_수동_전환_image_전체타겟,원산지권위_블트깡출시 (KR2),[26.07]F_I_BT깡_전환_블트깡출시_바이럴형_KR2_.배너_원산지페포.맛잘알친구가줌.검증__김소희_260715_제과_김수정,17,0,204.0,0
2026-07-17,(마스터ASC)[제과_콘스프맛 팝콘] 26.05_콘스프맛팝콘출시_ASC_전환_video,(마스터ASC)[콘스프맛 팝콘] 26.05_콘스프맛팝콘출시_ASC_전환_video,[26.06]F_V_PC콘_전환_팝콘더블특가_고객후기형_김부각BP.메시지검증.다이어트_var1.릴스_대표가빡쳐서.추가건PJ_1P_최나영_260626_제과_강경연,6948,89,79604.0,6
2026-07-17,[제과_블트하] 26.07_블트깡출시_수동_전환_image_전체타겟,3040대세감_블트깡출시 (KR1),[26.07]F_I_BT깡_전환_블트깡출시_바이럴형_KR1_.배너_3040소비상황.남편안주로샀다가.검증__김소희_260716_제과_김수정,220,6,5385.0,3
2026-07-17,(마스터ASC)[제과_블트하] 26.07_블트깡출시_ASC_전환_image,(마스터ASC)[제과_블트하] 26.07_블트깡출시_ASC_전환_image,[26.07]F_I_BT깡_전환_블트깡출시_바이럴형_KR1_.배너_창고형마트.할인안해도.확장__김소희_260716_제과_김수정,52,0,1540.0,0
2026-07-18,(마스터ASC)[제과_콘스프맛 팝콘] 26.05_콘스프맛팝콘출시_ASC_전환_video,(마스터ASC)[콘스프맛 팝콘] 26.05_콘스프맛팝콘출시_ASC_전환_video,[26.06]F_V_PC콘_전환_팝콘더블특가_고객후기형_김부각BP.메시지검증.다이어트_var1.릴스_대표가빡쳐서.추가건PJ_1P_최나영_260626_제과_강경연,6283,78,68050.0,6
2026-07-18,[제과_블트하] 26.07_블트깡출시_수동_전환_image_전체타겟,3040대세감_블트깡출시 (KR1),[26.07]F_I_BT깡_전환_블트깡출시_바이럴형_KR1_.배너_3040소비상황.남편안주로샀다가.검증__김소희_260716_제과_김수정,194,3,4341.0,1
2026-07-18,(마스터ASC)[제과_블트하] 26.07_블트깡출시_ASC_전환_image,(마스터ASC)[제과_블트하] 26.07_블트깡출시_ASC_전환_image,[26.07]F_I_BT깡_전환_블트깡출시_바이럴형_KR1_.배너_창고형마트.할인안해도.확장__김소희_260716_제과_김수정,5,0,131.0,0
2026-07-19,(마스터ASC)[제과_콘스프맛 팝콘] 26.05_콘스프맛팝콘출시_ASC_전환_video,(마스터ASC)[콘스프맛 팝콘] 26.05_콘스프맛팝콘출시_ASC_전환_video,[26.06]F_V_PC콘_전환_팝콘더블특가_고객후기형_김부각BP.메시지검증.다이어트_var1.릴스_대표가빡쳐서.추가건PJ_1P_최나영_260626_제과_강경연,5598,78,61932.0,4
2026-07-19,[제과_블트하] 26.07_블트깡출시_수동_전환_image_전체타겟,3040대세감_블트깡출시 (KR1),[26.07]F_I_BT깡_전환_블트깡출시_바이럴형_KR1_.배너_3040소비상황.남편안주로샀다가.검증__김소희_260716_제과_김수정,119,5,1684.0,0
2026-07-20,(마스터ASC)[제과_콘스프맛 팝콘] 26.05_콘스프맛팝콘출시_ASC_전환_video,(마스터ASC)[콘스프맛 팝콘] 26.05_콘스프맛팝콘출시_ASC_전환_video,[26.06]F_V_PC콘_전환_팝콘더블특가_고객후기형_김부각BP.메시지검증.다이어트_var1.릴스_대표가빡쳐서.추가건PJ_1P_최나영_260626_제과_강경연,38100,628,392141.0,63
2026-07-20,[제과_블트하] 26.07_블트깡출시_수동_전환_image_전체타겟,3040대세감_블트깡출시 (KR1),[26.07]F_I_BT깡_전환_블트깡출시_바이럴형_KR1_.배너_3040소비상황.남편안주로샀다가.검증__김소희_260716_제과_김수정,152,3,2550.0,0
2026-07-21,(마스터ASC)[제과_콘스프맛 팝콘] 26.05_콘스프맛팝콘출시_ASC_전환_video,(마스터ASC)[콘스프맛 팝콘] 26.05_콘스프맛팝콘출시_ASC_전환_video,[26.06]F_V_PC콘_전환_팝콘더블특가_고객후기형_김부각BP.메시지검증.다이어트_var1.릴스_대표가빡쳐서.추가건PJ_1P_최나영_260626_제과_강경연,12388,250,150424.0,18
2026-07-21,[제과_블트하] 26.07_블트깡출시_수동_전환_image_전체타겟,3040대세감_블트깡출시 (KR1),[26.07]F_I_BT깡_전환_블트깡출시_바이럴형_KR1_.배너_3040소비상황.남편안주로샀다가.검증__김소희_260716_제과_김수정,449,13,10349.0,1
2026-07-22,(마스터ASC)[제과_블트하] 26.07_블트깡출시_ASC_전환_image,(마스터ASC)[제과_블트하] 26.07_블트깡출시_ASC_전환_image,[26.07]F_I_BT깡_전환_블트깡출시_바이럴형_KR1_.배너_창고형마트.할인안해도.확장__김소희_260716_제과_김수정,30,2,622.0,0
2026-07-22,[제과_블트하] 26.07_블트깡출시_수동_전환_image_전체타겟,주변인인정_블트칩출시 (KR2) (0728),[26.07]F_I_BT칩_전환_블트칩출시_혜택강조형_KR2_.배너_세계4대진미개당1천원대.칩깡동시소구.사분할형.지면테스트..검증__김소희_260722_제과_박서연,218,8,4132.0,1
2026-07-23,[제과_블트하] 26.07_블트깡출시_수동_전환_image_전체타겟,주변인인정_블트칩출시 (KR2) (0728),[26.07]F_I_BT칩_전환_블트칩출시_혜택강조형_KR2_.배너_세계4대진미개당1천원대.칩깡동시소구.사분할형.지면테스트..검증__김소희_260722_제과_박서연,281,8,4651.0,0
2026-07-25,(마스터ASC)[제과_콘스프맛 팝콘] 26.05_콘스프맛팝콘출시_ASC_전환_video,(마스터ASC)[콘스프맛 팝콘] 26.05_콘스프맛팝콘출시_ASC_전환_video,[26.06]F_V_PC콘_전환_팝콘더블특가_고객후기형_김부각BP.메시지검증.다이어트_var1.릴스_대표가빡쳐서.추가건PJ_1P_최나영_260626_제과_강경연,750,14,12389.0,0
2026-07-26,(마스터ASC)[제과_콘스프맛 팝콘] 26.05_콘스프맛팝콘출시_ASC_전환_video,(마스터ASC)[콘스프맛 팝콘] 26.05_콘스프맛팝콘출시_ASC_전환_video,[26.06]F_V_PC콘_전환_팝콘더블특가_고객후기형_김부각BP.메시지검증.다이어트_var1.릴스_대표가빡쳐서.추가건PJ_1P_최나영_260626_제과_강경연,840,15,15221.0,0
2026-07-02,[제과_콘스프맛 팝콘] 26.05_콘스프맛팝콘출시_수동_전환_image,오늘까지만_앵콜더블특가 (~7/1),[26.06]F_I_PC혼_전환_팝콘더블특가_매거진형_다이어트_.배너_오늘종료됩니다.요요.입터짐방지템.확장__김소희_260701_제과_문다현,11,2,581.0,0
2026-07-03,[제과_콘스프맛 팝콘] 26.05_콘스프맛팝콘출시_수동_전환_image,일상다이어트_팝콘할인페스타 (~7/8),[26.07]F_I_PC혼_전환_팝콘할인페스타_혜택강조형_다이어트_.배너_입터짐방지팝콘.선착순300명한정.확장__김소희_260702_제과_문다현,256,17,6631.0,0
2026-07-03,(마스터ASC)[제과_콘스프맛 팝콘] 26.07_콘스프맛팝콘출시_ASC_전환_image (NEW),(마스터ASC)[콘스프맛 팝콘] 26.07_콘스프맛팝콘출시_ASC_전환_image (NEW),[26.07]F_I_PC혼_전환_팝콘할인페스타_혜택강조형_다이어트_.배너_주황박스.선착순300명한정.확장__김소희_260703_제과_문다현,18,0,267.0,0
2026-07-04,(마스터ASC)[제과_콘스프맛 팝콘] 26.07_콘스프맛팝콘출시_ASC_전환_image (NEW),(마스터ASC)[콘스프맛 팝콘] 26.07_콘스프맛팝콘출시_ASC_전환_image (NEW),[26.07]F_I_PC혼_전환_팝콘할인페스타_혜택강조형_다이어트_.배너_주황박스.선착순300명한정.확장__김소희_260703_제과_문다현,143,2,3231.0,0
2026-07-05,(마스터ASC)[제과_콘스프맛 팝콘] 26.07_콘스프맛팝콘출시_ASC_전환_image (NEW),(마스터ASC)[콘스프맛 팝콘] 26.07_콘스프맛팝콘출시_ASC_전환_image (NEW),[26.07]F_I_PC혼_전환_팝콘할인페스타_혜택강조형_다이어트_.배너_주황박스.선착순300명한정.확장__김소희_260703_제과_문다현,165,5,2857.0,1
2026-07-06,(마스터ASC)[제과_콘스프맛 팝콘] 26.07_콘스프맛팝콘출시_ASC_전환_image (NEW),(마스터ASC)[콘스프맛 팝콘] 26.07_콘스프맛팝콘출시_ASC_전환_image (NEW),[26.07]F_I_PC혼_전환_팝콘할인페스타_혜택강조형_다이어트_.배너_주황박스.선착순300명한정.확장__김소희_260703_제과_문다현,45,2,1680.0,0
2026-07-07,(마스터ASC)[제과_콘스프맛 팝콘] 26.07_콘스프맛팝콘출시_ASC_전환_image (NEW),(마스터ASC)[콘스프맛 팝콘] 26.07_콘스프맛팝콘출시_ASC_전환_image (NEW),[26.07]F_I_PC혼_전환_팝콘할인페스타_혜택강조형_다이어트_.배너_주황박스.선착순300명한정.확장__김소희_260703_제과_문다현,34,1,606.0,0
2026-07-07,(마스터ASC)[제과_콘스프맛 팝콘] 26.07_콘스프맛팝콘출시_ASC_전환_image (NEW),(마스터ASC)[콘스프맛 팝콘] 26.07_콘스프맛팝콘출시_ASC_전환_image (NEW),[26.07]F_I_PC혼_전환_팝콘할인페스타_혜택강조형_다이어트_.배너_죄책감없고싶다면.도달시할인종료.실시간소진중.확장__김소희_260707_제과_문다현,141,1,1903.0,0
2026-07-08,(마스터ASC)[제과_콘스프맛 팝콘] 26.07_콘스프맛팝콘출시_ASC_전환_image (NEW),(마스터ASC)[콘스프맛 팝콘] 26.07_콘스프맛팝콘출시_ASC_전환_image (NEW),[26.07]F_I_PC혼_전환_팝콘할인페스타_혜택강조형_다이어트_.배너_주황박스.선착순300명한정.확장__김소희_260703_제과_문다현,260,5,4305.0,0
2026-07-08,(마스터ASC)[제과_콘스프맛 팝콘] 26.07_콘스프맛팝콘출시_ASC_전환_image (NEW),(마스터ASC)[콘스프맛 팝콘] 26.07_콘스프맛팝콘출시_ASC_전환_image (NEW),[26.07]F_I_PC혼_전환_팝콘할인페스타_혜택강조형_다이어트_.배너_죄책감없고싶다면.도달시할인종료.실시간소진중.확장__김소희_260707_제과_문다현,383,8,7046.0,4
2026-07-08,[제과_단백질 쉐이크] 26.06_단백질쉐이크출시_수동_전환_image,파우치개당가강조_0706,[26.07]F_I_SK혼_전환_단백질쉐이크출시_혜택강조형_파우치.개당가강조_.배너_대용량페포.어디갈때마다.확장__이유빈_260707_제과_김수정,29,1,669.0,0
2026-07-09,(마스터ASC)[제과_콘스프맛 팝콘] 26.07_콘스프맛팝콘출시_ASC_전환_image (NEW),(마스터ASC)[콘스프맛 팝콘] 26.07_콘스프맛팝콘출시_ASC_전환_image (NEW),[26.07]F_I_PC혼_전환_팝콘할인페스타_혜택강조형_다이어트_.배너_주황박스.선착순300명한정.확장__김소희_260703_제과_문다현,105,1,1377.0,0
2026-07-09,(마스터ASC)[제과_콘스프맛 팝콘] 26.07_콘스프맛팝콘출시_ASC_전환_image (NEW),(마스터ASC)[콘스프맛 팝콘] 26.07_콘스프맛팝콘출시_ASC_전환_image (NEW),[26.07]F_I_PC혼_전환_팝콘할인페스타_혜택강조형_다이어트_.배너_죄책감없고싶다면.도달시할인종료.실시간소진중.확장__김소희_260707_제과_문다현,281,5,6138.0,6
2026-07-09,[제과_단백질 쉐이크] 26.06_단백질쉐이크출시_수동_전환_image,파우치개당가강조_0706,[26.07]F_I_SK혼_전환_단백질쉐이크출시_혜택강조형_파우치.개당가강조_.배너_대용량페포.어디갈때마다.확장__이유빈_260707_제과_김수정,470,10,10987.0,0
2026-07-09,(마스터ASC)[제과_콘스프맛 팝콘] 26.07_콘스프맛팝콘출시_ASC_전환_image (NEW),(마스터ASC)[콘스프맛 팝콘] 26.07_콘스프맛팝콘출시_ASC_전환_image (NEW),[26.07]F_I_PC혼_전환_상시_매거진형_다이어트_.배너_죄책감덜기페인포인트.맛있는거포기못하면.죄책감없이.먹는행복지켜.검증__김소희_260708_제과_문다현,82,1,1958.0,2
2026-07-10,(마스터ASC)[제과_콘스프맛 팝콘] 26.07_콘스프맛팝콘출시_ASC_전환_image (NEW),(마스터ASC)[콘스프맛 팝콘] 26.07_콘스프맛팝콘출시_ASC_전환_image (NEW),[26.07]F_I_PC혼_전환_상시_매거진형_다이어트_.배너_죄책감덜기페인포인트.맛있는거포기못하면.죄책감없이.먹는행복지켜.검증__김소희_260708_제과_문다현,452,10,9517.0,2
2026-07-11,(마스터ASC)[제과_콘스프맛 팝콘] 26.07_콘스프맛팝콘출시_ASC_전환_image (NEW),(마스터ASC)[콘스프맛 팝콘] 26.07_콘스프맛팝콘출시_ASC_전환_image (NEW),[26.07]F_I_PC혼_전환_상시_매거진형_다이어트_.배너_죄책감덜기페인포인트.맛있는거포기못하면.죄책감없이.먹는행복지켜.검증__김소희_260708_제과_문다현,51,1,1068.0,0
2026-07-12,(마스터ASC)[제과_콘스프맛 팝콘] 26.07_콘스프맛팝콘출시_ASC_전환_image (NEW),(마스터ASC)[콘스프맛 팝콘] 26.07_콘스프맛팝콘출시_ASC_전환_image (NEW),[26.07]F_I_PC혼_전환_상시_매거진형_다이어트_.배너_죄책감덜기페인포인트.맛있는거포기못하면.죄책감없이.먹는행복지켜.검증__김소희_260708_제과_문다현,259,8,5454.0,1
2026-07-13,(마스터ASC)[제과_콘스프맛 팝콘] 26.07_콘스프맛팝콘출시_ASC_전환_image (NEW),(마스터ASC)[콘스프맛 팝콘] 26.07_콘스프맛팝콘출시_ASC_전환_image (NEW),[26.07]F_I_PC혼_전환_상시_매거진형_다이어트_.배너_죄책감덜기페인포인트.맛있는거포기못하면.죄책감없이.먹는행복지켜.검증__김소희_260708_제과_문다현,216,2,4089.0,1
2026-07-14,(마스터ASC)[제과_콘스프맛 팝콘] 26.07_콘스프맛팝콘출시_ASC_전환_image (NEW),(마스터ASC)[콘스프맛 팝콘] 26.07_콘스프맛팝콘출시_ASC_전환_image (NEW),[26.07]F_I_PC혼_전환_상시_매거진형_다이어트_.배너_죄책감덜기페인포인트.맛있는거포기못하면.죄책감없이.먹는행복지켜.검증__김소희_260708_제과_문다현,454,11,9400.0,1
2026-07-15,[제과_단백질 쉐이크] 26.06_단백질쉐이크출시_수동_전환_image,올영최저가비교_0714,[26.07]F_I_SK혼_전환_단백질쉐이크출시_혜택강조형_올영최저가비교_.배너_다시는없어요.네고형.확장__이유빈_260714_제과_문다현,19,0,187.0,0
2026-07-15,(마스터2) [제과_단백질 쉐이크] 26.07_단백질쉐이크출시_ASC_전환_image,(마스터2) [제과_단백질 쉐이크] 26.07_단백질쉐이크출시_ASC_전환_image,[26.07]F_I_SK혼_전환_단백질쉐이크출시_혜택강조형_올영최저가비교_.배너_지금이제일저렴합니다.네고형.팝콘.확장__이유빈_260714_제과_문다현,215,7,5602.0,0
2026-07-15,[제과_블트하] 26.07_블트깡출시_수동_전환_image_전체타겟,3040대세감_블트깡출시 (KR1),[26.07]F_I_BT깡_전환_블트깡출시_혜택강조형_혜택강조형_.배너_짝퉁나올만큼유명한..검증__김소희_260715_제과_박서연,169,4,2949.0,0
2026-07-16,[제과_단백질 쉐이크] 26.06_단백질쉐이크출시_수동_전환_image,올영최저가비교_0714,[26.07]F_I_SK혼_전환_단백질쉐이크출시_혜택강조형_올영최저가비교_.배너_다시는없어요.네고형.확장__이유빈_260714_제과_문다현,133,3,3250.0,0
2026-07-16,(마스터2) [제과_단백질 쉐이크] 26.07_단백질쉐이크출시_ASC_전환_image,(마스터2) [제과_단백질 쉐이크] 26.07_단백질쉐이크출시_ASC_전환_image,[26.07]F_I_SK혼_전환_단백질쉐이크출시_혜택강조형_올영최저가비교_.배너_지금이제일저렴합니다.네고형.팝콘.확장__이유빈_260714_제과_문다현,230,6,4845.0,0
2026-07-16,[제과_블트하] 26.07_블트깡출시_수동_전환_image_전체타겟,3040대세감_블트깡출시 (KR1),[26.07]F_I_BT깡_전환_블트깡출시_혜택강조형_혜택강조형_.배너_짝퉁나올만큼유명한..검증__김소희_260715_제과_박서연,354,8,8005.0,0
2026-07-16,(마스터2) [제과_단백질 쉐이크] 26.07_단백질쉐이크출시_ASC_전환_image,(마스터2) [제과_단백질 쉐이크] 26.07_단백질쉐이크출시_ASC_전환_image,[26.07]F_I_SK혼_전환_단백질쉐이크출시_혜택강조형_올영최저가비교_.배너_크고불편한대용량손절기회.확장__이유빈_260715_제과_문다현,426,13,8601.0,0
2026-07-17,[제과_단백질 쉐이크] 26.06_단백질쉐이크출시_수동_전환_image,올영최저가비교_0714,[26.07]F_I_SK혼_전환_단백질쉐이크출시_혜택강조형_올영최저가비교_.배너_다시는없어요.네고형.확장__이유빈_260714_제과_문다현,5,0,334.0,0
2026-07-18,[제과_단백질 쉐이크] 26.06_단백질쉐이크출시_수동_전환_image,올영최저가비교_0714,[26.07]F_I_SK혼_전환_단백질쉐이크출시_혜택강조형_올영최저가비교_.배너_다시는없어요.네고형.확장__이유빈_260714_제과_문다현,448,16,7931.0,0
2026-07-19,[제과_단백질 쉐이크] 26.06_단백질쉐이크출시_수동_전환_image,올영최저가비교_0714,[26.07]F_I_SK혼_전환_단백질쉐이크출시_혜택강조형_올영최저가비교_.배너_다시는없어요.네고형.확장__이유빈_260714_제과_문다현,772,20,15791.0,2
2026-07-24,[제과_블트하] 26.07_블트깡출시_수동_전환_video_전체타겟,(0725) 지인네고형_블트깡출시 (KR2) (재은님),[26.07]F_V_BT깡_전환_블트깡출시_네고형_지인네고형.KR2_var3.릴스_중국산2.슬기.X_1P_최나영_260724_제과_피재은,589,26,18659.0,1
2026-07-25,[제과_블트하] 26.07_블트깡출시_수동_전환_video_전체타겟,(0725) 지인네고형_블트깡출시 (KR2) (재은님),[26.07]F_V_BT깡_전환_블트깡출시_네고형_지인네고형.KR2_var3.릴스_중국산2.슬기.X_1P_최나영_260724_제과_피재은,157,8,5499.0,1
2026-07-26,[제과_블트하] 26.07_블트깡출시_수동_전환_video_전체타겟,(0725) 지인네고형_블트깡출시 (KR2) (재은님),[26.07]F_V_BT깡_전환_블트깡출시_네고형_지인네고형.KR2_var3.릴스_중국산2.슬기.X_1P_최나영_260724_제과_피재은,32,1,790.0,0
2026-07-27,[제과_블트하] 26.07_블트깡출시_수동_전환_video_전체타겟,(0725) 지인네고형_블트깡출시 (KR2) (재은님),[26.07]F_V_BT깡_전환_블트깡출시_네고형_지인네고형.KR2_var3.릴스_중국산2.슬기.X_1P_최나영_260724_제과_피재은,351,6,14192.0,0
2026-07-28,[제과_블트하] 26.07_블트깡출시_수동_전환_video_전체타겟,(0725) 지인네고형_블트깡출시 (KR2) (재은님),[26.07]F_V_BT깡_전환_블트깡출시_네고형_지인네고형.KR2_var3.릴스_중국산2.슬기.X_1P_최나영_260724_제과_피재은,296,9,11944.0,4
2026-07-28,[제과_블트하] 26.07_블트깡출시_수동_전환_image_전체타겟,주변인인정_블트칩출시 (KR2) (0728),[26.07]F_I_BT칩_전환_블트칩출시_혜택강조형_KR2_.피드_사무실맛잘알공구..확장__김소희_260728_제과_박서연,26,0,313.0,0
2026-07-01,(마스터ASC)[제과_콘스프맛 팝콘] 26.05_콘스프맛팝콘출시_ASC_전환_video,(마스터ASC)[콘스프맛 팝콘] 26.05_콘스프맛팝콘출시_ASC_전환_video,[26.06]F_V_PC콘_전환_팝콘더블특가_네고형_지인네고형.다이어트_var1.릴스_취식상황강조1.슬기.X_1P_최나영_260626_제과_문형민,194,5,4692.0,2
2026-07-01,(미사용) [제과_단백질 쉐이크] 26.06_단백질쉐이크출시_ASC_전환_image,[제과_단백질 쉐이크] 26.06_단백질쉐이크출시_ASC_전환_image,[26.06]F_I_SK곡_전환_단백질쉐이크출시_제품강조형_건강자극_.배너_말티톨.__이유빈_260626_제과_김나현,2,0,93.0,0
2026-07-02,(마스터ASC)[제과_콘스프맛 팝콘] 26.05_콘스프맛팝콘출시_ASC_전환_video,(마스터ASC)[콘스프맛 팝콘] 26.05_콘스프맛팝콘출시_ASC_전환_video,[26.06]F_V_PC콘_전환_팝콘더블특가_네고형_지인네고형.다이어트_var1.릴스_취식상황강조1.슬기.X_1P_최나영_260626_제과_문형민,30,0,495.0,0
2026-07-03,(마스터ASC)[제과_콘스프맛 팝콘] 26.05_콘스프맛팝콘출시_ASC_전환_video,(마스터ASC)[콘스프맛 팝콘] 26.05_콘스프맛팝콘출시_ASC_전환_video,[26.06]F_V_PC콘_전환_팝콘더블특가_네고형_지인네고형.다이어트_var1.릴스_취식상황강조1.슬기.X_1P_최나영_260626_제과_문형민,1,0,18.0,0
2026-07-04,(미사용) [제과_단백질 쉐이크] 26.06_단백질쉐이크출시_ASC_전환_image,[제과_단백질 쉐이크] 26.06_단백질쉐이크출시_ASC_전환_image,[26.06]F_I_SK곡_전환_단백질쉐이크출시_제품강조형_건강자극_.배너_말티톨.__이유빈_260626_제과_김나현,3,0,33.0,0
2026-07-04,[제과_콘스프맛 팝콘] 26.05_콘스프맛팝콘출시_수동_전환_video,지인네고형(러닝)_팝콘할인페스타_콘스프맛 (~7/8),[26.07]F_V_PC콘_전환_팝콘할인페스타_네고형_지인네고형.다이어트_var2.릴스_운동상황강조ver2.슬기.X_1P_김소희_260703_제과_문형민,393,7,9647.0,0
2026-07-05,(마스터ASC)[제과_콘스프맛 팝콘] 26.05_콘스프맛팝콘출시_ASC_전환_video,(마스터ASC)[콘스프맛 팝콘] 26.05_콘스프맛팝콘출시_ASC_전환_video,[26.06]F_V_PC콘_전환_팝콘더블특가_네고형_지인네고형.다이어트_var1.릴스_취식상황강조1.슬기.X_1P_최나영_260626_제과_문형민,3,0,44.0,0
2026-07-05,[제과_콘스프맛 팝콘] 26.05_콘스프맛팝콘출시_수동_전환_video,지인네고형(러닝)_팝콘할인페스타_콘스프맛 (~7/8),[26.07]F_V_PC콘_전환_팝콘할인페스타_네고형_지인네고형.다이어트_var2.릴스_운동상황강조ver2.슬기.X_1P_김소희_260703_제과_문형민,1972,31,37776.0,4
2026-07-06,(마스터ASC)[제과_콘스프맛 팝콘] 26.05_콘스프맛팝콘출시_ASC_전환_video,(마스터ASC)[콘스프맛 팝콘] 26.05_콘스프맛팝콘출시_ASC_전환_video,[26.06]F_V_PC콘_전환_팝콘더블특가_네고형_지인네고형.다이어트_var1.릴스_취식상황강조1.슬기.X_1P_최나영_260626_제과_문형민,279,2,4990.0,0
2026-07-06,(미사용) [제과_단백질 쉐이크] 26.06_단백질쉐이크출시_ASC_전환_image,[제과_단백질 쉐이크] 26.06_단백질쉐이크출시_ASC_전환_image,[26.06]F_I_SK곡_전환_단백질쉐이크출시_제품강조형_건강자극_.배너_말티톨.__이유빈_260626_제과_김나현,2,0,26.0,0
2026-07-06,[제과_콘스프맛 팝콘] 26.05_콘스프맛팝콘출시_수동_전환_video,지인네고형(러닝)_팝콘할인페스타_콘스프맛 (~7/8),[26.07]F_V_PC콘_전환_팝콘할인페스타_네고형_지인네고형.다이어트_var2.릴스_운동상황강조ver2.슬기.X_1P_김소희_260703_제과_문형민,872,14,16448.0,2
2026-07-07,(마스터ASC)[제과_콘스프맛 팝콘] 26.05_콘스프맛팝콘출시_ASC_전환_video,(마스터ASC)[콘스프맛 팝콘] 26.05_콘스프맛팝콘출시_ASC_전환_video,[26.06]F_V_PC콘_전환_팝콘더블특가_네고형_지인네고형.다이어트_var1.릴스_취식상황강조1.슬기.X_1P_최나영_260626_제과_문형민,67,2,1578.0,0
2026-07-07,(미사용) [제과_단백질 쉐이크] 26.06_단백질쉐이크출시_ASC_전환_image,[제과_단백질 쉐이크] 26.06_단백질쉐이크출시_ASC_전환_image,[26.06]F_I_SK곡_전환_단백질쉐이크출시_제품강조형_건강자극_.배너_말티톨.__이유빈_260626_제과_김나현,1,0,18.0,0
2026-07-07,[제과_콘스프맛 팝콘] 26.05_콘스프맛팝콘출시_수동_전환_video,지인네고형(러닝)_팝콘할인페스타_콘스프맛 (~7/8),[26.07]F_V_PC콘_전환_팝콘할인페스타_네고형_지인네고형.다이어트_var2.릴스_운동상황강조ver2.슬기.X_1P_김소희_260703_제과_문형민,19675,295,313616.0,41
2026-07-07,(마스터2) [제과_단백질 쉐이크] 26.07_단백질쉐이크출시_ASC_전환_image,(마스터2) [제과_단백질 쉐이크] 26.07_단백질쉐이크출시_ASC_전환_image,[26.07]F_I_SK초_전환_단백질쉐이크출시_혜택강조형_파우치.개당가강조_.배너_특정시점.대형할인급.올영원쁠원이긴.확장__이유빈_260707_제과_김수정,12,3,312.0,0
2026-07-08,(마스터ASC)[제과_콘스프맛 팝콘] 26.05_콘스프맛팝콘출시_ASC_전환_video,(마스터ASC)[콘스프맛 팝콘] 26.05_콘스프맛팝콘출시_ASC_전환_video,[26.06]F_V_PC콘_전환_팝콘더블특가_네고형_지인네고형.다이어트_var1.릴스_취식상황강조1.슬기.X_1P_최나영_260626_제과_문형민,2,0,21.0,0
2026-07-08,(미사용) [제과_단백질 쉐이크] 26.06_단백질쉐이크출시_ASC_전환_image,[제과_단백질 쉐이크] 26.06_단백질쉐이크출시_ASC_전환_image,[26.06]F_I_SK곡_전환_단백질쉐이크출시_제품강조형_건강자극_.배너_말티톨.__이유빈_260626_제과_김나현,7,0,213.0,0
2026-07-08,[제과_콘스프맛 팝콘] 26.05_콘스프맛팝콘출시_수동_전환_video,지인네고형(러닝)_팝콘할인페스타_콘스프맛 (~7/8),[26.07]F_V_PC콘_전환_팝콘할인페스타_네고형_지인네고형.다이어트_var2.릴스_운동상황강조ver2.슬기.X_1P_김소희_260703_제과_문형민,18292,259,267535.0,44
2026-07-08,(마스터2) [제과_단백질 쉐이크] 26.07_단백질쉐이크출시_ASC_전환_image,(마스터2) [제과_단백질 쉐이크] 26.07_단백질쉐이크출시_ASC_전환_image,[26.07]F_I_SK초_전환_단백질쉐이크출시_혜택강조형_파우치.개당가강조_.배너_특정시점.대형할인급.올영원쁠원이긴.확장__이유빈_260707_제과_김수정,11,2,332.0,0
2026-07-09,(마스터ASC)[제과_콘스프맛 팝콘] 26.05_콘스프맛팝콘출시_ASC_전환_video,(마스터ASC)[콘스프맛 팝콘] 26.05_콘스프맛팝콘출시_ASC_전환_video,[26.06]F_V_PC콘_전환_팝콘더블특가_네고형_지인네고형.다이어트_var1.릴스_취식상황강조1.슬기.X_1P_최나영_260626_제과_문형민,2,0,32.0,0
2026-07-09,(미사용) [제과_단백질 쉐이크] 26.06_단백질쉐이크출시_ASC_전환_image,[제과_단백질 쉐이크] 26.06_단백질쉐이크출시_ASC_전환_image,[26.06]F_I_SK곡_전환_단백질쉐이크출시_제품강조형_건강자극_.배너_말티톨.__이유빈_260626_제과_김나현,7,0,247.0,0
2026-07-09,[제과_콘스프맛 팝콘] 26.05_콘스프맛팝콘출시_수동_전환_video,지인네고형(러닝)_팝콘할인페스타_콘스프맛 (~7/8),[26.07]F_V_PC콘_전환_팝콘할인페스타_네고형_지인네고형.다이어트_var2.릴스_운동상황강조ver2.슬기.X_1P_김소희_260703_제과_문형민,4018,70,49787.0,8
2026-07-09,(마스터2) [제과_단백질 쉐이크] 26.07_단백질쉐이크출시_ASC_전환_image,(마스터2) [제과_단백질 쉐이크] 26.07_단백질쉐이크출시_ASC_전환_image,[26.07]F_I_SK초_전환_단백질쉐이크출시_혜택강조형_파우치.개당가강조_.배너_특정시점.대형할인급.올영원쁠원이긴.확장__이유빈_260707_제과_김수정,72,2,1585.0,0
2026-07-09,(마스터2) [제과_단백질 쉐이크] 26.07_단백질쉐이크출시_ASC_전환_image,(마스터2) [제과_단백질 쉐이크] 26.07_단백질쉐이크출시_ASC_전환_image,[26.07]F_I_SK혼_전환_단백질쉐이크출시_매거진형_파우치.개당가강조_.배너_맛없페인포인트.맛없는단쉐로다이어트못합니다.검증__이유빈_260709_제과_문다현,11,1,269.0,0
2026-07-10,(마스터ASC)[제과_콘스프맛 팝콘] 26.05_콘스프맛팝콘출시_ASC_전환_video,(마스터ASC)[콘스프맛 팝콘] 26.05_콘스프맛팝콘출시_ASC_전환_video,[26.06]F_V_PC콘_전환_팝콘더블특가_네고형_지인네고형.다이어트_var1.릴스_취식상황강조1.슬기.X_1P_최나영_260626_제과_문형민,31,1,735.0,0
2026-07-10,[제과_콘스프맛 팝콘] 26.05_콘스프맛팝콘출시_수동_전환_video,지인네고형(러닝)_팝콘할인페스타_콘스프맛 (~7/8),[26.07]F_V_PC콘_전환_팝콘할인페스타_네고형_지인네고형.다이어트_var2.릴스_운동상황강조ver2.슬기.X_1P_김소희_260703_제과_문형민,1227,20,13323.0,2
2026-07-10,(마스터2) [제과_단백질 쉐이크] 26.07_단백질쉐이크출시_ASC_전환_image,(마스터2) [제과_단백질 쉐이크] 26.07_단백질쉐이크출시_ASC_전환_image,[26.07]F_I_SK초_전환_단백질쉐이크출시_혜택강조형_파우치.개당가강조_.배너_특정시점.대형할인급.올영원쁠원이긴.확장__이유빈_260707_제과_김수정,35,3,768.0,0
2026-07-10,(마스터2) [제과_단백질 쉐이크] 26.07_단백질쉐이크출시_ASC_전환_image,(마스터2) [제과_단백질 쉐이크] 26.07_단백질쉐이크출시_ASC_전환_image,[26.07]F_I_SK혼_전환_단백질쉐이크출시_매거진형_파우치.개당가강조_.배너_맛없페인포인트.맛없는단쉐로다이어트못합니다.검증__이유빈_260709_제과_문다현,421,12,8678.0,0
2026-07-10,[제과_단쉐_990] 26.07_깜짝990딜_ASC_전환_image,[제과_단쉐_990] 26.07_깜짝990딜_ASC_전환_image,[26.07]F_I_SK혼_전환_단쉐990원_혜택강조형__.배너_몇개를더담든개당가.다이소보다싸요.핑크.확장__이유빈_260710_제과_문다현,83,3,2294.0,0
2026-07-10,[제과_단쉐_990] 26.07_깜짝990딜_ASC_전환_video,[제과_단쉐_990] 26.07_깜짝990딜_ASC_전환_video,[26.07]F_V_SK혼_전환_단쉐990원_원데이건_캡컷_var2.릴스_대용량비교.X_2P_이유빈_260710_제과_이미진,521,28,6215.0,2
2026-07-11,[제과_콘스프맛 팝콘] 26.05_콘스프맛팝콘출시_수동_전환_video,지인네고형(러닝)_팝콘할인페스타_콘스프맛 (~7/8),[26.07]F_V_PC콘_전환_팝콘할인페스타_네고형_지인네고형.다이어트_var2.릴스_운동상황강조ver2.슬기.X_1P_김소희_260703_제과_문형민,3595,52,39450.0,3
2026-07-11,[제과_단쉐_990] 26.07_깜짝990딜_ASC_전환_image,[제과_단쉐_990] 26.07_깜짝990딜_ASC_전환_image,[26.07]F_I_SK혼_전환_단쉐990원_혜택강조형__.배너_몇개를더담든개당가.다이소보다싸요.핑크.확장__이유빈_260710_제과_문다현,239,15,5912.0,0
2026-07-11,[제과_단쉐_990] 26.07_깜짝990딜_ASC_전환_video,[제과_단쉐_990] 26.07_깜짝990딜_ASC_전환_video,[26.07]F_V_SK혼_전환_단쉐990원_원데이건_캡컷_var2.릴스_대용량비교.X_2P_이유빈_260710_제과_이미진,12979,621,127450.0,15
2026-07-12,[제과_콘스프맛 팝콘] 26.05_콘스프맛팝콘출시_수동_전환_video,지인네고형(러닝)_팝콘할인페스타_콘스프맛 (~7/8),[26.07]F_V_PC콘_전환_팝콘할인페스타_네고형_지인네고형.다이어트_var2.릴스_운동상황강조ver2.슬기.X_1P_김소희_260703_제과_문형민,2089,20,20381.0,2
2026-07-12,[제과_단쉐_990] 26.07_깜짝990딜_ASC_전환_image,[제과_단쉐_990] 26.07_깜짝990딜_ASC_전환_image,[26.07]F_I_SK혼_전환_단쉐990원_혜택강조형__.배너_몇개를더담든개당가.다이소보다싸요.핑크.확장__이유빈_260710_제과_문다현,820,32,21696.0,5
2026-07-12,[제과_단쉐_990] 26.07_깜짝990딜_ASC_전환_video,[제과_단쉐_990] 26.07_깜짝990딜_ASC_전환_video,[26.07]F_V_SK혼_전환_단쉐990원_원데이건_캡컷_var2.릴스_대용량비교.X_2P_이유빈_260710_제과_이미진,1485,74,12508.0,1
2026-07-13,(마스터ASC)[제과_콘스프맛 팝콘] 26.05_콘스프맛팝콘출시_ASC_전환_video,(마스터ASC)[콘스프맛 팝콘] 26.05_콘스프맛팝콘출시_ASC_전환_video,[26.06]F_V_PC콘_전환_팝콘더블특가_네고형_지인네고형.다이어트_var1.릴스_취식상황강조1.슬기.X_1P_최나영_260626_제과_문형민,23,0,440.0,0
2026-07-13,[제과_콘스프맛 팝콘] 26.05_콘스프맛팝콘출시_수동_전환_video,지인네고형(러닝)_팝콘할인페스타_콘스프맛 (~7/8),[26.07]F_V_PC콘_전환_팝콘할인페스타_네고형_지인네고형.다이어트_var2.릴스_운동상황강조ver2.슬기.X_1P_김소희_260703_제과_문형민,1115,10,10317.0,1
2026-07-13,(마스터2) [제과_단백질 쉐이크] 26.07_단백질쉐이크출시_ASC_전환_image,(마스터2) [제과_단백질 쉐이크] 26.07_단백질쉐이크출시_ASC_전환_image,[26.07]F_I_SK초_전환_단백질쉐이크출시_혜택강조형_파우치.개당가강조_.배너_특정시점.대형할인급.올영원쁠원이긴.확장__이유빈_260707_제과_김수정,135,3,3018.0,0
2026-07-13,[제과_단쉐_990] 26.07_깜짝990딜_ASC_전환_image,[제과_단쉐_990] 26.07_깜짝990딜_ASC_전환_image,[26.07]F_I_SK혼_전환_단쉐990원_혜택강조형__.배너_몇개를더담든개당가.다이소보다싸요.핑크.확장__이유빈_260710_제과_문다현,785,22,19293.0,3
2026-07-13,[제과_단쉐_990] 26.07_깜짝990딜_ASC_전환_video,[제과_단쉐_990] 26.07_깜짝990딜_ASC_전환_video,[26.07]F_V_SK혼_전환_단쉐990원_원데이건_캡컷_var2.릴스_대용량비교.X_2P_이유빈_260710_제과_이미진,8284,341,90957.0,9
2026-07-14,(마스터ASC)[제과_콘스프맛 팝콘] 26.05_콘스프맛팝콘출시_ASC_전환_video,(마스터ASC)[콘스프맛 팝콘] 26.05_콘스프맛팝콘출시_ASC_전환_video,[26.06]F_V_PC콘_전환_팝콘더블특가_네고형_지인네고형.다이어트_var1.릴스_취식상황강조1.슬기.X_1P_최나영_260626_제과_문형민,2,0,38.0,0
2026-07-14,[제과_콘스프맛 팝콘] 26.05_콘스프맛팝콘출시_수동_전환_video,지인네고형(러닝)_팝콘할인페스타_콘스프맛 (~7/8),[26.07]F_V_PC콘_전환_팝콘할인페스타_네고형_지인네고형.다이어트_var2.릴스_운동상황강조ver2.슬기.X_1P_김소희_260703_제과_문형민,1167,24,14051.0,1
2026-07-14,(마스터2) [제과_단백질 쉐이크] 26.07_단백질쉐이크출시_ASC_전환_image,(마스터2) [제과_단백질 쉐이크] 26.07_단백질쉐이크출시_ASC_전환_image,[26.07]F_I_SK초_전환_단백질쉐이크출시_혜택강조형_파우치.개당가강조_.배너_특정시점.대형할인급.올영원쁠원이긴.확장__이유빈_260707_제과_김수정,80,4,2737.0,0
2026-07-15,(마스터2) [제과_단백질 쉐이크] 26.07_단백질쉐이크출시_ASC_전환_image,(마스터2) [제과_단백질 쉐이크] 26.07_단백질쉐이크출시_ASC_전환_image,[26.07]F_I_SK초_전환_단백질쉐이크출시_혜택강조형_파우치.개당가강조_.배너_특정시점.대형할인급.올영원쁠원이긴.확장__이유빈_260707_제과_김수정,50,3,1120.0,0
2026-07-15,[제과_단백질 쉐이크] 26.06_단백질쉐이크출시_수동_전환_image,올영최저가비교_0714,[26.07]F_I_SK혼_전환_단백질쉐이크출시_혜택강조형_올영최저가비교_.배너_지금이제일저렴합니다.네고형.팝콘.확장__이유빈_260714_제과_문다현,116,3,2794.0,0
2026-07-15,(마스터ASC)[제과_블트하] 26.07_블트깡출시_ASC_전환_video,(마스터ASC)[제과_블트하] 26.07_블트깡출시_ASC_전환_video,[26.07]F_V_BT깡_전환_블트깡출시_신규BP_브릭샌드BP.KR1_var3.릴스_트위터.X_2P_김소희_260715_제과_윤성미,186,8,3739.0,2
2026-07-15,[제과_블트하] 26.07_블트깡출시_수동_전환_video_전체타겟,BP이식형2_블트깡출시 (KR1/2),[26.07]F_V_BT깡_전환_블트깡출시_쩜오건_대세감실체.KR1_var2.릴스_여배우유튜브.X_1P_김소희_260715_제과_문형민,16,3,545.0,1
2026-07-16,(마스터ASC)[제과_콘스프맛 팝콘] 26.05_콘스프맛팝콘출시_ASC_전환_video,(마스터ASC)[콘스프맛 팝콘] 26.05_콘스프맛팝콘출시_ASC_전환_video,[26.06]F_V_PC콘_전환_팝콘더블특가_네고형_지인네고형.다이어트_var1.릴스_취식상황강조1.슬기.X_1P_최나영_260626_제과_문형민,390,5,7139.0,0
2026-07-16,(마스터2) [제과_단백질 쉐이크] 26.07_단백질쉐이크출시_ASC_전환_image,(마스터2) [제과_단백질 쉐이크] 26.07_단백질쉐이크출시_ASC_전환_image,[26.07]F_I_SK초_전환_단백질쉐이크출시_혜택강조형_파우치.개당가강조_.배너_특정시점.대형할인급.올영원쁠원이긴.확장__이유빈_260707_제과_김수정,41,0,653.0,0
2026-07-16,[제과_단백질 쉐이크] 26.06_단백질쉐이크출시_수동_전환_image,올영최저가비교_0714,[26.07]F_I_SK혼_전환_단백질쉐이크출시_혜택강조형_올영최저가비교_.배너_지금이제일저렴합니다.네고형.팝콘.확장__이유빈_260714_제과_문다현,2116,38,34555.0,2
2026-07-16,(마스터ASC)[제과_블트하] 26.07_블트깡출시_ASC_전환_video,(마스터ASC)[제과_블트하] 26.07_블트깡출시_ASC_전환_video,[26.07]F_V_BT깡_전환_블트깡출시_신규BP_브릭샌드BP.KR1_var3.릴스_트위터.X_2P_김소희_260715_제과_윤성미,280,7,6070.0,0
2026-07-16,[제과_블트하] 26.07_블트깡출시_수동_전환_video_전체타겟,BP이식형2_블트깡출시 (KR1/2),[26.07]F_V_BT깡_전환_블트깡출시_쩜오건_대세감실체.KR1_var2.릴스_여배우유튜브.X_1P_김소희_260715_제과_문형민,13,0,252.0,0
2026-07-17,(마스터ASC)[제과_콘스프맛 팝콘] 26.05_콘스프맛팝콘출시_ASC_전환_video,(마스터ASC)[콘스프맛 팝콘] 26.05_콘스프맛팝콘출시_ASC_전환_video,[26.06]F_V_PC콘_전환_팝콘더블특가_네고형_지인네고형.다이어트_var1.릴스_취식상황강조1.슬기.X_1P_최나영_260626_제과_문형민,29,0,968.0,0
2026-07-17,[제과_블트하] 26.07_블트깡출시_수동_전환_video_전체타겟,BP이식형2_블트깡출시 (KR1/2),[26.07]F_V_BT깡_전환_블트깡출시_쩜오건_대세감실체.KR1_var2.릴스_여배우유튜브.X_1P_김소희_260715_제과_문형민,2,0,17.0,0
2026-07-18,(마스터ASC)[제과_콘스프맛 팝콘] 26.05_콘스프맛팝콘출시_ASC_전환_video,(마스터ASC)[콘스프맛 팝콘] 26.05_콘스프맛팝콘출시_ASC_전환_video,[26.06]F_V_PC콘_전환_팝콘더블특가_네고형_지인네고형.다이어트_var1.릴스_취식상황강조1.슬기.X_1P_최나영_260626_제과_문형민,42,1,720.0,0
2026-07-19,(마스터ASC)[제과_콘스프맛 팝콘] 26.05_콘스프맛팝콘출시_ASC_전환_video,(마스터ASC)[콘스프맛 팝콘] 26.05_콘스프맛팝콘출시_ASC_전환_video,[26.06]F_V_PC콘_전환_팝콘더블특가_네고형_지인네고형.다이어트_var1.릴스_취식상황강조1.슬기.X_1P_최나영_260626_제과_문형민,6,0,28.0,0
2026-07-19,[제과_블트하] 26.07_블트깡출시_수동_전환_video_전체타겟,BP이식형2_블트깡출시 (KR1/2),[26.07]F_V_BT깡_전환_블트깡출시_쩜오건_대세감실체.KR1_var2.릴스_여배우유튜브.X_1P_김소희_260715_제과_문형민,10,2,339.0,0
2026-07-20,(마스터ASC)[제과_콘스프맛 팝콘] 26.05_콘스프맛팝콘출시_ASC_전환_video,(마스터ASC)[콘스프맛 팝콘] 26.05_콘스프맛팝콘출시_ASC_전환_video,[26.06]F_V_PC콘_전환_팝콘더블특가_네고형_지인네고형.다이어트_var1.릴스_취식상황강조1.슬기.X_1P_최나영_260626_제과_문형민,408,4,8036.0,0
2026-07-20,[제과_블트하] 26.07_블트깡출시_수동_전환_video_전체타겟,BP이식형2_블트깡출시 (KR1/2),[26.07]F_V_BT깡_전환_블트깡출시_쩜오건_대세감실체.KR1_var2.릴스_여배우유튜브.X_1P_김소희_260715_제과_문형민,37,2,1221.0,1
2026-07-21,[제과_단백질 쉐이크] 26.06_단백질쉐이크출시_수동_전환_image,올영최저가비교_0714,[26.07]F_I_SK혼_전환_단백질쉐이크출시_혜택강조형_올영최저가비교_.배너_지금이제일저렴합니다.네고형.팝콘.확장__이유빈_260714_제과_문다현,113,5,1381.0,0
2026-07-21,[제과_블트하] 26.07_블트깡출시_수동_전환_video_전체타겟,BP이식형2_블트깡출시 (KR1/2),[26.07]F_V_BT깡_전환_블트깡출시_쩜오건_대세감실체.KR1_var2.릴스_여배우유튜브.X_1P_김소희_260715_제과_문형민,11,0,202.0,0
2026-07-22,[제과_블트하] 26.07_블트깡출시_수동_전환_video_전체타겟,BP이식형2_블트깡출시 (KR1/2),[26.07]F_V_BT깡_전환_블트깡출시_쩜오건_대세감실체.KR1_var2.릴스_여배우유튜브.X_1P_김소희_260715_제과_문형민,28,3,958.0,0
2026-07-22,[제과_블트하] 26.07_블트깡출시_수동_전환_image_전체타겟,주변인인정_블트칩출시 (KR2) (0728),[26.07]F_I_BT칩_전환_블트칩출시_혜택강조형_KR2_.배너_에르X스급개당1천원대.이미지강조.지면테스트..검증__김소희_260722_제과_박서연,70,1,1282.0,0
2026-07-23,[제과_블트하] 26.07_블트깡출시_수동_전환_video_전체타겟,BP이식형2_블트깡출시 (KR1/2),[26.07]F_V_BT깡_전환_블트깡출시_쩜오건_대세감실체.KR1_var2.릴스_여배우유튜브.X_1P_김소희_260715_제과_문형민,16,0,316.0,0
2026-07-23,[제과_블트하] 26.07_블트깡출시_수동_전환_image_전체타겟,주변인인정_블트칩출시 (KR2) (0728),[26.07]F_I_BT칩_전환_블트칩출시_혜택강조형_KR2_.배너_에르X스급개당1천원대.이미지강조.지면테스트..검증__김소희_260722_제과_박서연,564,22,12083.0,2
2026-07-24,[제과_블트하] 26.07_블트깡출시_수동_전환_image_전체타겟,(칩) 상황연출_호기심유발_블트칩출시(릴스형) (KR2),[26.07]F_I_BT칩_전환_블트칩출시_혜택강조형_KR2_.릴스_상황연출.영상형.육퇴.확장__김소희_260724_제과_김수정,441,16,10857.0,0
2026-07-25,[제과_블트하] 26.07_블트깡출시_수동_전환_video_전체타겟,BP이식형2_블트깡출시 (KR1/2),[26.07]F_V_BT깡_전환_블트깡출시_쩜오건_대세감실체.KR1_var2.릴스_여배우유튜브.X_1P_김소희_260715_제과_문형민,9,0,218.0,0
2026-07-25,[제과_블트하] 26.07_블트깡출시_수동_전환_image_전체타겟,(칩) 상황연출_호기심유발_블트칩출시(릴스형) (KR2),[26.07]F_I_BT칩_전환_블트칩출시_혜택강조형_KR2_.릴스_상황연출.영상형.육퇴.확장__김소희_260724_제과_김수정,1108,45,38051.0,1
2026-07-26,[제과_블트하] 26.07_블트깡출시_수동_전환_image_전체타겟,(칩) 상황연출_호기심유발_블트칩출시(릴스형) (KR2),[26.07]F_I_BT칩_전환_블트칩출시_혜택강조형_KR2_.릴스_상황연출.영상형.육퇴.확장__김소희_260724_제과_김수정,2360,74,93647.0,5
2026-07-27,[제과_블트하] 26.07_블트깡출시_수동_전환_image_전체타겟,(칩) 상황연출_호기심유발_블트칩출시(릴스형) (KR2),[26.07]F_I_BT칩_전환_블트칩출시_혜택강조형_KR2_.릴스_상황연출.영상형.육퇴.확장__김소희_260724_제과_김수정,2575,95,103161.0,7
2026-07-28,[제과_블트하] 26.07_블트깡출시_수동_전환_image_전체타겟,(칩) 상황연출_호기심유발_블트칩출시(릴스형) (KR2),[26.07]F_I_BT칩_전환_블트칩출시_혜택강조형_KR2_.릴스_상황연출.영상형.육퇴.확장__김소희_260724_제과_김수정,2997,84,145245.0,8
2026-07-04,[제과_단백질 쉐이크] 26.06_단백질쉐이크출시_수동_전환_video,지인네고형_0702,[26.07]F_V_SK혼_전환_단백질쉐이크출시_네고형_지인네고형_var6.릴스_토핑강조.X_2P_이유빈_260703_제과_이봄1,100,0,1548.0,0
2026-07-04,[제과_단백질 쉐이크] 26.06_단백질쉐이크출시_ASC_전환_video,[제과_단백질 쉐이크] 26.06_단백질쉐이크출시_ASC_전환_video,[26.07]F_V_SK곡_전환_단백질쉐이크출시_네고형_전화네고형_var4.릴스_토핑.가격.X_2P_이유빈_260703_제과_윤성미,201,11,4648.0,0
2026-07-05,[제과_단백질 쉐이크] 26.06_단백질쉐이크출시_수동_전환_video,지인네고형_0702,[26.07]F_V_SK혼_전환_단백질쉐이크출시_네고형_지인네고형_var6.릴스_토핑강조.X_2P_이유빈_260703_제과_이봄1,2,0,39.0,0
2026-07-05,[제과_단백질 쉐이크] 26.06_단백질쉐이크출시_ASC_전환_video,[제과_단백질 쉐이크] 26.06_단백질쉐이크출시_ASC_전환_video,[26.07]F_V_SK곡_전환_단백질쉐이크출시_네고형_전화네고형_var4.릴스_토핑.가격.X_2P_이유빈_260703_제과_윤성미,219,6,3822.0,2
2026-07-06,[제과_단백질 쉐이크] 26.06_단백질쉐이크출시_수동_전환_video,지인네고형_0702,[26.07]F_V_SK혼_전환_단백질쉐이크출시_네고형_지인네고형_var6.릴스_토핑강조.X_2P_이유빈_260703_제과_이봄1,3,0,63.0,0
2026-07-07,[제과_단백질 쉐이크] 26.06_단백질쉐이크출시_ASC_전환_video,[제과_단백질 쉐이크] 26.06_단백질쉐이크출시_ASC_전환_video,[26.07]F_V_SK곡_전환_단백질쉐이크출시_네고형_전화네고형_var4.릴스_토핑.가격.X_2P_이유빈_260703_제과_윤성미,201,7,5265.0,0
2026-07-07,(마스터ASC)[제과_콘스프맛 팝콘] 26.07_콘스프맛팝콘출시_ASC_전환_image (NEW),(마스터ASC)[콘스프맛 팝콘] 26.07_콘스프맛팝콘출시_ASC_전환_image (NEW),[26.07]F_I_PC혼_전환_팝콘할인페스타_혜택강조형_다이어트_.배너_선착순추가할인.마감임박안내.요요안온다고소문.안내정보.확장__김소희_260706_제과_문다현,1424,16,18860.0,3
2026-07-07,[제과_단백질 쉐이크] 26.06_단백질쉐이크출시_수동_전환_video,고객검증형(재)_0629,[26.07]F_V_SK혼_전환_단백질쉐이크출시_신규BP_고객검증형.개당가메리트_var1.릴스_기대감.혜택변경.(재)_2P_이유빈_260707_제과_윤성미,2451,54,46636.0,3
2026-07-08,[제과_단백질 쉐이크] 26.06_단백질쉐이크출시_ASC_전환_video,[제과_단백질 쉐이크] 26.06_단백질쉐이크출시_ASC_전환_video,[26.07]F_V_SK곡_전환_단백질쉐이크출시_네고형_전화네고형_var4.릴스_토핑.가격.X_2P_이유빈_260703_제과_윤성미,317,14,7679.0,0
2026-07-08,[제과_단백질 쉐이크] 26.06_단백질쉐이크출시_수동_전환_video,고객검증형(재)_0629,[26.07]F_V_SK혼_전환_단백질쉐이크출시_신규BP_고객검증형.개당가메리트_var1.릴스_기대감.혜택변경.(재)_2P_이유빈_260707_제과_윤성미,1758,50,29324.0,3
2026-07-08,[제과_단백질 쉐이크] 26.06_단백질쉐이크출시_수동_전환_image,가격메리트(개당1천원대),[26.07]F_I_SK곡_전환_단백질쉐이크출시_매거진형_라라스윗권위_.배너_저당.개당1천원대확대.확장__이유빈_260708_제과_김수정,190,5,5813.0,1
2026-07-09,[제과_단백질 쉐이크] 26.06_단백질쉐이크출시_수동_전환_image,가격메리트(개당1천원대),[26.07]F_I_SK곡_전환_단백질쉐이크출시_매거진형_라라스윗권위_.배너_저당.개당1천원대확대.확장__이유빈_260708_제과_김수정,428,14,10927.0,0
2026-07-10,[제과_단쉐_990] 26.07_깜짝990딜_수동_전환_video,쩜오건_0710,[26.07]F_V_SK혼_전환_단쉐990원_원데이건_캡컷_var2.릴스_대용량비교.X_2P_이유빈_260710_제과_이미진,2796,203,33865.0,3
2026-07-11,[제과_단쉐_990] 26.07_깜짝990딜_수동_전환_video,쩜오건_0710,[26.07]F_V_SK혼_전환_단쉐990원_원데이건_캡컷_var2.릴스_대용량비교.X_2P_이유빈_260710_제과_이미진,828,44,8411.0,0
2026-07-15,[제과_블트하] 26.07_블트깡출시_수동_전환_video_전체타겟,BP이식형_블트깡출시 (KR1),[26.07]F_V_BT깡_전환_블트깡출시_쩜오건_내돈내산리뷰.KR1_var2.릴스_SNS.X_1P_김소희_260715_제과_문형민,70,0,616.0,0
2026-07-15,(마스터ASC)[제과_블트하] 26.07_블트깡출시_ASC_전환_video,(마스터ASC)[제과_블트하] 26.07_블트깡출시_ASC_전환_video,[26.07]F_V_BT깡_전환_블트깡출시_쩜오건_리액션과장.KR1_var1.릴스_트러플하몽.맛후킹.X_1P_김소희_260715_제과_문형민,251,5,3362.0,0
2026-07-15,[제과_블트하] 26.07_블트깡출시_수동_전환_image_전체타겟,맘카페페르소나_블트깡출시 (KR1),[26.07]F_I_BT깡_전환_블트깡출시_매거진형_KR1_.배너_판매량.한봉지사겠다고.검증__김소희_260715_제과_김수정,513,9,6217.0,0
2026-07-16,[제과_블트하] 26.07_블트깡출시_수동_전환_video_전체타겟,BP이식형_블트깡출시 (KR1),[26.07]F_V_BT깡_전환_블트깡출시_쩜오건_내돈내산리뷰.KR1_var2.릴스_SNS.X_1P_김소희_260715_제과_문형민,39,1,420.0,0
2026-07-16,(마스터ASC)[제과_블트하] 26.07_블트깡출시_ASC_전환_video,(마스터ASC)[제과_블트하] 26.07_블트깡출시_ASC_전환_video,[26.07]F_V_BT깡_전환_블트깡출시_쩜오건_리액션과장.KR1_var1.릴스_트러플하몽.맛후킹.X_1P_김소희_260715_제과_문형민,631,13,7077.0,2
2026-07-16,[제과_블트하] 26.07_블트깡출시_수동_전환_image_전체타겟,맘카페페르소나_블트깡출시 (KR1),[26.07]F_I_BT깡_전환_블트깡출시_매거진형_KR1_.배너_판매량.한봉지사겠다고.검증__김소희_260715_제과_김수정,843,13,14572.0,2
2026-07-17,[제과_블트하] 26.07_블트깡출시_수동_전환_video_전체타겟,BP이식형_블트깡출시 (KR1),[26.07]F_V_BT깡_전환_블트깡출시_쩜오건_내돈내산리뷰.KR1_var2.릴스_SNS.X_1P_김소희_260715_제과_문형민,63,0,925.0,0
2026-07-17,(마스터ASC)[제과_블트하] 26.07_블트깡출시_ASC_전환_video,(마스터ASC)[제과_블트하] 26.07_블트깡출시_ASC_전환_video,[26.07]F_V_BT깡_전환_블트깡출시_쩜오건_리액션과장.KR1_var1.릴스_트러플하몽.맛후킹.X_1P_김소희_260715_제과_문형민,747,19,7131.0,3
2026-07-17,(마스터ASC)[제과_블트하] 26.07_블트깡출시_ASC_전환_image,(마스터ASC)[제과_블트하] 26.07_블트깡출시_ASC_전환_image,[26.07]F_I_BT깡_전환_블트깡출시_바이럴형_KR1_.배너_3040소비상황.맘카페가족간식추천템.검증__김소희_260716_제과_김수정,1017,37,24400.0,6
2026-07-18,(마스터ASC)[제과_블트하] 26.07_블트깡출시_ASC_전환_video,(마스터ASC)[제과_블트하] 26.07_블트깡출시_ASC_전환_video,[26.07]F_V_BT깡_전환_블트깡출시_쩜오건_리액션과장.KR1_var1.릴스_트러플하몽.맛후킹.X_1P_김소희_260715_제과_문형민,194,3,2069.0,0
2026-07-18,(마스터ASC)[제과_블트하] 26.07_블트깡출시_ASC_전환_image,(마스터ASC)[제과_블트하] 26.07_블트깡출시_ASC_전환_image,[26.07]F_I_BT깡_전환_블트깡출시_바이럴형_KR1_.배너_3040소비상황.맘카페가족간식추천템.검증__김소희_260716_제과_김수정,308,13,6969.0,2
2026-07-19,[제과_블트하] 26.07_블트깡출시_수동_전환_video_전체타겟,BP이식형_블트깡출시 (KR1),[26.07]F_V_BT깡_전환_블트깡출시_쩜오건_내돈내산리뷰.KR1_var2.릴스_SNS.X_1P_김소희_260715_제과_문형민,1,0,10.0,0
2026-07-19,(마스터ASC)[제과_블트하] 26.07_블트깡출시_ASC_전환_video,(마스터ASC)[제과_블트하] 26.07_블트깡출시_ASC_전환_video,[26.07]F_V_BT깡_전환_블트깡출시_쩜오건_리액션과장.KR1_var1.릴스_트러플하몽.맛후킹.X_1P_김소희_260715_제과_문형민,7,0,49.0,0
2026-07-19,(마스터ASC)[제과_블트하] 26.07_블트깡출시_ASC_전환_image,(마스터ASC)[제과_블트하] 26.07_블트깡출시_ASC_전환_image,[26.07]F_I_BT깡_전환_블트깡출시_바이럴형_KR1_.배너_3040소비상황.맘카페가족간식추천템.검증__김소희_260716_제과_김수정,495,19,9254.0,0
2026-07-20,[제과_블트하] 26.07_블트깡출시_수동_전환_video_전체타겟,BP이식형_블트깡출시 (KR1),[26.07]F_V_BT깡_전환_블트깡출시_쩜오건_내돈내산리뷰.KR1_var2.릴스_SNS.X_1P_김소희_260715_제과_문형민,1,0,8.0,0
2026-07-20,(마스터ASC)[제과_블트하] 26.07_블트깡출시_ASC_전환_video,(마스터ASC)[제과_블트하] 26.07_블트깡출시_ASC_전환_video,[26.07]F_V_BT깡_전환_블트깡출시_쩜오건_리액션과장.KR1_var1.릴스_트러플하몽.맛후킹.X_1P_김소희_260715_제과_문형민,387,6,5722.0,0
2026-07-22,[제과_블트하] 26.07_블트깡출시_수동_전환_video_전체타겟,BP이식형_블트깡출시 (KR1),[26.07]F_V_BT깡_전환_블트깡출시_쩜오건_내돈내산리뷰.KR1_var2.릴스_SNS.X_1P_김소희_260715_제과_문형민,85,3,1557.0,1
2026-07-22,(마스터ASC)[제과_블트하] 26.07_블트깡출시_ASC_전환_image,(마스터ASC)[제과_블트하] 26.07_블트깡출시_ASC_전환_image,[26.07]F_I_BT깡_전환_블트깡출시_바이럴형_KR1_.릴스_맘카페페르소나.지면테스트.재고들어왔는지.검증__김소희_260721_제과_김수정,78,1,1908.0,0
2026-07-22,(마스터ASC)[제과_블트하] 26.07_블트깡출시_ASC_전환_image,(마스터ASC)[제과_블트하] 26.07_블트깡출시_ASC_전환_image,[26.07]F_I_BT깡_전환_블트깡출시_바이럴형_KR1_.릴스_맘카페페르소나.지면테스트.카페회원님들추천.검증__김소희_260721_제과_김수정,30,0,422.0,0
2026-07-23,[제과_블트하] 26.07_블트깡출시_수동_전환_video_전체타겟,BP이식형_블트깡출시 (KR1),[26.07]F_V_BT깡_전환_블트깡출시_쩜오건_내돈내산리뷰.KR1_var2.릴스_SNS.X_1P_김소희_260715_제과_문형민,46,1,683.0,0
2026-07-23,(마스터ASC)[제과_블트하] 26.07_블트깡출시_ASC_전환_image,(마스터ASC)[제과_블트하] 26.07_블트깡출시_ASC_전환_image,[26.07]F_I_BT깡_전환_블트깡출시_바이럴형_KR1_.릴스_맘카페페르소나.지면테스트.카페회원님들추천.검증__김소희_260721_제과_김수정,16,0,504.0,0
2026-07-24,(마스터ASC)[제과_블트하] 26.07_블트깡출시_ASC_전환_video,(마스터ASC)[제과_블트하] 26.07_블트깡출시_ASC_전환_video,[26.07]F_V_BT깡_전환_블트깡출시_쩜오건_리액션과장.KR1_var1.릴스_트러플하몽.맛후킹.X_1P_김소희_260715_제과_문형민,1159,27,19928.0,0
2026-07-24,[제과_블트하] 26.07_블트깡출시_수동_전환_video_전체타겟,(0725) [칩] BP이식형_블트칩출시 (KR1) (경연님/성미님),[26.07]F_V_BT칩_전환_블트칩출시_쩜오건_오감자BP.KR1_main.릴스_신상.X_2P_최나영_260724_제과_윤성미,30,0,449.0,0
2026-07-25,[제과_블트하] 26.07_블트깡출시_수동_전환_video_전체타겟,BP이식형_블트깡출시 (KR1),[26.07]F_V_BT깡_전환_블트깡출시_쩜오건_내돈내산리뷰.KR1_var2.릴스_SNS.X_1P_김소희_260715_제과_문형민,2,0,47.0,0
2026-07-25,(마스터ASC)[제과_블트하] 26.07_블트깡출시_ASC_전환_video,(마스터ASC)[제과_블트하] 26.07_블트깡출시_ASC_전환_video,[26.07]F_V_BT깡_전환_블트깡출시_쩜오건_리액션과장.KR1_var1.릴스_트러플하몽.맛후킹.X_1P_김소희_260715_제과_문형민,778,16,14947.0,1
2026-07-25,[제과_블트하] 26.07_블트깡출시_수동_전환_video_전체타겟,(0725) [칩] BP이식형_블트칩출시 (KR1) (경연님/성미님),[26.07]F_V_BT칩_전환_블트칩출시_쩜오건_오감자BP.KR1_main.릴스_신상.X_2P_최나영_260724_제과_윤성미,144,8,2802.0,0
2026-07-26,(마스터ASC)[제과_블트하] 26.07_블트깡출시_ASC_전환_video,(마스터ASC)[제과_블트하] 26.07_블트깡출시_ASC_전환_video,[26.07]F_V_BT깡_전환_블트깡출시_쩜오건_리액션과장.KR1_var1.릴스_트러플하몽.맛후킹.X_1P_김소희_260715_제과_문형민,286,10,6358.0,1
2026-07-27,(마스터ASC)[제과_블트하] 26.07_블트깡출시_ASC_전환_video,(마스터ASC)[제과_블트하] 26.07_블트깡출시_ASC_전환_video,[26.07]F_V_BT깡_전환_블트깡출시_쩜오건_리액션과장.KR1_var1.릴스_트러플하몽.맛후킹.X_1P_김소희_260715_제과_문형민,13,0,184.0,0
2026-07-27,[칩] (마스터ASC)[제과_블트하] 26.07_블트칩출시_ASC_전환_image,[칩] (마스터ASC)[제과_블트하] 26.07_블트칩출시_ASC_전환_image,[26.07]F_I_BT깡_전환_블트칩출시_혜택강조형_KR2_.피드_주변인.탕비실.확장__김소희_260727_제과_박서연,13,0,180.0,0
2026-07-28,[칩] (마스터ASC)[제과_블트하] 26.07_블트칩출시_ASC_전환_image,[칩] (마스터ASC)[제과_블트하] 26.07_블트칩출시_ASC_전환_image,[26.07]F_I_BT깡_전환_블트칩출시_혜택강조형_KR2_.피드_주변인.탕비실.확장__김소희_260727_제과_박서연,4,0,107.0,0
2026-07-01,[콘스프맛 팝콘] 26.05_콘스프맛팝콘출시_ASC_전환_image (old),[콘스프맛 팝콘] 26.05_콘스프맛팝콘출시_ASC_전환_image (old),[26.06]F_I_PC혼_전환_팝콘더블특가_혜택강조형_페인포인트_.배너_간식.못끊음.__김소희_260624_제과_김나현,10,0,88.0,0
2026-07-03,[제과_콘스프맛 팝콘] 26.05_콘스프맛팝콘출시_수동_전환_image,일상다이어트_팝콘할인페스타 (~7/8),[26.07]F_I_PC혼_전환_팝콘할인페스타_혜택강조형_다이어트_.배너_당2g단짠속세맛.계단식할인.선착순.확장__김소희_260702_제과_문다현,223,4,6339.0,1
2026-07-10,(마스터ASC)[제과_콘스프맛 팝콘] 26.05_콘스프맛팝콘출시_ASC_전환_video,(마스터ASC)[콘스프맛 팝콘] 26.05_콘스프맛팝콘출시_ASC_전환_video,[26.07]F_V_PC콘_전환_콘스프맛팝콘출시_네고형_지인네고형.다이어트_var4.릴스_운동상황강조2.슬기.(재)_1P_김소희_260710_제과_문형민,25,1,395.0,0
2026-07-11,(마스터ASC)[제과_콘스프맛 팝콘] 26.05_콘스프맛팝콘출시_ASC_전환_video,(마스터ASC)[콘스프맛 팝콘] 26.05_콘스프맛팝콘출시_ASC_전환_video,[26.07]F_V_PC콘_전환_콘스프맛팝콘출시_네고형_지인네고형.다이어트_var4.릴스_운동상황강조2.슬기.(재)_1P_김소희_260710_제과_문형민,22,0,303.0,0
2026-07-11,[제과_콘스프맛 팝콘] 26.05_콘스프맛팝콘출시_수동_전환_video,지인네고형_팝콘더블특가_콘스프맛 (~7/1),[26.07]F_V_PC콘_전환_콘스프맛팝콘출시_네고형_지인네고형.다이어트_var3.릴스_운동상황강조1.슬기.(재)_1P_김소희_260710_제과_문형민,19,0,254.0,0
2026-07-11,(마스터2) [제과_단백질 쉐이크] 26.07_단백질쉐이크출시_ASC_전환_image,(마스터2) [제과_단백질 쉐이크] 26.07_단백질쉐이크출시_ASC_전환_image,[26.07]F_I_SK혼_전환_단백질쉐이크출시_혜택강조형_파우치.개당가강조_.배너_1+1보다싼.네고형.개당1천원대.팝콘.확장__이유빈_260710_제과_문다현,163,1,4301.0,0
2026-07-11,[제과_단백질 쉐이크] 26.06_단백질쉐이크출시_수동_전환_video,문제공감형_0710,[26.07]F_V_SK혼_전환_단백질쉐이크출시_신규BP_문제공감형.파우치.개당가강조_var7.릴스_기간비교강조.X_2P_이유빈_260710_제과_이봄1,102,1,2583.0,0
2026-07-12,(마스터ASC)[제과_콘스프맛 팝콘] 26.05_콘스프맛팝콘출시_ASC_전환_video,(마스터ASC)[콘스프맛 팝콘] 26.05_콘스프맛팝콘출시_ASC_전환_video,[26.07]F_V_PC콘_전환_콘스프맛팝콘출시_네고형_지인네고형.다이어트_var4.릴스_운동상황강조2.슬기.(재)_1P_김소희_260710_제과_문형민,33,0,577.0,0
2026-07-12,[제과_콘스프맛 팝콘] 26.05_콘스프맛팝콘출시_수동_전환_video,지인네고형_팝콘더블특가_콘스프맛 (~7/1),[26.07]F_V_PC콘_전환_콘스프맛팝콘출시_네고형_지인네고형.다이어트_var3.릴스_운동상황강조1.슬기.(재)_1P_김소희_260710_제과_문형민,19,1,434.0,0
2026-07-12,(마스터2) [제과_단백질 쉐이크] 26.07_단백질쉐이크출시_ASC_전환_image,(마스터2) [제과_단백질 쉐이크] 26.07_단백질쉐이크출시_ASC_전환_image,[26.07]F_I_SK혼_전환_단백질쉐이크출시_혜택강조형_파우치.개당가강조_.배너_1+1보다싼.네고형.개당1천원대.팝콘.확장__이유빈_260710_제과_문다현,52,1,1591.0,0
2026-07-12,[제과_단백질 쉐이크] 26.06_단백질쉐이크출시_수동_전환_video,문제공감형_0710,[26.07]F_V_SK혼_전환_단백질쉐이크출시_신규BP_문제공감형.파우치.개당가강조_var7.릴스_기간비교강조.X_2P_이유빈_260710_제과_이봄1,1,0,7.0,0
2026-07-13,(마스터ASC)[제과_콘스프맛 팝콘] 26.05_콘스프맛팝콘출시_ASC_전환_video,(마스터ASC)[콘스프맛 팝콘] 26.05_콘스프맛팝콘출시_ASC_전환_video,[26.07]F_V_PC콘_전환_콘스프맛팝콘출시_네고형_지인네고형.다이어트_var4.릴스_운동상황강조2.슬기.(재)_1P_김소희_260710_제과_문형민,1,0,3.0,0
2026-07-13,(마스터2) [제과_단백질 쉐이크] 26.07_단백질쉐이크출시_ASC_전환_image,(마스터2) [제과_단백질 쉐이크] 26.07_단백질쉐이크출시_ASC_전환_image,[26.07]F_I_SK혼_전환_단백질쉐이크출시_혜택강조형_파우치.개당가강조_.배너_1+1보다싼.네고형.개당1천원대.팝콘.확장__이유빈_260710_제과_문다현,3195,76,76178.0,10
2026-07-14,(마스터2) [제과_단백질 쉐이크] 26.07_단백질쉐이크출시_ASC_전환_image,(마스터2) [제과_단백질 쉐이크] 26.07_단백질쉐이크출시_ASC_전환_image,[26.07]F_I_SK혼_전환_단백질쉐이크출시_혜택강조형_파우치.개당가강조_.배너_1+1보다싼.네고형.개당1천원대.팝콘.확장__이유빈_260710_제과_문다현,369,11,10704.0,4
2026-07-15,(마스터ASC)[제과_콘스프맛 팝콘] 26.05_콘스프맛팝콘출시_ASC_전환_video,(마스터ASC)[콘스프맛 팝콘] 26.05_콘스프맛팝콘출시_ASC_전환_video,[26.07]F_V_PC콘_전환_콘스프맛팝콘출시_네고형_지인네고형.다이어트_var4.릴스_운동상황강조2.슬기.(재)_1P_김소희_260710_제과_문형민,33,0,461.0,0
2026-07-15,(마스터2) [제과_단백질 쉐이크] 26.07_단백질쉐이크출시_ASC_전환_image,(마스터2) [제과_단백질 쉐이크] 26.07_단백질쉐이크출시_ASC_전환_image,[26.07]F_I_SK혼_전환_단백질쉐이크출시_혜택강조형_파우치.개당가강조_.배너_1+1보다싼.네고형.개당1천원대.팝콘.확장__이유빈_260710_제과_문다현,313,9,9022.0,0
2026-07-15,[제과_블트하] 26.07_블트깡출시_수동_전환_video_전체타겟,BP이식형_블트깡출시 (KR1),[26.07]F_V_BT깡_전환_블트깡출시_쩜오건_리액션과장.KR1_var3.릴스_SNS.맛후킹.X_1P_김소희_260715_제과_문형민,730,24,12534.0,4
2026-07-15,[제과_블트하] 26.07_블트깡출시_수동_전환_image_전체타겟,맘카페페르소나_블트깡출시 (KR1),[26.07]F_I_BT깡_전환_블트깡출시_매거진형_KR1_.배너_판매량.창고형마트오픈런기록.검증__김소희_260715_제과_김수정,455,6,7656.0,1
2026-07-15,[제과_블트하] 26.07_블트깡출시_수동_전환_image_전체타겟,맘카페페르소나_블트깡출시 (KR1),[26.07]F_I_BT깡_전환_블트깡출시_매거진형_KR1_.배너_판매량.리셀대란.검증__김소희_260715_제과_김수정,810,13,13167.0,3
2026-07-16,(마스터ASC)[제과_콘스프맛 팝콘] 26.05_콘스프맛팝콘출시_ASC_전환_video,(마스터ASC)[콘스프맛 팝콘] 26.05_콘스프맛팝콘출시_ASC_전환_video,[26.07]F_V_PC콘_전환_콘스프맛팝콘출시_네고형_지인네고형.다이어트_var4.릴스_운동상황강조2.슬기.(재)_1P_김소희_260710_제과_문형민,19,0,260.0,0
2026-07-16,(마스터2) [제과_단백질 쉐이크] 26.07_단백질쉐이크출시_ASC_전환_image,(마스터2) [제과_단백질 쉐이크] 26.07_단백질쉐이크출시_ASC_전환_image,[26.07]F_I_SK혼_전환_단백질쉐이크출시_혜택강조형_파우치.개당가강조_.배너_1+1보다싼.네고형.개당1천원대.팝콘.확장__이유빈_260710_제과_문다현,45,0,1210.0,0
2026-07-16,[제과_블트하] 26.07_블트깡출시_수동_전환_video_전체타겟,BP이식형_블트깡출시 (KR1),[26.07]F_V_BT깡_전환_블트깡출시_쩜오건_리액션과장.KR1_var3.릴스_SNS.맛후킹.X_1P_김소희_260715_제과_문형민,523,14,8018.0,1
2026-07-16,[제과_블트하] 26.07_블트깡출시_수동_전환_image_전체타겟,맘카페페르소나_블트깡출시 (KR1),[26.07]F_I_BT깡_전환_블트깡출시_매거진형_KR1_.배너_판매량.창고형마트오픈런기록.검증__김소희_260715_제과_김수정,1049,36,23008.0,9
2026-07-16,[제과_블트하] 26.07_블트깡출시_수동_전환_image_전체타겟,맘카페페르소나_블트깡출시 (KR1),[26.07]F_I_BT깡_전환_블트깡출시_매거진형_KR1_.배너_판매량.리셀대란.검증__김소희_260715_제과_김수정,864,24,17757.0,3
2026-07-17,(마스터ASC)[제과_콘스프맛 팝콘] 26.05_콘스프맛팝콘출시_ASC_전환_video,(마스터ASC)[콘스프맛 팝콘] 26.05_콘스프맛팝콘출시_ASC_전환_video,[26.07]F_V_PC콘_전환_콘스프맛팝콘출시_네고형_지인네고형.다이어트_var4.릴스_운동상황강조2.슬기.(재)_1P_김소희_260710_제과_문형민,13,0,277.0,0
2026-07-17,(마스터2) [제과_단백질 쉐이크] 26.07_단백질쉐이크출시_ASC_전환_image,(마스터2) [제과_단백질 쉐이크] 26.07_단백질쉐이크출시_ASC_전환_image,[26.07]F_I_SK혼_전환_단백질쉐이크출시_혜택강조형_파우치.개당가강조_.배너_1+1보다싼.네고형.개당1천원대.팝콘.확장__이유빈_260710_제과_문다현,1089,18,22099.0,2
2026-07-17,[제과_블트하] 26.07_블트깡출시_수동_전환_image_전체타겟,맘카페페르소나_블트깡출시 (KR1),[26.07]F_I_BT깡_전환_블트깡출시_매거진형_KR1_.배너_판매량.창고형마트오픈런기록.검증__김소희_260715_제과_김수정,807,22,19490.0,0
2026-07-17,[제과_블트하] 26.07_블트깡출시_수동_전환_image_전체타겟,맘카페페르소나_블트깡출시 (KR1),[26.07]F_I_BT깡_전환_블트깡출시_매거진형_KR1_.배너_판매량.리셀대란.검증__김소희_260715_제과_김수정,616,15,12255.0,2
2026-07-17,[제과_블트하] 26.07_블트깡출시_수동_전환_image_전체타겟,3040대세감_블트깡출시 (KR1),[26.07]F_I_BT깡_전환_블트깡출시_바이럴형_KR1_.배너_맘카페.맘카페창고형마트계인간사료.확장__김소희_260716_제과_김수정,19,1,399.0,0
2026-07-18,[제과_블트하] 26.07_블트깡출시_수동_전환_image_전체타겟,3040대세감_블트깡출시 (KR1),[26.07]F_I_BT깡_전환_블트깡출시_바이럴형_KR1_.배너_맘카페.맘카페창고형마트계인간사료.확장__김소희_260716_제과_김수정,5,0,105.0,0
2026-07-19,(마스터ASC)[제과_콘스프맛 팝콘] 26.05_콘스프맛팝콘출시_ASC_전환_video,(마스터ASC)[콘스프맛 팝콘] 26.05_콘스프맛팝콘출시_ASC_전환_video,[26.07]F_V_PC콘_전환_콘스프맛팝콘출시_네고형_지인네고형.다이어트_var4.릴스_운동상황강조2.슬기.(재)_1P_김소희_260710_제과_문형민,407,13,6342.0,3
2026-07-20,(마스터ASC)[제과_콘스프맛 팝콘] 26.05_콘스프맛팝콘출시_ASC_전환_video,(마스터ASC)[콘스프맛 팝콘] 26.05_콘스프맛팝콘출시_ASC_전환_video,[26.07]F_V_PC콘_전환_콘스프맛팝콘출시_네고형_지인네고형.다이어트_var4.릴스_운동상황강조2.슬기.(재)_1P_김소희_260710_제과_문형민,13414,254,192111.0,35
2026-07-20,[제과_블트하] 26.07_블트깡출시_수동_전환_image_전체타겟,3040대세감_블트깡출시 (KR1),[26.07]F_I_BT깡_전환_블트깡출시_바이럴형_KR1_.배너_맘카페.맘카페창고형마트계인간사료.확장__김소희_260716_제과_김수정,1,0,200.0,0
2026-07-21,(마스터ASC)[제과_콘스프맛 팝콘] 26.05_콘스프맛팝콘출시_ASC_전환_video,(마스터ASC)[콘스프맛 팝콘] 26.05_콘스프맛팝콘출시_ASC_전환_video,[26.07]F_V_PC콘_전환_콘스프맛팝콘출시_네고형_지인네고형.다이어트_var4.릴스_운동상황강조2.슬기.(재)_1P_김소희_260710_제과_문형민,3958,86,66317.0,9
2026-07-21,[제과_블트하] 26.07_블트깡출시_수동_전환_image_전체타겟,맘카페페르소나_블트깡출시 (KR1),[26.07]F_I_BT깡_전환_블트깡출시_매거진형_KR1_.배너_판매량.창고형마트오픈런기록.검증__김소희_260715_제과_김수정,253,13,5429.0,0
2026-07-21,(마스터ASC)[제과_콘스프맛 팝콘] 26.05_콘스프맛팝콘출시_ASC_전환_video,(마스터ASC)[콘스프맛 팝콘] 26.05_콘스프맛팝콘출시_ASC_전환_video,[26.07]F_V_PC콘_전환_콘스프맛팝콘출시_문제공감형_문제공감네고형_var1.릴스_맛.X_2P_이유빈_260721_제과_이봄1,254,9,5273.0,1
2026-07-22,(마스터ASC)[제과_콘스프맛 팝콘] 26.05_콘스프맛팝콘출시_ASC_전환_video,(마스터ASC)[콘스프맛 팝콘] 26.05_콘스프맛팝콘출시_ASC_전환_video,[26.07]F_V_PC콘_전환_콘스프맛팝콘출시_네고형_지인네고형.다이어트_var4.릴스_운동상황강조2.슬기.(재)_1P_김소희_260710_제과_문형민,1474,38,24964.0,4
2026-07-22,[제과_블트하] 26.07_블트깡출시_수동_전환_image_전체타겟,3040대세감_블트깡출시 (KR1),[26.07]F_I_BT깡_전환_블트깡출시_바이럴형_KR1_.배너_맘카페.맘카페창고형마트계인간사료.확장__김소희_260716_제과_김수정,176,8,3045.0,0
2026-07-22,(마스터ASC)[제과_콘스프맛 팝콘] 26.05_콘스프맛팝콘출시_ASC_전환_video,(마스터ASC)[콘스프맛 팝콘] 26.05_콘스프맛팝콘출시_ASC_전환_video,[26.07]F_V_PC콘_전환_콘스프맛팝콘출시_문제공감형_문제공감네고형_var1.릴스_맛.X_2P_이유빈_260721_제과_이봄1,1195,32,25722.0,3
2026-07-23,(마스터ASC)[제과_콘스프맛 팝콘] 26.05_콘스프맛팝콘출시_ASC_전환_video,(마스터ASC)[콘스프맛 팝콘] 26.05_콘스프맛팝콘출시_ASC_전환_video,[26.07]F_V_PC콘_전환_콘스프맛팝콘출시_네고형_지인네고형.다이어트_var4.릴스_운동상황강조2.슬기.(재)_1P_김소희_260710_제과_문형민,1448,28,14928.0,0
2026-07-24,(마스터ASC)[제과_콘스프맛 팝콘] 26.05_콘스프맛팝콘출시_ASC_전환_video,(마스터ASC)[콘스프맛 팝콘] 26.05_콘스프맛팝콘출시_ASC_전환_video,[26.07]F_V_PC콘_전환_콘스프맛팝콘출시_네고형_지인네고형.다이어트_var4.릴스_운동상황강조2.슬기.(재)_1P_김소희_260710_제과_문형민,127,0,2052.0,0
2026-07-25,(마스터ASC)[제과_콘스프맛 팝콘] 26.05_콘스프맛팝콘출시_ASC_전환_video,(마스터ASC)[콘스프맛 팝콘] 26.05_콘스프맛팝콘출시_ASC_전환_video,[26.07]F_V_PC콘_전환_콘스프맛팝콘출시_네고형_지인네고형.다이어트_var4.릴스_운동상황강조2.슬기.(재)_1P_김소희_260710_제과_문형민,46,1,900.0,0
2026-07-25,[제과_블트하] 26.07_블트깡출시_수동_전환_video_전체타겟,BP이식형_블트깡출시 (KR1),[26.07]F_V_BT깡_전환_블트깡출시_쩜오건_리액션과장.KR1_var3.릴스_SNS.맛후킹.X_1P_김소희_260715_제과_문형민,174,6,3785.0,0
2026-07-28,[제과_블트하] 26.07_블트깡출시_수동_전환_image_전체타겟,남편인정소비_블트깡출시 (KR1) (0728),[26.07]F_I_BT깡_전환_블트칩출시_혜택강조형_KR1_.피드_고급진감칠맛폭발.__김소희_260728_제과_김수정,4,0,16.0,0
2026-07-01,(미사용) [제과_단백질 쉐이크] 26.06_단백질쉐이크출시_ASC_전환_image,[제과_단백질 쉐이크] 26.06_단백질쉐이크출시_ASC_전환_image,[26.06]F_I_SK곡_전환_단백질쉐이크출시_제품강조형_원재료강조_.배너_검정쌀현미파로볼.토핑6종.가격비교O.__이유빈_260701_제과_문다현,18,1,598.0,0
2026-07-02,(미사용) [제과_단백질 쉐이크] 26.06_단백질쉐이크출시_ASC_전환_image,[제과_단백질 쉐이크] 26.06_단백질쉐이크출시_ASC_전환_image,[26.06]F_I_SK곡_전환_단백질쉐이크출시_제품강조형_원재료강조_.배너_검정쌀현미파로볼.토핑6종.가격비교O.__이유빈_260701_제과_문다현,41,0,1387.0,0
2026-07-02,[제과_콘스프맛 팝콘] 26.05_콘스프맛팝콘출시_수동_전환_video,공구네고형_팝콘할인페스타 (~7/8),[26.07]F_V_PC콘_전환_팝콘할인페스타_네고형_공구네고형.다이어트_var3.릴스_여름관리템다이어트.슬기.X_1P_김소희_260702_제과_강경연,689,15,11109.0,1
2026-07-04,[제과_단백질 쉐이크] 26.06_단백질쉐이크출시_ASC_전환_video,[제과_단백질 쉐이크] 26.06_단백질쉐이크출시_ASC_전환_video,[26.07]F_V_SK곡_전환_단백질쉐이크출시_네고형_전화네고형_main.릴스_본론.X_2P_이유빈_260703_제과_윤성미,18,0,320.0,0
2026-07-05,[제과_단백질 쉐이크] 26.06_단백질쉐이크출시_ASC_전환_video,[제과_단백질 쉐이크] 26.06_단백질쉐이크출시_ASC_전환_video,[26.07]F_V_SK곡_전환_단백질쉐이크출시_네고형_전화네고형_main.릴스_본론.X_2P_이유빈_260703_제과_윤성미,3,0,21.0,0
2026-07-06,[제과_단백질 쉐이크] 26.06_단백질쉐이크출시_ASC_전환_video,[제과_단백질 쉐이크] 26.06_단백질쉐이크출시_ASC_전환_video,[26.07]F_V_SK곡_전환_단백질쉐이크출시_네고형_전화네고형_main.릴스_본론.X_2P_이유빈_260703_제과_윤성미,10,2,365.0,0
2026-07-07,(미사용) [제과_단백질 쉐이크] 26.06_단백질쉐이크출시_ASC_전환_image,[제과_단백질 쉐이크] 26.06_단백질쉐이크출시_ASC_전환_image,[26.06]F_I_SK곡_전환_단백질쉐이크출시_제품강조형_원재료강조_.배너_검정쌀현미파로볼.토핑6종.가격비교O.__이유빈_260701_제과_문다현,1,0,26.0,0
2026-07-07,[제과_단백질 쉐이크] 26.06_단백질쉐이크출시_수동_전환_video,고객검증형(재)_0629,[26.07]F_V_SK혼_전환_단백질쉐이크출시_신규BP_고객검증형_main.릴스_직접문의.혜택변경.(재)_2P_이유빈_260707_제과_윤성미,258,11,5520.0,3
2026-07-08,[제과_단백질 쉐이크] 26.06_단백질쉐이크출시_ASC_전환_video,[제과_단백질 쉐이크] 26.06_단백질쉐이크출시_ASC_전환_video,[26.07]F_V_SK곡_전환_단백질쉐이크출시_네고형_전화네고형_main.릴스_본론.X_2P_이유빈_260703_제과_윤성미,14,0,614.0,0
2026-07-08,[제과_단백질 쉐이크] 26.06_단백질쉐이크출시_수동_전환_video,고객검증형(재)_0629,[26.07]F_V_SK혼_전환_단백질쉐이크출시_신규BP_고객검증형_main.릴스_직접문의.혜택변경.(재)_2P_이유빈_260707_제과_윤성미,386,8,8239.0,1
2026-07-09,[제과_단백질 쉐이크] 26.06_단백질쉐이크출시_수동_전환_video,고객검증형(재)_0629,[26.07]F_V_SK혼_전환_단백질쉐이크출시_신규BP_고객검증형_main.릴스_직접문의.혜택변경.(재)_2P_이유빈_260707_제과_윤성미,5715,131,72950.0,7
2026-07-10,[제과_단백질 쉐이크] 26.06_단백질쉐이크출시_수동_전환_video,고객검증형(재)_0629,[26.07]F_V_SK혼_전환_단백질쉐이크출시_신규BP_고객검증형_main.릴스_직접문의.혜택변경.(재)_2P_이유빈_260707_제과_윤성미,1192,31,16195.0,1
2026-07-10,[제과_단백질 쉐이크] 26.06_단백질쉐이크출시_수동_전환_image,파우치개당가강조(2)_0709,[26.07]F_I_SK혼_전환_단백질쉐이크출시_매거진형_파우치.개당가강조_.배너_가격페인포인트.핫딜검색고생.검증__이유빈_260709_제과_문다현,11,1,196.0,0
2026-07-11,[제과_단백질 쉐이크] 26.06_단백질쉐이크출시_수동_전환_video,고객검증형(재)_0629,[26.07]F_V_SK혼_전환_단백질쉐이크출시_신규BP_고객검증형_main.릴스_직접문의.혜택변경.(재)_2P_이유빈_260707_제과_윤성미,2683,72,34743.0,1
2026-07-11,[제과_단백질 쉐이크] 26.06_단백질쉐이크출시_수동_전환_image,파우치개당가강조(2)_0709,[26.07]F_I_SK혼_전환_단백질쉐이크출시_매거진형_파우치.개당가강조_.배너_가격페인포인트.핫딜검색고생.검증__이유빈_260709_제과_문다현,282,9,6717.0,1
2026-07-11,[제과_콘스프맛 팝콘] 26.05_콘스프맛팝콘출시_수동_전환_video,지인네고형_팝콘더블특가_콘스프맛 (~7/1),[26.07]F_V_PC콘_전환_콘스프맛팝콘출시_네고형_지인네고형.다이어트_main.릴스_메인.슬기.(재)_1P_김소희_260710_제과_문형민,7595,135,120912.0,27
2026-07-12,[제과_단백질 쉐이크] 26.06_단백질쉐이크출시_수동_전환_image,파우치개당가강조(2)_0709,[26.07]F_I_SK혼_전환_단백질쉐이크출시_매거진형_파우치.개당가강조_.배너_가격페인포인트.핫딜검색고생.검증__이유빈_260709_제과_문다현,6451,135,131117.0,11
2026-07-12,[제과_콘스프맛 팝콘] 26.05_콘스프맛팝콘출시_수동_전환_video,지인네고형_팝콘더블특가_콘스프맛 (~7/1),[26.07]F_V_PC콘_전환_콘스프맛팝콘출시_네고형_지인네고형.다이어트_main.릴스_메인.슬기.(재)_1P_김소희_260710_제과_문형민,3977,91,69214.0,17
2026-07-13,[제과_콘스프맛 팝콘] 26.05_콘스프맛팝콘출시_수동_전환_video,지인네고형_팝콘더블특가_콘스프맛 (~7/1),[26.07]F_V_PC콘_전환_콘스프맛팝콘출시_네고형_지인네고형.다이어트_main.릴스_메인.슬기.(재)_1P_김소희_260710_제과_문형민,2062,20,29330.0,5
2026-07-14,[제과_콘스프맛 팝콘] 26.05_콘스프맛팝콘출시_수동_전환_video,지인네고형_팝콘더블특가_콘스프맛 (~7/1),[26.07]F_V_PC콘_전환_콘스프맛팝콘출시_네고형_지인네고형.다이어트_main.릴스_메인.슬기.(재)_1P_김소희_260710_제과_문형민,148,2,1730.0,1
2026-07-15,[제과_콘스프맛 팝콘] 26.05_콘스프맛팝콘출시_수동_전환_video,지인네고형_팝콘더블특가_콘스프맛 (~7/1),[26.07]F_V_PC콘_전환_콘스프맛팝콘출시_네고형_지인네고형.다이어트_main.릴스_메인.슬기.(재)_1P_김소희_260710_제과_문형민,83,2,806.0,0
2026-07-15,(마스터ASC)[제과_블트하] 26.07_블트깡출시_ASC_전환_video,(마스터ASC)[제과_블트하] 26.07_블트깡출시_ASC_전환_video,[26.07]F_V_BT깡_전환_블트깡출시_쩜오건_리액션과장.KR1_main.릴스_트러플하몽.제품후킹.X_1P_김소희_260715_제과_문형민,13,1,209.0,0
2026-07-15,(마스터ASC)[제과_블트하] 26.07_블트깡출시_ASC_전환_image,(마스터ASC)[제과_블트하] 26.07_블트깡출시_ASC_전환_image,[26.07]F_I_BT깡_전환_블트깡출시_바이럴형_KR1_.배너_일반특정집단.안주좀먹어봤다면.검증__김소희_260715_제과_김수정,2,0,39.0,0
2026-07-16,(마스터ASC)[제과_블트하] 26.07_블트깡출시_ASC_전환_video,(마스터ASC)[제과_블트하] 26.07_블트깡출시_ASC_전환_video,[26.07]F_V_BT깡_전환_블트깡출시_쩜오건_리액션과장.KR1_main.릴스_트러플하몽.제품후킹.X_1P_김소희_260715_제과_문형민,406,11,5791.0,0
2026-07-16,(마스터ASC)[제과_블트하] 26.07_블트깡출시_ASC_전환_image,(마스터ASC)[제과_블트하] 26.07_블트깡출시_ASC_전환_image,[26.07]F_I_BT깡_전환_블트깡출시_바이럴형_KR1_.배너_일반특정집단.안주좀먹어봤다면.검증__김소희_260715_제과_김수정,79,4,1052.0,0
2026-07-16,[제과_단백질 쉐이크] 26.06_단백질쉐이크출시_수동_전환_image,올영최저가비교_0715,[26.07]F_I_SK초_전환_단백질쉐이크출시_혜택강조형_올영최저가비교_.배너_매번소분하기무겁고.커다란대용량그만.확장__이유빈_260715_제과_문다현,74,2,3962.0,1
2026-07-17,[제과_단백질 쉐이크] 26.06_단백질쉐이크출시_수동_전환_image,올영최저가비교_0715,[26.07]F_I_SK초_전환_단백질쉐이크출시_혜택강조형_올영최저가비교_.배너_매번소분하기무겁고.커다란대용량그만.확장__이유빈_260715_제과_문다현,16,1,782.0,0
2026-07-21,(마스터ASC)[제과_콘스프맛 팝콘] 26.05_콘스프맛팝콘출시_ASC_전환_video,(마스터ASC)[콘스프맛 팝콘] 26.05_콘스프맛팝콘출시_ASC_전환_video,[26.07]F_V_PC콘_전환_콘스프맛팝콘출시_네고형_책상지인네고형_main.릴스_대세감.X_2P_이유빈_260721_제과_이미진,5068,83,67938.0,12
2026-07-22,(마스터ASC)[제과_블트하] 26.07_블트깡출시_ASC_전환_image,(마스터ASC)[제과_블트하] 26.07_블트깡출시_ASC_전환_image,[26.07]F_I_BT깡_전환_블트깡출시_바이럴형_KR1_.배너_일반특정집단.안주좀먹어봤다면.검증__김소희_260715_제과_김수정,24,0,459.0,0
2026-07-22,(마스터ASC)[제과_콘스프맛 팝콘] 26.05_콘스프맛팝콘출시_ASC_전환_video,(마스터ASC)[콘스프맛 팝콘] 26.05_콘스프맛팝콘출시_ASC_전환_video,[26.07]F_V_PC콘_전환_콘스프맛팝콘출시_네고형_책상지인네고형_main.릴스_대세감.X_2P_이유빈_260721_제과_이미진,1511,22,20688.0,3
2026-07-23,(마스터ASC)[제과_콘스프맛 팝콘] 26.05_콘스프맛팝콘출시_ASC_전환_video,(마스터ASC)[콘스프맛 팝콘] 26.05_콘스프맛팝콘출시_ASC_전환_video,[26.07]F_V_PC콘_전환_콘스프맛팝콘출시_네고형_책상지인네고형_main.릴스_대세감.X_2P_이유빈_260721_제과_이미진,6502,148,74511.0,4
2026-07-25,(마스터ASC)[제과_블트하] 26.07_블트깡출시_ASC_전환_image,(마스터ASC)[제과_블트하] 26.07_블트깡출시_ASC_전환_image,[26.07]F_I_BT깡_전환_블트깡출시_바이럴형_KR1_.배너_일반특정집단.안주좀먹어봤다면.검증__김소희_260715_제과_김수정,282,1,4181.0,0
2026-07-28,[제과_블트하] 26.07_블트깡출시_수동_전환_image_전체타겟,주변인인정_블트칩출시 (KR2) (0728),[26.07]F_I_BT칩_전환_블트칩출시_혜택강조형_KR2_.피드_아빠엄지척..확장__김소희_260728_제과_박서연,1,0,22.0,0
2026-07-01,(미사용) [제과_단백질 쉐이크] 26.06_단백질쉐이크출시_ASC_전환_image,[제과_단백질 쉐이크] 26.06_단백질쉐이크출시_ASC_전환_image,[26.06]F_I_SK초_전환_단백질쉐이크출시_제품강조형_밍밍함.페인포인트_.배너_진한맛.__이유빈_260623_제과_김나현,2525,33,41841.0,7
2026-07-01,(미사용) [제과_단백질 쉐이크] 26.06_단백질쉐이크출시_ASC_전환_image,[제과_단백질 쉐이크] 26.06_단백질쉐이크출시_ASC_전환_image,[26.06]F_I_SK곡_전환_단백질쉐이크출시_제품강조형_라라권위_.배너_극강의토핑폭탄.가격비교O.__이유빈_260701_제과_문다현,479,7,9771.0,0
2026-07-01,(미사용) [제과_단백질 쉐이크] 26.06_단백질쉐이크출시_ASC_전환_image,[제과_단백질 쉐이크] 26.06_단백질쉐이크출시_ASC_전환_image,[26.06]F_I_SK곡_전환_단백질쉐이크출시_제품강조형_원재료강조_.배너_이게가능.국밥보다든든.가격비교X.__이유빈_260701_제과_문다현,2,0,24.0,0
2026-07-01,(미사용) [제과_단백질 쉐이크] 26.06_단백질쉐이크출시_ASC_전환_image,[제과_단백질 쉐이크] 26.06_단백질쉐이크출시_ASC_전환_image,[26.06]F_I_SK초_전환_단백질쉐이크출시_제품강조형_원재료강조_.배너_오도독씹히는맛예술.속세맛인데저당.가격비교O.__이유빈_260701_제과_문다현,1,0,57.0,0
2026-07-02,(미사용) [제과_단백질 쉐이크] 26.06_단백질쉐이크출시_ASC_전환_image,[제과_단백질 쉐이크] 26.06_단백질쉐이크출시_ASC_전환_image,[26.06]F_I_SK초_전환_단백질쉐이크출시_제품강조형_밍밍함.페인포인트_.배너_진한맛.__이유빈_260623_제과_김나현,4,1,215.0,0
2026-07-02,(미사용) [제과_단백질 쉐이크] 26.06_단백질쉐이크출시_ASC_전환_image,[제과_단백질 쉐이크] 26.06_단백질쉐이크출시_ASC_전환_image,[26.06]F_I_SK곡_전환_단백질쉐이크출시_제품강조형_원재료강조_.배너_이게가능.국밥보다든든.가격비교X.__이유빈_260701_제과_문다현,15,0,423.0,0
2026-07-02,(미사용) [제과_단백질 쉐이크] 26.06_단백질쉐이크출시_ASC_전환_image,[제과_단백질 쉐이크] 26.06_단백질쉐이크출시_ASC_전환_image,[26.06]F_I_SK초_전환_단백질쉐이크출시_제품강조형_원재료강조_.배너_오도독씹히는맛예술.속세맛인데저당.가격비교O.__이유빈_260701_제과_문다현,3,0,118.0,0
2026-07-02,(마스터ASC)[제과_콘스프맛 팝콘] 26.05_콘스프맛팝콘출시_ASC_전환_video,(마스터ASC)[콘스프맛 팝콘] 26.05_콘스프맛팝콘출시_ASC_전환_video,[26.07]F_V_PC콘_전환_팝콘할인페스타_네고형_공구네고형.다이어트_var2.릴스_성분당류.슬기.X_1P_김소희_260702_제과_강경연,1330,34,24915.0,6
2026-07-03,(미사용) [제과_단백질 쉐이크] 26.06_단백질쉐이크출시_ASC_전환_image,[제과_단백질 쉐이크] 26.06_단백질쉐이크출시_ASC_전환_image,[26.06]F_I_SK초_전환_단백질쉐이크출시_제품강조형_밍밍함.페인포인트_.배너_진한맛.__이유빈_260623_제과_김나현,49,0,803.0,0
2026-07-03,(마스터ASC)[제과_콘스프맛 팝콘] 26.05_콘스프맛팝콘출시_ASC_전환_video,(마스터ASC)[콘스프맛 팝콘] 26.05_콘스프맛팝콘출시_ASC_전환_video,[26.07]F_V_PC콘_전환_팝콘할인페스타_네고형_공구네고형.다이어트_var2.릴스_성분당류.슬기.X_1P_김소희_260702_제과_강경연,881,19,16751.0,1
2026-07-04,(미사용) [제과_단백질 쉐이크] 26.06_단백질쉐이크출시_ASC_전환_image,[제과_단백질 쉐이크] 26.06_단백질쉐이크출시_ASC_전환_image,[26.06]F_I_SK초_전환_단백질쉐이크출시_제품강조형_밍밍함.페인포인트_.배너_진한맛.__이유빈_260623_제과_김나현,4,0,154.0,0
2026-07-04,(미사용) [제과_단백질 쉐이크] 26.06_단백질쉐이크출시_ASC_전환_image,[제과_단백질 쉐이크] 26.06_단백질쉐이크출시_ASC_전환_image,[26.06]F_I_SK곡_전환_단백질쉐이크출시_제품강조형_원재료강조_.배너_이게가능.국밥보다든든.가격비교X.__이유빈_260701_제과_문다현,4,0,67.0,0
2026-07-04,(마스터ASC)[제과_콘스프맛 팝콘] 26.05_콘스프맛팝콘출시_ASC_전환_video,(마스터ASC)[콘스프맛 팝콘] 26.05_콘스프맛팝콘출시_ASC_전환_video,[26.07]F_V_PC콘_전환_팝콘할인페스타_네고형_공구네고형.다이어트_var2.릴스_성분당류.슬기.X_1P_김소희_260702_제과_강경연,480,11,8605.0,1
2026-07-06,(미사용) [제과_단백질 쉐이크] 26.06_단백질쉐이크출시_ASC_전환_image,[제과_단백질 쉐이크] 26.06_단백질쉐이크출시_ASC_전환_image,[26.06]F_I_SK초_전환_단백질쉐이크출시_제품강조형_밍밍함.페인포인트_.배너_진한맛.__이유빈_260623_제과_김나현,23,0,463.0,0
2026-07-06,(미사용) [제과_단백질 쉐이크] 26.06_단백질쉐이크출시_ASC_전환_image,[제과_단백질 쉐이크] 26.06_단백질쉐이크출시_ASC_전환_image,[26.06]F_I_SK곡_전환_단백질쉐이크출시_제품강조형_원재료강조_.배너_이게가능.국밥보다든든.가격비교X.__이유빈_260701_제과_문다현,18,2,471.0,0
2026-07-06,[제과_콘스프맛 팝콘] 26.05_콘스프맛팝콘출시_수동_전환_image,긴급성강조_할인페스타 (~7/8),[26.07]F_I_PC혼_전환_팝콘할인페스타_혜택강조형_다이어트_.배너_선착순할인주문폭주.요요없는.확장__김소희_260706_제과_문다현,1,0,17.0,0
2026-07-07,(미사용) [제과_단백질 쉐이크] 26.06_단백질쉐이크출시_ASC_전환_image,[제과_단백질 쉐이크] 26.06_단백질쉐이크출시_ASC_전환_image,[26.06]F_I_SK초_전환_단백질쉐이크출시_제품강조형_밍밍함.페인포인트_.배너_진한맛.__이유빈_260623_제과_김나현,64,1,1112.0,0
2026-07-07,(미사용) [제과_단백질 쉐이크] 26.06_단백질쉐이크출시_ASC_전환_image,[제과_단백질 쉐이크] 26.06_단백질쉐이크출시_ASC_전환_image,[26.06]F_I_SK초_전환_단백질쉐이크출시_제품강조형_원재료강조_.배너_오도독씹히는맛예술.속세맛인데저당.가격비교O.__이유빈_260701_제과_문다현,947,32,29937.0,3
2026-07-07,(마스터ASC)[제과_콘스프맛 팝콘] 26.07_콘스프맛팝콘출시_ASC_전환_image (NEW),(마스터ASC)[콘스프맛 팝콘] 26.07_콘스프맛팝콘출시_ASC_전환_image (NEW),[26.07]F_I_PC혼_전환_팝콘할인페스타_혜택강조형_다이어트_.배너_팝콘선착순추가할인.마감임박.요요.상품컷4개.확장__김소희_260706_제과_문다현,1482,20,24691.0,2
2026-07-07,[제과_콘스프맛 팝콘] 26.05_콘스프맛팝콘출시_수동_전환_image,긴급성강조_할인페스타 (~7/8),[26.07]F_I_PC혼_전환_팝콘할인페스타_혜택강조형_다이어트_.배너_선착순할인주문폭주.요요없는.확장__김소희_260706_제과_문다현,190,3,5615.0,0
2026-07-08,(미사용) [제과_단백질 쉐이크] 26.06_단백질쉐이크출시_ASC_전환_image,[제과_단백질 쉐이크] 26.06_단백질쉐이크출시_ASC_전환_image,[26.06]F_I_SK초_전환_단백질쉐이크출시_제품강조형_밍밍함.페인포인트_.배너_진한맛.__이유빈_260623_제과_김나현,2283,36,38616.0,4
2026-07-08,[제과_콘스프맛 팝콘] 26.05_콘스프맛팝콘출시_수동_전환_image,긴급성강조_할인페스타 (~7/8),[26.07]F_I_PC혼_전환_팝콘할인페스타_혜택강조형_다이어트_.배너_선착순할인주문폭주.요요없는.확장__김소희_260706_제과_문다현,30,2,997.0,0
2026-07-08,[제과_콘스프맛 팝콘] 26.05_콘스프맛팝콘출시_수동_전환_image,가격한정&공지문_할인페스타(~7/8),[26.07]F_I_PC혼_전환_팝콘할인페스타_혜택강조형_다이어트_.배너_사과문.결제창동시폭주.300명카운트마감될때까지.확장__김소희_260707_제과_문다현,35,1,619.0,0
2026-07-09,[제과_콘스프맛 팝콘] 26.05_콘스프맛팝콘출시_수동_전환_image,가격한정&공지문_할인페스타(~7/8),[26.07]F_I_PC혼_전환_팝콘할인페스타_혜택강조형_다이어트_.배너_사과문.결제창동시폭주.300명카운트마감될때까지.확장__김소희_260707_제과_문다현,100,2,1765.0,0
2026-07-09,[제과_단백질 쉐이크] 26.06_단백질쉐이크출시_수동_전환_video,아몬드스윗.삭제,[26.07]F_V_SK혼_전환_단백질쉐이크출시_네고형_역네고형_main.릴스_가격강조아몬드스윗삭제.(재)_2P_이유빈_260707_제과_이미진,114,1,1554.0,0
2026-07-09,(마스터2) [제과_단백질 쉐이크] 26.07_단백질쉐이크출시_ASC_전환_image,(마스터2) [제과_단백질 쉐이크] 26.07_단백질쉐이크출시_ASC_전환_image,[26.07]F_I_SK혼_전환_단백질쉐이크출시_혜택강조형_라라권위_.배너_저당맛집라라스윗다운.팝콘증정.확장__이유빈_260709_제과_문다현,14,0,246.0,0
2026-07-10,[제과_단백질 쉐이크] 26.06_단백질쉐이크출시_수동_전환_video,아몬드스윗.삭제,[26.07]F_V_SK혼_전환_단백질쉐이크출시_네고형_역네고형_main.릴스_가격강조아몬드스윗삭제.(재)_2P_이유빈_260707_제과_이미진,947,38,16147.0,1
2026-07-10,(마스터2) [제과_단백질 쉐이크] 26.07_단백질쉐이크출시_ASC_전환_image,(마스터2) [제과_단백질 쉐이크] 26.07_단백질쉐이크출시_ASC_전환_image,[26.07]F_I_SK혼_전환_단백질쉐이크출시_혜택강조형_라라권위_.배너_저당맛집라라스윗다운.팝콘증정.확장__이유빈_260709_제과_문다현,117,2,2551.0,1
2026-07-11,(마스터2) [제과_단백질 쉐이크] 26.07_단백질쉐이크출시_ASC_전환_image,(마스터2) [제과_단백질 쉐이크] 26.07_단백질쉐이크출시_ASC_전환_image,[26.07]F_I_SK혼_전환_단백질쉐이크출시_혜택강조형_라라권위_.배너_저당맛집라라스윗다운.팝콘증정.확장__이유빈_260709_제과_문다현,10,0,303.0,0
2026-07-11,[제과_단백질 쉐이크] 26.06_단백질쉐이크출시_수동_전환_video,문제공감형_0710,[26.07]F_V_SK혼_전환_단백질쉐이크출시_신규BP_문제공감형.파우치.개당가강조_var6.릴스_소분비교강조.X_2P_이유빈_260710_제과_이봄1,61,4,1663.0,1
2026-07-12,[제과_단백질 쉐이크] 26.06_단백질쉐이크출시_수동_전환_video,문제공감형_0710,[26.07]F_V_SK혼_전환_단백질쉐이크출시_신규BP_문제공감형.파우치.개당가강조_var6.릴스_소분비교강조.X_2P_이유빈_260710_제과_이봄1,10,0,183.0,0
2026-07-13,(마스터2) [제과_단백질 쉐이크] 26.07_단백질쉐이크출시_ASC_전환_image,(마스터2) [제과_단백질 쉐이크] 26.07_단백질쉐이크출시_ASC_전환_image,[26.07]F_I_SK혼_전환_단백질쉐이크출시_혜택강조형_라라권위_.배너_저당맛집라라스윗다운.팝콘증정.확장__이유빈_260709_제과_문다현,13,0,239.0,0
2026-07-13,(마스터2) [제과_단백질 쉐이크] 26.07_단백질쉐이크출시_ASC_전환_image,(마스터2) [제과_단백질 쉐이크] 26.07_단백질쉐이크출시_ASC_전환_image,[26.07]F_I_SK곡_전환_단백질쉐이크출시_혜택강조형_개당최저가비교_.배너_사진비교.대용량쉐이크.확장__이유빈_260713_제과_문다현,48,0,1753.0,0
2026-07-14,[제과_단백질 쉐이크] 26.06_단백질쉐이크출시_수동_전환_video,문제공감형_0710,[26.07]F_V_SK혼_전환_단백질쉐이크출시_신규BP_문제공감형.파우치.개당가강조_var6.릴스_소분비교강조.X_2P_이유빈_260710_제과_이봄1,6,0,76.0,0
2026-07-14,[제과_콘스프맛 팝콘] 26.05_콘스프맛팝콘출시_수동_전환_image,속세맛간식공감_콘스프맛팝콘_상시,[26.07]F_I_PC혼_전환_콘스프맛팝콘출시_혜택강조형__.배너_다음날 눈바디 지켜주는.확장__김소희_260713_제과_박서연,99,1,1627.0,0
2026-07-14,(마스터2) [제과_단백질 쉐이크] 26.07_단백질쉐이크출시_ASC_전환_image,(마스터2) [제과_단백질 쉐이크] 26.07_단백질쉐이크출시_ASC_전환_image,[26.07]F_I_SK곡_전환_단백질쉐이크출시_혜택강조형_개당최저가비교_.배너_사진비교.대용량쉐이크.확장__이유빈_260713_제과_문다현,94,1,2838.0,0
2026-07-15,[제과_콘스프맛 팝콘] 26.05_콘스프맛팝콘출시_수동_전환_image,속세맛간식공감_콘스프맛팝콘_상시,[26.07]F_I_PC혼_전환_콘스프맛팝콘출시_혜택강조형__.배너_다음날 눈바디 지켜주는.확장__김소희_260713_제과_박서연,27,0,751.0,0
2026-07-15,(마스터2) [제과_단백질 쉐이크] 26.07_단백질쉐이크출시_ASC_전환_image,(마스터2) [제과_단백질 쉐이크] 26.07_단백질쉐이크출시_ASC_전환_image,[26.07]F_I_SK곡_전환_단백질쉐이크출시_혜택강조형_개당최저가비교_.배너_사진비교.대용량쉐이크.확장__이유빈_260713_제과_문다현,4,0,95.0,0
2026-07-16,[제과_단백질 쉐이크] 26.06_단백질쉐이크출시_수동_전환_video,문제공감형_0710,[26.07]F_V_SK혼_전환_단백질쉐이크출시_신규BP_문제공감형.파우치.개당가강조_var6.릴스_소분비교강조.X_2P_이유빈_260710_제과_이봄1,343,14,6873.0,0
2026-07-16,(마스터2) [제과_단백질 쉐이크] 26.07_단백질쉐이크출시_ASC_전환_image,(마스터2) [제과_단백질 쉐이크] 26.07_단백질쉐이크출시_ASC_전환_image,[26.07]F_I_SK혼_전환_단백질쉐이크출시_혜택강조형_올영최저가비교_.배너_급구.올영보다싸다.확장__이유빈_260715_제과_문다현,243,8,11023.0,0
2026-07-17,[제과_단백질 쉐이크] 26.06_단백질쉐이크출시_수동_전환_video,문제공감형_0710,[26.07]F_V_SK혼_전환_단백질쉐이크출시_신규BP_문제공감형.파우치.개당가강조_var6.릴스_소분비교강조.X_2P_이유빈_260710_제과_이봄1,30,1,728.0,0
2026-07-17,[제과_콘스프맛 팝콘] 26.05_콘스프맛팝콘출시_수동_전환_image,속세맛간식공감_콘스프맛팝콘_상시,[26.07]F_I_PC혼_전환_콘스프맛팝콘출시_혜택강조형__.배너_다음날 눈바디 지켜주는.확장__김소희_260713_제과_박서연,9,0,174.0,0
2026-07-18,[제과_콘스프맛 팝콘] 26.05_콘스프맛팝콘출시_수동_전환_image,속세맛간식공감_콘스프맛팝콘_상시,[26.07]F_I_PC혼_전환_콘스프맛팝콘출시_혜택강조형__.배너_다음날 눈바디 지켜주는.확장__김소희_260713_제과_박서연,7,0,252.0,0
2026-07-20,[제과_콘스프맛 팝콘] 26.05_콘스프맛팝콘출시_수동_전환_image,속세맛간식공감_콘스프맛팝콘_상시,[26.07]F_I_PC혼_전환_콘스프맛팝콘출시_혜택강조형__.배너_다음날 눈바디 지켜주는.확장__김소희_260713_제과_박서연,115,3,1853.0,1
2026-07-21,[제과_단백질 쉐이크] 26.06_단백질쉐이크출시_수동_전환_video,문제공감형_0710,[26.07]F_V_SK혼_전환_단백질쉐이크출시_신규BP_문제공감형.파우치.개당가강조_var6.릴스_소분비교강조.X_2P_이유빈_260710_제과_이봄1,96,4,1340.0,0
2026-07-21,[제과_콘스프맛 팝콘] 26.05_콘스프맛팝콘출시_수동_전환_image,속세맛간식공감_콘스프맛팝콘_상시,[26.07]F_I_PC혼_전환_콘스프맛팝콘출시_혜택강조형__.배너_다음날 눈바디 지켜주는.확장__김소희_260713_제과_박서연,243,6,4689.0,0
2026-07-22,[제과_콘스프맛 팝콘] 26.05_콘스프맛팝콘출시_수동_전환_image,속세맛간식공감_콘스프맛팝콘_상시,[26.07]F_I_PC혼_전환_콘스프맛팝콘출시_혜택강조형__.배너_다음날 눈바디 지켜주는.확장__김소희_260713_제과_박서연,201,5,4074.0,1
2026-07-22,[칩] (마스터ASC)[제과_블트하] 26.07_블트칩출시_ASC_전환_image,[칩] (마스터ASC)[제과_블트하] 26.07_블트칩출시_ASC_전환_image,[26.07]F_I_BT칩_전환_블트칩출시_바이럴형_KR1_.배너_맘카페페르소나.지면테스트.맛성분가격.검증__김소희_260722_제과_김수정,22,1,258.0,0
2026-07-23,[제과_콘스프맛 팝콘] 26.05_콘스프맛팝콘출시_수동_전환_image,속세맛간식공감_콘스프맛팝콘_상시,[26.07]F_I_PC혼_전환_콘스프맛팝콘출시_혜택강조형__.배너_다음날 눈바디 지켜주는.확장__김소희_260713_제과_박서연,73,2,1362.0,0
2026-07-23,[칩] (마스터ASC)[제과_블트하] 26.07_블트칩출시_ASC_전환_image,[칩] (마스터ASC)[제과_블트하] 26.07_블트칩출시_ASC_전환_image,[26.07]F_I_BT칩_전환_블트칩출시_바이럴형_KR1_.배너_맘카페페르소나.지면테스트.맛성분가격.검증__김소희_260722_제과_김수정,31,2,620.0,0
2026-07-24,[제과_콘스프맛 팝콘] 26.05_콘스프맛팝콘출시_수동_전환_image,속세맛간식공감_콘스프맛팝콘_상시,[26.07]F_I_PC혼_전환_콘스프맛팝콘출시_혜택강조형__.배너_다음날 눈바디 지켜주는.확장__김소희_260713_제과_박서연,726,6,11901.0,0
2026-07-24,[제과_블트하] 26.07_블트깡출시_수동_전환_image_전체타겟,(시리즈) 맘카페&혜택강조형_블트칩출시 (KR1) (0723),[26.07]F_I_BT혼_전환_블트칩출시_혜택강조형_KR1_.배너_비싼거때려넣음.칩깡동시소구.확장__김소희_260723_제과_박서연,258,5,4915.0,0
2026-07-24,[칩] (마스터ASC)[제과_블트하] 26.07_블트칩출시_ASC_전환_image,[칩] (마스터ASC)[제과_블트하] 26.07_블트칩출시_ASC_전환_image,[26.07]F_I_BT칩_전환_블트칩출시_혜택강조형_KR1_.배너_편의점안내문.재입고미정.확장__김소희_260723_제과_김수정,1578,47,32361.0,3
2026-07-25,[제과_블트하] 26.07_블트깡출시_수동_전환_image_전체타겟,(시리즈) 맘카페&혜택강조형_블트칩출시 (KR1) (0723),[26.07]F_I_BT혼_전환_블트칩출시_혜택강조형_KR1_.배너_비싼거때려넣음.칩깡동시소구.확장__김소희_260723_제과_박서연,730,25,21111.0,0
2026-07-25,[칩] (마스터ASC)[제과_블트하] 26.07_블트칩출시_ASC_전환_image,[칩] (마스터ASC)[제과_블트하] 26.07_블트칩출시_ASC_전환_image,[26.07]F_I_BT칩_전환_블트칩출시_혜택강조형_KR1_.배너_편의점안내문.재입고미정.확장__김소희_260723_제과_김수정,168,7,4149.0,0
2026-07-27,[제과_블트하] 26.07_블트깡출시_수동_전환_image_전체타겟,[혼합] 남편상황연출_블트칩출시 (KR1) (0727),[26.07]F_I_BT혼_전환_블트칩출시_혜택강조형_KR1_.피드_남편.맥주안주.확장__김소희_260727_제과_박지현,194,2,5586.0,1
2026-07-28,[제과_블트하] 26.07_블트깡출시_수동_전환_image_전체타겟,[혼합] 남편상황연출_블트칩출시 (KR1) (0727),[26.07]F_I_BT혼_전환_블트칩출시_혜택강조형_KR1_.피드_남편.맥주안주.확장__김소희_260727_제과_박지현,714,19,19345.0,0
2026-07-01,[제과_콘스프맛 팝콘] 26.05_콘스프맛팝콘출시_수동_전환_video,전화네고형_팝콘더블특가_콘스프맛 (~7/1),[26.06]F_V_PC콘_전환_팝콘더블특가_네고형_전화네고형.다이어트_main.릴스_메인.슬기.X_1P_최나영_260625_제과_피재은,16657,373,293636.0,77
2026-07-01,[콘스프맛 팝콘] 26.05_콘스프맛팝콘출시_ASC_전환_image (old),[콘스프맛 팝콘] 26.05_콘스프맛팝콘출시_ASC_전환_image (old),[26.06]F_I_PC혼_전환_팝콘더블특가_혜택강조형_다이어트_.릴스_죄송합니다반복.__김소희_260626_제과_김수정,1,0,8.0,0
2026-07-02,[제과_콘스프맛 팝콘] 26.05_콘스프맛팝콘출시_수동_전환_video,전화네고형_팝콘더블특가_콘스프맛 (~7/1),[26.06]F_V_PC콘_전환_팝콘더블특가_네고형_전화네고형.다이어트_main.릴스_메인.슬기.X_1P_최나영_260625_제과_피재은,7119,136,130635.0,22
2026-07-02,[콘스프맛 팝콘] 26.05_콘스프맛팝콘출시_ASC_전환_image (old),[콘스프맛 팝콘] 26.05_콘스프맛팝콘출시_ASC_전환_image (old),[26.06]F_I_PC혼_전환_팝콘더블특가_혜택강조형_다이어트_.릴스_죄송합니다반복.__김소희_260626_제과_김수정,491,10,6041.0,3
2026-07-02,[제과_콘스프맛 팝콘] 26.05_콘스프맛팝콘출시_수동_전환_image,오늘까지만_앵콜더블특가 (~7/1),[26.06]F_I_PC혼_전환_팝콘더블특가_매거진형_다이어트_.배너_41%.17%.오늘마감죄송합니다.요요.입터짐방지템.확장__김소희_260701_제과_문다현,171,14,5221.0,0
2026-07-02,(미사용) [제과_단백질 쉐이크] 26.06_단백질쉐이크출시_ASC_전환_image,[제과_단백질 쉐이크] 26.06_단백질쉐이크출시_ASC_전환_image,[26.06]F_I_SK곡_전환_단백질쉐이크출시_제품강조형_타사비교_.배너_저가비교.시리얼말먹수준토핑.__이유빈_260701_제과_김수정,25,1,433.0,0
2026-07-03,[제과_콘스프맛 팝콘] 26.05_콘스프맛팝콘출시_수동_전환_video,전화네고형_팝콘더블특가_콘스프맛 (~7/1),[26.06]F_V_PC콘_전환_팝콘더블특가_네고형_전화네고형.다이어트_main.릴스_메인.슬기.X_1P_최나영_260625_제과_피재은,6966,149,139415.0,24
2026-07-03,(미사용) [제과_단백질 쉐이크] 26.06_단백질쉐이크출시_ASC_전환_image,[제과_단백질 쉐이크] 26.06_단백질쉐이크출시_ASC_전환_image,[26.06]F_I_SK곡_전환_단백질쉐이크출시_제품강조형_타사비교_.배너_저가비교.시리얼말먹수준토핑.__이유빈_260701_제과_김수정,1,0,6.0,0
2026-07-03,[제과_콘스프맛 팝콘] 26.05_콘스프맛팝콘출시_수동_전환_image,일상다이어트_팝콘할인페스타 (~7/8),[26.07]F_I_PC혼_전환_팝콘할인페스타_혜택강조형_다이어트_.배너_살찔까봐걱정이세요?.선착순.확장__김소희_260702_제과_문다현,215,6,3896.0,0
2026-07-04,[제과_콘스프맛 팝콘] 26.05_콘스프맛팝콘출시_수동_전환_video,전화네고형_팝콘더블특가_콘스프맛 (~7/1),[26.06]F_V_PC콘_전환_팝콘더블특가_네고형_전화네고형.다이어트_main.릴스_메인.슬기.X_1P_최나영_260625_제과_피재은,4497,141,84185.0,10
2026-07-04,[제과_콘스프맛 팝콘] 26.05_콘스프맛팝콘출시_수동_전환_image,일상다이어트_팝콘할인페스타 (~7/8),[26.07]F_I_PC혼_전환_팝콘할인페스타_혜택강조형_다이어트_.배너_살찔까봐걱정이세요?.선착순.확장__김소희_260702_제과_문다현,48,0,977.0,0
2026-07-04,[제과_단백질 쉐이크] 26.06_단백질쉐이크출시_수동_전환_video,지인네고형_0702,[26.07]F_V_SK혼_전환_단백질쉐이크출시_네고형_지인네고형_var2.릴스_선택지.X_2P_이유빈_260703_제과_이봄1,425,24,6780.0,1
2026-07-04,[제과_단백질 쉐이크] 26.06_단백질쉐이크출시_수동_전환_video,전화네고형_0702,[26.07]F_V_SK곡_전환_단백질쉐이크출시_네고형_전화네고형_var4.릴스_토핑.가격.X_2P_이유빈_260703_제과_윤성미,4172,178,81874.0,9
2026-07-05,[제과_콘스프맛 팝콘] 26.05_콘스프맛팝콘출시_수동_전환_video,전화네고형_팝콘더블특가_콘스프맛 (~7/1),[26.06]F_V_PC콘_전환_팝콘더블특가_네고형_전화네고형.다이어트_main.릴스_메인.슬기.X_1P_최나영_260625_제과_피재은,1457,44,27049.0,2
2026-07-05,[제과_콘스프맛 팝콘] 26.05_콘스프맛팝콘출시_수동_전환_image,일상다이어트_팝콘할인페스타 (~7/8),[26.07]F_I_PC혼_전환_팝콘할인페스타_혜택강조형_다이어트_.배너_살찔까봐걱정이세요?.선착순.확장__김소희_260702_제과_문다현,23,1,814.0,0
2026-07-05,[제과_단백질 쉐이크] 26.06_단백질쉐이크출시_수동_전환_video,전화네고형_0702,[26.07]F_V_SK곡_전환_단백질쉐이크출시_네고형_전화네고형_var4.릴스_토핑.가격.X_2P_이유빈_260703_제과_윤성미,721,33,13776.0,0
2026-07-06,[제과_콘스프맛 팝콘] 26.05_콘스프맛팝콘출시_수동_전환_video,전화네고형_팝콘더블특가_콘스프맛 (~7/1),[26.06]F_V_PC콘_전환_팝콘더블특가_네고형_전화네고형.다이어트_main.릴스_메인.슬기.X_1P_최나영_260625_제과_피재은,1075,27,15361.0,2
2026-07-06,[제과_단백질 쉐이크] 26.06_단백질쉐이크출시_수동_전환_video,지인네고형_0702,[26.07]F_V_SK혼_전환_단백질쉐이크출시_네고형_지인네고형_var2.릴스_선택지.X_2P_이유빈_260703_제과_이봄1,445,21,10066.0,1
2026-07-07,[제과_콘스프맛 팝콘] 26.05_콘스프맛팝콘출시_수동_전환_video,전화네고형_팝콘더블특가_콘스프맛 (~7/1),[26.06]F_V_PC콘_전환_팝콘더블특가_네고형_전화네고형.다이어트_main.릴스_메인.슬기.X_1P_최나영_260625_제과_피재은,904,23,15518.0,2
2026-07-07,(미사용) [제과_단백질 쉐이크] 26.06_단백질쉐이크출시_ASC_전환_image,[제과_단백질 쉐이크] 26.06_단백질쉐이크출시_ASC_전환_image,[26.06]F_I_SK곡_전환_단백질쉐이크출시_제품강조형_타사비교_.배너_저가비교.시리얼말먹수준토핑.__이유빈_260701_제과_김수정,2,0,19.0,0
2026-07-07,[제과_단백질 쉐이크] 26.06_단백질쉐이크출시_수동_전환_video,지인네고형_0702,[26.07]F_V_SK혼_전환_단백질쉐이크출시_네고형_지인네고형_var2.릴스_선택지.X_2P_이유빈_260703_제과_이봄1,1825,54,39483.0,7
2026-07-07,(마스터2) [제과_단백질 쉐이크] 26.07_단백질쉐이크출시_ASC_전환_image,(마스터2) [제과_단백질 쉐이크] 26.07_단백질쉐이크출시_ASC_전환_image,[26.07]F_I_SK초_전환_단백질쉐이크출시_혜택강조형_파우치.개당가강조_.배너_특정시점.공구가보다싼.검증__이유빈_260706_제과_김수정,1,0,19.0,0
2026-07-08,[제과_콘스프맛 팝콘] 26.05_콘스프맛팝콘출시_수동_전환_video,전화네고형_팝콘더블특가_콘스프맛 (~7/1),[26.06]F_V_PC콘_전환_팝콘더블특가_네고형_전화네고형.다이어트_main.릴스_메인.슬기.X_1P_최나영_260625_제과_피재은,1603,45,28918.0,4
2026-07-08,(미사용) [제과_단백질 쉐이크] 26.06_단백질쉐이크출시_ASC_전환_image,[제과_단백질 쉐이크] 26.06_단백질쉐이크출시_ASC_전환_image,[26.06]F_I_SK곡_전환_단백질쉐이크출시_제품강조형_타사비교_.배너_저가비교.시리얼말먹수준토핑.__이유빈_260701_제과_김수정,219,2,5068.0,0
2026-07-08,[제과_단백질 쉐이크] 26.06_단백질쉐이크출시_수동_전환_video,지인네고형_0702,[26.07]F_V_SK혼_전환_단백질쉐이크출시_네고형_지인네고형_var2.릴스_선택지.X_2P_이유빈_260703_제과_이봄1,513,19,10698.0,2
2026-07-08,(마스터2) [제과_단백질 쉐이크] 26.07_단백질쉐이크출시_ASC_전환_image,(마스터2) [제과_단백질 쉐이크] 26.07_단백질쉐이크출시_ASC_전환_image,[26.07]F_I_SK초_전환_단백질쉐이크출시_혜택강조형_파우치.개당가강조_.배너_특정시점.공구가보다싼.검증__이유빈_260706_제과_김수정,235,5,4500.0,0
2026-07-09,[제과_콘스프맛 팝콘] 26.05_콘스프맛팝콘출시_수동_전환_video,전화네고형_팝콘더블특가_콘스프맛 (~7/1),[26.06]F_V_PC콘_전환_팝콘더블특가_네고형_전화네고형.다이어트_main.릴스_메인.슬기.X_1P_최나영_260625_제과_피재은,23233,668,407216.0,102
2026-07-09,(미사용) [제과_단백질 쉐이크] 26.06_단백질쉐이크출시_ASC_전환_image,[제과_단백질 쉐이크] 26.06_단백질쉐이크출시_ASC_전환_image,[26.06]F_I_SK곡_전환_단백질쉐이크출시_제품강조형_타사비교_.배너_저가비교.시리얼말먹수준토핑.__이유빈_260701_제과_김수정,2729,25,48960.0,1
2026-07-09,[제과_단백질 쉐이크] 26.06_단백질쉐이크출시_수동_전환_video,지인네고형_0702,[26.07]F_V_SK혼_전환_단백질쉐이크출시_네고형_지인네고형_var2.릴스_선택지.X_2P_이유빈_260703_제과_이봄1,46,1,970.0,0
2026-07-09,(마스터2) [제과_단백질 쉐이크] 26.07_단백질쉐이크출시_ASC_전환_image,(마스터2) [제과_단백질 쉐이크] 26.07_단백질쉐이크출시_ASC_전환_image,[26.07]F_I_SK초_전환_단백질쉐이크출시_혜택강조형_파우치.개당가강조_.배너_특정시점.공구가보다싼.검증__이유빈_260706_제과_김수정,3,0,178.0,0
2026-07-10,[제과_콘스프맛 팝콘] 26.05_콘스프맛팝콘출시_수동_전환_video,전화네고형_팝콘더블특가_콘스프맛 (~7/1),[26.06]F_V_PC콘_전환_팝콘더블특가_네고형_전화네고형.다이어트_main.릴스_메인.슬기.X_1P_최나영_260625_제과_피재은,32321,773,527614.0,101
2026-07-10,(마스터ASC)[제과_콘스프맛 팝콘] 26.05_콘스프맛팝콘출시_ASC_전환_video,(마스터ASC)[콘스프맛 팝콘] 26.05_콘스프맛팝콘출시_ASC_전환_video,[26.07]F_V_PC콘_전환_콘스프맛팝콘출시_네고형_지인네고형.다이어트_var2.릴스_취식상황강조2.슬기.(재)_1P_김소희_260710_제과_문형민,3,0,146.0,0
2026-07-11,[제과_콘스프맛 팝콘] 26.05_콘스프맛팝콘출시_수동_전환_video,전화네고형_팝콘더블특가_콘스프맛 (~7/1),[26.06]F_V_PC콘_전환_팝콘더블특가_네고형_전화네고형.다이어트_main.릴스_메인.슬기.X_1P_최나영_260625_제과_피재은,15942,388,284283.0,55
2026-07-11,(마스터ASC)[제과_콘스프맛 팝콘] 26.05_콘스프맛팝콘출시_ASC_전환_video,(마스터ASC)[콘스프맛 팝콘] 26.05_콘스프맛팝콘출시_ASC_전환_video,[26.07]F_V_PC콘_전환_콘스프맛팝콘출시_네고형_지인네고형.다이어트_var2.릴스_취식상황강조2.슬기.(재)_1P_김소희_260710_제과_문형민,1,0,2.0,0
2026-07-11,[제과_단백질 쉐이크] 26.06_단백질쉐이크출시_수동_전환_video,문제공감형_0710,[26.07]F_V_SK혼_전환_단백질쉐이크출시_신규BP_문제공감형.파우치.개당가강조_var4.릴스_노력강조.올리브영.X_2P_이유빈_260710_제과_이봄1,29,0,972.0,0
2026-07-12,[제과_콘스프맛 팝콘] 26.05_콘스프맛팝콘출시_수동_전환_video,전화네고형_팝콘더블특가_콘스프맛 (~7/1),[26.06]F_V_PC콘_전환_팝콘더블특가_네고형_전화네고형.다이어트_main.릴스_메인.슬기.X_1P_최나영_260625_제과_피재은,16836,461,301228.0,76
2026-07-12,(마스터2) [제과_단백질 쉐이크] 26.07_단백질쉐이크출시_ASC_전환_image,(마스터2) [제과_단백질 쉐이크] 26.07_단백질쉐이크출시_ASC_전환_image,[26.07]F_I_SK초_전환_단백질쉐이크출시_혜택강조형_파우치.개당가강조_.배너_특정시점.공구가보다싼.검증__이유빈_260706_제과_김수정,4,0,234.0,0
2026-07-12,(마스터ASC)[제과_콘스프맛 팝콘] 26.05_콘스프맛팝콘출시_ASC_전환_video,(마스터ASC)[콘스프맛 팝콘] 26.05_콘스프맛팝콘출시_ASC_전환_video,[26.07]F_V_PC콘_전환_콘스프맛팝콘출시_네고형_지인네고형.다이어트_var2.릴스_취식상황강조2.슬기.(재)_1P_김소희_260710_제과_문형민,4,0,25.0,0
2026-07-12,[제과_단백질 쉐이크] 26.06_단백질쉐이크출시_수동_전환_video,문제공감형_0710,[26.07]F_V_SK혼_전환_단백질쉐이크출시_신규BP_문제공감형.파우치.개당가강조_var4.릴스_노력강조.올리브영.X_2P_이유빈_260710_제과_이봄1,1,0,5.0,0
2026-07-13,[제과_콘스프맛 팝콘] 26.05_콘스프맛팝콘출시_수동_전환_video,전화네고형_팝콘더블특가_콘스프맛 (~7/1),[26.06]F_V_PC콘_전환_팝콘더블특가_네고형_전화네고형.다이어트_main.릴스_메인.슬기.X_1P_최나영_260625_제과_피재은,2402,81,47609.0,12
2026-07-13,(마스터2) [제과_단백질 쉐이크] 26.07_단백질쉐이크출시_ASC_전환_image,(마스터2) [제과_단백질 쉐이크] 26.07_단백질쉐이크출시_ASC_전환_image,[26.07]F_I_SK초_전환_단백질쉐이크출시_혜택강조형_파우치.개당가강조_.배너_특정시점.공구가보다싼.검증__이유빈_260706_제과_김수정,174,3,4290.0,0
2026-07-13,(마스터2) [제과_단백질 쉐이크] 26.07_단백질쉐이크출시_ASC_전환_image,(마스터2) [제과_단백질 쉐이크] 26.07_단백질쉐이크출시_ASC_전환_image,[26.07]F_I_SK혼_전환_단백질쉐이크출시_혜택강조형_개당최저가비교_.배너_배부른단쉐.다이소급으로싸다.확장__이유빈_260713_제과_문다현,173,3,3864.0,0
2026-07-14,[제과_콘스프맛 팝콘] 26.05_콘스프맛팝콘출시_수동_전환_video,전화네고형_팝콘더블특가_콘스프맛 (~7/1),[26.06]F_V_PC콘_전환_팝콘더블특가_네고형_전화네고형.다이어트_main.릴스_메인.슬기.X_1P_최나영_260625_제과_피재은,34702,707,526436.0,114
2026-07-14,(마스터2) [제과_단백질 쉐이크] 26.07_단백질쉐이크출시_ASC_전환_image,(마스터2) [제과_단백질 쉐이크] 26.07_단백질쉐이크출시_ASC_전환_image,[26.07]F_I_SK초_전환_단백질쉐이크출시_혜택강조형_파우치.개당가강조_.배너_특정시점.공구가보다싼.검증__이유빈_260706_제과_김수정,19,0,513.0,0
2026-07-14,(마스터2) [제과_단백질 쉐이크] 26.07_단백질쉐이크출시_ASC_전환_image,(마스터2) [제과_단백질 쉐이크] 26.07_단백질쉐이크출시_ASC_전환_image,[26.07]F_I_SK혼_전환_단백질쉐이크출시_혜택강조형_개당최저가비교_.배너_배부른단쉐.다이소급으로싸다.확장__이유빈_260713_제과_문다현,366,8,9185.0,1
2026-07-15,[제과_콘스프맛 팝콘] 26.05_콘스프맛팝콘출시_수동_전환_video,전화네고형_팝콘더블특가_콘스프맛 (~7/1),[26.06]F_V_PC콘_전환_팝콘더블특가_네고형_전화네고형.다이어트_main.릴스_메인.슬기.X_1P_최나영_260625_제과_피재은,8517,201,124072.0,28
2026-07-15,(마스터2) [제과_단백질 쉐이크] 26.07_단백질쉐이크출시_ASC_전환_image,(마스터2) [제과_단백질 쉐이크] 26.07_단백질쉐이크출시_ASC_전환_image,[26.07]F_I_SK초_전환_단백질쉐이크출시_혜택강조형_파우치.개당가강조_.배너_특정시점.공구가보다싼.검증__이유빈_260706_제과_김수정,16,0,638.0,0
2026-07-16,[제과_콘스프맛 팝콘] 26.05_콘스프맛팝콘출시_수동_전환_video,전화네고형_팝콘더블특가_콘스프맛 (~7/1),[26.06]F_V_PC콘_전환_팝콘더블특가_네고형_전화네고형.다이어트_main.릴스_메인.슬기.X_1P_최나영_260625_제과_피재은,6293,115,95062.0,12
2026-07-17,[제과_콘스프맛 팝콘] 26.05_콘스프맛팝콘출시_수동_전환_video,전화네고형_팝콘더블특가_콘스프맛 (~7/1),[26.06]F_V_PC콘_전환_팝콘더블특가_네고형_전화네고형.다이어트_main.릴스_메인.슬기.X_1P_최나영_260625_제과_피재은,7703,131,115361.0,7
2026-07-17,(마스터2) [제과_단백질 쉐이크] 26.07_단백질쉐이크출시_ASC_전환_image,(마스터2) [제과_단백질 쉐이크] 26.07_단백질쉐이크출시_ASC_전환_image,[26.07]F_I_SK초_전환_단백질쉐이크출시_혜택강조형_파우치.개당가강조_.배너_특정시점.공구가보다싼.검증__이유빈_260706_제과_김수정,13,0,398.0,0
2026-07-18,[제과_콘스프맛 팝콘] 26.05_콘스프맛팝콘출시_수동_전환_video,전화네고형_팝콘더블특가_콘스프맛 (~7/1),[26.06]F_V_PC콘_전환_팝콘더블특가_네고형_전화네고형.다이어트_main.릴스_메인.슬기.X_1P_최나영_260625_제과_피재은,13528,329,174982.0,27
2026-07-19,[제과_콘스프맛 팝콘] 26.05_콘스프맛팝콘출시_수동_전환_video,전화네고형_팝콘더블특가_콘스프맛 (~7/1),[26.06]F_V_PC콘_전환_팝콘더블특가_네고형_전화네고형.다이어트_main.릴스_메인.슬기.X_1P_최나영_260625_제과_피재은,3110,119,46062.0,8
2026-07-19,(마스터ASC)[제과_콘스프맛 팝콘] 26.05_콘스프맛팝콘출시_ASC_전환_video,(마스터ASC)[콘스프맛 팝콘] 26.05_콘스프맛팝콘출시_ASC_전환_video,[26.07]F_V_PC콘_전환_콘스프맛팝콘출시_네고형_지인네고형.다이어트_var2.릴스_취식상황강조2.슬기.(재)_1P_김소희_260710_제과_문형민,64,1,1769.0,0
2026-07-20,[제과_콘스프맛 팝콘] 26.05_콘스프맛팝콘출시_수동_전환_video,전화네고형_팝콘더블특가_콘스프맛 (~7/1),[26.06]F_V_PC콘_전환_팝콘더블특가_네고형_전화네고형.다이어트_main.릴스_메인.슬기.X_1P_최나영_260625_제과_피재은,1221,46,20191.0,2
2026-07-20,(마스터2) [제과_단백질 쉐이크] 26.07_단백질쉐이크출시_ASC_전환_image,(마스터2) [제과_단백질 쉐이크] 26.07_단백질쉐이크출시_ASC_전환_image,[26.07]F_I_SK초_전환_단백질쉐이크출시_혜택강조형_파우치.개당가강조_.배너_특정시점.공구가보다싼.검증__이유빈_260706_제과_김수정,57,3,1361.0,1
2026-07-20,(마스터ASC)[제과_콘스프맛 팝콘] 26.05_콘스프맛팝콘출시_ASC_전환_video,(마스터ASC)[콘스프맛 팝콘] 26.05_콘스프맛팝콘출시_ASC_전환_video,[26.07]F_V_PC콘_전환_콘스프맛팝콘출시_네고형_지인네고형.다이어트_var2.릴스_취식상황강조2.슬기.(재)_1P_김소희_260710_제과_문형민,733,22,15087.0,2
2026-07-20,[제과_단백질 쉐이크] 26.06_단백질쉐이크출시_수동_전환_video,문제공감형_0710,[26.07]F_V_SK혼_전환_단백질쉐이크출시_신규BP_문제공감형.파우치.개당가강조_var4.릴스_노력강조.올리브영.X_2P_이유빈_260710_제과_이봄1,6812,248,112644.0,10
2026-07-21,(마스터2) [제과_단백질 쉐이크] 26.07_단백질쉐이크출시_ASC_전환_image,(마스터2) [제과_단백질 쉐이크] 26.07_단백질쉐이크출시_ASC_전환_image,[26.07]F_I_SK초_전환_단백질쉐이크출시_혜택강조형_파우치.개당가강조_.배너_특정시점.공구가보다싼.검증__이유빈_260706_제과_김수정,25,1,549.0,1
2026-07-21,[제과_단백질 쉐이크] 26.06_단백질쉐이크출시_수동_전환_video,문제공감형_0710,[26.07]F_V_SK혼_전환_단백질쉐이크출시_신규BP_문제공감형.파우치.개당가강조_var4.릴스_노력강조.올리브영.X_2P_이유빈_260710_제과_이봄1,6585,221,119153.0,13
2026-07-21,(마스터ASC)[제과_블트하] 26.07_블트깡출시_ASC_전환_image,(마스터ASC)[제과_블트하] 26.07_블트깡출시_ASC_전환_image,[26.07]F_I_BT깡_전환_블트깡출시_바이럴형_KR1_.배너_맘카페.하몽실체강조.검증__김소희_260720_제과_박지현,496,13,8797.0,1
2026-07-22,[제과_블트하] 26.07_블트깡출시_수동_전환_image_전체타겟,남편인정소비_블트깡출시 (KR1) (0728),[26.07]F_I_BT깡_전환_블트깡출시_바이럴형_KR1_.릴스_맘카페페르소나.지면테스트.육퇴후간식.검증__김소희_260721_제과_김수정,200,5,5546.0,1
2026-07-22,[제과_블트하] 26.07_블트깡출시_수동_전환_image_전체타겟,[칩] 맘카페.페르소나_블트칩출시 (KR1),[26.07]F_I_BT칩_전환_블트칩출시_바이럴형_KR1_.배너_맘카페페르소나.지면테스트.공구뜨면품절.검증__김소희_260722_제과_김수정,1044,39,21596.0,4
2026-07-22,[제과_블트하] 26.07_블트깡출시_수동_전환_image_전체타겟,[칩] 맘카페.페르소나_블트칩출시 (KR1),[26.07]F_I_BT칩_전환_블트칩출시_바이럴형_KR1_.배너_맘카페페르소나.지면테스트.중독성극찬.검증__김소희_260722_제과_김수정,1038,30,13968.0,6
2026-07-22,[제과_블트하] 26.07_블트깡출시_수동_전환_image_전체타겟,주변인인정_블트칩출시 (KR2) (0728),[26.07]F_I_BT칩_전환_블트칩출시_혜택강조형_KR2_.배너_비싼거때려넣음.지면테스트..검증__김소희_260722_제과_박서연,401,13,8427.0,1
2026-07-23,[제과_블트하] 26.07_블트깡출시_수동_전환_image_전체타겟,남편인정소비_블트깡출시 (KR1) (0728),[26.07]F_I_BT깡_전환_블트깡출시_바이럴형_KR1_.릴스_맘카페페르소나.지면테스트.육퇴후간식.검증__김소희_260721_제과_김수정,4,0,234.0,0
2026-07-23,[제과_블트하] 26.07_블트깡출시_수동_전환_image_전체타겟,[칩] 맘카페.페르소나_블트칩출시 (KR1),[26.07]F_I_BT칩_전환_블트칩출시_바이럴형_KR1_.배너_맘카페페르소나.지면테스트.공구뜨면품절.검증__김소희_260722_제과_김수정,656,24,14656.0,2
2026-07-23,[제과_블트하] 26.07_블트깡출시_수동_전환_image_전체타겟,[칩] 맘카페.페르소나_블트칩출시 (KR1),[26.07]F_I_BT칩_전환_블트칩출시_바이럴형_KR1_.배너_맘카페페르소나.지면테스트.중독성극찬.검증__김소희_260722_제과_김수정,1129,24,15268.0,2
2026-07-23,[제과_블트하] 26.07_블트깡출시_수동_전환_image_전체타겟,주변인인정_블트칩출시 (KR2) (0728),[26.07]F_I_BT칩_전환_블트칩출시_혜택강조형_KR2_.배너_비싼거때려넣음.지면테스트..검증__김소희_260722_제과_박서연,603,14,10988.0,0
2026-07-24,[제과_블트하] 26.07_블트깡출시_수동_전환_image_전체타겟,[칩] 맘카페.페르소나_블트칩출시 (KR1),[26.07]F_I_BT칩_전환_블트칩출시_바이럴형_KR1_.배너_맘카페페르소나.지면테스트.중독성극찬.검증__김소희_260722_제과_김수정,2908,66,51340.0,2
2026-07-24,(마스터ASC)[제과_블트하] 26.07_블트깡출시_ASC_전환_video,(마스터ASC)[제과_블트하] 26.07_블트깡출시_ASC_전환_video,[26.07]F_V_BT깡_전환_블트깡출시_네고형_지인네고형.KR2_main.릴스_메인.슬기.X_1P_최나영_260724_제과_피재은,275,10,4732.0,1
2026-07-24,[칩] (마스터ASC)[제과_블트하] 26.07_블트칩출시_ASC_전환_video,[칩] (마스터ASC)[제과_블트하] 26.07_블트칩출시_ASC_전환_video,[26.07]F_V_BT칩_전환_블트칩출시_쩜오건_미쯔BP.KR1_var1.릴스_1티어.X_2P_최나영_260724_제과_윤성미,327,10,4968.0,0
2026-07-25,(마스터ASC)[제과_블트하] 26.07_블트깡출시_ASC_전환_video,(마스터ASC)[제과_블트하] 26.07_블트깡출시_ASC_전환_video,[26.07]F_V_BT깡_전환_블트깡출시_네고형_지인네고형.KR2_main.릴스_메인.슬기.X_1P_최나영_260724_제과_피재은,2985,91,92362.0,5
2026-07-25,[칩] (마스터ASC)[제과_블트하] 26.07_블트칩출시_ASC_전환_video,[칩] (마스터ASC)[제과_블트하] 26.07_블트칩출시_ASC_전환_video,[26.07]F_V_BT칩_전환_블트칩출시_쩜오건_미쯔BP.KR1_var1.릴스_1티어.X_2P_최나영_260724_제과_윤성미,1630,32,27199.0,1
2026-07-26,(마스터ASC)[제과_블트하] 26.07_블트깡출시_ASC_전환_video,(마스터ASC)[제과_블트하] 26.07_블트깡출시_ASC_전환_video,[26.07]F_V_BT깡_전환_블트깡출시_네고형_지인네고형.KR2_main.릴스_메인.슬기.X_1P_최나영_260724_제과_피재은,520,18,19332.0,1
2026-07-26,[칩] (마스터ASC)[제과_블트하] 26.07_블트칩출시_ASC_전환_video,[칩] (마스터ASC)[제과_블트하] 26.07_블트칩출시_ASC_전환_video,[26.07]F_V_BT칩_전환_블트칩출시_쩜오건_미쯔BP.KR1_var1.릴스_1티어.X_2P_최나영_260724_제과_윤성미,1882,45,36334.0,3
2026-07-27,(마스터ASC)[제과_블트하] 26.07_블트깡출시_ASC_전환_video,(마스터ASC)[제과_블트하] 26.07_블트깡출시_ASC_전환_video,[26.07]F_V_BT깡_전환_블트깡출시_네고형_지인네고형.KR2_main.릴스_메인.슬기.X_1P_최나영_260724_제과_피재은,1131,38,42069.0,3
2026-07-27,[칩] (마스터ASC)[제과_블트하] 26.07_블트칩출시_ASC_전환_video,[칩] (마스터ASC)[제과_블트하] 26.07_블트칩출시_ASC_전환_video,[26.07]F_V_BT칩_전환_블트칩출시_쩜오건_미쯔BP.KR1_var1.릴스_1티어.X_2P_최나영_260724_제과_윤성미,1385,26,24948.0,1
2026-07-27,[제과_블트하] 26.07_블트깡출시_수동_전환_image_전체타겟,[혼합] 남편상황연출_블트칩출시 (KR1) (0727),[26.07]F_I_BT깡_전환_블트깡출시_바이럴형_KR1_.피드_남편인정.육퇴.확장__김소희_260727_제과_김수정,189,3,4221.0,0
2026-07-28,(마스터ASC)[제과_블트하] 26.07_블트깡출시_ASC_전환_video,(마스터ASC)[제과_블트하] 26.07_블트깡출시_ASC_전환_video,[26.07]F_V_BT깡_전환_블트깡출시_네고형_지인네고형.KR2_main.릴스_메인.슬기.X_1P_최나영_260724_제과_피재은,3075,99,114415.0,6
2026-07-28,[제과_블트하] 26.07_블트깡출시_수동_전환_image_전체타겟,[혼합] 남편상황연출_블트칩출시 (KR1) (0727),[26.07]F_I_BT깡_전환_블트깡출시_바이럴형_KR1_.피드_남편인정.육퇴.확장__김소희_260727_제과_김수정,438,8,8010.0,0
2026-07-01,(마스터ASC)[제과_콘스프맛 팝콘] 26.05_콘스프맛팝콘출시_ASC_전환_video,(마스터ASC)[콘스프맛 팝콘] 26.05_콘스프맛팝콘출시_ASC_전환_video,[26.06]F_V_PC혼_전환_팝콘더블특가_기타_꼬막BP_var1.릴스_ver1.슬기.추가건PJ_1P_최나영_260623_제과_문형민,2046,26,25736.0,4
2026-07-01,(미사용) [제과_단백질 쉐이크] 26.06_단백질쉐이크출시_ASC_전환_image,[제과_단백질 쉐이크] 26.06_단백질쉐이크출시_ASC_전환_image,[26.06]F_I_SK초_전환_단백질쉐이크출시_제품강조형_원재료강조_.배너_거의국밥급.코코볼잔뜩.가격비교O.__이유빈_260701_제과_문다현,6,0,141.0,0
2026-07-02,(마스터ASC)[제과_콘스프맛 팝콘] 26.05_콘스프맛팝콘출시_ASC_전환_video,(마스터ASC)[콘스프맛 팝콘] 26.05_콘스프맛팝콘출시_ASC_전환_video,[26.06]F_V_PC혼_전환_팝콘더블특가_기타_꼬막BP_var1.릴스_ver1.슬기.추가건PJ_1P_최나영_260623_제과_문형민,4011,59,53105.0,14
2026-07-02,(미사용) [제과_단백질 쉐이크] 26.06_단백질쉐이크출시_ASC_전환_image,[제과_단백질 쉐이크] 26.06_단백질쉐이크출시_ASC_전환_image,[26.06]F_I_SK초_전환_단백질쉐이크출시_제품강조형_원재료강조_.배너_거의국밥급.코코볼잔뜩.가격비교O.__이유빈_260701_제과_문다현,20,0,574.0,0
2026-07-03,(마스터ASC)[제과_콘스프맛 팝콘] 26.05_콘스프맛팝콘출시_ASC_전환_video,(마스터ASC)[콘스프맛 팝콘] 26.05_콘스프맛팝콘출시_ASC_전환_video,[26.06]F_V_PC혼_전환_팝콘더블특가_기타_꼬막BP_var1.릴스_ver1.슬기.추가건PJ_1P_최나영_260623_제과_문형민,301,3,2996.0,0
2026-07-03,(마스터ASC)[제과_콘스프맛 팝콘] 26.07_콘스프맛팝콘출시_ASC_전환_image (NEW),(마스터ASC)[콘스프맛 팝콘] 26.07_콘스프맛팝콘출시_ASC_전환_image (NEW),[26.07]F_I_PC혼_전환_팝콘할인페스타_혜택강조형_다이어트_.배너_선착순300명은또할인.pt받고먹어도됨.확장__김소희_260702_제과_문다현,227,7,3905.0,0
2026-07-04,(마스터ASC)[제과_콘스프맛 팝콘] 26.05_콘스프맛팝콘출시_ASC_전환_video,(마스터ASC)[콘스프맛 팝콘] 26.05_콘스프맛팝콘출시_ASC_전환_video,[26.06]F_V_PC혼_전환_팝콘더블특가_기타_꼬막BP_var1.릴스_ver1.슬기.추가건PJ_1P_최나영_260623_제과_문형민,475,5,5670.0,0
2026-07-04,(마스터ASC)[제과_콘스프맛 팝콘] 26.07_콘스프맛팝콘출시_ASC_전환_image (NEW),(마스터ASC)[콘스프맛 팝콘] 26.07_콘스프맛팝콘출시_ASC_전환_image (NEW),[26.07]F_I_PC혼_전환_팝콘할인페스타_혜택강조형_다이어트_.배너_선착순300명은또할인.pt받고먹어도됨.확장__김소희_260702_제과_문다현,813,7,14666.0,3
2026-07-04,(미사용) [제과_단백질 쉐이크] 26.06_단백질쉐이크출시_ASC_전환_image,[제과_단백질 쉐이크] 26.06_단백질쉐이크출시_ASC_전환_image,[26.07]F_I_SK초_전환_단백질쉐이크출시_혜택강조형_가격메리트_.릴스_초반가격강조.확장__이유빈_260703_제과_김수정,1208,28,23107.0,4
2026-07-05,(마스터ASC)[제과_콘스프맛 팝콘] 26.05_콘스프맛팝콘출시_ASC_전환_video,(마스터ASC)[콘스프맛 팝콘] 26.05_콘스프맛팝콘출시_ASC_전환_video,[26.06]F_V_PC혼_전환_팝콘더블특가_기타_꼬막BP_var1.릴스_ver1.슬기.추가건PJ_1P_최나영_260623_제과_문형민,150,1,1701.0,0
2026-07-05,(마스터ASC)[제과_콘스프맛 팝콘] 26.07_콘스프맛팝콘출시_ASC_전환_image (NEW),(마스터ASC)[콘스프맛 팝콘] 26.07_콘스프맛팝콘출시_ASC_전환_image (NEW),[26.07]F_I_PC혼_전환_팝콘할인페스타_혜택강조형_다이어트_.배너_선착순300명은또할인.pt받고먹어도됨.확장__김소희_260702_제과_문다현,632,18,12889.0,1
2026-07-05,(미사용) [제과_단백질 쉐이크] 26.06_단백질쉐이크출시_ASC_전환_image,[제과_단백질 쉐이크] 26.06_단백질쉐이크출시_ASC_전환_image,[26.07]F_I_SK초_전환_단백질쉐이크출시_혜택강조형_가격메리트_.릴스_초반가격강조.확장__이유빈_260703_제과_김수정,1719,53,27212.0,2
2026-07-05,[제과_콘스프맛 팝콘] 26.05_콘스프맛팝콘출시_수동_전환_image,선착순강조_팝콘할인페스타 (~7/8) (재세팅),[26.07]F_I_PC혼_전환_팝콘할인페스타_혜택강조형_다이어트_.배너_공지문.가격실수안내.중복할인.선착순300명한정.확장__김소희_260703_제과_문다현,457,12,8896.0,1
2026-07-06,(마스터ASC)[제과_콘스프맛 팝콘] 26.05_콘스프맛팝콘출시_ASC_전환_video,(마스터ASC)[콘스프맛 팝콘] 26.05_콘스프맛팝콘출시_ASC_전환_video,[26.06]F_V_PC혼_전환_팝콘더블특가_기타_꼬막BP_var1.릴스_ver1.슬기.추가건PJ_1P_최나영_260623_제과_문형민,3107,31,29390.0,5
2026-07-06,(미사용) [제과_단백질 쉐이크] 26.06_단백질쉐이크출시_ASC_전환_image,[제과_단백질 쉐이크] 26.06_단백질쉐이크출시_ASC_전환_image,[26.06]F_I_SK초_전환_단백질쉐이크출시_제품강조형_원재료강조_.배너_거의국밥급.코코볼잔뜩.가격비교O.__이유빈_260701_제과_문다현,2,0,76.0,0
2026-07-06,(미사용) [제과_단백질 쉐이크] 26.06_단백질쉐이크출시_ASC_전환_image,[제과_단백질 쉐이크] 26.06_단백질쉐이크출시_ASC_전환_image,[26.07]F_I_SK초_전환_단백질쉐이크출시_혜택강조형_가격메리트_.릴스_초반가격강조.확장__이유빈_260703_제과_김수정,1695,30,23648.0,0
2026-07-07,(마스터ASC)[제과_콘스프맛 팝콘] 26.05_콘스프맛팝콘출시_ASC_전환_video,(마스터ASC)[콘스프맛 팝콘] 26.05_콘스프맛팝콘출시_ASC_전환_video,[26.06]F_V_PC혼_전환_팝콘더블특가_기타_꼬막BP_var1.릴스_ver1.슬기.추가건PJ_1P_최나영_260623_제과_문형민,1504,20,14819.0,4
2026-07-07,(미사용) [제과_단백질 쉐이크] 26.06_단백질쉐이크출시_ASC_전환_image,[제과_단백질 쉐이크] 26.06_단백질쉐이크출시_ASC_전환_image,[26.06]F_I_SK초_전환_단백질쉐이크출시_제품강조형_원재료강조_.배너_거의국밥급.코코볼잔뜩.가격비교O.__이유빈_260701_제과_문다현,11,0,405.0,0
2026-07-07,(마스터2) [제과_단백질 쉐이크] 26.07_단백질쉐이크출시_ASC_전환_image,(마스터2) [제과_단백질 쉐이크] 26.07_단백질쉐이크출시_ASC_전환_image,[26.07]F_I_SK초_전환_단백질쉐이크출시_혜택강조형_파우치.개당가강조_.배너_불편하지않아도.통쉐이크보다파우치형이싸다고.검증__이유빈_260706_제과_김수정,1,0,14.0,0
2026-07-08,(마스터ASC)[제과_콘스프맛 팝콘] 26.05_콘스프맛팝콘출시_ASC_전환_video,(마스터ASC)[콘스프맛 팝콘] 26.05_콘스프맛팝콘출시_ASC_전환_video,[26.06]F_V_PC혼_전환_팝콘더블특가_기타_꼬막BP_var1.릴스_ver1.슬기.추가건PJ_1P_최나영_260623_제과_문형민,46,2,1031.0,0
2026-07-08,(미사용) [제과_단백질 쉐이크] 26.06_단백질쉐이크출시_ASC_전환_image,[제과_단백질 쉐이크] 26.06_단백질쉐이크출시_ASC_전환_image,[26.06]F_I_SK초_전환_단백질쉐이크출시_제품강조형_원재료강조_.배너_거의국밥급.코코볼잔뜩.가격비교O.__이유빈_260701_제과_문다현,7,0,183.0,0
2026-07-08,(마스터2) [제과_단백질 쉐이크] 26.07_단백질쉐이크출시_ASC_전환_image,(마스터2) [제과_단백질 쉐이크] 26.07_단백질쉐이크출시_ASC_전환_image,[26.07]F_I_SK초_전환_단백질쉐이크출시_혜택강조형_파우치.개당가강조_.배너_불편하지않아도.통쉐이크보다파우치형이싸다고.검증__이유빈_260706_제과_김수정,69,1,2001.0,0
2026-07-09,(마스터ASC)[제과_콘스프맛 팝콘] 26.05_콘스프맛팝콘출시_ASC_전환_video,(마스터ASC)[콘스프맛 팝콘] 26.05_콘스프맛팝콘출시_ASC_전환_video,[26.06]F_V_PC혼_전환_팝콘더블특가_기타_꼬막BP_var1.릴스_ver1.슬기.추가건PJ_1P_최나영_260623_제과_문형민,1651,31,18560.0,2
2026-07-09,(마스터2) [제과_단백질 쉐이크] 26.07_단백질쉐이크출시_ASC_전환_image,(마스터2) [제과_단백질 쉐이크] 26.07_단백질쉐이크출시_ASC_전환_image,[26.07]F_I_SK초_전환_단백질쉐이크출시_혜택강조형_파우치.개당가강조_.배너_불편하지않아도.통쉐이크보다파우치형이싸다고.검증__이유빈_260706_제과_김수정,1,0,23.0,0
2026-07-10,[제과_단쉐_990] 26.07_깜짝990딜_ASC_전환_video,[제과_단쉐_990] 26.07_깜짝990딜_ASC_전환_video,[26.07]F_V_SK혼_전환_단쉐990원_원데이건_캡컷_var1.릴스_다이소제품.X_2P_이유빈_260710_제과_이미진,1517,113,19787.0,0
2026-07-11,[제과_단쉐_990] 26.07_깜짝990딜_ASC_전환_video,[제과_단쉐_990] 26.07_깜짝990딜_ASC_전환_video,[26.07]F_V_SK혼_전환_단쉐990원_원데이건_캡컷_var1.릴스_다이소제품.X_2P_이유빈_260710_제과_이미진,224,14,2552.0,2
2026-07-13,(마스터2) [제과_단백질 쉐이크] 26.07_단백질쉐이크출시_ASC_전환_image,(마스터2) [제과_단백질 쉐이크] 26.07_단백질쉐이크출시_ASC_전환_image,[26.07]F_I_SK초_전환_단백질쉐이크출시_혜택강조형_개당최저가비교_.배너_사진비교.다이소급으로싼.타사.확장__이유빈_260713_제과_문다현,199,4,4854.0,0
2026-07-14,(마스터2) [제과_단백질 쉐이크] 26.07_단백질쉐이크출시_ASC_전환_image,(마스터2) [제과_단백질 쉐이크] 26.07_단백질쉐이크출시_ASC_전환_image,[26.07]F_I_SK초_전환_단백질쉐이크출시_혜택강조형_파우치.개당가강조_.배너_불편하지않아도.통쉐이크보다파우치형이싸다고.검증__이유빈_260706_제과_김수정,1,0,6.0,0
2026-07-14,(마스터2) [제과_단백질 쉐이크] 26.07_단백질쉐이크출시_ASC_전환_image,(마스터2) [제과_단백질 쉐이크] 26.07_단백질쉐이크출시_ASC_전환_image,[26.07]F_I_SK초_전환_단백질쉐이크출시_혜택강조형_개당최저가비교_.배너_사진비교.다이소급으로싼.타사.확장__이유빈_260713_제과_문다현,645,6,12952.0,2
2026-07-15,[제과_블트하] 26.07_블트깡출시_수동_전환_video_전체타겟,브릭색드&맥주BP_블트깡출시 (KR1),[26.07]F_V_BT깡_전환_블트깡출시_신규BP_브릭샌드BP.KR1_main.릴스_메인.X_2P_김소희_260715_제과_윤성미,732,14,9342.0,2
2026-07-15,[제과_블트하] 26.07_블트깡출시_수동_전환_video_전체타겟,BP이식형_블트깡출시 (KR1),[26.07]F_V_BT깡_전환_블트깡출시_쩜오건_내돈내산리뷰.KR1_var1.릴스_역대급.X_1P_김소희_260715_제과_문형민,2674,68,37023.0,9
2026-07-15,[제과_블트하] 26.07_블트깡출시_수동_전환_image_전체타겟,맘카페페르소나_블트깡출시 (KR1),[26.07]F_I_BT깡_전환_블트깡출시_바이럴형_KR1_.배너_유행.혼술홈파티.검증__김소희_260715_제과_김수정,193,5,3463.0,0
2026-07-15,[제과_블트하] 26.07_블트깡출시_수동_전환_image_전체타겟,집단유행/유명인_블트깡출시 (KR1),[26.07]F_I_BT깡_전환_블트깡출시_바이럴형_KR1_.배너_일반특정집단.회사에서몰래먹다가.검증__김소희_260715_제과_김수정,98,1,2118.0,0
2026-07-16,(마스터2) [제과_단백질 쉐이크] 26.07_단백질쉐이크출시_ASC_전환_image,(마스터2) [제과_단백질 쉐이크] 26.07_단백질쉐이크출시_ASC_전환_image,[26.07]F_I_SK초_전환_단백질쉐이크출시_혜택강조형_파우치.개당가강조_.배너_불편하지않아도.통쉐이크보다파우치형이싸다고.검증__이유빈_260706_제과_김수정,3,0,22.0,0
2026-07-16,[제과_블트하] 26.07_블트깡출시_수동_전환_video_전체타겟,브릭색드&맥주BP_블트깡출시 (KR1),[26.07]F_V_BT깡_전환_블트깡출시_신규BP_브릭샌드BP.KR1_main.릴스_메인.X_2P_김소희_260715_제과_윤성미,7071,168,122946.0,24
2026-07-16,[제과_블트하] 26.07_블트깡출시_수동_전환_video_전체타겟,BP이식형_블트깡출시 (KR1),[26.07]F_V_BT깡_전환_블트깡출시_쩜오건_내돈내산리뷰.KR1_var1.릴스_역대급.X_1P_김소희_260715_제과_문형민,330,9,4769.0,1
2026-07-16,[제과_블트하] 26.07_블트깡출시_수동_전환_image_전체타겟,맘카페페르소나_블트깡출시 (KR1),[26.07]F_I_BT깡_전환_블트깡출시_바이럴형_KR1_.배너_유행.혼술홈파티.검증__김소희_260715_제과_김수정,309,3,6545.0,0
2026-07-16,[제과_블트하] 26.07_블트깡출시_수동_전환_image_전체타겟,집단유행/유명인_블트깡출시 (KR1),[26.07]F_I_BT깡_전환_블트깡출시_바이럴형_KR1_.배너_일반특정집단.회사에서몰래먹다가.검증__김소희_260715_제과_김수정,1,0,5.0,0
2026-07-17,[제과_블트하] 26.07_블트깡출시_수동_전환_video_전체타겟,브릭색드&맥주BP_블트깡출시 (KR1),[26.07]F_V_BT깡_전환_블트깡출시_신규BP_브릭샌드BP.KR1_main.릴스_메인.X_2P_김소희_260715_제과_윤성미,1006,18,15364.0,1
2026-07-17,[제과_블트하] 26.07_블트깡출시_수동_전환_video_전체타겟,BP이식형_블트깡출시 (KR1),[26.07]F_V_BT깡_전환_블트깡출시_쩜오건_내돈내산리뷰.KR1_var1.릴스_역대급.X_1P_김소희_260715_제과_문형민,214,3,3339.0,1
2026-07-18,(마스터2) [제과_단백질 쉐이크] 26.07_단백질쉐이크출시_ASC_전환_image,(마스터2) [제과_단백질 쉐이크] 26.07_단백질쉐이크출시_ASC_전환_image,[26.07]F_I_SK초_전환_단백질쉐이크출시_혜택강조형_파우치.개당가강조_.배너_불편하지않아도.통쉐이크보다파우치형이싸다고.검증__이유빈_260706_제과_김수정,30,2,811.0,0
2026-07-18,[제과_블트하] 26.07_블트깡출시_수동_전환_video_전체타겟,BP이식형_블트깡출시 (KR1),[26.07]F_V_BT깡_전환_블트깡출시_쩜오건_내돈내산리뷰.KR1_var1.릴스_역대급.X_1P_김소희_260715_제과_문형민,48,2,818.0,0
2026-07-19,(마스터2) [제과_단백질 쉐이크] 26.07_단백질쉐이크출시_ASC_전환_image,(마스터2) [제과_단백질 쉐이크] 26.07_단백질쉐이크출시_ASC_전환_image,[26.07]F_I_SK초_전환_단백질쉐이크출시_혜택강조형_파우치.개당가강조_.배너_불편하지않아도.통쉐이크보다파우치형이싸다고.검증__이유빈_260706_제과_김수정,9,0,96.0,0
2026-07-19,[제과_블트하] 26.07_블트깡출시_수동_전환_video_전체타겟,BP이식형_블트깡출시 (KR1),[26.07]F_V_BT깡_전환_블트깡출시_쩜오건_내돈내산리뷰.KR1_var1.릴스_역대급.X_1P_김소희_260715_제과_문형민,362,13,5981.0,1
2026-07-20,(마스터2) [제과_단백질 쉐이크] 26.07_단백질쉐이크출시_ASC_전환_image,(마스터2) [제과_단백질 쉐이크] 26.07_단백질쉐이크출시_ASC_전환_image,[26.07]F_I_SK초_전환_단백질쉐이크출시_혜택강조형_파우치.개당가강조_.배너_불편하지않아도.통쉐이크보다파우치형이싸다고.검증__이유빈_260706_제과_김수정,24,1,324.0,0
2026-07-20,[제과_블트하] 26.07_블트깡출시_수동_전환_video_전체타겟,BP이식형_블트깡출시 (KR1),[26.07]F_V_BT깡_전환_블트깡출시_쩜오건_내돈내산리뷰.KR1_var1.릴스_역대급.X_1P_김소희_260715_제과_문형민,145,3,2292.0,1
2026-07-21,(마스터2) [제과_단백질 쉐이크] 26.07_단백질쉐이크출시_ASC_전환_image,(마스터2) [제과_단백질 쉐이크] 26.07_단백질쉐이크출시_ASC_전환_image,[26.07]F_I_SK초_전환_단백질쉐이크출시_혜택강조형_파우치.개당가강조_.배너_불편하지않아도.통쉐이크보다파우치형이싸다고.검증__이유빈_260706_제과_김수정,1,0,12.0,0
2026-07-21,[제과_블트하] 26.07_블트깡출시_수동_전환_video_전체타겟,BP이식형_블트깡출시 (KR1),[26.07]F_V_BT깡_전환_블트깡출시_쩜오건_내돈내산리뷰.KR1_var1.릴스_역대급.X_1P_김소희_260715_제과_문형민,38,1,717.0,0
2026-07-21,[제과_블트하] 26.07_블트깡출시_수동_전환_image_전체타겟,집단유행/유명인_블트깡출시 (KR1),[26.07]F_I_BT깡_전환_블트깡출시_바이럴형_KR1_.배너_일반특정집단.회사에서몰래먹다가.검증__김소희_260715_제과_김수정,7,0,97.0,0
2026-07-22,[제과_블트하] 26.07_블트깡출시_수동_전환_video_전체타겟,BP이식형_블트깡출시 (KR1),[26.07]F_V_BT깡_전환_블트깡출시_쩜오건_내돈내산리뷰.KR1_var1.릴스_역대급.X_1P_김소희_260715_제과_문형민,89,1,1526.0,0
2026-07-23,[칩] (마스터ASC)[제과_블트하] 26.07_블트칩출시_ASC_전환_video,[칩] (마스터ASC)[제과_블트하] 26.07_블트칩출시_ASC_전환_video,[26.07]F_V_BT혼_전환_블트칩출시_기타_클룹BP.KR1_var1.릴스_남편.슬기.X_1P_최나영_260723_제과_피재은,41,3,661.0,0
2026-07-23,[칩] (마스터ASC)[제과_블트하] 26.07_블트칩출시_ASC_전환_video,[칩] (마스터ASC)[제과_블트하] 26.07_블트칩출시_ASC_전환_video,[26.07]F_V_BT혼_전환_블트칩출시_기타_클룹BP.KR1_var2.릴스_중국산.슬기.X_1P_최나영_260723_제과_피재은,676,12,11035.0,0
2026-07-24,[칩] (마스터ASC)[제과_블트하] 26.07_블트칩출시_ASC_전환_video,[칩] (마스터ASC)[제과_블트하] 26.07_블트칩출시_ASC_전환_video,[26.07]F_V_BT혼_전환_블트칩출시_기타_클룹BP.KR1_var1.릴스_남편.슬기.X_1P_최나영_260723_제과_피재은,78,6,2637.0,1
2026-07-24,[칩] (마스터ASC)[제과_블트하] 26.07_블트칩출시_ASC_전환_video,[칩] (마스터ASC)[제과_블트하] 26.07_블트칩출시_ASC_전환_video,[26.07]F_V_BT혼_전환_블트칩출시_기타_클룹BP.KR1_var2.릴스_중국산.슬기.X_1P_최나영_260723_제과_피재은,371,14,5876.0,0
2026-07-24,[제과_블트하] 26.07_블트깡출시_수동_전환_image_전체타겟,(칩) 맘카페&혜택강조형_블트칩출시 (0723),[26.07]F_I_BT칩_전환_블트칩출시_혜택강조형_KR1_.배너_입맛까다로운엄마들사이에서.사분할형.확장__김소희_260723_제과_박서연,168,0,2602.0,1
2026-07-24,[제과_블트하] 26.07_블트깡출시_수동_전환_image_전체타겟,(시리즈) 맘카페&혜택강조형_블트칩출시 (KR1) (0723),[26.07]F_I_BT혼_전환_블트칩출시_혜택강조형_KR1_.배너_가격실수안내.서브웨이BP.확장__김소희_260723_제과_김수정,105,4,2230.0,1
2026-07-24,[제과_블트하] 26.07_블트깡출시_수동_전환_video_전체타겟,(0725) 취식강조형_블트깡출시 (KR2) (미진님),[26.07]F_V_BT깡_전환_블트깡출시_취식강조형_먹방.KR2_main.릴스_대세감.X_2P_김소희_260724_제과_이미진,2485,51,45639.0,2
2026-07-25,[칩] (마스터ASC)[제과_블트하] 26.07_블트칩출시_ASC_전환_video,[칩] (마스터ASC)[제과_블트하] 26.07_블트칩출시_ASC_전환_video,[26.07]F_V_BT혼_전환_블트칩출시_기타_클룹BP.KR1_var1.릴스_남편.슬기.X_1P_최나영_260723_제과_피재은,43,4,1769.0,0
2026-07-25,[칩] (마스터ASC)[제과_블트하] 26.07_블트칩출시_ASC_전환_video,[칩] (마스터ASC)[제과_블트하] 26.07_블트칩출시_ASC_전환_video,[26.07]F_V_BT혼_전환_블트칩출시_기타_클룹BP.KR1_var2.릴스_중국산.슬기.X_1P_최나영_260723_제과_피재은,6,0,86.0,0
2026-07-25,[제과_블트하] 26.07_블트깡출시_수동_전환_image_전체타겟,(칩) 맘카페&혜택강조형_블트칩출시 (0723),[26.07]F_I_BT칩_전환_블트칩출시_혜택강조형_KR1_.배너_입맛까다로운엄마들사이에서.사분할형.확장__김소희_260723_제과_박서연,20,0,261.0,0
2026-07-25,[제과_블트하] 26.07_블트깡출시_수동_전환_image_전체타겟,(시리즈) 맘카페&혜택강조형_블트칩출시 (KR1) (0723),[26.07]F_I_BT혼_전환_블트칩출시_혜택강조형_KR1_.배너_가격실수안내.서브웨이BP.확장__김소희_260723_제과_김수정,191,3,5653.0,0
2026-07-25,[제과_블트하] 26.07_블트깡출시_수동_전환_video_전체타겟,(0725) 취식강조형_블트깡출시 (KR2) (미진님),[26.07]F_V_BT깡_전환_블트깡출시_취식강조형_먹방.KR2_main.릴스_대세감.X_2P_김소희_260724_제과_이미진,2832,82,79023.0,5
2026-07-26,[제과_블트하] 26.07_블트깡출시_수동_전환_video_전체타겟,(0725) 취식강조형_블트깡출시 (KR2) (미진님),[26.07]F_V_BT깡_전환_블트깡출시_취식강조형_먹방.KR2_main.릴스_대세감.X_2P_김소희_260724_제과_이미진,870,21,26393.0,1
2026-07-27,[제과_블트하] 26.07_블트깡출시_수동_전환_image_전체타겟,(칩) 맘카페&혜택강조형_블트칩출시 (0723),[26.07]F_I_BT칩_전환_블트칩출시_혜택강조형_KR1_.배너_입맛까다로운엄마들사이에서.사분할형.확장__김소희_260723_제과_박서연,3,0,23.0,0
2026-07-27,[제과_블트하] 26.07_블트깡출시_수동_전환_video_전체타겟,(0725) 취식강조형_블트깡출시 (KR2) (미진님),[26.07]F_V_BT깡_전환_블트깡출시_취식강조형_먹방.KR2_main.릴스_대세감.X_2P_김소희_260724_제과_이미진,4637,69,102244.0,6
2026-07-28,[제과_블트하] 26.07_블트깡출시_수동_전환_video_전체타겟,(0725) 취식강조형_블트깡출시 (KR2) (미진님),[26.07]F_V_BT깡_전환_블트깡출시_취식강조형_먹방.KR2_main.릴스_대세감.X_2P_김소희_260724_제과_이미진,2671,31,58025.0,3
2026-07-01,(미사용) [제과_단백질 쉐이크] 26.06_단백질쉐이크출시_ASC_전환_image,[제과_단백질 쉐이크] 26.06_단백질쉐이크출시_ASC_전환_image,[26.06]F_I_SK곡_전환_단백질쉐이크출시_제품강조형_원재료강조_.배너_검정쌀현미파로볼.토핑6종.가격비교X.__이유빈_260701_제과_문다현,9,1,508.0,0
2026-07-02,(미사용) [제과_단백질 쉐이크] 26.06_단백질쉐이크출시_ASC_전환_image,[제과_단백질 쉐이크] 26.06_단백질쉐이크출시_ASC_전환_image,[26.07]F_I_SK초_전환_단백질쉐이크출시_혜택강조형_가격메리트_.배너_육각형.3세대단쉐.확장__이유빈_260702_제과_김수정,12,1,250.0,0
2026-07-03,(미사용) [제과_단백질 쉐이크] 26.06_단백질쉐이크출시_ASC_전환_image,[제과_단백질 쉐이크] 26.06_단백질쉐이크출시_ASC_전환_image,[26.06]F_I_SK곡_전환_단백질쉐이크출시_제품강조형_원재료강조_.배너_검정쌀현미파로볼.토핑6종.가격비교X.__이유빈_260701_제과_문다현,2,0,34.0,0
2026-07-03,(미사용) [제과_단백질 쉐이크] 26.06_단백질쉐이크출시_ASC_전환_image,[제과_단백질 쉐이크] 26.06_단백질쉐이크출시_ASC_전환_image,[26.07]F_I_SK초_전환_단백질쉐이크출시_혜택강조형_가격메리트_.배너_육각형.3세대단쉐.확장__이유빈_260702_제과_김수정,448,5,10240.0,1
2026-07-04,[제과_단백질 쉐이크] 26.06_단백질쉐이크출시_수동_전환_video,전화네고형_0702,[26.07]F_V_SK곡_전환_단백질쉐이크출시_네고형_전화네고형_main.릴스_본론.X_2P_이유빈_260703_제과_윤성미,374,7,8082.0,0
2026-07-07,(미사용) [제과_단백질 쉐이크] 26.06_단백질쉐이크출시_ASC_전환_image,[제과_단백질 쉐이크] 26.06_단백질쉐이크출시_ASC_전환_image,[26.06]F_I_SK곡_전환_단백질쉐이크출시_제품강조형_원재료강조_.배너_검정쌀현미파로볼.토핑6종.가격비교X.__이유빈_260701_제과_문다현,190,1,4001.0,0
2026-07-15,[제과_단백질 쉐이크] 26.06_단백질쉐이크출시_수동_전환_image,올영최저가비교_0714,[26.07]F_I_SK혼_전환_단백질쉐이크출시_혜택강조형_올영최저가비교_.배너_폭싹깎았어요.네고형.확장__이유빈_260714_제과_문다현,27,0,563.0,0
2026-07-15,(마스터2) [제과_단백질 쉐이크] 26.07_단백질쉐이크출시_ASC_전환_image,(마스터2) [제과_단백질 쉐이크] 26.07_단백질쉐이크출시_ASC_전환_image,[26.07]F_I_SK혼_전환_단백질쉐이크출시_혜택강조형_올영최저가비교_.배너_안사고버티길잘했다.네고형.확장__이유빈_260714_제과_문다현,71,3,1838.0,0
2026-07-15,[제과_블트하] 26.07_블트깡출시_수동_전환_video_전체타겟,BP이식형2_블트깡출시 (KR1/2),[26.07]F_V_BT깡_전환_블트깡출시_쩜오건_대세감실체.KR1_main.릴스_창고형매장실체.X_1P_김소희_260715_제과_문형민,30,0,386.0,0
2026-07-15,[제과_블트하] 26.07_블트깡출시_수동_전환_image_전체타겟,3040대세감_블트깡출시 (KR1),[26.07]F_I_BT깡_전환_블트깡출시_혜택강조형_혜택강조형_.배너_SNS에서난리났던그조합.검증__김소희_260715_제과_박서연,196,3,5001.0,0
2026-07-15,(마스터ASC)[제과_블트하] 26.07_블트깡출시_ASC_전환_image,(마스터ASC)[제과_블트하] 26.07_블트깡출시_ASC_전환_image,[26.07]F_I_BT깡_전환_블트깡출시_바이럴형_KR2_.배너_원산지페포.좋아하는데원산지가.검증__김소희_260715_제과_김수정,25,2,300.0,0
2026-07-15,(마스터ASC)[제과_블트하] 26.07_블트깡출시_ASC_전환_image,(마스터ASC)[제과_블트하] 26.07_블트깡출시_ASC_전환_image,[26.07]F_I_BT깡_전환_블트깡출시_매거진형_KR1_.배너_판매량.한봉지사겠다고.검증__김소희_260715_제과_김수정,11,1,127.0,0
2026-07-15,[제과_블트하] 26.07_블트깡출시_수동_전환_image_전체타겟,집단유행/유명인_블트깡출시 (KR1),[26.07]F_I_BT깡_전환_블트깡출시_바이럴형_KR1_.배너_일반특정집단.맘카페에서입소문시작.검증__김소희_260715_제과_김수정,11441,353,143910.0,33
2026-07-16,[제과_단백질 쉐이크] 26.06_단백질쉐이크출시_수동_전환_image,올영최저가비교_0714,[26.07]F_I_SK혼_전환_단백질쉐이크출시_혜택강조형_올영최저가비교_.배너_폭싹깎았어요.네고형.확장__이유빈_260714_제과_문다현,19,0,391.0,0
2026-07-16,(마스터2) [제과_단백질 쉐이크] 26.07_단백질쉐이크출시_ASC_전환_image,(마스터2) [제과_단백질 쉐이크] 26.07_단백질쉐이크출시_ASC_전환_image,[26.07]F_I_SK혼_전환_단백질쉐이크출시_혜택강조형_올영최저가비교_.배너_안사고버티길잘했다.네고형.확장__이유빈_260714_제과_문다현,4,0,60.0,0
2026-07-16,[제과_블트하] 26.07_블트깡출시_수동_전환_video_전체타겟,BP이식형2_블트깡출시 (KR1/2),[26.07]F_V_BT깡_전환_블트깡출시_쩜오건_대세감실체.KR1_main.릴스_창고형매장실체.X_1P_김소희_260715_제과_문형민,22,0,480.0,0
2026-07-16,[제과_블트하] 26.07_블트깡출시_수동_전환_image_전체타겟,3040대세감_블트깡출시 (KR1),[26.07]F_I_BT깡_전환_블트깡출시_혜택강조형_혜택강조형_.배너_SNS에서난리났던그조합.검증__김소희_260715_제과_박서연,148,4,3694.0,1
2026-07-16,(마스터ASC)[제과_블트하] 26.07_블트깡출시_ASC_전환_image,(마스터ASC)[제과_블트하] 26.07_블트깡출시_ASC_전환_image,[26.07]F_I_BT깡_전환_블트깡출시_바이럴형_KR2_.배너_원산지페포.좋아하는데원산지가.검증__김소희_260715_제과_김수정,5,0,42.0,0
2026-07-16,(마스터ASC)[제과_블트하] 26.07_블트깡출시_ASC_전환_image,(마스터ASC)[제과_블트하] 26.07_블트깡출시_ASC_전환_image,[26.07]F_I_BT깡_전환_블트깡출시_매거진형_KR1_.배너_판매량.한봉지사겠다고.검증__김소희_260715_제과_김수정,85,3,1756.0,1
2026-07-16,[제과_블트하] 26.07_블트깡출시_수동_전환_image_전체타겟,집단유행/유명인_블트깡출시 (KR1),[26.07]F_I_BT깡_전환_블트깡출시_바이럴형_KR1_.배너_일반특정집단.맘카페에서입소문시작.검증__김소희_260715_제과_김수정,18348,592,275962.0,58
2026-07-16,[제과_단백질 쉐이크] 26.06_단백질쉐이크출시_수동_전환_image,올영최저가비교_0715,[26.07]F_I_SK초_전환_단백질쉐이크출시_혜택강조형_올영최저가비교_.배너_크고불편하시죠.더싼거드세요.확장__이유빈_260715_제과_문다현,154,2,4091.0,0
2026-07-16,(마스터2) [제과_단백질 쉐이크] 26.07_단백질쉐이크출시_ASC_전환_image,(마스터2) [제과_단백질 쉐이크] 26.07_단백질쉐이크출시_ASC_전환_image,[26.07]F_I_SK곡_전환_단백질쉐이크출시_혜택강조형_올영최저가비교_.배너_위아래초록.불편한대용량.갈아탈기회.확장__이유빈_260715_제과_문다현,407,14,10428.0,1
2026-07-17,[제과_단백질 쉐이크] 26.06_단백질쉐이크출시_수동_전환_image,올영최저가비교_0714,[26.07]F_I_SK혼_전환_단백질쉐이크출시_혜택강조형_올영최저가비교_.배너_폭싹깎았어요.네고형.확장__이유빈_260714_제과_문다현,4,0,58.0,0
2026-07-17,[제과_블트하] 26.07_블트깡출시_수동_전환_video_전체타겟,BP이식형2_블트깡출시 (KR1/2),[26.07]F_V_BT깡_전환_블트깡출시_쩜오건_대세감실체.KR1_main.릴스_창고형매장실체.X_1P_김소희_260715_제과_문형민,121,2,2163.0,0
2026-07-17,[제과_블트하] 26.07_블트깡출시_수동_전환_image_전체타겟,3040대세감_블트깡출시 (KR1),[26.07]F_I_BT깡_전환_블트깡출시_혜택강조형_혜택강조형_.배너_SNS에서난리났던그조합.검증__김소희_260715_제과_박서연,11,2,366.0,0
2026-07-17,(마스터ASC)[제과_블트하] 26.07_블트깡출시_ASC_전환_image,(마스터ASC)[제과_블트하] 26.07_블트깡출시_ASC_전환_image,[26.07]F_I_BT깡_전환_블트깡출시_바이럴형_KR2_.배너_원산지페포.좋아하는데원산지가.검증__김소희_260715_제과_김수정,5,0,128.0,0
2026-07-17,(마스터ASC)[제과_블트하] 26.07_블트깡출시_ASC_전환_image,(마스터ASC)[제과_블트하] 26.07_블트깡출시_ASC_전환_image,[26.07]F_I_BT깡_전환_블트깡출시_매거진형_KR1_.배너_판매량.한봉지사겠다고.검증__김소희_260715_제과_김수정,144,3,2990.0,1
2026-07-17,[제과_블트하] 26.07_블트깡출시_수동_전환_image_전체타겟,집단유행/유명인_블트깡출시 (KR1),[26.07]F_I_BT깡_전환_블트깡출시_바이럴형_KR1_.배너_일반특정집단.맘카페에서입소문시작.검증__김소희_260715_제과_김수정,3309,98,48191.0,7
2026-07-17,[제과_단백질 쉐이크] 26.06_단백질쉐이크출시_수동_전환_image,올영최저가비교_0715,[26.07]F_I_SK초_전환_단백질쉐이크출시_혜택강조형_올영최저가비교_.배너_크고불편하시죠.더싼거드세요.확장__이유빈_260715_제과_문다현,36,0,1270.0,0
2026-07-18,[제과_블트하] 26.07_블트깡출시_수동_전환_video_전체타겟,BP이식형2_블트깡출시 (KR1/2),[26.07]F_V_BT깡_전환_블트깡출시_쩜오건_대세감실체.KR1_main.릴스_창고형매장실체.X_1P_김소희_260715_제과_문형민,32,0,537.0,0
2026-07-18,(마스터ASC)[제과_블트하] 26.07_블트깡출시_ASC_전환_image,(마스터ASC)[제과_블트하] 26.07_블트깡출시_ASC_전환_image,[26.07]F_I_BT깡_전환_블트깡출시_매거진형_KR1_.배너_판매량.한봉지사겠다고.검증__김소희_260715_제과_김수정,5,0,87.0,0
2026-07-18,[제과_블트하] 26.07_블트깡출시_수동_전환_image_전체타겟,집단유행/유명인_블트깡출시 (KR1),[26.07]F_I_BT깡_전환_블트깡출시_바이럴형_KR1_.배너_일반특정집단.맘카페에서입소문시작.검증__김소희_260715_제과_김수정,3230,108,56652.0,13
2026-07-19,[제과_단백질 쉐이크] 26.06_단백질쉐이크출시_수동_전환_image,올영최저가비교_0714,[26.07]F_I_SK혼_전환_단백질쉐이크출시_혜택강조형_올영최저가비교_.배너_폭싹깎았어요.네고형.확장__이유빈_260714_제과_문다현,7,0,70.0,0
2026-07-19,[제과_블트하] 26.07_블트깡출시_수동_전환_video_전체타겟,BP이식형2_블트깡출시 (KR1/2),[26.07]F_V_BT깡_전환_블트깡출시_쩜오건_대세감실체.KR1_main.릴스_창고형매장실체.X_1P_김소희_260715_제과_문형민,62,0,1710.0,0
2026-07-19,(마스터ASC)[제과_블트하] 26.07_블트깡출시_ASC_전환_image,(마스터ASC)[제과_블트하] 26.07_블트깡출시_ASC_전환_image,[26.07]F_I_BT깡_전환_블트깡출시_매거진형_KR1_.배너_판매량.한봉지사겠다고.검증__김소희_260715_제과_김수정,131,1,2513.0,0
2026-07-19,[제과_블트하] 26.07_블트깡출시_수동_전환_image_전체타겟,집단유행/유명인_블트깡출시 (KR1),[26.07]F_I_BT깡_전환_블트깡출시_바이럴형_KR1_.배너_일반특정집단.맘카페에서입소문시작.검증__김소희_260715_제과_김수정,739,33,12216.0,3
2026-07-20,[제과_블트하] 26.07_블트깡출시_수동_전환_video_전체타겟,BP이식형2_블트깡출시 (KR1/2),[26.07]F_V_BT깡_전환_블트깡출시_쩜오건_대세감실체.KR1_main.릴스_창고형매장실체.X_1P_김소희_260715_제과_문형민,38,1,794.0,1
2026-07-20,(마스터ASC)[제과_블트하] 26.07_블트깡출시_ASC_전환_image,(마스터ASC)[제과_블트하] 26.07_블트깡출시_ASC_전환_image,[26.07]F_I_BT깡_전환_블트깡출시_매거진형_KR1_.배너_판매량.한봉지사겠다고.검증__김소희_260715_제과_김수정,69,1,1254.0,0
2026-07-20,[제과_블트하] 26.07_블트깡출시_수동_전환_image_전체타겟,집단유행/유명인_블트깡출시 (KR1),[26.07]F_I_BT깡_전환_블트깡출시_바이럴형_KR1_.배너_일반특정집단.맘카페에서입소문시작.검증__김소희_260715_제과_김수정,5064,148,80997.0,24
2026-07-21,[제과_블트하] 26.07_블트깡출시_수동_전환_video_전체타겟,BP이식형2_블트깡출시 (KR1/2),[26.07]F_V_BT깡_전환_블트깡출시_쩜오건_대세감실체.KR1_main.릴스_창고형매장실체.X_1P_김소희_260715_제과_문형민,48,3,1234.0,2
2026-07-21,[제과_블트하] 26.07_블트깡출시_수동_전환_image_전체타겟,3040대세감_블트깡출시 (KR1),[26.07]F_I_BT깡_전환_블트깡출시_혜택강조형_혜택강조형_.배너_SNS에서난리났던그조합.검증__김소희_260715_제과_박서연,196,14,5720.0,1
2026-07-21,[제과_블트하] 26.07_블트깡출시_수동_전환_image_전체타겟,집단유행/유명인_블트깡출시 (KR1),[26.07]F_I_BT깡_전환_블트깡출시_바이럴형_KR1_.배너_일반특정집단.맘카페에서입소문시작.검증__김소희_260715_제과_김수정,1573,34,27544.0,3
2026-07-21,[제과_단백질 쉐이크] 26.06_단백질쉐이크출시_수동_전환_image,올영최저가비교_0715,[26.07]F_I_SK초_전환_단백질쉐이크출시_혜택강조형_올영최저가비교_.배너_크고불편하시죠.더싼거드세요.확장__이유빈_260715_제과_문다현,24,1,540.0,0
2026-07-21,[제과_블트하] 26.07_블트깡출시_수동_전환_video_전체타겟,브릭색드&맥주BP_블트깡출시 (KR1),[26.07]F_V_BT깡_전환_블트깡출시_인물리뷰형_맥주BP.KR1_var1.릴스_페르소나.슬기.X_1P_최나영_260721_제과_피재은,276,8,6352.0,5
2026-07-22,[제과_블트하] 26.07_블트깡출시_수동_전환_video_전체타겟,BP이식형2_블트깡출시 (KR1/2),[26.07]F_V_BT깡_전환_블트깡출시_쩜오건_대세감실체.KR1_main.릴스_창고형매장실체.X_1P_김소희_260715_제과_문형민,14,0,266.0,0
2026-07-22,[제과_블트하] 26.07_블트깡출시_수동_전환_video_전체타겟,브릭색드&맥주BP_블트깡출시 (KR1),[26.07]F_V_BT깡_전환_블트깡출시_인물리뷰형_맥주BP.KR1_var1.릴스_페르소나.슬기.X_1P_최나영_260721_제과_피재은,13,1,298.0,1
2026-07-22,[칩] (마스터ASC)[제과_블트하] 26.07_블트칩출시_ASC_전환_image,[칩] (마스터ASC)[제과_블트하] 26.07_블트칩출시_ASC_전환_image,[26.07]F_I_BT칩_전환_블트칩출시_바이럴형_KR1_.배너_맘카페페르소나.지면테스트.공구뜨면품절.검증__김소희_260722_제과_김수정,647,26,13064.0,1
2026-07-23,[제과_블트하] 26.07_블트깡출시_수동_전환_video_전체타겟,BP이식형2_블트깡출시 (KR1/2),[26.07]F_V_BT깡_전환_블트깡출시_쩜오건_대세감실체.KR1_main.릴스_창고형매장실체.X_1P_김소희_260715_제과_문형민,3,0,12.0,0
2026-07-23,[칩] (마스터ASC)[제과_블트하] 26.07_블트칩출시_ASC_전환_image,[칩] (마스터ASC)[제과_블트하] 26.07_블트칩출시_ASC_전환_image,[26.07]F_I_BT칩_전환_블트칩출시_바이럴형_KR1_.배너_맘카페페르소나.지면테스트.공구뜨면품절.검증__김소희_260722_제과_김수정,618,18,15929.0,0
2026-07-23,(마스터ASC)[제과_블트하] 26.07_블트깡출시_ASC_전환_image,(마스터ASC)[제과_블트하] 26.07_블트깡출시_ASC_전환_image,[26.07]F_I_BT혼_전환_블트칩출시_혜택강조형_KR1_.배너_입맛까다로운엄마들사이에서.사분할형.칩깡동시소구.확장__김소희_260723_제과_박서연,1,0,12.0,0
2026-07-24,(마스터ASC)[제과_블트하] 26.07_블트깡출시_ASC_전환_image,(마스터ASC)[제과_블트하] 26.07_블트깡출시_ASC_전환_image,[26.07]F_I_BT혼_전환_블트칩출시_혜택강조형_KR1_.배너_입맛까다로운엄마들사이에서.사분할형.칩깡동시소구.확장__김소희_260723_제과_박서연,82,3,1629.0,0
2026-07-24,[제과_블트하] 26.07_블트깡출시_수동_전환_video_전체타겟,(0725) [칩] BP이식형_블트칩출시 (KR1) (경연님/성미님),[26.07]F_V_BT칩_전환_블트칩출시_쩜오건_미쯔BP.KR1_var2.릴스_페르소나.X_2P_최나영_260724_제과_윤성미,503,16,8260.0,0
2026-07-24,[칩] (마스터ASC)[제과_블트하] 26.07_블트칩출시_ASC_전환_video,[칩] (마스터ASC)[제과_블트하] 26.07_블트칩출시_ASC_전환_video,[26.07]F_V_BT칩_전환_블트칩출시_쩜오건_3040페르소나강조.리셀.KR1_main.릴스_공통.X_1P_김소희_260724_제과_강경연,41,1,751.0,0
2026-07-24,[제과_블트하] 26.07_블트깡출시_수동_전환_image_전체타겟,(칩) 상황연출_호기심유발_블트칩출시(릴스형) (KR2),[26.07]F_I_BT칩_전환_블트칩출시_혜택강조형_KR2_.릴스_상황연출.영상형.신혼부부.확장__김소희_260724_제과_김수정,71,1,1260.0,0
2026-07-25,[제과_블트하] 26.07_블트깡출시_수동_전환_video_전체타겟,브릭색드&맥주BP_블트깡출시 (KR1),[26.07]F_V_BT깡_전환_블트깡출시_인물리뷰형_맥주BP.KR1_var1.릴스_페르소나.슬기.X_1P_최나영_260721_제과_피재은,50,2,1361.0,0
2026-07-25,(마스터ASC)[제과_블트하] 26.07_블트깡출시_ASC_전환_image,(마스터ASC)[제과_블트하] 26.07_블트깡출시_ASC_전환_image,[26.07]F_I_BT혼_전환_블트칩출시_혜택강조형_KR1_.배너_입맛까다로운엄마들사이에서.사분할형.칩깡동시소구.확장__김소희_260723_제과_박서연,400,13,9760.0,1
2026-07-25,[제과_블트하] 26.07_블트깡출시_수동_전환_video_전체타겟,(0725) [칩] BP이식형_블트칩출시 (KR1) (경연님/성미님),[26.07]F_V_BT칩_전환_블트칩출시_쩜오건_미쯔BP.KR1_var2.릴스_페르소나.X_2P_최나영_260724_제과_윤성미,18225,416,356291.0,24
2026-07-25,[칩] (마스터ASC)[제과_블트하] 26.07_블트칩출시_ASC_전환_video,[칩] (마스터ASC)[제과_블트하] 26.07_블트칩출시_ASC_전환_video,[26.07]F_V_BT칩_전환_블트칩출시_쩜오건_3040페르소나강조.리셀.KR1_main.릴스_공통.X_1P_김소희_260724_제과_강경연,17,0,242.0,0
2026-07-25,[제과_블트하] 26.07_블트깡출시_수동_전환_image_전체타겟,(칩) 상황연출_호기심유발_블트칩출시(릴스형) (KR2),[26.07]F_I_BT칩_전환_블트칩출시_혜택강조형_KR2_.릴스_상황연출.영상형.신혼부부.확장__김소희_260724_제과_김수정,252,10,9908.0,0
2026-07-26,[제과_블트하] 26.07_블트깡출시_수동_전환_video_전체타겟,(0725) [칩] BP이식형_블트칩출시 (KR1) (경연님/성미님),[26.07]F_V_BT칩_전환_블트칩출시_쩜오건_미쯔BP.KR1_var2.릴스_페르소나.X_2P_최나영_260724_제과_윤성미,1071,29,26629.0,3
2026-07-27,[제과_블트하] 26.07_블트깡출시_수동_전환_video_전체타겟,(0725) [칩] BP이식형_블트칩출시 (KR1) (경연님/성미님),[26.07]F_V_BT칩_전환_블트칩출시_쩜오건_미쯔BP.KR1_var2.릴스_페르소나.X_2P_최나영_260724_제과_윤성미,470,11,10548.0,1
2026-07-27,[제과_블트하] 26.07_블트깡출시_수동_전환_image_전체타겟,[혼합] 남편상황연출_블트칩출시 (KR1) (0727),[26.07]F_I_BT칩_전환_블트칩출시_바이럴형_KR1_.피드_남편인정.친구모임.확장__김소희_260727_제과_김수정,78,0,1672.0,0
2026-07-27,[칩] (마스터ASC)[제과_블트하] 26.07_블트칩출시_ASC_전환_image,[칩] (마스터ASC)[제과_블트하] 26.07_블트칩출시_ASC_전환_image,[26.07]F_I_BT깡_전환_블트칩출시_혜택강조형_KR2_.피드_주변인.옆자리동료.확장__김소희_260727_제과_박서연,5,0,75.0,0
2026-07-28,[제과_블트하] 26.07_블트깡출시_수동_전환_image_전체타겟,[혼합] 남편상황연출_블트칩출시 (KR1) (0727),[26.07]F_I_BT칩_전환_블트칩출시_바이럴형_KR1_.피드_남편인정.친구모임.확장__김소희_260727_제과_김수정,188,3,4007.0,2
2026-07-28,[칩] (마스터ASC)[제과_블트하] 26.07_블트칩출시_ASC_전환_image,[칩] (마스터ASC)[제과_블트하] 26.07_블트칩출시_ASC_전환_image,[26.07]F_I_BT깡_전환_블트칩출시_혜택강조형_KR2_.피드_주변인.옆자리동료.확장__김소희_260727_제과_박서연,1,0,7.0,0
2026-07-28,[제과_블트하] 26.07_블트깡출시_수동_전환_image_전체타겟,주변인인정_블트칩출시 (KR2) (0728),[26.07]F_I_BT혼_전환_블트칩출시_혜택강조형_KR2_.피드_지금이젤싸요..확장__김소희_260728_제과_박서연,456,12,9698.0,0
2026-07-04,[제과_단백질 쉐이크] 26.06_단백질쉐이크출시_수동_전환_video,전화네고형_0702,[26.07]F_V_SK곡_전환_단백질쉐이크출시_네고형_전화네고형_var5.릴스_선택지.숏.X_2P_이유빈_260703_제과_윤성미,1675,46,28946.0,4
2026-07-05,[제과_단백질 쉐이크] 26.06_단백질쉐이크출시_수동_전환_video,전화네고형_0702,[26.07]F_V_SK곡_전환_단백질쉐이크출시_네고형_전화네고형_var5.릴스_선택지.숏.X_2P_이유빈_260703_제과_윤성미,863,25,15649.0,3
2026-07-06,[제과_단백질 쉐이크] 26.06_단백질쉐이크출시_수동_전환_video,전화네고형_0702,[26.07]F_V_SK곡_전환_단백질쉐이크출시_네고형_전화네고형_var5.릴스_선택지.숏.X_2P_이유빈_260703_제과_윤성미,108,2,1793.0,0
2026-07-07,[제과_단백질 쉐이크] 26.06_단백질쉐이크출시_수동_전환_video,전화네고형_0702,[26.07]F_V_SK곡_전환_단백질쉐이크출시_네고형_전화네고형_var5.릴스_선택지.숏.X_2P_이유빈_260703_제과_윤성미,550,12,10757.0,0
2026-07-10,[제과_단쉐_990] 26.07_깜짝990딜_ASC_전환_image,[제과_단쉐_990] 26.07_깜짝990딜_ASC_전환_image,[26.07]F_I_SK혼_전환_단쉐990원_혜택강조형__.배너_다이소쇼핑보다짜릿.990원털기.다시는없습니다.확장__이유빈_260710_제과_문다현,182,13,3633.0,2
2026-07-11,[제과_단쉐_990] 26.07_깜짝990딜_ASC_전환_image,[제과_단쉐_990] 26.07_깜짝990딜_ASC_전환_image,[26.07]F_I_SK혼_전환_단쉐990원_혜택강조형__.배너_다이소쇼핑보다짜릿.990원털기.다시는없습니다.확장__이유빈_260710_제과_문다현,2919,94,42725.0,4
2026-07-13,[제과_단쉐_990] 26.07_깜짝990딜_ASC_전환_image,[제과_단쉐_990] 26.07_깜짝990딜_ASC_전환_image,[26.07]F_I_SK혼_전환_단쉐990원_혜택강조형__.배너_다이소쇼핑보다짜릿.990원털기.다시는없습니다.확장__이유빈_260710_제과_문다현,3656,94,68310.0,5
2026-07-14,[제과_콘스프맛 팝콘] 26.05_콘스프맛팝콘출시_수동_전환_image,속세맛간식공감_콘스프맛팝콘_상시,"[26.07]F_I_PC혼_전환_콘스프맛팝콘출시_혜택강조형__.배너_당은 2g, 죄책감은 0g .확장__김소희_260713_제과_박서연",80,2,2013.0,0
2026-07-15,[제과_콘스프맛 팝콘] 26.05_콘스프맛팝콘출시_수동_전환_image,속세맛간식공감_콘스프맛팝콘_상시,"[26.07]F_I_PC혼_전환_콘스프맛팝콘출시_혜택강조형__.배너_당은 2g, 죄책감은 0g .확장__김소희_260713_제과_박서연",140,3,3492.0,0
2026-07-15,[제과_블트하] 26.07_블트깡출시_수동_전환_image_전체타겟,원산지권위_블트깡출시 (KR2),[26.07]F_I_BT깡_전환_블트깡출시__KR2_.배너_원산지권위.공식문서형.마진포기하고.검증__김소희_260715_제과_김수정,554,18,8895.0,0
2026-07-16,[제과_콘스프맛 팝콘] 26.05_콘스프맛팝콘출시_수동_전환_image,속세맛간식공감_콘스프맛팝콘_상시,"[26.07]F_I_PC혼_전환_콘스프맛팝콘출시_혜택강조형__.배너_당은 2g, 죄책감은 0g .확장__김소희_260713_제과_박서연",2,0,18.0,0
2026-07-17,[제과_콘스프맛 팝콘] 26.05_콘스프맛팝콘출시_수동_전환_image,속세맛간식공감_콘스프맛팝콘_상시,"[26.07]F_I_PC혼_전환_콘스프맛팝콘출시_혜택강조형__.배너_당은 2g, 죄책감은 0g .확장__김소희_260713_제과_박서연",39,1,788.0,0
2026-07-17,[제과_블트하] 26.07_블트깡출시_수동_전환_video_전체타겟,에어프라이기BP_블트깡출시 (KR1),[26.07]F_V_BT깡_전환_블트깡출시_인물리뷰형_에어프라이기BP.KR1_var5.릴스_상황.슬기.X_1P_최나영_260716_제과_피재은,1089,35,27929.0,5
2026-07-17,[제과_블트하] 26.07_블트깡출시_수동_전환_image_전체타겟,3040대세감_블트깡출시 (KR1),[26.07]F_I_BT깡_전환_블트깡출시_바이럴형_KR1_.배너_창고형마트.무조건사야한다는.확장__김소희_260716_제과_김수정,16,1,452.0,0
2026-07-17,[제과_블트하] 26.07_블트깡출시_수동_전환_image_전체타겟,3040대세감_블트깡출시 (KR1),[26.07]F_I_BT깡_전환_블트깡출시_바이럴형_KR1_.배너_3040소비상황.집들이안주로추천.검증__김소희_260716_제과_김수정,226,7,8205.0,1
2026-07-18,[제과_콘스프맛 팝콘] 26.05_콘스프맛팝콘출시_수동_전환_image,속세맛간식공감_콘스프맛팝콘_상시,"[26.07]F_I_PC혼_전환_콘스프맛팝콘출시_혜택강조형__.배너_당은 2g, 죄책감은 0g .확장__김소희_260713_제과_박서연",8,1,132.0,0
2026-07-18,[제과_블트하] 26.07_블트깡출시_수동_전환_video_전체타겟,에어프라이기BP_블트깡출시 (KR1),[26.07]F_V_BT깡_전환_블트깡출시_인물리뷰형_에어프라이기BP.KR1_var5.릴스_상황.슬기.X_1P_최나영_260716_제과_피재은,6524,189,137255.0,32
2026-07-18,[제과_블트하] 26.07_블트깡출시_수동_전환_image_전체타겟,3040대세감_블트깡출시 (KR1),[26.07]F_I_BT깡_전환_블트깡출시_바이럴형_KR1_.배너_창고형마트.무조건사야한다는.확장__김소희_260716_제과_김수정,11,0,278.0,0
2026-07-19,[제과_블트하] 26.07_블트깡출시_수동_전환_video_전체타겟,에어프라이기BP_블트깡출시 (KR1),[26.07]F_V_BT깡_전환_블트깡출시_인물리뷰형_에어프라이기BP.KR1_var5.릴스_상황.슬기.X_1P_최나영_260716_제과_피재은,475,17,11151.0,2
2026-07-20,[제과_콘스프맛 팝콘] 26.05_콘스프맛팝콘출시_수동_전환_image,속세맛간식공감_콘스프맛팝콘_상시,"[26.07]F_I_PC혼_전환_콘스프맛팝콘출시_혜택강조형__.배너_당은 2g, 죄책감은 0g .확장__김소희_260713_제과_박서연",36,0,544.0,0
2026-07-20,[제과_블트하] 26.07_블트깡출시_수동_전환_video_전체타겟,에어프라이기BP_블트깡출시 (KR1),[26.07]F_V_BT깡_전환_블트깡출시_인물리뷰형_에어프라이기BP.KR1_var5.릴스_상황.슬기.X_1P_최나영_260716_제과_피재은,841,31,23348.0,5
2026-07-20,[제과_블트하] 26.07_블트깡출시_수동_전환_image_전체타겟,3040대세감_블트깡출시 (KR1),[26.07]F_I_BT깡_전환_블트깡출시_바이럴형_KR1_.배너_창고형마트.무조건사야한다는.확장__김소희_260716_제과_김수정,6,0,72.0,0
2026-07-21,[제과_콘스프맛 팝콘] 26.05_콘스프맛팝콘출시_수동_전환_image,속세맛간식공감_콘스프맛팝콘_상시,"[26.07]F_I_PC혼_전환_콘스프맛팝콘출시_혜택강조형__.배너_당은 2g, 죄책감은 0g .확장__김소희_260713_제과_박서연",43,3,700.0,0
2026-07-21,[제과_블트하] 26.07_블트깡출시_수동_전환_video_전체타겟,에어프라이기BP_블트깡출시 (KR1),[26.07]F_V_BT깡_전환_블트깡출시_인물리뷰형_에어프라이기BP.KR1_var5.릴스_상황.슬기.X_1P_최나영_260716_제과_피재은,526,22,14140.0,2
2026-07-21,[제과_블트하] 26.07_블트깡출시_수동_전환_image_전체타겟,3040대세감_블트깡출시 (KR1),[26.07]F_I_BT깡_전환_블트깡출시_바이럴형_KR1_.배너_창고형마트.무조건사야한다는.확장__김소희_260716_제과_김수정,3,0,31.0,0
2026-07-21,(마스터ASC)[제과_콘스프맛 팝콘] 26.05_콘스프맛팝콘출시_ASC_전환_video,(마스터ASC)[콘스프맛 팝콘] 26.05_콘스프맛팝콘출시_ASC_전환_video,[26.07]F_V_PC콘_전환_콘스프맛팝콘출시_문제공감형_문제공감네고형_var3.릴스_운동인들고충.X_2P_이유빈_260721_제과_이봄1,150,0,3045.0,0
2026-07-22,[제과_콘스프맛 팝콘] 26.05_콘스프맛팝콘출시_수동_전환_image,속세맛간식공감_콘스프맛팝콘_상시,"[26.07]F_I_PC혼_전환_콘스프맛팝콘출시_혜택강조형__.배너_당은 2g, 죄책감은 0g .확장__김소희_260713_제과_박서연",19,0,527.0,0
2026-07-22,(마스터ASC)[제과_콘스프맛 팝콘] 26.05_콘스프맛팝콘출시_ASC_전환_video,(마스터ASC)[콘스프맛 팝콘] 26.05_콘스프맛팝콘출시_ASC_전환_video,[26.07]F_V_PC콘_전환_콘스프맛팝콘출시_문제공감형_문제공감네고형_var3.릴스_운동인들고충.X_2P_이유빈_260721_제과_이봄1,50,1,943.0,1
2026-07-23,[제과_콘스프맛 팝콘] 26.05_콘스프맛팝콘출시_수동_전환_image,속세맛간식공감_콘스프맛팝콘_상시,"[26.07]F_I_PC혼_전환_콘스프맛팝콘출시_혜택강조형__.배너_당은 2g, 죄책감은 0g .확장__김소희_260713_제과_박서연",58,1,1403.0,0
2026-07-23,(마스터ASC)[제과_콘스프맛 팝콘] 26.05_콘스프맛팝콘출시_ASC_전환_video,(마스터ASC)[콘스프맛 팝콘] 26.05_콘스프맛팝콘출시_ASC_전환_video,[26.07]F_V_PC콘_전환_콘스프맛팝콘출시_문제공감형_문제공감네고형_var3.릴스_운동인들고충.X_2P_이유빈_260721_제과_이봄1,101,3,1737.0,0
2026-07-24,[제과_콘스프맛 팝콘] 26.05_콘스프맛팝콘출시_수동_전환_image,속세맛간식공감_콘스프맛팝콘_상시,"[26.07]F_I_PC혼_전환_콘스프맛팝콘출시_혜택강조형__.배너_당은 2g, 죄책감은 0g .확장__김소희_260713_제과_박서연",11,0,291.0,0
2026-07-24,(마스터ASC)[제과_콘스프맛 팝콘] 26.05_콘스프맛팝콘출시_ASC_전환_video,(마스터ASC)[콘스프맛 팝콘] 26.05_콘스프맛팝콘출시_ASC_전환_video,[26.07]F_V_PC콘_전환_콘스프맛팝콘출시_문제공감형_문제공감네고형_var3.릴스_운동인들고충.X_2P_이유빈_260721_제과_이봄1,21,0,278.0,0
2026-07-25,[제과_블트하] 26.07_블트깡출시_수동_전환_video_전체타겟,에어프라이기BP_블트깡출시 (KR1),[26.07]F_V_BT깡_전환_블트깡출시_인물리뷰형_에어프라이기BP.KR1_var5.릴스_상황.슬기.X_1P_최나영_260716_제과_피재은,1043,39,37615.0,1
2026-07-26,[제과_콘스프맛 팝콘] 26.05_콘스프맛팝콘출시_수동_전환_image,속세맛간식공감_콘스프맛팝콘_상시,"[26.07]F_I_PC혼_전환_콘스프맛팝콘출시_혜택강조형__.배너_당은 2g, 죄책감은 0g .확장__김소희_260713_제과_박서연",2,0,17.0,0
2026-07-26,(마스터ASC)[제과_콘스프맛 팝콘] 26.05_콘스프맛팝콘출시_ASC_전환_video,(마스터ASC)[콘스프맛 팝콘] 26.05_콘스프맛팝콘출시_ASC_전환_video,[26.07]F_V_PC콘_전환_콘스프맛팝콘출시_문제공감형_문제공감네고형_var3.릴스_운동인들고충.X_2P_이유빈_260721_제과_이봄1,1,0,0.0,0
2026-07-01,[콘스프맛 팝콘] 26.05_콘스프맛팝콘출시_ASC_전환_image (old),[콘스프맛 팝콘] 26.05_콘스프맛팝콘출시_ASC_전환_image (old),[26.06]F_I_PC혼_전환_팝콘더블특가_매거진형_페인포인트_.배너_관리.식단.__김소희_260624_제과_김나현,2,0,42.0,0
2026-07-01,[제과_단백질 쉐이크] 26.06_단백질쉐이크출시_ASC_전환_video,[제과_단백질 쉐이크] 26.06_단백질쉐이크출시_ASC_전환_video,[26.06]F_V_SK곡_전환_단백질쉐이크출시_신규BP_쉐이크베이비.건강자극_main.릴스_미숫가루설탕.X_2P_이유빈_260626_제과_이미진,3204,106,83763.0,5
2026-07-07,(마스터ASC)[제과_콘스프맛 팝콘] 26.07_콘스프맛팝콘출시_ASC_전환_image (NEW),(마스터ASC)[콘스프맛 팝콘] 26.07_콘스프맛팝콘출시_ASC_전환_image (NEW),[26.07]F_I_PC혼_전환_팝콘할인페스타_혜택강조형_다이어트_.배너_선착순할인주문폭주.요요없는.확장__김소희_260706_제과_문다현,176,5,4209.0,0
2026-07-08,(마스터ASC)[제과_콘스프맛 팝콘] 26.07_콘스프맛팝콘출시_ASC_전환_image (NEW),(마스터ASC)[콘스프맛 팝콘] 26.07_콘스프맛팝콘출시_ASC_전환_image (NEW),[26.07]F_I_PC혼_전환_팝콘할인페스타_혜택강조형_다이어트_.배너_선착순할인주문폭주.요요없는.확장__김소희_260706_제과_문다현,218,9,5476.0,0
2026-07-09,(마스터ASC)[제과_콘스프맛 팝콘] 26.07_콘스프맛팝콘출시_ASC_전환_image (NEW),(마스터ASC)[콘스프맛 팝콘] 26.07_콘스프맛팝콘출시_ASC_전환_image (NEW),[26.07]F_I_PC혼_전환_팝콘할인페스타_혜택강조형_다이어트_.배너_선착순할인주문폭주.요요없는.확장__김소희_260706_제과_문다현,38,0,1289.0,0
2026-07-09,(마스터2) [제과_단백질 쉐이크] 26.07_단백질쉐이크출시_ASC_전환_image,(마스터2) [제과_단백질 쉐이크] 26.07_단백질쉐이크출시_ASC_전환_image,[26.07]F_I_SK혼_전환_단백질쉐이크출시_매거진형_파우치.개당가강조_.배너_가격페인포인트.최저가찾기지친다.검증__이유빈_260709_제과_문다현,11,0,389.0,0
2026-07-10,(마스터2) [제과_단백질 쉐이크] 26.07_단백질쉐이크출시_ASC_전환_image,(마스터2) [제과_단백질 쉐이크] 26.07_단백질쉐이크출시_ASC_전환_image,[26.07]F_I_SK혼_전환_단백질쉐이크출시_매거진형_파우치.개당가강조_.배너_가격페인포인트.최저가찾기지친다.검증__이유빈_260709_제과_문다현,517,6,10394.0,0
2026-07-16,(마스터ASC)[제과_블트하] 26.07_블트깡출시_ASC_전환_image,(마스터ASC)[제과_블트하] 26.07_블트깡출시_ASC_전환_image,[26.07]F_I_BT깡_전환_블트깡출시_바이럴형_KR1_.배너_일반특정집단.고급진데가성비좋은와인안주.검증__김소희_260715_제과_김수정,17,0,266.0,0
2026-07-17,(마스터ASC)[제과_블트하] 26.07_블트깡출시_ASC_전환_image,(마스터ASC)[제과_블트하] 26.07_블트깡출시_ASC_전환_image,[26.07]F_I_BT깡_전환_블트깡출시_바이럴형_KR1_.배너_3040소비상황.남편안주로샀다가.검증__김소희_260716_제과_김수정,748,7,7725.0,1
2026-07-20,(마스터ASC)[제과_블트하] 26.07_블트깡출시_ASC_전환_image,(마스터ASC)[제과_블트하] 26.07_블트깡출시_ASC_전환_image,[26.07]F_I_BT깡_전환_블트깡출시_바이럴형_KR1_.배너_일반특정집단.고급진데가성비좋은와인안주.검증__김소희_260715_제과_김수정,8,0,450.0,1
2026-07-22,[제과_블트하] 26.07_블트깡출시_수동_전환_image_전체타겟,남편인정소비_블트깡출시 (KR1) (0728),[26.07]F_I_BT깡_전환_블트깡출시_바이럴형_KR1_.릴스_맘카페페르소나.지면테스트.중독성극찬.검증__김소희_260721_제과_김수정,552,19,10713.0,1
2026-07-23,[제과_블트하] 26.07_블트깡출시_수동_전환_image_전체타겟,남편인정소비_블트깡출시 (KR1) (0728),[26.07]F_I_BT깡_전환_블트깡출시_바이럴형_KR1_.릴스_맘카페페르소나.지면테스트.중독성극찬.검증__김소희_260721_제과_김수정,139,4,3852.0,1
2026-07-24,[제과_블트하] 26.07_블트깡출시_수동_전환_image_전체타겟,(시리즈) 맘카페&혜택강조형_블트칩출시 (KR1) (0723),[26.07]F_I_BT혼_전환_블트칩출시_혜택강조형_KR1_.배너_에르X스급.칩깡동시소구.확장__김소희_260723_제과_박서연,344,10,9078.0,1
2026-07-24,(마스터ASC)[제과_블트하] 26.07_블트깡출시_ASC_전환_video,(마스터ASC)[제과_블트하] 26.07_블트깡출시_ASC_전환_video,[26.07]F_V_BT깡_전환_블트깡출시_취식강조형_먹방.KR2_main.릴스_대세감.X_2P_김소희_260724_제과_이미진,331,10,5230.0,1
2026-07-24,[제과_블트하] 26.07_블트깡출시_수동_전환_image_전체타겟,(칩) 상황연출_호기심유발_블트칩출시(릴스형) (KR2),[26.07]F_I_BT칩_전환_블트칩출시_혜택강조형_KR2_.릴스_상황연출.영상형.불금넷플.확장__김소희_260724_제과_김수정,136,7,2994.0,0
2026-07-25,[제과_블트하] 26.07_블트깡출시_수동_전환_image_전체타겟,(시리즈) 맘카페&혜택강조형_블트칩출시 (KR1) (0723),[26.07]F_I_BT혼_전환_블트칩출시_혜택강조형_KR1_.배너_에르X스급.칩깡동시소구.확장__김소희_260723_제과_박서연,158,4,3725.0,2
2026-07-25,(마스터ASC)[제과_블트하] 26.07_블트깡출시_ASC_전환_video,(마스터ASC)[제과_블트하] 26.07_블트깡출시_ASC_전환_video,[26.07]F_V_BT깡_전환_블트깡출시_취식강조형_먹방.KR2_main.릴스_대세감.X_2P_김소희_260724_제과_이미진,648,16,14060.0,0
2026-07-25,[제과_블트하] 26.07_블트깡출시_수동_전환_image_전체타겟,(칩) 상황연출_호기심유발_블트칩출시(릴스형) (KR2),[26.07]F_I_BT칩_전환_블트칩출시_혜택강조형_KR2_.릴스_상황연출.영상형.불금넷플.확장__김소희_260724_제과_김수정,1982,60,54499.0,2
2026-07-26,[제과_블트하] 26.07_블트깡출시_수동_전환_image_전체타겟,(시리즈) 맘카페&혜택강조형_블트칩출시 (KR1) (0723),[26.07]F_I_BT혼_전환_블트칩출시_혜택강조형_KR1_.배너_에르X스급.칩깡동시소구.확장__김소희_260723_제과_박서연,232,2,6130.0,0
2026-07-26,[제과_블트하] 26.07_블트깡출시_수동_전환_image_전체타겟,(칩) 상황연출_호기심유발_블트칩출시(릴스형) (KR2),[26.07]F_I_BT칩_전환_블트칩출시_혜택강조형_KR2_.릴스_상황연출.영상형.불금넷플.확장__김소희_260724_제과_김수정,553,21,21810.0,0
2026-07-27,[제과_블트하] 26.07_블트깡출시_수동_전환_image_전체타겟,(시리즈) 맘카페&혜택강조형_블트칩출시 (KR1) (0723),[26.07]F_I_BT혼_전환_블트칩출시_혜택강조형_KR1_.배너_에르X스급.칩깡동시소구.확장__김소희_260723_제과_박서연,474,4,13277.0,0
2026-07-27,[제과_블트하] 26.07_블트깡출시_수동_전환_image_전체타겟,(칩) 상황연출_호기심유발_블트칩출시(릴스형) (KR2),[26.07]F_I_BT칩_전환_블트칩출시_혜택강조형_KR2_.릴스_상황연출.영상형.불금넷플.확장__김소희_260724_제과_김수정,445,13,14581.0,1
2026-07-28,[제과_블트하] 26.07_블트깡출시_수동_전환_image_전체타겟,(시리즈) 맘카페&혜택강조형_블트칩출시 (KR1) (0723),[26.07]F_I_BT혼_전환_블트칩출시_혜택강조형_KR1_.배너_에르X스급.칩깡동시소구.확장__김소희_260723_제과_박서연,106,5,2719.0,0
2026-07-01,[제과_단백질 쉐이크] 26.06_단백질쉐이크출시_수동_전환_video,인플루언서형(재)_0629,[26.06]F_V_SK혼_전환_단백질쉐이크출시_신규BP_개당가메리트.재편집_var3.릴스_기존.취식.X_2P_이유빈_260629_제과_이봄1,492,4,12042.0,0
2026-07-02,(마스터ASC)[제과_콘스프맛 팝콘] 26.05_콘스프맛팝콘출시_ASC_전환_video,(마스터ASC)[콘스프맛 팝콘] 26.05_콘스프맛팝콘출시_ASC_전환_video,[26.06]F_V_PC콘_전환_팝콘더블특가_고객후기형_김부각BP.메시지검증.다이어트_var2.릴스_바나나한조각.추가건PJ_1P_최나영_260626_제과_강경연,203,5,3671.0,0
2026-07-02,(미사용) [제과_단백질 쉐이크] 26.06_단백질쉐이크출시_ASC_전환_image,[제과_단백질 쉐이크] 26.06_단백질쉐이크출시_ASC_전환_image,[26.06]F_I_SK곡_전환_단백질쉐이크출시_제품강조형_타사비교_.배너_6천원이라비싸서못샀던.__이유빈_260701_제과_김수정,266,4,7099.0,0
2026-07-03,(미사용) [제과_단백질 쉐이크] 26.06_단백질쉐이크출시_ASC_전환_image,[제과_단백질 쉐이크] 26.06_단백질쉐이크출시_ASC_전환_image,[26.06]F_I_SK곡_전환_단백질쉐이크출시_제품강조형_타사비교_.배너_6천원이라비싸서못샀던.__이유빈_260701_제과_김수정,154,7,4144.0,0
2026-07-03,(마스터ASC)[제과_콘스프맛 팝콘] 26.07_콘스프맛팝콘출시_ASC_전환_image (NEW),(마스터ASC)[콘스프맛 팝콘] 26.07_콘스프맛팝콘출시_ASC_전환_image (NEW),[26.07]F_I_PC혼_전환_팝콘할인페스타_혜택강조형_다이어트_.배너_살찔걱정x.핑크박스.선착순300명한정.확장__김소희_260703_제과_문다현,13,2,295.0,0
2026-07-04,(마스터ASC)[제과_콘스프맛 팝콘] 26.05_콘스프맛팝콘출시_ASC_전환_video,(마스터ASC)[콘스프맛 팝콘] 26.05_콘스프맛팝콘출시_ASC_전환_video,[26.06]F_V_PC콘_전환_팝콘더블특가_고객후기형_김부각BP.메시지검증.다이어트_var2.릴스_바나나한조각.추가건PJ_1P_최나영_260626_제과_강경연,374,7,4830.0,0
2026-07-04,(마스터ASC)[제과_콘스프맛 팝콘] 26.07_콘스프맛팝콘출시_ASC_전환_image (NEW),(마스터ASC)[콘스프맛 팝콘] 26.07_콘스프맛팝콘출시_ASC_전환_image (NEW),[26.07]F_I_PC혼_전환_팝콘할인페스타_혜택강조형_다이어트_.배너_살찔걱정x.핑크박스.선착순300명한정.확장__김소희_260703_제과_문다현,405,21,8701.0,1
2026-07-05,(마스터ASC)[제과_콘스프맛 팝콘] 26.05_콘스프맛팝콘출시_ASC_전환_video,(마스터ASC)[콘스프맛 팝콘] 26.05_콘스프맛팝콘출시_ASC_전환_video,[26.06]F_V_PC콘_전환_팝콘더블특가_고객후기형_김부각BP.메시지검증.다이어트_var2.릴스_바나나한조각.추가건PJ_1P_최나영_260626_제과_강경연,859,21,12092.0,3
2026-07-07,[제과_콘스프맛 팝콘] 26.05_콘스프맛팝콘출시_수동_전환_image,긴급성강조_할인페스타 (~7/8),[26.07]F_I_PC혼_전환_팝콘할인페스타_혜택강조형_다이어트_.배너_아무리먹어도요요없는.선착순할인마감임박.8천원이득.확장__김소희_260706_제과_문다현,113,3,3004.0,0
2026-07-07,[제과_단백질 쉐이크] 26.06_단백질쉐이크출시_수동_전환_video,네고형_0702,[26.07]F_V_SK혼_전환_단백질쉐이크출시_네고형_역네고형_main.릴스_가격강조아몬드스윗삭제.(재)_2P_이유빈_260707_제과_이미진,29774,1239,443198.0,81
2026-07-08,[제과_콘스프맛 팝콘] 26.05_콘스프맛팝콘출시_수동_전환_image,긴급성강조_할인페스타 (~7/8),[26.07]F_I_PC혼_전환_팝콘할인페스타_혜택강조형_다이어트_.배너_아무리먹어도요요없는.선착순할인마감임박.8천원이득.확장__김소희_260706_제과_문다현,14,0,290.0,1
2026-07-08,[제과_단백질 쉐이크] 26.06_단백질쉐이크출시_수동_전환_video,네고형_0702,[26.07]F_V_SK혼_전환_단백질쉐이크출시_네고형_역네고형_main.릴스_가격강조아몬드스윗삭제.(재)_2P_이유빈_260707_제과_이미진,24268,811,335397.0,39
2026-07-08,[제과_단백질 쉐이크] 26.06_단백질쉐이크출시_수동_전환_image,파우치개당가강조_0706,[26.07]F_I_SK혼_전환_단백질쉐이크출시_혜택강조형_파우치.개당가강조_.배너_대용량페포.메세지테스트.물조절실패.통단쉐.확장__이유빈_260707_제과_김수정,47,4,895.0,0
2026-07-09,[제과_단백질 쉐이크] 26.06_단백질쉐이크출시_수동_전환_video,네고형_0702,[26.07]F_V_SK혼_전환_단백질쉐이크출시_네고형_역네고형_main.릴스_가격강조아몬드스윗삭제.(재)_2P_이유빈_260707_제과_이미진,23350,823,333584.0,47
2026-07-09,[제과_단백질 쉐이크] 26.06_단백질쉐이크출시_수동_전환_image,파우치개당가강조_0706,[26.07]F_I_SK혼_전환_단백질쉐이크출시_혜택강조형_파우치.개당가강조_.배너_대용량페포.메세지테스트.물조절실패.통단쉐.확장__이유빈_260707_제과_김수정,622,6,13217.0,2
2026-07-09,[제과_콘스프맛 팝콘] 26.05_콘스프맛팝콘출시_수동_전환_image,속세맛간식공감_콘스프맛팝콘_상시,[26.07]F_I_PC혼_전환_상시_매거진형_다이어트_.배너_양조절실패페인포인트.한입만.한봉지순삭.마음껏즐기자.검증__김소희_260708_제과_문다현,143,1,4114.0,1
2026-07-10,[제과_단백질 쉐이크] 26.06_단백질쉐이크출시_수동_전환_video,네고형_0702,[26.07]F_V_SK혼_전환_단백질쉐이크출시_네고형_역네고형_main.릴스_가격강조아몬드스윗삭제.(재)_2P_이유빈_260707_제과_이미진,12123,348,189673.0,18
2026-07-10,[제과_단백질 쉐이크] 26.06_단백질쉐이크출시_수동_전환_image,파우치개당가강조_0706,[26.07]F_I_SK혼_전환_단백질쉐이크출시_혜택강조형_파우치.개당가강조_.배너_대용량페포.메세지테스트.물조절실패.통단쉐.확장__이유빈_260707_제과_김수정,2,0,24.0,0
2026-07-10,[제과_콘스프맛 팝콘] 26.05_콘스프맛팝콘출시_수동_전환_image,속세맛간식공감_콘스프맛팝콘_상시,[26.07]F_I_PC혼_전환_상시_매거진형_다이어트_.배너_양조절실패페인포인트.한입만.한봉지순삭.마음껏즐기자.검증__김소희_260708_제과_문다현,79,1,1696.0,1
2026-07-12,[제과_콘스프맛 팝콘] 26.05_콘스프맛팝콘출시_수동_전환_image,속세맛간식공감_콘스프맛팝콘_상시,[26.07]F_I_PC혼_전환_상시_매거진형_다이어트_.배너_양조절실패페인포인트.한입만.한봉지순삭.마음껏즐기자.검증__김소희_260708_제과_문다현,1,0,14.0,0
2026-07-13,(마스터2) [제과_단백질 쉐이크] 26.07_단백질쉐이크출시_ASC_전환_image,(마스터2) [제과_단백질 쉐이크] 26.07_단백질쉐이크출시_ASC_전환_image,[26.07]F_I_SK혼_전환_단백질쉐이크출시_혜택강조형_개당최저가비교_.배너_다먹을때까지쭉씹혀요.초특가.빨강그라데이션.확장__이유빈_260713_제과_문다현,170,4,4033.0,0
2026-07-14,(마스터2) [제과_단백질 쉐이크] 26.07_단백질쉐이크출시_ASC_전환_image,(마스터2) [제과_단백질 쉐이크] 26.07_단백질쉐이크출시_ASC_전환_image,[26.07]F_I_SK혼_전환_단백질쉐이크출시_혜택강조형_개당최저가비교_.배너_다먹을때까지쭉씹혀요.초특가.빨강그라데이션.확장__이유빈_260713_제과_문다현,404,7,11130.0,0
2026-07-15,(마스터ASC)[제과_블트하] 26.07_블트깡출시_ASC_전환_video,(마스터ASC)[제과_블트하] 26.07_블트깡출시_ASC_전환_video,[26.07]F_V_BT깡_전환_블트깡출시_신규BP_브릭샌드BP.KR1_main.릴스_메인.X_2P_김소희_260715_제과_윤성미,19,0,184.0,0
2026-07-15,(마스터ASC)[제과_블트하] 26.07_블트깡출시_ASC_전환_video,(마스터ASC)[제과_블트하] 26.07_블트깡출시_ASC_전환_video,[26.07]F_V_BT깡_전환_블트깡출시_쩜오건_맛조합맥주.KR1_var3.릴스_맥주후킹1.X_1P_김소희_260715_제과_문형민,102,4,1318.0,1
2026-07-15,[제과_블트하] 26.07_블트깡출시_수동_전환_image_전체타겟,원산지권위추가건_블트깡출시 (KR2),[26.07]F_I_BT깡_전환_블트깡출시_혜택강조형_KR2_.배너_원산지권위.마진포기.검증__김소희_260715_제과_김수정,152,4,2661.0,0
2026-07-15,[제과_블트하] 26.07_블트깡출시_수동_전환_image_전체타겟,원산지권위추가건_블트깡출시 (KR2),[26.07]F_I_BT깡_전환_블트깡출시_혜택강조형_KR2_.배너_원산지권위.특가기간조정.검증__김소희_260715_제과_김수정,613,16,10045.0,1
2026-07-16,(마스터ASC)[제과_블트하] 26.07_블트깡출시_ASC_전환_video,(마스터ASC)[제과_블트하] 26.07_블트깡출시_ASC_전환_video,[26.07]F_V_BT깡_전환_블트깡출시_신규BP_브릭샌드BP.KR1_main.릴스_메인.X_2P_김소희_260715_제과_윤성미,279,4,6205.0,0
2026-07-16,(마스터ASC)[제과_블트하] 26.07_블트깡출시_ASC_전환_video,(마스터ASC)[제과_블트하] 26.07_블트깡출시_ASC_전환_video,[26.07]F_V_BT깡_전환_블트깡출시_쩜오건_맛조합맥주.KR1_var3.릴스_맥주후킹1.X_1P_김소희_260715_제과_문형민,625,8,6849.0,1
2026-07-16,[제과_블트하] 26.07_블트깡출시_수동_전환_image_전체타겟,원산지권위추가건_블트깡출시 (KR2),[26.07]F_I_BT깡_전환_블트깡출시_혜택강조형_KR2_.배너_원산지권위.마진포기.검증__김소희_260715_제과_김수정,405,7,6190.0,0
2026-07-17,[제과_단백질 쉐이크] 26.06_단백질쉐이크출시_수동_전환_image,파우치개당가강조_0706,[26.07]F_I_SK혼_전환_단백질쉐이크출시_혜택강조형_파우치.개당가강조_.배너_대용량페포.메세지테스트.물조절실패.통단쉐.확장__이유빈_260707_제과_김수정,1,0,15.0,0
2026-07-17,[제과_콘스프맛 팝콘] 26.05_콘스프맛팝콘출시_수동_전환_image,속세맛간식공감_콘스프맛팝콘_상시,[26.07]F_I_PC혼_전환_상시_매거진형_다이어트_.배너_양조절실패페인포인트.한입만.한봉지순삭.마음껏즐기자.검증__김소희_260708_제과_문다현,8,0,247.0,0
2026-07-17,(마스터ASC)[제과_블트하] 26.07_블트깡출시_ASC_전환_image,(마스터ASC)[제과_블트하] 26.07_블트깡출시_ASC_전환_image,[26.07]F_I_BT깡_전환_블트깡출시_혜택강조형_KR1_.배너_엄마들단톡방.애들재우고남편이랑1인1봉.확장__김소희_260716_제과_문다현,33,1,978.0,0
2026-07-18,[제과_콘스프맛 팝콘] 26.05_콘스프맛팝콘출시_수동_전환_image,속세맛간식공감_콘스프맛팝콘_상시,[26.07]F_I_PC혼_전환_상시_매거진형_다이어트_.배너_양조절실패페인포인트.한입만.한봉지순삭.마음껏즐기자.검증__김소희_260708_제과_문다현,29,1,493.0,1
2026-07-18,(마스터ASC)[제과_블트하] 26.07_블트깡출시_ASC_전환_image,(마스터ASC)[제과_블트하] 26.07_블트깡출시_ASC_전환_image,[26.07]F_I_BT깡_전환_블트깡출시_혜택강조형_KR1_.배너_엄마들단톡방.애들재우고남편이랑1인1봉.확장__김소희_260716_제과_문다현,11,0,319.0,0
2026-07-19,[제과_콘스프맛 팝콘] 26.05_콘스프맛팝콘출시_수동_전환_image,속세맛간식공감_콘스프맛팝콘_상시,[26.07]F_I_PC혼_전환_상시_매거진형_다이어트_.배너_양조절실패페인포인트.한입만.한봉지순삭.마음껏즐기자.검증__김소희_260708_제과_문다현,16,0,240.0,0
2026-07-20,[제과_콘스프맛 팝콘] 26.05_콘스프맛팝콘출시_수동_전환_image,속세맛간식공감_콘스프맛팝콘_상시,[26.07]F_I_PC혼_전환_상시_매거진형_다이어트_.배너_양조절실패페인포인트.한입만.한봉지순삭.마음껏즐기자.검증__김소희_260708_제과_문다현,14,0,310.0,0
2026-07-20,(마스터ASC)[제과_블트하] 26.07_블트깡출시_ASC_전환_image,(마스터ASC)[제과_블트하] 26.07_블트깡출시_ASC_전환_image,[26.07]F_I_BT깡_전환_블트깡출시_혜택강조형_KR1_.배너_엄마들단톡방.애들재우고남편이랑1인1봉.확장__김소희_260716_제과_문다현,2,0,29.0,0
2026-07-21,[제과_콘스프맛 팝콘] 26.05_콘스프맛팝콘출시_수동_전환_image,속세맛간식공감_콘스프맛팝콘_상시,[26.07]F_I_PC혼_전환_상시_매거진형_다이어트_.배너_양조절실패페인포인트.한입만.한봉지순삭.마음껏즐기자.검증__김소희_260708_제과_문다현,503,9,7723.0,0
2026-07-22,[제과_콘스프맛 팝콘] 26.05_콘스프맛팝콘출시_수동_전환_image,속세맛간식공감_콘스프맛팝콘_상시,[26.07]F_I_PC혼_전환_상시_매거진형_다이어트_.배너_양조절실패페인포인트.한입만.한봉지순삭.마음껏즐기자.검증__김소희_260708_제과_문다현,416,6,6123.0,0
2026-07-23,(마스터ASC)[제과_블트하] 26.07_블트깡출시_ASC_전환_image,(마스터ASC)[제과_블트하] 26.07_블트깡출시_ASC_전환_image,[26.07]F_I_BT깡_전환_블트깡출시_혜택강조형_KR1_.배너_엄마들단톡방.애들재우고남편이랑1인1봉.확장__김소희_260716_제과_문다현,5,0,85.0,0
2026-07-27,[제과_블트하] 26.07_블트깡출시_수동_전환_image_전체타겟,[혼합] 주변인 상황연출_블트칩출시 (KR2) (0727),[26.07]F_I_BT칩_전환_블트칩출시_혜택강조형_KR2_.피드_주변인.집들이안주.확장__김소희_260727_제과_박서연,42,0,771.0,0
2026-07-28,[제과_블트하] 26.07_블트깡출시_수동_전환_image_전체타겟,[혼합] 주변인 상황연출_블트칩출시 (KR2) (0727),[26.07]F_I_BT칩_전환_블트칩출시_혜택강조형_KR2_.피드_주변인.집들이안주.확장__김소희_260727_제과_박서연,320,3,7971.0,1
2026-07-01,[콘스프맛 팝콘] 26.05_콘스프맛팝콘출시_ASC_전환_image (old),[콘스프맛 팝콘] 26.05_콘스프맛팝콘출시_ASC_전환_image (old),[26.06]F_I_PC혼_전환_팝콘더블특가_혜택강조형_다이어트_.배너_반값보다더싸요.__김소희_260626_제과_김수정,21,0,634.0,0
2026-07-03,(미사용) [제과_단백질 쉐이크] 26.06_단백질쉐이크출시_ASC_전환_image,[제과_단백질 쉐이크] 26.06_단백질쉐이크출시_ASC_전환_image,[26.07]F_I_SK초_전환_단백질쉐이크출시_혜택강조형_가격메리트_.배너_육각형.요즘단쉐고작1천원대.확장__이유빈_260702_제과_김수정,926,24,20050.0,0
2026-07-04,[제과_단백질 쉐이크] 26.06_단백질쉐이크출시_수동_전환_video,네고형_0702,[26.07]F_V_SK혼_전환_단백질쉐이크출시_네고형_역네고형_main.릴스_가격강조아몬드스윗삭제.(재)_2P_이유빈_260707_제과_이미진,4461,214,82150.0,17
2026-07-05,[제과_단백질 쉐이크] 26.06_단백질쉐이크출시_수동_전환_video,네고형_0702,[26.07]F_V_SK혼_전환_단백질쉐이크출시_네고형_역네고형_main.릴스_가격강조아몬드스윗삭제.(재)_2P_이유빈_260707_제과_이미진,23085,1126,316374.0,61
2026-07-06,[제과_단백질 쉐이크] 26.06_단백질쉐이크출시_수동_전환_video,네고형_0702,[26.07]F_V_SK혼_전환_단백질쉐이크출시_네고형_역네고형_main.릴스_가격강조아몬드스윗삭제.(재)_2P_이유빈_260707_제과_이미진,45001,1775,650335.0,121
2026-07-08,[제과_단백질 쉐이크] 26.06_단백질쉐이크출시_수동_전환_image,브랜드강조_0624,[26.06]F_I_SK혼_전환_단백질쉐이크출시_매거진형_라라스윗권위_.배너_속세맛.__이유빈_260623_제과_김나현,534,12,7532.0,3
2026-07-09,[제과_단백질 쉐이크] 26.06_단백질쉐이크출시_수동_전환_image,브랜드강조_0624,[26.06]F_I_SK혼_전환_단백질쉐이크출시_매거진형_라라스윗권위_.배너_속세맛.__이유빈_260623_제과_김나현,114,1,1880.0,0
2026-07-10,[제과_단백질 쉐이크] 26.06_단백질쉐이크출시_수동_전환_image,브랜드강조_0624,[26.06]F_I_SK혼_전환_단백질쉐이크출시_매거진형_라라스윗권위_.배너_속세맛.__이유빈_260623_제과_김나현,572,12,8983.0,0
2026-07-10,[제과_단백질 쉐이크] 26.06_단백질쉐이크출시_수동_전환_image,파우치개당가강조(2)_0709,[26.07]F_I_SK혼_전환_단백질쉐이크출시_매거진형_파우치.개당가강조_.배너_포만감페인포인트.물만넣어도뚝딱.팝콘증정.검증__이유빈_260709_제과_문다현,14,0,226.0,0
2026-07-11,[제과_단백질 쉐이크] 26.06_단백질쉐이크출시_수동_전환_video,네고형_0702,[26.07]F_V_SK혼_전환_단백질쉐이크출시_네고형_역네고형_main.릴스_가격강조아몬드스윗삭제.(재)_2P_이유빈_260707_제과_이미진,16805,605,263933.0,38
2026-07-11,[제과_단백질 쉐이크] 26.06_단백질쉐이크출시_수동_전환_image,파우치개당가강조(2)_0709,[26.07]F_I_SK혼_전환_단백질쉐이크출시_매거진형_파우치.개당가강조_.배너_포만감페인포인트.물만넣어도뚝딱.팝콘증정.검증__이유빈_260709_제과_문다현,39,1,1059.0,0
2026-07-12,[제과_단백질 쉐이크] 26.06_단백질쉐이크출시_수동_전환_video,네고형_0702,[26.07]F_V_SK혼_전환_단백질쉐이크출시_네고형_역네고형_main.릴스_가격강조아몬드스윗삭제.(재)_2P_이유빈_260707_제과_이미진,2905,115,46769.0,5
2026-07-12,[제과_단백질 쉐이크] 26.06_단백질쉐이크출시_수동_전환_image,파우치개당가강조(2)_0709,[26.07]F_I_SK혼_전환_단백질쉐이크출시_매거진형_파우치.개당가강조_.배너_포만감페인포인트.물만넣어도뚝딱.팝콘증정.검증__이유빈_260709_제과_문다현,606,11,11177.0,1
2026-07-13,[제과_단백질 쉐이크] 26.06_단백질쉐이크출시_수동_전환_video,네고형_0702,[26.07]F_V_SK혼_전환_단백질쉐이크출시_네고형_역네고형_main.릴스_가격강조아몬드스윗삭제.(재)_2P_이유빈_260707_제과_이미진,1187,52,23213.0,4
2026-07-14,[제과_단백질 쉐이크] 26.06_단백질쉐이크출시_수동_전환_video,네고형_0702,[26.07]F_V_SK혼_전환_단백질쉐이크출시_네고형_역네고형_main.릴스_가격강조아몬드스윗삭제.(재)_2P_이유빈_260707_제과_이미진,5617,236,89780.0,12
2026-07-14,[제과_콘스프맛 팝콘] 26.05_콘스프맛팝콘출시_수동_전환_image,속세맛간식공감_콘스프맛팝콘_상시,[26.07]F_I_PC혼_전환_콘스프맛팝콘출시_혜택강조형__.배너_죽어라 운동해서 태운 칼로리 걱정이라면 간식부터 바꾸세요.확장__김소희_260713_제과_박서연,59,1,1359.0,3
2026-07-14,[제과_단백질 쉐이크] 26.06_단백질쉐이크출시_수동_전환_image,최저가비교_0713,[26.07]F_I_SK혼_전환_단백질쉐이크출시_혜택강조형_개당최저가비교_.배너_배부른단쉐.다이소급으로싸다.확장__이유빈_260713_제과_문다현,417,10,10652.0,0
2026-07-15,[제과_단백질 쉐이크] 26.06_단백질쉐이크출시_수동_전환_video,네고형_0702,[26.07]F_V_SK혼_전환_단백질쉐이크출시_네고형_역네고형_main.릴스_가격강조아몬드스윗삭제.(재)_2P_이유빈_260707_제과_이미진,3219,124,53662.0,10
2026-07-15,[제과_콘스프맛 팝콘] 26.05_콘스프맛팝콘출시_수동_전환_image,속세맛간식공감_콘스프맛팝콘_상시,[26.07]F_I_PC혼_전환_콘스프맛팝콘출시_혜택강조형__.배너_죽어라 운동해서 태운 칼로리 걱정이라면 간식부터 바꾸세요.확장__김소희_260713_제과_박서연,25,0,706.0,0
2026-07-15,(마스터2) [제과_단백질 쉐이크] 26.07_단백질쉐이크출시_ASC_전환_image,(마스터2) [제과_단백질 쉐이크] 26.07_단백질쉐이크출시_ASC_전환_image,[26.07]F_I_SK초_전환_단백질쉐이크출시_혜택강조형_올영최저가비교_.배너_세일기다리시는분들.네고형.확장__이유빈_260714_제과_문다현,77,3,2297.0,0
2026-07-15,[제과_블트하] 26.07_블트깡출시_수동_전환_video_전체타겟,오터BP_블트깡출시 (KR2),[26.07]F_V_BT깡_전환_블트깡출시_제조과정형_CS제조과정형.KR2_var1.릴스_중국산.슬기.X_1P_김소희_260715_제과_피재은,4368,129,78792.0,23
2026-07-16,[제과_단백질 쉐이크] 26.06_단백질쉐이크출시_수동_전환_video,네고형_0702,[26.07]F_V_SK혼_전환_단백질쉐이크출시_네고형_역네고형_main.릴스_가격강조아몬드스윗삭제.(재)_2P_이유빈_260707_제과_이미진,9068,318,137511.0,15
2026-07-16,[제과_콘스프맛 팝콘] 26.05_콘스프맛팝콘출시_수동_전환_image,속세맛간식공감_콘스프맛팝콘_상시,[26.07]F_I_PC혼_전환_콘스프맛팝콘출시_혜택강조형__.배너_죽어라 운동해서 태운 칼로리 걱정이라면 간식부터 바꾸세요.확장__김소희_260713_제과_박서연,3,0,70.0,0
2026-07-16,(마스터2) [제과_단백질 쉐이크] 26.07_단백질쉐이크출시_ASC_전환_image,(마스터2) [제과_단백질 쉐이크] 26.07_단백질쉐이크출시_ASC_전환_image,[26.07]F_I_SK초_전환_단백질쉐이크출시_혜택강조형_올영최저가비교_.배너_세일기다리시는분들.네고형.확장__이유빈_260714_제과_문다현,62,2,1454.0,0
2026-07-16,[제과_블트하] 26.07_블트깡출시_수동_전환_video_전체타겟,오터BP_블트깡출시 (KR2),[26.07]F_V_BT깡_전환_블트깡출시_제조과정형_CS제조과정형.KR2_var1.릴스_중국산.슬기.X_1P_김소희_260715_제과_피재은,27985,841,532715.0,125
2026-07-17,[제과_단백질 쉐이크] 26.06_단백질쉐이크출시_수동_전환_video,네고형_0702,[26.07]F_V_SK혼_전환_단백질쉐이크출시_네고형_역네고형_main.릴스_가격강조아몬드스윗삭제.(재)_2P_이유빈_260707_제과_이미진,1912,77,37673.0,4
2026-07-17,[제과_블트하] 26.07_블트깡출시_수동_전환_video_전체타겟,오터BP_블트깡출시 (KR2),[26.07]F_V_BT깡_전환_블트깡출시_제조과정형_CS제조과정형.KR2_var1.릴스_중국산.슬기.X_1P_김소희_260715_제과_피재은,10015,280,223879.0,37
2026-07-17,[제과_블트하] 26.07_블트깡출시_수동_전환_image_전체타겟,3040대세감_블트깡출시 (KR1),[26.07]F_I_BT깡_전환_블트깡출시_혜택강조형_KR1_.배너_원산지표기.맘카페.육퇴.확장__김소희_260716_제과_문다현,405,9,3775.0,0
2026-07-18,[제과_단백질 쉐이크] 26.06_단백질쉐이크출시_수동_전환_video,네고형_0702,[26.07]F_V_SK혼_전환_단백질쉐이크출시_네고형_역네고형_main.릴스_가격강조아몬드스윗삭제.(재)_2P_이유빈_260707_제과_이미진,1756,92,26233.0,0
2026-07-18,[제과_콘스프맛 팝콘] 26.05_콘스프맛팝콘출시_수동_전환_image,속세맛간식공감_콘스프맛팝콘_상시,[26.07]F_I_PC혼_전환_콘스프맛팝콘출시_혜택강조형__.배너_죽어라 운동해서 태운 칼로리 걱정이라면 간식부터 바꾸세요.확장__김소희_260713_제과_박서연,9,1,203.0,0
2026-07-18,[제과_블트하] 26.07_블트깡출시_수동_전환_video_전체타겟,오터BP_블트깡출시 (KR2),[26.07]F_V_BT깡_전환_블트깡출시_제조과정형_CS제조과정형.KR2_var1.릴스_중국산.슬기.X_1P_김소희_260715_제과_피재은,3406,133,79712.0,13
2026-07-18,[제과_블트하] 26.07_블트깡출시_수동_전환_image_전체타겟,3040대세감_블트깡출시 (KR1),[26.07]F_I_BT깡_전환_블트깡출시_혜택강조형_KR1_.배너_원산지표기.맘카페.육퇴.확장__김소희_260716_제과_문다현,154,6,2730.0,2
2026-07-19,[제과_단백질 쉐이크] 26.06_단백질쉐이크출시_수동_전환_video,네고형_0702,[26.07]F_V_SK혼_전환_단백질쉐이크출시_네고형_역네고형_main.릴스_가격강조아몬드스윗삭제.(재)_2P_이유빈_260707_제과_이미진,4846,348,56536.0,9
2026-07-19,[제과_콘스프맛 팝콘] 26.05_콘스프맛팝콘출시_수동_전환_image,속세맛간식공감_콘스프맛팝콘_상시,[26.07]F_I_PC혼_전환_콘스프맛팝콘출시_혜택강조형__.배너_죽어라 운동해서 태운 칼로리 걱정이라면 간식부터 바꾸세요.확장__김소희_260713_제과_박서연,2,0,59.0,0
2026-07-19,[제과_블트하] 26.07_블트깡출시_수동_전환_video_전체타겟,오터BP_블트깡출시 (KR2),[26.07]F_V_BT깡_전환_블트깡출시_제조과정형_CS제조과정형.KR2_var1.릴스_중국산.슬기.X_1P_김소희_260715_제과_피재은,5487,230,121245.0,32
2026-07-19,[제과_블트하] 26.07_블트깡출시_수동_전환_image_전체타겟,3040대세감_블트깡출시 (KR1),[26.07]F_I_BT깡_전환_블트깡출시_혜택강조형_KR1_.배너_원산지표기.맘카페.육퇴.확장__김소희_260716_제과_문다현,38,2,548.0,0
2026-07-20,[제과_콘스프맛 팝콘] 26.05_콘스프맛팝콘출시_수동_전환_image,속세맛간식공감_콘스프맛팝콘_상시,[26.07]F_I_PC혼_전환_콘스프맛팝콘출시_혜택강조형__.배너_죽어라 운동해서 태운 칼로리 걱정이라면 간식부터 바꾸세요.확장__김소희_260713_제과_박서연,37,2,518.0,0
2026-07-20,[제과_블트하] 26.07_블트깡출시_수동_전환_video_전체타겟,오터BP_블트깡출시 (KR2),[26.07]F_V_BT깡_전환_블트깡출시_제조과정형_CS제조과정형.KR2_var1.릴스_중국산.슬기.X_1P_김소희_260715_제과_피재은,2212,80,45975.0,10
2026-07-20,[제과_블트하] 26.07_블트깡출시_수동_전환_image_전체타겟,3040대세감_블트깡출시 (KR1),[26.07]F_I_BT깡_전환_블트깡출시_혜택강조형_KR1_.배너_원산지표기.맘카페.육퇴.확장__김소희_260716_제과_문다현,152,2,2074.0,2
2026-07-21,[제과_단백질 쉐이크] 26.06_단백질쉐이크출시_수동_전환_video,네고형_0702,[26.07]F_V_SK혼_전환_단백질쉐이크출시_네고형_역네고형_main.릴스_가격강조아몬드스윗삭제.(재)_2P_이유빈_260707_제과_이미진,4464,260,55044.0,10
2026-07-21,[제과_콘스프맛 팝콘] 26.05_콘스프맛팝콘출시_수동_전환_image,속세맛간식공감_콘스프맛팝콘_상시,[26.07]F_I_PC혼_전환_콘스프맛팝콘출시_혜택강조형__.배너_죽어라 운동해서 태운 칼로리 걱정이라면 간식부터 바꾸세요.확장__김소희_260713_제과_박서연,61,0,1408.0,0
2026-07-21,[제과_블트하] 26.07_블트깡출시_수동_전환_video_전체타겟,오터BP_블트깡출시 (KR2),[26.07]F_V_BT깡_전환_블트깡출시_제조과정형_CS제조과정형.KR2_var1.릴스_중국산.슬기.X_1P_김소희_260715_제과_피재은,596,16,12790.0,1
2026-07-21,[제과_블트하] 26.07_블트깡출시_수동_전환_image_전체타겟,3040대세감_블트깡출시 (KR1),[26.07]F_I_BT깡_전환_블트깡출시_혜택강조형_KR1_.배너_원산지표기.맘카페.육퇴.확장__김소희_260716_제과_문다현,341,9,6974.0,1
2026-07-22,[제과_콘스프맛 팝콘] 26.05_콘스프맛팝콘출시_수동_전환_image,속세맛간식공감_콘스프맛팝콘_상시,[26.07]F_I_PC혼_전환_콘스프맛팝콘출시_혜택강조형__.배너_죽어라 운동해서 태운 칼로리 걱정이라면 간식부터 바꾸세요.확장__김소희_260713_제과_박서연,65,0,1477.0,0
2026-07-22,[제과_블트하] 26.07_블트깡출시_수동_전환_video_전체타겟,오터BP_블트깡출시 (KR2),[26.07]F_V_BT깡_전환_블트깡출시_제조과정형_CS제조과정형.KR2_var1.릴스_중국산.슬기.X_1P_김소희_260715_제과_피재은,4950,176,102021.0,19
2026-07-23,[제과_콘스프맛 팝콘] 26.05_콘스프맛팝콘출시_수동_전환_image,속세맛간식공감_콘스프맛팝콘_상시,[26.07]F_I_PC혼_전환_콘스프맛팝콘출시_혜택강조형__.배너_죽어라 운동해서 태운 칼로리 걱정이라면 간식부터 바꾸세요.확장__김소희_260713_제과_박서연,1,0,10.0,0
2026-07-23,[제과_블트하] 26.07_블트깡출시_수동_전환_video_전체타겟,오터BP_블트깡출시 (KR2),[26.07]F_V_BT깡_전환_블트깡출시_제조과정형_CS제조과정형.KR2_var1.릴스_중국산.슬기.X_1P_김소희_260715_제과_피재은,4232,113,86838.0,11
2026-07-24,[제과_콘스프맛 팝콘] 26.05_콘스프맛팝콘출시_수동_전환_image,속세맛간식공감_콘스프맛팝콘_상시,[26.07]F_I_PC혼_전환_콘스프맛팝콘출시_혜택강조형__.배너_죽어라 운동해서 태운 칼로리 걱정이라면 간식부터 바꾸세요.확장__김소희_260713_제과_박서연,1069,19,22190.0,0
2026-07-24,[제과_블트하] 26.07_블트깡출시_수동_전환_video_전체타겟,오터BP_블트깡출시 (KR2),[26.07]F_V_BT깡_전환_블트깡출시_제조과정형_CS제조과정형.KR2_var1.릴스_중국산.슬기.X_1P_김소희_260715_제과_피재은,1675,48,28233.0,2
2026-07-01,[콘스프맛 팝콘] 26.05_콘스프맛팝콘출시_ASC_전환_image (old),[콘스프맛 팝콘] 26.05_콘스프맛팝콘출시_ASC_전환_image (old),[26.06]F_I_PC혼_전환_팝콘더블특가_매거진형_다이어트_.배너_일상상황공감.밍밍한데이건속세맛.AI.__김소희_260625_제과_김수정,8,0,94.0,0
2026-07-01,[제과_단백질 쉐이크] 26.06_단백질쉐이크출시_수동_전환_video,취식형(재)_0629,[26.06]F_V_SK곡_전환_단백질쉐이크출시_신규BP_개당가메리트.재편집_var2.릴스_토핑국밥.X_2P_이유빈_260629_제과_이미진,480,7,9964.0,1
2026-07-01,[콘스프맛 팝콘] 26.05_콘스프맛팝콘출시_ASC_전환_image (old),[콘스프맛 팝콘] 26.05_콘스프맛팝콘출시_ASC_전환_image (old),[26.06]F_I_PC혼_전환_팝콘더블특가_혜택강조형_다이어트_.배너_입터짐방지템.짭짤한거땡길때.__김소희_260629_제과_김수정,66,2,3823.0,0
2026-07-02,(마스터ASC)[제과_콘스프맛 팝콘] 26.05_콘스프맛팝콘출시_ASC_전환_video,(마스터ASC)[콘스프맛 팝콘] 26.05_콘스프맛팝콘출시_ASC_전환_video,[26.06]F_V_PC콘_전환_팝콘더블특가_인플루언서형_올리브BP.다이어트_main.릴스_메인.슬기.X_1P_최나영_260625_제과_강경연,3,0,30.0,0
2026-07-02,[콘스프맛 팝콘] 26.05_콘스프맛팝콘출시_ASC_전환_image (old),[콘스프맛 팝콘] 26.05_콘스프맛팝콘출시_ASC_전환_image (old),[26.06]F_I_PC혼_전환_팝콘더블특가_혜택강조형_다이어트_.배너_입터짐방지템.짭짤한거땡길때.__김소희_260629_제과_김수정,2,0,70.0,0
2026-07-03,[제과_단백질 쉐이크] 26.06_단백질쉐이크출시_수동_전환_video,취식형(재)_0629,[26.06]F_V_SK곡_전환_단백질쉐이크출시_신규BP_개당가메리트.재편집_var2.릴스_토핑국밥.X_2P_이유빈_260629_제과_이미진,547,8,14883.0,0
2026-07-03,[제과_콘스프맛 팝콘] 26.05_콘스프맛팝콘출시_수동_전환_image,일상다이어트_팝콘할인페스타 (~7/8),[26.07]F_I_PC혼_전환_팝콘할인페스타_혜택강조형_다이어트_.배너_선착순300명한정.더블로드려요.초록색.확장__김소희_260702_제과_문다현,45,2,1352.0,1
2026-07-04,[제과_콘스프맛 팝콘] 26.05_콘스프맛팝콘출시_수동_전환_image,일상다이어트_팝콘할인페스타 (~7/8),[26.07]F_I_PC혼_전환_팝콘할인페스타_혜택강조형_다이어트_.배너_선착순300명한정.더블로드려요.초록색.확장__김소희_260702_제과_문다현,17,1,595.0,0
2026-07-04,[제과_단백질 쉐이크] 26.06_단백질쉐이크출시_수동_전환_video,지인네고형_0702,[26.07]F_V_SK혼_전환_단백질쉐이크출시_네고형_지인네고형_var7.릴스_브랜드강조.X_2P_이유빈_260703_제과_이봄1,117,5,2095.0,0
2026-07-05,(마스터ASC)[제과_콘스프맛 팝콘] 26.05_콘스프맛팝콘출시_ASC_전환_video,(마스터ASC)[콘스프맛 팝콘] 26.05_콘스프맛팝콘출시_ASC_전환_video,[26.06]F_V_PC콘_전환_팝콘더블특가_인플루언서형_올리브BP.다이어트_main.릴스_메인.슬기.X_1P_최나영_260625_제과_강경연,11,1,97.0,1
2026-07-05,[제과_콘스프맛 팝콘] 26.05_콘스프맛팝콘출시_수동_전환_image,일상다이어트_팝콘할인페스타 (~7/8),[26.07]F_I_PC혼_전환_팝콘할인페스타_혜택강조형_다이어트_.배너_선착순300명한정.더블로드려요.초록색.확장__김소희_260702_제과_문다현,9,0,329.0,0
2026-07-05,[제과_단백질 쉐이크] 26.06_단백질쉐이크출시_수동_전환_video,지인네고형_0702,[26.07]F_V_SK혼_전환_단백질쉐이크출시_네고형_지인네고형_var7.릴스_브랜드강조.X_2P_이유빈_260703_제과_이봄1,6,0,159.0,0
2026-07-07,(마스터ASC)[제과_콘스프맛 팝콘] 26.05_콘스프맛팝콘출시_ASC_전환_video,(마스터ASC)[콘스프맛 팝콘] 26.05_콘스프맛팝콘출시_ASC_전환_video,[26.06]F_V_PC콘_전환_팝콘더블특가_인플루언서형_올리브BP.다이어트_main.릴스_메인.슬기.X_1P_최나영_260625_제과_강경연,2,0,16.0,0
2026-07-07,[제과_단백질 쉐이크] 26.06_단백질쉐이크출시_수동_전환_video,지인네고형_0702,[26.07]F_V_SK혼_전환_단백질쉐이크출시_네고형_지인네고형_var7.릴스_브랜드강조.X_2P_이유빈_260703_제과_이봄1,24,1,446.0,0
2026-07-07,(마스터2) [제과_단백질 쉐이크] 26.07_단백질쉐이크출시_ASC_전환_image,(마스터2) [제과_단백질 쉐이크] 26.07_단백질쉐이크출시_ASC_전환_image,[26.07]F_I_SK초_전환_단백질쉐이크출시_혜택강조형_파우치.개당가강조_.배너_불편하지않아도.미개봉새상품아니어도.검증__이유빈_260706_제과_김수정,39,1,986.0,0
2026-07-08,[제과_단백질 쉐이크] 26.06_단백질쉐이크출시_수동_전환_video,지인네고형_0702,[26.07]F_V_SK혼_전환_단백질쉐이크출시_네고형_지인네고형_var7.릴스_브랜드강조.X_2P_이유빈_260703_제과_이봄1,1,0,81.0,0
2026-07-08,(마스터2) [제과_단백질 쉐이크] 26.07_단백질쉐이크출시_ASC_전환_image,(마스터2) [제과_단백질 쉐이크] 26.07_단백질쉐이크출시_ASC_전환_image,[26.07]F_I_SK초_전환_단백질쉐이크출시_혜택강조형_파우치.개당가강조_.배너_불편하지않아도.미개봉새상품아니어도.검증__이유빈_260706_제과_김수정,53,0,1122.0,0
2026-07-09,[제과_단백질 쉐이크] 26.06_단백질쉐이크출시_수동_전환_video,지인네고형_0702,[26.07]F_V_SK혼_전환_단백질쉐이크출시_네고형_지인네고형_var7.릴스_브랜드강조.X_2P_이유빈_260703_제과_이봄1,32,1,969.0,0
2026-07-09,(마스터2) [제과_단백질 쉐이크] 26.07_단백질쉐이크출시_ASC_전환_image,(마스터2) [제과_단백질 쉐이크] 26.07_단백질쉐이크출시_ASC_전환_image,[26.07]F_I_SK초_전환_단백질쉐이크출시_혜택강조형_파우치.개당가강조_.배너_불편하지않아도.미개봉새상품아니어도.검증__이유빈_260706_제과_김수정,7,0,137.0,0
2026-07-10,(마스터2) [제과_단백질 쉐이크] 26.07_단백질쉐이크출시_ASC_전환_image,(마스터2) [제과_단백질 쉐이크] 26.07_단백질쉐이크출시_ASC_전환_image,[26.07]F_I_SK초_전환_단백질쉐이크출시_혜택강조형_파우치.개당가강조_.배너_불편하지않아도.미개봉새상품아니어도.검증__이유빈_260706_제과_김수정,2,0,47.0,0
2026-07-10,[제과_단쉐_990] 26.07_깜짝990딜_수동_전환_image,990딜_0710,[26.07]F_I_SK혼_전환_단쉐990원_혜택강조형__.배너_다이소쇼핑보다짜릿.990원털기.다시는없습니다.확장__이유빈_260710_제과_문다현,191,10,3951.0,0
2026-07-11,[제과_콘스프맛 팝콘] 26.05_콘스프맛팝콘출시_수동_전환_video,지인네고형_팝콘더블특가_콘스프맛 (~7/1),[26.07]F_V_PC콘_전환_콘스프맛팝콘출시_네고형_지인네고형.다이어트_var1.릴스_취식상황강조1.슬기.(재)_1P_김소희_260710_제과_문형민,2,0,32.0,0
2026-07-11,[제과_단쉐_990] 26.07_깜짝990딜_수동_전환_image,990딜_0710,[26.07]F_I_SK혼_전환_단쉐990원_혜택강조형__.배너_다이소쇼핑보다짜릿.990원털기.다시는없습니다.확장__이유빈_260710_제과_문다현,404,19,7559.0,1
2026-07-12,(마스터ASC)[제과_콘스프맛 팝콘] 26.05_콘스프맛팝콘출시_ASC_전환_video,(마스터ASC)[콘스프맛 팝콘] 26.05_콘스프맛팝콘출시_ASC_전환_video,[26.06]F_V_PC콘_전환_팝콘더블특가_인플루언서형_올리브BP.다이어트_main.릴스_메인.슬기.X_1P_최나영_260625_제과_강경연,17,0,177.0,0
2026-07-13,(마스터ASC)[제과_콘스프맛 팝콘] 26.05_콘스프맛팝콘출시_ASC_전환_video,(마스터ASC)[콘스프맛 팝콘] 26.05_콘스프맛팝콘출시_ASC_전환_video,[26.06]F_V_PC콘_전환_팝콘더블특가_인플루언서형_올리브BP.다이어트_main.릴스_메인.슬기.X_1P_최나영_260625_제과_강경연,4,0,24.0,0
2026-07-13,(마스터2) [제과_단백질 쉐이크] 26.07_단백질쉐이크출시_ASC_전환_image,(마스터2) [제과_단백질 쉐이크] 26.07_단백질쉐이크출시_ASC_전환_image,[26.07]F_I_SK초_전환_단백질쉐이크출시_혜택강조형_파우치.개당가강조_.배너_불편하지않아도.미개봉새상품아니어도.검증__이유빈_260706_제과_김수정,103,2,2505.0,0
2026-07-14,(마스터2) [제과_단백질 쉐이크] 26.07_단백질쉐이크출시_ASC_전환_image,(마스터2) [제과_단백질 쉐이크] 26.07_단백질쉐이크출시_ASC_전환_image,[26.07]F_I_SK초_전환_단백질쉐이크출시_혜택강조형_파우치.개당가강조_.배너_불편하지않아도.미개봉새상품아니어도.검증__이유빈_260706_제과_김수정,7,1,214.0,0
2026-07-14,[제과_콘스프맛 팝콘] 26.05_콘스프맛팝콘출시_수동_전환_image,속세맛간식공감_콘스프맛팝콘_상시,[26.07]F_I_PC혼_전환_콘스프맛팝콘출시_혜택강조형__.배너_사무실 간식 주워먹다 3kg 쪘다?.확장__김소희_260713_제과_박서연,10,0,254.0,0
2026-07-15,(마스터ASC)[제과_콘스프맛 팝콘] 26.05_콘스프맛팝콘출시_ASC_전환_video,(마스터ASC)[콘스프맛 팝콘] 26.05_콘스프맛팝콘출시_ASC_전환_video,[26.06]F_V_PC콘_전환_팝콘더블특가_인플루언서형_올리브BP.다이어트_main.릴스_메인.슬기.X_1P_최나영_260625_제과_강경연,7,0,64.0,0
2026-07-15,[제과_콘스프맛 팝콘] 26.05_콘스프맛팝콘출시_수동_전환_image,속세맛간식공감_콘스프맛팝콘_상시,[26.07]F_I_PC혼_전환_콘스프맛팝콘출시_혜택강조형__.배너_사무실 간식 주워먹다 3kg 쪘다?.확장__김소희_260713_제과_박서연,4,0,122.0,0
2026-07-15,(마스터ASC)[제과_블트하] 26.07_블트깡출시_ASC_전환_image,(마스터ASC)[제과_블트하] 26.07_블트깡출시_ASC_전환_image,[26.07]F_I_BT깡_전환_블트깡출시_바이럴형_KR1_.배너_유행.신상추천.검증__김소희_260715_제과_김수정,24,0,254.0,0
2026-07-15,[제과_블트하] 26.07_블트깡출시_수동_전환_image_전체타겟,집단유행/유명인_블트깡출시 (KR1),[26.07]F_I_BT깡_전환_블트깡출시_바이럴형_KR1_.배너_연예인권위.맛잘알남돌.검증__김소희_260715_제과_김수정,17,0,726.0,0
2026-07-15,[제과_블트하] 26.07_블트깡출시_수동_전환_image_전체타겟,집단유행/유명인_블트깡출시 (KR1),[26.07]F_I_BT깡_전환_블트깡출시_바이럴형_KR1_.배너_연예인권위.과자안먹을것같은.검증__김소희_260715_제과_김수정,115,0,2472.0,1
2026-07-16,(마스터ASC)[제과_블트하] 26.07_블트깡출시_ASC_전환_image,(마스터ASC)[제과_블트하] 26.07_블트깡출시_ASC_전환_image,[26.07]F_I_BT깡_전환_블트깡출시_바이럴형_KR1_.배너_유행.신상추천.검증__김소희_260715_제과_김수정,79,2,1581.0,0
2026-07-16,[제과_블트하] 26.07_블트깡출시_수동_전환_image_전체타겟,집단유행/유명인_블트깡출시 (KR1),[26.07]F_I_BT깡_전환_블트깡출시_바이럴형_KR1_.배너_연예인권위.맛잘알남돌.검증__김소희_260715_제과_김수정,6,0,66.0,0
2026-07-16,[제과_블트하] 26.07_블트깡출시_수동_전환_image_전체타겟,집단유행/유명인_블트깡출시 (KR1),[26.07]F_I_BT깡_전환_블트깡출시_바이럴형_KR1_.배너_연예인권위.과자안먹을것같은.검증__김소희_260715_제과_김수정,2,0,100.0,0
2026-07-17,(마스터ASC)[제과_콘스프맛 팝콘] 26.05_콘스프맛팝콘출시_ASC_전환_video,(마스터ASC)[콘스프맛 팝콘] 26.05_콘스프맛팝콘출시_ASC_전환_video,[26.06]F_V_PC콘_전환_팝콘더블특가_인플루언서형_올리브BP.다이어트_main.릴스_메인.슬기.X_1P_최나영_260625_제과_강경연,10,0,120.0,0
2026-07-17,(마스터2) [제과_단백질 쉐이크] 26.07_단백질쉐이크출시_ASC_전환_image,(마스터2) [제과_단백질 쉐이크] 26.07_단백질쉐이크출시_ASC_전환_image,[26.07]F_I_SK초_전환_단백질쉐이크출시_혜택강조형_파우치.개당가강조_.배너_불편하지않아도.미개봉새상품아니어도.검증__이유빈_260706_제과_김수정,1,0,14.0,0
2026-07-17,[제과_콘스프맛 팝콘] 26.05_콘스프맛팝콘출시_수동_전환_image,속세맛간식공감_콘스프맛팝콘_상시,[26.07]F_I_PC혼_전환_콘스프맛팝콘출시_혜택강조형__.배너_사무실 간식 주워먹다 3kg 쪘다?.확장__김소희_260713_제과_박서연,4,0,36.0,0
2026-07-18,[제과_블트하] 26.07_블트깡출시_수동_전환_image_전체타겟,집단유행/유명인_블트깡출시 (KR1),[26.07]F_I_BT깡_전환_블트깡출시_바이럴형_KR1_.배너_연예인권위.과자안먹을것같은.검증__김소희_260715_제과_김수정,3,1,123.0,0
2026-07-19,[제과_콘스프맛 팝콘] 26.05_콘스프맛팝콘출시_수동_전환_image,속세맛간식공감_콘스프맛팝콘_상시,[26.07]F_I_PC혼_전환_콘스프맛팝콘출시_혜택강조형__.배너_사무실 간식 주워먹다 3kg 쪘다?.확장__김소희_260713_제과_박서연,1,0,11.0,0
2026-07-20,(마스터ASC)[제과_콘스프맛 팝콘] 26.05_콘스프맛팝콘출시_ASC_전환_video,(마스터ASC)[콘스프맛 팝콘] 26.05_콘스프맛팝콘출시_ASC_전환_video,[26.06]F_V_PC콘_전환_팝콘더블특가_인플루언서형_올리브BP.다이어트_main.릴스_메인.슬기.X_1P_최나영_260625_제과_강경연,544,12,8254.0,0
2026-07-20,(마스터2) [제과_단백질 쉐이크] 26.07_단백질쉐이크출시_ASC_전환_image,(마스터2) [제과_단백질 쉐이크] 26.07_단백질쉐이크출시_ASC_전환_image,[26.07]F_I_SK초_전환_단백질쉐이크출시_혜택강조형_파우치.개당가강조_.배너_불편하지않아도.미개봉새상품아니어도.검증__이유빈_260706_제과_김수정,1319,34,24183.0,1
2026-07-21,[제과_블트하] 26.07_블트깡출시_수동_전환_image_전체타겟,집단유행/유명인_블트깡출시 (KR1),[26.07]F_I_BT깡_전환_블트깡출시_바이럴형_KR1_.배너_연예인권위.맛잘알남돌.검증__김소희_260715_제과_김수정,22,0,642.0,0
2026-07-22,[제과_콘스프맛 팝콘] 26.05_콘스프맛팝콘출시_수동_전환_image,속세맛간식공감_콘스프맛팝콘_상시,[26.07]F_I_PC혼_전환_콘스프맛팝콘출시_혜택강조형__.배너_사무실 간식 주워먹다 3kg 쪘다?.확장__김소희_260713_제과_박서연,105,4,2624.0,0
2026-07-22,(마스터ASC)[제과_블트하] 26.07_블트깡출시_ASC_전환_image,(마스터ASC)[제과_블트하] 26.07_블트깡출시_ASC_전환_image,[26.07]F_I_BT깡_전환_블트깡출시_바이럴형_KR1_.배너_유행.신상추천.검증__김소희_260715_제과_김수정,1,0,2.0,0
2026-07-22,[제과_블트하] 26.07_블트깡출시_수동_전환_image_전체타겟,집단유행/유명인_블트깡출시 (KR1),[26.07]F_I_BT깡_전환_블트깡출시_바이럴형_KR1_.배너_연예인권위.맛잘알남돌.검증__김소희_260715_제과_김수정,811,20,18473.0,1
2026-07-23,[제과_콘스프맛 팝콘] 26.05_콘스프맛팝콘출시_수동_전환_image,속세맛간식공감_콘스프맛팝콘_상시,[26.07]F_I_PC혼_전환_콘스프맛팝콘출시_혜택강조형__.배너_사무실 간식 주워먹다 3kg 쪘다?.확장__김소희_260713_제과_박서연,18,0,322.0,0
2026-07-23,[칩] (마스터ASC)[제과_블트하] 26.07_블트칩출시_ASC_전환_image,[칩] (마스터ASC)[제과_블트하] 26.07_블트칩출시_ASC_전환_image,[26.07]F_I_BT칩_전환_블트칩출시_혜택강조형_KR1_.배너_공구인플루언서공지.확장__김소희_260723_제과_김수정,5,0,127.0,0
2026-07-24,(마스터ASC)[제과_콘스프맛 팝콘] 26.05_콘스프맛팝콘출시_ASC_전환_video,(마스터ASC)[콘스프맛 팝콘] 26.05_콘스프맛팝콘출시_ASC_전환_video,[26.06]F_V_PC콘_전환_팝콘더블특가_인플루언서형_올리브BP.다이어트_main.릴스_메인.슬기.X_1P_최나영_260625_제과_강경연,2,0,100.0,0
2026-07-24,[제과_콘스프맛 팝콘] 26.05_콘스프맛팝콘출시_수동_전환_image,속세맛간식공감_콘스프맛팝콘_상시,[26.07]F_I_PC혼_전환_콘스프맛팝콘출시_혜택강조형__.배너_사무실 간식 주워먹다 3kg 쪘다?.확장__김소희_260713_제과_박서연,65,1,1594.0,0
2026-07-24,[칩] (마스터ASC)[제과_블트하] 26.07_블트칩출시_ASC_전환_image,[칩] (마스터ASC)[제과_블트하] 26.07_블트칩출시_ASC_전환_image,[26.07]F_I_BT칩_전환_블트칩출시_혜택강조형_KR1_.배너_공구인플루언서공지.확장__김소희_260723_제과_김수정,41,2,712.0,0
2026-07-25,[제과_콘스프맛 팝콘] 26.05_콘스프맛팝콘출시_수동_전환_image,속세맛간식공감_콘스프맛팝콘_상시,[26.07]F_I_PC혼_전환_콘스프맛팝콘출시_혜택강조형__.배너_사무실 간식 주워먹다 3kg 쪘다?.확장__김소희_260713_제과_박서연,1,0,19.0,0
2026-07-25,[칩] (마스터ASC)[제과_블트하] 26.07_블트칩출시_ASC_전환_image,[칩] (마스터ASC)[제과_블트하] 26.07_블트칩출시_ASC_전환_image,[26.07]F_I_BT칩_전환_블트칩출시_혜택강조형_KR1_.배너_공구인플루언서공지.확장__김소희_260723_제과_김수정,15,0,467.0,0
2026-07-26,[제과_콘스프맛 팝콘] 26.05_콘스프맛팝콘출시_수동_전환_image,속세맛간식공감_콘스프맛팝콘_상시,[26.07]F_I_PC혼_전환_콘스프맛팝콘출시_혜택강조형__.배너_사무실 간식 주워먹다 3kg 쪘다?.확장__김소희_260713_제과_박서연,1,0,1.0,0
2026-07-27,(마스터ASC)[제과_콘스프맛 팝콘] 26.05_콘스프맛팝콘출시_ASC_전환_video,(마스터ASC)[콘스프맛 팝콘] 26.05_콘스프맛팝콘출시_ASC_전환_video,[26.06]F_V_PC콘_전환_팝콘더블특가_인플루언서형_올리브BP.다이어트_main.릴스_메인.슬기.X_1P_최나영_260625_제과_강경연,26,0,422.0,0
2026-07-02,[콘스프맛 팝콘] 26.05_콘스프맛팝콘출시_ASC_전환_image (old),[콘스프맛 팝콘] 26.05_콘스프맛팝콘출시_ASC_전환_image (old),[26.06]F_I_PC혼_전환_팝콘더블특가_혜택강조형_다이어트_.배너_반값보다싸요.__김소희_260626_제과_김수정,37,0,832.0,0
2026-07-02,(미사용) [제과_단백질 쉐이크] 26.06_단백질쉐이크출시_ASC_전환_image,[제과_단백질 쉐이크] 26.06_단백질쉐이크출시_ASC_전환_image,[26.07]F_I_SK초_전환_단백질쉐이크출시_혜택강조형_가격메리트_.배너_육각형.토핑채우고가격뺀.확장__이유빈_260702_제과_김수정,42,1,964.0,0
2026-07-03,(미사용) [제과_단백질 쉐이크] 26.06_단백질쉐이크출시_ASC_전환_image,[제과_단백질 쉐이크] 26.06_단백질쉐이크출시_ASC_전환_image,[26.07]F_I_SK초_전환_단백질쉐이크출시_혜택강조형_가격메리트_.배너_육각형.토핑채우고가격뺀.확장__이유빈_260702_제과_김수정,63,0,1601.0,0
2026-07-04,(미사용) [제과_단백질 쉐이크] 26.06_단백질쉐이크출시_ASC_전환_image,[제과_단백질 쉐이크] 26.06_단백질쉐이크출시_ASC_전환_image,[26.07]F_I_SK초_전환_단백질쉐이크출시_혜택강조형_가격메리트_.배너_육각형.토핑채우고가격뺀.확장__이유빈_260702_제과_김수정,82,3,1846.0,0
2026-07-04,[제과_단백질 쉐이크] 26.06_단백질쉐이크출시_ASC_전환_video,[제과_단백질 쉐이크] 26.06_단백질쉐이크출시_ASC_전환_video,[26.07]F_V_SK곡_전환_단백질쉐이크출시_네고형_전화네고형_var2.릴스_1천원대.X_2P_이유빈_260703_제과_윤성미,4,0,52.0,0
2026-07-05,[제과_단백질 쉐이크] 26.06_단백질쉐이크출시_ASC_전환_video,[제과_단백질 쉐이크] 26.06_단백질쉐이크출시_ASC_전환_video,[26.07]F_V_SK곡_전환_단백질쉐이크출시_네고형_전화네고형_var2.릴스_1천원대.X_2P_이유빈_260703_제과_윤성미,1,0,3.0,0
2026-07-06,(미사용) [제과_단백질 쉐이크] 26.06_단백질쉐이크출시_ASC_전환_image,[제과_단백질 쉐이크] 26.06_단백질쉐이크출시_ASC_전환_image,[26.07]F_I_SK초_전환_단백질쉐이크출시_혜택강조형_가격메리트_.배너_육각형.토핑채우고가격뺀.확장__이유빈_260702_제과_김수정,2,0,39.0,0
2026-07-07,(미사용) [제과_단백질 쉐이크] 26.06_단백질쉐이크출시_ASC_전환_image,[제과_단백질 쉐이크] 26.06_단백질쉐이크출시_ASC_전환_image,[26.07]F_I_SK초_전환_단백질쉐이크출시_혜택강조형_가격메리트_.배너_육각형.토핑채우고가격뺀.확장__이유빈_260702_제과_김수정,477,11,12492.0,0
2026-07-08,[제과_단백질 쉐이크] 26.06_단백질쉐이크출시_ASC_전환_video,[제과_단백질 쉐이크] 26.06_단백질쉐이크출시_ASC_전환_video,[26.07]F_V_SK곡_전환_단백질쉐이크출시_네고형_전화네고형_var2.릴스_1천원대.X_2P_이유빈_260703_제과_윤성미,36,3,869.0,0
2026-07-08,[제과_단백질 쉐이크] 26.06_단백질쉐이크출시_ASC_전환_video,[제과_단백질 쉐이크] 26.06_단백질쉐이크출시_ASC_전환_video,[26.07]F_V_SK혼_전환_단백질쉐이크출시_신규BP_고객검증형.개당가메리트_var1.릴스_기대감.혜택변경.(재)_2P_이유빈_260707_제과_윤성미,6077,161,68976.0,8
2026-07-09,[제과_단백질 쉐이크] 26.06_단백질쉐이크출시_ASC_전환_video,[제과_단백질 쉐이크] 26.06_단백질쉐이크출시_ASC_전환_video,[26.07]F_V_SK곡_전환_단백질쉐이크출시_네고형_전화네고형_var2.릴스_1천원대.X_2P_이유빈_260703_제과_윤성미,7,1,135.0,0
2026-07-09,[제과_단백질 쉐이크] 26.06_단백질쉐이크출시_ASC_전환_video,[제과_단백질 쉐이크] 26.06_단백질쉐이크출시_ASC_전환_video,[26.07]F_V_SK혼_전환_단백질쉐이크출시_신규BP_고객검증형.개당가메리트_var1.릴스_기대감.혜택변경.(재)_2P_이유빈_260707_제과_윤성미,1487,29,16579.0,2
2026-07-09,(마스터2) [제과_단백질 쉐이크] 26.07_단백질쉐이크출시_ASC_전환_image,(마스터2) [제과_단백질 쉐이크] 26.07_단백질쉐이크출시_ASC_전환_image,[26.07]F_I_SK혼_전환_단백질쉐이크출시_매거진형_파우치.개당가강조_.배너_가격페인포인트.대용량하나가격에.곡물6종두달치.검증__이유빈_260709_제과_문다현,814,20,15351.0,0
2026-07-10,[제과_단백질 쉐이크] 26.06_단백질쉐이크출시_ASC_전환_video,[제과_단백질 쉐이크] 26.06_단백질쉐이크출시_ASC_전환_video,[26.07]F_V_SK혼_전환_단백질쉐이크출시_신규BP_고객검증형.개당가메리트_var1.릴스_기대감.혜택변경.(재)_2P_이유빈_260707_제과_윤성미,2334,52,27476.0,4
2026-07-10,(마스터2) [제과_단백질 쉐이크] 26.07_단백질쉐이크출시_ASC_전환_image,(마스터2) [제과_단백질 쉐이크] 26.07_단백질쉐이크출시_ASC_전환_image,[26.07]F_I_SK혼_전환_단백질쉐이크출시_매거진형_파우치.개당가강조_.배너_가격페인포인트.대용량하나가격에.곡물6종두달치.검증__이유빈_260709_제과_문다현,1012,21,17791.0,0
2026-07-10,[제과_단쉐_990] 26.07_깜짝990딜_수동_전환_image,990딜_0710,[26.07]F_I_SK혼_전환_단쉐990원_혜택강조형__.배너_몇개를더담든개당가.다이소보다싸요.핑크.확장__이유빈_260710_제과_문다현,69,5,1957.0,0
2026-07-11,[제과_단백질 쉐이크] 26.06_단백질쉐이크출시_ASC_전환_video,[제과_단백질 쉐이크] 26.06_단백질쉐이크출시_ASC_전환_video,[26.07]F_V_SK혼_전환_단백질쉐이크출시_신규BP_고객검증형.개당가메리트_var1.릴스_기대감.혜택변경.(재)_2P_이유빈_260707_제과_윤성미,1654,34,21509.0,4
2026-07-11,[제과_단쉐_990] 26.07_깜짝990딜_수동_전환_image,990딜_0710,[26.07]F_I_SK혼_전환_단쉐990원_혜택강조형__.배너_몇개를더담든개당가.다이소보다싸요.핑크.확장__이유빈_260710_제과_문다현,196,11,4177.0,0
2026-07-11,[제과_단백질 쉐이크] 26.06_단백질쉐이크출시_ASC_전환_video,[제과_단백질 쉐이크] 26.06_단백질쉐이크출시_ASC_전환_video,[26.07]F_V_SK혼_전환_단백질쉐이크출시_신규BP_문제공감형.파우치.개당가강조_main.릴스_본론.X_2P_이유빈_260710_제과_이봄1,927,29,16876.0,1
2026-07-12,[제과_단백질 쉐이크] 26.06_단백질쉐이크출시_ASC_전환_video,[제과_단백질 쉐이크] 26.06_단백질쉐이크출시_ASC_전환_video,[26.07]F_V_SK혼_전환_단백질쉐이크출시_신규BP_고객검증형.개당가메리트_var1.릴스_기대감.혜택변경.(재)_2P_이유빈_260707_제과_윤성미,652,16,8851.0,1
2026-07-13,[제과_단백질 쉐이크] 26.06_단백질쉐이크출시_ASC_전환_video,[제과_단백질 쉐이크] 26.06_단백질쉐이크출시_ASC_전환_video,[26.07]F_V_SK혼_전환_단백질쉐이크출시_신규BP_고객검증형.개당가메리트_var1.릴스_기대감.혜택변경.(재)_2P_이유빈_260707_제과_윤성미,3737,118,46840.0,5
2026-07-13,[제과_단쉐_990] 26.07_깜짝990딜_수동_전환_image,990딜_0710,[26.07]F_I_SK혼_전환_단쉐990원_혜택강조형__.배너_몇개를더담든개당가.다이소보다싸요.핑크.확장__이유빈_260710_제과_문다현,18,0,329.0,0
2026-07-15,[제과_단백질 쉐이크] 26.06_단백질쉐이크출시_ASC_전환_video,[제과_단백질 쉐이크] 26.06_단백질쉐이크출시_ASC_전환_video,[26.07]F_V_SK혼_전환_단백질쉐이크출시_신규BP_고객검증형.개당가메리트_var1.릴스_기대감.혜택변경.(재)_2P_이유빈_260707_제과_윤성미,540,20,7479.0,0
2026-07-21,(마스터ASC)[제과_콘스프맛 팝콘] 26.05_콘스프맛팝콘출시_ASC_전환_video,(마스터ASC)[콘스프맛 팝콘] 26.05_콘스프맛팝콘출시_ASC_전환_video,[26.07]F_V_PC콘_전환_콘스프맛팝콘출시_네고형_책상지인네고형_var1.릴스_요요.X_2P_이유빈_260721_제과_이미진,2159,42,34727.0,4
2026-07-22,[칩] (마스터ASC)[제과_블트하] 26.07_블트칩출시_ASC_전환_image,[칩] (마스터ASC)[제과_블트하] 26.07_블트칩출시_ASC_전환_image,[26.07]F_I_BT칩_전환_블트칩출시_바이럴형_KR1_.배너_맘카페페르소나.지면테스트.카페회원님들추천.검증__김소희_260722_제과_김수정,282,13,6046.0,0
2026-07-23,[칩] (마스터ASC)[제과_블트하] 26.07_블트칩출시_ASC_전환_image,[칩] (마스터ASC)[제과_블트하] 26.07_블트칩출시_ASC_전환_image,[26.07]F_I_BT칩_전환_블트칩출시_바이럴형_KR1_.배너_맘카페페르소나.지면테스트.카페회원님들추천.검증__김소희_260722_제과_김수정,39,1,906.0,0
2026-07-24,[칩] (마스터ASC)[제과_블트하] 26.07_블트칩출시_ASC_전환_image,[칩] (마스터ASC)[제과_블트하] 26.07_블트칩출시_ASC_전환_image,[26.07]F_I_BT칩_전환_블트칩출시_바이럴형_KR1_.배너_맘카페페르소나.지면테스트.카페회원님들추천.검증__김소희_260722_제과_김수정,14,0,248.0,0
2026-07-25,[칩] (마스터ASC)[제과_블트하] 26.07_블트칩출시_ASC_전환_image,[칩] (마스터ASC)[제과_블트하] 26.07_블트칩출시_ASC_전환_image,[26.07]F_I_BT칩_전환_블트칩출시_바이럴형_KR1_.배너_맘카페페르소나.지면테스트.카페회원님들추천.검증__김소희_260722_제과_김수정,1,0,32.0,0
2026-07-27,[제과_블트하] 26.07_블트깡출시_수동_전환_image_전체타겟,[혼합] 주변인 상황연출_블트칩출시 (KR2) (0727),[26.07]F_I_BT깡_전환_블트칩출시_혜택강조형_KR2_.피드_주변인.옆자리동료.확장__김소희_260727_제과_박서연,32,0,992.0,0
2026-07-28,[제과_블트하] 26.07_블트깡출시_수동_전환_image_전체타겟,[혼합] 주변인 상황연출_블트칩출시 (KR2) (0727),[26.07]F_I_BT깡_전환_블트칩출시_혜택강조형_KR2_.피드_주변인.옆자리동료.확장__김소희_260727_제과_박서연,214,1,5793.0,0
2026-07-01,[제과_콘스프맛 팝콘] 26.05_콘스프맛팝콘출시_수동_전환_image,입터짐방지_팝콘더블특가 (~7/1) (재세팅),[26.06]F_I_PC혼_전환_팝콘더블특가_혜택강조형__.배너_혜택강조형.반값에쟁이세요.__김소희_260629_제과_김수정,742,25,19980.0,0
2026-07-02,[제과_콘스프맛 팝콘] 26.05_콘스프맛팝콘출시_수동_전환_image,입터짐방지_팝콘더블특가 (~7/1) (재세팅),[26.06]F_I_PC혼_전환_팝콘더블특가_혜택강조형__.배너_혜택강조형.반값에쟁이세요.__김소희_260629_제과_김수정,150,5,5041.0,0
2026-07-02,[제과_콘스프맛 팝콘] 26.05_콘스프맛팝콘출시_수동_전환_image,오늘까지만_앵콜더블특가 (~7/1),[26.06]F_I_PC혼_전환_팝콘더블특가_매거진형_다이어트_.배너_오늘만이가격.요요.입터짐방지템.단계적할인.확장__김소희_260701_제과_문다현,125,5,2999.0,0
2026-07-03,[제과_콘스프맛 팝콘] 26.05_콘스프맛팝콘출시_수동_전환_image,일상다이어트_팝콘할인페스타 (~7/8),[26.07]F_I_PC혼_전환_팝콘할인페스타_혜택강조형_다이어트_.배너_선착순300명은또할인.pt받고먹어도됨.확장__김소희_260702_제과_문다현,362,9,7431.0,0
2026-07-08,[제과_콘스프맛 팝콘] 26.05_콘스프맛팝콘출시_수동_전환_image,가격한정&공지문_할인페스타(~7/8),[26.07]F_I_PC혼_전환_팝콘할인페스타_혜택강조형_다이어트_.배너_죄책감없고싶다면.도달시할인종료.실시간소진중.확장__김소희_260707_제과_문다현,4,0,86.0,0
2026-07-08,[제과_단백질 쉐이크] 26.06_단백질쉐이크출시_수동_전환_image,파우치개당가강조_0706,[26.07]F_I_SK혼_전환_단백질쉐이크출시_혜택강조형_파우치.개당가강조_.배너_특정시점.대형할인급.네고왕기다릴필요.확장__이유빈_260707_제과_김수정,9,2,265.0,0
2026-07-09,[제과_콘스프맛 팝콘] 26.05_콘스프맛팝콘출시_수동_전환_image,가격한정&공지문_할인페스타(~7/8),[26.07]F_I_PC혼_전환_팝콘할인페스타_혜택강조형_다이어트_.배너_죄책감없고싶다면.도달시할인종료.실시간소진중.확장__김소희_260707_제과_문다현,6,1,130.0,0
2026-07-09,[제과_단백질 쉐이크] 26.06_단백질쉐이크출시_수동_전환_image,파우치개당가강조_0706,[26.07]F_I_SK혼_전환_단백질쉐이크출시_혜택강조형_파우치.개당가강조_.배너_특정시점.대형할인급.네고왕기다릴필요.확장__이유빈_260707_제과_김수정,71,0,1588.0,0
2026-07-09,[제과_콘스프맛 팝콘] 26.05_콘스프맛팝콘출시_수동_전환_image,속세맛간식공감_콘스프맛팝콘_상시,[26.07]F_I_PC혼_전환_상시_매거진형_다이어트_.배너_야식콘텐츠페인포인트.넷플릭스과자.죄책감.걱정없는야식.검증__김소희_260708_제과_문다현,358,8,6230.0,1
2026-07-10,[제과_단백질 쉐이크] 26.06_단백질쉐이크출시_수동_전환_image,파우치개당가강조_0706,[26.07]F_I_SK혼_전환_단백질쉐이크출시_혜택강조형_파우치.개당가강조_.배너_특정시점.대형할인급.네고왕기다릴필요.확장__이유빈_260707_제과_김수정,1,0,3.0,0
2026-07-10,[제과_단쉐_990] 26.07_깜짝990딜_수동_전환_video,쩜오건_0710,[26.07]F_V_SK혼_전환_단쉐990원_원데이건_캡컷_main.릴스_계속담아도.X_2P_이유빈_260710_제과_이미진,319,29,4152.0,1
2026-07-11,[제과_단쉐_990] 26.07_깜짝990딜_수동_전환_video,쩜오건_0710,[26.07]F_V_SK혼_전환_단쉐990원_원데이건_캡컷_main.릴스_계속담아도.X_2P_이유빈_260710_제과_이미진,4578,234,44898.0,4
2026-07-13,[제과_단쉐_990] 26.07_깜짝990딜_수동_전환_video,쩜오건_0710,[26.07]F_V_SK혼_전환_단쉐990원_원데이건_캡컷_main.릴스_계속담아도.X_2P_이유빈_260710_제과_이미진,2077,87,21187.0,8
2026-07-14,[제과_단백질 쉐이크] 26.06_단백질쉐이크출시_수동_전환_image,파우치개당가강조_0706,[26.07]F_I_SK혼_전환_단백질쉐이크출시_혜택강조형_파우치.개당가강조_.배너_특정시점.대형할인급.네고왕기다릴필요.확장__이유빈_260707_제과_김수정,1,0,11.0,0
2026-07-14,[제과_단백질 쉐이크] 26.06_단백질쉐이크출시_수동_전환_image,최저가비교_0713,[26.07]F_I_SK곡_전환_단백질쉐이크출시_혜택강조형_개당최저가비교_.배너_사진비교.대용량쉐이크.확장__이유빈_260713_제과_문다현,120,4,3190.0,0
2026-07-15,[제과_단백질 쉐이크] 26.06_단백질쉐이크출시_수동_전환_image,최저가비교_0713,[26.07]F_I_SK곡_전환_단백질쉐이크출시_혜택강조형_개당최저가비교_.배너_사진비교.대용량쉐이크.확장__이유빈_260713_제과_문다현,47,2,1814.0,0
2026-07-15,(마스터2) [제과_단백질 쉐이크] 26.07_단백질쉐이크출시_ASC_전환_image,(마스터2) [제과_단백질 쉐이크] 26.07_단백질쉐이크출시_ASC_전환_image,[26.07]F_I_SK혼_전환_단백질쉐이크출시_혜택강조형_올영최저가비교_.배너_지금어느정도싸냐면.네고형.확장__이유빈_260714_제과_문다현,19,0,517.0,0
2026-07-15,(마스터2) [제과_단백질 쉐이크] 26.07_단백질쉐이크출시_ASC_전환_image,(마스터2) [제과_단백질 쉐이크] 26.07_단백질쉐이크출시_ASC_전환_image,[26.07]F_I_SK혼_전환_단백질쉐이크출시_혜택강조형_올영최저가비교_.배너_남들보다훨씬싸게.네고형.확장__이유빈_260714_제과_문다현,273,8,9248.0,1
2026-07-15,(마스터ASC)[제과_블트하] 26.07_블트깡출시_ASC_전환_image,(마스터ASC)[제과_블트하] 26.07_블트깡출시_ASC_전환_image,[26.07]F_I_BT깡_전환_블트깡출시_혜택강조형_혜택강조형_.배너_18000-_개당천원대.7일만할인해요.검증__김소희_260715_제과_박서연,57,1,1063.0,0
2026-07-15,[제과_블트하] 26.07_블트깡출시_수동_전환_image_전체타겟,3040대세감_블트깡출시 (KR1),[26.07]F_I_BT깡_전환_블트깡출시_혜택강조형_혜택강조형_.배너_구하러발품팔던..검증__김소희_260715_제과_박서연,339,9,6730.0,0
2026-07-15,[제과_블트하] 26.07_블트깡출시_수동_전환_image_전체타겟,원산지권위_블트깡출시 (KR2),[26.07]F_I_BT깡_전환_블트깡출시_바이럴형_KR2_.배너_원산지페포.무물.검증__김소희_260715_제과_김수정,1277,45,20556.0,4
2026-07-15,(마스터ASC)[제과_블트하] 26.07_블트깡출시_ASC_전환_image,(마스터ASC)[제과_블트하] 26.07_블트깡출시_ASC_전환_image,[26.07]F_I_BT깡_전환_블트깡출시_매거진형_KR1_.배너_판매량.짭제품.검증__김소희_260715_제과_김수정,100,2,1494.0,0
2026-07-16,[제과_단백질 쉐이크] 26.06_단백질쉐이크출시_수동_전환_image,최저가비교_0713,[26.07]F_I_SK곡_전환_단백질쉐이크출시_혜택강조형_개당최저가비교_.배너_사진비교.대용량쉐이크.확장__이유빈_260713_제과_문다현,4,0,27.0,0
2026-07-16,(마스터2) [제과_단백질 쉐이크] 26.07_단백질쉐이크출시_ASC_전환_image,(마스터2) [제과_단백질 쉐이크] 26.07_단백질쉐이크출시_ASC_전환_image,[26.07]F_I_SK혼_전환_단백질쉐이크출시_혜택강조형_올영최저가비교_.배너_지금어느정도싸냐면.네고형.확장__이유빈_260714_제과_문다현,107,2,1902.0,0
2026-07-16,(마스터ASC)[제과_블트하] 26.07_블트깡출시_ASC_전환_image,(마스터ASC)[제과_블트하] 26.07_블트깡출시_ASC_전환_image,[26.07]F_I_BT깡_전환_블트깡출시_혜택강조형_혜택강조형_.배너_18000-_개당천원대.7일만할인해요.검증__김소희_260715_제과_박서연,177,7,2909.0,3
2026-07-16,[제과_블트하] 26.07_블트깡출시_수동_전환_image_전체타겟,원산지권위_블트깡출시 (KR2),[26.07]F_I_BT깡_전환_블트깡출시_바이럴형_KR2_.배너_원산지페포.무물.검증__김소희_260715_제과_김수정,694,18,12640.0,0
2026-07-16,(마스터ASC)[제과_블트하] 26.07_블트깡출시_ASC_전환_image,(마스터ASC)[제과_블트하] 26.07_블트깡출시_ASC_전환_image,[26.07]F_I_BT깡_전환_블트깡출시_매거진형_KR1_.배너_판매량.짭제품.검증__김소희_260715_제과_김수정,13,0,275.0,0
2026-07-16,(마스터2) [제과_단백질 쉐이크] 26.07_단백질쉐이크출시_ASC_전환_image,(마스터2) [제과_단백질 쉐이크] 26.07_단백질쉐이크출시_ASC_전환_image,[26.07]F_I_SK혼_전환_단백질쉐이크출시_혜택강조형_올영최저가비교_.배너_올영보다싼파우치특가.설거지귀찮아.확장__이유빈_260715_제과_문다현,337,16,9714.0,0
2026-07-17,(마스터ASC)[제과_블트하] 26.07_블트깡출시_ASC_전환_image,(마스터ASC)[제과_블트하] 26.07_블트깡출시_ASC_전환_image,[26.07]F_I_BT깡_전환_블트깡출시_혜택강조형_혜택강조형_.배너_18000-_개당천원대.7일만할인해요.검증__김소희_260715_제과_박서연,36,2,1059.0,0
2026-07-19,(마스터ASC)[제과_블트하] 26.07_블트깡출시_ASC_전환_image,(마스터ASC)[제과_블트하] 26.07_블트깡출시_ASC_전환_image,[26.07]F_I_BT깡_전환_블트깡출시_혜택강조형_혜택강조형_.배너_18000-_개당천원대.7일만할인해요.검증__김소희_260715_제과_박서연,54,1,964.0,0
2026-07-20,(마스터ASC)[제과_블트하] 26.07_블트깡출시_ASC_전환_image,(마스터ASC)[제과_블트하] 26.07_블트깡출시_ASC_전환_image,[26.07]F_I_BT깡_전환_블트깡출시_혜택강조형_혜택강조형_.배너_18000-_개당천원대.7일만할인해요.검증__김소희_260715_제과_박서연,85,5,2017.0,2
2026-07-20,(마스터ASC)[제과_블트하] 26.07_블트깡출시_ASC_전환_image,(마스터ASC)[제과_블트하] 26.07_블트깡출시_ASC_전환_image,[26.07]F_I_BT깡_전환_블트깡출시_매거진형_KR1_.배너_판매량.짭제품.검증__김소희_260715_제과_김수정,4,0,43.0,0
2026-07-21,(마스터2) [제과_단백질 쉐이크] 26.07_단백질쉐이크출시_ASC_전환_image,(마스터2) [제과_단백질 쉐이크] 26.07_단백질쉐이크출시_ASC_전환_image,[26.07]F_I_SK혼_전환_단백질쉐이크출시_혜택강조형_올영최저가비교_.배너_지금어느정도싸냐면.네고형.확장__이유빈_260714_제과_문다현,1,1,125.0,0
2026-07-21,(마스터ASC)[제과_블트하] 26.07_블트깡출시_ASC_전환_image,(마스터ASC)[제과_블트하] 26.07_블트깡출시_ASC_전환_image,[26.07]F_I_BT깡_전환_블트깡출시_혜택강조형_혜택강조형_.배너_18000-_개당천원대.7일만할인해요.검증__김소희_260715_제과_박서연,12,0,299.0,0
2026-07-21,(마스터ASC)[제과_블트하] 26.07_블트깡출시_ASC_전환_image,(마스터ASC)[제과_블트하] 26.07_블트깡출시_ASC_전환_image,[26.07]F_I_BT깡_전환_블트깡출시_매거진형_KR1_.배너_판매량.짭제품.검증__김소희_260715_제과_김수정,7,0,163.0,0
2026-07-21,(마스터ASC)[제과_콘스프맛 팝콘] 26.05_콘스프맛팝콘출시_ASC_전환_video,(마스터ASC)[콘스프맛 팝콘] 26.05_콘스프맛팝콘출시_ASC_전환_video,[26.07]F_V_PC콘_전환_콘스프맛팝콘출시_문제공감형_문제공감네고형_var4.릴스_고정관념.X_2P_이유빈_260721_제과_이봄1,241,2,4088.0,0
2026-07-22,(마스터ASC)[제과_블트하] 26.07_블트깡출시_ASC_전환_image,(마스터ASC)[제과_블트하] 26.07_블트깡출시_ASC_전환_image,[26.07]F_I_BT깡_전환_블트깡출시_혜택강조형_혜택강조형_.배너_18000-_개당천원대.7일만할인해요.검증__김소희_260715_제과_박서연,5,0,68.0,0
2026-07-22,(마스터ASC)[제과_콘스프맛 팝콘] 26.05_콘스프맛팝콘출시_ASC_전환_video,(마스터ASC)[콘스프맛 팝콘] 26.05_콘스프맛팝콘출시_ASC_전환_video,[26.07]F_V_PC콘_전환_콘스프맛팝콘출시_문제공감형_문제공감네고형_var4.릴스_고정관념.X_2P_이유빈_260721_제과_이봄1,292,5,4216.0,0
2026-07-22,[제과_블트하] 26.07_블트깡출시_수동_전환_image_전체타겟,[칩] 맘카페.페르소나_블트칩출시 (KR1),[26.07]F_I_BT칩_전환_블트칩출시_바이럴형_KR1_.배너_맘카페페르소나.지면테스트.애들이랑같이먹기좋은.검증__김소희_260722_제과_김수정,268,12,4556.0,2
2026-07-23,(마스터ASC)[제과_콘스프맛 팝콘] 26.05_콘스프맛팝콘출시_ASC_전환_video,(마스터ASC)[콘스프맛 팝콘] 26.05_콘스프맛팝콘출시_ASC_전환_video,[26.07]F_V_PC콘_전환_콘스프맛팝콘출시_문제공감형_문제공감네고형_var4.릴스_고정관념.X_2P_이유빈_260721_제과_이봄1,963,35,13433.0,1
2026-07-23,[제과_블트하] 26.07_블트깡출시_수동_전환_image_전체타겟,[칩] 맘카페.페르소나_블트칩출시 (KR1),[26.07]F_I_BT칩_전환_블트칩출시_바이럴형_KR1_.배너_맘카페페르소나.지면테스트.애들이랑같이먹기좋은.검증__김소희_260722_제과_김수정,233,7,5119.0,0
2026-07-23,[제과_블트하] 26.07_블트깡출시_수동_전환_video_전체타겟,(0725) [칩] BP이식형_블트칩출시 (KR1) (경연님/성미님),[26.07]F_V_BT칩_전환_블트칩출시_쩜오건_3040페르소나강조.풀매수_main.릴스_BP그대로.X_1P_김소희_260723_제과_강경연,1140,44,18785.0,2
2026-07-24,[제과_블트하] 26.07_블트깡출시_수동_전환_image_전체타겟,[칩] 맘카페.페르소나_블트칩출시 (KR1),[26.07]F_I_BT칩_전환_블트칩출시_바이럴형_KR1_.배너_맘카페페르소나.지면테스트.애들이랑같이먹기좋은.검증__김소희_260722_제과_김수정,288,5,7478.0,0
2026-07-24,[제과_블트하] 26.07_블트깡출시_수동_전환_video_전체타겟,(0725) [칩] BP이식형_블트칩출시 (KR1) (경연님/성미님),[26.07]F_V_BT칩_전환_블트칩출시_쩜오건_3040페르소나강조.풀매수_main.릴스_BP그대로.X_1P_김소희_260723_제과_강경연,4045,138,74474.0,4
2026-07-24,[제과_블트하] 26.07_블트깡출시_수동_전환_image_전체타겟,(시리즈) 맘카페&혜택강조형_블트칩출시 (KR1) (0723),[26.07]F_I_BT혼_전환_블트칩출시_혜택강조형_KR1_.배너_소비자후기공지.확장__김소희_260723_제과_김수정,88,2,2047.0,0
2026-07-24,[제과_블트하] 26.07_블트깡출시_수동_전환_video_전체타겟,(0725) 지인네고형_블트깡출시 (KR2) (재은님),[26.07]F_V_BT깡_전환_블트깡출시_네고형_지인네고형.KR2_var2.릴스_남편.슬기.X_1P_최나영_260724_제과_피재은,312,17,9675.0,0
2026-07-25,[제과_블트하] 26.07_블트깡출시_수동_전환_video_전체타겟,(0725) [칩] BP이식형_블트칩출시 (KR1) (경연님/성미님),[26.07]F_V_BT칩_전환_블트칩출시_쩜오건_3040페르소나강조.풀매수_main.릴스_BP그대로.X_1P_김소희_260723_제과_강경연,3858,121,94777.0,10
2026-07-25,[제과_블트하] 26.07_블트깡출시_수동_전환_image_전체타겟,(시리즈) 맘카페&혜택강조형_블트칩출시 (KR1) (0723),[26.07]F_I_BT혼_전환_블트칩출시_혜택강조형_KR1_.배너_소비자후기공지.확장__김소희_260723_제과_김수정,2,0,24.0,0
2026-07-25,[제과_블트하] 26.07_블트깡출시_수동_전환_video_전체타겟,(0725) 지인네고형_블트깡출시 (KR2) (재은님),[26.07]F_V_BT깡_전환_블트깡출시_네고형_지인네고형.KR2_var2.릴스_남편.슬기.X_1P_최나영_260724_제과_피재은,635,34,24528.0,1
2026-07-26,(마스터ASC)[제과_콘스프맛 팝콘] 26.05_콘스프맛팝콘출시_ASC_전환_video,(마스터ASC)[콘스프맛 팝콘] 26.05_콘스프맛팝콘출시_ASC_전환_video,[26.07]F_V_PC콘_전환_콘스프맛팝콘출시_문제공감형_문제공감네고형_var4.릴스_고정관념.X_2P_이유빈_260721_제과_이봄1,32,0,710.0,0
2026-07-26,[제과_블트하] 26.07_블트깡출시_수동_전환_video_전체타겟,(0725) [칩] BP이식형_블트칩출시 (KR1) (경연님/성미님),[26.07]F_V_BT칩_전환_블트칩출시_쩜오건_3040페르소나강조.풀매수_main.릴스_BP그대로.X_1P_김소희_260723_제과_강경연,4329,133,129426.0,12
2026-07-26,[제과_블트하] 26.07_블트깡출시_수동_전환_video_전체타겟,(0725) 지인네고형_블트깡출시 (KR2) (재은님),[26.07]F_V_BT깡_전환_블트깡출시_네고형_지인네고형.KR2_var2.릴스_남편.슬기.X_1P_최나영_260724_제과_피재은,143,9,5596.0,0
2026-07-27,[제과_블트하] 26.07_블트깡출시_수동_전환_video_전체타겟,(0725) [칩] BP이식형_블트칩출시 (KR1) (경연님/성미님),[26.07]F_V_BT칩_전환_블트칩출시_쩜오건_3040페르소나강조.풀매수_main.릴스_BP그대로.X_1P_김소희_260723_제과_강경연,20095,441,483217.0,41
2026-07-27,[제과_블트하] 26.07_블트깡출시_수동_전환_image_전체타겟,[혼합] 남편상황연출_블트칩출시 (KR1) (0727),[26.07]F_I_BT깡_전환_블트깡출시_바이럴형_KR1_.피드_남편인정.맥주한잔.확장__김소희_260727_제과_김수정,141,0,2494.0,0
2026-07-28,(마스터ASC)[제과_콘스프맛 팝콘] 26.05_콘스프맛팝콘출시_ASC_전환_video,(마스터ASC)[콘스프맛 팝콘] 26.05_콘스프맛팝콘출시_ASC_전환_video,[26.07]F_V_PC콘_전환_콘스프맛팝콘출시_문제공감형_문제공감네고형_var4.릴스_고정관념.X_2P_이유빈_260721_제과_이봄1,1,0,5.0,0
2026-07-28,[제과_블트하] 26.07_블트깡출시_수동_전환_video_전체타겟,(0725) [칩] BP이식형_블트칩출시 (KR1) (경연님/성미님),[26.07]F_V_BT칩_전환_블트칩출시_쩜오건_3040페르소나강조.풀매수_main.릴스_BP그대로.X_1P_김소희_260723_제과_강경연,3730,81,82572.0,3
2026-07-28,[제과_블트하] 26.07_블트깡출시_수동_전환_image_전체타겟,[혼합] 남편상황연출_블트칩출시 (KR1) (0727),[26.07]F_I_BT깡_전환_블트깡출시_바이럴형_KR1_.피드_남편인정.맥주한잔.확장__김소희_260727_제과_김수정,160,0,2364.0,0
2026-07-04,(마스터ASC)[제과_콘스프맛 팝콘] 26.07_콘스프맛팝콘출시_ASC_전환_image (NEW),(마스터ASC)[콘스프맛 팝콘] 26.07_콘스프맛팝콘출시_ASC_전환_image (NEW),[26.07]F_I_PC혼_전환_팝콘할인페스타_혜택강조형_다이어트_.배너_죄송합니다.혼나는캐릭터.AI.확장__김소희_260703_제과_문다현,1316,38,25027.0,1
2026-07-04,[제과_단백질 쉐이크] 26.06_단백질쉐이크출시_ASC_전환_video,[제과_단백질 쉐이크] 26.06_단백질쉐이크출시_ASC_전환_video,[26.07]F_V_SK곡_전환_단백질쉐이크출시_네고형_전화네고형_var7.릴스_본론.숏.X_2P_이유빈_260703_제과_윤성미,5,0,184.0,0
2026-07-06,[제과_단백질 쉐이크] 26.06_단백질쉐이크출시_ASC_전환_video,[제과_단백질 쉐이크] 26.06_단백질쉐이크출시_ASC_전환_video,[26.07]F_V_SK곡_전환_단백질쉐이크출시_네고형_전화네고형_var7.릴스_본론.숏.X_2P_이유빈_260703_제과_윤성미,7,0,257.0,0
2026-07-10,[제과_단백질 쉐이크] 26.06_단백질쉐이크출시_수동_전환_image,파우치개당가강조(2)_0709,[26.07]F_I_SK혼_전환_단백질쉐이크출시_매거진형_파우치.개당가강조_.배너_포만감페인포인트.통쉐이크토핑넘적어.검증__이유빈_260709_제과_문다현,11,0,136.0,0
2026-07-10,[제과_단백질 쉐이크] 26.06_단백질쉐이크출시_수동_전환_image,파우치개당가강조(2)_0709,[26.07]F_I_SK혼_전환_단백질쉐이크출시_매거진형_파우치.개당가강조_.배너_맛없페인포인트.맛없는단쉐로다이어트못합니다.검증__이유빈_260709_제과_문다현,3,0,17.0,0
2026-07-10,[제과_단쉐_990] 26.07_깜짝990딜_ASC_전환_image,[제과_단쉐_990] 26.07_깜짝990딜_ASC_전환_image,[26.07]F_I_SK혼_전환_단쉐990원_혜택강조형__.배너_토핑와르르.개당990원찬스.한정수량.검정색에빨강.확장__이유빈_260710_제과_문다현,86,7,1686.0,0
2026-07-11,[제과_단백질 쉐이크] 26.06_단백질쉐이크출시_수동_전환_image,파우치개당가강조(2)_0709,[26.07]F_I_SK혼_전환_단백질쉐이크출시_매거진형_파우치.개당가강조_.배너_포만감페인포인트.통쉐이크토핑넘적어.검증__이유빈_260709_제과_문다현,18,1,473.0,0
2026-07-11,[제과_단백질 쉐이크] 26.06_단백질쉐이크출시_수동_전환_image,파우치개당가강조(2)_0709,[26.07]F_I_SK혼_전환_단백질쉐이크출시_매거진형_파우치.개당가강조_.배너_맛없페인포인트.맛없는단쉐로다이어트못합니다.검증__이유빈_260709_제과_문다현,4,0,326.0,0
2026-07-11,[제과_단쉐_990] 26.07_깜짝990딜_ASC_전환_image,[제과_단쉐_990] 26.07_깜짝990딜_ASC_전환_image,[26.07]F_I_SK혼_전환_단쉐990원_혜택강조형__.배너_토핑와르르.개당990원찬스.한정수량.검정색에빨강.확장__이유빈_260710_제과_문다현,1004,31,12673.0,0
2026-07-12,[제과_단백질 쉐이크] 26.06_단백질쉐이크출시_수동_전환_image,파우치개당가강조(2)_0709,[26.07]F_I_SK혼_전환_단백질쉐이크출시_매거진형_파우치.개당가강조_.배너_포만감페인포인트.통쉐이크토핑넘적어.검증__이유빈_260709_제과_문다현,306,5,6700.0,1
2026-07-12,[제과_단쉐_990] 26.07_깜짝990딜_ASC_전환_image,[제과_단쉐_990] 26.07_깜짝990딜_ASC_전환_image,[26.07]F_I_SK혼_전환_단쉐990원_혜택강조형__.배너_토핑와르르.개당990원찬스.한정수량.검정색에빨강.확장__이유빈_260710_제과_문다현,12044,336,144036.0,15
2026-07-13,[제과_단백질 쉐이크] 26.06_단백질쉐이크출시_수동_전환_image,파우치개당가강조(2)_0709,[26.07]F_I_SK혼_전환_단백질쉐이크출시_매거진형_파우치.개당가강조_.배너_포만감페인포인트.통쉐이크토핑넘적어.검증__이유빈_260709_제과_문다현,4166,95,82204.0,2
2026-07-14,[제과_단백질 쉐이크] 26.06_단백질쉐이크출시_ASC_전환_video,[제과_단백질 쉐이크] 26.06_단백질쉐이크출시_ASC_전환_video,[26.07]F_V_SK혼_전환_단백질쉐이크출시_ai형_ai캐릭터.파우치.개당가강조_var5.릴스_팝콘산책.X_2P_이유빈_260713_제과_이미진,170,0,2602.0,2
2026-07-14,(마스터ASC)[제과_콘스프맛 팝콘] 26.07_콘스프맛팝콘출시_ASC_전환_image (NEW),(마스터ASC)[콘스프맛 팝콘] 26.07_콘스프맛팝콘출시_ASC_전환_image (NEW),"[26.07]F_I_PC혼_전환_콘스프맛팝콘출시_혜택강조형__.배너_당은 2g, 죄책감은 0g .확장__김소희_260713_제과_박서연",203,1,5804.0,0
2026-07-15,[제과_단백질 쉐이크] 26.06_단백질쉐이크출시_ASC_전환_video,[제과_단백질 쉐이크] 26.06_단백질쉐이크출시_ASC_전환_video,[26.07]F_V_SK혼_전환_단백질쉐이크출시_ai형_ai캐릭터.파우치.개당가강조_var5.릴스_팝콘산책.X_2P_이유빈_260713_제과_이미진,25,1,529.0,0
2026-07-15,[제과_단백질 쉐이크] 26.06_단백질쉐이크출시_수동_전환_image,올영최저가비교_0714,[26.07]F_I_SK혼_전환_단백질쉐이크출시_혜택강조형_올영최저가비교_.배너_재고소진임박.네고형.확장__이유빈_260714_제과_문다현,76,2,1344.0,0
2026-07-15,[제과_블트하] 26.07_블트깡출시_수동_전환_image_전체타겟,맘카페페르소나_블트깡출시 (KR1),[26.07]F_I_BT깡_전환_블트깡출시_바이럴형_KR1_.배너_유행.요새난리난.검증__김소희_260715_제과_김수정,958,17,12629.0,1
2026-07-15,[제과_블트하] 26.07_블트깡출시_수동_전환_image_전체타겟,맘카페페르소나_블트깡출시 (KR1),[26.07]F_I_BT깡_전환_블트깡출시_바이럴형_KR1_.배너_유행.계속보여서사봤는데.검증__김소희_260715_제과_김수정,93,1,1653.0,0
2026-07-15,[제과_블트하] 26.07_블트깡출시_수동_전환_image_전체타겟,집단유행/유명인_블트깡출시 (KR1),[26.07]F_I_BT깡_전환_블트깡출시_바이럴형_KR1_.배너_일반특정집단.맘카페추천템.검증__김소희_260715_제과_김수정,19,1,305.0,0
2026-07-16,[제과_단백질 쉐이크] 26.06_단백질쉐이크출시_ASC_전환_video,[제과_단백질 쉐이크] 26.06_단백질쉐이크출시_ASC_전환_video,[26.07]F_V_SK혼_전환_단백질쉐이크출시_ai형_ai캐릭터.파우치.개당가강조_var5.릴스_팝콘산책.X_2P_이유빈_260713_제과_이미진,7,0,82.0,0
2026-07-16,[제과_단백질 쉐이크] 26.06_단백질쉐이크출시_수동_전환_image,올영최저가비교_0714,[26.07]F_I_SK혼_전환_단백질쉐이크출시_혜택강조형_올영최저가비교_.배너_재고소진임박.네고형.확장__이유빈_260714_제과_문다현,117,7,1609.0,1
2026-07-16,(마스터ASC)[제과_블트하] 26.07_블트깡출시_ASC_전환_image,(마스터ASC)[제과_블트하] 26.07_블트깡출시_ASC_전환_image,[26.07]F_I_BT깡_전환_블트깡출시_바이럴형_KR1_.배너_유행.안먹은사람은있어도.검증__김소희_260715_제과_김수정,83,3,3246.0,0
2026-07-16,[제과_블트하] 26.07_블트깡출시_수동_전환_image_전체타겟,맘카페페르소나_블트깡출시 (KR1),[26.07]F_I_BT깡_전환_블트깡출시_바이럴형_KR1_.배너_유행.계속보여서사봤는데.검증__김소희_260715_제과_김수정,476,8,10423.0,1
2026-07-16,[제과_블트하] 26.07_블트깡출시_수동_전환_image_전체타겟,집단유행/유명인_블트깡출시 (KR1),[26.07]F_I_BT깡_전환_블트깡출시_바이럴형_KR1_.배너_일반특정집단.맘카페추천템.검증__김소희_260715_제과_김수정,11,0,138.0,0
2026-07-17,[제과_단백질 쉐이크] 26.06_단백질쉐이크출시_수동_전환_image,올영최저가비교_0714,[26.07]F_I_SK혼_전환_단백질쉐이크출시_혜택강조형_올영최저가비교_.배너_재고소진임박.네고형.확장__이유빈_260714_제과_문다현,15,0,324.0,0
2026-07-17,(마스터ASC)[제과_블트하] 26.07_블트깡출시_ASC_전환_image,(마스터ASC)[제과_블트하] 26.07_블트깡출시_ASC_전환_image,[26.07]F_I_BT깡_전환_블트깡출시_바이럴형_KR1_.배너_유행.안먹은사람은있어도.검증__김소희_260715_제과_김수정,4,0,86.0,0
2026-07-17,[제과_블트하] 26.07_블트깡출시_수동_전환_image_전체타겟,집단유행/유명인_블트깡출시 (KR1),[26.07]F_I_BT깡_전환_블트깡출시_바이럴형_KR1_.배너_일반특정집단.맘카페추천템.검증__김소희_260715_제과_김수정,1,0,2.0,0
2026-07-17,[제과_블트하] 26.07_블트깡출시_수동_전환_image_전체타겟,3040대세감_블트깡출시 (KR1),[26.07]F_I_BT깡_전환_블트깡출시_바이럴형_KR1_.배너_맘카페.맘카페입소문마트품절대란.확장__김소희_260716_제과_김수정,686,25,17476.0,2
2026-07-18,[제과_블트하] 26.07_블트깡출시_수동_전환_image_전체타겟,집단유행/유명인_블트깡출시 (KR1),[26.07]F_I_BT깡_전환_블트깡출시_바이럴형_KR1_.배너_일반특정집단.맘카페추천템.검증__김소희_260715_제과_김수정,7,0,158.0,0
2026-07-19,[제과_단백질 쉐이크] 26.06_단백질쉐이크출시_수동_전환_image,올영최저가비교_0714,[26.07]F_I_SK혼_전환_단백질쉐이크출시_혜택강조형_올영최저가비교_.배너_재고소진임박.네고형.확장__이유빈_260714_제과_문다현,664,14,8703.0,1
2026-07-19,(마스터ASC)[제과_블트하] 26.07_블트깡출시_ASC_전환_image,(마스터ASC)[제과_블트하] 26.07_블트깡출시_ASC_전환_image,[26.07]F_I_BT깡_전환_블트깡출시_바이럴형_KR1_.배너_유행.안먹은사람은있어도.검증__김소희_260715_제과_김수정,1,0,25.0,0
2026-07-20,[제과_단백질 쉐이크] 26.06_단백질쉐이크출시_수동_전환_image,올영최저가비교_0714,[26.07]F_I_SK혼_전환_단백질쉐이크출시_혜택강조형_올영최저가비교_.배너_재고소진임박.네고형.확장__이유빈_260714_제과_문다현,312,12,4080.0,0
2026-07-20,[제과_블트하] 26.07_블트깡출시_수동_전환_image_전체타겟,집단유행/유명인_블트깡출시 (KR1),[26.07]F_I_BT깡_전환_블트깡출시_바이럴형_KR1_.배너_일반특정집단.맘카페추천템.검증__김소희_260715_제과_김수정,1,0,54.0,0
2026-07-21,[제과_단백질 쉐이크] 26.06_단백질쉐이크출시_ASC_전환_video,[제과_단백질 쉐이크] 26.06_단백질쉐이크출시_ASC_전환_video,[26.07]F_V_SK혼_전환_단백질쉐이크출시_ai형_ai캐릭터.파우치.개당가강조_var5.릴스_팝콘산책.X_2P_이유빈_260713_제과_이미진,54,1,822.0,0
2026-07-22,[제과_블트하] 26.07_블트깡출시_수동_전환_image_전체타겟,주변인인정_블트칩출시 (KR2) (0728),[26.07]F_I_BT칩_전환_블트칩출시_혜택강조형_KR2_.배너_세계4대진미7일만할인해요.지면테스트..검증__김소희_260722_제과_박서연,135,14,4449.0,1
2026-07-23,[제과_블트하] 26.07_블트깡출시_수동_전환_image_전체타겟,주변인인정_블트칩출시 (KR2) (0728),[26.07]F_I_BT칩_전환_블트칩출시_혜택강조형_KR2_.배너_세계4대진미7일만할인해요.지면테스트..검증__김소희_260722_제과_박서연,91,4,2046.0,0
2026-07-24,[제과_블트하] 26.07_블트깡출시_수동_전환_image_전체타겟,(칩) 맘카페&혜택강조형_블트칩출시 (0723),[26.07]F_I_BT칩_전환_블트칩출시_혜택강조형_KR1_.배너_소비자후기공지.확장__김소희_260723_제과_김수정,125,0,3409.0,0
2026-07-24,(마스터ASC)[제과_블트하] 26.07_블트깡출시_ASC_전환_image,(마스터ASC)[제과_블트하] 26.07_블트깡출시_ASC_전환_image,[26.07]F_I_BT혼_전환_블트칩출시_혜택강조형_KR1_.배너_소비자후기공지.확장__김소희_260723_제과_김수정,29,0,301.0,0
2026-07-24,[칩] (마스터ASC)[제과_블트하] 26.07_블트칩출시_ASC_전환_video,[칩] (마스터ASC)[제과_블트하] 26.07_블트칩출시_ASC_전환_video,[26.07]F_V_BT칩_전환_블트칩출시_쩜오건_오감자BP.KR1_var3.릴스_중국산.X_2P_최나영_260724_제과_윤성미,57,3,1137.0,0
2026-07-25,[제과_블트하] 26.07_블트깡출시_수동_전환_image_전체타겟,(칩) 맘카페&혜택강조형_블트칩출시 (0723),[26.07]F_I_BT칩_전환_블트칩출시_혜택강조형_KR1_.배너_소비자후기공지.확장__김소희_260723_제과_김수정,12,0,336.0,0
2026-07-25,(마스터ASC)[제과_블트하] 26.07_블트깡출시_ASC_전환_image,(마스터ASC)[제과_블트하] 26.07_블트깡출시_ASC_전환_image,[26.07]F_I_BT혼_전환_블트칩출시_혜택강조형_KR1_.배너_소비자후기공지.확장__김소희_260723_제과_김수정,5,0,74.0,0
2026-07-25,[칩] (마스터ASC)[제과_블트하] 26.07_블트칩출시_ASC_전환_video,[칩] (마스터ASC)[제과_블트하] 26.07_블트칩출시_ASC_전환_video,[26.07]F_V_BT칩_전환_블트칩출시_쩜오건_오감자BP.KR1_var3.릴스_중국산.X_2P_최나영_260724_제과_윤성미,104,3,2126.0,0
2026-07-26,[칩] (마스터ASC)[제과_블트하] 26.07_블트칩출시_ASC_전환_video,[칩] (마스터ASC)[제과_블트하] 26.07_블트칩출시_ASC_전환_video,[26.07]F_V_BT칩_전환_블트칩출시_쩜오건_오감자BP.KR1_var3.릴스_중국산.X_2P_최나영_260724_제과_윤성미,586,15,17020.0,0
2026-07-27,[칩] (마스터ASC)[제과_블트하] 26.07_블트칩출시_ASC_전환_video,[칩] (마스터ASC)[제과_블트하] 26.07_블트칩출시_ASC_전환_video,[26.07]F_V_BT칩_전환_블트칩출시_쩜오건_오감자BP.KR1_var3.릴스_중국산.X_2P_최나영_260724_제과_윤성미,883,30,27624.0,1
2026-07-28,[칩] (마스터ASC)[제과_블트하] 26.07_블트칩출시_ASC_전환_video,[칩] (마스터ASC)[제과_블트하] 26.07_블트칩출시_ASC_전환_video,[26.07]F_V_BT칩_전환_블트칩출시_쩜오건_오감자BP.KR1_var3.릴스_중국산.X_2P_최나영_260724_제과_윤성미,3837,90,112550.0,10
2026-07-01,[제과_단백질 쉐이크] 26.06_단백질쉐이크출시_ASC_전환_video,[제과_단백질 쉐이크] 26.06_단백질쉐이크출시_ASC_전환_video,[26.06]F_V_SK혼_전환_단백질쉐이크출시_신규BP_고객검증형_var2.릴스_패인포인트.X_2P_이유빈_260624_제과_윤성미,378,9,10450.0,0
2026-07-02,(마스터ASC)[제과_콘스프맛 팝콘] 26.05_콘스프맛팝콘출시_ASC_전환_video,(마스터ASC)[콘스프맛 팝콘] 26.05_콘스프맛팝콘출시_ASC_전환_video,[26.06]F_V_PC콘_전환_팝콘더블특가_고객후기형_김부각BP.메시지검증.다이어트_main.릴스_공통.추가건PJ_1P_최나영_260626_제과_강경연,489,4,7371.0,0
2026-07-02,[제과_콘스프맛 팝콘] 26.05_콘스프맛팝콘출시_수동_전환_image,오늘까지만_앵콜더블특가 (~7/1),[26.06]F_I_PC혼_전환_팝콘더블특가_매거진형_다이어트_.배너_딱오늘하루만진행.요요.입터짐방지템.확장__김소희_260701_제과_문다현,22,1,545.0,1
2026-07-03,(마스터ASC)[제과_콘스프맛 팝콘] 26.05_콘스프맛팝콘출시_ASC_전환_video,(마스터ASC)[콘스프맛 팝콘] 26.05_콘스프맛팝콘출시_ASC_전환_video,[26.06]F_V_PC콘_전환_팝콘더블특가_고객후기형_김부각BP.메시지검증.다이어트_main.릴스_공통.추가건PJ_1P_최나영_260626_제과_강경연,3,0,19.0,0
2026-07-03,(마스터ASC)[제과_콘스프맛 팝콘] 26.07_콘스프맛팝콘출시_ASC_전환_image (NEW),(마스터ASC)[콘스프맛 팝콘] 26.07_콘스프맛팝콘출시_ASC_전환_image (NEW),[26.07]F_I_PC혼_전환_팝콘할인페스타_혜택강조형_다이어트_.배너_선착순300명한정.더블로드려요.초록색.확장__김소희_260702_제과_문다현,19,2,427.0,0
2026-07-04,(마스터ASC)[제과_콘스프맛 팝콘] 26.05_콘스프맛팝콘출시_ASC_전환_video,(마스터ASC)[콘스프맛 팝콘] 26.05_콘스프맛팝콘출시_ASC_전환_video,[26.06]F_V_PC콘_전환_팝콘더블특가_고객후기형_김부각BP.메시지검증.다이어트_main.릴스_공통.추가건PJ_1P_최나영_260626_제과_강경연,56,1,803.0,0
2026-07-05,(마스터ASC)[제과_콘스프맛 팝콘] 26.05_콘스프맛팝콘출시_ASC_전환_video,(마스터ASC)[콘스프맛 팝콘] 26.05_콘스프맛팝콘출시_ASC_전환_video,[26.06]F_V_PC콘_전환_팝콘더블특가_고객후기형_김부각BP.메시지검증.다이어트_main.릴스_공통.추가건PJ_1P_최나영_260626_제과_강경연,36,0,482.0,0
2026-07-06,(마스터ASC)[제과_콘스프맛 팝콘] 26.05_콘스프맛팝콘출시_ASC_전환_video,(마스터ASC)[콘스프맛 팝콘] 26.05_콘스프맛팝콘출시_ASC_전환_video,[26.06]F_V_PC콘_전환_팝콘더블특가_고객후기형_김부각BP.메시지검증.다이어트_main.릴스_공통.추가건PJ_1P_최나영_260626_제과_강경연,206,3,2743.0,0
2026-07-07,(마스터ASC)[제과_콘스프맛 팝콘] 26.05_콘스프맛팝콘출시_ASC_전환_video,(마스터ASC)[콘스프맛 팝콘] 26.05_콘스프맛팝콘출시_ASC_전환_video,[26.06]F_V_PC콘_전환_팝콘더블특가_고객후기형_김부각BP.메시지검증.다이어트_main.릴스_공통.추가건PJ_1P_최나영_260626_제과_강경연,106,2,2114.0,0
2026-07-08,(마스터ASC)[제과_콘스프맛 팝콘] 26.05_콘스프맛팝콘출시_ASC_전환_video,(마스터ASC)[콘스프맛 팝콘] 26.05_콘스프맛팝콘출시_ASC_전환_video,[26.06]F_V_PC콘_전환_팝콘더블특가_고객후기형_김부각BP.메시지검증.다이어트_main.릴스_공통.추가건PJ_1P_최나영_260626_제과_강경연,5,0,19.0,0
2026-07-08,(마스터ASC)[제과_콘스프맛 팝콘] 26.07_콘스프맛팝콘출시_ASC_전환_image (NEW),(마스터ASC)[콘스프맛 팝콘] 26.07_콘스프맛팝콘출시_ASC_전환_image (NEW),[26.07]F_I_PC혼_전환_팝콘할인페스타_혜택강조형_다이어트_.배너_선착순300명한정.더블로드려요.초록색.확장__김소희_260702_제과_문다현,664,25,9507.0,5
2026-07-09,(마스터ASC)[제과_콘스프맛 팝콘] 26.05_콘스프맛팝콘출시_ASC_전환_video,(마스터ASC)[콘스프맛 팝콘] 26.05_콘스프맛팝콘출시_ASC_전환_video,[26.06]F_V_PC콘_전환_팝콘더블특가_고객후기형_김부각BP.메시지검증.다이어트_main.릴스_공통.추가건PJ_1P_최나영_260626_제과_강경연,259,2,4227.0,1
2026-07-09,(마스터ASC)[제과_콘스프맛 팝콘] 26.07_콘스프맛팝콘출시_ASC_전환_image (NEW),(마스터ASC)[콘스프맛 팝콘] 26.07_콘스프맛팝콘출시_ASC_전환_image (NEW),[26.07]F_I_PC혼_전환_팝콘할인페스타_혜택강조형_다이어트_.배너_선착순300명한정.더블로드려요.초록색.확장__김소희_260702_제과_문다현,282,6,6893.0,1
2026-07-10,(마스터ASC)[제과_콘스프맛 팝콘] 26.05_콘스프맛팝콘출시_ASC_전환_video,(마스터ASC)[콘스프맛 팝콘] 26.05_콘스프맛팝콘출시_ASC_전환_video,[26.06]F_V_PC콘_전환_팝콘더블특가_고객후기형_김부각BP.메시지검증.다이어트_main.릴스_공통.추가건PJ_1P_최나영_260626_제과_강경연,132,1,1717.0,0
2026-07-10,[제과_단백질 쉐이크] 26.06_단백질쉐이크출시_수동_전환_video,고객상황형_0710,[26.07]F_V_SK혼_전환_단백질쉐이크출시_신규BP_고객검증형.파우치.개당가강조_var4.릴스_공구보다싼.X_2P_이유빈_260710_제과_이미진,1257,24,20990.0,1
2026-07-11,(마스터ASC)[제과_콘스프맛 팝콘] 26.05_콘스프맛팝콘출시_ASC_전환_video,(마스터ASC)[콘스프맛 팝콘] 26.05_콘스프맛팝콘출시_ASC_전환_video,[26.06]F_V_PC콘_전환_팝콘더블특가_고객후기형_김부각BP.메시지검증.다이어트_main.릴스_공통.추가건PJ_1P_최나영_260626_제과_강경연,35,0,927.0,0
2026-07-13,(마스터ASC)[제과_콘스프맛 팝콘] 26.05_콘스프맛팝콘출시_ASC_전환_video,(마스터ASC)[콘스프맛 팝콘] 26.05_콘스프맛팝콘출시_ASC_전환_video,[26.06]F_V_PC콘_전환_팝콘더블특가_고객후기형_김부각BP.메시지검증.다이어트_main.릴스_공통.추가건PJ_1P_최나영_260626_제과_강경연,6,0,182.0,0
2026-07-14,(마스터ASC)[제과_콘스프맛 팝콘] 26.05_콘스프맛팝콘출시_ASC_전환_video,(마스터ASC)[콘스프맛 팝콘] 26.05_콘스프맛팝콘출시_ASC_전환_video,[26.06]F_V_PC콘_전환_팝콘더블특가_고객후기형_김부각BP.메시지검증.다이어트_main.릴스_공통.추가건PJ_1P_최나영_260626_제과_강경연,181,5,3837.0,0
2026-07-15,(마스터ASC)[제과_콘스프맛 팝콘] 26.05_콘스프맛팝콘출시_ASC_전환_video,(마스터ASC)[콘스프맛 팝콘] 26.05_콘스프맛팝콘출시_ASC_전환_video,[26.06]F_V_PC콘_전환_팝콘더블특가_고객후기형_김부각BP.메시지검증.다이어트_main.릴스_공통.추가건PJ_1P_최나영_260626_제과_강경연,57,3,965.0,0
2026-07-15,[제과_블트하] 26.07_블트깡출시_수동_전환_image_전체타겟,3040대세감_블트깡출시 (KR1),[26.07]F_I_BT깡_전환_블트깡출시_혜택강조형_혜택강조형_.배너_맘카페추천템으로등극된레전드조합.검증__김소희_260715_제과_박서연,18,0,223.0,0
2026-07-16,(마스터ASC)[제과_콘스프맛 팝콘] 26.05_콘스프맛팝콘출시_ASC_전환_video,(마스터ASC)[콘스프맛 팝콘] 26.05_콘스프맛팝콘출시_ASC_전환_video,[26.06]F_V_PC콘_전환_팝콘더블특가_고객후기형_김부각BP.메시지검증.다이어트_main.릴스_공통.추가건PJ_1P_최나영_260626_제과_강경연,723,8,12371.0,0
2026-07-16,[제과_블트하] 26.07_블트깡출시_수동_전환_image_전체타겟,3040대세감_블트깡출시 (KR1),[26.07]F_I_BT깡_전환_블트깡출시_혜택강조형_혜택강조형_.배너_맘카페추천템으로등극된레전드조합.검증__김소희_260715_제과_박서연,293,5,6899.0,2
2026-07-17,(마스터ASC)[제과_콘스프맛 팝콘] 26.05_콘스프맛팝콘출시_ASC_전환_video,(마스터ASC)[콘스프맛 팝콘] 26.05_콘스프맛팝콘출시_ASC_전환_video,[26.06]F_V_PC콘_전환_팝콘더블특가_고객후기형_김부각BP.메시지검증.다이어트_main.릴스_공통.추가건PJ_1P_최나영_260626_제과_강경연,94,6,1693.0,2
2026-07-17,[제과_블트하] 26.07_블트깡출시_수동_전환_image_전체타겟,3040대세감_블트깡출시 (KR1),[26.07]F_I_BT깡_전환_블트깡출시_혜택강조형_혜택강조형_.배너_맘카페추천템으로등극된레전드조합.검증__김소희_260715_제과_박서연,13,1,549.0,0
2026-07-17,(마스터ASC)[제과_블트하] 26.07_블트깡출시_ASC_전환_video,(마스터ASC)[제과_블트하] 26.07_블트깡출시_ASC_전환_video,[26.07]F_V_BT깡_전환_블트깡출시_인물리뷰형_에어프라이기BP.KR1_main.릴스_메인.슬기.X_1P_최나영_260716_제과_피재은,65,0,1413.0,0
2026-07-18,(마스터ASC)[제과_콘스프맛 팝콘] 26.05_콘스프맛팝콘출시_ASC_전환_video,(마스터ASC)[콘스프맛 팝콘] 26.05_콘스프맛팝콘출시_ASC_전환_video,[26.06]F_V_PC콘_전환_팝콘더블특가_고객후기형_김부각BP.메시지검증.다이어트_main.릴스_공통.추가건PJ_1P_최나영_260626_제과_강경연,24,1,172.0,0
2026-07-18,[제과_블트하] 26.07_블트깡출시_수동_전환_image_전체타겟,3040대세감_블트깡출시 (KR1),[26.07]F_I_BT깡_전환_블트깡출시_혜택강조형_혜택강조형_.배너_맘카페추천템으로등극된레전드조합.검증__김소희_260715_제과_박서연,5,0,27.0,0
2026-07-18,(마스터ASC)[제과_블트하] 26.07_블트깡출시_ASC_전환_video,(마스터ASC)[제과_블트하] 26.07_블트깡출시_ASC_전환_video,[26.07]F_V_BT깡_전환_블트깡출시_인물리뷰형_에어프라이기BP.KR1_main.릴스_메인.슬기.X_1P_최나영_260716_제과_피재은,4,0,16.0,0
2026-07-19,(마스터ASC)[제과_콘스프맛 팝콘] 26.05_콘스프맛팝콘출시_ASC_전환_video,(마스터ASC)[콘스프맛 팝콘] 26.05_콘스프맛팝콘출시_ASC_전환_video,[26.06]F_V_PC콘_전환_팝콘더블특가_고객후기형_김부각BP.메시지검증.다이어트_main.릴스_공통.추가건PJ_1P_최나영_260626_제과_강경연,13,1,132.0,0
2026-07-20,(마스터ASC)[제과_콘스프맛 팝콘] 26.05_콘스프맛팝콘출시_ASC_전환_video,(마스터ASC)[콘스프맛 팝콘] 26.05_콘스프맛팝콘출시_ASC_전환_video,[26.06]F_V_PC콘_전환_팝콘더블특가_고객후기형_김부각BP.메시지검증.다이어트_main.릴스_공통.추가건PJ_1P_최나영_260626_제과_강경연,1065,17,14566.0,1
2026-07-20,[제과_블트하] 26.07_블트깡출시_수동_전환_image_전체타겟,3040대세감_블트깡출시 (KR1),[26.07]F_I_BT깡_전환_블트깡출시_혜택강조형_혜택강조형_.배너_맘카페추천템으로등극된레전드조합.검증__김소희_260715_제과_박서연,18,0,449.0,0
2026-07-21,[제과_블트하] 26.07_블트깡출시_수동_전환_image_전체타겟,3040대세감_블트깡출시 (KR1),[26.07]F_I_BT깡_전환_블트깡출시_혜택강조형_혜택강조형_.배너_맘카페추천템으로등극된레전드조합.검증__김소희_260715_제과_박서연,1,0,17.0,0
2026-07-21,(마스터ASC)[제과_블트하] 26.07_블트깡출시_ASC_전환_video,(마스터ASC)[제과_블트하] 26.07_블트깡출시_ASC_전환_video,[26.07]F_V_BT깡_전환_블트깡출시_인물리뷰형_에어프라이기BP.KR1_main.릴스_메인.슬기.X_1P_최나영_260716_제과_피재은,3,0,52.0,0
2026-07-22,[제과_콘스프맛 팝콘] 26.05_콘스프맛팝콘출시_수동_전환_video,문제공감형(운동.페인포인트)_0721,[26.07]F_V_PC콘_전환_콘스프맛팝콘출시_문제공감형_문제공감네고형_main.릴스_본론.X_2P_이유빈_260721_제과_이봄1,206,6,6210.0,0
2026-07-22,[제과_콘스프맛 팝콘] 26.05_콘스프맛팝콘출시_수동_전환_video,문제공감형(운동.페인포인트)_0721,[26.07]F_V_PC콘_전환_콘스프맛팝콘출시_문제공감형_문제공감네고형_var3.릴스_운동인들고충.X_2P_이유빈_260721_제과_이봄1,334,9,8904.0,1
2026-07-22,[제과_블트하] 26.07_블트깡출시_수동_전환_image_전체타겟,남편인정소비_블트깡출시 (KR1) (0728),[26.07]F_I_BT깡_전환_블트깡출시__KR1_.배너_공지문.창고형마트대세감.확장__김소희_260721_제과_김수정,15475,503,248024.0,53
2026-07-23,[제과_콘스프맛 팝콘] 26.05_콘스프맛팝콘출시_수동_전환_video,문제공감형(운동.페인포인트)_0721,[26.07]F_V_PC콘_전환_콘스프맛팝콘출시_문제공감형_문제공감네고형_main.릴스_본론.X_2P_이유빈_260721_제과_이봄1,23,0,1026.0,0
2026-07-23,[제과_콘스프맛 팝콘] 26.05_콘스프맛팝콘출시_수동_전환_video,문제공감형(운동.페인포인트)_0721,[26.07]F_V_PC콘_전환_콘스프맛팝콘출시_문제공감형_문제공감네고형_var3.릴스_운동인들고충.X_2P_이유빈_260721_제과_이봄1,84,2,1852.0,0
2026-07-23,[제과_블트하] 26.07_블트깡출시_수동_전환_image_전체타겟,남편인정소비_블트깡출시 (KR1) (0728),[26.07]F_I_BT깡_전환_블트깡출시__KR1_.배너_공지문.창고형마트대세감.확장__김소희_260721_제과_김수정,2909,109,54310.0,5
2026-07-24,[제과_콘스프맛 팝콘] 26.05_콘스프맛팝콘출시_수동_전환_video,문제공감형(운동.페인포인트)_0721,[26.07]F_V_PC콘_전환_콘스프맛팝콘출시_문제공감형_문제공감네고형_main.릴스_본론.X_2P_이유빈_260721_제과_이봄1,22,1,1057.0,0
2026-07-24,[제과_콘스프맛 팝콘] 26.05_콘스프맛팝콘출시_수동_전환_video,문제공감형(운동.페인포인트)_0721,[26.07]F_V_PC콘_전환_콘스프맛팝콘출시_문제공감형_문제공감네고형_var3.릴스_운동인들고충.X_2P_이유빈_260721_제과_이봄1,53,0,1023.0,0
2026-07-24,[제과_블트하] 26.07_블트깡출시_수동_전환_image_전체타겟,남편인정소비_블트깡출시 (KR1) (0728),[26.07]F_I_BT깡_전환_블트깡출시__KR1_.배너_공지문.창고형마트대세감.확장__김소희_260721_제과_김수정,158,5,3352.0,0
2026-07-25,(마스터ASC)[제과_콘스프맛 팝콘] 26.05_콘스프맛팝콘출시_ASC_전환_video,(마스터ASC)[콘스프맛 팝콘] 26.05_콘스프맛팝콘출시_ASC_전환_video,[26.06]F_V_PC콘_전환_팝콘더블특가_고객후기형_김부각BP.메시지검증.다이어트_main.릴스_공통.추가건PJ_1P_최나영_260626_제과_강경연,18,0,234.0,0
2026-07-25,[제과_블트하] 26.07_블트깡출시_수동_전환_image_전체타겟,남편인정소비_블트깡출시 (KR1) (0728),[26.07]F_I_BT깡_전환_블트깡출시__KR1_.배너_공지문.창고형마트대세감.확장__김소희_260721_제과_김수정,1045,43,24636.0,1
2026-07-26,[제과_블트하] 26.07_블트깡출시_수동_전환_image_전체타겟,남편인정소비_블트깡출시 (KR1) (0728),[26.07]F_I_BT깡_전환_블트깡출시__KR1_.배너_공지문.창고형마트대세감.확장__김소희_260721_제과_김수정,3303,91,86580.0,5
2026-07-27,[제과_블트하] 26.07_블트깡출시_수동_전환_image_전체타겟,남편인정소비_블트깡출시 (KR1) (0728),[26.07]F_I_BT깡_전환_블트깡출시__KR1_.배너_공지문.창고형마트대세감.확장__김소희_260721_제과_김수정,7202,195,223320.0,14
2026-07-27,[칩] (마스터ASC)[제과_블트하] 26.07_블트칩출시_ASC_전환_image,[칩] (마스터ASC)[제과_블트하] 26.07_블트칩출시_ASC_전환_image,[26.07]F_I_BT칩_전환_블트칩출시_혜택강조형_KR2_.피드_주변인.친척모임.확장__김소희_260727_제과_박서연,2,0,1.0,0
2026-07-28,[제과_콘스프맛 팝콘] 26.05_콘스프맛팝콘출시_수동_전환_video,문제공감형(운동.페인포인트)_0721,[26.07]F_V_PC콘_전환_콘스프맛팝콘출시_문제공감형_문제공감네고형_main.릴스_본론.X_2P_이유빈_260721_제과_이봄1,2,1,117.0,0
2026-07-28,[제과_블트하] 26.07_블트깡출시_수동_전환_image_전체타겟,남편인정소비_블트깡출시 (KR1) (0728),[26.07]F_I_BT깡_전환_블트깡출시__KR1_.배너_공지문.창고형마트대세감.확장__김소희_260721_제과_김수정,1272,33,31477.0,2
2026-07-28,[칩] (마스터ASC)[제과_블트하] 26.07_블트칩출시_ASC_전환_image,[칩] (마스터ASC)[제과_블트하] 26.07_블트칩출시_ASC_전환_image,[26.07]F_I_BT칩_전환_블트칩출시_혜택강조형_KR2_.피드_주변인.친척모임.확장__김소희_260727_제과_박서연,7,0,53.0,0
2026-07-01,[제과_단백질 쉐이크] 26.06_단백질쉐이크출시_ASC_전환_video,[제과_단백질 쉐이크] 26.06_단백질쉐이크출시_ASC_전환_video,[26.06]F_V_SK곡_전환_단백질쉐이크출시_신규BP_쉐이크베이비.건강자극_vaar3.릴스_라라권위.X_2P_이유빈_260626_제과_이미진,441,10,10455.0,3
2026-07-01,[제과_단백질 쉐이크] 26.06_단백질쉐이크출시_ASC_전환_video,[제과_단백질 쉐이크] 26.06_단백질쉐이크출시_ASC_전환_video,[26.06]F_V_SK곡_전환_단백질쉐이크출시_신규BP_개당가메리트.재편집_var2.릴스_토핑국밥.X_2P_이유빈_260629_제과_이미진,1222,21,24994.0,2
2026-07-02,[제과_단백질 쉐이크] 26.06_단백질쉐이크출시_ASC_전환_video,[제과_단백질 쉐이크] 26.06_단백질쉐이크출시_ASC_전환_video,[26.06]F_V_SK곡_전환_단백질쉐이크출시_신규BP_쉐이크베이비.건강자극_vaar3.릴스_라라권위.X_2P_이유빈_260626_제과_이미진,2431,66,67560.0,6
2026-07-02,[제과_단백질 쉐이크] 26.06_단백질쉐이크출시_ASC_전환_video,[제과_단백질 쉐이크] 26.06_단백질쉐이크출시_ASC_전환_video,[26.06]F_V_SK곡_전환_단백질쉐이크출시_신규BP_개당가메리트.재편집_var2.릴스_토핑국밥.X_2P_이유빈_260629_제과_이미진,608,11,12538.0,1
2026-07-02,(마스터ASC)[제과_콘스프맛 팝콘] 26.05_콘스프맛팝콘출시_ASC_전환_video,(마스터ASC)[콘스프맛 팝콘] 26.05_콘스프맛팝콘출시_ASC_전환_video,[26.07]F_V_PC콘_전환_팝콘할인페스타_네고형_공구네고형.다이어트_var4.릴스_속세맛.슬기.X_1P_김소희_260702_제과_강경연,1682,33,27779.0,2
2026-07-03,(미사용) [제과_단백질 쉐이크] 26.06_단백질쉐이크출시_ASC_전환_image,[제과_단백질 쉐이크] 26.06_단백질쉐이크출시_ASC_전환_image,[26.06]F_I_SK혼_전환_단백질쉐이크출시_혜택강조형_스타터팩_.배너_딱.__이유빈_260623_제과_김나현,123,3,2504.0,0
2026-07-03,(마스터ASC)[제과_콘스프맛 팝콘] 26.05_콘스프맛팝콘출시_ASC_전환_video,(마스터ASC)[콘스프맛 팝콘] 26.05_콘스프맛팝콘출시_ASC_전환_video,[26.07]F_V_PC콘_전환_팝콘할인페스타_네고형_공구네고형.다이어트_var4.릴스_속세맛.슬기.X_1P_김소희_260702_제과_강경연,858,15,14190.0,0
2026-07-04,(미사용) [제과_단백질 쉐이크] 26.06_단백질쉐이크출시_ASC_전환_image,[제과_단백질 쉐이크] 26.06_단백질쉐이크출시_ASC_전환_image,[26.06]F_I_SK혼_전환_단백질쉐이크출시_혜택강조형_스타터팩_.배너_딱.__이유빈_260623_제과_김나현,28,3,1001.0,0
2026-07-04,(마스터ASC)[제과_콘스프맛 팝콘] 26.05_콘스프맛팝콘출시_ASC_전환_video,(마스터ASC)[콘스프맛 팝콘] 26.05_콘스프맛팝콘출시_ASC_전환_video,[26.07]F_V_PC콘_전환_팝콘할인페스타_네고형_공구네고형.다이어트_var4.릴스_속세맛.슬기.X_1P_김소희_260702_제과_강경연,207,2,3726.0,0
2026-07-05,(미사용) [제과_단백질 쉐이크] 26.06_단백질쉐이크출시_ASC_전환_image,[제과_단백질 쉐이크] 26.06_단백질쉐이크출시_ASC_전환_image,[26.06]F_I_SK혼_전환_단백질쉐이크출시_혜택강조형_스타터팩_.배너_딱.__이유빈_260623_제과_김나현,19,1,392.0,0
2026-07-05,(마스터ASC)[제과_콘스프맛 팝콘] 26.05_콘스프맛팝콘출시_ASC_전환_video,(마스터ASC)[콘스프맛 팝콘] 26.05_콘스프맛팝콘출시_ASC_전환_video,[26.07]F_V_PC콘_전환_팝콘할인페스타_네고형_공구네고형.다이어트_var4.릴스_속세맛.슬기.X_1P_김소희_260702_제과_강경연,34,0,573.0,0
2026-07-06,(미사용) [제과_단백질 쉐이크] 26.06_단백질쉐이크출시_ASC_전환_image,[제과_단백질 쉐이크] 26.06_단백질쉐이크출시_ASC_전환_image,[26.06]F_I_SK혼_전환_단백질쉐이크출시_혜택강조형_스타터팩_.배너_딱.__이유빈_260623_제과_김나현,3,0,100.0,0
2026-07-06,(마스터ASC)[제과_콘스프맛 팝콘] 26.05_콘스프맛팝콘출시_ASC_전환_video,(마스터ASC)[콘스프맛 팝콘] 26.05_콘스프맛팝콘출시_ASC_전환_video,[26.07]F_V_PC콘_전환_팝콘할인페스타_네고형_공구네고형.다이어트_var4.릴스_속세맛.슬기.X_1P_김소희_260702_제과_강경연,226,3,3422.0,3
2026-07-07,(미사용) [제과_단백질 쉐이크] 26.06_단백질쉐이크출시_ASC_전환_image,[제과_단백질 쉐이크] 26.06_단백질쉐이크출시_ASC_전환_image,[26.06]F_I_SK혼_전환_단백질쉐이크출시_혜택강조형_스타터팩_.배너_딱.__이유빈_260623_제과_김나현,1,0,6.0,0
2026-07-07,(마스터ASC)[제과_콘스프맛 팝콘] 26.05_콘스프맛팝콘출시_ASC_전환_video,(마스터ASC)[콘스프맛 팝콘] 26.05_콘스프맛팝콘출시_ASC_전환_video,[26.07]F_V_PC콘_전환_팝콘할인페스타_네고형_공구네고형.다이어트_var4.릴스_속세맛.슬기.X_1P_김소희_260702_제과_강경연,18,1,415.0,0
2026-07-10,(마스터ASC)[제과_콘스프맛 팝콘] 26.05_콘스프맛팝콘출시_ASC_전환_video,(마스터ASC)[콘스프맛 팝콘] 26.05_콘스프맛팝콘출시_ASC_전환_video,[26.07]F_V_PC콘_전환_팝콘할인페스타_네고형_공구네고형.다이어트_var4.릴스_속세맛.슬기.X_1P_김소희_260702_제과_강경연,21,0,289.0,0
2026-07-13,(마스터ASC)[제과_콘스프맛 팝콘] 26.05_콘스프맛팝콘출시_ASC_전환_video,(마스터ASC)[콘스프맛 팝콘] 26.05_콘스프맛팝콘출시_ASC_전환_video,[26.07]F_V_PC콘_전환_팝콘할인페스타_네고형_공구네고형.다이어트_var4.릴스_속세맛.슬기.X_1P_김소희_260702_제과_강경연,71,0,1219.0,0
2026-07-14,(마스터ASC)[제과_콘스프맛 팝콘] 26.05_콘스프맛팝콘출시_ASC_전환_video,(마스터ASC)[콘스프맛 팝콘] 26.05_콘스프맛팝콘출시_ASC_전환_video,[26.07]F_V_PC콘_전환_팝콘할인페스타_네고형_공구네고형.다이어트_var4.릴스_속세맛.슬기.X_1P_김소희_260702_제과_강경연,5,0,49.0,0
2026-07-15,(마스터ASC)[제과_콘스프맛 팝콘] 26.05_콘스프맛팝콘출시_ASC_전환_video,(마스터ASC)[콘스프맛 팝콘] 26.05_콘스프맛팝콘출시_ASC_전환_video,[26.07]F_V_PC콘_전환_팝콘할인페스타_네고형_공구네고형.다이어트_var4.릴스_속세맛.슬기.X_1P_김소희_260702_제과_강경연,5,0,93.0,0
2026-07-15,[제과_단백질 쉐이크] 26.06_단백질쉐이크출시_수동_전환_image,올영최저가비교_0714,[26.07]F_I_SK혼_전환_단백질쉐이크출시_혜택강조형_올영최저가비교_.배너_시말서는미리써뒀습니다.네고형.확장__이유빈_260714_제과_문다현,260,11,8836.0,1
2026-07-16,(마스터ASC)[제과_콘스프맛 팝콘] 26.05_콘스프맛팝콘출시_ASC_전환_video,(마스터ASC)[콘스프맛 팝콘] 26.05_콘스프맛팝콘출시_ASC_전환_video,[26.07]F_V_PC콘_전환_팝콘할인페스타_네고형_공구네고형.다이어트_var4.릴스_속세맛.슬기.X_1P_김소희_260702_제과_강경연,1900,27,21066.0,3
2026-07-17,(마스터ASC)[제과_콘스프맛 팝콘] 26.05_콘스프맛팝콘출시_ASC_전환_video,(마스터ASC)[콘스프맛 팝콘] 26.05_콘스프맛팝콘출시_ASC_전환_video,[26.07]F_V_PC콘_전환_팝콘할인페스타_네고형_공구네고형.다이어트_var4.릴스_속세맛.슬기.X_1P_김소희_260702_제과_강경연,249,6,3609.0,1
2026-07-17,(마스터ASC)[제과_블트하] 26.07_블트깡출시_ASC_전환_image,(마스터ASC)[제과_블트하] 26.07_블트깡출시_ASC_전환_image,[26.07]F_I_BT깡_전환_블트깡출시_혜택강조형_KR1_.배너_동네맘카페.인생간식.확장__김소희_260716_제과_문다현,109,5,2351.0,1
2026-07-17,(마스터ASC)[제과_블트하] 26.07_블트깡출시_ASC_전환_image,(마스터ASC)[제과_블트하] 26.07_블트깡출시_ASC_전환_image,[26.07]F_I_BT깡_전환_블트깡출시_바이럴형_KR1_.배너_맘카페.맘카페입소문마트품절대란.확장__김소희_260716_제과_김수정,37,2,1690.0,0
2026-07-18,(마스터ASC)[제과_콘스프맛 팝콘] 26.05_콘스프맛팝콘출시_ASC_전환_video,(마스터ASC)[콘스프맛 팝콘] 26.05_콘스프맛팝콘출시_ASC_전환_video,[26.07]F_V_PC콘_전환_팝콘할인페스타_네고형_공구네고형.다이어트_var4.릴스_속세맛.슬기.X_1P_김소희_260702_제과_강경연,143,1,1078.0,0
2026-07-18,(마스터ASC)[제과_블트하] 26.07_블트깡출시_ASC_전환_image,(마스터ASC)[제과_블트하] 26.07_블트깡출시_ASC_전환_image,[26.07]F_I_BT깡_전환_블트깡출시_혜택강조형_KR1_.배너_동네맘카페.인생간식.확장__김소희_260716_제과_문다현,33,5,828.0,1
2026-07-18,(마스터ASC)[제과_블트하] 26.07_블트깡출시_ASC_전환_image,(마스터ASC)[제과_블트하] 26.07_블트깡출시_ASC_전환_image,[26.07]F_I_BT깡_전환_블트깡출시_바이럴형_KR1_.배너_맘카페.맘카페입소문마트품절대란.확장__김소희_260716_제과_김수정,5,0,331.0,0
2026-07-19,(마스터ASC)[제과_콘스프맛 팝콘] 26.05_콘스프맛팝콘출시_ASC_전환_video,(마스터ASC)[콘스프맛 팝콘] 26.05_콘스프맛팝콘출시_ASC_전환_video,[26.07]F_V_PC콘_전환_팝콘할인페스타_네고형_공구네고형.다이어트_var4.릴스_속세맛.슬기.X_1P_김소희_260702_제과_강경연,51,1,420.0,0
2026-07-19,(마스터ASC)[제과_블트하] 26.07_블트깡출시_ASC_전환_image,(마스터ASC)[제과_블트하] 26.07_블트깡출시_ASC_전환_image,[26.07]F_I_BT깡_전환_블트깡출시_혜택강조형_KR1_.배너_동네맘카페.인생간식.확장__김소희_260716_제과_문다현,12,0,211.0,0
2026-07-20,(마스터ASC)[제과_콘스프맛 팝콘] 26.05_콘스프맛팝콘출시_ASC_전환_video,(마스터ASC)[콘스프맛 팝콘] 26.05_콘스프맛팝콘출시_ASC_전환_video,[26.07]F_V_PC콘_전환_팝콘할인페스타_네고형_공구네고형.다이어트_var4.릴스_속세맛.슬기.X_1P_김소희_260702_제과_강경연,611,7,8330.0,0
2026-07-20,(마스터ASC)[제과_블트하] 26.07_블트깡출시_ASC_전환_image,(마스터ASC)[제과_블트하] 26.07_블트깡출시_ASC_전환_image,[26.07]F_I_BT깡_전환_블트깡출시_혜택강조형_KR1_.배너_동네맘카페.인생간식.확장__김소희_260716_제과_문다현,17,2,492.0,0
2026-07-20,(마스터ASC)[제과_블트하] 26.07_블트깡출시_ASC_전환_image,(마스터ASC)[제과_블트하] 26.07_블트깡출시_ASC_전환_image,[26.07]F_I_BT깡_전환_블트깡출시_바이럴형_KR1_.배너_맘카페.맘카페입소문마트품절대란.확장__김소희_260716_제과_김수정,3,0,140.0,0
2026-07-22,(마스터ASC)[제과_블트하] 26.07_블트깡출시_ASC_전환_image,(마스터ASC)[제과_블트하] 26.07_블트깡출시_ASC_전환_image,[26.07]F_I_BT깡_전환_블트깡출시_바이럴형_KR1_.배너_맘카페.맘카페입소문마트품절대란.확장__김소희_260716_제과_김수정,152,5,3483.0,0
2026-07-22,[제과_블트하] 26.07_블트깡출시_수동_전환_image_전체타겟,남편인정소비_블트깡출시 (KR1) (0728),[26.07]F_I_BT깡_전환_블트깡출시_바이럴형_KR1_.릴스_맘카페페르소나.지면테스트.무조건담으락로.검증__김소희_260721_제과_김수정,1037,27,22451.0,5
2026-07-22,[제과_블트하] 26.07_블트깡출시_수동_전환_image_전체타겟,[칩] 맘카페.페르소나_블트칩출시 (KR1),[26.07]F_I_BT칩_전환_블트칩출시_바이럴형_KR1_.배너_맘카페페르소나.지면테스트.재입고만기다린다는.검증__김소희_260722_제과_김수정,47,1,770.0,0
2026-07-23,(마스터ASC)[제과_블트하] 26.07_블트깡출시_ASC_전환_image,(마스터ASC)[제과_블트하] 26.07_블트깡출시_ASC_전환_image,[26.07]F_I_BT깡_전환_블트깡출시_혜택강조형_KR1_.배너_동네맘카페.인생간식.확장__김소희_260716_제과_문다현,205,6,3819.0,0
2026-07-23,(마스터ASC)[제과_블트하] 26.07_블트깡출시_ASC_전환_image,(마스터ASC)[제과_블트하] 26.07_블트깡출시_ASC_전환_image,[26.07]F_I_BT깡_전환_블트깡출시_바이럴형_KR1_.배너_맘카페.맘카페입소문마트품절대란.확장__김소희_260716_제과_김수정,30,0,566.0,0
2026-07-23,[제과_블트하] 26.07_블트깡출시_수동_전환_image_전체타겟,남편인정소비_블트깡출시 (KR1) (0728),[26.07]F_I_BT깡_전환_블트깡출시_바이럴형_KR1_.릴스_맘카페페르소나.지면테스트.무조건담으락로.검증__김소희_260721_제과_김수정,36,2,740.0,0
2026-07-23,[제과_블트하] 26.07_블트깡출시_수동_전환_image_전체타겟,[칩] 맘카페.페르소나_블트칩출시 (KR1),[26.07]F_I_BT칩_전환_블트칩출시_바이럴형_KR1_.배너_맘카페페르소나.지면테스트.재입고만기다린다는.검증__김소희_260722_제과_김수정,28,0,396.0,0
2026-07-23,(마스터ASC)[제과_블트하] 26.07_블트깡출시_ASC_전환_image,(마스터ASC)[제과_블트하] 26.07_블트깡출시_ASC_전환_image,[26.07]F_I_BT혼_전환_블트칩출시_혜택강조형_KR1_.배너_편의점안내문.재입고미정.확장__김소희_260723_제과_김수정,3,0,66.0,0
2026-07-24,(마스터ASC)[제과_블트하] 26.07_블트깡출시_ASC_전환_image,(마스터ASC)[제과_블트하] 26.07_블트깡출시_ASC_전환_image,[26.07]F_I_BT깡_전환_블트깡출시_혜택강조형_KR1_.배너_동네맘카페.인생간식.확장__김소희_260716_제과_문다현,21,1,360.0,0
2026-07-24,(마스터ASC)[제과_블트하] 26.07_블트깡출시_ASC_전환_image,(마스터ASC)[제과_블트하] 26.07_블트깡출시_ASC_전환_image,[26.07]F_I_BT깡_전환_블트깡출시_바이럴형_KR1_.배너_맘카페.맘카페입소문마트품절대란.확장__김소희_260716_제과_김수정,4,0,247.0,0
2026-07-24,[제과_블트하] 26.07_블트깡출시_수동_전환_image_전체타겟,[칩] 맘카페.페르소나_블트칩출시 (KR1),[26.07]F_I_BT칩_전환_블트칩출시_바이럴형_KR1_.배너_맘카페페르소나.지면테스트.재입고만기다린다는.검증__김소희_260722_제과_김수정,5,0,206.0,0
2026-07-24,[제과_블트하] 26.07_블트깡출시_수동_전환_image_전체타겟,(시리즈) 맘카페&혜택강조형_블트칩출시 (KR1) (0723),[26.07]F_I_BT혼_전환_블트칩출시_혜택강조형_KR1_.배너_입맛까다로운엄마들사이에서.사분할형.칩깡동시소구.확장__김소희_260723_제과_박서연,143,1,1761.0,0
2026-07-24,(마스터ASC)[제과_블트하] 26.07_블트깡출시_ASC_전환_image,(마스터ASC)[제과_블트하] 26.07_블트깡출시_ASC_전환_image,[26.07]F_I_BT혼_전환_블트칩출시_혜택강조형_KR1_.배너_편의점안내문.재입고미정.확장__김소희_260723_제과_김수정,109,3,2459.0,0
2026-07-24,[제과_블트하] 26.07_블트깡출시_수동_전환_image_전체타겟,(칩) 상황연출_호기심유발_블트칩출시(릴스형) (KR2),[26.07]F_I_BT칩_전환_블트칩출시_혜택강조형_KR2_.릴스_상황연출.캠핑.확장__김소희_260724_제과_박서연,278,7,5648.0,0
2026-07-25,(마스터ASC)[제과_블트하] 26.07_블트깡출시_ASC_전환_image,(마스터ASC)[제과_블트하] 26.07_블트깡출시_ASC_전환_image,[26.07]F_I_BT깡_전환_블트깡출시_혜택강조형_KR1_.배너_동네맘카페.인생간식.확장__김소희_260716_제과_문다현,282,7,7899.0,1
2026-07-25,[제과_블트하] 26.07_블트깡출시_수동_전환_image_전체타겟,남편인정소비_블트깡출시 (KR1) (0728),[26.07]F_I_BT깡_전환_블트깡출시_바이럴형_KR1_.릴스_맘카페페르소나.지면테스트.무조건담으락로.검증__김소희_260721_제과_김수정,20,2,1278.0,1
2026-07-25,[제과_블트하] 26.07_블트깡출시_수동_전환_image_전체타겟,(시리즈) 맘카페&혜택강조형_블트칩출시 (KR1) (0723),[26.07]F_I_BT혼_전환_블트칩출시_혜택강조형_KR1_.배너_입맛까다로운엄마들사이에서.사분할형.칩깡동시소구.확장__김소희_260723_제과_박서연,37,1,580.0,0
2026-07-25,(마스터ASC)[제과_블트하] 26.07_블트깡출시_ASC_전환_image,(마스터ASC)[제과_블트하] 26.07_블트깡출시_ASC_전환_image,[26.07]F_I_BT혼_전환_블트칩출시_혜택강조형_KR1_.배너_편의점안내문.재입고미정.확장__김소희_260723_제과_김수정,65,2,1670.0,0
2026-07-25,[제과_블트하] 26.07_블트깡출시_수동_전환_image_전체타겟,(칩) 상황연출_호기심유발_블트칩출시(릴스형) (KR2),[26.07]F_I_BT칩_전환_블트칩출시_혜택강조형_KR2_.릴스_상황연출.캠핑.확장__김소희_260724_제과_박서연,4739,126,122503.0,9
2026-07-26,(마스터ASC)[제과_블트하] 26.07_블트깡출시_ASC_전환_image,(마스터ASC)[제과_블트하] 26.07_블트깡출시_ASC_전환_image,[26.07]F_I_BT혼_전환_블트칩출시_혜택강조형_KR1_.배너_편의점안내문.재입고미정.확장__김소희_260723_제과_김수정,514,19,16488.0,0
2026-07-26,[제과_블트하] 26.07_블트깡출시_수동_전환_image_전체타겟,(칩) 상황연출_호기심유발_블트칩출시(릴스형) (KR2),[26.07]F_I_BT칩_전환_블트칩출시_혜택강조형_KR2_.릴스_상황연출.캠핑.확장__김소희_260724_제과_박서연,703,17,20639.0,1
2026-07-27,[제과_블트하] 26.07_블트깡출시_수동_전환_image_전체타겟,남편인정소비_블트깡출시 (KR1) (0728),[26.07]F_I_BT깡_전환_블트깡출시_바이럴형_KR1_.릴스_맘카페페르소나.지면테스트.무조건담으락로.검증__김소희_260721_제과_김수정,45,1,1127.0,0
2026-07-27,(마스터ASC)[제과_블트하] 26.07_블트깡출시_ASC_전환_image,(마스터ASC)[제과_블트하] 26.07_블트깡출시_ASC_전환_image,[26.07]F_I_BT혼_전환_블트칩출시_혜택강조형_KR1_.배너_편의점안내문.재입고미정.확장__김소희_260723_제과_김수정,370,12,11510.0,1
2026-07-27,[제과_블트하] 26.07_블트깡출시_수동_전환_image_전체타겟,(칩) 상황연출_호기심유발_블트칩출시(릴스형) (KR2),[26.07]F_I_BT칩_전환_블트칩출시_혜택강조형_KR2_.릴스_상황연출.캠핑.확장__김소희_260724_제과_박서연,674,12,17738.0,3
2026-07-27,[칩] (마스터ASC)[제과_블트하] 26.07_블트칩출시_ASC_전환_image,[칩] (마스터ASC)[제과_블트하] 26.07_블트칩출시_ASC_전환_image,[26.07]F_I_BT칩_전환_블트칩출시_바이럴형_KR1_.피드_남편인정.캠핑.확장__김소희_260727_제과_김수정,45,0,665.0,0
2026-07-28,(마스터ASC)[제과_블트하] 26.07_블트깡출시_ASC_전환_image,(마스터ASC)[제과_블트하] 26.07_블트깡출시_ASC_전환_image,[26.07]F_I_BT혼_전환_블트칩출시_혜택강조형_KR1_.배너_편의점안내문.재입고미정.확장__김소희_260723_제과_김수정,33,0,1609.0,0
2026-07-28,[제과_블트하] 26.07_블트깡출시_수동_전환_image_전체타겟,(칩) 상황연출_호기심유발_블트칩출시(릴스형) (KR2),[26.07]F_I_BT칩_전환_블트칩출시_혜택강조형_KR2_.릴스_상황연출.캠핑.확장__김소희_260724_제과_박서연,996,20,24883.0,2
2026-07-28,[칩] (마스터ASC)[제과_블트하] 26.07_블트칩출시_ASC_전환_image,[칩] (마스터ASC)[제과_블트하] 26.07_블트칩출시_ASC_전환_image,[26.07]F_I_BT칩_전환_블트칩출시_바이럴형_KR1_.피드_남편인정.캠핑.확장__김소희_260727_제과_김수정,8,0,143.0,0
2026-07-01,[제과_콘스프맛 팝콘] 26.05_콘스프맛팝콘출시_수동_전환_image,입터짐방지_팝콘더블특가 (~7/1) (재세팅),[26.06]F_I_PC혼_전환_팝콘더블특가_혜택강조형__.배너_혜택강조형.반값보다싸요규모감.__김소희_260629_제과_김수정,1378,45,25310.0,3
2026-07-01,(미사용) [제과_단백질 쉐이크] 26.06_단백질쉐이크출시_ASC_전환_image,[제과_단백질 쉐이크] 26.06_단백질쉐이크출시_ASC_전환_image,[26.06]F_I_SK곡_전환_단백질쉐이크출시_제품강조형_라라권위_.배너_찐~하게흔든미숫가루.가격비교X.__이유빈_260701_제과_문다현,41,1,807.0,0
2026-07-01,(미사용) [제과_단백질 쉐이크] 26.06_단백질쉐이크출시_ASC_전환_image,[제과_단백질 쉐이크] 26.06_단백질쉐이크출시_ASC_전환_image,[26.06]F_I_SK곡_전환_단백질쉐이크출시_제품강조형_라라권위_.배너_할머니가꿀때려넣은찐한.가격비교O.__이유빈_260701_제과_문다현,448,17,10458.0,0
2026-07-02,(미사용) [제과_단백질 쉐이크] 26.06_단백질쉐이크출시_ASC_전환_image,[제과_단백질 쉐이크] 26.06_단백질쉐이크출시_ASC_전환_image,[26.06]F_I_SK곡_전환_단백질쉐이크출시_제품강조형_라라권위_.배너_찐~하게흔든미숫가루.가격비교X.__이유빈_260701_제과_문다현,5,0,62.0,0
2026-07-04,(마스터ASC)[제과_콘스프맛 팝콘] 26.07_콘스프맛팝콘출시_ASC_전환_image (NEW),(마스터ASC)[콘스프맛 팝콘] 26.07_콘스프맛팝콘출시_ASC_전환_image (NEW),[26.07]F_I_PC혼_전환_팝콘할인페스타_혜택강조형_다이어트_.배너_선착순300명.달리는캐릭터.AI.확장__김소희_260703_제과_문다현,2155,33,27576.0,4
2026-07-05,(마스터ASC)[제과_콘스프맛 팝콘] 26.07_콘스프맛팝콘출시_ASC_전환_image (NEW),(마스터ASC)[콘스프맛 팝콘] 26.07_콘스프맛팝콘출시_ASC_전환_image (NEW),[26.07]F_I_PC혼_전환_팝콘할인페스타_혜택강조형_다이어트_.배너_선착순300명.달리는캐릭터.AI.확장__김소희_260703_제과_문다현,2296,58,36738.0,3
2026-07-05,[제과_콘스프맛 팝콘] 26.05_콘스프맛팝콘출시_수동_전환_image,선착순강조_팝콘할인페스타 (~7/8) (재세팅),[26.07]F_I_PC혼_전환_팝콘할인페스타_혜택강조형_다이어트_.배너_주황박스.선착순300명한정.확장__김소희_260703_제과_문다현,110,2,1921.0,0
2026-07-06,[제과_콘스프맛 팝콘] 26.05_콘스프맛팝콘출시_수동_전환_image,선착순강조_팝콘할인페스타 (~7/8) (재세팅),[26.07]F_I_PC혼_전환_팝콘할인페스타_혜택강조형_다이어트_.배너_주황박스.선착순300명한정.확장__김소희_260703_제과_문다현,95,1,2075.0,0
2026-07-07,(미사용) [제과_단백질 쉐이크] 26.06_단백질쉐이크출시_ASC_전환_image,[제과_단백질 쉐이크] 26.06_단백질쉐이크출시_ASC_전환_image,[26.06]F_I_SK곡_전환_단백질쉐이크출시_제품강조형_라라권위_.배너_찐~하게흔든미숫가루.가격비교X.__이유빈_260701_제과_문다현,71,2,1901.0,0
2026-07-08,[제과_단백질 쉐이크] 26.06_단백질쉐이크출시_수동_전환_image,가격메리트(개당1천원대),[26.07]F_I_SK초_전환_단백질쉐이크출시_혜택강조형_가격메리트_.배너_가성비페인포인트.먹은것같지않음씹어먹는.확장__이유빈_260702_제과_김수정,295,7,7119.0,2
2026-07-09,[제과_단백질 쉐이크] 26.06_단백질쉐이크출시_수동_전환_image,가격메리트(개당1천원대),[26.07]F_I_SK초_전환_단백질쉐이크출시_혜택강조형_가격메리트_.배너_가성비페인포인트.먹은것같지않음씹어먹는.확장__이유빈_260702_제과_김수정,60,2,1865.0,0
2026-07-10,[제과_단백질 쉐이크] 26.06_단백질쉐이크출시_수동_전환_image,가격메리트(개당1천원대),[26.07]F_I_SK초_전환_단백질쉐이크출시_혜택강조형_가격메리트_.배너_가성비페인포인트.먹은것같지않음씹어먹는.확장__이유빈_260702_제과_김수정,38,0,706.0,0
2026-07-10,[제과_콘스프맛 팝콘] 26.05_콘스프맛팝콘출시_수동_전환_image,속세맛간식공감_콘스프맛팝콘_상시,[26.07]F_I_PC혼_전환_콘스프맛팝콘출시_혜택강조형__.배너_초특가10개입.12900.마감전까지만.확장__김소희_260710_제과_문다현,1061,17,18580.0,5
2026-07-11,[제과_단백질 쉐이크] 26.06_단백질쉐이크출시_수동_전환_image,가격메리트(개당1천원대),[26.07]F_I_SK초_전환_단백질쉐이크출시_혜택강조형_가격메리트_.배너_가성비페인포인트.먹은것같지않음씹어먹는.확장__이유빈_260702_제과_김수정,259,8,9855.0,0
2026-07-11,[제과_콘스프맛 팝콘] 26.05_콘스프맛팝콘출시_수동_전환_image,속세맛간식공감_콘스프맛팝콘_상시,[26.07]F_I_PC혼_전환_콘스프맛팝콘출시_혜택강조형__.배너_초특가10개입.12900.마감전까지만.확장__김소희_260710_제과_문다현,657,13,12147.0,3
2026-07-12,[제과_콘스프맛 팝콘] 26.05_콘스프맛팝콘출시_수동_전환_image,속세맛간식공감_콘스프맛팝콘_상시,[26.07]F_I_PC혼_전환_콘스프맛팝콘출시_혜택강조형__.배너_초특가10개입.12900.마감전까지만.확장__김소희_260710_제과_문다현,2577,62,44949.0,8
2026-07-13,[제과_콘스프맛 팝콘] 26.05_콘스프맛팝콘출시_수동_전환_image,속세맛간식공감_콘스프맛팝콘_상시,[26.07]F_I_PC혼_전환_콘스프맛팝콘출시_혜택강조형__.배너_초특가10개입.12900.마감전까지만.확장__김소희_260710_제과_문다현,1277,24,21055.0,5
2026-07-14,[제과_콘스프맛 팝콘] 26.05_콘스프맛팝콘출시_수동_전환_image,속세맛간식공감_콘스프맛팝콘_상시,[26.07]F_I_PC혼_전환_콘스프맛팝콘출시_혜택강조형__.배너_초특가10개입.12900.마감전까지만.확장__김소희_260710_제과_문다현,6467,123,109446.0,22
2026-07-14,[제과_단백질 쉐이크] 26.06_단백질쉐이크출시_수동_전환_video,AI캐릭터형_0713,[26.07]F_V_SK혼_전환_단백질쉐이크출시_ai형_ai캐릭터.파우치.개당가강조_var1.릴스_제품코코볼단쉐.X_2P_이유빈_260713_제과_이미진,1413,32,21358.0,2
2026-07-15,[제과_콘스프맛 팝콘] 26.05_콘스프맛팝콘출시_수동_전환_image,속세맛간식공감_콘스프맛팝콘_상시,[26.07]F_I_PC혼_전환_콘스프맛팝콘출시_혜택강조형__.배너_초특가10개입.12900.마감전까지만.확장__김소희_260710_제과_문다현,2213,35,27493.0,5
2026-07-15,[제과_단백질 쉐이크] 26.06_단백질쉐이크출시_수동_전환_image,올영최저가비교_0714,[26.07]F_I_SK혼_전환_단백질쉐이크출시_혜택강조형_올영최저가비교_.배너_이제다른데서비싸게사지마세요.네고형.확장__이유빈_260714_제과_문다현,23,1,344.0,0
2026-07-15,(마스터2) [제과_단백질 쉐이크] 26.07_단백질쉐이크출시_ASC_전환_image,(마스터2) [제과_단백질 쉐이크] 26.07_단백질쉐이크출시_ASC_전환_image,[26.07]F_I_SK혼_전환_단백질쉐이크출시_혜택강조형_올영최저가비교_.배너_사이렌.네고형.팝콘.확장__이유빈_260714_제과_문다현,34,1,981.0,0
2026-07-15,[제과_블트하] 26.07_블트깡출시_수동_전환_video_전체타겟,오터BP_블트깡출시 (KR2),[26.07]F_V_BT깡_전환_블트깡출시_제조과정형_CS제조과정형.KR2_var2.릴스_대세감.슬기.X_1P_김소희_260715_제과_피재은,623,17,12807.0,3
2026-07-15,[제과_블트하] 26.07_블트깡출시_수동_전환_video_전체타겟,미틀리에BP_블트깡출시 (KR2),[26.07]F_V_BT깡_전환_블트깡출시_원가강조형_미틀리에BP.KR2_var1.릴스_비교프레임.X_1P_최나영_260715_제과_강경연,2000,56,32600.0,6
2026-07-15,[제과_블트하] 26.07_블트깡출시_수동_전환_image_전체타겟,3040대세감_블트깡출시 (KR1),[26.07]F_I_BT깡_전환_블트깡출시_혜택강조형_혜택강조형_.배너_비싼이탈리아블랙트러플.검증__김소희_260715_제과_박서연,100,2,1784.0,0
2026-07-15,[제과_블트하] 26.07_블트깡출시_수동_전환_image_전체타겟,3040대세감_블트깡출시 (KR1),[26.07]F_I_BT깡_전환_블트깡출시_혜택강조형_혜택강조형_.배너_와인좋아하는사람들은다안다는.검증__김소희_260715_제과_박서연,1701,33,29984.0,4
2026-07-16,[제과_단백질 쉐이크] 26.06_단백질쉐이크출시_수동_전환_image,올영최저가비교_0714,[26.07]F_I_SK혼_전환_단백질쉐이크출시_혜택강조형_올영최저가비교_.배너_이제다른데서비싸게사지마세요.네고형.확장__이유빈_260714_제과_문다현,7,0,154.0,0
2026-07-16,(마스터2) [제과_단백질 쉐이크] 26.07_단백질쉐이크출시_ASC_전환_image,(마스터2) [제과_단백질 쉐이크] 26.07_단백질쉐이크출시_ASC_전환_image,[26.07]F_I_SK혼_전환_단백질쉐이크출시_혜택강조형_올영최저가비교_.배너_사이렌.네고형.팝콘.확장__이유빈_260714_제과_문다현,52,0,877.0,0
2026-07-16,[제과_블트하] 26.07_블트깡출시_수동_전환_video_전체타겟,오터BP_블트깡출시 (KR2),[26.07]F_V_BT깡_전환_블트깡출시_제조과정형_CS제조과정형.KR2_var2.릴스_대세감.슬기.X_1P_김소희_260715_제과_피재은,114,2,2504.0,0
2026-07-16,[제과_블트하] 26.07_블트깡출시_수동_전환_video_전체타겟,미틀리에BP_블트깡출시 (KR2),[26.07]F_V_BT깡_전환_블트깡출시_원가강조형_미틀리에BP.KR2_var1.릴스_비교프레임.X_1P_최나영_260715_제과_강경연,13291,396,231526.0,51
2026-07-16,[제과_블트하] 26.07_블트깡출시_수동_전환_image_전체타겟,3040대세감_블트깡출시 (KR1),[26.07]F_I_BT깡_전환_블트깡출시_혜택강조형_혜택강조형_.배너_비싼이탈리아블랙트러플.검증__김소희_260715_제과_박서연,115,5,3630.0,0
2026-07-16,[제과_단백질 쉐이크] 26.06_단백질쉐이크출시_수동_전환_image,올영최저가비교_0715,[26.07]F_I_SK혼_전환_단백질쉐이크출시_혜택강조형_올영최저가비교_.배너_올영보다싼파우치특가.설거지귀찮아.확장__이유빈_260715_제과_문다현,127,3,3919.0,0
2026-07-17,[제과_블트하] 26.07_블트깡출시_수동_전환_video_전체타겟,오터BP_블트깡출시 (KR2),[26.07]F_V_BT깡_전환_블트깡출시_제조과정형_CS제조과정형.KR2_var2.릴스_대세감.슬기.X_1P_김소희_260715_제과_피재은,13,2,433.0,0
2026-07-17,[제과_블트하] 26.07_블트깡출시_수동_전환_video_전체타겟,미틀리에BP_블트깡출시 (KR2),[26.07]F_V_BT깡_전환_블트깡출시_원가강조형_미틀리에BP.KR2_var1.릴스_비교프레임.X_1P_최나영_260715_제과_강경연,16848,540,306458.0,43
2026-07-17,[제과_블트하] 26.07_블트깡출시_수동_전환_image_전체타겟,3040대세감_블트깡출시 (KR1),[26.07]F_I_BT깡_전환_블트깡출시_혜택강조형_혜택강조형_.배너_비싼이탈리아블랙트러플.검증__김소희_260715_제과_박서연,6,0,209.0,0
2026-07-17,[제과_단백질 쉐이크] 26.06_단백질쉐이크출시_수동_전환_image,올영최저가비교_0715,[26.07]F_I_SK혼_전환_단백질쉐이크출시_혜택강조형_올영최저가비교_.배너_올영보다싼파우치특가.설거지귀찮아.확장__이유빈_260715_제과_문다현,77,3,1851.0,0
2026-07-17,(마스터ASC)[제과_블트하] 26.07_블트깡출시_ASC_전환_video,(마스터ASC)[제과_블트하] 26.07_블트깡출시_ASC_전환_video,[26.07]F_V_BT깡_전환_블트깡출시_인물리뷰형_에어프라이기BP.KR1_var3.릴스_프리미엄.슬기.X_1P_최나영_260716_제과_피재은,107,0,1992.0,0
2026-07-18,[제과_블트하] 26.07_블트깡출시_수동_전환_video_전체타겟,미틀리에BP_블트깡출시 (KR2),[26.07]F_V_BT깡_전환_블트깡출시_원가강조형_미틀리에BP.KR2_var1.릴스_비교프레임.X_1P_최나영_260715_제과_강경연,8497,393,162795.0,43
2026-07-18,(마스터ASC)[제과_블트하] 26.07_블트깡출시_ASC_전환_video,(마스터ASC)[제과_블트하] 26.07_블트깡출시_ASC_전환_video,[26.07]F_V_BT깡_전환_블트깡출시_인물리뷰형_에어프라이기BP.KR1_var3.릴스_프리미엄.슬기.X_1P_최나영_260716_제과_피재은,3,0,42.0,0
2026-07-19,[제과_단백질 쉐이크] 26.06_단백질쉐이크출시_수동_전환_image,올영최저가비교_0714,[26.07]F_I_SK혼_전환_단백질쉐이크출시_혜택강조형_올영최저가비교_.배너_이제다른데서비싸게사지마세요.네고형.확장__이유빈_260714_제과_문다현,142,10,2761.0,0
2026-07-19,[제과_블트하] 26.07_블트깡출시_수동_전환_video_전체타겟,미틀리에BP_블트깡출시 (KR2),[26.07]F_V_BT깡_전환_블트깡출시_원가강조형_미틀리에BP.KR2_var1.릴스_비교프레임.X_1P_최나영_260715_제과_강경연,39298,1674,496332.0,141
2026-07-20,[제과_단백질 쉐이크] 26.06_단백질쉐이크출시_수동_전환_image,올영최저가비교_0714,[26.07]F_I_SK혼_전환_단백질쉐이크출시_혜택강조형_올영최저가비교_.배너_이제다른데서비싸게사지마세요.네고형.확장__이유빈_260714_제과_문다현,186,5,3074.0,1
2026-07-20,[제과_블트하] 26.07_블트깡출시_수동_전환_video_전체타겟,오터BP_블트깡출시 (KR2),[26.07]F_V_BT깡_전환_블트깡출시_제조과정형_CS제조과정형.KR2_var2.릴스_대세감.슬기.X_1P_김소희_260715_제과_피재은,9,0,233.0,0
2026-07-20,[제과_블트하] 26.07_블트깡출시_수동_전환_video_전체타겟,미틀리에BP_블트깡출시 (KR2),[26.07]F_V_BT깡_전환_블트깡출시_원가강조형_미틀리에BP.KR2_var1.릴스_비교프레임.X_1P_최나영_260715_제과_강경연,7383,266,131450.0,18
2026-07-20,[제과_단백질 쉐이크] 26.06_단백질쉐이크출시_수동_전환_image,올영최저가비교_0715,[26.07]F_I_SK혼_전환_단백질쉐이크출시_혜택강조형_올영최저가비교_.배너_올영보다싼파우치특가.설거지귀찮아.확장__이유빈_260715_제과_문다현,128,5,2450.0,0
2026-07-21,[제과_콘스프맛 팝콘] 26.05_콘스프맛팝콘출시_수동_전환_image,속세맛간식공감_콘스프맛팝콘_상시,[26.07]F_I_PC혼_전환_콘스프맛팝콘출시_혜택강조형__.배너_초특가10개입.12900.마감전까지만.확장__김소희_260710_제과_문다현,4640,107,70647.0,5
2026-07-21,[제과_단백질 쉐이크] 26.06_단백질쉐이크출시_수동_전환_image,올영최저가비교_0714,[26.07]F_I_SK혼_전환_단백질쉐이크출시_혜택강조형_올영최저가비교_.배너_이제다른데서비싸게사지마세요.네고형.확장__이유빈_260714_제과_문다현,1458,61,30907.0,2
2026-07-21,[제과_블트하] 26.07_블트깡출시_수동_전환_image_전체타겟,3040대세감_블트깡출시 (KR1),[26.07]F_I_BT깡_전환_블트깡출시_혜택강조형_혜택강조형_.배너_비싼이탈리아블랙트러플.검증__김소희_260715_제과_박서연,226,7,5276.0,0
2026-07-21,[제과_단백질 쉐이크] 26.06_단백질쉐이크출시_수동_전환_image,올영최저가비교_0715,[26.07]F_I_SK혼_전환_단백질쉐이크출시_혜택강조형_올영최저가비교_.배너_올영보다싼파우치특가.설거지귀찮아.확장__이유빈_260715_제과_문다현,141,6,3924.0,0
2026-07-21,(마스터ASC)[제과_블트하] 26.07_블트깡출시_ASC_전환_video,(마스터ASC)[제과_블트하] 26.07_블트깡출시_ASC_전환_video,[26.07]F_V_BT깡_전환_블트깡출시_인물리뷰형_에어프라이기BP.KR1_var3.릴스_프리미엄.슬기.X_1P_최나영_260716_제과_피재은,34,0,669.0,0
2026-07-21,(마스터ASC)[제과_블트하] 26.07_블트깡출시_ASC_전환_image,(마스터ASC)[제과_블트하] 26.07_블트깡출시_ASC_전환_image,[26.07]F_I_BT깡_전환_블트깡출시_바이럴형_KR1_.배너_맘카페.원산지강조.검증__김소희_260720_제과_박지현,34,1,556.0,1
2026-07-22,[제과_블트하] 26.07_블트깡출시_수동_전환_video_전체타겟,오터BP_블트깡출시 (KR2),[26.07]F_V_BT깡_전환_블트깡출시_제조과정형_CS제조과정형.KR2_var2.릴스_대세감.슬기.X_1P_김소희_260715_제과_피재은,6,0,258.0,0
2026-07-22,[제과_블트하] 26.07_블트깡출시_수동_전환_image_전체타겟,3040대세감_블트깡출시 (KR1),[26.07]F_I_BT깡_전환_블트깡출시_혜택강조형_혜택강조형_.배너_비싼이탈리아블랙트러플.검증__김소희_260715_제과_박서연,15,0,477.0,0
2026-07-22,(마스터ASC)[제과_블트하] 26.07_블트깡출시_ASC_전환_video,(마스터ASC)[제과_블트하] 26.07_블트깡출시_ASC_전환_video,[26.07]F_V_BT깡_전환_블트깡출시_인물리뷰형_에어프라이기BP.KR1_var3.릴스_프리미엄.슬기.X_1P_최나영_260716_제과_피재은,3,0,66.0,0
2026-07-22,(마스터ASC)[제과_블트하] 26.07_블트깡출시_ASC_전환_image,(마스터ASC)[제과_블트하] 26.07_블트깡출시_ASC_전환_image,[26.07]F_I_BT깡_전환_블트깡출시_바이럴형_KR1_.배너_맘카페.원산지강조.검증__김소희_260720_제과_박지현,18,1,317.0,0
2026-07-22,[제과_블트하] 26.07_블트깡출시_수동_전환_image_전체타겟,남편인정소비_블트깡출시 (KR1) (0728),[26.07]F_I_BT깡_전환_블트깡출시_바이럴형_KR1_.릴스_맘카페페르소나.지면테스트.엄마들단톡.검증__김소희_260721_제과_김수정,51,0,920.0,0
2026-07-23,[제과_블트하] 26.07_블트깡출시_수동_전환_video_전체타겟,미틀리에BP_블트깡출시 (KR2),[26.07]F_V_BT깡_전환_블트깡출시_원가강조형_미틀리에BP.KR2_var1.릴스_비교프레임.X_1P_최나영_260715_제과_강경연,1456,60,13929.0,2
2026-07-23,(마스터ASC)[제과_블트하] 26.07_블트깡출시_ASC_전환_video,(마스터ASC)[제과_블트하] 26.07_블트깡출시_ASC_전환_video,[26.07]F_V_BT깡_전환_블트깡출시_인물리뷰형_에어프라이기BP.KR1_var3.릴스_프리미엄.슬기.X_1P_최나영_260716_제과_피재은,76,2,1851.0,1
2026-07-23,(마스터ASC)[제과_블트하] 26.07_블트깡출시_ASC_전환_image,(마스터ASC)[제과_블트하] 26.07_블트깡출시_ASC_전환_image,[26.07]F_I_BT깡_전환_블트깡출시_바이럴형_KR1_.배너_맘카페.원산지강조.검증__김소희_260720_제과_박지현,10,1,180.0,0
2026-07-23,[제과_블트하] 26.07_블트깡출시_수동_전환_image_전체타겟,남편인정소비_블트깡출시 (KR1) (0728),[26.07]F_I_BT깡_전환_블트깡출시_바이럴형_KR1_.릴스_맘카페페르소나.지면테스트.엄마들단톡.검증__김소희_260721_제과_김수정,2,0,14.0,0
2026-07-24,[제과_블트하] 26.07_블트깡출시_수동_전환_video_전체타겟,미틀리에BP_블트깡출시 (KR2),[26.07]F_V_BT깡_전환_블트깡출시_원가강조형_미틀리에BP.KR2_var1.릴스_비교프레임.X_1P_최나영_260715_제과_강경연,24433,771,225794.0,13
2026-07-25,[제과_블트하] 26.07_블트깡출시_수동_전환_video_전체타겟,미틀리에BP_블트깡출시 (KR2),[26.07]F_V_BT깡_전환_블트깡출시_원가강조형_미틀리에BP.KR2_var1.릴스_비교프레임.X_1P_최나영_260715_제과_강경연,8424,233,91757.0,6
2026-07-25,(마스터ASC)[제과_블트하] 26.07_블트깡출시_ASC_전환_image,(마스터ASC)[제과_블트하] 26.07_블트깡출시_ASC_전환_image,[26.07]F_I_BT깡_전환_블트깡출시_바이럴형_KR1_.배너_맘카페.원산지강조.검증__김소희_260720_제과_박지현,13,0,500.0,0
2026-07-26,[제과_블트하] 26.07_블트깡출시_수동_전환_video_전체타겟,미틀리에BP_블트깡출시 (KR2),[26.07]F_V_BT깡_전환_블트깡출시_원가강조형_미틀리에BP.KR2_var1.릴스_비교프레임.X_1P_최나영_260715_제과_강경연,5714,141,120308.0,7
2026-07-27,[제과_블트하] 26.07_블트깡출시_수동_전환_video_전체타겟,미틀리에BP_블트깡출시 (KR2),[26.07]F_V_BT깡_전환_블트깡출시_원가강조형_미틀리에BP.KR2_var1.릴스_비교프레임.X_1P_최나영_260715_제과_강경연,2447,62,51139.0,3
2026-07-27,[칩] (마스터ASC)[제과_블트하] 26.07_블트칩출시_ASC_전환_image,[칩] (마스터ASC)[제과_블트하] 26.07_블트칩출시_ASC_전환_image,[26.07]F_I_BT칩_전환_블트칩출시_혜택강조형_KR2_.피드_주변인.깐깐한시어머니.확장__김소희_260727_제과_박서연,4,0,45.0,0
2026-07-28,[칩] (마스터ASC)[제과_블트하] 26.07_블트칩출시_ASC_전환_image,[칩] (마스터ASC)[제과_블트하] 26.07_블트칩출시_ASC_전환_image,[26.07]F_I_BT칩_전환_블트칩출시_혜택강조형_KR2_.피드_주변인.깐깐한시어머니.확장__김소희_260727_제과_박서연,3,0,59.0,0
2026-07-01,[제과_단백질 쉐이크] 26.06_단백질쉐이크출시_ASC_전환_video,[제과_단백질 쉐이크] 26.06_단백질쉐이크출시_ASC_전환_video,[26.06]F_V_SK혼_전환_단백질쉐이크출시_맛인지형_먹스타_var1.릴스_초코맛강조.X_2P_이유빈_260624_제과_이미진,15,1,286.0,0
2026-07-01,[콘스프맛 팝콘] 26.05_콘스프맛팝콘출시_ASC_전환_image (old),[콘스프맛 팝콘] 26.05_콘스프맛팝콘출시_ASC_전환_image (old),[26.06]F_I_PC혼_전환_팝콘더블특가_혜택강조형__.배너_반값보다싸요.압도적수량.__김소희_260625_제과_문다현,10384,235,158204.0,35
2026-07-01,[콘스프맛 팝콘] 26.05_콘스프맛팝콘출시_ASC_전환_image (old),[콘스프맛 팝콘] 26.05_콘스프맛팝콘출시_ASC_전환_image (old),[26.06]F_I_PC혼_전환_팝콘더블특가_혜택강조형__.배너_혜택강조형.반값에쟁이세요.__김소희_260629_제과_김수정,453,9,9743.0,0
2026-07-01,[콘스프맛 팝콘] 26.05_콘스프맛팝콘출시_ASC_전환_image (old),[콘스프맛 팝콘] 26.05_콘스프맛팝콘출시_ASC_전환_image (old),[26.06]F_I_PC혼_전환_팝콘더블특가_매거진형_다이어트_.배너_41%.17%.오늘마감죄송합니다.요요.입터짐방지템.확장__김소희_260701_제과_문다현,162,5,4841.0,0
2026-07-02,[제과_단백질 쉐이크] 26.06_단백질쉐이크출시_ASC_전환_video,[제과_단백질 쉐이크] 26.06_단백질쉐이크출시_ASC_전환_video,[26.06]F_V_SK혼_전환_단백질쉐이크출시_맛인지형_먹스타_var1.릴스_초코맛강조.X_2P_이유빈_260624_제과_이미진,2200,24,30366.0,1
2026-07-02,[콘스프맛 팝콘] 26.05_콘스프맛팝콘출시_ASC_전환_image (old),[콘스프맛 팝콘] 26.05_콘스프맛팝콘출시_ASC_전환_image (old),[26.06]F_I_PC혼_전환_팝콘더블특가_혜택강조형__.배너_반값보다싸요.압도적수량.__김소희_260625_제과_문다현,2214,62,29667.0,3
2026-07-02,[콘스프맛 팝콘] 26.05_콘스프맛팝콘출시_ASC_전환_image (old),[콘스프맛 팝콘] 26.05_콘스프맛팝콘출시_ASC_전환_image (old),[26.06]F_I_PC혼_전환_팝콘더블특가_혜택강조형__.배너_혜택강조형.반값에쟁이세요.__김소희_260629_제과_김수정,24,2,471.0,0
2026-07-02,(미사용) [제과_단백질 쉐이크] 26.06_단백질쉐이크출시_ASC_전환_image,[제과_단백질 쉐이크] 26.06_단백질쉐이크출시_ASC_전환_image,[26.06]F_I_SK초_전환_단백질쉐이크출시_제품강조형_타사비교_.배너_밥대신먹는다고토핑늘리고.__이유빈_260701_제과_김수정,1134,38,28855.0,3
2026-07-02,[콘스프맛 팝콘] 26.05_콘스프맛팝콘출시_ASC_전환_image (old),[콘스프맛 팝콘] 26.05_콘스프맛팝콘출시_ASC_전환_image (old),[26.06]F_I_PC혼_전환_팝콘더블특가_매거진형_다이어트_.배너_41%.17%.오늘마감죄송합니다.요요.입터짐방지템.확장__김소희_260701_제과_문다현,248,6,5069.0,2
2026-07-04,[제과_단백질 쉐이크] 26.06_단백질쉐이크출시_ASC_전환_video,[제과_단백질 쉐이크] 26.06_단백질쉐이크출시_ASC_전환_video,[26.07]F_V_SK혼_전환_단백질쉐이크출시_네고형_지인네고형_main.릴스_본론.X_2P_이유빈_260703_제과_이봄1,161,5,2884.0,0
2026-07-05,[제과_단백질 쉐이크] 26.06_단백질쉐이크출시_ASC_전환_video,[제과_단백질 쉐이크] 26.06_단백질쉐이크출시_ASC_전환_video,[26.07]F_V_SK혼_전환_단백질쉐이크출시_네고형_지인네고형_main.릴스_본론.X_2P_이유빈_260703_제과_이봄1,13,0,180.0,0
2026-07-06,[제과_단백질 쉐이크] 26.06_단백질쉐이크출시_ASC_전환_video,[제과_단백질 쉐이크] 26.06_단백질쉐이크출시_ASC_전환_video,[26.07]F_V_SK혼_전환_단백질쉐이크출시_네고형_지인네고형_main.릴스_본론.X_2P_이유빈_260703_제과_이봄1,61,0,1063.0,0
2026-07-07,(마스터2) [제과_단백질 쉐이크] 26.07_단백질쉐이크출시_ASC_전환_image,(마스터2) [제과_단백질 쉐이크] 26.07_단백질쉐이크출시_ASC_전환_image,[26.07]F_I_SK혼_전환_단백질쉐이크출시_혜택강조형_파우치.개당가강조_.배너_특정시점.대형할인급.올영세일제일싸다고.확장__이유빈_260707_제과_김수정,74,1,1344.0,0
2026-07-08,[제과_단백질 쉐이크] 26.06_단백질쉐이크출시_ASC_전환_video,[제과_단백질 쉐이크] 26.06_단백질쉐이크출시_ASC_전환_video,[26.07]F_V_SK혼_전환_단백질쉐이크출시_네고형_지인네고형_main.릴스_본론.X_2P_이유빈_260703_제과_이봄1,1,0,24.0,0
2026-07-08,(마스터2) [제과_단백질 쉐이크] 26.07_단백질쉐이크출시_ASC_전환_image,(마스터2) [제과_단백질 쉐이크] 26.07_단백질쉐이크출시_ASC_전환_image,[26.07]F_I_SK혼_전환_단백질쉐이크출시_혜택강조형_파우치.개당가강조_.배너_특정시점.대형할인급.올영세일제일싸다고.확장__이유빈_260707_제과_김수정,75,1,1951.0,0
2026-07-09,(마스터2) [제과_단백질 쉐이크] 26.07_단백질쉐이크출시_ASC_전환_image,(마스터2) [제과_단백질 쉐이크] 26.07_단백질쉐이크출시_ASC_전환_image,[26.07]F_I_SK혼_전환_단백질쉐이크출시_혜택강조형_파우치.개당가강조_.배너_특정시점.대형할인급.올영세일제일싸다고.확장__이유빈_260707_제과_김수정,70,3,2013.0,0
2026-07-10,(마스터2) [제과_단백질 쉐이크] 26.07_단백질쉐이크출시_ASC_전환_image,(마스터2) [제과_단백질 쉐이크] 26.07_단백질쉐이크출시_ASC_전환_image,[26.07]F_I_SK혼_전환_단백질쉐이크출시_혜택강조형_파우치.개당가강조_.배너_특정시점.대형할인급.올영세일제일싸다고.확장__이유빈_260707_제과_김수정,86,2,3134.0,0
2026-07-15,(마스터2) [제과_단백질 쉐이크] 26.07_단백질쉐이크출시_ASC_전환_image,(마스터2) [제과_단백질 쉐이크] 26.07_단백질쉐이크출시_ASC_전환_image,[26.07]F_I_SK초_전환_단백질쉐이크출시_혜택강조형_올영최저가비교_.배너_핑크박스.네고형.수량소진시정상가.확장__이유빈_260714_제과_문다현,306,3,6255.0,0
2026-07-15,(마스터2) [제과_단백질 쉐이크] 26.07_단백질쉐이크출시_ASC_전환_image,(마스터2) [제과_단백질 쉐이크] 26.07_단백질쉐이크출시_ASC_전환_image,[26.07]F_I_SK혼_전환_단백질쉐이크출시_혜택강조형_올영최저가비교_.배너_이제다른데서비싸게사지마세요.네고형.확장__이유빈_260714_제과_문다현,68,1,1697.0,0
2026-07-15,(마스터ASC)[제과_블트하] 26.07_블트깡출시_ASC_전환_image,(마스터ASC)[제과_블트하] 26.07_블트깡출시_ASC_전환_image,[26.07]F_I_BT깡_전환_블트깡출시_혜택강조형_KR2_.배너_원산지권위.1키로에수백만.검증__김소희_260715_제과_김수정,290,3,4329.0,0
2026-07-16,(마스터2) [제과_단백질 쉐이크] 26.07_단백질쉐이크출시_ASC_전환_image,(마스터2) [제과_단백질 쉐이크] 26.07_단백질쉐이크출시_ASC_전환_image,[26.07]F_I_SK초_전환_단백질쉐이크출시_혜택강조형_올영최저가비교_.배너_핑크박스.네고형.수량소진시정상가.확장__이유빈_260714_제과_문다현,32,0,469.0,0
2026-07-16,(마스터2) [제과_단백질 쉐이크] 26.07_단백질쉐이크출시_ASC_전환_image,(마스터2) [제과_단백질 쉐이크] 26.07_단백질쉐이크출시_ASC_전환_image,[26.07]F_I_SK혼_전환_단백질쉐이크출시_혜택강조형_올영최저가비교_.배너_이제다른데서비싸게사지마세요.네고형.확장__이유빈_260714_제과_문다현,391,4,5644.0,0
2026-07-16,(마스터ASC)[제과_블트하] 26.07_블트깡출시_ASC_전환_image,(마스터ASC)[제과_블트하] 26.07_블트깡출시_ASC_전환_image,[26.07]F_I_BT깡_전환_블트깡출시_혜택강조형_KR2_.배너_원산지권위.1키로에수백만.검증__김소희_260715_제과_김수정,74,0,1585.0,0
2026-07-17,(마스터2) [제과_단백질 쉐이크] 26.07_단백질쉐이크출시_ASC_전환_image,(마스터2) [제과_단백질 쉐이크] 26.07_단백질쉐이크출시_ASC_전환_image,[26.07]F_I_SK혼_전환_단백질쉐이크출시_혜택강조형_올영최저가비교_.배너_이제다른데서비싸게사지마세요.네고형.확장__이유빈_260714_제과_문다현,23,0,644.0,0
2026-07-17,(마스터ASC)[제과_블트하] 26.07_블트깡출시_ASC_전환_image,(마스터ASC)[제과_블트하] 26.07_블트깡출시_ASC_전환_image,[26.07]F_I_BT깡_전환_블트깡출시_혜택강조형_KR2_.배너_원산지권위.1키로에수백만.검증__김소희_260715_제과_김수정,9,1,132.0,0
2026-07-18,(마스터2) [제과_단백질 쉐이크] 26.07_단백질쉐이크출시_ASC_전환_image,(마스터2) [제과_단백질 쉐이크] 26.07_단백질쉐이크출시_ASC_전환_image,[26.07]F_I_SK혼_전환_단백질쉐이크출시_혜택강조형_올영최저가비교_.배너_이제다른데서비싸게사지마세요.네고형.확장__이유빈_260714_제과_문다현,9,0,107.0,0
2026-07-19,(마스터2) [제과_단백질 쉐이크] 26.07_단백질쉐이크출시_ASC_전환_image,(마스터2) [제과_단백질 쉐이크] 26.07_단백질쉐이크출시_ASC_전환_image,[26.07]F_I_SK혼_전환_단백질쉐이크출시_혜택강조형_올영최저가비교_.배너_이제다른데서비싸게사지마세요.네고형.확장__이유빈_260714_제과_문다현,16,0,236.0,0
2026-07-20,(마스터2) [제과_단백질 쉐이크] 26.07_단백질쉐이크출시_ASC_전환_image,(마스터2) [제과_단백질 쉐이크] 26.07_단백질쉐이크출시_ASC_전환_image,[26.07]F_I_SK혼_전환_단백질쉐이크출시_혜택강조형_올영최저가비교_.배너_이제다른데서비싸게사지마세요.네고형.확장__이유빈_260714_제과_문다현,13,0,246.0,0
2026-07-21,(마스터2) [제과_단백질 쉐이크] 26.07_단백질쉐이크출시_ASC_전환_image,(마스터2) [제과_단백질 쉐이크] 26.07_단백질쉐이크출시_ASC_전환_image,[26.07]F_I_SK혼_전환_단백질쉐이크출시_혜택강조형_올영최저가비교_.배너_이제다른데서비싸게사지마세요.네고형.확장__이유빈_260714_제과_문다현,1,0,5.0,0
2026-07-21,[제과_콘스프맛 팝콘] 26.05_콘스프맛팝콘출시_수동_전환_video,책상지인네고형(운동.페인포인트)_0721,[26.07]F_V_PC콘_전환_콘스프맛팝콘출시_네고형_책상지인네고형_var2.렉카_15키로감량.X_2P_이유빈_260721_제과_이미진,4706,105,73339.0,8
2026-07-22,[제과_콘스프맛 팝콘] 26.05_콘스프맛팝콘출시_수동_전환_video,책상지인네고형(운동.페인포인트)_0721,[26.07]F_V_PC콘_전환_콘스프맛팝콘출시_네고형_책상지인네고형_var2.렉카_15키로감량.X_2P_이유빈_260721_제과_이미진,1282,25,26642.0,3
2026-07-23,(마스터ASC)[제과_블트하] 26.07_블트깡출시_ASC_전환_image,(마스터ASC)[제과_블트하] 26.07_블트깡출시_ASC_전환_image,[26.07]F_I_BT깡_전환_블트깡출시_혜택강조형_KR2_.배너_원산지권위.1키로에수백만.검증__김소희_260715_제과_김수정,7,0,53.0,0
2026-07-24,(마스터ASC)[제과_블트하] 26.07_블트깡출시_ASC_전환_image,(마스터ASC)[제과_블트하] 26.07_블트깡출시_ASC_전환_image,[26.07]F_I_BT혼_전환_블트칩출시_혜택강조형_KR1_.배너_7일만할인해요.칩깡동시소구.확장__김소희_260723_제과_박서연,2,0,82.0,0
2026-07-24,[제과_블트하] 26.07_블트깡출시_수동_전환_video_전체타겟,먹스타_블트칩출시 (파트너쉽),[26.07]F_P_BT깡_전환_블트깡출시_기타_파트너쉽_.릴스_.X__김소희_260724_제과_여원맛집,272,2,3176.0,0
2026-07-25,[제과_콘스프맛 팝콘] 26.05_콘스프맛팝콘출시_수동_전환_video,책상지인네고형(운동.페인포인트)_0721,[26.07]F_V_PC콘_전환_콘스프맛팝콘출시_네고형_책상지인네고형_var2.렉카_15키로감량.X_2P_이유빈_260721_제과_이미진,33,1,1209.0,0
2026-07-25,(마스터ASC)[제과_블트하] 26.07_블트깡출시_ASC_전환_image,(마스터ASC)[제과_블트하] 26.07_블트깡출시_ASC_전환_image,[26.07]F_I_BT혼_전환_블트칩출시_혜택강조형_KR1_.배너_7일만할인해요.칩깡동시소구.확장__김소희_260723_제과_박서연,3,0,393.0,0
2026-07-25,[제과_블트하] 26.07_블트깡출시_수동_전환_video_전체타겟,먹스타_블트칩출시 (파트너쉽),[26.07]F_P_BT깡_전환_블트깡출시_기타_파트너쉽_.릴스_.X__김소희_260724_제과_여원맛집,2174,25,32371.0,1
2026-07-26,[제과_블트하] 26.07_블트깡출시_수동_전환_video_전체타겟,먹스타_블트칩출시 (파트너쉽),[26.07]F_P_BT깡_전환_블트깡출시_기타_파트너쉽_.릴스_.X__김소희_260724_제과_여원맛집,221,4,2825.0,0
2026-07-27,(마스터ASC)[제과_블트하] 26.07_블트깡출시_ASC_전환_image,(마스터ASC)[제과_블트하] 26.07_블트깡출시_ASC_전환_image,[26.07]F_I_BT혼_전환_블트칩출시_혜택강조형_KR1_.배너_7일만할인해요.칩깡동시소구.확장__김소희_260723_제과_박서연,64,1,1768.0,0
2026-07-27,[제과_블트하] 26.07_블트깡출시_수동_전환_video_전체타겟,먹스타_블트칩출시 (파트너쉽),[26.07]F_P_BT깡_전환_블트깡출시_기타_파트너쉽_.릴스_.X__김소희_260724_제과_여원맛집,728,13,13018.0,1
2026-07-28,[제과_콘스프맛 팝콘] 26.05_콘스프맛팝콘출시_수동_전환_video,책상지인네고형(운동.페인포인트)_0721,[26.07]F_V_PC콘_전환_콘스프맛팝콘출시_네고형_책상지인네고형_var2.렉카_15키로감량.X_2P_이유빈_260721_제과_이미진,40,0,858.0,0
2026-07-28,(마스터ASC)[제과_블트하] 26.07_블트깡출시_ASC_전환_image,(마스터ASC)[제과_블트하] 26.07_블트깡출시_ASC_전환_image,[26.07]F_I_BT혼_전환_블트칩출시_혜택강조형_KR1_.배너_7일만할인해요.칩깡동시소구.확장__김소희_260723_제과_박서연,3,0,251.0,0
2026-07-28,[제과_블트하] 26.07_블트깡출시_수동_전환_video_전체타겟,먹스타_블트칩출시 (파트너쉽),[26.07]F_P_BT깡_전환_블트깡출시_기타_파트너쉽_.릴스_.X__김소희_260724_제과_여원맛집,945,11,16616.0,0
2026-07-01,[제과_콘스프맛 팝콘] 26.05_콘스프맛팝콘출시_수동_전환_video,네고형_콘스프맛_(통합),[26.05]F_V_PC콘_전환_콘스프맛팝콘출시_네고형_공구네고형_main.릴스_공통.(연)강민경.고현정.슬기.X_4C_박현지_260515_1T_강경연,88485,1793,1084618.0,263
2026-07-01,[콘스프맛 팝콘] 26.05_콘스프맛팝콘출시_ASC_전환_image (old),[콘스프맛 팝콘] 26.05_콘스프맛팝콘출시_ASC_전환_image (old),[26.06]F_I_PC혼_전환_팝콘더블특가_매거진형_다이어트_.배너_일상상황공감.입터짐방지템.AI.__김소희_260625_제과_김수정,5,0,82.0,0
2026-07-02,[제과_콘스프맛 팝콘] 26.05_콘스프맛팝콘출시_수동_전환_video,네고형_콘스프맛_(통합),[26.05]F_V_PC콘_전환_콘스프맛팝콘출시_네고형_공구네고형_main.릴스_공통.(연)강민경.고현정.슬기.X_4C_박현지_260515_1T_강경연,42141,783,480297.0,90
2026-07-02,[콘스프맛 팝콘] 26.05_콘스프맛팝콘출시_ASC_전환_image (old),[콘스프맛 팝콘] 26.05_콘스프맛팝콘출시_ASC_전환_image (old),[26.06]F_I_PC혼_전환_팝콘더블특가_매거진형_다이어트_.배너_일상상황공감.입터짐방지템.AI.__김소희_260625_제과_김수정,1,0,19.0,0
2026-07-03,[제과_콘스프맛 팝콘] 26.05_콘스프맛팝콘출시_수동_전환_video,네고형_콘스프맛_(통합),[26.05]F_V_PC콘_전환_콘스프맛팝콘출시_네고형_공구네고형_main.릴스_공통.(연)강민경.고현정.슬기.X_4C_박현지_260515_1T_강경연,45759,934,449245.0,81
2026-07-04,[제과_콘스프맛 팝콘] 26.05_콘스프맛팝콘출시_수동_전환_video,네고형_콘스프맛_(통합),[26.05]F_V_PC콘_전환_콘스프맛팝콘출시_네고형_공구네고형_main.릴스_공통.(연)강민경.고현정.슬기.X_4C_박현지_260515_1T_강경연,7829,175,83057.0,10
2026-07-05,[제과_콘스프맛 팝콘] 26.05_콘스프맛팝콘출시_수동_전환_video,네고형_콘스프맛_(통합),[26.05]F_V_PC콘_전환_콘스프맛팝콘출시_네고형_공구네고형_main.릴스_공통.(연)강민경.고현정.슬기.X_4C_박현지_260515_1T_강경연,10340,276,111980.0,21
2026-07-06,[제과_콘스프맛 팝콘] 26.05_콘스프맛팝콘출시_수동_전환_video,네고형_콘스프맛_(통합),[26.05]F_V_PC콘_전환_콘스프맛팝콘출시_네고형_공구네고형_main.릴스_공통.(연)강민경.고현정.슬기.X_4C_박현지_260515_1T_강경연,20989,475,220235.0,40
2026-07-07,[제과_콘스프맛 팝콘] 26.05_콘스프맛팝콘출시_수동_전환_video,네고형_콘스프맛_(통합),[26.05]F_V_PC콘_전환_콘스프맛팝콘출시_네고형_공구네고형_main.릴스_공통.(연)강민경.고현정.슬기.X_4C_박현지_260515_1T_강경연,61169,1253,688930.0,124
2026-07-08,[제과_콘스프맛 팝콘] 26.05_콘스프맛팝콘출시_수동_전환_video,네고형_콘스프맛_(통합),[26.05]F_V_PC콘_전환_콘스프맛팝콘출시_네고형_공구네고형_main.릴스_공통.(연)강민경.고현정.슬기.X_4C_박현지_260515_1T_강경연,16539,353,189626.0,37
2026-07-09,[제과_콘스프맛 팝콘] 26.05_콘스프맛팝콘출시_수동_전환_video,네고형_콘스프맛_(통합),[26.05]F_V_PC콘_전환_콘스프맛팝콘출시_네고형_공구네고형_main.릴스_공통.(연)강민경.고현정.슬기.X_4C_박현지_260515_1T_강경연,18661,372,184991.0,47
2026-07-10,[제과_콘스프맛 팝콘] 26.05_콘스프맛팝콘출시_수동_전환_video,네고형_콘스프맛_(통합),[26.05]F_V_PC콘_전환_콘스프맛팝콘출시_네고형_공구네고형_main.릴스_공통.(연)강민경.고현정.슬기.X_4C_박현지_260515_1T_강경연,132484,2368,1417842.0,312
2026-07-10,[제과_단쉐_990] 26.07_깜짝990딜_ASC_전환_image,[제과_단쉐_990] 26.07_깜짝990딜_ASC_전환_image,[26.07]F_I_SK혼_전환_단쉐990원_혜택강조형__.배너_고퀄인데다이소보다싼.얼마나담든.개당990원딜.확장__이유빈_260710_제과_문다현,177,5,3858.0,0
2026-07-11,[제과_콘스프맛 팝콘] 26.05_콘스프맛팝콘출시_수동_전환_video,네고형_콘스프맛_(통합),[26.05]F_V_PC콘_전환_콘스프맛팝콘출시_네고형_공구네고형_main.릴스_공통.(연)강민경.고현정.슬기.X_4C_박현지_260515_1T_강경연,103196,1997,986199.0,218
2026-07-11,[제과_단쉐_990] 26.07_깜짝990딜_ASC_전환_image,[제과_단쉐_990] 26.07_깜짝990딜_ASC_전환_image,[26.07]F_I_SK혼_전환_단쉐990원_혜택강조형__.배너_고퀄인데다이소보다싼.얼마나담든.개당990원딜.확장__이유빈_260710_제과_문다현,2717,98,44213.0,6
2026-07-11,[제과_단백질 쉐이크] 26.06_단백질쉐이크출시_ASC_전환_video,[제과_단백질 쉐이크] 26.06_단백질쉐이크출시_ASC_전환_video,[26.07]F_V_SK혼_전환_단백질쉐이크출시_신규BP_문제공감형.파우치.개당가강조_var7.릴스_기간비교강조.X_2P_이유빈_260710_제과_이봄1,35,1,493.0,0
2026-07-12,[제과_콘스프맛 팝콘] 26.05_콘스프맛팝콘출시_수동_전환_video,네고형_콘스프맛_(통합),[26.05]F_V_PC콘_전환_콘스프맛팝콘출시_네고형_공구네고형_main.릴스_공통.(연)강민경.고현정.슬기.X_4C_박현지_260515_1T_강경연,56966,1157,628462.0,132
2026-07-12,[제과_단쉐_990] 26.07_깜짝990딜_ASC_전환_image,[제과_단쉐_990] 26.07_깜짝990딜_ASC_전환_image,[26.07]F_I_SK혼_전환_단쉐990원_혜택강조형__.배너_고퀄인데다이소보다싼.얼마나담든.개당990원딜.확장__이유빈_260710_제과_문다현,4888,163,85240.0,6
2026-07-12,[제과_단백질 쉐이크] 26.06_단백질쉐이크출시_ASC_전환_video,[제과_단백질 쉐이크] 26.06_단백질쉐이크출시_ASC_전환_video,[26.07]F_V_SK혼_전환_단백질쉐이크출시_신규BP_문제공감형.파우치.개당가강조_var7.릴스_기간비교강조.X_2P_이유빈_260710_제과_이봄1,35,1,1087.0,0
2026-07-13,[제과_콘스프맛 팝콘] 26.05_콘스프맛팝콘출시_수동_전환_video,네고형_콘스프맛_(통합),[26.05]F_V_PC콘_전환_콘스프맛팝콘출시_네고형_공구네고형_main.릴스_공통.(연)강민경.고현정.슬기.X_4C_박현지_260515_1T_강경연,36199,657,399405.0,92
2026-07-13,[제과_단백질 쉐이크] 26.06_단백질쉐이크출시_ASC_전환_video,[제과_단백질 쉐이크] 26.06_단백질쉐이크출시_ASC_전환_video,[26.07]F_V_SK혼_전환_단백질쉐이크출시_신규BP_문제공감형.파우치.개당가강조_var7.릴스_기간비교강조.X_2P_이유빈_260710_제과_이봄1,3,0,43.0,0
2026-07-14,[제과_콘스프맛 팝콘] 26.05_콘스프맛팝콘출시_수동_전환_video,네고형_콘스프맛_(통합),[26.05]F_V_PC콘_전환_콘스프맛팝콘출시_네고형_공구네고형_main.릴스_공통.(연)강민경.고현정.슬기.X_4C_박현지_260515_1T_강경연,61980,1123,694347.0,172
2026-07-14,[제과_단백질 쉐이크] 26.06_단백질쉐이크출시_ASC_전환_video,[제과_단백질 쉐이크] 26.06_단백질쉐이크출시_ASC_전환_video,[26.07]F_V_SK혼_전환_단백질쉐이크출시_신규BP_문제공감형.파우치.개당가강조_var7.릴스_기간비교강조.X_2P_이유빈_260710_제과_이봄1,1,0,5.0,0
2026-07-14,[제과_단백질 쉐이크] 26.06_단백질쉐이크출시_수동_전환_video,AI캐릭터형_0713,[26.07]F_V_SK혼_전환_단백질쉐이크출시_ai형_ai캐릭터.파우치.개당가강조_main.릴스_제품대용량비교.X_2P_이유빈_260713_제과_이미진,934,21,16492.0,1
2026-07-15,[제과_콘스프맛 팝콘] 26.05_콘스프맛팝콘출시_수동_전환_video,네고형_콘스프맛_(통합),[26.05]F_V_PC콘_전환_콘스프맛팝콘출시_네고형_공구네고형_main.릴스_공통.(연)강민경.고현정.슬기.X_4C_박현지_260515_1T_강경연,20722,362,243876.0,44
2026-07-15,[제과_블트하] 26.07_블트깡출시_수동_전환_video_전체타겟,미틀리에BP_블트깡출시 (KR2),[26.07]F_V_BT깡_전환_블트깡출시_원가강조형_미틀리에BP.KR2_var2.릴스_맛.X_1P_최나영_260715_제과_강경연,12764,412,200438.0,49
2026-07-15,(마스터ASC)[제과_블트하] 26.07_블트깡출시_ASC_전환_video,(마스터ASC)[제과_블트하] 26.07_블트깡출시_ASC_전환_video,[26.07]F_V_BT깡_전환_블트깡출시_쩜오건_리액션과장.KR1_var3.릴스_SNS.맛후킹.X_1P_김소희_260715_제과_문형민,19,3,153.0,0
2026-07-15,(마스터ASC)[제과_블트하] 26.07_블트깡출시_ASC_전환_video,(마스터ASC)[제과_블트하] 26.07_블트깡출시_ASC_전환_video,[26.07]F_V_BT깡_전환_블트깡출시_쩜오건_리액션과장.KR1_var5.릴스_출시.맛후킹.X_1P_김소희_260715_제과_문형민,31,0,329.0,0
2026-07-15,[제과_블트하] 26.07_블트깡출시_수동_전환_image_전체타겟,맘카페페르소나_블트깡출시 (KR1),[26.07]F_I_BT깡_전환_블트깡출시_매거진형_KR1_.배너_판매량.창고형마트기둥하나.검증__김소희_260715_제과_김수정,241,2,4598.0,0
2026-07-15,[제과_블트하] 26.07_블트깡출시_수동_전환_image_전체타겟,맘카페페르소나_블트깡출시 (KR1),[26.07]F_I_BT깡_전환_블트깡출시_매거진형_KR1_.배너_판매량.품절이라못먹어본사람많다는.검증__김소희_260715_제과_김수정,660,8,10773.0,2
2026-07-16,[제과_콘스프맛 팝콘] 26.05_콘스프맛팝콘출시_수동_전환_video,네고형_콘스프맛_(통합),[26.05]F_V_PC콘_전환_콘스프맛팝콘출시_네고형_공구네고형_main.릴스_공통.(연)강민경.고현정.슬기.X_4C_박현지_260515_1T_강경연,57406,1066,649690.0,84
2026-07-16,[제과_블트하] 26.07_블트깡출시_수동_전환_video_전체타겟,미틀리에BP_블트깡출시 (KR2),[26.07]F_V_BT깡_전환_블트깡출시_원가강조형_미틀리에BP.KR2_var2.릴스_맛.X_1P_최나영_260715_제과_강경연,11185,364,206201.0,33
2026-07-16,(마스터ASC)[제과_블트하] 26.07_블트깡출시_ASC_전환_video,(마스터ASC)[제과_블트하] 26.07_블트깡출시_ASC_전환_video,[26.07]F_V_BT깡_전환_블트깡출시_쩜오건_리액션과장.KR1_var3.릴스_SNS.맛후킹.X_1P_김소희_260715_제과_문형민,434,13,6163.0,1
2026-07-16,(마스터ASC)[제과_블트하] 26.07_블트깡출시_ASC_전환_video,(마스터ASC)[제과_블트하] 26.07_블트깡출시_ASC_전환_video,[26.07]F_V_BT깡_전환_블트깡출시_쩜오건_리액션과장.KR1_var5.릴스_출시.맛후킹.X_1P_김소희_260715_제과_문형민,10592,270,133023.0,26
2026-07-16,[제과_블트하] 26.07_블트깡출시_수동_전환_image_전체타겟,맘카페페르소나_블트깡출시 (KR1),[26.07]F_I_BT깡_전환_블트깡출시_매거진형_KR1_.배너_판매량.창고형마트기둥하나.검증__김소희_260715_제과_김수정,405,12,8791.0,3
2026-07-16,[제과_블트하] 26.07_블트깡출시_수동_전환_image_전체타겟,맘카페페르소나_블트깡출시 (KR1),[26.07]F_I_BT깡_전환_블트깡출시_매거진형_KR1_.배너_판매량.품절이라못먹어본사람많다는.검증__김소희_260715_제과_김수정,551,14,13981.0,3
2026-07-16,(마스터ASC)[제과_블트하] 26.07_블트깡출시_ASC_전환_image,(마스터ASC)[제과_블트하] 26.07_블트깡출시_ASC_전환_image,[26.07]F_I_BT깡_전환_블트깡출시_바이럴형_KR1_.배너_일반특정집단.맘카페재구매인증.검증__김소희_260715_제과_김수정,35,4,1381.0,0
2026-07-17,[제과_콘스프맛 팝콘] 26.05_콘스프맛팝콘출시_수동_전환_video,네고형_콘스프맛_(통합),[26.05]F_V_PC콘_전환_콘스프맛팝콘출시_네고형_공구네고형_main.릴스_공통.(연)강민경.고현정.슬기.X_4C_박현지_260515_1T_강경연,28127,507,274211.0,35
2026-07-17,[제과_단백질 쉐이크] 26.06_단백질쉐이크출시_ASC_전환_video,[제과_단백질 쉐이크] 26.06_단백질쉐이크출시_ASC_전환_video,[26.07]F_V_SK혼_전환_단백질쉐이크출시_신규BP_문제공감형.파우치.개당가강조_var7.릴스_기간비교강조.X_2P_이유빈_260710_제과_이봄1,5,0,112.0,0
2026-07-17,(마스터ASC)[제과_블트하] 26.07_블트깡출시_ASC_전환_video,(마스터ASC)[제과_블트하] 26.07_블트깡출시_ASC_전환_video,[26.07]F_V_BT깡_전환_블트깡출시_쩜오건_리액션과장.KR1_var5.릴스_출시.맛후킹.X_1P_김소희_260715_제과_문형민,22231,791,305336.0,97
2026-07-17,[제과_블트하] 26.07_블트깡출시_수동_전환_image_전체타겟,맘카페페르소나_블트깡출시 (KR1),[26.07]F_I_BT깡_전환_블트깡출시_매거진형_KR1_.배너_판매량.창고형마트기둥하나.검증__김소희_260715_제과_김수정,200,3,3261.0,0
2026-07-17,[제과_블트하] 26.07_블트깡출시_수동_전환_image_전체타겟,맘카페페르소나_블트깡출시 (KR1),[26.07]F_I_BT깡_전환_블트깡출시_매거진형_KR1_.배너_판매량.품절이라못먹어본사람많다는.검증__김소희_260715_제과_김수정,1979,29,38081.0,1
2026-07-17,(마스터ASC)[제과_블트하] 26.07_블트깡출시_ASC_전환_image,(마스터ASC)[제과_블트하] 26.07_블트깡출시_ASC_전환_image,[26.07]F_I_BT깡_전환_블트깡출시_바이럴형_KR1_.배너_일반특정집단.맘카페재구매인증.검증__김소희_260715_제과_김수정,29,0,945.0,0
2026-07-18,[제과_콘스프맛 팝콘] 26.05_콘스프맛팝콘출시_수동_전환_video,네고형_콘스프맛_(통합),[26.05]F_V_PC콘_전환_콘스프맛팝콘출시_네고형_공구네고형_main.릴스_공통.(연)강민경.고현정.슬기.X_4C_박현지_260515_1T_강경연,128264,2637,1091121.0,186
2026-07-18,(마스터ASC)[제과_블트하] 26.07_블트깡출시_ASC_전환_video,(마스터ASC)[제과_블트하] 26.07_블트깡출시_ASC_전환_video,[26.07]F_V_BT깡_전환_블트깡출시_쩜오건_리액션과장.KR1_var5.릴스_출시.맛후킹.X_1P_김소희_260715_제과_문형민,936,24,14089.0,4
2026-07-19,[제과_콘스프맛 팝콘] 26.05_콘스프맛팝콘출시_수동_전환_video,네고형_콘스프맛_(통합),[26.05]F_V_PC콘_전환_콘스프맛팝콘출시_네고형_공구네고형_main.릴스_공통.(연)강민경.고현정.슬기.X_4C_박현지_260515_1T_강경연,66888,1601,506647.0,102
2026-07-19,[제과_단백질 쉐이크] 26.06_단백질쉐이크출시_ASC_전환_video,[제과_단백질 쉐이크] 26.06_단백질쉐이크출시_ASC_전환_video,[26.07]F_V_SK혼_전환_단백질쉐이크출시_신규BP_문제공감형.파우치.개당가강조_var7.릴스_기간비교강조.X_2P_이유빈_260710_제과_이봄1,5,1,285.0,0
2026-07-19,(마스터ASC)[제과_블트하] 26.07_블트깡출시_ASC_전환_image,(마스터ASC)[제과_블트하] 26.07_블트깡출시_ASC_전환_image,[26.07]F_I_BT깡_전환_블트깡출시_바이럴형_KR1_.배너_일반특정집단.맘카페재구매인증.검증__김소희_260715_제과_김수정,61,2,1594.0,0
2026-07-20,[제과_콘스프맛 팝콘] 26.05_콘스프맛팝콘출시_수동_전환_video,네고형_콘스프맛_(통합),[26.05]F_V_PC콘_전환_콘스프맛팝콘출시_네고형_공구네고형_main.릴스_공통.(연)강민경.고현정.슬기.X_4C_박현지_260515_1T_강경연,111616,2501,1035803.0,150
2026-07-20,[제과_단백질 쉐이크] 26.06_단백질쉐이크출시_ASC_전환_video,[제과_단백질 쉐이크] 26.06_단백질쉐이크출시_ASC_전환_video,[26.07]F_V_SK혼_전환_단백질쉐이크출시_신규BP_문제공감형.파우치.개당가강조_var7.릴스_기간비교강조.X_2P_이유빈_260710_제과_이봄1,1700,44,27773.0,2
2026-07-20,(마스터ASC)[제과_블트하] 26.07_블트깡출시_ASC_전환_image,(마스터ASC)[제과_블트하] 26.07_블트깡출시_ASC_전환_image,[26.07]F_I_BT깡_전환_블트깡출시_바이럴형_KR1_.배너_일반특정집단.맘카페재구매인증.검증__김소희_260715_제과_김수정,14,0,762.0,0
2026-07-21,[제과_콘스프맛 팝콘] 26.05_콘스프맛팝콘출시_수동_전환_video,네고형_콘스프맛_(통합),[26.05]F_V_PC콘_전환_콘스프맛팝콘출시_네고형_공구네고형_main.릴스_공통.(연)강민경.고현정.슬기.X_4C_박현지_260515_1T_강경연,23503,494,293997.0,43
2026-07-21,(마스터ASC)[제과_블트하] 26.07_블트깡출시_ASC_전환_image,(마스터ASC)[제과_블트하] 26.07_블트깡출시_ASC_전환_image,[26.07]F_I_BT깡_전환_블트깡출시_바이럴형_KR1_.배너_일반특정집단.맘카페재구매인증.검증__김소희_260715_제과_김수정,4,0,192.0,0
2026-07-22,[제과_콘스프맛 팝콘] 26.05_콘스프맛팝콘출시_수동_전환_video,네고형_콘스프맛_(통합),[26.05]F_V_PC콘_전환_콘스프맛팝콘출시_네고형_공구네고형_main.릴스_공통.(연)강민경.고현정.슬기.X_4C_박현지_260515_1T_강경연,4522,109,47869.0,3
2026-07-22,[제과_블트하] 26.07_블트깡출시_수동_전환_image_전체타겟,맘카페페르소나_블트깡출시 (KR1),[26.07]F_I_BT깡_전환_블트깡출시_매거진형_KR1_.배너_판매량.창고형마트기둥하나.검증__김소희_260715_제과_김수정,150,4,3308.0,1
2026-07-22,(마스터ASC)[제과_블트하] 26.07_블트깡출시_ASC_전환_image,(마스터ASC)[제과_블트하] 26.07_블트깡출시_ASC_전환_image,[26.07]F_I_BT깡_전환_블트깡출시_바이럴형_KR1_.배너_일반특정집단.맘카페재구매인증.검증__김소희_260715_제과_김수정,25,3,618.0,0
2026-07-22,(마스터ASC)[제과_블트하] 26.07_블트깡출시_ASC_전환_image,(마스터ASC)[제과_블트하] 26.07_블트깡출시_ASC_전환_image,[26.07]F_I_BT깡_전환_블트깡출시__KR1_.배너_공지문.제품력.확장__김소희_260721_제과_김수정,1143,57,27241.0,12
2026-07-23,[제과_콘스프맛 팝콘] 26.05_콘스프맛팝콘출시_수동_전환_video,네고형_콘스프맛_(통합),[26.05]F_V_PC콘_전환_콘스프맛팝콘출시_네고형_공구네고형_main.릴스_공통.(연)강민경.고현정.슬기.X_4C_박현지_260515_1T_강경연,1983,37,22184.0,3
2026-07-23,(마스터ASC)[제과_블트하] 26.07_블트깡출시_ASC_전환_image,(마스터ASC)[제과_블트하] 26.07_블트깡출시_ASC_전환_image,[26.07]F_I_BT깡_전환_블트깡출시__KR1_.배너_공지문.제품력.확장__김소희_260721_제과_김수정,663,21,16831.0,2
2026-07-24,[제과_콘스프맛 팝콘] 26.05_콘스프맛팝콘출시_수동_전환_video,네고형_콘스프맛_(통합),[26.05]F_V_PC콘_전환_콘스프맛팝콘출시_네고형_공구네고형_main.릴스_공통.(연)강민경.고현정.슬기.X_4C_박현지_260515_1T_강경연,8928,216,78408.0,5
2026-07-24,(마스터ASC)[제과_블트하] 26.07_블트깡출시_ASC_전환_image,(마스터ASC)[제과_블트하] 26.07_블트깡출시_ASC_전환_image,[26.07]F_I_BT깡_전환_블트깡출시_바이럴형_KR1_.배너_일반특정집단.맘카페재구매인증.검증__김소희_260715_제과_김수정,1,0,5.0,0
2026-07-24,(마스터ASC)[제과_블트하] 26.07_블트깡출시_ASC_전환_image,(마스터ASC)[제과_블트하] 26.07_블트깡출시_ASC_전환_image,[26.07]F_I_BT깡_전환_블트깡출시__KR1_.배너_공지문.제품력.확장__김소희_260721_제과_김수정,313,8,9266.0,1
2026-07-24,(마스터ASC)[제과_블트하] 26.07_블트깡출시_ASC_전환_video,(마스터ASC)[제과_블트하] 26.07_블트깡출시_ASC_전환_video,[26.07]F_V_BT깡_전환_블트깡출시_취식강조형_먹방.KR2_var2.릴스_와인페어링.X_2P_김소희_260724_제과_이미진,91,3,1401.0,0
2026-07-25,(마스터ASC)[제과_블트하] 26.07_블트깡출시_ASC_전환_image,(마스터ASC)[제과_블트하] 26.07_블트깡출시_ASC_전환_image,[26.07]F_I_BT깡_전환_블트깡출시__KR1_.배너_공지문.제품력.확장__김소희_260721_제과_김수정,68,2,1660.0,0
2026-07-25,(마스터ASC)[제과_블트하] 26.07_블트깡출시_ASC_전환_video,(마스터ASC)[제과_블트하] 26.07_블트깡출시_ASC_전환_video,[26.07]F_V_BT깡_전환_블트깡출시_취식강조형_먹방.KR2_var2.릴스_와인페어링.X_2P_김소희_260724_제과_이미진,657,18,16039.0,0
2026-07-26,(마스터ASC)[제과_블트하] 26.07_블트깡출시_ASC_전환_image,(마스터ASC)[제과_블트하] 26.07_블트깡출시_ASC_전환_image,[26.07]F_I_BT깡_전환_블트깡출시__KR1_.배너_공지문.제품력.확장__김소희_260721_제과_김수정,1762,48,58353.0,3
2026-07-26,(마스터ASC)[제과_블트하] 26.07_블트깡출시_ASC_전환_video,(마스터ASC)[제과_블트하] 26.07_블트깡출시_ASC_전환_video,[26.07]F_V_BT깡_전환_블트깡출시_취식강조형_먹방.KR2_var2.릴스_와인페어링.X_2P_김소희_260724_제과_이미진,408,2,10213.0,1
2026-07-27,(마스터ASC)[제과_블트하] 26.07_블트깡출시_ASC_전환_image,(마스터ASC)[제과_블트하] 26.07_블트깡출시_ASC_전환_image,[26.07]F_I_BT깡_전환_블트깡출시__KR1_.배너_공지문.제품력.확장__김소희_260721_제과_김수정,4119,114,120926.0,16
2026-07-27,(마스터ASC)[제과_블트하] 26.07_블트깡출시_ASC_전환_video,(마스터ASC)[제과_블트하] 26.07_블트깡출시_ASC_전환_video,[26.07]F_V_BT깡_전환_블트깡출시_취식강조형_먹방.KR2_var2.릴스_와인페어링.X_2P_김소희_260724_제과_이미진,367,5,6301.0,1
2026-07-27,[칩] (마스터ASC)[제과_블트하] 26.07_블트칩출시_ASC_전환_image,[칩] (마스터ASC)[제과_블트하] 26.07_블트칩출시_ASC_전환_image,[26.07]F_I_BT혼_전환_블트칩출시_혜택강조형_KR2_.피드_주변인.친구.확장__김소희_260727_제과_박지현,12,0,508.0,0
2026-07-28,(마스터ASC)[제과_블트하] 26.07_블트깡출시_ASC_전환_image,(마스터ASC)[제과_블트하] 26.07_블트깡출시_ASC_전환_image,[26.07]F_I_BT깡_전환_블트깡출시__KR1_.배너_공지문.제품력.확장__김소희_260721_제과_김수정,1554,39,46595.0,1
2026-07-28,(마스터ASC)[제과_블트하] 26.07_블트깡출시_ASC_전환_video,(마스터ASC)[제과_블트하] 26.07_블트깡출시_ASC_전환_video,[26.07]F_V_BT깡_전환_블트깡출시_취식강조형_먹방.KR2_var2.릴스_와인페어링.X_2P_김소희_260724_제과_이미진,1642,21,35132.0,2
2026-07-28,[칩] (마스터ASC)[제과_블트하] 26.07_블트칩출시_ASC_전환_image,[칩] (마스터ASC)[제과_블트하] 26.07_블트칩출시_ASC_전환_image,[26.07]F_I_BT혼_전환_블트칩출시_혜택강조형_KR2_.피드_주변인.친구.확장__김소희_260727_제과_박지현,11,0,263.0,0
2026-07-03,(미사용) [제과_단백질 쉐이크] 26.06_단백질쉐이크출시_ASC_전환_image,[제과_단백질 쉐이크] 26.06_단백질쉐이크출시_ASC_전환_image,[26.07]F_I_SK초_전환_단백질쉐이크출시_혜택강조형_가격메리트_.배너_가성비페인포인트.먹은것같지않음씹어먹는.확장__이유빈_260702_제과_김수정,27,0,596.0,0
2026-07-04,(미사용) [제과_단백질 쉐이크] 26.06_단백질쉐이크출시_ASC_전환_image,[제과_단백질 쉐이크] 26.06_단백질쉐이크출시_ASC_전환_image,[26.07]F_I_SK초_전환_단백질쉐이크출시_혜택강조형_가격메리트_.배너_가성비페인포인트.먹은것같지않음씹어먹는.확장__이유빈_260702_제과_김수정,7,0,278.0,0
2026-07-07,(미사용) [제과_단백질 쉐이크] 26.06_단백질쉐이크출시_ASC_전환_image,[제과_단백질 쉐이크] 26.06_단백질쉐이크출시_ASC_전환_image,[26.07]F_I_SK초_전환_단백질쉐이크출시_혜택강조형_가격메리트_.배너_가성비페인포인트.먹은것같지않음씹어먹는.확장__이유빈_260702_제과_김수정,177,4,5355.0,0
2026-07-08,(미사용) [제과_단백질 쉐이크] 26.06_단백질쉐이크출시_ASC_전환_image,[제과_단백질 쉐이크] 26.06_단백질쉐이크출시_ASC_전환_image,[26.07]F_I_SK초_전환_단백질쉐이크출시_혜택강조형_가격메리트_.배너_가성비페인포인트.먹은것같지않음씹어먹는.확장__이유빈_260702_제과_김수정,64,2,2128.0,0
2026-07-08,[제과_단백질 쉐이크] 26.06_단백질쉐이크출시_ASC_전환_video,[제과_단백질 쉐이크] 26.06_단백질쉐이크출시_ASC_전환_video,[26.07]F_V_SK혼_전환_단백질쉐이크출시_네고형_역네고형_main.릴스_가격강조아몬드스윗삭제.(재)_2P_이유빈_260707_제과_이미진,663,31,11622.0,0
2026-07-09,(미사용) [제과_단백질 쉐이크] 26.06_단백질쉐이크출시_ASC_전환_image,[제과_단백질 쉐이크] 26.06_단백질쉐이크출시_ASC_전환_image,[26.07]F_I_SK초_전환_단백질쉐이크출시_혜택강조형_가격메리트_.배너_가성비페인포인트.먹은것같지않음씹어먹는.확장__이유빈_260702_제과_김수정,292,7,9080.0,1
2026-07-09,[제과_단백질 쉐이크] 26.06_단백질쉐이크출시_ASC_전환_video,[제과_단백질 쉐이크] 26.06_단백질쉐이크출시_ASC_전환_video,[26.07]F_V_SK혼_전환_단백질쉐이크출시_네고형_역네고형_main.릴스_가격강조아몬드스윗삭제.(재)_2P_이유빈_260707_제과_이미진,1194,25,14991.0,1
2026-07-10,[제과_단백질 쉐이크] 26.06_단백질쉐이크출시_ASC_전환_video,[제과_단백질 쉐이크] 26.06_단백질쉐이크출시_ASC_전환_video,[26.07]F_V_SK혼_전환_단백질쉐이크출시_네고형_역네고형_main.릴스_가격강조아몬드스윗삭제.(재)_2P_이유빈_260707_제과_이미진,969,27,10719.0,1
2026-07-14,(마스터2) [제과_단백질 쉐이크] 26.07_단백질쉐이크출시_ASC_전환_image,(마스터2) [제과_단백질 쉐이크] 26.07_단백질쉐이크출시_ASC_전환_image,[26.07]F_I_SK혼_전환_단백질쉐이크출시_혜택강조형_파우치.개당가강조_.배너_대용량페포.가격강조.확장__이유빈_260707_제과_김수정,287,5,6936.0,1
2026-07-14,[제과_단백질 쉐이크] 26.06_단백질쉐이크출시_수동_전환_image,최저가비교_0713,[26.07]F_I_SK혼_전환_단백질쉐이크출시_혜택강조형_개당최저가비교_.배너_올영보다싸다.1천원대.핑크박스 .확장__이유빈_260713_제과_문다현,2402,68,49399.0,6
2026-07-15,[제과_단백질 쉐이크] 26.06_단백질쉐이크출시_수동_전환_image,최저가비교_0713,[26.07]F_I_SK혼_전환_단백질쉐이크출시_혜택강조형_개당최저가비교_.배너_올영보다싸다.1천원대.핑크박스 .확장__이유빈_260713_제과_문다현,4286,123,84628.0,7
2026-07-16,[제과_단백질 쉐이크] 26.06_단백질쉐이크출시_수동_전환_image,최저가비교_0713,[26.07]F_I_SK혼_전환_단백질쉐이크출시_혜택강조형_개당최저가비교_.배너_올영보다싸다.1천원대.핑크박스 .확장__이유빈_260713_제과_문다현,479,13,9140.0,1
2026-07-16,(마스터ASC)[제과_블트하] 26.07_블트깡출시_ASC_전환_video,(마스터ASC)[제과_블트하] 26.07_블트깡출시_ASC_전환_video,[26.07]F_V_BT깡_전환_블트깡출시_신규BP_브릭샌드BP.KR1_var1.릴스_창고형마트.X_2P_김소희_260715_제과_윤성미,13,0,248.0,0
2026-07-16,(마스터ASC)[제과_블트하] 26.07_블트깡출시_ASC_전환_image,(마스터ASC)[제과_블트하] 26.07_블트깡출시_ASC_전환_image,[26.07]F_I_BT깡_전환_블트깡출시_바이럴형_KR1_.배너_일반특정집단.회사에서몰래먹다가.검증__김소희_260715_제과_김수정,273,6,7733.0,1
2026-07-16,[제과_단백질 쉐이크] 26.06_단백질쉐이크출시_수동_전환_image,올영최저가비교_0715,[26.07]F_I_SK혼_전환_단백질쉐이크출시_혜택강조형_올영최저가비교_.배너_급구.올영보다싸다.확장__이유빈_260715_제과_문다현,313,10,10893.0,1
2026-07-17,(마스터ASC)[제과_블트하] 26.07_블트깡출시_ASC_전환_video,(마스터ASC)[제과_블트하] 26.07_블트깡출시_ASC_전환_video,[26.07]F_V_BT깡_전환_블트깡출시_신규BP_브릭샌드BP.KR1_var1.릴스_창고형마트.X_2P_김소희_260715_제과_윤성미,1,0,3.0,0
2026-07-17,[제과_블트하] 26.07_블트깡출시_수동_전환_video_전체타겟,에어프라이기BP_블트깡출시 (KR1),[26.07]F_V_BT깡_전환_블트깡출시_인물리뷰형_에어프라이기BP.KR1_var4.릴스_맥주.슬기.X_1P_최나영_260716_제과_피재은,253,5,6758.0,0
2026-07-20,(마스터ASC)[제과_블트하] 26.07_블트깡출시_ASC_전환_video,(마스터ASC)[제과_블트하] 26.07_블트깡출시_ASC_전환_video,[26.07]F_V_BT깡_전환_블트깡출시_신규BP_브릭샌드BP.KR1_var1.릴스_창고형마트.X_2P_김소희_260715_제과_윤성미,13,0,491.0,0
2026-07-21,(마스터ASC)[제과_블트하] 26.07_블트깡출시_ASC_전환_video,(마스터ASC)[제과_블트하] 26.07_블트깡출시_ASC_전환_video,[26.07]F_V_BT깡_전환_블트깡출시_신규BP_브릭샌드BP.KR1_var1.릴스_창고형마트.X_2P_김소희_260715_제과_윤성미,18,1,309.0,0
2026-07-21,[제과_블트하] 26.07_블트깡출시_수동_전환_video_전체타겟,브릭색드&맥주BP_블트깡출시 (KR1),[26.07]F_V_BT깡_전환_블트깡출시_인물리뷰형_맥주BP.KR1_var2.릴스_대세감.슬기.X_1P_최나영_260721_제과_피재은,73,2,1327.0,1
2026-07-22,(마스터ASC)[제과_블트하] 26.07_블트깡출시_ASC_전환_video,(마스터ASC)[제과_블트하] 26.07_블트깡출시_ASC_전환_video,[26.07]F_V_BT깡_전환_블트깡출시_신규BP_브릭샌드BP.KR1_var1.릴스_창고형마트.X_2P_김소희_260715_제과_윤성미,7,0,126.0,1
2026-07-22,[제과_블트하] 26.07_블트깡출시_수동_전환_video_전체타겟,브릭색드&맥주BP_블트깡출시 (KR1),[26.07]F_V_BT깡_전환_블트깡출시_인물리뷰형_맥주BP.KR1_var2.릴스_대세감.슬기.X_1P_최나영_260721_제과_피재은,13,2,272.0,1
2026-07-22,[제과_콘스프맛 팝콘] 26.05_콘스프맛팝콘출시_수동_전환_video,문제공감형(운동.페인포인트)_0721,[26.07]F_V_PC콘_전환_콘스프맛팝콘출시_문제공감형_문제공감네고형_var5.릴스_유명인.X_2P_이유빈_260721_제과_이봄1,626,13,10972.0,2
2026-07-22,(마스터ASC)[제과_블트하] 26.07_블트깡출시_ASC_전환_image,(마스터ASC)[제과_블트하] 26.07_블트깡출시_ASC_전환_image,[26.07]F_I_BT깡_전환_블트깡출시__KR1_.배너_공지문.창고형마트대세감.확장__김소희_260721_제과_김수정,740,35,16105.0,3
2026-07-22,[칩] (마스터ASC)[제과_블트하] 26.07_블트칩출시_ASC_전환_image,[칩] (마스터ASC)[제과_블트하] 26.07_블트칩출시_ASC_전환_image,[26.07]F_I_BT칩_전환_블트칩출시_혜택강조형_KR2_.배너_파인다이닝에서쓰는.지면테스트..검증__김소희_260722_제과_박서연,10,1,530.0,0
2026-07-23,[제과_콘스프맛 팝콘] 26.05_콘스프맛팝콘출시_수동_전환_video,문제공감형(운동.페인포인트)_0721,[26.07]F_V_PC콘_전환_콘스프맛팝콘출시_문제공감형_문제공감네고형_var5.릴스_유명인.X_2P_이유빈_260721_제과_이봄1,47,0,1210.0,0
2026-07-23,(마스터ASC)[제과_블트하] 26.07_블트깡출시_ASC_전환_image,(마스터ASC)[제과_블트하] 26.07_블트깡출시_ASC_전환_image,[26.07]F_I_BT깡_전환_블트깡출시__KR1_.배너_공지문.창고형마트대세감.확장__김소희_260721_제과_김수정,1453,39,31677.0,5
2026-07-23,[칩] (마스터ASC)[제과_블트하] 26.07_블트칩출시_ASC_전환_image,[칩] (마스터ASC)[제과_블트하] 26.07_블트칩출시_ASC_전환_image,[26.07]F_I_BT칩_전환_블트칩출시_혜택강조형_KR2_.배너_파인다이닝에서쓰는.지면테스트..검증__김소희_260722_제과_박서연,7,0,397.0,0
2026-07-24,[제과_콘스프맛 팝콘] 26.05_콘스프맛팝콘출시_수동_전환_video,문제공감형(운동.페인포인트)_0721,[26.07]F_V_PC콘_전환_콘스프맛팝콘출시_문제공감형_문제공감네고형_var5.릴스_유명인.X_2P_이유빈_260721_제과_이봄1,1300,14,15961.0,0
2026-07-24,(마스터ASC)[제과_블트하] 26.07_블트깡출시_ASC_전환_image,(마스터ASC)[제과_블트하] 26.07_블트깡출시_ASC_전환_image,[26.07]F_I_BT깡_전환_블트깡출시__KR1_.배너_공지문.창고형마트대세감.확장__김소희_260721_제과_김수정,33,2,713.0,0
2026-07-24,[제과_블트하] 26.07_블트깡출시_수동_전환_image_전체타겟,(칩) 맘카페&혜택강조형_블트칩출시 (0723),[26.07]F_I_BT칩_전환_블트칩출시_혜택강조형_KR1_.배너_7일만할인해요.확장__김소희_260723_제과_박서연,440,13,13267.0,0
2026-07-25,(마스터ASC)[제과_블트하] 26.07_블트깡출시_ASC_전환_image,(마스터ASC)[제과_블트하] 26.07_블트깡출시_ASC_전환_image,[26.07]F_I_BT깡_전환_블트깡출시__KR1_.배너_공지문.창고형마트대세감.확장__김소희_260721_제과_김수정,87,1,2058.0,0
2026-07-25,[칩] (마스터ASC)[제과_블트하] 26.07_블트칩출시_ASC_전환_image,[칩] (마스터ASC)[제과_블트하] 26.07_블트칩출시_ASC_전환_image,[26.07]F_I_BT칩_전환_블트칩출시_혜택강조형_KR2_.배너_파인다이닝에서쓰는.지면테스트..검증__김소희_260722_제과_박서연,1,0,10.0,0
2026-07-25,[제과_블트하] 26.07_블트깡출시_수동_전환_image_전체타겟,(칩) 맘카페&혜택강조형_블트칩출시 (0723),[26.07]F_I_BT칩_전환_블트칩출시_혜택강조형_KR1_.배너_7일만할인해요.확장__김소희_260723_제과_박서연,359,7,11826.0,0
2026-07-26,(마스터ASC)[제과_블트하] 26.07_블트깡출시_ASC_전환_image,(마스터ASC)[제과_블트하] 26.07_블트깡출시_ASC_전환_image,[26.07]F_I_BT깡_전환_블트깡출시__KR1_.배너_공지문.창고형마트대세감.확장__김소희_260721_제과_김수정,5522,165,171839.0,16
2026-07-27,(마스터ASC)[제과_블트하] 26.07_블트깡출시_ASC_전환_image,(마스터ASC)[제과_블트하] 26.07_블트깡출시_ASC_전환_image,[26.07]F_I_BT깡_전환_블트깡출시__KR1_.배너_공지문.창고형마트대세감.확장__김소희_260721_제과_김수정,5036,97,163266.0,10
2026-07-27,[제과_블트하] 26.07_블트깡출시_수동_전환_image_전체타겟,[혼합] 주변인 상황연출_블트칩출시 (KR2) (0727),[26.07]F_I_BT칩_전환_블트칩출시_혜택강조형_KR2_.피드_주변인.깐깐한시어머니.확장__김소희_260727_제과_박서연,22,0,699.0,0
2026-07-28,[제과_콘스프맛 팝콘] 26.05_콘스프맛팝콘출시_수동_전환_video,문제공감형(운동.페인포인트)_0721,[26.07]F_V_PC콘_전환_콘스프맛팝콘출시_문제공감형_문제공감네고형_var5.릴스_유명인.X_2P_이유빈_260721_제과_이봄1,440,15,8857.0,1
2026-07-28,(마스터ASC)[제과_블트하] 26.07_블트깡출시_ASC_전환_image,(마스터ASC)[제과_블트하] 26.07_블트깡출시_ASC_전환_image,[26.07]F_I_BT깡_전환_블트깡출시__KR1_.배너_공지문.창고형마트대세감.확장__김소희_260721_제과_김수정,298,8,8597.0,1
2026-07-28,[제과_블트하] 26.07_블트깡출시_수동_전환_image_전체타겟,[혼합] 주변인 상황연출_블트칩출시 (KR2) (0727),[26.07]F_I_BT칩_전환_블트칩출시_혜택강조형_KR2_.피드_주변인.깐깐한시어머니.확장__김소희_260727_제과_박서연,267,6,6339.0,0
2026-07-28,[제과_블트하] 26.07_블트깡출시_수동_전환_image_전체타겟,주변인인정_블트칩출시 (KR2) (0728),[26.07]F_I_BT칩_전환_블트칩출시_혜택강조형_KR2_.피드_이번주가가장싼데왜나중에사세요?.확장__김소희_260728_제과_박서연,2,0,23.0,0
2026-07-01,[콘스프맛 팝콘] 26.05_콘스프맛팝콘출시_ASC_전환_image (old),[콘스프맛 팝콘] 26.05_콘스프맛팝콘출시_ASC_전환_image (old),[26.06]F_I_PC혼_전환_팝콘더블특가_혜택강조형_다이어트_.배너_메세지테스트.51%.패키지박스.__김소희_260626_제과_김수정,16,0,224.0,0
2026-07-02,(마스터ASC)[제과_콘스프맛 팝콘] 26.05_콘스프맛팝콘출시_ASC_전환_video,(마스터ASC)[콘스프맛 팝콘] 26.05_콘스프맛팝콘출시_ASC_전환_video,[26.07]F_V_PC콘_전환_팝콘할인페스타_네고형_공구네고형.다이어트_main.릴스_메인.슬기.X_1P_김소희_260702_제과_강경연,109,1,1727.0,0
2026-07-03,(마스터ASC)[제과_콘스프맛 팝콘] 26.05_콘스프맛팝콘출시_ASC_전환_video,(마스터ASC)[콘스프맛 팝콘] 26.05_콘스프맛팝콘출시_ASC_전환_video,[26.07]F_V_PC콘_전환_팝콘할인페스타_네고형_공구네고형.다이어트_main.릴스_메인.슬기.X_1P_김소희_260702_제과_강경연,2,0,54.0,0
2026-07-04,(마스터ASC)[제과_콘스프맛 팝콘] 26.05_콘스프맛팝콘출시_ASC_전환_video,(마스터ASC)[콘스프맛 팝콘] 26.05_콘스프맛팝콘출시_ASC_전환_video,[26.07]F_V_PC콘_전환_팝콘할인페스타_네고형_공구네고형.다이어트_main.릴스_메인.슬기.X_1P_김소희_260702_제과_강경연,2,0,20.0,0
2026-07-04,[제과_단백질 쉐이크] 26.06_단백질쉐이크출시_수동_전환_video,전화네고형_0702,[26.07]F_V_SK곡_전환_단백질쉐이크출시_네고형_전화네고형_var2.릴스_1천원대.X_2P_이유빈_260703_제과_윤성미,1432,63,29050.0,4
2026-07-05,(마스터ASC)[제과_콘스프맛 팝콘] 26.05_콘스프맛팝콘출시_ASC_전환_video,(마스터ASC)[콘스프맛 팝콘] 26.05_콘스프맛팝콘출시_ASC_전환_video,[26.07]F_V_PC콘_전환_팝콘할인페스타_네고형_공구네고형.다이어트_main.릴스_메인.슬기.X_1P_김소희_260702_제과_강경연,1,0,4.0,0
2026-07-05,[제과_단백질 쉐이크] 26.06_단백질쉐이크출시_수동_전환_video,전화네고형_0702,[26.07]F_V_SK곡_전환_단백질쉐이크출시_네고형_전화네고형_var2.릴스_1천원대.X_2P_이유빈_260703_제과_윤성미,4200,210,100984.0,28
2026-07-06,[제과_단백질 쉐이크] 26.06_단백질쉐이크출시_수동_전환_video,전화네고형_0702,[26.07]F_V_SK곡_전환_단백질쉐이크출시_네고형_전화네고형_var2.릴스_1천원대.X_2P_이유빈_260703_제과_윤성미,1032,45,23147.0,3
2026-07-07,(마스터ASC)[제과_콘스프맛 팝콘] 26.05_콘스프맛팝콘출시_ASC_전환_video,(마스터ASC)[콘스프맛 팝콘] 26.05_콘스프맛팝콘출시_ASC_전환_video,[26.07]F_V_PC콘_전환_팝콘할인페스타_네고형_공구네고형.다이어트_main.릴스_메인.슬기.X_1P_김소희_260702_제과_강경연,1,0,13.0,0
2026-07-07,(마스터ASC)[제과_콘스프맛 팝콘] 26.07_콘스프맛팝콘출시_ASC_전환_image (NEW),(마스터ASC)[콘스프맛 팝콘] 26.07_콘스프맛팝콘출시_ASC_전환_image (NEW),[26.07]F_I_PC혼_전환_팝콘할인페스타_혜택강조형_다이어트_.배너_요요없는.시즈닝팍팍.죄책감없는.마감임박.확장__김소희_260706_제과_문다현,374,4,6757.0,1
2026-07-09,(마스터2) [제과_단백질 쉐이크] 26.07_단백질쉐이크출시_ASC_전환_image,(마스터2) [제과_단백질 쉐이크] 26.07_단백질쉐이크출시_ASC_전환_image,[26.07]F_I_SK혼_전환_단백질쉐이크출시_매거진형_파우치.개당가강조_.배너_가격페인포인트.핫딜검색고생.검증__이유빈_260709_제과_문다현,33,3,1011.0,0
2026-07-10,[제과_단백질 쉐이크] 26.06_단백질쉐이크출시_수동_전환_image,파우치개당가강조(2)_0709,[26.07]F_I_SK혼_전환_단백질쉐이크출시_매거진형_파우치.개당가강조_.배너_가격페인포인트.최저가찾기지친다.검증__이유빈_260709_제과_문다현,19,1,333.0,0
2026-07-10,(마스터2) [제과_단백질 쉐이크] 26.07_단백질쉐이크출시_ASC_전환_image,(마스터2) [제과_단백질 쉐이크] 26.07_단백질쉐이크출시_ASC_전환_image,[26.07]F_I_SK혼_전환_단백질쉐이크출시_매거진형_파우치.개당가강조_.배너_가격페인포인트.핫딜검색고생.검증__이유빈_260709_제과_문다현,85,1,3131.0,0
2026-07-10,[제과_단백질 쉐이크] 26.06_단백질쉐이크출시_수동_전환_video,고객상황형_0710,[26.07]F_V_SK혼_전환_단백질쉐이크출시_신규BP_고객검증형.파우치.개당가강조_main.릴스_통단쉐귀찮음.X_2P_이유빈_260710_제과_이미진,122,2,1973.0,0
2026-07-11,[제과_단백질 쉐이크] 26.06_단백질쉐이크출시_수동_전환_image,파우치개당가강조(2)_0709,[26.07]F_I_SK혼_전환_단백질쉐이크출시_매거진형_파우치.개당가강조_.배너_가격페인포인트.최저가찾기지친다.검증__이유빈_260709_제과_문다현,52,1,1285.0,0
2026-07-11,(마스터ASC)[제과_콘스프맛 팝콘] 26.07_콘스프맛팝콘출시_ASC_전환_image (NEW),(마스터ASC)[콘스프맛 팝콘] 26.07_콘스프맛팝콘출시_ASC_전환_image (NEW),[26.07]F_I_PC혼_전환_콘스프맛팝콘출시_혜택강조형__.배너_곧최저가마감.45프로할인.확장__김소희_260710_제과_김수정,71,3,1414.0,0
2026-07-11,[제과_단백질 쉐이크] 26.06_단백질쉐이크출시_수동_전환_video,고객상황형_0710,[26.07]F_V_SK혼_전환_단백질쉐이크출시_신규BP_고객검증형.파우치.개당가강조_main.릴스_통단쉐귀찮음.X_2P_이유빈_260710_제과_이미진,2852,51,49256.0,4
2026-07-12,(마스터ASC)[제과_콘스프맛 팝콘] 26.05_콘스프맛팝콘출시_ASC_전환_video,(마스터ASC)[콘스프맛 팝콘] 26.05_콘스프맛팝콘출시_ASC_전환_video,[26.07]F_V_PC콘_전환_팝콘할인페스타_네고형_공구네고형.다이어트_main.릴스_메인.슬기.X_1P_김소희_260702_제과_강경연,7,0,51.0,0
2026-07-12,[제과_단백질 쉐이크] 26.06_단백질쉐이크출시_수동_전환_image,파우치개당가강조(2)_0709,[26.07]F_I_SK혼_전환_단백질쉐이크출시_매거진형_파우치.개당가강조_.배너_가격페인포인트.최저가찾기지친다.검증__이유빈_260709_제과_문다현,20,0,224.0,0
2026-07-12,(마스터ASC)[제과_콘스프맛 팝콘] 26.07_콘스프맛팝콘출시_ASC_전환_image (NEW),(마스터ASC)[콘스프맛 팝콘] 26.07_콘스프맛팝콘출시_ASC_전환_image (NEW),[26.07]F_I_PC혼_전환_콘스프맛팝콘출시_혜택강조형__.배너_곧최저가마감.45프로할인.확장__김소희_260710_제과_김수정,84,0,1403.0,0
2026-07-13,[제과_단백질 쉐이크] 26.06_단백질쉐이크출시_수동_전환_image,파우치개당가강조(2)_0709,[26.07]F_I_SK혼_전환_단백질쉐이크출시_매거진형_파우치.개당가강조_.배너_가격페인포인트.최저가찾기지친다.검증__이유빈_260709_제과_문다현,4167,91,82465.0,7
2026-07-13,(마스터ASC)[제과_콘스프맛 팝콘] 26.07_콘스프맛팝콘출시_ASC_전환_image (NEW),(마스터ASC)[콘스프맛 팝콘] 26.07_콘스프맛팝콘출시_ASC_전환_image (NEW),[26.07]F_I_PC혼_전환_콘스프맛팝콘출시_혜택강조형__.배너_곧최저가마감.45프로할인.확장__김소희_260710_제과_김수정,18,0,458.0,0
2026-07-15,(마스터ASC)[제과_콘스프맛 팝콘] 26.05_콘스프맛팝콘출시_ASC_전환_video,(마스터ASC)[콘스프맛 팝콘] 26.05_콘스프맛팝콘출시_ASC_전환_video,[26.07]F_V_PC콘_전환_팝콘할인페스타_네고형_공구네고형.다이어트_main.릴스_메인.슬기.X_1P_김소희_260702_제과_강경연,14,1,159.0,0
2026-07-15,(마스터ASC)[제과_콘스프맛 팝콘] 26.07_콘스프맛팝콘출시_ASC_전환_image (NEW),(마스터ASC)[콘스프맛 팝콘] 26.07_콘스프맛팝콘출시_ASC_전환_image (NEW),[26.07]F_I_PC혼_전환_콘스프맛팝콘출시_혜택강조형__.배너_곧최저가마감.45프로할인.확장__김소희_260710_제과_김수정,2,0,6.0,0
2026-07-15,[제과_블트하] 26.07_블트깡출시_수동_전환_image_전체타겟,3040대세감_블트깡출시 (KR1),[26.07]F_I_BT깡_전환_블트깡출시_혜택강조형_혜택강조형_.배너_18000-_개당천원대.7일만할인해요.검증__김소희_260715_제과_박서연,258,9,4819.0,3
2026-07-15,[제과_블트하] 26.07_블트깡출시_수동_전환_image_전체타겟,원산지권위추가건_블트깡출시 (KR2),[26.07]F_I_BT깡_전환_블트깡출시_혜택강조형_KR2_.배너_원산지권위.원가진짜비싸다는.검증__김소희_260715_제과_김수정,99,0,2088.0,0
2026-07-16,[제과_블트하] 26.07_블트깡출시_수동_전환_image_전체타겟,3040대세감_블트깡출시 (KR1),[26.07]F_I_BT깡_전환_블트깡출시_혜택강조형_혜택강조형_.배너_18000-_개당천원대.7일만할인해요.검증__김소희_260715_제과_박서연,3116,85,68480.0,13
2026-07-16,[제과_블트하] 26.07_블트깡출시_수동_전환_image_전체타겟,원산지권위추가건_블트깡출시 (KR2),[26.07]F_I_BT깡_전환_블트깡출시_혜택강조형_KR2_.배너_원산지권위.원가진짜비싸다는.검증__김소희_260715_제과_김수정,166,2,4398.0,0
2026-07-17,(마스터ASC)[제과_콘스프맛 팝콘] 26.05_콘스프맛팝콘출시_ASC_전환_video,(마스터ASC)[콘스프맛 팝콘] 26.05_콘스프맛팝콘출시_ASC_전환_video,[26.07]F_V_PC콘_전환_팝콘할인페스타_네고형_공구네고형.다이어트_main.릴스_메인.슬기.X_1P_김소희_260702_제과_강경연,37,0,772.0,0
2026-07-17,[제과_블트하] 26.07_블트깡출시_수동_전환_image_전체타겟,3040대세감_블트깡출시 (KR1),[26.07]F_I_BT깡_전환_블트깡출시_혜택강조형_혜택강조형_.배너_18000-_개당천원대.7일만할인해요.검증__김소희_260715_제과_박서연,913,24,26231.0,5
2026-07-17,[제과_블트하] 26.07_블트깡출시_수동_전환_image_전체타겟,원산지권위추가건_블트깡출시 (KR2),[26.07]F_I_BT깡_전환_블트깡출시_혜택강조형_KR2_.배너_원산지권위.원가진짜비싸다는.검증__김소희_260715_제과_김수정,2,0,109.0,0
2026-07-18,[제과_블트하] 26.07_블트깡출시_수동_전환_image_전체타겟,3040대세감_블트깡출시 (KR1),[26.07]F_I_BT깡_전환_블트깡출시_혜택강조형_혜택강조형_.배너_18000-_개당천원대.7일만할인해요.검증__김소희_260715_제과_박서연,861,29,22318.0,5
2026-07-19,[제과_블트하] 26.07_블트깡출시_수동_전환_image_전체타겟,원산지권위추가건_블트깡출시 (KR2),[26.07]F_I_BT깡_전환_블트깡출시_혜택강조형_KR2_.배너_원산지권위.원가진짜비싸다는.검증__김소희_260715_제과_김수정,2,0,70.0,0
2026-07-20,(마스터ASC)[제과_콘스프맛 팝콘] 26.05_콘스프맛팝콘출시_ASC_전환_video,(마스터ASC)[콘스프맛 팝콘] 26.05_콘스프맛팝콘출시_ASC_전환_video,[26.07]F_V_PC콘_전환_팝콘할인페스타_네고형_공구네고형.다이어트_main.릴스_메인.슬기.X_1P_김소희_260702_제과_강경연,2319,52,30237.0,5
2026-07-21,(마스터ASC)[제과_콘스프맛 팝콘] 26.05_콘스프맛팝콘출시_ASC_전환_video,(마스터ASC)[콘스프맛 팝콘] 26.05_콘스프맛팝콘출시_ASC_전환_video,[26.07]F_V_PC콘_전환_팝콘할인페스타_네고형_공구네고형.다이어트_main.릴스_메인.슬기.X_1P_김소희_260702_제과_강경연,13182,273,144630.0,31
2026-07-22,(마스터ASC)[제과_콘스프맛 팝콘] 26.05_콘스프맛팝콘출시_ASC_전환_video,(마스터ASC)[콘스프맛 팝콘] 26.05_콘스프맛팝콘출시_ASC_전환_video,[26.07]F_V_PC콘_전환_팝콘할인페스타_네고형_공구네고형.다이어트_main.릴스_메인.슬기.X_1P_김소희_260702_제과_강경연,18911,355,170909.0,38
2026-07-22,[칩] (마스터ASC)[제과_블트하] 26.07_블트칩출시_ASC_전환_image,[칩] (마스터ASC)[제과_블트하] 26.07_블트칩출시_ASC_전환_image,[26.07]F_I_BT칩_전환_블트칩출시_바이럴형_KR1_.배너_맘카페페르소나.지면테스트.재입고만기다린다는.검증__김소희_260722_제과_김수정,11,0,263.0,0
2026-07-23,(마스터ASC)[제과_콘스프맛 팝콘] 26.05_콘스프맛팝콘출시_ASC_전환_video,(마스터ASC)[콘스프맛 팝콘] 26.05_콘스프맛팝콘출시_ASC_전환_video,[26.07]F_V_PC콘_전환_팝콘할인페스타_네고형_공구네고형.다이어트_main.릴스_메인.슬기.X_1P_김소희_260702_제과_강경연,2675,48,30496.0,4
2026-07-23,[칩] (마스터ASC)[제과_블트하] 26.07_블트칩출시_ASC_전환_image,[칩] (마스터ASC)[제과_블트하] 26.07_블트칩출시_ASC_전환_image,[26.07]F_I_BT칩_전환_블트칩출시_바이럴형_KR1_.배너_맘카페페르소나.지면테스트.재입고만기다린다는.검증__김소희_260722_제과_김수정,1,0,62.0,0
2026-07-23,[제과_블트하] 26.07_블트깡출시_수동_전환_image_전체타겟,(칩)맘카페캐러셀_블트칩출시 (KR1),[26.07]F_I_BT칩_전환_블트칩출시_매거진형_KR1_.배너_입맛깐깐에르메스급.확장__김소희_260722_제과_김수정,81,1,1120.0,0
2026-07-24,(마스터ASC)[제과_콘스프맛 팝콘] 26.05_콘스프맛팝콘출시_ASC_전환_video,(마스터ASC)[콘스프맛 팝콘] 26.05_콘스프맛팝콘출시_ASC_전환_video,[26.07]F_V_PC콘_전환_팝콘할인페스타_네고형_공구네고형.다이어트_main.릴스_메인.슬기.X_1P_김소희_260702_제과_강경연,810,11,10249.0,0
2026-07-24,[제과_블트하] 26.07_블트깡출시_수동_전환_image_전체타겟,(칩)맘카페캐러셀_블트칩출시 (KR1),[26.07]F_I_BT칩_전환_블트칩출시_매거진형_KR1_.배너_입맛깐깐에르메스급.확장__김소희_260722_제과_김수정,14,1,252.0,0
2026-07-25,(마스터ASC)[제과_콘스프맛 팝콘] 26.05_콘스프맛팝콘출시_ASC_전환_video,(마스터ASC)[콘스프맛 팝콘] 26.05_콘스프맛팝콘출시_ASC_전환_video,[26.07]F_V_PC콘_전환_팝콘할인페스타_네고형_공구네고형.다이어트_main.릴스_메인.슬기.X_1P_김소희_260702_제과_강경연,3144,31,42195.0,1
2026-07-25,[제과_블트하] 26.07_블트깡출시_수동_전환_image_전체타겟,(칩)맘카페캐러셀_블트칩출시 (KR1),[26.07]F_I_BT칩_전환_블트칩출시_매거진형_KR1_.배너_입맛깐깐에르메스급.확장__김소희_260722_제과_김수정,35,1,978.0,0
2026-07-26,(마스터ASC)[제과_콘스프맛 팝콘] 26.05_콘스프맛팝콘출시_ASC_전환_video,(마스터ASC)[콘스프맛 팝콘] 26.05_콘스프맛팝콘출시_ASC_전환_video,[26.07]F_V_PC콘_전환_팝콘할인페스타_네고형_공구네고형.다이어트_main.릴스_메인.슬기.X_1P_김소희_260702_제과_강경연,3243,61,70548.0,6
2026-07-27,(마스터ASC)[제과_콘스프맛 팝콘] 26.05_콘스프맛팝콘출시_ASC_전환_video,(마스터ASC)[콘스프맛 팝콘] 26.05_콘스프맛팝콘출시_ASC_전환_video,[26.07]F_V_PC콘_전환_팝콘할인페스타_네고형_공구네고형.다이어트_main.릴스_메인.슬기.X_1P_김소희_260702_제과_강경연,9175,125,157532.0,8
2026-07-27,[칩] (마스터ASC)[제과_블트하] 26.07_블트칩출시_ASC_전환_image,[칩] (마스터ASC)[제과_블트하] 26.07_블트칩출시_ASC_전환_image,[26.07]F_I_BT혼_전환_블트칩출시_혜택강조형_KR1_.피드_남편.깐깐.확장__김소희_260727_제과_박지현,3,0,102.0,0
2026-07-28,(마스터ASC)[제과_콘스프맛 팝콘] 26.05_콘스프맛팝콘출시_ASC_전환_video,(마스터ASC)[콘스프맛 팝콘] 26.05_콘스프맛팝콘출시_ASC_전환_video,[26.07]F_V_PC콘_전환_팝콘할인페스타_네고형_공구네고형.다이어트_main.릴스_메인.슬기.X_1P_김소희_260702_제과_강경연,8145,100,131562.0,5
2026-07-28,[칩] (마스터ASC)[제과_블트하] 26.07_블트칩출시_ASC_전환_image,[칩] (마스터ASC)[제과_블트하] 26.07_블트칩출시_ASC_전환_image,[26.07]F_I_BT혼_전환_블트칩출시_혜택강조형_KR1_.피드_남편.깐깐.확장__김소희_260727_제과_박지현,25,2,584.0,1
2026-07-02,(마스터ASC)[제과_콘스프맛 팝콘] 26.05_콘스프맛팝콘출시_ASC_전환_video,(마스터ASC)[콘스프맛 팝콘] 26.05_콘스프맛팝콘출시_ASC_전환_video,[26.07]F_V_PC콘_전환_팝콘할인페스타_네고형_공구네고형.다이어트_var3.릴스_여름관리템다이어트.슬기.X_1P_김소희_260702_제과_강경연,142,3,2775.0,0
2026-07-02,(미사용) [제과_단백질 쉐이크] 26.06_단백질쉐이크출시_ASC_전환_image,[제과_단백질 쉐이크] 26.06_단백질쉐이크출시_ASC_전환_image,[26.07]F_I_SK초_전환_단백질쉐이크출시_혜택강조형_가격메리트_.배너_육각형.1천원대육각형단쉐.확장__이유빈_260702_제과_김수정,2,0,29.0,0
2026-07-03,(마스터ASC)[제과_콘스프맛 팝콘] 26.05_콘스프맛팝콘출시_ASC_전환_video,(마스터ASC)[콘스프맛 팝콘] 26.05_콘스프맛팝콘출시_ASC_전환_video,[26.07]F_V_PC콘_전환_팝콘할인페스타_네고형_공구네고형.다이어트_var3.릴스_여름관리템다이어트.슬기.X_1P_김소희_260702_제과_강경연,43,2,860.0,1
2026-07-03,(미사용) [제과_단백질 쉐이크] 26.06_단백질쉐이크출시_ASC_전환_image,[제과_단백질 쉐이크] 26.06_단백질쉐이크출시_ASC_전환_image,[26.07]F_I_SK초_전환_단백질쉐이크출시_혜택강조형_가격메리트_.배너_육각형.1천원대육각형단쉐.확장__이유빈_260702_제과_김수정,162,3,4432.0,0
2026-07-04,(마스터ASC)[제과_콘스프맛 팝콘] 26.05_콘스프맛팝콘출시_ASC_전환_video,(마스터ASC)[콘스프맛 팝콘] 26.05_콘스프맛팝콘출시_ASC_전환_video,[26.07]F_V_PC콘_전환_팝콘할인페스타_네고형_공구네고형.다이어트_var3.릴스_여름관리템다이어트.슬기.X_1P_김소희_260702_제과_강경연,28,1,546.0,0
2026-07-04,(미사용) [제과_단백질 쉐이크] 26.06_단백질쉐이크출시_ASC_전환_image,[제과_단백질 쉐이크] 26.06_단백질쉐이크출시_ASC_전환_image,[26.07]F_I_SK초_전환_단백질쉐이크출시_혜택강조형_가격메리트_.배너_육각형.1천원대육각형단쉐.확장__이유빈_260702_제과_김수정,276,5,6353.0,1
2026-07-06,(미사용) [제과_단백질 쉐이크] 26.06_단백질쉐이크출시_ASC_전환_image,[제과_단백질 쉐이크] 26.06_단백질쉐이크출시_ASC_전환_image,[26.07]F_I_SK초_전환_단백질쉐이크출시_혜택강조형_가격메리트_.배너_육각형.1천원대육각형단쉐.확장__이유빈_260702_제과_김수정,72,4,2025.0,0
2026-07-07,(마스터ASC)[제과_콘스프맛 팝콘] 26.07_콘스프맛팝콘출시_ASC_전환_image (NEW),(마스터ASC)[콘스프맛 팝콘] 26.07_콘스프맛팝콘출시_ASC_전환_image (NEW),[26.07]F_I_PC혼_전환_팝콘할인페스타_혜택강조형_다이어트_.배너_공지.가격실수안내.유명크리에이터.다이어터.확장__김소희_260707_제과_문다현,435,10,6134.0,0
2026-07-07,(마스터2) [제과_단백질 쉐이크] 26.07_단백질쉐이크출시_ASC_전환_image,(마스터2) [제과_단백질 쉐이크] 26.07_단백질쉐이크출시_ASC_전환_image,[26.07]F_I_SK초_전환_단백질쉐이크출시_제품강조형_원재료강조_.배너_생초코로기둥세운.속세맛신작.가격비교O.아몬드스윗삭제.확장__이유빈_260707_제과_김수정,22,0,450.0,0
2026-07-08,(마스터ASC)[제과_콘스프맛 팝콘] 26.07_콘스프맛팝콘출시_ASC_전환_image (NEW),(마스터ASC)[콘스프맛 팝콘] 26.07_콘스프맛팝콘출시_ASC_전환_image (NEW),[26.07]F_I_PC혼_전환_팝콘할인페스타_혜택강조형_다이어트_.배너_공지.가격실수안내.유명크리에이터.다이어터.확장__김소희_260707_제과_문다현,3522,135,56812.0,9
2026-07-08,(마스터2) [제과_단백질 쉐이크] 26.07_단백질쉐이크출시_ASC_전환_image,(마스터2) [제과_단백질 쉐이크] 26.07_단백질쉐이크출시_ASC_전환_image,[26.07]F_I_SK초_전환_단백질쉐이크출시_제품강조형_원재료강조_.배너_생초코로기둥세운.속세맛신작.가격비교O.아몬드스윗삭제.확장__이유빈_260707_제과_김수정,37,1,931.0,0
2026-07-08,[제과_단백질 쉐이크] 26.06_단백질쉐이크출시_수동_전환_image,파우치개당가강조_0706,[26.07]F_I_SK혼_전환_단백질쉐이크출시_혜택강조형_파우치.개당가강조_.배너_대용량페포.메세지테스트.어디갈때마다.통단쉐.확장__이유빈_260707_제과_김수정,14,0,241.0,0
2026-07-08,[제과_단백질 쉐이크] 26.06_단백질쉐이크출시_수동_전환_image,파우치개당가강조_0706,[26.07]F_I_SK혼_전환_단백질쉐이크출시_혜택강조형_파우치.개당가강조_.배너_대용량1개살돈으로무제한.토핑비주얼같이.확장__고민지_260708_제과_김수정,5,0,53.0,0
2026-07-09,(마스터ASC)[제과_콘스프맛 팝콘] 26.05_콘스프맛팝콘출시_ASC_전환_video,(마스터ASC)[콘스프맛 팝콘] 26.05_콘스프맛팝콘출시_ASC_전환_video,[26.07]F_V_PC콘_전환_팝콘할인페스타_네고형_공구네고형.다이어트_var3.릴스_여름관리템다이어트.슬기.X_1P_김소희_260702_제과_강경연,10,0,220.0,0
2026-07-09,(마스터2) [제과_단백질 쉐이크] 26.07_단백질쉐이크출시_ASC_전환_image,(마스터2) [제과_단백질 쉐이크] 26.07_단백질쉐이크출시_ASC_전환_image,[26.07]F_I_SK초_전환_단백질쉐이크출시_제품강조형_원재료강조_.배너_생초코로기둥세운.속세맛신작.가격비교O.아몬드스윗삭제.확장__이유빈_260707_제과_김수정,7,0,173.0,0
2026-07-09,[제과_단백질 쉐이크] 26.06_단백질쉐이크출시_수동_전환_image,파우치개당가강조_0706,[26.07]F_I_SK혼_전환_단백질쉐이크출시_혜택강조형_파우치.개당가강조_.배너_대용량페포.메세지테스트.어디갈때마다.통단쉐.확장__이유빈_260707_제과_김수정,524,15,10603.0,0
2026-07-09,[제과_단백질 쉐이크] 26.06_단백질쉐이크출시_수동_전환_image,파우치개당가강조_0706,[26.07]F_I_SK혼_전환_단백질쉐이크출시_혜택강조형_파우치.개당가강조_.배너_대용량1개살돈으로무제한.토핑비주얼같이.확장__고민지_260708_제과_김수정,185,1,6393.0,0
2026-07-10,(마스터2) [제과_단백질 쉐이크] 26.07_단백질쉐이크출시_ASC_전환_image,(마스터2) [제과_단백질 쉐이크] 26.07_단백질쉐이크출시_ASC_전환_image,[26.07]F_I_SK초_전환_단백질쉐이크출시_제품강조형_원재료강조_.배너_생초코로기둥세운.속세맛신작.가격비교O.아몬드스윗삭제.확장__이유빈_260707_제과_김수정,1,0,49.0,0
2026-07-10,[제과_콘스프맛 팝콘] 26.05_콘스프맛팝콘출시_수동_전환_image,속세맛간식공감_콘스프맛팝콘_상시,[26.07]F_I_PC혼_전환_콘스프맛팝콘출시_혜택강조형__.배너_사과문.시즈닝가루.뿌링클급.개당1천원대.확장__김소희_260710_제과_문다현,100,1,2465.0,0
2026-07-11,(마스터ASC)[제과_콘스프맛 팝콘] 26.05_콘스프맛팝콘출시_ASC_전환_video,(마스터ASC)[콘스프맛 팝콘] 26.05_콘스프맛팝콘출시_ASC_전환_video,[26.07]F_V_PC콘_전환_팝콘할인페스타_네고형_공구네고형.다이어트_var3.릴스_여름관리템다이어트.슬기.X_1P_김소희_260702_제과_강경연,14,0,177.0,0
2026-07-11,[제과_콘스프맛 팝콘] 26.05_콘스프맛팝콘출시_수동_전환_image,속세맛간식공감_콘스프맛팝콘_상시,[26.07]F_I_PC혼_전환_콘스프맛팝콘출시_혜택강조형__.배너_사과문.시즈닝가루.뿌링클급.개당1천원대.확장__김소희_260710_제과_문다현,36,0,672.0,0
2026-07-12,[제과_콘스프맛 팝콘] 26.05_콘스프맛팝콘출시_수동_전환_image,속세맛간식공감_콘스프맛팝콘_상시,[26.07]F_I_PC혼_전환_콘스프맛팝콘출시_혜택강조형__.배너_사과문.시즈닝가루.뿌링클급.개당1천원대.확장__김소희_260710_제과_문다현,12,0,249.0,0
2026-07-13,(마스터2) [제과_단백질 쉐이크] 26.07_단백질쉐이크출시_ASC_전환_image,(마스터2) [제과_단백질 쉐이크] 26.07_단백질쉐이크출시_ASC_전환_image,[26.07]F_I_SK초_전환_단백질쉐이크출시_제품강조형_원재료강조_.배너_생초코로기둥세운.속세맛신작.가격비교O.아몬드스윗삭제.확장__이유빈_260707_제과_김수정,106,2,2312.0,0
2026-07-13,[제과_콘스프맛 팝콘] 26.05_콘스프맛팝콘출시_수동_전환_image,속세맛간식공감_콘스프맛팝콘_상시,[26.07]F_I_PC혼_전환_콘스프맛팝콘출시_혜택강조형__.배너_사과문.시즈닝가루.뿌링클급.개당1천원대.확장__김소희_260710_제과_문다현,4,0,75.0,0
2026-07-14,(마스터ASC)[제과_콘스프맛 팝콘] 26.05_콘스프맛팝콘출시_ASC_전환_video,(마스터ASC)[콘스프맛 팝콘] 26.05_콘스프맛팝콘출시_ASC_전환_video,[26.07]F_V_PC콘_전환_팝콘할인페스타_네고형_공구네고형.다이어트_var3.릴스_여름관리템다이어트.슬기.X_1P_김소희_260702_제과_강경연,15,0,342.0,0
2026-07-14,(마스터2) [제과_단백질 쉐이크] 26.07_단백질쉐이크출시_ASC_전환_image,(마스터2) [제과_단백질 쉐이크] 26.07_단백질쉐이크출시_ASC_전환_image,[26.07]F_I_SK초_전환_단백질쉐이크출시_제품강조형_원재료강조_.배너_생초코로기둥세운.속세맛신작.가격비교O.아몬드스윗삭제.확장__이유빈_260707_제과_김수정,3,0,82.0,0
2026-07-14,[제과_콘스프맛 팝콘] 26.05_콘스프맛팝콘출시_수동_전환_image,속세맛간식공감_콘스프맛팝콘_상시,[26.07]F_I_PC혼_전환_콘스프맛팝콘출시_혜택강조형__.배너_사과문.시즈닝가루.뿌링클급.개당1천원대.확장__김소희_260710_제과_문다현,5,1,128.0,1
2026-07-15,(마스터2) [제과_단백질 쉐이크] 26.07_단백질쉐이크출시_ASC_전환_image,(마스터2) [제과_단백질 쉐이크] 26.07_단백질쉐이크출시_ASC_전환_image,[26.07]F_I_SK초_전환_단백질쉐이크출시_제품강조형_원재료강조_.배너_생초코로기둥세운.속세맛신작.가격비교O.아몬드스윗삭제.확장__이유빈_260707_제과_김수정,2,1,37.0,0
2026-07-15,[제과_블트하] 26.07_블트깡출시_수동_전환_image_전체타겟,집단유행/유명인_블트깡출시 (KR1),[26.07]F_I_BT깡_전환_블트깡출시_바이럴형_KR1_.배너_일반특정집단.탕비실난리.검증__김소희_260715_제과_김수정,60,0,785.0,0
2026-07-16,(마스터ASC)[제과_콘스프맛 팝콘] 26.05_콘스프맛팝콘출시_ASC_전환_video,(마스터ASC)[콘스프맛 팝콘] 26.05_콘스프맛팝콘출시_ASC_전환_video,[26.07]F_V_PC콘_전환_팝콘할인페스타_네고형_공구네고형.다이어트_var3.릴스_여름관리템다이어트.슬기.X_1P_김소희_260702_제과_강경연,4,0,75.0,0
2026-07-16,[제과_콘스프맛 팝콘] 26.05_콘스프맛팝콘출시_수동_전환_image,속세맛간식공감_콘스프맛팝콘_상시,[26.07]F_I_PC혼_전환_콘스프맛팝콘출시_혜택강조형__.배너_사과문.시즈닝가루.뿌링클급.개당1천원대.확장__김소희_260710_제과_문다현,21,1,241.0,0
2026-07-16,[제과_블트하] 26.07_블트깡출시_수동_전환_image_전체타겟,집단유행/유명인_블트깡출시 (KR1),[26.07]F_I_BT깡_전환_블트깡출시_바이럴형_KR1_.배너_일반특정집단.탕비실난리.검증__김소희_260715_제과_김수정,3,0,28.0,0
2026-07-17,(마스터2) [제과_단백질 쉐이크] 26.07_단백질쉐이크출시_ASC_전환_image,(마스터2) [제과_단백질 쉐이크] 26.07_단백질쉐이크출시_ASC_전환_image,[26.07]F_I_SK초_전환_단백질쉐이크출시_제품강조형_원재료강조_.배너_생초코로기둥세운.속세맛신작.가격비교O.아몬드스윗삭제.확장__이유빈_260707_제과_김수정,5,0,111.0,0
2026-07-17,[제과_콘스프맛 팝콘] 26.05_콘스프맛팝콘출시_수동_전환_image,속세맛간식공감_콘스프맛팝콘_상시,[26.07]F_I_PC혼_전환_콘스프맛팝콘출시_혜택강조형__.배너_사과문.시즈닝가루.뿌링클급.개당1천원대.확장__김소희_260710_제과_문다현,70,4,1005.0,0
2026-07-20,(마스터2) [제과_단백질 쉐이크] 26.07_단백질쉐이크출시_ASC_전환_image,(마스터2) [제과_단백질 쉐이크] 26.07_단백질쉐이크출시_ASC_전환_image,[26.07]F_I_SK초_전환_단백질쉐이크출시_제품강조형_원재료강조_.배너_생초코로기둥세운.속세맛신작.가격비교O.아몬드스윗삭제.확장__이유빈_260707_제과_김수정,195,3,2799.0,0
2026-07-21,(마스터ASC)[제과_콘스프맛 팝콘] 26.05_콘스프맛팝콘출시_ASC_전환_video,(마스터ASC)[콘스프맛 팝콘] 26.05_콘스프맛팝콘출시_ASC_전환_video,[26.07]F_V_PC콘_전환_팝콘할인페스타_네고형_공구네고형.다이어트_var3.릴스_여름관리템다이어트.슬기.X_1P_김소희_260702_제과_강경연,50,2,1200.0,2
2026-07-21,(마스터2) [제과_단백질 쉐이크] 26.07_단백질쉐이크출시_ASC_전환_image,(마스터2) [제과_단백질 쉐이크] 26.07_단백질쉐이크출시_ASC_전환_image,[26.07]F_I_SK초_전환_단백질쉐이크출시_제품강조형_원재료강조_.배너_생초코로기둥세운.속세맛신작.가격비교O.아몬드스윗삭제.확장__이유빈_260707_제과_김수정,300,6,5084.0,0
2026-07-21,[제과_블트하] 26.07_블트깡출시_수동_전환_image_전체타겟,집단유행/유명인_블트깡출시 (KR1),[26.07]F_I_BT깡_전환_블트깡출시_바이럴형_KR1_.배너_일반특정집단.탕비실난리.검증__김소희_260715_제과_김수정,9,1,321.0,1
2026-07-22,(마스터ASC)[제과_콘스프맛 팝콘] 26.05_콘스프맛팝콘출시_ASC_전환_video,(마스터ASC)[콘스프맛 팝콘] 26.05_콘스프맛팝콘출시_ASC_전환_video,[26.07]F_V_PC콘_전환_팝콘할인페스타_네고형_공구네고형.다이어트_var3.릴스_여름관리템다이어트.슬기.X_1P_김소희_260702_제과_강경연,234,3,4470.0,0
2026-07-22,[제과_콘스프맛 팝콘] 26.05_콘스프맛팝콘출시_수동_전환_video,문제공감형(운동.페인포인트)_0721,[26.07]F_V_PC콘_전환_콘스프맛팝콘출시_문제공감형_문제공감네고형_var1.릴스_맛.X_2P_이유빈_260721_제과_이봄1,498,17,16315.0,1
2026-07-23,(마스터ASC)[제과_콘스프맛 팝콘] 26.05_콘스프맛팝콘출시_ASC_전환_video,(마스터ASC)[콘스프맛 팝콘] 26.05_콘스프맛팝콘출시_ASC_전환_video,[26.07]F_V_PC콘_전환_팝콘할인페스타_네고형_공구네고형.다이어트_var3.릴스_여름관리템다이어트.슬기.X_1P_김소희_260702_제과_강경연,20,0,450.0,0
2026-07-23,[제과_콘스프맛 팝콘] 26.05_콘스프맛팝콘출시_수동_전환_image,속세맛간식공감_콘스프맛팝콘_상시,[26.07]F_I_PC혼_전환_콘스프맛팝콘출시_혜택강조형__.배너_사과문.시즈닝가루.뿌링클급.개당1천원대.확장__김소희_260710_제과_문다현,55,2,1050.0,1
2026-07-24,(마스터ASC)[제과_콘스프맛 팝콘] 26.05_콘스프맛팝콘출시_ASC_전환_video,(마스터ASC)[콘스프맛 팝콘] 26.05_콘스프맛팝콘출시_ASC_전환_video,[26.07]F_V_PC콘_전환_팝콘할인페스타_네고형_공구네고형.다이어트_var3.릴스_여름관리템다이어트.슬기.X_1P_김소희_260702_제과_강경연,232,5,3335.0,1
2026-07-24,[제과_콘스프맛 팝콘] 26.05_콘스프맛팝콘출시_수동_전환_image,속세맛간식공감_콘스프맛팝콘_상시,[26.07]F_I_PC혼_전환_콘스프맛팝콘출시_혜택강조형__.배너_사과문.시즈닝가루.뿌링클급.개당1천원대.확장__김소희_260710_제과_문다현,71,2,1002.0,0
2026-07-24,[제과_블트하] 26.07_블트깡출시_수동_전환_image_전체타겟,(시리즈) 맘카페&혜택강조형_블트칩출시 (KR1) (0723),[26.07]F_I_BT혼_전환_블트칩출시_혜택강조형_KR1_.배너_7일만할인해요.칩깡동시소구.확장__김소희_260723_제과_박서연,19,0,385.0,0
2026-07-24,[제과_블트하] 26.07_블트깡출시_수동_전환_video_전체타겟,(0725) [칩] BP이식형_블트칩출시 (KR1) (경연님/성미님),[26.07]F_V_BT칩_전환_블트칩출시_쩜오건_미쯔BP.KR1_var1.릴스_1티어.X_2P_최나영_260724_제과_윤성미,53,3,635.0,0
2026-07-24,[칩] (마스터ASC)[제과_블트하] 26.07_블트칩출시_ASC_전환_image,[칩] (마스터ASC)[제과_블트하] 26.07_블트칩출시_ASC_전환_image,[26.07]F_I_BT칩_전환_블트칩출시_혜택강조형_KR2_.릴스_상황연출.영상형.불금넷플.확장__김소희_260724_제과_김수정,961,34,21613.0,1
2026-07-25,(마스터ASC)[제과_콘스프맛 팝콘] 26.05_콘스프맛팝콘출시_ASC_전환_video,(마스터ASC)[콘스프맛 팝콘] 26.05_콘스프맛팝콘출시_ASC_전환_video,[26.07]F_V_PC콘_전환_팝콘할인페스타_네고형_공구네고형.다이어트_var3.릴스_여름관리템다이어트.슬기.X_1P_김소희_260702_제과_강경연,108,3,1492.0,0
2026-07-25,[제과_콘스프맛 팝콘] 26.05_콘스프맛팝콘출시_수동_전환_image,속세맛간식공감_콘스프맛팝콘_상시,[26.07]F_I_PC혼_전환_콘스프맛팝콘출시_혜택강조형__.배너_사과문.시즈닝가루.뿌링클급.개당1천원대.확장__김소희_260710_제과_문다현,14,0,250.0,0
2026-07-25,[제과_블트하] 26.07_블트깡출시_수동_전환_image_전체타겟,(시리즈) 맘카페&혜택강조형_블트칩출시 (KR1) (0723),[26.07]F_I_BT혼_전환_블트칩출시_혜택강조형_KR1_.배너_7일만할인해요.칩깡동시소구.확장__김소희_260723_제과_박서연,6,0,80.0,0
2026-07-25,[제과_블트하] 26.07_블트깡출시_수동_전환_video_전체타겟,(0725) [칩] BP이식형_블트칩출시 (KR1) (경연님/성미님),[26.07]F_V_BT칩_전환_블트칩출시_쩜오건_미쯔BP.KR1_var1.릴스_1티어.X_2P_최나영_260724_제과_윤성미,1046,31,19639.0,0
2026-07-25,[칩] (마스터ASC)[제과_블트하] 26.07_블트칩출시_ASC_전환_image,[칩] (마스터ASC)[제과_블트하] 26.07_블트칩출시_ASC_전환_image,[26.07]F_I_BT칩_전환_블트칩출시_혜택강조형_KR2_.릴스_상황연출.영상형.불금넷플.확장__김소희_260724_제과_김수정,831,29,19976.0,0
2026-07-26,(마스터ASC)[제과_콘스프맛 팝콘] 26.05_콘스프맛팝콘출시_ASC_전환_video,(마스터ASC)[콘스프맛 팝콘] 26.05_콘스프맛팝콘출시_ASC_전환_video,[26.07]F_V_PC콘_전환_팝콘할인페스타_네고형_공구네고형.다이어트_var3.릴스_여름관리템다이어트.슬기.X_1P_김소희_260702_제과_강경연,37,1,1450.0,1
2026-07-26,[제과_콘스프맛 팝콘] 26.05_콘스프맛팝콘출시_수동_전환_image,속세맛간식공감_콘스프맛팝콘_상시,[26.07]F_I_PC혼_전환_콘스프맛팝콘출시_혜택강조형__.배너_사과문.시즈닝가루.뿌링클급.개당1천원대.확장__김소희_260710_제과_문다현,1,0,18.0,0
2026-07-27,(마스터ASC)[제과_콘스프맛 팝콘] 26.05_콘스프맛팝콘출시_ASC_전환_video,(마스터ASC)[콘스프맛 팝콘] 26.05_콘스프맛팝콘출시_ASC_전환_video,[26.07]F_V_PC콘_전환_팝콘할인페스타_네고형_공구네고형.다이어트_var3.릴스_여름관리템다이어트.슬기.X_1P_김소희_260702_제과_강경연,16,1,357.0,0
2026-07-28,(마스터ASC)[제과_콘스프맛 팝콘] 26.05_콘스프맛팝콘출시_ASC_전환_video,(마스터ASC)[콘스프맛 팝콘] 26.05_콘스프맛팝콘출시_ASC_전환_video,[26.07]F_V_PC콘_전환_팝콘할인페스타_네고형_공구네고형.다이어트_var3.릴스_여름관리템다이어트.슬기.X_1P_김소희_260702_제과_강경연,471,9,11430.0,1
2026-07-28,[제과_콘스프맛 팝콘] 26.05_콘스프맛팝콘출시_수동_전환_image,속세맛간식공감_콘스프맛팝콘_상시,[26.07]F_I_PC혼_전환_콘스프맛팝콘출시_혜택강조형__.배너_사과문.시즈닝가루.뿌링클급.개당1천원대.확장__김소희_260710_제과_문다현,21,2,369.0,0
2026-07-28,[제과_블트하] 26.07_블트깡출시_수동_전환_image_전체타겟,주변인인정_블트칩출시 (KR2) (0728),[26.07]F_I_BT칩_전환_블트칩출시_혜택강조형_KR2_.피드_회사에서맛잘알인정..확장__김소희_260728_제과_박서연,32,0,639.0,0
2026-07-28,[제과_블트하] 26.07_블트깡출시_수동_전환_image_전체타겟,주변인인정_블트칩출시 (KR2) (0728),[26.07]F_I_BT혼_전환_블트칩출시_혜택강조형_KR2_.피드_팀원들이뺏어먹는다는과자..확장__김소희_260728_제과_박서연,101,4,2007.0,1
2026-07-01,[제과_콘스프맛 팝콘] 26.05_콘스프맛팝콘출시_수동_전환_video,지인네고형_팝콘더블특가_콘스프맛 (~7/1),[26.06]F_V_PC콘_전환_팝콘더블특가_네고형_지인네고형.다이어트_var1.릴스_취식상황강조1.슬기.X_1P_최나영_260626_제과_문형민,68,1,1775.0,0
2026-07-01,(미사용) [제과_단백질 쉐이크] 26.06_단백질쉐이크출시_ASC_전환_image,[제과_단백질 쉐이크] 26.06_단백질쉐이크출시_ASC_전환_image,[26.06]F_I_SK곡_전환_단백질쉐이크출시_제품강조형_라라권위_.배너_달달꼬소방앗간미숫가루.가격비교X.__이유빈_260701_제과_문다현,164,3,2826.0,0
2026-07-02,[제과_콘스프맛 팝콘] 26.05_콘스프맛팝콘출시_수동_전환_video,지인네고형_팝콘더블특가_콘스프맛 (~7/1),[26.06]F_V_PC콘_전환_팝콘더블특가_네고형_지인네고형.다이어트_var1.릴스_취식상황강조1.슬기.X_1P_최나영_260626_제과_문형민,12,0,297.0,1
2026-07-02,(미사용) [제과_단백질 쉐이크] 26.06_단백질쉐이크출시_ASC_전환_image,[제과_단백질 쉐이크] 26.06_단백질쉐이크출시_ASC_전환_image,[26.06]F_I_SK곡_전환_단백질쉐이크출시_제품강조형_라라권위_.배너_달달꼬소방앗간미숫가루.가격비교X.__이유빈_260701_제과_문다현,1,0,2.0,0
2026-07-02,(미사용) [제과_단백질 쉐이크] 26.06_단백질쉐이크출시_ASC_전환_image,[제과_단백질 쉐이크] 26.06_단백질쉐이크출시_ASC_전환_image,[26.07]F_I_SK초_전환_단백질쉐이크출시_혜택강조형_가격메리트_.배너_코코볼.초코시장기강잡는.확장__이유빈_260702_제과_김수정,7,0,85.0,0
2026-07-03,(미사용) [제과_단백질 쉐이크] 26.06_단백질쉐이크출시_ASC_전환_image,[제과_단백질 쉐이크] 26.06_단백질쉐이크출시_ASC_전환_image,[26.06]F_I_SK곡_전환_단백질쉐이크출시_제품강조형_라라권위_.배너_달달꼬소방앗간미숫가루.가격비교X.__이유빈_260701_제과_문다현,2,0,27.0,0
2026-07-03,(미사용) [제과_단백질 쉐이크] 26.06_단백질쉐이크출시_ASC_전환_image,[제과_단백질 쉐이크] 26.06_단백질쉐이크출시_ASC_전환_image,[26.07]F_I_SK초_전환_단백질쉐이크출시_혜택강조형_가격메리트_.배너_코코볼.초코시장기강잡는.확장__이유빈_260702_제과_김수정,30,0,471.0,0
2026-07-04,(미사용) [제과_단백질 쉐이크] 26.06_단백질쉐이크출시_ASC_전환_image,[제과_단백질 쉐이크] 26.06_단백질쉐이크출시_ASC_전환_image,[26.07]F_I_SK초_전환_단백질쉐이크출시_혜택강조형_가격메리트_.배너_코코볼.초코시장기강잡는.확장__이유빈_260702_제과_김수정,1,0,474.0,0
2026-07-04,[제과_단백질 쉐이크] 26.06_단백질쉐이크출시_수동_전환_video,전화네고형_0702,[26.07]F_V_SK곡_전환_단백질쉐이크출시_네고형_전화네고형_var1.릴스_가격.3개.X_2P_이유빈_260703_제과_윤성미,90,1,2659.0,0
2026-07-05,[제과_콘스프맛 팝콘] 26.05_콘스프맛팝콘출시_수동_전환_video,지인네고형_팝콘더블특가_콘스프맛 (~7/1),[26.06]F_V_PC콘_전환_팝콘더블특가_네고형_지인네고형.다이어트_var1.릴스_취식상황강조1.슬기.X_1P_최나영_260626_제과_문형민,5,0,230.0,0
2026-07-05,[제과_단백질 쉐이크] 26.06_단백질쉐이크출시_수동_전환_video,전화네고형_0702,[26.07]F_V_SK곡_전환_단백질쉐이크출시_네고형_전화네고형_var1.릴스_가격.3개.X_2P_이유빈_260703_제과_윤성미,5,0,64.0,0
2026-07-07,(미사용) [제과_단백질 쉐이크] 26.06_단백질쉐이크출시_ASC_전환_image,[제과_단백질 쉐이크] 26.06_단백질쉐이크출시_ASC_전환_image,[26.06]F_I_SK곡_전환_단백질쉐이크출시_제품강조형_라라권위_.배너_달달꼬소방앗간미숫가루.가격비교X.__이유빈_260701_제과_문다현,365,9,11105.0,1
2026-07-07,[제과_단백질 쉐이크] 26.06_단백질쉐이크출시_수동_전환_video,전화네고형_0702,[26.07]F_V_SK곡_전환_단백질쉐이크출시_네고형_전화네고형_var1.릴스_가격.3개.X_2P_이유빈_260703_제과_윤성미,1,0,9.0,0
2026-07-08,[제과_콘스프맛 팝콘] 26.05_콘스프맛팝콘출시_수동_전환_video,지인네고형_팝콘더블특가_콘스프맛 (~7/1),[26.06]F_V_PC콘_전환_팝콘더블특가_네고형_지인네고형.다이어트_var1.릴스_취식상황강조1.슬기.X_1P_최나영_260626_제과_문형민,44,0,1048.0,0
2026-07-08,(미사용) [제과_단백질 쉐이크] 26.06_단백질쉐이크출시_ASC_전환_image,[제과_단백질 쉐이크] 26.06_단백질쉐이크출시_ASC_전환_image,[26.07]F_I_SK초_전환_단백질쉐이크출시_혜택강조형_가격메리트_.배너_코코볼.초코시장기강잡는.확장__이유빈_260702_제과_김수정,14,0,234.0,0
2026-07-08,(마스터2) [제과_단백질 쉐이크] 26.07_단백질쉐이크출시_ASC_전환_image,(마스터2) [제과_단백질 쉐이크] 26.07_단백질쉐이크출시_ASC_전환_image,[26.07]F_I_SK초_전환_단백질쉐이크출시_혜택강조형_파우치.개당가강조_.배너_대용랑페포.가루쏟은이미지.확장__이유빈_260707_제과_김수정,220,7,6098.0,1
2026-07-08,[제과_단백질 쉐이크] 26.06_단백질쉐이크출시_수동_전환_image,브랜드강조_0629,[26.06]F_I_SK곡_전환_단백질쉐이크출시_혜택강조형_개당가메리트_.배너_브랜드강조.괴물토핑꼬숩.__이유빈_260629_제과_박지현,219,7,5021.0,0
2026-07-09,[제과_콘스프맛 팝콘] 26.05_콘스프맛팝콘출시_수동_전환_video,지인네고형_팝콘더블특가_콘스프맛 (~7/1),[26.06]F_V_PC콘_전환_팝콘더블특가_네고형_지인네고형.다이어트_var1.릴스_취식상황강조1.슬기.X_1P_최나영_260626_제과_문형민,6,1,226.0,1
2026-07-09,[제과_단백질 쉐이크] 26.06_단백질쉐이크출시_수동_전환_image,브랜드강조_0629,[26.06]F_I_SK곡_전환_단백질쉐이크출시_혜택강조형_개당가메리트_.배너_브랜드강조.괴물토핑꼬숩.__이유빈_260629_제과_박지현,191,3,4663.0,1
2026-07-10,[제과_콘스프맛 팝콘] 26.05_콘스프맛팝콘출시_수동_전환_video,지인네고형_팝콘더블특가_콘스프맛 (~7/1),[26.06]F_V_PC콘_전환_팝콘더블특가_네고형_지인네고형.다이어트_var1.릴스_취식상황강조1.슬기.X_1P_최나영_260626_제과_문형민,1,0,6.0,0
2026-07-13,[제과_콘스프맛 팝콘] 26.05_콘스프맛팝콘출시_수동_전환_video,지인네고형_팝콘더블특가_콘스프맛 (~7/1),[26.06]F_V_PC콘_전환_팝콘더블특가_네고형_지인네고형.다이어트_var1.릴스_취식상황강조1.슬기.X_1P_최나영_260626_제과_문형민,108,1,1939.0,0
2026-07-13,(마스터2) [제과_단백질 쉐이크] 26.07_단백질쉐이크출시_ASC_전환_image,(마스터2) [제과_단백질 쉐이크] 26.07_단백질쉐이크출시_ASC_전환_image,[26.07]F_I_SK혼_전환_단백질쉐이크출시_혜택강조형_개당최저가비교_.배너_제가졌습니다.확장__이유빈_260713_제과_문다현,882,21,19535.0,2
2026-07-14,[제과_콘스프맛 팝콘] 26.05_콘스프맛팝콘출시_수동_전환_video,지인네고형_팝콘더블특가_콘스프맛 (~7/1),[26.06]F_V_PC콘_전환_팝콘더블특가_네고형_지인네고형.다이어트_var1.릴스_취식상황강조1.슬기.X_1P_최나영_260626_제과_문형민,1,0,17.0,0
2026-07-14,(마스터2) [제과_단백질 쉐이크] 26.07_단백질쉐이크출시_ASC_전환_image,(마스터2) [제과_단백질 쉐이크] 26.07_단백질쉐이크출시_ASC_전환_image,[26.07]F_I_SK초_전환_단백질쉐이크출시_혜택강조형_파우치.개당가강조_.배너_대용랑페포.가루쏟은이미지.확장__이유빈_260707_제과_김수정,9,1,370.0,0
2026-07-15,[제과_단백질 쉐이크] 26.06_단백질쉐이크출시_수동_전환_image,올영최저가비교_0714,[26.07]F_I_SK혼_전환_단백질쉐이크출시_혜택강조형_올영최저가비교_.배너_초록그라데이션.기다리는분들.여기가더싸요.네고형.확장__이유빈_260714_제과_문다현,12,0,422.0,0
2026-07-15,(마스터ASC)[제과_블트하] 26.07_블트깡출시_ASC_전환_image,(마스터ASC)[제과_블트하] 26.07_블트깡출시_ASC_전환_image,[26.07]F_I_BT깡_전환_블트깡출시_혜택강조형_KR2_.배너_원산지권위.마진포기.검증__김소희_260715_제과_김수정,957,21,16744.0,2
2026-07-16,[제과_단백질 쉐이크] 26.06_단백질쉐이크출시_수동_전환_image,올영최저가비교_0714,[26.07]F_I_SK혼_전환_단백질쉐이크출시_혜택강조형_올영최저가비교_.배너_초록그라데이션.기다리는분들.여기가더싸요.네고형.확장__이유빈_260714_제과_문다현,7,0,63.0,0
2026-07-19,(마스터2) [제과_단백질 쉐이크] 26.07_단백질쉐이크출시_ASC_전환_image,(마스터2) [제과_단백질 쉐이크] 26.07_단백질쉐이크출시_ASC_전환_image,[26.07]F_I_SK초_전환_단백질쉐이크출시_혜택강조형_파우치.개당가강조_.배너_대용랑페포.가루쏟은이미지.확장__이유빈_260707_제과_김수정,71,1,1493.0,0
2026-07-19,[제과_단백질 쉐이크] 26.06_단백질쉐이크출시_수동_전환_image,올영최저가비교_0714,[26.07]F_I_SK혼_전환_단백질쉐이크출시_혜택강조형_올영최저가비교_.배너_초록그라데이션.기다리는분들.여기가더싸요.네고형.확장__이유빈_260714_제과_문다현,7,0,351.0,0
2026-07-20,(마스터2) [제과_단백질 쉐이크] 26.07_단백질쉐이크출시_ASC_전환_image,(마스터2) [제과_단백질 쉐이크] 26.07_단백질쉐이크출시_ASC_전환_image,[26.07]F_I_SK초_전환_단백질쉐이크출시_혜택강조형_파우치.개당가강조_.배너_대용랑페포.가루쏟은이미지.확장__이유빈_260707_제과_김수정,499,11,8543.0,0
2026-07-21,(마스터ASC)[제과_블트하] 26.07_블트깡출시_ASC_전환_image,(마스터ASC)[제과_블트하] 26.07_블트깡출시_ASC_전환_image,[26.07]F_I_BT깡_전환_블트깡출시_바이럴형_KR1_.배너_맘카페.입소문시작.릴스.검증__김소희_260720_제과_박지현,346,13,7218.0,2
2026-07-22,(마스터ASC)[제과_블트하] 26.07_블트깡출시_ASC_전환_image,(마스터ASC)[제과_블트하] 26.07_블트깡출시_ASC_전환_image,[26.07]F_I_BT깡_전환_블트깡출시_바이럴형_KR1_.배너_맘카페.입소문시작.릴스.검증__김소희_260720_제과_박지현,216,7,6992.0,0
2026-07-23,(마스터ASC)[제과_블트하] 26.07_블트깡출시_ASC_전환_image,(마스터ASC)[제과_블트하] 26.07_블트깡출시_ASC_전환_image,[26.07]F_I_BT깡_전환_블트깡출시_바이럴형_KR1_.배너_맘카페.입소문시작.릴스.검증__김소희_260720_제과_박지현,39,2,710.0,0
2026-07-23,[칩] (마스터ASC)[제과_블트하] 26.07_블트칩출시_ASC_전환_image,[칩] (마스터ASC)[제과_블트하] 26.07_블트칩출시_ASC_전환_image,[26.07]F_I_BT칩_전환_블트칩출시_혜택강조형_KR1_.배너_에르X스급.확장__김소희_260723_제과_박서연,4,0,48.0,0
2026-07-23,[칩] (마스터ASC)[제과_블트하] 26.07_블트칩출시_ASC_전환_image,[칩] (마스터ASC)[제과_블트하] 26.07_블트칩출시_ASC_전환_image,[26.07]F_I_BT칩_전환_블트칩출시_혜택강조형_KR1_.배너_소비자후기공지.확장__김소희_260723_제과_김수정,3,0,101.0,0
2026-07-24,(마스터ASC)[제과_블트하] 26.07_블트깡출시_ASC_전환_image,(마스터ASC)[제과_블트하] 26.07_블트깡출시_ASC_전환_image,[26.07]F_I_BT깡_전환_블트깡출시_바이럴형_KR1_.배너_맘카페.입소문시작.릴스.검증__김소희_260720_제과_박지현,7,0,89.0,0
2026-07-24,[칩] (마스터ASC)[제과_블트하] 26.07_블트칩출시_ASC_전환_image,[칩] (마스터ASC)[제과_블트하] 26.07_블트칩출시_ASC_전환_image,[26.07]F_I_BT칩_전환_블트칩출시_혜택강조형_KR1_.배너_에르X스급.확장__김소희_260723_제과_박서연,44,1,670.0,0
2026-07-24,[칩] (마스터ASC)[제과_블트하] 26.07_블트칩출시_ASC_전환_image,[칩] (마스터ASC)[제과_블트하] 26.07_블트칩출시_ASC_전환_image,[26.07]F_I_BT칩_전환_블트칩출시_혜택강조형_KR1_.배너_소비자후기공지.확장__김소희_260723_제과_김수정,4,0,158.0,0
2026-07-24,(마스터ASC)[제과_블트하] 26.07_블트깡출시_ASC_전환_image,(마스터ASC)[제과_블트하] 26.07_블트깡출시_ASC_전환_image,[26.07]F_I_BT혼_전환_블트칩출시_혜택강조형_KR1_.배너_가격실수안내.2분할.확장__김소희_260723_제과_김수정,132,2,1595.0,0
2026-07-25,[칩] (마스터ASC)[제과_블트하] 26.07_블트칩출시_ASC_전환_image,[칩] (마스터ASC)[제과_블트하] 26.07_블트칩출시_ASC_전환_image,[26.07]F_I_BT칩_전환_블트칩출시_혜택강조형_KR1_.배너_에르X스급.확장__김소희_260723_제과_박서연,8,1,178.0,0
2026-07-25,[칩] (마스터ASC)[제과_블트하] 26.07_블트칩출시_ASC_전환_image,[칩] (마스터ASC)[제과_블트하] 26.07_블트칩출시_ASC_전환_image,[26.07]F_I_BT칩_전환_블트칩출시_혜택강조형_KR1_.배너_소비자후기공지.확장__김소희_260723_제과_김수정,6,0,103.0,0
2026-07-25,(마스터ASC)[제과_블트하] 26.07_블트깡출시_ASC_전환_image,(마스터ASC)[제과_블트하] 26.07_블트깡출시_ASC_전환_image,[26.07]F_I_BT혼_전환_블트칩출시_혜택강조형_KR1_.배너_가격실수안내.2분할.확장__김소희_260723_제과_김수정,25,1,363.0,0
2026-07-01,(미사용) [제과_단백질 쉐이크] 26.06_단백질쉐이크출시_ASC_전환_image,[제과_단백질 쉐이크] 26.06_단백질쉐이크출시_ASC_전환_image,[26.06]F_I_SK곡_전환_단백질쉐이크출시_제품강조형_타사비교_.배너_토핑이만큼많아서.__이유빈_260701_제과_김수정,145,2,2657.0,0
2026-07-02,(미사용) [제과_단백질 쉐이크] 26.06_단백질쉐이크출시_ASC_전환_image,[제과_단백질 쉐이크] 26.06_단백질쉐이크출시_ASC_전환_image,[26.06]F_I_SK곡_전환_단백질쉐이크출시_제품강조형_타사비교_.배너_토핑이만큼많아서.__이유빈_260701_제과_김수정,212,4,5114.0,1
2026-07-03,(미사용) [제과_단백질 쉐이크] 26.06_단백질쉐이크출시_ASC_전환_image,[제과_단백질 쉐이크] 26.06_단백질쉐이크출시_ASC_전환_image,[26.06]F_I_SK곡_전환_단백질쉐이크출시_제품강조형_타사비교_.배너_토핑이만큼많아서.__이유빈_260701_제과_김수정,262,6,6904.0,2
2026-07-04,(미사용) [제과_단백질 쉐이크] 26.06_단백질쉐이크출시_ASC_전환_image,[제과_단백질 쉐이크] 26.06_단백질쉐이크출시_ASC_전환_image,[26.06]F_I_SK곡_전환_단백질쉐이크출시_제품강조형_타사비교_.배너_토핑이만큼많아서.__이유빈_260701_제과_김수정,209,7,4916.0,1
2026-07-04,[제과_단백질 쉐이크] 26.06_단백질쉐이크출시_수동_전환_video,네고형_0702,[26.07]F_V_SK혼_전환_단백질쉐이크출시_네고형_역네고형_var3.릴스_신상강조.X_2P_이유빈_260703_제과_이미진,1768,119,30372.0,1
2026-07-05,(미사용) [제과_단백질 쉐이크] 26.06_단백질쉐이크출시_ASC_전환_image,[제과_단백질 쉐이크] 26.06_단백질쉐이크출시_ASC_전환_image,[26.06]F_I_SK곡_전환_단백질쉐이크출시_제품강조형_타사비교_.배너_토핑이만큼많아서.__이유빈_260701_제과_김수정,5,0,220.0,0
2026-07-06,(미사용) [제과_단백질 쉐이크] 26.06_단백질쉐이크출시_ASC_전환_image,[제과_단백질 쉐이크] 26.06_단백질쉐이크출시_ASC_전환_image,[26.06]F_I_SK곡_전환_단백질쉐이크출시_제품강조형_타사비교_.배너_토핑이만큼많아서.__이유빈_260701_제과_김수정,626,11,14192.0,1
2026-07-15,[제과_단백질 쉐이크] 26.06_단백질쉐이크출시_수동_전환_image,올영최저가비교_0714,[26.07]F_I_SK혼_전환_단백질쉐이크출시_혜택강조형_올영최저가비교_.배너_네컷.네고형.확장__이유빈_260714_제과_문다현,44,0,1063.0,0
2026-07-15,(마스터ASC)[제과_블트하] 26.07_블트깡출시_ASC_전환_image,(마스터ASC)[제과_블트하] 26.07_블트깡출시_ASC_전환_image,[26.07]F_I_BT깡_전환_블트깡출시_바이럴형_KR1_.배너_일반특정집단.맘카페에서입소문시작.검증__김소희_260715_제과_김수정,397,10,5285.0,2
2026-07-16,[제과_단백질 쉐이크] 26.06_단백질쉐이크출시_수동_전환_image,올영최저가비교_0714,[26.07]F_I_SK혼_전환_단백질쉐이크출시_혜택강조형_올영최저가비교_.배너_네컷.네고형.확장__이유빈_260714_제과_문다현,33,0,740.0,0
2026-07-16,(마스터ASC)[제과_블트하] 26.07_블트깡출시_ASC_전환_image,(마스터ASC)[제과_블트하] 26.07_블트깡출시_ASC_전환_image,[26.07]F_I_BT깡_전환_블트깡출시__KR2_.배너_원산지권위.공식문서형.광고본모든사람들.검증__김소희_260715_제과_김수정,166,3,2896.0,1
2026-07-16,(마스터ASC)[제과_블트하] 26.07_블트깡출시_ASC_전환_image,(마스터ASC)[제과_블트하] 26.07_블트깡출시_ASC_전환_image,[26.07]F_I_BT깡_전환_블트깡출시_바이럴형_KR1_.배너_일반특정집단.맘카페에서입소문시작.검증__김소희_260715_제과_김수정,2822,76,43066.0,5
2026-07-17,[제과_단백질 쉐이크] 26.06_단백질쉐이크출시_수동_전환_image,올영최저가비교_0714,[26.07]F_I_SK혼_전환_단백질쉐이크출시_혜택강조형_올영최저가비교_.배너_네컷.네고형.확장__이유빈_260714_제과_문다현,1,0,2.0,0
2026-07-17,(마스터ASC)[제과_블트하] 26.07_블트깡출시_ASC_전환_image,(마스터ASC)[제과_블트하] 26.07_블트깡출시_ASC_전환_image,[26.07]F_I_BT깡_전환_블트깡출시__KR2_.배너_원산지권위.공식문서형.광고본모든사람들.검증__김소희_260715_제과_김수정,23,0,285.0,0
2026-07-20,[제과_단백질 쉐이크] 26.06_단백질쉐이크출시_수동_전환_image,올영최저가비교_0714,[26.07]F_I_SK혼_전환_단백질쉐이크출시_혜택강조형_올영최저가비교_.배너_네컷.네고형.확장__이유빈_260714_제과_문다현,237,8,3027.0,0
2026-07-20,(마스터ASC)[제과_블트하] 26.07_블트깡출시_ASC_전환_image,(마스터ASC)[제과_블트하] 26.07_블트깡출시_ASC_전환_image,[26.07]F_I_BT깡_전환_블트깡출시__KR2_.배너_원산지권위.공식문서형.광고본모든사람들.검증__김소희_260715_제과_김수정,2,0,32.0,0
2026-07-21,[제과_단백질 쉐이크] 26.06_단백질쉐이크출시_수동_전환_image,올영최저가비교_0714,[26.07]F_I_SK혼_전환_단백질쉐이크출시_혜택강조형_올영최저가비교_.배너_네컷.네고형.확장__이유빈_260714_제과_문다현,32,0,468.0,0
2026-07-21,(마스터ASC)[제과_블트하] 26.07_블트깡출시_ASC_전환_image,(마스터ASC)[제과_블트하] 26.07_블트깡출시_ASC_전환_image,[26.07]F_I_BT깡_전환_블트깡출시__KR2_.배너_원산지권위.공식문서형.광고본모든사람들.검증__김소희_260715_제과_김수정,174,7,3835.0,0
2026-07-22,(마스터ASC)[제과_블트하] 26.07_블트깡출시_ASC_전환_image,(마스터ASC)[제과_블트하] 26.07_블트깡출시_ASC_전환_image,[26.07]F_I_BT깡_전환_블트깡출시__KR2_.배너_원산지권위.공식문서형.광고본모든사람들.검증__김소희_260715_제과_김수정,79,4,1275.0,0
2026-07-22,[칩] (마스터ASC)[제과_블트하] 26.07_블트칩출시_ASC_전환_image,[칩] (마스터ASC)[제과_블트하] 26.07_블트칩출시_ASC_전환_image,[26.07]F_I_BT칩_전환_블트칩출시_바이럴형_KR1_.배너_맘카페페르소나.지면테스트.중독성극찬.검증__김소희_260722_제과_김수정,75,0,1007.0,0
2026-07-23,(마스터ASC)[제과_블트하] 26.07_블트깡출시_ASC_전환_image,(마스터ASC)[제과_블트하] 26.07_블트깡출시_ASC_전환_image,[26.07]F_I_BT깡_전환_블트깡출시__KR2_.배너_원산지권위.공식문서형.광고본모든사람들.검증__김소희_260715_제과_김수정,1,0,6.0,0
2026-07-23,[칩] (마스터ASC)[제과_블트하] 26.07_블트칩출시_ASC_전환_image,[칩] (마스터ASC)[제과_블트하] 26.07_블트칩출시_ASC_전환_image,[26.07]F_I_BT칩_전환_블트칩출시_바이럴형_KR1_.배너_맘카페페르소나.지면테스트.중독성극찬.검증__김소희_260722_제과_김수정,6,0,67.0,0
2026-07-24,(마스터ASC)[제과_블트하] 26.07_블트깡출시_ASC_전환_image,(마스터ASC)[제과_블트하] 26.07_블트깡출시_ASC_전환_image,[26.07]F_I_BT깡_전환_블트깡출시__KR2_.배너_원산지권위.공식문서형.광고본모든사람들.검증__김소희_260715_제과_김수정,3,0,32.0,0
2026-07-28,[제과_블트하] 26.07_블트깡출시_수동_전환_image_전체타겟,남편인정소비_블트깡출시 (KR1) (0728),[26.07]F_I_BT칩_전환_블트칩출시_혜택강조형_KR1_.피드_과자안먹는남편내돈내산.__김소희_260728_제과_김수정,2,0,45.0,0
2026-07-01,[콘스프맛 팝콘] 26.05_콘스프맛팝콘출시_ASC_전환_image (old),[콘스프맛 팝콘] 26.05_콘스프맛팝콘출시_ASC_전환_image (old),[26.06]F_I_PC혼_전환_팝콘더블특가_혜택강조형_페인포인트_.배너_이외상황.영화관.__김소희_260624_제과_김나현,664,9,14516.0,1
2026-07-01,[제과_단백질 쉐이크] 26.06_단백질쉐이크출시_수동_전환_video,고객검증형_0624,[26.06]F_V_SK혼_전환_단백질쉐이크출시_신규BP_고객검증형_var8.릴스_기대감.X_2P_이유빈_260624_제과_윤성미,882,30,9729.0,1
2026-07-02,[제과_단백질 쉐이크] 26.06_단백질쉐이크출시_수동_전환_video,고객검증형_0624,[26.06]F_V_SK혼_전환_단백질쉐이크출시_신규BP_고객검증형_var8.릴스_기대감.X_2P_이유빈_260624_제과_윤성미,1540,36,16251.0,2
2026-07-02,(마스터ASC)[제과_콘스프맛 팝콘] 26.05_콘스프맛팝콘출시_ASC_전환_video,(마스터ASC)[콘스프맛 팝콘] 26.05_콘스프맛팝콘출시_ASC_전환_video,[26.06]F_V_PC콘_전환_팝콘더블특가_네고형_전화네고형.다이어트_var1.릴스_다이어트.슬기.X_1P_최나영_260625_제과_피재은,2246,29,38266.0,4
2026-07-02,[콘스프맛 팝콘] 26.05_콘스프맛팝콘출시_ASC_전환_image (old),[콘스프맛 팝콘] 26.05_콘스프맛팝콘출시_ASC_전환_image (old),[26.06]F_I_PC혼_전환_팝콘더블특가_혜택강조형_다이어트_.배너_메세지테스트.더블할인.패키지박스.__김소희_260626_제과_김수정,1,0,17.0,0
2026-07-02,(미사용) [제과_단백질 쉐이크] 26.06_단백질쉐이크출시_ASC_전환_image,[제과_단백질 쉐이크] 26.06_단백질쉐이크출시_ASC_전환_image,[26.06]F_I_SK혼_전환_단백질쉐이크출시_제품강조형_타사비교_.배너_저가비교.싸면토핑도적어서.__이유빈_260701_제과_김수정,43,1,1117.0,0
2026-07-03,(마스터ASC)[제과_콘스프맛 팝콘] 26.05_콘스프맛팝콘출시_ASC_전환_video,(마스터ASC)[콘스프맛 팝콘] 26.05_콘스프맛팝콘출시_ASC_전환_video,[26.06]F_V_PC콘_전환_팝콘더블특가_네고형_전화네고형.다이어트_var1.릴스_다이어트.슬기.X_1P_최나영_260625_제과_피재은,73,0,1346.0,1
2026-07-03,(미사용) [제과_단백질 쉐이크] 26.06_단백질쉐이크출시_ASC_전환_image,[제과_단백질 쉐이크] 26.06_단백질쉐이크출시_ASC_전환_image,[26.06]F_I_SK혼_전환_단백질쉐이크출시_제품강조형_타사비교_.배너_저가비교.싸면토핑도적어서.__이유빈_260701_제과_김수정,4,0,105.0,0
2026-07-04,(마스터ASC)[제과_콘스프맛 팝콘] 26.05_콘스프맛팝콘출시_ASC_전환_video,(마스터ASC)[콘스프맛 팝콘] 26.05_콘스프맛팝콘출시_ASC_전환_video,[26.06]F_V_PC콘_전환_팝콘더블특가_네고형_전화네고형.다이어트_var1.릴스_다이어트.슬기.X_1P_최나영_260625_제과_피재은,94,0,1502.0,0
2026-07-04,(미사용) [제과_단백질 쉐이크] 26.06_단백질쉐이크출시_ASC_전환_image,[제과_단백질 쉐이크] 26.06_단백질쉐이크출시_ASC_전환_image,[26.06]F_I_SK곡_전환_단백질쉐이크출시_제품강조형_건강자극_.배너_설탕.__이유빈_260626_제과_김나현,1,0,26.0,0
2026-07-05,(마스터ASC)[제과_콘스프맛 팝콘] 26.05_콘스프맛팝콘출시_ASC_전환_video,(마스터ASC)[콘스프맛 팝콘] 26.05_콘스프맛팝콘출시_ASC_전환_video,[26.06]F_V_PC콘_전환_팝콘더블특가_네고형_전화네고형.다이어트_var1.릴스_다이어트.슬기.X_1P_최나영_260625_제과_피재은,141,2,2407.0,3
2026-07-06,(마스터ASC)[제과_콘스프맛 팝콘] 26.05_콘스프맛팝콘출시_ASC_전환_video,(마스터ASC)[콘스프맛 팝콘] 26.05_콘스프맛팝콘출시_ASC_전환_video,[26.06]F_V_PC콘_전환_팝콘더블특가_네고형_전화네고형.다이어트_var1.릴스_다이어트.슬기.X_1P_최나영_260625_제과_피재은,896,15,14947.0,5
2026-07-07,(마스터ASC)[제과_콘스프맛 팝콘] 26.05_콘스프맛팝콘출시_ASC_전환_video,(마스터ASC)[콘스프맛 팝콘] 26.05_콘스프맛팝콘출시_ASC_전환_video,[26.06]F_V_PC콘_전환_팝콘더블특가_네고형_전화네고형.다이어트_var1.릴스_다이어트.슬기.X_1P_최나영_260625_제과_피재은,245,3,4486.0,0
2026-07-07,(미사용) [제과_단백질 쉐이크] 26.06_단백질쉐이크출시_ASC_전환_image,[제과_단백질 쉐이크] 26.06_단백질쉐이크출시_ASC_전환_image,[26.06]F_I_SK곡_전환_단백질쉐이크출시_제품강조형_건강자극_.배너_설탕.__이유빈_260626_제과_김나현,1,0,37.0,0
2026-07-07,(미사용) [제과_단백질 쉐이크] 26.06_단백질쉐이크출시_ASC_전환_image,[제과_단백질 쉐이크] 26.06_단백질쉐이크출시_ASC_전환_image,[26.06]F_I_SK혼_전환_단백질쉐이크출시_제품강조형_타사비교_.배너_저가비교.싸면토핑도적어서.__이유빈_260701_제과_김수정,59,0,1432.0,0
2026-07-08,(마스터ASC)[제과_콘스프맛 팝콘] 26.05_콘스프맛팝콘출시_ASC_전환_video,(마스터ASC)[콘스프맛 팝콘] 26.05_콘스프맛팝콘출시_ASC_전환_video,[26.06]F_V_PC콘_전환_팝콘더블특가_네고형_전화네고형.다이어트_var1.릴스_다이어트.슬기.X_1P_최나영_260625_제과_피재은,10,2,143.0,2
2026-07-08,(미사용) [제과_단백질 쉐이크] 26.06_단백질쉐이크출시_ASC_전환_image,[제과_단백질 쉐이크] 26.06_단백질쉐이크출시_ASC_전환_image,[26.06]F_I_SK혼_전환_단백질쉐이크출시_제품강조형_타사비교_.배너_저가비교.싸면토핑도적어서.__이유빈_260701_제과_김수정,314,8,7764.0,0
2026-07-08,[제과_단백질 쉐이크] 26.06_단백질쉐이크출시_수동_전환_image,파우치개당가강조_0706,[26.07]F_I_SK혼_전환_단백질쉐이크출시_혜택강조형_파우치.개당가강조_.배너_특정시점.대형할인급.올영원쁠원보다싼.확장__이유빈_260707_제과_김수정,43,0,873.0,0
2026-07-09,(마스터ASC)[제과_콘스프맛 팝콘] 26.05_콘스프맛팝콘출시_ASC_전환_video,(마스터ASC)[콘스프맛 팝콘] 26.05_콘스프맛팝콘출시_ASC_전환_video,[26.06]F_V_PC콘_전환_팝콘더블특가_네고형_전화네고형.다이어트_var1.릴스_다이어트.슬기.X_1P_최나영_260625_제과_피재은,5,0,113.0,0
2026-07-09,(미사용) [제과_단백질 쉐이크] 26.06_단백질쉐이크출시_ASC_전환_image,[제과_단백질 쉐이크] 26.06_단백질쉐이크출시_ASC_전환_image,[26.06]F_I_SK곡_전환_단백질쉐이크출시_제품강조형_건강자극_.배너_설탕.__이유빈_260626_제과_김나현,10,0,218.0,0
2026-07-09,[제과_단백질 쉐이크] 26.06_단백질쉐이크출시_수동_전환_image,파우치개당가강조_0706,[26.07]F_I_SK혼_전환_단백질쉐이크출시_혜택강조형_파우치.개당가강조_.배너_특정시점.대형할인급.올영원쁠원보다싼.확장__이유빈_260707_제과_김수정,248,2,7031.0,0
2026-07-10,[제과_단백질 쉐이크] 26.06_단백질쉐이크출시_수동_전환_image,파우치개당가강조_0706,[26.07]F_I_SK혼_전환_단백질쉐이크출시_혜택강조형_파우치.개당가강조_.배너_특정시점.대형할인급.올영원쁠원보다싼.확장__이유빈_260707_제과_김수정,15,0,433.0,0
2026-07-11,[제과_단백질 쉐이크] 26.06_단백질쉐이크출시_수동_전환_image,파우치개당가강조_0706,[26.07]F_I_SK혼_전환_단백질쉐이크출시_혜택강조형_파우치.개당가강조_.배너_특정시점.대형할인급.올영원쁠원보다싼.확장__이유빈_260707_제과_김수정,2,0,17.0,0
2026-07-14,(마스터ASC)[제과_콘스프맛 팝콘] 26.05_콘스프맛팝콘출시_ASC_전환_video,(마스터ASC)[콘스프맛 팝콘] 26.05_콘스프맛팝콘출시_ASC_전환_video,[26.06]F_V_PC콘_전환_팝콘더블특가_네고형_전화네고형.다이어트_var1.릴스_다이어트.슬기.X_1P_최나영_260625_제과_피재은,6,0,35.0,0
2026-07-15,[제과_단백질 쉐이크] 26.06_단백질쉐이크출시_수동_전환_image,올영최저가비교_0714,[26.07]F_I_SK초_전환_단백질쉐이크출시_혜택강조형_올영최저가비교_.배너_핑크박스.네고형.수량소진시정상가.확장__이유빈_260714_제과_문다현,11,2,463.0,1
2026-07-15,(마스터ASC)[제과_블트하] 26.07_블트깡출시_ASC_전환_video,(마스터ASC)[제과_블트하] 26.07_블트깡출시_ASC_전환_video,[26.07]F_V_BT깡_전환_블트깡출시_제조과정형_CS제조과정형.KR2_var2.릴스_대세감.슬기.X_1P_김소희_260715_제과_피재은,610,4,8343.0,0
2026-07-16,[제과_단백질 쉐이크] 26.06_단백질쉐이크출시_수동_전환_image,올영최저가비교_0714,[26.07]F_I_SK초_전환_단백질쉐이크출시_혜택강조형_올영최저가비교_.배너_핑크박스.네고형.수량소진시정상가.확장__이유빈_260714_제과_문다현,25,1,566.0,0
2026-07-16,[제과_블트하] 26.07_블트깡출시_수동_전환_video_전체타겟,미틀리에BP_블트깡출시 (KR2),[26.07]F_V_BT깡_전환_블트깡출시_원가강조형_미틀리에BP.KR2_main.릴스_BP그대로.X_1P_최나영_260715_제과_강경연,11423,329,209835.0,42
2026-07-16,(마스터ASC)[제과_블트하] 26.07_블트깡출시_ASC_전환_image,(마스터ASC)[제과_블트하] 26.07_블트깡출시_ASC_전환_image,[26.07]F_I_BT깡_전환_블트깡출시_혜택강조형_KR2_.배너_원산지권위.에르메스급.검증__김소희_260715_제과_김수정,972,22,18835.0,3
2026-07-17,(마스터ASC)[제과_블트하] 26.07_블트깡출시_ASC_전환_video,(마스터ASC)[제과_블트하] 26.07_블트깡출시_ASC_전환_video,[26.07]F_V_BT깡_전환_블트깡출시_인물리뷰형_에어프라이기BP.KR1_var4.릴스_맥주.슬기.X_1P_최나영_260716_제과_피재은,6173,174,115607.0,29
2026-07-18,(마스터ASC)[제과_블트하] 26.07_블트깡출시_ASC_전환_video,(마스터ASC)[제과_블트하] 26.07_블트깡출시_ASC_전환_video,[26.07]F_V_BT깡_전환_블트깡출시_인물리뷰형_에어프라이기BP.KR1_var4.릴스_맥주.슬기.X_1P_최나영_260716_제과_피재은,376,13,7780.0,3
2026-07-19,(마스터ASC)[제과_콘스프맛 팝콘] 26.05_콘스프맛팝콘출시_ASC_전환_video,(마스터ASC)[콘스프맛 팝콘] 26.05_콘스프맛팝콘출시_ASC_전환_video,[26.06]F_V_PC콘_전환_팝콘더블특가_네고형_전화네고형.다이어트_var1.릴스_다이어트.슬기.X_1P_최나영_260625_제과_피재은,266,8,3986.0,0
2026-07-19,[제과_블트하] 26.07_블트깡출시_수동_전환_video_전체타겟,미틀리에BP_블트깡출시 (KR2),[26.07]F_V_BT깡_전환_블트깡출시_원가강조형_미틀리에BP.KR2_main.릴스_BP그대로.X_1P_최나영_260715_제과_강경연,6469,278,93562.0,22
2026-07-19,(마스터ASC)[제과_블트하] 26.07_블트깡출시_ASC_전환_video,(마스터ASC)[제과_블트하] 26.07_블트깡출시_ASC_전환_video,[26.07]F_V_BT깡_전환_블트깡출시_인물리뷰형_에어프라이기BP.KR1_var4.릴스_맥주.슬기.X_1P_최나영_260716_제과_피재은,64,1,1578.0,1
2026-07-20,(마스터ASC)[제과_콘스프맛 팝콘] 26.05_콘스프맛팝콘출시_ASC_전환_video,(마스터ASC)[콘스프맛 팝콘] 26.05_콘스프맛팝콘출시_ASC_전환_video,[26.06]F_V_PC콘_전환_팝콘더블특가_네고형_전화네고형.다이어트_var1.릴스_다이어트.슬기.X_1P_최나영_260625_제과_피재은,904,23,11830.0,1
2026-07-20,[제과_블트하] 26.07_블트깡출시_수동_전환_video_전체타겟,미틀리에BP_블트깡출시 (KR2),[26.07]F_V_BT깡_전환_블트깡출시_원가강조형_미틀리에BP.KR2_main.릴스_BP그대로.X_1P_최나영_260715_제과_강경연,24255,947,419800.0,105
2026-07-20,(마스터ASC)[제과_블트하] 26.07_블트깡출시_ASC_전환_video,(마스터ASC)[제과_블트하] 26.07_블트깡출시_ASC_전환_video,[26.07]F_V_BT깡_전환_블트깡출시_인물리뷰형_에어프라이기BP.KR1_var4.릴스_맥주.슬기.X_1P_최나영_260716_제과_피재은,395,12,9514.0,0
2026-07-21,[제과_단백질 쉐이크] 26.06_단백질쉐이크출시_수동_전환_image,올영최저가비교_0714,[26.07]F_I_SK초_전환_단백질쉐이크출시_혜택강조형_올영최저가비교_.배너_핑크박스.네고형.수량소진시정상가.확장__이유빈_260714_제과_문다현,14,1,917.0,0
2026-07-21,[제과_블트하] 26.07_블트깡출시_수동_전환_video_전체타겟,미틀리에BP_블트깡출시 (KR2),[26.07]F_V_BT깡_전환_블트깡출시_원가강조형_미틀리에BP.KR2_main.릴스_BP그대로.X_1P_최나영_260715_제과_강경연,19480,877,377331.0,87
2026-07-22,[제과_블트하] 26.07_블트깡출시_수동_전환_video_전체타겟,미틀리에BP_블트깡출시 (KR2),[26.07]F_V_BT깡_전환_블트깡출시_원가강조형_미틀리에BP.KR2_main.릴스_BP그대로.X_1P_최나영_260715_제과_강경연,8245,361,116152.0,19
2026-07-22,(마스터ASC)[제과_블트하] 26.07_블트깡출시_ASC_전환_image,(마스터ASC)[제과_블트하] 26.07_블트깡출시_ASC_전환_image,[26.07]F_I_BT깡_전환_블트깡출시_바이럴형_KR1_.릴스_맘카페페르소나.지면테스트.엄마들단톡.검증__김소희_260721_제과_김수정,98,3,1822.0,1
2026-07-22,[칩] (마스터ASC)[제과_블트하] 26.07_블트칩출시_ASC_전환_image,[칩] (마스터ASC)[제과_블트하] 26.07_블트칩출시_ASC_전환_image,[26.07]F_I_BT칩_전환_블트칩출시_혜택강조형_KR2_.배너_비싼거때려넣음.지면테스트..검증__김소희_260722_제과_박서연,149,5,3475.0,0
2026-07-23,[제과_블트하] 26.07_블트깡출시_수동_전환_video_전체타겟,미틀리에BP_블트깡출시 (KR2),[26.07]F_V_BT깡_전환_블트깡출시_원가강조형_미틀리에BP.KR2_main.릴스_BP그대로.X_1P_최나영_260715_제과_강경연,6075,225,61875.0,8
2026-07-23,(마스터ASC)[제과_블트하] 26.07_블트깡출시_ASC_전환_image,(마스터ASC)[제과_블트하] 26.07_블트깡출시_ASC_전환_image,[26.07]F_I_BT깡_전환_블트깡출시_바이럴형_KR1_.릴스_맘카페페르소나.지면테스트.엄마들단톡.검증__김소희_260721_제과_김수정,8,0,113.0,0
2026-07-23,[칩] (마스터ASC)[제과_블트하] 26.07_블트칩출시_ASC_전환_image,[칩] (마스터ASC)[제과_블트하] 26.07_블트칩출시_ASC_전환_image,[26.07]F_I_BT칩_전환_블트칩출시_혜택강조형_KR2_.배너_비싼거때려넣음.지면테스트..검증__김소희_260722_제과_박서연,75,4,1829.0,0
2026-07-23,(마스터ASC)[제과_블트하] 26.07_블트깡출시_ASC_전환_image,(마스터ASC)[제과_블트하] 26.07_블트깡출시_ASC_전환_image,[26.07]F_I_BT혼_전환_블트칩출시_혜택강조형_KR1_.배너_가격실수안내.배경맛비주얼.확장__김소희_260723_제과_김수정,18,1,289.0,0
2026-07-24,[칩] (마스터ASC)[제과_블트하] 26.07_블트칩출시_ASC_전환_image,[칩] (마스터ASC)[제과_블트하] 26.07_블트칩출시_ASC_전환_image,[26.07]F_I_BT칩_전환_블트칩출시_혜택강조형_KR2_.배너_비싼거때려넣음.지면테스트..검증__김소희_260722_제과_박서연,43,1,1031.0,0
2026-07-24,[제과_블트하] 26.07_블트깡출시_수동_전환_image_전체타겟,(시리즈) 맘카페&혜택강조형_블트칩출시 (KR1) (0723),[26.07]F_I_BT혼_전환_블트칩출시_혜택강조형_KR1_.배너_가격실수안내.배경맛비주얼.확장__김소희_260723_제과_김수정,2322,45,36737.0,3
2026-07-24,(마스터ASC)[제과_블트하] 26.07_블트깡출시_ASC_전환_image,(마스터ASC)[제과_블트하] 26.07_블트깡출시_ASC_전환_image,[26.07]F_I_BT혼_전환_블트칩출시_혜택강조형_KR1_.배너_가격실수안내.배경맛비주얼.확장__김소희_260723_제과_김수정,777,22,19884.0,0
2026-07-25,(마스터ASC)[제과_블트하] 26.07_블트깡출시_ASC_전환_video,(마스터ASC)[제과_블트하] 26.07_블트깡출시_ASC_전환_video,[26.07]F_V_BT깡_전환_블트깡출시_인물리뷰형_에어프라이기BP.KR1_var4.릴스_맥주.슬기.X_1P_최나영_260716_제과_피재은,22,1,962.0,0
2026-07-25,[칩] (마스터ASC)[제과_블트하] 26.07_블트칩출시_ASC_전환_image,[칩] (마스터ASC)[제과_블트하] 26.07_블트칩출시_ASC_전환_image,[26.07]F_I_BT칩_전환_블트칩출시_혜택강조형_KR2_.배너_비싼거때려넣음.지면테스트..검증__김소희_260722_제과_박서연,1,0,11.0,0
2026-07-25,[제과_블트하] 26.07_블트깡출시_수동_전환_image_전체타겟,(시리즈) 맘카페&혜택강조형_블트칩출시 (KR1) (0723),[26.07]F_I_BT혼_전환_블트칩출시_혜택강조형_KR1_.배너_가격실수안내.배경맛비주얼.확장__김소희_260723_제과_김수정,608,27,15712.0,0
2026-07-26,(마스터ASC)[제과_블트하] 26.07_블트깡출시_ASC_전환_video,(마스터ASC)[제과_블트하] 26.07_블트깡출시_ASC_전환_video,[26.07]F_V_BT깡_전환_블트깡출시_인물리뷰형_에어프라이기BP.KR1_var4.릴스_맥주.슬기.X_1P_최나영_260716_제과_피재은,131,1,4621.0,0
2026-07-26,[제과_블트하] 26.07_블트깡출시_수동_전환_image_전체타겟,(시리즈) 맘카페&혜택강조형_블트칩출시 (KR1) (0723),[26.07]F_I_BT혼_전환_블트칩출시_혜택강조형_KR1_.배너_가격실수안내.배경맛비주얼.확장__김소희_260723_제과_김수정,1532,41,40792.0,2
2026-07-27,[제과_블트하] 26.07_블트깡출시_수동_전환_video_전체타겟,미틀리에BP_블트깡출시 (KR2),[26.07]F_V_BT깡_전환_블트깡출시_원가강조형_미틀리에BP.KR2_main.릴스_BP그대로.X_1P_최나영_260715_제과_강경연,44420,1153,1018607.0,73
2026-07-27,(마스터ASC)[제과_블트하] 26.07_블트깡출시_ASC_전환_video,(마스터ASC)[제과_블트하] 26.07_블트깡출시_ASC_전환_video,[26.07]F_V_BT깡_전환_블트깡출시_인물리뷰형_에어프라이기BP.KR1_var4.릴스_맥주.슬기.X_1P_최나영_260716_제과_피재은,114,6,3013.0,0
2026-07-27,[제과_블트하] 26.07_블트깡출시_수동_전환_image_전체타겟,(시리즈) 맘카페&혜택강조형_블트칩출시 (KR1) (0723),[26.07]F_I_BT혼_전환_블트칩출시_혜택강조형_KR1_.배너_가격실수안내.배경맛비주얼.확장__김소희_260723_제과_김수정,5943,123,146215.0,12
2026-07-28,[제과_블트하] 26.07_블트깡출시_수동_전환_video_전체타겟,미틀리에BP_블트깡출시 (KR2),[26.07]F_V_BT깡_전환_블트깡출시_원가강조형_미틀리에BP.KR2_main.릴스_BP그대로.X_1P_최나영_260715_제과_강경연,13883,401,329338.0,31
2026-07-28,(마스터ASC)[제과_블트하] 26.07_블트깡출시_ASC_전환_video,(마스터ASC)[제과_블트하] 26.07_블트깡출시_ASC_전환_video,[26.07]F_V_BT깡_전환_블트깡출시_인물리뷰형_에어프라이기BP.KR1_var4.릴스_맥주.슬기.X_1P_최나영_260716_제과_피재은,393,9,12551.0,2
2026-07-28,[제과_블트하] 26.07_블트깡출시_수동_전환_image_전체타겟,(시리즈) 맘카페&혜택강조형_블트칩출시 (KR1) (0723),[26.07]F_I_BT혼_전환_블트칩출시_혜택강조형_KR1_.배너_가격실수안내.배경맛비주얼.확장__김소희_260723_제과_김수정,705,9,18174.0,0
2026-07-01,(마스터ASC)[제과_콘스프맛 팝콘] 26.05_콘스프맛팝콘출시_ASC_전환_video,(마스터ASC)[콘스프맛 팝콘] 26.05_콘스프맛팝콘출시_ASC_전환_video,[26.06]F_V_PC콘_전환_팝콘더블특가_네고형_전화네고형.다이어트_main.릴스_메인.슬기.X_1P_최나영_260625_제과_피재은,14233,329,291688.0,61
2026-07-01,[제과_콘스프맛 팝콘] 26.05_콘스프맛팝콘출시_수동_전환_image,메세지&반값_팝콘더블특가 (~7/1),[26.06]F_I_PC혼_전환_팝콘더블특가_혜택강조형_다이어트_.배너_메세지테스트.51%.패키지박스.__김소희_260626_제과_김수정,81,6,2589.0,1
2026-07-01,[콘스프맛 팝콘] 26.05_콘스프맛팝콘출시_ASC_전환_image (old),[콘스프맛 팝콘] 26.05_콘스프맛팝콘출시_ASC_전환_image (old),[26.06]F_I_PC혼_전환_팝콘더블특가_혜택강조형__.배너_혜택강조형.영수증.__김소희_260629_제과_김수정,657,17,16398.0,4
2026-07-01,[콘스프맛 팝콘] 26.05_콘스프맛팝콘출시_ASC_전환_image (old),[콘스프맛 팝콘] 26.05_콘스프맛팝콘출시_ASC_전환_image (old),[26.06]F_I_PC혼_전환_팝콘더블특가_혜택강조형__.배너_혜택강조형.찐속세맛보시라고.__김소희_260629_제과_김수정,390,11,11664.0,2
2026-07-01,[콘스프맛 팝콘] 26.05_콘스프맛팝콘출시_ASC_전환_image (old),[콘스프맛 팝콘] 26.05_콘스프맛팝콘출시_ASC_전환_image (old),[26.06]F_I_PC혼_전환_팝콘더블특가_매거진형_다이어트_.배너_오늘까지만할인.요요.입터짐방지템.확장__김소희_260701_제과_문다현,11,0,283.0,0
2026-07-02,(마스터ASC)[제과_콘스프맛 팝콘] 26.05_콘스프맛팝콘출시_ASC_전환_video,(마스터ASC)[콘스프맛 팝콘] 26.05_콘스프맛팝콘출시_ASC_전환_video,[26.06]F_V_PC콘_전환_팝콘더블특가_네고형_전화네고형.다이어트_main.릴스_메인.슬기.X_1P_최나영_260625_제과_피재은,28433,617,550427.0,106
2026-07-02,[콘스프맛 팝콘] 26.05_콘스프맛팝콘출시_ASC_전환_image (old),[콘스프맛 팝콘] 26.05_콘스프맛팝콘출시_ASC_전환_image (old),[26.06]F_I_PC혼_전환_팝콘더블특가_혜택강조형__.배너_혜택강조형.영수증.__김소희_260629_제과_김수정,19,0,513.0,0
2026-07-02,[콘스프맛 팝콘] 26.05_콘스프맛팝콘출시_ASC_전환_image (old),[콘스프맛 팝콘] 26.05_콘스프맛팝콘출시_ASC_전환_image (old),[26.06]F_I_PC혼_전환_팝콘더블특가_혜택강조형__.배너_혜택강조형.찐속세맛보시라고.__김소희_260629_제과_김수정,15,0,535.0,0
2026-07-02,[콘스프맛 팝콘] 26.05_콘스프맛팝콘출시_ASC_전환_image (old),[콘스프맛 팝콘] 26.05_콘스프맛팝콘출시_ASC_전환_image (old),[26.06]F_I_PC혼_전환_팝콘더블특가_매거진형_다이어트_.배너_오늘까지만할인.요요.입터짐방지템.확장__김소희_260701_제과_문다현,15,0,409.0,0
2026-07-03,(마스터ASC)[제과_콘스프맛 팝콘] 26.05_콘스프맛팝콘출시_ASC_전환_video,(마스터ASC)[콘스프맛 팝콘] 26.05_콘스프맛팝콘출시_ASC_전환_video,[26.06]F_V_PC콘_전환_팝콘더블특가_네고형_전화네고형.다이어트_main.릴스_메인.슬기.X_1P_최나영_260625_제과_피재은,4205,100,96426.0,19
2026-07-04,(마스터ASC)[제과_콘스프맛 팝콘] 26.05_콘스프맛팝콘출시_ASC_전환_video,(마스터ASC)[콘스프맛 팝콘] 26.05_콘스프맛팝콘출시_ASC_전환_video,[26.06]F_V_PC콘_전환_팝콘더블특가_네고형_전화네고형.다이어트_main.릴스_메인.슬기.X_1P_최나영_260625_제과_피재은,11423,339,245168.0,38
2026-07-04,[제과_단백질 쉐이크] 26.06_단백질쉐이크출시_ASC_전환_video,[제과_단백질 쉐이크] 26.06_단백질쉐이크출시_ASC_전환_video,[26.07]F_V_SK곡_전환_단백질쉐이크출시_네고형_전화네고형_var5.릴스_선택지.숏.X_2P_이유빈_260703_제과_윤성미,81,3,1860.0,0
2026-07-05,(마스터ASC)[제과_콘스프맛 팝콘] 26.05_콘스프맛팝콘출시_ASC_전환_video,(마스터ASC)[콘스프맛 팝콘] 26.05_콘스프맛팝콘출시_ASC_전환_video,[26.06]F_V_PC콘_전환_팝콘더블특가_네고형_전화네고형.다이어트_main.릴스_메인.슬기.X_1P_최나영_260625_제과_피재은,43388,995,766941.0,132
2026-07-05,[제과_단백질 쉐이크] 26.06_단백질쉐이크출시_ASC_전환_video,[제과_단백질 쉐이크] 26.06_단백질쉐이크출시_ASC_전환_video,[26.07]F_V_SK곡_전환_단백질쉐이크출시_네고형_전화네고형_var5.릴스_선택지.숏.X_2P_이유빈_260703_제과_윤성미,37,4,907.0,1
2026-07-06,(마스터ASC)[제과_콘스프맛 팝콘] 26.05_콘스프맛팝콘출시_ASC_전환_video,(마스터ASC)[콘스프맛 팝콘] 26.05_콘스프맛팝콘출시_ASC_전환_video,[26.06]F_V_PC콘_전환_팝콘더블특가_네고형_전화네고형.다이어트_main.릴스_메인.슬기.X_1P_최나영_260625_제과_피재은,51815,1171,874868.0,142
2026-07-06,[제과_단백질 쉐이크] 26.06_단백질쉐이크출시_ASC_전환_video,[제과_단백질 쉐이크] 26.06_단백질쉐이크출시_ASC_전환_video,[26.07]F_V_SK곡_전환_단백질쉐이크출시_네고형_전화네고형_var5.릴스_선택지.숏.X_2P_이유빈_260703_제과_윤성미,15,0,289.0,0
2026-07-07,(마스터ASC)[제과_콘스프맛 팝콘] 26.05_콘스프맛팝콘출시_ASC_전환_video,(마스터ASC)[콘스프맛 팝콘] 26.05_콘스프맛팝콘출시_ASC_전환_video,[26.06]F_V_PC콘_전환_팝콘더블특가_네고형_전화네고형.다이어트_main.릴스_메인.슬기.X_1P_최나영_260625_제과_피재은,16957,469,321079.0,50
2026-07-07,[제과_단백질 쉐이크] 26.06_단백질쉐이크출시_ASC_전환_video,[제과_단백질 쉐이크] 26.06_단백질쉐이크출시_ASC_전환_video,[26.07]F_V_SK곡_전환_단백질쉐이크출시_네고형_전화네고형_var5.릴스_선택지.숏.X_2P_이유빈_260703_제과_윤성미,5,0,55.0,0
2026-07-07,(마스터2) [제과_단백질 쉐이크] 26.07_단백질쉐이크출시_ASC_전환_image,(마스터2) [제과_단백질 쉐이크] 26.07_단백질쉐이크출시_ASC_전환_image,[26.07]F_I_SK초_전환_단백질쉐이크출시_혜택강조형_파우치.개당가강조_.배너_대용랑페포.가루쏟은이미지.확장__이유빈_260707_제과_김수정,5,0,73.0,0
2026-07-07,(마스터2) [제과_단백질 쉐이크] 26.07_단백질쉐이크출시_ASC_전환_image,(마스터2) [제과_단백질 쉐이크] 26.07_단백질쉐이크출시_ASC_전환_image,[26.07]F_I_SK혼_전환_단백질쉐이크출시_혜택강조형_파우치.개당가강조_.배너_대용량페포.메세지테스트.물조절실패.통단쉐.확장__이유빈_260707_제과_김수정,1159,22,22446.0,6
2026-07-08,(마스터ASC)[제과_콘스프맛 팝콘] 26.05_콘스프맛팝콘출시_ASC_전환_video,(마스터ASC)[콘스프맛 팝콘] 26.05_콘스프맛팝콘출시_ASC_전환_video,[26.06]F_V_PC콘_전환_팝콘더블특가_네고형_전화네고형.다이어트_main.릴스_메인.슬기.X_1P_최나영_260625_제과_피재은,1677,69,33612.0,4
2026-07-08,[제과_단백질 쉐이크] 26.06_단백질쉐이크출시_ASC_전환_video,[제과_단백질 쉐이크] 26.06_단백질쉐이크출시_ASC_전환_video,[26.07]F_V_SK곡_전환_단백질쉐이크출시_네고형_전화네고형_var5.릴스_선택지.숏.X_2P_이유빈_260703_제과_윤성미,46,2,1230.0,0
2026-07-08,(마스터2) [제과_단백질 쉐이크] 26.07_단백질쉐이크출시_ASC_전환_image,(마스터2) [제과_단백질 쉐이크] 26.07_단백질쉐이크출시_ASC_전환_image,[26.07]F_I_SK혼_전환_단백질쉐이크출시_혜택강조형_파우치.개당가강조_.배너_대용량페포.메세지테스트.물조절실패.통단쉐.확장__이유빈_260707_제과_김수정,883,16,15935.0,0
2026-07-09,(마스터ASC)[제과_콘스프맛 팝콘] 26.05_콘스프맛팝콘출시_ASC_전환_video,(마스터ASC)[콘스프맛 팝콘] 26.05_콘스프맛팝콘출시_ASC_전환_video,[26.06]F_V_PC콘_전환_팝콘더블특가_네고형_전화네고형.다이어트_main.릴스_메인.슬기.X_1P_최나영_260625_제과_피재은,13210,432,272930.0,64
2026-07-09,(마스터2) [제과_단백질 쉐이크] 26.07_단백질쉐이크출시_ASC_전환_image,(마스터2) [제과_단백질 쉐이크] 26.07_단백질쉐이크출시_ASC_전환_image,[26.07]F_I_SK초_전환_단백질쉐이크출시_혜택강조형_파우치.개당가강조_.배너_대용랑페포.가루쏟은이미지.확장__이유빈_260707_제과_김수정,140,3,2884.0,0
2026-07-09,(마스터2) [제과_단백질 쉐이크] 26.07_단백질쉐이크출시_ASC_전환_image,(마스터2) [제과_단백질 쉐이크] 26.07_단백질쉐이크출시_ASC_전환_image,[26.07]F_I_SK혼_전환_단백질쉐이크출시_혜택강조형_파우치.개당가강조_.배너_대용량페포.메세지테스트.물조절실패.통단쉐.확장__이유빈_260707_제과_김수정,976,22,21504.0,3
2026-07-09,(마스터ASC)[제과_콘스프맛 팝콘] 26.07_콘스프맛팝콘출시_ASC_전환_image (NEW),(마스터ASC)[콘스프맛 팝콘] 26.07_콘스프맛팝콘출시_ASC_전환_image (NEW),[26.07]F_I_PC혼_전환_상시_매거진형_다이어트_.배너_맛타협페인포인트.밍밍다이어트과자.입터짐방지용.검증__김소희_260708_제과_문다현,25,0,239.0,0
2026-07-11,[제과_단백질 쉐이크] 26.06_단백질쉐이크출시_ASC_전환_video,[제과_단백질 쉐이크] 26.06_단백질쉐이크출시_ASC_전환_video,[26.07]F_V_SK혼_전환_단백질쉐이크출시_신규BP_문제공감형.파우치.개당가강조_var3.릴스_노력강조.네고왕.X_2P_이유빈_260710_제과_이봄1,6,0,95.0,0
2026-07-12,[제과_단백질 쉐이크] 26.06_단백질쉐이크출시_ASC_전환_video,[제과_단백질 쉐이크] 26.06_단백질쉐이크출시_ASC_전환_video,[26.07]F_V_SK혼_전환_단백질쉐이크출시_신규BP_문제공감형.파우치.개당가강조_var3.릴스_노력강조.네고왕.X_2P_이유빈_260710_제과_이봄1,11,1,229.0,0
2026-07-13,(마스터2) [제과_단백질 쉐이크] 26.07_단백질쉐이크출시_ASC_전환_image,(마스터2) [제과_단백질 쉐이크] 26.07_단백질쉐이크출시_ASC_전환_image,[26.07]F_I_SK혼_전환_단백질쉐이크출시_혜택강조형_파우치.개당가강조_.배너_대용량페포.메세지테스트.물조절실패.통단쉐.확장__이유빈_260707_제과_김수정,47,1,1318.0,0
2026-07-14,(마스터2) [제과_단백질 쉐이크] 26.07_단백질쉐이크출시_ASC_전환_image,(마스터2) [제과_단백질 쉐이크] 26.07_단백질쉐이크출시_ASC_전환_image,[26.07]F_I_SK혼_전환_단백질쉐이크출시_혜택강조형_파우치.개당가강조_.배너_대용량페포.메세지테스트.물조절실패.통단쉐.확장__이유빈_260707_제과_김수정,11,0,261.0,0
2026-07-14,[제과_단백질 쉐이크] 26.06_단백질쉐이크출시_ASC_전환_video,[제과_단백질 쉐이크] 26.06_단백질쉐이크출시_ASC_전환_video,[26.07]F_V_SK혼_전환_단백질쉐이크출시_신규BP_문제공감형.파우치.개당가강조_var3.릴스_노력강조.네고왕.X_2P_이유빈_260710_제과_이봄1,1,0,4.0,0
2026-07-15,(마스터2) [제과_단백질 쉐이크] 26.07_단백질쉐이크출시_ASC_전환_image,(마스터2) [제과_단백질 쉐이크] 26.07_단백질쉐이크출시_ASC_전환_image,[26.07]F_I_SK혼_전환_단백질쉐이크출시_혜택강조형_올영최저가비교_.배너_폭싹깎았어요.네고형.확장__이유빈_260714_제과_문다현,86,3,1909.0,0
2026-07-15,[제과_블트하] 26.07_블트깡출시_수동_전환_video_전체타겟,BP이식형2_블트깡출시 (KR1/2),[26.07]F_V_BT깡_전환_블트깡출시_쩜오건_원재료강조.KR2_main.릴스_자르는ver.X_1P_김소희_260715_제과_문형민,172,5,2350.0,1
2026-07-15,[제과_블트하] 26.07_블트깡출시_수동_전환_image_전체타겟,집단유행/유명인_블트깡출시 (KR1),[26.07]F_I_BT깡_전환_블트깡출시_매거진형_KR1_.배너_일반특정집단.3040사이에서.검증__김소희_260715_제과_김수정,13,0,158.0,0
2026-07-16,(마스터2) [제과_단백질 쉐이크] 26.07_단백질쉐이크출시_ASC_전환_image,(마스터2) [제과_단백질 쉐이크] 26.07_단백질쉐이크출시_ASC_전환_image,[26.07]F_I_SK혼_전환_단백질쉐이크출시_혜택강조형_올영최저가비교_.배너_폭싹깎았어요.네고형.확장__이유빈_260714_제과_문다현,660,11,10396.0,0
2026-07-16,(마스터ASC)[제과_블트하] 26.07_블트깡출시_ASC_전환_video,(마스터ASC)[제과_블트하] 26.07_블트깡출시_ASC_전환_video,[26.07]F_V_BT깡_전환_블트깡출시_쩜오건_맛조합맥주.KR1_main.릴스_제품후킹.X_1P_김소희_260715_제과_문형민,5185,179,71743.0,17
2026-07-16,[제과_블트하] 26.07_블트깡출시_수동_전환_video_전체타겟,BP이식형2_블트깡출시 (KR1/2),[26.07]F_V_BT깡_전환_블트깡출시_쩜오건_원재료강조.KR2_main.릴스_자르는ver.X_1P_김소희_260715_제과_문형민,199,3,2699.0,0
2026-07-16,[제과_블트하] 26.07_블트깡출시_수동_전환_image_전체타겟,집단유행/유명인_블트깡출시 (KR1),[26.07]F_I_BT깡_전환_블트깡출시_매거진형_KR1_.배너_일반특정집단.3040사이에서.검증__김소희_260715_제과_김수정,11,0,379.0,0
2026-07-17,[제과_단백질 쉐이크] 26.06_단백질쉐이크출시_ASC_전환_video,[제과_단백질 쉐이크] 26.06_단백질쉐이크출시_ASC_전환_video,[26.07]F_V_SK혼_전환_단백질쉐이크출시_신규BP_문제공감형.파우치.개당가강조_var3.릴스_노력강조.네고왕.X_2P_이유빈_260710_제과_이봄1,3,0,88.0,0
2026-07-17,(마스터ASC)[제과_블트하] 26.07_블트깡출시_ASC_전환_video,(마스터ASC)[제과_블트하] 26.07_블트깡출시_ASC_전환_video,[26.07]F_V_BT깡_전환_블트깡출시_쩜오건_맛조합맥주.KR1_main.릴스_제품후킹.X_1P_김소희_260715_제과_문형민,1981,59,28418.0,4
2026-07-17,[제과_블트하] 26.07_블트깡출시_수동_전환_video_전체타겟,BP이식형2_블트깡출시 (KR1/2),[26.07]F_V_BT깡_전환_블트깡출시_쩜오건_원재료강조.KR2_main.릴스_자르는ver.X_1P_김소희_260715_제과_문형민,432,16,4207.0,2
2026-07-17,[제과_블트하] 26.07_블트깡출시_수동_전환_image_전체타겟,집단유행/유명인_블트깡출시 (KR1),[26.07]F_I_BT깡_전환_블트깡출시_매거진형_KR1_.배너_일반특정집단.3040사이에서.검증__김소희_260715_제과_김수정,3,0,50.0,0
2026-07-18,[제과_블트하] 26.07_블트깡출시_수동_전환_video_전체타겟,BP이식형2_블트깡출시 (KR1/2),[26.07]F_V_BT깡_전환_블트깡출시_쩜오건_원재료강조.KR2_main.릴스_자르는ver.X_1P_김소희_260715_제과_문형민,351,18,5378.0,3
2026-07-19,(마스터2) [제과_단백질 쉐이크] 26.07_단백질쉐이크출시_ASC_전환_image,(마스터2) [제과_단백질 쉐이크] 26.07_단백질쉐이크출시_ASC_전환_image,[26.07]F_I_SK혼_전환_단백질쉐이크출시_혜택강조형_파우치.개당가강조_.배너_대용량페포.메세지테스트.물조절실패.통단쉐.확장__이유빈_260707_제과_김수정,1,0,9.0,0
2026-07-19,[제과_단백질 쉐이크] 26.06_단백질쉐이크출시_ASC_전환_video,[제과_단백질 쉐이크] 26.06_단백질쉐이크출시_ASC_전환_video,[26.07]F_V_SK혼_전환_단백질쉐이크출시_신규BP_문제공감형.파우치.개당가강조_var3.릴스_노력강조.네고왕.X_2P_이유빈_260710_제과_이봄1,11,1,197.0,0
2026-07-19,[제과_블트하] 26.07_블트깡출시_수동_전환_video_전체타겟,BP이식형2_블트깡출시 (KR1/2),[26.07]F_V_BT깡_전환_블트깡출시_쩜오건_원재료강조.KR2_main.릴스_자르는ver.X_1P_김소희_260715_제과_문형민,207,9,4466.0,2
2026-07-20,[제과_단백질 쉐이크] 26.06_단백질쉐이크출시_ASC_전환_video,[제과_단백질 쉐이크] 26.06_단백질쉐이크출시_ASC_전환_video,[26.07]F_V_SK혼_전환_단백질쉐이크출시_신규BP_문제공감형.파우치.개당가강조_var3.릴스_노력강조.네고왕.X_2P_이유빈_260710_제과_이봄1,735,18,12530.0,1
2026-07-20,[제과_블트하] 26.07_블트깡출시_수동_전환_video_전체타겟,BP이식형2_블트깡출시 (KR1/2),[26.07]F_V_BT깡_전환_블트깡출시_쩜오건_원재료강조.KR2_main.릴스_자르는ver.X_1P_김소희_260715_제과_문형민,162,8,3435.0,0
2026-07-21,(마스터2) [제과_단백질 쉐이크] 26.07_단백질쉐이크출시_ASC_전환_image,(마스터2) [제과_단백질 쉐이크] 26.07_단백질쉐이크출시_ASC_전환_image,[26.07]F_I_SK혼_전환_단백질쉐이크출시_혜택강조형_파우치.개당가강조_.배너_대용량페포.메세지테스트.물조절실패.통단쉐.확장__이유빈_260707_제과_김수정,1,0,4.0,0
2026-07-21,[제과_블트하] 26.07_블트깡출시_수동_전환_video_전체타겟,BP이식형2_블트깡출시 (KR1/2),[26.07]F_V_BT깡_전환_블트깡출시_쩜오건_원재료강조.KR2_main.릴스_자르는ver.X_1P_김소희_260715_제과_문형민,172,8,4790.0,0
2026-07-21,[제과_블트하] 26.07_블트깡출시_수동_전환_image_전체타겟,집단유행/유명인_블트깡출시 (KR1),[26.07]F_I_BT깡_전환_블트깡출시_매거진형_KR1_.배너_일반특정집단.3040사이에서.검증__김소희_260715_제과_김수정,3,0,74.0,0
2026-07-21,(마스터ASC)[제과_블트하] 26.07_블트깡출시_ASC_전환_video,(마스터ASC)[제과_블트하] 26.07_블트깡출시_ASC_전환_video,[26.07]F_V_BT깡_전환_블트깡출시_인물리뷰형_맥주BP.KR1_main.릴스_메인.슬기.X_1P_최나영_260721_제과_피재은,2391,90,47412.0,8
2026-07-22,[제과_블트하] 26.07_블트깡출시_수동_전환_video_전체타겟,BP이식형2_블트깡출시 (KR1/2),[26.07]F_V_BT깡_전환_블트깡출시_쩜오건_원재료강조.KR2_main.릴스_자르는ver.X_1P_김소희_260715_제과_문형민,27,1,708.0,1
2026-07-23,[제과_블트하] 26.07_블트깡출시_수동_전환_video_전체타겟,BP이식형2_블트깡출시 (KR1/2),[26.07]F_V_BT깡_전환_블트깡출시_쩜오건_원재료강조.KR2_main.릴스_자르는ver.X_1P_김소희_260715_제과_문형민,65,2,1337.0,1
2026-07-23,(마스터ASC)[제과_블트하] 26.07_블트깡출시_ASC_전환_image,(마스터ASC)[제과_블트하] 26.07_블트깡출시_ASC_전환_image,[26.07]F_I_BT혼_전환_블트칩출시_혜택강조형_KR1_.배너_비싼트러플에50년전통.칩깡동시소구.확장__김소희_260723_제과_박서연,1,0,26.0,0
2026-07-24,[제과_블트하] 26.07_블트깡출시_수동_전환_video_전체타겟,BP이식형2_블트깡출시 (KR1/2),[26.07]F_V_BT깡_전환_블트깡출시_쩜오건_원재료강조.KR2_main.릴스_자르는ver.X_1P_김소희_260715_제과_문형민,19,1,242.0,0
2026-07-24,(마스터ASC)[제과_블트하] 26.07_블트깡출시_ASC_전환_image,(마스터ASC)[제과_블트하] 26.07_블트깡출시_ASC_전환_image,[26.07]F_I_BT혼_전환_블트칩출시_혜택강조형_KR1_.배너_비싼트러플에50년전통.칩깡동시소구.확장__김소희_260723_제과_박서연,9,0,147.0,0
2026-07-24,(마스터ASC)[제과_블트하] 26.07_블트깡출시_ASC_전환_video,(마스터ASC)[제과_블트하] 26.07_블트깡출시_ASC_전환_video,[26.07]F_V_BT깡_전환_블트깡출시_네고형_지인네고형.KR2_var1.릴스_중국산.슬기.X_1P_최나영_260724_제과_피재은,601,22,13478.0,0
2026-07-24,[칩] (마스터ASC)[제과_블트하] 26.07_블트칩출시_ASC_전환_video,[칩] (마스터ASC)[제과_블트하] 26.07_블트칩출시_ASC_전환_video,[26.07]F_V_BT칩_전환_블트칩출시_쩜오건_미쯔BP.KR1_var2.릴스_페르소나.X_2P_최나영_260724_제과_윤성미,2888,91,45910.0,8
2026-07-24,[칩] (마스터ASC)[제과_블트하] 26.07_블트칩출시_ASC_전환_video,[칩] (마스터ASC)[제과_블트하] 26.07_블트칩출시_ASC_전환_video,[26.07]F_P_BT혼_전환_블트칩출시_기타_파트너쉽_.릴스_.X__김소희_260724_제과_푸드의먹스타그램,133,2,1684.0,0
2026-07-25,(마스터ASC)[제과_블트하] 26.07_블트깡출시_ASC_전환_image,(마스터ASC)[제과_블트하] 26.07_블트깡출시_ASC_전환_image,[26.07]F_I_BT혼_전환_블트칩출시_혜택강조형_KR1_.배너_비싼트러플에50년전통.칩깡동시소구.확장__김소희_260723_제과_박서연,3,0,31.0,0
2026-07-25,[칩] (마스터ASC)[제과_블트하] 26.07_블트칩출시_ASC_전환_video,[칩] (마스터ASC)[제과_블트하] 26.07_블트칩출시_ASC_전환_video,[26.07]F_V_BT칩_전환_블트칩출시_쩜오건_미쯔BP.KR1_var2.릴스_페르소나.X_2P_최나영_260724_제과_윤성미,1801,57,33699.0,2
2026-07-25,[칩] (마스터ASC)[제과_블트하] 26.07_블트칩출시_ASC_전환_video,[칩] (마스터ASC)[제과_블트하] 26.07_블트칩출시_ASC_전환_video,[26.07]F_P_BT혼_전환_블트칩출시_기타_파트너쉽_.릴스_.X__김소희_260724_제과_푸드의먹스타그램,380,8,5442.0,1
2026-07-26,[칩] (마스터ASC)[제과_블트하] 26.07_블트칩출시_ASC_전환_video,[칩] (마스터ASC)[제과_블트하] 26.07_블트칩출시_ASC_전환_video,[26.07]F_V_BT칩_전환_블트칩출시_쩜오건_미쯔BP.KR1_var2.릴스_페르소나.X_2P_최나영_260724_제과_윤성미,3089,92,70309.0,6
2026-07-27,(마스터ASC)[제과_블트하] 26.07_블트깡출시_ASC_전환_video,(마스터ASC)[제과_블트하] 26.07_블트깡출시_ASC_전환_video,[26.07]F_V_BT깡_전환_블트깡출시_인물리뷰형_맥주BP.KR1_main.릴스_메인.슬기.X_1P_최나영_260721_제과_피재은,721,14,19165.0,1
2026-07-27,[칩] (마스터ASC)[제과_블트하] 26.07_블트칩출시_ASC_전환_video,[칩] (마스터ASC)[제과_블트하] 26.07_블트칩출시_ASC_전환_video,[26.07]F_V_BT칩_전환_블트칩출시_쩜오건_미쯔BP.KR1_var2.릴스_페르소나.X_2P_최나영_260724_제과_윤성미,1138,21,21506.0,2
2026-07-28,(마스터ASC)[제과_블트하] 26.07_블트깡출시_ASC_전환_video,(마스터ASC)[제과_블트하] 26.07_블트깡출시_ASC_전환_video,[26.07]F_V_BT깡_전환_블트깡출시_인물리뷰형_맥주BP.KR1_main.릴스_메인.슬기.X_1P_최나영_260721_제과_피재은,2114,52,61733.0,2
2026-07-28,[칩] (마스터ASC)[제과_블트하] 26.07_블트칩출시_ASC_전환_video,[칩] (마스터ASC)[제과_블트하] 26.07_블트칩출시_ASC_전환_video,[26.07]F_V_BT칩_전환_블트칩출시_쩜오건_미쯔BP.KR1_var2.릴스_페르소나.X_2P_최나영_260724_제과_윤성미,338,7,7304.0,0
2026-07-04,[제과_단백질 쉐이크] 26.06_단백질쉐이크출시_ASC_전환_video,[제과_단백질 쉐이크] 26.06_단백질쉐이크출시_ASC_전환_video,[26.07]F_V_SK혼_전환_단백질쉐이크출시_네고형_지인네고형_var4.릴스_맛.미숫가루.X_2P_이유빈_260703_제과_이봄1,14,2,339.0,0
2026-07-05,[제과_단백질 쉐이크] 26.06_단백질쉐이크출시_ASC_전환_video,[제과_단백질 쉐이크] 26.06_단백질쉐이크출시_ASC_전환_video,[26.07]F_V_SK혼_전환_단백질쉐이크출시_네고형_지인네고형_var4.릴스_맛.미숫가루.X_2P_이유빈_260703_제과_이봄1,1,0,3.0,0
2026-07-06,[제과_단백질 쉐이크] 26.06_단백질쉐이크출시_ASC_전환_video,[제과_단백질 쉐이크] 26.06_단백질쉐이크출시_ASC_전환_video,[26.07]F_V_SK혼_전환_단백질쉐이크출시_네고형_지인네고형_var4.릴스_맛.미숫가루.X_2P_이유빈_260703_제과_이봄1,1,0,33.0,0
2026-07-07,(마스터ASC)[제과_콘스프맛 팝콘] 26.07_콘스프맛팝콘출시_ASC_전환_image (NEW),(마스터ASC)[콘스프맛 팝콘] 26.07_콘스프맛팝콘출시_ASC_전환_image (NEW),[26.07]F_I_PC혼_전환_팝콘할인페스타_혜택강조형_다이어트_.배너_초록.선착순300명할인마감임박.늦은시간.자극속세맛.확장__김소희_260706_제과_문다현,942,28,17677.0,8
2026-07-08,(마스터ASC)[제과_콘스프맛 팝콘] 26.07_콘스프맛팝콘출시_ASC_전환_image (NEW),(마스터ASC)[콘스프맛 팝콘] 26.07_콘스프맛팝콘출시_ASC_전환_image (NEW),[26.07]F_I_PC혼_전환_팝콘할인페스타_혜택강조형_다이어트_.배너_초록.선착순300명할인마감임박.늦은시간.자극속세맛.확장__김소희_260706_제과_문다현,333,11,6642.0,1
2026-07-08,(마스터ASC)[제과_콘스프맛 팝콘] 26.07_콘스프맛팝콘출시_ASC_전환_image (NEW),(마스터ASC)[콘스프맛 팝콘] 26.07_콘스프맛팝콘출시_ASC_전환_image (NEW),[26.07]F_I_PC혼_전환_상시_매거진형_다이어트_.배너_자극부족페인포인트.삼삼한식단.자극적.속세그대로.검증__김소희_260708_제과_문다현,80,1,1471.0,0
2026-07-09,(마스터ASC)[제과_콘스프맛 팝콘] 26.07_콘스프맛팝콘출시_ASC_전환_image (NEW),(마스터ASC)[콘스프맛 팝콘] 26.07_콘스프맛팝콘출시_ASC_전환_image (NEW),[26.07]F_I_PC혼_전환_팝콘할인페스타_혜택강조형_다이어트_.배너_초록.선착순300명할인마감임박.늦은시간.자극속세맛.확장__김소희_260706_제과_문다현,1869,22,26208.0,8
2026-07-09,(마스터ASC)[제과_콘스프맛 팝콘] 26.07_콘스프맛팝콘출시_ASC_전환_image (NEW),(마스터ASC)[콘스프맛 팝콘] 26.07_콘스프맛팝콘출시_ASC_전환_image (NEW),[26.07]F_I_PC혼_전환_상시_매거진형_다이어트_.배너_자극부족페인포인트.삼삼한식단.자극적.속세그대로.검증__김소희_260708_제과_문다현,53,3,1021.0,0
2026-07-09,(마스터ASC)[제과_콘스프맛 팝콘] 26.07_콘스프맛팝콘출시_ASC_전환_image (NEW),(마스터ASC)[콘스프맛 팝콘] 26.07_콘스프맛팝콘출시_ASC_전환_image (NEW),[26.07]F_I_PC혼_전환_상시_매거진형_다이어트_.배너_운동보상페인포인트.죽어라운동.날릴수없잖아.다먹어도당당.검증__김소희_260708_제과_문다현,278,5,3810.0,1
2026-07-09,(마스터2) [제과_단백질 쉐이크] 26.07_단백질쉐이크출시_ASC_전환_image,(마스터2) [제과_단백질 쉐이크] 26.07_단백질쉐이크출시_ASC_전환_image,[26.07]F_I_SK혼_전환_단백질쉐이크출시_매거진형_파우치.개당가강조_.배너_포만감페인포인트.물만넣어도뚝딱.팝콘증정.검증__이유빈_260709_제과_문다현,11,1,386.0,0
2026-07-10,(마스터ASC)[제과_콘스프맛 팝콘] 26.07_콘스프맛팝콘출시_ASC_전환_image (NEW),(마스터ASC)[콘스프맛 팝콘] 26.07_콘스프맛팝콘출시_ASC_전환_image (NEW),[26.07]F_I_PC혼_전환_상시_매거진형_다이어트_.배너_자극부족페인포인트.삼삼한식단.자극적.속세그대로.검증__김소희_260708_제과_문다현,15,0,379.0,0
2026-07-10,(마스터ASC)[제과_콘스프맛 팝콘] 26.07_콘스프맛팝콘출시_ASC_전환_image (NEW),(마스터ASC)[콘스프맛 팝콘] 26.07_콘스프맛팝콘출시_ASC_전환_image (NEW),[26.07]F_I_PC혼_전환_상시_매거진형_다이어트_.배너_운동보상페인포인트.죽어라운동.날릴수없잖아.다먹어도당당.검증__김소희_260708_제과_문다현,502,8,7228.0,1
2026-07-10,(마스터2) [제과_단백질 쉐이크] 26.07_단백질쉐이크출시_ASC_전환_image,(마스터2) [제과_단백질 쉐이크] 26.07_단백질쉐이크출시_ASC_전환_image,[26.07]F_I_SK혼_전환_단백질쉐이크출시_매거진형_파우치.개당가강조_.배너_포만감페인포인트.물만넣어도뚝딱.팝콘증정.검증__이유빈_260709_제과_문다현,1933,37,36595.0,4
2026-07-11,(마스터ASC)[제과_콘스프맛 팝콘] 26.07_콘스프맛팝콘출시_ASC_전환_image (NEW),(마스터ASC)[콘스프맛 팝콘] 26.07_콘스프맛팝콘출시_ASC_전환_image (NEW),[26.07]F_I_PC혼_전환_상시_매거진형_다이어트_.배너_운동보상페인포인트.죽어라운동.날릴수없잖아.다먹어도당당.검증__김소희_260708_제과_문다현,2,0,32.0,0
2026-07-12,(마스터ASC)[제과_콘스프맛 팝콘] 26.07_콘스프맛팝콘출시_ASC_전환_image (NEW),(마스터ASC)[콘스프맛 팝콘] 26.07_콘스프맛팝콘출시_ASC_전환_image (NEW),[26.07]F_I_PC혼_전환_상시_매거진형_다이어트_.배너_운동보상페인포인트.죽어라운동.날릴수없잖아.다먹어도당당.검증__김소희_260708_제과_문다현,18,0,290.0,0
2026-07-13,(마스터ASC)[제과_콘스프맛 팝콘] 26.07_콘스프맛팝콘출시_ASC_전환_image (NEW),(마스터ASC)[콘스프맛 팝콘] 26.07_콘스프맛팝콘출시_ASC_전환_image (NEW),[26.07]F_I_PC혼_전환_상시_매거진형_다이어트_.배너_자극부족페인포인트.삼삼한식단.자극적.속세그대로.검증__김소희_260708_제과_문다현,3,0,88.0,0
2026-07-14,(마스터ASC)[제과_콘스프맛 팝콘] 26.07_콘스프맛팝콘출시_ASC_전환_image (NEW),(마스터ASC)[콘스프맛 팝콘] 26.07_콘스프맛팝콘출시_ASC_전환_image (NEW),[26.07]F_I_PC혼_전환_상시_매거진형_다이어트_.배너_운동보상페인포인트.죽어라운동.날릴수없잖아.다먹어도당당.검증__김소희_260708_제과_문다현,99,3,1560.0,2
2026-07-15,(마스터ASC)[제과_콘스프맛 팝콘] 26.07_콘스프맛팝콘출시_ASC_전환_image (NEW),(마스터ASC)[콘스프맛 팝콘] 26.07_콘스프맛팝콘출시_ASC_전환_image (NEW),[26.07]F_I_PC혼_전환_상시_매거진형_다이어트_.배너_자극부족페인포인트.삼삼한식단.자극적.속세그대로.검증__김소희_260708_제과_문다현,503,6,6507.0,0
2026-07-15,(마스터ASC)[제과_콘스프맛 팝콘] 26.07_콘스프맛팝콘출시_ASC_전환_image (NEW),(마스터ASC)[콘스프맛 팝콘] 26.07_콘스프맛팝콘출시_ASC_전환_image (NEW),[26.07]F_I_PC혼_전환_상시_매거진형_다이어트_.배너_운동보상페인포인트.죽어라운동.날릴수없잖아.다먹어도당당.검증__김소희_260708_제과_문다현,95,2,949.0,0
2026-07-15,[제과_블트하] 26.07_블트깡출시_수동_전환_image_전체타겟,맘카페페르소나_블트깡출시 (KR1),[26.07]F_I_BT깡_전환_블트깡출시_바이럴형_KR1_.배너_유행.안먹은사람은있어도.검증__김소희_260715_제과_김수정,15,0,376.0,0
2026-07-15,[제과_블트하] 26.07_블트깡출시_수동_전환_image_전체타겟,집단유행/유명인_블트깡출시 (KR1),[26.07]F_I_BT깡_전환_블트깡출시_바이럴형_KR1_.배너_일반특정집단.맘카페재구매인증.검증__김소희_260715_제과_김수정,10,0,116.0,0
2026-07-16,[제과_블트하] 26.07_블트깡출시_수동_전환_image_전체타겟,맘카페페르소나_블트깡출시 (KR1),[26.07]F_I_BT깡_전환_블트깡출시_바이럴형_KR1_.배너_유행.안먹은사람은있어도.검증__김소희_260715_제과_김수정,295,5,9733.0,0
2026-07-16,[제과_블트하] 26.07_블트깡출시_수동_전환_image_전체타겟,집단유행/유명인_블트깡출시 (KR1),[26.07]F_I_BT깡_전환_블트깡출시_바이럴형_KR1_.배너_일반특정집단.맘카페재구매인증.검증__김소희_260715_제과_김수정,4,0,353.0,0
2026-07-17,[제과_블트하] 26.07_블트깡출시_수동_전환_image_전체타겟,집단유행/유명인_블트깡출시 (KR1),[26.07]F_I_BT깡_전환_블트깡출시_바이럴형_KR1_.배너_일반특정집단.맘카페재구매인증.검증__김소희_260715_제과_김수정,1,0,20.0,0
2026-07-17,(마스터ASC)[제과_블트하] 26.07_블트깡출시_ASC_전환_image,(마스터ASC)[제과_블트하] 26.07_블트깡출시_ASC_전환_image,[26.07]F_I_BT깡_전환_블트깡출시_바이럴형_KR1_.배너_3040소비상황.주말넷플릭스.검증__김소희_260716_제과_김수정,807,9,11673.0,1
2026-07-17,[제과_블트하] 26.07_블트깡출시_수동_전환_image_전체타겟,3040대세감_블트깡출시 (KR1),[26.07]F_I_BT깡_전환_블트깡출시_혜택강조형_KR1_.배너_동네맘카페.인생간식.확장__김소희_260716_제과_문다현,32,1,744.0,0
2026-07-18,[제과_블트하] 26.07_블트깡출시_수동_전환_image_전체타겟,3040대세감_블트깡출시 (KR1),[26.07]F_I_BT깡_전환_블트깡출시_혜택강조형_KR1_.배너_동네맘카페.인생간식.확장__김소희_260716_제과_문다현,14,0,250.0,0
2026-07-20,[제과_블트하] 26.07_블트깡출시_수동_전환_image_전체타겟,집단유행/유명인_블트깡출시 (KR1),[26.07]F_I_BT깡_전환_블트깡출시_바이럴형_KR1_.배너_일반특정집단.맘카페재구매인증.검증__김소희_260715_제과_김수정,3,0,72.0,0
2026-07-21,[제과_블트하] 26.07_블트깡출시_수동_전환_image_전체타겟,집단유행/유명인_블트깡출시 (KR1),[26.07]F_I_BT깡_전환_블트깡출시_바이럴형_KR1_.배너_일반특정집단.맘카페재구매인증.검증__김소희_260715_제과_김수정,6,0,97.0,0
2026-07-21,[제과_블트하] 26.07_블트깡출시_수동_전환_image_전체타겟,3040대세감_블트깡출시 (KR1),[26.07]F_I_BT깡_전환_블트깡출시_혜택강조형_KR1_.배너_동네맘카페.인생간식.확장__김소희_260716_제과_문다현,96,5,2382.0,0
2026-07-21,(마스터ASC)[제과_블트하] 26.07_블트깡출시_ASC_전환_image,(마스터ASC)[제과_블트하] 26.07_블트깡출시_ASC_전환_image,[26.07]F_I_BT깡_전환_블트깡출시_바이럴형_KR1_.배너_맘카페.남편안주.검증__김소희_260720_제과_박지현,52,2,1081.0,1
2026-07-22,[제과_블트하] 26.07_블트깡출시_수동_전환_image_전체타겟,3040대세감_블트깡출시 (KR1),[26.07]F_I_BT깡_전환_블트깡출시_혜택강조형_KR1_.배너_동네맘카페.인생간식.확장__김소희_260716_제과_문다현,19,0,233.0,0
2026-07-22,(마스터ASC)[제과_블트하] 26.07_블트깡출시_ASC_전환_image,(마스터ASC)[제과_블트하] 26.07_블트깡출시_ASC_전환_image,[26.07]F_I_BT깡_전환_블트깡출시_바이럴형_KR1_.배너_맘카페.남편안주.검증__김소희_260720_제과_박지현,137,4,3199.0,1
2026-07-23,(마스터ASC)[제과_블트하] 26.07_블트깡출시_ASC_전환_image,(마스터ASC)[제과_블트하] 26.07_블트깡출시_ASC_전환_image,[26.07]F_I_BT깡_전환_블트깡출시_바이럴형_KR1_.배너_맘카페.남편안주.검증__김소희_260720_제과_박지현,2,0,20.0,0
2026-07-24,[제과_블트하] 26.07_블트깡출시_수동_전환_image_전체타겟,(시리즈) 맘카페&혜택강조형_블트칩출시 (KR1) (0723),[26.07]F_I_BT혼_전환_블트칩출시_혜택강조형_KR1_.배너_비싼트러플에50년전통.칩깡동시소구.확장__김소희_260723_제과_박서연,27,1,498.0,1
2026-07-25,[제과_블트하] 26.07_블트깡출시_수동_전환_image_전체타겟,(시리즈) 맘카페&혜택강조형_블트칩출시 (KR1) (0723),[26.07]F_I_BT혼_전환_블트칩출시_혜택강조형_KR1_.배너_비싼트러플에50년전통.칩깡동시소구.확장__김소희_260723_제과_박서연,8,1,99.0,0
2026-07-27,[칩] (마스터ASC)[제과_블트하] 26.07_블트칩출시_ASC_전환_image,[칩] (마스터ASC)[제과_블트하] 26.07_블트칩출시_ASC_전환_image,[26.07]F_I_BT깡_전환_블트칩출시_혜택강조형_KR2_.피드_주변인.팀장님.확장__김소희_260727_제과_박서연,30,0,495.0,0
2026-07-28,[칩] (마스터ASC)[제과_블트하] 26.07_블트칩출시_ASC_전환_image,[칩] (마스터ASC)[제과_블트하] 26.07_블트칩출시_ASC_전환_image,[26.07]F_I_BT깡_전환_블트칩출시_혜택강조형_KR2_.피드_주변인.팀장님.확장__김소희_260727_제과_박서연,7,0,114.0,0
2026-07-28,[제과_블트하] 26.07_블트깡출시_수동_전환_image_전체타겟,남편인정소비_블트깡출시 (KR1) (0728),[26.07]F_I_BT깡_전환_블트칩출시_혜택강조형_KR1_.피드_4분할.__김소희_260728_제과_김수정,5,0,106.0,0
2026-07-28,[제과_블트하] 26.07_블트깡출시_수동_전환_image_전체타겟,주변인인정_블트칩출시 (KR2) (0728),[26.07]F_I_BT칩_전환_블트칩출시_혜택강조형_KR2_.피드_시어머니가 신신당부..확장__김소희_260728_제과_박서연,137,3,3320.0,0
2026-07-28,[제과_블트하] 26.07_블트깡출시_수동_전환_image_전체타겟,주변인인정_블트칩출시 (KR2) (0728),[26.07]F_I_BT깡_전환_블트칩출시_혜택강조형_KR2_.피드_팀장님맛잘알등극템..확장__김소희_260728_제과_박서연,194,3,3378.0,0
2026-07-01,[콘스프맛 팝콘] 26.05_콘스프맛팝콘출시_ASC_전환_image (old),[콘스프맛 팝콘] 26.05_콘스프맛팝콘출시_ASC_전환_image (old),[26.06]F_I_PC혼_전환_팝콘더블특가_매거진형_페인포인트_.배너_간식.입터짐.__김소희_260624_제과_김나현,8,0,153.0,0
2026-07-01,[제과_단백질 쉐이크] 26.06_단백질쉐이크출시_ASC_전환_video,[제과_단백질 쉐이크] 26.06_단백질쉐이크출시_ASC_전환_video,[26.06]F_V_SK혼_전환_단백질쉐이크출시_신규BP_인플루언서_var5.릴스_초코바1위 권위.X_2P_이유빈_260624_제과_이봄1,1677,35,45721.0,8
2026-07-01,(마스터ASC)[제과_콘스프맛 팝콘] 26.05_콘스프맛팝콘출시_ASC_전환_video,(마스터ASC)[콘스프맛 팝콘] 26.05_콘스프맛팝콘출시_ASC_전환_video,[26.06]F_V_PC콘_전환_팝콘더블특가_인플루언서형_올리브BP.다이어트_var4.릴스_뾰족한타겟.슬기.X_1P_최나영_260625_제과_강경연,91,2,2242.0,0
2026-07-01,[콘스프맛 팝콘] 26.05_콘스프맛팝콘출시_ASC_전환_image (old),[콘스프맛 팝콘] 26.05_콘스프맛팝콘출시_ASC_전환_image (old),[26.06]F_I_PC혼_전환_팝콘더블특가_혜택강조형_다이어트_.릴스_가격네고타이핑.__김소희_260626_제과_김수정,80,1,813.0,0
2026-07-01,(미사용) [제과_단백질 쉐이크] 26.06_단백질쉐이크출시_ASC_전환_image,[제과_단백질 쉐이크] 26.06_단백질쉐이크출시_ASC_전환_image,[26.06]F_I_SK초_전환_단백질쉐이크출시_제품강조형_라라권위_.배너_찐한제티에코코볼.가격비교X.__이유빈_260701_제과_문다현,2662,50,46751.0,5
2026-07-02,[콘스프맛 팝콘] 26.05_콘스프맛팝콘출시_ASC_전환_image (old),[콘스프맛 팝콘] 26.05_콘스프맛팝콘출시_ASC_전환_image (old),[26.06]F_I_PC혼_전환_팝콘더블특가_매거진형_페인포인트_.배너_간식.입터짐.__김소희_260624_제과_김나현,2,0,15.0,0
2026-07-02,[제과_단백질 쉐이크] 26.06_단백질쉐이크출시_ASC_전환_video,[제과_단백질 쉐이크] 26.06_단백질쉐이크출시_ASC_전환_video,[26.06]F_V_SK혼_전환_단백질쉐이크출시_신규BP_인플루언서_var5.릴스_초코바1위 권위.X_2P_이유빈_260624_제과_이봄1,1655,27,38268.0,5
2026-07-02,(마스터ASC)[제과_콘스프맛 팝콘] 26.05_콘스프맛팝콘출시_ASC_전환_video,(마스터ASC)[콘스프맛 팝콘] 26.05_콘스프맛팝콘출시_ASC_전환_video,[26.06]F_V_PC콘_전환_팝콘더블특가_인플루언서형_올리브BP.다이어트_var4.릴스_뾰족한타겟.슬기.X_1P_최나영_260625_제과_강경연,103,3,1938.0,0
2026-07-02,(미사용) [제과_단백질 쉐이크] 26.06_단백질쉐이크출시_ASC_전환_image,[제과_단백질 쉐이크] 26.06_단백질쉐이크출시_ASC_전환_image,[26.06]F_I_SK초_전환_단백질쉐이크출시_제품강조형_라라권위_.배너_찐한제티에코코볼.가격비교X.__이유빈_260701_제과_문다현,375,8,7685.0,1
2026-07-03,[제과_단백질 쉐이크] 26.06_단백질쉐이크출시_ASC_전환_video,[제과_단백질 쉐이크] 26.06_단백질쉐이크출시_ASC_전환_video,[26.06]F_V_SK혼_전환_단백질쉐이크출시_신규BP_인플루언서_var5.릴스_초코바1위 권위.X_2P_이유빈_260624_제과_이봄1,343,12,8156.0,0
2026-07-04,[제과_단백질 쉐이크] 26.06_단백질쉐이크출시_수동_전환_video,지인네고형_0702,[26.07]F_V_SK혼_전환_단백질쉐이크출시_네고형_지인네고형_main.릴스_본론.X_2P_이유빈_260703_제과_이봄1,1509,55,29234.0,5
2026-07-05,[제과_단백질 쉐이크] 26.06_단백질쉐이크출시_ASC_전환_video,[제과_단백질 쉐이크] 26.06_단백질쉐이크출시_ASC_전환_video,[26.06]F_V_SK혼_전환_단백질쉐이크출시_신규BP_인플루언서_var5.릴스_초코바1위 권위.X_2P_이유빈_260624_제과_이봄1,3,0,192.0,0
2026-07-05,(마스터ASC)[제과_콘스프맛 팝콘] 26.05_콘스프맛팝콘출시_ASC_전환_video,(마스터ASC)[콘스프맛 팝콘] 26.05_콘스프맛팝콘출시_ASC_전환_video,[26.06]F_V_PC콘_전환_팝콘더블특가_인플루언서형_올리브BP.다이어트_var4.릴스_뾰족한타겟.슬기.X_1P_최나영_260625_제과_강경연,5,0,100.0,0
2026-07-05,[제과_단백질 쉐이크] 26.06_단백질쉐이크출시_수동_전환_video,지인네고형_0702,[26.07]F_V_SK혼_전환_단백질쉐이크출시_네고형_지인네고형_main.릴스_본론.X_2P_이유빈_260703_제과_이봄1,135,5,2688.0,3
2026-07-06,[제과_단백질 쉐이크] 26.06_단백질쉐이크출시_수동_전환_video,지인네고형_0702,[26.07]F_V_SK혼_전환_단백질쉐이크출시_네고형_지인네고형_main.릴스_본론.X_2P_이유빈_260703_제과_이봄1,214,14,5516.0,1
2026-07-07,[제과_단백질 쉐이크] 26.06_단백질쉐이크출시_ASC_전환_video,[제과_단백질 쉐이크] 26.06_단백질쉐이크출시_ASC_전환_video,[26.06]F_V_SK혼_전환_단백질쉐이크출시_신규BP_인플루언서_var5.릴스_초코바1위 권위.X_2P_이유빈_260624_제과_이봄1,2,0,35.0,0
2026-07-07,(마스터ASC)[제과_콘스프맛 팝콘] 26.05_콘스프맛팝콘출시_ASC_전환_video,(마스터ASC)[콘스프맛 팝콘] 26.05_콘스프맛팝콘출시_ASC_전환_video,[26.06]F_V_PC콘_전환_팝콘더블특가_인플루언서형_올리브BP.다이어트_var4.릴스_뾰족한타겟.슬기.X_1P_최나영_260625_제과_강경연,1,0,11.0,0
2026-07-07,[제과_단백질 쉐이크] 26.06_단백질쉐이크출시_수동_전환_video,지인네고형_0702,[26.07]F_V_SK혼_전환_단백질쉐이크출시_네고형_지인네고형_main.릴스_본론.X_2P_이유빈_260703_제과_이봄1,144,8,4499.0,0
2026-07-07,(마스터2) [제과_단백질 쉐이크] 26.07_단백질쉐이크출시_ASC_전환_image,(마스터2) [제과_단백질 쉐이크] 26.07_단백질쉐이크출시_ASC_전환_image,[26.07]F_I_SK혼_전환_단백질쉐이크출시_혜택강조형_파우치.개당가강조_.배너_특정시점.대형할인급.올영원쁠원보다싼.확장__이유빈_260707_제과_김수정,52,2,1006.0,0
2026-07-08,[제과_단백질 쉐이크] 26.06_단백질쉐이크출시_ASC_전환_video,[제과_단백질 쉐이크] 26.06_단백질쉐이크출시_ASC_전환_video,[26.06]F_V_SK혼_전환_단백질쉐이크출시_신규BP_인플루언서_var5.릴스_초코바1위 권위.X_2P_이유빈_260624_제과_이봄1,314,6,6637.0,0
2026-07-08,[제과_단백질 쉐이크] 26.06_단백질쉐이크출시_수동_전환_video,지인네고형_0702,[26.07]F_V_SK혼_전환_단백질쉐이크출시_네고형_지인네고형_main.릴스_본론.X_2P_이유빈_260703_제과_이봄1,93,3,2280.0,1
2026-07-08,(마스터2) [제과_단백질 쉐이크] 26.07_단백질쉐이크출시_ASC_전환_image,(마스터2) [제과_단백질 쉐이크] 26.07_단백질쉐이크출시_ASC_전환_image,[26.07]F_I_SK혼_전환_단백질쉐이크출시_혜택강조형_파우치.개당가강조_.배너_특정시점.대형할인급.올영원쁠원보다싼.확장__이유빈_260707_제과_김수정,479,10,14214.0,1
2026-07-08,[제과_단백질 쉐이크] 26.06_단백질쉐이크출시_수동_전환_image,파우치개당가강조_0706,[26.07]F_I_SK혼_전환_단백질쉐이크출시_혜택강조형_파우치.개당가강조_.배너_대용량페포.물조절실패.확장__이유빈_260707_제과_김수정,34,1,1052.0,1
2026-07-09,[제과_단백질 쉐이크] 26.06_단백질쉐이크출시_ASC_전환_video,[제과_단백질 쉐이크] 26.06_단백질쉐이크출시_ASC_전환_video,[26.06]F_V_SK혼_전환_단백질쉐이크출시_신규BP_인플루언서_var5.릴스_초코바1위 권위.X_2P_이유빈_260624_제과_이봄1,51,3,1188.0,1
2026-07-09,[제과_단백질 쉐이크] 26.06_단백질쉐이크출시_수동_전환_video,지인네고형_0702,[26.07]F_V_SK혼_전환_단백질쉐이크출시_네고형_지인네고형_main.릴스_본론.X_2P_이유빈_260703_제과_이봄1,34,2,724.0,0
2026-07-09,[제과_단백질 쉐이크] 26.06_단백질쉐이크출시_수동_전환_image,파우치개당가강조_0706,[26.07]F_I_SK혼_전환_단백질쉐이크출시_혜택강조형_파우치.개당가강조_.배너_대용량페포.물조절실패.확장__이유빈_260707_제과_김수정,215,3,6284.0,0
2026-07-09,(마스터2) [제과_단백질 쉐이크] 26.07_단백질쉐이크출시_ASC_전환_image,(마스터2) [제과_단백질 쉐이크] 26.07_단백질쉐이크출시_ASC_전환_image,[26.07]F_I_SK혼_전환_단백질쉐이크출시_매거진형_파우치.개당가강조_.배너_맛없페인포인트.얼먹하면꾸덕.검증__이유빈_260709_제과_문다현,32,0,584.0,0
2026-07-10,(마스터2) [제과_단백질 쉐이크] 26.07_단백질쉐이크출시_ASC_전환_image,(마스터2) [제과_단백질 쉐이크] 26.07_단백질쉐이크출시_ASC_전환_image,[26.07]F_I_SK혼_전환_단백질쉐이크출시_혜택강조형_파우치.개당가강조_.배너_대용량페포.메세지테스트.물조절실패.통단쉐.확장__이유빈_260707_제과_김수정,521,7,10256.0,0
2026-07-10,[제과_단백질 쉐이크] 26.06_단백질쉐이크출시_수동_전환_image,파우치개당가강조_0706,[26.07]F_I_SK혼_전환_단백질쉐이크출시_혜택강조형_파우치.개당가강조_.배너_대용량페포.물조절실패.확장__이유빈_260707_제과_김수정,8,0,213.0,0
2026-07-10,(마스터2) [제과_단백질 쉐이크] 26.07_단백질쉐이크출시_ASC_전환_image,(마스터2) [제과_단백질 쉐이크] 26.07_단백질쉐이크출시_ASC_전환_image,[26.07]F_I_SK혼_전환_단백질쉐이크출시_매거진형_파우치.개당가강조_.배너_맛없페인포인트.얼먹하면꾸덕.검증__이유빈_260709_제과_문다현,294,1,6619.0,0
2026-07-11,[제과_단백질 쉐이크] 26.06_단백질쉐이크출시_수동_전환_image,파우치개당가강조_0706,[26.07]F_I_SK혼_전환_단백질쉐이크출시_혜택강조형_파우치.개당가강조_.배너_대용량페포.물조절실패.확장__이유빈_260707_제과_김수정,805,21,15626.0,1
2026-07-11,[제과_단백질 쉐이크] 26.06_단백질쉐이크출시_수동_전환_image,파우치개당가강조(2)_0709,[26.07]F_I_SK혼_전환_단백질쉐이크출시_혜택강조형_파우치.개당가강조_.배너_통쉐이크살돈으로.1천원대단쉐.팝콘.확장__이유빈_260710_제과_문다현,226,11,9553.0,0
2026-07-12,(마스터ASC)[제과_콘스프맛 팝콘] 26.05_콘스프맛팝콘출시_ASC_전환_video,(마스터ASC)[콘스프맛 팝콘] 26.05_콘스프맛팝콘출시_ASC_전환_video,[26.06]F_V_PC콘_전환_팝콘더블특가_인플루언서형_올리브BP.다이어트_var4.릴스_뾰족한타겟.슬기.X_1P_최나영_260625_제과_강경연,41,0,513.0,0
2026-07-15,(마스터ASC)[제과_콘스프맛 팝콘] 26.05_콘스프맛팝콘출시_ASC_전환_video,(마스터ASC)[콘스프맛 팝콘] 26.05_콘스프맛팝콘출시_ASC_전환_video,[26.06]F_V_PC콘_전환_팝콘더블특가_인플루언서형_올리브BP.다이어트_var4.릴스_뾰족한타겟.슬기.X_1P_최나영_260625_제과_강경연,2,0,14.0,0
2026-07-15,[제과_단백질 쉐이크] 26.06_단백질쉐이크출시_수동_전환_image,올영최저가비교_0714,[26.07]F_I_SK곡_전환_단백질쉐이크출시_혜택강조형_올영최저가비교_.배너_글자그라데이션.쌀때젱이세요.네고형.팝콘.확장__이유빈_260714_제과_문다현,32,2,760.0,0
2026-07-15,(마스터ASC)[제과_블트하] 26.07_블트깡출시_ASC_전환_image,(마스터ASC)[제과_블트하] 26.07_블트깡출시_ASC_전환_image,[26.07]F_I_BT깡_전환_블트깡출시_바이럴형_KR1_.배너_유행.계속보여서사봤는데.검증__김소희_260715_제과_김수정,12,0,224.0,0
2026-07-15,[제과_블트하] 26.07_블트깡출시_수동_전환_image_전체타겟,집단유행/유명인_블트깡출시 (KR1),[26.07]F_I_BT깡_전환_블트깡출시_바이럴형_KR1_.배너_일반특정집단.고급진데가성비좋은와인안주.검증__김소희_260715_제과_김수정,96,2,1578.0,0
2026-07-15,[제과_블트하] 26.07_블트깡출시_수동_전환_image_전체타겟,원산지권위추가건_블트깡출시 (KR2),[26.07]F_I_BT깡_전환_블트깡출시_혜택강조형_KR2_.배너_원산지권위.세계4대진미.검증__김소희_260715_제과_김수정,245,9,5064.0,3
2026-07-16,[제과_단백질 쉐이크] 26.06_단백질쉐이크출시_수동_전환_image,올영최저가비교_0714,[26.07]F_I_SK곡_전환_단백질쉐이크출시_혜택강조형_올영최저가비교_.배너_글자그라데이션.쌀때젱이세요.네고형.팝콘.확장__이유빈_260714_제과_문다현,52,0,1032.0,0
2026-07-16,(마스터ASC)[제과_블트하] 26.07_블트깡출시_ASC_전환_image,(마스터ASC)[제과_블트하] 26.07_블트깡출시_ASC_전환_image,[26.07]F_I_BT깡_전환_블트깡출시_바이럴형_KR1_.배너_유행.계속보여서사봤는데.검증__김소희_260715_제과_김수정,22,2,558.0,0
2026-07-16,[제과_블트하] 26.07_블트깡출시_수동_전환_image_전체타겟,집단유행/유명인_블트깡출시 (KR1),[26.07]F_I_BT깡_전환_블트깡출시_바이럴형_KR1_.배너_일반특정집단.고급진데가성비좋은와인안주.검증__김소희_260715_제과_김수정,6,1,176.0,0
2026-07-16,[제과_블트하] 26.07_블트깡출시_수동_전환_image_전체타겟,원산지권위추가건_블트깡출시 (KR2),[26.07]F_I_BT깡_전환_블트깡출시_혜택강조형_KR2_.배너_원산지권위.세계4대진미.검증__김소희_260715_제과_김수정,841,22,17477.0,2
2026-07-17,(마스터ASC)[제과_콘스프맛 팝콘] 26.05_콘스프맛팝콘출시_ASC_전환_video,(마스터ASC)[콘스프맛 팝콘] 26.05_콘스프맛팝콘출시_ASC_전환_video,[26.06]F_V_PC콘_전환_팝콘더블특가_인플루언서형_올리브BP.다이어트_var4.릴스_뾰족한타겟.슬기.X_1P_최나영_260625_제과_강경연,231,1,2432.0,0
2026-07-17,(마스터ASC)[제과_블트하] 26.07_블트깡출시_ASC_전환_image,(마스터ASC)[제과_블트하] 26.07_블트깡출시_ASC_전환_image,[26.07]F_I_BT깡_전환_블트깡출시_바이럴형_KR1_.배너_유행.계속보여서사봤는데.검증__김소희_260715_제과_김수정,15,1,229.0,0
2026-07-17,(마스터ASC)[제과_블트하] 26.07_블트깡출시_ASC_전환_video,(마스터ASC)[제과_블트하] 26.07_블트깡출시_ASC_전환_video,[26.07]F_V_BT깡_전환_블트깡출시_인물리뷰형_에어프라이기BP.KR1_var5.릴스_상황.슬기.X_1P_최나영_260716_제과_피재은,8248,232,153974.0,34
2026-07-18,(마스터ASC)[제과_블트하] 26.07_블트깡출시_ASC_전환_video,(마스터ASC)[제과_블트하] 26.07_블트깡출시_ASC_전환_video,[26.07]F_V_BT깡_전환_블트깡출시_인물리뷰형_에어프라이기BP.KR1_var5.릴스_상황.슬기.X_1P_최나영_260716_제과_피재은,3477,68,60204.0,10
2026-07-19,(마스터ASC)[제과_블트하] 26.07_블트깡출시_ASC_전환_image,(마스터ASC)[제과_블트하] 26.07_블트깡출시_ASC_전환_image,[26.07]F_I_BT깡_전환_블트깡출시_바이럴형_KR1_.배너_유행.계속보여서사봤는데.검증__김소희_260715_제과_김수정,16,0,225.0,0
2026-07-20,(마스터ASC)[제과_콘스프맛 팝콘] 26.05_콘스프맛팝콘출시_ASC_전환_video,(마스터ASC)[콘스프맛 팝콘] 26.05_콘스프맛팝콘출시_ASC_전환_video,[26.06]F_V_PC콘_전환_팝콘더블특가_인플루언서형_올리브BP.다이어트_var4.릴스_뾰족한타겟.슬기.X_1P_최나영_260625_제과_강경연,12,1,157.0,0
2026-07-20,(마스터ASC)[제과_블트하] 26.07_블트깡출시_ASC_전환_image,(마스터ASC)[제과_블트하] 26.07_블트깡출시_ASC_전환_image,[26.07]F_I_BT깡_전환_블트깡출시_바이럴형_KR1_.배너_유행.계속보여서사봤는데.검증__김소희_260715_제과_김수정,2,0,7.0,0
2026-07-21,[제과_단백질 쉐이크] 26.06_단백질쉐이크출시_수동_전환_image,올영최저가비교_0714,[26.07]F_I_SK곡_전환_단백질쉐이크출시_혜택강조형_올영최저가비교_.배너_글자그라데이션.쌀때젱이세요.네고형.팝콘.확장__이유빈_260714_제과_문다현,4,0,131.0,0
2026-07-22,(마스터ASC)[제과_콘스프맛 팝콘] 26.05_콘스프맛팝콘출시_ASC_전환_video,(마스터ASC)[콘스프맛 팝콘] 26.05_콘스프맛팝콘출시_ASC_전환_video,[26.06]F_V_PC콘_전환_팝콘더블특가_인플루언서형_올리브BP.다이어트_var4.릴스_뾰족한타겟.슬기.X_1P_최나영_260625_제과_강경연,11,0,182.0,0
2026-07-22,(마스터ASC)[제과_블트하] 26.07_블트깡출시_ASC_전환_image,(마스터ASC)[제과_블트하] 26.07_블트깡출시_ASC_전환_image,[26.07]F_I_BT깡_전환_블트깡출시_바이럴형_KR1_.배너_유행.계속보여서사봤는데.검증__김소희_260715_제과_김수정,10,0,177.0,0
2026-07-22,[제과_블트하] 26.07_블트깡출시_수동_전환_image_전체타겟,집단유행/유명인_블트깡출시 (KR1),[26.07]F_I_BT깡_전환_블트깡출시_바이럴형_KR1_.배너_일반특정집단.고급진데가성비좋은와인안주.검증__김소희_260715_제과_김수정,23,0,744.0,0
2026-07-23,(마스터ASC)[제과_블트하] 26.07_블트깡출시_ASC_전환_image,(마스터ASC)[제과_블트하] 26.07_블트깡출시_ASC_전환_image,[26.07]F_I_BT깡_전환_블트깡출시_바이럴형_KR1_.배너_유행.계속보여서사봤는데.검증__김소희_260715_제과_김수정,8,0,108.0,0
2026-07-23,(마스터ASC)[제과_블트하] 26.07_블트깡출시_ASC_전환_video,(마스터ASC)[제과_블트하] 26.07_블트깡출시_ASC_전환_video,[26.07]F_V_BT깡_전환_블트깡출시_인물리뷰형_에어프라이기BP.KR1_var5.릴스_상황.슬기.X_1P_최나영_260716_제과_피재은,3363,85,72326.0,2
2026-07-24,[제과_블트하] 26.07_블트깡출시_수동_전환_video_전체타겟,(0725) 지인네고형_블트깡출시 (KR2) (재은님),[26.07]F_V_BT깡_전환_블트깡출시_네고형_지인네고형.KR2_var1.릴스_중국산.슬기.X_1P_최나영_260724_제과_피재은,1030,31,25748.0,2
2026-07-25,[제과_블트하] 26.07_블트깡출시_수동_전환_video_전체타겟,(0725) 지인네고형_블트깡출시 (KR2) (재은님),[26.07]F_V_BT깡_전환_블트깡출시_네고형_지인네고형.KR2_var1.릴스_중국산.슬기.X_1P_최나영_260724_제과_피재은,1061,51,32677.0,3
2026-07-26,[제과_블트하] 26.07_블트깡출시_수동_전환_video_전체타겟,(0725) 지인네고형_블트깡출시 (KR2) (재은님),[26.07]F_V_BT깡_전환_블트깡출시_네고형_지인네고형.KR2_var1.릴스_중국산.슬기.X_1P_최나영_260724_제과_피재은,491,28,20607.0,1
2026-07-27,(마스터ASC)[제과_콘스프맛 팝콘] 26.05_콘스프맛팝콘출시_ASC_전환_video,(마스터ASC)[콘스프맛 팝콘] 26.05_콘스프맛팝콘출시_ASC_전환_video,[26.06]F_V_PC콘_전환_팝콘더블특가_인플루언서형_올리브BP.다이어트_var4.릴스_뾰족한타겟.슬기.X_1P_최나영_260625_제과_강경연,74,1,1300.0,0
2026-07-27,[제과_블트하] 26.07_블트깡출시_수동_전환_video_전체타겟,(0725) 지인네고형_블트깡출시 (KR2) (재은님),[26.07]F_V_BT깡_전환_블트깡출시_네고형_지인네고형.KR2_var1.릴스_중국산.슬기.X_1P_최나영_260724_제과_피재은,1196,46,60657.0,1
2026-07-27,[제과_블트하] 26.07_블트깡출시_수동_전환_image_전체타겟,[혼합] 주변인 상황연출_블트칩출시 (KR2) (0727),[26.07]F_I_BT혼_전환_블트칩출시_혜택강조형_KR2_.피드_주변인.동료.확장__김소희_260727_제과_박지현,205,4,5353.0,1
2026-07-27,[칩] (마스터ASC)[제과_블트하] 26.07_블트칩출시_ASC_전환_image,[칩] (마스터ASC)[제과_블트하] 26.07_블트칩출시_ASC_전환_image,[26.07]F_I_BT혼_전환_블트칩출시_혜택강조형_KR1_.피드_남편.맥주안주2.확장__김소희_260727_제과_박지현,58,2,1148.0,1
2026-07-28,(마스터ASC)[제과_콘스프맛 팝콘] 26.05_콘스프맛팝콘출시_ASC_전환_video,(마스터ASC)[콘스프맛 팝콘] 26.05_콘스프맛팝콘출시_ASC_전환_video,[26.06]F_V_PC콘_전환_팝콘더블특가_인플루언서형_올리브BP.다이어트_var4.릴스_뾰족한타겟.슬기.X_1P_최나영_260625_제과_강경연,22,4,518.0,0
2026-07-28,[제과_블트하] 26.07_블트깡출시_수동_전환_video_전체타겟,(0725) 지인네고형_블트깡출시 (KR2) (재은님),[26.07]F_V_BT깡_전환_블트깡출시_네고형_지인네고형.KR2_var1.릴스_중국산.슬기.X_1P_최나영_260724_제과_피재은,427,17,20535.0,1
2026-07-28,[제과_블트하] 26.07_블트깡출시_수동_전환_image_전체타겟,[혼합] 주변인 상황연출_블트칩출시 (KR2) (0727),[26.07]F_I_BT혼_전환_블트칩출시_혜택강조형_KR2_.피드_주변인.동료.확장__김소희_260727_제과_박지현,15634,273,393893.0,43
2026-07-28,[칩] (마스터ASC)[제과_블트하] 26.07_블트칩출시_ASC_전환_image,[칩] (마스터ASC)[제과_블트하] 26.07_블트칩출시_ASC_전환_image,[26.07]F_I_BT혼_전환_블트칩출시_혜택강조형_KR1_.피드_남편.맥주안주2.확장__김소희_260727_제과_박지현,87,1,1718.0,0
2026-07-01,[콘스프맛 팝콘] 26.05_콘스프맛팝콘출시_ASC_전환_image (old),[콘스프맛 팝콘] 26.05_콘스프맛팝콘출시_ASC_전환_image (old),[26.06]F_I_PC혼_전환_팝콘더블특가_매거진형_다이어트_.배너_일상상황공감.다이어트간식치고.AI.__김소희_260625_제과_김수정,87,2,1564.0,0
2026-07-01,(미사용) [제과_단백질 쉐이크] 26.06_단백질쉐이크출시_ASC_전환_image,[제과_단백질 쉐이크] 26.06_단백질쉐이크출시_ASC_전환_image,[26.06]F_I_SK곡_전환_단백질쉐이크출시_제품강조형_라라권위_.배너_꼬숩괴물토핑.단계적할인.가격비교X.__이유빈_260701_제과_문다현,246,6,4225.0,0
2026-07-02,(미사용) [제과_단백질 쉐이크] 26.06_단백질쉐이크출시_ASC_전환_image,[제과_단백질 쉐이크] 26.06_단백질쉐이크출시_ASC_전환_image,[26.06]F_I_SK곡_전환_단백질쉐이크출시_제품강조형_라라권위_.배너_꼬숩괴물토핑.단계적할인.가격비교X.__이유빈_260701_제과_문다현,326,7,8792.0,0
2026-07-07,(마스터ASC)[제과_콘스프맛 팝콘] 26.07_콘스프맛팝콘출시_ASC_전환_image (NEW),(마스터ASC)[콘스프맛 팝콘] 26.07_콘스프맛팝콘출시_ASC_전환_image (NEW),[26.07]F_I_PC혼_전환_팝콘할인페스타_혜택강조형_다이어트_.배너_긴급공지.올립니다.물량감당.마감전.남은수량까지만.확장__김소희_260707_제과_문다현,32,0,495.0,0
2026-07-08,(마스터ASC)[제과_콘스프맛 팝콘] 26.07_콘스프맛팝콘출시_ASC_전환_image (NEW),(마스터ASC)[콘스프맛 팝콘] 26.07_콘스프맛팝콘출시_ASC_전환_image (NEW),[26.07]F_I_PC혼_전환_팝콘할인페스타_혜택강조형_다이어트_.배너_긴급공지.올립니다.물량감당.마감전.남은수량까지만.확장__김소희_260707_제과_문다현,115,1,3968.0,0
2026-07-08,[제과_단백질 쉐이크] 26.06_단백질쉐이크출시_수동_전환_image,파우치개당가강조_0706,[26.07]F_I_SK초_전환_단백질쉐이크출시_혜택강조형_파우치.개당가강조_.릴스_파우치대용량비교.여러분이거가격.확장__이유빈_260707_제과_김수정,537,18,9169.0,4
2026-07-08,[제과_단백질 쉐이크] 26.06_단백질쉐이크출시_수동_전환_image,파우치개당가강조_0706,[26.07]F_I_SK초_전환_단백질쉐이크출시_혜택강조형_파우치.개당가강조_.배너_특정시점.직구보다빠른데.검증__이유빈_260706_제과_김수정,70,1,2654.0,0
2026-07-09,(마스터ASC)[제과_콘스프맛 팝콘] 26.07_콘스프맛팝콘출시_ASC_전환_image (NEW),(마스터ASC)[콘스프맛 팝콘] 26.07_콘스프맛팝콘출시_ASC_전환_image (NEW),[26.07]F_I_PC혼_전환_팝콘할인페스타_혜택강조형_다이어트_.배너_긴급공지.올립니다.물량감당.마감전.남은수량까지만.확장__김소희_260707_제과_문다현,76,1,2439.0,0
2026-07-09,[제과_단백질 쉐이크] 26.06_단백질쉐이크출시_수동_전환_image,파우치개당가강조_0706,[26.07]F_I_SK초_전환_단백질쉐이크출시_혜택강조형_파우치.개당가강조_.배너_특정시점.직구보다빠른데.검증__이유빈_260706_제과_김수정,206,3,6296.0,0
2026-07-10,[제과_단백질 쉐이크] 26.06_단백질쉐이크출시_수동_전환_image,파우치개당가강조_0706,[26.07]F_I_SK초_전환_단백질쉐이크출시_혜택강조형_파우치.개당가강조_.릴스_파우치대용량비교.여러분이거가격.확장__이유빈_260707_제과_김수정,639,19,11441.0,1
2026-07-11,[제과_단백질 쉐이크] 26.06_단백질쉐이크출시_수동_전환_image,파우치개당가강조_0706,[26.07]F_I_SK초_전환_단백질쉐이크출시_혜택강조형_파우치.개당가강조_.릴스_파우치대용량비교.여러분이거가격.확장__이유빈_260707_제과_김수정,634,14,9205.0,1
2026-07-17,[제과_단백질 쉐이크] 26.06_단백질쉐이크출시_수동_전환_image,파우치개당가강조_0706,[26.07]F_I_SK초_전환_단백질쉐이크출시_혜택강조형_파우치.개당가강조_.배너_특정시점.직구보다빠른데.검증__이유빈_260706_제과_김수정,1,0,6.0,0
2026-07-01,[콘스프맛 팝콘] 26.05_콘스프맛팝콘출시_ASC_전환_image (old),[콘스프맛 팝콘] 26.05_콘스프맛팝콘출시_ASC_전환_image (old),[26.06]F_I_PC혼_전환_팝콘더블특가_혜택강조형_할인율_.배너_더큰할인.__김소희_260623_제과_김나현,212,2,4394.0,0
2026-07-01,[콘스프맛 팝콘] 26.05_콘스프맛팝콘출시_ASC_전환_image (old),[콘스프맛 팝콘] 26.05_콘스프맛팝콘출시_ASC_전환_image (old),[26.06]F_I_PC혼_전환_팝콘더블특가_혜택강조형__.배너_반값보다싸요.실제팝콘컷.__김소희_260625_제과_문다현,720,16,13229.0,4
2026-07-01,[콘스프맛 팝콘] 26.05_콘스프맛팝콘출시_ASC_전환_image (old),[콘스프맛 팝콘] 26.05_콘스프맛팝콘출시_ASC_전환_image (old),[26.06]F_I_PC혼_전환_팝콘더블특가_혜택강조형_다이어트_.배너_입터짐방지템.요요.__김소희_260629_제과_김수정,230,7,7567.0,2
2026-07-01,[제과_콘스프맛 팝콘] 26.05_콘스프맛팝콘출시_수동_전환_image,입터짐방지_팝콘더블특가 (~7/1) (재세팅),[26.06]F_I_PC혼_전환_팝콘더블특가_혜택강조형__.배너_혜택강조형.반값보다싸요.__김소희_260629_제과_김수정,506,24,13353.0,2
2026-07-02,[콘스프맛 팝콘] 26.05_콘스프맛팝콘출시_ASC_전환_image (old),[콘스프맛 팝콘] 26.05_콘스프맛팝콘출시_ASC_전환_image (old),[26.06]F_I_PC혼_전환_팝콘더블특가_혜택강조형_할인율_.배너_더큰할인.__김소희_260623_제과_김나현,51,1,968.0,0
2026-07-02,[콘스프맛 팝콘] 26.05_콘스프맛팝콘출시_ASC_전환_image (old),[콘스프맛 팝콘] 26.05_콘스프맛팝콘출시_ASC_전환_image (old),[26.06]F_I_PC혼_전환_팝콘더블특가_혜택강조형__.배너_반값보다싸요.실제팝콘컷.__김소희_260625_제과_문다현,259,4,4467.0,0
2026-07-07,(마스터ASC)[제과_콘스프맛 팝콘] 26.07_콘스프맛팝콘출시_ASC_전환_image (NEW),(마스터ASC)[콘스프맛 팝콘] 26.07_콘스프맛팝콘출시_ASC_전환_image (NEW),[26.07]F_I_PC혼_전환_팝콘할인페스타_혜택강조형_다이어트_.배너_아무리먹어도요요없는.선착순할인마감임박.8천원이득.확장__김소희_260706_제과_문다현,218,5,4595.0,0
2026-07-08,(마스터ASC)[제과_콘스프맛 팝콘] 26.07_콘스프맛팝콘출시_ASC_전환_image (NEW),(마스터ASC)[콘스프맛 팝콘] 26.07_콘스프맛팝콘출시_ASC_전환_image (NEW),[26.07]F_I_PC혼_전환_팝콘할인페스타_혜택강조형_다이어트_.배너_아무리먹어도요요없는.선착순할인마감임박.8천원이득.확장__김소희_260706_제과_문다현,5,0,59.0,0
2026-07-08,[제과_콘스프맛 팝콘] 26.05_콘스프맛팝콘출시_수동_전환_image,가격한정&공지문_할인페스타(~7/8),[26.07]F_I_PC혼_전환_팝콘할인페스타_혜택강조형_다이어트_.배너_공지.가격실수안내.유명크리에이터.다이어터.확장__김소희_260707_제과_문다현,74,4,1369.0,0
2026-07-08,[제과_단백질 쉐이크] 26.06_단백질쉐이크출시_수동_전환_image,파우치개당가강조_0706,[26.07]F_I_SK혼_전환_단백질쉐이크출시_혜택강조형_파우치.개당가강조_.배너_대용량1개살돈으로무제한.박스규모감.확장__고민지_260708_제과_김수정,101,5,3059.0,1
2026-07-09,[제과_콘스프맛 팝콘] 26.05_콘스프맛팝콘출시_수동_전환_image,가격한정&공지문_할인페스타(~7/8),[26.07]F_I_PC혼_전환_팝콘할인페스타_혜택강조형_다이어트_.배너_공지.가격실수안내.유명크리에이터.다이어터.확장__김소희_260707_제과_문다현,280,5,4249.0,1
2026-07-09,[제과_단백질 쉐이크] 26.06_단백질쉐이크출시_수동_전환_image,파우치개당가강조_0706,[26.07]F_I_SK혼_전환_단백질쉐이크출시_혜택강조형_파우치.개당가강조_.배너_대용량1개살돈으로무제한.박스규모감.확장__고민지_260708_제과_김수정,7209,265,115241.0,12
2026-07-10,[제과_단백질 쉐이크] 26.06_단백질쉐이크출시_수동_전환_image,파우치개당가강조_0706,[26.07]F_I_SK혼_전환_단백질쉐이크출시_혜택강조형_파우치.개당가강조_.배너_대용량1개살돈으로무제한.박스규모감.확장__고민지_260708_제과_김수정,5239,144,78712.0,10
2026-07-11,[제과_단백질 쉐이크] 26.06_단백질쉐이크출시_수동_전환_image,파우치개당가강조_0706,[26.07]F_I_SK혼_전환_단백질쉐이크출시_혜택강조형_파우치.개당가강조_.배너_대용량1개살돈으로무제한.박스규모감.확장__고민지_260708_제과_김수정,1390,50,19130.0,1
2026-07-11,(마스터ASC)[제과_콘스프맛 팝콘] 26.07_콘스프맛팝콘출시_ASC_전환_image (NEW),(마스터ASC)[콘스프맛 팝콘] 26.07_콘스프맛팝콘출시_ASC_전환_image (NEW),[26.07]F_I_PC혼_전환_콘스프맛팝콘출시_혜택강조형__.배너_초특가10개입.12900.마감전까지만.확장__김소희_260710_제과_문다현,109,4,2266.0,0
2026-07-12,(마스터ASC)[제과_콘스프맛 팝콘] 26.07_콘스프맛팝콘출시_ASC_전환_image (NEW),(마스터ASC)[콘스프맛 팝콘] 26.07_콘스프맛팝콘출시_ASC_전환_image (NEW),[26.07]F_I_PC혼_전환_콘스프맛팝콘출시_혜택강조형__.배너_초특가10개입.12900.마감전까지만.확장__김소희_260710_제과_문다현,1292,32,21516.0,4
2026-07-13,(마스터ASC)[제과_콘스프맛 팝콘] 26.07_콘스프맛팝콘출시_ASC_전환_image (NEW),(마스터ASC)[콘스프맛 팝콘] 26.07_콘스프맛팝콘출시_ASC_전환_image (NEW),[26.07]F_I_PC혼_전환_콘스프맛팝콘출시_혜택강조형__.배너_초특가10개입.12900.마감전까지만.확장__김소희_260710_제과_문다현,810,19,14380.0,3
2026-07-14,[제과_단백질 쉐이크] 26.06_단백질쉐이크출시_수동_전환_image,파우치개당가강조_0706,[26.07]F_I_SK혼_전환_단백질쉐이크출시_혜택강조형_파우치.개당가강조_.배너_대용량1개살돈으로무제한.박스규모감.확장__고민지_260708_제과_김수정,878,34,17966.0,1
2026-07-14,(마스터ASC)[제과_콘스프맛 팝콘] 26.07_콘스프맛팝콘출시_ASC_전환_image (NEW),(마스터ASC)[콘스프맛 팝콘] 26.07_콘스프맛팝콘출시_ASC_전환_image (NEW),[26.07]F_I_PC혼_전환_콘스프맛팝콘출시_혜택강조형__.배너_초특가10개입.12900.마감전까지만.확장__김소희_260710_제과_문다현,3135,62,54098.0,9
2026-07-15,(마스터ASC)[제과_블트하] 26.07_블트깡출시_ASC_전환_image,(마스터ASC)[제과_블트하] 26.07_블트깡출시_ASC_전환_image,[26.07]F_I_BT깡_전환_블트깡출시_바이럴형_KR2_.배너_원산지페포.맛잘알친구가줌.검증__김소희_260715_제과_김수정,1,0,2.0,0
2026-07-15,(마스터ASC)[제과_블트하] 26.07_블트깡출시_ASC_전환_image,(마스터ASC)[제과_블트하] 26.07_블트깡출시_ASC_전환_image,[26.07]F_I_BT깡_전환_블트깡출시__KR2_.배너_원산지권위.공식문서형.마진포기하고.검증__김소희_260715_제과_김수정,336,5,5112.0,0
2026-07-16,(마스터ASC)[제과_블트하] 26.07_블트깡출시_ASC_전환_image,(마스터ASC)[제과_블트하] 26.07_블트깡출시_ASC_전환_image,[26.07]F_I_BT깡_전환_블트깡출시_바이럴형_KR2_.배너_원산지페포.맛잘알친구가줌.검증__김소희_260715_제과_김수정,36,0,639.0,0
2026-07-16,(마스터ASC)[제과_블트하] 26.07_블트깡출시_ASC_전환_image,(마스터ASC)[제과_블트하] 26.07_블트깡출시_ASC_전환_image,[26.07]F_I_BT깡_전환_블트깡출시__KR2_.배너_원산지권위.공식문서형.마진포기하고.검증__김소희_260715_제과_김수정,11,1,197.0,0
2026-07-17,(마스터ASC)[제과_블트하] 26.07_블트깡출시_ASC_전환_image,(마스터ASC)[제과_블트하] 26.07_블트깡출시_ASC_전환_image,[26.07]F_I_BT깡_전환_블트깡출시_바이럴형_KR2_.배너_원산지페포.맛잘알친구가줌.검증__김소희_260715_제과_김수정,2,1,20.0,0
2026-07-19,(마스터ASC)[제과_블트하] 26.07_블트깡출시_ASC_전환_image,(마스터ASC)[제과_블트하] 26.07_블트깡출시_ASC_전환_image,[26.07]F_I_BT깡_전환_블트깡출시__KR2_.배너_원산지권위.공식문서형.마진포기하고.검증__김소희_260715_제과_김수정,3,0,138.0,0
2026-07-21,(마스터ASC)[제과_블트하] 26.07_블트깡출시_ASC_전환_image,(마스터ASC)[제과_블트하] 26.07_블트깡출시_ASC_전환_image,[26.07]F_I_BT깡_전환_블트깡출시__KR2_.배너_원산지권위.공식문서형.마진포기하고.검증__김소희_260715_제과_김수정,18,0,744.0,0
2026-07-21,(마스터ASC)[제과_블트하] 26.07_블트깡출시_ASC_전환_image,(마스터ASC)[제과_블트하] 26.07_블트깡출시_ASC_전환_image,[26.07]F_I_BT깡_전환_블트깡출시_바이럴형_KR1_.배너_맘카페.중국산강조.검증__김소희_260720_제과_박지현,150,2,2078.0,0
2026-07-22,(마스터ASC)[제과_블트하] 26.07_블트깡출시_ASC_전환_image,(마스터ASC)[제과_블트하] 26.07_블트깡출시_ASC_전환_image,[26.07]F_I_BT깡_전환_블트깡출시__KR2_.배너_원산지권위.공식문서형.마진포기하고.검증__김소희_260715_제과_김수정,7,0,116.0,0
2026-07-22,(마스터ASC)[제과_블트하] 26.07_블트깡출시_ASC_전환_image,(마스터ASC)[제과_블트하] 26.07_블트깡출시_ASC_전환_image,[26.07]F_I_BT깡_전환_블트깡출시_바이럴형_KR1_.배너_맘카페.중국산강조.검증__김소희_260720_제과_박지현,559,23,10642.0,2
2026-07-22,[제과_블트하] 26.07_블트깡출시_수동_전환_image_전체타겟,주변인인정_블트칩출시 (KR2) (0728),[26.07]F_I_BT칩_전환_블트칩출시_혜택강조형_KR2_.배너_비싼거때려넣음.칩깡동시소구.지면테스트..검증__김소희_260722_제과_박서연,3580,100,61810.0,16
2026-07-23,(마스터ASC)[제과_블트하] 26.07_블트깡출시_ASC_전환_image,(마스터ASC)[제과_블트하] 26.07_블트깡출시_ASC_전환_image,[26.07]F_I_BT깡_전환_블트깡출시__KR2_.배너_원산지권위.공식문서형.마진포기하고.검증__김소희_260715_제과_김수정,2,0,32.0,0
2026-07-23,(마스터ASC)[제과_블트하] 26.07_블트깡출시_ASC_전환_image,(마스터ASC)[제과_블트하] 26.07_블트깡출시_ASC_전환_image,[26.07]F_I_BT깡_전환_블트깡출시_바이럴형_KR1_.배너_맘카페.중국산강조.검증__김소희_260720_제과_박지현,92,2,1983.0,1
2026-07-23,[제과_블트하] 26.07_블트깡출시_수동_전환_image_전체타겟,주변인인정_블트칩출시 (KR2) (0728),[26.07]F_I_BT칩_전환_블트칩출시_혜택강조형_KR2_.배너_비싼거때려넣음.칩깡동시소구.지면테스트..검증__김소희_260722_제과_박서연,2335,68,44075.0,11
2026-07-24,(마스터ASC)[제과_블트하] 26.07_블트깡출시_ASC_전환_image,(마스터ASC)[제과_블트하] 26.07_블트깡출시_ASC_전환_image,[26.07]F_I_BT깡_전환_블트깡출시_바이럴형_KR1_.배너_맘카페.중국산강조.검증__김소희_260720_제과_박지현,16,0,290.0,0
2026-07-24,[제과_블트하] 26.07_블트깡출시_수동_전환_image_전체타겟,주변인인정_블트칩출시 (KR2) (0728),[26.07]F_I_BT칩_전환_블트칩출시_혜택강조형_KR2_.배너_비싼거때려넣음.칩깡동시소구.지면테스트..검증__김소희_260722_제과_박서연,635,12,17353.0,2
2026-07-24,[제과_블트하] 26.07_블트깡출시_수동_전환_video_전체타겟,(0725) [칩] BP이식형_블트칩출시 (KR1) (경연님/성미님),[26.07]F_V_BT칩_전환_블트칩출시_쩜오건_미쯔BP.KR1_main.릴스_대세감.꿀조합.X_2P_최나영_260724_제과_윤성미,667,23,9798.0,0
2026-07-25,[제과_블트하] 26.07_블트깡출시_수동_전환_image_전체타겟,주변인인정_블트칩출시 (KR2) (0728),[26.07]F_I_BT칩_전환_블트칩출시_혜택강조형_KR2_.배너_비싼거때려넣음.칩깡동시소구.지면테스트..검증__김소희_260722_제과_박서연,32,0,1186.0,0
2026-07-25,[제과_블트하] 26.07_블트깡출시_수동_전환_video_전체타겟,(0725) [칩] BP이식형_블트칩출시 (KR1) (경연님/성미님),[26.07]F_V_BT칩_전환_블트칩출시_쩜오건_미쯔BP.KR1_main.릴스_대세감.꿀조합.X_2P_최나영_260724_제과_윤성미,1215,34,20234.0,1
2026-07-26,[제과_블트하] 26.07_블트깡출시_수동_전환_image_전체타겟,주변인인정_블트칩출시 (KR2) (0728),[26.07]F_I_BT칩_전환_블트칩출시_혜택강조형_KR2_.배너_비싼거때려넣음.칩깡동시소구.지면테스트..검증__김소희_260722_제과_박서연,82,2,1307.0,1
2026-07-26,[제과_블트하] 26.07_블트깡출시_수동_전환_video_전체타겟,(0725) [칩] BP이식형_블트칩출시 (KR1) (경연님/성미님),[26.07]F_V_BT칩_전환_블트칩출시_쩜오건_미쯔BP.KR1_main.릴스_대세감.꿀조합.X_2P_최나영_260724_제과_윤성미,844,20,18061.0,0
2026-07-27,[제과_블트하] 26.07_블트깡출시_수동_전환_image_전체타겟,주변인인정_블트칩출시 (KR2) (0728),[26.07]F_I_BT칩_전환_블트칩출시_혜택강조형_KR2_.배너_비싼거때려넣음.칩깡동시소구.지면테스트..검증__김소희_260722_제과_박서연,14,1,267.0,0
2026-07-27,[제과_블트하] 26.07_블트깡출시_수동_전환_video_전체타겟,(0725) [칩] BP이식형_블트칩출시 (KR1) (경연님/성미님),[26.07]F_V_BT칩_전환_블트칩출시_쩜오건_미쯔BP.KR1_main.릴스_대세감.꿀조합.X_2P_최나영_260724_제과_윤성미,2232,48,42084.0,3
2026-07-28,[제과_블트하] 26.07_블트깡출시_수동_전환_image_전체타겟,주변인인정_블트칩출시 (KR2) (0728),[26.07]F_I_BT칩_전환_블트칩출시_혜택강조형_KR2_.배너_비싼거때려넣음.칩깡동시소구.지면테스트..검증__김소희_260722_제과_박서연,680,15,17504.0,1
2026-07-01,[제과_단백질 쉐이크] 26.06_단백질쉐이크출시_ASC_전환_video,[제과_단백질 쉐이크] 26.06_단백질쉐이크출시_ASC_전환_video,[26.06]F_V_SK혼_전환_단백질쉐이크출시_신규BP_인플루언서_main.릴스_본론.X_2P_이유빈_260624_제과_이봄1,351,11,9183.0,2
2026-07-01,[제과_단백질 쉐이크] 26.06_단백질쉐이크출시_ASC_전환_video,[제과_단백질 쉐이크] 26.06_단백질쉐이크출시_ASC_전환_video,[26.06]F_V_SK곡_전환_단백질쉐이크출시_신규BP_안다르.건강자극_var4.릴스_라라출시.X_2P_이유빈_260626_제과_이봄1,2,0,47.0,0
2026-07-02,[제과_단백질 쉐이크] 26.06_단백질쉐이크출시_ASC_전환_video,[제과_단백질 쉐이크] 26.06_단백질쉐이크출시_ASC_전환_video,[26.06]F_V_SK혼_전환_단백질쉐이크출시_신규BP_인플루언서_main.릴스_본론.X_2P_이유빈_260624_제과_이봄1,535,4,11752.0,0
2026-07-02,[제과_단백질 쉐이크] 26.06_단백질쉐이크출시_ASC_전환_video,[제과_단백질 쉐이크] 26.06_단백질쉐이크출시_ASC_전환_video,[26.06]F_V_SK곡_전환_단백질쉐이크출시_신규BP_안다르.건강자극_var4.릴스_라라출시.X_2P_이유빈_260626_제과_이봄1,32,4,796.0,0
2026-07-03,[제과_콘스프맛 팝콘] 26.05_콘스프맛팝콘출시_수동_전환_image,일상다이어트_팝콘할인페스타 (~7/8),[26.07]F_I_PC혼_전환_팝콘할인페스타_혜택강조형_다이어트_.배너_급구.입터짐경보.후회말고이거드세요.선착순.확장__김소희_260702_제과_문다현,206,7,5713.0,0
2026-07-04,[제과_콘스프맛 팝콘] 26.05_콘스프맛팝콘출시_수동_전환_image,일상다이어트_팝콘할인페스타 (~7/8),[26.07]F_I_PC혼_전환_팝콘할인페스타_혜택강조형_다이어트_.배너_급구.입터짐경보.후회말고이거드세요.선착순.확장__김소희_260702_제과_문다현,67,4,1978.0,0
2026-07-04,[제과_콘스프맛 팝콘] 26.05_콘스프맛팝콘출시_수동_전환_video,지인네고형(러닝)_팝콘할인페스타_콘스프맛 (~7/8),[26.07]F_V_PC콘_전환_팝콘할인페스타_네고형_지인네고형.다이어트_var1.릴스_운동상황강조ver1.슬기.X_1P_김소희_260703_제과_문형민,808,16,19624.0,0
2026-07-05,[제과_단백질 쉐이크] 26.06_단백질쉐이크출시_ASC_전환_video,[제과_단백질 쉐이크] 26.06_단백질쉐이크출시_ASC_전환_video,[26.06]F_V_SK곡_전환_단백질쉐이크출시_신규BP_안다르.건강자극_var4.릴스_라라출시.X_2P_이유빈_260626_제과_이봄1,1,0,14.0,0
2026-07-05,[제과_콘스프맛 팝콘] 26.05_콘스프맛팝콘출시_수동_전환_image,일상다이어트_팝콘할인페스타 (~7/8),[26.07]F_I_PC혼_전환_팝콘할인페스타_혜택강조형_다이어트_.배너_급구.입터짐경보.후회말고이거드세요.선착순.확장__김소희_260702_제과_문다현,38,0,781.0,0
2026-07-05,[제과_콘스프맛 팝콘] 26.05_콘스프맛팝콘출시_수동_전환_video,지인네고형(러닝)_팝콘할인페스타_콘스프맛 (~7/8),[26.07]F_V_PC콘_전환_팝콘할인페스타_네고형_지인네고형.다이어트_var1.릴스_운동상황강조ver1.슬기.X_1P_김소희_260703_제과_문형민,171,6,4346.0,0
2026-07-06,[제과_콘스프맛 팝콘] 26.05_콘스프맛팝콘출시_수동_전환_video,지인네고형(러닝)_팝콘할인페스타_콘스프맛 (~7/8),[26.07]F_V_PC콘_전환_팝콘할인페스타_네고형_지인네고형.다이어트_var1.릴스_운동상황강조ver1.슬기.X_1P_김소희_260703_제과_문형민,99,4,2719.0,0
2026-07-07,[제과_단백질 쉐이크] 26.06_단백질쉐이크출시_ASC_전환_video,[제과_단백질 쉐이크] 26.06_단백질쉐이크출시_ASC_전환_video,[26.06]F_V_SK곡_전환_단백질쉐이크출시_신규BP_안다르.건강자극_var4.릴스_라라출시.X_2P_이유빈_260626_제과_이봄1,1,0,18.0,0
2026-07-07,[제과_콘스프맛 팝콘] 26.05_콘스프맛팝콘출시_수동_전환_video,지인네고형(러닝)_팝콘할인페스타_콘스프맛 (~7/8),[26.07]F_V_PC콘_전환_팝콘할인페스타_네고형_지인네고형.다이어트_var1.릴스_운동상황강조ver1.슬기.X_1P_김소희_260703_제과_문형민,972,21,23324.0,5
2026-07-07,(마스터2) [제과_단백질 쉐이크] 26.07_단백질쉐이크출시_ASC_전환_image,(마스터2) [제과_단백질 쉐이크] 26.07_단백질쉐이크출시_ASC_전환_image,[26.07]F_I_SK혼_전환_단백질쉐이크출시_혜택강조형_파우치.개당가강조_.배너_대용량페포.물조절실패.확장__이유빈_260707_제과_김수정,111,2,1824.0,0
2026-07-08,[제과_단백질 쉐이크] 26.06_단백질쉐이크출시_ASC_전환_video,[제과_단백질 쉐이크] 26.06_단백질쉐이크출시_ASC_전환_video,[26.06]F_V_SK곡_전환_단백질쉐이크출시_신규BP_안다르.건강자극_var4.릴스_라라출시.X_2P_이유빈_260626_제과_이봄1,58,1,1161.0,0
2026-07-08,[제과_콘스프맛 팝콘] 26.05_콘스프맛팝콘출시_수동_전환_video,지인네고형(러닝)_팝콘할인페스타_콘스프맛 (~7/8),[26.07]F_V_PC콘_전환_팝콘할인페스타_네고형_지인네고형.다이어트_var1.릴스_운동상황강조ver1.슬기.X_1P_김소희_260703_제과_문형민,106,3,2910.0,0
2026-07-08,(마스터2) [제과_단백질 쉐이크] 26.07_단백질쉐이크출시_ASC_전환_image,(마스터2) [제과_단백질 쉐이크] 26.07_단백질쉐이크출시_ASC_전환_image,[26.07]F_I_SK혼_전환_단백질쉐이크출시_혜택강조형_파우치.개당가강조_.배너_대용량페포.물조절실패.확장__이유빈_260707_제과_김수정,452,14,8348.0,1
2026-07-09,[제과_단백질 쉐이크] 26.06_단백질쉐이크출시_ASC_전환_video,[제과_단백질 쉐이크] 26.06_단백질쉐이크출시_ASC_전환_video,[26.06]F_V_SK곡_전환_단백질쉐이크출시_신규BP_안다르.건강자극_var4.릴스_라라출시.X_2P_이유빈_260626_제과_이봄1,11,0,294.0,0
2026-07-09,[제과_콘스프맛 팝콘] 26.05_콘스프맛팝콘출시_수동_전환_video,지인네고형(러닝)_팝콘할인페스타_콘스프맛 (~7/8),[26.07]F_V_PC콘_전환_팝콘할인페스타_네고형_지인네고형.다이어트_var1.릴스_운동상황강조ver1.슬기.X_1P_김소희_260703_제과_문형민,2,0,61.0,0
2026-07-09,(마스터2) [제과_단백질 쉐이크] 26.07_단백질쉐이크출시_ASC_전환_image,(마스터2) [제과_단백질 쉐이크] 26.07_단백질쉐이크출시_ASC_전환_image,[26.07]F_I_SK혼_전환_단백질쉐이크출시_매거진형_파우치.개당가강조_.배너_포만감페인포인트.통쉐이크토핑넘적어.검증__이유빈_260709_제과_문다현,38,2,1054.0,0
2026-07-10,(마스터2) [제과_단백질 쉐이크] 26.07_단백질쉐이크출시_ASC_전환_image,(마스터2) [제과_단백질 쉐이크] 26.07_단백질쉐이크출시_ASC_전환_image,[26.07]F_I_SK혼_전환_단백질쉐이크출시_매거진형_파우치.개당가강조_.배너_포만감페인포인트.통쉐이크토핑넘적어.검증__이유빈_260709_제과_문다현,472,8,9991.0,0
2026-07-10,[제과_단쉐_990] 26.07_깜짝990딜_수동_전환_image,990딜_0710,[26.07]F_I_SK혼_전환_단쉐990원_혜택강조형__.배너_고퀄인데다이소보다싼.얼마나담든.개당990원딜.확장__이유빈_260710_제과_문다현,1205,62,21693.0,1
2026-07-11,[제과_단쉐_990] 26.07_깜짝990딜_수동_전환_image,990딜_0710,[26.07]F_I_SK혼_전환_단쉐990원_혜택강조형__.배너_고퀄인데다이소보다싼.얼마나담든.개당990원딜.확장__이유빈_260710_제과_문다현,173,6,2795.0,0
2026-07-12,[제과_콘스프맛 팝콘] 26.05_콘스프맛팝콘출시_수동_전환_video,지인네고형(러닝)_팝콘할인페스타_콘스프맛 (~7/8),[26.07]F_V_PC콘_전환_팝콘할인페스타_네고형_지인네고형.다이어트_var1.릴스_운동상황강조ver1.슬기.X_1P_김소희_260703_제과_문형민,2,0,16.0,0
2026-07-14,[제과_단백질 쉐이크] 26.06_단백질쉐이크출시_수동_전환_video,AI캐릭터형_0713,[26.07]F_V_SK혼_전환_단백질쉐이크출시_ai형_ai캐릭터.파우치.개당가강조_var2.릴스_먹방대용량비교.X_2P_이유빈_260713_제과_이미진,938,24,15131.0,0
2026-07-15,(마스터2) [제과_단백질 쉐이크] 26.07_단백질쉐이크출시_ASC_전환_image,(마스터2) [제과_단백질 쉐이크] 26.07_단백질쉐이크출시_ASC_전환_image,[26.07]F_I_SK곡_전환_단백질쉐이크출시_혜택강조형_올영최저가비교_.배너_느낌표.네고형.팝콘.확장__이유빈_260714_제과_문다현,320,8,8309.0,0
2026-07-16,(마스터ASC)[제과_블트하] 26.07_블트깡출시_ASC_전환_image,(마스터ASC)[제과_블트하] 26.07_블트깡출시_ASC_전환_image,[26.07]F_I_BT깡_전환_블트깡출시_매거진형_KR1_.배너_판매량.창고형마트오픈런기록.검증__김소희_260715_제과_김수정,128,4,2418.0,1
2026-07-17,(마스터ASC)[제과_블트하] 26.07_블트깡출시_ASC_전환_image,(마스터ASC)[제과_블트하] 26.07_블트깡출시_ASC_전환_image,[26.07]F_I_BT깡_전환_블트깡출시_매거진형_KR1_.배너_판매량.창고형마트오픈런기록.검증__김소희_260715_제과_김수정,26,0,637.0,0
2026-07-17,(마스터ASC)[제과_블트하] 26.07_블트깡출시_ASC_전환_video,(마스터ASC)[제과_블트하] 26.07_블트깡출시_ASC_전환_video,[26.07]F_V_BT깡_전환_블트깡출시_인물리뷰형_에어프라이기BP.KR1_var1.릴스_조합.슬기.X_1P_최나영_260716_제과_피재은,353,7,8252.0,5
2026-07-17,[제과_블트하] 26.07_블트깡출시_수동_전환_image_전체타겟,3040대세감_블트깡출시 (KR1),[26.07]F_I_BT깡_전환_블트깡출시_바이럴형_KR1_.배너_3040소비상황.주말넷플릭스.검증__김소희_260716_제과_김수정,7092,109,93242.0,8
2026-07-18,(마스터ASC)[제과_블트하] 26.07_블트깡출시_ASC_전환_video,(마스터ASC)[제과_블트하] 26.07_블트깡출시_ASC_전환_video,[26.07]F_V_BT깡_전환_블트깡출시_인물리뷰형_에어프라이기BP.KR1_var1.릴스_조합.슬기.X_1P_최나영_260716_제과_피재은,22,0,333.0,0
2026-07-20,(마스터ASC)[제과_블트하] 26.07_블트깡출시_ASC_전환_image,(마스터ASC)[제과_블트하] 26.07_블트깡출시_ASC_전환_image,[26.07]F_I_BT깡_전환_블트깡출시_매거진형_KR1_.배너_판매량.창고형마트오픈런기록.검증__김소희_260715_제과_김수정,3,0,9.0,0
2026-07-20,(마스터ASC)[제과_블트하] 26.07_블트깡출시_ASC_전환_video,(마스터ASC)[제과_블트하] 26.07_블트깡출시_ASC_전환_video,[26.07]F_V_BT깡_전환_블트깡출시_인물리뷰형_에어프라이기BP.KR1_var1.릴스_조합.슬기.X_1P_최나영_260716_제과_피재은,15,0,173.0,0
2026-07-21,(마스터ASC)[제과_블트하] 26.07_블트깡출시_ASC_전환_video,(마스터ASC)[제과_블트하] 26.07_블트깡출시_ASC_전환_video,[26.07]F_V_BT깡_전환_블트깡출시_인물리뷰형_에어프라이기BP.KR1_var1.릴스_조합.슬기.X_1P_최나영_260716_제과_피재은,4,0,30.0,0
2026-07-21,[제과_콘스프맛 팝콘] 26.05_콘스프맛팝콘출시_수동_전환_video,책상지인네고형(운동.페인포인트)_0721,[26.07]F_V_PC콘_전환_콘스프맛팝콘출시_네고형_책상지인네고형_var3.릴스_공통부터.X_2P_이유빈_260721_제과_이미진,696,10,10497.0,0
2026-07-22,[제과_콘스프맛 팝콘] 26.05_콘스프맛팝콘출시_수동_전환_video,책상지인네고형(운동.페인포인트)_0721,[26.07]F_V_PC콘_전환_콘스프맛팝콘출시_네고형_책상지인네고형_var3.릴스_공통부터.X_2P_이유빈_260721_제과_이미진,391,3,7839.0,0
2026-07-22,[칩] (마스터ASC)[제과_블트하] 26.07_블트칩출시_ASC_전환_image,[칩] (마스터ASC)[제과_블트하] 26.07_블트칩출시_ASC_전환_image,[26.07]F_I_BT칩_전환_블트칩출시_매거진형_KR1_.배너_맘카페대란템트러플하몽칩.노랑텍스트..확장__김소희_260722_제과_박서연,1,0,6.0,0
2026-07-23,(마스터ASC)[제과_블트하] 26.07_블트깡출시_ASC_전환_image,(마스터ASC)[제과_블트하] 26.07_블트깡출시_ASC_전환_image,[26.07]F_I_BT깡_전환_블트깡출시_매거진형_KR1_.배너_판매량.창고형마트오픈런기록.검증__김소희_260715_제과_김수정,1,0,16.0,0
2026-07-23,[제과_콘스프맛 팝콘] 26.05_콘스프맛팝콘출시_수동_전환_video,책상지인네고형(운동.페인포인트)_0721,[26.07]F_V_PC콘_전환_콘스프맛팝콘출시_네고형_책상지인네고형_var3.릴스_공통부터.X_2P_이유빈_260721_제과_이미진,16,0,214.0,0
2026-07-23,[칩] (마스터ASC)[제과_블트하] 26.07_블트칩출시_ASC_전환_image,[칩] (마스터ASC)[제과_블트하] 26.07_블트칩출시_ASC_전환_image,[26.07]F_I_BT칩_전환_블트칩출시_매거진형_KR1_.배너_맘카페대란템트러플하몽칩.노랑텍스트..확장__김소희_260722_제과_박서연,277,9,5609.0,0
2026-07-23,[제과_블트하] 26.07_블트깡출시_수동_전환_video_전체타겟,(0725) [칩] 클룹BP_블트칩출시 (KR1) (재은님),[26.07]F_V_BT혼_전환_블트칩출시_기타_클룹BP.KR1_main.릴스_메인.슬기.X_1P_최나영_260723_제과_피재은,729,23,11561.0,0
2026-07-24,[칩] (마스터ASC)[제과_블트하] 26.07_블트칩출시_ASC_전환_image,[칩] (마스터ASC)[제과_블트하] 26.07_블트칩출시_ASC_전환_image,[26.07]F_I_BT칩_전환_블트칩출시_매거진형_KR1_.배너_맘카페대란템트러플하몽칩.노랑텍스트..확장__김소희_260722_제과_박서연,1208,36,23959.0,1
2026-07-24,[제과_블트하] 26.07_블트깡출시_수동_전환_video_전체타겟,(0725) [칩] 클룹BP_블트칩출시 (KR1) (재은님),[26.07]F_V_BT혼_전환_블트칩출시_기타_클룹BP.KR1_main.릴스_메인.슬기.X_1P_최나영_260723_제과_피재은,1245,49,25818.0,0
2026-07-24,[제과_블트하] 26.07_블트깡출시_수동_전환_image_전체타겟,(칩) 맘카페&혜택강조형_블트칩출시 (0723),[26.07]F_I_BT칩_전환_블트칩출시_혜택강조형_KR1_.배너_편의점안내문.재입고미정.확장__김소희_260723_제과_김수정,3482,113,80806.0,4
2026-07-24,[칩] (마스터ASC)[제과_블트하] 26.07_블트칩출시_ASC_전환_video,[칩] (마스터ASC)[제과_블트하] 26.07_블트칩출시_ASC_전환_video,[26.07]F_P_BT깡_전환_블트깡출시_기타_파트너쉽_.릴스_.X__김소희_260724_제과_여원맛집,406,8,3912.0,0
2026-07-25,[칩] (마스터ASC)[제과_블트하] 26.07_블트칩출시_ASC_전환_image,[칩] (마스터ASC)[제과_블트하] 26.07_블트칩출시_ASC_전환_image,[26.07]F_I_BT칩_전환_블트칩출시_매거진형_KR1_.배너_맘카페대란템트러플하몽칩.노랑텍스트..확장__김소희_260722_제과_박서연,183,3,5074.0,0
2026-07-25,[제과_블트하] 26.07_블트깡출시_수동_전환_video_전체타겟,(0725) [칩] 클룹BP_블트칩출시 (KR1) (재은님),[26.07]F_V_BT혼_전환_블트칩출시_기타_클룹BP.KR1_main.릴스_메인.슬기.X_1P_최나영_260723_제과_피재은,154,3,3385.0,0
2026-07-25,[제과_블트하] 26.07_블트깡출시_수동_전환_image_전체타겟,(칩) 맘카페&혜택강조형_블트칩출시 (0723),[26.07]F_I_BT칩_전환_블트칩출시_혜택강조형_KR1_.배너_편의점안내문.재입고미정.확장__김소희_260723_제과_김수정,602,18,17256.0,0
2026-07-25,[칩] (마스터ASC)[제과_블트하] 26.07_블트칩출시_ASC_전환_video,[칩] (마스터ASC)[제과_블트하] 26.07_블트칩출시_ASC_전환_video,[26.07]F_P_BT깡_전환_블트깡출시_기타_파트너쉽_.릴스_.X__김소희_260724_제과_여원맛집,251,2,3838.0,1
2026-07-26,[제과_블트하] 26.07_블트깡출시_수동_전환_video_전체타겟,(0725) [칩] 클룹BP_블트칩출시 (KR1) (재은님),[26.07]F_V_BT혼_전환_블트칩출시_기타_클룹BP.KR1_main.릴스_메인.슬기.X_1P_최나영_260723_제과_피재은,2005,55,64469.0,6
2026-07-26,[제과_블트하] 26.07_블트깡출시_수동_전환_image_전체타겟,(칩) 맘카페&혜택강조형_블트칩출시 (0723),[26.07]F_I_BT칩_전환_블트칩출시_혜택강조형_KR1_.배너_편의점안내문.재입고미정.확장__김소희_260723_제과_김수정,544,24,18437.0,2
2026-07-27,[제과_블트하] 26.07_블트깡출시_수동_전환_video_전체타겟,(0725) [칩] 클룹BP_블트칩출시 (KR1) (재은님),[26.07]F_V_BT혼_전환_블트칩출시_기타_클룹BP.KR1_main.릴스_메인.슬기.X_1P_최나영_260723_제과_피재은,486,8,10340.0,1
2026-07-27,[제과_블트하] 26.07_블트깡출시_수동_전환_image_전체타겟,(칩) 맘카페&혜택강조형_블트칩출시 (0723),[26.07]F_I_BT칩_전환_블트칩출시_혜택강조형_KR1_.배너_편의점안내문.재입고미정.확장__김소희_260723_제과_김수정,460,12,18627.0,0
2026-07-28,[제과_블트하] 26.07_블트깡출시_수동_전환_video_전체타겟,(0725) [칩] 클룹BP_블트칩출시 (KR1) (재은님),[26.07]F_V_BT혼_전환_블트칩출시_기타_클룹BP.KR1_main.릴스_메인.슬기.X_1P_최나영_260723_제과_피재은,725,14,16271.0,2
2026-07-09,[제과_콘스프맛 팝콘] 26.05_콘스프맛팝콘출시_수동_전환_image,속세맛간식공감_콘스프맛팝콘_상시,[26.07]F_I_PC혼_전환_상시_매거진형_다이어트_.배너_칼로리가성비페인포인트.시중과자칼로리.맛그대로.칼로리절반이하.검증__김소희_260708_제과_문다현,237,3,5580.0,0
2026-07-15,(마스터ASC)[제과_블트하] 26.07_블트깡출시_ASC_전환_video,(마스터ASC)[제과_블트하] 26.07_블트깡출시_ASC_전환_video,[26.07]F_V_BT깡_전환_블트깡출시_쩜오건_내돈내산리뷰.KR1_var1.릴스_역대급.X_1P_김소희_260715_제과_문형민,216,7,2408.0,2
2026-07-16,(마스터ASC)[제과_블트하] 26.07_블트깡출시_ASC_전환_video,(마스터ASC)[제과_블트하] 26.07_블트깡출시_ASC_전환_video,[26.07]F_V_BT깡_전환_블트깡출시_쩜오건_내돈내산리뷰.KR1_var1.릴스_역대급.X_1P_김소희_260715_제과_문형민,753,11,10101.0,2
2026-07-17,(마스터ASC)[제과_블트하] 26.07_블트깡출시_ASC_전환_video,(마스터ASC)[제과_블트하] 26.07_블트깡출시_ASC_전환_video,[26.07]F_V_BT깡_전환_블트깡출시_쩜오건_내돈내산리뷰.KR1_var1.릴스_역대급.X_1P_김소희_260715_제과_문형민,165,3,2256.0,1
2026-07-17,(마스터ASC)[제과_블트하] 26.07_블트깡출시_ASC_전환_video,(마스터ASC)[제과_블트하] 26.07_블트깡출시_ASC_전환_video,[26.07]F_V_BT깡_전환_블트깡출시_인물리뷰형_에어프라이기BP.KR1_var5.릴스_BP그대로.슬기.X_1P_최나영_260716_제과_피재은,1547,21,25453.0,3
2026-07-18,(마스터ASC)[제과_블트하] 26.07_블트깡출시_ASC_전환_video,(마스터ASC)[제과_블트하] 26.07_블트깡출시_ASC_전환_video,[26.07]F_V_BT깡_전환_블트깡출시_쩜오건_내돈내산리뷰.KR1_var1.릴스_역대급.X_1P_김소희_260715_제과_문형민,28,2,664.0,0
2026-07-19,(마스터ASC)[제과_블트하] 26.07_블트깡출시_ASC_전환_video,(마스터ASC)[제과_블트하] 26.07_블트깡출시_ASC_전환_video,[26.07]F_V_BT깡_전환_블트깡출시_쩜오건_내돈내산리뷰.KR1_var1.릴스_역대급.X_1P_김소희_260715_제과_문형민,4,0,105.0,0
2026-07-20,(마스터ASC)[제과_블트하] 26.07_블트깡출시_ASC_전환_video,(마스터ASC)[제과_블트하] 26.07_블트깡출시_ASC_전환_video,[26.07]F_V_BT깡_전환_블트깡출시_쩜오건_내돈내산리뷰.KR1_var1.릴스_역대급.X_1P_김소희_260715_제과_문형민,33,1,893.0,0
2026-07-21,(마스터ASC)[제과_블트하] 26.07_블트깡출시_ASC_전환_video,(마스터ASC)[제과_블트하] 26.07_블트깡출시_ASC_전환_video,[26.07]F_V_BT깡_전환_블트깡출시_쩜오건_내돈내산리뷰.KR1_var1.릴스_역대급.X_1P_김소희_260715_제과_문형민,380,10,8160.0,1
2026-07-22,[제과_블트하] 26.07_블트깡출시_수동_전환_image_전체타겟,주변인인정_블트칩출시 (KR2) (0728),[26.07]F_I_BT칩_전환_블트칩출시_혜택강조형_KR2_.배너_1키로에수백만원.이미지강조.지면테스트..검증__김소희_260722_제과_박서연,328,20,6520.0,4
2026-07-22,[칩] (마스터ASC)[제과_블트하] 26.07_블트칩출시_ASC_전환_image,[칩] (마스터ASC)[제과_블트하] 26.07_블트칩출시_ASC_전환_image,[26.07]F_I_BT칩_전환_블트칩출시__KR1_.배너_맛비주얼공지문.창고형마트원산지.확장__김소희_260722_제과_김수정,3,0,27.0,0
2026-07-23,[제과_블트하] 26.07_블트깡출시_수동_전환_image_전체타겟,주변인인정_블트칩출시 (KR2) (0728),[26.07]F_I_BT칩_전환_블트칩출시_혜택강조형_KR2_.배너_1키로에수백만원.이미지강조.지면테스트..검증__김소희_260722_제과_박서연,878,23,16126.0,1
2026-07-23,[칩] (마스터ASC)[제과_블트하] 26.07_블트칩출시_ASC_전환_image,[칩] (마스터ASC)[제과_블트하] 26.07_블트칩출시_ASC_전환_image,[26.07]F_I_BT칩_전환_블트칩출시__KR1_.배너_맛비주얼공지문.창고형마트원산지.확장__김소희_260722_제과_김수정,74,0,1266.0,0
2026-07-24,[제과_블트하] 26.07_블트깡출시_수동_전환_image_전체타겟,주변인인정_블트칩출시 (KR2) (0728),[26.07]F_I_BT칩_전환_블트칩출시_혜택강조형_KR2_.배너_1키로에수백만원.이미지강조.지면테스트..검증__김소희_260722_제과_박서연,1493,53,30190.0,1
2026-07-24,[칩] (마스터ASC)[제과_블트하] 26.07_블트칩출시_ASC_전환_image,[칩] (마스터ASC)[제과_블트하] 26.07_블트칩출시_ASC_전환_image,[26.07]F_I_BT칩_전환_블트칩출시__KR1_.배너_맛비주얼공지문.창고형마트원산지.확장__김소희_260722_제과_김수정,302,5,4520.0,0
2026-07-25,(마스터ASC)[제과_블트하] 26.07_블트깡출시_ASC_전환_video,(마스터ASC)[제과_블트하] 26.07_블트깡출시_ASC_전환_video,[26.07]F_V_BT깡_전환_블트깡출시_쩜오건_내돈내산리뷰.KR1_var1.릴스_역대급.X_1P_김소희_260715_제과_문형민,288,10,6098.0,0
2026-07-25,[제과_블트하] 26.07_블트깡출시_수동_전환_image_전체타겟,주변인인정_블트칩출시 (KR2) (0728),[26.07]F_I_BT칩_전환_블트칩출시_혜택강조형_KR2_.배너_1키로에수백만원.이미지강조.지면테스트..검증__김소희_260722_제과_박서연,46,0,968.0,0
2026-07-25,[칩] (마스터ASC)[제과_블트하] 26.07_블트칩출시_ASC_전환_image,[칩] (마스터ASC)[제과_블트하] 26.07_블트칩출시_ASC_전환_image,[26.07]F_I_BT칩_전환_블트칩출시__KR1_.배너_맛비주얼공지문.창고형마트원산지.확장__김소희_260722_제과_김수정,16,0,202.0,0
