date,campaign_name,adset_name,ad_name,impressions,clicks,spend,conversions
2026-09-11,[제과_블트하] 26.07_블트깡출시_수동_전환_video_전체타겟,0807_인덕션BP_블트칩출시 (KR1),[26.08]F_V_BT칩_전환_블트칩출시_신규BP_인덕션BP.KR1_var3.릴스_조합취식.X_1P_김소희_260807_제과_이봄1,8792,349,341563.0,22
2026-09-11,[제과_치즈팝콘] 26.08_치즈팝콘출시_수동_전환_video_전체타겟,(0824) CS전화네고형_치즈팝콘재입고 (KR2) (미진님),[26.08]F_V_PC치_전환_치즈팝콘재입고_네고형_CS전화네고.KR2_var1.릴스_취식.X_2P_권미정_260824_제과_이미진,8278,95,86387.0,7
2026-09-12,[제과_블트하] 26.07_블트깡출시_수동_전환_video_전체타겟,0807_인덕션BP_블트칩출시 (KR1),[26.08]F_V_BT칩_전환_블트칩출시_신규BP_인덕션BP.KR1_var3.릴스_조합취식.X_1P_김소희_260807_제과_이봄1,1683,73,70475.0,3
2026-09-12,[제과_치즈팝콘] 26.08_치즈팝콘출시_수동_전환_video_전체타겟,(0824) CS전화네고형_치즈팝콘재입고 (KR2) (미진님),[26.08]F_V_PC치_전환_치즈팝콘재입고_네고형_CS전화네고.KR2_var1.릴스_취식.X_2P_권미정_260824_제과_이미진,13866,197,157857.0,12
2026-09-13,[제과_블트하] 26.07_블트깡출시_수동_전환_video_전체타겟,0807_인덕션BP_블트칩출시 (KR1),[26.08]F_V_BT칩_전환_블트칩출시_신규BP_인덕션BP.KR1_var3.릴스_조합취식.X_1P_김소희_260807_제과_이봄1,604,29,27909.0,0
2026-09-13,[제과_치즈팝콘] 26.08_치즈팝콘출시_수동_전환_video_전체타겟,(0824) CS전화네고형_치즈팝콘재입고 (KR2) (미진님),[26.08]F_V_PC치_전환_치즈팝콘재입고_네고형_CS전화네고.KR2_var1.릴스_취식.X_2P_권미정_260824_제과_이미진,4061,52,51510.0,3
2026-09-11,(마스터ASC)[제과_블트하] 26.07_블트깡출시_ASC_전환_video,(마스터ASC)[제과_블트하] 26.07_블트깡출시_ASC_전환_video,[26.08]F_V_BT깡_전환_블트깡출시_라이브커머스형_라이브커머스형.KR1_var5.릴스_전체.맛비주얼.슬기.X_1P_김소희_260812_제과_피재은,150,4,2945.0,0
2026-09-11,(마스터ASC)[제과_블트하] 26.07_블트깡출시_ASC_전환_video,(마스터ASC)[제과_블트하] 26.07_블트깡출시_ASC_전환_video,[26.08]F_V_BT혼_전환_블트칩출시_신규BP_젤리백BP.이국주.KR1_main.릴스_본론.여러가지.X_2P_최나영_260814_제과_이봄1,3,0,55.0,0
2026-09-11,(마스터ASC)[제과_블트하] 26.07_블트깡출시_ASC_전환_video,(마스터ASC)[제과_블트하] 26.07_블트깡출시_ASC_전환_video,[26.08]F_V_BT깡_전환_블트깡출시_쩜오건_시즈닝강조.이국주.KR1_var4.릴스_블트깡.확산맛조합.슬기.X_1P__260820_제과_문형민,13,0,201.0,0
2026-09-11,(마스터ASC)[제과_블트하] 26.07_블트깡출시_ASC_전환_video,(마스터ASC)[제과_블트하] 26.07_블트깡출시_ASC_전환_video,[26.08]F_V_BT칩_전환_블트칩출시_쩜오건_시즈닝강조.이국주.KR1_var7.릴스_블트칩.반전.슬기.X_1P__260820_제과_문형민,3,0,18.0,0
2026-09-11,(마스터ASC)[제과_블트하] 26.07_블트깡출시_ASC_전환_video,(마스터ASC)[제과_블트하] 26.07_블트깡출시_ASC_전환_video,[26.08]F_V_BT칩_전환_블트칩출시_제조과정형_제조과정형.이국주.KR2_var1.릴스_이국주.X_1P__260821_제과_피재은,32,1,639.0,0
2026-09-12,(마스터ASC)[제과_블트하] 26.07_블트깡출시_ASC_전환_video,(마스터ASC)[제과_블트하] 26.07_블트깡출시_ASC_전환_video,[26.08]F_V_BT칩_전환_블트칩출시_제조과정형_제조과정형.이국주.KR2_var1.릴스_이국주.X_1P__260821_제과_피재은,156,1,2425.0,0
2026-09-13,(마스터ASC)[제과_블트하] 26.07_블트깡출시_ASC_전환_video,(마스터ASC)[제과_블트하] 26.07_블트깡출시_ASC_전환_video,[26.08]F_V_BT깡_전환_블트깡출시_라이브커머스형_라이브커머스형.KR1_var5.릴스_전체.맛비주얼.슬기.X_1P_김소희_260812_제과_피재은,95,4,1430.0,1
2026-09-13,(마스터ASC)[제과_블트하] 26.07_블트깡출시_ASC_전환_video,(마스터ASC)[제과_블트하] 26.07_블트깡출시_ASC_전환_video,[26.08]F_V_BT혼_전환_블트칩출시_신규BP_젤리백BP.이국주.KR1_main.릴스_본론.여러가지.X_2P_최나영_260814_제과_이봄1,2,0,623.0,0
2026-09-13,(마스터ASC)[제과_블트하] 26.07_블트깡출시_ASC_전환_video,(마스터ASC)[제과_블트하] 26.07_블트깡출시_ASC_전환_video,[26.08]F_V_BT깡_전환_블트깡출시_쩜오건_시즈닝강조.이국주.KR1_var4.릴스_블트깡.확산맛조합.슬기.X_1P__260820_제과_문형민,39,2,405.0,0
2026-09-13,(마스터ASC)[제과_블트하] 26.07_블트깡출시_ASC_전환_video,(마스터ASC)[제과_블트하] 26.07_블트깡출시_ASC_전환_video,[26.08]F_V_BT칩_전환_블트칩출시_제조과정형_제조과정형.이국주.KR2_var1.릴스_이국주.X_1P__260821_제과_피재은,795,16,11178.0,1
2026-09-11,(마스터ASC)[제과_블트하] 26.07_블트깡출시_ASC_전환_video,(마스터ASC)[제과_블트하] 26.07_블트깡출시_ASC_전환_video,[26.07]F_V_BT깡_전환_블트깡출시_쩜오건_대세감실체.KR1_var1.릴스_유명남돌라방.X_1P_김소희_260715_제과_문형민,14,0,216.0,0
2026-09-11,[제과_치즈팝콘] 26.08_치즈팝콘출시_수동_전환_video_전체타겟,(0805) 네고형_치즈팝콘출시 (KR2) (재은님),[26.08]F_V_PC치_전환_치즈팝콘출시_네고형_네고형_var4.릴스_맛.슬기.X_1P_권미정_260805_제과_피재은,3,0,17.0,0
2026-09-11,[칩] (마스터ASC)[제과_블트하] 26.07_블트칩출시_ASC_전환_video,[칩] (마스터ASC)[제과_블트하] 26.07_블트칩출시_ASC_전환_video,[26.08]F_V_BT칩_전환_블트칩출시_네고형_공구네고형.이국주.KR2_var4.릴스_고급안주.X_1P_최나영_260820_제과_피재은,23,1,686.0,0
2026-09-11,(마스터ASC)[제과_치즈팝콘] 26.08_치즈팝콘출시_ASC_전환_image_전체타겟,(마스터ASC)[제과_치즈팝콘] 26.08_치즈팝콘출시_ASC_전환_image_전체타겟,[26.08]F_I_PC치_전환_치즈팝콘재입고_혜택강조형__.배너_직원가보다싼.__고민지_260828_제과_박서연,19,0,427.0,0
2026-09-11,[제과_초코퐁당] 26.09_초코퐁당출시_수동_전환_video_전체타겟,(0904) 먹스타형_초코퐁당출시 (KR1) (봄님),[26.09]F_V_PN초_전환_초코퐁당출시_맛인지형_먹스타그램.KR1_var1.릴스_일본현지인.X_2P_권미정_260904_제과_이봄1,1731,25,37538.0,3
2026-09-11,[제과_초코퐁당] 26.09_초코퐁당출시_수동_전환_video_전체타겟,(0904) 먹스타형_초코퐁당출시 (KR1) (봄님),[26.09]F_V_PN초_전환_초코퐁당출시_맛인지형_먹스타그램.KR1_main.릴스_BP대로.X_2P_권미정_260904_제과_이봄1,14954,179,216791.0,22
2026-09-11,[제과_초코퐁당] 26.09_초코퐁당출시_수동_전환_video_전체타겟,(0904) 먹스타형_초코퐁당출시 (KR1) (봄님),[26.09]F_V_PN초_전환_초코퐁당출시_맛인지형_먹스타그램.KR1_var2.릴스_로이스초콜릿덕후.X_2P_권미정_260904_제과_이봄1,1433,18,23961.0,2
2026-09-11,[제과_초코퐁당] 26.09_초코퐁당출시_수동_전환_video_전체타겟,(0904) 먹스타형_초코퐁당출시 (KR1) (봄님),[26.09]F_V_PN초_전환_초코퐁당출시_맛인지형_먹스타그램.KR1_var4.릴스_일본여행객+수치강조.X_2P_권미정_260904_제과_이봄1,34,0,1052.0,1
2026-09-11,[제과_초코퐁당] 26.09_초코퐁당출시_수동_전환_video_전체타겟,(0904) 먹스타형_초코퐁당출시 (KR1) (봄님),[26.09]F_V_PN초_전환_초코퐁당출시_맛인지형_먹스타그램.KR1_var3.릴스_일본현지인+대량구매.X_2P_권미정_260904_제과_이봄1,1143,19,34530.0,2
2026-09-11,[제과_초코퐁당] 26.09_초코퐁당출시_수동_전환_video_전체타겟,(0904) 먹스타형_초코퐁당출시 (KR1) (봄님),[26.09]F_V_PN초_전환_초코퐁당출시_맛인지형_먹스타그램.KR1_var5.릴스_일본 덕후+밈.X_2P_권미정_260904_제과_이봄1,974,15,16728.0,0
2026-09-11,[제과_초코퐁당] 26.09_초코퐁당출시_수동_전환_video_전체타겟,(0904) 쩜오건_초코퐁당출시 (KR1) (봄님),[26.09]F_V_PN초_전환_초코퐁당출시_쩜오건_토마토테라BP.KR1_main.릴스_님스저당버전.X_2P_권미정_260904_제과_이봄1,3145,19,58273.0,2
2026-09-11,[제과_초코퐁당] 26.09_초코퐁당출시_수동_전환_video_전체타겟,(0911) TOM비주얼 쩜오건_초코퐁당출시 (KR1) (재원님),[26.09]F_V_PN초_전환_초코퐁당출시_쩜오건_멘탈이나가버렸다.KR1_main.릴스_릴스버전.X_2P_권미정_260911_제과_최재원,2302,28,40610.0,1
2026-09-11,[제과_초코퐁당] 26.09_초코퐁당출시_수동_전환_video_전체타겟,(0911) TOM비주얼 쩜오건_초코퐁당출시 (KR1) (재원님),[26.09]F_V_PN초_전환_초코퐁당출시_쩜오건_멘탈이나가버렸다.KR1_var1.릴스_가격강조버전.X_2P_권미정_260911_제과_최재원,688,7,17897.0,0
2026-09-11,[제과_초코퐁당] 26.09_초코퐁당출시_수동_전환_video_전체타겟,(0911) 인플루언서형_초코퐁당출시 (KR1) (봄님),[26.09]F_V_PN초_전환_초코퐁당출시_인플루언서형_인플루언서형.KR1_var2.릴스_BP인트로.X_2P_권미정_260911_제과_이봄1,414,6,7404.0,1
2026-09-11,[제과_초코퐁당] 26.09_초코퐁당출시_수동_전환_video_전체타겟,(0911) 인플루언서형_초코퐁당출시 (KR1) (봄님),[26.09]F_V_PN초_전환_초코퐁당출시_인플루언서형_인플루언서형.KR1_main.릴스_본론.X_2P_권미정_260911_제과_이봄1,71,1,1524.0,0
2026-09-11,[제과_초코퐁당] 26.09_초코퐁당출시_수동_전환_video_전체타겟,(0911) 인플루언서형_초코퐁당출시 (KR1) (봄님),[26.09]F_V_PN초_전환_초코퐁당출시_인플루언서형_인플루언서형.KR1_var1.릴스_로이스환승.X_2P_권미정_260911_제과_이봄1,214,4,4132.0,0
2026-09-11,[제과_초코퐁당] 26.09_초코퐁당출시_수동_전환_video_전체타겟,(0911) 인플루언서형_초코퐁당출시 (KR1) (봄님),[26.09]F_V_PN초_전환_초코퐁당출시_인플루언서형_인플루언서형.KR1_var3.릴스_PMS페인.X_2P_권미정_260911_제과_이봄1,701,18,14295.0,3
2026-09-11,[제과_초코퐁당] 26.09_초코퐁당출시_수동_전환_video_전체타겟,(0911) 인플루언서형_초코퐁당출시 (KR1) (봄님),[26.09]F_V_PN초_전환_초코퐁당출시_인플루언서형_인플루언서형.KR1_var4.릴스_생초콜릿어그로.X_2P_권미정_260911_제과_이봄1,1206,13,23696.0,0
2026-09-12,[제과_치즈팝콘] 26.08_치즈팝콘출시_수동_전환_video_전체타겟,(0805) 네고형_치즈팝콘출시 (KR2) (재은님),[26.08]F_V_PC치_전환_치즈팝콘출시_네고형_네고형_var4.릴스_맛.슬기.X_1P_권미정_260805_제과_피재은,11,0,80.0,0
2026-09-12,(마스터ASC)[제과_치즈팝콘] 26.08_치즈팝콘출시_ASC_전환_image_전체타겟,(마스터ASC)[제과_치즈팝콘] 26.08_치즈팝콘출시_ASC_전환_image_전체타겟,[26.08]F_I_PC치_전환_치즈팝콘재입고_혜택강조형__.배너_직원가보다싼.__고민지_260828_제과_박서연,25,0,336.0,0
2026-09-12,[제과_초코퐁당] 26.09_초코퐁당출시_수동_전환_video_전체타겟,(0904) 먹스타형_초코퐁당출시 (KR1) (봄님),[26.09]F_V_PN초_전환_초코퐁당출시_맛인지형_먹스타그램.KR1_var1.릴스_일본현지인.X_2P_권미정_260904_제과_이봄1,1014,21,22588.0,1
2026-09-12,[제과_초코퐁당] 26.09_초코퐁당출시_수동_전환_video_전체타겟,(0904) 먹스타형_초코퐁당출시 (KR1) (봄님),[26.09]F_V_PN초_전환_초코퐁당출시_맛인지형_먹스타그램.KR1_main.릴스_BP대로.X_2P_권미정_260904_제과_이봄1,25597,329,415942.0,24
2026-09-12,[제과_초코퐁당] 26.09_초코퐁당출시_수동_전환_video_전체타겟,(0904) 먹스타형_초코퐁당출시 (KR1) (봄님),[26.09]F_V_PN초_전환_초코퐁당출시_맛인지형_먹스타그램.KR1_var2.릴스_로이스초콜릿덕후.X_2P_권미정_260904_제과_이봄1,926,16,17089.0,1
2026-09-12,[제과_초코퐁당] 26.09_초코퐁당출시_수동_전환_video_전체타겟,(0904) 먹스타형_초코퐁당출시 (KR1) (봄님),[26.09]F_V_PN초_전환_초코퐁당출시_맛인지형_먹스타그램.KR1_var4.릴스_일본여행객+수치강조.X_2P_권미정_260904_제과_이봄1,13,0,166.0,0
2026-09-12,[제과_초코퐁당] 26.09_초코퐁당출시_수동_전환_video_전체타겟,(0904) 쩜오건_초코퐁당출시 (KR1) (봄님),[26.09]F_V_PN초_전환_초코퐁당출시_쩜오건_토마토테라BP.KR1_main.릴스_님스저당버전.X_2P_권미정_260904_제과_이봄1,3529,66,79050.0,6
2026-09-12,[제과_초코퐁당] 26.09_초코퐁당출시_수동_전환_video_전체타겟,(0911) TOM비주얼 쩜오건_초코퐁당출시 (KR1) (재원님),[26.09]F_V_PN초_전환_초코퐁당출시_쩜오건_멘탈이나가버렸다.KR1_main.릴스_릴스버전.X_2P_권미정_260911_제과_최재원,13366,126,181689.0,17
2026-09-12,[제과_초코퐁당] 26.09_초코퐁당출시_수동_전환_video_전체타겟,(0911) TOM비주얼 쩜오건_초코퐁당출시 (KR1) (재원님),[26.09]F_V_PN초_전환_초코퐁당출시_쩜오건_멘탈이나가버렸다.KR1_var1.릴스_가격강조버전.X_2P_권미정_260911_제과_최재원,412,8,11500.0,1
2026-09-12,[제과_초코퐁당] 26.09_초코퐁당출시_수동_전환_video_전체타겟,(0911) 인플루언서형_초코퐁당출시 (KR1) (봄님),[26.09]F_V_PN초_전환_초코퐁당출시_인플루언서형_인플루언서형.KR1_var2.릴스_BP인트로.X_2P_권미정_260911_제과_이봄1,1796,24,31801.0,1
2026-09-12,[제과_초코퐁당] 26.09_초코퐁당출시_수동_전환_video_전체타겟,(0911) 인플루언서형_초코퐁당출시 (KR1) (봄님),[26.09]F_V_PN초_전환_초코퐁당출시_인플루언서형_인플루언서형.KR1_main.릴스_본론.X_2P_권미정_260911_제과_이봄1,1996,38,35883.0,3
2026-09-12,[제과_초코퐁당] 26.09_초코퐁당출시_수동_전환_video_전체타겟,(0911) 인플루언서형_초코퐁당출시 (KR1) (봄님),[26.09]F_V_PN초_전환_초코퐁당출시_인플루언서형_인플루언서형.KR1_var1.릴스_로이스환승.X_2P_권미정_260911_제과_이봄1,635,8,11948.0,0
2026-09-12,[제과_초코퐁당] 26.09_초코퐁당출시_수동_전환_video_전체타겟,(0911) 인플루언서형_초코퐁당출시 (KR1) (봄님),[26.09]F_V_PN초_전환_초코퐁당출시_인플루언서형_인플루언서형.KR1_var3.릴스_PMS페인.X_2P_권미정_260911_제과_이봄1,63028,932,916106.0,64
2026-09-12,[제과_초코퐁당] 26.09_초코퐁당출시_수동_전환_video_전체타겟,(0911) 인플루언서형_초코퐁당출시 (KR1) (봄님),[26.09]F_V_PN초_전환_초코퐁당출시_인플루언서형_인플루언서형.KR1_var4.릴스_생초콜릿어그로.X_2P_권미정_260911_제과_이봄1,16470,288,248320.0,18
2026-09-13,(마스터ASC)[제과_블트하] 26.07_블트깡출시_ASC_전환_video,(마스터ASC)[제과_블트하] 26.07_블트깡출시_ASC_전환_video,[26.07]F_V_BT깡_전환_블트깡출시_쩜오건_대세감실체.KR1_var1.릴스_유명남돌라방.X_1P_김소희_260715_제과_문형민,54,0,1050.0,0
2026-09-13,[제과_치즈팝콘] 26.08_치즈팝콘출시_수동_전환_video_전체타겟,(0805) 네고형_치즈팝콘출시 (KR2) (재은님),[26.08]F_V_PC치_전환_치즈팝콘출시_네고형_네고형_var4.릴스_맛.슬기.X_1P_권미정_260805_제과_피재은,101,2,712.0,0
2026-09-13,(마스터ASC)[제과_치즈팝콘] 26.08_치즈팝콘출시_ASC_전환_image_전체타겟,(마스터ASC)[제과_치즈팝콘] 26.08_치즈팝콘출시_ASC_전환_image_전체타겟,[26.08]F_I_PC치_전환_치즈팝콘재입고_혜택강조형__.배너_직원가보다싼.__고민지_260828_제과_박서연,3,0,542.0,0
2026-09-13,(마스터ASC) [제과_블트하] 26.09_블트깡출시_ASC_전환_image,(마스터ASC) [제과_블트하] 26.09_블트깡출시_ASC_전환_image,[26.08]F_I_BT칩_전환_블트칩출시_혜택강조형_나폴리맛피아.KR1_.릴스_불편감수.구하기어려워서.__김소희_260901_제과_김수정,15,0,278.0,0
2026-09-13,[제과_초코퐁당] 26.09_초코퐁당출시_수동_전환_video_전체타겟,(0904) 먹스타형_초코퐁당출시 (KR1) (봄님),[26.09]F_V_PN초_전환_초코퐁당출시_맛인지형_먹스타그램.KR1_var1.릴스_일본현지인.X_2P_권미정_260904_제과_이봄1,6288,93,129126.0,12
2026-09-13,[제과_초코퐁당] 26.09_초코퐁당출시_수동_전환_video_전체타겟,(0904) 먹스타형_초코퐁당출시 (KR1) (봄님),[26.09]F_V_PN초_전환_초코퐁당출시_맛인지형_먹스타그램.KR1_main.릴스_BP대로.X_2P_권미정_260904_제과_이봄1,47560,695,675466.0,49
2026-09-13,[제과_초코퐁당] 26.09_초코퐁당출시_수동_전환_video_전체타겟,(0904) 먹스타형_초코퐁당출시 (KR1) (봄님),[26.09]F_V_PN초_전환_초코퐁당출시_맛인지형_먹스타그램.KR1_var2.릴스_로이스초콜릿덕후.X_2P_권미정_260904_제과_이봄1,1095,26,17268.0,1
2026-09-13,[제과_초코퐁당] 26.09_초코퐁당출시_수동_전환_video_전체타겟,(0904) 먹스타형_초코퐁당출시 (KR1) (봄님),[26.09]F_V_PN초_전환_초코퐁당출시_맛인지형_먹스타그램.KR1_var4.릴스_일본여행객+수치강조.X_2P_권미정_260904_제과_이봄1,92,0,1304.0,0
2026-09-13,[제과_초코퐁당] 26.09_초코퐁당출시_수동_전환_video_전체타겟,(0904) 먹스타형_초코퐁당출시 (KR1) (봄님),[26.09]F_V_PN초_전환_초코퐁당출시_맛인지형_먹스타그램.KR1_var5.릴스_일본 덕후+밈.X_2P_권미정_260904_제과_이봄1,504,1,7694.0,0
2026-09-13,[제과_초코퐁당] 26.09_초코퐁당출시_수동_전환_video_전체타겟,(0904) 쩜오건_초코퐁당출시 (KR1) (봄님),[26.09]F_V_PN초_전환_초코퐁당출시_쩜오건_토마토테라BP.KR1_main.릴스_님스저당버전.X_2P_권미정_260904_제과_이봄1,17817,338,360334.0,28
2026-09-13,[제과_초코퐁당] 26.09_초코퐁당출시_수동_전환_video_전체타겟,(0911) TOM비주얼 쩜오건_초코퐁당출시 (KR1) (재원님),[26.09]F_V_PN초_전환_초코퐁당출시_쩜오건_멘탈이나가버렸다.KR1_main.릴스_릴스버전.X_2P_권미정_260911_제과_최재원,12764,112,135826.0,9
2026-09-13,[제과_초코퐁당] 26.09_초코퐁당출시_수동_전환_video_전체타겟,(0911) TOM비주얼 쩜오건_초코퐁당출시 (KR1) (재원님),[26.09]F_V_PN초_전환_초코퐁당출시_쩜오건_멘탈이나가버렸다.KR1_var1.릴스_가격강조버전.X_2P_권미정_260911_제과_최재원,957,7,18456.0,0
2026-09-13,[제과_초코퐁당] 26.09_초코퐁당출시_수동_전환_video_전체타겟,(0911) 인플루언서형_초코퐁당출시 (KR1) (봄님),[26.09]F_V_PN초_전환_초코퐁당출시_인플루언서형_인플루언서형.KR1_var2.릴스_BP인트로.X_2P_권미정_260911_제과_이봄1,401,9,6536.0,1
2026-09-13,[제과_초코퐁당] 26.09_초코퐁당출시_수동_전환_video_전체타겟,(0911) 인플루언서형_초코퐁당출시 (KR1) (봄님),[26.09]F_V_PN초_전환_초코퐁당출시_인플루언서형_인플루언서형.KR1_main.릴스_본론.X_2P_권미정_260911_제과_이봄1,4895,83,57908.0,3
2026-09-13,[제과_초코퐁당] 26.09_초코퐁당출시_수동_전환_video_전체타겟,(0911) 인플루언서형_초코퐁당출시 (KR1) (봄님),[26.09]F_V_PN초_전환_초코퐁당출시_인플루언서형_인플루언서형.KR1_var1.릴스_로이스환승.X_2P_권미정_260911_제과_이봄1,559,6,6114.0,0
2026-09-13,[제과_초코퐁당] 26.09_초코퐁당출시_수동_전환_video_전체타겟,(0911) 인플루언서형_초코퐁당출시 (KR1) (봄님),[26.09]F_V_PN초_전환_초코퐁당출시_인플루언서형_인플루언서형.KR1_var3.릴스_PMS페인.X_2P_권미정_260911_제과_이봄1,18613,300,198853.0,14
2026-09-13,[제과_초코퐁당] 26.09_초코퐁당출시_수동_전환_video_전체타겟,(0911) 인플루언서형_초코퐁당출시 (KR1) (봄님),[26.09]F_V_PN초_전환_초코퐁당출시_인플루언서형_인플루언서형.KR1_var4.릴스_생초콜릿어그로.X_2P_권미정_260911_제과_이봄1,6170,119,85063.0,5
2026-09-12,(마스터ASC)[제과_블트하] 26.07_블트깡출시_ASC_전환_video,(마스터ASC)[제과_블트하] 26.07_블트깡출시_ASC_전환_video,[26.08]F_V_BT깡_전환_블트깡출시_라이브커머스형_라이브커머스형.KR1_var10.릴스_가격강조.취식.슬기.X_1P_김소희_260812_제과_피재은,3,0,124.0,0
2026-09-12,(마스터ASC)[제과_치즈팝콘] 26.08_치즈팝콘출시_ASC_전환_image_전체타겟,(마스터ASC)[제과_치즈팝콘] 26.08_치즈팝콘출시_ASC_전환_image_전체타겟,[26.08]F_I_PC치_전환_치즈팝콘재입고_혜택강조형_KR2.물림페포_.배너_공지문.물리지않는맛.__권미정_260824_제과_박서연,6,0,40.0,0
2026-09-11,[칩] (마스터ASC)[제과_블트하] 26.07_블트칩출시_ASC_전환_video,[칩] (마스터ASC)[제과_블트하] 26.07_블트칩출시_ASC_전환_video,[26.08]F_V_BT혼_전환_블트깡출시_신규BP_오프아워BP.이국주.KR1_var3.릴스_이국주트러플하몽.X_2P_김소희_260814_제과_이미진,3,0,212.0,0
2026-09-11,[칩] (마스터ASC)[제과_블트하] 26.07_블트칩출시_ASC_전환_video,[칩] (마스터ASC)[제과_블트하] 26.07_블트칩출시_ASC_전환_video,[26.08]F_V_BT칩_전환_블트칩출시_신규BP_도리토스BP.이국주.KR2_var4.릴스_BP대로.X_2P_김소희_260821_제과_이봄1,1,0,3.0,0
2026-09-11,(마스터ASC)[제과_치즈팝콘] 26.08_치즈팝콘출시_ASC_전환_video_전체타겟,(마스터ASC)[제과_치즈팝콘] 26.08_치즈팝콘출시_ASC_전환_video_전체타겟,[26.08]F_V_PC치_전환_치즈팝콘재입고_네고형_CS전화네고.KR2_var3.릴스_안정형.X_2P_권미정_260824_제과_이미진,10,0,77.0,0
2026-09-11,(마스터ASC) [제과_블트하] 26.09_블트깡출시_ASC_전환_image,(마스터ASC) [제과_블트하] 26.09_블트깡출시_ASC_전환_image,[26.08]F_I_BT칩_전환_블트칩출시_혜택강조형_나폴리맛피아.KR2_.릴스_직접경험.포브스선정.__김소희_260901_제과_김수정,17,0,496.0,0
2026-09-11,(마스터ASC)[제과_블트하] 26.07_블트깡출시_ASC_전환_video,(마스터ASC)[제과_블트하] 26.07_블트깡출시_ASC_전환_video,[26.07]F_V_BT깡_전환_블트깡출시_쩜오건_대세감실체.KR1_var2.릴스_여배우유튜브.X_1P_김소희_260715_제과_문형민,114,1,2488.0,0
2026-09-11,(마스터ASC)[제과_블트하] 26.07_블트깡출시_ASC_전환_video,(마스터ASC)[제과_블트하] 26.07_블트깡출시_ASC_전환_video,[26.08]F_V_BT칩_전환_블트칩출시_쩜오건_시즈닝강조.이국주.KR1_var5.릴스_블트칩.메인.슬기.X_1P__260820_제과_문형민,46,0,700.0,0
2026-09-11,[제과_블트하] 26.07_블트깡출시_수동_전환_video_전체타겟,0821_직원네고형_블트칩출시 (이국주) (KR1),[26.08]F_V_BT칩_전환_블트칩출시_네고형_직원네고형.이국주.KR1_var1.릴스_ver1.시즈닝강조.슬기.X_1P__260821_제과_문형민,57069,831,729940.0,51
2026-09-11,(마스터ASC)[제과_블트하] 26.07_블트깡출시_ASC_전환_video,(마스터ASC)[제과_블트하] 26.07_블트깡출시_ASC_전환_video,[26.09]F_V_BT칩_전환_블트깡출시_신규BP_베이직BP.나폴리맛피아.KR1_var5.릴스_맛피아실체2.X_1P__260901_제과_문형민,33,3,783.0,0
2026-09-11,(마스터ASC)[제과_블트하] 26.07_블트깡출시_ASC_전환_video,(마스터ASC)[제과_블트하] 26.07_블트깡출시_ASC_전환_video,[26.09]F_V_BT칩_전환_블트깡출시_쩜오건_나폴리맛피아.KR2_var1.릴스_이태리.슬기.X_1P__260901_제과_피재은,45,1,996.0,1
2026-09-12,(마스터ASC)[제과_블트하] 26.07_블트깡출시_ASC_전환_video,(마스터ASC)[제과_블트하] 26.07_블트깡출시_ASC_전환_video,[26.07]F_V_BT깡_전환_블트깡출시_쩜오건_대세감실체.KR1_var2.릴스_여배우유튜브.X_1P_김소희_260715_제과_문형민,16,0,212.0,0
2026-09-12,(마스터ASC)[제과_블트하] 26.07_블트깡출시_ASC_전환_video,(마스터ASC)[제과_블트하] 26.07_블트깡출시_ASC_전환_video,[26.08]F_V_BT칩_전환_블트칩출시_신규BP_아린이네BP.KR1_var1.릴스_공구형.페인포인트.가격.X_2P_최나영_260811_제과_윤성미,1,0,216.0,0
2026-09-12,[제과_블트하] 26.07_블트깡출시_수동_전환_video_전체타겟,0821_직원네고형_블트칩출시 (이국주) (KR1),[26.08]F_V_BT칩_전환_블트칩출시_네고형_직원네고형.이국주.KR1_var1.릴스_ver1.시즈닝강조.슬기.X_1P__260821_제과_문형민,10902,179,132480.0,8
2026-09-13,(마스터ASC)[제과_블트하] 26.07_블트깡출시_ASC_전환_video,(마스터ASC)[제과_블트하] 26.07_블트깡출시_ASC_전환_video,[26.07]F_V_BT깡_전환_블트깡출시_쩜오건_대세감실체.KR1_var2.릴스_여배우유튜브.X_1P_김소희_260715_제과_문형민,176,2,2926.0,0
2026-09-13,(마스터ASC)[제과_블트하] 26.07_블트깡출시_ASC_전환_video,(마스터ASC)[제과_블트하] 26.07_블트깡출시_ASC_전환_video,[26.08]F_V_BT칩_전환_블트칩출시_신규BP_아린이네BP.KR1_var1.릴스_공구형.페인포인트.가격.X_2P_최나영_260811_제과_윤성미,4,1,301.0,0
2026-09-13,(마스터ASC)[제과_블트하] 26.07_블트깡출시_ASC_전환_video,(마스터ASC)[제과_블트하] 26.07_블트깡출시_ASC_전환_video,[26.08]F_V_BT칩_전환_블트칩출시_쩜오건_시즈닝강조.이국주.KR1_var5.릴스_블트칩.메인.슬기.X_1P__260820_제과_문형민,52,0,718.0,0
2026-09-13,[제과_블트하] 26.07_블트깡출시_수동_전환_video_전체타겟,0821_직원네고형_블트칩출시 (이국주) (KR1),[26.08]F_V_BT칩_전환_블트칩출시_네고형_직원네고형.이국주.KR1_var1.릴스_ver1.시즈닝강조.슬기.X_1P__260821_제과_문형민,49947,887,735197.0,51
2026-09-13,(마스터ASC)[제과_블트하] 26.07_블트깡출시_ASC_전환_video,(마스터ASC)[제과_블트하] 26.07_블트깡출시_ASC_전환_video,[26.09]F_V_BT칩_전환_블트깡출시_신규BP_베이직BP.나폴리맛피아.KR1_var5.릴스_맛피아실체2.X_1P__260901_제과_문형민,5,0,95.0,0
2026-09-13,(마스터ASC)[제과_블트하] 26.07_블트깡출시_ASC_전환_video,(마스터ASC)[제과_블트하] 26.07_블트깡출시_ASC_전환_video,[26.09]F_V_BT칩_전환_블트깡출시_쩜오건_나폴리맛피아.KR2_var1.릴스_이태리.슬기.X_1P__260901_제과_피재은,12,0,174.0,0
2026-09-11,[제과_블트하] 26.07_블트깡출시_수동_전환_video_전체타겟,(스틱) 0907_네고형_블트스틱출시 (KR2),[26.09]F_V_BT틱_전환_블트스틱출시_네고형_네고형.맛피아.KR1_var4.릴스_TOM1.맛피아X.X_1P__260907_제과_문형민,2583,40,37588.0,7
2026-09-11,[제과_블트하] 26.07_블트깡출시_수동_전환_video_전체타겟,(스틱) 0907_네고형_블트스틱출시 (KR2),[26.09]F_V_BT틱_전환_블트스틱출시_네고형_네고형.맛피아.KR1_var5.릴스_TOM2.맛피아X.X_1P__260907_제과_문형민,24223,408,401257.0,25
2026-09-11,[제과_블트하] 26.07_블트깡출시_수동_전환_video_전체타겟,(스틱) 0907_전화네고형_블트스틱출시 (KR2),[26.09]F_V_BT틱_전환_블트스틱출시_네고형_전화네고형.맛피아.KR2_var7.릴스_트러플감튀.맛피아.X_1P__260907_제과_피재은,828,13,15532.0,1
2026-09-11,[제과_블트하] 26.07_블트깡출시_수동_전환_video_전체타겟,(스틱) 0907_전화네고형_블트스틱출시 (KR2),[26.09]F_V_BT틱_전환_블트스틱출시_네고형_전화네고형.맛피아.KR2_var3.릴스_식감.맛피아.X_1P__260907_제과_피재은,85,0,1400.0,1
2026-09-11,[제과_블트하] 26.07_블트깡출시_수동_전환_video_전체타겟,(스틱) 0907_전화네고형_블트스틱출시 (KR2),[26.09]F_V_BT틱_전환_블트스틱출시_네고형_전화네고형.맛피아.KR2_var2.릴스_조화.맛피아.X_1P__260907_제과_피재은,102043,1192,1004691.0,71
2026-09-11,[제과_블트하] 26.07_블트깡출시_수동_전환_video_전체타겟,(스틱) 0907_전화네고형_블트스틱출시 (KR2),[26.09]F_V_BT틱_전환_블트스틱출시_네고형_전화네고형.맛피아.KR2_main.릴스_메인.맛피아.X_1P__260907_제과_피재은,236,4,4111.0,3
2026-09-11,[제과_블트하] 26.07_블트깡출시_수동_전환_video_전체타겟,(스틱) 0908_닭다리BP_블트스틱출시 (KR1),[26.09]F_V_BT틱_전환_블트스틱출시_쩜오건_닭다리BP.맛피아.KR1_var1.릴스_케찹찍기.X_1P__260908_제과_문형민,2394,27,53124.0,2
2026-09-11,[제과_블트하] 26.07_블트깡출시_수동_전환_video_전체타겟,(스틱) 0908_닭다리BP_블트스틱출시 (KR1),[26.09]F_V_BT틱_전환_블트스틱출시_쩜오건_닭다리BP.맛피아.KR1_var2.릴스_소스뿌리기1.X_1P__260908_제과_문형민,48,2,1552.0,0
2026-09-12,[제과_블트하] 26.07_블트깡출시_수동_전환_video_전체타겟,(스틱) 0907_네고형_블트스틱출시 (KR2),[26.09]F_V_BT틱_전환_블트스틱출시_네고형_네고형.맛피아.KR1_var4.릴스_TOM1.맛피아X.X_1P__260907_제과_문형민,6018,85,85600.0,3
2026-09-12,[제과_블트하] 26.07_블트깡출시_수동_전환_video_전체타겟,(스틱) 0907_전화네고형_블트스틱출시 (KR2),[26.09]F_V_BT틱_전환_블트스틱출시_네고형_전화네고형.맛피아.KR2_var3.릴스_식감.맛피아.X_1P__260907_제과_피재은,1,0,15.0,1
2026-09-12,[제과_블트하] 26.07_블트깡출시_수동_전환_video_전체타겟,(스틱) 0907_전화네고형_블트스틱출시 (KR2),[26.09]F_V_BT틱_전환_블트스틱출시_네고형_전화네고형.맛피아.KR2_var2.릴스_조화.맛피아.X_1P__260907_제과_피재은,36529,503,383619.0,27
2026-09-12,[제과_블트하] 26.07_블트깡출시_수동_전환_video_전체타겟,(스틱) 0907_전화네고형_블트스틱출시 (KR2),[26.09]F_V_BT틱_전환_블트스틱출시_네고형_전화네고형.맛피아.KR2_main.릴스_메인.맛피아.X_1P__260907_제과_피재은,7,0,143.0,0
2026-09-13,[제과_블트하] 26.07_블트깡출시_수동_전환_video_전체타겟,(스틱) 0907_네고형_블트스틱출시 (KR2),[26.09]F_V_BT틱_전환_블트스틱출시_네고형_네고형.맛피아.KR1_var5.릴스_TOM2.맛피아X.X_1P__260907_제과_문형민,61957,1380,846687.0,56
2026-09-13,[제과_블트하] 26.07_블트깡출시_수동_전환_video_전체타겟,(스틱) 0907_전화네고형_블트스틱출시 (KR2),[26.09]F_V_BT틱_전환_블트스틱출시_네고형_전화네고형.맛피아.KR2_var3.릴스_식감.맛피아.X_1P__260907_제과_피재은,525,13,6030.0,0
2026-09-13,[제과_블트하] 26.07_블트깡출시_수동_전환_video_전체타겟,(스틱) 0907_전화네고형_블트스틱출시 (KR2),[26.09]F_V_BT틱_전환_블트스틱출시_네고형_전화네고형.맛피아.KR2_var2.릴스_조화.맛피아.X_1P__260907_제과_피재은,164227,2687,1616564.0,120
2026-09-13,[제과_블트하] 26.07_블트깡출시_수동_전환_video_전체타겟,(스틱) 0907_전화네고형_블트스틱출시 (KR2),[26.09]F_V_BT틱_전환_블트스틱출시_네고형_전화네고형.맛피아.KR2_main.릴스_메인.맛피아.X_1P__260907_제과_피재은,1449,23,23002.0,3
2026-09-11,[제과_블트하] 26.07_블트깡출시_수동_전환_video_전체타겟,(스틱) 0908_닭다리BP_블트스틱출시 (KR1),[26.09]F_V_BT틱_전환_블트스틱출시_쩜오건_닭다리BP.맛피아.KR1_var3.릴스_소스뿌리기2.X_1P__260908_제과_문형민,104,2,2150.0,0
2026-09-11,[제과_블트하] 26.07_블트깡출시_수동_전환_video_전체타겟,(스틱) 0908_닭다리BP_블트스틱출시 (KR1),[26.09]F_V_BT틱_전환_블트스틱출시_쩜오건_닭다리BP.맛피아.KR1_var4.릴스_치즈찍기.X_1P__260908_제과_문형민,1589,20,29277.0,3
2026-09-11,[제과_블트하] 26.07_블트깡출시_수동_전환_video_전체타겟,(스틱) 0911_초코송이BP_블트스틱출시 (KR1),[26.09]F_V_BT틱_전환_블트스틱출시_쩜오건_초코송이BP.맛피아.KR1_main.릴스_메인.X_1P__260908_제과_피재은,1,0,1.0,0
2026-09-11,[제과_블트하] 26.07_블트깡출시_수동_전환_video_전체타겟,(스틱) 0911_초코송이BP_블트스틱출시 (KR1),[26.09]F_V_BT틱_전환_블트스틱출시_쩜오건_초코송이BP.맛피아.KR1_var2.릴스_프로스토.X_1P__260908_제과_피재은,4,0,126.0,0
2026-09-11,[제과_블트하] 26.07_블트깡출시_수동_전환_video_전체타겟,(스틱) 0911_초코송이BP_블트스틱출시 (KR1),[26.09]F_V_BT틱_전환_블트스틱출시_쩜오건_초코송이BP.맛피아.KR1_var4.릴스_케찹.X_1P__260908_제과_피재은,8088,92,92502.0,4
2026-09-11,[제과_블트하] 26.07_블트깡출시_수동_전환_video_전체타겟,(스틱) 0910_책상네고형_블트스틱출시 (KR1),[26.09]F_V_BT틱_전환_블트스틱출시_쩜오건_책상네고.맛피아.KR1_var1.릴스_감튀시작.X_1P__260910_제과_문형민,1526,20,35579.0,5
2026-09-11,[제과_블트하] 26.07_블트깡출시_수동_전환_video_전체타겟,(스틱) 0910_책상네고형_블트스틱출시 (KR1),[26.09]F_V_BT틱_전환_블트스틱출시_쩜오건_책상네고.맛피아.KR1_var2.릴스_어그로후킹.X_1P__260910_제과_문형민,735,9,15173.0,1
2026-09-11,[제과_블트하] 26.07_블트깡출시_수동_전환_video_전체타겟,(스틱) 0910_책상네고형_블트스틱출시 (KR1),[26.09]F_V_BT틱_전환_블트스틱출시_쩜오건_책상네고.맛피아.KR1_main.릴스_패키지시작.X_1P__260910_제과_문형민,245,3,5144.0,0
2026-09-11,[제과_블트하] 26.07_블트깡출시_수동_전환_video_전체타겟,(스틱) 0910_책상네고형_블트스틱출시 (KR1),[26.09]F_V_BT틱_전환_블트스틱출시_쩜오건_책상네고.맛피아.KR1_var3.릴스_감튀후킹.X_1P__260910_제과_문형민,1183,10,19246.0,0
2026-09-11,[제과_블트하] 26.07_블트깡출시_수동_전환_video_전체타겟,(스틱) 0910_책상네고형_블트스틱출시 (KR1),[26.09]F_V_BT틱_전환_블트스틱출시_쩜오건_책상네고.맛피아.KR1_var4.릴스_치즈소스.X_1P__260910_제과_문형민,738,10,16361.0,1
2026-09-11,[제과_블트하] 26.07_블트깡출시_수동_전환_video_전체타겟,(스틱) 0911_CS전화네고형_블트스틱출시 (KR1),[26.09]F_V_BT틱_전환_블트스틱출시_쩜오건_CS전화네고.맛피아.KR1_var5.릴스_시즈닝.X_1P__260910_제과_피재은,197,0,3569.0,0
2026-09-11,[제과_블트하] 26.07_블트깡출시_수동_전환_video_전체타겟,(스틱) 0911_CS전화네고형_블트스틱출시 (KR1),[26.09]F_V_BT틱_전환_블트스틱출시_쩜오건_CS전화네고.맛피아.KR1_var6.릴스_맥주안주.X_1P__260910_제과_피재은,63,1,1623.0,0
2026-09-11,[제과_블트하] 26.07_블트깡출시_수동_전환_video_전체타겟,(스틱) 0911_CS전화네고형_블트스틱출시 (KR1),[26.09]F_V_BT틱_전환_블트스틱출시_쩜오건_CS전화네고.맛피아.KR1_var4.릴스_시즈닝두개.X_1P__260910_제과_피재은,329,1,5297.0,0
2026-09-11,[제과_블트하] 26.07_블트깡출시_수동_전환_video_전체타겟,(스틱) 0911_CS전화네고형_블트스틱출시 (KR1),[26.09]F_V_BT틱_전환_블트스틱출시_쩜오건_CS전화네고.맛피아.KR1_var3.릴스_맛피아조합.X_1P__260910_제과_피재은,440,5,7224.0,0
2026-09-11,[제과_블트하] 26.07_블트깡출시_수동_전환_video_전체타겟,(스틱) 0911_CS전화네고형_블트스틱출시 (KR1),[26.09]F_V_BT틱_전환_블트스틱출시_쩜오건_CS전화네고.맛피아.KR1_var1.릴스_트러플감튀.X_1P__260910_제과_피재은,933,10,13155.0,0
2026-09-11,[제과_블트하] 26.07_블트깡출시_수동_전환_video_전체타겟,(스틱) 0911_CS전화네고형_블트스틱출시 (KR1),[26.09]F_V_BT틱_전환_블트스틱출시_쩜오건_CS전화네고.맛피아.KR1_main.릴스_메인.X_1P__260910_제과_피재은,694,15,15326.0,0
2026-09-11,[제과_블트하] 26.07_블트깡출시_수동_전환_video_전체타겟,(스틱) 0911_CS전화네고형_블트스틱출시 (KR1),[26.09]F_V_BT틱_전환_블트스틱출시_쩜오건_CS전화네고.맛피아.KR1_var2.릴스_맘터감튀.X_1P__260910_제과_피재은,1074,14,22036.0,1
2026-09-11,[제과_블트하] 26.07_블트깡출시_수동_전환_video_전체타겟,(스틱) 0911_치약BP_블트스틱출시 (신규),[26.09]F_V_BT틱_전환_블트스틱출시_기타_치약BP.맛피아.KR1_var2.릴스_메인.X_1P_김소희_260911_제과_피재은,173,6,6265.0,1
2026-09-11,[제과_블트하] 26.07_블트깡출시_수동_전환_video_전체타겟,(스틱) 0911_치약BP_블트스틱출시 (신규),[26.09]F_V_BT틱_전환_블트스틱출시_기타_치약BP.맛피아.KR1_var1.릴스_메인.X_1P_김소희_260911_제과_피재은,527,12,16639.0,2
2026-09-11,[제과_블트하] 26.07_블트깡출시_수동_전환_video_전체타겟,(스틱) 0911_치약BP_블트스틱출시 (신규),[26.09]F_V_BT틱_전환_블트스틱출시_기타_치약BP.맛피아.KR1_main.릴스_메인.X_1P_김소희_260911_제과_피재은,497,14,17314.0,3
2026-09-11,[제과_블트하] 26.07_블트깡출시_수동_전환_video_전체타겟,(스틱) 0911_비빔밥BP_블트스틱출시 (신규),[26.09]F_V_BT틱_전환_블트스틱출시_기타_비빔밥BP.KR1_var3.릴스_메인.X_1P_김소희_260911_제과_피재은,1399,19,23145.0,3
2026-09-11,[제과_블트하] 26.07_블트깡출시_수동_전환_video_전체타겟,(스틱) 0911_비빔밥BP_블트스틱출시 (신규),[26.09]F_V_BT틱_전환_블트스틱출시_기타_비빔밥BP.KR1_main.릴스_메인.X_1P_김소희_260911_제과_피재은,9,1,201.0,0
2026-09-11,[제과_블트하] 26.07_블트깡출시_수동_전환_video_전체타겟,(스틱) 0911_비빔밥BP_블트스틱출시 (신규),[26.09]F_V_BT틱_전환_블트스틱출시_기타_비빔밥BP.KR1_var2.릴스_메인.X_1P_김소희_260911_제과_피재은,891,17,17961.0,2
2026-09-11,[제과_블트하] 26.07_블트깡출시_수동_전환_video_전체타겟,(스틱) 0911_비빔밥BP_블트스틱출시 (신규),[26.09]F_V_BT틱_전환_블트스틱출시_기타_비빔밥BP.KR1_var1.릴스_메인.X_1P_김소희_260911_제과_피재은,62,0,2225.0,0
2026-09-12,[제과_블트하] 26.07_블트깡출시_수동_전환_video_전체타겟,(스틱) 0911_초코송이BP_블트스틱출시 (KR1),[26.09]F_V_BT틱_전환_블트스틱출시_쩜오건_초코송이BP.맛피아.KR1_main.릴스_메인.X_1P__260908_제과_피재은,30,0,595.0,0
2026-09-12,[제과_블트하] 26.07_블트깡출시_수동_전환_video_전체타겟,(스틱) 0911_초코송이BP_블트스틱출시 (KR1),[26.09]F_V_BT틱_전환_블트스틱출시_쩜오건_초코송이BP.맛피아.KR1_var2.릴스_프로스토.X_1P__260908_제과_피재은,47,0,720.0,0
2026-09-12,[제과_블트하] 26.07_블트깡출시_수동_전환_video_전체타겟,(스틱) 0910_책상네고형_블트스틱출시 (KR1),[26.09]F_V_BT틱_전환_블트스틱출시_쩜오건_책상네고.맛피아.KR1_var1.릴스_감튀시작.X_1P__260910_제과_문형민,631,8,14339.0,0
2026-09-12,[제과_블트하] 26.07_블트깡출시_수동_전환_video_전체타겟,(스틱) 0910_책상네고형_블트스틱출시 (KR1),[26.09]F_V_BT틱_전환_블트스틱출시_쩜오건_책상네고.맛피아.KR1_main.릴스_패키지시작.X_1P__260910_제과_문형민,117,2,1762.0,0
2026-09-12,[제과_블트하] 26.07_블트깡출시_수동_전환_video_전체타겟,(스틱) 0911_CS전화네고형_블트스틱출시 (KR1),[26.09]F_V_BT틱_전환_블트스틱출시_쩜오건_CS전화네고.맛피아.KR1_var5.릴스_시즈닝.X_1P__260910_제과_피재은,99,0,1171.0,0
2026-09-12,[제과_블트하] 26.07_블트깡출시_수동_전환_video_전체타겟,(스틱) 0911_CS전화네고형_블트스틱출시 (KR1),[26.09]F_V_BT틱_전환_블트스틱출시_쩜오건_CS전화네고.맛피아.KR1_var6.릴스_맥주안주.X_1P__260910_제과_피재은,1,0,6.0,0
2026-09-12,[제과_블트하] 26.07_블트깡출시_수동_전환_video_전체타겟,(스틱) 0911_CS전화네고형_블트스틱출시 (KR1),[26.09]F_V_BT틱_전환_블트스틱출시_쩜오건_CS전화네고.맛피아.KR1_var4.릴스_시즈닝두개.X_1P__260910_제과_피재은,192,0,2505.0,0
2026-09-12,[제과_블트하] 26.07_블트깡출시_수동_전환_video_전체타겟,(스틱) 0911_CS전화네고형_블트스틱출시 (KR1),[26.09]F_V_BT틱_전환_블트스틱출시_쩜오건_CS전화네고.맛피아.KR1_var3.릴스_맛피아조합.X_1P__260910_제과_피재은,16560,173,185557.0,11
2026-09-12,[제과_블트하] 26.07_블트깡출시_수동_전환_video_전체타겟,(스틱) 0911_치약BP_블트스틱출시 (신규),[26.09]F_V_BT틱_전환_블트스틱출시_기타_치약BP.맛피아.KR1_var2.릴스_메인.X_1P_김소희_260911_제과_피재은,332,3,14732.0,0
2026-09-12,[제과_블트하] 26.07_블트깡출시_수동_전환_video_전체타겟,(스틱) 0911_치약BP_블트스틱출시 (신규),[26.09]F_V_BT틱_전환_블트스틱출시_기타_치약BP.맛피아.KR1_var1.릴스_메인.X_1P_김소희_260911_제과_피재은,2346,46,65569.0,3
2026-09-12,[제과_블트하] 26.07_블트깡출시_수동_전환_video_전체타겟,(스틱) 0911_치약BP_블트스틱출시 (신규),[26.09]F_V_BT틱_전환_블트스틱출시_기타_치약BP.맛피아.KR1_main.릴스_메인.X_1P_김소희_260911_제과_피재은,586,6,22373.0,0
2026-09-12,[제과_블트하] 26.07_블트깡출시_수동_전환_video_전체타겟,(스틱) 0911_비빔밥BP_블트스틱출시 (신규),[26.09]F_V_BT틱_전환_블트스틱출시_기타_비빔밥BP.KR1_var3.릴스_메인.X_1P_김소희_260911_제과_피재은,1100,11,19654.0,1
2026-09-12,[제과_블트하] 26.07_블트깡출시_수동_전환_video_전체타겟,(스틱) 0911_비빔밥BP_블트스틱출시 (신규),[26.09]F_V_BT틱_전환_블트스틱출시_기타_비빔밥BP.KR1_main.릴스_메인.X_1P_김소희_260911_제과_피재은,108,3,4910.0,1
2026-09-12,[제과_블트하] 26.07_블트깡출시_수동_전환_video_전체타겟,(스틱) 0911_비빔밥BP_블트스틱출시 (신규),[26.09]F_V_BT틱_전환_블트스틱출시_기타_비빔밥BP.KR1_var2.릴스_메인.X_1P_김소희_260911_제과_피재은,1009,16,19475.0,0
2026-09-12,[제과_블트하] 26.07_블트깡출시_수동_전환_video_전체타겟,(스틱) 0911_비빔밥BP_블트스틱출시 (신규),[26.09]F_V_BT틱_전환_블트스틱출시_기타_비빔밥BP.KR1_var1.릴스_메인.X_1P_김소희_260911_제과_피재은,22181,471,558080.0,45
2026-09-12,[제과_블트하] 26.07_블트깡출시_수동_전환_video_전체타겟,(스틱) 0911_초코송이BP_블트스틱출시 (KR1),[26.09]F_V_BT틱_전환_블트스틱출시_쩜오건_초코송이BP.맛피아.KR1_var1.릴스_찐감자.(재).X_1P__260911_제과_피재은,2180,17,33390.0,2
2026-09-12,[제과_블트하] 26.07_블트깡출시_수동_전환_video_전체타겟,(스틱) 0911_초코송이BP_블트스틱출시 (KR1),[26.09]F_V_BT틱_전환_블트스틱출시_쩜오건_초코송이BP.맛피아.KR1_main.릴스_감튀아니고.(재).X_1P__260911_제과_피재은,1138,6,16145.0,0
2026-09-12,[제과_블트하] 26.07_블트깡출시_수동_전환_video_전체타겟,(스틱) 0911_CS전화네고형_블트스틱출시 (KR1),[26.09]F_V_BT틱_전환_블트스틱출시_쩜오건_CS전화네고.맛피아.KR1_var1.릴스_찐감자.(재).X_1P__260911_제과_피재은,2617,24,38197.0,2
2026-09-12,[제과_블트하] 26.07_블트깡출시_수동_전환_video_전체타겟,(스틱) 0911_CS전화네고형_블트스틱출시 (KR1),[26.09]F_V_BT틱_전환_블트스틱출시_쩜오건_CS전화네고.맛피아.KR1_main.릴스_맘스터치.(재).X_1P__260911_제과_피재은,479,2,7979.0,0
2026-09-13,[제과_블트하] 26.07_블트깡출시_수동_전환_video_전체타겟,(스틱) 0911_CS전화네고형_블트스틱출시 (KR1),[26.09]F_V_BT틱_전환_블트스틱출시_쩜오건_CS전화네고.맛피아.KR1_var5.릴스_시즈닝.X_1P__260910_제과_피재은,6,0,58.0,0
2026-09-13,[제과_블트하] 26.07_블트깡출시_수동_전환_video_전체타겟,(스틱) 0911_CS전화네고형_블트스틱출시 (KR1),[26.09]F_V_BT틱_전환_블트스틱출시_쩜오건_CS전화네고.맛피아.KR1_var6.릴스_맥주안주.X_1P__260910_제과_피재은,87,1,1392.0,1
2026-09-13,[제과_블트하] 26.07_블트깡출시_수동_전환_video_전체타겟,(스틱) 0911_CS전화네고형_블트스틱출시 (KR1),[26.09]F_V_BT틱_전환_블트스틱출시_쩜오건_CS전화네고.맛피아.KR1_var4.릴스_시즈닝두개.X_1P__260910_제과_피재은,75,1,611.0,0
2026-09-13,[제과_블트하] 26.07_블트깡출시_수동_전환_video_전체타겟,(스틱) 0911_CS전화네고형_블트스틱출시 (KR1),[26.09]F_V_BT틱_전환_블트스틱출시_쩜오건_CS전화네고.맛피아.KR1_var3.릴스_맛피아조합.X_1P__260910_제과_피재은,32311,258,305869.0,19
2026-09-13,[제과_블트하] 26.07_블트깡출시_수동_전환_video_전체타겟,(스틱) 0911_치약BP_블트스틱출시 (신규),[26.09]F_V_BT틱_전환_블트스틱출시_기타_치약BP.맛피아.KR1_var1.릴스_메인.X_1P_김소희_260911_제과_피재은,2373,48,60272.0,5
2026-09-13,[제과_블트하] 26.07_블트깡출시_수동_전환_video_전체타겟,(스틱) 0911_비빔밥BP_블트스틱출시 (신규),[26.09]F_V_BT틱_전환_블트스틱출시_기타_비빔밥BP.KR1_main.릴스_메인.X_1P_김소희_260911_제과_피재은,13,1,1051.0,0
2026-09-13,[제과_블트하] 26.07_블트깡출시_수동_전환_video_전체타겟,(스틱) 0911_비빔밥BP_블트스틱출시 (신규),[26.09]F_V_BT틱_전환_블트스틱출시_기타_비빔밥BP.KR1_var1.릴스_메인.X_1P_김소희_260911_제과_피재은,2817,56,75664.0,4
2026-09-13,[제과_블트하] 26.07_블트깡출시_수동_전환_video_전체타겟,(스틱) 0911_초코송이BP_블트스틱출시 (KR1),[26.09]F_V_BT틱_전환_블트스틱출시_쩜오건_초코송이BP.맛피아.KR1_var1.릴스_찐감자.(재).X_1P__260911_제과_피재은,11290,121,139912.0,7
2026-09-13,[제과_블트하] 26.07_블트깡출시_수동_전환_video_전체타겟,(스틱) 0911_CS전화네고형_블트스틱출시 (KR1),[26.09]F_V_BT틱_전환_블트스틱출시_쩜오건_CS전화네고.맛피아.KR1_main.릴스_맘스터치.(재).X_1P__260911_제과_피재은,12731,91,128262.0,8
2026-09-11,(마스터ASC)[제과_치즈팝콘] 26.08_치즈팝콘출시_ASC_전환_image_전체타겟,(마스터ASC)[제과_치즈팝콘] 26.08_치즈팝콘출시_ASC_전환_image_전체타겟,[26.07]F_I_PC치_전환_치즈팝콘출시_혜택강조형_KR2_.피드_이니1.대세감.공지문.__권미정_260805_제과_박서연,323,2,2927.0,1
2026-09-11,(마스터ASC)[제과_치즈팝콘] 26.08_치즈팝콘출시_ASC_전환_image_전체타겟,(마스터ASC)[제과_치즈팝콘] 26.08_치즈팝콘출시_ASC_전환_image_전체타겟,[26.08]F_I_PC치_전환_치즈팝콘재입고_혜택강조형_KR1.재입고이슈_.배너_또품절되기전에쟁이세요.__권미정_260824_제과_박서연,2,0,13.0,0
2026-09-11,(마스터ASC) [제과_블트하] 26.09_블트깡출시_ASC_전환_image,(마스터ASC) [제과_블트하] 26.09_블트깡출시_ASC_전환_image,[26.08]F_I_BT깡_전환_블트칩출시_혜택강조형_나폴리맛피아.KR2_.배너_향풍미강조.트러플엄청들어가서.__김소희_260828_제과_박서연,9,1,346.0,0
2026-09-11,(마스터ASC)[제과_치즈팝콘] 26.08_치즈팝콘출시_ASC_전환_image_전체타겟,(마스터ASC)[제과_치즈팝콘] 26.08_치즈팝콘출시_ASC_전환_image_전체타겟,[26.08]F_I_PC치_전환_치즈팝콘재입고_혜택강조형__.배너_갈릭감칠맛으로.__고민지_260828_제과_박서연,1,0,49.0,0
2026-09-11,[칩] (마스터ASC)[제과_블트하] 26.07_블트칩출시_ASC_전환_video,[칩] (마스터ASC)[제과_블트하] 26.07_블트칩출시_ASC_전환_video,[26.09]F_V_BT칩_전환_블트칩출시_기타_한고은BP.나폴리맛피아.KR1_var2.릴스_평소찐템.X_1P__260902_제과_피재은,4,0,38.0,0
2026-09-12,(마스터ASC)[제과_치즈팝콘] 26.08_치즈팝콘출시_ASC_전환_image_전체타겟,(마스터ASC)[제과_치즈팝콘] 26.08_치즈팝콘출시_ASC_전환_image_전체타겟,[26.07]F_I_PC치_전환_치즈팝콘출시_혜택강조형_KR2_.피드_이니1.대세감.공지문.__권미정_260805_제과_박서연,127,3,1029.0,0
2026-09-12,(마스터ASC)[제과_치즈팝콘] 26.08_치즈팝콘출시_ASC_전환_image_전체타겟,(마스터ASC)[제과_치즈팝콘] 26.08_치즈팝콘출시_ASC_전환_image_전체타겟,[26.08]F_I_PC치_전환_치즈팝콘재입고_혜택강조형_KR1.재입고이슈_.배너_또품절되기전에쟁이세요.__권미정_260824_제과_박서연,13,0,90.0,0
2026-09-12,(마스터ASC)[제과_치즈팝콘] 26.08_치즈팝콘출시_ASC_전환_image_전체타겟,(마스터ASC)[제과_치즈팝콘] 26.08_치즈팝콘출시_ASC_전환_image_전체타겟,[26.08]F_I_PC치_전환_치즈팝콘재입고_혜택강조형__.배너_갈릭감칠맛으로.__고민지_260828_제과_박서연,14,0,246.0,0
2026-09-13,(마스터ASC)[제과_치즈팝콘] 26.08_치즈팝콘출시_ASC_전환_image_전체타겟,(마스터ASC)[제과_치즈팝콘] 26.08_치즈팝콘출시_ASC_전환_image_전체타겟,[26.07]F_I_PC치_전환_치즈팝콘출시_혜택강조형_KR2_.피드_이니1.대세감.공지문.__권미정_260805_제과_박서연,392,2,3108.0,0
2026-09-13,(마스터ASC)[제과_블트하] 26.07_블트깡출시_ASC_전환_video,(마스터ASC)[제과_블트하] 26.07_블트깡출시_ASC_전환_video,[26.08]F_V_BT칩_전환_블트칩출시_신규BP_인덕션BP.KR1_var2.릴스_돈안아까움.X_1P_김소희_260807_제과_이봄1,5,1,158.0,0
2026-09-13,(마스터ASC)[제과_블트하] 26.07_블트깡출시_ASC_전환_video,(마스터ASC)[제과_블트하] 26.07_블트깡출시_ASC_전환_video,[26.08]F_V_BT깡_전환_블트깡출시_쩜오건_시즈닝강조.이국주.KR1_main.릴스_블트깡.메인.슬기.X_1P__260820_제과_문형민,40,1,703.0,0
2026-09-13,(마스터ASC)[제과_치즈팝콘] 26.08_치즈팝콘출시_ASC_전환_image_전체타겟,(마스터ASC)[제과_치즈팝콘] 26.08_치즈팝콘출시_ASC_전환_image_전체타겟,[26.08]F_I_PC치_전환_치즈팝콘재입고_혜택강조형_KR1.재입고이슈_.배너_또품절되기전에쟁이세요.__권미정_260824_제과_박서연,62,2,672.0,0
2026-09-11,(마스터ASC)[제과_블트하] 26.07_블트깡출시_ASC_전환_video,(마스터ASC)[제과_블트하] 26.07_블트깡출시_ASC_전환_video,[26.08]F_V_BT칩_전환_블트칩출시_신규BP_아린이네BP.KR1_var2.릴스_공구형.페인포인트.고구성.X_2P_최나영_260811_제과_윤성미,3,0,70.0,0
2026-09-11,(마스터ASC)[제과_블트하] 26.07_블트깡출시_ASC_전환_video,(마스터ASC)[제과_블트하] 26.07_블트깡출시_ASC_전환_video,[26.08]F_V_BT깡_전환_블트깡출시_라이브커머스형_라이브커머스형.KR1_var11.릴스_가격강조.최저가.슬기.X_1P_김소희_260812_제과_피재은,6,0,165.0,0
2026-09-11,(마스터ASC)[제과_블트하] 26.07_블트깡출시_ASC_전환_video,(마스터ASC)[제과_블트하] 26.07_블트깡출시_ASC_전환_video,[26.09]F_V_BT깡_전환_블트깡출시_쩜오건_나폴리맛피아.KR1_var1.릴스_맛피아.슬기.X_1P__260901_제과_문형민,34,0,1435.0,0
2026-09-11,(마스터ASC) [제과_블트하] 26.09_블트깡출시_ASC_전환_image,(마스터ASC) [제과_블트하] 26.09_블트깡출시_ASC_전환_image,[26.08]F_I_BT칩_전환_블트칩출시_혜택강조형_나폴리맛피아.KR2_.배너_직접경험.고급트러플간식기준.__김소희_260901_제과_김수정,10,1,211.0,0
2026-09-12,(마스터ASC)[제과_블트하] 26.07_블트깡출시_ASC_전환_video,(마스터ASC)[제과_블트하] 26.07_블트깡출시_ASC_전환_video,[26.08]F_V_BT칩_전환_블트칩출시_신규BP_아린이네BP.KR1_var2.릴스_공구형.페인포인트.고구성.X_2P_최나영_260811_제과_윤성미,6,0,140.0,0
2026-09-13,(마스터ASC)[제과_블트하] 26.07_블트깡출시_ASC_전환_video,(마스터ASC)[제과_블트하] 26.07_블트깡출시_ASC_전환_video,[26.08]F_V_BT칩_전환_블트칩출시_신규BP_아린이네BP.KR1_var2.릴스_공구형.페인포인트.고구성.X_2P_최나영_260811_제과_윤성미,3,0,89.0,0
2026-09-13,(마스터ASC)[제과_블트하] 26.07_블트깡출시_ASC_전환_video,(마스터ASC)[제과_블트하] 26.07_블트깡출시_ASC_전환_video,[26.08]F_V_BT깡_전환_블트깡출시_혜택희소성_유인맨즈BP.이국주.KR1_main.릴스_메인.슬기.X_1P_최나영_260818_제과_피재은,4,0,44.0,0
2026-09-13,(마스터ASC)[제과_블트하] 26.07_블트깡출시_ASC_전환_video,(마스터ASC)[제과_블트하] 26.07_블트깡출시_ASC_전환_video,[26.09]F_V_BT깡_전환_블트깡출시_쩜오건_나폴리맛피아.KR1_var1.릴스_맛피아.슬기.X_1P__260901_제과_문형민,19,0,331.0,0
2026-09-13,(마스터ASC) [제과_블트하] 26.09_블트깡출시_ASC_전환_image,(마스터ASC) [제과_블트하] 26.09_블트깡출시_ASC_전환_image,[26.08]F_I_BT칩_전환_블트칩출시_혜택강조형_나폴리맛피아.신규_.배너_브랜디드.이태리유학파.__김소희_260828_제과_김수정,138,9,5059.0,0
2026-09-11,(마스터ASC)[제과_블트하] 26.07_블트깡출시_ASC_전환_video,(마스터ASC)[제과_블트하] 26.07_블트깡출시_ASC_전환_video,[26.09]F_V_BT깡_전환_블트깡출시_쩜오건_나폴리맛피아.KR1_main.릴스_메인.슬기.X_1P__260901_제과_문형민,3,0,26.0,0
2026-09-11,[제과_블트하] 26.07_블트깡출시_수동_전환_video_전체타겟,0828_추성훈BP_블트칩출시 (맛피아) (KR2),[26.09]F_V_BT칩_전환_블트깡출시_쩜오건_나폴리맛피아.KR2_var5.릴스_렉카.슬기.X_1P__260901_제과_피재은,73998,1071,1043677.0,80
2026-09-11,(마스터ASC)[제과_블트하] 26.07_블트깡출시_ASC_전환_video,(마스터ASC)[제과_블트하] 26.07_블트깡출시_ASC_전환_video,[26.09]F_V_BT칩_전환_블트깡출시_기타_배너.메시지검증_var1.배너_안주.2안.X_2P__260901_제과_최재원,6,0,155.0,0
2026-09-11,(마스터ASC)[제과_블트하] 26.07_블트깡출시_ASC_전환_video,(마스터ASC)[제과_블트하] 26.07_블트깡출시_ASC_전환_video,[26.09]F_V_BT칩_전환_블트깡출시_기타_배너.메시지검증_main.배너_안주.1안.X_2P__260901_제과_최재원,17,0,482.0,0
2026-09-12,(마스터ASC)[제과_블트하] 26.07_블트깡출시_ASC_전환_video,(마스터ASC)[제과_블트하] 26.07_블트깡출시_ASC_전환_video,[26.09]F_V_BT깡_전환_블트깡출시_쩜오건_나폴리맛피아.KR1_main.릴스_메인.슬기.X_1P__260901_제과_문형민,2,0,12.0,0
2026-09-12,[제과_블트하] 26.07_블트깡출시_수동_전환_video_전체타겟,0828_추성훈BP_블트칩출시 (맛피아) (KR2),[26.09]F_V_BT칩_전환_블트깡출시_쩜오건_나폴리맛피아.KR2_var5.릴스_렉카.슬기.X_1P__260901_제과_피재은,40639,595,485146.0,30
2026-09-12,(마스터ASC)[제과_블트하] 26.07_블트깡출시_ASC_전환_video,(마스터ASC)[제과_블트하] 26.07_블트깡출시_ASC_전환_video,[26.09]F_V_BT칩_전환_블트깡출시_기타_배너.메시지검증_main.배너_안주.1안.X_2P__260901_제과_최재원,1,0,6.0,0
2026-09-13,[제과_블트하] 26.07_블트깡출시_수동_전환_video_전체타겟,0828_추성훈BP_블트칩출시 (맛피아) (KR2),[26.09]F_V_BT칩_전환_블트깡출시_쩜오건_나폴리맛피아.KR2_var5.릴스_렉카.슬기.X_1P__260901_제과_피재은,6588,95,66988.0,4
2026-09-13,(마스터ASC)[제과_블트하] 26.07_블트깡출시_ASC_전환_video,(마스터ASC)[제과_블트하] 26.07_블트깡출시_ASC_전환_video,[26.09]F_V_BT칩_전환_블트깡출시_기타_배너.메시지검증_main.배너_안주.1안.X_2P__260901_제과_최재원,34,0,689.0,0
2026-09-11,(마스터ASC) [제과_블트하] 26.09_블트깡출시_ASC_전환_image,(마스터ASC) [제과_블트하] 26.09_블트깡출시_ASC_전환_image,[26.09]F_I_BT칩_전환_블트칩출시_혜택강조형_나폴리맛피아.KR2_.릴스_유명인인정아낌없이.공지문.__김소희_260902_제과_박지현,38,0,810.0,0
2026-09-11,[스틱] (마스터ASC) [제과_블트하] 26.09_블트스틱출시_ASC_전환_image,[스틱] (마스터ASC) [제과_블트하] 26.09_블트스틱출시_ASC_전환_image,[26.09]F_I_BT틱_전환_블트스틱출시_매거진형_KR1_.배너_감자튀김.끝까지짭짤바삭.__김소희_260907_제과_김수정,9131,98,77231.0,3
2026-09-11,[스틱] (마스터ASC) [제과_블트하] 26.09_블트스틱출시_ASC_전환_image,[스틱] (마스터ASC) [제과_블트하] 26.09_블트스틱출시_ASC_전환_image,[26.09]F_I_BT틱_전환_블트스틱출시_매거진형_KR2_.배너_페인포인트.인공향.진짜이탈리아트러플.__김소희_260907_제과_김수정,4389,40,49090.0,8
2026-09-11,[스틱] (마스터ASC) [제과_블트하] 26.09_블트스틱출시_ASC_전환_image,[스틱] (마스터ASC) [제과_블트하] 26.09_블트스틱출시_ASC_전환_image,[26.09]F_I_BT틱_전환_블트스틱출시_매거진형_맛피아.KR2_.배너_페인포인트.감자맛.진짜감자과자.__김소희_260907_제과_김수정,3447,31,33666.0,1
2026-09-11,[스틱] (마스터ASC) [제과_블트하] 26.09_블트스틱출시_ASC_전환_image,[스틱] (마스터ASC) [제과_블트하] 26.09_블트스틱출시_ASC_전환_image,[26.09]F_I_BT틱_전환_블트스틱출시_매거진형_KR2_.배너_페인포인트.짠맛.물리지않는.__김소희_260907_제과_김수정,57,0,582.0,0
2026-09-11,[스틱] (마스터ASC) [제과_블트하] 26.09_블트스틱출시_ASC_전환_image,[스틱] (마스터ASC) [제과_블트하] 26.09_블트스틱출시_ASC_전환_image,[26.09]F_I_BT틱_전환_블트스틱출시_혜택강조형_맛피아.KR1_.배너_이니3.대세감.서버복구.__김소희_260908_제과_박서연,169,0,2395.0,0
2026-09-11,[스틱] (마스터ASC) [제과_블트하] 26.09_블트스틱출시_ASC_전환_image,[스틱] (마스터ASC) [제과_블트하] 26.09_블트스틱출시_ASC_전환_image,[26.09]F_I_BT틱_전환_블트스틱출시_혜택강조형_맛피아.KR2_.배너_이니1.맛소구.사과문.__김소희_260908_제과_박서연,112851,1632,1491761.0,86
2026-09-11,[스틱] (마스터ASC) [제과_블트하] 26.09_블트스틱출시_ASC_전환_image,[스틱] (마스터ASC) [제과_블트하] 26.09_블트스틱출시_ASC_전환_image,[26.09]F_I_BT틱_전환_블트스틱출시_혜택강조형_맛피아.KR1_.배너_이니3.대세감.너만안먹어봄.__김소희_260908_제과_박서연,4,0,177.0,0
2026-09-11,[스틱] (마스터ASC) [제과_블트하] 26.09_블트스틱출시_ASC_전환_image,[스틱] (마스터ASC) [제과_블트하] 26.09_블트스틱출시_ASC_전환_image,[26.09]F_I_BT틱_전환_블트스틱출시_혜택강조형_맛피아.KR2_.배너_이니1.맛소구.이정도감튀면미슐랭.__김소희_260908_제과_박서연,73,1,902.0,0
2026-09-11,[스틱] (마스터ASC) [제과_블트하] 26.09_블트스틱출시_ASC_전환_image,[스틱] (마스터ASC) [제과_블트하] 26.09_블트스틱출시_ASC_전환_image,[26.09]F_I_BT틱_전환_블트스틱출시_혜택강조형_맛피아.KR1_.배너_이니3.대세감.저희도당황스럽습니다.__김소희_260908_제과_박서연,1,0,1.0,0
2026-09-11,[스틱] (마스터ASC) [제과_블트하] 26.09_블트스틱출시_ASC_전환_image,[스틱] (마스터ASC) [제과_블트하] 26.09_블트스틱출시_ASC_전환_image,[26.09]F_I_BT틱_전환_블트스틱출시_혜택강조형_맛피아.KR2_.배너_이니1.맛소구.패키지에얼굴박제.__김소희_260908_제과_박서연,5,0,60.0,0
2026-09-11,[스틱] (마스터ASC) [제과_블트하] 26.09_블트스틱출시_ASC_전환_image,[스틱] (마스터ASC) [제과_블트하] 26.09_블트스틱출시_ASC_전환_image,[26.09]F_I_BT틱_전환_블트스틱출시_혜택강조형_맛피아.KR2_.배너_이니1.맛소구.콜라보.__김소희_260908_제과_박서연,14,0,268.0,0
2026-09-11,[스틱] (마스터ASC) [제과_블트하] 26.09_블트스틱출시_ASC_전환_image,[스틱] (마스터ASC) [제과_블트하] 26.09_블트스틱출시_ASC_전환_image,[26.09]F_I_BT틱_전환_블트스틱출시_혜택강조형_KR1_.배너_싼가격.와인바비교프레임.__김소희_260908_제과_김수정,227,3,3945.0,1
2026-09-12,[스틱] (마스터ASC) [제과_블트하] 26.09_블트스틱출시_ASC_전환_image,[스틱] (마스터ASC) [제과_블트하] 26.09_블트스틱출시_ASC_전환_image,[26.09]F_I_BT틱_전환_블트스틱출시_매거진형_KR2_.배너_페인포인트.인공향.진짜이탈리아트러플.__김소희_260907_제과_김수정,2940,24,29516.0,3
2026-09-12,[스틱] (마스터ASC) [제과_블트하] 26.09_블트스틱출시_ASC_전환_image,[스틱] (마스터ASC) [제과_블트하] 26.09_블트스틱출시_ASC_전환_image,[26.09]F_I_BT틱_전환_블트스틱출시_매거진형_KR2_.배너_페인포인트.짠맛.물리지않는.__김소희_260907_제과_김수정,17,0,116.0,0
2026-09-12,[스틱] (마스터ASC) [제과_블트하] 26.09_블트스틱출시_ASC_전환_image,[스틱] (마스터ASC) [제과_블트하] 26.09_블트스틱출시_ASC_전환_image,[26.09]F_I_BT틱_전환_블트스틱출시_혜택강조형_맛피아.KR1_.배너_이니3.대세감.서버복구.__김소희_260908_제과_박서연,115,2,1667.0,1
2026-09-12,[스틱] (마스터ASC) [제과_블트하] 26.09_블트스틱출시_ASC_전환_image,[스틱] (마스터ASC) [제과_블트하] 26.09_블트스틱출시_ASC_전환_image,[26.09]F_I_BT틱_전환_블트스틱출시_혜택강조형_맛피아.KR2_.배너_이니1.맛소구.사과문.__김소희_260908_제과_박서연,19253,217,221535.0,14
2026-09-12,[스틱] (마스터ASC) [제과_블트하] 26.09_블트스틱출시_ASC_전환_image,[스틱] (마스터ASC) [제과_블트하] 26.09_블트스틱출시_ASC_전환_image,[26.09]F_I_BT틱_전환_블트스틱출시_혜택강조형_맛피아.KR1_.배너_이니3.대세감.너만안먹어봄.__김소희_260908_제과_박서연,41,1,527.0,0
2026-09-12,[스틱] (마스터ASC) [제과_블트하] 26.09_블트스틱출시_ASC_전환_image,[스틱] (마스터ASC) [제과_블트하] 26.09_블트스틱출시_ASC_전환_image,[26.09]F_I_BT틱_전환_블트스틱출시_혜택강조형_맛피아.KR2_.배너_이니1.맛소구.이정도감튀면미슐랭.__김소희_260908_제과_박서연,85,0,1139.0,0
2026-09-12,[스틱] (마스터ASC) [제과_블트하] 26.09_블트스틱출시_ASC_전환_image,[스틱] (마스터ASC) [제과_블트하] 26.09_블트스틱출시_ASC_전환_image,[26.09]F_I_BT틱_전환_블트스틱출시_혜택강조형_맛피아.KR1_.배너_이니3.대세감.저희도당황스럽습니다.__김소희_260908_제과_박서연,16,0,332.0,0
2026-09-12,[스틱] (마스터ASC) [제과_블트하] 26.09_블트스틱출시_ASC_전환_image,[스틱] (마스터ASC) [제과_블트하] 26.09_블트스틱출시_ASC_전환_image,[26.09]F_I_BT틱_전환_블트스틱출시_혜택강조형_맛피아.KR2_.배너_이니1.맛소구.패키지에얼굴박제.__김소희_260908_제과_박서연,2,1,10.0,1
2026-09-12,[스틱] (마스터ASC) [제과_블트하] 26.09_블트스틱출시_ASC_전환_image,[스틱] (마스터ASC) [제과_블트하] 26.09_블트스틱출시_ASC_전환_image,[26.09]F_I_BT틱_전환_블트스틱출시_혜택강조형_맛피아.KR2_.배너_이니1.맛소구.콜라보.__김소희_260908_제과_박서연,24,1,323.0,0
2026-09-12,[스틱] (마스터ASC) [제과_블트하] 26.09_블트스틱출시_ASC_전환_image,[스틱] (마스터ASC) [제과_블트하] 26.09_블트스틱출시_ASC_전환_image,[26.09]F_I_BT틱_전환_블트스틱출시_혜택강조형_KR1_.배너_싼가격.와인바비교프레임.__김소희_260908_제과_김수정,28,0,406.0,0
2026-09-13,[스틱] (마스터ASC) [제과_블트하] 26.09_블트스틱출시_ASC_전환_image,[스틱] (마스터ASC) [제과_블트하] 26.09_블트스틱출시_ASC_전환_image,[26.09]F_I_BT틱_전환_블트스틱출시_매거진형_KR2_.배너_페인포인트.인공향.진짜이탈리아트러플.__김소희_260907_제과_김수정,13467,137,125882.0,9
2026-09-13,[스틱] (마스터ASC) [제과_블트하] 26.09_블트스틱출시_ASC_전환_image,[스틱] (마스터ASC) [제과_블트하] 26.09_블트스틱출시_ASC_전환_image,[26.09]F_I_BT틱_전환_블트스틱출시_매거진형_KR2_.배너_페인포인트.짠맛.물리지않는.__김소희_260907_제과_김수정,1902,26,17801.0,2
2026-09-13,[스틱] (마스터ASC) [제과_블트하] 26.09_블트스틱출시_ASC_전환_image,[스틱] (마스터ASC) [제과_블트하] 26.09_블트스틱출시_ASC_전환_image,[26.09]F_I_BT틱_전환_블트스틱출시_혜택강조형_맛피아.KR1_.배너_이니3.대세감.서버복구.__김소희_260908_제과_박서연,70,0,595.0,0
2026-09-13,[스틱] (마스터ASC) [제과_블트하] 26.09_블트스틱출시_ASC_전환_image,[스틱] (마스터ASC) [제과_블트하] 26.09_블트스틱출시_ASC_전환_image,[26.09]F_I_BT틱_전환_블트스틱출시_혜택강조형_맛피아.KR2_.배너_이니1.맛소구.사과문.__김소희_260908_제과_박서연,100102,1854,1200376.0,79
2026-09-13,[스틱] (마스터ASC) [제과_블트하] 26.09_블트스틱출시_ASC_전환_image,[스틱] (마스터ASC) [제과_블트하] 26.09_블트스틱출시_ASC_전환_image,[26.09]F_I_BT틱_전환_블트스틱출시_혜택강조형_맛피아.KR1_.배너_이니3.대세감.너만안먹어봄.__김소희_260908_제과_박서연,16,1,214.0,0
2026-09-13,[스틱] (마스터ASC) [제과_블트하] 26.09_블트스틱출시_ASC_전환_image,[스틱] (마스터ASC) [제과_블트하] 26.09_블트스틱출시_ASC_전환_image,[26.09]F_I_BT틱_전환_블트스틱출시_혜택강조형_맛피아.KR1_.배너_이니3.대세감.저희도당황스럽습니다.__김소희_260908_제과_박서연,20,0,187.0,0
2026-09-13,[스틱] (마스터ASC) [제과_블트하] 26.09_블트스틱출시_ASC_전환_image,[스틱] (마스터ASC) [제과_블트하] 26.09_블트스틱출시_ASC_전환_image,[26.09]F_I_BT틱_전환_블트스틱출시_혜택강조형_맛피아.KR2_.배너_이니1.맛소구.이정도감튀면미슐랭.__김소희_260908_제과_박서연,119,3,2596.0,2
2026-09-13,[스틱] (마스터ASC) [제과_블트하] 26.09_블트스틱출시_ASC_전환_image,[스틱] (마스터ASC) [제과_블트하] 26.09_블트스틱출시_ASC_전환_image,[26.09]F_I_BT틱_전환_블트스틱출시_혜택강조형_맛피아.KR2_.배너_이니1.맛소구.콜라보.__김소희_260908_제과_박서연,28,1,582.0,0
2026-09-13,[스틱] (마스터ASC) [제과_블트하] 26.09_블트스틱출시_ASC_전환_image,[스틱] (마스터ASC) [제과_블트하] 26.09_블트스틱출시_ASC_전환_image,[26.09]F_I_BT틱_전환_블트스틱출시_혜택강조형_KR1_.배너_싼가격.와인바비교프레임.__김소희_260908_제과_김수정,159,1,1877.0,0
2026-09-11,[스틱] (마스터ASC) [제과_블트하] 26.09_블트스틱출시_ASC_전환_image,[스틱] (마스터ASC) [제과_블트하] 26.09_블트스틱출시_ASC_전환_image,[26.09]F_I_BT틱_전환_블트스틱출시_혜택강조형_KR1_.배너_싼가격.요즘물가미쳐서.__김소희_260908_제과_김수정,56,0,712.0,0
2026-09-11,[스틱] (마스터ASC) [제과_블트하] 26.09_블트스틱출시_ASC_전환_image,[스틱] (마스터ASC) [제과_블트하] 26.09_블트스틱출시_ASC_전환_image,[26.09]F_I_BT틱_전환_블트스틱출시_혜택강조형_맛피아.KR1_.배너_싼가격.자칭타칭.__김소희_260908_제과_김수정,150,8,3061.0,2
2026-09-11,[스틱] (마스터ASC) [제과_블트하] 26.09_블트스틱출시_ASC_전환_image,[스틱] (마스터ASC) [제과_블트하] 26.09_블트스틱출시_ASC_전환_image,[26.09]F_I_BT틱_전환_블트스틱출시_혜택강조형_맛피아.KR1_.배너_싼가격.천원짜리한장.__김소희_260908_제과_김수정,2275,24,42000.0,5
2026-09-11,[스틱] (마스터ASC) [제과_블트하] 26.09_블트스틱출시_ASC_전환_image,[스틱] (마스터ASC) [제과_블트하] 26.09_블트스틱출시_ASC_전환_image,[26.09]F_I_BT칩_전환_블트스틱출시_혜택강조형_3554_.배너_주변인정.형님2.__김소희_260909_제과_박지현,35,0,675.0,0
2026-09-11,[스틱] (마스터ASC) [제과_블트하] 26.09_블트스틱출시_ASC_전환_image,[스틱] (마스터ASC) [제과_블트하] 26.09_블트스틱출시_ASC_전환_image,[26.09]F_I_BT틱_전환_블트스틱출시_혜택강조형_맛피아.KR2_.배너_이니1.결국1천원대로.__김소희_260909_제과_박서연,22,1,529.0,0
2026-09-11,[스틱] (마스터ASC) [제과_블트하] 26.09_블트스틱출시_ASC_전환_image,[스틱] (마스터ASC) [제과_블트하] 26.09_블트스틱출시_ASC_전환_image,[26.09]F_I_BT틱_전환_블트스틱출시_혜택강조형_맛피아.KR2_.배너_이니3.맛피아픽.__김소희_260909_제과_박서연,51,3,1162.0,1
2026-09-11,[스틱] (마스터ASC) [제과_블트하] 26.09_블트스틱출시_ASC_전환_image,[스틱] (마스터ASC) [제과_블트하] 26.09_블트스틱출시_ASC_전환_image,[26.09]F_I_BT틱_전환_블트스틱출시_혜택강조형_맛피아.KR2_.배너_이니1.맛피아감자스틱.__김소희_260909_제과_박서연,135,2,3691.0,0
2026-09-11,[스틱] (마스터ASC) [제과_블트하] 26.09_블트스틱출시_ASC_전환_image,[스틱] (마스터ASC) [제과_블트하] 26.09_블트스틱출시_ASC_전환_image,[26.09]F_I_BT틱_전환_블트스틱출시_혜택강조형_맛피아.KR2_.배너_이니1.맛피아가쏩니다.__김소희_260909_제과_박서연,3,0,30.0,0
2026-09-11,[스틱] (마스터ASC) [제과_블트하] 26.09_블트스틱출시_ASC_전환_image,[스틱] (마스터ASC) [제과_블트하] 26.09_블트스틱출시_ASC_전환_image,[26.09]F_I_BT틱_전환_블트스틱출시_혜택강조형_맛피아.KR2_.배너_이니2.모니터촬영.__김소희_260909_제과_박서연,976,8,15499.0,1
2026-09-11,[스틱] (마스터ASC) [제과_블트하] 26.09_블트스틱출시_ASC_전환_image,[스틱] (마스터ASC) [제과_블트하] 26.09_블트스틱출시_ASC_전환_image,[26.09]F_I_BT틱_전환_블트스틱출시_혜택강조형_맛피아.KR2_.배너_이니2.이미구매하신분들.__김소희_260909_제과_박서연,1327,24,35856.0,3
2026-09-11,[스틱] (마스터ASC) [제과_블트하] 26.09_블트스틱출시_ASC_전환_image,[스틱] (마스터ASC) [제과_블트하] 26.09_블트스틱출시_ASC_전환_image,[26.09]F_I_BT틱_전환_블트스틱출시_혜택강조형_맛피아.KR2_.배너_이니2.저희도당황스럽습니다.__김소희_260909_제과_박서연,48,0,1180.0,0
2026-09-11,[스틱] (마스터ASC) [제과_블트하] 26.09_블트스틱출시_ASC_전환_image,[스틱] (마스터ASC) [제과_블트하] 26.09_블트스틱출시_ASC_전환_image,[26.09]F_I_BT틱_전환_블트스틱출시_혜택강조형_맛피아.KR2_.배너_이니3.1천원대.__김소희_260909_제과_박서연,121,2,2721.0,0
2026-09-11,[스틱] (마스터ASC) [제과_블트하] 26.09_블트스틱출시_ASC_전환_image,[스틱] (마스터ASC) [제과_블트하] 26.09_블트스틱출시_ASC_전환_image,[26.09]F_I_BT틱_전환_블트스틱출시_혜택강조형_맛피아.KR2_.배너_이니3.맛피아의통큰.__김소희_260909_제과_박서연,6,1,227.0,0
2026-09-11,[스틱] (마스터ASC) [제과_블트하] 26.09_블트스틱출시_ASC_전환_image,[스틱] (마스터ASC) [제과_블트하] 26.09_블트스틱출시_ASC_전환_image,[26.09]F_I_BT틱_전환_블트스틱출시_혜택강조형_KR2_.배너_감자맛.담백감자과자파.__김소희_260909_제과_김수정,7707,66,115717.0,10
2026-09-11,[스틱] (마스터ASC) [제과_블트하] 26.09_블트스틱출시_ASC_전환_image,[스틱] (마스터ASC) [제과_블트하] 26.09_블트스틱출시_ASC_전환_image,[26.09]F_I_BT틱_전환_블트스틱출시_혜택강조형_맛피아.KR2_.릴스_감자맛.트러플에지지않는.__김소희_260909_제과_김수정,4989,46,63158.0,6
2026-09-11,[스틱] (마스터ASC) [제과_블트하] 26.09_블트스틱출시_ASC_전환_image,[스틱] (마스터ASC) [제과_블트하] 26.09_블트스틱출시_ASC_전환_image,[26.09]F_I_BT틱_전환_블트스틱출시_혜택강조형_맛피아.KR2_.배너_공지문.연장어렵습니다.__김소희_260910_제과_박서연,574,11,16267.0,1
2026-09-11,[스틱] (마스터ASC) [제과_블트하] 26.09_블트스틱출시_ASC_전환_image,[스틱] (마스터ASC) [제과_블트하] 26.09_블트스틱출시_ASC_전환_image,[26.09]F_I_BT틱_전환_블트스틱출시_혜택강조형_맛피아.KR2_.배너_공지문.가격조정안내.__김소희_260910_제과_박서연,236,2,3462.0,0
2026-09-11,[스틱] (마스터ASC) [제과_블트하] 26.09_블트스틱출시_ASC_전환_image,[스틱] (마스터ASC) [제과_블트하] 26.09_블트스틱출시_ASC_전환_image,[26.09]F_I_BT틱_전환_블트스틱출시_혜택강조형_맛피아.KR2_.배너_혜택강조형.짭짤바삭양념감튀2.__김소희_260910_제과_박서연,53,0,1224.0,0
2026-09-11,[스틱] (마스터ASC) [제과_블트하] 26.09_블트스틱출시_ASC_전환_image,[스틱] (마스터ASC) [제과_블트하] 26.09_블트스틱출시_ASC_전환_image,[26.09]F_I_BT틱_전환_블트스틱출시_혜택강조형_맛피아.KR2_.배너_공지문.외부유출절대금지.__김소희_260910_제과_박서연,555,8,11407.0,1
2026-09-11,[스틱] (마스터ASC) [제과_블트하] 26.09_블트스틱출시_ASC_전환_image,[스틱] (마스터ASC) [제과_블트하] 26.09_블트스틱출시_ASC_전환_image,[26.09]F_I_BT틱_전환_블트스틱출시_혜택강조형_맛피아.KR2_.배너_공지문.유출금지.__김소희_260910_제과_박서연,727,12,16771.0,1
2026-09-12,[스틱] (마스터ASC) [제과_블트하] 26.09_블트스틱출시_ASC_전환_image,[스틱] (마스터ASC) [제과_블트하] 26.09_블트스틱출시_ASC_전환_image,[26.09]F_I_BT틱_전환_블트스틱출시_혜택강조형_KR1_.배너_싼가격.요즘물가미쳐서.__김소희_260908_제과_김수정,12,0,157.0,0
2026-09-12,[스틱] (마스터ASC) [제과_블트하] 26.09_블트스틱출시_ASC_전환_image,[스틱] (마스터ASC) [제과_블트하] 26.09_블트스틱출시_ASC_전환_image,[26.09]F_I_BT틱_전환_블트스틱출시_혜택강조형_맛피아.KR1_.배너_싼가격.자칭타칭.__김소희_260908_제과_김수정,60,3,905.0,1
2026-09-12,[스틱] (마스터ASC) [제과_블트하] 26.09_블트스틱출시_ASC_전환_image,[스틱] (마스터ASC) [제과_블트하] 26.09_블트스틱출시_ASC_전환_image,[26.09]F_I_BT틱_전환_블트스틱출시_혜택강조형_맛피아.KR1_.배너_싼가격.천원짜리한장.__김소희_260908_제과_김수정,161,1,2546.0,0
2026-09-12,[스틱] (마스터ASC) [제과_블트하] 26.09_블트스틱출시_ASC_전환_image,[스틱] (마스터ASC) [제과_블트하] 26.09_블트스틱출시_ASC_전환_image,[26.09]F_I_BT칩_전환_블트스틱출시_혜택강조형_3554_.배너_주변인정.형님2.__김소희_260909_제과_박지현,1,0,19.0,0
2026-09-12,[스틱] (마스터ASC) [제과_블트하] 26.09_블트스틱출시_ASC_전환_image,[스틱] (마스터ASC) [제과_블트하] 26.09_블트스틱출시_ASC_전환_image,[26.09]F_I_BT틱_전환_블트스틱출시_혜택강조형_맛피아.KR2_.배너_이니1.결국1천원대로.__김소희_260909_제과_박서연,5,0,132.0,0
2026-09-12,[스틱] (마스터ASC) [제과_블트하] 26.09_블트스틱출시_ASC_전환_image,[스틱] (마스터ASC) [제과_블트하] 26.09_블트스틱출시_ASC_전환_image,[26.09]F_I_BT틱_전환_블트스틱출시_혜택강조형_맛피아.KR2_.배너_이니3.맛피아픽.__김소희_260909_제과_박서연,3,0,87.0,0
2026-09-12,[스틱] (마스터ASC) [제과_블트하] 26.09_블트스틱출시_ASC_전환_image,[스틱] (마스터ASC) [제과_블트하] 26.09_블트스틱출시_ASC_전환_image,[26.09]F_I_BT틱_전환_블트스틱출시_혜택강조형_맛피아.KR2_.배너_이니1.맛피아감자스틱.__김소희_260909_제과_박서연,1,0,4.0,0
2026-09-12,[스틱] (마스터ASC) [제과_블트하] 26.09_블트스틱출시_ASC_전환_image,[스틱] (마스터ASC) [제과_블트하] 26.09_블트스틱출시_ASC_전환_image,[26.09]F_I_BT틱_전환_블트스틱출시_혜택강조형_맛피아.KR2_.배너_이니1.맛피아가쏩니다.__김소희_260909_제과_박서연,1,0,33.0,0
2026-09-12,[스틱] (마스터ASC) [제과_블트하] 26.09_블트스틱출시_ASC_전환_image,[스틱] (마스터ASC) [제과_블트하] 26.09_블트스틱출시_ASC_전환_image,[26.09]F_I_BT틱_전환_블트스틱출시_혜택강조형_맛피아.KR2_.배너_이니2.모니터촬영.__김소희_260909_제과_박서연,308,5,3385.0,0
2026-09-12,[스틱] (마스터ASC) [제과_블트하] 26.09_블트스틱출시_ASC_전환_image,[스틱] (마스터ASC) [제과_블트하] 26.09_블트스틱출시_ASC_전환_image,[26.09]F_I_BT틱_전환_블트스틱출시_혜택강조형_맛피아.KR2_.배너_이니2.이미구매하신분들.__김소희_260909_제과_박서연,318,2,8172.0,0
2026-09-12,[스틱] (마스터ASC) [제과_블트하] 26.09_블트스틱출시_ASC_전환_image,[스틱] (마스터ASC) [제과_블트하] 26.09_블트스틱출시_ASC_전환_image,[26.09]F_I_BT틱_전환_블트스틱출시_혜택강조형_맛피아.KR2_.배너_이니3.1천원대.__김소희_260909_제과_박서연,9,0,131.0,0
2026-09-12,[스틱] (마스터ASC) [제과_블트하] 26.09_블트스틱출시_ASC_전환_image,[스틱] (마스터ASC) [제과_블트하] 26.09_블트스틱출시_ASC_전환_image,[26.09]F_I_BT틱_전환_블트스틱출시_혜택강조형_KR2_.배너_감자맛.담백감자과자파.__김소희_260909_제과_김수정,2108,17,24263.0,1
2026-09-12,[스틱] (마스터ASC) [제과_블트하] 26.09_블트스틱출시_ASC_전환_image,[스틱] (마스터ASC) [제과_블트하] 26.09_블트스틱출시_ASC_전환_image,[26.09]F_I_BT틱_전환_블트스틱출시_혜택강조형_맛피아.KR2_.릴스_감자맛.트러플에지지않는.__김소희_260909_제과_김수정,2248,12,27485.0,1
2026-09-12,[스틱] (마스터ASC) [제과_블트하] 26.09_블트스틱출시_ASC_전환_image,[스틱] (마스터ASC) [제과_블트하] 26.09_블트스틱출시_ASC_전환_image,[26.09]F_I_BT틱_전환_블트스틱출시_혜택강조형_맛피아.KR2_.배너_공지문.가격조정안내.__김소희_260910_제과_박서연,106,0,1450.0,0
2026-09-12,[스틱] (마스터ASC) [제과_블트하] 26.09_블트스틱출시_ASC_전환_image,[스틱] (마스터ASC) [제과_블트하] 26.09_블트스틱출시_ASC_전환_image,[26.09]F_I_BT틱_전환_블트스틱출시_혜택강조형_맛피아.KR2_.배너_혜택강조형.짭짤바삭양념감튀2.__김소희_260910_제과_박서연,76,3,2276.0,0
2026-09-12,[스틱] (마스터ASC) [제과_블트하] 26.09_블트스틱출시_ASC_전환_image,[스틱] (마스터ASC) [제과_블트하] 26.09_블트스틱출시_ASC_전환_image,[26.09]F_I_BT틱_전환_블트스틱출시_혜택강조형_맛피아.KR2_.배너_공지문.외부유출절대금지.__김소희_260910_제과_박서연,895,12,18550.0,1
2026-09-13,[스틱] (마스터ASC) [제과_블트하] 26.09_블트스틱출시_ASC_전환_image,[스틱] (마스터ASC) [제과_블트하] 26.09_블트스틱출시_ASC_전환_image,[26.09]F_I_BT틱_전환_블트스틱출시_혜택강조형_KR1_.배너_싼가격.요즘물가미쳐서.__김소희_260908_제과_김수정,12,0,76.0,0
2026-09-13,[스틱] (마스터ASC) [제과_블트하] 26.09_블트스틱출시_ASC_전환_image,[스틱] (마스터ASC) [제과_블트하] 26.09_블트스틱출시_ASC_전환_image,[26.09]F_I_BT틱_전환_블트스틱출시_혜택강조형_KR1_.배너_싼가격.원가비싼이탈리아트러플.__김소희_260908_제과_김수정,184,6,3432.0,0
2026-09-13,[스틱] (마스터ASC) [제과_블트하] 26.09_블트스틱출시_ASC_전환_image,[스틱] (마스터ASC) [제과_블트하] 26.09_블트스틱출시_ASC_전환_image,[26.09]F_I_BT틱_전환_블트스틱출시_혜택강조형_맛피아.KR1_.배너_싼가격.자칭타칭.__김소희_260908_제과_김수정,905,12,12461.0,2
2026-09-13,[스틱] (마스터ASC) [제과_블트하] 26.09_블트스틱출시_ASC_전환_image,[스틱] (마스터ASC) [제과_블트하] 26.09_블트스틱출시_ASC_전환_image,[26.09]F_I_BT틱_전환_블트스틱출시_혜택강조형_맛피아.KR1_.배너_싼가격.천원짜리한장.__김소희_260908_제과_김수정,6934,96,93760.0,9
2026-09-13,[스틱] (마스터ASC) [제과_블트하] 26.09_블트스틱출시_ASC_전환_image,[스틱] (마스터ASC) [제과_블트하] 26.09_블트스틱출시_ASC_전환_image,[26.09]F_I_BT틱_전환_블트스틱출시_혜택강조형_맛피아.KR2_.배너_이니1.결국1천원대로.__김소희_260909_제과_박서연,2,0,13.0,0
2026-09-13,[스틱] (마스터ASC) [제과_블트하] 26.09_블트스틱출시_ASC_전환_image,[스틱] (마스터ASC) [제과_블트하] 26.09_블트스틱출시_ASC_전환_image,[26.09]F_I_BT틱_전환_블트스틱출시_혜택강조형_맛피아.KR2_.배너_이니3.맛피아픽.__김소희_260909_제과_박서연,59,1,938.0,0
2026-09-13,[스틱] (마스터ASC) [제과_블트하] 26.09_블트스틱출시_ASC_전환_image,[스틱] (마스터ASC) [제과_블트하] 26.09_블트스틱출시_ASC_전환_image,[26.09]F_I_BT틱_전환_블트스틱출시_혜택강조형_맛피아.KR2_.배너_이니1.맛피아감자스틱.__김소희_260909_제과_박서연,4,0,20.0,0
2026-09-13,[스틱] (마스터ASC) [제과_블트하] 26.09_블트스틱출시_ASC_전환_image,[스틱] (마스터ASC) [제과_블트하] 26.09_블트스틱출시_ASC_전환_image,[26.09]F_I_BT틱_전환_블트스틱출시_혜택강조형_맛피아.KR2_.배너_이니2.모니터촬영.__김소희_260909_제과_박서연,1692,16,17390.0,0
2026-09-13,[스틱] (마스터ASC) [제과_블트하] 26.09_블트스틱출시_ASC_전환_image,[스틱] (마스터ASC) [제과_블트하] 26.09_블트스틱출시_ASC_전환_image,[26.09]F_I_BT틱_전환_블트스틱출시_혜택강조형_맛피아.KR2_.배너_이니2.이미구매하신분들.__김소희_260909_제과_박서연,2610,35,39552.0,6
2026-09-13,[스틱] (마스터ASC) [제과_블트하] 26.09_블트스틱출시_ASC_전환_image,[스틱] (마스터ASC) [제과_블트하] 26.09_블트스틱출시_ASC_전환_image,[26.09]F_I_BT틱_전환_블트스틱출시_혜택강조형_맛피아.KR2_.배너_이니2.저희도당황스럽습니다.__김소희_260909_제과_박서연,205,2,2771.0,0
2026-09-13,[스틱] (마스터ASC) [제과_블트하] 26.09_블트스틱출시_ASC_전환_image,[스틱] (마스터ASC) [제과_블트하] 26.09_블트스틱출시_ASC_전환_image,[26.09]F_I_BT틱_전환_블트스틱출시_혜택강조형_맛피아.KR2_.배너_이니3.1천원대.__김소희_260909_제과_박서연,662,8,8999.0,0
2026-09-13,[스틱] (마스터ASC) [제과_블트하] 26.09_블트스틱출시_ASC_전환_image,[스틱] (마스터ASC) [제과_블트하] 26.09_블트스틱출시_ASC_전환_image,[26.09]F_I_BT틱_전환_블트스틱출시_혜택강조형_맛피아.KR2_.배너_이니3.맛피아의통큰.__김소희_260909_제과_박서연,1,0,39.0,0
2026-09-13,[스틱] (마스터ASC) [제과_블트하] 26.09_블트스틱출시_ASC_전환_image,[스틱] (마스터ASC) [제과_블트하] 26.09_블트스틱출시_ASC_전환_image,[26.09]F_I_BT틱_전환_블트스틱출시_혜택강조형_맛피아.KR2_.배너_공지문.가격조정안내.__김소희_260910_제과_박서연,9,0,83.0,0
2026-09-13,[스틱] (마스터ASC) [제과_블트하] 26.09_블트스틱출시_ASC_전환_image,[스틱] (마스터ASC) [제과_블트하] 26.09_블트스틱출시_ASC_전환_image,[26.09]F_I_BT틱_전환_블트스틱출시_혜택강조형_맛피아.KR2_.배너_혜택강조형.짭짤바삭양념감튀2.__김소희_260910_제과_박서연,184,2,2634.0,0
2026-09-11,(마스터ASC)[제과_블트하] 26.07_블트깡출시_ASC_전환_video,(마스터ASC)[제과_블트하] 26.07_블트깡출시_ASC_전환_video,[26.08]F_V_BT혼_전환_블트칩출시_신규BP_젤리백BP.이국주.KR1_var3.릴스_이국주+어그로.X_2P_최나영_260814_제과_이봄1,4,0,140.0,0
2026-09-11,[스틱] (마스터ASC) [제과_블트하] 26.09_블트스틱출시_ASC_전환_image,[스틱] (마스터ASC) [제과_블트하] 26.09_블트스틱출시_ASC_전환_image,[26.09]F_I_BT틱_전환_블트스틱출시_혜택강조형_맛피아.KR2_.배너_혜택강조형.다시는없어요.__김소희_260910_제과_박서연,1039,29,22325.0,1
2026-09-11,[스틱] (마스터ASC) [제과_블트하] 26.09_블트스틱출시_ASC_전환_image,[스틱] (마스터ASC) [제과_블트하] 26.09_블트스틱출시_ASC_전환_image,[26.09]F_I_BT틱_전환_블트스틱출시_혜택강조형_맛피아.KR2_.배너_혜택강조형.라고할때살걸.__김소희_260910_제과_박서연,543,6,11061.0,0
2026-09-11,[스틱] (마스터ASC) [제과_블트하] 26.09_블트스틱출시_ASC_전환_image,[스틱] (마스터ASC) [제과_블트하] 26.09_블트스틱출시_ASC_전환_image,[26.09]F_I_BT틱_전환_블트스틱출시_혜택강조형_맛피아.KR2_.배너_혜택강조형.짭짤바삭양념감튀1.__김소희_260910_제과_박서연,387,5,6321.0,0
2026-09-11,[스틱] (마스터ASC) [제과_블트하] 26.09_블트스틱출시_ASC_전환_image,[스틱] (마스터ASC) [제과_블트하] 26.09_블트스틱출시_ASC_전환_image,[26.09]F_I_BT틱_전환_블트스틱출시_혜택강조형_맛피아.KR2_.릴스_혜택강조형.실시간소진중타이머.__김소희_260910_제과_박서연,560,5,8989.0,0
2026-09-11,[스틱] (마스터ASC) [제과_블트하] 26.09_블트스틱출시_ASC_전환_image,[스틱] (마스터ASC) [제과_블트하] 26.09_블트스틱출시_ASC_전환_image,[26.09]F_I_BT틱_전환_블트스틱출시_제품강조형_맛피아.KR1_.배너_시즈닝.파인다이닝급.__김소희_260910_제과_김수정,722,5,9611.0,0
2026-09-11,[스틱] (마스터ASC) [제과_블트하] 26.09_블트스틱출시_ASC_전환_image,[스틱] (마스터ASC) [제과_블트하] 26.09_블트스틱출시_ASC_전환_image,[26.09]F_I_BT틱_전환_블트스틱출시_제품강조형_맛피아.KR1_.배너_시즈닝.360도.__김소희_260910_제과_김수정,607,7,9806.0,0
2026-09-11,[스틱] (마스터ASC) [제과_블트하] 26.09_블트스틱출시_ASC_전환_image,[스틱] (마스터ASC) [제과_블트하] 26.09_블트스틱출시_ASC_전환_image,[26.09]F_I_BT틱_전환_블트스틱출시_제품강조형_맛피아.KR1_.배너_원물식감.생감자.__김소희_260910_제과_김수정,350,1,4786.0,0
2026-09-11,[스틱] (마스터ASC) [제과_블트하] 26.09_블트스틱출시_ASC_전환_image,[스틱] (마스터ASC) [제과_블트하] 26.09_블트스틱출시_ASC_전환_image,[26.09]F_I_BT틱_전환_블트스틱출시_제품강조형_맛피아.KR1_.배너_원물식감.한국인맞춤.__김소희_260910_제과_김수정,992,15,16934.0,1
2026-09-11,[스틱] (마스터ASC) [제과_블트하] 26.09_블트스틱출시_ASC_전환_image,[스틱] (마스터ASC) [제과_블트하] 26.09_블트스틱출시_ASC_전환_image,[26.09]F_I_BT틱_전환_블트스틱출시_제품강조형_맛피아.KR1_.릴스_시즈닝.인심미친.__김소희_260910_제과_김수정,1260,14,21369.0,2
2026-09-11,[스틱] (마스터ASC) [제과_블트하] 26.09_블트스틱출시_ASC_전환_image,[스틱] (마스터ASC) [제과_블트하] 26.09_블트스틱출시_ASC_전환_image,[26.09]F_I_BT틱_전환_블트스틱출시_제품강조형_맛피아.KR1_.릴스_원물식감.담백감자.__김소희_260910_제과_김수정,1007,8,14470.0,1
2026-09-11,[스틱] (마스터ASC) [제과_블트하] 26.09_블트스틱출시_ASC_전환_image,[스틱] (마스터ASC) [제과_블트하] 26.09_블트스틱출시_ASC_전환_image,[26.09]F_I_BT틱_전환_블트스틱출시_제품강조형_맛피아.KR1_.배너_시즈닝.제일비싼.__김소희_260910_제과_김수정,1316,19,16354.0,0
2026-09-11,[스틱] (마스터ASC) [제과_블트하] 26.09_블트스틱출시_ASC_전환_image,[스틱] (마스터ASC) [제과_블트하] 26.09_블트스틱출시_ASC_전환_image,[26.09]F_I_BT틱_전환_블트스틱출시_제품강조형_맛피아.KR1_.배너_원물식감.절대안눅눅.__김소희_260910_제과_김수정,1197,16,17148.0,3
2026-09-11,[스틱] (마스터ASC) [제과_블트하] 26.09_블트스틱출시_ASC_전환_image,[스틱] (마스터ASC) [제과_블트하] 26.09_블트스틱출시_ASC_전환_image,[26.09]F_I_BT틱_전환_블트스틱출시_제품강조형_맛피아.KR1_.배너_취식상황.맥주4캔순삭.__김소희_260911_제과_김수정,1,0,25.0,0
2026-09-11,[스틱] (마스터ASC) [제과_블트하] 26.09_블트스틱출시_ASC_전환_image,[스틱] (마스터ASC) [제과_블트하] 26.09_블트스틱출시_ASC_전환_image,[26.09]F_I_BT틱_전환_블트스틱출시_제품강조형_맛피아.KR1_.배너_가격비교.왕두툼해서.__김소희_260911_제과_김수정,41,0,922.0,0
2026-09-11,[스틱] (마스터ASC) [제과_블트하] 26.09_블트스틱출시_ASC_전환_image,[스틱] (마스터ASC) [제과_블트하] 26.09_블트스틱출시_ASC_전환_image,[26.09]F_I_BT틱_전환_블트스틱출시_제품강조형_맛피아.KR1_.배너_찐감자테스트.실패확률제로.__김소희_260911_제과_김수정,112,3,2089.0,0
2026-09-11,[스틱] (마스터ASC) [제과_블트하] 26.09_블트스틱출시_ASC_전환_image,[스틱] (마스터ASC) [제과_블트하] 26.09_블트스틱출시_ASC_전환_image,[26.09]F_I_BT틱_전환_블트스틱출시_제품강조형_맛피아.KR1_.배너_가격비교.잠시만갓튀긴감튀급.__김소희_260911_제과_김수정,150,4,1775.0,0
2026-09-11,[스틱] (마스터ASC) [제과_블트하] 26.09_블트스틱출시_ASC_전환_image,[스틱] (마스터ASC) [제과_블트하] 26.09_블트스틱출시_ASC_전환_image,[26.09]F_I_BT틱_전환_블트스틱출시_제품강조형_맛피아.KR1_.배너_취식상황.감튀모임인싸.__김소희_260911_제과_김수정,2,0,61.0,0
2026-09-11,[스틱] (마스터ASC) [제과_블트하] 26.09_블트스틱출시_ASC_전환_image,[스틱] (마스터ASC) [제과_블트하] 26.09_블트스틱출시_ASC_전환_image,[26.09]F_I_BT틱_전환_블트스틱출시_제품강조형_맛피아.KR1_.배너_취식상황.걸스나잇간식.__김소희_260911_제과_김수정,185,3,3656.0,0
2026-09-11,[스틱] (마스터ASC) [제과_블트하] 26.09_블트스틱출시_ASC_전환_image,[스틱] (마스터ASC) [제과_블트하] 26.09_블트스틱출시_ASC_전환_image,[26.09]F_I_BT틱_전환_블트스틱출시_제품강조형_맛피아.KR1_.배너_취식상황.야구장과자탑티어.__김소희_260911_제과_김수정,1,0,20.0,0
2026-09-11,[스틱] (마스터ASC) [제과_블트하] 26.09_블트스틱출시_ASC_전환_image,[스틱] (마스터ASC) [제과_블트하] 26.09_블트스틱출시_ASC_전환_image,[26.09]F_I_BT틱_전환_블트스틱출시_제품강조형_맛피아.KR1_.배너_찐감자테스트.푹찌고튀겨서.__김소희_260911_제과_김수정,288,2,3420.0,1
2026-09-11,[스틱] (마스터ASC) [제과_블트하] 26.09_블트스틱출시_ASC_전환_image,[스틱] (마스터ASC) [제과_블트하] 26.09_블트스틱출시_ASC_전환_image,[26.09]F_I_BT틱_전환_블트스틱출시_제품강조형_맛피아.KR1_.배너_취식상황.여자친구.__김소희_260911_제과_김수정,231,2,3694.0,0
2026-09-11,[스틱] (마스터ASC) [제과_블트하] 26.09_블트스틱출시_ASC_전환_image,[스틱] (마스터ASC) [제과_블트하] 26.09_블트스틱출시_ASC_전환_image,[26.09]F_I_BT틱_전환_블트스틱출시_제품강조형_맛피아.KR1_.배너_찐감자테스트.휴게소통감자.__김소희_260911_제과_김수정,2,0,57.0,0
2026-09-11,[스틱] (마스터ASC) [제과_블트하] 26.09_블트스틱출시_ASC_전환_image,[스틱] (마스터ASC) [제과_블트하] 26.09_블트스틱출시_ASC_전환_image,[26.09]F_I_BT틱_전환_블트스틱출시_제품강조형_맛피아.KR1_.배너_찐감자테스트.햇감자급고소.__김소희_260911_제과_김수정,5,0,79.0,0
2026-09-12,[스틱] (마스터ASC) [제과_블트하] 26.09_블트스틱출시_ASC_전환_image,[스틱] (마스터ASC) [제과_블트하] 26.09_블트스틱출시_ASC_전환_image,[26.09]F_I_BT틱_전환_블트스틱출시_혜택강조형_맛피아.KR2_.배너_혜택강조형.라고할때살걸.__김소희_260910_제과_박서연,680,10,12549.0,0
2026-09-12,[스틱] (마스터ASC) [제과_블트하] 26.09_블트스틱출시_ASC_전환_image,[스틱] (마스터ASC) [제과_블트하] 26.09_블트스틱출시_ASC_전환_image,[26.09]F_I_BT틱_전환_블트스틱출시_혜택강조형_맛피아.KR2_.배너_혜택강조형.짭짤바삭양념감튀1.__김소희_260910_제과_박서연,384,1,5599.0,0
2026-09-12,[스틱] (마스터ASC) [제과_블트하] 26.09_블트스틱출시_ASC_전환_image,[스틱] (마스터ASC) [제과_블트하] 26.09_블트스틱출시_ASC_전환_image,[26.09]F_I_BT틱_전환_블트스틱출시_혜택강조형_맛피아.KR2_.릴스_혜택강조형.실시간소진중타이머.__김소희_260910_제과_박서연,771,7,14426.0,0
2026-09-12,[스틱] (마스터ASC) [제과_블트하] 26.09_블트스틱출시_ASC_전환_image,[스틱] (마스터ASC) [제과_블트하] 26.09_블트스틱출시_ASC_전환_image,[26.09]F_I_BT틱_전환_블트스틱출시_제품강조형_맛피아.KR1_.배너_시즈닝.파인다이닝급.__김소희_260910_제과_김수정,360,0,5192.0,0
2026-09-12,[스틱] (마스터ASC) [제과_블트하] 26.09_블트스틱출시_ASC_전환_image,[스틱] (마스터ASC) [제과_블트하] 26.09_블트스틱출시_ASC_전환_image,[26.09]F_I_BT틱_전환_블트스틱출시_제품강조형_맛피아.KR1_.배너_시즈닝.360도.__김소희_260910_제과_김수정,2856,33,36282.0,7
2026-09-12,[스틱] (마스터ASC) [제과_블트하] 26.09_블트스틱출시_ASC_전환_image,[스틱] (마스터ASC) [제과_블트하] 26.09_블트스틱출시_ASC_전환_image,[26.09]F_I_BT틱_전환_블트스틱출시_제품강조형_맛피아.KR1_.배너_원물식감.생감자.__김소희_260910_제과_김수정,509,6,6035.0,1
2026-09-12,[스틱] (마스터ASC) [제과_블트하] 26.09_블트스틱출시_ASC_전환_image,[스틱] (마스터ASC) [제과_블트하] 26.09_블트스틱출시_ASC_전환_image,[26.09]F_I_BT틱_전환_블트스틱출시_제품강조형_맛피아.KR1_.릴스_시즈닝.인심미친.__김소희_260910_제과_김수정,1316,11,20588.0,0
2026-09-12,[스틱] (마스터ASC) [제과_블트하] 26.09_블트스틱출시_ASC_전환_image,[스틱] (마스터ASC) [제과_블트하] 26.09_블트스틱출시_ASC_전환_image,[26.09]F_I_BT틱_전환_블트스틱출시_제품강조형_맛피아.KR1_.릴스_원물식감.담백감자.__김소희_260910_제과_김수정,1210,6,17393.0,0
2026-09-12,[스틱] (마스터ASC) [제과_블트하] 26.09_블트스틱출시_ASC_전환_image,[스틱] (마스터ASC) [제과_블트하] 26.09_블트스틱출시_ASC_전환_image,[26.09]F_I_BT틱_전환_블트스틱출시_제품강조형_맛피아.KR1_.배너_원물식감.절대안눅눅.__김소희_260910_제과_김수정,1058,11,14458.0,1
2026-09-12,[스틱] (마스터ASC) [제과_블트하] 26.09_블트스틱출시_ASC_전환_image,[스틱] (마스터ASC) [제과_블트하] 26.09_블트스틱출시_ASC_전환_image,[26.09]F_I_BT틱_전환_블트스틱출시_제품강조형_맛피아.KR1_.배너_가격비교.쌀때쟁이세요.__김소희_260911_제과_김수정,15,0,512.0,0
2026-09-12,[스틱] (마스터ASC) [제과_블트하] 26.09_블트스틱출시_ASC_전환_image,[스틱] (마스터ASC) [제과_블트하] 26.09_블트스틱출시_ASC_전환_image,[26.09]F_I_BT틱_전환_블트스틱출시_제품강조형_맛피아.KR1_.배너_취식상황.맥주4캔순삭.__김소희_260911_제과_김수정,2570,23,40499.0,2
2026-09-12,[스틱] (마스터ASC) [제과_블트하] 26.09_블트스틱출시_ASC_전환_image,[스틱] (마스터ASC) [제과_블트하] 26.09_블트스틱출시_ASC_전환_image,[26.09]F_I_BT틱_전환_블트스틱출시_제품강조형_맛피아.KR1_.배너_가격비교.왕두툼해서.__김소희_260911_제과_김수정,507,12,8647.0,1
2026-09-12,[스틱] (마스터ASC) [제과_블트하] 26.09_블트스틱출시_ASC_전환_image,[스틱] (마스터ASC) [제과_블트하] 26.09_블트스틱출시_ASC_전환_image,[26.09]F_I_BT틱_전환_블트스틱출시_제품강조형_맛피아.KR1_.배너_찐감자테스트.실패확률제로.__김소희_260911_제과_김수정,1579,9,19689.0,0
2026-09-12,[스틱] (마스터ASC) [제과_블트하] 26.09_블트스틱출시_ASC_전환_image,[스틱] (마스터ASC) [제과_블트하] 26.09_블트스틱출시_ASC_전환_image,[26.09]F_I_BT틱_전환_블트스틱출시_제품강조형_맛피아.KR1_.배너_가격비교.잠시만양념감자급.__김소희_260911_제과_김수정,1221,5,6251.0,0
2026-09-12,[스틱] (마스터ASC) [제과_블트하] 26.09_블트스틱출시_ASC_전환_image,[스틱] (마스터ASC) [제과_블트하] 26.09_블트스틱출시_ASC_전환_image,[26.09]F_I_BT틱_전환_블트스틱출시_제품강조형_맛피아.KR1_.배너_가격비교.잠시만갓튀긴감튀급.__김소희_260911_제과_김수정,2944,39,17117.0,0
2026-09-12,[스틱] (마스터ASC) [제과_블트하] 26.09_블트스틱출시_ASC_전환_image,[스틱] (마스터ASC) [제과_블트하] 26.09_블트스틱출시_ASC_전환_image,[26.09]F_I_BT틱_전환_블트스틱출시_제품강조형_맛피아.KR1_.배너_취식상황.감튀모임인싸.__김소희_260911_제과_김수정,1236,6,16376.0,0
2026-09-12,[스틱] (마스터ASC) [제과_블트하] 26.09_블트스틱출시_ASC_전환_image,[스틱] (마스터ASC) [제과_블트하] 26.09_블트스틱출시_ASC_전환_image,[26.09]F_I_BT틱_전환_블트스틱출시_제품강조형_맛피아.KR1_.배너_취식상황.걸스나잇간식.__김소희_260911_제과_김수정,610,2,9171.0,1
2026-09-12,[스틱] (마스터ASC) [제과_블트하] 26.09_블트스틱출시_ASC_전환_image,[스틱] (마스터ASC) [제과_블트하] 26.09_블트스틱출시_ASC_전환_image,[26.09]F_I_BT틱_전환_블트스틱출시_제품강조형_맛피아.KR1_.배너_취식상황.야구장과자탑티어.__김소희_260911_제과_김수정,678,7,9413.0,2
2026-09-12,[스틱] (마스터ASC) [제과_블트하] 26.09_블트스틱출시_ASC_전환_image,[스틱] (마스터ASC) [제과_블트하] 26.09_블트스틱출시_ASC_전환_image,[26.09]F_I_BT틱_전환_블트스틱출시_제품강조형_맛피아.KR1_.배너_찐감자테스트.푹찌고튀겨서.__김소희_260911_제과_김수정,2691,24,27295.0,1
2026-09-12,[스틱] (마스터ASC) [제과_블트하] 26.09_블트스틱출시_ASC_전환_image,[스틱] (마스터ASC) [제과_블트하] 26.09_블트스틱출시_ASC_전환_image,[26.09]F_I_BT틱_전환_블트스틱출시_제품강조형_맛피아.KR1_.배너_취식상황.캠핑고인물.__김소희_260911_제과_김수정,842,8,15604.0,0
2026-09-12,[스틱] (마스터ASC) [제과_블트하] 26.09_블트스틱출시_ASC_전환_image,[스틱] (마스터ASC) [제과_블트하] 26.09_블트스틱출시_ASC_전환_image,[26.09]F_I_BT틱_전환_블트스틱출시_제품강조형_맛피아.KR1_.배너_찐감자테스트.오늘수확.__김소희_260911_제과_김수정,4802,54,37447.0,2
2026-09-12,[스틱] (마스터ASC) [제과_블트하] 26.09_블트스틱출시_ASC_전환_image,[스틱] (마스터ASC) [제과_블트하] 26.09_블트스틱출시_ASC_전환_image,[26.09]F_I_BT틱_전환_블트스틱출시_제품강조형_맛피아.KR1_.배너_취식상황.영화관간식.__김소희_260911_제과_김수정,1190,10,19387.0,0
2026-09-12,[스틱] (마스터ASC) [제과_블트하] 26.09_블트스틱출시_ASC_전환_image,[스틱] (마스터ASC) [제과_블트하] 26.09_블트스틱출시_ASC_전환_image,[26.09]F_I_BT틱_전환_블트스틱출시_제품강조형_맛피아.KR1_.배너_취식상황.여자친구.__김소희_260911_제과_김수정,1226,11,17720.0,1
2026-09-12,[스틱] (마스터ASC) [제과_블트하] 26.09_블트스틱출시_ASC_전환_image,[스틱] (마스터ASC) [제과_블트하] 26.09_블트스틱출시_ASC_전환_image,[26.09]F_I_BT틱_전환_블트스틱출시_제품강조형_맛피아.KR1_.배너_찐감자테스트.휴게소통감자.__김소희_260911_제과_김수정,32623,285,319071.0,20
2026-09-12,[스틱] (마스터ASC) [제과_블트하] 26.09_블트스틱출시_ASC_전환_image,[스틱] (마스터ASC) [제과_블트하] 26.09_블트스틱출시_ASC_전환_image,[26.09]F_I_BT틱_전환_블트스틱출시_제품강조형_맛피아.KR1_.배너_찐감자테스트.햇감자급고소.__김소희_260911_제과_김수정,5398,55,66088.0,5
2026-09-13,[스틱] (마스터ASC) [제과_블트하] 26.09_블트스틱출시_ASC_전환_image,[스틱] (마스터ASC) [제과_블트하] 26.09_블트스틱출시_ASC_전환_image,[26.09]F_I_BT틱_전환_블트스틱출시_혜택강조형_맛피아.KR2_.배너_혜택강조형.라고할때살걸.__김소희_260910_제과_박서연,7664,121,87380.0,9
2026-09-13,[스틱] (마스터ASC) [제과_블트하] 26.09_블트스틱출시_ASC_전환_image,[스틱] (마스터ASC) [제과_블트하] 26.09_블트스틱출시_ASC_전환_image,[26.09]F_I_BT틱_전환_블트스틱출시_혜택강조형_맛피아.KR2_.배너_혜택강조형.짭짤바삭양념감튀1.__김소희_260910_제과_박서연,45,0,570.0,0
2026-09-13,[스틱] (마스터ASC) [제과_블트하] 26.09_블트스틱출시_ASC_전환_image,[스틱] (마스터ASC) [제과_블트하] 26.09_블트스틱출시_ASC_전환_image,[26.09]F_I_BT틱_전환_블트스틱출시_제품강조형_맛피아.KR1_.배너_시즈닝.파인다이닝급.__김소희_260910_제과_김수정,82,1,1341.0,0
2026-09-13,[스틱] (마스터ASC) [제과_블트하] 26.09_블트스틱출시_ASC_전환_image,[스틱] (마스터ASC) [제과_블트하] 26.09_블트스틱출시_ASC_전환_image,[26.09]F_I_BT틱_전환_블트스틱출시_제품강조형_맛피아.KR1_.배너_시즈닝.360도.__김소희_260910_제과_김수정,1664,12,20452.0,0
2026-09-13,[스틱] (마스터ASC) [제과_블트하] 26.09_블트스틱출시_ASC_전환_image,[스틱] (마스터ASC) [제과_블트하] 26.09_블트스틱출시_ASC_전환_image,[26.09]F_I_BT틱_전환_블트스틱출시_제품강조형_맛피아.KR1_.배너_원물식감.생감자.__김소희_260910_제과_김수정,603,2,6630.0,0
2026-09-13,[스틱] (마스터ASC) [제과_블트하] 26.09_블트스틱출시_ASC_전환_image,[스틱] (마스터ASC) [제과_블트하] 26.09_블트스틱출시_ASC_전환_image,[26.09]F_I_BT틱_전환_블트스틱출시_제품강조형_맛피아.KR1_.배너_원물식감.절대안눅눅.__김소희_260910_제과_김수정,1125,16,17618.0,1
2026-09-13,[스틱] (마스터ASC) [제과_블트하] 26.09_블트스틱출시_ASC_전환_image,[스틱] (마스터ASC) [제과_블트하] 26.09_블트스틱출시_ASC_전환_image,[26.09]F_I_BT틱_전환_블트스틱출시_제품강조형_맛피아.KR1_.배너_가격비교.쌀때쟁이세요.__김소희_260911_제과_김수정,7,0,47.0,0
2026-09-13,[스틱] (마스터ASC) [제과_블트하] 26.09_블트스틱출시_ASC_전환_image,[스틱] (마스터ASC) [제과_블트하] 26.09_블트스틱출시_ASC_전환_image,[26.09]F_I_BT틱_전환_블트스틱출시_제품강조형_맛피아.KR1_.배너_가격비교.왕두툼해서.__김소희_260911_제과_김수정,1061,16,14815.0,0
2026-09-13,[스틱] (마스터ASC) [제과_블트하] 26.09_블트스틱출시_ASC_전환_image,[스틱] (마스터ASC) [제과_블트하] 26.09_블트스틱출시_ASC_전환_image,[26.09]F_I_BT틱_전환_블트스틱출시_제품강조형_맛피아.KR1_.배너_가격비교.잠시만양념감자급.__김소희_260911_제과_김수정,632,12,4243.0,0
2026-09-13,[스틱] (마스터ASC) [제과_블트하] 26.09_블트스틱출시_ASC_전환_image,[스틱] (마스터ASC) [제과_블트하] 26.09_블트스틱출시_ASC_전환_image,[26.09]F_I_BT틱_전환_블트스틱출시_제품강조형_맛피아.KR1_.배너_취식상황.걸스나잇간식.__김소희_260911_제과_김수정,573,7,8572.0,0
2026-09-13,[스틱] (마스터ASC) [제과_블트하] 26.09_블트스틱출시_ASC_전환_image,[스틱] (마스터ASC) [제과_블트하] 26.09_블트스틱출시_ASC_전환_image,[26.09]F_I_BT틱_전환_블트스틱출시_제품강조형_맛피아.KR1_.배너_취식상황.야구장과자탑티어.__김소희_260911_제과_김수정,1406,12,18118.0,0
2026-09-13,[스틱] (마스터ASC) [제과_블트하] 26.09_블트스틱출시_ASC_전환_image,[스틱] (마스터ASC) [제과_블트하] 26.09_블트스틱출시_ASC_전환_image,[26.09]F_I_BT틱_전환_블트스틱출시_제품강조형_맛피아.KR1_.배너_찐감자테스트.휴게소통감자.__김소희_260911_제과_김수정,3127,31,25799.0,0
2026-09-13,[스틱] (마스터ASC) [제과_블트하] 26.09_블트스틱출시_ASC_전환_image,[스틱] (마스터ASC) [제과_블트하] 26.09_블트스틱출시_ASC_전환_image,[26.09]F_I_BT틱_전환_블트스틱출시_제품강조형_맛피아.KR1_.배너_찐감자테스트.햇감자급고소.__김소희_260911_제과_김수정,1682,15,17623.0,0
2026-09-11,(마스터ASC)[제과_블트하] 26.07_블트깡출시_ASC_전환_video,(마스터ASC)[제과_블트하] 26.07_블트깡출시_ASC_전환_video,[26.08]F_V_BT깡_전환_블트깡출시_혜택희소성_유인맨즈BP.이국주.KR1_var3.릴스_크래커비교.슬기.X_1P_최나영_260818_제과_피재은,2,0,25.0,0
2026-09-11,[제과_치즈팝콘] 26.08_치즈팝콘출시_수동_전환_video_전체타겟,(0824) CS전화네고형_치즈팝콘재입고 (KR2) (미진님),[26.08]F_V_PC치_전환_치즈팝콘재입고_네고형_CS전화네고.KR2_main.릴스_공통시작.X_2P_권미정_260824_제과_이미진,557,6,5032.0,0
2026-09-11,(마스터ASC)[제과_치즈팝콘] 26.08_치즈팝콘출시_ASC_전환_image_전체타겟,(마스터ASC)[제과_치즈팝콘] 26.08_치즈팝콘출시_ASC_전환_image_전체타겟,[26.08]F_I_PC치_전환_치즈팝콘재입고_혜택강조형__.릴스_준비한혜택물량.__고민지_260828_제과_박서연,2603,16,29069.0,3
2026-09-11,(마스터ASC)[제과_초코퐁당] 26.09_초코퐁당출시_ASC_전환_video_전체타겟,(마스터ASC)[제과_초코퐁당] 26.09_초코퐁당출시_ASC_전환_video_전체타겟,[26.09]F_V_PN초_전환_초코퐁당출시_맛인지형_먹스타그램.KR1_var1.릴스_일본현지인.X_2P_권미정_260904_제과_이봄1,411,8,11016.0,0
2026-09-11,(마스터ASC)[제과_초코퐁당] 26.09_초코퐁당출시_ASC_전환_video_전체타겟,(마스터ASC)[제과_초코퐁당] 26.09_초코퐁당출시_ASC_전환_video_전체타겟,[26.09]F_V_PN초_전환_초코퐁당출시_맛인지형_먹스타그램.KR1_main.릴스_BP대로.X_2P_권미정_260904_제과_이봄1,67436,907,1079748.0,83
2026-09-11,(마스터ASC)[제과_초코퐁당] 26.09_초코퐁당출시_ASC_전환_video_전체타겟,(마스터ASC)[제과_초코퐁당] 26.09_초코퐁당출시_ASC_전환_video_전체타겟,[26.09]F_V_PN초_전환_초코퐁당출시_맛인지형_먹스타그램.KR1_var2.릴스_로이스초콜릿덕후.X_2P_권미정_260904_제과_이봄1,1286,19,22693.0,2
2026-09-11,(마스터ASC)[제과_초코퐁당] 26.09_초코퐁당출시_ASC_전환_video_전체타겟,(마스터ASC)[제과_초코퐁당] 26.09_초코퐁당출시_ASC_전환_video_전체타겟,[26.09]F_V_PN초_전환_초코퐁당출시_맛인지형_먹스타그램.KR1_var3.릴스_일본현지인+대량구매.X_2P_권미정_260904_제과_이봄1,98,4,3499.0,0
2026-09-11,(마스터ASC)[제과_초코퐁당] 26.09_초코퐁당출시_ASC_전환_video_전체타겟,(마스터ASC)[제과_초코퐁당] 26.09_초코퐁당출시_ASC_전환_video_전체타겟,[26.09]F_V_PN초_전환_초코퐁당출시_맛인지형_먹스타그램.KR1_var5.릴스_일본 덕후+밈.X_2P_권미정_260904_제과_이봄1,168,0,3744.0,0
2026-09-11,(마스터ASC)[제과_초코퐁당] 26.09_초코퐁당출시_ASC_전환_video_전체타겟,(마스터ASC)[제과_초코퐁당] 26.09_초코퐁당출시_ASC_전환_video_전체타겟,[26.09]F_V_PN초_전환_초코퐁당출시_맛인지형_먹스타그램.KR1_var4.릴스_일본여행객+수치강조.X_2P_권미정_260904_제과_이봄1,28,0,689.0,0
2026-09-11,(마스터ASC)[제과_초코퐁당] 26.09_초코퐁당출시_ASC_전환_video_전체타겟,(마스터ASC)[제과_초코퐁당] 26.09_초코퐁당출시_ASC_전환_video_전체타겟,[26.09]F_V_PN초_전환_초코퐁당출시_쩜오건_토마토테라BP.KR1_main.릴스_님스저당버전.X_2P_권미정_260904_제과_이봄1,1098,15,26684.0,2
2026-09-11,(마스터ASC)[제과_초코퐁당] 26.09_초코퐁당출시_ASC_전환_video_전체타겟,(마스터ASC)[제과_초코퐁당] 26.09_초코퐁당출시_ASC_전환_video_전체타겟,[26.09]F_V_PN초_전환_초코퐁당출시_쩜오건_멘탈이나가버렸다.KR1_main.릴스_릴스버전.X_2P_권미정_260911_제과_최재원,1638,11,25822.0,1
2026-09-11,(마스터ASC)[제과_초코퐁당] 26.09_초코퐁당출시_ASC_전환_video_전체타겟,(마스터ASC)[제과_초코퐁당] 26.09_초코퐁당출시_ASC_전환_video_전체타겟,[26.09]F_V_PN초_전환_초코퐁당출시_쩜오건_멘탈이나가버렸다.KR1_var1.릴스_가격강조버전.X_2P_권미정_260911_제과_최재원,246,4,4933.0,0
2026-09-11,(마스터ASC)[제과_초코퐁당] 26.09_초코퐁당출시_ASC_전환_video_전체타겟,(마스터ASC)[제과_초코퐁당] 26.09_초코퐁당출시_ASC_전환_video_전체타겟,[26.09]F_V_PN초_전환_초코퐁당출시_인플루언서형_인플루언서형.KR1_main.릴스_본론.X_2P_권미정_260911_제과_이봄1,618,16,14871.0,1
2026-09-11,(마스터ASC)[제과_초코퐁당] 26.09_초코퐁당출시_ASC_전환_video_전체타겟,(마스터ASC)[제과_초코퐁당] 26.09_초코퐁당출시_ASC_전환_video_전체타겟,[26.09]F_V_PN초_전환_초코퐁당출시_인플루언서형_인플루언서형.KR1_var1.릴스_로이스환승.X_2P_권미정_260911_제과_이봄1,261,6,4931.0,0
2026-09-12,[제과_치즈팝콘] 26.08_치즈팝콘출시_수동_전환_video_전체타겟,(0824) CS전화네고형_치즈팝콘재입고 (KR2) (미진님),[26.08]F_V_PC치_전환_치즈팝콘재입고_네고형_CS전화네고.KR2_main.릴스_공통시작.X_2P_권미정_260824_제과_이미진,2262,20,25094.0,1
2026-09-12,(마스터ASC)[제과_치즈팝콘] 26.08_치즈팝콘출시_ASC_전환_image_전체타겟,(마스터ASC)[제과_치즈팝콘] 26.08_치즈팝콘출시_ASC_전환_image_전체타겟,[26.08]F_I_PC치_전환_치즈팝콘재입고_혜택강조형__.릴스_준비한혜택물량.__고민지_260828_제과_박서연,3342,21,33628.0,5
2026-09-12,(마스터ASC)[제과_초코퐁당] 26.09_초코퐁당출시_ASC_전환_video_전체타겟,(마스터ASC)[제과_초코퐁당] 26.09_초코퐁당출시_ASC_전환_video_전체타겟,[26.09]F_V_PN초_전환_초코퐁당출시_맛인지형_먹스타그램.KR1_var1.릴스_일본현지인.X_2P_권미정_260904_제과_이봄1,171,2,3555.0,0
2026-09-12,(마스터ASC)[제과_초코퐁당] 26.09_초코퐁당출시_ASC_전환_video_전체타겟,(마스터ASC)[제과_초코퐁당] 26.09_초코퐁당출시_ASC_전환_video_전체타겟,[26.09]F_V_PN초_전환_초코퐁당출시_맛인지형_먹스타그램.KR1_main.릴스_BP대로.X_2P_권미정_260904_제과_이봄1,20850,323,321636.0,27
2026-09-12,(마스터ASC)[제과_초코퐁당] 26.09_초코퐁당출시_ASC_전환_video_전체타겟,(마스터ASC)[제과_초코퐁당] 26.09_초코퐁당출시_ASC_전환_video_전체타겟,[26.09]F_V_PN초_전환_초코퐁당출시_맛인지형_먹스타그램.KR1_var2.릴스_로이스초콜릿덕후.X_2P_권미정_260904_제과_이봄1,892,13,14145.0,4
2026-09-12,(마스터ASC)[제과_초코퐁당] 26.09_초코퐁당출시_ASC_전환_video_전체타겟,(마스터ASC)[제과_초코퐁당] 26.09_초코퐁당출시_ASC_전환_video_전체타겟,[26.09]F_V_PN초_전환_초코퐁당출시_맛인지형_먹스타그램.KR1_var3.릴스_일본현지인+대량구매.X_2P_권미정_260904_제과_이봄1,147,3,5437.0,0
2026-09-12,(마스터ASC)[제과_초코퐁당] 26.09_초코퐁당출시_ASC_전환_video_전체타겟,(마스터ASC)[제과_초코퐁당] 26.09_초코퐁당출시_ASC_전환_video_전체타겟,[26.09]F_V_PN초_전환_초코퐁당출시_맛인지형_먹스타그램.KR1_var5.릴스_일본 덕후+밈.X_2P_권미정_260904_제과_이봄1,131,2,3244.0,2
2026-09-12,(마스터ASC)[제과_초코퐁당] 26.09_초코퐁당출시_ASC_전환_video_전체타겟,(마스터ASC)[제과_초코퐁당] 26.09_초코퐁당출시_ASC_전환_video_전체타겟,[26.09]F_V_PN초_전환_초코퐁당출시_맛인지형_먹스타그램.KR1_var4.릴스_일본여행객+수치강조.X_2P_권미정_260904_제과_이봄1,1,0,4.0,0
2026-09-12,(마스터ASC)[제과_초코퐁당] 26.09_초코퐁당출시_ASC_전환_video_전체타겟,(마스터ASC)[제과_초코퐁당] 26.09_초코퐁당출시_ASC_전환_video_전체타겟,[26.09]F_V_PN초_전환_초코퐁당출시_쩜오건_토마토테라BP.KR1_main.릴스_님스저당버전.X_2P_권미정_260904_제과_이봄1,67,4,1155.0,0
2026-09-12,(마스터ASC)[제과_초코퐁당] 26.09_초코퐁당출시_ASC_전환_video_전체타겟,(마스터ASC)[제과_초코퐁당] 26.09_초코퐁당출시_ASC_전환_video_전체타겟,[26.09]F_V_PN초_전환_초코퐁당출시_쩜오건_멘탈이나가버렸다.KR1_main.릴스_릴스버전.X_2P_권미정_260911_제과_최재원,4726,33,65232.0,1
2026-09-12,(마스터ASC)[제과_초코퐁당] 26.09_초코퐁당출시_ASC_전환_video_전체타겟,(마스터ASC)[제과_초코퐁당] 26.09_초코퐁당출시_ASC_전환_video_전체타겟,[26.09]F_V_PN초_전환_초코퐁당출시_쩜오건_멘탈이나가버렸다.KR1_var1.릴스_가격강조버전.X_2P_권미정_260911_제과_최재원,113,4,2727.0,1
2026-09-12,(마스터ASC)[제과_초코퐁당] 26.09_초코퐁당출시_ASC_전환_video_전체타겟,(마스터ASC)[제과_초코퐁당] 26.09_초코퐁당출시_ASC_전환_video_전체타겟,[26.09]F_V_PN초_전환_초코퐁당출시_인플루언서형_인플루언서형.KR1_main.릴스_본론.X_2P_권미정_260911_제과_이봄1,4231,72,79455.0,3
2026-09-12,(마스터ASC)[제과_초코퐁당] 26.09_초코퐁당출시_ASC_전환_video_전체타겟,(마스터ASC)[제과_초코퐁당] 26.09_초코퐁당출시_ASC_전환_video_전체타겟,[26.09]F_V_PN초_전환_초코퐁당출시_인플루언서형_인플루언서형.KR1_var1.릴스_로이스환승.X_2P_권미정_260911_제과_이봄1,1754,26,35498.0,4
2026-09-13,[제과_치즈팝콘] 26.08_치즈팝콘출시_수동_전환_video_전체타겟,(0824) CS전화네고형_치즈팝콘재입고 (KR2) (미진님),[26.08]F_V_PC치_전환_치즈팝콘재입고_네고형_CS전화네고.KR2_main.릴스_공통시작.X_2P_권미정_260824_제과_이미진,2276,30,24865.0,2
2026-09-13,(마스터ASC)[제과_치즈팝콘] 26.08_치즈팝콘출시_ASC_전환_image_전체타겟,(마스터ASC)[제과_치즈팝콘] 26.08_치즈팝콘출시_ASC_전환_image_전체타겟,[26.08]F_I_PC치_전환_치즈팝콘재입고_혜택강조형__.릴스_준비한혜택물량.__고민지_260828_제과_박서연,2873,12,28290.0,2
2026-09-13,(마스터ASC)[제과_초코퐁당] 26.09_초코퐁당출시_ASC_전환_video_전체타겟,(마스터ASC)[제과_초코퐁당] 26.09_초코퐁당출시_ASC_전환_video_전체타겟,[26.09]F_V_PN초_전환_초코퐁당출시_맛인지형_먹스타그램.KR1_var1.릴스_일본현지인.X_2P_권미정_260904_제과_이봄1,71,4,1281.0,0
2026-09-13,(마스터ASC)[제과_초코퐁당] 26.09_초코퐁당출시_ASC_전환_video_전체타겟,(마스터ASC)[제과_초코퐁당] 26.09_초코퐁당출시_ASC_전환_video_전체타겟,[26.09]F_V_PN초_전환_초코퐁당출시_맛인지형_먹스타그램.KR1_main.릴스_BP대로.X_2P_권미정_260904_제과_이봄1,14321,232,191286.0,19
2026-09-13,(마스터ASC)[제과_초코퐁당] 26.09_초코퐁당출시_ASC_전환_video_전체타겟,(마스터ASC)[제과_초코퐁당] 26.09_초코퐁당출시_ASC_전환_video_전체타겟,[26.09]F_V_PN초_전환_초코퐁당출시_맛인지형_먹스타그램.KR1_var2.릴스_로이스초콜릿덕후.X_2P_권미정_260904_제과_이봄1,778,6,12318.0,2
2026-09-13,(마스터ASC)[제과_초코퐁당] 26.09_초코퐁당출시_ASC_전환_video_전체타겟,(마스터ASC)[제과_초코퐁당] 26.09_초코퐁당출시_ASC_전환_video_전체타겟,[26.09]F_V_PN초_전환_초코퐁당출시_맛인지형_먹스타그램.KR1_var3.릴스_일본현지인+대량구매.X_2P_권미정_260904_제과_이봄1,195,4,5458.0,3
2026-09-13,(마스터ASC)[제과_초코퐁당] 26.09_초코퐁당출시_ASC_전환_video_전체타겟,(마스터ASC)[제과_초코퐁당] 26.09_초코퐁당출시_ASC_전환_video_전체타겟,[26.09]F_V_PN초_전환_초코퐁당출시_맛인지형_먹스타그램.KR1_var5.릴스_일본 덕후+밈.X_2P_권미정_260904_제과_이봄1,24,0,290.0,0
2026-09-13,(마스터ASC)[제과_초코퐁당] 26.09_초코퐁당출시_ASC_전환_video_전체타겟,(마스터ASC)[제과_초코퐁당] 26.09_초코퐁당출시_ASC_전환_video_전체타겟,[26.09]F_V_PN초_전환_초코퐁당출시_쩜오건_토마토테라BP.KR1_main.릴스_님스저당버전.X_2P_권미정_260904_제과_이봄1,38,0,591.0,0
2026-09-13,(마스터ASC)[제과_초코퐁당] 26.09_초코퐁당출시_ASC_전환_video_전체타겟,(마스터ASC)[제과_초코퐁당] 26.09_초코퐁당출시_ASC_전환_video_전체타겟,[26.09]F_V_PN초_전환_초코퐁당출시_쩜오건_멘탈이나가버렸다.KR1_main.릴스_릴스버전.X_2P_권미정_260911_제과_최재원,21787,380,192832.0,6
2026-09-13,(마스터ASC)[제과_초코퐁당] 26.09_초코퐁당출시_ASC_전환_video_전체타겟,(마스터ASC)[제과_초코퐁당] 26.09_초코퐁당출시_ASC_전환_video_전체타겟,[26.09]F_V_PN초_전환_초코퐁당출시_쩜오건_멘탈이나가버렸다.KR1_var1.릴스_가격강조버전.X_2P_권미정_260911_제과_최재원,213,3,2819.0,0
2026-09-13,(마스터ASC)[제과_초코퐁당] 26.09_초코퐁당출시_ASC_전환_video_전체타겟,(마스터ASC)[제과_초코퐁당] 26.09_초코퐁당출시_ASC_전환_video_전체타겟,[26.09]F_V_PN초_전환_초코퐁당출시_인플루언서형_인플루언서형.KR1_main.릴스_본론.X_2P_권미정_260911_제과_이봄1,3650,79,38832.0,1
2026-09-13,(마스터ASC)[제과_초코퐁당] 26.09_초코퐁당출시_ASC_전환_video_전체타겟,(마스터ASC)[제과_초코퐁당] 26.09_초코퐁당출시_ASC_전환_video_전체타겟,[26.09]F_V_PN초_전환_초코퐁당출시_인플루언서형_인플루언서형.KR1_var1.릴스_로이스환승.X_2P_권미정_260911_제과_이봄1,6715,57,66597.0,1
2026-09-11,[제과_치즈팝콘] 26.08_치즈팝콘출시_수동_전환_video_전체타겟,(0805) 네고형_치즈팝콘출시 (KR2) (재은님),[26.08]F_V_PC치_전환_치즈팝콘출시_네고형_네고형_var6.릴스_악플.슬기.X_1P_권미정_260805_제과_피재은,97,1,1128.0,0
2026-09-11,(마스터ASC)[제과_블트하] 26.07_블트깡출시_ASC_전환_video,(마스터ASC)[제과_블트하] 26.07_블트깡출시_ASC_전환_video,[26.08]F_V_BT깡_전환_블트깡출시_라이브커머스형_라이브커머스형.KR1_var8.릴스_전체.남편안주.슬기.X_1P_김소희_260812_제과_피재은,18,0,332.0,0
2026-09-11,(마스터ASC)[제과_블트하] 26.07_블트깡출시_ASC_전환_video,(마스터ASC)[제과_블트하] 26.07_블트깡출시_ASC_전환_video,[26.08]F_V_BT깡_전환_블트깡출시_쩜오건_시즈닝강조.이국주.KR1_var1.릴스_블트깡.시즈닝신상.슬기.X_1P__260820_제과_문형민,1,0,21.0,0
2026-09-11,(마스터ASC)[제과_초코퐁당] 26.09_초코퐁당출시_ASC_전환_video_전체타겟,(마스터ASC)[제과_초코퐁당] 26.09_초코퐁당출시_ASC_전환_video_전체타겟,[26.09]F_V_PN초_전환_초코퐁당출시_인플루언서형_인플루언서형.KR1_var2.릴스_BP인트로.X_2P_권미정_260911_제과_이봄1,1180,25,28033.0,1
2026-09-11,(마스터ASC)[제과_초코퐁당] 26.09_초코퐁당출시_ASC_전환_video_전체타겟,(마스터ASC)[제과_초코퐁당] 26.09_초코퐁당출시_ASC_전환_video_전체타겟,[26.09]F_V_PN초_전환_초코퐁당출시_인플루언서형_인플루언서형.KR1_var3.릴스_PMS페인.X_2P_권미정_260911_제과_이봄1,1438,42,30251.0,0
2026-09-11,(마스터ASC)[제과_초코퐁당] 26.09_초코퐁당출시_ASC_전환_video_전체타겟,(마스터ASC)[제과_초코퐁당] 26.09_초코퐁당출시_ASC_전환_video_전체타겟,[26.09]F_V_PN초_전환_초코퐁당출시_인플루언서형_인플루언서형.KR1_var4.릴스_생초콜릿어그로.X_2P_권미정_260911_제과_이봄1,3841,77,77478.0,7
2026-09-12,[제과_치즈팝콘] 26.08_치즈팝콘출시_수동_전환_video_전체타겟,(0805) 네고형_치즈팝콘출시 (KR2) (재은님),[26.08]F_V_PC치_전환_치즈팝콘출시_네고형_네고형_var6.릴스_악플.슬기.X_1P_권미정_260805_제과_피재은,156,2,1248.0,0
2026-09-12,(마스터ASC)[제과_블트하] 26.07_블트깡출시_ASC_전환_video,(마스터ASC)[제과_블트하] 26.07_블트깡출시_ASC_전환_video,[26.08]F_V_BT깡_전환_블트깡출시_라이브커머스형_라이브커머스형.KR1_var8.릴스_전체.남편안주.슬기.X_1P_김소희_260812_제과_피재은,6,0,102.0,0
2026-09-12,(마스터ASC)[제과_치즈팝콘] 26.08_치즈팝콘출시_ASC_전환_image_전체타겟,(마스터ASC)[제과_치즈팝콘] 26.08_치즈팝콘출시_ASC_전환_image_전체타겟,[26.08]F_I_PC치_전환_치즈팝콘재입고_혜택강조형_KR1.재입고이슈_.배너_있을때사세요.__권미정_260824_제과_박서연,25,1,481.0,0
2026-09-12,(마스터ASC)[제과_초코퐁당] 26.09_초코퐁당출시_ASC_전환_video_전체타겟,(마스터ASC)[제과_초코퐁당] 26.09_초코퐁당출시_ASC_전환_video_전체타겟,[26.09]F_V_PN초_전환_초코퐁당출시_인플루언서형_인플루언서형.KR1_var2.릴스_BP인트로.X_2P_권미정_260911_제과_이봄1,1898,43,40678.0,6
2026-09-12,(마스터ASC)[제과_초코퐁당] 26.09_초코퐁당출시_ASC_전환_video_전체타겟,(마스터ASC)[제과_초코퐁당] 26.09_초코퐁당출시_ASC_전환_video_전체타겟,[26.09]F_V_PN초_전환_초코퐁당출시_인플루언서형_인플루언서형.KR1_var3.릴스_PMS페인.X_2P_권미정_260911_제과_이봄1,36870,673,569624.0,36
2026-09-12,(마스터ASC)[제과_초코퐁당] 26.09_초코퐁당출시_ASC_전환_video_전체타겟,(마스터ASC)[제과_초코퐁당] 26.09_초코퐁당출시_ASC_전환_video_전체타겟,[26.09]F_V_PN초_전환_초코퐁당출시_인플루언서형_인플루언서형.KR1_var4.릴스_생초콜릿어그로.X_2P_권미정_260911_제과_이봄1,4227,61,74137.0,4
2026-09-13,[제과_치즈팝콘] 26.08_치즈팝콘출시_수동_전환_video_전체타겟,(0805) 네고형_치즈팝콘출시 (KR2) (재은님),[26.08]F_V_PC치_전환_치즈팝콘출시_네고형_네고형_var6.릴스_악플.슬기.X_1P_권미정_260805_제과_피재은,708,7,6840.0,0
2026-09-13,(마스터ASC)[제과_블트하] 26.07_블트깡출시_ASC_전환_video,(마스터ASC)[제과_블트하] 26.07_블트깡출시_ASC_전환_video,[26.08]F_V_BT깡_전환_블트깡출시_라이브커머스형_라이브커머스형.KR1_var8.릴스_전체.남편안주.슬기.X_1P_김소희_260812_제과_피재은,48,2,728.0,0
2026-09-13,(마스터ASC)[제과_초코퐁당] 26.09_초코퐁당출시_ASC_전환_video_전체타겟,(마스터ASC)[제과_초코퐁당] 26.09_초코퐁당출시_ASC_전환_video_전체타겟,[26.09]F_V_PN초_전환_초코퐁당출시_인플루언서형_인플루언서형.KR1_var2.릴스_BP인트로.X_2P_권미정_260911_제과_이봄1,14625,154,155085.0,12
2026-09-13,(마스터ASC)[제과_초코퐁당] 26.09_초코퐁당출시_ASC_전환_video_전체타겟,(마스터ASC)[제과_초코퐁당] 26.09_초코퐁당출시_ASC_전환_video_전체타겟,[26.09]F_V_PN초_전환_초코퐁당출시_인플루언서형_인플루언서형.KR1_var3.릴스_PMS페인.X_2P_권미정_260911_제과_이봄1,17630,332,224395.0,10
2026-09-13,(마스터ASC)[제과_초코퐁당] 26.09_초코퐁당출시_ASC_전환_video_전체타겟,(마스터ASC)[제과_초코퐁당] 26.09_초코퐁당출시_ASC_전환_video_전체타겟,[26.09]F_V_PN초_전환_초코퐁당출시_인플루언서형_인플루언서형.KR1_var4.릴스_생초콜릿어그로.X_2P_권미정_260911_제과_이봄1,10454,165,169332.0,12
2026-09-11,(마스터ASC)[제과_치즈팝콘] 26.08_치즈팝콘출시_ASC_전환_image_전체타겟,(마스터ASC)[제과_치즈팝콘] 26.08_치즈팝콘출시_ASC_전환_image_전체타겟,[26.07]F_I_PC치_전환_치즈팝콘출시_혜택강조형_KR1_.피드_이니1.대세감.스토리형.__권미정_260805_제과_박서연,205,0,1775.0,0
2026-09-11,(마스터ASC)[제과_블트하] 26.07_블트깡출시_ASC_전환_video,(마스터ASC)[제과_블트하] 26.07_블트깡출시_ASC_전환_video,[26.08]F_V_BT혼_전환_블트칩출시_신규BP_젤리백BP.이국주.KR1_var2.릴스_이국주+핫함.X_2P_최나영_260814_제과_이봄1,1,0,5.0,0
2026-09-11,[제과_치즈팝콘] 26.08_치즈팝콘출시_수동_전환_video_전체타겟,(0824) CS전화네고형_치즈팝콘재입고 (KR2) (미진님),[26.08]F_V_PC치_전환_치즈팝콘재입고_네고형_CS전화네고.KR2_var2.릴스_타사비교.X_2P_권미정_260824_제과_이미진,7,0,70.0,0
2026-09-11,(마스터ASC)[제과_블트하] 26.07_블트깡출시_ASC_전환_video,(마스터ASC)[제과_블트하] 26.07_블트깡출시_ASC_전환_video,[26.09]F_V_BT칩_전환_블트깡출시_쩜오건_나폴리맛피아.KR2_main.릴스_메인.슬기.X_1P__260901_제과_피재은,12,0,121.0,0
2026-09-12,(마스터ASC)[제과_치즈팝콘] 26.08_치즈팝콘출시_ASC_전환_image_전체타겟,(마스터ASC)[제과_치즈팝콘] 26.08_치즈팝콘출시_ASC_전환_image_전체타겟,[26.07]F_I_PC치_전환_치즈팝콘출시_혜택강조형_KR1_.피드_이니1.대세감.스토리형.__권미정_260805_제과_박서연,43,0,332.0,0
2026-09-13,(마스터ASC)[제과_치즈팝콘] 26.08_치즈팝콘출시_ASC_전환_image_전체타겟,(마스터ASC)[제과_치즈팝콘] 26.08_치즈팝콘출시_ASC_전환_image_전체타겟,[26.07]F_I_PC치_전환_치즈팝콘출시_혜택강조형_KR1_.피드_이니1.대세감.스토리형.__권미정_260805_제과_박서연,18,0,143.0,0
2026-09-13,[제과_치즈팝콘] 26.08_치즈팝콘출시_수동_전환_video_전체타겟,(0824) 열두달식탁BP_치즈팝콘재입고 (KR1) (성미님),[26.08]F_V_PC치_전환_치즈팝콘재입고_신규BP_열두달식탁BP.KR1_var1.릴스_권유.X_2P_권미정_260824_제과_윤성미,2169,19,25721.0,1
2026-09-13,(마스터ASC)[제과_블트하] 26.07_블트깡출시_ASC_전환_video,(마스터ASC)[제과_블트하] 26.07_블트깡출시_ASC_전환_video,[26.09]F_V_BT칩_전환_블트깡출시_쩜오건_나폴리맛피아.KR2_main.릴스_메인.슬기.X_1P__260901_제과_피재은,295,5,4939.0,0
2026-09-11,(마스터ASC)[제과_블트하] 26.07_블트깡출시_ASC_전환_video,(마스터ASC)[제과_블트하] 26.07_블트깡출시_ASC_전환_video,[26.08]F_V_BT칩_전환_블트칩출시_신규BP_아린이네BP.KR1_var4.릴스_공구형.맛비주얼.X_2P_최나영_260811_제과_윤성미,5,0,44.0,0
2026-09-11,(마스터ASC)[제과_블트하] 26.07_블트깡출시_ASC_전환_video,(마스터ASC)[제과_블트하] 26.07_블트깡출시_ASC_전환_video,[26.08]F_V_BT깡_전환_블트깡출시_신규BP_브랜든배너형BP_var2.릴스_고급간식1티어.X_2P_최재원_260813_제과_최재원,82,1,1261.0,0
2026-09-11,(마스터ASC)[제과_블트하] 26.07_블트깡출시_ASC_전환_video,(마스터ASC)[제과_블트하] 26.07_블트깡출시_ASC_전환_video,[26.08]F_V_BT깡_전환_블트깡출시_신규BP_흥주부BP.이국주.KR2_var1.릴스_이국주.X_2P_김소희_260819_제과_윤성미,28,1,1209.0,0
2026-09-12,(마스터ASC)[제과_블트하] 26.07_블트깡출시_ASC_전환_video,(마스터ASC)[제과_블트하] 26.07_블트깡출시_ASC_전환_video,[26.08]F_V_BT깡_전환_블트깡출시_신규BP_브랜든배너형BP_var2.릴스_고급간식1티어.X_2P_최재원_260813_제과_최재원,18,0,452.0,0
2026-09-12,(마스터ASC)[제과_블트하] 26.07_블트깡출시_ASC_전환_video,(마스터ASC)[제과_블트하] 26.07_블트깡출시_ASC_전환_video,[26.08]F_V_BT깡_전환_블트깡출시_신규BP_흥주부BP.이국주.KR2_var1.릴스_이국주.X_2P_김소희_260819_제과_윤성미,8,0,72.0,0
2026-09-13,(마스터ASC)[제과_블트하] 26.07_블트깡출시_ASC_전환_video,(마스터ASC)[제과_블트하] 26.07_블트깡출시_ASC_전환_video,[26.08]F_V_BT깡_전환_블트깡출시_신규BP_브랜든배너형BP_var2.릴스_고급간식1티어.X_2P_최재원_260813_제과_최재원,238,1,2935.0,0
2026-09-13,(마스터ASC)[제과_블트하] 26.07_블트깡출시_ASC_전환_video,(마스터ASC)[제과_블트하] 26.07_블트깡출시_ASC_전환_video,[26.08]F_V_BT깡_전환_블트깡출시_신규BP_흥주부BP.이국주.KR2_var1.릴스_이국주.X_2P_김소희_260819_제과_윤성미,209,5,4488.0,1
2026-09-11,(마스터ASC)[제과_블트하] 26.07_블트깡출시_ASC_전환_video,(마스터ASC)[제과_블트하] 26.07_블트깡출시_ASC_전환_video,[26.08]F_V_BT칩_전환_블트깡출시_신규BP_브랜든배너형BP_var1.릴스_손님간식1티어.X_2P_최재원_260813_제과_최재원,28,0,370.0,0
2026-09-11,(마스터ASC)[제과_블트하] 26.07_블트깡출시_ASC_전환_video,(마스터ASC)[제과_블트하] 26.07_블트깡출시_ASC_전환_video,[26.09]F_V_BT칩_전환_블트깡출시_단순소구형_마미케어BP.나폴리맛피아.KR4_main.릴스_맛피아가져가도돼요.X_2P__260901_제과_최재원,166,1,3865.0,0
2026-09-12,(마스터ASC)[제과_블트하] 26.07_블트깡출시_ASC_전환_video,(마스터ASC)[제과_블트하] 26.07_블트깡출시_ASC_전환_video,[26.09]F_V_BT칩_전환_블트깡출시_단순소구형_마미케어BP.나폴리맛피아.KR4_main.릴스_맛피아가져가도돼요.X_2P__260901_제과_최재원,151,4,3592.0,0
2026-09-13,(마스터ASC)[제과_블트하] 26.07_블트깡출시_ASC_전환_video,(마스터ASC)[제과_블트하] 26.07_블트깡출시_ASC_전환_video,[26.08]F_V_BT깡_전환_블트깡출시_라이브커머스형_라이브커머스형.KR1_var9.릴스_가격강조.메인.슬기.X_1P_김소희_260812_제과_피재은,11,0,258.0,0
2026-09-13,(마스터ASC)[제과_블트하] 26.07_블트깡출시_ASC_전환_video,(마스터ASC)[제과_블트하] 26.07_블트깡출시_ASC_전환_video,[26.08]F_V_BT칩_전환_블트깡출시_신규BP_브랜든배너형BP_var1.릴스_손님간식1티어.X_2P_최재원_260813_제과_최재원,28,0,218.0,0
2026-09-13,(마스터ASC)[제과_블트하] 26.07_블트깡출시_ASC_전환_video,(마스터ASC)[제과_블트하] 26.07_블트깡출시_ASC_전환_video,[26.09]F_V_BT칩_전환_블트깡출시_단순소구형_마미케어BP.나폴리맛피아.KR4_main.릴스_맛피아가져가도돼요.X_2P__260901_제과_최재원,1041,25,20691.0,0
2026-09-11,(마스터ASC)[제과_블트하] 26.07_블트깡출시_ASC_전환_video,(마스터ASC)[제과_블트하] 26.07_블트깡출시_ASC_전환_video,[26.09]F_V_BT칩_전환_블트깡출시_쩜오건_나폴리맛피아.KR2_var2.릴스_원조.슬기.X_1P__260901_제과_피재은,63,1,1275.0,0
2026-09-11,[스틱] (마스터ASC) [제과_블트하] 26.09_블트스틱출시_ASC_전환_video,[스틱] (마스터ASC) [제과_블트하] 26.09_블트스틱출시_ASC_전환_video,[26.09]F_V_BT틱_전환_블트스틱출시_네고형_네고형.맛피아.KR1_main.릴스_패키지후킹.본론맛피아.X_1P__260907_제과_문형민,159,3,2022.0,0
2026-09-11,[스틱] (마스터ASC) [제과_블트하] 26.09_블트스틱출시_ASC_전환_video,[스틱] (마스터ASC) [제과_블트하] 26.09_블트스틱출시_ASC_전환_video,[26.09]F_V_BT틱_전환_블트스틱출시_네고형_전화네고형.맛피아.KR2_var1.릴스_pov.맛피아.X_1P__260907_제과_피재은,139,2,2727.0,0
2026-09-11,[스틱] (마스터ASC) [제과_블트하] 26.09_블트스틱출시_ASC_전환_video,[스틱] (마스터ASC) [제과_블트하] 26.09_블트스틱출시_ASC_전환_video,[26.09]F_V_BT틱_전환_블트스틱출시_네고형_전화네고형.맛피아.KR2_var2.릴스_조화.맛피아.X_1P__260907_제과_피재은,76193,1033,862288.0,46
2026-09-11,[스틱] (마스터ASC) [제과_블트하] 26.09_블트스틱출시_ASC_전환_video,[스틱] (마스터ASC) [제과_블트하] 26.09_블트스틱출시_ASC_전환_video,[26.09]F_V_BT틱_전환_블트스틱출시_네고형_전화네고형.맛피아.KR2_var6.릴스_맛피아비하인드.맛피아.X_1P__260907_제과_피재은,33211,434,392898.0,31
2026-09-11,[스틱] (마스터ASC) [제과_블트하] 26.09_블트스틱출시_ASC_전환_video,[스틱] (마스터ASC) [제과_블트하] 26.09_블트스틱출시_ASC_전환_video,[26.09]F_V_BT틱_전환_블트스틱출시_네고형_전화네고형.맛피아.KR2_var4.릴스_양념감자.맛피아.X_1P__260907_제과_피재은,9325,140,112014.0,12
2026-09-11,[스틱] (마스터ASC) [제과_블트하] 26.09_블트스틱출시_ASC_전환_video,[스틱] (마스터ASC) [제과_블트하] 26.09_블트스틱출시_ASC_전환_video,[26.09]F_V_BT틱_전환_블트스틱출시_네고형_전화네고형.맛피아.KR2_var8.릴스_감튀.맛피아.X_1P__260908_제과_피재은,15416,139,215505.0,16
2026-09-11,[스틱] (마스터ASC) [제과_블트하] 26.09_블트스틱출시_ASC_전환_video,[스틱] (마스터ASC) [제과_블트하] 26.09_블트스틱출시_ASC_전환_video,[26.09]F_V_BT틱_전환_블트스틱출시_쩜오건_닭다리BP.맛피아.KR1_var1.릴스_케찹찍기.X_1P__260908_제과_문형민,3,0,14.0,0
2026-09-11,[스틱] (마스터ASC) [제과_블트하] 26.09_블트스틱출시_ASC_전환_video,[스틱] (마스터ASC) [제과_블트하] 26.09_블트스틱출시_ASC_전환_video,[26.09]F_V_BT틱_전환_블트스틱출시_쩜오건_닭다리BP.맛피아.KR1_var4.릴스_치즈찍기.X_1P__260908_제과_문형민,6,0,50.0,0
2026-09-11,[스틱] (마스터ASC) [제과_블트하] 26.09_블트스틱출시_ASC_전환_video,[스틱] (마스터ASC) [제과_블트하] 26.09_블트스틱출시_ASC_전환_video,[26.09]F_V_BT틱_전환_블트스틱출시_쩜오건_초코송이BP.맛피아.KR1_var3.릴스_튀김기.X_1P__260908_제과_피재은,946,8,14312.0,1
2026-09-11,[스틱] (마스터ASC) [제과_블트하] 26.09_블트스틱출시_ASC_전환_video,[스틱] (마스터ASC) [제과_블트하] 26.09_블트스틱출시_ASC_전환_video,[26.09]F_V_BT틱_전환_블트스틱출시_쩜오건_초코송이BP.맛피아.KR1_var2.릴스_프로스토.X_1P__260908_제과_피재은,4,0,61.0,1
2026-09-11,[스틱] (마스터ASC) [제과_블트하] 26.09_블트스틱출시_ASC_전환_video,[스틱] (마스터ASC) [제과_블트하] 26.09_블트스틱출시_ASC_전환_video,[26.09]F_V_BT틱_전환_블트스틱출시_쩜오건_초코송이BP.맛피아.KR1_main.릴스_메인.X_1P__260908_제과_피재은,11,1,460.0,0
2026-09-12,(마스터ASC)[제과_블트하] 26.07_블트깡출시_ASC_전환_video,(마스터ASC)[제과_블트하] 26.07_블트깡출시_ASC_전환_video,[26.09]F_V_BT칩_전환_블트깡출시_쩜오건_나폴리맛피아.KR2_var2.릴스_원조.슬기.X_1P__260901_제과_피재은,18,0,582.0,0
2026-09-12,[스틱] (마스터ASC) [제과_블트하] 26.09_블트스틱출시_ASC_전환_video,[스틱] (마스터ASC) [제과_블트하] 26.09_블트스틱출시_ASC_전환_video,[26.09]F_V_BT틱_전환_블트스틱출시_네고형_네고형.맛피아.KR1_main.릴스_패키지후킹.본론맛피아.X_1P__260907_제과_문형민,122,2,1266.0,0
2026-09-12,[스틱] (마스터ASC) [제과_블트하] 26.09_블트스틱출시_ASC_전환_video,[스틱] (마스터ASC) [제과_블트하] 26.09_블트스틱출시_ASC_전환_video,[26.09]F_V_BT틱_전환_블트스틱출시_네고형_전화네고형.맛피아.KR2_var1.릴스_pov.맛피아.X_1P__260907_제과_피재은,38,1,632.0,0
2026-09-12,[스틱] (마스터ASC) [제과_블트하] 26.09_블트스틱출시_ASC_전환_video,[스틱] (마스터ASC) [제과_블트하] 26.09_블트스틱출시_ASC_전환_video,[26.09]F_V_BT틱_전환_블트스틱출시_네고형_전화네고형.맛피아.KR2_var6.릴스_맛피아비하인드.맛피아.X_1P__260907_제과_피재은,41956,669,565674.0,37
2026-09-12,[스틱] (마스터ASC) [제과_블트하] 26.09_블트스틱출시_ASC_전환_video,[스틱] (마스터ASC) [제과_블트하] 26.09_블트스틱출시_ASC_전환_video,[26.09]F_V_BT틱_전환_블트스틱출시_네고형_전화네고형.맛피아.KR2_var4.릴스_양념감자.맛피아.X_1P__260907_제과_피재은,11042,173,118157.0,5
2026-09-12,[스틱] (마스터ASC) [제과_블트하] 26.09_블트스틱출시_ASC_전환_video,[스틱] (마스터ASC) [제과_블트하] 26.09_블트스틱출시_ASC_전환_video,[26.09]F_V_BT틱_전환_블트스틱출시_네고형_전화네고형.맛피아.KR2_var8.릴스_감튀.맛피아.X_1P__260908_제과_피재은,3709,42,49777.0,3
2026-09-12,[스틱] (마스터ASC) [제과_블트하] 26.09_블트스틱출시_ASC_전환_video,[스틱] (마스터ASC) [제과_블트하] 26.09_블트스틱출시_ASC_전환_video,[26.09]F_V_BT틱_전환_블트스틱출시_쩜오건_초코송이BP.맛피아.KR1_var3.릴스_튀김기.X_1P__260908_제과_피재은,414,1,5445.0,0
2026-09-12,[스틱] (마스터ASC) [제과_블트하] 26.09_블트스틱출시_ASC_전환_video,[스틱] (마스터ASC) [제과_블트하] 26.09_블트스틱출시_ASC_전환_video,[26.09]F_V_BT틱_전환_블트스틱출시_쩜오건_초코송이BP.맛피아.KR1_var2.릴스_프로스토.X_1P__260908_제과_피재은,2,0,25.0,0
2026-09-13,(마스터ASC)[제과_블트하] 26.07_블트깡출시_ASC_전환_video,(마스터ASC)[제과_블트하] 26.07_블트깡출시_ASC_전환_video,[26.09]F_V_BT칩_전환_블트깡출시_쩜오건_나폴리맛피아.KR2_var2.릴스_원조.슬기.X_1P__260901_제과_피재은,971,13,12720.0,1
2026-09-13,[스틱] (마스터ASC) [제과_블트하] 26.09_블트스틱출시_ASC_전환_video,[스틱] (마스터ASC) [제과_블트하] 26.09_블트스틱출시_ASC_전환_video,[26.09]F_V_BT틱_전환_블트스틱출시_네고형_전화네고형.맛피아.KR2_var1.릴스_pov.맛피아.X_1P__260907_제과_피재은,33,0,555.0,0
2026-09-13,[스틱] (마스터ASC) [제과_블트하] 26.09_블트스틱출시_ASC_전환_video,[스틱] (마스터ASC) [제과_블트하] 26.09_블트스틱출시_ASC_전환_video,[26.09]F_V_BT틱_전환_블트스틱출시_네고형_전화네고형.맛피아.KR2_var2.릴스_조화.맛피아.X_1P__260907_제과_피재은,41142,961,367770.0,23
2026-09-13,[스틱] (마스터ASC) [제과_블트하] 26.09_블트스틱출시_ASC_전환_video,[스틱] (마스터ASC) [제과_블트하] 26.09_블트스틱출시_ASC_전환_video,[26.09]F_V_BT틱_전환_블트스틱출시_네고형_전화네고형.맛피아.KR2_var6.릴스_맛피아비하인드.맛피아.X_1P__260907_제과_피재은,5661,130,48390.0,4
2026-09-13,[스틱] (마스터ASC) [제과_블트하] 26.09_블트스틱출시_ASC_전환_video,[스틱] (마스터ASC) [제과_블트하] 26.09_블트스틱출시_ASC_전환_video,[26.09]F_V_BT틱_전환_블트스틱출시_쩜오건_초코송이BP.맛피아.KR1_var3.릴스_튀김기.X_1P__260908_제과_피재은,19,0,207.0,0
2026-09-11,(마스터ASC)[제과_블트하] 26.07_블트깡출시_ASC_전환_video,(마스터ASC)[제과_블트하] 26.07_블트깡출시_ASC_전환_video,[26.08]F_V_BT깡_전환_블트깡출시_네고형_지인네고형.김그릇BP_var1.릴스_맛.X_1P_김소희_260807_제과_강경연,10,1,449.0,0
2026-09-11,(마스터ASC)[제과_블트하] 26.07_블트깡출시_ASC_전환_video,(마스터ASC)[제과_블트하] 26.07_블트깡출시_ASC_전환_video,[26.08]F_V_BT칩_전환_블트깡출시_신규BP_브랜든배너형BP_var3.릴스_맥주안주1티어.할인추가.X_2P_최재원_260814_제과_최재원,21,0,490.0,0
2026-09-11,[스틱] (마스터ASC) [제과_블트하] 26.09_블트스틱출시_ASC_전환_video,[스틱] (마스터ASC) [제과_블트하] 26.09_블트스틱출시_ASC_전환_video,[26.09]F_V_BT틱_전환_블트스틱출시_쩜오건_책상네고.맛피아.KR1_var2.릴스_어그로후킹.X_1P__260910_제과_문형민,50,1,950.0,0
2026-09-11,[스틱] (마스터ASC) [제과_블트하] 26.09_블트스틱출시_ASC_전환_video,[스틱] (마스터ASC) [제과_블트하] 26.09_블트스틱출시_ASC_전환_video,[26.09]F_V_BT틱_전환_블트스틱출시_쩜오건_책상네고.맛피아.KR1_main.릴스_패키지시작.X_1P__260910_제과_문형민,444,3,6207.0,0
2026-09-11,[스틱] (마스터ASC) [제과_블트하] 26.09_블트스틱출시_ASC_전환_video,[스틱] (마스터ASC) [제과_블트하] 26.09_블트스틱출시_ASC_전환_video,[26.09]F_V_BT틱_전환_블트스틱출시_쩜오건_책상네고.맛피아.KR1_var3.릴스_감튀후킹.X_1P__260910_제과_문형민,3921,36,58012.0,2
2026-09-11,[스틱] (마스터ASC) [제과_블트하] 26.09_블트스틱출시_ASC_전환_video,[스틱] (마스터ASC) [제과_블트하] 26.09_블트스틱출시_ASC_전환_video,[26.09]F_V_BT틱_전환_블트스틱출시_쩜오건_책상네고.맛피아.KR1_var4.릴스_치즈소스.X_1P__260910_제과_문형민,527,7,8705.0,0
2026-09-11,[스틱] (마스터ASC) [제과_블트하] 26.09_블트스틱출시_ASC_전환_video,[스틱] (마스터ASC) [제과_블트하] 26.09_블트스틱출시_ASC_전환_video,[26.09]F_V_BT틱_전환_블트스틱출시_쩜오건_CS전화네고.맛피아.KR1_var6.릴스_맥주안주.X_1P__260910_제과_피재은,45,2,592.0,0
2026-09-11,[스틱] (마스터ASC) [제과_블트하] 26.09_블트스틱출시_ASC_전환_video,[스틱] (마스터ASC) [제과_블트하] 26.09_블트스틱출시_ASC_전환_video,[26.09]F_V_BT틱_전환_블트스틱출시_쩜오건_CS전화네고.맛피아.KR1_var5.릴스_시즈닝.X_1P__260910_제과_피재은,221,0,3310.0,0
2026-09-11,[스틱] (마스터ASC) [제과_블트하] 26.09_블트스틱출시_ASC_전환_video,[스틱] (마스터ASC) [제과_블트하] 26.09_블트스틱출시_ASC_전환_video,[26.09]F_V_BT틱_전환_블트스틱출시_쩜오건_CS전화네고.맛피아.KR1_var4.릴스_시즈닝두개.X_1P__260910_제과_피재은,55,1,524.0,0
2026-09-11,[스틱] (마스터ASC) [제과_블트하] 26.09_블트스틱출시_ASC_전환_video,[스틱] (마스터ASC) [제과_블트하] 26.09_블트스틱출시_ASC_전환_video,[26.09]F_V_BT틱_전환_블트스틱출시_쩜오건_CS전화네고.맛피아.KR1_var3.릴스_맛피아조합.X_1P__260910_제과_피재은,489,5,7975.0,0
2026-09-11,[스틱] (마스터ASC) [제과_블트하] 26.09_블트스틱출시_ASC_전환_video,[스틱] (마스터ASC) [제과_블트하] 26.09_블트스틱출시_ASC_전환_video,[26.09]F_V_BT틱_전환_블트스틱출시_쩜오건_CS전화네고.맛피아.KR1_main.릴스_메인.X_1P__260910_제과_피재은,203,3,4006.0,0
2026-09-11,[스틱] (마스터ASC) [제과_블트하] 26.09_블트스틱출시_ASC_전환_video,[스틱] (마스터ASC) [제과_블트하] 26.09_블트스틱출시_ASC_전환_video,[26.09]F_V_BT틱_전환_블트스틱출시_쩜오건_CS전화네고.맛피아.KR1_var1.릴스_트러플감튀.X_1P__260910_제과_피재은,268,1,3783.0,0
2026-09-11,[스틱] (마스터ASC) [제과_블트하] 26.09_블트스틱출시_ASC_전환_video,[스틱] (마스터ASC) [제과_블트하] 26.09_블트스틱출시_ASC_전환_video,[26.09]F_V_BT틱_전환_블트스틱출시_쩜오건_CS전화네고.맛피아.KR1_var2.릴스_맘터감튀.X_1P__260910_제과_피재은,20,0,663.0,0
2026-09-11,[스틱] (마스터ASC) [제과_블트하] 26.09_블트스틱출시_ASC_전환_video,[스틱] (마스터ASC) [제과_블트하] 26.09_블트스틱출시_ASC_전환_video,[26.09]F_V_BT틱_전환_블트스틱출시_기타_치약BP.맛피아.KR1_var2.릴스_메인.X_1P_김소희_260911_제과_피재은,25,1,618.0,0
2026-09-11,[스틱] (마스터ASC) [제과_블트하] 26.09_블트스틱출시_ASC_전환_video,[스틱] (마스터ASC) [제과_블트하] 26.09_블트스틱출시_ASC_전환_video,[26.09]F_V_BT틱_전환_블트스틱출시_기타_치약BP.맛피아.KR1_var1.릴스_메인.X_1P_김소희_260911_제과_피재은,17,0,455.0,0
2026-09-11,[스틱] (마스터ASC) [제과_블트하] 26.09_블트스틱출시_ASC_전환_video,[스틱] (마스터ASC) [제과_블트하] 26.09_블트스틱출시_ASC_전환_video,[26.09]F_V_BT틱_전환_블트스틱출시_기타_치약BP.맛피아.KR1_main.릴스_메인.X_1P_김소희_260911_제과_피재은,12,0,125.0,0
2026-09-11,[스틱] (마스터ASC) [제과_블트하] 26.09_블트스틱출시_ASC_전환_video,[스틱] (마스터ASC) [제과_블트하] 26.09_블트스틱출시_ASC_전환_video,[26.09]F_V_BT틱_전환_블트스틱출시_기타_비빔밥BP.KR1_main.릴스_메인.X_1P_김소희_260911_제과_피재은,4,0,53.0,0
2026-09-11,[스틱] (마스터ASC) [제과_블트하] 26.09_블트스틱출시_ASC_전환_video,[스틱] (마스터ASC) [제과_블트하] 26.09_블트스틱출시_ASC_전환_video,[26.09]F_V_BT틱_전환_블트스틱출시_기타_비빔밥BP.KR1_var3.릴스_메인.X_1P_김소희_260911_제과_피재은,538,12,9124.0,1
2026-09-11,[스틱] (마스터ASC) [제과_블트하] 26.09_블트스틱출시_ASC_전환_video,[스틱] (마스터ASC) [제과_블트하] 26.09_블트스틱출시_ASC_전환_video,[26.09]F_V_BT틱_전환_블트스틱출시_기타_비빔밥BP.KR1_var2.릴스_메인.X_1P_김소희_260911_제과_피재은,70,0,2141.0,0
2026-09-11,[스틱] (마스터ASC) [제과_블트하] 26.09_블트스틱출시_ASC_전환_video,[스틱] (마스터ASC) [제과_블트하] 26.09_블트스틱출시_ASC_전환_video,[26.09]F_V_BT틱_전환_블트스틱출시_기타_비빔밥BP.KR1_var1.릴스_메인.X_1P_김소희_260911_제과_피재은,1,0,249.0,0
2026-09-12,(마스터ASC)[제과_블트하] 26.07_블트깡출시_ASC_전환_video,(마스터ASC)[제과_블트하] 26.07_블트깡출시_ASC_전환_video,[26.08]F_V_BT칩_전환_블트깡출시_신규BP_브랜든배너형BP_var3.릴스_맥주안주1티어.할인추가.X_2P_최재원_260814_제과_최재원,3,0,27.0,0
2026-09-12,[스틱] (마스터ASC) [제과_블트하] 26.09_블트스틱출시_ASC_전환_video,[스틱] (마스터ASC) [제과_블트하] 26.09_블트스틱출시_ASC_전환_video,[26.09]F_V_BT틱_전환_블트스틱출시_쩜오건_책상네고.맛피아.KR1_var2.릴스_어그로후킹.X_1P__260910_제과_문형민,91,1,1324.0,0
2026-09-12,[스틱] (마스터ASC) [제과_블트하] 26.09_블트스틱출시_ASC_전환_video,[스틱] (마스터ASC) [제과_블트하] 26.09_블트스틱출시_ASC_전환_video,[26.09]F_V_BT틱_전환_블트스틱출시_쩜오건_책상네고.맛피아.KR1_main.릴스_패키지시작.X_1P__260910_제과_문형민,554,7,6924.0,0
2026-09-12,[스틱] (마스터ASC) [제과_블트하] 26.09_블트스틱출시_ASC_전환_video,[스틱] (마스터ASC) [제과_블트하] 26.09_블트스틱출시_ASC_전환_video,[26.09]F_V_BT틱_전환_블트스틱출시_쩜오건_책상네고.맛피아.KR1_var4.릴스_치즈소스.X_1P__260910_제과_문형민,3010,37,36320.0,2
2026-09-12,[스틱] (마스터ASC) [제과_블트하] 26.09_블트스틱출시_ASC_전환_video,[스틱] (마스터ASC) [제과_블트하] 26.09_블트스틱출시_ASC_전환_video,[26.09]F_V_BT틱_전환_블트스틱출시_쩜오건_CS전화네고.맛피아.KR1_var6.릴스_맥주안주.X_1P__260910_제과_피재은,69,1,1437.0,0
2026-09-12,[스틱] (마스터ASC) [제과_블트하] 26.09_블트스틱출시_ASC_전환_video,[스틱] (마스터ASC) [제과_블트하] 26.09_블트스틱출시_ASC_전환_video,[26.09]F_V_BT틱_전환_블트스틱출시_쩜오건_CS전화네고.맛피아.KR1_var5.릴스_시즈닝.X_1P__260910_제과_피재은,100,1,1220.0,0
2026-09-12,[스틱] (마스터ASC) [제과_블트하] 26.09_블트스틱출시_ASC_전환_video,[스틱] (마스터ASC) [제과_블트하] 26.09_블트스틱출시_ASC_전환_video,[26.09]F_V_BT틱_전환_블트스틱출시_쩜오건_CS전화네고.맛피아.KR1_var4.릴스_시즈닝두개.X_1P__260910_제과_피재은,79,0,960.0,0
2026-09-12,[스틱] (마스터ASC) [제과_블트하] 26.09_블트스틱출시_ASC_전환_video,[스틱] (마스터ASC) [제과_블트하] 26.09_블트스틱출시_ASC_전환_video,[26.09]F_V_BT틱_전환_블트스틱출시_쩜오건_CS전화네고.맛피아.KR1_var3.릴스_맛피아조합.X_1P__260910_제과_피재은,963,12,12016.0,0
2026-09-12,[스틱] (마스터ASC) [제과_블트하] 26.09_블트스틱출시_ASC_전환_video,[스틱] (마스터ASC) [제과_블트하] 26.09_블트스틱출시_ASC_전환_video,[26.09]F_V_BT틱_전환_블트스틱출시_쩜오건_CS전화네고.맛피아.KR1_main.릴스_메인.X_1P__260910_제과_피재은,700,10,12969.0,1
2026-09-12,[스틱] (마스터ASC) [제과_블트하] 26.09_블트스틱출시_ASC_전환_video,[스틱] (마스터ASC) [제과_블트하] 26.09_블트스틱출시_ASC_전환_video,[26.09]F_V_BT틱_전환_블트스틱출시_쩜오건_CS전화네고.맛피아.KR1_var1.릴스_트러플감튀.X_1P__260910_제과_피재은,1126,9,12966.0,2
2026-09-12,[스틱] (마스터ASC) [제과_블트하] 26.09_블트스틱출시_ASC_전환_video,[스틱] (마스터ASC) [제과_블트하] 26.09_블트스틱출시_ASC_전환_video,[26.09]F_V_BT틱_전환_블트스틱출시_쩜오건_CS전화네고.맛피아.KR1_var2.릴스_맘터감튀.X_1P__260910_제과_피재은,43,0,676.0,0
2026-09-12,[스틱] (마스터ASC) [제과_블트하] 26.09_블트스틱출시_ASC_전환_video,[스틱] (마스터ASC) [제과_블트하] 26.09_블트스틱출시_ASC_전환_video,[26.09]F_V_BT틱_전환_블트스틱출시_기타_치약BP.맛피아.KR1_var2.릴스_메인.X_1P_김소희_260911_제과_피재은,2799,54,62569.0,5
2026-09-12,[스틱] (마스터ASC) [제과_블트하] 26.09_블트스틱출시_ASC_전환_video,[스틱] (마스터ASC) [제과_블트하] 26.09_블트스틱출시_ASC_전환_video,[26.09]F_V_BT틱_전환_블트스틱출시_기타_치약BP.맛피아.KR1_var1.릴스_메인.X_1P_김소희_260911_제과_피재은,143,3,3913.0,0
2026-09-12,[스틱] (마스터ASC) [제과_블트하] 26.09_블트스틱출시_ASC_전환_video,[스틱] (마스터ASC) [제과_블트하] 26.09_블트스틱출시_ASC_전환_video,[26.09]F_V_BT틱_전환_블트스틱출시_기타_치약BP.맛피아.KR1_main.릴스_메인.X_1P_김소희_260911_제과_피재은,831,21,33055.0,1
2026-09-12,[스틱] (마스터ASC) [제과_블트하] 26.09_블트스틱출시_ASC_전환_video,[스틱] (마스터ASC) [제과_블트하] 26.09_블트스틱출시_ASC_전환_video,[26.09]F_V_BT틱_전환_블트스틱출시_기타_비빔밥BP.KR1_main.릴스_메인.X_1P_김소희_260911_제과_피재은,56,1,2017.0,0
2026-09-12,[스틱] (마스터ASC) [제과_블트하] 26.09_블트스틱출시_ASC_전환_video,[스틱] (마스터ASC) [제과_블트하] 26.09_블트스틱출시_ASC_전환_video,[26.09]F_V_BT틱_전환_블트스틱출시_기타_비빔밥BP.KR1_var3.릴스_메인.X_1P_김소희_260911_제과_피재은,28635,392,414241.0,26
2026-09-12,[스틱] (마스터ASC) [제과_블트하] 26.09_블트스틱출시_ASC_전환_video,[스틱] (마스터ASC) [제과_블트하] 26.09_블트스틱출시_ASC_전환_video,[26.09]F_V_BT틱_전환_블트스틱출시_기타_비빔밥BP.KR1_var2.릴스_메인.X_1P_김소희_260911_제과_피재은,58,0,1759.0,0
2026-09-12,[스틱] (마스터ASC) [제과_블트하] 26.09_블트스틱출시_ASC_전환_video,[스틱] (마스터ASC) [제과_블트하] 26.09_블트스틱출시_ASC_전환_video,[26.09]F_V_BT틱_전환_블트스틱출시_기타_비빔밥BP.KR1_var1.릴스_메인.X_1P_김소희_260911_제과_피재은,63,1,2531.0,1
2026-09-12,[스틱] (마스터ASC) [제과_블트하] 26.09_블트스틱출시_ASC_전환_video,[스틱] (마스터ASC) [제과_블트하] 26.09_블트스틱출시_ASC_전환_video,[26.09]F_V_BT틱_전환_블트스틱출시_쩜오건_초코송이BP.맛피아.KR1_var1.릴스_찐감자.(재).X_1P__260911_제과_피재은,388,3,4459.0,0
2026-09-12,[스틱] (마스터ASC) [제과_블트하] 26.09_블트스틱출시_ASC_전환_video,[스틱] (마스터ASC) [제과_블트하] 26.09_블트스틱출시_ASC_전환_video,[26.09]F_V_BT틱_전환_블트스틱출시_쩜오건_초코송이BP.맛피아.KR1_main.릴스_감튀아니고.(재).X_1P__260911_제과_피재은,92,6,1424.0,1
2026-09-12,[스틱] (마스터ASC) [제과_블트하] 26.09_블트스틱출시_ASC_전환_video,[스틱] (마스터ASC) [제과_블트하] 26.09_블트스틱출시_ASC_전환_video,[26.09]F_V_BT틱_전환_블트스틱출시_쩜오건_CS전화네고.맛피아.KR1_main.릴스_맘스터치.(재).X_1P__260911_제과_피재은,652,10,10669.0,1
2026-09-12,[스틱] (마스터ASC) [제과_블트하] 26.09_블트스틱출시_ASC_전환_video,[스틱] (마스터ASC) [제과_블트하] 26.09_블트스틱출시_ASC_전환_video,[26.09]F_V_BT틱_전환_블트스틱출시_쩜오건_CS전화네고.맛피아.KR1_var1.릴스_찐감자.(재).X_1P__260911_제과_피재은,4393,44,57169.0,7
2026-09-13,[스틱] (마스터ASC) [제과_블트하] 26.09_블트스틱출시_ASC_전환_video,[스틱] (마스터ASC) [제과_블트하] 26.09_블트스틱출시_ASC_전환_video,[26.09]F_V_BT틱_전환_블트스틱출시_쩜오건_책상네고.맛피아.KR1_var4.릴스_치즈소스.X_1P__260910_제과_문형민,17,0,194.0,0
2026-09-13,[스틱] (마스터ASC) [제과_블트하] 26.09_블트스틱출시_ASC_전환_video,[스틱] (마스터ASC) [제과_블트하] 26.09_블트스틱출시_ASC_전환_video,[26.09]F_V_BT틱_전환_블트스틱출시_쩜오건_CS전화네고.맛피아.KR1_main.릴스_메인.X_1P__260910_제과_피재은,6,0,138.0,0
2026-09-13,[스틱] (마스터ASC) [제과_블트하] 26.09_블트스틱출시_ASC_전환_video,[스틱] (마스터ASC) [제과_블트하] 26.09_블트스틱출시_ASC_전환_video,[26.09]F_V_BT틱_전환_블트스틱출시_쩜오건_CS전화네고.맛피아.KR1_var1.릴스_트러플감튀.X_1P__260910_제과_피재은,15,0,177.0,0
2026-09-13,[스틱] (마스터ASC) [제과_블트하] 26.09_블트스틱출시_ASC_전환_video,[스틱] (마스터ASC) [제과_블트하] 26.09_블트스틱출시_ASC_전환_video,[26.09]F_V_BT틱_전환_블트스틱출시_기타_치약BP.맛피아.KR1_var2.릴스_메인.X_1P_김소희_260911_제과_피재은,248,3,5191.0,0
2026-09-13,[스틱] (마스터ASC) [제과_블트하] 26.09_블트스틱출시_ASC_전환_video,[스틱] (마스터ASC) [제과_블트하] 26.09_블트스틱출시_ASC_전환_video,[26.09]F_V_BT틱_전환_블트스틱출시_기타_치약BP.맛피아.KR1_var1.릴스_메인.X_1P_김소희_260911_제과_피재은,12,0,313.0,0
2026-09-13,[스틱] (마스터ASC) [제과_블트하] 26.09_블트스틱출시_ASC_전환_video,[스틱] (마스터ASC) [제과_블트하] 26.09_블트스틱출시_ASC_전환_video,[26.09]F_V_BT틱_전환_블트스틱출시_기타_비빔밥BP.KR1_main.릴스_메인.X_1P_김소희_260911_제과_피재은,4,0,139.0,0
2026-09-13,[스틱] (마스터ASC) [제과_블트하] 26.09_블트스틱출시_ASC_전환_video,[스틱] (마스터ASC) [제과_블트하] 26.09_블트스틱출시_ASC_전환_video,[26.09]F_V_BT틱_전환_블트스틱출시_기타_비빔밥BP.KR1_var3.릴스_메인.X_1P_김소희_260911_제과_피재은,12123,220,84142.0,3
2026-09-13,[스틱] (마스터ASC) [제과_블트하] 26.09_블트스틱출시_ASC_전환_video,[스틱] (마스터ASC) [제과_블트하] 26.09_블트스틱출시_ASC_전환_video,[26.09]F_V_BT틱_전환_블트스틱출시_기타_비빔밥BP.KR1_var2.릴스_메인.X_1P_김소희_260911_제과_피재은,2,0,112.0,0
2026-09-13,[스틱] (마스터ASC) [제과_블트하] 26.09_블트스틱출시_ASC_전환_video,[스틱] (마스터ASC) [제과_블트하] 26.09_블트스틱출시_ASC_전환_video,[26.09]F_V_BT틱_전환_블트스틱출시_쩜오건_초코송이BP.맛피아.KR1_var1.릴스_찐감자.(재).X_1P__260911_제과_피재은,11,0,71.0,0
2026-09-13,[스틱] (마스터ASC) [제과_블트하] 26.09_블트스틱출시_ASC_전환_video,[스틱] (마스터ASC) [제과_블트하] 26.09_블트스틱출시_ASC_전환_video,[26.09]F_V_BT틱_전환_블트스틱출시_쩜오건_초코송이BP.맛피아.KR1_main.릴스_감튀아니고.(재).X_1P__260911_제과_피재은,10,0,71.0,0
2026-09-13,[스틱] (마스터ASC) [제과_블트하] 26.09_블트스틱출시_ASC_전환_video,[스틱] (마스터ASC) [제과_블트하] 26.09_블트스틱출시_ASC_전환_video,[26.09]F_V_BT틱_전환_블트스틱출시_쩜오건_CS전화네고.맛피아.KR1_main.릴스_맘스터치.(재).X_1P__260911_제과_피재은,12,0,146.0,0
2026-09-13,[스틱] (마스터ASC) [제과_블트하] 26.09_블트스틱출시_ASC_전환_video,[스틱] (마스터ASC) [제과_블트하] 26.09_블트스틱출시_ASC_전환_video,[26.09]F_V_BT틱_전환_블트스틱출시_쩜오건_CS전화네고.맛피아.KR1_var1.릴스_찐감자.(재).X_1P__260911_제과_피재은,54,2,502.0,0
2026-09-11,[제과_블트하] 26.07_블트깡출시_수동_전환_video_전체타겟,0725_클룹BP_블트칩출시 (KR1),[26.07]F_V_BT혼_전환_블트칩출시_기타_클룹BP.KR1_var3.릴스_맛SP.슬기.X_1P_최나영_260723_제과_피재은,5634,77,101044.0,5
2026-09-11,[제과_치즈팝콘] 26.08_치즈팝콘출시_수동_전환_video_전체타겟,(0805) 네고형_치즈팝콘출시 (KR2) (재은님),[26.08]F_V_PC치_전환_치즈팝콘출시_네고형_네고형_var5.릴스_페인포인트.슬기.X_1P_권미정_260805_제과_피재은,27492,263,190347.0,26
2026-09-11,[제과_초코퐁당] 26.09_초코퐁당출시_수동_전환_image_전체타겟,(0904) 메시지테스트형_초코퐁당출시 (KR1) (서연님),[26.09]F_I_PN초_전환_초코퐁당출시_제품강조형_KR1_.배너_이니3.네이트판.초코란초코는다먹어본.__권미정_260904_제과_박서연,3,0,23.0,0
2026-09-11,[제과_초코퐁당] 26.09_초코퐁당출시_수동_전환_image_전체타겟,(0904) 메시지테스트형_초코퐁당출시 (KR1) (서연님),[26.09]F_I_PN초_전환_초코퐁당출시_제품강조형_KR1_.배너_이니2.매거진형.로이스생초콜릿한입에.__권미정_260904_제과_박서연,80,2,1952.0,0
2026-09-11,[제과_초코퐁당] 26.09_초코퐁당출시_수동_전환_image_전체타겟,(0904) 메시지테스트형_초코퐁당출시 (KR1) (서연님),[26.09]F_I_PN초_전환_초코퐁당출시_제품강조형_KR1_.배너_이니1.매거진형.겉만초코vs속까지생초코.__권미정_260904_제과_박서연,11586,133,235183.0,19
2026-09-11,[제과_초코퐁당] 26.09_초코퐁당출시_수동_전환_image_전체타겟,(0904) 메시지테스트형_초코퐁당출시 (KR1) (서연님),[26.09]F_I_PN초_전환_초코퐁당출시_제품강조형_KR1_.배너_이니3.스토리형.자칭타칭초코처돌이.__권미정_260904_제과_박서연,1780,30,32918.0,1
2026-09-11,[제과_초코퐁당] 26.09_초코퐁당출시_수동_전환_image_전체타겟,(0904) 메시지테스트형_초코퐁당출시 (KR1) (서연님),[26.09]F_I_PN초_전환_초코퐁당출시_제품강조형_KR1_.배너_이니3.매거진형.다이어트중에도.__권미정_260904_제과_박서연,17,0,414.0,0
2026-09-11,[제과_초코퐁당] 26.09_초코퐁당출시_수동_전환_image_전체타겟,(0904) 메시지테스트형_초코퐁당출시 (KR1) (서연님),[26.09]F_I_PN초_전환_초코퐁당출시_제품강조형_KR1_.배너_이니1.비교프레임.생초콜릿씹듯묵직한.__권미정_260904_제과_박서연,1,0,96.0,0
2026-09-11,[제과_초코퐁당] 26.09_초코퐁당출시_수동_전환_image_전체타겟,(0904) 메시지테스트형_초코퐁당출시 (KR1) (서연님),[26.09]F_I_PN초_전환_초코퐁당출시_제품강조형_KR1_.배너_이니3.스토리형.중독되면생기는일.__권미정_260904_제과_박서연,4,0,74.0,0
2026-09-11,[제과_초코퐁당] 26.09_초코퐁당출시_수동_전환_image_전체타겟,(0904) 메시지테스트형_초코퐁당출시 (KR1) (서연님),[26.09]F_I_PN초_전환_초코퐁당출시_제품강조형_KR1_.배너_이니2.이건진짜로이스초콜릿맛ㅇㅈ.__권미정_260904_제과_박서연,8,0,304.0,0
2026-09-11,[제과_초코퐁당] 26.09_초코퐁당출시_수동_전환_image_전체타겟,(0904) 메시지테스트형_초코퐁당출시 (KR1) (서연님),[26.09]F_I_PN초_전환_초코퐁당출시_제품강조형_KR1_.배너_이니2.로이스생초콜릿가성비버전.__권미정_260904_제과_박서연,15,0,517.0,0
2026-09-12,[제과_블트하] 26.07_블트깡출시_수동_전환_video_전체타겟,0725_클룹BP_블트칩출시 (KR1),[26.07]F_V_BT혼_전환_블트칩출시_기타_클룹BP.KR1_var3.릴스_맛SP.슬기.X_1P_최나영_260723_제과_피재은,1471,24,22153.0,1
2026-09-12,[제과_치즈팝콘] 26.08_치즈팝콘출시_수동_전환_video_전체타겟,(0805) 네고형_치즈팝콘출시 (KR2) (재은님),[26.08]F_V_PC치_전환_치즈팝콘출시_네고형_네고형_var5.릴스_페인포인트.슬기.X_1P_권미정_260805_제과_피재은,64748,727,426064.0,23
2026-09-12,[제과_초코퐁당] 26.09_초코퐁당출시_수동_전환_image_전체타겟,(0904) 메시지테스트형_초코퐁당출시 (KR1) (서연님),[26.09]F_I_PN초_전환_초코퐁당출시_제품강조형_KR1_.배너_이니3.네이트판.초코란초코는다먹어본.__권미정_260904_제과_박서연,3,0,42.0,0
2026-09-12,[제과_초코퐁당] 26.09_초코퐁당출시_수동_전환_image_전체타겟,(0904) 메시지테스트형_초코퐁당출시 (KR1) (서연님),[26.09]F_I_PN초_전환_초코퐁당출시_제품강조형_KR1_.배너_이니2.매거진형.로이스생초콜릿한입에.__권미정_260904_제과_박서연,1866,30,39455.0,2
2026-09-12,[제과_초코퐁당] 26.09_초코퐁당출시_수동_전환_image_전체타겟,(0904) 메시지테스트형_초코퐁당출시 (KR1) (서연님),[26.09]F_I_PN초_전환_초코퐁당출시_제품강조형_KR1_.배너_이니1.매거진형.속까지꽉찬생초코의.__권미정_260904_제과_박서연,40,0,1131.0,0
2026-09-12,[제과_초코퐁당] 26.09_초코퐁당출시_수동_전환_image_전체타겟,(0904) 메시지테스트형_초코퐁당출시 (KR1) (서연님),[26.09]F_I_PN초_전환_초코퐁당출시_제품강조형_KR1_.배너_이니1.매거진형.겉만초코vs속까지생초코.__권미정_260904_제과_박서연,6673,82,147532.0,13
2026-09-12,[제과_초코퐁당] 26.09_초코퐁당출시_수동_전환_image_전체타겟,(0904) 메시지테스트형_초코퐁당출시 (KR1) (서연님),[26.09]F_I_PN초_전환_초코퐁당출시_제품강조형_KR1_.배너_이니3.매거진형.다이어트중에도.__권미정_260904_제과_박서연,49,0,1185.0,0
2026-09-12,[제과_초코퐁당] 26.09_초코퐁당출시_수동_전환_image_전체타겟,(0904) 메시지테스트형_초코퐁당출시 (KR1) (서연님),[26.09]F_I_PN초_전환_초코퐁당출시_제품강조형_KR1_.배너_이니1.비교프레임.생초콜릿씹듯묵직한.__권미정_260904_제과_박서연,20,0,695.0,0
2026-09-12,[제과_초코퐁당] 26.09_초코퐁당출시_수동_전환_image_전체타겟,(0904) 메시지테스트형_초코퐁당출시 (KR1) (서연님),[26.09]F_I_PN초_전환_초코퐁당출시_제품강조형_KR1_.배너_이니2.스토리형.가성비대체제.__권미정_260904_제과_박서연,2759,38,58169.0,1
2026-09-12,[제과_초코퐁당] 26.09_초코퐁당출시_수동_전환_image_전체타겟,(0904) 메시지테스트형_초코퐁당출시 (KR1) (서연님),[26.09]F_I_PN초_전환_초코퐁당출시_제품강조형_KR1_.배너_이니3.스토리형.중독되면생기는일.__권미정_260904_제과_박서연,6,0,214.0,0
2026-09-12,[제과_초코퐁당] 26.09_초코퐁당출시_수동_전환_image_전체타겟,(0904) 메시지테스트형_초코퐁당출시 (KR1) (서연님),[26.09]F_I_PN초_전환_초코퐁당출시_제품강조형_KR1_.배너_이니2.네이버카페형.일본갈때마다.__권미정_260904_제과_박서연,48,0,1243.0,0
2026-09-12,[제과_초코퐁당] 26.09_초코퐁당출시_수동_전환_image_전체타겟,(0904) 메시지테스트형_초코퐁당출시 (KR1) (서연님),[26.09]F_I_PN초_전환_초코퐁당출시_제품강조형_KR1_.배너_이니2.이건진짜로이스초콜릿맛ㅇㅈ.__권미정_260904_제과_박서연,6,0,119.0,0
2026-09-12,[제과_초코퐁당] 26.09_초코퐁당출시_수동_전환_image_전체타겟,(0904) 메시지테스트형_초코퐁당출시 (KR1) (서연님),[26.09]F_I_PN초_전환_초코퐁당출시_제품강조형_KR1_.배너_이니2.로이스생초콜릿가성비버전.__권미정_260904_제과_박서연,85,1,1905.0,0
2026-09-13,[제과_치즈팝콘] 26.08_치즈팝콘출시_수동_전환_video_전체타겟,(0805) 네고형_치즈팝콘출시 (KR2) (재은님),[26.08]F_V_PC치_전환_치즈팝콘출시_네고형_네고형_var5.릴스_페인포인트.슬기.X_1P_권미정_260805_제과_피재은,18948,266,123113.0,14
2026-09-13,[제과_초코퐁당] 26.09_초코퐁당출시_수동_전환_image_전체타겟,(0904) 메시지테스트형_초코퐁당출시 (KR1) (서연님),[26.09]F_I_PN초_전환_초코퐁당출시_제품강조형_KR1_.배너_이니3.네이트판.초코란초코는다먹어본.__권미정_260904_제과_박서연,21,0,297.0,0
2026-09-13,[제과_초코퐁당] 26.09_초코퐁당출시_수동_전환_image_전체타겟,(0904) 메시지테스트형_초코퐁당출시 (KR1) (서연님),[26.09]F_I_PN초_전환_초코퐁당출시_제품강조형_KR1_.배너_이니2.매거진형.로이스생초콜릿한입에.__권미정_260904_제과_박서연,1250,24,20731.0,2
2026-09-13,[제과_초코퐁당] 26.09_초코퐁당출시_수동_전환_image_전체타겟,(0904) 메시지테스트형_초코퐁당출시 (KR1) (서연님),[26.09]F_I_PN초_전환_초코퐁당출시_제품강조형_KR1_.배너_이니1.매거진형.속까지꽉찬생초코의.__권미정_260904_제과_박서연,38,1,765.0,0
2026-09-13,[제과_초코퐁당] 26.09_초코퐁당출시_수동_전환_image_전체타겟,(0904) 메시지테스트형_초코퐁당출시 (KR1) (서연님),[26.09]F_I_PN초_전환_초코퐁당출시_제품강조형_KR1_.배너_이니1.매거진형.겉만초코vs속까지생초코.__권미정_260904_제과_박서연,2418,31,47565.0,4
2026-09-13,[제과_초코퐁당] 26.09_초코퐁당출시_수동_전환_image_전체타겟,(0904) 메시지테스트형_초코퐁당출시 (KR1) (서연님),[26.09]F_I_PN초_전환_초코퐁당출시_제품강조형_KR1_.배너_이니3.스토리형.자칭타칭초코처돌이.__권미정_260904_제과_박서연,1490,21,23344.0,1
2026-09-13,[제과_초코퐁당] 26.09_초코퐁당출시_수동_전환_image_전체타겟,(0904) 메시지테스트형_초코퐁당출시 (KR1) (서연님),[26.09]F_I_PN초_전환_초코퐁당출시_제품강조형_KR1_.배너_이니3.매거진형.다이어트중에도.__권미정_260904_제과_박서연,10,0,105.0,0
2026-09-13,[제과_초코퐁당] 26.09_초코퐁당출시_수동_전환_image_전체타겟,(0904) 메시지테스트형_초코퐁당출시 (KR1) (서연님),[26.09]F_I_PN초_전환_초코퐁당출시_제품강조형_KR1_.배너_이니1.비교프레임.생초콜릿씹듯묵직한.__권미정_260904_제과_박서연,2,0,50.0,0
2026-09-13,[제과_초코퐁당] 26.09_초코퐁당출시_수동_전환_image_전체타겟,(0904) 메시지테스트형_초코퐁당출시 (KR1) (서연님),[26.09]F_I_PN초_전환_초코퐁당출시_제품강조형_KR1_.배너_이니2.스토리형.가성비대체제.__권미정_260904_제과_박서연,3493,54,68285.0,5
2026-09-13,[제과_초코퐁당] 26.09_초코퐁당출시_수동_전환_image_전체타겟,(0904) 메시지테스트형_초코퐁당출시 (KR1) (서연님),[26.09]F_I_PN초_전환_초코퐁당출시_제품강조형_KR1_.배너_이니3.스토리형.중독되면생기는일.__권미정_260904_제과_박서연,3,0,69.0,0
2026-09-13,[제과_초코퐁당] 26.09_초코퐁당출시_수동_전환_image_전체타겟,(0904) 메시지테스트형_초코퐁당출시 (KR1) (서연님),[26.09]F_I_PN초_전환_초코퐁당출시_제품강조형_KR1_.배너_이니2.네이버카페형.일본갈때마다.__권미정_260904_제과_박서연,8,0,88.0,0
2026-09-13,[제과_초코퐁당] 26.09_초코퐁당출시_수동_전환_image_전체타겟,(0904) 메시지테스트형_초코퐁당출시 (KR1) (서연님),[26.09]F_I_PN초_전환_초코퐁당출시_제품강조형_KR1_.배너_이니2.이건진짜로이스초콜릿맛ㅇㅈ.__권미정_260904_제과_박서연,20,0,344.0,0
2026-09-13,[제과_초코퐁당] 26.09_초코퐁당출시_수동_전환_image_전체타겟,(0904) 메시지테스트형_초코퐁당출시 (KR1) (서연님),[26.09]F_I_PN초_전환_초코퐁당출시_제품강조형_KR1_.배너_이니2.로이스생초콜릿가성비버전.__권미정_260904_제과_박서연,78,3,1469.0,0
2026-09-11,[제과_초코퐁당] 26.09_초코퐁당출시_수동_전환_image_전체타겟,(0904) 혜택강조형_초코퐁당출시 (KR2) (서연님),[26.09]F_I_PN초_전환_초코퐁당출시_혜택강조형_KR2_.배너_긴급공지올립니다.__권미정_260904_제과_박서연,98,3,4543.0,0
2026-09-11,[제과_초코퐁당] 26.09_초코퐁당출시_수동_전환_image_전체타겟,(0904) 혜택강조형_초코퐁당출시 (KR2) (서연님),[26.09]F_I_PN초_전환_초코퐁당출시_혜택강조형_KR2_.배너_사과문.제조공정변동가능성.__권미정_260904_제과_박서연,3,0,52.0,1
2026-09-11,[제과_초코퐁당] 26.09_초코퐁당출시_수동_전환_image_전체타겟,(0904) 혜택강조형_초코퐁당출시 (KR2) (서연님),[26.09]F_I_PN초_전환_초코퐁당출시_혜택강조형_KR2_.배너_다시는없어요.__권미정_260904_제과_박서연,1,0,4.0,0
2026-09-11,[제과_초코퐁당] 26.09_초코퐁당출시_수동_전환_image_전체타겟,(0904) 혜택강조형_초코퐁당출시 (KR2) (서연님),[26.09]F_I_PN초_전환_초코퐁당출시_혜택강조형_KR2_.배너_외부유출절대금지.__권미정_260904_제과_박서연,68,3,1634.0,0
2026-09-11,[제과_초코퐁당] 26.09_초코퐁당출시_수동_전환_image_전체타겟,(0904) 혜택강조형_초코퐁당출시 (KR2) (서연님),[26.09]F_I_PN초_전환_초코퐁당출시_혜택강조형_KR2_.배너_지금이젤싸요.__권미정_260904_제과_박서연,1663,19,33090.0,2
2026-09-11,[제과_초코퐁당] 26.09_초코퐁당출시_수동_전환_image_전체타겟,(0904) 혜택강조형_초코퐁당출시 (KR2) (서연님),[26.09]F_I_PN초_전환_초코퐁당출시_혜택강조형_KR2_.배너_하나만사도무조건추가할인.__권미정_260904_제과_박서연,4,0,218.0,0
2026-09-11,[제과_초코퐁당] 26.09_초코퐁당출시_수동_전환_image_전체타겟,(0909) 로이스가성비형_초코퐁당출시 (KR2) (미정님),[26.09]F_I_PN초_전환_초코퐁당출시_매거진형_KR2_.배너_이니4.잇자국로이스자극.__권미정_260909_제과_마팀,246,6,5198.0,0
2026-09-11,[제과_초코퐁당] 26.09_초코퐁당출시_수동_전환_image_전체타겟,(0909) 로이스가성비형_초코퐁당출시 (KR2) (미정님),[26.09]F_I_PN초_전환_초코퐁당출시_매거진형_KR2_.배너_이니7.야외면세점로이스.__권미정_260909_제과_마팀,25,1,482.0,1
2026-09-11,[제과_초코퐁당] 26.09_초코퐁당출시_수동_전환_image_전체타겟,(0909) 로이스가성비형_초코퐁당출시 (KR2) (미정님),[26.09]F_I_PN초_전환_초코퐁당출시_매거진형_KR2_.배너_이니2.야외생초코연상.__권미정_260909_제과_마팀,342,7,7250.0,0
2026-09-11,[제과_초코퐁당] 26.09_초코퐁당출시_수동_전환_image_전체타겟,(0909) 로이스가성비형_초코퐁당출시 (KR2) (미정님),[26.09]F_I_PN초_전환_초코퐁당출시_매거진형_KR2_.배너_이니6.단면강조맛표현.__권미정_260909_제과_마팀,54,0,736.0,0
2026-09-11,[제과_초코퐁당] 26.09_초코퐁당출시_수동_전환_image_전체타겟,(0909) 로이스가성비형_초코퐁당출시 (KR2) (미정님),[26.09]F_I_PN초_전환_초코퐁당출시_매거진형_KR2_.배너_이니1.기존만수르베리.__권미정_260909_제과_마팀,698,11,10981.0,0
2026-09-11,[제과_초코퐁당] 26.09_초코퐁당출시_수동_전환_image_전체타겟,(0909) 로이스가성비형_초코퐁당출시 (KR2) (미정님),[26.09]F_I_PN초_전환_초코퐁당출시_매거진형_KR2_.배너_이니3.패키지묶음재벌비유.__권미정_260909_제과_마팀,149,3,4873.0,1
2026-09-11,[제과_초코퐁당] 26.09_초코퐁당출시_수동_전환_image_전체타겟,(0909) 로이스가성비형_초코퐁당출시 (KR2) (미정님),[26.09]F_I_PN초_전환_초코퐁당출시_매거진형_KR2_.배너_이니5.규모감맛표현.__권미정_260909_제과_마팀,733,15,11946.0,0
2026-09-12,[제과_초코퐁당] 26.09_초코퐁당출시_수동_전환_image_전체타겟,(0909) 로이스가성비형_초코퐁당출시 (KR2) (미정님),[26.09]F_I_PN초_전환_초코퐁당출시_매거진형_KR2_.배너_이니4.잇자국로이스자극.__권미정_260909_제과_마팀,458,4,8143.0,1
2026-09-12,[제과_초코퐁당] 26.09_초코퐁당출시_수동_전환_image_전체타겟,(0909) 로이스가성비형_초코퐁당출시 (KR2) (미정님),[26.09]F_I_PN초_전환_초코퐁당출시_매거진형_KR2_.배너_이니7.야외면세점로이스.__권미정_260909_제과_마팀,508,10,10789.0,1
2026-09-12,[제과_초코퐁당] 26.09_초코퐁당출시_수동_전환_image_전체타겟,(0909) 로이스가성비형_초코퐁당출시 (KR2) (미정님),[26.09]F_I_PN초_전환_초코퐁당출시_매거진형_KR2_.배너_이니2.야외생초코연상.__권미정_260909_제과_마팀,433,7,6786.0,0
2026-09-12,[제과_초코퐁당] 26.09_초코퐁당출시_수동_전환_image_전체타겟,(0909) 로이스가성비형_초코퐁당출시 (KR2) (미정님),[26.09]F_I_PN초_전환_초코퐁당출시_매거진형_KR2_.배너_이니6.단면강조맛표현.__권미정_260909_제과_마팀,223,3,2633.0,1
2026-09-12,[제과_초코퐁당] 26.09_초코퐁당출시_수동_전환_image_전체타겟,(0909) 로이스가성비형_초코퐁당출시 (KR2) (미정님),[26.09]F_I_PN초_전환_초코퐁당출시_매거진형_KR2_.배너_이니1.기존만수르베리.__권미정_260909_제과_마팀,7480,110,105711.0,9
2026-09-12,[제과_초코퐁당] 26.09_초코퐁당출시_수동_전환_image_전체타겟,(0909) 로이스가성비형_초코퐁당출시 (KR2) (미정님),[26.09]F_I_PN초_전환_초코퐁당출시_매거진형_KR2_.배너_이니3.패키지묶음재벌비유.__권미정_260909_제과_마팀,57,1,1897.0,0
2026-09-12,[제과_초코퐁당] 26.09_초코퐁당출시_수동_전환_image_전체타겟,(0909) 로이스가성비형_초코퐁당출시 (KR2) (미정님),[26.09]F_I_PN초_전환_초코퐁당출시_매거진형_KR2_.배너_이니5.규모감맛표현.__권미정_260909_제과_마팀,1261,17,19126.0,1
2026-09-13,(마스터ASC)[제과_블트하] 26.07_블트깡출시_ASC_전환_video,(마스터ASC)[제과_블트하] 26.07_블트깡출시_ASC_전환_video,[26.08]F_V_BT깡_전환_블트깡출시_쩜오건_시즈닝강조.이국주.KR1_var3.릴스_블트깡.트러플.슬기.X_1P__260820_제과_문형민,1,0,1.0,0
2026-09-13,[제과_초코퐁당] 26.09_초코퐁당출시_수동_전환_image_전체타겟,(0909) 로이스가성비형_초코퐁당출시 (KR2) (미정님),[26.09]F_I_PN초_전환_초코퐁당출시_매거진형_KR2_.배너_이니4.잇자국로이스자극.__권미정_260909_제과_마팀,58,2,1182.0,0
2026-09-13,[제과_초코퐁당] 26.09_초코퐁당출시_수동_전환_image_전체타겟,(0909) 로이스가성비형_초코퐁당출시 (KR2) (미정님),[26.09]F_I_PN초_전환_초코퐁당출시_매거진형_KR2_.배너_이니7.야외면세점로이스.__권미정_260909_제과_마팀,399,7,7074.0,0
2026-09-13,[제과_초코퐁당] 26.09_초코퐁당출시_수동_전환_image_전체타겟,(0909) 로이스가성비형_초코퐁당출시 (KR2) (미정님),[26.09]F_I_PN초_전환_초코퐁당출시_매거진형_KR2_.배너_이니2.야외생초코연상.__권미정_260909_제과_마팀,361,8,6697.0,0
2026-09-13,[제과_초코퐁당] 26.09_초코퐁당출시_수동_전환_image_전체타겟,(0909) 로이스가성비형_초코퐁당출시 (KR2) (미정님),[26.09]F_I_PN초_전환_초코퐁당출시_매거진형_KR2_.배너_이니6.단면강조맛표현.__권미정_260909_제과_마팀,127,1,2032.0,0
2026-09-13,[제과_초코퐁당] 26.09_초코퐁당출시_수동_전환_image_전체타겟,(0909) 로이스가성비형_초코퐁당출시 (KR2) (미정님),[26.09]F_I_PN초_전환_초코퐁당출시_매거진형_KR2_.배너_이니1.기존만수르베리.__권미정_260909_제과_마팀,2572,47,39027.0,3
2026-09-13,[제과_초코퐁당] 26.09_초코퐁당출시_수동_전환_image_전체타겟,(0909) 로이스가성비형_초코퐁당출시 (KR2) (미정님),[26.09]F_I_PN초_전환_초코퐁당출시_매거진형_KR2_.배너_이니3.패키지묶음재벌비유.__권미정_260909_제과_마팀,54,0,934.0,0
2026-09-13,[제과_초코퐁당] 26.09_초코퐁당출시_수동_전환_image_전체타겟,(0909) 로이스가성비형_초코퐁당출시 (KR2) (미정님),[26.09]F_I_PN초_전환_초코퐁당출시_매거진형_KR2_.배너_이니5.규모감맛표현.__권미정_260909_제과_마팀,1096,9,14361.0,1
2026-09-11,[제과_바타입_저당웨하스] 26.06_바닐라웨하스출시_수동_전환_video_전체타겟,전화네고형_바닐라웨하스_바,[26.06]F_V_WB바_전환_바닐라웨하스출시_네고형_전화네고형_var2.릴스_POV후킹.X_1P_최나영_260605_제과_강경연,9218,151,145016.0,20
2026-09-11,(마스터ASC)[제과_블트하] 26.07_블트깡출시_ASC_전환_video,(마스터ASC)[제과_블트하] 26.07_블트깡출시_ASC_전환_video,[26.08]F_V_BT칩_전환_블트칩출시_신규BP_인덕션BP.KR1_main.릴스_본론.X_1P_김소희_260807_제과_이봄1,44368,1366,1142071.0,75
2026-09-11,(마스터ASC)[제과_블트하] 26.07_블트깡출시_ASC_전환_video,(마스터ASC)[제과_블트하] 26.07_블트깡출시_ASC_전환_video,[26.08]F_V_BT깡_전환_블트깡출시_라이브커머스형_라이브커머스형.KR1_main.릴스_찐템강조.메인.슬기.X_1P_김소희_260811_제과_피재은,6,0,43.0,0
2026-09-11,(마스터ASC)[제과_블트하] 26.07_블트깡출시_ASC_전환_video,(마스터ASC)[제과_블트하] 26.07_블트깡출시_ASC_전환_video,[26.08]F_V_BT깡_전환_블트깡출시_쩜오건_시즈닝강조.이국주.KR1_var2.릴스_블트깡.반전.슬기.X_1P__260820_제과_문형민,10,1,119.0,0
2026-09-11,(마스터ASC)[제과_치즈팝콘] 26.08_치즈팝콘출시_ASC_전환_image_전체타겟,(마스터ASC)[제과_치즈팝콘] 26.08_치즈팝콘출시_ASC_전환_image_전체타겟,[26.08]F_I_PC치_전환_치즈팝콘재입고_혜택강조형_KR1.재입고이슈_.배너_공지문.재입고이슈.__권미정_260824_제과_박서연,9,0,157.0,0
2026-09-12,[제과_바타입_저당웨하스] 26.06_바닐라웨하스출시_수동_전환_video_전체타겟,전화네고형_바닐라웨하스_바,[26.06]F_V_WB바_전환_바닐라웨하스출시_네고형_전화네고형_var2.릴스_POV후킹.X_1P_최나영_260605_제과_강경연,3027,53,51063.0,4
2026-09-12,(마스터ASC)[제과_블트하] 26.07_블트깡출시_ASC_전환_video,(마스터ASC)[제과_블트하] 26.07_블트깡출시_ASC_전환_video,[26.08]F_V_BT칩_전환_블트칩출시_신규BP_인덕션BP.KR1_main.릴스_본론.X_1P_김소희_260807_제과_이봄1,8539,279,223358.0,15
2026-09-12,(마스터ASC)[제과_블트하] 26.07_블트깡출시_ASC_전환_video,(마스터ASC)[제과_블트하] 26.07_블트깡출시_ASC_전환_video,[26.08]F_V_BT깡_전환_블트깡출시_라이브커머스형_라이브커머스형.KR1_main.릴스_찐템강조.메인.슬기.X_1P_김소희_260811_제과_피재은,14,1,323.0,0
2026-09-12,(마스터ASC)[제과_블트하] 26.07_블트깡출시_ASC_전환_video,(마스터ASC)[제과_블트하] 26.07_블트깡출시_ASC_전환_video,[26.08]F_V_BT깡_전환_블트깡출시_쩜오건_시즈닝강조.이국주.KR1_var2.릴스_블트깡.반전.슬기.X_1P__260820_제과_문형민,2,0,110.0,0
2026-09-12,(마스터ASC)[제과_치즈팝콘] 26.08_치즈팝콘출시_ASC_전환_image_전체타겟,(마스터ASC)[제과_치즈팝콘] 26.08_치즈팝콘출시_ASC_전환_image_전체타겟,[26.08]F_I_PC치_전환_치즈팝콘재입고_혜택강조형_KR1.재입고이슈_.배너_공지문.재입고이슈.__권미정_260824_제과_박서연,40,0,431.0,0
2026-09-13,[제과_바타입_저당웨하스] 26.06_바닐라웨하스출시_수동_전환_video_전체타겟,전화네고형_바닐라웨하스_바,[26.06]F_V_WB바_전환_바닐라웨하스출시_네고형_전화네고형_var2.릴스_POV후킹.X_1P_최나영_260605_제과_강경연,7349,127,120965.0,5
2026-09-13,(마스터ASC)[제과_블트하] 26.07_블트깡출시_ASC_전환_video,(마스터ASC)[제과_블트하] 26.07_블트깡출시_ASC_전환_video,[26.08]F_V_BT칩_전환_블트칩출시_신규BP_인덕션BP.KR1_main.릴스_본론.X_1P_김소희_260807_제과_이봄1,55523,1970,1405286.0,93
2026-09-13,(마스터ASC)[제과_블트하] 26.07_블트깡출시_ASC_전환_video,(마스터ASC)[제과_블트하] 26.07_블트깡출시_ASC_전환_video,[26.08]F_V_BT깡_전환_블트깡출시_쩜오건_시즈닝강조.이국주.KR1_var2.릴스_블트깡.반전.슬기.X_1P__260820_제과_문형민,21,0,520.0,0
2026-09-11,(마스터ASC)[제과_블트하] 26.07_블트깡출시_ASC_전환_video,(마스터ASC)[제과_블트하] 26.07_블트깡출시_ASC_전환_video,[26.09]F_V_BT칩_전환_블트깡출시_기타_배너.메시지검증_var3.배너_가격.2안.X_2P__260901_제과_최재원,6,0,132.0,0
2026-09-11,(마스터ASC) [제과_블트하] 26.09_블트깡출시_ASC_전환_image,(마스터ASC) [제과_블트하] 26.09_블트깡출시_ASC_전환_image,[26.09]F_I_BT칩_전환_블트칩출시_혜택강조형_나폴리맛피아.KR2_.릴스_유명인인정아낌없이.저렴한트러플.__김소희_260902_제과_박지현,7,0,334.0,0
2026-09-11,[제과_치즈팝콘] 26.08_치즈팝콘출시_수동_전환_video_전체타겟,(0805) 네고형_치즈팝콘출시 (KR2) (재은님),[26.08]F_V_PC치_전환_치즈팝콘출시_네고형_네고형_var2.릴스_1초.슬기.X_1P_권미정_260805_제과_피재은,92,0,848.0,0
2026-09-12,[제과_치즈팝콘] 26.08_치즈팝콘출시_수동_전환_video_전체타겟,(0805) 네고형_치즈팝콘출시 (KR2) (재은님),[26.08]F_V_PC치_전환_치즈팝콘출시_네고형_네고형_var2.릴스_1초.슬기.X_1P_권미정_260805_제과_피재은,99,1,1298.0,0
2026-09-13,[제과_치즈팝콘] 26.08_치즈팝콘출시_수동_전환_video_전체타겟,(0805) 네고형_치즈팝콘출시 (KR2) (재은님),[26.08]F_V_PC치_전환_치즈팝콘출시_네고형_네고형_var2.릴스_1초.슬기.X_1P_권미정_260805_제과_피재은,236,2,1869.0,0
2026-09-13,(마스터ASC)[제과_블트하] 26.07_블트깡출시_ASC_전환_video,(마스터ASC)[제과_블트하] 26.07_블트깡출시_ASC_전환_video,[26.08]F_V_BT칩_전환_블트칩출시_신규BP_인덕션BP.KR1_var5.릴스_여러상황.X_1P_김소희_260807_제과_이봄1,30,0,1204.0,0
2026-09-13,(마스터ASC)[제과_블트하] 26.07_블트깡출시_ASC_전환_video,(마스터ASC)[제과_블트하] 26.07_블트깡출시_ASC_전환_video,[26.08]F_V_BT칩_전환_블트칩출시_제조과정형_제조과정형.이국주.KR2_var3.릴스_카테고리.X_1P__260821_제과_피재은,283,7,4054.0,0
2026-09-11,(마스터ASC)[제과_초코퐁당] 26.09_초코퐁당출시_ASC_전환_image_전체타겟,(마스터ASC)[제과_초코퐁당] 26.09_초코퐁당출시_ASC_전환_image_전체타겟,[26.09]F_I_PN초_전환_초코퐁당출시_제품강조형_KR1_.배너_이니1.매거진형.속까지꽉찬생초코의.__권미정_260904_제과_박서연,162,4,2441.0,1
2026-09-11,(마스터ASC)[제과_초코퐁당] 26.09_초코퐁당출시_ASC_전환_image_전체타겟,(마스터ASC)[제과_초코퐁당] 26.09_초코퐁당출시_ASC_전환_image_전체타겟,[26.09]F_I_PN초_전환_초코퐁당출시_제품강조형_KR1_.배너_이니1.매거진형.겉만초코vs속까지생초코.__권미정_260904_제과_박서연,455,5,9433.0,2
2026-09-11,(마스터ASC)[제과_초코퐁당] 26.09_초코퐁당출시_ASC_전환_image_전체타겟,(마스터ASC)[제과_초코퐁당] 26.09_초코퐁당출시_ASC_전환_image_전체타겟,[26.09]F_I_PN초_전환_초코퐁당출시_제품강조형_KR1_.배너_이니1.초코퐁당안먹으면손해인이유.__권미정_260904_제과_박서연,9,0,156.0,0
2026-09-11,(마스터ASC)[제과_초코퐁당] 26.09_초코퐁당출시_ASC_전환_image_전체타겟,(마스터ASC)[제과_초코퐁당] 26.09_초코퐁당출시_ASC_전환_image_전체타겟,[26.09]F_I_PN초_전환_초코퐁당출시_제품강조형_KR1_.배너_이니2.매거진형.로이스생초콜릿한입에.__권미정_260904_제과_박서연,2898,42,47575.0,9
2026-09-11,(마스터ASC)[제과_초코퐁당] 26.09_초코퐁당출시_ASC_전환_image_전체타겟,(마스터ASC)[제과_초코퐁당] 26.09_초코퐁당출시_ASC_전환_image_전체타겟,[26.09]F_I_PN초_전환_초코퐁당출시_제품강조형_KR1_.배너_이니3.네이트판.초코란초코는다먹어본.__권미정_260904_제과_박서연,37,0,649.0,0
2026-09-11,(마스터ASC)[제과_초코퐁당] 26.09_초코퐁당출시_ASC_전환_image_전체타겟,(마스터ASC)[제과_초코퐁당] 26.09_초코퐁당출시_ASC_전환_image_전체타겟,[26.09]F_I_PN초_전환_초코퐁당출시_제품강조형_KR1_.배너_이니3.스토리형.자칭타칭초코처돌이.__권미정_260904_제과_박서연,1886,35,35721.0,5
2026-09-11,(마스터ASC)[제과_초코퐁당] 26.09_초코퐁당출시_ASC_전환_image_전체타겟,(마스터ASC)[제과_초코퐁당] 26.09_초코퐁당출시_ASC_전환_image_전체타겟,[26.09]F_I_PN초_전환_초코퐁당출시_제품강조형_KR1_.배너_이니1.비교프레임.생초콜릿씹듯묵직한.__권미정_260904_제과_박서연,9,0,95.0,0
2026-09-11,(마스터ASC)[제과_초코퐁당] 26.09_초코퐁당출시_ASC_전환_image_전체타겟,(마스터ASC)[제과_초코퐁당] 26.09_초코퐁당출시_ASC_전환_image_전체타겟,[26.09]F_I_PN초_전환_초코퐁당출시_제품강조형_KR1_.배너_이니3.매거진형.다이어트중에도.__권미정_260904_제과_박서연,6,0,85.0,0
2026-09-11,(마스터ASC)[제과_초코퐁당] 26.09_초코퐁당출시_ASC_전환_image_전체타겟,(마스터ASC)[제과_초코퐁당] 26.09_초코퐁당출시_ASC_전환_image_전체타겟,[26.09]F_I_PN초_전환_초코퐁당출시_제품강조형_KR1_.배너_이니2.스토리형.가성비대체제.__권미정_260904_제과_박서연,262,5,3727.0,0
2026-09-11,(마스터ASC)[제과_초코퐁당] 26.09_초코퐁당출시_ASC_전환_image_전체타겟,(마스터ASC)[제과_초코퐁당] 26.09_초코퐁당출시_ASC_전환_image_전체타겟,[26.09]F_I_PN초_전환_초코퐁당출시_제품강조형_KR1_.배너_이니3.스토리형.중독되면생기는일.__권미정_260904_제과_박서연,11,0,374.0,0
2026-09-11,(마스터ASC)[제과_초코퐁당] 26.09_초코퐁당출시_ASC_전환_image_전체타겟,(마스터ASC)[제과_초코퐁당] 26.09_초코퐁당출시_ASC_전환_image_전체타겟,[26.09]F_I_PN초_전환_초코퐁당출시_제품강조형_KR1_.배너_이니2.이건진짜로이스초콜릿맛ㅇㅈ.__권미정_260904_제과_박서연,10,0,411.0,0
2026-09-11,(마스터ASC)[제과_초코퐁당] 26.09_초코퐁당출시_ASC_전환_image_전체타겟,(마스터ASC)[제과_초코퐁당] 26.09_초코퐁당출시_ASC_전환_image_전체타겟,[26.09]F_I_PN초_전환_초코퐁당출시_제품강조형_KR1_.배너_이니2.로이스생초콜릿가성비버전.__권미정_260904_제과_박서연,125,2,2459.0,0
2026-09-11,(마스터ASC)[제과_초코퐁당] 26.09_초코퐁당출시_ASC_전환_image_전체타겟,(마스터ASC)[제과_초코퐁당] 26.09_초코퐁당출시_ASC_전환_image_전체타겟,[26.09]F_I_PN초_전환_초코퐁당출시_혜택강조형_KR2_.배너_긴급공지올립니다.__권미정_260904_제과_박서연,40,2,1352.0,1
2026-09-11,(마스터ASC)[제과_초코퐁당] 26.09_초코퐁당출시_ASC_전환_image_전체타겟,(마스터ASC)[제과_초코퐁당] 26.09_초코퐁당출시_ASC_전환_image_전체타겟,[26.09]F_I_PN초_전환_초코퐁당출시_혜택강조형_KR2_.배너_다시는없어요.__권미정_260904_제과_박서연,10,0,63.0,0
2026-09-11,(마스터ASC)[제과_초코퐁당] 26.09_초코퐁당출시_ASC_전환_image_전체타겟,(마스터ASC)[제과_초코퐁당] 26.09_초코퐁당출시_ASC_전환_image_전체타겟,[26.09]F_I_PN초_전환_초코퐁당출시_혜택강조형_KR2_.배너_사과문.제조공정변동가능성.__권미정_260904_제과_박서연,10370,182,180224.0,20
2026-09-11,(마스터ASC)[제과_초코퐁당] 26.09_초코퐁당출시_ASC_전환_image_전체타겟,(마스터ASC)[제과_초코퐁당] 26.09_초코퐁당출시_ASC_전환_image_전체타겟,[26.09]F_I_PN초_전환_초코퐁당출시_혜택강조형_KR2_.배너_생초콜릿씹는듯한.__권미정_260904_제과_박서연,9,0,69.0,0
2026-09-11,(마스터ASC)[제과_초코퐁당] 26.09_초코퐁당출시_ASC_전환_image_전체타겟,(마스터ASC)[제과_초코퐁당] 26.09_초코퐁당출시_ASC_전환_image_전체타겟,[26.09]F_I_PN초_전환_초코퐁당출시_혜택강조형_KR2_.배너_쌀때쟁이세요.__권미정_260904_제과_박서연,6,1,78.0,0
2026-09-11,(마스터ASC)[제과_초코퐁당] 26.09_초코퐁당출시_ASC_전환_image_전체타겟,(마스터ASC)[제과_초코퐁당] 26.09_초코퐁당출시_ASC_전환_image_전체타겟,[26.09]F_I_PN초_전환_초코퐁당출시_혜택강조형_KR2_.배너_외부유출절대금지.__권미정_260904_제과_박서연,2350,41,49076.0,4
2026-09-11,(마스터ASC)[제과_초코퐁당] 26.09_초코퐁당출시_ASC_전환_image_전체타겟,(마스터ASC)[제과_초코퐁당] 26.09_초코퐁당출시_ASC_전환_image_전체타겟,[26.09]F_I_PN초_전환_초코퐁당출시_혜택강조형_KR2_.배너_지금이젤싸요.__권미정_260904_제과_박서연,1313,14,16303.0,0
2026-09-11,(마스터ASC)[제과_초코퐁당] 26.09_초코퐁당출시_ASC_전환_image_전체타겟,(마스터ASC)[제과_초코퐁당] 26.09_초코퐁당출시_ASC_전환_image_전체타겟,[26.09]F_I_PN초_전환_초코퐁당출시_혜택강조형_KR2_.배너_하나만사도무조건추가할인.__권미정_260904_제과_박서연,22,0,141.0,0
2026-09-11,(마스터ASC)[제과_초코퐁당] 26.09_초코퐁당출시_ASC_전환_image_전체타겟,(마스터ASC)[제과_초코퐁당] 26.09_초코퐁당출시_ASC_전환_image_전체타겟,[26.09]F_I_PN초_전환_초코퐁당출시_제품강조형_KR1_.배너_이니1.메인.__권미정_260908_제과_마팀,21,0,954.0,0
2026-09-11,(마스터ASC)[제과_초코퐁당] 26.09_초코퐁당출시_ASC_전환_image_전체타겟,(마스터ASC)[제과_초코퐁당] 26.09_초코퐁당출시_ASC_전환_image_전체타겟,[26.09]F_I_PN초_전환_초코퐁당출시_제품강조형_KR1_.배너_이니2.로이스가성비.__권미정_260908_제과_마팀,832,14,23503.0,1
2026-09-11,(마스터ASC)[제과_초코퐁당] 26.09_초코퐁당출시_ASC_전환_image_전체타겟,(마스터ASC)[제과_초코퐁당] 26.09_초코퐁당출시_ASC_전환_image_전체타겟,[26.09]F_I_PN초_전환_초코퐁당출시_제품강조형_KR1_.배너_이니3.로이스레인지.__권미정_260908_제과_마팀,30,1,1412.0,0
2026-09-11,(마스터ASC)[제과_초코퐁당] 26.09_초코퐁당출시_ASC_전환_image_전체타겟,(마스터ASC)[제과_초코퐁당] 26.09_초코퐁당출시_ASC_전환_image_전체타겟,[26.09]F_I_PN초_전환_초코퐁당출시_제품강조형_KR1_.배너_이니4.레인지레시피.__권미정_260908_제과_마팀,183,8,8342.0,0
2026-09-11,(마스터ASC)[제과_초코퐁당] 26.09_초코퐁당출시_ASC_전환_image_전체타겟,(마스터ASC)[제과_초코퐁당] 26.09_초코퐁당출시_ASC_전환_image_전체타겟,[26.09]F_I_PN초_전환_초코퐁당출시_제품강조형_KR1_.배너_이니6.잇자국.__권미정_260908_제과_마팀,119,1,2756.0,0
2026-09-11,(마스터ASC)[제과_초코퐁당] 26.09_초코퐁당출시_ASC_전환_image_전체타겟,(마스터ASC)[제과_초코퐁당] 26.09_초코퐁당출시_ASC_전환_image_전체타겟,[26.09]F_I_PN초_전환_초코퐁당출시_제품강조형_KR1_.배너_이니5.반가른단면.__권미정_260908_제과_마팀,127,1,6259.0,0
2026-09-11,(마스터ASC)[제과_초코퐁당] 26.09_초코퐁당출시_ASC_전환_image_전체타겟,(마스터ASC)[제과_초코퐁당] 26.09_초코퐁당출시_ASC_전환_image_전체타겟,[26.09]F_I_PN초_전환_초코퐁당출시_매거진형_KR2_.배너_이니3.패키지묶음재벌비유.__권미정_260909_제과_마팀,736,11,17839.0,2
2026-09-12,(마스터ASC)[제과_초코퐁당] 26.09_초코퐁당출시_ASC_전환_image_전체타겟,(마스터ASC)[제과_초코퐁당] 26.09_초코퐁당출시_ASC_전환_image_전체타겟,[26.09]F_I_PN초_전환_초코퐁당출시_제품강조형_KR1_.배너_이니1.매거진형.속까지꽉찬생초코의.__권미정_260904_제과_박서연,13,0,100.0,0
2026-09-12,(마스터ASC)[제과_초코퐁당] 26.09_초코퐁당출시_ASC_전환_image_전체타겟,(마스터ASC)[제과_초코퐁당] 26.09_초코퐁당출시_ASC_전환_image_전체타겟,[26.09]F_I_PN초_전환_초코퐁당출시_제품강조형_KR1_.배너_이니1.매거진형.겉만초코vs속까지생초코.__권미정_260904_제과_박서연,25,0,314.0,0
2026-09-12,(마스터ASC)[제과_초코퐁당] 26.09_초코퐁당출시_ASC_전환_image_전체타겟,(마스터ASC)[제과_초코퐁당] 26.09_초코퐁당출시_ASC_전환_image_전체타겟,[26.09]F_I_PN초_전환_초코퐁당출시_제품강조형_KR1_.배너_이니2.매거진형.로이스생초콜릿한입에.__권미정_260904_제과_박서연,3905,65,70591.0,8
2026-09-12,(마스터ASC)[제과_초코퐁당] 26.09_초코퐁당출시_ASC_전환_image_전체타겟,(마스터ASC)[제과_초코퐁당] 26.09_초코퐁당출시_ASC_전환_image_전체타겟,[26.09]F_I_PN초_전환_초코퐁당출시_제품강조형_KR1_.배너_이니3.네이트판.초코란초코는다먹어본.__권미정_260904_제과_박서연,3,0,65.0,0
2026-09-12,(마스터ASC)[제과_초코퐁당] 26.09_초코퐁당출시_ASC_전환_image_전체타겟,(마스터ASC)[제과_초코퐁당] 26.09_초코퐁당출시_ASC_전환_image_전체타겟,[26.09]F_I_PN초_전환_초코퐁당출시_제품강조형_KR1_.배너_이니3.스토리형.자칭타칭초코처돌이.__권미정_260904_제과_박서연,356,4,5342.0,1
2026-09-12,(마스터ASC)[제과_초코퐁당] 26.09_초코퐁당출시_ASC_전환_image_전체타겟,(마스터ASC)[제과_초코퐁당] 26.09_초코퐁당출시_ASC_전환_image_전체타겟,[26.09]F_I_PN초_전환_초코퐁당출시_제품강조형_KR1_.배너_이니2.스토리형.가성비대체제.__권미정_260904_제과_박서연,61,2,1022.0,0
2026-09-12,(마스터ASC)[제과_초코퐁당] 26.09_초코퐁당출시_ASC_전환_image_전체타겟,(마스터ASC)[제과_초코퐁당] 26.09_초코퐁당출시_ASC_전환_image_전체타겟,[26.09]F_I_PN초_전환_초코퐁당출시_제품강조형_KR1_.배너_이니2.네이버카페형.일본갈때마다.__권미정_260904_제과_박서연,1,0,11.0,0
2026-09-12,(마스터ASC)[제과_초코퐁당] 26.09_초코퐁당출시_ASC_전환_image_전체타겟,(마스터ASC)[제과_초코퐁당] 26.09_초코퐁당출시_ASC_전환_image_전체타겟,[26.09]F_I_PN초_전환_초코퐁당출시_제품강조형_KR1_.배너_이니2.이건진짜로이스초콜릿맛ㅇㅈ.__권미정_260904_제과_박서연,21,0,411.0,0
2026-09-12,(마스터ASC)[제과_초코퐁당] 26.09_초코퐁당출시_ASC_전환_image_전체타겟,(마스터ASC)[제과_초코퐁당] 26.09_초코퐁당출시_ASC_전환_image_전체타겟,[26.09]F_I_PN초_전환_초코퐁당출시_제품강조형_KR1_.배너_이니2.로이스생초콜릿가성비버전.__권미정_260904_제과_박서연,15,0,139.0,0
2026-09-12,(마스터ASC)[제과_초코퐁당] 26.09_초코퐁당출시_ASC_전환_image_전체타겟,(마스터ASC)[제과_초코퐁당] 26.09_초코퐁당출시_ASC_전환_image_전체타겟,[26.09]F_I_PN초_전환_초코퐁당출시_혜택강조형_KR2_.배너_긴급공지올립니다.__권미정_260904_제과_박서연,128,6,4717.0,0
2026-09-12,(마스터ASC)[제과_초코퐁당] 26.09_초코퐁당출시_ASC_전환_image_전체타겟,(마스터ASC)[제과_초코퐁당] 26.09_초코퐁당출시_ASC_전환_image_전체타겟,[26.09]F_I_PN초_전환_초코퐁당출시_혜택강조형_KR2_.배너_다시는없어요.__권미정_260904_제과_박서연,2,0,5.0,0
2026-09-12,(마스터ASC)[제과_초코퐁당] 26.09_초코퐁당출시_ASC_전환_image_전체타겟,(마스터ASC)[제과_초코퐁당] 26.09_초코퐁당출시_ASC_전환_image_전체타겟,[26.09]F_I_PN초_전환_초코퐁당출시_혜택강조형_KR2_.배너_사과문.제조공정변동가능성.__권미정_260904_제과_박서연,1927,42,40503.0,2
2026-09-12,(마스터ASC)[제과_초코퐁당] 26.09_초코퐁당출시_ASC_전환_image_전체타겟,(마스터ASC)[제과_초코퐁당] 26.09_초코퐁당출시_ASC_전환_image_전체타겟,[26.09]F_I_PN초_전환_초코퐁당출시_혜택강조형_KR2_.배너_생초콜릿씹는듯한.__권미정_260904_제과_박서연,8,0,107.0,0
2026-09-12,(마스터ASC)[제과_초코퐁당] 26.09_초코퐁당출시_ASC_전환_image_전체타겟,(마스터ASC)[제과_초코퐁당] 26.09_초코퐁당출시_ASC_전환_image_전체타겟,[26.09]F_I_PN초_전환_초코퐁당출시_혜택강조형_KR2_.배너_쌀때쟁이세요.__권미정_260904_제과_박서연,24,0,325.0,0
2026-09-12,(마스터ASC)[제과_초코퐁당] 26.09_초코퐁당출시_ASC_전환_image_전체타겟,(마스터ASC)[제과_초코퐁당] 26.09_초코퐁당출시_ASC_전환_image_전체타겟,[26.09]F_I_PN초_전환_초코퐁당출시_혜택강조형_KR2_.배너_외부유출절대금지.__권미정_260904_제과_박서연,408,9,7926.0,0
2026-09-12,(마스터ASC)[제과_초코퐁당] 26.09_초코퐁당출시_ASC_전환_image_전체타겟,(마스터ASC)[제과_초코퐁당] 26.09_초코퐁당출시_ASC_전환_image_전체타겟,[26.09]F_I_PN초_전환_초코퐁당출시_혜택강조형_KR2_.배너_지금이젤싸요.__권미정_260904_제과_박서연,532,10,8029.0,1
2026-09-12,(마스터ASC)[제과_초코퐁당] 26.09_초코퐁당출시_ASC_전환_image_전체타겟,(마스터ASC)[제과_초코퐁당] 26.09_초코퐁당출시_ASC_전환_image_전체타겟,[26.09]F_I_PN초_전환_초코퐁당출시_혜택강조형_KR2_.배너_하나만사도무조건추가할인.__권미정_260904_제과_박서연,101,3,1638.0,0
2026-09-12,(마스터ASC)[제과_초코퐁당] 26.09_초코퐁당출시_ASC_전환_image_전체타겟,(마스터ASC)[제과_초코퐁당] 26.09_초코퐁당출시_ASC_전환_image_전체타겟,[26.09]F_I_PN초_전환_초코퐁당출시_혜택강조형_KR2_.배너_출시기념개당1천원대.__권미정_260904_제과_박서연,4,0,76.0,0
2026-09-12,(마스터ASC)[제과_초코퐁당] 26.09_초코퐁당출시_ASC_전환_image_전체타겟,(마스터ASC)[제과_초코퐁당] 26.09_초코퐁당출시_ASC_전환_image_전체타겟,[26.09]F_I_PN초_전환_초코퐁당출시_제품강조형_KR1_.배너_이니1.메인.__권미정_260908_제과_마팀,2,0,124.0,0
2026-09-12,(마스터ASC)[제과_초코퐁당] 26.09_초코퐁당출시_ASC_전환_image_전체타겟,(마스터ASC)[제과_초코퐁당] 26.09_초코퐁당출시_ASC_전환_image_전체타겟,[26.09]F_I_PN초_전환_초코퐁당출시_제품강조형_KR1_.배너_이니2.로이스가성비.__권미정_260908_제과_마팀,32,1,640.0,0
2026-09-12,(마스터ASC)[제과_초코퐁당] 26.09_초코퐁당출시_ASC_전환_image_전체타겟,(마스터ASC)[제과_초코퐁당] 26.09_초코퐁당출시_ASC_전환_image_전체타겟,[26.09]F_I_PN초_전환_초코퐁당출시_제품강조형_KR1_.배너_이니3.로이스레인지.__권미정_260908_제과_마팀,18,0,286.0,0
2026-09-12,(마스터ASC)[제과_초코퐁당] 26.09_초코퐁당출시_ASC_전환_image_전체타겟,(마스터ASC)[제과_초코퐁당] 26.09_초코퐁당출시_ASC_전환_image_전체타겟,[26.09]F_I_PN초_전환_초코퐁당출시_제품강조형_KR1_.배너_이니4.레인지레시피.__권미정_260908_제과_마팀,47,3,1514.0,0
2026-09-12,(마스터ASC)[제과_초코퐁당] 26.09_초코퐁당출시_ASC_전환_image_전체타겟,(마스터ASC)[제과_초코퐁당] 26.09_초코퐁당출시_ASC_전환_image_전체타겟,[26.09]F_I_PN초_전환_초코퐁당출시_제품강조형_KR1_.배너_이니6.잇자국.__권미정_260908_제과_마팀,44,0,1774.0,0
2026-09-12,(마스터ASC)[제과_초코퐁당] 26.09_초코퐁당출시_ASC_전환_image_전체타겟,(마스터ASC)[제과_초코퐁당] 26.09_초코퐁당출시_ASC_전환_image_전체타겟,[26.09]F_I_PN초_전환_초코퐁당출시_제품강조형_KR1_.배너_이니5.반가른단면.__권미정_260908_제과_마팀,21,1,791.0,0
2026-09-12,(마스터ASC)[제과_초코퐁당] 26.09_초코퐁당출시_ASC_전환_image_전체타겟,(마스터ASC)[제과_초코퐁당] 26.09_초코퐁당출시_ASC_전환_image_전체타겟,[26.09]F_I_PN초_전환_초코퐁당출시_매거진형_KR2_.배너_이니3.패키지묶음재벌비유.__권미정_260909_제과_마팀,492,14,11144.0,1
2026-09-13,(마스터ASC)[제과_초코퐁당] 26.09_초코퐁당출시_ASC_전환_image_전체타겟,(마스터ASC)[제과_초코퐁당] 26.09_초코퐁당출시_ASC_전환_image_전체타겟,[26.09]F_I_PN초_전환_초코퐁당출시_제품강조형_KR1_.배너_이니1.매거진형.속까지꽉찬생초코의.__권미정_260904_제과_박서연,2,0,36.0,0
2026-09-13,(마스터ASC)[제과_초코퐁당] 26.09_초코퐁당출시_ASC_전환_image_전체타겟,(마스터ASC)[제과_초코퐁당] 26.09_초코퐁당출시_ASC_전환_image_전체타겟,[26.09]F_I_PN초_전환_초코퐁당출시_제품강조형_KR1_.배너_이니1.매거진형.겉만초코vs속까지생초코.__권미정_260904_제과_박서연,11,0,126.0,0
2026-09-13,(마스터ASC)[제과_초코퐁당] 26.09_초코퐁당출시_ASC_전환_image_전체타겟,(마스터ASC)[제과_초코퐁당] 26.09_초코퐁당출시_ASC_전환_image_전체타겟,[26.09]F_I_PN초_전환_초코퐁당출시_제품강조형_KR1_.배너_이니2.매거진형.로이스생초콜릿한입에.__권미정_260904_제과_박서연,538,14,10007.0,1
2026-09-13,(마스터ASC)[제과_초코퐁당] 26.09_초코퐁당출시_ASC_전환_image_전체타겟,(마스터ASC)[제과_초코퐁당] 26.09_초코퐁당출시_ASC_전환_image_전체타겟,[26.09]F_I_PN초_전환_초코퐁당출시_제품강조형_KR1_.배너_이니3.네이트판.초코란초코는다먹어본.__권미정_260904_제과_박서연,6,0,184.0,0
2026-09-13,(마스터ASC)[제과_초코퐁당] 26.09_초코퐁당출시_ASC_전환_image_전체타겟,(마스터ASC)[제과_초코퐁당] 26.09_초코퐁당출시_ASC_전환_image_전체타겟,[26.09]F_I_PN초_전환_초코퐁당출시_제품강조형_KR1_.배너_이니3.스토리형.자칭타칭초코처돌이.__권미정_260904_제과_박서연,239,0,3004.0,0
2026-09-13,(마스터ASC)[제과_초코퐁당] 26.09_초코퐁당출시_ASC_전환_image_전체타겟,(마스터ASC)[제과_초코퐁당] 26.09_초코퐁당출시_ASC_전환_image_전체타겟,[26.09]F_I_PN초_전환_초코퐁당출시_제품강조형_KR1_.배너_이니1.비교프레임.생초콜릿씹듯묵직한.__권미정_260904_제과_박서연,1,0,3.0,0
2026-09-13,(마스터ASC)[제과_초코퐁당] 26.09_초코퐁당출시_ASC_전환_image_전체타겟,(마스터ASC)[제과_초코퐁당] 26.09_초코퐁당출시_ASC_전환_image_전체타겟,[26.09]F_I_PN초_전환_초코퐁당출시_제품강조형_KR1_.배너_이니2.스토리형.가성비대체제.__권미정_260904_제과_박서연,18,0,91.0,0
2026-09-13,(마스터ASC)[제과_초코퐁당] 26.09_초코퐁당출시_ASC_전환_image_전체타겟,(마스터ASC)[제과_초코퐁당] 26.09_초코퐁당출시_ASC_전환_image_전체타겟,[26.09]F_I_PN초_전환_초코퐁당출시_제품강조형_KR1_.배너_이니2.네이버카페형.일본갈때마다.__권미정_260904_제과_박서연,3,0,11.0,0
2026-09-13,(마스터ASC)[제과_초코퐁당] 26.09_초코퐁당출시_ASC_전환_image_전체타겟,(마스터ASC)[제과_초코퐁당] 26.09_초코퐁당출시_ASC_전환_image_전체타겟,[26.09]F_I_PN초_전환_초코퐁당출시_제품강조형_KR1_.배너_이니2.로이스생초콜릿가성비버전.__권미정_260904_제과_박서연,17,0,244.0,0
2026-09-13,(마스터ASC)[제과_초코퐁당] 26.09_초코퐁당출시_ASC_전환_image_전체타겟,(마스터ASC)[제과_초코퐁당] 26.09_초코퐁당출시_ASC_전환_image_전체타겟,[26.09]F_I_PN초_전환_초코퐁당출시_혜택강조형_KR2_.배너_긴급공지올립니다.__권미정_260904_제과_박서연,24,0,571.0,1
2026-09-13,(마스터ASC)[제과_초코퐁당] 26.09_초코퐁당출시_ASC_전환_image_전체타겟,(마스터ASC)[제과_초코퐁당] 26.09_초코퐁당출시_ASC_전환_image_전체타겟,[26.09]F_I_PN초_전환_초코퐁당출시_혜택강조형_KR2_.배너_사과문.제조공정변동가능성.__권미정_260904_제과_박서연,5109,102,81603.0,3
2026-09-13,(마스터ASC)[제과_초코퐁당] 26.09_초코퐁당출시_ASC_전환_image_전체타겟,(마스터ASC)[제과_초코퐁당] 26.09_초코퐁당출시_ASC_전환_image_전체타겟,[26.09]F_I_PN초_전환_초코퐁당출시_혜택강조형_KR2_.배너_생초콜릿씹는듯한.__권미정_260904_제과_박서연,16,0,85.0,0
2026-09-13,(마스터ASC)[제과_초코퐁당] 26.09_초코퐁당출시_ASC_전환_image_전체타겟,(마스터ASC)[제과_초코퐁당] 26.09_초코퐁당출시_ASC_전환_image_전체타겟,[26.09]F_I_PN초_전환_초코퐁당출시_혜택강조형_KR2_.배너_외부유출절대금지.__권미정_260904_제과_박서연,706,8,12182.0,0
2026-09-13,(마스터ASC)[제과_초코퐁당] 26.09_초코퐁당출시_ASC_전환_image_전체타겟,(마스터ASC)[제과_초코퐁당] 26.09_초코퐁당출시_ASC_전환_image_전체타겟,[26.09]F_I_PN초_전환_초코퐁당출시_혜택강조형_KR2_.배너_지금이젤싸요.__권미정_260904_제과_박서연,731,10,8876.0,1
2026-09-13,(마스터ASC)[제과_초코퐁당] 26.09_초코퐁당출시_ASC_전환_image_전체타겟,(마스터ASC)[제과_초코퐁당] 26.09_초코퐁당출시_ASC_전환_image_전체타겟,[26.09]F_I_PN초_전환_초코퐁당출시_혜택강조형_KR2_.배너_하나만사도무조건추가할인.__권미정_260904_제과_박서연,6,0,27.0,0
2026-09-13,(마스터ASC)[제과_초코퐁당] 26.09_초코퐁당출시_ASC_전환_image_전체타겟,(마스터ASC)[제과_초코퐁당] 26.09_초코퐁당출시_ASC_전환_image_전체타겟,[26.09]F_I_PN초_전환_초코퐁당출시_혜택강조형_KR2_.배너_출시기념개당1천원대.__권미정_260904_제과_박서연,1,0,33.0,0
2026-09-13,(마스터ASC)[제과_초코퐁당] 26.09_초코퐁당출시_ASC_전환_image_전체타겟,(마스터ASC)[제과_초코퐁당] 26.09_초코퐁당출시_ASC_전환_image_전체타겟,[26.09]F_I_PN초_전환_초코퐁당출시_제품강조형_KR1_.배너_이니1.메인.__권미정_260908_제과_마팀,12,1,1000.0,1
2026-09-13,(마스터ASC)[제과_초코퐁당] 26.09_초코퐁당출시_ASC_전환_image_전체타겟,(마스터ASC)[제과_초코퐁당] 26.09_초코퐁당출시_ASC_전환_image_전체타겟,[26.09]F_I_PN초_전환_초코퐁당출시_제품강조형_KR1_.배너_이니2.로이스가성비.__권미정_260908_제과_마팀,143,5,3082.0,1
2026-09-13,(마스터ASC)[제과_초코퐁당] 26.09_초코퐁당출시_ASC_전환_image_전체타겟,(마스터ASC)[제과_초코퐁당] 26.09_초코퐁당출시_ASC_전환_image_전체타겟,[26.09]F_I_PN초_전환_초코퐁당출시_제품강조형_KR1_.배너_이니3.로이스레인지.__권미정_260908_제과_마팀,1,0,0.0,0
2026-09-13,(마스터ASC)[제과_초코퐁당] 26.09_초코퐁당출시_ASC_전환_image_전체타겟,(마스터ASC)[제과_초코퐁당] 26.09_초코퐁당출시_ASC_전환_image_전체타겟,[26.09]F_I_PN초_전환_초코퐁당출시_제품강조형_KR1_.배너_이니4.레인지레시피.__권미정_260908_제과_마팀,24,0,531.0,0
2026-09-13,(마스터ASC)[제과_초코퐁당] 26.09_초코퐁당출시_ASC_전환_image_전체타겟,(마스터ASC)[제과_초코퐁당] 26.09_초코퐁당출시_ASC_전환_image_전체타겟,[26.09]F_I_PN초_전환_초코퐁당출시_제품강조형_KR1_.배너_이니6.잇자국.__권미정_260908_제과_마팀,14,0,283.0,0
2026-09-13,(마스터ASC)[제과_초코퐁당] 26.09_초코퐁당출시_ASC_전환_image_전체타겟,(마스터ASC)[제과_초코퐁당] 26.09_초코퐁당출시_ASC_전환_image_전체타겟,[26.09]F_I_PN초_전환_초코퐁당출시_제품강조형_KR1_.배너_이니5.반가른단면.__권미정_260908_제과_마팀,13,0,348.0,0
2026-09-13,(마스터ASC)[제과_초코퐁당] 26.09_초코퐁당출시_ASC_전환_image_전체타겟,(마스터ASC)[제과_초코퐁당] 26.09_초코퐁당출시_ASC_전환_image_전체타겟,[26.09]F_I_PN초_전환_초코퐁당출시_매거진형_KR2_.배너_이니3.패키지묶음재벌비유.__권미정_260909_제과_마팀,3400,83,56095.0,7
2026-09-11,(마스터ASC)[제과_블트하] 26.07_블트깡출시_ASC_전환_video,(마스터ASC)[제과_블트하] 26.07_블트깡출시_ASC_전환_video,[26.09]F_V_BT칩_전환_블트깡출시_기타_배너.메시지검증_var4.배너_범용성.1안.X_2P__260901_제과_최재원,2,0,22.0,0
2026-09-11,[칩] (마스터ASC)[제과_블트하] 26.07_블트칩출시_ASC_전환_video,[칩] (마스터ASC)[제과_블트하] 26.07_블트칩출시_ASC_전환_video,[26.09]F_V_BT칩_전환_블트칩출시_네고형_현장네고형.나폴리맛피아.KR2_var4.릴스_찐템1.X_1P__260903_제과_문형민,1460,35,47084.0,1
2026-09-11,(마스터ASC)[제과_초코퐁당] 26.09_초코퐁당출시_ASC_전환_image_전체타겟,(마스터ASC)[제과_초코퐁당] 26.09_초코퐁당출시_ASC_전환_image_전체타겟,[26.09]F_I_PN초_전환_초코퐁당출시_매거진형_KR2_.배너_이니5.규모감맛표현.__권미정_260909_제과_마팀,855,10,14244.0,0
2026-09-11,(마스터ASC)[제과_초코퐁당] 26.09_초코퐁당출시_ASC_전환_image_전체타겟,(마스터ASC)[제과_초코퐁당] 26.09_초코퐁당출시_ASC_전환_image_전체타겟,[26.09]F_I_PN초_전환_초코퐁당출시_매거진형_KR2_.배너_이니6.단면강조맛표현.__권미정_260909_제과_마팀,786,6,14651.0,0
2026-09-11,(마스터ASC)[제과_초코퐁당] 26.09_초코퐁당출시_ASC_전환_image_전체타겟,(마스터ASC)[제과_초코퐁당] 26.09_초코퐁당출시_ASC_전환_image_전체타겟,[26.09]F_I_PN초_전환_초코퐁당출시_매거진형_KR2_.배너_이니1.기존만수르베리.__권미정_260909_제과_마팀,1850,19,31857.0,2
2026-09-11,(마스터ASC)[제과_초코퐁당] 26.09_초코퐁당출시_ASC_전환_image_전체타겟,(마스터ASC)[제과_초코퐁당] 26.09_초코퐁당출시_ASC_전환_image_전체타겟,[26.09]F_I_PN초_전환_초코퐁당출시_매거진형_KR2_.배너_이니7.야외면세점로이스.__권미정_260909_제과_마팀,290,4,6445.0,0
2026-09-11,(마스터ASC)[제과_초코퐁당] 26.09_초코퐁당출시_ASC_전환_image_전체타겟,(마스터ASC)[제과_초코퐁당] 26.09_초코퐁당출시_ASC_전환_image_전체타겟,[26.09]F_I_PN초_전환_초코퐁당출시_매거진형_KR2_.배너_이니4.잇자국로이스자극.__권미정_260909_제과_마팀,553,6,12083.0,1
2026-09-11,(마스터ASC)[제과_초코퐁당] 26.09_초코퐁당출시_ASC_전환_image_전체타겟,(마스터ASC)[제과_초코퐁당] 26.09_초코퐁당출시_ASC_전환_image_전체타겟,[26.09]F_I_PN초_전환_초코퐁당출시_매거진형_KR2_.배너_이니2.야외생초코연상.__권미정_260909_제과_마팀,1534,22,37270.0,1
2026-09-12,(마스터ASC)[제과_초코퐁당] 26.09_초코퐁당출시_ASC_전환_image_전체타겟,(마스터ASC)[제과_초코퐁당] 26.09_초코퐁당출시_ASC_전환_image_전체타겟,[26.09]F_I_PN초_전환_초코퐁당출시_매거진형_KR2_.배너_이니5.규모감맛표현.__권미정_260909_제과_마팀,119,0,2402.0,0
2026-09-12,(마스터ASC)[제과_초코퐁당] 26.09_초코퐁당출시_ASC_전환_image_전체타겟,(마스터ASC)[제과_초코퐁당] 26.09_초코퐁당출시_ASC_전환_image_전체타겟,[26.09]F_I_PN초_전환_초코퐁당출시_매거진형_KR2_.배너_이니6.단면강조맛표현.__권미정_260909_제과_마팀,69,0,889.0,0
2026-09-12,(마스터ASC)[제과_초코퐁당] 26.09_초코퐁당출시_ASC_전환_image_전체타겟,(마스터ASC)[제과_초코퐁당] 26.09_초코퐁당출시_ASC_전환_image_전체타겟,[26.09]F_I_PN초_전환_초코퐁당출시_매거진형_KR2_.배너_이니1.기존만수르베리.__권미정_260909_제과_마팀,1645,28,24420.0,0
2026-09-12,(마스터ASC)[제과_초코퐁당] 26.09_초코퐁당출시_ASC_전환_image_전체타겟,(마스터ASC)[제과_초코퐁당] 26.09_초코퐁당출시_ASC_전환_image_전체타겟,[26.09]F_I_PN초_전환_초코퐁당출시_매거진형_KR2_.배너_이니7.야외면세점로이스.__권미정_260909_제과_마팀,68,1,1566.0,0
2026-09-12,(마스터ASC)[제과_초코퐁당] 26.09_초코퐁당출시_ASC_전환_image_전체타겟,(마스터ASC)[제과_초코퐁당] 26.09_초코퐁당출시_ASC_전환_image_전체타겟,[26.09]F_I_PN초_전환_초코퐁당출시_매거진형_KR2_.배너_이니4.잇자국로이스자극.__권미정_260909_제과_마팀,160,5,3280.0,1
2026-09-12,(마스터ASC)[제과_초코퐁당] 26.09_초코퐁당출시_ASC_전환_image_전체타겟,(마스터ASC)[제과_초코퐁당] 26.09_초코퐁당출시_ASC_전환_image_전체타겟,[26.09]F_I_PN초_전환_초코퐁당출시_매거진형_KR2_.배너_이니2.야외생초코연상.__권미정_260909_제과_마팀,509,6,9378.0,0
2026-09-12,(고효율 재러닝)[제과_블트하] 26.08_블트깡출시_ASC_전환_image/video_8M1W,(고효율 재러닝)[제과_블트하] 26.08_블트스틱출시_ASC_전환_image/video_9M1W,[26.09]F_I_BT틱_전환_블트스틱출시_매거진형_맛피아.KR2_.배너_페인포인트.감자맛.진짜감자과자.__김소희_260907_제과_김수정,78,1,800.0,0
2026-09-12,(고효율 재러닝)[제과_블트하] 26.08_블트깡출시_ASC_전환_image/video_8M1W,(고효율 재러닝)[제과_블트하] 26.08_블트스틱출시_ASC_전환_image/video_9M1W,[26.09]F_V_BT틱_전환_블트스틱출시_네고형_네고형.맛피아.KR1_var5.릴스_TOM2.맛피아X.X_1P__260907_제과_문형민,797,13,14375.0,0
2026-09-12,(고효율 재러닝)[제과_블트하] 26.08_블트깡출시_ASC_전환_image/video_8M1W,(고효율 재러닝)[제과_블트하] 26.08_블트스틱출시_ASC_전환_image/video_9M1W,[26.09]F_I_BT틱_전환_블트스틱출시_혜택강조형_맛피아.KR2_.배너_이니1.맛소구.사과문.__김소희_260908_제과_박서연,87,1,830.0,1
2026-09-12,(고효율 재러닝)[제과_블트하] 26.08_블트깡출시_ASC_전환_image/video_8M1W,(고효율 재러닝)[제과_블트하] 26.08_블트스틱출시_ASC_전환_image/video_9M1W,[26.09]F_I_BT틱_전환_블트스틱출시_매거진형_KR1_.배너_트러플감자튀김.트러플향2배찐한.__김소희_260907_제과_김수정,121,0,785.0,0
2026-09-12,(고효율 재러닝)[제과_블트하] 26.08_블트깡출시_ASC_전환_image/video_8M1W,(고효율 재러닝)[제과_블트하] 26.08_블트스틱출시_ASC_전환_image/video_9M1W,[26.09]F_I_BT틱_전환_블트스틱출시_매거진형_KR1_.배너_트러플감자튀김.와인바싱크로율.__김소희_260907_제과_김수정,71,1,988.0,0
2026-09-12,(고효율 재러닝)[제과_블트하] 26.08_블트깡출시_ASC_전환_image/video_8M1W,(고효율 재러닝)[제과_블트하] 26.08_블트스틱출시_ASC_전환_image/video_9M1W,[26.09]F_I_BT틱_전환_블트스틱출시_매거진형_KR1_.배너_감자튀김.끝까지짭짤바삭.__김소희_260907_제과_김수정,15,0,93.0,0
2026-09-12,(고효율 재러닝)[제과_블트하] 26.08_블트깡출시_ASC_전환_image/video_8M1W,(고효율 재러닝)[제과_블트하] 26.08_블트스틱출시_ASC_전환_image/video_9M1W,[26.09]F_I_BT틱_전환_블트스틱출시_혜택강조형_맛피아.KR1_.배너_이니3.대세감.한정수량품절임박.__김소희_260908_제과_박서연,72,0,840.0,0
2026-09-13,(마스터ASC)[제과_블트하] 26.07_블트깡출시_ASC_전환_video,(마스터ASC)[제과_블트하] 26.07_블트깡출시_ASC_전환_video,[26.09]F_V_BT칩_전환_블트깡출시_기타_배너.메시지검증_var4.배너_범용성.1안.X_2P__260901_제과_최재원,1,0,19.0,0
2026-09-13,(마스터ASC)[제과_초코퐁당] 26.09_초코퐁당출시_ASC_전환_image_전체타겟,(마스터ASC)[제과_초코퐁당] 26.09_초코퐁당출시_ASC_전환_image_전체타겟,[26.09]F_I_PN초_전환_초코퐁당출시_매거진형_KR2_.배너_이니5.규모감맛표현.__권미정_260909_제과_마팀,1065,19,12871.0,0
2026-09-13,(마스터ASC)[제과_초코퐁당] 26.09_초코퐁당출시_ASC_전환_image_전체타겟,(마스터ASC)[제과_초코퐁당] 26.09_초코퐁당출시_ASC_전환_image_전체타겟,[26.09]F_I_PN초_전환_초코퐁당출시_매거진형_KR2_.배너_이니6.단면강조맛표현.__권미정_260909_제과_마팀,205,2,2491.0,0
2026-09-13,(마스터ASC)[제과_초코퐁당] 26.09_초코퐁당출시_ASC_전환_image_전체타겟,(마스터ASC)[제과_초코퐁당] 26.09_초코퐁당출시_ASC_전환_image_전체타겟,[26.09]F_I_PN초_전환_초코퐁당출시_매거진형_KR2_.배너_이니1.기존만수르베리.__권미정_260909_제과_마팀,638,10,10035.0,0
2026-09-13,(마스터ASC)[제과_초코퐁당] 26.09_초코퐁당출시_ASC_전환_image_전체타겟,(마스터ASC)[제과_초코퐁당] 26.09_초코퐁당출시_ASC_전환_image_전체타겟,[26.09]F_I_PN초_전환_초코퐁당출시_매거진형_KR2_.배너_이니7.야외면세점로이스.__권미정_260909_제과_마팀,165,3,3145.0,1
2026-09-13,(마스터ASC)[제과_초코퐁당] 26.09_초코퐁당출시_ASC_전환_image_전체타겟,(마스터ASC)[제과_초코퐁당] 26.09_초코퐁당출시_ASC_전환_image_전체타겟,[26.09]F_I_PN초_전환_초코퐁당출시_매거진형_KR2_.배너_이니4.잇자국로이스자극.__권미정_260909_제과_마팀,231,1,3639.0,0
2026-09-13,(마스터ASC)[제과_초코퐁당] 26.09_초코퐁당출시_ASC_전환_image_전체타겟,(마스터ASC)[제과_초코퐁당] 26.09_초코퐁당출시_ASC_전환_image_전체타겟,[26.09]F_I_PN초_전환_초코퐁당출시_매거진형_KR2_.배너_이니2.야외생초코연상.__권미정_260909_제과_마팀,1680,36,25300.0,4
2026-09-11,(마스터ASC)[제과_치즈팝콘] 26.08_치즈팝콘출시_ASC_전환_image_전체타겟,(마스터ASC)[제과_치즈팝콘] 26.08_치즈팝콘출시_ASC_전환_image_전체타겟,[26.07]F_I_PC치_전환_치즈팝콘출시_혜택강조형_KR1_.피드_이니1.소비상황.sns형.__권미정_260805_제과_박서연,280,1,2028.0,0
2026-09-11,(마스터ASC)[제과_블트하] 26.07_블트깡출시_ASC_전환_video,(마스터ASC)[제과_블트하] 26.07_블트깡출시_ASC_전환_video,[26.08]F_V_BT깡_전환_블트깡출시_라이브커머스형_라이브커머스형.KR1_var3.릴스_찐템강조.댓글.슬기.X_1P_김소희_260811_제과_피재은,1,0,8.0,0
2026-09-11,(마스터ASC)[제과_치즈팝콘] 26.08_치즈팝콘출시_ASC_전환_image_전체타겟,(마스터ASC)[제과_치즈팝콘] 26.08_치즈팝콘출시_ASC_전환_image_전체타겟,[26.08]F_I_PC치_전환_치즈팝콘재입고_혜택강조형_KR1.재입고이슈_.배너_끝없이손이가는치즈갈릭.__권미정_260824_제과_박서연,1,0,5.0,0
2026-09-12,(마스터ASC)[제과_치즈팝콘] 26.08_치즈팝콘출시_ASC_전환_image_전체타겟,(마스터ASC)[제과_치즈팝콘] 26.08_치즈팝콘출시_ASC_전환_image_전체타겟,[26.07]F_I_PC치_전환_치즈팝콘출시_혜택강조형_KR1_.피드_이니1.소비상황.sns형.__권미정_260805_제과_박서연,57,1,423.0,0
2026-09-12,(마스터ASC)[제과_치즈팝콘] 26.08_치즈팝콘출시_ASC_전환_image_전체타겟,(마스터ASC)[제과_치즈팝콘] 26.08_치즈팝콘출시_ASC_전환_image_전체타겟,[26.08]F_I_PC치_전환_치즈팝콘재입고_혜택강조형_KR1.재입고이슈_.배너_끝없이손이가는치즈갈릭.__권미정_260824_제과_박서연,8,0,54.0,0
2026-09-12,(마스터ASC)[제과_치즈팝콘] 26.08_치즈팝콘출시_ASC_전환_image_전체타겟,(마스터ASC)[제과_치즈팝콘] 26.08_치즈팝콘출시_ASC_전환_image_전체타겟,[26.08]F_I_PC치_전환_치즈팝콘재입고_혜택강조형_KR2.물림페포_.배너_급구.맨날손이가는인간사료.__권미정_260824_제과_박서연,5,1,125.0,0
2026-09-13,(마스터ASC)[제과_치즈팝콘] 26.08_치즈팝콘출시_ASC_전환_image_전체타겟,(마스터ASC)[제과_치즈팝콘] 26.08_치즈팝콘출시_ASC_전환_image_전체타겟,[26.07]F_I_PC치_전환_치즈팝콘출시_혜택강조형_KR1_.피드_이니1.소비상황.sns형.__권미정_260805_제과_박서연,3,0,24.0,0
2026-09-11,(마스터ASC)[제과_치즈팝콘] 26.08_치즈팝콘출시_ASC_전환_image_전체타겟,(마스터ASC)[제과_치즈팝콘] 26.08_치즈팝콘출시_ASC_전환_image_전체타겟,[26.07]F_I_PC치_전환_치즈팝콘출시_혜택강조형_KR1_.피드_이니1.소비상황.댓글형.__권미정_260805_제과_박서연,292,1,2296.0,0
2026-09-12,(마스터ASC)[제과_치즈팝콘] 26.08_치즈팝콘출시_ASC_전환_image_전체타겟,(마스터ASC)[제과_치즈팝콘] 26.08_치즈팝콘출시_ASC_전환_image_전체타겟,[26.07]F_I_PC치_전환_치즈팝콘출시_혜택강조형_KR1_.피드_이니1.소비상황.댓글형.__권미정_260805_제과_박서연,300,1,2328.0,0
2026-09-13,(마스터ASC)[제과_치즈팝콘] 26.08_치즈팝콘출시_ASC_전환_image_전체타겟,(마스터ASC)[제과_치즈팝콘] 26.08_치즈팝콘출시_ASC_전환_image_전체타겟,[26.07]F_I_PC치_전환_치즈팝콘출시_혜택강조형_KR1_.피드_이니1.소비상황.댓글형.__권미정_260805_제과_박서연,182,4,1614.0,0
2026-09-11,[제과_블트하] 26.07_블트깡출시_수동_전환_image_전체타겟,(스틱) 0903_감자TOM_블트칩출시  (KR1),[26.09]F_I_BT틱_전환_블트스틱출시_매거진형_맛피아.KR1_.배너_양념감자.눈감고먹으면.__김소희_260907_제과_김수정,1,0,3.0,0
2026-09-11,[제과_블트하] 26.07_블트깡출시_수동_전환_image_전체타겟,(스틱) 0903_감자TOM_블트칩출시  (KR1),[26.09]F_I_BT틱_전환_블트스틱출시_매거진형_KR1_.배너_트러플감자튀김.트러플향2배찐한.__김소희_260907_제과_김수정,40870,364,312445.0,19
2026-09-11,[제과_블트하] 26.07_블트깡출시_수동_전환_image_전체타겟,(스틱) 0903_감자TOM_블트칩출시  (KR1),[26.09]F_I_BT틱_전환_블트스틱출시_매거진형_KR1_.배너_트러플감자튀김.와인바싱크로율.__김소희_260907_제과_김수정,6549,63,57997.0,6
2026-09-11,[제과_블트하] 26.07_블트깡출시_수동_전환_image_전체타겟,(스틱) 0903_감자TOM_블트칩출시  (KR1),[26.09]F_I_BT틱_전환_블트스틱출시_매거진형_KR1_.배너_트러플감자튀김.트러플감자튀김보다찐한맛.__김소희_260907_제과_김수정,44,0,556.0,0
2026-09-11,[제과_블트하] 26.07_블트깡출시_수동_전환_image_전체타겟,(스틱) 0903_감자TOM_블트칩출시  (KR1),[26.09]F_I_BT틱_전환_블트스틱출시_제품강조형_맛피아.KR1_.배너_감자튀김.갓튀긴감자튀김급고소함.__김소희_260907_제과_김수정,1,0,1.0,0
2026-09-11,[제과_블트하] 26.07_블트깡출시_수동_전환_image_전체타겟,(스틱) 0903_감자TOM_블트칩출시  (KR1),[26.09]F_I_BT틱_전환_블트스틱출시_매거진형_KR1_.배너_감자튀김.맥주안주로딱.__김소희_260907_제과_김수정,4645,43,36938.0,4
2026-09-11,[제과_블트하] 26.07_블트깡출시_수동_전환_image_전체타겟,(스틱) 0903_감자TOM_블트칩출시  (KR1),[26.09]F_I_BT틱_전환_블트스틱출시_매거진형_KR1_.배너_양념감자.시즈닝많은부분만매거진.__김소희_260907_제과_김수정,11,0,68.0,0
2026-09-11,[제과_블트하] 26.07_블트깡출시_수동_전환_image_전체타겟,(스틱) 0903_감자조화_블트칩출시  (KR2),[26.09]F_I_BT틱_전환_블트스틱출시_매거진형_KR2_.배너_페인포인트.흔한시즈닝.유일트러플하몽.__김소희_260907_제과_김수정,4,0,55.0,0
2026-09-11,[제과_블트하] 26.07_블트깡출시_수동_전환_image_전체타겟,(스틱) 0903_감자조화_블트칩출시  (KR2),[26.09]F_I_BT틱_전환_블트스틱출시_매거진형_맛피아.KR2_.배너_페인포인트.감자맛.진짜감자과자.__김소희_260907_제과_김수정,10146,82,114092.0,6
2026-09-11,[제과_블트하] 26.07_블트깡출시_수동_전환_image_전체타겟,(스틱) 0908_맛피아콜라보_블트스틱출시  (신규),[26.09]F_I_BT틱_전환_블트스틱출시_혜택강조형_맛피아.KR1_.배너_이니3.대세감.서버복구.__김소희_260908_제과_박서연,170,1,3009.0,1
2026-09-11,[제과_블트하] 26.07_블트깡출시_수동_전환_image_전체타겟,(스틱) 0908_맛피아콜라보_블트스틱출시  (신규),[26.09]F_I_BT틱_전환_블트스틱출시_혜택강조형_맛피아.KR1_.배너_이니3.대세감.한정수량품절임박.__김소희_260908_제과_박서연,7110,96,79278.0,4
2026-09-11,[제과_블트하] 26.07_블트깡출시_수동_전환_image_전체타겟,(스틱) 0908_맛피아콜라보_블트스틱출시  (신규),[26.09]F_I_BT틱_전환_블트스틱출시_혜택강조형_맛피아.KR2_.배너_이니1.맛소구.이정도감튀면미슐랭.__김소희_260908_제과_박서연,5,0,43.0,0
2026-09-12,[제과_블트하] 26.07_블트깡출시_수동_전환_image_전체타겟,(스틱) 0903_감자TOM_블트칩출시  (KR1),[26.09]F_I_BT틱_전환_블트스틱출시_매거진형_KR1_.배너_트러플감자튀김.트러플향2배찐한.__김소희_260907_제과_김수정,42677,419,369292.0,23
2026-09-12,[제과_블트하] 26.07_블트깡출시_수동_전환_image_전체타겟,(스틱) 0903_감자TOM_블트칩출시  (KR1),[26.09]F_I_BT틱_전환_블트스틱출시_매거진형_KR1_.배너_트러플감자튀김.와인바싱크로율.__김소희_260907_제과_김수정,680,6,7009.0,2
2026-09-12,[제과_블트하] 26.07_블트깡출시_수동_전환_image_전체타겟,(스틱) 0903_감자TOM_블트칩출시  (KR1),[26.09]F_I_BT틱_전환_블트스틱출시_매거진형_KR1_.배너_트러플감자튀김.트러플감자튀김보다찐한맛.__김소희_260907_제과_김수정,34,0,319.0,0
2026-09-12,[제과_블트하] 26.07_블트깡출시_수동_전환_image_전체타겟,(스틱) 0903_감자TOM_블트칩출시  (KR1),[26.09]F_I_BT틱_전환_블트스틱출시_제품강조형_맛피아.KR1_.배너_감자튀김.갓튀긴감자튀김급고소함.__김소희_260907_제과_김수정,38,1,662.0,0
2026-09-12,[제과_블트하] 26.07_블트깡출시_수동_전환_image_전체타겟,(스틱) 0903_감자TOM_블트칩출시  (KR1),[26.09]F_I_BT틱_전환_블트스틱출시_매거진형_KR1_.배너_양념감자.시즈닝많은부분만매거진.__김소희_260907_제과_김수정,8,0,89.0,0
2026-09-12,[제과_블트하] 26.07_블트깡출시_수동_전환_image_전체타겟,(스틱) 0903_감자조화_블트칩출시  (KR2),[26.09]F_I_BT틱_전환_블트스틱출시_매거진형_맛피아.KR2_.배너_일반감자과자비교.더고급풍부한풍미.__김소희_260907_제과_김수정,3,0,27.0,0
2026-09-12,[제과_블트하] 26.07_블트깡출시_수동_전환_image_전체타겟,(스틱) 0903_감자조화_블트칩출시  (KR2),[26.09]F_I_BT틱_전환_블트스틱출시_매거진형_맛피아.KR2_.배너_페인포인트.감자맛.진짜감자과자.__김소희_260907_제과_김수정,6177,44,71665.0,4
2026-09-12,[제과_블트하] 26.07_블트깡출시_수동_전환_image_전체타겟,(스틱) 0908_맛피아콜라보_블트스틱출시  (신규),[26.09]F_I_BT틱_전환_블트스틱출시_혜택강조형_맛피아.KR1_.배너_이니3.대세감.서버복구.__김소희_260908_제과_박서연,1,0,14.0,0
2026-09-12,[제과_블트하] 26.07_블트깡출시_수동_전환_image_전체타겟,(스틱) 0908_맛피아콜라보_블트스틱출시  (신규),[26.09]F_I_BT틱_전환_블트스틱출시_혜택강조형_맛피아.KR1_.배너_이니3.대세감.한정수량품절임박.__김소희_260908_제과_박서연,1606,22,21641.0,0
2026-09-13,[제과_블트하] 26.07_블트깡출시_수동_전환_image_전체타겟,(스틱) 0903_감자TOM_블트칩출시  (KR1),[26.09]F_I_BT틱_전환_블트스틱출시_매거진형_KR1_.배너_트러플감자튀김.트러플향2배찐한.__김소희_260907_제과_김수정,9873,85,76000.0,2
2026-09-13,[제과_블트하] 26.07_블트깡출시_수동_전환_image_전체타겟,(스틱) 0903_감자TOM_블트칩출시  (KR1),[26.09]F_I_BT틱_전환_블트스틱출시_매거진형_KR1_.배너_트러플감자튀김.와인바싱크로율.__김소희_260907_제과_김수정,359,6,3144.0,0
2026-09-13,[제과_블트하] 26.07_블트깡출시_수동_전환_image_전체타겟,(스틱) 0903_감자조화_블트칩출시  (KR2),[26.09]F_I_BT틱_전환_블트스틱출시_매거진형_맛피아.KR2_.배너_페인포인트.감자맛.진짜감자과자.__김소희_260907_제과_김수정,6286,48,63779.0,1
2026-09-13,[제과_블트하] 26.07_블트깡출시_수동_전환_image_전체타겟,(스틱) 0908_맛피아콜라보_블트스틱출시  (신규),[26.09]F_I_BT틱_전환_블트스틱출시_혜택강조형_맛피아.KR2_.배너_이니1.맛소구.사과문.__김소희_260908_제과_박서연,14,0,180.0,0
2026-09-13,[제과_블트하] 26.07_블트깡출시_수동_전환_image_전체타겟,(스틱) 0908_맛피아콜라보_블트스틱출시  (신규),[26.09]F_I_BT틱_전환_블트스틱출시_혜택강조형_맛피아.KR1_.배너_이니3.대세감.너만안먹어봄.__김소희_260908_제과_박서연,12,0,111.0,0
2026-09-13,[제과_블트하] 26.07_블트깡출시_수동_전환_image_전체타겟,(스틱) 0908_맛피아콜라보_블트스틱출시  (신규),[26.09]F_I_BT틱_전환_블트스틱출시_혜택강조형_맛피아.KR1_.배너_이니3.대세감.한정수량품절임박.__김소희_260908_제과_박서연,4027,58,55025.0,4
2026-09-11,[제과_블트하] 26.07_블트깡출시_수동_전환_image_전체타겟,(스틱) 0908_감자키워드_블트스틱출시  (KR1),[26.09]F_I_BT틱_전환_블트스틱출시_혜택강조형_KR1_.배너_싼가격.원가비싼이탈리아트러플.__김소희_260908_제과_김수정,45,0,1352.0,0
2026-09-11,[제과_블트하] 26.07_블트깡출시_수동_전환_image_전체타겟,(스틱) 0908_감자키워드_블트스틱출시  (KR1),[26.09]F_I_BT틱_전환_블트스틱출시_혜택강조형_KR1_.배너_싼가격.와인바비교프레임.__김소희_260908_제과_김수정,4543,45,61773.0,5
2026-09-11,[제과_블트하] 26.07_블트깡출시_수동_전환_image_전체타겟,(스틱) 0908_감자키워드_블트스틱출시  (KR1),[26.09]F_I_BT틱_전환_블트스틱출시_혜택강조형_맛피아.KR1_.배너_싼가격.자칭타칭.__김소희_260908_제과_김수정,5508,59,76917.0,5
2026-09-11,[제과_블트하] 26.07_블트깡출시_수동_전환_image_전체타겟,0909_주변인강조_블트칩출시  (KR2),[26.09]F_I_BT칩_전환_블트스틱출시_혜택강조형_3554_.배너_의심주변인1.__김소희_260908_제과_박지현,280,1,6005.0,1
2026-09-11,[제과_블트하] 26.07_블트깡출시_수동_전환_image_전체타겟,0909_주변인강조_블트칩출시  (KR2),[26.09]F_I_BT칩_전환_블트스틱출시_혜택강조형_3554_.배너_먹어본주변인.__김소희_260908_제과_박지현,42,0,1363.0,0
2026-09-11,[제과_블트하] 26.07_블트깡출시_수동_전환_image_전체타겟,0909_주변인강조_블트칩출시  (KR2),[26.09]F_I_BT칩_전환_블트스틱출시_혜택강조형_3554_.배너_의심주변인2.__김소희_260908_제과_김수정,3,0,41.0,0
2026-09-11,[제과_블트하] 26.07_블트깡출시_수동_전환_image_전체타겟,0909_주변인강조_블트칩출시  (KR2),[26.09]F_I_BT칩_전환_블트스틱출시_혜택강조형_3554_.배너_주변인다수2.__김소희_260908_제과_박지현,26,0,511.0,0
2026-09-11,[제과_블트하] 26.07_블트깡출시_수동_전환_image_전체타겟,0909_주변인강조_블트칩출시  (KR2),[26.09]F_I_BT칩_전환_블트스틱출시_혜택강조형_3554_.배너_맛권위주변인2.__김소희_260908_제과_박지현,25,0,747.0,0
2026-09-11,[제과_블트하] 26.07_블트깡출시_수동_전환_image_전체타겟,0909_주변인강조_블트칩출시  (KR2),[26.09]F_I_BT칩_전환_블트스틱출시_혜택강조형_3554_.배너_주변인정.남편2.__김소희_260909_제과_박지현,7988,93,147537.0,10
2026-09-11,[제과_블트하] 26.07_블트깡출시_수동_전환_image_전체타겟,0909_주변인강조_블트칩출시  (KR2),[26.09]F_I_BT칩_전환_블트스틱출시_혜택강조형_3554_.배너_주변인정.형님1.__김소희_260909_제과_박지현,551,7,10888.0,1
2026-09-11,[제과_블트하] 26.07_블트깡출시_수동_전환_image_전체타겟,0909_주변인강조_블트칩출시  (KR2),[26.09]F_I_BT칩_전환_블트스틱출시_혜택강조형_3554_.배너_주변인정.남편1.__김소희_260909_제과_박지현,194,2,4173.0,0
2026-09-11,[제과_블트하] 26.07_블트깡출시_수동_전환_image_전체타겟,(스틱) 0909_맛피아명분_블트스틱출시  (신규),[26.09]F_I_BT틱_전환_블트스틱출시_혜택강조형_맛피아.KR2_.배너_이니3.맛피아픽.__김소희_260909_제과_박서연,318,5,8271.0,0
2026-09-11,[제과_블트하] 26.07_블트깡출시_수동_전환_image_전체타겟,(스틱) 0909_맛피아명분_블트스틱출시  (신규),[26.09]F_I_BT틱_전환_블트스틱출시_혜택강조형_맛피아.KR2_.배너_이니1.맛피아가쏩니다.__김소희_260909_제과_박서연,822,12,14942.0,0
2026-09-11,[제과_블트하] 26.07_블트깡출시_수동_전환_image_전체타겟,(스틱) 0909_맛피아명분_블트스틱출시  (신규),[26.09]F_I_BT틱_전환_블트스틱출시_혜택강조형_맛피아.KR2_.배너_이니2.이미구매하신분들.__김소희_260909_제과_박서연,10,0,362.0,0
2026-09-11,[제과_블트하] 26.07_블트깡출시_수동_전환_image_전체타겟,(스틱) 0909_맛피아명분_블트스틱출시  (신규),[26.09]F_I_BT틱_전환_블트스틱출시_혜택강조형_맛피아.KR2_.배너_이니3.1천원대.__김소희_260909_제과_박서연,681,6,13984.0,0
2026-09-11,[제과_블트하] 26.07_블트깡출시_수동_전환_image_전체타겟,(스틱) 0909_맛피아명분_블트스틱출시  (신규),[26.09]F_I_BT틱_전환_블트스틱출시_혜택강조형_맛피아.KR2_.배너_이니3.맛피아의통큰.__김소희_260909_제과_박서연,108,2,3332.0,0
2026-09-11,[제과_블트하] 26.07_블트깡출시_수동_전환_image_전체타겟,(스틱) 0909_감튀디벨롭_블트스틱출시  (KR1),[26.09]F_I_BT틱_전환_블트스틱출시_혜택강조형_KR2_.배너_감자맛.왕두꺼우니까.__김소희_260909_제과_김수정,25276,249,248291.0,16
2026-09-11,[제과_블트하] 26.07_블트깡출시_수동_전환_image_전체타겟,(스틱) 0909_감튀디벨롭_블트스틱출시  (KR1),[26.09]F_I_BT틱_전환_블트스틱출시_혜택강조형_KR2_.배너_감자맛.담백감자과자파.__김소희_260909_제과_김수정,5305,52,62514.0,5
2026-09-12,[제과_블트하] 26.07_블트깡출시_수동_전환_image_전체타겟,(스틱) 0908_감자키워드_블트스틱출시  (KR1),[26.09]F_I_BT틱_전환_블트스틱출시_혜택강조형_KR1_.배너_싼가격.원가비싼이탈리아트러플.__김소희_260908_제과_김수정,6,0,94.0,0
2026-09-12,[제과_블트하] 26.07_블트깡출시_수동_전환_image_전체타겟,(스틱) 0908_감자키워드_블트스틱출시  (KR1),[26.09]F_I_BT틱_전환_블트스틱출시_혜택강조형_KR1_.배너_싼가격.와인바비교프레임.__김소희_260908_제과_김수정,277,1,3846.0,0
2026-09-12,[제과_블트하] 26.07_블트깡출시_수동_전환_image_전체타겟,(스틱) 0908_감자키워드_블트스틱출시  (KR1),[26.09]F_I_BT틱_전환_블트스틱출시_혜택강조형_맛피아.KR1_.배너_싼가격.자칭타칭.__김소희_260908_제과_김수정,1677,16,22183.0,1
2026-09-12,[제과_블트하] 26.07_블트깡출시_수동_전환_image_전체타겟,0909_주변인강조_블트칩출시  (KR2),[26.09]F_I_BT칩_전환_블트스틱출시_혜택강조형_3554_.배너_의심주변인1.__김소희_260908_제과_박지현,13,0,194.0,0
2026-09-12,[제과_블트하] 26.07_블트깡출시_수동_전환_image_전체타겟,0909_주변인강조_블트칩출시  (KR2),[26.09]F_I_BT칩_전환_블트스틱출시_혜택강조형_3554_.배너_먹어본주변인.__김소희_260908_제과_박지현,3,0,10.0,0
2026-09-12,[제과_블트하] 26.07_블트깡출시_수동_전환_image_전체타겟,0909_주변인강조_블트칩출시  (KR2),[26.09]F_I_BT칩_전환_블트스틱출시_혜택강조형_3554_.배너_주변인다수2.__김소희_260908_제과_박지현,1,0,114.0,0
2026-09-12,[제과_블트하] 26.07_블트깡출시_수동_전환_image_전체타겟,0909_주변인강조_블트칩출시  (KR2),[26.09]F_I_BT칩_전환_블트스틱출시_혜택강조형_3554_.배너_맛권위주변인2.__김소희_260908_제과_박지현,2,0,46.0,0
2026-09-12,[제과_블트하] 26.07_블트깡출시_수동_전환_image_전체타겟,0909_주변인강조_블트칩출시  (KR2),[26.09]F_I_BT칩_전환_블트스틱출시_혜택강조형_3554_.배너_주변인정.남편2.__김소희_260909_제과_박지현,786,5,14722.0,0
2026-09-12,[제과_블트하] 26.07_블트깡출시_수동_전환_image_전체타겟,0909_주변인강조_블트칩출시  (KR2),[26.09]F_I_BT칩_전환_블트스틱출시_혜택강조형_3554_.배너_주변인정.형님1.__김소희_260909_제과_박지현,229,2,4479.0,0
2026-09-12,[제과_블트하] 26.07_블트깡출시_수동_전환_image_전체타겟,0909_주변인강조_블트칩출시  (KR2),[26.09]F_I_BT칩_전환_블트스틱출시_혜택강조형_3554_.배너_주변인정.남편1.__김소희_260909_제과_박지현,21,0,544.0,0
2026-09-12,[제과_블트하] 26.07_블트깡출시_수동_전환_image_전체타겟,(스틱) 0909_감튀디벨롭_블트스틱출시  (KR1),[26.09]F_I_BT틱_전환_블트스틱출시_혜택강조형_KR2_.배너_감자맛.왕두꺼우니까.__김소희_260909_제과_김수정,15674,159,138862.0,9
2026-09-12,[제과_블트하] 26.07_블트깡출시_수동_전환_image_전체타겟,(스틱) 0909_감튀디벨롭_블트스틱출시  (KR1),[26.09]F_I_BT틱_전환_블트스틱출시_혜택강조형_KR2_.배너_감자맛.담백감자과자파.__김소희_260909_제과_김수정,281,3,2870.0,1
2026-09-13,[제과_블트하] 26.07_블트깡출시_수동_전환_image_전체타겟,(스틱) 0908_맛피아콜라보_블트스틱출시  (신규),[26.09]F_I_BT틱_전환_블트스틱출시_혜택강조형_맛피아.KR2_.배너_이니1.맛소구.패키지에얼굴박제.__김소희_260908_제과_박서연,17,0,516.0,0
2026-09-13,[제과_블트하] 26.07_블트깡출시_수동_전환_image_전체타겟,(스틱) 0908_감자키워드_블트스틱출시  (KR1),[26.09]F_I_BT틱_전환_블트스틱출시_혜택강조형_KR1_.배너_싼가격.원가비싼이탈리아트러플.__김소희_260908_제과_김수정,1,0,8.0,0
2026-09-13,[제과_블트하] 26.07_블트깡출시_수동_전환_image_전체타겟,(스틱) 0908_감자키워드_블트스틱출시  (KR1),[26.09]F_I_BT틱_전환_블트스틱출시_혜택강조형_KR1_.배너_싼가격.와인바비교프레임.__김소희_260908_제과_김수정,267,2,3225.0,1
2026-09-13,[제과_블트하] 26.07_블트깡출시_수동_전환_image_전체타겟,(스틱) 0908_감자키워드_블트스틱출시  (KR1),[26.09]F_I_BT틱_전환_블트스틱출시_혜택강조형_맛피아.KR1_.배너_싼가격.자칭타칭.__김소희_260908_제과_김수정,3210,29,42490.0,1
2026-09-13,[제과_블트하] 26.07_블트깡출시_수동_전환_image_전체타겟,(스틱) 0909_감튀디벨롭_블트스틱출시  (KR1),[26.09]F_I_BT틱_전환_블트스틱출시_혜택강조형_KR2_.배너_감자맛.왕두꺼우니까.__김소희_260909_제과_김수정,4554,26,31597.0,1
2026-09-13,[제과_블트하] 26.07_블트깡출시_수동_전환_image_전체타겟,(스틱) 0909_감튀디벨롭_블트스틱출시  (KR1),[26.09]F_I_BT틱_전환_블트스틱출시_혜택강조형_KR2_.배너_감자맛.담백감자과자파.__김소희_260909_제과_김수정,107,1,1173.0,0
2026-09-11,[제과_블트하] 26.07_블트깡출시_수동_전환_image_전체타겟,(스틱) 0909_감튀디벨롭_블트스틱출시  (KR1),[26.09]F_I_BT틱_전환_블트스틱출시_혜택강조형_KR2_.릴스_감자맛.포슬한통감자맛.__김소희_260909_제과_김수정,1123,10,15604.0,1
2026-09-11,[제과_블트하] 26.07_블트깡출시_수동_전환_image_전체타겟,(스틱) 0909_감튀디벨롭_블트스틱출시  (KR1),[26.09]F_I_BT틱_전환_블트스틱출시_혜택강조형_신규KR_.배너_조합.밀크쉐이크찍먹.__김소희_260909_제과_김수정,1479,9,15583.0,0
2026-09-11,[제과_블트하] 26.07_블트깡출시_수동_전환_image_전체타겟,(스틱) 0909_감튀디벨롭_블트스틱출시  (KR1),[26.09]F_I_BT틱_전환_블트스틱출시_혜택강조형_신규KR_.릴스_조합.벨기에식.__김소희_260909_제과_김수정,1213,13,18106.0,1
2026-09-11,[제과_블트하] 26.07_블트깡출시_수동_전환_image_전체타겟,(스틱) 0909_감튀디벨롭_블트스틱출시  (KR1),[26.09]F_I_BT틱_전환_블트스틱출시_혜택강조형_맛피아.KR2_.릴스_감자맛.트러플에지지않는.__김소희_260909_제과_김수정,1337,16,22875.0,5
2026-09-11,[제과_블트하] 26.07_블트깡출시_수동_전환_image_전체타겟,(스틱) 0909_감튀디벨롭_블트스틱출시  (KR1),[26.09]F_I_BT틱_전환_블트스틱출시_혜택강조형_KR2_.릴스_감자맛.원래맛있는감튀.__김소희_260909_제과_김수정,1483,13,31036.0,3
2026-09-11,[제과_블트하] 26.07_블트깡출시_수동_전환_image_전체타겟,(스틱) 0909_감튀디벨롭_블트스틱출시  (KR1),[26.09]F_I_BT틱_전환_블트스틱출시_혜택강조형_맛피아.KR2_.릴스_감자맛.클래식감자맛.__김소희_260909_제과_김수정,313,5,5563.0,0
2026-09-11,[제과_블트하] 26.07_블트깡출시_수동_전환_image_전체타겟,(스틱) 0909_감튀디벨롭_블트스틱출시  (KR1),[26.09]F_I_BT틱_전환_블트스틱출시_혜택강조형_맛피아.신규_.릴스_조합.치즈소스.__김소희_260909_제과_김수정,698,20,15933.0,0
2026-09-11,[제과_블트하] 26.07_블트깡출시_수동_전환_image_전체타겟,(스틱) 0910_맛피아공지문_블트스틱출시  (KR1),[26.09]F_I_BT틱_전환_블트스틱출시_혜택강조형_맛피아.KR2_.배너_혜택강조형.짭짤바삭양념감튀1.__김소희_260910_제과_박서연,295,4,4717.0,1
2026-09-11,[제과_블트하] 26.07_블트깡출시_수동_전환_image_전체타겟,(스틱) 0910_맛피아공지문_블트스틱출시  (KR1),[26.09]F_I_BT틱_전환_블트스틱출시_혜택강조형_맛피아.KR2_.배너_공지문.유출금지.__김소희_260910_제과_박서연,793,10,12490.0,1
2026-09-11,[제과_블트하] 26.07_블트깡출시_수동_전환_image_전체타겟,(스틱) 0910_맛피아공지문_블트스틱출시  (KR1),[26.09]F_I_BT틱_전환_블트스틱출시_혜택강조형_맛피아.KR2_.배너_공지문.연장어렵습니다.__김소희_260910_제과_박서연,53,2,1023.0,0
2026-09-11,[제과_블트하] 26.07_블트깡출시_수동_전환_image_전체타겟,(스틱) 0910_맛피아공지문_블트스틱출시  (KR1),[26.09]F_I_BT틱_전환_블트스틱출시_혜택강조형_맛피아.KR2_.배너_혜택강조형.짭짤바삭양념감튀2.__김소희_260910_제과_박서연,93,0,2640.0,0
2026-09-11,[제과_블트하] 26.07_블트깡출시_수동_전환_image_전체타겟,(스틱) 0910_맛피아공지문_블트스틱출시  (KR1),[26.09]F_I_BT틱_전환_블트스틱출시_혜택강조형_맛피아.KR2_.배너_공지문.외부유출절대금지.__김소희_260910_제과_박서연,328,3,5016.0,2
2026-09-11,[제과_블트하] 26.07_블트깡출시_수동_전환_image_전체타겟,(스틱) 0910_맛피아공지문_블트스틱출시  (KR1),[26.09]F_I_BT틱_전환_블트스틱출시_혜택강조형_맛피아.KR2_.릴스_혜택강조형.실시간소진중타이머.__김소희_260910_제과_박서연,76,1,1134.0,0
2026-09-11,[제과_블트하] 26.07_블트깡출시_수동_전환_image_전체타겟,(스틱) 0910_맛피아공지문_블트스틱출시  (KR1),[26.09]F_I_BT틱_전환_블트스틱출시_혜택강조형_맛피아.KR2_.배너_공지문.가격조정안내.__김소희_260910_제과_박서연,231,1,2058.0,0
2026-09-11,[제과_블트하] 26.07_블트깡출시_수동_전환_image_전체타겟,(스틱) 0910_맛피아공지문_블트스틱출시  (KR1),[26.09]F_I_BT틱_전환_블트스틱출시_혜택강조형_맛피아.KR2_.배너_혜택강조형.라고할때살걸.__김소희_260910_제과_박서연,288,4,4562.0,2
2026-09-11,[제과_블트하] 26.07_블트깡출시_수동_전환_image_전체타겟,(스틱) 0910_맛피아공지문_블트스틱출시  (KR1),[26.09]F_I_BT틱_전환_블트스틱출시_혜택강조형_맛피아.KR2_.배너_혜택강조형.다시는없어요.__김소희_260910_제과_박서연,1404,29,23134.0,2
2026-09-11,[제과_블트하] 26.07_블트깡출시_수동_전환_image_전체타겟,(스틱) 0910_감자VOC_블트스틱출시  (KR1),[26.09]F_I_BT틱_전환_블트스틱출시_제품강조형_맛피아.KR1_.배너_시즈닝.360도.__김소희_260910_제과_김수정,218,4,4424.0,0
2026-09-11,[제과_블트하] 26.07_블트깡출시_수동_전환_image_전체타겟,(스틱) 0910_감자VOC_블트스틱출시  (KR1),[26.09]F_I_BT틱_전환_블트스틱출시_제품강조형_맛피아.KR1_.배너_원물식감.생감자.__김소희_260910_제과_김수정,746,7,9585.0,0
2026-09-11,[제과_블트하] 26.07_블트깡출시_수동_전환_image_전체타겟,(스틱) 0910_감자VOC_블트스틱출시  (KR1),[26.09]F_I_BT틱_전환_블트스틱출시_제품강조형_맛피아.KR1_.배너_시즈닝.파인다이닝급.__김소희_260910_제과_김수정,121,2,1833.0,0
2026-09-11,[제과_블트하] 26.07_블트깡출시_수동_전환_image_전체타겟,(스틱) 0910_감자VOC_블트스틱출시  (KR1),[26.09]F_I_BT틱_전환_블트스틱출시_제품강조형_맛피아.KR1_.배너_원물식감.한국인맞춤.__김소희_260910_제과_김수정,748,10,9996.0,0
2026-09-11,[제과_블트하] 26.07_블트깡출시_수동_전환_image_전체타겟,(스틱) 0910_감자VOC_블트스틱출시  (KR1),[26.09]F_I_BT틱_전환_블트스틱출시_제품강조형_맛피아.KR1_.릴스_시즈닝.인심미친.__김소희_260910_제과_김수정,1215,8,19511.0,3
2026-09-11,[제과_블트하] 26.07_블트깡출시_수동_전환_image_전체타겟,(스틱) 0910_감자VOC_블트스틱출시  (KR1),[26.09]F_I_BT틱_전환_블트스틱출시_제품강조형_맛피아.KR1_.릴스_원물식감.담백감자.__김소희_260910_제과_김수정,1107,15,20103.0,3
2026-09-11,[제과_블트하] 26.07_블트깡출시_수동_전환_image_전체타겟,(스틱) 0910_감자VOC_블트스틱출시  (KR1),[26.09]F_I_BT틱_전환_블트스틱출시_제품강조형_맛피아.KR1_.배너_시즈닝.제일비싼.__김소희_260910_제과_김수정,294,5,4107.0,0
2026-09-11,[제과_블트하] 26.07_블트깡출시_수동_전환_image_전체타겟,(스틱) 0910_감자VOC_블트스틱출시  (KR1),[26.09]F_I_BT틱_전환_블트스틱출시_제품강조형_맛피아.KR1_.배너_원물식감.절대안눅눅.__김소희_260910_제과_김수정,339,5,4962.0,1
2026-09-11,[제과_블트하] 26.07_블트깡출시_수동_전환_image_전체타겟,(스틱) 0911_감자강조_블트스틱출시  (신규),[26.09]F_I_BT틱_전환_블트스틱출시_제품강조형_맛피아.KR1_.배너_취식상황.감튀모임인싸.__김소희_260911_제과_김수정,28,1,448.0,0
2026-09-11,[제과_블트하] 26.07_블트깡출시_수동_전환_image_전체타겟,(스틱) 0911_감자강조_블트스틱출시  (신규),[26.09]F_I_BT틱_전환_블트스틱출시_제품강조형_맛피아.KR1_.배너_찐감자테스트.오늘수확.__김소희_260911_제과_김수정,95,0,1026.0,0
2026-09-11,[제과_블트하] 26.07_블트깡출시_수동_전환_image_전체타겟,(스틱) 0911_감자강조_블트스틱출시  (신규),[26.09]F_I_BT틱_전환_블트스틱출시_제품강조형_맛피아.KR1_.배너_취식상황.영화관간식.__김소희_260911_제과_김수정,118,5,2229.0,0
2026-09-11,[제과_블트하] 26.07_블트깡출시_수동_전환_image_전체타겟,(스틱) 0911_감자강조_블트스틱출시  (신규),[26.09]F_I_BT틱_전환_블트스틱출시_제품강조형_맛피아.KR1_.배너_취식상황.걸스나잇간식.__김소희_260911_제과_김수정,326,3,5378.0,0
2026-09-11,[제과_블트하] 26.07_블트깡출시_수동_전환_image_전체타겟,(스틱) 0911_감자강조_블트스틱출시  (신규),[26.09]F_I_BT틱_전환_블트스틱출시_제품강조형_맛피아.KR1_.배너_취식상황.캠핑고인물.__김소희_260911_제과_김수정,23,2,331.0,0
2026-09-11,[제과_블트하] 26.07_블트깡출시_수동_전환_image_전체타겟,(스틱) 0911_감자강조_블트스틱출시  (신규),[26.09]F_I_BT틱_전환_블트스틱출시_제품강조형_맛피아.KR1_.배너_찐감자테스트.실패확률제로.__김소희_260911_제과_김수정,74,0,908.0,0
2026-09-11,[제과_블트하] 26.07_블트깡출시_수동_전환_image_전체타겟,(스틱) 0911_감자강조_블트스틱출시  (신규),[26.09]F_I_BT틱_전환_블트스틱출시_제품강조형_맛피아.KR1_.배너_가격비교.잠시만양념감자급.__김소희_260911_제과_김수정,26,0,258.0,0
2026-09-11,[제과_블트하] 26.07_블트깡출시_수동_전환_image_전체타겟,(스틱) 0911_감자강조_블트스틱출시  (신규),[26.09]F_I_BT틱_전환_블트스틱출시_제품강조형_맛피아.KR1_.배너_가격비교.쌀때쟁이세요.__김소희_260911_제과_김수정,2,0,25.0,0
2026-09-11,[제과_블트하] 26.07_블트깡출시_수동_전환_image_전체타겟,(스틱) 0911_감자강조_블트스틱출시  (신규),[26.09]F_I_BT틱_전환_블트스틱출시_제품강조형_맛피아.KR1_.배너_찐감자테스트.햇감자급고소.__김소희_260911_제과_김수정,893,17,12002.0,1
2026-09-11,[제과_블트하] 26.07_블트깡출시_수동_전환_image_전체타겟,(스틱) 0911_감자강조_블트스틱출시  (신규),[26.09]F_I_BT틱_전환_블트스틱출시_제품강조형_맛피아.KR1_.배너_취식상황.야구장과자탑티어.__김소희_260911_제과_김수정,61,1,856.0,0
2026-09-11,[제과_블트하] 26.07_블트깡출시_수동_전환_image_전체타겟,(스틱) 0911_감자강조_블트스틱출시  (신규),[26.09]F_I_BT틱_전환_블트스틱출시_제품강조형_맛피아.KR1_.배너_취식상황.여자친구.__김소희_260911_제과_김수정,65,0,986.0,0
2026-09-11,[제과_블트하] 26.07_블트깡출시_수동_전환_image_전체타겟,(스틱) 0911_감자강조_블트스틱출시  (신규),[26.09]F_I_BT틱_전환_블트스틱출시_제품강조형_맛피아.KR1_.배너_찐감자테스트.푹찌고튀겨서.__김소희_260911_제과_김수정,52,1,896.0,0
2026-09-11,[제과_블트하] 26.07_블트깡출시_수동_전환_image_전체타겟,(스틱) 0911_감자강조_블트스틱출시  (신규),[26.09]F_I_BT틱_전환_블트스틱출시_제품강조형_맛피아.KR1_.배너_가격비교.왕두툼해서.__김소희_260911_제과_김수정,31,0,510.0,0
2026-09-11,[제과_블트하] 26.07_블트깡출시_수동_전환_image_전체타겟,(스틱) 0911_감자강조_블트스틱출시  (신규),[26.09]F_I_BT틱_전환_블트스틱출시_제품강조형_맛피아.KR1_.배너_취식상황.맥주4캔순삭.__김소희_260911_제과_김수정,36,0,512.0,0
2026-09-11,[제과_블트하] 26.07_블트깡출시_수동_전환_image_전체타겟,(스틱) 0911_감자강조_블트스틱출시  (신규),[26.09]F_I_BT틱_전환_블트스틱출시_제품강조형_맛피아.KR1_.배너_찐감자테스트.휴게소통감자.__김소희_260911_제과_김수정,164,3,2153.0,0
2026-09-12,[제과_블트하] 26.07_블트깡출시_수동_전환_image_전체타겟,(스틱) 0909_감튀디벨롭_블트스틱출시  (KR1),[26.09]F_I_BT틱_전환_블트스틱출시_혜택강조형_KR2_.릴스_감자맛.포슬한통감자맛.__김소희_260909_제과_김수정,21,0,323.0,0
2026-09-12,[제과_블트하] 26.07_블트깡출시_수동_전환_image_전체타겟,(스틱) 0909_감튀디벨롭_블트스틱출시  (KR1),[26.09]F_I_BT틱_전환_블트스틱출시_혜택강조형_신규KR_.배너_조합.밀크쉐이크찍먹.__김소희_260909_제과_김수정,37,0,381.0,0
2026-09-12,[제과_블트하] 26.07_블트깡출시_수동_전환_image_전체타겟,(스틱) 0909_감튀디벨롭_블트스틱출시  (KR1),[26.09]F_I_BT틱_전환_블트스틱출시_혜택강조형_신규KR_.릴스_조합.벨기에식.__김소희_260909_제과_김수정,103,1,1299.0,1
2026-09-12,[제과_블트하] 26.07_블트깡출시_수동_전환_image_전체타겟,(스틱) 0909_감튀디벨롭_블트스틱출시  (KR1),[26.09]F_I_BT틱_전환_블트스틱출시_혜택강조형_맛피아.KR2_.릴스_감자맛.트러플에지지않는.__김소희_260909_제과_김수정,126,0,1753.0,0
2026-09-12,[제과_블트하] 26.07_블트깡출시_수동_전환_image_전체타겟,(스틱) 0909_감튀디벨롭_블트스틱출시  (KR1),[26.09]F_I_BT틱_전환_블트스틱출시_혜택강조형_KR2_.릴스_감자맛.원래맛있는감튀.__김소희_260909_제과_김수정,58,0,771.0,0
2026-09-12,[제과_블트하] 26.07_블트깡출시_수동_전환_image_전체타겟,(스틱) 0909_감튀디벨롭_블트스틱출시  (KR1),[26.09]F_I_BT틱_전환_블트스틱출시_혜택강조형_맛피아.KR2_.릴스_감자맛.클래식감자맛.__김소희_260909_제과_김수정,8,0,77.0,0
2026-09-12,[제과_블트하] 26.07_블트깡출시_수동_전환_image_전체타겟,(스틱) 0910_맛피아공지문_블트스틱출시  (KR1),[26.09]F_I_BT틱_전환_블트스틱출시_혜택강조형_맛피아.KR2_.배너_혜택강조형.짭짤바삭양념감튀1.__김소희_260910_제과_박서연,149,0,2603.0,0
2026-09-12,[제과_블트하] 26.07_블트깡출시_수동_전환_image_전체타겟,(스틱) 0910_맛피아공지문_블트스틱출시  (KR1),[26.09]F_I_BT틱_전환_블트스틱출시_혜택강조형_맛피아.KR2_.배너_공지문.유출금지.__김소희_260910_제과_박서연,400,3,7273.0,0
2026-09-12,[제과_블트하] 26.07_블트깡출시_수동_전환_image_전체타겟,(스틱) 0910_맛피아공지문_블트스틱출시  (KR1),[26.09]F_I_BT틱_전환_블트스틱출시_혜택강조형_맛피아.KR2_.배너_공지문.연장어렵습니다.__김소희_260910_제과_박서연,16,0,242.0,0
2026-09-12,[제과_블트하] 26.07_블트깡출시_수동_전환_image_전체타겟,(스틱) 0910_맛피아공지문_블트스틱출시  (KR1),[26.09]F_I_BT틱_전환_블트스틱출시_혜택강조형_맛피아.KR2_.배너_혜택강조형.짭짤바삭양념감튀2.__김소희_260910_제과_박서연,11,0,227.0,0
2026-09-12,[제과_블트하] 26.07_블트깡출시_수동_전환_image_전체타겟,(스틱) 0910_맛피아공지문_블트스틱출시  (KR1),[26.09]F_I_BT틱_전환_블트스틱출시_혜택강조형_맛피아.KR2_.배너_공지문.외부유출절대금지.__김소희_260910_제과_박서연,152,3,1927.0,0
2026-09-12,[제과_블트하] 26.07_블트깡출시_수동_전환_image_전체타겟,(스틱) 0910_맛피아공지문_블트스틱출시  (KR1),[26.09]F_I_BT틱_전환_블트스틱출시_혜택강조형_맛피아.KR2_.릴스_혜택강조형.실시간소진중타이머.__김소희_260910_제과_박서연,55,0,696.0,0
2026-09-12,[제과_블트하] 26.07_블트깡출시_수동_전환_image_전체타겟,(스틱) 0910_맛피아공지문_블트스틱출시  (KR1),[26.09]F_I_BT틱_전환_블트스틱출시_혜택강조형_맛피아.KR2_.배너_공지문.가격조정안내.__김소희_260910_제과_박서연,95,1,552.0,0
2026-09-12,[제과_블트하] 26.07_블트깡출시_수동_전환_image_전체타겟,(스틱) 0910_맛피아공지문_블트스틱출시  (KR1),[26.09]F_I_BT틱_전환_블트스틱출시_혜택강조형_맛피아.KR2_.배너_혜택강조형.라고할때살걸.__김소희_260910_제과_박서연,281,2,4773.0,0
2026-09-12,[제과_블트하] 26.07_블트깡출시_수동_전환_image_전체타겟,(스틱) 0910_맛피아공지문_블트스틱출시  (KR1),[26.09]F_I_BT틱_전환_블트스틱출시_혜택강조형_맛피아.KR2_.배너_혜택강조형.다시는없어요.__김소희_260910_제과_박서연,1276,25,18173.0,1
2026-09-12,[제과_블트하] 26.07_블트깡출시_수동_전환_image_전체타겟,(스틱) 0910_감자VOC_블트스틱출시  (KR1),[26.09]F_I_BT틱_전환_블트스틱출시_제품강조형_맛피아.KR1_.배너_시즈닝.360도.__김소희_260910_제과_김수정,292,2,4552.0,0
2026-09-12,[제과_블트하] 26.07_블트깡출시_수동_전환_image_전체타겟,(스틱) 0910_감자VOC_블트스틱출시  (KR1),[26.09]F_I_BT틱_전환_블트스틱출시_제품강조형_맛피아.KR1_.배너_원물식감.생감자.__김소희_260910_제과_김수정,889,6,10322.0,0
2026-09-12,[제과_블트하] 26.07_블트깡출시_수동_전환_image_전체타겟,(스틱) 0910_감자VOC_블트스틱출시  (KR1),[26.09]F_I_BT틱_전환_블트스틱출시_제품강조형_맛피아.KR1_.배너_시즈닝.파인다이닝급.__김소희_260910_제과_김수정,716,6,8523.0,0
2026-09-12,[제과_블트하] 26.07_블트깡출시_수동_전환_image_전체타겟,(스틱) 0910_감자VOC_블트스틱출시  (KR1),[26.09]F_I_BT틱_전환_블트스틱출시_제품강조형_맛피아.KR1_.배너_원물식감.한국인맞춤.__김소희_260910_제과_김수정,2529,29,30761.0,2
2026-09-12,[제과_블트하] 26.07_블트깡출시_수동_전환_image_전체타겟,(스틱) 0910_감자VOC_블트스틱출시  (KR1),[26.09]F_I_BT틱_전환_블트스틱출시_제품강조형_맛피아.KR1_.릴스_시즈닝.인심미친.__김소희_260910_제과_김수정,503,6,9737.0,1
2026-09-12,[제과_블트하] 26.07_블트깡출시_수동_전환_image_전체타겟,(스틱) 0910_감자VOC_블트스틱출시  (KR1),[26.09]F_I_BT틱_전환_블트스틱출시_제품강조형_맛피아.KR1_.릴스_원물식감.담백감자.__김소희_260910_제과_김수정,576,3,10551.0,0
2026-09-12,[제과_블트하] 26.07_블트깡출시_수동_전환_image_전체타겟,(스틱) 0910_감자VOC_블트스틱출시  (KR1),[26.09]F_I_BT틱_전환_블트스틱출시_제품강조형_맛피아.KR1_.배너_시즈닝.제일비싼.__김소희_260910_제과_김수정,1367,11,18454.0,1
2026-09-12,[제과_블트하] 26.07_블트깡출시_수동_전환_image_전체타겟,(스틱) 0910_감자VOC_블트스틱출시  (KR1),[26.09]F_I_BT틱_전환_블트스틱출시_제품강조형_맛피아.KR1_.배너_원물식감.절대안눅눅.__김소희_260910_제과_김수정,169,1,1926.0,0
2026-09-12,[제과_블트하] 26.07_블트깡출시_수동_전환_image_전체타겟,(스틱) 0911_감자강조_블트스틱출시  (신규),[26.09]F_I_BT틱_전환_블트스틱출시_제품강조형_맛피아.KR1_.배너_취식상황.감튀모임인싸.__김소희_260911_제과_김수정,310,2,2700.0,0
2026-09-12,[제과_블트하] 26.07_블트깡출시_수동_전환_image_전체타겟,(스틱) 0911_감자강조_블트스틱출시  (신규),[26.09]F_I_BT틱_전환_블트스틱출시_제품강조형_맛피아.KR1_.배너_찐감자테스트.오늘수확.__김소희_260911_제과_김수정,8606,94,68404.0,7
2026-09-12,[제과_블트하] 26.07_블트깡출시_수동_전환_image_전체타겟,(스틱) 0911_감자강조_블트스틱출시  (신규),[26.09]F_I_BT틱_전환_블트스틱출시_제품강조형_맛피아.KR1_.배너_취식상황.영화관간식.__김소희_260911_제과_김수정,794,10,12578.0,3
2026-09-12,[제과_블트하] 26.07_블트깡출시_수동_전환_image_전체타겟,(스틱) 0911_감자강조_블트스틱출시  (신규),[26.09]F_I_BT틱_전환_블트스틱출시_제품강조형_맛피아.KR1_.배너_취식상황.걸스나잇간식.__김소희_260911_제과_김수정,610,9,11792.0,0
2026-09-12,[제과_블트하] 26.07_블트깡출시_수동_전환_image_전체타겟,(스틱) 0911_감자강조_블트스틱출시  (신규),[26.09]F_I_BT틱_전환_블트스틱출시_제품강조형_맛피아.KR1_.배너_취식상황.캠핑고인물.__김소희_260911_제과_김수정,344,2,5650.0,1
2026-09-12,[제과_블트하] 26.07_블트깡출시_수동_전환_image_전체타겟,(스틱) 0911_감자강조_블트스틱출시  (신규),[26.09]F_I_BT틱_전환_블트스틱출시_제품강조형_맛피아.KR1_.배너_찐감자테스트.실패확률제로.__김소희_260911_제과_김수정,255,3,2727.0,0
2026-09-12,[제과_블트하] 26.07_블트깡출시_수동_전환_image_전체타겟,(스틱) 0911_감자강조_블트스틱출시  (신규),[26.09]F_I_BT틱_전환_블트스틱출시_제품강조형_맛피아.KR1_.배너_가격비교.잠시만양념감자급.__김소희_260911_제과_김수정,433,3,2285.0,0
2026-09-12,[제과_블트하] 26.07_블트깡출시_수동_전환_image_전체타겟,(스틱) 0911_감자강조_블트스틱출시  (신규),[26.09]F_I_BT틱_전환_블트스틱출시_제품강조형_맛피아.KR1_.배너_가격비교.쌀때쟁이세요.__김소희_260911_제과_김수정,14,0,457.0,0
2026-09-12,[제과_블트하] 26.07_블트깡출시_수동_전환_image_전체타겟,(스틱) 0911_감자강조_블트스틱출시  (신규),[26.09]F_I_BT틱_전환_블트스틱출시_제품강조형_맛피아.KR1_.배너_찐감자테스트.햇감자급고소.__김소희_260911_제과_김수정,1379,14,12319.0,0
2026-09-12,[제과_블트하] 26.07_블트깡출시_수동_전환_image_전체타겟,(스틱) 0911_감자강조_블트스틱출시  (신규),[26.09]F_I_BT틱_전환_블트스틱출시_제품강조형_맛피아.KR1_.배너_취식상황.야구장과자탑티어.__김소희_260911_제과_김수정,517,3,6295.0,0
2026-09-12,[제과_블트하] 26.07_블트깡출시_수동_전환_image_전체타겟,(스틱) 0911_감자강조_블트스틱출시  (신규),[26.09]F_I_BT틱_전환_블트스틱출시_제품강조형_맛피아.KR1_.배너_취식상황.여자친구.__김소희_260911_제과_김수정,548,7,9144.0,0
2026-09-12,[제과_블트하] 26.07_블트깡출시_수동_전환_image_전체타겟,(스틱) 0911_감자강조_블트스틱출시  (신규),[26.09]F_I_BT틱_전환_블트스틱출시_제품강조형_맛피아.KR1_.배너_찐감자테스트.푹찌고튀겨서.__김소희_260911_제과_김수정,253,0,3997.0,1
2026-09-12,[제과_블트하] 26.07_블트깡출시_수동_전환_image_전체타겟,(스틱) 0911_감자강조_블트스틱출시  (신규),[26.09]F_I_BT틱_전환_블트스틱출시_제품강조형_맛피아.KR1_.배너_가격비교.왕두툼해서.__김소희_260911_제과_김수정,115,3,1761.0,1
2026-09-12,[제과_블트하] 26.07_블트깡출시_수동_전환_image_전체타겟,(스틱) 0911_감자강조_블트스틱출시  (신규),[26.09]F_I_BT틱_전환_블트스틱출시_제품강조형_맛피아.KR1_.배너_취식상황.맥주4캔순삭.__김소희_260911_제과_김수정,283,1,3640.0,0
2026-09-12,[제과_블트하] 26.07_블트깡출시_수동_전환_image_전체타겟,(스틱) 0911_감자강조_블트스틱출시  (신규),[26.09]F_I_BT틱_전환_블트스틱출시_제품강조형_맛피아.KR1_.배너_찐감자테스트.휴게소통감자.__김소희_260911_제과_김수정,3577,42,39179.0,4
2026-09-13,[제과_블트하] 26.07_블트깡출시_수동_전환_image_전체타겟,(스틱) 0909_감튀디벨롭_블트스틱출시  (KR1),[26.09]F_I_BT틱_전환_블트스틱출시_혜택강조형_KR2_.릴스_감자맛.포슬한통감자맛.__김소희_260909_제과_김수정,14,0,414.0,0
2026-09-13,[제과_블트하] 26.07_블트깡출시_수동_전환_image_전체타겟,(스틱) 0909_감튀디벨롭_블트스틱출시  (KR1),[26.09]F_I_BT틱_전환_블트스틱출시_혜택강조형_신규KR_.배너_조합.밀크쉐이크찍먹.__김소희_260909_제과_김수정,21,1,146.0,0
2026-09-13,[제과_블트하] 26.07_블트깡출시_수동_전환_image_전체타겟,(스틱) 0909_감튀디벨롭_블트스틱출시  (KR1),[26.09]F_I_BT틱_전환_블트스틱출시_혜택강조형_신규KR_.릴스_조합.벨기에식.__김소희_260909_제과_김수정,381,4,3756.0,0
2026-09-13,[제과_블트하] 26.07_블트깡출시_수동_전환_image_전체타겟,(스틱) 0909_감튀디벨롭_블트스틱출시  (KR1),[26.09]F_I_BT틱_전환_블트스틱출시_혜택강조형_맛피아.KR2_.릴스_감자맛.트러플에지지않는.__김소희_260909_제과_김수정,462,2,6586.0,0
2026-09-13,[제과_블트하] 26.07_블트깡출시_수동_전환_image_전체타겟,(스틱) 0909_감튀디벨롭_블트스틱출시  (KR1),[26.09]F_I_BT틱_전환_블트스틱출시_혜택강조형_KR2_.릴스_감자맛.원래맛있는감튀.__김소희_260909_제과_김수정,158,4,2362.0,0
2026-09-13,[제과_블트하] 26.07_블트깡출시_수동_전환_image_전체타겟,(스틱) 0910_맛피아공지문_블트스틱출시  (KR1),[26.09]F_I_BT틱_전환_블트스틱출시_혜택강조형_맛피아.KR2_.배너_혜택강조형.짭짤바삭양념감튀1.__김소희_260910_제과_박서연,1120,17,16326.0,1
2026-09-13,[제과_블트하] 26.07_블트깡출시_수동_전환_image_전체타겟,(스틱) 0910_맛피아공지문_블트스틱출시  (KR1),[26.09]F_I_BT틱_전환_블트스틱출시_혜택강조형_맛피아.KR2_.배너_공지문.유출금지.__김소희_260910_제과_박서연,8213,77,113138.0,7
2026-09-13,[제과_블트하] 26.07_블트깡출시_수동_전환_image_전체타겟,(스틱) 0910_맛피아공지문_블트스틱출시  (KR1),[26.09]F_I_BT틱_전환_블트스틱출시_혜택강조형_맛피아.KR2_.배너_공지문.연장어렵습니다.__김소희_260910_제과_박서연,146,1,1973.0,1
2026-09-13,[제과_블트하] 26.07_블트깡출시_수동_전환_image_전체타겟,(스틱) 0910_맛피아공지문_블트스틱출시  (KR1),[26.09]F_I_BT틱_전환_블트스틱출시_혜택강조형_맛피아.KR2_.배너_혜택강조형.짭짤바삭양념감튀2.__김소희_260910_제과_박서연,81,0,1102.0,1
2026-09-13,[제과_블트하] 26.07_블트깡출시_수동_전환_image_전체타겟,(스틱) 0910_맛피아공지문_블트스틱출시  (KR1),[26.09]F_I_BT틱_전환_블트스틱출시_혜택강조형_맛피아.KR2_.배너_공지문.외부유출절대금지.__김소희_260910_제과_박서연,749,4,12123.0,0
2026-09-13,[제과_블트하] 26.07_블트깡출시_수동_전환_image_전체타겟,(스틱) 0910_맛피아공지문_블트스틱출시  (KR1),[26.09]F_I_BT틱_전환_블트스틱출시_혜택강조형_맛피아.KR2_.릴스_혜택강조형.실시간소진중타이머.__김소희_260910_제과_박서연,87,0,1299.0,0
2026-09-13,[제과_블트하] 26.07_블트깡출시_수동_전환_image_전체타겟,(스틱) 0910_맛피아공지문_블트스틱출시  (KR1),[26.09]F_I_BT틱_전환_블트스틱출시_혜택강조형_맛피아.KR2_.배너_공지문.가격조정안내.__김소희_260910_제과_박서연,356,3,3522.0,0
2026-09-13,[제과_블트하] 26.07_블트깡출시_수동_전환_image_전체타겟,(스틱) 0910_맛피아공지문_블트스틱출시  (KR1),[26.09]F_I_BT틱_전환_블트스틱출시_혜택강조형_맛피아.KR2_.배너_혜택강조형.라고할때살걸.__김소희_260910_제과_박서연,882,12,13912.0,0
2026-09-13,[제과_블트하] 26.07_블트깡출시_수동_전환_image_전체타겟,(스틱) 0910_감자VOC_블트스틱출시  (KR1),[26.09]F_I_BT틱_전환_블트스틱출시_제품강조형_맛피아.KR1_.배너_시즈닝.360도.__김소희_260910_제과_김수정,13152,173,142209.0,9
2026-09-13,[제과_블트하] 26.07_블트깡출시_수동_전환_image_전체타겟,(스틱) 0910_감자VOC_블트스틱출시  (KR1),[26.09]F_I_BT틱_전환_블트스틱출시_제품강조형_맛피아.KR1_.배너_시즈닝.파인다이닝급.__김소희_260910_제과_김수정,1315,21,14267.0,0
2026-09-13,[제과_블트하] 26.07_블트깡출시_수동_전환_image_전체타겟,(스틱) 0910_감자VOC_블트스틱출시  (KR1),[26.09]F_I_BT틱_전환_블트스틱출시_제품강조형_맛피아.KR1_.배너_원물식감.한국인맞춤.__김소희_260910_제과_김수정,11033,117,119410.0,10
2026-09-13,[제과_블트하] 26.07_블트깡출시_수동_전환_image_전체타겟,(스틱) 0910_감자VOC_블트스틱출시  (KR1),[26.09]F_I_BT틱_전환_블트스틱출시_제품강조형_맛피아.KR1_.릴스_시즈닝.인심미친.__김소희_260910_제과_김수정,16127,164,211674.0,10
2026-09-13,[제과_블트하] 26.07_블트깡출시_수동_전환_image_전체타겟,(스틱) 0910_감자VOC_블트스틱출시  (KR1),[26.09]F_I_BT틱_전환_블트스틱출시_제품강조형_맛피아.KR1_.배너_원물식감.절대안눅눅.__김소희_260910_제과_김수정,727,8,11299.0,1
2026-09-13,[제과_블트하] 26.07_블트깡출시_수동_전환_image_전체타겟,(스틱) 0911_감자강조_블트스틱출시  (신규),[26.09]F_I_BT틱_전환_블트스틱출시_제품강조형_맛피아.KR1_.배너_취식상황.감튀모임인싸.__김소희_260911_제과_김수정,61,1,1231.0,0
2026-09-13,[제과_블트하] 26.07_블트깡출시_수동_전환_image_전체타겟,(스틱) 0911_감자강조_블트스틱출시  (신규),[26.09]F_I_BT틱_전환_블트스틱출시_제품강조형_맛피아.KR1_.배너_찐감자테스트.오늘수확.__김소희_260911_제과_김수정,14256,133,126897.0,6
2026-09-13,[제과_블트하] 26.07_블트깡출시_수동_전환_image_전체타겟,(스틱) 0911_감자강조_블트스틱출시  (신규),[26.09]F_I_BT틱_전환_블트스틱출시_제품강조형_맛피아.KR1_.배너_취식상황.영화관간식.__김소희_260911_제과_김수정,1049,6,14011.0,2
2026-09-13,[제과_블트하] 26.07_블트깡출시_수동_전환_image_전체타겟,(스틱) 0911_감자강조_블트스틱출시  (신규),[26.09]F_I_BT틱_전환_블트스틱출시_제품강조형_맛피아.KR1_.배너_취식상황.걸스나잇간식.__김소희_260911_제과_김수정,639,7,10967.0,0
2026-09-13,[제과_블트하] 26.07_블트깡출시_수동_전환_image_전체타겟,(스틱) 0911_감자강조_블트스틱출시  (신규),[26.09]F_I_BT틱_전환_블트스틱출시_제품강조형_맛피아.KR1_.배너_취식상황.캠핑고인물.__김소희_260911_제과_김수정,163,3,3580.0,0
2026-09-13,[제과_블트하] 26.07_블트깡출시_수동_전환_image_전체타겟,(스틱) 0911_감자강조_블트스틱출시  (신규),[26.09]F_I_BT틱_전환_블트스틱출시_제품강조형_맛피아.KR1_.배너_찐감자테스트.실패확률제로.__김소희_260911_제과_김수정,326,3,4331.0,0
2026-09-13,[제과_블트하] 26.07_블트깡출시_수동_전환_image_전체타겟,(스틱) 0911_감자강조_블트스틱출시  (신규),[26.09]F_I_BT틱_전환_블트스틱출시_제품강조형_맛피아.KR1_.배너_가격비교.잠시만양념감자급.__김소희_260911_제과_김수정,9845,104,55197.0,4
2026-09-13,[제과_블트하] 26.07_블트깡출시_수동_전환_image_전체타겟,(스틱) 0911_감자강조_블트스틱출시  (신규),[26.09]F_I_BT틱_전환_블트스틱출시_제품강조형_맛피아.KR1_.배너_가격비교.쌀때쟁이세요.__김소희_260911_제과_김수정,15,0,480.0,0
2026-09-13,[제과_블트하] 26.07_블트깡출시_수동_전환_image_전체타겟,(스틱) 0911_감자강조_블트스틱출시  (신규),[26.09]F_I_BT틱_전환_블트스틱출시_제품강조형_맛피아.KR1_.배너_취식상황.야구장과자탑티어.__김소희_260911_제과_김수정,160,0,2056.0,0
2026-09-13,[제과_블트하] 26.07_블트깡출시_수동_전환_image_전체타겟,(스틱) 0911_감자강조_블트스틱출시  (신규),[26.09]F_I_BT틱_전환_블트스틱출시_제품강조형_맛피아.KR1_.배너_취식상황.여자친구.__김소희_260911_제과_김수정,5496,61,71692.0,6
2026-09-13,[제과_블트하] 26.07_블트깡출시_수동_전환_image_전체타겟,(스틱) 0911_감자강조_블트스틱출시  (신규),[26.09]F_I_BT틱_전환_블트스틱출시_제품강조형_맛피아.KR1_.배너_찐감자테스트.푹찌고튀겨서.__김소희_260911_제과_김수정,179,3,2413.0,0
2026-09-13,[제과_블트하] 26.07_블트깡출시_수동_전환_image_전체타겟,(스틱) 0911_감자강조_블트스틱출시  (신규),[26.09]F_I_BT틱_전환_블트스틱출시_제품강조형_맛피아.KR1_.배너_가격비교.왕두툼해서.__김소희_260911_제과_김수정,315,4,5162.0,0
2026-09-13,[제과_블트하] 26.07_블트깡출시_수동_전환_image_전체타겟,(스틱) 0911_감자강조_블트스틱출시  (신규),[26.09]F_I_BT틱_전환_블트스틱출시_제품강조형_맛피아.KR1_.배너_취식상황.맥주4캔순삭.__김소희_260911_제과_김수정,146,2,3225.0,0
2026-09-13,[제과_블트하] 26.07_블트깡출시_수동_전환_image_전체타겟,(스틱) 0911_감자강조_블트스틱출시  (신규),[26.09]F_I_BT틱_전환_블트스틱출시_제품강조형_맛피아.KR1_.배너_찐감자테스트.휴게소통감자.__김소희_260911_제과_김수정,1747,22,17558.0,1
2026-09-11,[제과_바타입_저당웨하스] 26.06_바닐라웨하스출시_수동_전환_video_전체타겟,전화네고형_바닐라웨하스_바,[26.06]F_V_WB바_전환_바닐라웨하스출시_네고형_전화네고형_var1.릴스_희소성후킹.X_1P_최나영_260605_제과_강경연,83963,1139,1213764.0,90
2026-09-11,(마스터ASC) [제과_블트하] 26.09_블트깡출시_ASC_전환_image,(마스터ASC) [제과_블트하] 26.09_블트깡출시_ASC_전환_image,[26.08]F_I_BT혼_전환_블트칩출시_혜택강조형_나폴리맛피아.신규_.배너_브랜디드.맛피아원픽과자.__김소희_260828_제과_김수정,2,0,28.0,0
2026-09-11,[제과_블트하] 26.07_블트깡출시_수동_전환_image_전체타겟,(스틱) 0911_감자강조_블트스틱출시  (신규),[26.09]F_I_BT틱_전환_블트스틱출시_제품강조형_맛피아.KR1_.배너_가격비교.잠시만갓튀긴감튀급.__김소희_260911_제과_김수정,405,6,2081.0,0
2026-09-12,[제과_바타입_저당웨하스] 26.06_바닐라웨하스출시_수동_전환_video_전체타겟,전화네고형_바닐라웨하스_바,[26.06]F_V_WB바_전환_바닐라웨하스출시_네고형_전화네고형_var1.릴스_희소성후킹.X_1P_최나영_260605_제과_강경연,72608,1104,1142303.0,100
2026-09-12,(마스터ASC)[제과_치즈팝콘] 26.08_치즈팝콘출시_ASC_전환_image_전체타겟,(마스터ASC)[제과_치즈팝콘] 26.08_치즈팝콘출시_ASC_전환_image_전체타겟,[26.08]F_I_PC치_전환_치즈팝콘재입고_혜택강조형_KR2.물림페포_.배너_손가락에묻은치즈갈릭시즈닝까지.__권미정_260824_제과_박서연,1,0,12.0,0
2026-09-12,[제과_블트하] 26.07_블트깡출시_수동_전환_image_전체타겟,(스틱) 0911_감자강조_블트스틱출시  (신규),[26.09]F_I_BT틱_전환_블트스틱출시_제품강조형_맛피아.KR1_.배너_가격비교.잠시만갓튀긴감튀급.__김소희_260911_제과_김수정,4256,79,13652.0,0
2026-09-13,[제과_바타입_저당웨하스] 26.06_바닐라웨하스출시_수동_전환_video_전체타겟,전화네고형_바닐라웨하스_바,[26.06]F_V_WB바_전환_바닐라웨하스출시_네고형_전화네고형_var1.릴스_희소성후킹.X_1P_최나영_260605_제과_강경연,97967,1633,1637126.0,134
2026-09-11,(마스터ASC)[제과_블트하] 26.07_블트깡출시_ASC_전환_video,(마스터ASC)[제과_블트하] 26.07_블트깡출시_ASC_전환_video,[26.08]F_V_BT칩_전환_블트칩출시_신규BP_아린이네BP.KR1_main.릴스_공구형.메인.X_2P_최나영_260811_제과_윤성미,6,1,213.0,0
2026-09-11,[제과_블트하] 26.07_블트깡출시_수동_전환_video_전체타겟,0828_베이직BP_블트깡출시 (맛피아) (KR1),[26.09]F_V_BT칩_전환_블트깡출시_신규BP_베이직BP.나폴리맛피아.KR1_var3.릴스_이탈리아트러플.맛피아.X_1P__260901_제과_문형민,2053,51,24253.0,1
2026-09-11,(마스터ASC) [제과_블트하] 26.09_블트깡출시_ASC_전환_image,(마스터ASC) [제과_블트하] 26.09_블트깡출시_ASC_전환_image,[26.08]F_I_BT칩_전환_블트칩출시_혜택강조형_나폴리맛피아.KR2_.릴스_직접경험.편의점에서딱하나.__김소희_260901_제과_김수정,33,0,771.0,0
2026-09-12,(마스터ASC)[제과_블트하] 26.07_블트깡출시_ASC_전환_video,(마스터ASC)[제과_블트하] 26.07_블트깡출시_ASC_전환_video,[26.08]F_V_BT칩_전환_블트칩출시_신규BP_아린이네BP.KR1_main.릴스_공구형.메인.X_2P_최나영_260811_제과_윤성미,4,0,49.0,0
2026-09-13,(마스터ASC)[제과_블트하] 26.07_블트깡출시_ASC_전환_video,(마스터ASC)[제과_블트하] 26.07_블트깡출시_ASC_전환_video,[26.08]F_V_BT칩_전환_블트깡출시_신규BP_브랜든배너형BP_var4.릴스_손님간식1티어.할인추가.X_2P_최재원_260814_제과_최재원,12,0,210.0,0
2026-09-11,[제과_치즈팝콘] 26.08_치즈팝콘출시_수동_전환_video_전체타겟,(0805) 네고형_치즈팝콘출시 (KR2) (재은님),[26.08]F_V_PC치_전환_치즈팝콘출시_네고형_네고형_var3.릴스_황치즈.슬기.X_1P_권미정_260805_제과_피재은,1909,17,14864.0,1
2026-09-11,(마스터ASC)[제과_치즈팝콘] 26.08_치즈팝콘출시_ASC_전환_image_전체타겟,(마스터ASC)[제과_치즈팝콘] 26.08_치즈팝콘출시_ASC_전환_image_전체타겟,[26.07]F_I_PC치_전환_치즈팝콘출시_혜택강조형_KR1_.피드_이니1.맛강조.매거진형.__권미정_260805_제과_박서연,1473,11,12632.0,2
2026-09-11,(마스터ASC)[제과_블트하] 26.07_블트깡출시_ASC_전환_video,(마스터ASC)[제과_블트하] 26.07_블트깡출시_ASC_전환_video,[26.09]F_V_BT칩_전환_블트깡출시_기타_배너.메시지검증_var2.배너_가격.1안.X_2P__260901_제과_최재원,61,1,2127.0,0
2026-09-12,[제과_치즈팝콘] 26.08_치즈팝콘출시_수동_전환_video_전체타겟,(0805) 네고형_치즈팝콘출시 (KR2) (재은님),[26.08]F_V_PC치_전환_치즈팝콘출시_네고형_네고형_var3.릴스_황치즈.슬기.X_1P_권미정_260805_제과_피재은,1186,12,9054.0,0
2026-09-12,(마스터ASC)[제과_치즈팝콘] 26.08_치즈팝콘출시_ASC_전환_image_전체타겟,(마스터ASC)[제과_치즈팝콘] 26.08_치즈팝콘출시_ASC_전환_image_전체타겟,[26.07]F_I_PC치_전환_치즈팝콘출시_혜택강조형_KR1_.피드_이니1.맛강조.매거진형.__권미정_260805_제과_박서연,2476,18,20024.0,1
2026-09-13,[제과_치즈팝콘] 26.08_치즈팝콘출시_수동_전환_video_전체타겟,(0805) 네고형_치즈팝콘출시 (KR2) (재은님),[26.08]F_V_PC치_전환_치즈팝콘출시_네고형_네고형_var3.릴스_황치즈.슬기.X_1P_권미정_260805_제과_피재은,10743,114,80493.0,7
2026-09-13,(마스터ASC)[제과_치즈팝콘] 26.08_치즈팝콘출시_ASC_전환_image_전체타겟,(마스터ASC)[제과_치즈팝콘] 26.08_치즈팝콘출시_ASC_전환_image_전체타겟,[26.07]F_I_PC치_전환_치즈팝콘출시_혜택강조형_KR1_.피드_이니1.맛강조.매거진형.__권미정_260805_제과_박서연,1943,15,14918.0,0
2026-09-13,(마스터ASC) [제과_블트하] 26.09_블트깡출시_ASC_전환_image,(마스터ASC) [제과_블트하] 26.09_블트깡출시_ASC_전환_image,[26.08]F_I_BT깡_전환_블트칩출시_혜택강조형_나폴리맛피아.KR1_.배너_기존콜라보실체.4분할.__김소희_260828_제과_김수정,132,2,2106.0,0
2026-09-13,(마스터ASC)[제과_블트하] 26.07_블트깡출시_ASC_전환_video,(마스터ASC)[제과_블트하] 26.07_블트깡출시_ASC_전환_video,[26.09]F_V_BT칩_전환_블트깡출시_기타_배너.메시지검증_var2.배너_가격.1안.X_2P__260901_제과_최재원,1,0,35.0,0
2026-09-13,(마스터ASC) [제과_블트하] 26.09_블트깡출시_ASC_전환_image,(마스터ASC) [제과_블트하] 26.09_블트깡출시_ASC_전환_image,[26.08]F_I_BT칩_전환_블트칩출시_혜택강조형_나폴리맛피아.KR1_.릴스_사적소비실체.흑백요리사우승자혼술안주.__김소희_260901_제과_김수정,5,0,160.0,0
2026-09-11,(마스터ASC)[제과_블트하] 26.07_블트깡출시_ASC_전환_video,(마스터ASC)[제과_블트하] 26.07_블트깡출시_ASC_전환_video,[26.08]F_V_BT칩_전환_블트칩출시_신규BP_아린이네BP.KR1_var5.릴스_공구형.주변인인정.X_2P_최나영_260811_제과_윤성미,2,0,9.0,0
2026-09-11,(마스터ASC)[제과_블트하] 26.07_블트깡출시_ASC_전환_video,(마스터ASC)[제과_블트하] 26.07_블트깡출시_ASC_전환_video,[26.08]F_V_BT칩_전환_블트칩출시_쩜오건_시즈닝강조.이국주.KR1_var8.릴스_블트칩.트러플.슬기.X_1P__260820_제과_문형민,3,0,54.0,0
2026-09-11,(마스터ASC)[제과_치즈팝콘] 26.08_치즈팝콘출시_ASC_전환_image_전체타겟,(마스터ASC)[제과_치즈팝콘] 26.08_치즈팝콘출시_ASC_전환_image_전체타겟,[26.08]F_I_PC치_전환_치즈팝콘재입고_혜택강조형_KR1.재입고이슈_.배너_역대급중독적인맛.__권미정_260824_제과_박서연,4,0,42.0,0
2026-09-12,(마스터ASC)[제과_블트하] 26.07_블트깡출시_ASC_전환_video,(마스터ASC)[제과_블트하] 26.07_블트깡출시_ASC_전환_video,[26.08]F_V_BT칩_전환_블트칩출시_신규BP_아린이네BP.KR1_var5.릴스_공구형.주변인인정.X_2P_최나영_260811_제과_윤성미,8,0,542.0,0
2026-09-12,(마스터ASC)[제과_치즈팝콘] 26.08_치즈팝콘출시_ASC_전환_image_전체타겟,(마스터ASC)[제과_치즈팝콘] 26.08_치즈팝콘출시_ASC_전환_image_전체타겟,[26.08]F_I_PC치_전환_치즈팝콘재입고_혜택강조형_KR1.재입고이슈_.배너_역대급중독적인맛.__권미정_260824_제과_박서연,38,0,295.0,0
2026-09-12,(마스터ASC)[제과_치즈팝콘] 26.08_치즈팝콘출시_ASC_전환_image_전체타겟,(마스터ASC)[제과_치즈팝콘] 26.08_치즈팝콘출시_ASC_전환_image_전체타겟,[26.08]F_I_PC치_전환_치즈팝콘재입고_혜택강조형_KR2.물림페포_.배너_치즈싫어하는친구도.__권미정_260824_제과_박서연,5,0,21.0,0
2026-09-13,(마스터ASC)[제과_블트하] 26.07_블트깡출시_ASC_전환_video,(마스터ASC)[제과_블트하] 26.07_블트깡출시_ASC_전환_video,[26.08]F_V_BT칩_전환_블트칩출시_신규BP_아린이네BP.KR1_var5.릴스_공구형.주변인인정.X_2P_최나영_260811_제과_윤성미,9,0,169.0,0
2026-09-11,(마스터ASC)[제과_블트하] 26.07_블트깡출시_ASC_전환_video,(마스터ASC)[제과_블트하] 26.07_블트깡출시_ASC_전환_video,[26.09]F_V_BT깡_전환_블트깡출시_쩜오건_나폴리맛피아.KR1_var4.릴스_var4.슬기.X_1P__260901_제과_문형민,3,0,65.0,0
2026-09-13,[제과_치즈팝콘] 26.08_치즈팝콘출시_수동_전환_video_전체타겟,(0805) 네고형_치즈팝콘출시 (KR2) (재은님),[26.08]F_V_PC치_전환_치즈팝콘출시_네고형_네고형_var1.릴스_크림.슬기.X_1P_권미정_260805_제과_피재은,3,0,7.0,0
2026-09-13,(마스터ASC)[제과_블트하] 26.07_블트깡출시_ASC_전환_video,(마스터ASC)[제과_블트하] 26.07_블트깡출시_ASC_전환_video,[26.09]F_V_BT깡_전환_블트깡출시_쩜오건_나폴리맛피아.KR1_var4.릴스_var4.슬기.X_1P__260901_제과_문형민,3,0,8.0,0
2026-09-11,(마스터ASC)[제과_블트하] 26.07_블트깡출시_ASC_전환_video,(마스터ASC)[제과_블트하] 26.07_블트깡출시_ASC_전환_video,[26.09]F_V_BT칩_전환_블트깡출시_신규BP_베이직BP.나폴리맛피아.KR1_var2.릴스_섞기연출.맛피아.X_1P__260901_제과_문형민,345,5,8055.0,0
2026-09-11,[제과_블트하] 26.07_블트깡출시_수동_전환_video_전체타겟,0828_재원님재편집_블트칩출시 (맛피아) (신규KR),[26.09]F_V_BT칩_전환_블트깡출시_단순소구형_마미케어BP.나폴리맛피아.KR4_main.릴스_맛피아가져가도돼요.X_2P__260901_제과_최재원,1548,33,41811.0,2
2026-09-12,(마스터ASC)[제과_치즈팝콘] 26.08_치즈팝콘출시_ASC_전환_image_전체타겟,(마스터ASC)[제과_치즈팝콘] 26.08_치즈팝콘출시_ASC_전환_image_전체타겟,[26.08]F_I_PC치_전환_치즈팝콘재입고_혜택강조형_KR2.물림페포_.배너_사분할.개당1천원대.__권미정_260824_제과_박서연,1,0,12.0,0
2026-09-12,(마스터ASC)[제과_블트하] 26.07_블트깡출시_ASC_전환_video,(마스터ASC)[제과_블트하] 26.07_블트깡출시_ASC_전환_video,[26.09]F_V_BT칩_전환_블트깡출시_신규BP_베이직BP.나폴리맛피아.KR1_var2.릴스_섞기연출.맛피아.X_1P__260901_제과_문형민,42,2,858.0,0
2026-09-13,(마스터ASC)[제과_치즈팝콘] 26.08_치즈팝콘출시_ASC_전환_image_전체타겟,(마스터ASC)[제과_치즈팝콘] 26.08_치즈팝콘출시_ASC_전환_image_전체타겟,[26.08]F_I_PC치_전환_치즈팝콘재입고_혜택강조형_KR2.물림페포_.배너_사분할.개당1천원대.__권미정_260824_제과_박서연,32,2,315.0,0
2026-09-13,(마스터ASC)[제과_치즈팝콘] 26.08_치즈팝콘출시_ASC_전환_image_전체타겟,(마스터ASC)[제과_치즈팝콘] 26.08_치즈팝콘출시_ASC_전환_image_전체타겟,[26.08]F_I_PC치_전환_치즈팝콘재입고_혜택강조형__.배너_인공향료질색.__고민지_260828_제과_박서연,3,0,15.0,0
2026-09-13,(마스터ASC)[제과_블트하] 26.07_블트깡출시_ASC_전환_video,(마스터ASC)[제과_블트하] 26.07_블트깡출시_ASC_전환_video,[26.09]F_V_BT칩_전환_블트깡출시_신규BP_베이직BP.나폴리맛피아.KR1_var2.릴스_섞기연출.맛피아.X_1P__260901_제과_문형민,2672,37,43617.0,5
2026-09-11,(마스터ASC)[제과_치즈팝콘] 26.08_치즈팝콘출시_ASC_전환_image_전체타겟,(마스터ASC)[제과_치즈팝콘] 26.08_치즈팝콘출시_ASC_전환_image_전체타겟,[26.07]F_I_PC치_전환_치즈팝콘출시_혜택강조형_KR1_.피드_이니1.맛강조.sns형.__권미정_260805_제과_박서연,31,2,158.0,0
2026-09-11,(마스터ASC)[제과_블트하] 26.07_블트깡출시_ASC_전환_video,(마스터ASC)[제과_블트하] 26.07_블트깡출시_ASC_전환_video,[26.08]F_V_BT깡_전환_블트깡출시_라이브커머스형_라이브커머스형.KR1_var4.릴스_전체.메인.슬기.X_1P_김소희_260812_제과_피재은,33,0,530.0,0
2026-09-11,[제과_치즈팝콘] 26.08_치즈팝콘출시_수동_전환_video_전체타겟,(0824) CS전화네고형_치즈팝콘재입고 (KR2) (미진님),[26.08]F_V_PC치_전환_치즈팝콘재입고_네고형_CS전화네고.KR2_var3.릴스_안정형.X_2P_권미정_260824_제과_이미진,25,0,217.0,0
2026-09-11,[칩] (마스터ASC)[제과_블트하] 26.07_블트칩출시_ASC_전환_video,[칩] (마스터ASC)[제과_블트하] 26.07_블트칩출시_ASC_전환_video,[26.09]F_V_BT칩_전환_블트칩출시_기타_하파크리스틴BP.나폴리맛피아.KR1_var1.릴스_패키지얼굴.X_1P__260902_제과_피재은,18,0,548.0,0
2026-09-12,(마스터ASC)[제과_블트하] 26.07_블트깡출시_ASC_전환_video,(마스터ASC)[제과_블트하] 26.07_블트깡출시_ASC_전환_video,[26.08]F_V_BT깡_전환_블트깡출시_라이브커머스형_라이브커머스형.KR1_var4.릴스_전체.메인.슬기.X_1P_김소희_260812_제과_피재은,11,0,179.0,0
2026-09-12,[제과_치즈팝콘] 26.08_치즈팝콘출시_수동_전환_video_전체타겟,(0824) CS전화네고형_치즈팝콘재입고 (KR2) (미진님),[26.08]F_V_PC치_전환_치즈팝콘재입고_네고형_CS전화네고.KR2_var3.릴스_안정형.X_2P_권미정_260824_제과_이미진,145,1,1662.0,0
2026-09-13,(마스터ASC)[제과_치즈팝콘] 26.08_치즈팝콘출시_ASC_전환_image_전체타겟,(마스터ASC)[제과_치즈팝콘] 26.08_치즈팝콘출시_ASC_전환_image_전체타겟,[26.07]F_I_PC치_전환_치즈팝콘출시_혜택강조형_KR1_.피드_이니1.맛강조.sns형.__권미정_260805_제과_박서연,233,1,1433.0,0
2026-09-13,(마스터ASC)[제과_블트하] 26.07_블트깡출시_ASC_전환_video,(마스터ASC)[제과_블트하] 26.07_블트깡출시_ASC_전환_video,[26.08]F_V_BT칩_전환_블트칩출시_신규BP_인덕션BP.KR1_var1.릴스_주변인정.X_1P_김소희_260807_제과_이봄1,26,2,1358.0,0
2026-09-13,(마스터ASC)[제과_블트하] 26.07_블트깡출시_ASC_전환_video,(마스터ASC)[제과_블트하] 26.07_블트깡출시_ASC_전환_video,[26.08]F_V_BT깡_전환_블트깡출시_라이브커머스형_라이브커머스형.KR1_var4.릴스_전체.메인.슬기.X_1P_김소희_260812_제과_피재은,3,0,23.0,0
2026-09-13,[제과_치즈팝콘] 26.08_치즈팝콘출시_수동_전환_video_전체타겟,(0824) CS전화네고형_치즈팝콘재입고 (KR2) (미진님),[26.08]F_V_PC치_전환_치즈팝콘재입고_네고형_CS전화네고.KR2_var3.릴스_안정형.X_2P_권미정_260824_제과_이미진,19,0,585.0,0
2026-09-11,(마스터ASC)[제과_블트하] 26.07_블트깡출시_ASC_전환_video,(마스터ASC)[제과_블트하] 26.07_블트깡출시_ASC_전환_video,[26.08]F_V_BT깡_전환_블트깡출시_네고형_지인네고형.김그릇BP_var3.릴스_취식상황.X_1P_김소희_260807_제과_강경연,2,0,166.0,0
2026-09-11,(마스터ASC) [제과_블트하] 26.09_블트깡출시_ASC_전환_image,(마스터ASC) [제과_블트하] 26.09_블트깡출시_ASC_전환_image,[26.08]F_I_BT칩_전환_블트칩출시_혜택강조형_나폴리맛피아.KR1_.릴스_사적소비실체.싹쓸어감.__김소희_260901_제과_김수정,1,0,18.0,0
2026-09-12,(마스터ASC)[제과_블트하] 26.07_블트깡출시_ASC_전환_video,(마스터ASC)[제과_블트하] 26.07_블트깡출시_ASC_전환_video,[26.08]F_V_BT칩_전환_블트깡출시_신규BP_브랜든배너형BP_main.릴스_맥주안주1티어.X_2P_최재원_260813_제과_최재원,78,0,1271.0,0
2026-09-13,(마스터ASC)[제과_블트하] 26.07_블트깡출시_ASC_전환_video,(마스터ASC)[제과_블트하] 26.07_블트깡출시_ASC_전환_video,[26.08]F_V_BT칩_전환_블트깡출시_신규BP_브랜든배너형BP_main.릴스_맥주안주1티어.X_2P_최재원_260813_제과_최재원,69,1,975.0,0
2026-09-13,[제과_치즈팝콘] 26.08_치즈팝콘출시_수동_전환_video_전체타겟,(0824) 열두달식탁BP_치즈팝콘재입고 (KR1) (성미님),[26.08]F_V_PC치_전환_치즈팝콘재입고_신규BP_열두달식탁BP.KR1_var2.릴스_일상포착.X_2P_권미정_260824_제과_윤성미,79,1,929.0,0
2026-09-13,(마스터ASC) [제과_블트하] 26.09_블트깡출시_ASC_전환_image,(마스터ASC) [제과_블트하] 26.09_블트깡출시_ASC_전환_image,[26.08]F_I_BT칩_전환_블트칩출시_혜택강조형_나폴리맛피아.KR1_.릴스_사적소비실체.싹쓸어감.__김소희_260901_제과_김수정,1,0,36.0,0
2026-09-13,(마스터ASC) [제과_블트하] 26.09_블트깡출시_ASC_전환_image,(마스터ASC) [제과_블트하] 26.09_블트깡출시_ASC_전환_image,[26.09]F_I_BT칩_전환_블트칩출시_혜택강조형_나폴리맛피아.KR1_.릴스_소비량강조2.__김소희_260903_제과_박지현,1,0,15.0,0
2026-09-11,[제과_치즈팝콘] 26.08_치즈팝콘출시_수동_전환_video_전체타겟,(0805) 네고형_치즈팝콘출시 (KR2) (재은님),[26.08]F_V_PC치_전환_치즈팝콘출시_네고형_네고형_main.릴스_메인.슬기.X_1P_권미정_260805_제과_피재은,354,4,3460.0,0
2026-09-11,(마스터ASC) [제과_블트하] 26.09_블트깡출시_ASC_전환_image,(마스터ASC) [제과_블트하] 26.09_블트깡출시_ASC_전환_image,[26.09]F_I_BT칩_전환_블트칩출시_혜택강조형_나폴리맛피아.KR2_.배너_이니2.권위신뢰.트러플50종은먹어본.__김소희_260904_제과_박서연,87,1,2769.0,0
2026-09-11,(마스터ASC) [제과_블트하] 26.09_블트깡출시_ASC_전환_image,(마스터ASC) [제과_블트하] 26.09_블트깡출시_ASC_전환_image,[26.09]F_I_BT칩_전환_블트칩출시_혜택강조형_나폴리맛피아.KR2_.릴스_이니2.권위신뢰.본인입에안맞으면.__김소희_260904_제과_박서연,21,0,951.0,0
2026-09-11,(마스터ASC) [제과_블트하] 26.09_블트깡출시_ASC_전환_image,(마스터ASC) [제과_블트하] 26.09_블트깡출시_ASC_전환_image,[26.09]F_I_BT칩_전환_블트스틱출시_혜택강조형_3554_.배너_주변인다수.__김소희_260908_제과_박지현,1,0,160.0,0
2026-09-11,(마스터ASC) [제과_블트하] 26.09_블트깡출시_ASC_전환_image,(마스터ASC) [제과_블트하] 26.09_블트깡출시_ASC_전환_image,[26.09]F_I_BT칩_전환_블트스틱출시_혜택강조형_3554_.배너_먹어본주변인.__김소희_260908_제과_박지현,8,0,394.0,0
2026-09-11,(마스터ASC) [제과_블트하] 26.09_블트깡출시_ASC_전환_image,(마스터ASC) [제과_블트하] 26.09_블트깡출시_ASC_전환_image,[26.09]F_I_BT칩_전환_블트스틱출시_혜택강조형_3554_.배너_맛권위주변인2.__김소희_260908_제과_박지현,43,0,877.0,0
2026-09-12,[제과_치즈팝콘] 26.08_치즈팝콘출시_수동_전환_video_전체타겟,(0805) 네고형_치즈팝콘출시 (KR2) (재은님),[26.08]F_V_PC치_전환_치즈팝콘출시_네고형_네고형_main.릴스_메인.슬기.X_1P_권미정_260805_제과_피재은,299,4,2652.0,1
2026-09-13,[제과_치즈팝콘] 26.08_치즈팝콘출시_수동_전환_video_전체타겟,(0805) 네고형_치즈팝콘출시 (KR2) (재은님),[26.08]F_V_PC치_전환_치즈팝콘출시_네고형_네고형_main.릴스_메인.슬기.X_1P_권미정_260805_제과_피재은,3384,41,30664.0,0
2026-09-13,(마스터ASC) [제과_블트하] 26.09_블트깡출시_ASC_전환_image,(마스터ASC) [제과_블트하] 26.09_블트깡출시_ASC_전환_image,[26.09]F_I_BT칩_전환_블트칩출시_혜택강조형_나폴리맛피아.KR2_.배너_이니2.권위신뢰.트러플50종은먹어본.__김소희_260904_제과_박서연,18,1,1466.0,0
2026-09-13,(마스터ASC) [제과_블트하] 26.09_블트깡출시_ASC_전환_image,(마스터ASC) [제과_블트하] 26.09_블트깡출시_ASC_전환_image,[26.09]F_I_BT칩_전환_블트칩출시_혜택강조형_나폴리맛피아.KR2_.릴스_이니2.권위신뢰.본인입에안맞으면.__김소희_260904_제과_박서연,162,10,3142.0,0
2026-09-13,(마스터ASC) [제과_블트하] 26.09_블트깡출시_ASC_전환_image,(마스터ASC) [제과_블트하] 26.09_블트깡출시_ASC_전환_image,[26.09]F_I_BT칩_전환_블트칩출시_혜택강조형_나폴리맛피아.KR2_.배너_이니2.권위신뢰.맛피아특가.__김소희_260904_제과_박서연,1,0,35.0,0
2026-09-13,(마스터ASC) [제과_블트하] 26.09_블트깡출시_ASC_전환_image,(마스터ASC) [제과_블트하] 26.09_블트깡출시_ASC_전환_image,[26.09]F_I_BT칩_전환_블트칩출시_혜택강조형_나폴리맛피아.KR2_.배너_이니3.대세증명.고급진이태리산.__김소희_260904_제과_박서연,5,0,35.0,0
2026-09-13,(마스터ASC) [제과_블트하] 26.09_블트깡출시_ASC_전환_image,(마스터ASC) [제과_블트하] 26.09_블트깡출시_ASC_전환_image,[26.09]F_I_BT칩_전환_블트칩출시_혜택강조형_나폴리맛피아.KR2_.배너_이니1.체험효과.딱이번주만1천원대.__김소희_260904_제과_박서연,7,0,441.0,0
2026-09-13,(마스터ASC) [제과_블트하] 26.09_블트깡출시_ASC_전환_image,(마스터ASC) [제과_블트하] 26.09_블트깡출시_ASC_전환_image,[26.09]F_I_BT칩_전환_블트칩출시_혜택강조형_나폴리맛피아.KR2_.릴스_이니1.체험효과.몇개좀가져가도돼요?.__김소희_260904_제과_박서연,7,0,167.0,0
2026-09-13,(마스터ASC) [제과_블트하] 26.09_블트깡출시_ASC_전환_image,(마스터ASC) [제과_블트하] 26.09_블트깡출시_ASC_전환_image,[26.09]F_I_BT칩_전환_블트스틱출시_혜택강조형_3554_.배너_맛권위주변인.__김소희_260908_제과_박지현,2,0,18.0,0
2026-09-13,(마스터ASC) [제과_블트하] 26.09_블트깡출시_ASC_전환_image,(마스터ASC) [제과_블트하] 26.09_블트깡출시_ASC_전환_image,[26.09]F_I_BT칩_전환_블트스틱출시_혜택강조형_3554_.배너_주변인다수.__김소희_260908_제과_박지현,3,0,90.0,0
2026-09-13,(마스터ASC) [제과_블트하] 26.09_블트깡출시_ASC_전환_image,(마스터ASC) [제과_블트하] 26.09_블트깡출시_ASC_전환_image,[26.09]F_I_BT칩_전환_블트스틱출시_혜택강조형_3554_.배너_의심주변인2.__김소희_260908_제과_김수정,2,0,181.0,0
2026-09-13,(마스터ASC) [제과_블트하] 26.09_블트깡출시_ASC_전환_image,(마스터ASC) [제과_블트하] 26.09_블트깡출시_ASC_전환_image,[26.09]F_I_BT칩_전환_블트스틱출시_혜택강조형_3554_.배너_먹어본주변인.__김소희_260908_제과_박지현,1,0,27.0,0
2026-09-11,(마스터ASC)[제과_블트하] 26.07_블트깡출시_ASC_전환_video,(마스터ASC)[제과_블트하] 26.07_블트깡출시_ASC_전환_video,[26.08]F_V_BT깡_전환_블트깡출시_라이브커머스형_라이브커머스형.KR1_var2.릴스_찐템강조.남편.슬기.X_1P_김소희_260811_제과_피재은,3,0,521.0,0
2026-09-11,(마스터ASC) [제과_블트하] 26.09_블트깡출시_ASC_전환_image,(마스터ASC) [제과_블트하] 26.09_블트깡출시_ASC_전환_image,[26.08]F_I_BT혼_전환_블트칩출시_혜택강조형_나폴리맛피아.KR1_.배너_기존콜라보실체.콜라보했다하면.__김소희_260828_제과_김수정,2,0,118.0,0
2026-09-12,(마스터ASC)[제과_블트하] 26.07_블트깡출시_ASC_전환_video,(마스터ASC)[제과_블트하] 26.07_블트깡출시_ASC_전환_video,[26.08]F_V_BT칩_전환_블트칩출시_제조과정형_제조과정형.이국주.KR2_var2.릴스_CU.X_1P__260821_제과_피재은,1,0,8.0,0
2026-09-13,(마스터ASC)[제과_블트하] 26.07_블트깡출시_ASC_전환_video,(마스터ASC)[제과_블트하] 26.07_블트깡출시_ASC_전환_video,[26.08]F_V_BT칩_전환_블트칩출시_제조과정형_제조과정형.이국주.KR2_var2.릴스_CU.X_1P__260821_제과_피재은,17,0,218.0,0
