[2026-06-14 09:32:18] 수집 범위: 2026-06-13 ~ 2026-06-13 (1일)
[2026-06-14 09:32:19] 리포트 작업 생성: 1003402842336739
[2026-06-14 09:32:19]   0% / Job Not Started
[2026-06-14 09:32:25]   0% / Job Not Started
[2026-06-14 09:32:30]   0% / Job Not Started
[2026-06-14 09:32:35]   0% / Job Started
[2026-06-14 09:32:41]   0% / Job Started
[2026-06-14 09:32:46]   0% / Job Started
[2026-06-14 09:32:51]   0% / Job Started
[2026-06-14 09:32:57]   0% / Job Started
[2026-06-14 09:33:02]   0% / Job Started
[2026-06-14 09:33:07]   0% / Job Started
[2026-06-14 09:33:12]   0% / Job Started
[2026-06-14 09:33:18]   0% / Job Started
[2026-06-14 09:33:23]   0% / Job Started
[2026-06-14 09:33:28]   0% / Job Started
[2026-06-14 09:33:34]   0% / Job Started
[2026-06-14 09:33:39]   0% / Job Running
[2026-06-14 09:33:44]   0% / Job Running
[2026-06-14 09:33:50]   42% / Job Running
[2026-06-14 09:33:55]   84% / Job Running
[2026-06-14 09:34:00]   100% / Job Running
[2026-06-14 09:34:05]   100% / Job Completed
[2026-06-14 09:34:06]   페이지 1: +146행 (누적 146행)
[2026-06-14 09:34:06] 광고세트 목표 조회: 18/18개
[2026-06-14 09:34:06] 완료: 146행 -> /home/runner/work/lalasweet-ad-dashboard/lalasweet-ad-dashboard/data/meta_raw_2026-06-13_2026-06-13.csv
[2026-06-14 09:34:06] 마지막 성공 날짜 갱신: 2026-06-13
[2026-06-14 09:40:43] 수집 범위: 2026-06-01 ~ 2026-06-13 (13일)
[2026-06-14 09:40:44] 리포트 작업 생성: 2608115339602967
[2026-06-14 09:40:45]   0% / Job Not Started
[2026-06-14 09:40:50]   0% / Job Not Started
[2026-06-14 09:40:56]   0% / Job Not Started
[2026-06-14 09:41:01]   0% / Job Not Started
[2026-06-14 09:41:06]   0% / Job Not Started
[2026-06-14 09:41:12]   0% / Job Not Started
[2026-06-14 09:41:17]   0% / Job Not Started
[2026-06-14 09:41:22]   0% / Job Not Started
[2026-06-14 09:41:28]   0% / Job Not Started
[2026-06-14 09:41:33]   0% / Job Started
[2026-06-14 09:41:39]   0% / Job Started
[2026-06-14 09:41:45]   0% / Job Started
[2026-06-14 09:41:50]   0% / Job Started
[2026-06-14 09:41:55]   0% / Job Started
[2026-06-14 09:42:01]   0% / Job Started
[2026-06-14 09:42:06]   0% / Job Started
[2026-06-14 09:42:12]   0% / Job Running
[2026-06-14 09:42:18]   34% / Job Running
[2026-06-14 09:42:23]   69% / Job Running
[2026-06-14 09:42:29]   98% / Job Running
[2026-06-14 09:42:34]   100% / Job Running
[2026-06-14 09:42:40]   100% / Job Running
[2026-06-14 09:42:45]   100% / Job Completed
[2026-06-14 09:42:47]   페이지 1: +500행 (누적 500행)
[2026-06-14 09:42:49]   페이지 2: +500행 (누적 1000행)
[2026-06-14 09:42:51]   페이지 3: +500행 (누적 1500행)
[2026-06-14 09:42:54]   페이지 4: +500행 (누적 2000행)
[2026-06-14 09:42:55]   페이지 5: +500행 (누적 2500행)
[2026-06-14 09:42:57]   페이지 6: +393행 (누적 2893행)
[2026-06-14 09:42:58] 광고세트 목표 조회: 83/83개
[2026-06-14 09:42:58] 완료: 2893행 -> /home/runner/work/lalasweet-ad-dashboard/lalasweet-ad-dashboard/data/meta_raw_2026-06-01_2026-06-13.csv
[2026-06-14 09:42:58] 마지막 성공 날짜 갱신: 2026-06-13
[2026-06-14 13:44:04] 받을 새 데이터 없음 (이미 2026-06-13까지 수집 완료) -> 종료
[2026-06-14 23:59:06] 받을 새 데이터 없음 (이미 2026-06-13까지 수집 완료) -> 종료
[2026-06-15 02:02:25] 수집 범위: 2026-06-14 ~ 2026-06-14 (1일)
[2026-06-15 02:02:25] 리포트 작업 생성: 950366794708811
[2026-06-15 02:02:26]   0% / Job Not Started
[2026-06-15 02:02:31]   0% / Job Not Started
[2026-06-15 02:02:37]   0% / Job Not Started
[2026-06-15 02:02:42]   0% / Job Not Started
[2026-06-15 02:02:48]   0% / Job Not Started
[2026-06-15 02:02:53]   0% / Job Not Started
[2026-06-15 02:02:59]   0% / Job Not Started
[2026-06-15 02:03:04]   0% / Job Not Started
[2026-06-15 02:03:09]   0% / Job Not Started
[2026-06-15 02:03:15]   0% / Job Started
[2026-06-15 02:03:20]   0% / Job Started
[2026-06-15 02:03:25]   0% / Job Started
[2026-06-15 02:03:31]   0% / Job Started
[2026-06-15 02:03:36]   0% / Job Started
[2026-06-15 02:03:41]   0% / Job Started
[2026-06-15 02:03:47]   0% / Job Started
[2026-06-15 02:03:52]   0% / Job Started
[2026-06-15 02:03:57]   0% / Job Started
[2026-06-15 02:04:03]   0% / Job Running
[2026-06-15 02:04:08]   0% / Job Running
[2026-06-15 02:04:14]   72% / Job Running
[2026-06-15 02:04:19]   100% / Job Running
[2026-06-15 02:04:24]   100% / Job Running
[2026-06-15 02:04:30]   100% / Job Completed
[2026-06-15 02:04:31]   페이지 1: +110행 (누적 110행)
[2026-06-15 02:04:31] 광고세트 목표 조회: 19/19개
[2026-06-15 02:04:31]   소재명 정리: '[26.06]F_I_PC혼_전환_팝콘주말특가_혜택강조형__.배너_페인포인트해소.이미구매하신분들죄송.__박현지_260612_제과_김수정 - 사본' -> '[26.06]F_I_PC혼_전환_팝콘주말특가_혜택강조형__.배너_페인포인트해소.이미구매하신분들죄송.__박현지_260612_제과_김수정'
[2026-06-15 02:04:31]   소재명 정리: '[26.06]F_I_PC혼_전환_팝콘주말특가_혜택강조형__._페인포인트해소.주말만10%추가할인박스규모.__박현지_260612_제과_김수정 - 사본' -> '[26.06]F_I_PC혼_전환_팝콘주말특가_혜택강조형__._페인포인트해소.주말만10%추가할인박스규모.__박현지_260612_제과_김수정'
[2026-06-15 02:04:31]   소재명 정리: '[26.06]F_I_PC혼_전환_팝콘주말특가_혜택강조형__._페인포인트해소.긴급지금입니다.__박현지_260612_제과_김수정 - 사본' -> '[26.06]F_I_PC혼_전환_팝콘주말특가_혜택강조형__._페인포인트해소.긴급지금입니다.__박현지_260612_제과_김수정'
[2026-06-15 02:04:31]   소재명 정리: '[26.06]F_I_PC혼_전환_팝콘주말특가_혜택강조형__._페인포인트해소.주말만10%추가할인.__박현지_260612_제과_김수정 - 사본' -> '[26.06]F_I_PC혼_전환_팝콘주말특가_혜택강조형__._페인포인트해소.주말만10%추가할인.__박현지_260612_제과_김수정'
[2026-06-15 02:04:31]   소재명 정리: '[26.06]F_I_PC혼_전환_팝콘주말특가_혜택강조형__._페인포인트해소.간식값절반.__박현지_260612_제과_김수정 - 사본' -> '[26.06]F_I_PC혼_전환_팝콘주말특가_혜택강조형__._페인포인트해소.간식값절반.__박현지_260612_제과_김수정'
[2026-06-15 02:04:31] 소재명 ' - 사본' 정리 완료: 5건
[2026-06-15 02:04:31] 완료: 110행 -> /home/runner/work/lalasweet-ad-dashboard/lalasweet-ad-dashboard/data/meta_raw_2026-06-14_2026-06-14.csv
[2026-06-15 02:04:31] 마지막 성공 날짜 갱신: 2026-06-14
[2026-06-15 03:45:06] 받을 새 데이터 없음 (이미 2026-06-14까지 수집 완료) -> 종료
[2026-06-16 00:15:30] 수집 범위: 2026-06-15 ~ 2026-06-15 (1일)
[2026-06-16 00:15:30] 리포트 작업 생성: 1039283838775171
[2026-06-16 00:15:30]   0% / Job Not Started
[2026-06-16 00:15:36]   0% / Job Not Started
[2026-06-16 00:15:41]   0% / Job Not Started
[2026-06-16 00:15:46]   0% / Job Not Started
[2026-06-16 00:15:51]   0% / Job Not Started
[2026-06-16 00:15:56]   0% / Job Not Started
[2026-06-16 00:16:02]   0% / Job Not Started
[2026-06-16 00:16:07]   0% / Job Started
[2026-06-16 00:16:12]   0% / Job Started
[2026-06-16 00:16:17]   0% / Job Started
[2026-06-16 00:16:22]   0% / Job Started
[2026-06-16 00:16:28]   0% / Job Started
[2026-06-16 00:16:33]   0% / Job Started
[2026-06-16 00:16:38]   0% / Job Started
[2026-06-16 00:16:43]   0% / Job Started
[2026-06-16 00:16:48]   0% / Job Started
[2026-06-16 00:16:54]   0% / Job Started
[2026-06-16 00:16:59]   0% / Job Started
[2026-06-16 00:17:04]   0% / Job Started
[2026-06-16 00:17:09]   0% / Job Started
[2026-06-16 00:17:14]   0% / Job Running
[2026-06-16 00:17:20]   0% / Job Running
[2026-06-16 00:17:25]   44% / Job Running
[2026-06-16 00:17:30]   88% / Job Running
[2026-06-16 00:17:35]   100% / Job Running
[2026-06-16 00:17:41]   100% / Job Running
[2026-06-16 00:17:46]   100% / Job Completed
[2026-06-16 00:17:46]   페이지 1: +35행 (누적 35행)
[2026-06-16 00:17:47] 광고세트 목표 조회: 12/12개
[2026-06-16 00:17:47] 완료: 35행 -> /home/runner/work/lalasweet-ad-dashboard/lalasweet-ad-dashboard/data/meta_raw_2026-06-15_2026-06-15.csv
[2026-06-16 00:17:47] 마지막 성공 날짜 갱신: 2026-06-15
[2026-06-16 12:00:59] [백필 모드] 수집 범위: 2026-01-01 ~ 2026-05-31
[2026-06-16 12:00:59] 경고: 다운로드 범위가 151일. 장기 미실행/연속 실패 가능성.
[2026-06-16 12:00:59] 수집 범위: 2026-01-01 ~ 2026-05-31 (151일)
[2026-06-16 12:01:00] 리포트 작업 생성: 1249498833769260
[2026-06-16 12:01:00]   0% / Job Not Started
[2026-06-16 12:01:05]   0% / Job Not Started
[2026-06-16 12:01:11]   0% / Job Not Started
[2026-06-16 12:01:16]   0% / Job Not Started
[2026-06-16 12:01:21]   0% / Job Not Started
[2026-06-16 12:01:27]   0% / Job Not Started
[2026-06-16 12:01:32]   0% / Job Not Started
[2026-06-16 12:01:37]   0% / Job Started
[2026-06-16 12:01:42]   0% / Job Started
[2026-06-16 12:01:48]   0% / Job Started
[2026-06-16 12:01:53]   0% / Job Started
[2026-06-16 12:01:59]   0% / Job Started
[2026-06-16 12:02:04]   0% / Job Started
[2026-06-16 12:02:09]   0% / Job Started
[2026-06-16 12:02:15]   0% / Job Started
[2026-06-16 12:02:20]   0% / Job Started
[2026-06-16 12:02:25]   0% / Job Started
[2026-06-16 12:02:31]   0% / Job Running
[2026-06-16 12:02:36]   0% / Job Running
[2026-06-16 12:02:41]   0% / Job Running
[2026-06-16 12:02:47]   0% / Job Running
[2026-06-16 12:02:52]   0% / Job Running
[2026-06-16 12:02:57]   0% / Job Running
[2026-06-16 12:03:03]   0% / Job Running
[2026-06-16 12:03:08]   0% / Job Running
[2026-06-16 12:03:13]   90% / Job Running
[2026-06-16 12:03:18]   98% / Job Running
[2026-06-16 12:03:24]   100% / Job Running
[2026-06-16 12:03:29]   100% / Job Running
[2026-06-16 12:03:35]   100% / Job Running
[2026-06-16 12:03:41]   100% / Job Running
[2026-06-16 12:03:46]   100% / Job Running
[2026-06-16 12:03:51]   100% / Job Running
[2026-06-16 12:03:56]   100% / Job Running
[2026-06-16 12:04:02]   100% / Job Running
[2026-06-16 12:04:07]   100% / Job Completed
[2026-06-16 12:04:11]   페이지 1: +500행 (누적 500행)
[2026-06-16 12:04:13]   페이지 2: +500행 (누적 1000행)
[2026-06-16 12:04:15]   페이지 3: +500행 (누적 1500행)
[2026-06-16 12:04:17]   페이지 4: +500행 (누적 2000행)
[2026-06-16 12:04:20]   페이지 5: +500행 (누적 2500행)
[2026-06-16 12:04:22]   페이지 6: +500행 (누적 3000행)
[2026-06-16 12:04:24]   페이지 7: +500행 (누적 3500행)
[2026-06-16 12:04:27]   페이지 8: +500행 (누적 4000행)
[2026-06-16 12:04:31]   페이지 9: +500행 (누적 4500행)
[2026-06-16 12:04:32]   페이지 10: +500행 (누적 5000행)
[2026-06-16 12:04:34]   페이지 11: +500행 (누적 5500행)
[2026-06-16 12:04:36]   페이지 12: +500행 (누적 6000행)
[2026-06-16 12:04:38]   페이지 13: +500행 (누적 6500행)
[2026-06-16 12:04:40]   페이지 14: +500행 (누적 7000행)
[2026-06-16 12:04:42]   페이지 15: +500행 (누적 7500행)
[2026-06-16 12:04:44]   페이지 16: +500행 (누적 8000행)
[2026-06-16 12:04:46]   페이지 17: +500행 (누적 8500행)
[2026-06-16 12:04:47]   페이지 18: +500행 (누적 9000행)
[2026-06-16 12:04:49]   페이지 19: +500행 (누적 9500행)
[2026-06-16 12:04:50]   페이지 20: +500행 (누적 10000행)
[2026-06-16 12:04:52]   페이지 21: +500행 (누적 10500행)
[2026-06-16 12:04:54]   페이지 22: +500행 (누적 11000행)
[2026-06-16 12:04:56]   페이지 23: +500행 (누적 11500행)
[2026-06-16 12:04:58]   페이지 24: +500행 (누적 12000행)
[2026-06-16 12:05:00]   페이지 25: +500행 (누적 12500행)
[2026-06-16 12:05:01]   페이지 26: +500행 (누적 13000행)
[2026-06-16 12:05:02]   페이지 27: +500행 (누적 13500행)
[2026-06-16 12:05:04]   페이지 28: +500행 (누적 14000행)
[2026-06-16 12:05:06]   페이지 29: +500행 (누적 14500행)
[2026-06-16 12:05:10]   페이지 30: +500행 (누적 15000행)
[2026-06-16 12:05:13]   페이지 31: +500행 (누적 15500행)
[2026-06-16 12:05:14]   페이지 32: +500행 (누적 16000행)
[2026-06-16 12:05:17]   페이지 33: +500행 (누적 16500행)
[2026-06-16 12:05:19]   페이지 34: +500행 (누적 17000행)
[2026-06-16 12:05:21]   페이지 35: +500행 (누적 17500행)
[2026-06-16 12:05:24]   페이지 36: +500행 (누적 18000행)
[2026-06-16 12:05:26]   페이지 37: +500행 (누적 18500행)
[2026-06-16 12:05:27]   페이지 38: +500행 (누적 19000행)
[2026-06-16 12:05:29]   페이지 39: +500행 (누적 19500행)
[2026-06-16 12:05:33]   페이지 40: +500행 (누적 20000행)
[2026-06-16 12:05:35]   페이지 41: +500행 (누적 20500행)
[2026-06-16 12:05:37]   페이지 42: +500행 (누적 21000행)
[2026-06-16 12:05:39]   페이지 43: +500행 (누적 21500행)
[2026-06-16 12:05:43]   페이지 44: +500행 (누적 22000행)
[2026-06-16 12:05:46]   페이지 45: +500행 (누적 22500행)
[2026-06-16 12:05:48]   페이지 46: +500행 (누적 23000행)
[2026-06-16 12:05:49]   페이지 47: +500행 (누적 23500행)
[2026-06-16 12:05:53]   페이지 48: +500행 (누적 24000행)
[2026-06-16 12:05:56]   페이지 49: +500행 (누적 24500행)
[2026-06-16 12:05:59]   페이지 50: +500행 (누적 25000행)
[2026-06-16 12:06:02]   페이지 51: +500행 (누적 25500행)
[2026-06-16 12:06:04]   페이지 52: +500행 (누적 26000행)
[2026-06-16 12:06:06]   페이지 53: +500행 (누적 26500행)
[2026-06-16 12:06:07]   페이지 54: +500행 (누적 27000행)
[2026-06-16 12:06:09]   페이지 55: +500행 (누적 27500행)
[2026-06-16 12:06:11]   페이지 56: +500행 (누적 28000행)
[2026-06-16 12:06:13]   페이지 57: +500행 (누적 28500행)
[2026-06-16 12:06:15]   페이지 58: +500행 (누적 29000행)
[2026-06-16 12:06:18]   페이지 59: +500행 (누적 29500행)
[2026-06-16 12:06:20]   페이지 60: +500행 (누적 30000행)
[2026-06-16 12:06:23]   페이지 61: +500행 (누적 30500행)
[2026-06-16 12:06:25]   페이지 62: +500행 (누적 31000행)
[2026-06-16 12:06:26]   페이지 63: +76행 (누적 31076행)
[2026-06-16 12:06:34] 광고세트 목표 조회: 931/931개
[2026-06-16 12:06:34]   소재명 정리: '[26.04]F_V_BA망_전환_망요바출시_네고형_반전네고형_var3.릴스_비하인드.X_2C_안예빈_260410_2T_유영현유영현 - 사본' -> '[26.04]F_V_BA망_전환_망요바출시_네고형_반전네고형_var3.릴스_비하인드.X_2C_안예빈_260410_2T_유영현유영현'
[2026-06-16 12:06:34]   소재명 정리: '[26.04]F_V_BA망_전환_망요바출시_네고형_반전네고형_var3.릴스_비하인드.X_2C_안예빈_260410_2T_유영현유영현 - 사본' -> '[26.04]F_V_BA망_전환_망요바출시_네고형_반전네고형_var3.릴스_비하인드.X_2C_안예빈_260410_2T_유영현유영현'
[2026-06-16 12:06:34] 소재명 ' - 사본' 정리 완료: 2건
[2026-06-16 12:06:34] [백필 모드] state 파일 갱신 생략
[2026-06-16 12:06:34] 완료: 31076행 -> /home/runner/work/lalasweet-ad-dashboard/lalasweet-ad-dashboard/data/meta_raw_2026-01-01_2026-05-31.csv
[2026-06-16 12:52:22] [백필 모드] 수집 범위: 2026-01-01 ~ 2026-06-15
[2026-06-16 12:52:22] 경고: 다운로드 범위가 166일. 장기 미실행/연속 실패 가능성.
[2026-06-16 12:52:22] 수집 범위: 2026-01-01 ~ 2026-06-15 (166일)
[2026-06-16 12:52:23] 리포트 작업 생성: 1490680725488344
[2026-06-16 12:52:23]   0% / Job Not Started
[2026-06-16 12:52:29]   0% / Job Not Started
[2026-06-16 12:52:34]   0% / Job Not Started
[2026-06-16 12:52:39]   0% / Job Not Started
[2026-06-16 12:52:45]   0% / Job Not Started
[2026-06-16 12:52:50]   0% / Job Not Started
[2026-06-16 12:52:56]   0% / Job Not Started
[2026-06-16 12:53:01]   0% / Job Not Started
[2026-06-16 12:53:06]   0% / Job Not Started
[2026-06-16 12:53:12]   0% / Job Started
[2026-06-16 12:53:17]   0% / Job Started
[2026-06-16 12:53:23]   0% / Job Started
[2026-06-16 12:53:28]   0% / Job Started
[2026-06-16 12:53:34]   0% / Job Started
[2026-06-16 12:53:39]   0% / Job Started
[2026-06-16 12:53:44]   0% / Job Started
[2026-06-16 12:53:50]   0% / Job Started
[2026-06-16 12:53:55]   0% / Job Running
[2026-06-16 12:54:01]   0% / Job Running
[2026-06-16 12:54:06]   0% / Job Running
[2026-06-16 12:54:12]   0% / Job Running
[2026-06-16 12:54:17]   0% / Job Running
[2026-06-16 12:54:22]   0% / Job Running
[2026-06-16 12:54:28]   0% / Job Running
[2026-06-16 12:54:33]   90% / Job Running
[2026-06-16 12:54:39]   99% / Job Running
[2026-06-16 12:54:44]   100% / Job Running
[2026-06-16 12:54:50]   100% / Job Running
[2026-06-16 12:54:55]   100% / Job Running
[2026-06-16 12:55:01]   100% / Job Running
[2026-06-16 12:55:06]   100% / Job Running
[2026-06-16 12:55:11]   100% / Job Completed
[2026-06-16 12:55:14]   페이지 1: +500행 (누적 500행)
[2026-06-16 12:55:16]   페이지 2: +500행 (누적 1000행)
[2026-06-16 12:55:17]   페이지 3: +500행 (누적 1500행)
[2026-06-16 12:55:20]   페이지 4: +500행 (누적 2000행)
[2026-06-16 12:55:22]   페이지 5: +500행 (누적 2500행)
[2026-06-16 12:55:24]   페이지 6: +500행 (누적 3000행)
[2026-06-16 12:55:26]   페이지 7: +500행 (누적 3500행)
[2026-06-16 12:55:28]   페이지 8: +500행 (누적 4000행)
[2026-06-16 12:55:30]   페이지 9: +500행 (누적 4500행)
[2026-06-16 12:55:32]   페이지 10: +500행 (누적 5000행)
[2026-06-16 12:55:34]   페이지 11: +500행 (누적 5500행)
[2026-06-16 12:55:37]   페이지 12: +500행 (누적 6000행)
[2026-06-16 12:55:39]   페이지 13: +500행 (누적 6500행)
[2026-06-16 12:55:41]   페이지 14: +500행 (누적 7000행)
[2026-06-16 12:55:44]   페이지 15: +500행 (누적 7500행)
[2026-06-16 12:55:46]   페이지 16: +500행 (누적 8000행)
[2026-06-16 12:55:48]   페이지 17: +500행 (누적 8500행)
[2026-06-16 12:55:50]   페이지 18: +500행 (누적 9000행)
[2026-06-16 12:55:52]   페이지 19: +500행 (누적 9500행)
[2026-06-16 12:55:55]   페이지 20: +500행 (누적 10000행)
[2026-06-16 12:55:58]   페이지 21: +500행 (누적 10500행)
[2026-06-16 12:56:00]   페이지 22: +500행 (누적 11000행)
[2026-06-16 12:56:01]   페이지 23: +500행 (누적 11500행)
[2026-06-16 12:56:05]   페이지 24: +500행 (누적 12000행)
[2026-06-16 12:56:06]   페이지 25: +500행 (누적 12500행)
[2026-06-16 12:56:08]   페이지 26: +500행 (누적 13000행)
[2026-06-16 12:56:10]   페이지 27: +500행 (누적 13500행)
[2026-06-16 12:56:12]   페이지 28: +500행 (누적 14000행)
[2026-06-16 12:56:14]   페이지 29: +500행 (누적 14500행)
[2026-06-16 12:56:16]   페이지 30: +500행 (누적 15000행)
[2026-06-16 12:56:18]   페이지 31: +500행 (누적 15500행)
[2026-06-16 12:56:21]   페이지 32: +500행 (누적 16000행)
[2026-06-16 12:56:23]   페이지 33: +500행 (누적 16500행)
[2026-06-16 12:56:25]   페이지 34: +500행 (누적 17000행)
[2026-06-16 12:56:27]   페이지 35: +500행 (누적 17500행)
[2026-06-16 12:56:30]   페이지 36: +500행 (누적 18000행)
[2026-06-16 12:56:32]   페이지 37: +500행 (누적 18500행)
[2026-06-16 12:56:34]   페이지 38: +500행 (누적 19000행)
[2026-06-16 12:56:36]   페이지 39: +500행 (누적 19500행)
[2026-06-16 12:56:40]   페이지 40: +500행 (누적 20000행)
[2026-06-16 12:56:42]   페이지 41: +500행 (누적 20500행)
[2026-06-16 12:56:44]   페이지 42: +500행 (누적 21000행)
[2026-06-16 12:56:46]   페이지 43: +500행 (누적 21500행)
[2026-06-16 12:56:50]   페이지 44: +500행 (누적 22000행)
[2026-06-16 12:56:52]   페이지 45: +500행 (누적 22500행)
[2026-06-16 12:56:54]   페이지 46: +500행 (누적 23000행)
[2026-06-16 12:56:56]   페이지 47: +500행 (누적 23500행)
[2026-06-16 12:57:00]   페이지 48: +500행 (누적 24000행)
[2026-06-16 12:57:02]   페이지 49: +500행 (누적 24500행)
[2026-06-16 12:57:04]   페이지 50: +500행 (누적 25000행)
[2026-06-16 12:57:06]   페이지 51: +500행 (누적 25500행)
[2026-06-16 12:57:08]   페이지 52: +500행 (누적 26000행)
[2026-06-16 12:57:09]   페이지 53: +500행 (누적 26500행)
[2026-06-16 12:57:11]   페이지 54: +500행 (누적 27000행)
[2026-06-16 12:57:13]   페이지 55: +500행 (누적 27500행)
[2026-06-16 12:57:15]   페이지 56: +500행 (누적 28000행)
[2026-06-16 12:57:17]   페이지 57: +500행 (누적 28500행)
[2026-06-16 12:57:19]   페이지 58: +500행 (누적 29000행)
[2026-06-16 12:57:21]   페이지 59: +500행 (누적 29500행)
[2026-06-16 12:57:23]   페이지 60: +500행 (누적 30000행)
[2026-06-16 12:57:25]   페이지 61: +213행 (누적 30213행)
[2026-06-16 12:57:34] 광고세트 목표 조회: 828/828개
[2026-06-16 12:57:34]   소재명 정리: '[26.06]F_I_PC혼_전환_팝콘주말특가_혜택강조형__.배너_페인포인트해소.이미구매하신분들죄송.__박현지_260612_제과_김수정 - 사본' -> '[26.06]F_I_PC혼_전환_팝콘주말특가_혜택강조형__.배너_페인포인트해소.이미구매하신분들죄송.__박현지_260612_제과_김수정'
[2026-06-16 12:57:34]   소재명 정리: '[26.06]F_I_PC혼_전환_팝콘주말특가_혜택강조형__._페인포인트해소.주말만10%추가할인박스규모.__박현지_260612_제과_김수정 - 사본' -> '[26.06]F_I_PC혼_전환_팝콘주말특가_혜택강조형__._페인포인트해소.주말만10%추가할인박스규모.__박현지_260612_제과_김수정'
[2026-06-16 12:57:34]   소재명 정리: '[26.06]F_I_PC혼_전환_팝콘주말특가_혜택강조형__._페인포인트해소.긴급지금입니다.__박현지_260612_제과_김수정 - 사본' -> '[26.06]F_I_PC혼_전환_팝콘주말특가_혜택강조형__._페인포인트해소.긴급지금입니다.__박현지_260612_제과_김수정'
[2026-06-16 12:57:34]   소재명 정리: '[26.06]F_I_PC혼_전환_팝콘주말특가_혜택강조형__._페인포인트해소.주말만10%추가할인.__박현지_260612_제과_김수정 - 사본' -> '[26.06]F_I_PC혼_전환_팝콘주말특가_혜택강조형__._페인포인트해소.주말만10%추가할인.__박현지_260612_제과_김수정'
[2026-06-16 12:57:34]   소재명 정리: '[26.06]F_I_PC혼_전환_팝콘주말특가_혜택강조형__._페인포인트해소.간식값절반.__박현지_260612_제과_김수정 - 사본' -> '[26.06]F_I_PC혼_전환_팝콘주말특가_혜택강조형__._페인포인트해소.간식값절반.__박현지_260612_제과_김수정'
[2026-06-16 12:57:34]   소재명 정리: '[26.06]F_I_PC혼_전환_팝콘주말특가_혜택강조형__.배너_페인포인트해소.이미구매하신분들죄송.__박현지_260612_제과_김수정 - 사본' -> '[26.06]F_I_PC혼_전환_팝콘주말특가_혜택강조형__.배너_페인포인트해소.이미구매하신분들죄송.__박현지_260612_제과_김수정'
[2026-06-16 12:57:34]   소재명 정리: '[26.06]F_I_PC혼_전환_팝콘주말특가_혜택강조형__._페인포인트해소.주말만10%추가할인박스규모.__박현지_260612_제과_김수정 - 사본' -> '[26.06]F_I_PC혼_전환_팝콘주말특가_혜택강조형__._페인포인트해소.주말만10%추가할인박스규모.__박현지_260612_제과_김수정'
[2026-06-16 12:57:34]   소재명 정리: '[26.06]F_I_PC혼_전환_팝콘주말특가_혜택강조형__._페인포인트해소.긴급지금입니다.__박현지_260612_제과_김수정 - 사본' -> '[26.06]F_I_PC혼_전환_팝콘주말특가_혜택강조형__._페인포인트해소.긴급지금입니다.__박현지_260612_제과_김수정'
[2026-06-16 12:57:34]   소재명 정리: '[26.06]F_I_PC혼_전환_팝콘주말특가_혜택강조형__._페인포인트해소.주말만10%추가할인.__박현지_260612_제과_김수정 - 사본' -> '[26.06]F_I_PC혼_전환_팝콘주말특가_혜택강조형__._페인포인트해소.주말만10%추가할인.__박현지_260612_제과_김수정'
[2026-06-16 12:57:34]   소재명 정리: '[26.06]F_I_PC혼_전환_팝콘주말특가_혜택강조형__._페인포인트해소.간식값절반.__박현지_260612_제과_김수정 - 사본' -> '[26.06]F_I_PC혼_전환_팝콘주말특가_혜택강조형__._페인포인트해소.간식값절반.__박현지_260612_제과_김수정'
[2026-06-16 12:57:34] 소재명 ' - 사본' 정리 완료: 10건
[2026-06-16 12:57:34] [백필 모드] state 파일 갱신 생략
[2026-06-16 12:57:34] 완료: 30213행 -> /home/runner/work/lalasweet-ad-dashboard/lalasweet-ad-dashboard/data/meta_raw_2026-01-01_2026-06-15.csv
[2026-06-16 13:12:56] [백필 모드] 수집 범위: 2026-01-01 ~ 2026-06-15
[2026-06-16 13:12:56] 경고: 다운로드 범위가 166일. 장기 미실행/연속 실패 가능성.
[2026-06-16 13:12:56] 수집 범위: 2026-01-01 ~ 2026-06-15 (166일)
[2026-06-16 13:12:58] 리포트 작업 생성: 27610888691862386
[2026-06-16 13:12:59]   0% / Job Not Started
[2026-06-16 13:13:05]   0% / Job Not Started
[2026-06-16 13:13:11]   0% / Job Not Started
[2026-06-16 13:13:16]   0% / Job Not Started
[2026-06-16 13:13:21]   0% / Job Not Started
[2026-06-16 13:13:27]   0% / Job Not Started
[2026-06-16 13:13:32]   0% / Job Not Started
[2026-06-16 13:13:37]   0% / Job Started
[2026-06-16 13:13:43]   0% / Job Started
[2026-06-16 13:13:48]   0% / Job Started
[2026-06-16 13:13:53]   0% / Job Started
[2026-06-16 13:13:58]   0% / Job Running
[2026-06-16 13:14:03]   0% / Job Running
[2026-06-16 13:14:08]   0% / Job Running
[2026-06-16 13:14:14]   0% / Job Running
[2026-06-16 13:14:19]   0% / Job Running
[2026-06-16 13:14:24]   0% / Job Running
[2026-06-16 13:14:29]   0% / Job Running
[2026-06-16 13:14:34]   0% / Job Running
[2026-06-16 13:14:39]   88% / Job Running
[2026-06-16 13:14:45]   97% / Job Running
[2026-06-16 13:14:50]   100% / Job Running
[2026-06-16 13:14:55]   100% / Job Running
[2026-06-16 13:15:00]   100% / Job Running
[2026-06-16 13:15:06]   100% / Job Running
[2026-06-16 13:15:11]   100% / Job Running
[2026-06-16 13:15:16]   100% / Job Running
[2026-06-16 13:15:21]   100% / Job Running
[2026-06-16 13:15:26]   100% / Job Running
[2026-06-16 13:15:31]   100% / Job Running
[2026-06-16 13:15:36]   100% / Job Completed
[2026-06-16 13:15:40]   페이지 1: +500행 (누적 500행)
[2026-06-16 13:15:42]   페이지 2: +500행 (누적 1000행)
[2026-06-16 13:15:43]   페이지 3: +500행 (누적 1500행)
[2026-06-16 13:15:45]   페이지 4: +500행 (누적 2000행)
[2026-06-16 13:15:46]   페이지 5: +500행 (누적 2500행)
[2026-06-16 13:15:48]   페이지 6: +500행 (누적 3000행)
[2026-06-16 13:15:50]   페이지 7: +500행 (누적 3500행)
[2026-06-16 13:15:51]   페이지 8: +500행 (누적 4000행)
[2026-06-16 13:15:53]   페이지 9: +500행 (누적 4500행)
[2026-06-16 13:15:55]   페이지 10: +500행 (누적 5000행)
[2026-06-16 13:15:56]   페이지 11: +500행 (누적 5500행)
[2026-06-16 13:15:58]   페이지 12: +500행 (누적 6000행)
[2026-06-16 13:16:00]   페이지 13: +500행 (누적 6500행)
[2026-06-16 13:16:01]   페이지 14: +500행 (누적 7000행)
[2026-06-16 13:16:03]   페이지 15: +500행 (누적 7500행)
[2026-06-16 13:16:05]   페이지 16: +500행 (누적 8000행)
[2026-06-16 13:16:08]   페이지 17: +500행 (누적 8500행)
[2026-06-16 13:16:13]   페이지 18: +500행 (누적 9000행)
[2026-06-16 13:16:15]   페이지 19: +500행 (누적 9500행)
[2026-06-16 13:16:16]   페이지 20: +500행 (누적 10000행)
[2026-06-16 13:16:19]   페이지 21: +500행 (누적 10500행)
[2026-06-16 13:16:22]   페이지 22: +500행 (누적 11000행)
[2026-06-16 13:16:23]   페이지 23: +500행 (누적 11500행)
[2026-06-16 13:16:25]   페이지 24: +500행 (누적 12000행)
[2026-06-16 13:16:28]   페이지 25: +500행 (누적 12500행)
[2026-06-16 13:16:30]   페이지 26: +500행 (누적 13000행)
[2026-06-16 13:16:32]   페이지 27: +500행 (누적 13500행)
[2026-06-16 13:16:34]   페이지 28: +500행 (누적 14000행)
[2026-06-16 13:16:37]   페이지 29: +500행 (누적 14500행)
[2026-06-16 13:16:39]   페이지 30: +500행 (누적 15000행)
[2026-06-16 13:16:41]   페이지 31: +500행 (누적 15500행)
[2026-06-16 13:16:43]   페이지 32: +500행 (누적 16000행)
[2026-06-16 13:16:45]   페이지 33: +500행 (누적 16500행)
[2026-06-16 13:16:48]   페이지 34: +500행 (누적 17000행)
[2026-06-16 13:16:50]   페이지 35: +500행 (누적 17500행)
[2026-06-16 13:16:52]   페이지 36: +500행 (누적 18000행)
[2026-06-16 13:16:55]   페이지 37: +500행 (누적 18500행)
[2026-06-16 13:16:59]   페이지 38: +500행 (누적 19000행)
[2026-06-16 13:17:00]   페이지 39: +500행 (누적 19500행)
[2026-06-16 13:17:02]   페이지 40: +500행 (누적 20000행)
[2026-06-16 13:17:04]   페이지 41: +500행 (누적 20500행)
[2026-06-16 13:17:06]   페이지 42: +500행 (누적 21000행)
[2026-06-16 13:17:08]   페이지 43: +500행 (누적 21500행)
[2026-06-16 13:17:10]   페이지 44: +500행 (누적 22000행)
[2026-06-16 13:17:12]   페이지 45: +500행 (누적 22500행)
[2026-06-16 13:17:14]   페이지 46: +500행 (누적 23000행)
[2026-06-16 13:17:16]   페이지 47: +500행 (누적 23500행)
[2026-06-16 13:17:18]   페이지 48: +500행 (누적 24000행)
[2026-06-16 13:17:20]   페이지 49: +500행 (누적 24500행)
[2026-06-16 13:17:22]   페이지 50: +500행 (누적 25000행)
[2026-06-16 13:17:23]   페이지 51: +500행 (누적 25500행)
[2026-06-16 13:17:24]   페이지 52: +500행 (누적 26000행)
[2026-06-16 13:17:25]   페이지 53: +500행 (누적 26500행)
[2026-06-16 13:17:26]   페이지 54: +500행 (누적 27000행)
[2026-06-16 13:17:28]   페이지 55: +500행 (누적 27500행)
[2026-06-16 13:17:30]   페이지 56: +500행 (누적 28000행)
[2026-06-16 13:17:31]   페이지 57: +500행 (누적 28500행)
[2026-06-16 13:17:33]   페이지 58: +500행 (누적 29000행)
[2026-06-16 13:17:34]   페이지 59: +500행 (누적 29500행)
[2026-06-16 13:17:36]   페이지 60: +500행 (누적 30000행)
[2026-06-16 13:17:38]   페이지 61: +213행 (누적 30213행)
[2026-06-16 13:17:43] 광고세트 목표 조회: 828/828개
[2026-06-16 13:17:43]   소재명 정리: '[26.06]F_I_PC혼_전환_팝콘주말특가_혜택강조형__.배너_페인포인트해소.이미구매하신분들죄송.__박현지_260612_제과_김수정 - 사본' -> '[26.06]F_I_PC혼_전환_팝콘주말특가_혜택강조형__.배너_페인포인트해소.이미구매하신분들죄송.__박현지_260612_제과_김수정'
[2026-06-16 13:17:43]   소재명 정리: '[26.06]F_I_PC혼_전환_팝콘주말특가_혜택강조형__._페인포인트해소.주말만10%추가할인박스규모.__박현지_260612_제과_김수정 - 사본' -> '[26.06]F_I_PC혼_전환_팝콘주말특가_혜택강조형__._페인포인트해소.주말만10%추가할인박스규모.__박현지_260612_제과_김수정'
[2026-06-16 13:17:43]   소재명 정리: '[26.06]F_I_PC혼_전환_팝콘주말특가_혜택강조형__._페인포인트해소.긴급지금입니다.__박현지_260612_제과_김수정 - 사본' -> '[26.06]F_I_PC혼_전환_팝콘주말특가_혜택강조형__._페인포인트해소.긴급지금입니다.__박현지_260612_제과_김수정'
[2026-06-16 13:17:43]   소재명 정리: '[26.06]F_I_PC혼_전환_팝콘주말특가_혜택강조형__._페인포인트해소.주말만10%추가할인.__박현지_260612_제과_김수정 - 사본' -> '[26.06]F_I_PC혼_전환_팝콘주말특가_혜택강조형__._페인포인트해소.주말만10%추가할인.__박현지_260612_제과_김수정'
[2026-06-16 13:17:43]   소재명 정리: '[26.06]F_I_PC혼_전환_팝콘주말특가_혜택강조형__._페인포인트해소.간식값절반.__박현지_260612_제과_김수정 - 사본' -> '[26.06]F_I_PC혼_전환_팝콘주말특가_혜택강조형__._페인포인트해소.간식값절반.__박현지_260612_제과_김수정'
[2026-06-16 13:17:43]   소재명 정리: '[26.06]F_I_PC혼_전환_팝콘주말특가_혜택강조형__.배너_페인포인트해소.이미구매하신분들죄송.__박현지_260612_제과_김수정 - 사본' -> '[26.06]F_I_PC혼_전환_팝콘주말특가_혜택강조형__.배너_페인포인트해소.이미구매하신분들죄송.__박현지_260612_제과_김수정'
[2026-06-16 13:17:43]   소재명 정리: '[26.06]F_I_PC혼_전환_팝콘주말특가_혜택강조형__._페인포인트해소.주말만10%추가할인박스규모.__박현지_260612_제과_김수정 - 사본' -> '[26.06]F_I_PC혼_전환_팝콘주말특가_혜택강조형__._페인포인트해소.주말만10%추가할인박스규모.__박현지_260612_제과_김수정'
[2026-06-16 13:17:43]   소재명 정리: '[26.06]F_I_PC혼_전환_팝콘주말특가_혜택강조형__._페인포인트해소.긴급지금입니다.__박현지_260612_제과_김수정 - 사본' -> '[26.06]F_I_PC혼_전환_팝콘주말특가_혜택강조형__._페인포인트해소.긴급지금입니다.__박현지_260612_제과_김수정'
[2026-06-16 13:17:43]   소재명 정리: '[26.06]F_I_PC혼_전환_팝콘주말특가_혜택강조형__._페인포인트해소.주말만10%추가할인.__박현지_260612_제과_김수정 - 사본' -> '[26.06]F_I_PC혼_전환_팝콘주말특가_혜택강조형__._페인포인트해소.주말만10%추가할인.__박현지_260612_제과_김수정'
[2026-06-16 13:17:43]   소재명 정리: '[26.06]F_I_PC혼_전환_팝콘주말특가_혜택강조형__._페인포인트해소.간식값절반.__박현지_260612_제과_김수정 - 사본' -> '[26.06]F_I_PC혼_전환_팝콘주말특가_혜택강조형__._페인포인트해소.간식값절반.__박현지_260612_제과_김수정'
[2026-06-16 13:17:43] 소재명 ' - 사본' 정리 완료: 10건
[2026-06-16 13:17:43] [백필 모드] state 파일 갱신 생략
[2026-06-16 13:17:43] 완료: 30213행 -> /home/runner/work/lalasweet-ad-dashboard/lalasweet-ad-dashboard/data/meta_raw_2026-01-01_2026-06-15.csv
[2026-06-16 14:04:52] [백필 모드] 수집 범위: 2026-01-01 ~ 2026-06-15
[2026-06-16 14:04:52] 경고: 다운로드 범위가 166일. 장기 미실행/연속 실패 가능성.
[2026-06-16 14:04:52] 수집 범위: 2026-01-01 ~ 2026-06-15 (166일)
[2026-06-16 14:04:53] 리포트 작업 생성: 1085210158017157
[2026-06-16 14:04:53]   0% / Job Not Started
[2026-06-16 14:04:58]   0% / Job Not Started
[2026-06-16 14:05:04]   0% / Job Not Started
[2026-06-16 14:05:09]   0% / Job Started
[2026-06-16 14:05:14]   0% / Job Started
[2026-06-16 14:05:19]   0% / Job Started
[2026-06-16 14:05:25]   0% / Job Started
[2026-06-16 14:05:30]   0% / Job Started
[2026-06-16 14:05:36]   0% / Job Started
[2026-06-16 14:05:42]   0% / Job Running
[2026-06-16 14:05:48]   0% / Job Running
[2026-06-16 14:05:54]   29% / Job Running
[2026-06-16 14:06:00]   44% / Job Running
[2026-06-16 14:06:06]   57% / Job Running
[2026-06-16 14:06:13]   72% / Job Running
[2026-06-16 14:06:19]   85% / Job Running
[2026-06-16 14:06:24]   95% / Job Running
[2026-06-16 14:06:30]   99% / Job Running
[2026-06-16 14:06:35]   99% / Job Running
[2026-06-16 14:06:40]   100% / Job Running
[2026-06-16 14:06:45]   100% / Job Running
[2026-06-16 14:06:50]   100% / Job Running
[2026-06-16 14:06:56]   100% / Job Running
[2026-06-16 14:07:01]   100% / Job Running
[2026-06-16 14:07:06]   100% / Job Completed
[2026-06-16 14:07:09]   페이지 1: +500행 (누적 500행)
[2026-06-16 14:07:13]   페이지 2: +500행 (누적 1000행)
[2026-06-16 14:07:15]   페이지 3: +500행 (누적 1500행)
[2026-06-16 14:07:17]   페이지 4: +500행 (누적 2000행)
[2026-06-16 14:07:19]   페이지 5: +500행 (누적 2500행)
[2026-06-16 14:07:22]   페이지 6: +500행 (누적 3000행)
[2026-06-16 14:07:25]   페이지 7: +500행 (누적 3500행)
[2026-06-16 14:07:26]   페이지 8: +500행 (누적 4000행)
[2026-06-16 14:07:30]   페이지 9: +500행 (누적 4500행)
[2026-06-16 14:07:33]   페이지 10: +500행 (누적 5000행)
[2026-06-16 14:07:34]   페이지 11: +500행 (누적 5500행)
[2026-06-16 14:07:36]   페이지 12: +500행 (누적 6000행)
[2026-06-16 14:07:39]   페이지 13: +500행 (누적 6500행)
[2026-06-16 14:07:43]   페이지 14: +500행 (누적 7000행)
[2026-06-16 14:07:45]   페이지 15: +500행 (누적 7500행)
[2026-06-16 14:07:46]   페이지 16: +500행 (누적 8000행)
[2026-06-16 14:07:49]   페이지 17: +500행 (누적 8500행)
[2026-06-16 14:07:50]   페이지 18: +500행 (누적 9000행)
[2026-06-16 14:07:53]   페이지 19: +500행 (누적 9500행)
[2026-06-16 14:07:55]   페이지 20: +500행 (누적 10000행)
[2026-06-16 14:07:57]   페이지 21: +500행 (누적 10500행)
[2026-06-16 14:07:59]   페이지 22: +500행 (누적 11000행)
[2026-06-16 14:08:02]   페이지 23: +500행 (누적 11500행)
[2026-06-16 14:08:04]   페이지 24: +500행 (누적 12000행)
[2026-06-16 14:08:06]   페이지 25: +500행 (누적 12500행)
[2026-06-16 14:08:08]   페이지 26: +500행 (누적 13000행)
[2026-06-16 14:08:11]   페이지 27: +500행 (누적 13500행)
[2026-06-16 14:08:14]   페이지 28: +500행 (누적 14000행)
[2026-06-16 14:08:18]   페이지 29: +500행 (누적 14500행)
[2026-06-16 14:08:20]   페이지 30: +500행 (누적 15000행)
[2026-06-16 14:08:22]   페이지 31: +500행 (누적 15500행)
[2026-06-16 14:08:24]   페이지 32: +500행 (누적 16000행)
[2026-06-16 14:08:26]   페이지 33: +500행 (누적 16500행)
[2026-06-16 14:08:28]   페이지 34: +500행 (누적 17000행)
[2026-06-16 14:08:30]   페이지 35: +500행 (누적 17500행)
[2026-06-16 14:08:33]   페이지 36: +500행 (누적 18000행)
[2026-06-16 14:08:36]   페이지 37: +500행 (누적 18500행)
[2026-06-16 14:08:38]   페이지 38: +500행 (누적 19000행)
[2026-06-16 14:08:40]   페이지 39: +500행 (누적 19500행)
[2026-06-16 14:08:42]   페이지 40: +500행 (누적 20000행)
[2026-06-16 14:08:44]   페이지 41: +500행 (누적 20500행)
[2026-06-16 14:08:46]   페이지 42: +500행 (누적 21000행)
[2026-06-16 14:08:48]   페이지 43: +500행 (누적 21500행)
[2026-06-16 14:08:51]   페이지 44: +500행 (누적 22000행)
[2026-06-16 14:08:54]   페이지 45: +500행 (누적 22500행)
[2026-06-16 14:08:56]   페이지 46: +500행 (누적 23000행)
[2026-06-16 14:08:57]   페이지 47: +500행 (누적 23500행)
[2026-06-16 14:08:59]   페이지 48: +500행 (누적 24000행)
[2026-06-16 14:09:01]   페이지 49: +500행 (누적 24500행)
[2026-06-16 14:09:04]   페이지 50: +500행 (누적 25000행)
[2026-06-16 14:09:06]   페이지 51: +500행 (누적 25500행)
[2026-06-16 14:09:07]   페이지 52: +500행 (누적 26000행)
[2026-06-16 14:09:09]   페이지 53: +500행 (누적 26500행)
[2026-06-16 14:09:13]   페이지 54: +500행 (누적 27000행)
[2026-06-16 14:09:15]   페이지 55: +500행 (누적 27500행)
[2026-06-16 14:09:17]   페이지 56: +500행 (누적 28000행)
[2026-06-16 14:09:18]   페이지 57: +500행 (누적 28500행)
[2026-06-16 14:09:20]   페이지 58: +500행 (누적 29000행)
[2026-06-16 14:09:22]   페이지 59: +500행 (누적 29500행)
[2026-06-16 14:09:24]   페이지 60: +500행 (누적 30000행)
[2026-06-16 14:09:25]   페이지 61: +213행 (누적 30213행)
[2026-06-16 14:09:33] 광고세트 목표 조회: 828/828개
[2026-06-16 14:09:33]   소재명 정리: '[26.06]F_I_PC혼_전환_팝콘주말특가_혜택강조형__.배너_페인포인트해소.이미구매하신분들죄송.__박현지_260612_제과_김수정 - 사본' -> '[26.06]F_I_PC혼_전환_팝콘주말특가_혜택강조형__.배너_페인포인트해소.이미구매하신분들죄송.__박현지_260612_제과_김수정'
[2026-06-16 14:09:33]   소재명 정리: '[26.06]F_I_PC혼_전환_팝콘주말특가_혜택강조형__._페인포인트해소.주말만10%추가할인박스규모.__박현지_260612_제과_김수정 - 사본' -> '[26.06]F_I_PC혼_전환_팝콘주말특가_혜택강조형__._페인포인트해소.주말만10%추가할인박스규모.__박현지_260612_제과_김수정'
[2026-06-16 14:09:33]   소재명 정리: '[26.06]F_I_PC혼_전환_팝콘주말특가_혜택강조형__._페인포인트해소.긴급지금입니다.__박현지_260612_제과_김수정 - 사본' -> '[26.06]F_I_PC혼_전환_팝콘주말특가_혜택강조형__._페인포인트해소.긴급지금입니다.__박현지_260612_제과_김수정'
[2026-06-16 14:09:33]   소재명 정리: '[26.06]F_I_PC혼_전환_팝콘주말특가_혜택강조형__._페인포인트해소.주말만10%추가할인.__박현지_260612_제과_김수정 - 사본' -> '[26.06]F_I_PC혼_전환_팝콘주말특가_혜택강조형__._페인포인트해소.주말만10%추가할인.__박현지_260612_제과_김수정'
[2026-06-16 14:09:33]   소재명 정리: '[26.06]F_I_PC혼_전환_팝콘주말특가_혜택강조형__._페인포인트해소.간식값절반.__박현지_260612_제과_김수정 - 사본' -> '[26.06]F_I_PC혼_전환_팝콘주말특가_혜택강조형__._페인포인트해소.간식값절반.__박현지_260612_제과_김수정'
[2026-06-16 14:09:33]   소재명 정리: '[26.06]F_I_PC혼_전환_팝콘주말특가_혜택강조형__.배너_페인포인트해소.이미구매하신분들죄송.__박현지_260612_제과_김수정 - 사본' -> '[26.06]F_I_PC혼_전환_팝콘주말특가_혜택강조형__.배너_페인포인트해소.이미구매하신분들죄송.__박현지_260612_제과_김수정'
[2026-06-16 14:09:33]   소재명 정리: '[26.06]F_I_PC혼_전환_팝콘주말특가_혜택강조형__._페인포인트해소.주말만10%추가할인박스규모.__박현지_260612_제과_김수정 - 사본' -> '[26.06]F_I_PC혼_전환_팝콘주말특가_혜택강조형__._페인포인트해소.주말만10%추가할인박스규모.__박현지_260612_제과_김수정'
[2026-06-16 14:09:33]   소재명 정리: '[26.06]F_I_PC혼_전환_팝콘주말특가_혜택강조형__._페인포인트해소.긴급지금입니다.__박현지_260612_제과_김수정 - 사본' -> '[26.06]F_I_PC혼_전환_팝콘주말특가_혜택강조형__._페인포인트해소.긴급지금입니다.__박현지_260612_제과_김수정'
[2026-06-16 14:09:33]   소재명 정리: '[26.06]F_I_PC혼_전환_팝콘주말특가_혜택강조형__._페인포인트해소.주말만10%추가할인.__박현지_260612_제과_김수정 - 사본' -> '[26.06]F_I_PC혼_전환_팝콘주말특가_혜택강조형__._페인포인트해소.주말만10%추가할인.__박현지_260612_제과_김수정'
[2026-06-16 14:09:33]   소재명 정리: '[26.06]F_I_PC혼_전환_팝콘주말특가_혜택강조형__._페인포인트해소.간식값절반.__박현지_260612_제과_김수정 - 사본' -> '[26.06]F_I_PC혼_전환_팝콘주말특가_혜택강조형__._페인포인트해소.간식값절반.__박현지_260612_제과_김수정'
[2026-06-16 14:09:33] 소재명 ' - 사본' 정리 완료: 10건
[2026-06-16 14:09:33] [백필 모드] state 파일 갱신 생략
[2026-06-16 14:09:33] 완료: 30213행 -> /home/runner/work/lalasweet-ad-dashboard/lalasweet-ad-dashboard/data/meta_raw_2026-01-01_2026-06-15.csv
[2026-06-17 00:18:02] 수집 범위: 2026-06-16 ~ 2026-06-16 (1일)
[2026-06-17 00:18:03] 리포트 작업 생성: 868481909660346
[2026-06-17 00:18:03]   0% / Job Not Started
[2026-06-17 00:18:09]   0% / Job Not Started
[2026-06-17 00:18:14]   0% / Job Not Started
[2026-06-17 00:18:20]   0% / Job Not Started
[2026-06-17 00:18:26]   0% / Job Not Started
[2026-06-17 00:18:31]   0% / Job Not Started
[2026-06-17 00:18:37]   0% / Job Not Started
[2026-06-17 00:18:42]   0% / Job Not Started
[2026-06-17 00:18:48]   0% / Job Started
[2026-06-17 00:18:53]   0% / Job Started
[2026-06-17 00:18:59]   0% / Job Started
[2026-06-17 00:19:04]   0% / Job Started
[2026-06-17 00:19:10]   0% / Job Started
[2026-06-17 00:19:15]   0% / Job Started
[2026-06-17 00:19:21]   0% / Job Started
[2026-06-17 00:19:26]   0% / Job Running
[2026-06-17 00:19:32]   0% / Job Running
[2026-06-17 00:19:37]   50% / Job Running
[2026-06-17 00:19:43]   88% / Job Running
[2026-06-17 00:19:48]   100% / Job Running
[2026-06-17 00:19:54]   100% / Job Running
[2026-06-17 00:19:59]   100% / Job Completed
[2026-06-17 00:20:00]   페이지 1: +57행 (누적 57행)
[2026-06-17 00:20:01] 광고세트 목표 조회: 15/15개
[2026-06-17 00:20:01] 완료: 57행 -> /home/runner/work/lalasweet-ad-dashboard/lalasweet-ad-dashboard/data/meta_raw_2026-06-16_2026-06-16.csv
[2026-06-17 00:20:01] 마지막 성공 날짜 갱신: 2026-06-16
[2026-06-17 03:14:47] 받을 새 데이터 없음 (이미 2026-06-16까지 수집 완료) -> 종료
[2026-06-17 03:50:12] [백필 모드] 수집 범위: 2026-01-01 ~ 2026-06-16
[2026-06-17 03:50:12] 경고: 다운로드 범위가 167일. 장기 미실행/연속 실패 가능성.
[2026-06-17 03:50:12] 수집 범위: 2026-01-01 ~ 2026-06-16 (167일)
[2026-06-17 03:50:12] 리포트 작업 생성: 2079132599694048
[2026-06-17 03:50:12]   0% / Job Not Started
[2026-06-17 03:50:18]   0% / Job Not Started
[2026-06-17 03:50:23]   0% / Job Not Started
[2026-06-17 03:50:28]   0% / Job Not Started
[2026-06-17 03:50:33]   0% / Job Not Started
[2026-06-17 03:50:38]   0% / Job Not Started
[2026-06-17 03:50:44]   0% / Job Not Started
[2026-06-17 03:50:49]   0% / Job Not Started
[2026-06-17 03:50:54]   0% / Job Started
[2026-06-17 03:50:59]   0% / Job Started
[2026-06-17 03:51:04]   0% / Job Started
[2026-06-17 03:51:10]   0% / Job Started
[2026-06-17 03:51:15]   0% / Job Started
[2026-06-17 03:51:20]   0% / Job Started
[2026-06-17 03:51:25]   0% / Job Started
[2026-06-17 03:51:30]   0% / Job Started
[2026-06-17 03:51:36]   0% / Job Started
[2026-06-17 03:51:41]   0% / Job Started
[2026-06-17 03:51:46]   0% / Job Started
[2026-06-17 03:51:51]   0% / Job Running
[2026-06-17 03:51:57]   0% / Job Running
[2026-06-17 03:52:02]   14% / Job Running
[2026-06-17 03:52:07]   28% / Job Running
[2026-06-17 03:52:12]   28% / Job Running
[2026-06-17 03:52:17]   42% / Job Running
[2026-06-17 03:52:23]   58% / Job Running
[2026-06-17 03:52:28]   58% / Job Running
[2026-06-17 03:52:33]   72% / Job Running
[2026-06-17 03:52:38]   87% / Job Running
[2026-06-17 03:52:44]   98% / Job Running
[2026-06-17 03:52:49]   100% / Job Running
[2026-06-17 03:52:54]   100% / Job Running
[2026-06-17 03:52:59]   100% / Job Running
[2026-06-17 03:53:05]   100% / Job Running
[2026-06-17 03:53:10]   100% / Job Running
[2026-06-17 03:53:15]   100% / Job Completed
[2026-06-17 03:53:17]   페이지 1: +500행 (누적 500행)
[2026-06-17 03:53:19]   페이지 2: +500행 (누적 1000행)
[2026-06-17 03:53:20]   페이지 3: +500행 (누적 1500행)
[2026-06-17 03:53:22]   페이지 4: +500행 (누적 2000행)
[2026-06-17 03:53:24]   페이지 5: +500행 (누적 2500행)
[2026-06-17 03:53:25]   페이지 6: +500행 (누적 3000행)
[2026-06-17 03:53:26]   페이지 7: +500행 (누적 3500행)
[2026-06-17 03:53:28]   페이지 8: +500행 (누적 4000행)
[2026-06-17 03:53:30]   페이지 9: +500행 (누적 4500행)
[2026-06-17 03:53:31]   페이지 10: +500행 (누적 5000행)
[2026-06-17 03:53:32]   페이지 11: +500행 (누적 5500행)
[2026-06-17 03:53:33]   페이지 12: +500행 (누적 6000행)
[2026-06-17 03:53:35]   페이지 13: +500행 (누적 6500행)
[2026-06-17 03:53:36]   페이지 14: +500행 (누적 7000행)
[2026-06-17 03:53:38]   페이지 15: +500행 (누적 7500행)
[2026-06-17 03:53:39]   페이지 16: +500행 (누적 8000행)
[2026-06-17 03:53:40]   페이지 17: +500행 (누적 8500행)
[2026-06-17 03:53:42]   페이지 18: +500행 (누적 9000행)
[2026-06-17 03:53:44]   페이지 19: +500행 (누적 9500행)
[2026-06-17 03:53:45]   페이지 20: +500행 (누적 10000행)
[2026-06-17 03:53:47]   페이지 21: +500행 (누적 10500행)
[2026-06-17 03:53:48]   페이지 22: +500행 (누적 11000행)
[2026-06-17 03:53:50]   페이지 23: +500행 (누적 11500행)
[2026-06-17 03:53:53]   페이지 24: +500행 (누적 12000행)
[2026-06-17 03:53:55]   페이지 25: +500행 (누적 12500행)
[2026-06-17 03:53:56]   페이지 26: +500행 (누적 13000행)
[2026-06-17 03:53:58]   페이지 27: +500행 (누적 13500행)
[2026-06-17 03:54:00]   페이지 28: +500행 (누적 14000행)
[2026-06-17 03:54:03]   페이지 29: +500행 (누적 14500행)
[2026-06-17 03:54:04]   페이지 30: +500행 (누적 15000행)
[2026-06-17 03:54:06]   페이지 31: +500행 (누적 15500행)
[2026-06-17 03:54:07]   페이지 32: +500행 (누적 16000행)
[2026-06-17 03:54:09]   페이지 33: +500행 (누적 16500행)
[2026-06-17 03:54:11]   페이지 34: +500행 (누적 17000행)
[2026-06-17 03:54:12]   페이지 35: +500행 (누적 17500행)
[2026-06-17 03:54:14]   페이지 36: +500행 (누적 18000행)
[2026-06-17 03:54:15]   페이지 37: +500행 (누적 18500행)
[2026-06-17 03:54:17]   페이지 38: +500행 (누적 19000행)
[2026-06-17 03:54:20]   페이지 39: +500행 (누적 19500행)
[2026-06-17 03:54:21]   페이지 40: +500행 (누적 20000행)
[2026-06-17 03:54:23]   페이지 41: +500행 (누적 20500행)
[2026-06-17 03:54:25]   페이지 42: +500행 (누적 21000행)
[2026-06-17 03:54:26]   페이지 43: +500행 (누적 21500행)
[2026-06-17 03:54:28]   페이지 44: +500행 (누적 22000행)
[2026-06-17 03:54:30]   페이지 45: +500행 (누적 22500행)
[2026-06-17 03:54:31]   페이지 46: +500행 (누적 23000행)
[2026-06-17 03:54:33]   페이지 47: +500행 (누적 23500행)
[2026-06-17 03:54:35]   페이지 48: +500행 (누적 24000행)
[2026-06-17 03:54:36]   페이지 49: +500행 (누적 24500행)
[2026-06-17 03:54:37]   페이지 50: +500행 (누적 25000행)
[2026-06-17 03:54:39]   페이지 51: +500행 (누적 25500행)
[2026-06-17 03:54:41]   페이지 52: +500행 (누적 26000행)
[2026-06-17 03:54:43]   페이지 53: +500행 (누적 26500행)
[2026-06-17 03:54:44]   페이지 54: +500행 (누적 27000행)
[2026-06-17 03:54:46]   페이지 55: +500행 (누적 27500행)
[2026-06-17 03:54:48]   페이지 56: +500행 (누적 28000행)
[2026-06-17 03:54:49]   페이지 57: +500행 (누적 28500행)
[2026-06-17 03:54:51]   페이지 58: +500행 (누적 29000행)
[2026-06-17 03:54:53]   페이지 59: +500행 (누적 29500행)
[2026-06-17 03:54:54]   페이지 60: +500행 (누적 30000행)
[2026-06-17 03:54:56]   페이지 61: +500행 (누적 30500행)
[2026-06-17 03:54:57]   페이지 62: +500행 (누적 31000행)
[2026-06-17 03:54:59]   페이지 63: +500행 (누적 31500행)
[2026-06-17 03:55:01]   페이지 64: +274행 (누적 31774행)
[2026-06-17 03:55:08] 광고세트 목표 조회: 868/868개
[2026-06-17 03:55:08]   소재명 정리: '[26.06]F_I_PC혼_전환_팝콘주말특가_혜택강조형__.배너_페인포인트해소.이미구매하신분들죄송.__박현지_260612_제과_김수정 - 사본' -> '[26.06]F_I_PC혼_전환_팝콘주말특가_혜택강조형__.배너_페인포인트해소.이미구매하신분들죄송.__박현지_260612_제과_김수정'
[2026-06-17 03:55:08]   소재명 정리: '[26.06]F_I_PC혼_전환_팝콘주말특가_혜택강조형__._페인포인트해소.주말만10%추가할인박스규모.__박현지_260612_제과_김수정 - 사본' -> '[26.06]F_I_PC혼_전환_팝콘주말특가_혜택강조형__._페인포인트해소.주말만10%추가할인박스규모.__박현지_260612_제과_김수정'
[2026-06-17 03:55:08]   소재명 정리: '[26.06]F_I_PC혼_전환_팝콘주말특가_혜택강조형__._페인포인트해소.긴급지금입니다.__박현지_260612_제과_김수정 - 사본' -> '[26.06]F_I_PC혼_전환_팝콘주말특가_혜택강조형__._페인포인트해소.긴급지금입니다.__박현지_260612_제과_김수정'
[2026-06-17 03:55:08]   소재명 정리: '[26.06]F_I_PC혼_전환_팝콘주말특가_혜택강조형__._페인포인트해소.주말만10%추가할인.__박현지_260612_제과_김수정 - 사본' -> '[26.06]F_I_PC혼_전환_팝콘주말특가_혜택강조형__._페인포인트해소.주말만10%추가할인.__박현지_260612_제과_김수정'
[2026-06-17 03:55:08]   소재명 정리: '[26.06]F_I_PC혼_전환_팝콘주말특가_혜택강조형__._페인포인트해소.간식값절반.__박현지_260612_제과_김수정 - 사본' -> '[26.06]F_I_PC혼_전환_팝콘주말특가_혜택강조형__._페인포인트해소.간식값절반.__박현지_260612_제과_김수정'
[2026-06-17 03:55:08]   소재명 정리: '[26.06]F_I_PC혼_전환_팝콘주말특가_혜택강조형__.배너_페인포인트해소.이미구매하신분들죄송.__박현지_260612_제과_김수정 - 사본' -> '[26.06]F_I_PC혼_전환_팝콘주말특가_혜택강조형__.배너_페인포인트해소.이미구매하신분들죄송.__박현지_260612_제과_김수정'
[2026-06-17 03:55:08]   소재명 정리: '[26.06]F_I_PC혼_전환_팝콘주말특가_혜택강조형__._페인포인트해소.주말만10%추가할인박스규모.__박현지_260612_제과_김수정 - 사본' -> '[26.06]F_I_PC혼_전환_팝콘주말특가_혜택강조형__._페인포인트해소.주말만10%추가할인박스규모.__박현지_260612_제과_김수정'
[2026-06-17 03:55:08]   소재명 정리: '[26.06]F_I_PC혼_전환_팝콘주말특가_혜택강조형__._페인포인트해소.긴급지금입니다.__박현지_260612_제과_김수정 - 사본' -> '[26.06]F_I_PC혼_전환_팝콘주말특가_혜택강조형__._페인포인트해소.긴급지금입니다.__박현지_260612_제과_김수정'
[2026-06-17 03:55:08]   소재명 정리: '[26.06]F_I_PC혼_전환_팝콘주말특가_혜택강조형__._페인포인트해소.주말만10%추가할인.__박현지_260612_제과_김수정 - 사본' -> '[26.06]F_I_PC혼_전환_팝콘주말특가_혜택강조형__._페인포인트해소.주말만10%추가할인.__박현지_260612_제과_김수정'
[2026-06-17 03:55:08]   소재명 정리: '[26.06]F_I_PC혼_전환_팝콘주말특가_혜택강조형__._페인포인트해소.간식값절반.__박현지_260612_제과_김수정 - 사본' -> '[26.06]F_I_PC혼_전환_팝콘주말특가_혜택강조형__._페인포인트해소.간식값절반.__박현지_260612_제과_김수정'
[2026-06-17 03:55:08] 소재명 ' - 사본' 정리 완료: 10건
[2026-06-17 03:55:08] 완료: 31774행 -> /home/runner/work/lalasweet-ad-dashboard/lalasweet-ad-dashboard/data/meta_raw_2026-01-01_2026-06-16.csv
[2026-06-17 05:13:13] [백필 모드] 수집 범위: 2026-01-01 ~ 2026-06-16
[2026-06-17 05:13:13] 경고: 다운로드 범위가 167일. 장기 미실행/연속 실패 가능성.
[2026-06-17 05:13:13] 수집 범위: 2026-01-01 ~ 2026-06-16 (167일)
[2026-06-17 05:13:14] 리포트 작업 생성: 1355006786772700
[2026-06-17 05:13:15]   0% / Job Not Started
[2026-06-17 05:13:20]   0% / Job Not Started
[2026-06-17 05:13:26]   0% / Job Not Started
[2026-06-17 05:13:31]   0% / Job Not Started
[2026-06-17 05:13:36]   0% / Job Not Started
[2026-06-17 05:13:42]   0% / Job Started
[2026-06-17 05:13:47]   0% / Job Started
[2026-06-17 05:13:52]   0% / Job Started
[2026-06-17 05:13:58]   0% / Job Started
[2026-06-17 05:14:03]   0% / Job Started
[2026-06-17 05:14:08]   0% / Job Started
[2026-06-17 05:14:14]   0% / Job Started
[2026-06-17 05:14:19]   0% / Job Running
[2026-06-17 05:14:25]   0% / Job Running
[2026-06-17 05:14:30]   15% / Job Running
[2026-06-17 05:14:36]   31% / Job Running
[2026-06-17 05:14:41]   47% / Job Running
[2026-06-17 05:14:47]   62% / Job Running
[2026-06-17 05:14:52]   62% / Job Running
[2026-06-17 05:14:58]   88% / Job Running
[2026-06-17 05:15:03]   100% / Job Running
[2026-06-17 05:15:09]   100% / Job Running
[2026-06-17 05:15:14]   100% / Job Running
[2026-06-17 05:15:20]   100% / Job Running
[2026-06-17 05:15:25]   100% / Job Running
[2026-06-17 05:15:30]   100% / Job Completed
[2026-06-17 05:15:32]   페이지 1: +500행 (누적 500행)
[2026-06-17 05:15:35]   페이지 2: +500행 (누적 1000행)
[2026-06-17 05:15:37]   페이지 3: +500행 (누적 1500행)
[2026-06-17 05:15:39]   페이지 4: +500행 (누적 2000행)
[2026-06-17 05:15:41]   페이지 5: +500행 (누적 2500행)
[2026-06-17 05:15:43]   페이지 6: +500행 (누적 3000행)
[2026-06-17 05:15:46]   페이지 7: +500행 (누적 3500행)
[2026-06-17 05:15:48]   페이지 8: +500행 (누적 4000행)
[2026-06-17 05:15:50]   페이지 9: +500행 (누적 4500행)
[2026-06-17 05:15:51]   페이지 10: +500행 (누적 5000행)
[2026-06-17 05:15:53]   페이지 11: +500행 (누적 5500행)
[2026-06-17 05:15:56]   페이지 12: +500행 (누적 6000행)
[2026-06-17 05:15:58]   페이지 13: +500행 (누적 6500행)
[2026-06-17 05:15:59]   페이지 14: +500행 (누적 7000행)
[2026-06-17 05:16:01]   페이지 15: +500행 (누적 7500행)
[2026-06-17 05:16:03]   페이지 16: +500행 (누적 8000행)
[2026-06-17 05:16:06]   페이지 17: +500행 (누적 8500행)
[2026-06-17 05:16:08]   페이지 18: +500행 (누적 9000행)
[2026-06-17 05:16:10]   페이지 19: +500행 (누적 9500행)
[2026-06-17 05:16:12]   페이지 20: +500행 (누적 10000행)
[2026-06-17 05:16:13]   페이지 21: +500행 (누적 10500행)
[2026-06-17 05:16:16]   페이지 22: +500행 (누적 11000행)
[2026-06-17 05:16:18]   페이지 23: +500행 (누적 11500행)
[2026-06-17 05:16:20]   페이지 24: +500행 (누적 12000행)
[2026-06-17 05:16:22]   페이지 25: +500행 (누적 12500행)
[2026-06-17 05:16:24]   페이지 26: +500행 (누적 13000행)
[2026-06-17 05:16:26]   페이지 27: +500행 (누적 13500행)
[2026-06-17 05:16:28]   페이지 28: +500행 (누적 14000행)
[2026-06-17 05:16:30]   페이지 29: +500행 (누적 14500행)
[2026-06-17 05:16:32]   페이지 30: +500행 (누적 15000행)
[2026-06-17 05:16:34]   페이지 31: +500행 (누적 15500행)
[2026-06-17 05:16:37]   페이지 32: +500행 (누적 16000행)
[2026-06-17 05:16:39]   페이지 33: +500행 (누적 16500행)
[2026-06-17 05:16:40]   페이지 34: +500행 (누적 17000행)
[2026-06-17 05:16:45]   페이지 35: +500행 (누적 17500행)
[2026-06-17 05:16:47]   페이지 36: +500행 (누적 18000행)
[2026-06-17 05:16:49]   페이지 37: +500행 (누적 18500행)
[2026-06-17 05:16:57]   페이지 38: +500행 (누적 19000행)
[2026-06-17 05:17:00]   페이지 39: +500행 (누적 19500행)
[2026-06-17 05:17:01]   페이지 40: +500행 (누적 20000행)
[2026-06-17 05:17:03]   페이지 41: +500행 (누적 20500행)
[2026-06-17 05:17:05]   페이지 42: +500행 (누적 21000행)
[2026-06-17 05:17:07]   페이지 43: +500행 (누적 21500행)
[2026-06-17 05:17:09]   페이지 44: +500행 (누적 22000행)
[2026-06-17 05:17:12]   페이지 45: +500행 (누적 22500행)
[2026-06-17 05:17:14]   페이지 46: +500행 (누적 23000행)
[2026-06-17 05:17:15]   페이지 47: +500행 (누적 23500행)
[2026-06-17 05:17:18]   페이지 48: +500행 (누적 24000행)
[2026-06-17 05:17:20]   페이지 49: +500행 (누적 24500행)
[2026-06-17 05:17:22]   페이지 50: +500행 (누적 25000행)
[2026-06-17 05:17:24]   페이지 51: +500행 (누적 25500행)
[2026-06-17 05:17:27]   페이지 52: +500행 (누적 26000행)
[2026-06-17 05:17:29]   페이지 53: +500행 (누적 26500행)
[2026-06-17 05:17:30]   페이지 54: +103행 (누적 26603행)
[2026-06-17 05:17:38] 광고세트 목표 조회: 732/732개
[2026-06-17 05:17:38] 완료: 26603행 -> /home/runner/work/lalasweet-ad-dashboard/lalasweet-ad-dashboard/data/meta_raw_2026-01-01_2026-06-16.csv
[2026-06-17 06:37:32] [백필 모드] 수집 범위: 2026-01-01 ~ 2026-06-17
[2026-06-17 06:37:32] 경고: 다운로드 범위가 168일. 장기 미실행/연속 실패 가능성.
[2026-06-17 06:37:32] 수집 범위: 2026-01-01 ~ 2026-06-17 (168일)
[2026-06-17 06:37:34] 리포트 작업 생성: 2150255269165623
[2026-06-17 06:37:35]   0% / Job Not Started
[2026-06-17 06:37:41]   0% / Job Not Started
[2026-06-17 06:37:47]   0% / Job Not Started
[2026-06-17 06:37:52]   0% / Job Not Started
[2026-06-17 06:37:57]   0% / Job Not Started
[2026-06-17 06:38:03]   0% / Job Started
[2026-06-17 06:38:08]   0% / Job Started
[2026-06-17 06:38:13]   0% / Job Started
[2026-06-17 06:38:19]   0% / Job Started
[2026-06-17 06:38:24]   0% / Job Started
[2026-06-17 06:38:29]   0% / Job Started
[2026-06-17 06:38:35]   0% / Job Started
[2026-06-17 06:38:40]   0% / Job Started
[2026-06-17 06:38:45]   0% / Job Running
[2026-06-17 06:38:51]   14% / Job Running
[2026-06-17 06:38:56]   14% / Job Running
[2026-06-17 06:39:01]   29% / Job Running
[2026-06-17 06:39:07]   43% / Job Running
[2026-06-17 06:39:12]   58% / Job Running
[2026-06-17 06:39:17]   58% / Job Running
[2026-06-17 06:39:23]   87% / Job Running
[2026-06-17 06:39:28]   100% / Job Running
[2026-06-17 06:39:33]   100% / Job Running
[2026-06-17 06:39:38]   100% / Job Running
[2026-06-17 06:39:44]   100% / Job Running
[2026-06-17 06:39:49]   100% / Job Running
[2026-06-17 06:39:54]   100% / Job Completed
[2026-06-17 06:39:56]   페이지 1: +500행 (누적 500행)
[2026-06-17 06:39:59]   페이지 2: +500행 (누적 1000행)
[2026-06-17 06:40:01]   페이지 3: +500행 (누적 1500행)
[2026-06-17 06:40:03]   페이지 4: +500행 (누적 2000행)
[2026-06-17 06:40:04]   페이지 5: +500행 (누적 2500행)
[2026-06-17 06:40:07]   페이지 6: +500행 (누적 3000행)
[2026-06-17 06:40:09]   페이지 7: +500행 (누적 3500행)
[2026-06-17 06:40:10]   페이지 8: +500행 (누적 4000행)
[2026-06-17 06:40:12]   페이지 9: +500행 (누적 4500행)
[2026-06-17 06:40:14]   페이지 10: +500행 (누적 5000행)
[2026-06-17 06:40:16]   페이지 11: +500행 (누적 5500행)
[2026-06-17 06:40:17]   페이지 12: +500행 (누적 6000행)
[2026-06-17 06:40:19]   페이지 13: +500행 (누적 6500행)
[2026-06-17 06:40:21]   페이지 14: +500행 (누적 7000행)
[2026-06-17 06:40:23]   페이지 15: +500행 (누적 7500행)
[2026-06-17 06:40:26]   페이지 16: +500행 (누적 8000행)
[2026-06-17 06:40:28]   페이지 17: +500행 (누적 8500행)
[2026-06-17 06:40:30]   페이지 18: +500행 (누적 9000행)
[2026-06-17 06:40:32]   페이지 19: +500행 (누적 9500행)
[2026-06-17 06:40:33]   페이지 20: +500행 (누적 10000행)
[2026-06-17 06:40:37]   페이지 21: +500행 (누적 10500행)
[2026-06-17 06:40:39]   페이지 22: +500행 (누적 11000행)
[2026-06-17 06:40:40]   페이지 23: +500행 (누적 11500행)
[2026-06-17 06:40:43]   페이지 24: +500행 (누적 12000행)
[2026-06-17 06:40:46]   페이지 25: +500행 (누적 12500행)
[2026-06-17 06:40:48]   페이지 26: +500행 (누적 13000행)
[2026-06-17 06:40:49]   페이지 27: +500행 (누적 13500행)
[2026-06-17 06:40:53]   페이지 28: +500행 (누적 14000행)
[2026-06-17 06:40:55]   페이지 29: +500행 (누적 14500행)
[2026-06-17 06:40:57]   페이지 30: +500행 (누적 15000행)
[2026-06-17 06:41:00]   페이지 31: +500행 (누적 15500행)
[2026-06-17 06:41:01]   페이지 32: +500행 (누적 16000행)
[2026-06-17 06:41:03]   페이지 33: +500행 (누적 16500행)
[2026-06-17 06:41:06]   페이지 34: +500행 (누적 17000행)
[2026-06-17 06:41:09]   페이지 35: +500행 (누적 17500행)
[2026-06-17 06:41:11]   페이지 36: +500행 (누적 18000행)
[2026-06-17 06:41:13]   페이지 37: +500행 (누적 18500행)
[2026-06-17 06:41:15]   페이지 38: +500행 (누적 19000행)
[2026-06-17 06:41:17]   페이지 39: +500행 (누적 19500행)
[2026-06-17 06:41:19]   페이지 40: +500행 (누적 20000행)
[2026-06-17 06:41:21]   페이지 41: +500행 (누적 20500행)
[2026-06-17 06:41:24]   페이지 42: +500행 (누적 21000행)
[2026-06-17 06:41:26]   페이지 43: +500행 (누적 21500행)
[2026-06-17 06:41:28]   페이지 44: +500행 (누적 22000행)
[2026-06-17 06:41:30]   페이지 45: +500행 (누적 22500행)
[2026-06-17 06:41:32]   페이지 46: +500행 (누적 23000행)
[2026-06-17 06:41:35]   페이지 47: +500행 (누적 23500행)
[2026-06-17 06:41:37]   페이지 48: +500행 (누적 24000행)
[2026-06-17 06:41:39]   페이지 49: +500행 (누적 24500행)
[2026-06-17 06:41:40]   페이지 50: +500행 (누적 25000행)
[2026-06-17 06:41:42]   페이지 51: +500행 (누적 25500행)
[2026-06-17 06:41:44]   페이지 52: +500행 (누적 26000행)
[2026-06-17 06:41:46]   페이지 53: +500행 (누적 26500행)
[2026-06-17 06:41:48]   페이지 54: +500행 (누적 27000행)
[2026-06-17 06:41:50]   페이지 55: +500행 (누적 27500행)
[2026-06-17 06:41:52]   페이지 56: +500행 (누적 28000행)
[2026-06-17 06:41:56]   페이지 57: +500행 (누적 28500행)
[2026-06-17 06:41:58]   페이지 58: +500행 (누적 29000행)
[2026-06-17 06:42:00]   페이지 59: +500행 (누적 29500행)
[2026-06-17 06:42:02]   페이지 60: +500행 (누적 30000행)
[2026-06-17 06:42:04]   페이지 61: +277행 (누적 30277행)
[2026-06-17 06:42:12] 광고세트 목표 조회: 828/828개
[2026-06-17 06:42:12]   소재명 정리: '[26.06]F_I_PC혼_전환_팝콘주말특가_혜택강조형__.배너_페인포인트해소.이미구매하신분들죄송.__박현지_260612_제과_김수정 - 사본' -> '[26.06]F_I_PC혼_전환_팝콘주말특가_혜택강조형__.배너_페인포인트해소.이미구매하신분들죄송.__박현지_260612_제과_김수정'
[2026-06-17 06:42:12]   소재명 정리: '[26.06]F_I_PC혼_전환_팝콘주말특가_혜택강조형__._페인포인트해소.주말만10%추가할인박스규모.__박현지_260612_제과_김수정 - 사본' -> '[26.06]F_I_PC혼_전환_팝콘주말특가_혜택강조형__._페인포인트해소.주말만10%추가할인박스규모.__박현지_260612_제과_김수정'
[2026-06-17 06:42:12]   소재명 정리: '[26.06]F_I_PC혼_전환_팝콘주말특가_혜택강조형__._페인포인트해소.긴급지금입니다.__박현지_260612_제과_김수정 - 사본' -> '[26.06]F_I_PC혼_전환_팝콘주말특가_혜택강조형__._페인포인트해소.긴급지금입니다.__박현지_260612_제과_김수정'
[2026-06-17 06:42:12]   소재명 정리: '[26.06]F_I_PC혼_전환_팝콘주말특가_혜택강조형__._페인포인트해소.주말만10%추가할인.__박현지_260612_제과_김수정 - 사본' -> '[26.06]F_I_PC혼_전환_팝콘주말특가_혜택강조형__._페인포인트해소.주말만10%추가할인.__박현지_260612_제과_김수정'
[2026-06-17 06:42:12]   소재명 정리: '[26.06]F_I_PC혼_전환_팝콘주말특가_혜택강조형__._페인포인트해소.간식값절반.__박현지_260612_제과_김수정 - 사본' -> '[26.06]F_I_PC혼_전환_팝콘주말특가_혜택강조형__._페인포인트해소.간식값절반.__박현지_260612_제과_김수정'
[2026-06-17 06:42:12]   소재명 정리: '[26.06]F_I_PC혼_전환_팝콘주말특가_혜택강조형__.배너_페인포인트해소.이미구매하신분들죄송.__박현지_260612_제과_김수정 - 사본' -> '[26.06]F_I_PC혼_전환_팝콘주말특가_혜택강조형__.배너_페인포인트해소.이미구매하신분들죄송.__박현지_260612_제과_김수정'
[2026-06-17 06:42:12]   소재명 정리: '[26.06]F_I_PC혼_전환_팝콘주말특가_혜택강조형__._페인포인트해소.주말만10%추가할인박스규모.__박현지_260612_제과_김수정 - 사본' -> '[26.06]F_I_PC혼_전환_팝콘주말특가_혜택강조형__._페인포인트해소.주말만10%추가할인박스규모.__박현지_260612_제과_김수정'
[2026-06-17 06:42:12]   소재명 정리: '[26.06]F_I_PC혼_전환_팝콘주말특가_혜택강조형__._페인포인트해소.긴급지금입니다.__박현지_260612_제과_김수정 - 사본' -> '[26.06]F_I_PC혼_전환_팝콘주말특가_혜택강조형__._페인포인트해소.긴급지금입니다.__박현지_260612_제과_김수정'
[2026-06-17 06:42:12]   소재명 정리: '[26.06]F_I_PC혼_전환_팝콘주말특가_혜택강조형__._페인포인트해소.주말만10%추가할인.__박현지_260612_제과_김수정 - 사본' -> '[26.06]F_I_PC혼_전환_팝콘주말특가_혜택강조형__._페인포인트해소.주말만10%추가할인.__박현지_260612_제과_김수정'
[2026-06-17 06:42:12]   소재명 정리: '[26.06]F_I_PC혼_전환_팝콘주말특가_혜택강조형__._페인포인트해소.간식값절반.__박현지_260612_제과_김수정 - 사본' -> '[26.06]F_I_PC혼_전환_팝콘주말특가_혜택강조형__._페인포인트해소.간식값절반.__박현지_260612_제과_김수정'
[2026-06-17 06:42:12] 소재명 ' - 사본' 정리 완료: 10건
[2026-06-17 06:42:12] 완료: 30277행 -> /home/runner/work/lalasweet-ad-dashboard/lalasweet-ad-dashboard/data/meta_raw_2026-01-01_2026-06-17.csv
[2026-06-17 10:57:42] [백필 모드] 수집 범위: 2026-06-17 ~ 2026-06-17
[2026-06-17 10:57:42] 수집 범위: 2026-06-17 ~ 2026-06-17 (1일)
[2026-06-17 10:57:42] 리포트 작업 생성: 1303683341877648
[2026-06-17 10:57:43]   0% / Job Not Started
[2026-06-17 10:57:48]   0% / Job Not Started
[2026-06-17 10:57:53]   0% / Job Not Started
[2026-06-17 10:57:58]   0% / Job Not Started
[2026-06-17 10:58:03]   0% / Job Not Started
[2026-06-17 10:58:09]   0% / Job Not Started
[2026-06-17 10:58:14]   0% / Job Not Started
[2026-06-17 10:58:19]   0% / Job Not Started
[2026-06-17 10:58:24]   0% / Job Not Started
[2026-06-17 10:58:29]   0% / Job Not Started
[2026-06-17 10:58:35]   0% / Job Started
[2026-06-17 10:58:40]   0% / Job Started
[2026-06-17 10:58:45]   0% / Job Started
[2026-06-17 10:58:50]   0% / Job Started
[2026-06-17 10:58:56]   0% / Job Started
[2026-06-17 10:59:01]   0% / Job Started
[2026-06-17 10:59:06]   0% / Job Started
[2026-06-17 10:59:11]   0% / Job Running
[2026-06-17 10:59:16]   0% / Job Running
[2026-06-17 10:59:22]   44% / Job Running
[2026-06-17 10:59:27]   88% / Job Running
[2026-06-17 10:59:32]   100% / Job Running
[2026-06-17 10:59:37]   100% / Job Completed
[2026-06-17 10:59:38]   페이지 1: +60행 (누적 60행)
[2026-06-17 10:59:38] 광고세트 목표 조회: 14/14개
[2026-06-17 10:59:38] 완료: 60행 -> /home/runner/work/lalasweet-ad-dashboard/lalasweet-ad-dashboard/data/meta_raw_2026-06-17_2026-06-17.csv
[2026-06-17 11:02:21] [백필 모드] 수집 범위: 2026-01-01 ~ 2026-06-16
[2026-06-17 11:02:21] 경고: 다운로드 범위가 167일. 장기 미실행/연속 실패 가능성.
[2026-06-17 11:02:21] 수집 범위: 2026-01-01 ~ 2026-06-16 (167일)
[2026-06-17 11:02:22] 리포트 작업 생성: 1009043985180010
[2026-06-17 11:02:23]   0% / Job Not Started
[2026-06-17 11:02:28]   0% / Job Not Started
[2026-06-17 11:02:33]   0% / Job Not Started
[2026-06-17 11:02:39]   0% / Job Not Started
[2026-06-17 11:02:44]   0% / Job Not Started
[2026-06-17 11:02:50]   0% / Job Not Started
[2026-06-17 11:02:55]   0% / Job Not Started
[2026-06-17 11:03:00]   0% / Job Not Started
[2026-06-17 11:03:05]   0% / Job Started
[2026-06-17 11:03:11]   0% / Job Started
[2026-06-17 11:03:16]   0% / Job Started
[2026-06-17 11:03:21]   0% / Job Started
[2026-06-17 11:03:26]   0% / Job Started
[2026-06-17 11:03:32]   0% / Job Running
[2026-06-17 11:03:37]   0% / Job Running
[2026-06-17 11:03:42]   14% / Job Running
[2026-06-17 11:03:47]   29% / Job Running
[2026-06-17 11:03:53]   29% / Job Running
[2026-06-17 11:03:58]   58% / Job Running
[2026-06-17 11:04:03]   58% / Job Running
[2026-06-17 11:04:09]   72% / Job Running
[2026-06-17 11:04:14]   86% / Job Running
[2026-06-17 11:04:19]   100% / Job Running
[2026-06-17 11:04:24]   100% / Job Running
[2026-06-17 11:04:30]   100% / Job Running
[2026-06-17 11:04:35]   100% / Job Running
[2026-06-17 11:04:40]   100% / Job Completed
[2026-06-17 11:04:44]   페이지 1: +500행 (누적 500행)
[2026-06-17 11:04:46]   페이지 2: +500행 (누적 1000행)
[2026-06-17 11:04:48]   페이지 3: +500행 (누적 1500행)
[2026-06-17 11:04:50]   페이지 4: +500행 (누적 2000행)
[2026-06-17 11:04:52]   페이지 5: +500행 (누적 2500행)
[2026-06-17 11:04:53]   페이지 6: +500행 (누적 3000행)
[2026-06-17 11:04:55]   페이지 7: +500행 (누적 3500행)
[2026-06-17 11:04:58]   페이지 8: +500행 (누적 4000행)
[2026-06-17 11:04:59]   페이지 9: +500행 (누적 4500행)
[2026-06-17 11:05:01]   페이지 10: +500행 (누적 5000행)
[2026-06-17 11:05:03]   페이지 11: +500행 (누적 5500행)
[2026-06-17 11:05:04]   페이지 12: +500행 (누적 6000행)
[2026-06-17 11:05:07]   페이지 13: +500행 (누적 6500행)
[2026-06-17 11:05:08]   페이지 14: +500행 (누적 7000행)
[2026-06-17 11:05:10]   페이지 15: +500행 (누적 7500행)
[2026-06-17 11:05:12]   페이지 16: +500행 (누적 8000행)
[2026-06-17 11:05:14]   페이지 17: +500행 (누적 8500행)
[2026-06-17 11:05:16]   페이지 18: +500행 (누적 9000행)
[2026-06-17 11:05:18]   페이지 19: +500행 (누적 9500행)
[2026-06-17 11:05:21]   페이지 20: +500행 (누적 10000행)
[2026-06-17 11:05:23]   페이지 21: +500행 (누적 10500행)
[2026-06-17 11:05:26]   페이지 22: +500행 (누적 11000행)
[2026-06-17 11:05:28]   페이지 23: +500행 (누적 11500행)
[2026-06-17 11:05:29]   페이지 24: +500행 (누적 12000행)
[2026-06-17 11:05:32]   페이지 25: +500행 (누적 12500행)
[2026-06-17 11:05:35]   페이지 26: +500행 (누적 13000행)
[2026-06-17 11:05:36]   페이지 27: +500행 (누적 13500행)
[2026-06-17 11:05:38]   페이지 28: +500행 (누적 14000행)
[2026-06-17 11:05:40]   페이지 29: +500행 (누적 14500행)
[2026-06-17 11:05:42]   페이지 30: +500행 (누적 15000행)
[2026-06-17 11:05:44]   페이지 31: +500행 (누적 15500행)
[2026-06-17 11:05:46]   페이지 32: +500행 (누적 16000행)
[2026-06-17 11:05:48]   페이지 33: +500행 (누적 16500행)
[2026-06-17 11:05:50]   페이지 34: +500행 (누적 17000행)
[2026-06-17 11:05:53]   페이지 35: +500행 (누적 17500행)
[2026-06-17 11:05:55]   페이지 36: +500행 (누적 18000행)
[2026-06-17 11:05:56]   페이지 37: +500행 (누적 18500행)
[2026-06-17 11:05:58]   페이지 38: +500행 (누적 19000행)
[2026-06-17 11:06:00]   페이지 39: +500행 (누적 19500행)
[2026-06-17 11:06:04]   페이지 40: +500행 (누적 20000행)
[2026-06-17 11:06:06]   페이지 41: +500행 (누적 20500행)
[2026-06-17 11:06:08]   페이지 42: +500행 (누적 21000행)
[2026-06-17 11:06:09]   페이지 43: +500행 (누적 21500행)
[2026-06-17 11:06:11]   페이지 44: +500행 (누적 22000행)
[2026-06-17 11:06:14]   페이지 45: +500행 (누적 22500행)
[2026-06-17 11:06:16]   페이지 46: +500행 (누적 23000행)
[2026-06-17 11:06:18]   페이지 47: +500행 (누적 23500행)
[2026-06-17 11:06:20]   페이지 48: +500행 (누적 24000행)
[2026-06-17 11:06:23]   페이지 49: +500행 (누적 24500행)
[2026-06-17 11:06:25]   페이지 50: +500행 (누적 25000행)
[2026-06-17 11:06:28]   페이지 51: +500행 (누적 25500행)
[2026-06-17 11:06:30]   페이지 52: +500행 (누적 26000행)
[2026-06-17 11:06:33]   페이지 53: +500행 (누적 26500행)
[2026-06-17 11:06:35]   페이지 54: +500행 (누적 27000행)
[2026-06-17 11:06:36]   페이지 55: +500행 (누적 27500행)
[2026-06-17 11:06:39]   페이지 56: +500행 (누적 28000행)
[2026-06-17 11:06:42]   페이지 57: +500행 (누적 28500행)
[2026-06-17 11:06:44]   페이지 58: +500행 (누적 29000행)
[2026-06-17 11:06:46]   페이지 59: +500행 (누적 29500행)
[2026-06-17 11:06:47]   페이지 60: +500행 (누적 30000행)
[2026-06-17 11:06:49]   페이지 61: +219행 (누적 30219행)
[2026-06-17 11:06:55] 광고세트 목표 조회: 827/827개
[2026-06-17 11:06:55]   소재명 정리: '[26.06]F_I_PC혼_전환_팝콘주말특가_혜택강조형__.배너_페인포인트해소.이미구매하신분들죄송.__박현지_260612_제과_김수정 - 사본' -> '[26.06]F_I_PC혼_전환_팝콘주말특가_혜택강조형__.배너_페인포인트해소.이미구매하신분들죄송.__박현지_260612_제과_김수정'
[2026-06-17 11:06:55]   소재명 정리: '[26.06]F_I_PC혼_전환_팝콘주말특가_혜택강조형__._페인포인트해소.주말만10%추가할인박스규모.__박현지_260612_제과_김수정 - 사본' -> '[26.06]F_I_PC혼_전환_팝콘주말특가_혜택강조형__._페인포인트해소.주말만10%추가할인박스규모.__박현지_260612_제과_김수정'
[2026-06-17 11:06:55]   소재명 정리: '[26.06]F_I_PC혼_전환_팝콘주말특가_혜택강조형__._페인포인트해소.긴급지금입니다.__박현지_260612_제과_김수정 - 사본' -> '[26.06]F_I_PC혼_전환_팝콘주말특가_혜택강조형__._페인포인트해소.긴급지금입니다.__박현지_260612_제과_김수정'
[2026-06-17 11:06:55]   소재명 정리: '[26.06]F_I_PC혼_전환_팝콘주말특가_혜택강조형__._페인포인트해소.주말만10%추가할인.__박현지_260612_제과_김수정 - 사본' -> '[26.06]F_I_PC혼_전환_팝콘주말특가_혜택강조형__._페인포인트해소.주말만10%추가할인.__박현지_260612_제과_김수정'
[2026-06-17 11:06:55]   소재명 정리: '[26.06]F_I_PC혼_전환_팝콘주말특가_혜택강조형__._페인포인트해소.간식값절반.__박현지_260612_제과_김수정 - 사본' -> '[26.06]F_I_PC혼_전환_팝콘주말특가_혜택강조형__._페인포인트해소.간식값절반.__박현지_260612_제과_김수정'
[2026-06-17 11:06:55]   소재명 정리: '[26.06]F_I_PC혼_전환_팝콘주말특가_혜택강조형__.배너_페인포인트해소.이미구매하신분들죄송.__박현지_260612_제과_김수정 - 사본' -> '[26.06]F_I_PC혼_전환_팝콘주말특가_혜택강조형__.배너_페인포인트해소.이미구매하신분들죄송.__박현지_260612_제과_김수정'
[2026-06-17 11:06:55]   소재명 정리: '[26.06]F_I_PC혼_전환_팝콘주말특가_혜택강조형__._페인포인트해소.주말만10%추가할인박스규모.__박현지_260612_제과_김수정 - 사본' -> '[26.06]F_I_PC혼_전환_팝콘주말특가_혜택강조형__._페인포인트해소.주말만10%추가할인박스규모.__박현지_260612_제과_김수정'
[2026-06-17 11:06:55]   소재명 정리: '[26.06]F_I_PC혼_전환_팝콘주말특가_혜택강조형__._페인포인트해소.긴급지금입니다.__박현지_260612_제과_김수정 - 사본' -> '[26.06]F_I_PC혼_전환_팝콘주말특가_혜택강조형__._페인포인트해소.긴급지금입니다.__박현지_260612_제과_김수정'
[2026-06-17 11:06:55]   소재명 정리: '[26.06]F_I_PC혼_전환_팝콘주말특가_혜택강조형__._페인포인트해소.주말만10%추가할인.__박현지_260612_제과_김수정 - 사본' -> '[26.06]F_I_PC혼_전환_팝콘주말특가_혜택강조형__._페인포인트해소.주말만10%추가할인.__박현지_260612_제과_김수정'
[2026-06-17 11:06:55]   소재명 정리: '[26.06]F_I_PC혼_전환_팝콘주말특가_혜택강조형__._페인포인트해소.간식값절반.__박현지_260612_제과_김수정 - 사본' -> '[26.06]F_I_PC혼_전환_팝콘주말특가_혜택강조형__._페인포인트해소.간식값절반.__박현지_260612_제과_김수정'
[2026-06-17 11:06:55] 소재명 ' - 사본' 정리 완료: 10건
[2026-06-17 11:06:55] 완료: 30219행 -> /home/runner/work/lalasweet-ad-dashboard/lalasweet-ad-dashboard/data/meta_raw_2026-01-01_2026-06-16.csv
[2026-06-17 13:04:24] 받을 새 데이터 없음 (이미 2026-06-16까지 수집 완료) -> 종료
[2026-06-18 00:09:31] 수집 범위: 2026-06-17 ~ 2026-06-17 (1일)
[2026-06-18 00:09:32] 리포트 작업 생성: 1523257749475626
[2026-06-18 00:09:32]   0% / Job Not Started
[2026-06-18 00:09:38]   0% / Job Not Started
[2026-06-18 00:09:43]   0% / Job Not Started
[2026-06-18 00:09:48]   0% / Job Not Started
[2026-06-18 00:09:53]   0% / Job Not Started
[2026-06-18 00:09:59]   0% / Job Not Started
[2026-06-18 00:10:04]   0% / Job Started
[2026-06-18 00:10:09]   0% / Job Started
[2026-06-18 00:10:14]   0% / Job Started
[2026-06-18 00:10:21]   0% / Job Started
[2026-06-18 00:10:26]   0% / Job Started
[2026-06-18 00:10:31]   0% / Job Started
[2026-06-18 00:10:38]   0% / Job Running
[2026-06-18 00:10:44]   0% / Job Running
[2026-06-18 00:10:49]   44% / Job Running
[2026-06-18 00:10:55]   100% / Job Running
[2026-06-18 00:11:01]   100% / Job Running
[2026-06-18 00:11:07]   100% / Job Completed
[2026-06-18 00:11:09]   페이지 1: +61행 (누적 61행)
[2026-06-18 00:11:10] 광고세트 목표 조회: 14/14개
[2026-06-18 00:11:10] 마지막 성공 날짜 갱신: 2026-06-17
[2026-06-18 00:11:10] 완료: 61행 -> /home/runner/work/lalasweet-ad-dashboard/lalasweet-ad-dashboard/data/meta_raw_2026-06-17_2026-06-17.csv
[2026-06-18 12:14:38] 받을 새 데이터 없음 (이미 2026-06-17까지 수집 완료) -> 종료
[2026-06-19 00:56:21] 수집 범위: 2026-06-18 ~ 2026-06-18 (1일)
[2026-06-19 00:56:22] 리포트 작업 생성: 1706548093862368
[2026-06-19 00:56:22]   0% / Job Not Started
[2026-06-19 00:56:27]   0% / Job Started
[2026-06-19 00:56:33]   0% / Job Started
[2026-06-19 00:56:38]   0% / Job Started
[2026-06-19 00:56:43]   0% / Job Started
[2026-06-19 00:56:49]   0% / Job Started
[2026-06-19 00:56:54]   0% / Job Started
[2026-06-19 00:56:59]   0% / Job Started
[2026-06-19 00:57:04]   0% / Job Running
[2026-06-19 00:57:10]   0% / Job Running
[2026-06-19 00:57:15]   44% / Job Running
[2026-06-19 00:57:21]   86% / Job Running
[2026-06-19 00:57:26]   100% / Job Running
[2026-06-19 00:57:31]   100% / Job Completed
[2026-06-19 00:57:32]   페이지 1: +94행 (누적 94행)
[2026-06-19 00:57:32] 광고세트 목표 조회: 23/23개
[2026-06-19 00:57:32] 마지막 성공 날짜 갱신: 2026-06-18
[2026-06-19 00:57:32] 완료: 94행 -> /home/runner/work/lalasweet-ad-dashboard/lalasweet-ad-dashboard/data/meta_raw_2026-06-18_2026-06-18.csv
[2026-06-19 12:55:39] 받을 새 데이터 없음 (이미 2026-06-18까지 수집 완료) -> 종료
[2026-06-20 10:16:00] 수집 범위: 2026-06-19 ~ 2026-06-19 (1일)
[2026-06-20 10:16:01] 리포트 작업 생성: 1797851054518872
[2026-06-20 10:16:02]   0% / Job Not Started
[2026-06-20 10:16:07]   0% / Job Started
[2026-06-20 10:16:12]   0% / Job Started
[2026-06-20 10:16:18]   0% / Job Started
[2026-06-20 10:16:23]   0% / Job Started
[2026-06-20 10:16:28]   0% / Job Started
[2026-06-20 10:16:34]   0% / Job Started
[2026-06-20 10:16:39]   0% / Job Started
[2026-06-20 10:16:44]   0% / Job Started
[2026-06-20 10:16:50]   0% / Job Started
[2026-06-20 10:16:55]   0% / Job Running
[2026-06-20 10:17:00]   0% / Job Running
[2026-06-20 10:17:06]   11% / Job Running
[2026-06-20 10:17:11]   28% / Job Running
[2026-06-20 10:17:16]   44% / Job Running
[2026-06-20 10:17:22]   44% / Job Running
[2026-06-20 10:17:27]   44% / Job Running
[2026-06-20 10:17:32]   44% / Job Running
[2026-06-20 10:17:37]   44% / Job Running
[2026-06-20 10:17:43]   68% / Job Running
[2026-06-20 10:17:48]   82% / Job Running
[2026-06-20 10:17:53]   82% / Job Running
[2026-06-20 10:17:59]   82% / Job Running
[2026-06-20 10:18:04]   82% / Job Running
[2026-06-20 10:18:09]   98% / Job Running
[2026-06-20 10:18:15]   100% / Job Running
[2026-06-20 10:18:20]   100% / Job Running
[2026-06-20 10:18:25]   100% / Job Completed
[2026-06-20 10:18:27]   페이지 1: +136행 (누적 136행)
[2026-06-20 10:18:27] 광고세트 목표 조회: 23/23개
[2026-06-20 10:18:27] 마지막 성공 날짜 갱신: 2026-06-19
[2026-06-20 10:18:27] 완료: 136행 -> /home/runner/work/lalasweet-ad-dashboard/lalasweet-ad-dashboard/data/meta_raw_2026-06-19_2026-06-19.csv
[2026-06-21 01:22:28] 수집 범위: 2026-06-20 ~ 2026-06-20 (1일)
[2026-06-21 01:22:28] 리포트 작업 생성: 2893146434368009
[2026-06-21 01:22:28]   0% / Job Not Started
[2026-06-21 01:22:34]   0% / Job Started
[2026-06-21 01:22:39]   0% / Job Started
[2026-06-21 01:22:44]   0% / Job Started
[2026-06-21 01:22:50]   0% / Job Started
[2026-06-21 01:22:55]   0% / Job Started
[2026-06-21 01:23:00]   0% / Job Running
[2026-06-21 01:23:06]   0% / Job Running
[2026-06-21 01:23:11]   0% / Job Running
[2026-06-21 01:23:16]   37% / Job Running
[2026-06-21 01:23:22]   41% / Job Running
[2026-06-21 01:23:27]   54% / Job Running
[2026-06-21 01:23:32]   72% / Job Running
[2026-06-21 01:23:38]   81% / Job Running
[2026-06-21 01:23:43]   81% / Job Running
[2026-06-21 01:23:48]   81% / Job Running
[2026-06-21 01:23:53]   81% / Job Running
[2026-06-21 01:23:59]   81% / Job Running
[2026-06-21 01:24:04]   81% / Job Running
[2026-06-21 01:24:09]   98% / Job Running
[2026-06-21 01:24:14]   98% / Job Running
[2026-06-21 01:24:20]   98% / Job Running
[2026-06-21 01:24:25]   98% / Job Running
[2026-06-21 01:24:30]   98% / Job Running
[2026-06-21 01:24:36]   100% / Job Running
[2026-06-21 01:24:42]   100% / Job Completed
[2026-06-21 01:24:42]   페이지 1: +101행 (누적 101행)
[2026-06-21 01:24:43] 광고세트 목표 조회: 22/22개
[2026-06-21 01:24:43] 마지막 성공 날짜 갱신: 2026-06-20
[2026-06-21 01:24:43] 완료: 101행 -> /home/runner/work/lalasweet-ad-dashboard/lalasweet-ad-dashboard/data/meta_raw_2026-06-20_2026-06-20.csv
[2026-06-21 10:56:31] 받을 새 데이터 없음 (이미 2026-06-20까지 수집 완료) -> 종료
[2026-06-22 00:01:48] 수집 범위: 2026-06-21 ~ 2026-06-21 (1일)
[2026-06-22 00:01:48] 리포트 작업 생성: 1535766841291269
[2026-06-22 00:01:48]   0% / Job Not Started
[2026-06-22 00:01:54]   0% / Job Started
[2026-06-22 00:01:59]   0% / Job Started
[2026-06-22 00:02:04]   0% / Job Started
[2026-06-22 00:02:09]   0% / Job Started
[2026-06-22 00:02:14]   0% / Job Started
[2026-06-22 00:02:19]   0% / Job Started
[2026-06-22 00:02:25]   0% / Job Started
[2026-06-22 00:02:30]   0% / Job Started
[2026-06-22 00:02:35]   0% / Job Running
[2026-06-22 00:02:41]   0% / Job Running
[2026-06-22 00:02:46]   0% / Job Running
[2026-06-22 00:02:51]   0% / Job Running
[2026-06-22 00:02:56]   15% / Job Running
[2026-06-22 00:03:02]   15% / Job Running
[2026-06-22 00:03:07]   46% / Job Running
[2026-06-22 00:03:12]   78% / Job Running
[2026-06-22 00:03:17]   84% / Job Running
[2026-06-22 00:03:22]   100% / Job Running
[2026-06-22 00:03:28]   100% / Job Completed
[2026-06-22 00:03:29]   페이지 1: +74행 (누적 74행)
[2026-06-22 00:03:29] 광고세트 목표 조회: 17/17개
[2026-06-22 00:03:29] 마지막 성공 날짜 갱신: 2026-06-21
[2026-06-22 00:03:29] 완료: 74행 -> /home/runner/work/lalasweet-ad-dashboard/lalasweet-ad-dashboard/data/meta_raw_2026-06-21_2026-06-21.csv
[2026-06-22 11:05:01] 받을 새 데이터 없음 (이미 2026-06-21까지 수집 완료) -> 종료
[2026-06-22 12:21:05] 받을 새 데이터 없음 (이미 2026-06-21까지 수집 완료) -> 종료
[2026-06-22 12:32:54] 받을 새 데이터 없음 (이미 2026-06-21까지 수집 완료) -> 종료
[2026-06-22 12:43:39] 받을 새 데이터 없음 (이미 2026-06-21까지 수집 완료) -> 종료
[2026-06-22 13:36:04] 받을 새 데이터 없음 (이미 2026-06-21까지 수집 완료) -> 종료
[2026-06-22 13:42:54] 받을 새 데이터 없음 (이미 2026-06-21까지 수집 완료) -> 종료
[2026-06-22 13:52:24] 받을 새 데이터 없음 (이미 2026-06-21까지 수집 완료) -> 종료
[2026-06-22 13:56:08] 받을 새 데이터 없음 (이미 2026-06-21까지 수집 완료) -> 종료
[2026-06-22 17:17:44] 받을 새 데이터 없음 (이미 2026-06-21까지 수집 완료) -> 종료
[2026-06-23 00:15:24] 수집 범위: 2026-06-22 ~ 2026-06-22 (1일)
[2026-06-23 00:15:25] 리포트 작업 생성: 2506618536444973
[2026-06-23 00:15:25]   0% / Job Not Started
[2026-06-23 00:15:31]   0% / Job Not Started
[2026-06-23 00:15:36]   0% / Job Started
[2026-06-23 00:15:41]   0% / Job Started
[2026-06-23 00:15:47]   0% / Job Started
[2026-06-23 00:15:52]   0% / Job Started
[2026-06-23 00:15:57]   0% / Job Started
[2026-06-23 00:16:03]   0% / Job Started
[2026-06-23 00:16:08]   0% / Job Started
[2026-06-23 00:16:13]   0% / Job Started
[2026-06-23 00:16:18]   0% / Job Running
[2026-06-23 00:16:24]   47% / Job Running
[2026-06-23 00:16:29]   95% / Job Running
[2026-06-23 00:16:34]   100% / Job Running
[2026-06-23 00:16:40]   100% / Job Running
[2026-06-23 00:16:45]   100% / Job Completed
[2026-06-23 00:16:46]   페이지 1: +96행 (누적 96행)
[2026-06-23 00:16:46] 광고세트 목표 조회: 20/20개
[2026-06-23 00:16:46] 마지막 성공 날짜 갱신: 2026-06-22
[2026-06-23 00:16:46] 완료: 96행 -> /home/runner/work/lalasweet-ad-dashboard/lalasweet-ad-dashboard/data/meta_raw_2026-06-22_2026-06-22.csv
[2026-06-23 10:50:32] 받을 새 데이터 없음 (이미 2026-06-22까지 수집 완료) -> 종료
[2026-06-24 01:21:41] 수집 범위: 2026-06-23 ~ 2026-06-23 (1일)
[2026-06-24 01:21:42] 리포트 작업 생성: 983502230978977
[2026-06-24 01:21:42]   0% / Job Not Started
[2026-06-24 01:21:48]   0% / Job Started
[2026-06-24 01:21:53]   0% / Job Started
[2026-06-24 01:21:59]   0% / Job Started
[2026-06-24 01:22:04]   0% / Job Started
[2026-06-24 01:22:10]   0% / Job Started
[2026-06-24 01:22:15]   0% / Job Started
[2026-06-24 01:22:20]   0% / Job Running
[2026-06-24 01:22:26]   43% / Job Running
[2026-06-24 01:22:31]   87% / Job Running
[2026-06-24 01:22:36]   98% / Job Running
[2026-06-24 01:22:42]   98% / Job Running
[2026-06-24 01:22:47]   100% / Job Running
[2026-06-24 01:22:53]   100% / Job Completed
[2026-06-24 01:22:54]   페이지 1: +59행 (누적 59행)
[2026-06-24 01:22:54] 광고세트 목표 조회: 9/9개
[2026-06-24 01:22:54] 마지막 성공 날짜 갱신: 2026-06-23
[2026-06-24 01:22:54] 완료: 59행 -> /home/runner/work/lalasweet-ad-dashboard/lalasweet-ad-dashboard/data/meta_raw_2026-06-23_2026-06-23.csv
[2026-06-24 10:35:08] 받을 새 데이터 없음 (이미 2026-06-23까지 수집 완료) -> 종료
[2026-06-25 00:15:14] 수집 범위: 2026-06-24 ~ 2026-06-24 (1일)
[2026-06-25 00:15:15] 리포트 작업 생성: 1499069204648455
[2026-06-25 00:15:15]   0% / Job Not Started
[2026-06-25 00:15:20]   0% / Job Started
[2026-06-25 00:15:26]   0% / Job Started
[2026-06-25 00:15:31]   0% / Job Started
[2026-06-25 00:15:36]   0% / Job Started
[2026-06-25 00:15:42]   0% / Job Started
[2026-06-25 00:15:47]   0% / Job Started
[2026-06-25 00:15:52]   0% / Job Started
[2026-06-25 00:15:57]   0% / Job Started
[2026-06-25 00:16:02]   0% / Job Started
[2026-06-25 00:16:07]   0% / Job Started
[2026-06-25 00:16:13]   0% / Job Running
[2026-06-25 00:16:18]   45% / Job Running
[2026-06-25 00:16:23]   90% / Job Running
[2026-06-25 00:16:29]   100% / Job Running
[2026-06-25 00:16:34]   100% / Job Completed
[2026-06-25 00:16:35]   페이지 1: +250행 (누적 250행)
[2026-06-25 00:16:35] 광고세트 목표 조회: 24/24개
[2026-06-25 00:16:35] 마지막 성공 날짜 갱신: 2026-06-24
[2026-06-25 00:16:35] 완료: 250행 -> /home/runner/work/lalasweet-ad-dashboard/lalasweet-ad-dashboard/data/meta_raw_2026-06-24_2026-06-24.csv
[2026-06-26 01:35:23] 수집 범위: 2026-06-25 ~ 2026-06-25 (1일)
[2026-06-26 01:35:23] 리포트 작업 생성: 1348665933882965
[2026-06-26 01:35:23]   0% / Job Not Started
[2026-06-26 01:35:29]   0% / Job Not Started
[2026-06-26 01:35:34]   0% / Job Not Started
[2026-06-26 01:35:39]   0% / Job Not Started
[2026-06-26 01:35:44]   0% / Job Not Started
[2026-06-26 01:35:50]   0% / Job Started
[2026-06-26 01:35:55]   0% / Job Started
[2026-06-26 01:36:00]   0% / Job Started
[2026-06-26 01:36:05]   0% / Job Started
[2026-06-26 01:36:11]   0% / Job Started
[2026-06-26 01:36:16]   0% / Job Started
[2026-06-26 01:36:21]   0% / Job Started
[2026-06-26 01:36:26]   0% / Job Started
[2026-06-26 01:36:32]   0% / Job Started
[2026-06-26 01:36:37]   0% / Job Started
[2026-06-26 01:36:42]   0% / Job Started
[2026-06-26 01:36:48]   0% / Job Running
[2026-06-26 01:36:53]   0% / Job Running
[2026-06-26 01:36:58]   47% / Job Running
[2026-06-26 01:37:03]   95% / Job Running
[2026-06-26 01:37:09]   100% / Job Running
[2026-06-26 01:37:14]   100% / Job Completed
[2026-06-26 01:37:15]   페이지 1: +207행 (누적 207행)
[2026-06-26 01:37:15] 광고세트 목표 조회: 25/25개
[2026-06-26 01:37:15] 마지막 성공 날짜 갱신: 2026-06-25
[2026-06-26 01:37:15] 완료: 207행 -> /home/runner/work/lalasweet-ad-dashboard/lalasweet-ad-dashboard/data/meta_raw_2026-06-25_2026-06-25.csv
[2026-06-26 02:30:49] 받을 새 데이터 없음 (이미 2026-06-25까지 수집 완료) -> 종료
[2026-06-26 02:43:27] [백필 모드] 수집 범위: 2026-06-26 ~ 2026-06-26
[2026-06-26 02:43:27] 수집 범위: 2026-06-26 ~ 2026-06-26 (1일)
[2026-06-26 02:43:27] 리포트 작업 생성: 897374865987144
[2026-06-26 02:43:28]   0% / Job Not Started
[2026-06-26 02:43:33]   0% / Job Started
[2026-06-26 02:43:39]   0% / Job Started
[2026-06-26 02:43:44]   0% / Job Started
[2026-06-26 02:43:50]   0% / Job Started
[2026-06-26 02:43:55]   0% / Job Started
[2026-06-26 02:44:00]   0% / Job Started
[2026-06-26 02:44:06]   0% / Job Started
[2026-06-26 02:44:12]   0% / Job Started
[2026-06-26 02:44:17]   0% / Job Started
[2026-06-26 02:44:23]   0% / Job Running
[2026-06-26 02:44:28]   49% / Job Running
[2026-06-26 02:44:33]   98% / Job Running
[2026-06-26 02:44:39]   100% / Job Running
[2026-06-26 02:44:44]   100% / Job Completed
[2026-06-26 02:44:45]   페이지 1: +100행 (누적 100행)
[2026-06-26 02:44:45] 광고세트 목표 조회: 22/22개
[2026-06-26 02:44:45] 완료: 100행 -> /home/runner/work/lalasweet-ad-dashboard/lalasweet-ad-dashboard/data/meta_raw_2026-06-26_2026-06-26.csv
[2026-06-26 10:37:44] 받을 새 데이터 없음 (이미 2026-06-25까지 수집 완료) -> 종료
[2026-06-27 09:14:41] 수집 범위: 2026-06-26 ~ 2026-06-26 (1일)
[2026-06-27 09:14:42] 리포트 작업 생성: 27615063681514487
[2026-06-27 09:14:43]   0% / Job Not Started
[2026-06-27 09:14:48]   0% / Job Not Started
[2026-06-27 09:14:53]   0% / Job Started
[2026-06-27 09:14:58]   0% / Job Started
[2026-06-27 09:15:04]   0% / Job Started
[2026-06-27 09:15:09]   0% / Job Started
[2026-06-27 09:15:15]   0% / Job Started
[2026-06-27 09:15:20]   0% / Job Started
[2026-06-27 09:15:25]   0% / Job Started
[2026-06-27 09:15:30]   0% / Job Running
[2026-06-27 09:15:35]   45% / Job Running
[2026-06-27 09:15:41]   92% / Job Running
[2026-06-27 09:15:46]   100% / Job Running
[2026-06-27 09:15:51]   100% / Job Running
[2026-06-27 09:15:56]   100% / Job Completed
[2026-06-27 09:15:58]   페이지 1: +197행 (누적 197행)
[2026-06-27 09:15:58] 광고세트 목표 조회: 33/33개
[2026-06-27 09:15:58] 마지막 성공 날짜 갱신: 2026-06-26
[2026-06-27 09:15:58] 완료: 197행 -> /home/runner/work/lalasweet-ad-dashboard/lalasweet-ad-dashboard/data/meta_raw_2026-06-26_2026-06-26.csv
[2026-06-28 10:08:48] 수집 범위: 2026-06-27 ~ 2026-06-27 (1일)
[2026-06-28 10:08:48] 리포트 작업 생성: 1547095330342283
[2026-06-28 10:08:49]   0% / Job Not Started
[2026-06-28 10:08:54]   0% / Job Started
[2026-06-28 10:08:59]   0% / Job Started
[2026-06-28 10:09:05]   0% / Job Started
[2026-06-28 10:09:10]   0% / Job Started
[2026-06-28 10:09:15]   0% / Job Started
[2026-06-28 10:09:21]   0% / Job Started
[2026-06-28 10:09:26]   0% / Job Started
[2026-06-28 10:09:31]   0% / Job Started
[2026-06-28 10:09:37]   0% / Job Running
[2026-06-28 10:09:42]   48% / Job Running
[2026-06-28 10:09:47]   96% / Job Running
[2026-06-28 10:09:53]   100% / Job Running
[2026-06-28 10:09:58]   100% / Job Running
[2026-06-28 10:10:03]   100% / Job Completed
[2026-06-28 10:10:04]   페이지 1: +179행 (누적 179행)
[2026-06-28 10:10:05] 광고세트 목표 조회: 28/28개
[2026-06-28 10:10:05] 마지막 성공 날짜 갱신: 2026-06-27
[2026-06-28 10:10:05] 완료: 179행 -> /home/runner/work/lalasweet-ad-dashboard/lalasweet-ad-dashboard/data/meta_raw_2026-06-27_2026-06-27.csv
[2026-06-29 00:13:07] 수집 범위: 2026-06-28 ~ 2026-06-28 (1일)
[2026-06-29 00:13:08] 리포트 작업 생성: 4553436054982616
[2026-06-29 00:13:08]   0% / Job Not Started
[2026-06-29 00:13:14]   0% / Job Not Started
[2026-06-29 00:13:19]   0% / Job Not Started
[2026-06-29 00:13:25]   0% / Job Not Started
[2026-06-29 00:13:30]   0% / Job Not Started
[2026-06-29 00:13:36]   0% / Job Started
[2026-06-29 00:13:41]   0% / Job Started
[2026-06-29 00:13:46]   0% / Job Started
[2026-06-29 00:13:52]   0% / Job Started
[2026-06-29 00:13:57]   0% / Job Started
[2026-06-29 00:14:03]   0% / Job Started
[2026-06-29 00:14:08]   0% / Job Started
[2026-06-29 00:14:13]   0% / Job Started
[2026-06-29 00:14:19]   0% / Job Running
[2026-06-29 00:14:24]   50% / Job Running
[2026-06-29 00:14:29]   100% / Job Running
[2026-06-29 00:14:35]   100% / Job Completed
[2026-06-29 00:14:35]   페이지 1: +98행 (누적 98행)
[2026-06-29 00:14:37] 광고세트 목표 조회: 20/20개
[2026-06-29 00:14:37] 마지막 성공 날짜 갱신: 2026-06-28
[2026-06-29 00:14:37] 완료: 98행 -> /home/runner/work/lalasweet-ad-dashboard/lalasweet-ad-dashboard/data/meta_raw_2026-06-28_2026-06-28.csv
[2026-06-29 00:32:35] [백필 모드] 수집 범위: 2026-06-26 ~ 2026-06-28
[2026-06-29 00:32:35] 수집 범위: 2026-06-26 ~ 2026-06-28 (3일)
[2026-06-29 00:32:36] 리포트 작업 생성: 1703318450912510
[2026-06-29 00:32:36]   0% / Job Not Started
[2026-06-29 00:32:41]   0% / Job Started
[2026-06-29 00:32:47]   0% / Job Started
[2026-06-29 00:32:52]   0% / Job Started
[2026-06-29 00:32:57]   0% / Job Started
[2026-06-29 00:33:03]   0% / Job Started
[2026-06-29 00:33:08]   0% / Job Running
[2026-06-29 00:33:13]   46% / Job Running
[2026-06-29 00:33:19]   93% / Job Running
[2026-06-29 00:33:24]   100% / Job Running
[2026-06-29 00:33:29]   100% / Job Completed
[2026-06-29 00:33:31]   페이지 1: +474행 (누적 474행)
[2026-06-29 00:33:31] 광고세트 목표 조회: 37/37개
[2026-06-29 00:33:31] 완료: 474행 -> /home/runner/work/lalasweet-ad-dashboard/lalasweet-ad-dashboard/data/meta_raw_2026-06-26_2026-06-28.csv
[2026-06-29 14:37:33] 받을 새 데이터 없음 (이미 2026-06-28까지 수집 완료) -> 종료
[2026-06-30 01:32:17] 수집 범위: 2026-06-29 ~ 2026-06-29 (1일)
[2026-06-30 01:32:18] 리포트 작업 생성: 1281739260432753
[2026-06-30 01:32:18]   0% / Job Not Started
[2026-06-30 01:32:23]   0% / Job Started
[2026-06-30 01:32:29]   0% / Job Started
[2026-06-30 01:32:34]   0% / Job Started
[2026-06-30 01:32:39]   0% / Job Started
[2026-06-30 01:32:45]   0% / Job Started
[2026-06-30 01:32:50]   0% / Job Started
[2026-06-30 01:32:55]   0% / Job Started
[2026-06-30 01:33:01]   0% / Job Started
[2026-06-30 01:33:06]   0% / Job Started
[2026-06-30 01:33:11]   0% / Job Started
[2026-06-30 01:33:17]   0% / Job Started
[2026-06-30 01:33:22]   0% / Job Started
[2026-06-30 01:33:27]   0% / Job Running
[2026-06-30 01:33:32]   0% / Job Running
[2026-06-30 01:33:37]   49% / Job Running
[2026-06-30 01:33:42]   98% / Job Running
[2026-06-30 01:33:48]   100% / Job Running
[2026-06-30 01:33:53]   100% / Job Completed
[2026-06-30 01:33:53]   페이지 1: +89행 (누적 89행)
[2026-06-30 01:33:54] 광고세트 목표 조회: 20/20개
[2026-06-30 01:33:54] 마지막 성공 날짜 갱신: 2026-06-29
[2026-06-30 01:33:54] 완료: 89행 -> /home/runner/work/lalasweet-ad-dashboard/lalasweet-ad-dashboard/data/meta_raw_2026-06-29_2026-06-29.csv
[2026-06-30 10:44:51] 받을 새 데이터 없음 (이미 2026-06-29까지 수집 완료) -> 종료
[2026-07-01 00:51:51] 수집 범위: 2026-06-30 ~ 2026-06-30 (1일)
[2026-07-01 00:51:51] 리포트 작업 생성: 1673081490626551
[2026-07-01 00:51:52]   0% / Job Not Started
[2026-07-01 00:51:57]   0% / Job Started
[2026-07-01 00:52:02]   0% / Job Started
[2026-07-01 00:52:08]   0% / Job Started
[2026-07-01 00:52:13]   0% / Job Started
[2026-07-01 00:52:19]   0% / Job Started
[2026-07-01 00:52:24]   0% / Job Started
[2026-07-01 00:52:29]   0% / Job Started
[2026-07-01 00:52:35]   0% / Job Started
[2026-07-01 00:52:40]   0% / Job Started
[2026-07-01 00:52:45]   0% / Job Running
[2026-07-01 00:52:51]   0% / Job Running
[2026-07-01 00:52:56]   50% / Job Running
[2026-07-01 00:53:02]   100% / Job Running
[2026-07-01 00:53:07]   100% / Job Running
[2026-07-01 00:53:13]   100% / Job Completed
[2026-07-01 00:53:13]   페이지 1: +114행 (누적 114행)
[2026-07-01 00:53:14] 광고세트 목표 조회: 21/21개
[2026-07-01 00:53:14] 마지막 성공 날짜 갱신: 2026-06-30
[2026-07-01 00:53:14] 완료: 114행 -> /home/runner/work/lalasweet-ad-dashboard/lalasweet-ad-dashboard/data/meta_raw_2026-06-30_2026-06-30.csv
[2026-07-01 10:58:43] 받을 새 데이터 없음 (이미 2026-06-30까지 수집 완료) -> 종료
[2026-07-02 01:05:36] 수집 범위: 2026-07-01 ~ 2026-07-01 (1일)
[2026-07-02 01:05:37] 리포트 작업 생성: 1291696942813312
[2026-07-02 01:05:37]   0% / Job Not Started
[2026-07-02 01:05:42]   0% / Job Not Started
[2026-07-02 01:05:48]   0% / Job Not Started
[2026-07-02 01:05:53]   0% / Job Not Started
[2026-07-02 01:05:58]   0% / Job Not Started
[2026-07-02 01:06:03]   0% / Job Not Started
[2026-07-02 01:06:09]   0% / Job Started
[2026-07-02 01:06:14]   0% / Job Started
[2026-07-02 01:06:19]   0% / Job Started
[2026-07-02 01:06:25]   0% / Job Started
[2026-07-02 01:06:30]   0% / Job Started
[2026-07-02 01:06:35]   0% / Job Started
[2026-07-02 01:06:41]   0% / Job Started
[2026-07-02 01:06:46]   0% / Job Started
[2026-07-02 01:06:51]   0% / Job Started
[2026-07-02 01:06:56]   0% / Job Running
[2026-07-02 01:07:02]   48% / Job Running
[2026-07-02 01:07:07]   96% / Job Running
[2026-07-02 01:07:13]   100% / Job Running
[2026-07-02 01:07:18]   100% / Job Running
[2026-07-02 01:07:23]   100% / Job Running
[2026-07-02 01:07:28]   100% / Job Completed
[2026-07-02 01:07:29]   페이지 1: +185행 (누적 185행)
[2026-07-02 01:07:30] 광고세트 목표 조회: 23/23개
[2026-07-02 01:07:30] 마지막 성공 날짜 갱신: 2026-07-01
[2026-07-02 01:07:30] 완료: 185행 -> /home/runner/work/lalasweet-ad-dashboard/lalasweet-ad-dashboard/data/meta_raw_2026-07-01_2026-07-01.csv
[2026-07-02 05:06:16] [백필 모드] 수집 범위: 2026-07-02 ~ 2026-07-02
[2026-07-02 05:06:16] 수집 범위: 2026-07-02 ~ 2026-07-02 (1일)
[2026-07-02 05:06:17] 리포트 작업 생성: 3056927307845487
[2026-07-02 05:06:17]   0% / Job Not Started
[2026-07-02 05:06:22]   0% / Job Not Started
[2026-07-02 05:06:28]   0% / Job Started
[2026-07-02 05:06:33]   0% / Job Started
[2026-07-02 05:06:38]   0% / Job Started
[2026-07-02 05:06:43]   0% / Job Started
[2026-07-02 05:06:49]   0% / Job Started
[2026-07-02 05:06:54]   0% / Job Started
[2026-07-02 05:06:59]   0% / Job Running
[2026-07-02 05:07:04]   0% / Job Running
[2026-07-02 05:07:10]   50% / Job Running
[2026-07-02 05:07:15]   100% / Job Running
[2026-07-02 05:07:20]   100% / Job Completed
[2026-07-02 05:07:21]   페이지 1: +159행 (누적 159행)
[2026-07-02 05:07:21] 광고세트 목표 조회: 19/19개
[2026-07-02 05:07:21] 완료: 159행 -> /home/runner/work/lalasweet-ad-dashboard/lalasweet-ad-dashboard/data/meta_raw_2026-07-02_2026-07-02.csv
[2026-07-02 05:24:08] [백필 모드] 수집 범위: 2026-07-02 ~ 2026-07-02
[2026-07-02 05:24:08] 수집 범위: 2026-07-02 ~ 2026-07-02 (1일)
[2026-07-02 05:24:09] 리포트 작업 생성: 2611416932594528
[2026-07-02 05:24:11]   0% / Job Not Started
[2026-07-02 05:24:16]   0% / Job Not Started
[2026-07-02 05:24:22]   0% / Job Not Started
[2026-07-02 05:24:28]   0% / Job Not Started
[2026-07-02 05:24:33]   0% / Job Not Started
[2026-07-02 05:24:38]   0% / Job Not Started
[2026-07-02 05:24:44]   0% / Job Not Started
[2026-07-02 05:24:49]   0% / Job Not Started
[2026-07-02 05:24:55]   0% / Job Started
[2026-07-02 05:25:00]   0% / Job Started
[2026-07-02 05:25:05]   0% / Job Started
[2026-07-02 05:25:11]   0% / Job Started
[2026-07-02 05:25:17]   0% / Job Started
[2026-07-02 05:25:22]   0% / Job Started
[2026-07-02 05:25:27]   0% / Job Started
[2026-07-02 05:25:33]   0% / Job Started
[2026-07-02 05:25:39]   0% / Job Started
[2026-07-02 05:25:44]   0% / Job Running
[2026-07-02 05:25:49]   50% / Job Running
[2026-07-02 05:25:55]   85% / Job Running
[2026-07-02 05:26:01]   100% / Job Running
[2026-07-02 05:26:07]   100% / Job Completed
[2026-07-02 05:26:08]   페이지 1: +159행 (누적 159행)
[2026-07-02 05:26:08] 광고세트 목표 조회: 19/19개
[2026-07-02 05:26:08] 완료: 159행 -> /home/runner/work/lalasweet-ad-dashboard/lalasweet-ad-dashboard/data/meta_raw_2026-07-02_2026-07-02.csv
[2026-07-02 05:29:56] [백필 모드] 수집 범위: 2026-07-02 ~ 2026-07-02
[2026-07-02 05:29:56] 수집 범위: 2026-07-02 ~ 2026-07-02 (1일)
[2026-07-02 05:29:56] 리포트 작업 생성: 857210557117827
[2026-07-02 05:29:57]   0% / Job Not Started
[2026-07-02 05:30:02]   0% / Job Not Started
[2026-07-02 05:30:07]   0% / Job Started
[2026-07-02 05:30:12]   0% / Job Started
[2026-07-02 05:30:17]   0% / Job Started
[2026-07-02 05:30:23]   0% / Job Started
[2026-07-02 05:30:28]   0% / Job Started
[2026-07-02 05:30:33]   0% / Job Started
[2026-07-02 05:30:38]   0% / Job Started
[2026-07-02 05:30:43]   0% / Job Started
[2026-07-02 05:30:49]   0% / Job Running
[2026-07-02 05:30:54]   0% / Job Running
[2026-07-02 05:30:59]   50% / Job Running
[2026-07-02 05:31:04]   100% / Job Running
[2026-07-02 05:31:09]   100% / Job Running
[2026-07-02 05:31:15]   100% / Job Completed
[2026-07-02 05:31:16]   페이지 1: +159행 (누적 159행)
[2026-07-02 05:31:16] 광고세트 목표 조회: 19/19개
[2026-07-02 05:31:16] 완료: 159행 -> /home/runner/work/lalasweet-ad-dashboard/lalasweet-ad-dashboard/data/meta_raw_2026-07-02_2026-07-02.csv
[2026-07-02 05:42:12] [백필 모드] 수집 범위: 2026-07-02 ~ 2026-07-02
[2026-07-02 05:42:12] 수집 범위: 2026-07-02 ~ 2026-07-02 (1일)
[2026-07-02 05:42:13] 리포트 작업 생성: 1734939410869061
[2026-07-02 05:42:13]   0% / Job Not Started
[2026-07-02 05:42:18]   0% / Job Started
[2026-07-02 05:42:24]   0% / Job Started
[2026-07-02 05:42:29]   0% / Job Started
[2026-07-02 05:42:34]   0% / Job Started
[2026-07-02 05:42:39]   0% / Job Started
[2026-07-02 05:42:45]   0% / Job Started
[2026-07-02 05:42:50]   0% / Job Started
[2026-07-02 05:42:55]   0% / Job Running
[2026-07-02 05:43:00]   50% / Job Running
[2026-07-02 05:43:06]   100% / Job Running
[2026-07-02 05:43:11]   100% / Job Completed
[2026-07-02 05:43:12]   페이지 1: +159행 (누적 159행)
[2026-07-02 05:43:12] 광고세트 목표 조회: 19/19개
[2026-07-02 05:43:12] 완료: 159행 -> /home/runner/work/lalasweet-ad-dashboard/lalasweet-ad-dashboard/data/meta_raw_2026-07-02_2026-07-02.csv
[2026-07-02 05:56:38] [백필 모드] 수집 범위: 2026-07-02 ~ 2026-07-02
[2026-07-02 05:56:38] 수집 범위: 2026-07-02 ~ 2026-07-02 (1일)
[2026-07-02 05:56:39] 리포트 작업 생성: 1014098108275560
[2026-07-02 05:56:39]   0% / Job Not Started
[2026-07-02 05:56:45]   0% / Job Not Started
[2026-07-02 05:56:50]   0% / Job Started
[2026-07-02 05:56:55]   0% / Job Started
[2026-07-02 05:57:00]   0% / Job Started
[2026-07-02 05:57:05]   0% / Job Started
[2026-07-02 05:57:11]   0% / Job Started
[2026-07-02 05:57:16]   0% / Job Started
[2026-07-02 05:57:21]   0% / Job Running
[2026-07-02 05:57:26]   0% / Job Running
[2026-07-02 05:57:31]   50% / Job Running
[2026-07-02 05:57:37]   100% / Job Running
[2026-07-02 05:57:42]   100% / Job Completed
[2026-07-02 05:57:42]   페이지 1: +160행 (누적 160행)
[2026-07-02 05:57:43] 광고세트 목표 조회: 19/19개
[2026-07-02 05:57:43] 완료: 160행 -> /home/runner/work/lalasweet-ad-dashboard/lalasweet-ad-dashboard/data/meta_raw_2026-07-02_2026-07-02.csv
[2026-07-02 06:30:09] [백필 모드] 수집 범위: 2026-07-02 ~ 2026-07-02
[2026-07-02 06:30:09] 수집 범위: 2026-07-02 ~ 2026-07-02 (1일)
[2026-07-02 06:30:09] 리포트 작업 생성: 2084004442469643
[2026-07-02 06:30:09]   0% / Job Not Started
[2026-07-02 06:30:15]   0% / Job Not Started
[2026-07-02 06:30:20]   0% / Job Started
[2026-07-02 06:30:25]   0% / Job Started
[2026-07-02 06:30:31]   0% / Job Started
[2026-07-02 06:30:36]   0% / Job Running
[2026-07-02 06:30:41]   0% / Job Running
[2026-07-02 06:30:46]   98% / Job Running
[2026-07-02 06:30:52]   100% / Job Running
[2026-07-02 06:30:57]   100% / Job Running
[2026-07-02 06:31:02]   100% / Job Completed
[2026-07-02 06:31:03]   페이지 1: +161행 (누적 161행)
[2026-07-02 06:31:03] 광고세트 목표 조회: 19/19개
[2026-07-02 06:31:03] 완료: 161행 -> /home/runner/work/lalasweet-ad-dashboard/lalasweet-ad-dashboard/data/meta_raw_2026-07-02_2026-07-02.csv
[2026-07-02 07:46:10] [백필 모드] 수집 범위: 2026-07-02 ~ 2026-07-02
[2026-07-02 07:46:10] 수집 범위: 2026-07-02 ~ 2026-07-02 (1일)
[2026-07-02 07:46:11] 리포트 작업 생성: 1397043289147863
[2026-07-02 07:46:11]   0% / Job Not Started
[2026-07-02 07:46:16]   0% / Job Not Started
[2026-07-02 07:46:22]   0% / Job Not Started
[2026-07-02 07:46:27]   0% / Job Not Started
[2026-07-02 07:46:32]   0% / Job Started
[2026-07-02 07:46:38]   0% / Job Started
[2026-07-02 07:46:43]   0% / Job Started
[2026-07-02 07:46:48]   0% / Job Started
[2026-07-02 07:46:53]   0% / Job Started
[2026-07-02 07:46:59]   0% / Job Started
[2026-07-02 07:47:04]   0% / Job Started
[2026-07-02 07:47:09]   0% / Job Started
[2026-07-02 07:47:14]   0% / Job Started
[2026-07-02 07:47:20]   0% / Job Started
[2026-07-02 07:47:25]   0% / Job Started
[2026-07-02 07:47:30]   0% / Job Running
[2026-07-02 07:47:35]   11% / Job Running
[2026-07-02 07:47:41]   23% / Job Running
[2026-07-02 07:47:46]   73% / Job Running
[2026-07-02 07:47:51]   73% / Job Running
[2026-07-02 07:47:57]   73% / Job Running
[2026-07-02 07:48:02]   100% / Job Running
[2026-07-02 07:48:07]   100% / Job Running
[2026-07-02 07:48:12]   100% / Job Completed
[2026-07-02 07:48:14]   페이지 1: +169행 (누적 169행)
[2026-07-02 07:48:14] 광고세트 목표 조회: 19/19개
[2026-07-02 07:48:14] 완료: 169행 -> /home/runner/work/lalasweet-ad-dashboard/lalasweet-ad-dashboard/data/meta_raw_2026-07-02_2026-07-02.csv
[2026-07-02 08:39:54] [백필 모드] 수집 범위: 2026-07-02 ~ 2026-07-02
[2026-07-02 08:39:54] 수집 범위: 2026-07-02 ~ 2026-07-02 (1일)
[2026-07-02 08:39:54] 리포트 작업 생성: 1422085990076066
[2026-07-02 08:39:54]   0% / Job Not Started
[2026-07-02 08:40:00]   0% / Job Started
[2026-07-02 08:40:05]   0% / Job Started
[2026-07-02 08:40:10]   0% / Job Started
[2026-07-02 08:40:16]   0% / Job Started
[2026-07-02 08:40:21]   0% / Job Started
[2026-07-02 08:40:26]   0% / Job Started
[2026-07-02 08:40:31]   0% / Job Started
[2026-07-02 08:40:37]   0% / Job Started
[2026-07-02 08:40:42]   0% / Job Running
[2026-07-02 08:40:48]   50% / Job Running
[2026-07-02 08:40:53]   50% / Job Running
[2026-07-02 08:40:58]   100% / Job Running
[2026-07-02 08:41:03]   100% / Job Completed
[2026-07-02 08:41:04]   페이지 1: +169행 (누적 169행)
[2026-07-02 08:41:05] 광고세트 목표 조회: 19/19개
[2026-07-02 08:41:05] 완료: 169행 -> /home/runner/work/lalasweet-ad-dashboard/lalasweet-ad-dashboard/data/meta_raw_2026-07-02_2026-07-02.csv
[2026-07-02 10:09:32] [백필 모드] 수집 범위: 2026-07-02 ~ 2026-07-02
[2026-07-02 10:09:32] 수집 범위: 2026-07-02 ~ 2026-07-02 (1일)
[2026-07-02 10:09:32] 리포트 작업 생성: 1725990555209112
[2026-07-02 10:09:33]   0% / Job Not Started
[2026-07-02 10:09:38]   0% / Job Started
[2026-07-02 10:09:43]   0% / Job Started
[2026-07-02 10:09:48]   0% / Job Started
[2026-07-02 10:09:54]   0% / Job Started
[2026-07-02 10:09:59]   0% / Job Started
[2026-07-02 10:10:04]   0% / Job Started
[2026-07-02 10:10:10]   0% / Job Running
[2026-07-02 10:10:15]   0% / Job Running
[2026-07-02 10:10:20]   49% / Job Running
[2026-07-02 10:10:25]   98% / Job Running
[2026-07-02 10:10:31]   100% / Job Running
[2026-07-02 10:10:36]   100% / Job Completed
[2026-07-02 10:10:37]   페이지 1: +176행 (누적 176행)
[2026-07-02 10:10:37] 광고세트 목표 조회: 19/19개
[2026-07-02 10:10:37] 완료: 176행 -> /home/runner/work/lalasweet-ad-dashboard/lalasweet-ad-dashboard/data/meta_raw_2026-07-02_2026-07-02.csv
[2026-07-02 10:16:27] 받을 새 데이터 없음 (이미 2026-07-01까지 수집 완료) -> 종료
[2026-07-02 23:41:00] [백필 모드] 수집 범위: 2026-07-03 ~ 2026-07-03
[2026-07-02 23:41:00] 수집 범위: 2026-07-03 ~ 2026-07-03 (1일)
[2026-07-02 23:41:01] 리포트 작업 생성: 1361270126143536
[2026-07-02 23:41:02]   0% / Job Not Started
[2026-07-02 23:41:07]   0% / Job Not Started
[2026-07-02 23:41:13]   0% / Job Started
[2026-07-02 23:41:18]   0% / Job Started
[2026-07-02 23:41:24]   0% / Job Started
[2026-07-02 23:41:29]   0% / Job Started
[2026-07-02 23:41:35]   0% / Job Started
[2026-07-02 23:41:40]   0% / Job Started
[2026-07-02 23:41:45]   0% / Job Started
[2026-07-02 23:41:51]   0% / Job Started
[2026-07-02 23:41:56]   0% / Job Running
[2026-07-02 23:42:02]   51% / Job Running
[2026-07-02 23:42:07]   100% / Job Running
[2026-07-02 23:42:13]   100% / Job Completed
[2026-07-02 23:42:13]   페이지 1: +126행 (누적 126행)
[2026-07-02 23:42:14] 광고세트 목표 조회: 19/19개
[2026-07-02 23:42:14] 완료: 126행 -> /home/runner/work/lalasweet-ad-dashboard/lalasweet-ad-dashboard/data/meta_raw_2026-07-03_2026-07-03.csv
[2026-07-03 00:10:09] [백필 모드] 수집 범위: 2026-07-02 ~ 2026-07-02
[2026-07-03 00:10:09] 수집 범위: 2026-07-02 ~ 2026-07-02 (1일)
[2026-07-03 00:10:09] 리포트 작업 생성: 867127443121815
[2026-07-03 00:10:09]   0% / Job Not Started
[2026-07-03 00:10:15]   0% / Job Started
[2026-07-03 00:10:20]   0% / Job Started
[2026-07-03 00:10:25]   0% / Job Started
[2026-07-03 00:10:30]   0% / Job Started
[2026-07-03 00:10:35]   0% / Job Started
[2026-07-03 00:10:40]   0% / Job Started
[2026-07-03 00:10:46]   0% / Job Started
[2026-07-03 00:10:51]   0% / Job Started
[2026-07-03 00:10:56]   0% / Job Started
[2026-07-03 00:11:01]   0% / Job Started
[2026-07-03 00:11:06]   0% / Job Running
[2026-07-03 00:11:11]   0% / Job Running
[2026-07-03 00:11:17]   58% / Job Running
[2026-07-03 00:11:22]   77% / Job Running
[2026-07-03 00:11:27]   91% / Job Running
[2026-07-03 00:11:32]   98% / Job Running
[2026-07-03 00:11:38]   100% / Job Running
[2026-07-03 00:11:43]   100% / Job Completed
[2026-07-03 00:11:44]   페이지 1: +204행 (누적 204행)
[2026-07-03 00:11:44] 광고세트 목표 조회: 21/21개
[2026-07-03 00:11:44] 완료: 204행 -> /home/runner/work/lalasweet-ad-dashboard/lalasweet-ad-dashboard/data/meta_raw_2026-07-02_2026-07-02.csv
[2026-07-03 01:07:07] [백필 모드] 수집 범위: 2026-07-03 ~ 2026-07-03
[2026-07-03 01:07:07] 수집 범위: 2026-07-03 ~ 2026-07-03 (1일)
[2026-07-03 01:07:08] 리포트 작업 생성: 36871872542457047
[2026-07-03 01:07:08]   0% / Job Not Started
[2026-07-03 01:07:13]   0% / Job Not Started
[2026-07-03 01:07:19]   0% / Job Started
[2026-07-03 01:07:24]   0% / Job Started
[2026-07-03 01:07:29]   0% / Job Started
[2026-07-03 01:07:35]   0% / Job Started
[2026-07-03 01:07:40]   0% / Job Started
[2026-07-03 01:07:45]   0% / Job Started
[2026-07-03 01:07:51]   0% / Job Started
[2026-07-03 01:07:56]   0% / Job Started
[2026-07-03 01:08:01]   0% / Job Started
[2026-07-03 01:08:07]   0% / Job Running
[2026-07-03 01:08:12]   0% / Job Running
[2026-07-03 01:08:17]   51% / Job Running
[2026-07-03 01:08:23]   100% / Job Running
[2026-07-03 01:08:28]   100% / Job Running
[2026-07-03 01:08:33]   100% / Job Completed
[2026-07-03 01:08:34]   페이지 1: +127행 (누적 127행)
[2026-07-03 01:08:35] 광고세트 목표 조회: 19/19개
[2026-07-03 01:08:35] 완료: 127행 -> /home/runner/work/lalasweet-ad-dashboard/lalasweet-ad-dashboard/data/meta_raw_2026-07-03_2026-07-03.csv
[2026-07-03 01:10:24] [백필 모드] 수집 범위: 2026-07-03 ~ 2026-07-03
[2026-07-03 01:10:24] 수집 범위: 2026-07-03 ~ 2026-07-03 (1일)
[2026-07-03 01:10:24] 리포트 작업 생성: 1307619588098260
[2026-07-03 01:10:25]   0% / Job Not Started
[2026-07-03 01:10:30]   0% / Job Started
[2026-07-03 01:10:36]   0% / Job Started
[2026-07-03 01:10:41]   0% / Job Started
[2026-07-03 01:10:46]   0% / Job Started
[2026-07-03 01:10:52]   0% / Job Started
[2026-07-03 01:10:57]   0% / Job Started
[2026-07-03 01:11:02]   0% / Job Started
[2026-07-03 01:11:08]   0% / Job Started
[2026-07-03 01:11:13]   0% / Job Started
[2026-07-03 01:11:19]   0% / Job Started
[2026-07-03 01:11:24]   0% / Job Started
[2026-07-03 01:11:29]   0% / Job Started
[2026-07-03 01:11:34]   0% / Job Started
[2026-07-03 01:11:40]   0% / Job Started
[2026-07-03 01:11:45]   0% / Job Started
[2026-07-03 01:11:50]   0% / Job Started
[2026-07-03 01:11:55]   0% / Job Started
[2026-07-03 01:12:01]   0% / Job Started
[2026-07-03 01:12:06]   0% / Job Started
[2026-07-03 01:12:11]   0% / Job Started
[2026-07-03 01:12:17]   0% / Job Started
[2026-07-03 01:12:22]   0% / Job Started
[2026-07-03 01:12:27]   0% / Job Started
[2026-07-03 01:12:33]   0% / Job Started
[2026-07-03 01:12:40]   0% / Job Started
[2026-07-03 01:12:46]   0% / Job Started
[2026-07-03 01:12:52]   0% / Job Started
[2026-07-03 01:12:58]   0% / Job Started
[2026-07-03 01:13:04]   0% / Job Started
[2026-07-03 01:13:10]   0% / Job Started
[2026-07-03 01:13:16]   0% / Job Started
[2026-07-03 01:13:22]   0% / Job Started
[2026-07-03 01:13:28]   0% / Job Started
[2026-07-03 01:13:33]   0% / Job Started
[2026-07-03 01:13:38]   0% / Job Started
[2026-07-03 01:13:44]   0% / Job Started
[2026-07-03 01:13:50]   0% / Job Started
[2026-07-03 01:13:55]   0% / Job Started
[2026-07-03 01:14:01]   0% / Job Started
[2026-07-03 01:14:06]   0% / Job Started
[2026-07-03 01:14:11]   0% / Job Started
[2026-07-03 01:14:16]   0% / Job Started
[2026-07-03 01:14:22]   0% / Job Started
[2026-07-03 01:14:27]   0% / Job Started
[2026-07-03 01:14:32]   0% / Job Started
[2026-07-03 01:14:37]   0% / Job Started
[2026-07-03 01:14:43]   0% / Job Running
[2026-07-03 01:14:48]   50% / Job Running
[2026-07-03 01:14:53]   100% / Job Running
[2026-07-03 01:14:59]   100% / Job Running
[2026-07-03 01:15:04]   100% / Job Completed
[2026-07-03 01:15:05]   페이지 1: +128행 (누적 128행)
[2026-07-03 01:15:05] 광고세트 목표 조회: 19/19개
[2026-07-03 01:15:05] 완료: 128행 -> /home/runner/work/lalasweet-ad-dashboard/lalasweet-ad-dashboard/data/meta_raw_2026-07-03_2026-07-03.csv
[2026-07-03 02:18:21] [백필 모드] 수집 범위: 2026-07-03 ~ 2026-07-03
[2026-07-03 02:18:21] 수집 범위: 2026-07-03 ~ 2026-07-03 (1일)
[2026-07-03 02:18:22] 리포트 작업 생성: 4599811066916788
[2026-07-03 02:18:22]   0% / Job Not Started
[2026-07-03 02:18:27]   0% / Job Started
[2026-07-03 02:18:33]   0% / Job Started
[2026-07-03 02:18:38]   0% / Job Started
[2026-07-03 02:18:43]   0% / Job Started
[2026-07-03 02:18:48]   0% / Job Started
[2026-07-03 02:18:53]   0% / Job Started
[2026-07-03 02:18:59]   0% / Job Started
[2026-07-03 02:19:04]   0% / Job Started
[2026-07-03 02:19:09]   0% / Job Started
[2026-07-03 02:19:14]   0% / Job Running
[2026-07-03 02:19:20]   51% / Job Running
[2026-07-03 02:19:25]   98% / Job Running
[2026-07-03 02:19:30]   100% / Job Running
[2026-07-03 02:19:35]   100% / Job Running
[2026-07-03 02:19:41]   100% / Job Completed
[2026-07-03 02:19:41]   페이지 1: +130행 (누적 130행)
[2026-07-03 02:19:42] 광고세트 목표 조회: 20/20개
[2026-07-03 02:19:42] 완료: 130행 -> /home/runner/work/lalasweet-ad-dashboard/lalasweet-ad-dashboard/data/meta_raw_2026-07-03_2026-07-03.csv
[2026-07-03 02:26:18] [백필 모드] 수집 범위: 2026-07-03 ~ 2026-07-03
[2026-07-03 02:26:18] 수집 범위: 2026-07-03 ~ 2026-07-03 (1일)
[2026-07-03 02:26:19] 리포트 작업 생성: 1446206277523684
[2026-07-03 02:26:20]   0% / Job Not Started
[2026-07-03 02:26:25]   0% / Job Started
[2026-07-03 02:26:31]   0% / Job Started
[2026-07-03 02:26:36]   0% / Job Started
[2026-07-03 02:26:42]   0% / Job Started
[2026-07-03 02:26:47]   0% / Job Started
[2026-07-03 02:26:52]   0% / Job Started
[2026-07-03 02:26:58]   0% / Job Running
[2026-07-03 02:27:04]   0% / Job Running
[2026-07-03 02:27:09]   51% / Job Running
[2026-07-03 02:27:15]   100% / Job Running
[2026-07-03 02:27:20]   100% / Job Completed
[2026-07-03 02:27:21]   페이지 1: +130행 (누적 130행)
[2026-07-03 02:27:22] 광고세트 목표 조회: 20/20개
[2026-07-03 02:27:22] 완료: 130행 -> /home/runner/work/lalasweet-ad-dashboard/lalasweet-ad-dashboard/data/meta_raw_2026-07-03_2026-07-03.csv
[2026-07-03 03:23:02] [백필 모드] 수집 범위: 2026-07-03 ~ 2026-07-03
[2026-07-03 03:23:02] 수집 범위: 2026-07-03 ~ 2026-07-03 (1일)
[2026-07-03 03:23:03] 리포트 작업 생성: 1047363344487321
[2026-07-03 03:23:03]   0% / Job Not Started
[2026-07-03 03:23:09]   0% / Job Started
[2026-07-03 03:23:14]   0% / Job Started
[2026-07-03 03:23:20]   0% / Job Started
[2026-07-03 03:23:25]   0% / Job Started
[2026-07-03 03:23:30]   0% / Job Started
[2026-07-03 03:23:36]   0% / Job Running
[2026-07-03 03:23:41]   0% / Job Running
[2026-07-03 03:23:47]   39% / Job Running
[2026-07-03 03:23:52]   51% / Job Running
[2026-07-03 03:23:57]   60% / Job Running
[2026-07-03 03:24:03]   60% / Job Running
[2026-07-03 03:24:08]   60% / Job Running
[2026-07-03 03:24:14]   62% / Job Running
[2026-07-03 03:24:19]   62% / Job Running
[2026-07-03 03:24:25]   62% / Job Running
[2026-07-03 03:24:30]   62% / Job Running
[2026-07-03 03:24:36]   62% / Job Running
[2026-07-03 03:24:41]   62% / Job Running
[2026-07-03 03:24:46]   62% / Job Running
[2026-07-03 03:24:52]   62% / Job Running
[2026-07-03 03:24:57]   62% / Job Running
[2026-07-03 03:25:02]   62% / Job Running
[2026-07-03 03:25:08]   62% / Job Running
[2026-07-03 03:25:13]   87% / Job Running
[2026-07-03 03:25:19]   87% / Job Running
[2026-07-03 03:25:24]   87% / Job Running
[2026-07-03 03:25:29]   87% / Job Running
[2026-07-03 03:25:35]   87% / Job Running
[2026-07-03 03:25:40]   87% / Job Running
[2026-07-03 03:25:46]   87% / Job Running
[2026-07-03 03:25:51]   87% / Job Running
[2026-07-03 03:25:56]   100% / Job Running
[2026-07-03 03:26:02]   100% / Job Completed
[2026-07-03 03:26:03]   페이지 1: +130행 (누적 130행)
[2026-07-03 03:26:03] 광고세트 목표 조회: 20/20개
[2026-07-03 03:26:03] 완료: 130행 -> /home/runner/work/lalasweet-ad-dashboard/lalasweet-ad-dashboard/data/meta_raw_2026-07-03_2026-07-03.csv
[2026-07-03 04:31:54] [백필 모드] 수집 범위: 2026-07-03 ~ 2026-07-03
[2026-07-03 04:31:54] 수집 범위: 2026-07-03 ~ 2026-07-03 (1일)
[2026-07-03 04:31:55] 리포트 작업 생성: 2407515199714756
[2026-07-03 04:31:55]   0% / Job Not Started
[2026-07-03 04:32:01]   0% / Job Started
[2026-07-03 04:32:06]   0% / Job Started
[2026-07-03 04:32:11]   0% / Job Started
[2026-07-03 04:32:17]   0% / Job Started
[2026-07-03 04:32:22]   0% / Job Started
[2026-07-03 04:32:27]   0% / Job Started
[2026-07-03 04:32:33]   0% / Job Started
[2026-07-03 04:32:38]   0% / Job Started
[2026-07-03 04:32:43]   0% / Job Started
[2026-07-03 04:32:49]   0% / Job Started
[2026-07-03 04:32:54]   0% / Job Started
[2026-07-03 04:33:00]   0% / Job Running
[2026-07-03 04:33:06]   51% / Job Running
[2026-07-03 04:33:11]   98% / Job Running
[2026-07-03 04:33:16]   100% / Job Running
[2026-07-03 04:33:22]   100% / Job Completed
[2026-07-03 04:33:23]   페이지 1: +130행 (누적 130행)
[2026-07-03 04:33:23] 광고세트 목표 조회: 20/20개
[2026-07-03 04:33:23] 완료: 130행 -> /home/runner/work/lalasweet-ad-dashboard/lalasweet-ad-dashboard/data/meta_raw_2026-07-03_2026-07-03.csv
[2026-07-03 04:59:43] [백필 모드] 수집 범위: 2026-07-03 ~ 2026-07-03
[2026-07-03 04:59:43] 수집 범위: 2026-07-03 ~ 2026-07-03 (1일)
[2026-07-03 04:59:44] 리포트 작업 생성: 2046338385978337
[2026-07-03 04:59:44]   0% / Job Not Started
[2026-07-03 04:59:50]   0% / Job Started
[2026-07-03 04:59:55]   0% / Job Started
[2026-07-03 05:00:00]   0% / Job Started
[2026-07-03 05:00:06]   0% / Job Started
[2026-07-03 05:00:11]   0% / Job Started
[2026-07-03 05:00:17]   0% / Job Running
[2026-07-03 05:00:22]   49% / Job Running
[2026-07-03 05:00:27]   100% / Job Running
[2026-07-03 05:00:33]   100% / Job Completed
[2026-07-03 05:00:34]   페이지 1: +131행 (누적 131행)
[2026-07-03 05:00:34] 광고세트 목표 조회: 20/20개
[2026-07-03 05:00:34] 완료: 131행 -> /home/runner/work/lalasweet-ad-dashboard/lalasweet-ad-dashboard/data/meta_raw_2026-07-03_2026-07-03.csv
[2026-07-03 05:40:10] [백필 모드] 수집 범위: 2026-07-03 ~ 2026-07-03
[2026-07-03 05:40:10] 수집 범위: 2026-07-03 ~ 2026-07-03 (1일)
[2026-07-03 05:40:10] 리포트 작업 생성: 1036246225632545
[2026-07-03 05:40:11]   0% / Job Not Started
[2026-07-03 05:40:16]   0% / Job Started
[2026-07-03 05:40:21]   0% / Job Started
[2026-07-03 05:40:27]   0% / Job Started
[2026-07-03 05:40:32]   0% / Job Started
[2026-07-03 05:40:37]   0% / Job Started
[2026-07-03 05:40:43]   0% / Job Started
[2026-07-03 05:40:48]   0% / Job Started
[2026-07-03 05:40:53]   0% / Job Running
[2026-07-03 05:40:59]   51% / Job Running
[2026-07-03 05:41:04]   100% / Job Running
[2026-07-03 05:41:10]   100% / Job Running
[2026-07-03 05:41:15]   100% / Job Completed
[2026-07-03 05:41:16]   페이지 1: +131행 (누적 131행)
[2026-07-03 05:41:16] 광고세트 목표 조회: 20/20개
[2026-07-03 05:41:16] 완료: 131행 -> /home/runner/work/lalasweet-ad-dashboard/lalasweet-ad-dashboard/data/meta_raw_2026-07-03_2026-07-03.csv
[2026-07-03 05:59:05] [백필 모드] 수집 범위: 2026-07-03 ~ 2026-07-03
[2026-07-03 05:59:05] 수집 범위: 2026-07-03 ~ 2026-07-03 (1일)
[2026-07-03 05:59:06] 리포트 작업 생성: 1590579999152001
[2026-07-03 05:59:06]   0% / Job Not Started
[2026-07-03 05:59:12]   0% / Job Started
[2026-07-03 05:59:17]   0% / Job Started
[2026-07-03 05:59:23]   0% / Job Started
[2026-07-03 05:59:28]   0% / Job Started
[2026-07-03 05:59:33]   0% / Job Started
[2026-07-03 05:59:39]   0% / Job Started
[2026-07-03 05:59:44]   0% / Job Started
[2026-07-03 05:59:49]   0% / Job Started
[2026-07-03 05:59:55]   0% / Job Running
[2026-07-03 06:00:00]   51% / Job Running
[2026-07-03 06:00:06]   98% / Job Running
[2026-07-03 06:00:11]   100% / Job Running
[2026-07-03 06:00:17]   100% / Job Running
[2026-07-03 06:00:22]   100% / Job Completed
[2026-07-03 06:00:23]   페이지 1: +131행 (누적 131행)
[2026-07-03 06:00:23] 광고세트 목표 조회: 20/20개
[2026-07-03 06:00:23] 완료: 131행 -> /home/runner/work/lalasweet-ad-dashboard/lalasweet-ad-dashboard/data/meta_raw_2026-07-03_2026-07-03.csv
[2026-07-03 06:59:04] [백필 모드] 수집 범위: 2026-07-03 ~ 2026-07-03
[2026-07-03 06:59:04] 수집 범위: 2026-07-03 ~ 2026-07-03 (1일)
[2026-07-03 06:59:04] 리포트 작업 생성: 1018537964005138
[2026-07-03 06:59:04]   0% / Job Not Started
[2026-07-03 06:59:10]   0% / Job Not Started
[2026-07-03 06:59:15]   0% / Job Not Started
[2026-07-03 06:59:20]   0% / Job Started
[2026-07-03 06:59:25]   0% / Job Started
[2026-07-03 06:59:30]   0% / Job Started
[2026-07-03 06:59:36]   0% / Job Started
[2026-07-03 06:59:41]   0% / Job Started
[2026-07-03 06:59:46]   0% / Job Started
[2026-07-03 06:59:51]   0% / Job Running
[2026-07-03 06:59:57]   0% / Job Running
[2026-07-03 07:00:02]   51% / Job Running
[2026-07-03 07:00:07]   100% / Job Running
[2026-07-03 07:00:13]   100% / Job Running
[2026-07-03 07:00:18]   100% / Job Completed
[2026-07-03 07:00:19]   페이지 1: +132행 (누적 132행)
[2026-07-03 07:00:19] 광고세트 목표 조회: 21/21개
[2026-07-03 07:00:19] 완료: 132행 -> /home/runner/work/lalasweet-ad-dashboard/lalasweet-ad-dashboard/data/meta_raw_2026-07-03_2026-07-03.csv
[2026-07-03 08:09:47] [백필 모드] 수집 범위: 2026-07-03 ~ 2026-07-03
[2026-07-03 08:09:47] 수집 범위: 2026-07-03 ~ 2026-07-03 (1일)
[2026-07-03 08:09:48] 리포트 작업 생성: 1046294124980018
[2026-07-03 08:09:48]   0% / Job Not Started
[2026-07-03 08:09:53]   0% / Job Not Started
[2026-07-03 08:09:59]   0% / Job Started
[2026-07-03 08:10:04]   0% / Job Started
[2026-07-03 08:10:10]   0% / Job Started
[2026-07-03 08:10:15]   0% / Job Started
[2026-07-03 08:10:21]   0% / Job Started
[2026-07-03 08:10:26]   0% / Job Running
[2026-07-03 08:10:31]   50% / Job Running
[2026-07-03 08:10:37]   96% / Job Running
[2026-07-03 08:10:42]   100% / Job Running
[2026-07-03 08:10:48]   100% / Job Completed
[2026-07-03 08:10:49]   페이지 1: +134행 (누적 134행)
[2026-07-03 08:10:49] 광고세트 목표 조회: 21/21개
[2026-07-03 08:10:49] 완료: 134행 -> /home/runner/work/lalasweet-ad-dashboard/lalasweet-ad-dashboard/data/meta_raw_2026-07-03_2026-07-03.csv
[2026-07-03 09:16:39] [백필 모드] 수집 범위: 2026-07-03 ~ 2026-07-03
[2026-07-03 09:16:39] 수집 범위: 2026-07-03 ~ 2026-07-03 (1일)
[2026-07-03 09:16:39] 리포트 작업 생성: 1604839934315848
[2026-07-03 09:16:40]   0% / Job Not Started
[2026-07-03 09:16:45]   0% / Job Not Started
[2026-07-03 09:16:50]   0% / Job Not Started
[2026-07-03 09:16:55]   0% / Job Not Started
[2026-07-03 09:17:01]   0% / Job Started
[2026-07-03 09:17:06]   0% / Job Started
[2026-07-03 09:17:11]   0% / Job Started
[2026-07-03 09:17:16]   0% / Job Started
[2026-07-03 09:17:22]   0% / Job Started
[2026-07-03 09:17:27]   0% / Job Started
[2026-07-03 09:17:32]   0% / Job Started
[2026-07-03 09:17:37]   0% / Job Started
[2026-07-03 09:17:42]   0% / Job Started
[2026-07-03 09:17:48]   0% / Job Started
[2026-07-03 09:17:53]   0% / Job Started
[2026-07-03 09:17:58]   0% / Job Running
[2026-07-03 09:18:03]   0% / Job Running
[2026-07-03 09:18:09]   12% / Job Running
[2026-07-03 09:18:14]   56% / Job Running
[2026-07-03 09:18:19]   63% / Job Running
[2026-07-03 09:18:24]   63% / Job Running
[2026-07-03 09:18:30]   63% / Job Running
[2026-07-03 09:18:35]   63% / Job Running
[2026-07-03 09:18:40]   63% / Job Running
[2026-07-03 09:18:45]   93% / Job Running
[2026-07-03 09:18:51]   100% / Job Running
[2026-07-03 09:18:56]   100% / Job Completed
[2026-07-03 09:18:57]   페이지 1: +134행 (누적 134행)
[2026-07-03 09:18:57] 광고세트 목표 조회: 21/21개
[2026-07-03 09:18:57] 완료: 134행 -> /home/runner/work/lalasweet-ad-dashboard/lalasweet-ad-dashboard/data/meta_raw_2026-07-03_2026-07-03.csv
[2026-07-03 10:11:47] 수집 범위: 2026-07-02 ~ 2026-07-02 (1일)
[2026-07-03 10:11:47] 리포트 작업 생성: 1363472865961679
[2026-07-03 10:11:48]   0% / Job Not Started
[2026-07-03 10:11:53]   0% / Job Started
[2026-07-03 10:11:59]   0% / Job Started
[2026-07-03 10:12:04]   0% / Job Started
[2026-07-03 10:12:10]   0% / Job Started
[2026-07-03 10:12:15]   0% / Job Started
[2026-07-03 10:12:21]   0% / Job Started
[2026-07-03 10:12:26]   0% / Job Started
[2026-07-03 10:12:32]   0% / Job Started
[2026-07-03 10:12:37]   0% / Job Running
[2026-07-03 10:12:42]   0% / Job Running
[2026-07-03 10:12:48]   49% / Job Running
[2026-07-03 10:12:54]   98% / Job Running
[2026-07-03 10:12:59]   100% / Job Running
[2026-07-03 10:13:05]   100% / Job Completed
[2026-07-03 10:13:06]   페이지 1: +204행 (누적 204행)
[2026-07-03 10:13:07] 광고세트 목표 조회: 21/21개
[2026-07-03 10:13:07] 마지막 성공 날짜 갱신: 2026-07-02
[2026-07-03 10:13:07] 완료: 204행 -> /home/runner/work/lalasweet-ad-dashboard/lalasweet-ad-dashboard/data/meta_raw_2026-07-02_2026-07-02.csv
[2026-07-04 08:14:50] 수집 범위: 2026-07-03 ~ 2026-07-03 (1일)
[2026-07-04 08:14:51] 리포트 작업 생성: 1582951440135672
[2026-07-04 08:14:51]   0% / Job Not Started
[2026-07-04 08:14:57]   0% / Job Started
[2026-07-04 08:15:02]   0% / Job Started
[2026-07-04 08:15:07]   0% / Job Started
[2026-07-04 08:15:12]   0% / Job Started
[2026-07-04 08:15:18]   0% / Job Started
[2026-07-04 08:15:23]   0% / Job Started
[2026-07-04 08:15:28]   0% / Job Started
[2026-07-04 08:15:33]   0% / Job Started
[2026-07-04 08:15:39]   0% / Job Started
[2026-07-04 08:15:44]   0% / Job Running
[2026-07-04 08:15:49]   0% / Job Running
[2026-07-04 08:15:54]   100% / Job Running
[2026-07-04 08:16:00]   100% / Job Running
[2026-07-04 08:16:05]   100% / Job Completed
[2026-07-04 08:16:06]   페이지 1: +139행 (누적 139행)
[2026-07-04 08:16:06] 광고세트 목표 조회: 21/21개
[2026-07-04 08:16:06] 마지막 성공 날짜 갱신: 2026-07-03
[2026-07-04 08:16:06] 완료: 139행 -> /home/runner/work/lalasweet-ad-dashboard/lalasweet-ad-dashboard/data/meta_raw_2026-07-03_2026-07-03.csv
[2026-07-04 22:57:53] [백필 모드] 수집 범위: 2026-07-05 ~ 2026-07-05
[2026-07-04 22:57:53] 수집 범위: 2026-07-05 ~ 2026-07-05 (1일)
[2026-07-04 22:57:54] 리포트 작업 생성: 2572975439803863
[2026-07-04 22:57:55]   0% / Job Not Started
[2026-07-04 22:58:00]   0% / Job Not Started
[2026-07-04 22:58:05]   0% / Job Not Started
[2026-07-04 22:58:11]   0% / Job Not Started
[2026-07-04 22:58:17]   0% / Job Not Started
[2026-07-04 22:58:22]   0% / Job Started
[2026-07-04 22:58:28]   0% / Job Started
[2026-07-04 22:58:34]   0% / Job Started
[2026-07-04 22:58:39]   0% / Job Started
[2026-07-04 22:58:45]   0% / Job Started
[2026-07-04 22:58:51]   0% / Job Running
[2026-07-04 22:58:56]   0% / Job Running
[2026-07-04 22:59:02]   55% / Job Running
[2026-07-04 22:59:07]   100% / Job Running
[2026-07-04 22:59:13]   100% / Job Running
[2026-07-04 22:59:19]   100% / Job Completed
[2026-07-04 22:59:20]   페이지 1: +92행 (누적 92행)
[2026-07-04 22:59:21] 광고세트 목표 조회: 20/20개
[2026-07-04 22:59:21] 완료: 92행 -> /home/runner/work/lalasweet-ad-dashboard/lalasweet-ad-dashboard/data/meta_raw_2026-07-05_2026-07-05.csv
[2026-07-05 09:31:49] 수집 범위: 2026-07-04 ~ 2026-07-04 (1일)
[2026-07-05 09:31:50] 리포트 작업 생성: 1561215152012021
[2026-07-05 09:31:50]   0% / Job Not Started
[2026-07-05 09:31:55]   0% / Job Not Started
[2026-07-05 09:32:01]   0% / Job Not Started
[2026-07-05 09:32:06]   0% / Job Started
[2026-07-05 09:32:11]   0% / Job Started
[2026-07-05 09:32:17]   0% / Job Started
[2026-07-05 09:32:22]   0% / Job Started
[2026-07-05 09:32:27]   0% / Job Started
[2026-07-05 09:32:32]   0% / Job Started
[2026-07-05 09:32:38]   0% / Job Started
[2026-07-05 09:32:43]   0% / Job Running
[2026-07-05 09:32:48]   0% / Job Running
[2026-07-05 09:32:53]   54% / Job Running
[2026-07-05 09:32:59]   100% / Job Running
[2026-07-05 09:33:04]   100% / Job Completed
[2026-07-05 09:33:05]   페이지 1: +154행 (누적 154행)
[2026-07-05 09:33:05] 광고세트 목표 조회: 23/23개
[2026-07-05 09:33:05] 마지막 성공 날짜 갱신: 2026-07-04
[2026-07-05 09:33:05] 완료: 154행 -> /home/runner/work/lalasweet-ad-dashboard/lalasweet-ad-dashboard/data/meta_raw_2026-07-04_2026-07-04.csv
[2026-07-05 13:54:53] [백필 모드] 수집 범위: 2026-07-03 ~ 2026-07-04
[2026-07-05 13:54:53] 수집 범위: 2026-07-03 ~ 2026-07-04 (2일)
[2026-07-05 13:54:54] 리포트 작업 생성: 1532707838869448
[2026-07-05 13:54:54]   0% / Job Not Started
[2026-07-05 13:55:00]   0% / Job Started
[2026-07-05 13:55:05]   0% / Job Started
[2026-07-05 13:55:10]   0% / Job Started
[2026-07-05 13:55:16]   0% / Job Started
[2026-07-05 13:55:21]   0% / Job Started
[2026-07-05 13:55:26]   0% / Job Started
[2026-07-05 13:55:32]   0% / Job Started
[2026-07-05 13:55:37]   0% / Job Started
[2026-07-05 13:55:42]   0% / Job Started
[2026-07-05 13:55:48]   0% / Job Started
[2026-07-05 13:55:53]   0% / Job Running
[2026-07-05 13:55:59]   0% / Job Running
[2026-07-05 13:56:04]   50% / Job Running
[2026-07-05 13:56:09]   100% / Job Running
[2026-07-05 13:56:15]   100% / Job Completed
[2026-07-05 13:56:17]   페이지 1: +293행 (누적 293행)
[2026-07-05 13:56:17] 광고세트 목표 조회: 26/26개
[2026-07-05 13:56:17] 완료: 293행 -> /home/runner/work/lalasweet-ad-dashboard/lalasweet-ad-dashboard/data/meta_raw_2026-07-03_2026-07-04.csv
[2026-07-05 13:58:03] [백필 모드] 수집 범위: 2026-07-05 ~ 2026-07-05
[2026-07-05 13:58:03] 수집 범위: 2026-07-05 ~ 2026-07-05 (1일)
[2026-07-05 13:58:04] 리포트 작업 생성: 1651206025984562
[2026-07-05 13:58:04]   0% / Job Not Started
[2026-07-05 13:58:10]   0% / Job Started
[2026-07-05 13:58:15]   0% / Job Started
[2026-07-05 13:58:21]   0% / Job Started
[2026-07-05 13:58:27]   0% / Job Started
[2026-07-05 13:58:32]   0% / Job Started
[2026-07-05 13:58:38]   0% / Job Running
[2026-07-05 13:58:43]   55% / Job Running
[2026-07-05 13:58:49]   100% / Job Running
[2026-07-05 13:58:55]   100% / Job Completed
[2026-07-05 13:58:56]   페이지 1: +118행 (누적 118행)
[2026-07-05 13:58:57] 광고세트 목표 조회: 21/21개
[2026-07-05 13:58:57] 완료: 118행 -> /home/runner/work/lalasweet-ad-dashboard/lalasweet-ad-dashboard/data/meta_raw_2026-07-05_2026-07-05.csv
[2026-07-06 00:02:13] [백필 모드] 수집 범위: 2026-07-06 ~ 2026-07-06
[2026-07-06 00:02:13] 수집 범위: 2026-07-06 ~ 2026-07-06 (1일)
[2026-07-06 00:02:14] 리포트 작업 생성: 3446340292193987
[2026-07-06 00:02:14]   0% / Job Not Started
[2026-07-06 00:02:20]   0% / Job Started
[2026-07-06 00:02:25]   0% / Job Started
[2026-07-06 00:02:31]   0% / Job Started
[2026-07-06 00:02:36]   0% / Job Started
[2026-07-06 00:02:42]   0% / Job Started
[2026-07-06 00:02:47]   0% / Job Running
[2026-07-06 00:02:53]   56% / Job Running
[2026-07-06 00:02:58]   100% / Job Running
[2026-07-06 00:03:04]   100% / Job Completed
[2026-07-06 00:03:05]   페이지 1: +81행 (누적 81행)
[2026-07-06 00:03:05] 광고세트 목표 조회: 19/19개
[2026-07-06 00:03:05] 완료: 81행 -> /home/runner/work/lalasweet-ad-dashboard/lalasweet-ad-dashboard/data/meta_raw_2026-07-06_2026-07-06.csv
[2026-07-06 00:22:22] [백필 모드] 수집 범위: 2026-07-05 ~ 2026-07-05
[2026-07-06 00:22:22] 수집 범위: 2026-07-05 ~ 2026-07-05 (1일)
[2026-07-06 00:22:23] 리포트 작업 생성: 965105299908134
[2026-07-06 00:22:23]   0% / Job Not Started
[2026-07-06 00:22:29]   0% / Job Not Started
[2026-07-06 00:22:34]   0% / Job Not Started
[2026-07-06 00:22:39]   0% / Job Started
[2026-07-06 00:22:45]   0% / Job Started
[2026-07-06 00:22:50]   0% / Job Started
[2026-07-06 00:22:56]   0% / Job Started
[2026-07-06 00:23:01]   0% / Job Started
[2026-07-06 00:23:06]   0% / Job Started
[2026-07-06 00:23:12]   0% / Job Started
[2026-07-06 00:23:17]   0% / Job Started
[2026-07-06 00:23:22]   0% / Job Started
[2026-07-06 00:23:28]   0% / Job Started
[2026-07-06 00:23:33]   0% / Job Started
[2026-07-06 00:23:38]   0% / Job Running
[2026-07-06 00:23:44]   27% / Job Running
[2026-07-06 00:23:49]   27% / Job Running
[2026-07-06 00:23:55]   55% / Job Running
[2026-07-06 00:24:00]   55% / Job Running
[2026-07-06 00:24:05]   55% / Job Running
[2026-07-06 00:24:10]   55% / Job Running
[2026-07-06 00:24:16]   55% / Job Running
[2026-07-06 00:24:21]   55% / Job Running
[2026-07-06 00:24:26]   55% / Job Running
[2026-07-06 00:24:32]   83% / Job Running
[2026-07-06 00:24:37]   100% / Job Running
[2026-07-06 00:24:42]   100% / Job Running
[2026-07-06 00:24:48]   100% / Job Completed
[2026-07-06 00:24:49]   페이지 1: +118행 (누적 118행)
[2026-07-06 00:24:49] 광고세트 목표 조회: 21/21개
[2026-07-06 00:24:49] 완료: 118행 -> /home/runner/work/lalasweet-ad-dashboard/lalasweet-ad-dashboard/data/meta_raw_2026-07-05_2026-07-05.csv
[2026-07-06 00:55:19] [백필 모드] 수집 범위: 2026-07-06 ~ 2026-07-06
[2026-07-06 00:55:19] 수집 범위: 2026-07-06 ~ 2026-07-06 (1일)
[2026-07-06 00:55:19] 리포트 작업 생성: 1723925885317347
[2026-07-06 00:55:19]   0% / Job Not Started
[2026-07-06 00:55:25]   0% / Job Started
[2026-07-06 00:55:30]   0% / Job Started
[2026-07-06 00:55:35]   0% / Job Started
[2026-07-06 00:55:40]   0% / Job Started
[2026-07-06 00:55:46]   0% / Job Started
[2026-07-06 00:55:51]   0% / Job Started
[2026-07-06 00:55:56]   0% / Job Started
[2026-07-06 00:56:02]   0% / Job Running
[2026-07-06 00:56:07]   0% / Job Running
[2026-07-06 00:56:12]   56% / Job Running
[2026-07-06 00:56:17]   100% / Job Running
[2026-07-06 00:56:23]   100% / Job Completed
[2026-07-06 00:56:23]   페이지 1: +83행 (누적 83행)
[2026-07-06 00:56:24] 광고세트 목표 조회: 19/19개
[2026-07-06 00:56:24] 완료: 83행 -> /home/runner/work/lalasweet-ad-dashboard/lalasweet-ad-dashboard/data/meta_raw_2026-07-06_2026-07-06.csv
[2026-07-06 01:54:34] [백필 모드] 수집 범위: 2026-07-06 ~ 2026-07-06
[2026-07-06 01:54:34] 수집 범위: 2026-07-06 ~ 2026-07-06 (1일)
[2026-07-06 01:54:35] 리포트 작업 생성: 1020023420573451
[2026-07-06 01:54:35]   0% / Job Not Started
[2026-07-06 01:54:40]   0% / Job Not Started
[2026-07-06 01:54:46]   0% / Job Started
[2026-07-06 01:54:51]   0% / Job Started
[2026-07-06 01:54:56]   0% / Job Started
[2026-07-06 01:55:01]   0% / Job Started
[2026-07-06 01:55:07]   0% / Job Started
[2026-07-06 01:55:12]   0% / Job Started
[2026-07-06 01:55:17]   0% / Job Started
[2026-07-06 01:55:22]   0% / Job Started
[2026-07-06 01:55:27]   0% / Job Running
[2026-07-06 01:55:33]   54% / Job Running
[2026-07-06 01:55:38]   100% / Job Running
[2026-07-06 01:55:43]   100% / Job Running
[2026-07-06 01:55:48]   100% / Job Completed
[2026-07-06 01:55:49]   페이지 1: +87행 (누적 87행)
[2026-07-06 01:55:49] 광고세트 목표 조회: 19/19개
[2026-07-06 01:55:49] 완료: 87행 -> /home/runner/work/lalasweet-ad-dashboard/lalasweet-ad-dashboard/data/meta_raw_2026-07-06_2026-07-06.csv
[2026-07-06 02:38:53] [백필 모드] 수집 범위: 2026-07-06 ~ 2026-07-06
[2026-07-06 02:38:53] 수집 범위: 2026-07-06 ~ 2026-07-06 (1일)
[2026-07-06 02:38:54] 리포트 작업 생성: 1676421963633348
[2026-07-06 02:38:54]   0% / Job Not Started
[2026-07-06 02:39:00]   0% / Job Started
[2026-07-06 02:39:06]   0% / Job Started
[2026-07-06 02:39:11]   0% / Job Started
[2026-07-06 02:39:17]   0% / Job Started
[2026-07-06 02:39:23]   0% / Job Started
[2026-07-06 02:39:28]   0% / Job Started
[2026-07-06 02:39:34]   0% / Job Running
[2026-07-06 02:39:40]   56% / Job Running
[2026-07-06 02:39:46]   100% / Job Running
[2026-07-06 02:39:52]   100% / Job Completed
[2026-07-06 02:39:53]   페이지 1: +88행 (누적 88행)
[2026-07-06 02:39:53] 광고세트 목표 조회: 19/19개
[2026-07-06 02:39:53] 완료: 88행 -> /home/runner/work/lalasweet-ad-dashboard/lalasweet-ad-dashboard/data/meta_raw_2026-07-06_2026-07-06.csv
[2026-07-06 03:37:38] [백필 모드] 수집 범위: 2026-07-06 ~ 2026-07-06
[2026-07-06 03:37:38] 수집 범위: 2026-07-06 ~ 2026-07-06 (1일)
[2026-07-06 03:37:38] 리포트 작업 생성: 1744091473391846
[2026-07-06 03:37:38]   0% / Job Not Started
[2026-07-06 03:37:44]   0% / Job Started
[2026-07-06 03:37:49]   0% / Job Started
[2026-07-06 03:37:54]   0% / Job Started
[2026-07-06 03:37:59]   0% / Job Started
[2026-07-06 03:38:05]   0% / Job Started
[2026-07-06 03:38:10]   0% / Job Started
[2026-07-06 03:38:15]   0% / Job Started
[2026-07-06 03:38:20]   0% / Job Running
[2026-07-06 03:38:25]   0% / Job Running
[2026-07-06 03:38:30]   56% / Job Running
[2026-07-06 03:38:36]   100% / Job Running
[2026-07-06 03:38:41]   100% / Job Running
[2026-07-06 03:38:46]   100% / Job Completed
[2026-07-06 03:38:47]   페이지 1: +91행 (누적 91행)
[2026-07-06 03:38:47] 광고세트 목표 조회: 19/19개
[2026-07-06 03:38:47] 완료: 91행 -> /home/runner/work/lalasweet-ad-dashboard/lalasweet-ad-dashboard/data/meta_raw_2026-07-06_2026-07-06.csv
[2026-07-06 04:39:05] [백필 모드] 수집 범위: 2026-07-06 ~ 2026-07-06
[2026-07-06 04:39:05] 수집 범위: 2026-07-06 ~ 2026-07-06 (1일)
[2026-07-06 04:39:05] 리포트 작업 생성: 27619414944366371
[2026-07-06 04:39:06]   0% / Job Not Started
[2026-07-06 04:39:11]   0% / Job Not Started
[2026-07-06 04:39:16]   0% / Job Started
[2026-07-06 04:39:22]   0% / Job Started
[2026-07-06 04:39:27]   0% / Job Started
[2026-07-06 04:39:32]   0% / Job Started
[2026-07-06 04:39:37]   0% / Job Started
[2026-07-06 04:39:43]   0% / Job Running
[2026-07-06 04:39:48]   0% / Job Running
[2026-07-06 04:39:53]   56% / Job Running
[2026-07-06 04:39:59]   100% / Job Running
[2026-07-06 04:40:04]   100% / Job Running
[2026-07-06 04:40:09]   100% / Job Completed
[2026-07-06 04:40:10]   페이지 1: +93행 (누적 93행)
[2026-07-06 04:40:10] 광고세트 목표 조회: 19/19개
[2026-07-06 04:40:10] 완료: 93행 -> /home/runner/work/lalasweet-ad-dashboard/lalasweet-ad-dashboard/data/meta_raw_2026-07-06_2026-07-06.csv
[2026-07-06 05:38:37] [백필 모드] 수집 범위: 2026-07-06 ~ 2026-07-06
[2026-07-06 05:38:37] 수집 범위: 2026-07-06 ~ 2026-07-06 (1일)
[2026-07-06 05:38:38] 리포트 작업 생성: 1016826144428468
[2026-07-06 05:38:39]   0% / Job Not Started
[2026-07-06 05:38:45]   0% / Job Started
[2026-07-06 05:38:51]   0% / Job Started
[2026-07-06 05:38:57]   0% / Job Running
[2026-07-06 05:39:03]   0% / Job Running
[2026-07-06 05:39:09]   56% / Job Running
[2026-07-06 05:39:15]   100% / Job Running
[2026-07-06 05:39:20]   100% / Job Running
[2026-07-06 05:39:26]   100% / Job Completed
[2026-07-06 05:39:27]   페이지 1: +99행 (누적 99행)
[2026-07-06 05:39:28] 광고세트 목표 조회: 19/19개
[2026-07-06 05:39:28] 완료: 99행 -> /home/runner/work/lalasweet-ad-dashboard/lalasweet-ad-dashboard/data/meta_raw_2026-07-06_2026-07-06.csv
[2026-07-06 06:00:44] [백필 모드] 수집 범위: 2026-07-06 ~ 2026-07-06
[2026-07-06 06:00:44] 수집 범위: 2026-07-06 ~ 2026-07-06 (1일)
[2026-07-06 06:00:45] 리포트 작업 생성: 3135225356867404
[2026-07-06 06:00:45]   0% / Job Not Started
[2026-07-06 06:00:50]   0% / Job Started
[2026-07-06 06:00:55]   0% / Job Started
[2026-07-06 06:01:01]   0% / Job Started
[2026-07-06 06:01:06]   0% / Job Started
[2026-07-06 06:01:11]   0% / Job Started
[2026-07-06 06:01:16]   0% / Job Running
[2026-07-06 06:01:21]   0% / Job Running
[2026-07-06 06:01:27]   52% / Job Running
[2026-07-06 06:01:32]   98% / Job Running
[2026-07-06 06:01:37]   100% / Job Running
[2026-07-06 06:01:42]   100% / Job Completed
[2026-07-06 06:01:43]   페이지 1: +103행 (누적 103행)
[2026-07-06 06:01:43] 광고세트 목표 조회: 19/19개
[2026-07-06 06:01:43] 완료: 103행 -> /home/runner/work/lalasweet-ad-dashboard/lalasweet-ad-dashboard/data/meta_raw_2026-07-06_2026-07-06.csv
[2026-07-06 06:13:41] [백필 모드] 수집 범위: 2026-07-06 ~ 2026-07-06
[2026-07-06 06:13:41] 수집 범위: 2026-07-06 ~ 2026-07-06 (1일)
[2026-07-06 06:13:41] 리포트 작업 생성: 1037802069197214
[2026-07-06 06:13:41]   0% / Job Not Started
[2026-07-06 06:13:47]   0% / Job Started
[2026-07-06 06:13:52]   0% / Job Started
[2026-07-06 06:13:58]   0% / Job Started
[2026-07-06 06:14:03]   0% / Job Started
[2026-07-06 06:14:08]   0% / Job Started
[2026-07-06 06:14:13]   0% / Job Started
[2026-07-06 06:14:18]   0% / Job Started
[2026-07-06 06:14:23]   0% / Job Running
[2026-07-06 06:14:29]   56% / Job Running
[2026-07-06 06:14:34]   100% / Job Running
[2026-07-06 06:14:40]   100% / Job Completed
[2026-07-06 06:14:41]   페이지 1: +107행 (누적 107행)
[2026-07-06 06:14:41] 광고세트 목표 조회: 19/19개
[2026-07-06 06:14:41] 완료: 107행 -> /home/runner/work/lalasweet-ad-dashboard/lalasweet-ad-dashboard/data/meta_raw_2026-07-06_2026-07-06.csv
[2026-07-06 08:19:21] [백필 모드] 수집 범위: 2026-07-06 ~ 2026-07-06
[2026-07-06 08:19:21] 수집 범위: 2026-07-06 ~ 2026-07-06 (1일)
[2026-07-06 08:19:21] 리포트 작업 생성: 1025262189884561
[2026-07-06 08:19:22]   0% / Job Not Started
[2026-07-06 08:19:27]   0% / Job Started
[2026-07-06 08:19:33]   0% / Job Started
[2026-07-06 08:19:38]   0% / Job Started
[2026-07-06 08:19:43]   0% / Job Started
[2026-07-06 08:19:49]   0% / Job Started
[2026-07-06 08:19:54]   0% / Job Started
[2026-07-06 08:20:00]   0% / Job Started
[2026-07-06 08:20:05]   0% / Job Started
[2026-07-06 08:20:10]   0% / Job Started
[2026-07-06 08:20:16]   0% / Job Started
[2026-07-06 08:20:21]   0% / Job Started
[2026-07-06 08:20:28]   0% / Job Running
[2026-07-06 08:20:33]   56% / Job Running
[2026-07-06 08:20:38]   100% / Job Running
[2026-07-06 08:20:44]   100% / Job Running
[2026-07-06 08:20:49]   100% / Job Completed
[2026-07-06 08:20:50]   페이지 1: +112행 (누적 112행)
[2026-07-06 08:20:50] 광고세트 목표 조회: 19/19개
[2026-07-06 08:20:50] 완료: 112행 -> /home/runner/work/lalasweet-ad-dashboard/lalasweet-ad-dashboard/data/meta_raw_2026-07-06_2026-07-06.csv
[2026-07-06 09:04:24] [백필 모드] 수집 범위: 2026-07-06 ~ 2026-07-06
[2026-07-06 09:04:24] 수집 범위: 2026-07-06 ~ 2026-07-06 (1일)
[2026-07-06 09:04:25] 리포트 작업 생성: 772915462547516
[2026-07-06 09:04:27]   0% / Job Not Started
[2026-07-06 09:04:33]   0% / Job Not Started
[2026-07-06 09:04:39]   0% / Job Not Started
[2026-07-06 09:04:44]   0% / Job Not Started
[2026-07-06 09:04:50]   0% / Job Not Started
[2026-07-06 09:04:56]   0% / Job Started
[2026-07-06 09:05:01]   0% / Job Started
[2026-07-06 09:05:07]   0% / Job Started
[2026-07-06 09:05:13]   0% / Job Started
[2026-07-06 09:05:19]   0% / Job Started
[2026-07-06 09:05:24]   0% / Job Started
[2026-07-06 09:05:30]   0% / Job Running
[2026-07-06 09:05:35]   56% / Job Running
[2026-07-06 09:05:41]   100% / Job Running
[2026-07-06 09:05:46]   100% / Job Completed
[2026-07-06 09:05:48]   페이지 1: +112행 (누적 112행)
[2026-07-06 09:05:49] 광고세트 목표 조회: 19/19개
[2026-07-06 09:05:49] 완료: 112행 -> /home/runner/work/lalasweet-ad-dashboard/lalasweet-ad-dashboard/data/meta_raw_2026-07-06_2026-07-06.csv
[2026-07-06 13:03:02] 수집 범위: 2026-07-05 ~ 2026-07-05 (1일)
[2026-07-06 13:03:03] 리포트 작업 생성: 2025078355040984
[2026-07-06 13:03:03]   0% / Job Not Started
[2026-07-06 13:03:09]   0% / Job Started
[2026-07-06 13:03:14]   0% / Job Started
[2026-07-06 13:03:19]   0% / Job Started
[2026-07-06 13:03:25]   0% / Job Started
[2026-07-06 13:03:30]   0% / Job Started
[2026-07-06 13:03:36]   0% / Job Started
[2026-07-06 13:03:41]   0% / Job Started
[2026-07-06 13:03:46]   0% / Job Started
[2026-07-06 13:03:52]   0% / Job Started
[2026-07-06 13:03:58]   0% / Job Started
[2026-07-06 13:04:03]   0% / Job Started
[2026-07-06 13:04:08]   0% / Job Started
[2026-07-06 13:04:14]   0% / Job Started
[2026-07-06 13:04:19]   0% / Job Running
[2026-07-06 13:04:25]   55% / Job Running
[2026-07-06 13:04:30]   100% / Job Running
[2026-07-06 13:04:36]   100% / Job Running
[2026-07-06 13:04:41]   100% / Job Completed
[2026-07-06 13:04:42]   페이지 1: +118행 (누적 118행)
[2026-07-06 13:04:43] 광고세트 목표 조회: 21/21개
[2026-07-06 13:04:43] 마지막 성공 날짜 갱신: 2026-07-05
[2026-07-06 13:04:43] 완료: 118행 -> /home/runner/work/lalasweet-ad-dashboard/lalasweet-ad-dashboard/data/meta_raw_2026-07-05_2026-07-05.csv
[2026-07-07 00:02:27] [백필 모드] 수집 범위: 2026-07-07 ~ 2026-07-07
[2026-07-07 00:02:27] 수집 범위: 2026-07-07 ~ 2026-07-07 (1일)
[2026-07-07 00:02:28] 리포트 작업 생성: 1343336117200392
[2026-07-07 00:02:28]   0% / Job Not Started
[2026-07-07 00:02:34]   0% / Job Started
[2026-07-07 00:02:39]   0% / Job Started
[2026-07-07 00:02:45]   0% / Job Started
[2026-07-07 00:02:50]   0% / Job Started
[2026-07-07 00:02:55]   0% / Job Started
[2026-07-07 00:03:01]   0% / Job Running
[2026-07-07 00:03:06]   58% / Job Running
[2026-07-07 00:03:11]   100% / Job Running
[2026-07-07 00:03:16]   100% / Job Running
[2026-07-07 00:03:22]   100% / Job Completed
[2026-07-07 00:03:22]   페이지 1: +103행 (누적 103행)
[2026-07-07 00:03:23] 광고세트 목표 조회: 21/21개
[2026-07-07 00:03:23] 완료: 103행 -> /home/runner/work/lalasweet-ad-dashboard/lalasweet-ad-dashboard/data/meta_raw_2026-07-07_2026-07-07.csv
[2026-07-07 00:19:51] [백필 모드] 수집 범위: 2026-07-06 ~ 2026-07-06
[2026-07-07 00:19:51] 수집 범위: 2026-07-06 ~ 2026-07-06 (1일)
[2026-07-07 00:19:52] 리포트 작업 생성: 2079412309633267
[2026-07-07 00:19:52]   0% / Job Not Started
[2026-07-07 00:19:57]   0% / Job Started
[2026-07-07 00:20:03]   0% / Job Started
[2026-07-07 00:20:08]   0% / Job Started
[2026-07-07 00:20:13]   0% / Job Started
[2026-07-07 00:20:19]   0% / Job Started
[2026-07-07 00:20:24]   0% / Job Started
[2026-07-07 00:20:30]   0% / Job Started
[2026-07-07 00:20:35]   0% / Job Running
[2026-07-07 00:20:41]   24% / Job Running
[2026-07-07 00:20:46]   28% / Job Running
[2026-07-07 00:20:52]   32% / Job Running
[2026-07-07 00:20:57]   32% / Job Running
[2026-07-07 00:21:02]   54% / Job Running
[2026-07-07 00:21:08]   100% / Job Running
[2026-07-07 00:21:13]   100% / Job Running
[2026-07-07 00:21:19]   100% / Job Completed
[2026-07-07 00:21:19]   페이지 1: +124행 (누적 124행)
[2026-07-07 00:21:20] 광고세트 목표 조회: 21/21개
[2026-07-07 00:21:20] 완료: 124행 -> /home/runner/work/lalasweet-ad-dashboard/lalasweet-ad-dashboard/data/meta_raw_2026-07-06_2026-07-06.csv
[2026-07-07 01:45:05] [백필 모드] 수집 범위: 2026-07-07 ~ 2026-07-07
[2026-07-07 01:45:05] 수집 범위: 2026-07-07 ~ 2026-07-07 (1일)
[2026-07-07 01:45:06] 리포트 작업 생성: 2372972210176772
[2026-07-07 01:45:06]   0% / Job Not Started
[2026-07-07 01:45:12]   0% / Job Not Started
[2026-07-07 01:45:17]   0% / Job Not Started
[2026-07-07 01:45:22]   0% / Job Not Started
[2026-07-07 01:45:28]   0% / Job Started
[2026-07-07 01:45:33]   0% / Job Started
[2026-07-07 01:45:38]   0% / Job Started
[2026-07-07 01:45:44]   0% / Job Started
[2026-07-07 01:45:49]   0% / Job Started
[2026-07-07 01:45:54]   0% / Job Started
[2026-07-07 01:46:00]   0% / Job Started
[2026-07-07 01:46:05]   0% / Job Started
[2026-07-07 01:46:11]   0% / Job Running
[2026-07-07 01:46:16]   58% / Job Running
[2026-07-07 01:46:21]   100% / Job Running
[2026-07-07 01:46:27]   100% / Job Completed
[2026-07-07 01:46:28]   페이지 1: +110행 (누적 110행)
[2026-07-07 01:46:28] 광고세트 목표 조회: 21/21개
[2026-07-07 01:46:28] 완료: 110행 -> /home/runner/work/lalasweet-ad-dashboard/lalasweet-ad-dashboard/data/meta_raw_2026-07-07_2026-07-07.csv
[2026-07-07 02:42:55] [백필 모드] 수집 범위: 2026-07-07 ~ 2026-07-07
[2026-07-07 02:42:55] 수집 범위: 2026-07-07 ~ 2026-07-07 (1일)
[2026-07-07 02:42:55] 리포트 작업 생성: 1001714446200884
[2026-07-07 02:42:55]   0% / Job Not Started
[2026-07-07 02:43:01]   0% / Job Started
[2026-07-07 02:43:06]   0% / Job Started
[2026-07-07 02:43:11]   0% / Job Started
[2026-07-07 02:43:16]   0% / Job Started
[2026-07-07 02:43:21]   0% / Job Started
[2026-07-07 02:43:27]   0% / Job Started
[2026-07-07 02:43:32]   0% / Job Started
[2026-07-07 02:43:37]   0% / Job Started
[2026-07-07 02:43:42]   0% / Job Started
[2026-07-07 02:43:47]   0% / Job Started
[2026-07-07 02:43:53]   0% / Job Started
[2026-07-07 02:43:58]   0% / Job Running
[2026-07-07 02:44:03]   0% / Job Running
[2026-07-07 02:44:08]   58% / Job Running
[2026-07-07 02:44:13]   100% / Job Running
[2026-07-07 02:44:18]   100% / Job Running
[2026-07-07 02:44:24]   100% / Job Running
[2026-07-07 02:44:29]   100% / Job Completed
[2026-07-07 02:44:29]   페이지 1: +114행 (누적 114행)
[2026-07-07 02:44:29] 광고세트 목표 조회: 21/21개
[2026-07-07 02:44:29] 완료: 114행 -> /home/runner/work/lalasweet-ad-dashboard/lalasweet-ad-dashboard/data/meta_raw_2026-07-07_2026-07-07.csv
[2026-07-07 04:31:31] [백필 모드] 수집 범위: 2026-07-07 ~ 2026-07-07
[2026-07-07 04:31:31] 수집 범위: 2026-07-07 ~ 2026-07-07 (1일)
[2026-07-07 04:31:32] 리포트 작업 생성: 1004616408842090
[2026-07-07 04:31:33]   0% / Job Not Started
[2026-07-07 04:31:38]   0% / Job Started
[2026-07-07 04:31:44]   0% / Job Started
[2026-07-07 04:31:49]   0% / Job Started
[2026-07-07 04:31:55]   0% / Job Started
[2026-07-07 04:32:00]   0% / Job Started
[2026-07-07 04:32:06]   0% / Job Started
[2026-07-07 04:32:11]   0% / Job Running
[2026-07-07 04:32:17]   56% / Job Running
[2026-07-07 04:32:22]   100% / Job Running
[2026-07-07 04:32:28]   100% / Job Running
[2026-07-07 04:32:34]   100% / Job Completed
[2026-07-07 04:32:34]   페이지 1: +118행 (누적 118행)
[2026-07-07 04:32:35] 광고세트 목표 조회: 21/21개
[2026-07-07 04:32:35] 완료: 118행 -> /home/runner/work/lalasweet-ad-dashboard/lalasweet-ad-dashboard/data/meta_raw_2026-07-07_2026-07-07.csv
[2026-07-07 05:27:43] [백필 모드] 수집 범위: 2026-07-07 ~ 2026-07-07
[2026-07-07 05:27:43] 수집 범위: 2026-07-07 ~ 2026-07-07 (1일)
[2026-07-07 05:27:43] 리포트 작업 생성: 2140746586657606
[2026-07-07 05:27:44]   0% / Job Not Started
[2026-07-07 05:27:49]   0% / Job Not Started
[2026-07-07 05:27:54]   0% / Job Started
[2026-07-07 05:28:00]   0% / Job Started
[2026-07-07 05:28:05]   0% / Job Started
[2026-07-07 05:28:10]   0% / Job Started
[2026-07-07 05:28:16]   0% / Job Running
[2026-07-07 05:28:21]   0% / Job Running
[2026-07-07 05:28:26]   56% / Job Running
[2026-07-07 05:28:32]   100% / Job Running
[2026-07-07 05:28:37]   100% / Job Completed
[2026-07-07 05:28:38]   페이지 1: +120행 (누적 120행)
[2026-07-07 05:28:38] 광고세트 목표 조회: 21/21개
[2026-07-07 05:28:38] 완료: 120행 -> /home/runner/work/lalasweet-ad-dashboard/lalasweet-ad-dashboard/data/meta_raw_2026-07-07_2026-07-07.csv
[2026-07-07 07:08:48] [백필 모드] 수집 범위: 2026-07-07 ~ 2026-07-07
[2026-07-07 07:08:48] 수집 범위: 2026-07-07 ~ 2026-07-07 (1일)
[2026-07-07 07:08:49] 리포트 작업 생성: 1619109026315414
[2026-07-07 07:08:49]   0% / Job Not Started
[2026-07-07 07:08:54]   0% / Job Not Started
[2026-07-07 07:08:59]   0% / Job Started
[2026-07-07 07:09:04]   0% / Job Started
[2026-07-07 07:09:10]   0% / Job Started
[2026-07-07 07:09:15]   0% / Job Started
[2026-07-07 07:09:20]   0% / Job Started
[2026-07-07 07:09:25]   0% / Job Started
[2026-07-07 07:09:30]   0% / Job Started
[2026-07-07 07:09:36]   0% / Job Started
[2026-07-07 07:09:41]   0% / Job Started
[2026-07-07 07:09:46]   0% / Job Started
[2026-07-07 07:09:51]   0% / Job Started
[2026-07-07 07:09:56]   0% / Job Started
[2026-07-07 07:10:01]   0% / Job Started
[2026-07-07 07:10:07]   0% / Job Running
[2026-07-07 07:10:12]   0% / Job Running
[2026-07-07 07:10:17]   58% / Job Running
[2026-07-07 07:10:22]   100% / Job Running
[2026-07-07 07:10:28]   100% / Job Completed
[2026-07-07 07:10:29]   페이지 1: +124행 (누적 124행)
[2026-07-07 07:10:29] 광고세트 목표 조회: 21/21개
[2026-07-07 07:10:29] 완료: 124행 -> /home/runner/work/lalasweet-ad-dashboard/lalasweet-ad-dashboard/data/meta_raw_2026-07-07_2026-07-07.csv
[2026-07-07 07:29:47] [백필 모드] 수집 범위: 2026-07-07 ~ 2026-07-07
[2026-07-07 07:29:47] 수집 범위: 2026-07-07 ~ 2026-07-07 (1일)
[2026-07-07 07:29:48] 리포트 작업 생성: 2590795754704322
[2026-07-07 07:29:48]   0% / Job Not Started
[2026-07-07 07:29:53]   0% / Job Not Started
[2026-07-07 07:29:58]   0% / Job Started
[2026-07-07 07:30:04]   0% / Job Started
[2026-07-07 07:30:09]   0% / Job Started
[2026-07-07 07:30:14]   0% / Job Started
[2026-07-07 07:30:20]   0% / Job Started
[2026-07-07 07:30:25]   0% / Job Started
[2026-07-07 07:30:30]   0% / Job Started
[2026-07-07 07:30:35]   0% / Job Started
[2026-07-07 07:30:40]   0% / Job Started
[2026-07-07 07:30:46]   0% / Job Started
[2026-07-07 07:30:51]   0% / Job Started
[2026-07-07 07:30:56]   0% / Job Running
[2026-07-07 07:31:01]   0% / Job Running
[2026-07-07 07:31:07]   58% / Job Running
[2026-07-07 07:31:12]   100% / Job Running
[2026-07-07 07:31:17]   100% / Job Running
[2026-07-07 07:31:23]   100% / Job Completed
[2026-07-07 07:31:24]   페이지 1: +124행 (누적 124행)
[2026-07-07 07:31:24] 광고세트 목표 조회: 21/21개
[2026-07-07 07:31:24] 완료: 124행 -> /home/runner/work/lalasweet-ad-dashboard/lalasweet-ad-dashboard/data/meta_raw_2026-07-07_2026-07-07.csv
[2026-07-07 08:07:04] [백필 모드] 수집 범위: 2026-07-07 ~ 2026-07-07
[2026-07-07 08:07:04] 수집 범위: 2026-07-07 ~ 2026-07-07 (1일)
[2026-07-07 08:07:04] 리포트 작업 생성: 2589259268200301
[2026-07-07 08:07:05]   0% / Job Not Started
[2026-07-07 08:07:10]   0% / Job Started
[2026-07-07 08:07:15]   0% / Job Started
[2026-07-07 08:07:21]   0% / Job Started
[2026-07-07 08:07:26]   0% / Job Started
[2026-07-07 08:07:31]   0% / Job Started
[2026-07-07 08:07:37]   0% / Job Started
[2026-07-07 08:07:42]   0% / Job Started
[2026-07-07 08:07:47]   0% / Job Started
[2026-07-07 08:07:53]   0% / Job Running
[2026-07-07 08:07:58]   56% / Job Running
[2026-07-07 08:08:03]   100% / Job Running
[2026-07-07 08:08:09]   100% / Job Completed
[2026-07-07 08:08:11]   페이지 1: +128행 (누적 128행)
[2026-07-07 08:08:12] 광고세트 목표 조회: 21/21개
[2026-07-07 08:08:12] 완료: 128행 -> /home/runner/work/lalasweet-ad-dashboard/lalasweet-ad-dashboard/data/meta_raw_2026-07-07_2026-07-07.csv
[2026-07-07 08:49:14] [백필 모드] 수집 범위: 2026-07-07 ~ 2026-07-07
[2026-07-07 08:49:14] 수집 범위: 2026-07-07 ~ 2026-07-07 (1일)
[2026-07-07 08:49:14] 리포트 작업 생성: 895146313634360
[2026-07-07 08:49:15]   0% / Job Not Started
[2026-07-07 08:49:20]   0% / Job Started
[2026-07-07 08:49:25]   0% / Job Started
[2026-07-07 08:49:31]   0% / Job Started
[2026-07-07 08:49:36]   0% / Job Started
[2026-07-07 08:49:41]   0% / Job Started
[2026-07-07 08:49:47]   0% / Job Started
[2026-07-07 08:49:52]   0% / Job Started
[2026-07-07 08:49:57]   0% / Job Running
[2026-07-07 08:50:03]   58% / Job Running
[2026-07-07 08:50:08]   100% / Job Running
[2026-07-07 08:50:13]   100% / Job Running
[2026-07-07 08:50:19]   100% / Job Completed
[2026-07-07 08:50:20]   페이지 1: +129행 (누적 129행)
[2026-07-07 08:50:20] 광고세트 목표 조회: 21/21개
[2026-07-07 08:50:20] 완료: 129행 -> /home/runner/work/lalasweet-ad-dashboard/lalasweet-ad-dashboard/data/meta_raw_2026-07-07_2026-07-07.csv
[2026-07-07 10:39:58] 수집 범위: 2026-07-06 ~ 2026-07-06 (1일)
[2026-07-07 10:39:58] 리포트 작업 생성: 1443539751245019
[2026-07-07 10:39:58]   0% / Job Not Started
[2026-07-07 10:40:03]   0% / Job Started
[2026-07-07 10:40:09]   0% / Job Started
[2026-07-07 10:40:14]   0% / Job Started
[2026-07-07 10:40:19]   0% / Job Started
[2026-07-07 10:40:24]   0% / Job Started
[2026-07-07 10:40:30]   0% / Job Started
[2026-07-07 10:40:35]   0% / Job Started
[2026-07-07 10:40:40]   0% / Job Started
[2026-07-07 10:40:45]   0% / Job Started
[2026-07-07 10:40:50]   0% / Job Started
[2026-07-07 10:40:55]   0% / Job Started
[2026-07-07 10:41:01]   0% / Job Started
[2026-07-07 10:41:06]   0% / Job Running
[2026-07-07 10:41:11]   54% / Job Running
[2026-07-07 10:41:16]   100% / Job Running
[2026-07-07 10:41:21]   100% / Job Running
[2026-07-07 10:41:27]   100% / Job Completed
[2026-07-07 10:41:27]   페이지 1: +124행 (누적 124행)
[2026-07-07 10:41:27] 광고세트 목표 조회: 21/21개
[2026-07-07 10:41:27] 마지막 성공 날짜 갱신: 2026-07-06
[2026-07-07 10:41:27] 완료: 124행 -> /home/runner/work/lalasweet-ad-dashboard/lalasweet-ad-dashboard/data/meta_raw_2026-07-06_2026-07-06.csv
[2026-07-08 00:07:16] [백필 모드] 수집 범위: 2026-07-08 ~ 2026-07-08
[2026-07-08 00:07:16] 수집 범위: 2026-07-08 ~ 2026-07-08 (1일)
[2026-07-08 00:07:17] 리포트 작업 생성: 1791011342257589
[2026-07-08 00:07:17]   0% / Job Not Started
[2026-07-08 00:07:22]   0% / Job Not Started
[2026-07-08 00:07:28]   0% / Job Started
[2026-07-08 00:07:33]   0% / Job Started
[2026-07-08 00:07:39]   0% / Job Started
[2026-07-08 00:07:44]   0% / Job Started
[2026-07-08 00:07:50]   0% / Job Started
[2026-07-08 00:07:55]   0% / Job Started
[2026-07-08 00:08:00]   0% / Job Started
[2026-07-08 00:08:06]   0% / Job Running
[2026-07-08 00:08:11]   60% / Job Running
[2026-07-08 00:08:16]   100% / Job Running
[2026-07-08 00:08:22]   100% / Job Running
[2026-07-08 00:08:27]   100% / Job Completed
[2026-07-08 00:08:28]   페이지 1: +136행 (누적 136행)
[2026-07-08 00:08:29] 광고세트 목표 조회: 19/19개
[2026-07-08 00:08:29] 완료: 136행 -> /home/runner/work/lalasweet-ad-dashboard/lalasweet-ad-dashboard/data/meta_raw_2026-07-08_2026-07-08.csv
[2026-07-08 00:30:37] [백필 모드] 수집 범위: 2026-07-07 ~ 2026-07-07
[2026-07-08 00:30:37] 수집 범위: 2026-07-07 ~ 2026-07-07 (1일)
[2026-07-08 00:30:38] 리포트 작업 생성: 1749269066492875
[2026-07-08 00:30:38]   0% / Job Not Started
[2026-07-08 00:30:43]   0% / Job Started
[2026-07-08 00:30:48]   0% / Job Started
[2026-07-08 00:30:54]   0% / Job Started
[2026-07-08 00:30:59]   0% / Job Started
[2026-07-08 00:31:04]   0% / Job Started
[2026-07-08 00:31:09]   0% / Job Started
[2026-07-08 00:31:14]   0% / Job Running
[2026-07-08 00:31:19]   0% / Job Running
[2026-07-08 00:31:24]   56% / Job Running
[2026-07-08 00:31:30]   100% / Job Running
[2026-07-08 00:31:35]   100% / Job Completed
[2026-07-08 00:31:36]   페이지 1: +174행 (누적 174행)
[2026-07-08 00:31:36] 광고세트 목표 조회: 21/21개
[2026-07-08 00:31:36] 완료: 174행 -> /home/runner/work/lalasweet-ad-dashboard/lalasweet-ad-dashboard/data/meta_raw_2026-07-07_2026-07-07.csv
[2026-07-08 00:57:54] [백필 모드] 수집 범위: 2026-07-08 ~ 2026-07-08
[2026-07-08 00:57:54] 수집 범위: 2026-07-08 ~ 2026-07-08 (1일)
[2026-07-08 00:57:54] 리포트 작업 생성: 1678892976738241
[2026-07-08 00:57:55]   0% / Job Not Started
[2026-07-08 00:58:00]   0% / Job Started
[2026-07-08 00:58:05]   0% / Job Started
[2026-07-08 00:58:10]   0% / Job Started
[2026-07-08 00:58:16]   0% / Job Started
[2026-07-08 00:58:21]   0% / Job Started
[2026-07-08 00:58:26]   0% / Job Started
[2026-07-08 00:58:31]   0% / Job Running
[2026-07-08 00:58:37]   0% / Job Running
[2026-07-08 00:58:42]   60% / Job Running
[2026-07-08 00:58:47]   100% / Job Running
[2026-07-08 00:58:52]   100% / Job Completed
[2026-07-08 00:58:53]   페이지 1: +136행 (누적 136행)
[2026-07-08 00:58:53] 광고세트 목표 조회: 19/19개
[2026-07-08 00:58:53] 완료: 136행 -> /home/runner/work/lalasweet-ad-dashboard/lalasweet-ad-dashboard/data/meta_raw_2026-07-08_2026-07-08.csv
[2026-07-08 01:54:37] [백필 모드] 수집 범위: 2026-07-08 ~ 2026-07-08
[2026-07-08 01:54:37] 수집 범위: 2026-07-08 ~ 2026-07-08 (1일)
[2026-07-08 01:54:38] 리포트 작업 생성: 1070773575513504
[2026-07-08 01:54:38]   0% / Job Not Started
[2026-07-08 01:54:44]   0% / Job Not Started
[2026-07-08 01:54:49]   0% / Job Not Started
[2026-07-08 01:54:54]   0% / Job Started
[2026-07-08 01:55:00]   0% / Job Started
[2026-07-08 01:55:05]   0% / Job Started
[2026-07-08 01:55:10]   0% / Job Started
[2026-07-08 01:55:16]   0% / Job Started
[2026-07-08 01:55:21]   0% / Job Started
[2026-07-08 01:55:26]   0% / Job Started
[2026-07-08 01:55:32]   0% / Job Started
[2026-07-08 01:55:37]   0% / Job Started
[2026-07-08 01:55:43]   0% / Job Running
[2026-07-08 01:55:48]   58% / Job Running
[2026-07-08 01:55:53]   100% / Job Running
[2026-07-08 01:55:59]   100% / Job Running
[2026-07-08 01:56:04]   100% / Job Completed
[2026-07-08 01:56:05]   페이지 1: +137행 (누적 137행)
[2026-07-08 01:56:05] 광고세트 목표 조회: 19/19개
[2026-07-08 01:56:05] 완료: 137행 -> /home/runner/work/lalasweet-ad-dashboard/lalasweet-ad-dashboard/data/meta_raw_2026-07-08_2026-07-08.csv
[2026-07-08 01:58:53] [백필 모드] 수집 범위: 2026-07-08 ~ 2026-07-08
[2026-07-08 01:58:53] 수집 범위: 2026-07-08 ~ 2026-07-08 (1일)
[2026-07-08 01:58:54] 리포트 작업 생성: 1006702565337047
[2026-07-08 01:58:55]   0% / Job Not Started
[2026-07-08 01:59:01]   0% / Job Started
[2026-07-08 01:59:06]   0% / Job Started
[2026-07-08 01:59:12]   0% / Job Started
[2026-07-08 01:59:18]   0% / Job Started
[2026-07-08 01:59:24]   0% / Job Started
[2026-07-08 01:59:30]   0% / Job Started
[2026-07-08 01:59:35]   0% / Job Running
[2026-07-08 01:59:41]   60% / Job Running
[2026-07-08 01:59:47]   100% / Job Running
[2026-07-08 01:59:53]   100% / Job Completed
[2026-07-08 01:59:54]   페이지 1: +137행 (누적 137행)
[2026-07-08 01:59:54] 광고세트 목표 조회: 19/19개
[2026-07-08 01:59:54] 완료: 137행 -> /home/runner/work/lalasweet-ad-dashboard/lalasweet-ad-dashboard/data/meta_raw_2026-07-08_2026-07-08.csv
[2026-07-08 02:57:44] [백필 모드] 수집 범위: 2026-07-08 ~ 2026-07-08
[2026-07-08 02:57:44] 수집 범위: 2026-07-08 ~ 2026-07-08 (1일)
[2026-07-08 02:57:44] 리포트 작업 생성: 1041260561597934
[2026-07-08 02:57:44]   0% / Job Not Started
[2026-07-08 02:57:50]   0% / Job Not Started
[2026-07-08 02:57:55]   0% / Job Started
[2026-07-08 02:58:00]   0% / Job Started
[2026-07-08 02:58:05]   0% / Job Started
[2026-07-08 02:58:11]   0% / Job Started
[2026-07-08 02:58:16]   0% / Job Started
[2026-07-08 02:58:21]   0% / Job Started
[2026-07-08 02:58:26]   0% / Job Running
[2026-07-08 02:58:32]   60% / Job Running
[2026-07-08 02:58:37]   100% / Job Running
[2026-07-08 02:58:42]   100% / Job Completed
[2026-07-08 02:58:43]   페이지 1: +137행 (누적 137행)
[2026-07-08 02:58:43] 광고세트 목표 조회: 19/19개
[2026-07-08 02:58:43] 완료: 137행 -> /home/runner/work/lalasweet-ad-dashboard/lalasweet-ad-dashboard/data/meta_raw_2026-07-08_2026-07-08.csv
[2026-07-08 05:06:29] [백필 모드] 수집 범위: 2026-07-08 ~ 2026-07-08
[2026-07-08 05:06:29] 수집 범위: 2026-07-08 ~ 2026-07-08 (1일)
[2026-07-08 05:06:30] 리포트 작업 생성: 1464434349055208
[2026-07-08 05:06:30]   0% / Job Not Started
[2026-07-08 05:06:36]   0% / Job Not Started
[2026-07-08 05:06:41]   0% / Job Not Started
[2026-07-08 05:06:47]   0% / Job Started
[2026-07-08 05:06:52]   0% / Job Started
[2026-07-08 05:06:57]   0% / Job Started
[2026-07-08 05:07:03]   0% / Job Started
[2026-07-08 05:07:08]   0% / Job Started
[2026-07-08 05:07:14]   0% / Job Started
[2026-07-08 05:07:19]   0% / Job Running
[2026-07-08 05:07:27]   58% / Job Running
[2026-07-08 05:07:32]   100% / Job Running
[2026-07-08 05:07:37]   100% / Job Completed
[2026-07-08 05:07:39]   페이지 1: +141행 (누적 141행)
[2026-07-08 05:07:39] 광고세트 목표 조회: 19/19개
[2026-07-08 05:07:39] 완료: 141행 -> /home/runner/work/lalasweet-ad-dashboard/lalasweet-ad-dashboard/data/meta_raw_2026-07-08_2026-07-08.csv
[2026-07-08 05:45:18] [백필 모드] 수집 범위: 2026-07-08 ~ 2026-07-08
[2026-07-08 05:45:18] 수집 범위: 2026-07-08 ~ 2026-07-08 (1일)
[2026-07-08 05:45:19] 리포트 작업 생성: 1041696025122157
[2026-07-08 05:45:19]   0% / Job Not Started
[2026-07-08 05:45:24]   0% / Job Started
[2026-07-08 05:45:30]   0% / Job Started
[2026-07-08 05:45:35]   0% / Job Started
[2026-07-08 05:45:40]   0% / Job Started
[2026-07-08 05:45:45]   0% / Job Started
[2026-07-08 05:45:50]   0% / Job Started
[2026-07-08 05:45:55]   0% / Job Started
[2026-07-08 05:46:00]   0% / Job Started
[2026-07-08 05:46:06]   0% / Job Started
[2026-07-08 05:46:11]   0% / Job Started
[2026-07-08 05:46:16]   0% / Job Started
[2026-07-08 05:46:21]   0% / Job Started
[2026-07-08 05:46:26]   0% / Job Running
[2026-07-08 05:46:31]   60% / Job Running
[2026-07-08 05:46:37]   100% / Job Running
[2026-07-08 05:46:42]   100% / Job Running
[2026-07-08 05:46:47]   100% / Job Completed
[2026-07-08 05:46:47]   페이지 1: +144행 (누적 144행)
[2026-07-08 05:46:48] 광고세트 목표 조회: 19/19개
[2026-07-08 05:46:48] 완료: 144행 -> /home/runner/work/lalasweet-ad-dashboard/lalasweet-ad-dashboard/data/meta_raw_2026-07-08_2026-07-08.csv
[2026-07-08 05:53:31] [백필 모드] 수집 범위: 2026-07-08 ~ 2026-07-08
[2026-07-08 05:53:31] 수집 범위: 2026-07-08 ~ 2026-07-08 (1일)
[2026-07-08 05:53:31] 리포트 작업 생성: 1560489899116964
[2026-07-08 05:53:32]   0% / Job Not Started
[2026-07-08 05:53:37]   0% / Job Not Started
[2026-07-08 05:53:42]   0% / Job Not Started
[2026-07-08 05:53:47]   0% / Job Started
[2026-07-08 05:53:53]   0% / Job Started
[2026-07-08 05:53:58]   0% / Job Started
[2026-07-08 05:54:03]   0% / Job Started
[2026-07-08 05:54:08]   0% / Job Started
[2026-07-08 05:54:14]   0% / Job Started
[2026-07-08 05:54:19]   0% / Job Started
[2026-07-08 05:54:24]   0% / Job Started
[2026-07-08 05:54:29]   0% / Job Started
[2026-07-08 05:54:34]   0% / Job Started
[2026-07-08 05:54:40]   0% / Job Started
[2026-07-08 05:54:45]   0% / Job Running
[2026-07-08 05:54:50]   58% / Job Running
[2026-07-08 05:54:55]   100% / Job Running
[2026-07-08 05:55:01]   100% / Job Running
[2026-07-08 05:55:06]   100% / Job Running
[2026-07-08 05:55:11]   100% / Job Completed
[2026-07-08 05:55:12]   페이지 1: +144행 (누적 144행)
[2026-07-08 05:55:12] 광고세트 목표 조회: 19/19개
[2026-07-08 05:55:12] 완료: 144행 -> /home/runner/work/lalasweet-ad-dashboard/lalasweet-ad-dashboard/data/meta_raw_2026-07-08_2026-07-08.csv
[2026-07-08 07:07:59] [백필 모드] 수집 범위: 2026-07-08 ~ 2026-07-08
[2026-07-08 07:07:59] 수집 범위: 2026-07-08 ~ 2026-07-08 (1일)
[2026-07-08 07:07:59] 리포트 작업 생성: 27422664520689635
[2026-07-08 07:08:00]   0% / Job Not Started
[2026-07-08 07:08:06]   0% / Job Started
[2026-07-08 07:08:11]   0% / Job Started
[2026-07-08 07:08:16]   0% / Job Started
[2026-07-08 07:08:22]   0% / Job Started
[2026-07-08 07:08:27]   0% / Job Started
[2026-07-08 07:08:32]   0% / Job Started
[2026-07-08 07:08:37]   0% / Job Started
[2026-07-08 07:08:43]   0% / Job Started
[2026-07-08 07:08:48]   0% / Job Started
[2026-07-08 07:08:53]   0% / Job Running
[2026-07-08 07:08:59]   0% / Job Running
[2026-07-08 07:09:04]   65% / Job Running
[2026-07-08 07:09:09]   100% / Job Running
[2026-07-08 07:09:15]   100% / Job Running
[2026-07-08 07:09:20]   100% / Job Completed
[2026-07-08 07:09:21]   페이지 1: +124행 (누적 124행)
[2026-07-08 07:09:21] 광고세트 목표 조회: 17/17개
[2026-07-08 07:09:21] 완료: 124행 -> /home/runner/work/lalasweet-ad-dashboard/lalasweet-ad-dashboard/data/meta_raw_2026-07-08_2026-07-08.csv
[2026-07-08 07:56:45] 수집 범위: 2026-07-07 ~ 2026-07-07 (1일)
[2026-07-08 07:56:45] 리포트 작업 생성: 1523977519469759
[2026-07-08 07:56:45]   0% / Job Not Started
[2026-07-08 07:56:51]   0% / Job Not Started
[2026-07-08 07:56:56]   0% / Job Not Started
[2026-07-08 07:57:01]   0% / Job Started
[2026-07-08 07:57:06]   0% / Job Started
[2026-07-08 07:57:11]   0% / Job Started
[2026-07-08 07:57:16]   0% / Job Started
[2026-07-08 07:57:22]   0% / Job Started
[2026-07-08 07:57:27]   0% / Job Started
[2026-07-08 07:57:32]   0% / Job Started
[2026-07-08 07:57:37]   0% / Job Started
[2026-07-08 07:57:43]   0% / Job Running
[2026-07-08 07:57:48]   62% / Job Running
[2026-07-08 07:57:53]   100% / Job Running
[2026-07-08 07:57:58]   100% / Job Completed
[2026-07-08 07:57:59]   페이지 1: +155행 (누적 155행)
[2026-07-08 07:57:59] 광고세트 목표 조회: 17/17개
[2026-07-08 07:57:59] 마지막 성공 날짜 갱신: 2026-07-07
[2026-07-08 07:57:59] 완료: 155행 -> /home/runner/work/lalasweet-ad-dashboard/lalasweet-ad-dashboard/data/meta_raw_2026-07-07_2026-07-07.csv
[2026-07-08 08:25:40] [백필 모드] 수집 범위: 2026-07-08 ~ 2026-07-08
[2026-07-08 08:25:40] 수집 범위: 2026-07-08 ~ 2026-07-08 (1일)
[2026-07-08 08:25:40] 리포트 작업 생성: 27308601982165550
[2026-07-08 08:25:40]   0% / Job Not Started
[2026-07-08 08:25:46]   0% / Job Started
[2026-07-08 08:25:51]   0% / Job Started
[2026-07-08 08:25:56]   0% / Job Started
[2026-07-08 08:26:02]   0% / Job Started
[2026-07-08 08:26:07]   0% / Job Started
[2026-07-08 08:26:12]   0% / Job Running
[2026-07-08 08:26:17]   0% / Job Running
[2026-07-08 08:26:23]   63% / Job Running
[2026-07-08 08:26:28]   100% / Job Running
[2026-07-08 08:26:33]   100% / Job Running
[2026-07-08 08:26:38]   100% / Job Completed
[2026-07-08 08:26:39]   페이지 1: +124행 (누적 124행)
[2026-07-08 08:26:39] 광고세트 목표 조회: 17/17개
[2026-07-08 08:26:39] 완료: 124행 -> /home/runner/work/lalasweet-ad-dashboard/lalasweet-ad-dashboard/data/meta_raw_2026-07-08_2026-07-08.csv
[2026-07-08 09:06:30] [백필 모드] 수집 범위: 2026-07-08 ~ 2026-07-08
[2026-07-08 09:06:30] 수집 범위: 2026-07-08 ~ 2026-07-08 (1일)
[2026-07-08 09:06:30] 리포트 작업 생성: 1359714682919187
[2026-07-08 09:06:30]   0% / Job Not Started
[2026-07-08 09:06:36]   0% / Job Started
[2026-07-08 09:06:41]   0% / Job Started
[2026-07-08 09:06:46]   0% / Job Started
[2026-07-08 09:06:51]   0% / Job Started
[2026-07-08 09:06:56]   0% / Job Started
[2026-07-08 09:07:01]   0% / Job Started
[2026-07-08 09:07:06]   0% / Job Started
[2026-07-08 09:07:12]   0% / Job Started
[2026-07-08 09:07:18]   0% / Job Running
[2026-07-08 09:07:24]   63% / Job Running
[2026-07-08 09:07:30]   100% / Job Running
[2026-07-08 09:07:35]   100% / Job Completed
[2026-07-08 09:07:36]   페이지 1: +134행 (누적 134행)
[2026-07-08 09:07:36] 광고세트 목표 조회: 21/21개
[2026-07-08 09:07:36] 완료: 134행 -> /home/runner/work/lalasweet-ad-dashboard/lalasweet-ad-dashboard/data/meta_raw_2026-07-08_2026-07-08.csv
[2026-07-08 23:59:28] [백필 모드] 수집 범위: 2026-07-08 ~ 2026-07-08
[2026-07-08 23:59:28] 수집 범위: 2026-07-08 ~ 2026-07-08 (1일)
[2026-07-08 23:59:29] 리포트 작업 생성: 1575242263952364
[2026-07-08 23:59:29]   0% / Job Not Started
[2026-07-08 23:59:34]   0% / Job Started
[2026-07-08 23:59:40]   0% / Job Started
[2026-07-08 23:59:45]   0% / Job Started
[2026-07-08 23:59:50]   0% / Job Started
[2026-07-08 23:59:55]   0% / Job Started
[2026-07-09 00:00:01]   0% / Job Started
[2026-07-09 00:00:06]   0% / Job Started
[2026-07-09 00:00:11]   0% / Job Started
[2026-07-09 00:00:16]   0% / Job Running
[2026-07-09 00:00:22]   63% / Job Running
[2026-07-09 00:00:27]   100% / Job Running
[2026-07-09 00:00:32]   100% / Job Completed
[2026-07-09 00:00:33]   페이지 1: +169행 (누적 169행)
[2026-07-09 00:00:33] 광고세트 목표 조회: 21/21개
[2026-07-09 00:00:33] 완료: 169행 -> /home/runner/work/lalasweet-ad-dashboard/lalasweet-ad-dashboard/data/meta_raw_2026-07-08_2026-07-08.csv
[2026-07-09 00:02:12] [백필 모드] 수집 범위: 2026-07-09 ~ 2026-07-09
[2026-07-09 00:02:12] 수집 범위: 2026-07-09 ~ 2026-07-09 (1일)
[2026-07-09 00:02:12] 리포트 작업 생성: 2098998204370001
[2026-07-09 00:02:13]   0% / Job Not Started
[2026-07-09 00:02:18]   0% / Job Not Started
[2026-07-09 00:02:23]   0% / Job Started
[2026-07-09 00:02:28]   0% / Job Started
[2026-07-09 00:02:34]   0% / Job Started
[2026-07-09 00:02:39]   0% / Job Started
[2026-07-09 00:02:44]   0% / Job Started
[2026-07-09 00:02:50]   0% / Job Started
[2026-07-09 00:02:55]   0% / Job Started
[2026-07-09 00:03:00]   0% / Job Started
[2026-07-09 00:03:06]   0% / Job Running
[2026-07-09 00:03:11]   65% / Job Running
[2026-07-09 00:03:17]   100% / Job Running
[2026-07-09 00:03:22]   100% / Job Completed
[2026-07-09 00:03:23]   페이지 1: +123행 (누적 123행)
[2026-07-09 00:03:23] 광고세트 목표 조회: 21/21개
[2026-07-09 00:03:23] 완료: 123행 -> /home/runner/work/lalasweet-ad-dashboard/lalasweet-ad-dashboard/data/meta_raw_2026-07-09_2026-07-09.csv
[2026-07-09 00:09:47] [백필 모드] 수집 범위: 2026-07-08 ~ 2026-07-08
[2026-07-09 00:09:47] 수집 범위: 2026-07-08 ~ 2026-07-08 (1일)
[2026-07-09 00:09:48] 리포트 작업 생성: 1496817601925846
[2026-07-09 00:09:48]   0% / Job Not Started
[2026-07-09 00:09:53]   0% / Job Not Started
[2026-07-09 00:09:58]   0% / Job Not Started
[2026-07-09 00:10:03]   0% / Job Started
[2026-07-09 00:10:09]   0% / Job Started
[2026-07-09 00:10:14]   0% / Job Started
[2026-07-09 00:10:19]   0% / Job Started
[2026-07-09 00:10:24]   0% / Job Started
[2026-07-09 00:10:29]   0% / Job Started
[2026-07-09 00:10:34]   0% / Job Started
[2026-07-09 00:10:40]   0% / Job Running
[2026-07-09 00:10:45]   63% / Job Running
[2026-07-09 00:10:50]   100% / Job Running
[2026-07-09 00:10:55]   100% / Job Completed
[2026-07-09 00:10:56]   페이지 1: +169행 (누적 169행)
[2026-07-09 00:10:56] 광고세트 목표 조회: 21/21개
[2026-07-09 00:10:56] 완료: 169행 -> /home/runner/work/lalasweet-ad-dashboard/lalasweet-ad-dashboard/data/meta_raw_2026-07-08_2026-07-08.csv
[2026-07-09 01:45:23] [백필 모드] 수집 범위: 2026-07-09 ~ 2026-07-09
[2026-07-09 01:45:23] 수집 범위: 2026-07-09 ~ 2026-07-09 (1일)
[2026-07-09 01:45:24] 리포트 작업 생성: 1497513265748132
[2026-07-09 01:45:24]   0% / Job Not Started
[2026-07-09 01:45:30]   0% / Job Started
[2026-07-09 01:45:35]   0% / Job Started
[2026-07-09 01:45:40]   0% / Job Started
[2026-07-09 01:45:45]   0% / Job Started
[2026-07-09 01:45:51]   0% / Job Started
[2026-07-09 01:45:56]   0% / Job Running
[2026-07-09 01:46:01]   65% / Job Running
[2026-07-09 01:46:06]   100% / Job Running
[2026-07-09 01:46:12]   100% / Job Running
[2026-07-09 01:46:17]   100% / Job Completed
[2026-07-09 01:46:18]   페이지 1: +128행 (누적 128행)
[2026-07-09 01:46:18] 광고세트 목표 조회: 21/21개
[2026-07-09 01:46:18] 완료: 128행 -> /home/runner/work/lalasweet-ad-dashboard/lalasweet-ad-dashboard/data/meta_raw_2026-07-09_2026-07-09.csv
[2026-07-09 02:47:25] [백필 모드] 수집 범위: 2026-07-09 ~ 2026-07-09
[2026-07-09 02:47:25] 수집 범위: 2026-07-09 ~ 2026-07-09 (1일)
[2026-07-09 02:47:26] 리포트 작업 생성: 929135293535360
[2026-07-09 02:47:26]   0% / Job Not Started
[2026-07-09 02:47:32]   0% / Job Started
[2026-07-09 02:47:37]   0% / Job Started
[2026-07-09 02:47:42]   0% / Job Started
[2026-07-09 02:47:47]   0% / Job Started
[2026-07-09 02:47:52]   0% / Job Started
[2026-07-09 02:47:58]   0% / Job Started
[2026-07-09 02:48:03]   0% / Job Started
[2026-07-09 02:48:08]   0% / Job Running
[2026-07-09 02:48:13]   65% / Job Running
[2026-07-09 02:48:19]   100% / Job Running
[2026-07-09 02:48:24]   100% / Job Running
[2026-07-09 02:48:29]   100% / Job Completed
[2026-07-09 02:48:30]   페이지 1: +133행 (누적 133행)
[2026-07-09 02:48:30] 광고세트 목표 조회: 21/21개
[2026-07-09 02:48:30] 완료: 133행 -> /home/runner/work/lalasweet-ad-dashboard/lalasweet-ad-dashboard/data/meta_raw_2026-07-09_2026-07-09.csv
[2026-07-09 04:37:29] [백필 모드] 수집 범위: 2026-07-09 ~ 2026-07-09
[2026-07-09 04:37:29] 수집 범위: 2026-07-09 ~ 2026-07-09 (1일)
[2026-07-09 04:37:30] 리포트 작업 생성: 4510163172552235
[2026-07-09 04:37:31]   0% / Job Not Started
[2026-07-09 04:37:36]   0% / Job Not Started
[2026-07-09 04:37:41]   0% / Job Started
[2026-07-09 04:37:47]   0% / Job Started
[2026-07-09 04:37:52]   0% / Job Started
[2026-07-09 04:37:57]   0% / Job Started
[2026-07-09 04:38:03]   0% / Job Started
[2026-07-09 04:38:08]   0% / Job Started
[2026-07-09 04:38:14]   0% / Job Started
[2026-07-09 04:38:19]   0% / Job Started
[2026-07-09 04:38:24]   0% / Job Started
[2026-07-09 04:38:30]   0% / Job Started
[2026-07-09 04:38:35]   0% / Job Started
[2026-07-09 04:38:40]   0% / Job Running
[2026-07-09 04:38:46]   0% / Job Running
[2026-07-09 04:38:51]   65% / Job Running
[2026-07-09 04:38:57]   100% / Job Running
[2026-07-09 04:39:02]   100% / Job Completed
[2026-07-09 04:39:03]   페이지 1: +140행 (누적 140행)
[2026-07-09 04:39:03] 광고세트 목표 조회: 21/21개
[2026-07-09 04:39:04] 완료: 140행 -> /home/runner/work/lalasweet-ad-dashboard/lalasweet-ad-dashboard/data/meta_raw_2026-07-09_2026-07-09.csv
[2026-07-09 04:58:18] [백필 모드] 수집 범위: 2026-07-09 ~ 2026-07-09
[2026-07-09 04:58:18] 수집 범위: 2026-07-09 ~ 2026-07-09 (1일)
[2026-07-09 04:58:18] 리포트 작업 생성: 1630262394738637
[2026-07-09 04:58:19]   0% / Job Not Started
[2026-07-09 04:58:24]   0% / Job Started
[2026-07-09 04:58:29]   0% / Job Started
[2026-07-09 04:58:34]   0% / Job Started
[2026-07-09 04:58:40]   0% / Job Started
[2026-07-09 04:58:45]   0% / Job Started
[2026-07-09 04:58:50]   0% / Job Started
[2026-07-09 04:58:55]   0% / Job Running
[2026-07-09 04:59:01]   65% / Job Running
[2026-07-09 04:59:07]   100% / Job Running
[2026-07-09 04:59:12]   100% / Job Running
[2026-07-09 04:59:17]   100% / Job Completed
[2026-07-09 04:59:18]   페이지 1: +141행 (누적 141행)
[2026-07-09 04:59:18] 광고세트 목표 조회: 21/21개
[2026-07-09 04:59:18] 완료: 141행 -> /home/runner/work/lalasweet-ad-dashboard/lalasweet-ad-dashboard/data/meta_raw_2026-07-09_2026-07-09.csv
[2026-07-09 05:37:04] [백필 모드] 수집 범위: 2026-07-09 ~ 2026-07-09
[2026-07-09 05:37:04] 수집 범위: 2026-07-09 ~ 2026-07-09 (1일)
[2026-07-09 05:37:05] 리포트 작업 생성: 1726232335468474
[2026-07-09 05:37:05]   0% / Job Not Started
[2026-07-09 05:37:10]   0% / Job Started
[2026-07-09 05:37:16]   0% / Job Started
[2026-07-09 05:37:21]   0% / Job Started
[2026-07-09 05:37:26]   0% / Job Started
[2026-07-09 05:37:32]   0% / Job Started
[2026-07-09 05:37:37]   0% / Job Started
[2026-07-09 05:37:42]   0% / Job Started
[2026-07-09 05:37:47]   0% / Job Started
[2026-07-09 05:37:53]   0% / Job Started
[2026-07-09 05:37:58]   0% / Job Started
[2026-07-09 05:38:03]   0% / Job Running
[2026-07-09 05:38:09]   0% / Job Running
[2026-07-09 05:38:14]   65% / Job Running
[2026-07-09 05:38:19]   100% / Job Running
[2026-07-09 05:38:25]   100% / Job Running
[2026-07-09 05:38:30]   100% / Job Completed
[2026-07-09 05:38:31]   페이지 1: +146행 (누적 146행)
[2026-07-09 05:38:31] 광고세트 목표 조회: 21/21개
[2026-07-09 05:38:31] 완료: 146행 -> /home/runner/work/lalasweet-ad-dashboard/lalasweet-ad-dashboard/data/meta_raw_2026-07-09_2026-07-09.csv
[2026-07-09 06:30:24] [백필 모드] 수집 범위: 2026-07-09 ~ 2026-07-09
[2026-07-09 06:30:24] 수집 범위: 2026-07-09 ~ 2026-07-09 (1일)
[2026-07-09 06:30:25] 리포트 작업 생성: 1005545325676268
[2026-07-09 06:30:26]   0% / Job Not Started
[2026-07-09 06:30:31]   0% / Job Not Started
[2026-07-09 06:30:37]   0% / Job Started
[2026-07-09 06:30:43]   0% / Job Started
[2026-07-09 06:30:49]   0% / Job Started
[2026-07-09 06:30:54]   0% / Job Started
[2026-07-09 06:31:00]   0% / Job Started
[2026-07-09 06:31:05]   0% / Job Started
[2026-07-09 06:31:10]   0% / Job Running
[2026-07-09 06:31:16]   65% / Job Running
[2026-07-09 06:31:21]   100% / Job Running
[2026-07-09 06:31:26]   100% / Job Running
[2026-07-09 06:31:32]   100% / Job Completed
[2026-07-09 06:31:33]   페이지 1: +149행 (누적 149행)
[2026-07-09 06:31:33] 광고세트 목표 조회: 21/21개
[2026-07-09 06:31:33] 완료: 149행 -> /home/runner/work/lalasweet-ad-dashboard/lalasweet-ad-dashboard/data/meta_raw_2026-07-09_2026-07-09.csv
[2026-07-09 07:28:31] [백필 모드] 수집 범위: 2026-07-09 ~ 2026-07-09
[2026-07-09 07:28:31] 수집 범위: 2026-07-09 ~ 2026-07-09 (1일)
[2026-07-09 07:28:33] 리포트 작업 생성: 4335895733295801
[2026-07-09 07:28:33]   0% / Job Not Started
[2026-07-09 07:28:39]   0% / Job Started
[2026-07-09 07:28:45]   0% / Job Started
[2026-07-09 07:28:51]   0% / Job Started
[2026-07-09 07:28:57]   0% / Job Started
[2026-07-09 07:29:02]   0% / Job Started
[2026-07-09 07:29:08]   0% / Job Started
[2026-07-09 07:29:14]   0% / Job Started
[2026-07-09 07:29:20]   0% / Job Started
[2026-07-09 07:29:26]   0% / Job Running
[2026-07-09 07:29:32]   63% / Job Running
[2026-07-09 07:29:37]   100% / Job Running
[2026-07-09 07:29:42]   100% / Job Completed
[2026-07-09 07:29:43]   페이지 1: +153행 (누적 153행)
[2026-07-09 07:29:44] 광고세트 목표 조회: 22/22개
[2026-07-09 07:29:44] 완료: 153행 -> /home/runner/work/lalasweet-ad-dashboard/lalasweet-ad-dashboard/data/meta_raw_2026-07-09_2026-07-09.csv
[2026-07-09 08:30:01] [백필 모드] 수집 범위: 2026-07-09 ~ 2026-07-09
[2026-07-09 08:30:01] 수집 범위: 2026-07-09 ~ 2026-07-09 (1일)
[2026-07-09 08:30:03] 리포트 작업 생성: 917445863967389
[2026-07-09 08:30:04]   0% / Job Not Started
[2026-07-09 08:30:10]   0% / Job Not Started
[2026-07-09 08:30:16]   0% / Job Started
[2026-07-09 08:30:22]   0% / Job Started
[2026-07-09 08:30:28]   0% / Job Started
[2026-07-09 08:30:34]   0% / Job Started
[2026-07-09 08:30:40]   0% / Job Started
[2026-07-09 08:30:47]   0% / Job Started
[2026-07-09 08:30:52]   0% / Job Running
[2026-07-09 08:30:57]   63% / Job Running
[2026-07-09 08:31:04]   100% / Job Running
[2026-07-09 08:31:10]   100% / Job Completed
[2026-07-09 08:31:13]   페이지 1: +157행 (누적 157행)
[2026-07-09 08:31:14] 광고세트 목표 조회: 22/22개
[2026-07-09 08:31:14] 완료: 157행 -> /home/runner/work/lalasweet-ad-dashboard/lalasweet-ad-dashboard/data/meta_raw_2026-07-09_2026-07-09.csv
[2026-07-09 09:29:02] [백필 모드] 수집 범위: 2026-07-09 ~ 2026-07-09
[2026-07-09 09:29:02] 수집 범위: 2026-07-09 ~ 2026-07-09 (1일)
[2026-07-09 09:29:03] 리포트 작업 생성: 27459095903775458
[2026-07-09 09:29:03]   0% / Job Not Started
[2026-07-09 09:29:09]   0% / Job Not Started
[2026-07-09 09:29:14]   0% / Job Started
[2026-07-09 09:29:19]   0% / Job Started
[2026-07-09 09:29:25]   0% / Job Started
[2026-07-09 09:29:30]   0% / Job Started
[2026-07-09 09:29:35]   0% / Job Started
[2026-07-09 09:29:40]   0% / Job Running
[2026-07-09 09:29:46]   0% / Job Running
[2026-07-09 09:29:51]   36% / Job Running
[2026-07-09 09:29:56]   100% / Job Running
[2026-07-09 09:30:02]   100% / Job Completed
[2026-07-09 09:30:02]   페이지 1: +158행 (누적 158행)
[2026-07-09 09:30:03] 광고세트 목표 조회: 22/22개
[2026-07-09 09:30:03] 완료: 158행 -> /home/runner/work/lalasweet-ad-dashboard/lalasweet-ad-dashboard/data/meta_raw_2026-07-09_2026-07-09.csv
[2026-07-09 10:32:23] [백필 모드] 수집 범위: 2026-07-09 ~ 2026-07-09
[2026-07-09 10:32:23] 수집 범위: 2026-07-09 ~ 2026-07-09 (1일)
[2026-07-09 10:32:24] 리포트 작업 생성: 2203698240407412
[2026-07-09 10:32:24]   0% / Job Not Started
[2026-07-09 10:32:30]   0% / Job Started
[2026-07-09 10:32:38]   0% / Job Started
[2026-07-09 10:32:43]   0% / Job Started
[2026-07-09 10:32:50]   0% / Job Started
[2026-07-09 10:32:56]   0% / Job Started
[2026-07-09 10:33:02]   0% / Job Started
[2026-07-09 10:33:08]   0% / Job Started
[2026-07-09 10:33:13]   0% / Job Started
[2026-07-09 10:33:19]   0% / Job Running
[2026-07-09 10:33:24]   63% / Job Running
[2026-07-09 10:33:29]   100% / Job Running
[2026-07-09 10:33:35]   100% / Job Running
[2026-07-09 10:33:40]   100% / Job Completed
[2026-07-09 10:33:41]   페이지 1: +159행 (누적 159행)
[2026-07-09 10:33:41] 광고세트 목표 조회: 22/22개
[2026-07-09 10:33:41] 완료: 159행 -> /home/runner/work/lalasweet-ad-dashboard/lalasweet-ad-dashboard/data/meta_raw_2026-07-09_2026-07-09.csv
[2026-07-09 10:39:48] 수집 범위: 2026-07-08 ~ 2026-07-08 (1일)
[2026-07-09 10:39:49] 리포트 작업 생성: 1715392893035351
[2026-07-09 10:39:50]   0% / Job Not Started
[2026-07-09 10:39:55]   0% / Job Started
[2026-07-09 10:40:00]   0% / Job Started
[2026-07-09 10:40:06]   0% / Job Started
[2026-07-09 10:40:11]   0% / Job Started
[2026-07-09 10:40:17]   0% / Job Running
[2026-07-09 10:40:22]   0% / Job Running
[2026-07-09 10:40:27]   100% / Job Running
[2026-07-09 10:40:33]   100% / Job Running
[2026-07-09 10:40:38]   100% / Job Completed
[2026-07-09 10:40:39]   페이지 1: +169행 (누적 169행)
[2026-07-09 10:40:40] 광고세트 목표 조회: 21/21개
[2026-07-09 10:40:40] 마지막 성공 날짜 갱신: 2026-07-08
[2026-07-09 10:40:40] 완료: 169행 -> /home/runner/work/lalasweet-ad-dashboard/lalasweet-ad-dashboard/data/meta_raw_2026-07-08_2026-07-08.csv
[2026-07-10 00:46:09] [백필 모드] 수집 범위: 2026-07-09 ~ 2026-07-09
[2026-07-10 00:46:09] 수집 범위: 2026-07-09 ~ 2026-07-09 (1일)
[2026-07-10 00:46:09] 리포트 작업 생성: 1497871658743456
[2026-07-10 00:46:09]   0% / Job Not Started
[2026-07-10 00:46:14]   0% / Job Not Started
[2026-07-10 00:46:19]   0% / Job Started
[2026-07-10 00:46:25]   0% / Job Started
[2026-07-10 00:46:30]   0% / Job Started
[2026-07-10 00:46:35]   0% / Job Started
[2026-07-10 00:46:40]   0% / Job Started
[2026-07-10 00:46:45]   0% / Job Started
[2026-07-10 00:46:50]   0% / Job Started
[2026-07-10 00:46:55]   0% / Job Started
[2026-07-10 00:47:01]   0% / Job Started
[2026-07-10 00:47:06]   0% / Job Running
[2026-07-10 00:47:11]   61% / Job Running
[2026-07-10 00:47:16]   100% / Job Running
[2026-07-10 00:47:21]   100% / Job Completed
[2026-07-10 00:47:22]   페이지 1: +175행 (누적 175행)
[2026-07-10 00:47:23] 광고세트 목표 조회: 22/22개
[2026-07-10 00:47:23] 완료: 175행 -> /home/runner/work/lalasweet-ad-dashboard/lalasweet-ad-dashboard/data/meta_raw_2026-07-09_2026-07-09.csv
[2026-07-10 00:56:28] [백필 모드] 수집 범위: 2026-07-10 ~ 2026-07-10
[2026-07-10 00:56:28] 수집 범위: 2026-07-10 ~ 2026-07-10 (1일)
[2026-07-10 00:56:29] 리포트 작업 생성: 1555917755942560
[2026-07-10 00:56:30]   0% / Job Not Started
[2026-07-10 00:56:35]   0% / Job Started
[2026-07-10 00:56:41]   0% / Job Started
[2026-07-10 00:56:47]   0% / Job Started
[2026-07-10 00:56:52]   0% / Job Started
[2026-07-10 00:56:57]   0% / Job Started
[2026-07-10 00:57:03]   0% / Job Started
[2026-07-10 00:57:08]   0% / Job Started
[2026-07-10 00:57:13]   0% / Job Started
[2026-07-10 00:57:18]   0% / Job Running
[2026-07-10 00:57:24]   0% / Job Running
[2026-07-10 00:57:29]   65% / Job Running
[2026-07-10 00:57:34]   100% / Job Running
[2026-07-10 00:57:40]   100% / Job Completed
[2026-07-10 00:57:40]   페이지 1: +94행 (누적 94행)
[2026-07-10 00:57:40] 광고세트 목표 조회: 20/20개
[2026-07-10 00:57:40] 완료: 94행 -> /home/runner/work/lalasweet-ad-dashboard/lalasweet-ad-dashboard/data/meta_raw_2026-07-10_2026-07-10.csv
[2026-07-10 01:26:11] [백필 모드] 수집 범위: 2026-07-10 ~ 2026-07-10
[2026-07-10 01:26:11] 수집 범위: 2026-07-10 ~ 2026-07-10 (1일)
[2026-07-10 01:26:11] 리포트 작업 생성: 1512591130126742
[2026-07-10 01:26:12]   0% / Job Not Started
[2026-07-10 01:26:17]   0% / Job Not Started
[2026-07-10 01:26:22]   0% / Job Started
[2026-07-10 01:26:27]   0% / Job Started
[2026-07-10 01:26:33]   0% / Job Started
[2026-07-10 01:26:39]   0% / Job Started
[2026-07-10 01:26:45]   0% / Job Running
[2026-07-10 01:26:51]   65% / Job Running
[2026-07-10 01:26:57]   100% / Job Running
[2026-07-10 01:27:03]   100% / Job Running
[2026-07-10 01:27:09]   100% / Job Completed
[2026-07-10 01:27:11]   페이지 1: +96행 (누적 96행)
[2026-07-10 01:27:11] 광고세트 목표 조회: 20/20개
[2026-07-10 01:27:11] 완료: 96행 -> /home/runner/work/lalasweet-ad-dashboard/lalasweet-ad-dashboard/data/meta_raw_2026-07-10_2026-07-10.csv
[2026-07-10 02:02:41] [백필 모드] 수집 범위: 2026-07-10 ~ 2026-07-10
[2026-07-10 02:02:41] 수집 범위: 2026-07-10 ~ 2026-07-10 (1일)
[2026-07-10 02:02:42] 리포트 작업 생성: 1015825734499860
[2026-07-10 02:02:42]   0% / Job Not Started
[2026-07-10 02:02:47]   0% / Job Not Started
[2026-07-10 02:02:52]   0% / Job Not Started
[2026-07-10 02:02:58]   0% / Job Started
[2026-07-10 02:03:03]   0% / Job Started
[2026-07-10 02:03:08]   0% / Job Started
[2026-07-10 02:03:13]   0% / Job Started
[2026-07-10 02:03:19]   0% / Job Started
[2026-07-10 02:03:24]   0% / Job Started
[2026-07-10 02:03:29]   0% / Job Started
[2026-07-10 02:03:34]   0% / Job Running
[2026-07-10 02:03:39]   65% / Job Running
[2026-07-10 02:03:46]   100% / Job Running
[2026-07-10 02:03:52]   100% / Job Running
[2026-07-10 02:03:58]   100% / Job Completed
[2026-07-10 02:03:59]   페이지 1: +97행 (누적 97행)
[2026-07-10 02:04:00] 광고세트 목표 조회: 20/20개
[2026-07-10 02:04:00] 완료: 97행 -> /home/runner/work/lalasweet-ad-dashboard/lalasweet-ad-dashboard/data/meta_raw_2026-07-10_2026-07-10.csv
[2026-07-10 02:12:51] [백필 모드] 수집 범위: 2026-07-09 ~ 2026-07-09
[2026-07-10 02:12:51] 수집 범위: 2026-07-09 ~ 2026-07-09 (1일)
[2026-07-10 02:12:52] 리포트 작업 생성: 1928711761123746
[2026-07-10 02:12:53]   0% / Job Not Started
[2026-07-10 02:12:59]   0% / Job Started
[2026-07-10 02:13:04]   0% / Job Started
[2026-07-10 02:13:09]   0% / Job Started
[2026-07-10 02:13:15]   0% / Job Started
[2026-07-10 02:13:20]   0% / Job Started
[2026-07-10 02:13:26]   0% / Job Started
[2026-07-10 02:13:31]   0% / Job Running
[2026-07-10 02:13:37]   63% / Job Running
[2026-07-10 02:13:42]   100% / Job Running
[2026-07-10 02:13:48]   100% / Job Completed
[2026-07-10 02:13:49]   페이지 1: +175행 (누적 175행)
[2026-07-10 02:13:49] 광고세트 목표 조회: 22/22개
[2026-07-10 02:13:49] 완료: 175행 -> /home/runner/work/lalasweet-ad-dashboard/lalasweet-ad-dashboard/data/meta_raw_2026-07-09_2026-07-09.csv
[2026-07-10 02:30:48] [백필 모드] 수집 범위: 2026-07-10 ~ 2026-07-10
[2026-07-10 02:30:48] 수집 범위: 2026-07-10 ~ 2026-07-10 (1일)
[2026-07-10 02:30:48] 리포트 작업 생성: 1544671750535949
[2026-07-10 02:30:49]   0% / Job Not Started
[2026-07-10 02:30:54]   0% / Job Not Started
[2026-07-10 02:30:59]   0% / Job Started
[2026-07-10 02:31:04]   0% / Job Started
[2026-07-10 02:31:09]   0% / Job Started
[2026-07-10 02:31:16]   0% / Job Started
[2026-07-10 02:31:21]   0% / Job Started
[2026-07-10 02:31:26]   0% / Job Started
[2026-07-10 02:31:31]   0% / Job Started
[2026-07-10 02:31:36]   0% / Job Started
[2026-07-10 02:31:42]   0% / Job Started
[2026-07-10 02:31:47]   0% / Job Started
[2026-07-10 02:31:52]   0% / Job Running
[2026-07-10 02:31:57]   65% / Job Running
[2026-07-10 02:32:02]   100% / Job Running
[2026-07-10 02:32:08]   100% / Job Completed
[2026-07-10 02:32:08]   페이지 1: +99행 (누적 99행)
[2026-07-10 02:32:09] 광고세트 목표 조회: 20/20개
[2026-07-10 02:32:09] 완료: 99행 -> /home/runner/work/lalasweet-ad-dashboard/lalasweet-ad-dashboard/data/meta_raw_2026-07-10_2026-07-10.csv
[2026-07-10 03:08:26] [백필 모드] 수집 범위: 2026-07-10 ~ 2026-07-10
[2026-07-10 03:08:26] 수집 범위: 2026-07-10 ~ 2026-07-10 (1일)
[2026-07-10 03:08:26] 리포트 작업 생성: 1031774779341730
[2026-07-10 03:08:26]   0% / Job Not Started
[2026-07-10 03:08:31]   0% / Job Started
[2026-07-10 03:08:37]   0% / Job Started
[2026-07-10 03:08:42]   0% / Job Started
[2026-07-10 03:08:47]   0% / Job Started
[2026-07-10 03:08:52]   0% / Job Started
[2026-07-10 03:08:57]   0% / Job Started
[2026-07-10 03:09:03]   0% / Job Started
[2026-07-10 03:09:08]   0% / Job Started
[2026-07-10 03:09:13]   0% / Job Running
[2026-07-10 03:09:18]   65% / Job Running
[2026-07-10 03:09:23]   100% / Job Running
[2026-07-10 03:09:29]   100% / Job Running
[2026-07-10 03:09:34]   100% / Job Completed
[2026-07-10 03:09:34]   페이지 1: +99행 (누적 99행)
[2026-07-10 03:09:35] 광고세트 목표 조회: 20/20개
[2026-07-10 03:09:35] 완료: 99행 -> /home/runner/work/lalasweet-ad-dashboard/lalasweet-ad-dashboard/data/meta_raw_2026-07-10_2026-07-10.csv
[2026-07-10 03:27:51] [백필 모드] 수집 범위: 2026-07-10 ~ 2026-07-10
[2026-07-10 03:27:51] 수집 범위: 2026-07-10 ~ 2026-07-10 (1일)
[2026-07-10 03:27:52] 리포트 작업 생성: 998026149736269
[2026-07-10 03:27:52]   0% / Job Not Started
[2026-07-10 03:27:57]   0% / Job Not Started
[2026-07-10 03:28:02]   0% / Job Started
[2026-07-10 03:28:08]   0% / Job Started
[2026-07-10 03:28:13]   0% / Job Started
[2026-07-10 03:28:19]   0% / Job Started
[2026-07-10 03:28:24]   0% / Job Started
[2026-07-10 03:28:29]   0% / Job Started
[2026-07-10 03:28:34]   0% / Job Started
[2026-07-10 03:28:40]   0% / Job Running
[2026-07-10 03:28:45]   0% / Job Running
[2026-07-10 03:28:50]   65% / Job Running
[2026-07-10 03:28:55]   100% / Job Running
[2026-07-10 03:29:00]   100% / Job Completed
[2026-07-10 03:29:01]   페이지 1: +99행 (누적 99행)
[2026-07-10 03:29:02] 광고세트 목표 조회: 20/20개
[2026-07-10 03:29:02] 완료: 99행 -> /home/runner/work/lalasweet-ad-dashboard/lalasweet-ad-dashboard/data/meta_raw_2026-07-10_2026-07-10.csv
[2026-07-10 04:37:18] [백필 모드] 수집 범위: 2026-07-10 ~ 2026-07-10
[2026-07-10 04:37:18] 수집 범위: 2026-07-10 ~ 2026-07-10 (1일)
[2026-07-10 04:37:19] 리포트 작업 생성: 1379734857361175
[2026-07-10 04:37:19]   0% / Job Not Started
[2026-07-10 04:37:24]   0% / Job Started
[2026-07-10 04:37:31]   0% / Job Started
[2026-07-10 04:37:36]   0% / Job Started
[2026-07-10 04:37:42]   0% / Job Started
[2026-07-10 04:37:48]   0% / Job Started
[2026-07-10 04:37:54]   0% / Job Started
[2026-07-10 04:37:59]   0% / Job Started
[2026-07-10 04:38:04]   0% / Job Started
[2026-07-10 04:38:09]   0% / Job Started
[2026-07-10 04:38:15]   0% / Job Started
[2026-07-10 04:38:20]   0% / Job Started
[2026-07-10 04:38:26]   0% / Job Started
[2026-07-10 04:38:31]   0% / Job Running
[2026-07-10 04:38:36]   0% / Job Running
[2026-07-10 04:38:42]   65% / Job Running
[2026-07-10 04:38:47]   100% / Job Running
[2026-07-10 04:38:52]   100% / Job Completed
[2026-07-10 04:38:53]   페이지 1: +100행 (누적 100행)
[2026-07-10 04:38:53] 광고세트 목표 조회: 20/20개
[2026-07-10 04:38:54] 완료: 100행 -> /home/runner/work/lalasweet-ad-dashboard/lalasweet-ad-dashboard/data/meta_raw_2026-07-10_2026-07-10.csv
[2026-07-10 05:27:38] [백필 모드] 수집 범위: 2026-07-10 ~ 2026-07-10
[2026-07-10 05:27:38] 수집 범위: 2026-07-10 ~ 2026-07-10 (1일)
[2026-07-10 05:27:39] 리포트 작업 생성: 980643038268408
[2026-07-10 05:27:40]   0% / Job Not Started
[2026-07-10 05:27:46]   0% / Job Started
[2026-07-10 05:27:52]   0% / Job Started
[2026-07-10 05:27:58]   0% / Job Started
[2026-07-10 05:28:04]   0% / Job Started
[2026-07-10 05:28:10]   0% / Job Started
[2026-07-10 05:28:16]   0% / Job Started
[2026-07-10 05:28:23]   0% / Job Started
[2026-07-10 05:28:29]   0% / Job Started
[2026-07-10 05:28:35]   0% / Job Running
[2026-07-10 05:28:40]   65% / Job Running
[2026-07-10 05:28:45]   100% / Job Running
[2026-07-10 05:28:50]   100% / Job Running
[2026-07-10 05:28:56]   100% / Job Completed
[2026-07-10 05:28:56]   페이지 1: +105행 (누적 105행)
[2026-07-10 05:28:56] 광고세트 목표 조회: 20/20개
[2026-07-10 05:28:56] 완료: 105행 -> /home/runner/work/lalasweet-ad-dashboard/lalasweet-ad-dashboard/data/meta_raw_2026-07-10_2026-07-10.csv
[2026-07-10 06:37:34] [백필 모드] 수집 범위: 2026-07-10 ~ 2026-07-10
[2026-07-10 06:37:34] 수집 범위: 2026-07-10 ~ 2026-07-10 (1일)
[2026-07-10 06:37:34] 리포트 작업 생성: 995519746680910
[2026-07-10 06:37:35]   0% / Job Not Started
[2026-07-10 06:37:40]   0% / Job Started
[2026-07-10 06:37:45]   0% / Job Started
[2026-07-10 06:37:50]   0% / Job Started
[2026-07-10 06:37:56]   0% / Job Started
[2026-07-10 06:38:01]   0% / Job Started
[2026-07-10 06:38:06]   0% / Job Running
[2026-07-10 06:38:13]   63% / Job Running
[2026-07-10 06:38:18]   100% / Job Running
[2026-07-10 06:38:24]   100% / Job Completed
[2026-07-10 06:38:24]   페이지 1: +106행 (누적 106행)
[2026-07-10 06:38:25] 광고세트 목표 조회: 20/20개
[2026-07-10 06:38:25] 완료: 106행 -> /home/runner/work/lalasweet-ad-dashboard/lalasweet-ad-dashboard/data/meta_raw_2026-07-10_2026-07-10.csv
[2026-07-10 07:43:00] [백필 모드] 수집 범위: 2026-07-10 ~ 2026-07-10
[2026-07-10 07:43:00] 수집 범위: 2026-07-10 ~ 2026-07-10 (1일)
[2026-07-10 07:43:01] 리포트 작업 생성: 1551323373129780
[2026-07-10 07:43:01]   0% / Job Not Started
[2026-07-10 07:43:06]   0% / Job Started
[2026-07-10 07:43:11]   0% / Job Started
[2026-07-10 07:43:16]   0% / Job Started
[2026-07-10 07:43:22]   0% / Job Started
[2026-07-10 07:43:27]   0% / Job Started
[2026-07-10 07:43:32]   0% / Job Started
[2026-07-10 07:43:37]   0% / Job Running
[2026-07-10 07:43:42]   0% / Job Running
[2026-07-10 07:43:47]   63% / Job Running
[2026-07-10 07:43:53]   100% / Job Running
[2026-07-10 07:43:58]   100% / Job Completed
[2026-07-10 07:43:58]   페이지 1: +107행 (누적 107행)
[2026-07-10 07:43:59] 광고세트 목표 조회: 20/20개
[2026-07-10 07:43:59] 완료: 107행 -> /home/runner/work/lalasweet-ad-dashboard/lalasweet-ad-dashboard/data/meta_raw_2026-07-10_2026-07-10.csv
[2026-07-10 07:54:45] [백필 모드] 수집 범위: 2026-07-10 ~ 2026-07-10
[2026-07-10 07:54:45] 수집 범위: 2026-07-10 ~ 2026-07-10 (1일)
[2026-07-10 07:54:46] 리포트 작업 생성: 1622254666085798
[2026-07-10 07:54:46]   0% / Job Not Started
[2026-07-10 07:54:51]   0% / Job Started
[2026-07-10 07:54:56]   0% / Job Started
[2026-07-10 07:55:01]   0% / Job Started
[2026-07-10 07:55:06]   0% / Job Started
[2026-07-10 07:55:12]   0% / Job Running
[2026-07-10 07:55:17]   63% / Job Running
[2026-07-10 07:55:22]   100% / Job Running
[2026-07-10 07:55:27]   100% / Job Completed
[2026-07-10 07:55:28]   페이지 1: +107행 (누적 107행)
[2026-07-10 07:55:28] 광고세트 목표 조회: 20/20개
[2026-07-10 07:55:29] 완료: 107행 -> /home/runner/work/lalasweet-ad-dashboard/lalasweet-ad-dashboard/data/meta_raw_2026-07-10_2026-07-10.csv
[2026-07-10 08:45:32] [백필 모드] 수집 범위: 2026-07-10 ~ 2026-07-10
[2026-07-10 08:45:32] 수집 범위: 2026-07-10 ~ 2026-07-10 (1일)
[2026-07-10 08:45:33] 리포트 작업 생성: 1747851026410484
[2026-07-10 08:45:33]   0% / Job Not Started
[2026-07-10 08:45:38]   0% / Job Started
[2026-07-10 08:45:43]   0% / Job Started
[2026-07-10 08:45:49]   0% / Job Started
[2026-07-10 08:45:54]   0% / Job Started
[2026-07-10 08:45:59]   0% / Job Started
[2026-07-10 08:46:04]   0% / Job Started
[2026-07-10 08:46:10]   0% / Job Started
[2026-07-10 08:46:15]   0% / Job Started
[2026-07-10 08:46:20]   0% / Job Running
[2026-07-10 08:46:26]   63% / Job Running
[2026-07-10 08:46:31]   100% / Job Running
[2026-07-10 08:46:36]   100% / Job Running
[2026-07-10 08:46:41]   100% / Job Completed
[2026-07-10 08:46:42]   페이지 1: +113행 (누적 113행)
[2026-07-10 08:46:42] 광고세트 목표 조회: 21/21개
[2026-07-10 08:46:42] 완료: 113행 -> /home/runner/work/lalasweet-ad-dashboard/lalasweet-ad-dashboard/data/meta_raw_2026-07-10_2026-07-10.csv
[2026-07-10 10:36:52] 수집 범위: 2026-07-09 ~ 2026-07-09 (1일)
[2026-07-10 10:36:52] 리포트 작업 생성: 1771452927175297
[2026-07-10 10:36:53]   0% / Job Not Started
[2026-07-10 10:36:58]   0% / Job Started
[2026-07-10 10:37:03]   0% / Job Started
[2026-07-10 10:37:08]   0% / Job Started
[2026-07-10 10:37:14]   0% / Job Started
[2026-07-10 10:37:19]   0% / Job Started
[2026-07-10 10:37:24]   0% / Job Started
[2026-07-10 10:37:29]   0% / Job Started
[2026-07-10 10:37:35]   0% / Job Started
[2026-07-10 10:37:40]   0% / Job Started
[2026-07-10 10:37:45]   0% / Job Running
[2026-07-10 10:37:50]   0% / Job Running
[2026-07-10 10:37:56]   63% / Job Running
[2026-07-10 10:38:01]   100% / Job Running
[2026-07-10 10:38:06]   100% / Job Completed
[2026-07-10 10:38:07]   페이지 1: +175행 (누적 175행)
[2026-07-10 10:38:08] 광고세트 목표 조회: 22/22개
[2026-07-10 10:38:08] 마지막 성공 날짜 갱신: 2026-07-09
[2026-07-10 10:38:08] 완료: 175행 -> /home/runner/work/lalasweet-ad-dashboard/lalasweet-ad-dashboard/data/meta_raw_2026-07-09_2026-07-09.csv
[2026-07-11 07:18:52] 수집 범위: 2026-07-10 ~ 2026-07-10 (1일)
[2026-07-11 07:18:53] 리포트 작업 생성: 2507263303093667
[2026-07-11 07:18:54]   0% / Job Not Started
[2026-07-11 07:18:59]   0% / Job Started
[2026-07-11 07:19:04]   0% / Job Started
[2026-07-11 07:19:10]   0% / Job Started
[2026-07-11 07:19:15]   0% / Job Started
[2026-07-11 07:19:20]   0% / Job Started
[2026-07-11 07:19:26]   0% / Job Started
[2026-07-11 07:19:31]   0% / Job Started
[2026-07-11 07:19:37]   0% / Job Running
[2026-07-11 07:19:42]   62% / Job Running
[2026-07-11 07:19:48]   100% / Job Running
[2026-07-11 07:19:53]   100% / Job Completed
[2026-07-11 07:19:54]   페이지 1: +147행 (누적 147행)
[2026-07-11 07:19:55] 광고세트 목표 조회: 25/25개
[2026-07-11 07:19:55] 마지막 성공 날짜 갱신: 2026-07-10
[2026-07-11 07:19:55] 완료: 147행 -> /home/runner/work/lalasweet-ad-dashboard/lalasweet-ad-dashboard/data/meta_raw_2026-07-10_2026-07-10.csv
[2026-07-11 11:55:31] [백필 모드] 수집 범위: 2026-07-10 ~ 2026-07-10
[2026-07-11 11:55:31] 수집 범위: 2026-07-10 ~ 2026-07-10 (1일)
[2026-07-11 11:55:31] 리포트 작업 생성: 3227826130754666
[2026-07-11 11:55:32]   0% / Job Not Started
[2026-07-11 11:55:37]   0% / Job Started
[2026-07-11 11:55:42]   0% / Job Started
[2026-07-11 11:55:47]   0% / Job Started
[2026-07-11 11:55:53]   0% / Job Started
[2026-07-11 11:55:58]   0% / Job Started
[2026-07-11 11:56:03]   0% / Job Started
[2026-07-11 11:56:08]   0% / Job Started
[2026-07-11 11:56:14]   0% / Job Started
[2026-07-11 11:56:19]   0% / Job Started
[2026-07-11 11:56:24]   0% / Job Started
[2026-07-11 11:56:29]   0% / Job Started
[2026-07-11 11:56:34]   0% / Job Running
[2026-07-11 11:56:39]   0% / Job Running
[2026-07-11 11:56:45]   62% / Job Running
[2026-07-11 11:56:50]   100% / Job Running
[2026-07-11 11:56:56]   100% / Job Running
[2026-07-11 11:57:01]   100% / Job Completed
[2026-07-11 11:57:02]   페이지 1: +147행 (누적 147행)
[2026-07-11 11:57:02] 광고세트 목표 조회: 25/25개
[2026-07-11 11:57:02] 완료: 147행 -> /home/runner/work/lalasweet-ad-dashboard/lalasweet-ad-dashboard/data/meta_raw_2026-07-10_2026-07-10.csv
[2026-07-11 12:14:49] [백필 모드] 수집 범위: 2026-07-11 ~ 2026-07-11
[2026-07-11 12:14:49] 수집 범위: 2026-07-11 ~ 2026-07-11 (1일)
[2026-07-11 12:14:50] 리포트 작업 생성: 1566422175070632
[2026-07-11 12:14:50]   0% / Job Not Started
[2026-07-11 12:14:56]   0% / Job Not Started
[2026-07-11 12:15:01]   0% / Job Started
[2026-07-11 12:15:06]   0% / Job Started
[2026-07-11 12:15:11]   0% / Job Started
[2026-07-11 12:15:17]   0% / Job Started
[2026-07-11 12:15:22]   0% / Job Started
[2026-07-11 12:15:27]   0% / Job Started
[2026-07-11 12:15:33]   0% / Job Started
[2026-07-11 12:15:38]   0% / Job Running
[2026-07-11 12:15:43]   69% / Job Running
[2026-07-11 12:15:49]   100% / Job Running
[2026-07-11 12:15:54]   100% / Job Running
[2026-07-11 12:15:59]   100% / Job Completed
[2026-07-11 12:16:00]   페이지 1: +130행 (누적 130행)
[2026-07-11 12:16:00] 광고세트 목표 조회: 24/24개
[2026-07-11 12:16:00] 완료: 130행 -> /home/runner/work/lalasweet-ad-dashboard/lalasweet-ad-dashboard/data/meta_raw_2026-07-11_2026-07-11.csv
[2026-07-11 12:40:40] [백필 모드] 수집 범위: 2026-07-11 ~ 2026-07-11
[2026-07-11 12:40:40] 수집 범위: 2026-07-11 ~ 2026-07-11 (1일)
[2026-07-11 12:40:40] 리포트 작업 생성: 1014735234639412
[2026-07-11 12:40:41]   0% / Job Not Started
[2026-07-11 12:40:46]   0% / Job Started
[2026-07-11 12:40:51]   0% / Job Started
[2026-07-11 12:40:57]   0% / Job Started
[2026-07-11 12:41:02]   0% / Job Started
[2026-07-11 12:41:07]   0% / Job Started
[2026-07-11 12:41:12]   0% / Job Started
[2026-07-11 12:41:18]   0% / Job Started
[2026-07-11 12:41:23]   0% / Job Started
[2026-07-11 12:41:28]   0% / Job Started
[2026-07-11 12:41:33]   0% / Job Running
[2026-07-11 12:41:39]   0% / Job Running
[2026-07-11 12:41:44]   69% / Job Running
[2026-07-11 12:41:49]   100% / Job Running
[2026-07-11 12:41:54]   100% / Job Running
[2026-07-11 12:42:00]   100% / Job Completed
[2026-07-11 12:42:00]   페이지 1: +130행 (누적 130행)
[2026-07-11 12:42:01] 광고세트 목표 조회: 24/24개
[2026-07-11 12:42:01] 완료: 130행 -> /home/runner/work/lalasweet-ad-dashboard/lalasweet-ad-dashboard/data/meta_raw_2026-07-11_2026-07-11.csv
[2026-07-11 13:33:02] [백필 모드] 수집 범위: 2026-07-11 ~ 2026-07-11
[2026-07-11 13:33:02] 수집 범위: 2026-07-11 ~ 2026-07-11 (1일)
[2026-07-11 13:33:03] 리포트 작업 생성: 1072672798662300
[2026-07-11 13:33:03]   0% / Job Not Started
[2026-07-11 13:33:09]   0% / Job Not Started
[2026-07-11 13:33:14]   0% / Job Started
[2026-07-11 13:33:19]   0% / Job Started
[2026-07-11 13:33:25]   0% / Job Started
[2026-07-11 13:33:30]   0% / Job Started
[2026-07-11 13:33:35]   0% / Job Started
[2026-07-11 13:33:40]   0% / Job Started
[2026-07-11 13:33:46]   0% / Job Started
[2026-07-11 13:33:51]   0% / Job Started
[2026-07-11 13:33:56]   0% / Job Started
[2026-07-11 13:34:01]   0% / Job Running
[2026-07-11 13:34:07]   69% / Job Running
[2026-07-11 13:34:12]   100% / Job Running
[2026-07-11 13:34:17]   100% / Job Running
[2026-07-11 13:34:23]   100% / Job Completed
[2026-07-11 13:34:23]   페이지 1: +130행 (누적 130행)
[2026-07-11 13:34:24] 광고세트 목표 조회: 24/24개
[2026-07-11 13:34:24] 완료: 130행 -> /home/runner/work/lalasweet-ad-dashboard/lalasweet-ad-dashboard/data/meta_raw_2026-07-11_2026-07-11.csv
[2026-07-11 14:36:18] [백필 모드] 수집 범위: 2026-07-11 ~ 2026-07-11
[2026-07-11 14:36:18] 수집 범위: 2026-07-11 ~ 2026-07-11 (1일)
[2026-07-11 14:36:19] 리포트 작업 생성: 4595013614114694
[2026-07-11 14:36:20]   0% / Job Not Started
[2026-07-11 14:36:26]   0% / Job Started
[2026-07-11 14:36:31]   0% / Job Started
[2026-07-11 14:36:37]   0% / Job Started
[2026-07-11 14:36:42]   0% / Job Started
[2026-07-11 14:36:48]   0% / Job Started
[2026-07-11 14:36:53]   0% / Job Started
[2026-07-11 14:36:59]   0% / Job Started
[2026-07-11 14:37:04]   0% / Job Started
[2026-07-11 14:37:10]   0% / Job Started
[2026-07-11 14:37:15]   0% / Job Started
[2026-07-11 14:37:20]   0% / Job Started
[2026-07-11 14:37:26]   0% / Job Started
[2026-07-11 14:37:31]   0% / Job Started
[2026-07-11 14:37:37]   0% / Job Running
[2026-07-11 14:37:42]   0% / Job Running
[2026-07-11 14:37:48]   69% / Job Running
[2026-07-11 14:37:53]   100% / Job Running
[2026-07-11 14:37:59]   100% / Job Completed
[2026-07-11 14:38:00]   페이지 1: +130행 (누적 130행)
[2026-07-11 14:38:01] 광고세트 목표 조회: 24/24개
[2026-07-11 14:38:01] 완료: 130행 -> /home/runner/work/lalasweet-ad-dashboard/lalasweet-ad-dashboard/data/meta_raw_2026-07-11_2026-07-11.csv
[2026-07-12 00:28:05] [백필 모드] 수집 범위: 2026-07-12 ~ 2026-07-12
[2026-07-12 00:28:05] 수집 범위: 2026-07-12 ~ 2026-07-12 (1일)
[2026-07-12 00:28:05] 리포트 작업 생성: 1543962543889233
[2026-07-12 00:28:06]   0% / Job Not Started
[2026-07-12 00:28:11]   0% / Job Started
[2026-07-12 00:28:16]   0% / Job Started
[2026-07-12 00:28:22]   0% / Job Started
[2026-07-12 00:28:27]   0% / Job Started
[2026-07-12 00:28:32]   0% / Job Started
[2026-07-12 00:28:37]   0% / Job Started
[2026-07-12 00:28:43]   0% / Job Started
[2026-07-12 00:28:48]   0% / Job Started
[2026-07-12 00:28:53]   0% / Job Started
[2026-07-12 00:28:58]   0% / Job Started
[2026-07-12 00:29:03]   0% / Job Running
[2026-07-12 00:29:09]   67% / Job Running
[2026-07-12 00:29:14]   100% / Job Running
[2026-07-12 00:29:19]   100% / Job Running
[2026-07-12 00:29:24]   100% / Job Completed
[2026-07-12 00:29:25]   페이지 1: +72행 (누적 72행)
[2026-07-12 00:29:25] 광고세트 목표 조회: 16/16개
[2026-07-12 00:29:25] 완료: 72행 -> /home/runner/work/lalasweet-ad-dashboard/lalasweet-ad-dashboard/data/meta_raw_2026-07-12_2026-07-12.csv
[2026-07-12 02:19:48] [백필 모드] 수집 범위: 2026-07-11 ~ 2026-07-11
[2026-07-12 02:19:48] 수집 범위: 2026-07-11 ~ 2026-07-11 (1일)
[2026-07-12 02:19:48] 리포트 작업 생성: 1570355847780614
[2026-07-12 02:19:49]   0% / Job Not Started
[2026-07-12 02:19:54]   0% / Job Started
[2026-07-12 02:19:59]   0% / Job Started
[2026-07-12 02:20:05]   0% / Job Started
[2026-07-12 02:20:10]   0% / Job Started
[2026-07-12 02:20:15]   0% / Job Started
[2026-07-12 02:20:20]   0% / Job Running
[2026-07-12 02:20:26]   69% / Job Running
[2026-07-12 02:20:31]   100% / Job Running
[2026-07-12 02:20:36]   100% / Job Running
[2026-07-12 02:20:42]   100% / Job Completed
[2026-07-12 02:20:43]   페이지 1: +130행 (누적 130행)
[2026-07-12 02:20:43] 광고세트 목표 조회: 24/24개
[2026-07-12 02:20:43] 완료: 130행 -> /home/runner/work/lalasweet-ad-dashboard/lalasweet-ad-dashboard/data/meta_raw_2026-07-11_2026-07-11.csv
[2026-07-12 04:13:26] [백필 모드] 수집 범위: 2026-07-12 ~ 2026-07-12
[2026-07-12 04:13:26] 수집 범위: 2026-07-12 ~ 2026-07-12 (1일)
[2026-07-12 04:13:26] 리포트 작업 생성: 1372344574821634
[2026-07-12 04:13:26]   0% / Job Not Started
[2026-07-12 04:13:32]   0% / Job Not Started
[2026-07-12 04:13:37]   0% / Job Started
[2026-07-12 04:13:42]   0% / Job Started
[2026-07-12 04:13:47]   0% / Job Started
[2026-07-12 04:13:52]   0% / Job Started
[2026-07-12 04:13:58]   0% / Job Started
[2026-07-12 04:14:03]   0% / Job Started
[2026-07-12 04:14:08]   0% / Job Running
[2026-07-12 04:14:14]   69% / Job Running
[2026-07-12 04:14:19]   100% / Job Running
[2026-07-12 04:14:24]   100% / Job Running
[2026-07-12 04:14:29]   100% / Job Completed
[2026-07-12 04:14:30]   페이지 1: +78행 (누적 78행)
[2026-07-12 04:14:30] 광고세트 목표 조회: 16/16개
[2026-07-12 04:14:30] 완료: 78행 -> /home/runner/work/lalasweet-ad-dashboard/lalasweet-ad-dashboard/data/meta_raw_2026-07-12_2026-07-12.csv
[2026-07-12 07:38:57] 수집 범위: 2026-07-11 ~ 2026-07-11 (1일)
[2026-07-12 07:38:58] 리포트 작업 생성: 1023118990475006
[2026-07-12 07:38:58]   0% / Job Not Started
[2026-07-12 07:39:04]   0% / Job Not Started
[2026-07-12 07:39:09]   0% / Job Not Started
[2026-07-12 07:39:14]   0% / Job Started
[2026-07-12 07:39:19]   0% / Job Started
[2026-07-12 07:39:25]   0% / Job Started
[2026-07-12 07:39:30]   0% / Job Started
[2026-07-12 07:39:35]   0% / Job Started
[2026-07-12 07:39:40]   0% / Job Started
[2026-07-12 07:39:46]   0% / Job Started
[2026-07-12 07:39:51]   0% / Job Started
[2026-07-12 07:39:56]   0% / Job Running
[2026-07-12 07:40:01]   69% / Job Running
[2026-07-12 07:40:07]   100% / Job Running
[2026-07-12 07:40:12]   100% / Job Completed
[2026-07-12 07:40:13]   페이지 1: +130행 (누적 130행)
[2026-07-12 07:40:13] 광고세트 목표 조회: 24/24개
[2026-07-12 07:40:13] 마지막 성공 날짜 갱신: 2026-07-11
[2026-07-12 07:40:13] 완료: 130행 -> /home/runner/work/lalasweet-ad-dashboard/lalasweet-ad-dashboard/data/meta_raw_2026-07-11_2026-07-11.csv
[2026-07-12 23:43:55] [백필 모드] 수집 범위: 2026-07-12 ~ 2026-07-12
[2026-07-12 23:43:55] 수집 범위: 2026-07-12 ~ 2026-07-12 (1일)
[2026-07-12 23:43:56] 리포트 작업 생성: 36801316879514898
[2026-07-12 23:43:56]   0% / Job Not Started
[2026-07-12 23:44:01]   0% / Job Not Started
[2026-07-12 23:44:07]   0% / Job Not Started
[2026-07-12 23:44:12]   0% / Job Not Started
[2026-07-12 23:44:17]   0% / Job Not Started
[2026-07-12 23:44:22]   0% / Job Not Started
[2026-07-12 23:44:28]   0% / Job Not Started
[2026-07-12 23:44:33]   0% / Job Not Started
[2026-07-12 23:44:38]   0% / Job Not Started
[2026-07-12 23:44:43]   0% / Job Not Started
[2026-07-12 23:44:49]   0% / Job Not Started
[2026-07-12 23:44:54]   0% / Job Started
[2026-07-12 23:44:59]   0% / Job Started
[2026-07-12 23:45:05]   0% / Job Started
[2026-07-12 23:45:10]   0% / Job Started
[2026-07-12 23:45:15]   0% / Job Started
[2026-07-12 23:45:20]   0% / Job Started
[2026-07-12 23:45:26]   0% / Job Started
[2026-07-12 23:45:31]   0% / Job Started
[2026-07-12 23:45:37]   0% / Job Running
[2026-07-12 23:45:42]   69% / Job Running
[2026-07-12 23:45:47]   100% / Job Running
[2026-07-12 23:45:52]   100% / Job Running
[2026-07-12 23:45:58]   100% / Job Completed
[2026-07-12 23:45:58]   페이지 1: +84행 (누적 84행)
[2026-07-12 23:45:59] 광고세트 목표 조회: 16/16개
[2026-07-12 23:45:59] 완료: 84행 -> /home/runner/work/lalasweet-ad-dashboard/lalasweet-ad-dashboard/data/meta_raw_2026-07-12_2026-07-12.csv
[2026-07-12 23:57:43] [백필 모드] 수집 범위: 2026-07-13 ~ 2026-07-13
[2026-07-12 23:57:43] 수집 범위: 2026-07-13 ~ 2026-07-13 (1일)
[2026-07-12 23:57:44] 리포트 작업 생성: 893003389951062
[2026-07-12 23:57:44]   0% / Job Not Started
[2026-07-12 23:57:49]   0% / Job Not Started
[2026-07-12 23:57:54]   0% / Job Started
[2026-07-12 23:57:59]   0% / Job Started
[2026-07-12 23:58:05]   0% / Job Started
[2026-07-12 23:58:10]   0% / Job Started
[2026-07-12 23:58:15]   0% / Job Started
[2026-07-12 23:58:20]   0% / Job Started
[2026-07-12 23:58:25]   0% / Job Running
[2026-07-12 23:58:30]   0% / Job Running
[2026-07-12 23:58:35]   73% / Job Running
[2026-07-12 23:58:41]   100% / Job Running
[2026-07-12 23:58:46]   100% / Job Completed
[2026-07-12 23:58:46]   페이지 1: +66행 (누적 66행)
[2026-07-12 23:58:46] 광고세트 목표 조회: 18/18개
[2026-07-12 23:58:46] 완료: 66행 -> /home/runner/work/lalasweet-ad-dashboard/lalasweet-ad-dashboard/data/meta_raw_2026-07-13_2026-07-13.csv
[2026-07-13 00:01:59] 수집 범위: 2026-07-12 ~ 2026-07-12 (1일)
[2026-07-13 00:02:00] 리포트 작업 생성: 2232908197509868
[2026-07-13 00:02:00]   0% / Job Not Started
[2026-07-13 00:02:05]   0% / Job Not Started
[2026-07-13 00:02:11]   0% / Job Started
[2026-07-13 00:02:16]   0% / Job Started
[2026-07-13 00:02:21]   0% / Job Started
[2026-07-13 00:02:26]   0% / Job Started
[2026-07-13 00:02:32]   0% / Job Started
[2026-07-13 00:02:37]   0% / Job Started
[2026-07-13 00:02:42]   0% / Job Running
[2026-07-13 00:02:47]   69% / Job Running
[2026-07-13 00:02:53]   100% / Job Running
[2026-07-13 00:02:58]   100% / Job Completed
[2026-07-13 00:02:59]   페이지 1: +84행 (누적 84행)
[2026-07-13 00:02:59] 광고세트 목표 조회: 16/16개
[2026-07-13 00:02:59] 마지막 성공 날짜 갱신: 2026-07-12
[2026-07-13 00:02:59] 완료: 84행 -> /home/runner/work/lalasweet-ad-dashboard/lalasweet-ad-dashboard/data/meta_raw_2026-07-12_2026-07-12.csv
[2026-07-13 01:01:25] [백필 모드] 수집 범위: 2026-07-13 ~ 2026-07-13
[2026-07-13 01:01:25] 수집 범위: 2026-07-13 ~ 2026-07-13 (1일)
[2026-07-13 01:01:26] 리포트 작업 생성: 1058234210233746
[2026-07-13 01:01:26]   0% / Job Not Started
[2026-07-13 01:01:31]   0% / Job Not Started
[2026-07-13 01:01:36]   0% / Job Started
[2026-07-13 01:01:41]   0% / Job Started
[2026-07-13 01:01:47]   0% / Job Started
[2026-07-13 01:01:52]   0% / Job Started
[2026-07-13 01:01:57]   0% / Job Started
[2026-07-13 01:02:02]   0% / Job Started
[2026-07-13 01:02:08]   0% / Job Started
[2026-07-13 01:02:13]   0% / Job Running
[2026-07-13 01:02:18]   73% / Job Running
[2026-07-13 01:02:23]   100% / Job Running
[2026-07-13 01:02:28]   100% / Job Completed
[2026-07-13 01:02:29]   페이지 1: +66행 (누적 66행)
[2026-07-13 01:02:29] 광고세트 목표 조회: 18/18개
[2026-07-13 01:02:29] 완료: 66행 -> /home/runner/work/lalasweet-ad-dashboard/lalasweet-ad-dashboard/data/meta_raw_2026-07-13_2026-07-13.csv
[2026-07-13 01:09:03] [백필 모드] 수집 범위: 2026-07-12 ~ 2026-07-12
[2026-07-13 01:09:03] 수집 범위: 2026-07-12 ~ 2026-07-12 (1일)
[2026-07-13 01:09:04] 리포트 작업 생성: 1384614000227380
[2026-07-13 01:09:04]   0% / Job Not Started
[2026-07-13 01:09:10]   0% / Job Started
[2026-07-13 01:09:15]   0% / Job Started
[2026-07-13 01:09:20]   0% / Job Started
[2026-07-13 01:09:25]   0% / Job Started
[2026-07-13 01:09:31]   0% / Job Running
[2026-07-13 01:09:36]   69% / Job Running
[2026-07-13 01:09:41]   100% / Job Running
[2026-07-13 01:09:46]   100% / Job Running
[2026-07-13 01:09:52]   100% / Job Completed
[2026-07-13 01:09:53]   페이지 1: +84행 (누적 84행)
[2026-07-13 01:09:54] 광고세트 목표 조회: 16/16개
[2026-07-13 01:09:54] 완료: 84행 -> /home/runner/work/lalasweet-ad-dashboard/lalasweet-ad-dashboard/data/meta_raw_2026-07-12_2026-07-12.csv
[2026-07-13 02:03:36] [백필 모드] 수집 범위: 2026-07-13 ~ 2026-07-13
[2026-07-13 02:03:36] 수집 범위: 2026-07-13 ~ 2026-07-13 (1일)
[2026-07-13 02:03:36] 리포트 작업 생성: 1250981810333994
[2026-07-13 02:03:36]   0% / Job Not Started
[2026-07-13 02:03:41]   0% / Job Not Started
[2026-07-13 02:03:47]   0% / Job Not Started
[2026-07-13 02:03:52]   0% / Job Started
[2026-07-13 02:03:57]   0% / Job Started
[2026-07-13 02:04:02]   0% / Job Started
[2026-07-13 02:04:07]   0% / Job Started
[2026-07-13 02:04:13]   0% / Job Started
[2026-07-13 02:04:18]   0% / Job Started
[2026-07-13 02:04:23]   0% / Job Started
[2026-07-13 02:04:28]   0% / Job Started
[2026-07-13 02:04:33]   0% / Job Running
[2026-07-13 02:04:39]   73% / Job Running
[2026-07-13 02:04:44]   100% / Job Running
[2026-07-13 02:04:49]   100% / Job Completed
[2026-07-13 02:04:50]   페이지 1: +67행 (누적 67행)
[2026-07-13 02:04:50] 광고세트 목표 조회: 19/19개
[2026-07-13 02:04:50] 완료: 67행 -> /home/runner/work/lalasweet-ad-dashboard/lalasweet-ad-dashboard/data/meta_raw_2026-07-13_2026-07-13.csv
[2026-07-13 03:05:44] [백필 모드] 수집 범위: 2026-07-13 ~ 2026-07-13
[2026-07-13 03:05:44] 수집 범위: 2026-07-13 ~ 2026-07-13 (1일)
[2026-07-13 03:05:44] 리포트 작업 생성: 1590659685993358
[2026-07-13 03:05:45]   0% / Job Not Started
[2026-07-13 03:05:50]   0% / Job Not Started
[2026-07-13 03:05:56]   0% / Job Not Started
[2026-07-13 03:06:01]   0% / Job Started
[2026-07-13 03:06:06]   0% / Job Started
[2026-07-13 03:06:12]   0% / Job Started
[2026-07-13 03:06:17]   0% / Job Started
[2026-07-13 03:06:23]   0% / Job Started
[2026-07-13 03:06:28]   0% / Job Started
[2026-07-13 03:06:33]   0% / Job Started
[2026-07-13 03:06:39]   0% / Job Started
[2026-07-13 03:06:44]   0% / Job Started
[2026-07-13 03:06:50]   0% / Job Running
[2026-07-13 03:06:55]   73% / Job Running
[2026-07-13 03:07:01]   100% / Job Running
[2026-07-13 03:07:06]   100% / Job Running
[2026-07-13 03:07:11]   100% / Job Completed
[2026-07-13 03:07:12]   페이지 1: +69행 (누적 69행)
[2026-07-13 03:07:12] 광고세트 목표 조회: 19/19개
[2026-07-13 03:07:12] 완료: 69행 -> /home/runner/work/lalasweet-ad-dashboard/lalasweet-ad-dashboard/data/meta_raw_2026-07-13_2026-07-13.csv
[2026-07-13 03:20:04] [백필 모드] 수집 범위: 2026-07-13 ~ 2026-07-13
[2026-07-13 03:20:04] 수집 범위: 2026-07-13 ~ 2026-07-13 (1일)
[2026-07-13 03:20:04] 리포트 작업 생성: 1554101299454516
[2026-07-13 03:20:05]   0% / Job Not Started
[2026-07-13 03:20:10]   0% / Job Not Started
[2026-07-13 03:20:16]   0% / Job Not Started
[2026-07-13 03:20:21]   0% / Job Started
[2026-07-13 03:20:27]   0% / Job Started
[2026-07-13 03:20:32]   0% / Job Started
[2026-07-13 03:20:37]   0% / Job Started
[2026-07-13 03:20:43]   0% / Job Started
[2026-07-13 03:20:48]   0% / Job Started
[2026-07-13 03:20:54]   0% / Job Started
[2026-07-13 03:20:59]   0% / Job Started
[2026-07-13 03:21:04]   0% / Job Started
[2026-07-13 03:21:10]   0% / Job Running
[2026-07-13 03:21:15]   36% / Job Running
[2026-07-13 03:21:21]   36% / Job Running
[2026-07-13 03:21:26]   36% / Job Running
[2026-07-13 03:21:32]   36% / Job Running
[2026-07-13 03:21:37]   36% / Job Running
[2026-07-13 03:21:42]   36% / Job Running
[2026-07-13 03:21:48]   36% / Job Running
[2026-07-13 03:21:53]   36% / Job Running
[2026-07-13 03:21:58]   36% / Job Running
[2026-07-13 03:22:04]   36% / Job Running
[2026-07-13 03:22:09]   36% / Job Running
[2026-07-13 03:22:15]   36% / Job Running
[2026-07-13 03:22:20]   36% / Job Running
[2026-07-13 03:22:25]   36% / Job Running
[2026-07-13 03:22:31]   36% / Job Running
[2026-07-13 03:22:36]   36% / Job Running
[2026-07-13 03:22:42]   36% / Job Running
[2026-07-13 03:22:47]   36% / Job Running
[2026-07-13 03:22:52]   73% / Job Running
[2026-07-13 03:22:58]   100% / Job Running
[2026-07-13 03:23:03]   100% / Job Running
[2026-07-13 03:23:09]   100% / Job Completed
[2026-07-13 03:23:10]   페이지 1: +69행 (누적 69행)
[2026-07-13 03:23:10] 광고세트 목표 조회: 19/19개
[2026-07-13 03:23:10] 완료: 69행 -> /home/runner/work/lalasweet-ad-dashboard/lalasweet-ad-dashboard/data/meta_raw_2026-07-13_2026-07-13.csv
[2026-07-13 04:25:12] [백필 모드] 수집 범위: 2026-07-13 ~ 2026-07-13
[2026-07-13 04:25:12] 수집 범위: 2026-07-13 ~ 2026-07-13 (1일)
[2026-07-13 04:25:13] 리포트 작업 생성: 1692247418727860
[2026-07-13 04:25:13]   0% / Job Not Started
[2026-07-13 04:25:19]   0% / Job Not Started
[2026-07-13 04:25:24]   0% / Job Started
[2026-07-13 04:25:29]   0% / Job Started
[2026-07-13 04:25:35]   0% / Job Started
[2026-07-13 04:25:40]   0% / Job Started
[2026-07-13 04:25:45]   0% / Job Started
[2026-07-13 04:25:50]   0% / Job Started
[2026-07-13 04:25:56]   0% / Job Running
[2026-07-13 04:26:01]   0% / Job Running
[2026-07-13 04:26:06]   73% / Job Running
[2026-07-13 04:26:12]   100% / Job Running
[2026-07-13 04:26:17]   100% / Job Running
[2026-07-13 04:26:22]   100% / Job Completed
[2026-07-13 04:26:23]   페이지 1: +69행 (누적 69행)
[2026-07-13 04:26:24] 광고세트 목표 조회: 19/19개
[2026-07-13 04:26:24] 완료: 69행 -> /home/runner/work/lalasweet-ad-dashboard/lalasweet-ad-dashboard/data/meta_raw_2026-07-13_2026-07-13.csv
[2026-07-13 04:36:51] [백필 모드] 수집 범위: 2026-07-13 ~ 2026-07-13
[2026-07-13 04:36:51] 수집 범위: 2026-07-13 ~ 2026-07-13 (1일)
[2026-07-13 04:36:52] 리포트 작업 생성: 1994758547827267
[2026-07-13 04:36:52]   0% / Job Not Started
[2026-07-13 04:36:57]   0% / Job Started
[2026-07-13 04:37:03]   0% / Job Started
[2026-07-13 04:37:08]   0% / Job Started
[2026-07-13 04:37:13]   0% / Job Started
[2026-07-13 04:37:18]   0% / Job Started
[2026-07-13 04:37:23]   0% / Job Running
[2026-07-13 04:37:29]   73% / Job Running
[2026-07-13 04:37:34]   100% / Job Running
[2026-07-13 04:37:39]   100% / Job Completed
[2026-07-13 04:37:40]   페이지 1: +69행 (누적 69행)
[2026-07-13 04:37:40] 광고세트 목표 조회: 19/19개
[2026-07-13 04:37:40] 완료: 69행 -> /home/runner/work/lalasweet-ad-dashboard/lalasweet-ad-dashboard/data/meta_raw_2026-07-13_2026-07-13.csv
[2026-07-13 05:44:55] [백필 모드] 수집 범위: 2026-07-13 ~ 2026-07-13
[2026-07-13 05:44:55] 수집 범위: 2026-07-13 ~ 2026-07-13 (1일)
[2026-07-13 05:44:56] 리포트 작업 생성: 1055111393865203
[2026-07-13 05:44:56]   0% / Job Not Started
[2026-07-13 05:45:02]   0% / Job Started
[2026-07-13 05:45:07]   0% / Job Started
[2026-07-13 05:45:13]   0% / Job Started
[2026-07-13 05:45:18]   0% / Job Started
[2026-07-13 05:45:24]   0% / Job Started
[2026-07-13 05:45:29]   0% / Job Started
[2026-07-13 05:45:35]   0% / Job Started
[2026-07-13 05:45:40]   0% / Job Running
[2026-07-13 05:45:46]   73% / Job Running
[2026-07-13 05:45:51]   100% / Job Running
[2026-07-13 05:45:57]   100% / Job Completed
[2026-07-13 05:45:58]   페이지 1: +77행 (누적 77행)
[2026-07-13 05:45:58] 광고세트 목표 조회: 19/19개
[2026-07-13 05:45:58] 완료: 77행 -> /home/runner/work/lalasweet-ad-dashboard/lalasweet-ad-dashboard/data/meta_raw_2026-07-13_2026-07-13.csv
[2026-07-13 06:31:56] [백필 모드] 수집 범위: 2026-07-13 ~ 2026-07-13
[2026-07-13 06:31:56] 수집 범위: 2026-07-13 ~ 2026-07-13 (1일)
[2026-07-13 06:31:57] 리포트 작업 생성: 1758335542007648
[2026-07-13 06:31:57]   0% / Job Not Started
[2026-07-13 06:32:02]   0% / Job Started
[2026-07-13 06:32:07]   0% / Job Started
[2026-07-13 06:32:13]   0% / Job Started
[2026-07-13 06:32:18]   0% / Job Started
[2026-07-13 06:32:23]   0% / Job Running
[2026-07-13 06:32:29]   0% / Job Running
[2026-07-13 06:32:34]   73% / Job Running
[2026-07-13 06:32:39]   100% / Job Running
[2026-07-13 06:32:44]   100% / Job Completed
[2026-07-13 06:32:45]   페이지 1: +78행 (누적 78행)
[2026-07-13 06:32:46] 광고세트 목표 조회: 19/19개
[2026-07-13 06:32:46] 완료: 78행 -> /home/runner/work/lalasweet-ad-dashboard/lalasweet-ad-dashboard/data/meta_raw_2026-07-13_2026-07-13.csv
[2026-07-13 07:21:03] [백필 모드] 수집 범위: 2026-07-13 ~ 2026-07-13
[2026-07-13 07:21:03] 수집 범위: 2026-07-13 ~ 2026-07-13 (1일)
[2026-07-13 07:21:03] 리포트 작업 생성: 2335228503949544
[2026-07-13 07:21:04]   0% / Job Not Started
[2026-07-13 07:21:09]   0% / Job Not Started
[2026-07-13 07:21:14]   0% / Job Not Started
[2026-07-13 07:21:20]   0% / Job Started
[2026-07-13 07:21:25]   0% / Job Started
[2026-07-13 07:21:30]   0% / Job Started
[2026-07-13 07:21:36]   0% / Job Started
[2026-07-13 07:21:41]   0% / Job Started
[2026-07-13 07:21:46]   0% / Job Running
[2026-07-13 07:21:52]   73% / Job Running
[2026-07-13 07:21:57]   100% / Job Running
[2026-07-13 07:22:03]   100% / Job Running
[2026-07-13 07:22:08]   100% / Job Completed
[2026-07-13 07:22:09]   페이지 1: +79행 (누적 79행)
[2026-07-13 07:22:09] 광고세트 목표 조회: 19/19개
[2026-07-13 07:22:09] 완료: 79행 -> /home/runner/work/lalasweet-ad-dashboard/lalasweet-ad-dashboard/data/meta_raw_2026-07-13_2026-07-13.csv
[2026-07-13 08:23:41] [백필 모드] 수집 범위: 2026-07-13 ~ 2026-07-13
[2026-07-13 08:23:41] 수집 범위: 2026-07-13 ~ 2026-07-13 (1일)
[2026-07-13 08:23:42] 리포트 작업 생성: 1035935385459357
[2026-07-13 08:23:42]   0% / Job Not Started
[2026-07-13 08:23:47]   0% / Job Not Started
[2026-07-13 08:23:52]   0% / Job Not Started
[2026-07-13 08:23:57]   0% / Job Not Started
[2026-07-13 08:24:03]   0% / Job Not Started
[2026-07-13 08:24:08]   0% / Job Not Started
[2026-07-13 08:24:13]   0% / Job Not Started
[2026-07-13 08:24:18]   0% / Job Not Started
[2026-07-13 08:24:24]   0% / Job Not Started
[2026-07-13 08:24:29]   0% / Job Not Started
[2026-07-13 08:24:34]   0% / Job Not Started
[2026-07-13 08:24:40]   0% / Job Started
[2026-07-13 08:24:45]   0% / Job Started
[2026-07-13 08:24:50]   0% / Job Started
[2026-07-13 08:24:55]   0% / Job Started
[2026-07-13 08:25:01]   0% / Job Started
[2026-07-13 08:25:06]   0% / Job Started
[2026-07-13 08:25:11]   0% / Job Started
[2026-07-13 08:25:16]   0% / Job Started
[2026-07-13 08:25:21]   0% / Job Started
[2026-07-13 08:25:26]   0% / Job Started
[2026-07-13 08:25:32]   0% / Job Started
[2026-07-13 08:25:37]   0% / Job Running
[2026-07-13 08:25:42]   73% / Job Running
[2026-07-13 08:25:47]   100% / Job Running
[2026-07-13 08:25:53]   100% / Job Running
[2026-07-13 08:25:58]   100% / Job Completed
[2026-07-13 08:25:59]   페이지 1: +79행 (누적 79행)
[2026-07-13 08:25:59] 광고세트 목표 조회: 19/19개
[2026-07-13 08:25:59] 완료: 79행 -> /home/runner/work/lalasweet-ad-dashboard/lalasweet-ad-dashboard/data/meta_raw_2026-07-13_2026-07-13.csv
[2026-07-13 09:25:20] [백필 모드] 수집 범위: 2026-07-13 ~ 2026-07-13
[2026-07-13 09:25:20] 수집 범위: 2026-07-13 ~ 2026-07-13 (1일)
[2026-07-13 09:25:21] 리포트 작업 생성: 28048470191438653
[2026-07-13 09:25:22]   0% / Job Not Started
[2026-07-13 09:25:27]   0% / Job Started
[2026-07-13 09:25:33]   0% / Job Started
[2026-07-13 09:25:38]   0% / Job Started
[2026-07-13 09:25:44]   0% / Job Started
[2026-07-13 09:25:49]   0% / Job Started
[2026-07-13 09:25:55]   0% / Job Running
[2026-07-13 09:26:00]   0% / Job Running
[2026-07-13 09:26:06]   71% / Job Running
[2026-07-13 09:26:11]   100% / Job Running
[2026-07-13 09:26:16]   100% / Job Completed
[2026-07-13 09:26:17]   페이지 1: +81행 (누적 81행)
[2026-07-13 09:26:18] 광고세트 목표 조회: 19/19개
[2026-07-13 09:26:18] 완료: 81행 -> /home/runner/work/lalasweet-ad-dashboard/lalasweet-ad-dashboard/data/meta_raw_2026-07-13_2026-07-13.csv
[2026-07-13 23:58:44] 받을 새 데이터 없음 (이미 2026-07-12까지 수집 완료) -> 종료
[2026-07-14 00:02:03] [백필 모드] 수집 범위: 2026-07-13 ~ 2026-07-13
[2026-07-14 00:02:03] 수집 범위: 2026-07-13 ~ 2026-07-13 (1일)
[2026-07-14 00:02:04] 리포트 작업 생성: 1749845692925741
[2026-07-14 00:02:05]   0% / Job Not Started
[2026-07-14 00:02:10]   0% / Job Started
[2026-07-14 00:02:15]   0% / Job Started
[2026-07-14 00:02:21]   0% / Job Started
[2026-07-14 00:02:26]   0% / Job Started
[2026-07-14 00:02:31]   0% / Job Started
[2026-07-14 00:02:36]   0% / Job Started
[2026-07-14 00:02:42]   0% / Job Started
[2026-07-14 00:02:47]   0% / Job Running
[2026-07-14 00:02:52]   0% / Job Running
[2026-07-14 00:02:58]   100% / Job Running
[2026-07-14 00:03:03]   100% / Job Running
[2026-07-14 00:03:08]   100% / Job Completed
[2026-07-14 00:03:09]   페이지 1: +90행 (누적 90행)
[2026-07-14 00:03:09] 광고세트 목표 조회: 19/19개
[2026-07-14 00:03:09] 완료: 90행 -> /home/runner/work/lalasweet-ad-dashboard/lalasweet-ad-dashboard/data/meta_raw_2026-07-13_2026-07-13.csv
[2026-07-14 00:06:59] [백필 모드] 수집 범위: 2026-07-14 ~ 2026-07-14
[2026-07-14 00:06:59] 수집 범위: 2026-07-14 ~ 2026-07-14 (1일)
[2026-07-14 00:07:00] 리포트 작업 생성: 1572704490909863
[2026-07-14 00:07:00]   0% / Job Not Started
[2026-07-14 00:07:05]   0% / Job Not Started
[2026-07-14 00:07:11]   0% / Job Started
[2026-07-14 00:07:16]   0% / Job Started
[2026-07-14 00:07:21]   0% / Job Started
[2026-07-14 00:07:26]   0% / Job Started
[2026-07-14 00:07:32]   0% / Job Started
[2026-07-14 00:07:37]   0% / Job Started
[2026-07-14 00:07:42]   0% / Job Started
[2026-07-14 00:07:47]   0% / Job Started
[2026-07-14 00:07:52]   0% / Job Started
[2026-07-14 00:07:58]   0% / Job Running
[2026-07-14 00:08:03]   72% / Job Running
[2026-07-14 00:08:08]   100% / Job Running
[2026-07-14 00:08:14]   100% / Job Running
[2026-07-14 00:08:19]   100% / Job Running
[2026-07-14 00:08:24]   100% / Job Completed
[2026-07-14 00:08:25]   페이지 1: +89행 (누적 89행)
[2026-07-14 00:08:25] 광고세트 목표 조회: 18/18개
[2026-07-14 00:08:25] 완료: 89행 -> /home/runner/work/lalasweet-ad-dashboard/lalasweet-ad-dashboard/data/meta_raw_2026-07-14_2026-07-14.csv
[2026-07-14 00:10:55] [백필 모드] 수집 범위: 2026-07-13 ~ 2026-07-13
[2026-07-14 00:10:55] 수집 범위: 2026-07-13 ~ 2026-07-13 (1일)
[2026-07-14 00:10:56] 리포트 작업 생성: 1349021610732815
[2026-07-14 00:10:57]   0% / Job Not Started
[2026-07-14 00:11:02]   0% / Job Not Started
[2026-07-14 00:11:07]   0% / Job Not Started
[2026-07-14 00:11:13]   0% / Job Started
[2026-07-14 00:11:18]   0% / Job Started
[2026-07-14 00:11:23]   0% / Job Started
[2026-07-14 00:11:29]   0% / Job Started
[2026-07-14 00:11:34]   0% / Job Started
[2026-07-14 00:11:40]   0% / Job Started
[2026-07-14 00:11:45]   0% / Job Started
[2026-07-14 00:11:50]   0% / Job Started
[2026-07-14 00:11:56]   0% / Job Running
[2026-07-14 00:12:02]   47% / Job Running
[2026-07-14 00:12:07]   78% / Job Running
[2026-07-14 00:12:12]   95% / Job Running
[2026-07-14 00:12:17]   100% / Job Running
[2026-07-14 00:12:23]   100% / Job Running
[2026-07-14 00:12:28]   100% / Job Completed
[2026-07-14 00:12:29]   페이지 1: +90행 (누적 90행)
[2026-07-14 00:12:29] 광고세트 목표 조회: 19/19개
[2026-07-14 00:12:29] 완료: 90행 -> /home/runner/work/lalasweet-ad-dashboard/lalasweet-ad-dashboard/data/meta_raw_2026-07-13_2026-07-13.csv
[2026-07-14 01:03:27] [백필 모드] 수집 범위: 2026-07-14 ~ 2026-07-14
[2026-07-14 01:03:27] 수집 범위: 2026-07-14 ~ 2026-07-14 (1일)
[2026-07-14 01:03:27] 리포트 작업 생성: 2202307293646326
[2026-07-14 01:03:28]   0% / Job Not Started
[2026-07-14 01:03:33]   0% / Job Started
[2026-07-14 01:03:39]   0% / Job Started
[2026-07-14 01:03:44]   0% / Job Started
[2026-07-14 01:03:49]   0% / Job Started
[2026-07-14 01:03:55]   0% / Job Started
[2026-07-14 01:04:01]   0% / Job Started
[2026-07-14 01:04:06]   0% / Job Started
[2026-07-14 01:04:11]   0% / Job Started
[2026-07-14 01:04:17]   0% / Job Started
[2026-07-14 01:04:22]   0% / Job Started
[2026-07-14 01:04:28]   0% / Job Started
[2026-07-14 01:04:33]   0% / Job Started
[2026-07-14 01:04:38]   0% / Job Started
[2026-07-14 01:04:44]   0% / Job Running
[2026-07-14 01:04:49]   0% / Job Running
[2026-07-14 01:04:54]   75% / Job Running
[2026-07-14 01:05:00]   100% / Job Running
[2026-07-14 01:05:05]   100% / Job Completed
[2026-07-14 01:05:06]   페이지 1: +90행 (누적 90행)
[2026-07-14 01:05:06] 광고세트 목표 조회: 18/18개
[2026-07-14 01:05:06] 완료: 90행 -> /home/runner/work/lalasweet-ad-dashboard/lalasweet-ad-dashboard/data/meta_raw_2026-07-14_2026-07-14.csv
[2026-07-14 02:06:54] [백필 모드] 수집 범위: 2026-07-14 ~ 2026-07-14
[2026-07-14 02:06:54] 수집 범위: 2026-07-14 ~ 2026-07-14 (1일)
[2026-07-14 02:06:54] 리포트 작업 생성: 1407726161218108
[2026-07-14 02:06:55]   0% / Job Not Started
[2026-07-14 02:07:01]   0% / Job Started
[2026-07-14 02:07:06]   0% / Job Started
[2026-07-14 02:07:12]   0% / Job Started
[2026-07-14 02:07:17]   0% / Job Started
[2026-07-14 02:07:23]   0% / Job Started
[2026-07-14 02:07:28]   0% / Job Started
[2026-07-14 02:07:33]   0% / Job Started
[2026-07-14 02:07:39]   0% / Job Started
[2026-07-14 02:07:44]   0% / Job Started
[2026-07-14 02:07:50]   0% / Job Started
[2026-07-14 02:07:55]   0% / Job Running
[2026-07-14 02:08:01]   75% / Job Running
[2026-07-14 02:08:06]   100% / Job Running
[2026-07-14 02:08:12]   100% / Job Running
[2026-07-14 02:08:17]   100% / Job Completed
[2026-07-14 02:08:18]   페이지 1: +95행 (누적 95행)
[2026-07-14 02:08:18] 광고세트 목표 조회: 18/18개
[2026-07-14 02:08:18] 완료: 95행 -> /home/runner/work/lalasweet-ad-dashboard/lalasweet-ad-dashboard/data/meta_raw_2026-07-14_2026-07-14.csv
[2026-07-14 03:06:02] [백필 모드] 수집 범위: 2026-07-14 ~ 2026-07-14
[2026-07-14 03:06:02] 수집 범위: 2026-07-14 ~ 2026-07-14 (1일)
[2026-07-14 03:06:02] 리포트 작업 생성: 1677689896618104
[2026-07-14 03:06:03]   0% / Job Not Started
[2026-07-14 03:06:08]   0% / Job Started
[2026-07-14 03:06:13]   0% / Job Started
[2026-07-14 03:06:18]   0% / Job Started
[2026-07-14 03:06:23]   0% / Job Started
[2026-07-14 03:06:29]   0% / Job Started
[2026-07-14 03:06:34]   0% / Job Started
[2026-07-14 03:06:39]   0% / Job Running
[2026-07-14 03:06:44]   75% / Job Running
[2026-07-14 03:06:50]   100% / Job Running
[2026-07-14 03:06:55]   100% / Job Running
[2026-07-14 03:07:00]   100% / Job Completed
[2026-07-14 03:07:01]   페이지 1: +98행 (누적 98행)
[2026-07-14 03:07:01] 광고세트 목표 조회: 18/18개
[2026-07-14 03:07:01] 완료: 98행 -> /home/runner/work/lalasweet-ad-dashboard/lalasweet-ad-dashboard/data/meta_raw_2026-07-14_2026-07-14.csv
[2026-07-14 05:40:17] [백필 모드] 수집 범위: 2026-07-14 ~ 2026-07-14
[2026-07-14 05:40:17] 수집 범위: 2026-07-14 ~ 2026-07-14 (1일)
[2026-07-14 05:40:17] 리포트 작업 생성: 2170905610145490
[2026-07-14 05:40:18]   0% / Job Not Started
[2026-07-14 05:40:23]   0% / Job Started
[2026-07-14 05:40:28]   0% / Job Started
[2026-07-14 05:40:33]   0% / Job Started
[2026-07-14 05:40:39]   0% / Job Started
[2026-07-14 05:40:44]   0% / Job Started
[2026-07-14 05:40:49]   0% / Job Started
[2026-07-14 05:40:54]   0% / Job Started
[2026-07-14 05:41:00]   0% / Job Running
[2026-07-14 05:41:05]   75% / Job Running
[2026-07-14 05:41:10]   100% / Job Running
[2026-07-14 05:41:16]   100% / Job Running
[2026-07-14 05:41:21]   100% / Job Running
[2026-07-14 05:41:26]   100% / Job Completed
[2026-07-14 05:41:27]   페이지 1: +101행 (누적 101행)
[2026-07-14 05:41:27] 광고세트 목표 조회: 18/18개
[2026-07-14 05:41:27] 완료: 101행 -> /home/runner/work/lalasweet-ad-dashboard/lalasweet-ad-dashboard/data/meta_raw_2026-07-14_2026-07-14.csv
[2026-07-14 06:36:27] [백필 모드] 수집 범위: 2026-07-14 ~ 2026-07-14
[2026-07-14 06:36:27] 수집 범위: 2026-07-14 ~ 2026-07-14 (1일)
[2026-07-14 06:36:28] 리포트 작업 생성: 37013253498318167
[2026-07-14 06:36:28]   0% / Job Not Started
[2026-07-14 06:36:33]   0% / Job Not Started
[2026-07-14 06:36:38]   0% / Job Started
[2026-07-14 06:36:44]   0% / Job Started
[2026-07-14 06:36:49]   0% / Job Started
[2026-07-14 06:36:54]   0% / Job Started
[2026-07-14 06:36:59]   0% / Job Started
[2026-07-14 06:37:04]   0% / Job Started
[2026-07-14 06:37:10]   0% / Job Running
[2026-07-14 06:37:15]   75% / Job Running
[2026-07-14 06:37:20]   100% / Job Running
[2026-07-14 06:37:26]   100% / Job Completed
[2026-07-14 06:37:26]   페이지 1: +103행 (누적 103행)
[2026-07-14 06:37:26] 광고세트 목표 조회: 18/18개
[2026-07-14 06:37:26] 완료: 103행 -> /home/runner/work/lalasweet-ad-dashboard/lalasweet-ad-dashboard/data/meta_raw_2026-07-14_2026-07-14.csv
[2026-07-14 08:32:57] [백필 모드] 수집 범위: 2026-07-14 ~ 2026-07-14
[2026-07-14 08:32:57] 수집 범위: 2026-07-14 ~ 2026-07-14 (1일)
[2026-07-14 08:32:58] 리포트 작업 생성: 1017699340878668
[2026-07-14 08:32:58]   0% / Job Not Started
[2026-07-14 08:33:03]   0% / Job Started
[2026-07-14 08:33:08]   0% / Job Started
[2026-07-14 08:33:14]   0% / Job Started
[2026-07-14 08:33:19]   0% / Job Started
[2026-07-14 08:33:24]   0% / Job Started
[2026-07-14 08:33:29]   0% / Job Started
[2026-07-14 08:33:35]   0% / Job Started
[2026-07-14 08:33:40]   0% / Job Started
[2026-07-14 08:33:45]   0% / Job Running
[2026-07-14 08:33:50]   0% / Job Running
[2026-07-14 08:33:55]   73% / Job Running
[2026-07-14 08:34:01]   100% / Job Running
[2026-07-14 08:34:06]   100% / Job Completed
[2026-07-14 08:34:07]   페이지 1: +105행 (누적 105행)
[2026-07-14 08:34:07] 광고세트 목표 조회: 18/18개
[2026-07-14 08:34:07] 완료: 105행 -> /home/runner/work/lalasweet-ad-dashboard/lalasweet-ad-dashboard/data/meta_raw_2026-07-14_2026-07-14.csv
[2026-07-14 23:58:53] 수집 범위: 2026-07-13 ~ 2026-07-13 (1일)
[2026-07-14 23:58:54] 리포트 작업 생성: 2898920543863459
[2026-07-14 23:58:54]   0% / Job Not Started
[2026-07-14 23:59:00]   0% / Job Started
[2026-07-14 23:59:05]   0% / Job Started
[2026-07-14 23:59:11]   0% / Job Started
[2026-07-14 23:59:16]   0% / Job Started
[2026-07-14 23:59:22]   0% / Job Started
[2026-07-14 23:59:27]   0% / Job Running
[2026-07-14 23:59:32]   71% / Job Running
[2026-07-14 23:59:38]   100% / Job Running
[2026-07-14 23:59:43]   100% / Job Running
[2026-07-14 23:59:48]   100% / Job Completed
[2026-07-14 23:59:49]   페이지 1: +90행 (누적 90행)
[2026-07-14 23:59:50] 광고세트 목표 조회: 19/19개
[2026-07-14 23:59:50] 마지막 성공 날짜 갱신: 2026-07-13
[2026-07-14 23:59:50] 완료: 90행 -> /home/runner/work/lalasweet-ad-dashboard/lalasweet-ad-dashboard/data/meta_raw_2026-07-13_2026-07-13.csv
[2026-07-15 00:05:03] [백필 모드] 수집 범위: 2026-07-14 ~ 2026-07-14
[2026-07-15 00:05:03] 수집 범위: 2026-07-14 ~ 2026-07-14 (1일)
[2026-07-15 00:05:04] 리포트 작업 생성: 1694247578570912
[2026-07-15 00:05:04]   0% / Job Not Started
[2026-07-15 00:05:10]   0% / Job Started
[2026-07-15 00:05:15]   0% / Job Started
[2026-07-15 00:05:20]   0% / Job Started
[2026-07-15 00:05:26]   0% / Job Started
[2026-07-15 00:05:31]   0% / Job Started
[2026-07-15 00:05:36]   0% / Job Started
[2026-07-15 00:05:42]   0% / Job Started
[2026-07-15 00:05:47]   0% / Job Started
[2026-07-15 00:05:53]   0% / Job Running
[2026-07-15 00:05:58]   70% / Job Running
[2026-07-15 00:06:03]   100% / Job Running
[2026-07-15 00:06:09]   100% / Job Completed
[2026-07-15 00:06:10]   페이지 1: +105행 (누적 105행)
[2026-07-15 00:06:10] 광고세트 목표 조회: 18/18개
[2026-07-15 00:06:10] 완료: 105행 -> /home/runner/work/lalasweet-ad-dashboard/lalasweet-ad-dashboard/data/meta_raw_2026-07-14_2026-07-14.csv
[2026-07-15 00:09:23] [백필 모드] 수집 범위: 2026-07-15 ~ 2026-07-15
[2026-07-15 00:09:23] 수집 범위: 2026-07-15 ~ 2026-07-15 (1일)
[2026-07-15 00:09:24] 리포트 작업 생성: 1025482716794276
[2026-07-15 00:09:24]   0% / Job Not Started
[2026-07-15 00:09:29]   0% / Job Started
[2026-07-15 00:09:34]   0% / Job Started
[2026-07-15 00:09:40]   0% / Job Started
[2026-07-15 00:09:45]   0% / Job Started
[2026-07-15 00:09:50]   0% / Job Started
[2026-07-15 00:09:56]   0% / Job Running
[2026-07-15 00:10:01]   75% / Job Running
[2026-07-15 00:10:06]   100% / Job Running
[2026-07-15 00:10:12]   100% / Job Running
[2026-07-15 00:10:17]   100% / Job Completed
[2026-07-15 00:10:17]   페이지 1: +96행 (누적 96행)
[2026-07-15 00:10:18] 광고세트 목표 조회: 17/17개
[2026-07-15 00:10:18] 완료: 96행 -> /home/runner/work/lalasweet-ad-dashboard/lalasweet-ad-dashboard/data/meta_raw_2026-07-15_2026-07-15.csv
[2026-07-15 00:12:18] [백필 모드] 수집 범위: 2026-07-14 ~ 2026-07-14
[2026-07-15 00:12:18] 수집 범위: 2026-07-14 ~ 2026-07-14 (1일)
[2026-07-15 00:12:19] 리포트 작업 생성: 1039048775176983
[2026-07-15 00:12:19]   0% / Job Not Started
[2026-07-15 00:12:25]   0% / Job Not Started
[2026-07-15 00:12:30]   0% / Job Not Started
[2026-07-15 00:12:36]   0% / Job Started
[2026-07-15 00:12:41]   0% / Job Started
[2026-07-15 00:12:46]   0% / Job Started
[2026-07-15 00:12:52]   0% / Job Started
[2026-07-15 00:12:57]   0% / Job Started
[2026-07-15 00:13:02]   0% / Job Started
[2026-07-15 00:13:08]   0% / Job Started
[2026-07-15 00:13:13]   0% / Job Running
[2026-07-15 00:13:19]   2% / Job Running
[2026-07-15 00:13:24]   39% / Job Running
[2026-07-15 00:13:29]   90% / Job Running
[2026-07-15 00:13:35]   100% / Job Running
[2026-07-15 00:13:40]   100% / Job Running
[2026-07-15 00:13:45]   100% / Job Completed
[2026-07-15 00:13:46]   페이지 1: +105행 (누적 105행)
[2026-07-15 00:13:47] 광고세트 목표 조회: 18/18개
[2026-07-15 00:13:47] 완료: 105행 -> /home/runner/work/lalasweet-ad-dashboard/lalasweet-ad-dashboard/data/meta_raw_2026-07-14_2026-07-14.csv
[2026-07-15 00:49:31] [백필 모드] 수집 범위: 2026-07-14 ~ 2026-07-14
[2026-07-15 00:49:31] 수집 범위: 2026-07-14 ~ 2026-07-14 (1일)
[2026-07-15 00:49:31] 리포트 작업 생성: 1053854097201427
[2026-07-15 00:49:31]   0% / Job Not Started
[2026-07-15 00:49:37]   0% / Job Not Started
[2026-07-15 00:49:42]   0% / Job Started
[2026-07-15 00:49:47]   0% / Job Started
[2026-07-15 00:49:52]   0% / Job Started
[2026-07-15 00:49:58]   0% / Job Started
[2026-07-15 00:50:03]   0% / Job Started
[2026-07-15 00:50:09]   0% / Job Started
[2026-07-15 00:50:14]   0% / Job Started
[2026-07-15 00:50:19]   0% / Job Started
[2026-07-15 00:50:24]   0% / Job Running
[2026-07-15 00:50:30]   70% / Job Running
[2026-07-15 00:50:35]   100% / Job Running
[2026-07-15 00:50:41]   100% / Job Completed
[2026-07-15 00:50:41]   페이지 1: +105행 (누적 105행)
[2026-07-15 00:50:42] 광고세트 목표 조회: 18/18개
[2026-07-15 00:50:42] 완료: 105행 -> /home/runner/work/lalasweet-ad-dashboard/lalasweet-ad-dashboard/data/meta_raw_2026-07-14_2026-07-14.csv
[2026-07-15 01:59:16] [백필 모드] 수집 범위: 2026-07-15 ~ 2026-07-15
[2026-07-15 01:59:16] 수집 범위: 2026-07-15 ~ 2026-07-15 (1일)
[2026-07-15 01:59:17] 리포트 작업 생성: 4465181333729942
[2026-07-15 01:59:17]   0% / Job Not Started
[2026-07-15 01:59:22]   0% / Job Not Started
[2026-07-15 01:59:27]   0% / Job Started
[2026-07-15 01:59:33]   0% / Job Started
[2026-07-15 01:59:38]   0% / Job Started
[2026-07-15 01:59:43]   0% / Job Started
[2026-07-15 01:59:48]   0% / Job Started
[2026-07-15 01:59:54]   0% / Job Started
[2026-07-15 01:59:59]   0% / Job Started
[2026-07-15 02:00:04]   0% / Job Started
[2026-07-15 02:00:09]   0% / Job Running
[2026-07-15 02:00:15]   70% / Job Running
[2026-07-15 02:00:20]   100% / Job Running
[2026-07-15 02:00:25]   100% / Job Completed
[2026-07-15 02:00:26]   페이지 1: +99행 (누적 99행)
[2026-07-15 02:00:26] 광고세트 목표 조회: 17/17개
[2026-07-15 02:00:26] 완료: 99행 -> /home/runner/work/lalasweet-ad-dashboard/lalasweet-ad-dashboard/data/meta_raw_2026-07-15_2026-07-15.csv
[2026-07-15 03:12:28] [백필 모드] 수집 범위: 2026-07-15 ~ 2026-07-15
[2026-07-15 03:12:28] 수집 범위: 2026-07-15 ~ 2026-07-15 (1일)
[2026-07-15 03:12:29] 리포트 작업 생성: 1044902748050349
[2026-07-15 03:12:29]   0% / Job Started
[2026-07-15 03:12:35]   0% / Job Started
[2026-07-15 03:12:40]   0% / Job Started
[2026-07-15 03:12:45]   0% / Job Started
[2026-07-15 03:12:50]   0% / Job Started
[2026-07-15 03:12:55]   0% / Job Running
[2026-07-15 03:13:00]   71% / Job Running
[2026-07-15 03:13:06]   100% / Job Running
[2026-07-15 03:13:11]   100% / Job Running
[2026-07-15 03:13:16]   100% / Job Completed
[2026-07-15 03:13:17]   페이지 1: +103행 (누적 103행)
[2026-07-15 03:13:17] 광고세트 목표 조회: 17/17개
[2026-07-15 03:13:17] 완료: 103행 -> /home/runner/work/lalasweet-ad-dashboard/lalasweet-ad-dashboard/data/meta_raw_2026-07-15_2026-07-15.csv
[2026-07-15 04:39:51] [백필 모드] 수집 범위: 2026-07-15 ~ 2026-07-15
[2026-07-15 04:39:51] 수집 범위: 2026-07-15 ~ 2026-07-15 (1일)
[2026-07-15 04:39:52] 리포트 작업 생성: 4310037792474366
[2026-07-15 04:39:52]   0% / Job Not Started
[2026-07-15 04:39:57]   0% / Job Started
[2026-07-15 04:40:03]   0% / Job Started
[2026-07-15 04:40:08]   0% / Job Started
[2026-07-15 04:40:14]   0% / Job Started
[2026-07-15 04:40:19]   0% / Job Started
[2026-07-15 04:40:24]   0% / Job Started
[2026-07-15 04:40:30]   0% / Job Started
[2026-07-15 04:40:35]   0% / Job Started
[2026-07-15 04:40:40]   0% / Job Started
[2026-07-15 04:40:45]   0% / Job Running
[2026-07-15 04:40:51]   0% / Job Running
[2026-07-15 04:40:56]   67% / Job Running
[2026-07-15 04:41:01]   100% / Job Running
[2026-07-15 04:41:07]   100% / Job Completed
[2026-07-15 04:41:07]   페이지 1: +107행 (누적 107행)
[2026-07-15 04:41:07] 광고세트 목표 조회: 17/17개
[2026-07-15 04:41:07] 완료: 107행 -> /home/runner/work/lalasweet-ad-dashboard/lalasweet-ad-dashboard/data/meta_raw_2026-07-15_2026-07-15.csv
[2026-07-15 05:13:09] [백필 모드] 수집 범위: 2026-07-15 ~ 2026-07-15
[2026-07-15 05:13:09] 수집 범위: 2026-07-15 ~ 2026-07-15 (1일)
[2026-07-15 05:13:09] 리포트 작업 생성: 1029439992820420
[2026-07-15 05:13:10]   0% / Job Not Started
[2026-07-15 05:13:15]   0% / Job Started
[2026-07-15 05:13:20]   0% / Job Started
[2026-07-15 05:13:26]   0% / Job Started
[2026-07-15 05:13:31]   0% / Job Started
[2026-07-15 05:13:36]   0% / Job Started
[2026-07-15 05:13:42]   0% / Job Running
[2026-07-15 05:13:47]   73% / Job Running
[2026-07-15 05:13:52]   100% / Job Running
[2026-07-15 05:13:58]   100% / Job Completed
[2026-07-15 05:13:58]   페이지 1: +107행 (누적 107행)
[2026-07-15 05:13:59] 광고세트 목표 조회: 17/17개
[2026-07-15 05:13:59] 완료: 107행 -> /home/runner/work/lalasweet-ad-dashboard/lalasweet-ad-dashboard/data/meta_raw_2026-07-15_2026-07-15.csv
[2026-07-15 05:33:16] [백필 모드] 수집 범위: 2026-07-15 ~ 2026-07-15
[2026-07-15 05:33:16] 수집 범위: 2026-07-15 ~ 2026-07-15 (1일)
[2026-07-15 05:33:17] 리포트 작업 생성: 1339461565033813
[2026-07-15 05:33:17]   0% / Job Not Started
[2026-07-15 05:33:23]   0% / Job Started
[2026-07-15 05:33:28]   0% / Job Started
[2026-07-15 05:33:33]   0% / Job Started
[2026-07-15 05:33:38]   0% / Job Started
[2026-07-15 05:33:43]   0% / Job Started
[2026-07-15 05:33:48]   0% / Job Started
[2026-07-15 05:33:53]   0% / Job Started
[2026-07-15 05:33:59]   0% / Job Running
[2026-07-15 05:34:04]   0% / Job Running
[2026-07-15 05:34:09]   71% / Job Running
[2026-07-15 05:34:14]   100% / Job Running
[2026-07-15 05:34:19]   100% / Job Completed
[2026-07-15 05:34:20]   페이지 1: +107행 (누적 107행)
[2026-07-15 05:34:20] 광고세트 목표 조회: 17/17개
[2026-07-15 05:34:20] 완료: 107행 -> /home/runner/work/lalasweet-ad-dashboard/lalasweet-ad-dashboard/data/meta_raw_2026-07-15_2026-07-15.csv
[2026-07-15 07:03:06] [백필 모드] 수집 범위: 2026-07-15 ~ 2026-07-15
[2026-07-15 07:03:06] 수집 범위: 2026-07-15 ~ 2026-07-15 (1일)
[2026-07-15 07:03:07] 리포트 작업 생성: 2262948024109493
[2026-07-15 07:03:07]   0% / Job Not Started
[2026-07-15 07:03:13]   0% / Job Started
[2026-07-15 07:03:18]   0% / Job Started
[2026-07-15 07:03:24]   0% / Job Started
[2026-07-15 07:03:29]   0% / Job Started
[2026-07-15 07:03:34]   0% / Job Started
[2026-07-15 07:03:39]   0% / Job Started
[2026-07-15 07:03:44]   0% / Job Started
[2026-07-15 07:03:50]   0% / Job Started
[2026-07-15 07:03:55]   0% / Job Running
[2026-07-15 07:04:00]   63% / Job Running
[2026-07-15 07:04:06]   100% / Job Running
[2026-07-15 07:04:11]   100% / Job Running
[2026-07-15 07:04:16]   100% / Job Completed
[2026-07-15 07:04:17]   페이지 1: +109행 (누적 109행)
[2026-07-15 07:04:18] 광고세트 목표 조회: 17/17개
[2026-07-15 07:04:18] 완료: 109행 -> /home/runner/work/lalasweet-ad-dashboard/lalasweet-ad-dashboard/data/meta_raw_2026-07-15_2026-07-15.csv
[2026-07-15 08:28:25] [백필 모드] 수집 범위: 2026-07-15 ~ 2026-07-15
[2026-07-15 08:28:25] 수집 범위: 2026-07-15 ~ 2026-07-15 (1일)
[2026-07-15 08:28:26] 리포트 작업 생성: 1019485287717023
[2026-07-15 08:28:26]   0% / Job Not Started
[2026-07-15 08:28:31]   0% / Job Started
[2026-07-15 08:28:36]   0% / Job Started
[2026-07-15 08:28:41]   0% / Job Started
[2026-07-15 08:28:46]   0% / Job Started
[2026-07-15 08:28:52]   0% / Job Started
[2026-07-15 08:28:57]   0% / Job Started
[2026-07-15 08:29:02]   0% / Job Started
[2026-07-15 08:29:07]   0% / Job Started
[2026-07-15 08:29:12]   0% / Job Started
[2026-07-15 08:29:17]   0% / Job Running
[2026-07-15 08:29:23]   0% / Job Running
[2026-07-15 08:29:28]   68% / Job Running
[2026-07-15 08:29:33]   100% / Job Running
[2026-07-15 08:29:38]   100% / Job Completed
[2026-07-15 08:29:39]   페이지 1: +127행 (누적 127행)
[2026-07-15 08:29:39] 광고세트 목표 조회: 25/25개
[2026-07-15 08:29:39] 완료: 127행 -> /home/runner/work/lalasweet-ad-dashboard/lalasweet-ad-dashboard/data/meta_raw_2026-07-15_2026-07-15.csv
[2026-07-15 08:33:19] [백필 모드] 수집 범위: 2026-07-15 ~ 2026-07-15
[2026-07-15 08:33:19] 수집 범위: 2026-07-15 ~ 2026-07-15 (1일)
[2026-07-15 08:33:19] 리포트 작업 생성: 2259565877912137
[2026-07-15 08:33:20]   0% / Job Not Started
[2026-07-15 08:33:25]   0% / Job Started
[2026-07-15 08:33:30]   0% / Job Started
[2026-07-15 08:33:35]   0% / Job Started
[2026-07-15 08:33:41]   0% / Job Started
[2026-07-15 08:33:46]   0% / Job Started
[2026-07-15 08:33:51]   0% / Job Started
[2026-07-15 08:33:56]   0% / Job Started
[2026-07-15 08:34:01]   0% / Job Running
[2026-07-15 08:34:06]   65% / Job Running
[2026-07-15 08:34:12]   100% / Job Running
[2026-07-15 08:34:17]   100% / Job Running
[2026-07-15 08:34:22]   100% / Job Completed
[2026-07-15 08:34:23]   페이지 1: +143행 (누적 143행)
[2026-07-15 08:34:23] 광고세트 목표 조회: 28/28개
[2026-07-15 08:34:23] 완료: 143행 -> /home/runner/work/lalasweet-ad-dashboard/lalasweet-ad-dashboard/data/meta_raw_2026-07-15_2026-07-15.csv
[2026-07-15 08:42:44] [백필 모드] 수집 범위: 2026-07-15 ~ 2026-07-15
[2026-07-15 08:42:44] 수집 범위: 2026-07-15 ~ 2026-07-15 (1일)
[2026-07-15 08:42:45] 리포트 작업 생성: 1521095102351509
[2026-07-15 08:42:46]   0% / Job Not Started
[2026-07-15 08:42:51]   0% / Job Started
[2026-07-15 08:42:57]   0% / Job Started
[2026-07-15 08:43:02]   0% / Job Started
[2026-07-15 08:43:08]   0% / Job Started
[2026-07-15 08:43:13]   0% / Job Started
[2026-07-15 08:43:19]   0% / Job Started
[2026-07-15 08:43:24]   0% / Job Started
[2026-07-15 08:43:30]   0% / Job Running
[2026-07-15 08:43:35]   65% / Job Running
[2026-07-15 08:43:41]   100% / Job Running
[2026-07-15 08:43:46]   100% / Job Running
[2026-07-15 08:43:52]   100% / Job Completed
[2026-07-15 08:43:53]   페이지 1: +155행 (누적 155행)
[2026-07-15 08:43:53] 광고세트 목표 조회: 28/28개
[2026-07-15 08:43:53] 완료: 155행 -> /home/runner/work/lalasweet-ad-dashboard/lalasweet-ad-dashboard/data/meta_raw_2026-07-15_2026-07-15.csv
[2026-07-15 09:15:07] [백필 모드] 수집 범위: 2026-07-15 ~ 2026-07-15
[2026-07-15 09:15:07] 수집 범위: 2026-07-15 ~ 2026-07-15 (1일)
[2026-07-15 09:15:08] 리포트 작업 생성: 1507068450729455
[2026-07-15 09:15:08]   0% / Job Not Started
[2026-07-15 09:15:13]   0% / Job Started
[2026-07-15 09:15:19]   0% / Job Started
[2026-07-15 09:15:24]   0% / Job Started
[2026-07-15 09:15:29]   0% / Job Started
[2026-07-15 09:15:34]   0% / Job Started
[2026-07-15 09:15:39]   0% / Job Started
[2026-07-15 09:15:45]   0% / Job Started
[2026-07-15 09:15:50]   0% / Job Started
[2026-07-15 09:15:55]   0% / Job Started
[2026-07-15 09:16:01]   0% / Job Running
[2026-07-15 09:16:06]   63% / Job Running
[2026-07-15 09:16:11]   100% / Job Running
[2026-07-15 09:16:17]   100% / Job Completed
[2026-07-15 09:16:17]   페이지 1: +172행 (누적 172행)
[2026-07-15 09:16:18] 광고세트 목표 조회: 28/28개
[2026-07-15 09:16:18] 완료: 172행 -> /home/runner/work/lalasweet-ad-dashboard/lalasweet-ad-dashboard/data/meta_raw_2026-07-15_2026-07-15.csv
[2026-07-15 09:18:35] [백필 모드] 수집 범위: 2026-07-15 ~ 2026-07-15
[2026-07-15 09:18:35] 수집 범위: 2026-07-15 ~ 2026-07-15 (1일)
[2026-07-15 09:18:36] 리포트 작업 생성: 1059422426515531
[2026-07-15 09:18:36]   0% / Job Not Started
[2026-07-15 09:18:41]   0% / Job Started
[2026-07-15 09:18:47]   0% / Job Started
[2026-07-15 09:18:52]   0% / Job Started
[2026-07-15 09:18:57]   0% / Job Started
[2026-07-15 09:19:02]   0% / Job Started
[2026-07-15 09:19:07]   0% / Job Started
[2026-07-15 09:19:13]   0% / Job Started
[2026-07-15 09:19:18]   0% / Job Started
[2026-07-15 09:19:23]   0% / Job Started
[2026-07-15 09:19:28]   0% / Job Started
[2026-07-15 09:19:34]   0% / Job Started
[2026-07-15 09:19:40]   0% / Job Running
[2026-07-15 09:19:45]   52% / Job Running
[2026-07-15 09:19:50]   52% / Job Running
[2026-07-15 09:19:55]   90% / Job Running
[2026-07-15 09:20:01]   100% / Job Running
[2026-07-15 09:20:06]   100% / Job Completed
[2026-07-15 09:20:07]   페이지 1: +172행 (누적 172행)
[2026-07-15 09:20:07] 광고세트 목표 조회: 28/28개
[2026-07-15 09:20:07] 완료: 172행 -> /home/runner/work/lalasweet-ad-dashboard/lalasweet-ad-dashboard/data/meta_raw_2026-07-15_2026-07-15.csv
[2026-07-15 09:27:44] [백필 모드] 수집 범위: 2026-07-15 ~ 2026-07-15
[2026-07-15 09:27:44] 수집 범위: 2026-07-15 ~ 2026-07-15 (1일)
[2026-07-15 09:27:45] 리포트 작업 생성: 1012017488116628
[2026-07-15 09:27:45]   0% / Job Not Started
[2026-07-15 09:27:50]   0% / Job Started
[2026-07-15 09:27:55]   0% / Job Started
[2026-07-15 09:28:01]   0% / Job Started
[2026-07-15 09:28:06]   0% / Job Running
[2026-07-15 09:28:11]   65% / Job Running
[2026-07-15 09:28:16]   100% / Job Running
[2026-07-15 09:28:22]   100% / Job Running
[2026-07-15 09:28:27]   100% / Job Completed
[2026-07-15 09:28:28]   페이지 1: +173행 (누적 173행)
[2026-07-15 09:28:28] 광고세트 목표 조회: 28/28개
[2026-07-15 09:28:28] 완료: 173행 -> /home/runner/work/lalasweet-ad-dashboard/lalasweet-ad-dashboard/data/meta_raw_2026-07-15_2026-07-15.csv
[2026-07-15 09:35:42] [백필 모드] 수집 범위: 2026-07-15 ~ 2026-07-15
[2026-07-15 09:35:42] 수집 범위: 2026-07-15 ~ 2026-07-15 (1일)
[2026-07-15 09:35:43] 리포트 작업 생성: 1602479844887782
[2026-07-15 09:35:43]   0% / Job Not Started
[2026-07-15 09:35:49]   0% / Job Started
[2026-07-15 09:35:54]   0% / Job Started
[2026-07-15 09:35:59]   0% / Job Started
[2026-07-15 09:36:04]   0% / Job Started
[2026-07-15 09:36:10]   0% / Job Started
[2026-07-15 09:36:15]   0% / Job Started
[2026-07-15 09:36:20]   0% / Job Started
[2026-07-15 09:36:25]   0% / Job Started
[2026-07-15 09:36:31]   0% / Job Running
[2026-07-15 09:36:36]   0% / Job Running
[2026-07-15 09:36:41]   68% / Job Running
[2026-07-15 09:36:46]   100% / Job Running
[2026-07-15 09:36:52]   100% / Job Completed
[2026-07-15 09:36:52]   페이지 1: +173행 (누적 173행)
[2026-07-15 09:36:53] 광고세트 목표 조회: 28/28개
[2026-07-15 09:36:53] 완료: 173행 -> /home/runner/work/lalasweet-ad-dashboard/lalasweet-ad-dashboard/data/meta_raw_2026-07-15_2026-07-15.csv
[2026-07-15 09:52:03] [백필 모드] 수집 범위: 2026-07-15 ~ 2026-07-15
[2026-07-15 09:52:03] 수집 범위: 2026-07-15 ~ 2026-07-15 (1일)
[2026-07-15 09:52:05] 리포트 작업 생성: 4410484485860713
[2026-07-15 09:52:05]   0% / Job Not Started
[2026-07-15 09:52:11]   0% / Job Started
[2026-07-15 09:52:16]   0% / Job Started
[2026-07-15 09:52:21]   0% / Job Started
[2026-07-15 09:52:27]   0% / Job Started
[2026-07-15 09:52:32]   0% / Job Started
[2026-07-15 09:52:38]   0% / Job Started
[2026-07-15 09:52:43]   0% / Job Started
[2026-07-15 09:52:49]   0% / Job Running
[2026-07-15 09:52:54]   0% / Job Running
[2026-07-15 09:53:00]   68% / Job Running
[2026-07-15 09:53:06]   100% / Job Running
[2026-07-15 09:53:12]   100% / Job Completed
[2026-07-15 09:53:13]   페이지 1: +183행 (누적 183행)
[2026-07-15 09:53:14] 광고세트 목표 조회: 28/28개
[2026-07-15 09:53:14] 완료: 183행 -> /home/runner/work/lalasweet-ad-dashboard/lalasweet-ad-dashboard/data/meta_raw_2026-07-15_2026-07-15.csv
[2026-07-15 09:57:23] [백필 모드] 수집 범위: 2026-07-15 ~ 2026-07-15
[2026-07-15 09:57:23] 수집 범위: 2026-07-15 ~ 2026-07-15 (1일)
[2026-07-15 09:57:24] 리포트 작업 생성: 1988732515168866
[2026-07-15 09:57:24]   0% / Job Not Started
[2026-07-15 09:57:30]   0% / Job Not Started
[2026-07-15 09:57:35]   0% / Job Started
[2026-07-15 09:57:40]   0% / Job Started
[2026-07-15 09:57:46]   0% / Job Started
[2026-07-15 09:57:51]   0% / Job Started
[2026-07-15 09:57:57]   0% / Job Started
[2026-07-15 09:58:02]   0% / Job Started
[2026-07-15 09:58:08]   0% / Job Started
[2026-07-15 09:58:13]   0% / Job Running
[2026-07-15 09:58:19]   68% / Job Running
[2026-07-15 09:58:24]   100% / Job Running
[2026-07-15 09:58:30]   100% / Job Running
[2026-07-15 09:58:35]   100% / Job Completed
[2026-07-15 09:58:36]   페이지 1: +183행 (누적 183행)
[2026-07-15 09:58:36] 광고세트 목표 조회: 28/28개
[2026-07-15 09:58:36] 완료: 183행 -> /home/runner/work/lalasweet-ad-dashboard/lalasweet-ad-dashboard/data/meta_raw_2026-07-15_2026-07-15.csv
[2026-07-15 10:04:58] [백필 모드] 수집 범위: 2026-07-15 ~ 2026-07-15
[2026-07-15 10:04:58] 수집 범위: 2026-07-15 ~ 2026-07-15 (1일)
[2026-07-15 10:04:58] 리포트 작업 생성: 2523750824746392
[2026-07-15 10:04:58]   0% / Job Not Started
[2026-07-15 10:05:04]   0% / Job Started
[2026-07-15 10:05:09]   0% / Job Started
[2026-07-15 10:05:14]   0% / Job Started
[2026-07-15 10:05:19]   0% / Job Started
[2026-07-15 10:05:24]   0% / Job Running
[2026-07-15 10:05:29]   65% / Job Running
[2026-07-15 10:05:35]   100% / Job Running
[2026-07-15 10:05:40]   100% / Job Running
[2026-07-15 10:05:46]   100% / Job Completed
[2026-07-15 10:05:46]   페이지 1: +189행 (누적 189행)
[2026-07-15 10:05:46] 광고세트 목표 조회: 28/28개
[2026-07-15 10:05:46] 완료: 189행 -> /home/runner/work/lalasweet-ad-dashboard/lalasweet-ad-dashboard/data/meta_raw_2026-07-15_2026-07-15.csv
[2026-07-15 10:09:28] [백필 모드] 수집 범위: 2026-07-15 ~ 2026-07-15
[2026-07-15 10:09:28] 수집 범위: 2026-07-15 ~ 2026-07-15 (1일)
[2026-07-15 10:09:28] 리포트 작업 생성: 1065148706429922
[2026-07-15 10:09:29]   0% / Job Not Started
[2026-07-15 10:09:34]   0% / Job Started
[2026-07-15 10:09:39]   0% / Job Started
[2026-07-15 10:09:44]   0% / Job Started
[2026-07-15 10:09:49]   0% / Job Started
[2026-07-15 10:09:55]   0% / Job Started
[2026-07-15 10:10:00]   0% / Job Started
[2026-07-15 10:10:05]   0% / Job Started
[2026-07-15 10:10:10]   0% / Job Started
[2026-07-15 10:10:16]   0% / Job Running
[2026-07-15 10:10:21]   68% / Job Running
[2026-07-15 10:10:26]   100% / Job Running
[2026-07-15 10:10:31]   100% / Job Running
[2026-07-15 10:10:37]   100% / Job Completed
[2026-07-15 10:10:37]   페이지 1: +189행 (누적 189행)
[2026-07-15 10:10:38] 광고세트 목표 조회: 28/28개
[2026-07-15 10:10:38] 완료: 189행 -> /home/runner/work/lalasweet-ad-dashboard/lalasweet-ad-dashboard/data/meta_raw_2026-07-15_2026-07-15.csv
[2026-07-15 10:12:46] [백필 모드] 수집 범위: 2026-07-15 ~ 2026-07-15
[2026-07-15 10:12:46] 수집 범위: 2026-07-15 ~ 2026-07-15 (1일)
[2026-07-15 10:12:46] 리포트 작업 생성: 1532968744874280
[2026-07-15 10:12:47]   0% / Job Not Started
[2026-07-15 10:12:52]   0% / Job Started
[2026-07-15 10:12:57]   0% / Job Started
[2026-07-15 10:13:03]   0% / Job Started
[2026-07-15 10:13:08]   0% / Job Started
[2026-07-15 10:13:13]   0% / Job Started
[2026-07-15 10:13:18]   0% / Job Started
[2026-07-15 10:13:24]   0% / Job Running
[2026-07-15 10:13:29]   65% / Job Running
[2026-07-15 10:13:34]   100% / Job Running
[2026-07-15 10:13:40]   100% / Job Completed
[2026-07-15 10:13:40]   페이지 1: +189행 (누적 189행)
[2026-07-15 10:13:40] 광고세트 목표 조회: 28/28개
[2026-07-15 10:13:40] 완료: 189행 -> /home/runner/work/lalasweet-ad-dashboard/lalasweet-ad-dashboard/data/meta_raw_2026-07-15_2026-07-15.csv
[2026-07-15 11:08:29] [백필 모드] 수집 범위: 2026-07-15 ~ 2026-07-15
[2026-07-15 11:08:29] 수집 범위: 2026-07-15 ~ 2026-07-15 (1일)
[2026-07-15 11:08:29] 리포트 작업 생성: 913304644409566
[2026-07-15 11:08:30]   0% / Job Not Started
[2026-07-15 11:08:35]   0% / Job Not Started
[2026-07-15 11:08:41]   0% / Job Started
[2026-07-15 11:08:46]   0% / Job Started
[2026-07-15 11:08:51]   0% / Job Started
[2026-07-15 11:08:57]   0% / Job Started
[2026-07-15 11:09:02]   0% / Job Started
[2026-07-15 11:09:07]   0% / Job Started
[2026-07-15 11:09:13]   0% / Job Started
[2026-07-15 11:09:18]   0% / Job Started
[2026-07-15 11:09:24]   0% / Job Running
[2026-07-15 11:09:29]   62% / Job Running
[2026-07-15 11:09:34]   100% / Job Running
[2026-07-15 11:09:40]   100% / Job Running
[2026-07-15 11:09:45]   100% / Job Completed
[2026-07-15 11:09:46]   페이지 1: +199행 (누적 199행)
[2026-07-15 11:09:46] 광고세트 목표 조회: 28/28개
[2026-07-15 11:09:46] 완료: 199행 -> /home/runner/work/lalasweet-ad-dashboard/lalasweet-ad-dashboard/data/meta_raw_2026-07-15_2026-07-15.csv
[2026-07-15 11:28:42] [백필 모드] 수집 범위: 2026-07-01 ~ 2026-07-15
[2026-07-15 11:28:42] 수집 범위: 2026-07-01 ~ 2026-07-15 (15일)
[2026-07-15 11:28:43] 리포트 작업 생성: 2235854137236663
[2026-07-15 11:28:43]   0% / Job Not Started
[2026-07-15 11:28:48]   0% / Job Started
[2026-07-15 11:28:54]   0% / Job Started
[2026-07-15 11:28:59]   0% / Job Started
[2026-07-15 11:29:04]   0% / Job Started
[2026-07-15 11:29:09]   0% / Job Started
[2026-07-15 11:29:15]   0% / Job Started
[2026-07-15 11:29:20]   0% / Job Started
[2026-07-15 11:29:25]   0% / Job Started
[2026-07-15 11:29:30]   0% / Job Started
[2026-07-15 11:29:36]   0% / Job Running
[2026-07-15 11:29:41]   0% / Job Running
[2026-07-15 11:29:46]   41% / Job Running
[2026-07-15 11:29:52]   81% / Job Running
[2026-07-15 11:29:57]   100% / Job Running
[2026-07-15 11:30:02]   100% / Job Running
[2026-07-15 11:30:07]   100% / Job Running
[2026-07-15 11:30:13]   100% / Job Completed
[2026-07-15 11:30:14]   페이지 1: +500행 (누적 500행)
[2026-07-15 11:30:16]   페이지 2: +500행 (누적 1000행)
[2026-07-15 11:30:18]   페이지 3: +500행 (누적 1500행)
[2026-07-15 11:30:19]   페이지 4: +463행 (누적 1963행)
[2026-07-15 11:30:20] 광고세트 목표 조회: 58/58개
[2026-07-15 11:30:20] 자산 하위 광고 병합: 24행 합산
[2026-07-15 11:30:20] 완료: 1939행 -> /home/runner/work/lalasweet-ad-dashboard/lalasweet-ad-dashboard/data/meta_raw_2026-07-01_2026-07-15.csv
[2026-07-15 12:02:26] [백필 모드] 수집 범위: 2026-07-15 ~ 2026-07-15
[2026-07-15 12:02:26] 수집 범위: 2026-07-15 ~ 2026-07-15 (1일)
[2026-07-15 12:02:26] 리포트 작업 생성: 1768750594562821
[2026-07-15 12:02:27]   0% / Job Not Started
[2026-07-15 12:02:32]   0% / Job Started
[2026-07-15 12:02:37]   0% / Job Started
[2026-07-15 12:02:43]   0% / Job Started
[2026-07-15 12:02:48]   0% / Job Started
[2026-07-15 12:02:53]   0% / Job Started
[2026-07-15 12:02:59]   0% / Job Started
[2026-07-15 12:03:04]   0% / Job Started
[2026-07-15 12:03:09]   0% / Job Started
[2026-07-15 12:03:15]   0% / Job Started
[2026-07-15 12:03:20]   0% / Job Running
[2026-07-15 12:03:25]   0% / Job Running
[2026-07-15 12:03:31]   66% / Job Running
[2026-07-15 12:03:36]   100% / Job Running
[2026-07-15 12:03:41]   100% / Job Completed
[2026-07-15 12:03:43]   페이지 1: +221행 (누적 221행)
[2026-07-15 12:03:44] 광고세트 목표 조회: 28/28개
[2026-07-15 12:03:44] 완료: 221행 -> /home/runner/work/lalasweet-ad-dashboard/lalasweet-ad-dashboard/data/meta_raw_2026-07-15_2026-07-15.csv
[2026-07-15 12:10:28] [백필 모드] 수집 범위: 2026-07-01 ~ 2026-07-15
[2026-07-15 12:10:28] 수집 범위: 2026-07-01 ~ 2026-07-15 (15일)
[2026-07-15 12:10:28] 리포트 작업 생성: 2097948504450919
[2026-07-15 12:10:29]   0% / Job Not Started
[2026-07-15 12:10:34]   0% / Job Started
[2026-07-15 12:10:39]   0% / Job Started
[2026-07-15 12:10:45]   0% / Job Started
[2026-07-15 12:10:50]   0% / Job Started
[2026-07-15 12:10:55]   0% / Job Started
[2026-07-15 12:11:00]   0% / Job Started
[2026-07-15 12:11:06]   0% / Job Started
[2026-07-15 12:11:11]   0% / Job Started
[2026-07-15 12:11:16]   0% / Job Started
[2026-07-15 12:11:21]   0% / Job Started
[2026-07-15 12:11:27]   0% / Job Started
[2026-07-15 12:11:32]   0% / Job Started
[2026-07-15 12:11:37]   0% / Job Started
[2026-07-15 12:11:42]   0% / Job Running
[2026-07-15 12:11:48]   0% / Job Running
[2026-07-15 12:11:53]   36% / Job Running
[2026-07-15 12:11:59]   77% / Job Running
[2026-07-15 12:12:04]   100% / Job Running
[2026-07-15 12:12:09]   100% / Job Running
[2026-07-15 12:12:14]   100% / Job Running
[2026-07-15 12:12:20]   100% / Job Completed
[2026-07-15 12:12:21]   페이지 1: +500행 (누적 500행)
[2026-07-15 12:12:25]   페이지 2: +500행 (누적 1000행)
[2026-07-15 12:12:26]   페이지 3: +500행 (누적 1500행)
[2026-07-15 12:12:28]   페이지 4: +477행 (누적 1977행)
[2026-07-15 12:12:28] 광고세트 목표 조회: 59/59개
[2026-07-15 12:12:28] 자산 하위 광고 병합: 24행 합산
[2026-07-15 12:12:29] 완료: 1953행 -> /home/runner/work/lalasweet-ad-dashboard/lalasweet-ad-dashboard/data/meta_raw_2026-07-01_2026-07-15.csv
