[2026-06-14 09:34:07] 수집 범위: 2026-06-13 ~ 2026-06-13 (1일)
[2026-06-14 09:34:08]   2026-06-13: 전체 235행 -> 인지 제외 후 188행
[2026-06-14 09:34:08] spend > 0 행: 0개
[2026-06-14 09:34:08] 완료: 0행 -> /home/runner/work/lalasweet-ad-dashboard/lalasweet-ad-dashboard/data/tiktok_raw_2026-06-13_2026-06-13.csv
[2026-06-14 09:34:08] 마지막 성공 날짜 갱신: 2026-06-13
[2026-06-14 09:42:58] 수집 범위: 2026-06-01 ~ 2026-06-13 (13일)
[2026-06-14 09:43:01]   2026-06-01: 전체 492행 -> 인지 제외 후 492행
[2026-06-14 09:43:05]   2026-06-02: 전체 420행 -> 인지 제외 후 420행
[2026-06-14 09:43:07]   2026-06-03: 전체 365행 -> 인지 제외 후 365행
[2026-06-14 09:43:10]   2026-06-04: 전체 406행 -> 인지 제외 후 406행
[2026-06-14 09:43:12]   2026-06-05: 전체 326행 -> 인지 제외 후 326행
[2026-06-14 09:43:14]   2026-06-06: 전체 297행 -> 인지 제외 후 297행
[2026-06-14 09:43:16]   2026-06-07: 전체 273행 -> 인지 제외 후 273행
[2026-06-14 09:43:18]   2026-06-08: 전체 222행 -> 인지 제외 후 222행
[2026-06-14 09:43:30]   2026-06-09: 전체 231행 -> 인지 제외 후 217행
[2026-06-14 09:43:32]   2026-06-10: 전체 258행 -> 인지 제외 후 231행
[2026-06-14 09:43:34]   2026-06-11: 전체 259행 -> 인지 제외 후 232행
[2026-06-14 09:43:35]   2026-06-12: 전체 265행 -> 인지 제외 후 229행
[2026-06-14 09:43:37]   2026-06-13: 전체 235행 -> 인지 제외 후 188행
[2026-06-14 09:43:37] spend > 0 행: 18개
[2026-06-14 09:43:37] 완료: 18행 -> /home/runner/work/lalasweet-ad-dashboard/lalasweet-ad-dashboard/data/tiktok_raw_2026-06-01_2026-06-13.csv
[2026-06-14 09:43:37] 마지막 성공 날짜 갱신: 2026-06-13
[2026-06-14 13:44:05] 받을 새 데이터 없음 (이미 2026-06-13까지 수집 완료) -> 종료
[2026-06-14 23:59:06] 받을 새 데이터 없음 (이미 2026-06-13까지 수집 완료) -> 종료
[2026-06-15 02:04:31] 수집 범위: 2026-06-14 ~ 2026-06-14 (1일)
[2026-06-15 02:04:32]   2026-06-14: 전체 117행 -> 인지 제외 후 75행
[2026-06-15 02:04:32] spend > 0 행: 0개
[2026-06-15 02:04:32] 완료: 0행 -> /home/runner/work/lalasweet-ad-dashboard/lalasweet-ad-dashboard/data/tiktok_raw_2026-06-14_2026-06-14.csv
[2026-06-15 02:04:32] 마지막 성공 날짜 갱신: 2026-06-14
[2026-06-15 03:45:07] 받을 새 데이터 없음 (이미 2026-06-14까지 수집 완료) -> 종료
[2026-06-16 00:17:47] 수집 범위: 2026-06-15 ~ 2026-06-15 (1일)
[2026-06-16 00:17:48]   2026-06-15: 전체 131행 -> 인지 제외 후 91행
[2026-06-16 00:17:48] spend > 0 행: 0개
[2026-06-16 00:17:48] 완료: 0행 -> /home/runner/work/lalasweet-ad-dashboard/lalasweet-ad-dashboard/data/tiktok_raw_2026-06-15_2026-06-15.csv
[2026-06-16 00:17:48] 마지막 성공 날짜 갱신: 2026-06-15
[2026-06-16 12:06:35] [백필 모드] 수집 범위: 2026-01-01 ~ 2026-05-31
[2026-06-16 12:06:35] 경고: 수집 범위 151일. 장기 누락 가능성.
[2026-06-16 12:06:35] 수집 범위: 2026-01-01 ~ 2026-05-31 (151일)
[2026-06-16 12:06:36]   2026-01-01: 전체 63행 -> 인지 제외 후 63행
[2026-06-16 12:06:36]   2026-01-02: 전체 74행 -> 인지 제외 후 74행
[2026-06-16 12:06:37]   2026-01-03: 전체 58행 -> 인지 제외 후 58행
[2026-06-16 12:06:38]   2026-01-04: 전체 58행 -> 인지 제외 후 58행
[2026-06-16 12:06:39]   2026-01-05: 전체 57행 -> 인지 제외 후 57행
[2026-06-16 12:06:40]   2026-01-06: 전체 51행 -> 인지 제외 후 51행
[2026-06-16 12:06:41]   2026-01-07: 전체 47행 -> 인지 제외 후 47행
[2026-06-16 12:06:42]   2026-01-08: 전체 50행 -> 인지 제외 후 50행
[2026-06-16 12:06:43]   2026-01-09: 전체 43행 -> 인지 제외 후 43행
[2026-06-16 12:06:44]   2026-01-10: 전체 46행 -> 인지 제외 후 46행
[2026-06-16 12:06:45]   2026-01-11: 전체 46행 -> 인지 제외 후 46행
[2026-06-16 12:06:46]   2026-01-12: 전체 51행 -> 인지 제외 후 51행
[2026-06-16 12:06:46]   2026-01-13: 전체 51행 -> 인지 제외 후 51행
[2026-06-16 12:06:48]   2026-01-14: 전체 38행 -> 인지 제외 후 38행
[2026-06-16 12:06:49]   2026-01-15: 전체 38행 -> 인지 제외 후 38행
[2026-06-16 12:06:50]   2026-01-16: 전체 36행 -> 인지 제외 후 36행
[2026-06-16 12:06:51]   2026-01-17: 전체 31행 -> 인지 제외 후 31행
[2026-06-16 12:06:53]   2026-01-18: 전체 42행 -> 인지 제외 후 42행
[2026-06-16 12:06:55]   2026-01-19: 전체 28행 -> 인지 제외 후 28행
[2026-06-16 12:06:55]   2026-01-20: 전체 35행 -> 인지 제외 후 35행
[2026-06-16 12:06:56]   2026-01-21: 전체 29행 -> 인지 제외 후 29행
[2026-06-16 12:06:57]   2026-01-22: 전체 24행 -> 인지 제외 후 24행
[2026-06-16 12:06:57]   2026-01-23: 전체 27행 -> 인지 제외 후 27행
[2026-06-16 12:06:59]   2026-01-24: 전체 23행 -> 인지 제외 후 23행
[2026-06-16 12:07:00]   2026-01-25: 전체 28행 -> 인지 제외 후 28행
[2026-06-16 12:07:01]   2026-01-26: 전체 22행 -> 인지 제외 후 22행
[2026-06-16 12:07:01]   2026-01-27: 전체 30행 -> 인지 제외 후 30행
[2026-06-16 12:07:03]   2026-01-28: 전체 27행 -> 인지 제외 후 27행
[2026-06-16 12:07:03]   2026-01-29: 전체 29행 -> 인지 제외 후 29행
[2026-06-16 12:07:04]   2026-01-30: 전체 32행 -> 인지 제외 후 32행
[2026-06-16 12:07:05]   2026-01-31: 전체 25행 -> 인지 제외 후 25행
[2026-06-16 12:07:06]   2026-02-01: 전체 23행 -> 인지 제외 후 23행
[2026-06-16 12:07:07]   2026-02-02: 전체 30행 -> 인지 제외 후 30행
[2026-06-16 12:07:08]   2026-02-03: 전체 38행 -> 인지 제외 후 38행
[2026-06-16 12:07:08]   2026-02-04: 전체 30행 -> 인지 제외 후 30행
[2026-06-16 12:07:09]   2026-02-05: 전체 28행 -> 인지 제외 후 28행
[2026-06-16 12:07:10]   2026-02-06: 전체 34행 -> 인지 제외 후 34행
[2026-06-16 12:07:11]   2026-02-07: 전체 31행 -> 인지 제외 후 31행
[2026-06-16 12:07:12]   2026-02-08: 전체 31행 -> 인지 제외 후 31행
[2026-06-16 12:07:12]   2026-02-09: 전체 33행 -> 인지 제외 후 33행
[2026-06-16 12:07:13]   2026-02-10: 전체 35행 -> 인지 제외 후 35행
[2026-06-16 12:07:14]   2026-02-11: 전체 33행 -> 인지 제외 후 33행
[2026-06-16 12:07:15]   2026-02-12: 전체 30행 -> 인지 제외 후 30행
[2026-06-16 12:07:15]   2026-02-13: 전체 31행 -> 인지 제외 후 31행
[2026-06-16 12:07:16]   2026-02-14: 전체 69행 -> 인지 제외 후 69행
[2026-06-16 12:07:17]   2026-02-15: 전체 66행 -> 인지 제외 후 66행
[2026-06-16 12:07:18]   2026-02-16: 전체 64행 -> 인지 제외 후 64행
[2026-06-16 12:07:18]   2026-02-17: 전체 70행 -> 인지 제외 후 70행
[2026-06-16 12:07:19]   2026-02-18: 전체 70행 -> 인지 제외 후 70행
[2026-06-16 12:07:20]   2026-02-19: 전체 67행 -> 인지 제외 후 67행
[2026-06-16 12:07:21]   2026-02-20: 전체 70행 -> 인지 제외 후 70행
[2026-06-16 12:07:21]   2026-02-21: 전체 67행 -> 인지 제외 후 67행
[2026-06-16 12:07:22]   2026-02-22: 전체 70행 -> 인지 제외 후 70행
[2026-06-16 12:07:23]   2026-02-23: 전체 70행 -> 인지 제외 후 70행
[2026-06-16 12:07:24]   2026-02-24: 전체 72행 -> 인지 제외 후 72행
[2026-06-16 12:07:25]   2026-02-25: 전체 70행 -> 인지 제외 후 70행
[2026-06-16 12:07:25]   2026-02-26: 전체 69행 -> 인지 제외 후 69행
[2026-06-16 12:07:26]   2026-02-27: 전체 71행 -> 인지 제외 후 71행
[2026-06-16 12:07:27]   2026-02-28: 전체 67행 -> 인지 제외 후 67행
[2026-06-16 12:07:28]   2026-03-01: 전체 71행 -> 인지 제외 후 71행
[2026-06-16 12:07:28]   2026-03-02: 전체 70행 -> 인지 제외 후 70행
[2026-06-16 12:07:29]   2026-03-03: 전체 74행 -> 인지 제외 후 74행
[2026-06-16 12:07:30]   2026-03-04: 전체 77행 -> 인지 제외 후 77행
[2026-06-16 12:07:31]   2026-03-05: 전체 70행 -> 인지 제외 후 70행
[2026-06-16 12:07:32]   2026-03-06: 전체 113행 -> 인지 제외 후 113행
[2026-06-16 12:07:34]   2026-03-07: 전체 143행 -> 인지 제외 후 143행
[2026-06-16 12:07:35]   2026-03-08: 전체 155행 -> 인지 제외 후 155행
[2026-06-16 12:07:37]   2026-03-09: 전체 153행 -> 인지 제외 후 153행
[2026-06-16 12:07:39]   2026-03-10: 전체 150행 -> 인지 제외 후 150행
[2026-06-16 12:07:40]   2026-03-11: 전체 149행 -> 인지 제외 후 149행
[2026-06-16 12:07:42]   2026-03-12: 전체 143행 -> 인지 제외 후 143행
[2026-06-16 12:07:43]   2026-03-13: 전체 140행 -> 인지 제외 후 140행
[2026-06-16 12:07:45]   2026-03-14: 전체 154행 -> 인지 제외 후 154행
[2026-06-16 12:07:46]   2026-03-15: 전체 162행 -> 인지 제외 후 162행
[2026-06-16 12:07:50]   2026-03-16: 전체 204행 -> 인지 제외 후 204행
[2026-06-16 12:07:52]   2026-03-17: 전체 196행 -> 인지 제외 후 196행
[2026-06-16 12:07:53]   2026-03-18: 전체 193행 -> 인지 제외 후 193행
[2026-06-16 12:07:55]   2026-03-19: 전체 188행 -> 인지 제외 후 188행
[2026-06-16 12:07:57]   2026-03-20: 전체 202행 -> 인지 제외 후 202행
[2026-06-16 12:07:59]   2026-03-21: 전체 186행 -> 인지 제외 후 186행
[2026-06-16 12:08:02]   2026-03-22: 전체 255행 -> 인지 제외 후 255행
[2026-06-16 12:08:04]   2026-03-23: 전체 248행 -> 인지 제외 후 248행
[2026-06-16 12:08:08]   2026-03-24: 전체 246행 -> 인지 제외 후 246행
[2026-06-16 12:08:12]   2026-03-25: 전체 234행 -> 인지 제외 후 234행
[2026-06-16 12:08:14]   2026-03-26: 전체 219행 -> 인지 제외 후 219행
[2026-06-16 12:08:17]   2026-03-27: 전체 235행 -> 인지 제외 후 235행
[2026-06-16 12:08:20]   2026-03-28: 전체 261행 -> 인지 제외 후 261행
[2026-06-16 12:08:23]   2026-03-29: 전체 286행 -> 인지 제외 후 286행
[2026-06-16 12:08:25]   2026-03-30: 전체 266행 -> 인지 제외 후 266행
[2026-06-16 12:08:27]   2026-03-31: 전체 275행 -> 인지 제외 후 275행
[2026-06-16 12:08:30]   2026-04-01: 전체 284행 -> 인지 제외 후 284행
[2026-06-16 12:08:34]   2026-04-02: 전체 267행 -> 인지 제외 후 267행
[2026-06-16 12:08:36]   2026-04-03: 전체 271행 -> 인지 제외 후 271행
[2026-06-16 12:08:39]   2026-04-04: 전체 289행 -> 인지 제외 후 289행
[2026-06-16 12:08:42]   2026-04-05: 전체 340행 -> 인지 제외 후 340행
[2026-06-16 12:08:46]   2026-04-06: 전체 313행 -> 인지 제외 후 313행
[2026-06-16 12:08:48]   2026-04-07: 전체 294행 -> 인지 제외 후 294행
[2026-06-16 12:08:50]   2026-04-08: 전체 286행 -> 인지 제외 후 286행
[2026-06-16 12:08:52]   2026-04-09: 전체 293행 -> 인지 제외 후 293행
[2026-06-16 12:08:57]   2026-04-10: 전체 302행 -> 인지 제외 후 302행
[2026-06-16 12:09:00]   2026-04-11: 전체 334행 -> 인지 제외 후 334행
[2026-06-16 12:09:03]   2026-04-12: 전체 351행 -> 인지 제외 후 351행
[2026-06-16 12:09:06]   2026-04-13: 전체 312행 -> 인지 제외 후 312행
[2026-06-16 12:09:08]   2026-04-14: 전체 282행 -> 인지 제외 후 282행
[2026-06-16 12:09:11]   2026-04-15: 전체 291행 -> 인지 제외 후 291행
[2026-06-16 12:09:14]   2026-04-16: 전체 291행 -> 인지 제외 후 291행
[2026-06-16 12:09:16]   2026-04-17: 전체 296행 -> 인지 제외 후 296행
[2026-06-16 12:09:19]   2026-04-18: 전체 360행 -> 인지 제외 후 360행
[2026-06-16 12:09:23]   2026-04-19: 전체 336행 -> 인지 제외 후 336행
[2026-06-16 12:09:26]   2026-04-20: 전체 302행 -> 인지 제외 후 302행
[2026-06-16 12:09:31]   2026-04-21: 전체 351행 -> 인지 제외 후 351행
[2026-06-16 12:09:34]   2026-04-22: 전체 335행 -> 인지 제외 후 335행
[2026-06-16 12:09:36]   2026-04-23: 전체 315행 -> 인지 제외 후 315행
[2026-06-16 12:09:40]   2026-04-24: 전체 350행 -> 인지 제외 후 350행
[2026-06-16 12:09:45]   2026-04-25: 전체 350행 -> 인지 제외 후 350행
[2026-06-16 12:09:49]   2026-04-26: 전체 364행 -> 인지 제외 후 364행
[2026-06-16 12:09:53]   2026-04-27: 전체 352행 -> 인지 제외 후 352행
[2026-06-16 12:09:57]   2026-04-28: 전체 346행 -> 인지 제외 후 346행
[2026-06-16 12:10:02]   2026-04-29: 전체 327행 -> 인지 제외 후 327행
[2026-06-16 12:10:05]   2026-04-30: 전체 377행 -> 인지 제외 후 377행
[2026-06-16 12:10:11]   2026-05-01: 전체 492행 -> 인지 제외 후 492행
[2026-06-16 12:10:17]   2026-05-02: 전체 526행 -> 인지 제외 후 526행
[2026-06-16 12:10:22]   2026-05-03: 전체 511행 -> 인지 제외 후 511행
[2026-06-16 12:10:25]   2026-05-04: 전체 463행 -> 인지 제외 후 463행
[2026-06-16 12:10:29]   2026-05-05: 전체 464행 -> 인지 제외 후 464행
[2026-06-16 12:10:34]   2026-05-06: 전체 554행 -> 인지 제외 후 554행
[2026-06-16 12:10:38]   2026-05-07: 전체 589행 -> 인지 제외 후 589행
[2026-06-16 12:10:43]   2026-05-08: 전체 642행 -> 인지 제외 후 642행
[2026-06-16 12:10:50]   2026-05-09: 전체 671행 -> 인지 제외 후 671행
[2026-06-16 12:10:57]   2026-05-10: 전체 761행 -> 인지 제외 후 761행
[2026-06-16 12:11:03]   2026-05-11: 전체 698행 -> 인지 제외 후 698행
[2026-06-16 12:11:08]   2026-05-12: 전체 686행 -> 인지 제외 후 686행
[2026-06-16 12:11:13]   2026-05-13: 전체 651행 -> 인지 제외 후 651행
[2026-06-16 12:11:19]   2026-05-14: 전체 667행 -> 인지 제외 후 667행
[2026-06-16 12:11:23]   2026-05-15: 전체 652행 -> 인지 제외 후 652행
[2026-06-16 12:11:30]   2026-05-16: 전체 739행 -> 인지 제외 후 739행
[2026-06-16 12:11:36]   2026-05-17: 전체 773행 -> 인지 제외 후 773행
[2026-06-16 12:11:42]   2026-05-18: 전체 656행 -> 인지 제외 후 656행
[2026-06-16 12:11:50]   2026-05-19: 전체 675행 -> 인지 제외 후 675행
[2026-06-16 12:11:57]   2026-05-20: 전체 645행 -> 인지 제외 후 645행
[2026-06-16 12:12:03]   2026-05-21: 전체 618행 -> 인지 제외 후 618행
[2026-06-16 12:12:07]   2026-05-22: 전체 566행 -> 인지 제외 후 566행
[2026-06-16 12:12:14]   2026-05-23: 전체 604행 -> 인지 제외 후 604행
[2026-06-16 12:12:18]   2026-05-24: 전체 594행 -> 인지 제외 후 594행
[2026-06-16 12:12:24]   2026-05-25: 전체 559행 -> 인지 제외 후 559행
[2026-06-16 12:12:29]   2026-05-26: 전체 550행 -> 인지 제외 후 550행
[2026-06-16 12:12:34]   2026-05-27: 전체 537행 -> 인지 제외 후 537행
[2026-06-16 12:12:41]   2026-05-28: 전체 530행 -> 인지 제외 후 530행
[2026-06-16 12:12:45]   2026-05-29: 전체 476행 -> 인지 제외 후 476행
[2026-06-16 12:12:49]   2026-05-30: 전체 487행 -> 인지 제외 후 487행
[2026-06-16 12:12:52]   2026-05-31: 전체 497행 -> 인지 제외 후 497행
[2026-06-16 12:12:52] spend > 0 행: 5861개
[2026-06-16 12:12:52] [백필 모드] state 파일 갱신 생략
[2026-06-16 12:12:52] 완료: 5861행 -> /home/runner/work/lalasweet-ad-dashboard/lalasweet-ad-dashboard/data/tiktok_raw_2026-01-01_2026-05-31.csv
[2026-06-16 12:57:35] [백필 모드] 수집 범위: 2026-01-01 ~ 2026-06-15
[2026-06-16 12:57:35] 경고: 수집 범위 166일. 장기 누락 가능성.
[2026-06-16 12:57:35] 수집 범위: 2026-01-01 ~ 2026-06-15 (166일)
[2026-06-16 12:57:36]   2026-01-01: 전체 63행 -> 제외 후 45행
[2026-06-16 12:57:37]   2026-01-02: 전체 74행 -> 제외 후 47행
[2026-06-16 12:57:37]   2026-01-03: 전체 58행 -> 제외 후 36행
[2026-06-16 12:57:38]   2026-01-04: 전체 58행 -> 제외 후 39행
[2026-06-16 12:57:39]   2026-01-05: 전체 57행 -> 제외 후 37행
[2026-06-16 12:57:40]   2026-01-06: 전체 51행 -> 제외 후 33행
[2026-06-16 12:57:41]   2026-01-07: 전체 47행 -> 제외 후 30행
[2026-06-16 12:57:42]   2026-01-08: 전체 50행 -> 제외 후 33행
[2026-06-16 12:57:42]   2026-01-09: 전체 43행 -> 제외 후 28행
[2026-06-16 12:57:43]   2026-01-10: 전체 46행 -> 제외 후 28행
[2026-06-16 12:57:44]   2026-01-11: 전체 46행 -> 제외 후 28행
[2026-06-16 12:57:45]   2026-01-12: 전체 51행 -> 제외 후 34행
[2026-06-16 12:57:46]   2026-01-13: 전체 51행 -> 제외 후 31행
[2026-06-16 12:57:47]   2026-01-14: 전체 38행 -> 제외 후 22행
[2026-06-16 12:57:47]   2026-01-15: 전체 38행 -> 제외 후 22행
[2026-06-16 12:57:48]   2026-01-16: 전체 36행 -> 제외 후 21행
[2026-06-16 12:57:49]   2026-01-17: 전체 31행 -> 제외 후 19행
[2026-06-16 12:57:50]   2026-01-18: 전체 42행 -> 제외 후 27행
[2026-06-16 12:57:51]   2026-01-19: 전체 28행 -> 제외 후 19행
[2026-06-16 12:57:51]   2026-01-20: 전체 35행 -> 제외 후 22행
[2026-06-16 12:57:52]   2026-01-21: 전체 29행 -> 제외 후 21행
[2026-06-16 12:57:53]   2026-01-22: 전체 24행 -> 제외 후 19행
[2026-06-16 12:57:53]   2026-01-23: 전체 27행 -> 제외 후 20행
[2026-06-16 12:57:54]   2026-01-24: 전체 23행 -> 제외 후 19행
[2026-06-16 12:57:55]   2026-01-25: 전체 28행 -> 제외 후 21행
[2026-06-16 12:57:55]   2026-01-26: 전체 22행 -> 제외 후 18행
[2026-06-16 12:57:56]   2026-01-27: 전체 30행 -> 제외 후 21행
[2026-06-16 12:57:57]   2026-01-28: 전체 27행 -> 제외 후 21행
[2026-06-16 12:57:57]   2026-01-29: 전체 29행 -> 제외 후 21행
[2026-06-16 12:57:58]   2026-01-30: 전체 32행 -> 제외 후 21행
[2026-06-16 12:57:59]   2026-01-31: 전체 25행 -> 제외 후 20행
[2026-06-16 12:58:00]   2026-02-01: 전체 23행 -> 제외 후 20행
[2026-06-16 12:58:00]   2026-02-02: 전체 30행 -> 제외 후 20행
[2026-06-16 12:58:01]   2026-02-03: 전체 38행 -> 제외 후 18행
[2026-06-16 12:58:03]   2026-02-04: 전체 30행 -> 제외 후 12행
[2026-06-16 12:58:04]   2026-02-05: 전체 28행 -> 제외 후 8행
[2026-06-16 12:58:05]   2026-02-06: 전체 34행 -> 제외 후 7행
[2026-06-16 12:58:06]   2026-02-07: 전체 31행 -> 제외 후 5행
[2026-06-16 12:58:07]   2026-02-08: 전체 31행 -> 제외 후 5행
[2026-06-16 12:58:07]   2026-02-09: 전체 33행 -> 제외 후 6행
[2026-06-16 12:58:08]   2026-02-10: 전체 35행 -> 제외 후 3행
[2026-06-16 12:58:09]   2026-02-11: 전체 33행 -> 제외 후 1행
[2026-06-16 12:58:10]   2026-02-12: 전체 30행 -> 제외 후 0행
[2026-06-16 12:58:11]   2026-02-13: 전체 31행 -> 제외 후 1행
[2026-06-16 12:58:12]   2026-02-14: 전체 69행 -> 제외 후 7행
[2026-06-16 12:58:13]   2026-02-15: 전체 66행 -> 제외 후 6행
[2026-06-16 12:58:13]   2026-02-16: 전체 64행 -> 제외 후 4행
[2026-06-16 12:58:14]   2026-02-17: 전체 70행 -> 제외 후 8행
[2026-06-16 12:58:15]   2026-02-18: 전체 70행 -> 제외 후 5행
[2026-06-16 12:58:16]   2026-02-19: 전체 67행 -> 제외 후 5행
[2026-06-16 12:58:17]   2026-02-20: 전체 70행 -> 제외 후 7행
[2026-06-16 12:58:17]   2026-02-21: 전체 67행 -> 제외 후 5행
[2026-06-16 12:58:18]   2026-02-22: 전체 70행 -> 제외 후 6행
[2026-06-16 12:58:19]   2026-02-23: 전체 70행 -> 제외 후 4행
[2026-06-16 12:58:21]   2026-02-24: 전체 72행 -> 제외 후 5행
[2026-06-16 12:58:23]   2026-02-25: 전체 70행 -> 제외 후 5행
[2026-06-16 12:58:24]   2026-02-26: 전체 69행 -> 제외 후 3행
[2026-06-16 12:58:25]   2026-02-27: 전체 71행 -> 제외 후 6행
[2026-06-16 12:58:26]   2026-02-28: 전체 67행 -> 제외 후 4행
[2026-06-16 12:58:27]   2026-03-01: 전체 71행 -> 제외 후 5행
[2026-06-16 12:58:28]   2026-03-02: 전체 70행 -> 제외 후 4행
[2026-06-16 12:58:29]   2026-03-03: 전체 74행 -> 제외 후 7행
[2026-06-16 12:58:30]   2026-03-04: 전체 77행 -> 제외 후 14행
[2026-06-16 12:58:31]   2026-03-05: 전체 70행 -> 제외 후 9행
[2026-06-16 12:58:33]   2026-03-06: 전체 113행 -> 제외 후 10행
[2026-06-16 12:58:34]   2026-03-07: 전체 143행 -> 제외 후 42행
[2026-06-16 12:58:36]   2026-03-08: 전체 155행 -> 제외 후 54행
[2026-06-16 12:58:37]   2026-03-09: 전체 153행 -> 제외 후 52행
[2026-06-16 12:58:39]   2026-03-10: 전체 150행 -> 제외 후 51행
[2026-06-16 12:58:41]   2026-03-11: 전체 149행 -> 제외 후 51행
[2026-06-16 12:58:42]   2026-03-12: 전체 143행 -> 제외 후 50행
[2026-06-16 12:58:44]   2026-03-13: 전체 140행 -> 제외 후 48행
[2026-06-16 12:58:45]   2026-03-14: 전체 154행 -> 제외 후 51행
[2026-06-16 12:58:48]   2026-03-15: 전체 162행 -> 제외 후 45행
[2026-06-16 12:58:50]   2026-03-16: 전체 204행 -> 제외 후 98행
[2026-06-16 12:58:52]   2026-03-17: 전체 196행 -> 제외 후 97행
[2026-06-16 12:58:54]   2026-03-18: 전체 193행 -> 제외 후 93행
[2026-06-16 12:58:55]   2026-03-19: 전체 188행 -> 제외 후 88행
[2026-06-16 12:58:58]   2026-03-20: 전체 202행 -> 제외 후 104행
[2026-06-16 12:59:00]   2026-03-21: 전체 186행 -> 제외 후 97행
[2026-06-16 12:59:02]   2026-03-22: 전체 255행 -> 제외 후 134행
[2026-06-16 12:59:04]   2026-03-23: 전체 248행 -> 제외 후 138행
[2026-06-16 12:59:07]   2026-03-24: 전체 246행 -> 제외 후 136행
[2026-06-16 12:59:10]   2026-03-25: 전체 234행 -> 제외 후 133행
[2026-06-16 12:59:13]   2026-03-26: 전체 219행 -> 제외 후 125행
[2026-06-16 12:59:16]   2026-03-27: 전체 235행 -> 제외 후 131행
[2026-06-16 12:59:18]   2026-03-28: 전체 261행 -> 제외 후 131행
[2026-06-16 12:59:21]   2026-03-29: 전체 286행 -> 제외 후 150행
[2026-06-16 12:59:23]   2026-03-30: 전체 266행 -> 제외 후 148행
[2026-06-16 12:59:26]   2026-03-31: 전체 275행 -> 제외 후 152행
[2026-06-16 12:59:29]   2026-04-01: 전체 284행 -> 제외 후 154행
[2026-06-16 12:59:31]   2026-04-02: 전체 267행 -> 제외 후 146행
[2026-06-16 12:59:34]   2026-04-03: 전체 271행 -> 제외 후 147행
[2026-06-16 12:59:37]   2026-04-04: 전체 289행 -> 제외 후 164행
[2026-06-16 12:59:41]   2026-04-05: 전체 340행 -> 제외 후 197행
[2026-06-16 12:59:44]   2026-04-06: 전체 313행 -> 제외 후 177행
[2026-06-16 12:59:47]   2026-04-07: 전체 294행 -> 제외 후 175행
[2026-06-16 12:59:49]   2026-04-08: 전체 286행 -> 제외 후 171행
[2026-06-16 12:59:52]   2026-04-09: 전체 293행 -> 제외 후 170행
[2026-06-16 12:59:55]   2026-04-10: 전체 302행 -> 제외 후 178행
[2026-06-16 12:59:58]   2026-04-11: 전체 334행 -> 제외 후 183행
[2026-06-16 13:00:02]   2026-04-12: 전체 351행 -> 제외 후 214행
[2026-06-16 13:00:05]   2026-04-13: 전체 312행 -> 제외 후 194행
[2026-06-16 13:00:09]   2026-04-14: 전체 282행 -> 제외 후 165행
[2026-06-16 13:00:13]   2026-04-15: 전체 291행 -> 제외 후 178행
[2026-06-16 13:00:16]   2026-04-16: 전체 291행 -> 제외 후 175행
[2026-06-16 13:00:20]   2026-04-17: 전체 296행 -> 제외 후 179행
[2026-06-16 13:00:23]   2026-04-18: 전체 360행 -> 제외 후 169행
[2026-06-16 13:00:27]   2026-04-19: 전체 336행 -> 제외 후 169행
[2026-06-16 13:00:30]   2026-04-20: 전체 302행 -> 제외 후 147행
[2026-06-16 13:00:34]   2026-04-21: 전체 351행 -> 제외 후 159행
[2026-06-16 13:00:38]   2026-04-22: 전체 335행 -> 제외 후 159행
[2026-06-16 13:00:42]   2026-04-23: 전체 315행 -> 제외 후 146행
[2026-06-16 13:00:48]   2026-04-24: 전체 350행 -> 제외 후 147행
[2026-06-16 13:00:51]   2026-04-25: 전체 350행 -> 제외 후 165행
[2026-06-16 13:00:56]   2026-04-26: 전체 364행 -> 제외 후 164행
[2026-06-16 13:01:00]   2026-04-27: 전체 352행 -> 제외 후 151행
[2026-06-16 13:01:04]   2026-04-28: 전체 346행 -> 제외 후 155행
[2026-06-16 13:01:08]   2026-04-29: 전체 327행 -> 제외 후 147행
[2026-06-16 13:01:13]   2026-04-30: 전체 377행 -> 제외 후 154행
[2026-06-16 13:01:18]   2026-05-01: 전체 492행 -> 제외 후 160행
[2026-06-16 13:01:26]   2026-05-02: 전체 526행 -> 제외 후 159행
[2026-06-16 13:01:32]   2026-05-03: 전체 511행 -> 제외 후 136행
[2026-06-16 13:01:36]   2026-05-04: 전체 463행 -> 제외 후 103행
[2026-06-16 13:01:41]   2026-05-05: 전체 464행 -> 제외 후 96행
[2026-06-16 13:01:46]   2026-05-06: 전체 554행 -> 제외 후 164행
[2026-06-16 13:01:51]   2026-05-07: 전체 589행 -> 제외 후 188행
[2026-06-16 13:01:58]   2026-05-08: 전체 642행 -> 제외 후 208행
[2026-06-16 13:02:04]   2026-05-09: 전체 671행 -> 제외 후 165행
[2026-06-16 13:02:11]   2026-05-10: 전체 761행 -> 제외 후 209행
[2026-06-16 13:02:18]   2026-05-11: 전체 698행 -> 제외 후 167행
[2026-06-16 13:02:24]   2026-05-12: 전체 686행 -> 제외 후 157행
[2026-06-16 13:02:30]   2026-05-13: 전체 651행 -> 제외 후 151행
[2026-06-16 13:02:37]   2026-05-14: 전체 667행 -> 제외 후 155행
[2026-06-16 13:02:42]   2026-05-15: 전체 652행 -> 제외 후 145행
[2026-06-16 13:02:49]   2026-05-16: 전체 739행 -> 제외 후 146행
[2026-06-16 13:02:58]   2026-05-17: 전체 773행 -> 제외 후 149행
[2026-06-16 13:03:06]   2026-05-18: 전체 656행 -> 제외 후 140행
[2026-06-16 13:03:12]   2026-05-19: 전체 675행 -> 제외 후 133행
[2026-06-16 13:03:20]   2026-05-20: 전체 645행 -> 제외 후 127행
[2026-06-16 13:03:28]   2026-05-21: 전체 618행 -> 제외 후 124행
[2026-06-16 13:03:33]   2026-05-22: 전체 566행 -> 제외 후 114행
[2026-06-16 13:03:39]   2026-05-23: 전체 604행 -> 제외 후 116행
[2026-06-16 13:03:45]   2026-05-24: 전체 594행 -> 제외 후 119행
[2026-06-16 13:03:51]   2026-05-25: 전체 559행 -> 제외 후 108행
[2026-06-16 13:03:56]   2026-05-26: 전체 550행 -> 제외 후 102행
[2026-06-16 13:04:02]   2026-05-27: 전체 537행 -> 제외 후 103행
[2026-06-16 13:04:07]   2026-05-28: 전체 530행 -> 제외 후 102행
[2026-06-16 13:04:11]   2026-05-29: 전체 476행 -> 제외 후 102행
[2026-06-16 13:04:16]   2026-05-30: 전체 487행 -> 제외 후 99행
[2026-06-16 13:04:20]   2026-05-31: 전체 497행 -> 제외 후 100행
[2026-06-16 13:04:24]   2026-06-01: 전체 492행 -> 제외 후 102행
[2026-06-16 13:04:28]   2026-06-02: 전체 420행 -> 제외 후 92행
[2026-06-16 13:04:31]   2026-06-03: 전체 365행 -> 제외 후 88행
[2026-06-16 13:04:35]   2026-06-04: 전체 406행 -> 제외 후 61행
[2026-06-16 13:04:39]   2026-06-05: 전체 326행 -> 제외 후 47행
[2026-06-16 13:04:42]   2026-06-06: 전체 297행 -> 제외 후 38행
[2026-06-16 13:04:44]   2026-06-07: 전체 273행 -> 제외 후 51행
[2026-06-16 13:04:46]   2026-06-08: 전체 222행 -> 제외 후 23행
[2026-06-16 13:04:49]   2026-06-09: 전체 231행 -> 제외 후 20행
[2026-06-16 13:04:52]   2026-06-10: 전체 258행 -> 제외 후 24행
[2026-06-16 13:04:54]   2026-06-11: 전체 259행 -> 제외 후 20행
[2026-06-16 13:04:57]   2026-06-12: 전체 265행 -> 제외 후 22행
[2026-06-16 13:04:59]   2026-06-13: 전체 235행 -> 제외 후 21행
[2026-06-16 13:05:01]   2026-06-14: 전체 198행 -> 제외 후 22행
[2026-06-16 13:05:03]   2026-06-15: 전체 179행 -> 제외 후 20행
[2026-06-16 13:05:03] spend > 0 행: 935개
[2026-06-16 13:05:03] [백필 모드] state 파일 갱신 생략
[2026-06-16 13:05:03] 완료: 935행 -> /home/runner/work/lalasweet-ad-dashboard/lalasweet-ad-dashboard/data/tiktok_raw_2026-01-01_2026-06-15.csv
[2026-06-16 13:17:44] [백필 모드] 수집 범위: 2026-01-01 ~ 2026-06-15
[2026-06-16 13:17:44] 경고: 수집 범위 166일. 장기 누락 가능성.
[2026-06-16 13:17:44] 수집 범위: 2026-01-01 ~ 2026-06-15 (166일)
[2026-06-16 13:17:45]   2026-01-01: 전체 63행 -> 제외 후 45행
[2026-06-16 13:17:45]   2026-01-02: 전체 74행 -> 제외 후 47행
[2026-06-16 13:17:47]   2026-01-03: 전체 58행 -> 제외 후 36행
[2026-06-16 13:17:47]   2026-01-04: 전체 58행 -> 제외 후 39행
[2026-06-16 13:17:48]   2026-01-05: 전체 57행 -> 제외 후 37행
[2026-06-16 13:17:49]   2026-01-06: 전체 51행 -> 제외 후 33행
[2026-06-16 13:17:50]   2026-01-07: 전체 47행 -> 제외 후 30행
[2026-06-16 13:17:50]   2026-01-08: 전체 50행 -> 제외 후 33행
[2026-06-16 13:17:51]   2026-01-09: 전체 43행 -> 제외 후 28행
[2026-06-16 13:17:52]   2026-01-10: 전체 46행 -> 제외 후 28행
[2026-06-16 13:17:52]   2026-01-11: 전체 46행 -> 제외 후 28행
[2026-06-16 13:17:53]   2026-01-12: 전체 51행 -> 제외 후 34행
[2026-06-16 13:17:54]   2026-01-13: 전체 51행 -> 제외 후 31행
[2026-06-16 13:17:55]   2026-01-14: 전체 38행 -> 제외 후 22행
[2026-06-16 13:17:55]   2026-01-15: 전체 38행 -> 제외 후 22행
[2026-06-16 13:17:57]   2026-01-16: 전체 36행 -> 제외 후 21행
[2026-06-16 13:17:58]   2026-01-17: 전체 31행 -> 제외 후 19행
[2026-06-16 13:17:58]   2026-01-18: 전체 42행 -> 제외 후 27행
[2026-06-16 13:17:59]   2026-01-19: 전체 28행 -> 제외 후 19행
[2026-06-16 13:18:00]   2026-01-20: 전체 35행 -> 제외 후 22행
[2026-06-16 13:18:01]   2026-01-21: 전체 29행 -> 제외 후 21행
[2026-06-16 13:18:02]   2026-01-22: 전체 24행 -> 제외 후 19행
[2026-06-16 13:18:03]   2026-01-23: 전체 27행 -> 제외 후 20행
[2026-06-16 13:18:04]   2026-01-24: 전체 23행 -> 제외 후 19행
[2026-06-16 13:18:05]   2026-01-25: 전체 28행 -> 제외 후 21행
[2026-06-16 13:18:06]   2026-01-26: 전체 22행 -> 제외 후 18행
[2026-06-16 13:18:06]   2026-01-27: 전체 30행 -> 제외 후 21행
[2026-06-16 13:18:07]   2026-01-28: 전체 27행 -> 제외 후 21행
[2026-06-16 13:18:08]   2026-01-29: 전체 29행 -> 제외 후 21행
[2026-06-16 13:18:09]   2026-01-30: 전체 32행 -> 제외 후 21행
[2026-06-16 13:18:09]   2026-01-31: 전체 25행 -> 제외 후 20행
[2026-06-16 13:18:10]   2026-02-01: 전체 23행 -> 제외 후 20행
[2026-06-16 13:18:11]   2026-02-02: 전체 30행 -> 제외 후 20행
[2026-06-16 13:18:11]   2026-02-03: 전체 38행 -> 제외 후 18행
[2026-06-16 13:18:12]   2026-02-04: 전체 30행 -> 제외 후 12행
[2026-06-16 13:18:13]   2026-02-05: 전체 28행 -> 제외 후 8행
[2026-06-16 13:18:14]   2026-02-06: 전체 34행 -> 제외 후 7행
[2026-06-16 13:18:14]   2026-02-07: 전체 31행 -> 제외 후 5행
[2026-06-16 13:18:15]   2026-02-08: 전체 31행 -> 제외 후 5행
[2026-06-16 13:18:16]   2026-02-09: 전체 33행 -> 제외 후 6행
[2026-06-16 13:18:16]   2026-02-10: 전체 35행 -> 제외 후 3행
[2026-06-16 13:18:17]   2026-02-11: 전체 33행 -> 제외 후 1행
[2026-06-16 13:18:18]   2026-02-12: 전체 30행 -> 제외 후 0행
[2026-06-16 13:18:19]   2026-02-13: 전체 31행 -> 제외 후 1행
[2026-06-16 13:18:20]   2026-02-14: 전체 69행 -> 제외 후 7행
[2026-06-16 13:18:21]   2026-02-15: 전체 66행 -> 제외 후 6행
[2026-06-16 13:18:22]   2026-02-16: 전체 64행 -> 제외 후 4행
[2026-06-16 13:18:23]   2026-02-17: 전체 70행 -> 제외 후 8행
[2026-06-16 13:18:24]   2026-02-18: 전체 70행 -> 제외 후 5행
[2026-06-16 13:18:25]   2026-02-19: 전체 67행 -> 제외 후 5행
[2026-06-16 13:18:26]   2026-02-20: 전체 70행 -> 제외 후 7행
[2026-06-16 13:18:26]   2026-02-21: 전체 67행 -> 제외 후 5행
[2026-06-16 13:18:27]   2026-02-22: 전체 70행 -> 제외 후 6행
[2026-06-16 13:18:28]   2026-02-23: 전체 70행 -> 제외 후 4행
[2026-06-16 13:18:29]   2026-02-24: 전체 72행 -> 제외 후 5행
[2026-06-16 13:18:31]   2026-02-25: 전체 70행 -> 제외 후 5행
[2026-06-16 13:18:32]   2026-02-26: 전체 69행 -> 제외 후 3행
[2026-06-16 13:18:33]   2026-02-27: 전체 71행 -> 제외 후 6행
[2026-06-16 13:18:34]   2026-02-28: 전체 67행 -> 제외 후 4행
[2026-06-16 13:18:35]   2026-03-01: 전체 71행 -> 제외 후 5행
[2026-06-16 13:18:36]   2026-03-02: 전체 70행 -> 제외 후 4행
[2026-06-16 13:18:37]   2026-03-03: 전체 74행 -> 제외 후 7행
[2026-06-16 13:18:38]   2026-03-04: 전체 77행 -> 제외 후 14행
[2026-06-16 13:18:38]   2026-03-05: 전체 70행 -> 제외 후 9행
[2026-06-16 13:18:40]   2026-03-06: 전체 113행 -> 제외 후 10행
[2026-06-16 13:18:41]   2026-03-07: 전체 143행 -> 제외 후 42행
[2026-06-16 13:18:43]   2026-03-08: 전체 155행 -> 제외 후 54행
[2026-06-16 13:18:45]   2026-03-09: 전체 153행 -> 제외 후 52행
[2026-06-16 13:18:46]   2026-03-10: 전체 150행 -> 제외 후 51행
[2026-06-16 13:18:47]   2026-03-11: 전체 149행 -> 제외 후 51행
[2026-06-16 13:18:49]   2026-03-12: 전체 143행 -> 제외 후 50행
[2026-06-16 13:18:50]   2026-03-13: 전체 140행 -> 제외 후 48행
[2026-06-16 13:18:52]   2026-03-14: 전체 154행 -> 제외 후 51행
[2026-06-16 13:18:53]   2026-03-15: 전체 162행 -> 제외 후 45행
[2026-06-16 13:18:56]   2026-03-16: 전체 204행 -> 제외 후 98행
[2026-06-16 13:18:58]   2026-03-17: 전체 196행 -> 제외 후 97행
[2026-06-16 13:19:01]   2026-03-18: 전체 193행 -> 제외 후 93행
[2026-06-16 13:19:03]   2026-03-19: 전체 188행 -> 제외 후 88행
[2026-06-16 13:19:05]   2026-03-20: 전체 202행 -> 제외 후 104행
[2026-06-16 13:19:07]   2026-03-21: 전체 186행 -> 제외 후 97행
[2026-06-16 13:19:09]   2026-03-22: 전체 255행 -> 제외 후 134행
[2026-06-16 13:19:11]   2026-03-23: 전체 248행 -> 제외 후 138행
[2026-06-16 13:19:14]   2026-03-24: 전체 246행 -> 제외 후 136행
[2026-06-16 13:19:16]   2026-03-25: 전체 234행 -> 제외 후 133행
[2026-06-16 13:19:18]   2026-03-26: 전체 219행 -> 제외 후 125행
[2026-06-16 13:19:20]   2026-03-27: 전체 235행 -> 제외 후 131행
[2026-06-16 13:19:23]   2026-03-28: 전체 261행 -> 제외 후 131행
[2026-06-16 13:19:25]   2026-03-29: 전체 286행 -> 제외 후 150행
[2026-06-16 13:19:29]   2026-03-30: 전체 266행 -> 제외 후 148행
[2026-06-16 13:19:31]   2026-03-31: 전체 275행 -> 제외 후 152행
[2026-06-16 13:19:34]   2026-04-01: 전체 284행 -> 제외 후 154행
[2026-06-16 13:19:36]   2026-04-02: 전체 267행 -> 제외 후 146행
[2026-06-16 13:19:39]   2026-04-03: 전체 271행 -> 제외 후 147행
[2026-06-16 13:19:42]   2026-04-04: 전체 289행 -> 제외 후 164행
[2026-06-16 13:19:45]   2026-04-05: 전체 340행 -> 제외 후 197행
[2026-06-16 13:19:49]   2026-04-06: 전체 313행 -> 제외 후 177행
[2026-06-16 13:19:51]   2026-04-07: 전체 294행 -> 제외 후 175행
[2026-06-16 13:19:53]   2026-04-08: 전체 286행 -> 제외 후 171행
[2026-06-16 13:19:56]   2026-04-09: 전체 293행 -> 제외 후 170행
[2026-06-16 13:19:59]   2026-04-10: 전체 302행 -> 제외 후 178행
[2026-06-16 13:20:02]   2026-04-11: 전체 334행 -> 제외 후 183행
[2026-06-16 13:20:05]   2026-04-12: 전체 351행 -> 제외 후 214행
[2026-06-16 13:20:10]   2026-04-13: 전체 312행 -> 제외 후 194행
[2026-06-16 13:20:13]   2026-04-14: 전체 282행 -> 제외 후 165행
[2026-06-16 13:20:16]   2026-04-15: 전체 291행 -> 제외 후 178행
[2026-06-16 13:20:20]   2026-04-16: 전체 291행 -> 제외 후 175행
[2026-06-16 13:20:23]   2026-04-17: 전체 296행 -> 제외 후 179행
[2026-06-16 13:20:28]   2026-04-18: 전체 360행 -> 제외 후 169행
[2026-06-16 13:20:31]   2026-04-19: 전체 336행 -> 제외 후 169행
[2026-06-16 13:20:34]   2026-04-20: 전체 302행 -> 제외 후 147행
[2026-06-16 13:20:38]   2026-04-21: 전체 351행 -> 제외 후 159행
[2026-06-16 13:20:41]   2026-04-22: 전체 335행 -> 제외 후 159행
[2026-06-16 13:20:45]   2026-04-23: 전체 315행 -> 제외 후 146행
[2026-06-16 13:20:48]   2026-04-24: 전체 350행 -> 제외 후 147행
[2026-06-16 13:20:53]   2026-04-25: 전체 350행 -> 제외 후 165행
[2026-06-16 13:20:56]   2026-04-26: 전체 364행 -> 제외 후 164행
[2026-06-16 13:20:59]   2026-04-27: 전체 352행 -> 제외 후 151행
[2026-06-16 13:21:03]   2026-04-28: 전체 346행 -> 제외 후 155행
[2026-06-16 13:21:06]   2026-04-29: 전체 327행 -> 제외 후 147행
[2026-06-16 13:21:09]   2026-04-30: 전체 377행 -> 제외 후 154행
[2026-06-16 13:21:14]   2026-05-01: 전체 492행 -> 제외 후 160행
[2026-06-16 13:21:20]   2026-05-02: 전체 526행 -> 제외 후 159행
[2026-06-16 13:21:25]   2026-05-03: 전체 511행 -> 제외 후 136행
[2026-06-16 13:21:29]   2026-05-04: 전체 463행 -> 제외 후 103행
[2026-06-16 13:21:33]   2026-05-05: 전체 464행 -> 제외 후 96행
[2026-06-16 13:21:38]   2026-05-06: 전체 554행 -> 제외 후 164행
[2026-06-16 13:21:43]   2026-05-07: 전체 589행 -> 제외 후 188행
[2026-06-16 13:21:48]   2026-05-08: 전체 642행 -> 제외 후 208행
[2026-06-16 13:21:54]   2026-05-09: 전체 671행 -> 제외 후 165행
[2026-06-16 13:22:00]   2026-05-10: 전체 761행 -> 제외 후 209행
[2026-06-16 13:22:05]   2026-05-11: 전체 698행 -> 제외 후 167행
[2026-06-16 13:22:12]   2026-05-12: 전체 686행 -> 제외 후 157행
[2026-06-16 13:22:18]   2026-05-13: 전체 651행 -> 제외 후 151행
[2026-06-16 13:22:23]   2026-05-14: 전체 667행 -> 제외 후 155행
[2026-06-16 13:22:28]   2026-05-15: 전체 652행 -> 제외 후 145행
[2026-06-16 13:22:35]   2026-05-16: 전체 739행 -> 제외 후 146행
[2026-06-16 13:22:41]   2026-05-17: 전체 773행 -> 제외 후 149행
[2026-06-16 13:22:46]   2026-05-18: 전체 656행 -> 제외 후 140행
[2026-06-16 13:22:51]   2026-05-19: 전체 675행 -> 제외 후 133행
[2026-06-16 13:22:56]   2026-05-20: 전체 645행 -> 제외 후 127행
[2026-06-16 13:23:03]   2026-05-21: 전체 618행 -> 제외 후 124행
[2026-06-16 13:23:08]   2026-05-22: 전체 566행 -> 제외 후 114행
[2026-06-16 13:23:13]   2026-05-23: 전체 604행 -> 제외 후 116행
[2026-06-16 13:23:17]   2026-05-24: 전체 594행 -> 제외 후 119행
[2026-06-16 13:23:23]   2026-05-25: 전체 559행 -> 제외 후 108행
[2026-06-16 13:23:27]   2026-05-26: 전체 550행 -> 제외 후 102행
[2026-06-16 13:23:32]   2026-05-27: 전체 537행 -> 제외 후 103행
[2026-06-16 13:23:37]   2026-05-28: 전체 530행 -> 제외 후 102행
[2026-06-16 13:23:41]   2026-05-29: 전체 476행 -> 제외 후 102행
[2026-06-16 13:23:45]   2026-05-30: 전체 487행 -> 제외 후 99행
[2026-06-16 13:23:49]   2026-05-31: 전체 497행 -> 제외 후 100행
[2026-06-16 13:23:53]   2026-06-01: 전체 492행 -> 제외 후 102행
[2026-06-16 13:23:57]   2026-06-02: 전체 420행 -> 제외 후 92행
[2026-06-16 13:24:00]   2026-06-03: 전체 365행 -> 제외 후 88행
[2026-06-16 13:24:04]   2026-06-04: 전체 406행 -> 제외 후 61행
[2026-06-16 13:24:06]   2026-06-05: 전체 326행 -> 제외 후 47행
[2026-06-16 13:24:09]   2026-06-06: 전체 297행 -> 제외 후 38행
[2026-06-16 13:24:11]   2026-06-07: 전체 273행 -> 제외 후 51행
[2026-06-16 13:24:13]   2026-06-08: 전체 222행 -> 제외 후 23행
[2026-06-16 13:24:15]   2026-06-09: 전체 231행 -> 제외 후 20행
[2026-06-16 13:24:18]   2026-06-10: 전체 258행 -> 제외 후 24행
[2026-06-16 13:24:20]   2026-06-11: 전체 259행 -> 제외 후 20행
[2026-06-16 13:24:23]   2026-06-12: 전체 265행 -> 제외 후 22행
[2026-06-16 13:24:25]   2026-06-13: 전체 235행 -> 제외 후 21행
[2026-06-16 13:24:27]   2026-06-14: 전체 198행 -> 제외 후 22행
[2026-06-16 13:24:29]   2026-06-15: 전체 179행 -> 제외 후 20행
[2026-06-16 13:24:29] spend > 0 행: 935개
[2026-06-16 13:24:29] [백필 모드] state 파일 갱신 생략
[2026-06-16 13:24:29] 완료: 935행 -> /home/runner/work/lalasweet-ad-dashboard/lalasweet-ad-dashboard/data/tiktok_raw_2026-01-01_2026-06-15.csv
[2026-06-16 14:09:33] [백필 모드] 수집 범위: 2026-01-01 ~ 2026-06-15
[2026-06-16 14:09:33] 경고: 수집 범위 166일. 장기 누락 가능성.
[2026-06-16 14:09:33] 수집 범위: 2026-01-01 ~ 2026-06-15 (166일)
[2026-06-16 14:09:34]   2026-01-01: 전체 63행 -> 제외 후 45행
[2026-06-16 14:09:35]   2026-01-02: 전체 74행 -> 제외 후 47행
[2026-06-16 14:09:36]   2026-01-03: 전체 58행 -> 제외 후 36행
[2026-06-16 14:09:37]   2026-01-04: 전체 58행 -> 제외 후 39행
[2026-06-16 14:09:38]   2026-01-05: 전체 57행 -> 제외 후 37행
[2026-06-16 14:09:39]   2026-01-06: 전체 51행 -> 제외 후 33행
[2026-06-16 14:09:40]   2026-01-07: 전체 47행 -> 제외 후 30행
[2026-06-16 14:09:41]   2026-01-08: 전체 50행 -> 제외 후 33행
[2026-06-16 14:09:41]   2026-01-09: 전체 43행 -> 제외 후 28행
[2026-06-16 14:09:42]   2026-01-10: 전체 46행 -> 제외 후 28행
[2026-06-16 14:09:43]   2026-01-11: 전체 46행 -> 제외 후 28행
[2026-06-16 14:09:44]   2026-01-12: 전체 51행 -> 제외 후 34행
[2026-06-16 14:09:44]   2026-01-13: 전체 51행 -> 제외 후 31행
[2026-06-16 14:09:45]   2026-01-14: 전체 38행 -> 제외 후 22행
[2026-06-16 14:09:46]   2026-01-15: 전체 38행 -> 제외 후 22행
[2026-06-16 14:09:49]   2026-01-16: 전체 36행 -> 제외 후 21행
[2026-06-16 14:09:49]   2026-01-17: 전체 31행 -> 제외 후 19행
[2026-06-16 14:09:51]   2026-01-18: 전체 42행 -> 제외 후 27행
[2026-06-16 14:09:51]   2026-01-19: 전체 28행 -> 제외 후 19행
[2026-06-16 14:09:52]   2026-01-20: 전체 35행 -> 제외 후 22행
[2026-06-16 14:09:53]   2026-01-21: 전체 29행 -> 제외 후 21행
[2026-06-16 14:09:54]   2026-01-22: 전체 24행 -> 제외 후 19행
[2026-06-16 14:09:54]   2026-01-23: 전체 27행 -> 제외 후 20행
[2026-06-16 14:09:55]   2026-01-24: 전체 23행 -> 제외 후 19행
[2026-06-16 14:09:56]   2026-01-25: 전체 28행 -> 제외 후 21행
[2026-06-16 14:09:57]   2026-01-26: 전체 22행 -> 제외 후 18행
[2026-06-16 14:09:58]   2026-01-27: 전체 30행 -> 제외 후 21행
[2026-06-16 14:09:59]   2026-01-28: 전체 27행 -> 제외 후 21행
[2026-06-16 14:09:59]   2026-01-29: 전체 29행 -> 제외 후 21행
[2026-06-16 14:10:01]   2026-01-30: 전체 32행 -> 제외 후 21행
[2026-06-16 14:10:02]   2026-01-31: 전체 25행 -> 제외 후 20행
[2026-06-16 14:10:03]   2026-02-01: 전체 23행 -> 제외 후 20행
[2026-06-16 14:10:04]   2026-02-02: 전체 30행 -> 제외 후 20행
[2026-06-16 14:10:05]   2026-02-03: 전체 38행 -> 제외 후 18행
[2026-06-16 14:10:06]   2026-02-04: 전체 30행 -> 제외 후 12행
[2026-06-16 14:10:06]   2026-02-05: 전체 28행 -> 제외 후 8행
[2026-06-16 14:10:08]   2026-02-06: 전체 34행 -> 제외 후 7행
[2026-06-16 14:10:09]   2026-02-07: 전체 31행 -> 제외 후 5행
[2026-06-16 14:10:10]   2026-02-08: 전체 31행 -> 제외 후 5행
[2026-06-16 14:10:10]   2026-02-09: 전체 33행 -> 제외 후 6행
[2026-06-16 14:10:11]   2026-02-10: 전체 35행 -> 제외 후 3행
[2026-06-16 14:10:13]   2026-02-11: 전체 33행 -> 제외 후 1행
[2026-06-16 14:10:13]   2026-02-12: 전체 30행 -> 제외 후 0행
[2026-06-16 14:10:14]   2026-02-13: 전체 31행 -> 제외 후 1행
[2026-06-16 14:10:16]   2026-02-14: 전체 69행 -> 제외 후 7행
[2026-06-16 14:10:17]   2026-02-15: 전체 66행 -> 제외 후 6행
[2026-06-16 14:10:18]   2026-02-16: 전체 64행 -> 제외 후 4행
[2026-06-16 14:10:19]   2026-02-17: 전체 70행 -> 제외 후 8행
[2026-06-16 14:10:19]   2026-02-18: 전체 70행 -> 제외 후 5행
[2026-06-16 14:10:20]   2026-02-19: 전체 67행 -> 제외 후 5행
[2026-06-16 14:10:21]   2026-02-20: 전체 70행 -> 제외 후 7행
[2026-06-16 14:10:21]   2026-02-21: 전체 67행 -> 제외 후 5행
[2026-06-16 14:10:23]   2026-02-22: 전체 70행 -> 제외 후 6행
[2026-06-16 14:10:24]   2026-02-23: 전체 70행 -> 제외 후 4행
[2026-06-16 14:10:25]   2026-02-24: 전체 72행 -> 제외 후 5행
[2026-06-16 14:10:26]   2026-02-25: 전체 70행 -> 제외 후 5행
[2026-06-16 14:10:26]   2026-02-26: 전체 69행 -> 제외 후 3행
[2026-06-16 14:10:27]   2026-02-27: 전체 71행 -> 제외 후 6행
[2026-06-16 14:10:28]   2026-02-28: 전체 67행 -> 제외 후 4행
[2026-06-16 14:10:29]   2026-03-01: 전체 71행 -> 제외 후 5행
[2026-06-16 14:10:29]   2026-03-02: 전체 70행 -> 제외 후 4행
[2026-06-16 14:10:30]   2026-03-03: 전체 74행 -> 제외 후 7행
[2026-06-16 14:10:31]   2026-03-04: 전체 77행 -> 제외 후 14행
[2026-06-16 14:10:32]   2026-03-05: 전체 70행 -> 제외 후 9행
[2026-06-16 14:10:34]   2026-03-06: 전체 113행 -> 제외 후 10행
[2026-06-16 14:10:35]   2026-03-07: 전체 143행 -> 제외 후 42행
[2026-06-16 14:10:37]   2026-03-08: 전체 155행 -> 제외 후 54행
[2026-06-16 14:10:39]   2026-03-09: 전체 153행 -> 제외 후 52행
[2026-06-16 14:10:41]   2026-03-10: 전체 150행 -> 제외 후 51행
[2026-06-16 14:10:42]   2026-03-11: 전체 149행 -> 제외 후 51행
[2026-06-16 14:10:44]   2026-03-12: 전체 143행 -> 제외 후 50행
[2026-06-16 14:10:46]   2026-03-13: 전체 140행 -> 제외 후 48행
[2026-06-16 14:10:48]   2026-03-14: 전체 154행 -> 제외 후 51행
[2026-06-16 14:10:49]   2026-03-15: 전체 162행 -> 제외 후 45행
[2026-06-16 14:10:51]   2026-03-16: 전체 204행 -> 제외 후 98행
[2026-06-16 14:10:53]   2026-03-17: 전체 196행 -> 제외 후 97행
[2026-06-16 14:10:54]   2026-03-18: 전체 193행 -> 제외 후 93행
[2026-06-16 14:10:56]   2026-03-19: 전체 188행 -> 제외 후 88행
[2026-06-16 14:10:58]   2026-03-20: 전체 202행 -> 제외 후 104행
[2026-06-16 14:11:00]   2026-03-21: 전체 186행 -> 제외 후 97행
[2026-06-16 14:11:03]   2026-03-22: 전체 255행 -> 제외 후 134행
[2026-06-16 14:11:06]   2026-03-23: 전체 248행 -> 제외 후 138행
[2026-06-16 14:11:08]   2026-03-24: 전체 246행 -> 제외 후 136행
[2026-06-16 14:11:11]   2026-03-25: 전체 234행 -> 제외 후 133행
[2026-06-16 14:11:13]   2026-03-26: 전체 219행 -> 제외 후 125행
[2026-06-16 14:11:15]   2026-03-27: 전체 235행 -> 제외 후 131행
[2026-06-16 14:11:17]   2026-03-28: 전체 261행 -> 제외 후 131행
[2026-06-16 14:11:19]   2026-03-29: 전체 286행 -> 제외 후 150행
[2026-06-16 14:11:22]   2026-03-30: 전체 266행 -> 제외 후 148행
[2026-06-16 14:11:25]   2026-03-31: 전체 275행 -> 제외 후 152행
[2026-06-16 14:11:27]   2026-04-01: 전체 284행 -> 제외 후 154행
[2026-06-16 14:11:29]   2026-04-02: 전체 267행 -> 제외 후 146행
[2026-06-16 14:11:31]   2026-04-03: 전체 271행 -> 제외 후 147행
[2026-06-16 14:11:33]   2026-04-04: 전체 289행 -> 제외 후 164행
[2026-06-16 14:11:37]   2026-04-05: 전체 340행 -> 제외 후 197행
[2026-06-16 14:11:41]   2026-04-06: 전체 313행 -> 제외 후 177행
[2026-06-16 14:11:44]   2026-04-07: 전체 294행 -> 제외 후 175행
[2026-06-16 14:11:47]   2026-04-08: 전체 286행 -> 제외 후 171행
[2026-06-16 14:11:49]   2026-04-09: 전체 293행 -> 제외 후 170행
[2026-06-16 14:11:53]   2026-04-10: 전체 302행 -> 제외 후 178행
[2026-06-16 14:11:56]   2026-04-11: 전체 334행 -> 제외 후 183행
[2026-06-16 14:12:00]   2026-04-12: 전체 351행 -> 제외 후 214행
[2026-06-16 14:12:03]   2026-04-13: 전체 312행 -> 제외 후 194행
[2026-06-16 14:12:06]   2026-04-14: 전체 282행 -> 제외 후 165행
[2026-06-16 14:12:09]   2026-04-15: 전체 291행 -> 제외 후 178행
[2026-06-16 14:12:11]   2026-04-16: 전체 291행 -> 제외 후 175행
[2026-06-16 14:12:14]   2026-04-17: 전체 296행 -> 제외 후 179행
[2026-06-16 14:12:17]   2026-04-18: 전체 360행 -> 제외 후 169행
[2026-06-16 14:12:21]   2026-04-19: 전체 336행 -> 제외 후 169행
[2026-06-16 14:12:26]   2026-04-20: 전체 302행 -> 제외 후 147행
[2026-06-16 14:12:30]   2026-04-21: 전체 351행 -> 제외 후 159행
[2026-06-16 14:12:34]   2026-04-22: 전체 335행 -> 제외 후 159행
[2026-06-16 14:12:37]   2026-04-23: 전체 315행 -> 제외 후 146행
[2026-06-16 14:12:41]   2026-04-24: 전체 350행 -> 제외 후 147행
[2026-06-16 14:12:44]   2026-04-25: 전체 350행 -> 제외 후 165행
[2026-06-16 14:12:48]   2026-04-26: 전체 364행 -> 제외 후 164행
[2026-06-16 14:12:51]   2026-04-27: 전체 352행 -> 제외 후 151행
[2026-06-16 14:12:55]   2026-04-28: 전체 346행 -> 제외 후 155행
[2026-06-16 14:12:59]   2026-04-29: 전체 327행 -> 제외 후 147행
[2026-06-16 14:13:02]   2026-04-30: 전체 377행 -> 제외 후 154행
[2026-06-16 14:13:06]   2026-05-01: 전체 492행 -> 제외 후 160행
[2026-06-16 14:13:11]   2026-05-02: 전체 526행 -> 제외 후 159행
[2026-06-16 14:13:16]   2026-05-03: 전체 511행 -> 제외 후 136행
[2026-06-16 14:13:20]   2026-05-04: 전체 463행 -> 제외 후 103행
[2026-06-16 14:13:24]   2026-05-05: 전체 464행 -> 제외 후 96행
[2026-06-16 14:13:28]   2026-05-06: 전체 554행 -> 제외 후 164행
[2026-06-16 14:13:35]   2026-05-07: 전체 589행 -> 제외 후 188행
[2026-06-16 14:13:41]   2026-05-08: 전체 642행 -> 제외 후 208행
[2026-06-16 14:13:48]   2026-05-09: 전체 671행 -> 제외 후 165행
[2026-06-16 14:13:56]   2026-05-10: 전체 761행 -> 제외 후 209행
[2026-06-16 14:14:01]   2026-05-11: 전체 698행 -> 제외 후 167행
[2026-06-16 14:14:07]   2026-05-12: 전체 686행 -> 제외 후 157행
[2026-06-16 14:14:12]   2026-05-13: 전체 651행 -> 제외 후 151행
[2026-06-16 14:14:19]   2026-05-14: 전체 667행 -> 제외 후 155행
[2026-06-16 14:14:25]   2026-05-15: 전체 652행 -> 제외 후 145행
[2026-06-16 14:14:32]   2026-05-16: 전체 739행 -> 제외 후 146행
[2026-06-16 14:14:37]   2026-05-17: 전체 773행 -> 제외 후 149행
[2026-06-16 14:14:46]   2026-05-18: 전체 656행 -> 제외 후 140행
[2026-06-16 14:14:52]   2026-05-19: 전체 675행 -> 제외 후 133행
[2026-06-16 14:14:58]   2026-05-20: 전체 645행 -> 제외 후 127행
[2026-06-16 14:15:05]   2026-05-21: 전체 618행 -> 제외 후 124행
[2026-06-16 14:15:11]   2026-05-22: 전체 566행 -> 제외 후 114행
[2026-06-16 14:15:17]   2026-05-23: 전체 604행 -> 제외 후 116행
[2026-06-16 14:15:22]   2026-05-24: 전체 594행 -> 제외 후 119행
[2026-06-16 14:15:27]   2026-05-25: 전체 559행 -> 제외 후 108행
[2026-06-16 14:15:33]   2026-05-26: 전체 550행 -> 제외 후 102행
[2026-06-16 14:15:39]   2026-05-27: 전체 537행 -> 제외 후 103행
[2026-06-16 14:15:44]   2026-05-28: 전체 530행 -> 제외 후 102행
[2026-06-16 14:15:48]   2026-05-29: 전체 476행 -> 제외 후 102행
[2026-06-16 14:15:52]   2026-05-30: 전체 487행 -> 제외 후 99행
[2026-06-16 14:15:57]   2026-05-31: 전체 497행 -> 제외 후 100행
[2026-06-16 14:16:03]   2026-06-01: 전체 492행 -> 제외 후 102행
[2026-06-16 14:16:07]   2026-06-02: 전체 420행 -> 제외 후 92행
[2026-06-16 14:16:10]   2026-06-03: 전체 365행 -> 제외 후 88행
[2026-06-16 14:16:15]   2026-06-04: 전체 406행 -> 제외 후 61행
[2026-06-16 14:16:18]   2026-06-05: 전체 326행 -> 제외 후 47행
[2026-06-16 14:16:20]   2026-06-06: 전체 297행 -> 제외 후 38행
[2026-06-16 14:16:23]   2026-06-07: 전체 273행 -> 제외 후 51행
[2026-06-16 14:16:25]   2026-06-08: 전체 222행 -> 제외 후 23행
[2026-06-16 14:16:27]   2026-06-09: 전체 231행 -> 제외 후 20행
[2026-06-16 14:16:29]   2026-06-10: 전체 258행 -> 제외 후 24행
[2026-06-16 14:16:31]   2026-06-11: 전체 259행 -> 제외 후 20행
[2026-06-16 14:16:34]   2026-06-12: 전체 265행 -> 제외 후 22행
[2026-06-16 14:16:36]   2026-06-13: 전체 235행 -> 제외 후 21행
[2026-06-16 14:16:38]   2026-06-14: 전체 198행 -> 제외 후 22행
[2026-06-16 14:16:39]   2026-06-15: 전체 179행 -> 제외 후 20행
[2026-06-16 14:16:39] spend > 0 행: 935개
[2026-06-16 14:16:39] [백필 모드] state 파일 갱신 생략
[2026-06-16 14:16:39] 완료: 935행 -> /home/runner/work/lalasweet-ad-dashboard/lalasweet-ad-dashboard/data/tiktok_raw_2026-01-01_2026-06-15.csv
[2026-06-17 00:20:01] [백필 모드] 수집 범위: 2026-06-16 ~ 2026-06-16
[2026-06-17 00:20:01] 수집 범위: 2026-06-16 ~ 2026-06-16 (1일)
[2026-06-17 00:20:02]   2026-06-16: 전체 121행 -> 제외 후 17행
[2026-06-17 00:20:02] spend > 0 행: 0개
[2026-06-17 00:20:02] [백필 모드] state 파일 갱신 생략
[2026-06-17 00:20:02] 완료: 0행 -> /home/runner/work/lalasweet-ad-dashboard/lalasweet-ad-dashboard/data/tiktok_raw_2026-06-16_2026-06-16.csv
[2026-06-17 03:14:47] [백필 모드] 수집 범위: 2026-01-01 ~ 2026-06-16
[2026-06-17 03:14:47] 경고: 수집 범위 167일. 장기 누락 가능성.
[2026-06-17 03:14:47] 수집 범위: 2026-01-01 ~ 2026-06-16 (167일)
[2026-06-17 03:14:48]   2026-01-01: 전체 63행 -> 제외 후 45행
[2026-06-17 03:14:49]   2026-01-02: 전체 74행 -> 제외 후 47행
[2026-06-17 03:14:49]   2026-01-03: 전체 58행 -> 제외 후 36행
[2026-06-17 03:14:52]   2026-01-04: 전체 58행 -> 제외 후 39행
[2026-06-17 03:14:53]   2026-01-05: 전체 57행 -> 제외 후 37행
[2026-06-17 03:14:53]   2026-01-06: 전체 51행 -> 제외 후 33행
[2026-06-17 03:14:54]   2026-01-07: 전체 47행 -> 제외 후 30행
[2026-06-17 03:14:55]   2026-01-08: 전체 50행 -> 제외 후 33행
[2026-06-17 03:14:56]   2026-01-09: 전체 43행 -> 제외 후 28행
[2026-06-17 03:14:57]   2026-01-10: 전체 46행 -> 제외 후 28행
[2026-06-17 03:14:57]   2026-01-11: 전체 46행 -> 제외 후 28행
[2026-06-17 03:14:58]   2026-01-12: 전체 51행 -> 제외 후 34행
[2026-06-17 03:14:59]   2026-01-13: 전체 51행 -> 제외 후 31행
[2026-06-17 03:14:59]   2026-01-14: 전체 38행 -> 제외 후 22행
[2026-06-17 03:15:00]   2026-01-15: 전체 38행 -> 제외 후 22행
[2026-06-17 03:15:01]   2026-01-16: 전체 36행 -> 제외 후 21행
[2026-06-17 03:15:01]   2026-01-17: 전체 31행 -> 제외 후 19행
[2026-06-17 03:15:02]   2026-01-18: 전체 42행 -> 제외 후 27행
[2026-06-17 03:15:03]   2026-01-19: 전체 28행 -> 제외 후 19행
[2026-06-17 03:15:03]   2026-01-20: 전체 35행 -> 제외 후 22행
[2026-06-17 03:15:04]   2026-01-21: 전체 29행 -> 제외 후 21행
[2026-06-17 03:15:04]   2026-01-22: 전체 24행 -> 제외 후 19행
[2026-06-17 03:15:05]   2026-01-23: 전체 27행 -> 제외 후 20행
[2026-06-17 03:15:06]   2026-01-24: 전체 23행 -> 제외 후 19행
[2026-06-17 03:15:06]   2026-01-25: 전체 28행 -> 제외 후 21행
[2026-06-17 03:15:07]   2026-01-26: 전체 22행 -> 제외 후 18행
[2026-06-17 03:15:08]   2026-01-27: 전체 30행 -> 제외 후 21행
[2026-06-17 03:15:08]   2026-01-28: 전체 27행 -> 제외 후 21행
[2026-06-17 03:15:10]   2026-01-29: 전체 29행 -> 제외 후 21행
[2026-06-17 03:15:11]   2026-01-30: 전체 32행 -> 제외 후 21행
[2026-06-17 03:15:11]   2026-01-31: 전체 25행 -> 제외 후 20행
[2026-06-17 03:15:12]   2026-02-01: 전체 23행 -> 제외 후 20행
[2026-06-17 03:15:13]   2026-02-02: 전체 30행 -> 제외 후 20행
[2026-06-17 03:15:13]   2026-02-03: 전체 38행 -> 제외 후 18행
[2026-06-17 03:15:14]   2026-02-04: 전체 30행 -> 제외 후 12행
[2026-06-17 03:15:15]   2026-02-05: 전체 28행 -> 제외 후 8행
[2026-06-17 03:15:15]   2026-02-06: 전체 34행 -> 제외 후 7행
[2026-06-17 03:15:16]   2026-02-07: 전체 31행 -> 제외 후 5행
[2026-06-17 03:15:16]   2026-02-08: 전체 31행 -> 제외 후 5행
[2026-06-17 03:15:17]   2026-02-09: 전체 33행 -> 제외 후 6행
[2026-06-17 03:15:18]   2026-02-10: 전체 35행 -> 제외 후 3행
[2026-06-17 03:15:19]   2026-02-11: 전체 33행 -> 제외 후 1행
[2026-06-17 03:15:19]   2026-02-12: 전체 30행 -> 제외 후 0행
[2026-06-17 03:15:20]   2026-02-13: 전체 31행 -> 제외 후 1행
[2026-06-17 03:15:21]   2026-02-14: 전체 69행 -> 제외 후 7행
[2026-06-17 03:15:22]   2026-02-15: 전체 66행 -> 제외 후 6행
[2026-06-17 03:15:22]   2026-02-16: 전체 64행 -> 제외 후 4행
[2026-06-17 03:15:23]   2026-02-17: 전체 70행 -> 제외 후 7행
[2026-06-17 03:15:24]   2026-02-18: 전체 70행 -> 제외 후 5행
[2026-06-17 03:15:25]   2026-02-19: 전체 67행 -> 제외 후 5행
[2026-06-17 03:15:26]   2026-02-20: 전체 70행 -> 제외 후 7행
[2026-06-17 03:15:27]   2026-02-21: 전체 67행 -> 제외 후 5행
[2026-06-17 03:15:27]   2026-02-22: 전체 70행 -> 제외 후 6행
[2026-06-17 03:15:28]   2026-02-23: 전체 70행 -> 제외 후 4행
[2026-06-17 03:15:29]   2026-02-24: 전체 72행 -> 제외 후 5행
[2026-06-17 03:15:30]   2026-02-25: 전체 70행 -> 제외 후 5행
[2026-06-17 03:15:30]   2026-02-26: 전체 69행 -> 제외 후 3행
[2026-06-17 03:15:31]   2026-02-27: 전체 71행 -> 제외 후 6행
[2026-06-17 03:15:32]   2026-02-28: 전체 67행 -> 제외 후 4행
[2026-06-17 03:15:33]   2026-03-01: 전체 71행 -> 제외 후 5행
[2026-06-17 03:15:34]   2026-03-02: 전체 70행 -> 제외 후 4행
[2026-06-17 03:15:34]   2026-03-03: 전체 74행 -> 제외 후 7행
[2026-06-17 03:15:35]   2026-03-04: 전체 77행 -> 제외 후 14행
[2026-06-17 03:15:36]   2026-03-05: 전체 70행 -> 제외 후 9행
[2026-06-17 03:15:37]   2026-03-06: 전체 113행 -> 제외 후 10행
[2026-06-17 03:15:39]   2026-03-07: 전체 143행 -> 제외 후 42행
[2026-06-17 03:15:40]   2026-03-08: 전체 155행 -> 제외 후 54행
[2026-06-17 03:15:42]   2026-03-09: 전체 153행 -> 제외 후 52행
[2026-06-17 03:15:44]   2026-03-10: 전체 150행 -> 제외 후 51행
[2026-06-17 03:15:46]   2026-03-11: 전체 149행 -> 제외 후 51행
[2026-06-17 03:15:47]   2026-03-12: 전체 143행 -> 제외 후 50행
[2026-06-17 03:15:49]   2026-03-13: 전체 140행 -> 제외 후 48행
[2026-06-17 03:15:50]   2026-03-14: 전체 154행 -> 제외 후 51행
[2026-06-17 03:15:51]   2026-03-15: 전체 162행 -> 제외 후 45행
[2026-06-17 03:15:53]   2026-03-16: 전체 204행 -> 제외 후 98행
[2026-06-17 03:15:55]   2026-03-17: 전체 196행 -> 제외 후 97행
[2026-06-17 03:15:56]   2026-03-18: 전체 193행 -> 제외 후 93행
[2026-06-17 03:15:59]   2026-03-19: 전체 188행 -> 제외 후 88행
[2026-06-17 03:16:01]   2026-03-20: 전체 202행 -> 제외 후 104행
[2026-06-17 03:16:02]   2026-03-21: 전체 186행 -> 제외 후 96행
[2026-06-17 03:16:04]   2026-03-22: 전체 255행 -> 제외 후 134행
[2026-06-17 03:16:07]   2026-03-23: 전체 248행 -> 제외 후 138행
[2026-06-17 03:16:09]   2026-03-24: 전체 246행 -> 제외 후 136행
[2026-06-17 03:16:11]   2026-03-25: 전체 234행 -> 제외 후 133행
[2026-06-17 03:16:14]   2026-03-26: 전체 219행 -> 제외 후 125행
[2026-06-17 03:16:16]   2026-03-27: 전체 235행 -> 제외 후 131행
[2026-06-17 03:16:18]   2026-03-28: 전체 261행 -> 제외 후 131행
[2026-06-17 03:16:21]   2026-03-29: 전체 286행 -> 제외 후 150행
[2026-06-17 03:16:23]   2026-03-30: 전체 266행 -> 제외 후 148행
[2026-06-17 03:16:25]   2026-03-31: 전체 275행 -> 제외 후 152행
[2026-06-17 03:16:27]   2026-04-01: 전체 284행 -> 제외 후 154행
[2026-06-17 03:16:30]   2026-04-02: 전체 267행 -> 제외 후 146행
[2026-06-17 03:16:34]   2026-04-03: 전체 271행 -> 제외 후 147행
[2026-06-17 03:16:36]   2026-04-04: 전체 289행 -> 제외 후 164행
[2026-06-17 03:16:40]   2026-04-05: 전체 340행 -> 제외 후 197행
[2026-06-17 03:16:43]   2026-04-06: 전체 313행 -> 제외 후 177행
[2026-06-17 03:16:46]   2026-04-07: 전체 294행 -> 제외 후 175행
[2026-06-17 03:16:48]   2026-04-08: 전체 286행 -> 제외 후 171행
[2026-06-17 03:16:51]   2026-04-09: 전체 293행 -> 제외 후 170행
[2026-06-17 03:16:55]   2026-04-10: 전체 302행 -> 제외 후 178행
[2026-06-17 03:16:58]   2026-04-11: 전체 334행 -> 제외 후 183행
[2026-06-17 03:17:01]   2026-04-12: 전체 351행 -> 제외 후 214행
[2026-06-17 03:17:05]   2026-04-13: 전체 312행 -> 제외 후 194행
[2026-06-17 03:17:07]   2026-04-14: 전체 282행 -> 제외 후 165행
[2026-06-17 03:17:09]   2026-04-15: 전체 291행 -> 제외 후 178행
[2026-06-17 03:17:11]   2026-04-16: 전체 291행 -> 제외 후 175행
[2026-06-17 03:17:13]   2026-04-17: 전체 296행 -> 제외 후 179행
[2026-06-17 03:17:17]   2026-04-18: 전체 360행 -> 제외 후 169행
[2026-06-17 03:17:20]   2026-04-19: 전체 336행 -> 제외 후 169행
[2026-06-17 03:17:24]   2026-04-20: 전체 302행 -> 제외 후 147행
[2026-06-17 03:17:27]   2026-04-21: 전체 351행 -> 제외 후 159행
[2026-06-17 03:17:30]   2026-04-22: 전체 335행 -> 제외 후 159행
[2026-06-17 03:17:34]   2026-04-23: 전체 315행 -> 제외 후 146행
[2026-06-17 03:17:37]   2026-04-24: 전체 350행 -> 제외 후 147행
[2026-06-17 03:17:40]   2026-04-25: 전체 350행 -> 제외 후 165행
[2026-06-17 03:17:43]   2026-04-26: 전체 364행 -> 제외 후 164행
[2026-06-17 03:17:46]   2026-04-27: 전체 352행 -> 제외 후 151행
[2026-06-17 03:17:49]   2026-04-28: 전체 346행 -> 제외 후 155행
[2026-06-17 03:17:52]   2026-04-29: 전체 327행 -> 제외 후 147행
[2026-06-17 03:17:55]   2026-04-30: 전체 377행 -> 제외 후 154행
[2026-06-17 03:17:59]   2026-05-01: 전체 492행 -> 제외 후 160행
[2026-06-17 03:18:04]   2026-05-02: 전체 526행 -> 제외 후 159행
[2026-06-17 03:18:08]   2026-05-03: 전체 511행 -> 제외 후 136행
[2026-06-17 03:18:12]   2026-05-04: 전체 463행 -> 제외 후 103행
[2026-06-17 03:18:16]   2026-05-05: 전체 464행 -> 제외 후 96행
[2026-06-17 03:18:22]   2026-05-06: 전체 554행 -> 제외 후 152행
[2026-06-17 03:18:27]   2026-05-07: 전체 589행 -> 제외 후 179행
[2026-06-17 03:18:34]   2026-05-08: 전체 642행 -> 제외 후 194행
[2026-06-17 03:18:39]   2026-05-09: 전체 671행 -> 제외 후 161행
[2026-06-17 03:18:46]   2026-05-10: 전체 761행 -> 제외 후 205행
[2026-06-17 03:18:51]   2026-05-11: 전체 698행 -> 제외 후 163행
[2026-06-17 03:18:57]   2026-05-12: 전체 686행 -> 제외 후 153행
[2026-06-17 03:19:02]   2026-05-13: 전체 651행 -> 제외 후 147행
[2026-06-17 03:19:07]   2026-05-14: 전체 667행 -> 제외 후 152행
[2026-06-17 03:19:13]   2026-05-15: 전체 652행 -> 제외 후 142행
[2026-06-17 03:19:18]   2026-05-16: 전체 739행 -> 제외 후 142행
[2026-06-17 03:19:25]   2026-05-17: 전체 773행 -> 제외 후 145행
[2026-06-17 03:19:31]   2026-05-18: 전체 656행 -> 제외 후 137행
[2026-06-17 03:19:38]   2026-05-19: 전체 675행 -> 제외 후 131행
[2026-06-17 03:19:44]   2026-05-20: 전체 645행 -> 제외 후 126행
[2026-06-17 03:19:49]   2026-05-21: 전체 618행 -> 제외 후 119행
[2026-06-17 03:19:55]   2026-05-22: 전체 566행 -> 제외 후 110행
[2026-06-17 03:20:00]   2026-05-23: 전체 604행 -> 제외 후 113행
[2026-06-17 03:20:05]   2026-05-24: 전체 594행 -> 제외 후 116행
[2026-06-17 03:20:12]   2026-05-25: 전체 559행 -> 제외 후 102행
[2026-06-17 03:20:16]   2026-05-26: 전체 550행 -> 제외 후 97행
[2026-06-17 03:20:21]   2026-05-27: 전체 537행 -> 제외 후 100행
[2026-06-17 03:20:27]   2026-05-28: 전체 530행 -> 제외 후 98행
[2026-06-17 03:20:31]   2026-05-29: 전체 476행 -> 제외 후 100행
[2026-06-17 03:20:34]   2026-05-30: 전체 487행 -> 제외 후 95행
[2026-06-17 03:20:37]   2026-05-31: 전체 497행 -> 제외 후 94행
[2026-06-17 03:20:42]   2026-06-01: 전체 492행 -> 제외 후 99행
[2026-06-17 03:20:45]   2026-06-02: 전체 420행 -> 제외 후 90행
[2026-06-17 03:20:48]   2026-06-03: 전체 365행 -> 제외 후 86행
[2026-06-17 03:20:52]   2026-06-04: 전체 406행 -> 제외 후 61행
[2026-06-17 03:20:56]   2026-06-05: 전체 326행 -> 제외 후 47행
[2026-06-17 03:20:58]   2026-06-06: 전체 297행 -> 제외 후 38행
[2026-06-17 03:21:01]   2026-06-07: 전체 273행 -> 제외 후 51행
[2026-06-17 03:21:03]   2026-06-08: 전체 222행 -> 제외 후 23행
[2026-06-17 03:21:05]   2026-06-09: 전체 231행 -> 제외 후 20행
[2026-06-17 03:21:08]   2026-06-10: 전체 258행 -> 제외 후 24행
[2026-06-17 03:21:10]   2026-06-11: 전체 259행 -> 제외 후 20행
[2026-06-17 03:21:12]   2026-06-12: 전체 265행 -> 제외 후 22행
[2026-06-17 03:21:14]   2026-06-13: 전체 235행 -> 제외 후 21행
[2026-06-17 03:21:16]   2026-06-14: 전체 198행 -> 제외 후 22행
[2026-06-17 03:21:17]   2026-06-15: 전체 179행 -> 제외 후 20행
[2026-06-17 03:21:19]   2026-06-16: 전체 121행 -> 제외 후 17행
[2026-06-17 03:21:19] spend > 0 행: 904개
[2026-06-17 03:21:19] [백필 모드] state 파일 갱신 생략
[2026-06-17 03:21:19] 완료: 904행 -> /home/runner/work/lalasweet-ad-dashboard/lalasweet-ad-dashboard/data/tiktok_raw_2026-01-01_2026-06-16.csv
[2026-06-17 03:55:08] [백필 모드] 수집 범위: 2026-01-01 ~ 2026-06-16
[2026-06-17 03:55:08] 경고: 수집 범위 167일. 장기 누락 가능성.
[2026-06-17 03:55:08] 수집 범위: 2026-01-01 ~ 2026-06-16 (167일)
[2026-06-17 03:55:09]   2026-01-01: 전체 63행 -> 제외 후 45행
[2026-06-17 03:55:10]   2026-01-02: 전체 74행 -> 제외 후 47행
[2026-06-17 03:55:11]   2026-01-03: 전체 58행 -> 제외 후 36행
[2026-06-17 03:55:12]   2026-01-04: 전체 58행 -> 제외 후 39행
[2026-06-17 03:55:13]   2026-01-05: 전체 57행 -> 제외 후 37행
[2026-06-17 03:55:13]   2026-01-06: 전체 51행 -> 제외 후 33행
[2026-06-17 03:55:14]   2026-01-07: 전체 47행 -> 제외 후 30행
[2026-06-17 03:55:15]   2026-01-08: 전체 50행 -> 제외 후 33행
[2026-06-17 03:55:16]   2026-01-09: 전체 43행 -> 제외 후 28행
[2026-06-17 03:55:17]   2026-01-10: 전체 46행 -> 제외 후 28행
[2026-06-17 03:55:17]   2026-01-11: 전체 46행 -> 제외 후 28행
[2026-06-17 03:55:18]   2026-01-12: 전체 51행 -> 제외 후 34행
[2026-06-17 03:55:19]   2026-01-13: 전체 51행 -> 제외 후 31행
[2026-06-17 03:55:19]   2026-01-14: 전체 38행 -> 제외 후 22행
[2026-06-17 03:55:20]   2026-01-15: 전체 38행 -> 제외 후 22행
[2026-06-17 03:55:21]   2026-01-16: 전체 36행 -> 제외 후 21행
[2026-06-17 03:55:21]   2026-01-17: 전체 31행 -> 제외 후 19행
[2026-06-17 03:55:23]   2026-01-18: 전체 42행 -> 제외 후 27행
[2026-06-17 03:55:24]   2026-01-19: 전체 28행 -> 제외 후 19행
[2026-06-17 03:55:24]   2026-01-20: 전체 35행 -> 제외 후 22행
[2026-06-17 03:55:25]   2026-01-21: 전체 29행 -> 제외 후 21행
[2026-06-17 03:55:26]   2026-01-22: 전체 24행 -> 제외 후 19행
[2026-06-17 03:55:27]   2026-01-23: 전체 27행 -> 제외 후 20행
[2026-06-17 03:55:27]   2026-01-24: 전체 23행 -> 제외 후 19행
[2026-06-17 03:55:28]   2026-01-25: 전체 28행 -> 제외 후 21행
[2026-06-17 03:55:28]   2026-01-26: 전체 22행 -> 제외 후 18행
[2026-06-17 03:55:29]   2026-01-27: 전체 30행 -> 제외 후 21행
[2026-06-17 03:55:30]   2026-01-28: 전체 27행 -> 제외 후 21행
[2026-06-17 03:55:30]   2026-01-29: 전체 29행 -> 제외 후 21행
[2026-06-17 03:55:31]   2026-01-30: 전체 32행 -> 제외 후 21행
[2026-06-17 03:55:31]   2026-01-31: 전체 25행 -> 제외 후 20행
[2026-06-17 03:55:32]   2026-02-01: 전체 23행 -> 제외 후 20행
[2026-06-17 03:55:33]   2026-02-02: 전체 30행 -> 제외 후 20행
[2026-06-17 03:55:34]   2026-02-03: 전체 38행 -> 제외 후 18행
[2026-06-17 03:55:35]   2026-02-04: 전체 30행 -> 제외 후 12행
[2026-06-17 03:55:36]   2026-02-05: 전체 28행 -> 제외 후 8행
[2026-06-17 03:55:36]   2026-02-06: 전체 34행 -> 제외 후 7행
[2026-06-17 03:55:37]   2026-02-07: 전체 31행 -> 제외 후 5행
[2026-06-17 03:55:37]   2026-02-08: 전체 31행 -> 제외 후 5행
[2026-06-17 03:55:38]   2026-02-09: 전체 33행 -> 제외 후 6행
[2026-06-17 03:55:39]   2026-02-10: 전체 35행 -> 제외 후 3행
[2026-06-17 03:55:40]   2026-02-11: 전체 33행 -> 제외 후 1행
[2026-06-17 03:55:41]   2026-02-12: 전체 30행 -> 제외 후 0행
[2026-06-17 03:55:41]   2026-02-13: 전체 31행 -> 제외 후 1행
[2026-06-17 03:55:42]   2026-02-14: 전체 69행 -> 제외 후 7행
[2026-06-17 03:55:43]   2026-02-15: 전체 66행 -> 제외 후 6행
[2026-06-17 03:55:44]   2026-02-16: 전체 64행 -> 제외 후 4행
[2026-06-17 03:55:45]   2026-02-17: 전체 70행 -> 제외 후 7행
[2026-06-17 03:55:45]   2026-02-18: 전체 70행 -> 제외 후 5행
[2026-06-17 03:55:46]   2026-02-19: 전체 67행 -> 제외 후 5행
[2026-06-17 03:55:47]   2026-02-20: 전체 70행 -> 제외 후 7행
[2026-06-17 03:55:47]   2026-02-21: 전체 67행 -> 제외 후 5행
[2026-06-17 03:55:48]   2026-02-22: 전체 70행 -> 제외 후 6행
[2026-06-17 03:55:49]   2026-02-23: 전체 70행 -> 제외 후 4행
[2026-06-17 03:55:49]   2026-02-24: 전체 72행 -> 제외 후 5행
[2026-06-17 03:55:51]   2026-02-25: 전체 70행 -> 제외 후 5행
[2026-06-17 03:55:51]   2026-02-26: 전체 69행 -> 제외 후 3행
[2026-06-17 03:55:52]   2026-02-27: 전체 71행 -> 제외 후 6행
[2026-06-17 03:55:53]   2026-02-28: 전체 67행 -> 제외 후 4행
[2026-06-17 03:55:53]   2026-03-01: 전체 71행 -> 제외 후 5행
[2026-06-17 03:55:54]   2026-03-02: 전체 70행 -> 제외 후 4행
[2026-06-17 03:55:55]   2026-03-03: 전체 74행 -> 제외 후 7행
[2026-06-17 03:55:56]   2026-03-04: 전체 77행 -> 제외 후 14행
[2026-06-17 03:55:56]   2026-03-05: 전체 70행 -> 제외 후 9행
[2026-06-17 03:55:57]   2026-03-06: 전체 113행 -> 제외 후 10행
[2026-06-17 03:55:59]   2026-03-07: 전체 143행 -> 제외 후 42행
[2026-06-17 03:56:00]   2026-03-08: 전체 155행 -> 제외 후 54행
[2026-06-17 03:56:01]   2026-03-09: 전체 153행 -> 제외 후 52행
[2026-06-17 03:56:03]   2026-03-10: 전체 150행 -> 제외 후 51행
[2026-06-17 03:56:04]   2026-03-11: 전체 149행 -> 제외 후 51행
[2026-06-17 03:56:05]   2026-03-12: 전체 143행 -> 제외 후 50행
[2026-06-17 03:56:07]   2026-03-13: 전체 140행 -> 제외 후 48행
[2026-06-17 03:56:09]   2026-03-14: 전체 154행 -> 제외 후 51행
[2026-06-17 03:56:10]   2026-03-15: 전체 162행 -> 제외 후 45행
[2026-06-17 03:56:13]   2026-03-16: 전체 204행 -> 제외 후 98행
[2026-06-17 03:56:14]   2026-03-17: 전체 196행 -> 제외 후 97행
[2026-06-17 03:56:15]   2026-03-18: 전체 193행 -> 제외 후 93행
[2026-06-17 03:56:17]   2026-03-19: 전체 188행 -> 제외 후 88행
[2026-06-17 03:56:19]   2026-03-20: 전체 202행 -> 제외 후 104행
[2026-06-17 03:56:21]   2026-03-21: 전체 186행 -> 제외 후 96행
[2026-06-17 03:56:23]   2026-03-22: 전체 255행 -> 제외 후 134행
[2026-06-17 03:56:26]   2026-03-23: 전체 248행 -> 제외 후 138행
[2026-06-17 03:56:28]   2026-03-24: 전체 246행 -> 제외 후 136행
[2026-06-17 03:56:30]   2026-03-25: 전체 234행 -> 제외 후 133행
[2026-06-17 03:56:32]   2026-03-26: 전체 219행 -> 제외 후 125행
[2026-06-17 03:56:34]   2026-03-27: 전체 235행 -> 제외 후 131행
[2026-06-17 03:56:36]   2026-03-28: 전체 261행 -> 제외 후 131행
[2026-06-17 03:56:39]   2026-03-29: 전체 286행 -> 제외 후 150행
[2026-06-17 03:56:40]   2026-03-30: 전체 266행 -> 제외 후 148행
[2026-06-17 03:56:43]   2026-03-31: 전체 275행 -> 제외 후 152행
[2026-06-17 03:56:45]   2026-04-01: 전체 284행 -> 제외 후 154행
[2026-06-17 03:56:47]   2026-04-02: 전체 267행 -> 제외 후 146행
[2026-06-17 03:56:50]   2026-04-03: 전체 271행 -> 제외 후 147행
[2026-06-17 03:56:52]   2026-04-04: 전체 289행 -> 제외 후 164행
[2026-06-17 03:56:54]   2026-04-05: 전체 340행 -> 제외 후 197행
[2026-06-17 03:56:57]   2026-04-06: 전체 313행 -> 제외 후 177행
[2026-06-17 03:56:59]   2026-04-07: 전체 294행 -> 제외 후 175행
[2026-06-17 03:57:01]   2026-04-08: 전체 286행 -> 제외 후 171행
[2026-06-17 03:57:03]   2026-04-09: 전체 293행 -> 제외 후 170행
[2026-06-17 03:57:08]   2026-04-10: 전체 302행 -> 제외 후 178행
[2026-06-17 03:57:12]   2026-04-11: 전체 334행 -> 제외 후 183행
[2026-06-17 03:57:16]   2026-04-12: 전체 351행 -> 제외 후 214행
[2026-06-17 03:57:19]   2026-04-13: 전체 312행 -> 제외 후 194행
[2026-06-17 03:57:21]   2026-04-14: 전체 282행 -> 제외 후 165행
[2026-06-17 03:57:23]   2026-04-15: 전체 291행 -> 제외 후 178행
[2026-06-17 03:57:25]   2026-04-16: 전체 291행 -> 제외 후 175행
[2026-06-17 03:57:28]   2026-04-17: 전체 296행 -> 제외 후 179행
[2026-06-17 03:57:31]   2026-04-18: 전체 360행 -> 제외 후 169행
[2026-06-17 03:57:34]   2026-04-19: 전체 336행 -> 제외 후 169행
[2026-06-17 03:57:37]   2026-04-20: 전체 302행 -> 제외 후 147행
[2026-06-17 03:57:41]   2026-04-21: 전체 351행 -> 제외 후 159행
[2026-06-17 03:57:43]   2026-04-22: 전체 335행 -> 제외 후 159행
[2026-06-17 03:57:46]   2026-04-23: 전체 315행 -> 제외 후 146행
[2026-06-17 03:57:49]   2026-04-24: 전체 350행 -> 제외 후 147행
[2026-06-17 03:57:52]   2026-04-25: 전체 350행 -> 제외 후 165행
[2026-06-17 03:57:54]   2026-04-26: 전체 364행 -> 제외 후 164행
[2026-06-17 03:57:58]   2026-04-27: 전체 352행 -> 제외 후 151행
[2026-06-17 03:58:01]   2026-04-28: 전체 346행 -> 제외 후 155행
[2026-06-17 03:58:03]   2026-04-29: 전체 327행 -> 제외 후 147행
[2026-06-17 03:58:06]   2026-04-30: 전체 377행 -> 제외 후 154행
[2026-06-17 03:58:10]   2026-05-01: 전체 492행 -> 제외 후 160행
[2026-06-17 03:58:14]   2026-05-02: 전체 526행 -> 제외 후 159행
[2026-06-17 03:58:17]   2026-05-03: 전체 511행 -> 제외 후 136행
[2026-06-17 03:58:21]   2026-05-04: 전체 463행 -> 제외 후 103행
[2026-06-17 03:58:27]   2026-05-05: 전체 464행 -> 제외 후 96행
[2026-06-17 03:58:31]   2026-05-06: 전체 554행 -> 제외 후 145행
[2026-06-17 03:58:35]   2026-05-07: 전체 589행 -> 제외 후 170행
[2026-06-17 03:58:40]   2026-05-08: 전체 642행 -> 제외 후 181행
[2026-06-17 03:58:45]   2026-05-09: 전체 671행 -> 제외 후 152행
[2026-06-17 03:58:51]   2026-05-10: 전체 761행 -> 제외 후 195행
[2026-06-17 03:58:57]   2026-05-11: 전체 698행 -> 제외 후 155행
[2026-06-17 03:59:03]   2026-05-12: 전체 686행 -> 제외 후 145행
[2026-06-17 03:59:08]   2026-05-13: 전체 651행 -> 제외 후 139행
[2026-06-17 03:59:12]   2026-05-14: 전체 667행 -> 제외 후 143행
[2026-06-17 03:59:19]   2026-05-15: 전체 652행 -> 제외 후 134행
[2026-06-17 03:59:26]   2026-05-16: 전체 739행 -> 제외 후 134행
[2026-06-17 03:59:31]   2026-05-17: 전체 773행 -> 제외 후 135행
[2026-06-17 03:59:37]   2026-05-18: 전체 656행 -> 제외 후 127행
[2026-06-17 03:59:41]   2026-05-19: 전체 675행 -> 제외 후 123행
[2026-06-17 03:59:47]   2026-05-20: 전체 645행 -> 제외 후 117행
[2026-06-17 03:59:54]   2026-05-21: 전체 618행 -> 제외 후 111행
[2026-06-17 03:59:59]   2026-05-22: 전체 566행 -> 제외 후 101행
[2026-06-17 04:00:05]   2026-05-23: 전체 604행 -> 제외 후 105행
[2026-06-17 04:00:09]   2026-05-24: 전체 594행 -> 제외 후 107행
[2026-06-17 04:00:16]   2026-05-25: 전체 559행 -> 제외 후 94행
[2026-06-17 04:00:22]   2026-05-26: 전체 550행 -> 제외 후 90행
[2026-06-17 04:00:27]   2026-05-27: 전체 537행 -> 제외 후 92행
[2026-06-17 04:00:31]   2026-05-28: 전체 530행 -> 제외 후 90행
[2026-06-17 04:00:35]   2026-05-29: 전체 476행 -> 제외 후 92행
[2026-06-17 04:00:40]   2026-05-30: 전체 487행 -> 제외 후 87행
[2026-06-17 04:00:44]   2026-05-31: 전체 497행 -> 제외 후 85행
[2026-06-17 04:00:47]   2026-06-01: 전체 492행 -> 제외 후 91행
[2026-06-17 04:00:50]   2026-06-02: 전체 420행 -> 제외 후 82행
[2026-06-17 04:00:53]   2026-06-03: 전체 365행 -> 제외 후 78행
[2026-06-17 04:00:57]   2026-06-04: 전체 406행 -> 제외 후 58행
[2026-06-17 04:01:00]   2026-06-05: 전체 326행 -> 제외 후 45행
[2026-06-17 04:01:03]   2026-06-06: 전체 297행 -> 제외 후 37행
[2026-06-17 04:01:05]   2026-06-07: 전체 273행 -> 제외 후 51행
[2026-06-17 04:01:08]   2026-06-08: 전체 222행 -> 제외 후 23행
[2026-06-17 04:01:09]   2026-06-09: 전체 231행 -> 제외 후 20행
[2026-06-17 04:01:12]   2026-06-10: 전체 258행 -> 제외 후 24행
[2026-06-17 04:01:14]   2026-06-11: 전체 259행 -> 제외 후 20행
[2026-06-17 04:01:16]   2026-06-12: 전체 265행 -> 제외 후 22행
[2026-06-17 04:01:19]   2026-06-13: 전체 235행 -> 제외 후 21행
[2026-06-17 04:01:20]   2026-06-14: 전체 198행 -> 제외 후 22행
[2026-06-17 04:01:22]   2026-06-15: 전체 179행 -> 제외 후 20행
[2026-06-17 04:01:23]   2026-06-16: 전체 121행 -> 제외 후 17행
[2026-06-17 04:01:23] spend > 0 행: 876개
[2026-06-17 04:01:23] [백필 모드] state 파일 갱신 생략
[2026-06-17 04:01:23] 완료: 876행 -> /home/runner/work/lalasweet-ad-dashboard/lalasweet-ad-dashboard/data/tiktok_raw_2026-01-01_2026-06-16.csv
[2026-06-17 05:17:39] [백필 모드] 수집 범위: 2026-01-01 ~ 2026-06-16
[2026-06-17 05:17:39] 경고: 수집 범위 167일. 장기 누락 가능성.
[2026-06-17 05:17:39] 수집 범위: 2026-01-01 ~ 2026-06-16 (167일)
[2026-06-17 05:17:39]   2026-01-01: 전체 63행 -> 제외 후 37행
[2026-06-17 05:17:40]   2026-01-02: 전체 74행 -> 제외 후 39행
[2026-06-17 05:17:41]   2026-01-03: 전체 58행 -> 제외 후 29행
[2026-06-17 05:17:41]   2026-01-04: 전체 58행 -> 제외 후 31행
[2026-06-17 05:17:42]   2026-01-05: 전체 57행 -> 제외 후 30행
[2026-06-17 05:17:43]   2026-01-06: 전체 51행 -> 제외 후 26행
[2026-06-17 05:17:44]   2026-01-07: 전체 47행 -> 제외 후 22행
[2026-06-17 05:17:45]   2026-01-08: 전체 50행 -> 제외 후 24행
[2026-06-17 05:17:46]   2026-01-09: 전체 43행 -> 제외 후 20행
[2026-06-17 05:17:47]   2026-01-10: 전체 46행 -> 제외 후 20행
[2026-06-17 05:17:48]   2026-01-11: 전체 46행 -> 제외 후 20행
[2026-06-17 05:17:49]   2026-01-12: 전체 51행 -> 제외 후 26행
[2026-06-17 05:17:50]   2026-01-13: 전체 51행 -> 제외 후 23행
[2026-06-17 05:17:51]   2026-01-14: 전체 38행 -> 제외 후 21행
[2026-06-17 05:17:52]   2026-01-15: 전체 38행 -> 제외 후 21행
[2026-06-17 05:17:53]   2026-01-16: 전체 36행 -> 제외 후 20행
[2026-06-17 05:17:53]   2026-01-17: 전체 31행 -> 제외 후 18행
[2026-06-17 05:17:54]   2026-01-18: 전체 42행 -> 제외 후 26행
[2026-06-17 05:17:55]   2026-01-19: 전체 28행 -> 제외 후 18행
[2026-06-17 05:17:56]   2026-01-20: 전체 35행 -> 제외 후 20행
[2026-06-17 05:17:57]   2026-01-21: 전체 29행 -> 제외 후 21행
[2026-06-17 05:17:57]   2026-01-22: 전체 24행 -> 제외 후 19행
[2026-06-17 05:17:58]   2026-01-23: 전체 27행 -> 제외 후 20행
[2026-06-17 05:17:59]   2026-01-24: 전체 23행 -> 제외 후 18행
[2026-06-17 05:18:00]   2026-01-25: 전체 28행 -> 제외 후 20행
[2026-06-17 05:18:00]   2026-01-26: 전체 22행 -> 제외 후 18행
[2026-06-17 05:18:01]   2026-01-27: 전체 30행 -> 제외 후 20행
[2026-06-17 05:18:01]   2026-01-28: 전체 27행 -> 제외 후 21행
[2026-06-17 05:18:02]   2026-01-29: 전체 29행 -> 제외 후 20행
[2026-06-17 05:18:03]   2026-01-30: 전체 32행 -> 제외 후 20행
[2026-06-17 05:18:03]   2026-01-31: 전체 25행 -> 제외 후 20행
[2026-06-17 05:18:04]   2026-02-01: 전체 23행 -> 제외 후 19행
[2026-06-17 05:18:05]   2026-02-02: 전체 30행 -> 제외 후 20행
[2026-06-17 05:18:05]   2026-02-03: 전체 38행 -> 제외 후 17행
[2026-06-17 05:18:06]   2026-02-04: 전체 30행 -> 제외 후 11행
[2026-06-17 05:18:06]   2026-02-05: 전체 28행 -> 제외 후 7행
[2026-06-17 05:18:07]   2026-02-06: 전체 34행 -> 제외 후 7행
[2026-06-17 05:18:08]   2026-02-07: 전체 31행 -> 제외 후 4행
[2026-06-17 05:18:08]   2026-02-08: 전체 31행 -> 제외 후 4행
[2026-06-17 05:18:09]   2026-02-09: 전체 33행 -> 제외 후 5행
[2026-06-17 05:18:10]   2026-02-10: 전체 35행 -> 제외 후 2행
[2026-06-17 05:18:10]   2026-02-11: 전체 33행 -> 제외 후 1행
[2026-06-17 05:18:11]   2026-02-12: 전체 30행 -> 제외 후 0행
[2026-06-17 05:18:11]   2026-02-13: 전체 31행 -> 제외 후 0행
[2026-06-17 05:18:12]   2026-02-14: 전체 69행 -> 제외 후 2행
[2026-06-17 05:18:13]   2026-02-15: 전체 66행 -> 제외 후 2행
[2026-06-17 05:18:14]   2026-02-16: 전체 64행 -> 제외 후 0행
[2026-06-17 05:18:15]   2026-02-17: 전체 70행 -> 제외 후 3행
[2026-06-17 05:18:15]   2026-02-18: 전체 70행 -> 제외 후 1행
[2026-06-17 05:18:16]   2026-02-19: 전체 67행 -> 제외 후 1행
[2026-06-17 05:18:17]   2026-02-20: 전체 70행 -> 제외 후 3행
[2026-06-17 05:18:17]   2026-02-21: 전체 67행 -> 제외 후 1행
[2026-06-17 05:18:18]   2026-02-22: 전체 70행 -> 제외 후 2행
[2026-06-17 05:18:19]   2026-02-23: 전체 70행 -> 제외 후 0행
[2026-06-17 05:18:20]   2026-02-24: 전체 72행 -> 제외 후 1행
[2026-06-17 05:18:21]   2026-02-25: 전체 70행 -> 제외 후 1행
[2026-06-17 05:18:21]   2026-02-26: 전체 69행 -> 제외 후 0행
[2026-06-17 05:18:22]   2026-02-27: 전체 71행 -> 제외 후 2행
[2026-06-17 05:18:23]   2026-02-28: 전체 67행 -> 제외 후 0행
[2026-06-17 05:18:23]   2026-03-01: 전체 71행 -> 제외 후 1행
[2026-06-17 05:18:24]   2026-03-02: 전체 70행 -> 제외 후 0행
[2026-06-17 05:18:25]   2026-03-03: 전체 74행 -> 제외 후 2행
[2026-06-17 05:18:25]   2026-03-04: 전체 77행 -> 제외 후 10행
[2026-06-17 05:18:26]   2026-03-05: 전체 70행 -> 제외 후 5행
[2026-06-17 05:18:27]   2026-03-06: 전체 113행 -> 제외 후 6행
[2026-06-17 05:18:28]   2026-03-07: 전체 143행 -> 제외 후 38행
[2026-06-17 05:18:29]   2026-03-08: 전체 155행 -> 제외 후 50행
[2026-06-17 05:18:31]   2026-03-09: 전체 153행 -> 제외 후 48행
[2026-06-17 05:18:32]   2026-03-10: 전체 150행 -> 제외 후 47행
[2026-06-17 05:18:33]   2026-03-11: 전체 149행 -> 제외 후 47행
[2026-06-17 05:18:35]   2026-03-12: 전체 143행 -> 제외 후 46행
[2026-06-17 05:18:37]   2026-03-13: 전체 140행 -> 제외 후 44행
[2026-06-17 05:18:38]   2026-03-14: 전체 154행 -> 제외 후 49행
[2026-06-17 05:18:39]   2026-03-15: 전체 162행 -> 제외 후 45행
[2026-06-17 05:18:41]   2026-03-16: 전체 204행 -> 제외 후 98행
[2026-06-17 05:18:42]   2026-03-17: 전체 196행 -> 제외 후 97행
[2026-06-17 05:18:44]   2026-03-18: 전체 193행 -> 제외 후 92행
[2026-06-17 05:18:45]   2026-03-19: 전체 188행 -> 제외 후 88행
[2026-06-17 05:18:47]   2026-03-20: 전체 202행 -> 제외 후 104행
[2026-06-17 05:18:49]   2026-03-21: 전체 186행 -> 제외 후 96행
[2026-06-17 05:18:50]   2026-03-22: 전체 255행 -> 제외 후 120행
[2026-06-17 05:18:52]   2026-03-23: 전체 248행 -> 제외 후 124행
[2026-06-17 05:18:56]   2026-03-24: 전체 246행 -> 제외 후 122행
[2026-06-17 05:18:58]   2026-03-25: 전체 234행 -> 제외 후 119행
[2026-06-17 05:19:00]   2026-03-26: 전체 219행 -> 제외 후 111행
[2026-06-17 05:19:03]   2026-03-27: 전체 235행 -> 제외 후 117행
[2026-06-17 05:19:04]   2026-03-28: 전체 261행 -> 제외 후 117행
[2026-06-17 05:19:06]   2026-03-29: 전체 286행 -> 제외 후 136행
[2026-06-17 05:19:08]   2026-03-30: 전체 266행 -> 제외 후 134행
[2026-06-17 05:19:11]   2026-03-31: 전체 275행 -> 제외 후 138행
[2026-06-17 05:19:13]   2026-04-01: 전체 284행 -> 제외 후 140행
[2026-06-17 05:19:14]   2026-04-02: 전체 267행 -> 제외 후 132행
[2026-06-17 05:19:16]   2026-04-03: 전체 271행 -> 제외 후 134행
[2026-06-17 05:19:19]   2026-04-04: 전체 289행 -> 제외 후 149행
[2026-06-17 05:19:22]   2026-04-05: 전체 340행 -> 제외 후 183행
[2026-06-17 05:19:24]   2026-04-06: 전체 313행 -> 제외 후 163행
[2026-06-17 05:19:26]   2026-04-07: 전체 294행 -> 제외 후 161행
[2026-06-17 05:19:28]   2026-04-08: 전체 286행 -> 제외 후 158행
[2026-06-17 05:19:30]   2026-04-09: 전체 293행 -> 제외 후 156행
[2026-06-17 05:19:33]   2026-04-10: 전체 302행 -> 제외 후 164행
[2026-06-17 05:19:36]   2026-04-11: 전체 334행 -> 제외 후 169행
[2026-06-17 05:19:39]   2026-04-12: 전체 351행 -> 제외 후 200행
[2026-06-17 05:19:41]   2026-04-13: 전체 312행 -> 제외 후 180행
[2026-06-17 05:19:43]   2026-04-14: 전체 282행 -> 제외 후 151행
[2026-06-17 05:19:45]   2026-04-15: 전체 291행 -> 제외 후 164행
[2026-06-17 05:19:47]   2026-04-16: 전체 291행 -> 제외 후 161행
[2026-06-17 05:19:49]   2026-04-17: 전체 296행 -> 제외 후 166행
[2026-06-17 05:19:53]   2026-04-18: 전체 360행 -> 제외 후 155행
[2026-06-17 05:19:56]   2026-04-19: 전체 336행 -> 제외 후 156행
[2026-06-17 05:19:59]   2026-04-20: 전체 302행 -> 제외 후 147행
[2026-06-17 05:20:03]   2026-04-21: 전체 351행 -> 제외 후 159행
[2026-06-17 05:20:05]   2026-04-22: 전체 335행 -> 제외 후 159행
[2026-06-17 05:20:10]   2026-04-23: 전체 315행 -> 제외 후 146행
[2026-06-17 05:20:13]   2026-04-24: 전체 350행 -> 제외 후 146행
[2026-06-17 05:20:17]   2026-04-25: 전체 350행 -> 제외 후 164행
[2026-06-17 05:20:21]   2026-04-26: 전체 364행 -> 제외 후 164행
[2026-06-17 05:20:24]   2026-04-27: 전체 352행 -> 제외 후 151행
[2026-06-17 05:20:27]   2026-04-28: 전체 346행 -> 제외 후 155행
[2026-06-17 05:20:29]   2026-04-29: 전체 327행 -> 제외 후 147행
[2026-06-17 05:20:33]   2026-04-30: 전체 377행 -> 제외 후 154행
[2026-06-17 05:20:36]   2026-05-01: 전체 492행 -> 제외 후 160행
[2026-06-17 05:20:41]   2026-05-02: 전체 526행 -> 제외 후 159행
[2026-06-17 05:20:45]   2026-05-03: 전체 511행 -> 제외 후 136행
[2026-06-17 05:20:48]   2026-05-04: 전체 463행 -> 제외 후 103행
[2026-06-17 05:20:52]   2026-05-05: 전체 464행 -> 제외 후 95행
[2026-06-17 05:20:57]   2026-05-06: 전체 554행 -> 제외 후 145행
[2026-06-17 05:21:02]   2026-05-07: 전체 589행 -> 제외 후 169행
[2026-06-17 05:21:09]   2026-05-08: 전체 642행 -> 제외 후 181행
[2026-06-17 05:21:14]   2026-05-09: 전체 671행 -> 제외 후 151행
[2026-06-17 05:21:19]   2026-05-10: 전체 761행 -> 제외 후 195행
[2026-06-17 05:21:25]   2026-05-11: 전체 698행 -> 제외 후 155행
[2026-06-17 05:21:30]   2026-05-12: 전체 686행 -> 제외 후 144행
[2026-06-17 05:21:35]   2026-05-13: 전체 651행 -> 제외 후 139행
[2026-06-17 05:21:40]   2026-05-14: 전체 667행 -> 제외 후 141행
[2026-06-17 05:21:45]   2026-05-15: 전체 652행 -> 제외 후 134행
[2026-06-17 05:21:50]   2026-05-16: 전체 739행 -> 제외 후 134행
[2026-06-17 05:21:56]   2026-05-17: 전체 773행 -> 제외 후 135행
[2026-06-17 05:22:02]   2026-05-18: 전체 656행 -> 제외 후 127행
[2026-06-17 05:22:09]   2026-05-19: 전체 675행 -> 제외 후 123행
[2026-06-17 05:22:14]   2026-05-20: 전체 645행 -> 제외 후 117행
[2026-06-17 05:22:19]   2026-05-21: 전체 618행 -> 제외 후 111행
[2026-06-17 05:22:24]   2026-05-22: 전체 566행 -> 제외 후 101행
[2026-06-17 05:22:29]   2026-05-23: 전체 604행 -> 제외 후 105행
[2026-06-17 05:22:33]   2026-05-24: 전체 594행 -> 제외 후 107행
[2026-06-17 05:22:37]   2026-05-25: 전체 559행 -> 제외 후 94행
[2026-06-17 05:22:41]   2026-05-26: 전체 550행 -> 제외 후 90행
[2026-06-17 05:22:44]   2026-05-27: 전체 537행 -> 제외 후 92행
[2026-06-17 05:22:49]   2026-05-28: 전체 530행 -> 제외 후 89행
[2026-06-17 05:22:55]   2026-05-29: 전체 476행 -> 제외 후 92행
[2026-06-17 05:22:59]   2026-05-30: 전체 487행 -> 제외 후 87행
[2026-06-17 05:23:02]   2026-05-31: 전체 497행 -> 제외 후 85행
[2026-06-17 05:23:05]   2026-06-01: 전체 492행 -> 제외 후 91행
[2026-06-17 05:23:09]   2026-06-02: 전체 420행 -> 제외 후 82행
[2026-06-17 05:23:12]   2026-06-03: 전체 365행 -> 제외 후 78행
[2026-06-17 05:23:15]   2026-06-04: 전체 406행 -> 제외 후 58행
[2026-06-17 05:23:17]   2026-06-05: 전체 326행 -> 제외 후 45행
[2026-06-17 05:23:19]   2026-06-06: 전체 297행 -> 제외 후 37행
[2026-06-17 05:23:21]   2026-06-07: 전체 273행 -> 제외 후 51행
[2026-06-17 05:23:23]   2026-06-08: 전체 222행 -> 제외 후 23행
[2026-06-17 05:23:26]   2026-06-09: 전체 231행 -> 제외 후 20행
[2026-06-17 05:23:28]   2026-06-10: 전체 258행 -> 제외 후 23행
[2026-06-17 05:23:30]   2026-06-11: 전체 259행 -> 제외 후 20행
[2026-06-17 05:23:31]   2026-06-12: 전체 265행 -> 제외 후 22행
[2026-06-17 05:23:34]   2026-06-13: 전체 235행 -> 제외 후 21행
[2026-06-17 05:23:36]   2026-06-14: 전체 198행 -> 제외 후 22행
[2026-06-17 05:23:37]   2026-06-15: 전체 179행 -> 제외 후 20행
[2026-06-17 05:23:38]   2026-06-16: 전체 121행 -> 제외 후 17행
[2026-06-17 05:23:38] spend > 0 행: 858개
[2026-06-17 05:23:38] [백필 모드] state 파일 갱신 생략
[2026-06-17 05:23:38] 완료: 858행 -> /home/runner/work/lalasweet-ad-dashboard/lalasweet-ad-dashboard/data/tiktok_raw_2026-01-01_2026-06-16.csv
[2026-06-17 06:42:13] [백필 모드] 수집 범위: 2026-01-01 ~ 2026-06-17
[2026-06-17 06:42:13] 경고: 수집 범위 168일. 장기 누락 가능성.
[2026-06-17 06:42:13] 수집 범위: 2026-01-01 ~ 2026-06-17 (168일)
[2026-06-17 06:42:13]   2026-01-01: 전체 63행 -> 제외 후 45행
[2026-06-17 06:42:14]   2026-01-02: 전체 74행 -> 제외 후 47행
[2026-06-17 06:42:15]   2026-01-03: 전체 58행 -> 제외 후 36행
[2026-06-17 06:42:16]   2026-01-04: 전체 58행 -> 제외 후 39행
[2026-06-17 06:42:17]   2026-01-05: 전체 57행 -> 제외 후 37행
[2026-06-17 06:42:17]   2026-01-06: 전체 51행 -> 제외 후 33행
[2026-06-17 06:42:18]   2026-01-07: 전체 47행 -> 제외 후 30행
[2026-06-17 06:42:18]   2026-01-08: 전체 50행 -> 제외 후 32행
[2026-06-17 06:42:19]   2026-01-09: 전체 43행 -> 제외 후 28행
[2026-06-17 06:42:20]   2026-01-10: 전체 46행 -> 제외 후 28행
[2026-06-17 06:42:21]   2026-01-11: 전체 46행 -> 제외 후 28행
[2026-06-17 06:42:21]   2026-01-12: 전체 51행 -> 제외 후 34행
[2026-06-17 06:42:23]   2026-01-13: 전체 51행 -> 제외 후 30행
[2026-06-17 06:42:23]   2026-01-14: 전체 38행 -> 제외 후 22행
[2026-06-17 06:42:24]   2026-01-15: 전체 38행 -> 제외 후 22행
[2026-06-17 06:42:25]   2026-01-16: 전체 36행 -> 제외 후 21행
[2026-06-17 06:42:25]   2026-01-17: 전체 31행 -> 제외 후 19행
[2026-06-17 06:42:26]   2026-01-18: 전체 42행 -> 제외 후 27행
[2026-06-17 06:42:26]   2026-01-19: 전체 28행 -> 제외 후 18행
[2026-06-17 06:42:27]   2026-01-20: 전체 35행 -> 제외 후 21행
[2026-06-17 06:42:28]   2026-01-21: 전체 29행 -> 제외 후 21행
[2026-06-17 06:42:28]   2026-01-22: 전체 24행 -> 제외 후 19행
[2026-06-17 06:42:29]   2026-01-23: 전체 27행 -> 제외 후 20행
[2026-06-17 06:42:30]   2026-01-24: 전체 23행 -> 제외 후 19행
[2026-06-17 06:42:30]   2026-01-25: 전체 28행 -> 제외 후 21행
[2026-06-17 06:42:31]   2026-01-26: 전체 22행 -> 제외 후 18행
[2026-06-17 06:42:32]   2026-01-27: 전체 30행 -> 제외 후 21행
[2026-06-17 06:42:33]   2026-01-28: 전체 27행 -> 제외 후 21행
[2026-06-17 06:42:34]   2026-01-29: 전체 29행 -> 제외 후 21행
[2026-06-17 06:42:34]   2026-01-30: 전체 32행 -> 제외 후 21행
[2026-06-17 06:42:35]   2026-01-31: 전체 25행 -> 제외 후 20행
[2026-06-17 06:42:35]   2026-02-01: 전체 23행 -> 제외 후 20행
[2026-06-17 06:42:36]   2026-02-02: 전체 30행 -> 제외 후 20행
[2026-06-17 06:42:37]   2026-02-03: 전체 38행 -> 제외 후 18행
[2026-06-17 06:42:38]   2026-02-04: 전체 30행 -> 제외 후 12행
[2026-06-17 06:42:38]   2026-02-05: 전체 28행 -> 제외 후 7행
[2026-06-17 06:42:39]   2026-02-06: 전체 34행 -> 제외 후 7행
[2026-06-17 06:42:40]   2026-02-07: 전체 31행 -> 제외 후 5행
[2026-06-17 06:42:40]   2026-02-08: 전체 31행 -> 제외 후 5행
[2026-06-17 06:42:41]   2026-02-09: 전체 33행 -> 제외 후 6행
[2026-06-17 06:42:41]   2026-02-10: 전체 35행 -> 제외 후 2행
[2026-06-17 06:42:42]   2026-02-11: 전체 33행 -> 제외 후 1행
[2026-06-17 06:42:42]   2026-02-12: 전체 30행 -> 제외 후 0행
[2026-06-17 06:42:43]   2026-02-13: 전체 31행 -> 제외 후 1행
[2026-06-17 06:42:44]   2026-02-14: 전체 69행 -> 제외 후 7행
[2026-06-17 06:42:44]   2026-02-15: 전체 66행 -> 제외 후 6행
[2026-06-17 06:42:45]   2026-02-16: 전체 64행 -> 제외 후 4행
[2026-06-17 06:42:45]   2026-02-17: 전체 70행 -> 제외 후 7행
[2026-06-17 06:42:46]   2026-02-18: 전체 70행 -> 제외 후 5행
[2026-06-17 06:42:46]   2026-02-19: 전체 67행 -> 제외 후 5행
[2026-06-17 06:42:47]   2026-02-20: 전체 70행 -> 제외 후 7행
[2026-06-17 06:42:48]   2026-02-21: 전체 67행 -> 제외 후 5행
[2026-06-17 06:42:48]   2026-02-22: 전체 70행 -> 제외 후 6행
[2026-06-17 06:42:49]   2026-02-23: 전체 70행 -> 제외 후 4행
[2026-06-17 06:42:50]   2026-02-24: 전체 72행 -> 제외 후 5행
[2026-06-17 06:42:50]   2026-02-25: 전체 70행 -> 제외 후 5행
[2026-06-17 06:42:51]   2026-02-26: 전체 69행 -> 제외 후 3행
[2026-06-17 06:42:51]   2026-02-27: 전체 71행 -> 제외 후 6행
[2026-06-17 06:42:53]   2026-02-28: 전체 67행 -> 제외 후 4행
[2026-06-17 06:42:54]   2026-03-01: 전체 71행 -> 제외 후 5행
[2026-06-17 06:42:54]   2026-03-02: 전체 70행 -> 제외 후 4행
[2026-06-17 06:42:55]   2026-03-03: 전체 74행 -> 제외 후 6행
[2026-06-17 06:42:56]   2026-03-04: 전체 77행 -> 제외 후 14행
[2026-06-17 06:42:56]   2026-03-05: 전체 70행 -> 제외 후 9행
[2026-06-17 06:42:57]   2026-03-06: 전체 113행 -> 제외 후 10행
[2026-06-17 06:42:59]   2026-03-07: 전체 143행 -> 제외 후 42행
[2026-06-17 06:43:00]   2026-03-08: 전체 155행 -> 제외 후 54행
[2026-06-17 06:43:01]   2026-03-09: 전체 153행 -> 제외 후 52행
[2026-06-17 06:43:03]   2026-03-10: 전체 150행 -> 제외 후 51행
[2026-06-17 06:43:04]   2026-03-11: 전체 149행 -> 제외 후 51행
[2026-06-17 06:43:05]   2026-03-12: 전체 143행 -> 제외 후 50행
[2026-06-17 06:43:07]   2026-03-13: 전체 140행 -> 제외 후 48행
[2026-06-17 06:43:08]   2026-03-14: 전체 154행 -> 제외 후 51행
[2026-06-17 06:43:09]   2026-03-15: 전체 162행 -> 제외 후 45행
[2026-06-17 06:43:12]   2026-03-16: 전체 204행 -> 제외 후 98행
[2026-06-17 06:43:14]   2026-03-17: 전체 196행 -> 제외 후 97행
[2026-06-17 06:43:15]   2026-03-18: 전체 193행 -> 제외 후 92행
[2026-06-17 06:43:16]   2026-03-19: 전체 188행 -> 제외 후 88행
[2026-06-17 06:43:18]   2026-03-20: 전체 202행 -> 제외 후 104행
[2026-06-17 06:43:19]   2026-03-21: 전체 186행 -> 제외 후 96행
[2026-06-17 06:43:21]   2026-03-22: 전체 255행 -> 제외 후 134행
[2026-06-17 06:43:23]   2026-03-23: 전체 248행 -> 제외 후 138행
[2026-06-17 06:43:25]   2026-03-24: 전체 246행 -> 제외 후 136행
[2026-06-17 06:43:27]   2026-03-25: 전체 234행 -> 제외 후 133행
[2026-06-17 06:43:29]   2026-03-26: 전체 219행 -> 제외 후 125행
[2026-06-17 06:43:30]   2026-03-27: 전체 235행 -> 제외 후 131행
[2026-06-17 06:43:32]   2026-03-28: 전체 261행 -> 제외 후 131행
[2026-06-17 06:43:35]   2026-03-29: 전체 286행 -> 제외 후 150행
[2026-06-17 06:43:37]   2026-03-30: 전체 266행 -> 제외 후 148행
[2026-06-17 06:43:39]   2026-03-31: 전체 275행 -> 제외 후 152행
[2026-06-17 06:43:41]   2026-04-01: 전체 284행 -> 제외 후 154행
[2026-06-17 06:43:43]   2026-04-02: 전체 267행 -> 제외 후 146행
[2026-06-17 06:43:45]   2026-04-03: 전체 271행 -> 제외 후 147행
[2026-06-17 06:43:47]   2026-04-04: 전체 289행 -> 제외 후 163행
[2026-06-17 06:43:49]   2026-04-05: 전체 340행 -> 제외 후 197행
[2026-06-17 06:43:51]   2026-04-06: 전체 313행 -> 제외 후 177행
[2026-06-17 06:43:54]   2026-04-07: 전체 294행 -> 제외 후 175행
[2026-06-17 06:43:56]   2026-04-08: 전체 286행 -> 제외 후 171행
[2026-06-17 06:43:58]   2026-04-09: 전체 293행 -> 제외 후 170행
[2026-06-17 06:44:01]   2026-04-10: 전체 302행 -> 제외 후 178행
[2026-06-17 06:44:03]   2026-04-11: 전체 334행 -> 제외 후 183행
[2026-06-17 06:44:06]   2026-04-12: 전체 351행 -> 제외 후 214행
[2026-06-17 06:44:08]   2026-04-13: 전체 312행 -> 제외 후 193행
[2026-06-17 06:44:10]   2026-04-14: 전체 282행 -> 제외 후 165행
[2026-06-17 06:44:12]   2026-04-15: 전체 291행 -> 제외 후 178행
[2026-06-17 06:44:14]   2026-04-16: 전체 291행 -> 제외 후 175행
[2026-06-17 06:44:16]   2026-04-17: 전체 296행 -> 제외 후 179행
[2026-06-17 06:44:19]   2026-04-18: 전체 360행 -> 제외 후 169행
[2026-06-17 06:44:22]   2026-04-19: 전체 336행 -> 제외 후 169행
[2026-06-17 06:44:24]   2026-04-20: 전체 302행 -> 제외 후 147행
[2026-06-17 06:44:27]   2026-04-21: 전체 351행 -> 제외 후 159행
[2026-06-17 06:44:31]   2026-04-22: 전체 335행 -> 제외 후 159행
[2026-06-17 06:44:34]   2026-04-23: 전체 315행 -> 제외 후 146행
[2026-06-17 06:44:37]   2026-04-24: 전체 350행 -> 제외 후 146행
[2026-06-17 06:44:40]   2026-04-25: 전체 350행 -> 제외 후 165행
[2026-06-17 06:44:43]   2026-04-26: 전체 364행 -> 제외 후 164행
[2026-06-17 06:44:45]   2026-04-27: 전체 352행 -> 제외 후 151행
[2026-06-17 06:44:49]   2026-04-28: 전체 346행 -> 제외 후 155행
[2026-06-17 06:44:52]   2026-04-29: 전체 327행 -> 제외 후 147행
[2026-06-17 06:44:54]   2026-04-30: 전체 377행 -> 제외 후 154행
[2026-06-17 06:44:58]   2026-05-01: 전체 492행 -> 제외 후 160행
[2026-06-17 06:45:03]   2026-05-02: 전체 526행 -> 제외 후 159행
[2026-06-17 06:45:07]   2026-05-03: 전체 511행 -> 제외 후 136행
[2026-06-17 06:45:11]   2026-05-04: 전체 463행 -> 제외 후 103행
[2026-06-17 06:45:14]   2026-05-05: 전체 464행 -> 제외 후 96행
[2026-06-17 06:45:18]   2026-05-06: 전체 554행 -> 제외 후 145행
[2026-06-17 06:45:22]   2026-05-07: 전체 589행 -> 제외 후 169행
[2026-06-17 06:45:26]   2026-05-08: 전체 642행 -> 제외 후 181행
[2026-06-17 06:45:31]   2026-05-09: 전체 671행 -> 제외 후 151행
[2026-06-17 06:45:36]   2026-05-10: 전체 761행 -> 제외 후 195행
[2026-06-17 06:45:42]   2026-05-11: 전체 698행 -> 제외 후 155행
[2026-06-17 06:45:47]   2026-05-12: 전체 686행 -> 제외 후 144행
[2026-06-17 06:45:51]   2026-05-13: 전체 651행 -> 제외 후 139행
[2026-06-17 06:45:56]   2026-05-14: 전체 667행 -> 제외 후 142행
[2026-06-17 06:46:00]   2026-05-15: 전체 652행 -> 제외 후 134행
[2026-06-17 06:46:05]   2026-05-16: 전체 739행 -> 제외 후 134행
[2026-06-17 06:46:11]   2026-05-17: 전체 773행 -> 제외 후 135행
[2026-06-17 06:46:16]   2026-05-18: 전체 656행 -> 제외 후 127행
[2026-06-17 06:46:21]   2026-05-19: 전체 675행 -> 제외 후 123행
[2026-06-17 06:46:26]   2026-05-20: 전체 645행 -> 제외 후 117행
[2026-06-17 06:46:31]   2026-05-21: 전체 618행 -> 제외 후 111행
[2026-06-17 06:46:35]   2026-05-22: 전체 566행 -> 제외 후 101행
[2026-06-17 06:46:40]   2026-05-23: 전체 604행 -> 제외 후 105행
[2026-06-17 06:46:44]   2026-05-24: 전체 594행 -> 제외 후 107행
[2026-06-17 06:46:47]   2026-05-25: 전체 559행 -> 제외 후 94행
[2026-06-17 06:46:51]   2026-05-26: 전체 550행 -> 제외 후 90행
[2026-06-17 06:46:55]   2026-05-27: 전체 537행 -> 제외 후 92행
[2026-06-17 06:46:59]   2026-05-28: 전체 530행 -> 제외 후 89행
[2026-06-17 06:47:03]   2026-05-29: 전체 476행 -> 제외 후 92행
[2026-06-17 06:47:06]   2026-05-30: 전체 487행 -> 제외 후 87행
[2026-06-17 06:47:09]   2026-05-31: 전체 497행 -> 제외 후 85행
[2026-06-17 06:47:12]   2026-06-01: 전체 492행 -> 제외 후 91행
[2026-06-17 06:47:16]   2026-06-02: 전체 420행 -> 제외 후 82행
[2026-06-17 06:47:18]   2026-06-03: 전체 365행 -> 제외 후 78행
[2026-06-17 06:47:21]   2026-06-04: 전체 406행 -> 제외 후 58행
[2026-06-17 06:47:24]   2026-06-05: 전체 326행 -> 제외 후 45행
[2026-06-17 06:47:25]   2026-06-06: 전체 297행 -> 제외 후 37행
[2026-06-17 06:47:28]   2026-06-07: 전체 273행 -> 제외 후 51행
[2026-06-17 06:47:30]   2026-06-08: 전체 222행 -> 제외 후 23행
[2026-06-17 06:47:32]   2026-06-09: 전체 231행 -> 제외 후 20행
[2026-06-17 06:47:34]   2026-06-10: 전체 258행 -> 제외 후 23행
[2026-06-17 06:47:36]   2026-06-11: 전체 259행 -> 제외 후 20행
[2026-06-17 06:47:38]   2026-06-12: 전체 265행 -> 제외 후 22행
[2026-06-17 06:47:40]   2026-06-13: 전체 235행 -> 제외 후 21행
[2026-06-17 06:47:41]   2026-06-14: 전체 198행 -> 제외 후 22행
[2026-06-17 06:47:42]   2026-06-15: 전체 179행 -> 제외 후 20행
[2026-06-17 06:47:43]   2026-06-16: 전체 121행 -> 제외 후 17행
[2026-06-17 06:47:44]   2026-06-17: 전체 36행 -> 제외 후 0행
[2026-06-17 06:47:44] spend > 0 행: 876개
[2026-06-17 06:47:44] [백필 모드] state 파일 갱신 생략
[2026-06-17 06:47:44] 완료: 876행 -> /home/runner/work/lalasweet-ad-dashboard/lalasweet-ad-dashboard/data/tiktok_raw_2026-01-01_2026-06-17.csv
[2026-06-17 10:59:38] [백필 모드] 수집 범위: 2026-06-17 ~ 2026-06-17
[2026-06-17 10:59:38] 수집 범위: 2026-06-17 ~ 2026-06-17 (1일)
[2026-06-17 10:59:40]   2026-06-17: 전체 112행 -> 제외 후 15행
[2026-06-17 10:59:40] spend > 0 행: 0개
[2026-06-17 10:59:40] [백필 모드] state 파일 갱신 생략
[2026-06-17 10:59:40] 완료: 0행 -> /home/runner/work/lalasweet-ad-dashboard/lalasweet-ad-dashboard/data/tiktok_raw_2026-06-17_2026-06-17.csv
[2026-06-17 11:06:56] [백필 모드] 수집 범위: 2026-01-01 ~ 2026-06-16
[2026-06-17 11:06:56] 경고: 수집 범위 167일. 장기 누락 가능성.
[2026-06-17 11:06:56] 수집 범위: 2026-01-01 ~ 2026-06-16 (167일)
[2026-06-17 11:06:57]   2026-01-01: 전체 63행 -> 제외 후 45행
[2026-06-17 11:06:58]   2026-01-02: 전체 74행 -> 제외 후 47행
[2026-06-17 11:07:00]   2026-01-03: 전체 58행 -> 제외 후 36행
[2026-06-17 11:07:01]   2026-01-04: 전체 58행 -> 제외 후 39행
[2026-06-17 11:07:03]   2026-01-05: 전체 57행 -> 제외 후 37행
[2026-06-17 11:07:04]   2026-01-06: 전체 51행 -> 제외 후 33행
[2026-06-17 11:07:05]   2026-01-07: 전체 47행 -> 제외 후 30행
[2026-06-17 11:07:06]   2026-01-08: 전체 50행 -> 제외 후 32행
[2026-06-17 11:07:07]   2026-01-09: 전체 43행 -> 제외 후 28행
[2026-06-17 11:07:07]   2026-01-10: 전체 46행 -> 제외 후 28행
[2026-06-17 11:07:08]   2026-01-11: 전체 46행 -> 제외 후 28행
[2026-06-17 11:07:09]   2026-01-12: 전체 51행 -> 제외 후 34행
[2026-06-17 11:07:10]   2026-01-13: 전체 51행 -> 제외 후 30행
[2026-06-17 11:07:10]   2026-01-14: 전체 38행 -> 제외 후 22행
[2026-06-17 11:07:11]   2026-01-15: 전체 38행 -> 제외 후 22행
[2026-06-17 11:07:11]   2026-01-16: 전체 36행 -> 제외 후 21행
[2026-06-17 11:07:12]   2026-01-17: 전체 31행 -> 제외 후 19행
[2026-06-17 11:07:12]   2026-01-18: 전체 42행 -> 제외 후 27행
[2026-06-17 11:07:13]   2026-01-19: 전체 28행 -> 제외 후 18행
[2026-06-17 11:07:14]   2026-01-20: 전체 35행 -> 제외 후 21행
[2026-06-17 11:07:14]   2026-01-21: 전체 29행 -> 제외 후 21행
[2026-06-17 11:07:15]   2026-01-22: 전체 24행 -> 제외 후 19행
[2026-06-17 11:07:15]   2026-01-23: 전체 27행 -> 제외 후 20행
[2026-06-17 11:07:16]   2026-01-24: 전체 23행 -> 제외 후 19행
[2026-06-17 11:07:16]   2026-01-25: 전체 28행 -> 제외 후 21행
[2026-06-17 11:07:17]   2026-01-26: 전체 22행 -> 제외 후 18행
[2026-06-17 11:07:17]   2026-01-27: 전체 30행 -> 제외 후 21행
[2026-06-17 11:07:18]   2026-01-28: 전체 27행 -> 제외 후 21행
[2026-06-17 11:07:19]   2026-01-29: 전체 29행 -> 제외 후 21행
[2026-06-17 11:07:19]   2026-01-30: 전체 32행 -> 제외 후 21행
[2026-06-17 11:07:20]   2026-01-31: 전체 25행 -> 제외 후 20행
[2026-06-17 11:07:20]   2026-02-01: 전체 23행 -> 제외 후 20행
[2026-06-17 11:07:21]   2026-02-02: 전체 30행 -> 제외 후 20행
[2026-06-17 11:07:21]   2026-02-03: 전체 38행 -> 제외 후 18행
[2026-06-17 11:07:22]   2026-02-04: 전체 30행 -> 제외 후 12행
[2026-06-17 11:07:22]   2026-02-05: 전체 28행 -> 제외 후 7행
[2026-06-17 11:07:23]   2026-02-06: 전체 34행 -> 제외 후 7행
[2026-06-17 11:07:23]   2026-02-07: 전체 31행 -> 제외 후 5행
[2026-06-17 11:07:24]   2026-02-08: 전체 31행 -> 제외 후 5행
[2026-06-17 11:07:25]   2026-02-09: 전체 33행 -> 제외 후 6행
[2026-06-17 11:07:26]   2026-02-10: 전체 35행 -> 제외 후 2행
[2026-06-17 11:07:27]   2026-02-11: 전체 33행 -> 제외 후 1행
[2026-06-17 11:07:28]   2026-02-12: 전체 30행 -> 제외 후 0행
[2026-06-17 11:07:28]   2026-02-13: 전체 31행 -> 제외 후 1행
[2026-06-17 11:07:29]   2026-02-14: 전체 69행 -> 제외 후 7행
[2026-06-17 11:07:30]   2026-02-15: 전체 66행 -> 제외 후 6행
[2026-06-17 11:07:31]   2026-02-16: 전체 64행 -> 제외 후 4행
[2026-06-17 11:07:32]   2026-02-17: 전체 70행 -> 제외 후 7행
[2026-06-17 11:07:32]   2026-02-18: 전체 70행 -> 제외 후 5행
[2026-06-17 11:07:33]   2026-02-19: 전체 67행 -> 제외 후 5행
[2026-06-17 11:07:34]   2026-02-20: 전체 70행 -> 제외 후 7행
[2026-06-17 11:07:34]   2026-02-21: 전체 67행 -> 제외 후 5행
[2026-06-17 11:07:35]   2026-02-22: 전체 70행 -> 제외 후 6행
[2026-06-17 11:07:35]   2026-02-23: 전체 70행 -> 제외 후 4행
[2026-06-17 11:07:36]   2026-02-24: 전체 72행 -> 제외 후 5행
[2026-06-17 11:07:37]   2026-02-25: 전체 70행 -> 제외 후 5행
[2026-06-17 11:07:37]   2026-02-26: 전체 69행 -> 제외 후 3행
[2026-06-17 11:07:38]   2026-02-27: 전체 71행 -> 제외 후 6행
[2026-06-17 11:07:38]   2026-02-28: 전체 67행 -> 제외 후 4행
[2026-06-17 11:07:39]   2026-03-01: 전체 71행 -> 제외 후 5행
[2026-06-17 11:07:39]   2026-03-02: 전체 70행 -> 제외 후 4행
[2026-06-17 11:07:40]   2026-03-03: 전체 74행 -> 제외 후 6행
[2026-06-17 11:07:41]   2026-03-04: 전체 77행 -> 제외 후 14행
[2026-06-17 11:07:41]   2026-03-05: 전체 70행 -> 제외 후 9행
[2026-06-17 11:07:43]   2026-03-06: 전체 113행 -> 제외 후 10행
[2026-06-17 11:07:44]   2026-03-07: 전체 143행 -> 제외 후 42행
[2026-06-17 11:07:45]   2026-03-08: 전체 155행 -> 제외 후 54행
[2026-06-17 11:07:46]   2026-03-09: 전체 153행 -> 제외 후 52행
[2026-06-17 11:07:48]   2026-03-10: 전체 150행 -> 제외 후 51행
[2026-06-17 11:07:49]   2026-03-11: 전체 149행 -> 제외 후 51행
[2026-06-17 11:07:50]   2026-03-12: 전체 143행 -> 제외 후 50행
[2026-06-17 11:07:51]   2026-03-13: 전체 140행 -> 제외 후 48행
[2026-06-17 11:07:52]   2026-03-14: 전체 154행 -> 제외 후 51행
[2026-06-17 11:07:54]   2026-03-15: 전체 162행 -> 제외 후 45행
[2026-06-17 11:07:56]   2026-03-16: 전체 204행 -> 제외 후 98행
[2026-06-17 11:07:57]   2026-03-17: 전체 196행 -> 제외 후 97행
[2026-06-17 11:07:59]   2026-03-18: 전체 193행 -> 제외 후 92행
[2026-06-17 11:08:00]   2026-03-19: 전체 188행 -> 제외 후 88행
[2026-06-17 11:08:02]   2026-03-20: 전체 202행 -> 제외 후 104행
[2026-06-17 11:08:03]   2026-03-21: 전체 186행 -> 제외 후 96행
[2026-06-17 11:08:05]   2026-03-22: 전체 255행 -> 제외 후 134행
[2026-06-17 11:08:07]   2026-03-23: 전체 248행 -> 제외 후 138행
[2026-06-17 11:08:10]   2026-03-24: 전체 246행 -> 제외 후 136행
[2026-06-17 11:08:12]   2026-03-25: 전체 234행 -> 제외 후 133행
[2026-06-17 11:08:14]   2026-03-26: 전체 219행 -> 제외 후 125행
[2026-06-17 11:08:16]   2026-03-27: 전체 235행 -> 제외 후 131행
[2026-06-17 11:08:19]   2026-03-28: 전체 261행 -> 제외 후 131행
[2026-06-17 11:08:23]   2026-03-29: 전체 286행 -> 제외 후 150행
[2026-06-17 11:08:25]   2026-03-30: 전체 266행 -> 제외 후 148행
[2026-06-17 11:08:27]   2026-03-31: 전체 275행 -> 제외 후 152행
[2026-06-17 11:08:29]   2026-04-01: 전체 284행 -> 제외 후 154행
[2026-06-17 11:08:31]   2026-04-02: 전체 267행 -> 제외 후 146행
[2026-06-17 11:08:34]   2026-04-03: 전체 271행 -> 제외 후 147행
[2026-06-17 11:08:36]   2026-04-04: 전체 289행 -> 제외 후 163행
[2026-06-17 11:08:39]   2026-04-05: 전체 340행 -> 제외 후 197행
[2026-06-17 11:08:41]   2026-04-06: 전체 313행 -> 제외 후 177행
[2026-06-17 11:08:43]   2026-04-07: 전체 294행 -> 제외 후 175행
[2026-06-17 11:08:45]   2026-04-08: 전체 286행 -> 제외 후 171행
[2026-06-17 11:08:47]   2026-04-09: 전체 293행 -> 제외 후 170행
[2026-06-17 11:08:50]   2026-04-10: 전체 302행 -> 제외 후 178행
[2026-06-17 11:08:53]   2026-04-11: 전체 334행 -> 제외 후 183행
[2026-06-17 11:08:56]   2026-04-12: 전체 351행 -> 제외 후 214행
[2026-06-17 11:08:59]   2026-04-13: 전체 312행 -> 제외 후 193행
[2026-06-17 11:09:04]   2026-04-14: 전체 282행 -> 제외 후 165행
[2026-06-17 11:09:07]   2026-04-15: 전체 291행 -> 제외 후 178행
[2026-06-17 11:09:10]   2026-04-16: 전체 291행 -> 제외 후 175행
[2026-06-17 11:09:12]   2026-04-17: 전체 296행 -> 제외 후 179행
[2026-06-17 11:09:16]   2026-04-18: 전체 360행 -> 제외 후 169행
[2026-06-17 11:09:19]   2026-04-19: 전체 336행 -> 제외 후 169행
[2026-06-17 11:09:22]   2026-04-20: 전체 302행 -> 제외 후 147행
[2026-06-17 11:09:24]   2026-04-21: 전체 351행 -> 제외 후 159행
[2026-06-17 11:09:28]   2026-04-22: 전체 335행 -> 제외 후 159행
[2026-06-17 11:09:31]   2026-04-23: 전체 315행 -> 제외 후 146행
[2026-06-17 11:09:34]   2026-04-24: 전체 350행 -> 제외 후 146행
[2026-06-17 11:09:37]   2026-04-25: 전체 350행 -> 제외 후 165행
[2026-06-17 11:09:40]   2026-04-26: 전체 364행 -> 제외 후 164행
[2026-06-17 11:09:43]   2026-04-27: 전체 352행 -> 제외 후 151행
[2026-06-17 11:09:46]   2026-04-28: 전체 346행 -> 제외 후 155행
[2026-06-17 11:09:49]   2026-04-29: 전체 327행 -> 제외 후 147행
[2026-06-17 11:09:51]   2026-04-30: 전체 377행 -> 제외 후 154행
[2026-06-17 11:09:54]   2026-05-01: 전체 492행 -> 제외 후 160행
[2026-06-17 11:09:58]   2026-05-02: 전체 526행 -> 제외 후 159행
[2026-06-17 11:10:03]   2026-05-03: 전체 511행 -> 제외 후 136행
[2026-06-17 11:10:06]   2026-05-04: 전체 463행 -> 제외 후 103행
[2026-06-17 11:10:10]   2026-05-05: 전체 464행 -> 제외 후 96행
[2026-06-17 11:10:14]   2026-05-06: 전체 554행 -> 제외 후 145행
[2026-06-17 11:10:18]   2026-05-07: 전체 589행 -> 제외 후 169행
[2026-06-17 11:10:24]   2026-05-08: 전체 642행 -> 제외 후 181행
[2026-06-17 11:10:29]   2026-05-09: 전체 671행 -> 제외 후 151행
[2026-06-17 11:10:35]   2026-05-10: 전체 761행 -> 제외 후 195행
[2026-06-17 11:10:41]   2026-05-11: 전체 698행 -> 제외 후 155행
[2026-06-17 11:10:46]   2026-05-12: 전체 686행 -> 제외 후 144행
[2026-06-17 11:10:52]   2026-05-13: 전체 651행 -> 제외 후 139행
[2026-06-17 11:10:56]   2026-05-14: 전체 667행 -> 제외 후 142행
[2026-06-17 11:11:01]   2026-05-15: 전체 652행 -> 제외 후 134행
[2026-06-17 11:11:08]   2026-05-16: 전체 739행 -> 제외 후 134행
[2026-06-17 11:11:13]   2026-05-17: 전체 773행 -> 제외 후 135행
[2026-06-17 11:11:18]   2026-05-18: 전체 656행 -> 제외 후 127행
[2026-06-17 11:11:22]   2026-05-19: 전체 675행 -> 제외 후 123행
[2026-06-17 11:11:26]   2026-05-20: 전체 645행 -> 제외 후 117행
[2026-06-17 11:11:32]   2026-05-21: 전체 618행 -> 제외 후 111행
[2026-06-17 11:11:36]   2026-05-22: 전체 566행 -> 제외 후 101행
[2026-06-17 11:11:41]   2026-05-23: 전체 604행 -> 제외 후 105행
[2026-06-17 11:11:46]   2026-05-24: 전체 594행 -> 제외 후 107행
[2026-06-17 11:11:50]   2026-05-25: 전체 559행 -> 제외 후 94행
[2026-06-17 11:11:54]   2026-05-26: 전체 550행 -> 제외 후 90행
[2026-06-17 11:11:58]   2026-05-27: 전체 537행 -> 제외 후 92행
[2026-06-17 11:12:02]   2026-05-28: 전체 530행 -> 제외 후 89행
[2026-06-17 11:12:06]   2026-05-29: 전체 476행 -> 제외 후 92행
[2026-06-17 11:12:09]   2026-05-30: 전체 487행 -> 제외 후 87행
[2026-06-17 11:12:12]   2026-05-31: 전체 497행 -> 제외 후 85행
[2026-06-17 11:12:15]   2026-06-01: 전체 492행 -> 제외 후 91행
[2026-06-17 11:12:19]   2026-06-02: 전체 420행 -> 제외 후 82행
[2026-06-17 11:12:22]   2026-06-03: 전체 365행 -> 제외 후 78행
[2026-06-17 11:12:25]   2026-06-04: 전체 406행 -> 제외 후 58행
[2026-06-17 11:12:28]   2026-06-05: 전체 326행 -> 제외 후 45행
[2026-06-17 11:12:31]   2026-06-06: 전체 297행 -> 제외 후 37행
[2026-06-17 11:12:34]   2026-06-07: 전체 273행 -> 제외 후 51행
[2026-06-17 11:12:38]   2026-06-08: 전체 222행 -> 제외 후 23행
[2026-06-17 11:12:39]   2026-06-09: 전체 231행 -> 제외 후 20행
[2026-06-17 11:12:41]   2026-06-10: 전체 258행 -> 제외 후 23행
[2026-06-17 11:12:44]   2026-06-11: 전체 259행 -> 제외 후 20행
[2026-06-17 11:12:46]   2026-06-12: 전체 265행 -> 제외 후 22행
[2026-06-17 11:12:48]   2026-06-13: 전체 235행 -> 제외 후 21행
[2026-06-17 11:12:50]   2026-06-14: 전체 198행 -> 제외 후 22행
[2026-06-17 11:12:51]   2026-06-15: 전체 179행 -> 제외 후 20행
[2026-06-17 11:12:52]   2026-06-16: 전체 162행 -> 제외 후 20행
[2026-06-17 11:12:52] spend > 0 행: 876개
[2026-06-17 11:12:52] [백필 모드] state 파일 갱신 생략
[2026-06-17 11:12:52] 완료: 876행 -> /home/runner/work/lalasweet-ad-dashboard/lalasweet-ad-dashboard/data/tiktok_raw_2026-01-01_2026-06-16.csv
[2026-06-17 13:04:24] 수집 범위: 2026-06-16 ~ 2026-06-16 (1일)
[2026-06-17 13:04:26]   2026-06-16: 전체 162행 -> 제외 후 20행
[2026-06-17 13:04:26] spend > 0 행: 0개
[2026-06-17 13:04:26] 마지막 성공 날짜 갱신: 2026-06-16
[2026-06-17 13:04:26] 완료: 0행 -> /home/runner/work/lalasweet-ad-dashboard/lalasweet-ad-dashboard/data/tiktok_raw_2026-06-16_2026-06-16.csv
[2026-06-18 00:11:10] 수집 범위: 2026-06-17 ~ 2026-06-17 (1일)
[2026-06-18 00:11:11]   2026-06-17: 전체 117행 -> 제외 후 16행
[2026-06-18 00:11:11] spend > 0 행: 0개
[2026-06-18 00:11:11] 마지막 성공 날짜 갱신: 2026-06-17
[2026-06-18 00:11:11] 완료: 0행 -> /home/runner/work/lalasweet-ad-dashboard/lalasweet-ad-dashboard/data/tiktok_raw_2026-06-17_2026-06-17.csv
[2026-06-18 12:14:38] 받을 새 데이터 없음 (이미 2026-06-17까지 수집 완료) -> 종료
[2026-06-19 00:57:32] 수집 범위: 2026-06-18 ~ 2026-06-18 (1일)
[2026-06-19 00:57:34]   2026-06-18: 전체 96행 -> 제외 후 22행
[2026-06-19 00:57:34] spend > 0 행: 0개
[2026-06-19 00:57:34] 마지막 성공 날짜 갱신: 2026-06-18
[2026-06-19 00:57:34] 완료: 0행 -> /home/runner/work/lalasweet-ad-dashboard/lalasweet-ad-dashboard/data/tiktok_raw_2026-06-18_2026-06-18.csv
[2026-06-19 12:55:39] 받을 새 데이터 없음 (이미 2026-06-18까지 수집 완료) -> 종료
[2026-06-20 10:18:28] 수집 범위: 2026-06-19 ~ 2026-06-19 (1일)
[2026-06-20 10:18:29]   2026-06-19: 전체 145행 -> 제외 후 24행
[2026-06-20 10:18:29] spend > 0 행: 0개
[2026-06-20 10:18:29] 마지막 성공 날짜 갱신: 2026-06-19
[2026-06-20 10:18:29] 완료: 0행 -> /home/runner/work/lalasweet-ad-dashboard/lalasweet-ad-dashboard/data/tiktok_raw_2026-06-19_2026-06-19.csv
[2026-06-21 01:24:43] 수집 범위: 2026-06-20 ~ 2026-06-20 (1일)
[2026-06-21 01:24:45]   2026-06-20: 전체 155행 -> 제외 후 19행
[2026-06-21 01:24:45] spend > 0 행: 0개
[2026-06-21 01:24:45] 마지막 성공 날짜 갱신: 2026-06-20
[2026-06-21 01:24:45] 완료: 0행 -> /home/runner/work/lalasweet-ad-dashboard/lalasweet-ad-dashboard/data/tiktok_raw_2026-06-20_2026-06-20.csv
[2026-06-21 10:56:32] 받을 새 데이터 없음 (이미 2026-06-20까지 수집 완료) -> 종료
[2026-06-22 00:03:29] 수집 범위: 2026-06-21 ~ 2026-06-21 (1일)
[2026-06-22 00:03:31]   2026-06-21: 전체 145행 -> 제외 후 12행
[2026-06-22 00:03:31] spend > 0 행: 0개
[2026-06-22 00:03:31] 마지막 성공 날짜 갱신: 2026-06-21
[2026-06-22 00:03:31] 완료: 0행 -> /home/runner/work/lalasweet-ad-dashboard/lalasweet-ad-dashboard/data/tiktok_raw_2026-06-21_2026-06-21.csv
[2026-06-22 11:05:01] 받을 새 데이터 없음 (이미 2026-06-21까지 수집 완료) -> 종료
[2026-06-22 12:21:05] 받을 새 데이터 없음 (이미 2026-06-21까지 수집 완료) -> 종료
[2026-06-22 12:32:54] 받을 새 데이터 없음 (이미 2026-06-21까지 수집 완료) -> 종료
[2026-06-22 12:43:39] 받을 새 데이터 없음 (이미 2026-06-21까지 수집 완료) -> 종료
[2026-06-22 13:36:04] 받을 새 데이터 없음 (이미 2026-06-21까지 수집 완료) -> 종료
[2026-06-22 13:42:54] 받을 새 데이터 없음 (이미 2026-06-21까지 수집 완료) -> 종료
[2026-06-22 13:52:24] 받을 새 데이터 없음 (이미 2026-06-21까지 수집 완료) -> 종료
[2026-06-22 13:56:08] 받을 새 데이터 없음 (이미 2026-06-21까지 수집 완료) -> 종료
[2026-06-22 17:17:44] 받을 새 데이터 없음 (이미 2026-06-21까지 수집 완료) -> 종료
[2026-06-23 00:16:46] 수집 범위: 2026-06-22 ~ 2026-06-22 (1일)
[2026-06-23 00:16:48]   2026-06-22: 전체 156행 -> 제외 후 15행
[2026-06-23 00:16:48] spend > 0 행: 0개
[2026-06-23 00:16:48] 마지막 성공 날짜 갱신: 2026-06-22
[2026-06-23 00:16:48] 완료: 0행 -> /home/runner/work/lalasweet-ad-dashboard/lalasweet-ad-dashboard/data/tiktok_raw_2026-06-22_2026-06-22.csv
[2026-06-23 10:50:32] 받을 새 데이터 없음 (이미 2026-06-22까지 수집 완료) -> 종료
[2026-06-24 01:22:54] 수집 범위: 2026-06-23 ~ 2026-06-23 (1일)
[2026-06-24 01:22:55]   2026-06-23: 전체 133행 -> 제외 후 17행
[2026-06-24 01:22:55] spend > 0 행: 0개
[2026-06-24 01:22:55] 마지막 성공 날짜 갱신: 2026-06-23
[2026-06-24 01:22:55] 완료: 0행 -> /home/runner/work/lalasweet-ad-dashboard/lalasweet-ad-dashboard/data/tiktok_raw_2026-06-23_2026-06-23.csv
[2026-06-24 10:35:08] 받을 새 데이터 없음 (이미 2026-06-23까지 수집 완료) -> 종료
[2026-06-25 00:16:35] 수집 범위: 2026-06-24 ~ 2026-06-24 (1일)
[2026-06-25 00:16:37]   2026-06-24: 전체 152행 -> 제외 후 31행
[2026-06-25 00:16:37] spend > 0 행: 15개
[2026-06-25 00:16:37] 마지막 성공 날짜 갱신: 2026-06-24
[2026-06-25 00:16:37] 완료: 15행 -> /home/runner/work/lalasweet-ad-dashboard/lalasweet-ad-dashboard/data/tiktok_raw_2026-06-24_2026-06-24.csv
[2026-06-26 01:37:16] 수집 범위: 2026-06-25 ~ 2026-06-25 (1일)
[2026-06-26 01:37:17]   2026-06-25: 전체 156행 -> 제외 후 37행
[2026-06-26 01:37:17] spend > 0 행: 22개
[2026-06-26 01:37:17] 마지막 성공 날짜 갱신: 2026-06-25
[2026-06-26 01:37:17] 완료: 22행 -> /home/runner/work/lalasweet-ad-dashboard/lalasweet-ad-dashboard/data/tiktok_raw_2026-06-25_2026-06-25.csv
[2026-06-26 02:30:49] 받을 새 데이터 없음 (이미 2026-06-25까지 수집 완료) -> 종료
[2026-06-26 02:44:46] [백필 모드] 수집 범위: 2026-06-26 ~ 2026-06-26
[2026-06-26 02:44:46] 수집 범위: 2026-06-26 ~ 2026-06-26 (1일)
[2026-06-26 02:44:47]   2026-06-26: 전체 78행 -> 제외 후 21행
[2026-06-26 02:44:47] spend > 0 행: 17개
[2026-06-26 02:44:47] [백필 모드] state 파일 갱신 생략
[2026-06-26 02:44:47] 완료: 17행 -> /home/runner/work/lalasweet-ad-dashboard/lalasweet-ad-dashboard/data/tiktok_raw_2026-06-26_2026-06-26.csv
[2026-06-26 10:37:44] 받을 새 데이터 없음 (이미 2026-06-25까지 수집 완료) -> 종료
[2026-06-27 09:15:58] 수집 범위: 2026-06-26 ~ 2026-06-26 (1일)
[2026-06-27 09:16:01]   2026-06-26: 전체 137행 -> 제외 후 34행
[2026-06-27 09:16:01] spend > 0 행: 17개
[2026-06-27 09:16:01] 마지막 성공 날짜 갱신: 2026-06-26
[2026-06-27 09:16:01] 완료: 17행 -> /home/runner/work/lalasweet-ad-dashboard/lalasweet-ad-dashboard/data/tiktok_raw_2026-06-26_2026-06-26.csv
[2026-06-28 10:10:05] 수집 범위: 2026-06-27 ~ 2026-06-27 (1일)
[2026-06-28 10:10:06]   2026-06-27: 전체 189행 -> 제외 후 43행
[2026-06-28 10:10:06] spend > 0 행: 0개
[2026-06-28 10:10:06] 마지막 성공 날짜 갱신: 2026-06-27
[2026-06-28 10:10:06] 완료: 0행 -> /home/runner/work/lalasweet-ad-dashboard/lalasweet-ad-dashboard/data/tiktok_raw_2026-06-27_2026-06-27.csv
[2026-06-29 00:14:37] 수집 범위: 2026-06-28 ~ 2026-06-28 (1일)
[2026-06-29 00:14:39]   2026-06-28: 전체 136행 -> 제외 후 39행
[2026-06-29 00:14:39] spend > 0 행: 0개
[2026-06-29 00:14:39] 마지막 성공 날짜 갱신: 2026-06-28
[2026-06-29 00:14:39] 완료: 0행 -> /home/runner/work/lalasweet-ad-dashboard/lalasweet-ad-dashboard/data/tiktok_raw_2026-06-28_2026-06-28.csv
[2026-06-29 00:33:31] [백필 모드] 수집 범위: 2026-06-26 ~ 2026-06-28
[2026-06-29 00:33:31] 수집 범위: 2026-06-26 ~ 2026-06-28 (3일)
[2026-06-29 00:33:33]   2026-06-26: 전체 165행 -> 제외 후 42행
[2026-06-29 00:33:35]   2026-06-27: 전체 189행 -> 제외 후 43행
[2026-06-29 00:33:37]   2026-06-28: 전체 136행 -> 제외 후 39행
[2026-06-29 00:33:37] spend > 0 행: 17개
[2026-06-29 00:33:37] [백필 모드] state 파일 갱신 생략
[2026-06-29 00:33:37] 완료: 17행 -> /home/runner/work/lalasweet-ad-dashboard/lalasweet-ad-dashboard/data/tiktok_raw_2026-06-26_2026-06-28.csv
[2026-06-29 14:37:33] 받을 새 데이터 없음 (이미 2026-06-28까지 수집 완료) -> 종료
[2026-06-30 01:33:54] 수집 범위: 2026-06-29 ~ 2026-06-29 (1일)
[2026-06-30 01:33:55]   2026-06-29: 전체 94행 -> 제외 후 34행
[2026-06-30 01:33:55] spend > 0 행: 0개
[2026-06-30 01:33:55] 마지막 성공 날짜 갱신: 2026-06-29
[2026-06-30 01:33:55] 완료: 0행 -> /home/runner/work/lalasweet-ad-dashboard/lalasweet-ad-dashboard/data/tiktok_raw_2026-06-29_2026-06-29.csv
[2026-06-30 10:44:51] 받을 새 데이터 없음 (이미 2026-06-29까지 수집 완료) -> 종료
[2026-07-01 00:53:14] 수집 범위: 2026-06-30 ~ 2026-06-30 (1일)
[2026-07-01 00:53:15]   2026-06-30: 전체 114행 -> 제외 후 36행
[2026-07-01 00:53:15] spend > 0 행: 0개
[2026-07-01 00:53:15] 마지막 성공 날짜 갱신: 2026-06-30
[2026-07-01 00:53:15] 완료: 0행 -> /home/runner/work/lalasweet-ad-dashboard/lalasweet-ad-dashboard/data/tiktok_raw_2026-06-30_2026-06-30.csv
[2026-07-01 10:58:43] 받을 새 데이터 없음 (이미 2026-06-30까지 수집 완료) -> 종료
[2026-07-02 01:07:30] 수집 범위: 2026-07-01 ~ 2026-07-01 (1일)
[2026-07-02 01:07:32]   2026-07-01: 전체 119행 -> 제외 후 35행
[2026-07-02 01:07:32] spend > 0 행: 17개
[2026-07-02 01:07:32] 마지막 성공 날짜 갱신: 2026-07-01
[2026-07-02 01:07:32] 완료: 17행 -> /home/runner/work/lalasweet-ad-dashboard/lalasweet-ad-dashboard/data/tiktok_raw_2026-07-01_2026-07-01.csv
[2026-07-02 05:07:21] [백필 모드] 수집 범위: 2026-07-02 ~ 2026-07-02
[2026-07-02 05:07:21] 수집 범위: 2026-07-02 ~ 2026-07-02 (1일)
[2026-07-02 05:07:22]   2026-07-02: 전체 68행 -> 제외 후 12행
[2026-07-02 05:07:22] spend > 0 행: 0개
[2026-07-02 05:07:22] [백필 모드] state 파일 갱신 생략
[2026-07-02 05:07:22] 완료: 0행 -> /home/runner/work/lalasweet-ad-dashboard/lalasweet-ad-dashboard/data/tiktok_raw_2026-07-02_2026-07-02.csv
[2026-07-02 05:26:08] [백필 모드] 수집 범위: 2026-07-02 ~ 2026-07-02
[2026-07-02 05:26:08] 수집 범위: 2026-07-02 ~ 2026-07-02 (1일)
[2026-07-02 05:26:09]   2026-07-02: 전체 68행 -> 제외 후 12행
[2026-07-02 05:26:09] spend > 0 행: 0개
[2026-07-02 05:26:09] [백필 모드] state 파일 갱신 생략
[2026-07-02 05:26:09] 완료: 0행 -> /home/runner/work/lalasweet-ad-dashboard/lalasweet-ad-dashboard/data/tiktok_raw_2026-07-02_2026-07-02.csv
[2026-07-02 05:31:16] [백필 모드] 수집 범위: 2026-07-02 ~ 2026-07-02
[2026-07-02 05:31:16] 수집 범위: 2026-07-02 ~ 2026-07-02 (1일)
[2026-07-02 05:31:17]   2026-07-02: 전체 68행 -> 제외 후 12행
[2026-07-02 05:31:17] spend > 0 행: 0개
[2026-07-02 05:31:17] [백필 모드] state 파일 갱신 생략
[2026-07-02 05:31:17] 완료: 0행 -> /home/runner/work/lalasweet-ad-dashboard/lalasweet-ad-dashboard/data/tiktok_raw_2026-07-02_2026-07-02.csv
[2026-07-02 05:43:12] [백필 모드] 수집 범위: 2026-07-02 ~ 2026-07-02
[2026-07-02 05:43:12] 수집 범위: 2026-07-02 ~ 2026-07-02 (1일)
[2026-07-02 05:43:13]   2026-07-02: 전체 68행 -> 제외 후 12행
[2026-07-02 05:43:13] spend > 0 행: 0개
[2026-07-02 05:43:13] [백필 모드] state 파일 갱신 생략
[2026-07-02 05:43:13] 완료: 0행 -> /home/runner/work/lalasweet-ad-dashboard/lalasweet-ad-dashboard/data/tiktok_raw_2026-07-02_2026-07-02.csv
[2026-07-02 05:57:43] [백필 모드] 수집 범위: 2026-07-02 ~ 2026-07-02
[2026-07-02 05:57:43] 수집 범위: 2026-07-02 ~ 2026-07-02 (1일)
[2026-07-02 05:57:43]   2026-07-02: 전체 68행 -> 제외 후 12행
[2026-07-02 05:57:43] spend > 0 행: 0개
[2026-07-02 05:57:43] [백필 모드] state 파일 갱신 생략
[2026-07-02 05:57:43] 완료: 0행 -> /home/runner/work/lalasweet-ad-dashboard/lalasweet-ad-dashboard/data/tiktok_raw_2026-07-02_2026-07-02.csv
[2026-07-02 06:31:04] [백필 모드] 수집 범위: 2026-07-02 ~ 2026-07-02
[2026-07-02 06:31:04] 수집 범위: 2026-07-02 ~ 2026-07-02 (1일)
[2026-07-02 06:31:04]   2026-07-02: 전체 68행 -> 제외 후 12행
[2026-07-02 06:31:04] spend > 0 행: 0개
[2026-07-02 06:31:04] [백필 모드] state 파일 갱신 생략
[2026-07-02 06:31:04] 완료: 0행 -> /home/runner/work/lalasweet-ad-dashboard/lalasweet-ad-dashboard/data/tiktok_raw_2026-07-02_2026-07-02.csv
[2026-07-02 07:48:14] [백필 모드] 수집 범위: 2026-07-02 ~ 2026-07-02
[2026-07-02 07:48:14] 수집 범위: 2026-07-02 ~ 2026-07-02 (1일)
[2026-07-02 07:48:15]   2026-07-02: 전체 71행 -> 제외 후 12행
[2026-07-02 07:48:15] spend > 0 행: 0개
[2026-07-02 07:48:15] [백필 모드] state 파일 갱신 생략
[2026-07-02 07:48:15] 완료: 0행 -> /home/runner/work/lalasweet-ad-dashboard/lalasweet-ad-dashboard/data/tiktok_raw_2026-07-02_2026-07-02.csv
[2026-07-02 08:41:05] [백필 모드] 수집 범위: 2026-07-02 ~ 2026-07-02
[2026-07-02 08:41:05] 수집 범위: 2026-07-02 ~ 2026-07-02 (1일)
[2026-07-02 08:41:06]   2026-07-02: 전체 72행 -> 제외 후 12행
[2026-07-02 08:41:06] spend > 0 행: 0개
[2026-07-02 08:41:06] [백필 모드] state 파일 갱신 생략
[2026-07-02 08:41:06] 완료: 0행 -> /home/runner/work/lalasweet-ad-dashboard/lalasweet-ad-dashboard/data/tiktok_raw_2026-07-02_2026-07-02.csv
[2026-07-02 10:10:38] [백필 모드] 수집 범위: 2026-07-02 ~ 2026-07-02
[2026-07-02 10:10:38] 수집 범위: 2026-07-02 ~ 2026-07-02 (1일)
[2026-07-02 10:10:39]   2026-07-02: 전체 79행 -> 제외 후 12행
[2026-07-02 10:10:39] spend > 0 행: 0개
[2026-07-02 10:10:39] [백필 모드] state 파일 갱신 생략
[2026-07-02 10:10:39] 완료: 0행 -> /home/runner/work/lalasweet-ad-dashboard/lalasweet-ad-dashboard/data/tiktok_raw_2026-07-02_2026-07-02.csv
[2026-07-02 10:16:27] 받을 새 데이터 없음 (이미 2026-07-01까지 수집 완료) -> 종료
[2026-07-02 23:42:14] [백필 모드] 수집 범위: 2026-07-03 ~ 2026-07-03
[2026-07-02 23:42:14] 수집 범위: 2026-07-03 ~ 2026-07-03 (1일)
[2026-07-02 23:42:15]   2026-07-03: 전체 44행 -> 제외 후 1행
[2026-07-02 23:42:15] spend > 0 행: 0개
[2026-07-02 23:42:15] [백필 모드] state 파일 갱신 생략
[2026-07-02 23:42:15] 완료: 0행 -> /home/runner/work/lalasweet-ad-dashboard/lalasweet-ad-dashboard/data/tiktok_raw_2026-07-03_2026-07-03.csv
[2026-07-03 00:11:44] [백필 모드] 수집 범위: 2026-07-02 ~ 2026-07-02
[2026-07-03 00:11:44] 수집 범위: 2026-07-02 ~ 2026-07-02 (1일)
[2026-07-03 00:11:46]   2026-07-02: 전체 104행 -> 제외 후 34행
[2026-07-03 00:11:46] spend > 0 행: 0개
[2026-07-03 00:11:46] [백필 모드] state 파일 갱신 생략
[2026-07-03 00:11:46] 완료: 0행 -> /home/runner/work/lalasweet-ad-dashboard/lalasweet-ad-dashboard/data/tiktok_raw_2026-07-02_2026-07-02.csv
[2026-07-03 01:08:35] [백필 모드] 수집 범위: 2026-07-03 ~ 2026-07-03
[2026-07-03 01:08:35] 수집 범위: 2026-07-03 ~ 2026-07-03 (1일)
[2026-07-03 01:08:36]   2026-07-03: 전체 62행 -> 제외 후 2행
[2026-07-03 01:08:36] spend > 0 행: 0개
[2026-07-03 01:08:36] [백필 모드] state 파일 갱신 생략
[2026-07-03 01:08:36] 완료: 0행 -> /home/runner/work/lalasweet-ad-dashboard/lalasweet-ad-dashboard/data/tiktok_raw_2026-07-03_2026-07-03.csv
[2026-07-03 01:15:05] [백필 모드] 수집 범위: 2026-07-03 ~ 2026-07-03
[2026-07-03 01:15:05] 수집 범위: 2026-07-03 ~ 2026-07-03 (1일)
[2026-07-03 01:15:06]   2026-07-03: 전체 62행 -> 제외 후 2행
[2026-07-03 01:15:06] spend > 0 행: 0개
[2026-07-03 01:15:06] [백필 모드] state 파일 갱신 생략
[2026-07-03 01:15:06] 완료: 0행 -> /home/runner/work/lalasweet-ad-dashboard/lalasweet-ad-dashboard/data/tiktok_raw_2026-07-03_2026-07-03.csv
[2026-07-03 02:19:42] [백필 모드] 수집 범위: 2026-07-03 ~ 2026-07-03
[2026-07-03 02:19:42] 수집 범위: 2026-07-03 ~ 2026-07-03 (1일)
[2026-07-03 02:19:43]   2026-07-03: 전체 64행 -> 제외 후 2행
[2026-07-03 02:19:43] spend > 0 행: 0개
[2026-07-03 02:19:43] [백필 모드] state 파일 갱신 생략
[2026-07-03 02:19:43] 완료: 0행 -> /home/runner/work/lalasweet-ad-dashboard/lalasweet-ad-dashboard/data/tiktok_raw_2026-07-03_2026-07-03.csv
[2026-07-03 02:27:22] [백필 모드] 수집 범위: 2026-07-03 ~ 2026-07-03
[2026-07-03 02:27:22] 수집 범위: 2026-07-03 ~ 2026-07-03 (1일)
[2026-07-03 02:27:23]   2026-07-03: 전체 64행 -> 제외 후 2행
[2026-07-03 02:27:23] spend > 0 행: 0개
[2026-07-03 02:27:23] [백필 모드] state 파일 갱신 생략
[2026-07-03 02:27:23] 완료: 0행 -> /home/runner/work/lalasweet-ad-dashboard/lalasweet-ad-dashboard/data/tiktok_raw_2026-07-03_2026-07-03.csv
[2026-07-03 03:26:03] [백필 모드] 수집 범위: 2026-07-03 ~ 2026-07-03
[2026-07-03 03:26:03] 수집 범위: 2026-07-03 ~ 2026-07-03 (1일)
[2026-07-03 03:26:04]   2026-07-03: 전체 66행 -> 제외 후 2행
[2026-07-03 03:26:04] spend > 0 행: 0개
[2026-07-03 03:26:04] [백필 모드] state 파일 갱신 생략
[2026-07-03 03:26:04] 완료: 0행 -> /home/runner/work/lalasweet-ad-dashboard/lalasweet-ad-dashboard/data/tiktok_raw_2026-07-03_2026-07-03.csv
[2026-07-03 04:33:23] [백필 모드] 수집 범위: 2026-07-03 ~ 2026-07-03
[2026-07-03 04:33:23] 수집 범위: 2026-07-03 ~ 2026-07-03 (1일)
[2026-07-03 04:33:24]   2026-07-03: 전체 69행 -> 제외 후 3행
[2026-07-03 04:33:24] spend > 0 행: 0개
[2026-07-03 04:33:24] [백필 모드] state 파일 갱신 생략
[2026-07-03 04:33:24] 완료: 0행 -> /home/runner/work/lalasweet-ad-dashboard/lalasweet-ad-dashboard/data/tiktok_raw_2026-07-03_2026-07-03.csv
[2026-07-03 05:00:34] [백필 모드] 수집 범위: 2026-07-03 ~ 2026-07-03
[2026-07-03 05:00:34] 수집 범위: 2026-07-03 ~ 2026-07-03 (1일)
[2026-07-03 05:00:35]   2026-07-03: 전체 69행 -> 제외 후 3행
[2026-07-03 05:00:35] spend > 0 행: 0개
[2026-07-03 05:00:35] [백필 모드] state 파일 갱신 생략
[2026-07-03 05:00:35] 완료: 0행 -> /home/runner/work/lalasweet-ad-dashboard/lalasweet-ad-dashboard/data/tiktok_raw_2026-07-03_2026-07-03.csv
[2026-07-03 05:41:16] [백필 모드] 수집 범위: 2026-07-03 ~ 2026-07-03
[2026-07-03 05:41:16] 수집 범위: 2026-07-03 ~ 2026-07-03 (1일)
[2026-07-03 05:41:17]   2026-07-03: 전체 73행 -> 제외 후 3행
[2026-07-03 05:41:17] spend > 0 행: 0개
[2026-07-03 05:41:17] [백필 모드] state 파일 갱신 생략
[2026-07-03 05:41:17] 완료: 0행 -> /home/runner/work/lalasweet-ad-dashboard/lalasweet-ad-dashboard/data/tiktok_raw_2026-07-03_2026-07-03.csv
[2026-07-03 06:00:24] [백필 모드] 수집 범위: 2026-07-03 ~ 2026-07-03
[2026-07-03 06:00:24] 수집 범위: 2026-07-03 ~ 2026-07-03 (1일)
[2026-07-03 06:00:25]   2026-07-03: 전체 75행 -> 제외 후 3행
[2026-07-03 06:00:25] spend > 0 행: 0개
[2026-07-03 06:00:25] [백필 모드] state 파일 갱신 생략
[2026-07-03 06:00:25] 완료: 0행 -> /home/runner/work/lalasweet-ad-dashboard/lalasweet-ad-dashboard/data/tiktok_raw_2026-07-03_2026-07-03.csv
[2026-07-03 07:00:19] [백필 모드] 수집 범위: 2026-07-03 ~ 2026-07-03
[2026-07-03 07:00:19] 수집 범위: 2026-07-03 ~ 2026-07-03 (1일)
[2026-07-03 07:00:20]   2026-07-03: 전체 77행 -> 제외 후 4행
[2026-07-03 07:00:20] spend > 0 행: 0개
[2026-07-03 07:00:20] [백필 모드] state 파일 갱신 생략
[2026-07-03 07:00:20] 완료: 0행 -> /home/runner/work/lalasweet-ad-dashboard/lalasweet-ad-dashboard/data/tiktok_raw_2026-07-03_2026-07-03.csv
[2026-07-03 08:10:49] [백필 모드] 수집 범위: 2026-07-03 ~ 2026-07-03
[2026-07-03 08:10:49] 수집 범위: 2026-07-03 ~ 2026-07-03 (1일)
[2026-07-03 08:10:51]   2026-07-03: 전체 77행 -> 제외 후 4행
[2026-07-03 08:10:51] spend > 0 행: 0개
[2026-07-03 08:10:51] [백필 모드] state 파일 갱신 생략
[2026-07-03 08:10:51] 완료: 0행 -> /home/runner/work/lalasweet-ad-dashboard/lalasweet-ad-dashboard/data/tiktok_raw_2026-07-03_2026-07-03.csv
[2026-07-03 09:18:57] [백필 모드] 수집 범위: 2026-07-03 ~ 2026-07-03
[2026-07-03 09:18:57] 수집 범위: 2026-07-03 ~ 2026-07-03 (1일)
[2026-07-03 09:18:58]   2026-07-03: 전체 73행 -> 제외 후 4행
[2026-07-03 09:18:58] spend > 0 행: 0개
[2026-07-03 09:18:58] [백필 모드] state 파일 갱신 생략
[2026-07-03 09:18:58] 완료: 0행 -> /home/runner/work/lalasweet-ad-dashboard/lalasweet-ad-dashboard/data/tiktok_raw_2026-07-03_2026-07-03.csv
[2026-07-03 10:13:07] 수집 범위: 2026-07-02 ~ 2026-07-02 (1일)
[2026-07-03 10:13:08]   2026-07-02: 전체 104행 -> 제외 후 34행
[2026-07-03 10:13:08] spend > 0 행: 0개
[2026-07-03 10:13:08] 마지막 성공 날짜 갱신: 2026-07-02
[2026-07-03 10:13:08] 완료: 0행 -> /home/runner/work/lalasweet-ad-dashboard/lalasweet-ad-dashboard/data/tiktok_raw_2026-07-02_2026-07-02.csv
[2026-07-04 08:16:06] 수집 범위: 2026-07-03 ~ 2026-07-03 (1일)
[2026-07-04 08:16:07]   2026-07-03: 전체 129행 -> 제외 후 36행
[2026-07-04 08:16:07] spend > 0 행: 0개
[2026-07-04 08:16:07] 마지막 성공 날짜 갱신: 2026-07-03
[2026-07-04 08:16:07] 완료: 0행 -> /home/runner/work/lalasweet-ad-dashboard/lalasweet-ad-dashboard/data/tiktok_raw_2026-07-03_2026-07-03.csv
[2026-07-04 22:59:21] [백필 모드] 수집 범위: 2026-07-05 ~ 2026-07-05
[2026-07-04 22:59:21] 수집 범위: 2026-07-05 ~ 2026-07-05 (1일)
[2026-07-04 22:59:22]   2026-07-05: 전체 69행 -> 제외 후 1행
[2026-07-04 22:59:22] spend > 0 행: 0개
[2026-07-04 22:59:22] [백필 모드] state 파일 갱신 생략
[2026-07-04 22:59:22] 완료: 0행 -> /home/runner/work/lalasweet-ad-dashboard/lalasweet-ad-dashboard/data/tiktok_raw_2026-07-05_2026-07-05.csv
[2026-07-05 09:33:05] 수집 범위: 2026-07-04 ~ 2026-07-04 (1일)
[2026-07-05 09:33:07]   2026-07-04: 전체 143행 -> 제외 후 47행
[2026-07-05 09:33:07] spend > 0 행: 0개
[2026-07-05 09:33:07] 마지막 성공 날짜 갱신: 2026-07-04
[2026-07-05 09:33:07] 완료: 0행 -> /home/runner/work/lalasweet-ad-dashboard/lalasweet-ad-dashboard/data/tiktok_raw_2026-07-04_2026-07-04.csv
[2026-07-05 13:56:17] [백필 모드] 수집 범위: 2026-07-03 ~ 2026-07-04
[2026-07-05 13:56:17] 수집 범위: 2026-07-03 ~ 2026-07-04 (2일)
[2026-07-05 13:56:19]   2026-07-03: 전체 138행 -> 제외 후 40행
[2026-07-05 13:56:21]   2026-07-04: 전체 143행 -> 제외 후 47행
[2026-07-05 13:56:21] spend > 0 행: 0개
[2026-07-05 13:56:21] [백필 모드] state 파일 갱신 생략
[2026-07-05 13:56:21] 완료: 0행 -> /home/runner/work/lalasweet-ad-dashboard/lalasweet-ad-dashboard/data/tiktok_raw_2026-07-03_2026-07-04.csv
[2026-07-05 13:58:57] [백필 모드] 수집 범위: 2026-07-05 ~ 2026-07-05
[2026-07-05 13:58:57] 수집 범위: 2026-07-05 ~ 2026-07-05 (1일)
[2026-07-05 13:58:59]   2026-07-05: 전체 119행 -> 제외 후 30행
[2026-07-05 13:58:59] spend > 0 행: 0개
[2026-07-05 13:58:59] [백필 모드] state 파일 갱신 생략
[2026-07-05 13:58:59] 완료: 0행 -> /home/runner/work/lalasweet-ad-dashboard/lalasweet-ad-dashboard/data/tiktok_raw_2026-07-05_2026-07-05.csv
[2026-07-06 00:03:05] [백필 모드] 수집 범위: 2026-07-06 ~ 2026-07-06
[2026-07-06 00:03:05] 수집 범위: 2026-07-06 ~ 2026-07-06 (1일)
[2026-07-06 00:03:06]   2026-07-06: 전체 64행 -> 제외 후 4행
[2026-07-06 00:03:06] spend > 0 행: 0개
[2026-07-06 00:03:06] [백필 모드] state 파일 갱신 생략
[2026-07-06 00:03:06] 완료: 0행 -> /home/runner/work/lalasweet-ad-dashboard/lalasweet-ad-dashboard/data/tiktok_raw_2026-07-06_2026-07-06.csv
[2026-07-06 00:24:49] [백필 모드] 수집 범위: 2026-07-05 ~ 2026-07-05
[2026-07-06 00:24:49] 수집 범위: 2026-07-05 ~ 2026-07-05 (1일)
[2026-07-06 00:24:50]   2026-07-05: 전체 123행 -> 제외 후 30행
[2026-07-06 00:24:50] spend > 0 행: 0개
[2026-07-06 00:24:50] [백필 모드] state 파일 갱신 생략
[2026-07-06 00:24:50] 완료: 0행 -> /home/runner/work/lalasweet-ad-dashboard/lalasweet-ad-dashboard/data/tiktok_raw_2026-07-05_2026-07-05.csv
[2026-07-06 00:56:24] [백필 모드] 수집 범위: 2026-07-06 ~ 2026-07-06
[2026-07-06 00:56:24] 수집 범위: 2026-07-06 ~ 2026-07-06 (1일)
[2026-07-06 00:56:25]   2026-07-06: 전체 66행 -> 제외 후 4행
[2026-07-06 00:56:25] spend > 0 행: 0개
[2026-07-06 00:56:25] [백필 모드] state 파일 갱신 생략
[2026-07-06 00:56:25] 완료: 0행 -> /home/runner/work/lalasweet-ad-dashboard/lalasweet-ad-dashboard/data/tiktok_raw_2026-07-06_2026-07-06.csv
[2026-07-06 01:55:50] [백필 모드] 수집 범위: 2026-07-06 ~ 2026-07-06
[2026-07-06 01:55:50] 수집 범위: 2026-07-06 ~ 2026-07-06 (1일)
[2026-07-06 01:55:50]   2026-07-06: 전체 68행 -> 제외 후 4행
[2026-07-06 01:55:50] spend > 0 행: 0개
[2026-07-06 01:55:50] [백필 모드] state 파일 갱신 생략
[2026-07-06 01:55:50] 완료: 0행 -> /home/runner/work/lalasweet-ad-dashboard/lalasweet-ad-dashboard/data/tiktok_raw_2026-07-06_2026-07-06.csv
[2026-07-06 02:39:54] [백필 모드] 수집 범위: 2026-07-06 ~ 2026-07-06
[2026-07-06 02:39:54] 수집 범위: 2026-07-06 ~ 2026-07-06 (1일)
[2026-07-06 02:39:55]   2026-07-06: 전체 69행 -> 제외 후 4행
[2026-07-06 02:39:55] spend > 0 행: 0개
[2026-07-06 02:39:55] [백필 모드] state 파일 갱신 생략
[2026-07-06 02:39:55] 완료: 0행 -> /home/runner/work/lalasweet-ad-dashboard/lalasweet-ad-dashboard/data/tiktok_raw_2026-07-06_2026-07-06.csv
[2026-07-06 03:38:47] [백필 모드] 수집 범위: 2026-07-06 ~ 2026-07-06
[2026-07-06 03:38:47] 수집 범위: 2026-07-06 ~ 2026-07-06 (1일)
[2026-07-06 03:38:48]   2026-07-06: 전체 77행 -> 제외 후 4행
[2026-07-06 03:38:48] spend > 0 행: 0개
[2026-07-06 03:38:48] [백필 모드] state 파일 갱신 생략
[2026-07-06 03:38:48] 완료: 0행 -> /home/runner/work/lalasweet-ad-dashboard/lalasweet-ad-dashboard/data/tiktok_raw_2026-07-06_2026-07-06.csv
[2026-07-06 04:40:10] [백필 모드] 수집 범위: 2026-07-06 ~ 2026-07-06
[2026-07-06 04:40:10] 수집 범위: 2026-07-06 ~ 2026-07-06 (1일)
[2026-07-06 04:40:12]   2026-07-06: 전체 81행 -> 제외 후 4행
[2026-07-06 04:40:12] spend > 0 행: 0개
[2026-07-06 04:40:12] [백필 모드] state 파일 갱신 생략
[2026-07-06 04:40:12] 완료: 0행 -> /home/runner/work/lalasweet-ad-dashboard/lalasweet-ad-dashboard/data/tiktok_raw_2026-07-06_2026-07-06.csv
[2026-07-06 05:39:28] [백필 모드] 수집 범위: 2026-07-06 ~ 2026-07-06
[2026-07-06 05:39:28] 수집 범위: 2026-07-06 ~ 2026-07-06 (1일)
[2026-07-06 05:39:30]   2026-07-06: 전체 81행 -> 제외 후 4행
[2026-07-06 05:39:30] spend > 0 행: 0개
[2026-07-06 05:39:30] [백필 모드] state 파일 갱신 생략
[2026-07-06 05:39:30] 완료: 0행 -> /home/runner/work/lalasweet-ad-dashboard/lalasweet-ad-dashboard/data/tiktok_raw_2026-07-06_2026-07-06.csv
[2026-07-06 06:01:43] [백필 모드] 수집 범위: 2026-07-06 ~ 2026-07-06
[2026-07-06 06:01:43] 수집 범위: 2026-07-06 ~ 2026-07-06 (1일)
[2026-07-06 06:01:44]   2026-07-06: 전체 81행 -> 제외 후 4행
[2026-07-06 06:01:44] spend > 0 행: 0개
[2026-07-06 06:01:44] [백필 모드] state 파일 갱신 생략
[2026-07-06 06:01:44] 완료: 0행 -> /home/runner/work/lalasweet-ad-dashboard/lalasweet-ad-dashboard/data/tiktok_raw_2026-07-06_2026-07-06.csv
[2026-07-06 06:14:41] [백필 모드] 수집 범위: 2026-07-06 ~ 2026-07-06
[2026-07-06 06:14:41] 수집 범위: 2026-07-06 ~ 2026-07-06 (1일)
[2026-07-06 06:14:42]   2026-07-06: 전체 83행 -> 제외 후 5행
[2026-07-06 06:14:42] spend > 0 행: 0개
[2026-07-06 06:14:42] [백필 모드] state 파일 갱신 생략
[2026-07-06 06:14:42] 완료: 0행 -> /home/runner/work/lalasweet-ad-dashboard/lalasweet-ad-dashboard/data/tiktok_raw_2026-07-06_2026-07-06.csv
[2026-07-06 08:20:50] [백필 모드] 수집 범위: 2026-07-06 ~ 2026-07-06
[2026-07-06 08:20:50] 수집 범위: 2026-07-06 ~ 2026-07-06 (1일)
[2026-07-06 08:20:51]   2026-07-06: 전체 84행 -> 제외 후 6행
[2026-07-06 08:20:51] spend > 0 행: 0개
[2026-07-06 08:20:51] [백필 모드] state 파일 갱신 생략
[2026-07-06 08:20:51] 완료: 0행 -> /home/runner/work/lalasweet-ad-dashboard/lalasweet-ad-dashboard/data/tiktok_raw_2026-07-06_2026-07-06.csv
[2026-07-06 09:05:49] [백필 모드] 수집 범위: 2026-07-06 ~ 2026-07-06
[2026-07-06 09:05:49] 수집 범위: 2026-07-06 ~ 2026-07-06 (1일)
[2026-07-06 09:05:50]   2026-07-06: 전체 84행 -> 제외 후 6행
[2026-07-06 09:05:50] spend > 0 행: 0개
[2026-07-06 09:05:50] [백필 모드] state 파일 갱신 생략
[2026-07-06 09:05:50] 완료: 0행 -> /home/runner/work/lalasweet-ad-dashboard/lalasweet-ad-dashboard/data/tiktok_raw_2026-07-06_2026-07-06.csv
[2026-07-06 13:04:43] 수집 범위: 2026-07-05 ~ 2026-07-05 (1일)
[2026-07-06 13:04:45]   2026-07-05: 전체 123행 -> 제외 후 30행
[2026-07-06 13:04:45] spend > 0 행: 0개
[2026-07-06 13:04:45] 마지막 성공 날짜 갱신: 2026-07-05
[2026-07-06 13:04:45] 완료: 0행 -> /home/runner/work/lalasweet-ad-dashboard/lalasweet-ad-dashboard/data/tiktok_raw_2026-07-05_2026-07-05.csv
[2026-07-07 00:03:23] [백필 모드] 수집 범위: 2026-07-07 ~ 2026-07-07
[2026-07-07 00:03:23] 수집 범위: 2026-07-07 ~ 2026-07-07 (1일)
[2026-07-07 00:03:24]   2026-07-07: 전체 47행 -> 제외 후 0행
[2026-07-07 00:03:24] spend > 0 행: 0개
[2026-07-07 00:03:24] [백필 모드] state 파일 갱신 생략
[2026-07-07 00:03:24] 완료: 0행 -> /home/runner/work/lalasweet-ad-dashboard/lalasweet-ad-dashboard/data/tiktok_raw_2026-07-07_2026-07-07.csv
[2026-07-07 00:21:20] [백필 모드] 수집 범위: 2026-07-06 ~ 2026-07-06
[2026-07-07 00:21:20] 수집 범위: 2026-07-06 ~ 2026-07-06 (1일)
[2026-07-07 00:21:22]   2026-07-06: 전체 102행 -> 제외 후 23행
[2026-07-07 00:21:22] spend > 0 행: 0개
[2026-07-07 00:21:22] [백필 모드] state 파일 갱신 생략
[2026-07-07 00:21:22] 완료: 0행 -> /home/runner/work/lalasweet-ad-dashboard/lalasweet-ad-dashboard/data/tiktok_raw_2026-07-06_2026-07-06.csv
[2026-07-07 01:46:28] [백필 모드] 수집 범위: 2026-07-07 ~ 2026-07-07
[2026-07-07 01:46:28] 수집 범위: 2026-07-07 ~ 2026-07-07 (1일)
[2026-07-07 01:46:29]   2026-07-07: 전체 49행 -> 제외 후 0행
[2026-07-07 01:46:29] spend > 0 행: 0개
[2026-07-07 01:46:29] [백필 모드] state 파일 갱신 생략
[2026-07-07 01:46:29] 완료: 0행 -> /home/runner/work/lalasweet-ad-dashboard/lalasweet-ad-dashboard/data/tiktok_raw_2026-07-07_2026-07-07.csv
[2026-07-07 02:44:30] [백필 모드] 수집 범위: 2026-07-07 ~ 2026-07-07
[2026-07-07 02:44:30] 수집 범위: 2026-07-07 ~ 2026-07-07 (1일)
[2026-07-07 02:44:31]   2026-07-07: 전체 50행 -> 제외 후 0행
[2026-07-07 02:44:31] spend > 0 행: 0개
[2026-07-07 02:44:31] [백필 모드] state 파일 갱신 생략
[2026-07-07 02:44:31] 완료: 0행 -> /home/runner/work/lalasweet-ad-dashboard/lalasweet-ad-dashboard/data/tiktok_raw_2026-07-07_2026-07-07.csv
[2026-07-07 04:32:35] [백필 모드] 수집 범위: 2026-07-07 ~ 2026-07-07
[2026-07-07 04:32:35] 수집 범위: 2026-07-07 ~ 2026-07-07 (1일)
[2026-07-07 04:32:36]   2026-07-07: 전체 53행 -> 제외 후 0행
[2026-07-07 04:32:36] spend > 0 행: 0개
[2026-07-07 04:32:36] [백필 모드] state 파일 갱신 생략
[2026-07-07 04:32:36] 완료: 0행 -> /home/runner/work/lalasweet-ad-dashboard/lalasweet-ad-dashboard/data/tiktok_raw_2026-07-07_2026-07-07.csv
[2026-07-07 05:28:38] [백필 모드] 수집 범위: 2026-07-07 ~ 2026-07-07
[2026-07-07 05:28:38] 수집 범위: 2026-07-07 ~ 2026-07-07 (1일)
[2026-07-07 05:28:39]   2026-07-07: 전체 53행 -> 제외 후 0행
[2026-07-07 05:28:39] spend > 0 행: 0개
[2026-07-07 05:28:39] [백필 모드] state 파일 갱신 생략
[2026-07-07 05:28:39] 완료: 0행 -> /home/runner/work/lalasweet-ad-dashboard/lalasweet-ad-dashboard/data/tiktok_raw_2026-07-07_2026-07-07.csv
[2026-07-07 07:10:29] [백필 모드] 수집 범위: 2026-07-07 ~ 2026-07-07
[2026-07-07 07:10:29] 수집 범위: 2026-07-07 ~ 2026-07-07 (1일)
[2026-07-07 07:10:30]   2026-07-07: 전체 58행 -> 제외 후 2행
[2026-07-07 07:10:30] spend > 0 행: 0개
[2026-07-07 07:10:30] [백필 모드] state 파일 갱신 생략
[2026-07-07 07:10:30] 완료: 0행 -> /home/runner/work/lalasweet-ad-dashboard/lalasweet-ad-dashboard/data/tiktok_raw_2026-07-07_2026-07-07.csv
[2026-07-07 07:31:24] [백필 모드] 수집 범위: 2026-07-07 ~ 2026-07-07
[2026-07-07 07:31:24] 수집 범위: 2026-07-07 ~ 2026-07-07 (1일)
[2026-07-07 07:31:25]   2026-07-07: 전체 61행 -> 제외 후 2행
[2026-07-07 07:31:25] spend > 0 행: 0개
[2026-07-07 07:31:25] [백필 모드] state 파일 갱신 생략
[2026-07-07 07:31:25] 완료: 0행 -> /home/runner/work/lalasweet-ad-dashboard/lalasweet-ad-dashboard/data/tiktok_raw_2026-07-07_2026-07-07.csv
[2026-07-07 08:08:12] [백필 모드] 수집 범위: 2026-07-07 ~ 2026-07-07
[2026-07-07 08:08:12] 수집 범위: 2026-07-07 ~ 2026-07-07 (1일)
[2026-07-07 08:08:13]   2026-07-07: 전체 62행 -> 제외 후 2행
[2026-07-07 08:08:13] spend > 0 행: 0개
[2026-07-07 08:08:13] [백필 모드] state 파일 갱신 생략
[2026-07-07 08:08:13] 완료: 0행 -> /home/runner/work/lalasweet-ad-dashboard/lalasweet-ad-dashboard/data/tiktok_raw_2026-07-07_2026-07-07.csv
[2026-07-07 08:50:20] [백필 모드] 수집 범위: 2026-07-07 ~ 2026-07-07
[2026-07-07 08:50:20] 수집 범위: 2026-07-07 ~ 2026-07-07 (1일)
[2026-07-07 08:50:21]   2026-07-07: 전체 62행 -> 제외 후 2행
[2026-07-07 08:50:21] spend > 0 행: 0개
[2026-07-07 08:50:21] [백필 모드] state 파일 갱신 생략
[2026-07-07 08:50:21] 완료: 0행 -> /home/runner/work/lalasweet-ad-dashboard/lalasweet-ad-dashboard/data/tiktok_raw_2026-07-07_2026-07-07.csv
[2026-07-07 10:41:28] 수집 범위: 2026-07-06 ~ 2026-07-06 (1일)
[2026-07-07 10:41:29]   2026-07-06: 전체 102행 -> 제외 후 23행
[2026-07-07 10:41:29] spend > 0 행: 0개
[2026-07-07 10:41:29] 마지막 성공 날짜 갱신: 2026-07-06
[2026-07-07 10:41:29] 완료: 0행 -> /home/runner/work/lalasweet-ad-dashboard/lalasweet-ad-dashboard/data/tiktok_raw_2026-07-06_2026-07-06.csv
[2026-07-08 00:08:29] [백필 모드] 수집 범위: 2026-07-08 ~ 2026-07-08
[2026-07-08 00:08:29] 수집 범위: 2026-07-08 ~ 2026-07-08 (1일)
[2026-07-08 00:08:29]   2026-07-08: 전체 29행 -> 제외 후 2행
[2026-07-08 00:08:29] spend > 0 행: 0개
[2026-07-08 00:08:29] [백필 모드] state 파일 갱신 생략
[2026-07-08 00:08:29] 완료: 0행 -> /home/runner/work/lalasweet-ad-dashboard/lalasweet-ad-dashboard/data/tiktok_raw_2026-07-08_2026-07-08.csv
[2026-07-08 00:31:36] [백필 모드] 수집 범위: 2026-07-07 ~ 2026-07-07
[2026-07-08 00:31:36] 수집 범위: 2026-07-07 ~ 2026-07-07 (1일)
[2026-07-08 00:31:37]   2026-07-07: 전체 93행 -> 제외 후 22행
[2026-07-08 00:31:37] spend > 0 행: 0개
[2026-07-08 00:31:37] [백필 모드] state 파일 갱신 생략
[2026-07-08 00:31:37] 완료: 0행 -> /home/runner/work/lalasweet-ad-dashboard/lalasweet-ad-dashboard/data/tiktok_raw_2026-07-07_2026-07-07.csv
[2026-07-08 00:58:53] [백필 모드] 수집 범위: 2026-07-08 ~ 2026-07-08
[2026-07-08 00:58:53] 수집 범위: 2026-07-08 ~ 2026-07-08 (1일)
[2026-07-08 00:58:54]   2026-07-08: 전체 29행 -> 제외 후 2행
[2026-07-08 00:58:54] spend > 0 행: 0개
[2026-07-08 00:58:54] [백필 모드] state 파일 갱신 생략
[2026-07-08 00:58:54] 완료: 0행 -> /home/runner/work/lalasweet-ad-dashboard/lalasweet-ad-dashboard/data/tiktok_raw_2026-07-08_2026-07-08.csv
[2026-07-08 01:56:05] [백필 모드] 수집 범위: 2026-07-08 ~ 2026-07-08
[2026-07-08 01:56:05] 수집 범위: 2026-07-08 ~ 2026-07-08 (1일)
[2026-07-08 01:56:06]   2026-07-08: 전체 32행 -> 제외 후 2행
[2026-07-08 01:56:06] spend > 0 행: 0개
[2026-07-08 01:56:06] [백필 모드] state 파일 갱신 생략
[2026-07-08 01:56:06] 완료: 0행 -> /home/runner/work/lalasweet-ad-dashboard/lalasweet-ad-dashboard/data/tiktok_raw_2026-07-08_2026-07-08.csv
[2026-07-08 01:59:54] [백필 모드] 수집 범위: 2026-07-08 ~ 2026-07-08
[2026-07-08 01:59:54] 수집 범위: 2026-07-08 ~ 2026-07-08 (1일)
[2026-07-08 01:59:55]   2026-07-08: 전체 32행 -> 제외 후 2행
[2026-07-08 01:59:55] spend > 0 행: 0개
[2026-07-08 01:59:55] [백필 모드] state 파일 갱신 생략
[2026-07-08 01:59:55] 완료: 0행 -> /home/runner/work/lalasweet-ad-dashboard/lalasweet-ad-dashboard/data/tiktok_raw_2026-07-08_2026-07-08.csv
[2026-07-08 02:58:43] [백필 모드] 수집 범위: 2026-07-08 ~ 2026-07-08
[2026-07-08 02:58:43] 수집 범위: 2026-07-08 ~ 2026-07-08 (1일)
[2026-07-08 02:58:44]   2026-07-08: 전체 36행 -> 제외 후 2행
[2026-07-08 02:58:44] spend > 0 행: 0개
[2026-07-08 02:58:44] [백필 모드] state 파일 갱신 생략
[2026-07-08 02:58:44] 완료: 0행 -> /home/runner/work/lalasweet-ad-dashboard/lalasweet-ad-dashboard/data/tiktok_raw_2026-07-08_2026-07-08.csv
[2026-07-08 05:07:39] [백필 모드] 수집 범위: 2026-07-08 ~ 2026-07-08
[2026-07-08 05:07:39] 수집 범위: 2026-07-08 ~ 2026-07-08 (1일)
[2026-07-08 05:07:40]   2026-07-08: 전체 40행 -> 제외 후 3행
[2026-07-08 05:07:40] spend > 0 행: 0개
[2026-07-08 05:07:40] [백필 모드] state 파일 갱신 생략
[2026-07-08 05:07:40] 완료: 0행 -> /home/runner/work/lalasweet-ad-dashboard/lalasweet-ad-dashboard/data/tiktok_raw_2026-07-08_2026-07-08.csv
[2026-07-08 05:46:48] [백필 모드] 수집 범위: 2026-07-08 ~ 2026-07-08
[2026-07-08 05:46:48] 수집 범위: 2026-07-08 ~ 2026-07-08 (1일)
[2026-07-08 05:46:49]   2026-07-08: 전체 40행 -> 제외 후 3행
[2026-07-08 05:46:49] spend > 0 행: 0개
[2026-07-08 05:46:49] [백필 모드] state 파일 갱신 생략
[2026-07-08 05:46:49] 완료: 0행 -> /home/runner/work/lalasweet-ad-dashboard/lalasweet-ad-dashboard/data/tiktok_raw_2026-07-08_2026-07-08.csv
[2026-07-08 05:55:12] [백필 모드] 수집 범위: 2026-07-08 ~ 2026-07-08
[2026-07-08 05:55:12] 수집 범위: 2026-07-08 ~ 2026-07-08 (1일)
[2026-07-08 05:55:13]   2026-07-08: 전체 41행 -> 제외 후 3행
[2026-07-08 05:55:13] spend > 0 행: 0개
[2026-07-08 05:55:13] [백필 모드] state 파일 갱신 생략
[2026-07-08 05:55:13] 완료: 0행 -> /home/runner/work/lalasweet-ad-dashboard/lalasweet-ad-dashboard/data/tiktok_raw_2026-07-08_2026-07-08.csv
[2026-07-08 07:09:21] [백필 모드] 수집 범위: 2026-07-08 ~ 2026-07-08
[2026-07-08 07:09:21] 수집 범위: 2026-07-08 ~ 2026-07-08 (1일)
[2026-07-08 07:09:22]   2026-07-08: 전체 42행 -> 제외 후 3행
[2026-07-08 07:09:22] spend > 0 행: 0개
[2026-07-08 07:09:22] [백필 모드] state 파일 갱신 생략
[2026-07-08 07:09:22] 완료: 0행 -> /home/runner/work/lalasweet-ad-dashboard/lalasweet-ad-dashboard/data/tiktok_raw_2026-07-08_2026-07-08.csv
[2026-07-08 07:58:00] 수집 범위: 2026-07-07 ~ 2026-07-07 (1일)
[2026-07-08 07:58:00]   2026-07-07: 전체 93행 -> 제외 후 22행
[2026-07-08 07:58:00] spend > 0 행: 0개
[2026-07-08 07:58:00] 마지막 성공 날짜 갱신: 2026-07-07
[2026-07-08 07:58:00] 완료: 0행 -> /home/runner/work/lalasweet-ad-dashboard/lalasweet-ad-dashboard/data/tiktok_raw_2026-07-07_2026-07-07.csv
[2026-07-08 08:26:39] [백필 모드] 수집 범위: 2026-07-08 ~ 2026-07-08
[2026-07-08 08:26:39] 수집 범위: 2026-07-08 ~ 2026-07-08 (1일)
[2026-07-08 08:26:40]   2026-07-08: 전체 45행 -> 제외 후 3행
[2026-07-08 08:26:40] spend > 0 행: 0개
[2026-07-08 08:26:40] [백필 모드] state 파일 갱신 생략
[2026-07-08 08:26:40] 완료: 0행 -> /home/runner/work/lalasweet-ad-dashboard/lalasweet-ad-dashboard/data/tiktok_raw_2026-07-08_2026-07-08.csv
[2026-07-08 09:07:36] [백필 모드] 수집 범위: 2026-07-08 ~ 2026-07-08
[2026-07-08 09:07:36] 수집 범위: 2026-07-08 ~ 2026-07-08 (1일)
[2026-07-08 09:07:37]   2026-07-08: 전체 47행 -> 제외 후 3행
[2026-07-08 09:07:37] spend > 0 행: 0개
[2026-07-08 09:07:37] [백필 모드] state 파일 갱신 생략
[2026-07-08 09:07:37] 완료: 0행 -> /home/runner/work/lalasweet-ad-dashboard/lalasweet-ad-dashboard/data/tiktok_raw_2026-07-08_2026-07-08.csv
[2026-07-09 00:00:33] [백필 모드] 수집 범위: 2026-07-08 ~ 2026-07-08
[2026-07-09 00:00:33] 수집 범위: 2026-07-08 ~ 2026-07-08 (1일)
[2026-07-09 00:00:34]   2026-07-08: 전체 76행 -> 제외 후 21행
[2026-07-09 00:00:34] spend > 0 행: 0개
[2026-07-09 00:00:34] [백필 모드] state 파일 갱신 생략
[2026-07-09 00:00:34] 완료: 0행 -> /home/runner/work/lalasweet-ad-dashboard/lalasweet-ad-dashboard/data/tiktok_raw_2026-07-08_2026-07-08.csv
[2026-07-09 00:03:23] [백필 모드] 수집 범위: 2026-07-09 ~ 2026-07-09
[2026-07-09 00:03:23] 수집 범위: 2026-07-09 ~ 2026-07-09 (1일)
[2026-07-09 00:03:24]   2026-07-09: 전체 24행 -> 제외 후 1행
[2026-07-09 00:03:24] spend > 0 행: 0개
[2026-07-09 00:03:24] [백필 모드] state 파일 갱신 생략
[2026-07-09 00:03:24] 완료: 0행 -> /home/runner/work/lalasweet-ad-dashboard/lalasweet-ad-dashboard/data/tiktok_raw_2026-07-09_2026-07-09.csv
[2026-07-09 00:10:56] [백필 모드] 수집 범위: 2026-07-08 ~ 2026-07-08
[2026-07-09 00:10:56] 수집 범위: 2026-07-08 ~ 2026-07-08 (1일)
[2026-07-09 00:10:58]   2026-07-08: 전체 76행 -> 제외 후 21행
[2026-07-09 00:10:58] spend > 0 행: 0개
[2026-07-09 00:10:58] [백필 모드] state 파일 갱신 생략
[2026-07-09 00:10:58] 완료: 0행 -> /home/runner/work/lalasweet-ad-dashboard/lalasweet-ad-dashboard/data/tiktok_raw_2026-07-08_2026-07-08.csv
[2026-07-09 01:46:18] [백필 모드] 수집 범위: 2026-07-09 ~ 2026-07-09
[2026-07-09 01:46:18] 수집 범위: 2026-07-09 ~ 2026-07-09 (1일)
[2026-07-09 01:46:19]   2026-07-09: 전체 29행 -> 제외 후 1행
[2026-07-09 01:46:19] spend > 0 행: 0개
[2026-07-09 01:46:19] [백필 모드] state 파일 갱신 생략
[2026-07-09 01:46:19] 완료: 0행 -> /home/runner/work/lalasweet-ad-dashboard/lalasweet-ad-dashboard/data/tiktok_raw_2026-07-09_2026-07-09.csv
[2026-07-09 02:48:31] [백필 모드] 수집 범위: 2026-07-09 ~ 2026-07-09
[2026-07-09 02:48:31] 수집 범위: 2026-07-09 ~ 2026-07-09 (1일)
[2026-07-09 02:48:32]   2026-07-09: 전체 32행 -> 제외 후 1행
[2026-07-09 02:48:32] spend > 0 행: 0개
[2026-07-09 02:48:32] [백필 모드] state 파일 갱신 생략
[2026-07-09 02:48:32] 완료: 0행 -> /home/runner/work/lalasweet-ad-dashboard/lalasweet-ad-dashboard/data/tiktok_raw_2026-07-09_2026-07-09.csv
[2026-07-09 04:39:04] [백필 모드] 수집 범위: 2026-07-09 ~ 2026-07-09
[2026-07-09 04:39:04] 수집 범위: 2026-07-09 ~ 2026-07-09 (1일)
[2026-07-09 04:39:05]   2026-07-09: 전체 36행 -> 제외 후 1행
[2026-07-09 04:39:05] spend > 0 행: 0개
[2026-07-09 04:39:05] [백필 모드] state 파일 갱신 생략
[2026-07-09 04:39:05] 완료: 0행 -> /home/runner/work/lalasweet-ad-dashboard/lalasweet-ad-dashboard/data/tiktok_raw_2026-07-09_2026-07-09.csv
[2026-07-09 04:59:18] [백필 모드] 수집 범위: 2026-07-09 ~ 2026-07-09
[2026-07-09 04:59:18] 수집 범위: 2026-07-09 ~ 2026-07-09 (1일)
[2026-07-09 04:59:19]   2026-07-09: 전체 37행 -> 제외 후 1행
[2026-07-09 04:59:19] spend > 0 행: 0개
[2026-07-09 04:59:19] [백필 모드] state 파일 갱신 생략
[2026-07-09 04:59:19] 완료: 0행 -> /home/runner/work/lalasweet-ad-dashboard/lalasweet-ad-dashboard/data/tiktok_raw_2026-07-09_2026-07-09.csv
[2026-07-09 05:38:32] [백필 모드] 수집 범위: 2026-07-09 ~ 2026-07-09
[2026-07-09 05:38:32] 수집 범위: 2026-07-09 ~ 2026-07-09 (1일)
[2026-07-09 05:38:33]   2026-07-09: 전체 37행 -> 제외 후 1행
[2026-07-09 05:38:33] spend > 0 행: 0개
[2026-07-09 05:38:33] [백필 모드] state 파일 갱신 생략
[2026-07-09 05:38:33] 완료: 0행 -> /home/runner/work/lalasweet-ad-dashboard/lalasweet-ad-dashboard/data/tiktok_raw_2026-07-09_2026-07-09.csv
[2026-07-09 06:31:33] [백필 모드] 수집 범위: 2026-07-09 ~ 2026-07-09
[2026-07-09 06:31:33] 수집 범위: 2026-07-09 ~ 2026-07-09 (1일)
[2026-07-09 06:31:34]   2026-07-09: 전체 39행 -> 제외 후 1행
[2026-07-09 06:31:34] spend > 0 행: 0개
[2026-07-09 06:31:34] [백필 모드] state 파일 갱신 생략
[2026-07-09 06:31:34] 완료: 0행 -> /home/runner/work/lalasweet-ad-dashboard/lalasweet-ad-dashboard/data/tiktok_raw_2026-07-09_2026-07-09.csv
[2026-07-09 07:29:44] [백필 모드] 수집 범위: 2026-07-09 ~ 2026-07-09
[2026-07-09 07:29:44] 수집 범위: 2026-07-09 ~ 2026-07-09 (1일)
[2026-07-09 07:29:45]   2026-07-09: 전체 47행 -> 제외 후 3행
[2026-07-09 07:29:45] spend > 0 행: 0개
[2026-07-09 07:29:45] [백필 모드] state 파일 갱신 생략
[2026-07-09 07:29:45] 완료: 0행 -> /home/runner/work/lalasweet-ad-dashboard/lalasweet-ad-dashboard/data/tiktok_raw_2026-07-09_2026-07-09.csv
[2026-07-09 08:31:14] [백필 모드] 수집 범위: 2026-07-09 ~ 2026-07-09
[2026-07-09 08:31:14] 수집 범위: 2026-07-09 ~ 2026-07-09 (1일)
[2026-07-09 08:31:15]   2026-07-09: 전체 54행 -> 제외 후 4행
[2026-07-09 08:31:15] spend > 0 행: 3개
[2026-07-09 08:31:15] [백필 모드] state 파일 갱신 생략
[2026-07-09 08:31:15] 완료: 3행 -> /home/runner/work/lalasweet-ad-dashboard/lalasweet-ad-dashboard/data/tiktok_raw_2026-07-09_2026-07-09.csv
[2026-07-09 09:30:03] [백필 모드] 수집 범위: 2026-07-09 ~ 2026-07-09
[2026-07-09 09:30:03] 수집 범위: 2026-07-09 ~ 2026-07-09 (1일)
[2026-07-09 09:30:04]   2026-07-09: 전체 56행 -> 제외 후 5행
[2026-07-09 09:30:04] spend > 0 행: 4개
[2026-07-09 09:30:04] [백필 모드] state 파일 갱신 생략
[2026-07-09 09:30:04] 완료: 4행 -> /home/runner/work/lalasweet-ad-dashboard/lalasweet-ad-dashboard/data/tiktok_raw_2026-07-09_2026-07-09.csv
[2026-07-09 10:33:41] [백필 모드] 수집 범위: 2026-07-09 ~ 2026-07-09
[2026-07-09 10:33:41] 수집 범위: 2026-07-09 ~ 2026-07-09 (1일)
[2026-07-09 10:33:42]   2026-07-09: 전체 82행 -> 제외 후 27행
[2026-07-09 10:33:42] spend > 0 행: 4개
[2026-07-09 10:33:42] [백필 모드] state 파일 갱신 생략
[2026-07-09 10:33:42] 완료: 4행 -> /home/runner/work/lalasweet-ad-dashboard/lalasweet-ad-dashboard/data/tiktok_raw_2026-07-09_2026-07-09.csv
[2026-07-09 10:40:40] 수집 범위: 2026-07-08 ~ 2026-07-08 (1일)
[2026-07-09 10:40:41]   2026-07-08: 전체 81행 -> 제외 후 23행
[2026-07-09 10:40:41] spend > 0 행: 0개
[2026-07-09 10:40:41] 마지막 성공 날짜 갱신: 2026-07-08
[2026-07-09 10:40:41] 완료: 0행 -> /home/runner/work/lalasweet-ad-dashboard/lalasweet-ad-dashboard/data/tiktok_raw_2026-07-08_2026-07-08.csv
[2026-07-10 00:47:23] [백필 모드] 수집 범위: 2026-07-09 ~ 2026-07-09
[2026-07-10 00:47:23] 수집 범위: 2026-07-09 ~ 2026-07-09 (1일)
[2026-07-10 00:47:23]   2026-07-09: 전체 90행 -> 제외 후 27행
[2026-07-10 00:47:23] spend > 0 행: 4개
[2026-07-10 00:47:23] [백필 모드] state 파일 갱신 생략
[2026-07-10 00:47:23] 완료: 4행 -> /home/runner/work/lalasweet-ad-dashboard/lalasweet-ad-dashboard/data/tiktok_raw_2026-07-09_2026-07-09.csv
[2026-07-10 00:57:41] [백필 모드] 수집 범위: 2026-07-10 ~ 2026-07-10
[2026-07-10 00:57:41] 수집 범위: 2026-07-10 ~ 2026-07-10 (1일)
[2026-07-10 00:57:41]   2026-07-10: 전체 41행 -> 제외 후 4행
[2026-07-10 00:57:41] spend > 0 행: 0개
[2026-07-10 00:57:41] [백필 모드] state 파일 갱신 생략
[2026-07-10 00:57:41] 완료: 0행 -> /home/runner/work/lalasweet-ad-dashboard/lalasweet-ad-dashboard/data/tiktok_raw_2026-07-10_2026-07-10.csv
[2026-07-10 01:27:12] [백필 모드] 수집 범위: 2026-07-10 ~ 2026-07-10
[2026-07-10 01:27:12] 수집 범위: 2026-07-10 ~ 2026-07-10 (1일)
[2026-07-10 01:27:12]   2026-07-10: 전체 41행 -> 제외 후 4행
[2026-07-10 01:27:12] spend > 0 행: 0개
[2026-07-10 01:27:12] [백필 모드] state 파일 갱신 생략
[2026-07-10 01:27:12] 완료: 0행 -> /home/runner/work/lalasweet-ad-dashboard/lalasweet-ad-dashboard/data/tiktok_raw_2026-07-10_2026-07-10.csv
[2026-07-10 02:04:01] [백필 모드] 수집 범위: 2026-07-10 ~ 2026-07-10
[2026-07-10 02:04:01] 수집 범위: 2026-07-10 ~ 2026-07-10 (1일)
[2026-07-10 02:04:01]   2026-07-10: 전체 41행 -> 제외 후 4행
[2026-07-10 02:04:01] spend > 0 행: 0개
[2026-07-10 02:04:01] [백필 모드] state 파일 갱신 생략
[2026-07-10 02:04:01] 완료: 0행 -> /home/runner/work/lalasweet-ad-dashboard/lalasweet-ad-dashboard/data/tiktok_raw_2026-07-10_2026-07-10.csv
[2026-07-10 02:13:50] [백필 모드] 수집 범위: 2026-07-09 ~ 2026-07-09
[2026-07-10 02:13:50] 수집 범위: 2026-07-09 ~ 2026-07-09 (1일)
[2026-07-10 02:13:51]   2026-07-09: 전체 90행 -> 제외 후 27행
[2026-07-10 02:13:51] spend > 0 행: 4개
[2026-07-10 02:13:51] [백필 모드] state 파일 갱신 생략
[2026-07-10 02:13:51] 완료: 4행 -> /home/runner/work/lalasweet-ad-dashboard/lalasweet-ad-dashboard/data/tiktok_raw_2026-07-09_2026-07-09.csv
[2026-07-10 02:32:09] [백필 모드] 수집 범위: 2026-07-10 ~ 2026-07-10
[2026-07-10 02:32:09] 수집 범위: 2026-07-10 ~ 2026-07-10 (1일)
[2026-07-10 02:32:10]   2026-07-10: 전체 41행 -> 제외 후 4행
[2026-07-10 02:32:10] spend > 0 행: 0개
[2026-07-10 02:32:10] [백필 모드] state 파일 갱신 생략
[2026-07-10 02:32:10] 완료: 0행 -> /home/runner/work/lalasweet-ad-dashboard/lalasweet-ad-dashboard/data/tiktok_raw_2026-07-10_2026-07-10.csv
[2026-07-10 03:09:35] [백필 모드] 수집 범위: 2026-07-10 ~ 2026-07-10
[2026-07-10 03:09:35] 수집 범위: 2026-07-10 ~ 2026-07-10 (1일)
[2026-07-10 03:09:36]   2026-07-10: 전체 41행 -> 제외 후 4행
[2026-07-10 03:09:36] spend > 0 행: 0개
[2026-07-10 03:09:36] [백필 모드] state 파일 갱신 생략
[2026-07-10 03:09:36] 완료: 0행 -> /home/runner/work/lalasweet-ad-dashboard/lalasweet-ad-dashboard/data/tiktok_raw_2026-07-10_2026-07-10.csv
[2026-07-10 03:29:02] [백필 모드] 수집 범위: 2026-07-10 ~ 2026-07-10
[2026-07-10 03:29:02] 수집 범위: 2026-07-10 ~ 2026-07-10 (1일)
[2026-07-10 03:29:02]   2026-07-10: 전체 41행 -> 제외 후 4행
[2026-07-10 03:29:02] spend > 0 행: 0개
[2026-07-10 03:29:02] [백필 모드] state 파일 갱신 생략
[2026-07-10 03:29:02] 완료: 0행 -> /home/runner/work/lalasweet-ad-dashboard/lalasweet-ad-dashboard/data/tiktok_raw_2026-07-10_2026-07-10.csv
[2026-07-10 04:38:54] [백필 모드] 수집 범위: 2026-07-10 ~ 2026-07-10
[2026-07-10 04:38:54] 수집 범위: 2026-07-10 ~ 2026-07-10 (1일)
[2026-07-10 04:38:54]   2026-07-10: 전체 46행 -> 제외 후 5행
[2026-07-10 04:38:54] spend > 0 행: 0개
[2026-07-10 04:38:54] [백필 모드] state 파일 갱신 생략
[2026-07-10 04:38:54] 완료: 0행 -> /home/runner/work/lalasweet-ad-dashboard/lalasweet-ad-dashboard/data/tiktok_raw_2026-07-10_2026-07-10.csv
[2026-07-10 05:28:57] [백필 모드] 수집 범위: 2026-07-10 ~ 2026-07-10
[2026-07-10 05:28:57] 수집 범위: 2026-07-10 ~ 2026-07-10 (1일)
[2026-07-10 05:28:57]   2026-07-10: 전체 49행 -> 제외 후 5행
[2026-07-10 05:28:57] spend > 0 행: 0개
[2026-07-10 05:28:57] [백필 모드] state 파일 갱신 생략
[2026-07-10 05:28:57] 완료: 0행 -> /home/runner/work/lalasweet-ad-dashboard/lalasweet-ad-dashboard/data/tiktok_raw_2026-07-10_2026-07-10.csv
[2026-07-10 06:38:25] [백필 모드] 수집 범위: 2026-07-10 ~ 2026-07-10
[2026-07-10 06:38:25] 수집 범위: 2026-07-10 ~ 2026-07-10 (1일)
[2026-07-10 06:38:26]   2026-07-10: 전체 59행 -> 제외 후 8행
[2026-07-10 06:38:26] spend > 0 행: 0개
[2026-07-10 06:38:26] [백필 모드] state 파일 갱신 생략
[2026-07-10 06:38:26] 완료: 0행 -> /home/runner/work/lalasweet-ad-dashboard/lalasweet-ad-dashboard/data/tiktok_raw_2026-07-10_2026-07-10.csv
[2026-07-10 07:43:59] [백필 모드] 수집 범위: 2026-07-10 ~ 2026-07-10
[2026-07-10 07:43:59] 수집 범위: 2026-07-10 ~ 2026-07-10 (1일)
[2026-07-10 07:43:59]   2026-07-10: 전체 69행 -> 제외 후 8행
[2026-07-10 07:43:59] spend > 0 행: 0개
[2026-07-10 07:43:59] [백필 모드] state 파일 갱신 생략
[2026-07-10 07:43:59] 완료: 0행 -> /home/runner/work/lalasweet-ad-dashboard/lalasweet-ad-dashboard/data/tiktok_raw_2026-07-10_2026-07-10.csv
[2026-07-10 07:55:29] [백필 모드] 수집 범위: 2026-07-10 ~ 2026-07-10
[2026-07-10 07:55:29] 수집 범위: 2026-07-10 ~ 2026-07-10 (1일)
[2026-07-10 07:55:29]   2026-07-10: 전체 70행 -> 제외 후 8행
[2026-07-10 07:55:29] spend > 0 행: 0개
[2026-07-10 07:55:29] [백필 모드] state 파일 갱신 생략
[2026-07-10 07:55:29] 완료: 0행 -> /home/runner/work/lalasweet-ad-dashboard/lalasweet-ad-dashboard/data/tiktok_raw_2026-07-10_2026-07-10.csv
[2026-07-10 08:46:42] [백필 모드] 수집 범위: 2026-07-10 ~ 2026-07-10
[2026-07-10 08:46:42] 수집 범위: 2026-07-10 ~ 2026-07-10 (1일)
[2026-07-10 08:46:43]   2026-07-10: 전체 92행 -> 제외 후 30행
[2026-07-10 08:46:43] spend > 0 행: 0개
[2026-07-10 08:46:43] [백필 모드] state 파일 갱신 생략
[2026-07-10 08:46:43] 완료: 0행 -> /home/runner/work/lalasweet-ad-dashboard/lalasweet-ad-dashboard/data/tiktok_raw_2026-07-10_2026-07-10.csv
[2026-07-10 10:38:08] 수집 범위: 2026-07-09 ~ 2026-07-09 (1일)
[2026-07-10 10:38:09]   2026-07-09: 전체 96행 -> 제외 후 29행
[2026-07-10 10:38:09] spend > 0 행: 4개
[2026-07-10 10:38:09] 마지막 성공 날짜 갱신: 2026-07-09
[2026-07-10 10:38:09] 완료: 4행 -> /home/runner/work/lalasweet-ad-dashboard/lalasweet-ad-dashboard/data/tiktok_raw_2026-07-09_2026-07-09.csv
[2026-07-11 07:19:55] 수집 범위: 2026-07-10 ~ 2026-07-10 (1일)
[2026-07-11 07:19:56]   2026-07-10: 전체 123행 -> 제외 후 33행
[2026-07-11 07:19:56] spend > 0 행: 0개
[2026-07-11 07:19:56] 마지막 성공 날짜 갱신: 2026-07-10
[2026-07-11 07:19:56] 완료: 0행 -> /home/runner/work/lalasweet-ad-dashboard/lalasweet-ad-dashboard/data/tiktok_raw_2026-07-10_2026-07-10.csv
[2026-07-11 11:57:02] [백필 모드] 수집 범위: 2026-07-10 ~ 2026-07-10
[2026-07-11 11:57:02] 수집 범위: 2026-07-10 ~ 2026-07-10 (1일)
[2026-07-11 11:57:03]   2026-07-10: 전체 128행 -> 제외 후 36행
[2026-07-11 11:57:03] spend > 0 행: 0개
[2026-07-11 11:57:03] [백필 모드] state 파일 갱신 생략
[2026-07-11 11:57:03] 완료: 0행 -> /home/runner/work/lalasweet-ad-dashboard/lalasweet-ad-dashboard/data/tiktok_raw_2026-07-10_2026-07-10.csv
[2026-07-11 12:16:00] [백필 모드] 수집 범위: 2026-07-11 ~ 2026-07-11
[2026-07-11 12:16:00] 수집 범위: 2026-07-11 ~ 2026-07-11 (1일)
[2026-07-11 12:16:02]   2026-07-11: 전체 106행 -> 제외 후 26행
[2026-07-11 12:16:02] spend > 0 행: 0개
[2026-07-11 12:16:02] [백필 모드] state 파일 갱신 생략
[2026-07-11 12:16:02] 완료: 0행 -> /home/runner/work/lalasweet-ad-dashboard/lalasweet-ad-dashboard/data/tiktok_raw_2026-07-11_2026-07-11.csv
[2026-07-11 12:42:01] [백필 모드] 수집 범위: 2026-07-11 ~ 2026-07-11
[2026-07-11 12:42:01] 수집 범위: 2026-07-11 ~ 2026-07-11 (1일)
[2026-07-11 12:42:03]   2026-07-11: 전체 107행 -> 제외 후 26행
[2026-07-11 12:42:03] spend > 0 행: 0개
[2026-07-11 12:42:03] [백필 모드] state 파일 갱신 생략
[2026-07-11 12:42:03] 완료: 0행 -> /home/runner/work/lalasweet-ad-dashboard/lalasweet-ad-dashboard/data/tiktok_raw_2026-07-11_2026-07-11.csv
[2026-07-11 13:34:24] [백필 모드] 수집 범위: 2026-07-11 ~ 2026-07-11
[2026-07-11 13:34:24] 수집 범위: 2026-07-11 ~ 2026-07-11 (1일)
[2026-07-11 13:34:25]   2026-07-11: 전체 108행 -> 제외 후 26행
[2026-07-11 13:34:25] spend > 0 행: 0개
[2026-07-11 13:34:25] [백필 모드] state 파일 갱신 생략
[2026-07-11 13:34:25] 완료: 0행 -> /home/runner/work/lalasweet-ad-dashboard/lalasweet-ad-dashboard/data/tiktok_raw_2026-07-11_2026-07-11.csv
[2026-07-11 14:38:01] [백필 모드] 수집 범위: 2026-07-11 ~ 2026-07-11
[2026-07-11 14:38:01] 수집 범위: 2026-07-11 ~ 2026-07-11 (1일)
[2026-07-11 14:38:02]   2026-07-11: 전체 111행 -> 제외 후 26행
[2026-07-11 14:38:02] spend > 0 행: 0개
[2026-07-11 14:38:02] [백필 모드] state 파일 갱신 생략
[2026-07-11 14:38:02] 완료: 0행 -> /home/runner/work/lalasweet-ad-dashboard/lalasweet-ad-dashboard/data/tiktok_raw_2026-07-11_2026-07-11.csv
[2026-07-12 00:29:26] [백필 모드] 수집 범위: 2026-07-12 ~ 2026-07-12
[2026-07-12 00:29:26] 수집 범위: 2026-07-12 ~ 2026-07-12 (1일)
[2026-07-12 00:29:27]   2026-07-12: 전체 24행 -> 제외 후 3행
[2026-07-12 00:29:27] spend > 0 행: 0개
[2026-07-12 00:29:27] [백필 모드] state 파일 갱신 생략
[2026-07-12 00:29:27] 완료: 0행 -> /home/runner/work/lalasweet-ad-dashboard/lalasweet-ad-dashboard/data/tiktok_raw_2026-07-12_2026-07-12.csv
[2026-07-12 02:20:43] [백필 모드] 수집 범위: 2026-07-11 ~ 2026-07-11
[2026-07-12 02:20:43] 수집 범위: 2026-07-11 ~ 2026-07-11 (1일)
[2026-07-12 02:20:46]   2026-07-11: 전체 111행 -> 제외 후 26행
[2026-07-12 02:20:46] spend > 0 행: 0개
[2026-07-12 02:20:46] [백필 모드] state 파일 갱신 생략
[2026-07-12 02:20:46] 완료: 0행 -> /home/runner/work/lalasweet-ad-dashboard/lalasweet-ad-dashboard/data/tiktok_raw_2026-07-11_2026-07-11.csv
[2026-07-12 04:14:30] [백필 모드] 수집 범위: 2026-07-12 ~ 2026-07-12
[2026-07-12 04:14:30] 수집 범위: 2026-07-12 ~ 2026-07-12 (1일)
[2026-07-12 04:14:31]   2026-07-12: 전체 33행 -> 제외 후 4행
[2026-07-12 04:14:31] spend > 0 행: 0개
[2026-07-12 04:14:31] [백필 모드] state 파일 갱신 생략
[2026-07-12 04:14:31] 완료: 0행 -> /home/runner/work/lalasweet-ad-dashboard/lalasweet-ad-dashboard/data/tiktok_raw_2026-07-12_2026-07-12.csv
[2026-07-12 07:40:14] 수집 범위: 2026-07-11 ~ 2026-07-11 (1일)
[2026-07-12 07:40:16]   2026-07-11: 전체 111행 -> 제외 후 26행
[2026-07-12 07:40:16] spend > 0 행: 0개
[2026-07-12 07:40:16] 마지막 성공 날짜 갱신: 2026-07-11
[2026-07-12 07:40:16] 완료: 0행 -> /home/runner/work/lalasweet-ad-dashboard/lalasweet-ad-dashboard/data/tiktok_raw_2026-07-11_2026-07-11.csv
[2026-07-12 23:45:59] [백필 모드] 수집 범위: 2026-07-12 ~ 2026-07-12
[2026-07-12 23:45:59] 수집 범위: 2026-07-12 ~ 2026-07-12 (1일)
[2026-07-12 23:46:00]   2026-07-12: 전체 81행 -> 제외 후 23행
[2026-07-12 23:46:00] spend > 0 행: 0개
[2026-07-12 23:46:00] [백필 모드] state 파일 갱신 생략
[2026-07-12 23:46:00] 완료: 0행 -> /home/runner/work/lalasweet-ad-dashboard/lalasweet-ad-dashboard/data/tiktok_raw_2026-07-12_2026-07-12.csv
[2026-07-12 23:58:47] [백필 모드] 수집 범위: 2026-07-13 ~ 2026-07-13
[2026-07-12 23:58:47] 수집 범위: 2026-07-13 ~ 2026-07-13 (1일)
[2026-07-12 23:58:47]   2026-07-13: 전체 29행 -> 제외 후 3행
[2026-07-12 23:58:47] spend > 0 행: 0개
[2026-07-12 23:58:47] [백필 모드] state 파일 갱신 생략
[2026-07-12 23:58:47] 완료: 0행 -> /home/runner/work/lalasweet-ad-dashboard/lalasweet-ad-dashboard/data/tiktok_raw_2026-07-13_2026-07-13.csv
[2026-07-13 00:02:59] 수집 범위: 2026-07-12 ~ 2026-07-12 (1일)
[2026-07-13 00:03:00]   2026-07-12: 전체 81행 -> 제외 후 23행
[2026-07-13 00:03:00] spend > 0 행: 0개
[2026-07-13 00:03:00] 마지막 성공 날짜 갱신: 2026-07-12
[2026-07-13 00:03:00] 완료: 0행 -> /home/runner/work/lalasweet-ad-dashboard/lalasweet-ad-dashboard/data/tiktok_raw_2026-07-12_2026-07-12.csv
[2026-07-13 01:02:30] [백필 모드] 수집 범위: 2026-07-13 ~ 2026-07-13
[2026-07-13 01:02:30] 수집 범위: 2026-07-13 ~ 2026-07-13 (1일)
[2026-07-13 01:02:30]   2026-07-13: 전체 29행 -> 제외 후 3행
[2026-07-13 01:02:30] spend > 0 행: 0개
[2026-07-13 01:02:30] [백필 모드] state 파일 갱신 생략
[2026-07-13 01:02:30] 완료: 0행 -> /home/runner/work/lalasweet-ad-dashboard/lalasweet-ad-dashboard/data/tiktok_raw_2026-07-13_2026-07-13.csv
[2026-07-13 01:09:54] [백필 모드] 수집 범위: 2026-07-12 ~ 2026-07-12
[2026-07-13 01:09:54] 수집 범위: 2026-07-12 ~ 2026-07-12 (1일)
[2026-07-13 01:09:55]   2026-07-12: 전체 81행 -> 제외 후 23행
[2026-07-13 01:09:55] spend > 0 행: 0개
[2026-07-13 01:09:55] [백필 모드] state 파일 갱신 생략
[2026-07-13 01:09:55] 완료: 0행 -> /home/runner/work/lalasweet-ad-dashboard/lalasweet-ad-dashboard/data/tiktok_raw_2026-07-12_2026-07-12.csv
[2026-07-13 02:04:50] [백필 모드] 수집 범위: 2026-07-13 ~ 2026-07-13
[2026-07-13 02:04:50] 수집 범위: 2026-07-13 ~ 2026-07-13 (1일)
[2026-07-13 02:04:51]   2026-07-13: 전체 30행 -> 제외 후 3행
[2026-07-13 02:04:51] spend > 0 행: 0개
[2026-07-13 02:04:51] [백필 모드] state 파일 갱신 생략
[2026-07-13 02:04:51] 완료: 0행 -> /home/runner/work/lalasweet-ad-dashboard/lalasweet-ad-dashboard/data/tiktok_raw_2026-07-13_2026-07-13.csv
[2026-07-13 03:07:13] [백필 모드] 수집 범위: 2026-07-13 ~ 2026-07-13
[2026-07-13 03:07:13] 수집 범위: 2026-07-13 ~ 2026-07-13 (1일)
[2026-07-13 03:07:13]   2026-07-13: 전체 31행 -> 제외 후 3행
[2026-07-13 03:07:13] spend > 0 행: 0개
[2026-07-13 03:07:13] [백필 모드] state 파일 갱신 생략
[2026-07-13 03:07:13] 완료: 0행 -> /home/runner/work/lalasweet-ad-dashboard/lalasweet-ad-dashboard/data/tiktok_raw_2026-07-13_2026-07-13.csv
[2026-07-13 03:23:11] [백필 모드] 수집 범위: 2026-07-13 ~ 2026-07-13
[2026-07-13 03:23:11] 수집 범위: 2026-07-13 ~ 2026-07-13 (1일)
[2026-07-13 03:23:11]   2026-07-13: 전체 31행 -> 제외 후 3행
[2026-07-13 03:23:11] spend > 0 행: 0개
[2026-07-13 03:23:11] [백필 모드] state 파일 갱신 생략
[2026-07-13 03:23:11] 완료: 0행 -> /home/runner/work/lalasweet-ad-dashboard/lalasweet-ad-dashboard/data/tiktok_raw_2026-07-13_2026-07-13.csv
[2026-07-13 04:26:24] [백필 모드] 수집 범위: 2026-07-13 ~ 2026-07-13
[2026-07-13 04:26:24] 수집 범위: 2026-07-13 ~ 2026-07-13 (1일)
[2026-07-13 04:26:25]   2026-07-13: 전체 84행 -> 제외 후 4행
[2026-07-13 04:26:25] spend > 0 행: 0개
[2026-07-13 04:26:25] [백필 모드] state 파일 갱신 생략
[2026-07-13 04:26:25] 완료: 0행 -> /home/runner/work/lalasweet-ad-dashboard/lalasweet-ad-dashboard/data/tiktok_raw_2026-07-13_2026-07-13.csv
[2026-07-13 04:37:40] [백필 모드] 수집 범위: 2026-07-13 ~ 2026-07-13
[2026-07-13 04:37:40] 수집 범위: 2026-07-13 ~ 2026-07-13 (1일)
[2026-07-13 04:37:42]   2026-07-13: 전체 84행 -> 제외 후 4행
[2026-07-13 04:37:42] spend > 0 행: 0개
[2026-07-13 04:37:42] [백필 모드] state 파일 갱신 생략
[2026-07-13 04:37:42] 완료: 0행 -> /home/runner/work/lalasweet-ad-dashboard/lalasweet-ad-dashboard/data/tiktok_raw_2026-07-13_2026-07-13.csv
[2026-07-13 05:45:58] [백필 모드] 수집 범위: 2026-07-13 ~ 2026-07-13
[2026-07-13 05:45:58] 수집 범위: 2026-07-13 ~ 2026-07-13 (1일)
[2026-07-13 05:45:59]   2026-07-13: 전체 85행 -> 제외 후 4행
[2026-07-13 05:45:59] spend > 0 행: 0개
[2026-07-13 05:45:59] [백필 모드] state 파일 갱신 생략
[2026-07-13 05:45:59] 완료: 0행 -> /home/runner/work/lalasweet-ad-dashboard/lalasweet-ad-dashboard/data/tiktok_raw_2026-07-13_2026-07-13.csv
[2026-07-13 06:32:46] [백필 모드] 수집 범위: 2026-07-13 ~ 2026-07-13
[2026-07-13 06:32:46] 수집 범위: 2026-07-13 ~ 2026-07-13 (1일)
[2026-07-13 06:32:47]   2026-07-13: 전체 85행 -> 제외 후 4행
[2026-07-13 06:32:47] spend > 0 행: 0개
[2026-07-13 06:32:47] [백필 모드] state 파일 갱신 생략
[2026-07-13 06:32:47] 완료: 0행 -> /home/runner/work/lalasweet-ad-dashboard/lalasweet-ad-dashboard/data/tiktok_raw_2026-07-13_2026-07-13.csv
[2026-07-13 07:22:09] [백필 모드] 수집 범위: 2026-07-13 ~ 2026-07-13
[2026-07-13 07:22:09] 수집 범위: 2026-07-13 ~ 2026-07-13 (1일)
[2026-07-13 07:22:10]   2026-07-13: 전체 85행 -> 제외 후 4행
[2026-07-13 07:22:10] spend > 0 행: 0개
[2026-07-13 07:22:10] [백필 모드] state 파일 갱신 생략
[2026-07-13 07:22:10] 완료: 0행 -> /home/runner/work/lalasweet-ad-dashboard/lalasweet-ad-dashboard/data/tiktok_raw_2026-07-13_2026-07-13.csv
[2026-07-13 08:25:59] [백필 모드] 수집 범위: 2026-07-13 ~ 2026-07-13
[2026-07-13 08:25:59] 수집 범위: 2026-07-13 ~ 2026-07-13 (1일)
[2026-07-13 08:26:00]   2026-07-13: 전체 87행 -> 제외 후 4행
[2026-07-13 08:26:00] spend > 0 행: 0개
[2026-07-13 08:26:00] [백필 모드] state 파일 갱신 생략
[2026-07-13 08:26:00] 완료: 0행 -> /home/runner/work/lalasweet-ad-dashboard/lalasweet-ad-dashboard/data/tiktok_raw_2026-07-13_2026-07-13.csv
[2026-07-13 09:26:18] [백필 모드] 수집 범위: 2026-07-13 ~ 2026-07-13
[2026-07-13 09:26:18] 수집 범위: 2026-07-13 ~ 2026-07-13 (1일)
[2026-07-13 09:26:19]   2026-07-13: 전체 117행 -> 제외 후 32행
[2026-07-13 09:26:19] spend > 0 행: 2개
[2026-07-13 09:26:19] [백필 모드] state 파일 갱신 생략
[2026-07-13 09:26:19] 완료: 2행 -> /home/runner/work/lalasweet-ad-dashboard/lalasweet-ad-dashboard/data/tiktok_raw_2026-07-13_2026-07-13.csv
[2026-07-13 23:58:44] 받을 새 데이터 없음 (이미 2026-07-12까지 수집 완료) -> 종료
[2026-07-14 00:03:09] [백필 모드] 수집 범위: 2026-07-13 ~ 2026-07-13
[2026-07-14 00:03:09] 수집 범위: 2026-07-13 ~ 2026-07-13 (1일)
[2026-07-14 00:03:11]   2026-07-13: 전체 132행 -> 제외 후 40행
[2026-07-14 00:03:11] spend > 0 행: 15개
[2026-07-14 00:03:11] [백필 모드] state 파일 갱신 생략
[2026-07-14 00:03:11] 완료: 15행 -> /home/runner/work/lalasweet-ad-dashboard/lalasweet-ad-dashboard/data/tiktok_raw_2026-07-13_2026-07-13.csv
[2026-07-14 00:08:25] [백필 모드] 수집 범위: 2026-07-14 ~ 2026-07-14
[2026-07-14 00:08:25] 수집 범위: 2026-07-14 ~ 2026-07-14 (1일)
[2026-07-14 00:08:26]   2026-07-14: 전체 66행 -> 제외 후 16행
[2026-07-14 00:08:26] spend > 0 행: 15개
[2026-07-14 00:08:26] [백필 모드] state 파일 갱신 생략
[2026-07-14 00:08:26] 완료: 15행 -> /home/runner/work/lalasweet-ad-dashboard/lalasweet-ad-dashboard/data/tiktok_raw_2026-07-14_2026-07-14.csv
[2026-07-14 00:12:29] [백필 모드] 수집 범위: 2026-07-13 ~ 2026-07-13
[2026-07-14 00:12:29] 수집 범위: 2026-07-13 ~ 2026-07-13 (1일)
[2026-07-14 00:12:30]   2026-07-13: 전체 132행 -> 제외 후 40행
[2026-07-14 00:12:30] spend > 0 행: 15개
[2026-07-14 00:12:30] [백필 모드] state 파일 갱신 생략
[2026-07-14 00:12:30] 완료: 15행 -> /home/runner/work/lalasweet-ad-dashboard/lalasweet-ad-dashboard/data/tiktok_raw_2026-07-13_2026-07-13.csv
[2026-07-14 01:05:07] [백필 모드] 수집 범위: 2026-07-14 ~ 2026-07-14
[2026-07-14 01:05:07] 수집 범위: 2026-07-14 ~ 2026-07-14 (1일)
[2026-07-14 01:05:07]   2026-07-14: 전체 72행 -> 제외 후 16행
[2026-07-14 01:05:07] spend > 0 행: 15개
[2026-07-14 01:05:07] [백필 모드] state 파일 갱신 생략
[2026-07-14 01:05:07] 완료: 15행 -> /home/runner/work/lalasweet-ad-dashboard/lalasweet-ad-dashboard/data/tiktok_raw_2026-07-14_2026-07-14.csv
[2026-07-14 02:08:19] [백필 모드] 수집 범위: 2026-07-14 ~ 2026-07-14
[2026-07-14 02:08:19] 수집 범위: 2026-07-14 ~ 2026-07-14 (1일)
[2026-07-14 02:08:19]   2026-07-14: 전체 73행 -> 제외 후 16행
[2026-07-14 02:08:19] spend > 0 행: 15개
[2026-07-14 02:08:19] [백필 모드] state 파일 갱신 생략
[2026-07-14 02:08:19] 완료: 15행 -> /home/runner/work/lalasweet-ad-dashboard/lalasweet-ad-dashboard/data/tiktok_raw_2026-07-14_2026-07-14.csv
[2026-07-14 03:07:01] [백필 모드] 수집 범위: 2026-07-14 ~ 2026-07-14
[2026-07-14 03:07:01] 수집 범위: 2026-07-14 ~ 2026-07-14 (1일)
[2026-07-14 03:07:02]   2026-07-14: 전체 83행 -> 제외 후 16행
[2026-07-14 03:07:02] spend > 0 행: 15개
[2026-07-14 03:07:02] [백필 모드] state 파일 갱신 생략
[2026-07-14 03:07:02] 완료: 15행 -> /home/runner/work/lalasweet-ad-dashboard/lalasweet-ad-dashboard/data/tiktok_raw_2026-07-14_2026-07-14.csv
[2026-07-14 05:41:27] [백필 모드] 수집 범위: 2026-07-14 ~ 2026-07-14
[2026-07-14 05:41:27] 수집 범위: 2026-07-14 ~ 2026-07-14 (1일)
[2026-07-14 05:41:28]   2026-07-14: 전체 88행 -> 제외 후 16행
[2026-07-14 05:41:28] spend > 0 행: 15개
[2026-07-14 05:41:28] [백필 모드] state 파일 갱신 생략
[2026-07-14 05:41:28] 완료: 15행 -> /home/runner/work/lalasweet-ad-dashboard/lalasweet-ad-dashboard/data/tiktok_raw_2026-07-14_2026-07-14.csv
[2026-07-14 06:37:27] [백필 모드] 수집 범위: 2026-07-14 ~ 2026-07-14
[2026-07-14 06:37:27] 수집 범위: 2026-07-14 ~ 2026-07-14 (1일)
[2026-07-14 06:37:27]   2026-07-14: 전체 88행 -> 제외 후 16행
[2026-07-14 06:37:27] spend > 0 행: 15개
[2026-07-14 06:37:27] [백필 모드] state 파일 갱신 생략
[2026-07-14 06:37:27] 완료: 15행 -> /home/runner/work/lalasweet-ad-dashboard/lalasweet-ad-dashboard/data/tiktok_raw_2026-07-14_2026-07-14.csv
[2026-07-14 08:34:07] [백필 모드] 수집 범위: 2026-07-14 ~ 2026-07-14
[2026-07-14 08:34:07] 수집 범위: 2026-07-14 ~ 2026-07-14 (1일)
[2026-07-14 08:34:10]   2026-07-14: 전체 92행 -> 제외 후 17행
[2026-07-14 08:34:10] spend > 0 행: 15개
[2026-07-14 08:34:10] [백필 모드] state 파일 갱신 생략
[2026-07-14 08:34:10] 완료: 15행 -> /home/runner/work/lalasweet-ad-dashboard/lalasweet-ad-dashboard/data/tiktok_raw_2026-07-14_2026-07-14.csv
[2026-07-14 23:59:50] 수집 범위: 2026-07-13 ~ 2026-07-13 (1일)
[2026-07-14 23:59:51]   2026-07-13: 전체 135행 -> 제외 후 42행
[2026-07-14 23:59:51] spend > 0 행: 15개
[2026-07-14 23:59:51] 마지막 성공 날짜 갱신: 2026-07-13
[2026-07-14 23:59:51] 완료: 15행 -> /home/runner/work/lalasweet-ad-dashboard/lalasweet-ad-dashboard/data/tiktok_raw_2026-07-13_2026-07-13.csv
[2026-07-15 00:06:10] [백필 모드] 수집 범위: 2026-07-14 ~ 2026-07-14
[2026-07-15 00:06:10] 수집 범위: 2026-07-14 ~ 2026-07-14 (1일)
[2026-07-15 00:06:12]   2026-07-14: 전체 121행 -> 제외 후 37행
[2026-07-15 00:06:12] spend > 0 행: 15개
[2026-07-15 00:06:12] [백필 모드] state 파일 갱신 생략
[2026-07-15 00:06:12] 완료: 15행 -> /home/runner/work/lalasweet-ad-dashboard/lalasweet-ad-dashboard/data/tiktok_raw_2026-07-14_2026-07-14.csv
[2026-07-15 00:10:18] [백필 모드] 수집 범위: 2026-07-15 ~ 2026-07-15
[2026-07-15 00:10:18] 수집 범위: 2026-07-15 ~ 2026-07-15 (1일)
[2026-07-15 00:10:18]   2026-07-15: 전체 42행 -> 제외 후 15행
[2026-07-15 00:10:18] spend > 0 행: 13개
[2026-07-15 00:10:18] [백필 모드] state 파일 갱신 생략
[2026-07-15 00:10:18] 완료: 13행 -> /home/runner/work/lalasweet-ad-dashboard/lalasweet-ad-dashboard/data/tiktok_raw_2026-07-15_2026-07-15.csv
[2026-07-15 00:13:47] [백필 모드] 수집 범위: 2026-07-14 ~ 2026-07-14
[2026-07-15 00:13:47] 수집 범위: 2026-07-14 ~ 2026-07-14 (1일)
[2026-07-15 00:13:49]   2026-07-14: 전체 121행 -> 제외 후 37행
[2026-07-15 00:13:49] spend > 0 행: 15개
[2026-07-15 00:13:49] [백필 모드] state 파일 갱신 생략
[2026-07-15 00:13:49] 완료: 15행 -> /home/runner/work/lalasweet-ad-dashboard/lalasweet-ad-dashboard/data/tiktok_raw_2026-07-14_2026-07-14.csv
[2026-07-15 00:50:42] [백필 모드] 수집 범위: 2026-07-14 ~ 2026-07-14
[2026-07-15 00:50:42] 수집 범위: 2026-07-14 ~ 2026-07-14 (1일)
[2026-07-15 00:50:43]   2026-07-14: 전체 121행 -> 제외 후 37행
[2026-07-15 00:50:43] spend > 0 행: 15개
[2026-07-15 00:50:43] [백필 모드] state 파일 갱신 생략
[2026-07-15 00:50:43] 완료: 15행 -> /home/runner/work/lalasweet-ad-dashboard/lalasweet-ad-dashboard/data/tiktok_raw_2026-07-14_2026-07-14.csv
[2026-07-15 02:00:26] [백필 모드] 수집 범위: 2026-07-15 ~ 2026-07-15
[2026-07-15 02:00:26] 수집 범위: 2026-07-15 ~ 2026-07-15 (1일)
[2026-07-15 02:00:27]   2026-07-15: 전체 59행 -> 제외 후 17행
[2026-07-15 02:00:27] spend > 0 행: 13개
[2026-07-15 02:00:27] [백필 모드] state 파일 갱신 생략
[2026-07-15 02:00:27] 완료: 13행 -> /home/runner/work/lalasweet-ad-dashboard/lalasweet-ad-dashboard/data/tiktok_raw_2026-07-15_2026-07-15.csv
[2026-07-15 03:13:17] [백필 모드] 수집 범위: 2026-07-15 ~ 2026-07-15
[2026-07-15 03:13:17] 수집 범위: 2026-07-15 ~ 2026-07-15 (1일)
[2026-07-15 03:13:18]   2026-07-15: 전체 60행 -> 제외 후 17행
[2026-07-15 03:13:18] spend > 0 행: 13개
[2026-07-15 03:13:18] [백필 모드] state 파일 갱신 생략
[2026-07-15 03:13:18] 완료: 13행 -> /home/runner/work/lalasweet-ad-dashboard/lalasweet-ad-dashboard/data/tiktok_raw_2026-07-15_2026-07-15.csv
[2026-07-15 04:41:08] [백필 모드] 수집 범위: 2026-07-15 ~ 2026-07-15
[2026-07-15 04:41:08] 수집 범위: 2026-07-15 ~ 2026-07-15 (1일)
[2026-07-15 04:41:09]   2026-07-15: 전체 61행 -> 제외 후 17행
[2026-07-15 04:41:09] spend > 0 행: 13개
[2026-07-15 04:41:09] [백필 모드] state 파일 갱신 생략
[2026-07-15 04:41:09] 완료: 13행 -> /home/runner/work/lalasweet-ad-dashboard/lalasweet-ad-dashboard/data/tiktok_raw_2026-07-15_2026-07-15.csv
[2026-07-15 05:13:59] [백필 모드] 수집 범위: 2026-07-15 ~ 2026-07-15
[2026-07-15 05:13:59] 수집 범위: 2026-07-15 ~ 2026-07-15 (1일)
[2026-07-15 05:14:00]   2026-07-15: 전체 64행 -> 제외 후 17행
[2026-07-15 05:14:00] spend > 0 행: 13개
[2026-07-15 05:14:00] [백필 모드] state 파일 갱신 생략
[2026-07-15 05:14:00] 완료: 13행 -> /home/runner/work/lalasweet-ad-dashboard/lalasweet-ad-dashboard/data/tiktok_raw_2026-07-15_2026-07-15.csv
[2026-07-15 05:34:20] [백필 모드] 수집 범위: 2026-07-15 ~ 2026-07-15
[2026-07-15 05:34:20] 수집 범위: 2026-07-15 ~ 2026-07-15 (1일)
[2026-07-15 05:34:22]   2026-07-15: 전체 64행 -> 제외 후 17행
[2026-07-15 05:34:22] spend > 0 행: 13개
[2026-07-15 05:34:22] [백필 모드] state 파일 갱신 생략
[2026-07-15 05:34:22] 완료: 13행 -> /home/runner/work/lalasweet-ad-dashboard/lalasweet-ad-dashboard/data/tiktok_raw_2026-07-15_2026-07-15.csv
[2026-07-15 07:04:18] [백필 모드] 수집 범위: 2026-07-15 ~ 2026-07-15
[2026-07-15 07:04:18] 수집 범위: 2026-07-15 ~ 2026-07-15 (1일)
[2026-07-15 07:04:19]   2026-07-15: 전체 68행 -> 제외 후 17행
[2026-07-15 07:04:19] spend > 0 행: 13개
[2026-07-15 07:04:19] [백필 모드] state 파일 갱신 생략
[2026-07-15 07:04:19] 완료: 13행 -> /home/runner/work/lalasweet-ad-dashboard/lalasweet-ad-dashboard/data/tiktok_raw_2026-07-15_2026-07-15.csv
[2026-07-15 08:29:39] [백필 모드] 수집 범위: 2026-07-15 ~ 2026-07-15
[2026-07-15 08:29:39] 수집 범위: 2026-07-15 ~ 2026-07-15 (1일)
[2026-07-15 08:29:40]   2026-07-15: 전체 71행 -> 제외 후 17행
[2026-07-15 08:29:40] spend > 0 행: 13개
[2026-07-15 08:29:40] [백필 모드] state 파일 갱신 생략
[2026-07-15 08:29:40] 완료: 13행 -> /home/runner/work/lalasweet-ad-dashboard/lalasweet-ad-dashboard/data/tiktok_raw_2026-07-15_2026-07-15.csv
[2026-07-15 08:34:24] [백필 모드] 수집 범위: 2026-07-15 ~ 2026-07-15
[2026-07-15 08:34:24] 수집 범위: 2026-07-15 ~ 2026-07-15 (1일)
[2026-07-15 08:34:24]   2026-07-15: 전체 71행 -> 제외 후 17행
[2026-07-15 08:34:24] spend > 0 행: 13개
[2026-07-15 08:34:24] [백필 모드] state 파일 갱신 생략
[2026-07-15 08:34:24] 완료: 13행 -> /home/runner/work/lalasweet-ad-dashboard/lalasweet-ad-dashboard/data/tiktok_raw_2026-07-15_2026-07-15.csv
[2026-07-15 08:43:53] [백필 모드] 수집 범위: 2026-07-15 ~ 2026-07-15
[2026-07-15 08:43:53] 수집 범위: 2026-07-15 ~ 2026-07-15 (1일)
[2026-07-15 08:43:54]   2026-07-15: 전체 82행 -> 제외 후 28행
[2026-07-15 08:43:54] spend > 0 행: 15개
[2026-07-15 08:43:54] [백필 모드] state 파일 갱신 생략
[2026-07-15 08:43:54] 완료: 15행 -> /home/runner/work/lalasweet-ad-dashboard/lalasweet-ad-dashboard/data/tiktok_raw_2026-07-15_2026-07-15.csv
[2026-07-15 09:16:18] [백필 모드] 수집 범위: 2026-07-15 ~ 2026-07-15
[2026-07-15 09:16:18] 수집 범위: 2026-07-15 ~ 2026-07-15 (1일)
[2026-07-15 09:16:19]   2026-07-15: 전체 100행 -> 제외 후 46행
[2026-07-15 09:16:19] spend > 0 행: 42개
[2026-07-15 09:16:19] [백필 모드] state 파일 갱신 생략
[2026-07-15 09:16:19] 완료: 42행 -> /home/runner/work/lalasweet-ad-dashboard/lalasweet-ad-dashboard/data/tiktok_raw_2026-07-15_2026-07-15.csv
[2026-07-15 09:20:08] [백필 모드] 수집 범위: 2026-07-15 ~ 2026-07-15
[2026-07-15 09:20:08] 수집 범위: 2026-07-15 ~ 2026-07-15 (1일)
[2026-07-15 09:20:09]   2026-07-15: 전체 100행 -> 제외 후 46행
[2026-07-15 09:20:09] spend > 0 행: 42개
[2026-07-15 09:20:09] [백필 모드] state 파일 갱신 생략
[2026-07-15 09:20:09] 완료: 42행 -> /home/runner/work/lalasweet-ad-dashboard/lalasweet-ad-dashboard/data/tiktok_raw_2026-07-15_2026-07-15.csv
[2026-07-15 09:28:29] [백필 모드] 수집 범위: 2026-07-15 ~ 2026-07-15
[2026-07-15 09:28:29] 수집 범위: 2026-07-15 ~ 2026-07-15 (1일)
[2026-07-15 09:28:30]   2026-07-15: 전체 103행 -> 제외 후 49행
[2026-07-15 09:28:30] spend > 0 행: 44개
[2026-07-15 09:28:30] [백필 모드] state 파일 갱신 생략
[2026-07-15 09:28:30] 완료: 44행 -> /home/runner/work/lalasweet-ad-dashboard/lalasweet-ad-dashboard/data/tiktok_raw_2026-07-15_2026-07-15.csv
[2026-07-15 09:36:53] [백필 모드] 수집 범위: 2026-07-15 ~ 2026-07-15
[2026-07-15 09:36:53] 수집 범위: 2026-07-15 ~ 2026-07-15 (1일)
[2026-07-15 09:36:54]   2026-07-15: 전체 104행 -> 제외 후 50행
[2026-07-15 09:36:54] spend > 0 행: 44개
[2026-07-15 09:36:54] [백필 모드] state 파일 갱신 생략
[2026-07-15 09:36:54] 완료: 44행 -> /home/runner/work/lalasweet-ad-dashboard/lalasweet-ad-dashboard/data/tiktok_raw_2026-07-15_2026-07-15.csv
[2026-07-15 09:53:14] [백필 모드] 수집 범위: 2026-07-15 ~ 2026-07-15
[2026-07-15 09:53:14] 수집 범위: 2026-07-15 ~ 2026-07-15 (1일)
[2026-07-15 09:53:16]   2026-07-15: 전체 104행 -> 제외 후 50행
[2026-07-15 09:53:16] spend > 0 행: 45개
[2026-07-15 09:53:16] [백필 모드] state 파일 갱신 생략
[2026-07-15 09:53:16] 완료: 45행 -> /home/runner/work/lalasweet-ad-dashboard/lalasweet-ad-dashboard/data/tiktok_raw_2026-07-15_2026-07-15.csv
[2026-07-15 09:58:36] [백필 모드] 수집 범위: 2026-07-15 ~ 2026-07-15
[2026-07-15 09:58:36] 수집 범위: 2026-07-15 ~ 2026-07-15 (1일)
[2026-07-15 09:58:38]   2026-07-15: 전체 104행 -> 제외 후 50행
[2026-07-15 09:58:38] spend > 0 행: 45개
[2026-07-15 09:58:38] [백필 모드] state 파일 갱신 생략
[2026-07-15 09:58:38] 완료: 45행 -> /home/runner/work/lalasweet-ad-dashboard/lalasweet-ad-dashboard/data/tiktok_raw_2026-07-15_2026-07-15.csv
[2026-07-15 10:05:47] [백필 모드] 수집 범위: 2026-07-15 ~ 2026-07-15
[2026-07-15 10:05:47] 수집 범위: 2026-07-15 ~ 2026-07-15 (1일)
[2026-07-15 10:05:48]   2026-07-15: 전체 104행 -> 제외 후 50행
[2026-07-15 10:05:48] spend > 0 행: 45개
[2026-07-15 10:05:48] [백필 모드] state 파일 갱신 생략
[2026-07-15 10:05:48] 완료: 45행 -> /home/runner/work/lalasweet-ad-dashboard/lalasweet-ad-dashboard/data/tiktok_raw_2026-07-15_2026-07-15.csv
[2026-07-15 10:10:38] [백필 모드] 수집 범위: 2026-07-15 ~ 2026-07-15
[2026-07-15 10:10:38] 수집 범위: 2026-07-15 ~ 2026-07-15 (1일)
[2026-07-15 10:10:39]   2026-07-15: 전체 104행 -> 제외 후 50행
[2026-07-15 10:10:39] spend > 0 행: 45개
[2026-07-15 10:10:39] [백필 모드] state 파일 갱신 생략
[2026-07-15 10:10:39] 완료: 45행 -> /home/runner/work/lalasweet-ad-dashboard/lalasweet-ad-dashboard/data/tiktok_raw_2026-07-15_2026-07-15.csv
[2026-07-15 10:13:41] [백필 모드] 수집 범위: 2026-07-15 ~ 2026-07-15
[2026-07-15 10:13:41] 수집 범위: 2026-07-15 ~ 2026-07-15 (1일)
[2026-07-15 10:13:42]   2026-07-15: 전체 104행 -> 제외 후 50행
[2026-07-15 10:13:42] spend > 0 행: 45개
[2026-07-15 10:13:42] [백필 모드] state 파일 갱신 생략
[2026-07-15 10:13:42] 완료: 45행 -> /home/runner/work/lalasweet-ad-dashboard/lalasweet-ad-dashboard/data/tiktok_raw_2026-07-15_2026-07-15.csv
[2026-07-15 11:09:46] [백필 모드] 수집 범위: 2026-07-15 ~ 2026-07-15
[2026-07-15 11:09:46] 수집 범위: 2026-07-15 ~ 2026-07-15 (1일)
[2026-07-15 11:09:48]   2026-07-15: 전체 127행 -> 제외 후 72행
[2026-07-15 11:09:48] spend > 0 행: 45개
[2026-07-15 11:09:48] [백필 모드] state 파일 갱신 생략
[2026-07-15 11:09:48] 완료: 45행 -> /home/runner/work/lalasweet-ad-dashboard/lalasweet-ad-dashboard/data/tiktok_raw_2026-07-15_2026-07-15.csv
[2026-07-15 11:30:20] [백필 모드] 수집 범위: 2026-07-01 ~ 2026-07-15
[2026-07-15 11:30:20] 수집 범위: 2026-07-01 ~ 2026-07-15 (15일)
[2026-07-15 11:30:22]   2026-07-01: 전체 134행 -> 제외 후 44행
[2026-07-15 11:30:23]   2026-07-02: 전체 115행 -> 제외 후 41행
[2026-07-15 11:30:25]   2026-07-03: 전체 138행 -> 제외 후 40행
[2026-07-15 11:30:27]   2026-07-04: 전체 143행 -> 제외 후 47행
[2026-07-15 11:30:28]   2026-07-05: 전체 129행 -> 제외 후 33행
[2026-07-15 11:30:30]   2026-07-06: 전체 106행 -> 제외 후 25행
[2026-07-15 11:30:31]   2026-07-07: 전체 98행 -> 제외 후 24행
[2026-07-15 11:30:31]   2026-07-08: 전체 81행 -> 제외 후 23행
[2026-07-15 11:30:32]   2026-07-09: 전체 96행 -> 제외 후 29행
[2026-07-15 11:30:33]   2026-07-10: 전체 128행 -> 제외 후 36행
[2026-07-15 11:30:35]   2026-07-11: 전체 115행 -> 제외 후 27행
[2026-07-15 11:30:36]   2026-07-12: 전체 89행 -> 제외 후 29행
[2026-07-15 11:30:37]   2026-07-13: 전체 135행 -> 제외 후 42행
[2026-07-15 11:30:39]   2026-07-14: 전체 126행 -> 제외 후 40행
[2026-07-15 11:30:40]   2026-07-15: 전체 128행 -> 제외 후 73행
[2026-07-15 11:30:40] spend > 0 행: 96개
[2026-07-15 11:30:40] [백필 모드] state 파일 갱신 생략
[2026-07-15 11:30:40] 완료: 96행 -> /home/runner/work/lalasweet-ad-dashboard/lalasweet-ad-dashboard/data/tiktok_raw_2026-07-01_2026-07-15.csv
[2026-07-15 12:03:44] [백필 모드] 수집 범위: 2026-07-15 ~ 2026-07-15
[2026-07-15 12:03:44] 수집 범위: 2026-07-15 ~ 2026-07-15 (1일)
[2026-07-15 12:03:45]   2026-07-15: 전체 131행 -> 제외 후 75행
[2026-07-15 12:03:45] spend > 0 행: 45개
[2026-07-15 12:03:45] [백필 모드] state 파일 갱신 생략
[2026-07-15 12:03:45] 완료: 45행 -> /home/runner/work/lalasweet-ad-dashboard/lalasweet-ad-dashboard/data/tiktok_raw_2026-07-15_2026-07-15.csv
[2026-07-15 12:12:29] [백필 모드] 수집 범위: 2026-07-01 ~ 2026-07-15
[2026-07-15 12:12:29] 수집 범위: 2026-07-01 ~ 2026-07-15 (15일)
[2026-07-15 12:12:30]   2026-07-01: 전체 134행 -> 제외 후 44행
[2026-07-15 12:12:32]   2026-07-02: 전체 115행 -> 제외 후 41행
[2026-07-15 12:12:34]   2026-07-03: 전체 138행 -> 제외 후 40행
[2026-07-15 12:12:35]   2026-07-04: 전체 143행 -> 제외 후 47행
[2026-07-15 12:12:38]   2026-07-05: 전체 129행 -> 제외 후 33행
[2026-07-15 12:12:40]   2026-07-06: 전체 106행 -> 제외 후 25행
[2026-07-15 12:12:41]   2026-07-07: 전체 98행 -> 제외 후 24행
[2026-07-15 12:12:42]   2026-07-08: 전체 81행 -> 제외 후 23행
[2026-07-15 12:12:43]   2026-07-09: 전체 96행 -> 제외 후 29행
[2026-07-15 12:12:44]   2026-07-10: 전체 128행 -> 제외 후 36행
[2026-07-15 12:12:46]   2026-07-11: 전체 115행 -> 제외 후 27행
[2026-07-15 12:12:47]   2026-07-12: 전체 89행 -> 제외 후 29행
[2026-07-15 12:12:48]   2026-07-13: 전체 135행 -> 제외 후 42행
[2026-07-15 12:12:50]   2026-07-14: 전체 126행 -> 제외 후 40행
[2026-07-15 12:12:51]   2026-07-15: 전체 131행 -> 제외 후 75행
[2026-07-15 12:12:51] spend > 0 행: 96개
[2026-07-15 12:12:51] [백필 모드] state 파일 갱신 생략
[2026-07-15 12:12:51] 완료: 96행 -> /home/runner/work/lalasweet-ad-dashboard/lalasweet-ad-dashboard/data/tiktok_raw_2026-07-01_2026-07-15.csv
[2026-07-15 12:53:20] [백필 모드] 수집 범위: 2026-07-15 ~ 2026-07-15
[2026-07-15 12:53:20] 수집 범위: 2026-07-15 ~ 2026-07-15 (1일)
[2026-07-15 12:53:22]   2026-07-15: 전체 132행 -> 제외 후 75행
[2026-07-15 12:53:22] spend > 0 행: 45개
[2026-07-15 12:53:22] [백필 모드] state 파일 갱신 생략
[2026-07-15 12:53:22] 완료: 45행 -> /home/runner/work/lalasweet-ad-dashboard/lalasweet-ad-dashboard/data/tiktok_raw_2026-07-15_2026-07-15.csv
[2026-07-15 13:19:23] [백필 모드] 수집 범위: 2026-07-15 ~ 2026-07-15
[2026-07-15 13:19:23] 수집 범위: 2026-07-15 ~ 2026-07-15 (1일)
[2026-07-15 13:19:25]   2026-07-15: 전체 132행 -> 제외 후 75행
[2026-07-15 13:19:25] spend > 0 행: 45개
[2026-07-15 13:19:25] [백필 모드] state 파일 갱신 생략
[2026-07-15 13:19:25] 완료: 45행 -> /home/runner/work/lalasweet-ad-dashboard/lalasweet-ad-dashboard/data/tiktok_raw_2026-07-15_2026-07-15.csv
[2026-07-15 14:13:01] [백필 모드] 수집 범위: 2026-07-15 ~ 2026-07-15
[2026-07-15 14:13:01] 수집 범위: 2026-07-15 ~ 2026-07-15 (1일)
[2026-07-15 14:13:03]   2026-07-15: 전체 132행 -> 제외 후 75행
[2026-07-15 14:13:03] spend > 0 행: 45개
[2026-07-15 14:13:03] [백필 모드] state 파일 갱신 생략
[2026-07-15 14:13:03] 완료: 45행 -> /home/runner/work/lalasweet-ad-dashboard/lalasweet-ad-dashboard/data/tiktok_raw_2026-07-15_2026-07-15.csv
[2026-07-15 16:17:13] [백필 모드] 수집 범위: 2026-07-16 ~ 2026-07-16
[2026-07-15 16:17:13] 수집 범위: 2026-07-16 ~ 2026-07-16 (1일)
[2026-07-15 16:17:15]   2026-07-16: 전체 58행 -> 제외 후 40행
[2026-07-15 16:17:15] spend > 0 행: 11개
[2026-07-15 16:17:15] [백필 모드] state 파일 갱신 생략
[2026-07-15 16:17:15] 완료: 11행 -> /home/runner/work/lalasweet-ad-dashboard/lalasweet-ad-dashboard/data/tiktok_raw_2026-07-16_2026-07-16.csv
[2026-07-15 22:05:00] [백필 모드] 수집 범위: 2026-07-16 ~ 2026-07-16
[2026-07-15 22:05:00] 수집 범위: 2026-07-16 ~ 2026-07-16 (1일)
[2026-07-15 22:05:01]   2026-07-16: 전체 69행 -> 제외 후 42행
[2026-07-15 22:05:01] spend > 0 행: 11개
[2026-07-15 22:05:01] [백필 모드] state 파일 갱신 생략
[2026-07-15 22:05:01] 완료: 11행 -> /home/runner/work/lalasweet-ad-dashboard/lalasweet-ad-dashboard/data/tiktok_raw_2026-07-16_2026-07-16.csv
[2026-07-15 22:16:39] [백필 모드] 수집 범위: 2026-07-16 ~ 2026-07-16
[2026-07-15 22:16:39] 수집 범위: 2026-07-16 ~ 2026-07-16 (1일)
[2026-07-15 22:16:40]   2026-07-16: 전체 69행 -> 제외 후 42행
[2026-07-15 22:16:40] spend > 0 행: 11개
[2026-07-15 22:16:40] [백필 모드] state 파일 갱신 생략
[2026-07-15 22:16:40] 완료: 11행 -> /home/runner/work/lalasweet-ad-dashboard/lalasweet-ad-dashboard/data/tiktok_raw_2026-07-16_2026-07-16.csv
[2026-07-15 22:45:48] [백필 모드] 수집 범위: 2026-07-15 ~ 2026-07-15
[2026-07-15 22:45:48] 수집 범위: 2026-07-15 ~ 2026-07-15 (1일)
[2026-07-15 22:45:50]   2026-07-15: 전체 134행 -> 제외 후 75행
[2026-07-15 22:45:50] spend > 0 행: 45개
[2026-07-15 22:45:50] [백필 모드] state 파일 갱신 생략
[2026-07-15 22:45:50] 완료: 45행 -> /home/runner/work/lalasweet-ad-dashboard/lalasweet-ad-dashboard/data/tiktok_raw_2026-07-15_2026-07-15.csv
[2026-07-15 22:50:24] [백필 모드] 수집 범위: 2026-07-16 ~ 2026-07-16
[2026-07-15 22:50:24] 수집 범위: 2026-07-16 ~ 2026-07-16 (1일)
[2026-07-15 22:50:25]   2026-07-16: 전체 71행 -> 제외 후 42행
[2026-07-15 22:50:25] spend > 0 행: 11개
[2026-07-15 22:50:25] [백필 모드] state 파일 갱신 생략
[2026-07-15 22:50:25] 완료: 11행 -> /home/runner/work/lalasweet-ad-dashboard/lalasweet-ad-dashboard/data/tiktok_raw_2026-07-16_2026-07-16.csv
[2026-07-15 23:15:32] [백필 모드] 수집 범위: 2026-07-16 ~ 2026-07-16
[2026-07-15 23:15:32] 수집 범위: 2026-07-16 ~ 2026-07-16 (1일)
[2026-07-15 23:15:33]   2026-07-16: 전체 73행 -> 제외 후 43행
[2026-07-15 23:15:33] spend > 0 행: 11개
[2026-07-15 23:15:33] [백필 모드] state 파일 갱신 생략
[2026-07-15 23:15:33] 완료: 11행 -> /home/runner/work/lalasweet-ad-dashboard/lalasweet-ad-dashboard/data/tiktok_raw_2026-07-16_2026-07-16.csv
[2026-07-15 23:55:36] [백필 모드] 수집 범위: 2026-07-16 ~ 2026-07-16
[2026-07-15 23:55:36] 수집 범위: 2026-07-16 ~ 2026-07-16 (1일)
[2026-07-15 23:55:36]   2026-07-16: 전체 77행 -> 제외 후 44행
[2026-07-15 23:55:36] spend > 0 행: 11개
[2026-07-15 23:55:36] [백필 모드] state 파일 갱신 생략
[2026-07-15 23:55:36] 완료: 11행 -> /home/runner/work/lalasweet-ad-dashboard/lalasweet-ad-dashboard/data/tiktok_raw_2026-07-16_2026-07-16.csv
[2026-07-16 00:00:51] [백필 모드] 수집 범위: 2026-07-16 ~ 2026-07-16
[2026-07-16 00:00:51] 수집 범위: 2026-07-16 ~ 2026-07-16 (1일)
[2026-07-16 00:00:52]   2026-07-16: 전체 77행 -> 제외 후 44행
[2026-07-16 00:00:52] spend > 0 행: 11개
[2026-07-16 00:00:52] [백필 모드] state 파일 갱신 생략
[2026-07-16 00:00:52] 완료: 11행 -> /home/runner/work/lalasweet-ad-dashboard/lalasweet-ad-dashboard/data/tiktok_raw_2026-07-16_2026-07-16.csv
[2026-07-16 00:05:28] 수집 범위: 2026-07-14 ~ 2026-07-15 (2일)
[2026-07-16 00:05:30]   2026-07-14: 전체 126행 -> 제외 후 40행
[2026-07-16 00:05:32]   2026-07-15: 전체 134행 -> 제외 후 75행
[2026-07-16 00:05:32] spend > 0 행: 60개
[2026-07-16 00:05:32] 마지막 성공 날짜 갱신: 2026-07-15
[2026-07-16 00:05:32] 완료: 60행 -> /home/runner/work/lalasweet-ad-dashboard/lalasweet-ad-dashboard/data/tiktok_raw_2026-07-14_2026-07-15.csv
[2026-07-16 00:09:25] [백필 모드] 수집 범위: 2026-07-15 ~ 2026-07-15
[2026-07-16 00:09:25] 수집 범위: 2026-07-15 ~ 2026-07-15 (1일)
[2026-07-16 00:09:27]   2026-07-15: 전체 134행 -> 제외 후 75행
[2026-07-16 00:09:27] spend > 0 행: 45개
[2026-07-16 00:09:27] [백필 모드] state 파일 갱신 생략
[2026-07-16 00:09:27] 완료: 45행 -> /home/runner/work/lalasweet-ad-dashboard/lalasweet-ad-dashboard/data/tiktok_raw_2026-07-15_2026-07-15.csv
[2026-07-16 00:13:51] [백필 모드] 수집 범위: 2026-07-16 ~ 2026-07-16
[2026-07-16 00:13:51] 수집 범위: 2026-07-16 ~ 2026-07-16 (1일)
[2026-07-16 00:13:52]   2026-07-16: 전체 77행 -> 제외 후 44행
[2026-07-16 00:13:52] spend > 0 행: 11개
[2026-07-16 00:13:52] [백필 모드] state 파일 갱신 생략
[2026-07-16 00:13:52] 완료: 11행 -> /home/runner/work/lalasweet-ad-dashboard/lalasweet-ad-dashboard/data/tiktok_raw_2026-07-16_2026-07-16.csv
[2026-07-16 00:39:44] [백필 모드] 수집 범위: 2026-07-16 ~ 2026-07-16
[2026-07-16 00:39:44] 수집 범위: 2026-07-16 ~ 2026-07-16 (1일)
[2026-07-16 00:39:56]   2026-07-16: 전체 104행 -> 제외 후 44행
[2026-07-16 00:39:56] spend > 0 행: 11개
[2026-07-16 00:39:56] [백필 모드] state 파일 갱신 생략
[2026-07-16 00:39:56] 완료: 11행 -> /home/runner/work/lalasweet-ad-dashboard/lalasweet-ad-dashboard/data/tiktok_raw_2026-07-16_2026-07-16.csv
[2026-07-16 00:44:33] [백필 모드] 수집 범위: 2026-07-16 ~ 2026-07-16
[2026-07-16 00:44:33] 수집 범위: 2026-07-16 ~ 2026-07-16 (1일)
[2026-07-16 00:44:34]   2026-07-16: 전체 107행 -> 제외 후 44행
[2026-07-16 00:44:34] spend > 0 행: 11개
[2026-07-16 00:44:34] [백필 모드] state 파일 갱신 생략
[2026-07-16 00:44:34] 완료: 11행 -> /home/runner/work/lalasweet-ad-dashboard/lalasweet-ad-dashboard/data/tiktok_raw_2026-07-16_2026-07-16.csv
[2026-07-16 00:57:01] [백필 모드] 수집 범위: 2026-07-16 ~ 2026-07-16
[2026-07-16 00:57:01] 수집 범위: 2026-07-16 ~ 2026-07-16 (1일)
[2026-07-16 00:57:02]   2026-07-16: 전체 108행 -> 제외 후 44행
[2026-07-16 00:57:02] spend > 0 행: 11개
[2026-07-16 00:57:02] [백필 모드] state 파일 갱신 생략
[2026-07-16 00:57:02] 완료: 11행 -> /home/runner/work/lalasweet-ad-dashboard/lalasweet-ad-dashboard/data/tiktok_raw_2026-07-16_2026-07-16.csv
[2026-07-16 01:07:22] [백필 모드] 수집 범위: 2026-07-16 ~ 2026-07-16
[2026-07-16 01:07:22] 수집 범위: 2026-07-16 ~ 2026-07-16 (1일)
[2026-07-16 01:07:24]   2026-07-16: 전체 108행 -> 제외 후 44행
[2026-07-16 01:07:24] spend > 0 행: 11개
[2026-07-16 01:07:24] [백필 모드] state 파일 갱신 생략
[2026-07-16 01:07:24] 완료: 11행 -> /home/runner/work/lalasweet-ad-dashboard/lalasweet-ad-dashboard/data/tiktok_raw_2026-07-16_2026-07-16.csv
[2026-07-16 01:31:42] [백필 모드] 수집 범위: 2026-07-16 ~ 2026-07-16
[2026-07-16 01:31:42] 수집 범위: 2026-07-16 ~ 2026-07-16 (1일)
[2026-07-16 01:31:44]   2026-07-16: 전체 110행 -> 제외 후 44행
[2026-07-16 01:31:44] spend > 0 행: 11개
[2026-07-16 01:31:44] [백필 모드] state 파일 갱신 생략
[2026-07-16 01:31:44] 완료: 11행 -> /home/runner/work/lalasweet-ad-dashboard/lalasweet-ad-dashboard/data/tiktok_raw_2026-07-16_2026-07-16.csv
[2026-07-16 02:00:43] [백필 모드] 수집 범위: 2026-07-16 ~ 2026-07-16
[2026-07-16 02:00:43] 수집 범위: 2026-07-16 ~ 2026-07-16 (1일)
[2026-07-16 02:00:44]   2026-07-16: 전체 110행 -> 제외 후 44행
[2026-07-16 02:00:44] spend > 0 행: 11개
[2026-07-16 02:00:44] [백필 모드] state 파일 갱신 생략
[2026-07-16 02:00:44] 완료: 11행 -> /home/runner/work/lalasweet-ad-dashboard/lalasweet-ad-dashboard/data/tiktok_raw_2026-07-16_2026-07-16.csv
[2026-07-16 02:16:21] [백필 모드] 수집 범위: 2026-07-16 ~ 2026-07-16
[2026-07-16 02:16:21] 수집 범위: 2026-07-16 ~ 2026-07-16 (1일)
[2026-07-16 02:16:24]   2026-07-16: 전체 110행 -> 제외 후 44행
[2026-07-16 02:16:24] spend > 0 행: 11개
[2026-07-16 02:16:24] [백필 모드] state 파일 갱신 생략
[2026-07-16 02:16:24] 완료: 11행 -> /home/runner/work/lalasweet-ad-dashboard/lalasweet-ad-dashboard/data/tiktok_raw_2026-07-16_2026-07-16.csv
[2026-07-16 02:28:09] [백필 모드] 수집 범위: 2026-07-16 ~ 2026-07-16
[2026-07-16 02:28:09] 수집 범위: 2026-07-16 ~ 2026-07-16 (1일)
[2026-07-16 02:28:10]   2026-07-16: 전체 110행 -> 제외 후 44행
[2026-07-16 02:28:10] spend > 0 행: 11개
[2026-07-16 02:28:10] [백필 모드] state 파일 갱신 생략
[2026-07-16 02:28:10] 완료: 11행 -> /home/runner/work/lalasweet-ad-dashboard/lalasweet-ad-dashboard/data/tiktok_raw_2026-07-16_2026-07-16.csv
[2026-07-16 02:41:28] [백필 모드] 수집 범위: 2026-07-16 ~ 2026-07-16
[2026-07-16 02:41:28] 수집 범위: 2026-07-16 ~ 2026-07-16 (1일)
[2026-07-16 02:41:30]   2026-07-16: 전체 110행 -> 제외 후 44행
[2026-07-16 02:41:30] spend > 0 행: 11개
[2026-07-16 02:41:30] [백필 모드] state 파일 갱신 생략
[2026-07-16 02:41:30] 완료: 11행 -> /home/runner/work/lalasweet-ad-dashboard/lalasweet-ad-dashboard/data/tiktok_raw_2026-07-16_2026-07-16.csv
[2026-07-16 03:00:45] [백필 모드] 수집 범위: 2026-07-16 ~ 2026-07-16
[2026-07-16 03:00:45] 수집 범위: 2026-07-16 ~ 2026-07-16 (1일)
[2026-07-16 03:00:47]   2026-07-16: 전체 110행 -> 제외 후 44행
[2026-07-16 03:00:47] spend > 0 행: 11개
[2026-07-16 03:00:47] [백필 모드] state 파일 갱신 생략
[2026-07-16 03:00:47] 완료: 11행 -> /home/runner/work/lalasweet-ad-dashboard/lalasweet-ad-dashboard/data/tiktok_raw_2026-07-16_2026-07-16.csv
[2026-07-16 03:05:22] [백필 모드] 수집 범위: 2026-07-16 ~ 2026-07-16
[2026-07-16 03:05:22] 수집 범위: 2026-07-16 ~ 2026-07-16 (1일)
[2026-07-16 03:05:23]   2026-07-16: 전체 110행 -> 제외 후 44행
[2026-07-16 03:05:23] spend > 0 행: 11개
[2026-07-16 03:05:23] [백필 모드] state 파일 갱신 생략
[2026-07-16 03:05:23] 완료: 11행 -> /home/runner/work/lalasweet-ad-dashboard/lalasweet-ad-dashboard/data/tiktok_raw_2026-07-16_2026-07-16.csv
[2026-07-16 03:17:12] [백필 모드] 수집 범위: 2026-07-16 ~ 2026-07-16
[2026-07-16 03:17:12] 수집 범위: 2026-07-16 ~ 2026-07-16 (1일)
[2026-07-16 03:17:14]   2026-07-16: 전체 110행 -> 제외 후 44행
[2026-07-16 03:17:14] spend > 0 행: 11개
[2026-07-16 03:17:14] [백필 모드] state 파일 갱신 생략
[2026-07-16 03:17:14] 완료: 11행 -> /home/runner/work/lalasweet-ad-dashboard/lalasweet-ad-dashboard/data/tiktok_raw_2026-07-16_2026-07-16.csv
[2026-07-16 03:24:23] [백필 모드] 수집 범위: 2026-07-16 ~ 2026-07-16
[2026-07-16 03:24:23] 수집 범위: 2026-07-16 ~ 2026-07-16 (1일)
[2026-07-16 03:24:25]   2026-07-16: 전체 110행 -> 제외 후 44행
[2026-07-16 03:24:25] spend > 0 행: 11개
[2026-07-16 03:24:25] [백필 모드] state 파일 갱신 생략
[2026-07-16 03:24:25] 완료: 11행 -> /home/runner/work/lalasweet-ad-dashboard/lalasweet-ad-dashboard/data/tiktok_raw_2026-07-16_2026-07-16.csv
[2026-07-16 04:22:57] [백필 모드] 수집 범위: 2026-07-16 ~ 2026-07-16
[2026-07-16 04:22:57] 수집 범위: 2026-07-16 ~ 2026-07-16 (1일)
[2026-07-16 04:22:58]   2026-07-16: 전체 110행 -> 제외 후 44행
[2026-07-16 04:22:58] spend > 0 행: 11개
[2026-07-16 04:22:58] [백필 모드] state 파일 갱신 생략
[2026-07-16 04:22:58] 완료: 11행 -> /home/runner/work/lalasweet-ad-dashboard/lalasweet-ad-dashboard/data/tiktok_raw_2026-07-16_2026-07-16.csv
[2026-07-16 04:34:21] [백필 모드] 수집 범위: 2026-07-16 ~ 2026-07-16
[2026-07-16 04:34:21] 수집 범위: 2026-07-16 ~ 2026-07-16 (1일)
[2026-07-16 04:34:23]   2026-07-16: 전체 110행 -> 제외 후 44행
[2026-07-16 04:34:23] spend > 0 행: 11개
[2026-07-16 04:34:23] [백필 모드] state 파일 갱신 생략
[2026-07-16 04:34:23] 완료: 11행 -> /home/runner/work/lalasweet-ad-dashboard/lalasweet-ad-dashboard/data/tiktok_raw_2026-07-16_2026-07-16.csv
[2026-07-16 05:07:16] [백필 모드] 수집 범위: 2026-07-16 ~ 2026-07-16
[2026-07-16 05:07:16] 수집 범위: 2026-07-16 ~ 2026-07-16 (1일)
[2026-07-16 05:07:18]   2026-07-16: 전체 110행 -> 제외 후 44행
[2026-07-16 05:07:18] spend > 0 행: 11개
[2026-07-16 05:07:18] [백필 모드] state 파일 갱신 생략
[2026-07-16 05:07:18] 완료: 11행 -> /home/runner/work/lalasweet-ad-dashboard/lalasweet-ad-dashboard/data/tiktok_raw_2026-07-16_2026-07-16.csv
[2026-07-16 05:34:48] [백필 모드] 수집 범위: 2026-07-16 ~ 2026-07-16
[2026-07-16 05:34:48] 수집 범위: 2026-07-16 ~ 2026-07-16 (1일)
[2026-07-16 05:34:49]   2026-07-16: 전체 112행 -> 제외 후 44행
[2026-07-16 05:34:49] spend > 0 행: 11개
[2026-07-16 05:34:49] [백필 모드] state 파일 갱신 생략
[2026-07-16 05:34:49] 완료: 11행 -> /home/runner/work/lalasweet-ad-dashboard/lalasweet-ad-dashboard/data/tiktok_raw_2026-07-16_2026-07-16.csv
[2026-07-16 06:19:23] [백필 모드] 수집 범위: 2026-07-16 ~ 2026-07-16
[2026-07-16 06:19:23] 수집 범위: 2026-07-16 ~ 2026-07-16 (1일)
[2026-07-16 06:19:24]   2026-07-16: 전체 116행 -> 제외 후 44행
[2026-07-16 06:19:24] spend > 0 행: 11개
[2026-07-16 06:19:24] [백필 모드] state 파일 갱신 생략
[2026-07-16 06:19:24] 완료: 11행 -> /home/runner/work/lalasweet-ad-dashboard/lalasweet-ad-dashboard/data/tiktok_raw_2026-07-16_2026-07-16.csv
[2026-07-16 06:28:45] [백필 모드] 수집 범위: 2026-07-16 ~ 2026-07-16
[2026-07-16 06:28:45] 수집 범위: 2026-07-16 ~ 2026-07-16 (1일)
[2026-07-16 06:28:47]   2026-07-16: 전체 116행 -> 제외 후 44행
[2026-07-16 06:28:47] spend > 0 행: 11개
[2026-07-16 06:28:47] [백필 모드] state 파일 갱신 생략
[2026-07-16 06:28:47] 완료: 11행 -> /home/runner/work/lalasweet-ad-dashboard/lalasweet-ad-dashboard/data/tiktok_raw_2026-07-16_2026-07-16.csv
[2026-07-16 06:34:32] [백필 모드] 수집 범위: 2026-07-16 ~ 2026-07-16
[2026-07-16 06:34:32] 수집 범위: 2026-07-16 ~ 2026-07-16 (1일)
[2026-07-16 06:34:33]   2026-07-16: 전체 116행 -> 제외 후 44행
[2026-07-16 06:34:33] spend > 0 행: 11개
[2026-07-16 06:34:33] [백필 모드] state 파일 갱신 생략
[2026-07-16 06:34:33] 완료: 11행 -> /home/runner/work/lalasweet-ad-dashboard/lalasweet-ad-dashboard/data/tiktok_raw_2026-07-16_2026-07-16.csv
[2026-07-16 06:49:05] [백필 모드] 수집 범위: 2026-07-16 ~ 2026-07-16
[2026-07-16 06:49:05] 수집 범위: 2026-07-16 ~ 2026-07-16 (1일)
[2026-07-16 06:49:07]   2026-07-16: 전체 116행 -> 제외 후 44행
[2026-07-16 06:49:07] spend > 0 행: 11개
[2026-07-16 06:49:07] [백필 모드] state 파일 갱신 생략
[2026-07-16 06:49:07] 완료: 11행 -> /home/runner/work/lalasweet-ad-dashboard/lalasweet-ad-dashboard/data/tiktok_raw_2026-07-16_2026-07-16.csv
[2026-07-16 07:30:35] [백필 모드] 수집 범위: 2026-07-16 ~ 2026-07-16
[2026-07-16 07:30:35] 수집 범위: 2026-07-16 ~ 2026-07-16 (1일)
[2026-07-16 07:30:36]   2026-07-16: 전체 117행 -> 제외 후 44행
[2026-07-16 07:30:36] spend > 0 행: 11개
[2026-07-16 07:30:36] [백필 모드] state 파일 갱신 생략
[2026-07-16 07:30:36] 완료: 11행 -> /home/runner/work/lalasweet-ad-dashboard/lalasweet-ad-dashboard/data/tiktok_raw_2026-07-16_2026-07-16.csv
[2026-07-16 07:39:24] [백필 모드] 수집 범위: 2026-07-16 ~ 2026-07-16
[2026-07-16 07:39:24] 수집 범위: 2026-07-16 ~ 2026-07-16 (1일)
[2026-07-16 07:39:26]   2026-07-16: 전체 117행 -> 제외 후 44행
[2026-07-16 07:39:26] spend > 0 행: 11개
[2026-07-16 07:39:26] [백필 모드] state 파일 갱신 생략
[2026-07-16 07:39:26] 완료: 11행 -> /home/runner/work/lalasweet-ad-dashboard/lalasweet-ad-dashboard/data/tiktok_raw_2026-07-16_2026-07-16.csv
[2026-07-16 08:32:41] [백필 모드] 수집 범위: 2026-07-16 ~ 2026-07-16
[2026-07-16 08:32:41] 수집 범위: 2026-07-16 ~ 2026-07-16 (1일)
[2026-07-16 08:32:42]   2026-07-16: 전체 119행 -> 제외 후 45행
[2026-07-16 08:32:42] spend > 0 행: 11개
[2026-07-16 08:32:42] [백필 모드] state 파일 갱신 생략
[2026-07-16 08:32:42] 완료: 11행 -> /home/runner/work/lalasweet-ad-dashboard/lalasweet-ad-dashboard/data/tiktok_raw_2026-07-16_2026-07-16.csv
[2026-07-16 08:49:44] [백필 모드] 수집 범위: 2026-07-16 ~ 2026-07-16
[2026-07-16 08:49:44] 수집 범위: 2026-07-16 ~ 2026-07-16 (1일)
[2026-07-16 08:49:46]   2026-07-16: 전체 119행 -> 제외 후 45행
[2026-07-16 08:49:46] spend > 0 행: 11개
[2026-07-16 08:49:46] [백필 모드] state 파일 갱신 생략
[2026-07-16 08:49:46] 완료: 11행 -> /home/runner/work/lalasweet-ad-dashboard/lalasweet-ad-dashboard/data/tiktok_raw_2026-07-16_2026-07-16.csv
[2026-07-16 08:55:50] [백필 모드] 수집 범위: 2026-07-16 ~ 2026-07-16
[2026-07-16 08:55:50] 수집 범위: 2026-07-16 ~ 2026-07-16 (1일)
[2026-07-16 08:55:51]   2026-07-16: 전체 119행 -> 제외 후 45행
[2026-07-16 08:55:51] spend > 0 행: 11개
[2026-07-16 08:55:51] [백필 모드] state 파일 갱신 생략
[2026-07-16 08:55:51] 완료: 11행 -> /home/runner/work/lalasweet-ad-dashboard/lalasweet-ad-dashboard/data/tiktok_raw_2026-07-16_2026-07-16.csv
[2026-07-16 09:35:30] [백필 모드] 수집 범위: 2026-07-16 ~ 2026-07-16
[2026-07-16 09:35:30] 수집 범위: 2026-07-16 ~ 2026-07-16 (1일)
[2026-07-16 09:35:32]   2026-07-16: 전체 122행 -> 제외 후 45행
[2026-07-16 09:35:32] spend > 0 행: 11개
[2026-07-16 09:35:32] [백필 모드] state 파일 갱신 생략
[2026-07-16 09:35:32] 완료: 11행 -> /home/runner/work/lalasweet-ad-dashboard/lalasweet-ad-dashboard/data/tiktok_raw_2026-07-16_2026-07-16.csv
[2026-07-16 10:32:58] [백필 모드] 수집 범위: 2026-07-16 ~ 2026-07-16
[2026-07-16 10:32:58] 수집 범위: 2026-07-16 ~ 2026-07-16 (1일)
[2026-07-16 10:33:10]   2026-07-16: 전체 123행 -> 제외 후 45행
[2026-07-16 10:33:10] spend > 0 행: 11개
[2026-07-16 10:33:10] [백필 모드] state 파일 갱신 생략
[2026-07-16 10:33:10] 완료: 11행 -> /home/runner/work/lalasweet-ad-dashboard/lalasweet-ad-dashboard/data/tiktok_raw_2026-07-16_2026-07-16.csv
[2026-07-16 13:07:33] [백필 모드] 수집 범위: 2026-07-16 ~ 2026-07-16
[2026-07-16 13:07:33] 수집 범위: 2026-07-16 ~ 2026-07-16 (1일)
[2026-07-16 13:07:34]   2026-07-16: 전체 125행 -> 제외 후 45행
[2026-07-16 13:07:34] spend > 0 행: 11개
[2026-07-16 13:07:34] [백필 모드] state 파일 갱신 생략
[2026-07-16 13:07:34] 완료: 11행 -> /home/runner/work/lalasweet-ad-dashboard/lalasweet-ad-dashboard/data/tiktok_raw_2026-07-16_2026-07-16.csv
[2026-07-16 21:30:39] [백필 모드] 수집 범위: 2026-07-16 ~ 2026-07-16
[2026-07-16 21:30:39] 수집 범위: 2026-07-16 ~ 2026-07-16 (1일)
[2026-07-16 21:30:41]   2026-07-16: 전체 147행 -> 제외 후 65행
[2026-07-16 21:30:41] spend > 0 행: 11개
[2026-07-16 21:30:41] [백필 모드] state 파일 갱신 생략
[2026-07-16 21:30:41] 완료: 11행 -> /home/runner/work/lalasweet-ad-dashboard/lalasweet-ad-dashboard/data/tiktok_raw_2026-07-16_2026-07-16.csv
[2026-07-16 21:33:59] [백필 모드] 수집 범위: 2026-07-17 ~ 2026-07-17
[2026-07-16 21:33:59] 수집 범위: 2026-07-17 ~ 2026-07-17 (1일)
[2026-07-16 21:34:00]   2026-07-17: 전체 42행 -> 제외 후 13행
[2026-07-16 21:34:00] spend > 0 행: 0개
[2026-07-16 21:34:00] [백필 모드] state 파일 갱신 생략
[2026-07-16 21:34:00] 완료: 0행 -> /home/runner/work/lalasweet-ad-dashboard/lalasweet-ad-dashboard/data/tiktok_raw_2026-07-17_2026-07-17.csv
[2026-07-17 00:05:34] 수집 범위: 2026-07-16 ~ 2026-07-16 (1일)
[2026-07-17 00:05:35]   2026-07-16: 전체 147행 -> 제외 후 65행
[2026-07-17 00:05:35] spend > 0 행: 11개
[2026-07-17 00:05:35] 마지막 성공 날짜 갱신: 2026-07-16
[2026-07-17 00:05:35] 완료: 11행 -> /home/runner/work/lalasweet-ad-dashboard/lalasweet-ad-dashboard/data/tiktok_raw_2026-07-16_2026-07-16.csv
[2026-07-17 00:17:15] [백필 모드] 수집 범위: 2026-07-17 ~ 2026-07-17
[2026-07-17 00:17:15] 수집 범위: 2026-07-17 ~ 2026-07-17 (1일)
[2026-07-17 00:17:16]   2026-07-17: 전체 51행 -> 제외 후 17행
[2026-07-17 00:17:16] spend > 0 행: 0개
[2026-07-17 00:17:16] [백필 모드] state 파일 갱신 생략
[2026-07-17 00:17:16] 완료: 0행 -> /home/runner/work/lalasweet-ad-dashboard/lalasweet-ad-dashboard/data/tiktok_raw_2026-07-17_2026-07-17.csv
[2026-07-17 02:52:13] [백필 모드] 수집 범위: 2026-07-17 ~ 2026-07-17
[2026-07-17 02:52:13] 수집 범위: 2026-07-17 ~ 2026-07-17 (1일)
[2026-07-17 02:52:13]   2026-07-17: 전체 99행 -> 제외 후 22행
[2026-07-17 02:52:13] spend > 0 행: 0개
[2026-07-17 02:52:13] [백필 모드] state 파일 갱신 생략
[2026-07-17 02:52:13] 완료: 0행 -> /home/runner/work/lalasweet-ad-dashboard/lalasweet-ad-dashboard/data/tiktok_raw_2026-07-17_2026-07-17.csv
[2026-07-17 03:53:27] [백필 모드] 수집 범위: 2026-07-17 ~ 2026-07-17
[2026-07-17 03:53:27] 수집 범위: 2026-07-17 ~ 2026-07-17 (1일)
[2026-07-17 03:53:29]   2026-07-17: 전체 101행 -> 제외 후 24행
[2026-07-17 03:53:29] spend > 0 행: 0개
[2026-07-17 03:53:29] [백필 모드] state 파일 갱신 생략
[2026-07-17 03:53:29] 완료: 0행 -> /home/runner/work/lalasweet-ad-dashboard/lalasweet-ad-dashboard/data/tiktok_raw_2026-07-17_2026-07-17.csv
[2026-07-17 05:01:15] [백필 모드] 수집 범위: 2026-07-17 ~ 2026-07-17
[2026-07-17 05:01:15] 수집 범위: 2026-07-17 ~ 2026-07-17 (1일)
[2026-07-17 05:01:16]   2026-07-17: 전체 103행 -> 제외 후 26행
[2026-07-17 05:01:16] spend > 0 행: 0개
[2026-07-17 05:01:16] [백필 모드] state 파일 갱신 생략
[2026-07-17 05:01:16] 완료: 0행 -> /home/runner/work/lalasweet-ad-dashboard/lalasweet-ad-dashboard/data/tiktok_raw_2026-07-17_2026-07-17.csv
[2026-07-17 06:12:20] [백필 모드] 수집 범위: 2026-07-17 ~ 2026-07-17
[2026-07-17 06:12:20] 수집 범위: 2026-07-17 ~ 2026-07-17 (1일)
[2026-07-17 06:12:21]   2026-07-17: 전체 107행 -> 제외 후 26행
[2026-07-17 06:12:21] spend > 0 행: 0개
[2026-07-17 06:12:21] [백필 모드] state 파일 갱신 생략
[2026-07-17 06:12:21] 완료: 0행 -> /home/runner/work/lalasweet-ad-dashboard/lalasweet-ad-dashboard/data/tiktok_raw_2026-07-17_2026-07-17.csv
[2026-07-17 06:52:28] [백필 모드] 수집 범위: 2026-07-17 ~ 2026-07-17
[2026-07-17 06:52:28] 수집 범위: 2026-07-17 ~ 2026-07-17 (1일)
[2026-07-17 06:52:29]   2026-07-17: 전체 108행 -> 제외 후 27행
[2026-07-17 06:52:29] spend > 0 행: 0개
[2026-07-17 06:52:29] [백필 모드] state 파일 갱신 생략
[2026-07-17 06:52:29] 완료: 0행 -> /home/runner/work/lalasweet-ad-dashboard/lalasweet-ad-dashboard/data/tiktok_raw_2026-07-17_2026-07-17.csv
[2026-07-17 09:34:57] [백필 모드] 수집 범위: 2026-07-16 ~ 2026-07-16
[2026-07-17 09:34:57] 수집 범위: 2026-07-16 ~ 2026-07-16 (1일)
[2026-07-17 09:34:59]   2026-07-16: 전체 147행 -> 제외 후 65행
[2026-07-17 09:34:59] spend > 0 행: 11개
[2026-07-17 09:34:59] [백필 모드] state 파일 갱신 생략
[2026-07-17 09:34:59] 완료: 11행 -> /home/runner/work/lalasweet-ad-dashboard/lalasweet-ad-dashboard/data/tiktok_raw_2026-07-16_2026-07-16.csv
[2026-07-17 09:37:57] [백필 모드] 수집 범위: 2026-07-17 ~ 2026-07-17
[2026-07-17 09:37:57] 수집 범위: 2026-07-17 ~ 2026-07-17 (1일)
[2026-07-17 09:37:59]   2026-07-17: 전체 112행 -> 제외 후 31행
[2026-07-17 09:37:59] spend > 0 행: 0개
[2026-07-17 09:37:59] [백필 모드] state 파일 갱신 생략
[2026-07-17 09:37:59] 완료: 0행 -> /home/runner/work/lalasweet-ad-dashboard/lalasweet-ad-dashboard/data/tiktok_raw_2026-07-17_2026-07-17.csv
[2026-07-17 10:10:33] [백필 모드] 수집 범위: 2026-07-17 ~ 2026-07-17
[2026-07-17 10:10:33] 수집 범위: 2026-07-17 ~ 2026-07-17 (1일)
[2026-07-17 10:10:34]   2026-07-17: 전체 114행 -> 제외 후 31행
[2026-07-17 10:10:34] spend > 0 행: 0개
[2026-07-17 10:10:34] [백필 모드] state 파일 갱신 생략
[2026-07-17 10:10:34] 완료: 0행 -> /home/runner/work/lalasweet-ad-dashboard/lalasweet-ad-dashboard/data/tiktok_raw_2026-07-17_2026-07-17.csv
[2026-07-17 10:59:57] [백필 모드] 수집 범위: 2026-07-17 ~ 2026-07-17
[2026-07-17 10:59:57] 수집 범위: 2026-07-17 ~ 2026-07-17 (1일)
[2026-07-17 10:59:58]   2026-07-17: 전체 147행 -> 제외 후 64행
[2026-07-17 10:59:58] spend > 0 행: 0개
[2026-07-17 10:59:58] [백필 모드] state 파일 갱신 생략
[2026-07-17 10:59:58] 완료: 0행 -> /home/runner/work/lalasweet-ad-dashboard/lalasweet-ad-dashboard/data/tiktok_raw_2026-07-17_2026-07-17.csv
[2026-07-17 14:56:55] [백필 모드] 수집 범위: 2026-07-17 ~ 2026-07-17
[2026-07-17 14:56:55] 수집 범위: 2026-07-17 ~ 2026-07-17 (1일)
[2026-07-17 14:56:57]   2026-07-17: 전체 150행 -> 제외 후 65행
[2026-07-17 14:56:57] spend > 0 행: 0개
[2026-07-17 14:56:57] [백필 모드] state 파일 갱신 생략
[2026-07-17 14:56:57] 완료: 0행 -> /home/runner/work/lalasweet-ad-dashboard/lalasweet-ad-dashboard/data/tiktok_raw_2026-07-17_2026-07-17.csv
[2026-07-17 23:57:52] 받을 새 데이터 없음 (이미 2026-07-16까지 수집 완료) -> 종료
[2026-07-18 01:51:16] [백필 모드] 수집 범위: 2026-07-18 ~ 2026-07-18
[2026-07-18 01:51:16] 수집 범위: 2026-07-18 ~ 2026-07-18 (1일)
[2026-07-18 01:51:17]   2026-07-18: 전체 88행 -> 제외 후 15행
[2026-07-18 01:51:17] spend > 0 행: 0개
[2026-07-18 01:51:17] [백필 모드] state 파일 갱신 생략
[2026-07-18 01:51:17] 완료: 0행 -> /home/runner/work/lalasweet-ad-dashboard/lalasweet-ad-dashboard/data/tiktok_raw_2026-07-18_2026-07-18.csv
[2026-07-18 05:40:29] [백필 모드] 수집 범위: 2026-07-18 ~ 2026-07-18
[2026-07-18 05:40:29] 수집 범위: 2026-07-18 ~ 2026-07-18 (1일)
[2026-07-18 05:40:30]   2026-07-18: 전체 100행 -> 제외 후 18행
[2026-07-18 05:40:30] spend > 0 행: 0개
[2026-07-18 05:40:30] [백필 모드] state 파일 갱신 생략
[2026-07-18 05:40:30] 완료: 0행 -> /home/runner/work/lalasweet-ad-dashboard/lalasweet-ad-dashboard/data/tiktok_raw_2026-07-18_2026-07-18.csv
[2026-07-19 00:00:25] 수집 범위: 2026-07-17 ~ 2026-07-18 (2일)
[2026-07-19 00:00:27]   2026-07-17: 전체 156행 -> 제외 후 71행
[2026-07-19 00:00:29]   2026-07-18: 전체 152행 -> 제외 후 61행
[2026-07-19 00:00:29] spend > 0 행: 0개
[2026-07-19 00:00:29] 마지막 성공 날짜 갱신: 2026-07-18
[2026-07-19 00:00:29] 완료: 0행 -> /home/runner/work/lalasweet-ad-dashboard/lalasweet-ad-dashboard/data/tiktok_raw_2026-07-17_2026-07-18.csv
[2026-07-19 02:33:09] [백필 모드] 수집 범위: 2026-07-18 ~ 2026-07-18
[2026-07-19 02:33:09] 수집 범위: 2026-07-18 ~ 2026-07-18 (1일)
[2026-07-19 02:33:12]   2026-07-18: 전체 152행 -> 제외 후 61행
[2026-07-19 02:33:12] spend > 0 행: 0개
[2026-07-19 02:33:12] [백필 모드] state 파일 갱신 생략
[2026-07-19 02:33:12] 완료: 0행 -> /home/runner/work/lalasweet-ad-dashboard/lalasweet-ad-dashboard/data/tiktok_raw_2026-07-18_2026-07-18.csv
[2026-07-19 02:38:10] [백필 모드] 수집 범위: 2026-07-19 ~ 2026-07-19
[2026-07-19 02:38:10] 수집 범위: 2026-07-19 ~ 2026-07-19 (1일)
[2026-07-19 02:38:11]   2026-07-19: 전체 84행 -> 제외 후 20행
[2026-07-19 02:38:11] spend > 0 행: 0개
[2026-07-19 02:38:11] [백필 모드] state 파일 갱신 생략
[2026-07-19 02:38:11] 완료: 0행 -> /home/runner/work/lalasweet-ad-dashboard/lalasweet-ad-dashboard/data/tiktok_raw_2026-07-19_2026-07-19.csv
[2026-07-19 06:01:29] [백필 모드] 수집 범위: 2026-07-19 ~ 2026-07-19
[2026-07-19 06:01:29] 수집 범위: 2026-07-19 ~ 2026-07-19 (1일)
[2026-07-19 06:01:30]   2026-07-19: 전체 95행 -> 제외 후 22행
[2026-07-19 06:01:30] spend > 0 행: 0개
[2026-07-19 06:01:30] [백필 모드] state 파일 갱신 생략
[2026-07-19 06:01:30] 완료: 0행 -> /home/runner/work/lalasweet-ad-dashboard/lalasweet-ad-dashboard/data/tiktok_raw_2026-07-19_2026-07-19.csv
[2026-07-19 10:01:22] [백필 모드] 수집 범위: 2026-07-19 ~ 2026-07-19
[2026-07-19 10:01:22] 수집 범위: 2026-07-19 ~ 2026-07-19 (1일)
[2026-07-19 10:01:24]   2026-07-19: 전체 101행 -> 제외 후 24행
[2026-07-19 10:01:24] spend > 0 행: 0개
[2026-07-19 10:01:24] [백필 모드] state 파일 갱신 생략
[2026-07-19 10:01:24] 완료: 0행 -> /home/runner/work/lalasweet-ad-dashboard/lalasweet-ad-dashboard/data/tiktok_raw_2026-07-19_2026-07-19.csv
[2026-07-19 12:26:14] [백필 모드] 수집 범위: 2026-07-19 ~ 2026-07-19
[2026-07-19 12:26:14] 수집 범위: 2026-07-19 ~ 2026-07-19 (1일)
[2026-07-19 12:26:17]   2026-07-19: 전체 142행 -> 제외 후 62행
[2026-07-19 12:26:17] spend > 0 행: 0개
[2026-07-19 12:26:17] [백필 모드] state 파일 갱신 생략
[2026-07-19 12:26:17] 완료: 0행 -> /home/runner/work/lalasweet-ad-dashboard/lalasweet-ad-dashboard/data/tiktok_raw_2026-07-19_2026-07-19.csv
[2026-07-19 19:05:53] [백필 모드] 수집 범위: 2026-07-20 ~ 2026-07-20
[2026-07-19 19:05:53] 수집 범위: 2026-07-20 ~ 2026-07-20 (1일)
[2026-07-19 19:05:54]   2026-07-20: 전체 39행 -> 제외 후 11행
[2026-07-19 19:05:54] spend > 0 행: 0개
[2026-07-19 19:05:54] [백필 모드] state 파일 갱신 생략
[2026-07-19 19:05:54] 완료: 0행 -> /home/runner/work/lalasweet-ad-dashboard/lalasweet-ad-dashboard/data/tiktok_raw_2026-07-20_2026-07-20.csv
[2026-07-19 23:30:32] [백필 모드] 수집 범위: 2026-07-20 ~ 2026-07-20
[2026-07-19 23:30:32] 수집 범위: 2026-07-20 ~ 2026-07-20 (1일)
[2026-07-19 23:30:33]   2026-07-20: 전체 46행 -> 제외 후 14행
[2026-07-19 23:30:33] spend > 0 행: 0개
[2026-07-19 23:30:33] [백필 모드] state 파일 갱신 생략
[2026-07-19 23:30:33] 완료: 0행 -> /home/runner/work/lalasweet-ad-dashboard/lalasweet-ad-dashboard/data/tiktok_raw_2026-07-20_2026-07-20.csv
[2026-07-19 23:58:53] [백필 모드] 수집 범위: 2026-07-19 ~ 2026-07-19
[2026-07-19 23:58:53] 수집 범위: 2026-07-19 ~ 2026-07-19 (1일)
[2026-07-19 23:58:54]   2026-07-19: 전체 143행 -> 제외 후 62행
[2026-07-19 23:58:54] spend > 0 행: 0개
[2026-07-19 23:58:54] [백필 모드] state 파일 갱신 생략
[2026-07-19 23:58:54] 완료: 0행 -> /home/runner/work/lalasweet-ad-dashboard/lalasweet-ad-dashboard/data/tiktok_raw_2026-07-19_2026-07-19.csv
[2026-07-20 00:02:32] [백필 모드] 수집 범위: 2026-07-20 ~ 2026-07-20
[2026-07-20 00:02:32] 수집 범위: 2026-07-20 ~ 2026-07-20 (1일)
[2026-07-20 00:02:33]   2026-07-20: 전체 46행 -> 제외 후 14행
[2026-07-20 00:02:33] spend > 0 행: 0개
[2026-07-20 00:02:33] [백필 모드] state 파일 갱신 생략
[2026-07-20 00:02:33] 완료: 0행 -> /home/runner/work/lalasweet-ad-dashboard/lalasweet-ad-dashboard/data/tiktok_raw_2026-07-20_2026-07-20.csv
[2026-07-20 00:10:17] [백필 모드] 수집 범위: 2026-07-16 ~ 2026-07-19
[2026-07-20 00:10:17] 수집 범위: 2026-07-16 ~ 2026-07-19 (4일)
[2026-07-20 00:10:18]   2026-07-16: 전체 150행 -> 제외 후 68행
[2026-07-20 00:10:20]   2026-07-17: 전체 156행 -> 제외 후 71행
[2026-07-20 00:10:22]   2026-07-18: 전체 159행 -> 제외 후 68행
[2026-07-20 00:10:23]   2026-07-19: 전체 143행 -> 제외 후 62행
[2026-07-20 00:10:23] spend > 0 행: 11개
[2026-07-20 00:10:23] [백필 모드] state 파일 갱신 생략
[2026-07-20 00:10:23] 완료: 11행 -> /home/runner/work/lalasweet-ad-dashboard/lalasweet-ad-dashboard/data/tiktok_raw_2026-07-16_2026-07-19.csv
[2026-07-20 01:07:29] [백필 모드] 수집 범위: 2026-07-20 ~ 2026-07-20
[2026-07-20 01:07:29] 수집 범위: 2026-07-20 ~ 2026-07-20 (1일)
[2026-07-20 01:07:31]   2026-07-20: 전체 49행 -> 제외 후 15행
[2026-07-20 01:07:31] spend > 0 행: 0개
[2026-07-20 01:07:31] [백필 모드] state 파일 갱신 생략
[2026-07-20 01:07:31] 완료: 0행 -> /home/runner/work/lalasweet-ad-dashboard/lalasweet-ad-dashboard/data/tiktok_raw_2026-07-20_2026-07-20.csv
[2026-07-20 01:59:31] [백필 모드] 수집 범위: 2026-07-20 ~ 2026-07-20
[2026-07-20 01:59:31] 수집 범위: 2026-07-20 ~ 2026-07-20 (1일)
[2026-07-20 01:59:31]   2026-07-20: 전체 49행 -> 제외 후 15행
[2026-07-20 01:59:31] spend > 0 행: 0개
[2026-07-20 01:59:31] [백필 모드] state 파일 갱신 생략
[2026-07-20 01:59:31] 완료: 0행 -> /home/runner/work/lalasweet-ad-dashboard/lalasweet-ad-dashboard/data/tiktok_raw_2026-07-20_2026-07-20.csv
[2026-07-20 02:06:16] [백필 모드] 수집 범위: 2026-07-20 ~ 2026-07-20
[2026-07-20 02:06:16] 수집 범위: 2026-07-20 ~ 2026-07-20 (1일)
[2026-07-20 02:06:17]   2026-07-20: 전체 49행 -> 제외 후 15행
[2026-07-20 02:06:17] spend > 0 행: 0개
[2026-07-20 02:06:17] [백필 모드] state 파일 갱신 생략
[2026-07-20 02:06:17] 완료: 0행 -> /home/runner/work/lalasweet-ad-dashboard/lalasweet-ad-dashboard/data/tiktok_raw_2026-07-20_2026-07-20.csv
[2026-07-20 03:38:06] [백필 모드] 수집 범위: 2026-07-20 ~ 2026-07-20
[2026-07-20 03:38:06] 수집 범위: 2026-07-20 ~ 2026-07-20 (1일)
[2026-07-20 03:38:07]   2026-07-20: 전체 74행 -> 제외 후 22행
[2026-07-20 03:38:07] spend > 0 행: 11개
[2026-07-20 03:38:07] [백필 모드] state 파일 갱신 생략
[2026-07-20 03:38:07] 완료: 11행 -> /home/runner/work/lalasweet-ad-dashboard/lalasweet-ad-dashboard/data/tiktok_raw_2026-07-20_2026-07-20.csv
[2026-07-20 04:29:50] [백필 모드] 수집 범위: 2026-07-20 ~ 2026-07-20
[2026-07-20 04:29:50] 수집 범위: 2026-07-20 ~ 2026-07-20 (1일)
[2026-07-20 04:29:50]   2026-07-20: 전체 74행 -> 제외 후 22행
[2026-07-20 04:29:50] spend > 0 행: 11개
[2026-07-20 04:29:50] [백필 모드] state 파일 갱신 생략
[2026-07-20 04:29:50] 완료: 11행 -> /home/runner/work/lalasweet-ad-dashboard/lalasweet-ad-dashboard/data/tiktok_raw_2026-07-20_2026-07-20.csv
[2026-07-20 04:35:24] [백필 모드] 수집 범위: 2026-07-20 ~ 2026-07-20
[2026-07-20 04:35:24] 수집 범위: 2026-07-20 ~ 2026-07-20 (1일)
[2026-07-20 04:35:24]   2026-07-20: 전체 74행 -> 제외 후 22행
[2026-07-20 04:35:24] spend > 0 행: 11개
[2026-07-20 04:35:24] [백필 모드] state 파일 갱신 생략
[2026-07-20 04:35:24] 완료: 11행 -> /home/runner/work/lalasweet-ad-dashboard/lalasweet-ad-dashboard/data/tiktok_raw_2026-07-20_2026-07-20.csv
[2026-07-20 05:45:53] [백필 모드] 수집 범위: 2026-07-20 ~ 2026-07-20
[2026-07-20 05:45:53] 수집 범위: 2026-07-20 ~ 2026-07-20 (1일)
[2026-07-20 05:45:54]   2026-07-20: 전체 75행 -> 제외 후 23행
[2026-07-20 05:45:54] spend > 0 행: 11개
[2026-07-20 05:45:54] [백필 모드] state 파일 갱신 생략
[2026-07-20 05:45:54] 완료: 11행 -> /home/runner/work/lalasweet-ad-dashboard/lalasweet-ad-dashboard/data/tiktok_raw_2026-07-20_2026-07-20.csv
[2026-07-20 06:26:47] [백필 모드] 수집 범위: 2026-07-20 ~ 2026-07-20
[2026-07-20 06:26:47] 수집 범위: 2026-07-20 ~ 2026-07-20 (1일)
[2026-07-20 06:26:48]   2026-07-20: 전체 76행 -> 제외 후 23행
[2026-07-20 06:26:48] spend > 0 행: 11개
[2026-07-20 06:26:48] [백필 모드] state 파일 갱신 생략
[2026-07-20 06:26:48] 완료: 11행 -> /home/runner/work/lalasweet-ad-dashboard/lalasweet-ad-dashboard/data/tiktok_raw_2026-07-20_2026-07-20.csv
[2026-07-20 07:44:19] [백필 모드] 수집 범위: 2026-07-20 ~ 2026-07-20
[2026-07-20 07:44:19] 수집 범위: 2026-07-20 ~ 2026-07-20 (1일)
[2026-07-20 07:44:20]   2026-07-20: 전체 78행 -> 제외 후 24행
[2026-07-20 07:44:20] spend > 0 행: 12개
[2026-07-20 07:44:20] [백필 모드] state 파일 갱신 생략
[2026-07-20 07:44:20] 완료: 12행 -> /home/runner/work/lalasweet-ad-dashboard/lalasweet-ad-dashboard/data/tiktok_raw_2026-07-20_2026-07-20.csv
[2026-07-20 07:52:30] [백필 모드] 수집 범위: 2026-07-20 ~ 2026-07-20
[2026-07-20 07:52:30] 수집 범위: 2026-07-20 ~ 2026-07-20 (1일)
[2026-07-20 07:52:31]   2026-07-20: 전체 78행 -> 제외 후 24행
[2026-07-20 07:52:31] spend > 0 행: 12개
[2026-07-20 07:52:31] [백필 모드] state 파일 갱신 생략
[2026-07-20 07:52:31] 완료: 12행 -> /home/runner/work/lalasweet-ad-dashboard/lalasweet-ad-dashboard/data/tiktok_raw_2026-07-20_2026-07-20.csv
[2026-07-20 08:34:22] [백필 모드] 수집 범위: 2026-07-20 ~ 2026-07-20
[2026-07-20 08:34:22] 수집 범위: 2026-07-20 ~ 2026-07-20 (1일)
[2026-07-20 08:34:23]   2026-07-20: 전체 80행 -> 제외 후 25행
[2026-07-20 08:34:23] spend > 0 행: 12개
[2026-07-20 08:34:23] [백필 모드] state 파일 갱신 생략
[2026-07-20 08:34:23] 완료: 12행 -> /home/runner/work/lalasweet-ad-dashboard/lalasweet-ad-dashboard/data/tiktok_raw_2026-07-20_2026-07-20.csv
[2026-07-20 08:45:40] [백필 모드] 수집 범위: 2026-07-20 ~ 2026-07-20
[2026-07-20 08:45:40] 수집 범위: 2026-07-20 ~ 2026-07-20 (1일)
[2026-07-20 08:45:41]   2026-07-20: 전체 80행 -> 제외 후 25행
[2026-07-20 08:45:41] spend > 0 행: 12개
[2026-07-20 08:45:41] [백필 모드] state 파일 갱신 생략
[2026-07-20 08:45:41] 완료: 12행 -> /home/runner/work/lalasweet-ad-dashboard/lalasweet-ad-dashboard/data/tiktok_raw_2026-07-20_2026-07-20.csv
[2026-07-20 09:59:54] [백필 모드] 수집 범위: 2026-07-20 ~ 2026-07-20
[2026-07-20 09:59:54] 수집 범위: 2026-07-20 ~ 2026-07-20 (1일)
[2026-07-20 09:59:56]   2026-07-20: 전체 119행 -> 제외 후 64행
[2026-07-20 09:59:56] spend > 0 행: 12개
[2026-07-20 09:59:56] [백필 모드] state 파일 갱신 생략
[2026-07-20 09:59:56] 완료: 12행 -> /home/runner/work/lalasweet-ad-dashboard/lalasweet-ad-dashboard/data/tiktok_raw_2026-07-20_2026-07-20.csv
[2026-07-20 11:36:28] [백필 모드] 수집 범위: 2026-07-20 ~ 2026-07-20
[2026-07-20 11:36:28] 수집 범위: 2026-07-20 ~ 2026-07-20 (1일)
[2026-07-20 11:36:31]   2026-07-20: 전체 120행 -> 제외 후 64행
[2026-07-20 11:36:31] spend > 0 행: 12개
[2026-07-20 11:36:31] [백필 모드] state 파일 갱신 생략
[2026-07-20 11:36:31] 완료: 12행 -> /home/runner/work/lalasweet-ad-dashboard/lalasweet-ad-dashboard/data/tiktok_raw_2026-07-20_2026-07-20.csv
[2026-07-20 12:22:53] [백필 모드] 수집 범위: 2026-07-20 ~ 2026-07-20
[2026-07-20 12:22:53] 수집 범위: 2026-07-20 ~ 2026-07-20 (1일)
[2026-07-20 12:22:55]   2026-07-20: 전체 120행 -> 제외 후 64행
[2026-07-20 12:22:55] spend > 0 행: 12개
[2026-07-20 12:22:55] [백필 모드] state 파일 갱신 생략
[2026-07-20 12:22:55] 완료: 12행 -> /home/runner/work/lalasweet-ad-dashboard/lalasweet-ad-dashboard/data/tiktok_raw_2026-07-20_2026-07-20.csv
[2026-07-20 13:27:07] [백필 모드] 수집 범위: 2026-07-20 ~ 2026-07-20
[2026-07-20 13:27:07] 수집 범위: 2026-07-20 ~ 2026-07-20 (1일)
[2026-07-20 13:27:09]   2026-07-20: 전체 120행 -> 제외 후 64행
[2026-07-20 13:27:09] spend > 0 행: 12개
[2026-07-20 13:27:09] [백필 모드] state 파일 갱신 생략
[2026-07-20 13:27:09] 완료: 12행 -> /home/runner/work/lalasweet-ad-dashboard/lalasweet-ad-dashboard/data/tiktok_raw_2026-07-20_2026-07-20.csv
[2026-07-20 23:58:49] [백필 모드] 수집 범위: 2026-07-20 ~ 2026-07-20
[2026-07-20 23:58:49] 수집 범위: 2026-07-20 ~ 2026-07-20 (1일)
[2026-07-20 23:58:51]   2026-07-20: 전체 120행 -> 제외 후 64행
[2026-07-20 23:58:51] spend > 0 행: 12개
[2026-07-20 23:58:51] [백필 모드] state 파일 갱신 생략
[2026-07-20 23:58:51] 완료: 12행 -> /home/runner/work/lalasweet-ad-dashboard/lalasweet-ad-dashboard/data/tiktok_raw_2026-07-20_2026-07-20.csv
[2026-07-21 00:04:28] 수집 범위: 2026-07-19 ~ 2026-07-20 (2일)
[2026-07-21 00:04:29]   2026-07-19: 전체 150행 -> 제외 후 69행
[2026-07-21 00:04:30]   2026-07-20: 전체 120행 -> 제외 후 64행
[2026-07-21 00:04:30] spend > 0 행: 12개
[2026-07-21 00:04:30] 마지막 성공 날짜 갱신: 2026-07-20
[2026-07-21 00:04:30] 완료: 12행 -> /home/runner/work/lalasweet-ad-dashboard/lalasweet-ad-dashboard/data/tiktok_raw_2026-07-19_2026-07-20.csv
[2026-07-21 00:11:05] [백필 모드] 수집 범위: 2026-07-21 ~ 2026-07-21
[2026-07-21 00:11:05] 수집 범위: 2026-07-21 ~ 2026-07-21 (1일)
[2026-07-21 00:11:06]   2026-07-21: 전체 49행 -> 제외 후 14행
[2026-07-21 00:11:06] spend > 0 행: 11개
[2026-07-21 00:11:06] [백필 모드] state 파일 갱신 생략
[2026-07-21 00:11:06] 완료: 11행 -> /home/runner/work/lalasweet-ad-dashboard/lalasweet-ad-dashboard/data/tiktok_raw_2026-07-21_2026-07-21.csv
[2026-07-21 00:15:03] [백필 모드] 수집 범위: 2026-07-21 ~ 2026-07-21
[2026-07-21 00:15:03] 수집 범위: 2026-07-21 ~ 2026-07-21 (1일)
[2026-07-21 00:15:04]   2026-07-21: 전체 49행 -> 제외 후 14행
[2026-07-21 00:15:04] spend > 0 행: 11개
[2026-07-21 00:15:04] [백필 모드] state 파일 갱신 생략
[2026-07-21 00:15:04] 완료: 11행 -> /home/runner/work/lalasweet-ad-dashboard/lalasweet-ad-dashboard/data/tiktok_raw_2026-07-21_2026-07-21.csv
[2026-07-21 00:26:56] [백필 모드] 수집 범위: 2026-07-21 ~ 2026-07-21
[2026-07-21 00:26:56] 수집 범위: 2026-07-21 ~ 2026-07-21 (1일)
[2026-07-21 00:26:57]   2026-07-21: 전체 49행 -> 제외 후 14행
[2026-07-21 00:26:57] spend > 0 행: 11개
[2026-07-21 00:26:57] [백필 모드] state 파일 갱신 생략
[2026-07-21 00:26:57] 완료: 11행 -> /home/runner/work/lalasweet-ad-dashboard/lalasweet-ad-dashboard/data/tiktok_raw_2026-07-21_2026-07-21.csv
[2026-07-21 01:02:38] [백필 모드] 수집 범위: 2026-07-21 ~ 2026-07-21
[2026-07-21 01:02:38] 수집 범위: 2026-07-21 ~ 2026-07-21 (1일)
[2026-07-21 01:02:39]   2026-07-21: 전체 49행 -> 제외 후 14행
[2026-07-21 01:02:39] spend > 0 행: 11개
[2026-07-21 01:02:39] [백필 모드] state 파일 갱신 생략
[2026-07-21 01:02:39] 완료: 11행 -> /home/runner/work/lalasweet-ad-dashboard/lalasweet-ad-dashboard/data/tiktok_raw_2026-07-21_2026-07-21.csv
[2026-07-21 02:03:41] [백필 모드] 수집 범위: 2026-07-21 ~ 2026-07-21
[2026-07-21 02:03:41] 수집 범위: 2026-07-21 ~ 2026-07-21 (1일)
[2026-07-21 02:03:42]   2026-07-21: 전체 52행 -> 제외 후 15행
[2026-07-21 02:03:42] spend > 0 행: 11개
[2026-07-21 02:03:42] [백필 모드] state 파일 갱신 생략
[2026-07-21 02:03:42] 완료: 11행 -> /home/runner/work/lalasweet-ad-dashboard/lalasweet-ad-dashboard/data/tiktok_raw_2026-07-21_2026-07-21.csv
[2026-07-21 03:02:43] [백필 모드] 수집 범위: 2026-07-21 ~ 2026-07-21
[2026-07-21 03:02:43] 수집 범위: 2026-07-21 ~ 2026-07-21 (1일)
[2026-07-21 03:02:44]   2026-07-21: 전체 64행 -> 제외 후 17행
[2026-07-21 03:02:44] spend > 0 행: 11개
[2026-07-21 03:02:44] [백필 모드] state 파일 갱신 생략
[2026-07-21 03:02:44] 완료: 11행 -> /home/runner/work/lalasweet-ad-dashboard/lalasweet-ad-dashboard/data/tiktok_raw_2026-07-21_2026-07-21.csv
[2026-07-21 04:32:25] [백필 모드] 수집 범위: 2026-07-21 ~ 2026-07-21
[2026-07-21 04:32:25] 수집 범위: 2026-07-21 ~ 2026-07-21 (1일)
[2026-07-21 04:32:26]   2026-07-21: 전체 74행 -> 제외 후 18행
[2026-07-21 04:32:26] spend > 0 행: 11개
[2026-07-21 04:32:26] [백필 모드] state 파일 갱신 생략
[2026-07-21 04:32:26] 완료: 11행 -> /home/runner/work/lalasweet-ad-dashboard/lalasweet-ad-dashboard/data/tiktok_raw_2026-07-21_2026-07-21.csv
[2026-07-21 05:31:21] [백필 모드] 수집 범위: 2026-07-21 ~ 2026-07-21
[2026-07-21 05:31:21] 수집 범위: 2026-07-21 ~ 2026-07-21 (1일)
[2026-07-21 05:31:22]   2026-07-21: 전체 74행 -> 제외 후 18행
[2026-07-21 05:31:22] spend > 0 행: 11개
[2026-07-21 05:31:22] [백필 모드] state 파일 갱신 생략
[2026-07-21 05:31:22] 완료: 11행 -> /home/runner/work/lalasweet-ad-dashboard/lalasweet-ad-dashboard/data/tiktok_raw_2026-07-21_2026-07-21.csv
[2026-07-21 05:47:30] [백필 모드] 수집 범위: 2026-07-20 ~ 2026-07-20
[2026-07-21 05:47:30] 수집 범위: 2026-07-20 ~ 2026-07-20 (1일)
[2026-07-21 05:47:32]   2026-07-20: 전체 120행 -> 제외 후 64행
[2026-07-21 05:47:32] spend > 0 행: 12개
[2026-07-21 05:47:32] [백필 모드] state 파일 갱신 생략
[2026-07-21 05:47:32] 완료: 12행 -> /home/runner/work/lalasweet-ad-dashboard/lalasweet-ad-dashboard/data/tiktok_raw_2026-07-20_2026-07-20.csv
[2026-07-21 05:53:22] [백필 모드] 수집 범위: 2026-07-21 ~ 2026-07-21
[2026-07-21 05:53:22] 수집 범위: 2026-07-21 ~ 2026-07-21 (1일)
[2026-07-21 05:53:22]   2026-07-21: 전체 75행 -> 제외 후 18행
[2026-07-21 05:53:22] spend > 0 행: 11개
[2026-07-21 05:53:22] [백필 모드] state 파일 갱신 생략
[2026-07-21 05:53:22] 완료: 11행 -> /home/runner/work/lalasweet-ad-dashboard/lalasweet-ad-dashboard/data/tiktok_raw_2026-07-21_2026-07-21.csv
[2026-07-21 06:09:31] [백필 모드] 수집 범위: 2026-07-21 ~ 2026-07-21
[2026-07-21 06:09:31] 수집 범위: 2026-07-21 ~ 2026-07-21 (1일)
[2026-07-21 06:09:32]   2026-07-21: 전체 76행 -> 제외 후 18행
[2026-07-21 06:09:32] spend > 0 행: 11개
[2026-07-21 06:09:32] [백필 모드] state 파일 갱신 생략
[2026-07-21 06:09:32] 완료: 11행 -> /home/runner/work/lalasweet-ad-dashboard/lalasweet-ad-dashboard/data/tiktok_raw_2026-07-21_2026-07-21.csv
[2026-07-21 06:38:40] [백필 모드] 수집 범위: 2026-07-21 ~ 2026-07-21
[2026-07-21 06:38:40] 수집 범위: 2026-07-21 ~ 2026-07-21 (1일)
[2026-07-21 06:38:40]   2026-07-21: 전체 77행 -> 제외 후 18행
[2026-07-21 06:38:40] spend > 0 행: 11개
[2026-07-21 06:38:40] [백필 모드] state 파일 갱신 생략
[2026-07-21 06:38:40] 완료: 11행 -> /home/runner/work/lalasweet-ad-dashboard/lalasweet-ad-dashboard/data/tiktok_raw_2026-07-21_2026-07-21.csv
[2026-07-21 06:51:32] [백필 모드] 수집 범위: 2026-07-21 ~ 2026-07-21
[2026-07-21 06:51:32] 수집 범위: 2026-07-21 ~ 2026-07-21 (1일)
[2026-07-21 06:51:33]   2026-07-21: 전체 78행 -> 제외 후 19행
[2026-07-21 06:51:33] spend > 0 행: 11개
[2026-07-21 06:51:33] [백필 모드] state 파일 갱신 생략
[2026-07-21 06:51:33] 완료: 11행 -> /home/runner/work/lalasweet-ad-dashboard/lalasweet-ad-dashboard/data/tiktok_raw_2026-07-21_2026-07-21.csv
[2026-07-21 07:19:18] [백필 모드] 수집 범위: 2026-07-21 ~ 2026-07-21
[2026-07-21 07:19:18] 수집 범위: 2026-07-21 ~ 2026-07-21 (1일)
[2026-07-21 07:19:19]   2026-07-21: 전체 80행 -> 제외 후 19행
[2026-07-21 07:19:19] spend > 0 행: 11개
[2026-07-21 07:19:19] [백필 모드] state 파일 갱신 생략
[2026-07-21 07:19:19] 완료: 11행 -> /home/runner/work/lalasweet-ad-dashboard/lalasweet-ad-dashboard/data/tiktok_raw_2026-07-21_2026-07-21.csv
[2026-07-21 09:00:33] [백필 모드] 수집 범위: 2026-07-21 ~ 2026-07-21
[2026-07-21 09:00:33] 수집 범위: 2026-07-21 ~ 2026-07-21 (1일)
[2026-07-21 09:00:33]   2026-07-21: 전체 83행 -> 제외 후 20행
[2026-07-21 09:00:33] spend > 0 행: 11개
[2026-07-21 09:00:33] [백필 모드] state 파일 갱신 생략
[2026-07-21 09:00:33] 완료: 11행 -> /home/runner/work/lalasweet-ad-dashboard/lalasweet-ad-dashboard/data/tiktok_raw_2026-07-21_2026-07-21.csv
[2026-07-21 10:08:38] [백필 모드] 수집 범위: 2026-07-21 ~ 2026-07-21
[2026-07-21 10:08:38] 수집 범위: 2026-07-21 ~ 2026-07-21 (1일)
[2026-07-21 10:08:39]   2026-07-21: 전체 126행 -> 제외 후 62행
[2026-07-21 10:08:39] spend > 0 행: 11개
[2026-07-21 10:08:39] [백필 모드] state 파일 갱신 생략
[2026-07-21 10:08:39] 완료: 11행 -> /home/runner/work/lalasweet-ad-dashboard/lalasweet-ad-dashboard/data/tiktok_raw_2026-07-21_2026-07-21.csv
[2026-07-21 14:09:41] [백필 모드] 수집 범위: 2026-07-21 ~ 2026-07-21
[2026-07-21 14:09:41] 수집 범위: 2026-07-21 ~ 2026-07-21 (1일)
[2026-07-21 14:09:43]   2026-07-21: 전체 129행 -> 제외 후 62행
[2026-07-21 14:09:43] spend > 0 행: 11개
[2026-07-21 14:09:43] [백필 모드] state 파일 갱신 생략
[2026-07-21 14:09:43] 완료: 11행 -> /home/runner/work/lalasweet-ad-dashboard/lalasweet-ad-dashboard/data/tiktok_raw_2026-07-21_2026-07-21.csv
[2026-07-21 22:44:42] [백필 모드] 수집 범위: 2026-07-21 ~ 2026-07-21
[2026-07-21 22:44:42] 수집 범위: 2026-07-21 ~ 2026-07-21 (1일)
[2026-07-21 22:44:44]   2026-07-21: 전체 130행 -> 제외 후 62행
[2026-07-21 22:44:44] spend > 0 행: 11개
[2026-07-21 22:44:44] [백필 모드] state 파일 갱신 생략
[2026-07-21 22:44:44] 완료: 11행 -> /home/runner/work/lalasweet-ad-dashboard/lalasweet-ad-dashboard/data/tiktok_raw_2026-07-21_2026-07-21.csv
[2026-07-21 22:47:07] [백필 모드] 수집 범위: 2026-07-22 ~ 2026-07-22
[2026-07-21 22:47:07] 수집 범위: 2026-07-22 ~ 2026-07-22 (1일)
[2026-07-21 22:47:08]   2026-07-22: 전체 43행 -> 제외 후 12행
[2026-07-21 22:47:08] spend > 0 행: 0개
[2026-07-21 22:47:08] [백필 모드] state 파일 갱신 생략
[2026-07-21 22:47:08] 완료: 0행 -> /home/runner/work/lalasweet-ad-dashboard/lalasweet-ad-dashboard/data/tiktok_raw_2026-07-22_2026-07-22.csv
[2026-07-21 23:52:49] [백필 모드] 수집 범위: 2026-07-22 ~ 2026-07-22
[2026-07-21 23:52:49] 수집 범위: 2026-07-22 ~ 2026-07-22 (1일)
[2026-07-21 23:52:50]   2026-07-22: 전체 47행 -> 제외 후 13행
[2026-07-21 23:52:50] spend > 0 행: 0개
[2026-07-21 23:52:50] [백필 모드] state 파일 갱신 생략
[2026-07-21 23:52:50] 완료: 0행 -> /home/runner/work/lalasweet-ad-dashboard/lalasweet-ad-dashboard/data/tiktok_raw_2026-07-22_2026-07-22.csv
[2026-07-21 23:56:12] [백필 모드] 수집 범위: 2026-07-22 ~ 2026-07-22
[2026-07-21 23:56:12] 수집 범위: 2026-07-22 ~ 2026-07-22 (1일)
[2026-07-21 23:56:13]   2026-07-22: 전체 47행 -> 제외 후 13행
[2026-07-21 23:56:13] spend > 0 행: 0개
[2026-07-21 23:56:13] [백필 모드] state 파일 갱신 생략
[2026-07-21 23:56:13] 완료: 0행 -> /home/runner/work/lalasweet-ad-dashboard/lalasweet-ad-dashboard/data/tiktok_raw_2026-07-22_2026-07-22.csv
[2026-07-21 23:59:39] 받을 새 데이터 없음 (이미 2026-07-20까지 수집 완료) -> 종료
[2026-07-22 00:05:42] [백필 모드] 수집 범위: 2026-07-21 ~ 2026-07-21
[2026-07-22 00:05:42] 수집 범위: 2026-07-21 ~ 2026-07-21 (1일)
[2026-07-22 00:05:43]   2026-07-21: 전체 130행 -> 제외 후 62행
[2026-07-22 00:05:43] spend > 0 행: 11개
[2026-07-22 00:05:43] [백필 모드] state 파일 갱신 생략
[2026-07-22 00:05:43] 완료: 11행 -> /home/runner/work/lalasweet-ad-dashboard/lalasweet-ad-dashboard/data/tiktok_raw_2026-07-21_2026-07-21.csv
[2026-07-22 00:08:00] [백필 모드] 수집 범위: 2026-07-22 ~ 2026-07-22
[2026-07-22 00:08:00] 수집 범위: 2026-07-22 ~ 2026-07-22 (1일)
[2026-07-22 00:08:01]   2026-07-22: 전체 48행 -> 제외 후 13행
[2026-07-22 00:08:01] spend > 0 행: 0개
[2026-07-22 00:08:01] [백필 모드] state 파일 갱신 생략
[2026-07-22 00:08:01] 완료: 0행 -> /home/runner/work/lalasweet-ad-dashboard/lalasweet-ad-dashboard/data/tiktok_raw_2026-07-22_2026-07-22.csv
[2026-07-22 00:31:36] [백필 모드] 수집 범위: 2026-07-22 ~ 2026-07-22
[2026-07-22 00:31:36] 수집 범위: 2026-07-22 ~ 2026-07-22 (1일)
[2026-07-22 00:31:37]   2026-07-22: 전체 54행 -> 제외 후 13행
[2026-07-22 00:31:37] spend > 0 행: 0개
[2026-07-22 00:31:37] [백필 모드] state 파일 갱신 생략
[2026-07-22 00:31:37] 완료: 0행 -> /home/runner/work/lalasweet-ad-dashboard/lalasweet-ad-dashboard/data/tiktok_raw_2026-07-22_2026-07-22.csv
[2026-07-22 01:32:41] [백필 모드] 수집 범위: 2026-07-22 ~ 2026-07-22
[2026-07-22 01:32:41] 수집 범위: 2026-07-22 ~ 2026-07-22 (1일)
[2026-07-22 01:32:42]   2026-07-22: 전체 56행 -> 제외 후 14행
[2026-07-22 01:32:42] spend > 0 행: 0개
[2026-07-22 01:32:42] [백필 모드] state 파일 갱신 생략
[2026-07-22 01:32:42] 완료: 0행 -> /home/runner/work/lalasweet-ad-dashboard/lalasweet-ad-dashboard/data/tiktok_raw_2026-07-22_2026-07-22.csv
[2026-07-22 01:48:06] [백필 모드] 수집 범위: 2026-07-22 ~ 2026-07-22
[2026-07-22 01:48:06] 수집 범위: 2026-07-22 ~ 2026-07-22 (1일)
[2026-07-22 01:48:07]   2026-07-22: 전체 56행 -> 제외 후 14행
[2026-07-22 01:48:07] spend > 0 행: 0개
[2026-07-22 01:48:07] [백필 모드] state 파일 갱신 생략
[2026-07-22 01:48:07] 완료: 0행 -> /home/runner/work/lalasweet-ad-dashboard/lalasweet-ad-dashboard/data/tiktok_raw_2026-07-22_2026-07-22.csv
[2026-07-22 02:33:00] [백필 모드] 수집 범위: 2026-07-22 ~ 2026-07-22
[2026-07-22 02:33:00] 수집 범위: 2026-07-22 ~ 2026-07-22 (1일)
[2026-07-22 02:33:00]   2026-07-22: 전체 56행 -> 제외 후 14행
[2026-07-22 02:33:00] spend > 0 행: 0개
[2026-07-22 02:33:00] [백필 모드] state 파일 갱신 생략
[2026-07-22 02:33:00] 완료: 0행 -> /home/runner/work/lalasweet-ad-dashboard/lalasweet-ad-dashboard/data/tiktok_raw_2026-07-22_2026-07-22.csv
[2026-07-22 03:31:38] [백필 모드] 수집 범위: 2026-07-22 ~ 2026-07-22
[2026-07-22 03:31:38] 수집 범위: 2026-07-22 ~ 2026-07-22 (1일)
[2026-07-22 03:31:39]   2026-07-22: 전체 60행 -> 제외 후 14행
[2026-07-22 03:31:39] spend > 0 행: 0개
[2026-07-22 03:31:39] [백필 모드] state 파일 갱신 생략
[2026-07-22 03:31:39] 완료: 0행 -> /home/runner/work/lalasweet-ad-dashboard/lalasweet-ad-dashboard/data/tiktok_raw_2026-07-22_2026-07-22.csv
[2026-07-22 03:40:09] [백필 모드] 수집 범위: 2026-07-22 ~ 2026-07-22
[2026-07-22 03:40:09] 수집 범위: 2026-07-22 ~ 2026-07-22 (1일)
[2026-07-22 03:40:10]   2026-07-22: 전체 60행 -> 제외 후 14행
[2026-07-22 03:40:10] spend > 0 행: 0개
[2026-07-22 03:40:10] [백필 모드] state 파일 갱신 생략
[2026-07-22 03:40:10] 완료: 0행 -> /home/runner/work/lalasweet-ad-dashboard/lalasweet-ad-dashboard/data/tiktok_raw_2026-07-22_2026-07-22.csv
[2026-07-22 04:34:10] [백필 모드] 수집 범위: 2026-07-22 ~ 2026-07-22
[2026-07-22 04:34:10] 수집 범위: 2026-07-22 ~ 2026-07-22 (1일)
[2026-07-22 04:34:10]   2026-07-22: 전체 62행 -> 제외 후 15행
[2026-07-22 04:34:10] spend > 0 행: 0개
[2026-07-22 04:34:10] [백필 모드] state 파일 갱신 생략
[2026-07-22 04:34:10] 완료: 0행 -> /home/runner/work/lalasweet-ad-dashboard/lalasweet-ad-dashboard/data/tiktok_raw_2026-07-22_2026-07-22.csv
[2026-07-22 04:52:12] [백필 모드] 수집 범위: 2026-07-22 ~ 2026-07-22
[2026-07-22 04:52:12] 수집 범위: 2026-07-22 ~ 2026-07-22 (1일)
[2026-07-22 04:52:13]   2026-07-22: 전체 62행 -> 제외 후 15행
[2026-07-22 04:52:13] spend > 0 행: 0개
[2026-07-22 04:52:13] [백필 모드] state 파일 갱신 생략
[2026-07-22 04:52:13] 완료: 0행 -> /home/runner/work/lalasweet-ad-dashboard/lalasweet-ad-dashboard/data/tiktok_raw_2026-07-22_2026-07-22.csv
[2026-07-22 06:07:29] [백필 모드] 수집 범위: 2026-07-22 ~ 2026-07-22
[2026-07-22 06:07:29] 수집 범위: 2026-07-22 ~ 2026-07-22 (1일)
[2026-07-22 06:07:31]   2026-07-22: 전체 64행 -> 제외 후 15행
[2026-07-22 06:07:31] spend > 0 행: 0개
[2026-07-22 06:07:31] [백필 모드] state 파일 갱신 생략
[2026-07-22 06:07:31] 완료: 0행 -> /home/runner/work/lalasweet-ad-dashboard/lalasweet-ad-dashboard/data/tiktok_raw_2026-07-22_2026-07-22.csv
[2026-07-22 07:42:21] [백필 모드] 수집 범위: 2026-07-22 ~ 2026-07-22
[2026-07-22 07:42:21] 수집 범위: 2026-07-22 ~ 2026-07-22 (1일)
[2026-07-22 07:42:22]   2026-07-22: 전체 73행 -> 제외 후 15행
[2026-07-22 07:42:22] spend > 0 행: 0개
[2026-07-22 07:42:22] [백필 모드] state 파일 갱신 생략
[2026-07-22 07:42:22] 완료: 0행 -> /home/runner/work/lalasweet-ad-dashboard/lalasweet-ad-dashboard/data/tiktok_raw_2026-07-22_2026-07-22.csv
[2026-07-22 07:46:09] [백필 모드] 수집 범위: 2026-07-22 ~ 2026-07-22
[2026-07-22 07:46:09] 수집 범위: 2026-07-22 ~ 2026-07-22 (1일)
[2026-07-22 07:46:10]   2026-07-22: 전체 73행 -> 제외 후 15행
[2026-07-22 07:46:10] spend > 0 행: 0개
[2026-07-22 07:46:10] [백필 모드] state 파일 갱신 생략
[2026-07-22 07:46:10] 완료: 0행 -> /home/runner/work/lalasweet-ad-dashboard/lalasweet-ad-dashboard/data/tiktok_raw_2026-07-22_2026-07-22.csv
[2026-07-22 09:22:40] [백필 모드] 수집 범위: 2026-07-22 ~ 2026-07-22
[2026-07-22 09:22:40] 수집 범위: 2026-07-22 ~ 2026-07-22 (1일)
[2026-07-22 09:22:40]   2026-07-22: 전체 78행 -> 제외 후 16행
[2026-07-22 09:22:40] spend > 0 행: 0개
[2026-07-22 09:22:40] [백필 모드] state 파일 갱신 생략
[2026-07-22 09:22:40] 완료: 0행 -> /home/runner/work/lalasweet-ad-dashboard/lalasweet-ad-dashboard/data/tiktok_raw_2026-07-22_2026-07-22.csv
[2026-07-22 11:48:28] [백필 모드] 수집 범위: 2026-07-22 ~ 2026-07-22
[2026-07-22 11:48:28] 수집 범위: 2026-07-22 ~ 2026-07-22 (1일)
[2026-07-22 11:48:30]   2026-07-22: 전체 131행 -> 제외 후 64행
[2026-07-22 11:48:30] spend > 0 행: 0개
[2026-07-22 11:48:30] [백필 모드] state 파일 갱신 생략
[2026-07-22 11:48:30] 완료: 0행 -> /home/runner/work/lalasweet-ad-dashboard/lalasweet-ad-dashboard/data/tiktok_raw_2026-07-22_2026-07-22.csv
[2026-07-22 12:26:41] [백필 모드] 수집 범위: 2026-07-22 ~ 2026-07-22
[2026-07-22 12:26:41] 수집 범위: 2026-07-22 ~ 2026-07-22 (1일)
[2026-07-22 12:26:42]   2026-07-22: 전체 133행 -> 제외 후 64행
[2026-07-22 12:26:42] spend > 0 행: 0개
[2026-07-22 12:26:42] [백필 모드] state 파일 갱신 생략
[2026-07-22 12:26:42] 완료: 0행 -> /home/runner/work/lalasweet-ad-dashboard/lalasweet-ad-dashboard/data/tiktok_raw_2026-07-22_2026-07-22.csv
[2026-07-22 22:34:55] [백필 모드] 수집 범위: 2026-07-23 ~ 2026-07-23
[2026-07-22 22:34:55] 수집 범위: 2026-07-23 ~ 2026-07-23 (1일)
[2026-07-22 22:34:56]   2026-07-23: 전체 37행 -> 제외 후 2행
[2026-07-22 22:34:56] spend > 0 행: 0개
[2026-07-22 22:34:56] [백필 모드] state 파일 갱신 생략
[2026-07-22 22:34:56] 완료: 0행 -> /home/runner/work/lalasweet-ad-dashboard/lalasweet-ad-dashboard/data/tiktok_raw_2026-07-23_2026-07-23.csv
[2026-07-22 23:46:18] [백필 모드] 수집 범위: 2026-07-23 ~ 2026-07-23
[2026-07-22 23:46:18] 수집 범위: 2026-07-23 ~ 2026-07-23 (1일)
[2026-07-22 23:46:20]   2026-07-23: 전체 41행 -> 제외 후 2행
[2026-07-22 23:46:20] spend > 0 행: 0개
[2026-07-22 23:46:20] [백필 모드] state 파일 갱신 생략
[2026-07-22 23:46:20] 완료: 0행 -> /home/runner/work/lalasweet-ad-dashboard/lalasweet-ad-dashboard/data/tiktok_raw_2026-07-23_2026-07-23.csv
[2026-07-23 00:02:49] [백필 모드] 수집 범위: 2026-07-23 ~ 2026-07-23
[2026-07-23 00:02:49] 수집 범위: 2026-07-23 ~ 2026-07-23 (1일)
[2026-07-23 00:02:50]   2026-07-23: 전체 41행 -> 제외 후 2행
[2026-07-23 00:02:50] spend > 0 행: 0개
[2026-07-23 00:02:50] [백필 모드] state 파일 갱신 생략
[2026-07-23 00:02:50] 완료: 0행 -> /home/runner/work/lalasweet-ad-dashboard/lalasweet-ad-dashboard/data/tiktok_raw_2026-07-23_2026-07-23.csv
[2026-07-23 00:09:02] 수집 범위: 2026-07-21 ~ 2026-07-22 (2일)
[2026-07-23 00:09:04]   2026-07-21: 전체 136행 -> 제외 후 68행
[2026-07-23 00:09:05]   2026-07-22: 전체 134행 -> 제외 후 64행
[2026-07-23 00:09:05] spend > 0 행: 11개
[2026-07-23 00:09:05] 마지막 성공 날짜 갱신: 2026-07-22
[2026-07-23 00:09:05] 완료: 11행 -> /home/runner/work/lalasweet-ad-dashboard/lalasweet-ad-dashboard/data/tiktok_raw_2026-07-21_2026-07-22.csv
[2026-07-23 00:37:53] [백필 모드] 수집 범위: 2026-07-22 ~ 2026-07-22
[2026-07-23 00:37:53] 수집 범위: 2026-07-22 ~ 2026-07-22 (1일)
[2026-07-23 00:37:55]   2026-07-22: 전체 134행 -> 제외 후 64행
[2026-07-23 00:37:55] spend > 0 행: 0개
[2026-07-23 00:37:55] [백필 모드] state 파일 갱신 생략
[2026-07-23 00:37:55] 완료: 0행 -> /home/runner/work/lalasweet-ad-dashboard/lalasweet-ad-dashboard/data/tiktok_raw_2026-07-22_2026-07-22.csv
[2026-07-23 00:53:29] [백필 모드] 수집 범위: 2026-07-22 ~ 2026-07-22
[2026-07-23 00:53:29] 수집 범위: 2026-07-22 ~ 2026-07-22 (1일)
[2026-07-23 00:53:30]   2026-07-22: 전체 134행 -> 제외 후 64행
[2026-07-23 00:53:30] spend > 0 행: 0개
[2026-07-23 00:53:30] [백필 모드] state 파일 갱신 생략
[2026-07-23 00:53:30] 완료: 0행 -> /home/runner/work/lalasweet-ad-dashboard/lalasweet-ad-dashboard/data/tiktok_raw_2026-07-22_2026-07-22.csv
[2026-07-23 00:55:57] [백필 모드] 수집 범위: 2026-07-23 ~ 2026-07-23
[2026-07-23 00:55:57] 수집 범위: 2026-07-23 ~ 2026-07-23 (1일)
[2026-07-23 00:55:58]   2026-07-23: 전체 56행 -> 제외 후 2행
[2026-07-23 00:55:58] spend > 0 행: 0개
[2026-07-23 00:55:58] [백필 모드] state 파일 갱신 생략
[2026-07-23 00:55:58] 완료: 0행 -> /home/runner/work/lalasweet-ad-dashboard/lalasweet-ad-dashboard/data/tiktok_raw_2026-07-23_2026-07-23.csv
[2026-07-23 01:30:18] [백필 모드] 수집 범위: 2026-07-23 ~ 2026-07-23
[2026-07-23 01:30:18] 수집 범위: 2026-07-23 ~ 2026-07-23 (1일)
[2026-07-23 01:30:18]   2026-07-23: 전체 59행 -> 제외 후 3행
[2026-07-23 01:30:18] spend > 0 행: 0개
[2026-07-23 01:30:18] [백필 모드] state 파일 갱신 생략
[2026-07-23 01:30:18] 완료: 0행 -> /home/runner/work/lalasweet-ad-dashboard/lalasweet-ad-dashboard/data/tiktok_raw_2026-07-23_2026-07-23.csv
[2026-07-23 02:11:57] [백필 모드] 수집 범위: 2026-07-23 ~ 2026-07-23
[2026-07-23 02:11:57] 수집 범위: 2026-07-23 ~ 2026-07-23 (1일)
[2026-07-23 02:11:59]   2026-07-23: 전체 59행 -> 제외 후 3행
[2026-07-23 02:11:59] spend > 0 행: 0개
[2026-07-23 02:11:59] [백필 모드] state 파일 갱신 생략
[2026-07-23 02:11:59] 완료: 0행 -> /home/runner/work/lalasweet-ad-dashboard/lalasweet-ad-dashboard/data/tiktok_raw_2026-07-23_2026-07-23.csv
[2026-07-23 03:01:47] [백필 모드] 수집 범위: 2026-07-23 ~ 2026-07-23
[2026-07-23 03:01:47] 수집 범위: 2026-07-23 ~ 2026-07-23 (1일)
[2026-07-23 03:01:47]   2026-07-23: 전체 65행 -> 제외 후 3행
[2026-07-23 03:01:47] spend > 0 행: 0개
[2026-07-23 03:01:47] [백필 모드] state 파일 갱신 생략
[2026-07-23 03:01:47] 완료: 0행 -> /home/runner/work/lalasweet-ad-dashboard/lalasweet-ad-dashboard/data/tiktok_raw_2026-07-23_2026-07-23.csv
[2026-07-23 03:27:35] [백필 모드] 수집 범위: 2026-07-22 ~ 2026-07-22
[2026-07-23 03:27:35] 수집 범위: 2026-07-22 ~ 2026-07-22 (1일)
[2026-07-23 03:27:38]   2026-07-22: 전체 134행 -> 제외 후 64행
[2026-07-23 03:27:38] spend > 0 행: 0개
[2026-07-23 03:27:38] [백필 모드] state 파일 갱신 생략
[2026-07-23 03:27:38] 완료: 0행 -> /home/runner/work/lalasweet-ad-dashboard/lalasweet-ad-dashboard/data/tiktok_raw_2026-07-22_2026-07-22.csv
[2026-07-23 04:36:32] [백필 모드] 수집 범위: 2026-07-23 ~ 2026-07-23
[2026-07-23 04:36:32] 수집 범위: 2026-07-23 ~ 2026-07-23 (1일)
[2026-07-23 04:36:33]   2026-07-23: 전체 68행 -> 제외 후 5행
[2026-07-23 04:36:33] spend > 0 행: 0개
[2026-07-23 04:36:33] [백필 모드] state 파일 갱신 생략
[2026-07-23 04:36:33] 완료: 0행 -> /home/runner/work/lalasweet-ad-dashboard/lalasweet-ad-dashboard/data/tiktok_raw_2026-07-23_2026-07-23.csv
[2026-07-23 06:55:37] [백필 모드] 수집 범위: 2026-07-23 ~ 2026-07-23
[2026-07-23 06:55:37] 수집 범위: 2026-07-23 ~ 2026-07-23 (1일)
[2026-07-23 06:55:38]   2026-07-23: 전체 70행 -> 제외 후 6행
[2026-07-23 06:55:38] spend > 0 행: 0개
[2026-07-23 06:55:38] [백필 모드] state 파일 갱신 생략
[2026-07-23 06:55:38] 완료: 0행 -> /home/runner/work/lalasweet-ad-dashboard/lalasweet-ad-dashboard/data/tiktok_raw_2026-07-23_2026-07-23.csv
[2026-07-23 08:34:09] [백필 모드] 수집 범위: 2026-07-23 ~ 2026-07-23
[2026-07-23 08:34:09] 수집 범위: 2026-07-23 ~ 2026-07-23 (1일)
[2026-07-23 08:34:10]   2026-07-23: 전체 127행 -> 제외 후 58행
[2026-07-23 08:34:10] spend > 0 행: 0개
[2026-07-23 08:34:10] [백필 모드] state 파일 갱신 생략
[2026-07-23 08:34:10] 완료: 0행 -> /home/runner/work/lalasweet-ad-dashboard/lalasweet-ad-dashboard/data/tiktok_raw_2026-07-23_2026-07-23.csv
[2026-07-23 08:41:47] [백필 모드] 수집 범위: 2026-07-23 ~ 2026-07-23
[2026-07-23 08:41:47] 수집 범위: 2026-07-23 ~ 2026-07-23 (1일)
[2026-07-23 08:41:49]   2026-07-23: 전체 127행 -> 제외 후 58행
[2026-07-23 08:41:49] spend > 0 행: 0개
[2026-07-23 08:41:49] [백필 모드] state 파일 갱신 생략
[2026-07-23 08:41:49] 완료: 0행 -> /home/runner/work/lalasweet-ad-dashboard/lalasweet-ad-dashboard/data/tiktok_raw_2026-07-23_2026-07-23.csv
